window,layer,group,phase,device,gpu_us,T,tokens,token_base,CPU,local,mapped,remote,entry_count,host_dispatch_us
28,2,0,0,0,10.239999741315842,1,1,0,0,10,0,0,10,0.34
28,2,0,1,0,30.719999223947525,1,1,0,0,10,0,0,10,0.34
28,2,0,2,0,8.191999979317188,1,1,0,0,10,0,0,10,0.34
28,2,0,3,0,7.168000098317862,1,1,0,0,10,0,0,10,0.34
28,24,0,0,0,8.191999979317188,1,1,0,0,10,0,0,10,0.42
28,24,0,1,0,31.74399957060814,1,1,0,0,10,0,0,10,0.42
28,24,0,2,0,9.216000325977802,1,1,0,0,10,0,0,10,0.42
28,24,0,3,0,4.095999989658594,1,1,0,0,10,0,0,10,0.42
28,40,0,0,1,9.216000325977802,1,1,0,0,10,0,0,10,0.6
28,40,0,1,1,35.840000957250595,1,1,0,0,10,0,0,10,0.6
28,40,0,2,1,9.216000325977802,1,1,0,0,10,0,0,10,0.6
28,40,0,3,1,4.095999989658594,1,1,0,0,10,0,0,10,0.6
29,2,0,0,0,10.239999741315842,3,3,0,0,30,0,0,30,5.41
29,2,0,1,0,67.58400052785873,3,3,0,0,30,0,0,30,5.41
29,2,0,2,0,9.216000325977802,3,3,0,0,30,0,0,30,5.41
29,2,0,3,0,7.168000098317862,3,3,0,0,30,0,0,30,5.41
29,24,0,0,0,8.191999979317188,3,3,0,0,30,0,0,30,1.48
29,24,0,1,0,58.36800113320351,3,3,0,0,30,0,0,30,1.48
29,24,0,2,0,9.216000325977802,3,3,0,0,30,0,0,30,1.48
29,24,0,3,0,4.095999989658594,3,3,0,0,30,0,0,30,1.48
29,40,0,0,1,9.216000325977802,3,3,0,0,30,0,0,30,2.309
29,40,0,1,1,68.60800087451935,3,3,0,0,30,0,0,30,2.309
29,40,0,2,1,9.216000325977802,3,3,0,0,30,0,0,30,2.309
29,40,0,3,1,4.095999989658594,3,3,0,0,30,0,0,30,2.309
30,2,0,0,0,9.216000325977802,3,3,0,0,30,0,0,30,3.6
30,2,0,1,0,68.60800087451935,3,3,0,0,30,0,0,30,3.6
30,2,0,2,0,8.191999979317188,3,3,0,0,30,0,0,30,3.6
30,2,0,3,0,5.119999870657921,3,3,0,0,30,0,0,30,3.6
30,24,0,0,0,10.239999741315842,3,3,0,0,30,0,0,30,1.34
30,24,0,1,0,58.36800113320351,3,3,0,0,30,0,0,30,1.34
30,24,0,2,0,9.216000325977802,3,3,0,0,30,0,0,30,1.34
30,24,0,3,0,4.095999989658594,3,3,0,0,30,0,0,30,1.34
30,40,0,0,1,9.216000325977802,3,3,0,0,30,0,0,30,2.66
30,40,0,1,1,59.39200147986412,3,3,0,0,30,0,0,30,2.66
30,40,0,2,1,9.216000325977802,3,3,0,0,30,0,0,30,2.66
30,40,0,3,1,4.095999989658594,3,3,0,0,30,0,0,30,2.66
31,2,0,0,0,9.216000325977802,3,3,0,0,30,0,0,30,2.36
31,2,0,1,0,61.43999844789505,3,3,0,0,30,0,0,30,2.36
31,2,0,2,0,9.216000325977802,3,3,0,0,30,0,0,30,2.36
31,2,0,3,0,5.119999870657921,3,3,0,0,30,0,0,30,2.36
31,24,0,0,0,9.216000325977802,3,3,0,0,30,0,0,30,2.83
31,24,0,1,0,54.27199974656105,3,3,0,0,30,0,0,30,2.83
31,24,0,2,0,9.216000325977802,3,3,0,0,30,0,0,30,2.83
31,24,0,3,0,4.095999989658594,3,3,0,0,30,0,0,30,2.83
31,40,0,0,1,9.216000325977802,3,3,0,0,30,0,0,30,1.86
31,40,0,1,1,57.34400078654289,3,3,0,0,30,0,0,30,1.86
31,40,0,2,1,9.216000325977802,3,3,0,0,30,0,0,30,1.86
31,40,0,3,1,4.095999989658594,3,3,0,0,30,0,0,30,1.86
32,2,0,0,0,14.336000196635723,4,4,0,0,40,0,0,40,2.21
32,2,0,1,0,77.82399654388428,4,4,0,0,40,0,0,40,2.21
32,2,0,2,0,9.216000325977802,4,4,0,0,40,0,0,40,2.21
32,2,0,3,0,5.119999870657921,4,4,0,0,40,0,0,40,2.21
32,24,0,0,0,8.191999979317188,4,4,0,0,40,0,0,40,3.3
32,24,0,1,0,63.48799914121628,4,4,0,0,40,0,0,40,3.3
32,24,0,2,0,8.191999979317188,4,4,0,0,40,0,0,40,3.3
32,24,0,3,0,4.095999989658594,4,4,0,0,40,0,0,40,3.3
32,40,0,0,1,9.216000325977802,4,4,0,1,39,0,0,40,73.25
32,40,0,1,1,70.65600156784058,4,4,0,1,39,0,0,40,73.25
32,40,0,2,1,9.216000325977802,4,4,0,1,39,0,0,40,73.25
32,40,0,3,1,4.095999989658594,4,4,0,1,39,0,0,40,73.25
33,2,0,0,0,3535.871982574463,1,1,0,0,10,0,0,10,1.411
33,2,0,1,0,32.76799991726875,1,1,0,0,10,0,0,10,1.411
33,2,0,2,0,9.216000325977802,1,1,0,0,10,0,0,10,1.411
33,2,0,3,0,4.095999989658594,1,1,0,0,10,0,0,10,1.411
33,24,0,0,0,8.191999979317188,1,1,0,0,10,0,0,10,0.35
33,24,0,1,0,31.74399957060814,1,1,0,0,10,0,0,10,0.35
33,24,0,2,0,9.216000325977802,1,1,0,0,10,0,0,10,0.35
33,24,0,3,0,4.095999989658594,1,1,0,0,10,0,0,10,0.35
33,40,0,0,1,8.191999979317188,1,1,0,0,10,0,0,10,0.54
33,40,0,1,1,34.81600061058998,1,1,0,0,10,0,0,10,0.54
33,40,0,2,1,8.191999979317188,1,1,0,0,10,0,0,10,0.54
33,40,0,3,1,4.095999989658594,1,1,0,0,10,0,0,10,0.54
34,2,0,0,0,9.216000325977802,3,3,0,0,30,0,0,30,2.67
34,2,0,1,0,56.32000043988228,3,3,0,0,30,0,0,30,2.67
34,2,0,2,0,9.216000325977802,3,3,0,0,30,0,0,30,2.67
34,2,0,3,0,5.119999870657921,3,3,0,0,30,0,0,30,2.67
34,24,0,0,0,8.191999979317188,3,3,0,0,30,0,0,30,1.34
34,24,0,1,0,53.247999399900436,3,3,0,0,30,0,0,30,1.34
34,24,0,2,0,9.216000325977802,3,3,0,0,30,0,0,30,1.34
34,24,0,3,0,4.095999989658594,3,3,0,0,30,0,0,30,1.34
34,40,0,0,1,9.216000325977802,3,3,0,0,30,0,0,30,1.24
34,40,0,1,1,59.39200147986412,3,3,0,0,30,0,0,30,1.24
34,40,0,2,1,9.216000325977802,3,3,0,0,30,0,0,30,1.24
34,40,0,3,1,4.095999989658594,3,3,0,0,30,0,0,30,1.24
35,2,0,0,0,14.336000196635723,4,4,0,0,40,0,0,40,1.871
35,2,0,1,0,52.22399905323982,4,4,0,0,40,0,0,40,1.871
35,2,0,2,0,8.191999979317188,4,4,0,0,40,0,0,40,1.871
35,2,0,3,0,6.144000217318535,4,4,0,0,40,0,0,40,1.871
35,24,0,0,0,8.191999979317188,4,4,0,1,39,0,0,40,72.66
35,24,0,1,0,66.56000018119812,4,4,0,1,39,0,0,40,72.66
35,24,0,2,0,9.216000325977802,4,4,0,1,39,0,0,40,72.66
35,24,0,3,0,4.095999989658594,4,4,0,1,39,0,0,40,72.66
35,40,0,0,1,9.216000325977802,4,4,0,0,40,0,0,40,3.34
35,40,0,1,1,87.0399996638298,4,4,0,0,40,0,0,40,3.34
35,40,0,2,1,9.216000325977802,4,4,0,0,40,0,0,40,3.34
35,40,0,3,1,4.095999989658594,4,4,0,0,40,0,0,40,3.34
36,2,0,0,0,15.359999611973763,2,2,0,0,20,0,0,20,2.47
36,2,0,1,0,40.95999896526337,2,2,0,0,20,0,0,20,2.47
36,2,0,2,0,9.216000325977802,2,2,0,0,20,0,0,20,2.47
36,2,0,3,0,8.191999979317188,2,2,0,0,20,0,0,20,2.47
36,24,0,0,0,8.191999979317188,2,2,0,0,20,0,0,20,1.26
36,24,0,1,0,38.91199827194214,2,2,0,0,20,0,0,20,1.26
36,24,0,2,0,9.216000325977802,2,2,0,0,20,0,0,20,1.26
36,24,0,3,0,4.095999989658594,2,2,0,0,20,0,0,20,1.26
36,40,0,0,1,9.216000325977802,2,2,0,0,20,0,0,20,0.83
36,40,0,1,1,45.05600035190582,2,2,0,0,20,0,0,20,0.83
36,40,0,2,1,9.216000325977802,2,2,0,0,20,0,0,20,0.83
36,40,0,3,1,4.095999989658594,2,2,0,0,20,0,0,20,0.83
37,2,0,0,0,9.216000325977802,1,1,0,0,10,0,0,10,0.52
37,2,0,1,0,31.74399957060814,1,1,0,0,10,0,0,10,0.52
37,2,0,2,0,8.191999979317188,1,1,0,0,10,0,0,10,0.52
37,2,0,3,0,4.095999989658594,1,1,0,0,10,0,0,10,0.52
37,24,0,0,0,9.216000325977802,1,1,0,0,10,0,0,10,0.289
37,24,0,1,0,31.74399957060814,1,1,0,0,10,0,0,10,0.289
37,24,0,2,0,9.216000325977802,1,1,0,0,10,0,0,10,0.289
37,24,0,3,0,4.095999989658594,1,1,0,0,10,0,0,10,0.289
37,40,0,0,1,9.216000325977802,1,1,0,0,10,0,0,10,0.38
37,40,0,1,1,34.81600061058998,1,1,0,0,10,0,0,10,0.38
37,40,0,2,1,8.191999979317188,1,1,0,0,10,0,0,10,0.38
37,40,0,3,1,5.119999870657921,1,1,0,0,10,0,0,10,0.38
38,2,0,0,0,9.216000325977802,2,2,0,0,20,0,0,20,1.98
38,2,0,1,0,48.128001391887665,2,2,0,0,20,0,0,20,1.98
38,2,0,2,0,9.216000325977802,2,2,0,0,20,0,0,20,1.98
38,2,0,3,0,5.119999870657921,2,2,0,0,20,0,0,20,1.98
38,24,0,0,0,9.216000325977802,2,2,0,0,20,0,0,20,0.98
38,24,0,1,0,45.05600035190582,2,2,0,0,20,0,0,20,0.98
38,24,0,2,0,9.216000325977802,2,2,0,0,20,0,0,20,0.98
38,24,0,3,0,4.095999989658594,2,2,0,0,20,0,0,20,0.98
38,40,0,0,1,15.359999611973763,2,2,0,0,20,0,0,20,1.519
38,40,0,1,1,50.175998359918594,2,2,0,0,20,0,0,20,1.519
38,40,0,2,1,9.216000325977802,2,2,0,0,20,0,0,20,1.519
38,40,0,3,1,5.119999870657921,2,2,0,0,20,0,0,20,1.519
39,2,0,0,0,9.216000325977802,4,4,0,0,40,0,0,40,2.8
39,2,0,1,0,75.77600330114365,4,4,0,0,40,0,0,40,2.8
39,2,0,2,0,9.216000325977802,4,4,0,0,40,0,0,40,2.8
39,2,0,3,0,5.119999870657921,4,4,0,0,40,0,0,40,2.8
39,24,0,0,0,14.336000196635723,4,4,0,0,40,0,0,40,3.81
39,24,0,1,0,62.463998794555664,4,4,0,0,40,0,0,40,3.81
39,24,0,2,0,9.216000325977802,4,4,0,0,40,0,0,40,3.81
39,24,0,3,0,4.095999989658594,4,4,0,0,40,0,0,40,3.81
39,40,0,0,1,15.359999611973763,4,4,0,0,40,0,0,40,3.49
39,40,0,1,1,58.36800113320351,4,4,0,0,40,0,0,40,3.49
39,40,0,2,1,9.216000325977802,4,4,0,0,40,0,0,40,3.49
39,40,0,3,1,5.119999870657921,4,4,0,0,40,0,0,40,3.49
40,2,0,0,0,8.191999979317188,2,2,0,0,20,0,0,20,2.31
40,2,0,1,0,46.08000069856644,2,2,0,0,20,0,0,20,2.31
40,2,0,2,0,9.216000325977802,2,2,0,0,20,0,0,20,2.31
40,2,0,3,0,5.119999870657921,2,2,0,0,20,0,0,20,2.31
40,24,0,0,0,9.216000325977802,2,2,0,0,20,0,0,20,0.92
40,24,0,1,0,44.03200000524521,2,2,0,0,20,0,0,20,0.92
40,24,0,2,0,9.216000325977802,2,2,0,0,20,0,0,20,0.92
40,24,0,3,0,4.095999989658594,2,2,0,0,20,0,0,20,0.92
40,40,0,0,1,9.216000325977802,2,2,0,0,20,0,0,20,0.99
40,40,0,1,1,39.93599861860275,2,2,0,0,20,0,0,20,0.99
40,40,0,2,1,9.216000325977802,2,2,0,0,20,0,0,20,0.99
40,40,0,3,1,5.119999870657921,2,2,0,0,20,0,0,20,0.99
41,2,0,0,0,9.216000325977802,4,4,0,0,40,0,0,40,1.75
41,2,0,1,0,77.82399654388428,4,4,0,0,40,0,0,40,1.75
41,2,0,2,0,9.216000325977802,4,4,0,0,40,0,0,40,1.75
41,2,0,3,0,5.119999870657921,4,4,0,0,40,0,0,40,1.75
41,24,0,0,0,9.216000325977802,4,4,0,0,40,0,0,40,1.85
41,24,0,1,0,68.60800087451935,4,4,0,0,40,0,0,40,1.85
41,24,0,2,0,8.191999979317188,4,4,0,0,40,0,0,40,1.85
41,24,0,3,0,4.095999989658594,4,4,0,0,40,0,0,40,1.85
41,40,0,0,1,9.216000325977802,4,4,0,0,40,0,0,40,1.75
41,40,0,1,1,70.65600156784058,4,4,0,0,40,0,0,40,1.75
41,40,0,2,1,9.216000325977802,4,4,0,0,40,0,0,40,1.75
41,40,0,3,1,4.095999989658594,4,4,0,0,40,0,0,40,1.75
42,2,0,0,0,28.672000393271446,4,4,0,0,40,0,0,40,2.34
42,2,0,1,0,69.63200122117996,4,4,0,0,40,0,0,40,2.34
42,2,0,2,0,9.216000325977802,4,4,0,0,40,0,0,40,2.34
42,2,0,3,0,5.119999870657921,4,4,0,0,40,0,0,40,2.34
42,24,0,0,0,8.191999979317188,4,4,0,0,40,0,0,40,2.66
42,24,0,1,0,76.80000364780426,4,4,0,0,40,0,0,40,2.66
42,24,0,2,0,8.191999979317188,4,4,0,0,40,0,0,40,2.66
42,24,0,3,0,4.095999989658594,4,4,0,0,40,0,0,40,2.66
42,40,0,0,1,8.191999979317188,4,4,0,0,40,0,0,40,1.269
42,40,0,1,1,64.51199948787689,4,4,0,0,40,0,0,40,1.269
42,40,0,2,1,9.216000325977802,4,4,0,0,40,0,0,40,1.269
42,40,0,3,1,3.0720001086592674,4,4,0,0,40,0,0,40,1.269
43,2,0,0,0,9.216000325977802,4,4,0,0,40,0,0,40,2.291
43,2,0,1,0,78.84799689054489,4,4,0,0,40,0,0,40,2.291
43,2,0,2,0,9.216000325977802,4,4,0,0,40,0,0,40,2.291
43,2,0,3,0,6.144000217318535,4,4,0,0,40,0,0,40,2.291
43,24,0,0,0,14.336000196635723,4,4,0,0,40,0,0,40,3.18
43,24,0,1,0,63.48799914121628,4,4,0,0,40,0,0,40,3.18
43,24,0,2,0,9.216000325977802,4,4,0,0,40,0,0,40,3.18
43,24,0,3,0,4.095999989658594,4,4,0,0,40,0,0,40,3.18
43,40,0,0,1,9.216000325977802,4,4,0,0,40,0,0,40,1.88
43,40,0,1,1,74.75200295448303,4,4,0,0,40,0,0,40,1.88
43,40,0,2,1,9.216000325977802,4,4,0,0,40,0,0,40,1.88
43,40,0,3,1,4.095999989658594,4,4,0,0,40,0,0,40,1.88
44,2,0,0,0,11.264000087976456,2,2,0,0,20,0,0,20,1.38
44,2,0,1,0,49.15200173854828,2,2,0,0,20,0,0,20,1.38
44,2,0,2,0,9.216000325977802,2,2,0,0,20,0,0,20,1.38
44,2,0,3,0,5.119999870657921,2,2,0,0,20,0,0,20,1.38
44,24,0,0,0,9.216000325977802,2,2,0,0,20,0,0,20,2.329
44,24,0,1,0,48.128001391887665,2,2,0,0,20,0,0,20,2.329
44,24,0,2,0,8.191999979317188,2,2,0,0,20,0,0,20,2.329
44,24,0,3,0,3.0720001086592674,2,2,0,0,20,0,0,20,2.329
44,40,0,0,1,9.216000325977802,2,2,0,0,20,0,0,20,0.76
44,40,0,1,1,41.98399931192398,2,2,0,0,20,0,0,20,0.76
44,40,0,2,1,9.216000325977802,2,2,0,0,20,0,0,20,0.76
44,40,0,3,1,4.095999989658594,2,2,0,0,20,0,0,20,0.76
45,2,0,0,0,9.216000325977802,4,4,0,1,39,0,0,40,69.159
45,2,0,1,0,88.06400001049042,4,4,0,1,39,0,0,40,69.159
45,2,0,2,0,9.216000325977802,4,4,0,1,39,0,0,40,69.159
45,2,0,3,0,5.119999870657921,4,4,0,1,39,0,0,40,69.159
45,24,0,0,0,9.216000325977802,4,4,0,0,40,0,0,40,1.83
45,24,0,1,0,70.65600156784058,4,4,0,0,40,0,0,40,1.83
45,24,0,2,0,9.216000325977802,4,4,0,0,40,0,0,40,1.83
45,24,0,3,0,4.095999989658594,4,4,0,0,40,0,0,40,1.83
45,40,0,0,1,10.239999741315842,4,4,0,0,40,0,0,40,1.56
45,40,0,1,1,51.19999870657921,4,4,0,0,40,0,0,40,1.56
45,40,0,2,1,9.216000325977802,4,4,0,0,40,0,0,40,1.56
45,40,0,3,1,4.095999989658594,4,4,0,0,40,0,0,40,1.56
46,2,0,0,0,8.191999979317188,3,3,0,0,30,0,0,30,2.94
46,2,0,1,0,68.60800087451935,3,3,0,0,30,0,0,30,2.94
46,2,0,2,0,9.216000325977802,3,3,0,0,30,0,0,30,2.94
46,2,0,3,0,5.119999870657921,3,3,0,0,30,0,0,30,2.94
46,24,0,0,0,9.216000325977802,3,3,0,1,29,0,0,30,51.74
46,24,0,1,0,60.416001826524734,3,3,0,1,29,0,0,30,51.74
46,24,0,2,0,8.191999979317188,3,3,0,1,29,0,0,30,51.74
46,24,0,3,0,4.095999989658594,3,3,0,1,29,0,0,30,51.74
46,40,0,0,1,9.216000325977802,3,3,0,1,29,0,0,30,10086.01
46,40,0,1,1,63.48799914121628,3,3,0,1,29,0,0,30,10086.01
46,40,0,2,1,9.216000325977802,3,3,0,1,29,0,0,30,10086.01
46,40,0,3,1,10000.384330749512,3,3,0,1,29,0,0,30,10086.01
47,2,0,0,0,9.216000325977802,4,4,0,1,39,0,0,40,68.61
47,2,0,1,0,81.91999793052673,4,4,0,1,39,0,0,40,68.61
47,2,0,2,0,9.216000325977802,4,4,0,1,39,0,0,40,68.61
47,2,0,3,0,7.168000098317862,4,4,0,1,39,0,0,40,68.61
47,24,0,0,0,9.216000325977802,4,4,0,3,37,0,0,40,138.25
47,24,0,1,0,79.8719972372055,4,4,0,3,37,0,0,40,138.25
47,24,0,2,0,10.239999741315842,4,4,0,3,37,0,0,40,138.25
47,24,0,3,0,35.840000957250595,4,4,0,3,37,0,0,40,138.25
47,40,0,0,1,15.359999611973763,4,4,0,3,37,0,0,40,182.19
47,40,0,1,1,76.80000364780426,4,4,0,3,37,0,0,40,182.19
47,40,0,2,1,9.216000325977802,4,4,0,3,37,0,0,40,182.19
47,40,0,3,1,77.82399654388428,4,4,0,3,37,0,0,40,182.19
48,2,0,0,0,8.191999979317188,4,4,0,1,39,0,0,40,94.279
48,2,0,1,0,90.11200070381165,4,4,0,1,39,0,0,40,94.279
48,2,0,2,0,9.216000325977802,4,4,0,1,39,0,0,40,94.279
48,2,0,3,0,5.119999870657921,4,4,0,1,39,0,0,40,94.279
48,24,0,0,0,3162.11199760437,4,4,0,3,37,0,0,40,133.07
48,24,0,1,0,78.84799689054489,4,4,0,3,37,0,0,40,133.07
48,24,0,2,0,9.216000325977802,4,4,0,3,37,0,0,40,133.07
48,24,0,3,0,34.81600061058998,4,4,0,3,37,0,0,40,133.07
48,40,0,0,1,8.191999979317188,4,4,0,0,40,0,0,40,2.231
48,40,0,1,1,82.94399827718735,4,4,0,0,40,0,0,40,2.231
48,40,0,2,1,9.216000325977802,4,4,0,0,40,0,0,40,2.231
48,40,0,3,1,4.095999989658594,4,4,0,0,40,0,0,40,2.231
49,2,0,0,0,9.216000325977802,4,4,0,2,38,0,0,40,113.01
49,2,0,1,0,88.06400001049042,4,4,0,2,38,0,0,40,113.01
49,2,0,2,0,9.216000325977802,4,4,0,2,38,0,0,40,113.01
49,2,0,3,0,5.119999870657921,4,4,0,2,38,0,0,40,113.01
49,24,0,0,0,8.191999979317188,4,4,0,0,40,0,0,40,2.571
49,24,0,1,0,81.91999793052673,4,4,0,0,40,0,0,40,2.571
49,24,0,2,0,8.191999979317188,4,4,0,0,40,0,0,40,2.571
49,24,0,3,0,3.0720001086592674,4,4,0,0,40,0,0,40,2.571
49,40,0,0,1,9.216000325977802,4,4,0,0,40,0,0,40,4.74
49,40,0,1,1,92.16000139713287,4,4,0,0,40,0,0,40,4.74
49,40,0,2,1,9.216000325977802,4,4,0,0,40,0,0,40,4.74
49,40,0,3,1,4.095999989658594,4,4,0,0,40,0,0,40,4.74
50,2,0,0,0,9.216000325977802,4,4,0,3,36,1,0,40,127.21
50,2,0,1,0,81.91999793052673,4,4,0,3,36,1,0,40,127.21
50,2,0,2,0,165.8879965543747,4,4,0,3,36,1,0,40,127.21
50,2,0,3,0,6.144000217318535,4,4,0,3,36,1,0,40,127.21
50,24,0,0,0,8.191999979317188,4,4,0,3,37,0,0,40,142.52
50,24,0,1,0,70.65600156784058,4,4,0,3,37,0,0,40,142.52
50,24,0,2,0,9.216000325977802,4,4,0,3,37,0,0,40,142.52
50,24,0,3,0,51.19999870657921,4,4,0,3,37,0,0,40,142.52
50,40,0,0,1,8.191999979317188,4,4,0,1,39,0,0,40,101.52
50,40,0,1,1,78.84799689054489,4,4,0,1,39,0,0,40,101.52
50,40,0,2,1,9.216000325977802,4,4,0,1,39,0,0,40,101.52
50,40,0,3,1,4.095999989658594,4,4,0,1,39,0,0,40,101.52
51,2,0,0,0,9.216000325977802,4,4,0,3,37,0,0,40,161.03
51,2,0,1,0,83.96799862384796,4,4,0,3,37,0,0,40,161.03
51,2,0,2,0,9.216000325977802,4,4,0,3,37,0,0,40,161.03
51,2,0,3,0,56.32000043988228,4,4,0,3,37,0,0,40,161.03
51,24,0,0,0,9.216000325977802,4,4,0,3,37,0,0,40,128.199
51,24,0,1,0,75.77600330114365,4,4,0,3,37,0,0,40,128.199
51,24,0,2,0,10.239999741315842,4,4,0,3,37,0,0,40,128.199
51,24,0,3,0,28.672000393271446,4,4,0,3,37,0,0,40,128.199
51,40,0,0,1,9.216000325977802,4,4,0,1,39,0,0,40,68.34
51,40,0,1,1,81.91999793052673,4,4,0,1,39,0,0,40,68.34
51,40,0,2,1,8.191999979317188,4,4,0,1,39,0,0,40,68.34
51,40,0,3,1,4.095999989658594,4,4,0,1,39,0,0,40,68.34
52,2,0,0,0,9.216000325977802,4,4,0,2,38,0,0,40,102.309
52,2,0,1,0,88.06400001049042,4,4,0,2,38,0,0,40,102.309
52,2,0,2,0,9.216000325977802,4,4,0,2,38,0,0,40,102.309
52,2,0,3,0,5.119999870657921,4,4,0,2,38,0,0,40,102.309
52,24,0,0,0,8.191999979317188,4,4,0,2,38,0,0,40,111.53
52,24,0,1,0,67.58400052785873,4,4,0,2,38,0,0,40,111.53
52,24,0,2,0,9.216000325977802,4,4,0,2,38,0,0,40,111.53
52,24,0,3,0,22.52800017595291,4,4,0,2,38,0,0,40,111.53
52,40,0,0,1,9.216000325977802,4,4,0,2,38,0,0,40,115.57
52,40,0,1,1,74.75200295448303,4,4,0,2,38,0,0,40,115.57
52,40,0,2,1,10.239999741315842,4,4,0,2,38,0,0,40,115.57
52,40,0,3,1,17.40800030529499,4,4,0,2,38,0,0,40,115.57
53,2,0,0,0,994.3040013313293,4,4,0,4,35,1,0,40,193.209
53,2,0,1,0,80.89599758386612,4,4,0,4,35,1,0,40,193.209
53,2,0,2,0,163.83999586105347,4,4,0,4,35,1,0,40,193.209
53,2,0,3,0,6.144000217318535,4,4,0,4,35,1,0,40,193.209
53,24,0,0,0,8.191999979317188,4,4,0,4,35,1,0,40,204.299
53,24,0,1,0,66.56000018119812,4,4,0,4,35,1,0,40,204.299
53,24,0,2,0,164.86400365829468,4,4,0,4,35,1,0,40,204.299
53,24,0,3,0,5.119999870657921,4,4,0,4,35,1,0,40,204.299
53,40,0,0,1,8.191999979317188,4,4,0,1,39,0,0,40,66.829
53,40,0,1,1,77.82399654388428,4,4,0,1,39,0,0,40,66.829
53,40,0,2,1,9.216000325977802,4,4,0,1,39,0,0,40,66.829
53,40,0,3,1,3.0720001086592674,4,4,0,1,39,0,0,40,66.829
54,2,0,0,0,25.599999353289604,4,4,0,4,35,1,0,40,187.229
54,2,0,1,0,82.94399827718735,4,4,0,4,35,1,0,40,187.229
54,2,0,2,0,165.8879965543747,4,4,0,4,35,1,0,40,187.229
54,2,0,3,0,5.119999870657921,4,4,0,4,35,1,0,40,187.229
54,24,0,0,0,8.191999979317188,4,4,0,2,38,0,0,40,103.789
54,24,0,1,0,78.84799689054489,4,4,0,2,38,0,0,40,103.789
54,24,0,2,0,9.216000325977802,4,4,0,2,38,0,0,40,103.789
54,24,0,3,0,4.095999989658594,4,4,0,2,38,0,0,40,103.789
54,40,0,0,1,268.2879865169525,4,4,0,2,38,0,0,40,207.568
54,40,0,1,1,81.91999793052673,4,4,0,2,38,0,0,40,207.568
54,40,0,2,1,10.239999741315842,4,4,0,2,38,0,0,40,207.568
54,40,0,3,1,104.44799810647964,4,4,0,2,38,0,0,40,207.568
55,2,0,0,0,9.216000325977802,4,4,0,2,38,0,0,40,95.689
55,2,0,1,0,86.01599931716919,4,4,0,2,38,0,0,40,95.689
55,2,0,2,0,8.191999979317188,4,4,0,2,38,0,0,40,95.689
55,2,0,3,0,4.095999989658594,4,4,0,2,38,0,0,40,95.689
55,24,0,0,0,8.191999979317188,4,4,0,3,37,0,0,40,176.39
55,24,0,1,0,72.7040022611618,4,4,0,3,37,0,0,40,176.39
55,24,0,2,0,9.216000325977802,4,4,0,3,37,0,0,40,176.39
55,24,0,3,0,82.94399827718735,4,4,0,3,37,0,0,40,176.39
55,40,0,0,1,9.216000325977802,4,4,0,2,38,0,0,40,71.81
55,40,0,1,1,81.91999793052673,4,4,0,2,38,0,0,40,71.81
55,40,0,2,1,9.216000325977802,4,4,0,2,38,0,0,40,71.81
55,40,0,3,1,4.095999989658594,4,4,0,2,38,0,0,40,71.81
56,2,0,0,0,8.191999979317188,4,4,0,2,38,0,0,40,111.31
56,2,0,1,0,74.75200295448303,4,4,0,2,38,0,0,40,111.31
56,2,0,2,0,9.216000325977802,4,4,0,2,38,0,0,40,111.31
56,2,0,3,0,16.383999958634377,4,4,0,2,38,0,0,40,111.31
56,24,0,0,0,8.191999979317188,4,4,0,2,38,0,0,40,122.949
56,24,0,1,0,77.82399654388428,4,4,0,2,38,0,0,40,122.949
56,24,0,2,0,9.216000325977802,4,4,0,2,38,0,0,40,122.949
56,24,0,3,0,23.552000522613525,4,4,0,2,38,0,0,40,122.949
56,40,0,0,1,9.216000325977802,4,4,0,3,37,0,0,40,181.059
56,40,0,1,1,72.7040022611618,4,4,0,3,37,0,0,40,181.059
56,40,0,2,1,9.216000325977802,4,4,0,3,37,0,0,40,181.059
56,40,0,3,1,87.0399996638298,4,4,0,3,37,0,0,40,181.059
57,2,0,0,0,10.239999741315842,4,4,0,1,39,0,0,40,278.029
57,2,0,1,0,80.89599758386612,4,4,0,1,39,0,0,40,278.029
57,2,0,2,0,9.216000325977802,4,4,0,1,39,0,0,40,278.029
57,2,0,3,0,176.12800002098083,4,4,0,1,39,0,0,40,278.029
57,24,0,0,0,15.359999611973763,4,4,0,0,40,0,0,40,2.25
57,24,0,1,0,75.77600330114365,4,4,0,0,40,0,0,40,2.25
57,24,0,2,0,8.191999979317188,4,4,0,0,40,0,0,40,2.25
57,24,0,3,0,3.0720001086592674,4,4,0,0,40,0,0,40,2.25
57,40,0,0,1,9.216000325977802,4,4,0,0,40,0,0,40,1.86
57,40,0,1,1,69.63200122117996,4,4,0,0,40,0,0,40,1.86
57,40,0,2,1,9.216000325977802,4,4,0,0,40,0,0,40,1.86
57,40,0,3,1,4.095999989658594,4,4,0,0,40,0,0,40,1.86
58,2,0,0,0,9.216000325977802,1,1,0,1,9,0,0,10,123.64
58,2,0,1,0,29.69600073993206,1,1,0,1,9,0,0,10,123.64
58,2,0,2,0,8.191999979317188,1,1,0,1,9,0,0,10,123.64
58,2,0,3,0,70.65600156784058,1,1,0,1,9,0,0,10,123.64
58,24,0,0,0,2544.640064239502,1,1,0,0,10,0,0,10,0.911
58,24,0,1,0,31.74399957060814,1,1,0,0,10,0,0,10,0.911
58,24,0,2,0,9.216000325977802,1,1,0,0,10,0,0,10,0.911
58,24,0,3,0,4.095999989658594,1,1,0,0,10,0,0,10,0.911
58,40,0,0,1,9.216000325977802,1,1,0,0,10,0,0,10,1.83
58,40,0,1,1,34.81600061058998,1,1,0,0,10,0,0,10,1.83
58,40,0,2,1,9.216000325977802,1,1,0,0,10,0,0,10,1.83
58,40,0,3,1,4.095999989658594,1,1,0,0,10,0,0,10,1.83
59,2,0,0,0,9.216000325977802,2,2,0,0,20,0,0,20,1.54
59,2,0,1,0,48.128001391887665,2,2,0,0,20,0,0,20,1.54
59,2,0,2,0,9.216000325977802,2,2,0,0,20,0,0,20,1.54
59,2,0,3,0,6.144000217318535,2,2,0,0,20,0,0,20,1.54
59,24,0,0,0,9.216000325977802,2,2,0,0,20,0,0,20,0.991
59,24,0,1,0,44.03200000524521,2,2,0,0,20,0,0,20,0.991
59,24,0,2,0,8.191999979317188,2,2,0,0,20,0,0,20,0.991
59,24,0,3,0,4.095999989658594,2,2,0,0,20,0,0,20,0.991
59,40,0,0,1,9.216000325977802,2,2,0,0,20,0,0,20,1.93
59,40,0,1,1,44.03200000524521,2,2,0,0,20,0,0,20,1.93
59,40,0,2,1,9.216000325977802,2,2,0,0,20,0,0,20,1.93
59,40,0,3,1,5.119999870657921,2,2,0,0,20,0,0,20,1.93
60,2,0,0,0,8.191999979317188,4,4,0,3,37,0,0,40,146.429
60,2,0,1,0,80.89599758386612,4,4,0,3,37,0,0,40,146.429
60,2,0,2,0,10.239999741315842,4,4,0,3,37,0,0,40,146.429
60,2,0,3,0,41.98399931192398,4,4,0,3,37,0,0,40,146.429
60,24,0,0,0,8.191999979317188,4,4,0,0,40,0,0,40,1.55
60,24,0,1,0,64.51199948787689,4,4,0,0,40,0,0,40,1.55
60,24,0,2,0,9.216000325977802,4,4,0,0,40,0,0,40,1.55
60,24,0,3,0,4.095999989658594,4,4,0,0,40,0,0,40,1.55
60,40,0,0,1,9.216000325977802,4,4,0,0,40,0,0,40,1.34
60,40,0,1,1,58.36800113320351,4,4,0,0,40,0,0,40,1.34
60,40,0,2,1,9.216000325977802,4,4,0,0,40,0,0,40,1.34
60,40,0,3,1,4.095999989658594,4,4,0,0,40,0,0,40,1.34
61,2,0,0,0,9.216000325977802,1,1,0,0,10,0,0,10,0.38
61,2,0,1,0,31.74399957060814,1,1,0,0,10,0,0,10,0.38
61,2,0,2,0,9.216000325977802,1,1,0,0,10,0,0,10,0.38
61,2,0,3,0,5.119999870657921,1,1,0,0,10,0,0,10,0.38
61,24,0,0,0,8.191999979317188,1,1,0,0,10,0,0,10,0.56
61,24,0,1,0,31.74399957060814,1,1,0,0,10,0,0,10,0.56
61,24,0,2,0,9.216000325977802,1,1,0,0,10,0,0,10,0.56
61,24,0,3,0,4.095999989658594,1,1,0,0,10,0,0,10,0.56
61,40,0,0,1,8.191999979317188,1,1,0,0,10,0,0,10,0.42
61,40,0,1,1,35.840000957250595,1,1,0,0,10,0,0,10,0.42
61,40,0,2,1,9.216000325977802,1,1,0,0,10,0,0,10,0.42
61,40,0,3,1,4.095999989658594,1,1,0,0,10,0,0,10,0.42
62,2,0,0,0,8.191999979317188,3,3,0,2,28,0,0,30,108.73
62,2,0,1,0,64.51199948787689,3,3,0,2,28,0,0,30,108.73
62,2,0,2,0,10.239999741315842,3,3,0,2,28,0,0,30,108.73
62,2,0,3,0,22.52800017595291,3,3,0,2,28,0,0,30,108.73
62,24,0,0,0,9.216000325977802,3,3,0,0,30,0,0,30,2.58
62,24,0,1,0,57.34400078654289,3,3,0,0,30,0,0,30,2.58
62,24,0,2,0,8.191999979317188,3,3,0,0,30,0,0,30,2.58
62,24,0,3,0,4.095999989658594,3,3,0,0,30,0,0,30,2.58
62,40,0,0,1,16.383999958634377,3,3,0,0,30,0,0,30,1.06
62,40,0,1,1,45.05600035190582,3,3,0,0,30,0,0,30,1.06
62,40,0,2,1,9.216000325977802,3,3,0,0,30,0,0,30,1.06
62,40,0,3,1,4.095999989658594,3,3,0,0,30,0,0,30,1.06
63,2,0,0,0,779.263973236084,3,3,0,1,29,0,0,30,50.51
63,2,0,1,0,60.416001826524734,3,3,0,1,29,0,0,30,50.51
63,2,0,2,0,9.216000325977802,3,3,0,1,29,0,0,30,50.51
63,2,0,3,0,6.144000217318535,3,3,0,1,29,0,0,30,50.51
63,24,0,0,0,9.216000325977802,3,3,0,0,30,0,0,30,2.21
63,24,0,1,0,55.296000093221664,3,3,0,0,30,0,0,30,2.21
63,24,0,2,0,9.216000325977802,3,3,0,0,30,0,0,30,2.21
63,24,0,3,0,4.095999989658594,3,3,0,0,30,0,0,30,2.21
63,40,0,0,1,81.91999793052673,3,3,0,0,30,0,0,30,1.66
63,40,0,1,1,47.10400104522705,3,3,0,0,30,0,0,30,1.66
63,40,0,2,1,9.216000325977802,3,3,0,0,30,0,0,30,1.66
63,40,0,3,1,4.095999989658594,3,3,0,0,30,0,0,30,1.66
64,2,0,0,0,8.191999979317188,2,2,0,0,20,0,0,20,1.22
64,2,0,1,0,48.128001391887665,2,2,0,0,20,0,0,20,1.22
64,2,0,2,0,9.216000325977802,2,2,0,0,20,0,0,20,1.22
64,2,0,3,0,5.119999870657921,2,2,0,0,20,0,0,20,1.22
64,24,0,0,0,9.216000325977802,2,2,0,0,20,0,0,20,0.789
64,24,0,1,0,35.840000957250595,2,2,0,0,20,0,0,20,0.789
64,24,0,2,0,8.191999979317188,2,2,0,0,20,0,0,20,0.789
64,24,0,3,0,4.095999989658594,2,2,0,0,20,0,0,20,0.789
64,40,0,0,1,9.216000325977802,2,2,0,0,20,0,0,20,1.289
64,40,0,1,1,43.007999658584595,2,2,0,0,20,0,0,20,1.289
64,40,0,2,1,9.216000325977802,2,2,0,0,20,0,0,20,1.289
64,40,0,3,1,4.095999989658594,2,2,0,0,20,0,0,20,1.289
65,2,0,0,0,15.359999611973763,4,4,0,0,40,0,0,40,2.889
65,2,0,1,0,78.84799689054489,4,4,0,0,40,0,0,40,2.889
65,2,0,2,0,9.216000325977802,4,4,0,0,40,0,0,40,2.889
65,2,0,3,0,5.119999870657921,4,4,0,0,40,0,0,40,2.889
65,24,0,0,0,8.191999979317188,4,4,0,1,39,0,0,40,66.05
65,24,0,1,0,68.60800087451935,4,4,0,1,39,0,0,40,66.05
65,24,0,2,0,8.191999979317188,4,4,0,1,39,0,0,40,66.05
65,24,0,3,0,4.095999989658594,4,4,0,1,39,0,0,40,66.05
65,40,0,0,1,9.216000325977802,4,4,0,0,40,0,0,40,2.39
65,40,0,1,1,52.22399905323982,4,4,0,0,40,0,0,40,2.39
65,40,0,2,1,9.216000325977802,4,4,0,0,40,0,0,40,2.39
65,40,0,3,1,4.095999989658594,4,4,0,0,40,0,0,40,2.39
66,2,0,0,0,15.359999611973763,4,4,0,1,39,0,0,40,61.93
66,2,0,1,0,76.80000364780426,4,4,0,1,39,0,0,40,61.93
66,2,0,2,0,9.216000325977802,4,4,0,1,39,0,0,40,61.93
66,2,0,3,0,5.119999870657921,4,4,0,1,39,0,0,40,61.93
66,24,0,0,0,223.23200106620789,4,4,0,0,40,0,0,40,2.51
66,24,0,1,0,83.96799862384796,4,4,0,0,40,0,0,40,2.51
66,24,0,2,0,9.216000325977802,4,4,0,0,40,0,0,40,2.51
66,24,0,3,0,4.095999989658594,4,4,0,0,40,0,0,40,2.51
66,40,0,0,1,15.359999611973763,4,4,0,0,40,0,0,40,1.44
66,40,0,1,1,83.96799862384796,4,4,0,0,40,0,0,40,1.44
66,40,0,2,1,9.216000325977802,4,4,0,0,40,0,0,40,1.44
66,40,0,3,1,4.095999989658594,4,4,0,0,40,0,0,40,1.44
67,2,0,0,0,9.216000325977802,4,4,0,1,39,0,0,40,57.42
67,2,0,1,0,76.80000364780426,4,4,0,1,39,0,0,40,57.42
67,2,0,2,0,9.216000325977802,4,4,0,1,39,0,0,40,57.42
67,2,0,3,0,5.119999870657921,4,4,0,1,39,0,0,40,57.42
67,24,0,0,0,8.191999979317188,4,4,0,0,40,0,0,40,3.0
67,24,0,1,0,72.7040022611618,4,4,0,0,40,0,0,40,3.0
67,24,0,2,0,9.216000325977802,4,4,0,0,40,0,0,40,3.0
67,24,0,3,0,4.095999989658594,4,4,0,0,40,0,0,40,3.0
67,40,0,0,1,9.216000325977802,4,4,0,0,40,0,0,40,2.93
67,40,0,1,1,75.77600330114365,4,4,0,0,40,0,0,40,2.93
67,40,0,2,1,9.216000325977802,4,4,0,0,40,0,0,40,2.93
67,40,0,3,1,4.095999989658594,4,4,0,0,40,0,0,40,2.93
68,2,0,0,0,14.336000196635723,4,4,0,0,40,0,0,40,1.69
68,2,0,1,0,76.80000364780426,4,4,0,0,40,0,0,40,1.69
68,2,0,2,0,9.216000325977802,4,4,0,0,40,0,0,40,1.69
68,2,0,3,0,6.144000217318535,4,4,0,0,40,0,0,40,1.69
68,24,0,0,0,1956.8639993667603,4,4,0,0,40,0,0,40,2.03
68,24,0,1,0,56.32000043988228,4,4,0,0,40,0,0,40,2.03
68,24,0,2,0,9.216000325977802,4,4,0,0,40,0,0,40,2.03
68,24,0,3,0,4.095999989658594,4,4,0,0,40,0,0,40,2.03
68,40,0,0,1,66.56000018119812,4,4,0,0,40,0,0,40,2.309
68,40,0,1,1,73.72800260782242,4,4,0,0,40,0,0,40,2.309
68,40,0,2,1,9.216000325977802,4,4,0,0,40,0,0,40,2.309
68,40,0,3,1,4.095999989658594,4,4,0,0,40,0,0,40,2.309
69,2,0,0,0,9.216000325977802,4,4,0,1,39,0,0,40,63.65
69,2,0,1,0,77.82399654388428,4,4,0,1,39,0,0,40,63.65
69,2,0,2,0,9.216000325977802,4,4,0,1,39,0,0,40,63.65
69,2,0,3,0,4.095999989658594,4,4,0,1,39,0,0,40,63.65
69,24,0,0,0,14.336000196635723,4,4,0,0,40,0,0,40,11.4
69,24,0,1,0,69.63200122117996,4,4,0,0,40,0,0,40,11.4
69,24,0,2,0,8.191999979317188,4,4,0,0,40,0,0,40,11.4
69,24,0,3,0,3.0720001086592674,4,4,0,0,40,0,0,40,11.4
69,40,0,0,1,8.191999979317188,4,4,0,0,40,0,0,40,1.491
69,40,0,1,1,58.36800113320351,4,4,0,0,40,0,0,40,1.491
69,40,0,2,1,9.216000325977802,4,4,0,0,40,0,0,40,1.491
69,40,0,3,1,4.095999989658594,4,4,0,0,40,0,0,40,1.491
70,2,0,0,0,8.191999979317188,1,1,0,0,10,0,0,10,0.42
70,2,0,1,0,31.74399957060814,1,1,0,0,10,0,0,10,0.42
70,2,0,2,0,9.216000325977802,1,1,0,0,10,0,0,10,0.42
70,2,0,3,0,5.119999870657921,1,1,0,0,10,0,0,10,0.42
70,24,0,0,0,9.216000325977802,1,1,0,0,10,0,0,10,0.54
70,24,0,1,0,31.74399957060814,1,1,0,0,10,0,0,10,0.54
70,24,0,2,0,9.216000325977802,1,1,0,0,10,0,0,10,0.54
70,24,0,3,0,4.095999989658594,1,1,0,0,10,0,0,10,0.54
70,40,0,0,1,8.191999979317188,1,1,0,0,10,0,0,10,0.391
70,40,0,1,1,34.81600061058998,1,1,0,0,10,0,0,10,0.391
70,40,0,2,1,9.216000325977802,1,1,0,0,10,0,0,10,0.391
70,40,0,3,1,4.095999989658594,1,1,0,0,10,0,0,10,0.391
71,2,0,0,0,9.216000325977802,2,2,0,0,20,0,0,20,2.3
71,2,0,1,0,44.03200000524521,2,2,0,0,20,0,0,20,2.3
71,2,0,2,0,9.216000325977802,2,2,0,0,20,0,0,20,2.3
71,2,0,3,0,5.119999870657921,2,2,0,0,20,0,0,20,2.3
71,24,0,0,0,8.191999979317188,2,2,0,0,20,0,0,20,1.211
71,24,0,1,0,44.03200000524521,2,2,0,0,20,0,0,20,1.211
71,24,0,2,0,8.191999979317188,2,2,0,0,20,0,0,20,1.211
71,24,0,3,0,4.095999989658594,2,2,0,0,20,0,0,20,1.211
71,40,0,0,1,8.191999979317188,2,2,0,0,20,0,0,20,2.291
71,40,0,1,1,38.91199827194214,2,2,0,0,20,0,0,20,2.291
71,40,0,2,1,9.216000325977802,2,2,0,0,20,0,0,20,2.291
71,40,0,3,1,4.095999989658594,2,2,0,0,20,0,0,20,2.291
72,2,0,0,0,9.216000325977802,1,1,0,0,10,0,0,10,0.65
72,2,0,1,0,31.74399957060814,1,1,0,0,10,0,0,10,0.65
72,2,0,2,0,9.216000325977802,1,1,0,0,10,0,0,10,0.65
72,2,0,3,0,6.144000217318535,1,1,0,0,10,0,0,10,0.65
72,24,0,0,0,9.216000325977802,1,1,0,0,10,0,0,10,0.47
72,24,0,1,0,32.76799991726875,1,1,0,0,10,0,0,10,0.47
72,24,0,2,0,9.216000325977802,1,1,0,0,10,0,0,10,0.47
72,24,0,3,0,4.095999989658594,1,1,0,0,10,0,0,10,0.47
72,40,0,0,1,8.191999979317188,1,1,0,0,10,0,0,10,0.38
72,40,0,1,1,35.840000957250595,1,1,0,0,10,0,0,10,0.38
72,40,0,2,1,9.216000325977802,1,1,0,0,10,0,0,10,0.38
72,40,0,3,1,4.095999989658594,1,1,0,0,10,0,0,10,0.38
73,2,0,0,0,9.216000325977802,1,1,0,0,10,0,0,10,0.429
73,2,0,1,0,31.74399957060814,1,1,0,0,10,0,0,10,0.429
73,2,0,2,0,9.216000325977802,1,1,0,0,10,0,0,10,0.429
73,2,0,3,0,5.119999870657921,1,1,0,0,10,0,0,10,0.429
73,24,0,0,0,9.216000325977802,1,1,0,0,10,0,0,10,0.44
73,24,0,1,0,31.74399957060814,1,1,0,0,10,0,0,10,0.44
73,24,0,2,0,9.216000325977802,1,1,0,0,10,0,0,10,0.44
73,24,0,3,0,4.095999989658594,1,1,0,0,10,0,0,10,0.44
73,40,0,0,1,9.216000325977802,1,1,0,0,10,0,0,10,0.389
73,40,0,1,1,35.840000957250595,1,1,0,0,10,0,0,10,0.389
73,40,0,2,1,9.216000325977802,1,1,0,0,10,0,0,10,0.389
73,40,0,3,1,4.095999989658594,1,1,0,0,10,0,0,10,0.389
74,2,0,0,0,9.216000325977802,3,3,0,0,30,0,0,30,1.509
74,2,0,1,0,64.51199948787689,3,3,0,0,30,0,0,30,1.509
74,2,0,2,0,9.216000325977802,3,3,0,0,30,0,0,30,1.509
74,2,0,3,0,5.119999870657921,3,3,0,0,30,0,0,30,1.509
74,24,0,0,0,9.216000325977802,3,3,0,0,30,0,0,30,1.42
74,24,0,1,0,59.39200147986412,3,3,0,0,30,0,0,30,1.42
74,24,0,2,0,9.216000325977802,3,3,0,0,30,0,0,30,1.42
74,24,0,3,0,4.095999989658594,3,3,0,0,30,0,0,30,1.42
74,40,0,0,1,9.216000325977802,3,3,0,0,30,0,0,30,2.08
74,40,0,1,1,57.34400078654289,3,3,0,0,30,0,0,30,2.08
74,40,0,2,1,9.216000325977802,3,3,0,0,30,0,0,30,2.08
74,40,0,3,1,4.095999989658594,3,3,0,0,30,0,0,30,2.08
75,2,0,0,0,15.359999611973763,3,3,0,0,30,0,0,30,1.711
75,2,0,1,0,65.5359998345375,3,3,0,0,30,0,0,30,1.711
75,2,0,2,0,8.191999979317188,3,3,0,0,30,0,0,30,1.711
75,2,0,3,0,7.168000098317862,3,3,0,0,30,0,0,30,1.711
75,24,0,0,0,9.216000325977802,3,3,0,0,30,0,0,30,3.211
75,24,0,1,0,51.19999870657921,3,3,0,0,30,0,0,30,3.211
75,24,0,2,0,9.216000325977802,3,3,0,0,30,0,0,30,3.211
75,24,0,3,0,4.095999989658594,3,3,0,0,30,0,0,30,3.211
75,40,0,0,1,9.216000325977802,3,3,0,0,30,0,0,30,2.58
75,40,0,1,1,45.05600035190582,3,3,0,0,30,0,0,30,2.58
75,40,0,2,1,10.239999741315842,3,3,0,0,30,0,0,30,2.58
75,40,0,3,1,4.095999989658594,3,3,0,0,30,0,0,30,2.58
76,2,0,0,0,8.191999979317188,4,4,0,1,39,0,0,40,119.31
76,2,0,1,0,62.463998794555664,4,4,0,1,39,0,0,40,119.31
76,2,0,2,0,9.216000325977802,4,4,0,1,39,0,0,40,119.31
76,2,0,3,0,35.840000957250595,4,4,0,1,39,0,0,40,119.31
76,24,0,0,0,8.191999979317188,4,4,0,0,40,0,0,40,2.071
76,24,0,1,0,59.39200147986412,4,4,0,0,40,0,0,40,2.071
76,24,0,2,0,9.216000325977802,4,4,0,0,40,0,0,40,2.071
76,24,0,3,0,4.095999989658594,4,4,0,0,40,0,0,40,2.071
76,40,0,0,1,10.239999741315842,4,4,0,0,40,0,0,40,1.349
76,40,0,1,1,67.58400052785873,4,4,0,0,40,0,0,40,1.349
76,40,0,2,1,9.216000325977802,4,4,0,0,40,0,0,40,1.349
76,40,0,3,1,4.095999989658594,4,4,0,0,40,0,0,40,1.349
77,2,0,0,0,8.191999979317188,3,3,0,0,30,0,0,30,1.271
77,2,0,1,0,62.463998794555664,3,3,0,0,30,0,0,30,1.271
77,2,0,2,0,9.216000325977802,3,3,0,0,30,0,0,30,1.271
77,2,0,3,0,6.144000217318535,3,3,0,0,30,0,0,30,1.271
77,24,0,0,0,10.239999741315842,3,3,0,0,30,0,0,30,1.37
77,24,0,1,0,52.22399905323982,3,3,0,0,30,0,0,30,1.37
77,24,0,2,0,9.216000325977802,3,3,0,0,30,0,0,30,1.37
77,24,0,3,0,4.095999989658594,3,3,0,0,30,0,0,30,1.37
77,40,0,0,1,9.216000325977802,3,3,0,0,30,0,0,30,1.24
77,40,0,1,1,44.03200000524521,3,3,0,0,30,0,0,30,1.24
77,40,0,2,1,9.216000325977802,3,3,0,0,30,0,0,30,1.24
77,40,0,3,1,4.095999989658594,3,3,0,0,30,0,0,30,1.24
78,2,0,0,0,9.216000325977802,3,3,0,1,29,0,0,30,56.829
78,2,0,1,0,60.416001826524734,3,3,0,1,29,0,0,30,56.829
78,2,0,2,0,8.191999979317188,3,3,0,1,29,0,0,30,56.829
78,2,0,3,0,6.144000217318535,3,3,0,1,29,0,0,30,56.829
78,24,0,0,0,9.216000325977802,3,3,0,0,30,0,0,30,1.88
78,24,0,1,0,65.5359998345375,3,3,0,0,30,0,0,30,1.88
78,24,0,2,0,9.216000325977802,3,3,0,0,30,0,0,30,1.88
78,24,0,3,0,4.095999989658594,3,3,0,0,30,0,0,30,1.88
78,40,0,0,1,9.216000325977802,3,3,0,0,30,0,0,30,1.731
78,40,0,1,1,58.36800113320351,3,3,0,0,30,0,0,30,1.731
78,40,0,2,1,9.216000325977802,3,3,0,0,30,0,0,30,1.731
78,40,0,3,1,4.095999989658594,3,3,0,0,30,0,0,30,1.731
79,2,0,0,0,8.191999979317188,2,2,0,1,19,0,0,20,58.171
79,2,0,1,0,43.007999658584595,2,2,0,1,19,0,0,20,58.171
79,2,0,2,0,9.216000325977802,2,2,0,1,19,0,0,20,58.171
79,2,0,3,0,5.119999870657921,2,2,0,1,19,0,0,20,58.171
79,24,0,0,0,8.191999979317188,2,2,0,0,20,0,0,20,0.87
79,24,0,1,0,44.03200000524521,2,2,0,0,20,0,0,20,0.87
79,24,0,2,0,9.216000325977802,2,2,0,0,20,0,0,20,0.87
79,24,0,3,0,4.095999989658594,2,2,0,0,20,0,0,20,0.87
79,40,0,0,1,9.216000325977802,2,2,0,0,20,0,0,20,0.76
79,40,0,1,1,36.86400130391121,2,2,0,0,20,0,0,20,0.76
79,40,0,2,1,10.239999741315842,2,2,0,0,20,0,0,20,0.76
79,40,0,3,1,4.095999989658594,2,2,0,0,20,0,0,20,0.76
80,2,0,0,0,8.191999979317188,3,3,0,0,30,0,0,30,1.55
80,2,0,1,0,64.51199948787689,3,3,0,0,30,0,0,30,1.55
80,2,0,2,0,8.191999979317188,3,3,0,0,30,0,0,30,1.55
80,2,0,3,0,5.119999870657921,3,3,0,0,30,0,0,30,1.55
80,24,0,0,0,9.216000325977802,3,3,0,0,30,0,0,30,1.11
80,24,0,1,0,50.175998359918594,3,3,0,0,30,0,0,30,1.11
80,24,0,2,0,9.216000325977802,3,3,0,0,30,0,0,30,1.11
80,24,0,3,0,4.095999989658594,3,3,0,0,30,0,0,30,1.11
80,40,0,0,1,9.216000325977802,3,3,0,0,30,0,0,30,1.149
80,40,0,1,1,47.10400104522705,3,3,0,0,30,0,0,30,1.149
80,40,0,2,1,9.216000325977802,3,3,0,0,30,0,0,30,1.149
80,40,0,3,1,4.095999989658594,3,3,0,0,30,0,0,30,1.149
81,2,0,0,0,8.191999979317188,4,4,0,2,38,0,0,40,65.412
81,2,0,1,0,76.80000364780426,4,4,0,2,38,0,0,40,65.412
81,2,0,2,0,8.191999979317188,4,4,0,2,38,0,0,40,65.412
81,2,0,3,0,5.119999870657921,4,4,0,2,38,0,0,40,65.412
81,24,0,0,0,8.191999979317188,4,4,0,0,40,0,0,40,1.39
81,24,0,1,0,58.36800113320351,4,4,0,0,40,0,0,40,1.39
81,24,0,2,0,8.191999979317188,4,4,0,0,40,0,0,40,1.39
81,24,0,3,0,4.095999989658594,4,4,0,0,40,0,0,40,1.39
81,40,0,0,1,9.216000325977802,4,4,0,0,40,0,0,40,1.48
81,40,0,1,1,56.32000043988228,4,4,0,0,40,0,0,40,1.48
81,40,0,2,1,8.191999979317188,4,4,0,0,40,0,0,40,1.48
81,40,0,3,1,4.095999989658594,4,4,0,0,40,0,0,40,1.48
82,2,0,0,0,9.216000325977802,2,2,0,0,20,0,0,20,1.22
82,2,0,1,0,51.19999870657921,2,2,0,0,20,0,0,20,1.22
82,2,0,2,0,9.216000325977802,2,2,0,0,20,0,0,20,1.22
82,2,0,3,0,5.119999870657921,2,2,0,0,20,0,0,20,1.22
82,24,0,0,0,8.191999979317188,2,2,0,0,20,0,0,20,2.86
82,24,0,1,0,49.15200173854828,2,2,0,0,20,0,0,20,2.86
82,24,0,2,0,9.216000325977802,2,2,0,0,20,0,0,20,2.86
82,24,0,3,0,4.095999989658594,2,2,0,0,20,0,0,20,2.86
82,40,0,0,1,9.216000325977802,2,2,0,0,20,0,0,20,0.711
82,40,0,1,1,44.03200000524521,2,2,0,0,20,0,0,20,0.711
82,40,0,2,1,10.239999741315842,2,2,0,0,20,0,0,20,0.711
82,40,0,3,1,4.095999989658594,2,2,0,0,20,0,0,20,0.711
83,2,0,0,0,14.336000196635723,4,4,0,1,39,0,0,40,61.14
83,2,0,1,0,80.89599758386612,4,4,0,1,39,0,0,40,61.14
83,2,0,2,0,9.216000325977802,4,4,0,1,39,0,0,40,61.14
83,2,0,3,0,5.119999870657921,4,4,0,1,39,0,0,40,61.14
83,24,0,0,0,2884.608030319214,4,4,0,0,40,0,0,40,2.05
83,24,0,1,0,69.63200122117996,4,4,0,0,40,0,0,40,2.05
83,24,0,2,0,9.216000325977802,4,4,0,0,40,0,0,40,2.05
83,24,0,3,0,4.095999989658594,4,4,0,0,40,0,0,40,2.05
83,40,0,0,1,9.216000325977802,4,4,0,0,40,0,0,40,3.2
83,40,0,1,1,57.34400078654289,4,4,0,0,40,0,0,40,3.2
83,40,0,2,1,10.239999741315842,4,4,0,0,40,0,0,40,3.2
83,40,0,3,1,4.095999989658594,4,4,0,0,40,0,0,40,3.2
84,2,0,0,0,8.191999979317188,4,4,0,0,40,0,0,40,1.72
84,2,0,1,0,77.82399654388428,4,4,0,0,40,0,0,40,1.72
84,2,0,2,0,9.216000325977802,4,4,0,0,40,0,0,40,1.72
84,2,0,3,0,5.119999870657921,4,4,0,0,40,0,0,40,1.72
84,24,0,0,0,2905.087947845459,4,4,0,0,40,0,0,40,2.26
84,24,0,1,0,67.58400052785873,4,4,0,0,40,0,0,40,2.26
84,24,0,2,0,9.216000325977802,4,4,0,0,40,0,0,40,2.26
84,24,0,3,0,4.095999989658594,4,4,0,0,40,0,0,40,2.26
84,40,0,0,1,9.216000325977802,4,4,0,0,40,0,0,40,1.39
84,40,0,1,1,66.56000018119812,4,4,0,0,40,0,0,40,1.39
84,40,0,2,1,9.216000325977802,4,4,0,0,40,0,0,40,1.39
84,40,0,3,1,4.095999989658594,4,4,0,0,40,0,0,40,1.39
85,2,0,0,0,10.239999741315842,2,2,0,0,20,0,0,20,0.87
85,2,0,1,0,49.15200173854828,2,2,0,0,20,0,0,20,0.87
85,2,0,2,0,9.216000325977802,2,2,0,0,20,0,0,20,0.87
85,2,0,3,0,5.119999870657921,2,2,0,0,20,0,0,20,0.87
85,24,0,0,0,3289.088010787964,2,2,0,0,20,0,0,20,1.28
85,24,0,1,0,46.08000069856644,2,2,0,0,20,0,0,20,1.28
85,24,0,2,0,9.216000325977802,2,2,0,0,20,0,0,20,1.28
85,24,0,3,0,4.095999989658594,2,2,0,0,20,0,0,20,1.28
85,40,0,0,1,9.216000325977802,2,2,0,0,20,0,0,20,0.72
85,40,0,1,1,46.08000069856644,2,2,0,0,20,0,0,20,0.72
85,40,0,2,1,10.239999741315842,2,2,0,0,20,0,0,20,0.72
85,40,0,3,1,4.095999989658594,2,2,0,0,20,0,0,20,0.72
86,2,0,0,0,9.216000325977802,1,1,0,0,10,0,0,10,0.52
86,2,0,1,0,31.74399957060814,1,1,0,0,10,0,0,10,0.52
86,2,0,2,0,9.216000325977802,1,1,0,0,10,0,0,10,0.52
86,2,0,3,0,5.119999870657921,1,1,0,0,10,0,0,10,0.52
86,24,0,0,0,9.216000325977802,1,1,0,0,10,0,0,10,0.7
86,24,0,1,0,31.74399957060814,1,1,0,0,10,0,0,10,0.7
86,24,0,2,0,9.216000325977802,1,1,0,0,10,0,0,10,0.7
86,24,0,3,0,5.119999870657921,1,1,0,0,10,0,0,10,0.7
86,40,0,0,1,8.191999979317188,1,1,0,0,10,0,0,10,0.449
86,40,0,1,1,35.840000957250595,1,1,0,0,10,0,0,10,0.449
86,40,0,2,1,9.216000325977802,1,1,0,0,10,0,0,10,0.449
86,40,0,3,1,4.095999989658594,1,1,0,0,10,0,0,10,0.449
87,2,0,0,0,9.216000325977802,2,2,0,0,20,0,0,20,0.81
87,2,0,1,0,50.175998359918594,2,2,0,0,20,0,0,20,0.81
87,2,0,2,0,9.216000325977802,2,2,0,0,20,0,0,20,0.81
87,2,0,3,0,4.095999989658594,2,2,0,0,20,0,0,20,0.81
87,24,0,0,0,8.191999979317188,2,2,0,0,20,0,0,20,0.79
87,24,0,1,0,49.15200173854828,2,2,0,0,20,0,0,20,0.79
87,24,0,2,0,9.216000325977802,2,2,0,0,20,0,0,20,0.79
87,24,0,3,0,4.095999989658594,2,2,0,0,20,0,0,20,0.79
87,40,0,0,1,9.216000325977802,2,2,0,0,20,0,0,20,1.1
87,40,0,1,1,46.08000069856644,2,2,0,0,20,0,0,20,1.1
87,40,0,2,1,9.216000325977802,2,2,0,0,20,0,0,20,1.1
87,40,0,3,1,4.095999989658594,2,2,0,0,20,0,0,20,1.1
88,2,0,0,0,9.216000325977802,4,4,0,0,40,0,0,40,4.14
88,2,0,1,0,83.96799862384796,4,4,0,0,40,0,0,40,4.14
88,2,0,2,0,9.216000325977802,4,4,0,0,40,0,0,40,4.14
88,2,0,3,0,5.119999870657921,4,4,0,0,40,0,0,40,4.14
88,24,0,0,0,9.216000325977802,4,4,0,0,40,0,0,40,3.18
88,24,0,1,0,69.63200122117996,4,4,0,0,40,0,0,40,3.18
88,24,0,2,0,9.216000325977802,4,4,0,0,40,0,0,40,3.18
88,24,0,3,0,4.095999989658594,4,4,0,0,40,0,0,40,3.18
88,40,0,0,1,9.216000325977802,4,4,0,0,40,0,0,40,2.571
88,40,0,1,1,74.75200295448303,4,4,0,0,40,0,0,40,2.571
88,40,0,2,1,9.216000325977802,4,4,0,0,40,0,0,40,2.571
88,40,0,3,1,4.095999989658594,4,4,0,0,40,0,0,40,2.571
89,2,0,0,0,9.216000325977802,1,1,0,0,10,0,0,10,0.4
89,2,0,1,0,30.719999223947525,1,1,0,0,10,0,0,10,0.4
89,2,0,2,0,9.216000325977802,1,1,0,0,10,0,0,10,0.4
89,2,0,3,0,5.119999870657921,1,1,0,0,10,0,0,10,0.4
89,24,0,0,0,9.216000325977802,1,1,0,0,10,0,0,10,0.311
89,24,0,1,0,31.74399957060814,1,1,0,0,10,0,0,10,0.311
89,24,0,2,0,8.191999979317188,1,1,0,0,10,0,0,10,0.311
89,24,0,3,0,4.095999989658594,1,1,0,0,10,0,0,10,0.311
89,40,0,0,1,9.216000325977802,1,1,0,0,10,0,0,10,0.45
89,40,0,1,1,35.840000957250595,1,1,0,0,10,0,0,10,0.45
89,40,0,2,1,9.216000325977802,1,1,0,0,10,0,0,10,0.45
89,40,0,3,1,4.095999989658594,1,1,0,0,10,0,0,10,0.45
90,2,0,0,0,9.216000325977802,2,2,0,0,20,0,0,20,1.14
90,2,0,1,0,53.247999399900436,2,2,0,0,20,0,0,20,1.14
90,2,0,2,0,9.216000325977802,2,2,0,0,20,0,0,20,1.14
90,2,0,3,0,5.119999870657921,2,2,0,0,20,0,0,20,1.14
90,24,0,0,0,8.191999979317188,2,2,0,0,20,0,0,20,1.42
90,24,0,1,0,45.05600035190582,2,2,0,0,20,0,0,20,1.42
90,24,0,2,0,9.216000325977802,2,2,0,0,20,0,0,20,1.42
90,24,0,3,0,4.095999989658594,2,2,0,0,20,0,0,20,1.42
90,40,0,0,1,3117.055892944336,2,2,0,0,20,0,0,20,1.311
90,40,0,1,1,46.08000069856644,2,2,0,0,20,0,0,20,1.311
90,40,0,2,1,10.239999741315842,2,2,0,0,20,0,0,20,1.311
90,40,0,3,1,4.095999989658594,2,2,0,0,20,0,0,20,1.311
91,2,0,0,0,9.216000325977802,4,4,0,0,40,0,0,40,1.869
91,2,0,1,0,88.06400001049042,4,4,0,0,40,0,0,40,1.869
91,2,0,2,0,9.216000325977802,4,4,0,0,40,0,0,40,1.869
91,2,0,3,0,8.191999979317188,4,4,0,0,40,0,0,40,1.869
91,24,0,0,0,8.191999979317188,4,4,0,0,40,0,0,40,1.46
91,24,0,1,0,74.75200295448303,4,4,0,0,40,0,0,40,1.46
91,24,0,2,0,9.216000325977802,4,4,0,0,40,0,0,40,1.46
91,24,0,3,0,4.095999989658594,4,4,0,0,40,0,0,40,1.46
91,40,0,0,1,8.191999979317188,4,4,0,0,40,0,0,40,1.62
91,40,0,1,1,97.28000313043594,4,4,0,0,40,0,0,40,1.62
91,40,0,2,1,9.216000325977802,4,4,0,0,40,0,0,40,1.62
91,40,0,3,1,4.095999989658594,4,4,0,0,40,0,0,40,1.62
92,2,0,0,0,9.216000325977802,1,1,0,0,10,0,0,10,0.8
92,2,0,1,0,31.74399957060814,1,1,0,0,10,0,0,10,0.8
92,2,0,2,0,8.191999979317188,1,1,0,0,10,0,0,10,0.8
92,2,0,3,0,7.168000098317862,1,1,0,0,10,0,0,10,0.8
92,24,0,0,0,3164.1600131988525,1,1,0,0,10,0,0,10,0.74
92,24,0,1,0,31.74399957060814,1,1,0,0,10,0,0,10,0.74
92,24,0,2,0,9.216000325977802,1,1,0,0,10,0,0,10,0.74
92,24,0,3,0,4.095999989658594,1,1,0,0,10,0,0,10,0.74
92,40,0,0,1,8.191999979317188,1,1,0,0,10,0,0,10,0.32
92,40,0,1,1,35.840000957250595,1,1,0,0,10,0,0,10,0.32
92,40,0,2,1,9.216000325977802,1,1,0,0,10,0,0,10,0.32
92,40,0,3,1,4.095999989658594,1,1,0,0,10,0,0,10,0.32
93,2,0,0,0,14.336000196635723,4,4,0,0,40,0,0,40,3.64
93,2,0,1,0,79.8719972372055,4,4,0,0,40,0,0,40,3.64
93,2,0,2,0,9.216000325977802,4,4,0,0,40,0,0,40,3.64
93,2,0,3,0,8.191999979317188,4,4,0,0,40,0,0,40,3.64
93,24,0,0,0,8.191999979317188,4,4,0,1,39,0,0,40,72.809
93,24,0,1,0,72.7040022611618,4,4,0,1,39,0,0,40,72.809
93,24,0,2,0,8.191999979317188,4,4,0,1,39,0,0,40,72.809
93,24,0,3,0,4.095999989658594,4,4,0,1,39,0,0,40,72.809
93,40,0,0,1,9.216000325977802,4,4,0,0,40,0,0,40,2.66
93,40,0,1,1,78.84799689054489,4,4,0,0,40,0,0,40,2.66
93,40,0,2,1,9.216000325977802,4,4,0,0,40,0,0,40,2.66
93,40,0,3,1,4.095999989658594,4,4,0,0,40,0,0,40,2.66
94,2,0,0,0,2961.4078998565674,4,4,0,0,40,0,0,40,5.22
94,2,0,1,0,67.58400052785873,4,4,0,0,40,0,0,40,5.22
94,2,0,2,0,9.216000325977802,4,4,0,0,40,0,0,40,5.22
94,2,0,3,0,5.119999870657921,4,4,0,0,40,0,0,40,5.22
94,24,0,0,0,14.336000196635723,4,4,0,0,40,0,0,40,1.589
94,24,0,1,0,52.22399905323982,4,4,0,0,40,0,0,40,1.589
94,24,0,2,0,9.216000325977802,4,4,0,0,40,0,0,40,1.589
94,24,0,3,0,4.095999989658594,4,4,0,0,40,0,0,40,1.589
94,40,0,0,1,9.216000325977802,4,4,0,0,40,0,0,40,3.38
94,40,0,1,1,60.416001826524734,4,4,0,0,40,0,0,40,3.38
94,40,0,2,1,9.216000325977802,4,4,0,0,40,0,0,40,3.38
94,40,0,3,1,4.095999989658594,4,4,0,0,40,0,0,40,3.38
95,2,0,0,0,8.191999979317188,4,4,0,1,39,0,0,40,62.77
95,2,0,1,0,65.5359998345375,4,4,0,1,39,0,0,40,62.77
95,2,0,2,0,9.216000325977802,4,4,0,1,39,0,0,40,62.77
95,2,0,3,0,5.119999870657921,4,4,0,1,39,0,0,40,62.77
95,24,0,0,0,8.191999979317188,4,4,0,0,40,0,0,40,1.39
95,24,0,1,0,69.63200122117996,4,4,0,0,40,0,0,40,1.39
95,24,0,2,0,9.216000325977802,4,4,0,0,40,0,0,40,1.39
95,24,0,3,0,4.095999989658594,4,4,0,0,40,0,0,40,1.39
95,40,0,0,1,9.216000325977802,4,4,0,0,40,0,0,40,1.68
95,40,0,1,1,84.99199897050858,4,4,0,0,40,0,0,40,1.68
95,40,0,2,1,9.216000325977802,4,4,0,0,40,0,0,40,1.68
95,40,0,3,1,4.095999989658594,4,4,0,0,40,0,0,40,1.68
96,2,0,0,0,8.191999979317188,4,4,0,2,38,0,0,40,104.019
96,2,0,1,0,77.82399654388428,4,4,0,2,38,0,0,40,104.019
96,2,0,2,0,9.216000325977802,4,4,0,2,38,0,0,40,104.019
96,2,0,3,0,5.119999870657921,4,4,0,2,38,0,0,40,104.019
96,24,0,0,0,8.191999979317188,4,4,0,1,39,0,0,40,86.379
96,24,0,1,0,55.296000093221664,4,4,0,1,39,0,0,40,86.379
96,24,0,2,0,10.239999741315842,4,4,0,1,39,0,0,40,86.379
96,24,0,3,0,10.239999741315842,4,4,0,1,39,0,0,40,86.379
96,40,0,0,1,15.359999611973763,4,4,0,0,40,0,0,40,3.57
96,40,0,1,1,69.63200122117996,4,4,0,0,40,0,0,40,3.57
96,40,0,2,1,9.216000325977802,4,4,0,0,40,0,0,40,3.57
96,40,0,3,1,4.095999989658594,4,4,0,0,40,0,0,40,3.57
97,2,0,0,0,15.359999611973763,4,4,0,4,35,1,0,40,224.708
97,2,0,1,0,77.82399654388428,4,4,0,4,35,1,0,40,224.708
97,2,0,2,0,163.83999586105347,4,4,0,4,35,1,0,40,224.708
97,2,0,3,0,5.119999870657921,4,4,0,4,35,1,0,40,224.708
97,24,0,0,0,8.191999979317188,4,4,0,3,37,0,0,40,165.859
97,24,0,1,0,60.416001826524734,4,4,0,3,37,0,0,40,165.859
97,24,0,2,0,9.216000325977802,4,4,0,3,37,0,0,40,165.859
97,24,0,3,0,81.91999793052673,4,4,0,3,37,0,0,40,165.859
97,40,0,0,1,9.216000325977802,4,4,0,1,39,0,0,40,80.319
97,40,0,1,1,87.0399996638298,4,4,0,1,39,0,0,40,80.319
97,40,0,2,1,9.216000325977802,4,4,0,1,39,0,0,40,80.319
97,40,0,3,1,4.095999989658594,4,4,0,1,39,0,0,40,80.319
98,2,0,0,0,8.191999979317188,4,4,0,0,40,0,0,40,1.909
98,2,0,1,0,77.82399654388428,4,4,0,0,40,0,0,40,1.909
98,2,0,2,0,9.216000325977802,4,4,0,0,40,0,0,40,1.909
98,2,0,3,0,6.144000217318535,4,4,0,0,40,0,0,40,1.909
98,24,0,0,0,9.216000325977802,4,4,0,0,40,0,0,40,1.8
98,24,0,1,0,60.416001826524734,4,4,0,0,40,0,0,40,1.8
98,24,0,2,0,9.216000325977802,4,4,0,0,40,0,0,40,1.8
98,24,0,3,0,4.095999989658594,4,4,0,0,40,0,0,40,1.8
98,40,0,0,1,9.216000325977802,4,4,0,1,39,0,0,40,75.159
98,40,0,1,1,72.7040022611618,4,4,0,1,39,0,0,40,75.159
98,40,0,2,1,9.216000325977802,4,4,0,1,39,0,0,40,75.159
98,40,0,3,1,4.095999989658594,4,4,0,1,39,0,0,40,75.159
99,2,0,0,0,335.87199449539185,1,1,0,0,10,0,0,10,0.76
99,2,0,1,0,31.74399957060814,1,1,0,0,10,0,0,10,0.76
99,2,0,2,0,9.216000325977802,1,1,0,0,10,0,0,10,0.76
99,2,0,3,0,5.119999870657921,1,1,0,0,10,0,0,10,0.76
99,24,0,0,0,8.191999979317188,1,1,0,1,9,0,0,10,52.55
99,24,0,1,0,30.719999223947525,1,1,0,1,9,0,0,10,52.55
99,24,0,2,0,9.216000325977802,1,1,0,1,9,0,0,10,52.55
99,24,0,3,0,4.095999989658594,1,1,0,1,9,0,0,10,52.55
99,40,0,0,1,8.191999979317188,1,1,0,2,8,0,0,10,109.079
99,40,0,1,1,30.719999223947525,1,1,0,2,8,0,0,10,109.079
99,40,0,2,1,9.216000325977802,1,1,0,2,8,0,0,10,109.079
99,40,0,3,1,57.34400078654289,1,1,0,2,8,0,0,10,109.079
100,2,0,0,0,9.216000325977802,1,1,0,0,10,0,0,10,0.31
100,2,0,1,0,31.74399957060814,1,1,0,0,10,0,0,10,0.31
100,2,0,2,0,9.216000325977802,1,1,0,0,10,0,0,10,0.31
100,2,0,3,0,6.144000217318535,1,1,0,0,10,0,0,10,0.31
100,24,0,0,0,8.191999979317188,1,1,0,0,10,0,0,10,0.471
100,24,0,1,0,32.76799991726875,1,1,0,0,10,0,0,10,0.471
100,24,0,2,0,9.216000325977802,1,1,0,0,10,0,0,10,0.471
100,24,0,3,0,4.095999989658594,1,1,0,0,10,0,0,10,0.471
100,40,0,0,1,8.191999979317188,1,1,0,0,10,0,0,10,0.48
100,40,0,1,1,34.81600061058998,1,1,0,0,10,0,0,10,0.48
100,40,0,2,1,9.216000325977802,1,1,0,0,10,0,0,10,0.48
100,40,0,3,1,4.095999989658594,1,1,0,0,10,0,0,10,0.48
101,2,0,0,0,9.216000325977802,4,4,0,3,37,0,0,40,109.499
101,2,0,1,0,69.63200122117996,4,4,0,3,37,0,0,40,109.499
101,2,0,2,0,10.239999741315842,4,4,0,3,37,0,0,40,109.499
101,2,0,3,0,18.432000651955605,4,4,0,3,37,0,0,40,109.499
101,24,0,0,0,8.191999979317188,4,4,0,1,39,0,0,40,75.86
101,24,0,1,0,56.32000043988228,4,4,0,1,39,0,0,40,75.86
101,24,0,2,0,8.191999979317188,4,4,0,1,39,0,0,40,75.86
101,24,0,3,0,4.095999989658594,4,4,0,1,39,0,0,40,75.86
101,40,0,0,1,9.216000325977802,4,4,0,2,38,0,0,40,141.729
101,40,0,1,1,84.99199897050858,4,4,0,2,38,0,0,40,141.729
101,40,0,2,1,9.216000325977802,4,4,0,2,38,0,0,40,141.729
101,40,0,3,1,33.79200026392937,4,4,0,2,38,0,0,40,141.729
102,2,0,0,0,8.191999979317188,4,4,0,1,39,0,0,40,119.799
102,2,0,1,0,72.7040022611618,4,4,0,1,39,0,0,40,119.799
102,2,0,2,0,8.191999979317188,4,4,0,1,39,0,0,40,119.799
102,2,0,3,0,26.623999699950218,4,4,0,1,39,0,0,40,119.799
102,24,0,0,0,8.191999979317188,4,4,0,4,36,0,0,40,159.32
102,24,0,1,0,63.48799914121628,4,4,0,4,36,0,0,40,159.32
102,24,0,2,0,9.216000325977802,4,4,0,4,36,0,0,40,159.32
102,24,0,3,0,74.75200295448303,4,4,0,4,36,0,0,40,159.32
102,40,0,0,1,8.191999979317188,4,4,0,0,40,0,0,40,2.05
102,40,0,1,1,82.94399827718735,4,4,0,0,40,0,0,40,2.05
102,40,0,2,1,9.216000325977802,4,4,0,0,40,0,0,40,2.05
102,40,0,3,1,4.095999989658594,4,4,0,0,40,0,0,40,2.05
103,2,0,0,0,11.264000087976456,1,1,0,2,8,0,0,10,246.199
103,2,0,1,0,26.623999699950218,1,1,0,2,8,0,0,10,246.199
103,2,0,2,0,9.216000325977802,1,1,0,2,8,0,0,10,246.199
103,2,0,3,0,195.5839991569519,1,1,0,2,8,0,0,10,246.199
103,24,0,0,0,8.191999979317188,1,1,0,1,9,0,0,10,49.529
103,24,0,1,0,30.719999223947525,1,1,0,1,9,0,0,10,49.529
103,24,0,2,0,10.239999741315842,1,1,0,1,9,0,0,10,49.529
103,24,0,3,0,4.095999989658594,1,1,0,1,9,0,0,10,49.529
103,40,0,0,1,8.191999979317188,1,1,0,0,10,0,0,10,0.44
103,40,0,1,1,35.840000957250595,1,1,0,0,10,0,0,10,0.44
103,40,0,2,1,9.216000325977802,1,1,0,0,10,0,0,10,0.44
103,40,0,3,1,4.095999989658594,1,1,0,0,10,0,0,10,0.44
104,2,0,0,0,9.216000325977802,4,4,0,0,40,0,0,40,3.81
104,2,0,1,0,92.16000139713287,4,4,0,0,40,0,0,40,3.81
104,2,0,2,0,9.216000325977802,4,4,0,0,40,0,0,40,3.81
104,2,0,3,0,5.119999870657921,4,4,0,0,40,0,0,40,3.81
104,24,0,0,0,8.191999979317188,4,4,0,2,38,0,0,40,114.04
104,24,0,1,0,63.48799914121628,4,4,0,2,38,0,0,40,114.04
104,24,0,2,0,9.216000325977802,4,4,0,2,38,0,0,40,114.04
104,24,0,3,0,28.672000393271446,4,4,0,2,38,0,0,40,114.04
104,40,0,0,1,10.239999741315842,4,4,0,1,39,0,0,40,68.37
104,40,0,1,1,69.63200122117996,4,4,0,1,39,0,0,40,68.37
104,40,0,2,1,9.216000325977802,4,4,0,1,39,0,0,40,68.37
104,40,0,3,1,4.095999989658594,4,4,0,1,39,0,0,40,68.37
105,2,0,0,0,8.191999979317188,4,4,0,2,38,0,0,40,109.85
105,2,0,1,0,81.91999793052673,4,4,0,2,38,0,0,40,109.85
105,2,0,2,0,9.216000325977802,4,4,0,2,38,0,0,40,109.85
105,2,0,3,0,7.168000098317862,4,4,0,2,38,0,0,40,109.85
105,24,0,0,0,8.191999979317188,4,4,0,3,37,0,0,40,91.89
105,24,0,1,0,62.463998794555664,4,4,0,3,37,0,0,40,91.89
105,24,0,2,0,9.216000325977802,4,4,0,3,37,0,0,40,91.89
105,24,0,3,0,13.311999849975109,4,4,0,3,37,0,0,40,91.89
105,40,0,0,1,9.216000325977802,4,4,0,1,39,0,0,40,70.11
105,40,0,1,1,76.80000364780426,4,4,0,1,39,0,0,40,70.11
105,40,0,2,1,9.216000325977802,4,4,0,1,39,0,0,40,70.11
105,40,0,3,1,4.095999989658594,4,4,0,1,39,0,0,40,70.11
106,2,0,0,0,9.216000325977802,4,4,0,0,40,0,0,40,1.87
106,2,0,1,0,88.06400001049042,4,4,0,0,40,0,0,40,1.87
106,2,0,2,0,9.216000325977802,4,4,0,0,40,0,0,40,1.87
106,2,0,3,0,4.095999989658594,4,4,0,0,40,0,0,40,1.87
106,24,0,0,0,8.191999979317188,4,4,0,0,40,0,0,40,1.49
106,24,0,1,0,63.48799914121628,4,4,0,0,40,0,0,40,1.49
106,24,0,2,0,9.216000325977802,4,4,0,0,40,0,0,40,1.49
106,24,0,3,0,4.095999989658594,4,4,0,0,40,0,0,40,1.49
106,40,0,0,1,9.216000325977802,4,4,0,1,39,0,0,40,77.079
106,40,0,1,1,67.58400052785873,4,4,0,1,39,0,0,40,77.079
106,40,0,2,1,9.216000325977802,4,4,0,1,39,0,0,40,77.079
106,40,0,3,1,4.095999989658594,4,4,0,1,39,0,0,40,77.079
107,2,0,0,0,9.216000325977802,2,2,0,0,20,0,0,20,0.8
107,2,0,1,0,53.247999399900436,2,2,0,0,20,0,0,20,0.8
107,2,0,2,0,9.216000325977802,2,2,0,0,20,0,0,20,0.8
107,2,0,3,0,5.119999870657921,2,2,0,0,20,0,0,20,0.8
107,24,0,0,0,10.239999741315842,2,2,0,1,19,0,0,20,54.819
107,24,0,1,0,51.19999870657921,2,2,0,1,19,0,0,20,54.819
107,24,0,2,0,9.216000325977802,2,2,0,1,19,0,0,20,54.819
107,24,0,3,0,4.095999989658594,2,2,0,1,19,0,0,20,54.819
107,40,0,0,1,886.784017086029,2,2,0,0,20,0,0,20,1.41
107,40,0,1,1,43.007999658584595,2,2,0,0,20,0,0,20,1.41
107,40,0,2,1,9.216000325977802,2,2,0,0,20,0,0,20,1.41
107,40,0,3,1,4.095999989658594,2,2,0,0,20,0,0,20,1.41
108,2,0,0,0,78.84799689054489,4,4,0,2,38,0,0,40,133.25
108,2,0,1,0,82.94399827718735,4,4,0,2,38,0,0,40,133.25
108,2,0,2,0,9.216000325977802,4,4,0,2,38,0,0,40,133.25
108,2,0,3,0,32.76799991726875,4,4,0,2,38,0,0,40,133.25
108,24,0,0,0,300.03198981285095,4,4,0,0,40,0,0,40,3.94
108,24,0,1,0,84.99199897050858,4,4,0,0,40,0,0,40,3.94
108,24,0,2,0,9.216000325977802,4,4,0,0,40,0,0,40,3.94
108,24,0,3,0,5.119999870657921,4,4,0,0,40,0,0,40,3.94
108,40,0,0,1,8.191999979317188,4,4,0,0,40,0,0,40,3.669
108,40,0,1,1,97.28000313043594,4,4,0,0,40,0,0,40,3.669
108,40,0,2,1,9.216000325977802,4,4,0,0,40,0,0,40,3.669
108,40,0,3,1,4.095999989658594,4,4,0,0,40,0,0,40,3.669
109,2,0,0,0,8.191999979317188,3,3,0,2,28,0,0,30,189.54
109,2,0,1,0,66.56000018119812,3,3,0,2,28,0,0,30,189.54
109,2,0,2,0,9.216000325977802,3,3,0,2,28,0,0,30,189.54
109,2,0,3,0,103.42399775981903,3,3,0,2,28,0,0,30,189.54
109,24,0,0,0,9.216000325977802,3,3,0,4,25,1,0,30,207.869
109,24,0,1,0,56.32000043988228,3,3,0,4,25,1,0,30,207.869
109,24,0,2,0,166.9120043516159,3,3,0,4,25,1,0,30,207.869
109,24,0,3,0,5.119999870657921,3,3,0,4,25,1,0,30,207.869
109,40,0,0,1,3436.5439414978027,3,3,0,1,29,0,0,30,68.25
109,40,0,1,1,63.48799914121628,3,3,0,1,29,0,0,30,68.25
109,40,0,2,1,10.239999741315842,3,3,0,1,29,0,0,30,68.25
109,40,0,3,1,4.095999989658594,3,3,0,1,29,0,0,30,68.25
110,2,0,0,0,9.216000325977802,4,4,0,6,33,1,0,40,258.759
110,2,0,1,0,75.77600330114365,4,4,0,6,33,1,0,40,258.759
110,2,0,2,0,162.81600296497345,4,4,0,6,33,1,0,40,258.759
110,2,0,3,0,8.191999979317188,4,4,0,6,33,1,0,40,258.759
110,24,0,0,0,9.216000325977802,4,4,0,6,33,1,0,40,208.948
110,24,0,1,0,57.34400078654289,4,4,0,6,33,1,0,40,208.948
110,24,0,2,0,168.96000504493713,4,4,0,6,33,1,0,40,208.948
110,24,0,3,0,5.119999870657921,4,4,0,6,33,1,0,40,208.948
110,40,0,0,1,9.216000325977802,4,4,0,1,39,0,0,40,77.821
110,40,0,1,1,80.89599758386612,4,4,0,1,39,0,0,40,77.821
110,40,0,2,1,9.216000325977802,4,4,0,1,39,0,0,40,77.821
110,40,0,3,1,4.095999989658594,4,4,0,1,39,0,0,40,77.821
111,2,0,0,0,8.191999979317188,4,4,0,1,39,0,0,40,70.529
111,2,0,1,0,77.82399654388428,4,4,0,1,39,0,0,40,70.529
111,2,0,2,0,9.216000325977802,4,4,0,1,39,0,0,40,70.529
111,2,0,3,0,6.144000217318535,4,4,0,1,39,0,0,40,70.529
111,24,0,0,0,7.168000098317862,4,4,0,2,38,0,0,40,247.89
111,24,0,1,0,79.8719972372055,4,4,0,2,38,0,0,40,247.89
111,24,0,2,0,9.216000325977802,4,4,0,2,38,0,0,40,247.89
111,24,0,3,0,147.45600521564484,4,4,0,2,38,0,0,40,247.89
111,40,0,0,1,9.216000325977802,4,4,0,0,40,0,0,40,1.929
111,40,0,1,1,91.13600105047226,4,4,0,0,40,0,0,40,1.929
111,40,0,2,1,9.216000325977802,4,4,0,0,40,0,0,40,1.929
111,40,0,3,1,4.095999989658594,4,4,0,0,40,0,0,40,1.929
112,2,0,0,0,8.191999979317188,4,4,0,5,34,1,0,40,287.459
112,2,0,1,0,76.80000364780426,4,4,0,5,34,1,0,40,287.459
112,2,0,2,0,163.83999586105347,4,4,0,5,34,1,0,40,287.459
112,2,0,3,0,35.840000957250595,4,4,0,5,34,1,0,40,287.459
112,24,0,0,0,9.216000325977802,4,4,0,3,37,0,0,40,287.85
112,24,0,1,0,69.63200122117996,4,4,0,3,37,0,0,40,287.85
112,24,0,2,0,9.216000325977802,4,4,0,3,37,0,0,40,287.85
112,24,0,3,0,195.5839991569519,4,4,0,3,37,0,0,40,287.85
112,40,0,0,1,2601.9840240478516,4,4,0,0,40,0,0,40,2.07
112,40,0,1,1,61.43999844789505,4,4,0,0,40,0,0,40,2.07
112,40,0,2,1,9.216000325977802,4,4,0,0,40,0,0,40,2.07
112,40,0,3,1,4.095999989658594,4,4,0,0,40,0,0,40,2.07
113,2,0,0,0,10.239999741315842,4,4,0,0,40,0,0,40,2.19
113,2,0,1,0,88.06400001049042,4,4,0,0,40,0,0,40,2.19
113,2,0,2,0,9.216000325977802,4,4,0,0,40,0,0,40,2.19
113,2,0,3,0,5.119999870657921,4,4,0,0,40,0,0,40,2.19
113,24,0,0,0,8.191999979317188,4,4,0,0,40,0,0,40,2.0
113,24,0,1,0,79.8719972372055,4,4,0,0,40,0,0,40,2.0
113,24,0,2,0,9.216000325977802,4,4,0,0,40,0,0,40,2.0
113,24,0,3,0,5.119999870657921,4,4,0,0,40,0,0,40,2.0
113,40,0,0,1,9.216000325977802,4,4,0,2,38,0,0,40,127.829
113,40,0,1,1,69.63200122117996,4,4,0,2,38,0,0,40,127.829
113,40,0,2,1,8.191999979317188,4,4,0,2,38,0,0,40,127.829
113,40,0,3,1,35.840000957250595,4,4,0,2,38,0,0,40,127.829
114,2,0,0,0,9.216000325977802,1,1,0,0,10,0,0,10,0.529
114,2,0,1,0,32.76799991726875,1,1,0,0,10,0,0,10,0.529
114,2,0,2,0,8.191999979317188,1,1,0,0,10,0,0,10,0.529
114,2,0,3,0,4.095999989658594,1,1,0,0,10,0,0,10,0.529
114,24,0,0,0,8.191999979317188,1,1,0,0,10,0,0,10,0.5
114,24,0,1,0,31.74399957060814,1,1,0,0,10,0,0,10,0.5
114,24,0,2,0,9.216000325977802,1,1,0,0,10,0,0,10,0.5
114,24,0,3,0,4.095999989658594,1,1,0,0,10,0,0,10,0.5
114,40,0,0,1,8.191999979317188,1,1,0,0,10,0,0,10,0.34
114,40,0,1,1,34.81600061058998,1,1,0,0,10,0,0,10,0.34
114,40,0,2,1,9.216000325977802,1,1,0,0,10,0,0,10,0.34
114,40,0,3,1,4.095999989658594,1,1,0,0,10,0,0,10,0.34
115,2,0,0,0,9.216000325977802,4,4,0,0,40,0,0,40,2.009
115,2,0,1,0,74.75200295448303,4,4,0,0,40,0,0,40,2.009
115,2,0,2,0,9.216000325977802,4,4,0,0,40,0,0,40,2.009
115,2,0,3,0,5.119999870657921,4,4,0,0,40,0,0,40,2.009
115,24,0,0,0,8.191999979317188,4,4,0,1,39,0,0,40,69.999
115,24,0,1,0,83.96799862384796,4,4,0,1,39,0,0,40,69.999
115,24,0,2,0,9.216000325977802,4,4,0,1,39,0,0,40,69.999
115,24,0,3,0,4.095999989658594,4,4,0,1,39,0,0,40,69.999
115,40,0,0,1,9.216000325977802,4,4,0,1,39,0,0,40,73.39
115,40,0,1,1,78.84799689054489,4,4,0,1,39,0,0,40,73.39
115,40,0,2,1,9.216000325977802,4,4,0,1,39,0,0,40,73.39
115,40,0,3,1,4.095999989658594,4,4,0,1,39,0,0,40,73.39
116,2,0,0,0,9.216000325977802,2,2,0,1,19,0,0,20,57.51
116,2,0,1,0,49.15200173854828,2,2,0,1,19,0,0,20,57.51
116,2,0,2,0,9.216000325977802,2,2,0,1,19,0,0,20,57.51
116,2,0,3,0,5.119999870657921,2,2,0,1,19,0,0,20,57.51
116,24,0,0,0,9.216000325977802,2,2,0,2,18,0,0,20,165.799
116,24,0,1,0,41.98399931192398,2,2,0,2,18,0,0,20,165.799
116,24,0,2,0,9.216000325977802,2,2,0,2,18,0,0,20,165.799
116,24,0,3,0,101.3759970664978,2,2,0,2,18,0,0,20,165.799
116,40,0,0,1,9.216000325977802,2,2,0,1,19,0,0,20,65.319
116,40,0,1,1,44.03200000524521,2,2,0,1,19,0,0,20,65.319
116,40,0,2,1,10.239999741315842,2,2,0,1,19,0,0,20,65.319
116,40,0,3,1,4.095999989658594,2,2,0,1,19,0,0,20,65.319
117,2,0,0,0,15.359999611973763,4,4,0,0,40,0,0,40,1.59
117,2,0,1,0,53.247999399900436,4,4,0,0,40,0,0,40,1.59
117,2,0,2,0,8.191999979317188,4,4,0,0,40,0,0,40,1.59
117,2,0,3,0,5.119999870657921,4,4,0,0,40,0,0,40,1.59
117,24,0,0,0,8.191999979317188,4,4,0,2,38,0,0,40,77.27
117,24,0,1,0,64.51199948787689,4,4,0,2,38,0,0,40,77.27
117,24,0,2,0,9.216000325977802,4,4,0,2,38,0,0,40,77.27
117,24,0,3,0,4.095999989658594,4,4,0,2,38,0,0,40,77.27
117,40,0,0,1,9.216000325977802,4,4,0,1,39,0,0,40,88.059
117,40,0,1,1,66.56000018119812,4,4,0,1,39,0,0,40,88.059
117,40,0,2,1,9.216000325977802,4,4,0,1,39,0,0,40,88.059
117,40,0,3,1,4.095999989658594,4,4,0,1,39,0,0,40,88.059
118,2,0,0,0,9.216000325977802,4,4,0,1,39,0,0,40,76.119
118,2,0,1,0,63.48799914121628,4,4,0,1,39,0,0,40,76.119
118,2,0,2,0,9.216000325977802,4,4,0,1,39,0,0,40,76.119
118,2,0,3,0,5.119999870657921,4,4,0,1,39,0,0,40,76.119
118,24,0,0,0,8.191999979317188,4,4,0,1,39,0,0,40,89.45
118,24,0,1,0,73.72800260782242,4,4,0,1,39,0,0,40,89.45
118,24,0,2,0,9.216000325977802,4,4,0,1,39,0,0,40,89.45
118,24,0,3,0,4.095999989658594,4,4,0,1,39,0,0,40,89.45
118,40,0,0,1,116.73600226640701,4,4,0,1,39,0,0,40,79.11
118,40,0,1,1,89.08800035715103,4,4,0,1,39,0,0,40,79.11
118,40,0,2,1,9.216000325977802,4,4,0,1,39,0,0,40,79.11
118,40,0,3,1,4.095999989658594,4,4,0,1,39,0,0,40,79.11
119,2,0,0,0,14.336000196635723,4,4,0,0,40,0,0,40,2.4
119,2,0,1,0,68.60800087451935,4,4,0,0,40,0,0,40,2.4
119,2,0,2,0,9.216000325977802,4,4,0,0,40,0,0,40,2.4
119,2,0,3,0,6.144000217318535,4,4,0,0,40,0,0,40,2.4
119,24,0,0,0,8.191999979317188,4,4,0,3,37,0,0,40,111.609
119,24,0,1,0,78.84799689054489,4,4,0,3,37,0,0,40,111.609
119,24,0,2,0,9.216000325977802,4,4,0,3,37,0,0,40,111.609
119,24,0,3,0,17.40800030529499,4,4,0,3,37,0,0,40,111.609
119,40,0,0,1,10.239999741315842,4,4,0,1,39,0,0,40,107.07
119,40,0,1,1,80.89599758386612,4,4,0,1,39,0,0,40,107.07
119,40,0,2,1,9.216000325977802,4,4,0,1,39,0,0,40,107.07
119,40,0,3,1,4.095999989658594,4,4,0,1,39,0,0,40,107.07
120,2,0,0,0,8.191999979317188,4,4,0,3,37,0,0,40,141.079
120,2,0,1,0,76.80000364780426,4,4,0,3,37,0,0,40,141.079
120,2,0,2,0,9.216000325977802,4,4,0,3,37,0,0,40,141.079
120,2,0,3,0,50.175998359918594,4,4,0,3,37,0,0,40,141.079
120,24,0,0,0,9.216000325977802,4,4,0,2,38,0,0,40,122.919
120,24,0,1,0,68.60800087451935,4,4,0,2,38,0,0,40,122.919
120,24,0,2,0,9.216000325977802,4,4,0,2,38,0,0,40,122.919
120,24,0,3,0,31.74399957060814,4,4,0,2,38,0,0,40,122.919
120,40,0,0,1,51.19999870657921,4,4,0,1,39,0,0,40,64.42
120,40,0,1,1,76.80000364780426,4,4,0,1,39,0,0,40,64.42
120,40,0,2,1,9.216000325977802,4,4,0,1,39,0,0,40,64.42
120,40,0,3,1,4.095999989658594,4,4,0,1,39,0,0,40,64.42
121,2,0,0,0,760.8320116996765,4,4,0,3,37,0,0,40,143.83
121,2,0,1,0,80.89599758386612,4,4,0,3,37,0,0,40,143.83
121,2,0,2,0,9.216000325977802,4,4,0,3,37,0,0,40,143.83
121,2,0,3,0,47.10400104522705,4,4,0,3,37,0,0,40,143.83
121,24,0,0,0,8.191999979317188,4,4,0,0,40,0,0,40,2.18
121,24,0,1,0,83.96799862384796,4,4,0,0,40,0,0,40,2.18
121,24,0,2,0,9.216000325977802,4,4,0,0,40,0,0,40,2.18
121,24,0,3,0,5.119999870657921,4,4,0,0,40,0,0,40,2.18
121,40,0,0,1,36.86400130391121,4,4,0,0,40,0,0,40,4.15
121,40,0,1,1,77.82399654388428,4,4,0,0,40,0,0,40,4.15
121,40,0,2,1,8.191999979317188,4,4,0,0,40,0,0,40,4.15
121,40,0,3,1,4.095999989658594,4,4,0,0,40,0,0,40,4.15
122,2,0,0,0,9.216000325977802,1,1,0,0,10,0,0,10,0.42
122,2,0,1,0,31.74399957060814,1,1,0,0,10,0,0,10,0.42
122,2,0,2,0,9.216000325977802,1,1,0,0,10,0,0,10,0.42
122,2,0,3,0,4.095999989658594,1,1,0,0,10,0,0,10,0.42
122,24,0,0,0,9.216000325977802,1,1,0,0,10,0,0,10,0.78
122,24,0,1,0,31.74399957060814,1,1,0,0,10,0,0,10,0.78
122,24,0,2,0,9.216000325977802,1,1,0,0,10,0,0,10,0.78
122,24,0,3,0,4.095999989658594,1,1,0,0,10,0,0,10,0.78
122,40,0,0,1,9.216000325977802,1,1,0,1,9,0,0,10,62.52
122,40,0,1,1,33.79200026392937,1,1,0,1,9,0,0,10,62.52
122,40,0,2,1,9.216000325977802,1,1,0,1,9,0,0,10,62.52
122,40,0,3,1,7.168000098317862,1,1,0,1,9,0,0,10,62.52
123,2,0,0,0,9.216000325977802,2,2,0,0,20,0,0,20,0.891
123,2,0,1,0,51.19999870657921,2,2,0,0,20,0,0,20,0.891
123,2,0,2,0,9.216000325977802,2,2,0,0,20,0,0,20,0.891
123,2,0,3,0,5.119999870657921,2,2,0,0,20,0,0,20,0.891
123,24,0,0,0,9.216000325977802,2,2,0,2,18,0,0,20,134.059
123,24,0,1,0,49.15200173854828,2,2,0,2,18,0,0,20,134.059
123,24,0,2,0,9.216000325977802,2,2,0,2,18,0,0,20,134.059
123,24,0,3,0,62.463998794555664,2,2,0,2,18,0,0,20,134.059
123,40,0,0,1,9.216000325977802,2,2,0,0,20,0,0,20,0.691
123,40,0,1,1,48.128001391887665,2,2,0,0,20,0,0,20,0.691
123,40,0,2,1,10.239999741315842,2,2,0,0,20,0,0,20,0.691
123,40,0,3,1,4.095999989658594,2,2,0,0,20,0,0,20,0.691
124,2,0,0,0,498.6880123615265,4,4,0,0,40,0,0,40,2.7
124,2,0,1,0,89.08800035715103,4,4,0,0,40,0,0,40,2.7
124,2,0,2,0,9.216000325977802,4,4,0,0,40,0,0,40,2.7
124,2,0,3,0,8.191999979317188,4,4,0,0,40,0,0,40,2.7
124,24,0,0,0,711.679995059967,4,4,0,0,40,0,0,40,5.8
124,24,0,1,0,76.80000364780426,4,4,0,0,40,0,0,40,5.8
124,24,0,2,0,9.216000325977802,4,4,0,0,40,0,0,40,5.8
124,24,0,3,0,4.095999989658594,4,4,0,0,40,0,0,40,5.8
124,40,0,0,1,15.359999611973763,4,4,0,2,38,0,0,40,130.109
124,40,0,1,1,92.16000139713287,4,4,0,2,38,0,0,40,130.109
124,40,0,2,1,10.239999741315842,4,4,0,2,38,0,0,40,130.109
124,40,0,3,1,9.216000325977802,4,4,0,2,38,0,0,40,130.109
125,2,0,0,0,15.359999611973763,4,4,0,0,40,0,0,40,1.911
125,2,0,1,0,84.99199897050858,4,4,0,0,40,0,0,40,1.911
125,2,0,2,0,9.216000325977802,4,4,0,0,40,0,0,40,1.911
125,2,0,3,0,5.119999870657921,4,4,0,0,40,0,0,40,1.911
125,24,0,0,0,9.216000325977802,4,4,0,3,36,1,0,40,263.029
125,24,0,1,0,88.06400001049042,4,4,0,3,36,1,0,40,263.029
125,24,0,2,0,163.83999586105347,4,4,0,3,36,1,0,40,263.029
125,24,0,3,0,4.095999989658594,4,4,0,3,36,1,0,40,263.029
125,40,0,0,1,9.216000325977802,4,4,0,1,39,0,0,40,130.159
125,40,0,1,1,96.25600278377533,4,4,0,1,39,0,0,40,130.159
125,40,0,2,1,8.191999979317188,4,4,0,1,39,0,0,40,130.159
125,40,0,3,1,12.28800043463707,4,4,0,1,39,0,0,40,130.159
126,2,0,0,0,8.191999979317188,4,4,0,1,39,0,0,40,65.86
126,2,0,1,0,81.91999793052673,4,4,0,1,39,0,0,40,65.86
126,2,0,2,0,9.216000325977802,4,4,0,1,39,0,0,40,65.86
126,2,0,3,0,5.119999870657921,4,4,0,1,39,0,0,40,65.86
126,24,0,0,0,8.191999979317188,4,4,0,3,37,0,0,40,225.229
126,24,0,1,0,61.43999844789505,4,4,0,3,37,0,0,40,225.229
126,24,0,2,0,10.239999741315842,4,4,0,3,37,0,0,40,225.229
126,24,0,3,0,140.28799533843994,4,4,0,3,37,0,0,40,225.229
126,40,0,0,1,9.216000325977802,4,4,0,0,40,0,0,40,1.48
126,40,0,1,1,75.77600330114365,4,4,0,0,40,0,0,40,1.48
126,40,0,2,1,9.216000325977802,4,4,0,0,40,0,0,40,1.48
126,40,0,3,1,4.095999989658594,4,4,0,0,40,0,0,40,1.48
127,2,0,0,0,14.336000196635723,4,4,0,0,40,0,0,40,3.76
127,2,0,1,0,91.13600105047226,4,4,0,0,40,0,0,40,3.76
127,2,0,2,0,9.216000325977802,4,4,0,0,40,0,0,40,3.76
127,2,0,3,0,5.119999870657921,4,4,0,0,40,0,0,40,3.76
127,24,0,0,0,8.191999979317188,4,4,0,0,40,0,0,40,3.16
127,24,0,1,0,71.68000191450119,4,4,0,0,40,0,0,40,3.16
127,24,0,2,0,9.216000325977802,4,4,0,0,40,0,0,40,3.16
127,24,0,3,0,4.095999989658594,4,4,0,0,40,0,0,40,3.16
127,40,0,0,1,9.216000325977802,4,4,0,0,40,0,0,40,3.64
127,40,0,1,1,65.5359998345375,4,4,0,0,40,0,0,40,3.64
127,40,0,2,1,8.191999979317188,4,4,0,0,40,0,0,40,3.64
127,40,0,3,1,4.095999989658594,4,4,0,0,40,0,0,40,3.64
128,2,0,0,0,9.216000325977802,4,4,0,1,39,0,0,40,72.109
128,2,0,1,0,87.0399996638298,4,4,0,1,39,0,0,40,72.109
128,2,0,2,0,9.216000325977802,4,4,0,1,39,0,0,40,72.109
128,2,0,3,0,5.119999870657921,4,4,0,1,39,0,0,40,72.109
128,24,0,0,0,8.191999979317188,4,4,0,1,39,0,0,40,77.94
128,24,0,1,0,71.68000191450119,4,4,0,1,39,0,0,40,77.94
128,24,0,2,0,9.216000325977802,4,4,0,1,39,0,0,40,77.94
128,24,0,3,0,4.095999989658594,4,4,0,1,39,0,0,40,77.94
128,40,0,0,1,9.216000325977802,4,4,0,0,40,0,0,40,1.4
128,40,0,1,1,79.8719972372055,4,4,0,0,40,0,0,40,1.4
128,40,0,2,1,9.216000325977802,4,4,0,0,40,0,0,40,1.4
128,40,0,3,1,4.095999989658594,4,4,0,0,40,0,0,40,1.4
129,2,0,0,0,14.336000196635723,4,4,0,0,40,0,0,40,2.96
129,2,0,1,0,86.01599931716919,4,4,0,0,40,0,0,40,2.96
129,2,0,2,0,8.191999979317188,4,4,0,0,40,0,0,40,2.96
129,2,0,3,0,5.119999870657921,4,4,0,0,40,0,0,40,2.96
129,24,0,0,0,8.191999979317188,4,4,0,4,36,0,0,40,111.57
129,24,0,1,0,69.63200122117996,4,4,0,4,36,0,0,40,111.57
129,24,0,2,0,9.216000325977802,4,4,0,4,36,0,0,40,111.57
129,24,0,3,0,21.503999829292297,4,4,0,4,36,0,0,40,111.57
129,40,0,0,1,9.216000325977802,4,4,0,0,40,0,0,40,1.58
129,40,0,1,1,65.5359998345375,4,4,0,0,40,0,0,40,1.58
129,40,0,2,1,9.216000325977802,4,4,0,0,40,0,0,40,1.58
129,40,0,3,1,4.095999989658594,4,4,0,0,40,0,0,40,1.58
130,2,0,0,0,14.336000196635723,4,4,0,0,40,0,0,40,1.689
130,2,0,1,0,66.56000018119812,4,4,0,0,40,0,0,40,1.689
130,2,0,2,0,9.216000325977802,4,4,0,0,40,0,0,40,1.689
130,2,0,3,0,5.119999870657921,4,4,0,0,40,0,0,40,1.689
130,24,0,0,0,8.191999979317188,4,4,0,0,40,0,0,40,1.53
130,24,0,1,0,55.296000093221664,4,4,0,0,40,0,0,40,1.53
130,24,0,2,0,9.216000325977802,4,4,0,0,40,0,0,40,1.53
130,24,0,3,0,4.095999989658594,4,4,0,0,40,0,0,40,1.53
130,40,0,0,1,15.359999611973763,4,4,0,0,40,0,0,40,1.66
130,40,0,1,1,63.48799914121628,4,4,0,0,40,0,0,40,1.66
130,40,0,2,1,9.216000325977802,4,4,0,0,40,0,0,40,1.66
130,40,0,3,1,4.095999989658594,4,4,0,0,40,0,0,40,1.66
131,2,0,0,0,9.216000325977802,1,1,0,0,10,0,0,10,0.46
131,2,0,1,0,31.74399957060814,1,1,0,0,10,0,0,10,0.46
131,2,0,2,0,9.216000325977802,1,1,0,0,10,0,0,10,0.46
131,2,0,3,0,4.095999989658594,1,1,0,0,10,0,0,10,0.46
131,24,0,0,0,9.216000325977802,1,1,0,2,8,0,0,10,92.529
131,24,0,1,0,27.648000046610832,1,1,0,2,8,0,0,10,92.529
131,24,0,2,0,9.216000325977802,1,1,0,2,8,0,0,10,92.529
131,24,0,3,0,41.98399931192398,1,1,0,2,8,0,0,10,92.529
131,40,0,0,1,9.216000325977802,1,1,0,0,10,0,0,10,0.48
131,40,0,1,1,34.81600061058998,1,1,0,0,10,0,0,10,0.48
131,40,0,2,1,9.216000325977802,1,1,0,0,10,0,0,10,0.48
131,40,0,3,1,4.095999989658594,1,1,0,0,10,0,0,10,0.48
132,2,0,0,0,8.191999979317188,4,4,0,3,37,0,0,40,158.12
132,2,0,1,0,77.82399654388428,4,4,0,3,37,0,0,40,158.12
132,2,0,2,0,9.216000325977802,4,4,0,3,37,0,0,40,158.12
132,2,0,3,0,58.36800113320351,4,4,0,3,37,0,0,40,158.12
132,24,0,0,0,8.191999979317188,4,4,0,2,38,0,0,40,102.43
132,24,0,1,0,68.60800087451935,4,4,0,2,38,0,0,40,102.43
132,24,0,2,0,9.216000325977802,4,4,0,2,38,0,0,40,102.43
132,24,0,3,0,13.311999849975109,4,4,0,2,38,0,0,40,102.43
132,40,0,0,1,9.216000325977802,4,4,0,3,36,1,0,40,180.6
132,40,0,1,1,57.34400078654289,4,4,0,3,36,1,0,40,180.6
132,40,0,2,1,194.5600062608719,4,4,0,3,36,1,0,40,180.6
132,40,0,3,1,5.119999870657921,4,4,0,3,36,1,0,40,180.6
133,2,0,0,0,9.216000325977802,4,4,0,5,34,1,0,40,437.018
133,2,0,1,0,73.72800260782242,4,4,0,5,34,1,0,40,437.018
133,2,0,2,0,163.83999586105347,4,4,0,5,34,1,0,40,437.018
133,2,0,3,0,187.391996383667,4,4,0,5,34,1,0,40,437.018
133,24,0,0,0,9.216000325977802,4,4,0,3,37,0,0,40,139.59
133,24,0,1,0,75.77600330114365,4,4,0,3,37,0,0,40,139.59
133,24,0,2,0,9.216000325977802,4,4,0,3,37,0,0,40,139.59
133,24,0,3,0,46.08000069856644,4,4,0,3,37,0,0,40,139.59
133,40,0,0,1,15.359999611973763,4,4,0,2,38,0,0,40,116.609
133,40,0,1,1,89.08800035715103,4,4,0,2,38,0,0,40,116.609
133,40,0,2,1,9.216000325977802,4,4,0,2,38,0,0,40,116.609
133,40,0,3,1,4.095999989658594,4,4,0,2,38,0,0,40,116.609
134,2,0,0,0,15.359999611973763,4,4,0,0,40,0,0,40,1.61
134,2,0,1,0,75.77600330114365,4,4,0,0,40,0,0,40,1.61
134,2,0,2,0,9.216000325977802,4,4,0,0,40,0,0,40,1.61
134,2,0,3,0,6.144000217318535,4,4,0,0,40,0,0,40,1.61
134,24,0,0,0,9.216000325977802,4,4,0,0,40,0,0,40,1.311
134,24,0,1,0,63.48799914121628,4,4,0,0,40,0,0,40,1.311
134,24,0,2,0,9.216000325977802,4,4,0,0,40,0,0,40,1.311
134,24,0,3,0,4.095999989658594,4,4,0,0,40,0,0,40,1.311
134,40,0,0,1,8.191999979317188,4,4,0,1,39,0,0,40,74.14
134,40,0,1,1,70.65600156784058,4,4,0,1,39,0,0,40,74.14
134,40,0,2,1,9.216000325977802,4,4,0,1,39,0,0,40,74.14
134,40,0,3,1,4.095999989658594,4,4,0,1,39,0,0,40,74.14
135,2,0,0,0,15.359999611973763,4,4,0,0,40,0,0,40,1.78
135,2,0,1,0,84.99199897050858,4,4,0,0,40,0,0,40,1.78
135,2,0,2,0,9.216000325977802,4,4,0,0,40,0,0,40,1.78
135,2,0,3,0,4.095999989658594,4,4,0,0,40,0,0,40,1.78
135,24,0,0,0,8.191999979317188,4,4,0,0,40,0,0,40,3.589
135,24,0,1,0,60.416001826524734,4,4,0,0,40,0,0,40,3.589
135,24,0,2,0,9.216000325977802,4,4,0,0,40,0,0,40,3.589
135,24,0,3,0,4.095999989658594,4,4,0,0,40,0,0,40,3.589
135,40,0,0,1,9.216000325977802,4,4,0,2,38,0,0,40,121.96
135,40,0,1,1,58.36800113320351,4,4,0,2,38,0,0,40,121.96
135,40,0,2,1,8.191999979317188,4,4,0,2,38,0,0,40,121.96
135,40,0,3,1,43.007999658584595,4,4,0,2,38,0,0,40,121.96
136,2,0,0,0,9.216000325977802,4,4,0,1,39,0,0,40,71.299
136,2,0,1,0,75.77600330114365,4,4,0,1,39,0,0,40,71.299
136,2,0,2,0,9.216000325977802,4,4,0,1,39,0,0,40,71.299
136,2,0,3,0,5.119999870657921,4,4,0,1,39,0,0,40,71.299
136,24,0,0,0,8.191999979317188,4,4,0,0,40,0,0,40,2.0
136,24,0,1,0,69.63200122117996,4,4,0,0,40,0,0,40,2.0
136,24,0,2,0,9.216000325977802,4,4,0,0,40,0,0,40,2.0
136,24,0,3,0,4.095999989658594,4,4,0,0,40,0,0,40,2.0
136,40,0,0,1,8.191999979317188,4,4,0,2,38,0,0,40,74.31
136,40,0,1,1,63.48799914121628,4,4,0,2,38,0,0,40,74.31
136,40,0,2,1,9.216000325977802,4,4,0,2,38,0,0,40,74.31
136,40,0,3,1,4.095999989658594,4,4,0,2,38,0,0,40,74.31
137,2,0,0,0,9.216000325977802,1,1,0,0,10,0,0,10,0.451
137,2,0,1,0,31.74399957060814,1,1,0,0,10,0,0,10,0.451
137,2,0,2,0,8.191999979317188,1,1,0,0,10,0,0,10,0.451
137,2,0,3,0,4.095999989658594,1,1,0,0,10,0,0,10,0.451
137,24,0,0,0,8.191999979317188,1,1,0,0,10,0,0,10,0.329
137,24,0,1,0,31.74399957060814,1,1,0,0,10,0,0,10,0.329
137,24,0,2,0,9.216000325977802,1,1,0,0,10,0,0,10,0.329
137,24,0,3,0,4.095999989658594,1,1,0,0,10,0,0,10,0.329
137,40,0,0,1,9.216000325977802,1,1,0,0,10,0,0,10,0.32
137,40,0,1,1,34.81600061058998,1,1,0,0,10,0,0,10,0.32
137,40,0,2,1,9.216000325977802,1,1,0,0,10,0,0,10,0.32
137,40,0,3,1,4.095999989658594,1,1,0,0,10,0,0,10,0.32
138,2,0,0,0,10.239999741315842,4,4,0,1,39,0,0,40,158.26
138,2,0,1,0,88.06400001049042,4,4,0,1,39,0,0,40,158.26
138,2,0,2,0,8.191999979317188,4,4,0,1,39,0,0,40,158.26
138,2,0,3,0,47.10400104522705,4,4,0,1,39,0,0,40,158.26
138,24,0,0,0,7.168000098317862,4,4,0,0,40,0,0,40,3.3
138,24,0,1,0,84.99199897050858,4,4,0,0,40,0,0,40,3.3
138,24,0,2,0,9.216000325977802,4,4,0,0,40,0,0,40,3.3
138,24,0,3,0,4.095999989658594,4,4,0,0,40,0,0,40,3.3
138,40,0,0,1,15.359999611973763,4,4,0,1,39,0,0,40,106.899
138,40,0,1,1,83.96799862384796,4,4,0,1,39,0,0,40,106.899
138,40,0,2,1,9.216000325977802,4,4,0,1,39,0,0,40,106.899
138,40,0,3,1,4.095999989658594,4,4,0,1,39,0,0,40,106.899
139,2,0,0,0,8.191999979317188,4,4,0,1,39,0,0,40,131.61
139,2,0,1,0,90.11200070381165,4,4,0,1,39,0,0,40,131.61
139,2,0,2,0,9.216000325977802,4,4,0,1,39,0,0,40,131.61
139,2,0,3,0,19.45599913597107,4,4,0,1,39,0,0,40,131.61
139,24,0,0,0,9.216000325977802,4,4,0,0,40,0,0,40,1.38
139,24,0,1,0,83.96799862384796,4,4,0,0,40,0,0,40,1.38
139,24,0,2,0,9.216000325977802,4,4,0,0,40,0,0,40,1.38
139,24,0,3,0,4.095999989658594,4,4,0,0,40,0,0,40,1.38
139,40,0,0,1,8.191999979317188,4,4,0,1,39,0,0,40,64.089
139,40,0,1,1,80.89599758386612,4,4,0,1,39,0,0,40,64.089
139,40,0,2,1,9.216000325977802,4,4,0,1,39,0,0,40,64.089
139,40,0,3,1,5.119999870657921,4,4,0,1,39,0,0,40,64.089
140,2,0,0,0,8.191999979317188,4,4,0,4,35,1,0,40,2184.322
140,2,0,1,0,75.77600330114365,4,4,0,4,35,1,0,40,2184.322
140,2,0,2,0,172.03199863433838,4,4,0,4,35,1,0,40,2184.322
140,2,0,3,0,1925.1199960708618,4,4,0,4,35,1,0,40,2184.322
140,24,0,0,0,9.216000325977802,4,4,0,2,38,0,0,40,118.32
140,24,0,1,0,65.5359998345375,4,4,0,2,38,0,0,40,118.32
140,24,0,2,0,9.216000325977802,4,4,0,2,38,0,0,40,118.32
140,24,0,3,0,29.69600073993206,4,4,0,2,38,0,0,40,118.32
140,40,0,0,1,8.191999979317188,4,4,0,0,40,0,0,40,3.42
140,40,0,1,1,65.5359998345375,4,4,0,0,40,0,0,40,3.42
140,40,0,2,1,9.216000325977802,4,4,0,0,40,0,0,40,3.42
140,40,0,3,1,4.095999989658594,4,4,0,0,40,0,0,40,3.42
141,2,0,0,0,9.216000325977802,4,4,0,1,39,0,0,40,66.319
141,2,0,1,0,74.75200295448303,4,4,0,1,39,0,0,40,66.319
141,2,0,2,0,8.191999979317188,4,4,0,1,39,0,0,40,66.319
141,2,0,3,0,5.119999870657921,4,4,0,1,39,0,0,40,66.319
141,24,0,0,0,8.191999979317188,4,4,0,2,38,0,0,40,69.889
141,24,0,1,0,58.36800113320351,4,4,0,2,38,0,0,40,69.889
141,24,0,2,0,9.216000325977802,4,4,0,2,38,0,0,40,69.889
141,24,0,3,0,4.095999989658594,4,4,0,2,38,0,0,40,69.889
141,40,0,0,1,9.216000325977802,4,4,0,1,39,0,0,40,77.97
141,40,0,1,1,66.56000018119812,4,4,0,1,39,0,0,40,77.97
141,40,0,2,1,8.191999979317188,4,4,0,1,39,0,0,40,77.97
141,40,0,3,1,4.095999989658594,4,4,0,1,39,0,0,40,77.97
142,2,0,0,0,8.191999979317188,2,2,0,0,20,0,0,20,0.931
142,2,0,1,0,47.10400104522705,2,2,0,0,20,0,0,20,0.931
142,2,0,2,0,9.216000325977802,2,2,0,0,20,0,0,20,0.931
142,2,0,3,0,5.119999870657921,2,2,0,0,20,0,0,20,0.931
142,24,0,0,0,9.216000325977802,2,2,0,0,20,0,0,20,0.8
142,24,0,1,0,47.10400104522705,2,2,0,0,20,0,0,20,0.8
142,24,0,2,0,9.216000325977802,2,2,0,0,20,0,0,20,0.8
142,24,0,3,0,4.095999989658594,2,2,0,0,20,0,0,20,0.8
142,40,0,0,1,9.216000325977802,2,2,0,3,17,0,0,20,249.919
142,40,0,1,1,44.03200000524521,2,2,0,3,17,0,0,20,249.919
142,40,0,2,1,11.264000087976456,2,2,0,3,17,0,0,20,249.919
142,40,0,3,1,180.2240014076233,2,2,0,3,17,0,0,20,249.919
143,2,0,0,0,8.191999979317188,4,4,0,1,39,0,0,40,61.249
143,2,0,1,0,80.89599758386612,4,4,0,1,39,0,0,40,61.249
143,2,0,2,0,9.216000325977802,4,4,0,1,39,0,0,40,61.249
143,2,0,3,0,5.119999870657921,4,4,0,1,39,0,0,40,61.249
143,24,0,0,0,8.191999979317188,4,4,0,3,37,0,0,40,205.209
143,24,0,1,0,62.463998794555664,4,4,0,3,37,0,0,40,205.209
143,24,0,2,0,9.216000325977802,4,4,0,3,37,0,0,40,205.209
143,24,0,3,0,121.85599654912949,4,4,0,3,37,0,0,40,205.209
143,40,0,0,1,9.216000325977802,4,4,0,0,40,0,0,40,1.391
143,40,0,1,1,65.5359998345375,4,4,0,0,40,0,0,40,1.391
143,40,0,2,1,9.216000325977802,4,4,0,0,40,0,0,40,1.391
143,40,0,3,1,4.095999989658594,4,4,0,0,40,0,0,40,1.391
144,2,0,0,0,9.216000325977802,4,4,0,1,39,0,0,40,68.509
144,2,0,1,0,64.51199948787689,4,4,0,1,39,0,0,40,68.509
144,2,0,2,0,9.216000325977802,4,4,0,1,39,0,0,40,68.509
144,2,0,3,0,5.119999870657921,4,4,0,1,39,0,0,40,68.509
144,24,0,0,0,8.191999979317188,4,4,0,3,37,0,0,40,110.659
144,24,0,1,0,66.56000018119812,4,4,0,3,37,0,0,40,110.659
144,24,0,2,0,9.216000325977802,4,4,0,3,37,0,0,40,110.659
144,24,0,3,0,21.503999829292297,4,4,0,3,37,0,0,40,110.659
144,40,0,0,1,17.40800030529499,4,4,0,1,39,0,0,40,67.869
144,40,0,1,1,61.43999844789505,4,4,0,1,39,0,0,40,67.869
144,40,0,2,1,9.216000325977802,4,4,0,1,39,0,0,40,67.869
144,40,0,3,1,4.095999989658594,4,4,0,1,39,0,0,40,67.869
145,2,0,0,0,9.216000325977802,2,2,0,0,20,0,0,20,3.12
145,2,0,1,0,51.19999870657921,2,2,0,0,20,0,0,20,3.12
145,2,0,2,0,9.216000325977802,2,2,0,0,20,0,0,20,3.12
145,2,0,3,0,5.119999870657921,2,2,0,0,20,0,0,20,3.12
145,24,0,0,0,10.239999741315842,2,2,0,0,20,0,0,20,0.61
145,24,0,1,0,39.93599861860275,2,2,0,0,20,0,0,20,0.61
145,24,0,2,0,9.216000325977802,2,2,0,0,20,0,0,20,0.61
145,24,0,3,0,4.095999989658594,2,2,0,0,20,0,0,20,0.61
145,40,0,0,1,11.264000087976456,2,2,0,1,19,0,0,20,56.9
145,40,0,1,1,47.10400104522705,2,2,0,1,19,0,0,20,56.9
145,40,0,2,1,9.216000325977802,2,2,0,1,19,0,0,20,56.9
145,40,0,3,1,4.095999989658594,2,2,0,1,19,0,0,20,56.9
146,2,0,0,0,9.216000325977802,4,4,0,1,39,0,0,40,71.47
146,2,0,1,0,61.43999844789505,4,4,0,1,39,0,0,40,71.47
146,2,0,2,0,9.216000325977802,4,4,0,1,39,0,0,40,71.47
146,2,0,3,0,5.119999870657921,4,4,0,1,39,0,0,40,71.47
146,24,0,0,0,9.216000325977802,4,4,0,0,40,0,0,40,1.731
146,24,0,1,0,60.416001826524734,4,4,0,0,40,0,0,40,1.731
146,24,0,2,0,9.216000325977802,4,4,0,0,40,0,0,40,1.731
146,24,0,3,0,4.095999989658594,4,4,0,0,40,0,0,40,1.731
146,40,0,0,1,9.216000325977802,4,4,0,0,40,0,0,40,2.9
146,40,0,1,1,55.296000093221664,4,4,0,0,40,0,0,40,2.9
146,40,0,2,1,9.216000325977802,4,4,0,0,40,0,0,40,2.9
146,40,0,3,1,4.095999989658594,4,4,0,0,40,0,0,40,2.9
147,2,0,0,0,8.191999979317188,2,2,0,0,20,0,0,20,1.169
147,2,0,1,0,44.03200000524521,2,2,0,0,20,0,0,20,1.169
147,2,0,2,0,9.216000325977802,2,2,0,0,20,0,0,20,1.169
147,2,0,3,0,5.119999870657921,2,2,0,0,20,0,0,20,1.169
147,24,0,0,0,11.264000087976456,2,2,0,2,18,0,0,20,108.32
147,24,0,1,0,43.007999658584595,2,2,0,2,18,0,0,20,108.32
147,24,0,2,0,9.216000325977802,2,2,0,2,18,0,0,20,108.32
147,24,0,3,0,40.95999896526337,2,2,0,2,18,0,0,20,108.32
147,40,0,0,1,10.239999741315842,2,2,0,3,17,0,0,20,132.159
147,40,0,1,1,50.175998359918594,2,2,0,3,17,0,0,20,132.159
147,40,0,2,1,9.216000325977802,2,2,0,3,17,0,0,20,132.159
147,40,0,3,1,58.36800113320351,2,2,0,3,17,0,0,20,132.159
148,2,0,0,0,13.311999849975109,4,4,0,0,40,0,0,40,1.75
148,2,0,1,0,80.89599758386612,4,4,0,0,40,0,0,40,1.75
148,2,0,2,0,8.191999979317188,4,4,0,0,40,0,0,40,1.75
148,2,0,3,0,5.119999870657921,4,4,0,0,40,0,0,40,1.75
148,24,0,0,0,8.191999979317188,4,4,0,3,37,0,0,40,155.679
148,24,0,1,0,67.58400052785873,4,4,0,3,37,0,0,40,155.679
148,24,0,2,0,10.239999741315842,4,4,0,3,37,0,0,40,155.679
148,24,0,3,0,65.5359998345375,4,4,0,3,37,0,0,40,155.679
148,40,0,0,1,8.191999979317188,4,4,0,0,40,0,0,40,1.78
148,40,0,1,1,55.296000093221664,4,4,0,0,40,0,0,40,1.78
148,40,0,2,1,9.216000325977802,4,4,0,0,40,0,0,40,1.78
148,40,0,3,1,4.095999989658594,4,4,0,0,40,0,0,40,1.78
149,2,0,0,0,8.191999979317188,3,3,0,1,29,0,0,30,70.42
149,2,0,1,0,58.36800113320351,3,3,0,1,29,0,0,30,70.42
149,2,0,2,0,9.216000325977802,3,3,0,1,29,0,0,30,70.42
149,2,0,3,0,5.119999870657921,3,3,0,1,29,0,0,30,70.42
149,24,0,0,0,9.216000325977802,3,3,0,0,30,0,0,30,1.48
149,24,0,1,0,54.27199974656105,3,3,0,0,30,0,0,30,1.48
149,24,0,2,0,9.216000325977802,3,3,0,0,30,0,0,30,1.48
149,24,0,3,0,5.119999870657921,3,3,0,0,30,0,0,30,1.48
149,40,0,0,1,10.239999741315842,3,3,0,0,30,0,0,30,1.26
149,40,0,1,1,54.27199974656105,3,3,0,0,30,0,0,30,1.26
149,40,0,2,1,9.216000325977802,3,3,0,0,30,0,0,30,1.26
149,40,0,3,1,5.119999870657921,3,3,0,0,30,0,0,30,1.26
150,2,0,0,0,8.191999979317188,4,4,0,1,39,0,0,40,63.19
150,2,0,1,0,64.51199948787689,4,4,0,1,39,0,0,40,63.19
150,2,0,2,0,9.216000325977802,4,4,0,1,39,0,0,40,63.19
150,2,0,3,0,8.191999979317188,4,4,0,1,39,0,0,40,63.19
150,24,0,0,0,2755.5840015411377,4,4,0,0,40,0,0,40,2.46
150,24,0,1,0,73.72800260782242,4,4,0,0,40,0,0,40,2.46
150,24,0,2,0,9.216000325977802,4,4,0,0,40,0,0,40,2.46
150,24,0,3,0,4.095999989658594,4,4,0,0,40,0,0,40,2.46
150,40,0,0,1,9.216000325977802,4,4,0,0,40,0,0,40,1.61
150,40,0,1,1,53.247999399900436,4,4,0,0,40,0,0,40,1.61
150,40,0,2,1,9.216000325977802,4,4,0,0,40,0,0,40,1.61
150,40,0,3,1,4.095999989658594,4,4,0,0,40,0,0,40,1.61
151,2,0,0,0,8.191999979317188,4,4,0,0,40,0,0,40,1.75
151,2,0,1,0,89.08800035715103,4,4,0,0,40,0,0,40,1.75
151,2,0,2,0,9.216000325977802,4,4,0,0,40,0,0,40,1.75
151,2,0,3,0,6.144000217318535,4,4,0,0,40,0,0,40,1.75
151,24,0,0,0,7.168000098317862,4,4,0,2,38,0,0,40,70.58
151,24,0,1,0,74.75200295448303,4,4,0,2,38,0,0,40,70.58
151,24,0,2,0,8.191999979317188,4,4,0,2,38,0,0,40,70.58
151,24,0,3,0,3.0720001086592674,4,4,0,2,38,0,0,40,70.58
151,40,0,0,1,10.239999741315842,4,4,0,2,38,0,0,40,116.209
151,40,0,1,1,75.77600330114365,4,4,0,2,38,0,0,40,116.209
151,40,0,2,1,10.239999741315842,4,4,0,2,38,0,0,40,116.209
151,40,0,3,1,17.40800030529499,4,4,0,2,38,0,0,40,116.209
152,2,0,0,0,9.216000325977802,4,4,0,4,36,0,0,40,156.059
152,2,0,1,0,79.8719972372055,4,4,0,4,36,0,0,40,156.059
152,2,0,2,0,9.216000325977802,4,4,0,4,36,0,0,40,156.059
152,2,0,3,0,55.296000093221664,4,4,0,4,36,0,0,40,156.059
152,24,0,0,0,8.191999979317188,4,4,0,4,36,0,0,40,214.489
152,24,0,1,0,66.56000018119812,4,4,0,4,36,0,0,40,214.489
152,24,0,2,0,9.216000325977802,4,4,0,4,36,0,0,40,214.489
152,24,0,3,0,126.97599828243256,4,4,0,4,36,0,0,40,214.489
152,40,0,0,1,9.216000325977802,4,4,0,3,36,1,0,40,160.71
152,40,0,1,1,70.65600156784058,4,4,0,3,36,1,0,40,160.71
152,40,0,2,1,190.46400487422943,4,4,0,3,36,1,0,40,160.71
152,40,0,3,1,5.119999870657921,4,4,0,3,36,1,0,40,160.71
153,2,0,0,0,14.336000196635723,4,4,0,0,40,0,0,40,1.69
153,2,0,1,0,65.5359998345375,4,4,0,0,40,0,0,40,1.69
153,2,0,2,0,8.191999979317188,4,4,0,0,40,0,0,40,1.69
153,2,0,3,0,5.119999870657921,4,4,0,0,40,0,0,40,1.69
153,24,0,0,0,8.191999979317188,4,4,0,1,39,0,0,40,62.719
153,24,0,1,0,68.60800087451935,4,4,0,1,39,0,0,40,62.719
153,24,0,2,0,9.216000325977802,4,4,0,1,39,0,0,40,62.719
153,24,0,3,0,4.095999989658594,4,4,0,1,39,0,0,40,62.719
153,40,0,0,1,16.383999958634377,4,4,0,1,39,0,0,40,67.3
153,40,0,1,1,51.19999870657921,4,4,0,1,39,0,0,40,67.3
153,40,0,2,1,9.216000325977802,4,4,0,1,39,0,0,40,67.3
153,40,0,3,1,4.095999989658594,4,4,0,1,39,0,0,40,67.3
154,2,0,0,0,9.216000325977802,3,3,0,0,30,0,0,30,1.24
154,2,0,1,0,73.72800260782242,3,3,0,0,30,0,0,30,1.24
154,2,0,2,0,9.216000325977802,3,3,0,0,30,0,0,30,1.24
154,2,0,3,0,6.144000217318535,3,3,0,0,30,0,0,30,1.24
154,24,0,0,0,10.239999741315842,3,3,0,0,30,0,0,30,2.449
154,24,0,1,0,51.19999870657921,3,3,0,0,30,0,0,30,2.449
154,24,0,2,0,9.216000325977802,3,3,0,0,30,0,0,30,2.449
154,24,0,3,0,4.095999989658594,3,3,0,0,30,0,0,30,2.449
154,40,0,0,1,9.216000325977802,3,3,0,0,30,0,0,30,1.08
154,40,0,1,1,49.15200173854828,3,3,0,0,30,0,0,30,1.08
154,40,0,2,1,9.216000325977802,3,3,0,0,30,0,0,30,1.08
154,40,0,3,1,4.095999989658594,3,3,0,0,30,0,0,30,1.08
155,2,0,0,0,9.216000325977802,4,4,0,0,40,0,0,40,1.76
155,2,0,1,0,84.99199897050858,4,4,0,0,40,0,0,40,1.76
155,2,0,2,0,9.216000325977802,4,4,0,0,40,0,0,40,1.76
155,2,0,3,0,6.144000217318535,4,4,0,0,40,0,0,40,1.76
155,24,0,0,0,8.191999979317188,4,4,0,2,38,0,0,40,187.988
155,24,0,1,0,75.77600330114365,4,4,0,2,38,0,0,40,187.988
155,24,0,2,0,9.216000325977802,4,4,0,2,38,0,0,40,187.988
155,24,0,3,0,91.13600105047226,4,4,0,2,38,0,0,40,187.988
155,40,0,0,1,9.216000325977802,4,4,0,2,38,0,0,40,140.109
155,40,0,1,1,65.5359998345375,4,4,0,2,38,0,0,40,140.109
155,40,0,2,1,9.216000325977802,4,4,0,2,38,0,0,40,140.109
155,40,0,3,1,55.296000093221664,4,4,0,2,38,0,0,40,140.109
156,2,0,0,0,9.216000325977802,2,2,0,0,20,0,0,20,0.86
156,2,0,1,0,49.15200173854828,2,2,0,0,20,0,0,20,0.86
156,2,0,2,0,9.216000325977802,2,2,0,0,20,0,0,20,0.86
156,2,0,3,0,5.119999870657921,2,2,0,0,20,0,0,20,0.86
156,24,0,0,0,11.264000087976456,2,2,0,1,19,0,0,20,52.51
156,24,0,1,0,48.128001391887665,2,2,0,1,19,0,0,20,52.51
156,24,0,2,0,9.216000325977802,2,2,0,1,19,0,0,20,52.51
156,24,0,3,0,4.095999989658594,2,2,0,1,19,0,0,20,52.51
156,40,0,0,1,9.216000325977802,2,2,0,0,20,0,0,20,0.789
156,40,0,1,1,51.19999870657921,2,2,0,0,20,0,0,20,0.789
156,40,0,2,1,9.216000325977802,2,2,0,0,20,0,0,20,0.789
156,40,0,3,1,3.0720001086592674,2,2,0,0,20,0,0,20,0.789
157,2,0,0,0,9.216000325977802,4,4,0,1,39,0,0,40,270.959
157,2,0,1,0,75.77600330114365,4,4,0,1,39,0,0,40,270.959
157,2,0,2,0,9.216000325977802,4,4,0,1,39,0,0,40,270.959
157,2,0,3,0,175.10400712490082,4,4,0,1,39,0,0,40,270.959
157,24,0,0,0,8.191999979317188,4,4,0,6,32,2,0,40,826.856
157,24,0,1,0,71.68000191450119,4,4,0,6,32,2,0,40,826.856
157,24,0,2,0,312.3199939727783,4,4,0,6,32,2,0,40,826.856
157,24,0,3,0,432.12801218032837,4,4,0,6,32,2,0,40,826.856
157,40,0,0,1,8.191999979317188,4,4,0,1,39,0,0,40,65.28
157,40,0,1,1,87.0399996638298,4,4,0,1,39,0,0,40,65.28
157,40,0,2,1,9.216000325977802,4,4,0,1,39,0,0,40,65.28
157,40,0,3,1,4.095999989658594,4,4,0,1,39,0,0,40,65.28
158,2,0,0,0,15.359999611973763,4,4,0,1,39,0,0,40,60.849
158,2,0,1,0,82.94399827718735,4,4,0,1,39,0,0,40,60.849
158,2,0,2,0,8.191999979317188,4,4,0,1,39,0,0,40,60.849
158,2,0,3,0,5.119999870657921,4,4,0,1,39,0,0,40,60.849
158,24,0,0,0,8.191999979317188,4,4,0,4,35,1,0,40,183.71
158,24,0,1,0,63.48799914121628,4,4,0,4,35,1,0,40,183.71
158,24,0,2,0,165.8879965543747,4,4,0,4,35,1,0,40,183.71
158,24,0,3,0,4.095999989658594,4,4,0,4,35,1,0,40,183.71
158,40,0,0,1,8.191999979317188,4,4,0,1,39,0,0,40,75.97
158,40,0,1,1,72.7040022611618,4,4,0,1,39,0,0,40,75.97
158,40,0,2,1,9.216000325977802,4,4,0,1,39,0,0,40,75.97
158,40,0,3,1,4.095999989658594,4,4,0,1,39,0,0,40,75.97
159,2,0,0,0,9.216000325977802,4,4,0,1,39,0,0,40,65.08
159,2,0,1,0,68.60800087451935,4,4,0,1,39,0,0,40,65.08
159,2,0,2,0,9.216000325977802,4,4,0,1,39,0,0,40,65.08
159,2,0,3,0,5.119999870657921,4,4,0,1,39,0,0,40,65.08
159,24,0,0,0,8.191999979317188,4,4,0,3,37,0,0,40,88.92
159,24,0,1,0,57.34400078654289,4,4,0,3,37,0,0,40,88.92
159,24,0,2,0,8.191999979317188,4,4,0,3,37,0,0,40,88.92
159,24,0,3,0,10.239999741315842,4,4,0,3,37,0,0,40,88.92
159,40,0,0,1,14.336000196635723,4,4,0,0,40,0,0,40,2.82
159,40,0,1,1,53.247999399900436,4,4,0,0,40,0,0,40,2.82
159,40,0,2,1,8.191999979317188,4,4,0,0,40,0,0,40,2.82
159,40,0,3,1,4.095999989658594,4,4,0,0,40,0,0,40,2.82
160,2,0,0,0,14.336000196635723,4,4,0,0,40,0,0,40,1.79
160,2,0,1,0,74.75200295448303,4,4,0,0,40,0,0,40,1.79
160,2,0,2,0,9.216000325977802,4,4,0,0,40,0,0,40,1.79
160,2,0,3,0,5.119999870657921,4,4,0,0,40,0,0,40,1.79
160,24,0,0,0,8.191999979317188,4,4,0,2,38,0,0,40,117.81
160,24,0,1,0,65.5359998345375,4,4,0,2,38,0,0,40,117.81
160,24,0,2,0,10.239999741315842,4,4,0,2,38,0,0,40,117.81
160,24,0,3,0,29.69600073993206,4,4,0,2,38,0,0,40,117.81
160,40,0,0,1,9.216000325977802,4,4,0,0,40,0,0,40,1.56
160,40,0,1,1,92.16000139713287,4,4,0,0,40,0,0,40,1.56
160,40,0,2,1,9.216000325977802,4,4,0,0,40,0,0,40,1.56
160,40,0,3,1,3.0720001086592674,4,4,0,0,40,0,0,40,1.56
161,2,0,0,0,8.191999979317188,4,4,0,0,40,0,0,40,3.04
161,2,0,1,0,79.8719972372055,4,4,0,0,40,0,0,40,3.04
161,2,0,2,0,9.216000325977802,4,4,0,0,40,0,0,40,3.04
161,2,0,3,0,5.119999870657921,4,4,0,0,40,0,0,40,3.04
161,24,0,0,0,8.191999979317188,4,4,0,2,38,0,0,40,139.829
161,24,0,1,0,68.60800087451935,4,4,0,2,38,0,0,40,139.829
161,24,0,2,0,9.216000325977802,4,4,0,2,38,0,0,40,139.829
161,24,0,3,0,51.19999870657921,4,4,0,2,38,0,0,40,139.829
161,40,0,0,1,9.216000325977802,4,4,0,2,38,0,0,40,119.689
161,40,0,1,1,67.58400052785873,4,4,0,2,38,0,0,40,119.689
161,40,0,2,1,9.216000325977802,4,4,0,2,38,0,0,40,119.689
161,40,0,3,1,29.69600073993206,4,4,0,2,38,0,0,40,119.689
162,2,0,0,0,13.311999849975109,4,4,0,0,40,0,0,40,2.96
162,2,0,1,0,77.82399654388428,4,4,0,0,40,0,0,40,2.96
162,2,0,2,0,9.216000325977802,4,4,0,0,40,0,0,40,2.96
162,2,0,3,0,6.144000217318535,4,4,0,0,40,0,0,40,2.96
162,24,0,0,0,8.191999979317188,4,4,0,1,39,0,0,40,63.67
162,24,0,1,0,78.84799689054489,4,4,0,1,39,0,0,40,63.67
162,24,0,2,0,8.191999979317188,4,4,0,1,39,0,0,40,63.67
162,24,0,3,0,4.095999989658594,4,4,0,1,39,0,0,40,63.67
162,40,0,0,1,10.239999741315842,4,4,0,2,38,0,0,40,177.799
162,40,0,1,1,80.89599758386612,4,4,0,2,38,0,0,40,177.799
162,40,0,2,1,9.216000325977802,4,4,0,2,38,0,0,40,177.799
162,40,0,3,1,73.72800260782242,4,4,0,2,38,0,0,40,177.799
163,2,0,0,0,8.191999979317188,4,4,0,1,39,0,0,40,60.12
163,2,0,1,0,69.63200122117996,4,4,0,1,39,0,0,40,60.12
163,2,0,2,0,9.216000325977802,4,4,0,1,39,0,0,40,60.12
163,2,0,3,0,7.168000098317862,4,4,0,1,39,0,0,40,60.12
163,24,0,0,0,8.191999979317188,4,4,0,2,38,0,0,40,108.32
163,24,0,1,0,68.60800087451935,4,4,0,2,38,0,0,40,108.32
163,24,0,2,0,9.216000325977802,4,4,0,2,38,0,0,40,108.32
163,24,0,3,0,20.479999482631683,4,4,0,2,38,0,0,40,108.32
163,40,0,0,1,10.239999741315842,4,4,0,1,39,0,0,40,290.249
163,40,0,1,1,74.75200295448303,4,4,0,1,39,0,0,40,290.249
163,40,0,2,1,8.191999979317188,4,4,0,1,39,0,0,40,290.249
163,40,0,3,1,193.53599846363068,4,4,0,1,39,0,0,40,290.249
164,2,0,0,0,9.216000325977802,4,4,0,2,38,0,0,40,111.61
164,2,0,1,0,74.75200295448303,4,4,0,2,38,0,0,40,111.61
164,2,0,2,0,9.216000325977802,4,4,0,2,38,0,0,40,111.61
164,2,0,3,0,17.40800030529499,4,4,0,2,38,0,0,40,111.61
164,24,0,0,0,8.191999979317188,4,4,0,0,40,0,0,40,1.73
164,24,0,1,0,78.84799689054489,4,4,0,0,40,0,0,40,1.73
164,24,0,2,0,9.216000325977802,4,4,0,0,40,0,0,40,1.73
164,24,0,3,0,4.095999989658594,4,4,0,0,40,0,0,40,1.73
164,40,0,0,1,9.216000325977802,4,4,0,2,38,0,0,40,123.349
164,40,0,1,1,83.96799862384796,4,4,0,2,38,0,0,40,123.349
164,40,0,2,1,9.216000325977802,4,4,0,2,38,0,0,40,123.349
164,40,0,3,1,16.383999958634377,4,4,0,2,38,0,0,40,123.349
165,2,0,0,0,9.216000325977802,1,1,0,0,10,0,0,10,0.51
165,2,0,1,0,31.74399957060814,1,1,0,0,10,0,0,10,0.51
165,2,0,2,0,9.216000325977802,1,1,0,0,10,0,0,10,0.51
165,2,0,3,0,8.191999979317188,1,1,0,0,10,0,0,10,0.51
165,24,0,0,0,8.191999979317188,1,1,0,0,10,0,0,10,0.52
165,24,0,1,0,31.74399957060814,1,1,0,0,10,0,0,10,0.52
165,24,0,2,0,9.216000325977802,1,1,0,0,10,0,0,10,0.52
165,24,0,3,0,4.095999989658594,1,1,0,0,10,0,0,10,0.52
165,40,0,0,1,8.191999979317188,1,1,0,0,10,0,0,10,0.391
165,40,0,1,1,35.840000957250595,1,1,0,0,10,0,0,10,0.391
165,40,0,2,1,9.216000325977802,1,1,0,0,10,0,0,10,0.391
165,40,0,3,1,4.095999989658594,1,1,0,0,10,0,0,10,0.391
166,2,0,0,0,9.216000325977802,4,4,0,1,39,0,0,40,141.34
166,2,0,1,0,82.94399827718735,4,4,0,1,39,0,0,40,141.34
166,2,0,2,0,9.216000325977802,4,4,0,1,39,0,0,40,141.34
166,2,0,3,0,43.007999658584595,4,4,0,1,39,0,0,40,141.34
166,24,0,0,0,8.191999979317188,4,4,0,0,40,0,0,40,1.36
166,24,0,1,0,61.43999844789505,4,4,0,0,40,0,0,40,1.36
166,24,0,2,0,8.191999979317188,4,4,0,0,40,0,0,40,1.36
166,24,0,3,0,4.095999989658594,4,4,0,0,40,0,0,40,1.36
166,40,0,0,1,9.216000325977802,4,4,0,1,39,0,0,40,79.519
166,40,0,1,1,74.75200295448303,4,4,0,1,39,0,0,40,79.519
166,40,0,2,1,9.216000325977802,4,4,0,1,39,0,0,40,79.519
166,40,0,3,1,4.095999989658594,4,4,0,1,39,0,0,40,79.519
167,2,0,0,0,8.191999979317188,3,3,0,1,29,0,0,30,76.95
167,2,0,1,0,54.27199974656105,3,3,0,1,29,0,0,30,76.95
167,2,0,2,0,9.216000325977802,3,3,0,1,29,0,0,30,76.95
167,2,0,3,0,6.144000217318535,3,3,0,1,29,0,0,30,76.95
167,24,0,0,0,15.359999611973763,3,3,0,0,30,0,0,30,1.03
167,24,0,1,0,55.296000093221664,3,3,0,0,30,0,0,30,1.03
167,24,0,2,0,9.216000325977802,3,3,0,0,30,0,0,30,1.03
167,24,0,3,0,4.095999989658594,3,3,0,0,30,0,0,30,1.03
167,40,0,0,1,8.191999979317188,3,3,0,0,30,0,0,30,1.069
167,40,0,1,1,62.463998794555664,3,3,0,0,30,0,0,30,1.069
167,40,0,2,1,9.216000325977802,3,3,0,0,30,0,0,30,1.069
167,40,0,3,1,4.095999989658594,3,3,0,0,30,0,0,30,1.069
168,2,0,0,0,13.311999849975109,4,4,0,0,40,0,0,40,1.84
168,2,0,1,0,87.0399996638298,4,4,0,0,40,0,0,40,1.84
168,2,0,2,0,9.216000325977802,4,4,0,0,40,0,0,40,1.84
168,2,0,3,0,4.095999989658594,4,4,0,0,40,0,0,40,1.84
168,24,0,0,0,9.216000325977802,4,4,0,0,40,0,0,40,1.7
168,24,0,1,0,59.39200147986412,4,4,0,0,40,0,0,40,1.7
168,24,0,2,0,9.216000325977802,4,4,0,0,40,0,0,40,1.7
168,24,0,3,0,4.095999989658594,4,4,0,0,40,0,0,40,1.7
168,40,0,0,1,9.216000325977802,4,4,0,0,40,0,0,40,1.49
168,40,0,1,1,67.58400052785873,4,4,0,0,40,0,0,40,1.49
168,40,0,2,1,8.191999979317188,4,4,0,0,40,0,0,40,1.49
168,40,0,3,1,4.095999989658594,4,4,0,0,40,0,0,40,1.49
169,2,0,0,0,9.216000325977802,4,4,0,0,40,0,0,40,3.06
169,2,0,1,0,81.91999793052673,4,4,0,0,40,0,0,40,3.06
169,2,0,2,0,9.216000325977802,4,4,0,0,40,0,0,40,3.06
169,2,0,3,0,6.144000217318535,4,4,0,0,40,0,0,40,3.06
169,24,0,0,0,9.216000325977802,4,4,0,1,39,0,0,40,71.84
169,24,0,1,0,69.63200122117996,4,4,0,1,39,0,0,40,71.84
169,24,0,2,0,9.216000325977802,4,4,0,1,39,0,0,40,71.84
169,24,0,3,0,4.095999989658594,4,4,0,1,39,0,0,40,71.84
169,40,0,0,1,15.359999611973763,4,4,0,0,40,0,0,40,1.56
169,40,0,1,1,73.72800260782242,4,4,0,0,40,0,0,40,1.56
169,40,0,2,1,8.191999979317188,4,4,0,0,40,0,0,40,1.56
169,40,0,3,1,4.095999989658594,4,4,0,0,40,0,0,40,1.56
170,2,0,0,0,8.191999979317188,4,4,0,0,40,0,0,40,1.809
170,2,0,1,0,79.8719972372055,4,4,0,0,40,0,0,40,1.809
170,2,0,2,0,9.216000325977802,4,4,0,0,40,0,0,40,1.809
170,2,0,3,0,6.144000217318535,4,4,0,0,40,0,0,40,1.809
170,24,0,0,0,15.359999611973763,4,4,0,0,40,0,0,40,1.42
170,24,0,1,0,60.416001826524734,4,4,0,0,40,0,0,40,1.42
170,24,0,2,0,8.191999979317188,4,4,0,0,40,0,0,40,1.42
170,24,0,3,0,4.095999989658594,4,4,0,0,40,0,0,40,1.42
170,40,0,0,1,10.239999741315842,4,4,0,0,40,0,0,40,1.491
170,40,0,1,1,69.63200122117996,4,4,0,0,40,0,0,40,1.491
170,40,0,2,1,9.216000325977802,4,4,0,0,40,0,0,40,1.491
170,40,0,3,1,4.095999989658594,4,4,0,0,40,0,0,40,1.491
171,2,0,0,0,9.216000325977802,4,4,0,2,38,0,0,40,77.589
171,2,0,1,0,76.80000364780426,4,4,0,2,38,0,0,40,77.589
171,2,0,2,0,10.239999741315842,4,4,0,2,38,0,0,40,77.589
171,2,0,3,0,5.119999870657921,4,4,0,2,38,0,0,40,77.589
171,24,0,0,0,8.191999979317188,4,4,0,0,40,0,0,40,1.749
171,24,0,1,0,67.58400052785873,4,4,0,0,40,0,0,40,1.749
171,24,0,2,0,9.216000325977802,4,4,0,0,40,0,0,40,1.749
171,24,0,3,0,4.095999989658594,4,4,0,0,40,0,0,40,1.749
171,40,0,0,1,9.216000325977802,4,4,0,1,39,0,0,40,88.41
171,40,0,1,1,65.5359998345375,4,4,0,1,39,0,0,40,88.41
171,40,0,2,1,10.239999741315842,4,4,0,1,39,0,0,40,88.41
171,40,0,3,1,4.095999989658594,4,4,0,1,39,0,0,40,88.41
172,2,0,0,0,9.216000325977802,4,4,0,0,40,0,0,40,1.78
172,2,0,1,0,90.11200070381165,4,4,0,0,40,0,0,40,1.78
172,2,0,2,0,10.239999741315842,4,4,0,0,40,0,0,40,1.78
172,2,0,3,0,5.119999870657921,4,4,0,0,40,0,0,40,1.78
172,24,0,0,0,13.311999849975109,4,4,0,0,40,0,0,40,3.511
172,24,0,1,0,65.5359998345375,4,4,0,0,40,0,0,40,3.511
172,24,0,2,0,9.216000325977802,4,4,0,0,40,0,0,40,3.511
172,24,0,3,0,4.095999989658594,4,4,0,0,40,0,0,40,3.511
172,40,0,0,1,9.216000325977802,4,4,0,1,39,0,0,40,91.54
172,40,0,1,1,76.80000364780426,4,4,0,1,39,0,0,40,91.54
172,40,0,2,1,9.216000325977802,4,4,0,1,39,0,0,40,91.54
172,40,0,3,1,4.095999989658594,4,4,0,1,39,0,0,40,91.54
173,2,0,0,0,9.216000325977802,4,4,0,1,39,0,0,40,178.459
173,2,0,1,0,86.01599931716919,4,4,0,1,39,0,0,40,178.459
173,2,0,2,0,9.216000325977802,4,4,0,1,39,0,0,40,178.459
173,2,0,3,0,71.68000191450119,4,4,0,1,39,0,0,40,178.459
173,24,0,0,0,9.216000325977802,4,4,0,0,40,0,0,40,1.52
173,24,0,1,0,63.48799914121628,4,4,0,0,40,0,0,40,1.52
173,24,0,2,0,8.191999979317188,4,4,0,0,40,0,0,40,1.52
173,24,0,3,0,4.095999989658594,4,4,0,0,40,0,0,40,1.52
173,40,0,0,1,9.216000325977802,4,4,0,0,40,0,0,40,1.271
173,40,0,1,1,56.32000043988228,4,4,0,0,40,0,0,40,1.271
173,40,0,2,1,8.191999979317188,4,4,0,0,40,0,0,40,1.271
173,40,0,3,1,4.095999989658594,4,4,0,0,40,0,0,40,1.271
174,2,0,0,0,9.216000325977802,4,4,0,1,39,0,0,40,123.68
174,2,0,1,0,83.96799862384796,4,4,0,1,39,0,0,40,123.68
174,2,0,2,0,8.191999979317188,4,4,0,1,39,0,0,40,123.68
174,2,0,3,0,18.432000651955605,4,4,0,1,39,0,0,40,123.68
174,24,0,0,0,8.191999979317188,4,4,0,0,40,0,0,40,1.36
174,24,0,1,0,65.5359998345375,4,4,0,0,40,0,0,40,1.36
174,24,0,2,0,9.216000325977802,4,4,0,0,40,0,0,40,1.36
174,24,0,3,0,4.095999989658594,4,4,0,0,40,0,0,40,1.36
174,40,0,0,1,8.191999979317188,4,4,0,0,40,0,0,40,1.4
174,40,0,1,1,59.39200147986412,4,4,0,0,40,0,0,40,1.4
174,40,0,2,1,9.216000325977802,4,4,0,0,40,0,0,40,1.4
174,40,0,3,1,4.095999989658594,4,4,0,0,40,0,0,40,1.4
175,2,0,0,0,8.191999979317188,4,4,0,2,38,0,0,40,70.38
175,2,0,1,0,86.01599931716919,4,4,0,2,38,0,0,40,70.38
175,2,0,2,0,9.216000325977802,4,4,0,2,38,0,0,40,70.38
175,2,0,3,0,6.144000217318535,4,4,0,2,38,0,0,40,70.38
175,24,0,0,0,8.191999979317188,4,4,0,0,40,0,0,40,2.03
175,24,0,1,0,70.65600156784058,4,4,0,0,40,0,0,40,2.03
175,24,0,2,0,10.239999741315842,4,4,0,0,40,0,0,40,2.03
175,24,0,3,0,4.095999989658594,4,4,0,0,40,0,0,40,2.03
175,40,0,0,1,9.216000325977802,4,4,0,0,40,0,0,40,1.38
175,40,0,1,1,57.34400078654289,4,4,0,0,40,0,0,40,1.38
175,40,0,2,1,9.216000325977802,4,4,0,0,40,0,0,40,1.38
175,40,0,3,1,4.095999989658594,4,4,0,0,40,0,0,40,1.38
176,2,0,0,0,15.359999611973763,2,2,0,0,20,0,0,20,0.91
176,2,0,1,0,50.175998359918594,2,2,0,0,20,0,0,20,0.91
176,2,0,2,0,8.191999979317188,2,2,0,0,20,0,0,20,0.91
176,2,0,3,0,5.119999870657921,2,2,0,0,20,0,0,20,0.91
176,24,0,0,0,8.191999979317188,2,2,0,1,19,0,0,20,61.32
176,24,0,1,0,45.05600035190582,2,2,0,1,19,0,0,20,61.32
176,24,0,2,0,8.191999979317188,2,2,0,1,19,0,0,20,61.32
176,24,0,3,0,4.095999989658594,2,2,0,1,19,0,0,20,61.32
176,40,0,0,1,9.216000325977802,2,2,0,0,20,0,0,20,0.731
176,40,0,1,1,46.08000069856644,2,2,0,0,20,0,0,20,0.731
176,40,0,2,1,9.216000325977802,2,2,0,0,20,0,0,20,0.731
176,40,0,3,1,4.095999989658594,2,2,0,0,20,0,0,20,0.731
177,2,0,0,0,9.216000325977802,4,4,0,3,37,0,0,40,143.17
177,2,0,1,0,80.89599758386612,4,4,0,3,37,0,0,40,143.17
177,2,0,2,0,11.264000087976456,4,4,0,3,37,0,0,40,143.17
177,2,0,3,0,37.88800165057182,4,4,0,3,37,0,0,40,143.17
177,24,0,0,0,8.191999979317188,4,4,0,0,40,0,0,40,1.37
177,24,0,1,0,60.416001826524734,4,4,0,0,40,0,0,40,1.37
177,24,0,2,0,9.216000325977802,4,4,0,0,40,0,0,40,1.37
177,24,0,3,0,4.095999989658594,4,4,0,0,40,0,0,40,1.37
177,40,0,0,1,9.216000325977802,4,4,0,0,40,0,0,40,1.78
177,40,0,1,1,69.63200122117996,4,4,0,0,40,0,0,40,1.78
177,40,0,2,1,8.191999979317188,4,4,0,0,40,0,0,40,1.78
177,40,0,3,1,4.095999989658594,4,4,0,0,40,0,0,40,1.78
178,2,0,0,0,10.239999741315842,2,2,0,0,20,0,0,20,0.92
178,2,0,1,0,53.247999399900436,2,2,0,0,20,0,0,20,0.92
178,2,0,2,0,9.216000325977802,2,2,0,0,20,0,0,20,0.92
178,2,0,3,0,5.119999870657921,2,2,0,0,20,0,0,20,0.92
178,24,0,0,0,9.216000325977802,2,2,0,0,20,0,0,20,1.46
178,24,0,1,0,44.03200000524521,2,2,0,0,20,0,0,20,1.46
178,24,0,2,0,9.216000325977802,2,2,0,0,20,0,0,20,1.46
178,24,0,3,0,4.095999989658594,2,2,0,0,20,0,0,20,1.46
178,40,0,0,1,9.216000325977802,2,2,0,0,20,0,0,20,2.36
178,40,0,1,1,46.08000069856644,2,2,0,0,20,0,0,20,2.36
178,40,0,2,1,9.216000325977802,2,2,0,0,20,0,0,20,2.36
178,40,0,3,1,5.119999870657921,2,2,0,0,20,0,0,20,2.36
179,2,0,0,0,10.239999741315842,4,4,0,2,38,0,0,40,121.859
179,2,0,1,0,74.75200295448303,4,4,0,2,38,0,0,40,121.859
179,2,0,2,0,10.239999741315842,4,4,0,2,38,0,0,40,121.859
179,2,0,3,0,23.552000522613525,4,4,0,2,38,0,0,40,121.859
179,24,0,0,0,9.216000325977802,4,4,0,0,40,0,0,40,3.36
179,24,0,1,0,63.48799914121628,4,4,0,0,40,0,0,40,3.36
179,24,0,2,0,9.216000325977802,4,4,0,0,40,0,0,40,3.36
179,24,0,3,0,4.095999989658594,4,4,0,0,40,0,0,40,3.36
179,40,0,0,1,9.216000325977802,4,4,0,0,40,0,0,40,1.491
179,40,0,1,1,75.77600330114365,4,4,0,0,40,0,0,40,1.491
179,40,0,2,1,9.216000325977802,4,4,0,0,40,0,0,40,1.491
179,40,0,3,1,4.095999989658594,4,4,0,0,40,0,0,40,1.491
180,2,0,0,0,9.216000325977802,1,1,0,0,10,0,0,10,0.409
180,2,0,1,0,31.74399957060814,1,1,0,0,10,0,0,10,0.409
180,2,0,2,0,9.216000325977802,1,1,0,0,10,0,0,10,0.409
180,2,0,3,0,6.144000217318535,1,1,0,0,10,0,0,10,0.409
180,24,0,0,0,8.191999979317188,1,1,0,0,10,0,0,10,2.31
180,24,0,1,0,32.76799991726875,1,1,0,0,10,0,0,10,2.31
180,24,0,2,0,9.216000325977802,1,1,0,0,10,0,0,10,2.31
180,24,0,3,0,4.095999989658594,1,1,0,0,10,0,0,10,2.31
180,40,0,0,1,8.191999979317188,1,1,0,1,9,0,0,10,76.799
180,40,0,1,1,32.76799991726875,1,1,0,1,9,0,0,10,76.799
180,40,0,2,1,8.191999979317188,1,1,0,1,9,0,0,10,76.799
180,40,0,3,1,20.479999482631683,1,1,0,1,9,0,0,10,76.799
181,2,0,0,0,8.191999979317188,2,2,0,2,18,0,0,20,309.819
181,2,0,1,0,49.15200173854828,2,2,0,2,18,0,0,20,309.819
181,2,0,2,0,8.191999979317188,2,2,0,2,18,0,0,20,309.819
181,2,0,3,0,238.5919988155365,2,2,0,2,18,0,0,20,309.819
181,24,0,0,0,8.191999979317188,2,2,0,0,20,0,0,20,2.48
181,24,0,1,0,45.05600035190582,2,2,0,0,20,0,0,20,2.48
181,24,0,2,0,9.216000325977802,2,2,0,0,20,0,0,20,2.48
181,24,0,3,0,4.095999989658594,2,2,0,0,20,0,0,20,2.48
181,40,0,0,1,8.191999979317188,2,2,0,0,20,0,0,20,0.66
181,40,0,1,1,44.03200000524521,2,2,0,0,20,0,0,20,0.66
181,40,0,2,1,9.216000325977802,2,2,0,0,20,0,0,20,0.66
181,40,0,3,1,4.095999989658594,2,2,0,0,20,0,0,20,0.66
182,2,0,0,0,14.336000196635723,4,4,0,0,40,0,0,40,1.771
182,2,0,1,0,89.08800035715103,4,4,0,0,40,0,0,40,1.771
182,2,0,2,0,8.191999979317188,4,4,0,0,40,0,0,40,1.771
182,2,0,3,0,5.119999870657921,4,4,0,0,40,0,0,40,1.771
182,24,0,0,0,8.191999979317188,4,4,0,1,39,0,0,40,61.8
182,24,0,1,0,64.51199948787689,4,4,0,1,39,0,0,40,61.8
182,24,0,2,0,9.216000325977802,4,4,0,1,39,0,0,40,61.8
182,24,0,3,0,4.095999989658594,4,4,0,1,39,0,0,40,61.8
182,40,0,0,1,9.216000325977802,4,4,0,0,40,0,0,40,1.33
182,40,0,1,1,62.463998794555664,4,4,0,0,40,0,0,40,1.33
182,40,0,2,1,9.216000325977802,4,4,0,0,40,0,0,40,1.33
182,40,0,3,1,4.095999989658594,4,4,0,0,40,0,0,40,1.33
183,2,0,0,0,9.216000325977802,4,4,0,1,39,0,0,40,79.24
183,2,0,1,0,74.75200295448303,4,4,0,1,39,0,0,40,79.24
183,2,0,2,0,9.216000325977802,4,4,0,1,39,0,0,40,79.24
183,2,0,3,0,5.119999870657921,4,4,0,1,39,0,0,40,79.24
183,24,0,0,0,8.191999979317188,4,4,0,1,39,0,0,40,55.189
183,24,0,1,0,58.36800113320351,4,4,0,1,39,0,0,40,55.189
183,24,0,2,0,9.216000325977802,4,4,0,1,39,0,0,40,55.189
183,24,0,3,0,4.095999989658594,4,4,0,1,39,0,0,40,55.189
183,40,0,0,1,28.672000393271446,4,4,0,0,40,0,0,40,1.871
183,40,0,1,1,75.77600330114365,4,4,0,0,40,0,0,40,1.871
183,40,0,2,1,9.216000325977802,4,4,0,0,40,0,0,40,1.871
183,40,0,3,1,4.095999989658594,4,4,0,0,40,0,0,40,1.871
184,2,0,0,0,9.216000325977802,3,3,0,1,29,0,0,30,55.699
184,2,0,1,0,66.56000018119812,3,3,0,1,29,0,0,30,55.699
184,2,0,2,0,9.216000325977802,3,3,0,1,29,0,0,30,55.699
184,2,0,3,0,5.119999870657921,3,3,0,1,29,0,0,30,55.699
184,24,0,0,0,15.359999611973763,3,3,0,0,30,0,0,30,12.88
184,24,0,1,0,61.43999844789505,3,3,0,0,30,0,0,30,12.88
184,24,0,2,0,9.216000325977802,3,3,0,0,30,0,0,30,12.88
184,24,0,3,0,4.095999989658594,3,3,0,0,30,0,0,30,12.88
184,40,0,0,1,119.80800330638885,3,3,0,0,30,0,0,30,1.6
184,40,0,1,1,51.19999870657921,3,3,0,0,30,0,0,30,1.6
184,40,0,2,1,10.239999741315842,3,3,0,0,30,0,0,30,1.6
184,40,0,3,1,4.095999989658594,3,3,0,0,30,0,0,30,1.6
185,2,0,0,0,11.264000087976456,2,2,0,0,20,0,0,20,0.88
185,2,0,1,0,44.03200000524521,2,2,0,0,20,0,0,20,0.88
185,2,0,2,0,9.216000325977802,2,2,0,0,20,0,0,20,0.88
185,2,0,3,0,5.119999870657921,2,2,0,0,20,0,0,20,0.88
185,24,0,0,0,9.216000325977802,2,2,0,0,20,0,0,20,0.7
185,24,0,1,0,46.08000069856644,2,2,0,0,20,0,0,20,0.7
185,24,0,2,0,9.216000325977802,2,2,0,0,20,0,0,20,0.7
185,24,0,3,0,4.095999989658594,2,2,0,0,20,0,0,20,0.7
185,40,0,0,1,901.1200070381165,2,2,0,0,20,0,0,20,1.24
185,40,0,1,1,53.247999399900436,2,2,0,0,20,0,0,20,1.24
185,40,0,2,1,9.216000325977802,2,2,0,0,20,0,0,20,1.24
185,40,0,3,1,5.119999870657921,2,2,0,0,20,0,0,20,1.24
186,2,0,0,0,9.216000325977802,1,1,0,0,10,0,0,10,0.5
186,2,0,1,0,31.74399957060814,1,1,0,0,10,0,0,10,0.5
186,2,0,2,0,9.216000325977802,1,1,0,0,10,0,0,10,0.5
186,2,0,3,0,4.095999989658594,1,1,0,0,10,0,0,10,0.5
186,24,0,0,0,3223.5519886016846,1,1,0,0,10,0,0,10,0.83
186,24,0,1,0,31.74399957060814,1,1,0,0,10,0,0,10,0.83
186,24,0,2,0,9.216000325977802,1,1,0,0,10,0,0,10,0.83
186,24,0,3,0,3.0720001086592674,1,1,0,0,10,0,0,10,0.83
186,40,0,0,1,10.239999741315842,1,1,0,0,10,0,0,10,0.311
186,40,0,1,1,34.81600061058998,1,1,0,0,10,0,0,10,0.311
186,40,0,2,1,9.216000325977802,1,1,0,0,10,0,0,10,0.311
186,40,0,3,1,4.095999989658594,1,1,0,0,10,0,0,10,0.311
187,2,0,0,0,14.336000196635723,4,4,0,0,40,0,0,40,1.74
187,2,0,1,0,75.77600330114365,4,4,0,0,40,0,0,40,1.74
187,2,0,2,0,8.191999979317188,4,4,0,0,40,0,0,40,1.74
187,2,0,3,0,5.119999870657921,4,4,0,0,40,0,0,40,1.74
187,24,0,0,0,8.191999979317188,4,4,0,2,38,0,0,40,1477.934
187,24,0,1,0,66.56000018119812,4,4,0,2,38,0,0,40,1477.934
187,24,0,2,0,9.216000325977802,4,4,0,2,38,0,0,40,1477.934
187,24,0,3,0,1391.6159868240356,4,4,0,2,38,0,0,40,1477.934
187,40,0,0,1,9.216000325977802,4,4,0,0,40,0,0,40,3.03
187,40,0,1,1,89.08800035715103,4,4,0,0,40,0,0,40,3.03
187,40,0,2,1,9.216000325977802,4,4,0,0,40,0,0,40,3.03
187,40,0,3,1,4.095999989658594,4,4,0,0,40,0,0,40,3.03
188,2,0,0,0,9.216000325977802,2,2,0,0,20,0,0,20,0.93
188,2,0,1,0,48.128001391887665,2,2,0,0,20,0,0,20,0.93
188,2,0,2,0,8.191999979317188,2,2,0,0,20,0,0,20,0.93
188,2,0,3,0,4.095999989658594,2,2,0,0,20,0,0,20,0.93
188,24,0,0,0,16.383999958634377,2,2,0,0,20,0,0,20,1.28
188,24,0,1,0,43.007999658584595,2,2,0,0,20,0,0,20,1.28
188,24,0,2,0,9.216000325977802,2,2,0,0,20,0,0,20,1.28
188,24,0,3,0,4.095999989658594,2,2,0,0,20,0,0,20,1.28
188,40,0,0,1,9.216000325977802,2,2,0,0,20,0,0,20,0.78
188,40,0,1,1,39.93599861860275,2,2,0,0,20,0,0,20,0.78
188,40,0,2,1,10.239999741315842,2,2,0,0,20,0,0,20,0.78
188,40,0,3,1,4.095999989658594,2,2,0,0,20,0,0,20,0.78
189,2,0,0,0,2091.007947921753,1,1,0,1,9,0,0,10,57.509
189,2,0,1,0,30.719999223947525,1,1,0,1,9,0,0,10,57.509
189,2,0,2,0,9.216000325977802,1,1,0,1,9,0,0,10,57.509
189,2,0,3,0,9.216000325977802,1,1,0,1,9,0,0,10,57.509
189,24,0,0,0,8.191999979317188,1,1,0,0,10,0,0,10,0.36
189,24,0,1,0,32.76799991726875,1,1,0,0,10,0,0,10,0.36
189,24,0,2,0,9.216000325977802,1,1,0,0,10,0,0,10,0.36
189,24,0,3,0,4.095999989658594,1,1,0,0,10,0,0,10,0.36
189,40,0,0,1,10.239999741315842,1,1,0,0,10,0,0,10,2.06
189,40,0,1,1,34.81600061058998,1,1,0,0,10,0,0,10,2.06
189,40,0,2,1,9.216000325977802,1,1,0,0,10,0,0,10,2.06
189,40,0,3,1,4.095999989658594,1,1,0,0,10,0,0,10,2.06
190,2,0,0,0,8.191999979317188,4,4,0,1,39,0,0,40,63.411
190,2,0,1,0,80.89599758386612,4,4,0,1,39,0,0,40,63.411
190,2,0,2,0,9.216000325977802,4,4,0,1,39,0,0,40,63.411
190,2,0,3,0,7.168000098317862,4,4,0,1,39,0,0,40,63.411
190,24,0,0,0,8.191999979317188,4,4,0,0,40,0,0,40,1.49
190,24,0,1,0,69.63200122117996,4,4,0,0,40,0,0,40,1.49
190,24,0,2,0,9.216000325977802,4,4,0,0,40,0,0,40,1.49
190,24,0,3,0,4.095999989658594,4,4,0,0,40,0,0,40,1.49
190,40,0,0,1,9.216000325977802,4,4,0,1,39,0,0,40,179.209
190,40,0,1,1,67.58400052785873,4,4,0,1,39,0,0,40,179.209
190,40,0,2,1,9.216000325977802,4,4,0,1,39,0,0,40,179.209
190,40,0,3,1,91.13600105047226,4,4,0,1,39,0,0,40,179.209
191,2,0,0,0,9.216000325977802,4,4,0,2,38,0,0,40,113.74
191,2,0,1,0,79.8719972372055,4,4,0,2,38,0,0,40,113.74
191,2,0,2,0,9.216000325977802,4,4,0,2,38,0,0,40,113.74
191,2,0,3,0,13.311999849975109,4,4,0,2,38,0,0,40,113.74
191,24,0,0,0,14.336000196635723,4,4,0,0,40,0,0,40,1.511
191,24,0,1,0,73.72800260782242,4,4,0,0,40,0,0,40,1.511
191,24,0,2,0,9.216000325977802,4,4,0,0,40,0,0,40,1.511
191,24,0,3,0,4.095999989658594,4,4,0,0,40,0,0,40,1.511
191,40,0,0,1,10.239999741315842,4,4,0,1,39,0,0,40,66.3
191,40,0,1,1,68.60800087451935,4,4,0,1,39,0,0,40,66.3
191,40,0,2,1,9.216000325977802,4,4,0,1,39,0,0,40,66.3
191,40,0,3,1,4.095999989658594,4,4,0,1,39,0,0,40,66.3
192,2,0,0,0,8.191999979317188,4,4,0,4,35,1,0,40,270.068
192,2,0,1,0,80.89599758386612,4,4,0,4,35,1,0,40,270.068
192,2,0,2,0,163.83999586105347,4,4,0,4,35,1,0,40,270.068
192,2,0,3,0,11.264000087976456,4,4,0,4,35,1,0,40,270.068
192,24,0,0,0,9.216000325977802,4,4,0,1,39,0,0,40,69.76
192,24,0,1,0,67.58400052785873,4,4,0,1,39,0,0,40,69.76
192,24,0,2,0,9.216000325977802,4,4,0,1,39,0,0,40,69.76
192,24,0,3,0,4.095999989658594,4,4,0,1,39,0,0,40,69.76
192,40,0,0,1,14.336000196635723,4,4,0,0,40,0,0,40,1.711
192,40,0,1,1,67.58400052785873,4,4,0,0,40,0,0,40,1.711
192,40,0,2,1,9.216000325977802,4,4,0,0,40,0,0,40,1.711
192,40,0,3,1,4.095999989658594,4,4,0,0,40,0,0,40,1.711
193,2,0,0,0,14.336000196635723,4,4,0,0,40,0,0,40,3.38
193,2,0,1,0,86.01599931716919,4,4,0,0,40,0,0,40,3.38
193,2,0,2,0,9.216000325977802,4,4,0,0,40,0,0,40,3.38
193,2,0,3,0,5.119999870657921,4,4,0,0,40,0,0,40,3.38
193,24,0,0,0,14.336000196635723,4,4,0,0,40,0,0,40,2.99
193,24,0,1,0,75.77600330114365,4,4,0,0,40,0,0,40,2.99
193,24,0,2,0,9.216000325977802,4,4,0,0,40,0,0,40,2.99
193,24,0,3,0,4.095999989658594,4,4,0,0,40,0,0,40,2.99
193,40,0,0,1,8.191999979317188,4,4,0,2,38,0,0,40,148.76
193,40,0,1,1,69.63200122117996,4,4,0,2,38,0,0,40,148.76
193,40,0,2,1,9.216000325977802,4,4,0,2,38,0,0,40,148.76
193,40,0,3,1,57.34400078654289,4,4,0,2,38,0,0,40,148.76
194,2,0,0,0,14.336000196635723,4,4,0,0,40,0,0,40,3.491
194,2,0,1,0,88.06400001049042,4,4,0,0,40,0,0,40,3.491
194,2,0,2,0,9.216000325977802,4,4,0,0,40,0,0,40,3.491
194,2,0,3,0,7.168000098317862,4,4,0,0,40,0,0,40,3.491
194,24,0,0,0,8.191999979317188,4,4,0,0,40,0,0,40,2.84
194,24,0,1,0,64.51199948787689,4,4,0,0,40,0,0,40,2.84
194,24,0,2,0,9.216000325977802,4,4,0,0,40,0,0,40,2.84
194,24,0,3,0,4.095999989658594,4,4,0,0,40,0,0,40,2.84
194,40,0,0,1,9.216000325977802,4,4,0,0,40,0,0,40,1.49
194,40,0,1,1,75.77600330114365,4,4,0,0,40,0,0,40,1.49
194,40,0,2,1,9.216000325977802,4,4,0,0,40,0,0,40,1.49
194,40,0,3,1,4.095999989658594,4,4,0,0,40,0,0,40,1.49
195,2,0,0,0,15.359999611973763,4,4,0,2,38,0,0,40,94.469
195,2,0,1,0,79.8719972372055,4,4,0,2,38,0,0,40,94.469
195,2,0,2,0,8.191999979317188,4,4,0,2,38,0,0,40,94.469
195,2,0,3,0,7.168000098317862,4,4,0,2,38,0,0,40,94.469
195,24,0,0,0,8.191999979317188,4,4,0,0,40,0,0,40,1.54
195,24,0,1,0,67.58400052785873,4,4,0,0,40,0,0,40,1.54
195,24,0,2,0,9.216000325977802,4,4,0,0,40,0,0,40,1.54
195,24,0,3,0,4.095999989658594,4,4,0,0,40,0,0,40,1.54
195,40,0,0,1,9.216000325977802,4,4,0,1,39,0,0,40,700.967
195,40,0,1,1,72.7040022611618,4,4,0,1,39,0,0,40,700.967
195,40,0,2,1,9.216000325977802,4,4,0,1,39,0,0,40,700.967
195,40,0,3,1,606.2080264091492,4,4,0,1,39,0,0,40,700.967
196,2,0,0,0,8.191999979317188,4,4,0,0,40,0,0,40,1.62
196,2,0,1,0,82.94399827718735,4,4,0,0,40,0,0,40,1.62
196,2,0,2,0,9.216000325977802,4,4,0,0,40,0,0,40,1.62
196,2,0,3,0,6.144000217318535,4,4,0,0,40,0,0,40,1.62
196,24,0,0,0,2563.0719661712646,4,4,0,0,40,0,0,40,2.28
196,24,0,1,0,57.34400078654289,4,4,0,0,40,0,0,40,2.28
196,24,0,2,0,8.191999979317188,4,4,0,0,40,0,0,40,2.28
196,24,0,3,0,4.095999989658594,4,4,0,0,40,0,0,40,2.28
196,40,0,0,1,9.216000325977802,4,4,0,2,38,0,0,40,285.969
196,40,0,1,1,69.63200122117996,4,4,0,2,38,0,0,40,285.969
196,40,0,2,1,9.216000325977802,4,4,0,2,38,0,0,40,285.969
196,40,0,3,1,194.5600062608719,4,4,0,2,38,0,0,40,285.969
197,2,0,0,0,8.191999979317188,4,4,0,1,39,0,0,40,64.34
197,2,0,1,0,82.94399827718735,4,4,0,1,39,0,0,40,64.34
197,2,0,2,0,9.216000325977802,4,4,0,1,39,0,0,40,64.34
197,2,0,3,0,4.095999989658594,4,4,0,1,39,0,0,40,64.34
197,24,0,0,0,8.191999979317188,4,4,0,0,40,0,0,40,1.58
197,24,0,1,0,68.60800087451935,4,4,0,0,40,0,0,40,1.58
197,24,0,2,0,9.216000325977802,4,4,0,0,40,0,0,40,1.58
197,24,0,3,0,4.095999989658594,4,4,0,0,40,0,0,40,1.58
197,40,0,0,1,9.216000325977802,4,4,0,3,37,0,0,40,1037.787
197,40,0,1,1,70.65600156784058,4,4,0,3,37,0,0,40,1037.787
197,40,0,2,1,9.216000325977802,4,4,0,3,37,0,0,40,1037.787
197,40,0,3,1,946.1759924888611,4,4,0,3,37,0,0,40,1037.787
198,2,0,0,0,11.264000087976456,4,4,0,2,38,0,0,40,96.76
198,2,0,1,0,79.8719972372055,4,4,0,2,38,0,0,40,96.76
198,2,0,2,0,9.216000325977802,4,4,0,2,38,0,0,40,96.76
198,2,0,3,0,5.119999870657921,4,4,0,2,38,0,0,40,96.76
198,24,0,0,0,8.191999979317188,4,4,0,0,40,0,0,40,1.791
198,24,0,1,0,66.56000018119812,4,4,0,0,40,0,0,40,1.791
198,24,0,2,0,9.216000325977802,4,4,0,0,40,0,0,40,1.791
198,24,0,3,0,4.095999989658594,4,4,0,0,40,0,0,40,1.791
198,40,0,0,1,9.216000325977802,4,4,0,2,38,0,0,40,131.459
198,40,0,1,1,74.75200295448303,4,4,0,2,38,0,0,40,131.459
198,40,0,2,1,10.239999741315842,4,4,0,2,38,0,0,40,131.459
198,40,0,3,1,32.76799991726875,4,4,0,2,38,0,0,40,131.459
199,2,0,0,0,9.216000325977802,3,3,0,2,28,0,0,30,107.07
199,2,0,1,0,66.56000018119812,3,3,0,2,28,0,0,30,107.07
199,2,0,2,0,9.216000325977802,3,3,0,2,28,0,0,30,107.07
199,2,0,3,0,26.623999699950218,3,3,0,2,28,0,0,30,107.07
199,24,0,0,0,8.191999979317188,3,3,0,0,30,0,0,30,0.97
199,24,0,1,0,65.5359998345375,3,3,0,0,30,0,0,30,0.97
199,24,0,2,0,9.216000325977802,3,3,0,0,30,0,0,30,0.97
199,24,0,3,0,4.095999989658594,3,3,0,0,30,0,0,30,0.97
199,40,0,0,1,8.191999979317188,3,3,0,0,30,0,0,30,1.09
199,40,0,1,1,59.39200147986412,3,3,0,0,30,0,0,30,1.09
199,40,0,2,1,9.216000325977802,3,3,0,0,30,0,0,30,1.09
199,40,0,3,1,4.095999989658594,3,3,0,0,30,0,0,30,1.09
200,2,0,0,0,9.216000325977802,1,1,0,0,10,0,0,10,0.48
200,2,0,1,0,32.76799991726875,1,1,0,0,10,0,0,10,0.48
200,2,0,2,0,9.216000325977802,1,1,0,0,10,0,0,10,0.48
200,2,0,3,0,5.119999870657921,1,1,0,0,10,0,0,10,0.48
200,24,0,0,0,9.216000325977802,1,1,0,0,10,0,0,10,0.54
200,24,0,1,0,31.74399957060814,1,1,0,0,10,0,0,10,0.54
200,24,0,2,0,8.191999979317188,1,1,0,0,10,0,0,10,0.54
200,24,0,3,0,4.095999989658594,1,1,0,0,10,0,0,10,0.54
200,40,0,0,1,9.216000325977802,1,1,0,0,10,0,0,10,0.48
200,40,0,1,1,35.840000957250595,1,1,0,0,10,0,0,10,0.48
200,40,0,2,1,8.191999979317188,1,1,0,0,10,0,0,10,0.48
200,40,0,3,1,4.095999989658594,1,1,0,0,10,0,0,10,0.48
201,2,0,0,0,8.191999979317188,1,1,0,0,10,0,0,10,0.51
201,2,0,1,0,31.74399957060814,1,1,0,0,10,0,0,10,0.51
201,2,0,2,0,9.216000325977802,1,1,0,0,10,0,0,10,0.51
201,2,0,3,0,5.119999870657921,1,1,0,0,10,0,0,10,0.51
201,24,0,0,0,9.216000325977802,1,1,0,1,9,0,0,10,52.33
201,24,0,1,0,30.719999223947525,1,1,0,1,9,0,0,10,52.33
201,24,0,2,0,9.216000325977802,1,1,0,1,9,0,0,10,52.33
201,24,0,3,0,5.119999870657921,1,1,0,1,9,0,0,10,52.33
201,40,0,0,1,8.191999979317188,1,1,0,0,10,0,0,10,0.451
201,40,0,1,1,35.840000957250595,1,1,0,0,10,0,0,10,0.451
201,40,0,2,1,9.216000325977802,1,1,0,0,10,0,0,10,0.451
201,40,0,3,1,4.095999989658594,1,1,0,0,10,0,0,10,0.451
202,2,0,0,0,14.336000196635723,4,4,0,0,40,0,0,40,2.04
202,2,0,1,0,58.36800113320351,4,4,0,0,40,0,0,40,2.04
202,2,0,2,0,9.216000325977802,4,4,0,0,40,0,0,40,2.04
202,2,0,3,0,5.119999870657921,4,4,0,0,40,0,0,40,2.04
202,24,0,0,0,8.191999979317188,4,4,0,2,38,0,0,40,145.26
202,24,0,1,0,65.5359998345375,4,4,0,2,38,0,0,40,145.26
202,24,0,2,0,9.216000325977802,4,4,0,2,38,0,0,40,145.26
202,24,0,3,0,58.36800113320351,4,4,0,2,38,0,0,40,145.26
202,40,0,0,1,14.336000196635723,4,4,0,0,40,0,0,40,1.671
202,40,0,1,1,78.84799689054489,4,4,0,0,40,0,0,40,1.671
202,40,0,2,1,8.191999979317188,4,4,0,0,40,0,0,40,1.671
202,40,0,3,1,4.095999989658594,4,4,0,0,40,0,0,40,1.671
203,2,0,0,0,2969.599962234497,4,4,0,3,37,0,0,40,161.948
203,2,0,1,0,79.8719972372055,4,4,0,3,37,0,0,40,161.948
203,2,0,2,0,9.216000325977802,4,4,0,3,37,0,0,40,161.948
203,2,0,3,0,62.463998794555664,4,4,0,3,37,0,0,40,161.948
203,24,0,0,0,8.191999979317188,4,4,0,1,39,0,0,40,72.23
203,24,0,1,0,67.58400052785873,4,4,0,1,39,0,0,40,72.23
203,24,0,2,0,9.216000325977802,4,4,0,1,39,0,0,40,72.23
203,24,0,3,0,3.0720001086592674,4,4,0,1,39,0,0,40,72.23
203,40,0,0,1,2757.63201713562,4,4,0,0,40,0,0,40,3.93
203,40,0,1,1,66.56000018119812,4,4,0,0,40,0,0,40,3.93
203,40,0,2,1,8.191999979317188,4,4,0,0,40,0,0,40,3.93
203,40,0,3,1,3.0720001086592674,4,4,0,0,40,0,0,40,3.93
204,2,0,0,0,1700.8639574050903,1,1,0,0,10,0,0,10,0.91
204,2,0,1,0,31.74399957060814,1,1,0,0,10,0,0,10,0.91
204,2,0,2,0,9.216000325977802,1,1,0,0,10,0,0,10,0.91
204,2,0,3,0,5.119999870657921,1,1,0,0,10,0,0,10,0.91
204,24,0,0,0,9.216000325977802,1,1,0,0,10,0,0,10,0.34
204,24,0,1,0,31.74399957060814,1,1,0,0,10,0,0,10,0.34
204,24,0,2,0,9.216000325977802,1,1,0,0,10,0,0,10,0.34
204,24,0,3,0,4.095999989658594,1,1,0,0,10,0,0,10,0.34
204,40,0,0,1,10.239999741315842,1,1,0,0,10,0,0,10,0.53
204,40,0,1,1,34.81600061058998,1,1,0,0,10,0,0,10,0.53
204,40,0,2,1,9.216000325977802,1,1,0,0,10,0,0,10,0.53
204,40,0,3,1,4.095999989658594,1,1,0,0,10,0,0,10,0.53
205,2,0,0,0,8.191999979317188,3,3,0,1,29,0,0,30,56.64
205,2,0,1,0,62.463998794555664,3,3,0,1,29,0,0,30,56.64
205,2,0,2,0,9.216000325977802,3,3,0,1,29,0,0,30,56.64
205,2,0,3,0,5.119999870657921,3,3,0,1,29,0,0,30,56.64
205,24,0,0,0,9.216000325977802,3,3,0,1,29,0,0,30,75.45
205,24,0,1,0,56.32000043988228,3,3,0,1,29,0,0,30,75.45
205,24,0,2,0,8.191999979317188,3,3,0,1,29,0,0,30,75.45
205,24,0,3,0,4.095999989658594,3,3,0,1,29,0,0,30,75.45
205,40,0,0,1,8.191999979317188,3,3,0,0,30,0,0,30,0.931
205,40,0,1,1,48.128001391887665,3,3,0,0,30,0,0,30,0.931
205,40,0,2,1,9.216000325977802,3,3,0,0,30,0,0,30,0.931
205,40,0,3,1,5.119999870657921,3,3,0,0,30,0,0,30,0.931
206,2,0,0,0,9.216000325977802,2,2,0,0,20,0,0,20,0.831
206,2,0,1,0,50.175998359918594,2,2,0,0,20,0,0,20,0.831
206,2,0,2,0,9.216000325977802,2,2,0,0,20,0,0,20,0.831
206,2,0,3,0,6.144000217318535,2,2,0,0,20,0,0,20,0.831
206,24,0,0,0,9.216000325977802,2,2,0,0,20,0,0,20,2.08
206,24,0,1,0,45.05600035190582,2,2,0,0,20,0,0,20,2.08
206,24,0,2,0,8.191999979317188,2,2,0,0,20,0,0,20,2.08
206,24,0,3,0,4.095999989658594,2,2,0,0,20,0,0,20,2.08
206,40,0,0,1,8.191999979317188,2,2,0,0,20,0,0,20,2.29
206,40,0,1,1,38.91199827194214,2,2,0,0,20,0,0,20,2.29
206,40,0,2,1,10.239999741315842,2,2,0,0,20,0,0,20,2.29
206,40,0,3,1,4.095999989658594,2,2,0,0,20,0,0,20,2.29
207,2,0,0,0,9.216000325977802,3,3,0,0,30,0,0,30,3.64
207,2,0,1,0,64.51199948787689,3,3,0,0,30,0,0,30,3.64
207,2,0,2,0,9.216000325977802,3,3,0,0,30,0,0,30,3.64
207,2,0,3,0,4.095999989658594,3,3,0,0,30,0,0,30,3.64
207,24,0,0,0,9.216000325977802,3,3,0,0,30,0,0,30,1.5
207,24,0,1,0,60.416001826524734,3,3,0,0,30,0,0,30,1.5
207,24,0,2,0,9.216000325977802,3,3,0,0,30,0,0,30,1.5
207,24,0,3,0,4.095999989658594,3,3,0,0,30,0,0,30,1.5
207,40,0,0,1,9.216000325977802,3,3,0,0,30,0,0,30,1.06
207,40,0,1,1,67.58400052785873,3,3,0,0,30,0,0,30,1.06
207,40,0,2,1,10.239999741315842,3,3,0,0,30,0,0,30,1.06
207,40,0,3,1,4.095999989658594,3,3,0,0,30,0,0,30,1.06
208,2,0,0,0,8.191999979317188,2,2,0,0,20,0,0,20,0.86
208,2,0,1,0,47.10400104522705,2,2,0,0,20,0,0,20,0.86
208,2,0,2,0,9.216000325977802,2,2,0,0,20,0,0,20,0.86
208,2,0,3,0,5.119999870657921,2,2,0,0,20,0,0,20,0.86
208,24,0,0,0,8.191999979317188,2,2,0,0,20,0,0,20,2.38
208,24,0,1,0,47.10400104522705,2,2,0,0,20,0,0,20,2.38
208,24,0,2,0,9.216000325977802,2,2,0,0,20,0,0,20,2.38
208,24,0,3,0,3.0720001086592674,2,2,0,0,20,0,0,20,2.38
208,40,0,0,1,9.216000325977802,2,2,0,1,19,0,0,20,462.869
208,40,0,1,1,44.03200000524521,2,2,0,1,19,0,0,20,462.869
208,40,0,2,1,9.216000325977802,2,2,0,1,19,0,0,20,462.869
208,40,0,3,1,397.3119854927063,2,2,0,1,19,0,0,20,462.869
209,2,0,0,0,9.216000325977802,1,1,0,0,10,0,0,10,0.37
209,2,0,1,0,32.76799991726875,1,1,0,0,10,0,0,10,0.37
209,2,0,2,0,9.216000325977802,1,1,0,0,10,0,0,10,0.37
209,2,0,3,0,4.095999989658594,1,1,0,0,10,0,0,10,0.37
209,24,0,0,0,8.191999979317188,1,1,0,0,10,0,0,10,0.34
209,24,0,1,0,31.74399957060814,1,1,0,0,10,0,0,10,0.34
209,24,0,2,0,9.216000325977802,1,1,0,0,10,0,0,10,0.34
209,24,0,3,0,3.0720001086592674,1,1,0,0,10,0,0,10,0.34
209,40,0,0,1,9.216000325977802,1,1,0,0,10,0,0,10,0.43
209,40,0,1,1,34.81600061058998,1,1,0,0,10,0,0,10,0.43
209,40,0,2,1,9.216000325977802,1,1,0,0,10,0,0,10,0.43
209,40,0,3,1,4.095999989658594,1,1,0,0,10,0,0,10,0.43
210,2,0,0,0,14.336000196635723,4,4,0,0,40,0,0,40,3.649
210,2,0,1,0,93.18400174379349,4,4,0,0,40,0,0,40,3.649
210,2,0,2,0,9.216000325977802,4,4,0,0,40,0,0,40,3.649
210,2,0,3,0,6.144000217318535,4,4,0,0,40,0,0,40,3.649
210,24,0,0,0,1317.8880214691162,4,4,0,1,39,0,0,40,66.47
210,24,0,1,0,78.84799689054489,4,4,0,1,39,0,0,40,66.47
210,24,0,2,0,9.216000325977802,4,4,0,1,39,0,0,40,66.47
210,24,0,3,0,4.095999989658594,4,4,0,1,39,0,0,40,66.47
210,40,0,0,1,9.216000325977802,4,4,0,0,40,0,0,40,1.99
210,40,0,1,1,91.13600105047226,4,4,0,0,40,0,0,40,1.99
210,40,0,2,1,9.216000325977802,4,4,0,0,40,0,0,40,1.99
210,40,0,3,1,4.095999989658594,4,4,0,0,40,0,0,40,1.99
211,2,0,0,0,8.191999979317188,4,4,0,2,38,0,0,40,136.409
211,2,0,1,0,86.01599931716919,4,4,0,2,38,0,0,40,136.409
211,2,0,2,0,9.216000325977802,4,4,0,2,38,0,0,40,136.409
211,2,0,3,0,29.69600073993206,4,4,0,2,38,0,0,40,136.409
211,24,0,0,0,9.216000325977802,4,4,0,0,40,0,0,40,2.349
211,24,0,1,0,66.56000018119812,4,4,0,0,40,0,0,40,2.349
211,24,0,2,0,8.191999979317188,4,4,0,0,40,0,0,40,2.349
211,24,0,3,0,5.119999870657921,4,4,0,0,40,0,0,40,2.349
211,40,0,0,1,10.239999741315842,4,4,0,0,40,0,0,40,2.5
211,40,0,1,1,62.463998794555664,4,4,0,0,40,0,0,40,2.5
211,40,0,2,1,9.216000325977802,4,4,0,0,40,0,0,40,2.5
211,40,0,3,1,4.095999989658594,4,4,0,0,40,0,0,40,2.5
212,2,0,0,0,14.336000196635723,4,4,0,0,40,0,0,40,2.129
212,2,0,1,0,77.82399654388428,4,4,0,0,40,0,0,40,2.129
212,2,0,2,0,9.216000325977802,4,4,0,0,40,0,0,40,2.129
212,2,0,3,0,5.119999870657921,4,4,0,0,40,0,0,40,2.129
212,24,0,0,0,8.191999979317188,4,4,0,0,40,0,0,40,3.22
212,24,0,1,0,70.65600156784058,4,4,0,0,40,0,0,40,3.22
212,24,0,2,0,9.216000325977802,4,4,0,0,40,0,0,40,3.22
212,24,0,3,0,4.095999989658594,4,4,0,0,40,0,0,40,3.22
212,40,0,0,1,10.239999741315842,4,4,0,0,40,0,0,40,2.96
212,40,0,1,1,91.13600105047226,4,4,0,0,40,0,0,40,2.96
212,40,0,2,1,9.216000325977802,4,4,0,0,40,0,0,40,2.96
212,40,0,3,1,4.095999989658594,4,4,0,0,40,0,0,40,2.96
213,2,0,0,0,15.359999611973763,4,4,0,0,40,0,0,40,3.22
213,2,0,1,0,66.56000018119812,4,4,0,0,40,0,0,40,3.22
213,2,0,2,0,9.216000325977802,4,4,0,0,40,0,0,40,3.22
213,2,0,3,0,5.119999870657921,4,4,0,0,40,0,0,40,3.22
213,24,0,0,0,8.191999979317188,4,4,0,0,40,0,0,40,1.88
213,24,0,1,0,56.32000043988228,4,4,0,0,40,0,0,40,1.88
213,24,0,2,0,9.216000325977802,4,4,0,0,40,0,0,40,1.88
213,24,0,3,0,5.119999870657921,4,4,0,0,40,0,0,40,1.88
213,40,0,0,1,9.216000325977802,4,4,0,0,40,0,0,40,1.66
213,40,0,1,1,73.72800260782242,4,4,0,0,40,0,0,40,1.66
213,40,0,2,1,9.216000325977802,4,4,0,0,40,0,0,40,1.66
213,40,0,3,1,4.095999989658594,4,4,0,0,40,0,0,40,1.66
214,2,0,0,0,8.191999979317188,2,2,0,0,20,0,0,20,1.37
214,2,0,1,0,43.007999658584595,2,2,0,0,20,0,0,20,1.37
214,2,0,2,0,8.191999979317188,2,2,0,0,20,0,0,20,1.37
214,2,0,3,0,5.119999870657921,2,2,0,0,20,0,0,20,1.37
214,24,0,0,0,9.216000325977802,2,2,0,0,20,0,0,20,2.28
214,24,0,1,0,40.95999896526337,2,2,0,0,20,0,0,20,2.28
214,24,0,2,0,9.216000325977802,2,2,0,0,20,0,0,20,2.28
214,24,0,3,0,4.095999989658594,2,2,0,0,20,0,0,20,2.28
214,40,0,0,1,8.191999979317188,2,2,0,0,20,0,0,20,0.78
214,40,0,1,1,40.95999896526337,2,2,0,0,20,0,0,20,0.78
214,40,0,2,1,9.216000325977802,2,2,0,0,20,0,0,20,0.78
214,40,0,3,1,4.095999989658594,2,2,0,0,20,0,0,20,0.78
215,2,0,0,0,15.359999611973763,4,4,0,0,40,0,0,40,1.94
215,2,0,1,0,82.94399827718735,4,4,0,0,40,0,0,40,1.94
215,2,0,2,0,8.191999979317188,4,4,0,0,40,0,0,40,1.94
215,2,0,3,0,5.119999870657921,4,4,0,0,40,0,0,40,1.94
215,24,0,0,0,8.191999979317188,4,4,0,1,39,0,0,40,65.401
215,24,0,1,0,67.58400052785873,4,4,0,1,39,0,0,40,65.401
215,24,0,2,0,8.191999979317188,4,4,0,1,39,0,0,40,65.401
215,24,0,3,0,4.095999989658594,4,4,0,1,39,0,0,40,65.401
215,40,0,0,1,8.191999979317188,4,4,0,0,40,0,0,40,1.68
215,40,0,1,1,66.56000018119812,4,4,0,0,40,0,0,40,1.68
215,40,0,2,1,9.216000325977802,4,4,0,0,40,0,0,40,1.68
215,40,0,3,1,4.095999989658594,4,4,0,0,40,0,0,40,1.68
216,2,0,0,0,19.45599913597107,3,3,0,0,30,0,0,30,7.14
216,2,0,1,0,66.56000018119812,3,3,0,0,30,0,0,30,7.14
216,2,0,2,0,9.216000325977802,3,3,0,0,30,0,0,30,7.14
216,2,0,3,0,4.095999989658594,3,3,0,0,30,0,0,30,7.14
216,24,0,0,0,9.216000325977802,3,3,0,0,30,0,0,30,1.26
216,24,0,1,0,60.416001826524734,3,3,0,0,30,0,0,30,1.26
216,24,0,2,0,8.191999979317188,3,3,0,0,30,0,0,30,1.26
216,24,0,3,0,4.095999989658594,3,3,0,0,30,0,0,30,1.26
216,40,0,0,1,9.216000325977802,3,3,0,0,30,0,0,30,1.14
216,40,0,1,1,62.463998794555664,3,3,0,0,30,0,0,30,1.14
216,40,0,2,1,9.216000325977802,3,3,0,0,30,0,0,30,1.14
216,40,0,3,1,4.095999989658594,3,3,0,0,30,0,0,30,1.14
217,2,0,0,0,9.216000325977802,4,4,0,0,40,0,0,40,2.269
217,2,0,1,0,72.7040022611618,4,4,0,0,40,0,0,40,2.269
217,2,0,2,0,9.216000325977802,4,4,0,0,40,0,0,40,2.269
217,2,0,3,0,5.119999870657921,4,4,0,0,40,0,0,40,2.269
217,24,0,0,0,8.191999979317188,4,4,0,0,40,0,0,40,1.44
217,24,0,1,0,66.56000018119812,4,4,0,0,40,0,0,40,1.44
217,24,0,2,0,9.216000325977802,4,4,0,0,40,0,0,40,1.44
217,24,0,3,0,4.095999989658594,4,4,0,0,40,0,0,40,1.44
217,40,0,0,1,15.359999611973763,4,4,0,0,40,0,0,40,2.57
217,40,0,1,1,92.16000139713287,4,4,0,0,40,0,0,40,2.57
217,40,0,2,1,8.191999979317188,4,4,0,0,40,0,0,40,2.57
217,40,0,3,1,4.095999989658594,4,4,0,0,40,0,0,40,2.57
218,2,0,0,0,14.336000196635723,4,4,0,0,40,0,0,40,2.15
218,2,0,1,0,91.13600105047226,4,4,0,0,40,0,0,40,2.15
218,2,0,2,0,9.216000325977802,4,4,0,0,40,0,0,40,2.15
218,2,0,3,0,5.119999870657921,4,4,0,0,40,0,0,40,2.15
218,24,0,0,0,8.191999979317188,4,4,0,0,40,0,0,40,1.49
218,24,0,1,0,69.63200122117996,4,4,0,0,40,0,0,40,1.49
218,24,0,2,0,9.216000325977802,4,4,0,0,40,0,0,40,1.49
218,24,0,3,0,4.095999989658594,4,4,0,0,40,0,0,40,1.49
218,40,0,0,1,9.216000325977802,4,4,0,0,40,0,0,40,1.82
218,40,0,1,1,81.91999793052673,4,4,0,0,40,0,0,40,1.82
218,40,0,2,1,10.239999741315842,4,4,0,0,40,0,0,40,1.82
218,40,0,3,1,4.095999989658594,4,4,0,0,40,0,0,40,1.82
219,2,0,0,0,9.216000325977802,3,3,0,0,30,0,0,30,1.289
219,2,0,1,0,64.51199948787689,3,3,0,0,30,0,0,30,1.289
219,2,0,2,0,9.216000325977802,3,3,0,0,30,0,0,30,1.289
219,2,0,3,0,6.144000217318535,3,3,0,0,30,0,0,30,1.289
219,24,0,0,0,8.191999979317188,3,3,0,0,30,0,0,30,1.209
219,24,0,1,0,62.463998794555664,3,3,0,0,30,0,0,30,1.209
219,24,0,2,0,9.216000325977802,3,3,0,0,30,0,0,30,1.209
219,24,0,3,0,4.095999989658594,3,3,0,0,30,0,0,30,1.209
219,40,0,0,1,10.239999741315842,3,3,0,0,30,0,0,30,1.13
219,40,0,1,1,51.19999870657921,3,3,0,0,30,0,0,30,1.13
219,40,0,2,1,9.216000325977802,3,3,0,0,30,0,0,30,1.13
219,40,0,3,1,5.119999870657921,3,3,0,0,30,0,0,30,1.13
220,2,0,0,0,9.216000325977802,1,1,0,0,10,0,0,10,0.93
220,2,0,1,0,31.74399957060814,1,1,0,0,10,0,0,10,0.93
220,2,0,2,0,9.216000325977802,1,1,0,0,10,0,0,10,0.93
220,2,0,3,0,5.119999870657921,1,1,0,0,10,0,0,10,0.93
220,24,0,0,0,9.216000325977802,1,1,0,0,10,0,0,10,0.52
220,24,0,1,0,31.74399957060814,1,1,0,0,10,0,0,10,0.52
220,24,0,2,0,9.216000325977802,1,1,0,0,10,0,0,10,0.52
220,24,0,3,0,4.095999989658594,1,1,0,0,10,0,0,10,0.52
220,40,0,0,1,8.191999979317188,1,1,0,0,10,0,0,10,0.65
220,40,0,1,1,35.840000957250595,1,1,0,0,10,0,0,10,0.65
220,40,0,2,1,9.216000325977802,1,1,0,0,10,0,0,10,0.65
220,40,0,3,1,4.095999989658594,1,1,0,0,10,0,0,10,0.65
221,2,0,0,0,8.191999979317188,1,1,0,0,10,0,0,10,0.65
221,2,0,1,0,30.719999223947525,1,1,0,0,10,0,0,10,0.65
221,2,0,2,0,8.191999979317188,1,1,0,0,10,0,0,10,0.65
221,2,0,3,0,5.119999870657921,1,1,0,0,10,0,0,10,0.65
221,24,0,0,0,9.216000325977802,1,1,0,0,10,0,0,10,0.66
221,24,0,1,0,31.74399957060814,1,1,0,0,10,0,0,10,0.66
221,24,0,2,0,9.216000325977802,1,1,0,0,10,0,0,10,0.66
221,24,0,3,0,4.095999989658594,1,1,0,0,10,0,0,10,0.66
221,40,0,0,1,9.216000325977802,1,1,0,1,9,0,0,10,70.5
221,40,0,1,1,32.76799991726875,1,1,0,1,9,0,0,10,70.5
221,40,0,2,1,11.264000087976456,1,1,0,1,9,0,0,10,70.5
221,40,0,3,1,13.311999849975109,1,1,0,1,9,0,0,10,70.5
222,2,0,0,0,9.216000325977802,2,2,0,0,20,0,0,20,0.9
222,2,0,1,0,51.19999870657921,2,2,0,0,20,0,0,20,0.9
222,2,0,2,0,9.216000325977802,2,2,0,0,20,0,0,20,0.9
222,2,0,3,0,5.119999870657921,2,2,0,0,20,0,0,20,0.9
222,24,0,0,0,9.216000325977802,2,2,0,0,20,0,0,20,0.76
222,24,0,1,0,49.15200173854828,2,2,0,0,20,0,0,20,0.76
222,24,0,2,0,9.216000325977802,2,2,0,0,20,0,0,20,0.76
222,24,0,3,0,4.095999989658594,2,2,0,0,20,0,0,20,0.76
222,40,0,0,1,9.216000325977802,2,2,0,0,20,0,0,20,0.75
222,40,0,1,1,46.08000069856644,2,2,0,0,20,0,0,20,0.75
222,40,0,2,1,10.239999741315842,2,2,0,0,20,0,0,20,0.75
222,40,0,3,1,4.095999989658594,2,2,0,0,20,0,0,20,0.75
223,2,0,0,0,9.216000325977802,4,4,0,0,40,0,0,40,3.389
223,2,0,1,0,74.75200295448303,4,4,0,0,40,0,0,40,3.389
223,2,0,2,0,9.216000325977802,4,4,0,0,40,0,0,40,3.389
223,2,0,3,0,5.119999870657921,4,4,0,0,40,0,0,40,3.389
223,24,0,0,0,9.216000325977802,4,4,0,0,40,0,0,40,1.87
223,24,0,1,0,70.65600156784058,4,4,0,0,40,0,0,40,1.87
223,24,0,2,0,9.216000325977802,4,4,0,0,40,0,0,40,1.87
223,24,0,3,0,4.095999989658594,4,4,0,0,40,0,0,40,1.87
223,40,0,0,1,14.336000196635723,4,4,0,0,40,0,0,40,1.63
223,40,0,1,1,94.2080020904541,4,4,0,0,40,0,0,40,1.63
223,40,0,2,1,9.216000325977802,4,4,0,0,40,0,0,40,1.63
223,40,0,3,1,4.095999989658594,4,4,0,0,40,0,0,40,1.63
224,2,0,0,0,8.191999979317188,4,4,0,0,40,0,0,40,2.09
224,2,0,1,0,79.8719972372055,4,4,0,0,40,0,0,40,2.09
224,2,0,2,0,9.216000325977802,4,4,0,0,40,0,0,40,2.09
224,2,0,3,0,5.119999870657921,4,4,0,0,40,0,0,40,2.09
224,24,0,0,0,9.216000325977802,4,4,0,0,40,0,0,40,2.129
224,24,0,1,0,74.75200295448303,4,4,0,0,40,0,0,40,2.129
224,24,0,2,0,9.216000325977802,4,4,0,0,40,0,0,40,2.129
224,24,0,3,0,4.095999989658594,4,4,0,0,40,0,0,40,2.129
224,40,0,0,1,9.216000325977802,4,4,0,0,40,0,0,40,1.26
224,40,0,1,1,58.36800113320351,4,4,0,0,40,0,0,40,1.26
224,40,0,2,1,8.191999979317188,4,4,0,0,40,0,0,40,1.26
224,40,0,3,1,4.095999989658594,4,4,0,0,40,0,0,40,1.26
225,2,0,0,0,8.191999979317188,4,4,0,0,40,0,0,40,2.1
225,2,0,1,0,81.91999793052673,4,4,0,0,40,0,0,40,2.1
225,2,0,2,0,9.216000325977802,4,4,0,0,40,0,0,40,2.1
225,2,0,3,0,5.119999870657921,4,4,0,0,40,0,0,40,2.1
225,24,0,0,0,8.191999979317188,4,4,0,2,38,0,0,40,158.87
225,24,0,1,0,70.65600156784058,4,4,0,2,38,0,0,40,158.87
225,24,0,2,0,9.216000325977802,4,4,0,2,38,0,0,40,158.87
225,24,0,3,0,66.56000018119812,4,4,0,2,38,0,0,40,158.87
225,40,0,0,1,15.359999611973763,4,4,0,2,38,0,0,40,72.59
225,40,0,1,1,48.128001391887665,4,4,0,2,38,0,0,40,72.59
225,40,0,2,1,9.216000325977802,4,4,0,2,38,0,0,40,72.59
225,40,0,3,1,4.095999989658594,4,4,0,2,38,0,0,40,72.59
226,2,0,0,0,9.216000325977802,4,4,0,0,40,0,0,40,2.14
226,2,0,1,0,74.75200295448303,4,4,0,0,40,0,0,40,2.14
226,2,0,2,0,9.216000325977802,4,4,0,0,40,0,0,40,2.14
226,2,0,3,0,8.191999979317188,4,4,0,0,40,0,0,40,2.14
226,24,0,0,0,8.191999979317188,4,4,0,2,38,0,0,40,97.99
226,24,0,1,0,67.58400052785873,4,4,0,2,38,0,0,40,97.99
226,24,0,2,0,9.216000325977802,4,4,0,2,38,0,0,40,97.99
226,24,0,3,0,14.336000196635723,4,4,0,2,38,0,0,40,97.99
226,40,0,0,1,8.191999979317188,4,4,0,3,37,0,0,40,81.79
226,40,0,1,1,47.10400104522705,4,4,0,3,37,0,0,40,81.79
226,40,0,2,1,9.216000325977802,4,4,0,3,37,0,0,40,81.79
226,40,0,3,1,13.311999849975109,4,4,0,3,37,0,0,40,81.79
227,2,0,0,0,15.359999611973763,2,2,0,0,20,0,0,20,0.89
227,2,0,1,0,51.19999870657921,2,2,0,0,20,0,0,20,0.89
227,2,0,2,0,8.191999979317188,2,2,0,0,20,0,0,20,0.89
227,2,0,3,0,6.144000217318535,2,2,0,0,20,0,0,20,0.89
227,24,0,0,0,9.216000325977802,2,2,0,0,20,0,0,20,1.02
227,24,0,1,0,49.15200173854828,2,2,0,0,20,0,0,20,1.02
227,24,0,2,0,8.191999979317188,2,2,0,0,20,0,0,20,1.02
227,24,0,3,0,4.095999989658594,2,2,0,0,20,0,0,20,1.02
227,40,0,0,1,9.216000325977802,2,2,0,1,19,0,0,20,54.169
227,40,0,1,1,49.15200173854828,2,2,0,1,19,0,0,20,54.169
227,40,0,2,1,9.216000325977802,2,2,0,1,19,0,0,20,54.169
227,40,0,3,1,4.095999989658594,2,2,0,1,19,0,0,20,54.169
228,2,0,0,0,14.336000196635723,3,3,0,0,30,0,0,30,2.88
228,2,0,1,0,74.75200295448303,3,3,0,0,30,0,0,30,2.88
228,2,0,2,0,9.216000325977802,3,3,0,0,30,0,0,30,2.88
228,2,0,3,0,6.144000217318535,3,3,0,0,30,0,0,30,2.88
228,24,0,0,0,9.216000325977802,3,3,0,0,30,0,0,30,1.06
228,24,0,1,0,65.5359998345375,3,3,0,0,30,0,0,30,1.06
228,24,0,2,0,9.216000325977802,3,3,0,0,30,0,0,30,1.06
228,24,0,3,0,4.095999989658594,3,3,0,0,30,0,0,30,1.06
228,40,0,0,1,9.216000325977802,3,3,0,0,30,0,0,30,1.34
228,40,0,1,1,53.247999399900436,3,3,0,0,30,0,0,30,1.34
228,40,0,2,1,10.239999741315842,3,3,0,0,30,0,0,30,1.34
228,40,0,3,1,4.095999989658594,3,3,0,0,30,0,0,30,1.34
229,2,0,0,0,8.191999979317188,3,3,0,0,30,0,0,30,2.571
229,2,0,1,0,74.75200295448303,3,3,0,0,30,0,0,30,2.571
229,2,0,2,0,9.216000325977802,3,3,0,0,30,0,0,30,2.571
229,2,0,3,0,4.095999989658594,3,3,0,0,30,0,0,30,2.571
229,24,0,0,0,8.191999979317188,3,3,0,1,29,0,0,30,52.41
229,24,0,1,0,61.43999844789505,3,3,0,1,29,0,0,30,52.41
229,24,0,2,0,8.191999979317188,3,3,0,1,29,0,0,30,52.41
229,24,0,3,0,4.095999989658594,3,3,0,1,29,0,0,30,52.41
229,40,0,0,1,9.216000325977802,3,3,0,1,29,0,0,30,67.97
229,40,0,1,1,55.296000093221664,3,3,0,1,29,0,0,30,67.97
229,40,0,2,1,9.216000325977802,3,3,0,1,29,0,0,30,67.97
229,40,0,3,1,4.095999989658594,3,3,0,1,29,0,0,30,67.97
230,2,0,0,0,16.383999958634377,3,3,0,0,30,0,0,30,1.24
230,2,0,1,0,70.65600156784058,3,3,0,0,30,0,0,30,1.24
230,2,0,2,0,8.191999979317188,3,3,0,0,30,0,0,30,1.24
230,2,0,3,0,5.119999870657921,3,3,0,0,30,0,0,30,1.24
230,24,0,0,0,2909.183979034424,3,3,0,0,30,0,0,30,1.92
230,24,0,1,0,63.48799914121628,3,3,0,0,30,0,0,30,1.92
230,24,0,2,0,8.191999979317188,3,3,0,0,30,0,0,30,1.92
230,24,0,3,0,4.095999989658594,3,3,0,0,30,0,0,30,1.92
230,40,0,0,1,586.7519974708557,3,3,0,0,30,0,0,30,1.59
230,40,0,1,1,59.39200147986412,3,3,0,0,30,0,0,30,1.59
230,40,0,2,1,9.216000325977802,3,3,0,0,30,0,0,30,1.59
230,40,0,3,1,4.095999989658594,3,3,0,0,30,0,0,30,1.59
231,2,0,0,0,9.216000325977802,3,3,0,0,30,0,0,30,1.469
231,2,0,1,0,74.75200295448303,3,3,0,0,30,0,0,30,1.469
231,2,0,2,0,9.216000325977802,3,3,0,0,30,0,0,30,1.469
231,2,0,3,0,5.119999870657921,3,3,0,0,30,0,0,30,1.469
231,24,0,0,0,8.191999979317188,3,3,0,0,30,0,0,30,2.13
231,24,0,1,0,57.34400078654289,3,3,0,0,30,0,0,30,2.13
231,24,0,2,0,8.191999979317188,3,3,0,0,30,0,0,30,2.13
231,24,0,3,0,4.095999989658594,3,3,0,0,30,0,0,30,2.13
231,40,0,0,1,10.239999741315842,3,3,0,2,28,0,0,30,62.96
231,40,0,1,1,56.32000043988228,3,3,0,2,28,0,0,30,62.96
231,40,0,2,1,9.216000325977802,3,3,0,2,28,0,0,30,62.96
231,40,0,3,1,4.095999989658594,3,3,0,2,28,0,0,30,62.96
232,2,0,0,0,15.359999611973763,2,2,0,0,20,0,0,20,1.86
232,2,0,1,0,49.15200173854828,2,2,0,0,20,0,0,20,1.86
232,2,0,2,0,9.216000325977802,2,2,0,0,20,0,0,20,1.86
232,2,0,3,0,5.119999870657921,2,2,0,0,20,0,0,20,1.86
232,24,0,0,0,9.216000325977802,2,2,0,0,20,0,0,20,0.74
232,24,0,1,0,46.08000069856644,2,2,0,0,20,0,0,20,0.74
232,24,0,2,0,8.191999979317188,2,2,0,0,20,0,0,20,0.74
232,24,0,3,0,4.095999989658594,2,2,0,0,20,0,0,20,0.74
232,40,0,0,1,9.216000325977802,2,2,0,0,20,0,0,20,0.67
232,40,0,1,1,54.27199974656105,2,2,0,0,20,0,0,20,0.67
232,40,0,2,1,9.216000325977802,2,2,0,0,20,0,0,20,0.67
232,40,0,3,1,3.0720001086592674,2,2,0,0,20,0,0,20,0.67
233,2,0,0,0,9.216000325977802,4,4,0,0,40,0,0,40,2.08
233,2,0,1,0,91.13600105047226,4,4,0,0,40,0,0,40,2.08
233,2,0,2,0,9.216000325977802,4,4,0,0,40,0,0,40,2.08
233,2,0,3,0,5.119999870657921,4,4,0,0,40,0,0,40,2.08
233,24,0,0,0,48.128001391887665,4,4,0,2,38,0,0,40,57.86
233,24,0,1,0,74.75200295448303,4,4,0,2,38,0,0,40,57.86
233,24,0,2,0,9.216000325977802,4,4,0,2,38,0,0,40,57.86
233,24,0,3,0,4.095999989658594,4,4,0,2,38,0,0,40,57.86
233,40,0,0,1,8.191999979317188,4,4,0,0,40,0,0,40,2.999
233,40,0,1,1,81.91999793052673,4,4,0,0,40,0,0,40,2.999
233,40,0,2,1,9.216000325977802,4,4,0,0,40,0,0,40,2.999
233,40,0,3,1,4.095999989658594,4,4,0,0,40,0,0,40,2.999
234,2,0,0,0,8.191999979317188,4,4,0,0,40,0,0,40,3.34
234,2,0,1,0,91.13600105047226,4,4,0,0,40,0,0,40,3.34
234,2,0,2,0,9.216000325977802,4,4,0,0,40,0,0,40,3.34
234,2,0,3,0,7.168000098317862,4,4,0,0,40,0,0,40,3.34
234,24,0,0,0,2814.9759769439697,4,4,0,2,38,0,0,40,55.459
234,24,0,1,0,77.82399654388428,4,4,0,2,38,0,0,40,55.459
234,24,0,2,0,9.216000325977802,4,4,0,2,38,0,0,40,55.459
234,24,0,3,0,4.095999989658594,4,4,0,2,38,0,0,40,55.459
234,40,0,0,1,9.216000325977802,4,4,0,0,40,0,0,40,1.6
234,40,0,1,1,72.7040022611618,4,4,0,0,40,0,0,40,1.6
234,40,0,2,1,8.191999979317188,4,4,0,0,40,0,0,40,1.6
234,40,0,3,1,4.095999989658594,4,4,0,0,40,0,0,40,1.6
235,2,0,0,0,9.216000325977802,4,4,0,2,38,0,0,40,75.411
235,2,0,1,0,68.60800087451935,4,4,0,2,38,0,0,40,75.411
235,2,0,2,0,9.216000325977802,4,4,0,2,38,0,0,40,75.411
235,2,0,3,0,6.144000217318535,4,4,0,2,38,0,0,40,75.411
235,24,0,0,0,8.191999979317188,4,4,0,0,40,0,0,40,3.02
235,24,0,1,0,61.43999844789505,4,4,0,0,40,0,0,40,3.02
235,24,0,2,0,9.216000325977802,4,4,0,0,40,0,0,40,3.02
235,24,0,3,0,4.095999989658594,4,4,0,0,40,0,0,40,3.02
235,40,0,0,1,15.359999611973763,4,4,0,0,40,0,0,40,1.44
235,40,0,1,1,66.56000018119812,4,4,0,0,40,0,0,40,1.44
235,40,0,2,1,8.191999979317188,4,4,0,0,40,0,0,40,1.44
235,40,0,3,1,3.0720001086592674,4,4,0,0,40,0,0,40,1.44
236,2,0,0,0,9.216000325977802,2,2,0,0,20,0,0,20,2.289
236,2,0,1,0,52.22399905323982,2,2,0,0,20,0,0,20,2.289
236,2,0,2,0,9.216000325977802,2,2,0,0,20,0,0,20,2.289
236,2,0,3,0,5.119999870657921,2,2,0,0,20,0,0,20,2.289
236,24,0,0,0,9.216000325977802,2,2,0,0,20,0,0,20,2.49
236,24,0,1,0,47.10400104522705,2,2,0,0,20,0,0,20,2.49
236,24,0,2,0,8.191999979317188,2,2,0,0,20,0,0,20,2.49
236,24,0,3,0,4.095999989658594,2,2,0,0,20,0,0,20,2.49
236,40,0,0,1,9.216000325977802,2,2,0,0,20,0,0,20,0.69
236,40,0,1,1,46.08000069856644,2,2,0,0,20,0,0,20,0.69
236,40,0,2,1,9.216000325977802,2,2,0,0,20,0,0,20,0.69
236,40,0,3,1,4.095999989658594,2,2,0,0,20,0,0,20,0.69
237,2,0,0,0,9.216000325977802,1,1,0,0,10,0,0,10,2.13
237,2,0,1,0,32.76799991726875,1,1,0,0,10,0,0,10,2.13
237,2,0,2,0,9.216000325977802,1,1,0,0,10,0,0,10,2.13
237,2,0,3,0,5.119999870657921,1,1,0,0,10,0,0,10,2.13
237,24,0,0,0,10.239999741315842,1,1,0,0,10,0,0,10,1.92
237,24,0,1,0,31.74399957060814,1,1,0,0,10,0,0,10,1.92
237,24,0,2,0,8.191999979317188,1,1,0,0,10,0,0,10,1.92
237,24,0,3,0,5.119999870657921,1,1,0,0,10,0,0,10,1.92
237,40,0,0,1,9.216000325977802,1,1,0,0,10,0,0,10,0.3
237,40,0,1,1,34.81600061058998,1,1,0,0,10,0,0,10,0.3
237,40,0,2,1,9.216000325977802,1,1,0,0,10,0,0,10,0.3
237,40,0,3,1,4.095999989658594,1,1,0,0,10,0,0,10,0.3
238,2,0,0,0,14.336000196635723,4,4,0,0,40,0,0,40,2.329
238,2,0,1,0,90.11200070381165,4,4,0,0,40,0,0,40,2.329
238,2,0,2,0,8.191999979317188,4,4,0,0,40,0,0,40,2.329
238,2,0,3,0,5.119999870657921,4,4,0,0,40,0,0,40,2.329
238,24,0,0,0,8.191999979317188,4,4,0,0,40,0,0,40,3.35
238,24,0,1,0,71.68000191450119,4,4,0,0,40,0,0,40,3.35
238,24,0,2,0,9.216000325977802,4,4,0,0,40,0,0,40,3.35
238,24,0,3,0,4.095999989658594,4,4,0,0,40,0,0,40,3.35
238,40,0,0,1,9.216000325977802,4,4,0,0,40,0,0,40,1.96
238,40,0,1,1,73.72800260782242,4,4,0,0,40,0,0,40,1.96
238,40,0,2,1,9.216000325977802,4,4,0,0,40,0,0,40,1.96
238,40,0,3,1,4.095999989658594,4,4,0,0,40,0,0,40,1.96
239,2,0,0,0,8.191999979317188,3,3,0,1,29,0,0,30,58.25
239,2,0,1,0,72.7040022611618,3,3,0,1,29,0,0,30,58.25
239,2,0,2,0,9.216000325977802,3,3,0,1,29,0,0,30,58.25
239,2,0,3,0,5.119999870657921,3,3,0,1,29,0,0,30,58.25
239,24,0,0,0,8.191999979317188,3,3,0,1,29,0,0,30,57.96
239,24,0,1,0,68.60800087451935,3,3,0,1,29,0,0,30,57.96
239,24,0,2,0,9.216000325977802,3,3,0,1,29,0,0,30,57.96
239,24,0,3,0,4.095999989658594,3,3,0,1,29,0,0,30,57.96
239,40,0,0,1,9.216000325977802,3,3,0,0,30,0,0,30,2.77
239,40,0,1,1,80.89599758386612,3,3,0,0,30,0,0,30,2.77
239,40,0,2,1,9.216000325977802,3,3,0,0,30,0,0,30,2.77
239,40,0,3,1,3.0720001086592674,3,3,0,0,30,0,0,30,2.77
240,2,0,0,0,9.216000325977802,1,1,0,1,9,0,0,10,59.95
240,2,0,1,0,29.69600073993206,1,1,0,1,9,0,0,10,59.95
240,2,0,2,0,10.239999741315842,1,1,0,1,9,0,0,10,59.95
240,2,0,3,0,6.144000217318535,1,1,0,1,9,0,0,10,59.95
240,24,0,0,0,9.216000325977802,1,1,0,0,10,0,0,10,0.66
240,24,0,1,0,31.74399957060814,1,1,0,0,10,0,0,10,0.66
240,24,0,2,0,9.216000325977802,1,1,0,0,10,0,0,10,0.66
240,24,0,3,0,3.0720001086592674,1,1,0,0,10,0,0,10,0.66
240,40,0,0,1,8.191999979317188,1,1,0,0,10,0,0,10,0.36
240,40,0,1,1,35.840000957250595,1,1,0,0,10,0,0,10,0.36
240,40,0,2,1,8.191999979317188,1,1,0,0,10,0,0,10,0.36
240,40,0,3,1,5.119999870657921,1,1,0,0,10,0,0,10,0.36
241,2,0,0,0,9.216000325977802,4,4,0,0,40,0,0,40,2.16
241,2,0,1,0,80.89599758386612,4,4,0,0,40,0,0,40,2.16
241,2,0,2,0,9.216000325977802,4,4,0,0,40,0,0,40,2.16
241,2,0,3,0,5.119999870657921,4,4,0,0,40,0,0,40,2.16
241,24,0,0,0,14.336000196635723,4,4,0,0,40,0,0,40,1.87
241,24,0,1,0,74.75200295448303,4,4,0,0,40,0,0,40,1.87
241,24,0,2,0,8.191999979317188,4,4,0,0,40,0,0,40,1.87
241,24,0,3,0,4.095999989658594,4,4,0,0,40,0,0,40,1.87
241,40,0,0,1,9.216000325977802,4,4,0,0,40,0,0,40,1.61
241,40,0,1,1,64.51199948787689,4,4,0,0,40,0,0,40,1.61
241,40,0,2,1,8.191999979317188,4,4,0,0,40,0,0,40,1.61
241,40,0,3,1,4.095999989658594,4,4,0,0,40,0,0,40,1.61
242,2,0,0,0,8.191999979317188,1,1,0,0,10,0,0,10,0.68
242,2,0,1,0,30.719999223947525,1,1,0,0,10,0,0,10,0.68
242,2,0,2,0,9.216000325977802,1,1,0,0,10,0,0,10,0.68
242,2,0,3,0,5.119999870657921,1,1,0,0,10,0,0,10,0.68
242,24,0,0,0,9.216000325977802,1,1,0,0,10,0,0,10,0.45
242,24,0,1,0,31.74399957060814,1,1,0,0,10,0,0,10,0.45
242,24,0,2,0,9.216000325977802,1,1,0,0,10,0,0,10,0.45
242,24,0,3,0,4.095999989658594,1,1,0,0,10,0,0,10,0.45
242,40,0,0,1,8.191999979317188,1,1,0,0,10,0,0,10,0.7
242,40,0,1,1,34.81600061058998,1,1,0,0,10,0,0,10,0.7
242,40,0,2,1,9.216000325977802,1,1,0,0,10,0,0,10,0.7
242,40,0,3,1,4.095999989658594,1,1,0,0,10,0,0,10,0.7
243,2,0,0,0,9.216000325977802,2,2,0,0,20,0,0,20,1.2
243,2,0,1,0,52.22399905323982,2,2,0,0,20,0,0,20,1.2
243,2,0,2,0,8.191999979317188,2,2,0,0,20,0,0,20,1.2
243,2,0,3,0,5.119999870657921,2,2,0,0,20,0,0,20,1.2
243,24,0,0,0,9.216000325977802,2,2,0,1,19,0,0,20,66.259
243,24,0,1,0,38.91199827194214,2,2,0,1,19,0,0,20,66.259
243,24,0,2,0,8.191999979317188,2,2,0,1,19,0,0,20,66.259
243,24,0,3,0,15.359999611973763,2,2,0,1,19,0,0,20,66.259
243,40,0,0,1,9.216000325977802,2,2,0,1,19,0,0,20,68.179
243,40,0,1,1,52.22399905323982,2,2,0,1,19,0,0,20,68.179
243,40,0,2,1,10.239999741315842,2,2,0,1,19,0,0,20,68.179
243,40,0,3,1,4.095999989658594,2,2,0,1,19,0,0,20,68.179
244,2,0,0,0,15.359999611973763,4,4,0,0,40,0,0,40,1.931
244,2,0,1,0,92.16000139713287,4,4,0,0,40,0,0,40,1.931
244,2,0,2,0,9.216000325977802,4,4,0,0,40,0,0,40,1.931
244,2,0,3,0,5.119999870657921,4,4,0,0,40,0,0,40,1.931
244,24,0,0,0,8.191999979317188,4,4,0,0,40,0,0,40,1.76
244,24,0,1,0,74.75200295448303,4,4,0,0,40,0,0,40,1.76
244,24,0,2,0,9.216000325977802,4,4,0,0,40,0,0,40,1.76
244,24,0,3,0,4.095999989658594,4,4,0,0,40,0,0,40,1.76
244,40,0,0,1,9.216000325977802,4,4,0,1,39,0,0,40,75.17
244,40,0,1,1,71.68000191450119,4,4,0,1,39,0,0,40,75.17
244,40,0,2,1,8.191999979317188,4,4,0,1,39,0,0,40,75.17
244,40,0,3,1,4.095999989658594,4,4,0,1,39,0,0,40,75.17
245,2,0,0,0,14.336000196635723,4,4,0,0,40,0,0,40,1.919
245,2,0,1,0,81.91999793052673,4,4,0,0,40,0,0,40,1.919
245,2,0,2,0,9.216000325977802,4,4,0,0,40,0,0,40,1.919
245,2,0,3,0,6.144000217318535,4,4,0,0,40,0,0,40,1.919
245,24,0,0,0,8.191999979317188,4,4,0,2,38,0,0,40,149.509
245,24,0,1,0,63.48799914121628,4,4,0,2,38,0,0,40,149.509
245,24,0,2,0,8.191999979317188,4,4,0,2,38,0,0,40,149.509
245,24,0,3,0,64.51199948787689,4,4,0,2,38,0,0,40,149.509
245,40,0,0,1,9.216000325977802,4,4,0,0,40,0,0,40,2.731
245,40,0,1,1,60.416001826524734,4,4,0,0,40,0,0,40,2.731
245,40,0,2,1,9.216000325977802,4,4,0,0,40,0,0,40,2.731
245,40,0,3,1,4.095999989658594,4,4,0,0,40,0,0,40,2.731
246,2,0,0,0,9.216000325977802,2,2,0,0,20,0,0,20,2.83
246,2,0,1,0,41.98399931192398,2,2,0,0,20,0,0,20,2.83
246,2,0,2,0,9.216000325977802,2,2,0,0,20,0,0,20,2.83
246,2,0,3,0,5.119999870657921,2,2,0,0,20,0,0,20,2.83
246,24,0,0,0,26.623999699950218,2,2,0,0,20,0,0,20,0.86
246,24,0,1,0,41.98399931192398,2,2,0,0,20,0,0,20,0.86
246,24,0,2,0,8.191999979317188,2,2,0,0,20,0,0,20,0.86
246,24,0,3,0,4.095999989658594,2,2,0,0,20,0,0,20,0.86
246,40,0,0,1,8.191999979317188,2,2,0,0,20,0,0,20,2.32
246,40,0,1,1,44.03200000524521,2,2,0,0,20,0,0,20,2.32
246,40,0,2,1,9.216000325977802,2,2,0,0,20,0,0,20,2.32
246,40,0,3,1,4.095999989658594,2,2,0,0,20,0,0,20,2.32
247,2,0,0,0,17.40800030529499,2,2,0,0,20,0,0,20,0.931
247,2,0,1,0,53.247999399900436,2,2,0,0,20,0,0,20,0.931
247,2,0,2,0,9.216000325977802,2,2,0,0,20,0,0,20,0.931
247,2,0,3,0,5.119999870657921,2,2,0,0,20,0,0,20,0.931
247,24,0,0,0,8.191999979317188,2,2,0,0,20,0,0,20,0.79
247,24,0,1,0,51.19999870657921,2,2,0,0,20,0,0,20,0.79
247,24,0,2,0,9.216000325977802,2,2,0,0,20,0,0,20,0.79
247,24,0,3,0,4.095999989658594,2,2,0,0,20,0,0,20,0.79
247,40,0,0,1,9.216000325977802,2,2,0,0,20,0,0,20,1.5
247,40,0,1,1,49.15200173854828,2,2,0,0,20,0,0,20,1.5
247,40,0,2,1,9.216000325977802,2,2,0,0,20,0,0,20,1.5
247,40,0,3,1,4.095999989658594,2,2,0,0,20,0,0,20,1.5
248,2,0,0,0,16.383999958634377,2,2,0,1,19,0,0,20,67.42
248,2,0,1,0,40.95999896526337,2,2,0,1,19,0,0,20,67.42
248,2,0,2,0,9.216000325977802,2,2,0,1,19,0,0,20,67.42
248,2,0,3,0,8.191999979317188,2,2,0,1,19,0,0,20,67.42
248,24,0,0,0,8.191999979317188,2,2,0,0,20,0,0,20,1.0
248,24,0,1,0,47.10400104522705,2,2,0,0,20,0,0,20,1.0
248,24,0,2,0,9.216000325977802,2,2,0,0,20,0,0,20,1.0
248,24,0,3,0,4.095999989658594,2,2,0,0,20,0,0,20,1.0
248,40,0,0,1,11.264000087976456,2,2,0,0,20,0,0,20,0.671
248,40,0,1,1,48.128001391887665,2,2,0,0,20,0,0,20,0.671
248,40,0,2,1,9.216000325977802,2,2,0,0,20,0,0,20,0.671
248,40,0,3,1,3.0720001086592674,2,2,0,0,20,0,0,20,0.671
249,2,0,0,0,9.216000325977802,4,4,0,2,38,0,0,40,90.74
249,2,0,1,0,81.91999793052673,4,4,0,2,38,0,0,40,90.74
249,2,0,2,0,9.216000325977802,4,4,0,2,38,0,0,40,90.74
249,2,0,3,0,7.168000098317862,4,4,0,2,38,0,0,40,90.74
249,24,0,0,0,14.336000196635723,4,4,0,0,40,0,0,40,1.45
249,24,0,1,0,77.82399654388428,4,4,0,0,40,0,0,40,1.45
249,24,0,2,0,9.216000325977802,4,4,0,0,40,0,0,40,1.45
249,24,0,3,0,4.095999989658594,4,4,0,0,40,0,0,40,1.45
249,40,0,0,1,9.216000325977802,4,4,0,0,40,0,0,40,2.52
249,40,0,1,1,67.58400052785873,4,4,0,0,40,0,0,40,2.52
249,40,0,2,1,9.216000325977802,4,4,0,0,40,0,0,40,2.52
249,40,0,3,1,4.095999989658594,4,4,0,0,40,0,0,40,2.52
250,2,0,0,0,8.191999979317188,3,3,0,0,30,0,0,30,2.67
250,2,0,1,0,51.19999870657921,3,3,0,0,30,0,0,30,2.67
250,2,0,2,0,9.216000325977802,3,3,0,0,30,0,0,30,2.67
250,2,0,3,0,5.119999870657921,3,3,0,0,30,0,0,30,2.67
250,24,0,0,0,8.191999979317188,3,3,0,0,30,0,0,30,1.16
250,24,0,1,0,47.10400104522705,3,3,0,0,30,0,0,30,1.16
250,24,0,2,0,9.216000325977802,3,3,0,0,30,0,0,30,1.16
250,24,0,3,0,4.095999989658594,3,3,0,0,30,0,0,30,1.16
250,40,0,0,1,9.216000325977802,3,3,0,0,30,0,0,30,2.05
250,40,0,1,1,51.19999870657921,3,3,0,0,30,0,0,30,2.05
250,40,0,2,1,9.216000325977802,3,3,0,0,30,0,0,30,2.05
250,40,0,3,1,4.095999989658594,3,3,0,0,30,0,0,30,2.05
251,2,0,0,0,9.216000325977802,4,4,0,0,40,0,0,40,5.21
251,2,0,1,0,88.06400001049042,4,4,0,0,40,0,0,40,5.21
251,2,0,2,0,9.216000325977802,4,4,0,0,40,0,0,40,5.21
251,2,0,3,0,7.168000098317862,4,4,0,0,40,0,0,40,5.21
251,24,0,0,0,9.216000325977802,4,4,0,0,40,0,0,40,4.469
251,24,0,1,0,71.68000191450119,4,4,0,0,40,0,0,40,4.469
251,24,0,2,0,8.191999979317188,4,4,0,0,40,0,0,40,4.469
251,24,0,3,0,4.095999989658594,4,4,0,0,40,0,0,40,4.469
251,40,0,0,1,15.359999611973763,4,4,0,0,40,0,0,40,2.47
251,40,0,1,1,83.96799862384796,4,4,0,0,40,0,0,40,2.47
251,40,0,2,1,9.216000325977802,4,4,0,0,40,0,0,40,2.47
251,40,0,3,1,4.095999989658594,4,4,0,0,40,0,0,40,2.47
252,2,0,0,0,9.216000325977802,4,4,0,0,40,0,0,40,1.87
252,2,0,1,0,82.94399827718735,4,4,0,0,40,0,0,40,1.87
252,2,0,2,0,9.216000325977802,4,4,0,0,40,0,0,40,1.87
252,2,0,3,0,4.095999989658594,4,4,0,0,40,0,0,40,1.87
252,24,0,0,0,10.239999741315842,4,4,0,0,40,0,0,40,1.67
252,24,0,1,0,77.82399654388428,4,4,0,0,40,0,0,40,1.67
252,24,0,2,0,9.216000325977802,4,4,0,0,40,0,0,40,1.67
252,24,0,3,0,4.095999989658594,4,4,0,0,40,0,0,40,1.67
252,40,0,0,1,9.216000325977802,4,4,0,0,40,0,0,40,1.57
252,40,0,1,1,107.51999914646149,4,4,0,0,40,0,0,40,1.57
252,40,0,2,1,9.216000325977802,4,4,0,0,40,0,0,40,1.57
252,40,0,3,1,4.095999989658594,4,4,0,0,40,0,0,40,1.57
253,2,0,0,0,8.191999979317188,4,4,0,0,40,0,0,40,6.28
253,2,0,1,0,79.8719972372055,4,4,0,0,40,0,0,40,6.28
253,2,0,2,0,9.216000325977802,4,4,0,0,40,0,0,40,6.28
253,2,0,3,0,5.119999870657921,4,4,0,0,40,0,0,40,6.28
253,24,0,0,0,8.191999979317188,4,4,0,0,40,0,0,40,1.6
253,24,0,1,0,61.43999844789505,4,4,0,0,40,0,0,40,1.6
253,24,0,2,0,9.216000325977802,4,4,0,0,40,0,0,40,1.6
253,24,0,3,0,4.095999989658594,4,4,0,0,40,0,0,40,1.6
253,40,0,0,1,9.216000325977802,4,4,0,0,40,0,0,40,3.631
253,40,0,1,1,88.06400001049042,4,4,0,0,40,0,0,40,3.631
253,40,0,2,1,9.216000325977802,4,4,0,0,40,0,0,40,3.631
253,40,0,3,1,4.095999989658594,4,4,0,0,40,0,0,40,3.631
254,2,0,0,0,8.191999979317188,4,4,0,1,39,0,0,40,102.369
254,2,0,1,0,77.82399654388428,4,4,0,1,39,0,0,40,102.369
254,2,0,2,0,9.216000325977802,4,4,0,1,39,0,0,40,102.369
254,2,0,3,0,5.119999870657921,4,4,0,1,39,0,0,40,102.369
254,24,0,0,0,8.191999979317188,4,4,0,0,40,0,0,40,1.43
254,24,0,1,0,63.48799914121628,4,4,0,0,40,0,0,40,1.43
254,24,0,2,0,9.216000325977802,4,4,0,0,40,0,0,40,1.43
254,24,0,3,0,4.095999989658594,4,4,0,0,40,0,0,40,1.43
254,40,0,0,1,15.359999611973763,4,4,0,0,40,0,0,40,2.2
254,40,0,1,1,58.36800113320351,4,4,0,0,40,0,0,40,2.2
254,40,0,2,1,8.191999979317188,4,4,0,0,40,0,0,40,2.2
254,40,0,3,1,4.095999989658594,4,4,0,0,40,0,0,40,2.2
255,2,0,0,0,8.191999979317188,3,3,0,0,30,0,0,30,1.3
255,2,0,1,0,70.65600156784058,3,3,0,0,30,0,0,30,1.3
255,2,0,2,0,9.216000325977802,3,3,0,0,30,0,0,30,1.3
255,2,0,3,0,5.119999870657921,3,3,0,0,30,0,0,30,1.3
255,24,0,0,0,8.191999979317188,3,3,0,5,25,0,0,30,135.93
255,24,0,1,0,44.03200000524521,3,3,0,5,25,0,0,30,135.93
255,24,0,2,0,8.191999979317188,3,3,0,5,25,0,0,30,135.93
255,24,0,3,0,71.68000191450119,3,3,0,5,25,0,0,30,135.93
255,40,0,0,1,9.216000325977802,3,3,0,0,30,0,0,30,1.22
255,40,0,1,1,61.43999844789505,3,3,0,0,30,0,0,30,1.22
255,40,0,2,1,9.216000325977802,3,3,0,0,30,0,0,30,1.22
255,40,0,3,1,4.095999989658594,3,3,0,0,30,0,0,30,1.22
256,2,0,0,0,8.191999979317188,1,1,0,0,10,0,0,10,0.35
256,2,0,1,0,32.76799991726875,1,1,0,0,10,0,0,10,0.35
256,2,0,2,0,9.216000325977802,1,1,0,0,10,0,0,10,0.35
256,2,0,3,0,6.144000217318535,1,1,0,0,10,0,0,10,0.35
256,24,0,0,0,9.216000325977802,1,1,0,1,9,0,0,10,62.41
256,24,0,1,0,30.719999223947525,1,1,0,1,9,0,0,10,62.41
256,24,0,2,0,9.216000325977802,1,1,0,1,9,0,0,10,62.41
256,24,0,3,0,8.191999979317188,1,1,0,1,9,0,0,10,62.41
256,40,0,0,1,8.191999979317188,1,1,0,0,10,0,0,10,0.34
256,40,0,1,1,34.81600061058998,1,1,0,0,10,0,0,10,0.34
256,40,0,2,1,9.216000325977802,1,1,0,0,10,0,0,10,0.34
256,40,0,3,1,4.095999989658594,1,1,0,0,10,0,0,10,0.34
257,2,0,0,0,9.216000325977802,4,4,0,0,40,0,0,40,3.33
257,2,0,1,0,86.01599931716919,4,4,0,0,40,0,0,40,3.33
257,2,0,2,0,9.216000325977802,4,4,0,0,40,0,0,40,3.33
257,2,0,3,0,5.119999870657921,4,4,0,0,40,0,0,40,3.33
257,24,0,0,0,8.191999979317188,4,4,0,0,40,0,0,40,1.39
257,24,0,1,0,69.63200122117996,4,4,0,0,40,0,0,40,1.39
257,24,0,2,0,9.216000325977802,4,4,0,0,40,0,0,40,1.39
257,24,0,3,0,4.095999989658594,4,4,0,0,40,0,0,40,1.39
257,40,0,0,1,8.191999979317188,4,4,0,0,40,0,0,40,3.56
257,40,0,1,1,54.27199974656105,4,4,0,0,40,0,0,40,3.56
257,40,0,2,1,9.216000325977802,4,4,0,0,40,0,0,40,3.56
257,40,0,3,1,4.095999989658594,4,4,0,0,40,0,0,40,3.56
258,2,0,0,0,8.191999979317188,4,4,0,0,40,0,0,40,1.71
258,2,0,1,0,75.77600330114365,4,4,0,0,40,0,0,40,1.71
258,2,0,2,0,9.216000325977802,4,4,0,0,40,0,0,40,1.71
258,2,0,3,0,8.191999979317188,4,4,0,0,40,0,0,40,1.71
258,24,0,0,0,10.239999741315842,4,4,0,0,40,0,0,40,2.88
258,24,0,1,0,67.58400052785873,4,4,0,0,40,0,0,40,2.88
258,24,0,2,0,9.216000325977802,4,4,0,0,40,0,0,40,2.88
258,24,0,3,0,4.095999989658594,4,4,0,0,40,0,0,40,2.88
258,40,0,0,1,15.359999611973763,4,4,0,0,40,0,0,40,1.54
258,40,0,1,1,65.5359998345375,4,4,0,0,40,0,0,40,1.54
258,40,0,2,1,9.216000325977802,4,4,0,0,40,0,0,40,1.54
258,40,0,3,1,4.095999989658594,4,4,0,0,40,0,0,40,1.54
259,2,0,0,0,9.216000325977802,4,4,0,0,40,0,0,40,1.86
259,2,0,1,0,81.91999793052673,4,4,0,0,40,0,0,40,1.86
259,2,0,2,0,9.216000325977802,4,4,0,0,40,0,0,40,1.86
259,2,0,3,0,5.119999870657921,4,4,0,0,40,0,0,40,1.86
259,24,0,0,0,8.191999979317188,4,4,0,1,39,0,0,40,54.34
259,24,0,1,0,72.7040022611618,4,4,0,1,39,0,0,40,54.34
259,24,0,2,0,9.216000325977802,4,4,0,1,39,0,0,40,54.34
259,24,0,3,0,4.095999989658594,4,4,0,1,39,0,0,40,54.34
259,40,0,0,1,8.191999979317188,4,4,0,0,40,0,0,40,1.651
259,40,0,1,1,89.08800035715103,4,4,0,0,40,0,0,40,1.651
259,40,0,2,1,9.216000325977802,4,4,0,0,40,0,0,40,1.651
259,40,0,3,1,4.095999989658594,4,4,0,0,40,0,0,40,1.651
260,2,0,0,0,8.191999979317188,4,4,0,0,40,0,0,40,1.86
260,2,0,1,0,92.16000139713287,4,4,0,0,40,0,0,40,1.86
260,2,0,2,0,9.216000325977802,4,4,0,0,40,0,0,40,1.86
260,2,0,3,0,6.144000217318535,4,4,0,0,40,0,0,40,1.86
260,24,0,0,0,9.216000325977802,4,4,0,0,40,0,0,40,1.53
260,24,0,1,0,70.65600156784058,4,4,0,0,40,0,0,40,1.53
260,24,0,2,0,9.216000325977802,4,4,0,0,40,0,0,40,1.53
260,24,0,3,0,4.095999989658594,4,4,0,0,40,0,0,40,1.53
260,40,0,0,1,8.191999979317188,4,4,0,0,40,0,0,40,1.65
260,40,0,1,1,75.77600330114365,4,4,0,0,40,0,0,40,1.65
260,40,0,2,1,9.216000325977802,4,4,0,0,40,0,0,40,1.65
260,40,0,3,1,4.095999989658594,4,4,0,0,40,0,0,40,1.65
261,2,0,0,0,8.191999979317188,4,4,0,0,40,0,0,40,3.49
261,2,0,1,0,84.99199897050858,4,4,0,0,40,0,0,40,3.49
261,2,0,2,0,9.216000325977802,4,4,0,0,40,0,0,40,3.49
261,2,0,3,0,7.168000098317862,4,4,0,0,40,0,0,40,3.49
261,24,0,0,0,2740.2238845825195,4,4,0,0,40,0,0,40,4.04
261,24,0,1,0,70.65600156784058,4,4,0,0,40,0,0,40,4.04
261,24,0,2,0,9.216000325977802,4,4,0,0,40,0,0,40,4.04
261,24,0,3,0,4.095999989658594,4,4,0,0,40,0,0,40,4.04
261,40,0,0,1,67.58400052785873,4,4,0,0,40,0,0,40,2.38
261,40,0,1,1,71.68000191450119,4,4,0,0,40,0,0,40,2.38
261,40,0,2,1,9.216000325977802,4,4,0,0,40,0,0,40,2.38
261,40,0,3,1,4.095999989658594,4,4,0,0,40,0,0,40,2.38
262,2,0,0,0,9.216000325977802,1,1,0,0,10,0,0,10,0.549
262,2,0,1,0,31.74399957060814,1,1,0,0,10,0,0,10,0.549
262,2,0,2,0,9.216000325977802,1,1,0,0,10,0,0,10,0.549
262,2,0,3,0,5.119999870657921,1,1,0,0,10,0,0,10,0.549
262,24,0,0,0,9.216000325977802,1,1,0,0,10,0,0,10,0.33
262,24,0,1,0,32.76799991726875,1,1,0,0,10,0,0,10,0.33
262,24,0,2,0,9.216000325977802,1,1,0,0,10,0,0,10,0.33
262,24,0,3,0,4.095999989658594,1,1,0,0,10,0,0,10,0.33
262,40,0,0,1,31.74399957060814,1,1,0,0,10,0,0,10,2.78
262,40,0,1,1,35.840000957250595,1,1,0,0,10,0,0,10,2.78
262,40,0,2,1,9.216000325977802,1,1,0,0,10,0,0,10,2.78
262,40,0,3,1,4.095999989658594,1,1,0,0,10,0,0,10,2.78
263,2,0,0,0,15.359999611973763,3,3,0,0,30,0,0,30,1.089
263,2,0,1,0,47.10400104522705,3,3,0,0,30,0,0,30,1.089
263,2,0,2,0,9.216000325977802,3,3,0,0,30,0,0,30,1.089
263,2,0,3,0,6.144000217318535,3,3,0,0,30,0,0,30,1.089
263,24,0,0,0,8.191999979317188,3,3,0,0,30,0,0,30,1.32
263,24,0,1,0,49.15200173854828,3,3,0,0,30,0,0,30,1.32
263,24,0,2,0,9.216000325977802,3,3,0,0,30,0,0,30,1.32
263,24,0,3,0,4.095999989658594,3,3,0,0,30,0,0,30,1.32
263,40,0,0,1,8.191999979317188,3,3,0,0,30,0,0,30,1.22
263,40,0,1,1,50.175998359918594,3,3,0,0,30,0,0,30,1.22
263,40,0,2,1,9.216000325977802,3,3,0,0,30,0,0,30,1.22
263,40,0,3,1,4.095999989658594,3,3,0,0,30,0,0,30,1.22
264,2,0,0,0,9.216000325977802,2,2,0,0,20,0,0,20,1.651
264,2,0,1,0,45.05600035190582,2,2,0,0,20,0,0,20,1.651
264,2,0,2,0,8.191999979317188,2,2,0,0,20,0,0,20,1.651
264,2,0,3,0,8.191999979317188,2,2,0,0,20,0,0,20,1.651
264,24,0,0,0,8.191999979317188,2,2,0,0,20,0,0,20,1.18
264,24,0,1,0,41.98399931192398,2,2,0,0,20,0,0,20,1.18
264,24,0,2,0,9.216000325977802,2,2,0,0,20,0,0,20,1.18
264,24,0,3,0,4.095999989658594,2,2,0,0,20,0,0,20,1.18
264,40,0,0,1,9.216000325977802,2,2,0,0,20,0,0,20,1.451
264,40,0,1,1,53.247999399900436,2,2,0,0,20,0,0,20,1.451
264,40,0,2,1,9.216000325977802,2,2,0,0,20,0,0,20,1.451
264,40,0,3,1,4.095999989658594,2,2,0,0,20,0,0,20,1.451
265,2,0,0,0,15.359999611973763,4,4,0,0,40,0,0,40,4.52
265,2,0,1,0,75.77600330114365,4,4,0,0,40,0,0,40,4.52
265,2,0,2,0,8.191999979317188,4,4,0,0,40,0,0,40,4.52
265,2,0,3,0,5.119999870657921,4,4,0,0,40,0,0,40,4.52
265,24,0,0,0,8.191999979317188,4,4,0,0,40,0,0,40,2.569
265,24,0,1,0,61.43999844789505,4,4,0,0,40,0,0,40,2.569
265,24,0,2,0,9.216000325977802,4,4,0,0,40,0,0,40,2.569
265,24,0,3,0,4.095999989658594,4,4,0,0,40,0,0,40,2.569
265,40,0,0,1,8.191999979317188,4,4,0,0,40,0,0,40,2.989
265,40,0,1,1,69.63200122117996,4,4,0,0,40,0,0,40,2.989
265,40,0,2,1,8.191999979317188,4,4,0,0,40,0,0,40,2.989
265,40,0,3,1,4.095999989658594,4,4,0,0,40,0,0,40,2.989
266,2,0,0,0,8.191999979317188,1,1,0,0,10,0,0,10,1.09
266,2,0,1,0,31.74399957060814,1,1,0,0,10,0,0,10,1.09
266,2,0,2,0,8.191999979317188,1,1,0,0,10,0,0,10,1.09
266,2,0,3,0,5.119999870657921,1,1,0,0,10,0,0,10,1.09
266,24,0,0,0,8.191999979317188,1,1,0,0,10,0,0,10,1.04
266,24,0,1,0,31.74399957060814,1,1,0,0,10,0,0,10,1.04
266,24,0,2,0,9.216000325977802,1,1,0,0,10,0,0,10,1.04
266,24,0,3,0,4.095999989658594,1,1,0,0,10,0,0,10,1.04
266,40,0,0,1,9.216000325977802,1,1,0,0,10,0,0,10,0.67
266,40,0,1,1,34.81600061058998,1,1,0,0,10,0,0,10,0.67
266,40,0,2,1,9.216000325977802,1,1,0,0,10,0,0,10,0.67
266,40,0,3,1,4.095999989658594,1,1,0,0,10,0,0,10,0.67
267,2,0,0,0,9.216000325977802,1,1,0,0,10,0,0,10,1.109
267,2,0,1,0,31.74399957060814,1,1,0,0,10,0,0,10,1.109
267,2,0,2,0,9.216000325977802,1,1,0,0,10,0,0,10,1.109
267,2,0,3,0,4.095999989658594,1,1,0,0,10,0,0,10,1.109
267,24,0,0,0,8.191999979317188,1,1,0,0,10,0,0,10,2.449
267,24,0,1,0,30.719999223947525,1,1,0,0,10,0,0,10,2.449
267,24,0,2,0,9.216000325977802,1,1,0,0,10,0,0,10,2.449
267,24,0,3,0,5.119999870657921,1,1,0,0,10,0,0,10,2.449
267,40,0,0,1,8.191999979317188,1,1,0,0,10,0,0,10,0.88
267,40,0,1,1,35.840000957250595,1,1,0,0,10,0,0,10,0.88
267,40,0,2,1,9.216000325977802,1,1,0,0,10,0,0,10,0.88
267,40,0,3,1,4.095999989658594,1,1,0,0,10,0,0,10,0.88
268,2,0,0,0,1018.8800096511841,3,3,0,0,30,0,0,30,2.43
268,2,0,1,0,72.7040022611618,3,3,0,0,30,0,0,30,2.43
268,2,0,2,0,9.216000325977802,3,3,0,0,30,0,0,30,2.43
268,2,0,3,0,5.119999870657921,3,3,0,0,30,0,0,30,2.43
268,24,0,0,0,3323.904037475586,3,3,0,0,30,0,0,30,2.22
268,24,0,1,0,69.63200122117996,3,3,0,0,30,0,0,30,2.22
268,24,0,2,0,9.216000325977802,3,3,0,0,30,0,0,30,2.22
268,24,0,3,0,4.095999989658594,3,3,0,0,30,0,0,30,2.22
268,40,0,0,1,10.239999741315842,3,3,0,0,30,0,0,30,1.78
268,40,0,1,1,58.36800113320351,3,3,0,0,30,0,0,30,1.78
268,40,0,2,1,10.239999741315842,3,3,0,0,30,0,0,30,1.78
268,40,0,3,1,5.119999870657921,3,3,0,0,30,0,0,30,1.78
269,2,0,0,0,9.216000325977802,2,2,0,1,19,0,0,20,62.72
269,2,0,1,0,49.15200173854828,2,2,0,1,19,0,0,20,62.72
269,2,0,2,0,9.216000325977802,2,2,0,1,19,0,0,20,62.72
269,2,0,3,0,8.191999979317188,2,2,0,1,19,0,0,20,62.72
269,24,0,0,0,9.216000325977802,2,2,0,0,20,0,0,20,2.36
269,24,0,1,0,45.05600035190582,2,2,0,0,20,0,0,20,2.36
269,24,0,2,0,9.216000325977802,2,2,0,0,20,0,0,20,2.36
269,24,0,3,0,4.095999989658594,2,2,0,0,20,0,0,20,2.36
269,40,0,0,1,8.191999979317188,2,2,0,0,20,0,0,20,1.26
269,40,0,1,1,43.007999658584595,2,2,0,0,20,0,0,20,1.26
269,40,0,2,1,9.216000325977802,2,2,0,0,20,0,0,20,1.26
269,40,0,3,1,4.095999989658594,2,2,0,0,20,0,0,20,1.26
270,2,0,0,0,9.216000325977802,1,1,0,0,10,0,0,10,0.55
270,2,0,1,0,31.74399957060814,1,1,0,0,10,0,0,10,0.55
270,2,0,2,0,9.216000325977802,1,1,0,0,10,0,0,10,0.55
270,2,0,3,0,5.119999870657921,1,1,0,0,10,0,0,10,0.55
270,24,0,0,0,9.216000325977802,1,1,0,1,9,0,0,10,84.05
270,24,0,1,0,29.69600073993206,1,1,0,1,9,0,0,10,84.05
270,24,0,2,0,9.216000325977802,1,1,0,1,9,0,0,10,84.05
270,24,0,3,0,30.719999223947525,1,1,0,1,9,0,0,10,84.05
270,40,0,0,1,8.191999979317188,1,1,0,0,10,0,0,10,0.74
270,40,0,1,1,34.81600061058998,1,1,0,0,10,0,0,10,0.74
270,40,0,2,1,9.216000325977802,1,1,0,0,10,0,0,10,0.74
270,40,0,3,1,4.095999989658594,1,1,0,0,10,0,0,10,0.74
271,2,0,0,0,9.216000325977802,2,2,0,0,20,0,0,20,0.829
271,2,0,1,0,44.03200000524521,2,2,0,0,20,0,0,20,0.829
271,2,0,2,0,9.216000325977802,2,2,0,0,20,0,0,20,0.829
271,2,0,3,0,6.144000217318535,2,2,0,0,20,0,0,20,0.829
271,24,0,0,0,9.216000325977802,2,2,0,0,20,0,0,20,0.98
271,24,0,1,0,40.95999896526337,2,2,0,0,20,0,0,20,0.98
271,24,0,2,0,9.216000325977802,2,2,0,0,20,0,0,20,0.98
271,24,0,3,0,4.095999989658594,2,2,0,0,20,0,0,20,0.98
271,40,0,0,1,9.216000325977802,2,2,0,0,20,0,0,20,0.88
271,40,0,1,1,54.27199974656105,2,2,0,0,20,0,0,20,0.88
271,40,0,2,1,10.239999741315842,2,2,0,0,20,0,0,20,0.88
271,40,0,3,1,5.119999870657921,2,2,0,0,20,0,0,20,0.88
272,2,0,0,0,8.191999979317188,4,4,0,1,39,0,0,40,71.09
272,2,0,1,0,79.8719972372055,4,4,0,1,39,0,0,40,71.09
272,2,0,2,0,8.191999979317188,4,4,0,1,39,0,0,40,71.09
272,2,0,3,0,5.119999870657921,4,4,0,1,39,0,0,40,71.09
272,24,0,0,0,8.191999979317188,4,4,0,0,40,0,0,40,2.14
272,24,0,1,0,53.247999399900436,4,4,0,0,40,0,0,40,2.14
272,24,0,2,0,9.216000325977802,4,4,0,0,40,0,0,40,2.14
272,24,0,3,0,4.095999989658594,4,4,0,0,40,0,0,40,2.14
272,40,0,0,1,9.216000325977802,4,4,0,0,40,0,0,40,1.55
272,40,0,1,1,60.416001826524734,4,4,0,0,40,0,0,40,1.55
272,40,0,2,1,9.216000325977802,4,4,0,0,40,0,0,40,1.55
272,40,0,3,1,4.095999989658594,4,4,0,0,40,0,0,40,1.55
273,2,0,0,0,9.216000325977802,1,1,0,0,10,0,0,10,0.52
273,2,0,1,0,31.74399957060814,1,1,0,0,10,0,0,10,0.52
273,2,0,2,0,9.216000325977802,1,1,0,0,10,0,0,10,0.52
273,2,0,3,0,4.095999989658594,1,1,0,0,10,0,0,10,0.52
273,24,0,0,0,9.216000325977802,1,1,0,0,10,0,0,10,0.731
273,24,0,1,0,31.74399957060814,1,1,0,0,10,0,0,10,0.731
273,24,0,2,0,9.216000325977802,1,1,0,0,10,0,0,10,0.731
273,24,0,3,0,4.095999989658594,1,1,0,0,10,0,0,10,0.731
273,40,0,0,1,8.191999979317188,1,1,0,0,10,0,0,10,0.331
273,40,0,1,1,35.840000957250595,1,1,0,0,10,0,0,10,0.331
273,40,0,2,1,9.216000325977802,1,1,0,0,10,0,0,10,0.331
273,40,0,3,1,4.095999989658594,1,1,0,0,10,0,0,10,0.331
274,2,0,0,0,9.216000325977802,1,1,0,0,10,0,0,10,1.67
274,2,0,1,0,31.74399957060814,1,1,0,0,10,0,0,10,1.67
274,2,0,2,0,9.216000325977802,1,1,0,0,10,0,0,10,1.67
274,2,0,3,0,5.119999870657921,1,1,0,0,10,0,0,10,1.67
274,24,0,0,0,8.191999979317188,1,1,0,0,10,0,0,10,1.96
274,24,0,1,0,32.76799991726875,1,1,0,0,10,0,0,10,1.96
274,24,0,2,0,9.216000325977802,1,1,0,0,10,0,0,10,1.96
274,24,0,3,0,4.095999989658594,1,1,0,0,10,0,0,10,1.96
274,40,0,0,1,8.191999979317188,1,1,0,0,10,0,0,10,0.509
274,40,0,1,1,34.81600061058998,1,1,0,0,10,0,0,10,0.509
274,40,0,2,1,8.191999979317188,1,1,0,0,10,0,0,10,0.509
274,40,0,3,1,4.095999989658594,1,1,0,0,10,0,0,10,0.509
275,2,0,0,0,8.191999979317188,1,1,0,0,10,0,0,10,1.03
275,2,0,1,0,31.74399957060814,1,1,0,0,10,0,0,10,1.03
275,2,0,2,0,9.216000325977802,1,1,0,0,10,0,0,10,1.03
275,2,0,3,0,5.119999870657921,1,1,0,0,10,0,0,10,1.03
275,24,0,0,0,8.191999979317188,1,1,0,0,10,0,0,10,0.4
275,24,0,1,0,31.74399957060814,1,1,0,0,10,0,0,10,0.4
275,24,0,2,0,9.216000325977802,1,1,0,0,10,0,0,10,0.4
275,24,0,3,0,4.095999989658594,1,1,0,0,10,0,0,10,0.4
275,40,0,0,1,8.191999979317188,1,1,0,0,10,0,0,10,0.65
275,40,0,1,1,35.840000957250595,1,1,0,0,10,0,0,10,0.65
275,40,0,2,1,9.216000325977802,1,1,0,0,10,0,0,10,0.65
275,40,0,3,1,4.095999989658594,1,1,0,0,10,0,0,10,0.65
276,2,0,0,0,375.8080005645752,1,1,0,0,10,0,0,10,1.189
276,2,0,1,0,30.719999223947525,1,1,0,0,10,0,0,10,1.189
276,2,0,2,0,9.216000325977802,1,1,0,0,10,0,0,10,1.189
276,2,0,3,0,6.144000217318535,1,1,0,0,10,0,0,10,1.189
276,24,0,0,0,8.191999979317188,1,1,0,0,10,0,0,10,0.34
276,24,0,1,0,32.76799991726875,1,1,0,0,10,0,0,10,0.34
276,24,0,2,0,9.216000325977802,1,1,0,0,10,0,0,10,0.34
276,24,0,3,0,4.095999989658594,1,1,0,0,10,0,0,10,0.34
276,40,0,0,1,8.191999979317188,1,1,0,0,10,0,0,10,0.44
276,40,0,1,1,34.81600061058998,1,1,0,0,10,0,0,10,0.44
276,40,0,2,1,8.191999979317188,1,1,0,0,10,0,0,10,0.44
276,40,0,3,1,3.0720001086592674,1,1,0,0,10,0,0,10,0.44
277,2,0,0,0,9.216000325977802,3,3,0,0,30,0,0,30,1.27
277,2,0,1,0,70.65600156784058,3,3,0,0,30,0,0,30,1.27
277,2,0,2,0,9.216000325977802,3,3,0,0,30,0,0,30,1.27
277,2,0,3,0,5.119999870657921,3,3,0,0,30,0,0,30,1.27
277,24,0,0,0,9.216000325977802,3,3,0,2,28,0,0,30,71.29
277,24,0,1,0,52.22399905323982,3,3,0,2,28,0,0,30,71.29
277,24,0,2,0,10.239999741315842,3,3,0,2,28,0,0,30,71.29
277,24,0,3,0,4.095999989658594,3,3,0,2,28,0,0,30,71.29
277,40,0,0,1,8.191999979317188,3,3,0,0,30,0,0,30,1.16
277,40,0,1,1,54.27199974656105,3,3,0,0,30,0,0,30,1.16
277,40,0,2,1,9.216000325977802,3,3,0,0,30,0,0,30,1.16
277,40,0,3,1,3.0720001086592674,3,3,0,0,30,0,0,30,1.16
278,2,0,0,0,9.216000325977802,1,1,0,0,10,0,0,10,0.42
278,2,0,1,0,31.74399957060814,1,1,0,0,10,0,0,10,0.42
278,2,0,2,0,8.191999979317188,1,1,0,0,10,0,0,10,0.42
278,2,0,3,0,4.095999989658594,1,1,0,0,10,0,0,10,0.42
278,24,0,0,0,9.216000325977802,1,1,0,0,10,0,0,10,0.47
278,24,0,1,0,30.719999223947525,1,1,0,0,10,0,0,10,0.47
278,24,0,2,0,9.216000325977802,1,1,0,0,10,0,0,10,0.47
278,24,0,3,0,4.095999989658594,1,1,0,0,10,0,0,10,0.47
278,40,0,0,1,8.191999979317188,1,1,0,0,10,0,0,10,0.65
278,40,0,1,1,34.81600061058998,1,1,0,0,10,0,0,10,0.65
278,40,0,2,1,8.191999979317188,1,1,0,0,10,0,0,10,0.65
278,40,0,3,1,4.095999989658594,1,1,0,0,10,0,0,10,0.65
279,2,0,0,0,14.336000196635723,4,4,0,0,40,0,0,40,1.74
279,2,0,1,0,73.72800260782242,4,4,0,0,40,0,0,40,1.74
279,2,0,2,0,9.216000325977802,4,4,0,0,40,0,0,40,1.74
279,2,0,3,0,6.144000217318535,4,4,0,0,40,0,0,40,1.74
279,24,0,0,0,8.191999979317188,4,4,0,0,40,0,0,40,1.569
279,24,0,1,0,63.48799914121628,4,4,0,0,40,0,0,40,1.569
279,24,0,2,0,9.216000325977802,4,4,0,0,40,0,0,40,1.569
279,24,0,3,0,4.095999989658594,4,4,0,0,40,0,0,40,1.569
279,40,0,0,1,9.216000325977802,4,4,0,0,40,0,0,40,1.651
279,40,0,1,1,81.91999793052673,4,4,0,0,40,0,0,40,1.651
279,40,0,2,1,9.216000325977802,4,4,0,0,40,0,0,40,1.651
279,40,0,3,1,4.095999989658594,4,4,0,0,40,0,0,40,1.651
280,2,0,0,0,8.191999979317188,4,4,0,0,40,0,0,40,1.8
280,2,0,1,0,78.84799689054489,4,4,0,0,40,0,0,40,1.8
280,2,0,2,0,8.191999979317188,4,4,0,0,40,0,0,40,1.8
280,2,0,3,0,7.168000098317862,4,4,0,0,40,0,0,40,1.8
280,24,0,0,0,9.216000325977802,4,4,0,0,40,0,0,40,1.78
280,24,0,1,0,78.84799689054489,4,4,0,0,40,0,0,40,1.78
280,24,0,2,0,9.216000325977802,4,4,0,0,40,0,0,40,1.78
280,24,0,3,0,4.095999989658594,4,4,0,0,40,0,0,40,1.78
280,40,0,0,1,8.191999979317188,4,4,0,0,40,0,0,40,1.68
280,40,0,1,1,88.06400001049042,4,4,0,0,40,0,0,40,1.68
280,40,0,2,1,9.216000325977802,4,4,0,0,40,0,0,40,1.68
280,40,0,3,1,4.095999989658594,4,4,0,0,40,0,0,40,1.68
281,2,0,0,0,9.216000325977802,4,4,0,0,40,0,0,40,1.78
281,2,0,1,0,87.0399996638298,4,4,0,0,40,0,0,40,1.78
281,2,0,2,0,9.216000325977802,4,4,0,0,40,0,0,40,1.78
281,2,0,3,0,5.119999870657921,4,4,0,0,40,0,0,40,1.78
281,24,0,0,0,8.191999979317188,4,4,0,2,38,0,0,40,75.509
281,24,0,1,0,63.48799914121628,4,4,0,2,38,0,0,40,75.509
281,24,0,2,0,8.191999979317188,4,4,0,2,38,0,0,40,75.509
281,24,0,3,0,4.095999989658594,4,4,0,2,38,0,0,40,75.509
281,40,0,0,1,9.216000325977802,4,4,0,1,39,0,0,40,326.259
281,40,0,1,1,94.2080020904541,4,4,0,1,39,0,0,40,326.259
281,40,0,2,1,9.216000325977802,4,4,0,1,39,0,0,40,326.259
281,40,0,3,1,209.9200040102005,4,4,0,1,39,0,0,40,326.259
282,2,0,0,0,14.336000196635723,4,4,0,0,40,0,0,40,1.669
282,2,0,1,0,80.89599758386612,4,4,0,0,40,0,0,40,1.669
282,2,0,2,0,9.216000325977802,4,4,0,0,40,0,0,40,1.669
282,2,0,3,0,6.144000217318535,4,4,0,0,40,0,0,40,1.669
282,24,0,0,0,8.191999979317188,4,4,0,1,39,0,0,40,93.411
282,24,0,1,0,79.8719972372055,4,4,0,1,39,0,0,40,93.411
282,24,0,2,0,8.191999979317188,4,4,0,1,39,0,0,40,93.411
282,24,0,3,0,4.095999989658594,4,4,0,1,39,0,0,40,93.411
282,40,0,0,1,9.216000325977802,4,4,0,0,40,0,0,40,1.49
282,40,0,1,1,104.44799810647964,4,4,0,0,40,0,0,40,1.49
282,40,0,2,1,9.216000325977802,4,4,0,0,40,0,0,40,1.49
282,40,0,3,1,4.095999989658594,4,4,0,0,40,0,0,40,1.49
283,2,0,0,0,9.216000325977802,4,4,0,0,40,0,0,40,3.46
283,2,0,1,0,88.06400001049042,4,4,0,0,40,0,0,40,3.46
283,2,0,2,0,9.216000325977802,4,4,0,0,40,0,0,40,3.46
283,2,0,3,0,7.168000098317862,4,4,0,0,40,0,0,40,3.46
283,24,0,0,0,9.216000325977802,4,4,0,0,40,0,0,40,1.53
283,24,0,1,0,66.56000018119812,4,4,0,0,40,0,0,40,1.53
283,24,0,2,0,8.191999979317188,4,4,0,0,40,0,0,40,1.53
283,24,0,3,0,3.0720001086592674,4,4,0,0,40,0,0,40,1.53
283,40,0,0,1,10.239999741315842,4,4,0,1,39,0,0,40,80.629
283,40,0,1,1,74.75200295448303,4,4,0,1,39,0,0,40,80.629
283,40,0,2,1,9.216000325977802,4,4,0,1,39,0,0,40,80.629
283,40,0,3,1,4.095999989658594,4,4,0,1,39,0,0,40,80.629
284,2,0,0,0,9.216000325977802,4,4,0,1,39,0,0,40,68.769
284,2,0,1,0,70.65600156784058,4,4,0,1,39,0,0,40,68.769
284,2,0,2,0,8.191999979317188,4,4,0,1,39,0,0,40,68.769
284,2,0,3,0,5.119999870657921,4,4,0,1,39,0,0,40,68.769
284,24,0,0,0,9.216000325977802,4,4,0,0,40,0,0,40,3.69
284,24,0,1,0,80.89599758386612,4,4,0,0,40,0,0,40,3.69
284,24,0,2,0,9.216000325977802,4,4,0,0,40,0,0,40,3.69
284,24,0,3,0,4.095999989658594,4,4,0,0,40,0,0,40,3.69
284,40,0,0,1,10.239999741315842,4,4,0,1,39,0,0,40,77.479
284,40,0,1,1,89.08800035715103,4,4,0,1,39,0,0,40,77.479
284,40,0,2,1,9.216000325977802,4,4,0,1,39,0,0,40,77.479
284,40,0,3,1,5.119999870657921,4,4,0,1,39,0,0,40,77.479
285,2,0,0,0,8.191999979317188,4,4,0,8,30,2,0,40,414.819
285,2,0,1,0,51.19999870657921,4,4,0,8,30,2,0,40,414.819
285,2,0,2,0,169.98399794101715,4,4,0,8,30,2,0,40,414.819
285,2,0,3,0,183.29599499702454,4,4,0,8,30,2,0,40,414.819
285,24,0,0,0,603.1360030174255,4,4,0,0,40,0,0,40,2.23
285,24,0,1,0,83.96799862384796,4,4,0,0,40,0,0,40,2.23
285,24,0,2,0,9.216000325977802,4,4,0,0,40,0,0,40,2.23
285,24,0,3,0,4.095999989658594,4,4,0,0,40,0,0,40,2.23
285,40,0,0,1,15.359999611973763,4,4,0,4,36,0,0,40,219.419
285,40,0,1,1,94.2080020904541,4,4,0,4,36,0,0,40,219.419
285,40,0,2,1,8.191999979317188,4,4,0,4,36,0,0,40,219.419
285,40,0,3,1,95.23200243711472,4,4,0,4,36,0,0,40,219.419
286,2,0,0,0,8.191999979317188,4,4,0,3,37,0,0,40,140.21
286,2,0,1,0,61.43999844789505,4,4,0,3,37,0,0,40,140.21
286,2,0,2,0,9.216000325977802,4,4,0,3,37,0,0,40,140.21
286,2,0,3,0,57.34400078654289,4,4,0,3,37,0,0,40,140.21
286,24,0,0,0,8.191999979317188,4,4,0,0,40,0,0,40,1.891
286,24,0,1,0,59.39200147986412,4,4,0,0,40,0,0,40,1.891
286,24,0,2,0,9.216000325977802,4,4,0,0,40,0,0,40,1.891
286,24,0,3,0,4.095999989658594,4,4,0,0,40,0,0,40,1.891
286,40,0,0,1,9.216000325977802,4,4,0,4,35,1,0,40,390.579
286,40,0,1,1,81.91999793052673,4,4,0,4,35,1,0,40,390.579
286,40,0,2,1,192.51200556755066,4,4,0,4,35,1,0,40,390.579
286,40,0,3,1,102.39999741315842,4,4,0,4,35,1,0,40,390.579
287,2,0,0,0,8.191999979317188,4,4,0,1,39,0,0,40,68.61
287,2,0,1,0,86.01599931716919,4,4,0,1,39,0,0,40,68.61
287,2,0,2,0,9.216000325977802,4,4,0,1,39,0,0,40,68.61
287,2,0,3,0,5.119999870657921,4,4,0,1,39,0,0,40,68.61
287,24,0,0,0,9.216000325977802,4,4,0,0,40,0,0,40,3.571
287,24,0,1,0,67.58400052785873,4,4,0,0,40,0,0,40,3.571
287,24,0,2,0,9.216000325977802,4,4,0,0,40,0,0,40,3.571
287,24,0,3,0,4.095999989658594,4,4,0,0,40,0,0,40,3.571
287,40,0,0,1,17.40800030529499,4,4,0,3,37,0,0,40,170.299
287,40,0,1,1,78.84799689054489,4,4,0,3,37,0,0,40,170.299
287,40,0,2,1,9.216000325977802,4,4,0,3,37,0,0,40,170.299
287,40,0,3,1,61.43999844789505,4,4,0,3,37,0,0,40,170.299
288,2,0,0,0,9.216000325977802,1,1,0,0,10,0,0,10,0.37
288,2,0,1,0,31.74399957060814,1,1,0,0,10,0,0,10,0.37
288,2,0,2,0,8.191999979317188,1,1,0,0,10,0,0,10,0.37
288,2,0,3,0,7.168000098317862,1,1,0,0,10,0,0,10,0.37
288,24,0,0,0,4186.111927032471,1,1,0,0,10,0,0,10,1.14
288,24,0,1,0,32.76799991726875,1,1,0,0,10,0,0,10,1.14
288,24,0,2,0,9.216000325977802,1,1,0,0,10,0,0,10,1.14
288,24,0,3,0,4.095999989658594,1,1,0,0,10,0,0,10,1.14
288,40,0,0,1,498.6880123615265,1,1,0,1,9,0,0,10,100.92
288,40,0,1,1,32.76799991726875,1,1,0,1,9,0,0,10,100.92
288,40,0,2,1,8.191999979317188,1,1,0,1,9,0,0,10,100.92
288,40,0,3,1,50.175998359918594,1,1,0,1,9,0,0,10,100.92
289,2,0,0,0,11.264000087976456,1,1,0,2,8,0,0,10,93.269
289,2,0,1,0,27.648000046610832,1,1,0,2,8,0,0,10,93.269
289,2,0,2,0,9.216000325977802,1,1,0,2,8,0,0,10,93.269
289,2,0,3,0,43.007999658584595,1,1,0,2,8,0,0,10,93.269
289,24,0,0,0,8.191999979317188,1,1,0,0,10,0,0,10,0.489
289,24,0,1,0,31.74399957060814,1,1,0,0,10,0,0,10,0.489
289,24,0,2,0,9.216000325977802,1,1,0,0,10,0,0,10,0.489
289,24,0,3,0,4.095999989658594,1,1,0,0,10,0,0,10,0.489
289,40,0,0,1,8.191999979317188,1,1,0,1,9,0,0,10,62.45
289,40,0,1,1,33.79200026392937,1,1,0,1,9,0,0,10,62.45
289,40,0,2,1,10.239999741315842,1,1,0,1,9,0,0,10,62.45
289,40,0,3,1,6.144000217318535,1,1,0,1,9,0,0,10,62.45
290,2,0,0,0,8.191999979317188,4,4,0,1,39,0,0,40,79.969
290,2,0,1,0,68.60800087451935,4,4,0,1,39,0,0,40,79.969
290,2,0,2,0,9.216000325977802,4,4,0,1,39,0,0,40,79.969
290,2,0,3,0,4.095999989658594,4,4,0,1,39,0,0,40,79.969
290,24,0,0,0,8.191999979317188,4,4,0,0,40,0,0,40,1.58
290,24,0,1,0,51.19999870657921,4,4,0,0,40,0,0,40,1.58
290,24,0,2,0,9.216000325977802,4,4,0,0,40,0,0,40,1.58
290,24,0,3,0,4.095999989658594,4,4,0,0,40,0,0,40,1.58
290,40,0,0,1,9.216000325977802,4,4,0,1,39,0,0,40,56.32
290,40,0,1,1,70.65600156784058,4,4,0,1,39,0,0,40,56.32
290,40,0,2,1,8.191999979317188,4,4,0,1,39,0,0,40,56.32
290,40,0,3,1,3.0720001086592674,4,4,0,1,39,0,0,40,56.32
291,2,0,0,0,3160.0639820098877,4,4,0,4,35,1,0,40,191.449
291,2,0,1,0,67.58400052785873,4,4,0,4,35,1,0,40,191.449
291,2,0,2,0,164.86400365829468,4,4,0,4,35,1,0,40,191.449
291,2,0,3,0,5.119999870657921,4,4,0,4,35,1,0,40,191.449
291,24,0,0,0,8.191999979317188,4,4,0,2,38,0,0,40,69.151
291,24,0,1,0,76.80000364780426,4,4,0,2,38,0,0,40,69.151
291,24,0,2,0,9.216000325977802,4,4,0,2,38,0,0,40,69.151
291,24,0,3,0,4.095999989658594,4,4,0,2,38,0,0,40,69.151
291,40,0,0,1,9.216000325977802,4,4,0,1,39,0,0,40,75.149
291,40,0,1,1,87.0399996638298,4,4,0,1,39,0,0,40,75.149
291,40,0,2,1,9.216000325977802,4,4,0,1,39,0,0,40,75.149
291,40,0,3,1,4.095999989658594,4,4,0,1,39,0,0,40,75.149
292,2,0,0,0,15.359999611973763,2,2,0,0,20,0,0,20,0.8
292,2,0,1,0,54.27199974656105,2,2,0,0,20,0,0,20,0.8
292,2,0,2,0,9.216000325977802,2,2,0,0,20,0,0,20,0.8
292,2,0,3,0,5.119999870657921,2,2,0,0,20,0,0,20,0.8
292,24,0,0,0,11.264000087976456,2,2,0,1,19,0,0,20,57.599
292,24,0,1,0,49.15200173854828,2,2,0,1,19,0,0,20,57.599
292,24,0,2,0,9.216000325977802,2,2,0,1,19,0,0,20,57.599
292,24,0,3,0,4.095999989658594,2,2,0,1,19,0,0,20,57.599
292,40,0,0,1,9.216000325977802,2,2,0,0,20,0,0,20,2.16
292,40,0,1,1,61.43999844789505,2,2,0,0,20,0,0,20,2.16
292,40,0,2,1,10.239999741315842,2,2,0,0,20,0,0,20,2.16
292,40,0,3,1,4.095999989658594,2,2,0,0,20,0,0,20,2.16
293,2,0,0,0,9.216000325977802,4,4,0,3,37,0,0,40,148.189
293,2,0,1,0,79.8719972372055,4,4,0,3,37,0,0,40,148.189
293,2,0,2,0,9.216000325977802,4,4,0,3,37,0,0,40,148.189
293,2,0,3,0,48.128001391887665,4,4,0,3,37,0,0,40,148.189
293,24,0,0,0,8.191999979317188,4,4,0,0,40,0,0,40,1.54
293,24,0,1,0,62.463998794555664,4,4,0,0,40,0,0,40,1.54
293,24,0,2,0,9.216000325977802,4,4,0,0,40,0,0,40,1.54
293,24,0,3,0,4.095999989658594,4,4,0,0,40,0,0,40,1.54
293,40,0,0,1,15.359999611973763,4,4,0,0,40,0,0,40,1.4
293,40,0,1,1,49.15200173854828,4,4,0,0,40,0,0,40,1.4
293,40,0,2,1,9.216000325977802,4,4,0,0,40,0,0,40,1.4
293,40,0,3,1,4.095999989658594,4,4,0,0,40,0,0,40,1.4
294,2,0,0,0,8.191999979317188,4,4,0,0,40,0,0,40,4.1
294,2,0,1,0,53.247999399900436,4,4,0,0,40,0,0,40,4.1
294,2,0,2,0,9.216000325977802,4,4,0,0,40,0,0,40,4.1
294,2,0,3,0,4.095999989658594,4,4,0,0,40,0,0,40,4.1
294,24,0,0,0,9.216000325977802,4,4,0,2,38,0,0,40,105.649
294,24,0,1,0,69.63200122117996,4,4,0,2,38,0,0,40,105.649
294,24,0,2,0,14.336000196635723,4,4,0,2,38,0,0,40,105.649
294,24,0,3,0,9.216000325977802,4,4,0,2,38,0,0,40,105.649
294,40,0,0,1,16.383999958634377,4,4,0,3,36,1,0,40,243.189
294,40,0,1,1,61.43999844789505,4,4,0,3,36,1,0,40,243.189
294,40,0,2,1,194.5600062608719,4,4,0,3,36,1,0,40,243.189
294,40,0,3,1,5.119999870657921,4,4,0,3,36,1,0,40,243.189
295,2,0,0,0,9.216000325977802,4,4,0,1,39,0,0,40,67.51
295,2,0,1,0,67.58400052785873,4,4,0,1,39,0,0,40,67.51
295,2,0,2,0,10.239999741315842,4,4,0,1,39,0,0,40,67.51
295,2,0,3,0,5.119999870657921,4,4,0,1,39,0,0,40,67.51
295,24,0,0,0,8.191999979317188,4,4,0,1,39,0,0,40,59.959
295,24,0,1,0,65.5359998345375,4,4,0,1,39,0,0,40,59.959
295,24,0,2,0,9.216000325977802,4,4,0,1,39,0,0,40,59.959
295,24,0,3,0,4.095999989658594,4,4,0,1,39,0,0,40,59.959
295,40,0,0,1,10.239999741315842,4,4,0,2,38,0,0,40,120.22
295,40,0,1,1,69.63200122117996,4,4,0,2,38,0,0,40,120.22
295,40,0,2,1,9.216000325977802,4,4,0,2,38,0,0,40,120.22
295,40,0,3,1,27.648000046610832,4,4,0,2,38,0,0,40,120.22
296,2,0,0,0,9.216000325977802,4,4,0,0,40,0,0,40,4.56
296,2,0,1,0,75.77600330114365,4,4,0,0,40,0,0,40,4.56
296,2,0,2,0,9.216000325977802,4,4,0,0,40,0,0,40,4.56
296,2,0,3,0,5.119999870657921,4,4,0,0,40,0,0,40,4.56
296,24,0,0,0,8.191999979317188,4,4,0,2,38,0,0,40,101.24
296,24,0,1,0,67.58400052785873,4,4,0,2,38,0,0,40,101.24
296,24,0,2,0,9.216000325977802,4,4,0,2,38,0,0,40,101.24
296,24,0,3,0,11.264000087976456,4,4,0,2,38,0,0,40,101.24
296,40,0,0,1,9.216000325977802,4,4,0,0,40,0,0,40,1.529
296,40,0,1,1,75.77600330114365,4,4,0,0,40,0,0,40,1.529
296,40,0,2,1,9.216000325977802,4,4,0,0,40,0,0,40,1.529
296,40,0,3,1,4.095999989658594,4,4,0,0,40,0,0,40,1.529
297,2,0,0,0,8.191999979317188,4,4,0,1,39,0,0,40,62.299
297,2,0,1,0,86.01599931716919,4,4,0,1,39,0,0,40,62.299
297,2,0,2,0,9.216000325977802,4,4,0,1,39,0,0,40,62.299
297,2,0,3,0,6.144000217318535,4,4,0,1,39,0,0,40,62.299
297,24,0,0,0,9.216000325977802,4,4,0,2,38,0,0,40,106.759
297,24,0,1,0,64.51199948787689,4,4,0,2,38,0,0,40,106.759
297,24,0,2,0,9.216000325977802,4,4,0,2,38,0,0,40,106.759
297,24,0,3,0,20.479999482631683,4,4,0,2,38,0,0,40,106.759
297,40,0,0,1,9.216000325977802,4,4,0,1,39,0,0,40,80.06
297,40,0,1,1,102.39999741315842,4,4,0,1,39,0,0,40,80.06
297,40,0,2,1,9.216000325977802,4,4,0,1,39,0,0,40,80.06
297,40,0,3,1,4.095999989658594,4,4,0,1,39,0,0,40,80.06
298,2,0,0,0,8.191999979317188,4,4,0,1,39,0,0,40,69.11
298,2,0,1,0,54.27199974656105,4,4,0,1,39,0,0,40,69.11
298,2,0,2,0,9.216000325977802,4,4,0,1,39,0,0,40,69.11
298,2,0,3,0,5.119999870657921,4,4,0,1,39,0,0,40,69.11
298,24,0,0,0,483.3280146121979,4,4,0,3,36,1,0,40,165.29
298,24,0,1,0,64.51199948787689,4,4,0,3,36,1,0,40,165.29
298,24,0,2,0,162.81600296497345,4,4,0,3,36,1,0,40,165.29
298,24,0,3,0,4.095999989658594,4,4,0,3,36,1,0,40,165.29
298,40,0,0,1,8.191999979317188,4,4,0,3,37,0,0,40,1511.286
298,40,0,1,1,74.75200295448303,4,4,0,3,37,0,0,40,1511.286
298,40,0,2,1,10.239999741315842,4,4,0,3,37,0,0,40,1511.286
298,40,0,3,1,1414.1440391540527,4,4,0,3,37,0,0,40,1511.286
299,2,0,0,0,15.359999611973763,4,4,0,0,40,0,0,40,3.649
299,2,0,1,0,71.68000191450119,4,4,0,0,40,0,0,40,3.649
299,2,0,2,0,9.216000325977802,4,4,0,0,40,0,0,40,3.649
299,2,0,3,0,5.119999870657921,4,4,0,0,40,0,0,40,3.649
299,24,0,0,0,8.191999979317188,4,4,0,1,39,0,0,40,65.45
299,24,0,1,0,73.72800260782242,4,4,0,1,39,0,0,40,65.45
299,24,0,2,0,9.216000325977802,4,4,0,1,39,0,0,40,65.45
299,24,0,3,0,4.095999989658594,4,4,0,1,39,0,0,40,65.45
299,40,0,0,1,15.359999611973763,4,4,0,3,36,1,0,40,264.408
299,40,0,1,1,74.75200295448303,4,4,0,3,36,1,0,40,264.408
299,40,0,2,1,195.5839991569519,4,4,0,3,36,1,0,40,264.408
299,40,0,3,1,4.095999989658594,4,4,0,3,36,1,0,40,264.408
300,2,0,0,0,9.216000325977802,4,4,0,1,39,0,0,40,103.99
300,2,0,1,0,76.80000364780426,4,4,0,1,39,0,0,40,103.99
300,2,0,2,0,10.239999741315842,4,4,0,1,39,0,0,40,103.99
300,2,0,3,0,6.144000217318535,4,4,0,1,39,0,0,40,103.99
300,24,0,0,0,27.648000046610832,4,4,0,0,40,0,0,40,2.6
300,24,0,1,0,69.63200122117996,4,4,0,0,40,0,0,40,2.6
300,24,0,2,0,9.216000325977802,4,4,0,0,40,0,0,40,2.6
300,24,0,3,0,4.095999989658594,4,4,0,0,40,0,0,40,2.6
300,40,0,0,1,17.40800030529499,4,4,0,1,39,0,0,40,69.71
300,40,0,1,1,68.60800087451935,4,4,0,1,39,0,0,40,69.71
300,40,0,2,1,9.216000325977802,4,4,0,1,39,0,0,40,69.71
300,40,0,3,1,4.095999989658594,4,4,0,1,39,0,0,40,69.71
301,2,0,0,0,584.7039818763733,4,4,0,3,37,0,0,40,99.969
301,2,0,1,0,77.82399654388428,4,4,0,3,37,0,0,40,99.969
301,2,0,2,0,9.216000325977802,4,4,0,3,37,0,0,40,99.969
301,2,0,3,0,6.144000217318535,4,4,0,3,37,0,0,40,99.969
301,24,0,0,0,8.191999979317188,4,4,0,0,40,0,0,40,1.49
301,24,0,1,0,65.5359998345375,4,4,0,0,40,0,0,40,1.49
301,24,0,2,0,9.216000325977802,4,4,0,0,40,0,0,40,1.49
301,24,0,3,0,4.095999989658594,4,4,0,0,40,0,0,40,1.49
301,40,0,0,1,9.216000325977802,4,4,0,5,34,1,0,40,1689.973
301,40,0,1,1,84.99199897050858,4,4,0,5,34,1,0,40,1689.973
301,40,0,2,1,191.48799777030945,4,4,0,5,34,1,0,40,1689.973
301,40,0,3,1,1399.8080492019653,4,4,0,5,34,1,0,40,1689.973
302,2,0,0,0,17.40800030529499,4,4,0,1,39,0,0,40,60.751
302,2,0,1,0,75.77600330114365,4,4,0,1,39,0,0,40,60.751
302,2,0,2,0,9.216000325977802,4,4,0,1,39,0,0,40,60.751
302,2,0,3,0,7.168000098317862,4,4,0,1,39,0,0,40,60.751
302,24,0,0,0,9.216000325977802,4,4,0,1,39,0,0,40,71.23
302,24,0,1,0,71.68000191450119,4,4,0,1,39,0,0,40,71.23
302,24,0,2,0,9.216000325977802,4,4,0,1,39,0,0,40,71.23
302,24,0,3,0,4.095999989658594,4,4,0,1,39,0,0,40,71.23
302,40,0,0,1,192.51200556755066,4,4,0,1,39,0,0,40,77.61
302,40,0,1,1,54.27199974656105,4,4,0,1,39,0,0,40,77.61
302,40,0,2,1,9.216000325977802,4,4,0,1,39,0,0,40,77.61
302,40,0,3,1,4.095999989658594,4,4,0,1,39,0,0,40,77.61
303,2,0,0,0,8.191999979317188,3,3,0,1,29,0,0,30,55.18
303,2,0,1,0,52.22399905323982,3,3,0,1,29,0,0,30,55.18
303,2,0,2,0,9.216000325977802,3,3,0,1,29,0,0,30,55.18
303,2,0,3,0,5.119999870657921,3,3,0,1,29,0,0,30,55.18
303,24,0,0,0,9.216000325977802,3,3,0,0,30,0,0,30,1.18
303,24,0,1,0,53.247999399900436,3,3,0,0,30,0,0,30,1.18
303,24,0,2,0,8.191999979317188,3,3,0,0,30,0,0,30,1.18
303,24,0,3,0,4.095999989658594,3,3,0,0,30,0,0,30,1.18
303,40,0,0,1,9.216000325977802,3,3,0,0,30,0,0,30,1.01
303,40,0,1,1,64.51199948787689,3,3,0,0,30,0,0,30,1.01
303,40,0,2,1,9.216000325977802,3,3,0,0,30,0,0,30,1.01
303,40,0,3,1,4.095999989658594,3,3,0,0,30,0,0,30,1.01
304,2,0,0,0,15.359999611973763,4,4,0,0,40,0,0,40,1.86
304,2,0,1,0,83.96799862384796,4,4,0,0,40,0,0,40,1.86
304,2,0,2,0,9.216000325977802,4,4,0,0,40,0,0,40,1.86
304,2,0,3,0,5.119999870657921,4,4,0,0,40,0,0,40,1.86
304,24,0,0,0,9.216000325977802,4,4,0,0,40,0,0,40,2.94
304,24,0,1,0,69.63200122117996,4,4,0,0,40,0,0,40,2.94
304,24,0,2,0,9.216000325977802,4,4,0,0,40,0,0,40,2.94
304,24,0,3,0,4.095999989658594,4,4,0,0,40,0,0,40,2.94
304,40,0,0,1,9.216000325977802,4,4,0,0,40,0,0,40,1.3
304,40,0,1,1,64.51199948787689,4,4,0,0,40,0,0,40,1.3
304,40,0,2,1,9.216000325977802,4,4,0,0,40,0,0,40,1.3
304,40,0,3,1,4.095999989658594,4,4,0,0,40,0,0,40,1.3
305,2,0,0,0,8.191999979317188,4,4,0,1,39,0,0,40,63.771
305,2,0,1,0,68.60800087451935,4,4,0,1,39,0,0,40,63.771
305,2,0,2,0,9.216000325977802,4,4,0,1,39,0,0,40,63.771
305,2,0,3,0,5.119999870657921,4,4,0,1,39,0,0,40,63.771
305,24,0,0,0,9.216000325977802,4,4,0,0,40,0,0,40,1.47
305,24,0,1,0,63.48799914121628,4,4,0,0,40,0,0,40,1.47
305,24,0,2,0,9.216000325977802,4,4,0,0,40,0,0,40,1.47
305,24,0,3,0,4.095999989658594,4,4,0,0,40,0,0,40,1.47
305,40,0,0,1,3394.5600986480713,4,4,0,0,40,0,0,40,3.84
305,40,0,1,1,63.48799914121628,4,4,0,0,40,0,0,40,3.84
305,40,0,2,1,8.191999979317188,4,4,0,0,40,0,0,40,3.84
305,40,0,3,1,4.095999989658594,4,4,0,0,40,0,0,40,3.84
306,2,0,0,0,15.359999611973763,4,4,0,0,40,0,0,40,1.75
306,2,0,1,0,67.58400052785873,4,4,0,0,40,0,0,40,1.75
306,2,0,2,0,9.216000325977802,4,4,0,0,40,0,0,40,1.75
306,2,0,3,0,5.119999870657921,4,4,0,0,40,0,0,40,1.75
306,24,0,0,0,8.191999979317188,4,4,0,0,40,0,0,40,1.64
306,24,0,1,0,56.32000043988228,4,4,0,0,40,0,0,40,1.64
306,24,0,2,0,9.216000325977802,4,4,0,0,40,0,0,40,1.64
306,24,0,3,0,5.119999870657921,4,4,0,0,40,0,0,40,1.64
306,40,0,0,1,9.216000325977802,4,4,0,1,39,0,0,40,67.56
306,40,0,1,1,60.416001826524734,4,4,0,1,39,0,0,40,67.56
306,40,0,2,1,9.216000325977802,4,4,0,1,39,0,0,40,67.56
306,40,0,3,1,4.095999989658594,4,4,0,1,39,0,0,40,67.56
307,2,0,0,0,9.216000325977802,2,2,0,0,20,0,0,20,0.709
307,2,0,1,0,53.247999399900436,2,2,0,0,20,0,0,20,0.709
307,2,0,2,0,9.216000325977802,2,2,0,0,20,0,0,20,0.709
307,2,0,3,0,5.119999870657921,2,2,0,0,20,0,0,20,0.709
307,24,0,0,0,9.216000325977802,2,2,0,0,20,0,0,20,0.66
307,24,0,1,0,47.10400104522705,2,2,0,0,20,0,0,20,0.66
307,24,0,2,0,9.216000325977802,2,2,0,0,20,0,0,20,0.66
307,24,0,3,0,4.095999989658594,2,2,0,0,20,0,0,20,0.66
307,40,0,0,1,9.216000325977802,2,2,0,0,20,0,0,20,1.01
307,40,0,1,1,44.03200000524521,2,2,0,0,20,0,0,20,1.01
307,40,0,2,1,9.216000325977802,2,2,0,0,20,0,0,20,1.01
307,40,0,3,1,4.095999989658594,2,2,0,0,20,0,0,20,1.01
308,2,0,0,0,15.359999611973763,3,3,0,0,30,0,0,30,1.369
308,2,0,1,0,64.51199948787689,3,3,0,0,30,0,0,30,1.369
308,2,0,2,0,9.216000325977802,3,3,0,0,30,0,0,30,1.369
308,2,0,3,0,5.119999870657921,3,3,0,0,30,0,0,30,1.369
308,24,0,0,0,9.216000325977802,3,3,0,0,30,0,0,30,2.42
308,24,0,1,0,53.247999399900436,3,3,0,0,30,0,0,30,2.42
308,24,0,2,0,8.191999979317188,3,3,0,0,30,0,0,30,2.42
308,24,0,3,0,4.095999989658594,3,3,0,0,30,0,0,30,2.42
308,40,0,0,1,9.216000325977802,3,3,0,0,30,0,0,30,1.18
308,40,0,1,1,56.32000043988228,3,3,0,0,30,0,0,30,1.18
308,40,0,2,1,9.216000325977802,3,3,0,0,30,0,0,30,1.18
308,40,0,3,1,4.095999989658594,3,3,0,0,30,0,0,30,1.18
309,2,0,0,0,8.191999979317188,2,2,0,0,20,0,0,20,0.78
309,2,0,1,0,43.007999658584595,2,2,0,0,20,0,0,20,0.78
309,2,0,2,0,9.216000325977802,2,2,0,0,20,0,0,20,0.78
309,2,0,3,0,6.144000217318535,2,2,0,0,20,0,0,20,0.78
309,24,0,0,0,9.216000325977802,2,2,0,0,20,0,0,20,0.649
309,24,0,1,0,47.10400104522705,2,2,0,0,20,0,0,20,0.649
309,24,0,2,0,8.191999979317188,2,2,0,0,20,0,0,20,0.649
309,24,0,3,0,4.095999989658594,2,2,0,0,20,0,0,20,0.649
309,40,0,0,1,3400.7039070129395,2,2,0,0,20,0,0,20,4.089
309,40,0,1,1,51.19999870657921,2,2,0,0,20,0,0,20,4.089
309,40,0,2,1,9.216000325977802,2,2,0,0,20,0,0,20,4.089
309,40,0,3,1,4.095999989658594,2,2,0,0,20,0,0,20,4.089
310,2,0,0,0,27.648000046610832,4,4,0,3,37,0,0,40,62.8
310,2,0,1,0,59.39200147986412,4,4,0,3,37,0,0,40,62.8
310,2,0,2,0,8.191999979317188,4,4,0,3,37,0,0,40,62.8
310,2,0,3,0,6.144000217318535,4,4,0,3,37,0,0,40,62.8
310,24,0,0,0,8.191999979317188,4,4,0,1,39,0,0,40,59.46
310,24,0,1,0,56.32000043988228,4,4,0,1,39,0,0,40,59.46
310,24,0,2,0,8.191999979317188,4,4,0,1,39,0,0,40,59.46
310,24,0,3,0,4.095999989658594,4,4,0,1,39,0,0,40,59.46
310,40,0,0,1,8.191999979317188,4,4,0,4,36,0,0,40,162.279
310,40,0,1,1,81.91999793052673,4,4,0,4,36,0,0,40,162.279
310,40,0,2,1,9.216000325977802,4,4,0,4,36,0,0,40,162.279
310,40,0,3,1,60.416001826524734,4,4,0,4,36,0,0,40,162.279
311,2,0,0,0,16.383999958634377,2,2,0,0,20,0,0,20,0.92
311,2,0,1,0,50.175998359918594,2,2,0,0,20,0,0,20,0.92
311,2,0,2,0,9.216000325977802,2,2,0,0,20,0,0,20,0.92
311,2,0,3,0,5.119999870657921,2,2,0,0,20,0,0,20,0.92
311,24,0,0,0,9.216000325977802,2,2,0,0,20,0,0,20,0.86
311,24,0,1,0,43.007999658584595,2,2,0,0,20,0,0,20,0.86
311,24,0,2,0,9.216000325977802,2,2,0,0,20,0,0,20,0.86
311,24,0,3,0,4.095999989658594,2,2,0,0,20,0,0,20,0.86
311,40,0,0,1,8.191999979317188,2,2,0,0,20,0,0,20,0.96
311,40,0,1,1,47.10400104522705,2,2,0,0,20,0,0,20,0.96
311,40,0,2,1,10.239999741315842,2,2,0,0,20,0,0,20,0.96
311,40,0,3,1,4.095999989658594,2,2,0,0,20,0,0,20,0.96
312,2,0,0,0,14.336000196635723,4,4,0,0,40,0,0,40,2.96
312,2,0,1,0,79.8719972372055,4,4,0,0,40,0,0,40,2.96
312,2,0,2,0,9.216000325977802,4,4,0,0,40,0,0,40,2.96
312,2,0,3,0,5.119999870657921,4,4,0,0,40,0,0,40,2.96
312,24,0,0,0,8.191999979317188,4,4,0,0,40,0,0,40,2.111
312,24,0,1,0,75.77600330114365,4,4,0,0,40,0,0,40,2.111
312,24,0,2,0,9.216000325977802,4,4,0,0,40,0,0,40,2.111
312,24,0,3,0,4.095999989658594,4,4,0,0,40,0,0,40,2.111
312,40,0,0,1,9.216000325977802,4,4,0,0,40,0,0,40,1.51
312,40,0,1,1,77.82399654388428,4,4,0,0,40,0,0,40,1.51
312,40,0,2,1,9.216000325977802,4,4,0,0,40,0,0,40,1.51
312,40,0,3,1,4.095999989658594,4,4,0,0,40,0,0,40,1.51
313,2,0,0,0,14.336000196635723,4,4,0,0,40,0,0,40,1.63
313,2,0,1,0,69.63200122117996,4,4,0,0,40,0,0,40,1.63
313,2,0,2,0,9.216000325977802,4,4,0,0,40,0,0,40,1.63
313,2,0,3,0,5.119999870657921,4,4,0,0,40,0,0,40,1.63
313,24,0,0,0,8.191999979317188,4,4,0,1,39,0,0,40,74.15
313,24,0,1,0,58.36800113320351,4,4,0,1,39,0,0,40,74.15
313,24,0,2,0,9.216000325977802,4,4,0,1,39,0,0,40,74.15
313,24,0,3,0,4.095999989658594,4,4,0,1,39,0,0,40,74.15
313,40,0,0,1,8.191999979317188,4,4,0,2,38,0,0,40,126.329
313,40,0,1,1,74.75200295448303,4,4,0,2,38,0,0,40,126.329
313,40,0,2,1,10.239999741315842,4,4,0,2,38,0,0,40,126.329
313,40,0,3,1,30.719999223947525,4,4,0,2,38,0,0,40,126.329
314,2,0,0,0,9.216000325977802,4,4,0,0,40,0,0,40,1.7
314,2,0,1,0,80.89599758386612,4,4,0,0,40,0,0,40,1.7
314,2,0,2,0,9.216000325977802,4,4,0,0,40,0,0,40,1.7
314,2,0,3,0,6.144000217318535,4,4,0,0,40,0,0,40,1.7
314,24,0,0,0,7.168000098317862,4,4,0,1,39,0,0,40,64.87
314,24,0,1,0,83.96799862384796,4,4,0,1,39,0,0,40,64.87
314,24,0,2,0,8.191999979317188,4,4,0,1,39,0,0,40,64.87
314,24,0,3,0,4.095999989658594,4,4,0,1,39,0,0,40,64.87
314,40,0,0,1,10.239999741315842,4,4,0,0,40,0,0,40,1.489
314,40,0,1,1,65.5359998345375,4,4,0,0,40,0,0,40,1.489
314,40,0,2,1,9.216000325977802,4,4,0,0,40,0,0,40,1.489
314,40,0,3,1,4.095999989658594,4,4,0,0,40,0,0,40,1.489
315,2,0,0,0,9.216000325977802,2,2,0,1,19,0,0,20,64.08
315,2,0,1,0,44.03200000524521,2,2,0,1,19,0,0,20,64.08
315,2,0,2,0,8.191999979317188,2,2,0,1,19,0,0,20,64.08
315,2,0,3,0,5.119999870657921,2,2,0,1,19,0,0,20,64.08
315,24,0,0,0,9.216000325977802,2,2,0,0,20,0,0,20,0.81
315,24,0,1,0,53.247999399900436,2,2,0,0,20,0,0,20,0.81
315,24,0,2,0,9.216000325977802,2,2,0,0,20,0,0,20,0.81
315,24,0,3,0,4.095999989658594,2,2,0,0,20,0,0,20,0.81
315,40,0,0,1,10.239999741315842,2,2,0,0,20,0,0,20,0.83
315,40,0,1,1,48.128001391887665,2,2,0,0,20,0,0,20,0.83
315,40,0,2,1,9.216000325977802,2,2,0,0,20,0,0,20,0.83
315,40,0,3,1,4.095999989658594,2,2,0,0,20,0,0,20,0.83
316,2,0,0,0,8.191999979317188,3,3,0,2,28,0,0,30,105.749
316,2,0,1,0,57.34400078654289,3,3,0,2,28,0,0,30,105.749
316,2,0,2,0,9.216000325977802,3,3,0,2,28,0,0,30,105.749
316,2,0,3,0,28.672000393271446,3,3,0,2,28,0,0,30,105.749
316,24,0,0,0,9.216000325977802,3,3,0,0,30,0,0,30,1.21
316,24,0,1,0,59.39200147986412,3,3,0,0,30,0,0,30,1.21
316,24,0,2,0,8.191999979317188,3,3,0,0,30,0,0,30,1.21
316,24,0,3,0,4.095999989658594,3,3,0,0,30,0,0,30,1.21
316,40,0,0,1,9.216000325977802,3,3,0,0,30,0,0,30,2.691
316,40,0,1,1,58.36800113320351,3,3,0,0,30,0,0,30,2.691
316,40,0,2,1,10.239999741315842,3,3,0,0,30,0,0,30,2.691
316,40,0,3,1,4.095999989658594,3,3,0,0,30,0,0,30,2.691
317,2,0,0,0,15.359999611973763,2,2,0,0,20,0,0,20,3.071
317,2,0,1,0,51.19999870657921,2,2,0,0,20,0,0,20,3.071
317,2,0,2,0,8.191999979317188,2,2,0,0,20,0,0,20,3.071
317,2,0,3,0,5.119999870657921,2,2,0,0,20,0,0,20,3.071
317,24,0,0,0,9.216000325977802,2,2,0,0,20,0,0,20,0.66
317,24,0,1,0,41.98399931192398,2,2,0,0,20,0,0,20,0.66
317,24,0,2,0,9.216000325977802,2,2,0,0,20,0,0,20,0.66
317,24,0,3,0,4.095999989658594,2,2,0,0,20,0,0,20,0.66
317,40,0,0,1,9.216000325977802,2,2,0,0,20,0,0,20,0.77
317,40,0,1,1,48.128001391887665,2,2,0,0,20,0,0,20,0.77
317,40,0,2,1,9.216000325977802,2,2,0,0,20,0,0,20,0.77
317,40,0,3,1,4.095999989658594,2,2,0,0,20,0,0,20,0.77
318,2,0,0,0,15.359999611973763,4,4,0,0,40,0,0,40,2.971
318,2,0,1,0,73.72800260782242,4,4,0,0,40,0,0,40,2.971
318,2,0,2,0,8.191999979317188,4,4,0,0,40,0,0,40,2.971
318,2,0,3,0,8.191999979317188,4,4,0,0,40,0,0,40,2.971
318,24,0,0,0,8.191999979317188,4,4,0,0,40,0,0,40,1.54
318,24,0,1,0,65.5359998345375,4,4,0,0,40,0,0,40,1.54
318,24,0,2,0,8.191999979317188,4,4,0,0,40,0,0,40,1.54
318,24,0,3,0,4.095999989658594,4,4,0,0,40,0,0,40,1.54
318,40,0,0,1,8.191999979317188,4,4,0,1,39,0,0,40,75.071
318,40,0,1,1,69.63200122117996,4,4,0,1,39,0,0,40,75.071
318,40,0,2,1,9.216000325977802,4,4,0,1,39,0,0,40,75.071
318,40,0,3,1,4.095999989658594,4,4,0,1,39,0,0,40,75.071
319,2,0,0,0,14.336000196635723,4,4,0,0,40,0,0,40,1.76
319,2,0,1,0,79.8719972372055,4,4,0,0,40,0,0,40,1.76
319,2,0,2,0,9.216000325977802,4,4,0,0,40,0,0,40,1.76
319,2,0,3,0,5.119999870657921,4,4,0,0,40,0,0,40,1.76
319,24,0,0,0,8.191999979317188,4,4,0,0,40,0,0,40,1.31
319,24,0,1,0,62.463998794555664,4,4,0,0,40,0,0,40,1.31
319,24,0,2,0,9.216000325977802,4,4,0,0,40,0,0,40,1.31
319,24,0,3,0,4.095999989658594,4,4,0,0,40,0,0,40,1.31
319,40,0,0,1,16.383999958634377,4,4,0,1,39,0,0,40,72.191
319,40,0,1,1,63.48799914121628,4,4,0,1,39,0,0,40,72.191
319,40,0,2,1,9.216000325977802,4,4,0,1,39,0,0,40,72.191
319,40,0,3,1,4.095999989658594,4,4,0,1,39,0,0,40,72.191
320,2,0,0,0,9.216000325977802,1,1,0,0,10,0,0,10,0.36
320,2,0,1,0,31.74399957060814,1,1,0,0,10,0,0,10,0.36
320,2,0,2,0,9.216000325977802,1,1,0,0,10,0,0,10,0.36
320,2,0,3,0,5.119999870657921,1,1,0,0,10,0,0,10,0.36
320,24,0,0,0,9.216000325977802,1,1,0,0,10,0,0,10,0.451
320,24,0,1,0,31.74399957060814,1,1,0,0,10,0,0,10,0.451
320,24,0,2,0,9.216000325977802,1,1,0,0,10,0,0,10,0.451
320,24,0,3,0,4.095999989658594,1,1,0,0,10,0,0,10,0.451
320,40,0,0,1,9.216000325977802,1,1,0,0,10,0,0,10,0.311
320,40,0,1,1,34.81600061058998,1,1,0,0,10,0,0,10,0.311
320,40,0,2,1,9.216000325977802,1,1,0,0,10,0,0,10,0.311
320,40,0,3,1,4.095999989658594,1,1,0,0,10,0,0,10,0.311
321,2,0,0,0,9.216000325977802,4,4,0,1,39,0,0,40,51.2
321,2,0,1,0,71.68000191450119,4,4,0,1,39,0,0,40,51.2
321,2,0,2,0,9.216000325977802,4,4,0,1,39,0,0,40,51.2
321,2,0,3,0,5.119999870657921,4,4,0,1,39,0,0,40,51.2
321,24,0,0,0,7.168000098317862,4,4,0,0,40,0,0,40,2.78
321,24,0,1,0,69.63200122117996,4,4,0,0,40,0,0,40,2.78
321,24,0,2,0,8.191999979317188,4,4,0,0,40,0,0,40,2.78
321,24,0,3,0,4.095999989658594,4,4,0,0,40,0,0,40,2.78
321,40,0,0,1,9.216000325977802,4,4,0,0,40,0,0,40,1.54
321,40,0,1,1,70.65600156784058,4,4,0,0,40,0,0,40,1.54
321,40,0,2,1,9.216000325977802,4,4,0,0,40,0,0,40,1.54
321,40,0,3,1,4.095999989658594,4,4,0,0,40,0,0,40,1.54
322,2,0,0,0,14.336000196635723,4,4,0,0,40,0,0,40,1.86
322,2,0,1,0,86.01599931716919,4,4,0,0,40,0,0,40,1.86
322,2,0,2,0,9.216000325977802,4,4,0,0,40,0,0,40,1.86
322,2,0,3,0,8.191999979317188,4,4,0,0,40,0,0,40,1.86
322,24,0,0,0,8.191999979317188,4,4,0,1,39,0,0,40,66.72
322,24,0,1,0,67.58400052785873,4,4,0,1,39,0,0,40,66.72
322,24,0,2,0,8.191999979317188,4,4,0,1,39,0,0,40,66.72
322,24,0,3,0,4.095999989658594,4,4,0,1,39,0,0,40,66.72
322,40,0,0,1,8.191999979317188,4,4,0,0,40,0,0,40,1.449
322,40,0,1,1,76.80000364780426,4,4,0,0,40,0,0,40,1.449
322,40,0,2,1,9.216000325977802,4,4,0,0,40,0,0,40,1.449
322,40,0,3,1,4.095999989658594,4,4,0,0,40,0,0,40,1.449
323,2,0,0,0,9.216000325977802,2,2,0,0,20,0,0,20,0.81
323,2,0,1,0,51.19999870657921,2,2,0,0,20,0,0,20,0.81
323,2,0,2,0,9.216000325977802,2,2,0,0,20,0,0,20,0.81
323,2,0,3,0,5.119999870657921,2,2,0,0,20,0,0,20,0.81
323,24,0,0,0,9.216000325977802,2,2,0,0,20,0,0,20,0.62
323,24,0,1,0,46.08000069856644,2,2,0,0,20,0,0,20,0.62
323,24,0,2,0,9.216000325977802,2,2,0,0,20,0,0,20,0.62
323,24,0,3,0,4.095999989658594,2,2,0,0,20,0,0,20,0.62
323,40,0,0,1,9.216000325977802,2,2,0,0,20,0,0,20,0.78
323,40,0,1,1,41.98399931192398,2,2,0,0,20,0,0,20,0.78
323,40,0,2,1,9.216000325977802,2,2,0,0,20,0,0,20,0.78
323,40,0,3,1,4.095999989658594,2,2,0,0,20,0,0,20,0.78
324,2,0,0,0,9.216000325977802,1,1,0,0,10,0,0,10,0.729
324,2,0,1,0,31.74399957060814,1,1,0,0,10,0,0,10,0.729
324,2,0,2,0,9.216000325977802,1,1,0,0,10,0,0,10,0.729
324,2,0,3,0,5.119999870657921,1,1,0,0,10,0,0,10,0.729
324,24,0,0,0,9.216000325977802,1,1,0,0,10,0,0,10,0.32
324,24,0,1,0,31.74399957060814,1,1,0,0,10,0,0,10,0.32
324,24,0,2,0,8.191999979317188,1,1,0,0,10,0,0,10,0.32
324,24,0,3,0,4.095999989658594,1,1,0,0,10,0,0,10,0.32
324,40,0,0,1,9.216000325977802,1,1,0,0,10,0,0,10,2.051
324,40,0,1,1,35.840000957250595,1,1,0,0,10,0,0,10,2.051
324,40,0,2,1,9.216000325977802,1,1,0,0,10,0,0,10,2.051
324,40,0,3,1,4.095999989658594,1,1,0,0,10,0,0,10,2.051
325,2,0,0,0,10.239999741315842,1,1,0,0,10,0,0,10,0.53
325,2,0,1,0,31.74399957060814,1,1,0,0,10,0,0,10,0.53
325,2,0,2,0,9.216000325977802,1,1,0,0,10,0,0,10,0.53
325,2,0,3,0,5.119999870657921,1,1,0,0,10,0,0,10,0.53
325,24,0,0,0,8.191999979317188,1,1,0,0,10,0,0,10,0.31
325,24,0,1,0,31.74399957060814,1,1,0,0,10,0,0,10,0.31
325,24,0,2,0,9.216000325977802,1,1,0,0,10,0,0,10,0.31
325,24,0,3,0,4.095999989658594,1,1,0,0,10,0,0,10,0.31
325,40,0,0,1,10.239999741315842,1,1,0,0,10,0,0,10,0.34
325,40,0,1,1,34.81600061058998,1,1,0,0,10,0,0,10,0.34
325,40,0,2,1,9.216000325977802,1,1,0,0,10,0,0,10,0.34
325,40,0,3,1,4.095999989658594,1,1,0,0,10,0,0,10,0.34
326,2,0,0,0,9.216000325977802,1,1,0,0,10,0,0,10,0.489
326,2,0,1,0,31.74399957060814,1,1,0,0,10,0,0,10,0.489
326,2,0,2,0,9.216000325977802,1,1,0,0,10,0,0,10,0.489
326,2,0,3,0,4.095999989658594,1,1,0,0,10,0,0,10,0.489
326,24,0,0,0,8.191999979317188,1,1,0,0,10,0,0,10,0.33
326,24,0,1,0,31.74399957060814,1,1,0,0,10,0,0,10,0.33
326,24,0,2,0,9.216000325977802,1,1,0,0,10,0,0,10,0.33
326,24,0,3,0,4.095999989658594,1,1,0,0,10,0,0,10,0.33
326,40,0,0,1,10.239999741315842,1,1,0,1,9,0,0,10,53.63
326,40,0,1,1,33.79200026392937,1,1,0,1,9,0,0,10,53.63
326,40,0,2,1,9.216000325977802,1,1,0,1,9,0,0,10,53.63
326,40,0,3,1,4.095999989658594,1,1,0,1,9,0,0,10,53.63
327,2,0,0,0,9.216000325977802,4,4,0,1,39,0,0,40,69.02
327,2,0,1,0,79.8719972372055,4,4,0,1,39,0,0,40,69.02
327,2,0,2,0,8.191999979317188,4,4,0,1,39,0,0,40,69.02
327,2,0,3,0,5.119999870657921,4,4,0,1,39,0,0,40,69.02
327,24,0,0,0,9.216000325977802,4,4,0,0,40,0,0,40,1.58
327,24,0,1,0,72.7040022611618,4,4,0,0,40,0,0,40,1.58
327,24,0,2,0,9.216000325977802,4,4,0,0,40,0,0,40,1.58
327,24,0,3,0,4.095999989658594,4,4,0,0,40,0,0,40,1.58
327,40,0,0,1,8.191999979317188,4,4,0,0,40,0,0,40,1.609
327,40,0,1,1,76.80000364780426,4,4,0,0,40,0,0,40,1.609
327,40,0,2,1,9.216000325977802,4,4,0,0,40,0,0,40,1.609
327,40,0,3,1,4.095999989658594,4,4,0,0,40,0,0,40,1.609
328,2,0,0,0,15.359999611973763,4,4,0,1,39,0,0,40,95.199
328,2,0,1,0,79.8719972372055,4,4,0,1,39,0,0,40,95.199
328,2,0,2,0,9.216000325977802,4,4,0,1,39,0,0,40,95.199
328,2,0,3,0,5.119999870657921,4,4,0,1,39,0,0,40,95.199
328,24,0,0,0,8.191999979317188,4,4,0,0,40,0,0,40,1.54
328,24,0,1,0,60.416001826524734,4,4,0,0,40,0,0,40,1.54
328,24,0,2,0,8.191999979317188,4,4,0,0,40,0,0,40,1.54
328,24,0,3,0,4.095999989658594,4,4,0,0,40,0,0,40,1.54
328,40,0,0,1,9.216000325977802,4,4,0,0,40,0,0,40,2.82
328,40,0,1,1,71.68000191450119,4,4,0,0,40,0,0,40,2.82
328,40,0,2,1,9.216000325977802,4,4,0,0,40,0,0,40,2.82
328,40,0,3,1,4.095999989658594,4,4,0,0,40,0,0,40,2.82
329,2,0,0,0,16.383999958634377,4,4,0,3,37,0,0,40,145.219
329,2,0,1,0,66.56000018119812,4,4,0,3,37,0,0,40,145.219
329,2,0,2,0,9.216000325977802,4,4,0,3,37,0,0,40,145.219
329,2,0,3,0,101.3759970664978,4,4,0,3,37,0,0,40,145.219
329,24,0,0,0,9.216000325977802,4,4,0,4,36,0,0,40,153.799
329,24,0,1,0,68.60800087451935,4,4,0,4,36,0,0,40,153.799
329,24,0,2,0,8.191999979317188,4,4,0,4,36,0,0,40,153.799
329,24,0,3,0,65.5359998345375,4,4,0,4,36,0,0,40,153.799
329,40,0,0,1,8.191999979317188,4,4,0,0,40,0,0,40,1.689
329,40,0,1,1,63.48799914121628,4,4,0,0,40,0,0,40,1.689
329,40,0,2,1,9.216000325977802,4,4,0,0,40,0,0,40,1.689
329,40,0,3,1,4.095999989658594,4,4,0,0,40,0,0,40,1.689
330,2,0,0,0,8.191999979317188,4,4,0,1,39,0,0,40,123.819
330,2,0,1,0,58.36800113320351,4,4,0,1,39,0,0,40,123.819
330,2,0,2,0,9.216000325977802,4,4,0,1,39,0,0,40,123.819
330,2,0,3,0,44.03200000524521,4,4,0,1,39,0,0,40,123.819
330,24,0,0,0,8.191999979317188,4,4,0,2,38,0,0,40,73.72
330,24,0,1,0,72.7040022611618,4,4,0,2,38,0,0,40,73.72
330,24,0,2,0,9.216000325977802,4,4,0,2,38,0,0,40,73.72
330,24,0,3,0,4.095999989658594,4,4,0,2,38,0,0,40,73.72
330,40,0,0,1,8.191999979317188,4,4,0,1,39,0,0,40,68.59
330,40,0,1,1,73.72800260782242,4,4,0,1,39,0,0,40,68.59
330,40,0,2,1,10.239999741315842,4,4,0,1,39,0,0,40,68.59
330,40,0,3,1,4.095999989658594,4,4,0,1,39,0,0,40,68.59
331,2,0,0,0,8.191999979317188,4,4,0,1,39,0,0,40,66.17
331,2,0,1,0,68.60800087451935,4,4,0,1,39,0,0,40,66.17
331,2,0,2,0,9.216000325977802,4,4,0,1,39,0,0,40,66.17
331,2,0,3,0,6.144000217318535,4,4,0,1,39,0,0,40,66.17
331,24,0,0,0,8.191999979317188,4,4,0,0,40,0,0,40,2.89
331,24,0,1,0,58.36800113320351,4,4,0,0,40,0,0,40,2.89
331,24,0,2,0,9.216000325977802,4,4,0,0,40,0,0,40,2.89
331,24,0,3,0,4.095999989658594,4,4,0,0,40,0,0,40,2.89
331,40,0,0,1,10.239999741315842,4,4,0,2,38,0,0,40,112.949
331,40,0,1,1,82.94399827718735,4,4,0,2,38,0,0,40,112.949
331,40,0,2,1,10.239999741315842,4,4,0,2,38,0,0,40,112.949
331,40,0,3,1,9.216000325977802,4,4,0,2,38,0,0,40,112.949
332,2,0,0,0,16.383999958634377,4,4,0,1,39,0,0,40,60.89
332,2,0,1,0,68.60800087451935,4,4,0,1,39,0,0,40,60.89
332,2,0,2,0,9.216000325977802,4,4,0,1,39,0,0,40,60.89
332,2,0,3,0,5.119999870657921,4,4,0,1,39,0,0,40,60.89
332,24,0,0,0,16.383999958634377,4,4,0,0,40,0,0,40,1.82
332,24,0,1,0,72.7040022611618,4,4,0,0,40,0,0,40,1.82
332,24,0,2,0,9.216000325977802,4,4,0,0,40,0,0,40,1.82
332,24,0,3,0,4.095999989658594,4,4,0,0,40,0,0,40,1.82
332,40,0,0,1,16.383999958634377,4,4,0,1,39,0,0,40,176.339
332,40,0,1,1,78.84799689054489,4,4,0,1,39,0,0,40,176.339
332,40,0,2,1,9.216000325977802,4,4,0,1,39,0,0,40,176.339
332,40,0,3,1,68.60800087451935,4,4,0,1,39,0,0,40,176.339
333,2,0,0,0,14.336000196635723,4,4,0,0,40,0,0,40,1.91
333,2,0,1,0,68.60800087451935,4,4,0,0,40,0,0,40,1.91
333,2,0,2,0,8.191999979317188,4,4,0,0,40,0,0,40,1.91
333,2,0,3,0,5.119999870657921,4,4,0,0,40,0,0,40,1.91
333,24,0,0,0,3904.5119285583496,4,4,0,0,40,0,0,40,2.58
333,24,0,1,0,68.60800087451935,4,4,0,0,40,0,0,40,2.58
333,24,0,2,0,9.216000325977802,4,4,0,0,40,0,0,40,2.58
333,24,0,3,0,4.095999989658594,4,4,0,0,40,0,0,40,2.58
333,40,0,0,1,8.191999979317188,4,4,0,2,38,0,0,40,147.299
333,40,0,1,1,71.68000191450119,4,4,0,2,38,0,0,40,147.299
333,40,0,2,1,8.191999979317188,4,4,0,2,38,0,0,40,147.299
333,40,0,3,1,58.36800113320351,4,4,0,2,38,0,0,40,147.299
334,2,0,0,0,15.359999611973763,4,4,0,3,37,0,0,40,155.239
334,2,0,1,0,67.58400052785873,4,4,0,3,37,0,0,40,155.239
334,2,0,2,0,8.191999979317188,4,4,0,3,37,0,0,40,155.239
334,2,0,3,0,59.39200147986412,4,4,0,3,37,0,0,40,155.239
334,24,0,0,0,9.216000325977802,4,4,0,0,40,0,0,40,1.511
334,24,0,1,0,77.82399654388428,4,4,0,0,40,0,0,40,1.511
334,24,0,2,0,9.216000325977802,4,4,0,0,40,0,0,40,1.511
334,24,0,3,0,4.095999989658594,4,4,0,0,40,0,0,40,1.511
334,40,0,0,1,9.216000325977802,4,4,0,0,40,0,0,40,3.77
334,40,0,1,1,89.08800035715103,4,4,0,0,40,0,0,40,3.77
334,40,0,2,1,9.216000325977802,4,4,0,0,40,0,0,40,3.77
334,40,0,3,1,4.095999989658594,4,4,0,0,40,0,0,40,3.77
335,2,0,0,0,8.191999979317188,1,1,0,0,10,0,0,10,0.531
335,2,0,1,0,32.76799991726875,1,1,0,0,10,0,0,10,0.531
335,2,0,2,0,8.191999979317188,1,1,0,0,10,0,0,10,0.531
335,2,0,3,0,4.095999989658594,1,1,0,0,10,0,0,10,0.531
335,24,0,0,0,24.57600086927414,1,1,0,0,10,0,0,10,2.1
335,24,0,1,0,32.76799991726875,1,1,0,0,10,0,0,10,2.1
335,24,0,2,0,9.216000325977802,1,1,0,0,10,0,0,10,2.1
335,24,0,3,0,4.095999989658594,1,1,0,0,10,0,0,10,2.1
335,40,0,0,1,8.191999979317188,1,1,0,0,10,0,0,10,0.78
335,40,0,1,1,34.81600061058998,1,1,0,0,10,0,0,10,0.78
335,40,0,2,1,9.216000325977802,1,1,0,0,10,0,0,10,0.78
335,40,0,3,1,4.095999989658594,1,1,0,0,10,0,0,10,0.78
336,2,0,0,0,65.5359998345375,4,4,0,1,39,0,0,40,71.971
336,2,0,1,0,67.58400052785873,4,4,0,1,39,0,0,40,71.971
336,2,0,2,0,9.216000325977802,4,4,0,1,39,0,0,40,71.971
336,2,0,3,0,8.191999979317188,4,4,0,1,39,0,0,40,71.971
336,24,0,0,0,8.191999979317188,4,4,0,0,40,0,0,40,2.209
336,24,0,1,0,57.34400078654289,4,4,0,0,40,0,0,40,2.209
336,24,0,2,0,8.191999979317188,4,4,0,0,40,0,0,40,2.209
336,24,0,3,0,4.095999989658594,4,4,0,0,40,0,0,40,2.209
336,40,0,0,1,8.191999979317188,4,4,0,3,37,0,0,40,300.548
336,40,0,1,1,68.60800087451935,4,4,0,3,37,0,0,40,300.548
336,40,0,2,1,9.216000325977802,4,4,0,3,37,0,0,40,300.548
336,40,0,3,1,209.9200040102005,4,4,0,3,37,0,0,40,300.548
337,2,0,0,0,9.216000325977802,4,4,0,2,38,0,0,40,157.809
337,2,0,1,0,73.72800260782242,4,4,0,2,38,0,0,40,157.809
337,2,0,2,0,8.191999979317188,4,4,0,2,38,0,0,40,157.809
337,2,0,3,0,62.463998794555664,4,4,0,2,38,0,0,40,157.809
337,24,0,0,0,8.191999979317188,4,4,0,1,39,0,0,40,64.34
337,24,0,1,0,65.5359998345375,4,4,0,1,39,0,0,40,64.34
337,24,0,2,0,9.216000325977802,4,4,0,1,39,0,0,40,64.34
337,24,0,3,0,4.095999989658594,4,4,0,1,39,0,0,40,64.34
337,40,0,0,1,9.216000325977802,4,4,0,1,39,0,0,40,69.459
337,40,0,1,1,54.27199974656105,4,4,0,1,39,0,0,40,69.459
337,40,0,2,1,9.216000325977802,4,4,0,1,39,0,0,40,69.459
337,40,0,3,1,4.095999989658594,4,4,0,1,39,0,0,40,69.459
338,2,0,0,0,9.216000325977802,2,2,0,0,20,0,0,20,1.65
338,2,0,1,0,51.19999870657921,2,2,0,0,20,0,0,20,1.65
338,2,0,2,0,9.216000325977802,2,2,0,0,20,0,0,20,1.65
338,2,0,3,0,7.168000098317862,2,2,0,0,20,0,0,20,1.65
338,24,0,0,0,8.191999979317188,2,2,0,0,20,0,0,20,1.25
338,24,0,1,0,45.05600035190582,2,2,0,0,20,0,0,20,1.25
338,24,0,2,0,9.216000325977802,2,2,0,0,20,0,0,20,1.25
338,24,0,3,0,3.0720001086592674,2,2,0,0,20,0,0,20,1.25
338,40,0,0,1,11.264000087976456,2,2,0,0,20,0,0,20,2.24
338,40,0,1,1,43.007999658584595,2,2,0,0,20,0,0,20,2.24
338,40,0,2,1,10.239999741315842,2,2,0,0,20,0,0,20,2.24
338,40,0,3,1,4.095999989658594,2,2,0,0,20,0,0,20,2.24
339,2,0,0,0,8.191999979317188,4,4,0,0,40,0,0,40,3.89
339,2,0,1,0,72.7040022611618,4,4,0,0,40,0,0,40,3.89
339,2,0,2,0,9.216000325977802,4,4,0,0,40,0,0,40,3.89
339,2,0,3,0,6.144000217318535,4,4,0,0,40,0,0,40,3.89
339,24,0,0,0,9.216000325977802,4,4,0,0,40,0,0,40,2.071
339,24,0,1,0,65.5359998345375,4,4,0,0,40,0,0,40,2.071
339,24,0,2,0,9.216000325977802,4,4,0,0,40,0,0,40,2.071
339,24,0,3,0,4.095999989658594,4,4,0,0,40,0,0,40,2.071
339,40,0,0,1,9.216000325977802,4,4,0,1,39,0,0,40,66.189
339,40,0,1,1,75.77600330114365,4,4,0,1,39,0,0,40,66.189
339,40,0,2,1,8.191999979317188,4,4,0,1,39,0,0,40,66.189
339,40,0,3,1,4.095999989658594,4,4,0,1,39,0,0,40,66.189
340,2,0,0,0,15.359999611973763,4,4,0,0,40,0,0,40,3.35
340,2,0,1,0,70.65600156784058,4,4,0,0,40,0,0,40,3.35
340,2,0,2,0,9.216000325977802,4,4,0,0,40,0,0,40,3.35
340,2,0,3,0,5.119999870657921,4,4,0,0,40,0,0,40,3.35
340,24,0,0,0,130.048006772995,4,4,0,0,40,0,0,40,2.409
340,24,0,1,0,64.51199948787689,4,4,0,0,40,0,0,40,2.409
340,24,0,2,0,8.191999979317188,4,4,0,0,40,0,0,40,2.409
340,24,0,3,0,4.095999989658594,4,4,0,0,40,0,0,40,2.409
340,40,0,0,1,9.216000325977802,4,4,0,0,40,0,0,40,2.54
340,40,0,1,1,77.82399654388428,4,4,0,0,40,0,0,40,2.54
340,40,0,2,1,9.216000325977802,4,4,0,0,40,0,0,40,2.54
340,40,0,3,1,4.095999989658594,4,4,0,0,40,0,0,40,2.54
341,2,0,0,0,16.383999958634377,4,4,0,4,35,1,0,40,395.459
341,2,0,1,0,59.39200147986412,4,4,0,4,35,1,0,40,395.459
341,2,0,2,0,167.93599724769592,4,4,0,4,35,1,0,40,395.459
341,2,0,3,0,146.43199741840363,4,4,0,4,35,1,0,40,395.459
341,24,0,0,0,8.191999979317188,4,4,0,2,38,0,0,40,748.027
341,24,0,1,0,62.463998794555664,4,4,0,2,38,0,0,40,748.027
341,24,0,2,0,9.216000325977802,4,4,0,2,38,0,0,40,748.027
341,24,0,3,0,663.5519862174988,4,4,0,2,38,0,0,40,748.027
341,40,0,0,1,8.191999979317188,4,4,0,3,37,0,0,40,130.44
341,40,0,1,1,70.65600156784058,4,4,0,3,37,0,0,40,130.44
341,40,0,2,1,9.216000325977802,4,4,0,3,37,0,0,40,130.44
341,40,0,3,1,36.86400130391121,4,4,0,3,37,0,0,40,130.44
342,2,0,0,0,15.359999611973763,4,4,0,0,40,0,0,40,2.411
342,2,0,1,0,87.0399996638298,4,4,0,0,40,0,0,40,2.411
342,2,0,2,0,9.216000325977802,4,4,0,0,40,0,0,40,2.411
342,2,0,3,0,5.119999870657921,4,4,0,0,40,0,0,40,2.411
342,24,0,0,0,8.191999979317188,4,4,0,2,38,0,0,40,2850.51
342,24,0,1,0,56.32000043988228,4,4,0,2,38,0,0,40,2850.51
342,24,0,2,0,9.216000325977802,4,4,0,2,38,0,0,40,2850.51
342,24,0,3,0,2774.0159034729004,4,4,0,2,38,0,0,40,2850.51
342,40,0,0,1,9.216000325977802,4,4,0,0,40,0,0,40,1.76
342,40,0,1,1,61.43999844789505,4,4,0,0,40,0,0,40,1.76
342,40,0,2,1,8.191999979317188,4,4,0,0,40,0,0,40,1.76
342,40,0,3,1,4.095999989658594,4,4,0,0,40,0,0,40,1.76
343,2,0,0,0,9.216000325977802,4,4,0,5,35,0,0,40,160.51
343,2,0,1,0,73.72800260782242,4,4,0,5,35,0,0,40,160.51
343,2,0,2,0,11.264000087976456,4,4,0,5,35,0,0,40,160.51
343,2,0,3,0,64.51199948787689,4,4,0,5,35,0,0,40,160.51
343,24,0,0,0,8.191999979317188,4,4,0,7,32,1,0,40,339.619
343,24,0,1,0,60.416001826524734,4,4,0,7,32,1,0,40,339.619
343,24,0,2,0,174.0799993276596,4,4,0,7,32,1,0,40,339.619
343,24,0,3,0,92.16000139713287,4,4,0,7,32,1,0,40,339.619
343,40,0,0,1,9.216000325977802,4,4,0,3,37,0,0,40,122.36
343,40,0,1,1,65.5359998345375,4,4,0,3,37,0,0,40,122.36
343,40,0,2,1,9.216000325977802,4,4,0,3,37,0,0,40,122.36
343,40,0,3,1,34.81600061058998,4,4,0,3,37,0,0,40,122.36
344,2,0,0,0,116.73600226640701,4,4,0,2,38,0,0,40,205.379
344,2,0,1,0,82.94399827718735,4,4,0,2,38,0,0,40,205.379
344,2,0,2,0,9.216000325977802,4,4,0,2,38,0,0,40,205.379
344,2,0,3,0,105.47199845314026,4,4,0,2,38,0,0,40,205.379
344,24,0,0,0,3897.3441123962402,4,4,0,3,37,0,0,40,166.31
344,24,0,1,0,55.296000093221664,4,4,0,3,37,0,0,40,166.31
344,24,0,2,0,9.216000325977802,4,4,0,3,37,0,0,40,166.31
344,24,0,3,0,91.13600105047226,4,4,0,3,37,0,0,40,166.31
344,40,0,0,1,10.239999741315842,4,4,0,0,40,0,0,40,2.82
344,40,0,1,1,84.99199897050858,4,4,0,0,40,0,0,40,2.82
344,40,0,2,1,9.216000325977802,4,4,0,0,40,0,0,40,2.82
344,40,0,3,1,4.095999989658594,4,4,0,0,40,0,0,40,2.82
345,2,0,0,0,14.336000196635723,4,4,0,0,40,0,0,40,2.42
345,2,0,1,0,69.63200122117996,4,4,0,0,40,0,0,40,2.42
345,2,0,2,0,9.216000325977802,4,4,0,0,40,0,0,40,2.42
345,2,0,3,0,7.168000098317862,4,4,0,0,40,0,0,40,2.42
345,24,0,0,0,8.191999979317188,4,4,0,1,39,0,0,40,62.039
345,24,0,1,0,71.68000191450119,4,4,0,1,39,0,0,40,62.039
345,24,0,2,0,9.216000325977802,4,4,0,1,39,0,0,40,62.039
345,24,0,3,0,4.095999989658594,4,4,0,1,39,0,0,40,62.039
345,40,0,0,1,10.239999741315842,4,4,0,3,37,0,0,40,122.529
345,40,0,1,1,64.51199948787689,4,4,0,3,37,0,0,40,122.529
345,40,0,2,1,9.216000325977802,4,4,0,3,37,0,0,40,122.529
345,40,0,3,1,33.79200026392937,4,4,0,3,37,0,0,40,122.529
346,2,0,0,0,15.359999611973763,4,4,0,3,36,1,0,40,255.77
346,2,0,1,0,73.72800260782242,4,4,0,3,36,1,0,40,255.77
346,2,0,2,0,163.83999586105347,4,4,0,3,36,1,0,40,255.77
346,2,0,3,0,5.119999870657921,4,4,0,3,36,1,0,40,255.77
346,24,0,0,0,8.191999979317188,4,4,0,1,39,0,0,40,68.65
346,24,0,1,0,69.63200122117996,4,4,0,1,39,0,0,40,68.65
346,24,0,2,0,9.216000325977802,4,4,0,1,39,0,0,40,68.65
346,24,0,3,0,4.095999989658594,4,4,0,1,39,0,0,40,68.65
346,40,0,0,1,8.191999979317188,4,4,0,2,38,0,0,40,286.039
346,40,0,1,1,58.36800113320351,4,4,0,2,38,0,0,40,286.039
346,40,0,2,1,9.216000325977802,4,4,0,2,38,0,0,40,286.039
346,40,0,3,1,205.82400262355804,4,4,0,2,38,0,0,40,286.039
347,2,0,0,0,16.383999958634377,4,4,0,3,37,0,0,40,138.56
347,2,0,1,0,78.84799689054489,4,4,0,3,37,0,0,40,138.56
347,2,0,2,0,8.191999979317188,4,4,0,3,37,0,0,40,138.56
347,2,0,3,0,30.719999223947525,4,4,0,3,37,0,0,40,138.56
347,24,0,0,0,9.216000325977802,4,4,0,0,40,0,0,40,2.09
347,24,0,1,0,62.463998794555664,4,4,0,0,40,0,0,40,2.09
347,24,0,2,0,9.216000325977802,4,4,0,0,40,0,0,40,2.09
347,24,0,3,0,4.095999989658594,4,4,0,0,40,0,0,40,2.09
347,40,0,0,1,3093.503952026367,4,4,0,2,38,0,0,40,177.539
347,40,0,1,1,64.51199948787689,4,4,0,2,38,0,0,40,177.539
347,40,0,2,1,9.216000325977802,4,4,0,2,38,0,0,40,177.539
347,40,0,3,1,92.16000139713287,4,4,0,2,38,0,0,40,177.539
348,2,0,0,0,9.216000325977802,1,1,0,0,10,0,0,10,0.909
348,2,0,1,0,31.74399957060814,1,1,0,0,10,0,0,10,0.909
348,2,0,2,0,9.216000325977802,1,1,0,0,10,0,0,10,0.909
348,2,0,3,0,5.119999870657921,1,1,0,0,10,0,0,10,0.909
348,24,0,0,0,9.216000325977802,1,1,0,0,10,0,0,10,0.889
348,24,0,1,0,30.719999223947525,1,1,0,0,10,0,0,10,0.889
348,24,0,2,0,8.191999979317188,1,1,0,0,10,0,0,10,0.889
348,24,0,3,0,4.095999989658594,1,1,0,0,10,0,0,10,0.889
348,40,0,0,1,10.239999741315842,1,1,0,0,10,0,0,10,0.53
348,40,0,1,1,34.81600061058998,1,1,0,0,10,0,0,10,0.53
348,40,0,2,1,9.216000325977802,1,1,0,0,10,0,0,10,0.53
348,40,0,3,1,5.119999870657921,1,1,0,0,10,0,0,10,0.53
349,2,0,0,0,8.191999979317188,2,2,0,0,20,0,0,20,1.229
349,2,0,1,0,52.22399905323982,2,2,0,0,20,0,0,20,1.229
349,2,0,2,0,8.191999979317188,2,2,0,0,20,0,0,20,1.229
349,2,0,3,0,5.119999870657921,2,2,0,0,20,0,0,20,1.229
349,24,0,0,0,10.239999741315842,2,2,0,2,18,0,0,20,63.14
349,24,0,1,0,35.840000957250595,2,2,0,2,18,0,0,20,63.14
349,24,0,2,0,10.239999741315842,2,2,0,2,18,0,0,20,63.14
349,24,0,3,0,4.095999989658594,2,2,0,2,18,0,0,20,63.14
349,40,0,0,1,99.32799637317657,2,2,0,1,19,0,0,20,66.54
349,40,0,1,1,38.91199827194214,2,2,0,1,19,0,0,20,66.54
349,40,0,2,1,10.239999741315842,2,2,0,1,19,0,0,20,66.54
349,40,0,3,1,6.144000217318535,2,2,0,1,19,0,0,20,66.54
350,2,0,0,0,8.191999979317188,4,4,0,1,39,0,0,40,75.949
350,2,0,1,0,65.5359998345375,4,4,0,1,39,0,0,40,75.949
350,2,0,2,0,9.216000325977802,4,4,0,1,39,0,0,40,75.949
350,2,0,3,0,5.119999870657921,4,4,0,1,39,0,0,40,75.949
350,24,0,0,0,8.191999979317188,4,4,0,2,38,0,0,40,104.58
350,24,0,1,0,63.48799914121628,4,4,0,2,38,0,0,40,104.58
350,24,0,2,0,9.216000325977802,4,4,0,2,38,0,0,40,104.58
350,24,0,3,0,16.383999958634377,4,4,0,2,38,0,0,40,104.58
350,40,0,0,1,1956.8639993667603,4,4,0,1,39,0,0,40,116.949
350,40,0,1,1,83.96799862384796,4,4,0,1,39,0,0,40,116.949
350,40,0,2,1,9.216000325977802,4,4,0,1,39,0,0,40,116.949
350,40,0,3,1,12.28800043463707,4,4,0,1,39,0,0,40,116.949
351,2,0,0,0,15.359999611973763,4,4,0,3,37,0,0,40,109.89
351,2,0,1,0,82.94399827718735,4,4,0,3,37,0,0,40,109.89
351,2,0,2,0,12.28800043463707,4,4,0,3,37,0,0,40,109.89
351,2,0,3,0,5.119999870657921,4,4,0,3,37,0,0,40,109.89
351,24,0,0,0,8.191999979317188,4,4,0,0,40,0,0,40,2.3
351,24,0,1,0,73.72800260782242,4,4,0,0,40,0,0,40,2.3
351,24,0,2,0,9.216000325977802,4,4,0,0,40,0,0,40,2.3
351,24,0,3,0,4.095999989658594,4,4,0,0,40,0,0,40,2.3
351,40,0,0,1,9.216000325977802,4,4,0,2,38,0,0,40,120.56
351,40,0,1,1,77.82399654388428,4,4,0,2,38,0,0,40,120.56
351,40,0,2,1,9.216000325977802,4,4,0,2,38,0,0,40,120.56
351,40,0,3,1,20.479999482631683,4,4,0,2,38,0,0,40,120.56
352,2,0,0,0,9.216000325977802,1,1,0,3,7,0,0,10,267.098
352,2,0,1,0,25.599999353289604,1,1,0,3,7,0,0,10,267.098
352,2,0,2,0,8.191999979317188,1,1,0,3,7,0,0,10,267.098
352,2,0,3,0,220.15999257564545,1,1,0,3,7,0,0,10,267.098
352,24,0,0,0,9.216000325977802,1,1,0,0,10,0,0,10,1.93
352,24,0,1,0,31.74399957060814,1,1,0,0,10,0,0,10,1.93
352,24,0,2,0,9.216000325977802,1,1,0,0,10,0,0,10,1.93
352,24,0,3,0,4.095999989658594,1,1,0,0,10,0,0,10,1.93
352,40,0,0,1,8.191999979317188,1,1,0,0,10,0,0,10,0.48
352,40,0,1,1,34.81600061058998,1,1,0,0,10,0,0,10,0.48
352,40,0,2,1,9.216000325977802,1,1,0,0,10,0,0,10,0.48
352,40,0,3,1,4.095999989658594,1,1,0,0,10,0,0,10,0.48
353,2,0,0,0,9.216000325977802,4,4,0,4,35,1,0,40,312.498
353,2,0,1,0,59.39200147986412,4,4,0,4,35,1,0,40,312.498
353,2,0,2,0,166.9120043516159,4,4,0,4,35,1,0,40,312.498
353,2,0,3,0,73.72800260782242,4,4,0,4,35,1,0,40,312.498
353,24,0,0,0,9.216000325977802,4,4,0,0,40,0,0,40,2.09
353,24,0,1,0,60.416001826524734,4,4,0,0,40,0,0,40,2.09
353,24,0,2,0,9.216000325977802,4,4,0,0,40,0,0,40,2.09
353,24,0,3,0,4.095999989658594,4,4,0,0,40,0,0,40,2.09
353,40,0,0,1,9.216000325977802,4,4,0,2,38,0,0,40,129.069
353,40,0,1,1,63.48799914121628,4,4,0,2,38,0,0,40,129.069
353,40,0,2,1,9.216000325977802,4,4,0,2,38,0,0,40,129.069
353,40,0,3,1,44.03200000524521,4,4,0,2,38,0,0,40,129.069
354,2,0,0,0,15.359999611973763,4,4,0,3,36,1,0,40,160.25
354,2,0,1,0,72.7040022611618,4,4,0,3,36,1,0,40,160.25
354,2,0,2,0,168.96000504493713,4,4,0,3,36,1,0,40,160.25
354,2,0,3,0,6.144000217318535,4,4,0,3,36,1,0,40,160.25
354,24,0,0,0,9.216000325977802,4,4,0,0,40,0,0,40,2.049
354,24,0,1,0,72.7040022611618,4,4,0,0,40,0,0,40,2.049
354,24,0,2,0,9.216000325977802,4,4,0,0,40,0,0,40,2.049
354,24,0,3,0,4.095999989658594,4,4,0,0,40,0,0,40,2.049
354,40,0,0,1,15.359999611973763,4,4,0,1,39,0,0,40,73.51
354,40,0,1,1,65.5359998345375,4,4,0,1,39,0,0,40,73.51
354,40,0,2,1,9.216000325977802,4,4,0,1,39,0,0,40,73.51
354,40,0,3,1,4.095999989658594,4,4,0,1,39,0,0,40,73.51
355,2,0,0,0,9.216000325977802,4,4,0,2,38,0,0,40,97.53
355,2,0,1,0,69.63200122117996,4,4,0,2,38,0,0,40,97.53
355,2,0,2,0,9.216000325977802,4,4,0,2,38,0,0,40,97.53
355,2,0,3,0,8.191999979317188,4,4,0,2,38,0,0,40,97.53
355,24,0,0,0,9.216000325977802,4,4,0,1,39,0,0,40,66.211
355,24,0,1,0,48.128001391887665,4,4,0,1,39,0,0,40,66.211
355,24,0,2,0,9.216000325977802,4,4,0,1,39,0,0,40,66.211
355,24,0,3,0,4.095999989658594,4,4,0,1,39,0,0,40,66.211
355,40,0,0,1,9.216000325977802,4,4,0,0,40,0,0,40,1.93
355,40,0,1,1,63.48799914121628,4,4,0,0,40,0,0,40,1.93
355,40,0,2,1,9.216000325977802,4,4,0,0,40,0,0,40,1.93
355,40,0,3,1,4.095999989658594,4,4,0,0,40,0,0,40,1.93
356,2,0,0,0,364.54400420188904,4,4,0,2,38,0,0,40,119.049
356,2,0,1,0,82.94399827718735,4,4,0,2,38,0,0,40,119.049
356,2,0,2,0,13.311999849975109,4,4,0,2,38,0,0,40,119.049
356,2,0,3,0,14.336000196635723,4,4,0,2,38,0,0,40,119.049
356,24,0,0,0,366.5919899940491,4,4,0,1,39,0,0,40,73.55
356,24,0,1,0,63.48799914121628,4,4,0,1,39,0,0,40,73.55
356,24,0,2,0,8.191999979317188,4,4,0,1,39,0,0,40,73.55
356,24,0,3,0,4.095999989658594,4,4,0,1,39,0,0,40,73.55
356,40,0,0,1,8.191999979317188,4,4,0,2,38,0,0,40,130.49
356,40,0,1,1,65.5359998345375,4,4,0,2,38,0,0,40,130.49
356,40,0,2,1,9.216000325977802,4,4,0,2,38,0,0,40,130.49
356,40,0,3,1,44.03200000524521,4,4,0,2,38,0,0,40,130.49
357,2,0,0,0,9.216000325977802,4,4,0,4,35,1,0,40,235.699
357,2,0,1,0,61.43999844789505,4,4,0,4,35,1,0,40,235.699
357,2,0,2,0,167.93599724769592,4,4,0,4,35,1,0,40,235.699
357,2,0,3,0,5.119999870657921,4,4,0,4,35,1,0,40,235.699
357,24,0,0,0,9.216000325977802,4,4,0,4,35,1,0,40,158.05
357,24,0,1,0,71.68000191450119,4,4,0,4,35,1,0,40,158.05
357,24,0,2,0,162.81600296497345,4,4,0,4,35,1,0,40,158.05
357,24,0,3,0,4.095999989658594,4,4,0,4,35,1,0,40,158.05
357,40,0,0,1,9.216000325977802,4,4,0,0,40,0,0,40,2.67
357,40,0,1,1,73.72800260782242,4,4,0,0,40,0,0,40,2.67
357,40,0,2,1,9.216000325977802,4,4,0,0,40,0,0,40,2.67
357,40,0,3,1,4.095999989658594,4,4,0,0,40,0,0,40,2.67
358,2,0,0,0,9.216000325977802,4,4,0,2,38,0,0,40,110.49
358,2,0,1,0,73.72800260782242,4,4,0,2,38,0,0,40,110.49
358,2,0,2,0,10.239999741315842,4,4,0,2,38,0,0,40,110.49
358,2,0,3,0,14.336000196635723,4,4,0,2,38,0,0,40,110.49
358,24,0,0,0,9.216000325977802,4,4,0,5,34,1,0,40,634.968
358,24,0,1,0,74.75200295448303,4,4,0,5,34,1,0,40,634.968
358,24,0,2,0,165.8879965543747,4,4,0,5,34,1,0,40,634.968
358,24,0,3,0,382.9759955406189,4,4,0,5,34,1,0,40,634.968
358,40,0,0,1,10.239999741315842,4,4,0,0,40,0,0,40,3.8
358,40,0,1,1,87.0399996638298,4,4,0,0,40,0,0,40,3.8
358,40,0,2,1,9.216000325977802,4,4,0,0,40,0,0,40,3.8
358,40,0,3,1,4.095999989658594,4,4,0,0,40,0,0,40,3.8
359,2,0,0,0,16.383999958634377,4,4,0,2,38,0,0,40,101.139
359,2,0,1,0,75.77600330114365,4,4,0,2,38,0,0,40,101.139
359,2,0,2,0,9.216000325977802,4,4,0,2,38,0,0,40,101.139
359,2,0,3,0,7.168000098317862,4,4,0,2,38,0,0,40,101.139
359,24,0,0,0,8.191999979317188,4,4,0,1,39,0,0,40,64.45
359,24,0,1,0,78.84799689054489,4,4,0,1,39,0,0,40,64.45
359,24,0,2,0,9.216000325977802,4,4,0,1,39,0,0,40,64.45
359,24,0,3,0,4.095999989658594,4,4,0,1,39,0,0,40,64.45
359,40,0,0,1,9.216000325977802,4,4,0,0,40,0,0,40,2.11
359,40,0,1,1,68.60800087451935,4,4,0,0,40,0,0,40,2.11
359,40,0,2,1,9.216000325977802,4,4,0,0,40,0,0,40,2.11
359,40,0,3,1,4.095999989658594,4,4,0,0,40,0,0,40,2.11
360,2,0,0,0,9.216000325977802,4,4,0,3,37,0,0,40,105.2
360,2,0,1,0,77.82399654388428,4,4,0,3,37,0,0,40,105.2
360,2,0,2,0,9.216000325977802,4,4,0,3,37,0,0,40,105.2
360,2,0,3,0,7.168000098317862,4,4,0,3,37,0,0,40,105.2
360,24,0,0,0,8.191999979317188,4,4,0,1,39,0,0,40,57.99
360,24,0,1,0,65.5359998345375,4,4,0,1,39,0,0,40,57.99
360,24,0,2,0,9.216000325977802,4,4,0,1,39,0,0,40,57.99
360,24,0,3,0,4.095999989658594,4,4,0,1,39,0,0,40,57.99
360,40,0,0,1,9.216000325977802,4,4,0,0,40,0,0,40,2.18
360,40,0,1,1,66.56000018119812,4,4,0,0,40,0,0,40,2.18
360,40,0,2,1,9.216000325977802,4,4,0,0,40,0,0,40,2.18
360,40,0,3,1,4.095999989658594,4,4,0,0,40,0,0,40,2.18
361,2,0,0,0,9.216000325977802,1,1,0,0,10,0,0,10,1.05
361,2,0,1,0,31.74399957060814,1,1,0,0,10,0,0,10,1.05
361,2,0,2,0,9.216000325977802,1,1,0,0,10,0,0,10,1.05
361,2,0,3,0,4.095999989658594,1,1,0,0,10,0,0,10,1.05
361,24,0,0,0,8.191999979317188,1,1,0,0,10,0,0,10,0.72
361,24,0,1,0,31.74399957060814,1,1,0,0,10,0,0,10,0.72
361,24,0,2,0,9.216000325977802,1,1,0,0,10,0,0,10,0.72
361,24,0,3,0,4.095999989658594,1,1,0,0,10,0,0,10,0.72
361,40,0,0,1,9.216000325977802,1,1,0,1,9,0,0,10,98.35
361,40,0,1,1,33.79200026392937,1,1,0,1,9,0,0,10,98.35
361,40,0,2,1,9.216000325977802,1,1,0,1,9,0,0,10,98.35
361,40,0,3,1,43.007999658584595,1,1,0,1,9,0,0,10,98.35
362,2,0,0,0,15.359999611973763,4,4,0,0,40,0,0,40,4.26
362,2,0,1,0,84.99199897050858,4,4,0,0,40,0,0,40,4.26
362,2,0,2,0,9.216000325977802,4,4,0,0,40,0,0,40,4.26
362,2,0,3,0,5.119999870657921,4,4,0,0,40,0,0,40,4.26
362,24,0,0,0,8.191999979317188,4,4,0,2,38,0,0,40,130.719
362,24,0,1,0,55.296000093221664,4,4,0,2,38,0,0,40,130.719
362,24,0,2,0,9.216000325977802,4,4,0,2,38,0,0,40,130.719
362,24,0,3,0,53.247999399900436,4,4,0,2,38,0,0,40,130.719
362,40,0,0,1,9.216000325977802,4,4,0,1,39,0,0,40,76.04
362,40,0,1,1,66.56000018119812,4,4,0,1,39,0,0,40,76.04
362,40,0,2,1,9.216000325977802,4,4,0,1,39,0,0,40,76.04
362,40,0,3,1,4.095999989658594,4,4,0,1,39,0,0,40,76.04
363,2,0,0,0,8.191999979317188,4,4,0,2,38,0,0,40,92.839
363,2,0,1,0,77.82399654388428,4,4,0,2,38,0,0,40,92.839
363,2,0,2,0,9.216000325977802,4,4,0,2,38,0,0,40,92.839
363,2,0,3,0,5.119999870657921,4,4,0,2,38,0,0,40,92.839
363,24,0,0,0,8.191999979317188,4,4,0,4,36,0,0,40,5106.99
363,24,0,1,0,75.77600330114365,4,4,0,4,36,0,0,40,5106.99
363,24,0,2,0,8.191999979317188,4,4,0,4,36,0,0,40,5106.99
363,24,0,3,0,5010.43176651001,4,4,0,4,36,0,0,40,5106.99
363,40,0,0,1,9.216000325977802,4,4,0,3,37,0,0,40,201.599
363,40,0,1,1,87.0399996638298,4,4,0,3,37,0,0,40,201.599
363,40,0,2,1,9.216000325977802,4,4,0,3,37,0,0,40,201.599
363,40,0,3,1,92.16000139713287,4,4,0,3,37,0,0,40,201.599
364,2,0,0,0,9.216000325977802,4,4,0,7,32,1,0,40,2919.288
364,2,0,1,0,68.60800087451935,4,4,0,7,32,1,0,40,2919.288
364,2,0,2,0,165.8879965543747,4,4,0,7,32,1,0,40,2919.288
364,2,0,3,0,2671.6160774230957,4,4,0,7,32,1,0,40,2919.288
364,24,0,0,0,8.191999979317188,4,4,0,1,39,0,0,40,69.24
364,24,0,1,0,77.82399654388428,4,4,0,1,39,0,0,40,69.24
364,24,0,2,0,8.191999979317188,4,4,0,1,39,0,0,40,69.24
364,24,0,3,0,4.095999989658594,4,4,0,1,39,0,0,40,69.24
364,40,0,0,1,9.216000325977802,4,4,0,3,37,0,0,40,182.079
364,40,0,1,1,84.99199897050858,4,4,0,3,37,0,0,40,182.079
364,40,0,2,1,9.216000325977802,4,4,0,3,37,0,0,40,182.079
364,40,0,3,1,75.77600330114365,4,4,0,3,37,0,0,40,182.079
365,2,0,0,0,16.383999958634377,4,4,0,4,35,1,0,40,216.289
365,2,0,1,0,70.65600156784058,4,4,0,4,35,1,0,40,216.289
365,2,0,2,0,163.83999586105347,4,4,0,4,35,1,0,40,216.289
365,2,0,3,0,5.119999870657921,4,4,0,4,35,1,0,40,216.289
365,24,0,0,0,9.216000325977802,4,4,0,0,40,0,0,40,2.06
365,24,0,1,0,82.94399827718735,4,4,0,0,40,0,0,40,2.06
365,24,0,2,0,9.216000325977802,4,4,0,0,40,0,0,40,2.06
365,24,0,3,0,4.095999989658594,4,4,0,0,40,0,0,40,2.06
365,40,0,0,1,9.216000325977802,4,4,0,1,39,0,0,40,85.01
365,40,0,1,1,60.416001826524734,4,4,0,1,39,0,0,40,85.01
365,40,0,2,1,9.216000325977802,4,4,0,1,39,0,0,40,85.01
365,40,0,3,1,5.119999870657921,4,4,0,1,39,0,0,40,85.01
366,2,0,0,0,9.216000325977802,4,4,0,3,35,2,0,40,344.779
366,2,0,1,0,65.5359998345375,4,4,0,3,35,2,0,40,344.779
366,2,0,2,0,168.96000504493713,4,4,0,3,35,2,0,40,344.779
366,2,0,3,0,97.28000313043594,4,4,0,3,35,2,0,40,344.779
366,24,0,0,0,8.191999979317188,4,4,0,0,40,0,0,40,2.72
366,24,0,1,0,72.7040022611618,4,4,0,0,40,0,0,40,2.72
366,24,0,2,0,8.191999979317188,4,4,0,0,40,0,0,40,2.72
366,24,0,3,0,4.095999989658594,4,4,0,0,40,0,0,40,2.72
366,40,0,0,1,10.239999741315842,4,4,0,1,39,0,0,40,75.0
366,40,0,1,1,82.94399827718735,4,4,0,1,39,0,0,40,75.0
366,40,0,2,1,9.216000325977802,4,4,0,1,39,0,0,40,75.0
366,40,0,3,1,4.095999989658594,4,4,0,1,39,0,0,40,75.0
367,2,0,0,0,14.336000196635723,4,4,0,0,40,0,0,40,3.52
367,2,0,1,0,79.8719972372055,4,4,0,0,40,0,0,40,3.52
367,2,0,2,0,8.191999979317188,4,4,0,0,40,0,0,40,3.52
367,2,0,3,0,5.119999870657921,4,4,0,0,40,0,0,40,3.52
367,24,0,0,0,9.216000325977802,4,4,0,1,39,0,0,40,60.3
367,24,0,1,0,72.7040022611618,4,4,0,1,39,0,0,40,60.3
367,24,0,2,0,9.216000325977802,4,4,0,1,39,0,0,40,60.3
367,24,0,3,0,3.0720001086592674,4,4,0,1,39,0,0,40,60.3
367,40,0,0,1,8.191999979317188,4,4,0,2,38,0,0,40,215.55
367,40,0,1,1,70.65600156784058,4,4,0,2,38,0,0,40,215.55
367,40,0,2,1,9.216000325977802,4,4,0,2,38,0,0,40,215.55
367,40,0,3,1,122.8799968957901,4,4,0,2,38,0,0,40,215.55
368,2,0,0,0,8.191999979317188,4,4,0,1,39,0,0,40,67.719
368,2,0,1,0,84.99199897050858,4,4,0,1,39,0,0,40,67.719
368,2,0,2,0,9.216000325977802,4,4,0,1,39,0,0,40,67.719
368,2,0,3,0,6.144000217318535,4,4,0,1,39,0,0,40,67.719
368,24,0,0,0,8.191999979317188,4,4,0,0,40,0,0,40,2.28
368,24,0,1,0,67.58400052785873,4,4,0,0,40,0,0,40,2.28
368,24,0,2,0,9.216000325977802,4,4,0,0,40,0,0,40,2.28
368,24,0,3,0,4.095999989658594,4,4,0,0,40,0,0,40,2.28
368,40,0,0,1,1045.5039739608765,4,4,0,3,36,1,0,40,230.93
368,40,0,1,1,72.7040022611618,4,4,0,3,36,1,0,40,230.93
368,40,0,2,1,190.46400487422943,4,4,0,3,36,1,0,40,230.93
368,40,0,3,1,4.095999989658594,4,4,0,3,36,1,0,40,230.93
369,2,0,0,0,9.216000325977802,4,4,0,2,38,0,0,40,131.92
369,2,0,1,0,81.91999793052673,4,4,0,2,38,0,0,40,131.92
369,2,0,2,0,9.216000325977802,4,4,0,2,38,0,0,40,131.92
369,2,0,3,0,33.79200026392937,4,4,0,2,38,0,0,40,131.92
369,24,0,0,0,8.191999979317188,4,4,0,1,39,0,0,40,63.76
369,24,0,1,0,76.80000364780426,4,4,0,1,39,0,0,40,63.76
369,24,0,2,0,8.191999979317188,4,4,0,1,39,0,0,40,63.76
369,24,0,3,0,4.095999989658594,4,4,0,1,39,0,0,40,63.76
369,40,0,0,1,9.216000325977802,4,4,0,0,40,0,0,40,2.87
369,40,0,1,1,64.51199948787689,4,4,0,0,40,0,0,40,2.87
369,40,0,2,1,9.216000325977802,4,4,0,0,40,0,0,40,2.87
369,40,0,3,1,4.095999989658594,4,4,0,0,40,0,0,40,2.87
370,2,0,0,0,8.191999979317188,4,4,0,3,37,0,0,40,173.889
370,2,0,1,0,78.84799689054489,4,4,0,3,37,0,0,40,173.889
370,2,0,2,0,9.216000325977802,4,4,0,3,37,0,0,40,173.889
370,2,0,3,0,75.77600330114365,4,4,0,3,37,0,0,40,173.889
370,24,0,0,0,9.216000325977802,4,4,0,3,37,0,0,40,151.679
370,24,0,1,0,61.43999844789505,4,4,0,3,37,0,0,40,151.679
370,24,0,2,0,9.216000325977802,4,4,0,3,37,0,0,40,151.679
370,24,0,3,0,67.58400052785873,4,4,0,3,37,0,0,40,151.679
370,40,0,0,1,8.191999979317188,4,4,0,0,40,0,0,40,1.85
370,40,0,1,1,53.247999399900436,4,4,0,0,40,0,0,40,1.85
370,40,0,2,1,8.191999979317188,4,4,0,0,40,0,0,40,1.85
370,40,0,3,1,4.095999989658594,4,4,0,0,40,0,0,40,1.85
371,2,0,0,0,9.216000325977802,4,4,0,1,39,0,0,40,78.72
371,2,0,1,0,83.96799862384796,4,4,0,1,39,0,0,40,78.72
371,2,0,2,0,9.216000325977802,4,4,0,1,39,0,0,40,78.72
371,2,0,3,0,6.144000217318535,4,4,0,1,39,0,0,40,78.72
371,24,0,0,0,8.191999979317188,4,4,0,0,40,0,0,40,3.36
371,24,0,1,0,67.58400052785873,4,4,0,0,40,0,0,40,3.36
371,24,0,2,0,9.216000325977802,4,4,0,0,40,0,0,40,3.36
371,24,0,3,0,4.095999989658594,4,4,0,0,40,0,0,40,3.36
371,40,0,0,1,8.191999979317188,4,4,0,0,40,0,0,40,2.84
371,40,0,1,1,56.32000043988228,4,4,0,0,40,0,0,40,2.84
371,40,0,2,1,8.191999979317188,4,4,0,0,40,0,0,40,2.84
371,40,0,3,1,4.095999989658594,4,4,0,0,40,0,0,40,2.84
372,2,0,0,0,15.359999611973763,4,4,0,1,39,0,0,40,69.759
372,2,0,1,0,71.68000191450119,4,4,0,1,39,0,0,40,69.759
372,2,0,2,0,9.216000325977802,4,4,0,1,39,0,0,40,69.759
372,2,0,3,0,5.119999870657921,4,4,0,1,39,0,0,40,69.759
372,24,0,0,0,9.216000325977802,4,4,0,0,40,0,0,40,1.54
372,24,0,1,0,52.22399905323982,4,4,0,0,40,0,0,40,1.54
372,24,0,2,0,9.216000325977802,4,4,0,0,40,0,0,40,1.54
372,24,0,3,0,4.095999989658594,4,4,0,0,40,0,0,40,1.54
372,40,0,0,1,9.216000325977802,4,4,0,0,40,0,0,40,2.25
372,40,0,1,1,67.58400052785873,4,4,0,0,40,0,0,40,2.25
372,40,0,2,1,9.216000325977802,4,4,0,0,40,0,0,40,2.25
372,40,0,3,1,4.095999989658594,4,4,0,0,40,0,0,40,2.25
373,2,0,0,0,8.191999979317188,3,3,0,2,28,0,0,30,97.579
373,2,0,1,0,62.463998794555664,3,3,0,2,28,0,0,30,97.579
373,2,0,2,0,9.216000325977802,3,3,0,2,28,0,0,30,97.579
373,2,0,3,0,14.336000196635723,3,3,0,2,28,0,0,30,97.579
373,24,0,0,0,8.191999979317188,3,3,0,1,29,0,0,30,93.54
373,24,0,1,0,48.128001391887665,3,3,0,1,29,0,0,30,93.54
373,24,0,2,0,9.216000325977802,3,3,0,1,29,0,0,30,93.54
373,24,0,3,0,23.552000522613525,3,3,0,1,29,0,0,30,93.54
373,40,0,0,1,8.191999979317188,3,3,0,2,28,0,0,30,132.459
373,40,0,1,1,52.22399905323982,3,3,0,2,28,0,0,30,132.459
373,40,0,2,1,9.216000325977802,3,3,0,2,28,0,0,30,132.459
373,40,0,3,1,57.34400078654289,3,3,0,2,28,0,0,30,132.459
374,2,0,0,0,8.191999979317188,4,4,0,1,39,0,0,40,56.88
374,2,0,1,0,87.0399996638298,4,4,0,1,39,0,0,40,56.88
374,2,0,2,0,9.216000325977802,4,4,0,1,39,0,0,40,56.88
374,2,0,3,0,6.144000217318535,4,4,0,1,39,0,0,40,56.88
374,24,0,0,0,8.191999979317188,4,4,0,1,39,0,0,40,80.63
374,24,0,1,0,71.68000191450119,4,4,0,1,39,0,0,40,80.63
374,24,0,2,0,9.216000325977802,4,4,0,1,39,0,0,40,80.63
374,24,0,3,0,4.095999989658594,4,4,0,1,39,0,0,40,80.63
374,40,0,0,1,9.216000325977802,4,4,0,3,37,0,0,40,172.669
374,40,0,1,1,73.72800260782242,4,4,0,3,37,0,0,40,172.669
374,40,0,2,1,10.239999741315842,4,4,0,3,37,0,0,40,172.669
374,40,0,3,1,75.77600330114365,4,4,0,3,37,0,0,40,172.669
375,2,0,0,0,9.216000325977802,4,4,0,3,37,0,0,40,159.219
375,2,0,1,0,73.72800260782242,4,4,0,3,37,0,0,40,159.219
375,2,0,2,0,8.191999979317188,4,4,0,3,37,0,0,40,159.219
375,2,0,3,0,65.5359998345375,4,4,0,3,37,0,0,40,159.219
375,24,0,0,0,9.216000325977802,4,4,0,0,40,0,0,40,3.08
375,24,0,1,0,63.48799914121628,4,4,0,0,40,0,0,40,3.08
375,24,0,2,0,9.216000325977802,4,4,0,0,40,0,0,40,3.08
375,24,0,3,0,4.095999989658594,4,4,0,0,40,0,0,40,3.08
375,40,0,0,1,9.216000325977802,4,4,0,1,39,0,0,40,82.69
375,40,0,1,1,89.08800035715103,4,4,0,1,39,0,0,40,82.69
375,40,0,2,1,9.216000325977802,4,4,0,1,39,0,0,40,82.69
375,40,0,3,1,4.095999989658594,4,4,0,1,39,0,0,40,82.69
376,2,0,0,0,9.216000325977802,4,4,0,1,39,0,0,40,51.15
376,2,0,1,0,82.94399827718735,4,4,0,1,39,0,0,40,51.15
376,2,0,2,0,9.216000325977802,4,4,0,1,39,0,0,40,51.15
376,2,0,3,0,5.119999870657921,4,4,0,1,39,0,0,40,51.15
376,24,0,0,0,14.336000196635723,4,4,0,1,39,0,0,40,65.499
376,24,0,1,0,74.75200295448303,4,4,0,1,39,0,0,40,65.499
376,24,0,2,0,9.216000325977802,4,4,0,1,39,0,0,40,65.499
376,24,0,3,0,4.095999989658594,4,4,0,1,39,0,0,40,65.499
376,40,0,0,1,9.216000325977802,4,4,0,1,39,0,0,40,58.05
376,40,0,1,1,63.48799914121628,4,4,0,1,39,0,0,40,58.05
376,40,0,2,1,9.216000325977802,4,4,0,1,39,0,0,40,58.05
376,40,0,3,1,4.095999989658594,4,4,0,1,39,0,0,40,58.05
377,2,0,0,0,9.216000325977802,4,4,0,1,39,0,0,40,60.48
377,2,0,1,0,86.01599931716919,4,4,0,1,39,0,0,40,60.48
377,2,0,2,0,9.216000325977802,4,4,0,1,39,0,0,40,60.48
377,2,0,3,0,4.095999989658594,4,4,0,1,39,0,0,40,60.48
377,24,0,0,0,8.191999979317188,4,4,0,2,38,0,0,40,66.451
377,24,0,1,0,65.5359998345375,4,4,0,2,38,0,0,40,66.451
377,24,0,2,0,8.191999979317188,4,4,0,2,38,0,0,40,66.451
377,24,0,3,0,4.095999989658594,4,4,0,2,38,0,0,40,66.451
377,40,0,0,1,9.216000325977802,4,4,0,1,39,0,0,40,63.67
377,40,0,1,1,53.247999399900436,4,4,0,1,39,0,0,40,63.67
377,40,0,2,1,8.191999979317188,4,4,0,1,39,0,0,40,63.67
377,40,0,3,1,4.095999989658594,4,4,0,1,39,0,0,40,63.67
378,2,0,0,0,8.191999979317188,4,4,0,1,39,0,0,40,58.491
378,2,0,1,0,77.82399654388428,4,4,0,1,39,0,0,40,58.491
378,2,0,2,0,9.216000325977802,4,4,0,1,39,0,0,40,58.491
378,2,0,3,0,7.168000098317862,4,4,0,1,39,0,0,40,58.491
378,24,0,0,0,8.191999979317188,4,4,0,0,40,0,0,40,2.87
378,24,0,1,0,56.32000043988228,4,4,0,0,40,0,0,40,2.87
378,24,0,2,0,9.216000325977802,4,4,0,0,40,0,0,40,2.87
378,24,0,3,0,4.095999989658594,4,4,0,0,40,0,0,40,2.87
378,40,0,0,1,307.20001459121704,4,4,0,2,38,0,0,40,89.159
378,40,0,1,1,76.80000364780426,4,4,0,2,38,0,0,40,89.159
378,40,0,2,1,9.216000325977802,4,4,0,2,38,0,0,40,89.159
378,40,0,3,1,4.095999989658594,4,4,0,2,38,0,0,40,89.159
379,2,0,0,0,15.359999611973763,4,4,0,1,39,0,0,40,73.229
379,2,0,1,0,79.8719972372055,4,4,0,1,39,0,0,40,73.229
379,2,0,2,0,9.216000325977802,4,4,0,1,39,0,0,40,73.229
379,2,0,3,0,5.119999870657921,4,4,0,1,39,0,0,40,73.229
379,24,0,0,0,1217.5359725952148,4,4,0,0,40,0,0,40,4.72
379,24,0,1,0,89.08800035715103,4,4,0,0,40,0,0,40,4.72
379,24,0,2,0,10.239999741315842,4,4,0,0,40,0,0,40,4.72
379,24,0,3,0,4.095999989658594,4,4,0,0,40,0,0,40,4.72
379,40,0,0,1,16.383999958634377,4,4,0,1,39,0,0,40,71.349
379,40,0,1,1,81.91999793052673,4,4,0,1,39,0,0,40,71.349
379,40,0,2,1,9.216000325977802,4,4,0,1,39,0,0,40,71.349
379,40,0,3,1,4.095999989658594,4,4,0,1,39,0,0,40,71.349
380,2,0,0,0,115.7120019197464,4,4,0,4,35,1,0,40,169.32
380,2,0,1,0,72.7040022611618,4,4,0,4,35,1,0,40,169.32
380,2,0,2,0,163.83999586105347,4,4,0,4,35,1,0,40,169.32
380,2,0,3,0,5.119999870657921,4,4,0,4,35,1,0,40,169.32
380,24,0,0,0,8.191999979317188,4,4,0,0,40,0,0,40,3.88
380,24,0,1,0,81.91999793052673,4,4,0,0,40,0,0,40,3.88
380,24,0,2,0,9.216000325977802,4,4,0,0,40,0,0,40,3.88
380,24,0,3,0,4.095999989658594,4,4,0,0,40,0,0,40,3.88
380,40,0,0,1,9.216000325977802,4,4,0,1,39,0,0,40,68.209
380,40,0,1,1,87.0399996638298,4,4,0,1,39,0,0,40,68.209
380,40,0,2,1,9.216000325977802,4,4,0,1,39,0,0,40,68.209
380,40,0,3,1,4.095999989658594,4,4,0,1,39,0,0,40,68.209
381,2,0,0,0,9.216000325977802,4,4,0,1,39,0,0,40,68.749
381,2,0,1,0,82.94399827718735,4,4,0,1,39,0,0,40,68.749
381,2,0,2,0,9.216000325977802,4,4,0,1,39,0,0,40,68.749
381,2,0,3,0,6.144000217318535,4,4,0,1,39,0,0,40,68.749
381,24,0,0,0,9.216000325977802,4,4,0,4,35,1,0,40,213.37
381,24,0,1,0,71.68000191450119,4,4,0,4,35,1,0,40,213.37
381,24,0,2,0,168.96000504493713,4,4,0,4,35,1,0,40,213.37
381,24,0,3,0,5.119999870657921,4,4,0,4,35,1,0,40,213.37
381,40,0,0,1,34.81600061058998,4,4,0,3,37,0,0,40,183.23
381,40,0,1,1,89.08800035715103,4,4,0,3,37,0,0,40,183.23
381,40,0,2,1,9.216000325977802,4,4,0,3,37,0,0,40,183.23
381,40,0,3,1,74.75200295448303,4,4,0,3,37,0,0,40,183.23
382,2,0,0,0,8.191999979317188,4,4,0,4,35,1,0,40,170.579
382,2,0,1,0,72.7040022611618,4,4,0,4,35,1,0,40,170.579
382,2,0,2,0,169.98399794101715,4,4,0,4,35,1,0,40,170.579
382,2,0,3,0,5.119999870657921,4,4,0,4,35,1,0,40,170.579
382,24,0,0,0,9.216000325977802,4,4,0,1,39,0,0,40,65.97
382,24,0,1,0,80.89599758386612,4,4,0,1,39,0,0,40,65.97
382,24,0,2,0,9.216000325977802,4,4,0,1,39,0,0,40,65.97
382,24,0,3,0,4.095999989658594,4,4,0,1,39,0,0,40,65.97
382,40,0,0,1,10.239999741315842,4,4,0,0,40,0,0,40,1.99
382,40,0,1,1,89.08800035715103,4,4,0,0,40,0,0,40,1.99
382,40,0,2,1,9.216000325977802,4,4,0,0,40,0,0,40,1.99
382,40,0,3,1,5.119999870657921,4,4,0,0,40,0,0,40,1.99
383,2,0,0,0,8.191999979317188,4,4,0,2,38,0,0,40,95.87
383,2,0,1,0,82.94399827718735,4,4,0,2,38,0,0,40,95.87
383,2,0,2,0,8.191999979317188,4,4,0,2,38,0,0,40,95.87
383,2,0,3,0,5.119999870657921,4,4,0,2,38,0,0,40,95.87
383,24,0,0,0,9.216000325977802,4,4,0,2,38,0,0,40,131.18
383,24,0,1,0,83.96799862384796,4,4,0,2,38,0,0,40,131.18
383,24,0,2,0,9.216000325977802,4,4,0,2,38,0,0,40,131.18
383,24,0,3,0,24.57600086927414,4,4,0,2,38,0,0,40,131.18
383,40,0,0,1,9.216000325977802,4,4,0,0,40,0,0,40,4.329
383,40,0,1,1,91.13600105047226,4,4,0,0,40,0,0,40,4.329
383,40,0,2,1,9.216000325977802,4,4,0,0,40,0,0,40,4.329
383,40,0,3,1,3.0720001086592674,4,4,0,0,40,0,0,40,4.329
384,2,0,0,0,15.359999611973763,4,4,0,3,37,0,0,40,228.219
384,2,0,1,0,75.77600330114365,4,4,0,3,37,0,0,40,228.219
384,2,0,2,0,10.239999741315842,4,4,0,3,37,0,0,40,228.219
384,2,0,3,0,123.90399724245071,4,4,0,3,37,0,0,40,228.219
384,24,0,0,0,9.216000325977802,4,4,0,0,40,0,0,40,1.91
384,24,0,1,0,81.91999793052673,4,4,0,0,40,0,0,40,1.91
384,24,0,2,0,9.216000325977802,4,4,0,0,40,0,0,40,1.91
384,24,0,3,0,4.095999989658594,4,4,0,0,40,0,0,40,1.91
384,40,0,0,1,16.383999958634377,4,4,0,3,37,0,0,40,215.71
384,40,0,1,1,79.8719972372055,4,4,0,3,37,0,0,40,215.71
384,40,0,2,1,9.216000325977802,4,4,0,3,37,0,0,40,215.71
384,40,0,3,1,106.49599879980087,4,4,0,3,37,0,0,40,215.71
385,2,0,0,0,14.336000196635723,4,4,0,0,40,0,0,40,2.271
385,2,0,1,0,69.63200122117996,4,4,0,0,40,0,0,40,2.271
385,2,0,2,0,9.216000325977802,4,4,0,0,40,0,0,40,2.271
385,2,0,3,0,5.119999870657921,4,4,0,0,40,0,0,40,2.271
385,24,0,0,0,8.191999979317188,4,4,0,1,39,0,0,40,62.909
385,24,0,1,0,53.247999399900436,4,4,0,1,39,0,0,40,62.909
385,24,0,2,0,8.191999979317188,4,4,0,1,39,0,0,40,62.909
385,24,0,3,0,4.095999989658594,4,4,0,1,39,0,0,40,62.909
385,40,0,0,1,9.216000325977802,4,4,0,0,40,0,0,40,1.42
385,40,0,1,1,51.19999870657921,4,4,0,0,40,0,0,40,1.42
385,40,0,2,1,9.216000325977802,4,4,0,0,40,0,0,40,1.42
385,40,0,3,1,4.095999989658594,4,4,0,0,40,0,0,40,1.42
386,2,0,0,0,9.216000325977802,4,4,0,3,37,0,0,40,81.17
386,2,0,1,0,67.58400052785873,4,4,0,3,37,0,0,40,81.17
386,2,0,2,0,9.216000325977802,4,4,0,3,37,0,0,40,81.17
386,2,0,3,0,5.119999870657921,4,4,0,3,37,0,0,40,81.17
386,24,0,0,0,7.168000098317862,4,4,0,1,39,0,0,40,60.85
386,24,0,1,0,59.39200147986412,4,4,0,1,39,0,0,40,60.85
386,24,0,2,0,9.216000325977802,4,4,0,1,39,0,0,40,60.85
386,24,0,3,0,4.095999989658594,4,4,0,1,39,0,0,40,60.85
386,40,0,0,1,9.216000325977802,4,4,0,0,40,0,0,40,1.96
386,40,0,1,1,58.36800113320351,4,4,0,0,40,0,0,40,1.96
386,40,0,2,1,8.191999979317188,4,4,0,0,40,0,0,40,1.96
386,40,0,3,1,4.095999989658594,4,4,0,0,40,0,0,40,1.96
387,2,0,0,0,8.191999979317188,4,4,0,3,37,0,0,40,100.0
387,2,0,1,0,70.65600156784058,4,4,0,3,37,0,0,40,100.0
387,2,0,2,0,9.216000325977802,4,4,0,3,37,0,0,40,100.0
387,2,0,3,0,8.191999979317188,4,4,0,3,37,0,0,40,100.0
387,24,0,0,0,647.167980670929,4,4,0,1,39,0,0,40,57.1
387,24,0,1,0,65.5359998345375,4,4,0,1,39,0,0,40,57.1
387,24,0,2,0,9.216000325977802,4,4,0,1,39,0,0,40,57.1
387,24,0,3,0,4.095999989658594,4,4,0,1,39,0,0,40,57.1
387,40,0,0,1,9.216000325977802,4,4,0,1,39,0,0,40,79.699
387,40,0,1,1,66.56000018119812,4,4,0,1,39,0,0,40,79.699
387,40,0,2,1,8.191999979317188,4,4,0,1,39,0,0,40,79.699
387,40,0,3,1,4.095999989658594,4,4,0,1,39,0,0,40,79.699
388,2,0,0,0,14.336000196635723,4,4,0,1,39,0,0,40,125.26
388,2,0,1,0,77.82399654388428,4,4,0,1,39,0,0,40,125.26
388,2,0,2,0,9.216000325977802,4,4,0,1,39,0,0,40,125.26
388,2,0,3,0,18.432000651955605,4,4,0,1,39,0,0,40,125.26
388,24,0,0,0,8.191999979317188,4,4,0,1,39,0,0,40,55.4
388,24,0,1,0,64.51199948787689,4,4,0,1,39,0,0,40,55.4
388,24,0,2,0,9.216000325977802,4,4,0,1,39,0,0,40,55.4
388,24,0,3,0,4.095999989658594,4,4,0,1,39,0,0,40,55.4
388,40,0,0,1,10.239999741315842,4,4,0,0,40,0,0,40,2.791
388,40,0,1,1,86.01599931716919,4,4,0,0,40,0,0,40,2.791
388,40,0,2,1,9.216000325977802,4,4,0,0,40,0,0,40,2.791
388,40,0,3,1,4.095999989658594,4,4,0,0,40,0,0,40,2.791
389,2,0,0,0,9.216000325977802,2,2,0,1,19,0,0,20,99.98
389,2,0,1,0,51.19999870657921,2,2,0,1,19,0,0,20,99.98
389,2,0,2,0,8.191999979317188,2,2,0,1,19,0,0,20,99.98
389,2,0,3,0,27.648000046610832,2,2,0,1,19,0,0,20,99.98
389,24,0,0,0,3336.1918926239014,2,2,0,0,20,0,0,20,1.291
389,24,0,1,0,49.15200173854828,2,2,0,0,20,0,0,20,1.291
389,24,0,2,0,9.216000325977802,2,2,0,0,20,0,0,20,1.291
389,24,0,3,0,4.095999989658594,2,2,0,0,20,0,0,20,1.291
389,40,0,0,1,8.191999979317188,2,2,0,1,19,0,0,20,67.86
389,40,0,1,1,57.34400078654289,2,2,0,1,19,0,0,20,67.86
389,40,0,2,1,9.216000325977802,2,2,0,1,19,0,0,20,67.86
389,40,0,3,1,4.095999989658594,2,2,0,1,19,0,0,20,67.86
390,2,0,0,0,15.359999611973763,4,4,0,0,40,0,0,40,1.84
390,2,0,1,0,72.7040022611618,4,4,0,0,40,0,0,40,1.84
390,2,0,2,0,9.216000325977802,4,4,0,0,40,0,0,40,1.84
390,2,0,3,0,5.119999870657921,4,4,0,0,40,0,0,40,1.84
390,24,0,0,0,8.191999979317188,4,4,0,0,40,0,0,40,3.09
390,24,0,1,0,62.463998794555664,4,4,0,0,40,0,0,40,3.09
390,24,0,2,0,9.216000325977802,4,4,0,0,40,0,0,40,3.09
390,24,0,3,0,4.095999989658594,4,4,0,0,40,0,0,40,3.09
390,40,0,0,1,51.19999870657921,4,4,0,0,40,0,0,40,2.531
390,40,0,1,1,78.84799689054489,4,4,0,0,40,0,0,40,2.531
390,40,0,2,1,8.191999979317188,4,4,0,0,40,0,0,40,2.531
390,40,0,3,1,4.095999989658594,4,4,0,0,40,0,0,40,2.531
391,2,0,0,0,1088.5119438171387,1,1,0,1,9,0,0,10,58.57
391,2,0,1,0,29.69600073993206,1,1,0,1,9,0,0,10,58.57
391,2,0,2,0,8.191999979317188,1,1,0,1,9,0,0,10,58.57
391,2,0,3,0,9.216000325977802,1,1,0,1,9,0,0,10,58.57
391,24,0,0,0,9.216000325977802,1,1,0,0,10,0,0,10,0.5
391,24,0,1,0,31.74399957060814,1,1,0,0,10,0,0,10,0.5
391,24,0,2,0,9.216000325977802,1,1,0,0,10,0,0,10,0.5
391,24,0,3,0,3.0720001086592674,1,1,0,0,10,0,0,10,0.5
391,40,0,0,1,8.191999979317188,1,1,0,0,10,0,0,10,0.531
391,40,0,1,1,34.81600061058998,1,1,0,0,10,0,0,10,0.531
391,40,0,2,1,9.216000325977802,1,1,0,0,10,0,0,10,0.531
391,40,0,3,1,4.095999989658594,1,1,0,0,10,0,0,10,0.531
392,2,0,0,0,9.216000325977802,3,3,0,0,30,0,0,30,1.76
392,2,0,1,0,66.56000018119812,3,3,0,0,30,0,0,30,1.76
392,2,0,2,0,8.191999979317188,3,3,0,0,30,0,0,30,1.76
392,2,0,3,0,5.119999870657921,3,3,0,0,30,0,0,30,1.76
392,24,0,0,0,1065.9840106964111,3,3,0,0,30,0,0,30,1.68
392,24,0,1,0,54.27199974656105,3,3,0,0,30,0,0,30,1.68
392,24,0,2,0,9.216000325977802,3,3,0,0,30,0,0,30,1.68
392,24,0,3,0,5.119999870657921,3,3,0,0,30,0,0,30,1.68
392,40,0,0,1,698.3680129051208,3,3,0,0,30,0,0,30,1.86
392,40,0,1,1,51.19999870657921,3,3,0,0,30,0,0,30,1.86
392,40,0,2,1,10.239999741315842,3,3,0,0,30,0,0,30,1.86
392,40,0,3,1,4.095999989658594,3,3,0,0,30,0,0,30,1.86
393,2,0,0,0,2785.2799892425537,3,3,0,1,29,0,0,30,49.8
393,2,0,1,0,65.5359998345375,3,3,0,1,29,0,0,30,49.8
393,2,0,2,0,9.216000325977802,3,3,0,1,29,0,0,30,49.8
393,2,0,3,0,6.144000217318535,3,3,0,1,29,0,0,30,49.8
393,24,0,0,0,8.191999979317188,3,3,0,0,30,0,0,30,0.989
393,24,0,1,0,57.34400078654289,3,3,0,0,30,0,0,30,0.989
393,24,0,2,0,9.216000325977802,3,3,0,0,30,0,0,30,0.989
393,24,0,3,0,5.119999870657921,3,3,0,0,30,0,0,30,0.989
393,40,0,0,1,9.216000325977802,3,3,0,0,30,0,0,30,2.08
393,40,0,1,1,48.128001391887665,3,3,0,0,30,0,0,30,2.08
393,40,0,2,1,9.216000325977802,3,3,0,0,30,0,0,30,2.08
393,40,0,3,1,4.095999989658594,3,3,0,0,30,0,0,30,2.08
394,2,0,0,0,15.359999611973763,2,2,0,0,20,0,0,20,1.211
394,2,0,1,0,53.247999399900436,2,2,0,0,20,0,0,20,1.211
394,2,0,2,0,9.216000325977802,2,2,0,0,20,0,0,20,1.211
394,2,0,3,0,5.119999870657921,2,2,0,0,20,0,0,20,1.211
394,24,0,0,0,8.191999979317188,2,2,0,0,20,0,0,20,0.84
394,24,0,1,0,37.88800165057182,2,2,0,0,20,0,0,20,0.84
394,24,0,2,0,8.191999979317188,2,2,0,0,20,0,0,20,0.84
394,24,0,3,0,4.095999989658594,2,2,0,0,20,0,0,20,0.84
394,40,0,0,1,16.383999958634377,2,2,0,0,20,0,0,20,0.769
394,40,0,1,1,46.08000069856644,2,2,0,0,20,0,0,20,0.769
394,40,0,2,1,10.239999741315842,2,2,0,0,20,0,0,20,0.769
394,40,0,3,1,4.095999989658594,2,2,0,0,20,0,0,20,0.769
395,2,0,0,0,9.216000325977802,4,4,0,5,35,0,0,40,147.909
395,2,0,1,0,72.7040022611618,4,4,0,5,35,0,0,40,147.909
395,2,0,2,0,8.191999979317188,4,4,0,5,35,0,0,40,147.909
395,2,0,3,0,58.36800113320351,4,4,0,5,35,0,0,40,147.909
395,24,0,0,0,9.216000325977802,4,4,0,0,40,0,0,40,3.17
395,24,0,1,0,62.463998794555664,4,4,0,0,40,0,0,40,3.17
395,24,0,2,0,9.216000325977802,4,4,0,0,40,0,0,40,3.17
395,24,0,3,0,4.095999989658594,4,4,0,0,40,0,0,40,3.17
395,40,0,0,1,9.216000325977802,4,4,0,0,40,0,0,40,1.949
395,40,0,1,1,59.39200147986412,4,4,0,0,40,0,0,40,1.949
395,40,0,2,1,9.216000325977802,4,4,0,0,40,0,0,40,1.949
395,40,0,3,1,4.095999989658594,4,4,0,0,40,0,0,40,1.949
396,2,0,0,0,8.191999979317188,4,4,0,1,39,0,0,40,69.679
396,2,0,1,0,80.89599758386612,4,4,0,1,39,0,0,40,69.679
396,2,0,2,0,8.191999979317188,4,4,0,1,39,0,0,40,69.679
396,2,0,3,0,7.168000098317862,4,4,0,1,39,0,0,40,69.679
396,24,0,0,0,8.191999979317188,4,4,0,1,39,0,0,40,58.42
396,24,0,1,0,67.58400052785873,4,4,0,1,39,0,0,40,58.42
396,24,0,2,0,9.216000325977802,4,4,0,1,39,0,0,40,58.42
396,24,0,3,0,4.095999989658594,4,4,0,1,39,0,0,40,58.42
396,40,0,0,1,10.239999741315842,4,4,0,0,40,0,0,40,1.54
396,40,0,1,1,50.175998359918594,4,4,0,0,40,0,0,40,1.54
396,40,0,2,1,8.191999979317188,4,4,0,0,40,0,0,40,1.54
396,40,0,3,1,4.095999989658594,4,4,0,0,40,0,0,40,1.54
397,2,0,0,0,9.216000325977802,3,3,0,1,29,0,0,30,72.319
397,2,0,1,0,55.296000093221664,3,3,0,1,29,0,0,30,72.319
397,2,0,2,0,9.216000325977802,3,3,0,1,29,0,0,30,72.319
397,2,0,3,0,5.119999870657921,3,3,0,1,29,0,0,30,72.319
397,24,0,0,0,9.216000325977802,3,3,0,1,29,0,0,30,49.43
397,24,0,1,0,52.22399905323982,3,3,0,1,29,0,0,30,49.43
397,24,0,2,0,8.191999979317188,3,3,0,1,29,0,0,30,49.43
397,24,0,3,0,4.095999989658594,3,3,0,1,29,0,0,30,49.43
397,40,0,0,1,9.216000325977802,3,3,0,0,30,0,0,30,1.38
397,40,0,1,1,58.36800113320351,3,3,0,0,30,0,0,30,1.38
397,40,0,2,1,10.239999741315842,3,3,0,0,30,0,0,30,1.38
397,40,0,3,1,4.095999989658594,3,3,0,0,30,0,0,30,1.38
398,2,0,0,0,9.216000325977802,1,1,0,0,10,0,0,10,0.589
398,2,0,1,0,31.74399957060814,1,1,0,0,10,0,0,10,0.589
398,2,0,2,0,9.216000325977802,1,1,0,0,10,0,0,10,0.589
398,2,0,3,0,4.095999989658594,1,1,0,0,10,0,0,10,0.589
398,24,0,0,0,9.216000325977802,1,1,0,0,10,0,0,10,1.18
398,24,0,1,0,30.719999223947525,1,1,0,0,10,0,0,10,1.18
398,24,0,2,0,8.191999979317188,1,1,0,0,10,0,0,10,1.18
398,24,0,3,0,4.095999989658594,1,1,0,0,10,0,0,10,1.18
398,40,0,0,1,10.239999741315842,1,1,0,0,10,0,0,10,0.4
398,40,0,1,1,34.81600061058998,1,1,0,0,10,0,0,10,0.4
398,40,0,2,1,9.216000325977802,1,1,0,0,10,0,0,10,0.4
398,40,0,3,1,4.095999989658594,1,1,0,0,10,0,0,10,0.4
399,2,0,0,0,8.191999979317188,4,4,0,3,37,0,0,40,156.74
399,2,0,1,0,73.72800260782242,4,4,0,3,37,0,0,40,156.74
399,2,0,2,0,9.216000325977802,4,4,0,3,37,0,0,40,156.74
399,2,0,3,0,62.463998794555664,4,4,0,3,37,0,0,40,156.74
399,24,0,0,0,15.359999611973763,4,4,0,1,39,0,0,40,64.94
399,24,0,1,0,65.5359998345375,4,4,0,1,39,0,0,40,64.94
399,24,0,2,0,9.216000325977802,4,4,0,1,39,0,0,40,64.94
399,24,0,3,0,4.095999989658594,4,4,0,1,39,0,0,40,64.94
399,40,0,0,1,10.239999741315842,4,4,0,0,40,0,0,40,2.35
399,40,0,1,1,64.51199948787689,4,4,0,0,40,0,0,40,2.35
399,40,0,2,1,9.216000325977802,4,4,0,0,40,0,0,40,2.35
399,40,0,3,1,4.095999989658594,4,4,0,0,40,0,0,40,2.35
400,2,0,0,0,16.383999958634377,4,4,0,1,39,0,0,40,54.549
400,2,0,1,0,71.68000191450119,4,4,0,1,39,0,0,40,54.549
400,2,0,2,0,9.216000325977802,4,4,0,1,39,0,0,40,54.549
400,2,0,3,0,6.144000217318535,4,4,0,1,39,0,0,40,54.549
400,24,0,0,0,325.6320059299469,4,4,0,1,39,0,0,40,71.44
400,24,0,1,0,58.36800113320351,4,4,0,1,39,0,0,40,71.44
400,24,0,2,0,8.191999979317188,4,4,0,1,39,0,0,40,71.44
400,24,0,3,0,4.095999989658594,4,4,0,1,39,0,0,40,71.44
400,40,0,0,1,9.216000325977802,4,4,0,0,40,0,0,40,3.969
400,40,0,1,1,50.175998359918594,4,4,0,0,40,0,0,40,3.969
400,40,0,2,1,9.216000325977802,4,4,0,0,40,0,0,40,3.969
400,40,0,3,1,4.095999989658594,4,4,0,0,40,0,0,40,3.969
401,2,0,0,0,8.191999979317188,1,1,0,2,8,0,0,10,101.219
401,2,0,1,0,26.623999699950218,1,1,0,2,8,0,0,10,101.219
401,2,0,2,0,9.216000325977802,1,1,0,2,8,0,0,10,101.219
401,2,0,3,0,52.22399905323982,1,1,0,2,8,0,0,10,101.219
401,24,0,0,0,9.216000325977802,1,1,0,0,10,0,0,10,0.62
401,24,0,1,0,31.74399957060814,1,1,0,0,10,0,0,10,0.62
401,24,0,2,0,9.216000325977802,1,1,0,0,10,0,0,10,0.62
401,24,0,3,0,4.095999989658594,1,1,0,0,10,0,0,10,0.62
401,40,0,0,1,9.216000325977802,1,1,0,0,10,0,0,10,1.86
401,40,0,1,1,34.81600061058998,1,1,0,0,10,0,0,10,1.86
401,40,0,2,1,9.216000325977802,1,1,0,0,10,0,0,10,1.86
401,40,0,3,1,5.119999870657921,1,1,0,0,10,0,0,10,1.86
402,2,0,0,0,14.336000196635723,4,4,0,0,40,0,0,40,2.031
402,2,0,1,0,74.75200295448303,4,4,0,0,40,0,0,40,2.031
402,2,0,2,0,9.216000325977802,4,4,0,0,40,0,0,40,2.031
402,2,0,3,0,6.144000217318535,4,4,0,0,40,0,0,40,2.031
402,24,0,0,0,17.40800030529499,4,4,0,2,38,0,0,40,101.529
402,24,0,1,0,69.63200122117996,4,4,0,2,38,0,0,40,101.529
402,24,0,2,0,9.216000325977802,4,4,0,2,38,0,0,40,101.529
402,24,0,3,0,12.28800043463707,4,4,0,2,38,0,0,40,101.529
402,40,0,0,1,9.216000325977802,4,4,0,0,40,0,0,40,2.42
402,40,0,1,1,91.13600105047226,4,4,0,0,40,0,0,40,2.42
402,40,0,2,1,9.216000325977802,4,4,0,0,40,0,0,40,2.42
402,40,0,3,1,4.095999989658594,4,4,0,0,40,0,0,40,2.42
403,2,0,0,0,8.191999979317188,4,4,0,1,39,0,0,40,67.93
403,2,0,1,0,93.18400174379349,4,4,0,1,39,0,0,40,67.93
403,2,0,2,0,9.216000325977802,4,4,0,1,39,0,0,40,67.93
403,2,0,3,0,6.144000217318535,4,4,0,1,39,0,0,40,67.93
403,24,0,0,0,9.216000325977802,4,4,0,1,39,0,0,40,62.919
403,24,0,1,0,83.96799862384796,4,4,0,1,39,0,0,40,62.919
403,24,0,2,0,9.216000325977802,4,4,0,1,39,0,0,40,62.919
403,24,0,3,0,4.095999989658594,4,4,0,1,39,0,0,40,62.919
403,40,0,0,1,16.383999958634377,4,4,0,1,39,0,0,40,69.88
403,40,0,1,1,73.72800260782242,4,4,0,1,39,0,0,40,69.88
403,40,0,2,1,9.216000325977802,4,4,0,1,39,0,0,40,69.88
403,40,0,3,1,4.095999989658594,4,4,0,1,39,0,0,40,69.88
404,2,0,0,0,14.336000196635723,4,4,0,0,40,0,0,40,3.03
404,2,0,1,0,90.11200070381165,4,4,0,0,40,0,0,40,3.03
404,2,0,2,0,9.216000325977802,4,4,0,0,40,0,0,40,3.03
404,2,0,3,0,5.119999870657921,4,4,0,0,40,0,0,40,3.03
404,24,0,0,0,8.191999979317188,4,4,0,0,40,0,0,40,1.91
404,24,0,1,0,71.68000191450119,4,4,0,0,40,0,0,40,1.91
404,24,0,2,0,8.191999979317188,4,4,0,0,40,0,0,40,1.91
404,24,0,3,0,4.095999989658594,4,4,0,0,40,0,0,40,1.91
404,40,0,0,1,15.359999611973763,4,4,0,0,40,0,0,40,2.59
404,40,0,1,1,67.58400052785873,4,4,0,0,40,0,0,40,2.59
404,40,0,2,1,9.216000325977802,4,4,0,0,40,0,0,40,2.59
404,40,0,3,1,4.095999989658594,4,4,0,0,40,0,0,40,2.59
405,2,0,0,0,9.216000325977802,4,4,0,2,38,0,0,40,66.18
405,2,0,1,0,65.5359998345375,4,4,0,2,38,0,0,40,66.18
405,2,0,2,0,9.216000325977802,4,4,0,2,38,0,0,40,66.18
405,2,0,3,0,5.119999870657921,4,4,0,2,38,0,0,40,66.18
405,24,0,0,0,8.191999979317188,4,4,0,3,37,0,0,40,106.949
405,24,0,1,0,76.80000364780426,4,4,0,3,37,0,0,40,106.949
405,24,0,2,0,9.216000325977802,4,4,0,3,37,0,0,40,106.949
405,24,0,3,0,8.191999979317188,4,4,0,3,37,0,0,40,106.949
405,40,0,0,1,15.359999611973763,4,4,0,0,40,0,0,40,12.74
405,40,0,1,1,73.72800260782242,4,4,0,0,40,0,0,40,12.74
405,40,0,2,1,8.191999979317188,4,4,0,0,40,0,0,40,12.74
405,40,0,3,1,3.0720001086592674,4,4,0,0,40,0,0,40,12.74
406,2,0,0,0,9.216000325977802,4,4,0,3,37,0,0,40,114.81
406,2,0,1,0,63.48799914121628,4,4,0,3,37,0,0,40,114.81
406,2,0,2,0,9.216000325977802,4,4,0,3,37,0,0,40,114.81
406,2,0,3,0,30.719999223947525,4,4,0,3,37,0,0,40,114.81
406,24,0,0,0,8.191999979317188,4,4,0,5,35,0,0,40,112.94
406,24,0,1,0,64.51199948787689,4,4,0,5,35,0,0,40,112.94
406,24,0,2,0,9.216000325977802,4,4,0,5,35,0,0,40,112.94
406,24,0,3,0,27.648000046610832,4,4,0,5,35,0,0,40,112.94
406,40,0,0,1,16.383999958634377,4,4,0,1,39,0,0,40,74.59
406,40,0,1,1,78.84799689054489,4,4,0,1,39,0,0,40,74.59
406,40,0,2,1,9.216000325977802,4,4,0,1,39,0,0,40,74.59
406,40,0,3,1,4.095999989658594,4,4,0,1,39,0,0,40,74.59
407,2,0,0,0,15.359999611973763,3,3,0,0,30,0,0,30,2.98
407,2,0,1,0,72.7040022611618,3,3,0,0,30,0,0,30,2.98
407,2,0,2,0,9.216000325977802,3,3,0,0,30,0,0,30,2.98
407,2,0,3,0,6.144000217318535,3,3,0,0,30,0,0,30,2.98
407,24,0,0,0,9.216000325977802,3,3,0,0,30,0,0,30,1.65
407,24,0,1,0,65.5359998345375,3,3,0,0,30,0,0,30,1.65
407,24,0,2,0,9.216000325977802,3,3,0,0,30,0,0,30,1.65
407,24,0,3,0,4.095999989658594,3,3,0,0,30,0,0,30,1.65
407,40,0,0,1,9.216000325977802,3,3,0,0,30,0,0,30,1.33
407,40,0,1,1,60.416001826524734,3,3,0,0,30,0,0,30,1.33
407,40,0,2,1,10.239999741315842,3,3,0,0,30,0,0,30,1.33
407,40,0,3,1,4.095999989658594,3,3,0,0,30,0,0,30,1.33
408,2,0,0,0,9.216000325977802,4,4,0,2,38,0,0,40,88.47
408,2,0,1,0,67.58400052785873,4,4,0,2,38,0,0,40,88.47
408,2,0,2,0,9.216000325977802,4,4,0,2,38,0,0,40,88.47
408,2,0,3,0,5.119999870657921,4,4,0,2,38,0,0,40,88.47
408,24,0,0,0,7.168000098317862,4,4,0,0,40,0,0,40,1.6
408,24,0,1,0,61.43999844789505,4,4,0,0,40,0,0,40,1.6
408,24,0,2,0,10.239999741315842,4,4,0,0,40,0,0,40,1.6
408,24,0,3,0,4.095999989658594,4,4,0,0,40,0,0,40,1.6
408,40,0,0,1,10.239999741315842,4,4,0,0,40,0,0,40,1.63
408,40,0,1,1,68.60800087451935,4,4,0,0,40,0,0,40,1.63
408,40,0,2,1,9.216000325977802,4,4,0,0,40,0,0,40,1.63
408,40,0,3,1,5.119999870657921,4,4,0,0,40,0,0,40,1.63
409,2,0,0,0,9.216000325977802,2,2,0,1,19,0,0,20,62.88
409,2,0,1,0,43.007999658584595,2,2,0,1,19,0,0,20,62.88
409,2,0,2,0,9.216000325977802,2,2,0,1,19,0,0,20,62.88
409,2,0,3,0,5.119999870657921,2,2,0,1,19,0,0,20,62.88
409,24,0,0,0,9.216000325977802,2,2,0,0,20,0,0,20,0.6
409,24,0,1,0,46.08000069856644,2,2,0,0,20,0,0,20,0.6
409,24,0,2,0,8.191999979317188,2,2,0,0,20,0,0,20,0.6
409,24,0,3,0,4.095999989658594,2,2,0,0,20,0,0,20,0.6
409,40,0,0,1,9.216000325977802,2,2,0,0,20,0,0,20,0.75
409,40,0,1,1,46.08000069856644,2,2,0,0,20,0,0,20,0.75
409,40,0,2,1,9.216000325977802,2,2,0,0,20,0,0,20,0.75
409,40,0,3,1,4.095999989658594,2,2,0,0,20,0,0,20,0.75
410,2,0,0,0,15.359999611973763,3,3,0,0,30,0,0,30,2.429
410,2,0,1,0,65.5359998345375,3,3,0,0,30,0,0,30,2.429
410,2,0,2,0,9.216000325977802,3,3,0,0,30,0,0,30,2.429
410,2,0,3,0,5.119999870657921,3,3,0,0,30,0,0,30,2.429
410,24,0,0,0,9.216000325977802,3,3,0,0,30,0,0,30,2.08
410,24,0,1,0,54.27199974656105,3,3,0,0,30,0,0,30,2.08
410,24,0,2,0,8.191999979317188,3,3,0,0,30,0,0,30,2.08
410,24,0,3,0,4.095999989658594,3,3,0,0,30,0,0,30,2.08
410,40,0,0,1,9.216000325977802,3,3,0,0,30,0,0,30,1.12
410,40,0,1,1,47.10400104522705,3,3,0,0,30,0,0,30,1.12
410,40,0,2,1,10.239999741315842,3,3,0,0,30,0,0,30,1.12
410,40,0,3,1,4.095999989658594,3,3,0,0,30,0,0,30,1.12
411,2,0,0,0,13.311999849975109,4,4,0,0,40,0,0,40,1.99
411,2,0,1,0,83.96799862384796,4,4,0,0,40,0,0,40,1.99
411,2,0,2,0,9.216000325977802,4,4,0,0,40,0,0,40,1.99
411,2,0,3,0,5.119999870657921,4,4,0,0,40,0,0,40,1.99
411,24,0,0,0,9.216000325977802,4,4,0,0,40,0,0,40,1.62
411,24,0,1,0,56.32000043988228,4,4,0,0,40,0,0,40,1.62
411,24,0,2,0,9.216000325977802,4,4,0,0,40,0,0,40,1.62
411,24,0,3,0,5.119999870657921,4,4,0,0,40,0,0,40,1.62
411,40,0,0,1,9.216000325977802,4,4,0,0,40,0,0,40,1.471
411,40,0,1,1,58.36800113320351,4,4,0,0,40,0,0,40,1.471
411,40,0,2,1,9.216000325977802,4,4,0,0,40,0,0,40,1.471
411,40,0,3,1,4.095999989658594,4,4,0,0,40,0,0,40,1.471
412,2,0,0,0,8.191999979317188,4,4,0,1,39,0,0,40,77.449
412,2,0,1,0,79.8719972372055,4,4,0,1,39,0,0,40,77.449
412,2,0,2,0,9.216000325977802,4,4,0,1,39,0,0,40,77.449
412,2,0,3,0,6.144000217318535,4,4,0,1,39,0,0,40,77.449
412,24,0,0,0,9.216000325977802,4,4,0,0,40,0,0,40,1.68
412,24,0,1,0,66.56000018119812,4,4,0,0,40,0,0,40,1.68
412,24,0,2,0,9.216000325977802,4,4,0,0,40,0,0,40,1.68
412,24,0,3,0,4.095999989658594,4,4,0,0,40,0,0,40,1.68
412,40,0,0,1,9.216000325977802,4,4,0,0,40,0,0,40,3.27
412,40,0,1,1,68.60800087451935,4,4,0,0,40,0,0,40,3.27
412,40,0,2,1,9.216000325977802,4,4,0,0,40,0,0,40,3.27
412,40,0,3,1,5.119999870657921,4,4,0,0,40,0,0,40,3.27
413,2,0,0,0,9.216000325977802,4,4,0,0,40,0,0,40,1.709
413,2,0,1,0,89.08800035715103,4,4,0,0,40,0,0,40,1.709
413,2,0,2,0,9.216000325977802,4,4,0,0,40,0,0,40,1.709
413,2,0,3,0,5.119999870657921,4,4,0,0,40,0,0,40,1.709
413,24,0,0,0,8.191999979317188,4,4,0,0,40,0,0,40,1.529
413,24,0,1,0,63.48799914121628,4,4,0,0,40,0,0,40,1.529
413,24,0,2,0,9.216000325977802,4,4,0,0,40,0,0,40,1.529
413,24,0,3,0,4.095999989658594,4,4,0,0,40,0,0,40,1.529
413,40,0,0,1,8.191999979317188,4,4,0,0,40,0,0,40,1.38
413,40,0,1,1,58.36800113320351,4,4,0,0,40,0,0,40,1.38
413,40,0,2,1,9.216000325977802,4,4,0,0,40,0,0,40,1.38
413,40,0,3,1,4.095999989658594,4,4,0,0,40,0,0,40,1.38
414,2,0,0,0,8.191999979317188,4,4,0,1,39,0,0,40,87.109
414,2,0,1,0,77.82399654388428,4,4,0,1,39,0,0,40,87.109
414,2,0,2,0,9.216000325977802,4,4,0,1,39,0,0,40,87.109
414,2,0,3,0,8.191999979317188,4,4,0,1,39,0,0,40,87.109
414,24,0,0,0,8.191999979317188,4,4,0,0,40,0,0,40,3.06
414,24,0,1,0,64.51199948787689,4,4,0,0,40,0,0,40,3.06
414,24,0,2,0,9.216000325977802,4,4,0,0,40,0,0,40,3.06
414,24,0,3,0,4.095999989658594,4,4,0,0,40,0,0,40,3.06
414,40,0,0,1,9.216000325977802,4,4,0,0,40,0,0,40,2.68
414,40,0,1,1,64.51199948787689,4,4,0,0,40,0,0,40,2.68
414,40,0,2,1,9.216000325977802,4,4,0,0,40,0,0,40,2.68
414,40,0,3,1,4.095999989658594,4,4,0,0,40,0,0,40,2.68
415,2,0,0,0,15.359999611973763,4,4,0,0,40,0,0,40,1.62
415,2,0,1,0,65.5359998345375,4,4,0,0,40,0,0,40,1.62
415,2,0,2,0,9.216000325977802,4,4,0,0,40,0,0,40,1.62
415,2,0,3,0,4.095999989658594,4,4,0,0,40,0,0,40,1.62
415,24,0,0,0,8.191999979317188,4,4,0,0,40,0,0,40,1.47
415,24,0,1,0,50.175998359918594,4,4,0,0,40,0,0,40,1.47
415,24,0,2,0,9.216000325977802,4,4,0,0,40,0,0,40,1.47
415,24,0,3,0,4.095999989658594,4,4,0,0,40,0,0,40,1.47
415,40,0,0,1,1463.2960557937622,4,4,0,0,40,0,0,40,2.351
415,40,0,1,1,64.51199948787689,4,4,0,0,40,0,0,40,2.351
415,40,0,2,1,9.216000325977802,4,4,0,0,40,0,0,40,2.351
415,40,0,3,1,4.095999989658594,4,4,0,0,40,0,0,40,2.351
416,2,0,0,0,8.191999979317188,2,2,0,0,20,0,0,20,1.32
416,2,0,1,0,53.247999399900436,2,2,0,0,20,0,0,20,1.32
416,2,0,2,0,9.216000325977802,2,2,0,0,20,0,0,20,1.32
416,2,0,3,0,5.119999870657921,2,2,0,0,20,0,0,20,1.32
416,24,0,0,0,9.216000325977802,2,2,0,0,20,0,0,20,1.071
416,24,0,1,0,51.19999870657921,2,2,0,0,20,0,0,20,1.071
416,24,0,2,0,9.216000325977802,2,2,0,0,20,0,0,20,1.071
416,24,0,3,0,4.095999989658594,2,2,0,0,20,0,0,20,1.071
416,40,0,0,1,9.216000325977802,2,2,0,0,20,0,0,20,1.24
416,40,0,1,1,43.007999658584595,2,2,0,0,20,0,0,20,1.24
416,40,0,2,1,9.216000325977802,2,2,0,0,20,0,0,20,1.24
416,40,0,3,1,4.095999989658594,2,2,0,0,20,0,0,20,1.24
417,2,0,0,0,8.191999979317188,4,4,0,1,39,0,0,40,68.41
417,2,0,1,0,77.82399654388428,4,4,0,1,39,0,0,40,68.41
417,2,0,2,0,9.216000325977802,4,4,0,1,39,0,0,40,68.41
417,2,0,3,0,6.144000217318535,4,4,0,1,39,0,0,40,68.41
417,24,0,0,0,8.191999979317188,4,4,0,0,40,0,0,40,1.93
417,24,0,1,0,62.463998794555664,4,4,0,0,40,0,0,40,1.93
417,24,0,2,0,9.216000325977802,4,4,0,0,40,0,0,40,1.93
417,24,0,3,0,4.095999989658594,4,4,0,0,40,0,0,40,1.93
417,40,0,0,1,9.216000325977802,4,4,0,0,40,0,0,40,1.87
417,40,0,1,1,67.58400052785873,4,4,0,0,40,0,0,40,1.87
417,40,0,2,1,9.216000325977802,4,4,0,0,40,0,0,40,1.87
417,40,0,3,1,4.095999989658594,4,4,0,0,40,0,0,40,1.87
418,2,0,0,0,9.216000325977802,4,4,0,0,40,0,0,40,3.809
418,2,0,1,0,80.89599758386612,4,4,0,0,40,0,0,40,3.809
418,2,0,2,0,9.216000325977802,4,4,0,0,40,0,0,40,3.809
418,2,0,3,0,5.119999870657921,4,4,0,0,40,0,0,40,3.809
418,24,0,0,0,8.191999979317188,4,4,0,0,40,0,0,40,1.69
418,24,0,1,0,63.48799914121628,4,4,0,0,40,0,0,40,1.69
418,24,0,2,0,9.216000325977802,4,4,0,0,40,0,0,40,1.69
418,24,0,3,0,4.095999989658594,4,4,0,0,40,0,0,40,1.69
418,40,0,0,1,9.216000325977802,4,4,0,0,40,0,0,40,1.81
418,40,0,1,1,61.43999844789505,4,4,0,0,40,0,0,40,1.81
418,40,0,2,1,9.216000325977802,4,4,0,0,40,0,0,40,1.81
418,40,0,3,1,4.095999989658594,4,4,0,0,40,0,0,40,1.81
419,2,0,0,0,16.383999958634377,3,3,0,0,30,0,0,30,1.48
419,2,0,1,0,61.43999844789505,3,3,0,0,30,0,0,30,1.48
419,2,0,2,0,9.216000325977802,3,3,0,0,30,0,0,30,1.48
419,2,0,3,0,5.119999870657921,3,3,0,0,30,0,0,30,1.48
419,24,0,0,0,9.216000325977802,3,3,0,0,30,0,0,30,1.529
419,24,0,1,0,61.43999844789505,3,3,0,0,30,0,0,30,1.529
419,24,0,2,0,9.216000325977802,3,3,0,0,30,0,0,30,1.529
419,24,0,3,0,4.095999989658594,3,3,0,0,30,0,0,30,1.529
419,40,0,0,1,9.216000325977802,3,3,0,0,30,0,0,30,1.531
419,40,0,1,1,47.10400104522705,3,3,0,0,30,0,0,30,1.531
419,40,0,2,1,9.216000325977802,3,3,0,0,30,0,0,30,1.531
419,40,0,3,1,4.095999989658594,3,3,0,0,30,0,0,30,1.531
420,2,0,0,0,14.336000196635723,4,4,0,0,40,0,0,40,2.0
420,2,0,1,0,67.58400052785873,4,4,0,0,40,0,0,40,2.0
420,2,0,2,0,8.191999979317188,4,4,0,0,40,0,0,40,2.0
420,2,0,3,0,5.119999870657921,4,4,0,0,40,0,0,40,2.0
420,24,0,0,0,8.191999979317188,4,4,0,0,40,0,0,40,3.02
420,24,0,1,0,70.65600156784058,4,4,0,0,40,0,0,40,3.02
420,24,0,2,0,9.216000325977802,4,4,0,0,40,0,0,40,3.02
420,24,0,3,0,4.095999989658594,4,4,0,0,40,0,0,40,3.02
420,40,0,0,1,9.216000325977802,4,4,0,0,40,0,0,40,2.55
420,40,0,1,1,83.96799862384796,4,4,0,0,40,0,0,40,2.55
420,40,0,2,1,9.216000325977802,4,4,0,0,40,0,0,40,2.55
420,40,0,3,1,4.095999989658594,4,4,0,0,40,0,0,40,2.55
421,2,0,0,0,8.191999979317188,4,4,0,1,39,0,0,40,63.889
421,2,0,1,0,92.16000139713287,4,4,0,1,39,0,0,40,63.889
421,2,0,2,0,9.216000325977802,4,4,0,1,39,0,0,40,63.889
421,2,0,3,0,5.119999870657921,4,4,0,1,39,0,0,40,63.889
421,24,0,0,0,9.216000325977802,4,4,0,0,40,0,0,40,1.62
421,24,0,1,0,77.82399654388428,4,4,0,0,40,0,0,40,1.62
421,24,0,2,0,9.216000325977802,4,4,0,0,40,0,0,40,1.62
421,24,0,3,0,4.095999989658594,4,4,0,0,40,0,0,40,1.62
421,40,0,0,1,9.216000325977802,4,4,0,1,39,0,0,40,88.4
421,40,0,1,1,74.75200295448303,4,4,0,1,39,0,0,40,88.4
421,40,0,2,1,8.191999979317188,4,4,0,1,39,0,0,40,88.4
421,40,0,3,1,4.095999989658594,4,4,0,1,39,0,0,40,88.4
422,2,0,0,0,14.336000196635723,4,4,0,0,40,0,0,40,1.9
422,2,0,1,0,82.94399827718735,4,4,0,0,40,0,0,40,1.9
422,2,0,2,0,9.216000325977802,4,4,0,0,40,0,0,40,1.9
422,2,0,3,0,7.168000098317862,4,4,0,0,40,0,0,40,1.9
422,24,0,0,0,9.216000325977802,4,4,0,0,40,0,0,40,2.589
422,24,0,1,0,71.68000191450119,4,4,0,0,40,0,0,40,2.589
422,24,0,2,0,9.216000325977802,4,4,0,0,40,0,0,40,2.589
422,24,0,3,0,4.095999989658594,4,4,0,0,40,0,0,40,2.589
422,40,0,0,1,8.191999979317188,4,4,0,0,40,0,0,40,1.71
422,40,0,1,1,84.99199897050858,4,4,0,0,40,0,0,40,1.71
422,40,0,2,1,9.216000325977802,4,4,0,0,40,0,0,40,1.71
422,40,0,3,1,4.095999989658594,4,4,0,0,40,0,0,40,1.71
423,2,0,0,0,14.336000196635723,4,4,0,0,40,0,0,40,1.64
423,2,0,1,0,58.36800113320351,4,4,0,0,40,0,0,40,1.64
423,2,0,2,0,8.191999979317188,4,4,0,0,40,0,0,40,1.64
423,2,0,3,0,5.119999870657921,4,4,0,0,40,0,0,40,1.64
423,24,0,0,0,8.191999979317188,4,4,0,1,39,0,0,40,167.199
423,24,0,1,0,58.36800113320351,4,4,0,1,39,0,0,40,167.199
423,24,0,2,0,8.191999979317188,4,4,0,1,39,0,0,40,167.199
423,24,0,3,0,87.0399996638298,4,4,0,1,39,0,0,40,167.199
423,40,0,0,1,9.216000325977802,4,4,0,2,38,0,0,40,136.05
423,40,0,1,1,92.16000139713287,4,4,0,2,38,0,0,40,136.05
423,40,0,2,1,9.216000325977802,4,4,0,2,38,0,0,40,136.05
423,40,0,3,1,24.57600086927414,4,4,0,2,38,0,0,40,136.05
424,2,0,0,0,15.359999611973763,4,4,0,1,39,0,0,40,70.409
424,2,0,1,0,73.72800260782242,4,4,0,1,39,0,0,40,70.409
424,2,0,2,0,9.216000325977802,4,4,0,1,39,0,0,40,70.409
424,2,0,3,0,7.168000098317862,4,4,0,1,39,0,0,40,70.409
424,24,0,0,0,8.191999979317188,4,4,0,0,40,0,0,40,2.58
424,24,0,1,0,60.416001826524734,4,4,0,0,40,0,0,40,2.58
424,24,0,2,0,9.216000325977802,4,4,0,0,40,0,0,40,2.58
424,24,0,3,0,4.095999989658594,4,4,0,0,40,0,0,40,2.58
424,40,0,0,1,16.383999958634377,4,4,0,1,39,0,0,40,75.77
424,40,0,1,1,74.75200295448303,4,4,0,1,39,0,0,40,75.77
424,40,0,2,1,9.216000325977802,4,4,0,1,39,0,0,40,75.77
424,40,0,3,1,4.095999989658594,4,4,0,1,39,0,0,40,75.77
425,2,0,0,0,14.336000196635723,4,4,0,0,40,0,0,40,1.74
425,2,0,1,0,86.01599931716919,4,4,0,0,40,0,0,40,1.74
425,2,0,2,0,9.216000325977802,4,4,0,0,40,0,0,40,1.74
425,2,0,3,0,5.119999870657921,4,4,0,0,40,0,0,40,1.74
425,24,0,0,0,8.191999979317188,4,4,0,2,38,0,0,40,99.809
425,24,0,1,0,64.51199948787689,4,4,0,2,38,0,0,40,99.809
425,24,0,2,0,8.191999979317188,4,4,0,2,38,0,0,40,99.809
425,24,0,3,0,16.383999958634377,4,4,0,2,38,0,0,40,99.809
425,40,0,0,1,8.191999979317188,4,4,0,3,37,0,0,40,258.549
425,40,0,1,1,80.89599758386612,4,4,0,3,37,0,0,40,258.549
425,40,0,2,1,8.191999979317188,4,4,0,3,37,0,0,40,258.549
425,40,0,3,1,156.67200088500977,4,4,0,3,37,0,0,40,258.549
426,2,0,0,0,14.336000196635723,4,4,0,0,40,0,0,40,1.729
426,2,0,1,0,72.7040022611618,4,4,0,0,40,0,0,40,1.729
426,2,0,2,0,9.216000325977802,4,4,0,0,40,0,0,40,1.729
426,2,0,3,0,5.119999870657921,4,4,0,0,40,0,0,40,1.729
426,24,0,0,0,8.191999979317188,4,4,0,1,39,0,0,40,54.269
426,24,0,1,0,63.48799914121628,4,4,0,1,39,0,0,40,54.269
426,24,0,2,0,8.191999979317188,4,4,0,1,39,0,0,40,54.269
426,24,0,3,0,4.095999989658594,4,4,0,1,39,0,0,40,54.269
426,40,0,0,1,9.216000325977802,4,4,0,2,38,0,0,40,101.91
426,40,0,1,1,63.48799914121628,4,4,0,2,38,0,0,40,101.91
426,40,0,2,1,9.216000325977802,4,4,0,2,38,0,0,40,101.91
426,40,0,3,1,14.336000196635723,4,4,0,2,38,0,0,40,101.91
427,2,0,0,0,9.216000325977802,1,1,0,0,10,0,0,10,0.509
427,2,0,1,0,31.74399957060814,1,1,0,0,10,0,0,10,0.509
427,2,0,2,0,8.191999979317188,1,1,0,0,10,0,0,10,0.509
427,2,0,3,0,4.095999989658594,1,1,0,0,10,0,0,10,0.509
427,24,0,0,0,8.191999979317188,1,1,0,0,10,0,0,10,0.45
427,24,0,1,0,31.74399957060814,1,1,0,0,10,0,0,10,0.45
427,24,0,2,0,8.191999979317188,1,1,0,0,10,0,0,10,0.45
427,24,0,3,0,4.095999989658594,1,1,0,0,10,0,0,10,0.45
427,40,0,0,1,8.191999979317188,1,1,0,0,10,0,0,10,2.28
427,40,0,1,1,35.840000957250595,1,1,0,0,10,0,0,10,2.28
427,40,0,2,1,9.216000325977802,1,1,0,0,10,0,0,10,2.28
427,40,0,3,1,4.095999989658594,1,1,0,0,10,0,0,10,2.28
428,2,0,0,0,14.336000196635723,4,4,0,0,40,0,0,40,2.071
428,2,0,1,0,81.91999793052673,4,4,0,0,40,0,0,40,2.071
428,2,0,2,0,8.191999979317188,4,4,0,0,40,0,0,40,2.071
428,2,0,3,0,5.119999870657921,4,4,0,0,40,0,0,40,2.071
428,24,0,0,0,8.191999979317188,4,4,0,0,40,0,0,40,1.53
428,24,0,1,0,78.84799689054489,4,4,0,0,40,0,0,40,1.53
428,24,0,2,0,9.216000325977802,4,4,0,0,40,0,0,40,1.53
428,24,0,3,0,3.0720001086592674,4,4,0,0,40,0,0,40,1.53
428,40,0,0,1,8.191999979317188,4,4,0,0,40,0,0,40,2.63
428,40,0,1,1,72.7040022611618,4,4,0,0,40,0,0,40,2.63
428,40,0,2,1,9.216000325977802,4,4,0,0,40,0,0,40,2.63
428,40,0,3,1,3.0720001086592674,4,4,0,0,40,0,0,40,2.63
429,2,0,0,0,15.359999611973763,3,3,0,0,30,0,0,30,1.21
429,2,0,1,0,56.32000043988228,3,3,0,0,30,0,0,30,1.21
429,2,0,2,0,9.216000325977802,3,3,0,0,30,0,0,30,1.21
429,2,0,3,0,6.144000217318535,3,3,0,0,30,0,0,30,1.21
429,24,0,0,0,15.359999611973763,3,3,0,0,30,0,0,30,1.04
429,24,0,1,0,51.19999870657921,3,3,0,0,30,0,0,30,1.04
429,24,0,2,0,8.191999979317188,3,3,0,0,30,0,0,30,1.04
429,24,0,3,0,3.0720001086592674,3,3,0,0,30,0,0,30,1.04
429,40,0,0,1,9.216000325977802,3,3,0,0,30,0,0,30,1.16
429,40,0,1,1,51.19999870657921,3,3,0,0,30,0,0,30,1.16
429,40,0,2,1,9.216000325977802,3,3,0,0,30,0,0,30,1.16
429,40,0,3,1,4.095999989658594,3,3,0,0,30,0,0,30,1.16
430,2,0,0,0,8.191999979317188,4,4,0,0,40,0,0,40,3.6
430,2,0,1,0,66.56000018119812,4,4,0,0,40,0,0,40,3.6
430,2,0,2,0,8.191999979317188,4,4,0,0,40,0,0,40,3.6
430,2,0,3,0,5.119999870657921,4,4,0,0,40,0,0,40,3.6
430,24,0,0,0,267.2640085220337,4,4,0,0,40,0,0,40,2.1
430,24,0,1,0,65.5359998345375,4,4,0,0,40,0,0,40,2.1
430,24,0,2,0,9.216000325977802,4,4,0,0,40,0,0,40,2.1
430,24,0,3,0,4.095999989658594,4,4,0,0,40,0,0,40,2.1
430,40,0,0,1,9.216000325977802,4,4,0,0,40,0,0,40,1.531
430,40,0,1,1,72.7040022611618,4,4,0,0,40,0,0,40,1.531
430,40,0,2,1,9.216000325977802,4,4,0,0,40,0,0,40,1.531
430,40,0,3,1,4.095999989658594,4,4,0,0,40,0,0,40,1.531
431,2,0,0,0,75.77600330114365,2,2,0,0,20,0,0,20,1.291
431,2,0,1,0,47.10400104522705,2,2,0,0,20,0,0,20,1.291
431,2,0,2,0,9.216000325977802,2,2,0,0,20,0,0,20,1.291
431,2,0,3,0,5.119999870657921,2,2,0,0,20,0,0,20,1.291
431,24,0,0,0,1149.9520540237427,2,2,0,0,20,0,0,20,1.28
431,24,0,1,0,48.128001391887665,2,2,0,0,20,0,0,20,1.28
431,24,0,2,0,8.191999979317188,2,2,0,0,20,0,0,20,1.28
431,24,0,3,0,4.095999989658594,2,2,0,0,20,0,0,20,1.28
431,40,0,0,1,9.216000325977802,2,2,0,0,20,0,0,20,0.651
431,40,0,1,1,60.416001826524734,2,2,0,0,20,0,0,20,0.651
431,40,0,2,1,9.216000325977802,2,2,0,0,20,0,0,20,0.651
431,40,0,3,1,5.119999870657921,2,2,0,0,20,0,0,20,0.651
432,2,0,0,0,9.216000325977802,3,3,0,1,29,0,0,30,72.63
432,2,0,1,0,61.43999844789505,3,3,0,1,29,0,0,30,72.63
432,2,0,2,0,9.216000325977802,3,3,0,1,29,0,0,30,72.63
432,2,0,3,0,6.144000217318535,3,3,0,1,29,0,0,30,72.63
432,24,0,0,0,15.359999611973763,3,3,0,0,30,0,0,30,1.33
432,24,0,1,0,64.51199948787689,3,3,0,0,30,0,0,30,1.33
432,24,0,2,0,8.191999979317188,3,3,0,0,30,0,0,30,1.33
432,24,0,3,0,4.095999989658594,3,3,0,0,30,0,0,30,1.33
432,40,0,0,1,9.216000325977802,3,3,0,0,30,0,0,30,1.16
432,40,0,1,1,49.15200173854828,3,3,0,0,30,0,0,30,1.16
432,40,0,2,1,9.216000325977802,3,3,0,0,30,0,0,30,1.16
432,40,0,3,1,4.095999989658594,3,3,0,0,30,0,0,30,1.16
433,2,0,0,0,10.239999741315842,1,1,0,0,10,0,0,10,0.44
433,2,0,1,0,31.74399957060814,1,1,0,0,10,0,0,10,0.44
433,2,0,2,0,8.191999979317188,1,1,0,0,10,0,0,10,0.44
433,2,0,3,0,4.095999989658594,1,1,0,0,10,0,0,10,0.44
433,24,0,0,0,8.191999979317188,1,1,0,0,10,0,0,10,0.391
433,24,0,1,0,31.74399957060814,1,1,0,0,10,0,0,10,0.391
433,24,0,2,0,9.216000325977802,1,1,0,0,10,0,0,10,0.391
433,24,0,3,0,4.095999989658594,1,1,0,0,10,0,0,10,0.391
433,40,0,0,1,8.191999979317188,1,1,0,0,10,0,0,10,0.45
433,40,0,1,1,33.79200026392937,1,1,0,0,10,0,0,10,0.45
433,40,0,2,1,9.216000325977802,1,1,0,0,10,0,0,10,0.45
433,40,0,3,1,4.095999989658594,1,1,0,0,10,0,0,10,0.45
434,2,0,0,0,14.336000196635723,4,4,0,0,40,0,0,40,1.65
434,2,0,1,0,75.77600330114365,4,4,0,0,40,0,0,40,1.65
434,2,0,2,0,8.191999979317188,4,4,0,0,40,0,0,40,1.65
434,2,0,3,0,5.119999870657921,4,4,0,0,40,0,0,40,1.65
434,24,0,0,0,8.191999979317188,4,4,0,0,40,0,0,40,1.711
434,24,0,1,0,64.51199948787689,4,4,0,0,40,0,0,40,1.711
434,24,0,2,0,9.216000325977802,4,4,0,0,40,0,0,40,1.711
434,24,0,3,0,5.119999870657921,4,4,0,0,40,0,0,40,1.711
434,40,0,0,1,16.383999958634377,4,4,0,1,39,0,0,40,67.431
434,40,0,1,1,55.296000093221664,4,4,0,1,39,0,0,40,67.431
434,40,0,2,1,9.216000325977802,4,4,0,1,39,0,0,40,67.431
434,40,0,3,1,4.095999989658594,4,4,0,1,39,0,0,40,67.431
435,2,0,0,0,26.623999699950218,3,3,0,0,30,0,0,30,1.58
435,2,0,1,0,64.51199948787689,3,3,0,0,30,0,0,30,1.58
435,2,0,2,0,8.191999979317188,3,3,0,0,30,0,0,30,1.58
435,2,0,3,0,7.168000098317862,3,3,0,0,30,0,0,30,1.58
435,24,0,0,0,9.216000325977802,3,3,0,0,30,0,0,30,2.709
435,24,0,1,0,60.416001826524734,3,3,0,0,30,0,0,30,2.709
435,24,0,2,0,8.191999979317188,3,3,0,0,30,0,0,30,2.709
435,24,0,3,0,4.095999989658594,3,3,0,0,30,0,0,30,2.709
435,40,0,0,1,9.216000325977802,3,3,0,0,30,0,0,30,0.92
435,40,0,1,1,64.51199948787689,3,3,0,0,30,0,0,30,0.92
435,40,0,2,1,9.216000325977802,3,3,0,0,30,0,0,30,0.92
435,40,0,3,1,5.119999870657921,3,3,0,0,30,0,0,30,0.92
436,2,0,0,0,13.311999849975109,4,4,0,0,40,0,0,40,1.68
436,2,0,1,0,87.0399996638298,4,4,0,0,40,0,0,40,1.68
436,2,0,2,0,9.216000325977802,4,4,0,0,40,0,0,40,1.68
436,2,0,3,0,5.119999870657921,4,4,0,0,40,0,0,40,1.68
436,24,0,0,0,8.191999979317188,4,4,0,1,39,0,0,40,164.108
436,24,0,1,0,73.72800260782242,4,4,0,1,39,0,0,40,164.108
436,24,0,2,0,9.216000325977802,4,4,0,1,39,0,0,40,164.108
436,24,0,3,0,69.63200122117996,4,4,0,1,39,0,0,40,164.108
436,40,0,0,1,9.216000325977802,4,4,0,0,40,0,0,40,1.56
436,40,0,1,1,69.63200122117996,4,4,0,0,40,0,0,40,1.56
436,40,0,2,1,9.216000325977802,4,4,0,0,40,0,0,40,1.56
436,40,0,3,1,4.095999989658594,4,4,0,0,40,0,0,40,1.56
437,2,0,0,0,13.311999849975109,4,4,0,0,40,0,0,40,1.65
437,2,0,1,0,70.65600156784058,4,4,0,0,40,0,0,40,1.65
437,2,0,2,0,9.216000325977802,4,4,0,0,40,0,0,40,1.65
437,2,0,3,0,6.144000217318535,4,4,0,0,40,0,0,40,1.65
437,24,0,0,0,8.191999979317188,4,4,0,0,40,0,0,40,1.57
437,24,0,1,0,63.48799914121628,4,4,0,0,40,0,0,40,1.57
437,24,0,2,0,8.191999979317188,4,4,0,0,40,0,0,40,1.57
437,24,0,3,0,4.095999989658594,4,4,0,0,40,0,0,40,1.57
437,40,0,0,1,15.359999611973763,4,4,0,1,39,0,0,40,75.66
437,40,0,1,1,71.68000191450119,4,4,0,1,39,0,0,40,75.66
437,40,0,2,1,9.216000325977802,4,4,0,1,39,0,0,40,75.66
437,40,0,3,1,4.095999989658594,4,4,0,1,39,0,0,40,75.66
438,2,0,0,0,15.359999611973763,4,4,0,0,40,0,0,40,1.571
438,2,0,1,0,84.99199897050858,4,4,0,0,40,0,0,40,1.571
438,2,0,2,0,9.216000325977802,4,4,0,0,40,0,0,40,1.571
438,2,0,3,0,5.119999870657921,4,4,0,0,40,0,0,40,1.571
438,24,0,0,0,9.216000325977802,4,4,0,0,40,0,0,40,1.52
438,24,0,1,0,78.84799689054489,4,4,0,0,40,0,0,40,1.52
438,24,0,2,0,8.191999979317188,4,4,0,0,40,0,0,40,1.52
438,24,0,3,0,4.095999989658594,4,4,0,0,40,0,0,40,1.52
438,40,0,0,1,9.216000325977802,4,4,0,2,38,0,0,40,116.68
438,40,0,1,1,79.8719972372055,4,4,0,2,38,0,0,40,116.68
438,40,0,2,1,10.239999741315842,4,4,0,2,38,0,0,40,116.68
438,40,0,3,1,13.311999849975109,4,4,0,2,38,0,0,40,116.68
439,2,0,0,0,2015.2320861816406,4,4,0,0,40,0,0,40,4.199
439,2,0,1,0,79.8719972372055,4,4,0,0,40,0,0,40,4.199
439,2,0,2,0,8.191999979317188,4,4,0,0,40,0,0,40,4.199
439,2,0,3,0,5.119999870657921,4,4,0,0,40,0,0,40,4.199
439,24,0,0,0,8.191999979317188,4,4,0,4,35,1,0,40,233.569
439,24,0,1,0,71.68000191450119,4,4,0,4,35,1,0,40,233.569
439,24,0,2,0,168.96000504493713,4,4,0,4,35,1,0,40,233.569
439,24,0,3,0,4.095999989658594,4,4,0,4,35,1,0,40,233.569
439,40,0,0,1,8.191999979317188,4,4,0,1,39,0,0,40,71.65
439,40,0,1,1,86.01599931716919,4,4,0,1,39,0,0,40,71.65
439,40,0,2,1,9.216000325977802,4,4,0,1,39,0,0,40,71.65
439,40,0,3,1,5.119999870657921,4,4,0,1,39,0,0,40,71.65
440,2,0,0,0,8.191999979317188,4,4,0,1,39,0,0,40,270.37
440,2,0,1,0,70.65600156784058,4,4,0,1,39,0,0,40,270.37
440,2,0,2,0,9.216000325977802,4,4,0,1,39,0,0,40,270.37
440,2,0,3,0,178.17600071430206,4,4,0,1,39,0,0,40,270.37
440,24,0,0,0,8.191999979317188,4,4,0,1,39,0,0,40,62.269
440,24,0,1,0,75.77600330114365,4,4,0,1,39,0,0,40,62.269
440,24,0,2,0,9.216000325977802,4,4,0,1,39,0,0,40,62.269
440,24,0,3,0,4.095999989658594,4,4,0,1,39,0,0,40,62.269
440,40,0,0,1,15.359999611973763,4,4,0,2,38,0,0,40,125.44
440,40,0,1,1,79.8719972372055,4,4,0,2,38,0,0,40,125.44
440,40,0,2,1,10.239999741315842,4,4,0,2,38,0,0,40,125.44
440,40,0,3,1,14.336000196635723,4,4,0,2,38,0,0,40,125.44
441,2,0,0,0,17.40800030529499,4,4,0,1,39,0,0,40,56.11
441,2,0,1,0,83.96799862384796,4,4,0,1,39,0,0,40,56.11
441,2,0,2,0,9.216000325977802,4,4,0,1,39,0,0,40,56.11
441,2,0,3,0,5.119999870657921,4,4,0,1,39,0,0,40,56.11
441,24,0,0,0,9.216000325977802,4,4,0,3,36,1,0,40,157.74
441,24,0,1,0,80.89599758386612,4,4,0,3,36,1,0,40,157.74
441,24,0,2,0,168.96000504493713,4,4,0,3,36,1,0,40,157.74
441,24,0,3,0,5.119999870657921,4,4,0,3,36,1,0,40,157.74
441,40,0,0,1,8.191999979317188,4,4,0,2,38,0,0,40,121.31
441,40,0,1,1,92.16000139713287,4,4,0,2,38,0,0,40,121.31
441,40,0,2,1,9.216000325977802,4,4,0,2,38,0,0,40,121.31
441,40,0,3,1,9.216000325977802,4,4,0,2,38,0,0,40,121.31
442,2,0,0,0,13.311999849975109,4,4,0,0,40,0,0,40,1.61
442,2,0,1,0,83.96799862384796,4,4,0,0,40,0,0,40,1.61
442,2,0,2,0,9.216000325977802,4,4,0,0,40,0,0,40,1.61
442,2,0,3,0,5.119999870657921,4,4,0,0,40,0,0,40,1.61
442,24,0,0,0,7.168000098317862,4,4,0,2,38,0,0,40,114.49
442,24,0,1,0,66.56000018119812,4,4,0,2,38,0,0,40,114.49
442,24,0,2,0,9.216000325977802,4,4,0,2,38,0,0,40,114.49
442,24,0,3,0,26.623999699950218,4,4,0,2,38,0,0,40,114.49
442,40,0,0,1,15.359999611973763,4,4,0,1,39,0,0,40,132.33
442,40,0,1,1,60.416001826524734,4,4,0,1,39,0,0,40,132.33
442,40,0,2,1,9.216000325977802,4,4,0,1,39,0,0,40,132.33
442,40,0,3,1,41.98399931192398,4,4,0,1,39,0,0,40,132.33
443,2,0,0,0,15.359999611973763,4,4,0,2,38,0,0,40,297.749
443,2,0,1,0,82.94399827718735,4,4,0,2,38,0,0,40,297.749
443,2,0,2,0,9.216000325977802,4,4,0,2,38,0,0,40,297.749
443,2,0,3,0,188.4160041809082,4,4,0,2,38,0,0,40,297.749
443,24,0,0,0,168.96000504493713,4,4,0,2,38,0,0,40,97.37
443,24,0,1,0,74.75200295448303,4,4,0,2,38,0,0,40,97.37
443,24,0,2,0,9.216000325977802,4,4,0,2,38,0,0,40,97.37
443,24,0,3,0,5.119999870657921,4,4,0,2,38,0,0,40,97.37
443,40,0,0,1,9.216000325977802,4,4,0,3,37,0,0,40,148.64
443,40,0,1,1,78.84799689054489,4,4,0,3,37,0,0,40,148.64
443,40,0,2,1,9.216000325977802,4,4,0,3,37,0,0,40,148.64
443,40,0,3,1,49.15200173854828,4,4,0,3,37,0,0,40,148.64
444,2,0,0,0,14.336000196635723,4,4,0,0,40,0,0,40,1.909
444,2,0,1,0,83.96799862384796,4,4,0,0,40,0,0,40,1.909
444,2,0,2,0,9.216000325977802,4,4,0,0,40,0,0,40,1.909
444,2,0,3,0,5.119999870657921,4,4,0,0,40,0,0,40,1.909
444,24,0,0,0,8.191999979317188,4,4,0,1,39,0,0,40,68.01
444,24,0,1,0,79.8719972372055,4,4,0,1,39,0,0,40,68.01
444,24,0,2,0,8.191999979317188,4,4,0,1,39,0,0,40,68.01
444,24,0,3,0,4.095999989658594,4,4,0,1,39,0,0,40,68.01
444,40,0,0,1,9.216000325977802,4,4,0,2,38,0,0,40,60.92
444,40,0,1,1,88.06400001049042,4,4,0,2,38,0,0,40,60.92
444,40,0,2,1,9.216000325977802,4,4,0,2,38,0,0,40,60.92
444,40,0,3,1,4.095999989658594,4,4,0,2,38,0,0,40,60.92
445,2,0,0,0,15.359999611973763,4,4,0,0,40,0,0,40,1.851
445,2,0,1,0,80.89599758386612,4,4,0,0,40,0,0,40,1.851
445,2,0,2,0,9.216000325977802,4,4,0,0,40,0,0,40,1.851
445,2,0,3,0,6.144000217318535,4,4,0,0,40,0,0,40,1.851
445,24,0,0,0,8.191999979317188,4,4,0,0,40,0,0,40,1.67
445,24,0,1,0,82.94399827718735,4,4,0,0,40,0,0,40,1.67
445,24,0,2,0,9.216000325977802,4,4,0,0,40,0,0,40,1.67
445,24,0,3,0,4.095999989658594,4,4,0,0,40,0,0,40,1.67
445,40,0,0,1,8.191999979317188,4,4,0,3,36,1,0,40,165.83
445,40,0,1,1,66.56000018119812,4,4,0,3,36,1,0,40,165.83
445,40,0,2,1,195.5839991569519,4,4,0,3,36,1,0,40,165.83
445,40,0,3,1,4.095999989658594,4,4,0,3,36,1,0,40,165.83
446,2,0,0,0,744.4480061531067,4,4,0,0,40,0,0,40,3.489
446,2,0,1,0,83.96799862384796,4,4,0,0,40,0,0,40,3.489
446,2,0,2,0,9.216000325977802,4,4,0,0,40,0,0,40,3.489
446,2,0,3,0,6.144000217318535,4,4,0,0,40,0,0,40,3.489
446,24,0,0,0,8.191999979317188,4,4,0,0,40,0,0,40,1.791
446,24,0,1,0,81.91999793052673,4,4,0,0,40,0,0,40,1.791
446,24,0,2,0,8.191999979317188,4,4,0,0,40,0,0,40,1.791
446,24,0,3,0,3.0720001086592674,4,4,0,0,40,0,0,40,1.791
446,40,0,0,1,16.383999958634377,4,4,0,1,39,0,0,40,65.84
446,40,0,1,1,87.0399996638298,4,4,0,1,39,0,0,40,65.84
446,40,0,2,1,9.216000325977802,4,4,0,1,39,0,0,40,65.84
446,40,0,3,1,4.095999989658594,4,4,0,1,39,0,0,40,65.84
447,2,0,0,0,15.359999611973763,4,4,0,0,40,0,0,40,1.84
447,2,0,1,0,79.8719972372055,4,4,0,0,40,0,0,40,1.84
447,2,0,2,0,9.216000325977802,4,4,0,0,40,0,0,40,1.84
447,2,0,3,0,6.144000217318535,4,4,0,0,40,0,0,40,1.84
447,24,0,0,0,8.191999979317188,4,4,0,2,38,0,0,40,109.59
447,24,0,1,0,78.84799689054489,4,4,0,2,38,0,0,40,109.59
447,24,0,2,0,9.216000325977802,4,4,0,2,38,0,0,40,109.59
447,24,0,3,0,9.216000325977802,4,4,0,2,38,0,0,40,109.59
447,40,0,0,1,16.383999958634377,4,4,0,3,37,0,0,40,119.61
447,40,0,1,1,76.80000364780426,4,4,0,3,37,0,0,40,119.61
447,40,0,2,1,9.216000325977802,4,4,0,3,37,0,0,40,119.61
447,40,0,3,1,14.336000196635723,4,4,0,3,37,0,0,40,119.61
448,2,0,0,0,14.336000196635723,4,4,0,0,40,0,0,40,3.07
448,2,0,1,0,71.68000191450119,4,4,0,0,40,0,0,40,3.07
448,2,0,2,0,8.191999979317188,4,4,0,0,40,0,0,40,3.07
448,2,0,3,0,5.119999870657921,4,4,0,0,40,0,0,40,3.07
448,24,0,0,0,9.216000325977802,4,4,0,0,40,0,0,40,1.4
448,24,0,1,0,78.84799689054489,4,4,0,0,40,0,0,40,1.4
448,24,0,2,0,9.216000325977802,4,4,0,0,40,0,0,40,1.4
448,24,0,3,0,4.095999989658594,4,4,0,0,40,0,0,40,1.4
448,40,0,0,1,15.359999611973763,4,4,0,1,39,0,0,40,72.739
448,40,0,1,1,83.96799862384796,4,4,0,1,39,0,0,40,72.739
448,40,0,2,1,9.216000325977802,4,4,0,1,39,0,0,40,72.739
448,40,0,3,1,4.095999989658594,4,4,0,1,39,0,0,40,72.739
449,2,0,0,0,13.311999849975109,4,4,0,0,40,0,0,40,3.82
449,2,0,1,0,73.72800260782242,4,4,0,0,40,0,0,40,3.82
449,2,0,2,0,9.216000325977802,4,4,0,0,40,0,0,40,3.82
449,2,0,3,0,7.168000098317862,4,4,0,0,40,0,0,40,3.82
449,24,0,0,0,8.191999979317188,4,4,0,0,40,0,0,40,2.82
449,24,0,1,0,78.84799689054489,4,4,0,0,40,0,0,40,2.82
449,24,0,2,0,9.216000325977802,4,4,0,0,40,0,0,40,2.82
449,24,0,3,0,4.095999989658594,4,4,0,0,40,0,0,40,2.82
449,40,0,0,1,9.216000325977802,4,4,0,0,40,0,0,40,1.88
449,40,0,1,1,60.416001826524734,4,4,0,0,40,0,0,40,1.88
449,40,0,2,1,10.239999741315842,4,4,0,0,40,0,0,40,1.88
449,40,0,3,1,4.095999989658594,4,4,0,0,40,0,0,40,1.88
450,2,0,0,0,3373.055934906006,4,4,0,0,40,0,0,40,4.16
450,2,0,1,0,70.65600156784058,4,4,0,0,40,0,0,40,4.16
450,2,0,2,0,8.191999979317188,4,4,0,0,40,0,0,40,4.16
450,2,0,3,0,7.168000098317862,4,4,0,0,40,0,0,40,4.16
450,24,0,0,0,8.191999979317188,4,4,0,0,40,0,0,40,1.39
450,24,0,1,0,63.48799914121628,4,4,0,0,40,0,0,40,1.39
450,24,0,2,0,8.191999979317188,4,4,0,0,40,0,0,40,1.39
450,24,0,3,0,4.095999989658594,4,4,0,0,40,0,0,40,1.39
450,40,0,0,1,8.191999979317188,4,4,0,0,40,0,0,40,3.18
450,40,0,1,1,65.5359998345375,4,4,0,0,40,0,0,40,3.18
450,40,0,2,1,8.191999979317188,4,4,0,0,40,0,0,40,3.18
450,40,0,3,1,4.095999989658594,4,4,0,0,40,0,0,40,3.18
451,2,0,0,0,14.336000196635723,4,4,0,0,40,0,0,40,3.52
451,2,0,1,0,76.80000364780426,4,4,0,0,40,0,0,40,3.52
451,2,0,2,0,9.216000325977802,4,4,0,0,40,0,0,40,3.52
451,2,0,3,0,5.119999870657921,4,4,0,0,40,0,0,40,3.52
451,24,0,0,0,8.191999979317188,4,4,0,3,37,0,0,40,142.87
451,24,0,1,0,79.8719972372055,4,4,0,3,37,0,0,40,142.87
451,24,0,2,0,8.191999979317188,4,4,0,3,37,0,0,40,142.87
451,24,0,3,0,39.93599861860275,4,4,0,3,37,0,0,40,142.87
451,40,0,0,1,10.239999741315842,4,4,0,0,40,0,0,40,1.63
451,40,0,1,1,92.16000139713287,4,4,0,0,40,0,0,40,1.63
451,40,0,2,1,9.216000325977802,4,4,0,0,40,0,0,40,1.63
451,40,0,3,1,3.0720001086592674,4,4,0,0,40,0,0,40,1.63
452,2,0,0,0,14.336000196635723,4,4,0,0,40,0,0,40,2.949
452,2,0,1,0,71.68000191450119,4,4,0,0,40,0,0,40,2.949
452,2,0,2,0,9.216000325977802,4,4,0,0,40,0,0,40,2.949
452,2,0,3,0,5.119999870657921,4,4,0,0,40,0,0,40,2.949
452,24,0,0,0,7.168000098317862,4,4,0,3,36,1,0,40,125.749
452,24,0,1,0,79.8719972372055,4,4,0,3,36,1,0,40,125.749
452,24,0,2,0,177.15199291706085,4,4,0,3,36,1,0,40,125.749
452,24,0,3,0,4.095999989658594,4,4,0,3,36,1,0,40,125.749
452,40,0,0,1,9.216000325977802,4,4,0,2,38,0,0,40,123.44
452,40,0,1,1,94.2080020904541,4,4,0,2,38,0,0,40,123.44
452,40,0,2,1,9.216000325977802,4,4,0,2,38,0,0,40,123.44
452,40,0,3,1,7.168000098317862,4,4,0,2,38,0,0,40,123.44
453,2,0,0,0,16.383999958634377,2,2,0,0,20,0,0,20,0.62
453,2,0,1,0,53.247999399900436,2,2,0,0,20,0,0,20,0.62
453,2,0,2,0,8.191999979317188,2,2,0,0,20,0,0,20,0.62
453,2,0,3,0,5.119999870657921,2,2,0,0,20,0,0,20,0.62
453,24,0,0,0,9.216000325977802,2,2,0,0,20,0,0,20,0.649
453,24,0,1,0,47.10400104522705,2,2,0,0,20,0,0,20,0.649
453,24,0,2,0,9.216000325977802,2,2,0,0,20,0,0,20,0.649
453,24,0,3,0,5.119999870657921,2,2,0,0,20,0,0,20,0.649
453,40,0,0,1,9.216000325977802,2,2,0,0,20,0,0,20,0.75
453,40,0,1,1,40.95999896526337,2,2,0,0,20,0,0,20,0.75
453,40,0,2,1,10.239999741315842,2,2,0,0,20,0,0,20,0.75
453,40,0,3,1,4.095999989658594,2,2,0,0,20,0,0,20,0.75
454,2,0,0,0,8.191999979317188,3,3,0,0,30,0,0,30,1.58
454,2,0,1,0,58.36800113320351,3,3,0,0,30,0,0,30,1.58
454,2,0,2,0,9.216000325977802,3,3,0,0,30,0,0,30,1.58
454,2,0,3,0,6.144000217318535,3,3,0,0,30,0,0,30,1.58
454,24,0,0,0,8.191999979317188,3,3,0,4,26,0,0,30,1170.435
454,24,0,1,0,44.03200000524521,3,3,0,4,26,0,0,30,1170.435
454,24,0,2,0,9.216000325977802,3,3,0,4,26,0,0,30,1170.435
454,24,0,3,0,1105.9199571609497,3,3,0,4,26,0,0,30,1170.435
454,40,0,0,1,11.264000087976456,3,3,0,0,30,0,0,30,1.109
454,40,0,1,1,51.19999870657921,3,3,0,0,30,0,0,30,1.109
454,40,0,2,1,9.216000325977802,3,3,0,0,30,0,0,30,1.109
454,40,0,3,1,4.095999989658594,3,3,0,0,30,0,0,30,1.109
455,2,0,0,0,9.216000325977802,2,2,0,0,20,0,0,20,0.93
455,2,0,1,0,47.10400104522705,2,2,0,0,20,0,0,20,0.93
455,2,0,2,0,9.216000325977802,2,2,0,0,20,0,0,20,0.93
455,2,0,3,0,6.144000217318535,2,2,0,0,20,0,0,20,0.93
455,24,0,0,0,9.216000325977802,2,2,0,2,18,0,0,20,82.51
455,24,0,1,0,40.95999896526337,2,2,0,2,18,0,0,20,82.51
455,24,0,2,0,9.216000325977802,2,2,0,2,18,0,0,20,82.51
455,24,0,3,0,20.479999482631683,2,2,0,2,18,0,0,20,82.51
455,40,0,0,1,11.264000087976456,2,2,0,0,20,0,0,20,0.66
455,40,0,1,1,48.128001391887665,2,2,0,0,20,0,0,20,0.66
455,40,0,2,1,9.216000325977802,2,2,0,0,20,0,0,20,0.66
455,40,0,3,1,4.095999989658594,2,2,0,0,20,0,0,20,0.66
456,2,0,0,0,14.336000196635723,4,4,0,1,39,0,0,40,70.23
456,2,0,1,0,82.94399827718735,4,4,0,1,39,0,0,40,70.23
456,2,0,2,0,9.216000325977802,4,4,0,1,39,0,0,40,70.23
456,2,0,3,0,5.119999870657921,4,4,0,1,39,0,0,40,70.23
456,24,0,0,0,8.191999979317188,4,4,0,0,40,0,0,40,1.62
456,24,0,1,0,68.60800087451935,4,4,0,0,40,0,0,40,1.62
456,24,0,2,0,9.216000325977802,4,4,0,0,40,0,0,40,1.62
456,24,0,3,0,4.095999989658594,4,4,0,0,40,0,0,40,1.62
456,40,0,0,1,9.216000325977802,4,4,0,0,40,0,0,40,2.0
456,40,0,1,1,57.34400078654289,4,4,0,0,40,0,0,40,2.0
456,40,0,2,1,8.191999979317188,4,4,0,0,40,0,0,40,2.0
456,40,0,3,1,4.095999989658594,4,4,0,0,40,0,0,40,2.0
457,2,0,0,0,15.359999611973763,4,4,0,0,40,0,0,40,1.66
457,2,0,1,0,91.13600105047226,4,4,0,0,40,0,0,40,1.66
457,2,0,2,0,9.216000325977802,4,4,0,0,40,0,0,40,1.66
457,2,0,3,0,5.119999870657921,4,4,0,0,40,0,0,40,1.66
457,24,0,0,0,3402.751922607422,4,4,0,1,39,0,0,40,72.64
457,24,0,1,0,70.65600156784058,4,4,0,1,39,0,0,40,72.64
457,24,0,2,0,9.216000325977802,4,4,0,1,39,0,0,40,72.64
457,24,0,3,0,4.095999989658594,4,4,0,1,39,0,0,40,72.64
457,40,0,0,1,440.3199851512909,4,4,0,0,40,0,0,40,10.41
457,40,0,1,1,94.2080020904541,4,4,0,0,40,0,0,40,10.41
457,40,0,2,1,9.216000325977802,4,4,0,0,40,0,0,40,10.41
457,40,0,3,1,4.095999989658594,4,4,0,0,40,0,0,40,10.41
458,2,0,0,0,14.336000196635723,4,4,0,0,40,0,0,40,2.949
458,2,0,1,0,90.11200070381165,4,4,0,0,40,0,0,40,2.949
458,2,0,2,0,9.216000325977802,4,4,0,0,40,0,0,40,2.949
458,2,0,3,0,7.168000098317862,4,4,0,0,40,0,0,40,2.949
458,24,0,0,0,8.191999979317188,4,4,0,0,40,0,0,40,1.411
458,24,0,1,0,80.89599758386612,4,4,0,0,40,0,0,40,1.411
458,24,0,2,0,9.216000325977802,4,4,0,0,40,0,0,40,1.411
458,24,0,3,0,4.095999989658594,4,4,0,0,40,0,0,40,1.411
458,40,0,0,1,9.216000325977802,4,4,0,0,40,0,0,40,1.44
458,40,0,1,1,102.39999741315842,4,4,0,0,40,0,0,40,1.44
458,40,0,2,1,9.216000325977802,4,4,0,0,40,0,0,40,1.44
458,40,0,3,1,4.095999989658594,4,4,0,0,40,0,0,40,1.44
459,2,0,0,0,14.336000196635723,4,4,0,0,40,0,0,40,2.98
459,2,0,1,0,88.06400001049042,4,4,0,0,40,0,0,40,2.98
459,2,0,2,0,9.216000325977802,4,4,0,0,40,0,0,40,2.98
459,2,0,3,0,5.119999870657921,4,4,0,0,40,0,0,40,2.98
459,24,0,0,0,8.191999979317188,4,4,0,0,40,0,0,40,1.66
459,24,0,1,0,84.99199897050858,4,4,0,0,40,0,0,40,1.66
459,24,0,2,0,9.216000325977802,4,4,0,0,40,0,0,40,1.66
459,24,0,3,0,4.095999989658594,4,4,0,0,40,0,0,40,1.66
459,40,0,0,1,9.216000325977802,4,4,0,1,39,0,0,40,87.311
459,40,0,1,1,83.96799862384796,4,4,0,1,39,0,0,40,87.311
459,40,0,2,1,9.216000325977802,4,4,0,1,39,0,0,40,87.311
459,40,0,3,1,4.095999989658594,4,4,0,1,39,0,0,40,87.311
460,2,0,0,0,9.216000325977802,4,4,0,0,40,0,0,40,3.089
460,2,0,1,0,76.80000364780426,4,4,0,0,40,0,0,40,3.089
460,2,0,2,0,9.216000325977802,4,4,0,0,40,0,0,40,3.089
460,2,0,3,0,8.191999979317188,4,4,0,0,40,0,0,40,3.089
460,24,0,0,0,2894.848108291626,4,4,0,0,40,0,0,40,1.99
460,24,0,1,0,56.32000043988228,4,4,0,0,40,0,0,40,1.99
460,24,0,2,0,9.216000325977802,4,4,0,0,40,0,0,40,1.99
460,24,0,3,0,4.095999989658594,4,4,0,0,40,0,0,40,1.99
460,40,0,0,1,15.359999611973763,4,4,0,0,40,0,0,40,1.92
460,40,0,1,1,56.32000043988228,4,4,0,0,40,0,0,40,1.92
460,40,0,2,1,9.216000325977802,4,4,0,0,40,0,0,40,1.92
460,40,0,3,1,4.095999989658594,4,4,0,0,40,0,0,40,1.92
461,2,0,0,0,9.216000325977802,1,1,0,0,10,0,0,10,0.411
461,2,0,1,0,31.74399957060814,1,1,0,0,10,0,0,10,0.411
461,2,0,2,0,9.216000325977802,1,1,0,0,10,0,0,10,0.411
461,2,0,3,0,6.144000217318535,1,1,0,0,10,0,0,10,0.411
461,24,0,0,0,9.216000325977802,1,1,0,0,10,0,0,10,0.509
461,24,0,1,0,32.76799991726875,1,1,0,0,10,0,0,10,0.509
461,24,0,2,0,9.216000325977802,1,1,0,0,10,0,0,10,0.509
461,24,0,3,0,4.095999989658594,1,1,0,0,10,0,0,10,0.509
461,40,0,0,1,10.239999741315842,1,1,0,0,10,0,0,10,0.74
461,40,0,1,1,34.81600061058998,1,1,0,0,10,0,0,10,0.74
461,40,0,2,1,8.191999979317188,1,1,0,0,10,0,0,10,0.74
461,40,0,3,1,3.0720001086592674,1,1,0,0,10,0,0,10,0.74
462,2,0,0,0,9.216000325977802,2,2,0,1,19,0,0,20,132.499
462,2,0,1,0,49.15200173854828,2,2,0,1,19,0,0,20,132.499
462,2,0,2,0,9.216000325977802,2,2,0,1,19,0,0,20,132.499
462,2,0,3,0,62.463998794555664,2,2,0,1,19,0,0,20,132.499
462,24,0,0,0,10.239999741315842,2,2,0,0,20,0,0,20,0.77
462,24,0,1,0,43.007999658584595,2,2,0,0,20,0,0,20,0.77
462,24,0,2,0,9.216000325977802,2,2,0,0,20,0,0,20,0.77
462,24,0,3,0,3.0720001086592674,2,2,0,0,20,0,0,20,0.77
462,40,0,0,1,13.311999849975109,2,2,0,0,20,0,0,20,0.66
462,40,0,1,1,45.05600035190582,2,2,0,0,20,0,0,20,0.66
462,40,0,2,1,10.239999741315842,2,2,0,0,20,0,0,20,0.66
462,40,0,3,1,4.095999989658594,2,2,0,0,20,0,0,20,0.66
463,2,0,0,0,9.216000325977802,2,2,0,0,20,0,0,20,2.149
463,2,0,1,0,49.15200173854828,2,2,0,0,20,0,0,20,2.149
463,2,0,2,0,8.191999979317188,2,2,0,0,20,0,0,20,2.149
463,2,0,3,0,7.168000098317862,2,2,0,0,20,0,0,20,2.149
463,24,0,0,0,8.191999979317188,2,2,0,0,20,0,0,20,0.731
463,24,0,1,0,46.08000069856644,2,2,0,0,20,0,0,20,0.731
463,24,0,2,0,8.191999979317188,2,2,0,0,20,0,0,20,0.731
463,24,0,3,0,4.095999989658594,2,2,0,0,20,0,0,20,0.731
463,40,0,0,1,9.216000325977802,2,2,0,0,20,0,0,20,0.84
463,40,0,1,1,45.05600035190582,2,2,0,0,20,0,0,20,0.84
463,40,0,2,1,9.216000325977802,2,2,0,0,20,0,0,20,0.84
463,40,0,3,1,4.095999989658594,2,2,0,0,20,0,0,20,0.84
464,2,0,0,0,9.216000325977802,1,1,0,1,9,0,0,10,55.93
464,2,0,1,0,29.69600073993206,1,1,0,1,9,0,0,10,55.93
464,2,0,2,0,10.239999741315842,1,1,0,1,9,0,0,10,55.93
464,2,0,3,0,5.119999870657921,1,1,0,1,9,0,0,10,55.93
464,24,0,0,0,8.191999979317188,1,1,0,0,10,0,0,10,0.38
464,24,0,1,0,31.74399957060814,1,1,0,0,10,0,0,10,0.38
464,24,0,2,0,9.216000325977802,1,1,0,0,10,0,0,10,0.38
464,24,0,3,0,4.095999989658594,1,1,0,0,10,0,0,10,0.38
464,40,0,0,1,9.216000325977802,1,1,0,0,10,0,0,10,0.471
464,40,0,1,1,34.81600061058998,1,1,0,0,10,0,0,10,0.471
464,40,0,2,1,9.216000325977802,1,1,0,0,10,0,0,10,0.471
464,40,0,3,1,4.095999989658594,1,1,0,0,10,0,0,10,0.471
465,2,0,0,0,8.191999979317188,1,1,0,0,10,0,0,10,0.38
465,2,0,1,0,31.74399957060814,1,1,0,0,10,0,0,10,0.38
465,2,0,2,0,8.191999979317188,1,1,0,0,10,0,0,10,0.38
465,2,0,3,0,5.119999870657921,1,1,0,0,10,0,0,10,0.38
465,24,0,0,0,10.239999741315842,1,1,0,0,10,0,0,10,0.41
465,24,0,1,0,31.74399957060814,1,1,0,0,10,0,0,10,0.41
465,24,0,2,0,9.216000325977802,1,1,0,0,10,0,0,10,0.41
465,24,0,3,0,4.095999989658594,1,1,0,0,10,0,0,10,0.41
465,40,0,0,1,9.216000325977802,1,1,0,0,10,0,0,10,0.46
465,40,0,1,1,34.81600061058998,1,1,0,0,10,0,0,10,0.46
465,40,0,2,1,9.216000325977802,1,1,0,0,10,0,0,10,0.46
465,40,0,3,1,4.095999989658594,1,1,0,0,10,0,0,10,0.46
466,2,0,0,0,15.359999611973763,4,4,0,0,40,0,0,40,3.57
466,2,0,1,0,86.01599931716919,4,4,0,0,40,0,0,40,3.57
466,2,0,2,0,9.216000325977802,4,4,0,0,40,0,0,40,3.57
466,2,0,3,0,5.119999870657921,4,4,0,0,40,0,0,40,3.57
466,24,0,0,0,8.191999979317188,4,4,0,0,40,0,0,40,1.64
466,24,0,1,0,70.65600156784058,4,4,0,0,40,0,0,40,1.64
466,24,0,2,0,9.216000325977802,4,4,0,0,40,0,0,40,1.64
466,24,0,3,0,4.095999989658594,4,4,0,0,40,0,0,40,1.64
466,40,0,0,1,9.216000325977802,4,4,0,0,40,0,0,40,1.571
466,40,0,1,1,69.63200122117996,4,4,0,0,40,0,0,40,1.571
466,40,0,2,1,9.216000325977802,4,4,0,0,40,0,0,40,1.571
466,40,0,3,1,4.095999989658594,4,4,0,0,40,0,0,40,1.571
467,2,0,0,0,9.216000325977802,2,2,0,0,20,0,0,20,0.84
467,2,0,1,0,53.247999399900436,2,2,0,0,20,0,0,20,0.84
467,2,0,2,0,9.216000325977802,2,2,0,0,20,0,0,20,0.84
467,2,0,3,0,5.119999870657921,2,2,0,0,20,0,0,20,0.84
467,24,0,0,0,8.191999979317188,2,2,0,0,20,0,0,20,0.6
467,24,0,1,0,45.05600035190582,2,2,0,0,20,0,0,20,0.6
467,24,0,2,0,9.216000325977802,2,2,0,0,20,0,0,20,0.6
467,24,0,3,0,4.095999989658594,2,2,0,0,20,0,0,20,0.6
467,40,0,0,1,9.216000325977802,2,2,0,0,20,0,0,20,0.7
467,40,0,1,1,55.296000093221664,2,2,0,0,20,0,0,20,0.7
467,40,0,2,1,9.216000325977802,2,2,0,0,20,0,0,20,0.7
467,40,0,3,1,4.095999989658594,2,2,0,0,20,0,0,20,0.7
468,2,0,0,0,15.359999611973763,3,3,0,0,30,0,0,30,1.31
468,2,0,1,0,60.416001826524734,3,3,0,0,30,0,0,30,1.31
468,2,0,2,0,8.191999979317188,3,3,0,0,30,0,0,30,1.31
468,2,0,3,0,6.144000217318535,3,3,0,0,30,0,0,30,1.31
468,24,0,0,0,9.216000325977802,3,3,0,0,30,0,0,30,1.24
468,24,0,1,0,57.34400078654289,3,3,0,0,30,0,0,30,1.24
468,24,0,2,0,9.216000325977802,3,3,0,0,30,0,0,30,1.24
468,24,0,3,0,3.0720001086592674,3,3,0,0,30,0,0,30,1.24
468,40,0,0,1,9.216000325977802,3,3,0,0,30,0,0,30,1.34
468,40,0,1,1,59.39200147986412,3,3,0,0,30,0,0,30,1.34
468,40,0,2,1,9.216000325977802,3,3,0,0,30,0,0,30,1.34
468,40,0,3,1,4.095999989658594,3,3,0,0,30,0,0,30,1.34
469,2,0,0,0,8.191999979317188,1,1,0,0,10,0,0,10,0.85
469,2,0,1,0,31.74399957060814,1,1,0,0,10,0,0,10,0.85
469,2,0,2,0,9.216000325977802,1,1,0,0,10,0,0,10,0.85
469,2,0,3,0,5.119999870657921,1,1,0,0,10,0,0,10,0.85
469,24,0,0,0,9.216000325977802,1,1,0,0,10,0,0,10,2.18
469,24,0,1,0,31.74399957060814,1,1,0,0,10,0,0,10,2.18
469,24,0,2,0,9.216000325977802,1,1,0,0,10,0,0,10,2.18
469,24,0,3,0,4.095999989658594,1,1,0,0,10,0,0,10,2.18
469,40,0,0,1,8.191999979317188,1,1,0,0,10,0,0,10,1.32
469,40,0,1,1,34.81600061058998,1,1,0,0,10,0,0,10,1.32
469,40,0,2,1,9.216000325977802,1,1,0,0,10,0,0,10,1.32
469,40,0,3,1,4.095999989658594,1,1,0,0,10,0,0,10,1.32
470,2,0,0,0,16.383999958634377,3,3,0,0,30,0,0,30,2.8
470,2,0,1,0,58.36800113320351,3,3,0,0,30,0,0,30,2.8
470,2,0,2,0,9.216000325977802,3,3,0,0,30,0,0,30,2.8
470,2,0,3,0,5.119999870657921,3,3,0,0,30,0,0,30,2.8
470,24,0,0,0,15.359999611973763,3,3,0,0,30,0,0,30,3.38
470,24,0,1,0,50.175998359918594,3,3,0,0,30,0,0,30,3.38
470,24,0,2,0,8.191999979317188,3,3,0,0,30,0,0,30,3.38
470,24,0,3,0,5.119999870657921,3,3,0,0,30,0,0,30,3.38
470,40,0,0,1,9.216000325977802,3,3,0,2,28,0,0,30,182.829
470,40,0,1,1,52.22399905323982,3,3,0,2,28,0,0,30,182.829
470,40,0,2,1,10.239999741315842,3,3,0,2,28,0,0,30,182.829
470,40,0,3,1,106.49599879980087,3,3,0,2,28,0,0,30,182.829
471,2,0,0,0,15.359999611973763,4,4,0,0,40,0,0,40,3.95
471,2,0,1,0,88.06400001049042,4,4,0,0,40,0,0,40,3.95
471,2,0,2,0,9.216000325977802,4,4,0,0,40,0,0,40,3.95
471,2,0,3,0,5.119999870657921,4,4,0,0,40,0,0,40,3.95
471,24,0,0,0,14.336000196635723,4,4,0,1,39,0,0,40,70.92
471,24,0,1,0,66.56000018119812,4,4,0,1,39,0,0,40,70.92
471,24,0,2,0,9.216000325977802,4,4,0,1,39,0,0,40,70.92
471,24,0,3,0,4.095999989658594,4,4,0,1,39,0,0,40,70.92
471,40,0,0,1,9.216000325977802,4,4,0,1,39,0,0,40,70.729
471,40,0,1,1,60.416001826524734,4,4,0,1,39,0,0,40,70.729
471,40,0,2,1,9.216000325977802,4,4,0,1,39,0,0,40,70.729
471,40,0,3,1,4.095999989658594,4,4,0,1,39,0,0,40,70.729
472,2,0,0,0,13.311999849975109,4,4,0,0,40,0,0,40,2.01
472,2,0,1,0,64.51199948787689,4,4,0,0,40,0,0,40,2.01
472,2,0,2,0,9.216000325977802,4,4,0,0,40,0,0,40,2.01
472,2,0,3,0,5.119999870657921,4,4,0,0,40,0,0,40,2.01
472,24,0,0,0,9.216000325977802,4,4,0,1,39,0,0,40,63.449
472,24,0,1,0,73.72800260782242,4,4,0,1,39,0,0,40,63.449
472,24,0,2,0,8.191999979317188,4,4,0,1,39,0,0,40,63.449
472,24,0,3,0,4.095999989658594,4,4,0,1,39,0,0,40,63.449
472,40,0,0,1,9.216000325977802,4,4,0,0,40,0,0,40,5.88
472,40,0,1,1,58.36800113320351,4,4,0,0,40,0,0,40,5.88
472,40,0,2,1,9.216000325977802,4,4,0,0,40,0,0,40,5.88
472,40,0,3,1,4.095999989658594,4,4,0,0,40,0,0,40,5.88
473,2,0,0,0,9.216000325977802,3,3,0,0,30,0,0,30,3.3
473,2,0,1,0,63.48799914121628,3,3,0,0,30,0,0,30,3.3
473,2,0,2,0,8.191999979317188,3,3,0,0,30,0,0,30,3.3
473,2,0,3,0,5.119999870657921,3,3,0,0,30,0,0,30,3.3
473,24,0,0,0,9.216000325977802,3,3,0,0,30,0,0,30,1.94
473,24,0,1,0,59.39200147986412,3,3,0,0,30,0,0,30,1.94
473,24,0,2,0,9.216000325977802,3,3,0,0,30,0,0,30,1.94
473,24,0,3,0,4.095999989658594,3,3,0,0,30,0,0,30,1.94
473,40,0,0,1,8.191999979317188,3,3,0,0,30,0,0,30,1.58
473,40,0,1,1,61.43999844789505,3,3,0,0,30,0,0,30,1.58
473,40,0,2,1,9.216000325977802,3,3,0,0,30,0,0,30,1.58
473,40,0,3,1,4.095999989658594,3,3,0,0,30,0,0,30,1.58
474,2,0,0,0,14.336000196635723,4,4,0,0,40,0,0,40,3.43
474,2,0,1,0,73.72800260782242,4,4,0,0,40,0,0,40,3.43
474,2,0,2,0,9.216000325977802,4,4,0,0,40,0,0,40,3.43
474,2,0,3,0,5.119999870657921,4,4,0,0,40,0,0,40,3.43
474,24,0,0,0,8.191999979317188,4,4,0,2,38,0,0,40,99.279
474,24,0,1,0,68.60800087451935,4,4,0,2,38,0,0,40,99.279
474,24,0,2,0,9.216000325977802,4,4,0,2,38,0,0,40,99.279
474,24,0,3,0,8.191999979317188,4,4,0,2,38,0,0,40,99.279
474,40,0,0,1,15.359999611973763,4,4,0,2,38,0,0,40,116.249
474,40,0,1,1,68.60800087451935,4,4,0,2,38,0,0,40,116.249
474,40,0,2,1,8.191999979317188,4,4,0,2,38,0,0,40,116.249
474,40,0,3,1,17.40800030529499,4,4,0,2,38,0,0,40,116.249
475,2,0,0,0,9.216000325977802,4,4,0,0,40,0,0,40,2.29
475,2,0,1,0,78.84799689054489,4,4,0,0,40,0,0,40,2.29
475,2,0,2,0,9.216000325977802,4,4,0,0,40,0,0,40,2.29
475,2,0,3,0,6.144000217318535,4,4,0,0,40,0,0,40,2.29
475,24,0,0,0,8.191999979317188,4,4,0,0,40,0,0,40,1.9
475,24,0,1,0,56.32000043988228,4,4,0,0,40,0,0,40,1.9
475,24,0,2,0,9.216000325977802,4,4,0,0,40,0,0,40,1.9
475,24,0,3,0,4.095999989658594,4,4,0,0,40,0,0,40,1.9
475,40,0,0,1,9.216000325977802,4,4,0,2,38,0,0,40,74.7
475,40,0,1,1,58.36800113320351,4,4,0,2,38,0,0,40,74.7
475,40,0,2,1,9.216000325977802,4,4,0,2,38,0,0,40,74.7
475,40,0,3,1,3.0720001086592674,4,4,0,2,38,0,0,40,74.7
476,2,0,0,0,8.191999979317188,4,4,0,1,39,0,0,40,54.75
476,2,0,1,0,82.94399827718735,4,4,0,1,39,0,0,40,54.75
476,2,0,2,0,9.216000325977802,4,4,0,1,39,0,0,40,54.75
476,2,0,3,0,5.119999870657921,4,4,0,1,39,0,0,40,54.75
476,24,0,0,0,8.191999979317188,4,4,0,2,38,0,0,40,90.159
476,24,0,1,0,61.43999844789505,4,4,0,2,38,0,0,40,90.159
476,24,0,2,0,10.239999741315842,4,4,0,2,38,0,0,40,90.159
476,24,0,3,0,7.168000098317862,4,4,0,2,38,0,0,40,90.159
476,40,0,0,1,9.216000325977802,4,4,0,0,40,0,0,40,1.4
476,40,0,1,1,54.27199974656105,4,4,0,0,40,0,0,40,1.4
476,40,0,2,1,9.216000325977802,4,4,0,0,40,0,0,40,1.4
476,40,0,3,1,3.0720001086592674,4,4,0,0,40,0,0,40,1.4
477,2,0,0,0,15.359999611973763,4,4,0,0,40,0,0,40,2.4
477,2,0,1,0,89.08800035715103,4,4,0,0,40,0,0,40,2.4
477,2,0,2,0,9.216000325977802,4,4,0,0,40,0,0,40,2.4
477,2,0,3,0,6.144000217318535,4,4,0,0,40,0,0,40,2.4
477,24,0,0,0,8.191999979317188,4,4,0,1,39,0,0,40,59.209
477,24,0,1,0,62.463998794555664,4,4,0,1,39,0,0,40,59.209
477,24,0,2,0,9.216000325977802,4,4,0,1,39,0,0,40,59.209
477,24,0,3,0,4.095999989658594,4,4,0,1,39,0,0,40,59.209
477,40,0,0,1,10.239999741315842,4,4,0,0,40,0,0,40,1.52
477,40,0,1,1,62.463998794555664,4,4,0,0,40,0,0,40,1.52
477,40,0,2,1,9.216000325977802,4,4,0,0,40,0,0,40,1.52
477,40,0,3,1,3.0720001086592674,4,4,0,0,40,0,0,40,1.52
478,2,0,0,0,2427.903890609741,2,2,0,0,20,0,0,20,1.39
478,2,0,1,0,44.03200000524521,2,2,0,0,20,0,0,20,1.39
478,2,0,2,0,9.216000325977802,2,2,0,0,20,0,0,20,1.39
478,2,0,3,0,8.191999979317188,2,2,0,0,20,0,0,20,1.39
478,24,0,0,0,8.191999979317188,2,2,0,1,19,0,0,20,41.151
478,24,0,1,0,41.98399931192398,2,2,0,1,19,0,0,20,41.151
478,24,0,2,0,8.191999979317188,2,2,0,1,19,0,0,20,41.151
478,24,0,3,0,4.095999989658594,2,2,0,1,19,0,0,20,41.151
478,40,0,0,1,9.216000325977802,2,2,0,0,20,0,0,20,1.979
478,40,0,1,1,41.98399931192398,2,2,0,0,20,0,0,20,1.979
478,40,0,2,1,9.216000325977802,2,2,0,0,20,0,0,20,1.979
478,40,0,3,1,4.095999989658594,2,2,0,0,20,0,0,20,1.979
479,2,0,0,0,15.359999611973763,4,4,0,0,40,0,0,40,3.52
479,2,0,1,0,91.13600105047226,4,4,0,0,40,0,0,40,3.52
479,2,0,2,0,9.216000325977802,4,4,0,0,40,0,0,40,3.52
479,2,0,3,0,5.119999870657921,4,4,0,0,40,0,0,40,3.52
479,24,0,0,0,8.191999979317188,4,4,0,2,38,0,0,40,100.58
479,24,0,1,0,67.58400052785873,4,4,0,2,38,0,0,40,100.58
479,24,0,2,0,9.216000325977802,4,4,0,2,38,0,0,40,100.58
479,24,0,3,0,11.264000087976456,4,4,0,2,38,0,0,40,100.58
479,40,0,0,1,912.3839735984802,4,4,0,1,39,0,0,40,71.809
479,40,0,1,1,76.80000364780426,4,4,0,1,39,0,0,40,71.809
479,40,0,2,1,9.216000325977802,4,4,0,1,39,0,0,40,71.809
479,40,0,3,1,4.095999989658594,4,4,0,1,39,0,0,40,71.809
480,2,0,0,0,8.191999979317188,4,4,0,1,39,0,0,40,71.911
480,2,0,1,0,83.96799862384796,4,4,0,1,39,0,0,40,71.911
480,2,0,2,0,8.191999979317188,4,4,0,1,39,0,0,40,71.911
480,2,0,3,0,5.119999870657921,4,4,0,1,39,0,0,40,71.911
480,24,0,0,0,8.191999979317188,4,4,0,0,40,0,0,40,2.94
480,24,0,1,0,64.51199948787689,4,4,0,0,40,0,0,40,2.94
480,24,0,2,0,9.216000325977802,4,4,0,0,40,0,0,40,2.94
480,24,0,3,0,4.095999989658594,4,4,0,0,40,0,0,40,2.94
480,40,0,0,1,8.191999979317188,4,4,0,0,40,0,0,40,1.54
480,40,0,1,1,71.68000191450119,4,4,0,0,40,0,0,40,1.54
480,40,0,2,1,9.216000325977802,4,4,0,0,40,0,0,40,1.54
480,40,0,3,1,4.095999989658594,4,4,0,0,40,0,0,40,1.54
481,2,0,0,0,8.191999979317188,4,4,0,2,38,0,0,40,102.27
481,2,0,1,0,81.91999793052673,4,4,0,2,38,0,0,40,102.27
481,2,0,2,0,9.216000325977802,4,4,0,2,38,0,0,40,102.27
481,2,0,3,0,6.144000217318535,4,4,0,2,38,0,0,40,102.27
481,24,0,0,0,8.191999979317188,4,4,0,0,40,0,0,40,1.58
481,24,0,1,0,66.56000018119812,4,4,0,0,40,0,0,40,1.58
481,24,0,2,0,9.216000325977802,4,4,0,0,40,0,0,40,1.58
481,24,0,3,0,4.095999989658594,4,4,0,0,40,0,0,40,1.58
481,40,0,0,1,10.239999741315842,4,4,0,0,40,0,0,40,2.56
481,40,0,1,1,70.65600156784058,4,4,0,0,40,0,0,40,2.56
481,40,0,2,1,9.216000325977802,4,4,0,0,40,0,0,40,2.56
481,40,0,3,1,4.095999989658594,4,4,0,0,40,0,0,40,2.56
482,2,0,0,0,9.216000325977802,4,4,0,1,39,0,0,40,58.47
482,2,0,1,0,76.80000364780426,4,4,0,1,39,0,0,40,58.47
482,2,0,2,0,9.216000325977802,4,4,0,1,39,0,0,40,58.47
482,2,0,3,0,5.119999870657921,4,4,0,1,39,0,0,40,58.47
482,24,0,0,0,8.191999979317188,4,4,0,0,40,0,0,40,2.211
482,24,0,1,0,81.91999793052673,4,4,0,0,40,0,0,40,2.211
482,24,0,2,0,9.216000325977802,4,4,0,0,40,0,0,40,2.211
482,24,0,3,0,4.095999989658594,4,4,0,0,40,0,0,40,2.211
482,40,0,0,1,10.239999741315842,4,4,0,0,40,0,0,40,1.5
482,40,0,1,1,73.72800260782242,4,4,0,0,40,0,0,40,1.5
482,40,0,2,1,9.216000325977802,4,4,0,0,40,0,0,40,1.5
482,40,0,3,1,5.119999870657921,4,4,0,0,40,0,0,40,1.5
483,2,0,0,0,9.216000325977802,2,2,0,0,20,0,0,20,0.87
483,2,0,1,0,51.19999870657921,2,2,0,0,20,0,0,20,0.87
483,2,0,2,0,9.216000325977802,2,2,0,0,20,0,0,20,0.87
483,2,0,3,0,7.168000098317862,2,2,0,0,20,0,0,20,0.87
483,24,0,0,0,9.216000325977802,2,2,0,0,20,0,0,20,2.42
483,24,0,1,0,40.95999896526337,2,2,0,0,20,0,0,20,2.42
483,24,0,2,0,8.191999979317188,2,2,0,0,20,0,0,20,2.42
483,24,0,3,0,4.095999989658594,2,2,0,0,20,0,0,20,2.42
483,40,0,0,1,8.191999979317188,2,2,0,0,20,0,0,20,2.34
483,40,0,1,1,45.05600035190582,2,2,0,0,20,0,0,20,2.34
483,40,0,2,1,9.216000325977802,2,2,0,0,20,0,0,20,2.34
483,40,0,3,1,4.095999989658594,2,2,0,0,20,0,0,20,2.34
484,2,0,0,0,13.311999849975109,4,4,0,0,40,0,0,40,1.971
484,2,0,1,0,79.8719972372055,4,4,0,0,40,0,0,40,1.971
484,2,0,2,0,8.191999979317188,4,4,0,0,40,0,0,40,1.971
484,2,0,3,0,6.144000217318535,4,4,0,0,40,0,0,40,1.971
484,24,0,0,0,9.216000325977802,4,4,0,0,40,0,0,40,1.629
484,24,0,1,0,66.56000018119812,4,4,0,0,40,0,0,40,1.629
484,24,0,2,0,9.216000325977802,4,4,0,0,40,0,0,40,1.629
484,24,0,3,0,4.095999989658594,4,4,0,0,40,0,0,40,1.629
484,40,0,0,1,9.216000325977802,4,4,0,0,40,0,0,40,1.711
484,40,0,1,1,74.75200295448303,4,4,0,0,40,0,0,40,1.711
484,40,0,2,1,9.216000325977802,4,4,0,0,40,0,0,40,1.711
484,40,0,3,1,4.095999989658594,4,4,0,0,40,0,0,40,1.711
485,2,0,0,0,8.191999979317188,1,1,0,0,10,0,0,10,0.46
485,2,0,1,0,31.74399957060814,1,1,0,0,10,0,0,10,0.46
485,2,0,2,0,9.216000325977802,1,1,0,0,10,0,0,10,0.46
485,2,0,3,0,5.119999870657921,1,1,0,0,10,0,0,10,0.46
485,24,0,0,0,10.239999741315842,1,1,0,0,10,0,0,10,0.36
485,24,0,1,0,31.74399957060814,1,1,0,0,10,0,0,10,0.36
485,24,0,2,0,9.216000325977802,1,1,0,0,10,0,0,10,0.36
485,24,0,3,0,4.095999989658594,1,1,0,0,10,0,0,10,0.36
485,40,0,0,1,7.168000098317862,1,1,0,0,10,0,0,10,0.44
485,40,0,1,1,34.81600061058998,1,1,0,0,10,0,0,10,0.44
485,40,0,2,1,9.216000325977802,1,1,0,0,10,0,0,10,0.44
485,40,0,3,1,5.119999870657921,1,1,0,0,10,0,0,10,0.44
486,2,0,0,0,15.359999611973763,4,4,0,0,40,0,0,40,2.98
486,2,0,1,0,84.99199897050858,4,4,0,0,40,0,0,40,2.98
486,2,0,2,0,9.216000325977802,4,4,0,0,40,0,0,40,2.98
486,2,0,3,0,5.119999870657921,4,4,0,0,40,0,0,40,2.98
486,24,0,0,0,8.191999979317188,4,4,0,1,39,0,0,40,74.089
486,24,0,1,0,76.80000364780426,4,4,0,1,39,0,0,40,74.089
486,24,0,2,0,9.216000325977802,4,4,0,1,39,0,0,40,74.089
486,24,0,3,0,5.119999870657921,4,4,0,1,39,0,0,40,74.089
486,40,0,0,1,15.359999611973763,4,4,0,0,40,0,0,40,1.949
486,40,0,1,1,94.2080020904541,4,4,0,0,40,0,0,40,1.949
486,40,0,2,1,9.216000325977802,4,4,0,0,40,0,0,40,1.949
486,40,0,3,1,4.095999989658594,4,4,0,0,40,0,0,40,1.949
487,2,0,0,0,8.191999979317188,4,4,0,1,39,0,0,40,78.02
487,2,0,1,0,78.84799689054489,4,4,0,1,39,0,0,40,78.02
487,2,0,2,0,8.191999979317188,4,4,0,1,39,0,0,40,78.02
487,2,0,3,0,5.119999870657921,4,4,0,1,39,0,0,40,78.02
487,24,0,0,0,8.191999979317188,4,4,0,2,38,0,0,40,105.14
487,24,0,1,0,68.60800087451935,4,4,0,2,38,0,0,40,105.14
487,24,0,2,0,9.216000325977802,4,4,0,2,38,0,0,40,105.14
487,24,0,3,0,15.359999611973763,4,4,0,2,38,0,0,40,105.14
487,40,0,0,1,10.239999741315842,4,4,0,0,40,0,0,40,1.75
487,40,0,1,1,74.75200295448303,4,4,0,0,40,0,0,40,1.75
487,40,0,2,1,9.216000325977802,4,4,0,0,40,0,0,40,1.75
487,40,0,3,1,4.095999989658594,4,4,0,0,40,0,0,40,1.75
488,2,0,0,0,8.191999979317188,4,4,0,2,38,0,0,40,122.439
488,2,0,1,0,70.65600156784058,4,4,0,2,38,0,0,40,122.439
488,2,0,2,0,8.191999979317188,4,4,0,2,38,0,0,40,122.439
488,2,0,3,0,30.719999223947525,4,4,0,2,38,0,0,40,122.439
488,24,0,0,0,678.9119839668274,4,4,0,0,40,0,0,40,2.89
488,24,0,1,0,88.06400001049042,4,4,0,0,40,0,0,40,2.89
488,24,0,2,0,9.216000325977802,4,4,0,0,40,0,0,40,2.89
488,24,0,3,0,4.095999989658594,4,4,0,0,40,0,0,40,2.89
488,40,0,0,1,8.191999979317188,4,4,0,1,39,0,0,40,72.63
488,40,0,1,1,79.8719972372055,4,4,0,1,39,0,0,40,72.63
488,40,0,2,1,9.216000325977802,4,4,0,1,39,0,0,40,72.63
488,40,0,3,1,4.095999989658594,4,4,0,1,39,0,0,40,72.63
489,2,0,0,0,14.336000196635723,4,4,0,0,40,0,0,40,1.991
489,2,0,1,0,87.0399996638298,4,4,0,0,40,0,0,40,1.991
489,2,0,2,0,9.216000325977802,4,4,0,0,40,0,0,40,1.991
489,2,0,3,0,5.119999870657921,4,4,0,0,40,0,0,40,1.991
489,24,0,0,0,8.191999979317188,4,4,0,0,40,0,0,40,1.57
489,24,0,1,0,86.01599931716919,4,4,0,0,40,0,0,40,1.57
489,24,0,2,0,9.216000325977802,4,4,0,0,40,0,0,40,1.57
489,24,0,3,0,4.095999989658594,4,4,0,0,40,0,0,40,1.57
489,40,0,0,1,9.216000325977802,4,4,0,0,40,0,0,40,1.75
489,40,0,1,1,73.72800260782242,4,4,0,0,40,0,0,40,1.75
489,40,0,2,1,9.216000325977802,4,4,0,0,40,0,0,40,1.75
489,40,0,3,1,5.119999870657921,4,4,0,0,40,0,0,40,1.75
490,2,0,0,0,8.191999979317188,2,2,0,0,20,0,0,20,0.98
490,2,0,1,0,53.247999399900436,2,2,0,0,20,0,0,20,0.98
490,2,0,2,0,9.216000325977802,2,2,0,0,20,0,0,20,0.98
490,2,0,3,0,4.095999989658594,2,2,0,0,20,0,0,20,0.98
490,24,0,0,0,9.216000325977802,2,2,0,0,20,0,0,20,0.77
490,24,0,1,0,47.10400104522705,2,2,0,0,20,0,0,20,0.77
490,24,0,2,0,9.216000325977802,2,2,0,0,20,0,0,20,0.77
490,24,0,3,0,5.119999870657921,2,2,0,0,20,0,0,20,0.77
490,40,0,0,1,9.216000325977802,2,2,0,0,20,0,0,20,0.62
490,40,0,1,1,52.22399905323982,2,2,0,0,20,0,0,20,0.62
490,40,0,2,1,9.216000325977802,2,2,0,0,20,0,0,20,0.62
490,40,0,3,1,4.095999989658594,2,2,0,0,20,0,0,20,0.62
491,2,0,0,0,2045.9520816802979,4,4,0,0,40,0,0,40,2.6
491,2,0,1,0,89.08800035715103,4,4,0,0,40,0,0,40,2.6
491,2,0,2,0,9.216000325977802,4,4,0,0,40,0,0,40,2.6
491,2,0,3,0,5.119999870657921,4,4,0,0,40,0,0,40,2.6
491,24,0,0,0,8.191999979317188,4,4,0,0,40,0,0,40,1.52
491,24,0,1,0,89.08800035715103,4,4,0,0,40,0,0,40,1.52
491,24,0,2,0,8.191999979317188,4,4,0,0,40,0,0,40,1.52
491,24,0,3,0,4.095999989658594,4,4,0,0,40,0,0,40,1.52
491,40,0,0,1,9.216000325977802,4,4,0,0,40,0,0,40,1.809
491,40,0,1,1,59.39200147986412,4,4,0,0,40,0,0,40,1.809
491,40,0,2,1,9.216000325977802,4,4,0,0,40,0,0,40,1.809
491,40,0,3,1,4.095999989658594,4,4,0,0,40,0,0,40,1.809
492,2,0,0,0,15.359999611973763,4,4,0,0,40,0,0,40,3.2
492,2,0,1,0,80.89599758386612,4,4,0,0,40,0,0,40,3.2
492,2,0,2,0,9.216000325977802,4,4,0,0,40,0,0,40,3.2
492,2,0,3,0,5.119999870657921,4,4,0,0,40,0,0,40,3.2
492,24,0,0,0,8.191999979317188,4,4,0,0,40,0,0,40,1.74
492,24,0,1,0,60.416001826524734,4,4,0,0,40,0,0,40,1.74
492,24,0,2,0,9.216000325977802,4,4,0,0,40,0,0,40,1.74
492,24,0,3,0,4.095999989658594,4,4,0,0,40,0,0,40,1.74
492,40,0,0,1,9.216000325977802,4,4,0,0,40,0,0,40,1.551
492,40,0,1,1,69.63200122117996,4,4,0,0,40,0,0,40,1.551
492,40,0,2,1,9.216000325977802,4,4,0,0,40,0,0,40,1.551
492,40,0,3,1,4.095999989658594,4,4,0,0,40,0,0,40,1.551
493,2,0,0,0,15.359999611973763,3,3,0,0,30,0,0,30,1.42
493,2,0,1,0,53.247999399900436,3,3,0,0,30,0,0,30,1.42
493,2,0,2,0,9.216000325977802,3,3,0,0,30,0,0,30,1.42
493,2,0,3,0,5.119999870657921,3,3,0,0,30,0,0,30,1.42
493,24,0,0,0,9.216000325977802,3,3,0,0,30,0,0,30,1.5
493,24,0,1,0,51.19999870657921,3,3,0,0,30,0,0,30,1.5
493,24,0,2,0,8.191999979317188,3,3,0,0,30,0,0,30,1.5
493,24,0,3,0,4.095999989658594,3,3,0,0,30,0,0,30,1.5
493,40,0,0,1,9.216000325977802,3,3,0,0,30,0,0,30,1.18
493,40,0,1,1,54.27199974656105,3,3,0,0,30,0,0,30,1.18
493,40,0,2,1,9.216000325977802,3,3,0,0,30,0,0,30,1.18
493,40,0,3,1,4.095999989658594,3,3,0,0,30,0,0,30,1.18
494,2,0,0,0,14.336000196635723,4,4,0,0,40,0,0,40,2.29
494,2,0,1,0,69.63200122117996,4,4,0,0,40,0,0,40,2.29
494,2,0,2,0,8.191999979317188,4,4,0,0,40,0,0,40,2.29
494,2,0,3,0,4.095999989658594,4,4,0,0,40,0,0,40,2.29
494,24,0,0,0,8.191999979317188,4,4,0,1,39,0,0,40,63.84
494,24,0,1,0,69.63200122117996,4,4,0,1,39,0,0,40,63.84
494,24,0,2,0,9.216000325977802,4,4,0,1,39,0,0,40,63.84
494,24,0,3,0,4.095999989658594,4,4,0,1,39,0,0,40,63.84
494,40,0,0,1,1156.0959815979004,4,4,0,0,40,0,0,40,2.2
494,40,0,1,1,75.77600330114365,4,4,0,0,40,0,0,40,2.2
494,40,0,2,1,9.216000325977802,4,4,0,0,40,0,0,40,2.2
494,40,0,3,1,4.095999989658594,4,4,0,0,40,0,0,40,2.2
495,2,0,0,0,14.336000196635723,4,4,0,0,40,0,0,40,1.951
495,2,0,1,0,81.91999793052673,4,4,0,0,40,0,0,40,1.951
495,2,0,2,0,8.191999979317188,4,4,0,0,40,0,0,40,1.951
495,2,0,3,0,5.119999870657921,4,4,0,0,40,0,0,40,1.951
495,24,0,0,0,9.216000325977802,4,4,0,0,40,0,0,40,2.22
495,24,0,1,0,62.463998794555664,4,4,0,0,40,0,0,40,2.22
495,24,0,2,0,9.216000325977802,4,4,0,0,40,0,0,40,2.22
495,24,0,3,0,4.095999989658594,4,4,0,0,40,0,0,40,2.22
495,40,0,0,1,3073.024034500122,4,4,0,2,38,0,0,40,161.709
495,40,0,1,1,73.72800260782242,4,4,0,2,38,0,0,40,161.709
495,40,0,2,1,8.191999979317188,4,4,0,2,38,0,0,40,161.709
495,40,0,3,1,69.63200122117996,4,4,0,2,38,0,0,40,161.709
496,2,0,0,0,14.336000196635723,4,4,0,0,40,0,0,40,1.7
496,2,0,1,0,83.96799862384796,4,4,0,0,40,0,0,40,1.7
496,2,0,2,0,9.216000325977802,4,4,0,0,40,0,0,40,1.7
496,2,0,3,0,7.168000098317862,4,4,0,0,40,0,0,40,1.7
496,24,0,0,0,8.191999979317188,4,4,0,0,40,0,0,40,2.77
496,24,0,1,0,74.75200295448303,4,4,0,0,40,0,0,40,2.77
496,24,0,2,0,9.216000325977802,4,4,0,0,40,0,0,40,2.77
496,24,0,3,0,4.095999989658594,4,4,0,0,40,0,0,40,2.77
496,40,0,0,1,3134.4640254974365,4,4,0,0,40,0,0,40,2.33
496,40,0,1,1,89.08800035715103,4,4,0,0,40,0,0,40,2.33
496,40,0,2,1,9.216000325977802,4,4,0,0,40,0,0,40,2.33
496,40,0,3,1,4.095999989658594,4,4,0,0,40,0,0,40,2.33
497,2,0,0,0,15.359999611973763,3,3,0,0,30,0,0,30,1.271
497,2,0,1,0,64.51199948787689,3,3,0,0,30,0,0,30,1.271
497,2,0,2,0,8.191999979317188,3,3,0,0,30,0,0,30,1.271
497,2,0,3,0,5.119999870657921,3,3,0,0,30,0,0,30,1.271
497,24,0,0,0,1585.15202999115,3,3,0,0,30,0,0,30,1.649
497,24,0,1,0,53.247999399900436,3,3,0,0,30,0,0,30,1.649
497,24,0,2,0,9.216000325977802,3,3,0,0,30,0,0,30,1.649
497,24,0,3,0,4.095999989658594,3,3,0,0,30,0,0,30,1.649
497,40,0,0,1,9.216000325977802,3,3,0,0,30,0,0,30,1.271
497,40,0,1,1,56.32000043988228,3,3,0,0,30,0,0,30,1.271
497,40,0,2,1,10.239999741315842,3,3,0,0,30,0,0,30,1.271
497,40,0,3,1,4.095999989658594,3,3,0,0,30,0,0,30,1.271
498,2,0,0,0,9.216000325977802,2,2,0,0,20,0,0,20,0.85
498,2,0,1,0,46.08000069856644,2,2,0,0,20,0,0,20,0.85
498,2,0,2,0,8.191999979317188,2,2,0,0,20,0,0,20,0.85
498,2,0,3,0,5.119999870657921,2,2,0,0,20,0,0,20,0.85
498,24,0,0,0,8.191999979317188,2,2,0,0,20,0,0,20,0.671
498,24,0,1,0,41.98399931192398,2,2,0,0,20,0,0,20,0.671
498,24,0,2,0,8.191999979317188,2,2,0,0,20,0,0,20,0.671
498,24,0,3,0,4.095999989658594,2,2,0,0,20,0,0,20,0.671
498,40,0,0,1,9.216000325977802,2,2,0,0,20,0,0,20,1.169
498,40,0,1,1,53.247999399900436,2,2,0,0,20,0,0,20,1.169
498,40,0,2,1,9.216000325977802,2,2,0,0,20,0,0,20,1.169
498,40,0,3,1,4.095999989658594,2,2,0,0,20,0,0,20,1.169
499,2,0,0,0,14.336000196635723,4,4,0,0,40,0,0,40,2.39
499,2,0,1,0,86.01599931716919,4,4,0,0,40,0,0,40,2.39
499,2,0,2,0,8.191999979317188,4,4,0,0,40,0,0,40,2.39
499,2,0,3,0,5.119999870657921,4,4,0,0,40,0,0,40,2.39
499,24,0,0,0,8.191999979317188,4,4,0,1,39,0,0,40,60.249
499,24,0,1,0,68.60800087451935,4,4,0,1,39,0,0,40,60.249
499,24,0,2,0,9.216000325977802,4,4,0,1,39,0,0,40,60.249
499,24,0,3,0,4.095999989658594,4,4,0,1,39,0,0,40,60.249
499,40,0,0,1,8.191999979317188,4,4,0,0,40,0,0,40,1.78
499,40,0,1,1,81.91999793052673,4,4,0,0,40,0,0,40,1.78
499,40,0,2,1,9.216000325977802,4,4,0,0,40,0,0,40,1.78
499,40,0,3,1,4.095999989658594,4,4,0,0,40,0,0,40,1.78
500,2,0,0,0,9.216000325977802,4,4,0,0,40,0,0,40,1.78
500,2,0,1,0,72.7040022611618,4,4,0,0,40,0,0,40,1.78
500,2,0,2,0,9.216000325977802,4,4,0,0,40,0,0,40,1.78
500,2,0,3,0,5.119999870657921,4,4,0,0,40,0,0,40,1.78
500,24,0,0,0,8.191999979317188,4,4,0,0,40,0,0,40,2.54
500,24,0,1,0,64.51199948787689,4,4,0,0,40,0,0,40,2.54
500,24,0,2,0,9.216000325977802,4,4,0,0,40,0,0,40,2.54
500,24,0,3,0,3.0720001086592674,4,4,0,0,40,0,0,40,2.54
500,40,0,0,1,9.216000325977802,4,4,0,1,39,0,0,40,253.359
500,40,0,1,1,77.82399654388428,4,4,0,1,39,0,0,40,253.359
500,40,0,2,1,8.191999979317188,4,4,0,1,39,0,0,40,253.359
500,40,0,3,1,152.5759994983673,4,4,0,1,39,0,0,40,253.359
501,2,0,0,0,15.359999611973763,4,4,0,1,39,0,0,40,153.05
501,2,0,1,0,71.68000191450119,4,4,0,1,39,0,0,40,153.05
501,2,0,2,0,9.216000325977802,4,4,0,1,39,0,0,40,153.05
501,2,0,3,0,55.296000093221664,4,4,0,1,39,0,0,40,153.05
501,24,0,0,0,8.191999979317188,4,4,0,0,40,0,0,40,1.549
501,24,0,1,0,75.77600330114365,4,4,0,0,40,0,0,40,1.549
501,24,0,2,0,9.216000325977802,4,4,0,0,40,0,0,40,1.549
501,24,0,3,0,4.095999989658594,4,4,0,0,40,0,0,40,1.549
501,40,0,0,1,9.216000325977802,4,4,0,1,39,0,0,40,91.299
501,40,0,1,1,94.2080020904541,4,4,0,1,39,0,0,40,91.299
501,40,0,2,1,9.216000325977802,4,4,0,1,39,0,0,40,91.299
501,40,0,3,1,4.095999989658594,4,4,0,1,39,0,0,40,91.299
502,2,0,0,0,198.65599274635315,4,4,0,0,40,0,0,40,4.33
502,2,0,1,0,80.89599758386612,4,4,0,0,40,0,0,40,4.33
502,2,0,2,0,9.216000325977802,4,4,0,0,40,0,0,40,4.33
502,2,0,3,0,6.144000217318535,4,4,0,0,40,0,0,40,4.33
502,24,0,0,0,9.216000325977802,4,4,0,0,40,0,0,40,1.45
502,24,0,1,0,69.63200122117996,4,4,0,0,40,0,0,40,1.45
502,24,0,2,0,9.216000325977802,4,4,0,0,40,0,0,40,1.45
502,24,0,3,0,4.095999989658594,4,4,0,0,40,0,0,40,1.45
502,40,0,0,1,8.191999979317188,4,4,0,2,38,0,0,40,122.589
502,40,0,1,1,86.01599931716919,4,4,0,2,38,0,0,40,122.589
502,40,0,2,1,10.239999741315842,4,4,0,2,38,0,0,40,122.589
502,40,0,3,1,15.359999611973763,4,4,0,2,38,0,0,40,122.589
503,2,0,0,0,15.359999611973763,4,4,0,0,40,0,0,40,3.16
503,2,0,1,0,93.18400174379349,4,4,0,0,40,0,0,40,3.16
503,2,0,2,0,9.216000325977802,4,4,0,0,40,0,0,40,3.16
503,2,0,3,0,5.119999870657921,4,4,0,0,40,0,0,40,3.16
503,24,0,0,0,8.191999979317188,4,4,0,0,40,0,0,40,1.611
503,24,0,1,0,60.416001826524734,4,4,0,0,40,0,0,40,1.611
503,24,0,2,0,9.216000325977802,4,4,0,0,40,0,0,40,1.611
503,24,0,3,0,4.095999989658594,4,4,0,0,40,0,0,40,1.611
503,40,0,0,1,9.216000325977802,4,4,0,1,39,0,0,40,71.771
503,40,0,1,1,80.89599758386612,4,4,0,1,39,0,0,40,71.771
503,40,0,2,1,9.216000325977802,4,4,0,1,39,0,0,40,71.771
503,40,0,3,1,4.095999989658594,4,4,0,1,39,0,0,40,71.771
504,2,0,0,0,15.359999611973763,4,4,0,0,40,0,0,40,1.78
504,2,0,1,0,77.82399654388428,4,4,0,0,40,0,0,40,1.78
504,2,0,2,0,9.216000325977802,4,4,0,0,40,0,0,40,1.78
504,2,0,3,0,7.168000098317862,4,4,0,0,40,0,0,40,1.78
504,24,0,0,0,8.191999979317188,4,4,0,1,39,0,0,40,54.309
504,24,0,1,0,89.08800035715103,4,4,0,1,39,0,0,40,54.309
504,24,0,2,0,8.191999979317188,4,4,0,1,39,0,0,40,54.309
504,24,0,3,0,4.095999989658594,4,4,0,1,39,0,0,40,54.309
504,40,0,0,1,9.216000325977802,4,4,0,0,40,0,0,40,1.63
504,40,0,1,1,92.16000139713287,4,4,0,0,40,0,0,40,1.63
504,40,0,2,1,9.216000325977802,4,4,0,0,40,0,0,40,1.63
504,40,0,3,1,4.095999989658594,4,4,0,0,40,0,0,40,1.63
505,2,0,0,0,9.216000325977802,4,4,0,1,39,0,0,40,52.68
505,2,0,1,0,56.32000043988228,4,4,0,1,39,0,0,40,52.68
505,2,0,2,0,9.216000325977802,4,4,0,1,39,0,0,40,52.68
505,2,0,3,0,5.119999870657921,4,4,0,1,39,0,0,40,52.68
505,24,0,0,0,8.191999979317188,4,4,0,0,40,0,0,40,3.78
505,24,0,1,0,72.7040022611618,4,4,0,0,40,0,0,40,3.78
505,24,0,2,0,8.191999979317188,4,4,0,0,40,0,0,40,3.78
505,24,0,3,0,4.095999989658594,4,4,0,0,40,0,0,40,3.78
505,40,0,0,1,9.216000325977802,4,4,0,1,39,0,0,40,70.199
505,40,0,1,1,94.2080020904541,4,4,0,1,39,0,0,40,70.199
505,40,0,2,1,9.216000325977802,4,4,0,1,39,0,0,40,70.199
505,40,0,3,1,5.119999870657921,4,4,0,1,39,0,0,40,70.199
506,2,0,0,0,14.336000196635723,4,4,0,0,40,0,0,40,2.18
506,2,0,1,0,95.23200243711472,4,4,0,0,40,0,0,40,2.18
506,2,0,2,0,9.216000325977802,4,4,0,0,40,0,0,40,2.18
506,2,0,3,0,5.119999870657921,4,4,0,0,40,0,0,40,2.18
506,24,0,0,0,8.191999979317188,4,4,0,3,37,0,0,40,113.73
506,24,0,1,0,67.58400052785873,4,4,0,3,37,0,0,40,113.73
506,24,0,2,0,10.239999741315842,4,4,0,3,37,0,0,40,113.73
506,24,0,3,0,24.57600086927414,4,4,0,3,37,0,0,40,113.73
506,40,0,0,1,10.239999741315842,4,4,0,0,40,0,0,40,1.99
506,40,0,1,1,98.30400347709656,4,4,0,0,40,0,0,40,1.99
506,40,0,2,1,9.216000325977802,4,4,0,0,40,0,0,40,1.99
506,40,0,3,1,3.0720001086592674,4,4,0,0,40,0,0,40,1.99
507,2,0,0,0,9.216000325977802,4,4,0,0,40,0,0,40,2.5
507,2,0,1,0,83.96799862384796,4,4,0,0,40,0,0,40,2.5
507,2,0,2,0,9.216000325977802,4,4,0,0,40,0,0,40,2.5
507,2,0,3,0,5.119999870657921,4,4,0,0,40,0,0,40,2.5
507,24,0,0,0,8.191999979317188,4,4,0,0,40,0,0,40,2.84
507,24,0,1,0,61.43999844789505,4,4,0,0,40,0,0,40,2.84
507,24,0,2,0,9.216000325977802,4,4,0,0,40,0,0,40,2.84
507,24,0,3,0,4.095999989658594,4,4,0,0,40,0,0,40,2.84
507,40,0,0,1,9.216000325977802,4,4,0,0,40,0,0,40,1.78
507,40,0,1,1,63.48799914121628,4,4,0,0,40,0,0,40,1.78
507,40,0,2,1,9.216000325977802,4,4,0,0,40,0,0,40,1.78
507,40,0,3,1,5.119999870657921,4,4,0,0,40,0,0,40,1.78
508,2,0,0,0,8.191999979317188,4,4,0,1,39,0,0,40,61.719
508,2,0,1,0,67.58400052785873,4,4,0,1,39,0,0,40,61.719
508,2,0,2,0,9.216000325977802,4,4,0,1,39,0,0,40,61.719
508,2,0,3,0,6.144000217318535,4,4,0,1,39,0,0,40,61.719
508,24,0,0,0,8.191999979317188,4,4,0,0,40,0,0,40,1.64
508,24,0,1,0,53.247999399900436,4,4,0,0,40,0,0,40,1.64
508,24,0,2,0,9.216000325977802,4,4,0,0,40,0,0,40,1.64
508,24,0,3,0,5.119999870657921,4,4,0,0,40,0,0,40,1.64
508,40,0,0,1,10.239999741315842,4,4,0,0,40,0,0,40,3.931
508,40,0,1,1,83.96799862384796,4,4,0,0,40,0,0,40,3.931
508,40,0,2,1,9.216000325977802,4,4,0,0,40,0,0,40,3.931
508,40,0,3,1,4.095999989658594,4,4,0,0,40,0,0,40,3.931
509,2,0,0,0,8.191999979317188,4,4,0,2,38,0,0,40,101.669
509,2,0,1,0,69.63200122117996,4,4,0,2,38,0,0,40,101.669
509,2,0,2,0,9.216000325977802,4,4,0,2,38,0,0,40,101.669
509,2,0,3,0,10.239999741315842,4,4,0,2,38,0,0,40,101.669
509,24,0,0,0,9.216000325977802,4,4,0,0,40,0,0,40,1.84
509,24,0,1,0,72.7040022611618,4,4,0,0,40,0,0,40,1.84
509,24,0,2,0,9.216000325977802,4,4,0,0,40,0,0,40,1.84
509,24,0,3,0,4.095999989658594,4,4,0,0,40,0,0,40,1.84
509,40,0,0,1,8.191999979317188,4,4,0,0,40,0,0,40,2.1
509,40,0,1,1,81.91999793052673,4,4,0,0,40,0,0,40,2.1
509,40,0,2,1,9.216000325977802,4,4,0,0,40,0,0,40,2.1
509,40,0,3,1,4.095999989658594,4,4,0,0,40,0,0,40,2.1
510,2,0,0,0,9.216000325977802,2,2,0,0,20,0,0,20,1.351
510,2,0,1,0,53.247999399900436,2,2,0,0,20,0,0,20,1.351
510,2,0,2,0,9.216000325977802,2,2,0,0,20,0,0,20,1.351
510,2,0,3,0,5.119999870657921,2,2,0,0,20,0,0,20,1.351
510,24,0,0,0,9.216000325977802,2,2,0,0,20,0,0,20,0.75
510,24,0,1,0,51.19999870657921,2,2,0,0,20,0,0,20,0.75
510,24,0,2,0,8.191999979317188,2,2,0,0,20,0,0,20,0.75
510,24,0,3,0,4.095999989658594,2,2,0,0,20,0,0,20,0.75
510,40,0,0,1,2879.487991333008,2,2,0,0,20,0,0,20,1.44
510,40,0,1,1,60.416001826524734,2,2,0,0,20,0,0,20,1.44
510,40,0,2,1,9.216000325977802,2,2,0,0,20,0,0,20,1.44
510,40,0,3,1,4.095999989658594,2,2,0,0,20,0,0,20,1.44
511,2,0,0,0,16.383999958634377,4,4,0,2,38,0,0,40,105.52
511,2,0,1,0,81.91999793052673,4,4,0,2,38,0,0,40,105.52
511,2,0,2,0,8.191999979317188,4,4,0,2,38,0,0,40,105.52
511,2,0,3,0,8.191999979317188,4,4,0,2,38,0,0,40,105.52
511,24,0,0,0,8.191999979317188,4,4,0,0,40,0,0,40,2.52
511,24,0,1,0,56.32000043988228,4,4,0,0,40,0,0,40,2.52
511,24,0,2,0,9.216000325977802,4,4,0,0,40,0,0,40,2.52
511,24,0,3,0,4.095999989658594,4,4,0,0,40,0,0,40,2.52
511,40,0,0,1,9.216000325977802,4,4,0,0,40,0,0,40,1.77
511,40,0,1,1,49.15200173854828,4,4,0,0,40,0,0,40,1.77
511,40,0,2,1,9.216000325977802,4,4,0,0,40,0,0,40,1.77
511,40,0,3,1,4.095999989658594,4,4,0,0,40,0,0,40,1.77
512,2,0,0,0,14.336000196635723,4,4,0,0,40,0,0,40,1.67
512,2,0,1,0,72.7040022611618,4,4,0,0,40,0,0,40,1.67
512,2,0,2,0,9.216000325977802,4,4,0,0,40,0,0,40,1.67
512,2,0,3,0,5.119999870657921,4,4,0,0,40,0,0,40,1.67
512,24,0,0,0,8.191999979317188,4,4,0,0,40,0,0,40,1.69
512,24,0,1,0,67.58400052785873,4,4,0,0,40,0,0,40,1.69
512,24,0,2,0,9.216000325977802,4,4,0,0,40,0,0,40,1.69
512,24,0,3,0,4.095999989658594,4,4,0,0,40,0,0,40,1.69
512,40,0,0,1,8.191999979317188,4,4,0,0,40,0,0,40,2.71
512,40,0,1,1,66.56000018119812,4,4,0,0,40,0,0,40,2.71
512,40,0,2,1,9.216000325977802,4,4,0,0,40,0,0,40,2.71
512,40,0,3,1,4.095999989658594,4,4,0,0,40,0,0,40,2.71
513,2,0,0,0,16.383999958634377,4,4,0,2,38,0,0,40,103.679
513,2,0,1,0,57.34400078654289,4,4,0,2,38,0,0,40,103.679
513,2,0,2,0,9.216000325977802,4,4,0,2,38,0,0,40,103.679
513,2,0,3,0,15.359999611973763,4,4,0,2,38,0,0,40,103.679
513,24,0,0,0,9.216000325977802,4,4,0,0,40,0,0,40,1.651
513,24,0,1,0,56.32000043988228,4,4,0,0,40,0,0,40,1.651
513,24,0,2,0,8.191999979317188,4,4,0,0,40,0,0,40,1.651
513,24,0,3,0,4.095999989658594,4,4,0,0,40,0,0,40,1.651
513,40,0,0,1,9.216000325977802,4,4,0,1,39,0,0,40,66.231
513,40,0,1,1,50.175998359918594,4,4,0,1,39,0,0,40,66.231
513,40,0,2,1,9.216000325977802,4,4,0,1,39,0,0,40,66.231
513,40,0,3,1,5.119999870657921,4,4,0,1,39,0,0,40,66.231
514,2,0,0,0,2690.0479793548584,4,4,0,0,40,0,0,40,2.2
514,2,0,1,0,80.89599758386612,4,4,0,0,40,0,0,40,2.2
514,2,0,2,0,9.216000325977802,4,4,0,0,40,0,0,40,2.2
514,2,0,3,0,6.144000217318535,4,4,0,0,40,0,0,40,2.2
514,24,0,0,0,8.191999979317188,4,4,0,0,40,0,0,40,1.49
514,24,0,1,0,63.48799914121628,4,4,0,0,40,0,0,40,1.49
514,24,0,2,0,9.216000325977802,4,4,0,0,40,0,0,40,1.49
514,24,0,3,0,4.095999989658594,4,4,0,0,40,0,0,40,1.49
514,40,0,0,1,9.216000325977802,4,4,0,0,40,0,0,40,1.911
514,40,0,1,1,70.65600156784058,4,4,0,0,40,0,0,40,1.911
514,40,0,2,1,9.216000325977802,4,4,0,0,40,0,0,40,1.911
514,40,0,3,1,4.095999989658594,4,4,0,0,40,0,0,40,1.911
515,2,0,0,0,8.191999979317188,4,4,0,0,40,0,0,40,3.0
515,2,0,1,0,74.75200295448303,4,4,0,0,40,0,0,40,3.0
515,2,0,2,0,8.191999979317188,4,4,0,0,40,0,0,40,3.0
515,2,0,3,0,5.119999870657921,4,4,0,0,40,0,0,40,3.0
515,24,0,0,0,49.15200173854828,4,4,0,3,37,0,0,40,142.759
515,24,0,1,0,69.63200122117996,4,4,0,3,37,0,0,40,142.759
515,24,0,2,0,9.216000325977802,4,4,0,3,37,0,0,40,142.759
515,24,0,3,0,60.416001826524734,4,4,0,3,37,0,0,40,142.759
515,40,0,0,1,3686.3999366760254,4,4,0,1,39,0,0,40,79.909
515,40,0,1,1,89.08800035715103,4,4,0,1,39,0,0,40,79.909
515,40,0,2,1,9.216000325977802,4,4,0,1,39,0,0,40,79.909
515,40,0,3,1,4.095999989658594,4,4,0,1,39,0,0,40,79.909
516,2,0,0,0,15.359999611973763,4,4,0,0,40,0,0,40,2.071
516,2,0,1,0,80.89599758386612,4,4,0,0,40,0,0,40,2.071
516,2,0,2,0,9.216000325977802,4,4,0,0,40,0,0,40,2.071
516,2,0,3,0,5.119999870657921,4,4,0,0,40,0,0,40,2.071
516,24,0,0,0,3053.567886352539,4,4,0,1,39,0,0,40,57.81
516,24,0,1,0,75.77600330114365,4,4,0,1,39,0,0,40,57.81
516,24,0,2,0,9.216000325977802,4,4,0,1,39,0,0,40,57.81
516,24,0,3,0,4.095999989658594,4,4,0,1,39,0,0,40,57.81
516,40,0,0,1,9.216000325977802,4,4,0,0,40,0,0,40,1.82
516,40,0,1,1,84.99199897050858,4,4,0,0,40,0,0,40,1.82
516,40,0,2,1,9.216000325977802,4,4,0,0,40,0,0,40,1.82
516,40,0,3,1,4.095999989658594,4,4,0,0,40,0,0,40,1.82
517,2,0,0,0,14.336000196635723,4,4,0,0,40,0,0,40,1.58
517,2,0,1,0,80.89599758386612,4,4,0,0,40,0,0,40,1.58
517,2,0,2,0,9.216000325977802,4,4,0,0,40,0,0,40,1.58
517,2,0,3,0,5.119999870657921,4,4,0,0,40,0,0,40,1.58
517,24,0,0,0,3146.752119064331,4,4,0,2,38,0,0,40,105.309
517,24,0,1,0,59.39200147986412,4,4,0,2,38,0,0,40,105.309
517,24,0,2,0,9.216000325977802,4,4,0,2,38,0,0,40,105.309
517,24,0,3,0,26.623999699950218,4,4,0,2,38,0,0,40,105.309
517,40,0,0,1,9.216000325977802,4,4,0,1,39,0,0,40,72.591
517,40,0,1,1,84.99199897050858,4,4,0,1,39,0,0,40,72.591
517,40,0,2,1,9.216000325977802,4,4,0,1,39,0,0,40,72.591
517,40,0,3,1,4.095999989658594,4,4,0,1,39,0,0,40,72.591
518,2,0,0,0,2624.511957168579,4,4,0,0,40,0,0,40,2.3
518,2,0,1,0,72.7040022611618,4,4,0,0,40,0,0,40,2.3
518,2,0,2,0,9.216000325977802,4,4,0,0,40,0,0,40,2.3
518,2,0,3,0,5.119999870657921,4,4,0,0,40,0,0,40,2.3
518,24,0,0,0,7.168000098317862,4,4,0,3,37,0,0,40,143.19
518,24,0,1,0,80.89599758386612,4,4,0,3,37,0,0,40,143.19
518,24,0,2,0,10.239999741315842,4,4,0,3,37,0,0,40,143.19
518,24,0,3,0,41.98399931192398,4,4,0,3,37,0,0,40,143.19
518,40,0,0,1,10.239999741315842,4,4,0,0,40,0,0,40,1.68
518,40,0,1,1,75.77600330114365,4,4,0,0,40,0,0,40,1.68
518,40,0,2,1,8.191999979317188,4,4,0,0,40,0,0,40,1.68
518,40,0,3,1,4.095999989658594,4,4,0,0,40,0,0,40,1.68
519,2,0,0,0,14.336000196635723,4,4,0,0,40,0,0,40,2.65
519,2,0,1,0,86.01599931716919,4,4,0,0,40,0,0,40,2.65
519,2,0,2,0,9.216000325977802,4,4,0,0,40,0,0,40,2.65
519,2,0,3,0,5.119999870657921,4,4,0,0,40,0,0,40,2.65
519,24,0,0,0,2713.599920272827,4,4,0,1,39,0,0,40,48.38
519,24,0,1,0,75.77600330114365,4,4,0,1,39,0,0,40,48.38
519,24,0,2,0,9.216000325977802,4,4,0,1,39,0,0,40,48.38
519,24,0,3,0,4.095999989658594,4,4,0,1,39,0,0,40,48.38
519,40,0,0,1,9.216000325977802,4,4,0,0,40,0,0,40,1.76
519,40,0,1,1,81.91999793052673,4,4,0,0,40,0,0,40,1.76
519,40,0,2,1,9.216000325977802,4,4,0,0,40,0,0,40,1.76
519,40,0,3,1,4.095999989658594,4,4,0,0,40,0,0,40,1.76
520,2,0,0,0,13.311999849975109,4,4,0,0,40,0,0,40,2.809
520,2,0,1,0,65.5359998345375,4,4,0,0,40,0,0,40,2.809
520,2,0,2,0,9.216000325977802,4,4,0,0,40,0,0,40,2.809
520,2,0,3,0,5.119999870657921,4,4,0,0,40,0,0,40,2.809
520,24,0,0,0,8.191999979317188,4,4,0,0,40,0,0,40,1.92
520,24,0,1,0,63.48799914121628,4,4,0,0,40,0,0,40,1.92
520,24,0,2,0,8.191999979317188,4,4,0,0,40,0,0,40,1.92
520,24,0,3,0,3.0720001086592674,4,4,0,0,40,0,0,40,1.92
520,40,0,0,1,9.216000325977802,4,4,0,0,40,0,0,40,2.471
520,40,0,1,1,73.72800260782242,4,4,0,0,40,0,0,40,2.471
520,40,0,2,1,9.216000325977802,4,4,0,0,40,0,0,40,2.471
520,40,0,3,1,4.095999989658594,4,4,0,0,40,0,0,40,2.471
521,2,0,0,0,8.191999979317188,3,3,0,0,30,0,0,30,2.49
521,2,0,1,0,62.463998794555664,3,3,0,0,30,0,0,30,2.49
521,2,0,2,0,9.216000325977802,3,3,0,0,30,0,0,30,2.49
521,2,0,3,0,5.119999870657921,3,3,0,0,30,0,0,30,2.49
521,24,0,0,0,8.191999979317188,3,3,0,0,30,0,0,30,1.689
521,24,0,1,0,57.34400078654289,3,3,0,0,30,0,0,30,1.689
521,24,0,2,0,9.216000325977802,3,3,0,0,30,0,0,30,1.689
521,24,0,3,0,4.095999989658594,3,3,0,0,30,0,0,30,1.689
521,40,0,0,1,9.216000325977802,3,3,0,0,30,0,0,30,1.409
521,40,0,1,1,54.27199974656105,3,3,0,0,30,0,0,30,1.409
521,40,0,2,1,9.216000325977802,3,3,0,0,30,0,0,30,1.409
521,40,0,3,1,4.095999989658594,3,3,0,0,30,0,0,30,1.409
522,2,0,0,0,14.336000196635723,4,4,0,0,40,0,0,40,3.7
522,2,0,1,0,90.11200070381165,4,4,0,0,40,0,0,40,3.7
522,2,0,2,0,9.216000325977802,4,4,0,0,40,0,0,40,3.7
522,2,0,3,0,5.119999870657921,4,4,0,0,40,0,0,40,3.7
522,24,0,0,0,10.239999741315842,4,4,0,0,40,0,0,40,2.309
522,24,0,1,0,70.65600156784058,4,4,0,0,40,0,0,40,2.309
522,24,0,2,0,9.216000325977802,4,4,0,0,40,0,0,40,2.309
522,24,0,3,0,4.095999989658594,4,4,0,0,40,0,0,40,2.309
522,40,0,0,1,9.216000325977802,4,4,0,2,38,0,0,40,126.55
522,40,0,1,1,84.99199897050858,4,4,0,2,38,0,0,40,126.55
522,40,0,2,1,9.216000325977802,4,4,0,2,38,0,0,40,126.55
522,40,0,3,1,19.45599913597107,4,4,0,2,38,0,0,40,126.55
523,2,0,0,0,15.359999611973763,4,4,0,0,40,0,0,40,3.7
523,2,0,1,0,79.8719972372055,4,4,0,0,40,0,0,40,3.7
523,2,0,2,0,9.216000325977802,4,4,0,0,40,0,0,40,3.7
523,2,0,3,0,8.191999979317188,4,4,0,0,40,0,0,40,3.7
523,24,0,0,0,9.216000325977802,4,4,0,0,40,0,0,40,3.69
523,24,0,1,0,67.58400052785873,4,4,0,0,40,0,0,40,3.69
523,24,0,2,0,9.216000325977802,4,4,0,0,40,0,0,40,3.69
523,24,0,3,0,4.095999989658594,4,4,0,0,40,0,0,40,3.69
523,40,0,0,1,9.216000325977802,4,4,0,0,40,0,0,40,3.82
523,40,0,1,1,81.91999793052673,4,4,0,0,40,0,0,40,3.82
523,40,0,2,1,9.216000325977802,4,4,0,0,40,0,0,40,3.82
523,40,0,3,1,4.095999989658594,4,4,0,0,40,0,0,40,3.82
524,2,0,0,0,14.336000196635723,2,2,0,0,20,0,0,20,1.33
524,2,0,1,0,41.98399931192398,2,2,0,0,20,0,0,20,1.33
524,2,0,2,0,8.191999979317188,2,2,0,0,20,0,0,20,1.33
524,2,0,3,0,5.119999870657921,2,2,0,0,20,0,0,20,1.33
524,24,0,0,0,15.359999611973763,2,2,0,0,20,0,0,20,1.21
524,24,0,1,0,49.15200173854828,2,2,0,0,20,0,0,20,1.21
524,24,0,2,0,8.191999979317188,2,2,0,0,20,0,0,20,1.21
524,24,0,3,0,4.095999989658594,2,2,0,0,20,0,0,20,1.21
524,40,0,0,1,9.216000325977802,2,2,0,0,20,0,0,20,0.949
524,40,0,1,1,50.175998359918594,2,2,0,0,20,0,0,20,0.949
524,40,0,2,1,9.216000325977802,2,2,0,0,20,0,0,20,0.949
524,40,0,3,1,3.0720001086592674,2,2,0,0,20,0,0,20,0.949
525,2,0,0,0,8.191999979317188,4,4,0,1,39,0,0,40,59.969
525,2,0,1,0,71.68000191450119,4,4,0,1,39,0,0,40,59.969
525,2,0,2,0,9.216000325977802,4,4,0,1,39,0,0,40,59.969
525,2,0,3,0,5.119999870657921,4,4,0,1,39,0,0,40,59.969
525,24,0,0,0,8.191999979317188,4,4,0,1,39,0,0,40,60.899
525,24,0,1,0,74.75200295448303,4,4,0,1,39,0,0,40,60.899
525,24,0,2,0,9.216000325977802,4,4,0,1,39,0,0,40,60.899
525,24,0,3,0,4.095999989658594,4,4,0,1,39,0,0,40,60.899
525,40,0,0,1,9.216000325977802,4,4,0,0,40,0,0,40,2.54
525,40,0,1,1,84.99199897050858,4,4,0,0,40,0,0,40,2.54
525,40,0,2,1,9.216000325977802,4,4,0,0,40,0,0,40,2.54
525,40,0,3,1,4.095999989658594,4,4,0,0,40,0,0,40,2.54
526,2,0,0,0,246.7840015888214,3,3,0,0,30,0,0,30,2.12
526,2,0,1,0,68.60800087451935,3,3,0,0,30,0,0,30,2.12
526,2,0,2,0,9.216000325977802,3,3,0,0,30,0,0,30,2.12
526,2,0,3,0,6.144000217318535,3,3,0,0,30,0,0,30,2.12
526,24,0,0,0,15.359999611973763,3,3,0,1,29,0,0,30,56.88
526,24,0,1,0,61.43999844789505,3,3,0,1,29,0,0,30,56.88
526,24,0,2,0,8.191999979317188,3,3,0,1,29,0,0,30,56.88
526,24,0,3,0,4.095999989658594,3,3,0,1,29,0,0,30,56.88
526,40,0,0,1,9.216000325977802,3,3,0,2,28,0,0,30,189.129
526,40,0,1,1,62.463998794555664,3,3,0,2,28,0,0,30,189.129
526,40,0,2,1,9.216000325977802,3,3,0,2,28,0,0,30,189.129
526,40,0,3,1,105.47199845314026,3,3,0,2,28,0,0,30,189.129
527,2,0,0,0,8.191999979317188,4,4,0,1,39,0,0,40,67.01
527,2,0,1,0,57.34400078654289,4,4,0,1,39,0,0,40,67.01
527,2,0,2,0,8.191999979317188,4,4,0,1,39,0,0,40,67.01
527,2,0,3,0,5.119999870657921,4,4,0,1,39,0,0,40,67.01
527,24,0,0,0,8.191999979317188,4,4,0,5,34,1,0,40,249.679
527,24,0,1,0,67.58400052785873,4,4,0,5,34,1,0,40,249.679
527,24,0,2,0,163.83999586105347,4,4,0,5,34,1,0,40,249.679
527,24,0,3,0,7.168000098317862,4,4,0,5,34,1,0,40,249.679
527,40,0,0,1,9.216000325977802,4,4,0,3,36,1,0,40,165.979
527,40,0,1,1,76.80000364780426,4,4,0,3,36,1,0,40,165.979
527,40,0,2,1,194.5600062608719,4,4,0,3,36,1,0,40,165.979
527,40,0,3,1,5.119999870657921,4,4,0,3,36,1,0,40,165.979
528,2,0,0,0,8.191999979317188,4,4,0,2,38,0,0,40,77.29
528,2,0,1,0,75.77600330114365,4,4,0,2,38,0,0,40,77.29
528,2,0,2,0,8.191999979317188,4,4,0,2,38,0,0,40,77.29
528,2,0,3,0,7.168000098317862,4,4,0,2,38,0,0,40,77.29
528,24,0,0,0,8.191999979317188,4,4,0,0,40,0,0,40,2.4
528,24,0,1,0,68.60800087451935,4,4,0,0,40,0,0,40,2.4
528,24,0,2,0,9.216000325977802,4,4,0,0,40,0,0,40,2.4
528,24,0,3,0,4.095999989658594,4,4,0,0,40,0,0,40,2.4
528,40,0,0,1,9.216000325977802,4,4,0,0,40,0,0,40,2.54
528,40,0,1,1,80.89599758386612,4,4,0,0,40,0,0,40,2.54
528,40,0,2,1,9.216000325977802,4,4,0,0,40,0,0,40,2.54
528,40,0,3,1,4.095999989658594,4,4,0,0,40,0,0,40,2.54
529,2,0,0,0,9.216000325977802,4,4,0,2,38,0,0,40,103.169
529,2,0,1,0,74.75200295448303,4,4,0,2,38,0,0,40,103.169
529,2,0,2,0,9.216000325977802,4,4,0,2,38,0,0,40,103.169
529,2,0,3,0,13.311999849975109,4,4,0,2,38,0,0,40,103.169
529,24,0,0,0,8.191999979317188,4,4,0,2,38,0,0,40,161.459
529,24,0,1,0,66.56000018119812,4,4,0,2,38,0,0,40,161.459
529,24,0,2,0,8.191999979317188,4,4,0,2,38,0,0,40,161.459
529,24,0,3,0,72.7040022611618,4,4,0,2,38,0,0,40,161.459
529,40,0,0,1,9.216000325977802,4,4,0,2,38,0,0,40,188.379
529,40,0,1,1,81.91999793052673,4,4,0,2,38,0,0,40,188.379
529,40,0,2,1,9.216000325977802,4,4,0,2,38,0,0,40,188.379
529,40,0,3,1,94.2080020904541,4,4,0,2,38,0,0,40,188.379
530,2,0,0,0,14.336000196635723,4,4,0,1,39,0,0,40,68.28
530,2,0,1,0,71.68000191450119,4,4,0,1,39,0,0,40,68.28
530,2,0,2,0,8.191999979317188,4,4,0,1,39,0,0,40,68.28
530,2,0,3,0,5.119999870657921,4,4,0,1,39,0,0,40,68.28
530,24,0,0,0,2920.448064804077,4,4,0,0,40,0,0,40,2.98
530,24,0,1,0,66.56000018119812,4,4,0,0,40,0,0,40,2.98
530,24,0,2,0,9.216000325977802,4,4,0,0,40,0,0,40,2.98
530,24,0,3,0,3.0720001086592674,4,4,0,0,40,0,0,40,2.98
530,40,0,0,1,9.216000325977802,4,4,0,0,40,0,0,40,2.07
530,40,0,1,1,74.75200295448303,4,4,0,0,40,0,0,40,2.07
530,40,0,2,1,9.216000325977802,4,4,0,0,40,0,0,40,2.07
530,40,0,3,1,3.0720001086592674,4,4,0,0,40,0,0,40,2.07
531,2,0,0,0,15.359999611973763,2,2,0,0,20,0,0,20,1.151
531,2,0,1,0,44.03200000524521,2,2,0,0,20,0,0,20,1.151
531,2,0,2,0,9.216000325977802,2,2,0,0,20,0,0,20,1.151
531,2,0,3,0,4.095999989658594,2,2,0,0,20,0,0,20,1.151
531,24,0,0,0,9.216000325977802,2,2,0,1,19,0,0,20,50.33
531,24,0,1,0,43.007999658584595,2,2,0,1,19,0,0,20,50.33
531,24,0,2,0,9.216000325977802,2,2,0,1,19,0,0,20,50.33
531,24,0,3,0,4.095999989658594,2,2,0,1,19,0,0,20,50.33
531,40,0,0,1,9.216000325977802,2,2,0,1,19,0,0,20,82.129
531,40,0,1,1,49.15200173854828,2,2,0,1,19,0,0,20,82.129
531,40,0,2,1,11.264000087976456,2,2,0,1,19,0,0,20,82.129
531,40,0,3,1,9.216000325977802,2,2,0,1,19,0,0,20,82.129
532,2,0,0,0,15.359999611973763,2,2,0,0,20,0,0,20,1.38
532,2,0,1,0,51.19999870657921,2,2,0,0,20,0,0,20,1.38
532,2,0,2,0,9.216000325977802,2,2,0,0,20,0,0,20,1.38
532,2,0,3,0,7.168000098317862,2,2,0,0,20,0,0,20,1.38
532,24,0,0,0,14.336000196635723,2,2,0,0,20,0,0,20,1.68
532,24,0,1,0,53.247999399900436,2,2,0,0,20,0,0,20,1.68
532,24,0,2,0,9.216000325977802,2,2,0,0,20,0,0,20,1.68
532,24,0,3,0,4.095999989658594,2,2,0,0,20,0,0,20,1.68
532,40,0,0,1,9.216000325977802,2,2,0,3,17,0,0,20,167.26
532,40,0,1,1,40.95999896526337,2,2,0,3,17,0,0,20,167.26
532,40,0,2,1,9.216000325977802,2,2,0,3,17,0,0,20,167.26
532,40,0,3,1,103.42399775981903,2,2,0,3,17,0,0,20,167.26
533,2,0,0,0,13.311999849975109,4,4,0,0,40,0,0,40,4.09
533,2,0,1,0,67.58400052785873,4,4,0,0,40,0,0,40,4.09
533,2,0,2,0,9.216000325977802,4,4,0,0,40,0,0,40,4.09
533,2,0,3,0,5.119999870657921,4,4,0,0,40,0,0,40,4.09
533,24,0,0,0,8.191999979317188,4,4,0,0,40,0,0,40,2.009
533,24,0,1,0,89.08800035715103,4,4,0,0,40,0,0,40,2.009
533,24,0,2,0,8.191999979317188,4,4,0,0,40,0,0,40,2.009
533,24,0,3,0,4.095999989658594,4,4,0,0,40,0,0,40,2.009
533,40,0,0,1,16.383999958634377,4,4,0,1,39,0,0,40,71.7
533,40,0,1,1,91.13600105047226,4,4,0,1,39,0,0,40,71.7
533,40,0,2,1,9.216000325977802,4,4,0,1,39,0,0,40,71.7
533,40,0,3,1,4.095999989658594,4,4,0,1,39,0,0,40,71.7
534,2,0,0,0,14.336000196635723,4,4,0,0,40,0,0,40,3.269
534,2,0,1,0,67.58400052785873,4,4,0,0,40,0,0,40,3.269
534,2,0,2,0,8.191999979317188,4,4,0,0,40,0,0,40,3.269
534,2,0,3,0,6.144000217318535,4,4,0,0,40,0,0,40,3.269
534,24,0,0,0,9.216000325977802,4,4,0,0,40,0,0,40,2.02
534,24,0,1,0,81.91999793052673,4,4,0,0,40,0,0,40,2.02
534,24,0,2,0,9.216000325977802,4,4,0,0,40,0,0,40,2.02
534,24,0,3,0,4.095999989658594,4,4,0,0,40,0,0,40,2.02
534,40,0,0,1,16.383999958634377,4,4,0,3,37,0,0,40,183.679
534,40,0,1,1,89.08800035715103,4,4,0,3,37,0,0,40,183.679
534,40,0,2,1,9.216000325977802,4,4,0,3,37,0,0,40,183.679
534,40,0,3,1,72.7040022611618,4,4,0,3,37,0,0,40,183.679
535,2,0,0,0,1973.24800491333,4,4,0,0,40,0,0,40,4.84
535,2,0,1,0,73.72800260782242,4,4,0,0,40,0,0,40,4.84
535,2,0,2,0,9.216000325977802,4,4,0,0,40,0,0,40,4.84
535,2,0,3,0,5.119999870657921,4,4,0,0,40,0,0,40,4.84
535,24,0,0,0,45.05600035190582,4,4,0,1,39,0,0,40,58.44
535,24,0,1,0,75.77600330114365,4,4,0,1,39,0,0,40,58.44
535,24,0,2,0,9.216000325977802,4,4,0,1,39,0,0,40,58.44
535,24,0,3,0,4.095999989658594,4,4,0,1,39,0,0,40,58.44
535,40,0,0,1,15.359999611973763,4,4,0,1,39,0,0,40,121.509
535,40,0,1,1,78.84799689054489,4,4,0,1,39,0,0,40,121.509
535,40,0,2,1,9.216000325977802,4,4,0,1,39,0,0,40,121.509
535,40,0,3,1,13.311999849975109,4,4,0,1,39,0,0,40,121.509
536,2,0,0,0,15.359999611973763,4,4,0,2,38,0,0,40,105.85
536,2,0,1,0,78.84799689054489,4,4,0,2,38,0,0,40,105.85
536,2,0,2,0,10.239999741315842,4,4,0,2,38,0,0,40,105.85
536,2,0,3,0,5.119999870657921,4,4,0,2,38,0,0,40,105.85
536,24,0,0,0,8.191999979317188,4,4,0,0,40,0,0,40,3.54
536,24,0,1,0,60.416001826524734,4,4,0,0,40,0,0,40,3.54
536,24,0,2,0,9.216000325977802,4,4,0,0,40,0,0,40,3.54
536,24,0,3,0,4.095999989658594,4,4,0,0,40,0,0,40,3.54
536,40,0,0,1,16.383999958634377,4,4,0,2,38,0,0,40,118.749
536,40,0,1,1,75.77600330114365,4,4,0,2,38,0,0,40,118.749
536,40,0,2,1,11.264000087976456,4,4,0,2,38,0,0,40,118.749
536,40,0,3,1,11.264000087976456,4,4,0,2,38,0,0,40,118.749
537,2,0,0,0,14.336000196635723,4,4,0,0,40,0,0,40,3.16
537,2,0,1,0,69.63200122117996,4,4,0,0,40,0,0,40,3.16
537,2,0,2,0,9.216000325977802,4,4,0,0,40,0,0,40,3.16
537,2,0,3,0,5.119999870657921,4,4,0,0,40,0,0,40,3.16
537,24,0,0,0,8.191999979317188,4,4,0,0,40,0,0,40,2.67
537,24,0,1,0,81.91999793052673,4,4,0,0,40,0,0,40,2.67
537,24,0,2,0,9.216000325977802,4,4,0,0,40,0,0,40,2.67
537,24,0,3,0,4.095999989658594,4,4,0,0,40,0,0,40,2.67
537,40,0,0,1,15.359999611973763,4,4,0,4,36,0,0,40,162.04
537,40,0,1,1,78.84799689054489,4,4,0,4,36,0,0,40,162.04
537,40,0,2,1,9.216000325977802,4,4,0,4,36,0,0,40,162.04
537,40,0,3,1,54.27199974656105,4,4,0,4,36,0,0,40,162.04
538,2,0,0,0,9.216000325977802,4,4,0,3,37,0,0,40,138.248
538,2,0,1,0,82.94399827718735,4,4,0,3,37,0,0,40,138.248
538,2,0,2,0,9.216000325977802,4,4,0,3,37,0,0,40,138.248
538,2,0,3,0,40.95999896526337,4,4,0,3,37,0,0,40,138.248
538,24,0,0,0,9.216000325977802,4,4,0,0,40,0,0,40,2.55
538,24,0,1,0,81.91999793052673,4,4,0,0,40,0,0,40,2.55
538,24,0,2,0,11.264000087976456,4,4,0,0,40,0,0,40,2.55
538,24,0,3,0,4.095999989658594,4,4,0,0,40,0,0,40,2.55
538,40,0,0,1,258.04799795150757,4,4,0,2,38,0,0,40,113.789
538,40,0,1,1,74.75200295448303,4,4,0,2,38,0,0,40,113.789
538,40,0,2,1,10.239999741315842,4,4,0,2,38,0,0,40,113.789
538,40,0,3,1,27.648000046610832,4,4,0,2,38,0,0,40,113.789
539,2,0,0,0,14.336000196635723,4,4,0,0,40,0,0,40,3.64
539,2,0,1,0,74.75200295448303,4,4,0,0,40,0,0,40,3.64
539,2,0,2,0,9.216000325977802,4,4,0,0,40,0,0,40,3.64
539,2,0,3,0,5.119999870657921,4,4,0,0,40,0,0,40,3.64
539,24,0,0,0,8.191999979317188,4,4,0,4,36,0,0,40,152.45
539,24,0,1,0,63.48799914121628,4,4,0,4,36,0,0,40,152.45
539,24,0,2,0,9.216000325977802,4,4,0,4,36,0,0,40,152.45
539,24,0,3,0,66.56000018119812,4,4,0,4,36,0,0,40,152.45
539,40,0,0,1,9.216000325977802,4,4,0,0,40,0,0,40,4.23
539,40,0,1,1,75.77600330114365,4,4,0,0,40,0,0,40,4.23
539,40,0,2,1,9.216000325977802,4,4,0,0,40,0,0,40,4.23
539,40,0,3,1,4.095999989658594,4,4,0,0,40,0,0,40,4.23
540,2,0,0,0,8.191999979317188,4,4,0,0,40,0,0,40,2.2
540,2,0,1,0,74.75200295448303,4,4,0,0,40,0,0,40,2.2
540,2,0,2,0,9.216000325977802,4,4,0,0,40,0,0,40,2.2
540,2,0,3,0,7.168000098317862,4,4,0,0,40,0,0,40,2.2
540,24,0,0,0,8.191999979317188,4,4,0,1,39,0,0,40,89.63
540,24,0,1,0,61.43999844789505,4,4,0,1,39,0,0,40,89.63
540,24,0,2,0,9.216000325977802,4,4,0,1,39,0,0,40,89.63
540,24,0,3,0,5.119999870657921,4,4,0,1,39,0,0,40,89.63
540,40,0,0,1,8.191999979317188,4,4,0,1,39,0,0,40,92.359
540,40,0,1,1,69.63200122117996,4,4,0,1,39,0,0,40,92.359
540,40,0,2,1,10.239999741315842,4,4,0,1,39,0,0,40,92.359
540,40,0,3,1,4.095999989658594,4,4,0,1,39,0,0,40,92.359
541,2,0,0,0,8.191999979317188,4,4,0,2,38,0,0,40,125.86
541,2,0,1,0,62.463998794555664,4,4,0,2,38,0,0,40,125.86
541,2,0,2,0,9.216000325977802,4,4,0,2,38,0,0,40,125.86
541,2,0,3,0,41.98399931192398,4,4,0,2,38,0,0,40,125.86
541,24,0,0,0,8.191999979317188,4,4,0,1,39,0,0,40,58.93
541,24,0,1,0,77.82399654388428,4,4,0,1,39,0,0,40,58.93
541,24,0,2,0,9.216000325977802,4,4,0,1,39,0,0,40,58.93
541,24,0,3,0,5.119999870657921,4,4,0,1,39,0,0,40,58.93
541,40,0,0,1,9.216000325977802,4,4,0,1,39,0,0,40,72.011
541,40,0,1,1,84.99199897050858,4,4,0,1,39,0,0,40,72.011
541,40,0,2,1,9.216000325977802,4,4,0,1,39,0,0,40,72.011
541,40,0,3,1,5.119999870657921,4,4,0,1,39,0,0,40,72.011
542,2,0,0,0,15.359999611973763,4,4,0,0,40,0,0,40,2.769
542,2,0,1,0,81.91999793052673,4,4,0,0,40,0,0,40,2.769
542,2,0,2,0,9.216000325977802,4,4,0,0,40,0,0,40,2.769
542,2,0,3,0,5.119999870657921,4,4,0,0,40,0,0,40,2.769
542,24,0,0,0,8.191999979317188,4,4,0,2,38,0,0,40,108.239
542,24,0,1,0,68.60800087451935,4,4,0,2,38,0,0,40,108.239
542,24,0,2,0,9.216000325977802,4,4,0,2,38,0,0,40,108.239
542,24,0,3,0,18.432000651955605,4,4,0,2,38,0,0,40,108.239
542,40,0,0,1,9.216000325977802,4,4,0,2,38,0,0,40,158.949
542,40,0,1,1,71.68000191450119,4,4,0,2,38,0,0,40,158.949
542,40,0,2,1,9.216000325977802,4,4,0,2,38,0,0,40,158.949
542,40,0,3,1,73.72800260782242,4,4,0,2,38,0,0,40,158.949
543,2,0,0,0,15.359999611973763,4,4,0,1,39,0,0,40,58.87
543,2,0,1,0,78.84799689054489,4,4,0,1,39,0,0,40,58.87
543,2,0,2,0,9.216000325977802,4,4,0,1,39,0,0,40,58.87
543,2,0,3,0,5.119999870657921,4,4,0,1,39,0,0,40,58.87
543,24,0,0,0,9.216000325977802,4,4,0,1,39,0,0,40,57.719
543,24,0,1,0,80.89599758386612,4,4,0,1,39,0,0,40,57.719
543,24,0,2,0,9.216000325977802,4,4,0,1,39,0,0,40,57.719
543,24,0,3,0,4.095999989658594,4,4,0,1,39,0,0,40,57.719
543,40,0,0,1,9.216000325977802,4,4,0,3,37,0,0,40,180.649
543,40,0,1,1,89.08800035715103,4,4,0,3,37,0,0,40,180.649
543,40,0,2,1,9.216000325977802,4,4,0,3,37,0,0,40,180.649
543,40,0,3,1,70.65600156784058,4,4,0,3,37,0,0,40,180.649
544,2,0,0,0,14.336000196635723,4,4,0,0,40,0,0,40,2.16
544,2,0,1,0,79.8719972372055,4,4,0,0,40,0,0,40,2.16
544,2,0,2,0,9.216000325977802,4,4,0,0,40,0,0,40,2.16
544,2,0,3,0,5.119999870657921,4,4,0,0,40,0,0,40,2.16
544,24,0,0,0,8.191999979317188,4,4,0,0,40,0,0,40,2.87
544,24,0,1,0,84.99199897050858,4,4,0,0,40,0,0,40,2.87
544,24,0,2,0,9.216000325977802,4,4,0,0,40,0,0,40,2.87
544,24,0,3,0,4.095999989658594,4,4,0,0,40,0,0,40,2.87
544,40,0,0,1,16.383999958634377,4,4,0,3,37,0,0,40,128.869
544,40,0,1,1,91.13600105047226,4,4,0,3,37,0,0,40,128.869
544,40,0,2,1,9.216000325977802,4,4,0,3,37,0,0,40,128.869
544,40,0,3,1,7.168000098317862,4,4,0,3,37,0,0,40,128.869
545,2,0,0,0,220.15999257564545,4,4,0,2,38,0,0,40,98.629
545,2,0,1,0,81.91999793052673,4,4,0,2,38,0,0,40,98.629
545,2,0,2,0,9.216000325977802,4,4,0,2,38,0,0,40,98.629
545,2,0,3,0,5.119999870657921,4,4,0,2,38,0,0,40,98.629
545,24,0,0,0,9.216000325977802,4,4,0,1,39,0,0,40,106.199
545,24,0,1,0,71.68000191450119,4,4,0,1,39,0,0,40,106.199
545,24,0,2,0,9.216000325977802,4,4,0,1,39,0,0,40,106.199
545,24,0,3,0,21.503999829292297,4,4,0,1,39,0,0,40,106.199
545,40,0,0,1,9.216000325977802,4,4,0,3,37,0,0,40,164.269
545,40,0,1,1,86.01599931716919,4,4,0,3,37,0,0,40,164.269
545,40,0,2,1,9.216000325977802,4,4,0,3,37,0,0,40,164.269
545,40,0,3,1,54.27199974656105,4,4,0,3,37,0,0,40,164.269
546,2,0,0,0,9.216000325977802,4,4,0,0,40,0,0,40,2.111
546,2,0,1,0,73.72800260782242,4,4,0,0,40,0,0,40,2.111
546,2,0,2,0,9.216000325977802,4,4,0,0,40,0,0,40,2.111
546,2,0,3,0,6.144000217318535,4,4,0,0,40,0,0,40,2.111
546,24,0,0,0,8.191999979317188,4,4,0,2,38,0,0,40,112.35
546,24,0,1,0,78.84799689054489,4,4,0,2,38,0,0,40,112.35
546,24,0,2,0,9.216000325977802,4,4,0,2,38,0,0,40,112.35
546,24,0,3,0,12.28800043463707,4,4,0,2,38,0,0,40,112.35
546,40,0,0,1,9.216000325977802,4,4,0,2,38,0,0,40,117.349
546,40,0,1,1,81.91999793052673,4,4,0,2,38,0,0,40,117.349
546,40,0,2,1,9.216000325977802,4,4,0,2,38,0,0,40,117.349
546,40,0,3,1,19.45599913597107,4,4,0,2,38,0,0,40,117.349
547,2,0,0,0,9.216000325977802,4,4,0,3,37,0,0,40,137.47
547,2,0,1,0,69.63200122117996,4,4,0,3,37,0,0,40,137.47
547,2,0,2,0,9.216000325977802,4,4,0,3,37,0,0,40,137.47
547,2,0,3,0,46.08000069856644,4,4,0,3,37,0,0,40,137.47
547,24,0,0,0,9.216000325977802,4,4,0,1,39,0,0,40,66.49
547,24,0,1,0,84.99199897050858,4,4,0,1,39,0,0,40,66.49
547,24,0,2,0,9.216000325977802,4,4,0,1,39,0,0,40,66.49
547,24,0,3,0,4.095999989658594,4,4,0,1,39,0,0,40,66.49
547,40,0,0,1,10.239999741315842,4,4,0,0,40,0,0,40,3.191
547,40,0,1,1,105.47199845314026,4,4,0,0,40,0,0,40,3.191
547,40,0,2,1,9.216000325977802,4,4,0,0,40,0,0,40,3.191
547,40,0,3,1,4.095999989658594,4,4,0,0,40,0,0,40,3.191
548,2,0,0,0,13.311999849975109,4,4,0,0,40,0,0,40,2.3
548,2,0,1,0,76.80000364780426,4,4,0,0,40,0,0,40,2.3
548,2,0,2,0,9.216000325977802,4,4,0,0,40,0,0,40,2.3
548,2,0,3,0,5.119999870657921,4,4,0,0,40,0,0,40,2.3
548,24,0,0,0,1829.8879861831665,4,4,0,1,39,0,0,40,89.729
548,24,0,1,0,82.94399827718735,4,4,0,1,39,0,0,40,89.729
548,24,0,2,0,9.216000325977802,4,4,0,1,39,0,0,40,89.729
548,24,0,3,0,3.0720001086592674,4,4,0,1,39,0,0,40,89.729
548,40,0,0,1,9.216000325977802,4,4,0,2,38,0,0,40,125.31
548,40,0,1,1,83.96799862384796,4,4,0,2,38,0,0,40,125.31
548,40,0,2,1,10.239999741315842,4,4,0,2,38,0,0,40,125.31
548,40,0,3,1,18.432000651955605,4,4,0,2,38,0,0,40,125.31
549,2,0,0,0,14.336000196635723,4,4,0,0,40,0,0,40,4.111
549,2,0,1,0,86.01599931716919,4,4,0,0,40,0,0,40,4.111
549,2,0,2,0,9.216000325977802,4,4,0,0,40,0,0,40,4.111
549,2,0,3,0,5.119999870657921,4,4,0,0,40,0,0,40,4.111
549,24,0,0,0,8.191999979317188,4,4,0,2,38,0,0,40,108.04
549,24,0,1,0,80.89599758386612,4,4,0,2,38,0,0,40,108.04
549,24,0,2,0,10.239999741315842,4,4,0,2,38,0,0,40,108.04
549,24,0,3,0,13.311999849975109,4,4,0,2,38,0,0,40,108.04
549,40,0,0,1,16.383999958634377,4,4,0,2,38,0,0,40,124.899
549,40,0,1,1,64.51199948787689,4,4,0,2,38,0,0,40,124.899
549,40,0,2,1,10.239999741315842,4,4,0,2,38,0,0,40,124.899
549,40,0,3,1,29.69600073993206,4,4,0,2,38,0,0,40,124.899
550,2,0,0,0,14.336000196635723,4,4,0,0,40,0,0,40,2.62
550,2,0,1,0,74.75200295448303,4,4,0,0,40,0,0,40,2.62
550,2,0,2,0,8.191999979317188,4,4,0,0,40,0,0,40,2.62
550,2,0,3,0,5.119999870657921,4,4,0,0,40,0,0,40,2.62
550,24,0,0,0,8.191999979317188,4,4,0,3,36,1,0,40,224.45
550,24,0,1,0,70.65600156784058,4,4,0,3,36,1,0,40,224.45
550,24,0,2,0,177.15199291706085,4,4,0,3,36,1,0,40,224.45
550,24,0,3,0,5.119999870657921,4,4,0,3,36,1,0,40,224.45
550,40,0,0,1,15.359999611973763,4,4,0,1,39,0,0,40,69.099
550,40,0,1,1,65.5359998345375,4,4,0,1,39,0,0,40,69.099
550,40,0,2,1,9.216000325977802,4,4,0,1,39,0,0,40,69.099
550,40,0,3,1,16.383999958634377,4,4,0,1,39,0,0,40,69.099
551,2,0,0,0,9.216000325977802,4,4,0,1,39,0,0,40,71.639
551,2,0,1,0,79.8719972372055,4,4,0,1,39,0,0,40,71.639
551,2,0,2,0,9.216000325977802,4,4,0,1,39,0,0,40,71.639
551,2,0,3,0,5.119999870657921,4,4,0,1,39,0,0,40,71.639
551,24,0,0,0,9.216000325977802,4,4,0,0,40,0,0,40,3.06
551,24,0,1,0,55.296000093221664,4,4,0,0,40,0,0,40,3.06
551,24,0,2,0,9.216000325977802,4,4,0,0,40,0,0,40,3.06
551,24,0,3,0,4.095999989658594,4,4,0,0,40,0,0,40,3.06
551,40,0,0,1,9.216000325977802,4,4,0,3,37,0,0,40,236.788
551,40,0,1,1,89.08800035715103,4,4,0,3,37,0,0,40,236.788
551,40,0,2,1,9.216000325977802,4,4,0,3,37,0,0,40,236.788
551,40,0,3,1,125.95200538635254,4,4,0,3,37,0,0,40,236.788
552,2,0,0,0,15.359999611973763,4,4,0,2,38,0,0,40,109.72
552,2,0,1,0,72.7040022611618,4,4,0,2,38,0,0,40,109.72
552,2,0,2,0,9.216000325977802,4,4,0,2,38,0,0,40,109.72
552,2,0,3,0,9.216000325977802,4,4,0,2,38,0,0,40,109.72
552,24,0,0,0,8.191999979317188,4,4,0,0,40,0,0,40,3.88
552,24,0,1,0,65.5359998345375,4,4,0,0,40,0,0,40,3.88
552,24,0,2,0,8.191999979317188,4,4,0,0,40,0,0,40,3.88
552,24,0,3,0,5.119999870657921,4,4,0,0,40,0,0,40,3.88
552,40,0,0,1,9.216000325977802,4,4,0,4,36,0,0,40,173.719
552,40,0,1,1,77.82399654388428,4,4,0,4,36,0,0,40,173.719
552,40,0,2,1,9.216000325977802,4,4,0,4,36,0,0,40,173.719
552,40,0,3,1,74.75200295448303,4,4,0,4,36,0,0,40,173.719
553,2,0,0,0,14.336000196635723,4,4,0,0,40,0,0,40,2.311
553,2,0,1,0,60.416001826524734,4,4,0,0,40,0,0,40,2.311
553,2,0,2,0,8.191999979317188,4,4,0,0,40,0,0,40,2.311
553,2,0,3,0,6.144000217318535,4,4,0,0,40,0,0,40,2.311
553,24,0,0,0,8.191999979317188,4,4,0,1,39,0,0,40,60.14
553,24,0,1,0,73.72800260782242,4,4,0,1,39,0,0,40,60.14
553,24,0,2,0,9.216000325977802,4,4,0,1,39,0,0,40,60.14
553,24,0,3,0,4.095999989658594,4,4,0,1,39,0,0,40,60.14
553,40,0,0,1,9.216000325977802,4,4,0,0,40,0,0,40,1.96
553,40,0,1,1,67.58400052785873,4,4,0,0,40,0,0,40,1.96
553,40,0,2,1,9.216000325977802,4,4,0,0,40,0,0,40,1.96
553,40,0,3,1,4.095999989658594,4,4,0,0,40,0,0,40,1.96
554,2,0,0,0,15.359999611973763,4,4,0,0,40,0,0,40,3.831
554,2,0,1,0,77.82399654388428,4,4,0,0,40,0,0,40,3.831
554,2,0,2,0,9.216000325977802,4,4,0,0,40,0,0,40,3.831
554,2,0,3,0,5.119999870657921,4,4,0,0,40,0,0,40,3.831
554,24,0,0,0,9.216000325977802,4,4,0,0,40,0,0,40,4.109
554,24,0,1,0,71.68000191450119,4,4,0,0,40,0,0,40,4.109
554,24,0,2,0,9.216000325977802,4,4,0,0,40,0,0,40,4.109
554,24,0,3,0,4.095999989658594,4,4,0,0,40,0,0,40,4.109
554,40,0,0,1,8.191999979317188,4,4,0,1,39,0,0,40,75.1
554,40,0,1,1,77.82399654388428,4,4,0,1,39,0,0,40,75.1
554,40,0,2,1,9.216000325977802,4,4,0,1,39,0,0,40,75.1
554,40,0,3,1,4.095999989658594,4,4,0,1,39,0,0,40,75.1
555,2,0,0,0,15.359999611973763,4,4,0,0,40,0,0,40,2.89
555,2,0,1,0,79.8719972372055,4,4,0,0,40,0,0,40,2.89
555,2,0,2,0,9.216000325977802,4,4,0,0,40,0,0,40,2.89
555,2,0,3,0,7.168000098317862,4,4,0,0,40,0,0,40,2.89
555,24,0,0,0,3061.7599487304688,4,4,0,0,40,0,0,40,2.78
555,24,0,1,0,70.65600156784058,4,4,0,0,40,0,0,40,2.78
555,24,0,2,0,8.191999979317188,4,4,0,0,40,0,0,40,2.78
555,24,0,3,0,4.095999989658594,4,4,0,0,40,0,0,40,2.78
555,40,0,0,1,10.239999741315842,4,4,0,0,40,0,0,40,3.56
555,40,0,1,1,90.11200070381165,4,4,0,0,40,0,0,40,3.56
555,40,0,2,1,9.216000325977802,4,4,0,0,40,0,0,40,3.56
555,40,0,3,1,4.095999989658594,4,4,0,0,40,0,0,40,3.56
556,2,0,0,0,14.336000196635723,4,4,0,0,40,0,0,40,2.38
556,2,0,1,0,78.84799689054489,4,4,0,0,40,0,0,40,2.38
556,2,0,2,0,8.191999979317188,4,4,0,0,40,0,0,40,2.38
556,2,0,3,0,5.119999870657921,4,4,0,0,40,0,0,40,2.38
556,24,0,0,0,8.191999979317188,4,4,0,0,40,0,0,40,2.15
556,24,0,1,0,70.65600156784058,4,4,0,0,40,0,0,40,2.15
556,24,0,2,0,9.216000325977802,4,4,0,0,40,0,0,40,2.15
556,24,0,3,0,4.095999989658594,4,4,0,0,40,0,0,40,2.15
556,40,0,0,1,8.191999979317188,4,4,0,1,39,0,0,40,88.949
556,40,0,1,1,73.72800260782242,4,4,0,1,39,0,0,40,88.949
556,40,0,2,1,9.216000325977802,4,4,0,1,39,0,0,40,88.949
556,40,0,3,1,4.095999989658594,4,4,0,1,39,0,0,40,88.949
557,2,0,0,0,8.191999979317188,4,4,0,0,40,0,0,40,2.61
557,2,0,1,0,71.68000191450119,4,4,0,0,40,0,0,40,2.61
557,2,0,2,0,8.191999979317188,4,4,0,0,40,0,0,40,2.61
557,2,0,3,0,5.119999870657921,4,4,0,0,40,0,0,40,2.61
557,24,0,0,0,8.191999979317188,4,4,0,1,39,0,0,40,66.99
557,24,0,1,0,86.01599931716919,4,4,0,1,39,0,0,40,66.99
557,24,0,2,0,8.191999979317188,4,4,0,1,39,0,0,40,66.99
557,24,0,3,0,4.095999989658594,4,4,0,1,39,0,0,40,66.99
557,40,0,0,1,9.216000325977802,4,4,0,0,40,0,0,40,4.43
557,40,0,1,1,87.0399996638298,4,4,0,0,40,0,0,40,4.43
557,40,0,2,1,9.216000325977802,4,4,0,0,40,0,0,40,4.43
557,40,0,3,1,4.095999989658594,4,4,0,0,40,0,0,40,4.43
558,2,0,0,0,14.336000196635723,4,4,0,0,40,0,0,40,4.22
558,2,0,1,0,80.89599758386612,4,4,0,0,40,0,0,40,4.22
558,2,0,2,0,8.191999979317188,4,4,0,0,40,0,0,40,4.22
558,2,0,3,0,6.144000217318535,4,4,0,0,40,0,0,40,4.22
558,24,0,0,0,8.191999979317188,4,4,0,0,40,0,0,40,3.171
558,24,0,1,0,72.7040022611618,4,4,0,0,40,0,0,40,3.171
558,24,0,2,0,9.216000325977802,4,4,0,0,40,0,0,40,3.171
558,24,0,3,0,4.095999989658594,4,4,0,0,40,0,0,40,3.171
558,40,0,0,1,17.40800030529499,4,4,0,1,39,0,0,40,111.69
558,40,0,1,1,81.91999793052673,4,4,0,1,39,0,0,40,111.69
558,40,0,2,1,9.216000325977802,4,4,0,1,39,0,0,40,111.69
558,40,0,3,1,6.144000217318535,4,4,0,1,39,0,0,40,111.69
559,2,0,0,0,8.191999979317188,1,1,0,0,10,0,0,10,0.9
559,2,0,1,0,30.719999223947525,1,1,0,0,10,0,0,10,0.9
559,2,0,2,0,8.191999979317188,1,1,0,0,10,0,0,10,0.9
559,2,0,3,0,5.119999870657921,1,1,0,0,10,0,0,10,0.9
559,24,0,0,0,8.191999979317188,1,1,0,0,10,0,0,10,0.7
559,24,0,1,0,31.74399957060814,1,1,0,0,10,0,0,10,0.7
559,24,0,2,0,9.216000325977802,1,1,0,0,10,0,0,10,0.7
559,24,0,3,0,4.095999989658594,1,1,0,0,10,0,0,10,0.7
559,40,0,0,1,8.191999979317188,1,1,0,0,10,0,0,10,0.5
559,40,0,1,1,35.840000957250595,1,1,0,0,10,0,0,10,0.5
559,40,0,2,1,10.239999741315842,1,1,0,0,10,0,0,10,0.5
559,40,0,3,1,4.095999989658594,1,1,0,0,10,0,0,10,0.5
560,2,0,0,0,13.311999849975109,4,4,0,0,40,0,0,40,4.26
560,2,0,1,0,83.96799862384796,4,4,0,0,40,0,0,40,4.26
560,2,0,2,0,8.191999979317188,4,4,0,0,40,0,0,40,4.26
560,2,0,3,0,5.119999870657921,4,4,0,0,40,0,0,40,4.26
560,24,0,0,0,9.216000325977802,4,4,0,0,40,0,0,40,2.87
560,24,0,1,0,66.56000018119812,4,4,0,0,40,0,0,40,2.87
560,24,0,2,0,9.216000325977802,4,4,0,0,40,0,0,40,2.87
560,24,0,3,0,4.095999989658594,4,4,0,0,40,0,0,40,2.87
560,40,0,0,1,9.216000325977802,4,4,0,0,40,0,0,40,1.9
560,40,0,1,1,77.82399654388428,4,4,0,0,40,0,0,40,1.9
560,40,0,2,1,8.191999979317188,4,4,0,0,40,0,0,40,1.9
560,40,0,3,1,4.095999989658594,4,4,0,0,40,0,0,40,1.9
561,2,0,0,0,45.05600035190582,1,1,0,0,10,0,0,10,0.929
561,2,0,1,0,31.74399957060814,1,1,0,0,10,0,0,10,0.929
561,2,0,2,0,8.191999979317188,1,1,0,0,10,0,0,10,0.929
561,2,0,3,0,6.144000217318535,1,1,0,0,10,0,0,10,0.929
561,24,0,0,0,9.216000325977802,1,1,0,0,10,0,0,10,0.66
561,24,0,1,0,31.74399957060814,1,1,0,0,10,0,0,10,0.66
561,24,0,2,0,9.216000325977802,1,1,0,0,10,0,0,10,0.66
561,24,0,3,0,4.095999989658594,1,1,0,0,10,0,0,10,0.66
561,40,0,0,1,9.216000325977802,1,1,0,0,10,0,0,10,0.909
561,40,0,1,1,35.840000957250595,1,1,0,0,10,0,0,10,0.909
561,40,0,2,1,9.216000325977802,1,1,0,0,10,0,0,10,0.909
561,40,0,3,1,4.095999989658594,1,1,0,0,10,0,0,10,0.909
562,2,0,0,0,8.191999979317188,1,1,0,0,10,0,0,10,0.76
562,2,0,1,0,30.719999223947525,1,1,0,0,10,0,0,10,0.76
562,2,0,2,0,8.191999979317188,1,1,0,0,10,0,0,10,0.76
562,2,0,3,0,4.095999989658594,1,1,0,0,10,0,0,10,0.76
562,24,0,0,0,9.216000325977802,1,1,0,0,10,0,0,10,1.6
562,24,0,1,0,32.76799991726875,1,1,0,0,10,0,0,10,1.6
562,24,0,2,0,9.216000325977802,1,1,0,0,10,0,0,10,1.6
562,24,0,3,0,4.095999989658594,1,1,0,0,10,0,0,10,1.6
562,40,0,0,1,3155.967950820923,1,1,0,0,10,0,0,10,1.03
562,40,0,1,1,35.840000957250595,1,1,0,0,10,0,0,10,1.03
562,40,0,2,1,9.216000325977802,1,1,0,0,10,0,0,10,1.03
562,40,0,3,1,4.095999989658594,1,1,0,0,10,0,0,10,1.03
563,2,0,0,0,9.216000325977802,2,2,0,1,19,0,0,20,158.219
563,2,0,1,0,43.007999658584595,2,2,0,1,19,0,0,20,158.219
563,2,0,2,0,9.216000325977802,2,2,0,1,19,0,0,20,158.219
563,2,0,3,0,93.18400174379349,2,2,0,1,19,0,0,20,158.219
563,24,0,0,0,9.216000325977802,2,2,0,0,20,0,0,20,0.84
563,24,0,1,0,43.007999658584595,2,2,0,0,20,0,0,20,0.84
563,24,0,2,0,8.191999979317188,2,2,0,0,20,0,0,20,0.84
563,24,0,3,0,4.095999989658594,2,2,0,0,20,0,0,20,0.84
563,40,0,0,1,10.239999741315842,2,2,0,1,19,0,0,20,65.86
563,40,0,1,1,44.03200000524521,2,2,0,1,19,0,0,20,65.86
563,40,0,2,1,9.216000325977802,2,2,0,1,19,0,0,20,65.86
563,40,0,3,1,4.095999989658594,2,2,0,1,19,0,0,20,65.86
564,2,0,0,0,15.359999611973763,3,3,0,0,30,0,0,30,1.749
564,2,0,1,0,66.56000018119812,3,3,0,0,30,0,0,30,1.749
564,2,0,2,0,9.216000325977802,3,3,0,0,30,0,0,30,1.749
564,2,0,3,0,5.119999870657921,3,3,0,0,30,0,0,30,1.749
564,24,0,0,0,17.40800030529499,3,3,0,5,25,0,0,30,113.279
564,24,0,1,0,48.128001391887665,3,3,0,5,25,0,0,30,113.279
564,24,0,2,0,9.216000325977802,3,3,0,5,25,0,0,30,113.279
564,24,0,3,0,33.79200026392937,3,3,0,5,25,0,0,30,113.279
564,40,0,0,1,9.216000325977802,3,3,0,3,27,0,0,30,87.41
564,40,0,1,1,57.34400078654289,3,3,0,3,27,0,0,30,87.41
564,40,0,2,1,10.239999741315842,3,3,0,3,27,0,0,30,87.41
564,40,0,3,1,7.168000098317862,3,3,0,3,27,0,0,30,87.41
565,2,0,0,0,15.359999611973763,4,4,0,0,40,0,0,40,4.02
565,2,0,1,0,81.91999793052673,4,4,0,0,40,0,0,40,4.02
565,2,0,2,0,8.191999979317188,4,4,0,0,40,0,0,40,4.02
565,2,0,3,0,6.144000217318535,4,4,0,0,40,0,0,40,4.02
565,24,0,0,0,15.359999611973763,4,4,0,1,39,0,0,40,59.079
565,24,0,1,0,91.13600105047226,4,4,0,1,39,0,0,40,59.079
565,24,0,2,0,9.216000325977802,4,4,0,1,39,0,0,40,59.079
565,24,0,3,0,4.095999989658594,4,4,0,1,39,0,0,40,59.079
565,40,0,0,1,9.216000325977802,4,4,0,0,40,0,0,40,4.26
565,40,0,1,1,84.99199897050858,4,4,0,0,40,0,0,40,4.26
565,40,0,2,1,9.216000325977802,4,4,0,0,40,0,0,40,4.26
565,40,0,3,1,4.095999989658594,4,4,0,0,40,0,0,40,4.26
566,2,0,0,0,10.239999741315842,4,4,0,0,40,0,0,40,3.9
566,2,0,1,0,72.7040022611618,4,4,0,0,40,0,0,40,3.9
566,2,0,2,0,9.216000325977802,4,4,0,0,40,0,0,40,3.9
566,2,0,3,0,5.119999870657921,4,4,0,0,40,0,0,40,3.9
566,24,0,0,0,9.216000325977802,4,4,0,2,38,0,0,40,64.48
566,24,0,1,0,73.72800260782242,4,4,0,2,38,0,0,40,64.48
566,24,0,2,0,9.216000325977802,4,4,0,2,38,0,0,40,64.48
566,24,0,3,0,3.0720001086592674,4,4,0,2,38,0,0,40,64.48
566,40,0,0,1,9.216000325977802,4,4,0,1,39,0,0,40,64.69
566,40,0,1,1,92.16000139713287,4,4,0,1,39,0,0,40,64.69
566,40,0,2,1,9.216000325977802,4,4,0,1,39,0,0,40,64.69
566,40,0,3,1,4.095999989658594,4,4,0,1,39,0,0,40,64.69
567,2,0,0,0,86.01599931716919,4,4,0,0,40,0,0,40,2.591
567,2,0,1,0,82.94399827718735,4,4,0,0,40,0,0,40,2.591
567,2,0,2,0,9.216000325977802,4,4,0,0,40,0,0,40,2.591
567,2,0,3,0,7.168000098317862,4,4,0,0,40,0,0,40,2.591
567,24,0,0,0,8.191999979317188,4,4,0,0,40,0,0,40,3.87
567,24,0,1,0,68.60800087451935,4,4,0,0,40,0,0,40,3.87
567,24,0,2,0,9.216000325977802,4,4,0,0,40,0,0,40,3.87
567,24,0,3,0,5.119999870657921,4,4,0,0,40,0,0,40,3.87
567,40,0,0,1,9.216000325977802,4,4,0,0,40,0,0,40,2.73
567,40,0,1,1,66.56000018119812,4,4,0,0,40,0,0,40,2.73
567,40,0,2,1,8.191999979317188,4,4,0,0,40,0,0,40,2.73
567,40,0,3,1,4.095999989658594,4,4,0,0,40,0,0,40,2.73
568,2,0,0,0,15.359999611973763,3,3,0,0,30,0,0,30,1.611
568,2,0,1,0,66.56000018119812,3,3,0,0,30,0,0,30,1.611
568,2,0,2,0,9.216000325977802,3,3,0,0,30,0,0,30,1.611
568,2,0,3,0,5.119999870657921,3,3,0,0,30,0,0,30,1.611
568,24,0,0,0,9.216000325977802,3,3,0,0,30,0,0,30,1.491
568,24,0,1,0,55.296000093221664,3,3,0,0,30,0,0,30,1.491
568,24,0,2,0,9.216000325977802,3,3,0,0,30,0,0,30,1.491
568,24,0,3,0,4.095999989658594,3,3,0,0,30,0,0,30,1.491
568,40,0,0,1,8.191999979317188,3,3,0,0,30,0,0,30,1.24
568,40,0,1,1,50.175998359918594,3,3,0,0,30,0,0,30,1.24
568,40,0,2,1,9.216000325977802,3,3,0,0,30,0,0,30,1.24
568,40,0,3,1,4.095999989658594,3,3,0,0,30,0,0,30,1.24
569,2,0,0,0,15.359999611973763,2,2,0,0,20,0,0,20,1.03
569,2,0,1,0,45.05600035190582,2,2,0,0,20,0,0,20,1.03
569,2,0,2,0,8.191999979317188,2,2,0,0,20,0,0,20,1.03
569,2,0,3,0,5.119999870657921,2,2,0,0,20,0,0,20,1.03
569,24,0,0,0,8.191999979317188,2,2,0,0,20,0,0,20,2.24
569,24,0,1,0,44.03200000524521,2,2,0,0,20,0,0,20,2.24
569,24,0,2,0,9.216000325977802,2,2,0,0,20,0,0,20,2.24
569,24,0,3,0,4.095999989658594,2,2,0,0,20,0,0,20,2.24
569,40,0,0,1,9.216000325977802,2,2,0,0,20,0,0,20,1.351
569,40,0,1,1,48.128001391887665,2,2,0,0,20,0,0,20,1.351
569,40,0,2,1,9.216000325977802,2,2,0,0,20,0,0,20,1.351
569,40,0,3,1,4.095999989658594,2,2,0,0,20,0,0,20,1.351
570,2,0,0,0,9.216000325977802,2,2,0,0,20,0,0,20,1.1
570,2,0,1,0,51.19999870657921,2,2,0,0,20,0,0,20,1.1
570,2,0,2,0,8.191999979317188,2,2,0,0,20,0,0,20,1.1
570,2,0,3,0,7.168000098317862,2,2,0,0,20,0,0,20,1.1
570,24,0,0,0,9.216000325977802,2,2,0,0,20,0,0,20,1.37
570,24,0,1,0,48.128001391887665,2,2,0,0,20,0,0,20,1.37
570,24,0,2,0,9.216000325977802,2,2,0,0,20,0,0,20,1.37
570,24,0,3,0,4.095999989658594,2,2,0,0,20,0,0,20,1.37
570,40,0,0,1,9.216000325977802,2,2,0,0,20,0,0,20,0.74
570,40,0,1,1,46.08000069856644,2,2,0,0,20,0,0,20,0.74
570,40,0,2,1,10.239999741315842,2,2,0,0,20,0,0,20,0.74
570,40,0,3,1,5.119999870657921,2,2,0,0,20,0,0,20,0.74
571,2,0,0,0,8.191999979317188,1,1,0,0,10,0,0,10,0.48
571,2,0,1,0,31.74399957060814,1,1,0,0,10,0,0,10,0.48
571,2,0,2,0,9.216000325977802,1,1,0,0,10,0,0,10,0.48
571,2,0,3,0,4.095999989658594,1,1,0,0,10,0,0,10,0.48
571,24,0,0,0,8.191999979317188,1,1,0,0,10,0,0,10,0.671
571,24,0,1,0,31.74399957060814,1,1,0,0,10,0,0,10,0.671
571,24,0,2,0,9.216000325977802,1,1,0,0,10,0,0,10,0.671
571,24,0,3,0,4.095999989658594,1,1,0,0,10,0,0,10,0.671
571,40,0,0,1,10.239999741315842,1,1,0,0,10,0,0,10,0.889
571,40,0,1,1,34.81600061058998,1,1,0,0,10,0,0,10,0.889
571,40,0,2,1,9.216000325977802,1,1,0,0,10,0,0,10,0.889
571,40,0,3,1,4.095999989658594,1,1,0,0,10,0,0,10,0.889
572,2,0,0,0,16.383999958634377,3,3,0,0,30,0,0,30,2.62
572,2,0,1,0,65.5359998345375,3,3,0,0,30,0,0,30,2.62
572,2,0,2,0,9.216000325977802,3,3,0,0,30,0,0,30,2.62
572,2,0,3,0,5.119999870657921,3,3,0,0,30,0,0,30,2.62
572,24,0,0,0,16.383999958634377,3,3,0,0,30,0,0,30,1.58
572,24,0,1,0,56.32000043988228,3,3,0,0,30,0,0,30,1.58
572,24,0,2,0,9.216000325977802,3,3,0,0,30,0,0,30,1.58
572,24,0,3,0,4.095999989658594,3,3,0,0,30,0,0,30,1.58
572,40,0,0,1,9.216000325977802,3,3,0,0,30,0,0,30,1.08
572,40,0,1,1,49.15200173854828,3,3,0,0,30,0,0,30,1.08
572,40,0,2,1,9.216000325977802,3,3,0,0,30,0,0,30,1.08
572,40,0,3,1,4.095999989658594,3,3,0,0,30,0,0,30,1.08
573,2,0,0,0,9.216000325977802,1,1,0,0,10,0,0,10,0.931
573,2,0,1,0,31.74399957060814,1,1,0,0,10,0,0,10,0.931
573,2,0,2,0,8.191999979317188,1,1,0,0,10,0,0,10,0.931
573,2,0,3,0,4.095999989658594,1,1,0,0,10,0,0,10,0.931
573,24,0,0,0,9.216000325977802,1,1,0,0,10,0,0,10,0.48
573,24,0,1,0,31.74399957060814,1,1,0,0,10,0,0,10,0.48
573,24,0,2,0,8.191999979317188,1,1,0,0,10,0,0,10,0.48
573,24,0,3,0,4.095999989658594,1,1,0,0,10,0,0,10,0.48
573,40,0,0,1,8.191999979317188,1,1,0,0,10,0,0,10,0.44
573,40,0,1,1,34.81600061058998,1,1,0,0,10,0,0,10,0.44
573,40,0,2,1,9.216000325977802,1,1,0,0,10,0,0,10,0.44
573,40,0,3,1,4.095999989658594,1,1,0,0,10,0,0,10,0.44
574,2,0,0,0,8.191999979317188,4,4,0,1,39,0,0,40,73.86
574,2,0,1,0,86.01599931716919,4,4,0,1,39,0,0,40,73.86
574,2,0,2,0,9.216000325977802,4,4,0,1,39,0,0,40,73.86
574,2,0,3,0,7.168000098317862,4,4,0,1,39,0,0,40,73.86
574,24,0,0,0,8.191999979317188,4,4,0,0,40,0,0,40,1.57
574,24,0,1,0,60.416001826524734,4,4,0,0,40,0,0,40,1.57
574,24,0,2,0,9.216000325977802,4,4,0,0,40,0,0,40,1.57
574,24,0,3,0,4.095999989658594,4,4,0,0,40,0,0,40,1.57
574,40,0,0,1,8.191999979317188,4,4,0,0,40,0,0,40,2.649
574,40,0,1,1,65.5359998345375,4,4,0,0,40,0,0,40,2.649
574,40,0,2,1,9.216000325977802,4,4,0,0,40,0,0,40,2.649
574,40,0,3,1,5.119999870657921,4,4,0,0,40,0,0,40,2.649
575,2,0,0,0,15.359999611973763,4,4,0,0,40,0,0,40,4.24
575,2,0,1,0,92.16000139713287,4,4,0,0,40,0,0,40,4.24
575,2,0,2,0,9.216000325977802,4,4,0,0,40,0,0,40,4.24
575,2,0,3,0,5.119999870657921,4,4,0,0,40,0,0,40,4.24
575,24,0,0,0,9.216000325977802,4,4,0,0,40,0,0,40,1.771
575,24,0,1,0,69.63200122117996,4,4,0,0,40,0,0,40,1.771
575,24,0,2,0,9.216000325977802,4,4,0,0,40,0,0,40,1.771
575,24,0,3,0,4.095999989658594,4,4,0,0,40,0,0,40,1.771
575,40,0,0,1,9.216000325977802,4,4,0,0,40,0,0,40,1.32
575,40,0,1,1,64.51199948787689,4,4,0,0,40,0,0,40,1.32
575,40,0,2,1,9.216000325977802,4,4,0,0,40,0,0,40,1.32
575,40,0,3,1,4.095999989658594,4,4,0,0,40,0,0,40,1.32
576,2,0,0,0,9.216000325977802,4,4,0,1,39,0,0,40,66.83
576,2,0,1,0,70.65600156784058,4,4,0,1,39,0,0,40,66.83
576,2,0,2,0,8.191999979317188,4,4,0,1,39,0,0,40,66.83
576,2,0,3,0,5.119999870657921,4,4,0,1,39,0,0,40,66.83
576,24,0,0,0,8.191999979317188,4,4,0,2,38,0,0,40,75.26
576,24,0,1,0,58.36800113320351,4,4,0,2,38,0,0,40,75.26
576,24,0,2,0,9.216000325977802,4,4,0,2,38,0,0,40,75.26
576,24,0,3,0,4.095999989658594,4,4,0,2,38,0,0,40,75.26
576,40,0,0,1,16.383999958634377,4,4,0,1,39,0,0,40,71.82
576,40,0,1,1,73.72800260782242,4,4,0,1,39,0,0,40,71.82
576,40,0,2,1,9.216000325977802,4,4,0,1,39,0,0,40,71.82
576,40,0,3,1,4.095999989658594,4,4,0,1,39,0,0,40,71.82
577,2,0,0,0,14.336000196635723,4,4,0,0,40,0,0,40,1.72
577,2,0,1,0,78.84799689054489,4,4,0,0,40,0,0,40,1.72
577,2,0,2,0,9.216000325977802,4,4,0,0,40,0,0,40,1.72
577,2,0,3,0,5.119999870657921,4,4,0,0,40,0,0,40,1.72
577,24,0,0,0,9.216000325977802,4,4,0,0,40,0,0,40,3.46
577,24,0,1,0,74.75200295448303,4,4,0,0,40,0,0,40,3.46
577,24,0,2,0,9.216000325977802,4,4,0,0,40,0,0,40,3.46
577,24,0,3,0,4.095999989658594,4,4,0,0,40,0,0,40,3.46
577,40,0,0,1,9.216000325977802,4,4,0,0,40,0,0,40,1.57
577,40,0,1,1,86.01599931716919,4,4,0,0,40,0,0,40,1.57
577,40,0,2,1,9.216000325977802,4,4,0,0,40,0,0,40,1.57
577,40,0,3,1,4.095999989658594,4,4,0,0,40,0,0,40,1.57
578,2,0,0,0,9.216000325977802,1,1,0,0,10,0,0,10,0.489
578,2,0,1,0,31.74399957060814,1,1,0,0,10,0,0,10,0.489
578,2,0,2,0,9.216000325977802,1,1,0,0,10,0,0,10,0.489
578,2,0,3,0,5.119999870657921,1,1,0,0,10,0,0,10,0.489
578,24,0,0,0,9.216000325977802,1,1,0,0,10,0,0,10,0.6
578,24,0,1,0,31.74399957060814,1,1,0,0,10,0,0,10,0.6
578,24,0,2,0,9.216000325977802,1,1,0,0,10,0,0,10,0.6
578,24,0,3,0,4.095999989658594,1,1,0,0,10,0,0,10,0.6
578,40,0,0,1,8.191999979317188,1,1,0,0,10,0,0,10,0.78
578,40,0,1,1,35.840000957250595,1,1,0,0,10,0,0,10,0.78
578,40,0,2,1,9.216000325977802,1,1,0,0,10,0,0,10,0.78
578,40,0,3,1,4.095999989658594,1,1,0,0,10,0,0,10,0.78
579,2,0,0,0,8.191999979317188,4,4,0,1,39,0,0,40,73.72
579,2,0,1,0,67.58400052785873,4,4,0,1,39,0,0,40,73.72
579,2,0,2,0,9.216000325977802,4,4,0,1,39,0,0,40,73.72
579,2,0,3,0,6.144000217318535,4,4,0,1,39,0,0,40,73.72
579,24,0,0,0,8.191999979317188,4,4,0,0,40,0,0,40,1.91
579,24,0,1,0,63.48799914121628,4,4,0,0,40,0,0,40,1.91
579,24,0,2,0,9.216000325977802,4,4,0,0,40,0,0,40,1.91
579,24,0,3,0,4.095999989658594,4,4,0,0,40,0,0,40,1.91
579,40,0,0,1,15.359999611973763,4,4,0,1,39,0,0,40,68.279
579,40,0,1,1,60.416001826524734,4,4,0,1,39,0,0,40,68.279
579,40,0,2,1,9.216000325977802,4,4,0,1,39,0,0,40,68.279
579,40,0,3,1,3.0720001086592674,4,4,0,1,39,0,0,40,68.279
580,2,0,0,0,9.216000325977802,1,1,0,0,10,0,0,10,0.79
580,2,0,1,0,31.74399957060814,1,1,0,0,10,0,0,10,0.79
580,2,0,2,0,8.191999979317188,1,1,0,0,10,0,0,10,0.79
580,2,0,3,0,5.119999870657921,1,1,0,0,10,0,0,10,0.79
580,24,0,0,0,8.191999979317188,1,1,0,0,10,0,0,10,0.39
580,24,0,1,0,31.74399957060814,1,1,0,0,10,0,0,10,0.39
580,24,0,2,0,8.191999979317188,1,1,0,0,10,0,0,10,0.39
580,24,0,3,0,4.095999989658594,1,1,0,0,10,0,0,10,0.39
580,40,0,0,1,9.216000325977802,1,1,0,0,10,0,0,10,0.54
580,40,0,1,1,35.840000957250595,1,1,0,0,10,0,0,10,0.54
580,40,0,2,1,9.216000325977802,1,1,0,0,10,0,0,10,0.54
580,40,0,3,1,4.095999989658594,1,1,0,0,10,0,0,10,0.54
581,2,0,0,0,14.336000196635723,4,4,0,0,40,0,0,40,1.85
581,2,0,1,0,74.75200295448303,4,4,0,0,40,0,0,40,1.85
581,2,0,2,0,9.216000325977802,4,4,0,0,40,0,0,40,1.85
581,2,0,3,0,5.119999870657921,4,4,0,0,40,0,0,40,1.85
581,24,0,0,0,9.216000325977802,4,4,0,0,40,0,0,40,3.12
581,24,0,1,0,54.27199974656105,4,4,0,0,40,0,0,40,3.12
581,24,0,2,0,9.216000325977802,4,4,0,0,40,0,0,40,3.12
581,24,0,3,0,4.095999989658594,4,4,0,0,40,0,0,40,3.12
581,40,0,0,1,9.216000325977802,4,4,0,0,40,0,0,40,1.53
581,40,0,1,1,59.39200147986412,4,4,0,0,40,0,0,40,1.53
581,40,0,2,1,8.191999979317188,4,4,0,0,40,0,0,40,1.53
581,40,0,3,1,5.119999870657921,4,4,0,0,40,0,0,40,1.53
582,2,0,0,0,8.191999979317188,3,3,0,0,30,0,0,30,1.171
582,2,0,1,0,70.65600156784058,3,3,0,0,30,0,0,30,1.171
582,2,0,2,0,9.216000325977802,3,3,0,0,30,0,0,30,1.171
582,2,0,3,0,5.119999870657921,3,3,0,0,30,0,0,30,1.171
582,24,0,0,0,9.216000325977802,3,3,0,0,30,0,0,30,1.28
582,24,0,1,0,51.19999870657921,3,3,0,0,30,0,0,30,1.28
582,24,0,2,0,9.216000325977802,3,3,0,0,30,0,0,30,1.28
582,24,0,3,0,3.0720001086592674,3,3,0,0,30,0,0,30,1.28
582,40,0,0,1,1225.7280349731445,3,3,0,0,30,0,0,30,1.83
582,40,0,1,1,52.22399905323982,3,3,0,0,30,0,0,30,1.83
582,40,0,2,1,10.239999741315842,3,3,0,0,30,0,0,30,1.83
582,40,0,3,1,4.095999989658594,3,3,0,0,30,0,0,30,1.83
583,2,0,0,0,9.216000325977802,2,2,0,1,19,0,0,20,57.219
583,2,0,1,0,52.22399905323982,2,2,0,1,19,0,0,20,57.219
583,2,0,2,0,9.216000325977802,2,2,0,1,19,0,0,20,57.219
583,2,0,3,0,6.144000217318535,2,2,0,1,19,0,0,20,57.219
583,24,0,0,0,8.191999979317188,2,2,0,0,20,0,0,20,0.87
583,24,0,1,0,39.93599861860275,2,2,0,0,20,0,0,20,0.87
583,24,0,2,0,8.191999979317188,2,2,0,0,20,0,0,20,0.87
583,24,0,3,0,4.095999989658594,2,2,0,0,20,0,0,20,0.87
583,40,0,0,1,9.216000325977802,2,2,0,0,20,0,0,20,0.94
583,40,0,1,1,41.98399931192398,2,2,0,0,20,0,0,20,0.94
583,40,0,2,1,9.216000325977802,2,2,0,0,20,0,0,20,0.94
583,40,0,3,1,4.095999989658594,2,2,0,0,20,0,0,20,0.94
584,2,0,0,0,2542.5920486450195,2,2,0,0,20,0,0,20,1.47
584,2,0,1,0,49.15200173854828,2,2,0,0,20,0,0,20,1.47
584,2,0,2,0,8.191999979317188,2,2,0,0,20,0,0,20,1.47
584,2,0,3,0,6.144000217318535,2,2,0,0,20,0,0,20,1.47
584,24,0,0,0,140.28799533843994,2,2,0,0,20,0,0,20,3.7
584,24,0,1,0,41.98399931192398,2,2,0,0,20,0,0,20,3.7
584,24,0,2,0,9.216000325977802,2,2,0,0,20,0,0,20,3.7
584,24,0,3,0,4.095999989658594,2,2,0,0,20,0,0,20,3.7
584,40,0,0,1,2071.552038192749,2,2,0,0,20,0,0,20,1.189
584,40,0,1,1,48.128001391887665,2,2,0,0,20,0,0,20,1.189
584,40,0,2,1,9.216000325977802,2,2,0,0,20,0,0,20,1.189
584,40,0,3,1,4.095999989658594,2,2,0,0,20,0,0,20,1.189
585,2,0,0,0,8.191999979317188,2,2,0,0,20,0,0,20,2.04
585,2,0,1,0,41.98399931192398,2,2,0,0,20,0,0,20,2.04
585,2,0,2,0,8.191999979317188,2,2,0,0,20,0,0,20,2.04
585,2,0,3,0,5.119999870657921,2,2,0,0,20,0,0,20,2.04
585,24,0,0,0,8.191999979317188,2,2,0,0,20,0,0,20,0.88
585,24,0,1,0,40.95999896526337,2,2,0,0,20,0,0,20,0.88
585,24,0,2,0,9.216000325977802,2,2,0,0,20,0,0,20,0.88
585,24,0,3,0,4.095999989658594,2,2,0,0,20,0,0,20,0.88
585,40,0,0,1,11.264000087976456,2,2,0,0,20,0,0,20,0.67
585,40,0,1,1,44.03200000524521,2,2,0,0,20,0,0,20,0.67
585,40,0,2,1,9.216000325977802,2,2,0,0,20,0,0,20,0.67
585,40,0,3,1,4.095999989658594,2,2,0,0,20,0,0,20,0.67
586,2,0,0,0,1039.3600463867188,1,1,0,0,10,0,0,10,0.949
586,2,0,1,0,31.74399957060814,1,1,0,0,10,0,0,10,0.949
586,2,0,2,0,8.191999979317188,1,1,0,0,10,0,0,10,0.949
586,2,0,3,0,5.119999870657921,1,1,0,0,10,0,0,10,0.949
586,24,0,0,0,8.191999979317188,1,1,0,0,10,0,0,10,0.331
586,24,0,1,0,30.719999223947525,1,1,0,0,10,0,0,10,0.331
586,24,0,2,0,9.216000325977802,1,1,0,0,10,0,0,10,0.331
586,24,0,3,0,4.095999989658594,1,1,0,0,10,0,0,10,0.331
586,40,0,0,1,8.191999979317188,1,1,0,0,10,0,0,10,0.431
586,40,0,1,1,34.81600061058998,1,1,0,0,10,0,0,10,0.431
586,40,0,2,1,9.216000325977802,1,1,0,0,10,0,0,10,0.431
586,40,0,3,1,4.095999989658594,1,1,0,0,10,0,0,10,0.431
587,2,0,0,0,9.216000325977802,2,2,0,0,20,0,0,20,0.9
587,2,0,1,0,47.10400104522705,2,2,0,0,20,0,0,20,0.9
587,2,0,2,0,9.216000325977802,2,2,0,0,20,0,0,20,0.9
587,2,0,3,0,6.144000217318535,2,2,0,0,20,0,0,20,0.9
587,24,0,0,0,354.3039858341217,2,2,0,0,20,0,0,20,1.7
587,24,0,1,0,43.007999658584595,2,2,0,0,20,0,0,20,1.7
587,24,0,2,0,9.216000325977802,2,2,0,0,20,0,0,20,1.7
587,24,0,3,0,4.095999989658594,2,2,0,0,20,0,0,20,1.7
587,40,0,0,1,11.264000087976456,2,2,0,0,20,0,0,20,0.751
587,40,0,1,1,40.95999896526337,2,2,0,0,20,0,0,20,0.751
587,40,0,2,1,9.216000325977802,2,2,0,0,20,0,0,20,0.751
587,40,0,3,1,4.095999989658594,2,2,0,0,20,0,0,20,0.751
588,2,0,0,0,15.359999611973763,3,3,0,0,30,0,0,30,1.7
588,2,0,1,0,64.51199948787689,3,3,0,0,30,0,0,30,1.7
588,2,0,2,0,9.216000325977802,3,3,0,0,30,0,0,30,1.7
588,2,0,3,0,5.119999870657921,3,3,0,0,30,0,0,30,1.7
588,24,0,0,0,15.359999611973763,3,3,0,0,30,0,0,30,1.069
588,24,0,1,0,48.128001391887665,3,3,0,0,30,0,0,30,1.069
588,24,0,2,0,8.191999979317188,3,3,0,0,30,0,0,30,1.069
588,24,0,3,0,5.119999870657921,3,3,0,0,30,0,0,30,1.069
588,40,0,0,1,10.239999741315842,3,3,0,0,30,0,0,30,1.21
588,40,0,1,1,57.34400078654289,3,3,0,0,30,0,0,30,1.21
588,40,0,2,1,9.216000325977802,3,3,0,0,30,0,0,30,1.21
588,40,0,3,1,3.0720001086592674,3,3,0,0,30,0,0,30,1.21
589,2,0,0,0,9.216000325977802,3,3,0,0,30,0,0,30,2.3
589,2,0,1,0,64.51199948787689,3,3,0,0,30,0,0,30,2.3
589,2,0,2,0,9.216000325977802,3,3,0,0,30,0,0,30,2.3
589,2,0,3,0,6.144000217318535,3,3,0,0,30,0,0,30,2.3
589,24,0,0,0,111.61600053310394,3,3,0,0,30,0,0,30,1.66
589,24,0,1,0,49.15200173854828,3,3,0,0,30,0,0,30,1.66
589,24,0,2,0,9.216000325977802,3,3,0,0,30,0,0,30,1.66
589,24,0,3,0,4.095999989658594,3,3,0,0,30,0,0,30,1.66
589,40,0,0,1,9.216000325977802,3,3,0,0,30,0,0,30,1.05
589,40,0,1,1,56.32000043988228,3,3,0,0,30,0,0,30,1.05
589,40,0,2,1,9.216000325977802,3,3,0,0,30,0,0,30,1.05
589,40,0,3,1,4.095999989658594,3,3,0,0,30,0,0,30,1.05
590,2,0,0,0,16.383999958634377,3,3,0,0,30,0,0,30,1.34
590,2,0,1,0,64.51199948787689,3,3,0,0,30,0,0,30,1.34
590,2,0,2,0,9.216000325977802,3,3,0,0,30,0,0,30,1.34
590,2,0,3,0,6.144000217318535,3,3,0,0,30,0,0,30,1.34
590,24,0,0,0,9.216000325977802,3,3,0,0,30,0,0,30,1.55
590,24,0,1,0,55.296000093221664,3,3,0,0,30,0,0,30,1.55
590,24,0,2,0,8.191999979317188,3,3,0,0,30,0,0,30,1.55
590,24,0,3,0,4.095999989658594,3,3,0,0,30,0,0,30,1.55
590,40,0,0,1,9.216000325977802,3,3,0,0,30,0,0,30,1.129
590,40,0,1,1,49.15200173854828,3,3,0,0,30,0,0,30,1.129
590,40,0,2,1,9.216000325977802,3,3,0,0,30,0,0,30,1.129
590,40,0,3,1,4.095999989658594,3,3,0,0,30,0,0,30,1.129
591,2,0,0,0,14.336000196635723,4,4,0,0,40,0,0,40,2.83
591,2,0,1,0,77.82399654388428,4,4,0,0,40,0,0,40,2.83
591,2,0,2,0,8.191999979317188,4,4,0,0,40,0,0,40,2.83
591,2,0,3,0,5.119999870657921,4,4,0,0,40,0,0,40,2.83
591,24,0,0,0,8.191999979317188,4,4,0,0,40,0,0,40,1.731
591,24,0,1,0,65.5359998345375,4,4,0,0,40,0,0,40,1.731
591,24,0,2,0,9.216000325977802,4,4,0,0,40,0,0,40,1.731
591,24,0,3,0,4.095999989658594,4,4,0,0,40,0,0,40,1.731
591,40,0,0,1,8.191999979317188,4,4,0,0,40,0,0,40,1.85
591,40,0,1,1,82.94399827718735,4,4,0,0,40,0,0,40,1.85
591,40,0,2,1,9.216000325977802,4,4,0,0,40,0,0,40,1.85
591,40,0,3,1,4.095999989658594,4,4,0,0,40,0,0,40,1.85
592,2,0,0,0,936.959981918335,2,2,0,0,20,0,0,20,1.32
592,2,0,1,0,45.05600035190582,2,2,0,0,20,0,0,20,1.32
592,2,0,2,0,9.216000325977802,2,2,0,0,20,0,0,20,1.32
592,2,0,3,0,5.119999870657921,2,2,0,0,20,0,0,20,1.32
592,24,0,0,0,9.216000325977802,2,2,0,0,20,0,0,20,0.71
592,24,0,1,0,45.05600035190582,2,2,0,0,20,0,0,20,0.71
592,24,0,2,0,9.216000325977802,2,2,0,0,20,0,0,20,0.71
592,24,0,3,0,4.095999989658594,2,2,0,0,20,0,0,20,0.71
592,40,0,0,1,11.264000087976456,2,2,0,0,20,0,0,20,0.62
592,40,0,1,1,57.34400078654289,2,2,0,0,20,0,0,20,0.62
592,40,0,2,1,9.216000325977802,2,2,0,0,20,0,0,20,0.62
592,40,0,3,1,4.095999989658594,2,2,0,0,20,0,0,20,0.62
593,2,0,0,0,453.6319971084595,4,4,0,0,40,0,0,40,2.369
593,2,0,1,0,74.75200295448303,4,4,0,0,40,0,0,40,2.369
593,2,0,2,0,9.216000325977802,4,4,0,0,40,0,0,40,2.369
593,2,0,3,0,5.119999870657921,4,4,0,0,40,0,0,40,2.369
593,24,0,0,0,8.191999979317188,4,4,0,0,40,0,0,40,2.7
593,24,0,1,0,65.5359998345375,4,4,0,0,40,0,0,40,2.7
593,24,0,2,0,8.191999979317188,4,4,0,0,40,0,0,40,2.7
593,24,0,3,0,4.095999989658594,4,4,0,0,40,0,0,40,2.7
593,40,0,0,1,9.216000325977802,4,4,0,0,40,0,0,40,3.27
593,40,0,1,1,66.56000018119812,4,4,0,0,40,0,0,40,3.27
593,40,0,2,1,9.216000325977802,4,4,0,0,40,0,0,40,3.27
593,40,0,3,1,4.095999989658594,4,4,0,0,40,0,0,40,3.27
594,2,0,0,0,9.216000325977802,1,1,0,0,10,0,0,10,0.791
594,2,0,1,0,31.74399957060814,1,1,0,0,10,0,0,10,0.791
594,2,0,2,0,9.216000325977802,1,1,0,0,10,0,0,10,0.791
594,2,0,3,0,4.095999989658594,1,1,0,0,10,0,0,10,0.791
594,24,0,0,0,9.216000325977802,1,1,0,0,10,0,0,10,0.43
594,24,0,1,0,31.74399957060814,1,1,0,0,10,0,0,10,0.43
594,24,0,2,0,9.216000325977802,1,1,0,0,10,0,0,10,0.43
594,24,0,3,0,5.119999870657921,1,1,0,0,10,0,0,10,0.43
594,40,0,0,1,9.216000325977802,1,1,0,0,10,0,0,10,0.43
594,40,0,1,1,34.81600061058998,1,1,0,0,10,0,0,10,0.43
594,40,0,2,1,9.216000325977802,1,1,0,0,10,0,0,10,0.43
594,40,0,3,1,4.095999989658594,1,1,0,0,10,0,0,10,0.43
595,2,0,0,0,9.216000325977802,2,2,0,0,20,0,0,20,1.13
595,2,0,1,0,45.05600035190582,2,2,0,0,20,0,0,20,1.13
595,2,0,2,0,9.216000325977802,2,2,0,0,20,0,0,20,1.13
595,2,0,3,0,6.144000217318535,2,2,0,0,20,0,0,20,1.13
595,24,0,0,0,9.216000325977802,2,2,0,0,20,0,0,20,0.75
595,24,0,1,0,41.98399931192398,2,2,0,0,20,0,0,20,0.75
595,24,0,2,0,9.216000325977802,2,2,0,0,20,0,0,20,0.75
595,24,0,3,0,4.095999989658594,2,2,0,0,20,0,0,20,0.75
595,40,0,0,1,8.191999979317188,2,2,0,0,20,0,0,20,0.791
595,40,0,1,1,45.05600035190582,2,2,0,0,20,0,0,20,0.791
595,40,0,2,1,9.216000325977802,2,2,0,0,20,0,0,20,0.791
595,40,0,3,1,4.095999989658594,2,2,0,0,20,0,0,20,0.791
596,2,0,0,0,16.383999958634377,3,3,0,1,29,0,0,30,158.21
596,2,0,1,0,61.43999844789505,3,3,0,1,29,0,0,30,158.21
596,2,0,2,0,9.216000325977802,3,3,0,1,29,0,0,30,158.21
596,2,0,3,0,69.63200122117996,3,3,0,1,29,0,0,30,158.21
596,24,0,0,0,15.359999611973763,3,3,0,1,29,0,0,30,108.419
596,24,0,1,0,53.247999399900436,3,3,0,1,29,0,0,30,108.419
596,24,0,2,0,9.216000325977802,3,3,0,1,29,0,0,30,108.419
596,24,0,3,0,28.672000393271446,3,3,0,1,29,0,0,30,108.419
596,40,0,0,1,9.216000325977802,3,3,0,0,30,0,0,30,0.929
596,40,0,1,1,51.19999870657921,3,3,0,0,30,0,0,30,0.929
596,40,0,2,1,9.216000325977802,3,3,0,0,30,0,0,30,0.929
596,40,0,3,1,4.095999989658594,3,3,0,0,30,0,0,30,0.929
597,2,0,0,0,8.191999979317188,1,1,0,0,10,0,0,10,0.549
597,2,0,1,0,30.719999223947525,1,1,0,0,10,0,0,10,0.549
597,2,0,2,0,9.216000325977802,1,1,0,0,10,0,0,10,0.549
597,2,0,3,0,5.119999870657921,1,1,0,0,10,0,0,10,0.549
597,24,0,0,0,10.239999741315842,1,1,0,0,10,0,0,10,0.46
597,24,0,1,0,31.74399957060814,1,1,0,0,10,0,0,10,0.46
597,24,0,2,0,8.191999979317188,1,1,0,0,10,0,0,10,0.46
597,24,0,3,0,4.095999989658594,1,1,0,0,10,0,0,10,0.46
597,40,0,0,1,8.191999979317188,1,1,0,0,10,0,0,10,0.52
597,40,0,1,1,34.81600061058998,1,1,0,0,10,0,0,10,0.52
597,40,0,2,1,9.216000325977802,1,1,0,0,10,0,0,10,0.52
597,40,0,3,1,4.095999989658594,1,1,0,0,10,0,0,10,0.52
598,2,0,0,0,8.191999979317188,3,3,0,1,29,0,0,30,62.65
598,2,0,1,0,58.36800113320351,3,3,0,1,29,0,0,30,62.65
598,2,0,2,0,9.216000325977802,3,3,0,1,29,0,0,30,62.65
598,2,0,3,0,6.144000217318535,3,3,0,1,29,0,0,30,62.65
598,24,0,0,0,16.383999958634377,3,3,0,0,30,0,0,30,1.3
598,24,0,1,0,60.416001826524734,3,3,0,0,30,0,0,30,1.3
598,24,0,2,0,9.216000325977802,3,3,0,0,30,0,0,30,1.3
598,24,0,3,0,4.095999989658594,3,3,0,0,30,0,0,30,1.3
598,40,0,0,1,9.216000325977802,3,3,0,0,30,0,0,30,1.52
598,40,0,1,1,55.296000093221664,3,3,0,0,30,0,0,30,1.52
598,40,0,2,1,9.216000325977802,3,3,0,0,30,0,0,30,1.52
598,40,0,3,1,4.095999989658594,3,3,0,0,30,0,0,30,1.52
599,2,0,0,0,14.336000196635723,4,4,0,0,40,0,0,40,3.471
599,2,0,1,0,67.58400052785873,4,4,0,0,40,0,0,40,3.471
599,2,0,2,0,9.216000325977802,4,4,0,0,40,0,0,40,3.471
599,2,0,3,0,5.119999870657921,4,4,0,0,40,0,0,40,3.471
599,24,0,0,0,8.191999979317188,4,4,0,0,40,0,0,40,3.32
599,24,0,1,0,62.463998794555664,4,4,0,0,40,0,0,40,3.32
599,24,0,2,0,9.216000325977802,4,4,0,0,40,0,0,40,3.32
599,24,0,3,0,4.095999989658594,4,4,0,0,40,0,0,40,3.32
599,40,0,0,1,11.264000087976456,4,4,0,0,40,0,0,40,1.98
599,40,0,1,1,78.84799689054489,4,4,0,0,40,0,0,40,1.98
599,40,0,2,1,9.216000325977802,4,4,0,0,40,0,0,40,1.98
599,40,0,3,1,4.095999989658594,4,4,0,0,40,0,0,40,1.98
600,2,0,0,0,15.359999611973763,4,4,0,0,40,0,0,40,2.38
600,2,0,1,0,78.84799689054489,4,4,0,0,40,0,0,40,2.38
600,2,0,2,0,9.216000325977802,4,4,0,0,40,0,0,40,2.38
600,2,0,3,0,7.168000098317862,4,4,0,0,40,0,0,40,2.38
600,24,0,0,0,523.2639908790588,4,4,0,0,40,0,0,40,2.19
600,24,0,1,0,71.68000191450119,4,4,0,0,40,0,0,40,2.19
600,24,0,2,0,9.216000325977802,4,4,0,0,40,0,0,40,2.19
600,24,0,3,0,4.095999989658594,4,4,0,0,40,0,0,40,2.19
600,40,0,0,1,1406.9759845733643,4,4,0,0,40,0,0,40,2.26
600,40,0,1,1,87.0399996638298,4,4,0,0,40,0,0,40,2.26
600,40,0,2,1,9.216000325977802,4,4,0,0,40,0,0,40,2.26
600,40,0,3,1,4.095999989658594,4,4,0,0,40,0,0,40,2.26
601,2,0,0,0,14.336000196635723,4,4,0,0,40,0,0,40,4.27
601,2,0,1,0,78.84799689054489,4,4,0,0,40,0,0,40,4.27
601,2,0,2,0,9.216000325977802,4,4,0,0,40,0,0,40,4.27
601,2,0,3,0,7.168000098317862,4,4,0,0,40,0,0,40,4.27
601,24,0,0,0,8.191999979317188,4,4,0,1,39,0,0,40,101.929
601,24,0,1,0,78.84799689054489,4,4,0,1,39,0,0,40,101.929
601,24,0,2,0,9.216000325977802,4,4,0,1,39,0,0,40,101.929
601,24,0,3,0,4.095999989658594,4,4,0,1,39,0,0,40,101.929
601,40,0,0,1,9.216000325977802,4,4,0,0,40,0,0,40,2.12
601,40,0,1,1,73.72800260782242,4,4,0,0,40,0,0,40,2.12
601,40,0,2,1,9.216000325977802,4,4,0,0,40,0,0,40,2.12
601,40,0,3,1,4.095999989658594,4,4,0,0,40,0,0,40,2.12
602,2,0,0,0,9.216000325977802,4,4,0,1,39,0,0,40,62.33
602,2,0,1,0,76.80000364780426,4,4,0,1,39,0,0,40,62.33
602,2,0,2,0,9.216000325977802,4,4,0,1,39,0,0,40,62.33
602,2,0,3,0,5.119999870657921,4,4,0,1,39,0,0,40,62.33
602,24,0,0,0,8.191999979317188,4,4,0,0,40,0,0,40,2.24
602,24,0,1,0,80.89599758386612,4,4,0,0,40,0,0,40,2.24
602,24,0,2,0,9.216000325977802,4,4,0,0,40,0,0,40,2.24
602,24,0,3,0,4.095999989658594,4,4,0,0,40,0,0,40,2.24
602,40,0,0,1,16.383999958634377,4,4,0,0,40,0,0,40,2.88
602,40,0,1,1,88.06400001049042,4,4,0,0,40,0,0,40,2.88
602,40,0,2,1,8.191999979317188,4,4,0,0,40,0,0,40,2.88
602,40,0,3,1,4.095999989658594,4,4,0,0,40,0,0,40,2.88
603,2,0,0,0,8.191999979317188,4,4,0,1,39,0,0,40,104.33
603,2,0,1,0,71.68000191450119,4,4,0,1,39,0,0,40,104.33
603,2,0,2,0,9.216000325977802,4,4,0,1,39,0,0,40,104.33
603,2,0,3,0,11.264000087976456,4,4,0,1,39,0,0,40,104.33
603,24,0,0,0,7.168000098317862,4,4,0,2,38,0,0,40,160.979
603,24,0,1,0,66.56000018119812,4,4,0,2,38,0,0,40,160.979
603,24,0,2,0,9.216000325977802,4,4,0,2,38,0,0,40,160.979
603,24,0,3,0,72.7040022611618,4,4,0,2,38,0,0,40,160.979
603,40,0,0,1,15.359999611973763,4,4,0,1,39,0,0,40,76.8
603,40,0,1,1,87.0399996638298,4,4,0,1,39,0,0,40,76.8
603,40,0,2,1,9.216000325977802,4,4,0,1,39,0,0,40,76.8
603,40,0,3,1,4.095999989658594,4,4,0,1,39,0,0,40,76.8
604,2,0,0,0,14.336000196635723,4,4,0,0,40,0,0,40,4.249
604,2,0,1,0,80.89599758386612,4,4,0,0,40,0,0,40,4.249
604,2,0,2,0,9.216000325977802,4,4,0,0,40,0,0,40,4.249
604,2,0,3,0,7.168000098317862,4,4,0,0,40,0,0,40,4.249
604,24,0,0,0,9.216000325977802,4,4,0,3,37,0,0,40,204.379
604,24,0,1,0,70.65600156784058,4,4,0,3,37,0,0,40,204.379
604,24,0,2,0,9.216000325977802,4,4,0,3,37,0,0,40,204.379
604,24,0,3,0,111.61600053310394,4,4,0,3,37,0,0,40,204.379
604,40,0,0,1,9.216000325977802,4,4,0,0,40,0,0,40,2.04
604,40,0,1,1,84.99199897050858,4,4,0,0,40,0,0,40,2.04
604,40,0,2,1,9.216000325977802,4,4,0,0,40,0,0,40,2.04
604,40,0,3,1,4.095999989658594,4,4,0,0,40,0,0,40,2.04
605,2,0,0,0,9.216000325977802,4,4,0,3,37,0,0,40,146.579
605,2,0,1,0,74.75200295448303,4,4,0,3,37,0,0,40,146.579
605,2,0,2,0,9.216000325977802,4,4,0,3,37,0,0,40,146.579
605,2,0,3,0,50.175998359918594,4,4,0,3,37,0,0,40,146.579
605,24,0,0,0,8.191999979317188,4,4,0,0,40,0,0,40,3.64
605,24,0,1,0,87.0399996638298,4,4,0,0,40,0,0,40,3.64
605,24,0,2,0,9.216000325977802,4,4,0,0,40,0,0,40,3.64
605,24,0,3,0,4.095999989658594,4,4,0,0,40,0,0,40,3.64
605,40,0,0,1,8.191999979317188,4,4,0,0,40,0,0,40,3.48
605,40,0,1,1,99.32799637317657,4,4,0,0,40,0,0,40,3.48
605,40,0,2,1,9.216000325977802,4,4,0,0,40,0,0,40,3.48
605,40,0,3,1,4.095999989658594,4,4,0,0,40,0,0,40,3.48
606,2,0,0,0,9.216000325977802,4,4,0,1,39,0,0,40,69.91
606,2,0,1,0,68.60800087451935,4,4,0,1,39,0,0,40,69.91
606,2,0,2,0,9.216000325977802,4,4,0,1,39,0,0,40,69.91
606,2,0,3,0,5.119999870657921,4,4,0,1,39,0,0,40,69.91
606,24,0,0,0,8.191999979317188,4,4,0,1,39,0,0,40,54.77
606,24,0,1,0,67.58400052785873,4,4,0,1,39,0,0,40,54.77
606,24,0,2,0,9.216000325977802,4,4,0,1,39,0,0,40,54.77
606,24,0,3,0,5.119999870657921,4,4,0,1,39,0,0,40,54.77
606,40,0,0,1,10.239999741315842,4,4,0,0,40,0,0,40,1.951
606,40,0,1,1,68.60800087451935,4,4,0,0,40,0,0,40,1.951
606,40,0,2,1,9.216000325977802,4,4,0,0,40,0,0,40,1.951
606,40,0,3,1,3.0720001086592674,4,4,0,0,40,0,0,40,1.951
607,2,0,0,0,8.191999979317188,1,1,0,0,10,0,0,10,0.53
607,2,0,1,0,32.76799991726875,1,1,0,0,10,0,0,10,0.53
607,2,0,2,0,8.191999979317188,1,1,0,0,10,0,0,10,0.53
607,2,0,3,0,4.095999989658594,1,1,0,0,10,0,0,10,0.53
607,24,0,0,0,8.191999979317188,1,1,0,0,10,0,0,10,0.64
607,24,0,1,0,30.719999223947525,1,1,0,0,10,0,0,10,0.64
607,24,0,2,0,9.216000325977802,1,1,0,0,10,0,0,10,0.64
607,24,0,3,0,4.095999989658594,1,1,0,0,10,0,0,10,0.64
607,40,0,0,1,9.216000325977802,1,1,0,0,10,0,0,10,0.349
607,40,0,1,1,34.81600061058998,1,1,0,0,10,0,0,10,0.349
607,40,0,2,1,9.216000325977802,1,1,0,0,10,0,0,10,0.349
607,40,0,3,1,4.095999989658594,1,1,0,0,10,0,0,10,0.349
608,2,0,0,0,8.191999979317188,3,3,0,1,29,0,0,30,166.0
608,2,0,1,0,60.416001826524734,3,3,0,1,29,0,0,30,166.0
608,2,0,2,0,9.216000325977802,3,3,0,1,29,0,0,30,166.0
608,2,0,3,0,86.01599931716919,3,3,0,1,29,0,0,30,166.0
608,24,0,0,0,14.336000196635723,3,3,0,0,30,0,0,30,2.14
608,24,0,1,0,60.416001826524734,3,3,0,0,30,0,0,30,2.14
608,24,0,2,0,8.191999979317188,3,3,0,0,30,0,0,30,2.14
608,24,0,3,0,5.119999870657921,3,3,0,0,30,0,0,30,2.14
608,40,0,0,1,9.216000325977802,3,3,0,0,30,0,0,30,1.08
608,40,0,1,1,56.32000043988228,3,3,0,0,30,0,0,30,1.08
608,40,0,2,1,9.216000325977802,3,3,0,0,30,0,0,30,1.08
608,40,0,3,1,4.095999989658594,3,3,0,0,30,0,0,30,1.08
609,2,0,0,0,14.336000196635723,4,4,0,0,40,0,0,40,1.929
609,2,0,1,0,74.75200295448303,4,4,0,0,40,0,0,40,1.929
609,2,0,2,0,9.216000325977802,4,4,0,0,40,0,0,40,1.929
609,2,0,3,0,5.119999870657921,4,4,0,0,40,0,0,40,1.929
609,24,0,0,0,8.191999979317188,4,4,0,2,38,0,0,40,72.659
609,24,0,1,0,78.84799689054489,4,4,0,2,38,0,0,40,72.659
609,24,0,2,0,9.216000325977802,4,4,0,2,38,0,0,40,72.659
609,24,0,3,0,4.095999989658594,4,4,0,2,38,0,0,40,72.659
609,40,0,0,1,9.216000325977802,4,4,0,0,40,0,0,40,1.75
609,40,0,1,1,68.60800087451935,4,4,0,0,40,0,0,40,1.75
609,40,0,2,1,9.216000325977802,4,4,0,0,40,0,0,40,1.75
609,40,0,3,1,4.095999989658594,4,4,0,0,40,0,0,40,1.75
610,2,0,0,0,8.191999979317188,3,3,0,0,30,0,0,30,1.75
610,2,0,1,0,59.39200147986412,3,3,0,0,30,0,0,30,1.75
610,2,0,2,0,9.216000325977802,3,3,0,0,30,0,0,30,1.75
610,2,0,3,0,6.144000217318535,3,3,0,0,30,0,0,30,1.75
610,24,0,0,0,8.191999979317188,3,3,0,0,30,0,0,30,1.12
610,24,0,1,0,53.247999399900436,3,3,0,0,30,0,0,30,1.12
610,24,0,2,0,9.216000325977802,3,3,0,0,30,0,0,30,1.12
610,24,0,3,0,4.095999989658594,3,3,0,0,30,0,0,30,1.12
610,40,0,0,1,8.191999979317188,3,3,0,0,30,0,0,30,1.04
610,40,0,1,1,47.10400104522705,3,3,0,0,30,0,0,30,1.04
610,40,0,2,1,9.216000325977802,3,3,0,0,30,0,0,30,1.04
610,40,0,3,1,4.095999989658594,3,3,0,0,30,0,0,30,1.04
611,2,0,0,0,9.216000325977802,1,1,0,0,10,0,0,10,0.82
611,2,0,1,0,32.76799991726875,1,1,0,0,10,0,0,10,0.82
611,2,0,2,0,8.191999979317188,1,1,0,0,10,0,0,10,0.82
611,2,0,3,0,4.095999989658594,1,1,0,0,10,0,0,10,0.82
611,24,0,0,0,8.191999979317188,1,1,0,0,10,0,0,10,0.63
611,24,0,1,0,31.74399957060814,1,1,0,0,10,0,0,10,0.63
611,24,0,2,0,9.216000325977802,1,1,0,0,10,0,0,10,0.63
611,24,0,3,0,4.095999989658594,1,1,0,0,10,0,0,10,0.63
611,40,0,0,1,8.191999979317188,1,1,0,0,10,0,0,10,0.7
611,40,0,1,1,35.840000957250595,1,1,0,0,10,0,0,10,0.7
611,40,0,2,1,9.216000325977802,1,1,0,0,10,0,0,10,0.7
611,40,0,3,1,4.095999989658594,1,1,0,0,10,0,0,10,0.7
612,2,0,0,0,8.191999979317188,4,4,0,1,39,0,0,40,91.08
612,2,0,1,0,81.91999793052673,4,4,0,1,39,0,0,40,91.08
612,2,0,2,0,9.216000325977802,4,4,0,1,39,0,0,40,91.08
612,2,0,3,0,5.119999870657921,4,4,0,1,39,0,0,40,91.08
612,24,0,0,0,8.191999979317188,4,4,0,0,40,0,0,40,2.46
612,24,0,1,0,70.65600156784058,4,4,0,0,40,0,0,40,2.46
612,24,0,2,0,8.191999979317188,4,4,0,0,40,0,0,40,2.46
612,24,0,3,0,4.095999989658594,4,4,0,0,40,0,0,40,2.46
612,40,0,0,1,9.216000325977802,4,4,0,0,40,0,0,40,2.7
612,40,0,1,1,90.11200070381165,4,4,0,0,40,0,0,40,2.7
612,40,0,2,1,9.216000325977802,4,4,0,0,40,0,0,40,2.7
612,40,0,3,1,4.095999989658594,4,4,0,0,40,0,0,40,2.7
613,2,0,0,0,15.359999611973763,2,2,0,0,20,0,0,20,1.2
613,2,0,1,0,41.98399931192398,2,2,0,0,20,0,0,20,1.2
613,2,0,2,0,9.216000325977802,2,2,0,0,20,0,0,20,1.2
613,2,0,3,0,5.119999870657921,2,2,0,0,20,0,0,20,1.2
613,24,0,0,0,8.191999979317188,2,2,0,0,20,0,0,20,2.399
613,24,0,1,0,47.10400104522705,2,2,0,0,20,0,0,20,2.399
613,24,0,2,0,8.191999979317188,2,2,0,0,20,0,0,20,2.399
613,24,0,3,0,4.095999989658594,2,2,0,0,20,0,0,20,2.399
613,40,0,0,1,9.216000325977802,2,2,0,0,20,0,0,20,0.8
613,40,0,1,1,54.27199974656105,2,2,0,0,20,0,0,20,0.8
613,40,0,2,1,9.216000325977802,2,2,0,0,20,0,0,20,0.8
613,40,0,3,1,4.095999989658594,2,2,0,0,20,0,0,20,0.8
614,2,0,0,0,9.216000325977802,2,2,0,0,20,0,0,20,1.131
614,2,0,1,0,45.05600035190582,2,2,0,0,20,0,0,20,1.131
614,2,0,2,0,9.216000325977802,2,2,0,0,20,0,0,20,1.131
614,2,0,3,0,6.144000217318535,2,2,0,0,20,0,0,20,1.131
614,24,0,0,0,9.216000325977802,2,2,0,0,20,0,0,20,0.811
614,24,0,1,0,48.128001391887665,2,2,0,0,20,0,0,20,0.811
614,24,0,2,0,9.216000325977802,2,2,0,0,20,0,0,20,0.811
614,24,0,3,0,4.095999989658594,2,2,0,0,20,0,0,20,0.811
614,40,0,0,1,8.191999979317188,2,2,0,0,20,0,0,20,0.76
614,40,0,1,1,48.128001391887665,2,2,0,0,20,0,0,20,0.76
614,40,0,2,1,9.216000325977802,2,2,0,0,20,0,0,20,0.76
614,40,0,3,1,4.095999989658594,2,2,0,0,20,0,0,20,0.76
615,2,0,0,0,9.216000325977802,2,2,0,0,20,0,0,20,0.68
615,2,0,1,0,51.19999870657921,2,2,0,0,20,0,0,20,0.68
615,2,0,2,0,8.191999979317188,2,2,0,0,20,0,0,20,0.68
615,2,0,3,0,5.119999870657921,2,2,0,0,20,0,0,20,0.68
615,24,0,0,0,9.216000325977802,2,2,0,0,20,0,0,20,0.82
615,24,0,1,0,39.93599861860275,2,2,0,0,20,0,0,20,0.82
615,24,0,2,0,8.191999979317188,2,2,0,0,20,0,0,20,0.82
615,24,0,3,0,4.095999989658594,2,2,0,0,20,0,0,20,0.82
615,40,0,0,1,10.239999741315842,2,2,0,0,20,0,0,20,0.64
615,40,0,1,1,41.98399931192398,2,2,0,0,20,0,0,20,0.64
615,40,0,2,1,9.216000325977802,2,2,0,0,20,0,0,20,0.64
615,40,0,3,1,4.095999989658594,2,2,0,0,20,0,0,20,0.64
616,2,0,0,0,8.191999979317188,2,2,0,0,20,0,0,20,0.9
616,2,0,1,0,49.15200173854828,2,2,0,0,20,0,0,20,0.9
616,2,0,2,0,9.216000325977802,2,2,0,0,20,0,0,20,0.9
616,2,0,3,0,6.144000217318535,2,2,0,0,20,0,0,20,0.9
616,24,0,0,0,9.216000325977802,2,2,0,0,20,0,0,20,1.231
616,24,0,1,0,46.08000069856644,2,2,0,0,20,0,0,20,1.231
616,24,0,2,0,8.191999979317188,2,2,0,0,20,0,0,20,1.231
616,24,0,3,0,4.095999989658594,2,2,0,0,20,0,0,20,1.231
616,40,0,0,1,8.191999979317188,2,2,0,0,20,0,0,20,1.151
616,40,0,1,1,54.27199974656105,2,2,0,0,20,0,0,20,1.151
616,40,0,2,1,9.216000325977802,2,2,0,0,20,0,0,20,1.151
616,40,0,3,1,3.0720001086592674,2,2,0,0,20,0,0,20,1.151
617,2,0,0,0,9.216000325977802,2,2,0,0,20,0,0,20,1.911
617,2,0,1,0,38.91199827194214,2,2,0,0,20,0,0,20,1.911
617,2,0,2,0,9.216000325977802,2,2,0,0,20,0,0,20,1.911
617,2,0,3,0,5.119999870657921,2,2,0,0,20,0,0,20,1.911
617,24,0,0,0,8.191999979317188,2,2,0,0,20,0,0,20,0.56
617,24,0,1,0,51.19999870657921,2,2,0,0,20,0,0,20,0.56
617,24,0,2,0,8.191999979317188,2,2,0,0,20,0,0,20,0.56
617,24,0,3,0,3.0720001086592674,2,2,0,0,20,0,0,20,0.56
617,40,0,0,1,11.264000087976456,2,2,0,0,20,0,0,20,1.03
617,40,0,1,1,45.05600035190582,2,2,0,0,20,0,0,20,1.03
617,40,0,2,1,9.216000325977802,2,2,0,0,20,0,0,20,1.03
617,40,0,3,1,4.095999989658594,2,2,0,0,20,0,0,20,1.03
618,2,0,0,0,9.216000325977802,3,3,0,1,29,0,0,30,65.32
618,2,0,1,0,64.51199948787689,3,3,0,1,29,0,0,30,65.32
618,2,0,2,0,9.216000325977802,3,3,0,1,29,0,0,30,65.32
618,2,0,3,0,6.144000217318535,3,3,0,1,29,0,0,30,65.32
618,24,0,0,0,9.216000325977802,3,3,0,0,30,0,0,30,1.84
618,24,0,1,0,59.39200147986412,3,3,0,0,30,0,0,30,1.84
618,24,0,2,0,9.216000325977802,3,3,0,0,30,0,0,30,1.84
618,24,0,3,0,4.095999989658594,3,3,0,0,30,0,0,30,1.84
618,40,0,0,1,9.216000325977802,3,3,0,0,30,0,0,30,1.311
618,40,0,1,1,61.43999844789505,3,3,0,0,30,0,0,30,1.311
618,40,0,2,1,10.239999741315842,3,3,0,0,30,0,0,30,1.311
618,40,0,3,1,4.095999989658594,3,3,0,0,30,0,0,30,1.311
619,2,0,0,0,9.216000325977802,1,1,0,0,10,0,0,10,0.56
619,2,0,1,0,31.74399957060814,1,1,0,0,10,0,0,10,0.56
619,2,0,2,0,9.216000325977802,1,1,0,0,10,0,0,10,0.56
619,2,0,3,0,4.095999989658594,1,1,0,0,10,0,0,10,0.56
619,24,0,0,0,2795.520067214966,1,1,0,0,10,0,0,10,0.82
619,24,0,1,0,31.74399957060814,1,1,0,0,10,0,0,10,0.82
619,24,0,2,0,8.191999979317188,1,1,0,0,10,0,0,10,0.82
619,24,0,3,0,4.095999989658594,1,1,0,0,10,0,0,10,0.82
619,40,0,0,1,9.216000325977802,1,1,0,0,10,0,0,10,0.43
619,40,0,1,1,35.840000957250595,1,1,0,0,10,0,0,10,0.43
619,40,0,2,1,9.216000325977802,1,1,0,0,10,0,0,10,0.43
619,40,0,3,1,4.095999989658594,1,1,0,0,10,0,0,10,0.43
620,2,0,0,0,8.191999979317188,3,3,0,1,29,0,0,30,57.45
620,2,0,1,0,62.463998794555664,3,3,0,1,29,0,0,30,57.45
620,2,0,2,0,9.216000325977802,3,3,0,1,29,0,0,30,57.45
620,2,0,3,0,5.119999870657921,3,3,0,1,29,0,0,30,57.45
620,24,0,0,0,9.216000325977802,3,3,0,0,30,0,0,30,1.4
620,24,0,1,0,65.5359998345375,3,3,0,0,30,0,0,30,1.4
620,24,0,2,0,9.216000325977802,3,3,0,0,30,0,0,30,1.4
620,24,0,3,0,4.095999989658594,3,3,0,0,30,0,0,30,1.4
620,40,0,0,1,8.191999979317188,3,3,0,0,30,0,0,30,1.18
620,40,0,1,1,56.32000043988228,3,3,0,0,30,0,0,30,1.18
620,40,0,2,1,10.239999741315842,3,3,0,0,30,0,0,30,1.18
620,40,0,3,1,5.119999870657921,3,3,0,0,30,0,0,30,1.18
621,2,0,0,0,9.216000325977802,2,2,0,1,19,0,0,20,56.95
621,2,0,1,0,41.98399931192398,2,2,0,1,19,0,0,20,56.95
621,2,0,2,0,8.191999979317188,2,2,0,1,19,0,0,20,56.95
621,2,0,3,0,5.119999870657921,2,2,0,1,19,0,0,20,56.95
621,24,0,0,0,9.216000325977802,2,2,0,0,20,0,0,20,0.7
621,24,0,1,0,40.95999896526337,2,2,0,0,20,0,0,20,0.7
621,24,0,2,0,9.216000325977802,2,2,0,0,20,0,0,20,0.7
621,24,0,3,0,4.095999989658594,2,2,0,0,20,0,0,20,0.7
621,40,0,0,1,8.191999979317188,2,2,0,0,20,0,0,20,0.63
621,40,0,1,1,44.03200000524521,2,2,0,0,20,0,0,20,0.63
621,40,0,2,1,9.216000325977802,2,2,0,0,20,0,0,20,0.63
621,40,0,3,1,4.095999989658594,2,2,0,0,20,0,0,20,0.63
622,2,0,0,0,8.191999979317188,2,2,0,0,20,0,0,20,0.94
622,2,0,1,0,45.05600035190582,2,2,0,0,20,0,0,20,0.94
622,2,0,2,0,9.216000325977802,2,2,0,0,20,0,0,20,0.94
622,2,0,3,0,5.119999870657921,2,2,0,0,20,0,0,20,0.94
622,24,0,0,0,9.216000325977802,2,2,0,0,20,0,0,20,0.61
622,24,0,1,0,45.05600035190582,2,2,0,0,20,0,0,20,0.61
622,24,0,2,0,9.216000325977802,2,2,0,0,20,0,0,20,0.61
622,24,0,3,0,4.095999989658594,2,2,0,0,20,0,0,20,0.61
622,40,0,0,1,9.216000325977802,2,2,0,0,20,0,0,20,0.791
622,40,0,1,1,44.03200000524521,2,2,0,0,20,0,0,20,0.791
622,40,0,2,1,9.216000325977802,2,2,0,0,20,0,0,20,0.791
622,40,0,3,1,4.095999989658594,2,2,0,0,20,0,0,20,0.791
623,2,0,0,0,9.216000325977802,3,3,0,0,30,0,0,30,1.26
623,2,0,1,0,58.36800113320351,3,3,0,0,30,0,0,30,1.26
623,2,0,2,0,9.216000325977802,3,3,0,0,30,0,0,30,1.26
623,2,0,3,0,5.119999870657921,3,3,0,0,30,0,0,30,1.26
623,24,0,0,0,71.68000191450119,3,3,0,0,30,0,0,30,1.78
623,24,0,1,0,49.15200173854828,3,3,0,0,30,0,0,30,1.78
623,24,0,2,0,9.216000325977802,3,3,0,0,30,0,0,30,1.78
623,24,0,3,0,4.095999989658594,3,3,0,0,30,0,0,30,1.78
623,40,0,0,1,2818.0480003356934,3,3,0,0,30,0,0,30,3.449
623,40,0,1,1,55.296000093221664,3,3,0,0,30,0,0,30,3.449
623,40,0,2,1,10.239999741315842,3,3,0,0,30,0,0,30,3.449
623,40,0,3,1,4.095999989658594,3,3,0,0,30,0,0,30,3.449
624,2,0,0,0,487.42398619651794,1,1,0,1,9,0,0,10,71.839
624,2,0,1,0,30.719999223947525,1,1,0,1,9,0,0,10,71.839
624,2,0,2,0,9.216000325977802,1,1,0,1,9,0,0,10,71.839
624,2,0,3,0,21.503999829292297,1,1,0,1,9,0,0,10,71.839
624,24,0,0,0,187.391996383667,1,1,0,0,10,0,0,10,3.411
624,24,0,1,0,31.74399957060814,1,1,0,0,10,0,0,10,3.411
624,24,0,2,0,9.216000325977802,1,1,0,0,10,0,0,10,3.411
624,24,0,3,0,5.119999870657921,1,1,0,0,10,0,0,10,3.411
624,40,0,0,1,9.216000325977802,1,1,0,0,10,0,0,10,1.091
624,40,0,1,1,34.81600061058998,1,1,0,0,10,0,0,10,1.091
624,40,0,2,1,9.216000325977802,1,1,0,0,10,0,0,10,1.091
624,40,0,3,1,4.095999989658594,1,1,0,0,10,0,0,10,1.091
625,2,0,0,0,11.264000087976456,1,1,0,1,9,0,0,10,45.3
625,2,0,1,0,29.69600073993206,1,1,0,1,9,0,0,10,45.3
625,2,0,2,0,8.191999979317188,1,1,0,1,9,0,0,10,45.3
625,2,0,3,0,5.119999870657921,1,1,0,1,9,0,0,10,45.3
625,24,0,0,0,8.191999979317188,1,1,0,0,10,0,0,10,0.72
625,24,0,1,0,31.74399957060814,1,1,0,0,10,0,0,10,0.72
625,24,0,2,0,9.216000325977802,1,1,0,0,10,0,0,10,0.72
625,24,0,3,0,4.095999989658594,1,1,0,0,10,0,0,10,0.72
625,40,0,0,1,8.191999979317188,1,1,0,0,10,0,0,10,1.13
625,40,0,1,1,35.840000957250595,1,1,0,0,10,0,0,10,1.13
625,40,0,2,1,9.216000325977802,1,1,0,0,10,0,0,10,1.13
625,40,0,3,1,4.095999989658594,1,1,0,0,10,0,0,10,1.13
626,2,0,0,0,9.216000325977802,4,4,0,2,38,0,0,40,106.899
626,2,0,1,0,61.43999844789505,4,4,0,2,38,0,0,40,106.899
626,2,0,2,0,9.216000325977802,4,4,0,2,38,0,0,40,106.899
626,2,0,3,0,23.552000522613525,4,4,0,2,38,0,0,40,106.899
626,24,0,0,0,8.191999979317188,4,4,0,0,40,0,0,40,2.829
626,24,0,1,0,64.51199948787689,4,4,0,0,40,0,0,40,2.829
626,24,0,2,0,9.216000325977802,4,4,0,0,40,0,0,40,2.829
626,24,0,3,0,3.0720001086592674,4,4,0,0,40,0,0,40,2.829
626,40,0,0,1,48.128001391887665,4,4,0,0,40,0,0,40,2.94
626,40,0,1,1,70.65600156784058,4,4,0,0,40,0,0,40,2.94
626,40,0,2,1,10.239999741315842,4,4,0,0,40,0,0,40,2.94
626,40,0,3,1,4.095999989658594,4,4,0,0,40,0,0,40,2.94
627,2,0,0,0,8.191999979317188,3,3,0,3,27,0,0,30,96.89
627,2,0,1,0,50.175998359918594,3,3,0,3,27,0,0,30,96.89
627,2,0,2,0,8.191999979317188,3,3,0,3,27,0,0,30,96.89
627,2,0,3,0,26.623999699950218,3,3,0,3,27,0,0,30,96.89
627,24,0,0,0,332.8000009059906,3,3,0,1,29,0,0,30,51.519
627,24,0,1,0,68.60800087451935,3,3,0,1,29,0,0,30,51.519
627,24,0,2,0,9.216000325977802,3,3,0,1,29,0,0,30,51.519
627,24,0,3,0,4.095999989658594,3,3,0,1,29,0,0,30,51.519
627,40,0,0,1,8.191999979317188,3,3,0,1,29,0,0,30,67.01
627,40,0,1,1,61.43999844789505,3,3,0,1,29,0,0,30,67.01
627,40,0,2,1,9.216000325977802,3,3,0,1,29,0,0,30,67.01
627,40,0,3,1,4.095999989658594,3,3,0,1,29,0,0,30,67.01
628,2,0,0,0,14.336000196635723,4,4,0,0,40,0,0,40,3.14
628,2,0,1,0,78.84799689054489,4,4,0,0,40,0,0,40,3.14
628,2,0,2,0,9.216000325977802,4,4,0,0,40,0,0,40,3.14
628,2,0,3,0,5.119999870657921,4,4,0,0,40,0,0,40,3.14
628,24,0,0,0,2419.7120666503906,4,4,0,0,40,0,0,40,2.4
628,24,0,1,0,80.89599758386612,4,4,0,0,40,0,0,40,2.4
628,24,0,2,0,9.216000325977802,4,4,0,0,40,0,0,40,2.4
628,24,0,3,0,4.095999989658594,4,4,0,0,40,0,0,40,2.4
628,40,0,0,1,9.216000325977802,4,4,0,0,40,0,0,40,2.95
628,40,0,1,1,81.91999793052673,4,4,0,0,40,0,0,40,2.95
628,40,0,2,1,9.216000325977802,4,4,0,0,40,0,0,40,2.95
628,40,0,3,1,4.095999989658594,4,4,0,0,40,0,0,40,2.95
629,2,0,0,0,15.359999611973763,4,4,0,0,40,0,0,40,2.11
629,2,0,1,0,71.68000191450119,4,4,0,0,40,0,0,40,2.11
629,2,0,2,0,9.216000325977802,4,4,0,0,40,0,0,40,2.11
629,2,0,3,0,5.119999870657921,4,4,0,0,40,0,0,40,2.11
629,24,0,0,0,8.191999979317188,4,4,0,0,40,0,0,40,1.71
629,24,0,1,0,71.68000191450119,4,4,0,0,40,0,0,40,1.71
629,24,0,2,0,8.191999979317188,4,4,0,0,40,0,0,40,1.71
629,24,0,3,0,4.095999989658594,4,4,0,0,40,0,0,40,1.71
629,40,0,0,1,9.216000325977802,4,4,0,0,40,0,0,40,1.98
629,40,0,1,1,78.84799689054489,4,4,0,0,40,0,0,40,1.98
629,40,0,2,1,9.216000325977802,4,4,0,0,40,0,0,40,1.98
629,40,0,3,1,4.095999989658594,4,4,0,0,40,0,0,40,1.98
630,2,0,0,0,2969.599962234497,3,3,0,3,27,0,0,30,105.4
630,2,0,1,0,45.05600035190582,3,3,0,3,27,0,0,30,105.4
630,2,0,2,0,9.216000325977802,3,3,0,3,27,0,0,30,105.4
630,2,0,3,0,41.98399931192398,3,3,0,3,27,0,0,30,105.4
630,24,0,0,0,9.216000325977802,3,3,0,0,30,0,0,30,2.319
630,24,0,1,0,56.32000043988228,3,3,0,0,30,0,0,30,2.319
630,24,0,2,0,9.216000325977802,3,3,0,0,30,0,0,30,2.319
630,24,0,3,0,4.095999989658594,3,3,0,0,30,0,0,30,2.319
630,40,0,0,1,10.239999741315842,3,3,0,0,30,0,0,30,1.491
630,40,0,1,1,60.416001826524734,3,3,0,0,30,0,0,30,1.491
630,40,0,2,1,9.216000325977802,3,3,0,0,30,0,0,30,1.491
630,40,0,3,1,4.095999989658594,3,3,0,0,30,0,0,30,1.491
631,2,0,0,0,9.216000325977802,1,1,0,0,10,0,0,10,0.62
631,2,0,1,0,31.74399957060814,1,1,0,0,10,0,0,10,0.62
631,2,0,2,0,9.216000325977802,1,1,0,0,10,0,0,10,0.62
631,2,0,3,0,4.095999989658594,1,1,0,0,10,0,0,10,0.62
631,24,0,0,0,9.216000325977802,1,1,0,0,10,0,0,10,0.77
631,24,0,1,0,31.74399957060814,1,1,0,0,10,0,0,10,0.77
631,24,0,2,0,8.191999979317188,1,1,0,0,10,0,0,10,0.77
631,24,0,3,0,4.095999989658594,1,1,0,0,10,0,0,10,0.77
631,40,0,0,1,9.216000325977802,1,1,0,0,10,0,0,10,0.62
631,40,0,1,1,34.81600061058998,1,1,0,0,10,0,0,10,0.62
631,40,0,2,1,8.191999979317188,1,1,0,0,10,0,0,10,0.62
631,40,0,3,1,3.0720001086592674,1,1,0,0,10,0,0,10,0.62
632,2,0,0,0,8.191999979317188,1,1,0,0,10,0,0,10,1.9
632,2,0,1,0,31.74399957060814,1,1,0,0,10,0,0,10,1.9
632,2,0,2,0,9.216000325977802,1,1,0,0,10,0,0,10,1.9
632,2,0,3,0,6.144000217318535,1,1,0,0,10,0,0,10,1.9
632,24,0,0,0,9.216000325977802,1,1,0,1,9,0,0,10,54.71
632,24,0,1,0,31.74399957060814,1,1,0,1,9,0,0,10,54.71
632,24,0,2,0,10.239999741315842,1,1,0,1,9,0,0,10,54.71
632,24,0,3,0,5.119999870657921,1,1,0,1,9,0,0,10,54.71
632,40,0,0,1,8.191999979317188,1,1,0,0,10,0,0,10,0.43
632,40,0,1,1,34.81600061058998,1,1,0,0,10,0,0,10,0.43
632,40,0,2,1,9.216000325977802,1,1,0,0,10,0,0,10,0.43
632,40,0,3,1,4.095999989658594,1,1,0,0,10,0,0,10,0.43
633,2,0,0,0,15.359999611973763,3,3,0,0,30,0,0,30,1.91
633,2,0,1,0,51.19999870657921,3,3,0,0,30,0,0,30,1.91
633,2,0,2,0,9.216000325977802,3,3,0,0,30,0,0,30,1.91
633,2,0,3,0,6.144000217318535,3,3,0,0,30,0,0,30,1.91
633,24,0,0,0,8.191999979317188,3,3,0,1,29,0,0,30,88.12
633,24,0,1,0,49.15200173854828,3,3,0,1,29,0,0,30,88.12
633,24,0,2,0,9.216000325977802,3,3,0,1,29,0,0,30,88.12
633,24,0,3,0,17.40800030529499,3,3,0,1,29,0,0,30,88.12
633,40,0,0,1,9.216000325977802,3,3,0,0,30,0,0,30,1.32
633,40,0,1,1,49.15200173854828,3,3,0,0,30,0,0,30,1.32
633,40,0,2,1,9.216000325977802,3,3,0,0,30,0,0,30,1.32
633,40,0,3,1,4.095999989658594,3,3,0,0,30,0,0,30,1.32
634,2,0,0,0,8.191999979317188,1,1,0,0,10,0,0,10,0.9
634,2,0,1,0,31.74399957060814,1,1,0,0,10,0,0,10,0.9
634,2,0,2,0,9.216000325977802,1,1,0,0,10,0,0,10,0.9
634,2,0,3,0,4.095999989658594,1,1,0,0,10,0,0,10,0.9
634,24,0,0,0,9.216000325977802,1,1,0,0,10,0,0,10,0.911
634,24,0,1,0,31.74399957060814,1,1,0,0,10,0,0,10,0.911
634,24,0,2,0,9.216000325977802,1,1,0,0,10,0,0,10,0.911
634,24,0,3,0,4.095999989658594,1,1,0,0,10,0,0,10,0.911
634,40,0,0,1,8.191999979317188,1,1,0,0,10,0,0,10,3.151
634,40,0,1,1,34.81600061058998,1,1,0,0,10,0,0,10,3.151
634,40,0,2,1,9.216000325977802,1,1,0,0,10,0,0,10,3.151
634,40,0,3,1,4.095999989658594,1,1,0,0,10,0,0,10,3.151
635,2,0,0,0,9.216000325977802,4,4,0,4,35,1,0,40,179.489
635,2,0,1,0,64.51199948787689,4,4,0,4,35,1,0,40,179.489
635,2,0,2,0,167.93599724769592,4,4,0,4,35,1,0,40,179.489
635,2,0,3,0,6.144000217318535,4,4,0,4,35,1,0,40,179.489
635,24,0,0,0,14.336000196635723,4,4,0,0,40,0,0,40,3.98
635,24,0,1,0,66.56000018119812,4,4,0,0,40,0,0,40,3.98
635,24,0,2,0,9.216000325977802,4,4,0,0,40,0,0,40,3.98
635,24,0,3,0,4.095999989658594,4,4,0,0,40,0,0,40,3.98
635,40,0,0,1,9.216000325977802,4,4,0,0,40,0,0,40,2.62
635,40,0,1,1,54.27199974656105,4,4,0,0,40,0,0,40,2.62
635,40,0,2,1,9.216000325977802,4,4,0,0,40,0,0,40,2.62
635,40,0,3,1,4.095999989658594,4,4,0,0,40,0,0,40,2.62
636,2,0,0,0,8.191999979317188,4,4,0,5,34,1,0,40,283.528
636,2,0,1,0,63.48799914121628,4,4,0,5,34,1,0,40,283.528
636,2,0,2,0,164.86400365829468,4,4,0,5,34,1,0,40,283.528
636,2,0,3,0,43.007999658584595,4,4,0,5,34,1,0,40,283.528
636,24,0,0,0,8.191999979317188,4,4,0,1,39,0,0,40,98.229
636,24,0,1,0,57.34400078654289,4,4,0,1,39,0,0,40,98.229
636,24,0,2,0,8.191999979317188,4,4,0,1,39,0,0,40,98.229
636,24,0,3,0,21.503999829292297,4,4,0,1,39,0,0,40,98.229
636,40,0,0,1,9.216000325977802,4,4,0,0,40,0,0,40,1.37
636,40,0,1,1,53.247999399900436,4,4,0,0,40,0,0,40,1.37
636,40,0,2,1,9.216000325977802,4,4,0,0,40,0,0,40,1.37
636,40,0,3,1,4.095999989658594,4,4,0,0,40,0,0,40,1.37
637,2,0,0,0,8.191999979317188,3,3,0,1,29,0,0,30,64.49
637,2,0,1,0,63.48799914121628,3,3,0,1,29,0,0,30,64.49
637,2,0,2,0,9.216000325977802,3,3,0,1,29,0,0,30,64.49
637,2,0,3,0,7.168000098317862,3,3,0,1,29,0,0,30,64.49
637,24,0,0,0,8.191999979317188,3,3,0,0,30,0,0,30,1.57
637,24,0,1,0,53.247999399900436,3,3,0,0,30,0,0,30,1.57
637,24,0,2,0,9.216000325977802,3,3,0,0,30,0,0,30,1.57
637,24,0,3,0,4.095999989658594,3,3,0,0,30,0,0,30,1.57
637,40,0,0,1,10.239999741315842,3,3,0,0,30,0,0,30,1.091
637,40,0,1,1,50.175998359918594,3,3,0,0,30,0,0,30,1.091
637,40,0,2,1,9.216000325977802,3,3,0,0,30,0,0,30,1.091
637,40,0,3,1,4.095999989658594,3,3,0,0,30,0,0,30,1.091
638,2,0,0,0,8.191999979317188,4,4,0,1,39,0,0,40,60.53
638,2,0,1,0,78.84799689054489,4,4,0,1,39,0,0,40,60.53
638,2,0,2,0,9.216000325977802,4,4,0,1,39,0,0,40,60.53
638,2,0,3,0,6.144000217318535,4,4,0,1,39,0,0,40,60.53
638,24,0,0,0,8.191999979317188,4,4,0,0,40,0,0,40,2.931
638,24,0,1,0,74.75200295448303,4,4,0,0,40,0,0,40,2.931
638,24,0,2,0,9.216000325977802,4,4,0,0,40,0,0,40,2.931
638,24,0,3,0,4.095999989658594,4,4,0,0,40,0,0,40,2.931
638,40,0,0,1,9.216000325977802,4,4,0,0,40,0,0,40,2.06
638,40,0,1,1,71.68000191450119,4,4,0,0,40,0,0,40,2.06
638,40,0,2,1,9.216000325977802,4,4,0,0,40,0,0,40,2.06
638,40,0,3,1,4.095999989658594,4,4,0,0,40,0,0,40,2.06
639,2,0,0,0,8.191999979317188,4,4,0,1,39,0,0,40,64.79
639,2,0,1,0,68.60800087451935,4,4,0,1,39,0,0,40,64.79
639,2,0,2,0,8.191999979317188,4,4,0,1,39,0,0,40,64.79
639,2,0,3,0,5.119999870657921,4,4,0,1,39,0,0,40,64.79
639,24,0,0,0,8.191999979317188,4,4,0,2,38,0,0,40,71.63
639,24,0,1,0,57.34400078654289,4,4,0,2,38,0,0,40,71.63
639,24,0,2,0,9.216000325977802,4,4,0,2,38,0,0,40,71.63
639,24,0,3,0,9.216000325977802,4,4,0,2,38,0,0,40,71.63
639,40,0,0,1,9.216000325977802,4,4,0,0,40,0,0,40,2.78
639,40,0,1,1,63.48799914121628,4,4,0,0,40,0,0,40,2.78
639,40,0,2,1,9.216000325977802,4,4,0,0,40,0,0,40,2.78
639,40,0,3,1,4.095999989658594,4,4,0,0,40,0,0,40,2.78
640,2,0,0,0,14.336000196635723,4,4,0,0,40,0,0,40,1.78
640,2,0,1,0,70.65600156784058,4,4,0,0,40,0,0,40,1.78
640,2,0,2,0,9.216000325977802,4,4,0,0,40,0,0,40,1.78
640,2,0,3,0,5.119999870657921,4,4,0,0,40,0,0,40,1.78
640,24,0,0,0,8.191999979317188,4,4,0,0,40,0,0,40,2.949
640,24,0,1,0,72.7040022611618,4,4,0,0,40,0,0,40,2.949
640,24,0,2,0,9.216000325977802,4,4,0,0,40,0,0,40,2.949
640,24,0,3,0,4.095999989658594,4,4,0,0,40,0,0,40,2.949
640,40,0,0,1,9.216000325977802,4,4,0,0,40,0,0,40,1.84
640,40,0,1,1,62.463998794555664,4,4,0,0,40,0,0,40,1.84
640,40,0,2,1,9.216000325977802,4,4,0,0,40,0,0,40,1.84
640,40,0,3,1,4.095999989658594,4,4,0,0,40,0,0,40,1.84
641,2,0,0,0,9.216000325977802,4,4,0,2,38,0,0,40,90.439
641,2,0,1,0,74.75200295448303,4,4,0,2,38,0,0,40,90.439
641,2,0,2,0,9.216000325977802,4,4,0,2,38,0,0,40,90.439
641,2,0,3,0,5.119999870657921,4,4,0,2,38,0,0,40,90.439
641,24,0,0,0,9.216000325977802,4,4,0,0,40,0,0,40,4.1
641,24,0,1,0,79.8719972372055,4,4,0,0,40,0,0,40,4.1
641,24,0,2,0,8.191999979317188,4,4,0,0,40,0,0,40,4.1
641,24,0,3,0,4.095999989658594,4,4,0,0,40,0,0,40,4.1
641,40,0,0,1,9.216000325977802,4,4,0,0,40,0,0,40,1.9
641,40,0,1,1,72.7040022611618,4,4,0,0,40,0,0,40,1.9
641,40,0,2,1,9.216000325977802,4,4,0,0,40,0,0,40,1.9
641,40,0,3,1,4.095999989658594,4,4,0,0,40,0,0,40,1.9
642,2,0,0,0,8.191999979317188,4,4,0,2,38,0,0,40,120.69
642,2,0,1,0,75.77600330114365,4,4,0,2,38,0,0,40,120.69
642,2,0,2,0,9.216000325977802,4,4,0,2,38,0,0,40,120.69
642,2,0,3,0,26.623999699950218,4,4,0,2,38,0,0,40,120.69
642,24,0,0,0,9.216000325977802,4,4,0,1,39,0,0,40,77.049
642,24,0,1,0,77.82399654388428,4,4,0,1,39,0,0,40,77.049
642,24,0,2,0,9.216000325977802,4,4,0,1,39,0,0,40,77.049
642,24,0,3,0,4.095999989658594,4,4,0,1,39,0,0,40,77.049
642,40,0,0,1,8.191999979317188,4,4,0,0,40,0,0,40,1.65
642,40,0,1,1,63.48799914121628,4,4,0,0,40,0,0,40,1.65
642,40,0,2,1,9.216000325977802,4,4,0,0,40,0,0,40,1.65
642,40,0,3,1,4.095999989658594,4,4,0,0,40,0,0,40,1.65
643,2,0,0,0,9.216000325977802,4,4,0,1,39,0,0,40,68.14
643,2,0,1,0,69.63200122117996,4,4,0,1,39,0,0,40,68.14
643,2,0,2,0,9.216000325977802,4,4,0,1,39,0,0,40,68.14
643,2,0,3,0,4.095999989658594,4,4,0,1,39,0,0,40,68.14
643,24,0,0,0,9.216000325977802,4,4,0,2,38,0,0,40,69.14
643,24,0,1,0,57.34400078654289,4,4,0,2,38,0,0,40,69.14
643,24,0,2,0,8.191999979317188,4,4,0,2,38,0,0,40,69.14
643,24,0,3,0,3.0720001086592674,4,4,0,2,38,0,0,40,69.14
643,40,0,0,1,9.216000325977802,4,4,0,0,40,0,0,40,1.71
643,40,0,1,1,59.39200147986412,4,4,0,0,40,0,0,40,1.71
643,40,0,2,1,9.216000325977802,4,4,0,0,40,0,0,40,1.71
643,40,0,3,1,4.095999989658594,4,4,0,0,40,0,0,40,1.71
644,2,0,0,0,15.359999611973763,4,4,0,0,40,0,0,40,1.52
644,2,0,1,0,54.27199974656105,4,4,0,0,40,0,0,40,1.52
644,2,0,2,0,9.216000325977802,4,4,0,0,40,0,0,40,1.52
644,2,0,3,0,6.144000217318535,4,4,0,0,40,0,0,40,1.52
644,24,0,0,0,7.168000098317862,4,4,0,1,39,0,0,40,2165.082
644,24,0,1,0,61.43999844789505,4,4,0,1,39,0,0,40,2165.082
644,24,0,2,0,8.191999979317188,4,4,0,1,39,0,0,40,2165.082
644,24,0,3,0,2082.8158855438232,4,4,0,1,39,0,0,40,2165.082
644,40,0,0,1,9.216000325977802,4,4,0,0,40,0,0,40,3.78
644,40,0,1,1,79.8719972372055,4,4,0,0,40,0,0,40,3.78
644,40,0,2,1,9.216000325977802,4,4,0,0,40,0,0,40,3.78
644,40,0,3,1,4.095999989658594,4,4,0,0,40,0,0,40,3.78
645,2,0,0,0,14.336000196635723,4,4,0,0,40,0,0,40,1.58
645,2,0,1,0,84.99199897050858,4,4,0,0,40,0,0,40,1.58
645,2,0,2,0,9.216000325977802,4,4,0,0,40,0,0,40,1.58
645,2,0,3,0,6.144000217318535,4,4,0,0,40,0,0,40,1.58
645,24,0,0,0,8.191999979317188,4,4,0,0,40,0,0,40,3.2
645,24,0,1,0,74.75200295448303,4,4,0,0,40,0,0,40,3.2
645,24,0,2,0,10.239999741315842,4,4,0,0,40,0,0,40,3.2
645,24,0,3,0,4.095999989658594,4,4,0,0,40,0,0,40,3.2
645,40,0,0,1,10.239999741315842,4,4,0,0,40,0,0,40,1.33
645,40,0,1,1,68.60800087451935,4,4,0,0,40,0,0,40,1.33
645,40,0,2,1,9.216000325977802,4,4,0,0,40,0,0,40,1.33
645,40,0,3,1,4.095999989658594,4,4,0,0,40,0,0,40,1.33
646,2,0,0,0,16.383999958634377,4,4,0,0,40,0,0,40,14.15
646,2,0,1,0,57.34400078654289,4,4,0,0,40,0,0,40,14.15
646,2,0,2,0,9.216000325977802,4,4,0,0,40,0,0,40,14.15
646,2,0,3,0,5.119999870657921,4,4,0,0,40,0,0,40,14.15
646,24,0,0,0,8.191999979317188,4,4,0,1,39,0,0,40,116.629
646,24,0,1,0,65.5359998345375,4,4,0,1,39,0,0,40,116.629
646,24,0,2,0,9.216000325977802,4,4,0,1,39,0,0,40,116.629
646,24,0,3,0,29.69600073993206,4,4,0,1,39,0,0,40,116.629
646,40,0,0,1,8.191999979317188,4,4,0,0,40,0,0,40,3.92
646,40,0,1,1,77.82399654388428,4,4,0,0,40,0,0,40,3.92
646,40,0,2,1,9.216000325977802,4,4,0,0,40,0,0,40,3.92
646,40,0,3,1,4.095999989658594,4,4,0,0,40,0,0,40,3.92
647,2,0,0,0,8.191999979317188,4,4,0,1,39,0,0,40,69.029
647,2,0,1,0,72.7040022611618,4,4,0,1,39,0,0,40,69.029
647,2,0,2,0,9.216000325977802,4,4,0,1,39,0,0,40,69.029
647,2,0,3,0,5.119999870657921,4,4,0,1,39,0,0,40,69.029
647,24,0,0,0,9.216000325977802,4,4,0,2,38,0,0,40,201.849
647,24,0,1,0,82.94399827718735,4,4,0,2,38,0,0,40,201.849
647,24,0,2,0,9.216000325977802,4,4,0,2,38,0,0,40,201.849
647,24,0,3,0,100.35199671983719,4,4,0,2,38,0,0,40,201.849
647,40,0,0,1,9.216000325977802,4,4,0,2,38,0,0,40,127.1
647,40,0,1,1,83.96799862384796,4,4,0,2,38,0,0,40,127.1
647,40,0,2,1,9.216000325977802,4,4,0,2,38,0,0,40,127.1
647,40,0,3,1,20.479999482631683,4,4,0,2,38,0,0,40,127.1
648,2,0,0,0,9.216000325977802,4,4,0,1,39,0,0,40,66.44
648,2,0,1,0,67.58400052785873,4,4,0,1,39,0,0,40,66.44
648,2,0,2,0,9.216000325977802,4,4,0,1,39,0,0,40,66.44
648,2,0,3,0,5.119999870657921,4,4,0,1,39,0,0,40,66.44
648,24,0,0,0,9.216000325977802,4,4,0,1,39,0,0,40,70.41
648,24,0,1,0,91.13600105047226,4,4,0,1,39,0,0,40,70.41
648,24,0,2,0,9.216000325977802,4,4,0,1,39,0,0,40,70.41
648,24,0,3,0,4.095999989658594,4,4,0,1,39,0,0,40,70.41
648,40,0,0,1,9.216000325977802,4,4,0,1,39,0,0,40,78.389
648,40,0,1,1,84.99199897050858,4,4,0,1,39,0,0,40,78.389
648,40,0,2,1,9.216000325977802,4,4,0,1,39,0,0,40,78.389
648,40,0,3,1,5.119999870657921,4,4,0,1,39,0,0,40,78.389
649,2,0,0,0,8.191999979317188,4,4,0,1,39,0,0,40,149.299
649,2,0,1,0,67.58400052785873,4,4,0,1,39,0,0,40,149.299
649,2,0,2,0,8.191999979317188,4,4,0,1,39,0,0,40,149.299
649,2,0,3,0,60.416001826524734,4,4,0,1,39,0,0,40,149.299
649,24,0,0,0,8.191999979317188,4,4,0,0,40,0,0,40,2.049
649,24,0,1,0,86.01599931716919,4,4,0,0,40,0,0,40,2.049
649,24,0,2,0,9.216000325977802,4,4,0,0,40,0,0,40,2.049
649,24,0,3,0,4.095999989658594,4,4,0,0,40,0,0,40,2.049
649,40,0,0,1,9.216000325977802,4,4,0,4,35,1,0,40,2700.929
649,40,0,1,1,72.7040022611618,4,4,0,4,35,1,0,40,2700.929
649,40,0,2,1,191.48799777030945,4,4,0,4,35,1,0,40,2700.929
649,40,0,3,1,2423.8080978393555,4,4,0,4,35,1,0,40,2700.929
650,2,0,0,0,13.311999849975109,4,4,0,0,40,0,0,40,1.79
650,2,0,1,0,78.84799689054489,4,4,0,0,40,0,0,40,1.79
650,2,0,2,0,9.216000325977802,4,4,0,0,40,0,0,40,1.79
650,2,0,3,0,5.119999870657921,4,4,0,0,40,0,0,40,1.79
650,24,0,0,0,8.191999979317188,4,4,0,0,40,0,0,40,2.94
650,24,0,1,0,86.01599931716919,4,4,0,0,40,0,0,40,2.94
650,24,0,2,0,9.216000325977802,4,4,0,0,40,0,0,40,2.94
650,24,0,3,0,4.095999989658594,4,4,0,0,40,0,0,40,2.94
650,40,0,0,1,10.239999741315842,4,4,0,3,37,0,0,40,173.16
650,40,0,1,1,82.94399827718735,4,4,0,3,37,0,0,40,173.16
650,40,0,2,1,8.191999979317188,4,4,0,3,37,0,0,40,173.16
650,40,0,3,1,67.58400052785873,4,4,0,3,37,0,0,40,173.16
651,2,0,0,0,16.383999958634377,4,4,0,1,39,0,0,40,61.15
651,2,0,1,0,76.80000364780426,4,4,0,1,39,0,0,40,61.15
651,2,0,2,0,9.216000325977802,4,4,0,1,39,0,0,40,61.15
651,2,0,3,0,5.119999870657921,4,4,0,1,39,0,0,40,61.15
651,24,0,0,0,8.191999979317188,4,4,0,1,39,0,0,40,60.811
651,24,0,1,0,88.06400001049042,4,4,0,1,39,0,0,40,60.811
651,24,0,2,0,8.191999979317188,4,4,0,1,39,0,0,40,60.811
651,24,0,3,0,4.095999989658594,4,4,0,1,39,0,0,40,60.811
651,40,0,0,1,11.264000087976456,4,4,0,3,37,0,0,40,184.44
651,40,0,1,1,74.75200295448303,4,4,0,3,37,0,0,40,184.44
651,40,0,2,1,9.216000325977802,4,4,0,3,37,0,0,40,184.44
651,40,0,3,1,92.16000139713287,4,4,0,3,37,0,0,40,184.44
652,2,0,0,0,14.336000196635723,4,4,0,0,40,0,0,40,2.46
652,2,0,1,0,75.77600330114365,4,4,0,0,40,0,0,40,2.46
652,2,0,2,0,9.216000325977802,4,4,0,0,40,0,0,40,2.46
652,2,0,3,0,5.119999870657921,4,4,0,0,40,0,0,40,2.46
652,24,0,0,0,9.216000325977802,4,4,0,1,39,0,0,40,69.37
652,24,0,1,0,63.48799914121628,4,4,0,1,39,0,0,40,69.37
652,24,0,2,0,8.191999979317188,4,4,0,1,39,0,0,40,69.37
652,24,0,3,0,4.095999989658594,4,4,0,1,39,0,0,40,69.37
652,40,0,0,1,8.191999979317188,4,4,0,0,40,0,0,40,2.029
652,40,0,1,1,75.77600330114365,4,4,0,0,40,0,0,40,2.029
652,40,0,2,1,8.191999979317188,4,4,0,0,40,0,0,40,2.029
652,40,0,3,1,5.119999870657921,4,4,0,0,40,0,0,40,2.029
653,2,0,0,0,9.216000325977802,4,4,0,1,39,0,0,40,74.58
653,2,0,1,0,76.80000364780426,4,4,0,1,39,0,0,40,74.58
653,2,0,2,0,9.216000325977802,4,4,0,1,39,0,0,40,74.58
653,2,0,3,0,5.119999870657921,4,4,0,1,39,0,0,40,74.58
653,24,0,0,0,13.311999849975109,4,4,0,0,40,0,0,40,10.729
653,24,0,1,0,63.48799914121628,4,4,0,0,40,0,0,40,10.729
653,24,0,2,0,8.191999979317188,4,4,0,0,40,0,0,40,10.729
653,24,0,3,0,4.095999989658594,4,4,0,0,40,0,0,40,10.729
653,40,0,0,1,9.216000325977802,4,4,0,0,40,0,0,40,1.8
653,40,0,1,1,91.13600105047226,4,4,0,0,40,0,0,40,1.8
653,40,0,2,1,8.191999979317188,4,4,0,0,40,0,0,40,1.8
653,40,0,3,1,3.0720001086592674,4,4,0,0,40,0,0,40,1.8
654,2,0,0,0,14.336000196635723,4,4,0,0,40,0,0,40,1.61
654,2,0,1,0,73.72800260782242,4,4,0,0,40,0,0,40,1.61
654,2,0,2,0,8.191999979317188,4,4,0,0,40,0,0,40,1.61
654,2,0,3,0,5.119999870657921,4,4,0,0,40,0,0,40,1.61
654,24,0,0,0,8.191999979317188,4,4,0,0,40,0,0,40,2.73
654,24,0,1,0,64.51199948787689,4,4,0,0,40,0,0,40,2.73
654,24,0,2,0,9.216000325977802,4,4,0,0,40,0,0,40,2.73
654,24,0,3,0,4.095999989658594,4,4,0,0,40,0,0,40,2.73
654,40,0,0,1,16.383999958634377,4,4,0,1,39,0,0,40,99.769
654,40,0,1,1,73.72800260782242,4,4,0,1,39,0,0,40,99.769
654,40,0,2,1,9.216000325977802,4,4,0,1,39,0,0,40,99.769
654,40,0,3,1,4.095999989658594,4,4,0,1,39,0,0,40,99.769
655,2,0,0,0,9.216000325977802,1,1,0,0,10,0,0,10,0.4
655,2,0,1,0,30.719999223947525,1,1,0,0,10,0,0,10,0.4
655,2,0,2,0,9.216000325977802,1,1,0,0,10,0,0,10,0.4
655,2,0,3,0,5.119999870657921,1,1,0,0,10,0,0,10,0.4
655,24,0,0,0,9.216000325977802,1,1,0,0,10,0,0,10,0.46
655,24,0,1,0,31.74399957060814,1,1,0,0,10,0,0,10,0.46
655,24,0,2,0,9.216000325977802,1,1,0,0,10,0,0,10,0.46
655,24,0,3,0,4.095999989658594,1,1,0,0,10,0,0,10,0.46
655,40,0,0,1,8.191999979317188,1,1,0,0,10,0,0,10,0.74
655,40,0,1,1,35.840000957250595,1,1,0,0,10,0,0,10,0.74
655,40,0,2,1,9.216000325977802,1,1,0,0,10,0,0,10,0.74
655,40,0,3,1,4.095999989658594,1,1,0,0,10,0,0,10,0.74
656,2,0,0,0,13.311999849975109,4,4,0,0,40,0,0,40,2.551
656,2,0,1,0,83.96799862384796,4,4,0,0,40,0,0,40,2.551
656,2,0,2,0,9.216000325977802,4,4,0,0,40,0,0,40,2.551
656,2,0,3,0,7.168000098317862,4,4,0,0,40,0,0,40,2.551
656,24,0,0,0,7.168000098317862,4,4,0,0,40,0,0,40,1.651
656,24,0,1,0,69.63200122117996,4,4,0,0,40,0,0,40,1.651
656,24,0,2,0,8.191999979317188,4,4,0,0,40,0,0,40,1.651
656,24,0,3,0,4.095999989658594,4,4,0,0,40,0,0,40,1.651
656,40,0,0,1,9.216000325977802,4,4,0,0,40,0,0,40,1.5
656,40,0,1,1,75.77600330114365,4,4,0,0,40,0,0,40,1.5
656,40,0,2,1,9.216000325977802,4,4,0,0,40,0,0,40,1.5
656,40,0,3,1,4.095999989658594,4,4,0,0,40,0,0,40,1.5
657,2,0,0,0,10.239999741315842,2,2,0,2,18,0,0,20,103.159
657,2,0,1,0,39.93599861860275,2,2,0,2,18,0,0,20,103.159
657,2,0,2,0,9.216000325977802,2,2,0,2,18,0,0,20,103.159
657,2,0,3,0,43.007999658584595,2,2,0,2,18,0,0,20,103.159
657,24,0,0,0,9.216000325977802,2,2,0,0,20,0,0,20,0.62
657,24,0,1,0,48.128001391887665,2,2,0,0,20,0,0,20,0.62
657,24,0,2,0,9.216000325977802,2,2,0,0,20,0,0,20,0.62
657,24,0,3,0,4.095999989658594,2,2,0,0,20,0,0,20,0.62
657,40,0,0,1,9.216000325977802,2,2,0,0,20,0,0,20,0.869
657,40,0,1,1,46.08000069856644,2,2,0,0,20,0,0,20,0.869
657,40,0,2,1,9.216000325977802,2,2,0,0,20,0,0,20,0.869
657,40,0,3,1,4.095999989658594,2,2,0,0,20,0,0,20,0.869
658,2,0,0,0,16.383999958634377,4,4,0,0,40,0,0,40,4.169
658,2,0,1,0,81.91999793052673,4,4,0,0,40,0,0,40,4.169
658,2,0,2,0,9.216000325977802,4,4,0,0,40,0,0,40,4.169
658,2,0,3,0,5.119999870657921,4,4,0,0,40,0,0,40,4.169
658,24,0,0,0,8.191999979317188,4,4,0,0,40,0,0,40,3.751
658,24,0,1,0,62.463998794555664,4,4,0,0,40,0,0,40,3.751
658,24,0,2,0,9.216000325977802,4,4,0,0,40,0,0,40,3.751
658,24,0,3,0,4.095999989658594,4,4,0,0,40,0,0,40,3.751
658,40,0,0,1,9.216000325977802,4,4,0,0,40,0,0,40,3.55
658,40,0,1,1,88.06400001049042,4,4,0,0,40,0,0,40,3.55
658,40,0,2,1,9.216000325977802,4,4,0,0,40,0,0,40,3.55
658,40,0,3,1,4.095999989658594,4,4,0,0,40,0,0,40,3.55
659,2,0,0,0,14.336000196635723,4,4,0,0,40,0,0,40,3.57
659,2,0,1,0,94.2080020904541,4,4,0,0,40,0,0,40,3.57
659,2,0,2,0,9.216000325977802,4,4,0,0,40,0,0,40,3.57
659,2,0,3,0,8.191999979317188,4,4,0,0,40,0,0,40,3.57
659,24,0,0,0,8.191999979317188,4,4,0,0,40,0,0,40,3.14
659,24,0,1,0,65.5359998345375,4,4,0,0,40,0,0,40,3.14
659,24,0,2,0,9.216000325977802,4,4,0,0,40,0,0,40,3.14
659,24,0,3,0,4.095999989658594,4,4,0,0,40,0,0,40,3.14
659,40,0,0,1,9.216000325977802,4,4,0,1,39,0,0,40,78.53
659,40,0,1,1,59.39200147986412,4,4,0,1,39,0,0,40,78.53
659,40,0,2,1,9.216000325977802,4,4,0,1,39,0,0,40,78.53
659,40,0,3,1,4.095999989658594,4,4,0,1,39,0,0,40,78.53
660,2,0,0,0,14.336000196635723,4,4,0,0,40,0,0,40,1.68
660,2,0,1,0,62.463998794555664,4,4,0,0,40,0,0,40,1.68
660,2,0,2,0,8.191999979317188,4,4,0,0,40,0,0,40,1.68
660,2,0,3,0,5.119999870657921,4,4,0,0,40,0,0,40,1.68
660,24,0,0,0,7.168000098317862,4,4,0,1,39,0,0,40,70.3
660,24,0,1,0,52.22399905323982,4,4,0,1,39,0,0,40,70.3
660,24,0,2,0,9.216000325977802,4,4,0,1,39,0,0,40,70.3
660,24,0,3,0,4.095999989658594,4,4,0,1,39,0,0,40,70.3
660,40,0,0,1,9.216000325977802,4,4,0,0,40,0,0,40,3.59
660,40,0,1,1,60.416001826524734,4,4,0,0,40,0,0,40,3.59
660,40,0,2,1,9.216000325977802,4,4,0,0,40,0,0,40,3.59
660,40,0,3,1,5.119999870657921,4,4,0,0,40,0,0,40,3.59
661,2,0,0,0,9.216000325977802,2,2,0,0,20,0,0,20,0.92
661,2,0,1,0,49.15200173854828,2,2,0,0,20,0,0,20,0.92
661,2,0,2,0,9.216000325977802,2,2,0,0,20,0,0,20,0.92
661,2,0,3,0,5.119999870657921,2,2,0,0,20,0,0,20,0.92
661,24,0,0,0,8.191999979317188,2,2,0,1,19,0,0,20,212.2
661,24,0,1,0,46.08000069856644,2,2,0,1,19,0,0,20,212.2
661,24,0,2,0,9.216000325977802,2,2,0,1,19,0,0,20,212.2
661,24,0,3,0,147.45600521564484,2,2,0,1,19,0,0,20,212.2
661,40,0,0,1,8.191999979317188,2,2,0,0,20,0,0,20,0.66
661,40,0,1,1,53.247999399900436,2,2,0,0,20,0,0,20,0.66
661,40,0,2,1,9.216000325977802,2,2,0,0,20,0,0,20,0.66
661,40,0,3,1,3.0720001086592674,2,2,0,0,20,0,0,20,0.66
662,2,0,0,0,16.383999958634377,3,3,0,0,30,0,0,30,1.34
662,2,0,1,0,70.65600156784058,3,3,0,0,30,0,0,30,1.34
662,2,0,2,0,8.191999979317188,3,3,0,0,30,0,0,30,1.34
662,2,0,3,0,6.144000217318535,3,3,0,0,30,0,0,30,1.34
662,24,0,0,0,8.191999979317188,3,3,0,0,30,0,0,30,1.16
662,24,0,1,0,54.27199974656105,3,3,0,0,30,0,0,30,1.16
662,24,0,2,0,9.216000325977802,3,3,0,0,30,0,0,30,1.16
662,24,0,3,0,5.119999870657921,3,3,0,0,30,0,0,30,1.16
662,40,0,0,1,10.239999741315842,3,3,0,0,30,0,0,30,1.08
662,40,0,1,1,56.32000043988228,3,3,0,0,30,0,0,30,1.08
662,40,0,2,1,10.239999741315842,3,3,0,0,30,0,0,30,1.08
662,40,0,3,1,4.095999989658594,3,3,0,0,30,0,0,30,1.08
663,2,0,0,0,14.336000196635723,4,4,0,0,40,0,0,40,1.66
663,2,0,1,0,67.58400052785873,4,4,0,0,40,0,0,40,1.66
663,2,0,2,0,9.216000325977802,4,4,0,0,40,0,0,40,1.66
663,2,0,3,0,6.144000217318535,4,4,0,0,40,0,0,40,1.66
663,24,0,0,0,9.216000325977802,4,4,0,0,40,0,0,40,1.34
663,24,0,1,0,62.463998794555664,4,4,0,0,40,0,0,40,1.34
663,24,0,2,0,9.216000325977802,4,4,0,0,40,0,0,40,1.34
663,24,0,3,0,4.095999989658594,4,4,0,0,40,0,0,40,1.34
663,40,0,0,1,10.239999741315842,4,4,0,0,40,0,0,40,1.5
663,40,0,1,1,48.128001391887665,4,4,0,0,40,0,0,40,1.5
663,40,0,2,1,8.191999979317188,4,4,0,0,40,0,0,40,1.5
663,40,0,3,1,4.095999989658594,4,4,0,0,40,0,0,40,1.5
664,2,0,0,0,8.191999979317188,4,4,0,1,39,0,0,40,53.699
664,2,0,1,0,66.56000018119812,4,4,0,1,39,0,0,40,53.699
664,2,0,2,0,8.191999979317188,4,4,0,1,39,0,0,40,53.699
664,2,0,3,0,5.119999870657921,4,4,0,1,39,0,0,40,53.699
664,24,0,0,0,8.191999979317188,4,4,0,0,40,0,0,40,1.349
664,24,0,1,0,59.39200147986412,4,4,0,0,40,0,0,40,1.349
664,24,0,2,0,9.216000325977802,4,4,0,0,40,0,0,40,1.349
664,24,0,3,0,4.095999989658594,4,4,0,0,40,0,0,40,1.349
664,40,0,0,1,9.216000325977802,4,4,0,0,40,0,0,40,1.431
664,40,0,1,1,55.296000093221664,4,4,0,0,40,0,0,40,1.431
664,40,0,2,1,8.191999979317188,4,4,0,0,40,0,0,40,1.431
664,40,0,3,1,4.095999989658594,4,4,0,0,40,0,0,40,1.431
665,2,0,0,0,14.336000196635723,4,4,0,0,40,0,0,40,1.79
665,2,0,1,0,76.80000364780426,4,4,0,0,40,0,0,40,1.79
665,2,0,2,0,9.216000325977802,4,4,0,0,40,0,0,40,1.79
665,2,0,3,0,4.095999989658594,4,4,0,0,40,0,0,40,1.79
665,24,0,0,0,8.191999979317188,4,4,0,1,39,0,0,40,56.769
665,24,0,1,0,63.48799914121628,4,4,0,1,39,0,0,40,56.769
665,24,0,2,0,9.216000325977802,4,4,0,1,39,0,0,40,56.769
665,24,0,3,0,4.095999989658594,4,4,0,1,39,0,0,40,56.769
665,40,0,0,1,15.359999611973763,4,4,0,1,39,0,0,40,69.53
665,40,0,1,1,56.32000043988228,4,4,0,1,39,0,0,40,69.53
665,40,0,2,1,9.216000325977802,4,4,0,1,39,0,0,40,69.53
665,40,0,3,1,4.095999989658594,4,4,0,1,39,0,0,40,69.53
666,2,0,0,0,15.359999611973763,4,4,0,1,39,0,0,40,66.06
666,2,0,1,0,63.48799914121628,4,4,0,1,39,0,0,40,66.06
666,2,0,2,0,9.216000325977802,4,4,0,1,39,0,0,40,66.06
666,2,0,3,0,5.119999870657921,4,4,0,1,39,0,0,40,66.06
666,24,0,0,0,8.191999979317188,4,4,0,0,40,0,0,40,1.68
666,24,0,1,0,64.51199948787689,4,4,0,0,40,0,0,40,1.68
666,24,0,2,0,8.191999979317188,4,4,0,0,40,0,0,40,1.68
666,24,0,3,0,4.095999989658594,4,4,0,0,40,0,0,40,1.68
666,40,0,0,1,9.216000325977802,4,4,0,0,40,0,0,40,1.76
666,40,0,1,1,77.82399654388428,4,4,0,0,40,0,0,40,1.76
666,40,0,2,1,9.216000325977802,4,4,0,0,40,0,0,40,1.76
666,40,0,3,1,4.095999989658594,4,4,0,0,40,0,0,40,1.76
667,2,0,0,0,1169.4079637527466,4,4,0,0,40,0,0,40,3.511
667,2,0,1,0,72.7040022611618,4,4,0,0,40,0,0,40,3.511
667,2,0,2,0,9.216000325977802,4,4,0,0,40,0,0,40,3.511
667,2,0,3,0,5.119999870657921,4,4,0,0,40,0,0,40,3.511
667,24,0,0,0,9.216000325977802,4,4,0,0,40,0,0,40,1.91
667,24,0,1,0,72.7040022611618,4,4,0,0,40,0,0,40,1.91
667,24,0,2,0,9.216000325977802,4,4,0,0,40,0,0,40,1.91
667,24,0,3,0,4.095999989658594,4,4,0,0,40,0,0,40,1.91
667,40,0,0,1,9.216000325977802,4,4,0,0,40,0,0,40,3.2
667,40,0,1,1,68.60800087451935,4,4,0,0,40,0,0,40,3.2
667,40,0,2,1,9.216000325977802,4,4,0,0,40,0,0,40,3.2
667,40,0,3,1,4.095999989658594,4,4,0,0,40,0,0,40,3.2
668,2,0,0,0,15.359999611973763,4,4,0,0,40,0,0,40,1.82
668,2,0,1,0,81.91999793052673,4,4,0,0,40,0,0,40,1.82
668,2,0,2,0,9.216000325977802,4,4,0,0,40,0,0,40,1.82
668,2,0,3,0,5.119999870657921,4,4,0,0,40,0,0,40,1.82
668,24,0,0,0,8.191999979317188,4,4,0,0,40,0,0,40,1.41
668,24,0,1,0,48.128001391887665,4,4,0,0,40,0,0,40,1.41
668,24,0,2,0,9.216000325977802,4,4,0,0,40,0,0,40,1.41
668,24,0,3,0,4.095999989658594,4,4,0,0,40,0,0,40,1.41
668,40,0,0,1,9.216000325977802,4,4,0,0,40,0,0,40,1.61
668,40,0,1,1,65.5359998345375,4,4,0,0,40,0,0,40,1.61
668,40,0,2,1,9.216000325977802,4,4,0,0,40,0,0,40,1.61
668,40,0,3,1,5.119999870657921,4,4,0,0,40,0,0,40,1.61
669,2,0,0,0,14.336000196635723,4,4,0,0,40,0,0,40,2.95
669,2,0,1,0,95.23200243711472,4,4,0,0,40,0,0,40,2.95
669,2,0,2,0,9.216000325977802,4,4,0,0,40,0,0,40,2.95
669,2,0,3,0,5.119999870657921,4,4,0,0,40,0,0,40,2.95
669,24,0,0,0,9.216000325977802,4,4,0,0,40,0,0,40,1.671
669,24,0,1,0,72.7040022611618,4,4,0,0,40,0,0,40,1.671
669,24,0,2,0,9.216000325977802,4,4,0,0,40,0,0,40,1.671
669,24,0,3,0,4.095999989658594,4,4,0,0,40,0,0,40,1.671
669,40,0,0,1,993.2799935340881,4,4,0,0,40,0,0,40,2.09
669,40,0,1,1,52.22399905323982,4,4,0,0,40,0,0,40,2.09
669,40,0,2,1,9.216000325977802,4,4,0,0,40,0,0,40,2.09
669,40,0,3,1,4.095999989658594,4,4,0,0,40,0,0,40,2.09
670,2,0,0,0,8.191999979317188,3,3,0,0,30,0,0,30,1.251
670,2,0,1,0,62.463998794555664,3,3,0,0,30,0,0,30,1.251
670,2,0,2,0,9.216000325977802,3,3,0,0,30,0,0,30,1.251
670,2,0,3,0,7.168000098317862,3,3,0,0,30,0,0,30,1.251
670,24,0,0,0,9.216000325977802,3,3,0,0,30,0,0,30,2.45
670,24,0,1,0,52.22399905323982,3,3,0,0,30,0,0,30,2.45
670,24,0,2,0,9.216000325977802,3,3,0,0,30,0,0,30,2.45
670,24,0,3,0,4.095999989658594,3,3,0,0,30,0,0,30,2.45
670,40,0,0,1,9.216000325977802,3,3,0,0,30,0,0,30,2.95
670,40,0,1,1,53.247999399900436,3,3,0,0,30,0,0,30,2.95
670,40,0,2,1,10.239999741315842,3,3,0,0,30,0,0,30,2.95
670,40,0,3,1,4.095999989658594,3,3,0,0,30,0,0,30,2.95
671,2,0,0,0,15.359999611973763,4,4,0,0,40,0,0,40,3.62
671,2,0,1,0,80.89599758386612,4,4,0,0,40,0,0,40,3.62
671,2,0,2,0,9.216000325977802,4,4,0,0,40,0,0,40,3.62
671,2,0,3,0,5.119999870657921,4,4,0,0,40,0,0,40,3.62
671,24,0,0,0,9.216000325977802,4,4,0,0,40,0,0,40,2.91
671,24,0,1,0,54.27199974656105,4,4,0,0,40,0,0,40,2.91
671,24,0,2,0,9.216000325977802,4,4,0,0,40,0,0,40,2.91
671,24,0,3,0,4.095999989658594,4,4,0,0,40,0,0,40,2.91
671,40,0,0,1,9.216000325977802,4,4,0,0,40,0,0,40,1.58
671,40,0,1,1,54.27199974656105,4,4,0,0,40,0,0,40,1.58
671,40,0,2,1,9.216000325977802,4,4,0,0,40,0,0,40,1.58
671,40,0,3,1,4.095999989658594,4,4,0,0,40,0,0,40,1.58
672,2,0,0,0,8.191999979317188,4,4,0,1,39,0,0,40,57.15
672,2,0,1,0,74.75200295448303,4,4,0,1,39,0,0,40,57.15
672,2,0,2,0,9.216000325977802,4,4,0,1,39,0,0,40,57.15
672,2,0,3,0,5.119999870657921,4,4,0,1,39,0,0,40,57.15
672,24,0,0,0,8.191999979317188,4,4,0,0,40,0,0,40,1.351
672,24,0,1,0,62.463998794555664,4,4,0,0,40,0,0,40,1.351
672,24,0,2,0,9.216000325977802,4,4,0,0,40,0,0,40,1.351
672,24,0,3,0,4.095999989658594,4,4,0,0,40,0,0,40,1.351
672,40,0,0,1,9.216000325977802,4,4,0,0,40,0,0,40,1.531
672,40,0,1,1,62.463998794555664,4,4,0,0,40,0,0,40,1.531
672,40,0,2,1,9.216000325977802,4,4,0,0,40,0,0,40,1.531
672,40,0,3,1,4.095999989658594,4,4,0,0,40,0,0,40,1.531
673,2,0,0,0,8.191999979317188,4,4,0,1,39,0,0,40,67.26
673,2,0,1,0,71.68000191450119,4,4,0,1,39,0,0,40,67.26
673,2,0,2,0,9.216000325977802,4,4,0,1,39,0,0,40,67.26
673,2,0,3,0,6.144000217318535,4,4,0,1,39,0,0,40,67.26
673,24,0,0,0,8.191999979317188,4,4,0,0,40,0,0,40,2.62
673,24,0,1,0,78.84799689054489,4,4,0,0,40,0,0,40,2.62
673,24,0,2,0,9.216000325977802,4,4,0,0,40,0,0,40,2.62
673,24,0,3,0,5.119999870657921,4,4,0,0,40,0,0,40,2.62
673,40,0,0,1,8.191999979317188,4,4,0,0,40,0,0,40,1.45
673,40,0,1,1,81.91999793052673,4,4,0,0,40,0,0,40,1.45
673,40,0,2,1,9.216000325977802,4,4,0,0,40,0,0,40,1.45
673,40,0,3,1,4.095999989658594,4,4,0,0,40,0,0,40,1.45
674,2,0,0,0,8.191999979317188,4,4,0,0,40,0,0,40,1.831
674,2,0,1,0,94.2080020904541,4,4,0,0,40,0,0,40,1.831
674,2,0,2,0,9.216000325977802,4,4,0,0,40,0,0,40,1.831
674,2,0,3,0,5.119999870657921,4,4,0,0,40,0,0,40,1.831
674,24,0,0,0,9.216000325977802,4,4,0,0,40,0,0,40,1.69
674,24,0,1,0,73.72800260782242,4,4,0,0,40,0,0,40,1.69
674,24,0,2,0,9.216000325977802,4,4,0,0,40,0,0,40,1.69
674,24,0,3,0,4.095999989658594,4,4,0,0,40,0,0,40,1.69
674,40,0,0,1,9.216000325977802,4,4,0,0,40,0,0,40,1.29
674,40,0,1,1,58.36800113320351,4,4,0,0,40,0,0,40,1.29
674,40,0,2,1,9.216000325977802,4,4,0,0,40,0,0,40,1.29
674,40,0,3,1,4.095999989658594,4,4,0,0,40,0,0,40,1.29
675,2,0,0,0,15.359999611973763,4,4,0,3,37,0,0,40,112.799
675,2,0,1,0,67.58400052785873,4,4,0,3,37,0,0,40,112.799
675,2,0,2,0,9.216000325977802,4,4,0,3,37,0,0,40,112.799
675,2,0,3,0,17.40800030529499,4,4,0,3,37,0,0,40,112.799
675,24,0,0,0,8.191999979317188,4,4,0,0,40,0,0,40,3.21
675,24,0,1,0,68.60800087451935,4,4,0,0,40,0,0,40,3.21
675,24,0,2,0,9.216000325977802,4,4,0,0,40,0,0,40,3.21
675,24,0,3,0,4.095999989658594,4,4,0,0,40,0,0,40,3.21
675,40,0,0,1,9.216000325977802,4,4,0,0,40,0,0,40,1.529
675,40,0,1,1,97.28000313043594,4,4,0,0,40,0,0,40,1.529
675,40,0,2,1,9.216000325977802,4,4,0,0,40,0,0,40,1.529
675,40,0,3,1,4.095999989658594,4,4,0,0,40,0,0,40,1.529
676,2,0,0,0,2865.151882171631,4,4,0,0,40,0,0,40,2.289
676,2,0,1,0,84.99199897050858,4,4,0,0,40,0,0,40,2.289
676,2,0,2,0,9.216000325977802,4,4,0,0,40,0,0,40,2.289
676,2,0,3,0,5.119999870657921,4,4,0,0,40,0,0,40,2.289
676,24,0,0,0,3111.936092376709,4,4,0,0,40,0,0,40,3.71
676,24,0,1,0,72.7040022611618,4,4,0,0,40,0,0,40,3.71
676,24,0,2,0,9.216000325977802,4,4,0,0,40,0,0,40,3.71
676,24,0,3,0,4.095999989658594,4,4,0,0,40,0,0,40,3.71
676,40,0,0,1,8.191999979317188,4,4,0,0,40,0,0,40,1.489
676,40,0,1,1,65.5359998345375,4,4,0,0,40,0,0,40,1.489
676,40,0,2,1,9.216000325977802,4,4,0,0,40,0,0,40,1.489
676,40,0,3,1,4.095999989658594,4,4,0,0,40,0,0,40,1.489
677,2,0,0,0,14.336000196635723,4,4,0,0,40,0,0,40,2.0
677,2,0,1,0,79.8719972372055,4,4,0,0,40,0,0,40,2.0
677,2,0,2,0,9.216000325977802,4,4,0,0,40,0,0,40,2.0
677,2,0,3,0,6.144000217318535,4,4,0,0,40,0,0,40,2.0
677,24,0,0,0,8.191999979317188,4,4,0,0,40,0,0,40,1.38
677,24,0,1,0,79.8719972372055,4,4,0,0,40,0,0,40,1.38
677,24,0,2,0,9.216000325977802,4,4,0,0,40,0,0,40,1.38
677,24,0,3,0,4.095999989658594,4,4,0,0,40,0,0,40,1.38
677,40,0,0,1,9.216000325977802,4,4,0,0,40,0,0,40,3.2
677,40,0,1,1,62.463998794555664,4,4,0,0,40,0,0,40,3.2
677,40,0,2,1,9.216000325977802,4,4,0,0,40,0,0,40,3.2
677,40,0,3,1,4.095999989658594,4,4,0,0,40,0,0,40,3.2
678,2,0,0,0,8.191999979317188,1,1,0,0,10,0,0,10,0.529
678,2,0,1,0,32.76799991726875,1,1,0,0,10,0,0,10,0.529
678,2,0,2,0,9.216000325977802,1,1,0,0,10,0,0,10,0.529
678,2,0,3,0,4.095999989658594,1,1,0,0,10,0,0,10,0.529
678,24,0,0,0,9.216000325977802,1,1,0,0,10,0,0,10,0.351
678,24,0,1,0,31.74399957060814,1,1,0,0,10,0,0,10,0.351
678,24,0,2,0,9.216000325977802,1,1,0,0,10,0,0,10,0.351
678,24,0,3,0,4.095999989658594,1,1,0,0,10,0,0,10,0.351
678,40,0,0,1,9.216000325977802,1,1,0,0,10,0,0,10,0.33
678,40,0,1,1,35.840000957250595,1,1,0,0,10,0,0,10,0.33
678,40,0,2,1,8.191999979317188,1,1,0,0,10,0,0,10,0.33
678,40,0,3,1,4.095999989658594,1,1,0,0,10,0,0,10,0.33
679,2,0,0,0,9.216000325977802,2,2,0,0,20,0,0,20,0.93
679,2,0,1,0,48.128001391887665,2,2,0,0,20,0,0,20,0.93
679,2,0,2,0,9.216000325977802,2,2,0,0,20,0,0,20,0.93
679,2,0,3,0,5.119999870657921,2,2,0,0,20,0,0,20,0.93
679,24,0,0,0,9.216000325977802,2,2,0,0,20,0,0,20,0.62
679,24,0,1,0,35.840000957250595,2,2,0,0,20,0,0,20,0.62
679,24,0,2,0,9.216000325977802,2,2,0,0,20,0,0,20,0.62
679,24,0,3,0,4.095999989658594,2,2,0,0,20,0,0,20,0.62
679,40,0,0,1,9.216000325977802,2,2,0,0,20,0,0,20,0.771
679,40,0,1,1,46.08000069856644,2,2,0,0,20,0,0,20,0.771
679,40,0,2,1,9.216000325977802,2,2,0,0,20,0,0,20,0.771
679,40,0,3,1,5.119999870657921,2,2,0,0,20,0,0,20,0.771
680,2,0,0,0,8.191999979317188,4,4,0,1,39,0,0,40,65.429
680,2,0,1,0,83.96799862384796,4,4,0,1,39,0,0,40,65.429
680,2,0,2,0,9.216000325977802,4,4,0,1,39,0,0,40,65.429
680,2,0,3,0,5.119999870657921,4,4,0,1,39,0,0,40,65.429
680,24,0,0,0,8.191999979317188,4,4,0,0,40,0,0,40,1.57
680,24,0,1,0,65.5359998345375,4,4,0,0,40,0,0,40,1.57
680,24,0,2,0,9.216000325977802,4,4,0,0,40,0,0,40,1.57
680,24,0,3,0,4.095999989658594,4,4,0,0,40,0,0,40,1.57
680,40,0,0,1,9.216000325977802,4,4,0,0,40,0,0,40,1.5
680,40,0,1,1,62.463998794555664,4,4,0,0,40,0,0,40,1.5
680,40,0,2,1,9.216000325977802,4,4,0,0,40,0,0,40,1.5
680,40,0,3,1,4.095999989658594,4,4,0,0,40,0,0,40,1.5
681,2,0,0,0,14.336000196635723,4,4,0,0,40,0,0,40,3.2
681,2,0,1,0,75.77600330114365,4,4,0,0,40,0,0,40,3.2
681,2,0,2,0,9.216000325977802,4,4,0,0,40,0,0,40,3.2
681,2,0,3,0,7.168000098317862,4,4,0,0,40,0,0,40,3.2
681,24,0,0,0,9.216000325977802,4,4,0,0,40,0,0,40,2.869
681,24,0,1,0,68.60800087451935,4,4,0,0,40,0,0,40,2.869
681,24,0,2,0,9.216000325977802,4,4,0,0,40,0,0,40,2.869
681,24,0,3,0,4.095999989658594,4,4,0,0,40,0,0,40,2.869
681,40,0,0,1,8.191999979317188,4,4,0,0,40,0,0,40,3.26
681,40,0,1,1,84.99199897050858,4,4,0,0,40,0,0,40,3.26
681,40,0,2,1,9.216000325977802,4,4,0,0,40,0,0,40,3.26
681,40,0,3,1,4.095999989658594,4,4,0,0,40,0,0,40,3.26
682,2,0,0,0,14.336000196635723,4,4,0,0,40,0,0,40,1.71
682,2,0,1,0,96.25600278377533,4,4,0,0,40,0,0,40,1.71
682,2,0,2,0,9.216000325977802,4,4,0,0,40,0,0,40,1.71
682,2,0,3,0,5.119999870657921,4,4,0,0,40,0,0,40,1.71
682,24,0,0,0,9.216000325977802,4,4,0,0,40,0,0,40,3.01
682,24,0,1,0,65.5359998345375,4,4,0,0,40,0,0,40,3.01
682,24,0,2,0,10.239999741315842,4,4,0,0,40,0,0,40,3.01
682,24,0,3,0,4.095999989658594,4,4,0,0,40,0,0,40,3.01
682,40,0,0,1,8.191999979317188,4,4,0,0,40,0,0,40,1.509
682,40,0,1,1,81.91999793052673,4,4,0,0,40,0,0,40,1.509
682,40,0,2,1,9.216000325977802,4,4,0,0,40,0,0,40,1.509
682,40,0,3,1,4.095999989658594,4,4,0,0,40,0,0,40,1.509
683,2,0,0,0,15.359999611973763,4,4,0,4,36,0,0,40,222.179
683,2,0,1,0,75.77600330114365,4,4,0,4,36,0,0,40,222.179
683,2,0,2,0,9.216000325977802,4,4,0,4,36,0,0,40,222.179
683,2,0,3,0,118.78400295972824,4,4,0,4,36,0,0,40,222.179
683,24,0,0,0,11.264000087976456,4,4,0,0,40,0,0,40,3.26
683,24,0,1,0,54.27199974656105,4,4,0,0,40,0,0,40,3.26
683,24,0,2,0,9.216000325977802,4,4,0,0,40,0,0,40,3.26
683,24,0,3,0,4.095999989658594,4,4,0,0,40,0,0,40,3.26
683,40,0,0,1,9.216000325977802,4,4,0,0,40,0,0,40,1.52
683,40,0,1,1,56.32000043988228,4,4,0,0,40,0,0,40,1.52
683,40,0,2,1,9.216000325977802,4,4,0,0,40,0,0,40,1.52
683,40,0,3,1,4.095999989658594,4,4,0,0,40,0,0,40,1.52
684,2,0,0,0,16.383999958634377,4,4,0,3,37,0,0,40,105.41
684,2,0,1,0,71.68000191450119,4,4,0,3,37,0,0,40,105.41
684,2,0,2,0,8.191999979317188,4,4,0,3,37,0,0,40,105.41
684,2,0,3,0,4.095999989658594,4,4,0,3,37,0,0,40,105.41
684,24,0,0,0,2920.448064804077,4,4,0,0,40,0,0,40,2.131
684,24,0,1,0,67.58400052785873,4,4,0,0,40,0,0,40,2.131
684,24,0,2,0,9.216000325977802,4,4,0,0,40,0,0,40,2.131
684,24,0,3,0,4.095999989658594,4,4,0,0,40,0,0,40,2.131
684,40,0,0,1,16.383999958634377,4,4,0,1,39,0,0,40,69.66
684,40,0,1,1,51.19999870657921,4,4,0,1,39,0,0,40,69.66
684,40,0,2,1,10.239999741315842,4,4,0,1,39,0,0,40,69.66
684,40,0,3,1,4.095999989658594,4,4,0,1,39,0,0,40,69.66
685,2,0,0,0,9.216000325977802,4,4,0,0,40,0,0,40,1.77
685,2,0,1,0,70.65600156784058,4,4,0,0,40,0,0,40,1.77
685,2,0,2,0,9.216000325977802,4,4,0,0,40,0,0,40,1.77
685,2,0,3,0,5.119999870657921,4,4,0,0,40,0,0,40,1.77
685,24,0,0,0,8.191999979317188,4,4,0,0,40,0,0,40,2.73
685,24,0,1,0,60.416001826524734,4,4,0,0,40,0,0,40,2.73
685,24,0,2,0,8.191999979317188,4,4,0,0,40,0,0,40,2.73
685,24,0,3,0,4.095999989658594,4,4,0,0,40,0,0,40,2.73
685,40,0,0,1,8.191999979317188,4,4,0,0,40,0,0,40,1.52
685,40,0,1,1,78.84799689054489,4,4,0,0,40,0,0,40,1.52
685,40,0,2,1,9.216000325977802,4,4,0,0,40,0,0,40,1.52
685,40,0,3,1,4.095999989658594,4,4,0,0,40,0,0,40,1.52
686,2,0,0,0,9.216000325977802,2,2,0,0,20,0,0,20,1.311
686,2,0,1,0,49.15200173854828,2,2,0,0,20,0,0,20,1.311
686,2,0,2,0,9.216000325977802,2,2,0,0,20,0,0,20,1.311
686,2,0,3,0,6.144000217318535,2,2,0,0,20,0,0,20,1.311
686,24,0,0,0,9.216000325977802,2,2,0,0,20,0,0,20,0.83
686,24,0,1,0,46.08000069856644,2,2,0,0,20,0,0,20,0.83
686,24,0,2,0,9.216000325977802,2,2,0,0,20,0,0,20,0.83
686,24,0,3,0,4.095999989658594,2,2,0,0,20,0,0,20,0.83
686,40,0,0,1,10.239999741315842,2,2,0,0,20,0,0,20,0.62
686,40,0,1,1,48.128001391887665,2,2,0,0,20,0,0,20,0.62
686,40,0,2,1,9.216000325977802,2,2,0,0,20,0,0,20,0.62
686,40,0,3,1,4.095999989658594,2,2,0,0,20,0,0,20,0.62
687,2,0,0,0,15.359999611973763,3,3,0,0,30,0,0,30,2.66
687,2,0,1,0,68.60800087451935,3,3,0,0,30,0,0,30,2.66
687,2,0,2,0,9.216000325977802,3,3,0,0,30,0,0,30,2.66
687,2,0,3,0,8.191999979317188,3,3,0,0,30,0,0,30,2.66
687,24,0,0,0,9.216000325977802,3,3,0,0,30,0,0,30,1.05
687,24,0,1,0,53.247999399900436,3,3,0,0,30,0,0,30,1.05
687,24,0,2,0,9.216000325977802,3,3,0,0,30,0,0,30,1.05
687,24,0,3,0,5.119999870657921,3,3,0,0,30,0,0,30,1.05
687,40,0,0,1,8.191999979317188,3,3,0,0,30,0,0,30,1.08
687,40,0,1,1,57.34400078654289,3,3,0,0,30,0,0,30,1.08
687,40,0,2,1,9.216000325977802,3,3,0,0,30,0,0,30,1.08
687,40,0,3,1,4.095999989658594,3,3,0,0,30,0,0,30,1.08
688,2,0,0,0,8.191999979317188,4,4,0,2,38,0,0,40,106.27
688,2,0,1,0,69.63200122117996,4,4,0,2,38,0,0,40,106.27
688,2,0,2,0,9.216000325977802,4,4,0,2,38,0,0,40,106.27
688,2,0,3,0,18.432000651955605,4,4,0,2,38,0,0,40,106.27
688,24,0,0,0,8.191999979317188,4,4,0,0,40,0,0,40,1.271
688,24,0,1,0,48.128001391887665,4,4,0,0,40,0,0,40,1.271
688,24,0,2,0,8.191999979317188,4,4,0,0,40,0,0,40,1.271
688,24,0,3,0,4.095999989658594,4,4,0,0,40,0,0,40,1.271
688,40,0,0,1,9.216000325977802,4,4,0,0,40,0,0,40,1.37
688,40,0,1,1,52.22399905323982,4,4,0,0,40,0,0,40,1.37
688,40,0,2,1,10.239999741315842,4,4,0,0,40,0,0,40,1.37
688,40,0,3,1,5.119999870657921,4,4,0,0,40,0,0,40,1.37
689,2,0,0,0,14.336000196635723,4,4,0,0,40,0,0,40,1.74
689,2,0,1,0,88.06400001049042,4,4,0,0,40,0,0,40,1.74
689,2,0,2,0,8.191999979317188,4,4,0,0,40,0,0,40,1.74
689,2,0,3,0,5.119999870657921,4,4,0,0,40,0,0,40,1.74
689,24,0,0,0,8.191999979317188,4,4,0,0,40,0,0,40,1.589
689,24,0,1,0,65.5359998345375,4,4,0,0,40,0,0,40,1.589
689,24,0,2,0,9.216000325977802,4,4,0,0,40,0,0,40,1.589
689,24,0,3,0,4.095999989658594,4,4,0,0,40,0,0,40,1.589
689,40,0,0,1,9.216000325977802,4,4,0,0,40,0,0,40,1.36
689,40,0,1,1,57.34400078654289,4,4,0,0,40,0,0,40,1.36
689,40,0,2,1,9.216000325977802,4,4,0,0,40,0,0,40,1.36
689,40,0,3,1,4.095999989658594,4,4,0,0,40,0,0,40,1.36
690,2,0,0,0,9.216000325977802,2,2,0,0,20,0,0,20,0.78
690,2,0,1,0,50.175998359918594,2,2,0,0,20,0,0,20,0.78
690,2,0,2,0,9.216000325977802,2,2,0,0,20,0,0,20,0.78
690,2,0,3,0,8.191999979317188,2,2,0,0,20,0,0,20,0.78
690,24,0,0,0,9.216000325977802,2,2,0,0,20,0,0,20,2.531
690,24,0,1,0,41.98399931192398,2,2,0,0,20,0,0,20,2.531
690,24,0,2,0,8.191999979317188,2,2,0,0,20,0,0,20,2.531
690,24,0,3,0,4.095999989658594,2,2,0,0,20,0,0,20,2.531
690,40,0,0,1,11.264000087976456,2,2,0,0,20,0,0,20,1.02
690,40,0,1,1,39.93599861860275,2,2,0,0,20,0,0,20,1.02
690,40,0,2,1,9.216000325977802,2,2,0,0,20,0,0,20,1.02
690,40,0,3,1,4.095999989658594,2,2,0,0,20,0,0,20,1.02
691,2,0,0,0,15.359999611973763,4,4,0,0,40,0,0,40,1.789
691,2,0,1,0,75.77600330114365,4,4,0,0,40,0,0,40,1.789
691,2,0,2,0,9.216000325977802,4,4,0,0,40,0,0,40,1.789
691,2,0,3,0,5.119999870657921,4,4,0,0,40,0,0,40,1.789
691,24,0,0,0,8.191999979317188,4,4,0,1,39,0,0,40,61.16
691,24,0,1,0,60.416001826524734,4,4,0,1,39,0,0,40,61.16
691,24,0,2,0,9.216000325977802,4,4,0,1,39,0,0,40,61.16
691,24,0,3,0,4.095999989658594,4,4,0,1,39,0,0,40,61.16
691,40,0,0,1,10.239999741315842,4,4,0,0,40,0,0,40,1.34
691,40,0,1,1,58.36800113320351,4,4,0,0,40,0,0,40,1.34
691,40,0,2,1,9.216000325977802,4,4,0,0,40,0,0,40,1.34
691,40,0,3,1,4.095999989658594,4,4,0,0,40,0,0,40,1.34
692,2,0,0,0,9.216000325977802,1,1,0,1,9,0,0,10,54.22
692,2,0,1,0,30.719999223947525,1,1,0,1,9,0,0,10,54.22
692,2,0,2,0,9.216000325977802,1,1,0,1,9,0,0,10,54.22
692,2,0,3,0,5.119999870657921,1,1,0,1,9,0,0,10,54.22
692,24,0,0,0,8.191999979317188,1,1,0,0,10,0,0,10,0.35
692,24,0,1,0,31.74399957060814,1,1,0,0,10,0,0,10,0.35
692,24,0,2,0,8.191999979317188,1,1,0,0,10,0,0,10,0.35
692,24,0,3,0,4.095999989658594,1,1,0,0,10,0,0,10,0.35
692,40,0,0,1,8.191999979317188,1,1,0,0,10,0,0,10,0.43
692,40,0,1,1,34.81600061058998,1,1,0,0,10,0,0,10,0.43
692,40,0,2,1,8.191999979317188,1,1,0,0,10,0,0,10,0.43
692,40,0,3,1,4.095999989658594,1,1,0,0,10,0,0,10,0.43
693,2,0,0,0,14.336000196635723,4,4,0,0,40,0,0,40,1.93
693,2,0,1,0,92.16000139713287,4,4,0,0,40,0,0,40,1.93
693,2,0,2,0,8.191999979317188,4,4,0,0,40,0,0,40,1.93
693,2,0,3,0,6.144000217318535,4,4,0,0,40,0,0,40,1.93
693,24,0,0,0,8.191999979317188,4,4,0,0,40,0,0,40,3.369
693,24,0,1,0,76.80000364780426,4,4,0,0,40,0,0,40,3.369
693,24,0,2,0,8.191999979317188,4,4,0,0,40,0,0,40,3.369
693,24,0,3,0,4.095999989658594,4,4,0,0,40,0,0,40,3.369
693,40,0,0,1,17.40800030529499,4,4,0,1,39,0,0,40,75.639
693,40,0,1,1,62.463998794555664,4,4,0,1,39,0,0,40,75.639
693,40,0,2,1,9.216000325977802,4,4,0,1,39,0,0,40,75.639
693,40,0,3,1,4.095999989658594,4,4,0,1,39,0,0,40,75.639
694,2,0,0,0,14.336000196635723,4,4,0,0,40,0,0,40,1.629
694,2,0,1,0,66.56000018119812,4,4,0,0,40,0,0,40,1.629
694,2,0,2,0,9.216000325977802,4,4,0,0,40,0,0,40,1.629
694,2,0,3,0,5.119999870657921,4,4,0,0,40,0,0,40,1.629
694,24,0,0,0,8.191999979317188,4,4,0,0,40,0,0,40,1.54
694,24,0,1,0,66.56000018119812,4,4,0,0,40,0,0,40,1.54
694,24,0,2,0,9.216000325977802,4,4,0,0,40,0,0,40,1.54
694,24,0,3,0,4.095999989658594,4,4,0,0,40,0,0,40,1.54
694,40,0,0,1,10.239999741315842,4,4,0,0,40,0,0,40,1.43
694,40,0,1,1,51.19999870657921,4,4,0,0,40,0,0,40,1.43
694,40,0,2,1,9.216000325977802,4,4,0,0,40,0,0,40,1.43
694,40,0,3,1,4.095999989658594,4,4,0,0,40,0,0,40,1.43
695,2,0,0,0,15.359999611973763,4,4,0,0,40,0,0,40,1.84
695,2,0,1,0,74.75200295448303,4,4,0,0,40,0,0,40,1.84
695,2,0,2,0,9.216000325977802,4,4,0,0,40,0,0,40,1.84
695,2,0,3,0,6.144000217318535,4,4,0,0,40,0,0,40,1.84
695,24,0,0,0,9.216000325977802,4,4,0,0,40,0,0,40,3.06
695,24,0,1,0,68.60800087451935,4,4,0,0,40,0,0,40,3.06
695,24,0,2,0,9.216000325977802,4,4,0,0,40,0,0,40,3.06
695,24,0,3,0,4.095999989658594,4,4,0,0,40,0,0,40,3.06
695,40,0,0,1,8.191999979317188,4,4,0,0,40,0,0,40,1.6
695,40,0,1,1,86.01599931716919,4,4,0,0,40,0,0,40,1.6
695,40,0,2,1,8.191999979317188,4,4,0,0,40,0,0,40,1.6
695,40,0,3,1,4.095999989658594,4,4,0,0,40,0,0,40,1.6
696,2,0,0,0,15.359999611973763,4,4,0,1,39,0,0,40,66.329
696,2,0,1,0,68.60800087451935,4,4,0,1,39,0,0,40,66.329
696,2,0,2,0,8.191999979317188,4,4,0,1,39,0,0,40,66.329
696,2,0,3,0,4.095999989658594,4,4,0,1,39,0,0,40,66.329
696,24,0,0,0,8.191999979317188,4,4,0,1,39,0,0,40,55.47
696,24,0,1,0,58.36800113320351,4,4,0,1,39,0,0,40,55.47
696,24,0,2,0,8.191999979317188,4,4,0,1,39,0,0,40,55.47
696,24,0,3,0,5.119999870657921,4,4,0,1,39,0,0,40,55.47
696,40,0,0,1,9.216000325977802,4,4,0,2,38,0,0,40,120.819
696,40,0,1,1,89.08800035715103,4,4,0,2,38,0,0,40,120.819
696,40,0,2,1,9.216000325977802,4,4,0,2,38,0,0,40,120.819
696,40,0,3,1,7.168000098317862,4,4,0,2,38,0,0,40,120.819
697,2,0,0,0,9.216000325977802,4,4,0,1,39,0,0,40,115.89
697,2,0,1,0,79.8719972372055,4,4,0,1,39,0,0,40,115.89
697,2,0,2,0,9.216000325977802,4,4,0,1,39,0,0,40,115.89
697,2,0,3,0,14.336000196635723,4,4,0,1,39,0,0,40,115.89
697,24,0,0,0,8.191999979317188,4,4,0,0,40,0,0,40,3.351
697,24,0,1,0,63.48799914121628,4,4,0,0,40,0,0,40,3.351
697,24,0,2,0,8.191999979317188,4,4,0,0,40,0,0,40,3.351
697,24,0,3,0,4.095999989658594,4,4,0,0,40,0,0,40,3.351
697,40,0,0,1,9.216000325977802,4,4,0,3,37,0,0,40,217.348
697,40,0,1,1,74.75200295448303,4,4,0,3,37,0,0,40,217.348
697,40,0,2,1,8.191999979317188,4,4,0,3,37,0,0,40,217.348
697,40,0,3,1,120.83200365304947,4,4,0,3,37,0,0,40,217.348
698,2,0,0,0,14.336000196635723,4,4,0,0,40,0,0,40,1.67
698,2,0,1,0,75.77600330114365,4,4,0,0,40,0,0,40,1.67
698,2,0,2,0,9.216000325977802,4,4,0,0,40,0,0,40,1.67
698,2,0,3,0,5.119999870657921,4,4,0,0,40,0,0,40,1.67
698,24,0,0,0,8.191999979317188,4,4,0,0,40,0,0,40,1.38
698,24,0,1,0,68.60800087451935,4,4,0,0,40,0,0,40,1.38
698,24,0,2,0,8.191999979317188,4,4,0,0,40,0,0,40,1.38
698,24,0,3,0,4.095999989658594,4,4,0,0,40,0,0,40,1.38
698,40,0,0,1,9.216000325977802,4,4,0,0,40,0,0,40,1.67
698,40,0,1,1,71.68000191450119,4,4,0,0,40,0,0,40,1.67
698,40,0,2,1,9.216000325977802,4,4,0,0,40,0,0,40,1.67
698,40,0,3,1,4.095999989658594,4,4,0,0,40,0,0,40,1.67
699,2,0,0,0,14.336000196635723,4,4,0,0,40,0,0,40,3.6
699,2,0,1,0,72.7040022611618,4,4,0,0,40,0,0,40,3.6
699,2,0,2,0,9.216000325977802,4,4,0,0,40,0,0,40,3.6
699,2,0,3,0,5.119999870657921,4,4,0,0,40,0,0,40,3.6
699,24,0,0,0,8.191999979317188,4,4,0,0,40,0,0,40,3.06
699,24,0,1,0,68.60800087451935,4,4,0,0,40,0,0,40,3.06
699,24,0,2,0,9.216000325977802,4,4,0,0,40,0,0,40,3.06
699,24,0,3,0,4.095999989658594,4,4,0,0,40,0,0,40,3.06
699,40,0,0,1,15.359999611973763,4,4,0,1,39,0,0,40,80.159
699,40,0,1,1,89.08800035715103,4,4,0,1,39,0,0,40,80.159
699,40,0,2,1,9.216000325977802,4,4,0,1,39,0,0,40,80.159
699,40,0,3,1,4.095999989658594,4,4,0,1,39,0,0,40,80.159
700,2,0,0,0,772.0959782600403,4,4,0,0,40,0,0,40,3.78
700,2,0,1,0,89.08800035715103,4,4,0,0,40,0,0,40,3.78
700,2,0,2,0,9.216000325977802,4,4,0,0,40,0,0,40,3.78
700,2,0,3,0,8.191999979317188,4,4,0,0,40,0,0,40,3.78
700,24,0,0,0,8.191999979317188,4,4,0,0,40,0,0,40,1.91
700,24,0,1,0,72.7040022611618,4,4,0,0,40,0,0,40,1.91
700,24,0,2,0,9.216000325977802,4,4,0,0,40,0,0,40,1.91
700,24,0,3,0,5.119999870657921,4,4,0,0,40,0,0,40,1.91
700,40,0,0,1,15.359999611973763,4,4,0,0,40,0,0,40,2.549
700,40,0,1,1,76.80000364780426,4,4,0,0,40,0,0,40,2.549
700,40,0,2,1,9.216000325977802,4,4,0,0,40,0,0,40,2.549
700,40,0,3,1,4.095999989658594,4,4,0,0,40,0,0,40,2.549
701,2,0,0,0,9.216000325977802,3,3,0,0,30,0,0,30,1.32
701,2,0,1,0,60.416001826524734,3,3,0,0,30,0,0,30,1.32
701,2,0,2,0,9.216000325977802,3,3,0,0,30,0,0,30,1.32
701,2,0,3,0,5.119999870657921,3,3,0,0,30,0,0,30,1.32
701,24,0,0,0,15.359999611973763,3,3,0,0,30,0,0,30,1.54
701,24,0,1,0,67.58400052785873,3,3,0,0,30,0,0,30,1.54
701,24,0,2,0,8.191999979317188,3,3,0,0,30,0,0,30,1.54
701,24,0,3,0,4.095999989658594,3,3,0,0,30,0,0,30,1.54
701,40,0,0,1,9.216000325977802,3,3,0,0,30,0,0,30,1.07
701,40,0,1,1,56.32000043988228,3,3,0,0,30,0,0,30,1.07
701,40,0,2,1,9.216000325977802,3,3,0,0,30,0,0,30,1.07
701,40,0,3,1,4.095999989658594,3,3,0,0,30,0,0,30,1.07
702,2,0,0,0,15.359999611973763,1,1,0,0,10,0,0,10,0.53
702,2,0,1,0,30.719999223947525,1,1,0,0,10,0,0,10,0.53
702,2,0,2,0,9.216000325977802,1,1,0,0,10,0,0,10,0.53
702,2,0,3,0,4.095999989658594,1,1,0,0,10,0,0,10,0.53
702,24,0,0,0,9.216000325977802,1,1,0,0,10,0,0,10,0.471
702,24,0,1,0,32.76799991726875,1,1,0,0,10,0,0,10,0.471
702,24,0,2,0,9.216000325977802,1,1,0,0,10,0,0,10,0.471
702,24,0,3,0,4.095999989658594,1,1,0,0,10,0,0,10,0.471
702,40,0,0,1,9.216000325977802,1,1,0,0,10,0,0,10,0.451
702,40,0,1,1,35.840000957250595,1,1,0,0,10,0,0,10,0.451
702,40,0,2,1,9.216000325977802,1,1,0,0,10,0,0,10,0.451
702,40,0,3,1,5.119999870657921,1,1,0,0,10,0,0,10,0.451
703,2,0,0,0,9.216000325977802,1,1,0,0,10,0,0,10,0.5
703,2,0,1,0,32.76799991726875,1,1,0,0,10,0,0,10,0.5
703,2,0,2,0,9.216000325977802,1,1,0,0,10,0,0,10,0.5
703,2,0,3,0,4.095999989658594,1,1,0,0,10,0,0,10,0.5
703,24,0,0,0,9.216000325977802,1,1,0,0,10,0,0,10,0.31
703,24,0,1,0,32.76799991726875,1,1,0,0,10,0,0,10,0.31
703,24,0,2,0,9.216000325977802,1,1,0,0,10,0,0,10,0.31
703,24,0,3,0,4.095999989658594,1,1,0,0,10,0,0,10,0.31
703,40,0,0,1,8.191999979317188,1,1,0,0,10,0,0,10,2.05
703,40,0,1,1,35.840000957250595,1,1,0,0,10,0,0,10,2.05
703,40,0,2,1,9.216000325977802,1,1,0,0,10,0,0,10,2.05
703,40,0,3,1,4.095999989658594,1,1,0,0,10,0,0,10,2.05
704,2,0,0,0,14.336000196635723,3,3,0,0,30,0,0,30,1.309
704,2,0,1,0,66.56000018119812,3,3,0,0,30,0,0,30,1.309
704,2,0,2,0,8.191999979317188,3,3,0,0,30,0,0,30,1.309
704,2,0,3,0,5.119999870657921,3,3,0,0,30,0,0,30,1.309
704,24,0,0,0,15.359999611973763,3,3,0,0,30,0,0,30,1.569
704,24,0,1,0,69.63200122117996,3,3,0,0,30,0,0,30,1.569
704,24,0,2,0,9.216000325977802,3,3,0,0,30,0,0,30,1.569
704,24,0,3,0,5.119999870657921,3,3,0,0,30,0,0,30,1.569
704,40,0,0,1,9.216000325977802,3,3,0,0,30,0,0,30,0.94
704,40,0,1,1,73.72800260782242,3,3,0,0,30,0,0,30,0.94
704,40,0,2,1,9.216000325977802,3,3,0,0,30,0,0,30,0.94
704,40,0,3,1,4.095999989658594,3,3,0,0,30,0,0,30,0.94
705,2,0,0,0,9.216000325977802,4,4,0,1,39,0,0,40,113.149
705,2,0,1,0,73.72800260782242,4,4,0,1,39,0,0,40,113.149
705,2,0,2,0,9.216000325977802,4,4,0,1,39,0,0,40,113.149
705,2,0,3,0,18.432000651955605,4,4,0,1,39,0,0,40,113.149
705,24,0,0,0,8.191999979317188,4,4,0,1,39,0,0,40,69.13
705,24,0,1,0,83.96799862384796,4,4,0,1,39,0,0,40,69.13
705,24,0,2,0,9.216000325977802,4,4,0,1,39,0,0,40,69.13
705,24,0,3,0,3.0720001086592674,4,4,0,1,39,0,0,40,69.13
705,40,0,0,1,9.216000325977802,4,4,0,0,40,0,0,40,2.78
705,40,0,1,1,74.75200295448303,4,4,0,0,40,0,0,40,2.78
705,40,0,2,1,9.216000325977802,4,4,0,0,40,0,0,40,2.78
705,40,0,3,1,4.095999989658594,4,4,0,0,40,0,0,40,2.78
706,2,0,0,0,14.336000196635723,4,4,0,0,40,0,0,40,2.02
706,2,0,1,0,84.99199897050858,4,4,0,0,40,0,0,40,2.02
706,2,0,2,0,9.216000325977802,4,4,0,0,40,0,0,40,2.02
706,2,0,3,0,5.119999870657921,4,4,0,0,40,0,0,40,2.02
706,24,0,0,0,8.191999979317188,4,4,0,0,40,0,0,40,3.29
706,24,0,1,0,62.463998794555664,4,4,0,0,40,0,0,40,3.29
706,24,0,2,0,9.216000325977802,4,4,0,0,40,0,0,40,3.29
706,24,0,3,0,4.095999989658594,4,4,0,0,40,0,0,40,3.29
706,40,0,0,1,9.216000325977802,4,4,0,0,40,0,0,40,1.72
706,40,0,1,1,88.06400001049042,4,4,0,0,40,0,0,40,1.72
706,40,0,2,1,9.216000325977802,4,4,0,0,40,0,0,40,1.72
706,40,0,3,1,3.0720001086592674,4,4,0,0,40,0,0,40,1.72
707,2,0,0,0,9.216000325977802,1,1,0,0,10,0,0,10,0.45
707,2,0,1,0,31.74399957060814,1,1,0,0,10,0,0,10,0.45
707,2,0,2,0,8.191999979317188,1,1,0,0,10,0,0,10,0.45
707,2,0,3,0,4.095999989658594,1,1,0,0,10,0,0,10,0.45
707,24,0,0,0,9.216000325977802,1,1,0,0,10,0,0,10,0.691
707,24,0,1,0,31.74399957060814,1,1,0,0,10,0,0,10,0.691
707,24,0,2,0,9.216000325977802,1,1,0,0,10,0,0,10,0.691
707,24,0,3,0,4.095999989658594,1,1,0,0,10,0,0,10,0.691
707,40,0,0,1,8.191999979317188,1,1,0,0,10,0,0,10,0.45
707,40,0,1,1,35.840000957250595,1,1,0,0,10,0,0,10,0.45
707,40,0,2,1,9.216000325977802,1,1,0,0,10,0,0,10,0.45
707,40,0,3,1,4.095999989658594,1,1,0,0,10,0,0,10,0.45
708,2,0,0,0,9.216000325977802,4,4,0,5,35,0,0,40,195.419
708,2,0,1,0,68.60800087451935,4,4,0,5,35,0,0,40,195.419
708,2,0,2,0,9.216000325977802,4,4,0,5,35,0,0,40,195.419
708,2,0,3,0,107.51999914646149,4,4,0,5,35,0,0,40,195.419
708,24,0,0,0,1886.2080574035645,4,4,0,1,39,0,0,40,86.069
708,24,0,1,0,73.72800260782242,4,4,0,1,39,0,0,40,86.069
708,24,0,2,0,9.216000325977802,4,4,0,1,39,0,0,40,86.069
708,24,0,3,0,4.095999989658594,4,4,0,1,39,0,0,40,86.069
708,40,0,0,1,9.216000325977802,4,4,0,0,40,0,0,40,1.4
708,40,0,1,1,77.82399654388428,4,4,0,0,40,0,0,40,1.4
708,40,0,2,1,9.216000325977802,4,4,0,0,40,0,0,40,1.4
708,40,0,3,1,4.095999989658594,4,4,0,0,40,0,0,40,1.4
709,2,0,0,0,15.359999611973763,4,4,0,0,40,0,0,40,2.44
709,2,0,1,0,77.82399654388428,4,4,0,0,40,0,0,40,2.44
709,2,0,2,0,9.216000325977802,4,4,0,0,40,0,0,40,2.44
709,2,0,3,0,5.119999870657921,4,4,0,0,40,0,0,40,2.44
709,24,0,0,0,15.359999611973763,4,4,0,0,40,0,0,40,12.58
709,24,0,1,0,74.75200295448303,4,4,0,0,40,0,0,40,12.58
709,24,0,2,0,9.216000325977802,4,4,0,0,40,0,0,40,12.58
709,24,0,3,0,4.095999989658594,4,4,0,0,40,0,0,40,12.58
709,40,0,0,1,8.191999979317188,4,4,0,0,40,0,0,40,1.29
709,40,0,1,1,61.43999844789505,4,4,0,0,40,0,0,40,1.29
709,40,0,2,1,8.191999979317188,4,4,0,0,40,0,0,40,1.29
709,40,0,3,1,4.095999989658594,4,4,0,0,40,0,0,40,1.29
710,2,0,0,0,9.216000325977802,2,2,0,0,20,0,0,20,0.8
710,2,0,1,0,44.03200000524521,2,2,0,0,20,0,0,20,0.8
710,2,0,2,0,9.216000325977802,2,2,0,0,20,0,0,20,0.8
710,2,0,3,0,5.119999870657921,2,2,0,0,20,0,0,20,0.8
710,24,0,0,0,9.216000325977802,2,2,0,1,19,0,0,20,51.969
710,24,0,1,0,45.05600035190582,2,2,0,1,19,0,0,20,51.969
710,24,0,2,0,9.216000325977802,2,2,0,1,19,0,0,20,51.969
710,24,0,3,0,4.095999989658594,2,2,0,1,19,0,0,20,51.969
710,40,0,0,1,9.216000325977802,2,2,0,1,19,0,0,20,63.85
710,40,0,1,1,46.08000069856644,2,2,0,1,19,0,0,20,63.85
710,40,0,2,1,9.216000325977802,2,2,0,1,19,0,0,20,63.85
710,40,0,3,1,4.095999989658594,2,2,0,1,19,0,0,20,63.85
711,2,0,0,0,2617.3439025878906,3,3,0,0,30,0,0,30,1.669
711,2,0,1,0,64.51199948787689,3,3,0,0,30,0,0,30,1.669
711,2,0,2,0,8.191999979317188,3,3,0,0,30,0,0,30,1.669
711,2,0,3,0,6.144000217318535,3,3,0,0,30,0,0,30,1.669
711,24,0,0,0,15.359999611973763,3,3,0,0,30,0,0,30,1.16
711,24,0,1,0,53.247999399900436,3,3,0,0,30,0,0,30,1.16
711,24,0,2,0,9.216000325977802,3,3,0,0,30,0,0,30,1.16
711,24,0,3,0,5.119999870657921,3,3,0,0,30,0,0,30,1.16
711,40,0,0,1,9.216000325977802,3,3,0,0,30,0,0,30,1.051
711,40,0,1,1,66.56000018119812,3,3,0,0,30,0,0,30,1.051
711,40,0,2,1,9.216000325977802,3,3,0,0,30,0,0,30,1.051
711,40,0,3,1,3.0720001086592674,3,3,0,0,30,0,0,30,1.051
712,2,0,0,0,8.191999979317188,4,4,0,1,39,0,0,40,58.09
712,2,0,1,0,82.94399827718735,4,4,0,1,39,0,0,40,58.09
712,2,0,2,0,9.216000325977802,4,4,0,1,39,0,0,40,58.09
712,2,0,3,0,6.144000217318535,4,4,0,1,39,0,0,40,58.09
712,24,0,0,0,9.216000325977802,4,4,0,1,39,0,0,40,64.39
712,24,0,1,0,69.63200122117996,4,4,0,1,39,0,0,40,64.39
712,24,0,2,0,9.216000325977802,4,4,0,1,39,0,0,40,64.39
712,24,0,3,0,3.0720001086592674,4,4,0,1,39,0,0,40,64.39
712,40,0,0,1,8.191999979317188,4,4,0,0,40,0,0,40,3.46
712,40,0,1,1,69.63200122117996,4,4,0,0,40,0,0,40,3.46
712,40,0,2,1,9.216000325977802,4,4,0,0,40,0,0,40,3.46
712,40,0,3,1,4.095999989658594,4,4,0,0,40,0,0,40,3.46
713,2,0,0,0,15.359999611973763,2,2,0,0,20,0,0,20,0.911
713,2,0,1,0,51.19999870657921,2,2,0,0,20,0,0,20,0.911
713,2,0,2,0,9.216000325977802,2,2,0,0,20,0,0,20,0.911
713,2,0,3,0,7.168000098317862,2,2,0,0,20,0,0,20,0.911
713,24,0,0,0,8.191999979317188,2,2,0,0,20,0,0,20,0.69
713,24,0,1,0,51.19999870657921,2,2,0,0,20,0,0,20,0.69
713,24,0,2,0,9.216000325977802,2,2,0,0,20,0,0,20,0.69
713,24,0,3,0,4.095999989658594,2,2,0,0,20,0,0,20,0.69
713,40,0,0,1,8.191999979317188,2,2,0,0,20,0,0,20,2.0
713,40,0,1,1,46.08000069856644,2,2,0,0,20,0,0,20,2.0
713,40,0,2,1,10.239999741315842,2,2,0,0,20,0,0,20,2.0
713,40,0,3,1,4.095999989658594,2,2,0,0,20,0,0,20,2.0
714,2,0,0,0,9.216000325977802,1,1,0,0,10,0,0,10,0.44
714,2,0,1,0,31.74399957060814,1,1,0,0,10,0,0,10,0.44
714,2,0,2,0,9.216000325977802,1,1,0,0,10,0,0,10,0.44
714,2,0,3,0,4.095999989658594,1,1,0,0,10,0,0,10,0.44
714,24,0,0,0,9.216000325977802,1,1,0,0,10,0,0,10,0.35
714,24,0,1,0,31.74399957060814,1,1,0,0,10,0,0,10,0.35
714,24,0,2,0,8.191999979317188,1,1,0,0,10,0,0,10,0.35
714,24,0,3,0,4.095999989658594,1,1,0,0,10,0,0,10,0.35
714,40,0,0,1,8.191999979317188,1,1,0,0,10,0,0,10,0.451
714,40,0,1,1,35.840000957250595,1,1,0,0,10,0,0,10,0.451
714,40,0,2,1,9.216000325977802,1,1,0,0,10,0,0,10,0.451
714,40,0,3,1,4.095999989658594,1,1,0,0,10,0,0,10,0.451
715,2,0,0,0,16.383999958634377,3,3,0,0,30,0,0,30,3.289
715,2,0,1,0,60.416001826524734,3,3,0,0,30,0,0,30,3.289
715,2,0,2,0,9.216000325977802,3,3,0,0,30,0,0,30,3.289
715,2,0,3,0,5.119999870657921,3,3,0,0,30,0,0,30,3.289
715,24,0,0,0,9.216000325977802,3,3,0,2,28,0,0,30,57.749
715,24,0,1,0,53.247999399900436,3,3,0,2,28,0,0,30,57.749
715,24,0,2,0,9.216000325977802,3,3,0,2,28,0,0,30,57.749
715,24,0,3,0,4.095999989658594,3,3,0,2,28,0,0,30,57.749
715,40,0,0,1,11.264000087976456,3,3,0,0,30,0,0,30,1.14
715,40,0,1,1,54.27199974656105,3,3,0,0,30,0,0,30,1.14
715,40,0,2,1,9.216000325977802,3,3,0,0,30,0,0,30,1.14
715,40,0,3,1,4.095999989658594,3,3,0,0,30,0,0,30,1.14
716,2,0,0,0,9.216000325977802,1,1,0,0,10,0,0,10,0.52
716,2,0,1,0,30.719999223947525,1,1,0,0,10,0,0,10,0.52
716,2,0,2,0,9.216000325977802,1,1,0,0,10,0,0,10,0.52
716,2,0,3,0,6.144000217318535,1,1,0,0,10,0,0,10,0.52
716,24,0,0,0,9.216000325977802,1,1,0,0,10,0,0,10,0.47
716,24,0,1,0,31.74399957060814,1,1,0,0,10,0,0,10,0.47
716,24,0,2,0,9.216000325977802,1,1,0,0,10,0,0,10,0.47
716,24,0,3,0,5.119999870657921,1,1,0,0,10,0,0,10,0.47
716,40,0,0,1,9.216000325977802,1,1,0,0,10,0,0,10,0.329
716,40,0,1,1,35.840000957250595,1,1,0,0,10,0,0,10,0.329
716,40,0,2,1,9.216000325977802,1,1,0,0,10,0,0,10,0.329
716,40,0,3,1,4.095999989658594,1,1,0,0,10,0,0,10,0.329
717,2,0,0,0,14.336000196635723,4,4,0,0,40,0,0,40,1.58
717,2,0,1,0,49.15200173854828,4,4,0,0,40,0,0,40,1.58
717,2,0,2,0,8.191999979317188,4,4,0,0,40,0,0,40,1.58
717,2,0,3,0,4.095999989658594,4,4,0,0,40,0,0,40,1.58
717,24,0,0,0,8.191999979317188,4,4,0,0,40,0,0,40,3.23
717,24,0,1,0,72.7040022611618,4,4,0,0,40,0,0,40,3.23
717,24,0,2,0,9.216000325977802,4,4,0,0,40,0,0,40,3.23
717,24,0,3,0,3.0720001086592674,4,4,0,0,40,0,0,40,3.23
717,40,0,0,1,9.216000325977802,4,4,0,0,40,0,0,40,1.51
717,40,0,1,1,57.34400078654289,4,4,0,0,40,0,0,40,1.51
717,40,0,2,1,9.216000325977802,4,4,0,0,40,0,0,40,1.51
717,40,0,3,1,4.095999989658594,4,4,0,0,40,0,0,40,1.51
718,2,0,0,0,2843.6479568481445,4,4,0,0,40,0,0,40,2.08
718,2,0,1,0,61.43999844789505,4,4,0,0,40,0,0,40,2.08
718,2,0,2,0,9.216000325977802,4,4,0,0,40,0,0,40,2.08
718,2,0,3,0,6.144000217318535,4,4,0,0,40,0,0,40,2.08
718,24,0,0,0,8.191999979317188,4,4,0,0,40,0,0,40,2.94
718,24,0,1,0,67.58400052785873,4,4,0,0,40,0,0,40,2.94
718,24,0,2,0,8.191999979317188,4,4,0,0,40,0,0,40,2.94
718,24,0,3,0,4.095999989658594,4,4,0,0,40,0,0,40,2.94
718,40,0,0,1,9.216000325977802,4,4,0,0,40,0,0,40,3.06
718,40,0,1,1,62.463998794555664,4,4,0,0,40,0,0,40,3.06
718,40,0,2,1,9.216000325977802,4,4,0,0,40,0,0,40,3.06
718,40,0,3,1,4.095999989658594,4,4,0,0,40,0,0,40,3.06
719,2,0,0,0,13.311999849975109,4,4,0,0,40,0,0,40,5.29
719,2,0,1,0,82.94399827718735,4,4,0,0,40,0,0,40,5.29
719,2,0,2,0,9.216000325977802,4,4,0,0,40,0,0,40,5.29
719,2,0,3,0,5.119999870657921,4,4,0,0,40,0,0,40,5.29
719,24,0,0,0,9.216000325977802,4,4,0,0,40,0,0,40,4.84
719,24,0,1,0,82.94399827718735,4,4,0,0,40,0,0,40,4.84
719,24,0,2,0,9.216000325977802,4,4,0,0,40,0,0,40,4.84
719,24,0,3,0,4.095999989658594,4,4,0,0,40,0,0,40,4.84
719,40,0,0,1,10.239999741315842,4,4,0,0,40,0,0,40,2.5
719,40,0,1,1,82.94399827718735,4,4,0,0,40,0,0,40,2.5
719,40,0,2,1,9.216000325977802,4,4,0,0,40,0,0,40,2.5
719,40,0,3,1,4.095999989658594,4,4,0,0,40,0,0,40,2.5
720,2,0,0,0,14.336000196635723,4,4,0,0,40,0,0,40,3.3
720,2,0,1,0,91.13600105047226,4,4,0,0,40,0,0,40,3.3
720,2,0,2,0,9.216000325977802,4,4,0,0,40,0,0,40,3.3
720,2,0,3,0,5.119999870657921,4,4,0,0,40,0,0,40,3.3
720,24,0,0,0,8.191999979317188,4,4,0,0,40,0,0,40,2.59
720,24,0,1,0,92.16000139713287,4,4,0,0,40,0,0,40,2.59
720,24,0,2,0,9.216000325977802,4,4,0,0,40,0,0,40,2.59
720,24,0,3,0,4.095999989658594,4,4,0,0,40,0,0,40,2.59
720,40,0,0,1,10.239999741315842,4,4,0,0,40,0,0,40,1.669
720,40,0,1,1,68.60800087451935,4,4,0,0,40,0,0,40,1.669
720,40,0,2,1,9.216000325977802,4,4,0,0,40,0,0,40,1.669
720,40,0,3,1,4.095999989658594,4,4,0,0,40,0,0,40,1.669
721,2,0,0,0,14.336000196635723,4,4,0,0,40,0,0,40,3.82
721,2,0,1,0,96.25600278377533,4,4,0,0,40,0,0,40,3.82
721,2,0,2,0,8.191999979317188,4,4,0,0,40,0,0,40,3.82
721,2,0,3,0,6.144000217318535,4,4,0,0,40,0,0,40,3.82
721,24,0,0,0,8.191999979317188,4,4,0,0,40,0,0,40,1.94
721,24,0,1,0,72.7040022611618,4,4,0,0,40,0,0,40,1.94
721,24,0,2,0,9.216000325977802,4,4,0,0,40,0,0,40,1.94
721,24,0,3,0,4.095999989658594,4,4,0,0,40,0,0,40,1.94
721,40,0,0,1,10.239999741315842,4,4,0,0,40,0,0,40,1.59
721,40,0,1,1,56.32000043988228,4,4,0,0,40,0,0,40,1.59
721,40,0,2,1,9.216000325977802,4,4,0,0,40,0,0,40,1.59
721,40,0,3,1,5.119999870657921,4,4,0,0,40,0,0,40,1.59
722,2,0,0,0,930.8159947395325,3,3,0,1,29,0,0,30,75.62
722,2,0,1,0,57.34400078654289,3,3,0,1,29,0,0,30,75.62
722,2,0,2,0,9.216000325977802,3,3,0,1,29,0,0,30,75.62
722,2,0,3,0,5.119999870657921,3,3,0,1,29,0,0,30,75.62
722,24,0,0,0,8.191999979317188,3,3,0,0,30,0,0,30,3.411
722,24,0,1,0,55.296000093221664,3,3,0,0,30,0,0,30,3.411
722,24,0,2,0,9.216000325977802,3,3,0,0,30,0,0,30,3.411
722,24,0,3,0,4.095999989658594,3,3,0,0,30,0,0,30,3.411
722,40,0,0,1,9.216000325977802,3,3,0,0,30,0,0,30,1.3
722,40,0,1,1,52.22399905323982,3,3,0,0,30,0,0,30,1.3
722,40,0,2,1,9.216000325977802,3,3,0,0,30,0,0,30,1.3
722,40,0,3,1,4.095999989658594,3,3,0,0,30,0,0,30,1.3
723,2,0,0,0,15.359999611973763,4,4,0,1,39,0,0,40,63.32
723,2,0,1,0,78.84799689054489,4,4,0,1,39,0,0,40,63.32
723,2,0,2,0,9.216000325977802,4,4,0,1,39,0,0,40,63.32
723,2,0,3,0,5.119999870657921,4,4,0,1,39,0,0,40,63.32
723,24,0,0,0,8.191999979317188,4,4,0,0,40,0,0,40,2.849
723,24,0,1,0,62.463998794555664,4,4,0,0,40,0,0,40,2.849
723,24,0,2,0,9.216000325977802,4,4,0,0,40,0,0,40,2.849
723,24,0,3,0,4.095999989658594,4,4,0,0,40,0,0,40,2.849
723,40,0,0,1,10.239999741315842,4,4,0,4,36,0,0,40,137.41
723,40,0,1,1,62.463998794555664,4,4,0,4,36,0,0,40,137.41
723,40,0,2,1,9.216000325977802,4,4,0,4,36,0,0,40,137.41
723,40,0,3,1,53.247999399900436,4,4,0,4,36,0,0,40,137.41
724,2,0,0,0,8.191999979317188,4,4,0,3,37,0,0,40,238.859
724,2,0,1,0,84.99199897050858,4,4,0,3,37,0,0,40,238.859
724,2,0,2,0,9.216000325977802,4,4,0,3,37,0,0,40,238.859
724,2,0,3,0,134.14399325847626,4,4,0,3,37,0,0,40,238.859
724,24,0,0,0,8.191999979317188,4,4,0,0,40,0,0,40,1.82
724,24,0,1,0,83.96799862384796,4,4,0,0,40,0,0,40,1.82
724,24,0,2,0,9.216000325977802,4,4,0,0,40,0,0,40,1.82
724,24,0,3,0,4.095999989658594,4,4,0,0,40,0,0,40,1.82
724,40,0,0,1,8.191999979317188,4,4,0,2,38,0,0,40,106.92
724,40,0,1,1,72.7040022611618,4,4,0,2,38,0,0,40,106.92
724,40,0,2,1,10.239999741315842,4,4,0,2,38,0,0,40,106.92
724,40,0,3,1,11.264000087976456,4,4,0,2,38,0,0,40,106.92
725,2,0,0,0,12.28800043463707,4,4,0,1,39,0,0,40,48.76
725,2,0,1,0,83.96799862384796,4,4,0,1,39,0,0,40,48.76
725,2,0,2,0,9.216000325977802,4,4,0,1,39,0,0,40,48.76
725,2,0,3,0,6.144000217318535,4,4,0,1,39,0,0,40,48.76
725,24,0,0,0,8.191999979317188,4,4,0,0,40,0,0,40,2.7
725,24,0,1,0,72.7040022611618,4,4,0,0,40,0,0,40,2.7
725,24,0,2,0,8.191999979317188,4,4,0,0,40,0,0,40,2.7
725,24,0,3,0,4.095999989658594,4,4,0,0,40,0,0,40,2.7
725,40,0,0,1,2981.8880558013916,4,4,0,1,39,0,0,40,61.549
725,40,0,1,1,72.7040022611618,4,4,0,1,39,0,0,40,61.549
725,40,0,2,1,9.216000325977802,4,4,0,1,39,0,0,40,61.549
725,40,0,3,1,3.0720001086592674,4,4,0,1,39,0,0,40,61.549
726,2,0,0,0,15.359999611973763,4,4,0,0,40,0,0,40,1.88
726,2,0,1,0,81.91999793052673,4,4,0,0,40,0,0,40,1.88
726,2,0,2,0,9.216000325977802,4,4,0,0,40,0,0,40,1.88
726,2,0,3,0,5.119999870657921,4,4,0,0,40,0,0,40,1.88
726,24,0,0,0,8.191999979317188,4,4,0,0,40,0,0,40,1.95
726,24,0,1,0,68.60800087451935,4,4,0,0,40,0,0,40,1.95
726,24,0,2,0,9.216000325977802,4,4,0,0,40,0,0,40,1.95
726,24,0,3,0,4.095999989658594,4,4,0,0,40,0,0,40,1.95
726,40,0,0,1,8.191999979317188,4,4,0,1,39,0,0,40,69.109
726,40,0,1,1,94.2080020904541,4,4,0,1,39,0,0,40,69.109
726,40,0,2,1,9.216000325977802,4,4,0,1,39,0,0,40,69.109
726,40,0,3,1,4.095999989658594,4,4,0,1,39,0,0,40,69.109
727,2,0,0,0,9.216000325977802,2,2,0,0,20,0,0,20,1.01
727,2,0,1,0,49.15200173854828,2,2,0,0,20,0,0,20,1.01
727,2,0,2,0,9.216000325977802,2,2,0,0,20,0,0,20,1.01
727,2,0,3,0,7.168000098317862,2,2,0,0,20,0,0,20,1.01
727,24,0,0,0,8.191999979317188,2,2,0,0,20,0,0,20,0.84
727,24,0,1,0,45.05600035190582,2,2,0,0,20,0,0,20,0.84
727,24,0,2,0,9.216000325977802,2,2,0,0,20,0,0,20,0.84
727,24,0,3,0,4.095999989658594,2,2,0,0,20,0,0,20,0.84
727,40,0,0,1,8.191999979317188,2,2,0,0,20,0,0,20,0.81
727,40,0,1,1,40.95999896526337,2,2,0,0,20,0,0,20,0.81
727,40,0,2,1,9.216000325977802,2,2,0,0,20,0,0,20,0.81
727,40,0,3,1,4.095999989658594,2,2,0,0,20,0,0,20,0.81
728,2,0,0,0,3562.4959468841553,3,3,0,1,29,0,0,30,66.18
728,2,0,1,0,64.51199948787689,3,3,0,1,29,0,0,30,66.18
728,2,0,2,0,9.216000325977802,3,3,0,1,29,0,0,30,66.18
728,2,0,3,0,6.144000217318535,3,3,0,1,29,0,0,30,66.18
728,24,0,0,0,10.239999741315842,3,3,0,0,30,0,0,30,1.07
728,24,0,1,0,52.22399905323982,3,3,0,0,30,0,0,30,1.07
728,24,0,2,0,9.216000325977802,3,3,0,0,30,0,0,30,1.07
728,24,0,3,0,4.095999989658594,3,3,0,0,30,0,0,30,1.07
728,40,0,0,1,1377.2799968719482,3,3,0,0,30,0,0,30,1.84
728,40,0,1,1,55.296000093221664,3,3,0,0,30,0,0,30,1.84
728,40,0,2,1,9.216000325977802,3,3,0,0,30,0,0,30,1.84
728,40,0,3,1,3.0720001086592674,3,3,0,0,30,0,0,30,1.84
729,2,0,0,0,15.359999611973763,4,4,0,0,40,0,0,40,2.05
729,2,0,1,0,77.82399654388428,4,4,0,0,40,0,0,40,2.05
729,2,0,2,0,9.216000325977802,4,4,0,0,40,0,0,40,2.05
729,2,0,3,0,6.144000217318535,4,4,0,0,40,0,0,40,2.05
729,24,0,0,0,8.191999979317188,4,4,0,0,40,0,0,40,1.671
729,24,0,1,0,60.416001826524734,4,4,0,0,40,0,0,40,1.671
729,24,0,2,0,9.216000325977802,4,4,0,0,40,0,0,40,1.671
729,24,0,3,0,4.095999989658594,4,4,0,0,40,0,0,40,1.671
729,40,0,0,1,8.191999979317188,4,4,0,0,40,0,0,40,1.44
729,40,0,1,1,65.5359998345375,4,4,0,0,40,0,0,40,1.44
729,40,0,2,1,9.216000325977802,4,4,0,0,40,0,0,40,1.44
729,40,0,3,1,4.095999989658594,4,4,0,0,40,0,0,40,1.44
730,2,0,0,0,9.216000325977802,1,1,0,0,10,0,0,10,0.45
730,2,0,1,0,31.74399957060814,1,1,0,0,10,0,0,10,0.45
730,2,0,2,0,9.216000325977802,1,1,0,0,10,0,0,10,0.45
730,2,0,3,0,5.119999870657921,1,1,0,0,10,0,0,10,0.45
730,24,0,0,0,9.216000325977802,1,1,0,0,10,0,0,10,0.47
730,24,0,1,0,31.74399957060814,1,1,0,0,10,0,0,10,0.47
730,24,0,2,0,9.216000325977802,1,1,0,0,10,0,0,10,0.47
730,24,0,3,0,4.095999989658594,1,1,0,0,10,0,0,10,0.47
730,40,0,0,1,9.216000325977802,1,1,0,0,10,0,0,10,0.3
730,40,0,1,1,35.840000957250595,1,1,0,0,10,0,0,10,0.3
730,40,0,2,1,8.191999979317188,1,1,0,0,10,0,0,10,0.3
730,40,0,3,1,4.095999989658594,1,1,0,0,10,0,0,10,0.3
731,2,0,0,0,8.191999979317188,1,1,0,0,10,0,0,10,1.49
731,2,0,1,0,32.76799991726875,1,1,0,0,10,0,0,10,1.49
731,2,0,2,0,9.216000325977802,1,1,0,0,10,0,0,10,1.49
731,2,0,3,0,5.119999870657921,1,1,0,0,10,0,0,10,1.49
731,24,0,0,0,9.216000325977802,1,1,0,0,10,0,0,10,0.46
731,24,0,1,0,31.74399957060814,1,1,0,0,10,0,0,10,0.46
731,24,0,2,0,9.216000325977802,1,1,0,0,10,0,0,10,0.46
731,24,0,3,0,4.095999989658594,1,1,0,0,10,0,0,10,0.46
731,40,0,0,1,10.239999741315842,1,1,0,0,10,0,0,10,0.42
731,40,0,1,1,34.81600061058998,1,1,0,0,10,0,0,10,0.42
731,40,0,2,1,9.216000325977802,1,1,0,0,10,0,0,10,0.42
731,40,0,3,1,4.095999989658594,1,1,0,0,10,0,0,10,0.42
732,2,0,0,0,9.216000325977802,3,3,0,0,30,0,0,30,1.46
732,2,0,1,0,64.51199948787689,3,3,0,0,30,0,0,30,1.46
732,2,0,2,0,9.216000325977802,3,3,0,0,30,0,0,30,1.46
732,2,0,3,0,4.095999989658594,3,3,0,0,30,0,0,30,1.46
732,24,0,0,0,9.216000325977802,3,3,0,0,30,0,0,30,1.41
732,24,0,1,0,60.416001826524734,3,3,0,0,30,0,0,30,1.41
732,24,0,2,0,9.216000325977802,3,3,0,0,30,0,0,30,1.41
732,24,0,3,0,4.095999989658594,3,3,0,0,30,0,0,30,1.41
732,40,0,0,1,10.239999741315842,3,3,0,0,30,0,0,30,1.05
732,40,0,1,1,63.48799914121628,3,3,0,0,30,0,0,30,1.05
732,40,0,2,1,9.216000325977802,3,3,0,0,30,0,0,30,1.05
732,40,0,3,1,4.095999989658594,3,3,0,0,30,0,0,30,1.05
733,2,0,0,0,14.336000196635723,4,4,0,0,40,0,0,40,1.7
733,2,0,1,0,72.7040022611618,4,4,0,0,40,0,0,40,1.7
733,2,0,2,0,9.216000325977802,4,4,0,0,40,0,0,40,1.7
733,2,0,3,0,4.095999989658594,4,4,0,0,40,0,0,40,1.7
733,24,0,0,0,9.216000325977802,4,4,0,0,40,0,0,40,1.64
733,24,0,1,0,69.63200122117996,4,4,0,0,40,0,0,40,1.64
733,24,0,2,0,9.216000325977802,4,4,0,0,40,0,0,40,1.64
733,24,0,3,0,4.095999989658594,4,4,0,0,40,0,0,40,1.64
733,40,0,0,1,9.216000325977802,4,4,0,0,40,0,0,40,2.6
733,40,0,1,1,76.80000364780426,4,4,0,0,40,0,0,40,2.6
733,40,0,2,1,9.216000325977802,4,4,0,0,40,0,0,40,2.6
733,40,0,3,1,4.095999989658594,4,4,0,0,40,0,0,40,2.6
734,2,0,0,0,8.191999979317188,2,2,0,0,20,0,0,20,0.76
734,2,0,1,0,51.19999870657921,2,2,0,0,20,0,0,20,0.76
734,2,0,2,0,9.216000325977802,2,2,0,0,20,0,0,20,0.76
734,2,0,3,0,5.119999870657921,2,2,0,0,20,0,0,20,0.76
734,24,0,0,0,9.216000325977802,2,2,0,0,20,0,0,20,0.64
734,24,0,1,0,51.19999870657921,2,2,0,0,20,0,0,20,0.64
734,24,0,2,0,9.216000325977802,2,2,0,0,20,0,0,20,0.64
734,24,0,3,0,4.095999989658594,2,2,0,0,20,0,0,20,0.64
734,40,0,0,1,11.264000087976456,2,2,0,0,20,0,0,20,0.671
734,40,0,1,1,44.03200000524521,2,2,0,0,20,0,0,20,0.671
734,40,0,2,1,9.216000325977802,2,2,0,0,20,0,0,20,0.671
734,40,0,3,1,4.095999989658594,2,2,0,0,20,0,0,20,0.671
735,2,0,0,0,9.216000325977802,2,2,0,0,20,0,0,20,0.84
735,2,0,1,0,44.03200000524521,2,2,0,0,20,0,0,20,0.84
735,2,0,2,0,9.216000325977802,2,2,0,0,20,0,0,20,0.84
735,2,0,3,0,5.119999870657921,2,2,0,0,20,0,0,20,0.84
735,24,0,0,0,8.191999979317188,2,2,0,0,20,0,0,20,0.82
735,24,0,1,0,51.19999870657921,2,2,0,0,20,0,0,20,0.82
735,24,0,2,0,9.216000325977802,2,2,0,0,20,0,0,20,0.82
735,24,0,3,0,3.0720001086592674,2,2,0,0,20,0,0,20,0.82
735,40,0,0,1,8.191999979317188,2,2,0,0,20,0,0,20,0.64
735,40,0,1,1,51.19999870657921,2,2,0,0,20,0,0,20,0.64
735,40,0,2,1,9.216000325977802,2,2,0,0,20,0,0,20,0.64
735,40,0,3,1,4.095999989658594,2,2,0,0,20,0,0,20,0.64
736,2,0,0,0,9.216000325977802,3,3,0,0,30,0,0,30,2.02
736,2,0,1,0,68.60800087451935,3,3,0,0,30,0,0,30,2.02
736,2,0,2,0,8.191999979317188,3,3,0,0,30,0,0,30,2.02
736,2,0,3,0,5.119999870657921,3,3,0,0,30,0,0,30,2.02
736,24,0,0,0,9.216000325977802,3,3,0,0,30,0,0,30,1.751
736,24,0,1,0,56.32000043988228,3,3,0,0,30,0,0,30,1.751
736,24,0,2,0,9.216000325977802,3,3,0,0,30,0,0,30,1.751
736,24,0,3,0,4.095999989658594,3,3,0,0,30,0,0,30,1.751
736,40,0,0,1,9.216000325977802,3,3,0,0,30,0,0,30,1.14
736,40,0,1,1,47.10400104522705,3,3,0,0,30,0,0,30,1.14
736,40,0,2,1,9.216000325977802,3,3,0,0,30,0,0,30,1.14
736,40,0,3,1,4.095999989658594,3,3,0,0,30,0,0,30,1.14
737,2,0,0,0,15.359999611973763,4,4,0,0,40,0,0,40,3.14
737,2,0,1,0,80.89599758386612,4,4,0,0,40,0,0,40,3.14
737,2,0,2,0,8.191999979317188,4,4,0,0,40,0,0,40,3.14
737,2,0,3,0,5.119999870657921,4,4,0,0,40,0,0,40,3.14
737,24,0,0,0,8.191999979317188,4,4,0,1,39,0,0,40,63.67
737,24,0,1,0,74.75200295448303,4,4,0,1,39,0,0,40,63.67
737,24,0,2,0,8.191999979317188,4,4,0,1,39,0,0,40,63.67
737,24,0,3,0,4.095999989658594,4,4,0,1,39,0,0,40,63.67
737,40,0,0,1,9.216000325977802,4,4,0,0,40,0,0,40,1.58
737,40,0,1,1,78.84799689054489,4,4,0,0,40,0,0,40,1.58
737,40,0,2,1,9.216000325977802,4,4,0,0,40,0,0,40,1.58
737,40,0,3,1,4.095999989658594,4,4,0,0,40,0,0,40,1.58
738,2,0,0,0,9.216000325977802,1,1,0,0,10,0,0,10,0.549
738,2,0,1,0,31.74399957060814,1,1,0,0,10,0,0,10,0.549
738,2,0,2,0,9.216000325977802,1,1,0,0,10,0,0,10,0.549
738,2,0,3,0,5.119999870657921,1,1,0,0,10,0,0,10,0.549
738,24,0,0,0,9.216000325977802,1,1,0,0,10,0,0,10,0.88
738,24,0,1,0,30.719999223947525,1,1,0,0,10,0,0,10,0.88
738,24,0,2,0,8.191999979317188,1,1,0,0,10,0,0,10,0.88
738,24,0,3,0,4.095999989658594,1,1,0,0,10,0,0,10,0.88
738,40,0,0,1,8.191999979317188,1,1,0,0,10,0,0,10,0.5
738,40,0,1,1,34.81600061058998,1,1,0,0,10,0,0,10,0.5
738,40,0,2,1,9.216000325977802,1,1,0,0,10,0,0,10,0.5
738,40,0,3,1,5.119999870657921,1,1,0,0,10,0,0,10,0.5
739,2,0,0,0,15.359999611973763,4,4,0,0,40,0,0,40,2.029
739,2,0,1,0,86.01599931716919,4,4,0,0,40,0,0,40,2.029
739,2,0,2,0,9.216000325977802,4,4,0,0,40,0,0,40,2.029
739,2,0,3,0,6.144000217318535,4,4,0,0,40,0,0,40,2.029
739,24,0,0,0,8.191999979317188,4,4,0,0,40,0,0,40,1.69
739,24,0,1,0,71.68000191450119,4,4,0,0,40,0,0,40,1.69
739,24,0,2,0,8.191999979317188,4,4,0,0,40,0,0,40,1.69
739,24,0,3,0,4.095999989658594,4,4,0,0,40,0,0,40,1.69
739,40,0,0,1,9.216000325977802,4,4,0,0,40,0,0,40,1.54
739,40,0,1,1,68.60800087451935,4,4,0,0,40,0,0,40,1.54
739,40,0,2,1,9.216000325977802,4,4,0,0,40,0,0,40,1.54
739,40,0,3,1,4.095999989658594,4,4,0,0,40,0,0,40,1.54
740,2,0,0,0,15.359999611973763,4,4,0,1,39,0,0,40,70.51
740,2,0,1,0,79.8719972372055,4,4,0,1,39,0,0,40,70.51
740,2,0,2,0,8.191999979317188,4,4,0,1,39,0,0,40,70.51
740,2,0,3,0,5.119999870657921,4,4,0,1,39,0,0,40,70.51
740,24,0,0,0,8.191999979317188,4,4,0,0,40,0,0,40,1.86
740,24,0,1,0,67.58400052785873,4,4,0,0,40,0,0,40,1.86
740,24,0,2,0,9.216000325977802,4,4,0,0,40,0,0,40,1.86
740,24,0,3,0,4.095999989658594,4,4,0,0,40,0,0,40,1.86
740,40,0,0,1,9.216000325977802,4,4,0,0,40,0,0,40,1.36
740,40,0,1,1,76.80000364780426,4,4,0,0,40,0,0,40,1.36
740,40,0,2,1,9.216000325977802,4,4,0,0,40,0,0,40,1.36
740,40,0,3,1,3.0720001086592674,4,4,0,0,40,0,0,40,1.36
741,2,0,0,0,8.191999979317188,3,3,0,0,30,0,0,30,1.3
741,2,0,1,0,60.416001826524734,3,3,0,0,30,0,0,30,1.3
741,2,0,2,0,9.216000325977802,3,3,0,0,30,0,0,30,1.3
741,2,0,3,0,5.119999870657921,3,3,0,0,30,0,0,30,1.3
741,24,0,0,0,15.359999611973763,3,3,0,0,30,0,0,30,1.08
741,24,0,1,0,57.34400078654289,3,3,0,0,30,0,0,30,1.08
741,24,0,2,0,9.216000325977802,3,3,0,0,30,0,0,30,1.08
741,24,0,3,0,4.095999989658594,3,3,0,0,30,0,0,30,1.08
741,40,0,0,1,8.191999979317188,3,3,0,0,30,0,0,30,1.18
741,40,0,1,1,68.60800087451935,3,3,0,0,30,0,0,30,1.18
741,40,0,2,1,10.239999741315842,3,3,0,0,30,0,0,30,1.18
741,40,0,3,1,4.095999989658594,3,3,0,0,30,0,0,30,1.18
742,2,0,0,0,9.216000325977802,1,1,0,0,10,0,0,10,0.369
742,2,0,1,0,31.74399957060814,1,1,0,0,10,0,0,10,0.369
742,2,0,2,0,9.216000325977802,1,1,0,0,10,0,0,10,0.369
742,2,0,3,0,4.095999989658594,1,1,0,0,10,0,0,10,0.369
742,24,0,0,0,9.216000325977802,1,1,0,0,10,0,0,10,0.32
742,24,0,1,0,31.74399957060814,1,1,0,0,10,0,0,10,0.32
742,24,0,2,0,9.216000325977802,1,1,0,0,10,0,0,10,0.32
742,24,0,3,0,4.095999989658594,1,1,0,0,10,0,0,10,0.32
742,40,0,0,1,8.191999979317188,1,1,0,0,10,0,0,10,0.5
742,40,0,1,1,35.840000957250595,1,1,0,0,10,0,0,10,0.5
742,40,0,2,1,8.191999979317188,1,1,0,0,10,0,0,10,0.5
742,40,0,3,1,3.0720001086592674,1,1,0,0,10,0,0,10,0.5
743,2,0,0,0,9.216000325977802,2,2,0,0,20,0,0,20,0.991
743,2,0,1,0,51.19999870657921,2,2,0,0,20,0,0,20,0.991
743,2,0,2,0,9.216000325977802,2,2,0,0,20,0,0,20,0.991
743,2,0,3,0,5.119999870657921,2,2,0,0,20,0,0,20,0.991
743,24,0,0,0,9.216000325977802,2,2,0,0,20,0,0,20,0.9
743,24,0,1,0,49.15200173854828,2,2,0,0,20,0,0,20,0.9
743,24,0,2,0,9.216000325977802,2,2,0,0,20,0,0,20,0.9
743,24,0,3,0,4.095999989658594,2,2,0,0,20,0,0,20,0.9
743,40,0,0,1,9.216000325977802,2,2,0,0,20,0,0,20,0.971
743,40,0,1,1,51.19999870657921,2,2,0,0,20,0,0,20,0.971
743,40,0,2,1,9.216000325977802,2,2,0,0,20,0,0,20,0.971
743,40,0,3,1,4.095999989658594,2,2,0,0,20,0,0,20,0.971
744,2,0,0,0,16.383999958634377,4,4,0,2,38,0,0,40,91.92
744,2,0,1,0,88.06400001049042,4,4,0,2,38,0,0,40,91.92
744,2,0,2,0,9.216000325977802,4,4,0,2,38,0,0,40,91.92
744,2,0,3,0,5.119999870657921,4,4,0,2,38,0,0,40,91.92
744,24,0,0,0,8.191999979317188,4,4,0,0,40,0,0,40,2.75
744,24,0,1,0,77.82399654388428,4,4,0,0,40,0,0,40,2.75
744,24,0,2,0,8.191999979317188,4,4,0,0,40,0,0,40,2.75
744,24,0,3,0,4.095999989658594,4,4,0,0,40,0,0,40,2.75
744,40,0,0,1,9.216000325977802,4,4,0,0,40,0,0,40,1.33
744,40,0,1,1,72.7040022611618,4,4,0,0,40,0,0,40,1.33
744,40,0,2,1,9.216000325977802,4,4,0,0,40,0,0,40,1.33
744,40,0,3,1,4.095999989658594,4,4,0,0,40,0,0,40,1.33
745,2,0,0,0,2510.848045349121,4,4,0,4,36,0,0,40,66.75
745,2,0,1,0,63.48799914121628,4,4,0,4,36,0,0,40,66.75
745,2,0,2,0,9.216000325977802,4,4,0,4,36,0,0,40,66.75
745,2,0,3,0,5.119999870657921,4,4,0,4,36,0,0,40,66.75
745,24,0,0,0,8.191999979317188,4,4,0,0,40,0,0,40,1.57
745,24,0,1,0,57.34400078654289,4,4,0,0,40,0,0,40,1.57
745,24,0,2,0,9.216000325977802,4,4,0,0,40,0,0,40,1.57
745,24,0,3,0,4.095999989658594,4,4,0,0,40,0,0,40,1.57
745,40,0,0,1,9.216000325977802,4,4,0,0,40,0,0,40,1.31
745,40,0,1,1,65.5359998345375,4,4,0,0,40,0,0,40,1.31
745,40,0,2,1,9.216000325977802,4,4,0,0,40,0,0,40,1.31
745,40,0,3,1,4.095999989658594,4,4,0,0,40,0,0,40,1.31
746,2,0,0,0,8.191999979317188,2,2,0,1,19,0,0,20,67.18
746,2,0,1,0,47.10400104522705,2,2,0,1,19,0,0,20,67.18
746,2,0,2,0,9.216000325977802,2,2,0,1,19,0,0,20,67.18
746,2,0,3,0,6.144000217318535,2,2,0,1,19,0,0,20,67.18
746,24,0,0,0,8.191999979317188,2,2,0,0,20,0,0,20,2.28
746,24,0,1,0,47.10400104522705,2,2,0,0,20,0,0,20,2.28
746,24,0,2,0,9.216000325977802,2,2,0,0,20,0,0,20,2.28
746,24,0,3,0,5.119999870657921,2,2,0,0,20,0,0,20,2.28
746,40,0,0,1,9.216000325977802,2,2,0,0,20,0,0,20,0.61
746,40,0,1,1,46.08000069856644,2,2,0,0,20,0,0,20,0.61
746,40,0,2,1,9.216000325977802,2,2,0,0,20,0,0,20,0.61
746,40,0,3,1,4.095999989658594,2,2,0,0,20,0,0,20,0.61
747,2,0,0,0,2489.3438816070557,3,3,0,1,29,0,0,30,115.61
747,2,0,1,0,70.65600156784058,3,3,0,1,29,0,0,30,115.61
747,2,0,2,0,9.216000325977802,3,3,0,1,29,0,0,30,115.61
747,2,0,3,0,25.599999353289604,3,3,0,1,29,0,0,30,115.61
747,24,0,0,0,15.359999611973763,3,3,0,0,30,0,0,30,1.1
747,24,0,1,0,68.60800087451935,3,3,0,0,30,0,0,30,1.1
747,24,0,2,0,9.216000325977802,3,3,0,0,30,0,0,30,1.1
747,24,0,3,0,4.095999989658594,3,3,0,0,30,0,0,30,1.1
747,40,0,0,1,9.216000325977802,3,3,0,0,30,0,0,30,1.109
747,40,0,1,1,68.60800087451935,3,3,0,0,30,0,0,30,1.109
747,40,0,2,1,10.239999741315842,3,3,0,0,30,0,0,30,1.109
747,40,0,3,1,4.095999989658594,3,3,0,0,30,0,0,30,1.109
748,2,0,0,0,9.216000325977802,3,3,0,1,29,0,0,30,65.959
748,2,0,1,0,70.65600156784058,3,3,0,1,29,0,0,30,65.959
748,2,0,2,0,8.191999979317188,3,3,0,1,29,0,0,30,65.959
748,2,0,3,0,5.119999870657921,3,3,0,1,29,0,0,30,65.959
748,24,0,0,0,15.359999611973763,3,3,0,0,30,0,0,30,1.3
748,24,0,1,0,70.65600156784058,3,3,0,0,30,0,0,30,1.3
748,24,0,2,0,9.216000325977802,3,3,0,0,30,0,0,30,1.3
748,24,0,3,0,4.095999989658594,3,3,0,0,30,0,0,30,1.3
748,40,0,0,1,9.216000325977802,3,3,0,0,30,0,0,30,0.93
748,40,0,1,1,59.39200147986412,3,3,0,0,30,0,0,30,0.93
748,40,0,2,1,9.216000325977802,3,3,0,0,30,0,0,30,0.93
748,40,0,3,1,5.119999870657921,3,3,0,0,30,0,0,30,0.93
749,2,0,0,0,15.359999611973763,4,4,0,0,40,0,0,40,3.38
749,2,0,1,0,80.89599758386612,4,4,0,0,40,0,0,40,3.38
749,2,0,2,0,9.216000325977802,4,4,0,0,40,0,0,40,3.38
749,2,0,3,0,6.144000217318535,4,4,0,0,40,0,0,40,3.38
749,24,0,0,0,8.191999979317188,4,4,0,0,40,0,0,40,1.74
749,24,0,1,0,68.60800087451935,4,4,0,0,40,0,0,40,1.74
749,24,0,2,0,9.216000325977802,4,4,0,0,40,0,0,40,1.74
749,24,0,3,0,4.095999989658594,4,4,0,0,40,0,0,40,1.74
749,40,0,0,1,27.648000046610832,4,4,0,0,40,0,0,40,1.93
749,40,0,1,1,60.416001826524734,4,4,0,0,40,0,0,40,1.93
749,40,0,2,1,9.216000325977802,4,4,0,0,40,0,0,40,1.93
749,40,0,3,1,4.095999989658594,4,4,0,0,40,0,0,40,1.93
750,2,0,0,0,8.191999979317188,4,4,0,1,39,0,0,40,78.349
750,2,0,1,0,79.8719972372055,4,4,0,1,39,0,0,40,78.349
750,2,0,2,0,9.216000325977802,4,4,0,1,39,0,0,40,78.349
750,2,0,3,0,7.168000098317862,4,4,0,1,39,0,0,40,78.349
750,24,0,0,0,9.216000325977802,4,4,0,0,40,0,0,40,2.26
750,24,0,1,0,66.56000018119812,4,4,0,0,40,0,0,40,2.26
750,24,0,2,0,9.216000325977802,4,4,0,0,40,0,0,40,2.26
750,24,0,3,0,4.095999989658594,4,4,0,0,40,0,0,40,2.26
750,40,0,0,1,74.75200295448303,4,4,0,0,40,0,0,40,2.0
750,40,0,1,1,70.65600156784058,4,4,0,0,40,0,0,40,2.0
750,40,0,2,1,9.216000325977802,4,4,0,0,40,0,0,40,2.0
750,40,0,3,1,4.095999989658594,4,4,0,0,40,0,0,40,2.0
751,2,0,0,0,9.216000325977802,1,1,0,0,10,0,0,10,1.84
751,2,0,1,0,31.74399957060814,1,1,0,0,10,0,0,10,1.84
751,2,0,2,0,9.216000325977802,1,1,0,0,10,0,0,10,1.84
751,2,0,3,0,5.119999870657921,1,1,0,0,10,0,0,10,1.84
751,24,0,0,0,8.191999979317188,1,1,0,0,10,0,0,10,0.35
751,24,0,1,0,30.719999223947525,1,1,0,0,10,0,0,10,0.35
751,24,0,2,0,9.216000325977802,1,1,0,0,10,0,0,10,0.35
751,24,0,3,0,5.119999870657921,1,1,0,0,10,0,0,10,0.35
751,40,0,0,1,8.191999979317188,1,1,0,0,10,0,0,10,0.431
751,40,0,1,1,34.81600061058998,1,1,0,0,10,0,0,10,0.431
751,40,0,2,1,9.216000325977802,1,1,0,0,10,0,0,10,0.431
751,40,0,3,1,4.095999989658594,1,1,0,0,10,0,0,10,0.431
752,2,0,0,0,9.216000325977802,1,1,0,0,10,0,0,10,0.46
752,2,0,1,0,31.74399957060814,1,1,0,0,10,0,0,10,0.46
752,2,0,2,0,9.216000325977802,1,1,0,0,10,0,0,10,0.46
752,2,0,3,0,5.119999870657921,1,1,0,0,10,0,0,10,0.46
752,24,0,0,0,9.216000325977802,1,1,0,0,10,0,0,10,0.73
752,24,0,1,0,31.74399957060814,1,1,0,0,10,0,0,10,0.73
752,24,0,2,0,9.216000325977802,1,1,0,0,10,0,0,10,0.73
752,24,0,3,0,4.095999989658594,1,1,0,0,10,0,0,10,0.73
752,40,0,0,1,9.216000325977802,1,1,0,0,10,0,0,10,0.44
752,40,0,1,1,35.840000957250595,1,1,0,0,10,0,0,10,0.44
752,40,0,2,1,9.216000325977802,1,1,0,0,10,0,0,10,0.44
752,40,0,3,1,5.119999870657921,1,1,0,0,10,0,0,10,0.44
753,2,0,0,0,8.191999979317188,2,2,0,0,20,0,0,20,0.9
753,2,0,1,0,46.08000069856644,2,2,0,0,20,0,0,20,0.9
753,2,0,2,0,9.216000325977802,2,2,0,0,20,0,0,20,0.9
753,2,0,3,0,4.095999989658594,2,2,0,0,20,0,0,20,0.9
753,24,0,0,0,9.216000325977802,2,2,0,0,20,0,0,20,0.771
753,24,0,1,0,39.93599861860275,2,2,0,0,20,0,0,20,0.771
753,24,0,2,0,9.216000325977802,2,2,0,0,20,0,0,20,0.771
753,24,0,3,0,5.119999870657921,2,2,0,0,20,0,0,20,0.771
753,40,0,0,1,11.264000087976456,2,2,0,0,20,0,0,20,1.2
753,40,0,1,1,47.10400104522705,2,2,0,0,20,0,0,20,1.2
753,40,0,2,1,9.216000325977802,2,2,0,0,20,0,0,20,1.2
753,40,0,3,1,4.095999989658594,2,2,0,0,20,0,0,20,1.2
754,2,0,0,0,9.216000325977802,1,1,0,0,10,0,0,10,0.49
754,2,0,1,0,31.74399957060814,1,1,0,0,10,0,0,10,0.49
754,2,0,2,0,8.191999979317188,1,1,0,0,10,0,0,10,0.49
754,2,0,3,0,5.119999870657921,1,1,0,0,10,0,0,10,0.49
754,24,0,0,0,8.191999979317188,1,1,0,0,10,0,0,10,0.57
754,24,0,1,0,32.76799991726875,1,1,0,0,10,0,0,10,0.57
754,24,0,2,0,9.216000325977802,1,1,0,0,10,0,0,10,0.57
754,24,0,3,0,4.095999989658594,1,1,0,0,10,0,0,10,0.57
754,40,0,0,1,9.216000325977802,1,1,0,0,10,0,0,10,1.34
754,40,0,1,1,34.81600061058998,1,1,0,0,10,0,0,10,1.34
754,40,0,2,1,8.191999979317188,1,1,0,0,10,0,0,10,1.34
754,40,0,3,1,4.095999989658594,1,1,0,0,10,0,0,10,1.34
755,2,0,0,0,14.336000196635723,4,4,0,0,40,0,0,40,1.89
755,2,0,1,0,68.60800087451935,4,4,0,0,40,0,0,40,1.89
755,2,0,2,0,9.216000325977802,4,4,0,0,40,0,0,40,1.89
755,2,0,3,0,7.168000098317862,4,4,0,0,40,0,0,40,1.89
755,24,0,0,0,9.216000325977802,4,4,0,0,40,0,0,40,1.37
755,24,0,1,0,60.416001826524734,4,4,0,0,40,0,0,40,1.37
755,24,0,2,0,9.216000325977802,4,4,0,0,40,0,0,40,1.37
755,24,0,3,0,4.095999989658594,4,4,0,0,40,0,0,40,1.37
755,40,0,0,1,8.191999979317188,4,4,0,1,39,0,0,40,70.171
755,40,0,1,1,86.01599931716919,4,4,0,1,39,0,0,40,70.171
755,40,0,2,1,9.216000325977802,4,4,0,1,39,0,0,40,70.171
755,40,0,3,1,4.095999989658594,4,4,0,1,39,0,0,40,70.171
756,2,0,0,0,14.336000196635723,4,4,0,0,40,0,0,40,1.851
756,2,0,1,0,75.77600330114365,4,4,0,0,40,0,0,40,1.851
756,2,0,2,0,8.191999979317188,4,4,0,0,40,0,0,40,1.851
756,2,0,3,0,5.119999870657921,4,4,0,0,40,0,0,40,1.851
756,24,0,0,0,785.4080200195312,4,4,0,0,40,0,0,40,4.3
756,24,0,1,0,81.91999793052673,4,4,0,0,40,0,0,40,4.3
756,24,0,2,0,9.216000325977802,4,4,0,0,40,0,0,40,4.3
756,24,0,3,0,4.095999989658594,4,4,0,0,40,0,0,40,4.3
756,40,0,0,1,9.216000325977802,4,4,0,0,40,0,0,40,1.76
756,40,0,1,1,92.16000139713287,4,4,0,0,40,0,0,40,1.76
756,40,0,2,1,8.191999979317188,4,4,0,0,40,0,0,40,1.76
756,40,0,3,1,4.095999989658594,4,4,0,0,40,0,0,40,1.76
757,2,0,0,0,8.191999979317188,4,4,0,2,38,0,0,40,110.42
757,2,0,1,0,84.99199897050858,4,4,0,2,38,0,0,40,110.42
757,2,0,2,0,9.216000325977802,4,4,0,2,38,0,0,40,110.42
757,2,0,3,0,5.119999870657921,4,4,0,2,38,0,0,40,110.42
757,24,0,0,0,8.191999979317188,4,4,0,0,40,0,0,40,1.66
757,24,0,1,0,83.96799862384796,4,4,0,0,40,0,0,40,1.66
757,24,0,2,0,9.216000325977802,4,4,0,0,40,0,0,40,1.66
757,24,0,3,0,4.095999989658594,4,4,0,0,40,0,0,40,1.66
757,40,0,0,1,9.216000325977802,4,4,0,1,39,0,0,40,69.391
757,40,0,1,1,96.25600278377533,4,4,0,1,39,0,0,40,69.391
757,40,0,2,1,9.216000325977802,4,4,0,1,39,0,0,40,69.391
757,40,0,3,1,4.095999989658594,4,4,0,1,39,0,0,40,69.391
758,2,0,0,0,14.336000196635723,4,4,0,0,40,0,0,40,1.58
758,2,0,1,0,74.75200295448303,4,4,0,0,40,0,0,40,1.58
758,2,0,2,0,9.216000325977802,4,4,0,0,40,0,0,40,1.58
758,2,0,3,0,5.119999870657921,4,4,0,0,40,0,0,40,1.58
758,24,0,0,0,8.191999979317188,4,4,0,0,40,0,0,40,2.509
758,24,0,1,0,62.463998794555664,4,4,0,0,40,0,0,40,2.509
758,24,0,2,0,8.191999979317188,4,4,0,0,40,0,0,40,2.509
758,24,0,3,0,4.095999989658594,4,4,0,0,40,0,0,40,2.509
758,40,0,0,1,9.216000325977802,4,4,0,0,40,0,0,40,1.9
758,40,0,1,1,102.39999741315842,4,4,0,0,40,0,0,40,1.9
758,40,0,2,1,9.216000325977802,4,4,0,0,40,0,0,40,1.9
758,40,0,3,1,4.095999989658594,4,4,0,0,40,0,0,40,1.9
759,2,0,0,0,16.383999958634377,3,3,0,0,30,0,0,30,1.55
759,2,0,1,0,68.60800087451935,3,3,0,0,30,0,0,30,1.55
759,2,0,2,0,9.216000325977802,3,3,0,0,30,0,0,30,1.55
759,2,0,3,0,6.144000217318535,3,3,0,0,30,0,0,30,1.55
759,24,0,0,0,9.216000325977802,3,3,0,0,30,0,0,30,1.09
759,24,0,1,0,61.43999844789505,3,3,0,0,30,0,0,30,1.09
759,24,0,2,0,9.216000325977802,3,3,0,0,30,0,0,30,1.09
759,24,0,3,0,4.095999989658594,3,3,0,0,30,0,0,30,1.09
759,40,0,0,1,10.239999741315842,3,3,0,0,30,0,0,30,1.08
759,40,0,1,1,65.5359998345375,3,3,0,0,30,0,0,30,1.08
759,40,0,2,1,10.239999741315842,3,3,0,0,30,0,0,30,1.08
759,40,0,3,1,4.095999989658594,3,3,0,0,30,0,0,30,1.08
760,2,0,0,0,14.336000196635723,4,4,0,0,40,0,0,40,2.149
760,2,0,1,0,76.80000364780426,4,4,0,0,40,0,0,40,2.149
760,2,0,2,0,9.216000325977802,4,4,0,0,40,0,0,40,2.149
760,2,0,3,0,6.144000217318535,4,4,0,0,40,0,0,40,2.149
760,24,0,0,0,7.168000098317862,4,4,0,0,40,0,0,40,2.689
760,24,0,1,0,83.96799862384796,4,4,0,0,40,0,0,40,2.689
760,24,0,2,0,9.216000325977802,4,4,0,0,40,0,0,40,2.689
760,24,0,3,0,5.119999870657921,4,4,0,0,40,0,0,40,2.689
760,40,0,0,1,8.191999979317188,4,4,0,1,39,0,0,40,67.78
760,40,0,1,1,94.2080020904541,4,4,0,1,39,0,0,40,67.78
760,40,0,2,1,9.216000325977802,4,4,0,1,39,0,0,40,67.78
760,40,0,3,1,4.095999989658594,4,4,0,1,39,0,0,40,67.78
761,2,0,0,0,9.216000325977802,4,4,0,4,36,0,0,40,112.509
761,2,0,1,0,51.19999870657921,4,4,0,4,36,0,0,40,112.509
761,2,0,2,0,9.216000325977802,4,4,0,4,36,0,0,40,112.509
761,2,0,3,0,41.98399931192398,4,4,0,4,36,0,0,40,112.509
761,24,0,0,0,9.216000325977802,4,4,0,0,40,0,0,40,1.64
761,24,0,1,0,66.56000018119812,4,4,0,0,40,0,0,40,1.64
761,24,0,2,0,9.216000325977802,4,4,0,0,40,0,0,40,1.64
761,24,0,3,0,4.095999989658594,4,4,0,0,40,0,0,40,1.64
761,40,0,0,1,8.191999979317188,4,4,0,0,40,0,0,40,1.42
761,40,0,1,1,74.75200295448303,4,4,0,0,40,0,0,40,1.42
761,40,0,2,1,9.216000325977802,4,4,0,0,40,0,0,40,1.42
761,40,0,3,1,4.095999989658594,4,4,0,0,40,0,0,40,1.42
762,2,0,0,0,8.191999979317188,4,4,0,1,39,0,0,40,53.95
762,2,0,1,0,73.72800260782242,4,4,0,1,39,0,0,40,53.95
762,2,0,2,0,9.216000325977802,4,4,0,1,39,0,0,40,53.95
762,2,0,3,0,6.144000217318535,4,4,0,1,39,0,0,40,53.95
762,24,0,0,0,9.216000325977802,4,4,0,0,40,0,0,40,2.66
762,24,0,1,0,72.7040022611618,4,4,0,0,40,0,0,40,2.66
762,24,0,2,0,9.216000325977802,4,4,0,0,40,0,0,40,2.66
762,24,0,3,0,4.095999989658594,4,4,0,0,40,0,0,40,2.66
762,40,0,0,1,9.216000325977802,4,4,0,0,40,0,0,40,1.831
762,40,0,1,1,105.47199845314026,4,4,0,0,40,0,0,40,1.831
762,40,0,2,1,9.216000325977802,4,4,0,0,40,0,0,40,1.831
762,40,0,3,1,4.095999989658594,4,4,0,0,40,0,0,40,1.831
763,2,0,0,0,15.359999611973763,4,4,0,0,40,0,0,40,1.8
763,2,0,1,0,71.68000191450119,4,4,0,0,40,0,0,40,1.8
763,2,0,2,0,9.216000325977802,4,4,0,0,40,0,0,40,1.8
763,2,0,3,0,5.119999870657921,4,4,0,0,40,0,0,40,1.8
763,24,0,0,0,8.191999979317188,4,4,0,1,39,0,0,40,64.239
763,24,0,1,0,64.51199948787689,4,4,0,1,39,0,0,40,64.239
763,24,0,2,0,9.216000325977802,4,4,0,1,39,0,0,40,64.239
763,24,0,3,0,4.095999989658594,4,4,0,1,39,0,0,40,64.239
763,40,0,0,1,9.216000325977802,4,4,0,0,40,0,0,40,1.74
763,40,0,1,1,69.63200122117996,4,4,0,0,40,0,0,40,1.74
763,40,0,2,1,8.191999979317188,4,4,0,0,40,0,0,40,1.74
763,40,0,3,1,4.095999989658594,4,4,0,0,40,0,0,40,1.74
764,2,0,0,0,8.191999979317188,4,4,0,1,39,0,0,40,110.129
764,2,0,1,0,75.77600330114365,4,4,0,1,39,0,0,40,110.129
764,2,0,2,0,9.216000325977802,4,4,0,1,39,0,0,40,110.129
764,2,0,3,0,14.336000196635723,4,4,0,1,39,0,0,40,110.129
764,24,0,0,0,8.191999979317188,4,4,0,0,40,0,0,40,1.61
764,24,0,1,0,59.39200147986412,4,4,0,0,40,0,0,40,1.61
764,24,0,2,0,9.216000325977802,4,4,0,0,40,0,0,40,1.61
764,24,0,3,0,4.095999989658594,4,4,0,0,40,0,0,40,1.61
764,40,0,0,1,9.216000325977802,4,4,0,0,40,0,0,40,1.27
764,40,0,1,1,63.48799914121628,4,4,0,0,40,0,0,40,1.27
764,40,0,2,1,9.216000325977802,4,4,0,0,40,0,0,40,1.27
764,40,0,3,1,4.095999989658594,4,4,0,0,40,0,0,40,1.27
765,2,0,0,0,14.336000196635723,4,4,0,0,40,0,0,40,2.009
765,2,0,1,0,69.63200122117996,4,4,0,0,40,0,0,40,2.009
765,2,0,2,0,9.216000325977802,4,4,0,0,40,0,0,40,2.009
765,2,0,3,0,5.119999870657921,4,4,0,0,40,0,0,40,2.009
765,24,0,0,0,8.191999979317188,4,4,0,0,40,0,0,40,1.69
765,24,0,1,0,65.5359998345375,4,4,0,0,40,0,0,40,1.69
765,24,0,2,0,9.216000325977802,4,4,0,0,40,0,0,40,1.69
765,24,0,3,0,4.095999989658594,4,4,0,0,40,0,0,40,1.69
765,40,0,0,1,9.216000325977802,4,4,0,0,40,0,0,40,1.569
765,40,0,1,1,83.96799862384796,4,4,0,0,40,0,0,40,1.569
765,40,0,2,1,9.216000325977802,4,4,0,0,40,0,0,40,1.569
765,40,0,3,1,4.095999989658594,4,4,0,0,40,0,0,40,1.569
766,2,0,0,0,15.359999611973763,4,4,0,0,40,0,0,40,1.85
766,2,0,1,0,90.11200070381165,4,4,0,0,40,0,0,40,1.85
766,2,0,2,0,8.191999979317188,4,4,0,0,40,0,0,40,1.85
766,2,0,3,0,7.168000098317862,4,4,0,0,40,0,0,40,1.85
766,24,0,0,0,8.191999979317188,4,4,0,0,40,0,0,40,2.96
766,24,0,1,0,62.463998794555664,4,4,0,0,40,0,0,40,2.96
766,24,0,2,0,9.216000325977802,4,4,0,0,40,0,0,40,2.96
766,24,0,3,0,5.119999870657921,4,4,0,0,40,0,0,40,2.96
766,40,0,0,1,10.239999741315842,4,4,0,0,40,0,0,40,1.36
766,40,0,1,1,55.296000093221664,4,4,0,0,40,0,0,40,1.36
766,40,0,2,1,9.216000325977802,4,4,0,0,40,0,0,40,1.36
766,40,0,3,1,4.095999989658594,4,4,0,0,40,0,0,40,1.36
767,2,0,0,0,15.359999611973763,4,4,0,0,40,0,0,40,1.749
767,2,0,1,0,65.5359998345375,4,4,0,0,40,0,0,40,1.749
767,2,0,2,0,9.216000325977802,4,4,0,0,40,0,0,40,1.749
767,2,0,3,0,5.119999870657921,4,4,0,0,40,0,0,40,1.749
767,24,0,0,0,8.191999979317188,4,4,0,1,39,0,0,40,43.52
767,24,0,1,0,59.39200147986412,4,4,0,1,39,0,0,40,43.52
767,24,0,2,0,9.216000325977802,4,4,0,1,39,0,0,40,43.52
767,24,0,3,0,4.095999989658594,4,4,0,1,39,0,0,40,43.52
767,40,0,0,1,8.191999979317188,4,4,0,0,40,0,0,40,1.42
767,40,0,1,1,54.27199974656105,4,4,0,0,40,0,0,40,1.42
767,40,0,2,1,9.216000325977802,4,4,0,0,40,0,0,40,1.42
767,40,0,3,1,4.095999989658594,4,4,0,0,40,0,0,40,1.42
768,2,0,0,0,8.191999979317188,4,4,0,1,39,0,0,40,80.15
768,2,0,1,0,67.58400052785873,4,4,0,1,39,0,0,40,80.15
768,2,0,2,0,9.216000325977802,4,4,0,1,39,0,0,40,80.15
768,2,0,3,0,5.119999870657921,4,4,0,1,39,0,0,40,80.15
768,24,0,0,0,35.840000957250595,4,4,0,2,38,0,0,40,57.48
768,24,0,1,0,65.5359998345375,4,4,0,2,38,0,0,40,57.48
768,24,0,2,0,9.216000325977802,4,4,0,2,38,0,0,40,57.48
768,24,0,3,0,4.095999989658594,4,4,0,2,38,0,0,40,57.48
768,40,0,0,1,9.216000325977802,4,4,0,0,40,0,0,40,2.56
768,40,0,1,1,77.82399654388428,4,4,0,0,40,0,0,40,2.56
768,40,0,2,1,9.216000325977802,4,4,0,0,40,0,0,40,2.56
768,40,0,3,1,4.095999989658594,4,4,0,0,40,0,0,40,2.56
769,2,0,0,0,3256.319999694824,4,4,0,0,40,0,0,40,4.07
769,2,0,1,0,79.8719972372055,4,4,0,0,40,0,0,40,4.07
769,2,0,2,0,9.216000325977802,4,4,0,0,40,0,0,40,4.07
769,2,0,3,0,6.144000217318535,4,4,0,0,40,0,0,40,4.07
769,24,0,0,0,8.191999979317188,4,4,0,0,40,0,0,40,1.889
769,24,0,1,0,77.82399654388428,4,4,0,0,40,0,0,40,1.889
769,24,0,2,0,9.216000325977802,4,4,0,0,40,0,0,40,1.889
769,24,0,3,0,4.095999989658594,4,4,0,0,40,0,0,40,1.889
769,40,0,0,1,9.216000325977802,4,4,0,0,40,0,0,40,1.991
769,40,0,1,1,75.77600330114365,4,4,0,0,40,0,0,40,1.991
769,40,0,2,1,8.191999979317188,4,4,0,0,40,0,0,40,1.991
769,40,0,3,1,4.095999989658594,4,4,0,0,40,0,0,40,1.991
770,2,0,0,0,9.216000325977802,4,4,0,2,38,0,0,40,93.74
770,2,0,1,0,73.72800260782242,4,4,0,2,38,0,0,40,93.74
770,2,0,2,0,9.216000325977802,4,4,0,2,38,0,0,40,93.74
770,2,0,3,0,6.144000217318535,4,4,0,2,38,0,0,40,93.74
770,24,0,0,0,8.191999979317188,4,4,0,1,39,0,0,40,55.0
770,24,0,1,0,68.60800087451935,4,4,0,1,39,0,0,40,55.0
770,24,0,2,0,9.216000325977802,4,4,0,1,39,0,0,40,55.0
770,24,0,3,0,4.095999989658594,4,4,0,1,39,0,0,40,55.0
770,40,0,0,1,9.216000325977802,4,4,0,0,40,0,0,40,1.25
770,40,0,1,1,54.27199974656105,4,4,0,0,40,0,0,40,1.25
770,40,0,2,1,9.216000325977802,4,4,0,0,40,0,0,40,1.25
770,40,0,3,1,4.095999989658594,4,4,0,0,40,0,0,40,1.25
771,2,0,0,0,8.191999979317188,4,4,0,2,38,0,0,40,57.51
771,2,0,1,0,80.89599758386612,4,4,0,2,38,0,0,40,57.51
771,2,0,2,0,9.216000325977802,4,4,0,2,38,0,0,40,57.51
771,2,0,3,0,5.119999870657921,4,4,0,2,38,0,0,40,57.51
771,24,0,0,0,8.191999979317188,4,4,0,2,38,0,0,40,495.618
771,24,0,1,0,66.56000018119812,4,4,0,2,38,0,0,40,495.618
771,24,0,2,0,9.216000325977802,4,4,0,2,38,0,0,40,495.618
771,24,0,3,0,407.55200386047363,4,4,0,2,38,0,0,40,495.618
771,40,0,0,1,10.239999741315842,4,4,0,0,40,0,0,40,2.709
771,40,0,1,1,67.58400052785873,4,4,0,0,40,0,0,40,2.709
771,40,0,2,1,9.216000325977802,4,4,0,0,40,0,0,40,2.709
771,40,0,3,1,3.0720001086592674,4,4,0,0,40,0,0,40,2.709
772,2,0,0,0,9.216000325977802,4,4,0,2,38,0,0,40,131.869
772,2,0,1,0,68.60800087451935,4,4,0,2,38,0,0,40,131.869
772,2,0,2,0,8.191999979317188,4,4,0,2,38,0,0,40,131.869
772,2,0,3,0,43.007999658584595,4,4,0,2,38,0,0,40,131.869
772,24,0,0,0,8.191999979317188,4,4,0,0,40,0,0,40,1.64
772,24,0,1,0,75.77600330114365,4,4,0,0,40,0,0,40,1.64
772,24,0,2,0,8.191999979317188,4,4,0,0,40,0,0,40,1.64
772,24,0,3,0,4.095999989658594,4,4,0,0,40,0,0,40,1.64
772,40,0,0,1,9.216000325977802,4,4,0,1,39,0,0,40,67.849
772,40,0,1,1,89.08800035715103,4,4,0,1,39,0,0,40,67.849
772,40,0,2,1,8.191999979317188,4,4,0,1,39,0,0,40,67.849
772,40,0,3,1,3.0720001086592674,4,4,0,1,39,0,0,40,67.849
773,2,0,0,0,8.191999979317188,4,4,0,1,39,0,0,40,64.68
773,2,0,1,0,68.60800087451935,4,4,0,1,39,0,0,40,64.68
773,2,0,2,0,9.216000325977802,4,4,0,1,39,0,0,40,64.68
773,2,0,3,0,6.144000217318535,4,4,0,1,39,0,0,40,64.68
773,24,0,0,0,8.191999979317188,4,4,0,0,40,0,0,40,3.1
773,24,0,1,0,82.94399827718735,4,4,0,0,40,0,0,40,3.1
773,24,0,2,0,9.216000325977802,4,4,0,0,40,0,0,40,3.1
773,24,0,3,0,4.095999989658594,4,4,0,0,40,0,0,40,3.1
773,40,0,0,1,15.359999611973763,4,4,0,2,38,0,0,40,139.489
773,40,0,1,1,90.11200070381165,4,4,0,2,38,0,0,40,139.489
773,40,0,2,1,9.216000325977802,4,4,0,2,38,0,0,40,139.489
773,40,0,3,1,18.432000651955605,4,4,0,2,38,0,0,40,139.489
774,2,0,0,0,8.191999979317188,4,4,0,3,37,0,0,40,121.619
774,2,0,1,0,73.72800260782242,4,4,0,3,37,0,0,40,121.619
774,2,0,2,0,9.216000325977802,4,4,0,3,37,0,0,40,121.619
774,2,0,3,0,25.599999353289604,4,4,0,3,37,0,0,40,121.619
774,24,0,0,0,2527.2319316864014,4,4,0,0,40,0,0,40,1.93
774,24,0,1,0,83.96799862384796,4,4,0,0,40,0,0,40,1.93
774,24,0,2,0,9.216000325977802,4,4,0,0,40,0,0,40,1.93
774,24,0,3,0,4.095999989658594,4,4,0,0,40,0,0,40,1.93
774,40,0,0,1,9.216000325977802,4,4,0,2,38,0,0,40,68.88
774,40,0,1,1,74.75200295448303,4,4,0,2,38,0,0,40,68.88
774,40,0,2,1,9.216000325977802,4,4,0,2,38,0,0,40,68.88
774,40,0,3,1,4.095999989658594,4,4,0,2,38,0,0,40,68.88
775,2,0,0,0,8.191999979317188,4,4,0,4,36,0,0,40,120.52
775,2,0,1,0,63.48799914121628,4,4,0,4,36,0,0,40,120.52
775,2,0,2,0,9.216000325977802,4,4,0,4,36,0,0,40,120.52
775,2,0,3,0,35.840000957250595,4,4,0,4,36,0,0,40,120.52
775,24,0,0,0,9.216000325977802,4,4,0,0,40,0,0,40,1.66
775,24,0,1,0,80.89599758386612,4,4,0,0,40,0,0,40,1.66
775,24,0,2,0,9.216000325977802,4,4,0,0,40,0,0,40,1.66
775,24,0,3,0,4.095999989658594,4,4,0,0,40,0,0,40,1.66
775,40,0,0,1,8.191999979317188,4,4,0,1,39,0,0,40,85.06
775,40,0,1,1,90.11200070381165,4,4,0,1,39,0,0,40,85.06
775,40,0,2,1,9.216000325977802,4,4,0,1,39,0,0,40,85.06
775,40,0,3,1,4.095999989658594,4,4,0,1,39,0,0,40,85.06
776,2,0,0,0,15.359999611973763,2,2,0,0,20,0,0,20,0.98
776,2,0,1,0,53.247999399900436,2,2,0,0,20,0,0,20,0.98
776,2,0,2,0,9.216000325977802,2,2,0,0,20,0,0,20,0.98
776,2,0,3,0,5.119999870657921,2,2,0,0,20,0,0,20,0.98
776,24,0,0,0,15.359999611973763,2,2,0,0,20,0,0,20,1.16
776,24,0,1,0,46.08000069856644,2,2,0,0,20,0,0,20,1.16
776,24,0,2,0,9.216000325977802,2,2,0,0,20,0,0,20,1.16
776,24,0,3,0,4.095999989658594,2,2,0,0,20,0,0,20,1.16
776,40,0,0,1,9.216000325977802,2,2,0,0,20,0,0,20,0.81
776,40,0,1,1,44.03200000524521,2,2,0,0,20,0,0,20,0.81
776,40,0,2,1,9.216000325977802,2,2,0,0,20,0,0,20,0.81
776,40,0,3,1,3.0720001086592674,2,2,0,0,20,0,0,20,0.81
777,2,0,0,0,8.191999979317188,2,2,0,0,20,0,0,20,1.37
777,2,0,1,0,45.05600035190582,2,2,0,0,20,0,0,20,1.37
777,2,0,2,0,9.216000325977802,2,2,0,0,20,0,0,20,1.37
777,2,0,3,0,4.095999989658594,2,2,0,0,20,0,0,20,1.37
777,24,0,0,0,8.191999979317188,2,2,0,0,20,0,0,20,0.91
777,24,0,1,0,47.10400104522705,2,2,0,0,20,0,0,20,0.91
777,24,0,2,0,9.216000325977802,2,2,0,0,20,0,0,20,0.91
777,24,0,3,0,4.095999989658594,2,2,0,0,20,0,0,20,0.91
777,40,0,0,1,8.191999979317188,2,2,0,0,20,0,0,20,0.82
777,40,0,1,1,44.03200000524521,2,2,0,0,20,0,0,20,0.82
777,40,0,2,1,9.216000325977802,2,2,0,0,20,0,0,20,0.82
777,40,0,3,1,4.095999989658594,2,2,0,0,20,0,0,20,0.82
778,2,0,0,0,9.216000325977802,1,1,0,0,10,0,0,10,0.56
778,2,0,1,0,31.74399957060814,1,1,0,0,10,0,0,10,0.56
778,2,0,2,0,9.216000325977802,1,1,0,0,10,0,0,10,0.56
778,2,0,3,0,4.095999989658594,1,1,0,0,10,0,0,10,0.56
778,24,0,0,0,8.191999979317188,1,1,0,0,10,0,0,10,2.009
778,24,0,1,0,31.74399957060814,1,1,0,0,10,0,0,10,2.009
778,24,0,2,0,8.191999979317188,1,1,0,0,10,0,0,10,2.009
778,24,0,3,0,4.095999989658594,1,1,0,0,10,0,0,10,2.009
778,40,0,0,1,9.216000325977802,1,1,0,0,10,0,0,10,0.791
778,40,0,1,1,34.81600061058998,1,1,0,0,10,0,0,10,0.791
778,40,0,2,1,9.216000325977802,1,1,0,0,10,0,0,10,0.791
778,40,0,3,1,5.119999870657921,1,1,0,0,10,0,0,10,0.791
779,2,0,0,0,14.336000196635723,4,4,0,0,40,0,0,40,2.84
779,2,0,1,0,67.58400052785873,4,4,0,0,40,0,0,40,2.84
779,2,0,2,0,9.216000325977802,4,4,0,0,40,0,0,40,2.84
779,2,0,3,0,5.119999870657921,4,4,0,0,40,0,0,40,2.84
779,24,0,0,0,8.191999979317188,4,4,0,0,40,0,0,40,1.99
779,24,0,1,0,59.39200147986412,4,4,0,0,40,0,0,40,1.99
779,24,0,2,0,9.216000325977802,4,4,0,0,40,0,0,40,1.99
779,24,0,3,0,4.095999989658594,4,4,0,0,40,0,0,40,1.99
779,40,0,0,1,9.216000325977802,4,4,0,0,40,0,0,40,1.511
779,40,0,1,1,81.91999793052673,4,4,0,0,40,0,0,40,1.511
779,40,0,2,1,9.216000325977802,4,4,0,0,40,0,0,40,1.511
779,40,0,3,1,4.095999989658594,4,4,0,0,40,0,0,40,1.511
780,2,0,0,0,15.359999611973763,4,4,0,1,39,0,0,40,78.22
780,2,0,1,0,63.48799914121628,4,4,0,1,39,0,0,40,78.22
780,2,0,2,0,8.191999979317188,4,4,0,1,39,0,0,40,78.22
780,2,0,3,0,5.119999870657921,4,4,0,1,39,0,0,40,78.22
780,24,0,0,0,8.191999979317188,4,4,0,0,40,0,0,40,1.829
780,24,0,1,0,65.5359998345375,4,4,0,0,40,0,0,40,1.829
780,24,0,2,0,9.216000325977802,4,4,0,0,40,0,0,40,1.829
780,24,0,3,0,4.095999989658594,4,4,0,0,40,0,0,40,1.829
780,40,0,0,1,9.216000325977802,4,4,0,1,39,0,0,40,74.259
780,40,0,1,1,79.8719972372055,4,4,0,1,39,0,0,40,74.259
780,40,0,2,1,9.216000325977802,4,4,0,1,39,0,0,40,74.259
780,40,0,3,1,4.095999989658594,4,4,0,1,39,0,0,40,74.259
781,2,0,0,0,9.216000325977802,3,3,0,0,30,0,0,30,1.509
781,2,0,1,0,69.63200122117996,3,3,0,0,30,0,0,30,1.509
781,2,0,2,0,9.216000325977802,3,3,0,0,30,0,0,30,1.509
781,2,0,3,0,5.119999870657921,3,3,0,0,30,0,0,30,1.509
781,24,0,0,0,9.216000325977802,3,3,0,0,30,0,0,30,1.17
781,24,0,1,0,59.39200147986412,3,3,0,0,30,0,0,30,1.17
781,24,0,2,0,9.216000325977802,3,3,0,0,30,0,0,30,1.17
781,24,0,3,0,4.095999989658594,3,3,0,0,30,0,0,30,1.17
781,40,0,0,1,10.239999741315842,3,3,0,0,30,0,0,30,2.64
781,40,0,1,1,66.56000018119812,3,3,0,0,30,0,0,30,2.64
781,40,0,2,1,9.216000325977802,3,3,0,0,30,0,0,30,2.64
781,40,0,3,1,4.095999989658594,3,3,0,0,30,0,0,30,2.64
782,2,0,0,0,10.239999741315842,1,1,0,0,10,0,0,10,0.7
782,2,0,1,0,31.74399957060814,1,1,0,0,10,0,0,10,0.7
782,2,0,2,0,9.216000325977802,1,1,0,0,10,0,0,10,0.7
782,2,0,3,0,6.144000217318535,1,1,0,0,10,0,0,10,0.7
782,24,0,0,0,9.216000325977802,1,1,0,0,10,0,0,10,0.29
782,24,0,1,0,31.74399957060814,1,1,0,0,10,0,0,10,0.29
782,24,0,2,0,9.216000325977802,1,1,0,0,10,0,0,10,0.29
782,24,0,3,0,4.095999989658594,1,1,0,0,10,0,0,10,0.29
782,40,0,0,1,8.191999979317188,1,1,0,0,10,0,0,10,0.51
782,40,0,1,1,34.81600061058998,1,1,0,0,10,0,0,10,0.51
782,40,0,2,1,9.216000325977802,1,1,0,0,10,0,0,10,0.51
782,40,0,3,1,4.095999989658594,1,1,0,0,10,0,0,10,0.51
783,2,0,0,0,14.336000196635723,4,4,0,0,40,0,0,40,2.24
783,2,0,1,0,89.08800035715103,4,4,0,0,40,0,0,40,2.24
783,2,0,2,0,8.191999979317188,4,4,0,0,40,0,0,40,2.24
783,2,0,3,0,7.168000098317862,4,4,0,0,40,0,0,40,2.24
783,24,0,0,0,8.191999979317188,4,4,0,0,40,0,0,40,1.46
783,24,0,1,0,60.416001826524734,4,4,0,0,40,0,0,40,1.46
783,24,0,2,0,9.216000325977802,4,4,0,0,40,0,0,40,1.46
783,24,0,3,0,4.095999989658594,4,4,0,0,40,0,0,40,1.46
783,40,0,0,1,9.216000325977802,4,4,0,1,39,0,0,40,68.269
783,40,0,1,1,54.27199974656105,4,4,0,1,39,0,0,40,68.269
783,40,0,2,1,9.216000325977802,4,4,0,1,39,0,0,40,68.269
783,40,0,3,1,4.095999989658594,4,4,0,1,39,0,0,40,68.269
784,2,0,0,0,14.336000196635723,4,4,0,0,40,0,0,40,3.6
784,2,0,1,0,70.65600156784058,4,4,0,0,40,0,0,40,3.6
784,2,0,2,0,9.216000325977802,4,4,0,0,40,0,0,40,3.6
784,2,0,3,0,5.119999870657921,4,4,0,0,40,0,0,40,3.6
784,24,0,0,0,8.191999979317188,4,4,0,0,40,0,0,40,1.61
784,24,0,1,0,70.65600156784058,4,4,0,0,40,0,0,40,1.61
784,24,0,2,0,8.191999979317188,4,4,0,0,40,0,0,40,1.61
784,24,0,3,0,4.095999989658594,4,4,0,0,40,0,0,40,1.61
784,40,0,0,1,8.191999979317188,4,4,0,1,39,0,0,40,68.5
784,40,0,1,1,63.48799914121628,4,4,0,1,39,0,0,40,68.5
784,40,0,2,1,9.216000325977802,4,4,0,1,39,0,0,40,68.5
784,40,0,3,1,4.095999989658594,4,4,0,1,39,0,0,40,68.5
785,2,0,0,0,15.359999611973763,4,4,0,2,38,0,0,40,146.65
785,2,0,1,0,63.48799914121628,4,4,0,2,38,0,0,40,146.65
785,2,0,2,0,8.191999979317188,4,4,0,2,38,0,0,40,146.65
785,2,0,3,0,54.27199974656105,4,4,0,2,38,0,0,40,146.65
785,24,0,0,0,8.191999979317188,4,4,0,0,40,0,0,40,1.73
785,24,0,1,0,54.27199974656105,4,4,0,0,40,0,0,40,1.73
785,24,0,2,0,9.216000325977802,4,4,0,0,40,0,0,40,1.73
785,24,0,3,0,5.119999870657921,4,4,0,0,40,0,0,40,1.73
785,40,0,0,1,9.216000325977802,4,4,0,0,40,0,0,40,2.88
785,40,0,1,1,62.463998794555664,4,4,0,0,40,0,0,40,2.88
785,40,0,2,1,9.216000325977802,4,4,0,0,40,0,0,40,2.88
785,40,0,3,1,4.095999989658594,4,4,0,0,40,0,0,40,2.88
786,2,0,0,0,9.216000325977802,1,1,0,0,10,0,0,10,0.59
786,2,0,1,0,31.74399957060814,1,1,0,0,10,0,0,10,0.59
786,2,0,2,0,8.191999979317188,1,1,0,0,10,0,0,10,0.59
786,2,0,3,0,6.144000217318535,1,1,0,0,10,0,0,10,0.59
786,24,0,0,0,9.216000325977802,1,1,0,0,10,0,0,10,0.931
786,24,0,1,0,31.74399957060814,1,1,0,0,10,0,0,10,0.931
786,24,0,2,0,8.191999979317188,1,1,0,0,10,0,0,10,0.931
786,24,0,3,0,4.095999989658594,1,1,0,0,10,0,0,10,0.931
786,40,0,0,1,9.216000325977802,1,1,0,0,10,0,0,10,0.69
786,40,0,1,1,35.840000957250595,1,1,0,0,10,0,0,10,0.69
786,40,0,2,1,9.216000325977802,1,1,0,0,10,0,0,10,0.69
786,40,0,3,1,4.095999989658594,1,1,0,0,10,0,0,10,0.69
787,2,0,0,0,8.191999979317188,4,4,0,1,39,0,0,40,161.349
787,2,0,1,0,80.89599758386612,4,4,0,1,39,0,0,40,161.349
787,2,0,2,0,9.216000325977802,4,4,0,1,39,0,0,40,161.349
787,2,0,3,0,60.416001826524734,4,4,0,1,39,0,0,40,161.349
787,24,0,0,0,8.191999979317188,4,4,0,0,40,0,0,40,1.849
787,24,0,1,0,68.60800087451935,4,4,0,0,40,0,0,40,1.849
787,24,0,2,0,9.216000325977802,4,4,0,0,40,0,0,40,1.849
787,24,0,3,0,4.095999989658594,4,4,0,0,40,0,0,40,1.849
787,40,0,0,1,9.216000325977802,4,4,0,0,40,0,0,40,1.66
787,40,0,1,1,73.72800260782242,4,4,0,0,40,0,0,40,1.66
787,40,0,2,1,9.216000325977802,4,4,0,0,40,0,0,40,1.66
787,40,0,3,1,4.095999989658594,4,4,0,0,40,0,0,40,1.66
788,2,0,0,0,14.336000196635723,4,4,0,1,39,0,0,40,129.519
788,2,0,1,0,72.7040022611618,4,4,0,1,39,0,0,40,129.519
788,2,0,2,0,8.191999979317188,4,4,0,1,39,0,0,40,129.519
788,2,0,3,0,28.672000393271446,4,4,0,1,39,0,0,40,129.519
788,24,0,0,0,8.191999979317188,4,4,0,0,40,0,0,40,2.1
788,24,0,1,0,72.7040022611618,4,4,0,0,40,0,0,40,2.1
788,24,0,2,0,8.191999979317188,4,4,0,0,40,0,0,40,2.1
788,24,0,3,0,4.095999989658594,4,4,0,0,40,0,0,40,2.1
788,40,0,0,1,9.216000325977802,4,4,0,0,40,0,0,40,3.0
788,40,0,1,1,71.68000191450119,4,4,0,0,40,0,0,40,3.0
788,40,0,2,1,8.191999979317188,4,4,0,0,40,0,0,40,3.0
788,40,0,3,1,4.095999989658594,4,4,0,0,40,0,0,40,3.0
789,2,0,0,0,8.191999979317188,4,4,0,2,38,0,0,40,91.649
789,2,0,1,0,72.7040022611618,4,4,0,2,38,0,0,40,91.649
789,2,0,2,0,9.216000325977802,4,4,0,2,38,0,0,40,91.649
789,2,0,3,0,5.119999870657921,4,4,0,2,38,0,0,40,91.649
789,24,0,0,0,8.191999979317188,4,4,0,0,40,0,0,40,1.49
789,24,0,1,0,75.77600330114365,4,4,0,0,40,0,0,40,1.49
789,24,0,2,0,9.216000325977802,4,4,0,0,40,0,0,40,1.49
789,24,0,3,0,4.095999989658594,4,4,0,0,40,0,0,40,1.49
789,40,0,0,1,10.239999741315842,4,4,0,0,40,0,0,40,2.931
789,40,0,1,1,59.39200147986412,4,4,0,0,40,0,0,40,2.931
789,40,0,2,1,8.191999979317188,4,4,0,0,40,0,0,40,2.931
789,40,0,3,1,4.095999989658594,4,4,0,0,40,0,0,40,2.931
790,2,0,0,0,14.336000196635723,4,4,0,0,40,0,0,40,1.71
790,2,0,1,0,83.96799862384796,4,4,0,0,40,0,0,40,1.71
790,2,0,2,0,9.216000325977802,4,4,0,0,40,0,0,40,1.71
790,2,0,3,0,5.119999870657921,4,4,0,0,40,0,0,40,1.71
790,24,0,0,0,8.191999979317188,4,4,0,0,40,0,0,40,1.409
790,24,0,1,0,75.77600330114365,4,4,0,0,40,0,0,40,1.409
790,24,0,2,0,9.216000325977802,4,4,0,0,40,0,0,40,1.409
790,24,0,3,0,4.095999989658594,4,4,0,0,40,0,0,40,1.409
790,40,0,0,1,16.383999958634377,4,4,0,1,39,0,0,40,65.73
790,40,0,1,1,77.82399654388428,4,4,0,1,39,0,0,40,65.73
790,40,0,2,1,9.216000325977802,4,4,0,1,39,0,0,40,65.73
790,40,0,3,1,4.095999989658594,4,4,0,1,39,0,0,40,65.73
791,2,0,0,0,15.359999611973763,4,4,0,0,40,0,0,40,1.96
791,2,0,1,0,69.63200122117996,4,4,0,0,40,0,0,40,1.96
791,2,0,2,0,9.216000325977802,4,4,0,0,40,0,0,40,1.96
791,2,0,3,0,6.144000217318535,4,4,0,0,40,0,0,40,1.96
791,24,0,0,0,1354.7519445419312,4,4,0,0,40,0,0,40,2.209
791,24,0,1,0,72.7040022611618,4,4,0,0,40,0,0,40,2.209
791,24,0,2,0,9.216000325977802,4,4,0,0,40,0,0,40,2.209
791,24,0,3,0,4.095999989658594,4,4,0,0,40,0,0,40,2.209
791,40,0,0,1,84.99199897050858,4,4,0,0,40,0,0,40,2.029
791,40,0,1,1,61.43999844789505,4,4,0,0,40,0,0,40,2.029
791,40,0,2,1,9.216000325977802,4,4,0,0,40,0,0,40,2.029
791,40,0,3,1,4.095999989658594,4,4,0,0,40,0,0,40,2.029
792,2,0,0,0,16.383999958634377,2,2,0,0,20,0,0,20,0.769
792,2,0,1,0,49.15200173854828,2,2,0,0,20,0,0,20,0.769
792,2,0,2,0,9.216000325977802,2,2,0,0,20,0,0,20,0.769
792,2,0,3,0,5.119999870657921,2,2,0,0,20,0,0,20,0.769
792,24,0,0,0,8.191999979317188,2,2,0,0,20,0,0,20,0.67
792,24,0,1,0,50.175998359918594,2,2,0,0,20,0,0,20,0.67
792,24,0,2,0,9.216000325977802,2,2,0,0,20,0,0,20,0.67
792,24,0,3,0,4.095999989658594,2,2,0,0,20,0,0,20,0.67
792,40,0,0,1,9.216000325977802,2,2,0,0,20,0,0,20,0.75
792,40,0,1,1,51.19999870657921,2,2,0,0,20,0,0,20,0.75
792,40,0,2,1,10.239999741315842,2,2,0,0,20,0,0,20,0.75
792,40,0,3,1,4.095999989658594,2,2,0,0,20,0,0,20,0.75
793,2,0,0,0,14.336000196635723,4,4,0,0,40,0,0,40,1.5
793,2,0,1,0,66.56000018119812,4,4,0,0,40,0,0,40,1.5
793,2,0,2,0,8.191999979317188,4,4,0,0,40,0,0,40,1.5
793,2,0,3,0,5.119999870657921,4,4,0,0,40,0,0,40,1.5
793,24,0,0,0,9.216000325977802,4,4,0,0,40,0,0,40,1.64
793,24,0,1,0,75.77600330114365,4,4,0,0,40,0,0,40,1.64
793,24,0,2,0,9.216000325977802,4,4,0,0,40,0,0,40,1.64
793,24,0,3,0,3.0720001086592674,4,4,0,0,40,0,0,40,1.64
793,40,0,0,1,9.216000325977802,4,4,0,0,40,0,0,40,1.32
793,40,0,1,1,76.80000364780426,4,4,0,0,40,0,0,40,1.32
793,40,0,2,1,9.216000325977802,4,4,0,0,40,0,0,40,1.32
793,40,0,3,1,4.095999989658594,4,4,0,0,40,0,0,40,1.32
794,2,0,0,0,14.336000196635723,4,4,0,0,40,0,0,40,1.79
794,2,0,1,0,80.89599758386612,4,4,0,0,40,0,0,40,1.79
794,2,0,2,0,9.216000325977802,4,4,0,0,40,0,0,40,1.79
794,2,0,3,0,5.119999870657921,4,4,0,0,40,0,0,40,1.79
794,24,0,0,0,8.191999979317188,4,4,0,0,40,0,0,40,1.589
794,24,0,1,0,80.89599758386612,4,4,0,0,40,0,0,40,1.589
794,24,0,2,0,9.216000325977802,4,4,0,0,40,0,0,40,1.589
794,24,0,3,0,4.095999989658594,4,4,0,0,40,0,0,40,1.589
794,40,0,0,1,9.216000325977802,4,4,0,1,39,0,0,40,74.919
794,40,0,1,1,87.0399996638298,4,4,0,1,39,0,0,40,74.919
794,40,0,2,1,9.216000325977802,4,4,0,1,39,0,0,40,74.919
794,40,0,3,1,3.0720001086592674,4,4,0,1,39,0,0,40,74.919
795,2,0,0,0,8.191999979317188,2,2,0,0,20,0,0,20,2.39
795,2,0,1,0,37.88800165057182,2,2,0,0,20,0,0,20,2.39
795,2,0,2,0,9.216000325977802,2,2,0,0,20,0,0,20,2.39
795,2,0,3,0,5.119999870657921,2,2,0,0,20,0,0,20,2.39
795,24,0,0,0,9.216000325977802,2,2,0,0,20,0,0,20,2.211
795,24,0,1,0,37.88800165057182,2,2,0,0,20,0,0,20,2.211
795,24,0,2,0,8.191999979317188,2,2,0,0,20,0,0,20,2.211
795,24,0,3,0,4.095999989658594,2,2,0,0,20,0,0,20,2.211
795,40,0,0,1,9.216000325977802,2,2,0,0,20,0,0,20,0.7
795,40,0,1,1,48.128001391887665,2,2,0,0,20,0,0,20,0.7
795,40,0,2,1,9.216000325977802,2,2,0,0,20,0,0,20,0.7
795,40,0,3,1,5.119999870657921,2,2,0,0,20,0,0,20,0.7
796,2,0,0,0,15.359999611973763,4,4,0,0,40,0,0,40,1.92
796,2,0,1,0,90.11200070381165,4,4,0,0,40,0,0,40,1.92
796,2,0,2,0,8.191999979317188,4,4,0,0,40,0,0,40,1.92
796,2,0,3,0,5.119999870657921,4,4,0,0,40,0,0,40,1.92
796,24,0,0,0,8.191999979317188,4,4,0,0,40,0,0,40,2.58
796,24,0,1,0,76.80000364780426,4,4,0,0,40,0,0,40,2.58
796,24,0,2,0,9.216000325977802,4,4,0,0,40,0,0,40,2.58
796,24,0,3,0,4.095999989658594,4,4,0,0,40,0,0,40,2.58
796,40,0,0,1,9.216000325977802,4,4,0,0,40,0,0,40,1.5
796,40,0,1,1,61.43999844789505,4,4,0,0,40,0,0,40,1.5
796,40,0,2,1,9.216000325977802,4,4,0,0,40,0,0,40,1.5
796,40,0,3,1,4.095999989658594,4,4,0,0,40,0,0,40,1.5
797,2,0,0,0,9.216000325977802,3,3,0,0,30,0,0,30,2.78
797,2,0,1,0,66.56000018119812,3,3,0,0,30,0,0,30,2.78
797,2,0,2,0,9.216000325977802,3,3,0,0,30,0,0,30,2.78
797,2,0,3,0,5.119999870657921,3,3,0,0,30,0,0,30,2.78
797,24,0,0,0,8.191999979317188,3,3,0,0,30,0,0,30,1.14
797,24,0,1,0,61.43999844789505,3,3,0,0,30,0,0,30,1.14
797,24,0,2,0,9.216000325977802,3,3,0,0,30,0,0,30,1.14
797,24,0,3,0,4.095999989658594,3,3,0,0,30,0,0,30,1.14
797,40,0,0,1,9.216000325977802,3,3,0,0,30,0,0,30,2.55
797,40,0,1,1,68.60800087451935,3,3,0,0,30,0,0,30,2.55
797,40,0,2,1,10.239999741315842,3,3,0,0,30,0,0,30,2.55
797,40,0,3,1,4.095999989658594,3,3,0,0,30,0,0,30,2.55
798,2,0,0,0,14.336000196635723,4,4,0,0,40,0,0,40,10.68
798,2,0,1,0,83.96799862384796,4,4,0,0,40,0,0,40,10.68
798,2,0,2,0,9.216000325977802,4,4,0,0,40,0,0,40,10.68
798,2,0,3,0,8.191999979317188,4,4,0,0,40,0,0,40,10.68
798,24,0,0,0,9.216000325977802,4,4,0,0,40,0,0,40,1.409
798,24,0,1,0,71.68000191450119,4,4,0,0,40,0,0,40,1.409
798,24,0,2,0,9.216000325977802,4,4,0,0,40,0,0,40,1.409
798,24,0,3,0,4.095999989658594,4,4,0,0,40,0,0,40,1.409
798,40,0,0,1,9.216000325977802,4,4,0,0,40,0,0,40,1.36
798,40,0,1,1,70.65600156784058,4,4,0,0,40,0,0,40,1.36
798,40,0,2,1,8.191999979317188,4,4,0,0,40,0,0,40,1.36
798,40,0,3,1,3.0720001086592674,4,4,0,0,40,0,0,40,1.36
799,2,0,0,0,9.216000325977802,1,1,0,0,10,0,0,10,0.5
799,2,0,1,0,31.74399957060814,1,1,0,0,10,0,0,10,0.5
799,2,0,2,0,9.216000325977802,1,1,0,0,10,0,0,10,0.5
799,2,0,3,0,4.095999989658594,1,1,0,0,10,0,0,10,0.5
799,24,0,0,0,9.216000325977802,1,1,0,0,10,0,0,10,0.43
799,24,0,1,0,31.74399957060814,1,1,0,0,10,0,0,10,0.43
799,24,0,2,0,9.216000325977802,1,1,0,0,10,0,0,10,0.43
799,24,0,3,0,5.119999870657921,1,1,0,0,10,0,0,10,0.43
799,40,0,0,1,9.216000325977802,1,1,0,0,10,0,0,10,0.311
799,40,0,1,1,34.81600061058998,1,1,0,0,10,0,0,10,0.311
799,40,0,2,1,9.216000325977802,1,1,0,0,10,0,0,10,0.311
799,40,0,3,1,4.095999989658594,1,1,0,0,10,0,0,10,0.311
800,2,0,0,0,14.336000196635723,4,4,0,0,40,0,0,40,2.14
800,2,0,1,0,81.91999793052673,4,4,0,0,40,0,0,40,2.14
800,2,0,2,0,9.216000325977802,4,4,0,0,40,0,0,40,2.14
800,2,0,3,0,5.119999870657921,4,4,0,0,40,0,0,40,2.14
800,24,0,0,0,8.191999979317188,4,4,0,0,40,0,0,40,1.38
800,24,0,1,0,60.416001826524734,4,4,0,0,40,0,0,40,1.38
800,24,0,2,0,8.191999979317188,4,4,0,0,40,0,0,40,1.38
800,24,0,3,0,5.119999870657921,4,4,0,0,40,0,0,40,1.38
800,40,0,0,1,8.191999979317188,4,4,0,0,40,0,0,40,2.32
800,40,0,1,1,52.22399905323982,4,4,0,0,40,0,0,40,2.32
800,40,0,2,1,9.216000325977802,4,4,0,0,40,0,0,40,2.32
800,40,0,3,1,3.0720001086592674,4,4,0,0,40,0,0,40,2.32
801,2,0,0,0,14.336000196635723,4,4,0,0,40,0,0,40,1.74
801,2,0,1,0,83.96799862384796,4,4,0,0,40,0,0,40,1.74
801,2,0,2,0,9.216000325977802,4,4,0,0,40,0,0,40,1.74
801,2,0,3,0,6.144000217318535,4,4,0,0,40,0,0,40,1.74
801,24,0,0,0,8.191999979317188,4,4,0,0,40,0,0,40,2.52
801,24,0,1,0,82.94399827718735,4,4,0,0,40,0,0,40,2.52
801,24,0,2,0,9.216000325977802,4,4,0,0,40,0,0,40,2.52
801,24,0,3,0,4.095999989658594,4,4,0,0,40,0,0,40,2.52
801,40,0,0,1,9.216000325977802,4,4,0,0,40,0,0,40,1.2
801,40,0,1,1,75.77600330114365,4,4,0,0,40,0,0,40,1.2
801,40,0,2,1,9.216000325977802,4,4,0,0,40,0,0,40,1.2
801,40,0,3,1,4.095999989658594,4,4,0,0,40,0,0,40,1.2
802,2,0,0,0,9.216000325977802,2,2,0,0,20,0,0,20,0.77
802,2,0,1,0,45.05600035190582,2,2,0,0,20,0,0,20,0.77
802,2,0,2,0,9.216000325977802,2,2,0,0,20,0,0,20,0.77
802,2,0,3,0,6.144000217318535,2,2,0,0,20,0,0,20,0.77
802,24,0,0,0,9.216000325977802,2,2,0,0,20,0,0,20,0.59
802,24,0,1,0,49.15200173854828,2,2,0,0,20,0,0,20,0.59
802,24,0,2,0,9.216000325977802,2,2,0,0,20,0,0,20,0.59
802,24,0,3,0,4.095999989658594,2,2,0,0,20,0,0,20,0.59
802,40,0,0,1,10.239999741315842,2,2,0,0,20,0,0,20,2.12
802,40,0,1,1,46.08000069856644,2,2,0,0,20,0,0,20,2.12
802,40,0,2,1,9.216000325977802,2,2,0,0,20,0,0,20,2.12
802,40,0,3,1,4.095999989658594,2,2,0,0,20,0,0,20,2.12
803,2,0,0,0,14.336000196635723,4,4,0,0,40,0,0,40,1.649
803,2,0,1,0,64.51199948787689,4,4,0,0,40,0,0,40,1.649
803,2,0,2,0,9.216000325977802,4,4,0,0,40,0,0,40,1.649
803,2,0,3,0,5.119999870657921,4,4,0,0,40,0,0,40,1.649
803,24,0,0,0,8.191999979317188,4,4,0,0,40,0,0,40,3.069
803,24,0,1,0,54.27199974656105,4,4,0,0,40,0,0,40,3.069
803,24,0,2,0,9.216000325977802,4,4,0,0,40,0,0,40,3.069
803,24,0,3,0,4.095999989658594,4,4,0,0,40,0,0,40,3.069
803,40,0,0,1,9.216000325977802,4,4,0,0,40,0,0,40,1.56
803,40,0,1,1,68.60800087451935,4,4,0,0,40,0,0,40,1.56
803,40,0,2,1,9.216000325977802,4,4,0,0,40,0,0,40,1.56
803,40,0,3,1,4.095999989658594,4,4,0,0,40,0,0,40,1.56
804,2,0,0,0,8.191999979317188,4,4,0,1,39,0,0,40,59.93
804,2,0,1,0,75.77600330114365,4,4,0,1,39,0,0,40,59.93
804,2,0,2,0,9.216000325977802,4,4,0,1,39,0,0,40,59.93
804,2,0,3,0,5.119999870657921,4,4,0,1,39,0,0,40,59.93
804,24,0,0,0,8.191999979317188,4,4,0,0,40,0,0,40,3.51
804,24,0,1,0,72.7040022611618,4,4,0,0,40,0,0,40,3.51
804,24,0,2,0,9.216000325977802,4,4,0,0,40,0,0,40,3.51
804,24,0,3,0,4.095999989658594,4,4,0,0,40,0,0,40,3.51
804,40,0,0,1,11.264000087976456,4,4,0,0,40,0,0,40,9.53
804,40,0,1,1,86.01599931716919,4,4,0,0,40,0,0,40,9.53
804,40,0,2,1,9.216000325977802,4,4,0,0,40,0,0,40,9.53
804,40,0,3,1,4.095999989658594,4,4,0,0,40,0,0,40,9.53
805,2,0,0,0,9.216000325977802,2,2,0,0,20,0,0,20,0.76
805,2,0,1,0,49.15200173854828,2,2,0,0,20,0,0,20,0.76
805,2,0,2,0,9.216000325977802,2,2,0,0,20,0,0,20,0.76
805,2,0,3,0,6.144000217318535,2,2,0,0,20,0,0,20,0.76
805,24,0,0,0,9.216000325977802,2,2,0,0,20,0,0,20,0.6
805,24,0,1,0,49.15200173854828,2,2,0,0,20,0,0,20,0.6
805,24,0,2,0,9.216000325977802,2,2,0,0,20,0,0,20,0.6
805,24,0,3,0,5.119999870657921,2,2,0,0,20,0,0,20,0.6
805,40,0,0,1,11.264000087976456,2,2,0,0,20,0,0,20,0.72
805,40,0,1,1,48.128001391887665,2,2,0,0,20,0,0,20,0.72
805,40,0,2,1,10.239999741315842,2,2,0,0,20,0,0,20,0.72
805,40,0,3,1,4.095999989658594,2,2,0,0,20,0,0,20,0.72
806,2,0,0,0,10.239999741315842,1,1,0,0,10,0,0,10,1.5
806,2,0,1,0,31.74399957060814,1,1,0,0,10,0,0,10,1.5
806,2,0,2,0,9.216000325977802,1,1,0,0,10,0,0,10,1.5
806,2,0,3,0,5.119999870657921,1,1,0,0,10,0,0,10,1.5
806,24,0,0,0,9.216000325977802,1,1,0,0,10,0,0,10,0.52
806,24,0,1,0,31.74399957060814,1,1,0,0,10,0,0,10,0.52
806,24,0,2,0,8.191999979317188,1,1,0,0,10,0,0,10,0.52
806,24,0,3,0,4.095999989658594,1,1,0,0,10,0,0,10,0.52
806,40,0,0,1,9.216000325977802,1,1,0,0,10,0,0,10,0.571
806,40,0,1,1,34.81600061058998,1,1,0,0,10,0,0,10,0.571
806,40,0,2,1,9.216000325977802,1,1,0,0,10,0,0,10,0.571
806,40,0,3,1,4.095999989658594,1,1,0,0,10,0,0,10,0.571
807,2,0,0,0,15.359999611973763,4,4,0,0,40,0,0,40,1.58
807,2,0,1,0,84.99199897050858,4,4,0,0,40,0,0,40,1.58
807,2,0,2,0,9.216000325977802,4,4,0,0,40,0,0,40,1.58
807,2,0,3,0,5.119999870657921,4,4,0,0,40,0,0,40,1.58
807,24,0,0,0,8.191999979317188,4,4,0,0,40,0,0,40,1.28
807,24,0,1,0,61.43999844789505,4,4,0,0,40,0,0,40,1.28
807,24,0,2,0,8.191999979317188,4,4,0,0,40,0,0,40,1.28
807,24,0,3,0,4.095999989658594,4,4,0,0,40,0,0,40,1.28
807,40,0,0,1,9.216000325977802,4,4,0,0,40,0,0,40,2.28
807,40,0,1,1,50.175998359918594,4,4,0,0,40,0,0,40,2.28
807,40,0,2,1,9.216000325977802,4,4,0,0,40,0,0,40,2.28
807,40,0,3,1,4.095999989658594,4,4,0,0,40,0,0,40,2.28
808,2,0,0,0,14.336000196635723,4,4,0,0,40,0,0,40,1.62
808,2,0,1,0,79.8719972372055,4,4,0,0,40,0,0,40,1.62
808,2,0,2,0,9.216000325977802,4,4,0,0,40,0,0,40,1.62
808,2,0,3,0,6.144000217318535,4,4,0,0,40,0,0,40,1.62
808,24,0,0,0,8.191999979317188,4,4,0,0,40,0,0,40,1.49
808,24,0,1,0,70.65600156784058,4,4,0,0,40,0,0,40,1.49
808,24,0,2,0,9.216000325977802,4,4,0,0,40,0,0,40,1.49
808,24,0,3,0,4.095999989658594,4,4,0,0,40,0,0,40,1.49
808,40,0,0,1,10.239999741315842,4,4,0,2,38,0,0,40,78.81
808,40,0,1,1,76.80000364780426,4,4,0,2,38,0,0,40,78.81
808,40,0,2,1,8.191999979317188,4,4,0,2,38,0,0,40,78.81
808,40,0,3,1,4.095999989658594,4,4,0,2,38,0,0,40,78.81
809,2,0,0,0,14.336000196635723,4,4,0,0,40,0,0,40,2.46
809,2,0,1,0,54.27199974656105,4,4,0,0,40,0,0,40,2.46
809,2,0,2,0,8.191999979317188,4,4,0,0,40,0,0,40,2.46
809,2,0,3,0,5.119999870657921,4,4,0,0,40,0,0,40,2.46
809,24,0,0,0,9.216000325977802,4,4,0,0,40,0,0,40,1.4
809,24,0,1,0,68.60800087451935,4,4,0,0,40,0,0,40,1.4
809,24,0,2,0,9.216000325977802,4,4,0,0,40,0,0,40,1.4
809,24,0,3,0,4.095999989658594,4,4,0,0,40,0,0,40,1.4
809,40,0,0,1,8.191999979317188,4,4,0,2,38,0,0,40,120.65
809,40,0,1,1,71.68000191450119,4,4,0,2,38,0,0,40,120.65
809,40,0,2,1,9.216000325977802,4,4,0,2,38,0,0,40,120.65
809,40,0,3,1,26.623999699950218,4,4,0,2,38,0,0,40,120.65
810,2,0,0,0,9.216000325977802,4,4,0,1,39,0,0,40,57.96
810,2,0,1,0,60.416001826524734,4,4,0,1,39,0,0,40,57.96
810,2,0,2,0,8.191999979317188,4,4,0,1,39,0,0,40,57.96
810,2,0,3,0,6.144000217318535,4,4,0,1,39,0,0,40,57.96
810,24,0,0,0,8.191999979317188,4,4,0,1,39,0,0,40,64.349
810,24,0,1,0,69.63200122117996,4,4,0,1,39,0,0,40,64.349
810,24,0,2,0,9.216000325977802,4,4,0,1,39,0,0,40,64.349
810,24,0,3,0,4.095999989658594,4,4,0,1,39,0,0,40,64.349
810,40,0,0,1,9.216000325977802,4,4,0,0,40,0,0,40,1.4
810,40,0,1,1,86.01599931716919,4,4,0,0,40,0,0,40,1.4
810,40,0,2,1,9.216000325977802,4,4,0,0,40,0,0,40,1.4
810,40,0,3,1,4.095999989658594,4,4,0,0,40,0,0,40,1.4
811,2,0,0,0,14.336000196635723,4,4,0,0,40,0,0,40,1.62
811,2,0,1,0,76.80000364780426,4,4,0,0,40,0,0,40,1.62
811,2,0,2,0,9.216000325977802,4,4,0,0,40,0,0,40,1.62
811,2,0,3,0,5.119999870657921,4,4,0,0,40,0,0,40,1.62
811,24,0,0,0,8.191999979317188,4,4,0,0,40,0,0,40,1.27
811,24,0,1,0,73.72800260782242,4,4,0,0,40,0,0,40,1.27
811,24,0,2,0,9.216000325977802,4,4,0,0,40,0,0,40,1.27
811,24,0,3,0,4.095999989658594,4,4,0,0,40,0,0,40,1.27
811,40,0,0,1,9.216000325977802,4,4,0,0,40,0,0,40,2.45
811,40,0,1,1,75.77600330114365,4,4,0,0,40,0,0,40,2.45
811,40,0,2,1,9.216000325977802,4,4,0,0,40,0,0,40,2.45
811,40,0,3,1,5.119999870657921,4,4,0,0,40,0,0,40,2.45
812,2,0,0,0,1084.4160318374634,4,4,0,0,40,0,0,40,11.27
812,2,0,1,0,89.08800035715103,4,4,0,0,40,0,0,40,11.27
812,2,0,2,0,9.216000325977802,4,4,0,0,40,0,0,40,11.27
812,2,0,3,0,5.119999870657921,4,4,0,0,40,0,0,40,11.27
812,24,0,0,0,9.216000325977802,4,4,0,2,38,0,0,40,351.219
812,24,0,1,0,63.48799914121628,4,4,0,2,38,0,0,40,351.219
812,24,0,2,0,9.216000325977802,4,4,0,2,38,0,0,40,351.219
812,24,0,3,0,266.2400007247925,4,4,0,2,38,0,0,40,351.219
812,40,0,0,1,9.216000325977802,4,4,0,0,40,0,0,40,4.2
812,40,0,1,1,76.80000364780426,4,4,0,0,40,0,0,40,4.2
812,40,0,2,1,8.191999979317188,4,4,0,0,40,0,0,40,4.2
812,40,0,3,1,4.095999989658594,4,4,0,0,40,0,0,40,4.2
813,2,0,0,0,14.336000196635723,4,4,0,0,40,0,0,40,1.831
813,2,0,1,0,72.7040022611618,4,4,0,0,40,0,0,40,1.831
813,2,0,2,0,8.191999979317188,4,4,0,0,40,0,0,40,1.831
813,2,0,3,0,5.119999870657921,4,4,0,0,40,0,0,40,1.831
813,24,0,0,0,8.191999979317188,4,4,0,3,36,1,0,40,193.759
813,24,0,1,0,62.463998794555664,4,4,0,3,36,1,0,40,193.759
813,24,0,2,0,168.96000504493713,4,4,0,3,36,1,0,40,193.759
813,24,0,3,0,5.119999870657921,4,4,0,3,36,1,0,40,193.759
813,40,0,0,1,8.191999979317188,4,4,0,0,40,0,0,40,3.88
813,40,0,1,1,67.58400052785873,4,4,0,0,40,0,0,40,3.88
813,40,0,2,1,8.191999979317188,4,4,0,0,40,0,0,40,3.88
813,40,0,3,1,4.095999989658594,4,4,0,0,40,0,0,40,3.88
814,2,0,0,0,9.216000325977802,3,3,0,1,29,0,0,30,57.51
814,2,0,1,0,46.08000069856644,3,3,0,1,29,0,0,30,57.51
814,2,0,2,0,9.216000325977802,3,3,0,1,29,0,0,30,57.51
814,2,0,3,0,8.191999979317188,3,3,0,1,29,0,0,30,57.51
814,24,0,0,0,16.383999958634377,3,3,0,1,29,0,0,30,60.679
814,24,0,1,0,52.22399905323982,3,3,0,1,29,0,0,30,60.679
814,24,0,2,0,8.191999979317188,3,3,0,1,29,0,0,30,60.679
814,24,0,3,0,4.095999989658594,3,3,0,1,29,0,0,30,60.679
814,40,0,0,1,9.216000325977802,3,3,0,0,30,0,0,30,2.389
814,40,0,1,1,56.32000043988228,3,3,0,0,30,0,0,30,2.389
814,40,0,2,1,9.216000325977802,3,3,0,0,30,0,0,30,2.389
814,40,0,3,1,4.095999989658594,3,3,0,0,30,0,0,30,2.389
815,2,0,0,0,15.359999611973763,4,4,0,1,39,0,0,40,69.51
815,2,0,1,0,77.82399654388428,4,4,0,1,39,0,0,40,69.51
815,2,0,2,0,8.191999979317188,4,4,0,1,39,0,0,40,69.51
815,2,0,3,0,6.144000217318535,4,4,0,1,39,0,0,40,69.51
815,24,0,0,0,8.191999979317188,4,4,0,1,39,0,0,40,65.42
815,24,0,1,0,67.58400052785873,4,4,0,1,39,0,0,40,65.42
815,24,0,2,0,9.216000325977802,4,4,0,1,39,0,0,40,65.42
815,24,0,3,0,4.095999989658594,4,4,0,1,39,0,0,40,65.42
815,40,0,0,1,8.191999979317188,4,4,0,0,40,0,0,40,1.53
815,40,0,1,1,62.463998794555664,4,4,0,0,40,0,0,40,1.53
815,40,0,2,1,8.191999979317188,4,4,0,0,40,0,0,40,1.53
815,40,0,3,1,3.0720001086592674,4,4,0,0,40,0,0,40,1.53
816,2,0,0,0,14.336000196635723,4,4,0,0,40,0,0,40,2.13
816,2,0,1,0,88.06400001049042,4,4,0,0,40,0,0,40,2.13
816,2,0,2,0,9.216000325977802,4,4,0,0,40,0,0,40,2.13
816,2,0,3,0,4.095999989658594,4,4,0,0,40,0,0,40,2.13
816,24,0,0,0,8.191999979317188,4,4,0,0,40,0,0,40,1.66
816,24,0,1,0,66.56000018119812,4,4,0,0,40,0,0,40,1.66
816,24,0,2,0,9.216000325977802,4,4,0,0,40,0,0,40,1.66
816,24,0,3,0,4.095999989658594,4,4,0,0,40,0,0,40,1.66
816,40,0,0,1,8.191999979317188,4,4,0,0,40,0,0,40,1.589
816,40,0,1,1,60.416001826524734,4,4,0,0,40,0,0,40,1.589
816,40,0,2,1,9.216000325977802,4,4,0,0,40,0,0,40,1.589
816,40,0,3,1,4.095999989658594,4,4,0,0,40,0,0,40,1.589
817,2,0,0,0,9.216000325977802,4,4,0,2,38,0,0,40,63.11
817,2,0,1,0,61.43999844789505,4,4,0,2,38,0,0,40,63.11
817,2,0,2,0,10.239999741315842,4,4,0,2,38,0,0,40,63.11
817,2,0,3,0,5.119999870657921,4,4,0,2,38,0,0,40,63.11
817,24,0,0,0,9.216000325977802,4,4,0,2,38,0,0,40,91.72
817,24,0,1,0,64.51199948787689,4,4,0,2,38,0,0,40,91.72
817,24,0,2,0,9.216000325977802,4,4,0,2,38,0,0,40,91.72
817,24,0,3,0,5.119999870657921,4,4,0,2,38,0,0,40,91.72
817,40,0,0,1,15.359999611973763,4,4,0,1,39,0,0,40,118.94
817,40,0,1,1,71.68000191450119,4,4,0,1,39,0,0,40,118.94
817,40,0,2,1,10.239999741315842,4,4,0,1,39,0,0,40,118.94
817,40,0,3,1,23.552000522613525,4,4,0,1,39,0,0,40,118.94
818,2,0,0,0,8.191999979317188,4,4,0,1,39,0,0,40,57.979
818,2,0,1,0,77.82399654388428,4,4,0,1,39,0,0,40,57.979
818,2,0,2,0,8.191999979317188,4,4,0,1,39,0,0,40,57.979
818,2,0,3,0,7.168000098317862,4,4,0,1,39,0,0,40,57.979
818,24,0,0,0,8.191999979317188,4,4,0,0,40,0,0,40,1.349
818,24,0,1,0,68.60800087451935,4,4,0,0,40,0,0,40,1.349
818,24,0,2,0,9.216000325977802,4,4,0,0,40,0,0,40,1.349
818,24,0,3,0,4.095999989658594,4,4,0,0,40,0,0,40,1.349
818,40,0,0,1,9.216000325977802,4,4,0,1,39,0,0,40,69.48
818,40,0,1,1,66.56000018119812,4,4,0,1,39,0,0,40,69.48
818,40,0,2,1,9.216000325977802,4,4,0,1,39,0,0,40,69.48
818,40,0,3,1,4.095999989658594,4,4,0,1,39,0,0,40,69.48
819,2,0,0,0,17.40800030529499,4,4,0,3,37,0,0,40,90.88
819,2,0,1,0,69.63200122117996,4,4,0,3,37,0,0,40,90.88
819,2,0,2,0,13.311999849975109,4,4,0,3,37,0,0,40,90.88
819,2,0,3,0,5.119999870657921,4,4,0,3,37,0,0,40,90.88
819,24,0,0,0,8.191999979317188,4,4,0,0,40,0,0,40,1.55
819,24,0,1,0,65.5359998345375,4,4,0,0,40,0,0,40,1.55
819,24,0,2,0,9.216000325977802,4,4,0,0,40,0,0,40,1.55
819,24,0,3,0,4.095999989658594,4,4,0,0,40,0,0,40,1.55
819,40,0,0,1,16.383999958634377,4,4,0,1,39,0,0,40,80.399
819,40,0,1,1,82.94399827718735,4,4,0,1,39,0,0,40,80.399
819,40,0,2,1,9.216000325977802,4,4,0,1,39,0,0,40,80.399
819,40,0,3,1,4.095999989658594,4,4,0,1,39,0,0,40,80.399
820,2,0,0,0,421.88799381256104,4,4,0,1,39,0,0,40,78.5
820,2,0,1,0,82.94399827718735,4,4,0,1,39,0,0,40,78.5
820,2,0,2,0,9.216000325977802,4,4,0,1,39,0,0,40,78.5
820,2,0,3,0,5.119999870657921,4,4,0,1,39,0,0,40,78.5
820,24,0,0,0,8.191999979317188,4,4,0,0,40,0,0,40,2.971
820,24,0,1,0,65.5359998345375,4,4,0,0,40,0,0,40,2.971
820,24,0,2,0,9.216000325977802,4,4,0,0,40,0,0,40,2.971
820,24,0,3,0,4.095999989658594,4,4,0,0,40,0,0,40,2.971
820,40,0,0,1,9.216000325977802,4,4,0,0,40,0,0,40,1.38
820,40,0,1,1,67.58400052785873,4,4,0,0,40,0,0,40,1.38
820,40,0,2,1,9.216000325977802,4,4,0,0,40,0,0,40,1.38
820,40,0,3,1,4.095999989658594,4,4,0,0,40,0,0,40,1.38
821,2,0,0,0,14.336000196635723,4,4,0,0,40,0,0,40,1.57
821,2,0,1,0,73.72800260782242,4,4,0,0,40,0,0,40,1.57
821,2,0,2,0,9.216000325977802,4,4,0,0,40,0,0,40,1.57
821,2,0,3,0,5.119999870657921,4,4,0,0,40,0,0,40,1.57
821,24,0,0,0,8.191999979317188,4,4,0,0,40,0,0,40,1.39
821,24,0,1,0,71.68000191450119,4,4,0,0,40,0,0,40,1.39
821,24,0,2,0,9.216000325977802,4,4,0,0,40,0,0,40,1.39
821,24,0,3,0,4.095999989658594,4,4,0,0,40,0,0,40,1.39
821,40,0,0,1,8.191999979317188,4,4,0,0,40,0,0,40,1.38
821,40,0,1,1,76.80000364780426,4,4,0,0,40,0,0,40,1.38
821,40,0,2,1,9.216000325977802,4,4,0,0,40,0,0,40,1.38
821,40,0,3,1,4.095999989658594,4,4,0,0,40,0,0,40,1.38
822,2,0,0,0,14.336000196635723,4,4,0,0,40,0,0,40,1.811
822,2,0,1,0,65.5359998345375,4,4,0,0,40,0,0,40,1.811
822,2,0,2,0,9.216000325977802,4,4,0,0,40,0,0,40,1.811
822,2,0,3,0,7.168000098317862,4,4,0,0,40,0,0,40,1.811
822,24,0,0,0,8.191999979317188,4,4,0,0,40,0,0,40,3.7
822,24,0,1,0,58.36800113320351,4,4,0,0,40,0,0,40,3.7
822,24,0,2,0,9.216000325977802,4,4,0,0,40,0,0,40,3.7
822,24,0,3,0,4.095999989658594,4,4,0,0,40,0,0,40,3.7
822,40,0,0,1,9.216000325977802,4,4,0,1,39,0,0,40,70.91
822,40,0,1,1,67.58400052785873,4,4,0,1,39,0,0,40,70.91
822,40,0,2,1,9.216000325977802,4,4,0,1,39,0,0,40,70.91
822,40,0,3,1,4.095999989658594,4,4,0,1,39,0,0,40,70.91
823,2,0,0,0,14.336000196635723,4,4,0,0,40,0,0,40,1.59
823,2,0,1,0,65.5359998345375,4,4,0,0,40,0,0,40,1.59
823,2,0,2,0,8.191999979317188,4,4,0,0,40,0,0,40,1.59
823,2,0,3,0,5.119999870657921,4,4,0,0,40,0,0,40,1.59
823,24,0,0,0,9.216000325977802,4,4,0,0,40,0,0,40,2.77
823,24,0,1,0,74.75200295448303,4,4,0,0,40,0,0,40,2.77
823,24,0,2,0,9.216000325977802,4,4,0,0,40,0,0,40,2.77
823,24,0,3,0,4.095999989658594,4,4,0,0,40,0,0,40,2.77
823,40,0,0,1,11.264000087976456,4,4,0,0,40,0,0,40,1.47
823,40,0,1,1,63.48799914121628,4,4,0,0,40,0,0,40,1.47
823,40,0,2,1,9.216000325977802,4,4,0,0,40,0,0,40,1.47
823,40,0,3,1,4.095999989658594,4,4,0,0,40,0,0,40,1.47
824,2,0,0,0,8.191999979317188,4,4,0,1,39,0,0,40,61.02
824,2,0,1,0,81.91999793052673,4,4,0,1,39,0,0,40,61.02
824,2,0,2,0,9.216000325977802,4,4,0,1,39,0,0,40,61.02
824,2,0,3,0,6.144000217318535,4,4,0,1,39,0,0,40,61.02
824,24,0,0,0,8.191999979317188,4,4,0,0,40,0,0,40,1.35
824,24,0,1,0,71.68000191450119,4,4,0,0,40,0,0,40,1.35
824,24,0,2,0,9.216000325977802,4,4,0,0,40,0,0,40,1.35
824,24,0,3,0,4.095999989658594,4,4,0,0,40,0,0,40,1.35
824,40,0,0,1,9.216000325977802,4,4,0,1,39,0,0,40,85.86
824,40,0,1,1,66.56000018119812,4,4,0,1,39,0,0,40,85.86
824,40,0,2,1,9.216000325977802,4,4,0,1,39,0,0,40,85.86
824,40,0,3,1,4.095999989658594,4,4,0,1,39,0,0,40,85.86
825,2,0,0,0,8.191999979317188,4,4,0,2,38,0,0,40,97.349
825,2,0,1,0,57.34400078654289,4,4,0,2,38,0,0,40,97.349
825,2,0,2,0,10.239999741315842,4,4,0,2,38,0,0,40,97.349
825,2,0,3,0,23.552000522613525,4,4,0,2,38,0,0,40,97.349
825,24,0,0,0,8.191999979317188,4,4,0,0,40,0,0,40,2.73
825,24,0,1,0,74.75200295448303,4,4,0,0,40,0,0,40,2.73
825,24,0,2,0,9.216000325977802,4,4,0,0,40,0,0,40,2.73
825,24,0,3,0,4.095999989658594,4,4,0,0,40,0,0,40,2.73
825,40,0,0,1,9.216000325977802,4,4,0,2,38,0,0,40,126.99
825,40,0,1,1,87.0399996638298,4,4,0,2,38,0,0,40,126.99
825,40,0,2,1,10.239999741315842,4,4,0,2,38,0,0,40,126.99
825,40,0,3,1,21.503999829292297,4,4,0,2,38,0,0,40,126.99
826,2,0,0,0,15.359999611973763,4,4,0,1,39,0,0,40,59.68
826,2,0,1,0,87.0399996638298,4,4,0,1,39,0,0,40,59.68
826,2,0,2,0,9.216000325977802,4,4,0,1,39,0,0,40,59.68
826,2,0,3,0,5.119999870657921,4,4,0,1,39,0,0,40,59.68
826,24,0,0,0,8.191999979317188,4,4,0,0,40,0,0,40,1.5
826,24,0,1,0,72.7040022611618,4,4,0,0,40,0,0,40,1.5
826,24,0,2,0,9.216000325977802,4,4,0,0,40,0,0,40,1.5
826,24,0,3,0,4.095999989658594,4,4,0,0,40,0,0,40,1.5
826,40,0,0,1,9.216000325977802,4,4,0,4,36,0,0,40,293.279
826,40,0,1,1,80.89599758386612,4,4,0,4,36,0,0,40,293.279
826,40,0,2,1,9.216000325977802,4,4,0,4,36,0,0,40,293.279
826,40,0,3,1,190.46400487422943,4,4,0,4,36,0,0,40,293.279
827,2,0,0,0,14.336000196635723,4,4,0,0,40,0,0,40,1.7
827,2,0,1,0,83.96799862384796,4,4,0,0,40,0,0,40,1.7
827,2,0,2,0,9.216000325977802,4,4,0,0,40,0,0,40,1.7
827,2,0,3,0,5.119999870657921,4,4,0,0,40,0,0,40,1.7
827,24,0,0,0,8.191999979317188,4,4,0,2,38,0,0,40,98.95
827,24,0,1,0,71.68000191450119,4,4,0,2,38,0,0,40,98.95
827,24,0,2,0,10.239999741315842,4,4,0,2,38,0,0,40,98.95
827,24,0,3,0,5.119999870657921,4,4,0,2,38,0,0,40,98.95
827,40,0,0,1,10.239999741315842,4,4,0,1,39,0,0,40,57.79
827,40,0,1,1,64.51199948787689,4,4,0,1,39,0,0,40,57.79
827,40,0,2,1,9.216000325977802,4,4,0,1,39,0,0,40,57.79
827,40,0,3,1,4.095999989658594,4,4,0,1,39,0,0,40,57.79
828,2,0,0,0,9.216000325977802,4,4,0,1,39,0,0,40,61.8
828,2,0,1,0,63.48799914121628,4,4,0,1,39,0,0,40,61.8
828,2,0,2,0,8.191999979317188,4,4,0,1,39,0,0,40,61.8
828,2,0,3,0,6.144000217318535,4,4,0,1,39,0,0,40,61.8
828,24,0,0,0,9.216000325977802,4,4,0,0,40,0,0,40,1.59
828,24,0,1,0,80.89599758386612,4,4,0,0,40,0,0,40,1.59
828,24,0,2,0,8.191999979317188,4,4,0,0,40,0,0,40,1.59
828,24,0,3,0,3.0720001086592674,4,4,0,0,40,0,0,40,1.59
828,40,0,0,1,8.191999979317188,4,4,0,0,40,0,0,40,1.47
828,40,0,1,1,75.77600330114365,4,4,0,0,40,0,0,40,1.47
828,40,0,2,1,9.216000325977802,4,4,0,0,40,0,0,40,1.47
828,40,0,3,1,4.095999989658594,4,4,0,0,40,0,0,40,1.47
829,2,0,0,0,8.191999979317188,4,4,0,2,38,0,0,40,99.18
829,2,0,1,0,66.56000018119812,4,4,0,2,38,0,0,40,99.18
829,2,0,2,0,9.216000325977802,4,4,0,2,38,0,0,40,99.18
829,2,0,3,0,19.45599913597107,4,4,0,2,38,0,0,40,99.18
829,24,0,0,0,8.191999979317188,4,4,0,0,40,0,0,40,1.55
829,24,0,1,0,77.82399654388428,4,4,0,0,40,0,0,40,1.55
829,24,0,2,0,9.216000325977802,4,4,0,0,40,0,0,40,1.55
829,24,0,3,0,4.095999989658594,4,4,0,0,40,0,0,40,1.55
829,40,0,0,1,9.216000325977802,4,4,0,1,39,0,0,40,69.769
829,40,0,1,1,89.08800035715103,4,4,0,1,39,0,0,40,69.769
829,40,0,2,1,9.216000325977802,4,4,0,1,39,0,0,40,69.769
829,40,0,3,1,4.095999989658594,4,4,0,1,39,0,0,40,69.769
830,2,0,0,0,15.359999611973763,4,4,0,0,40,0,0,40,1.71
830,2,0,1,0,82.94399827718735,4,4,0,0,40,0,0,40,1.71
830,2,0,2,0,8.191999979317188,4,4,0,0,40,0,0,40,1.71
830,2,0,3,0,5.119999870657921,4,4,0,0,40,0,0,40,1.71
830,24,0,0,0,9.216000325977802,4,4,0,0,40,0,0,40,2.7
830,24,0,1,0,84.99199897050858,4,4,0,0,40,0,0,40,2.7
830,24,0,2,0,9.216000325977802,4,4,0,0,40,0,0,40,2.7
830,24,0,3,0,4.095999989658594,4,4,0,0,40,0,0,40,2.7
830,40,0,0,1,9.216000325977802,4,4,0,2,38,0,0,40,116.249
830,40,0,1,1,97.28000313043594,4,4,0,2,38,0,0,40,116.249
830,40,0,2,1,9.216000325977802,4,4,0,2,38,0,0,40,116.249
830,40,0,3,1,5.119999870657921,4,4,0,2,38,0,0,40,116.249
831,2,0,0,0,15.359999611973763,4,4,0,0,40,0,0,40,1.729
831,2,0,1,0,80.89599758386612,4,4,0,0,40,0,0,40,1.729
831,2,0,2,0,8.191999979317188,4,4,0,0,40,0,0,40,1.729
831,2,0,3,0,5.119999870657921,4,4,0,0,40,0,0,40,1.729
831,24,0,0,0,9.216000325977802,4,4,0,0,40,0,0,40,1.4
831,24,0,1,0,67.58400052785873,4,4,0,0,40,0,0,40,1.4
831,24,0,2,0,8.191999979317188,4,4,0,0,40,0,0,40,1.4
831,24,0,3,0,4.095999989658594,4,4,0,0,40,0,0,40,1.4
831,40,0,0,1,9.216000325977802,4,4,0,0,40,0,0,40,2.829
831,40,0,1,1,70.65600156784058,4,4,0,0,40,0,0,40,2.829
831,40,0,2,1,9.216000325977802,4,4,0,0,40,0,0,40,2.829
831,40,0,3,1,4.095999989658594,4,4,0,0,40,0,0,40,2.829
832,2,0,0,0,8.191999979317188,4,4,0,2,38,0,0,40,56.73
832,2,0,1,0,71.68000191450119,4,4,0,2,38,0,0,40,56.73
832,2,0,2,0,9.216000325977802,4,4,0,2,38,0,0,40,56.73
832,2,0,3,0,5.119999870657921,4,4,0,2,38,0,0,40,56.73
832,24,0,0,0,9.216000325977802,4,4,0,4,36,0,0,40,188.739
832,24,0,1,0,63.48799914121628,4,4,0,4,36,0,0,40,188.739
832,24,0,2,0,9.216000325977802,4,4,0,4,36,0,0,40,188.739
832,24,0,3,0,109.56799983978271,4,4,0,4,36,0,0,40,188.739
832,40,0,0,1,9.216000325977802,4,4,0,2,38,0,0,40,120.36
832,40,0,1,1,77.82399654388428,4,4,0,2,38,0,0,40,120.36
832,40,0,2,1,9.216000325977802,4,4,0,2,38,0,0,40,120.36
832,40,0,3,1,22.52800017595291,4,4,0,2,38,0,0,40,120.36
833,2,0,0,0,8.191999979317188,4,4,0,1,39,0,0,40,61.94
833,2,0,1,0,76.80000364780426,4,4,0,1,39,0,0,40,61.94
833,2,0,2,0,9.216000325977802,4,4,0,1,39,0,0,40,61.94
833,2,0,3,0,6.144000217318535,4,4,0,1,39,0,0,40,61.94
833,24,0,0,0,322.56001234054565,4,4,0,1,39,0,0,40,46.86
833,24,0,1,0,72.7040022611618,4,4,0,1,39,0,0,40,46.86
833,24,0,2,0,8.191999979317188,4,4,0,1,39,0,0,40,46.86
833,24,0,3,0,4.095999989658594,4,4,0,1,39,0,0,40,46.86
833,40,0,0,1,18.432000651955605,4,4,0,0,40,0,0,40,1.96
833,40,0,1,1,59.39200147986412,4,4,0,0,40,0,0,40,1.96
833,40,0,2,1,9.216000325977802,4,4,0,0,40,0,0,40,1.96
833,40,0,3,1,4.095999989658594,4,4,0,0,40,0,0,40,1.96
834,2,0,0,0,9.216000325977802,4,4,0,0,40,0,0,40,3.28
834,2,0,1,0,78.84799689054489,4,4,0,0,40,0,0,40,3.28
834,2,0,2,0,9.216000325977802,4,4,0,0,40,0,0,40,3.28
834,2,0,3,0,5.119999870657921,4,4,0,0,40,0,0,40,3.28
834,24,0,0,0,8.191999979317188,4,4,0,0,40,0,0,40,3.14
834,24,0,1,0,62.463998794555664,4,4,0,0,40,0,0,40,3.14
834,24,0,2,0,8.191999979317188,4,4,0,0,40,0,0,40,3.14
834,24,0,3,0,4.095999989658594,4,4,0,0,40,0,0,40,3.14
834,40,0,0,1,9.216000325977802,4,4,0,0,40,0,0,40,1.82
834,40,0,1,1,65.5359998345375,4,4,0,0,40,0,0,40,1.82
834,40,0,2,1,9.216000325977802,4,4,0,0,40,0,0,40,1.82
834,40,0,3,1,4.095999989658594,4,4,0,0,40,0,0,40,1.82
835,2,0,0,0,8.191999979317188,4,4,0,1,39,0,0,40,69.989
835,2,0,1,0,74.75200295448303,4,4,0,1,39,0,0,40,69.989
835,2,0,2,0,9.216000325977802,4,4,0,1,39,0,0,40,69.989
835,2,0,3,0,5.119999870657921,4,4,0,1,39,0,0,40,69.989
835,24,0,0,0,9.216000325977802,4,4,0,0,40,0,0,40,1.79
835,24,0,1,0,77.82399654388428,4,4,0,0,40,0,0,40,1.79
835,24,0,2,0,9.216000325977802,4,4,0,0,40,0,0,40,1.79
835,24,0,3,0,4.095999989658594,4,4,0,0,40,0,0,40,1.79
835,40,0,0,1,9.216000325977802,4,4,0,1,39,0,0,40,78.58
835,40,0,1,1,74.75200295448303,4,4,0,1,39,0,0,40,78.58
835,40,0,2,1,9.216000325977802,4,4,0,1,39,0,0,40,78.58
835,40,0,3,1,3.0720001086592674,4,4,0,1,39,0,0,40,78.58
836,2,0,0,0,9.216000325977802,4,4,0,3,37,0,0,40,155.279
836,2,0,1,0,72.7040022611618,4,4,0,3,37,0,0,40,155.279
836,2,0,2,0,9.216000325977802,4,4,0,3,37,0,0,40,155.279
836,2,0,3,0,62.463998794555664,4,4,0,3,37,0,0,40,155.279
836,24,0,0,0,181.2479943037033,4,4,0,2,38,0,0,40,116.289
836,24,0,1,0,72.7040022611618,4,4,0,2,38,0,0,40,116.289
836,24,0,2,0,10.239999741315842,4,4,0,2,38,0,0,40,116.289
836,24,0,3,0,35.840000957250595,4,4,0,2,38,0,0,40,116.289
836,40,0,0,1,9.216000325977802,4,4,0,0,40,0,0,40,1.91
836,40,0,1,1,84.99199897050858,4,4,0,0,40,0,0,40,1.91
836,40,0,2,1,9.216000325977802,4,4,0,0,40,0,0,40,1.91
836,40,0,3,1,4.095999989658594,4,4,0,0,40,0,0,40,1.91
837,2,0,0,0,146.43199741840363,3,3,0,0,30,0,0,30,2.18
837,2,0,1,0,66.56000018119812,3,3,0,0,30,0,0,30,2.18
837,2,0,2,0,9.216000325977802,3,3,0,0,30,0,0,30,2.18
837,2,0,3,0,5.119999870657921,3,3,0,0,30,0,0,30,2.18
837,24,0,0,0,16.383999958634377,3,3,0,3,27,0,0,30,246.579
837,24,0,1,0,58.36800113320351,3,3,0,3,27,0,0,30,246.579
837,24,0,2,0,9.216000325977802,3,3,0,3,27,0,0,30,246.579
837,24,0,3,0,155.64799308776855,3,3,0,3,27,0,0,30,246.579
837,40,0,0,1,8.191999979317188,3,3,0,0,30,0,0,30,1.27
837,40,0,1,1,78.84799689054489,3,3,0,0,30,0,0,30,1.27
837,40,0,2,1,9.216000325977802,3,3,0,0,30,0,0,30,1.27
837,40,0,3,1,4.095999989658594,3,3,0,0,30,0,0,30,1.27
838,2,0,0,0,14.336000196635723,4,4,0,0,40,0,0,40,1.71
838,2,0,1,0,73.72800260782242,4,4,0,0,40,0,0,40,1.71
838,2,0,2,0,9.216000325977802,4,4,0,0,40,0,0,40,1.71
838,2,0,3,0,5.119999870657921,4,4,0,0,40,0,0,40,1.71
838,24,0,0,0,2201.6000747680664,4,4,0,0,40,0,0,40,3.48
838,24,0,1,0,69.63200122117996,4,4,0,0,40,0,0,40,3.48
838,24,0,2,0,9.216000325977802,4,4,0,0,40,0,0,40,3.48
838,24,0,3,0,4.095999989658594,4,4,0,0,40,0,0,40,3.48
838,40,0,0,1,15.359999611973763,4,4,0,2,38,0,0,40,115.949
838,40,0,1,1,67.58400052785873,4,4,0,2,38,0,0,40,115.949
838,40,0,2,1,9.216000325977802,4,4,0,2,38,0,0,40,115.949
838,40,0,3,1,20.479999482631683,4,4,0,2,38,0,0,40,115.949
839,2,0,0,0,15.359999611973763,4,4,0,0,40,0,0,40,1.58
839,2,0,1,0,58.36800113320351,4,4,0,0,40,0,0,40,1.58
839,2,0,2,0,8.191999979317188,4,4,0,0,40,0,0,40,1.58
839,2,0,3,0,6.144000217318535,4,4,0,0,40,0,0,40,1.58
839,24,0,0,0,8.191999979317188,4,4,0,0,40,0,0,40,1.429
839,24,0,1,0,78.84799689054489,4,4,0,0,40,0,0,40,1.429
839,24,0,2,0,9.216000325977802,4,4,0,0,40,0,0,40,1.429
839,24,0,3,0,4.095999989658594,4,4,0,0,40,0,0,40,1.429
839,40,0,0,1,9.216000325977802,4,4,0,0,40,0,0,40,1.96
839,40,0,1,1,60.416001826524734,4,4,0,0,40,0,0,40,1.96
839,40,0,2,1,9.216000325977802,4,4,0,0,40,0,0,40,1.96
839,40,0,3,1,4.095999989658594,4,4,0,0,40,0,0,40,1.96
840,2,0,0,0,9.216000325977802,4,4,0,2,38,0,0,40,91.529
840,2,0,1,0,73.72800260782242,4,4,0,2,38,0,0,40,91.529
840,2,0,2,0,9.216000325977802,4,4,0,2,38,0,0,40,91.529
840,2,0,3,0,5.119999870657921,4,4,0,2,38,0,0,40,91.529
840,24,0,0,0,7.168000098317862,4,4,0,0,40,0,0,40,1.36
840,24,0,1,0,63.48799914121628,4,4,0,0,40,0,0,40,1.36
840,24,0,2,0,9.216000325977802,4,4,0,0,40,0,0,40,1.36
840,24,0,3,0,4.095999989658594,4,4,0,0,40,0,0,40,1.36
840,40,0,0,1,9.216000325977802,4,4,0,0,40,0,0,40,1.56
840,40,0,1,1,71.68000191450119,4,4,0,0,40,0,0,40,1.56
840,40,0,2,1,9.216000325977802,4,4,0,0,40,0,0,40,1.56
840,40,0,3,1,4.095999989658594,4,4,0,0,40,0,0,40,1.56
841,2,0,0,0,14.336000196635723,4,4,0,0,40,0,0,40,1.84
841,2,0,1,0,82.94399827718735,4,4,0,0,40,0,0,40,1.84
841,2,0,2,0,8.191999979317188,4,4,0,0,40,0,0,40,1.84
841,2,0,3,0,5.119999870657921,4,4,0,0,40,0,0,40,1.84
841,24,0,0,0,9.216000325977802,4,4,0,1,39,0,0,40,64.559
841,24,0,1,0,73.72800260782242,4,4,0,1,39,0,0,40,64.559
841,24,0,2,0,9.216000325977802,4,4,0,1,39,0,0,40,64.559
841,24,0,3,0,4.095999989658594,4,4,0,1,39,0,0,40,64.559
841,40,0,0,1,9.216000325977802,4,4,0,1,39,0,0,40,74.42
841,40,0,1,1,70.65600156784058,4,4,0,1,39,0,0,40,74.42
841,40,0,2,1,8.191999979317188,4,4,0,1,39,0,0,40,74.42
841,40,0,3,1,4.095999989658594,4,4,0,1,39,0,0,40,74.42
842,2,0,0,0,15.359999611973763,4,4,0,5,34,1,0,40,512.409
842,2,0,1,0,60.416001826524734,4,4,0,5,34,1,0,40,512.409
842,2,0,2,0,167.93599724769592,4,4,0,5,34,1,0,40,512.409
842,2,0,3,0,265.21599292755127,4,4,0,5,34,1,0,40,512.409
842,24,0,0,0,8.191999979317188,4,4,0,2,38,0,0,40,92.539
842,24,0,1,0,68.60800087451935,4,4,0,2,38,0,0,40,92.539
842,24,0,2,0,9.216000325977802,4,4,0,2,38,0,0,40,92.539
842,24,0,3,0,4.095999989658594,4,4,0,2,38,0,0,40,92.539
842,40,0,0,1,9.216000325977802,4,4,0,1,39,0,0,40,67.981
842,40,0,1,1,60.416001826524734,4,4,0,1,39,0,0,40,67.981
842,40,0,2,1,9.216000325977802,4,4,0,1,39,0,0,40,67.981
842,40,0,3,1,5.119999870657921,4,4,0,1,39,0,0,40,67.981
843,2,0,0,0,14.336000196635723,4,4,0,0,40,0,0,40,3.611
843,2,0,1,0,74.75200295448303,4,4,0,0,40,0,0,40,3.611
843,2,0,2,0,9.216000325977802,4,4,0,0,40,0,0,40,3.611
843,2,0,3,0,5.119999870657921,4,4,0,0,40,0,0,40,3.611
843,24,0,0,0,8.191999979317188,4,4,0,0,40,0,0,40,1.5
843,24,0,1,0,69.63200122117996,4,4,0,0,40,0,0,40,1.5
843,24,0,2,0,9.216000325977802,4,4,0,0,40,0,0,40,1.5
843,24,0,3,0,4.095999989658594,4,4,0,0,40,0,0,40,1.5
843,40,0,0,1,8.191999979317188,4,4,0,1,39,0,0,40,92.749
843,40,0,1,1,52.22399905323982,4,4,0,1,39,0,0,40,92.749
843,40,0,2,1,9.216000325977802,4,4,0,1,39,0,0,40,92.749
843,40,0,3,1,18.432000651955605,4,4,0,1,39,0,0,40,92.749
844,2,0,0,0,1309.6959590911865,4,4,0,0,40,0,0,40,3.99
844,2,0,1,0,72.7040022611618,4,4,0,0,40,0,0,40,3.99
844,2,0,2,0,9.216000325977802,4,4,0,0,40,0,0,40,3.99
844,2,0,3,0,5.119999870657921,4,4,0,0,40,0,0,40,3.99
844,24,0,0,0,8.191999979317188,4,4,0,0,40,0,0,40,1.52
844,24,0,1,0,65.5359998345375,4,4,0,0,40,0,0,40,1.52
844,24,0,2,0,9.216000325977802,4,4,0,0,40,0,0,40,1.52
844,24,0,3,0,4.095999989658594,4,4,0,0,40,0,0,40,1.52
844,40,0,0,1,9.216000325977802,4,4,0,2,38,0,0,40,84.29
844,40,0,1,1,62.463998794555664,4,4,0,2,38,0,0,40,84.29
844,40,0,2,1,8.191999979317188,4,4,0,2,38,0,0,40,84.29
844,40,0,3,1,4.095999989658594,4,4,0,2,38,0,0,40,84.29
845,2,0,0,0,14.336000196635723,4,4,0,1,39,0,0,40,73.379
845,2,0,1,0,71.68000191450119,4,4,0,1,39,0,0,40,73.379
845,2,0,2,0,9.216000325977802,4,4,0,1,39,0,0,40,73.379
845,2,0,3,0,5.119999870657921,4,4,0,1,39,0,0,40,73.379
845,24,0,0,0,9.216000325977802,4,4,0,0,40,0,0,40,1.749
845,24,0,1,0,67.58400052785873,4,4,0,0,40,0,0,40,1.749
845,24,0,2,0,9.216000325977802,4,4,0,0,40,0,0,40,1.749
845,24,0,3,0,4.095999989658594,4,4,0,0,40,0,0,40,1.749
845,40,0,0,1,16.383999958634377,4,4,0,1,39,0,0,40,74.72
845,40,0,1,1,61.43999844789505,4,4,0,1,39,0,0,40,74.72
845,40,0,2,1,9.216000325977802,4,4,0,1,39,0,0,40,74.72
845,40,0,3,1,4.095999989658594,4,4,0,1,39,0,0,40,74.72
846,2,0,0,0,14.336000196635723,4,4,0,0,40,0,0,40,1.74
846,2,0,1,0,68.60800087451935,4,4,0,0,40,0,0,40,1.74
846,2,0,2,0,8.191999979317188,4,4,0,0,40,0,0,40,1.74
846,2,0,3,0,5.119999870657921,4,4,0,0,40,0,0,40,1.74
846,24,0,0,0,9.216000325977802,4,4,0,1,39,0,0,40,67.76
846,24,0,1,0,59.39200147986412,4,4,0,1,39,0,0,40,67.76
846,24,0,2,0,8.191999979317188,4,4,0,1,39,0,0,40,67.76
846,24,0,3,0,4.095999989658594,4,4,0,1,39,0,0,40,67.76
846,40,0,0,1,8.191999979317188,4,4,0,0,40,0,0,40,1.38
846,40,0,1,1,59.39200147986412,4,4,0,0,40,0,0,40,1.38
846,40,0,2,1,9.216000325977802,4,4,0,0,40,0,0,40,1.38
846,40,0,3,1,4.095999989658594,4,4,0,0,40,0,0,40,1.38
847,2,0,0,0,15.359999611973763,4,4,0,0,40,0,0,40,1.691
847,2,0,1,0,82.94399827718735,4,4,0,0,40,0,0,40,1.691
847,2,0,2,0,9.216000325977802,4,4,0,0,40,0,0,40,1.691
847,2,0,3,0,5.119999870657921,4,4,0,0,40,0,0,40,1.691
847,24,0,0,0,8.191999979317188,4,4,0,1,39,0,0,40,52.399
847,24,0,1,0,66.56000018119812,4,4,0,1,39,0,0,40,52.399
847,24,0,2,0,9.216000325977802,4,4,0,1,39,0,0,40,52.399
847,24,0,3,0,4.095999989658594,4,4,0,1,39,0,0,40,52.399
847,40,0,0,1,9.216000325977802,4,4,0,0,40,0,0,40,1.3
847,40,0,1,1,52.22399905323982,4,4,0,0,40,0,0,40,1.3
847,40,0,2,1,9.216000325977802,4,4,0,0,40,0,0,40,1.3
847,40,0,3,1,4.095999989658594,4,4,0,0,40,0,0,40,1.3
848,2,0,0,0,8.191999979317188,4,4,0,2,38,0,0,40,98.539
848,2,0,1,0,77.82399654388428,4,4,0,2,38,0,0,40,98.539
848,2,0,2,0,9.216000325977802,4,4,0,2,38,0,0,40,98.539
848,2,0,3,0,5.119999870657921,4,4,0,2,38,0,0,40,98.539
848,24,0,0,0,9.216000325977802,4,4,0,0,40,0,0,40,1.86
848,24,0,1,0,65.5359998345375,4,4,0,0,40,0,0,40,1.86
848,24,0,2,0,9.216000325977802,4,4,0,0,40,0,0,40,1.86
848,24,0,3,0,4.095999989658594,4,4,0,0,40,0,0,40,1.86
848,40,0,0,1,9.216000325977802,4,4,0,0,40,0,0,40,1.42
848,40,0,1,1,68.60800087451935,4,4,0,0,40,0,0,40,1.42
848,40,0,2,1,9.216000325977802,4,4,0,0,40,0,0,40,1.42
848,40,0,3,1,4.095999989658594,4,4,0,0,40,0,0,40,1.42
849,2,0,0,0,15.359999611973763,4,4,0,0,40,0,0,40,1.769
849,2,0,1,0,83.96799862384796,4,4,0,0,40,0,0,40,1.769
849,2,0,2,0,9.216000325977802,4,4,0,0,40,0,0,40,1.769
849,2,0,3,0,5.119999870657921,4,4,0,0,40,0,0,40,1.769
849,24,0,0,0,1012.7359628677368,4,4,0,0,40,0,0,40,3.509
849,24,0,1,0,72.7040022611618,4,4,0,0,40,0,0,40,3.509
849,24,0,2,0,8.191999979317188,4,4,0,0,40,0,0,40,3.509
849,24,0,3,0,4.095999989658594,4,4,0,0,40,0,0,40,3.509
849,40,0,0,1,9.216000325977802,4,4,0,0,40,0,0,40,1.509
849,40,0,1,1,71.68000191450119,4,4,0,0,40,0,0,40,1.509
849,40,0,2,1,9.216000325977802,4,4,0,0,40,0,0,40,1.509
849,40,0,3,1,4.095999989658594,4,4,0,0,40,0,0,40,1.509
850,2,0,0,0,10.239999741315842,4,4,0,3,36,1,0,40,2728.489
850,2,0,1,0,78.84799689054489,4,4,0,3,36,1,0,40,2728.489
850,2,0,2,0,162.81600296497345,4,4,0,3,36,1,0,40,2728.489
850,2,0,3,0,2473.9840030670166,4,4,0,3,36,1,0,40,2728.489
850,24,0,0,0,8.191999979317188,4,4,0,3,37,0,0,40,187.17
850,24,0,1,0,65.5359998345375,4,4,0,3,37,0,0,40,187.17
850,24,0,2,0,8.191999979317188,4,4,0,3,37,0,0,40,187.17
850,24,0,3,0,100.35199671983719,4,4,0,3,37,0,0,40,187.17
850,40,0,0,1,9.216000325977802,4,4,0,3,37,0,0,40,128.591
850,40,0,1,1,72.7040022611618,4,4,0,3,37,0,0,40,128.591
850,40,0,2,1,9.216000325977802,4,4,0,3,37,0,0,40,128.591
850,40,0,3,1,34.81600061058998,4,4,0,3,37,0,0,40,128.591
851,2,0,0,0,10.239999741315842,4,4,0,3,37,0,0,40,178.889
851,2,0,1,0,75.77600330114365,4,4,0,3,37,0,0,40,178.889
851,2,0,2,0,9.216000325977802,4,4,0,3,37,0,0,40,178.889
851,2,0,3,0,80.89599758386612,4,4,0,3,37,0,0,40,178.889
851,24,0,0,0,9.216000325977802,4,4,0,3,36,1,0,40,148.879
851,24,0,1,0,73.72800260782242,4,4,0,3,36,1,0,40,148.879
851,24,0,2,0,168.96000504493713,4,4,0,3,36,1,0,40,148.879
851,24,0,3,0,5.119999870657921,4,4,0,3,36,1,0,40,148.879
851,40,0,0,1,9.216000325977802,4,4,0,2,38,0,0,40,117.89
851,40,0,1,1,75.77600330114365,4,4,0,2,38,0,0,40,117.89
851,40,0,2,1,10.239999741315842,4,4,0,2,38,0,0,40,117.89
851,40,0,3,1,19.45599913597107,4,4,0,2,38,0,0,40,117.89
852,2,0,0,0,8.191999979317188,4,4,0,1,39,0,0,40,74.87
852,2,0,1,0,84.99199897050858,4,4,0,1,39,0,0,40,74.87
852,2,0,2,0,9.216000325977802,4,4,0,1,39,0,0,40,74.87
852,2,0,3,0,5.119999870657921,4,4,0,1,39,0,0,40,74.87
852,24,0,0,0,8.191999979317188,4,4,0,6,33,1,0,40,272.749
852,24,0,1,0,74.75200295448303,4,4,0,6,33,1,0,40,272.749
852,24,0,2,0,163.83999586105347,4,4,0,6,33,1,0,40,272.749
852,24,0,3,0,20.479999482631683,4,4,0,6,33,1,0,40,272.749
852,40,0,0,1,9.216000325977802,4,4,0,2,38,0,0,40,121.78
852,40,0,1,1,71.68000191450119,4,4,0,2,38,0,0,40,121.78
852,40,0,2,1,9.216000325977802,4,4,0,2,38,0,0,40,121.78
852,40,0,3,1,28.672000393271446,4,4,0,2,38,0,0,40,121.78
853,2,0,0,0,8.191999979317188,4,4,0,1,39,0,0,40,69.28
853,2,0,1,0,70.65600156784058,4,4,0,1,39,0,0,40,69.28
853,2,0,2,0,9.216000325977802,4,4,0,1,39,0,0,40,69.28
853,2,0,3,0,5.119999870657921,4,4,0,1,39,0,0,40,69.28
853,24,0,0,0,8.191999979317188,4,4,0,0,40,0,0,40,1.45
853,24,0,1,0,67.58400052785873,4,4,0,0,40,0,0,40,1.45
853,24,0,2,0,8.191999979317188,4,4,0,0,40,0,0,40,1.45
853,24,0,3,0,4.095999989658594,4,4,0,0,40,0,0,40,1.45
853,40,0,0,1,16.383999958634377,4,4,0,1,39,0,0,40,104.059
853,40,0,1,1,62.463998794555664,4,4,0,1,39,0,0,40,104.059
853,40,0,2,1,9.216000325977802,4,4,0,1,39,0,0,40,104.059
853,40,0,3,1,12.28800043463707,4,4,0,1,39,0,0,40,104.059
854,2,0,0,0,14.336000196635723,4,4,0,0,40,0,0,40,1.52
854,2,0,1,0,74.75200295448303,4,4,0,0,40,0,0,40,1.52
854,2,0,2,0,8.191999979317188,4,4,0,0,40,0,0,40,1.52
854,2,0,3,0,5.119999870657921,4,4,0,0,40,0,0,40,1.52
854,24,0,0,0,9.216000325977802,4,4,0,0,40,0,0,40,1.34
854,24,0,1,0,68.60800087451935,4,4,0,0,40,0,0,40,1.34
854,24,0,2,0,9.216000325977802,4,4,0,0,40,0,0,40,1.34
854,24,0,3,0,4.095999989658594,4,4,0,0,40,0,0,40,1.34
854,40,0,0,1,2888.7040615081787,4,4,0,1,39,0,0,40,84.41
854,40,0,1,1,66.56000018119812,4,4,0,1,39,0,0,40,84.41
854,40,0,2,1,8.191999979317188,4,4,0,1,39,0,0,40,84.41
854,40,0,3,1,4.095999989658594,4,4,0,1,39,0,0,40,84.41
855,2,0,0,0,14.336000196635723,4,4,0,0,40,0,0,40,1.92
855,2,0,1,0,87.0399996638298,4,4,0,0,40,0,0,40,1.92
855,2,0,2,0,13.311999849975109,4,4,0,0,40,0,0,40,1.92
855,2,0,3,0,5.119999870657921,4,4,0,0,40,0,0,40,1.92
855,24,0,0,0,8.191999979317188,4,4,0,1,39,0,0,40,68.169
855,24,0,1,0,71.68000191450119,4,4,0,1,39,0,0,40,68.169
855,24,0,2,0,9.216000325977802,4,4,0,1,39,0,0,40,68.169
855,24,0,3,0,4.095999989658594,4,4,0,1,39,0,0,40,68.169
855,40,0,0,1,9.216000325977802,4,4,0,0,40,0,0,40,3.25
855,40,0,1,1,84.99199897050858,4,4,0,0,40,0,0,40,3.25
855,40,0,2,1,9.216000325977802,4,4,0,0,40,0,0,40,3.25
855,40,0,3,1,5.119999870657921,4,4,0,0,40,0,0,40,3.25
856,2,0,0,0,15.359999611973763,2,2,0,0,20,0,0,20,1.34
856,2,0,1,0,53.247999399900436,2,2,0,0,20,0,0,20,1.34
856,2,0,2,0,8.191999979317188,2,2,0,0,20,0,0,20,1.34
856,2,0,3,0,5.119999870657921,2,2,0,0,20,0,0,20,1.34
856,24,0,0,0,3185.663938522339,2,2,0,0,20,0,0,20,1.32
856,24,0,1,0,43.007999658584595,2,2,0,0,20,0,0,20,1.32
856,24,0,2,0,9.216000325977802,2,2,0,0,20,0,0,20,1.32
856,24,0,3,0,4.095999989658594,2,2,0,0,20,0,0,20,1.32
856,40,0,0,1,9.216000325977802,2,2,0,0,20,0,0,20,0.67
856,40,0,1,1,48.128001391887665,2,2,0,0,20,0,0,20,0.67
856,40,0,2,1,9.216000325977802,2,2,0,0,20,0,0,20,0.67
856,40,0,3,1,4.095999989658594,2,2,0,0,20,0,0,20,0.67
857,2,0,0,0,8.191999979317188,4,4,0,2,38,0,0,40,128.58
857,2,0,1,0,87.0399996638298,4,4,0,2,38,0,0,40,128.58
857,2,0,2,0,9.216000325977802,4,4,0,2,38,0,0,40,128.58
857,2,0,3,0,21.503999829292297,4,4,0,2,38,0,0,40,128.58
857,24,0,0,0,8.191999979317188,4,4,0,0,40,0,0,40,1.73
857,24,0,1,0,73.72800260782242,4,4,0,0,40,0,0,40,1.73
857,24,0,2,0,9.216000325977802,4,4,0,0,40,0,0,40,1.73
857,24,0,3,0,4.095999989658594,4,4,0,0,40,0,0,40,1.73
857,40,0,0,1,8.191999979317188,4,4,0,1,39,0,0,40,81.58
857,40,0,1,1,76.80000364780426,4,4,0,1,39,0,0,40,81.58
857,40,0,2,1,9.216000325977802,4,4,0,1,39,0,0,40,81.58
857,40,0,3,1,4.095999989658594,4,4,0,1,39,0,0,40,81.58
858,2,0,0,0,14.336000196635723,4,4,0,0,40,0,0,40,1.851
858,2,0,1,0,80.89599758386612,4,4,0,0,40,0,0,40,1.851
858,2,0,2,0,9.216000325977802,4,4,0,0,40,0,0,40,1.851
858,2,0,3,0,7.168000098317862,4,4,0,0,40,0,0,40,1.851
858,24,0,0,0,9.216000325977802,4,4,0,0,40,0,0,40,1.951
858,24,0,1,0,60.416001826524734,4,4,0,0,40,0,0,40,1.951
858,24,0,2,0,9.216000325977802,4,4,0,0,40,0,0,40,1.951
858,24,0,3,0,4.095999989658594,4,4,0,0,40,0,0,40,1.951
858,40,0,0,1,9.216000325977802,4,4,0,0,40,0,0,40,1.49
858,40,0,1,1,83.96799862384796,4,4,0,0,40,0,0,40,1.49
858,40,0,2,1,9.216000325977802,4,4,0,0,40,0,0,40,1.49
858,40,0,3,1,4.095999989658594,4,4,0,0,40,0,0,40,1.49
859,2,0,0,0,8.191999979317188,4,4,0,1,39,0,0,40,2424.112
859,2,0,1,0,71.68000191450119,4,4,0,1,39,0,0,40,2424.112
859,2,0,2,0,9.216000325977802,4,4,0,1,39,0,0,40,2424.112
859,2,0,3,0,2331.648111343384,4,4,0,1,39,0,0,40,2424.112
859,24,0,0,0,8.191999979317188,4,4,0,0,40,0,0,40,1.84
859,24,0,1,0,68.60800087451935,4,4,0,0,40,0,0,40,1.84
859,24,0,2,0,9.216000325977802,4,4,0,0,40,0,0,40,1.84
859,24,0,3,0,4.095999989658594,4,4,0,0,40,0,0,40,1.84
859,40,0,0,1,9.216000325977802,4,4,0,1,39,0,0,40,79.32
859,40,0,1,1,75.77600330114365,4,4,0,1,39,0,0,40,79.32
859,40,0,2,1,9.216000325977802,4,4,0,1,39,0,0,40,79.32
859,40,0,3,1,4.095999989658594,4,4,0,1,39,0,0,40,79.32
860,2,0,0,0,8.191999979317188,4,4,0,3,37,0,0,40,148.219
860,2,0,1,0,80.89599758386612,4,4,0,3,37,0,0,40,148.219
860,2,0,2,0,9.216000325977802,4,4,0,3,37,0,0,40,148.219
860,2,0,3,0,47.10400104522705,4,4,0,3,37,0,0,40,148.219
860,24,0,0,0,7.168000098317862,4,4,0,0,40,0,0,40,3.29
860,24,0,1,0,69.63200122117996,4,4,0,0,40,0,0,40,3.29
860,24,0,2,0,9.216000325977802,4,4,0,0,40,0,0,40,3.29
860,24,0,3,0,4.095999989658594,4,4,0,0,40,0,0,40,3.29
860,40,0,0,1,10.239999741315842,4,4,0,0,40,0,0,40,2.97
860,40,0,1,1,81.91999793052673,4,4,0,0,40,0,0,40,2.97
860,40,0,2,1,9.216000325977802,4,4,0,0,40,0,0,40,2.97
860,40,0,3,1,4.095999989658594,4,4,0,0,40,0,0,40,2.97
861,2,0,0,0,16.383999958634377,4,4,0,2,38,0,0,40,99.419
861,2,0,1,0,81.91999793052673,4,4,0,2,38,0,0,40,99.419
861,2,0,2,0,9.216000325977802,4,4,0,2,38,0,0,40,99.419
861,2,0,3,0,6.144000217318535,4,4,0,2,38,0,0,40,99.419
861,24,0,0,0,9.216000325977802,4,4,0,3,37,0,0,40,154.13
861,24,0,1,0,69.63200122117996,4,4,0,3,37,0,0,40,154.13
861,24,0,2,0,10.239999741315842,4,4,0,3,37,0,0,40,154.13
861,24,0,3,0,62.463998794555664,4,4,0,3,37,0,0,40,154.13
861,40,0,0,1,9.216000325977802,4,4,0,1,39,0,0,40,94.049
861,40,0,1,1,68.60800087451935,4,4,0,1,39,0,0,40,94.049
861,40,0,2,1,9.216000325977802,4,4,0,1,39,0,0,40,94.049
861,40,0,3,1,4.095999989658594,4,4,0,1,39,0,0,40,94.049
862,2,0,0,0,15.359999611973763,2,2,0,0,20,0,0,20,0.831
862,2,0,1,0,41.98399931192398,2,2,0,0,20,0,0,20,0.831
862,2,0,2,0,9.216000325977802,2,2,0,0,20,0,0,20,0.831
862,2,0,3,0,5.119999870657921,2,2,0,0,20,0,0,20,0.831
862,24,0,0,0,9.216000325977802,2,2,0,1,19,0,0,20,55.18
862,24,0,1,0,50.175998359918594,2,2,0,1,19,0,0,20,55.18
862,24,0,2,0,9.216000325977802,2,2,0,1,19,0,0,20,55.18
862,24,0,3,0,4.095999989658594,2,2,0,1,19,0,0,20,55.18
862,40,0,0,1,2063.3599758148193,2,2,0,1,19,0,0,20,54.449
862,40,0,1,1,51.19999870657921,2,2,0,1,19,0,0,20,54.449
862,40,0,2,1,9.216000325977802,2,2,0,1,19,0,0,20,54.449
862,40,0,3,1,4.095999989658594,2,2,0,1,19,0,0,20,54.449
863,2,0,0,0,14.336000196635723,4,4,0,0,40,0,0,40,1.72
863,2,0,1,0,71.68000191450119,4,4,0,0,40,0,0,40,1.72
863,2,0,2,0,9.216000325977802,4,4,0,0,40,0,0,40,1.72
863,2,0,3,0,5.119999870657921,4,4,0,0,40,0,0,40,1.72
863,24,0,0,0,8.191999979317188,4,4,0,0,40,0,0,40,2.111
863,24,0,1,0,69.63200122117996,4,4,0,0,40,0,0,40,2.111
863,24,0,2,0,9.216000325977802,4,4,0,0,40,0,0,40,2.111
863,24,0,3,0,4.095999989658594,4,4,0,0,40,0,0,40,2.111
863,40,0,0,1,9.216000325977802,4,4,0,3,37,0,0,40,129.559
863,40,0,1,1,61.43999844789505,4,4,0,3,37,0,0,40,129.559
863,40,0,2,1,9.216000325977802,4,4,0,3,37,0,0,40,129.559
863,40,0,3,1,45.05600035190582,4,4,0,3,37,0,0,40,129.559
864,2,0,0,0,8.191999979317188,4,4,0,2,38,0,0,40,97.729
864,2,0,1,0,74.75200295448303,4,4,0,2,38,0,0,40,97.729
864,2,0,2,0,9.216000325977802,4,4,0,2,38,0,0,40,97.729
864,2,0,3,0,5.119999870657921,4,4,0,2,38,0,0,40,97.729
864,24,0,0,0,8.191999979317188,4,4,0,1,39,0,0,40,62.349
864,24,0,1,0,89.08800035715103,4,4,0,1,39,0,0,40,62.349
864,24,0,2,0,9.216000325977802,4,4,0,1,39,0,0,40,62.349
864,24,0,3,0,4.095999989658594,4,4,0,1,39,0,0,40,62.349
864,40,0,0,1,465.92000126838684,4,4,0,1,39,0,0,40,60.379
864,40,0,1,1,83.96799862384796,4,4,0,1,39,0,0,40,60.379
864,40,0,2,1,9.216000325977802,4,4,0,1,39,0,0,40,60.379
864,40,0,3,1,4.095999989658594,4,4,0,1,39,0,0,40,60.379
865,2,0,0,0,9.216000325977802,2,2,0,0,20,0,0,20,0.929
865,2,0,1,0,52.22399905323982,2,2,0,0,20,0,0,20,0.929
865,2,0,2,0,9.216000325977802,2,2,0,0,20,0,0,20,0.929
865,2,0,3,0,6.144000217318535,2,2,0,0,20,0,0,20,0.929
865,24,0,0,0,8.191999979317188,2,2,0,0,20,0,0,20,0.77
865,24,0,1,0,46.08000069856644,2,2,0,0,20,0,0,20,0.77
865,24,0,2,0,8.191999979317188,2,2,0,0,20,0,0,20,0.77
865,24,0,3,0,4.095999989658594,2,2,0,0,20,0,0,20,0.77
865,40,0,0,1,9.216000325977802,2,2,0,0,20,0,0,20,0.78
865,40,0,1,1,44.03200000524521,2,2,0,0,20,0,0,20,0.78
865,40,0,2,1,10.239999741315842,2,2,0,0,20,0,0,20,0.78
865,40,0,3,1,5.119999870657921,2,2,0,0,20,0,0,20,0.78
866,2,0,0,0,9.216000325977802,4,4,0,2,38,0,0,40,101.31
866,2,0,1,0,68.60800087451935,4,4,0,2,38,0,0,40,101.31
866,2,0,2,0,10.239999741315842,4,4,0,2,38,0,0,40,101.31
866,2,0,3,0,9.216000325977802,4,4,0,2,38,0,0,40,101.31
866,24,0,0,0,8.191999979317188,4,4,0,1,39,0,0,40,68.78
866,24,0,1,0,72.7040022611618,4,4,0,1,39,0,0,40,68.78
866,24,0,2,0,9.216000325977802,4,4,0,1,39,0,0,40,68.78
866,24,0,3,0,4.095999989658594,4,4,0,1,39,0,0,40,68.78
866,40,0,0,1,9.216000325977802,4,4,0,3,37,0,0,40,180.629
866,40,0,1,1,79.8719972372055,4,4,0,3,37,0,0,40,180.629
866,40,0,2,1,9.216000325977802,4,4,0,3,37,0,0,40,180.629
866,40,0,3,1,78.84799689054489,4,4,0,3,37,0,0,40,180.629
867,2,0,0,0,8.191999979317188,4,4,0,2,38,0,0,40,99.059
867,2,0,1,0,66.56000018119812,4,4,0,2,38,0,0,40,99.059
867,2,0,2,0,10.239999741315842,4,4,0,2,38,0,0,40,99.059
867,2,0,3,0,10.239999741315842,4,4,0,2,38,0,0,40,99.059
867,24,0,0,0,9.216000325977802,4,4,0,0,40,0,0,40,3.77
867,24,0,1,0,87.0399996638298,4,4,0,0,40,0,0,40,3.77
867,24,0,2,0,9.216000325977802,4,4,0,0,40,0,0,40,3.77
867,24,0,3,0,4.095999989658594,4,4,0,0,40,0,0,40,3.77
867,40,0,0,1,8.191999979317188,4,4,0,1,39,0,0,40,69.169
867,40,0,1,1,89.08800035715103,4,4,0,1,39,0,0,40,69.169
867,40,0,2,1,9.216000325977802,4,4,0,1,39,0,0,40,69.169
867,40,0,3,1,4.095999989658594,4,4,0,1,39,0,0,40,69.169
868,2,0,0,0,9.216000325977802,4,4,0,1,39,0,0,40,62.59
868,2,0,1,0,89.08800035715103,4,4,0,1,39,0,0,40,62.59
868,2,0,2,0,8.191999979317188,4,4,0,1,39,0,0,40,62.59
868,2,0,3,0,5.119999870657921,4,4,0,1,39,0,0,40,62.59
868,24,0,0,0,7.168000098317862,4,4,0,0,40,0,0,40,3.34
868,24,0,1,0,60.416001826524734,4,4,0,0,40,0,0,40,3.34
868,24,0,2,0,9.216000325977802,4,4,0,0,40,0,0,40,3.34
868,24,0,3,0,4.095999989658594,4,4,0,0,40,0,0,40,3.34
868,40,0,0,1,9.216000325977802,4,4,0,0,40,0,0,40,1.24
868,40,0,1,1,63.48799914121628,4,4,0,0,40,0,0,40,1.24
868,40,0,2,1,8.191999979317188,4,4,0,0,40,0,0,40,1.24
868,40,0,3,1,4.095999989658594,4,4,0,0,40,0,0,40,1.24
869,2,0,0,0,13.311999849975109,4,4,0,0,40,0,0,40,3.15
869,2,0,1,0,81.91999793052673,4,4,0,0,40,0,0,40,3.15
869,2,0,2,0,9.216000325977802,4,4,0,0,40,0,0,40,3.15
869,2,0,3,0,5.119999870657921,4,4,0,0,40,0,0,40,3.15
869,24,0,0,0,8.191999979317188,4,4,0,1,39,0,0,40,65.74
869,24,0,1,0,65.5359998345375,4,4,0,1,39,0,0,40,65.74
869,24,0,2,0,9.216000325977802,4,4,0,1,39,0,0,40,65.74
869,24,0,3,0,4.095999989658594,4,4,0,1,39,0,0,40,65.74
869,40,0,0,1,9.216000325977802,4,4,0,0,40,0,0,40,1.331
869,40,0,1,1,74.75200295448303,4,4,0,0,40,0,0,40,1.331
869,40,0,2,1,9.216000325977802,4,4,0,0,40,0,0,40,1.331
869,40,0,3,1,4.095999989658594,4,4,0,0,40,0,0,40,1.331
870,2,0,0,0,8.191999979317188,4,4,0,2,38,0,0,40,111.109
870,2,0,1,0,69.63200122117996,4,4,0,2,38,0,0,40,111.109
870,2,0,2,0,10.239999741315842,4,4,0,2,38,0,0,40,111.109
870,2,0,3,0,19.45599913597107,4,4,0,2,38,0,0,40,111.109
870,24,0,0,0,8.191999979317188,4,4,0,1,39,0,0,40,69.8
870,24,0,1,0,83.96799862384796,4,4,0,1,39,0,0,40,69.8
870,24,0,2,0,9.216000325977802,4,4,0,1,39,0,0,40,69.8
870,24,0,3,0,3.0720001086592674,4,4,0,1,39,0,0,40,69.8
870,40,0,0,1,9.216000325977802,4,4,0,0,40,0,0,40,1.29
870,40,0,1,1,65.5359998345375,4,4,0,0,40,0,0,40,1.29
870,40,0,2,1,9.216000325977802,4,4,0,0,40,0,0,40,1.29
870,40,0,3,1,4.095999989658594,4,4,0,0,40,0,0,40,1.29
871,2,0,0,0,9.216000325977802,4,4,0,2,38,0,0,40,61.439
871,2,0,1,0,79.8719972372055,4,4,0,2,38,0,0,40,61.439
871,2,0,2,0,9.216000325977802,4,4,0,2,38,0,0,40,61.439
871,2,0,3,0,6.144000217318535,4,4,0,2,38,0,0,40,61.439
871,24,0,0,0,8.191999979317188,4,4,0,3,37,0,0,40,135.37
871,24,0,1,0,76.80000364780426,4,4,0,3,37,0,0,40,135.37
871,24,0,2,0,10.239999741315842,4,4,0,3,37,0,0,40,135.37
871,24,0,3,0,35.840000957250595,4,4,0,3,37,0,0,40,135.37
871,40,0,0,1,15.359999611973763,4,4,0,2,38,0,0,40,188.82
871,40,0,1,1,77.82399654388428,4,4,0,2,38,0,0,40,188.82
871,40,0,2,1,9.216000325977802,4,4,0,2,38,0,0,40,188.82
871,40,0,3,1,80.89599758386612,4,4,0,2,38,0,0,40,188.82
872,2,0,0,0,8.191999979317188,4,4,0,1,39,0,0,40,59.52
872,2,0,1,0,70.65600156784058,4,4,0,1,39,0,0,40,59.52
872,2,0,2,0,9.216000325977802,4,4,0,1,39,0,0,40,59.52
872,2,0,3,0,5.119999870657921,4,4,0,1,39,0,0,40,59.52
872,24,0,0,0,12.28800043463707,4,4,0,2,38,0,0,40,115.249
872,24,0,1,0,76.80000364780426,4,4,0,2,38,0,0,40,115.249
872,24,0,2,0,9.216000325977802,4,4,0,2,38,0,0,40,115.249
872,24,0,3,0,20.479999482631683,4,4,0,2,38,0,0,40,115.249
872,40,0,0,1,10.239999741315842,4,4,0,0,40,0,0,40,4.35
872,40,0,1,1,88.06400001049042,4,4,0,0,40,0,0,40,4.35
872,40,0,2,1,9.216000325977802,4,4,0,0,40,0,0,40,4.35
872,40,0,3,1,4.095999989658594,4,4,0,0,40,0,0,40,4.35
873,2,0,0,0,14.336000196635723,4,4,0,0,40,0,0,40,1.7
873,2,0,1,0,80.89599758386612,4,4,0,0,40,0,0,40,1.7
873,2,0,2,0,9.216000325977802,4,4,0,0,40,0,0,40,1.7
873,2,0,3,0,5.119999870657921,4,4,0,0,40,0,0,40,1.7
873,24,0,0,0,9.216000325977802,4,4,0,0,40,0,0,40,1.86
873,24,0,1,0,86.01599931716919,4,4,0,0,40,0,0,40,1.86
873,24,0,2,0,9.216000325977802,4,4,0,0,40,0,0,40,1.86
873,24,0,3,0,4.095999989658594,4,4,0,0,40,0,0,40,1.86
873,40,0,0,1,16.383999958634377,4,4,0,1,39,0,0,40,66.88
873,40,0,1,1,95.23200243711472,4,4,0,1,39,0,0,40,66.88
873,40,0,2,1,9.216000325977802,4,4,0,1,39,0,0,40,66.88
873,40,0,3,1,4.095999989658594,4,4,0,1,39,0,0,40,66.88
874,2,0,0,0,14.336000196635723,4,4,0,0,40,0,0,40,1.97
874,2,0,1,0,83.96799862384796,4,4,0,0,40,0,0,40,1.97
874,2,0,2,0,9.216000325977802,4,4,0,0,40,0,0,40,1.97
874,2,0,3,0,5.119999870657921,4,4,0,0,40,0,0,40,1.97
874,24,0,0,0,8.191999979317188,4,4,0,2,38,0,0,40,101.249
874,24,0,1,0,79.8719972372055,4,4,0,2,38,0,0,40,101.249
874,24,0,2,0,9.216000325977802,4,4,0,2,38,0,0,40,101.249
874,24,0,3,0,4.095999989658594,4,4,0,2,38,0,0,40,101.249
874,40,0,0,1,9.216000325977802,4,4,0,0,40,0,0,40,1.8
874,40,0,1,1,94.2080020904541,4,4,0,0,40,0,0,40,1.8
874,40,0,2,1,9.216000325977802,4,4,0,0,40,0,0,40,1.8
874,40,0,3,1,4.095999989658594,4,4,0,0,40,0,0,40,1.8
875,2,0,0,0,9.216000325977802,4,4,0,2,38,0,0,40,105.569
875,2,0,1,0,71.68000191450119,4,4,0,2,38,0,0,40,105.569
875,2,0,2,0,8.191999979317188,4,4,0,2,38,0,0,40,105.569
875,2,0,3,0,12.28800043463707,4,4,0,2,38,0,0,40,105.569
875,24,0,0,0,8.191999979317188,4,4,0,1,39,0,0,40,56.1
875,24,0,1,0,87.0399996638298,4,4,0,1,39,0,0,40,56.1
875,24,0,2,0,9.216000325977802,4,4,0,1,39,0,0,40,56.1
875,24,0,3,0,4.095999989658594,4,4,0,1,39,0,0,40,56.1
875,40,0,0,1,9.216000325977802,4,4,0,0,40,0,0,40,1.56
875,40,0,1,1,94.2080020904541,4,4,0,0,40,0,0,40,1.56
875,40,0,2,1,9.216000325977802,4,4,0,0,40,0,0,40,1.56
875,40,0,3,1,4.095999989658594,4,4,0,0,40,0,0,40,1.56
876,2,0,0,0,9.216000325977802,4,4,0,3,37,0,0,40,235.888
876,2,0,1,0,70.65600156784058,4,4,0,3,37,0,0,40,235.888
876,2,0,2,0,9.216000325977802,4,4,0,3,37,0,0,40,235.888
876,2,0,3,0,145.4080045223236,4,4,0,3,37,0,0,40,235.888
876,24,0,0,0,8.191999979317188,4,4,0,0,40,0,0,40,1.58
876,24,0,1,0,83.96799862384796,4,4,0,0,40,0,0,40,1.58
876,24,0,2,0,9.216000325977802,4,4,0,0,40,0,0,40,1.58
876,24,0,3,0,4.095999989658594,4,4,0,0,40,0,0,40,1.58
876,40,0,0,1,9.216000325977802,4,4,0,0,40,0,0,40,1.54
876,40,0,1,1,104.44799810647964,4,4,0,0,40,0,0,40,1.54
876,40,0,2,1,8.191999979317188,4,4,0,0,40,0,0,40,1.54
876,40,0,3,1,4.095999989658594,4,4,0,0,40,0,0,40,1.54
877,2,0,0,0,8.191999979317188,4,4,0,2,38,0,0,40,95.729
877,2,0,1,0,66.56000018119812,4,4,0,2,38,0,0,40,95.729
877,2,0,2,0,9.216000325977802,4,4,0,2,38,0,0,40,95.729
877,2,0,3,0,8.191999979317188,4,4,0,2,38,0,0,40,95.729
877,24,0,0,0,8.191999979317188,4,4,0,0,40,0,0,40,1.49
877,24,0,1,0,63.48799914121628,4,4,0,0,40,0,0,40,1.49
877,24,0,2,0,9.216000325977802,4,4,0,0,40,0,0,40,1.49
877,24,0,3,0,4.095999989658594,4,4,0,0,40,0,0,40,1.49
877,40,0,0,1,15.359999611973763,4,4,0,1,39,0,0,40,87.251
877,40,0,1,1,79.8719972372055,4,4,0,1,39,0,0,40,87.251
877,40,0,2,1,8.191999979317188,4,4,0,1,39,0,0,40,87.251
877,40,0,3,1,4.095999989658594,4,4,0,1,39,0,0,40,87.251
878,2,0,0,0,14.336000196635723,4,4,0,0,40,0,0,40,1.92
878,2,0,1,0,66.56000018119812,4,4,0,0,40,0,0,40,1.92
878,2,0,2,0,8.191999979317188,4,4,0,0,40,0,0,40,1.92
878,2,0,3,0,7.168000098317862,4,4,0,0,40,0,0,40,1.92
878,24,0,0,0,8.191999979317188,4,4,0,1,39,0,0,40,55.33
878,24,0,1,0,47.10400104522705,4,4,0,1,39,0,0,40,55.33
878,24,0,2,0,9.216000325977802,4,4,0,1,39,0,0,40,55.33
878,24,0,3,0,4.095999989658594,4,4,0,1,39,0,0,40,55.33
878,40,0,0,1,10.239999741315842,4,4,0,0,40,0,0,40,1.43
878,40,0,1,1,57.34400078654289,4,4,0,0,40,0,0,40,1.43
878,40,0,2,1,9.216000325977802,4,4,0,0,40,0,0,40,1.43
878,40,0,3,1,4.095999989658594,4,4,0,0,40,0,0,40,1.43
879,2,0,0,0,8.191999979317188,4,4,0,1,39,0,0,40,85.759
879,2,0,1,0,60.416001826524734,4,4,0,1,39,0,0,40,85.759
879,2,0,2,0,9.216000325977802,4,4,0,1,39,0,0,40,85.759
879,2,0,3,0,5.119999870657921,4,4,0,1,39,0,0,40,85.759
879,24,0,0,0,8.191999979317188,4,4,0,1,39,0,0,40,88.56
879,24,0,1,0,64.51199948787689,4,4,0,1,39,0,0,40,88.56
879,24,0,2,0,8.191999979317188,4,4,0,1,39,0,0,40,88.56
879,24,0,3,0,4.095999989658594,4,4,0,1,39,0,0,40,88.56
879,40,0,0,1,10.239999741315842,4,4,0,0,40,0,0,40,1.38
879,40,0,1,1,71.68000191450119,4,4,0,0,40,0,0,40,1.38
879,40,0,2,1,8.191999979317188,4,4,0,0,40,0,0,40,1.38
879,40,0,3,1,4.095999989658594,4,4,0,0,40,0,0,40,1.38
880,2,0,0,0,9.216000325977802,4,4,0,1,39,0,0,40,66.249
880,2,0,1,0,87.0399996638298,4,4,0,1,39,0,0,40,66.249
880,2,0,2,0,9.216000325977802,4,4,0,1,39,0,0,40,66.249
880,2,0,3,0,6.144000217318535,4,4,0,1,39,0,0,40,66.249
880,24,0,0,0,8.191999979317188,4,4,0,1,39,0,0,40,58.67
880,24,0,1,0,82.94399827718735,4,4,0,1,39,0,0,40,58.67
880,24,0,2,0,9.216000325977802,4,4,0,1,39,0,0,40,58.67
880,24,0,3,0,4.095999989658594,4,4,0,1,39,0,0,40,58.67
880,40,0,0,1,15.359999611973763,4,4,0,1,39,0,0,40,72.169
880,40,0,1,1,79.8719972372055,4,4,0,1,39,0,0,40,72.169
880,40,0,2,1,9.216000325977802,4,4,0,1,39,0,0,40,72.169
880,40,0,3,1,3.0720001086592674,4,4,0,1,39,0,0,40,72.169
881,2,0,0,0,15.359999611973763,4,4,0,3,37,0,0,40,254.179
881,2,0,1,0,74.75200295448303,4,4,0,3,37,0,0,40,254.179
881,2,0,2,0,8.191999979317188,4,4,0,3,37,0,0,40,254.179
881,2,0,3,0,151.5520066022873,4,4,0,3,37,0,0,40,254.179
881,24,0,0,0,8.191999979317188,4,4,0,0,40,0,0,40,1.571
881,24,0,1,0,65.5359998345375,4,4,0,0,40,0,0,40,1.571
881,24,0,2,0,9.216000325977802,4,4,0,0,40,0,0,40,1.571
881,24,0,3,0,4.095999989658594,4,4,0,0,40,0,0,40,1.571
881,40,0,0,1,10.239999741315842,4,4,0,0,40,0,0,40,1.329
881,40,0,1,1,94.2080020904541,4,4,0,0,40,0,0,40,1.329
881,40,0,2,1,9.216000325977802,4,4,0,0,40,0,0,40,1.329
881,40,0,3,1,4.095999989658594,4,4,0,0,40,0,0,40,1.329
882,2,0,0,0,14.336000196635723,4,4,0,0,40,0,0,40,2.92
882,2,0,1,0,73.72800260782242,4,4,0,0,40,0,0,40,2.92
882,2,0,2,0,9.216000325977802,4,4,0,0,40,0,0,40,2.92
882,2,0,3,0,5.119999870657921,4,4,0,0,40,0,0,40,2.92
882,24,0,0,0,8.191999979317188,4,4,0,0,40,0,0,40,1.431
882,24,0,1,0,65.5359998345375,4,4,0,0,40,0,0,40,1.431
882,24,0,2,0,9.216000325977802,4,4,0,0,40,0,0,40,1.431
882,24,0,3,0,4.095999989658594,4,4,0,0,40,0,0,40,1.431
882,40,0,0,1,9.216000325977802,4,4,0,0,40,0,0,40,1.82
882,40,0,1,1,89.08800035715103,4,4,0,0,40,0,0,40,1.82
882,40,0,2,1,9.216000325977802,4,4,0,0,40,0,0,40,1.82
882,40,0,3,1,4.095999989658594,4,4,0,0,40,0,0,40,1.82
883,2,0,0,0,9.216000325977802,1,1,0,0,10,0,0,10,0.64
883,2,0,1,0,31.74399957060814,1,1,0,0,10,0,0,10,0.64
883,2,0,2,0,8.191999979317188,1,1,0,0,10,0,0,10,0.64
883,2,0,3,0,5.119999870657921,1,1,0,0,10,0,0,10,0.64
883,24,0,0,0,8.191999979317188,1,1,0,0,10,0,0,10,0.38
883,24,0,1,0,31.74399957060814,1,1,0,0,10,0,0,10,0.38
883,24,0,2,0,9.216000325977802,1,1,0,0,10,0,0,10,0.38
883,24,0,3,0,4.095999989658594,1,1,0,0,10,0,0,10,0.38
883,40,0,0,1,8.191999979317188,1,1,0,0,10,0,0,10,0.47
883,40,0,1,1,35.840000957250595,1,1,0,0,10,0,0,10,0.47
883,40,0,2,1,10.239999741315842,1,1,0,0,10,0,0,10,0.47
883,40,0,3,1,4.095999989658594,1,1,0,0,10,0,0,10,0.47
884,2,0,0,0,9.216000325977802,4,4,0,2,38,0,0,40,111.85
884,2,0,1,0,74.75200295448303,4,4,0,2,38,0,0,40,111.85
884,2,0,2,0,9.216000325977802,4,4,0,2,38,0,0,40,111.85
884,2,0,3,0,17.40800030529499,4,4,0,2,38,0,0,40,111.85
884,24,0,0,0,9.216000325977802,4,4,0,0,40,0,0,40,3.08
884,24,0,1,0,66.56000018119812,4,4,0,0,40,0,0,40,3.08
884,24,0,2,0,9.216000325977802,4,4,0,0,40,0,0,40,3.08
884,24,0,3,0,4.095999989658594,4,4,0,0,40,0,0,40,3.08
884,40,0,0,1,9.216000325977802,4,4,0,0,40,0,0,40,1.56
884,40,0,1,1,70.65600156784058,4,4,0,0,40,0,0,40,1.56
884,40,0,2,1,9.216000325977802,4,4,0,0,40,0,0,40,1.56
884,40,0,3,1,4.095999989658594,4,4,0,0,40,0,0,40,1.56
885,2,0,0,0,8.191999979317188,4,4,0,3,37,0,0,40,77.78
885,2,0,1,0,80.89599758386612,4,4,0,3,37,0,0,40,77.78
885,2,0,2,0,9.216000325977802,4,4,0,3,37,0,0,40,77.78
885,2,0,3,0,6.144000217318535,4,4,0,3,37,0,0,40,77.78
885,24,0,0,0,3866.624116897583,4,4,0,0,40,0,0,40,4.26
885,24,0,1,0,65.5359998345375,4,4,0,0,40,0,0,40,4.26
885,24,0,2,0,9.216000325977802,4,4,0,0,40,0,0,40,4.26
885,24,0,3,0,4.095999989658594,4,4,0,0,40,0,0,40,4.26
885,40,0,0,1,9.216000325977802,4,4,0,0,40,0,0,40,1.511
885,40,0,1,1,70.65600156784058,4,4,0,0,40,0,0,40,1.511
885,40,0,2,1,9.216000325977802,4,4,0,0,40,0,0,40,1.511
885,40,0,3,1,4.095999989658594,4,4,0,0,40,0,0,40,1.511
886,2,0,0,0,9.216000325977802,1,1,0,1,9,0,0,10,45.48
886,2,0,1,0,30.719999223947525,1,1,0,1,9,0,0,10,45.48
886,2,0,2,0,9.216000325977802,1,1,0,1,9,0,0,10,45.48
886,2,0,3,0,4.095999989658594,1,1,0,1,9,0,0,10,45.48
886,24,0,0,0,9.216000325977802,1,1,0,0,10,0,0,10,0.329
886,24,0,1,0,31.74399957060814,1,1,0,0,10,0,0,10,0.329
886,24,0,2,0,9.216000325977802,1,1,0,0,10,0,0,10,0.329
886,24,0,3,0,4.095999989658594,1,1,0,0,10,0,0,10,0.329
886,40,0,0,1,9.216000325977802,1,1,0,0,10,0,0,10,0.48
886,40,0,1,1,34.81600061058998,1,1,0,0,10,0,0,10,0.48
886,40,0,2,1,9.216000325977802,1,1,0,0,10,0,0,10,0.48
886,40,0,3,1,4.095999989658594,1,1,0,0,10,0,0,10,0.48
887,2,0,0,0,9.216000325977802,2,2,0,0,20,0,0,20,1.091
887,2,0,1,0,46.08000069856644,2,2,0,0,20,0,0,20,1.091
887,2,0,2,0,9.216000325977802,2,2,0,0,20,0,0,20,1.091
887,2,0,3,0,5.119999870657921,2,2,0,0,20,0,0,20,1.091
887,24,0,0,0,9.216000325977802,2,2,0,0,20,0,0,20,1.0
887,24,0,1,0,43.007999658584595,2,2,0,0,20,0,0,20,1.0
887,24,0,2,0,9.216000325977802,2,2,0,0,20,0,0,20,1.0
887,24,0,3,0,4.095999989658594,2,2,0,0,20,0,0,20,1.0
887,40,0,0,1,9.216000325977802,2,2,0,0,20,0,0,20,0.73
887,40,0,1,1,44.03200000524521,2,2,0,0,20,0,0,20,0.73
887,40,0,2,1,9.216000325977802,2,2,0,0,20,0,0,20,0.73
887,40,0,3,1,4.095999989658594,2,2,0,0,20,0,0,20,0.73
888,2,0,0,0,78.84799689054489,4,4,0,0,40,0,0,40,2.51
888,2,0,1,0,59.39200147986412,4,4,0,0,40,0,0,40,2.51
888,2,0,2,0,9.216000325977802,4,4,0,0,40,0,0,40,2.51
888,2,0,3,0,6.144000217318535,4,4,0,0,40,0,0,40,2.51
888,24,0,0,0,9.216000325977802,4,4,0,0,40,0,0,40,1.69
888,24,0,1,0,59.39200147986412,4,4,0,0,40,0,0,40,1.69
888,24,0,2,0,9.216000325977802,4,4,0,0,40,0,0,40,1.69
888,24,0,3,0,4.095999989658594,4,4,0,0,40,0,0,40,1.69
888,40,0,0,1,15.359999611973763,4,4,0,1,39,0,0,40,81.819
888,40,0,1,1,64.51199948787689,4,4,0,1,39,0,0,40,81.819
888,40,0,2,1,9.216000325977802,4,4,0,1,39,0,0,40,81.819
888,40,0,3,1,4.095999989658594,4,4,0,1,39,0,0,40,81.819
889,2,0,0,0,9.216000325977802,4,4,0,0,40,0,0,40,3.0
889,2,0,1,0,72.7040022611618,4,4,0,0,40,0,0,40,3.0
889,2,0,2,0,9.216000325977802,4,4,0,0,40,0,0,40,3.0
889,2,0,3,0,5.119999870657921,4,4,0,0,40,0,0,40,3.0
889,24,0,0,0,8.191999979317188,4,4,0,0,40,0,0,40,1.5
889,24,0,1,0,71.68000191450119,4,4,0,0,40,0,0,40,1.5
889,24,0,2,0,9.216000325977802,4,4,0,0,40,0,0,40,1.5
889,24,0,3,0,5.119999870657921,4,4,0,0,40,0,0,40,1.5
889,40,0,0,1,9.216000325977802,4,4,0,0,40,0,0,40,3.29
889,40,0,1,1,68.60800087451935,4,4,0,0,40,0,0,40,3.29
889,40,0,2,1,9.216000325977802,4,4,0,0,40,0,0,40,3.29
889,40,0,3,1,4.095999989658594,4,4,0,0,40,0,0,40,3.29
890,2,0,0,0,14.336000196635723,4,4,0,0,40,0,0,40,3.1
890,2,0,1,0,51.19999870657921,4,4,0,0,40,0,0,40,3.1
890,2,0,2,0,9.216000325977802,4,4,0,0,40,0,0,40,3.1
890,2,0,3,0,5.119999870657921,4,4,0,0,40,0,0,40,3.1
890,24,0,0,0,8.191999979317188,4,4,0,1,39,0,0,40,63.5
890,24,0,1,0,75.77600330114365,4,4,0,1,39,0,0,40,63.5
890,24,0,2,0,9.216000325977802,4,4,0,1,39,0,0,40,63.5
890,24,0,3,0,4.095999989658594,4,4,0,1,39,0,0,40,63.5
890,40,0,0,1,9.216000325977802,4,4,0,0,40,0,0,40,3.58
890,40,0,1,1,91.13600105047226,4,4,0,0,40,0,0,40,3.58
890,40,0,2,1,9.216000325977802,4,4,0,0,40,0,0,40,3.58
890,40,0,3,1,4.095999989658594,4,4,0,0,40,0,0,40,3.58
891,2,0,0,0,8.191999979317188,4,4,0,1,39,0,0,40,139.669
891,2,0,1,0,77.82399654388428,4,4,0,1,39,0,0,40,139.669
891,2,0,2,0,9.216000325977802,4,4,0,1,39,0,0,40,139.669
891,2,0,3,0,40.95999896526337,4,4,0,1,39,0,0,40,139.669
891,24,0,0,0,9.216000325977802,4,4,0,0,40,0,0,40,1.809
891,24,0,1,0,68.60800087451935,4,4,0,0,40,0,0,40,1.809
891,24,0,2,0,9.216000325977802,4,4,0,0,40,0,0,40,1.809
891,24,0,3,0,4.095999989658594,4,4,0,0,40,0,0,40,1.809
891,40,0,0,1,8.191999979317188,4,4,0,0,40,0,0,40,1.529
891,40,0,1,1,65.5359998345375,4,4,0,0,40,0,0,40,1.529
891,40,0,2,1,9.216000325977802,4,4,0,0,40,0,0,40,1.529
891,40,0,3,1,4.095999989658594,4,4,0,0,40,0,0,40,1.529
892,2,0,0,0,3000.3199577331543,4,4,0,2,38,0,0,40,64.98
892,2,0,1,0,89.08800035715103,4,4,0,2,38,0,0,40,64.98
892,2,0,2,0,9.216000325977802,4,4,0,2,38,0,0,40,64.98
892,2,0,3,0,5.119999870657921,4,4,0,2,38,0,0,40,64.98
892,24,0,0,0,8.191999979317188,4,4,0,0,40,0,0,40,1.5
892,24,0,1,0,82.94399827718735,4,4,0,0,40,0,0,40,1.5
892,24,0,2,0,9.216000325977802,4,4,0,0,40,0,0,40,1.5
892,24,0,3,0,4.095999989658594,4,4,0,0,40,0,0,40,1.5
892,40,0,0,1,9.216000325977802,4,4,0,2,38,0,0,40,149.079
892,40,0,1,1,73.72800260782242,4,4,0,2,38,0,0,40,149.079
892,40,0,2,1,9.216000325977802,4,4,0,2,38,0,0,40,149.079
892,40,0,3,1,53.247999399900436,4,4,0,2,38,0,0,40,149.079
893,2,0,0,0,14.336000196635723,4,4,0,0,40,0,0,40,1.54
893,2,0,1,0,56.32000043988228,4,4,0,0,40,0,0,40,1.54
893,2,0,2,0,9.216000325977802,4,4,0,0,40,0,0,40,1.54
893,2,0,3,0,5.119999870657921,4,4,0,0,40,0,0,40,1.54
893,24,0,0,0,8.191999979317188,4,4,0,3,37,0,0,40,150.839
893,24,0,1,0,71.68000191450119,4,4,0,3,37,0,0,40,150.839
893,24,0,2,0,9.216000325977802,4,4,0,3,37,0,0,40,150.839
893,24,0,3,0,56.32000043988228,4,4,0,3,37,0,0,40,150.839
893,40,0,0,1,15.359999611973763,4,4,0,1,39,0,0,40,89.809
893,40,0,1,1,80.89599758386612,4,4,0,1,39,0,0,40,89.809
893,40,0,2,1,9.216000325977802,4,4,0,1,39,0,0,40,89.809
893,40,0,3,1,4.095999989658594,4,4,0,1,39,0,0,40,89.809
894,2,0,0,0,15.359999611973763,4,4,0,1,39,0,0,40,71.279
894,2,0,1,0,73.72800260782242,4,4,0,1,39,0,0,40,71.279
894,2,0,2,0,9.216000325977802,4,4,0,1,39,0,0,40,71.279
894,2,0,3,0,7.168000098317862,4,4,0,1,39,0,0,40,71.279
894,24,0,0,0,8.191999979317188,4,4,0,2,38,0,0,40,100.099
894,24,0,1,0,83.96799862384796,4,4,0,2,38,0,0,40,100.099
894,24,0,2,0,8.191999979317188,4,4,0,2,38,0,0,40,100.099
894,24,0,3,0,4.095999989658594,4,4,0,2,38,0,0,40,100.099
894,40,0,0,1,9.216000325977802,4,4,0,1,39,0,0,40,79.61
894,40,0,1,1,87.0399996638298,4,4,0,1,39,0,0,40,79.61
894,40,0,2,1,9.216000325977802,4,4,0,1,39,0,0,40,79.61
894,40,0,3,1,5.119999870657921,4,4,0,1,39,0,0,40,79.61
895,2,0,0,0,15.359999611973763,4,4,0,0,40,0,0,40,1.64
895,2,0,1,0,57.34400078654289,4,4,0,0,40,0,0,40,1.64
895,2,0,2,0,9.216000325977802,4,4,0,0,40,0,0,40,1.64
895,2,0,3,0,5.119999870657921,4,4,0,0,40,0,0,40,1.64
895,24,0,0,0,8.191999979317188,4,4,0,1,39,0,0,40,58.95
895,24,0,1,0,84.99199897050858,4,4,0,1,39,0,0,40,58.95
895,24,0,2,0,9.216000325977802,4,4,0,1,39,0,0,40,58.95
895,24,0,3,0,4.095999989658594,4,4,0,1,39,0,0,40,58.95
895,40,0,0,1,8.191999979317188,4,4,0,0,40,0,0,40,1.79
895,40,0,1,1,107.51999914646149,4,4,0,0,40,0,0,40,1.79
895,40,0,2,1,9.216000325977802,4,4,0,0,40,0,0,40,1.79
895,40,0,3,1,4.095999989658594,4,4,0,0,40,0,0,40,1.79
896,2,0,0,0,9.216000325977802,4,4,0,3,37,0,0,40,217.749
896,2,0,1,0,77.82399654388428,4,4,0,3,37,0,0,40,217.749
896,2,0,2,0,9.216000325977802,4,4,0,3,37,0,0,40,217.749
896,2,0,3,0,120.83200365304947,4,4,0,3,37,0,0,40,217.749
896,24,0,0,0,8.191999979317188,4,4,0,0,40,0,0,40,1.589
896,24,0,1,0,63.48799914121628,4,4,0,0,40,0,0,40,1.589
896,24,0,2,0,9.216000325977802,4,4,0,0,40,0,0,40,1.589
896,24,0,3,0,4.095999989658594,4,4,0,0,40,0,0,40,1.589
896,40,0,0,1,9.216000325977802,4,4,0,0,40,0,0,40,2.729
896,40,0,1,1,79.8719972372055,4,4,0,0,40,0,0,40,2.729
896,40,0,2,1,9.216000325977802,4,4,0,0,40,0,0,40,2.729
896,40,0,3,1,4.095999989658594,4,4,0,0,40,0,0,40,2.729
897,2,0,0,0,8.191999979317188,4,4,0,2,38,0,0,40,168.279
897,2,0,1,0,77.82399654388428,4,4,0,2,38,0,0,40,168.279
897,2,0,2,0,9.216000325977802,4,4,0,2,38,0,0,40,168.279
897,2,0,3,0,68.60800087451935,4,4,0,2,38,0,0,40,168.279
897,24,0,0,0,9.216000325977802,4,4,0,0,40,0,0,40,1.58
897,24,0,1,0,91.13600105047226,4,4,0,0,40,0,0,40,1.58
897,24,0,2,0,8.191999979317188,4,4,0,0,40,0,0,40,1.58
897,24,0,3,0,4.095999989658594,4,4,0,0,40,0,0,40,1.58
897,40,0,0,1,9.216000325977802,4,4,0,0,40,0,0,40,2.891
897,40,0,1,1,87.0399996638298,4,4,0,0,40,0,0,40,2.891
897,40,0,2,1,9.216000325977802,4,4,0,0,40,0,0,40,2.891
897,40,0,3,1,4.095999989658594,4,4,0,0,40,0,0,40,2.891
898,2,0,0,0,9.216000325977802,4,4,0,1,39,0,0,40,143.96
898,2,0,1,0,69.63200122117996,4,4,0,1,39,0,0,40,143.96
898,2,0,2,0,9.216000325977802,4,4,0,1,39,0,0,40,143.96
898,2,0,3,0,54.27199974656105,4,4,0,1,39,0,0,40,143.96
898,24,0,0,0,9.216000325977802,4,4,0,3,36,1,0,40,148.079
898,24,0,1,0,87.0399996638298,4,4,0,3,36,1,0,40,148.079
898,24,0,2,0,163.83999586105347,4,4,0,3,36,1,0,40,148.079
898,24,0,3,0,4.095999989658594,4,4,0,3,36,1,0,40,148.079
898,40,0,0,1,9.216000325977802,4,4,0,1,39,0,0,40,74.379
898,40,0,1,1,105.47199845314026,4,4,0,1,39,0,0,40,74.379
898,40,0,2,1,9.216000325977802,4,4,0,1,39,0,0,40,74.379
898,40,0,3,1,4.095999989658594,4,4,0,1,39,0,0,40,74.379
899,2,0,0,0,14.336000196635723,4,4,0,0,40,0,0,40,1.65
899,2,0,1,0,67.58400052785873,4,4,0,0,40,0,0,40,1.65
899,2,0,2,0,8.191999979317188,4,4,0,0,40,0,0,40,1.65
899,2,0,3,0,5.119999870657921,4,4,0,0,40,0,0,40,1.65
899,24,0,0,0,8.191999979317188,4,4,0,0,40,0,0,40,2.8
899,24,0,1,0,84.99199897050858,4,4,0,0,40,0,0,40,2.8
899,24,0,2,0,9.216000325977802,4,4,0,0,40,0,0,40,2.8
899,24,0,3,0,4.095999989658594,4,4,0,0,40,0,0,40,2.8
899,40,0,0,1,9.216000325977802,4,4,0,1,39,0,0,40,66.22
899,40,0,1,1,94.2080020904541,4,4,0,1,39,0,0,40,66.22
899,40,0,2,1,8.191999979317188,4,4,0,1,39,0,0,40,66.22
899,40,0,3,1,4.095999989658594,4,4,0,1,39,0,0,40,66.22
900,2,0,0,0,8.191999979317188,4,4,0,1,39,0,0,40,167.599
900,2,0,1,0,75.77600330114365,4,4,0,1,39,0,0,40,167.599
900,2,0,2,0,9.216000325977802,4,4,0,1,39,0,0,40,167.599
900,2,0,3,0,72.7040022611618,4,4,0,1,39,0,0,40,167.599
900,24,0,0,0,8.191999979317188,4,4,0,0,40,0,0,40,1.46
900,24,0,1,0,79.8719972372055,4,4,0,0,40,0,0,40,1.46
900,24,0,2,0,9.216000325977802,4,4,0,0,40,0,0,40,1.46
900,24,0,3,0,4.095999989658594,4,4,0,0,40,0,0,40,1.46
900,40,0,0,1,9.216000325977802,4,4,0,0,40,0,0,40,1.651
900,40,0,1,1,88.06400001049042,4,4,0,0,40,0,0,40,1.651
900,40,0,2,1,9.216000325977802,4,4,0,0,40,0,0,40,1.651
900,40,0,3,1,4.095999989658594,4,4,0,0,40,0,0,40,1.651
901,2,0,0,0,15.359999611973763,4,4,0,1,39,0,0,40,73.74
901,2,0,1,0,91.13600105047226,4,4,0,1,39,0,0,40,73.74
901,2,0,2,0,9.216000325977802,4,4,0,1,39,0,0,40,73.74
901,2,0,3,0,5.119999870657921,4,4,0,1,39,0,0,40,73.74
901,24,0,0,0,8.191999979317188,4,4,0,1,39,0,0,40,62.179
901,24,0,1,0,80.89599758386612,4,4,0,1,39,0,0,40,62.179
901,24,0,2,0,9.216000325977802,4,4,0,1,39,0,0,40,62.179
901,24,0,3,0,4.095999989658594,4,4,0,1,39,0,0,40,62.179
901,40,0,0,1,2154.49595451355,4,4,0,0,40,0,0,40,3.99
901,40,0,1,1,81.91999793052673,4,4,0,0,40,0,0,40,3.99
901,40,0,2,1,9.216000325977802,4,4,0,0,40,0,0,40,3.99
901,40,0,3,1,4.095999989658594,4,4,0,0,40,0,0,40,3.99
902,2,0,0,0,2213.887929916382,4,4,0,1,39,0,0,40,136.619
902,2,0,1,0,84.99199897050858,4,4,0,1,39,0,0,40,136.619
902,2,0,2,0,8.191999979317188,4,4,0,1,39,0,0,40,136.619
902,2,0,3,0,30.719999223947525,4,4,0,1,39,0,0,40,136.619
902,24,0,0,0,8.191999979317188,4,4,0,0,40,0,0,40,1.6
902,24,0,1,0,71.68000191450119,4,4,0,0,40,0,0,40,1.6
902,24,0,2,0,9.216000325977802,4,4,0,0,40,0,0,40,1.6
902,24,0,3,0,4.095999989658594,4,4,0,0,40,0,0,40,1.6
902,40,0,0,1,10.239999741315842,4,4,0,0,40,0,0,40,1.42
902,40,0,1,1,79.8719972372055,4,4,0,0,40,0,0,40,1.42
902,40,0,2,1,8.191999979317188,4,4,0,0,40,0,0,40,1.42
902,40,0,3,1,4.095999989658594,4,4,0,0,40,0,0,40,1.42
903,2,0,0,0,13.311999849975109,4,4,0,0,40,0,0,40,3.58
903,2,0,1,0,93.18400174379349,4,4,0,0,40,0,0,40,3.58
903,2,0,2,0,9.216000325977802,4,4,0,0,40,0,0,40,3.58
903,2,0,3,0,5.119999870657921,4,4,0,0,40,0,0,40,3.58
903,24,0,0,0,8.191999979317188,4,4,0,0,40,0,0,40,1.649
903,24,0,1,0,75.77600330114365,4,4,0,0,40,0,0,40,1.649
903,24,0,2,0,8.191999979317188,4,4,0,0,40,0,0,40,1.649
903,24,0,3,0,4.095999989658594,4,4,0,0,40,0,0,40,1.649
903,40,0,0,1,8.191999979317188,4,4,0,0,40,0,0,40,1.46
903,40,0,1,1,59.39200147986412,4,4,0,0,40,0,0,40,1.46
903,40,0,2,1,9.216000325977802,4,4,0,0,40,0,0,40,1.46
903,40,0,3,1,5.119999870657921,4,4,0,0,40,0,0,40,1.46
904,2,0,0,0,9.216000325977802,4,4,0,1,39,0,0,40,67.6
904,2,0,1,0,84.99199897050858,4,4,0,1,39,0,0,40,67.6
904,2,0,2,0,9.216000325977802,4,4,0,1,39,0,0,40,67.6
904,2,0,3,0,5.119999870657921,4,4,0,1,39,0,0,40,67.6
904,24,0,0,0,9.216000325977802,4,4,0,0,40,0,0,40,1.31
904,24,0,1,0,62.463998794555664,4,4,0,0,40,0,0,40,1.31
904,24,0,2,0,9.216000325977802,4,4,0,0,40,0,0,40,1.31
904,24,0,3,0,4.095999989658594,4,4,0,0,40,0,0,40,1.31
904,40,0,0,1,9.216000325977802,4,4,0,0,40,0,0,40,1.26
904,40,0,1,1,49.15200173854828,4,4,0,0,40,0,0,40,1.26
904,40,0,2,1,9.216000325977802,4,4,0,0,40,0,0,40,1.26
904,40,0,3,1,4.095999989658594,4,4,0,0,40,0,0,40,1.26
905,2,0,0,0,15.359999611973763,4,4,0,0,40,0,0,40,1.751
905,2,0,1,0,86.01599931716919,4,4,0,0,40,0,0,40,1.751
905,2,0,2,0,9.216000325977802,4,4,0,0,40,0,0,40,1.751
905,2,0,3,0,6.144000217318535,4,4,0,0,40,0,0,40,1.751
905,24,0,0,0,8.191999979317188,4,4,0,0,40,0,0,40,1.4
905,24,0,1,0,76.80000364780426,4,4,0,0,40,0,0,40,1.4
905,24,0,2,0,9.216000325977802,4,4,0,0,40,0,0,40,1.4
905,24,0,3,0,4.095999989658594,4,4,0,0,40,0,0,40,1.4
905,40,0,0,1,8.191999979317188,4,4,0,0,40,0,0,40,1.34
905,40,0,1,1,80.89599758386612,4,4,0,0,40,0,0,40,1.34
905,40,0,2,1,9.216000325977802,4,4,0,0,40,0,0,40,1.34
905,40,0,3,1,4.095999989658594,4,4,0,0,40,0,0,40,1.34
906,2,0,0,0,10.239999741315842,2,2,0,1,19,0,0,20,55.46
906,2,0,1,0,45.05600035190582,2,2,0,1,19,0,0,20,55.46
906,2,0,2,0,8.191999979317188,2,2,0,1,19,0,0,20,55.46
906,2,0,3,0,5.119999870657921,2,2,0,1,19,0,0,20,55.46
906,24,0,0,0,9.216000325977802,2,2,0,0,20,0,0,20,0.671
906,24,0,1,0,45.05600035190582,2,2,0,0,20,0,0,20,0.671
906,24,0,2,0,9.216000325977802,2,2,0,0,20,0,0,20,0.671
906,24,0,3,0,5.119999870657921,2,2,0,0,20,0,0,20,0.671
906,40,0,0,1,671.7439889907837,2,2,0,0,20,0,0,20,3.62
906,40,0,1,1,48.128001391887665,2,2,0,0,20,0,0,20,3.62
906,40,0,2,1,9.216000325977802,2,2,0,0,20,0,0,20,3.62
906,40,0,3,1,5.119999870657921,2,2,0,0,20,0,0,20,3.62
907,2,0,0,0,9.216000325977802,4,4,0,2,38,0,0,40,81.579
907,2,0,1,0,84.99199897050858,4,4,0,2,38,0,0,40,81.579
907,2,0,2,0,9.216000325977802,4,4,0,2,38,0,0,40,81.579
907,2,0,3,0,5.119999870657921,4,4,0,2,38,0,0,40,81.579
907,24,0,0,0,12.28800043463707,4,4,0,0,40,0,0,40,1.66
907,24,0,1,0,75.77600330114365,4,4,0,0,40,0,0,40,1.66
907,24,0,2,0,8.191999979317188,4,4,0,0,40,0,0,40,1.66
907,24,0,3,0,4.095999989658594,4,4,0,0,40,0,0,40,1.66
907,40,0,0,1,8.191999979317188,4,4,0,0,40,0,0,40,1.32
907,40,0,1,1,90.11200070381165,4,4,0,0,40,0,0,40,1.32
907,40,0,2,1,9.216000325977802,4,4,0,0,40,0,0,40,1.32
907,40,0,3,1,4.095999989658594,4,4,0,0,40,0,0,40,1.32
908,2,0,0,0,14.336000196635723,4,4,0,0,40,0,0,40,2.99
908,2,0,1,0,93.18400174379349,4,4,0,0,40,0,0,40,2.99
908,2,0,2,0,9.216000325977802,4,4,0,0,40,0,0,40,2.99
908,2,0,3,0,6.144000217318535,4,4,0,0,40,0,0,40,2.99
908,24,0,0,0,8.191999979317188,4,4,0,0,40,0,0,40,1.41
908,24,0,1,0,63.48799914121628,4,4,0,0,40,0,0,40,1.41
908,24,0,2,0,9.216000325977802,4,4,0,0,40,0,0,40,1.41
908,24,0,3,0,4.095999989658594,4,4,0,0,40,0,0,40,1.41
908,40,0,0,1,9.216000325977802,4,4,0,0,40,0,0,40,3.72
908,40,0,1,1,73.72800260782242,4,4,0,0,40,0,0,40,3.72
908,40,0,2,1,8.191999979317188,4,4,0,0,40,0,0,40,3.72
908,40,0,3,1,4.095999989658594,4,4,0,0,40,0,0,40,3.72
909,2,0,0,0,9.216000325977802,3,3,0,0,30,0,0,30,1.33
909,2,0,1,0,73.72800260782242,3,3,0,0,30,0,0,30,1.33
909,2,0,2,0,9.216000325977802,3,3,0,0,30,0,0,30,1.33
909,2,0,3,0,6.144000217318535,3,3,0,0,30,0,0,30,1.33
909,24,0,0,0,16.383999958634377,3,3,0,0,30,0,0,30,1.23
909,24,0,1,0,55.296000093221664,3,3,0,0,30,0,0,30,1.23
909,24,0,2,0,9.216000325977802,3,3,0,0,30,0,0,30,1.23
909,24,0,3,0,4.095999989658594,3,3,0,0,30,0,0,30,1.23
909,40,0,0,1,8.191999979317188,3,3,0,0,30,0,0,30,0.98
909,40,0,1,1,56.32000043988228,3,3,0,0,30,0,0,30,0.98
909,40,0,2,1,10.239999741315842,3,3,0,0,30,0,0,30,0.98
909,40,0,3,1,4.095999989658594,3,3,0,0,30,0,0,30,0.98
910,2,0,0,0,14.336000196635723,4,4,0,0,40,0,0,40,1.73
910,2,0,1,0,68.60800087451935,4,4,0,0,40,0,0,40,1.73
910,2,0,2,0,9.216000325977802,4,4,0,0,40,0,0,40,1.73
910,2,0,3,0,7.168000098317862,4,4,0,0,40,0,0,40,1.73
910,24,0,0,0,8.191999979317188,4,4,0,0,40,0,0,40,1.849
910,24,0,1,0,66.56000018119812,4,4,0,0,40,0,0,40,1.849
910,24,0,2,0,9.216000325977802,4,4,0,0,40,0,0,40,1.849
910,24,0,3,0,4.095999989658594,4,4,0,0,40,0,0,40,1.849
910,40,0,0,1,8.191999979317188,4,4,0,0,40,0,0,40,3.129
910,40,0,1,1,60.416001826524734,4,4,0,0,40,0,0,40,3.129
910,40,0,2,1,9.216000325977802,4,4,0,0,40,0,0,40,3.129
910,40,0,3,1,4.095999989658594,4,4,0,0,40,0,0,40,3.129
911,2,0,0,0,377.85598635673523,4,4,0,0,40,0,0,40,2.24
911,2,0,1,0,90.11200070381165,4,4,0,0,40,0,0,40,2.24
911,2,0,2,0,9.216000325977802,4,4,0,0,40,0,0,40,2.24
911,2,0,3,0,6.144000217318535,4,4,0,0,40,0,0,40,2.24
911,24,0,0,0,276.4799892902374,4,4,0,0,40,0,0,40,3.22
911,24,0,1,0,67.58400052785873,4,4,0,0,40,0,0,40,3.22
911,24,0,2,0,9.216000325977802,4,4,0,0,40,0,0,40,3.22
911,24,0,3,0,5.119999870657921,4,4,0,0,40,0,0,40,3.22
911,40,0,0,1,15.359999611973763,4,4,0,1,39,0,0,40,69.879
911,40,0,1,1,66.56000018119812,4,4,0,1,39,0,0,40,69.879
911,40,0,2,1,9.216000325977802,4,4,0,1,39,0,0,40,69.879
911,40,0,3,1,4.095999989658594,4,4,0,1,39,0,0,40,69.879
912,2,0,0,0,14.336000196635723,4,4,0,0,40,0,0,40,1.78
912,2,0,1,0,86.01599931716919,4,4,0,0,40,0,0,40,1.78
912,2,0,2,0,9.216000325977802,4,4,0,0,40,0,0,40,1.78
912,2,0,3,0,5.119999870657921,4,4,0,0,40,0,0,40,1.78
912,24,0,0,0,2501.63197517395,4,4,0,0,40,0,0,40,2.009
912,24,0,1,0,62.463998794555664,4,4,0,0,40,0,0,40,2.009
912,24,0,2,0,8.191999979317188,4,4,0,0,40,0,0,40,2.009
912,24,0,3,0,3.0720001086592674,4,4,0,0,40,0,0,40,2.009
912,40,0,0,1,9.216000325977802,4,4,0,0,40,0,0,40,1.53
912,40,0,1,1,65.5359998345375,4,4,0,0,40,0,0,40,1.53
912,40,0,2,1,8.191999979317188,4,4,0,0,40,0,0,40,1.53
912,40,0,3,1,4.095999989658594,4,4,0,0,40,0,0,40,1.53
913,2,0,0,0,9.216000325977802,4,4,0,3,36,1,0,40,166.248
913,2,0,1,0,77.82399654388428,4,4,0,3,36,1,0,40,166.248
913,2,0,2,0,162.81600296497345,4,4,0,3,36,1,0,40,166.248
913,2,0,3,0,5.119999870657921,4,4,0,3,36,1,0,40,166.248
913,24,0,0,0,8.191999979317188,4,4,0,1,39,0,0,40,59.869
913,24,0,1,0,58.36800113320351,4,4,0,1,39,0,0,40,59.869
913,24,0,2,0,9.216000325977802,4,4,0,1,39,0,0,40,59.869
913,24,0,3,0,4.095999989658594,4,4,0,1,39,0,0,40,59.869
913,40,0,0,1,9.216000325977802,4,4,0,0,40,0,0,40,1.62
913,40,0,1,1,80.89599758386612,4,4,0,0,40,0,0,40,1.62
913,40,0,2,1,8.191999979317188,4,4,0,0,40,0,0,40,1.62
913,40,0,3,1,4.095999989658594,4,4,0,0,40,0,0,40,1.62
914,2,0,0,0,9.216000325977802,4,4,0,1,39,0,0,40,60.12
914,2,0,1,0,89.08800035715103,4,4,0,1,39,0,0,40,60.12
914,2,0,2,0,9.216000325977802,4,4,0,1,39,0,0,40,60.12
914,2,0,3,0,6.144000217318535,4,4,0,1,39,0,0,40,60.12
914,24,0,0,0,8.191999979317188,4,4,0,0,40,0,0,40,1.4
914,24,0,1,0,63.48799914121628,4,4,0,0,40,0,0,40,1.4
914,24,0,2,0,9.216000325977802,4,4,0,0,40,0,0,40,1.4
914,24,0,3,0,3.0720001086592674,4,4,0,0,40,0,0,40,1.4
914,40,0,0,1,8.191999979317188,4,4,0,0,40,0,0,40,1.711
914,40,0,1,1,64.51199948787689,4,4,0,0,40,0,0,40,1.711
914,40,0,2,1,9.216000325977802,4,4,0,0,40,0,0,40,1.711
914,40,0,3,1,4.095999989658594,4,4,0,0,40,0,0,40,1.711
915,2,0,0,0,3419.1360473632812,4,4,0,1,39,0,0,40,62.189
915,2,0,1,0,72.7040022611618,4,4,0,1,39,0,0,40,62.189
915,2,0,2,0,9.216000325977802,4,4,0,1,39,0,0,40,62.189
915,2,0,3,0,5.119999870657921,4,4,0,1,39,0,0,40,62.189
915,24,0,0,0,9.216000325977802,4,4,0,0,40,0,0,40,1.54
915,24,0,1,0,59.39200147986412,4,4,0,0,40,0,0,40,1.54
915,24,0,2,0,8.191999979317188,4,4,0,0,40,0,0,40,1.54
915,24,0,3,0,4.095999989658594,4,4,0,0,40,0,0,40,1.54
915,40,0,0,1,9.216000325977802,4,4,0,0,40,0,0,40,3.071
915,40,0,1,1,63.48799914121628,4,4,0,0,40,0,0,40,3.071
915,40,0,2,1,9.216000325977802,4,4,0,0,40,0,0,40,3.071
915,40,0,3,1,4.095999989658594,4,4,0,0,40,0,0,40,3.071
916,2,0,0,0,14.336000196635723,4,4,0,0,40,0,0,40,3.42
916,2,0,1,0,81.91999793052673,4,4,0,0,40,0,0,40,3.42
916,2,0,2,0,9.216000325977802,4,4,0,0,40,0,0,40,3.42
916,2,0,3,0,5.119999870657921,4,4,0,0,40,0,0,40,3.42
916,24,0,0,0,9.216000325977802,4,4,0,0,40,0,0,40,1.67
916,24,0,1,0,67.58400052785873,4,4,0,0,40,0,0,40,1.67
916,24,0,2,0,8.191999979317188,4,4,0,0,40,0,0,40,1.67
916,24,0,3,0,3.0720001086592674,4,4,0,0,40,0,0,40,1.67
916,40,0,0,1,9.216000325977802,4,4,0,0,40,0,0,40,3.471
916,40,0,1,1,84.99199897050858,4,4,0,0,40,0,0,40,3.471
916,40,0,2,1,9.216000325977802,4,4,0,0,40,0,0,40,3.471
916,40,0,3,1,3.0720001086592674,4,4,0,0,40,0,0,40,3.471
917,2,0,0,0,8.191999979317188,4,4,0,2,38,0,0,40,110.19
917,2,0,1,0,73.72800260782242,4,4,0,2,38,0,0,40,110.19
917,2,0,2,0,9.216000325977802,4,4,0,2,38,0,0,40,110.19
917,2,0,3,0,16.383999958634377,4,4,0,2,38,0,0,40,110.19
917,24,0,0,0,8.191999979317188,4,4,0,0,40,0,0,40,1.68
917,24,0,1,0,70.65600156784058,4,4,0,0,40,0,0,40,1.68
917,24,0,2,0,9.216000325977802,4,4,0,0,40,0,0,40,1.68
917,24,0,3,0,4.095999989658594,4,4,0,0,40,0,0,40,1.68
917,40,0,0,1,15.359999611973763,4,4,0,1,39,0,0,40,71.299
917,40,0,1,1,83.96799862384796,4,4,0,1,39,0,0,40,71.299
917,40,0,2,1,9.216000325977802,4,4,0,1,39,0,0,40,71.299
917,40,0,3,1,4.095999989658594,4,4,0,1,39,0,0,40,71.299
918,2,0,0,0,8.191999979317188,4,4,0,1,39,0,0,40,78.52
918,2,0,1,0,69.63200122117996,4,4,0,1,39,0,0,40,78.52
918,2,0,2,0,9.216000325977802,4,4,0,1,39,0,0,40,78.52
918,2,0,3,0,5.119999870657921,4,4,0,1,39,0,0,40,78.52
918,24,0,0,0,8.191999979317188,4,4,0,0,40,0,0,40,3.051
918,24,0,1,0,56.32000043988228,4,4,0,0,40,0,0,40,3.051
918,24,0,2,0,9.216000325977802,4,4,0,0,40,0,0,40,3.051
918,24,0,3,0,5.119999870657921,4,4,0,0,40,0,0,40,3.051
918,40,0,0,1,38.91199827194214,4,4,0,1,39,0,0,40,63.4
918,40,0,1,1,102.39999741315842,4,4,0,1,39,0,0,40,63.4
918,40,0,2,1,9.216000325977802,4,4,0,1,39,0,0,40,63.4
918,40,0,3,1,4.095999989658594,4,4,0,1,39,0,0,40,63.4
919,2,0,0,0,14.336000196635723,4,4,0,0,40,0,0,40,4.0
919,2,0,1,0,79.8719972372055,4,4,0,0,40,0,0,40,4.0
919,2,0,2,0,9.216000325977802,4,4,0,0,40,0,0,40,4.0
919,2,0,3,0,7.168000098317862,4,4,0,0,40,0,0,40,4.0
919,24,0,0,0,9.216000325977802,4,4,0,0,40,0,0,40,1.48
919,24,0,1,0,67.58400052785873,4,4,0,0,40,0,0,40,1.48
919,24,0,2,0,9.216000325977802,4,4,0,0,40,0,0,40,1.48
919,24,0,3,0,4.095999989658594,4,4,0,0,40,0,0,40,1.48
919,40,0,0,1,9.216000325977802,4,4,0,1,39,0,0,40,72.56
919,40,0,1,1,67.58400052785873,4,4,0,1,39,0,0,40,72.56
919,40,0,2,1,9.216000325977802,4,4,0,1,39,0,0,40,72.56
919,40,0,3,1,4.095999989658594,4,4,0,1,39,0,0,40,72.56
920,2,0,0,0,9.216000325977802,3,3,0,0,30,0,0,30,1.42
920,2,0,1,0,68.60800087451935,3,3,0,0,30,0,0,30,1.42
920,2,0,2,0,9.216000325977802,3,3,0,0,30,0,0,30,1.42
920,2,0,3,0,5.119999870657921,3,3,0,0,30,0,0,30,1.42
920,24,0,0,0,15.359999611973763,3,3,0,0,30,0,0,30,1.071
920,24,0,1,0,55.296000093221664,3,3,0,0,30,0,0,30,1.071
920,24,0,2,0,9.216000325977802,3,3,0,0,30,0,0,30,1.071
920,24,0,3,0,4.095999989658594,3,3,0,0,30,0,0,30,1.071
920,40,0,0,1,9.216000325977802,3,3,0,0,30,0,0,30,1.29
920,40,0,1,1,58.36800113320351,3,3,0,0,30,0,0,30,1.29
920,40,0,2,1,10.239999741315842,3,3,0,0,30,0,0,30,1.29
920,40,0,3,1,4.095999989658594,3,3,0,0,30,0,0,30,1.29
921,2,0,0,0,9.216000325977802,4,4,0,6,34,0,0,40,431.858
921,2,0,1,0,62.463998794555664,4,4,0,6,34,0,0,40,431.858
921,2,0,2,0,9.216000325977802,4,4,0,6,34,0,0,40,431.858
921,2,0,3,0,349.1840064525604,4,4,0,6,34,0,0,40,431.858
921,24,0,0,0,36.86400130391121,4,4,0,0,40,0,0,40,2.24
921,24,0,1,0,73.72800260782242,4,4,0,0,40,0,0,40,2.24
921,24,0,2,0,9.216000325977802,4,4,0,0,40,0,0,40,2.24
921,24,0,3,0,4.095999989658594,4,4,0,0,40,0,0,40,2.24
921,40,0,0,1,10.239999741315842,4,4,0,0,40,0,0,40,1.75
921,40,0,1,1,76.80000364780426,4,4,0,0,40,0,0,40,1.75
921,40,0,2,1,9.216000325977802,4,4,0,0,40,0,0,40,1.75
921,40,0,3,1,4.095999989658594,4,4,0,0,40,0,0,40,1.75
922,2,0,0,0,14.336000196635723,4,4,0,0,40,0,0,40,1.83
922,2,0,1,0,82.94399827718735,4,4,0,0,40,0,0,40,1.83
922,2,0,2,0,9.216000325977802,4,4,0,0,40,0,0,40,1.83
922,2,0,3,0,5.119999870657921,4,4,0,0,40,0,0,40,1.83
922,24,0,0,0,8.191999979317188,4,4,0,0,40,0,0,40,3.94
922,24,0,1,0,73.72800260782242,4,4,0,0,40,0,0,40,3.94
922,24,0,2,0,8.191999979317188,4,4,0,0,40,0,0,40,3.94
922,24,0,3,0,4.095999989658594,4,4,0,0,40,0,0,40,3.94
922,40,0,0,1,9.216000325977802,4,4,0,0,40,0,0,40,1.49
922,40,0,1,1,62.463998794555664,4,4,0,0,40,0,0,40,1.49
922,40,0,2,1,9.216000325977802,4,4,0,0,40,0,0,40,1.49
922,40,0,3,1,3.0720001086592674,4,4,0,0,40,0,0,40,1.49
923,2,0,0,0,9.216000325977802,2,2,0,0,20,0,0,20,0.87
923,2,0,1,0,41.98399931192398,2,2,0,0,20,0,0,20,0.87
923,2,0,2,0,9.216000325977802,2,2,0,0,20,0,0,20,0.87
923,2,0,3,0,5.119999870657921,2,2,0,0,20,0,0,20,0.87
923,24,0,0,0,8.191999979317188,2,2,0,0,20,0,0,20,0.68
923,24,0,1,0,46.08000069856644,2,2,0,0,20,0,0,20,0.68
923,24,0,2,0,9.216000325977802,2,2,0,0,20,0,0,20,0.68
923,24,0,3,0,4.095999989658594,2,2,0,0,20,0,0,20,0.68
923,40,0,0,1,8.191999979317188,2,2,0,0,20,0,0,20,2.87
923,40,0,1,1,46.08000069856644,2,2,0,0,20,0,0,20,2.87
923,40,0,2,1,10.239999741315842,2,2,0,0,20,0,0,20,2.87
923,40,0,3,1,4.095999989658594,2,2,0,0,20,0,0,20,2.87
924,2,0,0,0,14.336000196635723,4,4,0,1,39,0,0,40,65.351
924,2,0,1,0,83.96799862384796,4,4,0,1,39,0,0,40,65.351
924,2,0,2,0,9.216000325977802,4,4,0,1,39,0,0,40,65.351
924,2,0,3,0,5.119999870657921,4,4,0,1,39,0,0,40,65.351
924,24,0,0,0,9.216000325977802,4,4,0,1,39,0,0,40,132.65
924,24,0,1,0,75.77600330114365,4,4,0,1,39,0,0,40,132.65
924,24,0,2,0,9.216000325977802,4,4,0,1,39,0,0,40,132.65
924,24,0,3,0,34.81600061058998,4,4,0,1,39,0,0,40,132.65
924,40,0,0,1,9.216000325977802,4,4,0,0,40,0,0,40,3.311
924,40,0,1,1,80.89599758386612,4,4,0,0,40,0,0,40,3.311
924,40,0,2,1,9.216000325977802,4,4,0,0,40,0,0,40,3.311
924,40,0,3,1,4.095999989658594,4,4,0,0,40,0,0,40,3.311
925,2,0,0,0,8.191999979317188,4,4,0,1,39,0,0,40,56.269
925,2,0,1,0,77.82399654388428,4,4,0,1,39,0,0,40,56.269
925,2,0,2,0,8.191999979317188,4,4,0,1,39,0,0,40,56.269
925,2,0,3,0,5.119999870657921,4,4,0,1,39,0,0,40,56.269
925,24,0,0,0,8.191999979317188,4,4,0,0,40,0,0,40,2.791
925,24,0,1,0,68.60800087451935,4,4,0,0,40,0,0,40,2.791
925,24,0,2,0,9.216000325977802,4,4,0,0,40,0,0,40,2.791
925,24,0,3,0,4.095999989658594,4,4,0,0,40,0,0,40,2.791
925,40,0,0,1,8.191999979317188,4,4,0,0,40,0,0,40,1.33
925,40,0,1,1,79.8719972372055,4,4,0,0,40,0,0,40,1.33
925,40,0,2,1,9.216000325977802,4,4,0,0,40,0,0,40,1.33
925,40,0,3,1,4.095999989658594,4,4,0,0,40,0,0,40,1.33
926,2,0,0,0,9.216000325977802,3,3,0,2,28,0,0,30,180.249
926,2,0,1,0,60.416001826524734,3,3,0,2,28,0,0,30,180.249
926,2,0,2,0,9.216000325977802,3,3,0,2,28,0,0,30,180.249
926,2,0,3,0,108.5439994931221,3,3,0,2,28,0,0,30,180.249
926,24,0,0,0,15.359999611973763,3,3,0,0,30,0,0,30,1.28
926,24,0,1,0,68.60800087451935,3,3,0,0,30,0,0,30,1.28
926,24,0,2,0,8.191999979317188,3,3,0,0,30,0,0,30,1.28
926,24,0,3,0,4.095999989658594,3,3,0,0,30,0,0,30,1.28
926,40,0,0,1,9.216000325977802,3,3,0,0,30,0,0,30,1.23
926,40,0,1,1,57.34400078654289,3,3,0,0,30,0,0,30,1.23
926,40,0,2,1,10.239999741315842,3,3,0,0,30,0,0,30,1.23
926,40,0,3,1,4.095999989658594,3,3,0,0,30,0,0,30,1.23
927,2,0,0,0,9.216000325977802,3,3,0,0,30,0,0,30,1.2
927,2,0,1,0,64.51199948787689,3,3,0,0,30,0,0,30,1.2
927,2,0,2,0,9.216000325977802,3,3,0,0,30,0,0,30,1.2
927,2,0,3,0,6.144000217318535,3,3,0,0,30,0,0,30,1.2
927,24,0,0,0,9.216000325977802,3,3,0,0,30,0,0,30,3.02
927,24,0,1,0,58.36800113320351,3,3,0,0,30,0,0,30,3.02
927,24,0,2,0,9.216000325977802,3,3,0,0,30,0,0,30,3.02
927,24,0,3,0,4.095999989658594,3,3,0,0,30,0,0,30,3.02
927,40,0,0,1,10.239999741315842,3,3,0,0,30,0,0,30,0.9
927,40,0,1,1,48.128001391887665,3,3,0,0,30,0,0,30,0.9
927,40,0,2,1,9.216000325977802,3,3,0,0,30,0,0,30,0.9
927,40,0,3,1,4.095999989658594,3,3,0,0,30,0,0,30,0.9
928,2,0,0,0,910.3360176086426,4,4,0,0,40,0,0,40,2.06
928,2,0,1,0,77.82399654388428,4,4,0,0,40,0,0,40,2.06
928,2,0,2,0,8.191999979317188,4,4,0,0,40,0,0,40,2.06
928,2,0,3,0,5.119999870657921,4,4,0,0,40,0,0,40,2.06
928,24,0,0,0,8.191999979317188,4,4,0,0,40,0,0,40,3.309
928,24,0,1,0,61.43999844789505,4,4,0,0,40,0,0,40,3.309
928,24,0,2,0,9.216000325977802,4,4,0,0,40,0,0,40,3.309
928,24,0,3,0,4.095999989658594,4,4,0,0,40,0,0,40,3.309
928,40,0,0,1,103.42399775981903,4,4,0,0,40,0,0,40,1.81
928,40,0,1,1,65.5359998345375,4,4,0,0,40,0,0,40,1.81
928,40,0,2,1,9.216000325977802,4,4,0,0,40,0,0,40,1.81
928,40,0,3,1,4.095999989658594,4,4,0,0,40,0,0,40,1.81
929,2,0,0,0,9.216000325977802,4,4,0,1,39,0,0,40,71.151
929,2,0,1,0,78.84799689054489,4,4,0,1,39,0,0,40,71.151
929,2,0,2,0,8.191999979317188,4,4,0,1,39,0,0,40,71.151
929,2,0,3,0,5.119999870657921,4,4,0,1,39,0,0,40,71.151
929,24,0,0,0,3176.448106765747,4,4,0,0,40,0,0,40,4.46
929,24,0,1,0,71.68000191450119,4,4,0,0,40,0,0,40,4.46
929,24,0,2,0,8.191999979317188,4,4,0,0,40,0,0,40,4.46
929,24,0,3,0,4.095999989658594,4,4,0,0,40,0,0,40,4.46
929,40,0,0,1,9.216000325977802,4,4,0,0,40,0,0,40,1.48
929,40,0,1,1,73.72800260782242,4,4,0,0,40,0,0,40,1.48
929,40,0,2,1,9.216000325977802,4,4,0,0,40,0,0,40,1.48
929,40,0,3,1,4.095999989658594,4,4,0,0,40,0,0,40,1.48
930,2,0,0,0,9.216000325977802,3,3,0,0,30,0,0,30,1.511
930,2,0,1,0,71.68000191450119,3,3,0,0,30,0,0,30,1.511
930,2,0,2,0,9.216000325977802,3,3,0,0,30,0,0,30,1.511
930,2,0,3,0,7.168000098317862,3,3,0,0,30,0,0,30,1.511
930,24,0,0,0,9.216000325977802,3,3,0,0,30,0,0,30,1.251
930,24,0,1,0,62.463998794555664,3,3,0,0,30,0,0,30,1.251
930,24,0,2,0,9.216000325977802,3,3,0,0,30,0,0,30,1.251
930,24,0,3,0,4.095999989658594,3,3,0,0,30,0,0,30,1.251
930,40,0,0,1,10.239999741315842,3,3,0,0,30,0,0,30,2.76
930,40,0,1,1,50.175998359918594,3,3,0,0,30,0,0,30,2.76
930,40,0,2,1,9.216000325977802,3,3,0,0,30,0,0,30,2.76
930,40,0,3,1,4.095999989658594,3,3,0,0,30,0,0,30,2.76
931,2,0,0,0,9.216000325977802,1,1,0,0,10,0,0,10,0.56
931,2,0,1,0,31.74399957060814,1,1,0,0,10,0,0,10,0.56
931,2,0,2,0,9.216000325977802,1,1,0,0,10,0,0,10,0.56
931,2,0,3,0,5.119999870657921,1,1,0,0,10,0,0,10,0.56
931,24,0,0,0,9.216000325977802,1,1,0,0,10,0,0,10,0.34
931,24,0,1,0,30.719999223947525,1,1,0,0,10,0,0,10,0.34
931,24,0,2,0,8.191999979317188,1,1,0,0,10,0,0,10,0.34
931,24,0,3,0,3.0720001086592674,1,1,0,0,10,0,0,10,0.34
931,40,0,0,1,8.191999979317188,1,1,0,0,10,0,0,10,0.42
931,40,0,1,1,35.840000957250595,1,1,0,0,10,0,0,10,0.42
931,40,0,2,1,9.216000325977802,1,1,0,0,10,0,0,10,0.42
931,40,0,3,1,4.095999989658594,1,1,0,0,10,0,0,10,0.42
932,2,0,0,0,8.191999979317188,4,4,0,0,40,0,0,40,1.62
932,2,0,1,0,73.72800260782242,4,4,0,0,40,0,0,40,1.62
932,2,0,2,0,9.216000325977802,4,4,0,0,40,0,0,40,1.62
932,2,0,3,0,7.168000098317862,4,4,0,0,40,0,0,40,1.62
932,24,0,0,0,9.216000325977802,4,4,0,0,40,0,0,40,1.44
932,24,0,1,0,48.128001391887665,4,4,0,0,40,0,0,40,1.44
932,24,0,2,0,9.216000325977802,4,4,0,0,40,0,0,40,1.44
932,24,0,3,0,4.095999989658594,4,4,0,0,40,0,0,40,1.44
932,40,0,0,1,8.191999979317188,4,4,0,0,40,0,0,40,2.87
932,40,0,1,1,58.36800113320351,4,4,0,0,40,0,0,40,2.87
932,40,0,2,1,9.216000325977802,4,4,0,0,40,0,0,40,2.87
932,40,0,3,1,4.095999989658594,4,4,0,0,40,0,0,40,2.87
933,2,0,0,0,9.216000325977802,2,2,0,0,20,0,0,20,0.72
933,2,0,1,0,53.247999399900436,2,2,0,0,20,0,0,20,0.72
933,2,0,2,0,9.216000325977802,2,2,0,0,20,0,0,20,0.72
933,2,0,3,0,5.119999870657921,2,2,0,0,20,0,0,20,0.72
933,24,0,0,0,8.191999979317188,2,2,0,0,20,0,0,20,0.791
933,24,0,1,0,47.10400104522705,2,2,0,0,20,0,0,20,0.791
933,24,0,2,0,8.191999979317188,2,2,0,0,20,0,0,20,0.791
933,24,0,3,0,4.095999989658594,2,2,0,0,20,0,0,20,0.791
933,40,0,0,1,9.216000325977802,2,2,0,0,20,0,0,20,0.751
933,40,0,1,1,53.247999399900436,2,2,0,0,20,0,0,20,0.751
933,40,0,2,1,9.216000325977802,2,2,0,0,20,0,0,20,0.751
933,40,0,3,1,4.095999989658594,2,2,0,0,20,0,0,20,0.751
934,2,0,0,0,9.216000325977802,3,3,0,0,30,0,0,30,3.02
934,2,0,1,0,73.72800260782242,3,3,0,0,30,0,0,30,3.02
934,2,0,2,0,9.216000325977802,3,3,0,0,30,0,0,30,3.02
934,2,0,3,0,5.119999870657921,3,3,0,0,30,0,0,30,3.02
934,24,0,0,0,9.216000325977802,3,3,0,1,29,0,0,30,67.099
934,24,0,1,0,64.51199948787689,3,3,0,1,29,0,0,30,67.099
934,24,0,2,0,9.216000325977802,3,3,0,1,29,0,0,30,67.099
934,24,0,3,0,4.095999989658594,3,3,0,1,29,0,0,30,67.099
934,40,0,0,1,9.216000325977802,3,3,0,0,30,0,0,30,1.04
934,40,0,1,1,58.36800113320351,3,3,0,0,30,0,0,30,1.04
934,40,0,2,1,10.239999741315842,3,3,0,0,30,0,0,30,1.04
934,40,0,3,1,4.095999989658594,3,3,0,0,30,0,0,30,1.04
935,2,0,0,0,8.191999979317188,1,1,0,0,10,0,0,10,2.1
935,2,0,1,0,32.76799991726875,1,1,0,0,10,0,0,10,2.1
935,2,0,2,0,9.216000325977802,1,1,0,0,10,0,0,10,2.1
935,2,0,3,0,5.119999870657921,1,1,0,0,10,0,0,10,2.1
935,24,0,0,0,9.216000325977802,1,1,0,0,10,0,0,10,0.44
935,24,0,1,0,31.74399957060814,1,1,0,0,10,0,0,10,0.44
935,24,0,2,0,8.191999979317188,1,1,0,0,10,0,0,10,0.44
935,24,0,3,0,4.095999989658594,1,1,0,0,10,0,0,10,0.44
935,40,0,0,1,9.216000325977802,1,1,0,0,10,0,0,10,0.42
935,40,0,1,1,34.81600061058998,1,1,0,0,10,0,0,10,0.42
935,40,0,2,1,9.216000325977802,1,1,0,0,10,0,0,10,0.42
935,40,0,3,1,4.095999989658594,1,1,0,0,10,0,0,10,0.42
936,2,0,0,0,9.216000325977802,1,1,0,0,10,0,0,10,0.53
936,2,0,1,0,31.74399957060814,1,1,0,0,10,0,0,10,0.53
936,2,0,2,0,9.216000325977802,1,1,0,0,10,0,0,10,0.53
936,2,0,3,0,5.119999870657921,1,1,0,0,10,0,0,10,0.53
936,24,0,0,0,8.191999979317188,1,1,0,0,10,0,0,10,0.33
936,24,0,1,0,32.76799991726875,1,1,0,0,10,0,0,10,0.33
936,24,0,2,0,9.216000325977802,1,1,0,0,10,0,0,10,0.33
936,24,0,3,0,4.095999989658594,1,1,0,0,10,0,0,10,0.33
936,40,0,0,1,8.191999979317188,1,1,0,0,10,0,0,10,0.44
936,40,0,1,1,34.81600061058998,1,1,0,0,10,0,0,10,0.44
936,40,0,2,1,9.216000325977802,1,1,0,0,10,0,0,10,0.44
936,40,0,3,1,4.095999989658594,1,1,0,0,10,0,0,10,0.44
937,2,0,0,0,8.191999979317188,4,4,0,1,39,0,0,40,82.26
937,2,0,1,0,80.89599758386612,4,4,0,1,39,0,0,40,82.26
937,2,0,2,0,9.216000325977802,4,4,0,1,39,0,0,40,82.26
937,2,0,3,0,5.119999870657921,4,4,0,1,39,0,0,40,82.26
937,24,0,0,0,9.216000325977802,4,4,0,0,40,0,0,40,1.59
937,24,0,1,0,64.51199948787689,4,4,0,0,40,0,0,40,1.59
937,24,0,2,0,9.216000325977802,4,4,0,0,40,0,0,40,1.59
937,24,0,3,0,4.095999989658594,4,4,0,0,40,0,0,40,1.59
937,40,0,0,1,16.383999958634377,4,4,0,1,39,0,0,40,105.35
937,40,0,1,1,62.463998794555664,4,4,0,1,39,0,0,40,105.35
937,40,0,2,1,10.239999741315842,4,4,0,1,39,0,0,40,105.35
937,40,0,3,1,12.28800043463707,4,4,0,1,39,0,0,40,105.35
938,2,0,0,0,8.191999979317188,2,2,0,0,20,0,0,20,0.95
938,2,0,1,0,51.19999870657921,2,2,0,0,20,0,0,20,0.95
938,2,0,2,0,8.191999979317188,2,2,0,0,20,0,0,20,0.95
938,2,0,3,0,5.119999870657921,2,2,0,0,20,0,0,20,0.95
938,24,0,0,0,8.191999979317188,2,2,0,0,20,0,0,20,0.61
938,24,0,1,0,52.22399905323982,2,2,0,0,20,0,0,20,0.61
938,24,0,2,0,9.216000325977802,2,2,0,0,20,0,0,20,0.61
938,24,0,3,0,4.095999989658594,2,2,0,0,20,0,0,20,0.61
938,40,0,0,1,9.216000325977802,2,2,0,0,20,0,0,20,0.709
938,40,0,1,1,46.08000069856644,2,2,0,0,20,0,0,20,0.709
938,40,0,2,1,9.216000325977802,2,2,0,0,20,0,0,20,0.709
938,40,0,3,1,4.095999989658594,2,2,0,0,20,0,0,20,0.709
939,2,0,0,0,9.216000325977802,2,2,0,0,20,0,0,20,0.871
939,2,0,1,0,51.19999870657921,2,2,0,0,20,0,0,20,0.871
939,2,0,2,0,8.191999979317188,2,2,0,0,20,0,0,20,0.871
939,2,0,3,0,5.119999870657921,2,2,0,0,20,0,0,20,0.871
939,24,0,0,0,9.216000325977802,2,2,0,0,20,0,0,20,2.96
939,24,0,1,0,35.840000957250595,2,2,0,0,20,0,0,20,2.96
939,24,0,2,0,8.191999979317188,2,2,0,0,20,0,0,20,2.96
939,24,0,3,0,4.095999989658594,2,2,0,0,20,0,0,20,2.96
939,40,0,0,1,9.216000325977802,2,2,0,0,20,0,0,20,1.04
939,40,0,1,1,44.03200000524521,2,2,0,0,20,0,0,20,1.04
939,40,0,2,1,9.216000325977802,2,2,0,0,20,0,0,20,1.04
939,40,0,3,1,4.095999989658594,2,2,0,0,20,0,0,20,1.04
940,2,0,0,0,13.311999849975109,4,4,0,0,40,0,0,40,1.95
940,2,0,1,0,84.99199897050858,4,4,0,0,40,0,0,40,1.95
940,2,0,2,0,9.216000325977802,4,4,0,0,40,0,0,40,1.95
940,2,0,3,0,5.119999870657921,4,4,0,0,40,0,0,40,1.95
940,24,0,0,0,9.216000325977802,4,4,0,1,39,0,0,40,67.68
940,24,0,1,0,77.82399654388428,4,4,0,1,39,0,0,40,67.68
940,24,0,2,0,9.216000325977802,4,4,0,1,39,0,0,40,67.68
940,24,0,3,0,4.095999989658594,4,4,0,1,39,0,0,40,67.68
940,40,0,0,1,8.191999979317188,4,4,0,0,40,0,0,40,1.52
940,40,0,1,1,68.60800087451935,4,4,0,0,40,0,0,40,1.52
940,40,0,2,1,9.216000325977802,4,4,0,0,40,0,0,40,1.52
940,40,0,3,1,4.095999989658594,4,4,0,0,40,0,0,40,1.52
941,2,0,0,0,8.191999979317188,1,1,0,0,10,0,0,10,2.209
941,2,0,1,0,31.74399957060814,1,1,0,0,10,0,0,10,2.209
941,2,0,2,0,8.191999979317188,1,1,0,0,10,0,0,10,2.209
941,2,0,3,0,4.095999989658594,1,1,0,0,10,0,0,10,2.209
941,24,0,0,0,9.216000325977802,1,1,0,0,10,0,0,10,0.78
941,24,0,1,0,31.74399957060814,1,1,0,0,10,0,0,10,0.78
941,24,0,2,0,8.191999979317188,1,1,0,0,10,0,0,10,0.78
941,24,0,3,0,4.095999989658594,1,1,0,0,10,0,0,10,0.78
941,40,0,0,1,9.216000325977802,1,1,0,0,10,0,0,10,1.109
941,40,0,1,1,34.81600061058998,1,1,0,0,10,0,0,10,1.109
941,40,0,2,1,8.191999979317188,1,1,0,0,10,0,0,10,1.109
941,40,0,3,1,4.095999989658594,1,1,0,0,10,0,0,10,1.109
942,2,0,0,0,15.359999611973763,4,4,0,0,40,0,0,40,4.12
942,2,0,1,0,82.94399827718735,4,4,0,0,40,0,0,40,4.12
942,2,0,2,0,9.216000325977802,4,4,0,0,40,0,0,40,4.12
942,2,0,3,0,6.144000217318535,4,4,0,0,40,0,0,40,4.12
942,24,0,0,0,9.216000325977802,4,4,0,0,40,0,0,40,3.3
942,24,0,1,0,65.5359998345375,4,4,0,0,40,0,0,40,3.3
942,24,0,2,0,8.191999979317188,4,4,0,0,40,0,0,40,3.3
942,24,0,3,0,5.119999870657921,4,4,0,0,40,0,0,40,3.3
942,40,0,0,1,9.216000325977802,4,4,0,0,40,0,0,40,2.789
942,40,0,1,1,69.63200122117996,4,4,0,0,40,0,0,40,2.789
942,40,0,2,1,9.216000325977802,4,4,0,0,40,0,0,40,2.789
942,40,0,3,1,4.095999989658594,4,4,0,0,40,0,0,40,2.789
943,2,0,0,0,9.216000325977802,4,4,0,0,40,0,0,40,6.08
943,2,0,1,0,81.91999793052673,4,4,0,0,40,0,0,40,6.08
943,2,0,2,0,9.216000325977802,4,4,0,0,40,0,0,40,6.08
943,2,0,3,0,5.119999870657921,4,4,0,0,40,0,0,40,6.08
943,24,0,0,0,8.191999979317188,4,4,0,0,40,0,0,40,3.99
943,24,0,1,0,83.96799862384796,4,4,0,0,40,0,0,40,3.99
943,24,0,2,0,9.216000325977802,4,4,0,0,40,0,0,40,3.99
943,24,0,3,0,3.0720001086592674,4,4,0,0,40,0,0,40,3.99
943,40,0,0,1,16.383999958634377,4,4,0,3,36,1,0,40,191.25
943,40,0,1,1,61.43999844789505,4,4,0,3,36,1,0,40,191.25
943,40,0,2,1,196.60800695419312,4,4,0,3,36,1,0,40,191.25
943,40,0,3,1,5.119999870657921,4,4,0,3,36,1,0,40,191.25
944,2,0,0,0,9.216000325977802,4,4,0,0,40,0,0,40,5.929
944,2,0,1,0,79.8719972372055,4,4,0,0,40,0,0,40,5.929
944,2,0,2,0,9.216000325977802,4,4,0,0,40,0,0,40,5.929
944,2,0,3,0,5.119999870657921,4,4,0,0,40,0,0,40,5.929
944,24,0,0,0,8.191999979317188,4,4,0,1,39,0,0,40,70.41
944,24,0,1,0,75.77600330114365,4,4,0,1,39,0,0,40,70.41
944,24,0,2,0,8.191999979317188,4,4,0,1,39,0,0,40,70.41
944,24,0,3,0,4.095999989658594,4,4,0,1,39,0,0,40,70.41
944,40,0,0,1,9.216000325977802,4,4,0,2,38,0,0,40,103.609
944,40,0,1,1,71.68000191450119,4,4,0,2,38,0,0,40,103.609
944,40,0,2,1,9.216000325977802,4,4,0,2,38,0,0,40,103.609
944,40,0,3,1,10.239999741315842,4,4,0,2,38,0,0,40,103.609
945,2,0,0,0,15.359999611973763,4,4,0,1,39,0,0,40,93.07
945,2,0,1,0,75.77600330114365,4,4,0,1,39,0,0,40,93.07
945,2,0,2,0,8.191999979317188,4,4,0,1,39,0,0,40,93.07
945,2,0,3,0,5.119999870657921,4,4,0,1,39,0,0,40,93.07
945,24,0,0,0,8.191999979317188,4,4,0,0,40,0,0,40,2.55
945,24,0,1,0,72.7040022611618,4,4,0,0,40,0,0,40,2.55
945,24,0,2,0,8.191999979317188,4,4,0,0,40,0,0,40,2.55
945,24,0,3,0,4.095999989658594,4,4,0,0,40,0,0,40,2.55
945,40,0,0,1,16.383999958634377,4,4,0,1,39,0,0,40,289.359
945,40,0,1,1,61.43999844789505,4,4,0,1,39,0,0,40,289.359
945,40,0,2,1,9.216000325977802,4,4,0,1,39,0,0,40,289.359
945,40,0,3,1,199.68000054359436,4,4,0,1,39,0,0,40,289.359
946,2,0,0,0,8.191999979317188,1,1,0,0,10,0,0,10,3.211
946,2,0,1,0,31.74399957060814,1,1,0,0,10,0,0,10,3.211
946,2,0,2,0,8.191999979317188,1,1,0,0,10,0,0,10,3.211
946,2,0,3,0,5.119999870657921,1,1,0,0,10,0,0,10,3.211
946,24,0,0,0,8.191999979317188,1,1,0,0,10,0,0,10,0.56
946,24,0,1,0,31.74399957060814,1,1,0,0,10,0,0,10,0.56
946,24,0,2,0,9.216000325977802,1,1,0,0,10,0,0,10,0.56
946,24,0,3,0,5.119999870657921,1,1,0,0,10,0,0,10,0.56
946,40,0,0,1,8.191999979317188,1,1,0,1,9,0,0,10,65.219
946,40,0,1,1,32.76799991726875,1,1,0,1,9,0,0,10,65.219
946,40,0,2,1,9.216000325977802,1,1,0,1,9,0,0,10,65.219
946,40,0,3,1,11.264000087976456,1,1,0,1,9,0,0,10,65.219
947,2,0,0,0,14.336000196635723,4,4,0,0,40,0,0,40,2.991
947,2,0,1,0,89.08800035715103,4,4,0,0,40,0,0,40,2.991
947,2,0,2,0,9.216000325977802,4,4,0,0,40,0,0,40,2.991
947,2,0,3,0,5.119999870657921,4,4,0,0,40,0,0,40,2.991
947,24,0,0,0,8.191999979317188,4,4,0,1,39,0,0,40,93.6
947,24,0,1,0,78.84799689054489,4,4,0,1,39,0,0,40,93.6
947,24,0,2,0,9.216000325977802,4,4,0,1,39,0,0,40,93.6
947,24,0,3,0,4.095999989658594,4,4,0,1,39,0,0,40,93.6
947,40,0,0,1,9.216000325977802,4,4,0,2,38,0,0,40,102.949
947,40,0,1,1,66.56000018119812,4,4,0,2,38,0,0,40,102.949
947,40,0,2,1,9.216000325977802,4,4,0,2,38,0,0,40,102.949
947,40,0,3,1,12.28800043463707,4,4,0,2,38,0,0,40,102.949
948,2,0,0,0,14.336000196635723,4,4,0,0,40,0,0,40,4.4
948,2,0,1,0,90.11200070381165,4,4,0,0,40,0,0,40,4.4
948,2,0,2,0,9.216000325977802,4,4,0,0,40,0,0,40,4.4
948,2,0,3,0,5.119999870657921,4,4,0,0,40,0,0,40,4.4
948,24,0,0,0,9.216000325977802,4,4,0,0,40,0,0,40,4.79
948,24,0,1,0,78.84799689054489,4,4,0,0,40,0,0,40,4.79
948,24,0,2,0,9.216000325977802,4,4,0,0,40,0,0,40,4.79
948,24,0,3,0,4.095999989658594,4,4,0,0,40,0,0,40,4.79
948,40,0,0,1,8.191999979317188,4,4,0,0,40,0,0,40,1.95
948,40,0,1,1,68.60800087451935,4,4,0,0,40,0,0,40,1.95
948,40,0,2,1,8.191999979317188,4,4,0,0,40,0,0,40,1.95
948,40,0,3,1,4.095999989658594,4,4,0,0,40,0,0,40,1.95
949,2,0,0,0,15.359999611973763,3,3,0,0,30,0,0,30,3.8
949,2,0,1,0,73.72800260782242,3,3,0,0,30,0,0,30,3.8
949,2,0,2,0,9.216000325977802,3,3,0,0,30,0,0,30,3.8
949,2,0,3,0,7.168000098317862,3,3,0,0,30,0,0,30,3.8
949,24,0,0,0,9.216000325977802,3,3,0,0,30,0,0,30,1.769
949,24,0,1,0,64.51199948787689,3,3,0,0,30,0,0,30,1.769
949,24,0,2,0,9.216000325977802,3,3,0,0,30,0,0,30,1.769
949,24,0,3,0,4.095999989658594,3,3,0,0,30,0,0,30,1.769
949,40,0,0,1,10.239999741315842,3,3,0,0,30,0,0,30,1.499
949,40,0,1,1,55.296000093221664,3,3,0,0,30,0,0,30,1.499
949,40,0,2,1,9.216000325977802,3,3,0,0,30,0,0,30,1.499
949,40,0,3,1,4.095999989658594,3,3,0,0,30,0,0,30,1.499
950,2,0,0,0,8.191999979317188,1,1,0,0,10,0,0,10,1.069
950,2,0,1,0,31.74399957060814,1,1,0,0,10,0,0,10,1.069
950,2,0,2,0,9.216000325977802,1,1,0,0,10,0,0,10,1.069
950,2,0,3,0,4.095999989658594,1,1,0,0,10,0,0,10,1.069
950,24,0,0,0,9.216000325977802,1,1,0,1,9,0,0,10,48.971
950,24,0,1,0,31.74399957060814,1,1,0,1,9,0,0,10,48.971
950,24,0,2,0,9.216000325977802,1,1,0,1,9,0,0,10,48.971
950,24,0,3,0,4.095999989658594,1,1,0,1,9,0,0,10,48.971
950,40,0,0,1,8.191999979317188,1,1,0,0,10,0,0,10,2.851
950,40,0,1,1,35.840000957250595,1,1,0,0,10,0,0,10,2.851
950,40,0,2,1,9.216000325977802,1,1,0,0,10,0,0,10,2.851
950,40,0,3,1,4.095999989658594,1,1,0,0,10,0,0,10,2.851
951,2,0,0,0,9.216000325977802,2,2,0,0,20,0,0,20,1.16
951,2,0,1,0,40.95999896526337,2,2,0,0,20,0,0,20,1.16
951,2,0,2,0,8.191999979317188,2,2,0,0,20,0,0,20,1.16
951,2,0,3,0,5.119999870657921,2,2,0,0,20,0,0,20,1.16
951,24,0,0,0,9.216000325977802,2,2,0,2,18,0,0,20,55.28
951,24,0,1,0,36.86400130391121,2,2,0,2,18,0,0,20,55.28
951,24,0,2,0,9.216000325977802,2,2,0,2,18,0,0,20,55.28
951,24,0,3,0,4.095999989658594,2,2,0,2,18,0,0,20,55.28
951,40,0,0,1,9.216000325977802,2,2,0,0,20,0,0,20,1.111
951,40,0,1,1,38.91199827194214,2,2,0,0,20,0,0,20,1.111
951,40,0,2,1,9.216000325977802,2,2,0,0,20,0,0,20,1.111
951,40,0,3,1,4.095999989658594,2,2,0,0,20,0,0,20,1.111
952,2,0,0,0,8.191999979317188,4,4,0,1,39,0,0,40,91.53
952,2,0,1,0,81.91999793052673,4,4,0,1,39,0,0,40,91.53
952,2,0,2,0,8.191999979317188,4,4,0,1,39,0,0,40,91.53
952,2,0,3,0,6.144000217318535,4,4,0,1,39,0,0,40,91.53
952,24,0,0,0,9.216000325977802,4,4,0,0,40,0,0,40,2.44
952,24,0,1,0,84.99199897050858,4,4,0,0,40,0,0,40,2.44
952,24,0,2,0,9.216000325977802,4,4,0,0,40,0,0,40,2.44
952,24,0,3,0,3.0720001086592674,4,4,0,0,40,0,0,40,2.44
952,40,0,0,1,8.191999979317188,4,4,0,0,40,0,0,40,5.229
952,40,0,1,1,102.39999741315842,4,4,0,0,40,0,0,40,5.229
952,40,0,2,1,9.216000325977802,4,4,0,0,40,0,0,40,5.229
952,40,0,3,1,4.095999989658594,4,4,0,0,40,0,0,40,5.229
953,2,0,0,0,14.336000196635723,4,4,0,0,40,0,0,40,1.91
953,2,0,1,0,73.72800260782242,4,4,0,0,40,0,0,40,1.91
953,2,0,2,0,10.239999741315842,4,4,0,0,40,0,0,40,1.91
953,2,0,3,0,5.119999870657921,4,4,0,0,40,0,0,40,1.91
953,24,0,0,0,8.191999979317188,4,4,0,0,40,0,0,40,2.15
953,24,0,1,0,62.463998794555664,4,4,0,0,40,0,0,40,2.15
953,24,0,2,0,9.216000325977802,4,4,0,0,40,0,0,40,2.15
953,24,0,3,0,4.095999989658594,4,4,0,0,40,0,0,40,2.15
953,40,0,0,1,10.239999741315842,4,4,0,0,40,0,0,40,2.07
953,40,0,1,1,66.56000018119812,4,4,0,0,40,0,0,40,2.07
953,40,0,2,1,9.216000325977802,4,4,0,0,40,0,0,40,2.07
953,40,0,3,1,4.095999989658594,4,4,0,0,40,0,0,40,2.07
954,2,0,0,0,8.191999979317188,4,4,0,1,39,0,0,40,89.779
954,2,0,1,0,87.0399996638298,4,4,0,1,39,0,0,40,89.779
954,2,0,2,0,8.191999979317188,4,4,0,1,39,0,0,40,89.779
954,2,0,3,0,6.144000217318535,4,4,0,1,39,0,0,40,89.779
954,24,0,0,0,8.191999979317188,4,4,0,2,38,0,0,40,102.53
954,24,0,1,0,60.416001826524734,4,4,0,2,38,0,0,40,102.53
954,24,0,2,0,9.216000325977802,4,4,0,2,38,0,0,40,102.53
954,24,0,3,0,21.503999829292297,4,4,0,2,38,0,0,40,102.53
954,40,0,0,1,10.239999741315842,4,4,0,0,40,0,0,40,2.33
954,40,0,1,1,53.247999399900436,4,4,0,0,40,0,0,40,2.33
954,40,0,2,1,9.216000325977802,4,4,0,0,40,0,0,40,2.33
954,40,0,3,1,4.095999989658594,4,4,0,0,40,0,0,40,2.33
955,2,0,0,0,14.336000196635723,4,4,0,0,40,0,0,40,4.59
955,2,0,1,0,77.82399654388428,4,4,0,0,40,0,0,40,4.59
955,2,0,2,0,9.216000325977802,4,4,0,0,40,0,0,40,4.59
955,2,0,3,0,5.119999870657921,4,4,0,0,40,0,0,40,4.59
955,24,0,0,0,9.216000325977802,4,4,0,4,36,0,0,40,75.98
955,24,0,1,0,58.36800113320351,4,4,0,4,36,0,0,40,75.98
955,24,0,2,0,9.216000325977802,4,4,0,4,36,0,0,40,75.98
955,24,0,3,0,4.095999989658594,4,4,0,4,36,0,0,40,75.98
955,40,0,0,1,10.239999741315842,4,4,0,1,39,0,0,40,182.439
955,40,0,1,1,67.58400052785873,4,4,0,1,39,0,0,40,182.439
955,40,0,2,1,9.216000325977802,4,4,0,1,39,0,0,40,182.439
955,40,0,3,1,91.13600105047226,4,4,0,1,39,0,0,40,182.439
956,2,0,0,0,15.359999611973763,2,2,0,0,20,0,0,20,1.129
956,2,0,1,0,50.175998359918594,2,2,0,0,20,0,0,20,1.129
956,2,0,2,0,9.216000325977802,2,2,0,0,20,0,0,20,1.129
956,2,0,3,0,5.119999870657921,2,2,0,0,20,0,0,20,1.129
956,24,0,0,0,15.359999611973763,2,2,0,0,20,0,0,20,3.429
956,24,0,1,0,50.175998359918594,2,2,0,0,20,0,0,20,3.429
956,24,0,2,0,9.216000325977802,2,2,0,0,20,0,0,20,3.429
956,24,0,3,0,4.095999989658594,2,2,0,0,20,0,0,20,3.429
956,40,0,0,1,11.264000087976456,2,2,0,0,20,0,0,20,0.98
956,40,0,1,1,41.98399931192398,2,2,0,0,20,0,0,20,0.98
956,40,0,2,1,9.216000325977802,2,2,0,0,20,0,0,20,0.98
956,40,0,3,1,4.095999989658594,2,2,0,0,20,0,0,20,0.98
957,2,0,0,0,9.216000325977802,2,2,0,0,20,0,0,20,1.25
957,2,0,1,0,50.175998359918594,2,2,0,0,20,0,0,20,1.25
957,2,0,2,0,9.216000325977802,2,2,0,0,20,0,0,20,1.25
957,2,0,3,0,6.144000217318535,2,2,0,0,20,0,0,20,1.25
957,24,0,0,0,9.216000325977802,2,2,0,1,19,0,0,20,55.61
957,24,0,1,0,38.91199827194214,2,2,0,1,19,0,0,20,55.61
957,24,0,2,0,8.191999979317188,2,2,0,1,19,0,0,20,55.61
957,24,0,3,0,4.095999989658594,2,2,0,1,19,0,0,20,55.61
957,40,0,0,1,9.216000325977802,2,2,0,1,19,0,0,20,80.61
957,40,0,1,1,41.98399931192398,2,2,0,1,19,0,0,20,80.61
957,40,0,2,1,9.216000325977802,2,2,0,1,19,0,0,20,80.61
957,40,0,3,1,20.479999482631683,2,2,0,1,19,0,0,20,80.61
958,2,0,0,0,15.359999611973763,3,3,0,0,30,0,0,30,1.43
958,2,0,1,0,63.48799914121628,3,3,0,0,30,0,0,30,1.43
958,2,0,2,0,9.216000325977802,3,3,0,0,30,0,0,30,1.43
958,2,0,3,0,5.119999870657921,3,3,0,0,30,0,0,30,1.43
958,24,0,0,0,9.216000325977802,3,3,0,0,30,0,0,30,1.62
958,24,0,1,0,50.175998359918594,3,3,0,0,30,0,0,30,1.62
958,24,0,2,0,9.216000325977802,3,3,0,0,30,0,0,30,1.62
958,24,0,3,0,4.095999989658594,3,3,0,0,30,0,0,30,1.62
958,40,0,0,1,8.191999979317188,3,3,0,0,30,0,0,30,1.63
958,40,0,1,1,61.43999844789505,3,3,0,0,30,0,0,30,1.63
958,40,0,2,1,10.239999741315842,3,3,0,0,30,0,0,30,1.63
958,40,0,3,1,4.095999989658594,3,3,0,0,30,0,0,30,1.63
959,2,0,0,0,10.239999741315842,1,1,0,0,10,0,0,10,0.5
959,2,0,1,0,31.74399957060814,1,1,0,0,10,0,0,10,0.5
959,2,0,2,0,9.216000325977802,1,1,0,0,10,0,0,10,0.5
959,2,0,3,0,5.119999870657921,1,1,0,0,10,0,0,10,0.5
959,24,0,0,0,8.191999979317188,1,1,0,0,10,0,0,10,0.77
959,24,0,1,0,32.76799991726875,1,1,0,0,10,0,0,10,0.77
959,24,0,2,0,9.216000325977802,1,1,0,0,10,0,0,10,0.77
959,24,0,3,0,4.095999989658594,1,1,0,0,10,0,0,10,0.77
959,40,0,0,1,8.191999979317188,1,1,0,1,9,0,0,10,47.799
959,40,0,1,1,33.79200026392937,1,1,0,1,9,0,0,10,47.799
959,40,0,2,1,9.216000325977802,1,1,0,1,9,0,0,10,47.799
959,40,0,3,1,4.095999989658594,1,1,0,1,9,0,0,10,47.799
960,2,0,0,0,8.191999979317188,3,3,0,0,30,0,0,30,3.28
960,2,0,1,0,51.19999870657921,3,3,0,0,30,0,0,30,3.28
960,2,0,2,0,9.216000325977802,3,3,0,0,30,0,0,30,3.28
960,2,0,3,0,5.119999870657921,3,3,0,0,30,0,0,30,3.28
960,24,0,0,0,9.216000325977802,3,3,0,1,29,0,0,30,80.409
960,24,0,1,0,43.007999658584595,3,3,0,1,29,0,0,30,80.409
960,24,0,2,0,9.216000325977802,3,3,0,1,29,0,0,30,80.409
960,24,0,3,0,15.359999611973763,3,3,0,1,29,0,0,30,80.409
960,40,0,0,1,9.216000325977802,3,3,0,0,30,0,0,30,1.43
960,40,0,1,1,54.27199974656105,3,3,0,0,30,0,0,30,1.43
960,40,0,2,1,9.216000325977802,3,3,0,0,30,0,0,30,1.43
960,40,0,3,1,4.095999989658594,3,3,0,0,30,0,0,30,1.43
961,2,0,0,0,8.191999979317188,2,2,0,0,20,0,0,20,2.95
961,2,0,1,0,52.22399905323982,2,2,0,0,20,0,0,20,2.95
961,2,0,2,0,9.216000325977802,2,2,0,0,20,0,0,20,2.95
961,2,0,3,0,5.119999870657921,2,2,0,0,20,0,0,20,2.95
961,24,0,0,0,9.216000325977802,2,2,0,0,20,0,0,20,1.44
961,24,0,1,0,43.007999658584595,2,2,0,0,20,0,0,20,1.44
961,24,0,2,0,9.216000325977802,2,2,0,0,20,0,0,20,1.44
961,24,0,3,0,4.095999989658594,2,2,0,0,20,0,0,20,1.44
961,40,0,0,1,8.191999979317188,2,2,0,0,20,0,0,20,1.04
961,40,0,1,1,44.03200000524521,2,2,0,0,20,0,0,20,1.04
961,40,0,2,1,9.216000325977802,2,2,0,0,20,0,0,20,1.04
961,40,0,3,1,4.095999989658594,2,2,0,0,20,0,0,20,1.04
962,2,0,0,0,8.191999979317188,4,4,0,1,39,0,0,40,98.379
962,2,0,1,0,82.94399827718735,4,4,0,1,39,0,0,40,98.379
962,2,0,2,0,9.216000325977802,4,4,0,1,39,0,0,40,98.379
962,2,0,3,0,5.119999870657921,4,4,0,1,39,0,0,40,98.379
962,24,0,0,0,8.191999979317188,4,4,0,0,40,0,0,40,1.93
962,24,0,1,0,65.5359998345375,4,4,0,0,40,0,0,40,1.93
962,24,0,2,0,9.216000325977802,4,4,0,0,40,0,0,40,1.93
962,24,0,3,0,4.095999989658594,4,4,0,0,40,0,0,40,1.93
962,40,0,0,1,9.216000325977802,4,4,0,0,40,0,0,40,4.28
962,40,0,1,1,69.63200122117996,4,4,0,0,40,0,0,40,4.28
962,40,0,2,1,9.216000325977802,4,4,0,0,40,0,0,40,4.28
962,40,0,3,1,4.095999989658594,4,4,0,0,40,0,0,40,4.28
963,2,0,0,0,15.359999611973763,4,4,0,0,40,0,0,40,2.469
963,2,0,1,0,81.91999793052673,4,4,0,0,40,0,0,40,2.469
963,2,0,2,0,9.216000325977802,4,4,0,0,40,0,0,40,2.469
963,2,0,3,0,5.119999870657921,4,4,0,0,40,0,0,40,2.469
963,24,0,0,0,8.191999979317188,4,4,0,0,40,0,0,40,2.29
963,24,0,1,0,75.77600330114365,4,4,0,0,40,0,0,40,2.29
963,24,0,2,0,9.216000325977802,4,4,0,0,40,0,0,40,2.29
963,24,0,3,0,3.0720001086592674,4,4,0,0,40,0,0,40,2.29
963,40,0,0,1,9.216000325977802,4,4,0,0,40,0,0,40,1.88
963,40,0,1,1,66.56000018119812,4,4,0,0,40,0,0,40,1.88
963,40,0,2,1,9.216000325977802,4,4,0,0,40,0,0,40,1.88
963,40,0,3,1,4.095999989658594,4,4,0,0,40,0,0,40,1.88
964,2,0,0,0,8.191999979317188,3,3,0,3,27,0,0,30,95.259
964,2,0,1,0,64.51199948787689,3,3,0,3,27,0,0,30,95.259
964,2,0,2,0,8.191999979317188,3,3,0,3,27,0,0,30,95.259
964,2,0,3,0,10.239999741315842,3,3,0,3,27,0,0,30,95.259
964,24,0,0,0,15.359999611973763,3,3,0,0,30,0,0,30,1.49
964,24,0,1,0,46.08000069856644,3,3,0,0,30,0,0,30,1.49
964,24,0,2,0,9.216000325977802,3,3,0,0,30,0,0,30,1.49
964,24,0,3,0,4.095999989658594,3,3,0,0,30,0,0,30,1.49
964,40,0,0,1,9.216000325977802,3,3,0,0,30,0,0,30,1.54
964,40,0,1,1,59.39200147986412,3,3,0,0,30,0,0,30,1.54
964,40,0,2,1,9.216000325977802,3,3,0,0,30,0,0,30,1.54
964,40,0,3,1,4.095999989658594,3,3,0,0,30,0,0,30,1.54
965,2,0,0,0,14.336000196635723,4,4,0,0,40,0,0,40,2.12
965,2,0,1,0,82.94399827718735,4,4,0,0,40,0,0,40,2.12
965,2,0,2,0,9.216000325977802,4,4,0,0,40,0,0,40,2.12
965,2,0,3,0,6.144000217318535,4,4,0,0,40,0,0,40,2.12
965,24,0,0,0,8.191999979317188,4,4,0,1,39,0,0,40,71.42
965,24,0,1,0,60.416001826524734,4,4,0,1,39,0,0,40,71.42
965,24,0,2,0,9.216000325977802,4,4,0,1,39,0,0,40,71.42
965,24,0,3,0,4.095999989658594,4,4,0,1,39,0,0,40,71.42
965,40,0,0,1,9.216000325977802,4,4,0,0,40,0,0,40,2.06
965,40,0,1,1,69.63200122117996,4,4,0,0,40,0,0,40,2.06
965,40,0,2,1,9.216000325977802,4,4,0,0,40,0,0,40,2.06
965,40,0,3,1,4.095999989658594,4,4,0,0,40,0,0,40,2.06
966,2,0,0,0,8.191999979317188,2,2,0,0,20,0,0,20,1.08
966,2,0,1,0,50.175998359918594,2,2,0,0,20,0,0,20,1.08
966,2,0,2,0,9.216000325977802,2,2,0,0,20,0,0,20,1.08
966,2,0,3,0,6.144000217318535,2,2,0,0,20,0,0,20,1.08
966,24,0,0,0,8.191999979317188,2,2,0,0,20,0,0,20,2.8
966,24,0,1,0,43.007999658584595,2,2,0,0,20,0,0,20,2.8
966,24,0,2,0,9.216000325977802,2,2,0,0,20,0,0,20,2.8
966,24,0,3,0,4.095999989658594,2,2,0,0,20,0,0,20,2.8
966,40,0,0,1,9.216000325977802,2,2,0,1,19,0,0,20,68.989
966,40,0,1,1,50.175998359918594,2,2,0,1,19,0,0,20,68.989
966,40,0,2,1,10.239999741315842,2,2,0,1,19,0,0,20,68.989
966,40,0,3,1,4.095999989658594,2,2,0,1,19,0,0,20,68.989
967,2,0,0,0,8.191999979317188,1,1,0,1,9,0,0,10,104.529
967,2,0,1,0,29.69600073993206,1,1,0,1,9,0,0,10,104.529
967,2,0,2,0,9.216000325977802,1,1,0,1,9,0,0,10,104.529
967,2,0,3,0,53.247999399900436,1,1,0,1,9,0,0,10,104.529
967,24,0,0,0,9.216000325977802,1,1,0,0,10,0,0,10,0.56
967,24,0,1,0,31.74399957060814,1,1,0,0,10,0,0,10,0.56
967,24,0,2,0,9.216000325977802,1,1,0,0,10,0,0,10,0.56
967,24,0,3,0,4.095999989658594,1,1,0,0,10,0,0,10,0.56
967,40,0,0,1,10.239999741315842,1,1,0,0,10,0,0,10,0.48
967,40,0,1,1,34.81600061058998,1,1,0,0,10,0,0,10,0.48
967,40,0,2,1,9.216000325977802,1,1,0,0,10,0,0,10,0.48
967,40,0,3,1,4.095999989658594,1,1,0,0,10,0,0,10,0.48
968,2,0,0,0,14.336000196635723,4,4,0,0,40,0,0,40,2.1
968,2,0,1,0,68.60800087451935,4,4,0,0,40,0,0,40,2.1
968,2,0,2,0,9.216000325977802,4,4,0,0,40,0,0,40,2.1
968,2,0,3,0,5.119999870657921,4,4,0,0,40,0,0,40,2.1
968,24,0,0,0,8.191999979317188,4,4,0,0,40,0,0,40,3.5
968,24,0,1,0,58.36800113320351,4,4,0,0,40,0,0,40,3.5
968,24,0,2,0,9.216000325977802,4,4,0,0,40,0,0,40,3.5
968,24,0,3,0,4.095999989658594,4,4,0,0,40,0,0,40,3.5
968,40,0,0,1,16.383999958634377,4,4,0,1,39,0,0,40,80.679
968,40,0,1,1,83.96799862384796,4,4,0,1,39,0,0,40,80.679
968,40,0,2,1,9.216000325977802,4,4,0,1,39,0,0,40,80.679
968,40,0,3,1,4.095999989658594,4,4,0,1,39,0,0,40,80.679
969,2,0,0,0,8.191999979317188,4,4,0,1,39,0,0,40,273.769
969,2,0,1,0,77.82399654388428,4,4,0,1,39,0,0,40,273.769
969,2,0,2,0,9.216000325977802,4,4,0,1,39,0,0,40,273.769
969,2,0,3,0,176.12800002098083,4,4,0,1,39,0,0,40,273.769
969,24,0,0,0,8.191999979317188,4,4,0,0,40,0,0,40,4.3
969,24,0,1,0,76.80000364780426,4,4,0,0,40,0,0,40,4.3
969,24,0,2,0,9.216000325977802,4,4,0,0,40,0,0,40,4.3
969,24,0,3,0,4.095999989658594,4,4,0,0,40,0,0,40,4.3
969,40,0,0,1,16.383999958634377,4,4,0,1,39,0,0,40,77.47
969,40,0,1,1,87.0399996638298,4,4,0,1,39,0,0,40,77.47
969,40,0,2,1,9.216000325977802,4,4,0,1,39,0,0,40,77.47
969,40,0,3,1,4.095999989658594,4,4,0,1,39,0,0,40,77.47
970,2,0,0,0,8.191999979317188,4,4,0,4,35,1,0,40,287.268
970,2,0,1,0,80.89599758386612,4,4,0,4,35,1,0,40,287.268
970,2,0,2,0,162.81600296497345,4,4,0,4,35,1,0,40,287.268
970,2,0,3,0,33.79200026392937,4,4,0,4,35,1,0,40,287.268
970,24,0,0,0,8.191999979317188,4,4,0,0,40,0,0,40,2.05
970,24,0,1,0,82.94399827718735,4,4,0,0,40,0,0,40,2.05
970,24,0,2,0,9.216000325977802,4,4,0,0,40,0,0,40,2.05
970,24,0,3,0,4.095999989658594,4,4,0,0,40,0,0,40,2.05
970,40,0,0,1,9.216000325977802,4,4,0,2,38,0,0,40,121.11
970,40,0,1,1,101.3759970664978,4,4,0,2,38,0,0,40,121.11
970,40,0,2,1,9.216000325977802,4,4,0,2,38,0,0,40,121.11
970,40,0,3,1,4.095999989658594,4,4,0,2,38,0,0,40,121.11
971,2,0,0,0,13.311999849975109,4,4,0,1,39,0,0,40,66.7
971,2,0,1,0,73.72800260782242,4,4,0,1,39,0,0,40,66.7
971,2,0,2,0,9.216000325977802,4,4,0,1,39,0,0,40,66.7
971,2,0,3,0,5.119999870657921,4,4,0,1,39,0,0,40,66.7
971,24,0,0,0,9.216000325977802,4,4,0,0,40,0,0,40,2.371
971,24,0,1,0,77.82399654388428,4,4,0,0,40,0,0,40,2.371
971,24,0,2,0,9.216000325977802,4,4,0,0,40,0,0,40,2.371
971,24,0,3,0,4.095999989658594,4,4,0,0,40,0,0,40,2.371
971,40,0,0,1,9.216000325977802,4,4,0,0,40,0,0,40,4.66
971,40,0,1,1,98.30400347709656,4,4,0,0,40,0,0,40,4.66
971,40,0,2,1,9.216000325977802,4,4,0,0,40,0,0,40,4.66
971,40,0,3,1,4.095999989658594,4,4,0,0,40,0,0,40,4.66
972,2,0,0,0,15.359999611973763,4,4,0,3,37,0,0,40,156.33
972,2,0,1,0,86.01599931716919,4,4,0,3,37,0,0,40,156.33
972,2,0,2,0,10.239999741315842,4,4,0,3,37,0,0,40,156.33
972,2,0,3,0,41.98399931192398,4,4,0,3,37,0,0,40,156.33
972,24,0,0,0,7.168000098317862,4,4,0,0,40,0,0,40,2.23
972,24,0,1,0,64.51199948787689,4,4,0,0,40,0,0,40,2.23
972,24,0,2,0,9.216000325977802,4,4,0,0,40,0,0,40,2.23
972,24,0,3,0,4.095999989658594,4,4,0,0,40,0,0,40,2.23
972,40,0,0,1,9.216000325977802,4,4,0,0,40,0,0,40,5.42
972,40,0,1,1,92.16000139713287,4,4,0,0,40,0,0,40,5.42
972,40,0,2,1,10.239999741315842,4,4,0,0,40,0,0,40,5.42
972,40,0,3,1,4.095999989658594,4,4,0,0,40,0,0,40,5.42
973,2,0,0,0,9.216000325977802,4,4,0,1,39,0,0,40,65.21
973,2,0,1,0,73.72800260782242,4,4,0,1,39,0,0,40,65.21
973,2,0,2,0,9.216000325977802,4,4,0,1,39,0,0,40,65.21
973,2,0,3,0,5.119999870657921,4,4,0,1,39,0,0,40,65.21
973,24,0,0,0,8.191999979317188,4,4,0,2,38,0,0,40,125.25
973,24,0,1,0,81.91999793052673,4,4,0,2,38,0,0,40,125.25
973,24,0,2,0,9.216000325977802,4,4,0,2,38,0,0,40,125.25
973,24,0,3,0,21.503999829292297,4,4,0,2,38,0,0,40,125.25
973,40,0,0,1,9.216000325977802,4,4,0,1,39,0,0,40,77.78
973,40,0,1,1,94.2080020904541,4,4,0,1,39,0,0,40,77.78
973,40,0,2,1,9.216000325977802,4,4,0,1,39,0,0,40,77.78
973,40,0,3,1,4.095999989658594,4,4,0,1,39,0,0,40,77.78
974,2,0,0,0,14.336000196635723,4,4,0,0,40,0,0,40,4.19
974,2,0,1,0,57.34400078654289,4,4,0,0,40,0,0,40,4.19
974,2,0,2,0,9.216000325977802,4,4,0,0,40,0,0,40,4.19
974,2,0,3,0,7.168000098317862,4,4,0,0,40,0,0,40,4.19
974,24,0,0,0,9.216000325977802,4,4,0,3,37,0,0,40,82.69
974,24,0,1,0,48.128001391887665,4,4,0,3,37,0,0,40,82.69
974,24,0,2,0,10.239999741315842,4,4,0,3,37,0,0,40,82.69
974,24,0,3,0,11.264000087976456,4,4,0,3,37,0,0,40,82.69
974,40,0,0,1,10.239999741315842,4,4,0,1,39,0,0,40,82.27
974,40,0,1,1,83.96799862384796,4,4,0,1,39,0,0,40,82.27
974,40,0,2,1,9.216000325977802,4,4,0,1,39,0,0,40,82.27
974,40,0,3,1,4.095999989658594,4,4,0,1,39,0,0,40,82.27
975,2,0,0,0,8.191999979317188,4,4,0,3,36,1,0,40,272.579
975,2,0,1,0,83.96799862384796,4,4,0,3,36,1,0,40,272.579
975,2,0,2,0,167.93599724769592,4,4,0,3,36,1,0,40,272.579
975,2,0,3,0,9.216000325977802,4,4,0,3,36,1,0,40,272.579
975,24,0,0,0,9.216000325977802,4,4,0,0,40,0,0,40,2.24
975,24,0,1,0,74.75200295448303,4,4,0,0,40,0,0,40,2.24
975,24,0,2,0,9.216000325977802,4,4,0,0,40,0,0,40,2.24
975,24,0,3,0,4.095999989658594,4,4,0,0,40,0,0,40,2.24
975,40,0,0,1,9.216000325977802,4,4,0,1,39,0,0,40,75.369
975,40,0,1,1,89.08800035715103,4,4,0,1,39,0,0,40,75.369
975,40,0,2,1,8.191999979317188,4,4,0,1,39,0,0,40,75.369
975,40,0,3,1,5.119999870657921,4,4,0,1,39,0,0,40,75.369
976,2,0,0,0,15.359999611973763,3,3,0,1,29,0,0,30,79.759
976,2,0,1,0,62.463998794555664,3,3,0,1,29,0,0,30,79.759
976,2,0,2,0,9.216000325977802,3,3,0,1,29,0,0,30,79.759
976,2,0,3,0,5.119999870657921,3,3,0,1,29,0,0,30,79.759
976,24,0,0,0,10.239999741315842,3,3,0,0,30,0,0,30,1.78
976,24,0,1,0,52.22399905323982,3,3,0,0,30,0,0,30,1.78
976,24,0,2,0,9.216000325977802,3,3,0,0,30,0,0,30,1.78
976,24,0,3,0,4.095999989658594,3,3,0,0,30,0,0,30,1.78
976,40,0,0,1,8.191999979317188,3,3,0,0,30,0,0,30,1.589
976,40,0,1,1,48.128001391887665,3,3,0,0,30,0,0,30,1.589
976,40,0,2,1,9.216000325977802,3,3,0,0,30,0,0,30,1.589
976,40,0,3,1,4.095999989658594,3,3,0,0,30,0,0,30,1.589
977,2,0,0,0,8.191999979317188,1,1,0,0,10,0,0,10,0.58
977,2,0,1,0,31.74399957060814,1,1,0,0,10,0,0,10,0.58
977,2,0,2,0,9.216000325977802,1,1,0,0,10,0,0,10,0.58
977,2,0,3,0,5.119999870657921,1,1,0,0,10,0,0,10,0.58
977,24,0,0,0,10.239999741315842,1,1,0,0,10,0,0,10,0.56
977,24,0,1,0,31.74399957060814,1,1,0,0,10,0,0,10,0.56
977,24,0,2,0,9.216000325977802,1,1,0,0,10,0,0,10,0.56
977,24,0,3,0,4.095999989658594,1,1,0,0,10,0,0,10,0.56
977,40,0,0,1,9.216000325977802,1,1,0,0,10,0,0,10,0.48
977,40,0,1,1,34.81600061058998,1,1,0,0,10,0,0,10,0.48
977,40,0,2,1,9.216000325977802,1,1,0,0,10,0,0,10,0.48
977,40,0,3,1,4.095999989658594,1,1,0,0,10,0,0,10,0.48
978,2,0,0,0,13.311999849975109,4,4,0,0,40,0,0,40,2.989
978,2,0,1,0,70.65600156784058,4,4,0,0,40,0,0,40,2.989
978,2,0,2,0,8.191999979317188,4,4,0,0,40,0,0,40,2.989
978,2,0,3,0,5.119999870657921,4,4,0,0,40,0,0,40,2.989
978,24,0,0,0,8.191999979317188,4,4,0,0,40,0,0,40,1.811
978,24,0,1,0,63.48799914121628,4,4,0,0,40,0,0,40,1.811
978,24,0,2,0,9.216000325977802,4,4,0,0,40,0,0,40,1.811
978,24,0,3,0,4.095999989658594,4,4,0,0,40,0,0,40,1.811
978,40,0,0,1,16.383999958634377,4,4,0,1,39,0,0,40,78.52
978,40,0,1,1,78.84799689054489,4,4,0,1,39,0,0,40,78.52
978,40,0,2,1,9.216000325977802,4,4,0,1,39,0,0,40,78.52
978,40,0,3,1,3.0720001086592674,4,4,0,1,39,0,0,40,78.52
979,2,0,0,0,15.359999611973763,4,4,0,2,38,0,0,40,103.479
979,2,0,1,0,73.72800260782242,4,4,0,2,38,0,0,40,103.479
979,2,0,2,0,9.216000325977802,4,4,0,2,38,0,0,40,103.479
979,2,0,3,0,6.144000217318535,4,4,0,2,38,0,0,40,103.479
979,24,0,0,0,8.191999979317188,4,4,0,0,40,0,0,40,2.14
979,24,0,1,0,78.84799689054489,4,4,0,0,40,0,0,40,2.14
979,24,0,2,0,9.216000325977802,4,4,0,0,40,0,0,40,2.14
979,24,0,3,0,4.095999989658594,4,4,0,0,40,0,0,40,2.14
979,40,0,0,1,9.216000325977802,4,4,0,0,40,0,0,40,2.4
979,40,0,1,1,86.01599931716919,4,4,0,0,40,0,0,40,2.4
979,40,0,2,1,9.216000325977802,4,4,0,0,40,0,0,40,2.4
979,40,0,3,1,4.095999989658594,4,4,0,0,40,0,0,40,2.4
980,2,0,0,0,8.191999979317188,1,1,0,0,10,0,0,10,0.99
980,2,0,1,0,31.74399957060814,1,1,0,0,10,0,0,10,0.99
980,2,0,2,0,8.191999979317188,1,1,0,0,10,0,0,10,0.99
980,2,0,3,0,6.144000217318535,1,1,0,0,10,0,0,10,0.99
980,24,0,0,0,15.359999611973763,1,1,0,1,9,0,0,10,57.62
980,24,0,1,0,30.719999223947525,1,1,0,1,9,0,0,10,57.62
980,24,0,2,0,10.239999741315842,1,1,0,1,9,0,0,10,57.62
980,24,0,3,0,4.095999989658594,1,1,0,1,9,0,0,10,57.62
980,40,0,0,1,9.216000325977802,1,1,0,1,9,0,0,10,87.7
980,40,0,1,1,33.79200026392937,1,1,0,1,9,0,0,10,87.7
980,40,0,2,1,8.191999979317188,1,1,0,1,9,0,0,10,87.7
980,40,0,3,1,31.74399957060814,1,1,0,1,9,0,0,10,87.7
981,2,0,0,0,15.359999611973763,4,4,0,0,40,0,0,40,2.67
981,2,0,1,0,88.06400001049042,4,4,0,0,40,0,0,40,2.67
981,2,0,2,0,9.216000325977802,4,4,0,0,40,0,0,40,2.67
981,2,0,3,0,5.119999870657921,4,4,0,0,40,0,0,40,2.67
981,24,0,0,0,8.191999979317188,4,4,0,0,40,0,0,40,2.1
981,24,0,1,0,55.296000093221664,4,4,0,0,40,0,0,40,2.1
981,24,0,2,0,9.216000325977802,4,4,0,0,40,0,0,40,2.1
981,24,0,3,0,4.095999989658594,4,4,0,0,40,0,0,40,2.1
981,40,0,0,1,9.216000325977802,4,4,0,0,40,0,0,40,1.86
981,40,0,1,1,49.15200173854828,4,4,0,0,40,0,0,40,1.86
981,40,0,2,1,8.191999979317188,4,4,0,0,40,0,0,40,1.86
981,40,0,3,1,3.0720001086592674,4,4,0,0,40,0,0,40,1.86
982,2,0,0,0,14.336000196635723,4,4,0,0,40,0,0,40,2.62
982,2,0,1,0,69.63200122117996,4,4,0,0,40,0,0,40,2.62
982,2,0,2,0,9.216000325977802,4,4,0,0,40,0,0,40,2.62
982,2,0,3,0,5.119999870657921,4,4,0,0,40,0,0,40,2.62
982,24,0,0,0,8.191999979317188,4,4,0,1,39,0,0,40,66.871
982,24,0,1,0,61.43999844789505,4,4,0,1,39,0,0,40,66.871
982,24,0,2,0,9.216000325977802,4,4,0,1,39,0,0,40,66.871
982,24,0,3,0,4.095999989658594,4,4,0,1,39,0,0,40,66.871
982,40,0,0,1,9.216000325977802,4,4,0,1,39,0,0,40,87.951
982,40,0,1,1,75.77600330114365,4,4,0,1,39,0,0,40,87.951
982,40,0,2,1,9.216000325977802,4,4,0,1,39,0,0,40,87.951
982,40,0,3,1,4.095999989658594,4,4,0,1,39,0,0,40,87.951
983,2,0,0,0,14.336000196635723,4,4,0,0,40,0,0,40,4.59
983,2,0,1,0,67.58400052785873,4,4,0,0,40,0,0,40,4.59
983,2,0,2,0,8.191999979317188,4,4,0,0,40,0,0,40,4.59
983,2,0,3,0,5.119999870657921,4,4,0,0,40,0,0,40,4.59
983,24,0,0,0,7.168000098317862,4,4,0,1,39,0,0,40,154.761
983,24,0,1,0,65.5359998345375,4,4,0,1,39,0,0,40,154.761
983,24,0,2,0,9.216000325977802,4,4,0,1,39,0,0,40,154.761
983,24,0,3,0,73.72800260782242,4,4,0,1,39,0,0,40,154.761
983,40,0,0,1,9.216000325977802,4,4,0,2,38,0,0,40,114.581
983,40,0,1,1,75.77600330114365,4,4,0,2,38,0,0,40,114.581
983,40,0,2,1,9.216000325977802,4,4,0,2,38,0,0,40,114.581
983,40,0,3,1,16.383999958634377,4,4,0,2,38,0,0,40,114.581
984,2,0,0,0,15.359999611973763,2,2,0,0,20,0,0,20,2.97
984,2,0,1,0,49.15200173854828,2,2,0,0,20,0,0,20,2.97
984,2,0,2,0,8.191999979317188,2,2,0,0,20,0,0,20,2.97
984,2,0,3,0,5.119999870657921,2,2,0,0,20,0,0,20,2.97
984,24,0,0,0,9.216000325977802,2,2,0,3,16,1,0,20,153.569
984,24,0,1,0,44.03200000524521,2,2,0,3,16,1,0,20,153.569
984,24,0,2,0,168.96000504493713,2,2,0,3,16,1,0,20,153.569
984,24,0,3,0,5.119999870657921,2,2,0,3,16,1,0,20,153.569
984,40,0,0,1,9.216000325977802,2,2,0,0,20,0,0,20,1.049
984,40,0,1,1,44.03200000524521,2,2,0,0,20,0,0,20,1.049
984,40,0,2,1,9.216000325977802,2,2,0,0,20,0,0,20,1.049
984,40,0,3,1,4.095999989658594,2,2,0,0,20,0,0,20,1.049
985,2,0,0,0,13.311999849975109,4,4,0,0,40,0,0,40,5.23
985,2,0,1,0,66.56000018119812,4,4,0,0,40,0,0,40,5.23
985,2,0,2,0,9.216000325977802,4,4,0,0,40,0,0,40,5.23
985,2,0,3,0,8.191999979317188,4,4,0,0,40,0,0,40,5.23
985,24,0,0,0,14.336000196635723,4,4,0,0,40,0,0,40,4.75
985,24,0,1,0,80.89599758386612,4,4,0,0,40,0,0,40,4.75
985,24,0,2,0,9.216000325977802,4,4,0,0,40,0,0,40,4.75
985,24,0,3,0,4.095999989658594,4,4,0,0,40,0,0,40,4.75
985,40,0,0,1,9.216000325977802,4,4,0,0,40,0,0,40,3.14
985,40,0,1,1,83.96799862384796,4,4,0,0,40,0,0,40,3.14
985,40,0,2,1,9.216000325977802,4,4,0,0,40,0,0,40,3.14
985,40,0,3,1,4.095999989658594,4,4,0,0,40,0,0,40,3.14
986,2,0,0,0,15.359999611973763,4,4,0,0,40,0,0,40,4.04
986,2,0,1,0,71.68000191450119,4,4,0,0,40,0,0,40,4.04
986,2,0,2,0,9.216000325977802,4,4,0,0,40,0,0,40,4.04
986,2,0,3,0,5.119999870657921,4,4,0,0,40,0,0,40,4.04
986,24,0,0,0,8.191999979317188,4,4,0,3,37,0,0,40,208.84
986,24,0,1,0,75.77600330114365,4,4,0,3,37,0,0,40,208.84
986,24,0,2,0,9.216000325977802,4,4,0,3,37,0,0,40,208.84
986,24,0,3,0,112.64000087976456,4,4,0,3,37,0,0,40,208.84
986,40,0,0,1,9.216000325977802,4,4,0,1,39,0,0,40,70.9
986,40,0,1,1,74.75200295448303,4,4,0,1,39,0,0,40,70.9
986,40,0,2,1,9.216000325977802,4,4,0,1,39,0,0,40,70.9
986,40,0,3,1,4.095999989658594,4,4,0,1,39,0,0,40,70.9
987,2,0,0,0,14.336000196635723,4,4,0,0,40,0,0,40,4.86
987,2,0,1,0,68.60800087451935,4,4,0,0,40,0,0,40,4.86
987,2,0,2,0,9.216000325977802,4,4,0,0,40,0,0,40,4.86
987,2,0,3,0,6.144000217318535,4,4,0,0,40,0,0,40,4.86
987,24,0,0,0,9.216000325977802,4,4,0,3,37,0,0,40,144.04
987,24,0,1,0,72.7040022611618,4,4,0,3,37,0,0,40,144.04
987,24,0,2,0,9.216000325977802,4,4,0,3,37,0,0,40,144.04
987,24,0,3,0,49.15200173854828,4,4,0,3,37,0,0,40,144.04
987,40,0,0,1,8.191999979317188,4,4,0,0,40,0,0,40,4.44
987,40,0,1,1,68.60800087451935,4,4,0,0,40,0,0,40,4.44
987,40,0,2,1,9.216000325977802,4,4,0,0,40,0,0,40,4.44
987,40,0,3,1,4.095999989658594,4,4,0,0,40,0,0,40,4.44
988,2,0,0,0,9.216000325977802,3,3,0,2,28,0,0,30,318.728
988,2,0,1,0,54.27199974656105,3,3,0,2,28,0,0,30,318.728
988,2,0,2,0,9.216000325977802,3,3,0,2,28,0,0,30,318.728
988,2,0,3,0,244.73600089550018,3,3,0,2,28,0,0,30,318.728
988,24,0,0,0,15.359999611973763,3,3,0,0,30,0,0,30,2.16
988,24,0,1,0,54.27199974656105,3,3,0,0,30,0,0,30,2.16
988,24,0,2,0,8.191999979317188,3,3,0,0,30,0,0,30,2.16
988,24,0,3,0,5.119999870657921,3,3,0,0,30,0,0,30,2.16
988,40,0,0,1,9.216000325977802,3,3,0,3,27,0,0,30,171.47
988,40,0,1,1,66.56000018119812,3,3,0,3,27,0,0,30,171.47
988,40,0,2,1,11.264000087976456,3,3,0,3,27,0,0,30,171.47
988,40,0,3,1,78.84799689054489,3,3,0,3,27,0,0,30,171.47
989,2,0,0,0,14.336000196635723,4,4,0,1,39,0,0,40,83.71
989,2,0,1,0,82.94399827718735,4,4,0,1,39,0,0,40,83.71
989,2,0,2,0,9.216000325977802,4,4,0,1,39,0,0,40,83.71
989,2,0,3,0,5.119999870657921,4,4,0,1,39,0,0,40,83.71
989,24,0,0,0,7.168000098317862,4,4,0,4,35,1,0,40,300.459
989,24,0,1,0,73.72800260782242,4,4,0,4,35,1,0,40,300.459
989,24,0,2,0,163.83999586105347,4,4,0,4,35,1,0,40,300.459
989,24,0,3,0,51.19999870657921,4,4,0,4,35,1,0,40,300.459
989,40,0,0,1,9.216000325977802,4,4,0,2,38,0,0,40,128.479
989,40,0,1,1,81.91999793052673,4,4,0,2,38,0,0,40,128.479
989,40,0,2,1,10.239999741315842,4,4,0,2,38,0,0,40,128.479
989,40,0,3,1,23.552000522613525,4,4,0,2,38,0,0,40,128.479
990,2,0,0,0,14.336000196635723,4,4,0,0,40,0,0,40,2.82
990,2,0,1,0,73.72800260782242,4,4,0,0,40,0,0,40,2.82
990,2,0,2,0,9.216000325977802,4,4,0,0,40,0,0,40,2.82
990,2,0,3,0,5.119999870657921,4,4,0,0,40,0,0,40,2.82
990,24,0,0,0,8.191999979317188,4,4,0,2,38,0,0,40,101.87
990,24,0,1,0,78.84799689054489,4,4,0,2,38,0,0,40,101.87
990,24,0,2,0,9.216000325977802,4,4,0,2,38,0,0,40,101.87
990,24,0,3,0,5.119999870657921,4,4,0,2,38,0,0,40,101.87
990,40,0,0,1,9.216000325977802,4,4,0,0,40,0,0,40,5.35
990,40,0,1,1,76.80000364780426,4,4,0,0,40,0,0,40,5.35
990,40,0,2,1,8.191999979317188,4,4,0,0,40,0,0,40,5.35
990,40,0,3,1,4.095999989658594,4,4,0,0,40,0,0,40,5.35
991,2,0,0,0,8.191999979317188,4,4,0,3,35,2,0,40,162.039
991,2,0,1,0,72.7040022611618,4,4,0,3,35,2,0,40,162.039
991,2,0,2,0,171.00800573825836,4,4,0,3,35,2,0,40,162.039
991,2,0,3,0,5.119999870657921,4,4,0,3,35,2,0,40,162.039
991,24,0,0,0,8.191999979317188,4,4,0,0,40,0,0,40,2.49
991,24,0,1,0,82.94399827718735,4,4,0,0,40,0,0,40,2.49
991,24,0,2,0,9.216000325977802,4,4,0,0,40,0,0,40,2.49
991,24,0,3,0,4.095999989658594,4,4,0,0,40,0,0,40,2.49
991,40,0,0,1,15.359999611973763,4,4,0,3,37,0,0,40,224.929
991,40,0,1,1,75.77600330114365,4,4,0,3,37,0,0,40,224.929
991,40,0,2,1,9.216000325977802,4,4,0,3,37,0,0,40,224.929
991,40,0,3,1,120.83200365304947,4,4,0,3,37,0,0,40,224.929
992,2,0,0,0,8.191999979317188,4,4,0,1,39,0,0,40,82.41
992,2,0,1,0,65.5359998345375,4,4,0,1,39,0,0,40,82.41
992,2,0,2,0,9.216000325977802,4,4,0,1,39,0,0,40,82.41
992,2,0,3,0,5.119999870657921,4,4,0,1,39,0,0,40,82.41
992,24,0,0,0,8.191999979317188,4,4,0,1,39,0,0,40,67.83
992,24,0,1,0,78.84799689054489,4,4,0,1,39,0,0,40,67.83
992,24,0,2,0,8.191999979317188,4,4,0,1,39,0,0,40,67.83
992,24,0,3,0,4.095999989658594,4,4,0,1,39,0,0,40,67.83
992,40,0,0,1,10.239999741315842,4,4,0,1,39,0,0,40,75.319
992,40,0,1,1,88.06400001049042,4,4,0,1,39,0,0,40,75.319
992,40,0,2,1,9.216000325977802,4,4,0,1,39,0,0,40,75.319
992,40,0,3,1,4.095999989658594,4,4,0,1,39,0,0,40,75.319
993,2,0,0,0,8.191999979317188,4,4,0,2,38,0,0,40,108.569
993,2,0,1,0,73.72800260782242,4,4,0,2,38,0,0,40,108.569
993,2,0,2,0,10.239999741315842,4,4,0,2,38,0,0,40,108.569
993,2,0,3,0,13.311999849975109,4,4,0,2,38,0,0,40,108.569
993,24,0,0,0,8.191999979317188,4,4,0,0,40,0,0,40,2.99
993,24,0,1,0,82.94399827718735,4,4,0,0,40,0,0,40,2.99
993,24,0,2,0,9.216000325977802,4,4,0,0,40,0,0,40,2.99
993,24,0,3,0,4.095999989658594,4,4,0,0,40,0,0,40,2.99
993,40,0,0,1,16.383999958634377,4,4,0,3,36,1,0,40,217.559
993,40,0,1,1,83.96799862384796,4,4,0,3,36,1,0,40,217.559
993,40,0,2,1,196.60800695419312,4,4,0,3,36,1,0,40,217.559
993,40,0,3,1,5.119999870657921,4,4,0,3,36,1,0,40,217.559
994,2,0,0,0,15.359999611973763,4,4,0,0,40,0,0,40,2.349
994,2,0,1,0,69.63200122117996,4,4,0,0,40,0,0,40,2.349
994,2,0,2,0,9.216000325977802,4,4,0,0,40,0,0,40,2.349
994,2,0,3,0,4.095999989658594,4,4,0,0,40,0,0,40,2.349
994,24,0,0,0,8.191999979317188,4,4,0,1,39,0,0,40,67.23
994,24,0,1,0,72.7040022611618,4,4,0,1,39,0,0,40,67.23
994,24,0,2,0,9.216000325977802,4,4,0,1,39,0,0,40,67.23
994,24,0,3,0,4.095999989658594,4,4,0,1,39,0,0,40,67.23
994,40,0,0,1,15.359999611973763,4,4,0,1,39,0,0,40,75.741
994,40,0,1,1,86.01599931716919,4,4,0,1,39,0,0,40,75.741
994,40,0,2,1,9.216000325977802,4,4,0,1,39,0,0,40,75.741
994,40,0,3,1,4.095999989658594,4,4,0,1,39,0,0,40,75.741
995,2,0,0,0,8.191999979317188,4,4,0,2,38,0,0,40,188.169
995,2,0,1,0,68.60800087451935,4,4,0,2,38,0,0,40,188.169
995,2,0,2,0,9.216000325977802,4,4,0,2,38,0,0,40,188.169
995,2,0,3,0,99.32799637317657,4,4,0,2,38,0,0,40,188.169
995,24,0,0,0,8.191999979317188,4,4,0,2,38,0,0,40,94.57
995,24,0,1,0,65.5359998345375,4,4,0,2,38,0,0,40,94.57
995,24,0,2,0,11.264000087976456,4,4,0,2,38,0,0,40,94.57
995,24,0,3,0,7.168000098317862,4,4,0,2,38,0,0,40,94.57
995,40,0,0,1,8.191999979317188,4,4,0,2,38,0,0,40,127.129
995,40,0,1,1,92.16000139713287,4,4,0,2,38,0,0,40,127.129
995,40,0,2,1,9.216000325977802,4,4,0,2,38,0,0,40,127.129
995,40,0,3,1,15.359999611973763,4,4,0,2,38,0,0,40,127.129
996,2,0,0,0,8.191999979317188,4,4,0,1,39,0,0,40,74.56
996,2,0,1,0,84.99199897050858,4,4,0,1,39,0,0,40,74.56
996,2,0,2,0,9.216000325977802,4,4,0,1,39,0,0,40,74.56
996,2,0,3,0,5.119999870657921,4,4,0,1,39,0,0,40,74.56
996,24,0,0,0,9.216000325977802,4,4,0,2,38,0,0,40,94.74
996,24,0,1,0,91.13600105047226,4,4,0,2,38,0,0,40,94.74
996,24,0,2,0,9.216000325977802,4,4,0,2,38,0,0,40,94.74
996,24,0,3,0,4.095999989658594,4,4,0,2,38,0,0,40,94.74
996,40,0,0,1,8.191999979317188,4,4,0,3,36,1,0,40,245.159
996,40,0,1,1,92.16000139713287,4,4,0,3,36,1,0,40,245.159
996,40,0,2,1,195.5839991569519,4,4,0,3,36,1,0,40,245.159
996,40,0,3,1,5.119999870657921,4,4,0,3,36,1,0,40,245.159
997,2,0,0,0,14.336000196635723,4,4,0,4,36,0,0,40,143.899
997,2,0,1,0,77.82399654388428,4,4,0,4,36,0,0,40,143.899
997,2,0,2,0,9.216000325977802,4,4,0,4,36,0,0,40,143.899
997,2,0,3,0,37.88800165057182,4,4,0,4,36,0,0,40,143.899
997,24,0,0,0,8.191999979317188,4,4,0,1,39,0,0,40,65.09
997,24,0,1,0,78.84799689054489,4,4,0,1,39,0,0,40,65.09
997,24,0,2,0,9.216000325977802,4,4,0,1,39,0,0,40,65.09
997,24,0,3,0,4.095999989658594,4,4,0,1,39,0,0,40,65.09
997,40,0,0,1,9.216000325977802,4,4,0,0,40,0,0,40,2.16
997,40,0,1,1,55.296000093221664,4,4,0,0,40,0,0,40,2.16
997,40,0,2,1,9.216000325977802,4,4,0,0,40,0,0,40,2.16
997,40,0,3,1,4.095999989658594,4,4,0,0,40,0,0,40,2.16
998,2,0,0,0,14.336000196635723,4,4,0,0,40,0,0,40,3.08
998,2,0,1,0,80.89599758386612,4,4,0,0,40,0,0,40,3.08
998,2,0,2,0,9.216000325977802,4,4,0,0,40,0,0,40,3.08
998,2,0,3,0,5.119999870657921,4,4,0,0,40,0,0,40,3.08
998,24,0,0,0,8.191999979317188,4,4,0,0,40,0,0,40,1.789
998,24,0,1,0,63.48799914121628,4,4,0,0,40,0,0,40,1.789
998,24,0,2,0,9.216000325977802,4,4,0,0,40,0,0,40,1.789
998,24,0,3,0,4.095999989658594,4,4,0,0,40,0,0,40,1.789
998,40,0,0,1,9.216000325977802,4,4,0,3,37,0,0,40,164.69
998,40,0,1,1,73.72800260782242,4,4,0,3,37,0,0,40,164.69
998,40,0,2,1,9.216000325977802,4,4,0,3,37,0,0,40,164.69
998,40,0,3,1,68.60800087451935,4,4,0,3,37,0,0,40,164.69
999,2,0,0,0,8.191999979317188,2,2,0,0,20,0,0,20,1.12
999,2,0,1,0,51.19999870657921,2,2,0,0,20,0,0,20,1.12
999,2,0,2,0,8.191999979317188,2,2,0,0,20,0,0,20,1.12
999,2,0,3,0,7.168000098317862,2,2,0,0,20,0,0,20,1.12
999,24,0,0,0,8.191999979317188,2,2,0,0,20,0,0,20,0.96
999,24,0,1,0,40.95999896526337,2,2,0,0,20,0,0,20,0.96
999,24,0,2,0,9.216000325977802,2,2,0,0,20,0,0,20,0.96
999,24,0,3,0,4.095999989658594,2,2,0,0,20,0,0,20,0.96
999,40,0,0,1,9.216000325977802,2,2,0,0,20,0,0,20,1.309
999,40,0,1,1,44.03200000524521,2,2,0,0,20,0,0,20,1.309
999,40,0,2,1,9.216000325977802,2,2,0,0,20,0,0,20,1.309
999,40,0,3,1,4.095999989658594,2,2,0,0,20,0,0,20,1.309
1000,2,0,0,0,14.336000196635723,4,4,0,0,40,0,0,40,4.8
1000,2,0,1,0,80.89599758386612,4,4,0,0,40,0,0,40,4.8
1000,2,0,2,0,9.216000325977802,4,4,0,0,40,0,0,40,4.8
1000,2,0,3,0,5.119999870657921,4,4,0,0,40,0,0,40,4.8
1000,24,0,0,0,9.216000325977802,4,4,0,0,40,0,0,40,2.18
1000,24,0,1,0,60.416001826524734,4,4,0,0,40,0,0,40,2.18
1000,24,0,2,0,9.216000325977802,4,4,0,0,40,0,0,40,2.18
1000,24,0,3,0,4.095999989658594,4,4,0,0,40,0,0,40,2.18
1000,40,0,0,1,9.216000325977802,4,4,0,1,39,0,0,40,83.49
1000,40,0,1,1,64.51199948787689,4,4,0,1,39,0,0,40,83.49
1000,40,0,2,1,9.216000325977802,4,4,0,1,39,0,0,40,83.49
1000,40,0,3,1,4.095999989658594,4,4,0,1,39,0,0,40,83.49
1001,2,0,0,0,14.336000196635723,4,4,0,0,40,0,0,40,2.71
1001,2,0,1,0,78.84799689054489,4,4,0,0,40,0,0,40,2.71
1001,2,0,2,0,8.191999979317188,4,4,0,0,40,0,0,40,2.71
1001,2,0,3,0,6.144000217318535,4,4,0,0,40,0,0,40,2.71
1001,24,0,0,0,9.216000325977802,4,4,0,0,40,0,0,40,3.73
1001,24,0,1,0,69.63200122117996,4,4,0,0,40,0,0,40,3.73
1001,24,0,2,0,9.216000325977802,4,4,0,0,40,0,0,40,3.73
1001,24,0,3,0,4.095999989658594,4,4,0,0,40,0,0,40,3.73
1001,40,0,0,1,8.191999979317188,4,4,0,2,38,0,0,40,123.53
1001,40,0,1,1,65.5359998345375,4,4,0,2,38,0,0,40,123.53
1001,40,0,2,1,8.191999979317188,4,4,0,2,38,0,0,40,123.53
1001,40,0,3,1,36.86400130391121,4,4,0,2,38,0,0,40,123.53
1002,2,0,0,0,14.336000196635723,4,4,0,0,40,0,0,40,2.68
1002,2,0,1,0,79.8719972372055,4,4,0,0,40,0,0,40,2.68
1002,2,0,2,0,9.216000325977802,4,4,0,0,40,0,0,40,2.68
1002,2,0,3,0,5.119999870657921,4,4,0,0,40,0,0,40,2.68
1002,24,0,0,0,8.191999979317188,4,4,0,0,40,0,0,40,3.47
1002,24,0,1,0,58.36800113320351,4,4,0,0,40,0,0,40,3.47
1002,24,0,2,0,9.216000325977802,4,4,0,0,40,0,0,40,3.47
1002,24,0,3,0,5.119999870657921,4,4,0,0,40,0,0,40,3.47
1002,40,0,0,1,9.216000325977802,4,4,0,0,40,0,0,40,2.51
1002,40,0,1,1,71.68000191450119,4,4,0,0,40,0,0,40,2.51
1002,40,0,2,1,8.191999979317188,4,4,0,0,40,0,0,40,2.51
1002,40,0,3,1,4.095999989658594,4,4,0,0,40,0,0,40,2.51
1003,2,0,0,0,9.216000325977802,4,4,0,1,39,0,0,40,70.34
1003,2,0,1,0,75.77600330114365,4,4,0,1,39,0,0,40,70.34
1003,2,0,2,0,9.216000325977802,4,4,0,1,39,0,0,40,70.34
1003,2,0,3,0,9.216000325977802,4,4,0,1,39,0,0,40,70.34
1003,24,0,0,0,8.191999979317188,4,4,0,1,39,0,0,40,66.76
1003,24,0,1,0,64.51199948787689,4,4,0,1,39,0,0,40,66.76
1003,24,0,2,0,9.216000325977802,4,4,0,1,39,0,0,40,66.76
1003,24,0,3,0,4.095999989658594,4,4,0,1,39,0,0,40,66.76
1003,40,0,0,1,9.216000325977802,4,4,0,0,40,0,0,40,1.969
1003,40,0,1,1,75.77600330114365,4,4,0,0,40,0,0,40,1.969
1003,40,0,2,1,9.216000325977802,4,4,0,0,40,0,0,40,1.969
1003,40,0,3,1,4.095999989658594,4,4,0,0,40,0,0,40,1.969
1004,2,0,0,0,14.336000196635723,4,4,0,0,40,0,0,40,2.77
1004,2,0,1,0,84.99199897050858,4,4,0,0,40,0,0,40,2.77
1004,2,0,2,0,9.216000325977802,4,4,0,0,40,0,0,40,2.77
1004,2,0,3,0,5.119999870657921,4,4,0,0,40,0,0,40,2.77
1004,24,0,0,0,9.216000325977802,4,4,0,1,39,0,0,40,70.729
1004,24,0,1,0,70.65600156784058,4,4,0,1,39,0,0,40,70.729
1004,24,0,2,0,9.216000325977802,4,4,0,1,39,0,0,40,70.729
1004,24,0,3,0,4.095999989658594,4,4,0,1,39,0,0,40,70.729
1004,40,0,0,1,9.216000325977802,4,4,0,1,39,0,0,40,81.07
1004,40,0,1,1,60.416001826524734,4,4,0,1,39,0,0,40,81.07
1004,40,0,2,1,9.216000325977802,4,4,0,1,39,0,0,40,81.07
1004,40,0,3,1,4.095999989658594,4,4,0,1,39,0,0,40,81.07
1005,2,0,0,0,8.191999979317188,4,4,0,1,39,0,0,40,73.46
1005,2,0,1,0,66.56000018119812,4,4,0,1,39,0,0,40,73.46
1005,2,0,2,0,9.216000325977802,4,4,0,1,39,0,0,40,73.46
1005,2,0,3,0,7.168000098317862,4,4,0,1,39,0,0,40,73.46
1005,24,0,0,0,8.191999979317188,4,4,0,0,40,0,0,40,4.531
1005,24,0,1,0,75.77600330114365,4,4,0,0,40,0,0,40,4.531
1005,24,0,2,0,9.216000325977802,4,4,0,0,40,0,0,40,4.531
1005,24,0,3,0,4.095999989658594,4,4,0,0,40,0,0,40,4.531
1005,40,0,0,1,10.239999741315842,4,4,0,0,40,0,0,40,2.331
1005,40,0,1,1,68.60800087451935,4,4,0,0,40,0,0,40,2.331
1005,40,0,2,1,9.216000325977802,4,4,0,0,40,0,0,40,2.331
1005,40,0,3,1,4.095999989658594,4,4,0,0,40,0,0,40,2.331
1006,2,0,0,0,8.191999979317188,3,3,0,4,26,0,0,30,197.309
1006,2,0,1,0,47.10400104522705,3,3,0,4,26,0,0,30,197.309
1006,2,0,2,0,10.239999741315842,3,3,0,4,26,0,0,30,197.309
1006,2,0,3,0,129.02399897575378,3,3,0,4,26,0,0,30,197.309
1006,24,0,0,0,8.191999979317188,3,3,0,0,30,0,0,30,1.449
1006,24,0,1,0,55.296000093221664,3,3,0,0,30,0,0,30,1.449
1006,24,0,2,0,9.216000325977802,3,3,0,0,30,0,0,30,1.449
1006,24,0,3,0,4.095999989658594,3,3,0,0,30,0,0,30,1.449
1006,40,0,0,1,9.216000325977802,3,3,0,0,30,0,0,30,1.571
1006,40,0,1,1,54.27199974656105,3,3,0,0,30,0,0,30,1.571
1006,40,0,2,1,10.239999741315842,3,3,0,0,30,0,0,30,1.571
1006,40,0,3,1,4.095999989658594,3,3,0,0,30,0,0,30,1.571
1007,2,0,0,0,8.191999979317188,3,3,0,1,29,0,0,30,112.32
1007,2,0,1,0,64.51199948787689,3,3,0,1,29,0,0,30,112.32
1007,2,0,2,0,9.216000325977802,3,3,0,1,29,0,0,30,112.32
1007,2,0,3,0,28.672000393271446,3,3,0,1,29,0,0,30,112.32
1007,24,0,0,0,8.191999979317188,3,3,0,4,26,0,0,30,159.099
1007,24,0,1,0,60.416001826524734,3,3,0,4,26,0,0,30,159.099
1007,24,0,2,0,9.216000325977802,3,3,0,4,26,0,0,30,159.099
1007,24,0,3,0,75.77600330114365,3,3,0,4,26,0,0,30,159.099
1007,40,0,0,1,9.216000325977802,3,3,0,0,30,0,0,30,1.509
1007,40,0,1,1,65.5359998345375,3,3,0,0,30,0,0,30,1.509
1007,40,0,2,1,9.216000325977802,3,3,0,0,30,0,0,30,1.509
1007,40,0,3,1,4.095999989658594,3,3,0,0,30,0,0,30,1.509
1008,2,0,0,0,9.216000325977802,4,4,0,2,38,0,0,40,82.29
1008,2,0,1,0,72.7040022611618,4,4,0,2,38,0,0,40,82.29
1008,2,0,2,0,9.216000325977802,4,4,0,2,38,0,0,40,82.29
1008,2,0,3,0,5.119999870657921,4,4,0,2,38,0,0,40,82.29
1008,24,0,0,0,9.216000325977802,4,4,0,0,40,0,0,40,4.74
1008,24,0,1,0,78.84799689054489,4,4,0,0,40,0,0,40,4.74
1008,24,0,2,0,8.191999979317188,4,4,0,0,40,0,0,40,4.74
1008,24,0,3,0,4.095999989658594,4,4,0,0,40,0,0,40,4.74
1008,40,0,0,1,8.191999979317188,4,4,0,1,39,0,0,40,71.89
1008,40,0,1,1,83.96799862384796,4,4,0,1,39,0,0,40,71.89
1008,40,0,2,1,9.216000325977802,4,4,0,1,39,0,0,40,71.89
1008,40,0,3,1,4.095999989658594,4,4,0,1,39,0,0,40,71.89
1009,2,0,0,0,9.216000325977802,4,4,0,4,36,0,0,40,146.819
1009,2,0,1,0,70.65600156784058,4,4,0,4,36,0,0,40,146.819
1009,2,0,2,0,9.216000325977802,4,4,0,4,36,0,0,40,146.819
1009,2,0,3,0,56.32000043988228,4,4,0,4,36,0,0,40,146.819
1009,24,0,0,0,8.191999979317188,4,4,0,2,38,0,0,40,126.589
1009,24,0,1,0,81.91999793052673,4,4,0,2,38,0,0,40,126.589
1009,24,0,2,0,10.239999741315842,4,4,0,2,38,0,0,40,126.589
1009,24,0,3,0,22.52800017595291,4,4,0,2,38,0,0,40,126.589
1009,40,0,0,1,8.191999979317188,4,4,0,2,38,0,0,40,169.989
1009,40,0,1,1,98.30400347709656,4,4,0,2,38,0,0,40,169.989
1009,40,0,2,1,9.216000325977802,4,4,0,2,38,0,0,40,169.989
1009,40,0,3,1,49.15200173854828,4,4,0,2,38,0,0,40,169.989
1010,2,0,0,0,8.191999979317188,4,4,0,2,38,0,0,40,98.949
1010,2,0,1,0,72.7040022611618,4,4,0,2,38,0,0,40,98.949
1010,2,0,2,0,9.216000325977802,4,4,0,2,38,0,0,40,98.949
1010,2,0,3,0,7.168000098317862,4,4,0,2,38,0,0,40,98.949
1010,24,0,0,0,8.191999979317188,4,4,0,0,40,0,0,40,2.909
1010,24,0,1,0,81.91999793052673,4,4,0,0,40,0,0,40,2.909
1010,24,0,2,0,9.216000325977802,4,4,0,0,40,0,0,40,2.909
1010,24,0,3,0,4.095999989658594,4,4,0,0,40,0,0,40,2.909
1010,40,0,0,1,15.359999611973763,4,4,0,1,39,0,0,40,271.609
1010,40,0,1,1,77.82399654388428,4,4,0,1,39,0,0,40,271.609
1010,40,0,2,1,8.191999979317188,4,4,0,1,39,0,0,40,271.609
1010,40,0,3,1,164.86400365829468,4,4,0,1,39,0,0,40,271.609
1011,2,0,0,0,8.191999979317188,4,4,0,2,38,0,0,40,129.63
1011,2,0,1,0,71.68000191450119,4,4,0,2,38,0,0,40,129.63
1011,2,0,2,0,8.191999979317188,4,4,0,2,38,0,0,40,129.63
1011,2,0,3,0,36.86400130391121,4,4,0,2,38,0,0,40,129.63
1011,24,0,0,0,9.216000325977802,4,4,0,0,40,0,0,40,2.46
1011,24,0,1,0,61.43999844789505,4,4,0,0,40,0,0,40,2.46
1011,24,0,2,0,9.216000325977802,4,4,0,0,40,0,0,40,2.46
1011,24,0,3,0,4.095999989658594,4,4,0,0,40,0,0,40,2.46
1011,40,0,0,1,9.216000325977802,4,4,0,0,40,0,0,40,2.69
1011,40,0,1,1,72.7040022611618,4,4,0,0,40,0,0,40,2.69
1011,40,0,2,1,9.216000325977802,4,4,0,0,40,0,0,40,2.69
1011,40,0,3,1,4.095999989658594,4,4,0,0,40,0,0,40,2.69
1012,2,0,0,0,15.359999611973763,4,4,0,1,39,0,0,40,104.04
1012,2,0,1,0,84.99199897050858,4,4,0,1,39,0,0,40,104.04
1012,2,0,2,0,9.216000325977802,4,4,0,1,39,0,0,40,104.04
1012,2,0,3,0,6.144000217318535,4,4,0,1,39,0,0,40,104.04
1012,24,0,0,0,9.216000325977802,4,4,0,0,40,0,0,40,2.49
1012,24,0,1,0,88.06400001049042,4,4,0,0,40,0,0,40,2.49
1012,24,0,2,0,9.216000325977802,4,4,0,0,40,0,0,40,2.49
1012,24,0,3,0,4.095999989658594,4,4,0,0,40,0,0,40,2.49
1012,40,0,0,1,9.216000325977802,4,4,0,1,39,0,0,40,78.051
1012,40,0,1,1,89.08800035715103,4,4,0,1,39,0,0,40,78.051
1012,40,0,2,1,9.216000325977802,4,4,0,1,39,0,0,40,78.051
1012,40,0,3,1,4.095999989658594,4,4,0,1,39,0,0,40,78.051
1013,2,0,0,0,15.359999611973763,4,4,0,2,38,0,0,40,103.34
1013,2,0,1,0,83.96799862384796,4,4,0,2,38,0,0,40,103.34
1013,2,0,2,0,9.216000325977802,4,4,0,2,38,0,0,40,103.34
1013,2,0,3,0,5.119999870657921,4,4,0,2,38,0,0,40,103.34
1013,24,0,0,0,9.216000325977802,4,4,0,2,38,0,0,40,105.05
1013,24,0,1,0,88.06400001049042,4,4,0,2,38,0,0,40,105.05
1013,24,0,2,0,9.216000325977802,4,4,0,2,38,0,0,40,105.05
1013,24,0,3,0,4.095999989658594,4,4,0,2,38,0,0,40,105.05
1013,40,0,0,1,9.216000325977802,4,4,0,0,40,0,0,40,5.169
1013,40,0,1,1,96.25600278377533,4,4,0,0,40,0,0,40,5.169
1013,40,0,2,1,9.216000325977802,4,4,0,0,40,0,0,40,5.169
1013,40,0,3,1,3.0720001086592674,4,4,0,0,40,0,0,40,5.169
1014,2,0,0,0,14.336000196635723,4,4,0,0,40,0,0,40,2.68
1014,2,0,1,0,73.72800260782242,4,4,0,0,40,0,0,40,2.68
1014,2,0,2,0,9.216000325977802,4,4,0,0,40,0,0,40,2.68
1014,2,0,3,0,6.144000217318535,4,4,0,0,40,0,0,40,2.68
1014,24,0,0,0,9.216000325977802,4,4,0,2,38,0,0,40,120.91
1014,24,0,1,0,78.84799689054489,4,4,0,2,38,0,0,40,120.91
1014,24,0,2,0,9.216000325977802,4,4,0,2,38,0,0,40,120.91
1014,24,0,3,0,20.479999482631683,4,4,0,2,38,0,0,40,120.91
1014,40,0,0,1,9.216000325977802,4,4,0,1,39,0,0,40,75.35
1014,40,0,1,1,92.16000139713287,4,4,0,1,39,0,0,40,75.35
1014,40,0,2,1,9.216000325977802,4,4,0,1,39,0,0,40,75.35
1014,40,0,3,1,4.095999989658594,4,4,0,1,39,0,0,40,75.35
1015,2,0,0,0,8.191999979317188,4,4,0,3,37,0,0,40,213.259
1015,2,0,1,0,63.48799914121628,4,4,0,3,37,0,0,40,213.259
1015,2,0,2,0,8.191999979317188,4,4,0,3,37,0,0,40,213.259
1015,2,0,3,0,129.02399897575378,4,4,0,3,37,0,0,40,213.259
1015,24,0,0,0,8.191999979317188,4,4,0,1,39,0,0,40,65.72
1015,24,0,1,0,84.99199897050858,4,4,0,1,39,0,0,40,65.72
1015,24,0,2,0,9.216000325977802,4,4,0,1,39,0,0,40,65.72
1015,24,0,3,0,4.095999989658594,4,4,0,1,39,0,0,40,65.72
1015,40,0,0,1,197.63199985027313,4,4,0,3,37,0,0,40,374.139
1015,40,0,1,1,78.84799689054489,4,4,0,3,37,0,0,40,374.139
1015,40,0,2,1,9.216000325977802,4,4,0,3,37,0,0,40,374.139
1015,40,0,3,1,275.4560112953186,4,4,0,3,37,0,0,40,374.139
1016,2,0,0,0,14.336000196635723,4,4,0,0,40,0,0,40,5.78
1016,2,0,1,0,72.7040022611618,4,4,0,0,40,0,0,40,5.78
1016,2,0,2,0,9.216000325977802,4,4,0,0,40,0,0,40,5.78
1016,2,0,3,0,5.119999870657921,4,4,0,0,40,0,0,40,5.78
1016,24,0,0,0,8.191999979317188,4,4,0,0,40,0,0,40,2.389
1016,24,0,1,0,58.36800113320351,4,4,0,0,40,0,0,40,2.389
1016,24,0,2,0,9.216000325977802,4,4,0,0,40,0,0,40,2.389
1016,24,0,3,0,4.095999989658594,4,4,0,0,40,0,0,40,2.389
1016,40,0,0,1,8.191999979317188,4,4,0,2,38,0,0,40,125.39
1016,40,0,1,1,79.8719972372055,4,4,0,2,38,0,0,40,125.39
1016,40,0,2,1,9.216000325977802,4,4,0,2,38,0,0,40,125.39
1016,40,0,3,1,25.599999353289604,4,4,0,2,38,0,0,40,125.39
1017,2,0,0,0,9.216000325977802,1,1,0,0,10,0,0,10,0.709
1017,2,0,1,0,32.76799991726875,1,1,0,0,10,0,0,10,0.709
1017,2,0,2,0,9.216000325977802,1,1,0,0,10,0,0,10,0.709
1017,2,0,3,0,4.095999989658594,1,1,0,0,10,0,0,10,0.709
1017,24,0,0,0,8.191999979317188,1,1,0,0,10,0,0,10,0.869
1017,24,0,1,0,31.74399957060814,1,1,0,0,10,0,0,10,0.869
1017,24,0,2,0,9.216000325977802,1,1,0,0,10,0,0,10,0.869
1017,24,0,3,0,5.119999870657921,1,1,0,0,10,0,0,10,0.869
1017,40,0,0,1,9.216000325977802,1,1,0,0,10,0,0,10,0.989
1017,40,0,1,1,34.81600061058998,1,1,0,0,10,0,0,10,0.989
1017,40,0,2,1,9.216000325977802,1,1,0,0,10,0,0,10,0.989
1017,40,0,3,1,5.119999870657921,1,1,0,0,10,0,0,10,0.989
1018,2,0,0,0,9.216000325977802,4,4,0,4,35,1,0,40,209.809
1018,2,0,1,0,67.58400052785873,4,4,0,4,35,1,0,40,209.809
1018,2,0,2,0,168.96000504493713,4,4,0,4,35,1,0,40,209.809
1018,2,0,3,0,6.144000217318535,4,4,0,4,35,1,0,40,209.809
1018,24,0,0,0,8.191999979317188,4,4,0,3,36,1,0,40,164.41
1018,24,0,1,0,73.72800260782242,4,4,0,3,36,1,0,40,164.41
1018,24,0,2,0,168.96000504493713,4,4,0,3,36,1,0,40,164.41
1018,24,0,3,0,5.119999870657921,4,4,0,3,36,1,0,40,164.41
1018,40,0,0,1,10.239999741315842,4,4,0,0,40,0,0,40,3.03
1018,40,0,1,1,99.32799637317657,4,4,0,0,40,0,0,40,3.03
1018,40,0,2,1,9.216000325977802,4,4,0,0,40,0,0,40,3.03
1018,40,0,3,1,4.095999989658594,4,4,0,0,40,0,0,40,3.03
1019,2,0,0,0,8.191999979317188,4,4,0,0,40,0,0,40,2.59
1019,2,0,1,0,86.01599931716919,4,4,0,0,40,0,0,40,2.59
1019,2,0,2,0,10.239999741315842,4,4,0,0,40,0,0,40,2.59
1019,2,0,3,0,5.119999870657921,4,4,0,0,40,0,0,40,2.59
1019,24,0,0,0,9.216000325977802,4,4,0,0,40,0,0,40,2.95
1019,24,0,1,0,88.06400001049042,4,4,0,0,40,0,0,40,2.95
1019,24,0,2,0,9.216000325977802,4,4,0,0,40,0,0,40,2.95
1019,24,0,3,0,4.095999989658594,4,4,0,0,40,0,0,40,2.95
1019,40,0,0,1,15.359999611973763,4,4,0,2,38,0,0,40,380.469
1019,40,0,1,1,60.416001826524734,4,4,0,2,38,0,0,40,380.469
1019,40,0,2,1,9.216000325977802,4,4,0,2,38,0,0,40,380.469
1019,40,0,3,1,291.83998703956604,4,4,0,2,38,0,0,40,380.469
1020,2,0,0,0,14.336000196635723,4,4,0,2,38,0,0,40,109.09
1020,2,0,1,0,82.94399827718735,4,4,0,2,38,0,0,40,109.09
1020,2,0,2,0,9.216000325977802,4,4,0,2,38,0,0,40,109.09
1020,2,0,3,0,5.119999870657921,4,4,0,2,38,0,0,40,109.09
1020,24,0,0,0,8.191999979317188,4,4,0,2,38,0,0,40,124.47
1020,24,0,1,0,80.89599758386612,4,4,0,2,38,0,0,40,124.47
1020,24,0,2,0,9.216000325977802,4,4,0,2,38,0,0,40,124.47
1020,24,0,3,0,22.52800017595291,4,4,0,2,38,0,0,40,124.47
1020,40,0,0,1,8.191999979317188,4,4,0,1,39,0,0,40,71.74
1020,40,0,1,1,78.84799689054489,4,4,0,1,39,0,0,40,71.74
1020,40,0,2,1,9.216000325977802,4,4,0,1,39,0,0,40,71.74
1020,40,0,3,1,4.095999989658594,4,4,0,1,39,0,0,40,71.74
1021,2,0,0,0,9.216000325977802,4,4,0,3,36,1,0,40,170.29
1021,2,0,1,0,68.60800087451935,4,4,0,3,36,1,0,40,170.29
1021,2,0,2,0,167.93599724769592,4,4,0,3,36,1,0,40,170.29
1021,2,0,3,0,6.144000217318535,4,4,0,3,36,1,0,40,170.29
1021,24,0,0,0,8.191999979317188,4,4,0,0,40,0,0,40,5.04
1021,24,0,1,0,80.89599758386612,4,4,0,0,40,0,0,40,5.04
1021,24,0,2,0,9.216000325977802,4,4,0,0,40,0,0,40,5.04
1021,24,0,3,0,4.095999989658594,4,4,0,0,40,0,0,40,5.04
1021,40,0,0,1,15.359999611973763,4,4,0,1,39,0,0,40,91.229
1021,40,0,1,1,95.23200243711472,4,4,0,1,39,0,0,40,91.229
1021,40,0,2,1,9.216000325977802,4,4,0,1,39,0,0,40,91.229
1021,40,0,3,1,4.095999989658594,4,4,0,1,39,0,0,40,91.229
1022,2,0,0,0,14.336000196635723,4,4,0,0,40,0,0,40,2.191
1022,2,0,1,0,73.72800260782242,4,4,0,0,40,0,0,40,2.191
1022,2,0,2,0,9.216000325977802,4,4,0,0,40,0,0,40,2.191
1022,2,0,3,0,5.119999870657921,4,4,0,0,40,0,0,40,2.191
1022,24,0,0,0,8.191999979317188,4,4,0,3,37,0,0,40,139.348
1022,24,0,1,0,78.84799689054489,4,4,0,3,37,0,0,40,139.348
1022,24,0,2,0,9.216000325977802,4,4,0,3,37,0,0,40,139.348
1022,24,0,3,0,39.93599861860275,4,4,0,3,37,0,0,40,139.348
1022,40,0,0,1,9.216000325977802,4,4,0,0,40,0,0,40,2.99
1022,40,0,1,1,92.16000139713287,4,4,0,0,40,0,0,40,2.99
1022,40,0,2,1,9.216000325977802,4,4,0,0,40,0,0,40,2.99
1022,40,0,3,1,4.095999989658594,4,4,0,0,40,0,0,40,2.99
1023,2,0,0,0,8.191999979317188,4,4,0,2,38,0,0,40,100.49
1023,2,0,1,0,77.82399654388428,4,4,0,2,38,0,0,40,100.49
1023,2,0,2,0,9.216000325977802,4,4,0,2,38,0,0,40,100.49
1023,2,0,3,0,6.144000217318535,4,4,0,2,38,0,0,40,100.49
1023,24,0,0,0,8.191999979317188,4,4,0,2,38,0,0,40,121.27
1023,24,0,1,0,66.56000018119812,4,4,0,2,38,0,0,40,121.27
1023,24,0,2,0,10.239999741315842,4,4,0,2,38,0,0,40,121.27
1023,24,0,3,0,33.79200026392937,4,4,0,2,38,0,0,40,121.27
1023,40,0,0,1,9.216000325977802,4,4,0,3,36,1,0,40,176.188
1023,40,0,1,1,81.91999793052673,4,4,0,3,36,1,0,40,176.188
1023,40,0,2,1,196.60800695419312,4,4,0,3,36,1,0,40,176.188
1023,40,0,3,1,5.119999870657921,4,4,0,3,36,1,0,40,176.188
1024,2,0,0,0,14.336000196635723,4,4,0,0,40,0,0,40,2.64
1024,2,0,1,0,64.51199948787689,4,4,0,0,40,0,0,40,2.64
1024,2,0,2,0,8.191999979317188,4,4,0,0,40,0,0,40,2.64
1024,2,0,3,0,6.144000217318535,4,4,0,0,40,0,0,40,2.64
1024,24,0,0,0,9.216000325977802,4,4,0,1,39,0,0,40,65.7
1024,24,0,1,0,83.96799862384796,4,4,0,1,39,0,0,40,65.7
1024,24,0,2,0,9.216000325977802,4,4,0,1,39,0,0,40,65.7
1024,24,0,3,0,4.095999989658594,4,4,0,1,39,0,0,40,65.7
1024,40,0,0,1,9.216000325977802,4,4,0,0,40,0,0,40,2.54
1024,40,0,1,1,91.13600105047226,4,4,0,0,40,0,0,40,2.54
1024,40,0,2,1,9.216000325977802,4,4,0,0,40,0,0,40,2.54
1024,40,0,3,1,4.095999989658594,4,4,0,0,40,0,0,40,2.54
1025,2,0,0,0,8.191999979317188,4,4,0,2,38,0,0,40,119.34
1025,2,0,1,0,79.8719972372055,4,4,0,2,38,0,0,40,119.34
1025,2,0,2,0,10.239999741315842,4,4,0,2,38,0,0,40,119.34
1025,2,0,3,0,19.45599913597107,4,4,0,2,38,0,0,40,119.34
1025,24,0,0,0,8.191999979317188,4,4,0,1,39,0,0,40,81.05
1025,24,0,1,0,80.89599758386612,4,4,0,1,39,0,0,40,81.05
1025,24,0,2,0,9.216000325977802,4,4,0,1,39,0,0,40,81.05
1025,24,0,3,0,4.095999989658594,4,4,0,1,39,0,0,40,81.05
1025,40,0,0,1,8.191999979317188,4,4,0,3,36,1,0,40,194.769
1025,40,0,1,1,81.91999793052673,4,4,0,3,36,1,0,40,194.769
1025,40,0,2,1,195.5839991569519,4,4,0,3,36,1,0,40,194.769
1025,40,0,3,1,5.119999870657921,4,4,0,3,36,1,0,40,194.769
1026,2,0,0,0,14.336000196635723,4,4,0,0,40,0,0,40,5.629
1026,2,0,1,0,80.89599758386612,4,4,0,0,40,0,0,40,5.629
1026,2,0,2,0,9.216000325977802,4,4,0,0,40,0,0,40,5.629
1026,2,0,3,0,6.144000217318535,4,4,0,0,40,0,0,40,5.629
1026,24,0,0,0,10.239999741315842,4,4,0,1,39,0,0,40,70.88
1026,24,0,1,0,84.99199897050858,4,4,0,1,39,0,0,40,70.88
1026,24,0,2,0,9.216000325977802,4,4,0,1,39,0,0,40,70.88
1026,24,0,3,0,4.095999989658594,4,4,0,1,39,0,0,40,70.88
1026,40,0,0,1,8.191999979317188,4,4,0,2,38,0,0,40,117.35
1026,40,0,1,1,78.84799689054489,4,4,0,2,38,0,0,40,117.35
1026,40,0,2,1,9.216000325977802,4,4,0,2,38,0,0,40,117.35
1026,40,0,3,1,14.336000196635723,4,4,0,2,38,0,0,40,117.35
1027,2,0,0,0,9.216000325977802,3,3,0,2,28,0,0,30,111.81
1027,2,0,1,0,68.60800087451935,3,3,0,2,28,0,0,30,111.81
1027,2,0,2,0,9.216000325977802,3,3,0,2,28,0,0,30,111.81
1027,2,0,3,0,23.552000522613525,3,3,0,2,28,0,0,30,111.81
1027,24,0,0,0,10.239999741315842,3,3,0,0,30,0,0,30,4.26
1027,24,0,1,0,65.5359998345375,3,3,0,0,30,0,0,30,4.26
1027,24,0,2,0,8.191999979317188,3,3,0,0,30,0,0,30,4.26
1027,24,0,3,0,4.095999989658594,3,3,0,0,30,0,0,30,4.26
1027,40,0,0,1,9.216000325977802,3,3,0,3,27,0,0,30,218.828
1027,40,0,1,1,65.5359998345375,3,3,0,3,27,0,0,30,218.828
1027,40,0,2,1,10.239999741315842,3,3,0,3,27,0,0,30,218.828
1027,40,0,3,1,129.02399897575378,3,3,0,3,27,0,0,30,218.828
1028,2,0,0,0,9.216000325977802,4,4,0,1,39,0,0,40,75.55
1028,2,0,1,0,72.7040022611618,4,4,0,1,39,0,0,40,75.55
1028,2,0,2,0,8.191999979317188,4,4,0,1,39,0,0,40,75.55
1028,2,0,3,0,5.119999870657921,4,4,0,1,39,0,0,40,75.55
1028,24,0,0,0,9.216000325977802,4,4,0,3,36,1,0,40,172.599
1028,24,0,1,0,88.06400001049042,4,4,0,3,36,1,0,40,172.599
1028,24,0,2,0,163.83999586105347,4,4,0,3,36,1,0,40,172.599
1028,24,0,3,0,4.095999989658594,4,4,0,3,36,1,0,40,172.599
1028,40,0,0,1,9.216000325977802,4,4,0,1,39,0,0,40,81.05
1028,40,0,1,1,76.80000364780426,4,4,0,1,39,0,0,40,81.05
1028,40,0,2,1,8.191999979317188,4,4,0,1,39,0,0,40,81.05
1028,40,0,3,1,4.095999989658594,4,4,0,1,39,0,0,40,81.05
1029,2,0,0,0,9.216000325977802,4,4,0,2,38,0,0,40,109.579
1029,2,0,1,0,83.96799862384796,4,4,0,2,38,0,0,40,109.579
1029,2,0,2,0,9.216000325977802,4,4,0,2,38,0,0,40,109.579
1029,2,0,3,0,6.144000217318535,4,4,0,2,38,0,0,40,109.579
1029,24,0,0,0,1120.255947113037,4,4,0,1,39,0,0,40,80.511
1029,24,0,1,0,87.0399996638298,4,4,0,1,39,0,0,40,80.511
1029,24,0,2,0,9.216000325977802,4,4,0,1,39,0,0,40,80.511
1029,24,0,3,0,5.119999870657921,4,4,0,1,39,0,0,40,80.511
1029,40,0,0,1,10.239999741315842,4,4,0,2,38,0,0,40,142.839
1029,40,0,1,1,76.80000364780426,4,4,0,2,38,0,0,40,142.839
1029,40,0,2,1,9.216000325977802,4,4,0,2,38,0,0,40,142.839
1029,40,0,3,1,45.05600035190582,4,4,0,2,38,0,0,40,142.839
1030,2,0,0,0,8.191999979317188,4,4,0,2,38,0,0,40,171.549
1030,2,0,1,0,83.96799862384796,4,4,0,2,38,0,0,40,171.549
1030,2,0,2,0,9.216000325977802,4,4,0,2,38,0,0,40,171.549
1030,2,0,3,0,68.60800087451935,4,4,0,2,38,0,0,40,171.549
1030,24,0,0,0,8.191999979317188,4,4,0,3,37,0,0,40,152.33
1030,24,0,1,0,90.11200070381165,4,4,0,3,37,0,0,40,152.33
1030,24,0,2,0,9.216000325977802,4,4,0,3,37,0,0,40,152.33
1030,24,0,3,0,40.95999896526337,4,4,0,3,37,0,0,40,152.33
1030,40,0,0,1,16.383999958634377,4,4,0,3,37,0,0,40,240.299
1030,40,0,1,1,91.13600105047226,4,4,0,3,37,0,0,40,240.299
1030,40,0,2,1,8.191999979317188,4,4,0,3,37,0,0,40,240.299
1030,40,0,3,1,118.78400295972824,4,4,0,3,37,0,0,40,240.299
1031,2,0,0,0,14.336000196635723,4,4,0,0,40,0,0,40,5.16
1031,2,0,1,0,79.8719972372055,4,4,0,0,40,0,0,40,5.16
1031,2,0,2,0,9.216000325977802,4,4,0,0,40,0,0,40,5.16
1031,2,0,3,0,4.095999989658594,4,4,0,0,40,0,0,40,5.16
1031,24,0,0,0,8.191999979317188,4,4,0,1,39,0,0,40,68.45
1031,24,0,1,0,59.39200147986412,4,4,0,1,39,0,0,40,68.45
1031,24,0,2,0,8.191999979317188,4,4,0,1,39,0,0,40,68.45
1031,24,0,3,0,4.095999989658594,4,4,0,1,39,0,0,40,68.45
1031,40,0,0,1,8.191999979317188,4,4,0,0,40,0,0,40,2.889
1031,40,0,1,1,91.13600105047226,4,4,0,0,40,0,0,40,2.889
1031,40,0,2,1,9.216000325977802,4,4,0,0,40,0,0,40,2.889
1031,40,0,3,1,4.095999989658594,4,4,0,0,40,0,0,40,2.889
1032,2,0,0,0,1324.031949043274,4,4,0,1,39,0,0,40,88.239
1032,2,0,1,0,84.99199897050858,4,4,0,1,39,0,0,40,88.239
1032,2,0,2,0,9.216000325977802,4,4,0,1,39,0,0,40,88.239
1032,2,0,3,0,4.095999989658594,4,4,0,1,39,0,0,40,88.239
1032,24,0,0,0,9.216000325977802,4,4,0,2,38,0,0,40,118.68
1032,24,0,1,0,73.72800260782242,4,4,0,2,38,0,0,40,118.68
1032,24,0,2,0,10.239999741315842,4,4,0,2,38,0,0,40,118.68
1032,24,0,3,0,22.52800017595291,4,4,0,2,38,0,0,40,118.68
1032,40,0,0,1,9.216000325977802,4,4,0,1,39,0,0,40,75.689
1032,40,0,1,1,62.463998794555664,4,4,0,1,39,0,0,40,75.689
1032,40,0,2,1,9.216000325977802,4,4,0,1,39,0,0,40,75.689
1032,40,0,3,1,4.095999989658594,4,4,0,1,39,0,0,40,75.689
1033,2,0,0,0,9.216000325977802,4,4,0,0,40,0,0,40,3.44
1033,2,0,1,0,73.72800260782242,4,4,0,0,40,0,0,40,3.44
1033,2,0,2,0,9.216000325977802,4,4,0,0,40,0,0,40,3.44
1033,2,0,3,0,5.119999870657921,4,4,0,0,40,0,0,40,3.44
1033,24,0,0,0,8.191999979317188,4,4,0,3,37,0,0,40,149.47
1033,24,0,1,0,70.65600156784058,4,4,0,3,37,0,0,40,149.47
1033,24,0,2,0,9.216000325977802,4,4,0,3,37,0,0,40,149.47
1033,24,0,3,0,59.39200147986412,4,4,0,3,37,0,0,40,149.47
1033,40,0,0,1,16.383999958634377,4,4,0,1,39,0,0,40,200.69
1033,40,0,1,1,96.25600278377533,4,4,0,1,39,0,0,40,200.69
1033,40,0,2,1,8.191999979317188,4,4,0,1,39,0,0,40,200.69
1033,40,0,3,1,73.72800260782242,4,4,0,1,39,0,0,40,200.69
1034,2,0,0,0,9.216000325977802,4,4,0,1,39,0,0,40,76.88
1034,2,0,1,0,80.89599758386612,4,4,0,1,39,0,0,40,76.88
1034,2,0,2,0,8.191999979317188,4,4,0,1,39,0,0,40,76.88
1034,2,0,3,0,5.119999870657921,4,4,0,1,39,0,0,40,76.88
1034,24,0,0,0,9.216000325977802,4,4,0,1,39,0,0,40,66.0
1034,24,0,1,0,83.96799862384796,4,4,0,1,39,0,0,40,66.0
1034,24,0,2,0,9.216000325977802,4,4,0,1,39,0,0,40,66.0
1034,24,0,3,0,4.095999989658594,4,4,0,1,39,0,0,40,66.0
1034,40,0,0,1,9.216000325977802,4,4,0,0,40,0,0,40,4.94
1034,40,0,1,1,101.3759970664978,4,4,0,0,40,0,0,40,4.94
1034,40,0,2,1,8.191999979317188,4,4,0,0,40,0,0,40,4.94
1034,40,0,3,1,4.095999989658594,4,4,0,0,40,0,0,40,4.94
1035,2,0,0,0,14.336000196635723,4,4,0,0,40,0,0,40,3.38
1035,2,0,1,0,84.99199897050858,4,4,0,0,40,0,0,40,3.38
1035,2,0,2,0,9.216000325977802,4,4,0,0,40,0,0,40,3.38
1035,2,0,3,0,5.119999870657921,4,4,0,0,40,0,0,40,3.38
1035,24,0,0,0,8.191999979317188,4,4,0,0,40,0,0,40,5.07
1035,24,0,1,0,81.91999793052673,4,4,0,0,40,0,0,40,5.07
1035,24,0,2,0,9.216000325977802,4,4,0,0,40,0,0,40,5.07
1035,24,0,3,0,4.095999989658594,4,4,0,0,40,0,0,40,5.07
1035,40,0,0,1,9.216000325977802,4,4,0,0,40,0,0,40,3.14
1035,40,0,1,1,94.2080020904541,4,4,0,0,40,0,0,40,3.14
1035,40,0,2,1,9.216000325977802,4,4,0,0,40,0,0,40,3.14
1035,40,0,3,1,4.095999989658594,4,4,0,0,40,0,0,40,3.14
1036,2,0,0,0,15.359999611973763,4,4,0,3,36,1,0,40,191.608
1036,2,0,1,0,82.94399827718735,4,4,0,3,36,1,0,40,191.608
1036,2,0,2,0,162.81600296497345,4,4,0,3,36,1,0,40,191.608
1036,2,0,3,0,5.119999870657921,4,4,0,3,36,1,0,40,191.608
1036,24,0,0,0,8.191999979317188,4,4,0,3,37,0,0,40,123.719
1036,24,0,1,0,83.96799862384796,4,4,0,3,37,0,0,40,123.719
1036,24,0,2,0,9.216000325977802,4,4,0,3,37,0,0,40,123.719
1036,24,0,3,0,18.432000651955605,4,4,0,3,37,0,0,40,123.719
1036,40,0,0,1,9.216000325977802,4,4,0,2,38,0,0,40,182.059
1036,40,0,1,1,91.13600105047226,4,4,0,2,38,0,0,40,182.059
1036,40,0,2,1,9.216000325977802,4,4,0,2,38,0,0,40,182.059
1036,40,0,3,1,67.58400052785873,4,4,0,2,38,0,0,40,182.059
1037,2,0,0,0,9.216000325977802,4,4,0,3,37,0,0,40,153.63
1037,2,0,1,0,78.84799689054489,4,4,0,3,37,0,0,40,153.63
1037,2,0,2,0,9.216000325977802,4,4,0,3,37,0,0,40,153.63
1037,2,0,3,0,54.27199974656105,4,4,0,3,37,0,0,40,153.63
1037,24,0,0,0,8.191999979317188,4,4,0,0,40,0,0,40,2.64
1037,24,0,1,0,81.91999793052673,4,4,0,0,40,0,0,40,2.64
1037,24,0,2,0,9.216000325977802,4,4,0,0,40,0,0,40,2.64
1037,24,0,3,0,4.095999989658594,4,4,0,0,40,0,0,40,2.64
1037,40,0,0,1,9.216000325977802,4,4,0,1,39,0,0,40,80.98
1037,40,0,1,1,83.96799862384796,4,4,0,1,39,0,0,40,80.98
1037,40,0,2,1,9.216000325977802,4,4,0,1,39,0,0,40,80.98
1037,40,0,3,1,4.095999989658594,4,4,0,1,39,0,0,40,80.98
1038,2,0,0,0,9.216000325977802,4,4,0,1,39,0,0,40,70.36
1038,2,0,1,0,88.06400001049042,4,4,0,1,39,0,0,40,70.36
1038,2,0,2,0,9.216000325977802,4,4,0,1,39,0,0,40,70.36
1038,2,0,3,0,5.119999870657921,4,4,0,1,39,0,0,40,70.36
1038,24,0,0,0,8.191999979317188,4,4,0,3,37,0,0,40,216.271
1038,24,0,1,0,84.99199897050858,4,4,0,3,37,0,0,40,216.271
1038,24,0,2,0,8.191999979317188,4,4,0,3,37,0,0,40,216.271
1038,24,0,3,0,109.56799983978271,4,4,0,3,37,0,0,40,216.271
1038,40,0,0,1,9.216000325977802,4,4,0,1,39,0,0,40,79.269
1038,40,0,1,1,86.01599931716919,4,4,0,1,39,0,0,40,79.269
1038,40,0,2,1,9.216000325977802,4,4,0,1,39,0,0,40,79.269
1038,40,0,3,1,4.095999989658594,4,4,0,1,39,0,0,40,79.269
1039,2,0,0,0,15.359999611973763,4,4,0,2,38,0,0,40,103.399
1039,2,0,1,0,83.96799862384796,4,4,0,2,38,0,0,40,103.399
1039,2,0,2,0,9.216000325977802,4,4,0,2,38,0,0,40,103.399
1039,2,0,3,0,7.168000098317862,4,4,0,2,38,0,0,40,103.399
1039,24,0,0,0,8.191999979317188,4,4,0,3,36,1,0,40,168.119
1039,24,0,1,0,86.01599931716919,4,4,0,3,36,1,0,40,168.119
1039,24,0,2,0,168.96000504493713,4,4,0,3,36,1,0,40,168.119
1039,24,0,3,0,5.119999870657921,4,4,0,3,36,1,0,40,168.119
1039,40,0,0,1,15.359999611973763,4,4,0,1,39,0,0,40,68.26
1039,40,0,1,1,100.35199671983719,4,4,0,1,39,0,0,40,68.26
1039,40,0,2,1,9.216000325977802,4,4,0,1,39,0,0,40,68.26
1039,40,0,3,1,4.095999989658594,4,4,0,1,39,0,0,40,68.26
1040,2,0,0,0,8.191999979317188,4,4,0,1,39,0,0,40,69.19
1040,2,0,1,0,82.94399827718735,4,4,0,1,39,0,0,40,69.19
1040,2,0,2,0,9.216000325977802,4,4,0,1,39,0,0,40,69.19
1040,2,0,3,0,6.144000217318535,4,4,0,1,39,0,0,40,69.19
1040,24,0,0,0,11.264000087976456,4,4,0,2,38,0,0,40,115.42
1040,24,0,1,0,73.72800260782242,4,4,0,2,38,0,0,40,115.42
1040,24,0,2,0,10.239999741315842,4,4,0,2,38,0,0,40,115.42
1040,24,0,3,0,15.359999611973763,4,4,0,2,38,0,0,40,115.42
1040,40,0,0,1,9.216000325977802,4,4,0,0,40,0,0,40,2.56
1040,40,0,1,1,86.01599931716919,4,4,0,0,40,0,0,40,2.56
1040,40,0,2,1,9.216000325977802,4,4,0,0,40,0,0,40,2.56
1040,40,0,3,1,4.095999989658594,4,4,0,0,40,0,0,40,2.56
1041,2,0,0,0,9.216000325977802,4,4,0,3,37,0,0,40,147.749
1041,2,0,1,0,63.48799914121628,4,4,0,3,37,0,0,40,147.749
1041,2,0,2,0,9.216000325977802,4,4,0,3,37,0,0,40,147.749
1041,2,0,3,0,65.5359998345375,4,4,0,3,37,0,0,40,147.749
1041,24,0,0,0,8.191999979317188,4,4,0,0,40,0,0,40,2.25
1041,24,0,1,0,65.5359998345375,4,4,0,0,40,0,0,40,2.25
1041,24,0,2,0,9.216000325977802,4,4,0,0,40,0,0,40,2.25
1041,24,0,3,0,4.095999989658594,4,4,0,0,40,0,0,40,2.25
1041,40,0,0,1,8.191999979317188,4,4,0,0,40,0,0,40,2.2
1041,40,0,1,1,59.39200147986412,4,4,0,0,40,0,0,40,2.2
1041,40,0,2,1,8.191999979317188,4,4,0,0,40,0,0,40,2.2
1041,40,0,3,1,4.095999989658594,4,4,0,0,40,0,0,40,2.2
1042,2,0,0,0,9.216000325977802,4,4,0,3,37,0,0,40,149.34
1042,2,0,1,0,76.80000364780426,4,4,0,3,37,0,0,40,149.34
1042,2,0,2,0,9.216000325977802,4,4,0,3,37,0,0,40,149.34
1042,2,0,3,0,51.19999870657921,4,4,0,3,37,0,0,40,149.34
1042,24,0,0,0,7.168000098317862,4,4,0,2,38,0,0,40,102.43
1042,24,0,1,0,71.68000191450119,4,4,0,2,38,0,0,40,102.43
1042,24,0,2,0,9.216000325977802,4,4,0,2,38,0,0,40,102.43
1042,24,0,3,0,10.239999741315842,4,4,0,2,38,0,0,40,102.43
1042,40,0,0,1,8.191999979317188,4,4,0,0,40,0,0,40,3.78
1042,40,0,1,1,71.68000191450119,4,4,0,0,40,0,0,40,3.78
1042,40,0,2,1,9.216000325977802,4,4,0,0,40,0,0,40,3.78
1042,40,0,3,1,4.095999989658594,4,4,0,0,40,0,0,40,3.78
1043,2,0,0,0,9.216000325977802,4,4,0,1,39,0,0,40,66.319
1043,2,0,1,0,71.68000191450119,4,4,0,1,39,0,0,40,66.319
1043,2,0,2,0,9.216000325977802,4,4,0,1,39,0,0,40,66.319
1043,2,0,3,0,6.144000217318535,4,4,0,1,39,0,0,40,66.319
1043,24,0,0,0,8.191999979317188,4,4,0,0,40,0,0,40,2.8
1043,24,0,1,0,63.48799914121628,4,4,0,0,40,0,0,40,2.8
1043,24,0,2,0,9.216000325977802,4,4,0,0,40,0,0,40,2.8
1043,24,0,3,0,4.095999989658594,4,4,0,0,40,0,0,40,2.8
1043,40,0,0,1,15.359999611973763,4,4,0,1,39,0,0,40,79.86
1043,40,0,1,1,51.19999870657921,4,4,0,1,39,0,0,40,79.86
1043,40,0,2,1,10.239999741315842,4,4,0,1,39,0,0,40,79.86
1043,40,0,3,1,4.095999989658594,4,4,0,1,39,0,0,40,79.86
1044,2,0,0,0,9.216000325977802,4,4,0,1,39,0,0,40,82.989
1044,2,0,1,0,79.8719972372055,4,4,0,1,39,0,0,40,82.989
1044,2,0,2,0,9.216000325977802,4,4,0,1,39,0,0,40,82.989
1044,2,0,3,0,7.168000098317862,4,4,0,1,39,0,0,40,82.989
1044,24,0,0,0,8.191999979317188,4,4,0,0,40,0,0,40,2.11
1044,24,0,1,0,59.39200147986412,4,4,0,0,40,0,0,40,2.11
1044,24,0,2,0,9.216000325977802,4,4,0,0,40,0,0,40,2.11
1044,24,0,3,0,4.095999989658594,4,4,0,0,40,0,0,40,2.11
1044,40,0,0,1,8.191999979317188,4,4,0,0,40,0,0,40,2.39
1044,40,0,1,1,82.94399827718735,4,4,0,0,40,0,0,40,2.39
1044,40,0,2,1,9.216000325977802,4,4,0,0,40,0,0,40,2.39
1044,40,0,3,1,4.095999989658594,4,4,0,0,40,0,0,40,2.39
1045,2,0,0,0,15.359999611973763,4,4,0,0,40,0,0,40,5.34
1045,2,0,1,0,73.72800260782242,4,4,0,0,40,0,0,40,5.34
1045,2,0,2,0,8.191999979317188,4,4,0,0,40,0,0,40,5.34
1045,2,0,3,0,4.095999989658594,4,4,0,0,40,0,0,40,5.34
1045,24,0,0,0,8.191999979317188,4,4,0,0,40,0,0,40,4.47
1045,24,0,1,0,62.463998794555664,4,4,0,0,40,0,0,40,4.47
1045,24,0,2,0,9.216000325977802,4,4,0,0,40,0,0,40,4.47
1045,24,0,3,0,4.095999989658594,4,4,0,0,40,0,0,40,4.47
1045,40,0,0,1,9.216000325977802,4,4,0,0,40,0,0,40,3.84
1045,40,0,1,1,64.51199948787689,4,4,0,0,40,0,0,40,3.84
1045,40,0,2,1,8.191999979317188,4,4,0,0,40,0,0,40,3.84
1045,40,0,3,1,4.095999989658594,4,4,0,0,40,0,0,40,3.84
1046,2,0,0,0,14.336000196635723,4,4,0,0,40,0,0,40,4.19
1046,2,0,1,0,78.84799689054489,4,4,0,0,40,0,0,40,4.19
1046,2,0,2,0,9.216000325977802,4,4,0,0,40,0,0,40,4.19
1046,2,0,3,0,5.119999870657921,4,4,0,0,40,0,0,40,4.19
1046,24,0,0,0,9.216000325977802,4,4,0,0,40,0,0,40,2.269
1046,24,0,1,0,69.63200122117996,4,4,0,0,40,0,0,40,2.269
1046,24,0,2,0,9.216000325977802,4,4,0,0,40,0,0,40,2.269
1046,24,0,3,0,4.095999989658594,4,4,0,0,40,0,0,40,2.269
1046,40,0,0,1,16.383999958634377,4,4,0,1,39,0,0,40,82.641
1046,40,0,1,1,62.463998794555664,4,4,0,1,39,0,0,40,82.641
1046,40,0,2,1,9.216000325977802,4,4,0,1,39,0,0,40,82.641
1046,40,0,3,1,4.095999989658594,4,4,0,1,39,0,0,40,82.641
1047,2,0,0,0,14.336000196635723,4,4,0,0,40,0,0,40,4.09
1047,2,0,1,0,77.82399654388428,4,4,0,0,40,0,0,40,4.09
1047,2,0,2,0,8.191999979317188,4,4,0,0,40,0,0,40,4.09
1047,2,0,3,0,6.144000217318535,4,4,0,0,40,0,0,40,4.09
1047,24,0,0,0,8.191999979317188,4,4,0,0,40,0,0,40,3.86
1047,24,0,1,0,67.58400052785873,4,4,0,0,40,0,0,40,3.86
1047,24,0,2,0,9.216000325977802,4,4,0,0,40,0,0,40,3.86
1047,24,0,3,0,4.095999989658594,4,4,0,0,40,0,0,40,3.86
1047,40,0,0,1,9.216000325977802,4,4,0,0,40,0,0,40,1.89
1047,40,0,1,1,61.43999844789505,4,4,0,0,40,0,0,40,1.89
1047,40,0,2,1,9.216000325977802,4,4,0,0,40,0,0,40,1.89
1047,40,0,3,1,4.095999989658594,4,4,0,0,40,0,0,40,1.89
1048,2,0,0,0,14.336000196635723,4,4,0,0,40,0,0,40,4.52
1048,2,0,1,0,77.82399654388428,4,4,0,0,40,0,0,40,4.52
1048,2,0,2,0,9.216000325977802,4,4,0,0,40,0,0,40,4.52
1048,2,0,3,0,5.119999870657921,4,4,0,0,40,0,0,40,4.52
1048,24,0,0,0,9.216000325977802,4,4,0,0,40,0,0,40,2.96
1048,24,0,1,0,77.82399654388428,4,4,0,0,40,0,0,40,2.96
1048,24,0,2,0,8.191999979317188,4,4,0,0,40,0,0,40,2.96
1048,24,0,3,0,4.095999989658594,4,4,0,0,40,0,0,40,2.96
1048,40,0,0,1,15.359999611973763,4,4,0,1,39,0,0,40,75.95
1048,40,0,1,1,86.01599931716919,4,4,0,1,39,0,0,40,75.95
1048,40,0,2,1,9.216000325977802,4,4,0,1,39,0,0,40,75.95
1048,40,0,3,1,4.095999989658594,4,4,0,1,39,0,0,40,75.95
1049,2,0,0,0,14.336000196635723,4,4,0,0,40,0,0,40,2.28
1049,2,0,1,0,84.99199897050858,4,4,0,0,40,0,0,40,2.28
1049,2,0,2,0,9.216000325977802,4,4,0,0,40,0,0,40,2.28
1049,2,0,3,0,7.168000098317862,4,4,0,0,40,0,0,40,2.28
1049,24,0,0,0,9.216000325977802,4,4,0,0,40,0,0,40,4.32
1049,24,0,1,0,77.82399654388428,4,4,0,0,40,0,0,40,4.32
1049,24,0,2,0,8.191999979317188,4,4,0,0,40,0,0,40,4.32
1049,24,0,3,0,4.095999989658594,4,4,0,0,40,0,0,40,4.32
1049,40,0,0,1,9.216000325977802,4,4,0,1,39,0,0,40,81.79
1049,40,0,1,1,76.80000364780426,4,4,0,1,39,0,0,40,81.79
1049,40,0,2,1,9.216000325977802,4,4,0,1,39,0,0,40,81.79
1049,40,0,3,1,4.095999989658594,4,4,0,1,39,0,0,40,81.79
1050,2,0,0,0,8.191999979317188,4,4,0,1,39,0,0,40,89.89
1050,2,0,1,0,79.8719972372055,4,4,0,1,39,0,0,40,89.89
1050,2,0,2,0,9.216000325977802,4,4,0,1,39,0,0,40,89.89
1050,2,0,3,0,5.119999870657921,4,4,0,1,39,0,0,40,89.89
1050,24,0,0,0,8.191999979317188,4,4,0,2,38,0,0,40,102.92
1050,24,0,1,0,68.60800087451935,4,4,0,2,38,0,0,40,102.92
1050,24,0,2,0,9.216000325977802,4,4,0,2,38,0,0,40,102.92
1050,24,0,3,0,12.28800043463707,4,4,0,2,38,0,0,40,102.92
1050,40,0,0,1,9.216000325977802,4,4,0,0,40,0,0,40,2.45
1050,40,0,1,1,69.63200122117996,4,4,0,0,40,0,0,40,2.45
1050,40,0,2,1,9.216000325977802,4,4,0,0,40,0,0,40,2.45
1050,40,0,3,1,4.095999989658594,4,4,0,0,40,0,0,40,2.45
1051,2,0,0,0,16.383999958634377,4,4,0,0,40,0,0,40,2.109
1051,2,0,1,0,83.96799862384796,4,4,0,0,40,0,0,40,2.109
1051,2,0,2,0,9.216000325977802,4,4,0,0,40,0,0,40,2.109
1051,2,0,3,0,7.168000098317862,4,4,0,0,40,0,0,40,2.109
1051,24,0,0,0,9.216000325977802,4,4,0,0,40,0,0,40,4.6
1051,24,0,1,0,77.82399654388428,4,4,0,0,40,0,0,40,4.6
1051,24,0,2,0,9.216000325977802,4,4,0,0,40,0,0,40,4.6
1051,24,0,3,0,4.095999989658594,4,4,0,0,40,0,0,40,4.6
1051,40,0,0,1,9.216000325977802,4,4,0,0,40,0,0,40,3.98
1051,40,0,1,1,64.51199948787689,4,4,0,0,40,0,0,40,3.98
1051,40,0,2,1,9.216000325977802,4,4,0,0,40,0,0,40,3.98
1051,40,0,3,1,4.095999989658594,4,4,0,0,40,0,0,40,3.98
1052,2,0,0,0,1279.9999713897705,4,4,0,1,39,0,0,40,108.25
1052,2,0,1,0,83.96799862384796,4,4,0,1,39,0,0,40,108.25
1052,2,0,2,0,10.239999741315842,4,4,0,1,39,0,0,40,108.25
1052,2,0,3,0,5.119999870657921,4,4,0,1,39,0,0,40,108.25
1052,24,0,0,0,8.191999979317188,4,4,0,0,40,0,0,40,2.289
1052,24,0,1,0,54.27199974656105,4,4,0,0,40,0,0,40,2.289
1052,24,0,2,0,9.216000325977802,4,4,0,0,40,0,0,40,2.289
1052,24,0,3,0,4.095999989658594,4,4,0,0,40,0,0,40,2.289
1052,40,0,0,1,9.216000325977802,4,4,0,0,40,0,0,40,2.21
1052,40,0,1,1,67.58400052785873,4,4,0,0,40,0,0,40,2.21
1052,40,0,2,1,9.216000325977802,4,4,0,0,40,0,0,40,2.21
1052,40,0,3,1,4.095999989658594,4,4,0,0,40,0,0,40,2.21
1053,2,0,0,0,9.216000325977802,4,4,0,0,40,0,0,40,5.01
1053,2,0,1,0,84.99199897050858,4,4,0,0,40,0,0,40,5.01
1053,2,0,2,0,9.216000325977802,4,4,0,0,40,0,0,40,5.01
1053,2,0,3,0,5.119999870657921,4,4,0,0,40,0,0,40,5.01
1053,24,0,0,0,8.191999979317188,4,4,0,1,39,0,0,40,67.88
1053,24,0,1,0,77.82399654388428,4,4,0,1,39,0,0,40,67.88
1053,24,0,2,0,9.216000325977802,4,4,0,1,39,0,0,40,67.88
1053,24,0,3,0,4.095999989658594,4,4,0,1,39,0,0,40,67.88
1053,40,0,0,1,9.216000325977802,4,4,0,1,39,0,0,40,82.879
1053,40,0,1,1,64.51199948787689,4,4,0,1,39,0,0,40,82.879
1053,40,0,2,1,9.216000325977802,4,4,0,1,39,0,0,40,82.879
1053,40,0,3,1,4.095999989658594,4,4,0,1,39,0,0,40,82.879
1054,2,0,0,0,9.216000325977802,4,4,0,1,39,0,0,40,73.84
1054,2,0,1,0,71.68000191450119,4,4,0,1,39,0,0,40,73.84
1054,2,0,2,0,9.216000325977802,4,4,0,1,39,0,0,40,73.84
1054,2,0,3,0,8.191999979317188,4,4,0,1,39,0,0,40,73.84
1054,24,0,0,0,8.191999979317188,4,4,0,0,40,0,0,40,2.44
1054,24,0,1,0,64.51199948787689,4,4,0,0,40,0,0,40,2.44
1054,24,0,2,0,8.191999979317188,4,4,0,0,40,0,0,40,2.44
1054,24,0,3,0,4.095999989658594,4,4,0,0,40,0,0,40,2.44
1054,40,0,0,1,16.383999958634377,4,4,0,1,39,0,0,40,113.04
1054,40,0,1,1,67.58400052785873,4,4,0,1,39,0,0,40,113.04
1054,40,0,2,1,11.264000087976456,4,4,0,1,39,0,0,40,113.04
1054,40,0,3,1,14.336000196635723,4,4,0,1,39,0,0,40,113.04
1055,2,0,0,0,9.216000325977802,4,4,0,1,39,0,0,40,81.94
1055,2,0,1,0,86.01599931716919,4,4,0,1,39,0,0,40,81.94
1055,2,0,2,0,9.216000325977802,4,4,0,1,39,0,0,40,81.94
1055,2,0,3,0,5.119999870657921,4,4,0,1,39,0,0,40,81.94
1055,24,0,0,0,8.191999979317188,4,4,0,1,39,0,0,40,92.44
1055,24,0,1,0,69.63200122117996,4,4,0,1,39,0,0,40,92.44
1055,24,0,2,0,9.216000325977802,4,4,0,1,39,0,0,40,92.44
1055,24,0,3,0,4.095999989658594,4,4,0,1,39,0,0,40,92.44
1055,40,0,0,1,8.191999979317188,4,4,0,1,39,0,0,40,85.59
1055,40,0,1,1,80.89599758386612,4,4,0,1,39,0,0,40,85.59
1055,40,0,2,1,9.216000325977802,4,4,0,1,39,0,0,40,85.59
1055,40,0,3,1,4.095999989658594,4,4,0,1,39,0,0,40,85.59
1056,2,0,0,0,8.191999979317188,4,4,0,3,36,1,0,40,170.569
1056,2,0,1,0,70.65600156784058,4,4,0,3,36,1,0,40,170.569
1056,2,0,2,0,172.03199863433838,4,4,0,3,36,1,0,40,170.569
1056,2,0,3,0,5.119999870657921,4,4,0,3,36,1,0,40,170.569
1056,24,0,0,0,8.191999979317188,4,4,0,0,40,0,0,40,4.33
1056,24,0,1,0,69.63200122117996,4,4,0,0,40,0,0,40,4.33
1056,24,0,2,0,9.216000325977802,4,4,0,0,40,0,0,40,4.33
1056,24,0,3,0,4.095999989658594,4,4,0,0,40,0,0,40,4.33
1056,40,0,0,1,9.216000325977802,4,4,0,3,37,0,0,40,203.889
1056,40,0,1,1,60.416001826524734,4,4,0,3,37,0,0,40,203.889
1056,40,0,2,1,9.216000325977802,4,4,0,3,37,0,0,40,203.889
1056,40,0,3,1,121.85599654912949,4,4,0,3,37,0,0,40,203.889
1057,2,0,0,0,8.191999979317188,4,4,0,3,36,1,0,40,178.3
1057,2,0,1,0,83.96799862384796,4,4,0,3,36,1,0,40,178.3
1057,2,0,2,0,162.81600296497345,4,4,0,3,36,1,0,40,178.3
1057,2,0,3,0,6.144000217318535,4,4,0,3,36,1,0,40,178.3
1057,24,0,0,0,9.216000325977802,4,4,0,0,40,0,0,40,2.831
1057,24,0,1,0,74.75200295448303,4,4,0,0,40,0,0,40,2.831
1057,24,0,2,0,8.191999979317188,4,4,0,0,40,0,0,40,2.831
1057,24,0,3,0,5.119999870657921,4,4,0,0,40,0,0,40,2.831
1057,40,0,0,1,15.359999611973763,4,4,0,1,39,0,0,40,93.17
1057,40,0,1,1,74.75200295448303,4,4,0,1,39,0,0,40,93.17
1057,40,0,2,1,9.216000325977802,4,4,0,1,39,0,0,40,93.17
1057,40,0,3,1,4.095999989658594,4,4,0,1,39,0,0,40,93.17
1058,2,0,0,0,15.359999611973763,4,4,0,1,39,0,0,40,65.74
1058,2,0,1,0,90.11200070381165,4,4,0,1,39,0,0,40,65.74
1058,2,0,2,0,9.216000325977802,4,4,0,1,39,0,0,40,65.74
1058,2,0,3,0,7.168000098317862,4,4,0,1,39,0,0,40,65.74
1058,24,0,0,0,8.191999979317188,4,4,0,3,36,1,0,40,167.489
1058,24,0,1,0,75.77600330114365,4,4,0,3,36,1,0,40,167.489
1058,24,0,2,0,169.98399794101715,4,4,0,3,36,1,0,40,167.489
1058,24,0,3,0,5.119999870657921,4,4,0,3,36,1,0,40,167.489
1058,40,0,0,1,9.216000325977802,4,4,0,3,37,0,0,40,293.459
1058,40,0,1,1,73.72800260782242,4,4,0,3,37,0,0,40,293.459
1058,40,0,2,1,9.216000325977802,4,4,0,3,37,0,0,40,293.459
1058,40,0,3,1,197.63199985027313,4,4,0,3,37,0,0,40,293.459
1059,2,0,0,0,9.216000325977802,4,4,0,1,39,0,0,40,68.02
1059,2,0,1,0,83.96799862384796,4,4,0,1,39,0,0,40,68.02
1059,2,0,2,0,9.216000325977802,4,4,0,1,39,0,0,40,68.02
1059,2,0,3,0,5.119999870657921,4,4,0,1,39,0,0,40,68.02
1059,24,0,0,0,8.191999979317188,4,4,0,0,40,0,0,40,2.431
1059,24,0,1,0,68.60800087451935,4,4,0,0,40,0,0,40,2.431
1059,24,0,2,0,8.191999979317188,4,4,0,0,40,0,0,40,2.431
1059,24,0,3,0,3.0720001086592674,4,4,0,0,40,0,0,40,2.431
1059,40,0,0,1,8.191999979317188,4,4,0,0,40,0,0,40,4.049
1059,40,0,1,1,65.5359998345375,4,4,0,0,40,0,0,40,4.049
1059,40,0,2,1,9.216000325977802,4,4,0,0,40,0,0,40,4.049
1059,40,0,3,1,4.095999989658594,4,4,0,0,40,0,0,40,4.049
1060,2,0,0,0,8.191999979317188,4,4,0,2,38,0,0,40,76.859
1060,2,0,1,0,75.77600330114365,4,4,0,2,38,0,0,40,76.859
1060,2,0,2,0,9.216000325977802,4,4,0,2,38,0,0,40,76.859
1060,2,0,3,0,5.119999870657921,4,4,0,2,38,0,0,40,76.859
1060,24,0,0,0,8.191999979317188,4,4,0,1,39,0,0,40,62.16
1060,24,0,1,0,72.7040022611618,4,4,0,1,39,0,0,40,62.16
1060,24,0,2,0,8.191999979317188,4,4,0,1,39,0,0,40,62.16
1060,24,0,3,0,4.095999989658594,4,4,0,1,39,0,0,40,62.16
1060,40,0,0,1,9.216000325977802,4,4,0,2,38,0,0,40,125.33
1060,40,0,1,1,76.80000364780426,4,4,0,2,38,0,0,40,125.33
1060,40,0,2,1,9.216000325977802,4,4,0,2,38,0,0,40,125.33
1060,40,0,3,1,25.599999353289604,4,4,0,2,38,0,0,40,125.33
1061,2,0,0,0,9.216000325977802,4,4,0,3,37,0,0,40,149.88
1061,2,0,1,0,77.82399654388428,4,4,0,3,37,0,0,40,149.88
1061,2,0,2,0,9.216000325977802,4,4,0,3,37,0,0,40,149.88
1061,2,0,3,0,53.247999399900436,4,4,0,3,37,0,0,40,149.88
1061,24,0,0,0,9.216000325977802,4,4,0,0,40,0,0,40,4.589
1061,24,0,1,0,67.58400052785873,4,4,0,0,40,0,0,40,4.589
1061,24,0,2,0,9.216000325977802,4,4,0,0,40,0,0,40,4.589
1061,24,0,3,0,4.095999989658594,4,4,0,0,40,0,0,40,4.589
1061,40,0,0,1,8.191999979317188,4,4,0,0,40,0,0,40,2.36
1061,40,0,1,1,54.27199974656105,4,4,0,0,40,0,0,40,2.36
1061,40,0,2,1,9.216000325977802,4,4,0,0,40,0,0,40,2.36
1061,40,0,3,1,4.095999989658594,4,4,0,0,40,0,0,40,2.36
1062,2,0,0,0,15.359999611973763,4,4,0,0,40,0,0,40,2.571
1062,2,0,1,0,70.65600156784058,4,4,0,0,40,0,0,40,2.571
1062,2,0,2,0,9.216000325977802,4,4,0,0,40,0,0,40,2.571
1062,2,0,3,0,7.168000098317862,4,4,0,0,40,0,0,40,2.571
1062,24,0,0,0,8.191999979317188,4,4,0,0,40,0,0,40,2.129
1062,24,0,1,0,54.27199974656105,4,4,0,0,40,0,0,40,2.129
1062,24,0,2,0,9.216000325977802,4,4,0,0,40,0,0,40,2.129
1062,24,0,3,0,4.095999989658594,4,4,0,0,40,0,0,40,2.129
1062,40,0,0,1,9.216000325977802,4,4,0,0,40,0,0,40,1.84
1062,40,0,1,1,51.19999870657921,4,4,0,0,40,0,0,40,1.84
1062,40,0,2,1,9.216000325977802,4,4,0,0,40,0,0,40,1.84
1062,40,0,3,1,4.095999989658594,4,4,0,0,40,0,0,40,1.84
1063,2,0,0,0,8.191999979317188,4,4,0,1,39,0,0,40,74.579
1063,2,0,1,0,66.56000018119812,4,4,0,1,39,0,0,40,74.579
1063,2,0,2,0,9.216000325977802,4,4,0,1,39,0,0,40,74.579
1063,2,0,3,0,6.144000217318535,4,4,0,1,39,0,0,40,74.579
1063,24,0,0,0,8.191999979317188,4,4,0,0,40,0,0,40,1.939
1063,24,0,1,0,52.22399905323982,4,4,0,0,40,0,0,40,1.939
1063,24,0,2,0,9.216000325977802,4,4,0,0,40,0,0,40,1.939
1063,24,0,3,0,4.095999989658594,4,4,0,0,40,0,0,40,1.939
1063,40,0,0,1,10.239999741315842,4,4,0,0,40,0,0,40,1.86
1063,40,0,1,1,51.19999870657921,4,4,0,0,40,0,0,40,1.86
1063,40,0,2,1,9.216000325977802,4,4,0,0,40,0,0,40,1.86
1063,40,0,3,1,4.095999989658594,4,4,0,0,40,0,0,40,1.86
1064,2,0,0,0,9.216000325977802,1,1,0,0,10,0,0,10,0.511
1064,2,0,1,0,31.74399957060814,1,1,0,0,10,0,0,10,0.511
1064,2,0,2,0,8.191999979317188,1,1,0,0,10,0,0,10,0.511
1064,2,0,3,0,5.119999870657921,1,1,0,0,10,0,0,10,0.511
1064,24,0,0,0,9.216000325977802,1,1,0,0,10,0,0,10,0.631
1064,24,0,1,0,31.74399957060814,1,1,0,0,10,0,0,10,0.631
1064,24,0,2,0,9.216000325977802,1,1,0,0,10,0,0,10,0.631
1064,24,0,3,0,4.095999989658594,1,1,0,0,10,0,0,10,0.631
1064,40,0,0,1,8.191999979317188,1,1,0,1,9,0,0,10,109.89
1064,40,0,1,1,32.76799991726875,1,1,0,1,9,0,0,10,109.89
1064,40,0,2,1,9.216000325977802,1,1,0,1,9,0,0,10,109.89
1064,40,0,3,1,54.27199974656105,1,1,0,1,9,0,0,10,109.89
1065,2,0,0,0,9.216000325977802,1,1,0,0,10,0,0,10,1.26
1065,2,0,1,0,31.74399957060814,1,1,0,0,10,0,0,10,1.26
1065,2,0,2,0,9.216000325977802,1,1,0,0,10,0,0,10,1.26
1065,2,0,3,0,5.119999870657921,1,1,0,0,10,0,0,10,1.26
1065,24,0,0,0,9.216000325977802,1,1,0,2,8,0,0,10,121.94
1065,24,0,1,0,27.648000046610832,1,1,0,2,8,0,0,10,121.94
1065,24,0,2,0,9.216000325977802,1,1,0,2,8,0,0,10,121.94
1065,24,0,3,0,71.68000191450119,1,1,0,2,8,0,0,10,121.94
1065,40,0,0,1,9.216000325977802,1,1,0,0,10,0,0,10,0.51
1065,40,0,1,1,35.840000957250595,1,1,0,0,10,0,0,10,0.51
1065,40,0,2,1,9.216000325977802,1,1,0,0,10,0,0,10,0.51
1065,40,0,3,1,4.095999989658594,1,1,0,0,10,0,0,10,0.51
1066,2,0,0,0,14.336000196635723,4,4,0,0,40,0,0,40,2.609
1066,2,0,1,0,73.72800260782242,4,4,0,0,40,0,0,40,2.609
1066,2,0,2,0,8.191999979317188,4,4,0,0,40,0,0,40,2.609
1066,2,0,3,0,6.144000217318535,4,4,0,0,40,0,0,40,2.609
1066,24,0,0,0,9.216000325977802,4,4,0,2,38,0,0,40,100.74
1066,24,0,1,0,84.99199897050858,4,4,0,2,38,0,0,40,100.74
1066,24,0,2,0,9.216000325977802,4,4,0,2,38,0,0,40,100.74
1066,24,0,3,0,5.119999870657921,4,4,0,2,38,0,0,40,100.74
1066,40,0,0,1,11.264000087976456,4,4,0,0,40,0,0,40,8.691
1066,40,0,1,1,77.82399654388428,4,4,0,0,40,0,0,40,8.691
1066,40,0,2,1,9.216000325977802,4,4,0,0,40,0,0,40,8.691
1066,40,0,3,1,4.095999989658594,4,4,0,0,40,0,0,40,8.691
1067,2,0,0,0,9.216000325977802,4,4,0,1,39,0,0,40,108.569
1067,2,0,1,0,56.32000043988228,4,4,0,1,39,0,0,40,108.569
1067,2,0,2,0,9.216000325977802,4,4,0,1,39,0,0,40,108.569
1067,2,0,3,0,31.74399957060814,4,4,0,1,39,0,0,40,108.569
1067,24,0,0,0,8.191999979317188,4,4,0,0,40,0,0,40,5.34
1067,24,0,1,0,83.96799862384796,4,4,0,0,40,0,0,40,5.34
1067,24,0,2,0,9.216000325977802,4,4,0,0,40,0,0,40,5.34
1067,24,0,3,0,4.095999989658594,4,4,0,0,40,0,0,40,5.34
1067,40,0,0,1,10.239999741315842,4,4,0,0,40,0,0,40,2.41
1067,40,0,1,1,91.13600105047226,4,4,0,0,40,0,0,40,2.41
1067,40,0,2,1,9.216000325977802,4,4,0,0,40,0,0,40,2.41
1067,40,0,3,1,4.095999989658594,4,4,0,0,40,0,0,40,2.41
1068,2,0,0,0,9.216000325977802,4,4,0,1,39,0,0,40,77.26
1068,2,0,1,0,78.84799689054489,4,4,0,1,39,0,0,40,77.26
1068,2,0,2,0,9.216000325977802,4,4,0,1,39,0,0,40,77.26
1068,2,0,3,0,5.119999870657921,4,4,0,1,39,0,0,40,77.26
1068,24,0,0,0,8.191999979317188,4,4,0,1,39,0,0,40,67.511
1068,24,0,1,0,62.463998794555664,4,4,0,1,39,0,0,40,67.511
1068,24,0,2,0,9.216000325977802,4,4,0,1,39,0,0,40,67.511
1068,24,0,3,0,4.095999989658594,4,4,0,1,39,0,0,40,67.511
1068,40,0,0,1,8.191999979317188,4,4,0,0,40,0,0,40,1.9
1068,40,0,1,1,50.175998359918594,4,4,0,0,40,0,0,40,1.9
1068,40,0,2,1,9.216000325977802,4,4,0,0,40,0,0,40,1.9
1068,40,0,3,1,4.095999989658594,4,4,0,0,40,0,0,40,1.9
1069,2,0,0,0,9.216000325977802,1,1,0,0,10,0,0,10,0.69
1069,2,0,1,0,32.76799991726875,1,1,0,0,10,0,0,10,0.69
1069,2,0,2,0,8.191999979317188,1,1,0,0,10,0,0,10,0.69
1069,2,0,3,0,6.144000217318535,1,1,0,0,10,0,0,10,0.69
1069,24,0,0,0,9.216000325977802,1,1,0,0,10,0,0,10,0.58
1069,24,0,1,0,31.74399957060814,1,1,0,0,10,0,0,10,0.58
1069,24,0,2,0,9.216000325977802,1,1,0,0,10,0,0,10,0.58
1069,24,0,3,0,4.095999989658594,1,1,0,0,10,0,0,10,0.58
1069,40,0,0,1,9.216000325977802,1,1,0,0,10,0,0,10,0.55
1069,40,0,1,1,34.81600061058998,1,1,0,0,10,0,0,10,0.55
1069,40,0,2,1,10.239999741315842,1,1,0,0,10,0,0,10,0.55
1069,40,0,3,1,4.095999989658594,1,1,0,0,10,0,0,10,0.55
1070,2,0,0,0,15.359999611973763,4,4,0,0,40,0,0,40,2.62
1070,2,0,1,0,67.58400052785873,4,4,0,0,40,0,0,40,2.62
1070,2,0,2,0,9.216000325977802,4,4,0,0,40,0,0,40,2.62
1070,2,0,3,0,5.119999870657921,4,4,0,0,40,0,0,40,2.62
1070,24,0,0,0,8.191999979317188,4,4,0,0,40,0,0,40,4.8
1070,24,0,1,0,62.463998794555664,4,4,0,0,40,0,0,40,4.8
1070,24,0,2,0,9.216000325977802,4,4,0,0,40,0,0,40,4.8
1070,24,0,3,0,4.095999989658594,4,4,0,0,40,0,0,40,4.8
1070,40,0,0,1,9.216000325977802,4,4,0,0,40,0,0,40,2.83
1070,40,0,1,1,74.75200295448303,4,4,0,0,40,0,0,40,2.83
1070,40,0,2,1,9.216000325977802,4,4,0,0,40,0,0,40,2.83
1070,40,0,3,1,4.095999989658594,4,4,0,0,40,0,0,40,2.83
1071,2,0,0,0,9.216000325977802,2,2,0,0,20,0,0,20,3.43
1071,2,0,1,0,46.08000069856644,2,2,0,0,20,0,0,20,3.43
1071,2,0,2,0,9.216000325977802,2,2,0,0,20,0,0,20,3.43
1071,2,0,3,0,5.119999870657921,2,2,0,0,20,0,0,20,3.43
1071,24,0,0,0,9.216000325977802,2,2,0,1,19,0,0,20,61.209
1071,24,0,1,0,47.10400104522705,2,2,0,1,19,0,0,20,61.209
1071,24,0,2,0,9.216000325977802,2,2,0,1,19,0,0,20,61.209
1071,24,0,3,0,4.095999989658594,2,2,0,1,19,0,0,20,61.209
1071,40,0,0,1,9.216000325977802,2,2,0,1,19,0,0,20,72.869
1071,40,0,1,1,51.19999870657921,2,2,0,1,19,0,0,20,72.869
1071,40,0,2,1,10.239999741315842,2,2,0,1,19,0,0,20,72.869
1071,40,0,3,1,4.095999989658594,2,2,0,1,19,0,0,20,72.869
1072,2,0,0,0,9.216000325977802,1,1,0,0,10,0,0,10,0.67
1072,2,0,1,0,32.76799991726875,1,1,0,0,10,0,0,10,0.67
1072,2,0,2,0,9.216000325977802,1,1,0,0,10,0,0,10,0.67
1072,2,0,3,0,5.119999870657921,1,1,0,0,10,0,0,10,0.67
1072,24,0,0,0,9.216000325977802,1,1,0,1,9,0,0,10,54.96
1072,24,0,1,0,31.74399957060814,1,1,0,1,9,0,0,10,54.96
1072,24,0,2,0,9.216000325977802,1,1,0,1,9,0,0,10,54.96
1072,24,0,3,0,4.095999989658594,1,1,0,1,9,0,0,10,54.96
1072,40,0,0,1,9.216000325977802,1,1,0,0,10,0,0,10,0.511
1072,40,0,1,1,35.840000957250595,1,1,0,0,10,0,0,10,0.511
1072,40,0,2,1,9.216000325977802,1,1,0,0,10,0,0,10,0.511
1072,40,0,3,1,4.095999989658594,1,1,0,0,10,0,0,10,0.511
1073,2,0,0,0,9.216000325977802,4,4,0,0,40,0,0,40,4.77
1073,2,0,1,0,71.68000191450119,4,4,0,0,40,0,0,40,4.77
1073,2,0,2,0,9.216000325977802,4,4,0,0,40,0,0,40,4.77
1073,2,0,3,0,4.095999989658594,4,4,0,0,40,0,0,40,4.77
1073,24,0,0,0,8.191999979317188,4,4,0,0,40,0,0,40,3.789
1073,24,0,1,0,82.94399827718735,4,4,0,0,40,0,0,40,3.789
1073,24,0,2,0,9.216000325977802,4,4,0,0,40,0,0,40,3.789
1073,24,0,3,0,5.119999870657921,4,4,0,0,40,0,0,40,3.789
1073,40,0,0,1,9.216000325977802,4,4,0,0,40,0,0,40,2.54
1073,40,0,1,1,74.75200295448303,4,4,0,0,40,0,0,40,2.54
1073,40,0,2,1,9.216000325977802,4,4,0,0,40,0,0,40,2.54
1073,40,0,3,1,4.095999989658594,4,4,0,0,40,0,0,40,2.54
1074,2,0,0,0,14.336000196635723,4,4,0,0,40,0,0,40,5.6
1074,2,0,1,0,80.89599758386612,4,4,0,0,40,0,0,40,5.6
1074,2,0,2,0,9.216000325977802,4,4,0,0,40,0,0,40,5.6
1074,2,0,3,0,6.144000217318535,4,4,0,0,40,0,0,40,5.6
1074,24,0,0,0,8.191999979317188,4,4,0,0,40,0,0,40,2.63
1074,24,0,1,0,77.82399654388428,4,4,0,0,40,0,0,40,2.63
1074,24,0,2,0,8.191999979317188,4,4,0,0,40,0,0,40,2.63
1074,24,0,3,0,4.095999989658594,4,4,0,0,40,0,0,40,2.63
1074,40,0,0,1,8.191999979317188,4,4,0,1,39,0,0,40,79.15
1074,40,0,1,1,78.84799689054489,4,4,0,1,39,0,0,40,79.15
1074,40,0,2,1,8.191999979317188,4,4,0,1,39,0,0,40,79.15
1074,40,0,3,1,4.095999989658594,4,4,0,1,39,0,0,40,79.15
1075,2,0,0,0,9.216000325977802,4,4,0,2,38,0,0,40,112.94
1075,2,0,1,0,76.80000364780426,4,4,0,2,38,0,0,40,112.94
1075,2,0,2,0,9.216000325977802,4,4,0,2,38,0,0,40,112.94
1075,2,0,3,0,14.336000196635723,4,4,0,2,38,0,0,40,112.94
1075,24,0,0,0,8.191999979317188,4,4,0,4,36,0,0,40,370.268
1075,24,0,1,0,74.75200295448303,4,4,0,4,36,0,0,40,370.268
1075,24,0,2,0,8.191999979317188,4,4,0,4,36,0,0,40,370.268
1075,24,0,3,0,274.4320034980774,4,4,0,4,36,0,0,40,370.268
1075,40,0,0,1,9.216000325977802,4,4,0,0,40,0,0,40,5.88
1075,40,0,1,1,94.2080020904541,4,4,0,0,40,0,0,40,5.88
1075,40,0,2,1,9.216000325977802,4,4,0,0,40,0,0,40,5.88
1075,40,0,3,1,4.095999989658594,4,4,0,0,40,0,0,40,5.88
1076,2,0,0,0,15.359999611973763,2,2,0,0,20,0,0,20,1.269
1076,2,0,1,0,47.10400104522705,2,2,0,0,20,0,0,20,1.269
1076,2,0,2,0,9.216000325977802,2,2,0,0,20,0,0,20,1.269
1076,2,0,3,0,5.119999870657921,2,2,0,0,20,0,0,20,1.269
1076,24,0,0,0,8.191999979317188,2,2,0,1,19,0,0,20,79.289
1076,24,0,1,0,48.128001391887665,2,2,0,1,19,0,0,20,79.289
1076,24,0,2,0,10.239999741315842,2,2,0,1,19,0,0,20,79.289
1076,24,0,3,0,8.191999979317188,2,2,0,1,19,0,0,20,79.289
1076,40,0,0,1,10.239999741315842,2,2,0,2,18,0,0,20,355.948
1076,40,0,1,1,54.27199974656105,2,2,0,2,18,0,0,20,355.948
1076,40,0,2,1,9.216000325977802,2,2,0,2,18,0,0,20,355.948
1076,40,0,3,1,278.52800488471985,2,2,0,2,18,0,0,20,355.948
1077,2,0,0,0,14.336000196635723,4,4,0,0,40,0,0,40,5.3
1077,2,0,1,0,76.80000364780426,4,4,0,0,40,0,0,40,5.3
1077,2,0,2,0,9.216000325977802,4,4,0,0,40,0,0,40,5.3
1077,2,0,3,0,9.216000325977802,4,4,0,0,40,0,0,40,5.3
1077,24,0,0,0,8.191999979317188,4,4,0,0,40,0,0,40,4.83
1077,24,0,1,0,72.7040022611618,4,4,0,0,40,0,0,40,4.83
1077,24,0,2,0,9.216000325977802,4,4,0,0,40,0,0,40,4.83
1077,24,0,3,0,4.095999989658594,4,4,0,0,40,0,0,40,4.83
1077,40,0,0,1,9.216000325977802,4,4,0,0,40,0,0,40,2.34
1077,40,0,1,1,53.247999399900436,4,4,0,0,40,0,0,40,2.34
1077,40,0,2,1,9.216000325977802,4,4,0,0,40,0,0,40,2.34
1077,40,0,3,1,4.095999989658594,4,4,0,0,40,0,0,40,2.34
1078,2,0,0,0,15.359999611973763,4,4,0,0,40,0,0,40,3.32
1078,2,0,1,0,86.01599931716919,4,4,0,0,40,0,0,40,3.32
1078,2,0,2,0,8.191999979317188,4,4,0,0,40,0,0,40,3.32
1078,2,0,3,0,5.119999870657921,4,4,0,0,40,0,0,40,3.32
1078,24,0,0,0,8.191999979317188,4,4,0,2,38,0,0,40,151.26
1078,24,0,1,0,83.96799862384796,4,4,0,2,38,0,0,40,151.26
1078,24,0,2,0,9.216000325977802,4,4,0,2,38,0,0,40,151.26
1078,24,0,3,0,48.128001391887665,4,4,0,2,38,0,0,40,151.26
1078,40,0,0,1,9.216000325977802,4,4,0,3,37,0,0,40,234.879
1078,40,0,1,1,59.39200147986412,4,4,0,3,37,0,0,40,234.879
1078,40,0,2,1,8.191999979317188,4,4,0,3,37,0,0,40,234.879
1078,40,0,3,1,153.60000729560852,4,4,0,3,37,0,0,40,234.879
1079,2,0,0,0,8.191999979317188,4,4,0,2,38,0,0,40,118.339
1079,2,0,1,0,75.77600330114365,4,4,0,2,38,0,0,40,118.339
1079,2,0,2,0,9.216000325977802,4,4,0,2,38,0,0,40,118.339
1079,2,0,3,0,21.503999829292297,4,4,0,2,38,0,0,40,118.339
1079,24,0,0,0,8.191999979317188,4,4,0,1,39,0,0,40,69.49
1079,24,0,1,0,80.89599758386612,4,4,0,1,39,0,0,40,69.49
1079,24,0,2,0,9.216000325977802,4,4,0,1,39,0,0,40,69.49
1079,24,0,3,0,4.095999989658594,4,4,0,1,39,0,0,40,69.49
1079,40,0,0,1,9.216000325977802,4,4,0,1,39,0,0,40,126.149
1079,40,0,1,1,81.91999793052673,4,4,0,1,39,0,0,40,126.149
1079,40,0,2,1,9.216000325977802,4,4,0,1,39,0,0,40,126.149
1079,40,0,3,1,23.552000522613525,4,4,0,1,39,0,0,40,126.149
1080,2,0,0,0,9.216000325977802,3,3,0,0,30,0,0,30,3.2
1080,2,0,1,0,68.60800087451935,3,3,0,0,30,0,0,30,3.2
1080,2,0,2,0,9.216000325977802,3,3,0,0,30,0,0,30,3.2
1080,2,0,3,0,5.119999870657921,3,3,0,0,30,0,0,30,3.2
1080,24,0,0,0,17.40800030529499,3,3,0,1,29,0,0,30,104.78
1080,24,0,1,0,68.60800087451935,3,3,0,1,29,0,0,30,104.78
1080,24,0,2,0,9.216000325977802,3,3,0,1,29,0,0,30,104.78
1080,24,0,3,0,6.144000217318535,3,3,0,1,29,0,0,30,104.78
1080,40,0,0,1,9.216000325977802,3,3,0,1,29,0,0,30,100.94
1080,40,0,1,1,57.34400078654289,3,3,0,1,29,0,0,30,100.94
1080,40,0,2,1,10.239999741315842,3,3,0,1,29,0,0,30,100.94
1080,40,0,3,1,20.479999482631683,3,3,0,1,29,0,0,30,100.94
1081,2,0,0,0,15.359999611973763,4,4,0,1,39,0,0,40,74.28
1081,2,0,1,0,81.91999793052673,4,4,0,1,39,0,0,40,74.28
1081,2,0,2,0,9.216000325977802,4,4,0,1,39,0,0,40,74.28
1081,2,0,3,0,5.119999870657921,4,4,0,1,39,0,0,40,74.28
1081,24,0,0,0,14.336000196635723,4,4,0,0,40,0,0,40,4.0
1081,24,0,1,0,87.0399996638298,4,4,0,0,40,0,0,40,4.0
1081,24,0,2,0,8.191999979317188,4,4,0,0,40,0,0,40,4.0
1081,24,0,3,0,4.095999989658594,4,4,0,0,40,0,0,40,4.0
1081,40,0,0,1,15.359999611973763,4,4,0,1,39,0,0,40,86.64
1081,40,0,1,1,71.68000191450119,4,4,0,1,39,0,0,40,86.64
1081,40,0,2,1,9.216000325977802,4,4,0,1,39,0,0,40,86.64
1081,40,0,3,1,4.095999989658594,4,4,0,1,39,0,0,40,86.64
1082,2,0,0,0,9.216000325977802,4,4,0,2,38,0,0,40,107.789
1082,2,0,1,0,77.82399654388428,4,4,0,2,38,0,0,40,107.789
1082,2,0,2,0,10.239999741315842,4,4,0,2,38,0,0,40,107.789
1082,2,0,3,0,8.191999979317188,4,4,0,2,38,0,0,40,107.789
1082,24,0,0,0,9.216000325977802,4,4,0,0,40,0,0,40,4.24
1082,24,0,1,0,86.01599931716919,4,4,0,0,40,0,0,40,4.24
1082,24,0,2,0,9.216000325977802,4,4,0,0,40,0,0,40,4.24
1082,24,0,3,0,4.095999989658594,4,4,0,0,40,0,0,40,4.24
1082,40,0,0,1,9.216000325977802,4,4,0,1,39,0,0,40,76.87
1082,40,0,1,1,75.77600330114365,4,4,0,1,39,0,0,40,76.87
1082,40,0,2,1,8.191999979317188,4,4,0,1,39,0,0,40,76.87
1082,40,0,3,1,4.095999989658594,4,4,0,1,39,0,0,40,76.87
1083,2,0,0,0,8.191999979317188,4,4,0,1,39,0,0,40,59.38
1083,2,0,1,0,67.58400052785873,4,4,0,1,39,0,0,40,59.38
1083,2,0,2,0,9.216000325977802,4,4,0,1,39,0,0,40,59.38
1083,2,0,3,0,5.119999870657921,4,4,0,1,39,0,0,40,59.38
1083,24,0,0,0,8.191999979317188,4,4,0,1,39,0,0,40,68.63
1083,24,0,1,0,61.43999844789505,4,4,0,1,39,0,0,40,68.63
1083,24,0,2,0,9.216000325977802,4,4,0,1,39,0,0,40,68.63
1083,24,0,3,0,3.0720001086592674,4,4,0,1,39,0,0,40,68.63
1083,40,0,0,1,9.216000325977802,4,4,0,0,40,0,0,40,2.42
1083,40,0,1,1,64.51199948787689,4,4,0,0,40,0,0,40,2.42
1083,40,0,2,1,9.216000325977802,4,4,0,0,40,0,0,40,2.42
1083,40,0,3,1,4.095999989658594,4,4,0,0,40,0,0,40,2.42
1084,2,0,0,0,14.336000196635723,4,4,0,0,40,0,0,40,3.749
1084,2,0,1,0,82.94399827718735,4,4,0,0,40,0,0,40,3.749
1084,2,0,2,0,9.216000325977802,4,4,0,0,40,0,0,40,3.749
1084,2,0,3,0,5.119999870657921,4,4,0,0,40,0,0,40,3.749
1084,24,0,0,0,8.191999979317188,4,4,0,0,40,0,0,40,3.74
1084,24,0,1,0,89.08800035715103,4,4,0,0,40,0,0,40,3.74
1084,24,0,2,0,8.191999979317188,4,4,0,0,40,0,0,40,3.74
1084,24,0,3,0,4.095999989658594,4,4,0,0,40,0,0,40,3.74
1084,40,0,0,1,9.216000325977802,4,4,0,0,40,0,0,40,5.11
1084,40,0,1,1,74.75200295448303,4,4,0,0,40,0,0,40,5.11
1084,40,0,2,1,9.216000325977802,4,4,0,0,40,0,0,40,5.11
1084,40,0,3,1,4.095999989658594,4,4,0,0,40,0,0,40,5.11
1085,2,0,0,0,10.239999741315842,1,1,0,0,10,0,0,10,1.19
1085,2,0,1,0,31.74399957060814,1,1,0,0,10,0,0,10,1.19
1085,2,0,2,0,9.216000325977802,1,1,0,0,10,0,0,10,1.19
1085,2,0,3,0,6.144000217318535,1,1,0,0,10,0,0,10,1.19
1085,24,0,0,0,8.191999979317188,1,1,0,0,10,0,0,10,1.031
1085,24,0,1,0,31.74399957060814,1,1,0,0,10,0,0,10,1.031
1085,24,0,2,0,8.191999979317188,1,1,0,0,10,0,0,10,1.031
1085,24,0,3,0,4.095999989658594,1,1,0,0,10,0,0,10,1.031
1085,40,0,0,1,18.432000651955605,1,1,0,0,10,0,0,10,3.039
1085,40,0,1,1,35.840000957250595,1,1,0,0,10,0,0,10,3.039
1085,40,0,2,1,10.239999741315842,1,1,0,0,10,0,0,10,3.039
1085,40,0,3,1,4.095999989658594,1,1,0,0,10,0,0,10,3.039
1086,2,0,0,0,8.191999979317188,1,1,0,2,8,0,0,10,131.759
1086,2,0,1,0,27.648000046610832,1,1,0,2,8,0,0,10,131.759
1086,2,0,2,0,9.216000325977802,1,1,0,2,8,0,0,10,131.759
1086,2,0,3,0,81.91999793052673,1,1,0,2,8,0,0,10,131.759
1086,24,0,0,0,10.239999741315842,1,1,0,2,8,0,0,10,135.92
1086,24,0,1,0,27.648000046610832,1,1,0,2,8,0,0,10,135.92
1086,24,0,2,0,9.216000325977802,1,1,0,2,8,0,0,10,135.92
1086,24,0,3,0,84.99199897050858,1,1,0,2,8,0,0,10,135.92
1086,40,0,0,1,8.191999979317188,1,1,0,1,9,0,0,10,68.64
1086,40,0,1,1,33.79200026392937,1,1,0,1,9,0,0,10,68.64
1086,40,0,2,1,9.216000325977802,1,1,0,1,9,0,0,10,68.64
1086,40,0,3,1,13.311999849975109,1,1,0,1,9,0,0,10,68.64
1087,2,0,0,0,15.359999611973763,4,4,0,0,40,0,0,40,7.33
1087,2,0,1,0,87.0399996638298,4,4,0,0,40,0,0,40,7.33
1087,2,0,2,0,8.191999979317188,4,4,0,0,40,0,0,40,7.33
1087,2,0,3,0,5.119999870657921,4,4,0,0,40,0,0,40,7.33
1087,24,0,0,0,8.191999979317188,4,4,0,0,40,0,0,40,2.649
1087,24,0,1,0,80.89599758386612,4,4,0,0,40,0,0,40,2.649
1087,24,0,2,0,9.216000325977802,4,4,0,0,40,0,0,40,2.649
1087,24,0,3,0,4.095999989658594,4,4,0,0,40,0,0,40,2.649
1087,40,0,0,1,10.239999741315842,4,4,0,0,40,0,0,40,4.91
1087,40,0,1,1,55.296000093221664,4,4,0,0,40,0,0,40,4.91
1087,40,0,2,1,9.216000325977802,4,4,0,0,40,0,0,40,4.91
1087,40,0,3,1,4.095999989658594,4,4,0,0,40,0,0,40,4.91
1088,2,0,0,0,14.336000196635723,4,4,0,1,39,0,0,40,93.089
1088,2,0,1,0,68.60800087451935,4,4,0,1,39,0,0,40,93.089
1088,2,0,2,0,9.216000325977802,4,4,0,1,39,0,0,40,93.089
1088,2,0,3,0,7.168000098317862,4,4,0,1,39,0,0,40,93.089
1088,24,0,0,0,8.191999979317188,4,4,0,2,38,0,0,40,132.309
1088,24,0,1,0,78.84799689054489,4,4,0,2,38,0,0,40,132.309
1088,24,0,2,0,10.239999741315842,4,4,0,2,38,0,0,40,132.309
1088,24,0,3,0,31.74399957060814,4,4,0,2,38,0,0,40,132.309
1088,40,0,0,1,9.216000325977802,4,4,0,2,38,0,0,40,135.89
1088,40,0,1,1,83.96799862384796,4,4,0,2,38,0,0,40,135.89
1088,40,0,2,1,9.216000325977802,4,4,0,2,38,0,0,40,135.89
1088,40,0,3,1,27.648000046610832,4,4,0,2,38,0,0,40,135.89
1089,2,0,0,0,10.239999741315842,4,4,0,0,40,0,0,40,5.169
1089,2,0,1,0,55.296000093221664,4,4,0,0,40,0,0,40,5.169
1089,2,0,2,0,8.191999979317188,4,4,0,0,40,0,0,40,5.169
1089,2,0,3,0,7.168000098317862,4,4,0,0,40,0,0,40,5.169
1089,24,0,0,0,8.191999979317188,4,4,0,3,37,0,0,40,257.5
1089,24,0,1,0,83.96799862384796,4,4,0,3,37,0,0,40,257.5
1089,24,0,2,0,10.239999741315842,4,4,0,3,37,0,0,40,257.5
1089,24,0,3,0,152.5759994983673,4,4,0,3,37,0,0,40,257.5
1089,40,0,0,1,9.216000325977802,4,4,0,2,38,0,0,40,85.329
1089,40,0,1,1,76.80000364780426,4,4,0,2,38,0,0,40,85.329
1089,40,0,2,1,9.216000325977802,4,4,0,2,38,0,0,40,85.329
1089,40,0,3,1,3.0720001086592674,4,4,0,2,38,0,0,40,85.329
1090,2,0,0,0,10.239999741315842,4,4,0,1,39,0,0,40,61.86
1090,2,0,1,0,64.51199948787689,4,4,0,1,39,0,0,40,61.86
1090,2,0,2,0,9.216000325977802,4,4,0,1,39,0,0,40,61.86
1090,2,0,3,0,6.144000217318535,4,4,0,1,39,0,0,40,61.86
1090,24,0,0,0,8.191999979317188,4,4,0,1,39,0,0,40,67.1
1090,24,0,1,0,75.77600330114365,4,4,0,1,39,0,0,40,67.1
1090,24,0,2,0,9.216000325977802,4,4,0,1,39,0,0,40,67.1
1090,24,0,3,0,4.095999989658594,4,4,0,1,39,0,0,40,67.1
1090,40,0,0,1,16.383999958634377,4,4,0,1,39,0,0,40,144.609
1090,40,0,1,1,62.463998794555664,4,4,0,1,39,0,0,40,144.609
1090,40,0,2,1,9.216000325977802,4,4,0,1,39,0,0,40,144.609
1090,40,0,3,1,53.247999399900436,4,4,0,1,39,0,0,40,144.609
1091,2,0,0,0,16.383999958634377,3,3,0,0,30,0,0,30,2.16
1091,2,0,1,0,60.416001826524734,3,3,0,0,30,0,0,30,2.16
1091,2,0,2,0,9.216000325977802,3,3,0,0,30,0,0,30,2.16
1091,2,0,3,0,6.144000217318535,3,3,0,0,30,0,0,30,2.16
1091,24,0,0,0,8.191999979317188,3,3,0,1,29,0,0,30,71.13
1091,24,0,1,0,68.60800087451935,3,3,0,1,29,0,0,30,71.13
1091,24,0,2,0,9.216000325977802,3,3,0,1,29,0,0,30,71.13
1091,24,0,3,0,4.095999989658594,3,3,0,1,29,0,0,30,71.13
1091,40,0,0,1,9.216000325977802,3,3,0,1,29,0,0,30,74.87
1091,40,0,1,1,59.39200147986412,3,3,0,1,29,0,0,30,74.87
1091,40,0,2,1,9.216000325977802,3,3,0,1,29,0,0,30,74.87
1091,40,0,3,1,4.095999989658594,3,3,0,1,29,0,0,30,74.87
1092,2,0,0,0,10.239999741315842,4,4,0,2,38,0,0,40,140.409
1092,2,0,1,0,77.82399654388428,4,4,0,2,38,0,0,40,140.409
1092,2,0,2,0,9.216000325977802,4,4,0,2,38,0,0,40,140.409
1092,2,0,3,0,40.95999896526337,4,4,0,2,38,0,0,40,140.409
1092,24,0,0,0,9.216000325977802,4,4,0,3,36,1,0,40,171.179
1092,24,0,1,0,61.43999844789505,4,4,0,3,36,1,0,40,171.179
1092,24,0,2,0,168.96000504493713,4,4,0,3,36,1,0,40,171.179
1092,24,0,3,0,5.119999870657921,4,4,0,3,36,1,0,40,171.179
1092,40,0,0,1,9.216000325977802,4,4,0,0,40,0,0,40,2.311
1092,40,0,1,1,51.19999870657921,4,4,0,0,40,0,0,40,2.311
1092,40,0,2,1,9.216000325977802,4,4,0,0,40,0,0,40,2.311
1092,40,0,3,1,5.119999870657921,4,4,0,0,40,0,0,40,2.311
1093,2,0,0,0,15.359999611973763,4,4,0,0,40,0,0,40,2.971
1093,2,0,1,0,61.43999844789505,4,4,0,0,40,0,0,40,2.971
1093,2,0,2,0,9.216000325977802,4,4,0,0,40,0,0,40,2.971
1093,2,0,3,0,6.144000217318535,4,4,0,0,40,0,0,40,2.971
1093,24,0,0,0,9.216000325977802,4,4,0,0,40,0,0,40,2.66
1093,24,0,1,0,60.416001826524734,4,4,0,0,40,0,0,40,2.66
1093,24,0,2,0,8.191999979317188,4,4,0,0,40,0,0,40,2.66
1093,24,0,3,0,4.095999989658594,4,4,0,0,40,0,0,40,2.66
1093,40,0,0,1,8.191999979317188,4,4,0,0,40,0,0,40,2.931
1093,40,0,1,1,65.5359998345375,4,4,0,0,40,0,0,40,2.931
1093,40,0,2,1,8.191999979317188,4,4,0,0,40,0,0,40,2.931
1093,40,0,3,1,4.095999989658594,4,4,0,0,40,0,0,40,2.931
1094,2,0,0,0,8.191999979317188,4,4,0,1,39,0,0,40,193.529
1094,2,0,1,0,77.82399654388428,4,4,0,1,39,0,0,40,193.529
1094,2,0,2,0,9.216000325977802,4,4,0,1,39,0,0,40,193.529
1094,2,0,3,0,96.25600278377533,4,4,0,1,39,0,0,40,193.529
1094,24,0,0,0,8.191999979317188,4,4,0,0,40,0,0,40,2.96
1094,24,0,1,0,71.68000191450119,4,4,0,0,40,0,0,40,2.96
1094,24,0,2,0,8.191999979317188,4,4,0,0,40,0,0,40,2.96
1094,24,0,3,0,4.095999989658594,4,4,0,0,40,0,0,40,2.96
1094,40,0,0,1,9.216000325977802,4,4,0,0,40,0,0,40,4.44
1094,40,0,1,1,63.48799914121628,4,4,0,0,40,0,0,40,4.44
1094,40,0,2,1,9.216000325977802,4,4,0,0,40,0,0,40,4.44
1094,40,0,3,1,4.095999989658594,4,4,0,0,40,0,0,40,4.44
1095,2,0,0,0,14.336000196635723,4,4,0,0,40,0,0,40,3.509
1095,2,0,1,0,75.77600330114365,4,4,0,0,40,0,0,40,3.509
1095,2,0,2,0,9.216000325977802,4,4,0,0,40,0,0,40,3.509
1095,2,0,3,0,4.095999989658594,4,4,0,0,40,0,0,40,3.509
1095,24,0,0,0,10.239999741315842,4,4,0,0,40,0,0,40,4.56
1095,24,0,1,0,64.51199948787689,4,4,0,0,40,0,0,40,4.56
1095,24,0,2,0,9.216000325977802,4,4,0,0,40,0,0,40,4.56
1095,24,0,3,0,4.095999989658594,4,4,0,0,40,0,0,40,4.56
1095,40,0,0,1,15.359999611973763,4,4,0,0,40,0,0,40,2.65
1095,40,0,1,1,59.39200147986412,4,4,0,0,40,0,0,40,2.65
1095,40,0,2,1,9.216000325977802,4,4,0,0,40,0,0,40,2.65
1095,40,0,3,1,4.095999989658594,4,4,0,0,40,0,0,40,2.65
1096,2,0,0,0,14.336000196635723,4,4,0,0,40,0,0,40,5.309
1096,2,0,1,0,71.68000191450119,4,4,0,0,40,0,0,40,5.309
1096,2,0,2,0,8.191999979317188,4,4,0,0,40,0,0,40,5.309
1096,2,0,3,0,5.119999870657921,4,4,0,0,40,0,0,40,5.309
1096,24,0,0,0,9.216000325977802,4,4,0,0,40,0,0,40,2.91
1096,24,0,1,0,72.7040022611618,4,4,0,0,40,0,0,40,2.91
1096,24,0,2,0,9.216000325977802,4,4,0,0,40,0,0,40,2.91
1096,24,0,3,0,4.095999989658594,4,4,0,0,40,0,0,40,2.91
1096,40,0,0,1,9.216000325977802,4,4,0,0,40,0,0,40,4.84
1096,40,0,1,1,80.89599758386612,4,4,0,0,40,0,0,40,4.84
1096,40,0,2,1,9.216000325977802,4,4,0,0,40,0,0,40,4.84
1096,40,0,3,1,3.0720001086592674,4,4,0,0,40,0,0,40,4.84
1097,2,0,0,0,9.216000325977802,1,1,0,0,10,0,0,10,1.17
1097,2,0,1,0,32.76799991726875,1,1,0,0,10,0,0,10,1.17
1097,2,0,2,0,8.191999979317188,1,1,0,0,10,0,0,10,1.17
1097,2,0,3,0,4.095999989658594,1,1,0,0,10,0,0,10,1.17
1097,24,0,0,0,9.216000325977802,1,1,0,0,10,0,0,10,1.18
1097,24,0,1,0,31.74399957060814,1,1,0,0,10,0,0,10,1.18
1097,24,0,2,0,8.191999979317188,1,1,0,0,10,0,0,10,1.18
1097,24,0,3,0,4.095999989658594,1,1,0,0,10,0,0,10,1.18
1097,40,0,0,1,8.191999979317188,1,1,0,1,9,0,0,10,70.669
1097,40,0,1,1,33.79200026392937,1,1,0,1,9,0,0,10,70.669
1097,40,0,2,1,10.239999741315842,1,1,0,1,9,0,0,10,70.669
1097,40,0,3,1,15.359999611973763,1,1,0,1,9,0,0,10,70.669
1098,2,0,0,0,9.216000325977802,3,3,0,0,30,0,0,30,2.14
1098,2,0,1,0,53.247999399900436,3,3,0,0,30,0,0,30,2.14
1098,2,0,2,0,8.191999979317188,3,3,0,0,30,0,0,30,2.14
1098,2,0,3,0,5.119999870657921,3,3,0,0,30,0,0,30,2.14
1098,24,0,0,0,15.359999611973763,3,3,0,3,26,1,0,30,151.749
1098,24,0,1,0,57.34400078654289,3,3,0,3,26,1,0,30,151.749
1098,24,0,2,0,167.93599724769592,3,3,0,3,26,1,0,30,151.749
1098,24,0,3,0,5.119999870657921,3,3,0,3,26,1,0,30,151.749
1098,40,0,0,1,8.191999979317188,3,3,0,1,29,0,0,30,86.199
1098,40,0,1,1,67.58400052785873,3,3,0,1,29,0,0,30,86.199
1098,40,0,2,1,9.216000325977802,3,3,0,1,29,0,0,30,86.199
1098,40,0,3,1,4.095999989658594,3,3,0,1,29,0,0,30,86.199
1099,2,0,0,0,15.359999611973763,4,4,0,2,38,0,0,40,106.21
1099,2,0,1,0,71.68000191450119,4,4,0,2,38,0,0,40,106.21
1099,2,0,2,0,9.216000325977802,4,4,0,2,38,0,0,40,106.21
1099,2,0,3,0,7.168000098317862,4,4,0,2,38,0,0,40,106.21
1099,24,0,0,0,8.191999979317188,4,4,0,2,38,0,0,40,121.149
1099,24,0,1,0,78.84799689054489,4,4,0,2,38,0,0,40,121.149
1099,24,0,2,0,10.239999741315842,4,4,0,2,38,0,0,40,121.149
1099,24,0,3,0,20.479999482631683,4,4,0,2,38,0,0,40,121.149
1099,40,0,0,1,9.216000325977802,4,4,0,2,38,0,0,40,117.969
1099,40,0,1,1,89.08800035715103,4,4,0,2,38,0,0,40,117.969
1099,40,0,2,1,9.216000325977802,4,4,0,2,38,0,0,40,117.969
1099,40,0,3,1,6.144000217318535,4,4,0,2,38,0,0,40,117.969
1100,2,0,0,0,15.359999611973763,4,4,0,2,38,0,0,40,156.47
1100,2,0,1,0,75.77600330114365,4,4,0,2,38,0,0,40,156.47
1100,2,0,2,0,9.216000325977802,4,4,0,2,38,0,0,40,156.47
1100,2,0,3,0,53.247999399900436,4,4,0,2,38,0,0,40,156.47
1100,24,0,0,0,9.216000325977802,4,4,0,1,39,0,0,40,81.999
1100,24,0,1,0,79.8719972372055,4,4,0,1,39,0,0,40,81.999
1100,24,0,2,0,8.191999979317188,4,4,0,1,39,0,0,40,81.999
1100,24,0,3,0,4.095999989658594,4,4,0,1,39,0,0,40,81.999
1100,40,0,0,1,9.216000325977802,4,4,0,2,38,0,0,40,123.29
1100,40,0,1,1,57.34400078654289,4,4,0,2,38,0,0,40,123.29
1100,40,0,2,1,9.216000325977802,4,4,0,2,38,0,0,40,123.29
1100,40,0,3,1,44.03200000524521,4,4,0,2,38,0,0,40,123.29
1101,2,0,0,0,9.216000325977802,4,4,0,2,38,0,0,40,140.499
1101,2,0,1,0,81.91999793052673,4,4,0,2,38,0,0,40,140.499
1101,2,0,2,0,9.216000325977802,4,4,0,2,38,0,0,40,140.499
1101,2,0,3,0,39.93599861860275,4,4,0,2,38,0,0,40,140.499
1101,24,0,0,0,9.216000325977802,4,4,0,0,40,0,0,40,3.0
1101,24,0,1,0,82.94399827718735,4,4,0,0,40,0,0,40,3.0
1101,24,0,2,0,9.216000325977802,4,4,0,0,40,0,0,40,3.0
1101,24,0,3,0,4.095999989658594,4,4,0,0,40,0,0,40,3.0
1101,40,0,0,1,9.216000325977802,4,4,0,0,40,0,0,40,2.78
1101,40,0,1,1,98.30400347709656,4,4,0,0,40,0,0,40,2.78
1101,40,0,2,1,9.216000325977802,4,4,0,0,40,0,0,40,2.78
1101,40,0,3,1,4.095999989658594,4,4,0,0,40,0,0,40,2.78
1102,2,0,0,0,13.311999849975109,4,4,0,0,40,0,0,40,3.531
1102,2,0,1,0,74.75200295448303,4,4,0,0,40,0,0,40,3.531
1102,2,0,2,0,9.216000325977802,4,4,0,0,40,0,0,40,3.531
1102,2,0,3,0,5.119999870657921,4,4,0,0,40,0,0,40,3.531
1102,24,0,0,0,9.216000325977802,4,4,0,0,40,0,0,40,2.94
1102,24,0,1,0,86.01599931716919,4,4,0,0,40,0,0,40,2.94
1102,24,0,2,0,9.216000325977802,4,4,0,0,40,0,0,40,2.94
1102,24,0,3,0,4.095999989658594,4,4,0,0,40,0,0,40,2.94
1102,40,0,0,1,9.216000325977802,4,4,0,1,39,0,0,40,107.75
1102,40,0,1,1,68.60800087451935,4,4,0,1,39,0,0,40,107.75
1102,40,0,2,1,8.191999979317188,4,4,0,1,39,0,0,40,107.75
1102,40,0,3,1,14.336000196635723,4,4,0,1,39,0,0,40,107.75
1103,2,0,0,0,8.191999979317188,4,4,0,2,38,0,0,40,121.72
1103,2,0,1,0,72.7040022611618,4,4,0,2,38,0,0,40,121.72
1103,2,0,2,0,10.239999741315842,4,4,0,2,38,0,0,40,121.72
1103,2,0,3,0,26.623999699950218,4,4,0,2,38,0,0,40,121.72
1103,24,0,0,0,8.191999979317188,4,4,0,3,36,1,0,40,156.94
1103,24,0,1,0,79.8719972372055,4,4,0,3,36,1,0,40,156.94
1103,24,0,2,0,171.00800573825836,4,4,0,3,36,1,0,40,156.94
1103,24,0,3,0,5.119999870657921,4,4,0,3,36,1,0,40,156.94
1103,40,0,0,1,8.191999979317188,4,4,0,1,39,0,0,40,86.08
1103,40,0,1,1,83.96799862384796,4,4,0,1,39,0,0,40,86.08
1103,40,0,2,1,9.216000325977802,4,4,0,1,39,0,0,40,86.08
1103,40,0,3,1,4.095999989658594,4,4,0,1,39,0,0,40,86.08
1104,2,0,0,0,8.191999979317188,4,4,0,1,39,0,0,40,88.159
1104,2,0,1,0,79.8719972372055,4,4,0,1,39,0,0,40,88.159
1104,2,0,2,0,10.239999741315842,4,4,0,1,39,0,0,40,88.159
1104,2,0,3,0,5.119999870657921,4,4,0,1,39,0,0,40,88.159
1104,24,0,0,0,8.191999979317188,4,4,0,2,38,0,0,40,103.35
1104,24,0,1,0,77.82399654388428,4,4,0,2,38,0,0,40,103.35
1104,24,0,2,0,9.216000325977802,4,4,0,2,38,0,0,40,103.35
1104,24,0,3,0,7.168000098317862,4,4,0,2,38,0,0,40,103.35
1104,40,0,0,1,9.216000325977802,4,4,0,0,40,0,0,40,3.2
1104,40,0,1,1,102.39999741315842,4,4,0,0,40,0,0,40,3.2
1104,40,0,2,1,9.216000325977802,4,4,0,0,40,0,0,40,3.2
1104,40,0,3,1,4.095999989658594,4,4,0,0,40,0,0,40,3.2
1105,2,0,0,0,8.191999979317188,4,4,0,2,38,0,0,40,116.57
1105,2,0,1,0,86.01599931716919,4,4,0,2,38,0,0,40,116.57
1105,2,0,2,0,9.216000325977802,4,4,0,2,38,0,0,40,116.57
1105,2,0,3,0,11.264000087976456,4,4,0,2,38,0,0,40,116.57
1105,24,0,0,0,8.191999979317188,4,4,0,3,37,0,0,40,172.919
1105,24,0,1,0,88.06400001049042,4,4,0,3,37,0,0,40,172.919
1105,24,0,2,0,9.216000325977802,4,4,0,3,37,0,0,40,172.919
1105,24,0,3,0,63.48799914121628,4,4,0,3,37,0,0,40,172.919
1105,40,0,0,1,9.216000325977802,4,4,0,0,40,0,0,40,3.35
1105,40,0,1,1,102.39999741315842,4,4,0,0,40,0,0,40,3.35
1105,40,0,2,1,9.216000325977802,4,4,0,0,40,0,0,40,3.35
1105,40,0,3,1,4.095999989658594,4,4,0,0,40,0,0,40,3.35
1106,2,0,0,0,14.336000196635723,4,4,0,0,40,0,0,40,5.351
1106,2,0,1,0,84.99199897050858,4,4,0,0,40,0,0,40,5.351
1106,2,0,2,0,9.216000325977802,4,4,0,0,40,0,0,40,5.351
1106,2,0,3,0,7.168000098317862,4,4,0,0,40,0,0,40,5.351
1106,24,0,0,0,8.191999979317188,4,4,0,1,39,0,0,40,55.43
1106,24,0,1,0,86.01599931716919,4,4,0,1,39,0,0,40,55.43
1106,24,0,2,0,8.191999979317188,4,4,0,1,39,0,0,40,55.43
1106,24,0,3,0,4.095999989658594,4,4,0,1,39,0,0,40,55.43
1106,40,0,0,1,9.216000325977802,4,4,0,0,40,0,0,40,5.04
1106,40,0,1,1,64.51199948787689,4,4,0,0,40,0,0,40,5.04
1106,40,0,2,1,9.216000325977802,4,4,0,0,40,0,0,40,5.04
1106,40,0,3,1,5.119999870657921,4,4,0,0,40,0,0,40,5.04
1107,2,0,0,0,10.239999741315842,4,4,0,4,35,1,0,40,249.409
1107,2,0,1,0,80.89599758386612,4,4,0,4,35,1,0,40,249.409
1107,2,0,2,0,167.93599724769592,4,4,0,4,35,1,0,40,249.409
1107,2,0,3,0,6.144000217318535,4,4,0,4,35,1,0,40,249.409
1107,24,0,0,0,8.191999979317188,4,4,0,3,36,1,0,40,194.85
1107,24,0,1,0,88.06400001049042,4,4,0,3,36,1,0,40,194.85
1107,24,0,2,0,162.81600296497345,4,4,0,3,36,1,0,40,194.85
1107,24,0,3,0,4.095999989658594,4,4,0,3,36,1,0,40,194.85
1107,40,0,0,1,15.359999611973763,4,4,0,2,38,0,0,40,195.629
1107,40,0,1,1,88.06400001049042,4,4,0,2,38,0,0,40,195.629
1107,40,0,2,1,9.216000325977802,4,4,0,2,38,0,0,40,195.629
1107,40,0,3,1,79.8719972372055,4,4,0,2,38,0,0,40,195.629
1108,2,0,0,0,9.216000325977802,4,4,0,1,39,0,0,40,68.06
1108,2,0,1,0,79.8719972372055,4,4,0,1,39,0,0,40,68.06
1108,2,0,2,0,9.216000325977802,4,4,0,1,39,0,0,40,68.06
1108,2,0,3,0,6.144000217318535,4,4,0,1,39,0,0,40,68.06
1108,24,0,0,0,9.216000325977802,4,4,0,0,40,0,0,40,3.12
1108,24,0,1,0,89.08800035715103,4,4,0,0,40,0,0,40,3.12
1108,24,0,2,0,9.216000325977802,4,4,0,0,40,0,0,40,3.12
1108,24,0,3,0,4.095999989658594,4,4,0,0,40,0,0,40,3.12
1108,40,0,0,1,10.239999741315842,4,4,0,0,40,0,0,40,5.36
1108,40,0,1,1,99.32799637317657,4,4,0,0,40,0,0,40,5.36
1108,40,0,2,1,10.239999741315842,4,4,0,0,40,0,0,40,5.36
1108,40,0,3,1,4.095999989658594,4,4,0,0,40,0,0,40,5.36
1109,2,0,0,0,8.191999979317188,4,4,0,3,37,0,0,40,146.268
1109,2,0,1,0,69.63200122117996,4,4,0,3,37,0,0,40,146.268
1109,2,0,2,0,9.216000325977802,4,4,0,3,37,0,0,40,146.268
1109,2,0,3,0,56.32000043988228,4,4,0,3,37,0,0,40,146.268
1109,24,0,0,0,8.191999979317188,4,4,0,1,39,0,0,40,324.279
1109,24,0,1,0,65.5359998345375,4,4,0,1,39,0,0,40,324.279
1109,24,0,2,0,9.216000325977802,4,4,0,1,39,0,0,40,324.279
1109,24,0,3,0,238.5919988155365,4,4,0,1,39,0,0,40,324.279
1109,40,0,0,1,10.239999741315842,4,4,0,0,40,0,0,40,3.65
1109,40,0,1,1,53.247999399900436,4,4,0,0,40,0,0,40,3.65
1109,40,0,2,1,9.216000325977802,4,4,0,0,40,0,0,40,3.65
1109,40,0,3,1,4.095999989658594,4,4,0,0,40,0,0,40,3.65
1110,2,0,0,0,9.216000325977802,1,1,0,0,10,0,0,10,0.8
1110,2,0,1,0,31.74399957060814,1,1,0,0,10,0,0,10,0.8
1110,2,0,2,0,9.216000325977802,1,1,0,0,10,0,0,10,0.8
1110,2,0,3,0,5.119999870657921,1,1,0,0,10,0,0,10,0.8
1110,24,0,0,0,9.216000325977802,1,1,0,0,10,0,0,10,1.11
1110,24,0,1,0,31.74399957060814,1,1,0,0,10,0,0,10,1.11
1110,24,0,2,0,9.216000325977802,1,1,0,0,10,0,0,10,1.11
1110,24,0,3,0,4.095999989658594,1,1,0,0,10,0,0,10,1.11
1110,40,0,0,1,10.239999741315842,1,1,0,0,10,0,0,10,1.05
1110,40,0,1,1,34.81600061058998,1,1,0,0,10,0,0,10,1.05
1110,40,0,2,1,8.191999979317188,1,1,0,0,10,0,0,10,1.05
1110,40,0,3,1,4.095999989658594,1,1,0,0,10,0,0,10,1.05
1111,2,0,0,0,9.216000325977802,4,4,0,1,39,0,0,40,94.23
1111,2,0,1,0,66.56000018119812,4,4,0,1,39,0,0,40,94.23
1111,2,0,2,0,11.264000087976456,4,4,0,1,39,0,0,40,94.23
1111,2,0,3,0,5.119999870657921,4,4,0,1,39,0,0,40,94.23
1111,24,0,0,0,8.191999979317188,4,4,0,3,37,0,0,40,107.989
1111,24,0,1,0,67.58400052785873,4,4,0,3,37,0,0,40,107.989
1111,24,0,2,0,9.216000325977802,4,4,0,3,37,0,0,40,107.989
1111,24,0,3,0,18.432000651955605,4,4,0,3,37,0,0,40,107.989
1111,40,0,0,1,10.239999741315842,4,4,0,0,40,0,0,40,5.829
1111,40,0,1,1,78.84799689054489,4,4,0,0,40,0,0,40,5.829
1111,40,0,2,1,8.191999979317188,4,4,0,0,40,0,0,40,5.829
1111,40,0,3,1,4.095999989658594,4,4,0,0,40,0,0,40,5.829
1112,2,0,0,0,15.359999611973763,3,3,0,0,30,0,0,30,2.4
1112,2,0,1,0,57.34400078654289,3,3,0,0,30,0,0,30,2.4
1112,2,0,2,0,9.216000325977802,3,3,0,0,30,0,0,30,2.4
1112,2,0,3,0,5.119999870657921,3,3,0,0,30,0,0,30,2.4
1112,24,0,0,0,8.191999979317188,3,3,0,0,30,0,0,30,4.96
1112,24,0,1,0,59.39200147986412,3,3,0,0,30,0,0,30,4.96
1112,24,0,2,0,9.216000325977802,3,3,0,0,30,0,0,30,4.96
1112,24,0,3,0,4.095999989658594,3,3,0,0,30,0,0,30,4.96
1112,40,0,0,1,10.239999741315842,3,3,0,0,30,0,0,30,2.41
1112,40,0,1,1,63.48799914121628,3,3,0,0,30,0,0,30,2.41
1112,40,0,2,1,9.216000325977802,3,3,0,0,30,0,0,30,2.41
1112,40,0,3,1,4.095999989658594,3,3,0,0,30,0,0,30,2.41
1113,2,0,0,0,9.216000325977802,4,4,0,1,39,0,0,40,68.209
1113,2,0,1,0,73.72800260782242,4,4,0,1,39,0,0,40,68.209
1113,2,0,2,0,9.216000325977802,4,4,0,1,39,0,0,40,68.209
1113,2,0,3,0,5.119999870657921,4,4,0,1,39,0,0,40,68.209
1113,24,0,0,0,9.216000325977802,4,4,0,3,36,1,0,40,176.509
1113,24,0,1,0,67.58400052785873,4,4,0,3,36,1,0,40,176.509
1113,24,0,2,0,167.93599724769592,4,4,0,3,36,1,0,40,176.509
1113,24,0,3,0,5.119999870657921,4,4,0,3,36,1,0,40,176.509
1113,40,0,0,1,9.216000325977802,4,4,0,0,40,0,0,40,5.63
1113,40,0,1,1,78.84799689054489,4,4,0,0,40,0,0,40,5.63
1113,40,0,2,1,9.216000325977802,4,4,0,0,40,0,0,40,5.63
1113,40,0,3,1,4.095999989658594,4,4,0,0,40,0,0,40,5.63
1114,2,0,0,0,9.216000325977802,1,1,0,0,10,0,0,10,0.809
1114,2,0,1,0,32.76799991726875,1,1,0,0,10,0,0,10,0.809
1114,2,0,2,0,9.216000325977802,1,1,0,0,10,0,0,10,0.809
1114,2,0,3,0,4.095999989658594,1,1,0,0,10,0,0,10,0.809
1114,24,0,0,0,9.216000325977802,1,1,0,0,10,0,0,10,0.84
1114,24,0,1,0,31.74399957060814,1,1,0,0,10,0,0,10,0.84
1114,24,0,2,0,9.216000325977802,1,1,0,0,10,0,0,10,0.84
1114,24,0,3,0,4.095999989658594,1,1,0,0,10,0,0,10,0.84
1114,40,0,0,1,9.216000325977802,1,1,0,0,10,0,0,10,1.01
1114,40,0,1,1,35.840000957250595,1,1,0,0,10,0,0,10,1.01
1114,40,0,2,1,9.216000325977802,1,1,0,0,10,0,0,10,1.01
1114,40,0,3,1,4.095999989658594,1,1,0,0,10,0,0,10,1.01
1115,2,0,0,0,26.623999699950218,4,4,0,1,39,0,0,40,93.089
1115,2,0,1,0,78.84799689054489,4,4,0,1,39,0,0,40,93.089
1115,2,0,2,0,9.216000325977802,4,4,0,1,39,0,0,40,93.089
1115,2,0,3,0,8.191999979317188,4,4,0,1,39,0,0,40,93.089
1115,24,0,0,0,8.191999979317188,4,4,0,2,38,0,0,40,110.75
1115,24,0,1,0,75.77600330114365,4,4,0,2,38,0,0,40,110.75
1115,24,0,2,0,9.216000325977802,4,4,0,2,38,0,0,40,110.75
1115,24,0,3,0,12.28800043463707,4,4,0,2,38,0,0,40,110.75
1115,40,0,0,1,9.216000325977802,4,4,0,0,40,0,0,40,3.91
1115,40,0,1,1,62.463998794555664,4,4,0,0,40,0,0,40,3.91
1115,40,0,2,1,9.216000325977802,4,4,0,0,40,0,0,40,3.91
1115,40,0,3,1,4.095999989658594,4,4,0,0,40,0,0,40,3.91
1116,2,0,0,0,14.336000196635723,4,4,0,0,40,0,0,40,5.19
1116,2,0,1,0,65.5359998345375,4,4,0,0,40,0,0,40,5.19
1116,2,0,2,0,8.191999979317188,4,4,0,0,40,0,0,40,5.19
1116,2,0,3,0,5.119999870657921,4,4,0,0,40,0,0,40,5.19
1116,24,0,0,0,8.191999979317188,4,4,0,1,39,0,0,40,69.769
1116,24,0,1,0,71.68000191450119,4,4,0,1,39,0,0,40,69.769
1116,24,0,2,0,9.216000325977802,4,4,0,1,39,0,0,40,69.769
1116,24,0,3,0,4.095999989658594,4,4,0,1,39,0,0,40,69.769
1116,40,0,0,1,9.216000325977802,4,4,0,2,38,0,0,40,125.4
1116,40,0,1,1,83.96799862384796,4,4,0,2,38,0,0,40,125.4
1116,40,0,2,1,9.216000325977802,4,4,0,2,38,0,0,40,125.4
1116,40,0,3,1,16.383999958634377,4,4,0,2,38,0,0,40,125.4
1117,2,0,0,0,15.359999611973763,4,4,0,0,40,0,0,40,4.66
1117,2,0,1,0,68.60800087451935,4,4,0,0,40,0,0,40,4.66
1117,2,0,2,0,9.216000325977802,4,4,0,0,40,0,0,40,4.66
1117,2,0,3,0,5.119999870657921,4,4,0,0,40,0,0,40,4.66
1117,24,0,0,0,8.191999979317188,4,4,0,1,39,0,0,40,61.98
1117,24,0,1,0,66.56000018119812,4,4,0,1,39,0,0,40,61.98
1117,24,0,2,0,9.216000325977802,4,4,0,1,39,0,0,40,61.98
1117,24,0,3,0,4.095999989658594,4,4,0,1,39,0,0,40,61.98
1117,40,0,0,1,8.191999979317188,4,4,0,0,40,0,0,40,2.48
1117,40,0,1,1,76.80000364780426,4,4,0,0,40,0,0,40,2.48
1117,40,0,2,1,9.216000325977802,4,4,0,0,40,0,0,40,2.48
1117,40,0,3,1,4.095999989658594,4,4,0,0,40,0,0,40,2.48
1118,2,0,0,0,15.359999611973763,4,4,0,3,37,0,0,40,75.4
1118,2,0,1,0,62.463998794555664,4,4,0,3,37,0,0,40,75.4
1118,2,0,2,0,9.216000325977802,4,4,0,3,37,0,0,40,75.4
1118,2,0,3,0,5.119999870657921,4,4,0,3,37,0,0,40,75.4
1118,24,0,0,0,8.191999979317188,4,4,0,1,39,0,0,40,70.569
1118,24,0,1,0,70.65600156784058,4,4,0,1,39,0,0,40,70.569
1118,24,0,2,0,8.191999979317188,4,4,0,1,39,0,0,40,70.569
1118,24,0,3,0,4.095999989658594,4,4,0,1,39,0,0,40,70.569
1118,40,0,0,1,8.191999979317188,4,4,0,0,40,0,0,40,2.731
1118,40,0,1,1,78.84799689054489,4,4,0,0,40,0,0,40,2.731
1118,40,0,2,1,9.216000325977802,4,4,0,0,40,0,0,40,2.731
1118,40,0,3,1,4.095999989658594,4,4,0,0,40,0,0,40,2.731
1119,2,0,0,0,8.191999979317188,4,4,0,1,39,0,0,40,70.221
1119,2,0,1,0,69.63200122117996,4,4,0,1,39,0,0,40,70.221
1119,2,0,2,0,9.216000325977802,4,4,0,1,39,0,0,40,70.221
1119,2,0,3,0,5.119999870657921,4,4,0,1,39,0,0,40,70.221
1119,24,0,0,0,8.191999979317188,4,4,0,0,40,0,0,40,4.96
1119,24,0,1,0,76.80000364780426,4,4,0,0,40,0,0,40,4.96
1119,24,0,2,0,9.216000325977802,4,4,0,0,40,0,0,40,4.96
1119,24,0,3,0,4.095999989658594,4,4,0,0,40,0,0,40,4.96
1119,40,0,0,1,8.191999979317188,4,4,0,0,40,0,0,40,3.329
1119,40,0,1,1,86.01599931716919,4,4,0,0,40,0,0,40,3.329
1119,40,0,2,1,9.216000325977802,4,4,0,0,40,0,0,40,3.329
1119,40,0,3,1,4.095999989658594,4,4,0,0,40,0,0,40,3.329
1120,2,0,0,0,14.336000196635723,4,4,0,0,40,0,0,40,3.04
1120,2,0,1,0,71.68000191450119,4,4,0,0,40,0,0,40,3.04
1120,2,0,2,0,8.191999979317188,4,4,0,0,40,0,0,40,3.04
1120,2,0,3,0,4.095999989658594,4,4,0,0,40,0,0,40,3.04
1120,24,0,0,0,9.216000325977802,4,4,0,1,39,0,0,40,69.909
1120,24,0,1,0,72.7040022611618,4,4,0,1,39,0,0,40,69.909
1120,24,0,2,0,9.216000325977802,4,4,0,1,39,0,0,40,69.909
1120,24,0,3,0,5.119999870657921,4,4,0,1,39,0,0,40,69.909
1120,40,0,0,1,9.216000325977802,4,4,0,1,39,0,0,40,76.5
1120,40,0,1,1,93.18400174379349,4,4,0,1,39,0,0,40,76.5
1120,40,0,2,1,9.216000325977802,4,4,0,1,39,0,0,40,76.5
1120,40,0,3,1,4.095999989658594,4,4,0,1,39,0,0,40,76.5
1121,2,0,0,0,8.191999979317188,4,4,0,3,37,0,0,40,107.92
1121,2,0,1,0,73.72800260782242,4,4,0,3,37,0,0,40,107.92
1121,2,0,2,0,10.239999741315842,4,4,0,3,37,0,0,40,107.92
1121,2,0,3,0,13.311999849975109,4,4,0,3,37,0,0,40,107.92
1121,24,0,0,0,8.191999979317188,4,4,0,0,40,0,0,40,5.489
1121,24,0,1,0,80.89599758386612,4,4,0,0,40,0,0,40,5.489
1121,24,0,2,0,9.216000325977802,4,4,0,0,40,0,0,40,5.489
1121,24,0,3,0,3.0720001086592674,4,4,0,0,40,0,0,40,5.489
1121,40,0,0,1,9.216000325977802,4,4,0,2,38,0,0,40,136.91
1121,40,0,1,1,94.2080020904541,4,4,0,2,38,0,0,40,136.91
1121,40,0,2,1,9.216000325977802,4,4,0,2,38,0,0,40,136.91
1121,40,0,3,1,21.503999829292297,4,4,0,2,38,0,0,40,136.91
1122,2,0,0,0,9.216000325977802,4,4,0,1,39,0,0,40,67.64
1122,2,0,1,0,77.82399654388428,4,4,0,1,39,0,0,40,67.64
1122,2,0,2,0,8.191999979317188,4,4,0,1,39,0,0,40,67.64
1122,2,0,3,0,5.119999870657921,4,4,0,1,39,0,0,40,67.64
1122,24,0,0,0,9.216000325977802,4,4,0,3,37,0,0,40,116.179
1122,24,0,1,0,73.72800260782242,4,4,0,3,37,0,0,40,116.179
1122,24,0,2,0,9.216000325977802,4,4,0,3,37,0,0,40,116.179
1122,24,0,3,0,21.503999829292297,4,4,0,3,37,0,0,40,116.179
1122,40,0,0,1,9.216000325977802,4,4,0,0,40,0,0,40,2.71
1122,40,0,1,1,78.84799689054489,4,4,0,0,40,0,0,40,2.71
1122,40,0,2,1,9.216000325977802,4,4,0,0,40,0,0,40,2.71
1122,40,0,3,1,4.095999989658594,4,4,0,0,40,0,0,40,2.71
1123,2,0,0,0,17.40800030529499,1,1,0,0,10,0,0,10,10.979
1123,2,0,1,0,31.74399957060814,1,1,0,0,10,0,0,10,10.979
1123,2,0,2,0,9.216000325977802,1,1,0,0,10,0,0,10,10.979
1123,2,0,3,0,5.119999870657921,1,1,0,0,10,0,0,10,10.979
1123,24,0,0,0,10.239999741315842,1,1,0,2,8,0,0,10,757.837
1123,24,0,1,0,29.69600073993206,1,1,0,2,8,0,0,10,757.837
1123,24,0,2,0,9.216000325977802,1,1,0,2,8,0,0,10,757.837
1123,24,0,3,0,705.5360078811646,1,1,0,2,8,0,0,10,757.837
1123,40,0,0,1,8.191999979317188,1,1,0,0,10,0,0,10,0.611
1123,40,0,1,1,34.81600061058998,1,1,0,0,10,0,0,10,0.611
1123,40,0,2,1,9.216000325977802,1,1,0,0,10,0,0,10,0.611
1123,40,0,3,1,5.119999870657921,1,1,0,0,10,0,0,10,0.611
1124,2,0,0,0,9.216000325977802,4,4,0,0,40,0,0,40,2.81
1124,2,0,1,0,75.77600330114365,4,4,0,0,40,0,0,40,2.81
1124,2,0,2,0,9.216000325977802,4,4,0,0,40,0,0,40,2.81
1124,2,0,3,0,4.095999989658594,4,4,0,0,40,0,0,40,2.81
1124,24,0,0,0,9.216000325977802,4,4,0,0,40,0,0,40,2.84
1124,24,0,1,0,69.63200122117996,4,4,0,0,40,0,0,40,2.84
1124,24,0,2,0,9.216000325977802,4,4,0,0,40,0,0,40,2.84
1124,24,0,3,0,4.095999989658594,4,4,0,0,40,0,0,40,2.84
1124,40,0,0,1,8.191999979317188,4,4,0,1,39,0,0,40,82.96
1124,40,0,1,1,57.34400078654289,4,4,0,1,39,0,0,40,82.96
1124,40,0,2,1,10.239999741315842,4,4,0,1,39,0,0,40,82.96
1124,40,0,3,1,5.119999870657921,4,4,0,1,39,0,0,40,82.96
1125,2,0,0,0,15.359999611973763,4,4,0,0,40,0,0,40,4.2
1125,2,0,1,0,67.58400052785873,4,4,0,0,40,0,0,40,4.2
1125,2,0,2,0,9.216000325977802,4,4,0,0,40,0,0,40,4.2
1125,2,0,3,0,6.144000217318535,4,4,0,0,40,0,0,40,4.2
1125,24,0,0,0,8.191999979317188,4,4,0,0,40,0,0,40,2.589
1125,24,0,1,0,69.63200122117996,4,4,0,0,40,0,0,40,2.589
1125,24,0,2,0,9.216000325977802,4,4,0,0,40,0,0,40,2.589
1125,24,0,3,0,4.095999989658594,4,4,0,0,40,0,0,40,2.589
1125,40,0,0,1,9.216000325977802,4,4,0,0,40,0,0,40,2.029
1125,40,0,1,1,60.416001826524734,4,4,0,0,40,0,0,40,2.029
1125,40,0,2,1,8.191999979317188,4,4,0,0,40,0,0,40,2.029
1125,40,0,3,1,3.0720001086592674,4,4,0,0,40,0,0,40,2.029
1126,2,0,0,0,9.216000325977802,4,4,0,1,39,0,0,40,78.489
1126,2,0,1,0,77.82399654388428,4,4,0,1,39,0,0,40,78.489
1126,2,0,2,0,8.191999979317188,4,4,0,1,39,0,0,40,78.489
1126,2,0,3,0,7.168000098317862,4,4,0,1,39,0,0,40,78.489
1126,24,0,0,0,8.191999979317188,4,4,0,1,39,0,0,40,71.119
1126,24,0,1,0,81.91999793052673,4,4,0,1,39,0,0,40,71.119
1126,24,0,2,0,9.216000325977802,4,4,0,1,39,0,0,40,71.119
1126,24,0,3,0,4.095999989658594,4,4,0,1,39,0,0,40,71.119
1126,40,0,0,1,15.359999611973763,4,4,0,1,39,0,0,40,114.1
1126,40,0,1,1,92.16000139713287,4,4,0,1,39,0,0,40,114.1
1126,40,0,2,1,9.216000325977802,4,4,0,1,39,0,0,40,114.1
1126,40,0,3,1,4.095999989658594,4,4,0,1,39,0,0,40,114.1
1127,2,0,0,0,9.216000325977802,3,3,0,0,30,0,0,30,2.82
1127,2,0,1,0,66.56000018119812,3,3,0,0,30,0,0,30,2.82
1127,2,0,2,0,9.216000325977802,3,3,0,0,30,0,0,30,2.82
1127,2,0,3,0,5.119999870657921,3,3,0,0,30,0,0,30,2.82
1127,24,0,0,0,9.216000325977802,3,3,0,2,28,0,0,30,141.96
1127,24,0,1,0,61.43999844789505,3,3,0,2,28,0,0,30,141.96
1127,24,0,2,0,9.216000325977802,3,3,0,2,28,0,0,30,141.96
1127,24,0,3,0,57.34400078654289,3,3,0,2,28,0,0,30,141.96
1127,40,0,0,1,9.216000325977802,3,3,0,1,29,0,0,30,69.759
1127,40,0,1,1,76.80000364780426,3,3,0,1,29,0,0,30,69.759
1127,40,0,2,1,10.239999741315842,3,3,0,1,29,0,0,30,69.759
1127,40,0,3,1,4.095999989658594,3,3,0,1,29,0,0,30,69.759
1128,2,0,0,0,9.216000325977802,4,4,0,1,39,0,0,40,94.38
1128,2,0,1,0,78.84799689054489,4,4,0,1,39,0,0,40,94.38
1128,2,0,2,0,9.216000325977802,4,4,0,1,39,0,0,40,94.38
1128,2,0,3,0,7.168000098317862,4,4,0,1,39,0,0,40,94.38
1128,24,0,0,0,9.216000325977802,4,4,0,2,38,0,0,40,138.389
1128,24,0,1,0,65.5359998345375,4,4,0,2,38,0,0,40,138.389
1128,24,0,2,0,8.191999979317188,4,4,0,2,38,0,0,40,138.389
1128,24,0,3,0,52.22399905323982,4,4,0,2,38,0,0,40,138.389
1128,40,0,0,1,8.191999979317188,4,4,0,1,39,0,0,40,110.47
1128,40,0,1,1,78.84799689054489,4,4,0,1,39,0,0,40,110.47
1128,40,0,2,1,10.239999741315842,4,4,0,1,39,0,0,40,110.47
1128,40,0,3,1,9.216000325977802,4,4,0,1,39,0,0,40,110.47
1129,2,0,0,0,9.216000325977802,4,4,0,1,39,0,0,40,64.24
1129,2,0,1,0,82.94399827718735,4,4,0,1,39,0,0,40,64.24
1129,2,0,2,0,9.216000325977802,4,4,0,1,39,0,0,40,64.24
1129,2,0,3,0,5.119999870657921,4,4,0,1,39,0,0,40,64.24
1129,24,0,0,0,8.191999979317188,4,4,0,2,38,0,0,40,72.559
1129,24,0,1,0,73.72800260782242,4,4,0,2,38,0,0,40,72.559
1129,24,0,2,0,9.216000325977802,4,4,0,2,38,0,0,40,72.559
1129,24,0,3,0,4.095999989658594,4,4,0,2,38,0,0,40,72.559
1129,40,0,0,1,9.216000325977802,4,4,0,2,38,0,0,40,231.339
1129,40,0,1,1,89.08800035715103,4,4,0,2,38,0,0,40,231.339
1129,40,0,2,1,10.239999741315842,4,4,0,2,38,0,0,40,231.339
1129,40,0,3,1,121.85599654912949,4,4,0,2,38,0,0,40,231.339
1130,2,0,0,0,14.336000196635723,4,4,0,0,40,0,0,40,5.14
1130,2,0,1,0,83.96799862384796,4,4,0,0,40,0,0,40,5.14
1130,2,0,2,0,9.216000325977802,4,4,0,0,40,0,0,40,5.14
1130,2,0,3,0,5.119999870657921,4,4,0,0,40,0,0,40,5.14
1130,24,0,0,0,8.191999979317188,4,4,0,2,38,0,0,40,170.769
1130,24,0,1,0,84.99199897050858,4,4,0,2,38,0,0,40,170.769
1130,24,0,2,0,9.216000325977802,4,4,0,2,38,0,0,40,170.769
1130,24,0,3,0,66.56000018119812,4,4,0,2,38,0,0,40,170.769
1130,40,0,0,1,8.191999979317188,4,4,0,1,39,0,0,40,91.31
1130,40,0,1,1,98.30400347709656,4,4,0,1,39,0,0,40,91.31
1130,40,0,2,1,9.216000325977802,4,4,0,1,39,0,0,40,91.31
1130,40,0,3,1,5.119999870657921,4,4,0,1,39,0,0,40,91.31
1131,2,0,0,0,8.191999979317188,4,4,0,1,39,0,0,40,67.23
1131,2,0,1,0,79.8719972372055,4,4,0,1,39,0,0,40,67.23
1131,2,0,2,0,9.216000325977802,4,4,0,1,39,0,0,40,67.23
1131,2,0,3,0,5.119999870657921,4,4,0,1,39,0,0,40,67.23
1131,24,0,0,0,9.216000325977802,4,4,0,1,39,0,0,40,88.329
1131,24,0,1,0,84.99199897050858,4,4,0,1,39,0,0,40,88.329
1131,24,0,2,0,9.216000325977802,4,4,0,1,39,0,0,40,88.329
1131,24,0,3,0,4.095999989658594,4,4,0,1,39,0,0,40,88.329
1131,40,0,0,1,14.336000196635723,4,4,0,1,39,0,0,40,101.809
1131,40,0,1,1,71.68000191450119,4,4,0,1,39,0,0,40,101.809
1131,40,0,2,1,9.216000325977802,4,4,0,1,39,0,0,40,101.809
1131,40,0,3,1,4.095999989658594,4,4,0,1,39,0,0,40,101.809
1132,2,0,0,0,8.191999979317188,4,4,0,1,39,0,0,40,75.869
1132,2,0,1,0,76.80000364780426,4,4,0,1,39,0,0,40,75.869
1132,2,0,2,0,9.216000325977802,4,4,0,1,39,0,0,40,75.869
1132,2,0,3,0,6.144000217318535,4,4,0,1,39,0,0,40,75.869
1132,24,0,0,0,8.191999979317188,4,4,0,1,39,0,0,40,85.14
1132,24,0,1,0,82.94399827718735,4,4,0,1,39,0,0,40,85.14
1132,24,0,2,0,9.216000325977802,4,4,0,1,39,0,0,40,85.14
1132,24,0,3,0,4.095999989658594,4,4,0,1,39,0,0,40,85.14
1132,40,0,0,1,9.216000325977802,4,4,0,0,40,0,0,40,2.99
1132,40,0,1,1,79.8719972372055,4,4,0,0,40,0,0,40,2.99
1132,40,0,2,1,9.216000325977802,4,4,0,0,40,0,0,40,2.99
1132,40,0,3,1,4.095999989658594,4,4,0,0,40,0,0,40,2.99
1133,2,0,0,0,14.336000196635723,4,4,0,0,40,0,0,40,4.71
1133,2,0,1,0,71.68000191450119,4,4,0,0,40,0,0,40,4.71
1133,2,0,2,0,8.191999979317188,4,4,0,0,40,0,0,40,4.71
1133,2,0,3,0,5.119999870657921,4,4,0,0,40,0,0,40,4.71
1133,24,0,0,0,8.191999979317188,4,4,0,0,40,0,0,40,4.791
1133,24,0,1,0,73.72800260782242,4,4,0,0,40,0,0,40,4.791
1133,24,0,2,0,9.216000325977802,4,4,0,0,40,0,0,40,4.791
1133,24,0,3,0,4.095999989658594,4,4,0,0,40,0,0,40,4.791
1133,40,0,0,1,10.239999741315842,4,4,0,2,38,0,0,40,130.409
1133,40,0,1,1,93.18400174379349,4,4,0,2,38,0,0,40,130.409
1133,40,0,2,1,10.239999741315842,4,4,0,2,38,0,0,40,130.409
1133,40,0,3,1,14.336000196635723,4,4,0,2,38,0,0,40,130.409
1134,2,0,0,0,8.191999979317188,4,4,0,1,39,0,0,40,81.72
1134,2,0,1,0,81.91999793052673,4,4,0,1,39,0,0,40,81.72
1134,2,0,2,0,9.216000325977802,4,4,0,1,39,0,0,40,81.72
1134,2,0,3,0,5.119999870657921,4,4,0,1,39,0,0,40,81.72
1134,24,0,0,0,8.191999979317188,4,4,0,2,38,0,0,40,119.3
1134,24,0,1,0,91.13600105047226,4,4,0,2,38,0,0,40,119.3
1134,24,0,2,0,9.216000325977802,4,4,0,2,38,0,0,40,119.3
1134,24,0,3,0,6.144000217318535,4,4,0,2,38,0,0,40,119.3
1134,40,0,0,1,15.359999611973763,4,4,0,3,36,1,0,40,194.708
1134,40,0,1,1,92.16000139713287,4,4,0,3,36,1,0,40,194.708
1134,40,0,2,1,196.60800695419312,4,4,0,3,36,1,0,40,194.708
1134,40,0,3,1,5.119999870657921,4,4,0,3,36,1,0,40,194.708
1135,2,0,0,0,14.336000196635723,4,4,0,0,40,0,0,40,2.71
1135,2,0,1,0,58.36800113320351,4,4,0,0,40,0,0,40,2.71
1135,2,0,2,0,9.216000325977802,4,4,0,0,40,0,0,40,2.71
1135,2,0,3,0,5.119999870657921,4,4,0,0,40,0,0,40,2.71
1135,24,0,0,0,8.191999979317188,4,4,0,1,39,0,0,40,72.03
1135,24,0,1,0,82.94399827718735,4,4,0,1,39,0,0,40,72.03
1135,24,0,2,0,9.216000325977802,4,4,0,1,39,0,0,40,72.03
1135,24,0,3,0,4.095999989658594,4,4,0,1,39,0,0,40,72.03
1135,40,0,0,1,8.191999979317188,4,4,0,2,38,0,0,40,123.76
1135,40,0,1,1,69.63200122117996,4,4,0,2,38,0,0,40,123.76
1135,40,0,2,1,9.216000325977802,4,4,0,2,38,0,0,40,123.76
1135,40,0,3,1,31.74399957060814,4,4,0,2,38,0,0,40,123.76
1136,2,0,0,0,14.336000196635723,4,4,0,0,40,0,0,40,3.34
1136,2,0,1,0,78.84799689054489,4,4,0,0,40,0,0,40,3.34
1136,2,0,2,0,8.191999979317188,4,4,0,0,40,0,0,40,3.34
1136,2,0,3,0,5.119999870657921,4,4,0,0,40,0,0,40,3.34
1136,24,0,0,0,14.336000196635723,4,4,0,1,39,0,0,40,77.37
1136,24,0,1,0,75.77600330114365,4,4,0,1,39,0,0,40,77.37
1136,24,0,2,0,9.216000325977802,4,4,0,1,39,0,0,40,77.37
1136,24,0,3,0,4.095999989658594,4,4,0,1,39,0,0,40,77.37
1136,40,0,0,1,9.216000325977802,4,4,0,0,40,0,0,40,3.251
1136,40,0,1,1,81.91999793052673,4,4,0,0,40,0,0,40,3.251
1136,40,0,2,1,9.216000325977802,4,4,0,0,40,0,0,40,3.251
1136,40,0,3,1,4.095999989658594,4,4,0,0,40,0,0,40,3.251
1137,2,0,0,0,14.336000196635723,4,4,0,0,40,0,0,40,2.84
1137,2,0,1,0,80.89599758386612,4,4,0,0,40,0,0,40,2.84
1137,2,0,2,0,9.216000325977802,4,4,0,0,40,0,0,40,2.84
1137,2,0,3,0,5.119999870657921,4,4,0,0,40,0,0,40,2.84
1137,24,0,0,0,9.216000325977802,4,4,0,0,40,0,0,40,3.13
1137,24,0,1,0,89.08800035715103,4,4,0,0,40,0,0,40,3.13
1137,24,0,2,0,9.216000325977802,4,4,0,0,40,0,0,40,3.13
1137,24,0,3,0,5.119999870657921,4,4,0,0,40,0,0,40,3.13
1137,40,0,0,1,9.216000325977802,4,4,0,0,40,0,0,40,5.209
1137,40,0,1,1,78.84799689054489,4,4,0,0,40,0,0,40,5.209
1137,40,0,2,1,9.216000325977802,4,4,0,0,40,0,0,40,5.209
1137,40,0,3,1,4.095999989658594,4,4,0,0,40,0,0,40,5.209
1138,2,0,0,0,9.216000325977802,1,1,0,0,10,0,0,10,0.68
1138,2,0,1,0,31.74399957060814,1,1,0,0,10,0,0,10,0.68
1138,2,0,2,0,9.216000325977802,1,1,0,0,10,0,0,10,0.68
1138,2,0,3,0,4.095999989658594,1,1,0,0,10,0,0,10,0.68
1138,24,0,0,0,9.216000325977802,1,1,0,2,8,0,0,10,96.11
1138,24,0,1,0,27.648000046610832,1,1,0,2,8,0,0,10,96.11
1138,24,0,2,0,9.216000325977802,1,1,0,2,8,0,0,10,96.11
1138,24,0,3,0,47.10400104522705,1,1,0,2,8,0,0,10,96.11
1138,40,0,0,1,8.191999979317188,1,1,0,0,10,0,0,10,0.66
1138,40,0,1,1,34.81600061058998,1,1,0,0,10,0,0,10,0.66
1138,40,0,2,1,9.216000325977802,1,1,0,0,10,0,0,10,0.66
1138,40,0,3,1,4.095999989658594,1,1,0,0,10,0,0,10,0.66
1139,2,0,0,0,14.336000196635723,4,4,0,0,40,0,0,40,4.95
1139,2,0,1,0,79.8719972372055,4,4,0,0,40,0,0,40,4.95
1139,2,0,2,0,9.216000325977802,4,4,0,0,40,0,0,40,4.95
1139,2,0,3,0,5.119999870657921,4,4,0,0,40,0,0,40,4.95
1139,24,0,0,0,8.191999979317188,4,4,0,3,36,1,0,40,318.839
1139,24,0,1,0,77.82399654388428,4,4,0,3,36,1,0,40,318.839
1139,24,0,2,0,167.93599724769592,4,4,0,3,36,1,0,40,318.839
1139,24,0,3,0,60.416001826524734,4,4,0,3,36,1,0,40,318.839
1139,40,0,0,1,15.359999611973763,4,4,0,2,38,0,0,40,134.55
1139,40,0,1,1,66.56000018119812,4,4,0,2,38,0,0,40,134.55
1139,40,0,2,1,9.216000325977802,4,4,0,2,38,0,0,40,134.55
1139,40,0,3,1,38.91199827194214,4,4,0,2,38,0,0,40,134.55
1140,2,0,0,0,8.191999979317188,4,4,0,1,39,0,0,40,91.1
1140,2,0,1,0,83.96799862384796,4,4,0,1,39,0,0,40,91.1
1140,2,0,2,0,9.216000325977802,4,4,0,1,39,0,0,40,91.1
1140,2,0,3,0,5.119999870657921,4,4,0,1,39,0,0,40,91.1
1140,24,0,0,0,8.191999979317188,4,4,0,5,34,1,0,40,249.879
1140,24,0,1,0,73.72800260782242,4,4,0,5,34,1,0,40,249.879
1140,24,0,2,0,167.93599724769592,4,4,0,5,34,1,0,40,249.879
1140,24,0,3,0,5.119999870657921,4,4,0,5,34,1,0,40,249.879
1140,40,0,0,1,10.239999741315842,4,4,0,0,40,0,0,40,2.97
1140,40,0,1,1,83.96799862384796,4,4,0,0,40,0,0,40,2.97
1140,40,0,2,1,9.216000325977802,4,4,0,0,40,0,0,40,2.97
1140,40,0,3,1,4.095999989658594,4,4,0,0,40,0,0,40,2.97
1141,2,0,0,0,11.264000087976456,4,4,0,1,39,0,0,40,73.769
1141,2,0,1,0,90.11200070381165,4,4,0,1,39,0,0,40,73.769
1141,2,0,2,0,8.191999979317188,4,4,0,1,39,0,0,40,73.769
1141,2,0,3,0,5.119999870657921,4,4,0,1,39,0,0,40,73.769
1141,24,0,0,0,8.191999979317188,4,4,0,3,37,0,0,40,82.96
1141,24,0,1,0,71.68000191450119,4,4,0,3,37,0,0,40,82.96
1141,24,0,2,0,9.216000325977802,4,4,0,3,37,0,0,40,82.96
1141,24,0,3,0,5.119999870657921,4,4,0,3,37,0,0,40,82.96
1141,40,0,0,1,8.191999979317188,4,4,0,1,39,0,0,40,81.189
1141,40,0,1,1,75.77600330114365,4,4,0,1,39,0,0,40,81.189
1141,40,0,2,1,9.216000325977802,4,4,0,1,39,0,0,40,81.189
1141,40,0,3,1,4.095999989658594,4,4,0,1,39,0,0,40,81.189
1142,2,0,0,0,9.216000325977802,4,4,0,1,39,0,0,40,65.51
1142,2,0,1,0,84.99199897050858,4,4,0,1,39,0,0,40,65.51
1142,2,0,2,0,9.216000325977802,4,4,0,1,39,0,0,40,65.51
1142,2,0,3,0,5.119999870657921,4,4,0,1,39,0,0,40,65.51
1142,24,0,0,0,8.191999979317188,4,4,0,3,37,0,0,40,156.419
1142,24,0,1,0,77.82399654388428,4,4,0,3,37,0,0,40,156.419
1142,24,0,2,0,9.216000325977802,4,4,0,3,37,0,0,40,156.419
1142,24,0,3,0,58.36800113320351,4,4,0,3,37,0,0,40,156.419
1142,40,0,0,1,9.216000325977802,4,4,0,0,40,0,0,40,2.94
1142,40,0,1,1,101.3759970664978,4,4,0,0,40,0,0,40,2.94
1142,40,0,2,1,9.216000325977802,4,4,0,0,40,0,0,40,2.94
1142,40,0,3,1,5.119999870657921,4,4,0,0,40,0,0,40,2.94
1143,2,0,0,0,16.383999958634377,4,4,0,0,40,0,0,40,2.649
1143,2,0,1,0,71.68000191450119,4,4,0,0,40,0,0,40,2.649
1143,2,0,2,0,9.216000325977802,4,4,0,0,40,0,0,40,2.649
1143,2,0,3,0,6.144000217318535,4,4,0,0,40,0,0,40,2.649
1143,24,0,0,0,8.191999979317188,4,4,0,2,38,0,0,40,104.78
1143,24,0,1,0,78.84799689054489,4,4,0,2,38,0,0,40,104.78
1143,24,0,2,0,9.216000325977802,4,4,0,2,38,0,0,40,104.78
1143,24,0,3,0,4.095999989658594,4,4,0,2,38,0,0,40,104.78
1143,40,0,0,1,9.216000325977802,4,4,0,1,39,0,0,40,75.58
1143,40,0,1,1,76.80000364780426,4,4,0,1,39,0,0,40,75.58
1143,40,0,2,1,9.216000325977802,4,4,0,1,39,0,0,40,75.58
1143,40,0,3,1,4.095999989658594,4,4,0,1,39,0,0,40,75.58
1144,2,0,0,0,14.336000196635723,4,4,0,0,40,0,0,40,2.24
1144,2,0,1,0,82.94399827718735,4,4,0,0,40,0,0,40,2.24
1144,2,0,2,0,9.216000325977802,4,4,0,0,40,0,0,40,2.24
1144,2,0,3,0,5.119999870657921,4,4,0,0,40,0,0,40,2.24
1144,24,0,0,0,7.168000098317862,4,4,0,0,40,0,0,40,2.88
1144,24,0,1,0,89.08800035715103,4,4,0,0,40,0,0,40,2.88
1144,24,0,2,0,10.239999741315842,4,4,0,0,40,0,0,40,2.88
1144,24,0,3,0,4.095999989658594,4,4,0,0,40,0,0,40,2.88
1144,40,0,0,1,8.191999979317188,4,4,0,1,39,0,0,40,80.809
1144,40,0,1,1,102.39999741315842,4,4,0,1,39,0,0,40,80.809
1144,40,0,2,1,9.216000325977802,4,4,0,1,39,0,0,40,80.809
1144,40,0,3,1,4.095999989658594,4,4,0,1,39,0,0,40,80.809
1145,2,0,0,0,9.216000325977802,4,4,0,1,39,0,0,40,70.471
1145,2,0,1,0,91.13600105047226,4,4,0,1,39,0,0,40,70.471
1145,2,0,2,0,9.216000325977802,4,4,0,1,39,0,0,40,70.471
1145,2,0,3,0,5.119999870657921,4,4,0,1,39,0,0,40,70.471
1145,24,0,0,0,9.216000325977802,4,4,0,2,38,0,0,40,106.91
1145,24,0,1,0,84.99199897050858,4,4,0,2,38,0,0,40,106.91
1145,24,0,2,0,9.216000325977802,4,4,0,2,38,0,0,40,106.91
1145,24,0,3,0,4.095999989658594,4,4,0,2,38,0,0,40,106.91
1145,40,0,0,1,9.216000325977802,4,4,0,3,37,0,0,40,176.619
1145,40,0,1,1,75.77600330114365,4,4,0,3,37,0,0,40,176.619
1145,40,0,2,1,10.239999741315842,4,4,0,3,37,0,0,40,176.619
1145,40,0,3,1,76.80000364780426,4,4,0,3,37,0,0,40,176.619
1146,2,0,0,0,8.191999979317188,4,4,0,2,38,0,0,40,112.42
1146,2,0,1,0,88.06400001049042,4,4,0,2,38,0,0,40,112.42
1146,2,0,2,0,10.239999741315842,4,4,0,2,38,0,0,40,112.42
1146,2,0,3,0,5.119999870657921,4,4,0,2,38,0,0,40,112.42
1146,24,0,0,0,8.191999979317188,4,4,0,2,38,0,0,40,106.85
1146,24,0,1,0,79.8719972372055,4,4,0,2,38,0,0,40,106.85
1146,24,0,2,0,9.216000325977802,4,4,0,2,38,0,0,40,106.85
1146,24,0,3,0,6.144000217318535,4,4,0,2,38,0,0,40,106.85
1146,40,0,0,1,8.191999979317188,4,4,0,2,38,0,0,40,120.23
1146,40,0,1,1,87.0399996638298,4,4,0,2,38,0,0,40,120.23
1146,40,0,2,1,9.216000325977802,4,4,0,2,38,0,0,40,120.23
1146,40,0,3,1,10.239999741315842,4,4,0,2,38,0,0,40,120.23
1147,2,0,0,0,15.359999611973763,4,4,0,1,39,0,0,40,58.17
1147,2,0,1,0,81.91999793052673,4,4,0,1,39,0,0,40,58.17
1147,2,0,2,0,8.191999979317188,4,4,0,1,39,0,0,40,58.17
1147,2,0,3,0,5.119999870657921,4,4,0,1,39,0,0,40,58.17
1147,24,0,0,0,9.216000325977802,4,4,0,0,40,0,0,40,5.24
1147,24,0,1,0,91.13600105047226,4,4,0,0,40,0,0,40,5.24
1147,24,0,2,0,9.216000325977802,4,4,0,0,40,0,0,40,5.24
1147,24,0,3,0,4.095999989658594,4,4,0,0,40,0,0,40,5.24
1147,40,0,0,1,9.216000325977802,4,4,0,0,40,0,0,40,2.9
1147,40,0,1,1,78.84799689054489,4,4,0,0,40,0,0,40,2.9
1147,40,0,2,1,8.191999979317188,4,4,0,0,40,0,0,40,2.9
1147,40,0,3,1,4.095999989658594,4,4,0,0,40,0,0,40,2.9
1148,2,0,0,0,8.191999979317188,4,4,0,1,39,0,0,40,71.509
1148,2,0,1,0,78.84799689054489,4,4,0,1,39,0,0,40,71.509
1148,2,0,2,0,9.216000325977802,4,4,0,1,39,0,0,40,71.509
1148,2,0,3,0,7.168000098317862,4,4,0,1,39,0,0,40,71.509
1148,24,0,0,0,8.191999979317188,4,4,0,1,39,0,0,40,70.589
1148,24,0,1,0,86.01599931716919,4,4,0,1,39,0,0,40,70.589
1148,24,0,2,0,8.191999979317188,4,4,0,1,39,0,0,40,70.589
1148,24,0,3,0,4.095999989658594,4,4,0,1,39,0,0,40,70.589
1148,40,0,0,1,8.191999979317188,4,4,0,1,39,0,0,40,185.449
1148,40,0,1,1,96.25600278377533,4,4,0,1,39,0,0,40,185.449
1148,40,0,2,1,9.216000325977802,4,4,0,1,39,0,0,40,185.449
1148,40,0,3,1,68.60800087451935,4,4,0,1,39,0,0,40,185.449
1149,2,0,0,0,14.336000196635723,4,4,0,0,40,0,0,40,3.34
1149,2,0,1,0,74.75200295448303,4,4,0,0,40,0,0,40,3.34
1149,2,0,2,0,9.216000325977802,4,4,0,0,40,0,0,40,3.34
1149,2,0,3,0,5.119999870657921,4,4,0,0,40,0,0,40,3.34
1149,24,0,0,0,9.216000325977802,4,4,0,0,40,0,0,40,2.64
1149,24,0,1,0,78.84799689054489,4,4,0,0,40,0,0,40,2.64
1149,24,0,2,0,9.216000325977802,4,4,0,0,40,0,0,40,2.64
1149,24,0,3,0,4.095999989658594,4,4,0,0,40,0,0,40,2.64
1149,40,0,0,1,8.191999979317188,4,4,0,0,40,0,0,40,2.76
1149,40,0,1,1,77.82399654388428,4,4,0,0,40,0,0,40,2.76
1149,40,0,2,1,9.216000325977802,4,4,0,0,40,0,0,40,2.76
1149,40,0,3,1,4.095999989658594,4,4,0,0,40,0,0,40,2.76
1150,2,0,0,0,8.191999979317188,4,4,0,1,39,0,0,40,74.491
1150,2,0,1,0,69.63200122117996,4,4,0,1,39,0,0,40,74.491
1150,2,0,2,0,9.216000325977802,4,4,0,1,39,0,0,40,74.491
1150,2,0,3,0,6.144000217318535,4,4,0,1,39,0,0,40,74.491
1150,24,0,0,0,8.191999979317188,4,4,0,2,38,0,0,40,208.979
1150,24,0,1,0,83.96799862384796,4,4,0,2,38,0,0,40,208.979
1150,24,0,2,0,8.191999979317188,4,4,0,2,38,0,0,40,208.979
1150,24,0,3,0,108.5439994931221,4,4,0,2,38,0,0,40,208.979
1150,40,0,0,1,9.216000325977802,4,4,0,0,40,0,0,40,2.78
1150,40,0,1,1,93.18400174379349,4,4,0,0,40,0,0,40,2.78
1150,40,0,2,1,8.191999979317188,4,4,0,0,40,0,0,40,2.78
1150,40,0,3,1,4.095999989658594,4,4,0,0,40,0,0,40,2.78
1151,2,0,0,0,14.336000196635723,4,4,0,0,40,0,0,40,3.429
1151,2,0,1,0,74.75200295448303,4,4,0,0,40,0,0,40,3.429
1151,2,0,2,0,9.216000325977802,4,4,0,0,40,0,0,40,3.429
1151,2,0,3,0,5.119999870657921,4,4,0,0,40,0,0,40,3.429
1151,24,0,0,0,8.191999979317188,4,4,0,1,39,0,0,40,70.589
1151,24,0,1,0,84.99199897050858,4,4,0,1,39,0,0,40,70.589
1151,24,0,2,0,9.216000325977802,4,4,0,1,39,0,0,40,70.589
1151,24,0,3,0,4.095999989658594,4,4,0,1,39,0,0,40,70.589
1151,40,0,0,1,9.216000325977802,4,4,0,0,40,0,0,40,2.62
1151,40,0,1,1,99.32799637317657,4,4,0,0,40,0,0,40,2.62
1151,40,0,2,1,9.216000325977802,4,4,0,0,40,0,0,40,2.62
1151,40,0,3,1,4.095999989658594,4,4,0,0,40,0,0,40,2.62
1152,2,0,0,0,14.336000196635723,4,4,0,0,40,0,0,40,2.78
1152,2,0,1,0,84.99199897050858,4,4,0,0,40,0,0,40,2.78
1152,2,0,2,0,9.216000325977802,4,4,0,0,40,0,0,40,2.78
1152,2,0,3,0,5.119999870657921,4,4,0,0,40,0,0,40,2.78
1152,24,0,0,0,8.191999979317188,4,4,0,3,36,1,0,40,158.68
1152,24,0,1,0,79.8719972372055,4,4,0,3,36,1,0,40,158.68
1152,24,0,2,0,168.96000504493713,4,4,0,3,36,1,0,40,158.68
1152,24,0,3,0,5.119999870657921,4,4,0,3,36,1,0,40,158.68
1152,40,0,0,1,9.216000325977802,4,4,0,0,40,0,0,40,2.14
1152,40,0,1,1,74.75200295448303,4,4,0,0,40,0,0,40,2.14
1152,40,0,2,1,9.216000325977802,4,4,0,0,40,0,0,40,2.14
1152,40,0,3,1,4.095999989658594,4,4,0,0,40,0,0,40,2.14
1153,2,0,0,0,8.191999979317188,4,4,0,2,38,0,0,40,162.23
1153,2,0,1,0,80.89599758386612,4,4,0,2,38,0,0,40,162.23
1153,2,0,2,0,9.216000325977802,4,4,0,2,38,0,0,40,162.23
1153,2,0,3,0,61.43999844789505,4,4,0,2,38,0,0,40,162.23
1153,24,0,0,0,8.191999979317188,4,4,0,2,38,0,0,40,103.779
1153,24,0,1,0,87.0399996638298,4,4,0,2,38,0,0,40,103.779
1153,24,0,2,0,9.216000325977802,4,4,0,2,38,0,0,40,103.779
1153,24,0,3,0,4.095999989658594,4,4,0,2,38,0,0,40,103.779
1153,40,0,0,1,9.216000325977802,4,4,0,0,40,0,0,40,4.48
1153,40,0,1,1,81.91999793052673,4,4,0,0,40,0,0,40,4.48
1153,40,0,2,1,8.191999979317188,4,4,0,0,40,0,0,40,4.48
1153,40,0,3,1,4.095999989658594,4,4,0,0,40,0,0,40,4.48
1154,2,0,0,0,14.336000196635723,4,4,0,0,40,0,0,40,3.349
1154,2,0,1,0,75.77600330114365,4,4,0,0,40,0,0,40,3.349
1154,2,0,2,0,9.216000325977802,4,4,0,0,40,0,0,40,3.349
1154,2,0,3,0,8.191999979317188,4,4,0,0,40,0,0,40,3.349
1154,24,0,0,0,8.191999979317188,4,4,0,1,39,0,0,40,73.71
1154,24,0,1,0,83.96799862384796,4,4,0,1,39,0,0,40,73.71
1154,24,0,2,0,8.191999979317188,4,4,0,1,39,0,0,40,73.71
1154,24,0,3,0,4.095999989658594,4,4,0,1,39,0,0,40,73.71
1154,40,0,0,1,10.239999741315842,4,4,0,0,40,0,0,40,5.211
1154,40,0,1,1,77.82399654388428,4,4,0,0,40,0,0,40,5.211
1154,40,0,2,1,8.191999979317188,4,4,0,0,40,0,0,40,5.211
1154,40,0,3,1,4.095999989658594,4,4,0,0,40,0,0,40,5.211
1155,2,0,0,0,8.191999979317188,4,4,0,0,40,0,0,40,2.59
1155,2,0,1,0,71.68000191450119,4,4,0,0,40,0,0,40,2.59
1155,2,0,2,0,9.216000325977802,4,4,0,0,40,0,0,40,2.59
1155,2,0,3,0,6.144000217318535,4,4,0,0,40,0,0,40,2.59
1155,24,0,0,0,9.216000325977802,4,4,0,1,39,0,0,40,69.06
1155,24,0,1,0,71.68000191450119,4,4,0,1,39,0,0,40,69.06
1155,24,0,2,0,9.216000325977802,4,4,0,1,39,0,0,40,69.06
1155,24,0,3,0,4.095999989658594,4,4,0,1,39,0,0,40,69.06
1155,40,0,0,1,9.216000325977802,4,4,0,1,39,0,0,40,81.531
1155,40,0,1,1,82.94399827718735,4,4,0,1,39,0,0,40,81.531
1155,40,0,2,1,9.216000325977802,4,4,0,1,39,0,0,40,81.531
1155,40,0,3,1,5.119999870657921,4,4,0,1,39,0,0,40,81.531
1156,2,0,0,0,14.336000196635723,4,4,0,0,40,0,0,40,2.88
1156,2,0,1,0,80.89599758386612,4,4,0,0,40,0,0,40,2.88
1156,2,0,2,0,9.216000325977802,4,4,0,0,40,0,0,40,2.88
1156,2,0,3,0,6.144000217318535,4,4,0,0,40,0,0,40,2.88
1156,24,0,0,0,8.191999979317188,4,4,0,0,40,0,0,40,3.26
1156,24,0,1,0,87.0399996638298,4,4,0,0,40,0,0,40,3.26
1156,24,0,2,0,9.216000325977802,4,4,0,0,40,0,0,40,3.26
1156,24,0,3,0,4.095999989658594,4,4,0,0,40,0,0,40,3.26
1156,40,0,0,1,9.216000325977802,4,4,0,0,40,0,0,40,5.24
1156,40,0,1,1,88.06400001049042,4,4,0,0,40,0,0,40,5.24
1156,40,0,2,1,9.216000325977802,4,4,0,0,40,0,0,40,5.24
1156,40,0,3,1,4.095999989658594,4,4,0,0,40,0,0,40,5.24
1157,2,0,0,0,14.336000196635723,4,4,0,0,40,0,0,40,4.28
1157,2,0,1,0,57.34400078654289,4,4,0,0,40,0,0,40,4.28
1157,2,0,2,0,9.216000325977802,4,4,0,0,40,0,0,40,4.28
1157,2,0,3,0,5.119999870657921,4,4,0,0,40,0,0,40,4.28
1157,24,0,0,0,8.191999979317188,4,4,0,0,40,0,0,40,4.8
1157,24,0,1,0,84.99199897050858,4,4,0,0,40,0,0,40,4.8
1157,24,0,2,0,9.216000325977802,4,4,0,0,40,0,0,40,4.8
1157,24,0,3,0,4.095999989658594,4,4,0,0,40,0,0,40,4.8
1157,40,0,0,1,9.216000325977802,4,4,0,2,38,0,0,40,122.19
1157,40,0,1,1,80.89599758386612,4,4,0,2,38,0,0,40,122.19
1157,40,0,2,1,9.216000325977802,4,4,0,2,38,0,0,40,122.19
1157,40,0,3,1,18.432000651955605,4,4,0,2,38,0,0,40,122.19
1158,2,0,0,0,8.191999979317188,4,4,0,1,39,0,0,40,80.259
1158,2,0,1,0,88.06400001049042,4,4,0,1,39,0,0,40,80.259
1158,2,0,2,0,9.216000325977802,4,4,0,1,39,0,0,40,80.259
1158,2,0,3,0,5.119999870657921,4,4,0,1,39,0,0,40,80.259
1158,24,0,0,0,8.191999979317188,4,4,0,2,38,0,0,40,157.989
1158,24,0,1,0,75.77600330114365,4,4,0,2,38,0,0,40,157.989
1158,24,0,2,0,9.216000325977802,4,4,0,2,38,0,0,40,157.989
1158,24,0,3,0,60.416001826524734,4,4,0,2,38,0,0,40,157.989
1158,40,0,0,1,8.191999979317188,4,4,0,2,38,0,0,40,246.309
1158,40,0,1,1,84.99199897050858,4,4,0,2,38,0,0,40,246.309
1158,40,0,2,1,9.216000325977802,4,4,0,2,38,0,0,40,246.309
1158,40,0,3,1,140.28799533843994,4,4,0,2,38,0,0,40,246.309
1159,2,0,0,0,8.191999979317188,4,4,0,3,37,0,0,40,220.259
1159,2,0,1,0,80.89599758386612,4,4,0,3,37,0,0,40,220.259
1159,2,0,2,0,9.216000325977802,4,4,0,3,37,0,0,40,220.259
1159,2,0,3,0,118.78400295972824,4,4,0,3,37,0,0,40,220.259
1159,24,0,0,0,8.191999979317188,4,4,0,1,39,0,0,40,70.421
1159,24,0,1,0,80.89599758386612,4,4,0,1,39,0,0,40,70.421
1159,24,0,2,0,9.216000325977802,4,4,0,1,39,0,0,40,70.421
1159,24,0,3,0,4.095999989658594,4,4,0,1,39,0,0,40,70.421
1159,40,0,0,1,8.191999979317188,4,4,0,2,38,0,0,40,137.569
1159,40,0,1,1,91.13600105047226,4,4,0,2,38,0,0,40,137.569
1159,40,0,2,1,10.239999741315842,4,4,0,2,38,0,0,40,137.569
1159,40,0,3,1,21.503999829292297,4,4,0,2,38,0,0,40,137.569
1160,2,0,0,0,13.311999849975109,4,4,0,0,40,0,0,40,3.069
1160,2,0,1,0,87.0399996638298,4,4,0,0,40,0,0,40,3.069
1160,2,0,2,0,10.239999741315842,4,4,0,0,40,0,0,40,3.069
1160,2,0,3,0,5.119999870657921,4,4,0,0,40,0,0,40,3.069
1160,24,0,0,0,8.191999979317188,4,4,0,2,38,0,0,40,107.189
1160,24,0,1,0,87.0399996638298,4,4,0,2,38,0,0,40,107.189
1160,24,0,2,0,9.216000325977802,4,4,0,2,38,0,0,40,107.189
1160,24,0,3,0,4.095999989658594,4,4,0,2,38,0,0,40,107.189
1160,40,0,0,1,15.359999611973763,4,4,0,1,39,0,0,40,129.219
1160,40,0,1,1,88.06400001049042,4,4,0,1,39,0,0,40,129.219
1160,40,0,2,1,9.216000325977802,4,4,0,1,39,0,0,40,129.219
1160,40,0,3,1,13.311999849975109,4,4,0,1,39,0,0,40,129.219
1161,2,0,0,0,9.216000325977802,2,2,0,1,19,0,0,20,92.339
1161,2,0,1,0,47.10400104522705,2,2,0,1,19,0,0,20,92.339
1161,2,0,2,0,9.216000325977802,2,2,0,1,19,0,0,20,92.339
1161,2,0,3,0,25.599999353289604,2,2,0,1,19,0,0,20,92.339
1161,24,0,0,0,8.191999979317188,2,2,0,1,19,0,0,20,59.6
1161,24,0,1,0,48.128001391887665,2,2,0,1,19,0,0,20,59.6
1161,24,0,2,0,8.191999979317188,2,2,0,1,19,0,0,20,59.6
1161,24,0,3,0,4.095999989658594,2,2,0,1,19,0,0,20,59.6
1161,40,0,0,1,9.216000325977802,2,2,0,1,19,0,0,20,63.0
1161,40,0,1,1,48.128001391887665,2,2,0,1,19,0,0,20,63.0
1161,40,0,2,1,9.216000325977802,2,2,0,1,19,0,0,20,63.0
1161,40,0,3,1,4.095999989658594,2,2,0,1,19,0,0,20,63.0
1162,2,0,0,0,9.216000325977802,4,4,0,1,39,0,0,40,73.9
1162,2,0,1,0,89.08800035715103,4,4,0,1,39,0,0,40,73.9
1162,2,0,2,0,9.216000325977802,4,4,0,1,39,0,0,40,73.9
1162,2,0,3,0,5.119999870657921,4,4,0,1,39,0,0,40,73.9
1162,24,0,0,0,8.191999979317188,4,4,0,1,39,0,0,40,65.42
1162,24,0,1,0,91.13600105047226,4,4,0,1,39,0,0,40,65.42
1162,24,0,2,0,9.216000325977802,4,4,0,1,39,0,0,40,65.42
1162,24,0,3,0,4.095999989658594,4,4,0,1,39,0,0,40,65.42
1162,40,0,0,1,8.191999979317188,4,4,0,3,37,0,0,40,176.599
1162,40,0,1,1,91.13600105047226,4,4,0,3,37,0,0,40,176.599
1162,40,0,2,1,9.216000325977802,4,4,0,3,37,0,0,40,176.599
1162,40,0,3,1,62.463998794555664,4,4,0,3,37,0,0,40,176.599
1163,2,0,0,0,14.336000196635723,4,4,0,1,39,0,0,40,65.289
1163,2,0,1,0,75.77600330114365,4,4,0,1,39,0,0,40,65.289
1163,2,0,2,0,9.216000325977802,4,4,0,1,39,0,0,40,65.289
1163,2,0,3,0,7.168000098317862,4,4,0,1,39,0,0,40,65.289
1163,24,0,0,0,8.191999979317188,4,4,0,2,38,0,0,40,92.82
1163,24,0,1,0,84.99199897050858,4,4,0,2,38,0,0,40,92.82
1163,24,0,2,0,9.216000325977802,4,4,0,2,38,0,0,40,92.82
1163,24,0,3,0,4.095999989658594,4,4,0,2,38,0,0,40,92.82
1163,40,0,0,1,9.216000325977802,4,4,0,1,39,0,0,40,84.36
1163,40,0,1,1,87.0399996638298,4,4,0,1,39,0,0,40,84.36
1163,40,0,2,1,9.216000325977802,4,4,0,1,39,0,0,40,84.36
1163,40,0,3,1,4.095999989658594,4,4,0,1,39,0,0,40,84.36
1164,2,0,0,0,8.191999979317188,4,4,0,1,39,0,0,40,84.38
1164,2,0,1,0,88.06400001049042,4,4,0,1,39,0,0,40,84.38
1164,2,0,2,0,9.216000325977802,4,4,0,1,39,0,0,40,84.38
1164,2,0,3,0,5.119999870657921,4,4,0,1,39,0,0,40,84.38
1164,24,0,0,0,8.191999979317188,4,4,0,2,38,0,0,40,116.2
1164,24,0,1,0,82.94399827718735,4,4,0,2,38,0,0,40,116.2
1164,24,0,2,0,9.216000325977802,4,4,0,2,38,0,0,40,116.2
1164,24,0,3,0,11.264000087976456,4,4,0,2,38,0,0,40,116.2
1164,40,0,0,1,8.191999979317188,4,4,0,0,40,0,0,40,2.891
1164,40,0,1,1,99.32799637317657,4,4,0,0,40,0,0,40,2.891
1164,40,0,2,1,9.216000325977802,4,4,0,0,40,0,0,40,2.891
1164,40,0,3,1,4.095999989658594,4,4,0,0,40,0,0,40,2.891
1165,2,0,0,0,14.336000196635723,4,4,0,0,40,0,0,40,3.11
1165,2,0,1,0,84.99199897050858,4,4,0,0,40,0,0,40,3.11
1165,2,0,2,0,9.216000325977802,4,4,0,0,40,0,0,40,3.11
1165,2,0,3,0,6.144000217318535,4,4,0,0,40,0,0,40,3.11
1165,24,0,0,0,8.191999979317188,4,4,0,2,38,0,0,40,102.49
1165,24,0,1,0,75.77600330114365,4,4,0,2,38,0,0,40,102.49
1165,24,0,2,0,9.216000325977802,4,4,0,2,38,0,0,40,102.49
1165,24,0,3,0,5.119999870657921,4,4,0,2,38,0,0,40,102.49
1165,40,0,0,1,8.191999979317188,4,4,0,1,39,0,0,40,279.589
1165,40,0,1,1,83.96799862384796,4,4,0,1,39,0,0,40,279.589
1165,40,0,2,1,9.216000325977802,4,4,0,1,39,0,0,40,279.589
1165,40,0,3,1,174.0799993276596,4,4,0,1,39,0,0,40,279.589
1166,2,0,0,0,16.383999958634377,4,4,0,3,37,0,0,40,237.759
1166,2,0,1,0,70.65600156784058,4,4,0,3,37,0,0,40,237.759
1166,2,0,2,0,9.216000325977802,4,4,0,3,37,0,0,40,237.759
1166,2,0,3,0,139.26400244235992,4,4,0,3,37,0,0,40,237.759
1166,24,0,0,0,7.168000098317862,4,4,0,2,38,0,0,40,137.899
1166,24,0,1,0,75.77600330114365,4,4,0,2,38,0,0,40,137.899
1166,24,0,2,0,8.191999979317188,4,4,0,2,38,0,0,40,137.899
1166,24,0,3,0,41.98399931192398,4,4,0,2,38,0,0,40,137.899
1166,40,0,0,1,8.191999979317188,4,4,0,2,38,0,0,40,118.64
1166,40,0,1,1,97.28000313043594,4,4,0,2,38,0,0,40,118.64
1166,40,0,2,1,9.216000325977802,4,4,0,2,38,0,0,40,118.64
1166,40,0,3,1,4.095999989658594,4,4,0,2,38,0,0,40,118.64
1167,2,0,0,0,8.191999979317188,4,4,0,1,39,0,0,40,83.991
1167,2,0,1,0,83.96799862384796,4,4,0,1,39,0,0,40,83.991
1167,2,0,2,0,9.216000325977802,4,4,0,1,39,0,0,40,83.991
1167,2,0,3,0,5.119999870657921,4,4,0,1,39,0,0,40,83.991
1167,24,0,0,0,9.216000325977802,4,4,0,1,39,0,0,40,115.99
1167,24,0,1,0,71.68000191450119,4,4,0,1,39,0,0,40,115.99
1167,24,0,2,0,9.216000325977802,4,4,0,1,39,0,0,40,115.99
1167,24,0,3,0,22.52800017595291,4,4,0,1,39,0,0,40,115.99
1167,40,0,0,1,15.359999611973763,4,4,0,1,39,0,0,40,79.93
1167,40,0,1,1,80.89599758386612,4,4,0,1,39,0,0,40,79.93
1167,40,0,2,1,9.216000325977802,4,4,0,1,39,0,0,40,79.93
1167,40,0,3,1,4.095999989658594,4,4,0,1,39,0,0,40,79.93
1168,2,0,0,0,8.191999979317188,4,4,0,1,39,0,0,40,224.449
1168,2,0,1,0,81.91999793052673,4,4,0,1,39,0,0,40,224.449
1168,2,0,2,0,9.216000325977802,4,4,0,1,39,0,0,40,224.449
1168,2,0,3,0,122.8799968957901,4,4,0,1,39,0,0,40,224.449
1168,24,0,0,0,9.216000325977802,4,4,0,1,39,0,0,40,69.971
1168,24,0,1,0,89.08800035715103,4,4,0,1,39,0,0,40,69.971
1168,24,0,2,0,9.216000325977802,4,4,0,1,39,0,0,40,69.971
1168,24,0,3,0,4.095999989658594,4,4,0,1,39,0,0,40,69.971
1168,40,0,0,1,10.239999741315842,4,4,0,1,39,0,0,40,146.719
1168,40,0,1,1,91.13600105047226,4,4,0,1,39,0,0,40,146.719
1168,40,0,2,1,8.191999979317188,4,4,0,1,39,0,0,40,146.719
1168,40,0,3,1,32.76799991726875,4,4,0,1,39,0,0,40,146.719
1169,2,0,0,0,8.191999979317188,4,4,0,1,39,0,0,40,63.391
1169,2,0,1,0,79.8719972372055,4,4,0,1,39,0,0,40,63.391
1169,2,0,2,0,9.216000325977802,4,4,0,1,39,0,0,40,63.391
1169,2,0,3,0,8.191999979317188,4,4,0,1,39,0,0,40,63.391
1169,24,0,0,0,8.191999979317188,4,4,0,1,39,0,0,40,75.19
1169,24,0,1,0,69.63200122117996,4,4,0,1,39,0,0,40,75.19
1169,24,0,2,0,9.216000325977802,4,4,0,1,39,0,0,40,75.19
1169,24,0,3,0,4.095999989658594,4,4,0,1,39,0,0,40,75.19
1169,40,0,0,1,9.216000325977802,4,4,0,0,40,0,0,40,4.691
1169,40,0,1,1,57.34400078654289,4,4,0,0,40,0,0,40,4.691
1169,40,0,2,1,9.216000325977802,4,4,0,0,40,0,0,40,4.691
1169,40,0,3,1,4.095999989658594,4,4,0,0,40,0,0,40,4.691
1170,2,0,0,0,8.191999979317188,4,4,0,1,39,0,0,40,79.78
1170,2,0,1,0,83.96799862384796,4,4,0,1,39,0,0,40,79.78
1170,2,0,2,0,9.216000325977802,4,4,0,1,39,0,0,40,79.78
1170,2,0,3,0,5.119999870657921,4,4,0,1,39,0,0,40,79.78
1170,24,0,0,0,8.191999979317188,4,4,0,0,40,0,0,40,2.26
1170,24,0,1,0,76.80000364780426,4,4,0,0,40,0,0,40,2.26
1170,24,0,2,0,8.191999979317188,4,4,0,0,40,0,0,40,2.26
1170,24,0,3,0,3.0720001086592674,4,4,0,0,40,0,0,40,2.26
1170,40,0,0,1,9.216000325977802,4,4,0,1,39,0,0,40,66.429
1170,40,0,1,1,78.84799689054489,4,4,0,1,39,0,0,40,66.429
1170,40,0,2,1,9.216000325977802,4,4,0,1,39,0,0,40,66.429
1170,40,0,3,1,4.095999989658594,4,4,0,1,39,0,0,40,66.429
1171,2,0,0,0,9.216000325977802,4,4,0,1,39,0,0,40,68.329
1171,2,0,1,0,84.99199897050858,4,4,0,1,39,0,0,40,68.329
1171,2,0,2,0,9.216000325977802,4,4,0,1,39,0,0,40,68.329
1171,2,0,3,0,5.119999870657921,4,4,0,1,39,0,0,40,68.329
1171,24,0,0,0,9.216000325977802,4,4,0,3,37,0,0,40,138.119
1171,24,0,1,0,78.84799689054489,4,4,0,3,37,0,0,40,138.119
1171,24,0,2,0,9.216000325977802,4,4,0,3,37,0,0,40,138.119
1171,24,0,3,0,37.88800165057182,4,4,0,3,37,0,0,40,138.119
1171,40,0,0,1,9.216000325977802,4,4,0,1,39,0,0,40,79.02
1171,40,0,1,1,93.18400174379349,4,4,0,1,39,0,0,40,79.02
1171,40,0,2,1,9.216000325977802,4,4,0,1,39,0,0,40,79.02
1171,40,0,3,1,4.095999989658594,4,4,0,1,39,0,0,40,79.02
1172,2,0,0,0,14.336000196635723,4,4,0,1,39,0,0,40,70.109
1172,2,0,1,0,84.99199897050858,4,4,0,1,39,0,0,40,70.109
1172,2,0,2,0,9.216000325977802,4,4,0,1,39,0,0,40,70.109
1172,2,0,3,0,5.119999870657921,4,4,0,1,39,0,0,40,70.109
1172,24,0,0,0,8.191999979317188,4,4,0,1,39,0,0,40,63.439
1172,24,0,1,0,88.06400001049042,4,4,0,1,39,0,0,40,63.439
1172,24,0,2,0,8.191999979317188,4,4,0,1,39,0,0,40,63.439
1172,24,0,3,0,4.095999989658594,4,4,0,1,39,0,0,40,63.439
1172,40,0,0,1,8.191999979317188,4,4,0,1,39,0,0,40,96.98
1172,40,0,1,1,76.80000364780426,4,4,0,1,39,0,0,40,96.98
1172,40,0,2,1,9.216000325977802,4,4,0,1,39,0,0,40,96.98
1172,40,0,3,1,21.503999829292297,4,4,0,1,39,0,0,40,96.98
1173,2,0,0,0,8.191999979317188,4,4,0,1,39,0,0,40,72.11
1173,2,0,1,0,74.75200295448303,4,4,0,1,39,0,0,40,72.11
1173,2,0,2,0,9.216000325977802,4,4,0,1,39,0,0,40,72.11
1173,2,0,3,0,5.119999870657921,4,4,0,1,39,0,0,40,72.11
1173,24,0,0,0,8.191999979317188,4,4,0,1,39,0,0,40,62.4
1173,24,0,1,0,78.84799689054489,4,4,0,1,39,0,0,40,62.4
1173,24,0,2,0,9.216000325977802,4,4,0,1,39,0,0,40,62.4
1173,24,0,3,0,4.095999989658594,4,4,0,1,39,0,0,40,62.4
1173,40,0,0,1,10.239999741315842,4,4,0,1,39,0,0,40,74.52
1173,40,0,1,1,92.16000139713287,4,4,0,1,39,0,0,40,74.52
1173,40,0,2,1,9.216000325977802,4,4,0,1,39,0,0,40,74.52
1173,40,0,3,1,4.095999989658594,4,4,0,1,39,0,0,40,74.52
1174,2,0,0,0,9.216000325977802,4,4,0,1,39,0,0,40,56.999
1174,2,0,1,0,65.5359998345375,4,4,0,1,39,0,0,40,56.999
1174,2,0,2,0,9.216000325977802,4,4,0,1,39,0,0,40,56.999
1174,2,0,3,0,5.119999870657921,4,4,0,1,39,0,0,40,56.999
1174,24,0,0,0,14.336000196635723,4,4,0,0,40,0,0,40,4.949
1174,24,0,1,0,80.89599758386612,4,4,0,0,40,0,0,40,4.949
1174,24,0,2,0,8.191999979317188,4,4,0,0,40,0,0,40,4.949
1174,24,0,3,0,4.095999989658594,4,4,0,0,40,0,0,40,4.949
1174,40,0,0,1,9.216000325977802,4,4,0,1,39,0,0,40,131.239
1174,40,0,1,1,76.80000364780426,4,4,0,1,39,0,0,40,131.239
1174,40,0,2,1,8.191999979317188,4,4,0,1,39,0,0,40,131.239
1174,40,0,3,1,31.74399957060814,4,4,0,1,39,0,0,40,131.239
1175,2,0,0,0,8.191999979317188,4,4,0,3,37,0,0,40,160.039
1175,2,0,1,0,78.84799689054489,4,4,0,3,37,0,0,40,160.039
1175,2,0,2,0,9.216000325977802,4,4,0,3,37,0,0,40,160.039
1175,2,0,3,0,60.416001826524734,4,4,0,3,37,0,0,40,160.039
1175,24,0,0,0,8.191999979317188,4,4,0,0,40,0,0,40,2.25
1175,24,0,1,0,60.416001826524734,4,4,0,0,40,0,0,40,2.25
1175,24,0,2,0,9.216000325977802,4,4,0,0,40,0,0,40,2.25
1175,24,0,3,0,4.095999989658594,4,4,0,0,40,0,0,40,2.25
1175,40,0,0,1,8.191999979317188,4,4,0,0,40,0,0,40,1.95
1175,40,0,1,1,49.15200173854828,4,4,0,0,40,0,0,40,1.95
1175,40,0,2,1,8.191999979317188,4,4,0,0,40,0,0,40,1.95
1175,40,0,3,1,4.095999989658594,4,4,0,0,40,0,0,40,1.95
1176,2,0,0,0,13.311999849975109,4,4,0,0,40,0,0,40,5.64
1176,2,0,1,0,59.39200147986412,4,4,0,0,40,0,0,40,5.64
1176,2,0,2,0,9.216000325977802,4,4,0,0,40,0,0,40,5.64
1176,2,0,3,0,5.119999870657921,4,4,0,0,40,0,0,40,5.64
1176,24,0,0,0,8.191999979317188,4,4,0,1,39,0,0,40,72.47
1176,24,0,1,0,51.19999870657921,4,4,0,1,39,0,0,40,72.47
1176,24,0,2,0,9.216000325977802,4,4,0,1,39,0,0,40,72.47
1176,24,0,3,0,4.095999989658594,4,4,0,1,39,0,0,40,72.47
1176,40,0,0,1,9.216000325977802,4,4,0,0,40,0,0,40,1.84
1176,40,0,1,1,54.27199974656105,4,4,0,0,40,0,0,40,1.84
1176,40,0,2,1,9.216000325977802,4,4,0,0,40,0,0,40,1.84
1176,40,0,3,1,4.095999989658594,4,4,0,0,40,0,0,40,1.84
1177,2,0,0,0,9.216000325977802,4,4,0,0,40,0,0,40,2.63
1177,2,0,1,0,70.65600156784058,4,4,0,0,40,0,0,40,2.63
1177,2,0,2,0,9.216000325977802,4,4,0,0,40,0,0,40,2.63
1177,2,0,3,0,5.119999870657921,4,4,0,0,40,0,0,40,2.63
1177,24,0,0,0,8.191999979317188,4,4,0,0,40,0,0,40,2.54
1177,24,0,1,0,68.60800087451935,4,4,0,0,40,0,0,40,2.54
1177,24,0,2,0,9.216000325977802,4,4,0,0,40,0,0,40,2.54
1177,24,0,3,0,5.119999870657921,4,4,0,0,40,0,0,40,2.54
1177,40,0,0,1,9.216000325977802,4,4,0,1,39,0,0,40,85.439
1177,40,0,1,1,68.60800087451935,4,4,0,1,39,0,0,40,85.439
1177,40,0,2,1,9.216000325977802,4,4,0,1,39,0,0,40,85.439
1177,40,0,3,1,4.095999989658594,4,4,0,1,39,0,0,40,85.439
1178,2,0,0,0,8.191999979317188,2,2,0,0,20,0,0,20,2.789
1178,2,0,1,0,50.175998359918594,2,2,0,0,20,0,0,20,2.789
1178,2,0,2,0,9.216000325977802,2,2,0,0,20,0,0,20,2.789
1178,2,0,3,0,4.095999989658594,2,2,0,0,20,0,0,20,2.789
1178,24,0,0,0,9.216000325977802,2,2,0,1,19,0,0,20,65.19
1178,24,0,1,0,51.19999870657921,2,2,0,1,19,0,0,20,65.19
1178,24,0,2,0,8.191999979317188,2,2,0,1,19,0,0,20,65.19
1178,24,0,3,0,4.095999989658594,2,2,0,1,19,0,0,20,65.19
1178,40,0,0,1,9.216000325977802,2,2,0,0,20,0,0,20,2.08
1178,40,0,1,1,49.15200173854828,2,2,0,0,20,0,0,20,2.08
1178,40,0,2,1,9.216000325977802,2,2,0,0,20,0,0,20,2.08
1178,40,0,3,1,4.095999989658594,2,2,0,0,20,0,0,20,2.08
1179,2,0,0,0,10.239999741315842,4,4,0,2,38,0,0,40,116.119
1179,2,0,1,0,80.89599758386612,4,4,0,2,38,0,0,40,116.119
1179,2,0,2,0,9.216000325977802,4,4,0,2,38,0,0,40,116.119
1179,2,0,3,0,13.311999849975109,4,4,0,2,38,0,0,40,116.119
1179,24,0,0,0,8.191999979317188,4,4,0,2,38,0,0,40,179.169
1179,24,0,1,0,75.77600330114365,4,4,0,2,38,0,0,40,179.169
1179,24,0,2,0,9.216000325977802,4,4,0,2,38,0,0,40,179.169
1179,24,0,3,0,83.96799862384796,4,4,0,2,38,0,0,40,179.169
1179,40,0,0,1,10.239999741315842,4,4,0,0,40,0,0,40,5.21
1179,40,0,1,1,81.91999793052673,4,4,0,0,40,0,0,40,5.21
1179,40,0,2,1,8.191999979317188,4,4,0,0,40,0,0,40,5.21
1179,40,0,3,1,4.095999989658594,4,4,0,0,40,0,0,40,5.21
1180,2,0,0,0,15.359999611973763,4,4,0,0,40,0,0,40,3.46
1180,2,0,1,0,68.60800087451935,4,4,0,0,40,0,0,40,3.46
1180,2,0,2,0,9.216000325977802,4,4,0,0,40,0,0,40,3.46
1180,2,0,3,0,5.119999870657921,4,4,0,0,40,0,0,40,3.46
1180,24,0,0,0,8.191999979317188,4,4,0,1,39,0,0,40,81.449
1180,24,0,1,0,64.51199948787689,4,4,0,1,39,0,0,40,81.449
1180,24,0,2,0,8.191999979317188,4,4,0,1,39,0,0,40,81.449
1180,24,0,3,0,5.119999870657921,4,4,0,1,39,0,0,40,81.449
1180,40,0,0,1,9.216000325977802,4,4,0,0,40,0,0,40,2.369
1180,40,0,1,1,84.99199897050858,4,4,0,0,40,0,0,40,2.369
1180,40,0,2,1,9.216000325977802,4,4,0,0,40,0,0,40,2.369
1180,40,0,3,1,4.095999989658594,4,4,0,0,40,0,0,40,2.369
1181,2,0,0,0,8.191999979317188,4,4,0,2,38,0,0,40,162.419
1181,2,0,1,0,68.60800087451935,4,4,0,2,38,0,0,40,162.419
1181,2,0,2,0,9.216000325977802,4,4,0,2,38,0,0,40,162.419
1181,2,0,3,0,73.72800260782242,4,4,0,2,38,0,0,40,162.419
1181,24,0,0,0,8.191999979317188,4,4,0,1,39,0,0,40,65.979
1181,24,0,1,0,70.65600156784058,4,4,0,1,39,0,0,40,65.979
1181,24,0,2,0,9.216000325977802,4,4,0,1,39,0,0,40,65.979
1181,24,0,3,0,4.095999989658594,4,4,0,1,39,0,0,40,65.979
1181,40,0,0,1,9.216000325977802,4,4,0,0,40,0,0,40,2.87
1181,40,0,1,1,90.11200070381165,4,4,0,0,40,0,0,40,2.87
1181,40,0,2,1,9.216000325977802,4,4,0,0,40,0,0,40,2.87
1181,40,0,3,1,4.095999989658594,4,4,0,0,40,0,0,40,2.87
1182,2,0,0,0,9.216000325977802,2,2,0,0,20,0,0,20,1.609
1182,2,0,1,0,44.03200000524521,2,2,0,0,20,0,0,20,1.609
1182,2,0,2,0,9.216000325977802,2,2,0,0,20,0,0,20,1.609
1182,2,0,3,0,6.144000217318535,2,2,0,0,20,0,0,20,1.609
1182,24,0,0,0,8.191999979317188,2,2,0,0,20,0,0,20,3.909
1182,24,0,1,0,41.98399931192398,2,2,0,0,20,0,0,20,3.909
1182,24,0,2,0,8.191999979317188,2,2,0,0,20,0,0,20,3.909
1182,24,0,3,0,4.095999989658594,2,2,0,0,20,0,0,20,3.909
1182,40,0,0,1,9.216000325977802,2,2,0,0,20,0,0,20,0.93
1182,40,0,1,1,45.05600035190582,2,2,0,0,20,0,0,20,0.93
1182,40,0,2,1,9.216000325977802,2,2,0,0,20,0,0,20,0.93
1182,40,0,3,1,4.095999989658594,2,2,0,0,20,0,0,20,0.93
1183,2,0,0,0,8.191999979317188,4,4,0,1,39,0,0,40,72.42
1183,2,0,1,0,80.89599758386612,4,4,0,1,39,0,0,40,72.42
1183,2,0,2,0,9.216000325977802,4,4,0,1,39,0,0,40,72.42
1183,2,0,3,0,5.119999870657921,4,4,0,1,39,0,0,40,72.42
1183,24,0,0,0,9.216000325977802,4,4,0,1,39,0,0,40,69.63
1183,24,0,1,0,71.68000191450119,4,4,0,1,39,0,0,40,69.63
1183,24,0,2,0,9.216000325977802,4,4,0,1,39,0,0,40,69.63
1183,24,0,3,0,4.095999989658594,4,4,0,1,39,0,0,40,69.63
1183,40,0,0,1,9.216000325977802,4,4,0,0,40,0,0,40,2.33
1183,40,0,1,1,56.32000043988228,4,4,0,0,40,0,0,40,2.33
1183,40,0,2,1,8.191999979317188,4,4,0,0,40,0,0,40,2.33
1183,40,0,3,1,3.0720001086592674,4,4,0,0,40,0,0,40,2.33
1184,2,0,0,0,8.191999979317188,4,4,0,1,39,0,0,40,90.909
1184,2,0,1,0,83.96799862384796,4,4,0,1,39,0,0,40,90.909
1184,2,0,2,0,9.216000325977802,4,4,0,1,39,0,0,40,90.909
1184,2,0,3,0,6.144000217318535,4,4,0,1,39,0,0,40,90.909
1184,24,0,0,0,8.191999979317188,4,4,0,0,40,0,0,40,5.15
1184,24,0,1,0,73.72800260782242,4,4,0,0,40,0,0,40,5.15
1184,24,0,2,0,10.239999741315842,4,4,0,0,40,0,0,40,5.15
1184,24,0,3,0,4.095999989658594,4,4,0,0,40,0,0,40,5.15
1184,40,0,0,1,9.216000325977802,4,4,0,0,40,0,0,40,2.32
1184,40,0,1,1,68.60800087451935,4,4,0,0,40,0,0,40,2.32
1184,40,0,2,1,9.216000325977802,4,4,0,0,40,0,0,40,2.32
1184,40,0,3,1,4.095999989658594,4,4,0,0,40,0,0,40,2.32
1185,2,0,0,0,8.191999979317188,3,3,0,1,29,0,0,30,49.86
1185,2,0,1,0,55.296000093221664,3,3,0,1,29,0,0,30,49.86
1185,2,0,2,0,8.191999979317188,3,3,0,1,29,0,0,30,49.86
1185,2,0,3,0,5.119999870657921,3,3,0,1,29,0,0,30,49.86
1185,24,0,0,0,15.359999611973763,3,3,0,1,29,0,0,30,110.6
1185,24,0,1,0,48.128001391887665,3,3,0,1,29,0,0,30,110.6
1185,24,0,2,0,8.191999979317188,3,3,0,1,29,0,0,30,110.6
1185,24,0,3,0,32.76799991726875,3,3,0,1,29,0,0,30,110.6
1185,40,0,0,1,9.216000325977802,3,3,0,0,30,0,0,30,1.22
1185,40,0,1,1,45.05600035190582,3,3,0,0,30,0,0,30,1.22
1185,40,0,2,1,9.216000325977802,3,3,0,0,30,0,0,30,1.22
1185,40,0,3,1,4.095999989658594,3,3,0,0,30,0,0,30,1.22
1186,2,0,0,0,8.191999979317188,2,2,0,2,18,0,0,20,71.099
1186,2,0,1,0,50.175998359918594,2,2,0,2,18,0,0,20,71.099
1186,2,0,2,0,9.216000325977802,2,2,0,2,18,0,0,20,71.099
1186,2,0,3,0,7.168000098317862,2,2,0,2,18,0,0,20,71.099
1186,24,0,0,0,9.216000325977802,2,2,0,0,20,0,0,20,1.24
1186,24,0,1,0,49.15200173854828,2,2,0,0,20,0,0,20,1.24
1186,24,0,2,0,8.191999979317188,2,2,0,0,20,0,0,20,1.24
1186,24,0,3,0,4.095999989658594,2,2,0,0,20,0,0,20,1.24
1186,40,0,0,1,9.216000325977802,2,2,0,1,19,0,0,20,89.909
1186,40,0,1,1,41.98399931192398,2,2,0,1,19,0,0,20,89.909
1186,40,0,2,1,9.216000325977802,2,2,0,1,19,0,0,20,89.909
1186,40,0,3,1,25.599999353289604,2,2,0,1,19,0,0,20,89.909
1187,2,0,0,0,9.216000325977802,3,3,0,1,29,0,0,30,66.37
1187,2,0,1,0,68.60800087451935,3,3,0,1,29,0,0,30,66.37
1187,2,0,2,0,9.216000325977802,3,3,0,1,29,0,0,30,66.37
1187,2,0,3,0,5.119999870657921,3,3,0,1,29,0,0,30,66.37
1187,24,0,0,0,15.359999611973763,3,3,0,0,30,0,0,30,4.06
1187,24,0,1,0,58.36800113320351,3,3,0,0,30,0,0,30,4.06
1187,24,0,2,0,9.216000325977802,3,3,0,0,30,0,0,30,4.06
1187,24,0,3,0,4.095999989658594,3,3,0,0,30,0,0,30,4.06
1187,40,0,0,1,9.216000325977802,3,3,0,0,30,0,0,30,2.3
1187,40,0,1,1,63.48799914121628,3,3,0,0,30,0,0,30,2.3
1187,40,0,2,1,9.216000325977802,3,3,0,0,30,0,0,30,2.3
1187,40,0,3,1,4.095999989658594,3,3,0,0,30,0,0,30,2.3
1188,2,0,0,0,8.191999979317188,1,1,0,0,10,0,0,10,0.46
1188,2,0,1,0,30.719999223947525,1,1,0,0,10,0,0,10,0.46
1188,2,0,2,0,8.191999979317188,1,1,0,0,10,0,0,10,0.46
1188,2,0,3,0,7.168000098317862,1,1,0,0,10,0,0,10,0.46
1188,24,0,0,0,8.191999979317188,1,1,0,0,10,0,0,10,0.6
1188,24,0,1,0,31.74399957060814,1,1,0,0,10,0,0,10,0.6
1188,24,0,2,0,8.191999979317188,1,1,0,0,10,0,0,10,0.6
1188,24,0,3,0,4.095999989658594,1,1,0,0,10,0,0,10,0.6
1188,40,0,0,1,9.216000325977802,1,1,0,0,10,0,0,10,0.34
1188,40,0,1,1,35.840000957250595,1,1,0,0,10,0,0,10,0.34
1188,40,0,2,1,8.191999979317188,1,1,0,0,10,0,0,10,0.34
1188,40,0,3,1,4.095999989658594,1,1,0,0,10,0,0,10,0.34
1189,2,0,0,0,9.216000325977802,4,4,0,1,39,0,0,40,65.65
1189,2,0,1,0,87.0399996638298,4,4,0,1,39,0,0,40,65.65
1189,2,0,2,0,9.216000325977802,4,4,0,1,39,0,0,40,65.65
1189,2,0,3,0,5.119999870657921,4,4,0,1,39,0,0,40,65.65
1189,24,0,0,0,9.216000325977802,4,4,0,1,39,0,0,40,59.139
1189,24,0,1,0,70.65600156784058,4,4,0,1,39,0,0,40,59.139
1189,24,0,2,0,8.191999979317188,4,4,0,1,39,0,0,40,59.139
1189,24,0,3,0,4.095999989658594,4,4,0,1,39,0,0,40,59.139
1189,40,0,0,1,9.216000325977802,4,4,0,0,40,0,0,40,1.62
1189,40,0,1,1,65.5359998345375,4,4,0,0,40,0,0,40,1.62
1189,40,0,2,1,9.216000325977802,4,4,0,0,40,0,0,40,1.62
1189,40,0,3,1,4.095999989658594,4,4,0,0,40,0,0,40,1.62
1190,2,0,0,0,16.383999958634377,3,3,0,0,30,0,0,30,1.62
1190,2,0,1,0,72.7040022611618,3,3,0,0,30,0,0,30,1.62
1190,2,0,2,0,9.216000325977802,3,3,0,0,30,0,0,30,1.62
1190,2,0,3,0,6.144000217318535,3,3,0,0,30,0,0,30,1.62
1190,24,0,0,0,8.191999979317188,3,3,0,0,30,0,0,30,2.32
1190,24,0,1,0,63.48799914121628,3,3,0,0,30,0,0,30,2.32
1190,24,0,2,0,9.216000325977802,3,3,0,0,30,0,0,30,2.32
1190,24,0,3,0,4.095999989658594,3,3,0,0,30,0,0,30,2.32
1190,40,0,0,1,9.216000325977802,3,3,0,0,30,0,0,30,1.04
1190,40,0,1,1,64.51199948787689,3,3,0,0,30,0,0,30,1.04
1190,40,0,2,1,9.216000325977802,3,3,0,0,30,0,0,30,1.04
1190,40,0,3,1,4.095999989658594,3,3,0,0,30,0,0,30,1.04
1191,2,0,0,0,15.359999611973763,4,4,0,0,40,0,0,40,1.791
1191,2,0,1,0,83.96799862384796,4,4,0,0,40,0,0,40,1.791
1191,2,0,2,0,9.216000325977802,4,4,0,0,40,0,0,40,1.791
1191,2,0,3,0,5.119999870657921,4,4,0,0,40,0,0,40,1.791
1191,24,0,0,0,9.216000325977802,4,4,0,0,40,0,0,40,1.469
1191,24,0,1,0,68.60800087451935,4,4,0,0,40,0,0,40,1.469
1191,24,0,2,0,9.216000325977802,4,4,0,0,40,0,0,40,1.469
1191,24,0,3,0,4.095999989658594,4,4,0,0,40,0,0,40,1.469
1191,40,0,0,1,9.216000325977802,4,4,0,0,40,0,0,40,1.28
1191,40,0,1,1,59.39200147986412,4,4,0,0,40,0,0,40,1.28
1191,40,0,2,1,9.216000325977802,4,4,0,0,40,0,0,40,1.28
1191,40,0,3,1,3.0720001086592674,4,4,0,0,40,0,0,40,1.28
1192,2,0,0,0,15.359999611973763,4,4,0,0,40,0,0,40,2.28
1192,2,0,1,0,94.2080020904541,4,4,0,0,40,0,0,40,2.28
1192,2,0,2,0,9.216000325977802,4,4,0,0,40,0,0,40,2.28
1192,2,0,3,0,6.144000217318535,4,4,0,0,40,0,0,40,2.28
1192,24,0,0,0,8.191999979317188,4,4,0,0,40,0,0,40,2.209
1192,24,0,1,0,77.82399654388428,4,4,0,0,40,0,0,40,2.209
1192,24,0,2,0,9.216000325977802,4,4,0,0,40,0,0,40,2.209
1192,24,0,3,0,4.095999989658594,4,4,0,0,40,0,0,40,2.209
1192,40,0,0,1,9.216000325977802,4,4,0,0,40,0,0,40,1.78
1192,40,0,1,1,69.63200122117996,4,4,0,0,40,0,0,40,1.78
1192,40,0,2,1,9.216000325977802,4,4,0,0,40,0,0,40,1.78
1192,40,0,3,1,4.095999989658594,4,4,0,0,40,0,0,40,1.78
1193,2,0,0,0,15.359999611973763,4,4,0,0,40,0,0,40,4.47
1193,2,0,1,0,83.96799862384796,4,4,0,0,40,0,0,40,4.47
1193,2,0,2,0,9.216000325977802,4,4,0,0,40,0,0,40,4.47
1193,2,0,3,0,5.119999870657921,4,4,0,0,40,0,0,40,4.47
1193,24,0,0,0,8.191999979317188,4,4,0,0,40,0,0,40,4.41
1193,24,0,1,0,74.75200295448303,4,4,0,0,40,0,0,40,4.41
1193,24,0,2,0,9.216000325977802,4,4,0,0,40,0,0,40,4.41
1193,24,0,3,0,4.095999989658594,4,4,0,0,40,0,0,40,4.41
1193,40,0,0,1,9.216000325977802,4,4,0,0,40,0,0,40,1.8
1193,40,0,1,1,72.7040022611618,4,4,0,0,40,0,0,40,1.8
1193,40,0,2,1,8.191999979317188,4,4,0,0,40,0,0,40,1.8
1193,40,0,3,1,4.095999989658594,4,4,0,0,40,0,0,40,1.8
1194,2,0,0,0,9.216000325977802,3,3,0,0,30,0,0,30,1.6
1194,2,0,1,0,73.72800260782242,3,3,0,0,30,0,0,30,1.6
1194,2,0,2,0,9.216000325977802,3,3,0,0,30,0,0,30,1.6
1194,2,0,3,0,5.119999870657921,3,3,0,0,30,0,0,30,1.6
1194,24,0,0,0,15.359999611973763,3,3,0,0,30,0,0,30,1.55
1194,24,0,1,0,59.39200147986412,3,3,0,0,30,0,0,30,1.55
1194,24,0,2,0,9.216000325977802,3,3,0,0,30,0,0,30,1.55
1194,24,0,3,0,4.095999989658594,3,3,0,0,30,0,0,30,1.55
1194,40,0,0,1,9.216000325977802,3,3,0,0,30,0,0,30,1.58
1194,40,0,1,1,63.48799914121628,3,3,0,0,30,0,0,30,1.58
1194,40,0,2,1,9.216000325977802,3,3,0,0,30,0,0,30,1.58
1194,40,0,3,1,4.095999989658594,3,3,0,0,30,0,0,30,1.58
1195,2,0,0,0,14.336000196635723,4,4,0,0,40,0,0,40,4.73
1195,2,0,1,0,80.89599758386612,4,4,0,0,40,0,0,40,4.73
1195,2,0,2,0,9.216000325977802,4,4,0,0,40,0,0,40,4.73
1195,2,0,3,0,5.119999870657921,4,4,0,0,40,0,0,40,4.73
1195,24,0,0,0,9.216000325977802,4,4,0,0,40,0,0,40,3.64
1195,24,0,1,0,75.77600330114365,4,4,0,0,40,0,0,40,3.64
1195,24,0,2,0,9.216000325977802,4,4,0,0,40,0,0,40,3.64
1195,24,0,3,0,4.095999989658594,4,4,0,0,40,0,0,40,3.64
1195,40,0,0,1,15.359999611973763,4,4,0,1,39,0,0,40,76.48
1195,40,0,1,1,77.82399654388428,4,4,0,1,39,0,0,40,76.48
1195,40,0,2,1,9.216000325977802,4,4,0,1,39,0,0,40,76.48
1195,40,0,3,1,4.095999989658594,4,4,0,1,39,0,0,40,76.48
1196,2,0,0,0,8.191999979317188,4,4,0,1,39,0,0,40,81.4
1196,2,0,1,0,73.72800260782242,4,4,0,1,39,0,0,40,81.4
1196,2,0,2,0,9.216000325977802,4,4,0,1,39,0,0,40,81.4
1196,2,0,3,0,6.144000217318535,4,4,0,1,39,0,0,40,81.4
1196,24,0,0,0,8.191999979317188,4,4,0,1,39,0,0,40,114.439
1196,24,0,1,0,64.51199948787689,4,4,0,1,39,0,0,40,114.439
1196,24,0,2,0,9.216000325977802,4,4,0,1,39,0,0,40,114.439
1196,24,0,3,0,35.840000957250595,4,4,0,1,39,0,0,40,114.439
1196,40,0,0,1,9.216000325977802,4,4,0,0,40,0,0,40,2.289
1196,40,0,1,1,80.89599758386612,4,4,0,0,40,0,0,40,2.289
1196,40,0,2,1,9.216000325977802,4,4,0,0,40,0,0,40,2.289
1196,40,0,3,1,4.095999989658594,4,4,0,0,40,0,0,40,2.289
1197,2,0,0,0,14.336000196635723,4,4,0,0,40,0,0,40,2.29
1197,2,0,1,0,86.01599931716919,4,4,0,0,40,0,0,40,2.29
1197,2,0,2,0,9.216000325977802,4,4,0,0,40,0,0,40,2.29
1197,2,0,3,0,5.119999870657921,4,4,0,0,40,0,0,40,2.29
1197,24,0,0,0,9.216000325977802,4,4,0,1,39,0,0,40,69.61
1197,24,0,1,0,67.58400052785873,4,4,0,1,39,0,0,40,69.61
1197,24,0,2,0,9.216000325977802,4,4,0,1,39,0,0,40,69.61
1197,24,0,3,0,4.095999989658594,4,4,0,1,39,0,0,40,69.61
1197,40,0,0,1,10.239999741315842,4,4,0,0,40,0,0,40,1.85
1197,40,0,1,1,58.36800113320351,4,4,0,0,40,0,0,40,1.85
1197,40,0,2,1,9.216000325977802,4,4,0,0,40,0,0,40,1.85
1197,40,0,3,1,4.095999989658594,4,4,0,0,40,0,0,40,1.85
1198,2,0,0,0,8.191999979317188,1,1,0,0,10,0,0,10,0.63
1198,2,0,1,0,32.76799991726875,1,1,0,0,10,0,0,10,0.63
1198,2,0,2,0,9.216000325977802,1,1,0,0,10,0,0,10,0.63
1198,2,0,3,0,4.095999989658594,1,1,0,0,10,0,0,10,0.63
1198,24,0,0,0,9.216000325977802,1,1,0,0,10,0,0,10,0.38
1198,24,0,1,0,31.74399957060814,1,1,0,0,10,0,0,10,0.38
1198,24,0,2,0,9.216000325977802,1,1,0,0,10,0,0,10,0.38
1198,24,0,3,0,4.095999989658594,1,1,0,0,10,0,0,10,0.38
1198,40,0,0,1,8.191999979317188,1,1,0,0,10,0,0,10,0.509
1198,40,0,1,1,35.840000957250595,1,1,0,0,10,0,0,10,0.509
1198,40,0,2,1,9.216000325977802,1,1,0,0,10,0,0,10,0.509
1198,40,0,3,1,4.095999989658594,1,1,0,0,10,0,0,10,0.509
1199,2,0,0,0,9.216000325977802,2,2,0,0,20,0,0,20,0.959
1199,2,0,1,0,50.175998359918594,2,2,0,0,20,0,0,20,0.959
1199,2,0,2,0,9.216000325977802,2,2,0,0,20,0,0,20,0.959
1199,2,0,3,0,5.119999870657921,2,2,0,0,20,0,0,20,0.959
1199,24,0,0,0,9.216000325977802,2,2,0,0,20,0,0,20,3.189
1199,24,0,1,0,40.95999896526337,2,2,0,0,20,0,0,20,3.189
1199,24,0,2,0,9.216000325977802,2,2,0,0,20,0,0,20,3.189
1199,24,0,3,0,4.095999989658594,2,2,0,0,20,0,0,20,3.189
1199,40,0,0,1,8.191999979317188,2,2,0,0,20,0,0,20,0.78
1199,40,0,1,1,45.05600035190582,2,2,0,0,20,0,0,20,0.78
1199,40,0,2,1,9.216000325977802,2,2,0,0,20,0,0,20,0.78
1199,40,0,3,1,4.095999989658594,2,2,0,0,20,0,0,20,0.78
1200,2,0,0,0,9.216000325977802,1,1,0,0,10,0,0,10,0.46
1200,2,0,1,0,31.74399957060814,1,1,0,0,10,0,0,10,0.46
1200,2,0,2,0,9.216000325977802,1,1,0,0,10,0,0,10,0.46
1200,2,0,3,0,6.144000217318535,1,1,0,0,10,0,0,10,0.46
1200,24,0,0,0,8.191999979317188,1,1,0,0,10,0,0,10,0.59
1200,24,0,1,0,31.74399957060814,1,1,0,0,10,0,0,10,0.59
1200,24,0,2,0,8.191999979317188,1,1,0,0,10,0,0,10,0.59
1200,24,0,3,0,5.119999870657921,1,1,0,0,10,0,0,10,0.59
1200,40,0,0,1,8.191999979317188,1,1,0,0,10,0,0,10,0.42
1200,40,0,1,1,35.840000957250595,1,1,0,0,10,0,0,10,0.42
1200,40,0,2,1,9.216000325977802,1,1,0,0,10,0,0,10,0.42
1200,40,0,3,1,4.095999989658594,1,1,0,0,10,0,0,10,0.42
1201,2,0,0,0,13.311999849975109,4,4,0,0,40,0,0,40,2.57
1201,2,0,1,0,76.80000364780426,4,4,0,0,40,0,0,40,2.57
1201,2,0,2,0,9.216000325977802,4,4,0,0,40,0,0,40,2.57
1201,2,0,3,0,5.119999870657921,4,4,0,0,40,0,0,40,2.57
1201,24,0,0,0,8.191999979317188,4,4,0,0,40,0,0,40,2.049
1201,24,0,1,0,59.39200147986412,4,4,0,0,40,0,0,40,2.049
1201,24,0,2,0,9.216000325977802,4,4,0,0,40,0,0,40,2.049
1201,24,0,3,0,4.095999989658594,4,4,0,0,40,0,0,40,2.049
1201,40,0,0,1,9.216000325977802,4,4,0,0,40,0,0,40,2.18
1201,40,0,1,1,56.32000043988228,4,4,0,0,40,0,0,40,2.18
1201,40,0,2,1,9.216000325977802,4,4,0,0,40,0,0,40,2.18
1201,40,0,3,1,4.095999989658594,4,4,0,0,40,0,0,40,2.18
1202,2,0,0,0,8.191999979317188,4,4,0,1,39,0,0,40,72.329
1202,2,0,1,0,71.68000191450119,4,4,0,1,39,0,0,40,72.329
1202,2,0,2,0,9.216000325977802,4,4,0,1,39,0,0,40,72.329
1202,2,0,3,0,5.119999870657921,4,4,0,1,39,0,0,40,72.329
1202,24,0,0,0,8.191999979317188,4,4,0,1,39,0,0,40,66.6
1202,24,0,1,0,61.43999844789505,4,4,0,1,39,0,0,40,66.6
1202,24,0,2,0,9.216000325977802,4,4,0,1,39,0,0,40,66.6
1202,24,0,3,0,4.095999989658594,4,4,0,1,39,0,0,40,66.6
1202,40,0,0,1,9.216000325977802,4,4,0,0,40,0,0,40,4.42
1202,40,0,1,1,66.56000018119812,4,4,0,0,40,0,0,40,4.42
1202,40,0,2,1,9.216000325977802,4,4,0,0,40,0,0,40,4.42
1202,40,0,3,1,4.095999989658594,4,4,0,0,40,0,0,40,4.42
1203,2,0,0,0,15.359999611973763,4,4,0,0,40,0,0,40,2.58
1203,2,0,1,0,74.75200295448303,4,4,0,0,40,0,0,40,2.58
1203,2,0,2,0,9.216000325977802,4,4,0,0,40,0,0,40,2.58
1203,2,0,3,0,6.144000217318535,4,4,0,0,40,0,0,40,2.58
1203,24,0,0,0,8.191999979317188,4,4,0,0,40,0,0,40,2.19
1203,24,0,1,0,77.82399654388428,4,4,0,0,40,0,0,40,2.19
1203,24,0,2,0,9.216000325977802,4,4,0,0,40,0,0,40,2.19
1203,24,0,3,0,4.095999989658594,4,4,0,0,40,0,0,40,2.19
1203,40,0,0,1,8.191999979317188,4,4,0,1,39,0,0,40,90.29
1203,40,0,1,1,68.60800087451935,4,4,0,1,39,0,0,40,90.29
1203,40,0,2,1,10.239999741315842,4,4,0,1,39,0,0,40,90.29
1203,40,0,3,1,5.119999870657921,4,4,0,1,39,0,0,40,90.29
1204,2,0,0,0,15.359999611973763,2,2,0,0,20,0,0,20,1.03
1204,2,0,1,0,47.10400104522705,2,2,0,0,20,0,0,20,1.03
1204,2,0,2,0,9.216000325977802,2,2,0,0,20,0,0,20,1.03
1204,2,0,3,0,4.095999989658594,2,2,0,0,20,0,0,20,1.03
1204,24,0,0,0,8.191999979317188,2,2,0,0,20,0,0,20,1.08
1204,24,0,1,0,50.175998359918594,2,2,0,0,20,0,0,20,1.08
1204,24,0,2,0,9.216000325977802,2,2,0,0,20,0,0,20,1.08
1204,24,0,3,0,4.095999989658594,2,2,0,0,20,0,0,20,1.08
1204,40,0,0,1,11.264000087976456,2,2,0,0,20,0,0,20,0.84
1204,40,0,1,1,38.91199827194214,2,2,0,0,20,0,0,20,0.84
1204,40,0,2,1,9.216000325977802,2,2,0,0,20,0,0,20,0.84
1204,40,0,3,1,4.095999989658594,2,2,0,0,20,0,0,20,0.84
1205,2,0,0,0,9.216000325977802,4,4,0,1,39,0,0,40,66.8
1205,2,0,1,0,78.84799689054489,4,4,0,1,39,0,0,40,66.8
1205,2,0,2,0,9.216000325977802,4,4,0,1,39,0,0,40,66.8
1205,2,0,3,0,6.144000217318535,4,4,0,1,39,0,0,40,66.8
1205,24,0,0,0,9.216000325977802,4,4,0,2,38,0,0,40,155.6
1205,24,0,1,0,73.72800260782242,4,4,0,2,38,0,0,40,155.6
1205,24,0,2,0,9.216000325977802,4,4,0,2,38,0,0,40,155.6
1205,24,0,3,0,60.416001826524734,4,4,0,2,38,0,0,40,155.6
1205,40,0,0,1,9.216000325977802,4,4,0,0,40,0,0,40,4.78
1205,40,0,1,1,75.77600330114365,4,4,0,0,40,0,0,40,4.78
1205,40,0,2,1,9.216000325977802,4,4,0,0,40,0,0,40,4.78
1205,40,0,3,1,4.095999989658594,4,4,0,0,40,0,0,40,4.78
1206,2,0,0,0,8.191999979317188,3,3,0,1,29,0,0,30,84.969
1206,2,0,1,0,65.5359998345375,3,3,0,1,29,0,0,30,84.969
1206,2,0,2,0,9.216000325977802,3,3,0,1,29,0,0,30,84.969
1206,2,0,3,0,5.119999870657921,3,3,0,1,29,0,0,30,84.969
1206,24,0,0,0,15.359999611973763,3,3,0,0,30,0,0,30,1.39
1206,24,0,1,0,58.36800113320351,3,3,0,0,30,0,0,30,1.39
1206,24,0,2,0,9.216000325977802,3,3,0,0,30,0,0,30,1.39
1206,24,0,3,0,4.095999989658594,3,3,0,0,30,0,0,30,1.39
1206,40,0,0,1,9.216000325977802,3,3,0,0,30,0,0,30,2.01
1206,40,0,1,1,65.5359998345375,3,3,0,0,30,0,0,30,2.01
1206,40,0,2,1,9.216000325977802,3,3,0,0,30,0,0,30,2.01
1206,40,0,3,1,5.119999870657921,3,3,0,0,30,0,0,30,2.01
1207,2,0,0,0,15.359999611973763,4,4,0,0,40,0,0,40,2.14
1207,2,0,1,0,78.84799689054489,4,4,0,0,40,0,0,40,2.14
1207,2,0,2,0,8.191999979317188,4,4,0,0,40,0,0,40,2.14
1207,2,0,3,0,5.119999870657921,4,4,0,0,40,0,0,40,2.14
1207,24,0,0,0,8.191999979317188,4,4,0,0,40,0,0,40,4.02
1207,24,0,1,0,56.32000043988228,4,4,0,0,40,0,0,40,4.02
1207,24,0,2,0,9.216000325977802,4,4,0,0,40,0,0,40,4.02
1207,24,0,3,0,4.095999989658594,4,4,0,0,40,0,0,40,4.02
1207,40,0,0,1,9.216000325977802,4,4,0,0,40,0,0,40,2.34
1207,40,0,1,1,81.91999793052673,4,4,0,0,40,0,0,40,2.34
1207,40,0,2,1,9.216000325977802,4,4,0,0,40,0,0,40,2.34
1207,40,0,3,1,4.095999989658594,4,4,0,0,40,0,0,40,2.34
1208,2,0,0,0,13.311999849975109,4,4,0,0,40,0,0,40,2.6
1208,2,0,1,0,73.72800260782242,4,4,0,0,40,0,0,40,2.6
1208,2,0,2,0,9.216000325977802,4,4,0,0,40,0,0,40,2.6
1208,2,0,3,0,6.144000217318535,4,4,0,0,40,0,0,40,2.6
1208,24,0,0,0,8.191999979317188,4,4,0,0,40,0,0,40,1.96
1208,24,0,1,0,64.51199948787689,4,4,0,0,40,0,0,40,1.96
1208,24,0,2,0,9.216000325977802,4,4,0,0,40,0,0,40,1.96
1208,24,0,3,0,4.095999989658594,4,4,0,0,40,0,0,40,1.96
1208,40,0,0,1,10.239999741315842,4,4,0,0,40,0,0,40,1.909
1208,40,0,1,1,60.416001826524734,4,4,0,0,40,0,0,40,1.909
1208,40,0,2,1,9.216000325977802,4,4,0,0,40,0,0,40,1.909
1208,40,0,3,1,4.095999989658594,4,4,0,0,40,0,0,40,1.909
1209,2,0,0,0,15.359999611973763,3,3,0,0,30,0,0,30,3.37
1209,2,0,1,0,51.19999870657921,3,3,0,0,30,0,0,30,3.37
1209,2,0,2,0,9.216000325977802,3,3,0,0,30,0,0,30,3.37
1209,2,0,3,0,7.168000098317862,3,3,0,0,30,0,0,30,3.37
1209,24,0,0,0,17.40800030529499,3,3,0,1,29,0,0,30,60.16
1209,24,0,1,0,55.296000093221664,3,3,0,1,29,0,0,30,60.16
1209,24,0,2,0,9.216000325977802,3,3,0,1,29,0,0,30,60.16
1209,24,0,3,0,4.095999989658594,3,3,0,1,29,0,0,30,60.16
1209,40,0,0,1,9.216000325977802,3,3,0,1,29,0,0,30,130.899
1209,40,0,1,1,54.27199974656105,3,3,0,1,29,0,0,30,130.899
1209,40,0,2,1,9.216000325977802,3,3,0,1,29,0,0,30,130.899
1209,40,0,3,1,53.247999399900436,3,3,0,1,29,0,0,30,130.899
1210,2,0,0,0,8.191999979317188,2,2,0,0,20,0,0,20,1.28
1210,2,0,1,0,49.15200173854828,2,2,0,0,20,0,0,20,1.28
1210,2,0,2,0,8.191999979317188,2,2,0,0,20,0,0,20,1.28
1210,2,0,3,0,5.119999870657921,2,2,0,0,20,0,0,20,1.28
1210,24,0,0,0,8.191999979317188,2,2,0,0,20,0,0,20,0.849
1210,24,0,1,0,41.98399931192398,2,2,0,0,20,0,0,20,0.849
1210,24,0,2,0,9.216000325977802,2,2,0,0,20,0,0,20,0.849
1210,24,0,3,0,4.095999989658594,2,2,0,0,20,0,0,20,0.849
1210,40,0,0,1,8.191999979317188,2,2,0,0,20,0,0,20,1.02
1210,40,0,1,1,51.19999870657921,2,2,0,0,20,0,0,20,1.02
1210,40,0,2,1,9.216000325977802,2,2,0,0,20,0,0,20,1.02
1210,40,0,3,1,4.095999989658594,2,2,0,0,20,0,0,20,1.02
1211,2,0,0,0,8.191999979317188,4,4,0,2,38,0,0,40,103.8
1211,2,0,1,0,83.96799862384796,4,4,0,2,38,0,0,40,103.8
1211,2,0,2,0,9.216000325977802,4,4,0,2,38,0,0,40,103.8
1211,2,0,3,0,6.144000217318535,4,4,0,2,38,0,0,40,103.8
1211,24,0,0,0,8.191999979317188,4,4,0,2,38,0,0,40,98.219
1211,24,0,1,0,77.82399654388428,4,4,0,2,38,0,0,40,98.219
1211,24,0,2,0,9.216000325977802,4,4,0,2,38,0,0,40,98.219
1211,24,0,3,0,4.095999989658594,4,4,0,2,38,0,0,40,98.219
1211,40,0,0,1,10.239999741315842,4,4,0,0,40,0,0,40,4.36
1211,40,0,1,1,74.75200295448303,4,4,0,0,40,0,0,40,4.36
1211,40,0,2,1,9.216000325977802,4,4,0,0,40,0,0,40,4.36
1211,40,0,3,1,4.095999989658594,4,4,0,0,40,0,0,40,4.36
1212,2,0,0,0,8.191999979317188,3,3,0,2,28,0,0,30,87.69
1212,2,0,1,0,68.60800087451935,3,3,0,2,28,0,0,30,87.69
1212,2,0,2,0,9.216000325977802,3,3,0,2,28,0,0,30,87.69
1212,2,0,3,0,5.119999870657921,3,3,0,2,28,0,0,30,87.69
1212,24,0,0,0,9.216000325977802,3,3,0,1,29,0,0,30,53.82
1212,24,0,1,0,61.43999844789505,3,3,0,1,29,0,0,30,53.82
1212,24,0,2,0,9.216000325977802,3,3,0,1,29,0,0,30,53.82
1212,24,0,3,0,4.095999989658594,3,3,0,1,29,0,0,30,53.82
1212,40,0,0,1,8.191999979317188,3,3,0,0,30,0,0,30,3.94
1212,40,0,1,1,67.58400052785873,3,3,0,0,30,0,0,30,3.94
1212,40,0,2,1,9.216000325977802,3,3,0,0,30,0,0,30,3.94
1212,40,0,3,1,4.095999989658594,3,3,0,0,30,0,0,30,3.94
1213,2,0,0,0,14.336000196635723,4,4,0,0,40,0,0,40,4.48
1213,2,0,1,0,86.01599931716919,4,4,0,0,40,0,0,40,4.48
1213,2,0,2,0,9.216000325977802,4,4,0,0,40,0,0,40,4.48
1213,2,0,3,0,5.119999870657921,4,4,0,0,40,0,0,40,4.48
1213,24,0,0,0,8.191999979317188,4,4,0,3,37,0,0,40,156.639
1213,24,0,1,0,74.75200295448303,4,4,0,3,37,0,0,40,156.639
1213,24,0,2,0,9.216000325977802,4,4,0,3,37,0,0,40,156.639
1213,24,0,3,0,62.463998794555664,4,4,0,3,37,0,0,40,156.639
1213,40,0,0,1,9.216000325977802,4,4,0,0,40,0,0,40,2.15
1213,40,0,1,1,69.63200122117996,4,4,0,0,40,0,0,40,2.15
1213,40,0,2,1,9.216000325977802,4,4,0,0,40,0,0,40,2.15
1213,40,0,3,1,4.095999989658594,4,4,0,0,40,0,0,40,2.15
1214,2,0,0,0,8.191999979317188,4,4,0,1,39,0,0,40,78.42
1214,2,0,1,0,84.99199897050858,4,4,0,1,39,0,0,40,78.42
1214,2,0,2,0,9.216000325977802,4,4,0,1,39,0,0,40,78.42
1214,2,0,3,0,5.119999870657921,4,4,0,1,39,0,0,40,78.42
1214,24,0,0,0,8.191999979317188,4,4,0,0,40,0,0,40,4.7
1214,24,0,1,0,74.75200295448303,4,4,0,0,40,0,0,40,4.7
1214,24,0,2,0,9.216000325977802,4,4,0,0,40,0,0,40,4.7
1214,24,0,3,0,4.095999989658594,4,4,0,0,40,0,0,40,4.7
1214,40,0,0,1,9.216000325977802,4,4,0,0,40,0,0,40,1.83
1214,40,0,1,1,65.5359998345375,4,4,0,0,40,0,0,40,1.83
1214,40,0,2,1,9.216000325977802,4,4,0,0,40,0,0,40,1.83
1214,40,0,3,1,4.095999989658594,4,4,0,0,40,0,0,40,1.83
1215,2,0,0,0,9.216000325977802,4,4,0,3,37,0,0,40,148.759
1215,2,0,1,0,87.0399996638298,4,4,0,3,37,0,0,40,148.759
1215,2,0,2,0,9.216000325977802,4,4,0,3,37,0,0,40,148.759
1215,2,0,3,0,39.93599861860275,4,4,0,3,37,0,0,40,148.759
1215,24,0,0,0,15.359999611973763,4,4,0,1,39,0,0,40,82.549
1215,24,0,1,0,62.463998794555664,4,4,0,1,39,0,0,40,82.549
1215,24,0,2,0,9.216000325977802,4,4,0,1,39,0,0,40,82.549
1215,24,0,3,0,4.095999989658594,4,4,0,1,39,0,0,40,82.549
1215,40,0,0,1,9.216000325977802,4,4,0,0,40,0,0,40,1.989
1215,40,0,1,1,62.463998794555664,4,4,0,0,40,0,0,40,1.989
1215,40,0,2,1,9.216000325977802,4,4,0,0,40,0,0,40,1.989
1215,40,0,3,1,4.095999989658594,4,4,0,0,40,0,0,40,1.989
1216,2,0,0,0,8.191999979317188,2,2,0,2,18,0,0,20,299.899
1216,2,0,1,0,45.05600035190582,2,2,0,2,18,0,0,20,299.899
1216,2,0,2,0,9.216000325977802,2,2,0,2,18,0,0,20,299.899
1216,2,0,3,0,234.49599742889404,2,2,0,2,18,0,0,20,299.899
1216,24,0,0,0,8.191999979317188,2,2,0,0,20,0,0,20,1.32
1216,24,0,1,0,50.175998359918594,2,2,0,0,20,0,0,20,1.32
1216,24,0,2,0,9.216000325977802,2,2,0,0,20,0,0,20,1.32
1216,24,0,3,0,4.095999989658594,2,2,0,0,20,0,0,20,1.32
1216,40,0,0,1,9.216000325977802,2,2,0,0,20,0,0,20,0.99
1216,40,0,1,1,44.03200000524521,2,2,0,0,20,0,0,20,0.99
1216,40,0,2,1,9.216000325977802,2,2,0,0,20,0,0,20,0.99
1216,40,0,3,1,4.095999989658594,2,2,0,0,20,0,0,20,0.99
1217,2,0,0,0,9.216000325977802,4,4,0,2,38,0,0,40,106.7
1217,2,0,1,0,91.13600105047226,4,4,0,2,38,0,0,40,106.7
1217,2,0,2,0,9.216000325977802,4,4,0,2,38,0,0,40,106.7
1217,2,0,3,0,5.119999870657921,4,4,0,2,38,0,0,40,106.7
1217,24,0,0,0,8.191999979317188,4,4,0,1,39,0,0,40,60.22
1217,24,0,1,0,70.65600156784058,4,4,0,1,39,0,0,40,60.22
1217,24,0,2,0,8.191999979317188,4,4,0,1,39,0,0,40,60.22
1217,24,0,3,0,4.095999989658594,4,4,0,1,39,0,0,40,60.22
1217,40,0,0,1,9.216000325977802,4,4,0,2,38,0,0,40,124.55
1217,40,0,1,1,87.0399996638298,4,4,0,2,38,0,0,40,124.55
1217,40,0,2,1,9.216000325977802,4,4,0,2,38,0,0,40,124.55
1217,40,0,3,1,16.383999958634377,4,4,0,2,38,0,0,40,124.55
1218,2,0,0,0,9.216000325977802,4,4,0,2,38,0,0,40,85.079
1218,2,0,1,0,51.19999870657921,4,4,0,2,38,0,0,40,85.079
1218,2,0,2,0,9.216000325977802,4,4,0,2,38,0,0,40,85.079
1218,2,0,3,0,10.239999741315842,4,4,0,2,38,0,0,40,85.079
1218,24,0,0,0,8.191999979317188,4,4,0,0,40,0,0,40,1.85
1218,24,0,1,0,59.39200147986412,4,4,0,0,40,0,0,40,1.85
1218,24,0,2,0,9.216000325977802,4,4,0,0,40,0,0,40,1.85
1218,24,0,3,0,4.095999989658594,4,4,0,0,40,0,0,40,1.85
1218,40,0,0,1,9.216000325977802,4,4,0,1,39,0,0,40,75.52
1218,40,0,1,1,73.72800260782242,4,4,0,1,39,0,0,40,75.52
1218,40,0,2,1,8.191999979317188,4,4,0,1,39,0,0,40,75.52
1218,40,0,3,1,4.095999989658594,4,4,0,1,39,0,0,40,75.52
1219,2,0,0,0,8.191999979317188,4,4,0,4,36,0,0,40,129.991
1219,2,0,1,0,66.56000018119812,4,4,0,4,36,0,0,40,129.991
1219,2,0,2,0,8.191999979317188,4,4,0,4,36,0,0,40,129.991
1219,2,0,3,0,41.98399931192398,4,4,0,4,36,0,0,40,129.991
1219,24,0,0,0,8.191999979317188,4,4,0,0,40,0,0,40,1.96
1219,24,0,1,0,66.56000018119812,4,4,0,0,40,0,0,40,1.96
1219,24,0,2,0,9.216000325977802,4,4,0,0,40,0,0,40,1.96
1219,24,0,3,0,4.095999989658594,4,4,0,0,40,0,0,40,1.96
1219,40,0,0,1,9.216000325977802,4,4,0,0,40,0,0,40,2.191
1219,40,0,1,1,80.89599758386612,4,4,0,0,40,0,0,40,2.191
1219,40,0,2,1,9.216000325977802,4,4,0,0,40,0,0,40,2.191
1219,40,0,3,1,4.095999989658594,4,4,0,0,40,0,0,40,2.191
1220,2,0,0,0,8.191999979317188,4,4,0,2,38,0,0,40,127.639
1220,2,0,1,0,79.8719972372055,4,4,0,2,38,0,0,40,127.639
1220,2,0,2,0,9.216000325977802,4,4,0,2,38,0,0,40,127.639
1220,2,0,3,0,26.623999699950218,4,4,0,2,38,0,0,40,127.639
1220,24,0,0,0,8.191999979317188,4,4,0,0,40,0,0,40,2.5
1220,24,0,1,0,81.91999793052673,4,4,0,0,40,0,0,40,2.5
1220,24,0,2,0,9.216000325977802,4,4,0,0,40,0,0,40,2.5
1220,24,0,3,0,4.095999989658594,4,4,0,0,40,0,0,40,2.5
1220,40,0,0,1,9.216000325977802,4,4,0,0,40,0,0,40,1.811
1220,40,0,1,1,94.2080020904541,4,4,0,0,40,0,0,40,1.811
1220,40,0,2,1,9.216000325977802,4,4,0,0,40,0,0,40,1.811
1220,40,0,3,1,4.095999989658594,4,4,0,0,40,0,0,40,1.811
1221,2,0,0,0,178.17600071430206,4,4,0,1,39,0,0,40,66.29
1221,2,0,1,0,74.75200295448303,4,4,0,1,39,0,0,40,66.29
1221,2,0,2,0,10.239999741315842,4,4,0,1,39,0,0,40,66.29
1221,2,0,3,0,6.144000217318535,4,4,0,1,39,0,0,40,66.29
1221,24,0,0,0,9.216000325977802,4,4,0,0,40,0,0,40,2.07
1221,24,0,1,0,74.75200295448303,4,4,0,0,40,0,0,40,2.07
1221,24,0,2,0,8.191999979317188,4,4,0,0,40,0,0,40,2.07
1221,24,0,3,0,4.095999989658594,4,4,0,0,40,0,0,40,2.07
1221,40,0,0,1,9.216000325977802,4,4,0,0,40,0,0,40,4.16
1221,40,0,1,1,77.82399654388428,4,4,0,0,40,0,0,40,4.16
1221,40,0,2,1,9.216000325977802,4,4,0,0,40,0,0,40,4.16
1221,40,0,3,1,4.095999989658594,4,4,0,0,40,0,0,40,4.16
1222,2,0,0,0,9.216000325977802,4,4,0,1,39,0,0,40,98.16
1222,2,0,1,0,79.8719972372055,4,4,0,1,39,0,0,40,98.16
1222,2,0,2,0,9.216000325977802,4,4,0,1,39,0,0,40,98.16
1222,2,0,3,0,5.119999870657921,4,4,0,1,39,0,0,40,98.16
1222,24,0,0,0,9.216000325977802,4,4,0,0,40,0,0,40,2.591
1222,24,0,1,0,69.63200122117996,4,4,0,0,40,0,0,40,2.591
1222,24,0,2,0,9.216000325977802,4,4,0,0,40,0,0,40,2.591
1222,24,0,3,0,3.0720001086592674,4,4,0,0,40,0,0,40,2.591
1222,40,0,0,1,9.216000325977802,4,4,0,1,39,0,0,40,77.179
1222,40,0,1,1,69.63200122117996,4,4,0,1,39,0,0,40,77.179
1222,40,0,2,1,9.216000325977802,4,4,0,1,39,0,0,40,77.179
1222,40,0,3,1,4.095999989658594,4,4,0,1,39,0,0,40,77.179
1223,2,0,0,0,14.336000196635723,4,4,0,0,40,0,0,40,2.76
1223,2,0,1,0,77.82399654388428,4,4,0,0,40,0,0,40,2.76
1223,2,0,2,0,9.216000325977802,4,4,0,0,40,0,0,40,2.76
1223,2,0,3,0,5.119999870657921,4,4,0,0,40,0,0,40,2.76
1223,24,0,0,0,8.191999979317188,4,4,0,0,40,0,0,40,1.93
1223,24,0,1,0,55.296000093221664,4,4,0,0,40,0,0,40,1.93
1223,24,0,2,0,8.191999979317188,4,4,0,0,40,0,0,40,1.93
1223,24,0,3,0,4.095999989658594,4,4,0,0,40,0,0,40,1.93
1223,40,0,0,1,9.216000325977802,4,4,0,1,39,0,0,40,78.369
1223,40,0,1,1,69.63200122117996,4,4,0,1,39,0,0,40,78.369
1223,40,0,2,1,9.216000325977802,4,4,0,1,39,0,0,40,78.369
1223,40,0,3,1,4.095999989658594,4,4,0,1,39,0,0,40,78.369
1224,2,0,0,0,9.216000325977802,1,1,0,1,9,0,0,10,72.84
1224,2,0,1,0,29.69600073993206,1,1,0,1,9,0,0,10,72.84
1224,2,0,2,0,8.191999979317188,1,1,0,1,9,0,0,10,72.84
1224,2,0,3,0,22.52800017595291,1,1,0,1,9,0,0,10,72.84
1224,24,0,0,0,9.216000325977802,1,1,0,0,10,0,0,10,0.95
1224,24,0,1,0,31.74399957060814,1,1,0,0,10,0,0,10,0.95
1224,24,0,2,0,9.216000325977802,1,1,0,0,10,0,0,10,0.95
1224,24,0,3,0,4.095999989658594,1,1,0,0,10,0,0,10,0.95
1224,40,0,0,1,8.191999979317188,1,1,0,0,10,0,0,10,0.58
1224,40,0,1,1,34.81600061058998,1,1,0,0,10,0,0,10,0.58
1224,40,0,2,1,9.216000325977802,1,1,0,0,10,0,0,10,0.58
1224,40,0,3,1,4.095999989658594,1,1,0,0,10,0,0,10,0.58
1225,2,0,0,0,8.191999979317188,4,4,0,1,39,0,0,40,161.55
1225,2,0,1,0,80.89599758386612,4,4,0,1,39,0,0,40,161.55
1225,2,0,2,0,9.216000325977802,4,4,0,1,39,0,0,40,161.55
1225,2,0,3,0,60.416001826524734,4,4,0,1,39,0,0,40,161.55
1225,24,0,0,0,9.216000325977802,4,4,0,0,40,0,0,40,2.17
1225,24,0,1,0,83.96799862384796,4,4,0,0,40,0,0,40,2.17
1225,24,0,2,0,8.191999979317188,4,4,0,0,40,0,0,40,2.17
1225,24,0,3,0,4.095999989658594,4,4,0,0,40,0,0,40,2.17
1225,40,0,0,1,16.383999958634377,4,4,0,2,38,0,0,40,117.36
1225,40,0,1,1,101.3759970664978,4,4,0,2,38,0,0,40,117.36
1225,40,0,2,1,9.216000325977802,4,4,0,2,38,0,0,40,117.36
1225,40,0,3,1,4.095999989658594,4,4,0,2,38,0,0,40,117.36
1226,2,0,0,0,8.191999979317188,3,3,0,3,27,0,0,30,123.53
1226,2,0,1,0,58.36800113320351,3,3,0,3,27,0,0,30,123.53
1226,2,0,2,0,8.191999979317188,3,3,0,3,27,0,0,30,123.53
1226,2,0,3,0,49.15200173854828,3,3,0,3,27,0,0,30,123.53
1226,24,0,0,0,14.336000196635723,3,3,0,0,30,0,0,30,2.129
1226,24,0,1,0,69.63200122117996,3,3,0,0,30,0,0,30,2.129
1226,24,0,2,0,9.216000325977802,3,3,0,0,30,0,0,30,2.129
1226,24,0,3,0,4.095999989658594,3,3,0,0,30,0,0,30,2.129
1226,40,0,0,1,9.216000325977802,3,3,0,0,30,0,0,30,1.46
1226,40,0,1,1,59.39200147986412,3,3,0,0,30,0,0,30,1.46
1226,40,0,2,1,9.216000325977802,3,3,0,0,30,0,0,30,1.46
1226,40,0,3,1,4.095999989658594,3,3,0,0,30,0,0,30,1.46
1227,2,0,0,0,9.216000325977802,2,2,0,0,20,0,0,20,1.14
1227,2,0,1,0,43.007999658584595,2,2,0,0,20,0,0,20,1.14
1227,2,0,2,0,9.216000325977802,2,2,0,0,20,0,0,20,1.14
1227,2,0,3,0,5.119999870657921,2,2,0,0,20,0,0,20,1.14
1227,24,0,0,0,9.216000325977802,2,2,0,0,20,0,0,20,1.14
1227,24,0,1,0,48.128001391887665,2,2,0,0,20,0,0,20,1.14
1227,24,0,2,0,8.191999979317188,2,2,0,0,20,0,0,20,1.14
1227,24,0,3,0,4.095999989658594,2,2,0,0,20,0,0,20,1.14
1227,40,0,0,1,9.216000325977802,2,2,0,0,20,0,0,20,0.92
1227,40,0,1,1,41.98399931192398,2,2,0,0,20,0,0,20,0.92
1227,40,0,2,1,9.216000325977802,2,2,0,0,20,0,0,20,0.92
1227,40,0,3,1,4.095999989658594,2,2,0,0,20,0,0,20,0.92
1228,2,0,0,0,15.359999611973763,2,2,0,0,20,0,0,20,1.22
1228,2,0,1,0,53.247999399900436,2,2,0,0,20,0,0,20,1.22
1228,2,0,2,0,8.191999979317188,2,2,0,0,20,0,0,20,1.22
1228,2,0,3,0,6.144000217318535,2,2,0,0,20,0,0,20,1.22
1228,24,0,0,0,9.216000325977802,2,2,0,0,20,0,0,20,1.2
1228,24,0,1,0,46.08000069856644,2,2,0,0,20,0,0,20,1.2
1228,24,0,2,0,8.191999979317188,2,2,0,0,20,0,0,20,1.2
1228,24,0,3,0,4.095999989658594,2,2,0,0,20,0,0,20,1.2
1228,40,0,0,1,9.216000325977802,2,2,0,0,20,0,0,20,3.149
1228,40,0,1,1,41.98399931192398,2,2,0,0,20,0,0,20,3.149
1228,40,0,2,1,9.216000325977802,2,2,0,0,20,0,0,20,3.149
1228,40,0,3,1,4.095999989658594,2,2,0,0,20,0,0,20,3.149
1229,2,0,0,0,9.216000325977802,4,4,0,5,34,1,0,40,182.309
1229,2,0,1,0,66.56000018119812,4,4,0,5,34,1,0,40,182.309
1229,2,0,2,0,162.81600296497345,4,4,0,5,34,1,0,40,182.309
1229,2,0,3,0,6.144000217318535,4,4,0,5,34,1,0,40,182.309
1229,24,0,0,0,8.191999979317188,4,4,0,1,39,0,0,40,73.5
1229,24,0,1,0,66.56000018119812,4,4,0,1,39,0,0,40,73.5
1229,24,0,2,0,9.216000325977802,4,4,0,1,39,0,0,40,73.5
1229,24,0,3,0,4.095999989658594,4,4,0,1,39,0,0,40,73.5
1229,40,0,0,1,9.216000325977802,4,4,0,2,38,0,0,40,219.619
1229,40,0,1,1,63.48799914121628,4,4,0,2,38,0,0,40,219.619
1229,40,0,2,1,9.216000325977802,4,4,0,2,38,0,0,40,219.619
1229,40,0,3,1,134.14399325847626,4,4,0,2,38,0,0,40,219.619
1230,2,0,0,0,10.239999741315842,1,1,0,1,9,0,0,10,74.59
1230,2,0,1,0,29.69600073993206,1,1,0,1,9,0,0,10,74.59
1230,2,0,2,0,9.216000325977802,1,1,0,1,9,0,0,10,74.59
1230,2,0,3,0,23.552000522613525,1,1,0,1,9,0,0,10,74.59
1230,24,0,0,0,8.191999979317188,1,1,0,0,10,0,0,10,0.76
1230,24,0,1,0,32.76799991726875,1,1,0,0,10,0,0,10,0.76
1230,24,0,2,0,9.216000325977802,1,1,0,0,10,0,0,10,0.76
1230,24,0,3,0,4.095999989658594,1,1,0,0,10,0,0,10,0.76
1230,40,0,0,1,9.216000325977802,1,1,0,0,10,0,0,10,0.57
1230,40,0,1,1,36.86400130391121,1,1,0,0,10,0,0,10,0.57
1230,40,0,2,1,9.216000325977802,1,1,0,0,10,0,0,10,0.57
1230,40,0,3,1,4.095999989658594,1,1,0,0,10,0,0,10,0.57
1231,2,0,0,0,8.191999979317188,1,1,0,0,10,0,0,10,0.64
1231,2,0,1,0,31.74399957060814,1,1,0,0,10,0,0,10,0.64
1231,2,0,2,0,8.191999979317188,1,1,0,0,10,0,0,10,0.64
1231,2,0,3,0,5.119999870657921,1,1,0,0,10,0,0,10,0.64
1231,24,0,0,0,9.216000325977802,1,1,0,0,10,0,0,10,0.63
1231,24,0,1,0,31.74399957060814,1,1,0,0,10,0,0,10,0.63
1231,24,0,2,0,9.216000325977802,1,1,0,0,10,0,0,10,0.63
1231,24,0,3,0,5.119999870657921,1,1,0,0,10,0,0,10,0.63
1231,40,0,0,1,8.191999979317188,1,1,0,0,10,0,0,10,0.86
1231,40,0,1,1,34.81600061058998,1,1,0,0,10,0,0,10,0.86
1231,40,0,2,1,9.216000325977802,1,1,0,0,10,0,0,10,0.86
1231,40,0,3,1,4.095999989658594,1,1,0,0,10,0,0,10,0.86
1232,2,0,0,0,9.216000325977802,3,3,0,1,29,0,0,30,157.099
1232,2,0,1,0,62.463998794555664,3,3,0,1,29,0,0,30,157.099
1232,2,0,2,0,8.191999979317188,3,3,0,1,29,0,0,30,157.099
1232,2,0,3,0,74.75200295448303,3,3,0,1,29,0,0,30,157.099
1232,24,0,0,0,15.359999611973763,3,3,0,0,30,0,0,30,1.8
1232,24,0,1,0,49.15200173854828,3,3,0,0,30,0,0,30,1.8
1232,24,0,2,0,8.191999979317188,3,3,0,0,30,0,0,30,1.8
1232,24,0,3,0,4.095999989658594,3,3,0,0,30,0,0,30,1.8
1232,40,0,0,1,9.216000325977802,3,3,0,0,30,0,0,30,1.99
1232,40,0,1,1,58.36800113320351,3,3,0,0,30,0,0,30,1.99
1232,40,0,2,1,9.216000325977802,3,3,0,0,30,0,0,30,1.99
1232,40,0,3,1,4.095999989658594,3,3,0,0,30,0,0,30,1.99
1233,2,0,0,0,9.216000325977802,3,3,0,1,29,0,0,30,69.85
1233,2,0,1,0,59.39200147986412,3,3,0,1,29,0,0,30,69.85
1233,2,0,2,0,8.191999979317188,3,3,0,1,29,0,0,30,69.85
1233,2,0,3,0,5.119999870657921,3,3,0,1,29,0,0,30,69.85
1233,24,0,0,0,8.191999979317188,3,3,0,2,28,0,0,30,4026.985
1233,24,0,1,0,56.32000043988228,3,3,0,2,28,0,0,30,4026.985
1233,24,0,2,0,9.216000325977802,3,3,0,2,28,0,0,30,4026.985
1233,24,0,3,0,3950.592041015625,3,3,0,2,28,0,0,30,4026.985
1233,40,0,0,1,9.216000325977802,3,3,0,0,30,0,0,30,1.53
1233,40,0,1,1,48.128001391887665,3,3,0,0,30,0,0,30,1.53
1233,40,0,2,1,9.216000325977802,3,3,0,0,30,0,0,30,1.53
1233,40,0,3,1,4.095999989658594,3,3,0,0,30,0,0,30,1.53
1234,2,0,0,0,8.191999979317188,1,1,0,0,10,0,0,10,0.871
1234,2,0,1,0,31.74399957060814,1,1,0,0,10,0,0,10,0.871
1234,2,0,2,0,9.216000325977802,1,1,0,0,10,0,0,10,0.871
1234,2,0,3,0,4.095999989658594,1,1,0,0,10,0,0,10,0.871
1234,24,0,0,0,9.216000325977802,1,1,0,1,9,0,0,10,39.21
1234,24,0,1,0,29.69600073993206,1,1,0,1,9,0,0,10,39.21
1234,24,0,2,0,9.216000325977802,1,1,0,1,9,0,0,10,39.21
1234,24,0,3,0,4.095999989658594,1,1,0,1,9,0,0,10,39.21
1234,40,0,0,1,8.191999979317188,1,1,0,0,10,0,0,10,0.93
1234,40,0,1,1,34.81600061058998,1,1,0,0,10,0,0,10,0.93
1234,40,0,2,1,9.216000325977802,1,1,0,0,10,0,0,10,0.93
1234,40,0,3,1,5.119999870657921,1,1,0,0,10,0,0,10,0.93
1235,2,0,0,0,8.191999979317188,2,2,0,1,19,0,0,20,74.809
1235,2,0,1,0,49.15200173854828,2,2,0,1,19,0,0,20,74.809
1235,2,0,2,0,9.216000325977802,2,2,0,1,19,0,0,20,74.809
1235,2,0,3,0,5.119999870657921,2,2,0,1,19,0,0,20,74.809
1235,24,0,0,0,9.216000325977802,2,2,0,1,19,0,0,20,44.66
1235,24,0,1,0,43.007999658584595,2,2,0,1,19,0,0,20,44.66
1235,24,0,2,0,8.191999979317188,2,2,0,1,19,0,0,20,44.66
1235,24,0,3,0,4.095999989658594,2,2,0,1,19,0,0,20,44.66
1235,40,0,0,1,9.216000325977802,2,2,0,0,20,0,0,20,1.23
1235,40,0,1,1,44.03200000524521,2,2,0,0,20,0,0,20,1.23
1235,40,0,2,1,9.216000325977802,2,2,0,0,20,0,0,20,1.23
1235,40,0,3,1,4.095999989658594,2,2,0,0,20,0,0,20,1.23
1236,2,0,0,0,9.216000325977802,4,4,0,0,40,0,0,40,3.0
1236,2,0,1,0,92.16000139713287,4,4,0,0,40,0,0,40,3.0
1236,2,0,2,0,9.216000325977802,4,4,0,0,40,0,0,40,3.0
1236,2,0,3,0,4.095999989658594,4,4,0,0,40,0,0,40,3.0
1236,24,0,0,0,8.191999979317188,4,4,0,1,39,0,0,40,120.419
1236,24,0,1,0,75.77600330114365,4,4,0,1,39,0,0,40,120.419
1236,24,0,2,0,9.216000325977802,4,4,0,1,39,0,0,40,120.419
1236,24,0,3,0,23.552000522613525,4,4,0,1,39,0,0,40,120.419
1236,40,0,0,1,16.383999958634377,4,4,0,1,39,0,0,40,73.41
1236,40,0,1,1,73.72800260782242,4,4,0,1,39,0,0,40,73.41
1236,40,0,2,1,9.216000325977802,4,4,0,1,39,0,0,40,73.41
1236,40,0,3,1,4.095999989658594,4,4,0,1,39,0,0,40,73.41
1237,2,0,0,0,9.216000325977802,2,2,0,0,20,0,0,20,3.42
1237,2,0,1,0,45.05600035190582,2,2,0,0,20,0,0,20,3.42
1237,2,0,2,0,9.216000325977802,2,2,0,0,20,0,0,20,3.42
1237,2,0,3,0,5.119999870657921,2,2,0,0,20,0,0,20,3.42
1237,24,0,0,0,8.191999979317188,2,2,0,0,20,0,0,20,1.149
1237,24,0,1,0,40.95999896526337,2,2,0,0,20,0,0,20,1.149
1237,24,0,2,0,8.191999979317188,2,2,0,0,20,0,0,20,1.149
1237,24,0,3,0,4.095999989658594,2,2,0,0,20,0,0,20,1.149
1237,40,0,0,1,9.216000325977802,2,2,0,0,20,0,0,20,1.32
1237,40,0,1,1,50.175998359918594,2,2,0,0,20,0,0,20,1.32
1237,40,0,2,1,9.216000325977802,2,2,0,0,20,0,0,20,1.32
1237,40,0,3,1,4.095999989658594,2,2,0,0,20,0,0,20,1.32
1238,2,0,0,0,8.191999979317188,4,4,0,1,39,0,0,40,68.64
1238,2,0,1,0,84.99199897050858,4,4,0,1,39,0,0,40,68.64
1238,2,0,2,0,9.216000325977802,4,4,0,1,39,0,0,40,68.64
1238,2,0,3,0,7.168000098317862,4,4,0,1,39,0,0,40,68.64
1238,24,0,0,0,8.191999979317188,4,4,0,1,39,0,0,40,121.04
1238,24,0,1,0,68.60800087451935,4,4,0,1,39,0,0,40,121.04
1238,24,0,2,0,9.216000325977802,4,4,0,1,39,0,0,40,121.04
1238,24,0,3,0,34.81600061058998,4,4,0,1,39,0,0,40,121.04
1238,40,0,0,1,581.6320180892944,4,4,0,1,39,0,0,40,79.789
1238,40,0,1,1,58.36800113320351,4,4,0,1,39,0,0,40,79.789
1238,40,0,2,1,10.239999741315842,4,4,0,1,39,0,0,40,79.789
1238,40,0,3,1,4.095999989658594,4,4,0,1,39,0,0,40,79.789
1239,2,0,0,0,9.216000325977802,3,3,0,0,30,0,0,30,4.391
1239,2,0,1,0,65.5359998345375,3,3,0,0,30,0,0,30,4.391
1239,2,0,2,0,9.216000325977802,3,3,0,0,30,0,0,30,4.391
1239,2,0,3,0,6.144000217318535,3,3,0,0,30,0,0,30,4.391
1239,24,0,0,0,9.216000325977802,3,3,0,0,30,0,0,30,2.66
1239,24,0,1,0,65.5359998345375,3,3,0,0,30,0,0,30,2.66
1239,24,0,2,0,9.216000325977802,3,3,0,0,30,0,0,30,2.66
1239,24,0,3,0,4.095999989658594,3,3,0,0,30,0,0,30,2.66
1239,40,0,0,1,9.216000325977802,3,3,0,1,29,0,0,30,76.72
1239,40,0,1,1,68.60800087451935,3,3,0,1,29,0,0,30,76.72
1239,40,0,2,1,9.216000325977802,3,3,0,1,29,0,0,30,76.72
1239,40,0,3,1,4.095999989658594,3,3,0,1,29,0,0,30,76.72
1240,2,0,0,0,15.359999611973763,2,2,0,2,18,0,0,20,173.749
1240,2,0,1,0,38.91199827194214,2,2,0,2,18,0,0,20,173.749
1240,2,0,2,0,9.216000325977802,2,2,0,2,18,0,0,20,173.749
1240,2,0,3,0,107.51999914646149,2,2,0,2,18,0,0,20,173.749
1240,24,0,0,0,15.359999611973763,2,2,0,1,19,0,0,20,63.58
1240,24,0,1,0,44.03200000524521,2,2,0,1,19,0,0,20,63.58
1240,24,0,2,0,9.216000325977802,2,2,0,1,19,0,0,20,63.58
1240,24,0,3,0,4.095999989658594,2,2,0,1,19,0,0,20,63.58
1240,40,0,0,1,8.191999979317188,2,2,0,1,19,0,0,20,91.16
1240,40,0,1,1,55.296000093221664,2,2,0,1,19,0,0,20,91.16
1240,40,0,2,1,11.264000087976456,2,2,0,1,19,0,0,20,91.16
1240,40,0,3,1,13.311999849975109,2,2,0,1,19,0,0,20,91.16
1241,2,0,0,0,14.336000196635723,4,4,0,0,40,0,0,40,2.94
1241,2,0,1,0,74.75200295448303,4,4,0,0,40,0,0,40,2.94
1241,2,0,2,0,9.216000325977802,4,4,0,0,40,0,0,40,2.94
1241,2,0,3,0,5.119999870657921,4,4,0,0,40,0,0,40,2.94
1241,24,0,0,0,8.191999979317188,4,4,0,0,40,0,0,40,2.311
1241,24,0,1,0,76.80000364780426,4,4,0,0,40,0,0,40,2.311
1241,24,0,2,0,8.191999979317188,4,4,0,0,40,0,0,40,2.311
1241,24,0,3,0,3.0720001086592674,4,4,0,0,40,0,0,40,2.311
1241,40,0,0,1,9.216000325977802,4,4,0,0,40,0,0,40,4.051
1241,40,0,1,1,63.48799914121628,4,4,0,0,40,0,0,40,4.051
1241,40,0,2,1,9.216000325977802,4,4,0,0,40,0,0,40,4.051
1241,40,0,3,1,4.095999989658594,4,4,0,0,40,0,0,40,4.051
1242,2,0,0,0,8.191999979317188,4,4,0,1,39,0,0,40,90.88
1242,2,0,1,0,73.72800260782242,4,4,0,1,39,0,0,40,90.88
1242,2,0,2,0,9.216000325977802,4,4,0,1,39,0,0,40,90.88
1242,2,0,3,0,5.119999870657921,4,4,0,1,39,0,0,40,90.88
1242,24,0,0,0,8.191999979317188,4,4,0,1,39,0,0,40,64.619
1242,24,0,1,0,67.58400052785873,4,4,0,1,39,0,0,40,64.619
1242,24,0,2,0,9.216000325977802,4,4,0,1,39,0,0,40,64.619
1242,24,0,3,0,3.0720001086592674,4,4,0,1,39,0,0,40,64.619
1242,40,0,0,1,10.239999741315842,4,4,0,0,40,0,0,40,2.02
1242,40,0,1,1,56.32000043988228,4,4,0,0,40,0,0,40,2.02
1242,40,0,2,1,9.216000325977802,4,4,0,0,40,0,0,40,2.02
1242,40,0,3,1,4.095999989658594,4,4,0,0,40,0,0,40,2.02
1243,2,0,0,0,15.359999611973763,4,4,0,0,40,0,0,40,4.94
1243,2,0,1,0,75.77600330114365,4,4,0,0,40,0,0,40,4.94
1243,2,0,2,0,9.216000325977802,4,4,0,0,40,0,0,40,4.94
1243,2,0,3,0,5.119999870657921,4,4,0,0,40,0,0,40,4.94
1243,24,0,0,0,8.191999979317188,4,4,0,0,40,0,0,40,2.53
1243,24,0,1,0,81.91999793052673,4,4,0,0,40,0,0,40,2.53
1243,24,0,2,0,9.216000325977802,4,4,0,0,40,0,0,40,2.53
1243,24,0,3,0,4.095999989658594,4,4,0,0,40,0,0,40,2.53
1243,40,0,0,1,9.216000325977802,4,4,0,1,39,0,0,40,86.289
1243,40,0,1,1,95.23200243711472,4,4,0,1,39,0,0,40,86.289
1243,40,0,2,1,9.216000325977802,4,4,0,1,39,0,0,40,86.289
1243,40,0,3,1,4.095999989658594,4,4,0,1,39,0,0,40,86.289
1244,2,0,0,0,14.336000196635723,4,4,0,0,40,0,0,40,4.549
1244,2,0,1,0,79.8719972372055,4,4,0,0,40,0,0,40,4.549
1244,2,0,2,0,8.191999979317188,4,4,0,0,40,0,0,40,4.549
1244,2,0,3,0,5.119999870657921,4,4,0,0,40,0,0,40,4.549
1244,24,0,0,0,8.191999979317188,4,4,0,0,40,0,0,40,5.13
1244,24,0,1,0,72.7040022611618,4,4,0,0,40,0,0,40,5.13
1244,24,0,2,0,9.216000325977802,4,4,0,0,40,0,0,40,5.13
1244,24,0,3,0,4.095999989658594,4,4,0,0,40,0,0,40,5.13
1244,40,0,0,1,9.216000325977802,4,4,0,0,40,0,0,40,2.11
1244,40,0,1,1,94.2080020904541,4,4,0,0,40,0,0,40,2.11
1244,40,0,2,1,9.216000325977802,4,4,0,0,40,0,0,40,2.11
1244,40,0,3,1,4.095999989658594,4,4,0,0,40,0,0,40,2.11
1245,2,0,0,0,14.336000196635723,4,4,0,0,40,0,0,40,2.8
1245,2,0,1,0,86.01599931716919,4,4,0,0,40,0,0,40,2.8
1245,2,0,2,0,9.216000325977802,4,4,0,0,40,0,0,40,2.8
1245,2,0,3,0,5.119999870657921,4,4,0,0,40,0,0,40,2.8
1245,24,0,0,0,8.191999979317188,4,4,0,0,40,0,0,40,1.91
1245,24,0,1,0,63.48799914121628,4,4,0,0,40,0,0,40,1.91
1245,24,0,2,0,9.216000325977802,4,4,0,0,40,0,0,40,1.91
1245,24,0,3,0,4.095999989658594,4,4,0,0,40,0,0,40,1.91
1245,40,0,0,1,797.6959943771362,4,4,0,0,40,0,0,40,2.631
1245,40,0,1,1,56.32000043988228,4,4,0,0,40,0,0,40,2.631
1245,40,0,2,1,9.216000325977802,4,4,0,0,40,0,0,40,2.631
1245,40,0,3,1,4.095999989658594,4,4,0,0,40,0,0,40,2.631
1246,2,0,0,0,14.336000196635723,4,4,0,0,40,0,0,40,4.6
1246,2,0,1,0,81.91999793052673,4,4,0,0,40,0,0,40,4.6
1246,2,0,2,0,9.216000325977802,4,4,0,0,40,0,0,40,4.6
1246,2,0,3,0,8.191999979317188,4,4,0,0,40,0,0,40,4.6
1246,24,0,0,0,8.191999979317188,4,4,0,2,38,0,0,40,75.32
1246,24,0,1,0,64.51199948787689,4,4,0,2,38,0,0,40,75.32
1246,24,0,2,0,9.216000325977802,4,4,0,2,38,0,0,40,75.32
1246,24,0,3,0,4.095999989658594,4,4,0,2,38,0,0,40,75.32
1246,40,0,0,1,9.216000325977802,4,4,0,0,40,0,0,40,3.81
1246,40,0,1,1,63.48799914121628,4,4,0,0,40,0,0,40,3.81
1246,40,0,2,1,10.239999741315842,4,4,0,0,40,0,0,40,3.81
1246,40,0,3,1,4.095999989658594,4,4,0,0,40,0,0,40,3.81
1247,2,0,0,0,14.336000196635723,4,4,0,0,40,0,0,40,2.45
1247,2,0,1,0,69.63200122117996,4,4,0,0,40,0,0,40,2.45
1247,2,0,2,0,8.191999979317188,4,4,0,0,40,0,0,40,2.45
1247,2,0,3,0,5.119999870657921,4,4,0,0,40,0,0,40,2.45
1247,24,0,0,0,7.168000098317862,4,4,0,1,39,0,0,40,52.679
1247,24,0,1,0,59.39200147986412,4,4,0,1,39,0,0,40,52.679
1247,24,0,2,0,9.216000325977802,4,4,0,1,39,0,0,40,52.679
1247,24,0,3,0,5.119999870657921,4,4,0,1,39,0,0,40,52.679
1247,40,0,0,1,9.216000325977802,4,4,0,1,39,0,0,40,79.729
1247,40,0,1,1,71.68000191450119,4,4,0,1,39,0,0,40,79.729
1247,40,0,2,1,9.216000325977802,4,4,0,1,39,0,0,40,79.729
1247,40,0,3,1,5.119999870657921,4,4,0,1,39,0,0,40,79.729
1248,2,0,0,0,13.311999849975109,4,4,0,0,40,0,0,40,4.97
1248,2,0,1,0,75.77600330114365,4,4,0,0,40,0,0,40,4.97
1248,2,0,2,0,9.216000325977802,4,4,0,0,40,0,0,40,4.97
1248,2,0,3,0,5.119999870657921,4,4,0,0,40,0,0,40,4.97
1248,24,0,0,0,8.191999979317188,4,4,0,0,40,0,0,40,2.75
1248,24,0,1,0,75.77600330114365,4,4,0,0,40,0,0,40,2.75
1248,24,0,2,0,9.216000325977802,4,4,0,0,40,0,0,40,2.75
1248,24,0,3,0,4.095999989658594,4,4,0,0,40,0,0,40,2.75
1248,40,0,0,1,9.216000325977802,4,4,0,0,40,0,0,40,1.8
1248,40,0,1,1,56.32000043988228,4,4,0,0,40,0,0,40,1.8
1248,40,0,2,1,9.216000325977802,4,4,0,0,40,0,0,40,1.8
1248,40,0,3,1,4.095999989658594,4,4,0,0,40,0,0,40,1.8
1249,2,0,0,0,8.191999979317188,4,4,0,1,39,0,0,40,94.079
1249,2,0,1,0,74.75200295448303,4,4,0,1,39,0,0,40,94.079
1249,2,0,2,0,9.216000325977802,4,4,0,1,39,0,0,40,94.079
1249,2,0,3,0,5.119999870657921,4,4,0,1,39,0,0,40,94.079
1249,24,0,0,0,8.191999979317188,4,4,0,0,40,0,0,40,2.309
1249,24,0,1,0,65.5359998345375,4,4,0,0,40,0,0,40,2.309
1249,24,0,2,0,9.216000325977802,4,4,0,0,40,0,0,40,2.309
1249,24,0,3,0,4.095999989658594,4,4,0,0,40,0,0,40,2.309
1249,40,0,0,1,15.359999611973763,4,4,0,3,37,0,0,40,91.74
1249,40,0,1,1,58.36800113320351,4,4,0,3,37,0,0,40,91.74
1249,40,0,2,1,10.239999741315842,4,4,0,3,37,0,0,40,91.74
1249,40,0,3,1,4.095999989658594,4,4,0,3,37,0,0,40,91.74
1250,2,0,0,0,15.359999611973763,4,4,0,0,40,0,0,40,5.26
1250,2,0,1,0,78.84799689054489,4,4,0,0,40,0,0,40,5.26
1250,2,0,2,0,8.191999979317188,4,4,0,0,40,0,0,40,5.26
1250,2,0,3,0,7.168000098317862,4,4,0,0,40,0,0,40,5.26
1250,24,0,0,0,8.191999979317188,4,4,0,1,39,0,0,40,84.519
1250,24,0,1,0,69.63200122117996,4,4,0,1,39,0,0,40,84.519
1250,24,0,2,0,8.191999979317188,4,4,0,1,39,0,0,40,84.519
1250,24,0,3,0,4.095999989658594,4,4,0,1,39,0,0,40,84.519
1250,40,0,0,1,15.359999611973763,4,4,0,1,39,0,0,40,62.09
1250,40,0,1,1,57.34400078654289,4,4,0,1,39,0,0,40,62.09
1250,40,0,2,1,9.216000325977802,4,4,0,1,39,0,0,40,62.09
1250,40,0,3,1,4.095999989658594,4,4,0,1,39,0,0,40,62.09
1251,2,0,0,0,9.216000325977802,2,2,0,0,20,0,0,20,1.39
1251,2,0,1,0,53.247999399900436,2,2,0,0,20,0,0,20,1.39
1251,2,0,2,0,9.216000325977802,2,2,0,0,20,0,0,20,1.39
1251,2,0,3,0,5.119999870657921,2,2,0,0,20,0,0,20,1.39
1251,24,0,0,0,9.216000325977802,2,2,0,0,20,0,0,20,1.36
1251,24,0,1,0,47.10400104522705,2,2,0,0,20,0,0,20,1.36
1251,24,0,2,0,9.216000325977802,2,2,0,0,20,0,0,20,1.36
1251,24,0,3,0,4.095999989658594,2,2,0,0,20,0,0,20,1.36
1251,40,0,0,1,10.239999741315842,2,2,0,0,20,0,0,20,1.28
1251,40,0,1,1,41.98399931192398,2,2,0,0,20,0,0,20,1.28
1251,40,0,2,1,9.216000325977802,2,2,0,0,20,0,0,20,1.28
1251,40,0,3,1,4.095999989658594,2,2,0,0,20,0,0,20,1.28
1252,2,0,0,0,9.216000325977802,4,4,0,1,39,0,0,40,77.549
1252,2,0,1,0,59.39200147986412,4,4,0,1,39,0,0,40,77.549
1252,2,0,2,0,8.191999979317188,4,4,0,1,39,0,0,40,77.549
1252,2,0,3,0,5.119999870657921,4,4,0,1,39,0,0,40,77.549
1252,24,0,0,0,8.191999979317188,4,4,0,7,33,0,0,40,146.19
1252,24,0,1,0,52.22399905323982,4,4,0,7,33,0,0,40,146.19
1252,24,0,2,0,9.216000325977802,4,4,0,7,33,0,0,40,146.19
1252,24,0,3,0,74.75200295448303,4,4,0,7,33,0,0,40,146.19
1252,40,0,0,1,8.191999979317188,4,4,0,2,38,0,0,40,80.63
1252,40,0,1,1,50.175998359918594,4,4,0,2,38,0,0,40,80.63
1252,40,0,2,1,9.216000325977802,4,4,0,2,38,0,0,40,80.63
1252,40,0,3,1,8.191999979317188,4,4,0,2,38,0,0,40,80.63
1253,2,0,0,0,8.191999979317188,2,2,0,1,19,0,0,20,60.37
1253,2,0,1,0,52.22399905323982,2,2,0,1,19,0,0,20,60.37
1253,2,0,2,0,8.191999979317188,2,2,0,1,19,0,0,20,60.37
1253,2,0,3,0,5.119999870657921,2,2,0,1,19,0,0,20,60.37
1253,24,0,0,0,9.216000325977802,2,2,0,2,18,0,0,20,89.97
1253,24,0,1,0,47.10400104522705,2,2,0,2,18,0,0,20,89.97
1253,24,0,2,0,10.239999741315842,2,2,0,2,18,0,0,20,89.97
1253,24,0,3,0,22.52800017595291,2,2,0,2,18,0,0,20,89.97
1253,40,0,0,1,9.216000325977802,2,2,0,0,20,0,0,20,1.12
1253,40,0,1,1,51.19999870657921,2,2,0,0,20,0,0,20,1.12
1253,40,0,2,1,9.216000325977802,2,2,0,0,20,0,0,20,1.12
1253,40,0,3,1,4.095999989658594,2,2,0,0,20,0,0,20,1.12
1254,2,0,0,0,9.216000325977802,2,2,0,1,19,0,0,20,66.08
1254,2,0,1,0,51.19999870657921,2,2,0,1,19,0,0,20,66.08
1254,2,0,2,0,9.216000325977802,2,2,0,1,19,0,0,20,66.08
1254,2,0,3,0,5.119999870657921,2,2,0,1,19,0,0,20,66.08
1254,24,0,0,0,9.216000325977802,2,2,0,0,20,0,0,20,0.94
1254,24,0,1,0,48.128001391887665,2,2,0,0,20,0,0,20,0.94
1254,24,0,2,0,9.216000325977802,2,2,0,0,20,0,0,20,0.94
1254,24,0,3,0,4.095999989658594,2,2,0,0,20,0,0,20,0.94
1254,40,0,0,1,9.216000325977802,2,2,0,0,20,0,0,20,1.05
1254,40,0,1,1,46.08000069856644,2,2,0,0,20,0,0,20,1.05
1254,40,0,2,1,9.216000325977802,2,2,0,0,20,0,0,20,1.05
1254,40,0,3,1,4.095999989658594,2,2,0,0,20,0,0,20,1.05
1255,2,0,0,0,15.359999611973763,4,4,0,0,40,0,0,40,4.511
1255,2,0,1,0,77.82399654388428,4,4,0,0,40,0,0,40,4.511
1255,2,0,2,0,9.216000325977802,4,4,0,0,40,0,0,40,4.511
1255,2,0,3,0,5.119999870657921,4,4,0,0,40,0,0,40,4.511
1255,24,0,0,0,9.216000325977802,4,4,0,0,40,0,0,40,2.191
1255,24,0,1,0,72.7040022611618,4,4,0,0,40,0,0,40,2.191
1255,24,0,2,0,8.191999979317188,4,4,0,0,40,0,0,40,2.191
1255,24,0,3,0,3.0720001086592674,4,4,0,0,40,0,0,40,2.191
1255,40,0,0,1,8.191999979317188,4,4,0,0,40,0,0,40,2.13
1255,40,0,1,1,66.56000018119812,4,4,0,0,40,0,0,40,2.13
1255,40,0,2,1,9.216000325977802,4,4,0,0,40,0,0,40,2.13
1255,40,0,3,1,4.095999989658594,4,4,0,0,40,0,0,40,2.13
1256,2,0,0,0,13.311999849975109,4,4,0,0,40,0,0,40,2.44
1256,2,0,1,0,83.96799862384796,4,4,0,0,40,0,0,40,2.44
1256,2,0,2,0,9.216000325977802,4,4,0,0,40,0,0,40,2.44
1256,2,0,3,0,8.191999979317188,4,4,0,0,40,0,0,40,2.44
1256,24,0,0,0,9.216000325977802,4,4,0,0,40,0,0,40,1.949
1256,24,0,1,0,67.58400052785873,4,4,0,0,40,0,0,40,1.949
1256,24,0,2,0,9.216000325977802,4,4,0,0,40,0,0,40,1.949
1256,24,0,3,0,4.095999989658594,4,4,0,0,40,0,0,40,1.949
1256,40,0,0,1,9.216000325977802,4,4,0,0,40,0,0,40,4.371
1256,40,0,1,1,68.60800087451935,4,4,0,0,40,0,0,40,4.371
1256,40,0,2,1,9.216000325977802,4,4,0,0,40,0,0,40,4.371
1256,40,0,3,1,4.095999989658594,4,4,0,0,40,0,0,40,4.371
1257,2,0,0,0,8.191999979317188,4,4,0,3,37,0,0,40,109.429
1257,2,0,1,0,81.91999793052673,4,4,0,3,37,0,0,40,109.429
1257,2,0,2,0,9.216000325977802,4,4,0,3,37,0,0,40,109.429
1257,2,0,3,0,5.119999870657921,4,4,0,3,37,0,0,40,109.429
1257,24,0,0,0,9.216000325977802,4,4,0,0,40,0,0,40,2.29
1257,24,0,1,0,67.58400052785873,4,4,0,0,40,0,0,40,2.29
1257,24,0,2,0,9.216000325977802,4,4,0,0,40,0,0,40,2.29
1257,24,0,3,0,4.095999989658594,4,4,0,0,40,0,0,40,2.29
1257,40,0,0,1,9.216000325977802,4,4,0,0,40,0,0,40,1.92
1257,40,0,1,1,63.48799914121628,4,4,0,0,40,0,0,40,1.92
1257,40,0,2,1,9.216000325977802,4,4,0,0,40,0,0,40,1.92
1257,40,0,3,1,4.095999989658594,4,4,0,0,40,0,0,40,1.92
1258,2,0,0,0,8.191999979317188,1,1,0,1,9,0,0,10,82.739
1258,2,0,1,0,29.69600073993206,1,1,0,1,9,0,0,10,82.739
1258,2,0,2,0,8.191999979317188,1,1,0,1,9,0,0,10,82.739
1258,2,0,3,0,30.719999223947525,1,1,0,1,9,0,0,10,82.739
1258,24,0,0,0,9.216000325977802,1,1,0,0,10,0,0,10,0.48
1258,24,0,1,0,30.719999223947525,1,1,0,0,10,0,0,10,0.48
1258,24,0,2,0,8.191999979317188,1,1,0,0,10,0,0,10,0.48
1258,24,0,3,0,4.095999989658594,1,1,0,0,10,0,0,10,0.48
1258,40,0,0,1,9.216000325977802,1,1,0,0,10,0,0,10,0.531
1258,40,0,1,1,34.81600061058998,1,1,0,0,10,0,0,10,0.531
1258,40,0,2,1,9.216000325977802,1,1,0,0,10,0,0,10,0.531
1258,40,0,3,1,4.095999989658594,1,1,0,0,10,0,0,10,0.531
1259,2,0,0,0,8.191999979317188,2,2,0,0,20,0,0,20,1.11
1259,2,0,1,0,47.10400104522705,2,2,0,0,20,0,0,20,1.11
1259,2,0,2,0,9.216000325977802,2,2,0,0,20,0,0,20,1.11
1259,2,0,3,0,6.144000217318535,2,2,0,0,20,0,0,20,1.11
1259,24,0,0,0,9.216000325977802,2,2,0,0,20,0,0,20,0.909
1259,24,0,1,0,41.98399931192398,2,2,0,0,20,0,0,20,0.909
1259,24,0,2,0,8.191999979317188,2,2,0,0,20,0,0,20,0.909
1259,24,0,3,0,4.095999989658594,2,2,0,0,20,0,0,20,0.909
1259,40,0,0,1,9.216000325977802,2,2,0,0,20,0,0,20,1.08
1259,40,0,1,1,53.247999399900436,2,2,0,0,20,0,0,20,1.08
1259,40,0,2,1,9.216000325977802,2,2,0,0,20,0,0,20,1.08
1259,40,0,3,1,4.095999989658594,2,2,0,0,20,0,0,20,1.08
1260,2,0,0,0,9.216000325977802,4,4,0,1,39,0,0,40,64.009
1260,2,0,1,0,81.91999793052673,4,4,0,1,39,0,0,40,64.009
1260,2,0,2,0,9.216000325977802,4,4,0,1,39,0,0,40,64.009
1260,2,0,3,0,7.168000098317862,4,4,0,1,39,0,0,40,64.009
1260,24,0,0,0,8.191999979317188,4,4,0,0,40,0,0,40,2.03
1260,24,0,1,0,51.19999870657921,4,4,0,0,40,0,0,40,2.03
1260,24,0,2,0,9.216000325977802,4,4,0,0,40,0,0,40,2.03
1260,24,0,3,0,3.0720001086592674,4,4,0,0,40,0,0,40,2.03
1260,40,0,0,1,8.191999979317188,4,4,0,1,39,0,0,40,70.53
1260,40,0,1,1,60.416001826524734,4,4,0,1,39,0,0,40,70.53
1260,40,0,2,1,9.216000325977802,4,4,0,1,39,0,0,40,70.53
1260,40,0,3,1,4.095999989658594,4,4,0,1,39,0,0,40,70.53
1261,2,0,0,0,8.191999979317188,3,3,0,1,29,0,0,30,68.47
1261,2,0,1,0,69.63200122117996,3,3,0,1,29,0,0,30,68.47
1261,2,0,2,0,9.216000325977802,3,3,0,1,29,0,0,30,68.47
1261,2,0,3,0,5.119999870657921,3,3,0,1,29,0,0,30,68.47
1261,24,0,0,0,9.216000325977802,3,3,0,0,30,0,0,30,1.93
1261,24,0,1,0,60.416001826524734,3,3,0,0,30,0,0,30,1.93
1261,24,0,2,0,9.216000325977802,3,3,0,0,30,0,0,30,1.93
1261,24,0,3,0,4.095999989658594,3,3,0,0,30,0,0,30,1.93
1261,40,0,0,1,9.216000325977802,3,3,0,0,30,0,0,30,1.43
1261,40,0,1,1,57.34400078654289,3,3,0,0,30,0,0,30,1.43
1261,40,0,2,1,9.216000325977802,3,3,0,0,30,0,0,30,1.43
1261,40,0,3,1,4.095999989658594,3,3,0,0,30,0,0,30,1.43
1262,2,0,0,0,15.359999611973763,2,2,0,0,20,0,0,20,1.171
1262,2,0,1,0,45.05600035190582,2,2,0,0,20,0,0,20,1.171
1262,2,0,2,0,8.191999979317188,2,2,0,0,20,0,0,20,1.171
1262,2,0,3,0,5.119999870657921,2,2,0,0,20,0,0,20,1.171
1262,24,0,0,0,9.216000325977802,2,2,0,2,18,0,0,20,99.051
1262,24,0,1,0,36.86400130391121,2,2,0,2,18,0,0,20,99.051
1262,24,0,2,0,9.216000325977802,2,2,0,2,18,0,0,20,99.051
1262,24,0,3,0,38.91199827194214,2,2,0,2,18,0,0,20,99.051
1262,40,0,0,1,12.28800043463707,2,2,0,0,20,0,0,20,0.91
1262,40,0,1,1,37.88800165057182,2,2,0,0,20,0,0,20,0.91
1262,40,0,2,1,9.216000325977802,2,2,0,0,20,0,0,20,0.91
1262,40,0,3,1,3.0720001086592674,2,2,0,0,20,0,0,20,0.91
1263,2,0,0,0,14.336000196635723,4,4,0,0,40,0,0,40,4.93
1263,2,0,1,0,81.91999793052673,4,4,0,0,40,0,0,40,4.93
1263,2,0,2,0,9.216000325977802,4,4,0,0,40,0,0,40,4.93
1263,2,0,3,0,5.119999870657921,4,4,0,0,40,0,0,40,4.93
1263,24,0,0,0,8.191999979317188,4,4,0,0,40,0,0,40,2.32
1263,24,0,1,0,74.75200295448303,4,4,0,0,40,0,0,40,2.32
1263,24,0,2,0,9.216000325977802,4,4,0,0,40,0,0,40,2.32
1263,24,0,3,0,4.095999989658594,4,4,0,0,40,0,0,40,2.32
1263,40,0,0,1,10.239999741315842,4,4,0,0,40,0,0,40,4.24
1263,40,0,1,1,91.13600105047226,4,4,0,0,40,0,0,40,4.24
1263,40,0,2,1,9.216000325977802,4,4,0,0,40,0,0,40,4.24
1263,40,0,3,1,4.095999989658594,4,4,0,0,40,0,0,40,4.24
1264,2,0,0,0,14.336000196635723,4,4,0,3,37,0,0,40,216.3
1264,2,0,1,0,69.63200122117996,4,4,0,3,37,0,0,40,216.3
1264,2,0,2,0,9.216000325977802,4,4,0,3,37,0,0,40,216.3
1264,2,0,3,0,120.83200365304947,4,4,0,3,37,0,0,40,216.3
1264,24,0,0,0,9.216000325977802,4,4,0,0,40,0,0,40,3.12
1264,24,0,1,0,74.75200295448303,4,4,0,0,40,0,0,40,3.12
1264,24,0,2,0,8.191999979317188,4,4,0,0,40,0,0,40,3.12
1264,24,0,3,0,3.0720001086592674,4,4,0,0,40,0,0,40,3.12
1264,40,0,0,1,9.216000325977802,4,4,0,3,37,0,0,40,179.668
1264,40,0,1,1,90.11200070381165,4,4,0,3,37,0,0,40,179.668
1264,40,0,2,1,9.216000325977802,4,4,0,3,37,0,0,40,179.668
1264,40,0,3,1,68.60800087451935,4,4,0,3,37,0,0,40,179.668
1265,2,0,0,0,9.216000325977802,4,4,0,4,35,1,0,40,188.148
1265,2,0,1,0,73.72800260782242,4,4,0,4,35,1,0,40,188.148
1265,2,0,2,0,168.96000504493713,4,4,0,4,35,1,0,40,188.148
1265,2,0,3,0,5.119999870657921,4,4,0,4,35,1,0,40,188.148
1265,24,0,0,0,8.191999979317188,4,4,0,0,40,0,0,40,2.43
1265,24,0,1,0,78.84799689054489,4,4,0,0,40,0,0,40,2.43
1265,24,0,2,0,8.191999979317188,4,4,0,0,40,0,0,40,2.43
1265,24,0,3,0,4.095999989658594,4,4,0,0,40,0,0,40,2.43
1265,40,0,0,1,9.216000325977802,4,4,0,1,39,0,0,40,76.849
1265,40,0,1,1,107.51999914646149,4,4,0,1,39,0,0,40,76.849
1265,40,0,2,1,8.191999979317188,4,4,0,1,39,0,0,40,76.849
1265,40,0,3,1,4.095999989658594,4,4,0,1,39,0,0,40,76.849
1266,2,0,0,0,9.216000325977802,4,4,0,1,39,0,0,40,68.449
1266,2,0,1,0,69.63200122117996,4,4,0,1,39,0,0,40,68.449
1266,2,0,2,0,9.216000325977802,4,4,0,1,39,0,0,40,68.449
1266,2,0,3,0,5.119999870657921,4,4,0,1,39,0,0,40,68.449
1266,24,0,0,0,8.191999979317188,4,4,0,0,40,0,0,40,4.49
1266,24,0,1,0,80.89599758386612,4,4,0,0,40,0,0,40,4.49
1266,24,0,2,0,9.216000325977802,4,4,0,0,40,0,0,40,4.49
1266,24,0,3,0,4.095999989658594,4,4,0,0,40,0,0,40,4.49
1266,40,0,0,1,9.216000325977802,4,4,0,0,40,0,0,40,5.15
1266,40,0,1,1,87.0399996638298,4,4,0,0,40,0,0,40,5.15
1266,40,0,2,1,9.216000325977802,4,4,0,0,40,0,0,40,5.15
1266,40,0,3,1,4.095999989658594,4,4,0,0,40,0,0,40,5.15
1267,2,0,0,0,9.216000325977802,4,4,0,1,39,0,0,40,89.979
1267,2,0,1,0,86.01599931716919,4,4,0,1,39,0,0,40,89.979
1267,2,0,2,0,9.216000325977802,4,4,0,1,39,0,0,40,89.979
1267,2,0,3,0,5.119999870657921,4,4,0,1,39,0,0,40,89.979
1267,24,0,0,0,8.191999979317188,4,4,0,0,40,0,0,40,2.609
1267,24,0,1,0,68.60800087451935,4,4,0,0,40,0,0,40,2.609
1267,24,0,2,0,9.216000325977802,4,4,0,0,40,0,0,40,2.609
1267,24,0,3,0,4.095999989658594,4,4,0,0,40,0,0,40,2.609
1267,40,0,0,1,9.216000325977802,4,4,0,0,40,0,0,40,3.011
1267,40,0,1,1,102.39999741315842,4,4,0,0,40,0,0,40,3.011
1267,40,0,2,1,9.216000325977802,4,4,0,0,40,0,0,40,3.011
1267,40,0,3,1,4.095999989658594,4,4,0,0,40,0,0,40,3.011
1268,2,0,0,0,8.191999979317188,4,4,0,2,38,0,0,40,149.069
1268,2,0,1,0,64.51199948787689,4,4,0,2,38,0,0,40,149.069
1268,2,0,2,0,9.216000325977802,4,4,0,2,38,0,0,40,149.069
1268,2,0,3,0,62.463998794555664,4,4,0,2,38,0,0,40,149.069
1268,24,0,0,0,9.216000325977802,4,4,0,0,40,0,0,40,4.791
1268,24,0,1,0,74.75200295448303,4,4,0,0,40,0,0,40,4.791
1268,24,0,2,0,9.216000325977802,4,4,0,0,40,0,0,40,4.791
1268,24,0,3,0,4.095999989658594,4,4,0,0,40,0,0,40,4.791
1268,40,0,0,1,9.216000325977802,4,4,0,1,39,0,0,40,85.54
1268,40,0,1,1,95.23200243711472,4,4,0,1,39,0,0,40,85.54
1268,40,0,2,1,9.216000325977802,4,4,0,1,39,0,0,40,85.54
1268,40,0,3,1,4.095999989658594,4,4,0,1,39,0,0,40,85.54
1269,2,0,0,0,9.216000325977802,4,4,0,4,36,0,0,40,112.91
1269,2,0,1,0,62.463998794555664,4,4,0,4,36,0,0,40,112.91
1269,2,0,2,0,9.216000325977802,4,4,0,4,36,0,0,40,112.91
1269,2,0,3,0,29.69600073993206,4,4,0,4,36,0,0,40,112.91
1269,24,0,0,0,8.191999979317188,4,4,0,0,40,0,0,40,2.2
1269,24,0,1,0,63.48799914121628,4,4,0,0,40,0,0,40,2.2
1269,24,0,2,0,8.191999979317188,4,4,0,0,40,0,0,40,2.2
1269,24,0,3,0,4.095999989658594,4,4,0,0,40,0,0,40,2.2
1269,40,0,0,1,9.216000325977802,4,4,0,1,39,0,0,40,104.399
1269,40,0,1,1,92.16000139713287,4,4,0,1,39,0,0,40,104.399
1269,40,0,2,1,9.216000325977802,4,4,0,1,39,0,0,40,104.399
1269,40,0,3,1,4.095999989658594,4,4,0,1,39,0,0,40,104.399
1270,2,0,0,0,9.216000325977802,4,4,0,6,33,1,0,40,187.609
1270,2,0,1,0,54.27199974656105,4,4,0,6,33,1,0,40,187.609
1270,2,0,2,0,171.00800573825836,4,4,0,6,33,1,0,40,187.609
1270,2,0,3,0,5.119999870657921,4,4,0,6,33,1,0,40,187.609
1270,24,0,0,0,14.336000196635723,4,4,0,1,39,0,0,40,64.059
1270,24,0,1,0,65.5359998345375,4,4,0,1,39,0,0,40,64.059
1270,24,0,2,0,9.216000325977802,4,4,0,1,39,0,0,40,64.059
1270,24,0,3,0,4.095999989658594,4,4,0,1,39,0,0,40,64.059
1270,40,0,0,1,9.216000325977802,4,4,0,0,40,0,0,40,4.67
1270,40,0,1,1,93.18400174379349,4,4,0,0,40,0,0,40,4.67
1270,40,0,2,1,8.191999979317188,4,4,0,0,40,0,0,40,4.67
1270,40,0,3,1,4.095999989658594,4,4,0,0,40,0,0,40,4.67
1271,2,0,0,0,15.359999611973763,4,4,0,1,39,0,0,40,166.01
1271,2,0,1,0,77.82399654388428,4,4,0,1,39,0,0,40,166.01
1271,2,0,2,0,8.191999979317188,4,4,0,1,39,0,0,40,166.01
1271,2,0,3,0,60.416001826524734,4,4,0,1,39,0,0,40,166.01
1271,24,0,0,0,8.191999979317188,4,4,0,0,40,0,0,40,3.9
1271,24,0,1,0,57.34400078654289,4,4,0,0,40,0,0,40,3.9
1271,24,0,2,0,9.216000325977802,4,4,0,0,40,0,0,40,3.9
1271,24,0,3,0,4.095999989658594,4,4,0,0,40,0,0,40,3.9
1271,40,0,0,1,9.216000325977802,4,4,0,0,40,0,0,40,2.169
1271,40,0,1,1,71.68000191450119,4,4,0,0,40,0,0,40,2.169
1271,40,0,2,1,9.216000325977802,4,4,0,0,40,0,0,40,2.169
1271,40,0,3,1,4.095999989658594,4,4,0,0,40,0,0,40,2.169
1272,2,0,0,0,8.191999979317188,1,1,0,0,10,0,0,10,0.729
1272,2,0,1,0,31.74399957060814,1,1,0,0,10,0,0,10,0.729
1272,2,0,2,0,9.216000325977802,1,1,0,0,10,0,0,10,0.729
1272,2,0,3,0,5.119999870657921,1,1,0,0,10,0,0,10,0.729
1272,24,0,0,0,9.216000325977802,1,1,0,0,10,0,0,10,0.731
1272,24,0,1,0,32.76799991726875,1,1,0,0,10,0,0,10,0.731
1272,24,0,2,0,8.191999979317188,1,1,0,0,10,0,0,10,0.731
1272,24,0,3,0,4.095999989658594,1,1,0,0,10,0,0,10,0.731
1272,40,0,0,1,8.191999979317188,1,1,0,0,10,0,0,10,0.48
1272,40,0,1,1,35.840000957250595,1,1,0,0,10,0,0,10,0.48
1272,40,0,2,1,8.191999979317188,1,1,0,0,10,0,0,10,0.48
1272,40,0,3,1,4.095999989658594,1,1,0,0,10,0,0,10,0.48
1273,2,0,0,0,9.216000325977802,1,1,0,0,10,0,0,10,0.64
1273,2,0,1,0,31.74399957060814,1,1,0,0,10,0,0,10,0.64
1273,2,0,2,0,9.216000325977802,1,1,0,0,10,0,0,10,0.64
1273,2,0,3,0,4.095999989658594,1,1,0,0,10,0,0,10,0.64
1273,24,0,0,0,9.216000325977802,1,1,0,0,10,0,0,10,0.59
1273,24,0,1,0,32.76799991726875,1,1,0,0,10,0,0,10,0.59
1273,24,0,2,0,8.191999979317188,1,1,0,0,10,0,0,10,0.59
1273,24,0,3,0,4.095999989658594,1,1,0,0,10,0,0,10,0.59
1273,40,0,0,1,8.191999979317188,1,1,0,0,10,0,0,10,0.64
1273,40,0,1,1,35.840000957250595,1,1,0,0,10,0,0,10,0.64
1273,40,0,2,1,9.216000325977802,1,1,0,0,10,0,0,10,0.64
1273,40,0,3,1,4.095999989658594,1,1,0,0,10,0,0,10,0.64
1274,2,0,0,0,9.216000325977802,4,4,0,0,40,0,0,40,4.3
1274,2,0,1,0,74.75200295448303,4,4,0,0,40,0,0,40,4.3
1274,2,0,2,0,9.216000325977802,4,4,0,0,40,0,0,40,4.3
1274,2,0,3,0,5.119999870657921,4,4,0,0,40,0,0,40,4.3
1274,24,0,0,0,8.191999979317188,4,4,0,0,40,0,0,40,4.25
1274,24,0,1,0,63.48799914121628,4,4,0,0,40,0,0,40,4.25
1274,24,0,2,0,9.216000325977802,4,4,0,0,40,0,0,40,4.25
1274,24,0,3,0,4.095999989658594,4,4,0,0,40,0,0,40,4.25
1274,40,0,0,1,9.216000325977802,4,4,0,0,40,0,0,40,2.2
1274,40,0,1,1,92.16000139713287,4,4,0,0,40,0,0,40,2.2
1274,40,0,2,1,9.216000325977802,4,4,0,0,40,0,0,40,2.2
1274,40,0,3,1,4.095999989658594,4,4,0,0,40,0,0,40,2.2
1275,2,0,0,0,8.191999979317188,4,4,0,3,37,0,0,40,178.159
1275,2,0,1,0,70.65600156784058,4,4,0,3,37,0,0,40,178.159
1275,2,0,2,0,9.216000325977802,4,4,0,3,37,0,0,40,178.159
1275,2,0,3,0,86.01599931716919,4,4,0,3,37,0,0,40,178.159
1275,24,0,0,0,8.191999979317188,4,4,0,0,40,0,0,40,2.63
1275,24,0,1,0,58.36800113320351,4,4,0,0,40,0,0,40,2.63
1275,24,0,2,0,9.216000325977802,4,4,0,0,40,0,0,40,2.63
1275,24,0,3,0,5.119999870657921,4,4,0,0,40,0,0,40,2.63
1275,40,0,0,1,9.216000325977802,4,4,0,1,39,0,0,40,82.76
1275,40,0,1,1,81.91999793052673,4,4,0,1,39,0,0,40,82.76
1275,40,0,2,1,8.191999979317188,4,4,0,1,39,0,0,40,82.76
1275,40,0,3,1,4.095999989658594,4,4,0,1,39,0,0,40,82.76
1276,2,0,0,0,8.191999979317188,1,1,0,0,10,0,0,10,2.34
1276,2,0,1,0,31.74399957060814,1,1,0,0,10,0,0,10,2.34
1276,2,0,2,0,9.216000325977802,1,1,0,0,10,0,0,10,2.34
1276,2,0,3,0,5.119999870657921,1,1,0,0,10,0,0,10,2.34
1276,24,0,0,0,9.216000325977802,1,1,0,0,10,0,0,10,0.83
1276,24,0,1,0,31.74399957060814,1,1,0,0,10,0,0,10,0.83
1276,24,0,2,0,8.191999979317188,1,1,0,0,10,0,0,10,0.83
1276,24,0,3,0,4.095999989658594,1,1,0,0,10,0,0,10,0.83
1276,40,0,0,1,8.191999979317188,1,1,0,0,10,0,0,10,0.55
1276,40,0,1,1,34.81600061058998,1,1,0,0,10,0,0,10,0.55
1276,40,0,2,1,9.216000325977802,1,1,0,0,10,0,0,10,0.55
1276,40,0,3,1,3.0720001086592674,1,1,0,0,10,0,0,10,0.55
1277,2,0,0,0,8.191999979317188,4,4,0,1,39,0,0,40,66.051
1277,2,0,1,0,83.96799862384796,4,4,0,1,39,0,0,40,66.051
1277,2,0,2,0,9.216000325977802,4,4,0,1,39,0,0,40,66.051
1277,2,0,3,0,7.168000098317862,4,4,0,1,39,0,0,40,66.051
1277,24,0,0,0,8.191999979317188,4,4,0,0,40,0,0,40,2.58
1277,24,0,1,0,57.34400078654289,4,4,0,0,40,0,0,40,2.58
1277,24,0,2,0,9.216000325977802,4,4,0,0,40,0,0,40,2.58
1277,24,0,3,0,4.095999989658594,4,4,0,0,40,0,0,40,2.58
1277,40,0,0,1,9.216000325977802,4,4,0,0,40,0,0,40,1.88
1277,40,0,1,1,46.08000069856644,4,4,0,0,40,0,0,40,1.88
1277,40,0,2,1,8.191999979317188,4,4,0,0,40,0,0,40,1.88
1277,40,0,3,1,4.095999989658594,4,4,0,0,40,0,0,40,1.88
1278,2,0,0,0,10.239999741315842,3,3,0,0,30,0,0,30,1.87
1278,2,0,1,0,64.51199948787689,3,3,0,0,30,0,0,30,1.87
1278,2,0,2,0,9.216000325977802,3,3,0,0,30,0,0,30,1.87
1278,2,0,3,0,5.119999870657921,3,3,0,0,30,0,0,30,1.87
1278,24,0,0,0,8.191999979317188,3,3,0,1,29,0,0,30,102.25
1278,24,0,1,0,54.27199974656105,3,3,0,1,29,0,0,30,102.25
1278,24,0,2,0,8.191999979317188,3,3,0,1,29,0,0,30,102.25
1278,24,0,3,0,25.599999353289604,3,3,0,1,29,0,0,30,102.25
1278,40,0,0,1,9.216000325977802,3,3,0,1,29,0,0,30,79.059
1278,40,0,1,1,65.5359998345375,3,3,0,1,29,0,0,30,79.059
1278,40,0,2,1,9.216000325977802,3,3,0,1,29,0,0,30,79.059
1278,40,0,3,1,4.095999989658594,3,3,0,1,29,0,0,30,79.059
1279,2,0,0,0,8.191999979317188,2,2,0,0,20,0,0,20,1.291
1279,2,0,1,0,53.247999399900436,2,2,0,0,20,0,0,20,1.291
1279,2,0,2,0,9.216000325977802,2,2,0,0,20,0,0,20,1.291
1279,2,0,3,0,5.119999870657921,2,2,0,0,20,0,0,20,1.291
1279,24,0,0,0,9.216000325977802,2,2,0,0,20,0,0,20,0.9
1279,24,0,1,0,43.007999658584595,2,2,0,0,20,0,0,20,0.9
1279,24,0,2,0,9.216000325977802,2,2,0,0,20,0,0,20,0.9
1279,24,0,3,0,4.095999989658594,2,2,0,0,20,0,0,20,0.9
1279,40,0,0,1,8.191999979317188,2,2,0,1,19,0,0,20,95.9
1279,40,0,1,1,53.247999399900436,2,2,0,1,19,0,0,20,95.9
1279,40,0,2,1,11.264000087976456,2,2,0,1,19,0,0,20,95.9
1279,40,0,3,1,20.479999482631683,2,2,0,1,19,0,0,20,95.9
1280,2,0,0,0,13.311999849975109,4,4,0,0,40,0,0,40,2.32
1280,2,0,1,0,73.72800260782242,4,4,0,0,40,0,0,40,2.32
1280,2,0,2,0,9.216000325977802,4,4,0,0,40,0,0,40,2.32
1280,2,0,3,0,6.144000217318535,4,4,0,0,40,0,0,40,2.32
1280,24,0,0,0,8.191999979317188,4,4,0,0,40,0,0,40,4.51
1280,24,0,1,0,72.7040022611618,4,4,0,0,40,0,0,40,4.51
1280,24,0,2,0,8.191999979317188,4,4,0,0,40,0,0,40,4.51
1280,24,0,3,0,4.095999989658594,4,4,0,0,40,0,0,40,4.51
1280,40,0,0,1,8.191999979317188,4,4,0,0,40,0,0,40,2.711
1280,40,0,1,1,83.96799862384796,4,4,0,0,40,0,0,40,2.711
1280,40,0,2,1,9.216000325977802,4,4,0,0,40,0,0,40,2.711
1280,40,0,3,1,5.119999870657921,4,4,0,0,40,0,0,40,2.711
1281,2,0,0,0,9.216000325977802,4,4,0,1,39,0,0,40,70.5
1281,2,0,1,0,64.51199948787689,4,4,0,1,39,0,0,40,70.5
1281,2,0,2,0,9.216000325977802,4,4,0,1,39,0,0,40,70.5
1281,2,0,3,0,7.168000098317862,4,4,0,1,39,0,0,40,70.5
1281,24,0,0,0,9.216000325977802,4,4,0,0,40,0,0,40,2.469
1281,24,0,1,0,69.63200122117996,4,4,0,0,40,0,0,40,2.469
1281,24,0,2,0,9.216000325977802,4,4,0,0,40,0,0,40,2.469
1281,24,0,3,0,5.119999870657921,4,4,0,0,40,0,0,40,2.469
1281,40,0,0,1,16.383999958634377,4,4,0,1,39,0,0,40,80.459
1281,40,0,1,1,51.19999870657921,4,4,0,1,39,0,0,40,80.459
1281,40,0,2,1,9.216000325977802,4,4,0,1,39,0,0,40,80.459
1281,40,0,3,1,4.095999989658594,4,4,0,1,39,0,0,40,80.459
1282,2,0,0,0,9.216000325977802,1,1,0,0,10,0,0,10,0.86
1282,2,0,1,0,31.74399957060814,1,1,0,0,10,0,0,10,0.86
1282,2,0,2,0,9.216000325977802,1,1,0,0,10,0,0,10,0.86
1282,2,0,3,0,8.191999979317188,1,1,0,0,10,0,0,10,0.86
1282,24,0,0,0,9.216000325977802,1,1,0,0,10,0,0,10,0.51
1282,24,0,1,0,30.719999223947525,1,1,0,0,10,0,0,10,0.51
1282,24,0,2,0,8.191999979317188,1,1,0,0,10,0,0,10,0.51
1282,24,0,3,0,4.095999989658594,1,1,0,0,10,0,0,10,0.51
1282,40,0,0,1,8.191999979317188,1,1,0,0,10,0,0,10,0.8
1282,40,0,1,1,35.840000957250595,1,1,0,0,10,0,0,10,0.8
1282,40,0,2,1,9.216000325977802,1,1,0,0,10,0,0,10,0.8
1282,40,0,3,1,4.095999989658594,1,1,0,0,10,0,0,10,0.8
1283,2,0,0,0,9.216000325977802,1,1,0,0,10,0,0,10,2.8
1283,2,0,1,0,31.74399957060814,1,1,0,0,10,0,0,10,2.8
1283,2,0,2,0,9.216000325977802,1,1,0,0,10,0,0,10,2.8
1283,2,0,3,0,5.119999870657921,1,1,0,0,10,0,0,10,2.8
1283,24,0,0,0,9.216000325977802,1,1,0,0,10,0,0,10,0.95
1283,24,0,1,0,32.76799991726875,1,1,0,0,10,0,0,10,0.95
1283,24,0,2,0,8.191999979317188,1,1,0,0,10,0,0,10,0.95
1283,24,0,3,0,4.095999989658594,1,1,0,0,10,0,0,10,0.95
1283,40,0,0,1,9.216000325977802,1,1,0,0,10,0,0,10,0.531
1283,40,0,1,1,34.81600061058998,1,1,0,0,10,0,0,10,0.531
1283,40,0,2,1,9.216000325977802,1,1,0,0,10,0,0,10,0.531
1283,40,0,3,1,4.095999989658594,1,1,0,0,10,0,0,10,0.531
1284,2,0,0,0,14.336000196635723,4,4,0,0,40,0,0,40,2.37
1284,2,0,1,0,63.48799914121628,4,4,0,0,40,0,0,40,2.37
1284,2,0,2,0,8.191999979317188,4,4,0,0,40,0,0,40,2.37
1284,2,0,3,0,5.119999870657921,4,4,0,0,40,0,0,40,2.37
1284,24,0,0,0,9.216000325977802,4,4,0,0,40,0,0,40,2.28
1284,24,0,1,0,72.7040022611618,4,4,0,0,40,0,0,40,2.28
1284,24,0,2,0,8.191999979317188,4,4,0,0,40,0,0,40,2.28
1284,24,0,3,0,3.0720001086592674,4,4,0,0,40,0,0,40,2.28
1284,40,0,0,1,9.216000325977802,4,4,0,0,40,0,0,40,4.87
1284,40,0,1,1,81.91999793052673,4,4,0,0,40,0,0,40,4.87
1284,40,0,2,1,9.216000325977802,4,4,0,0,40,0,0,40,4.87
1284,40,0,3,1,3.0720001086592674,4,4,0,0,40,0,0,40,4.87
1285,2,0,0,0,14.336000196635723,4,4,0,0,40,0,0,40,2.46
1285,2,0,1,0,69.63200122117996,4,4,0,0,40,0,0,40,2.46
1285,2,0,2,0,9.216000325977802,4,4,0,0,40,0,0,40,2.46
1285,2,0,3,0,5.119999870657921,4,4,0,0,40,0,0,40,2.46
1285,24,0,0,0,8.191999979317188,4,4,0,0,40,0,0,40,2.89
1285,24,0,1,0,88.06400001049042,4,4,0,0,40,0,0,40,2.89
1285,24,0,2,0,9.216000325977802,4,4,0,0,40,0,0,40,2.89
1285,24,0,3,0,4.095999989658594,4,4,0,0,40,0,0,40,2.89
1285,40,0,0,1,9.216000325977802,4,4,0,2,38,0,0,40,130.77
1285,40,0,1,1,92.16000139713287,4,4,0,2,38,0,0,40,130.77
1285,40,0,2,1,9.216000325977802,4,4,0,2,38,0,0,40,130.77
1285,40,0,3,1,14.336000196635723,4,4,0,2,38,0,0,40,130.77
1286,2,0,0,0,15.359999611973763,4,4,0,0,40,0,0,40,2.42
1286,2,0,1,0,57.34400078654289,4,4,0,0,40,0,0,40,2.42
1286,2,0,2,0,9.216000325977802,4,4,0,0,40,0,0,40,2.42
1286,2,0,3,0,5.119999870657921,4,4,0,0,40,0,0,40,2.42
1286,24,0,0,0,9.216000325977802,4,4,0,0,40,0,0,40,5.529
1286,24,0,1,0,64.51199948787689,4,4,0,0,40,0,0,40,5.529
1286,24,0,2,0,9.216000325977802,4,4,0,0,40,0,0,40,5.529
1286,24,0,3,0,4.095999989658594,4,4,0,0,40,0,0,40,5.529
1286,40,0,0,1,9.216000325977802,4,4,0,0,40,0,0,40,4.58
1286,40,0,1,1,67.58400052785873,4,4,0,0,40,0,0,40,4.58
1286,40,0,2,1,9.216000325977802,4,4,0,0,40,0,0,40,4.58
1286,40,0,3,1,4.095999989658594,4,4,0,0,40,0,0,40,4.58
1287,2,0,0,0,10.239999741315842,2,2,0,0,20,0,0,20,1.16
1287,2,0,1,0,53.247999399900436,2,2,0,0,20,0,0,20,1.16
1287,2,0,2,0,9.216000325977802,2,2,0,0,20,0,0,20,1.16
1287,2,0,3,0,5.119999870657921,2,2,0,0,20,0,0,20,1.16
1287,24,0,0,0,9.216000325977802,2,2,0,0,20,0,0,20,2.94
1287,24,0,1,0,43.007999658584595,2,2,0,0,20,0,0,20,2.94
1287,24,0,2,0,9.216000325977802,2,2,0,0,20,0,0,20,2.94
1287,24,0,3,0,4.095999989658594,2,2,0,0,20,0,0,20,2.94
1287,40,0,0,1,8.191999979317188,2,2,0,0,20,0,0,20,1.19
1287,40,0,1,1,51.19999870657921,2,2,0,0,20,0,0,20,1.19
1287,40,0,2,1,9.216000325977802,2,2,0,0,20,0,0,20,1.19
1287,40,0,3,1,4.095999989658594,2,2,0,0,20,0,0,20,1.19
1288,2,0,0,0,15.359999611973763,2,2,0,0,20,0,0,20,1.12
1288,2,0,1,0,41.98399931192398,2,2,0,0,20,0,0,20,1.12
1288,2,0,2,0,9.216000325977802,2,2,0,0,20,0,0,20,1.12
1288,2,0,3,0,5.119999870657921,2,2,0,0,20,0,0,20,1.12
1288,24,0,0,0,15.359999611973763,2,2,0,0,20,0,0,20,1.011
1288,24,0,1,0,40.95999896526337,2,2,0,0,20,0,0,20,1.011
1288,24,0,2,0,8.191999979317188,2,2,0,0,20,0,0,20,1.011
1288,24,0,3,0,3.0720001086592674,2,2,0,0,20,0,0,20,1.011
1288,40,0,0,1,9.216000325977802,2,2,0,1,19,0,0,20,94.049
1288,40,0,1,1,51.19999870657921,2,2,0,1,19,0,0,20,94.049
1288,40,0,2,1,9.216000325977802,2,2,0,1,19,0,0,20,94.049
1288,40,0,3,1,23.552000522613525,2,2,0,1,19,0,0,20,94.049
1289,2,0,0,0,13.311999849975109,4,4,0,0,40,0,0,40,4.48
1289,2,0,1,0,91.13600105047226,4,4,0,0,40,0,0,40,4.48
1289,2,0,2,0,9.216000325977802,4,4,0,0,40,0,0,40,4.48
1289,2,0,3,0,5.119999870657921,4,4,0,0,40,0,0,40,4.48
1289,24,0,0,0,9.216000325977802,4,4,0,0,40,0,0,40,3.01
1289,24,0,1,0,84.99199897050858,4,4,0,0,40,0,0,40,3.01
1289,24,0,2,0,8.191999979317188,4,4,0,0,40,0,0,40,3.01
1289,24,0,3,0,4.095999989658594,4,4,0,0,40,0,0,40,3.01
1289,40,0,0,1,9.216000325977802,4,4,0,0,40,0,0,40,2.12
1289,40,0,1,1,75.77600330114365,4,4,0,0,40,0,0,40,2.12
1289,40,0,2,1,9.216000325977802,4,4,0,0,40,0,0,40,2.12
1289,40,0,3,1,4.095999989658594,4,4,0,0,40,0,0,40,2.12
1290,2,0,0,0,13.311999849975109,4,4,0,0,40,0,0,40,4.59
1290,2,0,1,0,63.48799914121628,4,4,0,0,40,0,0,40,4.59
1290,2,0,2,0,9.216000325977802,4,4,0,0,40,0,0,40,4.59
1290,2,0,3,0,5.119999870657921,4,4,0,0,40,0,0,40,4.59
1290,24,0,0,0,9.216000325977802,4,4,0,0,40,0,0,40,2.15
1290,24,0,1,0,61.43999844789505,4,4,0,0,40,0,0,40,2.15
1290,24,0,2,0,8.191999979317188,4,4,0,0,40,0,0,40,2.15
1290,24,0,3,0,4.095999989658594,4,4,0,0,40,0,0,40,2.15
1290,40,0,0,1,9.216000325977802,4,4,0,0,40,0,0,40,2.16
1290,40,0,1,1,74.75200295448303,4,4,0,0,40,0,0,40,2.16
1290,40,0,2,1,9.216000325977802,4,4,0,0,40,0,0,40,2.16
1290,40,0,3,1,4.095999989658594,4,4,0,0,40,0,0,40,2.16
1291,2,0,0,0,9.216000325977802,4,4,0,0,40,0,0,40,2.511
1291,2,0,1,0,86.01599931716919,4,4,0,0,40,0,0,40,2.511
1291,2,0,2,0,10.239999741315842,4,4,0,0,40,0,0,40,2.511
1291,2,0,3,0,5.119999870657921,4,4,0,0,40,0,0,40,2.511
1291,24,0,0,0,8.191999979317188,4,4,0,0,40,0,0,40,2.31
1291,24,0,1,0,73.72800260782242,4,4,0,0,40,0,0,40,2.31
1291,24,0,2,0,9.216000325977802,4,4,0,0,40,0,0,40,2.31
1291,24,0,3,0,4.095999989658594,4,4,0,0,40,0,0,40,2.31
1291,40,0,0,1,8.191999979317188,4,4,0,0,40,0,0,40,3.04
1291,40,0,1,1,99.32799637317657,4,4,0,0,40,0,0,40,3.04
1291,40,0,2,1,9.216000325977802,4,4,0,0,40,0,0,40,3.04
1291,40,0,3,1,4.095999989658594,4,4,0,0,40,0,0,40,3.04
1292,2,0,0,0,13.311999849975109,4,4,0,2,38,0,0,40,113.58
1292,2,0,1,0,90.11200070381165,4,4,0,2,38,0,0,40,113.58
1292,2,0,2,0,8.191999979317188,4,4,0,2,38,0,0,40,113.58
1292,2,0,3,0,5.119999870657921,4,4,0,2,38,0,0,40,113.58
1292,24,0,0,0,7.168000098317862,4,4,0,0,40,0,0,40,2.56
1292,24,0,1,0,87.0399996638298,4,4,0,0,40,0,0,40,2.56
1292,24,0,2,0,9.216000325977802,4,4,0,0,40,0,0,40,2.56
1292,24,0,3,0,4.095999989658594,4,4,0,0,40,0,0,40,2.56
1292,40,0,0,1,9.216000325977802,4,4,0,0,40,0,0,40,2.03
1292,40,0,1,1,78.84799689054489,4,4,0,0,40,0,0,40,2.03
1292,40,0,2,1,9.216000325977802,4,4,0,0,40,0,0,40,2.03
1292,40,0,3,1,4.095999989658594,4,4,0,0,40,0,0,40,2.03
1293,2,0,0,0,15.359999611973763,4,4,0,0,40,0,0,40,2.35
1293,2,0,1,0,82.94399827718735,4,4,0,0,40,0,0,40,2.35
1293,2,0,2,0,9.216000325977802,4,4,0,0,40,0,0,40,2.35
1293,2,0,3,0,6.144000217318535,4,4,0,0,40,0,0,40,2.35
1293,24,0,0,0,9.216000325977802,4,4,0,0,40,0,0,40,2.431
1293,24,0,1,0,65.5359998345375,4,4,0,0,40,0,0,40,2.431
1293,24,0,2,0,9.216000325977802,4,4,0,0,40,0,0,40,2.431
1293,24,0,3,0,5.119999870657921,4,4,0,0,40,0,0,40,2.431
1293,40,0,0,1,9.216000325977802,4,4,0,0,40,0,0,40,2.109
1293,40,0,1,1,65.5359998345375,4,4,0,0,40,0,0,40,2.109
1293,40,0,2,1,9.216000325977802,4,4,0,0,40,0,0,40,2.109
1293,40,0,3,1,5.119999870657921,4,4,0,0,40,0,0,40,2.109
1294,2,0,0,0,9.216000325977802,2,2,0,0,20,0,0,20,3.56
1294,2,0,1,0,49.15200173854828,2,2,0,0,20,0,0,20,3.56
1294,2,0,2,0,8.191999979317188,2,2,0,0,20,0,0,20,3.56
1294,2,0,3,0,5.119999870657921,2,2,0,0,20,0,0,20,3.56
1294,24,0,0,0,8.191999979317188,2,2,0,0,20,0,0,20,0.84
1294,24,0,1,0,48.128001391887665,2,2,0,0,20,0,0,20,0.84
1294,24,0,2,0,9.216000325977802,2,2,0,0,20,0,0,20,0.84
1294,24,0,3,0,4.095999989658594,2,2,0,0,20,0,0,20,0.84
1294,40,0,0,1,9.216000325977802,2,2,0,0,20,0,0,20,1.229
1294,40,0,1,1,53.247999399900436,2,2,0,0,20,0,0,20,1.229
1294,40,0,2,1,9.216000325977802,2,2,0,0,20,0,0,20,1.229
1294,40,0,3,1,5.119999870657921,2,2,0,0,20,0,0,20,1.229
1295,2,0,0,0,14.336000196635723,4,4,0,0,40,0,0,40,4.72
1295,2,0,1,0,76.80000364780426,4,4,0,0,40,0,0,40,4.72
1295,2,0,2,0,8.191999979317188,4,4,0,0,40,0,0,40,4.72
1295,2,0,3,0,5.119999870657921,4,4,0,0,40,0,0,40,4.72
1295,24,0,0,0,8.191999979317188,4,4,0,0,40,0,0,40,5.31
1295,24,0,1,0,79.8719972372055,4,4,0,0,40,0,0,40,5.31
1295,24,0,2,0,9.216000325977802,4,4,0,0,40,0,0,40,5.31
1295,24,0,3,0,4.095999989658594,4,4,0,0,40,0,0,40,5.31
1295,40,0,0,1,8.191999979317188,4,4,0,0,40,0,0,40,4.82
1295,40,0,1,1,104.44799810647964,4,4,0,0,40,0,0,40,4.82
1295,40,0,2,1,9.216000325977802,4,4,0,0,40,0,0,40,4.82
1295,40,0,3,1,3.0720001086592674,4,4,0,0,40,0,0,40,4.82
1296,2,0,0,0,13.311999849975109,4,4,0,0,40,0,0,40,2.519
1296,2,0,1,0,65.5359998345375,4,4,0,0,40,0,0,40,2.519
1296,2,0,2,0,9.216000325977802,4,4,0,0,40,0,0,40,2.519
1296,2,0,3,0,6.144000217318535,4,4,0,0,40,0,0,40,2.519
1296,24,0,0,0,8.191999979317188,4,4,0,1,39,0,0,40,105.049
1296,24,0,1,0,72.7040022611618,4,4,0,1,39,0,0,40,105.049
1296,24,0,2,0,10.239999741315842,4,4,0,1,39,0,0,40,105.049
1296,24,0,3,0,12.28800043463707,4,4,0,1,39,0,0,40,105.049
1296,40,0,0,1,9.216000325977802,4,4,0,1,39,0,0,40,76.19
1296,40,0,1,1,61.43999844789505,4,4,0,1,39,0,0,40,76.19
1296,40,0,2,1,9.216000325977802,4,4,0,1,39,0,0,40,76.19
1296,40,0,3,1,5.119999870657921,4,4,0,1,39,0,0,40,76.19
1297,2,0,0,0,15.359999611973763,2,2,0,0,20,0,0,20,1.22
1297,2,0,1,0,43.007999658584595,2,2,0,0,20,0,0,20,1.22
1297,2,0,2,0,9.216000325977802,2,2,0,0,20,0,0,20,1.22
1297,2,0,3,0,5.119999870657921,2,2,0,0,20,0,0,20,1.22
1297,24,0,0,0,9.216000325977802,2,2,0,0,20,0,0,20,1.32
1297,24,0,1,0,50.175998359918594,2,2,0,0,20,0,0,20,1.32
1297,24,0,2,0,9.216000325977802,2,2,0,0,20,0,0,20,1.32
1297,24,0,3,0,4.095999989658594,2,2,0,0,20,0,0,20,1.32
1297,40,0,0,1,9.216000325977802,2,2,0,0,20,0,0,20,1.33
1297,40,0,1,1,59.39200147986412,2,2,0,0,20,0,0,20,1.33
1297,40,0,2,1,9.216000325977802,2,2,0,0,20,0,0,20,1.33
1297,40,0,3,1,4.095999989658594,2,2,0,0,20,0,0,20,1.33
1298,2,0,0,0,8.191999979317188,4,4,0,1,39,0,0,40,71.22
1298,2,0,1,0,68.60800087451935,4,4,0,1,39,0,0,40,71.22
1298,2,0,2,0,10.239999741315842,4,4,0,1,39,0,0,40,71.22
1298,2,0,3,0,5.119999870657921,4,4,0,1,39,0,0,40,71.22
1298,24,0,0,0,9.216000325977802,4,4,0,1,39,0,0,40,77.999
1298,24,0,1,0,83.96799862384796,4,4,0,1,39,0,0,40,77.999
1298,24,0,2,0,8.191999979317188,4,4,0,1,39,0,0,40,77.999
1298,24,0,3,0,4.095999989658594,4,4,0,1,39,0,0,40,77.999
1298,40,0,0,1,8.191999979317188,4,4,0,2,38,0,0,40,82.23
1298,40,0,1,1,75.77600330114365,4,4,0,2,38,0,0,40,82.23
1298,40,0,2,1,8.191999979317188,4,4,0,2,38,0,0,40,82.23
1298,40,0,3,1,4.095999989658594,4,4,0,2,38,0,0,40,82.23
1299,2,0,0,0,14.336000196635723,4,4,0,0,40,0,0,40,2.969
1299,2,0,1,0,88.06400001049042,4,4,0,0,40,0,0,40,2.969
1299,2,0,2,0,9.216000325977802,4,4,0,0,40,0,0,40,2.969
1299,2,0,3,0,5.119999870657921,4,4,0,0,40,0,0,40,2.969
1299,24,0,0,0,9.216000325977802,4,4,0,2,38,0,0,40,107.449
1299,24,0,1,0,79.8719972372055,4,4,0,2,38,0,0,40,107.449
1299,24,0,2,0,10.239999741315842,4,4,0,2,38,0,0,40,107.449
1299,24,0,3,0,6.144000217318535,4,4,0,2,38,0,0,40,107.449
1299,40,0,0,1,9.216000325977802,4,4,0,1,39,0,0,40,73.159
1299,40,0,1,1,83.96799862384796,4,4,0,1,39,0,0,40,73.159
1299,40,0,2,1,9.216000325977802,4,4,0,1,39,0,0,40,73.159
1299,40,0,3,1,4.095999989658594,4,4,0,1,39,0,0,40,73.159
1300,2,0,0,0,14.336000196635723,4,4,0,0,40,0,0,40,2.24
1300,2,0,1,0,80.89599758386612,4,4,0,0,40,0,0,40,2.24
1300,2,0,2,0,8.191999979317188,4,4,0,0,40,0,0,40,2.24
1300,2,0,3,0,4.095999989658594,4,4,0,0,40,0,0,40,2.24
1300,24,0,0,0,8.191999979317188,4,4,0,0,40,0,0,40,4.36
1300,24,0,1,0,80.89599758386612,4,4,0,0,40,0,0,40,4.36
1300,24,0,2,0,9.216000325977802,4,4,0,0,40,0,0,40,4.36
1300,24,0,3,0,4.095999989658594,4,4,0,0,40,0,0,40,4.36
1300,40,0,0,1,9.216000325977802,4,4,0,0,40,0,0,40,2.53
1300,40,0,1,1,64.51199948787689,4,4,0,0,40,0,0,40,2.53
1300,40,0,2,1,9.216000325977802,4,4,0,0,40,0,0,40,2.53
1300,40,0,3,1,4.095999989658594,4,4,0,0,40,0,0,40,2.53
1301,2,0,0,0,8.191999979317188,4,4,0,1,39,0,0,40,73.18
1301,2,0,1,0,68.60800087451935,4,4,0,1,39,0,0,40,73.18
1301,2,0,2,0,8.191999979317188,4,4,0,1,39,0,0,40,73.18
1301,2,0,3,0,4.095999989658594,4,4,0,1,39,0,0,40,73.18
1301,24,0,0,0,9.216000325977802,4,4,0,0,40,0,0,40,2.24
1301,24,0,1,0,61.43999844789505,4,4,0,0,40,0,0,40,2.24
1301,24,0,2,0,9.216000325977802,4,4,0,0,40,0,0,40,2.24
1301,24,0,3,0,4.095999989658594,4,4,0,0,40,0,0,40,2.24
1301,40,0,0,1,9.216000325977802,4,4,0,0,40,0,0,40,1.99
1301,40,0,1,1,50.175998359918594,4,4,0,0,40,0,0,40,1.99
1301,40,0,2,1,9.216000325977802,4,4,0,0,40,0,0,40,1.99
1301,40,0,3,1,4.095999989658594,4,4,0,0,40,0,0,40,1.99
1302,2,0,0,0,9.216000325977802,4,4,0,1,39,0,0,40,91.331
1302,2,0,1,0,81.91999793052673,4,4,0,1,39,0,0,40,91.331
1302,2,0,2,0,9.216000325977802,4,4,0,1,39,0,0,40,91.331
1302,2,0,3,0,5.119999870657921,4,4,0,1,39,0,0,40,91.331
1302,24,0,0,0,8.191999979317188,4,4,0,0,40,0,0,40,2.33
1302,24,0,1,0,73.72800260782242,4,4,0,0,40,0,0,40,2.33
1302,24,0,2,0,8.191999979317188,4,4,0,0,40,0,0,40,2.33
1302,24,0,3,0,4.095999989658594,4,4,0,0,40,0,0,40,2.33
1302,40,0,0,1,9.216000325977802,4,4,0,0,40,0,0,40,1.84
1302,40,0,1,1,59.39200147986412,4,4,0,0,40,0,0,40,1.84
1302,40,0,2,1,9.216000325977802,4,4,0,0,40,0,0,40,1.84
1302,40,0,3,1,4.095999989658594,4,4,0,0,40,0,0,40,1.84
1303,2,0,0,0,15.359999611973763,4,4,0,0,40,0,0,40,4.171
1303,2,0,1,0,71.68000191450119,4,4,0,0,40,0,0,40,4.171
1303,2,0,2,0,9.216000325977802,4,4,0,0,40,0,0,40,4.171
1303,2,0,3,0,7.168000098317862,4,4,0,0,40,0,0,40,4.171
1303,24,0,0,0,9.216000325977802,4,4,0,0,40,0,0,40,2.51
1303,24,0,1,0,67.58400052785873,4,4,0,0,40,0,0,40,2.51
1303,24,0,2,0,9.216000325977802,4,4,0,0,40,0,0,40,2.51
1303,24,0,3,0,4.095999989658594,4,4,0,0,40,0,0,40,2.51
1303,40,0,0,1,8.191999979317188,4,4,0,0,40,0,0,40,2.04
1303,40,0,1,1,71.68000191450119,4,4,0,0,40,0,0,40,2.04
1303,40,0,2,1,9.216000325977802,4,4,0,0,40,0,0,40,2.04
1303,40,0,3,1,4.095999989658594,4,4,0,0,40,0,0,40,2.04
1304,2,0,0,0,8.191999979317188,4,4,0,1,39,0,0,40,100.819
1304,2,0,1,0,73.72800260782242,4,4,0,1,39,0,0,40,100.819
1304,2,0,2,0,9.216000325977802,4,4,0,1,39,0,0,40,100.819
1304,2,0,3,0,7.168000098317862,4,4,0,1,39,0,0,40,100.819
1304,24,0,0,0,7.168000098317862,4,4,0,0,40,0,0,40,2.66
1304,24,0,1,0,65.5359998345375,4,4,0,0,40,0,0,40,2.66
1304,24,0,2,0,9.216000325977802,4,4,0,0,40,0,0,40,2.66
1304,24,0,3,0,4.095999989658594,4,4,0,0,40,0,0,40,2.66
1304,40,0,0,1,9.216000325977802,4,4,0,0,40,0,0,40,1.85
1304,40,0,1,1,59.39200147986412,4,4,0,0,40,0,0,40,1.85
1304,40,0,2,1,9.216000325977802,4,4,0,0,40,0,0,40,1.85
1304,40,0,3,1,4.095999989658594,4,4,0,0,40,0,0,40,1.85
1305,2,0,0,0,14.336000196635723,4,4,0,0,40,0,0,40,2.42
1305,2,0,1,0,59.39200147986412,4,4,0,0,40,0,0,40,2.42
1305,2,0,2,0,9.216000325977802,4,4,0,0,40,0,0,40,2.42
1305,2,0,3,0,5.119999870657921,4,4,0,0,40,0,0,40,2.42
1305,24,0,0,0,8.191999979317188,4,4,0,1,39,0,0,40,93.14
1305,24,0,1,0,67.58400052785873,4,4,0,1,39,0,0,40,93.14
1305,24,0,2,0,9.216000325977802,4,4,0,1,39,0,0,40,93.14
1305,24,0,3,0,4.095999989658594,4,4,0,1,39,0,0,40,93.14
1305,40,0,0,1,15.359999611973763,4,4,0,1,39,0,0,40,78.589
1305,40,0,1,1,68.60800087451935,4,4,0,1,39,0,0,40,78.589
1305,40,0,2,1,9.216000325977802,4,4,0,1,39,0,0,40,78.589
1305,40,0,3,1,4.095999989658594,4,4,0,1,39,0,0,40,78.589
1306,2,0,0,0,16.383999958634377,4,4,0,1,39,0,0,40,87.331
1306,2,0,1,0,76.80000364780426,4,4,0,1,39,0,0,40,87.331
1306,2,0,2,0,9.216000325977802,4,4,0,1,39,0,0,40,87.331
1306,2,0,3,0,5.119999870657921,4,4,0,1,39,0,0,40,87.331
1306,24,0,0,0,9.216000325977802,4,4,0,0,40,0,0,40,2.76
1306,24,0,1,0,71.68000191450119,4,4,0,0,40,0,0,40,2.76
1306,24,0,2,0,9.216000325977802,4,4,0,0,40,0,0,40,2.76
1306,24,0,3,0,4.095999989658594,4,4,0,0,40,0,0,40,2.76
1306,40,0,0,1,9.216000325977802,4,4,0,0,40,0,0,40,4.32
1306,40,0,1,1,64.51199948787689,4,4,0,0,40,0,0,40,4.32
1306,40,0,2,1,9.216000325977802,4,4,0,0,40,0,0,40,4.32
1306,40,0,3,1,4.095999989658594,4,4,0,0,40,0,0,40,4.32
1307,2,0,0,0,15.359999611973763,4,4,0,0,40,0,0,40,2.47
1307,2,0,1,0,79.8719972372055,4,4,0,0,40,0,0,40,2.47
1307,2,0,2,0,9.216000325977802,4,4,0,0,40,0,0,40,2.47
1307,2,0,3,0,5.119999870657921,4,4,0,0,40,0,0,40,2.47
1307,24,0,0,0,8.191999979317188,4,4,0,0,40,0,0,40,1.84
1307,24,0,1,0,78.84799689054489,4,4,0,0,40,0,0,40,1.84
1307,24,0,2,0,9.216000325977802,4,4,0,0,40,0,0,40,1.84
1307,24,0,3,0,4.095999989658594,4,4,0,0,40,0,0,40,1.84
1307,40,0,0,1,8.191999979317188,4,4,0,0,40,0,0,40,4.479
1307,40,0,1,1,89.08800035715103,4,4,0,0,40,0,0,40,4.479
1307,40,0,2,1,9.216000325977802,4,4,0,0,40,0,0,40,4.479
1307,40,0,3,1,4.095999989658594,4,4,0,0,40,0,0,40,4.479
1308,2,0,0,0,14.336000196635723,4,4,0,0,40,0,0,40,2.86
1308,2,0,1,0,83.96799862384796,4,4,0,0,40,0,0,40,2.86
1308,2,0,2,0,8.191999979317188,4,4,0,0,40,0,0,40,2.86
1308,2,0,3,0,5.119999870657921,4,4,0,0,40,0,0,40,2.86
1308,24,0,0,0,9.216000325977802,4,4,0,0,40,0,0,40,4.351
1308,24,0,1,0,71.68000191450119,4,4,0,0,40,0,0,40,4.351
1308,24,0,2,0,9.216000325977802,4,4,0,0,40,0,0,40,4.351
1308,24,0,3,0,4.095999989658594,4,4,0,0,40,0,0,40,4.351
1308,40,0,0,1,10.239999741315842,4,4,0,0,40,0,0,40,4.551
1308,40,0,1,1,78.84799689054489,4,4,0,0,40,0,0,40,4.551
1308,40,0,2,1,9.216000325977802,4,4,0,0,40,0,0,40,4.551
1308,40,0,3,1,4.095999989658594,4,4,0,0,40,0,0,40,4.551
1309,2,0,0,0,15.359999611973763,4,4,0,0,40,0,0,40,2.25
1309,2,0,1,0,78.84799689054489,4,4,0,0,40,0,0,40,2.25
1309,2,0,2,0,9.216000325977802,4,4,0,0,40,0,0,40,2.25
1309,2,0,3,0,6.144000217318535,4,4,0,0,40,0,0,40,2.25
1309,24,0,0,0,8.191999979317188,4,4,0,0,40,0,0,40,2.05
1309,24,0,1,0,77.82399654388428,4,4,0,0,40,0,0,40,2.05
1309,24,0,2,0,9.216000325977802,4,4,0,0,40,0,0,40,2.05
1309,24,0,3,0,4.095999989658594,4,4,0,0,40,0,0,40,2.05
1309,40,0,0,1,9.216000325977802,4,4,0,0,40,0,0,40,1.99
1309,40,0,1,1,83.96799862384796,4,4,0,0,40,0,0,40,1.99
1309,40,0,2,1,9.216000325977802,4,4,0,0,40,0,0,40,1.99
1309,40,0,3,1,5.119999870657921,4,4,0,0,40,0,0,40,1.99
1310,2,0,0,0,14.336000196635723,4,4,0,0,40,0,0,40,2.86
1310,2,0,1,0,87.0399996638298,4,4,0,0,40,0,0,40,2.86
1310,2,0,2,0,9.216000325977802,4,4,0,0,40,0,0,40,2.86
1310,2,0,3,0,5.119999870657921,4,4,0,0,40,0,0,40,2.86
1310,24,0,0,0,9.216000325977802,4,4,0,0,40,0,0,40,2.07
1310,24,0,1,0,72.7040022611618,4,4,0,0,40,0,0,40,2.07
1310,24,0,2,0,8.191999979317188,4,4,0,0,40,0,0,40,2.07
1310,24,0,3,0,4.095999989658594,4,4,0,0,40,0,0,40,2.07
1310,40,0,0,1,9.216000325977802,4,4,0,1,39,0,0,40,107.101
1310,40,0,1,1,75.77600330114365,4,4,0,1,39,0,0,40,107.101
1310,40,0,2,1,9.216000325977802,4,4,0,1,39,0,0,40,107.101
1310,40,0,3,1,9.216000325977802,4,4,0,1,39,0,0,40,107.101
1311,2,0,0,0,8.191999979317188,4,4,0,0,40,0,0,40,2.83
1311,2,0,1,0,82.94399827718735,4,4,0,0,40,0,0,40,2.83
1311,2,0,2,0,9.216000325977802,4,4,0,0,40,0,0,40,2.83
1311,2,0,3,0,4.095999989658594,4,4,0,0,40,0,0,40,2.83
1311,24,0,0,0,9.216000325977802,4,4,0,0,40,0,0,40,2.24
1311,24,0,1,0,67.58400052785873,4,4,0,0,40,0,0,40,2.24
1311,24,0,2,0,9.216000325977802,4,4,0,0,40,0,0,40,2.24
1311,24,0,3,0,4.095999989658594,4,4,0,0,40,0,0,40,2.24
1311,40,0,0,1,9.216000325977802,4,4,0,0,40,0,0,40,4.76
1311,40,0,1,1,71.68000191450119,4,4,0,0,40,0,0,40,4.76
1311,40,0,2,1,9.216000325977802,4,4,0,0,40,0,0,40,4.76
1311,40,0,3,1,3.0720001086592674,4,4,0,0,40,0,0,40,4.76
1312,2,0,0,0,8.191999979317188,4,4,0,2,38,0,0,40,118.379
1312,2,0,1,0,71.68000191450119,4,4,0,2,38,0,0,40,118.379
1312,2,0,2,0,9.216000325977802,4,4,0,2,38,0,0,40,118.379
1312,2,0,3,0,27.648000046610832,4,4,0,2,38,0,0,40,118.379
1312,24,0,0,0,9.216000325977802,4,4,0,0,40,0,0,40,2.4
1312,24,0,1,0,70.65600156784058,4,4,0,0,40,0,0,40,2.4
1312,24,0,2,0,9.216000325977802,4,4,0,0,40,0,0,40,2.4
1312,24,0,3,0,4.095999989658594,4,4,0,0,40,0,0,40,2.4
1312,40,0,0,1,8.191999979317188,4,4,0,0,40,0,0,40,2.0
1312,40,0,1,1,56.32000043988228,4,4,0,0,40,0,0,40,2.0
1312,40,0,2,1,9.216000325977802,4,4,0,0,40,0,0,40,2.0
1312,40,0,3,1,4.095999989658594,4,4,0,0,40,0,0,40,2.0
1313,2,0,0,0,14.336000196635723,4,4,0,1,39,0,0,40,71.579
1313,2,0,1,0,82.94399827718735,4,4,0,1,39,0,0,40,71.579
1313,2,0,2,0,9.216000325977802,4,4,0,1,39,0,0,40,71.579
1313,2,0,3,0,6.144000217318535,4,4,0,1,39,0,0,40,71.579
1313,24,0,0,0,8.191999979317188,4,4,0,0,40,0,0,40,1.76
1313,24,0,1,0,58.36800113320351,4,4,0,0,40,0,0,40,1.76
1313,24,0,2,0,9.216000325977802,4,4,0,0,40,0,0,40,1.76
1313,24,0,3,0,4.095999989658594,4,4,0,0,40,0,0,40,1.76
1313,40,0,0,1,9.216000325977802,4,4,0,0,40,0,0,40,2.031
1313,40,0,1,1,51.19999870657921,4,4,0,0,40,0,0,40,2.031
1313,40,0,2,1,9.216000325977802,4,4,0,0,40,0,0,40,2.031
1313,40,0,3,1,4.095999989658594,4,4,0,0,40,0,0,40,2.031
1314,2,0,0,0,9.216000325977802,4,4,0,2,38,0,0,40,220.959
1314,2,0,1,0,81.91999793052673,4,4,0,2,38,0,0,40,220.959
1314,2,0,2,0,9.216000325977802,4,4,0,2,38,0,0,40,220.959
1314,2,0,3,0,118.78400295972824,4,4,0,2,38,0,0,40,220.959
1314,24,0,0,0,9.216000325977802,4,4,0,0,40,0,0,40,2.15
1314,24,0,1,0,62.463998794555664,4,4,0,0,40,0,0,40,2.15
1314,24,0,2,0,9.216000325977802,4,4,0,0,40,0,0,40,2.15
1314,24,0,3,0,4.095999989658594,4,4,0,0,40,0,0,40,2.15
1314,40,0,0,1,9.216000325977802,4,4,0,1,39,0,0,40,79.869
1314,40,0,1,1,66.56000018119812,4,4,0,1,39,0,0,40,79.869
1314,40,0,2,1,9.216000325977802,4,4,0,1,39,0,0,40,79.869
1314,40,0,3,1,4.095999989658594,4,4,0,1,39,0,0,40,79.869
1315,2,0,0,0,14.336000196635723,4,4,0,0,40,0,0,40,2.0
1315,2,0,1,0,66.56000018119812,4,4,0,0,40,0,0,40,2.0
1315,2,0,2,0,9.216000325977802,4,4,0,0,40,0,0,40,2.0
1315,2,0,3,0,5.119999870657921,4,4,0,0,40,0,0,40,2.0
1315,24,0,0,0,8.191999979317188,4,4,0,1,39,0,0,40,69.38
1315,24,0,1,0,60.416001826524734,4,4,0,1,39,0,0,40,69.38
1315,24,0,2,0,9.216000325977802,4,4,0,1,39,0,0,40,69.38
1315,24,0,3,0,4.095999989658594,4,4,0,1,39,0,0,40,69.38
1315,40,0,0,1,9.216000325977802,4,4,0,3,37,0,0,40,314.21
1315,40,0,1,1,73.72800260782242,4,4,0,3,37,0,0,40,314.21
1315,40,0,2,1,9.216000325977802,4,4,0,3,37,0,0,40,314.21
1315,40,0,3,1,219.13599967956543,4,4,0,3,37,0,0,40,314.21
1316,2,0,0,0,13.311999849975109,4,4,0,0,40,0,0,40,2.649
1316,2,0,1,0,79.8719972372055,4,4,0,0,40,0,0,40,2.649
1316,2,0,2,0,9.216000325977802,4,4,0,0,40,0,0,40,2.649
1316,2,0,3,0,6.144000217318535,4,4,0,0,40,0,0,40,2.649
1316,24,0,0,0,9.216000325977802,4,4,0,1,39,0,0,40,62.51
1316,24,0,1,0,66.56000018119812,4,4,0,1,39,0,0,40,62.51
1316,24,0,2,0,9.216000325977802,4,4,0,1,39,0,0,40,62.51
1316,24,0,3,0,4.095999989658594,4,4,0,1,39,0,0,40,62.51
1316,40,0,0,1,9.216000325977802,4,4,0,1,39,0,0,40,100.77
1316,40,0,1,1,79.8719972372055,4,4,0,1,39,0,0,40,100.77
1316,40,0,2,1,9.216000325977802,4,4,0,1,39,0,0,40,100.77
1316,40,0,3,1,4.095999989658594,4,4,0,1,39,0,0,40,100.77
1317,2,0,0,0,8.191999979317188,4,4,0,1,39,0,0,40,138.88
1317,2,0,1,0,92.16000139713287,4,4,0,1,39,0,0,40,138.88
1317,2,0,2,0,8.191999979317188,4,4,0,1,39,0,0,40,138.88
1317,2,0,3,0,25.599999353289604,4,4,0,1,39,0,0,40,138.88
1317,24,0,0,0,8.191999979317188,4,4,0,0,40,0,0,40,2.36
1317,24,0,1,0,67.58400052785873,4,4,0,0,40,0,0,40,2.36
1317,24,0,2,0,9.216000325977802,4,4,0,0,40,0,0,40,2.36
1317,24,0,3,0,4.095999989658594,4,4,0,0,40,0,0,40,2.36
1317,40,0,0,1,9.216000325977802,4,4,0,0,40,0,0,40,3.411
1317,40,0,1,1,51.19999870657921,4,4,0,0,40,0,0,40,3.411
1317,40,0,2,1,9.216000325977802,4,4,0,0,40,0,0,40,3.411
1317,40,0,3,1,4.095999989658594,4,4,0,0,40,0,0,40,3.411
1318,2,0,0,0,14.336000196635723,4,4,0,2,38,0,0,40,161.109
1318,2,0,1,0,84.99199897050858,4,4,0,2,38,0,0,40,161.109
1318,2,0,2,0,9.216000325977802,4,4,0,2,38,0,0,40,161.109
1318,2,0,3,0,49.15200173854828,4,4,0,2,38,0,0,40,161.109
1318,24,0,0,0,8.191999979317188,4,4,0,0,40,0,0,40,2.5
1318,24,0,1,0,62.463998794555664,4,4,0,0,40,0,0,40,2.5
1318,24,0,2,0,8.191999979317188,4,4,0,0,40,0,0,40,2.5
1318,24,0,3,0,3.0720001086592674,4,4,0,0,40,0,0,40,2.5
1318,40,0,0,1,8.191999979317188,4,4,0,1,39,0,0,40,96.759
1318,40,0,1,1,62.463998794555664,4,4,0,1,39,0,0,40,96.759
1318,40,0,2,1,9.216000325977802,4,4,0,1,39,0,0,40,96.759
1318,40,0,3,1,12.28800043463707,4,4,0,1,39,0,0,40,96.759
1319,2,0,0,0,9.216000325977802,4,4,0,1,39,0,0,40,66.86
1319,2,0,1,0,68.60800087451935,4,4,0,1,39,0,0,40,66.86
1319,2,0,2,0,9.216000325977802,4,4,0,1,39,0,0,40,66.86
1319,2,0,3,0,6.144000217318535,4,4,0,1,39,0,0,40,66.86
1319,24,0,0,0,8.191999979317188,4,4,0,0,40,0,0,40,2.191
1319,24,0,1,0,72.7040022611618,4,4,0,0,40,0,0,40,2.191
1319,24,0,2,0,9.216000325977802,4,4,0,0,40,0,0,40,2.191
1319,24,0,3,0,4.095999989658594,4,4,0,0,40,0,0,40,2.191
1319,40,0,0,1,10.239999741315842,4,4,0,0,40,0,0,40,1.991
1319,40,0,1,1,73.72800260782242,4,4,0,0,40,0,0,40,1.991
1319,40,0,2,1,8.191999979317188,4,4,0,0,40,0,0,40,1.991
1319,40,0,3,1,4.095999989658594,4,4,0,0,40,0,0,40,1.991
1320,2,0,0,0,8.191999979317188,4,4,0,2,38,0,0,40,100.01
1320,2,0,1,0,71.68000191450119,4,4,0,2,38,0,0,40,100.01
1320,2,0,2,0,10.239999741315842,4,4,0,2,38,0,0,40,100.01
1320,2,0,3,0,7.168000098317862,4,4,0,2,38,0,0,40,100.01
1320,24,0,0,0,8.191999979317188,4,4,0,0,40,0,0,40,1.86
1320,24,0,1,0,63.48799914121628,4,4,0,0,40,0,0,40,1.86
1320,24,0,2,0,9.216000325977802,4,4,0,0,40,0,0,40,1.86
1320,24,0,3,0,4.095999989658594,4,4,0,0,40,0,0,40,1.86
1320,40,0,0,1,9.216000325977802,4,4,0,0,40,0,0,40,2.32
1320,40,0,1,1,81.91999793052673,4,4,0,0,40,0,0,40,2.32
1320,40,0,2,1,9.216000325977802,4,4,0,0,40,0,0,40,2.32
1320,40,0,3,1,4.095999989658594,4,4,0,0,40,0,0,40,2.32
1321,2,0,0,0,8.191999979317188,4,4,0,2,38,0,0,40,115.04
1321,2,0,1,0,74.75200295448303,4,4,0,2,38,0,0,40,115.04
1321,2,0,2,0,9.216000325977802,4,4,0,2,38,0,0,40,115.04
1321,2,0,3,0,18.432000651955605,4,4,0,2,38,0,0,40,115.04
1321,24,0,0,0,8.191999979317188,4,4,0,0,40,0,0,40,2.11
1321,24,0,1,0,64.51199948787689,4,4,0,0,40,0,0,40,2.11
1321,24,0,2,0,8.191999979317188,4,4,0,0,40,0,0,40,2.11
1321,24,0,3,0,4.095999989658594,4,4,0,0,40,0,0,40,2.11
1321,40,0,0,1,9.216000325977802,4,4,0,3,37,0,0,40,168.448
1321,40,0,1,1,70.65600156784058,4,4,0,3,37,0,0,40,168.448
1321,40,0,2,1,9.216000325977802,4,4,0,3,37,0,0,40,168.448
1321,40,0,3,1,72.7040022611618,4,4,0,3,37,0,0,40,168.448
1322,2,0,0,0,14.336000196635723,4,4,0,0,40,0,0,40,2.36
1322,2,0,1,0,83.96799862384796,4,4,0,0,40,0,0,40,2.36
1322,2,0,2,0,9.216000325977802,4,4,0,0,40,0,0,40,2.36
1322,2,0,3,0,5.119999870657921,4,4,0,0,40,0,0,40,2.36
1322,24,0,0,0,8.191999979317188,4,4,0,0,40,0,0,40,2.349
1322,24,0,1,0,83.96799862384796,4,4,0,0,40,0,0,40,2.349
1322,24,0,2,0,9.216000325977802,4,4,0,0,40,0,0,40,2.349
1322,24,0,3,0,4.095999989658594,4,4,0,0,40,0,0,40,2.349
1322,40,0,0,1,9.216000325977802,4,4,0,0,40,0,0,40,4.24
1322,40,0,1,1,56.32000043988228,4,4,0,0,40,0,0,40,4.24
1322,40,0,2,1,9.216000325977802,4,4,0,0,40,0,0,40,4.24
1322,40,0,3,1,4.095999989658594,4,4,0,0,40,0,0,40,4.24
1323,2,0,0,0,9.216000325977802,3,3,0,1,29,0,0,30,150.57
1323,2,0,1,0,64.51199948787689,3,3,0,1,29,0,0,30,150.57
1323,2,0,2,0,9.216000325977802,3,3,0,1,29,0,0,30,150.57
1323,2,0,3,0,65.5359998345375,3,3,0,1,29,0,0,30,150.57
1323,24,0,0,0,15.359999611973763,3,3,0,0,30,0,0,30,1.81
1323,24,0,1,0,54.27199974656105,3,3,0,0,30,0,0,30,1.81
1323,24,0,2,0,8.191999979317188,3,3,0,0,30,0,0,30,1.81
1323,24,0,3,0,4.095999989658594,3,3,0,0,30,0,0,30,1.81
1323,40,0,0,1,9.216000325977802,3,3,0,1,29,0,0,30,72.32
1323,40,0,1,1,52.22399905323982,3,3,0,1,29,0,0,30,72.32
1323,40,0,2,1,10.239999741315842,3,3,0,1,29,0,0,30,72.32
1323,40,0,3,1,4.095999989658594,3,3,0,1,29,0,0,30,72.32
1324,2,0,0,0,8.191999979317188,1,1,0,0,10,0,0,10,2.84
1324,2,0,1,0,31.74399957060814,1,1,0,0,10,0,0,10,2.84
1324,2,0,2,0,9.216000325977802,1,1,0,0,10,0,0,10,2.84
1324,2,0,3,0,5.119999870657921,1,1,0,0,10,0,0,10,2.84
1324,24,0,0,0,9.216000325977802,1,1,0,0,10,0,0,10,0.61
1324,24,0,1,0,31.74399957060814,1,1,0,0,10,0,0,10,0.61
1324,24,0,2,0,9.216000325977802,1,1,0,0,10,0,0,10,0.61
1324,24,0,3,0,4.095999989658594,1,1,0,0,10,0,0,10,0.61
1324,40,0,0,1,8.191999979317188,1,1,0,0,10,0,0,10,0.51
1324,40,0,1,1,35.840000957250595,1,1,0,0,10,0,0,10,0.51
1324,40,0,2,1,9.216000325977802,1,1,0,0,10,0,0,10,0.51
1324,40,0,3,1,4.095999989658594,1,1,0,0,10,0,0,10,0.51
1325,2,0,0,0,15.359999611973763,4,4,0,2,38,0,0,40,159.089
1325,2,0,1,0,86.01599931716919,4,4,0,2,38,0,0,40,159.089
1325,2,0,2,0,9.216000325977802,4,4,0,2,38,0,0,40,159.089
1325,2,0,3,0,45.05600035190582,4,4,0,2,38,0,0,40,159.089
1325,24,0,0,0,8.191999979317188,4,4,0,0,40,0,0,40,2.091
1325,24,0,1,0,63.48799914121628,4,4,0,0,40,0,0,40,2.091
1325,24,0,2,0,9.216000325977802,4,4,0,0,40,0,0,40,2.091
1325,24,0,3,0,4.095999989658594,4,4,0,0,40,0,0,40,2.091
1325,40,0,0,1,16.383999958634377,4,4,0,2,38,0,0,40,83.539
1325,40,0,1,1,51.19999870657921,4,4,0,2,38,0,0,40,83.539
1325,40,0,2,1,10.239999741315842,4,4,0,2,38,0,0,40,83.539
1325,40,0,3,1,4.095999989658594,4,4,0,2,38,0,0,40,83.539
1326,2,0,0,0,15.359999611973763,4,4,0,0,40,0,0,40,2.38
1326,2,0,1,0,70.65600156784058,4,4,0,0,40,0,0,40,2.38
1326,2,0,2,0,8.191999979317188,4,4,0,0,40,0,0,40,2.38
1326,2,0,3,0,7.168000098317862,4,4,0,0,40,0,0,40,2.38
1326,24,0,0,0,9.216000325977802,4,4,0,0,40,0,0,40,2.349
1326,24,0,1,0,58.36800113320351,4,4,0,0,40,0,0,40,2.349
1326,24,0,2,0,8.191999979317188,4,4,0,0,40,0,0,40,2.349
1326,24,0,3,0,4.095999989658594,4,4,0,0,40,0,0,40,2.349
1326,40,0,0,1,8.191999979317188,4,4,0,0,40,0,0,40,5.12
1326,40,0,1,1,78.84799689054489,4,4,0,0,40,0,0,40,5.12
1326,40,0,2,1,8.191999979317188,4,4,0,0,40,0,0,40,5.12
1326,40,0,3,1,4.095999989658594,4,4,0,0,40,0,0,40,5.12
1327,2,0,0,0,8.191999979317188,4,4,0,4,36,0,0,40,173.679
1327,2,0,1,0,78.84799689054489,4,4,0,4,36,0,0,40,173.679
1327,2,0,2,0,9.216000325977802,4,4,0,4,36,0,0,40,173.679
1327,2,0,3,0,74.75200295448303,4,4,0,4,36,0,0,40,173.679
1327,24,0,0,0,8.191999979317188,4,4,0,0,40,0,0,40,4.229
1327,24,0,1,0,69.63200122117996,4,4,0,0,40,0,0,40,4.229
1327,24,0,2,0,9.216000325977802,4,4,0,0,40,0,0,40,4.229
1327,24,0,3,0,4.095999989658594,4,4,0,0,40,0,0,40,4.229
1327,40,0,0,1,9.216000325977802,4,4,0,0,40,0,0,40,4.371
1327,40,0,1,1,81.91999793052673,4,4,0,0,40,0,0,40,4.371
1327,40,0,2,1,9.216000325977802,4,4,0,0,40,0,0,40,4.371
1327,40,0,3,1,4.095999989658594,4,4,0,0,40,0,0,40,4.371
1328,2,0,0,0,14.336000196635723,4,4,0,0,40,0,0,40,2.3
1328,2,0,1,0,89.08800035715103,4,4,0,0,40,0,0,40,2.3
1328,2,0,2,0,9.216000325977802,4,4,0,0,40,0,0,40,2.3
1328,2,0,3,0,5.119999870657921,4,4,0,0,40,0,0,40,2.3
1328,24,0,0,0,8.191999979317188,4,4,0,0,40,0,0,40,1.92
1328,24,0,1,0,77.82399654388428,4,4,0,0,40,0,0,40,1.92
1328,24,0,2,0,9.216000325977802,4,4,0,0,40,0,0,40,1.92
1328,24,0,3,0,4.095999989658594,4,4,0,0,40,0,0,40,1.92
1328,40,0,0,1,15.359999611973763,4,4,0,2,38,0,0,40,206.359
1328,40,0,1,1,79.8719972372055,4,4,0,2,38,0,0,40,206.359
1328,40,0,2,1,8.191999979317188,4,4,0,2,38,0,0,40,206.359
1328,40,0,3,1,99.32799637317657,4,4,0,2,38,0,0,40,206.359
1329,2,0,0,0,9.216000325977802,4,4,0,3,37,0,0,40,295.191
1329,2,0,1,0,68.60800087451935,4,4,0,3,37,0,0,40,295.191
1329,2,0,2,0,9.216000325977802,4,4,0,3,37,0,0,40,295.191
1329,2,0,3,0,206.84799551963806,4,4,0,3,37,0,0,40,295.191
1329,24,0,0,0,9.216000325977802,4,4,0,0,40,0,0,40,1.991
1329,24,0,1,0,61.43999844789505,4,4,0,0,40,0,0,40,1.991
1329,24,0,2,0,9.216000325977802,4,4,0,0,40,0,0,40,1.991
1329,24,0,3,0,4.095999989658594,4,4,0,0,40,0,0,40,1.991
1329,40,0,0,1,9.216000325977802,4,4,0,0,40,0,0,40,2.349
1329,40,0,1,1,52.22399905323982,4,4,0,0,40,0,0,40,2.349
1329,40,0,2,1,9.216000325977802,4,4,0,0,40,0,0,40,2.349
1329,40,0,3,1,4.095999989658594,4,4,0,0,40,0,0,40,2.349
1330,2,0,0,0,15.359999611973763,4,4,0,1,39,0,0,40,108.14
1330,2,0,1,0,80.89599758386612,4,4,0,1,39,0,0,40,108.14
1330,2,0,2,0,9.216000325977802,4,4,0,1,39,0,0,40,108.14
1330,2,0,3,0,6.144000217318535,4,4,0,1,39,0,0,40,108.14
1330,24,0,0,0,8.191999979317188,4,4,0,0,40,0,0,40,1.94
1330,24,0,1,0,53.247999399900436,4,4,0,0,40,0,0,40,1.94
1330,24,0,2,0,9.216000325977802,4,4,0,0,40,0,0,40,1.94
1330,24,0,3,0,4.095999989658594,4,4,0,0,40,0,0,40,1.94
1330,40,0,0,1,9.216000325977802,4,4,0,0,40,0,0,40,4.271
1330,40,0,1,1,76.80000364780426,4,4,0,0,40,0,0,40,4.271
1330,40,0,2,1,9.216000325977802,4,4,0,0,40,0,0,40,4.271
1330,40,0,3,1,4.095999989658594,4,4,0,0,40,0,0,40,4.271
1331,2,0,0,0,9.216000325977802,2,2,0,0,20,0,0,20,3.671
1331,2,0,1,0,51.19999870657921,2,2,0,0,20,0,0,20,3.671
1331,2,0,2,0,9.216000325977802,2,2,0,0,20,0,0,20,3.671
1331,2,0,3,0,7.168000098317862,2,2,0,0,20,0,0,20,3.671
1331,24,0,0,0,8.191999979317188,2,2,0,0,20,0,0,20,1.1
1331,24,0,1,0,46.08000069856644,2,2,0,0,20,0,0,20,1.1
1331,24,0,2,0,9.216000325977802,2,2,0,0,20,0,0,20,1.1
1331,24,0,3,0,4.095999989658594,2,2,0,0,20,0,0,20,1.1
1331,40,0,0,1,9.216000325977802,2,2,0,0,20,0,0,20,1.089
1331,40,0,1,1,57.34400078654289,2,2,0,0,20,0,0,20,1.089
1331,40,0,2,1,9.216000325977802,2,2,0,0,20,0,0,20,1.089
1331,40,0,3,1,4.095999989658594,2,2,0,0,20,0,0,20,1.089
1332,2,0,0,0,15.359999611973763,3,3,0,0,30,0,0,30,2.311
1332,2,0,1,0,61.43999844789505,3,3,0,0,30,0,0,30,2.311
1332,2,0,2,0,8.191999979317188,3,3,0,0,30,0,0,30,2.311
1332,2,0,3,0,5.119999870657921,3,3,0,0,30,0,0,30,2.311
1332,24,0,0,0,9.216000325977802,3,3,0,0,30,0,0,30,3.3
1332,24,0,1,0,71.68000191450119,3,3,0,0,30,0,0,30,3.3
1332,24,0,2,0,9.216000325977802,3,3,0,0,30,0,0,30,3.3
1332,24,0,3,0,5.119999870657921,3,3,0,0,30,0,0,30,3.3
1332,40,0,0,1,10.239999741315842,3,3,0,0,30,0,0,30,1.76
1332,40,0,1,1,69.63200122117996,3,3,0,0,30,0,0,30,1.76
1332,40,0,2,1,9.216000325977802,3,3,0,0,30,0,0,30,1.76
1332,40,0,3,1,4.095999989658594,3,3,0,0,30,0,0,30,1.76
1333,2,0,0,0,14.336000196635723,4,4,0,0,40,0,0,40,3.109
1333,2,0,1,0,89.08800035715103,4,4,0,0,40,0,0,40,3.109
1333,2,0,2,0,9.216000325977802,4,4,0,0,40,0,0,40,3.109
1333,2,0,3,0,5.119999870657921,4,4,0,0,40,0,0,40,3.109
1333,24,0,0,0,8.191999979317188,4,4,0,0,40,0,0,40,4.18
1333,24,0,1,0,73.72800260782242,4,4,0,0,40,0,0,40,4.18
1333,24,0,2,0,9.216000325977802,4,4,0,0,40,0,0,40,4.18
1333,24,0,3,0,4.095999989658594,4,4,0,0,40,0,0,40,4.18
1333,40,0,0,1,9.216000325977802,4,4,0,0,40,0,0,40,6.02
1333,40,0,1,1,80.89599758386612,4,4,0,0,40,0,0,40,6.02
1333,40,0,2,1,9.216000325977802,4,4,0,0,40,0,0,40,6.02
1333,40,0,3,1,4.095999989658594,4,4,0,0,40,0,0,40,6.02
1334,2,0,0,0,16.383999958634377,3,3,0,1,29,0,0,30,82.329
1334,2,0,1,0,58.36800113320351,3,3,0,1,29,0,0,30,82.329
1334,2,0,2,0,9.216000325977802,3,3,0,1,29,0,0,30,82.329
1334,2,0,3,0,6.144000217318535,3,3,0,1,29,0,0,30,82.329
1334,24,0,0,0,9.216000325977802,3,3,0,0,30,0,0,30,4.351
1334,24,0,1,0,55.296000093221664,3,3,0,0,30,0,0,30,4.351
1334,24,0,2,0,9.216000325977802,3,3,0,0,30,0,0,30,4.351
1334,24,0,3,0,4.095999989658594,3,3,0,0,30,0,0,30,4.351
1334,40,0,0,1,9.216000325977802,3,3,0,0,30,0,0,30,1.349
1334,40,0,1,1,72.7040022611618,3,3,0,0,30,0,0,30,1.349
1334,40,0,2,1,9.216000325977802,3,3,0,0,30,0,0,30,1.349
1334,40,0,3,1,4.095999989658594,3,3,0,0,30,0,0,30,1.349
1335,2,0,0,0,14.336000196635723,4,4,0,1,39,0,0,40,78.81
1335,2,0,1,0,84.99199897050858,4,4,0,1,39,0,0,40,78.81
1335,2,0,2,0,9.216000325977802,4,4,0,1,39,0,0,40,78.81
1335,2,0,3,0,5.119999870657921,4,4,0,1,39,0,0,40,78.81
1335,24,0,0,0,8.191999979317188,4,4,0,2,38,0,0,40,124.3
1335,24,0,1,0,78.84799689054489,4,4,0,2,38,0,0,40,124.3
1335,24,0,2,0,9.216000325977802,4,4,0,2,38,0,0,40,124.3
1335,24,0,3,0,24.57600086927414,4,4,0,2,38,0,0,40,124.3
1335,40,0,0,1,9.216000325977802,4,4,0,0,40,0,0,40,2.24
1335,40,0,1,1,74.75200295448303,4,4,0,0,40,0,0,40,2.24
1335,40,0,2,1,9.216000325977802,4,4,0,0,40,0,0,40,2.24
1335,40,0,3,1,4.095999989658594,4,4,0,0,40,0,0,40,2.24
1336,2,0,0,0,8.191999979317188,4,4,0,1,39,0,0,40,104.779
1336,2,0,1,0,88.06400001049042,4,4,0,1,39,0,0,40,104.779
1336,2,0,2,0,8.191999979317188,4,4,0,1,39,0,0,40,104.779
1336,2,0,3,0,5.119999870657921,4,4,0,1,39,0,0,40,104.779
1336,24,0,0,0,9.216000325977802,4,4,0,3,37,0,0,40,237.609
1336,24,0,1,0,86.01599931716919,4,4,0,3,37,0,0,40,237.609
1336,24,0,2,0,9.216000325977802,4,4,0,3,37,0,0,40,237.609
1336,24,0,3,0,129.02399897575378,4,4,0,3,37,0,0,40,237.609
1336,40,0,0,1,8.191999979317188,4,4,0,1,39,0,0,40,79.779
1336,40,0,1,1,79.8719972372055,4,4,0,1,39,0,0,40,79.779
1336,40,0,2,1,9.216000325977802,4,4,0,1,39,0,0,40,79.779
1336,40,0,3,1,4.095999989658594,4,4,0,1,39,0,0,40,79.779
1337,2,0,0,0,8.191999979317188,4,4,0,1,39,0,0,40,84.35
1337,2,0,1,0,73.72800260782242,4,4,0,1,39,0,0,40,84.35
1337,2,0,2,0,9.216000325977802,4,4,0,1,39,0,0,40,84.35
1337,2,0,3,0,8.191999979317188,4,4,0,1,39,0,0,40,84.35
1337,24,0,0,0,8.191999979317188,4,4,0,0,40,0,0,40,2.06
1337,24,0,1,0,74.75200295448303,4,4,0,0,40,0,0,40,2.06
1337,24,0,2,0,9.216000325977802,4,4,0,0,40,0,0,40,2.06
1337,24,0,3,0,4.095999989658594,4,4,0,0,40,0,0,40,2.06
1337,40,0,0,1,10.239999741315842,4,4,0,0,40,0,0,40,2.61
1337,40,0,1,1,88.06400001049042,4,4,0,0,40,0,0,40,2.61
1337,40,0,2,1,9.216000325977802,4,4,0,0,40,0,0,40,2.61
1337,40,0,3,1,4.095999989658594,4,4,0,0,40,0,0,40,2.61
1338,2,0,0,0,9.216000325977802,4,4,0,1,39,0,0,40,91.029
1338,2,0,1,0,69.63200122117996,4,4,0,1,39,0,0,40,91.029
1338,2,0,2,0,8.191999979317188,4,4,0,1,39,0,0,40,91.029
1338,2,0,3,0,5.119999870657921,4,4,0,1,39,0,0,40,91.029
1338,24,0,0,0,8.191999979317188,4,4,0,0,40,0,0,40,2.3
1338,24,0,1,0,70.65600156784058,4,4,0,0,40,0,0,40,2.3
1338,24,0,2,0,9.216000325977802,4,4,0,0,40,0,0,40,2.3
1338,24,0,3,0,4.095999989658594,4,4,0,0,40,0,0,40,2.3
1338,40,0,0,1,8.191999979317188,4,4,0,0,40,0,0,40,2.77
1338,40,0,1,1,71.68000191450119,4,4,0,0,40,0,0,40,2.77
1338,40,0,2,1,9.216000325977802,4,4,0,0,40,0,0,40,2.77
1338,40,0,3,1,4.095999989658594,4,4,0,0,40,0,0,40,2.77
1339,2,0,0,0,9.216000325977802,4,4,0,0,40,0,0,40,3.23
1339,2,0,1,0,90.11200070381165,4,4,0,0,40,0,0,40,3.23
1339,2,0,2,0,9.216000325977802,4,4,0,0,40,0,0,40,3.23
1339,2,0,3,0,5.119999870657921,4,4,0,0,40,0,0,40,3.23
1339,24,0,0,0,8.191999979317188,4,4,0,0,40,0,0,40,2.62
1339,24,0,1,0,64.51199948787689,4,4,0,0,40,0,0,40,2.62
1339,24,0,2,0,8.191999979317188,4,4,0,0,40,0,0,40,2.62
1339,24,0,3,0,3.0720001086592674,4,4,0,0,40,0,0,40,2.62
1339,40,0,0,1,9.216000325977802,4,4,0,0,40,0,0,40,2.32
1339,40,0,1,1,64.51199948787689,4,4,0,0,40,0,0,40,2.32
1339,40,0,2,1,9.216000325977802,4,4,0,0,40,0,0,40,2.32
1339,40,0,3,1,4.095999989658594,4,4,0,0,40,0,0,40,2.32
1340,2,0,0,0,9.216000325977802,1,1,0,1,9,0,0,10,78.669
1340,2,0,1,0,29.69600073993206,1,1,0,1,9,0,0,10,78.669
1340,2,0,2,0,9.216000325977802,1,1,0,1,9,0,0,10,78.669
1340,2,0,3,0,26.623999699950218,1,1,0,1,9,0,0,10,78.669
1340,24,0,0,0,9.216000325977802,1,1,0,0,10,0,0,10,0.59
1340,24,0,1,0,31.74399957060814,1,1,0,0,10,0,0,10,0.59
1340,24,0,2,0,9.216000325977802,1,1,0,0,10,0,0,10,0.59
1340,24,0,3,0,4.095999989658594,1,1,0,0,10,0,0,10,0.59
1340,40,0,0,1,8.191999979317188,1,1,0,0,10,0,0,10,0.87
1340,40,0,1,1,35.840000957250595,1,1,0,0,10,0,0,10,0.87
1340,40,0,2,1,9.216000325977802,1,1,0,0,10,0,0,10,0.87
1340,40,0,3,1,4.095999989658594,1,1,0,0,10,0,0,10,0.87
1341,2,0,0,0,14.336000196635723,4,4,0,3,37,0,0,40,87.649
1341,2,0,1,0,67.58400052785873,4,4,0,3,37,0,0,40,87.649
1341,2,0,2,0,9.216000325977802,4,4,0,3,37,0,0,40,87.649
1341,2,0,3,0,6.144000217318535,4,4,0,3,37,0,0,40,87.649
1341,24,0,0,0,7.168000098317862,4,4,0,0,40,0,0,40,2.25
1341,24,0,1,0,63.48799914121628,4,4,0,0,40,0,0,40,2.25
1341,24,0,2,0,9.216000325977802,4,4,0,0,40,0,0,40,2.25
1341,24,0,3,0,4.095999989658594,4,4,0,0,40,0,0,40,2.25
1341,40,0,0,1,8.191999979317188,4,4,0,0,40,0,0,40,2.56
1341,40,0,1,1,77.82399654388428,4,4,0,0,40,0,0,40,2.56
1341,40,0,2,1,9.216000325977802,4,4,0,0,40,0,0,40,2.56
1341,40,0,3,1,4.095999989658594,4,4,0,0,40,0,0,40,2.56
1342,2,0,0,0,9.216000325977802,2,2,0,1,19,0,0,20,40.07
1342,2,0,1,0,49.15200173854828,2,2,0,1,19,0,0,20,40.07
1342,2,0,2,0,9.216000325977802,2,2,0,1,19,0,0,20,40.07
1342,2,0,3,0,5.119999870657921,2,2,0,1,19,0,0,20,40.07
1342,24,0,0,0,9.216000325977802,2,2,0,0,20,0,0,20,1.12
1342,24,0,1,0,43.007999658584595,2,2,0,0,20,0,0,20,1.12
1342,24,0,2,0,9.216000325977802,2,2,0,0,20,0,0,20,1.12
1342,24,0,3,0,4.095999989658594,2,2,0,0,20,0,0,20,1.12
1342,40,0,0,1,9.216000325977802,2,2,0,0,20,0,0,20,3.35
1342,40,0,1,1,52.22399905323982,2,2,0,0,20,0,0,20,3.35
1342,40,0,2,1,9.216000325977802,2,2,0,0,20,0,0,20,3.35
1342,40,0,3,1,4.095999989658594,2,2,0,0,20,0,0,20,3.35
1343,2,0,0,0,15.359999611973763,4,4,0,0,40,0,0,40,3.46
1343,2,0,1,0,88.06400001049042,4,4,0,0,40,0,0,40,3.46
1343,2,0,2,0,9.216000325977802,4,4,0,0,40,0,0,40,3.46
1343,2,0,3,0,6.144000217318535,4,4,0,0,40,0,0,40,3.46
1343,24,0,0,0,8.191999979317188,4,4,0,0,40,0,0,40,2.72
1343,24,0,1,0,73.72800260782242,4,4,0,0,40,0,0,40,2.72
1343,24,0,2,0,9.216000325977802,4,4,0,0,40,0,0,40,2.72
1343,24,0,3,0,4.095999989658594,4,4,0,0,40,0,0,40,2.72
1343,40,0,0,1,10.239999741315842,4,4,0,0,40,0,0,40,4.75
1343,40,0,1,1,68.60800087451935,4,4,0,0,40,0,0,40,4.75
1343,40,0,2,1,9.216000325977802,4,4,0,0,40,0,0,40,4.75
1343,40,0,3,1,4.095999989658594,4,4,0,0,40,0,0,40,4.75
1344,2,0,0,0,9.216000325977802,4,4,0,1,39,0,0,40,73.37
1344,2,0,1,0,87.0399996638298,4,4,0,1,39,0,0,40,73.37
1344,2,0,2,0,9.216000325977802,4,4,0,1,39,0,0,40,73.37
1344,2,0,3,0,5.119999870657921,4,4,0,1,39,0,0,40,73.37
1344,24,0,0,0,8.191999979317188,4,4,0,0,40,0,0,40,2.48
1344,24,0,1,0,73.72800260782242,4,4,0,0,40,0,0,40,2.48
1344,24,0,2,0,9.216000325977802,4,4,0,0,40,0,0,40,2.48
1344,24,0,3,0,4.095999989658594,4,4,0,0,40,0,0,40,2.48
1344,40,0,0,1,9.216000325977802,4,4,0,0,40,0,0,40,2.231
1344,40,0,1,1,67.58400052785873,4,4,0,0,40,0,0,40,2.231
1344,40,0,2,1,9.216000325977802,4,4,0,0,40,0,0,40,2.231
1344,40,0,3,1,4.095999989658594,4,4,0,0,40,0,0,40,2.231
1345,2,0,0,0,15.359999611973763,4,4,0,0,40,0,0,40,4.65
1345,2,0,1,0,92.16000139713287,4,4,0,0,40,0,0,40,4.65
1345,2,0,2,0,9.216000325977802,4,4,0,0,40,0,0,40,4.65
1345,2,0,3,0,5.119999870657921,4,4,0,0,40,0,0,40,4.65
1345,24,0,0,0,9.216000325977802,4,4,0,0,40,0,0,40,2.32
1345,24,0,1,0,73.72800260782242,4,4,0,0,40,0,0,40,2.32
1345,24,0,2,0,9.216000325977802,4,4,0,0,40,0,0,40,2.32
1345,24,0,3,0,4.095999989658594,4,4,0,0,40,0,0,40,2.32
1345,40,0,0,1,10.239999741315842,4,4,0,0,40,0,0,40,2.72
1345,40,0,1,1,57.34400078654289,4,4,0,0,40,0,0,40,2.72
1345,40,0,2,1,9.216000325977802,4,4,0,0,40,0,0,40,2.72
1345,40,0,3,1,4.095999989658594,4,4,0,0,40,0,0,40,2.72
1346,2,0,0,0,8.191999979317188,4,4,0,2,38,0,0,40,95.189
1346,2,0,1,0,93.18400174379349,4,4,0,2,38,0,0,40,95.189
1346,2,0,2,0,9.216000325977802,4,4,0,2,38,0,0,40,95.189
1346,2,0,3,0,5.119999870657921,4,4,0,2,38,0,0,40,95.189
1346,24,0,0,0,8.191999979317188,4,4,0,1,39,0,0,40,70.51
1346,24,0,1,0,69.63200122117996,4,4,0,1,39,0,0,40,70.51
1346,24,0,2,0,9.216000325977802,4,4,0,1,39,0,0,40,70.51
1346,24,0,3,0,4.095999989658594,4,4,0,1,39,0,0,40,70.51
1346,40,0,0,1,10.239999741315842,4,4,0,0,40,0,0,40,2.22
1346,40,0,1,1,59.39200147986412,4,4,0,0,40,0,0,40,2.22
1346,40,0,2,1,9.216000325977802,4,4,0,0,40,0,0,40,2.22
1346,40,0,3,1,4.095999989658594,4,4,0,0,40,0,0,40,2.22
1347,2,0,0,0,8.191999979317188,4,4,0,1,39,0,0,40,86.439
1347,2,0,1,0,90.11200070381165,4,4,0,1,39,0,0,40,86.439
1347,2,0,2,0,9.216000325977802,4,4,0,1,39,0,0,40,86.439
1347,2,0,3,0,5.119999870657921,4,4,0,1,39,0,0,40,86.439
1347,24,0,0,0,8.191999979317188,4,4,0,0,40,0,0,40,2.13
1347,24,0,1,0,66.56000018119812,4,4,0,0,40,0,0,40,2.13
1347,24,0,2,0,9.216000325977802,4,4,0,0,40,0,0,40,2.13
1347,24,0,3,0,4.095999989658594,4,4,0,0,40,0,0,40,2.13
1347,40,0,0,1,9.216000325977802,4,4,0,1,39,0,0,40,80.9
1347,40,0,1,1,71.68000191450119,4,4,0,1,39,0,0,40,80.9
1347,40,0,2,1,9.216000325977802,4,4,0,1,39,0,0,40,80.9
1347,40,0,3,1,4.095999989658594,4,4,0,1,39,0,0,40,80.9
1348,2,0,0,0,9.216000325977802,4,4,0,2,38,0,0,40,116.939
1348,2,0,1,0,91.13600105047226,4,4,0,2,38,0,0,40,116.939
1348,2,0,2,0,9.216000325977802,4,4,0,2,38,0,0,40,116.939
1348,2,0,3,0,6.144000217318535,4,4,0,2,38,0,0,40,116.939
1348,24,0,0,0,9.216000325977802,4,4,0,0,40,0,0,40,4.84
1348,24,0,1,0,68.60800087451935,4,4,0,0,40,0,0,40,4.84
1348,24,0,2,0,9.216000325977802,4,4,0,0,40,0,0,40,4.84
1348,24,0,3,0,4.095999989658594,4,4,0,0,40,0,0,40,4.84
1348,40,0,0,1,8.191999979317188,4,4,0,0,40,0,0,40,4.02
1348,40,0,1,1,60.416001826524734,4,4,0,0,40,0,0,40,4.02
1348,40,0,2,1,9.216000325977802,4,4,0,0,40,0,0,40,4.02
1348,40,0,3,1,4.095999989658594,4,4,0,0,40,0,0,40,4.02
1349,2,0,0,0,14.336000196635723,4,4,0,0,40,0,0,40,4.51
1349,2,0,1,0,68.60800087451935,4,4,0,0,40,0,0,40,4.51
1349,2,0,2,0,9.216000325977802,4,4,0,0,40,0,0,40,4.51
1349,2,0,3,0,6.144000217318535,4,4,0,0,40,0,0,40,4.51
1349,24,0,0,0,8.191999979317188,4,4,0,0,40,0,0,40,2.18
1349,24,0,1,0,66.56000018119812,4,4,0,0,40,0,0,40,2.18
1349,24,0,2,0,9.216000325977802,4,4,0,0,40,0,0,40,2.18
1349,24,0,3,0,4.095999989658594,4,4,0,0,40,0,0,40,2.18
1349,40,0,0,1,9.216000325977802,4,4,0,0,40,0,0,40,4.28
1349,40,0,1,1,80.89599758386612,4,4,0,0,40,0,0,40,4.28
1349,40,0,2,1,9.216000325977802,4,4,0,0,40,0,0,40,4.28
1349,40,0,3,1,4.095999989658594,4,4,0,0,40,0,0,40,4.28
1350,2,0,0,0,16.383999958634377,4,4,0,1,39,0,0,40,90.011
1350,2,0,1,0,83.96799862384796,4,4,0,1,39,0,0,40,90.011
1350,2,0,2,0,9.216000325977802,4,4,0,1,39,0,0,40,90.011
1350,2,0,3,0,5.119999870657921,4,4,0,1,39,0,0,40,90.011
1350,24,0,0,0,8.191999979317188,4,4,0,0,40,0,0,40,4.8
1350,24,0,1,0,76.80000364780426,4,4,0,0,40,0,0,40,4.8
1350,24,0,2,0,9.216000325977802,4,4,0,0,40,0,0,40,4.8
1350,24,0,3,0,3.0720001086592674,4,4,0,0,40,0,0,40,4.8
1350,40,0,0,1,9.216000325977802,4,4,0,0,40,0,0,40,2.34
1350,40,0,1,1,81.91999793052673,4,4,0,0,40,0,0,40,2.34
1350,40,0,2,1,9.216000325977802,4,4,0,0,40,0,0,40,2.34
1350,40,0,3,1,4.095999989658594,4,4,0,0,40,0,0,40,2.34
1351,2,0,0,0,15.359999611973763,2,2,0,0,20,0,0,20,1.2
1351,2,0,1,0,51.19999870657921,2,2,0,0,20,0,0,20,1.2
1351,2,0,2,0,9.216000325977802,2,2,0,0,20,0,0,20,1.2
1351,2,0,3,0,6.144000217318535,2,2,0,0,20,0,0,20,1.2
1351,24,0,0,0,8.191999979317188,2,2,0,2,18,0,0,20,136.069
1351,24,0,1,0,45.05600035190582,2,2,0,2,18,0,0,20,136.069
1351,24,0,2,0,8.191999979317188,2,2,0,2,18,0,0,20,136.069
1351,24,0,3,0,68.60800087451935,2,2,0,2,18,0,0,20,136.069
1351,40,0,0,1,9.216000325977802,2,2,0,1,19,0,0,20,64.169
1351,40,0,1,1,48.128001391887665,2,2,0,1,19,0,0,20,64.169
1351,40,0,2,1,9.216000325977802,2,2,0,1,19,0,0,20,64.169
1351,40,0,3,1,4.095999989658594,2,2,0,1,19,0,0,20,64.169
1352,2,0,0,0,15.359999611973763,2,2,0,0,20,0,0,20,1.01
1352,2,0,1,0,47.10400104522705,2,2,0,0,20,0,0,20,1.01
1352,2,0,2,0,9.216000325977802,2,2,0,0,20,0,0,20,1.01
1352,2,0,3,0,4.095999989658594,2,2,0,0,20,0,0,20,1.01
1352,24,0,0,0,9.216000325977802,2,2,0,2,18,0,0,20,505.298
1352,24,0,1,0,40.95999896526337,2,2,0,2,18,0,0,20,505.298
1352,24,0,2,0,9.216000325977802,2,2,0,2,18,0,0,20,505.298
1352,24,0,3,0,443.3920085430145,2,2,0,2,18,0,0,20,505.298
1352,40,0,0,1,8.191999979317188,2,2,0,1,19,0,0,20,80.99
1352,40,0,1,1,53.247999399900436,2,2,0,1,19,0,0,20,80.99
1352,40,0,2,1,12.28800043463707,2,2,0,1,19,0,0,20,80.99
1352,40,0,3,1,4.095999989658594,2,2,0,1,19,0,0,20,80.99
1353,2,0,0,0,9.216000325977802,1,1,0,0,10,0,0,10,0.66
1353,2,0,1,0,31.74399957060814,1,1,0,0,10,0,0,10,0.66
1353,2,0,2,0,9.216000325977802,1,1,0,0,10,0,0,10,0.66
1353,2,0,3,0,4.095999989658594,1,1,0,0,10,0,0,10,0.66
1353,24,0,0,0,9.216000325977802,1,1,0,2,8,0,0,10,92.61
1353,24,0,1,0,27.648000046610832,1,1,0,2,8,0,0,10,92.61
1353,24,0,2,0,9.216000325977802,1,1,0,2,8,0,0,10,92.61
1353,24,0,3,0,43.007999658584595,1,1,0,2,8,0,0,10,92.61
1353,40,0,0,1,8.191999979317188,1,1,0,0,10,0,0,10,0.731
1353,40,0,1,1,34.81600061058998,1,1,0,0,10,0,0,10,0.731
1353,40,0,2,1,9.216000325977802,1,1,0,0,10,0,0,10,0.731
1353,40,0,3,1,4.095999989658594,1,1,0,0,10,0,0,10,0.731
1354,2,0,0,0,8.191999979317188,1,1,0,0,10,0,0,10,2.5
1354,2,0,1,0,31.74399957060814,1,1,0,0,10,0,0,10,2.5
1354,2,0,2,0,9.216000325977802,1,1,0,0,10,0,0,10,2.5
1354,2,0,3,0,5.119999870657921,1,1,0,0,10,0,0,10,2.5
1354,24,0,0,0,8.191999979317188,1,1,0,0,10,0,0,10,0.66
1354,24,0,1,0,31.74399957060814,1,1,0,0,10,0,0,10,0.66
1354,24,0,2,0,9.216000325977802,1,1,0,0,10,0,0,10,0.66
1354,24,0,3,0,4.095999989658594,1,1,0,0,10,0,0,10,0.66
1354,40,0,0,1,8.191999979317188,1,1,0,0,10,0,0,10,0.51
1354,40,0,1,1,34.81600061058998,1,1,0,0,10,0,0,10,0.51
1354,40,0,2,1,9.216000325977802,1,1,0,0,10,0,0,10,0.51
1354,40,0,3,1,4.095999989658594,1,1,0,0,10,0,0,10,0.51
1355,2,0,0,0,9.216000325977802,4,4,0,1,39,0,0,40,267.039
1355,2,0,1,0,87.0399996638298,4,4,0,1,39,0,0,40,267.039
1355,2,0,2,0,9.216000325977802,4,4,0,1,39,0,0,40,267.039
1355,2,0,3,0,159.743994474411,4,4,0,1,39,0,0,40,267.039
1355,24,0,0,0,18.432000651955605,4,4,0,2,38,0,0,40,101.409
1355,24,0,1,0,63.48799914121628,4,4,0,2,38,0,0,40,101.409
1355,24,0,2,0,9.216000325977802,4,4,0,2,38,0,0,40,101.409
1355,24,0,3,0,6.144000217318535,4,4,0,2,38,0,0,40,101.409
1355,40,0,0,1,9.216000325977802,4,4,0,1,39,0,0,40,67.731
1355,40,0,1,1,82.94399827718735,4,4,0,1,39,0,0,40,67.731
1355,40,0,2,1,9.216000325977802,4,4,0,1,39,0,0,40,67.731
1355,40,0,3,1,4.095999989658594,4,4,0,1,39,0,0,40,67.731
1356,2,0,0,0,13.311999849975109,4,4,0,0,40,0,0,40,3.04
1356,2,0,1,0,84.99199897050858,4,4,0,0,40,0,0,40,3.04
1356,2,0,2,0,9.216000325977802,4,4,0,0,40,0,0,40,3.04
1356,2,0,3,0,5.119999870657921,4,4,0,0,40,0,0,40,3.04
1356,24,0,0,0,8.191999979317188,4,4,0,0,40,0,0,40,1.94
1356,24,0,1,0,70.65600156784058,4,4,0,0,40,0,0,40,1.94
1356,24,0,2,0,9.216000325977802,4,4,0,0,40,0,0,40,1.94
1356,24,0,3,0,4.095999989658594,4,4,0,0,40,0,0,40,1.94
1356,40,0,0,1,9.216000325977802,4,4,0,0,40,0,0,40,4.59
1356,40,0,1,1,95.23200243711472,4,4,0,0,40,0,0,40,4.59
1356,40,0,2,1,9.216000325977802,4,4,0,0,40,0,0,40,4.59
1356,40,0,3,1,4.095999989658594,4,4,0,0,40,0,0,40,4.59
1357,2,0,0,0,8.191999979317188,3,3,0,1,29,0,0,30,92.989
1357,2,0,1,0,60.416001826524734,3,3,0,1,29,0,0,30,92.989
1357,2,0,2,0,9.216000325977802,3,3,0,1,29,0,0,30,92.989
1357,2,0,3,0,12.28800043463707,3,3,0,1,29,0,0,30,92.989
1357,24,0,0,0,9.216000325977802,3,3,0,0,30,0,0,30,1.769
1357,24,0,1,0,55.296000093221664,3,3,0,0,30,0,0,30,1.769
1357,24,0,2,0,9.216000325977802,3,3,0,0,30,0,0,30,1.769
1357,24,0,3,0,4.095999989658594,3,3,0,0,30,0,0,30,1.769
1357,40,0,0,1,9.216000325977802,3,3,0,0,30,0,0,30,1.29
1357,40,0,1,1,49.15200173854828,3,3,0,0,30,0,0,30,1.29
1357,40,0,2,1,9.216000325977802,3,3,0,0,30,0,0,30,1.29
1357,40,0,3,1,4.095999989658594,3,3,0,0,30,0,0,30,1.29
1358,2,0,0,0,9.216000325977802,4,4,0,1,39,0,0,40,67.939
1358,2,0,1,0,86.01599931716919,4,4,0,1,39,0,0,40,67.939
1358,2,0,2,0,9.216000325977802,4,4,0,1,39,0,0,40,67.939
1358,2,0,3,0,5.119999870657921,4,4,0,1,39,0,0,40,67.939
1358,24,0,0,0,8.191999979317188,4,4,0,1,39,0,0,40,85.929
1358,24,0,1,0,72.7040022611618,4,4,0,1,39,0,0,40,85.929
1358,24,0,2,0,9.216000325977802,4,4,0,1,39,0,0,40,85.929
1358,24,0,3,0,4.095999989658594,4,4,0,1,39,0,0,40,85.929
1358,40,0,0,1,9.216000325977802,4,4,0,0,40,0,0,40,1.88
1358,40,0,1,1,67.58400052785873,4,4,0,0,40,0,0,40,1.88
1358,40,0,2,1,9.216000325977802,4,4,0,0,40,0,0,40,1.88
1358,40,0,3,1,4.095999989658594,4,4,0,0,40,0,0,40,1.88
1359,2,0,0,0,9.216000325977802,4,4,0,0,40,0,0,40,4.36
1359,2,0,1,0,91.13600105047226,4,4,0,0,40,0,0,40,4.36
1359,2,0,2,0,9.216000325977802,4,4,0,0,40,0,0,40,4.36
1359,2,0,3,0,5.119999870657921,4,4,0,0,40,0,0,40,4.36
1359,24,0,0,0,8.191999979317188,4,4,0,0,40,0,0,40,2.071
1359,24,0,1,0,59.39200147986412,4,4,0,0,40,0,0,40,2.071
1359,24,0,2,0,9.216000325977802,4,4,0,0,40,0,0,40,2.071
1359,24,0,3,0,4.095999989658594,4,4,0,0,40,0,0,40,2.071
1359,40,0,0,1,15.359999611973763,4,4,0,1,39,0,0,40,82.52
1359,40,0,1,1,77.82399654388428,4,4,0,1,39,0,0,40,82.52
1359,40,0,2,1,9.216000325977802,4,4,0,1,39,0,0,40,82.52
1359,40,0,3,1,4.095999989658594,4,4,0,1,39,0,0,40,82.52
1360,2,0,0,0,14.336000196635723,4,4,0,0,40,0,0,40,4.7
1360,2,0,1,0,74.75200295448303,4,4,0,0,40,0,0,40,4.7
1360,2,0,2,0,9.216000325977802,4,4,0,0,40,0,0,40,4.7
1360,2,0,3,0,5.119999870657921,4,4,0,0,40,0,0,40,4.7
1360,24,0,0,0,8.191999979317188,4,4,0,0,40,0,0,40,1.669
1360,24,0,1,0,61.43999844789505,4,4,0,0,40,0,0,40,1.669
1360,24,0,2,0,9.216000325977802,4,4,0,0,40,0,0,40,1.669
1360,24,0,3,0,5.119999870657921,4,4,0,0,40,0,0,40,1.669
1360,40,0,0,1,15.359999611973763,4,4,0,0,40,0,0,40,2.7
1360,40,0,1,1,75.77600330114365,4,4,0,0,40,0,0,40,2.7
1360,40,0,2,1,9.216000325977802,4,4,0,0,40,0,0,40,2.7
1360,40,0,3,1,4.095999989658594,4,4,0,0,40,0,0,40,2.7
1361,2,0,0,0,9.216000325977802,3,3,0,0,30,0,0,30,2.069
1361,2,0,1,0,69.63200122117996,3,3,0,0,30,0,0,30,2.069
1361,2,0,2,0,9.216000325977802,3,3,0,0,30,0,0,30,2.069
1361,2,0,3,0,5.119999870657921,3,3,0,0,30,0,0,30,2.069
1361,24,0,0,0,8.191999979317188,3,3,0,1,29,0,0,30,59.26
1361,24,0,1,0,57.34400078654289,3,3,0,1,29,0,0,30,59.26
1361,24,0,2,0,9.216000325977802,3,3,0,1,29,0,0,30,59.26
1361,24,0,3,0,5.119999870657921,3,3,0,1,29,0,0,30,59.26
1361,40,0,0,1,9.216000325977802,3,3,0,0,30,0,0,30,1.291
1361,40,0,1,1,45.05600035190582,3,3,0,0,30,0,0,30,1.291
1361,40,0,2,1,9.216000325977802,3,3,0,0,30,0,0,30,1.291
1361,40,0,3,1,4.095999989658594,3,3,0,0,30,0,0,30,1.291
1362,2,0,0,0,14.336000196635723,4,4,0,0,40,0,0,40,2.391
1362,2,0,1,0,86.01599931716919,4,4,0,0,40,0,0,40,2.391
1362,2,0,2,0,9.216000325977802,4,4,0,0,40,0,0,40,2.391
1362,2,0,3,0,6.144000217318535,4,4,0,0,40,0,0,40,2.391
1362,24,0,0,0,8.191999979317188,4,4,0,0,40,0,0,40,2.071
1362,24,0,1,0,60.416001826524734,4,4,0,0,40,0,0,40,2.071
1362,24,0,2,0,9.216000325977802,4,4,0,0,40,0,0,40,2.071
1362,24,0,3,0,4.095999989658594,4,4,0,0,40,0,0,40,2.071
1362,40,0,0,1,9.216000325977802,4,4,0,0,40,0,0,40,2.11
1362,40,0,1,1,74.75200295448303,4,4,0,0,40,0,0,40,2.11
1362,40,0,2,1,9.216000325977802,4,4,0,0,40,0,0,40,2.11
1362,40,0,3,1,4.095999989658594,4,4,0,0,40,0,0,40,2.11
1363,2,0,0,0,15.359999611973763,4,4,0,0,40,0,0,40,2.869
1363,2,0,1,0,86.01599931716919,4,4,0,0,40,0,0,40,2.869
1363,2,0,2,0,9.216000325977802,4,4,0,0,40,0,0,40,2.869
1363,2,0,3,0,8.191999979317188,4,4,0,0,40,0,0,40,2.869
1363,24,0,0,0,8.191999979317188,4,4,0,0,40,0,0,40,4.63
1363,24,0,1,0,65.5359998345375,4,4,0,0,40,0,0,40,4.63
1363,24,0,2,0,9.216000325977802,4,4,0,0,40,0,0,40,4.63
1363,24,0,3,0,4.095999989658594,4,4,0,0,40,0,0,40,4.63
1363,40,0,0,1,10.239999741315842,4,4,0,0,40,0,0,40,1.851
1363,40,0,1,1,56.32000043988228,4,4,0,0,40,0,0,40,1.851
1363,40,0,2,1,9.216000325977802,4,4,0,0,40,0,0,40,1.851
1363,40,0,3,1,4.095999989658594,4,4,0,0,40,0,0,40,1.851
1364,2,0,0,0,9.216000325977802,1,1,0,0,10,0,0,10,0.531
1364,2,0,1,0,31.74399957060814,1,1,0,0,10,0,0,10,0.531
1364,2,0,2,0,9.216000325977802,1,1,0,0,10,0,0,10,0.531
1364,2,0,3,0,5.119999870657921,1,1,0,0,10,0,0,10,0.531
1364,24,0,0,0,9.216000325977802,1,1,0,0,10,0,0,10,0.4
1364,24,0,1,0,31.74399957060814,1,1,0,0,10,0,0,10,0.4
1364,24,0,2,0,8.191999979317188,1,1,0,0,10,0,0,10,0.4
1364,24,0,3,0,4.095999989658594,1,1,0,0,10,0,0,10,0.4
1364,40,0,0,1,9.216000325977802,1,1,0,0,10,0,0,10,0.43
1364,40,0,1,1,34.81600061058998,1,1,0,0,10,0,0,10,0.43
1364,40,0,2,1,9.216000325977802,1,1,0,0,10,0,0,10,0.43
1364,40,0,3,1,4.095999989658594,1,1,0,0,10,0,0,10,0.43
1365,2,0,0,0,14.336000196635723,4,4,0,0,40,0,0,40,2.64
1365,2,0,1,0,83.96799862384796,4,4,0,0,40,0,0,40,2.64
1365,2,0,2,0,8.191999979317188,4,4,0,0,40,0,0,40,2.64
1365,2,0,3,0,5.119999870657921,4,4,0,0,40,0,0,40,2.64
1365,24,0,0,0,8.191999979317188,4,4,0,0,40,0,0,40,2.36
1365,24,0,1,0,63.48799914121628,4,4,0,0,40,0,0,40,2.36
1365,24,0,2,0,9.216000325977802,4,4,0,0,40,0,0,40,2.36
1365,24,0,3,0,4.095999989658594,4,4,0,0,40,0,0,40,2.36
1365,40,0,0,1,10.239999741315842,4,4,0,0,40,0,0,40,3.6
1365,40,0,1,1,54.27199974656105,4,4,0,0,40,0,0,40,3.6
1365,40,0,2,1,9.216000325977802,4,4,0,0,40,0,0,40,3.6
1365,40,0,3,1,4.095999989658594,4,4,0,0,40,0,0,40,3.6
1366,2,0,0,0,13.311999849975109,4,4,0,0,40,0,0,40,4.98
1366,2,0,1,0,88.06400001049042,4,4,0,0,40,0,0,40,4.98
1366,2,0,2,0,9.216000325977802,4,4,0,0,40,0,0,40,4.98
1366,2,0,3,0,5.119999870657921,4,4,0,0,40,0,0,40,4.98
1366,24,0,0,0,8.191999979317188,4,4,0,1,39,0,0,40,73.57
1366,24,0,1,0,64.51199948787689,4,4,0,1,39,0,0,40,73.57
1366,24,0,2,0,9.216000325977802,4,4,0,1,39,0,0,40,73.57
1366,24,0,3,0,4.095999989658594,4,4,0,1,39,0,0,40,73.57
1366,40,0,0,1,9.216000325977802,4,4,0,0,40,0,0,40,1.969
1366,40,0,1,1,67.58400052785873,4,4,0,0,40,0,0,40,1.969
1366,40,0,2,1,9.216000325977802,4,4,0,0,40,0,0,40,1.969
1366,40,0,3,1,4.095999989658594,4,4,0,0,40,0,0,40,1.969
1367,2,0,0,0,8.191999979317188,4,4,0,1,39,0,0,40,143.98
1367,2,0,1,0,89.08800035715103,4,4,0,1,39,0,0,40,143.98
1367,2,0,2,0,9.216000325977802,4,4,0,1,39,0,0,40,143.98
1367,2,0,3,0,34.81600061058998,4,4,0,1,39,0,0,40,143.98
1367,24,0,0,0,8.191999979317188,4,4,0,0,40,0,0,40,2.05
1367,24,0,1,0,60.416001826524734,4,4,0,0,40,0,0,40,2.05
1367,24,0,2,0,8.191999979317188,4,4,0,0,40,0,0,40,2.05
1367,24,0,3,0,4.095999989658594,4,4,0,0,40,0,0,40,2.05
1367,40,0,0,1,9.216000325977802,4,4,0,0,40,0,0,40,4.53
1367,40,0,1,1,71.68000191450119,4,4,0,0,40,0,0,40,4.53
1367,40,0,2,1,9.216000325977802,4,4,0,0,40,0,0,40,4.53
1367,40,0,3,1,4.095999989658594,4,4,0,0,40,0,0,40,4.53
1368,2,0,0,0,13.311999849975109,4,4,0,0,40,0,0,40,3.109
1368,2,0,1,0,64.51199948787689,4,4,0,0,40,0,0,40,3.109
1368,2,0,2,0,9.216000325977802,4,4,0,0,40,0,0,40,3.109
1368,2,0,3,0,5.119999870657921,4,4,0,0,40,0,0,40,3.109
1368,24,0,0,0,8.191999979317188,4,4,0,1,39,0,0,40,69.199
1368,24,0,1,0,64.51199948787689,4,4,0,1,39,0,0,40,69.199
1368,24,0,2,0,8.191999979317188,4,4,0,1,39,0,0,40,69.199
1368,24,0,3,0,4.095999989658594,4,4,0,1,39,0,0,40,69.199
1368,40,0,0,1,9.216000325977802,4,4,0,0,40,0,0,40,2.169
1368,40,0,1,1,83.96799862384796,4,4,0,0,40,0,0,40,2.169
1368,40,0,2,1,9.216000325977802,4,4,0,0,40,0,0,40,2.169
1368,40,0,3,1,4.095999989658594,4,4,0,0,40,0,0,40,2.169
1369,2,0,0,0,8.191999979317188,4,4,0,1,39,0,0,40,78.689
1369,2,0,1,0,69.63200122117996,4,4,0,1,39,0,0,40,78.689
1369,2,0,2,0,9.216000325977802,4,4,0,1,39,0,0,40,78.689
1369,2,0,3,0,6.144000217318535,4,4,0,1,39,0,0,40,78.689
1369,24,0,0,0,10.239999741315842,4,4,0,0,40,0,0,40,2.1
1369,24,0,1,0,60.416001826524734,4,4,0,0,40,0,0,40,2.1
1369,24,0,2,0,9.216000325977802,4,4,0,0,40,0,0,40,2.1
1369,24,0,3,0,4.095999989658594,4,4,0,0,40,0,0,40,2.1
1369,40,0,0,1,9.216000325977802,4,4,0,0,40,0,0,40,2.42
1369,40,0,1,1,83.96799862384796,4,4,0,0,40,0,0,40,2.42
1369,40,0,2,1,9.216000325977802,4,4,0,0,40,0,0,40,2.42
1369,40,0,3,1,4.095999989658594,4,4,0,0,40,0,0,40,2.42
1370,2,0,0,0,8.191999979317188,4,4,0,1,39,0,0,40,148.139
1370,2,0,1,0,86.01599931716919,4,4,0,1,39,0,0,40,148.139
1370,2,0,2,0,9.216000325977802,4,4,0,1,39,0,0,40,148.139
1370,2,0,3,0,41.98399931192398,4,4,0,1,39,0,0,40,148.139
1370,24,0,0,0,8.191999979317188,4,4,0,2,38,0,0,40,72.96
1370,24,0,1,0,72.7040022611618,4,4,0,2,38,0,0,40,72.96
1370,24,0,2,0,9.216000325977802,4,4,0,2,38,0,0,40,72.96
1370,24,0,3,0,5.119999870657921,4,4,0,2,38,0,0,40,72.96
1370,40,0,0,1,15.359999611973763,4,4,0,1,39,0,0,40,78.6
1370,40,0,1,1,71.68000191450119,4,4,0,1,39,0,0,40,78.6
1370,40,0,2,1,9.216000325977802,4,4,0,1,39,0,0,40,78.6
1370,40,0,3,1,4.095999989658594,4,4,0,1,39,0,0,40,78.6
1371,2,0,0,0,31.74399957060814,4,4,0,2,38,0,0,40,109.109
1371,2,0,1,0,81.91999793052673,4,4,0,2,38,0,0,40,109.109
1371,2,0,2,0,9.216000325977802,4,4,0,2,38,0,0,40,109.109
1371,2,0,3,0,7.168000098317862,4,4,0,2,38,0,0,40,109.109
1371,24,0,0,0,8.191999979317188,4,4,0,0,40,0,0,40,2.3
1371,24,0,1,0,72.7040022611618,4,4,0,0,40,0,0,40,2.3
1371,24,0,2,0,9.216000325977802,4,4,0,0,40,0,0,40,2.3
1371,24,0,3,0,4.095999989658594,4,4,0,0,40,0,0,40,2.3
1371,40,0,0,1,9.216000325977802,4,4,0,0,40,0,0,40,1.75
1371,40,0,1,1,73.72800260782242,4,4,0,0,40,0,0,40,1.75
1371,40,0,2,1,9.216000325977802,4,4,0,0,40,0,0,40,1.75
1371,40,0,3,1,4.095999989658594,4,4,0,0,40,0,0,40,1.75
1372,2,0,0,0,14.336000196635723,4,4,0,0,40,0,0,40,3.02
1372,2,0,1,0,80.89599758386612,4,4,0,0,40,0,0,40,3.02
1372,2,0,2,0,9.216000325977802,4,4,0,0,40,0,0,40,3.02
1372,2,0,3,0,7.168000098317862,4,4,0,0,40,0,0,40,3.02
1372,24,0,0,0,7.168000098317862,4,4,0,0,40,0,0,40,2.2
1372,24,0,1,0,69.63200122117996,4,4,0,0,40,0,0,40,2.2
1372,24,0,2,0,9.216000325977802,4,4,0,0,40,0,0,40,2.2
1372,24,0,3,0,4.095999989658594,4,4,0,0,40,0,0,40,2.2
1372,40,0,0,1,9.216000325977802,4,4,0,0,40,0,0,40,3.591
1372,40,0,1,1,70.65600156784058,4,4,0,0,40,0,0,40,3.591
1372,40,0,2,1,9.216000325977802,4,4,0,0,40,0,0,40,3.591
1372,40,0,3,1,3.0720001086592674,4,4,0,0,40,0,0,40,3.591
1373,2,0,0,0,8.191999979317188,4,4,0,1,39,0,0,40,75.799
1373,2,0,1,0,73.72800260782242,4,4,0,1,39,0,0,40,75.799
1373,2,0,2,0,9.216000325977802,4,4,0,1,39,0,0,40,75.799
1373,2,0,3,0,5.119999870657921,4,4,0,1,39,0,0,40,75.799
1373,24,0,0,0,8.191999979317188,4,4,0,3,37,0,0,40,118.09
1373,24,0,1,0,64.51199948787689,4,4,0,3,37,0,0,40,118.09
1373,24,0,2,0,9.216000325977802,4,4,0,3,37,0,0,40,118.09
1373,24,0,3,0,32.76799991726875,4,4,0,3,37,0,0,40,118.09
1373,40,0,0,1,8.191999979317188,4,4,0,0,40,0,0,40,2.21
1373,40,0,1,1,64.51199948787689,4,4,0,0,40,0,0,40,2.21
1373,40,0,2,1,9.216000325977802,4,4,0,0,40,0,0,40,2.21
1373,40,0,3,1,4.095999989658594,4,4,0,0,40,0,0,40,2.21
1374,2,0,0,0,9.216000325977802,1,1,0,1,9,0,0,10,65.679
1374,2,0,1,0,30.719999223947525,1,1,0,1,9,0,0,10,65.679
1374,2,0,2,0,10.239999741315842,1,1,0,1,9,0,0,10,65.679
1374,2,0,3,0,14.336000196635723,1,1,0,1,9,0,0,10,65.679
1374,24,0,0,0,8.191999979317188,1,1,0,0,10,0,0,10,0.66
1374,24,0,1,0,31.74399957060814,1,1,0,0,10,0,0,10,0.66
1374,24,0,2,0,9.216000325977802,1,1,0,0,10,0,0,10,0.66
1374,24,0,3,0,4.095999989658594,1,1,0,0,10,0,0,10,0.66
1374,40,0,0,1,9.216000325977802,1,1,0,0,10,0,0,10,0.5
1374,40,0,1,1,34.81600061058998,1,1,0,0,10,0,0,10,0.5
1374,40,0,2,1,9.216000325977802,1,1,0,0,10,0,0,10,0.5
1374,40,0,3,1,4.095999989658594,1,1,0,0,10,0,0,10,0.5
1375,2,0,0,0,15.359999611973763,3,3,0,0,30,0,0,30,1.66
1375,2,0,1,0,67.58400052785873,3,3,0,0,30,0,0,30,1.66
1375,2,0,2,0,9.216000325977802,3,3,0,0,30,0,0,30,1.66
1375,2,0,3,0,8.191999979317188,3,3,0,0,30,0,0,30,1.66
1375,24,0,0,0,9.216000325977802,3,3,0,0,30,0,0,30,1.551
1375,24,0,1,0,71.68000191450119,3,3,0,0,30,0,0,30,1.551
1375,24,0,2,0,9.216000325977802,3,3,0,0,30,0,0,30,1.551
1375,24,0,3,0,5.119999870657921,3,3,0,0,30,0,0,30,1.551
1375,40,0,0,1,9.216000325977802,3,3,0,0,30,0,0,30,4.2
1375,40,0,1,1,77.82399654388428,3,3,0,0,30,0,0,30,4.2
1375,40,0,2,1,9.216000325977802,3,3,0,0,30,0,0,30,4.2
1375,40,0,3,1,4.095999989658594,3,3,0,0,30,0,0,30,4.2
1376,2,0,0,0,8.191999979317188,4,4,0,1,39,0,0,40,99.829
1376,2,0,1,0,83.96799862384796,4,4,0,1,39,0,0,40,99.829
1376,2,0,2,0,9.216000325977802,4,4,0,1,39,0,0,40,99.829
1376,2,0,3,0,5.119999870657921,4,4,0,1,39,0,0,40,99.829
1376,24,0,0,0,8.191999979317188,4,4,0,0,40,0,0,40,2.64
1376,24,0,1,0,90.11200070381165,4,4,0,0,40,0,0,40,2.64
1376,24,0,2,0,9.216000325977802,4,4,0,0,40,0,0,40,2.64
1376,24,0,3,0,4.095999989658594,4,4,0,0,40,0,0,40,2.64
1376,40,0,0,1,10.239999741315842,4,4,0,0,40,0,0,40,1.951
1376,40,0,1,1,71.68000191450119,4,4,0,0,40,0,0,40,1.951
1376,40,0,2,1,8.191999979317188,4,4,0,0,40,0,0,40,1.951
1376,40,0,3,1,3.0720001086592674,4,4,0,0,40,0,0,40,1.951
1377,2,0,0,0,15.359999611973763,4,4,0,0,40,0,0,40,2.48
1377,2,0,1,0,74.75200295448303,4,4,0,0,40,0,0,40,2.48
1377,2,0,2,0,9.216000325977802,4,4,0,0,40,0,0,40,2.48
1377,2,0,3,0,5.119999870657921,4,4,0,0,40,0,0,40,2.48
1377,24,0,0,0,8.191999979317188,4,4,0,0,40,0,0,40,2.61
1377,24,0,1,0,68.60800087451935,4,4,0,0,40,0,0,40,2.61
1377,24,0,2,0,9.216000325977802,4,4,0,0,40,0,0,40,2.61
1377,24,0,3,0,4.095999989658594,4,4,0,0,40,0,0,40,2.61
1377,40,0,0,1,8.191999979317188,4,4,0,0,40,0,0,40,2.44
1377,40,0,1,1,68.60800087451935,4,4,0,0,40,0,0,40,2.44
1377,40,0,2,1,9.216000325977802,4,4,0,0,40,0,0,40,2.44
1377,40,0,3,1,3.0720001086592674,4,4,0,0,40,0,0,40,2.44
1378,2,0,0,0,9.216000325977802,3,3,0,2,28,0,0,30,142.959
1378,2,0,1,0,70.65600156784058,3,3,0,2,28,0,0,30,142.959
1378,2,0,2,0,9.216000325977802,3,3,0,2,28,0,0,30,142.959
1378,2,0,3,0,52.22399905323982,3,3,0,2,28,0,0,30,142.959
1378,24,0,0,0,9.216000325977802,3,3,0,0,30,0,0,30,4.82
1378,24,0,1,0,63.48799914121628,3,3,0,0,30,0,0,30,4.82
1378,24,0,2,0,9.216000325977802,3,3,0,0,30,0,0,30,4.82
1378,24,0,3,0,3.0720001086592674,3,3,0,0,30,0,0,30,4.82
1378,40,0,0,1,9.216000325977802,3,3,0,0,30,0,0,30,1.909
1378,40,0,1,1,75.77600330114365,3,3,0,0,30,0,0,30,1.909
1378,40,0,2,1,9.216000325977802,3,3,0,0,30,0,0,30,1.909
1378,40,0,3,1,5.119999870657921,3,3,0,0,30,0,0,30,1.909
1379,2,0,0,0,8.191999979317188,4,4,0,2,38,0,0,40,72.59
1379,2,0,1,0,86.01599931716919,4,4,0,2,38,0,0,40,72.59
1379,2,0,2,0,9.216000325977802,4,4,0,2,38,0,0,40,72.59
1379,2,0,3,0,6.144000217318535,4,4,0,2,38,0,0,40,72.59
1379,24,0,0,0,9.216000325977802,4,4,0,0,40,0,0,40,2.25
1379,24,0,1,0,69.63200122117996,4,4,0,0,40,0,0,40,2.25
1379,24,0,2,0,9.216000325977802,4,4,0,0,40,0,0,40,2.25
1379,24,0,3,0,4.095999989658594,4,4,0,0,40,0,0,40,2.25
1379,40,0,0,1,9.216000325977802,4,4,0,0,40,0,0,40,1.87
1379,40,0,1,1,60.416001826524734,4,4,0,0,40,0,0,40,1.87
1379,40,0,2,1,8.191999979317188,4,4,0,0,40,0,0,40,1.87
1379,40,0,3,1,4.095999989658594,4,4,0,0,40,0,0,40,1.87
1380,2,0,0,0,8.191999979317188,2,2,0,2,18,0,0,20,275.859
1380,2,0,1,0,40.95999896526337,2,2,0,2,18,0,0,20,275.859
1380,2,0,2,0,9.216000325977802,2,2,0,2,18,0,0,20,275.859
1380,2,0,3,0,214.01600539684296,2,2,0,2,18,0,0,20,275.859
1380,24,0,0,0,9.216000325977802,2,2,0,1,19,0,0,20,148.559
1380,24,0,1,0,39.93599861860275,2,2,0,1,19,0,0,20,148.559
1380,24,0,2,0,8.191999979317188,2,2,0,1,19,0,0,20,148.559
1380,24,0,3,0,89.08800035715103,2,2,0,1,19,0,0,20,148.559
1380,40,0,0,1,11.264000087976456,2,2,0,0,20,0,0,20,1.091
1380,40,0,1,1,41.98399931192398,2,2,0,0,20,0,0,20,1.091
1380,40,0,2,1,10.239999741315842,2,2,0,0,20,0,0,20,1.091
1380,40,0,3,1,4.095999989658594,2,2,0,0,20,0,0,20,1.091
1381,2,0,0,0,15.359999611973763,4,4,0,0,40,0,0,40,4.729
1381,2,0,1,0,71.68000191450119,4,4,0,0,40,0,0,40,4.729
1381,2,0,2,0,8.191999979317188,4,4,0,0,40,0,0,40,4.729
1381,2,0,3,0,5.119999870657921,4,4,0,0,40,0,0,40,4.729
1381,24,0,0,0,8.191999979317188,4,4,0,0,40,0,0,40,4.55
1381,24,0,1,0,73.72800260782242,4,4,0,0,40,0,0,40,4.55
1381,24,0,2,0,9.216000325977802,4,4,0,0,40,0,0,40,4.55
1381,24,0,3,0,4.095999989658594,4,4,0,0,40,0,0,40,4.55
1381,40,0,0,1,9.216000325977802,4,4,0,2,38,0,0,40,77.269
1381,40,0,1,1,47.10400104522705,4,4,0,2,38,0,0,40,77.269
1381,40,0,2,1,9.216000325977802,4,4,0,2,38,0,0,40,77.269
1381,40,0,3,1,8.191999979317188,4,4,0,2,38,0,0,40,77.269
1382,2,0,0,0,9.216000325977802,4,4,0,4,35,1,0,40,238.809
1382,2,0,1,0,64.51199948787689,4,4,0,4,35,1,0,40,238.809
1382,2,0,2,0,168.96000504493713,4,4,0,4,35,1,0,40,238.809
1382,2,0,3,0,5.119999870657921,4,4,0,4,35,1,0,40,238.809
1382,24,0,0,0,8.191999979317188,4,4,0,1,39,0,0,40,71.109
1382,24,0,1,0,70.65600156784058,4,4,0,1,39,0,0,40,71.109
1382,24,0,2,0,9.216000325977802,4,4,0,1,39,0,0,40,71.109
1382,24,0,3,0,4.095999989658594,4,4,0,1,39,0,0,40,71.109
1382,40,0,0,1,10.239999741315842,4,4,0,1,39,0,0,40,91.739
1382,40,0,1,1,77.82399654388428,4,4,0,1,39,0,0,40,91.739
1382,40,0,2,1,9.216000325977802,4,4,0,1,39,0,0,40,91.739
1382,40,0,3,1,4.095999989658594,4,4,0,1,39,0,0,40,91.739
1383,2,0,0,0,9.216000325977802,4,4,0,1,39,0,0,40,73.139
1383,2,0,1,0,90.11200070381165,4,4,0,1,39,0,0,40,73.139
1383,2,0,2,0,8.191999979317188,4,4,0,1,39,0,0,40,73.139
1383,2,0,3,0,5.119999870657921,4,4,0,1,39,0,0,40,73.139
1383,24,0,0,0,8.191999979317188,4,4,0,1,39,0,0,40,79.05
1383,24,0,1,0,69.63200122117996,4,4,0,1,39,0,0,40,79.05
1383,24,0,2,0,9.216000325977802,4,4,0,1,39,0,0,40,79.05
1383,24,0,3,0,4.095999989658594,4,4,0,1,39,0,0,40,79.05
1383,40,0,0,1,8.191999979317188,4,4,0,0,40,0,0,40,2.7
1383,40,0,1,1,68.60800087451935,4,4,0,0,40,0,0,40,2.7
1383,40,0,2,1,9.216000325977802,4,4,0,0,40,0,0,40,2.7
1383,40,0,3,1,4.095999989658594,4,4,0,0,40,0,0,40,2.7
1384,2,0,0,0,15.359999611973763,2,2,0,0,20,0,0,20,1.211
1384,2,0,1,0,54.27199974656105,2,2,0,0,20,0,0,20,1.211
1384,2,0,2,0,9.216000325977802,2,2,0,0,20,0,0,20,1.211
1384,2,0,3,0,5.119999870657921,2,2,0,0,20,0,0,20,1.211
1384,24,0,0,0,9.216000325977802,2,2,0,1,19,0,0,20,62.41
1384,24,0,1,0,51.19999870657921,2,2,0,1,19,0,0,20,62.41
1384,24,0,2,0,9.216000325977802,2,2,0,1,19,0,0,20,62.41
1384,24,0,3,0,4.095999989658594,2,2,0,1,19,0,0,20,62.41
1384,40,0,0,1,10.239999741315842,2,2,0,0,20,0,0,20,1.41
1384,40,0,1,1,48.128001391887665,2,2,0,0,20,0,0,20,1.41
1384,40,0,2,1,9.216000325977802,2,2,0,0,20,0,0,20,1.41
1384,40,0,3,1,4.095999989658594,2,2,0,0,20,0,0,20,1.41
1385,2,0,0,0,8.191999979317188,4,4,0,0,40,0,0,40,3.58
1385,2,0,1,0,97.28000313043594,4,4,0,0,40,0,0,40,3.58
1385,2,0,2,0,9.216000325977802,4,4,0,0,40,0,0,40,3.58
1385,2,0,3,0,6.144000217318535,4,4,0,0,40,0,0,40,3.58
1385,24,0,0,0,8.191999979317188,4,4,0,1,39,0,0,40,154.709
1385,24,0,1,0,70.65600156784058,4,4,0,1,39,0,0,40,154.709
1385,24,0,2,0,9.216000325977802,4,4,0,1,39,0,0,40,154.709
1385,24,0,3,0,61.43999844789505,4,4,0,1,39,0,0,40,154.709
1385,40,0,0,1,9.216000325977802,4,4,0,0,40,0,0,40,2.3
1385,40,0,1,1,77.82399654388428,4,4,0,0,40,0,0,40,2.3
1385,40,0,2,1,9.216000325977802,4,4,0,0,40,0,0,40,2.3
1385,40,0,3,1,4.095999989658594,4,4,0,0,40,0,0,40,2.3
1386,2,0,0,0,9.216000325977802,4,4,0,2,38,0,0,40,119.68
1386,2,0,1,0,80.89599758386612,4,4,0,2,38,0,0,40,119.68
1386,2,0,2,0,9.216000325977802,4,4,0,2,38,0,0,40,119.68
1386,2,0,3,0,18.432000651955605,4,4,0,2,38,0,0,40,119.68
1386,24,0,0,0,9.216000325977802,4,4,0,0,40,0,0,40,2.609
1386,24,0,1,0,76.80000364780426,4,4,0,0,40,0,0,40,2.609
1386,24,0,2,0,9.216000325977802,4,4,0,0,40,0,0,40,2.609
1386,24,0,3,0,4.095999989658594,4,4,0,0,40,0,0,40,2.609
1386,40,0,0,1,9.216000325977802,4,4,0,0,40,0,0,40,2.349
1386,40,0,1,1,86.01599931716919,4,4,0,0,40,0,0,40,2.349
1386,40,0,2,1,9.216000325977802,4,4,0,0,40,0,0,40,2.349
1386,40,0,3,1,5.119999870657921,4,4,0,0,40,0,0,40,2.349
1387,2,0,0,0,9.216000325977802,1,1,0,2,8,0,0,10,107.83
1387,2,0,1,0,27.648000046610832,1,1,0,2,8,0,0,10,107.83
1387,2,0,2,0,9.216000325977802,1,1,0,2,8,0,0,10,107.83
1387,2,0,3,0,59.39200147986412,1,1,0,2,8,0,0,10,107.83
1387,24,0,0,0,9.216000325977802,1,1,0,0,10,0,0,10,2.91
1387,24,0,1,0,31.74399957060814,1,1,0,0,10,0,0,10,2.91
1387,24,0,2,0,9.216000325977802,1,1,0,0,10,0,0,10,2.91
1387,24,0,3,0,4.095999989658594,1,1,0,0,10,0,0,10,2.91
1387,40,0,0,1,8.191999979317188,1,1,0,1,9,0,0,10,64.64
1387,40,0,1,1,32.76799991726875,1,1,0,1,9,0,0,10,64.64
1387,40,0,2,1,9.216000325977802,1,1,0,1,9,0,0,10,64.64
1387,40,0,3,1,8.191999979317188,1,1,0,1,9,0,0,10,64.64
1388,2,0,0,0,15.359999611973763,3,3,0,0,30,0,0,30,3.88
1388,2,0,1,0,64.51199948787689,3,3,0,0,30,0,0,30,3.88
1388,2,0,2,0,9.216000325977802,3,3,0,0,30,0,0,30,3.88
1388,2,0,3,0,5.119999870657921,3,3,0,0,30,0,0,30,3.88
1388,24,0,0,0,8.191999979317188,3,3,0,0,30,0,0,30,1.97
1388,24,0,1,0,61.43999844789505,3,3,0,0,30,0,0,30,1.97
1388,24,0,2,0,9.216000325977802,3,3,0,0,30,0,0,30,1.97
1388,24,0,3,0,4.095999989658594,3,3,0,0,30,0,0,30,1.97
1388,40,0,0,1,9.216000325977802,3,3,0,1,29,0,0,30,65.5
1388,40,0,1,1,63.48799914121628,3,3,0,1,29,0,0,30,65.5
1388,40,0,2,1,9.216000325977802,3,3,0,1,29,0,0,30,65.5
1388,40,0,3,1,5.119999870657921,3,3,0,1,29,0,0,30,65.5
1389,2,0,0,0,15.359999611973763,4,4,0,0,40,0,0,40,2.9
1389,2,0,1,0,84.99199897050858,4,4,0,0,40,0,0,40,2.9
1389,2,0,2,0,9.216000325977802,4,4,0,0,40,0,0,40,2.9
1389,2,0,3,0,5.119999870657921,4,4,0,0,40,0,0,40,2.9
1389,24,0,0,0,9.216000325977802,4,4,0,1,39,0,0,40,64.52
1389,24,0,1,0,82.94399827718735,4,4,0,1,39,0,0,40,64.52
1389,24,0,2,0,9.216000325977802,4,4,0,1,39,0,0,40,64.52
1389,24,0,3,0,4.095999989658594,4,4,0,1,39,0,0,40,64.52
1389,40,0,0,1,10.239999741315842,4,4,0,0,40,0,0,40,4.35
1389,40,0,1,1,61.43999844789505,4,4,0,0,40,0,0,40,4.35
1389,40,0,2,1,9.216000325977802,4,4,0,0,40,0,0,40,4.35
1389,40,0,3,1,4.095999989658594,4,4,0,0,40,0,0,40,4.35
1390,2,0,0,0,8.191999979317188,3,3,0,1,29,0,0,30,63.659
1390,2,0,1,0,57.34400078654289,3,3,0,1,29,0,0,30,63.659
1390,2,0,2,0,8.191999979317188,3,3,0,1,29,0,0,30,63.659
1390,2,0,3,0,6.144000217318535,3,3,0,1,29,0,0,30,63.659
1390,24,0,0,0,8.191999979317188,3,3,0,1,29,0,0,30,71.791
1390,24,0,1,0,48.128001391887665,3,3,0,1,29,0,0,30,71.791
1390,24,0,2,0,9.216000325977802,3,3,0,1,29,0,0,30,71.791
1390,24,0,3,0,4.095999989658594,3,3,0,1,29,0,0,30,71.791
1390,40,0,0,1,9.216000325977802,3,3,0,0,30,0,0,30,3.08
1390,40,0,1,1,53.247999399900436,3,3,0,0,30,0,0,30,3.08
1390,40,0,2,1,9.216000325977802,3,3,0,0,30,0,0,30,3.08
1390,40,0,3,1,4.095999989658594,3,3,0,0,30,0,0,30,3.08
1391,2,0,0,0,14.336000196635723,4,4,0,0,40,0,0,40,2.189
1391,2,0,1,0,71.68000191450119,4,4,0,0,40,0,0,40,2.189
1391,2,0,2,0,9.216000325977802,4,4,0,0,40,0,0,40,2.189
1391,2,0,3,0,7.168000098317862,4,4,0,0,40,0,0,40,2.189
1391,24,0,0,0,9.216000325977802,4,4,0,0,40,0,0,40,2.889
1391,24,0,1,0,81.91999793052673,4,4,0,0,40,0,0,40,2.889
1391,24,0,2,0,9.216000325977802,4,4,0,0,40,0,0,40,2.889
1391,24,0,3,0,4.095999989658594,4,4,0,0,40,0,0,40,2.889
1391,40,0,0,1,9.216000325977802,4,4,0,0,40,0,0,40,4.25
1391,40,0,1,1,70.65600156784058,4,4,0,0,40,0,0,40,4.25
1391,40,0,2,1,9.216000325977802,4,4,0,0,40,0,0,40,4.25
1391,40,0,3,1,4.095999989658594,4,4,0,0,40,0,0,40,4.25
1392,2,0,0,0,14.336000196635723,4,4,0,0,40,0,0,40,3.01
1392,2,0,1,0,81.91999793052673,4,4,0,0,40,0,0,40,3.01
1392,2,0,2,0,9.216000325977802,4,4,0,0,40,0,0,40,3.01
1392,2,0,3,0,8.191999979317188,4,4,0,0,40,0,0,40,3.01
1392,24,0,0,0,8.191999979317188,4,4,0,0,40,0,0,40,2.0
1392,24,0,1,0,78.84799689054489,4,4,0,0,40,0,0,40,2.0
1392,24,0,2,0,8.191999979317188,4,4,0,0,40,0,0,40,2.0
1392,24,0,3,0,4.095999989658594,4,4,0,0,40,0,0,40,2.0
1392,40,0,0,1,8.191999979317188,4,4,0,1,39,0,0,40,114.98
1392,40,0,1,1,101.3759970664978,4,4,0,1,39,0,0,40,114.98
1392,40,0,2,1,9.216000325977802,4,4,0,1,39,0,0,40,114.98
1392,40,0,3,1,4.095999989658594,4,4,0,1,39,0,0,40,114.98
1393,2,0,0,0,9.216000325977802,4,4,0,2,38,0,0,40,203.688
1393,2,0,1,0,78.84799689054489,4,4,0,2,38,0,0,40,203.688
1393,2,0,2,0,8.191999979317188,4,4,0,2,38,0,0,40,203.688
1393,2,0,3,0,104.44799810647964,4,4,0,2,38,0,0,40,203.688
1393,24,0,0,0,9.216000325977802,4,4,0,0,40,0,0,40,4.93
1393,24,0,1,0,69.63200122117996,4,4,0,0,40,0,0,40,4.93
1393,24,0,2,0,8.191999979317188,4,4,0,0,40,0,0,40,4.93
1393,24,0,3,0,4.095999989658594,4,4,0,0,40,0,0,40,4.93
1393,40,0,0,1,9.216000325977802,4,4,0,0,40,0,0,40,1.62
1393,40,0,1,1,60.416001826524734,4,4,0,0,40,0,0,40,1.62
1393,40,0,2,1,9.216000325977802,4,4,0,0,40,0,0,40,1.62
1393,40,0,3,1,4.095999989658594,4,4,0,0,40,0,0,40,1.62
1394,2,0,0,0,15.359999611973763,4,4,0,0,40,0,0,40,3.511
1394,2,0,1,0,87.0399996638298,4,4,0,0,40,0,0,40,3.511
1394,2,0,2,0,9.216000325977802,4,4,0,0,40,0,0,40,3.511
1394,2,0,3,0,5.119999870657921,4,4,0,0,40,0,0,40,3.511
1394,24,0,0,0,8.191999979317188,4,4,0,0,40,0,0,40,2.02
1394,24,0,1,0,59.39200147986412,4,4,0,0,40,0,0,40,2.02
1394,24,0,2,0,9.216000325977802,4,4,0,0,40,0,0,40,2.02
1394,24,0,3,0,4.095999989658594,4,4,0,0,40,0,0,40,2.02
1394,40,0,0,1,10.239999741315842,4,4,0,0,40,0,0,40,1.6
1394,40,0,1,1,54.27199974656105,4,4,0,0,40,0,0,40,1.6
1394,40,0,2,1,9.216000325977802,4,4,0,0,40,0,0,40,1.6
1394,40,0,3,1,4.095999989658594,4,4,0,0,40,0,0,40,1.6
1395,2,0,0,0,9.216000325977802,2,2,0,2,18,0,0,20,98.8
1395,2,0,1,0,49.15200173854828,2,2,0,2,18,0,0,20,98.8
1395,2,0,2,0,9.216000325977802,2,2,0,2,18,0,0,20,98.8
1395,2,0,3,0,29.69600073993206,2,2,0,2,18,0,0,20,98.8
1395,24,0,0,0,9.216000325977802,2,2,0,0,20,0,0,20,1.3
1395,24,0,1,0,44.03200000524521,2,2,0,0,20,0,0,20,1.3
1395,24,0,2,0,9.216000325977802,2,2,0,0,20,0,0,20,1.3
1395,24,0,3,0,4.095999989658594,2,2,0,0,20,0,0,20,1.3
1395,40,0,0,1,9.216000325977802,2,2,0,0,20,0,0,20,0.831
1395,40,0,1,1,44.03200000524521,2,2,0,0,20,0,0,20,0.831
1395,40,0,2,1,9.216000325977802,2,2,0,0,20,0,0,20,0.831
1395,40,0,3,1,4.095999989658594,2,2,0,0,20,0,0,20,0.831
1396,2,0,0,0,15.359999611973763,2,2,0,0,20,0,0,20,1.16
1396,2,0,1,0,52.22399905323982,2,2,0,0,20,0,0,20,1.16
1396,2,0,2,0,9.216000325977802,2,2,0,0,20,0,0,20,1.16
1396,2,0,3,0,5.119999870657921,2,2,0,0,20,0,0,20,1.16
1396,24,0,0,0,15.359999611973763,2,2,0,0,20,0,0,20,1.15
1396,24,0,1,0,48.128001391887665,2,2,0,0,20,0,0,20,1.15
1396,24,0,2,0,9.216000325977802,2,2,0,0,20,0,0,20,1.15
1396,24,0,3,0,4.095999989658594,2,2,0,0,20,0,0,20,1.15
1396,40,0,0,1,10.239999741315842,2,2,0,0,20,0,0,20,1.28
1396,40,0,1,1,50.175998359918594,2,2,0,0,20,0,0,20,1.28
1396,40,0,2,1,9.216000325977802,2,2,0,0,20,0,0,20,1.28
1396,40,0,3,1,4.095999989658594,2,2,0,0,20,0,0,20,1.28
1397,2,0,0,0,9.216000325977802,3,3,0,0,30,0,0,30,2.089
1397,2,0,1,0,69.63200122117996,3,3,0,0,30,0,0,30,2.089
1397,2,0,2,0,9.216000325977802,3,3,0,0,30,0,0,30,2.089
1397,2,0,3,0,6.144000217318535,3,3,0,0,30,0,0,30,2.089
1397,24,0,0,0,15.359999611973763,3,3,0,0,30,0,0,30,1.809
1397,24,0,1,0,56.32000043988228,3,3,0,0,30,0,0,30,1.809
1397,24,0,2,0,9.216000325977802,3,3,0,0,30,0,0,30,1.809
1397,24,0,3,0,4.095999989658594,3,3,0,0,30,0,0,30,1.809
1397,40,0,0,1,9.216000325977802,3,3,0,0,30,0,0,30,1.669
1397,40,0,1,1,61.43999844789505,3,3,0,0,30,0,0,30,1.669
1397,40,0,2,1,10.239999741315842,3,3,0,0,30,0,0,30,1.669
1397,40,0,3,1,4.095999989658594,3,3,0,0,30,0,0,30,1.669
1398,2,0,0,0,9.216000325977802,1,1,0,0,10,0,0,10,0.49
1398,2,0,1,0,31.74399957060814,1,1,0,0,10,0,0,10,0.49
1398,2,0,2,0,8.191999979317188,1,1,0,0,10,0,0,10,0.49
1398,2,0,3,0,4.095999989658594,1,1,0,0,10,0,0,10,0.49
1398,24,0,0,0,9.216000325977802,1,1,0,0,10,0,0,10,0.7
1398,24,0,1,0,30.719999223947525,1,1,0,0,10,0,0,10,0.7
1398,24,0,2,0,8.191999979317188,1,1,0,0,10,0,0,10,0.7
1398,24,0,3,0,4.095999989658594,1,1,0,0,10,0,0,10,0.7
1398,40,0,0,1,9.216000325977802,1,1,0,0,10,0,0,10,0.429
1398,40,0,1,1,34.81600061058998,1,1,0,0,10,0,0,10,0.429
1398,40,0,2,1,9.216000325977802,1,1,0,0,10,0,0,10,0.429
1398,40,0,3,1,4.095999989658594,1,1,0,0,10,0,0,10,0.429
1399,2,0,0,0,15.359999611973763,3,3,0,0,30,0,0,30,3.93
1399,2,0,1,0,64.51199948787689,3,3,0,0,30,0,0,30,3.93
1399,2,0,2,0,9.216000325977802,3,3,0,0,30,0,0,30,3.93
1399,2,0,3,0,5.119999870657921,3,3,0,0,30,0,0,30,3.93
1399,24,0,0,0,9.216000325977802,3,3,0,0,30,0,0,30,1.51
1399,24,0,1,0,57.34400078654289,3,3,0,0,30,0,0,30,1.51
1399,24,0,2,0,9.216000325977802,3,3,0,0,30,0,0,30,1.51
1399,24,0,3,0,4.095999989658594,3,3,0,0,30,0,0,30,1.51
1399,40,0,0,1,9.216000325977802,3,3,0,0,30,0,0,30,1.38
1399,40,0,1,1,56.32000043988228,3,3,0,0,30,0,0,30,1.38
1399,40,0,2,1,10.239999741315842,3,3,0,0,30,0,0,30,1.38
1399,40,0,3,1,4.095999989658594,3,3,0,0,30,0,0,30,1.38
1400,2,0,0,0,13.311999849975109,4,4,0,0,40,0,0,40,2.5
1400,2,0,1,0,68.60800087451935,4,4,0,0,40,0,0,40,2.5
1400,2,0,2,0,8.191999979317188,4,4,0,0,40,0,0,40,2.5
1400,2,0,3,0,6.144000217318535,4,4,0,0,40,0,0,40,2.5
1400,24,0,0,0,13.311999849975109,4,4,0,0,40,0,0,40,3.88
1400,24,0,1,0,54.27199974656105,4,4,0,0,40,0,0,40,3.88
1400,24,0,2,0,8.191999979317188,4,4,0,0,40,0,0,40,3.88
1400,24,0,3,0,4.095999989658594,4,4,0,0,40,0,0,40,3.88
1400,40,0,0,1,9.216000325977802,4,4,0,0,40,0,0,40,3.489
1400,40,0,1,1,50.175998359918594,4,4,0,0,40,0,0,40,3.489
1400,40,0,2,1,9.216000325977802,4,4,0,0,40,0,0,40,3.489
1400,40,0,3,1,4.095999989658594,4,4,0,0,40,0,0,40,3.489
1401,2,0,0,0,14.336000196635723,4,4,0,0,40,0,0,40,2.811
1401,2,0,1,0,83.96799862384796,4,4,0,0,40,0,0,40,2.811
1401,2,0,2,0,9.216000325977802,4,4,0,0,40,0,0,40,2.811
1401,2,0,3,0,6.144000217318535,4,4,0,0,40,0,0,40,2.811
1401,24,0,0,0,7.168000098317862,4,4,0,1,39,0,0,40,75.979
1401,24,0,1,0,67.58400052785873,4,4,0,1,39,0,0,40,75.979
1401,24,0,2,0,9.216000325977802,4,4,0,1,39,0,0,40,75.979
1401,24,0,3,0,4.095999989658594,4,4,0,1,39,0,0,40,75.979
1401,40,0,0,1,8.191999979317188,4,4,0,0,40,0,0,40,1.991
1401,40,0,1,1,52.22399905323982,4,4,0,0,40,0,0,40,1.991
1401,40,0,2,1,9.216000325977802,4,4,0,0,40,0,0,40,1.991
1401,40,0,3,1,4.095999989658594,4,4,0,0,40,0,0,40,1.991
1402,2,0,0,0,8.191999979317188,4,4,0,1,39,0,0,40,66.739
1402,2,0,1,0,68.60800087451935,4,4,0,1,39,0,0,40,66.739
1402,2,0,2,0,9.216000325977802,4,4,0,1,39,0,0,40,66.739
1402,2,0,3,0,5.119999870657921,4,4,0,1,39,0,0,40,66.739
1402,24,0,0,0,9.216000325977802,4,4,0,0,40,0,0,40,2.8
1402,24,0,1,0,75.77600330114365,4,4,0,0,40,0,0,40,2.8
1402,24,0,2,0,9.216000325977802,4,4,0,0,40,0,0,40,2.8
1402,24,0,3,0,4.095999989658594,4,4,0,0,40,0,0,40,2.8
1402,40,0,0,1,9.216000325977802,4,4,0,0,40,0,0,40,2.08
1402,40,0,1,1,63.48799914121628,4,4,0,0,40,0,0,40,2.08
1402,40,0,2,1,9.216000325977802,4,4,0,0,40,0,0,40,2.08
1402,40,0,3,1,4.095999989658594,4,4,0,0,40,0,0,40,2.08
1403,2,0,0,0,9.216000325977802,2,2,0,0,20,0,0,20,1.26
1403,2,0,1,0,50.175998359918594,2,2,0,0,20,0,0,20,1.26
1403,2,0,2,0,9.216000325977802,2,2,0,0,20,0,0,20,1.26
1403,2,0,3,0,6.144000217318535,2,2,0,0,20,0,0,20,1.26
1403,24,0,0,0,9.216000325977802,2,2,0,0,20,0,0,20,1.129
1403,24,0,1,0,46.08000069856644,2,2,0,0,20,0,0,20,1.129
1403,24,0,2,0,9.216000325977802,2,2,0,0,20,0,0,20,1.129
1403,24,0,3,0,4.095999989658594,2,2,0,0,20,0,0,20,1.129
1403,40,0,0,1,9.216000325977802,2,2,0,0,20,0,0,20,0.909
1403,40,0,1,1,44.03200000524521,2,2,0,0,20,0,0,20,0.909
1403,40,0,2,1,9.216000325977802,2,2,0,0,20,0,0,20,0.909
1403,40,0,3,1,4.095999989658594,2,2,0,0,20,0,0,20,0.909
1404,2,0,0,0,15.359999611973763,4,4,0,0,40,0,0,40,2.5
1404,2,0,1,0,75.77600330114365,4,4,0,0,40,0,0,40,2.5
1404,2,0,2,0,9.216000325977802,4,4,0,0,40,0,0,40,2.5
1404,2,0,3,0,5.119999870657921,4,4,0,0,40,0,0,40,2.5
1404,24,0,0,0,8.191999979317188,4,4,0,0,40,0,0,40,2.36
1404,24,0,1,0,72.7040022611618,4,4,0,0,40,0,0,40,2.36
1404,24,0,2,0,9.216000325977802,4,4,0,0,40,0,0,40,2.36
1404,24,0,3,0,4.095999989658594,4,4,0,0,40,0,0,40,2.36
1404,40,0,0,1,9.216000325977802,4,4,0,0,40,0,0,40,1.88
1404,40,0,1,1,65.5359998345375,4,4,0,0,40,0,0,40,1.88
1404,40,0,2,1,9.216000325977802,4,4,0,0,40,0,0,40,1.88
1404,40,0,3,1,4.095999989658594,4,4,0,0,40,0,0,40,1.88
1405,2,0,0,0,9.216000325977802,1,1,0,1,9,0,0,10,55.189
1405,2,0,1,0,31.74399957060814,1,1,0,1,9,0,0,10,55.189
1405,2,0,2,0,10.239999741315842,1,1,0,1,9,0,0,10,55.189
1405,2,0,3,0,5.119999870657921,1,1,0,1,9,0,0,10,55.189
1405,24,0,0,0,9.216000325977802,1,1,0,0,10,0,0,10,0.64
1405,24,0,1,0,31.74399957060814,1,1,0,0,10,0,0,10,0.64
1405,24,0,2,0,8.191999979317188,1,1,0,0,10,0,0,10,0.64
1405,24,0,3,0,4.095999989658594,1,1,0,0,10,0,0,10,0.64
1405,40,0,0,1,9.216000325977802,1,1,0,0,10,0,0,10,0.46
1405,40,0,1,1,35.840000957250595,1,1,0,0,10,0,0,10,0.46
1405,40,0,2,1,9.216000325977802,1,1,0,0,10,0,0,10,0.46
1405,40,0,3,1,4.095999989658594,1,1,0,0,10,0,0,10,0.46
1406,2,0,0,0,8.191999979317188,2,2,0,0,20,0,0,20,1.13
1406,2,0,1,0,51.19999870657921,2,2,0,0,20,0,0,20,1.13
1406,2,0,2,0,9.216000325977802,2,2,0,0,20,0,0,20,1.13
1406,2,0,3,0,7.168000098317862,2,2,0,0,20,0,0,20,1.13
1406,24,0,0,0,9.216000325977802,2,2,0,0,20,0,0,20,1.06
1406,24,0,1,0,41.98399931192398,2,2,0,0,20,0,0,20,1.06
1406,24,0,2,0,8.191999979317188,2,2,0,0,20,0,0,20,1.06
1406,24,0,3,0,4.095999989658594,2,2,0,0,20,0,0,20,1.06
1406,40,0,0,1,11.264000087976456,2,2,0,0,20,0,0,20,0.79
1406,40,0,1,1,39.93599861860275,2,2,0,0,20,0,0,20,0.79
1406,40,0,2,1,10.239999741315842,2,2,0,0,20,0,0,20,0.79
1406,40,0,3,1,4.095999989658594,2,2,0,0,20,0,0,20,0.79
1407,2,0,0,0,9.216000325977802,2,2,0,0,20,0,0,20,1.14
1407,2,0,1,0,53.247999399900436,2,2,0,0,20,0,0,20,1.14
1407,2,0,2,0,9.216000325977802,2,2,0,0,20,0,0,20,1.14
1407,2,0,3,0,5.119999870657921,2,2,0,0,20,0,0,20,1.14
1407,24,0,0,0,8.191999979317188,2,2,0,0,20,0,0,20,0.929
1407,24,0,1,0,46.08000069856644,2,2,0,0,20,0,0,20,0.929
1407,24,0,2,0,8.191999979317188,2,2,0,0,20,0,0,20,0.929
1407,24,0,3,0,4.095999989658594,2,2,0,0,20,0,0,20,0.929
1407,40,0,0,1,8.191999979317188,2,2,0,0,20,0,0,20,1.071
1407,40,0,1,1,49.15200173854828,2,2,0,0,20,0,0,20,1.071
1407,40,0,2,1,9.216000325977802,2,2,0,0,20,0,0,20,1.071
1407,40,0,3,1,4.095999989658594,2,2,0,0,20,0,0,20,1.071
1408,2,0,0,0,15.359999611973763,2,2,0,0,20,0,0,20,1.151
1408,2,0,1,0,46.08000069856644,2,2,0,0,20,0,0,20,1.151
1408,2,0,2,0,8.191999979317188,2,2,0,0,20,0,0,20,1.151
1408,2,0,3,0,5.119999870657921,2,2,0,0,20,0,0,20,1.151
1408,24,0,0,0,15.359999611973763,2,2,0,0,20,0,0,20,1.249
1408,24,0,1,0,46.08000069856644,2,2,0,0,20,0,0,20,1.249
1408,24,0,2,0,8.191999979317188,2,2,0,0,20,0,0,20,1.249
1408,24,0,3,0,4.095999989658594,2,2,0,0,20,0,0,20,1.249
1408,40,0,0,1,9.216000325977802,2,2,0,0,20,0,0,20,2.971
1408,40,0,1,1,46.08000069856644,2,2,0,0,20,0,0,20,2.971
1408,40,0,2,1,10.239999741315842,2,2,0,0,20,0,0,20,2.971
1408,40,0,3,1,4.095999989658594,2,2,0,0,20,0,0,20,2.971
1409,2,0,0,0,8.191999979317188,4,4,0,2,38,0,0,40,113.909
1409,2,0,1,0,75.77600330114365,4,4,0,2,38,0,0,40,113.909
1409,2,0,2,0,9.216000325977802,4,4,0,2,38,0,0,40,113.909
1409,2,0,3,0,18.432000651955605,4,4,0,2,38,0,0,40,113.909
1409,24,0,0,0,11.264000087976456,4,4,0,2,38,0,0,40,106.08
1409,24,0,1,0,65.5359998345375,4,4,0,2,38,0,0,40,106.08
1409,24,0,2,0,9.216000325977802,4,4,0,2,38,0,0,40,106.08
1409,24,0,3,0,17.40800030529499,4,4,0,2,38,0,0,40,106.08
1409,40,0,0,1,9.216000325977802,4,4,0,0,40,0,0,40,1.769
1409,40,0,1,1,49.15200173854828,4,4,0,0,40,0,0,40,1.769
1409,40,0,2,1,9.216000325977802,4,4,0,0,40,0,0,40,1.769
1409,40,0,3,1,4.095999989658594,4,4,0,0,40,0,0,40,1.769
1410,2,0,0,0,8.191999979317188,4,4,0,2,38,0,0,40,192.77
1410,2,0,1,0,74.75200295448303,4,4,0,2,38,0,0,40,192.77
1410,2,0,2,0,8.191999979317188,4,4,0,2,38,0,0,40,192.77
1410,2,0,3,0,96.25600278377533,4,4,0,2,38,0,0,40,192.77
1410,24,0,0,0,8.191999979317188,4,4,0,1,39,0,0,40,49.25
1410,24,0,1,0,63.48799914121628,4,4,0,1,39,0,0,40,49.25
1410,24,0,2,0,8.191999979317188,4,4,0,1,39,0,0,40,49.25
1410,24,0,3,0,4.095999989658594,4,4,0,1,39,0,0,40,49.25
1410,40,0,0,1,9.216000325977802,4,4,0,0,40,0,0,40,1.62
1410,40,0,1,1,56.32000043988228,4,4,0,0,40,0,0,40,1.62
1410,40,0,2,1,9.216000325977802,4,4,0,0,40,0,0,40,1.62
1410,40,0,3,1,4.095999989658594,4,4,0,0,40,0,0,40,1.62
1411,2,0,0,0,9.216000325977802,2,2,0,0,20,0,0,20,3.08
1411,2,0,1,0,50.175998359918594,2,2,0,0,20,0,0,20,3.08
1411,2,0,2,0,9.216000325977802,2,2,0,0,20,0,0,20,3.08
1411,2,0,3,0,5.119999870657921,2,2,0,0,20,0,0,20,3.08
1411,24,0,0,0,8.191999979317188,2,2,0,0,20,0,0,20,1.2
1411,24,0,1,0,41.98399931192398,2,2,0,0,20,0,0,20,1.2
1411,24,0,2,0,8.191999979317188,2,2,0,0,20,0,0,20,1.2
1411,24,0,3,0,4.095999989658594,2,2,0,0,20,0,0,20,1.2
1411,40,0,0,1,11.264000087976456,2,2,0,0,20,0,0,20,1.1
1411,40,0,1,1,48.128001391887665,2,2,0,0,20,0,0,20,1.1
1411,40,0,2,1,9.216000325977802,2,2,0,0,20,0,0,20,1.1
1411,40,0,3,1,4.095999989658594,2,2,0,0,20,0,0,20,1.1
1412,2,0,0,0,9.216000325977802,2,2,0,2,18,0,0,20,99.86
1412,2,0,1,0,45.05600035190582,2,2,0,2,18,0,0,20,99.86
1412,2,0,2,0,8.191999979317188,2,2,0,2,18,0,0,20,99.86
1412,2,0,3,0,33.79200026392937,2,2,0,2,18,0,0,20,99.86
1412,24,0,0,0,15.359999611973763,2,2,0,0,20,0,0,20,3.52
1412,24,0,1,0,44.03200000524521,2,2,0,0,20,0,0,20,3.52
1412,24,0,2,0,9.216000325977802,2,2,0,0,20,0,0,20,3.52
1412,24,0,3,0,4.095999989658594,2,2,0,0,20,0,0,20,3.52
1412,40,0,0,1,8.191999979317188,2,2,0,0,20,0,0,20,1.051
1412,40,0,1,1,40.95999896526337,2,2,0,0,20,0,0,20,1.051
1412,40,0,2,1,10.239999741315842,2,2,0,0,20,0,0,20,1.051
1412,40,0,3,1,4.095999989658594,2,2,0,0,20,0,0,20,1.051
1413,2,0,0,0,15.359999611973763,4,4,0,1,39,0,0,40,69.489
1413,2,0,1,0,79.8719972372055,4,4,0,1,39,0,0,40,69.489
1413,2,0,2,0,9.216000325977802,4,4,0,1,39,0,0,40,69.489
1413,2,0,3,0,5.119999870657921,4,4,0,1,39,0,0,40,69.489
1413,24,0,0,0,8.191999979317188,4,4,0,0,40,0,0,40,2.12
1413,24,0,1,0,71.68000191450119,4,4,0,0,40,0,0,40,2.12
1413,24,0,2,0,9.216000325977802,4,4,0,0,40,0,0,40,2.12
1413,24,0,3,0,4.095999989658594,4,4,0,0,40,0,0,40,2.12
1413,40,0,0,1,633.8559985160828,4,4,0,0,40,0,0,40,5.34
1413,40,0,1,1,92.16000139713287,4,4,0,0,40,0,0,40,5.34
1413,40,0,2,1,9.216000325977802,4,4,0,0,40,0,0,40,5.34
1413,40,0,3,1,4.095999989658594,4,4,0,0,40,0,0,40,5.34
1414,2,0,0,0,14.336000196635723,4,4,0,0,40,0,0,40,4.529
1414,2,0,1,0,67.58400052785873,4,4,0,0,40,0,0,40,4.529
1414,2,0,2,0,9.216000325977802,4,4,0,0,40,0,0,40,4.529
1414,2,0,3,0,5.119999870657921,4,4,0,0,40,0,0,40,4.529
1414,24,0,0,0,7.168000098317862,4,4,0,0,40,0,0,40,4.18
1414,24,0,1,0,72.7040022611618,4,4,0,0,40,0,0,40,4.18
1414,24,0,2,0,9.216000325977802,4,4,0,0,40,0,0,40,4.18
1414,24,0,3,0,4.095999989658594,4,4,0,0,40,0,0,40,4.18
1414,40,0,0,1,10.239999741315842,4,4,0,1,39,0,0,40,77.46
1414,40,0,1,1,87.0399996638298,4,4,0,1,39,0,0,40,77.46
1414,40,0,2,1,8.191999979317188,4,4,0,1,39,0,0,40,77.46
1414,40,0,3,1,4.095999989658594,4,4,0,1,39,0,0,40,77.46
1415,2,0,0,0,8.191999979317188,4,4,0,3,37,0,0,40,155.729
1415,2,0,1,0,79.8719972372055,4,4,0,3,37,0,0,40,155.729
1415,2,0,2,0,9.216000325977802,4,4,0,3,37,0,0,40,155.729
1415,2,0,3,0,55.296000093221664,4,4,0,3,37,0,0,40,155.729
1415,24,0,0,0,8.191999979317188,4,4,0,1,39,0,0,40,126.24
1415,24,0,1,0,81.91999793052673,4,4,0,1,39,0,0,40,126.24
1415,24,0,2,0,8.191999979317188,4,4,0,1,39,0,0,40,126.24
1415,24,0,3,0,21.503999829292297,4,4,0,1,39,0,0,40,126.24
1415,40,0,0,1,9.216000325977802,4,4,0,1,39,0,0,40,75.39
1415,40,0,1,1,80.89599758386612,4,4,0,1,39,0,0,40,75.39
1415,40,0,2,1,10.239999741315842,4,4,0,1,39,0,0,40,75.39
1415,40,0,3,1,4.095999989658594,4,4,0,1,39,0,0,40,75.39
1416,2,0,0,0,8.191999979317188,4,4,0,1,39,0,0,40,628.588
1416,2,0,1,0,72.7040022611618,4,4,0,1,39,0,0,40,628.588
1416,2,0,2,0,9.216000325977802,4,4,0,1,39,0,0,40,628.588
1416,2,0,3,0,537.5999808311462,4,4,0,1,39,0,0,40,628.588
1416,24,0,0,0,10.239999741315842,4,4,0,0,40,0,0,40,4.23
1416,24,0,1,0,75.77600330114365,4,4,0,0,40,0,0,40,4.23
1416,24,0,2,0,9.216000325977802,4,4,0,0,40,0,0,40,4.23
1416,24,0,3,0,5.119999870657921,4,4,0,0,40,0,0,40,4.23
1416,40,0,0,1,9.216000325977802,4,4,0,0,40,0,0,40,2.58
1416,40,0,1,1,87.0399996638298,4,4,0,0,40,0,0,40,2.58
1416,40,0,2,1,9.216000325977802,4,4,0,0,40,0,0,40,2.58
1416,40,0,3,1,4.095999989658594,4,4,0,0,40,0,0,40,2.58
1417,2,0,0,0,8.191999979317188,4,4,0,3,37,0,0,40,228.528
1417,2,0,1,0,83.96799862384796,4,4,0,3,37,0,0,40,228.528
1417,2,0,2,0,9.216000325977802,4,4,0,3,37,0,0,40,228.528
1417,2,0,3,0,124.92799758911133,4,4,0,3,37,0,0,40,228.528
1417,24,0,0,0,8.191999979317188,4,4,0,0,40,0,0,40,4.69
1417,24,0,1,0,68.60800087451935,4,4,0,0,40,0,0,40,4.69
1417,24,0,2,0,9.216000325977802,4,4,0,0,40,0,0,40,4.69
1417,24,0,3,0,4.095999989658594,4,4,0,0,40,0,0,40,4.69
1417,40,0,0,1,9.216000325977802,4,4,0,1,39,0,0,40,79.909
1417,40,0,1,1,78.84799689054489,4,4,0,1,39,0,0,40,79.909
1417,40,0,2,1,9.216000325977802,4,4,0,1,39,0,0,40,79.909
1417,40,0,3,1,4.095999989658594,4,4,0,1,39,0,0,40,79.909
1418,2,0,0,0,8.191999979317188,4,4,0,1,39,0,0,40,59.09
1418,2,0,1,0,76.80000364780426,4,4,0,1,39,0,0,40,59.09
1418,2,0,2,0,9.216000325977802,4,4,0,1,39,0,0,40,59.09
1418,2,0,3,0,5.119999870657921,4,4,0,1,39,0,0,40,59.09
1418,24,0,0,0,9.216000325977802,4,4,0,0,40,0,0,40,2.16
1418,24,0,1,0,76.80000364780426,4,4,0,0,40,0,0,40,2.16
1418,24,0,2,0,8.191999979317188,4,4,0,0,40,0,0,40,2.16
1418,24,0,3,0,4.095999989658594,4,4,0,0,40,0,0,40,2.16
1418,40,0,0,1,9.216000325977802,4,4,0,1,39,0,0,40,103.239
1418,40,0,1,1,89.08800035715103,4,4,0,1,39,0,0,40,103.239
1418,40,0,2,1,9.216000325977802,4,4,0,1,39,0,0,40,103.239
1418,40,0,3,1,4.095999989658594,4,4,0,1,39,0,0,40,103.239
1419,2,0,0,0,9.216000325977802,4,4,0,1,39,0,0,40,67.169
1419,2,0,1,0,53.247999399900436,4,4,0,1,39,0,0,40,67.169
1419,2,0,2,0,9.216000325977802,4,4,0,1,39,0,0,40,67.169
1419,2,0,3,0,7.168000098317862,4,4,0,1,39,0,0,40,67.169
1419,24,0,0,0,9.216000325977802,4,4,0,0,40,0,0,40,2.04
1419,24,0,1,0,72.7040022611618,4,4,0,0,40,0,0,40,2.04
1419,24,0,2,0,9.216000325977802,4,4,0,0,40,0,0,40,2.04
1419,24,0,3,0,4.095999989658594,4,4,0,0,40,0,0,40,2.04
1419,40,0,0,1,9.216000325977802,4,4,0,2,38,0,0,40,213.219
1419,40,0,1,1,83.96799862384796,4,4,0,2,38,0,0,40,213.219
1419,40,0,2,1,9.216000325977802,4,4,0,2,38,0,0,40,213.219
1419,40,0,3,1,107.51999914646149,4,4,0,2,38,0,0,40,213.219
1420,2,0,0,0,8.191999979317188,4,4,0,1,39,0,0,40,67.62
1420,2,0,1,0,84.99199897050858,4,4,0,1,39,0,0,40,67.62
1420,2,0,2,0,9.216000325977802,4,4,0,1,39,0,0,40,67.62
1420,2,0,3,0,5.119999870657921,4,4,0,1,39,0,0,40,67.62
1420,24,0,0,0,8.191999979317188,4,4,0,0,40,0,0,40,4.9
1420,24,0,1,0,77.82399654388428,4,4,0,0,40,0,0,40,4.9
1420,24,0,2,0,9.216000325977802,4,4,0,0,40,0,0,40,4.9
1420,24,0,3,0,4.095999989658594,4,4,0,0,40,0,0,40,4.9
1420,40,0,0,1,9.216000325977802,4,4,0,0,40,0,0,40,4.96
1420,40,0,1,1,95.23200243711472,4,4,0,0,40,0,0,40,4.96
1420,40,0,2,1,9.216000325977802,4,4,0,0,40,0,0,40,4.96
1420,40,0,3,1,4.095999989658594,4,4,0,0,40,0,0,40,4.96
1421,2,0,0,0,8.191999979317188,4,4,0,1,39,0,0,40,108.09
1421,2,0,1,0,77.82399654388428,4,4,0,1,39,0,0,40,108.09
1421,2,0,2,0,9.216000325977802,4,4,0,1,39,0,0,40,108.09
1421,2,0,3,0,9.216000325977802,4,4,0,1,39,0,0,40,108.09
1421,24,0,0,0,8.191999979317188,4,4,0,0,40,0,0,40,3.7
1421,24,0,1,0,56.32000043988228,4,4,0,0,40,0,0,40,3.7
1421,24,0,2,0,9.216000325977802,4,4,0,0,40,0,0,40,3.7
1421,24,0,3,0,4.095999989658594,4,4,0,0,40,0,0,40,3.7
1421,40,0,0,1,8.191999979317188,4,4,0,0,40,0,0,40,1.78
1421,40,0,1,1,50.175998359918594,4,4,0,0,40,0,0,40,1.78
1421,40,0,2,1,9.216000325977802,4,4,0,0,40,0,0,40,1.78
1421,40,0,3,1,4.095999989658594,4,4,0,0,40,0,0,40,1.78
1422,2,0,0,0,9.216000325977802,4,4,0,1,39,0,0,40,70.899
1422,2,0,1,0,65.5359998345375,4,4,0,1,39,0,0,40,70.899
1422,2,0,2,0,9.216000325977802,4,4,0,1,39,0,0,40,70.899
1422,2,0,3,0,5.119999870657921,4,4,0,1,39,0,0,40,70.899
1422,24,0,0,0,8.191999979317188,4,4,0,0,40,0,0,40,2.08
1422,24,0,1,0,55.296000093221664,4,4,0,0,40,0,0,40,2.08
1422,24,0,2,0,9.216000325977802,4,4,0,0,40,0,0,40,2.08
1422,24,0,3,0,4.095999989658594,4,4,0,0,40,0,0,40,2.08
1422,40,0,0,1,9.216000325977802,4,4,0,2,38,0,0,40,116.699
1422,40,0,1,1,64.51199948787689,4,4,0,2,38,0,0,40,116.699
1422,40,0,2,1,9.216000325977802,4,4,0,2,38,0,0,40,116.699
1422,40,0,3,1,30.719999223947525,4,4,0,2,38,0,0,40,116.699
1423,2,0,0,0,14.336000196635723,4,4,0,0,40,0,0,40,5.01
1423,2,0,1,0,90.11200070381165,4,4,0,0,40,0,0,40,5.01
1423,2,0,2,0,9.216000325977802,4,4,0,0,40,0,0,40,5.01
1423,2,0,3,0,5.119999870657921,4,4,0,0,40,0,0,40,5.01
1423,24,0,0,0,9.216000325977802,4,4,0,1,39,0,0,40,78.819
1423,24,0,1,0,79.8719972372055,4,4,0,1,39,0,0,40,78.819
1423,24,0,2,0,9.216000325977802,4,4,0,1,39,0,0,40,78.819
1423,24,0,3,0,4.095999989658594,4,4,0,1,39,0,0,40,78.819
1423,40,0,0,1,9.216000325977802,4,4,0,0,40,0,0,40,2.04
1423,40,0,1,1,66.56000018119812,4,4,0,0,40,0,0,40,2.04
1423,40,0,2,1,9.216000325977802,4,4,0,0,40,0,0,40,2.04
1423,40,0,3,1,4.095999989658594,4,4,0,0,40,0,0,40,2.04
1424,2,0,0,0,14.336000196635723,4,4,0,0,40,0,0,40,4.54
1424,2,0,1,0,66.56000018119812,4,4,0,0,40,0,0,40,4.54
1424,2,0,2,0,9.216000325977802,4,4,0,0,40,0,0,40,4.54
1424,2,0,3,0,7.168000098317862,4,4,0,0,40,0,0,40,4.54
1424,24,0,0,0,8.191999979317188,4,4,0,0,40,0,0,40,3.92
1424,24,0,1,0,66.56000018119812,4,4,0,0,40,0,0,40,3.92
1424,24,0,2,0,9.216000325977802,4,4,0,0,40,0,0,40,3.92
1424,24,0,3,0,4.095999989658594,4,4,0,0,40,0,0,40,3.92
1424,40,0,0,1,9.216000325977802,4,4,0,0,40,0,0,40,4.56
1424,40,0,1,1,67.58400052785873,4,4,0,0,40,0,0,40,4.56
1424,40,0,2,1,9.216000325977802,4,4,0,0,40,0,0,40,4.56
1424,40,0,3,1,4.095999989658594,4,4,0,0,40,0,0,40,4.56
1425,2,0,0,0,14.336000196635723,4,4,0,0,40,0,0,40,2.42
1425,2,0,1,0,66.56000018119812,4,4,0,0,40,0,0,40,2.42
1425,2,0,2,0,9.216000325977802,4,4,0,0,40,0,0,40,2.42
1425,2,0,3,0,5.119999870657921,4,4,0,0,40,0,0,40,2.42
1425,24,0,0,0,9.216000325977802,4,4,0,1,39,0,0,40,71.37
1425,24,0,1,0,65.5359998345375,4,4,0,1,39,0,0,40,71.37
1425,24,0,2,0,8.191999979317188,4,4,0,1,39,0,0,40,71.37
1425,24,0,3,0,3.0720001086592674,4,4,0,1,39,0,0,40,71.37
1425,40,0,0,1,15.359999611973763,4,4,0,1,39,0,0,40,79.95
1425,40,0,1,1,69.63200122117996,4,4,0,1,39,0,0,40,79.95
1425,40,0,2,1,9.216000325977802,4,4,0,1,39,0,0,40,79.95
1425,40,0,3,1,4.095999989658594,4,4,0,1,39,0,0,40,79.95
1426,2,0,0,0,14.336000196635723,4,4,0,0,40,0,0,40,2.4
1426,2,0,1,0,78.84799689054489,4,4,0,0,40,0,0,40,2.4
1426,2,0,2,0,9.216000325977802,4,4,0,0,40,0,0,40,2.4
1426,2,0,3,0,5.119999870657921,4,4,0,0,40,0,0,40,2.4
1426,24,0,0,0,8.191999979317188,4,4,0,1,39,0,0,40,64.76
1426,24,0,1,0,61.43999844789505,4,4,0,1,39,0,0,40,64.76
1426,24,0,2,0,9.216000325977802,4,4,0,1,39,0,0,40,64.76
1426,24,0,3,0,4.095999989658594,4,4,0,1,39,0,0,40,64.76
1426,40,0,0,1,15.359999611973763,4,4,0,2,38,0,0,40,77.52
1426,40,0,1,1,59.39200147986412,4,4,0,2,38,0,0,40,77.52
1426,40,0,2,1,9.216000325977802,4,4,0,2,38,0,0,40,77.52
1426,40,0,3,1,4.095999989658594,4,4,0,2,38,0,0,40,77.52
1427,2,0,0,0,14.336000196635723,4,4,0,0,40,0,0,40,4.98
1427,2,0,1,0,75.77600330114365,4,4,0,0,40,0,0,40,4.98
1427,2,0,2,0,9.216000325977802,4,4,0,0,40,0,0,40,4.98
1427,2,0,3,0,6.144000217318535,4,4,0,0,40,0,0,40,4.98
1427,24,0,0,0,9.216000325977802,4,4,0,1,39,0,0,40,91.459
1427,24,0,1,0,63.48799914121628,4,4,0,1,39,0,0,40,91.459
1427,24,0,2,0,9.216000325977802,4,4,0,1,39,0,0,40,91.459
1427,24,0,3,0,6.144000217318535,4,4,0,1,39,0,0,40,91.459
1427,40,0,0,1,9.216000325977802,4,4,0,1,39,0,0,40,83.499
1427,40,0,1,1,71.68000191450119,4,4,0,1,39,0,0,40,83.499
1427,40,0,2,1,9.216000325977802,4,4,0,1,39,0,0,40,83.499
1427,40,0,3,1,4.095999989658594,4,4,0,1,39,0,0,40,83.499
1428,2,0,0,0,15.359999611973763,2,2,0,0,20,0,0,20,1.231
1428,2,0,1,0,45.05600035190582,2,2,0,0,20,0,0,20,1.231
1428,2,0,2,0,9.216000325977802,2,2,0,0,20,0,0,20,1.231
1428,2,0,3,0,5.119999870657921,2,2,0,0,20,0,0,20,1.231
1428,24,0,0,0,15.359999611973763,2,2,0,0,20,0,0,20,1.28
1428,24,0,1,0,40.95999896526337,2,2,0,0,20,0,0,20,1.28
1428,24,0,2,0,8.191999979317188,2,2,0,0,20,0,0,20,1.28
1428,24,0,3,0,5.119999870657921,2,2,0,0,20,0,0,20,1.28
1428,40,0,0,1,10.239999741315842,2,2,0,0,20,0,0,20,1.02
1428,40,0,1,1,57.34400078654289,2,2,0,0,20,0,0,20,1.02
1428,40,0,2,1,9.216000325977802,2,2,0,0,20,0,0,20,1.02
1428,40,0,3,1,4.095999989658594,2,2,0,0,20,0,0,20,1.02
1429,2,0,0,0,14.336000196635723,4,4,0,0,40,0,0,40,4.44
1429,2,0,1,0,83.96799862384796,4,4,0,0,40,0,0,40,4.44
1429,2,0,2,0,9.216000325977802,4,4,0,0,40,0,0,40,4.44
1429,2,0,3,0,5.119999870657921,4,4,0,0,40,0,0,40,4.44
1429,24,0,0,0,8.191999979317188,4,4,0,0,40,0,0,40,2.18
1429,24,0,1,0,78.84799689054489,4,4,0,0,40,0,0,40,2.18
1429,24,0,2,0,9.216000325977802,4,4,0,0,40,0,0,40,2.18
1429,24,0,3,0,4.095999989658594,4,4,0,0,40,0,0,40,2.18
1429,40,0,0,1,10.239999741315842,4,4,0,0,40,0,0,40,2.06
1429,40,0,1,1,81.91999793052673,4,4,0,0,40,0,0,40,2.06
1429,40,0,2,1,8.191999979317188,4,4,0,0,40,0,0,40,2.06
1429,40,0,3,1,4.095999989658594,4,4,0,0,40,0,0,40,2.06
1430,2,0,0,0,14.336000196635723,4,4,0,0,40,0,0,40,2.47
1430,2,0,1,0,72.7040022611618,4,4,0,0,40,0,0,40,2.47
1430,2,0,2,0,8.191999979317188,4,4,0,0,40,0,0,40,2.47
1430,2,0,3,0,5.119999870657921,4,4,0,0,40,0,0,40,2.47
1430,24,0,0,0,8.191999979317188,4,4,0,0,40,0,0,40,2.42
1430,24,0,1,0,76.80000364780426,4,4,0,0,40,0,0,40,2.42
1430,24,0,2,0,9.216000325977802,4,4,0,0,40,0,0,40,2.42
1430,24,0,3,0,4.095999989658594,4,4,0,0,40,0,0,40,2.42
1430,40,0,0,1,9.216000325977802,4,4,0,0,40,0,0,40,2.109
1430,40,0,1,1,71.68000191450119,4,4,0,0,40,0,0,40,2.109
1430,40,0,2,1,9.216000325977802,4,4,0,0,40,0,0,40,2.109
1430,40,0,3,1,4.095999989658594,4,4,0,0,40,0,0,40,2.109
1431,2,0,0,0,14.336000196635723,4,4,0,0,40,0,0,40,2.34
1431,2,0,1,0,60.416001826524734,4,4,0,0,40,0,0,40,2.34
1431,2,0,2,0,9.216000325977802,4,4,0,0,40,0,0,40,2.34
1431,2,0,3,0,6.144000217318535,4,4,0,0,40,0,0,40,2.34
1431,24,0,0,0,8.191999979317188,4,4,0,0,40,0,0,40,1.94
1431,24,0,1,0,52.22399905323982,4,4,0,0,40,0,0,40,1.94
1431,24,0,2,0,8.191999979317188,4,4,0,0,40,0,0,40,1.94
1431,24,0,3,0,4.095999989658594,4,4,0,0,40,0,0,40,1.94
1431,40,0,0,1,8.191999979317188,4,4,0,0,40,0,0,40,2.109
1431,40,0,1,1,73.72800260782242,4,4,0,0,40,0,0,40,2.109
1431,40,0,2,1,9.216000325977802,4,4,0,0,40,0,0,40,2.109
1431,40,0,3,1,4.095999989658594,4,4,0,0,40,0,0,40,2.109
1432,2,0,0,0,15.359999611973763,3,3,0,0,30,0,0,30,1.629
1432,2,0,1,0,61.43999844789505,3,3,0,0,30,0,0,30,1.629
1432,2,0,2,0,9.216000325977802,3,3,0,0,30,0,0,30,1.629
1432,2,0,3,0,7.168000098317862,3,3,0,0,30,0,0,30,1.629
1432,24,0,0,0,11.264000087976456,3,3,0,0,30,0,0,30,1.39
1432,24,0,1,0,55.296000093221664,3,3,0,0,30,0,0,30,1.39
1432,24,0,2,0,9.216000325977802,3,3,0,0,30,0,0,30,1.39
1432,24,0,3,0,4.095999989658594,3,3,0,0,30,0,0,30,1.39
1432,40,0,0,1,9.216000325977802,3,3,0,0,30,0,0,30,1.84
1432,40,0,1,1,44.03200000524521,3,3,0,0,30,0,0,30,1.84
1432,40,0,2,1,10.239999741315842,3,3,0,0,30,0,0,30,1.84
1432,40,0,3,1,4.095999989658594,3,3,0,0,30,0,0,30,1.84
1433,2,0,0,0,9.216000325977802,4,4,0,2,38,0,0,40,110.269
1433,2,0,1,0,57.34400078654289,4,4,0,2,38,0,0,40,110.269
1433,2,0,2,0,8.191999979317188,4,4,0,2,38,0,0,40,110.269
1433,2,0,3,0,30.719999223947525,4,4,0,2,38,0,0,40,110.269
1433,24,0,0,0,8.191999979317188,4,4,0,0,40,0,0,40,2.06
1433,24,0,1,0,64.51199948787689,4,4,0,0,40,0,0,40,2.06
1433,24,0,2,0,9.216000325977802,4,4,0,0,40,0,0,40,2.06
1433,24,0,3,0,4.095999989658594,4,4,0,0,40,0,0,40,2.06
1433,40,0,0,1,9.216000325977802,4,4,0,0,40,0,0,40,2.169
1433,40,0,1,1,79.8719972372055,4,4,0,0,40,0,0,40,2.169
1433,40,0,2,1,9.216000325977802,4,4,0,0,40,0,0,40,2.169
1433,40,0,3,1,4.095999989658594,4,4,0,0,40,0,0,40,2.169
1434,2,0,0,0,14.336000196635723,4,4,0,2,38,0,0,40,115.6
1434,2,0,1,0,62.463998794555664,4,4,0,2,38,0,0,40,115.6
1434,2,0,2,0,9.216000325977802,4,4,0,2,38,0,0,40,115.6
1434,2,0,3,0,25.599999353289604,4,4,0,2,38,0,0,40,115.6
1434,24,0,0,0,8.191999979317188,4,4,0,1,39,0,0,40,67.69
1434,24,0,1,0,66.56000018119812,4,4,0,1,39,0,0,40,67.69
1434,24,0,2,0,9.216000325977802,4,4,0,1,39,0,0,40,67.69
1434,24,0,3,0,4.095999989658594,4,4,0,1,39,0,0,40,67.69
1434,40,0,0,1,9.216000325977802,4,4,0,0,40,0,0,40,4.7
1434,40,0,1,1,86.01599931716919,4,4,0,0,40,0,0,40,4.7
1434,40,0,2,1,9.216000325977802,4,4,0,0,40,0,0,40,4.7
1434,40,0,3,1,4.095999989658594,4,4,0,0,40,0,0,40,4.7
1435,2,0,0,0,8.191999979317188,3,3,0,2,28,0,0,30,306.369
1435,2,0,1,0,64.51199948787689,3,3,0,2,28,0,0,30,306.369
1435,2,0,2,0,9.216000325977802,3,3,0,2,28,0,0,30,306.369
1435,2,0,3,0,221.18400037288666,3,3,0,2,28,0,0,30,306.369
1435,24,0,0,0,9.216000325977802,3,3,0,0,30,0,0,30,1.52
1435,24,0,1,0,47.10400104522705,3,3,0,0,30,0,0,30,1.52
1435,24,0,2,0,9.216000325977802,3,3,0,0,30,0,0,30,1.52
1435,24,0,3,0,4.095999989658594,3,3,0,0,30,0,0,30,1.52
1435,40,0,0,1,11.264000087976456,3,3,0,0,30,0,0,30,1.23
1435,40,0,1,1,47.10400104522705,3,3,0,0,30,0,0,30,1.23
1435,40,0,2,1,9.216000325977802,3,3,0,0,30,0,0,30,1.23
1435,40,0,3,1,4.095999989658594,3,3,0,0,30,0,0,30,1.23
1436,2,0,0,0,15.359999611973763,1,1,0,0,10,0,0,10,0.63
1436,2,0,1,0,31.74399957060814,1,1,0,0,10,0,0,10,0.63
1436,2,0,2,0,9.216000325977802,1,1,0,0,10,0,0,10,0.63
1436,2,0,3,0,5.119999870657921,1,1,0,0,10,0,0,10,0.63
1436,24,0,0,0,9.216000325977802,1,1,0,0,10,0,0,10,0.44
1436,24,0,1,0,31.74399957060814,1,1,0,0,10,0,0,10,0.44
1436,24,0,2,0,8.191999979317188,1,1,0,0,10,0,0,10,0.44
1436,24,0,3,0,4.095999989658594,1,1,0,0,10,0,0,10,0.44
1436,40,0,0,1,9.216000325977802,1,1,0,0,10,0,0,10,0.831
1436,40,0,1,1,35.840000957250595,1,1,0,0,10,0,0,10,0.831
1436,40,0,2,1,9.216000325977802,1,1,0,0,10,0,0,10,0.831
1436,40,0,3,1,4.095999989658594,1,1,0,0,10,0,0,10,0.831
1437,2,0,0,0,15.359999611973763,4,4,0,1,39,0,0,40,55.689
1437,2,0,1,0,89.08800035715103,4,4,0,1,39,0,0,40,55.689
1437,2,0,2,0,8.191999979317188,4,4,0,1,39,0,0,40,55.689
1437,2,0,3,0,5.119999870657921,4,4,0,1,39,0,0,40,55.689
1437,24,0,0,0,8.191999979317188,4,4,0,0,40,0,0,40,2.12
1437,24,0,1,0,60.416001826524734,4,4,0,0,40,0,0,40,2.12
1437,24,0,2,0,9.216000325977802,4,4,0,0,40,0,0,40,2.12
1437,24,0,3,0,4.095999989658594,4,4,0,0,40,0,0,40,2.12
1437,40,0,0,1,14.336000196635723,4,4,0,0,40,0,0,40,4.1
1437,40,0,1,1,59.39200147986412,4,4,0,0,40,0,0,40,4.1
1437,40,0,2,1,9.216000325977802,4,4,0,0,40,0,0,40,4.1
1437,40,0,3,1,4.095999989658594,4,4,0,0,40,0,0,40,4.1
1438,2,0,0,0,14.336000196635723,4,4,0,0,40,0,0,40,4.79
1438,2,0,1,0,74.75200295448303,4,4,0,0,40,0,0,40,4.79
1438,2,0,2,0,9.216000325977802,4,4,0,0,40,0,0,40,4.79
1438,2,0,3,0,8.191999979317188,4,4,0,0,40,0,0,40,4.79
1438,24,0,0,0,9.216000325977802,4,4,0,0,40,0,0,40,2.46
1438,24,0,1,0,61.43999844789505,4,4,0,0,40,0,0,40,2.46
1438,24,0,2,0,9.216000325977802,4,4,0,0,40,0,0,40,2.46
1438,24,0,3,0,4.095999989658594,4,4,0,0,40,0,0,40,2.46
1438,40,0,0,1,9.216000325977802,4,4,0,1,39,0,0,40,78.47
1438,40,0,1,1,75.77600330114365,4,4,0,1,39,0,0,40,78.47
1438,40,0,2,1,9.216000325977802,4,4,0,1,39,0,0,40,78.47
1438,40,0,3,1,3.0720001086592674,4,4,0,1,39,0,0,40,78.47
1439,2,0,0,0,8.191999979317188,4,4,0,1,39,0,0,40,68.35
1439,2,0,1,0,56.32000043988228,4,4,0,1,39,0,0,40,68.35
1439,2,0,2,0,9.216000325977802,4,4,0,1,39,0,0,40,68.35
1439,2,0,3,0,5.119999870657921,4,4,0,1,39,0,0,40,68.35
1439,24,0,0,0,9.216000325977802,4,4,0,3,36,1,0,40,155.81
1439,24,0,1,0,83.96799862384796,4,4,0,3,36,1,0,40,155.81
1439,24,0,2,0,169.98399794101715,4,4,0,3,36,1,0,40,155.81
1439,24,0,3,0,5.119999870657921,4,4,0,3,36,1,0,40,155.81
1439,40,0,0,1,9.216000325977802,4,4,0,0,40,0,0,40,2.63
1439,40,0,1,1,89.08800035715103,4,4,0,0,40,0,0,40,2.63
1439,40,0,2,1,9.216000325977802,4,4,0,0,40,0,0,40,2.63
1439,40,0,3,1,5.119999870657921,4,4,0,0,40,0,0,40,2.63
1440,2,0,0,0,14.336000196635723,4,4,0,0,40,0,0,40,5.32
1440,2,0,1,0,82.94399827718735,4,4,0,0,40,0,0,40,5.32
1440,2,0,2,0,9.216000325977802,4,4,0,0,40,0,0,40,5.32
1440,2,0,3,0,6.144000217318535,4,4,0,0,40,0,0,40,5.32
1440,24,0,0,0,8.191999979317188,4,4,0,0,40,0,0,40,2.069
1440,24,0,1,0,71.68000191450119,4,4,0,0,40,0,0,40,2.069
1440,24,0,2,0,9.216000325977802,4,4,0,0,40,0,0,40,2.069
1440,24,0,3,0,4.095999989658594,4,4,0,0,40,0,0,40,2.069
1440,40,0,0,1,9.216000325977802,4,4,0,0,40,0,0,40,4.0
1440,40,0,1,1,81.91999793052673,4,4,0,0,40,0,0,40,4.0
1440,40,0,2,1,9.216000325977802,4,4,0,0,40,0,0,40,4.0
1440,40,0,3,1,4.095999989658594,4,4,0,0,40,0,0,40,4.0
1441,2,0,0,0,9.216000325977802,4,4,0,2,38,0,0,40,108.199
1441,2,0,1,0,68.60800087451935,4,4,0,2,38,0,0,40,108.199
1441,2,0,2,0,9.216000325977802,4,4,0,2,38,0,0,40,108.199
1441,2,0,3,0,18.432000651955605,4,4,0,2,38,0,0,40,108.199
1441,24,0,0,0,8.191999979317188,4,4,0,1,39,0,0,40,69.94
1441,24,0,1,0,84.99199897050858,4,4,0,1,39,0,0,40,69.94
1441,24,0,2,0,9.216000325977802,4,4,0,1,39,0,0,40,69.94
1441,24,0,3,0,4.095999989658594,4,4,0,1,39,0,0,40,69.94
1441,40,0,0,1,9.216000325977802,4,4,0,2,38,0,0,40,147.15
1441,40,0,1,1,92.16000139713287,4,4,0,2,38,0,0,40,147.15
1441,40,0,2,1,10.239999741315842,4,4,0,2,38,0,0,40,147.15
1441,40,0,3,1,30.719999223947525,4,4,0,2,38,0,0,40,147.15
1442,2,0,0,0,21.503999829292297,4,4,0,0,40,0,0,40,2.431
1442,2,0,1,0,72.7040022611618,4,4,0,0,40,0,0,40,2.431
1442,2,0,2,0,9.216000325977802,4,4,0,0,40,0,0,40,2.431
1442,2,0,3,0,5.119999870657921,4,4,0,0,40,0,0,40,2.431
1442,24,0,0,0,8.191999979317188,4,4,0,0,40,0,0,40,3.809
1442,24,0,1,0,74.75200295448303,4,4,0,0,40,0,0,40,3.809
1442,24,0,2,0,9.216000325977802,4,4,0,0,40,0,0,40,3.809
1442,24,0,3,0,4.095999989658594,4,4,0,0,40,0,0,40,3.809
1442,40,0,0,1,9.216000325977802,4,4,0,0,40,0,0,40,4.18
1442,40,0,1,1,53.247999399900436,4,4,0,0,40,0,0,40,4.18
1442,40,0,2,1,9.216000325977802,4,4,0,0,40,0,0,40,4.18
1442,40,0,3,1,4.095999989658594,4,4,0,0,40,0,0,40,4.18
1443,2,0,0,0,9.216000325977802,4,4,0,1,39,0,0,40,70.319
1443,2,0,1,0,78.84799689054489,4,4,0,1,39,0,0,40,70.319
1443,2,0,2,0,9.216000325977802,4,4,0,1,39,0,0,40,70.319
1443,2,0,3,0,6.144000217318535,4,4,0,1,39,0,0,40,70.319
1443,24,0,0,0,9.216000325977802,4,4,0,0,40,0,0,40,2.45
1443,24,0,1,0,80.89599758386612,4,4,0,0,40,0,0,40,2.45
1443,24,0,2,0,9.216000325977802,4,4,0,0,40,0,0,40,2.45
1443,24,0,3,0,4.095999989658594,4,4,0,0,40,0,0,40,2.45
1443,40,0,0,1,10.239999741315842,4,4,0,0,40,0,0,40,2.36
1443,40,0,1,1,89.08800035715103,4,4,0,0,40,0,0,40,2.36
1443,40,0,2,1,9.216000325977802,4,4,0,0,40,0,0,40,2.36
1443,40,0,3,1,4.095999989658594,4,4,0,0,40,0,0,40,2.36
1444,2,0,0,0,15.359999611973763,3,3,0,0,30,0,0,30,1.75
1444,2,0,1,0,63.48799914121628,3,3,0,0,30,0,0,30,1.75
1444,2,0,2,0,9.216000325977802,3,3,0,0,30,0,0,30,1.75
1444,2,0,3,0,5.119999870657921,3,3,0,0,30,0,0,30,1.75
1444,24,0,0,0,9.216000325977802,3,3,0,0,30,0,0,30,1.55
1444,24,0,1,0,62.463998794555664,3,3,0,0,30,0,0,30,1.55
1444,24,0,2,0,9.216000325977802,3,3,0,0,30,0,0,30,1.55
1444,24,0,3,0,4.095999989658594,3,3,0,0,30,0,0,30,1.55
1444,40,0,0,1,8.191999979317188,3,3,0,0,30,0,0,30,2.18
1444,40,0,1,1,76.80000364780426,3,3,0,0,30,0,0,30,2.18
1444,40,0,2,1,9.216000325977802,3,3,0,0,30,0,0,30,2.18
1444,40,0,3,1,4.095999989658594,3,3,0,0,30,0,0,30,2.18
1445,2,0,0,0,9.216000325977802,2,2,0,0,20,0,0,20,1.2
1445,2,0,1,0,51.19999870657921,2,2,0,0,20,0,0,20,1.2
1445,2,0,2,0,9.216000325977802,2,2,0,0,20,0,0,20,1.2
1445,2,0,3,0,5.119999870657921,2,2,0,0,20,0,0,20,1.2
1445,24,0,0,0,8.191999979317188,2,2,0,1,19,0,0,20,72.309
1445,24,0,1,0,48.128001391887665,2,2,0,1,19,0,0,20,72.309
1445,24,0,2,0,9.216000325977802,2,2,0,1,19,0,0,20,72.309
1445,24,0,3,0,4.095999989658594,2,2,0,1,19,0,0,20,72.309
1445,40,0,0,1,9.216000325977802,2,2,0,0,20,0,0,20,0.94
1445,40,0,1,1,51.19999870657921,2,2,0,0,20,0,0,20,0.94
1445,40,0,2,1,9.216000325977802,2,2,0,0,20,0,0,20,0.94
1445,40,0,3,1,4.095999989658594,2,2,0,0,20,0,0,20,0.94
1446,2,0,0,0,15.359999611973763,4,4,0,1,39,0,0,40,164.06
1446,2,0,1,0,84.99199897050858,4,4,0,1,39,0,0,40,164.06
1446,2,0,2,0,9.216000325977802,4,4,0,1,39,0,0,40,164.06
1446,2,0,3,0,51.19999870657921,4,4,0,1,39,0,0,40,164.06
1446,24,0,0,0,8.191999979317188,4,4,0,2,38,0,0,40,140.489
1446,24,0,1,0,83.96799862384796,4,4,0,2,38,0,0,40,140.489
1446,24,0,2,0,9.216000325977802,4,4,0,2,38,0,0,40,140.489
1446,24,0,3,0,34.81600061058998,4,4,0,2,38,0,0,40,140.489
1446,40,0,0,1,9.216000325977802,4,4,0,1,39,0,0,40,139.789
1446,40,0,1,1,70.65600156784058,4,4,0,1,39,0,0,40,139.789
1446,40,0,2,1,9.216000325977802,4,4,0,1,39,0,0,40,139.789
1446,40,0,3,1,47.10400104522705,4,4,0,1,39,0,0,40,139.789
1447,2,0,0,0,8.191999979317188,3,3,0,1,29,0,0,30,66.76
1447,2,0,1,0,65.5359998345375,3,3,0,1,29,0,0,30,66.76
1447,2,0,2,0,9.216000325977802,3,3,0,1,29,0,0,30,66.76
1447,2,0,3,0,6.144000217318535,3,3,0,1,29,0,0,30,66.76
1447,24,0,0,0,9.216000325977802,3,3,0,2,28,0,0,30,128.579
1447,24,0,1,0,65.5359998345375,3,3,0,2,28,0,0,30,128.579
1447,24,0,2,0,8.191999979317188,3,3,0,2,28,0,0,30,128.579
1447,24,0,3,0,40.95999896526337,3,3,0,2,28,0,0,30,128.579
1447,40,0,0,1,9.216000325977802,3,3,0,1,29,0,0,30,81.98
1447,40,0,1,1,65.5359998345375,3,3,0,1,29,0,0,30,81.98
1447,40,0,2,1,10.239999741315842,3,3,0,1,29,0,0,30,81.98
1447,40,0,3,1,5.119999870657921,3,3,0,1,29,0,0,30,81.98
1448,2,0,0,0,22.52800017595291,2,2,0,0,20,0,0,20,0.98
1448,2,0,1,0,52.22399905323982,2,2,0,0,20,0,0,20,0.98
1448,2,0,2,0,9.216000325977802,2,2,0,0,20,0,0,20,0.98
1448,2,0,3,0,5.119999870657921,2,2,0,0,20,0,0,20,0.98
1448,24,0,0,0,8.191999979317188,2,2,0,0,20,0,0,20,1.14
1448,24,0,1,0,49.15200173854828,2,2,0,0,20,0,0,20,1.14
1448,24,0,2,0,9.216000325977802,2,2,0,0,20,0,0,20,1.14
1448,24,0,3,0,4.095999989658594,2,2,0,0,20,0,0,20,1.14
1448,40,0,0,1,9.216000325977802,2,2,0,1,19,0,0,20,95.27
1448,40,0,1,1,55.296000093221664,2,2,0,1,19,0,0,20,95.27
1448,40,0,2,1,10.239999741315842,2,2,0,1,19,0,0,20,95.27
1448,40,0,3,1,17.40800030529499,2,2,0,1,19,0,0,20,95.27
1449,2,0,0,0,8.191999979317188,4,4,0,1,39,0,0,40,178.16
1449,2,0,1,0,77.82399654388428,4,4,0,1,39,0,0,40,178.16
1449,2,0,2,0,9.216000325977802,4,4,0,1,39,0,0,40,178.16
1449,2,0,3,0,79.8719972372055,4,4,0,1,39,0,0,40,178.16
1449,24,0,0,0,8.191999979317188,4,4,0,1,39,0,0,40,67.82
1449,24,0,1,0,71.68000191450119,4,4,0,1,39,0,0,40,67.82
1449,24,0,2,0,8.191999979317188,4,4,0,1,39,0,0,40,67.82
1449,24,0,3,0,3.0720001086592674,4,4,0,1,39,0,0,40,67.82
1449,40,0,0,1,9.216000325977802,4,4,0,0,40,0,0,40,3.679
1449,40,0,1,1,63.48799914121628,4,4,0,0,40,0,0,40,3.679
1449,40,0,2,1,9.216000325977802,4,4,0,0,40,0,0,40,3.679
1449,40,0,3,1,4.095999989658594,4,4,0,0,40,0,0,40,3.679
1450,2,0,0,0,15.359999611973763,3,3,0,0,30,0,0,30,3.8
1450,2,0,1,0,55.296000093221664,3,3,0,0,30,0,0,30,3.8
1450,2,0,2,0,9.216000325977802,3,3,0,0,30,0,0,30,3.8
1450,2,0,3,0,6.144000217318535,3,3,0,0,30,0,0,30,3.8
1450,24,0,0,0,9.216000325977802,3,3,0,0,30,0,0,30,3.67
1450,24,0,1,0,52.22399905323982,3,3,0,0,30,0,0,30,3.67
1450,24,0,2,0,8.191999979317188,3,3,0,0,30,0,0,30,3.67
1450,24,0,3,0,4.095999989658594,3,3,0,0,30,0,0,30,3.67
1450,40,0,0,1,9.216000325977802,3,3,0,0,30,0,0,30,1.151
1450,40,0,1,1,59.39200147986412,3,3,0,0,30,0,0,30,1.151
1450,40,0,2,1,9.216000325977802,3,3,0,0,30,0,0,30,1.151
1450,40,0,3,1,4.095999989658594,3,3,0,0,30,0,0,30,1.151
1451,2,0,0,0,15.359999611973763,4,4,0,1,39,0,0,40,86.949
1451,2,0,1,0,83.96799862384796,4,4,0,1,39,0,0,40,86.949
1451,2,0,2,0,9.216000325977802,4,4,0,1,39,0,0,40,86.949
1451,2,0,3,0,5.119999870657921,4,4,0,1,39,0,0,40,86.949
1451,24,0,0,0,8.191999979317188,4,4,0,0,40,0,0,40,2.169
1451,24,0,1,0,76.80000364780426,4,4,0,0,40,0,0,40,2.169
1451,24,0,2,0,9.216000325977802,4,4,0,0,40,0,0,40,2.169
1451,24,0,3,0,4.095999989658594,4,4,0,0,40,0,0,40,2.169
1451,40,0,0,1,16.383999958634377,4,4,0,1,39,0,0,40,127.69
1451,40,0,1,1,68.60800087451935,4,4,0,1,39,0,0,40,127.69
1451,40,0,2,1,9.216000325977802,4,4,0,1,39,0,0,40,127.69
1451,40,0,3,1,29.69600073993206,4,4,0,1,39,0,0,40,127.69
1452,2,0,0,0,13.311999849975109,4,4,0,0,40,0,0,40,2.82
1452,2,0,1,0,81.91999793052673,4,4,0,0,40,0,0,40,2.82
1452,2,0,2,0,9.216000325977802,4,4,0,0,40,0,0,40,2.82
1452,2,0,3,0,7.168000098317862,4,4,0,0,40,0,0,40,2.82
1452,24,0,0,0,8.191999979317188,4,4,0,0,40,0,0,40,2.01
1452,24,0,1,0,76.80000364780426,4,4,0,0,40,0,0,40,2.01
1452,24,0,2,0,9.216000325977802,4,4,0,0,40,0,0,40,2.01
1452,24,0,3,0,4.095999989658594,4,4,0,0,40,0,0,40,2.01
1452,40,0,0,1,15.359999611973763,4,4,0,1,39,0,0,40,82.41
1452,40,0,1,1,60.416001826524734,4,4,0,1,39,0,0,40,82.41
1452,40,0,2,1,9.216000325977802,4,4,0,1,39,0,0,40,82.41
1452,40,0,3,1,4.095999989658594,4,4,0,1,39,0,0,40,82.41
1453,2,0,0,0,9.216000325977802,4,4,0,0,40,0,0,40,2.41
1453,2,0,1,0,72.7040022611618,4,4,0,0,40,0,0,40,2.41
1453,2,0,2,0,8.191999979317188,4,4,0,0,40,0,0,40,2.41
1453,2,0,3,0,5.119999870657921,4,4,0,0,40,0,0,40,2.41
1453,24,0,0,0,9.216000325977802,4,4,0,0,40,0,0,40,3.66
1453,24,0,1,0,68.60800087451935,4,4,0,0,40,0,0,40,3.66
1453,24,0,2,0,9.216000325977802,4,4,0,0,40,0,0,40,3.66
1453,24,0,3,0,4.095999989658594,4,4,0,0,40,0,0,40,3.66
1453,40,0,0,1,9.216000325977802,4,4,0,0,40,0,0,40,2.411
1453,40,0,1,1,64.51199948787689,4,4,0,0,40,0,0,40,2.411
1453,40,0,2,1,9.216000325977802,4,4,0,0,40,0,0,40,2.411
1453,40,0,3,1,4.095999989658594,4,4,0,0,40,0,0,40,2.411
1454,2,0,0,0,14.336000196635723,4,4,0,0,40,0,0,40,2.29
1454,2,0,1,0,79.8719972372055,4,4,0,0,40,0,0,40,2.29
1454,2,0,2,0,8.191999979317188,4,4,0,0,40,0,0,40,2.29
1454,2,0,3,0,5.119999870657921,4,4,0,0,40,0,0,40,2.29
1454,24,0,0,0,8.191999979317188,4,4,0,0,40,0,0,40,4.5
1454,24,0,1,0,78.84799689054489,4,4,0,0,40,0,0,40,4.5
1454,24,0,2,0,9.216000325977802,4,4,0,0,40,0,0,40,4.5
1454,24,0,3,0,4.095999989658594,4,4,0,0,40,0,0,40,4.5
1454,40,0,0,1,8.191999979317188,4,4,0,0,40,0,0,40,4.169
1454,40,0,1,1,82.94399827718735,4,4,0,0,40,0,0,40,4.169
1454,40,0,2,1,9.216000325977802,4,4,0,0,40,0,0,40,4.169
1454,40,0,3,1,4.095999989658594,4,4,0,0,40,0,0,40,4.169
1455,2,0,0,0,15.359999611973763,4,4,0,0,40,0,0,40,3.12
1455,2,0,1,0,81.91999793052673,4,4,0,0,40,0,0,40,3.12
1455,2,0,2,0,8.191999979317188,4,4,0,0,40,0,0,40,3.12
1455,2,0,3,0,5.119999870657921,4,4,0,0,40,0,0,40,3.12
1455,24,0,0,0,8.191999979317188,4,4,0,0,40,0,0,40,2.13
1455,24,0,1,0,73.72800260782242,4,4,0,0,40,0,0,40,2.13
1455,24,0,2,0,9.216000325977802,4,4,0,0,40,0,0,40,2.13
1455,24,0,3,0,4.095999989658594,4,4,0,0,40,0,0,40,2.13
1455,40,0,0,1,9.216000325977802,4,4,0,0,40,0,0,40,2.2
1455,40,0,1,1,87.0399996638298,4,4,0,0,40,0,0,40,2.2
1455,40,0,2,1,9.216000325977802,4,4,0,0,40,0,0,40,2.2
1455,40,0,3,1,4.095999989658594,4,4,0,0,40,0,0,40,2.2
1456,2,0,0,0,13.311999849975109,4,4,0,0,40,0,0,40,2.211
1456,2,0,1,0,64.51199948787689,4,4,0,0,40,0,0,40,2.211
1456,2,0,2,0,9.216000325977802,4,4,0,0,40,0,0,40,2.211
1456,2,0,3,0,6.144000217318535,4,4,0,0,40,0,0,40,2.211
1456,24,0,0,0,9.216000325977802,4,4,0,1,39,0,0,40,71.88
1456,24,0,1,0,71.68000191450119,4,4,0,1,39,0,0,40,71.88
1456,24,0,2,0,9.216000325977802,4,4,0,1,39,0,0,40,71.88
1456,24,0,3,0,4.095999989658594,4,4,0,1,39,0,0,40,71.88
1456,40,0,0,1,8.191999979317188,4,4,0,0,40,0,0,40,2.41
1456,40,0,1,1,79.8719972372055,4,4,0,0,40,0,0,40,2.41
1456,40,0,2,1,9.216000325977802,4,4,0,0,40,0,0,40,2.41
1456,40,0,3,1,4.095999989658594,4,4,0,0,40,0,0,40,2.41
1457,2,0,0,0,14.336000196635723,4,4,0,0,40,0,0,40,2.04
1457,2,0,1,0,56.32000043988228,4,4,0,0,40,0,0,40,2.04
1457,2,0,2,0,9.216000325977802,4,4,0,0,40,0,0,40,2.04
1457,2,0,3,0,6.144000217318535,4,4,0,0,40,0,0,40,2.04
1457,24,0,0,0,8.191999979317188,4,4,0,1,39,0,0,40,70.69
1457,24,0,1,0,67.58400052785873,4,4,0,1,39,0,0,40,70.69
1457,24,0,2,0,8.191999979317188,4,4,0,1,39,0,0,40,70.69
1457,24,0,3,0,4.095999989658594,4,4,0,1,39,0,0,40,70.69
1457,40,0,0,1,8.191999979317188,4,4,0,1,39,0,0,40,86.671
1457,40,0,1,1,71.68000191450119,4,4,0,1,39,0,0,40,86.671
1457,40,0,2,1,8.191999979317188,4,4,0,1,39,0,0,40,86.671
1457,40,0,3,1,4.095999989658594,4,4,0,1,39,0,0,40,86.671
1458,2,0,0,0,8.191999979317188,4,4,0,3,36,1,0,40,171.72
1458,2,0,1,0,66.56000018119812,4,4,0,3,36,1,0,40,171.72
1458,2,0,2,0,167.93599724769592,4,4,0,3,36,1,0,40,171.72
1458,2,0,3,0,6.144000217318535,4,4,0,3,36,1,0,40,171.72
1458,24,0,0,0,9.216000325977802,4,4,0,1,39,0,0,40,58.06
1458,24,0,1,0,71.68000191450119,4,4,0,1,39,0,0,40,58.06
1458,24,0,2,0,9.216000325977802,4,4,0,1,39,0,0,40,58.06
1458,24,0,3,0,4.095999989658594,4,4,0,1,39,0,0,40,58.06
1458,40,0,0,1,8.191999979317188,4,4,0,1,39,0,0,40,80.099
1458,40,0,1,1,90.11200070381165,4,4,0,1,39,0,0,40,80.099
1458,40,0,2,1,9.216000325977802,4,4,0,1,39,0,0,40,80.099
1458,40,0,3,1,4.095999989658594,4,4,0,1,39,0,0,40,80.099
1459,2,0,0,0,14.336000196635723,4,4,0,0,40,0,0,40,5.969
1459,2,0,1,0,86.01599931716919,4,4,0,0,40,0,0,40,5.969
1459,2,0,2,0,9.216000325977802,4,4,0,0,40,0,0,40,5.969
1459,2,0,3,0,5.119999870657921,4,4,0,0,40,0,0,40,5.969
1459,24,0,0,0,9.216000325977802,4,4,0,3,37,0,0,40,102.6
1459,24,0,1,0,61.43999844789505,4,4,0,3,37,0,0,40,102.6
1459,24,0,2,0,9.216000325977802,4,4,0,3,37,0,0,40,102.6
1459,24,0,3,0,20.479999482631683,4,4,0,3,37,0,0,40,102.6
1459,40,0,0,1,15.359999611973763,4,4,0,1,39,0,0,40,99.739
1459,40,0,1,1,79.8719972372055,4,4,0,1,39,0,0,40,99.739
1459,40,0,2,1,9.216000325977802,4,4,0,1,39,0,0,40,99.739
1459,40,0,3,1,3.0720001086592674,4,4,0,1,39,0,0,40,99.739
1460,2,0,0,0,13.311999849975109,4,4,0,0,40,0,0,40,4.2
1460,2,0,1,0,79.8719972372055,4,4,0,0,40,0,0,40,4.2
1460,2,0,2,0,9.216000325977802,4,4,0,0,40,0,0,40,4.2
1460,2,0,3,0,5.119999870657921,4,4,0,0,40,0,0,40,4.2
1460,24,0,0,0,7.168000098317862,4,4,0,0,40,0,0,40,2.15
1460,24,0,1,0,67.58400052785873,4,4,0,0,40,0,0,40,2.15
1460,24,0,2,0,9.216000325977802,4,4,0,0,40,0,0,40,2.15
1460,24,0,3,0,4.095999989658594,4,4,0,0,40,0,0,40,2.15
1460,40,0,0,1,16.383999958634377,4,4,0,1,39,0,0,40,171.599
1460,40,0,1,1,75.77600330114365,4,4,0,1,39,0,0,40,171.599
1460,40,0,2,1,8.191999979317188,4,4,0,1,39,0,0,40,171.599
1460,40,0,3,1,68.60800087451935,4,4,0,1,39,0,0,40,171.599
1461,2,0,0,0,8.191999979317188,4,4,0,2,38,0,0,40,129.69
1461,2,0,1,0,69.63200122117996,4,4,0,2,38,0,0,40,129.69
1461,2,0,2,0,10.239999741315842,4,4,0,2,38,0,0,40,129.69
1461,2,0,3,0,38.91199827194214,4,4,0,2,38,0,0,40,129.69
1461,24,0,0,0,8.191999979317188,4,4,0,0,40,0,0,40,3.851
1461,24,0,1,0,66.56000018119812,4,4,0,0,40,0,0,40,3.851
1461,24,0,2,0,9.216000325977802,4,4,0,0,40,0,0,40,3.851
1461,24,0,3,0,4.095999989658594,4,4,0,0,40,0,0,40,3.851
1461,40,0,0,1,8.191999979317188,4,4,0,0,40,0,0,40,4.13
1461,40,0,1,1,76.80000364780426,4,4,0,0,40,0,0,40,4.13
1461,40,0,2,1,9.216000325977802,4,4,0,0,40,0,0,40,4.13
1461,40,0,3,1,4.095999989658594,4,4,0,0,40,0,0,40,4.13
1462,2,0,0,0,14.336000196635723,4,4,0,0,40,0,0,40,2.751
1462,2,0,1,0,73.72800260782242,4,4,0,0,40,0,0,40,2.751
1462,2,0,2,0,9.216000325977802,4,4,0,0,40,0,0,40,2.751
1462,2,0,3,0,6.144000217318535,4,4,0,0,40,0,0,40,2.751
1462,24,0,0,0,8.191999979317188,4,4,0,0,40,0,0,40,4.48
1462,24,0,1,0,62.463998794555664,4,4,0,0,40,0,0,40,4.48
1462,24,0,2,0,9.216000325977802,4,4,0,0,40,0,0,40,4.48
1462,24,0,3,0,4.095999989658594,4,4,0,0,40,0,0,40,4.48
1462,40,0,0,1,9.216000325977802,4,4,0,1,39,0,0,40,113.72
1462,40,0,1,1,59.39200147986412,4,4,0,1,39,0,0,40,113.72
1462,40,0,2,1,10.239999741315842,4,4,0,1,39,0,0,40,113.72
1462,40,0,3,1,30.719999223947525,4,4,0,1,39,0,0,40,113.72
1463,2,0,0,0,15.359999611973763,4,4,0,0,40,0,0,40,2.88
1463,2,0,1,0,80.89599758386612,4,4,0,0,40,0,0,40,2.88
1463,2,0,2,0,9.216000325977802,4,4,0,0,40,0,0,40,2.88
1463,2,0,3,0,5.119999870657921,4,4,0,0,40,0,0,40,2.88
1463,24,0,0,0,8.191999979317188,4,4,0,1,39,0,0,40,72.26
1463,24,0,1,0,72.7040022611618,4,4,0,1,39,0,0,40,72.26
1463,24,0,2,0,9.216000325977802,4,4,0,1,39,0,0,40,72.26
1463,24,0,3,0,3.0720001086592674,4,4,0,1,39,0,0,40,72.26
1463,40,0,0,1,9.216000325977802,4,4,0,0,40,0,0,40,2.27
1463,40,0,1,1,58.36800113320351,4,4,0,0,40,0,0,40,2.27
1463,40,0,2,1,9.216000325977802,4,4,0,0,40,0,0,40,2.27
1463,40,0,3,1,4.095999989658594,4,4,0,0,40,0,0,40,2.27
1464,2,0,0,0,14.336000196635723,4,4,0,0,40,0,0,40,5.09
1464,2,0,1,0,81.91999793052673,4,4,0,0,40,0,0,40,5.09
1464,2,0,2,0,9.216000325977802,4,4,0,0,40,0,0,40,5.09
1464,2,0,3,0,5.119999870657921,4,4,0,0,40,0,0,40,5.09
1464,24,0,0,0,9.216000325977802,4,4,0,0,40,0,0,40,2.19
1464,24,0,1,0,69.63200122117996,4,4,0,0,40,0,0,40,2.19
1464,24,0,2,0,9.216000325977802,4,4,0,0,40,0,0,40,2.19
1464,24,0,3,0,5.119999870657921,4,4,0,0,40,0,0,40,2.19
1464,40,0,0,1,9.216000325977802,4,4,0,0,40,0,0,40,2.32
1464,40,0,1,1,71.68000191450119,4,4,0,0,40,0,0,40,2.32
1464,40,0,2,1,9.216000325977802,4,4,0,0,40,0,0,40,2.32
1464,40,0,3,1,4.095999989658594,4,4,0,0,40,0,0,40,2.32
1465,2,0,0,0,14.336000196635723,4,4,0,0,40,0,0,40,4.43
1465,2,0,1,0,81.91999793052673,4,4,0,0,40,0,0,40,4.43
1465,2,0,2,0,9.216000325977802,4,4,0,0,40,0,0,40,4.43
1465,2,0,3,0,5.119999870657921,4,4,0,0,40,0,0,40,4.43
1465,24,0,0,0,8.191999979317188,4,4,0,1,39,0,0,40,64.31
1465,24,0,1,0,80.89599758386612,4,4,0,1,39,0,0,40,64.31
1465,24,0,2,0,9.216000325977802,4,4,0,1,39,0,0,40,64.31
1465,24,0,3,0,4.095999989658594,4,4,0,1,39,0,0,40,64.31
1465,40,0,0,1,9.216000325977802,4,4,0,0,40,0,0,40,2.349
1465,40,0,1,1,79.8719972372055,4,4,0,0,40,0,0,40,2.349
1465,40,0,2,1,9.216000325977802,4,4,0,0,40,0,0,40,2.349
1465,40,0,3,1,4.095999989658594,4,4,0,0,40,0,0,40,2.349
1466,2,0,0,0,14.336000196635723,4,4,0,0,40,0,0,40,5.88
1466,2,0,1,0,86.01599931716919,4,4,0,0,40,0,0,40,5.88
1466,2,0,2,0,8.191999979317188,4,4,0,0,40,0,0,40,5.88
1466,2,0,3,0,5.119999870657921,4,4,0,0,40,0,0,40,5.88
1466,24,0,0,0,8.191999979317188,4,4,0,2,38,0,0,40,103.43
1466,24,0,1,0,63.48799914121628,4,4,0,2,38,0,0,40,103.43
1466,24,0,2,0,9.216000325977802,4,4,0,2,38,0,0,40,103.43
1466,24,0,3,0,18.432000651955605,4,4,0,2,38,0,0,40,103.43
1466,40,0,0,1,1286.1440181732178,4,4,0,0,40,0,0,40,3.951
1466,40,0,1,1,63.48799914121628,4,4,0,0,40,0,0,40,3.951
1466,40,0,2,1,9.216000325977802,4,4,0,0,40,0,0,40,3.951
1466,40,0,3,1,3.0720001086592674,4,4,0,0,40,0,0,40,3.951
1467,2,0,0,0,14.336000196635723,4,4,0,4,36,0,0,40,154.369
1467,2,0,1,0,67.58400052785873,4,4,0,4,36,0,0,40,154.369
1467,2,0,2,0,9.216000325977802,4,4,0,4,36,0,0,40,154.369
1467,2,0,3,0,60.416001826524734,4,4,0,4,36,0,0,40,154.369
1467,24,0,0,0,7.168000098317862,4,4,0,1,39,0,0,40,77.09
1467,24,0,1,0,77.82399654388428,4,4,0,1,39,0,0,40,77.09
1467,24,0,2,0,8.191999979317188,4,4,0,1,39,0,0,40,77.09
1467,24,0,3,0,4.095999989658594,4,4,0,1,39,0,0,40,77.09
1467,40,0,0,1,8.191999979317188,4,4,0,2,38,0,0,40,125.92
1467,40,0,1,1,76.80000364780426,4,4,0,2,38,0,0,40,125.92
1467,40,0,2,1,9.216000325977802,4,4,0,2,38,0,0,40,125.92
1467,40,0,3,1,26.623999699950218,4,4,0,2,38,0,0,40,125.92
1468,2,0,0,0,14.336000196635723,4,4,0,0,40,0,0,40,2.86
1468,2,0,1,0,76.80000364780426,4,4,0,0,40,0,0,40,2.86
1468,2,0,2,0,9.216000325977802,4,4,0,0,40,0,0,40,2.86
1468,2,0,3,0,5.119999870657921,4,4,0,0,40,0,0,40,2.86
1468,24,0,0,0,8.191999979317188,4,4,0,2,38,0,0,40,106.61
1468,24,0,1,0,67.58400052785873,4,4,0,2,38,0,0,40,106.61
1468,24,0,2,0,9.216000325977802,4,4,0,2,38,0,0,40,106.61
1468,24,0,3,0,16.383999958634377,4,4,0,2,38,0,0,40,106.61
1468,40,0,0,1,9.216000325977802,4,4,0,1,39,0,0,40,79.399
1468,40,0,1,1,75.77600330114365,4,4,0,1,39,0,0,40,79.399
1468,40,0,2,1,8.191999979317188,4,4,0,1,39,0,0,40,79.399
1468,40,0,3,1,4.095999989658594,4,4,0,1,39,0,0,40,79.399
1469,2,0,0,0,8.191999979317188,4,4,0,1,39,0,0,40,57.89
1469,2,0,1,0,91.13600105047226,4,4,0,1,39,0,0,40,57.89
1469,2,0,2,0,9.216000325977802,4,4,0,1,39,0,0,40,57.89
1469,2,0,3,0,5.119999870657921,4,4,0,1,39,0,0,40,57.89
1469,24,0,0,0,8.191999979317188,4,4,0,1,39,0,0,40,65.63
1469,24,0,1,0,56.32000043988228,4,4,0,1,39,0,0,40,65.63
1469,24,0,2,0,9.216000325977802,4,4,0,1,39,0,0,40,65.63
1469,24,0,3,0,5.119999870657921,4,4,0,1,39,0,0,40,65.63
1469,40,0,0,1,8.191999979317188,4,4,0,1,39,0,0,40,83.169
1469,40,0,1,1,82.94399827718735,4,4,0,1,39,0,0,40,83.169
1469,40,0,2,1,9.216000325977802,4,4,0,1,39,0,0,40,83.169
1469,40,0,3,1,4.095999989658594,4,4,0,1,39,0,0,40,83.169
1470,2,0,0,0,14.336000196635723,4,4,0,0,40,0,0,40,4.9
1470,2,0,1,0,90.11200070381165,4,4,0,0,40,0,0,40,4.9
1470,2,0,2,0,9.216000325977802,4,4,0,0,40,0,0,40,4.9
1470,2,0,3,0,5.119999870657921,4,4,0,0,40,0,0,40,4.9
1470,24,0,0,0,8.191999979317188,4,4,0,0,40,0,0,40,4.671
1470,24,0,1,0,67.58400052785873,4,4,0,0,40,0,0,40,4.671
1470,24,0,2,0,9.216000325977802,4,4,0,0,40,0,0,40,4.671
1470,24,0,3,0,4.095999989658594,4,4,0,0,40,0,0,40,4.671
1470,40,0,0,1,9.216000325977802,4,4,0,0,40,0,0,40,2.87
1470,40,0,1,1,86.01599931716919,4,4,0,0,40,0,0,40,2.87
1470,40,0,2,1,9.216000325977802,4,4,0,0,40,0,0,40,2.87
1470,40,0,3,1,3.0720001086592674,4,4,0,0,40,0,0,40,2.87
1471,2,0,0,0,8.191999979317188,4,4,0,1,39,0,0,40,73.379
1471,2,0,1,0,70.65600156784058,4,4,0,1,39,0,0,40,73.379
1471,2,0,2,0,9.216000325977802,4,4,0,1,39,0,0,40,73.379
1471,2,0,3,0,5.119999870657921,4,4,0,1,39,0,0,40,73.379
1471,24,0,0,0,9.216000325977802,4,4,0,0,40,0,0,40,2.79
1471,24,0,1,0,71.68000191450119,4,4,0,0,40,0,0,40,2.79
1471,24,0,2,0,9.216000325977802,4,4,0,0,40,0,0,40,2.79
1471,24,0,3,0,4.095999989658594,4,4,0,0,40,0,0,40,2.79
1471,40,0,0,1,9.216000325977802,4,4,0,0,40,0,0,40,2.83
1471,40,0,1,1,79.8719972372055,4,4,0,0,40,0,0,40,2.83
1471,40,0,2,1,9.216000325977802,4,4,0,0,40,0,0,40,2.83
1471,40,0,3,1,4.095999989658594,4,4,0,0,40,0,0,40,2.83
1472,2,0,0,0,14.336000196635723,4,4,0,0,40,0,0,40,3.8
1472,2,0,1,0,91.13600105047226,4,4,0,0,40,0,0,40,3.8
1472,2,0,2,0,8.191999979317188,4,4,0,0,40,0,0,40,3.8
1472,2,0,3,0,6.144000217318535,4,4,0,0,40,0,0,40,3.8
1472,24,0,0,0,8.191999979317188,4,4,0,0,40,0,0,40,4.74
1472,24,0,1,0,74.75200295448303,4,4,0,0,40,0,0,40,4.74
1472,24,0,2,0,9.216000325977802,4,4,0,0,40,0,0,40,4.74
1472,24,0,3,0,3.0720001086592674,4,4,0,0,40,0,0,40,4.74
1472,40,0,0,1,9.216000325977802,4,4,0,0,40,0,0,40,2.04
1472,40,0,1,1,66.56000018119812,4,4,0,0,40,0,0,40,2.04
1472,40,0,2,1,9.216000325977802,4,4,0,0,40,0,0,40,2.04
1472,40,0,3,1,4.095999989658594,4,4,0,0,40,0,0,40,2.04
1473,2,0,0,0,9.216000325977802,4,4,0,2,38,0,0,40,114.8
1473,2,0,1,0,79.8719972372055,4,4,0,2,38,0,0,40,114.8
1473,2,0,2,0,10.239999741315842,4,4,0,2,38,0,0,40,114.8
1473,2,0,3,0,10.239999741315842,4,4,0,2,38,0,0,40,114.8
1473,24,0,0,0,8.191999979317188,4,4,0,0,40,0,0,40,5.209
1473,24,0,1,0,74.75200295448303,4,4,0,0,40,0,0,40,5.209
1473,24,0,2,0,9.216000325977802,4,4,0,0,40,0,0,40,5.209
1473,24,0,3,0,4.095999989658594,4,4,0,0,40,0,0,40,5.209
1473,40,0,0,1,8.191999979317188,4,4,0,0,40,0,0,40,1.95
1473,40,0,1,1,58.36800113320351,4,4,0,0,40,0,0,40,1.95
1473,40,0,2,1,9.216000325977802,4,4,0,0,40,0,0,40,1.95
1473,40,0,3,1,4.095999989658594,4,4,0,0,40,0,0,40,1.95
1474,2,0,0,0,14.336000196635723,4,4,0,1,39,0,0,40,69.12
1474,2,0,1,0,78.84799689054489,4,4,0,1,39,0,0,40,69.12
1474,2,0,2,0,9.216000325977802,4,4,0,1,39,0,0,40,69.12
1474,2,0,3,0,5.119999870657921,4,4,0,1,39,0,0,40,69.12
1474,24,0,0,0,8.191999979317188,4,4,0,0,40,0,0,40,2.42
1474,24,0,1,0,58.36800113320351,4,4,0,0,40,0,0,40,2.42
1474,24,0,2,0,9.216000325977802,4,4,0,0,40,0,0,40,2.42
1474,24,0,3,0,4.095999989658594,4,4,0,0,40,0,0,40,2.42
1474,40,0,0,1,8.191999979317188,4,4,0,0,40,0,0,40,1.61
1474,40,0,1,1,59.39200147986412,4,4,0,0,40,0,0,40,1.61
1474,40,0,2,1,9.216000325977802,4,4,0,0,40,0,0,40,1.61
1474,40,0,3,1,5.119999870657921,4,4,0,0,40,0,0,40,1.61
1475,2,0,0,0,9.216000325977802,1,1,0,0,10,0,0,10,0.59
1475,2,0,1,0,31.74399957060814,1,1,0,0,10,0,0,10,0.59
1475,2,0,2,0,9.216000325977802,1,1,0,0,10,0,0,10,0.59
1475,2,0,3,0,6.144000217318535,1,1,0,0,10,0,0,10,0.59
1475,24,0,0,0,9.216000325977802,1,1,0,0,10,0,0,10,0.73
1475,24,0,1,0,32.76799991726875,1,1,0,0,10,0,0,10,0.73
1475,24,0,2,0,9.216000325977802,1,1,0,0,10,0,0,10,0.73
1475,24,0,3,0,4.095999989658594,1,1,0,0,10,0,0,10,0.73
1475,40,0,0,1,9.216000325977802,1,1,0,0,10,0,0,10,0.47
1475,40,0,1,1,35.840000957250595,1,1,0,0,10,0,0,10,0.47
1475,40,0,2,1,9.216000325977802,1,1,0,0,10,0,0,10,0.47
1475,40,0,3,1,5.119999870657921,1,1,0,0,10,0,0,10,0.47
1476,2,0,0,0,15.359999611973763,2,2,0,0,20,0,0,20,3.83
1476,2,0,1,0,51.19999870657921,2,2,0,0,20,0,0,20,3.83
1476,2,0,2,0,9.216000325977802,2,2,0,0,20,0,0,20,3.83
1476,2,0,3,0,5.119999870657921,2,2,0,0,20,0,0,20,3.83
1476,24,0,0,0,8.191999979317188,2,2,0,0,20,0,0,20,3.469
1476,24,0,1,0,49.15200173854828,2,2,0,0,20,0,0,20,3.469
1476,24,0,2,0,9.216000325977802,2,2,0,0,20,0,0,20,3.469
1476,24,0,3,0,5.119999870657921,2,2,0,0,20,0,0,20,3.469
1476,40,0,0,1,11.264000087976456,2,2,0,0,20,0,0,20,0.81
1476,40,0,1,1,46.08000069856644,2,2,0,0,20,0,0,20,0.81
1476,40,0,2,1,9.216000325977802,2,2,0,0,20,0,0,20,0.81
1476,40,0,3,1,4.095999989658594,2,2,0,0,20,0,0,20,0.81
