RUN_DIRECTORY=/srv/ai/benchmarks/qwen-hardware-characterization/run-20261004T104353Z
Preparing virtiofs: elapsed=0.0s target=16GiB
Preparing virtiofs: elapsed=5.0s target=16GiB
Preparing virtiofs: elapsed=10.1s target=16GiB
Preparing ext4: elapsed=0.0s target=16GiB
Preparing ext4: elapsed=5.0s target=16GiB
Preparing ext4: elapsed=10.1s target=16GiB
Preparing ext4: elapsed=15.1s target=16GiB
[scenario 1/392] idle-telemetry
[idle-telemetry] repetition 1/3 elapsed=0.1/35.0s MemAvailable=156.7GiB
[idle-telemetry] repetition 1/3 elapsed=5.4/35.0s MemAvailable=156.7GiB
[idle-telemetry] repetition 1/3 elapsed=10.7/35.0s MemAvailable=156.7GiB
[idle-telemetry] repetition 1/3 elapsed=16.0/35.0s MemAvailable=156.8GiB
[scenario 2/392] idle-telemetry
[idle-telemetry] repetition 2/3 elapsed=0.1/35.0s MemAvailable=156.9GiB
[idle-telemetry] repetition 2/3 elapsed=5.4/35.0s MemAvailable=157.0GiB
[idle-telemetry] repetition 2/3 elapsed=10.7/35.0s MemAvailable=157.0GiB
[idle-telemetry] repetition 2/3 elapsed=16.0/35.0s MemAvailable=157.1GiB
[scenario 3/392] idle-telemetry
[idle-telemetry] repetition 3/3 elapsed=0.1/35.0s MemAvailable=157.1GiB
[idle-telemetry] repetition 3/3 elapsed=5.4/35.0s MemAvailable=157.1GiB
[idle-telemetry] repetition 3/3 elapsed=10.7/35.0s MemAvailable=157.2GiB
[idle-telemetry] repetition 3/3 elapsed=16.0/35.0s MemAvailable=157.2GiB
[scenario 4/392] ram-read-t1
[ram-read-t1] repetition 1/3 elapsed=0.1/35.0s MemAvailable=157.3GiB
[ram-read-t1] repetition 1/3 elapsed=5.4/35.0s MemAvailable=154.2GiB
[ram-read-t1] repetition 1/3 elapsed=10.7/35.0s MemAvailable=154.2GiB
[ram-read-t1] repetition 1/3 elapsed=16.0/35.0s MemAvailable=154.3GiB
[ram-read-t1] repetition 1/3 elapsed=21.3/35.0s MemAvailable=154.3GiB
[ram-read-t1] repetition 1/3 elapsed=26.6/35.0s MemAvailable=154.4GiB
[ram-read-t1] repetition 1/3 elapsed=31.9/35.0s MemAvailable=154.4GiB
[ram-read-t1] repetition 1/3 elapsed=37.2/35.0s MemAvailable=154.4GiB
[scenario 5/392] ram-read-t1
[ram-read-t1] repetition 2/3 elapsed=0.1/35.0s MemAvailable=157.6GiB
[ram-read-t1] repetition 2/3 elapsed=5.4/35.0s MemAvailable=154.5GiB
[ram-read-t1] repetition 2/3 elapsed=10.7/35.0s MemAvailable=154.4GiB
[ram-read-t1] repetition 2/3 elapsed=16.0/35.0s MemAvailable=154.5GiB
[ram-read-t1] repetition 2/3 elapsed=21.3/35.0s MemAvailable=154.4GiB
[ram-read-t1] repetition 2/3 elapsed=26.6/35.0s MemAvailable=154.5GiB
[ram-read-t1] repetition 2/3 elapsed=31.9/35.0s MemAvailable=154.5GiB
[ram-read-t1] repetition 2/3 elapsed=37.2/35.0s MemAvailable=154.5GiB
[scenario 6/392] ram-read-t1
[ram-read-t1] repetition 3/3 elapsed=0.1/35.0s MemAvailable=157.6GiB
[ram-read-t1] repetition 3/3 elapsed=5.4/35.0s MemAvailable=154.5GiB
[ram-read-t1] repetition 3/3 elapsed=10.6/35.0s MemAvailable=154.5GiB
[ram-read-t1] repetition 3/3 elapsed=15.9/35.0s MemAvailable=154.5GiB
[ram-read-t1] repetition 3/3 elapsed=21.2/35.0s MemAvailable=154.5GiB
[ram-read-t1] repetition 3/3 elapsed=26.5/35.0s MemAvailable=154.5GiB
[ram-read-t1] repetition 3/3 elapsed=31.7/35.0s MemAvailable=154.5GiB
[ram-read-t1] repetition 3/3 elapsed=37.0/35.0s MemAvailable=154.4GiB
[scenario 7/392] ram-read-t4
[ram-read-t4] repetition 1/3 elapsed=0.1/35.0s MemAvailable=157.2GiB
[ram-read-t4] repetition 1/3 elapsed=5.4/35.0s MemAvailable=154.2GiB
[ram-read-t4] repetition 1/3 elapsed=10.7/35.0s MemAvailable=154.3GiB
[ram-read-t4] repetition 1/3 elapsed=16.0/35.0s MemAvailable=154.4GiB
[ram-read-t4] repetition 1/3 elapsed=21.4/35.0s MemAvailable=154.5GiB
[ram-read-t4] repetition 1/3 elapsed=26.7/35.0s MemAvailable=154.5GiB
[ram-read-t4] repetition 1/3 elapsed=31.9/35.0s MemAvailable=154.5GiB
[scenario 8/392] ram-read-t4
[ram-read-t4] repetition 2/3 elapsed=0.1/35.0s MemAvailable=157.5GiB
[ram-read-t4] repetition 2/3 elapsed=5.3/35.0s MemAvailable=154.5GiB
[ram-read-t4] repetition 2/3 elapsed=10.6/35.0s MemAvailable=154.5GiB
[ram-read-t4] repetition 2/3 elapsed=15.9/35.0s MemAvailable=154.5GiB
[ram-read-t4] repetition 2/3 elapsed=21.1/35.0s MemAvailable=154.4GiB
[ram-read-t4] repetition 2/3 elapsed=26.4/35.0s MemAvailable=154.5GiB
[ram-read-t4] repetition 2/3 elapsed=31.7/35.0s MemAvailable=154.5GiB
[scenario 9/392] ram-read-t4
[ram-read-t4] repetition 3/3 elapsed=0.1/35.0s MemAvailable=157.6GiB
[ram-read-t4] repetition 3/3 elapsed=5.4/35.0s MemAvailable=154.5GiB
[ram-read-t4] repetition 3/3 elapsed=10.6/35.0s MemAvailable=154.5GiB
[ram-read-t4] repetition 3/3 elapsed=15.9/35.0s MemAvailable=154.5GiB
[ram-read-t4] repetition 3/3 elapsed=21.2/35.0s MemAvailable=154.5GiB
[ram-read-t4] repetition 3/3 elapsed=26.5/35.0s MemAvailable=154.4GiB
[ram-read-t4] repetition 3/3 elapsed=31.8/35.0s MemAvailable=154.4GiB
[scenario 10/392] ram-read-t16
[ram-read-t16] repetition 1/3 elapsed=0.1/35.0s MemAvailable=157.6GiB
[ram-read-t16] repetition 1/3 elapsed=5.6/35.0s MemAvailable=154.4GiB
[ram-read-t16] repetition 1/3 elapsed=11.1/35.0s MemAvailable=154.3GiB
[ram-read-t16] repetition 1/3 elapsed=16.5/35.0s MemAvailable=154.4GiB
[ram-read-t16] repetition 1/3 elapsed=22.0/35.0s MemAvailable=154.5GiB
[ram-read-t16] repetition 1/3 elapsed=27.5/35.0s MemAvailable=154.5GiB
[ram-read-t16] repetition 1/3 elapsed=33.0/35.0s MemAvailable=154.5GiB
[scenario 11/392] ram-read-t16
[ram-read-t16] repetition 2/3 elapsed=0.1/35.0s MemAvailable=157.6GiB
[ram-read-t16] repetition 2/3 elapsed=5.6/35.0s MemAvailable=154.4GiB
[ram-read-t16] repetition 2/3 elapsed=11.1/35.0s MemAvailable=154.3GiB
[ram-read-t16] repetition 2/3 elapsed=16.6/35.0s MemAvailable=154.4GiB
[ram-read-t16] repetition 2/3 elapsed=22.0/35.0s MemAvailable=154.4GiB
[ram-read-t16] repetition 2/3 elapsed=27.5/35.0s MemAvailable=154.4GiB
[ram-read-t16] repetition 2/3 elapsed=33.1/35.0s MemAvailable=154.5GiB
[scenario 12/392] ram-read-t16
[ram-read-t16] repetition 3/3 elapsed=0.1/35.0s MemAvailable=157.6GiB
[ram-read-t16] repetition 3/3 elapsed=5.6/35.0s MemAvailable=154.4GiB
[ram-read-t16] repetition 3/3 elapsed=11.0/35.0s MemAvailable=154.3GiB
[ram-read-t16] repetition 3/3 elapsed=16.5/35.0s MemAvailable=154.4GiB
[ram-read-t16] repetition 3/3 elapsed=22.0/35.0s MemAvailable=154.5GiB
[ram-read-t16] repetition 3/3 elapsed=27.5/35.0s MemAvailable=154.5GiB
[ram-read-t16] repetition 3/3 elapsed=33.0/35.0s MemAvailable=154.4GiB
[scenario 13/392] ram-copy-t1
[ram-copy-t1] repetition 1/3 elapsed=0.1/35.0s MemAvailable=157.6GiB
[ram-copy-t1] repetition 1/3 elapsed=5.3/35.0s MemAvailable=154.5GiB
[ram-copy-t1] repetition 1/3 elapsed=10.6/35.0s MemAvailable=154.5GiB
[ram-copy-t1] repetition 1/3 elapsed=15.8/35.0s MemAvailable=154.5GiB
[ram-copy-t1] repetition 1/3 elapsed=21.1/35.0s MemAvailable=154.5GiB
[ram-copy-t1] repetition 1/3 elapsed=26.3/35.0s MemAvailable=154.5GiB
[ram-copy-t1] repetition 1/3 elapsed=31.6/35.0s MemAvailable=154.4GiB
[ram-copy-t1] repetition 1/3 elapsed=36.8/35.0s MemAvailable=157.5GiB
[scenario 14/392] ram-copy-t1
[ram-copy-t1] repetition 2/3 elapsed=0.1/35.0s MemAvailable=157.6GiB
[ram-copy-t1] repetition 2/3 elapsed=5.3/35.0s MemAvailable=154.5GiB
[ram-copy-t1] repetition 2/3 elapsed=10.6/35.0s MemAvailable=154.5GiB
[ram-copy-t1] repetition 2/3 elapsed=15.8/35.0s MemAvailable=154.5GiB
[ram-copy-t1] repetition 2/3 elapsed=21.1/35.0s MemAvailable=154.5GiB
[ram-copy-t1] repetition 2/3 elapsed=26.3/35.0s MemAvailable=154.5GiB
[ram-copy-t1] repetition 2/3 elapsed=31.6/35.0s MemAvailable=154.5GiB
[scenario 15/392] ram-copy-t1
[ram-copy-t1] repetition 3/3 elapsed=0.1/35.0s MemAvailable=157.6GiB
[ram-copy-t1] repetition 3/3 elapsed=5.3/35.0s MemAvailable=154.5GiB
[ram-copy-t1] repetition 3/3 elapsed=10.5/35.0s MemAvailable=154.4GiB
[ram-copy-t1] repetition 3/3 elapsed=15.8/35.0s MemAvailable=154.5GiB
[ram-copy-t1] repetition 3/3 elapsed=21.0/35.0s MemAvailable=154.5GiB
[ram-copy-t1] repetition 3/3 elapsed=26.3/35.0s MemAvailable=154.5GiB
[ram-copy-t1] repetition 3/3 elapsed=31.5/35.0s MemAvailable=154.5GiB
[scenario 16/392] ram-copy-t4
[ram-copy-t4] repetition 1/3 elapsed=0.1/35.0s MemAvailable=157.6GiB
[ram-copy-t4] repetition 1/3 elapsed=5.4/35.0s MemAvailable=154.5GiB
[ram-copy-t4] repetition 1/3 elapsed=10.7/35.0s MemAvailable=154.5GiB
[ram-copy-t4] repetition 1/3 elapsed=16.0/35.0s MemAvailable=154.5GiB
[ram-copy-t4] repetition 1/3 elapsed=21.3/35.0s MemAvailable=154.4GiB
[ram-copy-t4] repetition 1/3 elapsed=26.6/35.0s MemAvailable=154.4GiB
[ram-copy-t4] repetition 1/3 elapsed=31.9/35.0s MemAvailable=154.5GiB
[scenario 17/392] ram-copy-t4
[ram-copy-t4] repetition 2/3 elapsed=0.1/35.0s MemAvailable=157.6GiB
[ram-copy-t4] repetition 2/3 elapsed=5.4/35.0s MemAvailable=154.5GiB
[ram-copy-t4] repetition 2/3 elapsed=10.7/35.0s MemAvailable=154.5GiB
[ram-copy-t4] repetition 2/3 elapsed=16.0/35.0s MemAvailable=154.5GiB
[ram-copy-t4] repetition 2/3 elapsed=21.3/35.0s MemAvailable=154.5GiB
[ram-copy-t4] repetition 2/3 elapsed=26.6/35.0s MemAvailable=154.4GiB
[ram-copy-t4] repetition 2/3 elapsed=31.9/35.0s MemAvailable=154.5GiB
[scenario 18/392] ram-copy-t4
[ram-copy-t4] repetition 3/3 elapsed=0.1/35.0s MemAvailable=157.6GiB
[ram-copy-t4] repetition 3/3 elapsed=5.4/35.0s MemAvailable=154.5GiB
[ram-copy-t4] repetition 3/3 elapsed=10.7/35.0s MemAvailable=154.5GiB
[ram-copy-t4] repetition 3/3 elapsed=15.9/35.0s MemAvailable=154.5GiB
[ram-copy-t4] repetition 3/3 elapsed=21.2/35.0s MemAvailable=154.5GiB
[ram-copy-t4] repetition 3/3 elapsed=26.6/35.0s MemAvailable=154.5GiB
[ram-copy-t4] repetition 3/3 elapsed=31.9/35.0s MemAvailable=154.5GiB
[scenario 19/392] ram-copy-t16
[ram-copy-t16] repetition 1/3 elapsed=0.1/35.0s MemAvailable=157.6GiB
[ram-copy-t16] repetition 1/3 elapsed=6.0/35.0s MemAvailable=154.4GiB
[ram-copy-t16] repetition 1/3 elapsed=11.8/35.0s MemAvailable=154.3GiB
[ram-copy-t16] repetition 1/3 elapsed=17.6/35.0s MemAvailable=154.4GiB
[ram-copy-t16] repetition 1/3 elapsed=23.3/35.0s MemAvailable=154.4GiB
[ram-copy-t16] repetition 1/3 elapsed=29.2/35.0s MemAvailable=154.4GiB
[ram-copy-t16] repetition 1/3 elapsed=35.0/35.0s MemAvailable=154.4GiB
[scenario 20/392] ram-copy-t16
[ram-copy-t16] repetition 2/3 elapsed=0.1/35.0s MemAvailable=157.6GiB
[ram-copy-t16] repetition 2/3 elapsed=6.0/35.0s MemAvailable=154.4GiB
[ram-copy-t16] repetition 2/3 elapsed=11.8/35.0s MemAvailable=154.4GiB
[ram-copy-t16] repetition 2/3 elapsed=17.6/35.0s MemAvailable=154.4GiB
[ram-copy-t16] repetition 2/3 elapsed=23.5/35.0s MemAvailable=154.5GiB
[ram-copy-t16] repetition 2/3 elapsed=29.3/35.0s MemAvailable=154.5GiB
[ram-copy-t16] repetition 2/3 elapsed=35.2/35.0s MemAvailable=154.5GiB
[scenario 21/392] ram-copy-t16
[ram-copy-t16] repetition 3/3 elapsed=0.1/35.0s MemAvailable=157.6GiB
[ram-copy-t16] repetition 3/3 elapsed=5.9/35.0s MemAvailable=154.5GiB
[ram-copy-t16] repetition 3/3 elapsed=11.8/35.0s MemAvailable=154.4GiB
[ram-copy-t16] repetition 3/3 elapsed=17.5/35.0s MemAvailable=154.3GiB
[ram-copy-t16] repetition 3/3 elapsed=23.4/35.0s MemAvailable=154.4GiB
[ram-copy-t16] repetition 3/3 elapsed=29.2/35.0s MemAvailable=154.4GiB
[ram-copy-t16] repetition 3/3 elapsed=35.0/35.0s MemAvailable=154.4GiB
[scenario 22/392] ram-triad-t1
[ram-triad-t1] repetition 1/3 elapsed=0.1/35.0s MemAvailable=157.6GiB
[ram-triad-t1] repetition 1/3 elapsed=5.3/35.0s MemAvailable=154.5GiB
[ram-triad-t1] repetition 1/3 elapsed=10.5/35.0s MemAvailable=154.5GiB
[ram-triad-t1] repetition 1/3 elapsed=15.8/35.0s MemAvailable=154.5GiB
[ram-triad-t1] repetition 1/3 elapsed=21.0/35.0s MemAvailable=154.5GiB
[ram-triad-t1] repetition 1/3 elapsed=26.2/35.0s MemAvailable=154.5GiB
[ram-triad-t1] repetition 1/3 elapsed=31.5/35.0s MemAvailable=154.5GiB
[ram-triad-t1] repetition 1/3 elapsed=36.7/35.0s MemAvailable=155.4GiB
[scenario 23/392] ram-triad-t1
[ram-triad-t1] repetition 2/3 elapsed=0.1/35.0s MemAvailable=157.6GiB
[ram-triad-t1] repetition 2/3 elapsed=5.3/35.0s MemAvailable=154.5GiB
[ram-triad-t1] repetition 2/3 elapsed=10.5/35.0s MemAvailable=154.5GiB
[ram-triad-t1] repetition 2/3 elapsed=15.8/35.0s MemAvailable=154.4GiB
[ram-triad-t1] repetition 2/3 elapsed=21.0/35.0s MemAvailable=154.5GiB
[ram-triad-t1] repetition 2/3 elapsed=26.3/35.0s MemAvailable=154.4GiB
[ram-triad-t1] repetition 2/3 elapsed=31.5/35.0s MemAvailable=154.5GiB
[ram-triad-t1] repetition 2/3 elapsed=36.7/35.0s MemAvailable=154.9GiB
[scenario 24/392] ram-triad-t1
[ram-triad-t1] repetition 3/3 elapsed=0.1/35.0s MemAvailable=157.6GiB
[ram-triad-t1] repetition 3/3 elapsed=5.3/35.0s MemAvailable=154.5GiB
[ram-triad-t1] repetition 3/3 elapsed=10.6/35.0s MemAvailable=154.5GiB
[ram-triad-t1] repetition 3/3 elapsed=15.8/35.0s MemAvailable=154.5GiB
[ram-triad-t1] repetition 3/3 elapsed=21.1/35.0s MemAvailable=154.5GiB
[ram-triad-t1] repetition 3/3 elapsed=26.3/35.0s MemAvailable=154.5GiB
[ram-triad-t1] repetition 3/3 elapsed=31.6/35.0s MemAvailable=154.5GiB
[ram-triad-t1] repetition 3/3 elapsed=36.8/35.0s MemAvailable=156.1GiB
[scenario 25/392] ram-triad-t4
[ram-triad-t4] repetition 1/3 elapsed=0.1/35.0s MemAvailable=157.6GiB
[ram-triad-t4] repetition 1/3 elapsed=5.4/35.0s MemAvailable=154.5GiB
[ram-triad-t4] repetition 1/3 elapsed=10.8/35.0s MemAvailable=154.5GiB
[ram-triad-t4] repetition 1/3 elapsed=16.2/35.0s MemAvailable=154.5GiB
[ram-triad-t4] repetition 1/3 elapsed=21.5/35.0s MemAvailable=154.5GiB
[ram-triad-t4] repetition 1/3 elapsed=26.8/35.0s MemAvailable=154.4GiB
[ram-triad-t4] repetition 1/3 elapsed=32.1/35.0s MemAvailable=154.5GiB
[scenario 26/392] ram-triad-t4
[ram-triad-t4] repetition 2/3 elapsed=0.1/35.0s MemAvailable=157.6GiB
[ram-triad-t4] repetition 2/3 elapsed=5.4/35.0s MemAvailable=154.5GiB
[ram-triad-t4] repetition 2/3 elapsed=10.7/35.0s MemAvailable=154.4GiB
[ram-triad-t4] repetition 2/3 elapsed=16.0/35.0s MemAvailable=154.4GiB
[ram-triad-t4] repetition 2/3 elapsed=21.3/35.0s MemAvailable=154.4GiB
[ram-triad-t4] repetition 2/3 elapsed=26.6/35.0s MemAvailable=154.5GiB
[ram-triad-t4] repetition 2/3 elapsed=31.9/35.0s MemAvailable=154.4GiB
[scenario 27/392] ram-triad-t4
[ram-triad-t4] repetition 3/3 elapsed=0.1/35.0s MemAvailable=157.6GiB
[ram-triad-t4] repetition 3/3 elapsed=5.4/35.0s MemAvailable=154.5GiB
[ram-triad-t4] repetition 3/3 elapsed=10.8/35.0s MemAvailable=154.5GiB
[ram-triad-t4] repetition 3/3 elapsed=16.0/35.0s MemAvailable=154.4GiB
[ram-triad-t4] repetition 3/3 elapsed=21.4/35.0s MemAvailable=154.5GiB
[ram-triad-t4] repetition 3/3 elapsed=26.7/35.0s MemAvailable=154.5GiB
[ram-triad-t4] repetition 3/3 elapsed=32.0/35.0s MemAvailable=154.5GiB
[scenario 28/392] ram-triad-t16
[ram-triad-t16] repetition 1/3 elapsed=0.1/35.0s MemAvailable=157.6GiB
[ram-triad-t16] repetition 1/3 elapsed=5.8/35.0s MemAvailable=154.4GiB
[ram-triad-t16] repetition 1/3 elapsed=11.7/35.0s MemAvailable=154.3GiB
[ram-triad-t16] repetition 1/3 elapsed=17.5/35.0s MemAvailable=154.4GiB
[ram-triad-t16] repetition 1/3 elapsed=23.4/35.0s MemAvailable=154.5GiB
[ram-triad-t16] repetition 1/3 elapsed=29.3/35.0s MemAvailable=154.5GiB
[ram-triad-t16] repetition 1/3 elapsed=35.1/35.0s MemAvailable=154.5GiB
[scenario 29/392] ram-triad-t16
[ram-triad-t16] repetition 2/3 elapsed=0.1/35.0s MemAvailable=157.6GiB
[ram-triad-t16] repetition 2/3 elapsed=5.8/35.0s MemAvailable=154.4GiB
[ram-triad-t16] repetition 2/3 elapsed=11.7/35.0s MemAvailable=154.4GiB
[ram-triad-t16] repetition 2/3 elapsed=17.6/35.0s MemAvailable=154.4GiB
[ram-triad-t16] repetition 2/3 elapsed=23.5/35.0s MemAvailable=154.4GiB
[ram-triad-t16] repetition 2/3 elapsed=29.4/35.0s MemAvailable=154.5GiB
[ram-triad-t16] repetition 2/3 elapsed=35.3/35.0s MemAvailable=154.5GiB
[scenario 30/392] ram-triad-t16
[ram-triad-t16] repetition 3/3 elapsed=0.1/35.0s MemAvailable=157.6GiB
[ram-triad-t16] repetition 3/3 elapsed=6.0/35.0s MemAvailable=154.4GiB
[ram-triad-t16] repetition 3/3 elapsed=11.8/35.0s MemAvailable=154.4GiB
[ram-triad-t16] repetition 3/3 elapsed=17.8/35.0s MemAvailable=154.4GiB
[ram-triad-t16] repetition 3/3 elapsed=23.7/35.0s MemAvailable=154.5GiB
[ram-triad-t16] repetition 3/3 elapsed=29.5/35.0s MemAvailable=154.4GiB
[ram-triad-t16] repetition 3/3 elapsed=35.3/35.0s MemAvailable=154.5GiB
[scenario 31/392] ram-gather-segments
[ram-gather-segments] repetition 1/3 elapsed=0.1/35.0s MemAvailable=157.6GiB
[ram-gather-segments] repetition 1/3 elapsed=5.3/35.0s MemAvailable=154.5GiB
[ram-gather-segments] repetition 1/3 elapsed=10.5/35.0s MemAvailable=154.5GiB
[ram-gather-segments] repetition 1/3 elapsed=15.7/35.0s MemAvailable=154.5GiB
[ram-gather-segments] repetition 1/3 elapsed=20.9/35.0s MemAvailable=154.5GiB
[ram-gather-segments] repetition 1/3 elapsed=26.1/35.0s MemAvailable=154.5GiB
[ram-gather-segments] repetition 1/3 elapsed=31.4/35.0s MemAvailable=154.5GiB
[ram-gather-segments] repetition 1/3 elapsed=36.6/35.0s MemAvailable=154.5GiB
[scenario 32/392] ram-gather-segments
[ram-gather-segments] repetition 2/3 elapsed=0.1/35.0s MemAvailable=157.6GiB
[ram-gather-segments] repetition 2/3 elapsed=5.3/35.0s MemAvailable=154.5GiB
[ram-gather-segments] repetition 2/3 elapsed=10.5/35.0s MemAvailable=154.5GiB
[ram-gather-segments] repetition 2/3 elapsed=15.7/35.0s MemAvailable=154.5GiB
[ram-gather-segments] repetition 2/3 elapsed=20.9/35.0s MemAvailable=154.5GiB
[ram-gather-segments] repetition 2/3 elapsed=26.1/35.0s MemAvailable=154.5GiB
[ram-gather-segments] repetition 2/3 elapsed=31.3/35.0s MemAvailable=154.5GiB
[ram-gather-segments] repetition 2/3 elapsed=36.6/35.0s MemAvailable=154.5GiB
[scenario 33/392] ram-gather-segments
[ram-gather-segments] repetition 3/3 elapsed=0.1/35.0s MemAvailable=157.6GiB
[ram-gather-segments] repetition 3/3 elapsed=5.3/35.0s MemAvailable=154.5GiB
[ram-gather-segments] repetition 3/3 elapsed=10.5/35.0s MemAvailable=154.5GiB
[ram-gather-segments] repetition 3/3 elapsed=15.7/35.0s MemAvailable=154.5GiB
[ram-gather-segments] repetition 3/3 elapsed=20.9/35.0s MemAvailable=154.5GiB
[ram-gather-segments] repetition 3/3 elapsed=26.1/35.0s MemAvailable=154.5GiB
[ram-gather-segments] repetition 3/3 elapsed=31.3/35.0s MemAvailable=154.5GiB
[ram-gather-segments] repetition 3/3 elapsed=36.6/35.0s MemAvailable=154.5GiB
[scenario 34/392] gpu0-local-copy
[gpu0-local-copy] repetition 1/3 elapsed=0.1/35.0s MemAvailable=157.6GiB
[gpu0-local-copy] repetition 1/3 elapsed=5.3/35.0s MemAvailable=156.8GiB
[gpu0-local-copy] repetition 1/3 elapsed=10.6/35.0s MemAvailable=156.8GiB
[gpu0-local-copy] repetition 1/3 elapsed=15.8/35.0s MemAvailable=156.9GiB
[gpu0-local-copy] repetition 1/3 elapsed=21.1/35.0s MemAvailable=156.9GiB
[gpu0-local-copy] repetition 1/3 elapsed=26.3/35.0s MemAvailable=157.0GiB
[gpu0-local-copy] repetition 1/3 elapsed=31.6/35.0s MemAvailable=157.0GiB
[scenario 35/392] gpu0-local-copy
[gpu0-local-copy] repetition 2/3 elapsed=0.1/35.0s MemAvailable=157.4GiB
[gpu0-local-copy] repetition 2/3 elapsed=5.3/35.0s MemAvailable=156.6GiB
[gpu0-local-copy] repetition 2/3 elapsed=10.6/35.0s MemAvailable=156.7GiB
[gpu0-local-copy] repetition 2/3 elapsed=15.8/35.0s MemAvailable=156.8GiB
[gpu0-local-copy] repetition 2/3 elapsed=21.0/35.0s MemAvailable=156.8GiB
[gpu0-local-copy] repetition 2/3 elapsed=26.3/35.0s MemAvailable=156.9GiB
[gpu0-local-copy] repetition 2/3 elapsed=31.5/35.0s MemAvailable=157.0GiB
[scenario 36/392] gpu0-local-copy
[gpu0-local-copy] repetition 3/3 elapsed=0.1/35.0s MemAvailable=157.3GiB
[gpu0-local-copy] repetition 3/3 elapsed=5.3/35.0s MemAvailable=156.6GiB
[gpu0-local-copy] repetition 3/3 elapsed=10.6/35.0s MemAvailable=156.7GiB
[gpu0-local-copy] repetition 3/3 elapsed=15.8/35.0s MemAvailable=156.8GiB
[gpu0-local-copy] repetition 3/3 elapsed=21.1/35.0s MemAvailable=156.8GiB
[gpu0-local-copy] repetition 3/3 elapsed=26.3/35.0s MemAvailable=156.9GiB
[gpu0-local-copy] repetition 3/3 elapsed=31.6/35.0s MemAvailable=157.0GiB
[scenario 37/392] gpu0-gemm-large
[gpu0-gemm-large] repetition 1/3 elapsed=0.1/35.0s MemAvailable=157.4GiB
[gpu0-gemm-large] repetition 1/3 elapsed=5.3/35.0s MemAvailable=157.0GiB
[gpu0-gemm-large] repetition 1/3 elapsed=10.5/35.0s MemAvailable=157.0GiB
[gpu0-gemm-large] repetition 1/3 elapsed=15.7/35.0s MemAvailable=157.0GiB
[gpu0-gemm-large] repetition 1/3 elapsed=20.9/35.0s MemAvailable=157.0GiB
[gpu0-gemm-large] repetition 1/3 elapsed=26.2/35.0s MemAvailable=157.1GiB
[gpu0-gemm-large] repetition 1/3 elapsed=31.4/35.0s MemAvailable=157.1GiB
[scenario 38/392] gpu0-gemm-large
[gpu0-gemm-large] repetition 2/3 elapsed=0.1/35.0s MemAvailable=157.6GiB
[gpu0-gemm-large] repetition 2/3 elapsed=5.3/35.0s MemAvailable=157.1GiB
[gpu0-gemm-large] repetition 2/3 elapsed=10.5/35.0s MemAvailable=157.1GiB
[gpu0-gemm-large] repetition 2/3 elapsed=15.7/35.0s MemAvailable=157.1GiB
[gpu0-gemm-large] repetition 2/3 elapsed=20.9/35.0s MemAvailable=157.1GiB
[gpu0-gemm-large] repetition 2/3 elapsed=26.1/35.0s MemAvailable=157.1GiB
[gpu0-gemm-large] repetition 2/3 elapsed=31.4/35.0s MemAvailable=157.1GiB
[scenario 39/392] gpu0-gemm-large
[gpu0-gemm-large] repetition 3/3 elapsed=0.1/35.0s MemAvailable=157.6GiB
[gpu0-gemm-large] repetition 3/3 elapsed=5.3/35.0s MemAvailable=157.1GiB
[gpu0-gemm-large] repetition 3/3 elapsed=10.5/35.0s MemAvailable=157.1GiB
[gpu0-gemm-large] repetition 3/3 elapsed=15.7/35.0s MemAvailable=157.1GiB
[gpu0-gemm-large] repetition 3/3 elapsed=20.9/35.0s MemAvailable=157.1GiB
[gpu0-gemm-large] repetition 3/3 elapsed=26.2/35.0s MemAvailable=157.1GiB
[gpu0-gemm-large] repetition 3/3 elapsed=31.4/35.0s MemAvailable=157.1GiB
[scenario 40/392] gpu0-gemm-small
[gpu0-gemm-small] repetition 1/3 elapsed=0.1/35.0s MemAvailable=157.6GiB
[gpu0-gemm-small] repetition 1/3 elapsed=5.3/35.0s MemAvailable=157.2GiB
[gpu0-gemm-small] repetition 1/3 elapsed=10.5/35.0s MemAvailable=157.2GiB
[gpu0-gemm-small] repetition 1/3 elapsed=15.7/35.0s MemAvailable=157.1GiB
[gpu0-gemm-small] repetition 1/3 elapsed=20.9/35.0s MemAvailable=157.2GiB
[gpu0-gemm-small] repetition 1/3 elapsed=26.1/35.0s MemAvailable=157.2GiB
[gpu0-gemm-small] repetition 1/3 elapsed=31.3/35.0s MemAvailable=157.2GiB
[scenario 41/392] gpu0-gemm-small
[gpu0-gemm-small] repetition 2/3 elapsed=0.1/35.0s MemAvailable=157.6GiB
[gpu0-gemm-small] repetition 2/3 elapsed=5.3/35.0s MemAvailable=157.2GiB
[gpu0-gemm-small] repetition 2/3 elapsed=10.5/35.0s MemAvailable=157.2GiB
[gpu0-gemm-small] repetition 2/3 elapsed=15.7/35.0s MemAvailable=157.2GiB
[gpu0-gemm-small] repetition 2/3 elapsed=20.9/35.0s MemAvailable=157.3GiB
[gpu0-gemm-small] repetition 2/3 elapsed=26.1/35.0s MemAvailable=157.2GiB
[gpu0-gemm-small] repetition 2/3 elapsed=31.3/35.0s MemAvailable=157.2GiB
[scenario 42/392] gpu0-gemm-small
[gpu0-gemm-small] repetition 3/3 elapsed=0.1/35.0s MemAvailable=157.6GiB
[gpu0-gemm-small] repetition 3/3 elapsed=5.3/35.0s MemAvailable=157.2GiB
[gpu0-gemm-small] repetition 3/3 elapsed=10.5/35.0s MemAvailable=157.2GiB
[gpu0-gemm-small] repetition 3/3 elapsed=15.7/35.0s MemAvailable=157.2GiB
[gpu0-gemm-small] repetition 3/3 elapsed=20.9/35.0s MemAvailable=157.2GiB
[gpu0-gemm-small] repetition 3/3 elapsed=26.1/35.0s MemAvailable=157.2GiB
[gpu0-gemm-small] repetition 3/3 elapsed=31.3/35.0s MemAvailable=157.2GiB
[scenario 43/392] gpu1-local-copy
[gpu1-local-copy] repetition 1/3 elapsed=0.1/35.0s MemAvailable=157.6GiB
[gpu1-local-copy] repetition 1/3 elapsed=5.3/35.0s MemAvailable=156.8GiB
[gpu1-local-copy] repetition 1/3 elapsed=10.5/35.0s MemAvailable=156.8GiB
[gpu1-local-copy] repetition 1/3 elapsed=15.8/35.0s MemAvailable=156.8GiB
[gpu1-local-copy] repetition 1/3 elapsed=21.0/35.0s MemAvailable=156.9GiB
[gpu1-local-copy] repetition 1/3 elapsed=26.3/35.0s MemAvailable=157.0GiB
[gpu1-local-copy] repetition 1/3 elapsed=31.5/35.0s MemAvailable=157.0GiB
[scenario 44/392] gpu1-local-copy
[gpu1-local-copy] repetition 2/3 elapsed=0.1/35.0s MemAvailable=157.4GiB
[gpu1-local-copy] repetition 2/3 elapsed=5.3/35.0s MemAvailable=156.6GiB
[gpu1-local-copy] repetition 2/3 elapsed=10.6/35.0s MemAvailable=156.7GiB
[gpu1-local-copy] repetition 2/3 elapsed=15.8/35.0s MemAvailable=156.8GiB
[gpu1-local-copy] repetition 2/3 elapsed=21.0/35.0s MemAvailable=156.9GiB
[gpu1-local-copy] repetition 2/3 elapsed=26.3/35.0s MemAvailable=156.9GiB
[gpu1-local-copy] repetition 2/3 elapsed=31.5/35.0s MemAvailable=157.0GiB
[scenario 45/392] gpu1-local-copy
[gpu1-local-copy] repetition 3/3 elapsed=0.1/35.0s MemAvailable=157.5GiB
[gpu1-local-copy] repetition 3/3 elapsed=5.3/35.0s MemAvailable=156.7GiB
[gpu1-local-copy] repetition 3/3 elapsed=10.5/35.0s MemAvailable=156.8GiB
[gpu1-local-copy] repetition 3/3 elapsed=15.8/35.0s MemAvailable=156.9GiB
[gpu1-local-copy] repetition 3/3 elapsed=21.0/35.0s MemAvailable=156.9GiB
[gpu1-local-copy] repetition 3/3 elapsed=26.3/35.0s MemAvailable=157.0GiB
[gpu1-local-copy] repetition 3/3 elapsed=31.5/35.0s MemAvailable=157.0GiB
[scenario 46/392] gpu1-gemm-large
[gpu1-gemm-large] repetition 1/3 elapsed=0.1/35.0s MemAvailable=157.4GiB
[gpu1-gemm-large] repetition 1/3 elapsed=5.3/35.0s MemAvailable=157.0GiB
[gpu1-gemm-large] repetition 1/3 elapsed=10.5/35.0s MemAvailable=157.0GiB
[gpu1-gemm-large] repetition 1/3 elapsed=15.7/35.0s MemAvailable=157.1GiB
[gpu1-gemm-large] repetition 1/3 elapsed=20.9/35.0s MemAvailable=157.1GiB
[gpu1-gemm-large] repetition 1/3 elapsed=26.1/35.0s MemAvailable=157.1GiB
[gpu1-gemm-large] repetition 1/3 elapsed=31.3/35.0s MemAvailable=157.1GiB
[scenario 47/392] gpu1-gemm-large
[gpu1-gemm-large] repetition 2/3 elapsed=0.1/35.0s MemAvailable=157.6GiB
[gpu1-gemm-large] repetition 2/3 elapsed=5.3/35.0s MemAvailable=157.1GiB
[gpu1-gemm-large] repetition 2/3 elapsed=10.5/35.0s MemAvailable=157.1GiB
[gpu1-gemm-large] repetition 2/3 elapsed=15.7/35.0s MemAvailable=157.1GiB
[gpu1-gemm-large] repetition 2/3 elapsed=20.9/35.0s MemAvailable=157.1GiB
[gpu1-gemm-large] repetition 2/3 elapsed=26.1/35.0s MemAvailable=157.1GiB
[gpu1-gemm-large] repetition 2/3 elapsed=31.3/35.0s MemAvailable=157.1GiB
[scenario 48/392] gpu1-gemm-large
[gpu1-gemm-large] repetition 3/3 elapsed=0.1/35.0s MemAvailable=157.6GiB
[gpu1-gemm-large] repetition 3/3 elapsed=5.3/35.0s MemAvailable=157.1GiB
[gpu1-gemm-large] repetition 3/3 elapsed=10.5/35.0s MemAvailable=157.1GiB
[gpu1-gemm-large] repetition 3/3 elapsed=15.7/35.0s MemAvailable=157.1GiB
[gpu1-gemm-large] repetition 3/3 elapsed=20.9/35.0s MemAvailable=157.1GiB
[gpu1-gemm-large] repetition 3/3 elapsed=26.1/35.0s MemAvailable=157.1GiB
[gpu1-gemm-large] repetition 3/3 elapsed=31.3/35.0s MemAvailable=157.1GiB
[scenario 49/392] gpu1-gemm-small
[gpu1-gemm-small] repetition 1/3 elapsed=0.1/35.0s MemAvailable=157.6GiB
[gpu1-gemm-small] repetition 1/3 elapsed=5.3/35.0s MemAvailable=157.3GiB
[gpu1-gemm-small] repetition 1/3 elapsed=10.5/35.0s MemAvailable=157.3GiB
[gpu1-gemm-small] repetition 1/3 elapsed=15.7/35.0s MemAvailable=157.3GiB
[gpu1-gemm-small] repetition 1/3 elapsed=20.9/35.0s MemAvailable=157.3GiB
[gpu1-gemm-small] repetition 1/3 elapsed=26.1/35.0s MemAvailable=157.2GiB
[gpu1-gemm-small] repetition 1/3 elapsed=31.3/35.0s MemAvailable=157.3GiB
[scenario 50/392] gpu1-gemm-small
[gpu1-gemm-small] repetition 2/3 elapsed=0.1/35.0s MemAvailable=157.6GiB
[gpu1-gemm-small] repetition 2/3 elapsed=5.3/35.0s MemAvailable=157.2GiB
[gpu1-gemm-small] repetition 2/3 elapsed=10.5/35.0s MemAvailable=157.2GiB
[gpu1-gemm-small] repetition 2/3 elapsed=15.7/35.0s MemAvailable=157.2GiB
[gpu1-gemm-small] repetition 2/3 elapsed=20.9/35.0s MemAvailable=157.2GiB
[gpu1-gemm-small] repetition 2/3 elapsed=26.1/35.0s MemAvailable=157.2GiB
[gpu1-gemm-small] repetition 2/3 elapsed=31.4/35.0s MemAvailable=157.2GiB
[scenario 51/392] gpu1-gemm-small
[gpu1-gemm-small] repetition 3/3 elapsed=0.1/35.0s MemAvailable=157.6GiB
[gpu1-gemm-small] repetition 3/3 elapsed=5.3/35.0s MemAvailable=157.2GiB
[gpu1-gemm-small] repetition 3/3 elapsed=10.5/35.0s MemAvailable=157.2GiB
[gpu1-gemm-small] repetition 3/3 elapsed=15.7/35.0s MemAvailable=157.2GiB
[gpu1-gemm-small] repetition 3/3 elapsed=20.9/35.0s MemAvailable=157.2GiB
[gpu1-gemm-small] repetition 3/3 elapsed=26.1/35.0s MemAvailable=157.2GiB
[gpu1-gemm-small] repetition 3/3 elapsed=31.3/35.0s MemAvailable=157.2GiB
[scenario 52/392] both-gpu-gemm
[both-gpu-gemm] repetition 1/3 elapsed=0.1/35.0s MemAvailable=157.6GiB
[both-gpu-gemm] repetition 1/3 elapsed=5.3/35.0s MemAvailable=156.7GiB
[both-gpu-gemm] repetition 1/3 elapsed=10.5/35.0s MemAvailable=156.7GiB
[both-gpu-gemm] repetition 1/3 elapsed=15.7/35.0s MemAvailable=156.7GiB
[both-gpu-gemm] repetition 1/3 elapsed=20.9/35.0s MemAvailable=156.7GiB
[both-gpu-gemm] repetition 1/3 elapsed=26.1/35.0s MemAvailable=156.7GiB
[both-gpu-gemm] repetition 1/3 elapsed=31.3/35.0s MemAvailable=156.6GiB
[scenario 53/392] both-gpu-gemm
[both-gpu-gemm] repetition 2/3 elapsed=0.1/35.0s MemAvailable=157.6GiB
[both-gpu-gemm] repetition 2/3 elapsed=5.3/35.0s MemAvailable=156.7GiB
[both-gpu-gemm] repetition 2/3 elapsed=10.5/35.0s MemAvailable=156.7GiB
[both-gpu-gemm] repetition 2/3 elapsed=15.7/35.0s MemAvailable=156.7GiB
[both-gpu-gemm] repetition 2/3 elapsed=20.9/35.0s MemAvailable=156.7GiB
[both-gpu-gemm] repetition 2/3 elapsed=26.1/35.0s MemAvailable=156.7GiB
[both-gpu-gemm] repetition 2/3 elapsed=31.3/35.0s MemAvailable=156.7GiB
[scenario 54/392] both-gpu-gemm
[both-gpu-gemm] repetition 3/3 elapsed=0.1/35.0s MemAvailable=157.6GiB
[both-gpu-gemm] repetition 3/3 elapsed=5.3/35.0s MemAvailable=156.7GiB
[both-gpu-gemm] repetition 3/3 elapsed=10.5/35.0s MemAvailable=156.7GiB
[both-gpu-gemm] repetition 3/3 elapsed=15.7/35.0s MemAvailable=156.7GiB
[both-gpu-gemm] repetition 3/3 elapsed=20.9/35.0s MemAvailable=156.7GiB
[both-gpu-gemm] repetition 3/3 elapsed=26.1/35.0s MemAvailable=156.7GiB
[both-gpu-gemm] repetition 3/3 elapsed=31.4/35.0s MemAvailable=156.7GiB
[scenario 55/392] gpu0-gemm-low-telemetry
[gpu0-gemm-low-telemetry] repetition 1/3 elapsed=0.1/35.0s MemAvailable=157.6GiB
[gpu0-gemm-low-telemetry] repetition 1/3 elapsed=5.1/35.0s MemAvailable=157.1GiB
[gpu0-gemm-low-telemetry] repetition 1/3 elapsed=10.2/35.0s MemAvailable=157.1GiB
[gpu0-gemm-low-telemetry] repetition 1/3 elapsed=15.3/35.0s MemAvailable=157.1GiB
[gpu0-gemm-low-telemetry] repetition 1/3 elapsed=20.3/35.0s MemAvailable=157.1GiB
[gpu0-gemm-low-telemetry] repetition 1/3 elapsed=25.4/35.0s MemAvailable=157.1GiB
[gpu0-gemm-low-telemetry] repetition 1/3 elapsed=30.5/35.0s MemAvailable=157.1GiB
[gpu0-gemm-low-telemetry] repetition 1/3 elapsed=35.6/35.0s MemAvailable=157.5GiB
[scenario 56/392] gpu0-gemm-low-telemetry
[gpu0-gemm-low-telemetry] repetition 2/3 elapsed=0.1/35.0s MemAvailable=157.6GiB
[gpu0-gemm-low-telemetry] repetition 2/3 elapsed=5.1/35.0s MemAvailable=157.1GiB
[gpu0-gemm-low-telemetry] repetition 2/3 elapsed=10.2/35.0s MemAvailable=157.1GiB
[gpu0-gemm-low-telemetry] repetition 2/3 elapsed=15.3/35.0s MemAvailable=157.1GiB
[gpu0-gemm-low-telemetry] repetition 2/3 elapsed=20.4/35.0s MemAvailable=157.1GiB
[gpu0-gemm-low-telemetry] repetition 2/3 elapsed=25.4/35.0s MemAvailable=157.1GiB
[gpu0-gemm-low-telemetry] repetition 2/3 elapsed=30.5/35.0s MemAvailable=157.1GiB
[gpu0-gemm-low-telemetry] repetition 2/3 elapsed=35.6/35.0s MemAvailable=157.5GiB
[scenario 57/392] gpu0-gemm-low-telemetry
[gpu0-gemm-low-telemetry] repetition 3/3 elapsed=0.1/35.0s MemAvailable=157.6GiB
[gpu0-gemm-low-telemetry] repetition 3/3 elapsed=5.1/35.0s MemAvailable=157.1GiB
[gpu0-gemm-low-telemetry] repetition 3/3 elapsed=10.2/35.0s MemAvailable=157.1GiB
[gpu0-gemm-low-telemetry] repetition 3/3 elapsed=15.3/35.0s MemAvailable=157.1GiB
[gpu0-gemm-low-telemetry] repetition 3/3 elapsed=20.3/35.0s MemAvailable=157.1GiB
[gpu0-gemm-low-telemetry] repetition 3/3 elapsed=25.4/35.0s MemAvailable=157.1GiB
[gpu0-gemm-low-telemetry] repetition 3/3 elapsed=30.5/35.0s MemAvailable=157.1GiB
[gpu0-gemm-low-telemetry] repetition 3/3 elapsed=35.6/35.0s MemAvailable=157.4GiB
[scenario 58/392] gpu0-h2d-pageable-4096
[gpu0-h2d-pageable-4096] repetition 1/3 elapsed=0.1/35.0s MemAvailable=157.6GiB
[gpu0-h2d-pageable-4096] repetition 1/3 elapsed=5.3/35.0s MemAvailable=157.2GiB
[gpu0-h2d-pageable-4096] repetition 1/3 elapsed=10.5/35.0s MemAvailable=157.2GiB
[gpu0-h2d-pageable-4096] repetition 1/3 elapsed=15.7/35.0s MemAvailable=157.2GiB
[gpu0-h2d-pageable-4096] repetition 1/3 elapsed=20.9/35.0s MemAvailable=157.3GiB
[gpu0-h2d-pageable-4096] repetition 1/3 elapsed=26.2/35.0s MemAvailable=157.3GiB
[gpu0-h2d-pageable-4096] repetition 1/3 elapsed=31.4/35.0s MemAvailable=157.3GiB
[scenario 59/392] gpu0-h2d-pageable-4096
[gpu0-h2d-pageable-4096] repetition 2/3 elapsed=0.1/35.0s MemAvailable=157.6GiB
[gpu0-h2d-pageable-4096] repetition 2/3 elapsed=5.3/35.0s MemAvailable=157.2GiB
[gpu0-h2d-pageable-4096] repetition 2/3 elapsed=10.5/35.0s MemAvailable=157.2GiB
[gpu0-h2d-pageable-4096] repetition 2/3 elapsed=15.7/35.0s MemAvailable=157.2GiB
[gpu0-h2d-pageable-4096] repetition 2/3 elapsed=20.9/35.0s MemAvailable=157.2GiB
[gpu0-h2d-pageable-4096] repetition 2/3 elapsed=26.1/35.0s MemAvailable=157.2GiB
[gpu0-h2d-pageable-4096] repetition 2/3 elapsed=31.3/35.0s MemAvailable=157.2GiB
[scenario 60/392] gpu0-h2d-pageable-4096
[gpu0-h2d-pageable-4096] repetition 3/3 elapsed=0.1/35.0s MemAvailable=157.6GiB
[gpu0-h2d-pageable-4096] repetition 3/3 elapsed=5.3/35.0s MemAvailable=157.2GiB
[gpu0-h2d-pageable-4096] repetition 3/3 elapsed=10.5/35.0s MemAvailable=157.2GiB
[gpu0-h2d-pageable-4096] repetition 3/3 elapsed=15.7/35.0s MemAvailable=157.2GiB
[gpu0-h2d-pageable-4096] repetition 3/3 elapsed=20.9/35.0s MemAvailable=157.3GiB
[gpu0-h2d-pageable-4096] repetition 3/3 elapsed=26.1/35.0s MemAvailable=157.3GiB
[gpu0-h2d-pageable-4096] repetition 3/3 elapsed=31.3/35.0s MemAvailable=157.3GiB
[scenario 61/392] gpu0-h2d-pageable-3145728
[gpu0-h2d-pageable-3145728] repetition 1/3 elapsed=0.1/35.0s MemAvailable=157.5GiB
[gpu0-h2d-pageable-3145728] repetition 1/3 elapsed=5.3/35.0s MemAvailable=157.2GiB
[gpu0-h2d-pageable-3145728] repetition 1/3 elapsed=10.5/35.0s MemAvailable=157.2GiB
[gpu0-h2d-pageable-3145728] repetition 1/3 elapsed=15.8/35.0s MemAvailable=157.2GiB
[gpu0-h2d-pageable-3145728] repetition 1/3 elapsed=21.0/35.0s MemAvailable=157.2GiB
[gpu0-h2d-pageable-3145728] repetition 1/3 elapsed=26.3/35.0s MemAvailable=157.2GiB
[gpu0-h2d-pageable-3145728] repetition 1/3 elapsed=31.5/35.0s MemAvailable=157.2GiB
[scenario 62/392] gpu0-h2d-pageable-3145728
[gpu0-h2d-pageable-3145728] repetition 2/3 elapsed=0.1/35.0s MemAvailable=157.5GiB
[gpu0-h2d-pageable-3145728] repetition 2/3 elapsed=5.3/35.0s MemAvailable=157.2GiB
[gpu0-h2d-pageable-3145728] repetition 2/3 elapsed=10.6/35.0s MemAvailable=157.2GiB
[gpu0-h2d-pageable-3145728] repetition 2/3 elapsed=15.8/35.0s MemAvailable=157.2GiB
[gpu0-h2d-pageable-3145728] repetition 2/3 elapsed=21.0/35.0s MemAvailable=157.3GiB
[gpu0-h2d-pageable-3145728] repetition 2/3 elapsed=26.3/35.0s MemAvailable=157.2GiB
[gpu0-h2d-pageable-3145728] repetition 2/3 elapsed=31.5/35.0s MemAvailable=157.2GiB
[scenario 63/392] gpu0-h2d-pageable-3145728
[gpu0-h2d-pageable-3145728] repetition 3/3 elapsed=0.1/35.0s MemAvailable=157.5GiB
[gpu0-h2d-pageable-3145728] repetition 3/3 elapsed=5.3/35.0s MemAvailable=157.2GiB
[gpu0-h2d-pageable-3145728] repetition 3/3 elapsed=10.6/35.0s MemAvailable=157.2GiB
[gpu0-h2d-pageable-3145728] repetition 3/3 elapsed=15.8/35.0s MemAvailable=157.2GiB
[gpu0-h2d-pageable-3145728] repetition 3/3 elapsed=21.1/35.0s MemAvailable=157.3GiB
[gpu0-h2d-pageable-3145728] repetition 3/3 elapsed=26.3/35.0s MemAvailable=157.3GiB
[gpu0-h2d-pageable-3145728] repetition 3/3 elapsed=31.5/35.0s MemAvailable=157.2GiB
[scenario 64/392] gpu0-h2d-pageable-67108864
[gpu0-h2d-pageable-67108864] repetition 1/3 elapsed=0.1/35.0s MemAvailable=157.6GiB
[gpu0-h2d-pageable-67108864] repetition 1/3 elapsed=5.3/35.0s MemAvailable=157.2GiB
[gpu0-h2d-pageable-67108864] repetition 1/3 elapsed=10.6/35.0s MemAvailable=157.2GiB
[gpu0-h2d-pageable-67108864] repetition 1/3 elapsed=15.8/35.0s MemAvailable=157.2GiB
[gpu0-h2d-pageable-67108864] repetition 1/3 elapsed=21.1/35.0s MemAvailable=157.2GiB
[gpu0-h2d-pageable-67108864] repetition 1/3 elapsed=26.3/35.0s MemAvailable=157.3GiB
[gpu0-h2d-pageable-67108864] repetition 1/3 elapsed=31.5/35.0s MemAvailable=157.3GiB
[scenario 65/392] gpu0-h2d-pageable-67108864
[gpu0-h2d-pageable-67108864] repetition 2/3 elapsed=0.1/35.0s MemAvailable=157.6GiB
[gpu0-h2d-pageable-67108864] repetition 2/3 elapsed=5.3/35.0s MemAvailable=157.2GiB
[gpu0-h2d-pageable-67108864] repetition 2/3 elapsed=10.6/35.0s MemAvailable=157.2GiB
[gpu0-h2d-pageable-67108864] repetition 2/3 elapsed=15.8/35.0s MemAvailable=157.2GiB
[gpu0-h2d-pageable-67108864] repetition 2/3 elapsed=21.1/35.0s MemAvailable=157.3GiB
[gpu0-h2d-pageable-67108864] repetition 2/3 elapsed=26.3/35.0s MemAvailable=157.3GiB
[gpu0-h2d-pageable-67108864] repetition 2/3 elapsed=31.5/35.0s MemAvailable=157.2GiB
[scenario 66/392] gpu0-h2d-pageable-67108864
[gpu0-h2d-pageable-67108864] repetition 3/3 elapsed=0.1/35.0s MemAvailable=157.6GiB
[gpu0-h2d-pageable-67108864] repetition 3/3 elapsed=5.3/35.0s MemAvailable=157.2GiB
[gpu0-h2d-pageable-67108864] repetition 3/3 elapsed=10.6/35.0s MemAvailable=157.2GiB
[gpu0-h2d-pageable-67108864] repetition 3/3 elapsed=15.8/35.0s MemAvailable=157.2GiB
[gpu0-h2d-pageable-67108864] repetition 3/3 elapsed=21.1/35.0s MemAvailable=157.3GiB
[gpu0-h2d-pageable-67108864] repetition 3/3 elapsed=26.3/35.0s MemAvailable=157.3GiB
[gpu0-h2d-pageable-67108864] repetition 3/3 elapsed=31.6/35.0s MemAvailable=157.3GiB
[scenario 67/392] gpu0-h2d-pinned-4096
[gpu0-h2d-pinned-4096] repetition 1/3 elapsed=0.1/35.0s MemAvailable=157.6GiB
[gpu0-h2d-pinned-4096] repetition 1/3 elapsed=5.3/35.0s MemAvailable=157.2GiB
[gpu0-h2d-pinned-4096] repetition 1/3 elapsed=10.5/35.0s MemAvailable=157.2GiB
[gpu0-h2d-pinned-4096] repetition 1/3 elapsed=15.7/35.0s MemAvailable=157.3GiB
[gpu0-h2d-pinned-4096] repetition 1/3 elapsed=20.9/35.0s MemAvailable=157.3GiB
[gpu0-h2d-pinned-4096] repetition 1/3 elapsed=26.2/35.0s MemAvailable=157.3GiB
[gpu0-h2d-pinned-4096] repetition 1/3 elapsed=31.4/35.0s MemAvailable=157.3GiB
[scenario 68/392] gpu0-h2d-pinned-4096
[gpu0-h2d-pinned-4096] repetition 2/3 elapsed=0.1/35.0s MemAvailable=157.6GiB
[gpu0-h2d-pinned-4096] repetition 2/3 elapsed=5.3/35.0s MemAvailable=157.1GiB
[gpu0-h2d-pinned-4096] repetition 2/3 elapsed=10.5/35.0s MemAvailable=157.2GiB
[gpu0-h2d-pinned-4096] repetition 2/3 elapsed=15.7/35.0s MemAvailable=157.2GiB
[gpu0-h2d-pinned-4096] repetition 2/3 elapsed=21.0/35.0s MemAvailable=157.3GiB
[gpu0-h2d-pinned-4096] repetition 2/3 elapsed=26.2/35.0s MemAvailable=157.3GiB
[gpu0-h2d-pinned-4096] repetition 2/3 elapsed=31.4/35.0s MemAvailable=157.3GiB
[scenario 69/392] gpu0-h2d-pinned-4096
[gpu0-h2d-pinned-4096] repetition 3/3 elapsed=0.1/35.0s MemAvailable=157.5GiB
[gpu0-h2d-pinned-4096] repetition 3/3 elapsed=5.3/35.0s MemAvailable=157.2GiB
[gpu0-h2d-pinned-4096] repetition 3/3 elapsed=10.5/35.0s MemAvailable=157.2GiB
[gpu0-h2d-pinned-4096] repetition 3/3 elapsed=15.7/35.0s MemAvailable=157.3GiB
[gpu0-h2d-pinned-4096] repetition 3/3 elapsed=20.9/35.0s MemAvailable=157.3GiB
[gpu0-h2d-pinned-4096] repetition 3/3 elapsed=26.2/35.0s MemAvailable=157.3GiB
[gpu0-h2d-pinned-4096] repetition 3/3 elapsed=31.4/35.0s MemAvailable=157.3GiB
[scenario 70/392] gpu0-h2d-pinned-3145728
[gpu0-h2d-pinned-3145728] repetition 1/3 elapsed=0.1/75.0s MemAvailable=157.6GiB
[gpu0-h2d-pinned-3145728] repetition 1/3 elapsed=5.3/75.0s MemAvailable=157.2GiB
[gpu0-h2d-pinned-3145728] repetition 1/3 elapsed=10.5/75.0s MemAvailable=157.2GiB
[gpu0-h2d-pinned-3145728] repetition 1/3 elapsed=15.7/75.0s MemAvailable=157.3GiB
[gpu0-h2d-pinned-3145728] repetition 1/3 elapsed=20.9/75.0s MemAvailable=157.3GiB
[gpu0-h2d-pinned-3145728] repetition 1/3 elapsed=26.1/75.0s MemAvailable=157.3GiB
[gpu0-h2d-pinned-3145728] repetition 1/3 elapsed=31.4/75.0s MemAvailable=157.3GiB
[gpu0-h2d-pinned-3145728] repetition 1/3 elapsed=36.6/75.0s MemAvailable=157.3GiB
[gpu0-h2d-pinned-3145728] repetition 1/3 elapsed=41.8/75.0s MemAvailable=157.3GiB
[gpu0-h2d-pinned-3145728] repetition 1/3 elapsed=47.0/75.0s MemAvailable=157.3GiB
[gpu0-h2d-pinned-3145728] repetition 1/3 elapsed=52.2/75.0s MemAvailable=157.3GiB
[gpu0-h2d-pinned-3145728] repetition 1/3 elapsed=57.4/75.0s MemAvailable=157.3GiB
[gpu0-h2d-pinned-3145728] repetition 1/3 elapsed=62.6/75.0s MemAvailable=157.3GiB
[gpu0-h2d-pinned-3145728] repetition 1/3 elapsed=67.9/75.0s MemAvailable=157.3GiB
[gpu0-h2d-pinned-3145728] repetition 1/3 elapsed=73.1/75.0s MemAvailable=157.3GiB
[scenario 71/392] gpu0-h2d-pinned-3145728
[gpu0-h2d-pinned-3145728] repetition 2/3 elapsed=0.1/75.0s MemAvailable=157.6GiB
[gpu0-h2d-pinned-3145728] repetition 2/3 elapsed=5.3/75.0s MemAvailable=157.2GiB
[gpu0-h2d-pinned-3145728] repetition 2/3 elapsed=10.5/75.0s MemAvailable=157.1GiB
[gpu0-h2d-pinned-3145728] repetition 2/3 elapsed=15.7/75.0s MemAvailable=157.2GiB
[gpu0-h2d-pinned-3145728] repetition 2/3 elapsed=20.9/75.0s MemAvailable=157.2GiB
[gpu0-h2d-pinned-3145728] repetition 2/3 elapsed=26.1/75.0s MemAvailable=157.3GiB
[gpu0-h2d-pinned-3145728] repetition 2/3 elapsed=31.4/75.0s MemAvailable=157.3GiB
[gpu0-h2d-pinned-3145728] repetition 2/3 elapsed=36.6/75.0s MemAvailable=157.2GiB
[gpu0-h2d-pinned-3145728] repetition 2/3 elapsed=41.8/75.0s MemAvailable=157.3GiB
[gpu0-h2d-pinned-3145728] repetition 2/3 elapsed=47.0/75.0s MemAvailable=157.3GiB
[gpu0-h2d-pinned-3145728] repetition 2/3 elapsed=52.2/75.0s MemAvailable=157.3GiB
[gpu0-h2d-pinned-3145728] repetition 2/3 elapsed=57.4/75.0s MemAvailable=157.2GiB
[gpu0-h2d-pinned-3145728] repetition 2/3 elapsed=62.6/75.0s MemAvailable=157.3GiB
[gpu0-h2d-pinned-3145728] repetition 2/3 elapsed=67.8/75.0s MemAvailable=157.3GiB
[gpu0-h2d-pinned-3145728] repetition 2/3 elapsed=73.0/75.0s MemAvailable=157.3GiB
[scenario 72/392] gpu0-h2d-pinned-3145728
[gpu0-h2d-pinned-3145728] repetition 3/3 elapsed=0.1/75.0s MemAvailable=157.6GiB
[gpu0-h2d-pinned-3145728] repetition 3/3 elapsed=5.3/75.0s MemAvailable=157.2GiB
[gpu0-h2d-pinned-3145728] repetition 3/3 elapsed=10.5/75.0s MemAvailable=157.2GiB
[gpu0-h2d-pinned-3145728] repetition 3/3 elapsed=15.7/75.0s MemAvailable=157.2GiB
[gpu0-h2d-pinned-3145728] repetition 3/3 elapsed=20.9/75.0s MemAvailable=157.2GiB
[gpu0-h2d-pinned-3145728] repetition 3/3 elapsed=26.1/75.0s MemAvailable=157.2GiB
[gpu0-h2d-pinned-3145728] repetition 3/3 elapsed=31.3/75.0s MemAvailable=157.3GiB
[gpu0-h2d-pinned-3145728] repetition 3/3 elapsed=36.5/75.0s MemAvailable=157.2GiB
[gpu0-h2d-pinned-3145728] repetition 3/3 elapsed=41.8/75.0s MemAvailable=157.2GiB
[gpu0-h2d-pinned-3145728] repetition 3/3 elapsed=47.0/75.0s MemAvailable=157.2GiB
[gpu0-h2d-pinned-3145728] repetition 3/3 elapsed=52.2/75.0s MemAvailable=157.3GiB
[gpu0-h2d-pinned-3145728] repetition 3/3 elapsed=57.4/75.0s MemAvailable=157.3GiB
[gpu0-h2d-pinned-3145728] repetition 3/3 elapsed=62.6/75.0s MemAvailable=157.3GiB
[gpu0-h2d-pinned-3145728] repetition 3/3 elapsed=67.8/75.0s MemAvailable=157.3GiB
[gpu0-h2d-pinned-3145728] repetition 3/3 elapsed=73.0/75.0s MemAvailable=157.2GiB
[scenario 73/392] gpu0-h2d-pinned-67108864
[gpu0-h2d-pinned-67108864] repetition 1/3 elapsed=0.1/35.0s MemAvailable=157.5GiB
[gpu0-h2d-pinned-67108864] repetition 1/3 elapsed=5.3/35.0s MemAvailable=157.2GiB
[gpu0-h2d-pinned-67108864] repetition 1/3 elapsed=10.5/35.0s MemAvailable=157.2GiB
[gpu0-h2d-pinned-67108864] repetition 1/3 elapsed=15.7/35.0s MemAvailable=157.2GiB
[gpu0-h2d-pinned-67108864] repetition 1/3 elapsed=20.9/35.0s MemAvailable=157.3GiB
[gpu0-h2d-pinned-67108864] repetition 1/3 elapsed=26.1/35.0s MemAvailable=157.3GiB
[gpu0-h2d-pinned-67108864] repetition 1/3 elapsed=31.3/35.0s MemAvailable=157.2GiB
[scenario 74/392] gpu0-h2d-pinned-67108864
[gpu0-h2d-pinned-67108864] repetition 2/3 elapsed=0.1/35.0s MemAvailable=157.5GiB
[gpu0-h2d-pinned-67108864] repetition 2/3 elapsed=5.3/35.0s MemAvailable=157.2GiB
[gpu0-h2d-pinned-67108864] repetition 2/3 elapsed=10.5/35.0s MemAvailable=157.2GiB
[gpu0-h2d-pinned-67108864] repetition 2/3 elapsed=15.7/35.0s MemAvailable=157.2GiB
[gpu0-h2d-pinned-67108864] repetition 2/3 elapsed=20.9/35.0s MemAvailable=157.3GiB
[gpu0-h2d-pinned-67108864] repetition 2/3 elapsed=26.1/35.0s MemAvailable=157.3GiB
[gpu0-h2d-pinned-67108864] repetition 2/3 elapsed=31.3/35.0s MemAvailable=157.3GiB
[scenario 75/392] gpu0-h2d-pinned-67108864
[gpu0-h2d-pinned-67108864] repetition 3/3 elapsed=0.1/35.0s MemAvailable=157.6GiB
[gpu0-h2d-pinned-67108864] repetition 3/3 elapsed=5.3/35.0s MemAvailable=157.2GiB
[gpu0-h2d-pinned-67108864] repetition 3/3 elapsed=10.5/35.0s MemAvailable=157.2GiB
[gpu0-h2d-pinned-67108864] repetition 3/3 elapsed=15.7/35.0s MemAvailable=157.2GiB
[gpu0-h2d-pinned-67108864] repetition 3/3 elapsed=20.9/35.0s MemAvailable=157.2GiB
[gpu0-h2d-pinned-67108864] repetition 3/3 elapsed=26.1/35.0s MemAvailable=157.3GiB
[gpu0-h2d-pinned-67108864] repetition 3/3 elapsed=31.3/35.0s MemAvailable=157.3GiB
[scenario 76/392] gpu0-d2h-pageable-4096
[gpu0-d2h-pageable-4096] repetition 1/3 elapsed=0.1/35.0s MemAvailable=157.5GiB
[gpu0-d2h-pageable-4096] repetition 1/3 elapsed=5.3/35.0s MemAvailable=157.2GiB
[gpu0-d2h-pageable-4096] repetition 1/3 elapsed=10.5/35.0s MemAvailable=157.2GiB
[gpu0-d2h-pageable-4096] repetition 1/3 elapsed=15.7/35.0s MemAvailable=157.2GiB
[gpu0-d2h-pageable-4096] repetition 1/3 elapsed=20.9/35.0s MemAvailable=157.2GiB
[gpu0-d2h-pageable-4096] repetition 1/3 elapsed=26.1/35.0s MemAvailable=157.2GiB
[gpu0-d2h-pageable-4096] repetition 1/3 elapsed=31.4/35.0s MemAvailable=157.3GiB
[scenario 77/392] gpu0-d2h-pageable-4096
[gpu0-d2h-pageable-4096] repetition 2/3 elapsed=0.1/35.0s MemAvailable=157.5GiB
[gpu0-d2h-pageable-4096] repetition 2/3 elapsed=5.3/35.0s MemAvailable=157.2GiB
[gpu0-d2h-pageable-4096] repetition 2/3 elapsed=10.5/35.0s MemAvailable=157.2GiB
[gpu0-d2h-pageable-4096] repetition 2/3 elapsed=15.7/35.0s MemAvailable=157.2GiB
[gpu0-d2h-pageable-4096] repetition 2/3 elapsed=20.9/35.0s MemAvailable=157.2GiB
[gpu0-d2h-pageable-4096] repetition 2/3 elapsed=26.1/35.0s MemAvailable=157.2GiB
[gpu0-d2h-pageable-4096] repetition 2/3 elapsed=31.4/35.0s MemAvailable=157.3GiB
[scenario 78/392] gpu0-d2h-pageable-4096
[gpu0-d2h-pageable-4096] repetition 3/3 elapsed=0.1/35.0s MemAvailable=157.6GiB
[gpu0-d2h-pageable-4096] repetition 3/3 elapsed=5.3/35.0s MemAvailable=157.2GiB
[gpu0-d2h-pageable-4096] repetition 3/3 elapsed=10.5/35.0s MemAvailable=157.2GiB
[gpu0-d2h-pageable-4096] repetition 3/3 elapsed=15.7/35.0s MemAvailable=157.2GiB
[gpu0-d2h-pageable-4096] repetition 3/3 elapsed=20.9/35.0s MemAvailable=157.3GiB
[gpu0-d2h-pageable-4096] repetition 3/3 elapsed=26.1/35.0s MemAvailable=157.3GiB
[gpu0-d2h-pageable-4096] repetition 3/3 elapsed=31.3/35.0s MemAvailable=157.3GiB
[scenario 79/392] gpu0-d2h-pageable-3145728
[gpu0-d2h-pageable-3145728] repetition 1/3 elapsed=0.1/35.0s MemAvailable=157.6GiB
[gpu0-d2h-pageable-3145728] repetition 1/3 elapsed=5.3/35.0s MemAvailable=157.2GiB
[gpu0-d2h-pageable-3145728] repetition 1/3 elapsed=10.5/35.0s MemAvailable=157.2GiB
[gpu0-d2h-pageable-3145728] repetition 1/3 elapsed=15.7/35.0s MemAvailable=157.2GiB
[gpu0-d2h-pageable-3145728] repetition 1/3 elapsed=21.0/35.0s MemAvailable=157.3GiB
[gpu0-d2h-pageable-3145728] repetition 1/3 elapsed=26.2/35.0s MemAvailable=157.3GiB
[gpu0-d2h-pageable-3145728] repetition 1/3 elapsed=31.4/35.0s MemAvailable=157.3GiB
[scenario 80/392] gpu0-d2h-pageable-3145728
[gpu0-d2h-pageable-3145728] repetition 2/3 elapsed=0.1/35.0s MemAvailable=157.6GiB
[gpu0-d2h-pageable-3145728] repetition 2/3 elapsed=5.3/35.0s MemAvailable=157.2GiB
[gpu0-d2h-pageable-3145728] repetition 2/3 elapsed=10.5/35.0s MemAvailable=157.2GiB
[gpu0-d2h-pageable-3145728] repetition 2/3 elapsed=15.7/35.0s MemAvailable=157.3GiB
[gpu0-d2h-pageable-3145728] repetition 2/3 elapsed=21.0/35.0s MemAvailable=157.3GiB
[gpu0-d2h-pageable-3145728] repetition 2/3 elapsed=26.2/35.0s MemAvailable=157.3GiB
[gpu0-d2h-pageable-3145728] repetition 2/3 elapsed=31.4/35.0s MemAvailable=157.3GiB
[scenario 81/392] gpu0-d2h-pageable-3145728
[gpu0-d2h-pageable-3145728] repetition 3/3 elapsed=0.1/35.0s MemAvailable=157.5GiB
[gpu0-d2h-pageable-3145728] repetition 3/3 elapsed=5.3/35.0s MemAvailable=157.2GiB
[gpu0-d2h-pageable-3145728] repetition 3/3 elapsed=10.5/35.0s MemAvailable=157.2GiB
[gpu0-d2h-pageable-3145728] repetition 3/3 elapsed=15.8/35.0s MemAvailable=157.2GiB
[gpu0-d2h-pageable-3145728] repetition 3/3 elapsed=21.0/35.0s MemAvailable=157.3GiB
[gpu0-d2h-pageable-3145728] repetition 3/3 elapsed=26.2/35.0s MemAvailable=157.3GiB
[gpu0-d2h-pageable-3145728] repetition 3/3 elapsed=31.4/35.0s MemAvailable=157.3GiB
[scenario 82/392] gpu0-d2h-pageable-67108864
[gpu0-d2h-pageable-67108864] repetition 1/3 elapsed=0.1/35.0s MemAvailable=157.5GiB
[gpu0-d2h-pageable-67108864] repetition 1/3 elapsed=5.3/35.0s MemAvailable=157.2GiB
[gpu0-d2h-pageable-67108864] repetition 1/3 elapsed=10.6/35.0s MemAvailable=157.2GiB
[gpu0-d2h-pageable-67108864] repetition 1/3 elapsed=15.8/35.0s MemAvailable=157.3GiB
[gpu0-d2h-pageable-67108864] repetition 1/3 elapsed=21.0/35.0s MemAvailable=157.2GiB
[gpu0-d2h-pageable-67108864] repetition 1/3 elapsed=26.3/35.0s MemAvailable=157.3GiB
[gpu0-d2h-pageable-67108864] repetition 1/3 elapsed=31.5/35.0s MemAvailable=157.3GiB
[scenario 83/392] gpu0-d2h-pageable-67108864
[gpu0-d2h-pageable-67108864] repetition 2/3 elapsed=0.1/35.0s MemAvailable=157.6GiB
[gpu0-d2h-pageable-67108864] repetition 2/3 elapsed=5.3/35.0s MemAvailable=157.2GiB
[gpu0-d2h-pageable-67108864] repetition 2/3 elapsed=10.6/35.0s MemAvailable=157.2GiB
[gpu0-d2h-pageable-67108864] repetition 2/3 elapsed=15.8/35.0s MemAvailable=157.3GiB
[gpu0-d2h-pageable-67108864] repetition 2/3 elapsed=21.0/35.0s MemAvailable=157.3GiB
[gpu0-d2h-pageable-67108864] repetition 2/3 elapsed=26.3/35.0s MemAvailable=157.3GiB
[gpu0-d2h-pageable-67108864] repetition 2/3 elapsed=31.5/35.0s MemAvailable=157.3GiB
[scenario 84/392] gpu0-d2h-pageable-67108864
[gpu0-d2h-pageable-67108864] repetition 3/3 elapsed=0.1/35.0s MemAvailable=157.6GiB
[gpu0-d2h-pageable-67108864] repetition 3/3 elapsed=5.3/35.0s MemAvailable=157.2GiB
[gpu0-d2h-pageable-67108864] repetition 3/3 elapsed=10.5/35.0s MemAvailable=157.2GiB
[gpu0-d2h-pageable-67108864] repetition 3/3 elapsed=15.8/35.0s MemAvailable=157.2GiB
[gpu0-d2h-pageable-67108864] repetition 3/3 elapsed=21.0/35.0s MemAvailable=157.3GiB
[gpu0-d2h-pageable-67108864] repetition 3/3 elapsed=26.2/35.0s MemAvailable=157.2GiB
[gpu0-d2h-pageable-67108864] repetition 3/3 elapsed=31.4/35.0s MemAvailable=157.2GiB
[scenario 85/392] gpu0-d2h-pinned-4096
[gpu0-d2h-pinned-4096] repetition 1/3 elapsed=0.1/35.0s MemAvailable=157.5GiB
[gpu0-d2h-pinned-4096] repetition 1/3 elapsed=5.3/35.0s MemAvailable=157.2GiB
[gpu0-d2h-pinned-4096] repetition 1/3 elapsed=10.5/35.0s MemAvailable=157.2GiB
[gpu0-d2h-pinned-4096] repetition 1/3 elapsed=15.7/35.0s MemAvailable=157.2GiB
[gpu0-d2h-pinned-4096] repetition 1/3 elapsed=20.9/35.0s MemAvailable=157.3GiB
[gpu0-d2h-pinned-4096] repetition 1/3 elapsed=26.1/35.0s MemAvailable=157.3GiB
[gpu0-d2h-pinned-4096] repetition 1/3 elapsed=31.3/35.0s MemAvailable=157.2GiB
[scenario 86/392] gpu0-d2h-pinned-4096
[gpu0-d2h-pinned-4096] repetition 2/3 elapsed=0.1/35.0s MemAvailable=157.6GiB
[gpu0-d2h-pinned-4096] repetition 2/3 elapsed=5.3/35.0s MemAvailable=157.2GiB
[gpu0-d2h-pinned-4096] repetition 2/3 elapsed=10.5/35.0s MemAvailable=157.2GiB
[gpu0-d2h-pinned-4096] repetition 2/3 elapsed=15.7/35.0s MemAvailable=157.2GiB
[gpu0-d2h-pinned-4096] repetition 2/3 elapsed=20.9/35.0s MemAvailable=157.2GiB
[gpu0-d2h-pinned-4096] repetition 2/3 elapsed=26.1/35.0s MemAvailable=157.3GiB
[gpu0-d2h-pinned-4096] repetition 2/3 elapsed=31.3/35.0s MemAvailable=157.2GiB
[scenario 87/392] gpu0-d2h-pinned-4096
[gpu0-d2h-pinned-4096] repetition 3/3 elapsed=0.1/35.0s MemAvailable=157.6GiB
[gpu0-d2h-pinned-4096] repetition 3/3 elapsed=5.3/35.0s MemAvailable=157.1GiB
[gpu0-d2h-pinned-4096] repetition 3/3 elapsed=10.5/35.0s MemAvailable=157.1GiB
[gpu0-d2h-pinned-4096] repetition 3/3 elapsed=15.7/35.0s MemAvailable=157.2GiB
[gpu0-d2h-pinned-4096] repetition 3/3 elapsed=20.9/35.0s MemAvailable=157.3GiB
[gpu0-d2h-pinned-4096] repetition 3/3 elapsed=26.1/35.0s MemAvailable=157.2GiB
[gpu0-d2h-pinned-4096] repetition 3/3 elapsed=31.3/35.0s MemAvailable=157.3GiB
[scenario 88/392] gpu0-d2h-pinned-3145728
[gpu0-d2h-pinned-3145728] repetition 1/3 elapsed=0.1/75.0s MemAvailable=157.6GiB
[gpu0-d2h-pinned-3145728] repetition 1/3 elapsed=5.3/75.0s MemAvailable=157.2GiB
[gpu0-d2h-pinned-3145728] repetition 1/3 elapsed=10.5/75.0s MemAvailable=157.2GiB
[gpu0-d2h-pinned-3145728] repetition 1/3 elapsed=15.7/75.0s MemAvailable=157.3GiB
[gpu0-d2h-pinned-3145728] repetition 1/3 elapsed=20.9/75.0s MemAvailable=157.3GiB
[gpu0-d2h-pinned-3145728] repetition 1/3 elapsed=26.1/75.0s MemAvailable=157.3GiB
[gpu0-d2h-pinned-3145728] repetition 1/3 elapsed=31.3/75.0s MemAvailable=157.3GiB
[gpu0-d2h-pinned-3145728] repetition 1/3 elapsed=36.6/75.0s MemAvailable=157.3GiB
[gpu0-d2h-pinned-3145728] repetition 1/3 elapsed=41.8/75.0s MemAvailable=157.2GiB
[gpu0-d2h-pinned-3145728] repetition 1/3 elapsed=47.0/75.0s MemAvailable=157.2GiB
[gpu0-d2h-pinned-3145728] repetition 1/3 elapsed=52.2/75.0s MemAvailable=157.3GiB
[gpu0-d2h-pinned-3145728] repetition 1/3 elapsed=57.4/75.0s MemAvailable=157.3GiB
[gpu0-d2h-pinned-3145728] repetition 1/3 elapsed=62.6/75.0s MemAvailable=157.3GiB
[gpu0-d2h-pinned-3145728] repetition 1/3 elapsed=67.8/75.0s MemAvailable=157.3GiB
[gpu0-d2h-pinned-3145728] repetition 1/3 elapsed=73.0/75.0s MemAvailable=157.3GiB
[scenario 89/392] gpu0-d2h-pinned-3145728
[gpu0-d2h-pinned-3145728] repetition 2/3 elapsed=0.1/75.0s MemAvailable=157.6GiB
[gpu0-d2h-pinned-3145728] repetition 2/3 elapsed=5.3/75.0s MemAvailable=157.1GiB
[gpu0-d2h-pinned-3145728] repetition 2/3 elapsed=10.5/75.0s MemAvailable=157.2GiB
[gpu0-d2h-pinned-3145728] repetition 2/3 elapsed=15.7/75.0s MemAvailable=157.3GiB
[gpu0-d2h-pinned-3145728] repetition 2/3 elapsed=20.9/75.0s MemAvailable=157.3GiB
[gpu0-d2h-pinned-3145728] repetition 2/3 elapsed=26.1/75.0s MemAvailable=157.3GiB
[gpu0-d2h-pinned-3145728] repetition 2/3 elapsed=31.4/75.0s MemAvailable=157.3GiB
[gpu0-d2h-pinned-3145728] repetition 2/3 elapsed=36.6/75.0s MemAvailable=157.2GiB
[gpu0-d2h-pinned-3145728] repetition 2/3 elapsed=41.8/75.0s MemAvailable=157.2GiB
[gpu0-d2h-pinned-3145728] repetition 2/3 elapsed=47.0/75.0s MemAvailable=157.3GiB
[gpu0-d2h-pinned-3145728] repetition 2/3 elapsed=52.2/75.0s MemAvailable=157.3GiB
[gpu0-d2h-pinned-3145728] repetition 2/3 elapsed=57.4/75.0s MemAvailable=157.3GiB
[gpu0-d2h-pinned-3145728] repetition 2/3 elapsed=62.6/75.0s MemAvailable=157.3GiB
[gpu0-d2h-pinned-3145728] repetition 2/3 elapsed=67.8/75.0s MemAvailable=157.3GiB
[gpu0-d2h-pinned-3145728] repetition 2/3 elapsed=73.0/75.0s MemAvailable=157.3GiB
[scenario 90/392] gpu0-d2h-pinned-3145728
[gpu0-d2h-pinned-3145728] repetition 3/3 elapsed=0.1/75.0s MemAvailable=157.5GiB
[gpu0-d2h-pinned-3145728] repetition 3/3 elapsed=5.3/75.0s MemAvailable=157.2GiB
[gpu0-d2h-pinned-3145728] repetition 3/3 elapsed=10.5/75.0s MemAvailable=157.2GiB
[gpu0-d2h-pinned-3145728] repetition 3/3 elapsed=15.7/75.0s MemAvailable=157.2GiB
[gpu0-d2h-pinned-3145728] repetition 3/3 elapsed=20.9/75.0s MemAvailable=157.3GiB
[gpu0-d2h-pinned-3145728] repetition 3/3 elapsed=26.1/75.0s MemAvailable=157.3GiB
[gpu0-d2h-pinned-3145728] repetition 3/3 elapsed=31.3/75.0s MemAvailable=157.3GiB
[gpu0-d2h-pinned-3145728] repetition 3/3 elapsed=36.5/75.0s MemAvailable=157.3GiB
[gpu0-d2h-pinned-3145728] repetition 3/3 elapsed=41.8/75.0s MemAvailable=157.3GiB
[gpu0-d2h-pinned-3145728] repetition 3/3 elapsed=47.0/75.0s MemAvailable=157.2GiB
[gpu0-d2h-pinned-3145728] repetition 3/3 elapsed=52.2/75.0s MemAvailable=157.3GiB
[gpu0-d2h-pinned-3145728] repetition 3/3 elapsed=57.4/75.0s MemAvailable=157.2GiB
[gpu0-d2h-pinned-3145728] repetition 3/3 elapsed=62.6/75.0s MemAvailable=157.3GiB
[gpu0-d2h-pinned-3145728] repetition 3/3 elapsed=67.8/75.0s MemAvailable=157.3GiB
[gpu0-d2h-pinned-3145728] repetition 3/3 elapsed=73.0/75.0s MemAvailable=157.3GiB
[scenario 91/392] gpu0-d2h-pinned-67108864
[gpu0-d2h-pinned-67108864] repetition 1/3 elapsed=0.1/35.0s MemAvailable=157.6GiB
[gpu0-d2h-pinned-67108864] repetition 1/3 elapsed=5.3/35.0s MemAvailable=157.2GiB
[gpu0-d2h-pinned-67108864] repetition 1/3 elapsed=10.5/35.0s MemAvailable=157.2GiB
[gpu0-d2h-pinned-67108864] repetition 1/3 elapsed=15.7/35.0s MemAvailable=157.2GiB
[gpu0-d2h-pinned-67108864] repetition 1/3 elapsed=20.9/35.0s MemAvailable=157.2GiB
[gpu0-d2h-pinned-67108864] repetition 1/3 elapsed=26.1/35.0s MemAvailable=157.3GiB
[gpu0-d2h-pinned-67108864] repetition 1/3 elapsed=31.3/35.0s MemAvailable=157.2GiB
[scenario 92/392] gpu0-d2h-pinned-67108864
[gpu0-d2h-pinned-67108864] repetition 2/3 elapsed=0.1/35.0s MemAvailable=157.5GiB
[gpu0-d2h-pinned-67108864] repetition 2/3 elapsed=5.3/35.0s MemAvailable=157.2GiB
[gpu0-d2h-pinned-67108864] repetition 2/3 elapsed=10.5/35.0s MemAvailable=157.2GiB
[gpu0-d2h-pinned-67108864] repetition 2/3 elapsed=15.7/35.0s MemAvailable=157.3GiB
[gpu0-d2h-pinned-67108864] repetition 2/3 elapsed=21.0/35.0s MemAvailable=157.3GiB
[gpu0-d2h-pinned-67108864] repetition 2/3 elapsed=26.2/35.0s MemAvailable=157.3GiB
[gpu0-d2h-pinned-67108864] repetition 2/3 elapsed=31.4/35.0s MemAvailable=157.3GiB
[scenario 93/392] gpu0-d2h-pinned-67108864
[gpu0-d2h-pinned-67108864] repetition 3/3 elapsed=0.1/35.0s MemAvailable=157.6GiB
[gpu0-d2h-pinned-67108864] repetition 3/3 elapsed=5.3/35.0s MemAvailable=157.2GiB
[gpu0-d2h-pinned-67108864] repetition 3/3 elapsed=10.5/35.0s MemAvailable=157.2GiB
[gpu0-d2h-pinned-67108864] repetition 3/3 elapsed=15.7/35.0s MemAvailable=157.2GiB
[gpu0-d2h-pinned-67108864] repetition 3/3 elapsed=20.9/35.0s MemAvailable=157.3GiB
[gpu0-d2h-pinned-67108864] repetition 3/3 elapsed=26.1/35.0s MemAvailable=157.2GiB
[gpu0-d2h-pinned-67108864] repetition 3/3 elapsed=31.3/35.0s MemAvailable=157.3GiB
[scenario 94/392] gpu0-stage-expert
[gpu0-stage-expert] repetition 1/3 elapsed=0.1/35.0s MemAvailable=157.5GiB
[gpu0-stage-expert] repetition 1/3 elapsed=5.3/35.0s MemAvailable=157.0GiB
[gpu0-stage-expert] repetition 1/3 elapsed=10.5/35.0s MemAvailable=157.1GiB
[gpu0-stage-expert] repetition 1/3 elapsed=15.8/35.0s MemAvailable=157.1GiB
[gpu0-stage-expert] repetition 1/3 elapsed=21.0/35.0s MemAvailable=157.2GiB
[gpu0-stage-expert] repetition 1/3 elapsed=26.2/35.0s MemAvailable=157.2GiB
[gpu0-stage-expert] repetition 1/3 elapsed=31.4/35.0s MemAvailable=157.2GiB
[scenario 95/392] gpu0-stage-expert
[gpu0-stage-expert] repetition 2/3 elapsed=0.1/35.0s MemAvailable=157.5GiB
[gpu0-stage-expert] repetition 2/3 elapsed=5.3/35.0s MemAvailable=157.1GiB
[gpu0-stage-expert] repetition 2/3 elapsed=10.5/35.0s MemAvailable=157.1GiB
[gpu0-stage-expert] repetition 2/3 elapsed=15.8/35.0s MemAvailable=157.2GiB
[gpu0-stage-expert] repetition 2/3 elapsed=21.0/35.0s MemAvailable=157.2GiB
[gpu0-stage-expert] repetition 2/3 elapsed=26.2/35.0s MemAvailable=157.2GiB
[gpu0-stage-expert] repetition 2/3 elapsed=31.4/35.0s MemAvailable=157.2GiB
[scenario 96/392] gpu0-stage-expert
[gpu0-stage-expert] repetition 3/3 elapsed=0.1/35.0s MemAvailable=157.5GiB
[gpu0-stage-expert] repetition 3/3 elapsed=5.3/35.0s MemAvailable=157.1GiB
[gpu0-stage-expert] repetition 3/3 elapsed=10.5/35.0s MemAvailable=157.1GiB
[gpu0-stage-expert] repetition 3/3 elapsed=15.7/35.0s MemAvailable=157.2GiB
[gpu0-stage-expert] repetition 3/3 elapsed=21.0/35.0s MemAvailable=157.2GiB
[gpu0-stage-expert] repetition 3/3 elapsed=26.2/35.0s MemAvailable=157.2GiB
[gpu0-stage-expert] repetition 3/3 elapsed=31.4/35.0s MemAvailable=157.2GiB
[scenario 97/392] gpu0-pinned-double-bulk
[gpu0-pinned-double-bulk] repetition 1/3 elapsed=0.1/35.0s MemAvailable=157.6GiB
[gpu0-pinned-double-bulk] repetition 1/3 elapsed=5.3/35.0s MemAvailable=157.1GiB
[gpu0-pinned-double-bulk] repetition 1/3 elapsed=10.5/35.0s MemAvailable=157.1GiB
[gpu0-pinned-double-bulk] repetition 1/3 elapsed=15.7/35.0s MemAvailable=157.2GiB
[gpu0-pinned-double-bulk] repetition 1/3 elapsed=20.9/35.0s MemAvailable=157.2GiB
[gpu0-pinned-double-bulk] repetition 1/3 elapsed=26.1/35.0s MemAvailable=157.2GiB
[gpu0-pinned-double-bulk] repetition 1/3 elapsed=31.3/35.0s MemAvailable=157.2GiB
[scenario 98/392] gpu0-pinned-double-bulk
[gpu0-pinned-double-bulk] repetition 2/3 elapsed=0.1/35.0s MemAvailable=157.6GiB
[gpu0-pinned-double-bulk] repetition 2/3 elapsed=5.3/35.0s MemAvailable=157.1GiB
[gpu0-pinned-double-bulk] repetition 2/3 elapsed=10.5/35.0s MemAvailable=157.1GiB
[gpu0-pinned-double-bulk] repetition 2/3 elapsed=15.7/35.0s MemAvailable=157.2GiB
[gpu0-pinned-double-bulk] repetition 2/3 elapsed=20.9/35.0s MemAvailable=157.2GiB
[gpu0-pinned-double-bulk] repetition 2/3 elapsed=26.2/35.0s MemAvailable=157.2GiB
[gpu0-pinned-double-bulk] repetition 2/3 elapsed=31.4/35.0s MemAvailable=157.2GiB
[scenario 99/392] gpu0-pinned-double-bulk
[gpu0-pinned-double-bulk] repetition 3/3 elapsed=0.1/35.0s MemAvailable=157.6GiB
[gpu0-pinned-double-bulk] repetition 3/3 elapsed=5.3/35.0s MemAvailable=157.1GiB
[gpu0-pinned-double-bulk] repetition 3/3 elapsed=10.5/35.0s MemAvailable=157.1GiB
[gpu0-pinned-double-bulk] repetition 3/3 elapsed=15.7/35.0s MemAvailable=157.2GiB
[gpu0-pinned-double-bulk] repetition 3/3 elapsed=20.9/35.0s MemAvailable=157.2GiB
[gpu0-pinned-double-bulk] repetition 3/3 elapsed=26.1/35.0s MemAvailable=157.2GiB
[gpu0-pinned-double-bulk] repetition 3/3 elapsed=31.4/35.0s MemAvailable=157.2GiB
[scenario 100/392] gpu0-registration
[gpu0-registration] repetition 1/3 elapsed=0.1/35.0s MemAvailable=157.6GiB
[gpu0-registration] repetition 1/3 elapsed=5.3/35.0s MemAvailable=157.1GiB
[gpu0-registration] repetition 1/3 elapsed=10.6/35.0s MemAvailable=157.1GiB
[gpu0-registration] repetition 1/3 elapsed=15.8/35.0s MemAvailable=157.1GiB
[gpu0-registration] repetition 1/3 elapsed=21.0/35.0s MemAvailable=157.0GiB
[gpu0-registration] repetition 1/3 elapsed=26.3/35.0s MemAvailable=157.0GiB
[gpu0-registration] repetition 1/3 elapsed=31.5/35.0s MemAvailable=157.0GiB
[scenario 101/392] gpu0-registration
[gpu0-registration] repetition 2/3 elapsed=0.1/35.0s MemAvailable=157.4GiB
[gpu0-registration] repetition 2/3 elapsed=5.3/35.0s MemAvailable=156.9GiB
[gpu0-registration] repetition 2/3 elapsed=10.6/35.0s MemAvailable=156.9GiB
[gpu0-registration] repetition 2/3 elapsed=15.8/35.0s MemAvailable=157.0GiB
[gpu0-registration] repetition 2/3 elapsed=21.1/35.0s MemAvailable=157.0GiB
[gpu0-registration] repetition 2/3 elapsed=26.3/35.0s MemAvailable=157.0GiB
[gpu0-registration] repetition 2/3 elapsed=31.6/35.0s MemAvailable=157.0GiB
[scenario 102/392] gpu0-registration
[gpu0-registration] repetition 3/3 elapsed=0.1/35.0s MemAvailable=157.4GiB
[gpu0-registration] repetition 3/3 elapsed=5.3/35.0s MemAvailable=156.9GiB
[gpu0-registration] repetition 3/3 elapsed=10.6/35.0s MemAvailable=156.9GiB
[gpu0-registration] repetition 3/3 elapsed=15.8/35.0s MemAvailable=156.9GiB
[gpu0-registration] repetition 3/3 elapsed=21.0/35.0s MemAvailable=156.9GiB
[gpu0-registration] repetition 3/3 elapsed=26.3/35.0s MemAvailable=156.9GiB
[gpu0-registration] repetition 3/3 elapsed=31.5/35.0s MemAvailable=156.8GiB
[scenario 103/392] gpu0-mapped-coalesced
[gpu0-mapped-coalesced] repetition 1/3 elapsed=0.1/35.0s MemAvailable=157.2GiB
[gpu0-mapped-coalesced] repetition 1/3 elapsed=6.0/35.0s MemAvailable=156.0GiB
[gpu0-mapped-coalesced] repetition 1/3 elapsed=11.5/35.0s MemAvailable=156.2GiB
[gpu0-mapped-coalesced] repetition 1/3 elapsed=17.1/35.0s MemAvailable=156.3GiB
[gpu0-mapped-coalesced] repetition 1/3 elapsed=22.7/35.0s MemAvailable=156.4GiB
[gpu0-mapped-coalesced] repetition 1/3 elapsed=28.2/35.0s MemAvailable=156.5GiB
[gpu0-mapped-coalesced] repetition 1/3 elapsed=33.7/35.0s MemAvailable=156.6GiB
[scenario 104/392] gpu0-mapped-coalesced
[gpu0-mapped-coalesced] repetition 2/3 elapsed=0.1/35.0s MemAvailable=156.9GiB
[gpu0-mapped-coalesced] repetition 2/3 elapsed=5.6/35.0s MemAvailable=155.7GiB
[gpu0-mapped-coalesced] repetition 2/3 elapsed=11.5/35.0s MemAvailable=155.9GiB
[gpu0-mapped-coalesced] repetition 2/3 elapsed=17.1/35.0s MemAvailable=156.0GiB
[gpu0-mapped-coalesced] repetition 2/3 elapsed=22.6/35.0s MemAvailable=156.2GiB
[gpu0-mapped-coalesced] repetition 2/3 elapsed=28.3/35.0s MemAvailable=156.3GiB
[gpu0-mapped-coalesced] repetition 2/3 elapsed=33.9/35.0s MemAvailable=156.5GiB
[scenario 105/392] gpu0-mapped-coalesced
[gpu0-mapped-coalesced] repetition 3/3 elapsed=0.1/35.0s MemAvailable=157.1GiB
[gpu0-mapped-coalesced] repetition 3/3 elapsed=5.6/35.0s MemAvailable=155.9GiB
[gpu0-mapped-coalesced] repetition 3/3 elapsed=11.1/35.0s MemAvailable=156.0GiB
[gpu0-mapped-coalesced] repetition 3/3 elapsed=16.9/35.0s MemAvailable=156.1GiB
[gpu0-mapped-coalesced] repetition 3/3 elapsed=22.5/35.0s MemAvailable=156.1GiB
[gpu0-mapped-coalesced] repetition 3/3 elapsed=28.0/35.0s MemAvailable=156.2GiB
[gpu0-mapped-coalesced] repetition 3/3 elapsed=33.7/35.0s MemAvailable=156.4GiB
[scenario 106/392] gpu0-mapped-scatter
[gpu0-mapped-scatter] repetition 1/3 elapsed=0.1/35.0s MemAvailable=157.0GiB
[gpu0-mapped-scatter] repetition 1/3 elapsed=5.6/35.0s MemAvailable=155.8GiB
[gpu0-mapped-scatter] repetition 1/3 elapsed=11.1/35.0s MemAvailable=155.9GiB
[gpu0-mapped-scatter] repetition 1/3 elapsed=16.5/35.0s MemAvailable=156.0GiB
[gpu0-mapped-scatter] repetition 1/3 elapsed=22.0/35.0s MemAvailable=156.1GiB
[gpu0-mapped-scatter] repetition 1/3 elapsed=27.6/35.0s MemAvailable=156.3GiB
[gpu0-mapped-scatter] repetition 1/3 elapsed=33.0/35.0s MemAvailable=156.3GiB
[scenario 107/392] gpu0-mapped-scatter
[gpu0-mapped-scatter] repetition 2/3 elapsed=0.1/35.0s MemAvailable=157.0GiB
[gpu0-mapped-scatter] repetition 2/3 elapsed=5.5/35.0s MemAvailable=155.8GiB
[gpu0-mapped-scatter] repetition 2/3 elapsed=11.0/35.0s MemAvailable=155.9GiB
[gpu0-mapped-scatter] repetition 2/3 elapsed=16.4/35.0s MemAvailable=156.0GiB
[gpu0-mapped-scatter] repetition 2/3 elapsed=21.8/35.0s MemAvailable=156.1GiB
[gpu0-mapped-scatter] repetition 2/3 elapsed=27.4/35.0s MemAvailable=156.2GiB
[gpu0-mapped-scatter] repetition 2/3 elapsed=32.8/35.0s MemAvailable=156.3GiB
[scenario 108/392] gpu0-mapped-scatter
[gpu0-mapped-scatter] repetition 3/3 elapsed=0.1/35.0s MemAvailable=156.9GiB
[gpu0-mapped-scatter] repetition 3/3 elapsed=5.5/35.0s MemAvailable=156.1GiB
[gpu0-mapped-scatter] repetition 3/3 elapsed=10.9/35.0s MemAvailable=156.2GiB
[gpu0-mapped-scatter] repetition 3/3 elapsed=16.5/35.0s MemAvailable=156.2GiB
[gpu0-mapped-scatter] repetition 3/3 elapsed=21.9/35.0s MemAvailable=156.3GiB
[gpu0-mapped-scatter] repetition 3/3 elapsed=27.3/35.0s MemAvailable=156.4GiB
[gpu0-mapped-scatter] repetition 3/3 elapsed=32.8/35.0s MemAvailable=156.4GiB
[scenario 109/392] gpu1-h2d-pageable-4096
[gpu1-h2d-pageable-4096] repetition 1/3 elapsed=0.1/35.0s MemAvailable=157.1GiB
[gpu1-h2d-pageable-4096] repetition 1/3 elapsed=5.3/35.0s MemAvailable=156.8GiB
[gpu1-h2d-pageable-4096] repetition 1/3 elapsed=10.5/35.0s MemAvailable=156.9GiB
[gpu1-h2d-pageable-4096] repetition 1/3 elapsed=15.7/35.0s MemAvailable=156.9GiB
[gpu1-h2d-pageable-4096] repetition 1/3 elapsed=20.9/35.0s MemAvailable=157.0GiB
[gpu1-h2d-pageable-4096] repetition 1/3 elapsed=26.1/35.0s MemAvailable=157.2GiB
[gpu1-h2d-pageable-4096] repetition 1/3 elapsed=31.3/35.0s MemAvailable=157.3GiB
[scenario 110/392] gpu1-h2d-pageable-4096
[gpu1-h2d-pageable-4096] repetition 2/3 elapsed=0.1/35.0s MemAvailable=157.5GiB
[gpu1-h2d-pageable-4096] repetition 2/3 elapsed=5.3/35.0s MemAvailable=157.1GiB
[gpu1-h2d-pageable-4096] repetition 2/3 elapsed=10.5/35.0s MemAvailable=157.2GiB
[gpu1-h2d-pageable-4096] repetition 2/3 elapsed=15.7/35.0s MemAvailable=157.2GiB
[gpu1-h2d-pageable-4096] repetition 2/3 elapsed=20.9/35.0s MemAvailable=157.2GiB
[gpu1-h2d-pageable-4096] repetition 2/3 elapsed=26.1/35.0s MemAvailable=157.3GiB
[gpu1-h2d-pageable-4096] repetition 2/3 elapsed=31.4/35.0s MemAvailable=157.2GiB
[scenario 111/392] gpu1-h2d-pageable-4096
[gpu1-h2d-pageable-4096] repetition 3/3 elapsed=0.1/35.0s MemAvailable=157.6GiB
[gpu1-h2d-pageable-4096] repetition 3/3 elapsed=5.3/35.0s MemAvailable=157.2GiB
[gpu1-h2d-pageable-4096] repetition 3/3 elapsed=10.5/35.0s MemAvailable=157.2GiB
[gpu1-h2d-pageable-4096] repetition 3/3 elapsed=15.7/35.0s MemAvailable=157.3GiB
[gpu1-h2d-pageable-4096] repetition 3/3 elapsed=20.9/35.0s MemAvailable=157.2GiB
[gpu1-h2d-pageable-4096] repetition 3/3 elapsed=26.1/35.0s MemAvailable=157.3GiB
[gpu1-h2d-pageable-4096] repetition 3/3 elapsed=31.3/35.0s MemAvailable=157.3GiB
[scenario 112/392] gpu1-h2d-pageable-3145728
[gpu1-h2d-pageable-3145728] repetition 1/3 elapsed=0.1/35.0s MemAvailable=157.5GiB
[gpu1-h2d-pageable-3145728] repetition 1/3 elapsed=5.3/35.0s MemAvailable=157.2GiB
[gpu1-h2d-pageable-3145728] repetition 1/3 elapsed=10.5/35.0s MemAvailable=157.2GiB
[gpu1-h2d-pageable-3145728] repetition 1/3 elapsed=15.8/35.0s MemAvailable=157.2GiB
[gpu1-h2d-pageable-3145728] repetition 1/3 elapsed=21.0/35.0s MemAvailable=157.2GiB
[gpu1-h2d-pageable-3145728] repetition 1/3 elapsed=26.3/35.0s MemAvailable=157.3GiB
[gpu1-h2d-pageable-3145728] repetition 1/3 elapsed=31.5/35.0s MemAvailable=157.3GiB
[scenario 113/392] gpu1-h2d-pageable-3145728
[gpu1-h2d-pageable-3145728] repetition 2/3 elapsed=0.1/35.0s MemAvailable=157.6GiB
[gpu1-h2d-pageable-3145728] repetition 2/3 elapsed=5.3/35.0s MemAvailable=157.2GiB
[gpu1-h2d-pageable-3145728] repetition 2/3 elapsed=10.5/35.0s MemAvailable=157.2GiB
[gpu1-h2d-pageable-3145728] repetition 2/3 elapsed=15.8/35.0s MemAvailable=157.3GiB
[gpu1-h2d-pageable-3145728] repetition 2/3 elapsed=21.0/35.0s MemAvailable=157.3GiB
[gpu1-h2d-pageable-3145728] repetition 2/3 elapsed=26.3/35.0s MemAvailable=157.3GiB
[gpu1-h2d-pageable-3145728] repetition 2/3 elapsed=31.5/35.0s MemAvailable=157.2GiB
[scenario 114/392] gpu1-h2d-pageable-3145728
[gpu1-h2d-pageable-3145728] repetition 3/3 elapsed=0.1/35.0s MemAvailable=157.6GiB
[gpu1-h2d-pageable-3145728] repetition 3/3 elapsed=5.3/35.0s MemAvailable=157.2GiB
[gpu1-h2d-pageable-3145728] repetition 3/3 elapsed=10.6/35.0s MemAvailable=157.2GiB
[gpu1-h2d-pageable-3145728] repetition 3/3 elapsed=15.8/35.0s MemAvailable=157.3GiB
[gpu1-h2d-pageable-3145728] repetition 3/3 elapsed=21.0/35.0s MemAvailable=157.3GiB
[gpu1-h2d-pageable-3145728] repetition 3/3 elapsed=26.3/35.0s MemAvailable=157.3GiB
[gpu1-h2d-pageable-3145728] repetition 3/3 elapsed=31.5/35.0s MemAvailable=157.3GiB
[scenario 115/392] gpu1-h2d-pageable-67108864
[gpu1-h2d-pageable-67108864] repetition 1/3 elapsed=0.1/35.0s MemAvailable=157.6GiB
[gpu1-h2d-pageable-67108864] repetition 1/3 elapsed=5.3/35.0s MemAvailable=157.2GiB
[gpu1-h2d-pageable-67108864] repetition 1/3 elapsed=10.6/35.0s MemAvailable=157.2GiB
[gpu1-h2d-pageable-67108864] repetition 1/3 elapsed=15.8/35.0s MemAvailable=157.2GiB
[gpu1-h2d-pageable-67108864] repetition 1/3 elapsed=21.0/35.0s MemAvailable=157.3GiB
[gpu1-h2d-pageable-67108864] repetition 1/3 elapsed=26.3/35.0s MemAvailable=157.2GiB
[gpu1-h2d-pageable-67108864] repetition 1/3 elapsed=31.5/35.0s MemAvailable=157.3GiB
[scenario 116/392] gpu1-h2d-pageable-67108864
[gpu1-h2d-pageable-67108864] repetition 2/3 elapsed=0.1/35.0s MemAvailable=157.5GiB
[gpu1-h2d-pageable-67108864] repetition 2/3 elapsed=5.3/35.0s MemAvailable=157.2GiB
[gpu1-h2d-pageable-67108864] repetition 2/3 elapsed=10.6/35.0s MemAvailable=157.2GiB
[gpu1-h2d-pageable-67108864] repetition 2/3 elapsed=15.8/35.0s MemAvailable=157.2GiB
[gpu1-h2d-pageable-67108864] repetition 2/3 elapsed=21.0/35.0s MemAvailable=157.2GiB
[gpu1-h2d-pageable-67108864] repetition 2/3 elapsed=26.3/35.0s MemAvailable=157.2GiB
[gpu1-h2d-pageable-67108864] repetition 2/3 elapsed=31.5/35.0s MemAvailable=157.2GiB
[scenario 117/392] gpu1-h2d-pageable-67108864
[gpu1-h2d-pageable-67108864] repetition 3/3 elapsed=0.1/35.0s MemAvailable=157.4GiB
[gpu1-h2d-pageable-67108864] repetition 3/3 elapsed=5.3/35.0s MemAvailable=157.2GiB
[gpu1-h2d-pageable-67108864] repetition 3/3 elapsed=10.6/35.0s MemAvailable=157.2GiB
[gpu1-h2d-pageable-67108864] repetition 3/3 elapsed=15.8/35.0s MemAvailable=157.2GiB
[gpu1-h2d-pageable-67108864] repetition 3/3 elapsed=21.1/35.0s MemAvailable=157.2GiB
[gpu1-h2d-pageable-67108864] repetition 3/3 elapsed=26.3/35.0s MemAvailable=157.3GiB
[gpu1-h2d-pageable-67108864] repetition 3/3 elapsed=31.6/35.0s MemAvailable=157.3GiB
[scenario 118/392] gpu1-h2d-pinned-4096
[gpu1-h2d-pinned-4096] repetition 1/3 elapsed=0.1/35.0s MemAvailable=157.5GiB
[gpu1-h2d-pinned-4096] repetition 1/3 elapsed=5.3/35.0s MemAvailable=157.2GiB
[gpu1-h2d-pinned-4096] repetition 1/3 elapsed=10.5/35.0s MemAvailable=157.2GiB
[gpu1-h2d-pinned-4096] repetition 1/3 elapsed=15.7/35.0s MemAvailable=157.2GiB
[gpu1-h2d-pinned-4096] repetition 1/3 elapsed=20.9/35.0s MemAvailable=157.2GiB
[gpu1-h2d-pinned-4096] repetition 1/3 elapsed=26.1/35.0s MemAvailable=157.2GiB
[gpu1-h2d-pinned-4096] repetition 1/3 elapsed=31.4/35.0s MemAvailable=157.2GiB
[scenario 119/392] gpu1-h2d-pinned-4096
[gpu1-h2d-pinned-4096] repetition 2/3 elapsed=0.1/35.0s MemAvailable=157.6GiB
[gpu1-h2d-pinned-4096] repetition 2/3 elapsed=5.3/35.0s MemAvailable=157.2GiB
[gpu1-h2d-pinned-4096] repetition 2/3 elapsed=10.5/35.0s MemAvailable=157.2GiB
[gpu1-h2d-pinned-4096] repetition 2/3 elapsed=15.7/35.0s MemAvailable=157.2GiB
[gpu1-h2d-pinned-4096] repetition 2/3 elapsed=20.9/35.0s MemAvailable=157.2GiB
[gpu1-h2d-pinned-4096] repetition 2/3 elapsed=26.1/35.0s MemAvailable=157.3GiB
[gpu1-h2d-pinned-4096] repetition 2/3 elapsed=31.3/35.0s MemAvailable=157.3GiB
[scenario 120/392] gpu1-h2d-pinned-4096
[gpu1-h2d-pinned-4096] repetition 3/3 elapsed=0.1/35.0s MemAvailable=157.6GiB
[gpu1-h2d-pinned-4096] repetition 3/3 elapsed=5.3/35.0s MemAvailable=157.1GiB
[gpu1-h2d-pinned-4096] repetition 3/3 elapsed=10.5/35.0s MemAvailable=157.2GiB
[gpu1-h2d-pinned-4096] repetition 3/3 elapsed=15.7/35.0s MemAvailable=157.2GiB
[gpu1-h2d-pinned-4096] repetition 3/3 elapsed=20.9/35.0s MemAvailable=157.2GiB
[gpu1-h2d-pinned-4096] repetition 3/3 elapsed=26.1/35.0s MemAvailable=157.2GiB
[gpu1-h2d-pinned-4096] repetition 3/3 elapsed=31.3/35.0s MemAvailable=157.2GiB
[scenario 121/392] gpu1-h2d-pinned-3145728
[gpu1-h2d-pinned-3145728] repetition 1/3 elapsed=0.1/75.0s MemAvailable=157.6GiB
[gpu1-h2d-pinned-3145728] repetition 1/3 elapsed=5.3/75.0s MemAvailable=157.0GiB
[gpu1-h2d-pinned-3145728] repetition 1/3 elapsed=10.5/75.0s MemAvailable=157.0GiB
[gpu1-h2d-pinned-3145728] repetition 1/3 elapsed=15.7/75.0s MemAvailable=157.1GiB
[gpu1-h2d-pinned-3145728] repetition 1/3 elapsed=20.9/75.0s MemAvailable=157.2GiB
[gpu1-h2d-pinned-3145728] repetition 1/3 elapsed=26.1/75.0s MemAvailable=157.2GiB
[gpu1-h2d-pinned-3145728] repetition 1/3 elapsed=31.3/75.0s MemAvailable=157.2GiB
[gpu1-h2d-pinned-3145728] repetition 1/3 elapsed=36.5/75.0s MemAvailable=157.3GiB
[gpu1-h2d-pinned-3145728] repetition 1/3 elapsed=41.8/75.0s MemAvailable=157.3GiB
[gpu1-h2d-pinned-3145728] repetition 1/3 elapsed=47.0/75.0s MemAvailable=157.3GiB
[gpu1-h2d-pinned-3145728] repetition 1/3 elapsed=52.2/75.0s MemAvailable=157.3GiB
[gpu1-h2d-pinned-3145728] repetition 1/3 elapsed=57.4/75.0s MemAvailable=157.3GiB
[gpu1-h2d-pinned-3145728] repetition 1/3 elapsed=62.6/75.0s MemAvailable=157.2GiB
[gpu1-h2d-pinned-3145728] repetition 1/3 elapsed=67.8/75.0s MemAvailable=157.2GiB
[gpu1-h2d-pinned-3145728] repetition 1/3 elapsed=73.0/75.0s MemAvailable=157.3GiB
[scenario 122/392] gpu1-h2d-pinned-3145728
[gpu1-h2d-pinned-3145728] repetition 2/3 elapsed=0.1/75.0s MemAvailable=157.6GiB
[gpu1-h2d-pinned-3145728] repetition 2/3 elapsed=5.3/75.0s MemAvailable=157.3GiB
[gpu1-h2d-pinned-3145728] repetition 2/3 elapsed=10.5/75.0s MemAvailable=157.3GiB
[gpu1-h2d-pinned-3145728] repetition 2/3 elapsed=15.7/75.0s MemAvailable=157.2GiB
[gpu1-h2d-pinned-3145728] repetition 2/3 elapsed=20.9/75.0s MemAvailable=157.3GiB
[gpu1-h2d-pinned-3145728] repetition 2/3 elapsed=26.1/75.0s MemAvailable=157.2GiB
[gpu1-h2d-pinned-3145728] repetition 2/3 elapsed=31.3/75.0s MemAvailable=157.2GiB
[gpu1-h2d-pinned-3145728] repetition 2/3 elapsed=36.6/75.0s MemAvailable=157.3GiB
[gpu1-h2d-pinned-3145728] repetition 2/3 elapsed=41.8/75.0s MemAvailable=157.3GiB
[gpu1-h2d-pinned-3145728] repetition 2/3 elapsed=47.0/75.0s MemAvailable=157.3GiB
[gpu1-h2d-pinned-3145728] repetition 2/3 elapsed=52.2/75.0s MemAvailable=157.2GiB
[gpu1-h2d-pinned-3145728] repetition 2/3 elapsed=57.4/75.0s MemAvailable=157.3GiB
[gpu1-h2d-pinned-3145728] repetition 2/3 elapsed=62.6/75.0s MemAvailable=157.3GiB
[gpu1-h2d-pinned-3145728] repetition 2/3 elapsed=67.8/75.0s MemAvailable=157.3GiB
[gpu1-h2d-pinned-3145728] repetition 2/3 elapsed=73.0/75.0s MemAvailable=157.3GiB
[scenario 123/392] gpu1-h2d-pinned-3145728
[gpu1-h2d-pinned-3145728] repetition 3/3 elapsed=0.1/75.0s MemAvailable=157.5GiB
[gpu1-h2d-pinned-3145728] repetition 3/3 elapsed=5.3/75.0s MemAvailable=157.2GiB
[gpu1-h2d-pinned-3145728] repetition 3/3 elapsed=10.5/75.0s MemAvailable=157.2GiB
[gpu1-h2d-pinned-3145728] repetition 3/3 elapsed=15.7/75.0s MemAvailable=157.2GiB
[gpu1-h2d-pinned-3145728] repetition 3/3 elapsed=20.9/75.0s MemAvailable=157.3GiB
[gpu1-h2d-pinned-3145728] repetition 3/3 elapsed=26.1/75.0s MemAvailable=157.3GiB
[gpu1-h2d-pinned-3145728] repetition 3/3 elapsed=31.4/75.0s MemAvailable=157.3GiB
[gpu1-h2d-pinned-3145728] repetition 3/3 elapsed=36.6/75.0s MemAvailable=157.3GiB
[gpu1-h2d-pinned-3145728] repetition 3/3 elapsed=41.8/75.0s MemAvailable=157.3GiB
[gpu1-h2d-pinned-3145728] repetition 3/3 elapsed=47.0/75.0s MemAvailable=157.2GiB
[gpu1-h2d-pinned-3145728] repetition 3/3 elapsed=52.2/75.0s MemAvailable=157.3GiB
[gpu1-h2d-pinned-3145728] repetition 3/3 elapsed=57.4/75.0s MemAvailable=157.3GiB
[gpu1-h2d-pinned-3145728] repetition 3/3 elapsed=62.6/75.0s MemAvailable=157.2GiB
[gpu1-h2d-pinned-3145728] repetition 3/3 elapsed=67.8/75.0s MemAvailable=157.3GiB
[gpu1-h2d-pinned-3145728] repetition 3/3 elapsed=73.1/75.0s MemAvailable=157.3GiB
[scenario 124/392] gpu1-h2d-pinned-67108864
[gpu1-h2d-pinned-67108864] repetition 1/3 elapsed=0.1/35.0s MemAvailable=157.6GiB
[gpu1-h2d-pinned-67108864] repetition 1/3 elapsed=5.3/35.0s MemAvailable=157.2GiB
[gpu1-h2d-pinned-67108864] repetition 1/3 elapsed=10.5/35.0s MemAvailable=157.2GiB
[gpu1-h2d-pinned-67108864] repetition 1/3 elapsed=15.7/35.0s MemAvailable=157.2GiB
[gpu1-h2d-pinned-67108864] repetition 1/3 elapsed=20.9/35.0s MemAvailable=157.2GiB
[gpu1-h2d-pinned-67108864] repetition 1/3 elapsed=26.1/35.0s MemAvailable=157.2GiB
[gpu1-h2d-pinned-67108864] repetition 1/3 elapsed=31.3/35.0s MemAvailable=157.2GiB
[scenario 125/392] gpu1-h2d-pinned-67108864
[gpu1-h2d-pinned-67108864] repetition 2/3 elapsed=0.1/35.0s MemAvailable=157.6GiB
[gpu1-h2d-pinned-67108864] repetition 2/3 elapsed=5.3/35.0s MemAvailable=157.2GiB
[gpu1-h2d-pinned-67108864] repetition 2/3 elapsed=10.5/35.0s MemAvailable=157.2GiB
[gpu1-h2d-pinned-67108864] repetition 2/3 elapsed=15.7/35.0s MemAvailable=157.2GiB
[gpu1-h2d-pinned-67108864] repetition 2/3 elapsed=20.9/35.0s MemAvailable=157.3GiB
[gpu1-h2d-pinned-67108864] repetition 2/3 elapsed=26.1/35.0s MemAvailable=157.3GiB
[gpu1-h2d-pinned-67108864] repetition 2/3 elapsed=31.3/35.0s MemAvailable=157.2GiB
[scenario 126/392] gpu1-h2d-pinned-67108864
[gpu1-h2d-pinned-67108864] repetition 3/3 elapsed=0.1/35.0s MemAvailable=157.5GiB
[gpu1-h2d-pinned-67108864] repetition 3/3 elapsed=5.3/35.0s MemAvailable=157.2GiB
[gpu1-h2d-pinned-67108864] repetition 3/3 elapsed=10.5/35.0s MemAvailable=157.2GiB
[gpu1-h2d-pinned-67108864] repetition 3/3 elapsed=15.7/35.0s MemAvailable=157.2GiB
[gpu1-h2d-pinned-67108864] repetition 3/3 elapsed=20.9/35.0s MemAvailable=157.2GiB
[gpu1-h2d-pinned-67108864] repetition 3/3 elapsed=26.2/35.0s MemAvailable=157.3GiB
[gpu1-h2d-pinned-67108864] repetition 3/3 elapsed=31.4/35.0s MemAvailable=157.3GiB
[scenario 127/392] gpu1-d2h-pageable-4096
[gpu1-d2h-pageable-4096] repetition 1/3 elapsed=0.1/35.0s MemAvailable=157.6GiB
[gpu1-d2h-pageable-4096] repetition 1/3 elapsed=5.3/35.0s MemAvailable=157.2GiB
[gpu1-d2h-pageable-4096] repetition 1/3 elapsed=10.5/35.0s MemAvailable=157.2GiB
[gpu1-d2h-pageable-4096] repetition 1/3 elapsed=15.7/35.0s MemAvailable=157.2GiB
[gpu1-d2h-pageable-4096] repetition 1/3 elapsed=20.9/35.0s MemAvailable=157.2GiB
[gpu1-d2h-pageable-4096] repetition 1/3 elapsed=26.1/35.0s MemAvailable=157.2GiB
[gpu1-d2h-pageable-4096] repetition 1/3 elapsed=31.3/35.0s MemAvailable=157.2GiB
[scenario 128/392] gpu1-d2h-pageable-4096
[gpu1-d2h-pageable-4096] repetition 2/3 elapsed=0.1/35.0s MemAvailable=157.6GiB
[gpu1-d2h-pageable-4096] repetition 2/3 elapsed=5.3/35.0s MemAvailable=157.2GiB
[gpu1-d2h-pageable-4096] repetition 2/3 elapsed=10.5/35.0s MemAvailable=157.2GiB
[gpu1-d2h-pageable-4096] repetition 2/3 elapsed=15.7/35.0s MemAvailable=157.3GiB
[gpu1-d2h-pageable-4096] repetition 2/3 elapsed=20.9/35.0s MemAvailable=157.3GiB
[gpu1-d2h-pageable-4096] repetition 2/3 elapsed=26.1/35.0s MemAvailable=157.3GiB
[gpu1-d2h-pageable-4096] repetition 2/3 elapsed=31.3/35.0s MemAvailable=157.3GiB
[scenario 129/392] gpu1-d2h-pageable-4096
[gpu1-d2h-pageable-4096] repetition 3/3 elapsed=0.1/35.0s MemAvailable=157.6GiB
[gpu1-d2h-pageable-4096] repetition 3/3 elapsed=5.3/35.0s MemAvailable=157.2GiB
[gpu1-d2h-pageable-4096] repetition 3/3 elapsed=10.5/35.0s MemAvailable=157.2GiB
[gpu1-d2h-pageable-4096] repetition 3/3 elapsed=15.7/35.0s MemAvailable=157.2GiB
[gpu1-d2h-pageable-4096] repetition 3/3 elapsed=20.9/35.0s MemAvailable=157.2GiB
[gpu1-d2h-pageable-4096] repetition 3/3 elapsed=26.1/35.0s MemAvailable=157.3GiB
[gpu1-d2h-pageable-4096] repetition 3/3 elapsed=31.3/35.0s MemAvailable=157.3GiB
[scenario 130/392] gpu1-d2h-pageable-3145728
[gpu1-d2h-pageable-3145728] repetition 1/3 elapsed=0.1/35.0s MemAvailable=157.5GiB
[gpu1-d2h-pageable-3145728] repetition 1/3 elapsed=5.3/35.0s MemAvailable=157.2GiB
[gpu1-d2h-pageable-3145728] repetition 1/3 elapsed=10.5/35.0s MemAvailable=157.2GiB
[gpu1-d2h-pageable-3145728] repetition 1/3 elapsed=15.8/35.0s MemAvailable=157.2GiB
[gpu1-d2h-pageable-3145728] repetition 1/3 elapsed=21.0/35.0s MemAvailable=157.3GiB
[gpu1-d2h-pageable-3145728] repetition 1/3 elapsed=26.2/35.0s MemAvailable=157.3GiB
[gpu1-d2h-pageable-3145728] repetition 1/3 elapsed=31.4/35.0s MemAvailable=157.3GiB
[scenario 131/392] gpu1-d2h-pageable-3145728
[gpu1-d2h-pageable-3145728] repetition 2/3 elapsed=0.1/35.0s MemAvailable=157.6GiB
[gpu1-d2h-pageable-3145728] repetition 2/3 elapsed=5.3/35.0s MemAvailable=157.1GiB
[gpu1-d2h-pageable-3145728] repetition 2/3 elapsed=10.5/35.0s MemAvailable=157.2GiB
[gpu1-d2h-pageable-3145728] repetition 2/3 elapsed=15.7/35.0s MemAvailable=157.2GiB
[gpu1-d2h-pageable-3145728] repetition 2/3 elapsed=21.0/35.0s MemAvailable=157.2GiB
[gpu1-d2h-pageable-3145728] repetition 2/3 elapsed=26.2/35.0s MemAvailable=157.2GiB
[gpu1-d2h-pageable-3145728] repetition 2/3 elapsed=31.4/35.0s MemAvailable=157.2GiB
[scenario 132/392] gpu1-d2h-pageable-3145728
[gpu1-d2h-pageable-3145728] repetition 3/3 elapsed=0.1/35.0s MemAvailable=157.5GiB
[gpu1-d2h-pageable-3145728] repetition 3/3 elapsed=5.3/35.0s MemAvailable=157.2GiB
[gpu1-d2h-pageable-3145728] repetition 3/3 elapsed=10.5/35.0s MemAvailable=157.2GiB
[gpu1-d2h-pageable-3145728] repetition 3/3 elapsed=15.8/35.0s MemAvailable=157.2GiB
[gpu1-d2h-pageable-3145728] repetition 3/3 elapsed=21.0/35.0s MemAvailable=157.2GiB
[gpu1-d2h-pageable-3145728] repetition 3/3 elapsed=26.2/35.0s MemAvailable=157.3GiB
[gpu1-d2h-pageable-3145728] repetition 3/3 elapsed=31.4/35.0s MemAvailable=157.3GiB
[scenario 133/392] gpu1-d2h-pageable-67108864
[gpu1-d2h-pageable-67108864] repetition 1/3 elapsed=0.1/35.0s MemAvailable=157.5GiB
[gpu1-d2h-pageable-67108864] repetition 1/3 elapsed=5.3/35.0s MemAvailable=157.2GiB
[gpu1-d2h-pageable-67108864] repetition 1/3 elapsed=10.5/35.0s MemAvailable=157.2GiB
[gpu1-d2h-pageable-67108864] repetition 1/3 elapsed=15.8/35.0s MemAvailable=157.2GiB
[gpu1-d2h-pageable-67108864] repetition 1/3 elapsed=21.0/35.0s MemAvailable=157.2GiB
[gpu1-d2h-pageable-67108864] repetition 1/3 elapsed=26.2/35.0s MemAvailable=157.3GiB
[gpu1-d2h-pageable-67108864] repetition 1/3 elapsed=31.5/35.0s MemAvailable=157.3GiB
[scenario 134/392] gpu1-d2h-pageable-67108864
[gpu1-d2h-pageable-67108864] repetition 2/3 elapsed=0.1/35.0s MemAvailable=157.5GiB
[gpu1-d2h-pageable-67108864] repetition 2/3 elapsed=5.3/35.0s MemAvailable=157.2GiB
[gpu1-d2h-pageable-67108864] repetition 2/3 elapsed=10.5/35.0s MemAvailable=157.2GiB
[gpu1-d2h-pageable-67108864] repetition 2/3 elapsed=15.8/35.0s MemAvailable=157.2GiB
[gpu1-d2h-pageable-67108864] repetition 2/3 elapsed=21.0/35.0s MemAvailable=157.2GiB
[gpu1-d2h-pageable-67108864] repetition 2/3 elapsed=26.2/35.0s MemAvailable=157.2GiB
[gpu1-d2h-pageable-67108864] repetition 2/3 elapsed=31.5/35.0s MemAvailable=157.2GiB
[scenario 135/392] gpu1-d2h-pageable-67108864
[gpu1-d2h-pageable-67108864] repetition 3/3 elapsed=0.1/35.0s MemAvailable=157.5GiB
[gpu1-d2h-pageable-67108864] repetition 3/3 elapsed=5.3/35.0s MemAvailable=157.1GiB
[gpu1-d2h-pageable-67108864] repetition 3/3 elapsed=10.6/35.0s MemAvailable=157.2GiB
[gpu1-d2h-pageable-67108864] repetition 3/3 elapsed=15.8/35.0s MemAvailable=157.2GiB
[gpu1-d2h-pageable-67108864] repetition 3/3 elapsed=21.0/35.0s MemAvailable=157.2GiB
[gpu1-d2h-pageable-67108864] repetition 3/3 elapsed=26.3/35.0s MemAvailable=157.3GiB
[gpu1-d2h-pageable-67108864] repetition 3/3 elapsed=31.5/35.0s MemAvailable=157.3GiB
[scenario 136/392] gpu1-d2h-pinned-4096
[gpu1-d2h-pinned-4096] repetition 1/3 elapsed=0.1/35.0s MemAvailable=157.6GiB
[gpu1-d2h-pinned-4096] repetition 1/3 elapsed=5.3/35.0s MemAvailable=157.2GiB
[gpu1-d2h-pinned-4096] repetition 1/3 elapsed=10.5/35.0s MemAvailable=157.2GiB
[gpu1-d2h-pinned-4096] repetition 1/3 elapsed=15.7/35.0s MemAvailable=157.3GiB
[gpu1-d2h-pinned-4096] repetition 1/3 elapsed=20.9/35.0s MemAvailable=157.3GiB
[gpu1-d2h-pinned-4096] repetition 1/3 elapsed=26.2/35.0s MemAvailable=157.3GiB
[gpu1-d2h-pinned-4096] repetition 1/3 elapsed=31.4/35.0s MemAvailable=157.3GiB
[scenario 137/392] gpu1-d2h-pinned-4096
[gpu1-d2h-pinned-4096] repetition 2/3 elapsed=0.1/35.0s MemAvailable=157.6GiB
[gpu1-d2h-pinned-4096] repetition 2/3 elapsed=5.3/35.0s MemAvailable=157.2GiB
[gpu1-d2h-pinned-4096] repetition 2/3 elapsed=10.5/35.0s MemAvailable=157.2GiB
[gpu1-d2h-pinned-4096] repetition 2/3 elapsed=15.7/35.0s MemAvailable=157.3GiB
[gpu1-d2h-pinned-4096] repetition 2/3 elapsed=20.9/35.0s MemAvailable=157.3GiB
[gpu1-d2h-pinned-4096] repetition 2/3 elapsed=26.2/35.0s MemAvailable=157.3GiB
[gpu1-d2h-pinned-4096] repetition 2/3 elapsed=31.4/35.0s MemAvailable=157.3GiB
[scenario 138/392] gpu1-d2h-pinned-4096
[gpu1-d2h-pinned-4096] repetition 3/3 elapsed=0.1/35.0s MemAvailable=157.5GiB
[gpu1-d2h-pinned-4096] repetition 3/3 elapsed=5.3/35.0s MemAvailable=157.1GiB
[gpu1-d2h-pinned-4096] repetition 3/3 elapsed=10.5/35.0s MemAvailable=157.2GiB
[gpu1-d2h-pinned-4096] repetition 3/3 elapsed=15.7/35.0s MemAvailable=157.2GiB
[gpu1-d2h-pinned-4096] repetition 3/3 elapsed=20.9/35.0s MemAvailable=157.3GiB
[gpu1-d2h-pinned-4096] repetition 3/3 elapsed=26.2/35.0s MemAvailable=157.3GiB
[gpu1-d2h-pinned-4096] repetition 3/3 elapsed=31.4/35.0s MemAvailable=157.2GiB
[scenario 139/392] gpu1-d2h-pinned-3145728
[gpu1-d2h-pinned-3145728] repetition 1/3 elapsed=0.1/75.0s MemAvailable=157.6GiB
[gpu1-d2h-pinned-3145728] repetition 1/3 elapsed=5.3/75.0s MemAvailable=157.2GiB
[gpu1-d2h-pinned-3145728] repetition 1/3 elapsed=10.5/75.0s MemAvailable=157.2GiB
[gpu1-d2h-pinned-3145728] repetition 1/3 elapsed=15.7/75.0s MemAvailable=157.2GiB
[gpu1-d2h-pinned-3145728] repetition 1/3 elapsed=20.9/75.0s MemAvailable=157.3GiB
[gpu1-d2h-pinned-3145728] repetition 1/3 elapsed=26.1/75.0s MemAvailable=157.3GiB
[gpu1-d2h-pinned-3145728] repetition 1/3 elapsed=31.4/75.0s MemAvailable=157.2GiB
[gpu1-d2h-pinned-3145728] repetition 1/3 elapsed=36.6/75.0s MemAvailable=157.2GiB
[gpu1-d2h-pinned-3145728] repetition 1/3 elapsed=41.8/75.0s MemAvailable=157.2GiB
[gpu1-d2h-pinned-3145728] repetition 1/3 elapsed=47.0/75.0s MemAvailable=157.2GiB
[gpu1-d2h-pinned-3145728] repetition 1/3 elapsed=52.2/75.0s MemAvailable=157.3GiB
[gpu1-d2h-pinned-3145728] repetition 1/3 elapsed=57.4/75.0s MemAvailable=157.3GiB
[gpu1-d2h-pinned-3145728] repetition 1/3 elapsed=62.6/75.0s MemAvailable=157.3GiB
[gpu1-d2h-pinned-3145728] repetition 1/3 elapsed=67.8/75.0s MemAvailable=157.3GiB
[gpu1-d2h-pinned-3145728] repetition 1/3 elapsed=73.1/75.0s MemAvailable=157.2GiB
[scenario 140/392] gpu1-d2h-pinned-3145728
[gpu1-d2h-pinned-3145728] repetition 2/3 elapsed=0.1/75.0s MemAvailable=157.6GiB
[gpu1-d2h-pinned-3145728] repetition 2/3 elapsed=5.3/75.0s MemAvailable=157.2GiB
[gpu1-d2h-pinned-3145728] repetition 2/3 elapsed=10.5/75.0s MemAvailable=157.2GiB
[gpu1-d2h-pinned-3145728] repetition 2/3 elapsed=15.7/75.0s MemAvailable=157.2GiB
[gpu1-d2h-pinned-3145728] repetition 2/3 elapsed=20.9/75.0s MemAvailable=157.2GiB
[gpu1-d2h-pinned-3145728] repetition 2/3 elapsed=26.1/75.0s MemAvailable=157.2GiB
[gpu1-d2h-pinned-3145728] repetition 2/3 elapsed=31.3/75.0s MemAvailable=157.2GiB
[gpu1-d2h-pinned-3145728] repetition 2/3 elapsed=36.5/75.0s MemAvailable=157.2GiB
[gpu1-d2h-pinned-3145728] repetition 2/3 elapsed=41.7/75.0s MemAvailable=157.2GiB
[gpu1-d2h-pinned-3145728] repetition 2/3 elapsed=47.0/75.0s MemAvailable=157.2GiB
[gpu1-d2h-pinned-3145728] repetition 2/3 elapsed=52.2/75.0s MemAvailable=157.1GiB
[gpu1-d2h-pinned-3145728] repetition 2/3 elapsed=57.4/75.0s MemAvailable=157.2GiB
[gpu1-d2h-pinned-3145728] repetition 2/3 elapsed=62.6/75.0s MemAvailable=157.3GiB
[gpu1-d2h-pinned-3145728] repetition 2/3 elapsed=67.8/75.0s MemAvailable=157.2GiB
[gpu1-d2h-pinned-3145728] repetition 2/3 elapsed=73.0/75.0s MemAvailable=157.3GiB
[scenario 141/392] gpu1-d2h-pinned-3145728
[gpu1-d2h-pinned-3145728] repetition 3/3 elapsed=0.1/75.0s MemAvailable=157.6GiB
[gpu1-d2h-pinned-3145728] repetition 3/3 elapsed=5.3/75.0s MemAvailable=157.1GiB
[gpu1-d2h-pinned-3145728] repetition 3/3 elapsed=10.5/75.0s MemAvailable=157.2GiB
[gpu1-d2h-pinned-3145728] repetition 3/3 elapsed=15.7/75.0s MemAvailable=157.2GiB
[gpu1-d2h-pinned-3145728] repetition 3/3 elapsed=20.9/75.0s MemAvailable=157.2GiB
[gpu1-d2h-pinned-3145728] repetition 3/3 elapsed=26.1/75.0s MemAvailable=157.2GiB
[gpu1-d2h-pinned-3145728] repetition 3/3 elapsed=31.3/75.0s MemAvailable=157.2GiB
[gpu1-d2h-pinned-3145728] repetition 3/3 elapsed=36.5/75.0s MemAvailable=157.2GiB
[gpu1-d2h-pinned-3145728] repetition 3/3 elapsed=41.7/75.0s MemAvailable=157.2GiB
[gpu1-d2h-pinned-3145728] repetition 3/3 elapsed=46.9/75.0s MemAvailable=157.2GiB
[gpu1-d2h-pinned-3145728] repetition 3/3 elapsed=52.1/75.0s MemAvailable=157.2GiB
[gpu1-d2h-pinned-3145728] repetition 3/3 elapsed=57.4/75.0s MemAvailable=157.2GiB
[gpu1-d2h-pinned-3145728] repetition 3/3 elapsed=62.6/75.0s MemAvailable=157.2GiB
[gpu1-d2h-pinned-3145728] repetition 3/3 elapsed=67.8/75.0s MemAvailable=157.2GiB
[gpu1-d2h-pinned-3145728] repetition 3/3 elapsed=73.0/75.0s MemAvailable=157.2GiB
[scenario 142/392] gpu1-d2h-pinned-67108864
[gpu1-d2h-pinned-67108864] repetition 1/3 elapsed=0.1/35.0s MemAvailable=157.6GiB
[gpu1-d2h-pinned-67108864] repetition 1/3 elapsed=5.3/35.0s MemAvailable=157.2GiB
[gpu1-d2h-pinned-67108864] repetition 1/3 elapsed=10.5/35.0s MemAvailable=157.2GiB
[gpu1-d2h-pinned-67108864] repetition 1/3 elapsed=15.7/35.0s MemAvailable=157.2GiB
[gpu1-d2h-pinned-67108864] repetition 1/3 elapsed=20.9/35.0s MemAvailable=157.3GiB
[gpu1-d2h-pinned-67108864] repetition 1/3 elapsed=26.1/35.0s MemAvailable=157.2GiB
[gpu1-d2h-pinned-67108864] repetition 1/3 elapsed=31.3/35.0s MemAvailable=157.2GiB
[scenario 143/392] gpu1-d2h-pinned-67108864
[gpu1-d2h-pinned-67108864] repetition 2/3 elapsed=0.1/35.0s MemAvailable=157.6GiB
[gpu1-d2h-pinned-67108864] repetition 2/3 elapsed=5.3/35.0s MemAvailable=157.2GiB
[gpu1-d2h-pinned-67108864] repetition 2/3 elapsed=10.5/35.0s MemAvailable=157.2GiB
[gpu1-d2h-pinned-67108864] repetition 2/3 elapsed=15.7/35.0s MemAvailable=157.3GiB
[gpu1-d2h-pinned-67108864] repetition 2/3 elapsed=20.9/35.0s MemAvailable=157.2GiB
[gpu1-d2h-pinned-67108864] repetition 2/3 elapsed=26.1/35.0s MemAvailable=157.2GiB
[gpu1-d2h-pinned-67108864] repetition 2/3 elapsed=31.3/35.0s MemAvailable=157.3GiB
[scenario 144/392] gpu1-d2h-pinned-67108864
[gpu1-d2h-pinned-67108864] repetition 3/3 elapsed=0.1/35.0s MemAvailable=157.6GiB
[gpu1-d2h-pinned-67108864] repetition 3/3 elapsed=5.3/35.0s MemAvailable=157.2GiB
[gpu1-d2h-pinned-67108864] repetition 3/3 elapsed=10.5/35.0s MemAvailable=157.2GiB
[gpu1-d2h-pinned-67108864] repetition 3/3 elapsed=15.7/35.0s MemAvailable=157.2GiB
[gpu1-d2h-pinned-67108864] repetition 3/3 elapsed=20.9/35.0s MemAvailable=157.3GiB
[gpu1-d2h-pinned-67108864] repetition 3/3 elapsed=26.1/35.0s MemAvailable=157.3GiB
[gpu1-d2h-pinned-67108864] repetition 3/3 elapsed=31.3/35.0s MemAvailable=157.3GiB
[scenario 145/392] gpu1-stage-expert
[gpu1-stage-expert] repetition 1/3 elapsed=0.1/35.0s MemAvailable=157.5GiB
[gpu1-stage-expert] repetition 1/3 elapsed=5.3/35.0s MemAvailable=157.1GiB
[gpu1-stage-expert] repetition 1/3 elapsed=10.5/35.0s MemAvailable=157.1GiB
[gpu1-stage-expert] repetition 1/3 elapsed=15.8/35.0s MemAvailable=157.1GiB
[gpu1-stage-expert] repetition 1/3 elapsed=21.0/35.0s MemAvailable=157.2GiB
[gpu1-stage-expert] repetition 1/3 elapsed=26.2/35.0s MemAvailable=157.1GiB
[gpu1-stage-expert] repetition 1/3 elapsed=31.5/35.0s MemAvailable=157.2GiB
[scenario 146/392] gpu1-stage-expert
[gpu1-stage-expert] repetition 2/3 elapsed=0.1/35.0s MemAvailable=157.6GiB
[gpu1-stage-expert] repetition 2/3 elapsed=5.3/35.0s MemAvailable=157.1GiB
[gpu1-stage-expert] repetition 2/3 elapsed=10.6/35.0s MemAvailable=157.1GiB
[gpu1-stage-expert] repetition 2/3 elapsed=15.8/35.0s MemAvailable=157.2GiB
[gpu1-stage-expert] repetition 2/3 elapsed=21.0/35.0s MemAvailable=157.2GiB
[gpu1-stage-expert] repetition 2/3 elapsed=26.3/35.0s MemAvailable=157.2GiB
[gpu1-stage-expert] repetition 2/3 elapsed=31.5/35.0s MemAvailable=157.2GiB
[scenario 147/392] gpu1-stage-expert
[gpu1-stage-expert] repetition 3/3 elapsed=0.1/35.0s MemAvailable=157.6GiB
[gpu1-stage-expert] repetition 3/3 elapsed=5.3/35.0s MemAvailable=157.1GiB
[gpu1-stage-expert] repetition 3/3 elapsed=10.5/35.0s MemAvailable=157.1GiB
[gpu1-stage-expert] repetition 3/3 elapsed=15.8/35.0s MemAvailable=157.1GiB
[gpu1-stage-expert] repetition 3/3 elapsed=21.0/35.0s MemAvailable=157.2GiB
[gpu1-stage-expert] repetition 3/3 elapsed=26.2/35.0s MemAvailable=157.2GiB
[gpu1-stage-expert] repetition 3/3 elapsed=31.5/35.0s MemAvailable=157.2GiB
[scenario 148/392] gpu1-pinned-double-bulk
[gpu1-pinned-double-bulk] repetition 1/3 elapsed=0.1/35.0s MemAvailable=157.6GiB
[gpu1-pinned-double-bulk] repetition 1/3 elapsed=5.3/35.0s MemAvailable=157.1GiB
[gpu1-pinned-double-bulk] repetition 1/3 elapsed=10.5/35.0s MemAvailable=157.1GiB
[gpu1-pinned-double-bulk] repetition 1/3 elapsed=15.7/35.0s MemAvailable=157.1GiB
[gpu1-pinned-double-bulk] repetition 1/3 elapsed=20.9/35.0s MemAvailable=157.2GiB
[gpu1-pinned-double-bulk] repetition 1/3 elapsed=26.2/35.0s MemAvailable=157.2GiB
[gpu1-pinned-double-bulk] repetition 1/3 elapsed=31.4/35.0s MemAvailable=157.2GiB
[scenario 149/392] gpu1-pinned-double-bulk
[gpu1-pinned-double-bulk] repetition 2/3 elapsed=0.1/35.0s MemAvailable=157.6GiB
[gpu1-pinned-double-bulk] repetition 2/3 elapsed=5.3/35.0s MemAvailable=157.1GiB
[gpu1-pinned-double-bulk] repetition 2/3 elapsed=10.5/35.0s MemAvailable=157.1GiB
[gpu1-pinned-double-bulk] repetition 2/3 elapsed=15.7/35.0s MemAvailable=157.2GiB
[gpu1-pinned-double-bulk] repetition 2/3 elapsed=20.9/35.0s MemAvailable=157.2GiB
[gpu1-pinned-double-bulk] repetition 2/3 elapsed=26.1/35.0s MemAvailable=157.2GiB
[gpu1-pinned-double-bulk] repetition 2/3 elapsed=31.3/35.0s MemAvailable=157.2GiB
[scenario 150/392] gpu1-pinned-double-bulk
[gpu1-pinned-double-bulk] repetition 3/3 elapsed=0.1/35.0s MemAvailable=157.5GiB
[gpu1-pinned-double-bulk] repetition 3/3 elapsed=5.3/35.0s MemAvailable=157.1GiB
[gpu1-pinned-double-bulk] repetition 3/3 elapsed=10.5/35.0s MemAvailable=157.1GiB
[gpu1-pinned-double-bulk] repetition 3/3 elapsed=15.7/35.0s MemAvailable=157.2GiB
[gpu1-pinned-double-bulk] repetition 3/3 elapsed=20.9/35.0s MemAvailable=157.2GiB
[gpu1-pinned-double-bulk] repetition 3/3 elapsed=26.1/35.0s MemAvailable=157.2GiB
[gpu1-pinned-double-bulk] repetition 3/3 elapsed=31.4/35.0s MemAvailable=157.2GiB
[scenario 151/392] gpu1-mapped-coalesced
[gpu1-mapped-coalesced] repetition 1/3 elapsed=0.1/35.0s MemAvailable=157.6GiB
[gpu1-mapped-coalesced] repetition 1/3 elapsed=6.2/35.0s MemAvailable=156.3GiB
[gpu1-mapped-coalesced] repetition 1/3 elapsed=12.2/35.0s MemAvailable=156.4GiB
[gpu1-mapped-coalesced] repetition 1/3 elapsed=18.2/35.0s MemAvailable=156.4GiB
[gpu1-mapped-coalesced] repetition 1/3 elapsed=24.1/35.0s MemAvailable=156.5GiB
[gpu1-mapped-coalesced] repetition 1/3 elapsed=29.9/35.0s MemAvailable=156.4GiB
[gpu1-mapped-coalesced] repetition 1/3 elapsed=35.8/35.0s MemAvailable=156.5GiB
[scenario 152/392] gpu1-mapped-coalesced
[gpu1-mapped-coalesced] repetition 2/3 elapsed=0.1/35.0s MemAvailable=157.1GiB
[gpu1-mapped-coalesced] repetition 2/3 elapsed=5.6/35.0s MemAvailable=155.9GiB
[gpu1-mapped-coalesced] repetition 2/3 elapsed=11.2/35.0s MemAvailable=156.0GiB
[gpu1-mapped-coalesced] repetition 2/3 elapsed=16.8/35.0s MemAvailable=156.1GiB
[gpu1-mapped-coalesced] repetition 2/3 elapsed=22.6/35.0s MemAvailable=156.2GiB
[gpu1-mapped-coalesced] repetition 2/3 elapsed=28.4/35.0s MemAvailable=156.2GiB
[gpu1-mapped-coalesced] repetition 2/3 elapsed=34.2/35.0s MemAvailable=156.3GiB
[scenario 153/392] gpu1-mapped-coalesced
[gpu1-mapped-coalesced] repetition 3/3 elapsed=0.1/35.0s MemAvailable=157.0GiB
[gpu1-mapped-coalesced] repetition 3/3 elapsed=5.6/35.0s MemAvailable=155.9GiB
[gpu1-mapped-coalesced] repetition 3/3 elapsed=11.3/35.0s MemAvailable=155.9GiB
[gpu1-mapped-coalesced] repetition 3/3 elapsed=17.1/35.0s MemAvailable=156.1GiB
[gpu1-mapped-coalesced] repetition 3/3 elapsed=22.6/35.0s MemAvailable=156.3GiB
[gpu1-mapped-coalesced] repetition 3/3 elapsed=28.1/35.0s MemAvailable=156.5GiB
[gpu1-mapped-coalesced] repetition 3/3 elapsed=33.8/35.0s MemAvailable=156.5GiB
[scenario 154/392] gpu1-mapped-scatter
[gpu1-mapped-scatter] repetition 1/3 elapsed=0.1/35.0s MemAvailable=157.1GiB
[gpu1-mapped-scatter] repetition 1/3 elapsed=5.5/35.0s MemAvailable=155.9GiB
[gpu1-mapped-scatter] repetition 1/3 elapsed=10.9/35.0s MemAvailable=156.1GiB
[gpu1-mapped-scatter] repetition 1/3 elapsed=16.4/35.0s MemAvailable=156.2GiB
[gpu1-mapped-scatter] repetition 1/3 elapsed=21.8/35.0s MemAvailable=156.4GiB
[gpu1-mapped-scatter] repetition 1/3 elapsed=27.3/35.0s MemAvailable=156.5GiB
[gpu1-mapped-scatter] repetition 1/3 elapsed=32.7/35.0s MemAvailable=156.6GiB
[scenario 155/392] gpu1-mapped-scatter
[gpu1-mapped-scatter] repetition 2/3 elapsed=0.1/35.0s MemAvailable=157.2GiB
[gpu1-mapped-scatter] repetition 2/3 elapsed=5.6/35.0s MemAvailable=155.9GiB
[gpu1-mapped-scatter] repetition 2/3 elapsed=11.0/35.0s MemAvailable=156.0GiB
[gpu1-mapped-scatter] repetition 2/3 elapsed=16.4/35.0s MemAvailable=156.1GiB
[gpu1-mapped-scatter] repetition 2/3 elapsed=21.9/35.0s MemAvailable=156.2GiB
[gpu1-mapped-scatter] repetition 2/3 elapsed=27.3/35.0s MemAvailable=156.2GiB
[gpu1-mapped-scatter] repetition 2/3 elapsed=32.8/35.0s MemAvailable=156.3GiB
[scenario 156/392] gpu1-mapped-scatter
[gpu1-mapped-scatter] repetition 3/3 elapsed=0.1/35.0s MemAvailable=157.0GiB
[gpu1-mapped-scatter] repetition 3/3 elapsed=5.6/35.0s MemAvailable=155.9GiB
[gpu1-mapped-scatter] repetition 3/3 elapsed=11.0/35.0s MemAvailable=156.0GiB
[gpu1-mapped-scatter] repetition 3/3 elapsed=16.4/35.0s MemAvailable=156.2GiB
[gpu1-mapped-scatter] repetition 3/3 elapsed=21.8/35.0s MemAvailable=156.3GiB
[gpu1-mapped-scatter] repetition 3/3 elapsed=27.2/35.0s MemAvailable=156.4GiB
[gpu1-mapped-scatter] repetition 3/3 elapsed=32.7/35.0s MemAvailable=156.4GiB
[scenario 157/392] both-h2d
[both-h2d] repetition 1/3 elapsed=0.1/35.0s MemAvailable=157.0GiB
[both-h2d] repetition 1/3 elapsed=5.3/35.0s MemAvailable=156.4GiB
[both-h2d] repetition 1/3 elapsed=10.5/35.0s MemAvailable=156.4GiB
[both-h2d] repetition 1/3 elapsed=15.7/35.0s MemAvailable=156.5GiB
[both-h2d] repetition 1/3 elapsed=20.9/35.0s MemAvailable=156.6GiB
[both-h2d] repetition 1/3 elapsed=26.2/35.0s MemAvailable=156.7GiB
[both-h2d] repetition 1/3 elapsed=31.4/35.0s MemAvailable=156.7GiB
[scenario 158/392] both-h2d
[both-h2d] repetition 2/3 elapsed=0.1/35.0s MemAvailable=157.3GiB
[both-h2d] repetition 2/3 elapsed=5.3/35.0s MemAvailable=156.7GiB
[both-h2d] repetition 2/3 elapsed=10.5/35.0s MemAvailable=156.7GiB
[both-h2d] repetition 2/3 elapsed=15.7/35.0s MemAvailable=156.8GiB
[both-h2d] repetition 2/3 elapsed=20.9/35.0s MemAvailable=156.8GiB
[both-h2d] repetition 2/3 elapsed=26.1/35.0s MemAvailable=156.9GiB
[both-h2d] repetition 2/3 elapsed=31.3/35.0s MemAvailable=156.9GiB
[scenario 159/392] both-h2d
[both-h2d] repetition 3/3 elapsed=0.1/35.0s MemAvailable=157.5GiB
[both-h2d] repetition 3/3 elapsed=5.3/35.0s MemAvailable=156.9GiB
[both-h2d] repetition 3/3 elapsed=10.5/35.0s MemAvailable=156.9GiB
[both-h2d] repetition 3/3 elapsed=15.7/35.0s MemAvailable=156.9GiB
[both-h2d] repetition 3/3 elapsed=20.9/35.0s MemAvailable=157.0GiB
[both-h2d] repetition 3/3 elapsed=26.1/35.0s MemAvailable=157.0GiB
[both-h2d] repetition 3/3 elapsed=31.4/35.0s MemAvailable=157.0GiB
[scenario 160/392] both-d2h
[both-d2h] repetition 1/3 elapsed=0.1/35.0s MemAvailable=157.5GiB
[both-d2h] repetition 1/3 elapsed=5.3/35.0s MemAvailable=156.9GiB
[both-d2h] repetition 1/3 elapsed=10.5/35.0s MemAvailable=156.9GiB
[both-d2h] repetition 1/3 elapsed=15.7/35.0s MemAvailable=156.9GiB
[both-d2h] repetition 1/3 elapsed=20.9/35.0s MemAvailable=157.0GiB
[both-d2h] repetition 1/3 elapsed=26.1/35.0s MemAvailable=157.0GiB
[both-d2h] repetition 1/3 elapsed=31.3/35.0s MemAvailable=157.0GiB
[scenario 161/392] both-d2h
[both-d2h] repetition 2/3 elapsed=0.1/35.0s MemAvailable=157.5GiB
[both-d2h] repetition 2/3 elapsed=5.3/35.0s MemAvailable=156.9GiB
[both-d2h] repetition 2/3 elapsed=10.5/35.0s MemAvailable=156.9GiB
[both-d2h] repetition 2/3 elapsed=15.7/35.0s MemAvailable=156.9GiB
[both-d2h] repetition 2/3 elapsed=20.9/35.0s MemAvailable=156.9GiB
[both-d2h] repetition 2/3 elapsed=26.1/35.0s MemAvailable=156.9GiB
[both-d2h] repetition 2/3 elapsed=31.3/35.0s MemAvailable=157.0GiB
[scenario 162/392] both-d2h
[both-d2h] repetition 3/3 elapsed=0.1/35.0s MemAvailable=157.6GiB
[both-d2h] repetition 3/3 elapsed=5.3/35.0s MemAvailable=156.9GiB
[both-d2h] repetition 3/3 elapsed=10.5/35.0s MemAvailable=156.9GiB
[both-d2h] repetition 3/3 elapsed=15.7/35.0s MemAvailable=156.9GiB
[both-d2h] repetition 3/3 elapsed=20.9/35.0s MemAvailable=156.9GiB
[both-d2h] repetition 3/3 elapsed=26.1/35.0s MemAvailable=157.0GiB
[both-d2h] repetition 3/3 elapsed=31.3/35.0s MemAvailable=157.0GiB
[scenario 163/392] both-mixed
[both-mixed] repetition 1/3 elapsed=0.1/35.0s MemAvailable=157.5GiB
[both-mixed] repetition 1/3 elapsed=5.3/35.0s MemAvailable=156.9GiB
[both-mixed] repetition 1/3 elapsed=10.5/35.0s MemAvailable=156.9GiB
[both-mixed] repetition 1/3 elapsed=15.7/35.0s MemAvailable=156.9GiB
[both-mixed] repetition 1/3 elapsed=20.9/35.0s MemAvailable=157.0GiB
[both-mixed] repetition 1/3 elapsed=26.1/35.0s MemAvailable=156.9GiB
[both-mixed] repetition 1/3 elapsed=31.3/35.0s MemAvailable=157.0GiB
[scenario 164/392] both-mixed
[both-mixed] repetition 2/3 elapsed=0.1/35.0s MemAvailable=157.5GiB
[both-mixed] repetition 2/3 elapsed=5.3/35.0s MemAvailable=156.9GiB
[both-mixed] repetition 2/3 elapsed=10.5/35.0s MemAvailable=156.9GiB
[both-mixed] repetition 2/3 elapsed=15.7/35.0s MemAvailable=156.9GiB
[both-mixed] repetition 2/3 elapsed=20.9/35.0s MemAvailable=157.0GiB
[both-mixed] repetition 2/3 elapsed=26.1/35.0s MemAvailable=157.0GiB
[both-mixed] repetition 2/3 elapsed=31.4/35.0s MemAvailable=157.0GiB
[scenario 165/392] both-mixed
[both-mixed] repetition 3/3 elapsed=0.1/35.0s MemAvailable=157.6GiB
[both-mixed] repetition 3/3 elapsed=5.3/35.0s MemAvailable=156.9GiB
[both-mixed] repetition 3/3 elapsed=10.5/35.0s MemAvailable=156.9GiB
[both-mixed] repetition 3/3 elapsed=15.7/35.0s MemAvailable=156.9GiB
[both-mixed] repetition 3/3 elapsed=20.9/35.0s MemAvailable=157.0GiB
[both-mixed] repetition 3/3 elapsed=26.2/35.0s MemAvailable=157.0GiB
[both-mixed] repetition 3/3 elapsed=31.4/35.0s MemAvailable=157.0GiB
[scenario 166/392] gpu0-bidirectional
[gpu0-bidirectional] repetition 1/3 elapsed=0.1/35.0s MemAvailable=157.6GiB
[gpu0-bidirectional] repetition 1/3 elapsed=5.3/35.0s MemAvailable=157.1GiB
[gpu0-bidirectional] repetition 1/3 elapsed=10.5/35.0s MemAvailable=157.1GiB
[gpu0-bidirectional] repetition 1/3 elapsed=15.7/35.0s MemAvailable=157.2GiB
[gpu0-bidirectional] repetition 1/3 elapsed=20.9/35.0s MemAvailable=157.1GiB
[gpu0-bidirectional] repetition 1/3 elapsed=26.2/35.0s MemAvailable=157.2GiB
[gpu0-bidirectional] repetition 1/3 elapsed=31.4/35.0s MemAvailable=157.2GiB
[scenario 167/392] gpu0-bidirectional
[gpu0-bidirectional] repetition 2/3 elapsed=0.1/35.0s MemAvailable=157.5GiB
[gpu0-bidirectional] repetition 2/3 elapsed=5.3/35.0s MemAvailable=157.1GiB
[gpu0-bidirectional] repetition 2/3 elapsed=10.5/35.0s MemAvailable=157.1GiB
[gpu0-bidirectional] repetition 2/3 elapsed=15.7/35.0s MemAvailable=157.2GiB
[gpu0-bidirectional] repetition 2/3 elapsed=20.9/35.0s MemAvailable=157.2GiB
[gpu0-bidirectional] repetition 2/3 elapsed=26.1/35.0s MemAvailable=157.2GiB
[gpu0-bidirectional] repetition 2/3 elapsed=31.3/35.0s MemAvailable=157.2GiB
[scenario 168/392] gpu0-bidirectional
[gpu0-bidirectional] repetition 3/3 elapsed=0.1/35.0s MemAvailable=157.5GiB
[gpu0-bidirectional] repetition 3/3 elapsed=5.3/35.0s MemAvailable=157.1GiB
[gpu0-bidirectional] repetition 3/3 elapsed=10.5/35.0s MemAvailable=157.1GiB
[gpu0-bidirectional] repetition 3/3 elapsed=15.7/35.0s MemAvailable=157.1GiB
[gpu0-bidirectional] repetition 3/3 elapsed=20.9/35.0s MemAvailable=157.2GiB
[gpu0-bidirectional] repetition 3/3 elapsed=26.2/35.0s MemAvailable=157.2GiB
[gpu0-bidirectional] repetition 3/3 elapsed=31.4/35.0s MemAvailable=157.2GiB
[scenario 169/392] bridge-0-1-4096-serial
[bridge-0-1-4096-serial] repetition 1/3 elapsed=0.1/35.0s MemAvailable=157.5GiB
[bridge-0-1-4096-serial] repetition 1/3 elapsed=5.3/35.0s MemAvailable=157.0GiB
[bridge-0-1-4096-serial] repetition 1/3 elapsed=10.5/35.0s MemAvailable=157.0GiB
[bridge-0-1-4096-serial] repetition 1/3 elapsed=15.7/35.0s MemAvailable=157.1GiB
[bridge-0-1-4096-serial] repetition 1/3 elapsed=20.9/35.0s MemAvailable=157.1GiB
[bridge-0-1-4096-serial] repetition 1/3 elapsed=26.1/35.0s MemAvailable=157.1GiB
[bridge-0-1-4096-serial] repetition 1/3 elapsed=31.3/35.0s MemAvailable=157.1GiB
[scenario 170/392] bridge-0-1-4096-serial
[bridge-0-1-4096-serial] repetition 2/3 elapsed=0.1/35.0s MemAvailable=157.5GiB
[bridge-0-1-4096-serial] repetition 2/3 elapsed=5.3/35.0s MemAvailable=157.0GiB
[bridge-0-1-4096-serial] repetition 2/3 elapsed=10.5/35.0s MemAvailable=157.0GiB
[bridge-0-1-4096-serial] repetition 2/3 elapsed=15.7/35.0s MemAvailable=157.1GiB
[bridge-0-1-4096-serial] repetition 2/3 elapsed=20.9/35.0s MemAvailable=157.1GiB
[bridge-0-1-4096-serial] repetition 2/3 elapsed=26.1/35.0s MemAvailable=157.1GiB
[bridge-0-1-4096-serial] repetition 2/3 elapsed=31.3/35.0s MemAvailable=157.1GiB
[scenario 171/392] bridge-0-1-4096-serial
[bridge-0-1-4096-serial] repetition 3/3 elapsed=0.1/35.0s MemAvailable=157.4GiB
[bridge-0-1-4096-serial] repetition 3/3 elapsed=5.3/35.0s MemAvailable=156.9GiB
[bridge-0-1-4096-serial] repetition 3/3 elapsed=10.5/35.0s MemAvailable=157.0GiB
[bridge-0-1-4096-serial] repetition 3/3 elapsed=15.7/35.0s MemAvailable=157.1GiB
[bridge-0-1-4096-serial] repetition 3/3 elapsed=20.9/35.0s MemAvailable=157.1GiB
[bridge-0-1-4096-serial] repetition 3/3 elapsed=26.1/35.0s MemAvailable=157.1GiB
[bridge-0-1-4096-serial] repetition 3/3 elapsed=31.3/35.0s MemAvailable=157.1GiB
[scenario 172/392] bridge-0-1-3145728-serial
[bridge-0-1-3145728-serial] repetition 1/3 elapsed=0.1/35.0s MemAvailable=157.5GiB
[bridge-0-1-3145728-serial] repetition 1/3 elapsed=5.3/35.0s MemAvailable=156.9GiB
[bridge-0-1-3145728-serial] repetition 1/3 elapsed=10.5/35.0s MemAvailable=157.0GiB
[bridge-0-1-3145728-serial] repetition 1/3 elapsed=15.7/35.0s MemAvailable=157.1GiB
[bridge-0-1-3145728-serial] repetition 1/3 elapsed=20.9/35.0s MemAvailable=157.1GiB
[bridge-0-1-3145728-serial] repetition 1/3 elapsed=26.1/35.0s MemAvailable=157.1GiB
[bridge-0-1-3145728-serial] repetition 1/3 elapsed=31.3/35.0s MemAvailable=157.1GiB
[scenario 173/392] bridge-0-1-3145728-serial
[bridge-0-1-3145728-serial] repetition 2/3 elapsed=0.1/35.0s MemAvailable=157.4GiB
[bridge-0-1-3145728-serial] repetition 2/3 elapsed=5.3/35.0s MemAvailable=156.9GiB
[bridge-0-1-3145728-serial] repetition 2/3 elapsed=10.5/35.0s MemAvailable=157.0GiB
[bridge-0-1-3145728-serial] repetition 2/3 elapsed=15.7/35.0s MemAvailable=157.0GiB
[bridge-0-1-3145728-serial] repetition 2/3 elapsed=20.9/35.0s MemAvailable=157.1GiB
[bridge-0-1-3145728-serial] repetition 2/3 elapsed=26.1/35.0s MemAvailable=157.0GiB
[bridge-0-1-3145728-serial] repetition 2/3 elapsed=31.3/35.0s MemAvailable=157.0GiB
[scenario 174/392] bridge-0-1-3145728-serial
[bridge-0-1-3145728-serial] repetition 3/3 elapsed=0.1/35.0s MemAvailable=157.5GiB
[bridge-0-1-3145728-serial] repetition 3/3 elapsed=5.3/35.0s MemAvailable=156.9GiB
[bridge-0-1-3145728-serial] repetition 3/3 elapsed=10.5/35.0s MemAvailable=157.0GiB
[bridge-0-1-3145728-serial] repetition 3/3 elapsed=15.7/35.0s MemAvailable=157.1GiB
[bridge-0-1-3145728-serial] repetition 3/3 elapsed=20.9/35.0s MemAvailable=157.1GiB
[bridge-0-1-3145728-serial] repetition 3/3 elapsed=26.1/35.0s MemAvailable=157.1GiB
[bridge-0-1-3145728-serial] repetition 3/3 elapsed=31.3/35.0s MemAvailable=157.1GiB
[scenario 175/392] bridge-0-1-67108864-serial
[bridge-0-1-67108864-serial] repetition 1/3 elapsed=0.1/35.0s MemAvailable=157.5GiB
[bridge-0-1-67108864-serial] repetition 1/3 elapsed=5.3/35.0s MemAvailable=157.0GiB
[bridge-0-1-67108864-serial] repetition 1/3 elapsed=10.5/35.0s MemAvailable=157.0GiB
[bridge-0-1-67108864-serial] repetition 1/3 elapsed=15.7/35.0s MemAvailable=157.1GiB
[bridge-0-1-67108864-serial] repetition 1/3 elapsed=20.9/35.0s MemAvailable=157.1GiB
[bridge-0-1-67108864-serial] repetition 1/3 elapsed=26.1/35.0s MemAvailable=157.1GiB
[bridge-0-1-67108864-serial] repetition 1/3 elapsed=31.3/35.0s MemAvailable=157.1GiB
[scenario 176/392] bridge-0-1-67108864-serial
[bridge-0-1-67108864-serial] repetition 2/3 elapsed=0.1/35.0s MemAvailable=157.5GiB
[bridge-0-1-67108864-serial] repetition 2/3 elapsed=5.3/35.0s MemAvailable=156.9GiB
[bridge-0-1-67108864-serial] repetition 2/3 elapsed=10.5/35.0s MemAvailable=156.9GiB
[bridge-0-1-67108864-serial] repetition 2/3 elapsed=15.7/35.0s MemAvailable=157.0GiB
[bridge-0-1-67108864-serial] repetition 2/3 elapsed=20.9/35.0s MemAvailable=157.0GiB
[bridge-0-1-67108864-serial] repetition 2/3 elapsed=26.1/35.0s MemAvailable=157.0GiB
[bridge-0-1-67108864-serial] repetition 2/3 elapsed=31.3/35.0s MemAvailable=157.0GiB
[scenario 177/392] bridge-0-1-67108864-serial
[bridge-0-1-67108864-serial] repetition 3/3 elapsed=0.1/35.0s MemAvailable=157.4GiB
[bridge-0-1-67108864-serial] repetition 3/3 elapsed=5.3/35.0s MemAvailable=156.9GiB
[bridge-0-1-67108864-serial] repetition 3/3 elapsed=10.5/35.0s MemAvailable=157.0GiB
[bridge-0-1-67108864-serial] repetition 3/3 elapsed=15.7/35.0s MemAvailable=157.0GiB
[bridge-0-1-67108864-serial] repetition 3/3 elapsed=20.9/35.0s MemAvailable=157.1GiB
[bridge-0-1-67108864-serial] repetition 3/3 elapsed=26.1/35.0s MemAvailable=157.1GiB
[bridge-0-1-67108864-serial] repetition 3/3 elapsed=31.3/35.0s MemAvailable=157.1GiB
[scenario 178/392] bridge-0-1-bulk-double
[bridge-0-1-bulk-double] repetition 1/3 elapsed=0.1/35.0s MemAvailable=157.5GiB
[bridge-0-1-bulk-double] repetition 1/3 elapsed=5.3/35.0s MemAvailable=156.9GiB
[bridge-0-1-bulk-double] repetition 1/3 elapsed=10.5/35.0s MemAvailable=156.9GiB
[bridge-0-1-bulk-double] repetition 1/3 elapsed=15.7/35.0s MemAvailable=156.9GiB
[bridge-0-1-bulk-double] repetition 1/3 elapsed=20.9/35.0s MemAvailable=157.0GiB
[bridge-0-1-bulk-double] repetition 1/3 elapsed=26.1/35.0s MemAvailable=157.0GiB
[bridge-0-1-bulk-double] repetition 1/3 elapsed=31.3/35.0s MemAvailable=157.0GiB
[scenario 179/392] bridge-0-1-bulk-double
[bridge-0-1-bulk-double] repetition 2/3 elapsed=0.1/35.0s MemAvailable=157.3GiB
[bridge-0-1-bulk-double] repetition 2/3 elapsed=5.3/35.0s MemAvailable=156.7GiB
[bridge-0-1-bulk-double] repetition 2/3 elapsed=10.5/35.0s MemAvailable=156.8GiB
[bridge-0-1-bulk-double] repetition 2/3 elapsed=15.7/35.0s MemAvailable=156.8GiB
[bridge-0-1-bulk-double] repetition 2/3 elapsed=20.9/35.0s MemAvailable=156.9GiB
[bridge-0-1-bulk-double] repetition 2/3 elapsed=26.1/35.0s MemAvailable=156.9GiB
[bridge-0-1-bulk-double] repetition 2/3 elapsed=31.3/35.0s MemAvailable=157.0GiB
[scenario 180/392] bridge-0-1-bulk-double
[bridge-0-1-bulk-double] repetition 3/3 elapsed=0.1/35.0s MemAvailable=157.3GiB
[bridge-0-1-bulk-double] repetition 3/3 elapsed=5.3/35.0s MemAvailable=156.7GiB
[bridge-0-1-bulk-double] repetition 3/3 elapsed=10.5/35.0s MemAvailable=156.7GiB
[bridge-0-1-bulk-double] repetition 3/3 elapsed=15.7/35.0s MemAvailable=156.8GiB
[bridge-0-1-bulk-double] repetition 3/3 elapsed=20.9/35.0s MemAvailable=156.9GiB
[bridge-0-1-bulk-double] repetition 3/3 elapsed=26.1/35.0s MemAvailable=156.9GiB
[bridge-0-1-bulk-double] repetition 3/3 elapsed=31.3/35.0s MemAvailable=157.0GiB
[scenario 181/392] peer-0-1
[peer-0-1] repetition 1/3 elapsed=0.1/35.0s MemAvailable=157.4GiB
[scenario 182/392] peer-0-1
[peer-0-1] repetition 2/3 elapsed=0.1/35.0s MemAvailable=157.2GiB
[scenario 183/392] peer-0-1
[peer-0-1] repetition 3/3 elapsed=0.1/35.0s MemAvailable=157.3GiB
[scenario 184/392] bridge-1-0-4096-serial
[bridge-1-0-4096-serial] repetition 1/3 elapsed=0.1/35.0s MemAvailable=157.4GiB
[bridge-1-0-4096-serial] repetition 1/3 elapsed=5.3/35.0s MemAvailable=156.8GiB
[bridge-1-0-4096-serial] repetition 1/3 elapsed=10.5/35.0s MemAvailable=156.9GiB
[bridge-1-0-4096-serial] repetition 1/3 elapsed=15.7/35.0s MemAvailable=157.0GiB
[bridge-1-0-4096-serial] repetition 1/3 elapsed=20.9/35.0s MemAvailable=157.0GiB
[bridge-1-0-4096-serial] repetition 1/3 elapsed=26.1/35.0s MemAvailable=157.1GiB
[bridge-1-0-4096-serial] repetition 1/3 elapsed=31.3/35.0s MemAvailable=157.1GiB
[scenario 185/392] bridge-1-0-4096-serial
[bridge-1-0-4096-serial] repetition 2/3 elapsed=0.1/35.0s MemAvailable=157.4GiB
[bridge-1-0-4096-serial] repetition 2/3 elapsed=5.3/35.0s MemAvailable=156.9GiB
[bridge-1-0-4096-serial] repetition 2/3 elapsed=10.5/35.0s MemAvailable=157.0GiB
[bridge-1-0-4096-serial] repetition 2/3 elapsed=15.7/35.0s MemAvailable=157.0GiB
[bridge-1-0-4096-serial] repetition 2/3 elapsed=20.9/35.0s MemAvailable=157.1GiB
[bridge-1-0-4096-serial] repetition 2/3 elapsed=26.1/35.0s MemAvailable=157.1GiB
[bridge-1-0-4096-serial] repetition 2/3 elapsed=31.3/35.0s MemAvailable=157.1GiB
[scenario 186/392] bridge-1-0-4096-serial
[bridge-1-0-4096-serial] repetition 3/3 elapsed=0.1/35.0s MemAvailable=157.4GiB
[bridge-1-0-4096-serial] repetition 3/3 elapsed=5.3/35.0s MemAvailable=157.0GiB
[bridge-1-0-4096-serial] repetition 3/3 elapsed=10.5/35.0s MemAvailable=157.0GiB
[bridge-1-0-4096-serial] repetition 3/3 elapsed=15.7/35.0s MemAvailable=157.1GiB
[bridge-1-0-4096-serial] repetition 3/3 elapsed=20.9/35.0s MemAvailable=157.1GiB
[bridge-1-0-4096-serial] repetition 3/3 elapsed=26.1/35.0s MemAvailable=157.1GiB
[bridge-1-0-4096-serial] repetition 3/3 elapsed=31.3/35.0s MemAvailable=157.1GiB
[scenario 187/392] bridge-1-0-3145728-serial
[bridge-1-0-3145728-serial] repetition 1/3 elapsed=0.1/35.0s MemAvailable=157.5GiB
[bridge-1-0-3145728-serial] repetition 1/3 elapsed=5.3/35.0s MemAvailable=157.0GiB
[bridge-1-0-3145728-serial] repetition 1/3 elapsed=10.5/35.0s MemAvailable=157.0GiB
[bridge-1-0-3145728-serial] repetition 1/3 elapsed=15.7/35.0s MemAvailable=157.0GiB
[bridge-1-0-3145728-serial] repetition 1/3 elapsed=20.9/35.0s MemAvailable=157.1GiB
[bridge-1-0-3145728-serial] repetition 1/3 elapsed=26.1/35.0s MemAvailable=157.1GiB
[bridge-1-0-3145728-serial] repetition 1/3 elapsed=31.3/35.0s MemAvailable=157.1GiB
[scenario 188/392] bridge-1-0-3145728-serial
[bridge-1-0-3145728-serial] repetition 2/3 elapsed=0.1/35.0s MemAvailable=157.5GiB
[bridge-1-0-3145728-serial] repetition 2/3 elapsed=5.3/35.0s MemAvailable=157.1GiB
[bridge-1-0-3145728-serial] repetition 2/3 elapsed=10.5/35.0s MemAvailable=157.1GiB
[bridge-1-0-3145728-serial] repetition 2/3 elapsed=15.7/35.0s MemAvailable=157.1GiB
[bridge-1-0-3145728-serial] repetition 2/3 elapsed=20.9/35.0s MemAvailable=157.1GiB
[bridge-1-0-3145728-serial] repetition 2/3 elapsed=26.1/35.0s MemAvailable=157.1GiB
[bridge-1-0-3145728-serial] repetition 2/3 elapsed=31.3/35.0s MemAvailable=157.1GiB
[scenario 189/392] bridge-1-0-3145728-serial
[bridge-1-0-3145728-serial] repetition 3/3 elapsed=0.1/35.0s MemAvailable=157.5GiB
[bridge-1-0-3145728-serial] repetition 3/3 elapsed=5.3/35.0s MemAvailable=157.0GiB
[bridge-1-0-3145728-serial] repetition 3/3 elapsed=10.5/35.0s MemAvailable=157.0GiB
[bridge-1-0-3145728-serial] repetition 3/3 elapsed=15.7/35.0s MemAvailable=157.1GiB
[bridge-1-0-3145728-serial] repetition 3/3 elapsed=20.9/35.0s MemAvailable=157.1GiB
[bridge-1-0-3145728-serial] repetition 3/3 elapsed=26.1/35.0s MemAvailable=157.1GiB
[bridge-1-0-3145728-serial] repetition 3/3 elapsed=31.3/35.0s MemAvailable=157.1GiB
[scenario 190/392] bridge-1-0-67108864-serial
[bridge-1-0-67108864-serial] repetition 1/3 elapsed=0.1/35.0s MemAvailable=157.5GiB
[bridge-1-0-67108864-serial] repetition 1/3 elapsed=5.3/35.0s MemAvailable=157.1GiB
[bridge-1-0-67108864-serial] repetition 1/3 elapsed=10.5/35.0s MemAvailable=157.0GiB
[bridge-1-0-67108864-serial] repetition 1/3 elapsed=15.7/35.0s MemAvailable=157.0GiB
[bridge-1-0-67108864-serial] repetition 1/3 elapsed=20.9/35.0s MemAvailable=157.0GiB
[bridge-1-0-67108864-serial] repetition 1/3 elapsed=26.1/35.0s MemAvailable=157.1GiB
[bridge-1-0-67108864-serial] repetition 1/3 elapsed=31.3/35.0s MemAvailable=157.1GiB
[scenario 191/392] bridge-1-0-67108864-serial
[bridge-1-0-67108864-serial] repetition 2/3 elapsed=0.1/35.0s MemAvailable=157.5GiB
[bridge-1-0-67108864-serial] repetition 2/3 elapsed=5.3/35.0s MemAvailable=157.0GiB
[bridge-1-0-67108864-serial] repetition 2/3 elapsed=10.5/35.0s MemAvailable=157.0GiB
[bridge-1-0-67108864-serial] repetition 2/3 elapsed=15.7/35.0s MemAvailable=157.0GiB
[bridge-1-0-67108864-serial] repetition 2/3 elapsed=20.9/35.0s MemAvailable=157.0GiB
[bridge-1-0-67108864-serial] repetition 2/3 elapsed=26.1/35.0s MemAvailable=157.1GiB
[bridge-1-0-67108864-serial] repetition 2/3 elapsed=31.3/35.0s MemAvailable=157.1GiB
[scenario 192/392] bridge-1-0-67108864-serial
[bridge-1-0-67108864-serial] repetition 3/3 elapsed=0.1/35.0s MemAvailable=157.5GiB
[bridge-1-0-67108864-serial] repetition 3/3 elapsed=5.3/35.0s MemAvailable=156.8GiB
[bridge-1-0-67108864-serial] repetition 3/3 elapsed=10.5/35.0s MemAvailable=156.9GiB
[bridge-1-0-67108864-serial] repetition 3/3 elapsed=15.7/35.0s MemAvailable=157.0GiB
[bridge-1-0-67108864-serial] repetition 3/3 elapsed=20.9/35.0s MemAvailable=157.0GiB
[bridge-1-0-67108864-serial] repetition 3/3 elapsed=26.1/35.0s MemAvailable=157.0GiB
[bridge-1-0-67108864-serial] repetition 3/3 elapsed=31.3/35.0s MemAvailable=157.0GiB
[scenario 193/392] bridge-1-0-bulk-double
[bridge-1-0-bulk-double] repetition 1/3 elapsed=0.1/35.0s MemAvailable=157.4GiB
[bridge-1-0-bulk-double] repetition 1/3 elapsed=5.3/35.0s MemAvailable=156.8GiB
[bridge-1-0-bulk-double] repetition 1/3 elapsed=10.5/35.0s MemAvailable=156.8GiB
[bridge-1-0-bulk-double] repetition 1/3 elapsed=15.7/35.0s MemAvailable=156.8GiB
[bridge-1-0-bulk-double] repetition 1/3 elapsed=20.9/35.0s MemAvailable=156.9GiB
[bridge-1-0-bulk-double] repetition 1/3 elapsed=26.1/35.0s MemAvailable=156.9GiB
[bridge-1-0-bulk-double] repetition 1/3 elapsed=31.3/35.0s MemAvailable=156.9GiB
[scenario 194/392] bridge-1-0-bulk-double
[bridge-1-0-bulk-double] repetition 2/3 elapsed=0.1/35.0s MemAvailable=157.3GiB
[bridge-1-0-bulk-double] repetition 2/3 elapsed=5.3/35.0s MemAvailable=156.7GiB
[bridge-1-0-bulk-double] repetition 2/3 elapsed=10.5/35.0s MemAvailable=156.8GiB
[bridge-1-0-bulk-double] repetition 2/3 elapsed=15.7/35.0s MemAvailable=156.8GiB
[bridge-1-0-bulk-double] repetition 2/3 elapsed=20.9/35.0s MemAvailable=156.9GiB
[bridge-1-0-bulk-double] repetition 2/3 elapsed=26.1/35.0s MemAvailable=156.9GiB
[bridge-1-0-bulk-double] repetition 2/3 elapsed=31.3/35.0s MemAvailable=157.0GiB
[scenario 195/392] bridge-1-0-bulk-double
[bridge-1-0-bulk-double] repetition 3/3 elapsed=0.1/35.0s MemAvailable=157.4GiB
[bridge-1-0-bulk-double] repetition 3/3 elapsed=5.3/35.0s MemAvailable=156.7GiB
[bridge-1-0-bulk-double] repetition 3/3 elapsed=10.5/35.0s MemAvailable=156.8GiB
[bridge-1-0-bulk-double] repetition 3/3 elapsed=15.7/35.0s MemAvailable=156.8GiB
[bridge-1-0-bulk-double] repetition 3/3 elapsed=20.9/35.0s MemAvailable=156.9GiB
[bridge-1-0-bulk-double] repetition 3/3 elapsed=26.1/35.0s MemAvailable=156.9GiB
[bridge-1-0-bulk-double] repetition 3/3 elapsed=31.3/35.0s MemAvailable=157.0GiB
[scenario 196/392] peer-1-0
[peer-1-0] repetition 1/3 elapsed=0.1/35.0s MemAvailable=157.3GiB
[scenario 197/392] peer-1-0
[peer-1-0] repetition 2/3 elapsed=0.1/35.0s MemAvailable=157.3GiB
[scenario 198/392] peer-1-0
[peer-1-0] repetition 3/3 elapsed=0.1/35.0s MemAvailable=157.3GiB
[scenario 199/392] bridge-roundtrip-activation
[bridge-roundtrip-activation] repetition 1/3 elapsed=0.1/35.0s MemAvailable=157.3GiB
[bridge-roundtrip-activation] repetition 1/3 elapsed=5.3/35.0s MemAvailable=156.8GiB
[bridge-roundtrip-activation] repetition 1/3 elapsed=10.5/35.0s MemAvailable=156.9GiB
[bridge-roundtrip-activation] repetition 1/3 elapsed=15.7/35.0s MemAvailable=156.9GiB
[bridge-roundtrip-activation] repetition 1/3 elapsed=20.9/35.0s MemAvailable=157.0GiB
[bridge-roundtrip-activation] repetition 1/3 elapsed=26.1/35.0s MemAvailable=157.1GiB
[bridge-roundtrip-activation] repetition 1/3 elapsed=31.3/35.0s MemAvailable=157.1GiB
[scenario 200/392] bridge-roundtrip-activation
[bridge-roundtrip-activation] repetition 2/3 elapsed=0.1/35.0s MemAvailable=157.5GiB
[bridge-roundtrip-activation] repetition 2/3 elapsed=5.3/35.0s MemAvailable=157.0GiB
[bridge-roundtrip-activation] repetition 2/3 elapsed=10.5/35.0s MemAvailable=157.0GiB
[bridge-roundtrip-activation] repetition 2/3 elapsed=15.7/35.0s MemAvailable=157.1GiB
[bridge-roundtrip-activation] repetition 2/3 elapsed=20.9/35.0s MemAvailable=157.1GiB
[bridge-roundtrip-activation] repetition 2/3 elapsed=26.1/35.0s MemAvailable=157.1GiB
[bridge-roundtrip-activation] repetition 2/3 elapsed=31.3/35.0s MemAvailable=157.1GiB
[scenario 201/392] bridge-roundtrip-activation
[bridge-roundtrip-activation] repetition 3/3 elapsed=0.1/35.0s MemAvailable=157.5GiB
[bridge-roundtrip-activation] repetition 3/3 elapsed=5.3/35.0s MemAvailable=157.0GiB
[bridge-roundtrip-activation] repetition 3/3 elapsed=10.5/35.0s MemAvailable=157.0GiB
[bridge-roundtrip-activation] repetition 3/3 elapsed=15.7/35.0s MemAvailable=157.0GiB
[bridge-roundtrip-activation] repetition 3/3 elapsed=20.9/35.0s MemAvailable=157.0GiB
[bridge-roundtrip-activation] repetition 3/3 elapsed=26.1/35.0s MemAvailable=157.1GiB
[bridge-roundtrip-activation] repetition 3/3 elapsed=31.3/35.0s MemAvailable=157.1GiB
[scenario 202/392] bridge-bidirectional
[bridge-bidirectional] repetition 1/3 elapsed=0.1/35.0s MemAvailable=157.5GiB
[bridge-bidirectional] repetition 1/3 elapsed=5.3/35.0s MemAvailable=156.2GiB
[bridge-bidirectional] repetition 1/3 elapsed=10.5/35.0s MemAvailable=156.2GiB
[bridge-bidirectional] repetition 1/3 elapsed=15.7/35.0s MemAvailable=156.2GiB
[bridge-bidirectional] repetition 1/3 elapsed=20.9/35.0s MemAvailable=156.3GiB
[bridge-bidirectional] repetition 1/3 elapsed=26.2/35.0s MemAvailable=156.4GiB
[bridge-bidirectional] repetition 1/3 elapsed=31.4/35.0s MemAvailable=156.4GiB
[scenario 203/392] bridge-bidirectional
[bridge-bidirectional] repetition 2/3 elapsed=0.1/35.0s MemAvailable=157.1GiB
[bridge-bidirectional] repetition 2/3 elapsed=5.3/35.0s MemAvailable=156.1GiB
[bridge-bidirectional] repetition 2/3 elapsed=10.5/35.0s MemAvailable=156.1GiB
[bridge-bidirectional] repetition 2/3 elapsed=15.7/35.0s MemAvailable=156.1GiB
[bridge-bidirectional] repetition 2/3 elapsed=21.0/35.0s MemAvailable=156.2GiB
[bridge-bidirectional] repetition 2/3 elapsed=26.2/35.0s MemAvailable=156.3GiB
[bridge-bidirectional] repetition 2/3 elapsed=31.4/35.0s MemAvailable=156.3GiB
[scenario 204/392] bridge-bidirectional
[bridge-bidirectional] repetition 3/3 elapsed=0.1/35.0s MemAvailable=157.0GiB
[bridge-bidirectional] repetition 3/3 elapsed=5.3/35.0s MemAvailable=155.9GiB
[bridge-bidirectional] repetition 3/3 elapsed=10.5/35.0s MemAvailable=156.0GiB
[bridge-bidirectional] repetition 3/3 elapsed=15.7/35.0s MemAvailable=156.1GiB
[bridge-bidirectional] repetition 3/3 elapsed=20.9/35.0s MemAvailable=156.3GiB
[bridge-bidirectional] repetition 3/3 elapsed=26.2/35.0s MemAvailable=156.3GiB
[bridge-bidirectional] repetition 3/3 elapsed=31.4/35.0s MemAvailable=156.4GiB
[scenario 205/392] virtiofs-first-pass
[virtiofs-first-pass] repetition 1/1 elapsed=0.1/75.0s MemAvailable=157.1GiB
[virtiofs-first-pass] repetition 1/1 elapsed=5.3/75.0s MemAvailable=157.2GiB
[virtiofs-first-pass] repetition 1/1 elapsed=10.6/75.0s MemAvailable=157.2GiB
[scenario 206/392] virtiofs-read-1048576-direct0-qd1
[virtiofs-read-1048576-direct0-qd1] repetition 1/3 elapsed=0.1/35.0s MemAvailable=157.2GiB
[virtiofs-read-1048576-direct0-qd1] repetition 1/3 elapsed=5.3/35.0s MemAvailable=157.3GiB
[virtiofs-read-1048576-direct0-qd1] repetition 1/3 elapsed=10.6/35.0s MemAvailable=157.3GiB
[virtiofs-read-1048576-direct0-qd1] repetition 1/3 elapsed=15.9/35.0s MemAvailable=157.4GiB
[virtiofs-read-1048576-direct0-qd1] repetition 1/3 elapsed=21.1/35.0s MemAvailable=157.4GiB
[virtiofs-read-1048576-direct0-qd1] repetition 1/3 elapsed=26.4/35.0s MemAvailable=157.5GiB
[virtiofs-read-1048576-direct0-qd1] repetition 1/3 elapsed=31.7/35.0s MemAvailable=157.5GiB
[scenario 207/392] virtiofs-read-1048576-direct0-qd1
[virtiofs-read-1048576-direct0-qd1] repetition 2/3 elapsed=0.1/35.0s MemAvailable=157.6GiB
[virtiofs-read-1048576-direct0-qd1] repetition 2/3 elapsed=5.3/35.0s MemAvailable=157.6GiB
[virtiofs-read-1048576-direct0-qd1] repetition 2/3 elapsed=10.6/35.0s MemAvailable=157.5GiB
[virtiofs-read-1048576-direct0-qd1] repetition 2/3 elapsed=15.8/35.0s MemAvailable=157.6GiB
[virtiofs-read-1048576-direct0-qd1] repetition 2/3 elapsed=21.1/35.0s MemAvailable=157.6GiB
[virtiofs-read-1048576-direct0-qd1] repetition 2/3 elapsed=26.3/35.0s MemAvailable=157.6GiB
[virtiofs-read-1048576-direct0-qd1] repetition 2/3 elapsed=31.6/35.0s MemAvailable=157.5GiB
[scenario 208/392] virtiofs-read-1048576-direct0-qd1
[virtiofs-read-1048576-direct0-qd1] repetition 3/3 elapsed=0.1/35.0s MemAvailable=157.5GiB
[virtiofs-read-1048576-direct0-qd1] repetition 3/3 elapsed=5.3/35.0s MemAvailable=157.6GiB
[virtiofs-read-1048576-direct0-qd1] repetition 3/3 elapsed=10.6/35.0s MemAvailable=157.6GiB
[virtiofs-read-1048576-direct0-qd1] repetition 3/3 elapsed=15.8/35.0s MemAvailable=157.6GiB
[virtiofs-read-1048576-direct0-qd1] repetition 3/3 elapsed=21.1/35.0s MemAvailable=157.5GiB
[virtiofs-read-1048576-direct0-qd1] repetition 3/3 elapsed=26.4/35.0s MemAvailable=157.6GiB
[virtiofs-read-1048576-direct0-qd1] repetition 3/3 elapsed=31.6/35.0s MemAvailable=157.6GiB
[scenario 209/392] virtiofs-read-1048576-direct1-qd8
[virtiofs-read-1048576-direct1-qd8] repetition 1/3 elapsed=0.1/35.0s MemAvailable=157.6GiB
[virtiofs-read-1048576-direct1-qd8] repetition 1/3 elapsed=5.5/35.0s MemAvailable=157.6GiB
[virtiofs-read-1048576-direct1-qd8] repetition 1/3 elapsed=11.0/35.0s MemAvailable=157.6GiB
[virtiofs-read-1048576-direct1-qd8] repetition 1/3 elapsed=16.5/35.0s MemAvailable=157.6GiB
[virtiofs-read-1048576-direct1-qd8] repetition 1/3 elapsed=21.9/35.0s MemAvailable=157.6GiB
[virtiofs-read-1048576-direct1-qd8] repetition 1/3 elapsed=27.4/35.0s MemAvailable=157.6GiB
[virtiofs-read-1048576-direct1-qd8] repetition 1/3 elapsed=32.8/35.0s MemAvailable=157.6GiB
[scenario 210/392] virtiofs-read-1048576-direct1-qd8
[virtiofs-read-1048576-direct1-qd8] repetition 2/3 elapsed=0.1/35.0s MemAvailable=157.5GiB
[virtiofs-read-1048576-direct1-qd8] repetition 2/3 elapsed=5.6/35.0s MemAvailable=157.6GiB
[virtiofs-read-1048576-direct1-qd8] repetition 2/3 elapsed=11.0/35.0s MemAvailable=157.6GiB
[virtiofs-read-1048576-direct1-qd8] repetition 2/3 elapsed=16.5/35.0s MemAvailable=157.6GiB
[virtiofs-read-1048576-direct1-qd8] repetition 2/3 elapsed=21.9/35.0s MemAvailable=157.6GiB
[virtiofs-read-1048576-direct1-qd8] repetition 2/3 elapsed=27.4/35.0s MemAvailable=157.6GiB
[virtiofs-read-1048576-direct1-qd8] repetition 2/3 elapsed=32.9/35.0s MemAvailable=157.6GiB
[scenario 211/392] virtiofs-read-1048576-direct1-qd8
[virtiofs-read-1048576-direct1-qd8] repetition 3/3 elapsed=0.1/35.0s MemAvailable=157.6GiB
[virtiofs-read-1048576-direct1-qd8] repetition 3/3 elapsed=5.6/35.0s MemAvailable=157.5GiB
[virtiofs-read-1048576-direct1-qd8] repetition 3/3 elapsed=11.1/35.0s MemAvailable=157.5GiB
[virtiofs-read-1048576-direct1-qd8] repetition 3/3 elapsed=16.5/35.0s MemAvailable=157.5GiB
[virtiofs-read-1048576-direct1-qd8] repetition 3/3 elapsed=22.0/35.0s MemAvailable=157.6GiB
[virtiofs-read-1048576-direct1-qd8] repetition 3/3 elapsed=27.4/35.0s MemAvailable=157.6GiB
[virtiofs-read-1048576-direct1-qd8] repetition 3/3 elapsed=32.9/35.0s MemAvailable=157.6GiB
[scenario 212/392] virtiofs-randread-4096-direct1-qd1
[virtiofs-randread-4096-direct1-qd1] repetition 1/3 elapsed=0.1/35.0s MemAvailable=157.6GiB
[virtiofs-randread-4096-direct1-qd1] repetition 1/3 elapsed=5.3/35.0s MemAvailable=157.5GiB
[virtiofs-randread-4096-direct1-qd1] repetition 1/3 elapsed=10.6/35.0s MemAvailable=157.5GiB
[virtiofs-randread-4096-direct1-qd1] repetition 1/3 elapsed=15.9/35.0s MemAvailable=157.5GiB
[virtiofs-randread-4096-direct1-qd1] repetition 1/3 elapsed=21.1/35.0s MemAvailable=157.6GiB
[virtiofs-randread-4096-direct1-qd1] repetition 1/3 elapsed=26.3/35.0s MemAvailable=157.6GiB
[virtiofs-randread-4096-direct1-qd1] repetition 1/3 elapsed=31.6/35.0s MemAvailable=157.6GiB
[scenario 213/392] virtiofs-randread-4096-direct1-qd1
[virtiofs-randread-4096-direct1-qd1] repetition 2/3 elapsed=0.1/35.0s MemAvailable=157.6GiB
[virtiofs-randread-4096-direct1-qd1] repetition 2/3 elapsed=5.3/35.0s MemAvailable=157.6GiB
[virtiofs-randread-4096-direct1-qd1] repetition 2/3 elapsed=10.5/35.0s MemAvailable=157.6GiB
[virtiofs-randread-4096-direct1-qd1] repetition 2/3 elapsed=15.7/35.0s MemAvailable=157.5GiB
[virtiofs-randread-4096-direct1-qd1] repetition 2/3 elapsed=21.0/35.0s MemAvailable=157.6GiB
[virtiofs-randread-4096-direct1-qd1] repetition 2/3 elapsed=26.2/35.0s MemAvailable=157.5GiB
[virtiofs-randread-4096-direct1-qd1] repetition 2/3 elapsed=31.4/35.0s MemAvailable=157.5GiB
[scenario 214/392] virtiofs-randread-4096-direct1-qd1
[virtiofs-randread-4096-direct1-qd1] repetition 3/3 elapsed=0.1/35.0s MemAvailable=157.5GiB
[virtiofs-randread-4096-direct1-qd1] repetition 3/3 elapsed=5.3/35.0s MemAvailable=157.6GiB
[virtiofs-randread-4096-direct1-qd1] repetition 3/3 elapsed=10.5/35.0s MemAvailable=157.6GiB
[virtiofs-randread-4096-direct1-qd1] repetition 3/3 elapsed=15.7/35.0s MemAvailable=157.6GiB
[virtiofs-randread-4096-direct1-qd1] repetition 3/3 elapsed=21.0/35.0s MemAvailable=157.6GiB
[virtiofs-randread-4096-direct1-qd1] repetition 3/3 elapsed=26.2/35.0s MemAvailable=157.6GiB
[virtiofs-randread-4096-direct1-qd1] repetition 3/3 elapsed=31.4/35.0s MemAvailable=157.6GiB
[scenario 215/392] virtiofs-randread-4096-direct1-qd16
[virtiofs-randread-4096-direct1-qd16] repetition 1/3 elapsed=0.1/35.0s MemAvailable=157.6GiB
[virtiofs-randread-4096-direct1-qd16] repetition 1/3 elapsed=5.3/35.0s MemAvailable=157.6GiB
[virtiofs-randread-4096-direct1-qd16] repetition 1/3 elapsed=10.5/35.0s MemAvailable=157.6GiB
[virtiofs-randread-4096-direct1-qd16] repetition 1/3 elapsed=15.8/35.0s MemAvailable=157.6GiB
[virtiofs-randread-4096-direct1-qd16] repetition 1/3 elapsed=21.0/35.0s MemAvailable=157.6GiB
[virtiofs-randread-4096-direct1-qd16] repetition 1/3 elapsed=26.3/35.0s MemAvailable=157.6GiB
[virtiofs-randread-4096-direct1-qd16] repetition 1/3 elapsed=31.5/35.0s MemAvailable=157.6GiB
[scenario 216/392] virtiofs-randread-4096-direct1-qd16
[virtiofs-randread-4096-direct1-qd16] repetition 2/3 elapsed=0.1/35.0s MemAvailable=157.6GiB
[virtiofs-randread-4096-direct1-qd16] repetition 2/3 elapsed=5.3/35.0s MemAvailable=157.6GiB
[virtiofs-randread-4096-direct1-qd16] repetition 2/3 elapsed=10.5/35.0s MemAvailable=157.6GiB
[virtiofs-randread-4096-direct1-qd16] repetition 2/3 elapsed=15.8/35.0s MemAvailable=157.6GiB
[virtiofs-randread-4096-direct1-qd16] repetition 2/3 elapsed=21.0/35.0s MemAvailable=157.6GiB
[virtiofs-randread-4096-direct1-qd16] repetition 2/3 elapsed=26.3/35.0s MemAvailable=157.6GiB
[virtiofs-randread-4096-direct1-qd16] repetition 2/3 elapsed=31.5/35.0s MemAvailable=157.6GiB
[scenario 217/392] virtiofs-randread-4096-direct1-qd16
[virtiofs-randread-4096-direct1-qd16] repetition 3/3 elapsed=0.1/35.0s MemAvailable=157.6GiB
[virtiofs-randread-4096-direct1-qd16] repetition 3/3 elapsed=5.3/35.0s MemAvailable=157.6GiB
[virtiofs-randread-4096-direct1-qd16] repetition 3/3 elapsed=10.6/35.0s MemAvailable=157.6GiB
[virtiofs-randread-4096-direct1-qd16] repetition 3/3 elapsed=15.8/35.0s MemAvailable=157.6GiB
[virtiofs-randread-4096-direct1-qd16] repetition 3/3 elapsed=21.1/35.0s MemAvailable=157.5GiB
[virtiofs-randread-4096-direct1-qd16] repetition 3/3 elapsed=26.3/35.0s MemAvailable=157.6GiB
[virtiofs-randread-4096-direct1-qd16] repetition 3/3 elapsed=31.6/35.0s MemAvailable=157.6GiB
[scenario 218/392] virtiofs-randread-262144-direct1-qd8
[virtiofs-randread-262144-direct1-qd8] repetition 1/3 elapsed=0.1/35.0s MemAvailable=157.6GiB
[virtiofs-randread-262144-direct1-qd8] repetition 1/3 elapsed=5.4/35.0s MemAvailable=157.5GiB
[virtiofs-randread-262144-direct1-qd8] repetition 1/3 elapsed=10.7/35.0s MemAvailable=157.6GiB
[virtiofs-randread-262144-direct1-qd8] repetition 1/3 elapsed=16.0/35.0s MemAvailable=157.6GiB
[virtiofs-randread-262144-direct1-qd8] repetition 1/3 elapsed=21.3/35.0s MemAvailable=157.6GiB
[virtiofs-randread-262144-direct1-qd8] repetition 1/3 elapsed=26.7/35.0s MemAvailable=157.5GiB
[virtiofs-randread-262144-direct1-qd8] repetition 1/3 elapsed=32.0/35.0s MemAvailable=157.6GiB
[scenario 219/392] virtiofs-randread-262144-direct1-qd8
[virtiofs-randread-262144-direct1-qd8] repetition 2/3 elapsed=0.1/35.0s MemAvailable=157.6GiB
[virtiofs-randread-262144-direct1-qd8] repetition 2/3 elapsed=5.4/35.0s MemAvailable=157.5GiB
[virtiofs-randread-262144-direct1-qd8] repetition 2/3 elapsed=10.8/35.0s MemAvailable=157.6GiB
[virtiofs-randread-262144-direct1-qd8] repetition 2/3 elapsed=16.1/35.0s MemAvailable=157.6GiB
[virtiofs-randread-262144-direct1-qd8] repetition 2/3 elapsed=21.4/35.0s MemAvailable=157.6GiB
[virtiofs-randread-262144-direct1-qd8] repetition 2/3 elapsed=26.8/35.0s MemAvailable=157.6GiB
[virtiofs-randread-262144-direct1-qd8] repetition 2/3 elapsed=32.1/35.0s MemAvailable=157.5GiB
[scenario 220/392] virtiofs-randread-262144-direct1-qd8
[virtiofs-randread-262144-direct1-qd8] repetition 3/3 elapsed=0.1/35.0s MemAvailable=157.6GiB
[virtiofs-randread-262144-direct1-qd8] repetition 3/3 elapsed=5.4/35.0s MemAvailable=157.6GiB
[virtiofs-randread-262144-direct1-qd8] repetition 3/3 elapsed=10.8/35.0s MemAvailable=157.6GiB
[virtiofs-randread-262144-direct1-qd8] repetition 3/3 elapsed=16.2/35.0s MemAvailable=157.6GiB
[virtiofs-randread-262144-direct1-qd8] repetition 3/3 elapsed=21.5/35.0s MemAvailable=157.6GiB
[virtiofs-randread-262144-direct1-qd8] repetition 3/3 elapsed=26.9/35.0s MemAvailable=157.6GiB
[virtiofs-randread-262144-direct1-qd8] repetition 3/3 elapsed=32.2/35.0s MemAvailable=157.6GiB
[scenario 221/392] virtiofs-randread-3145728-direct1-qd1
[virtiofs-randread-3145728-direct1-qd1] repetition 1/3 elapsed=0.1/35.0s MemAvailable=157.6GiB
[virtiofs-randread-3145728-direct1-qd1] repetition 1/3 elapsed=5.3/35.0s MemAvailable=157.6GiB
[virtiofs-randread-3145728-direct1-qd1] repetition 1/3 elapsed=10.6/35.0s MemAvailable=157.5GiB
[virtiofs-randread-3145728-direct1-qd1] repetition 1/3 elapsed=15.8/35.0s MemAvailable=157.6GiB
[virtiofs-randread-3145728-direct1-qd1] repetition 1/3 elapsed=21.1/35.0s MemAvailable=157.6GiB
[virtiofs-randread-3145728-direct1-qd1] repetition 1/3 elapsed=26.3/35.0s MemAvailable=157.6GiB
[virtiofs-randread-3145728-direct1-qd1] repetition 1/3 elapsed=31.6/35.0s MemAvailable=157.5GiB
[scenario 222/392] virtiofs-randread-3145728-direct1-qd1
[virtiofs-randread-3145728-direct1-qd1] repetition 2/3 elapsed=0.1/35.0s MemAvailable=157.5GiB
[virtiofs-randread-3145728-direct1-qd1] repetition 2/3 elapsed=5.4/35.0s MemAvailable=157.5GiB
[virtiofs-randread-3145728-direct1-qd1] repetition 2/3 elapsed=10.7/35.0s MemAvailable=157.5GiB
[virtiofs-randread-3145728-direct1-qd1] repetition 2/3 elapsed=15.9/35.0s MemAvailable=157.5GiB
[virtiofs-randread-3145728-direct1-qd1] repetition 2/3 elapsed=21.2/35.0s MemAvailable=157.5GiB
[virtiofs-randread-3145728-direct1-qd1] repetition 2/3 elapsed=26.5/35.0s MemAvailable=157.5GiB
[virtiofs-randread-3145728-direct1-qd1] repetition 2/3 elapsed=31.7/35.0s MemAvailable=157.5GiB
[scenario 223/392] virtiofs-randread-3145728-direct1-qd1
[virtiofs-randread-3145728-direct1-qd1] repetition 3/3 elapsed=0.1/35.0s MemAvailable=157.6GiB
[virtiofs-randread-3145728-direct1-qd1] repetition 3/3 elapsed=5.3/35.0s MemAvailable=157.6GiB
[virtiofs-randread-3145728-direct1-qd1] repetition 3/3 elapsed=10.6/35.0s MemAvailable=157.6GiB
[virtiofs-randread-3145728-direct1-qd1] repetition 3/3 elapsed=15.9/35.0s MemAvailable=157.6GiB
[virtiofs-randread-3145728-direct1-qd1] repetition 3/3 elapsed=21.1/35.0s MemAvailable=157.6GiB
[virtiofs-randread-3145728-direct1-qd1] repetition 3/3 elapsed=26.4/35.0s MemAvailable=157.6GiB
[virtiofs-randread-3145728-direct1-qd1] repetition 3/3 elapsed=31.6/35.0s MemAvailable=157.5GiB
[scenario 224/392] virtiofs-randread-3145728-direct1-qd8
[virtiofs-randread-3145728-direct1-qd8] repetition 1/3 elapsed=0.1/35.0s MemAvailable=157.5GiB
[virtiofs-randread-3145728-direct1-qd8] repetition 1/3 elapsed=5.9/35.0s MemAvailable=157.5GiB
[virtiofs-randread-3145728-direct1-qd8] repetition 1/3 elapsed=11.7/35.0s MemAvailable=157.5GiB
[virtiofs-randread-3145728-direct1-qd8] repetition 1/3 elapsed=17.5/35.0s MemAvailable=157.5GiB
[virtiofs-randread-3145728-direct1-qd8] repetition 1/3 elapsed=23.3/35.0s MemAvailable=157.5GiB
[virtiofs-randread-3145728-direct1-qd8] repetition 1/3 elapsed=29.2/35.0s MemAvailable=157.5GiB
[virtiofs-randread-3145728-direct1-qd8] repetition 1/3 elapsed=35.0/35.0s MemAvailable=157.5GiB
[scenario 225/392] virtiofs-randread-3145728-direct1-qd8
[virtiofs-randread-3145728-direct1-qd8] repetition 2/3 elapsed=0.1/35.0s MemAvailable=157.6GiB
[virtiofs-randread-3145728-direct1-qd8] repetition 2/3 elapsed=6.0/35.0s MemAvailable=157.6GiB
[virtiofs-randread-3145728-direct1-qd8] repetition 2/3 elapsed=11.7/35.0s MemAvailable=157.5GiB
[virtiofs-randread-3145728-direct1-qd8] repetition 2/3 elapsed=17.5/35.0s MemAvailable=157.5GiB
[virtiofs-randread-3145728-direct1-qd8] repetition 2/3 elapsed=23.4/35.0s MemAvailable=157.5GiB
[virtiofs-randread-3145728-direct1-qd8] repetition 2/3 elapsed=29.3/35.0s MemAvailable=157.5GiB
[virtiofs-randread-3145728-direct1-qd8] repetition 2/3 elapsed=35.0/35.0s MemAvailable=157.4GiB
[scenario 226/392] virtiofs-randread-3145728-direct1-qd8
[virtiofs-randread-3145728-direct1-qd8] repetition 3/3 elapsed=0.1/35.0s MemAvailable=157.4GiB
[virtiofs-randread-3145728-direct1-qd8] repetition 3/3 elapsed=5.9/35.0s MemAvailable=157.4GiB
[virtiofs-randread-3145728-direct1-qd8] repetition 3/3 elapsed=11.6/35.0s MemAvailable=157.5GiB
[virtiofs-randread-3145728-direct1-qd8] repetition 3/3 elapsed=17.4/35.0s MemAvailable=157.5GiB
[virtiofs-randread-3145728-direct1-qd8] repetition 3/3 elapsed=23.2/35.0s MemAvailable=157.5GiB
[virtiofs-randread-3145728-direct1-qd8] repetition 3/3 elapsed=29.0/35.0s MemAvailable=157.4GiB
[virtiofs-randread-3145728-direct1-qd8] repetition 3/3 elapsed=34.8/35.0s MemAvailable=157.5GiB
[scenario 227/392] virtiofs-randread-3145728-direct0-qd1
[virtiofs-randread-3145728-direct0-qd1] repetition 1/3 elapsed=0.1/35.0s MemAvailable=157.5GiB
[virtiofs-randread-3145728-direct0-qd1] repetition 1/3 elapsed=5.4/35.0s MemAvailable=157.5GiB
[virtiofs-randread-3145728-direct0-qd1] repetition 1/3 elapsed=10.6/35.0s MemAvailable=157.4GiB
[virtiofs-randread-3145728-direct0-qd1] repetition 1/3 elapsed=15.8/35.0s MemAvailable=157.5GiB
[virtiofs-randread-3145728-direct0-qd1] repetition 1/3 elapsed=21.1/35.0s MemAvailable=157.5GiB
[virtiofs-randread-3145728-direct0-qd1] repetition 1/3 elapsed=26.3/35.0s MemAvailable=157.5GiB
[virtiofs-randread-3145728-direct0-qd1] repetition 1/3 elapsed=31.5/35.0s MemAvailable=157.5GiB
[scenario 228/392] virtiofs-randread-3145728-direct0-qd1
[virtiofs-randread-3145728-direct0-qd1] repetition 2/3 elapsed=0.1/35.0s MemAvailable=157.5GiB
[virtiofs-randread-3145728-direct0-qd1] repetition 2/3 elapsed=5.3/35.0s MemAvailable=157.6GiB
[virtiofs-randread-3145728-direct0-qd1] repetition 2/3 elapsed=10.5/35.0s MemAvailable=157.6GiB
[virtiofs-randread-3145728-direct0-qd1] repetition 2/3 elapsed=15.7/35.0s MemAvailable=157.6GiB
[virtiofs-randread-3145728-direct0-qd1] repetition 2/3 elapsed=20.9/35.0s MemAvailable=157.6GiB
[virtiofs-randread-3145728-direct0-qd1] repetition 2/3 elapsed=26.1/35.0s MemAvailable=157.6GiB
[virtiofs-randread-3145728-direct0-qd1] repetition 2/3 elapsed=31.3/35.0s MemAvailable=157.6GiB
[scenario 229/392] virtiofs-randread-3145728-direct0-qd1
[virtiofs-randread-3145728-direct0-qd1] repetition 3/3 elapsed=0.1/35.0s MemAvailable=157.6GiB
[virtiofs-randread-3145728-direct0-qd1] repetition 3/3 elapsed=5.3/35.0s MemAvailable=157.6GiB
[virtiofs-randread-3145728-direct0-qd1] repetition 3/3 elapsed=10.5/35.0s MemAvailable=157.6GiB
[virtiofs-randread-3145728-direct0-qd1] repetition 3/3 elapsed=15.7/35.0s MemAvailable=157.6GiB
[virtiofs-randread-3145728-direct0-qd1] repetition 3/3 elapsed=20.9/35.0s MemAvailable=157.6GiB
[virtiofs-randread-3145728-direct0-qd1] repetition 3/3 elapsed=26.1/35.0s MemAvailable=157.6GiB
[virtiofs-randread-3145728-direct0-qd1] repetition 3/3 elapsed=31.3/35.0s MemAvailable=157.6GiB
[scenario 230/392] virtiofs-write-durable
[virtiofs-write-durable] repetition 1/3 elapsed=0.1/35.0s MemAvailable=157.6GiB
[virtiofs-write-durable] repetition 1/3 elapsed=5.3/35.0s MemAvailable=157.5GiB
[virtiofs-write-durable] repetition 1/3 elapsed=10.6/35.0s MemAvailable=157.5GiB
[virtiofs-write-durable] repetition 1/3 elapsed=15.8/35.0s MemAvailable=157.6GiB
[virtiofs-write-durable] repetition 1/3 elapsed=21.0/35.0s MemAvailable=157.6GiB
[virtiofs-write-durable] repetition 1/3 elapsed=26.3/35.0s MemAvailable=157.5GiB
[virtiofs-write-durable] repetition 1/3 elapsed=31.5/35.0s MemAvailable=157.6GiB
[virtiofs-write-durable] repetition 1/3 elapsed=36.7/35.0s MemAvailable=157.6GiB
[scenario 231/392] virtiofs-write-durable
[virtiofs-write-durable] repetition 2/3 elapsed=0.1/35.0s MemAvailable=157.6GiB
[virtiofs-write-durable] repetition 2/3 elapsed=5.3/35.0s MemAvailable=157.5GiB
[virtiofs-write-durable] repetition 2/3 elapsed=10.5/35.0s MemAvailable=157.6GiB
[virtiofs-write-durable] repetition 2/3 elapsed=15.7/35.0s MemAvailable=157.6GiB
[virtiofs-write-durable] repetition 2/3 elapsed=21.0/35.0s MemAvailable=157.6GiB
[virtiofs-write-durable] repetition 2/3 elapsed=26.2/35.0s MemAvailable=157.5GiB
[virtiofs-write-durable] repetition 2/3 elapsed=31.4/35.0s MemAvailable=157.6GiB
[virtiofs-write-durable] repetition 2/3 elapsed=36.6/35.0s MemAvailable=157.5GiB
[scenario 232/392] virtiofs-write-durable
[virtiofs-write-durable] repetition 3/3 elapsed=0.1/35.0s MemAvailable=157.6GiB
[virtiofs-write-durable] repetition 3/3 elapsed=5.3/35.0s MemAvailable=157.5GiB
[virtiofs-write-durable] repetition 3/3 elapsed=10.5/35.0s MemAvailable=157.5GiB
[virtiofs-write-durable] repetition 3/3 elapsed=15.7/35.0s MemAvailable=157.5GiB
[virtiofs-write-durable] repetition 3/3 elapsed=21.0/35.0s MemAvailable=157.5GiB
[virtiofs-write-durable] repetition 3/3 elapsed=26.2/35.0s MemAvailable=157.5GiB
[virtiofs-write-durable] repetition 3/3 elapsed=31.4/35.0s MemAvailable=157.5GiB
[virtiofs-write-durable] repetition 3/3 elapsed=36.6/35.0s MemAvailable=157.6GiB
[scenario 233/392] virtiofs-pipeline-gpu0-b1
[virtiofs-pipeline-gpu0-b1] repetition 1/3 elapsed=0.1/35.0s MemAvailable=157.6GiB
[virtiofs-pipeline-gpu0-b1] repetition 1/3 elapsed=5.3/35.0s MemAvailable=157.3GiB
[virtiofs-pipeline-gpu0-b1] repetition 1/3 elapsed=10.5/35.0s MemAvailable=157.4GiB
[virtiofs-pipeline-gpu0-b1] repetition 1/3 elapsed=15.8/35.0s MemAvailable=157.4GiB
[virtiofs-pipeline-gpu0-b1] repetition 1/3 elapsed=21.0/35.0s MemAvailable=157.3GiB
[virtiofs-pipeline-gpu0-b1] repetition 1/3 elapsed=26.2/35.0s MemAvailable=157.3GiB
[virtiofs-pipeline-gpu0-b1] repetition 1/3 elapsed=31.5/35.0s MemAvailable=157.3GiB
[virtiofs-pipeline-gpu0-b1] repetition 1/3 elapsed=36.7/35.0s MemAvailable=157.3GiB
[scenario 234/392] virtiofs-pipeline-gpu0-b1
[virtiofs-pipeline-gpu0-b1] repetition 2/3 elapsed=0.1/35.0s MemAvailable=157.6GiB
[virtiofs-pipeline-gpu0-b1] repetition 2/3 elapsed=5.3/35.0s MemAvailable=157.3GiB
[virtiofs-pipeline-gpu0-b1] repetition 2/3 elapsed=10.6/35.0s MemAvailable=157.3GiB
[virtiofs-pipeline-gpu0-b1] repetition 2/3 elapsed=15.8/35.0s MemAvailable=157.3GiB
[virtiofs-pipeline-gpu0-b1] repetition 2/3 elapsed=21.0/35.0s MemAvailable=157.2GiB
[virtiofs-pipeline-gpu0-b1] repetition 2/3 elapsed=26.3/35.0s MemAvailable=157.2GiB
[virtiofs-pipeline-gpu0-b1] repetition 2/3 elapsed=31.5/35.0s MemAvailable=157.3GiB
[scenario 235/392] virtiofs-pipeline-gpu0-b1
[virtiofs-pipeline-gpu0-b1] repetition 3/3 elapsed=0.1/35.0s MemAvailable=157.6GiB
[virtiofs-pipeline-gpu0-b1] repetition 3/3 elapsed=5.3/35.0s MemAvailable=157.3GiB
[virtiofs-pipeline-gpu0-b1] repetition 3/3 elapsed=10.6/35.0s MemAvailable=157.3GiB
[virtiofs-pipeline-gpu0-b1] repetition 3/3 elapsed=15.8/35.0s MemAvailable=157.3GiB
[virtiofs-pipeline-gpu0-b1] repetition 3/3 elapsed=21.0/35.0s MemAvailable=157.3GiB
[virtiofs-pipeline-gpu0-b1] repetition 3/3 elapsed=26.2/35.0s MemAvailable=157.3GiB
[virtiofs-pipeline-gpu0-b1] repetition 3/3 elapsed=31.5/35.0s MemAvailable=157.3GiB
[scenario 236/392] virtiofs-pipeline-gpu0-b3
[virtiofs-pipeline-gpu0-b3] repetition 1/3 elapsed=0.1/35.0s MemAvailable=157.6GiB
[virtiofs-pipeline-gpu0-b3] repetition 1/3 elapsed=5.3/35.0s MemAvailable=157.3GiB
[virtiofs-pipeline-gpu0-b3] repetition 1/3 elapsed=10.6/35.0s MemAvailable=157.3GiB
[virtiofs-pipeline-gpu0-b3] repetition 1/3 elapsed=15.8/35.0s MemAvailable=157.3GiB
[virtiofs-pipeline-gpu0-b3] repetition 1/3 elapsed=21.0/35.0s MemAvailable=157.3GiB
[virtiofs-pipeline-gpu0-b3] repetition 1/3 elapsed=26.3/35.0s MemAvailable=157.3GiB
[virtiofs-pipeline-gpu0-b3] repetition 1/3 elapsed=31.5/35.0s MemAvailable=157.3GiB
[scenario 237/392] virtiofs-pipeline-gpu0-b3
[virtiofs-pipeline-gpu0-b3] repetition 2/3 elapsed=0.1/35.0s MemAvailable=157.6GiB
[virtiofs-pipeline-gpu0-b3] repetition 2/3 elapsed=5.3/35.0s MemAvailable=157.3GiB
[virtiofs-pipeline-gpu0-b3] repetition 2/3 elapsed=10.6/35.0s MemAvailable=157.2GiB
[virtiofs-pipeline-gpu0-b3] repetition 2/3 elapsed=15.9/35.0s MemAvailable=157.2GiB
[virtiofs-pipeline-gpu0-b3] repetition 2/3 elapsed=21.1/35.0s MemAvailable=157.2GiB
[virtiofs-pipeline-gpu0-b3] repetition 2/3 elapsed=26.4/35.0s MemAvailable=157.2GiB
[virtiofs-pipeline-gpu0-b3] repetition 2/3 elapsed=31.6/35.0s MemAvailable=157.3GiB
[scenario 238/392] virtiofs-pipeline-gpu0-b3
[virtiofs-pipeline-gpu0-b3] repetition 3/3 elapsed=0.1/35.0s MemAvailable=157.6GiB
[virtiofs-pipeline-gpu0-b3] repetition 3/3 elapsed=5.4/35.0s MemAvailable=157.3GiB
[virtiofs-pipeline-gpu0-b3] repetition 3/3 elapsed=10.6/35.0s MemAvailable=157.2GiB
[virtiofs-pipeline-gpu0-b3] repetition 3/3 elapsed=15.9/35.0s MemAvailable=157.2GiB
[virtiofs-pipeline-gpu0-b3] repetition 3/3 elapsed=21.2/35.0s MemAvailable=157.2GiB
[virtiofs-pipeline-gpu0-b3] repetition 3/3 elapsed=26.4/35.0s MemAvailable=157.2GiB
[virtiofs-pipeline-gpu0-b3] repetition 3/3 elapsed=31.7/35.0s MemAvailable=157.2GiB
[scenario 239/392] virtiofs-pipeline-bulk
[virtiofs-pipeline-bulk] repetition 1/3 elapsed=0.1/35.0s MemAvailable=157.5GiB
[virtiofs-pipeline-bulk] repetition 1/3 elapsed=5.5/35.0s MemAvailable=157.0GiB
[virtiofs-pipeline-bulk] repetition 1/3 elapsed=11.0/35.0s MemAvailable=157.0GiB
[virtiofs-pipeline-bulk] repetition 1/3 elapsed=16.5/35.0s MemAvailable=157.0GiB
[virtiofs-pipeline-bulk] repetition 1/3 elapsed=21.9/35.0s MemAvailable=157.1GiB
[virtiofs-pipeline-bulk] repetition 1/3 elapsed=27.4/35.0s MemAvailable=157.1GiB
[virtiofs-pipeline-bulk] repetition 1/3 elapsed=32.9/35.0s MemAvailable=157.0GiB
[scenario 240/392] virtiofs-pipeline-bulk
[virtiofs-pipeline-bulk] repetition 2/3 elapsed=0.1/35.0s MemAvailable=157.3GiB
[virtiofs-pipeline-bulk] repetition 2/3 elapsed=5.6/35.0s MemAvailable=156.8GiB
[virtiofs-pipeline-bulk] repetition 2/3 elapsed=11.1/35.0s MemAvailable=156.9GiB
[virtiofs-pipeline-bulk] repetition 2/3 elapsed=16.5/35.0s MemAvailable=157.0GiB
[virtiofs-pipeline-bulk] repetition 2/3 elapsed=22.0/35.0s MemAvailable=157.0GiB
[virtiofs-pipeline-bulk] repetition 2/3 elapsed=27.5/35.0s MemAvailable=157.0GiB
[virtiofs-pipeline-bulk] repetition 2/3 elapsed=33.1/35.0s MemAvailable=157.0GiB
[scenario 241/392] virtiofs-pipeline-bulk
[virtiofs-pipeline-bulk] repetition 3/3 elapsed=0.1/35.0s MemAvailable=157.3GiB
[virtiofs-pipeline-bulk] repetition 3/3 elapsed=5.5/35.0s MemAvailable=156.8GiB
[virtiofs-pipeline-bulk] repetition 3/3 elapsed=10.9/35.0s MemAvailable=156.9GiB
[virtiofs-pipeline-bulk] repetition 3/3 elapsed=16.4/35.0s MemAvailable=156.9GiB
[virtiofs-pipeline-bulk] repetition 3/3 elapsed=21.8/35.0s MemAvailable=156.9GiB
[virtiofs-pipeline-bulk] repetition 3/3 elapsed=27.3/35.0s MemAvailable=157.1GiB
[virtiofs-pipeline-bulk] repetition 3/3 elapsed=32.8/35.0s MemAvailable=157.1GiB
[scenario 242/392] virtiofs-pipeline-shared-both
[virtiofs-pipeline-shared-both] repetition 1/3 elapsed=0.1/35.0s MemAvailable=157.3GiB
[virtiofs-pipeline-shared-both] repetition 1/3 elapsed=5.3/35.0s MemAvailable=157.0GiB
[virtiofs-pipeline-shared-both] repetition 1/3 elapsed=10.5/35.0s MemAvailable=157.0GiB
[virtiofs-pipeline-shared-both] repetition 1/3 elapsed=15.7/35.0s MemAvailable=157.0GiB
[virtiofs-pipeline-shared-both] repetition 1/3 elapsed=21.0/35.0s MemAvailable=157.0GiB
[virtiofs-pipeline-shared-both] repetition 1/3 elapsed=26.2/35.0s MemAvailable=157.1GiB
[virtiofs-pipeline-shared-both] repetition 1/3 elapsed=31.4/35.0s MemAvailable=157.2GiB
[scenario 243/392] virtiofs-pipeline-shared-both
[virtiofs-pipeline-shared-both] repetition 2/3 elapsed=0.1/35.0s MemAvailable=157.5GiB
[virtiofs-pipeline-shared-both] repetition 2/3 elapsed=5.3/35.0s MemAvailable=157.2GiB
[virtiofs-pipeline-shared-both] repetition 2/3 elapsed=10.5/35.0s MemAvailable=157.2GiB
[virtiofs-pipeline-shared-both] repetition 2/3 elapsed=15.8/35.0s MemAvailable=157.2GiB
[virtiofs-pipeline-shared-both] repetition 2/3 elapsed=21.0/35.0s MemAvailable=157.2GiB
[virtiofs-pipeline-shared-both] repetition 2/3 elapsed=26.2/35.0s MemAvailable=157.2GiB
[virtiofs-pipeline-shared-both] repetition 2/3 elapsed=31.5/35.0s MemAvailable=157.2GiB
[scenario 244/392] virtiofs-pipeline-shared-both
[virtiofs-pipeline-shared-both] repetition 3/3 elapsed=0.1/35.0s MemAvailable=157.4GiB
[virtiofs-pipeline-shared-both] repetition 3/3 elapsed=5.3/35.0s MemAvailable=157.1GiB
[virtiofs-pipeline-shared-both] repetition 3/3 elapsed=10.5/35.0s MemAvailable=157.2GiB
[virtiofs-pipeline-shared-both] repetition 3/3 elapsed=15.8/35.0s MemAvailable=157.1GiB
[virtiofs-pipeline-shared-both] repetition 3/3 elapsed=21.0/35.0s MemAvailable=157.2GiB
[virtiofs-pipeline-shared-both] repetition 3/3 elapsed=26.2/35.0s MemAvailable=157.2GiB
[virtiofs-pipeline-shared-both] repetition 3/3 elapsed=31.5/35.0s MemAvailable=157.2GiB
[scenario 245/392] ext4-first-pass
[ext4-first-pass] repetition 1/1 elapsed=0.1/75.0s MemAvailable=157.5GiB
[ext4-first-pass] repetition 1/1 elapsed=5.3/75.0s MemAvailable=157.5GiB
[scenario 246/392] ext4-read-1048576-direct0-qd1
[ext4-read-1048576-direct0-qd1] repetition 1/3 elapsed=0.1/35.0s MemAvailable=157.5GiB
[ext4-read-1048576-direct0-qd1] repetition 1/3 elapsed=5.3/35.0s MemAvailable=157.5GiB
[ext4-read-1048576-direct0-qd1] repetition 1/3 elapsed=10.5/35.0s MemAvailable=157.6GiB
[ext4-read-1048576-direct0-qd1] repetition 1/3 elapsed=15.7/35.0s MemAvailable=157.6GiB
[ext4-read-1048576-direct0-qd1] repetition 1/3 elapsed=21.0/35.0s MemAvailable=157.6GiB
[ext4-read-1048576-direct0-qd1] repetition 1/3 elapsed=26.2/35.0s MemAvailable=157.6GiB
[ext4-read-1048576-direct0-qd1] repetition 1/3 elapsed=31.4/35.0s MemAvailable=157.6GiB
[scenario 247/392] ext4-read-1048576-direct0-qd1
[ext4-read-1048576-direct0-qd1] repetition 2/3 elapsed=0.1/35.0s MemAvailable=157.6GiB
[ext4-read-1048576-direct0-qd1] repetition 2/3 elapsed=5.3/35.0s MemAvailable=157.6GiB
[ext4-read-1048576-direct0-qd1] repetition 2/3 elapsed=10.5/35.0s MemAvailable=157.5GiB
[ext4-read-1048576-direct0-qd1] repetition 2/3 elapsed=15.7/35.0s MemAvailable=157.6GiB
[ext4-read-1048576-direct0-qd1] repetition 2/3 elapsed=21.0/35.0s MemAvailable=157.6GiB
[ext4-read-1048576-direct0-qd1] repetition 2/3 elapsed=26.2/35.0s MemAvailable=157.6GiB
[ext4-read-1048576-direct0-qd1] repetition 2/3 elapsed=31.4/35.0s MemAvailable=157.6GiB
[scenario 248/392] ext4-read-1048576-direct0-qd1
[ext4-read-1048576-direct0-qd1] repetition 3/3 elapsed=0.1/35.0s MemAvailable=157.6GiB
[ext4-read-1048576-direct0-qd1] repetition 3/3 elapsed=5.3/35.0s MemAvailable=157.6GiB
[ext4-read-1048576-direct0-qd1] repetition 3/3 elapsed=10.5/35.0s MemAvailable=157.6GiB
[ext4-read-1048576-direct0-qd1] repetition 3/3 elapsed=15.7/35.0s MemAvailable=157.6GiB
[ext4-read-1048576-direct0-qd1] repetition 3/3 elapsed=21.0/35.0s MemAvailable=157.6GiB
[ext4-read-1048576-direct0-qd1] repetition 3/3 elapsed=26.2/35.0s MemAvailable=157.6GiB
[ext4-read-1048576-direct0-qd1] repetition 3/3 elapsed=31.4/35.0s MemAvailable=157.6GiB
[scenario 249/392] ext4-read-1048576-direct1-qd8
[ext4-read-1048576-direct1-qd8] repetition 1/3 elapsed=0.1/35.0s MemAvailable=157.6GiB
[ext4-read-1048576-direct1-qd8] repetition 1/3 elapsed=5.3/35.0s MemAvailable=157.6GiB
[ext4-read-1048576-direct1-qd8] repetition 1/3 elapsed=10.5/35.0s MemAvailable=157.5GiB
[ext4-read-1048576-direct1-qd8] repetition 1/3 elapsed=15.7/35.0s MemAvailable=157.5GiB
[ext4-read-1048576-direct1-qd8] repetition 1/3 elapsed=21.0/35.0s MemAvailable=157.5GiB
[ext4-read-1048576-direct1-qd8] repetition 1/3 elapsed=26.2/35.0s MemAvailable=157.6GiB
[ext4-read-1048576-direct1-qd8] repetition 1/3 elapsed=31.4/35.0s MemAvailable=157.5GiB
[scenario 250/392] ext4-read-1048576-direct1-qd8
[ext4-read-1048576-direct1-qd8] repetition 2/3 elapsed=0.1/35.0s MemAvailable=157.6GiB
[ext4-read-1048576-direct1-qd8] repetition 2/3 elapsed=5.3/35.0s MemAvailable=157.5GiB
[ext4-read-1048576-direct1-qd8] repetition 2/3 elapsed=10.5/35.0s MemAvailable=157.6GiB
[ext4-read-1048576-direct1-qd8] repetition 2/3 elapsed=15.7/35.0s MemAvailable=157.6GiB
[ext4-read-1048576-direct1-qd8] repetition 2/3 elapsed=21.0/35.0s MemAvailable=157.5GiB
[ext4-read-1048576-direct1-qd8] repetition 2/3 elapsed=26.2/35.0s MemAvailable=157.6GiB
[ext4-read-1048576-direct1-qd8] repetition 2/3 elapsed=31.4/35.0s MemAvailable=157.5GiB
[scenario 251/392] ext4-read-1048576-direct1-qd8
[ext4-read-1048576-direct1-qd8] repetition 3/3 elapsed=0.1/35.0s MemAvailable=157.6GiB
[ext4-read-1048576-direct1-qd8] repetition 3/3 elapsed=5.3/35.0s MemAvailable=157.5GiB
[ext4-read-1048576-direct1-qd8] repetition 3/3 elapsed=10.5/35.0s MemAvailable=157.5GiB
[ext4-read-1048576-direct1-qd8] repetition 3/3 elapsed=15.7/35.0s MemAvailable=157.5GiB
[ext4-read-1048576-direct1-qd8] repetition 3/3 elapsed=21.0/35.0s MemAvailable=157.5GiB
[ext4-read-1048576-direct1-qd8] repetition 3/3 elapsed=26.2/35.0s MemAvailable=157.5GiB
[ext4-read-1048576-direct1-qd8] repetition 3/3 elapsed=31.4/35.0s MemAvailable=157.5GiB
[scenario 252/392] ext4-randread-4096-direct1-qd1
[ext4-randread-4096-direct1-qd1] repetition 1/3 elapsed=0.1/35.0s MemAvailable=157.5GiB
[ext4-randread-4096-direct1-qd1] repetition 1/3 elapsed=5.3/35.0s MemAvailable=157.5GiB
[ext4-randread-4096-direct1-qd1] repetition 1/3 elapsed=10.5/35.0s MemAvailable=157.5GiB
[ext4-randread-4096-direct1-qd1] repetition 1/3 elapsed=15.7/35.0s MemAvailable=157.6GiB
[ext4-randread-4096-direct1-qd1] repetition 1/3 elapsed=21.0/35.0s MemAvailable=157.6GiB
[ext4-randread-4096-direct1-qd1] repetition 1/3 elapsed=26.2/35.0s MemAvailable=157.6GiB
[ext4-randread-4096-direct1-qd1] repetition 1/3 elapsed=31.4/35.0s MemAvailable=157.5GiB
[scenario 253/392] ext4-randread-4096-direct1-qd1
[ext4-randread-4096-direct1-qd1] repetition 2/3 elapsed=0.1/35.0s MemAvailable=157.5GiB
[ext4-randread-4096-direct1-qd1] repetition 2/3 elapsed=5.3/35.0s MemAvailable=157.5GiB
[ext4-randread-4096-direct1-qd1] repetition 2/3 elapsed=10.5/35.0s MemAvailable=157.5GiB
[ext4-randread-4096-direct1-qd1] repetition 2/3 elapsed=15.7/35.0s MemAvailable=157.5GiB
[ext4-randread-4096-direct1-qd1] repetition 2/3 elapsed=21.0/35.0s MemAvailable=157.6GiB
[ext4-randread-4096-direct1-qd1] repetition 2/3 elapsed=26.2/35.0s MemAvailable=157.6GiB
[ext4-randread-4096-direct1-qd1] repetition 2/3 elapsed=31.4/35.0s MemAvailable=157.6GiB
[scenario 254/392] ext4-randread-4096-direct1-qd1
[ext4-randread-4096-direct1-qd1] repetition 3/3 elapsed=0.1/35.0s MemAvailable=157.5GiB
[ext4-randread-4096-direct1-qd1] repetition 3/3 elapsed=5.3/35.0s MemAvailable=157.5GiB
[ext4-randread-4096-direct1-qd1] repetition 3/3 elapsed=10.5/35.0s MemAvailable=157.5GiB
[ext4-randread-4096-direct1-qd1] repetition 3/3 elapsed=15.7/35.0s MemAvailable=157.5GiB
[ext4-randread-4096-direct1-qd1] repetition 3/3 elapsed=21.0/35.0s MemAvailable=157.5GiB
[ext4-randread-4096-direct1-qd1] repetition 3/3 elapsed=26.2/35.0s MemAvailable=157.5GiB
[ext4-randread-4096-direct1-qd1] repetition 3/3 elapsed=31.4/35.0s MemAvailable=157.5GiB
[scenario 255/392] ext4-randread-4096-direct1-qd16
[ext4-randread-4096-direct1-qd16] repetition 1/3 elapsed=0.1/35.0s MemAvailable=157.5GiB
[ext4-randread-4096-direct1-qd16] repetition 1/3 elapsed=5.3/35.0s MemAvailable=157.5GiB
[ext4-randread-4096-direct1-qd16] repetition 1/3 elapsed=10.5/35.0s MemAvailable=157.6GiB
[ext4-randread-4096-direct1-qd16] repetition 1/3 elapsed=15.7/35.0s MemAvailable=157.6GiB
[ext4-randread-4096-direct1-qd16] repetition 1/3 elapsed=21.0/35.0s MemAvailable=157.5GiB
[ext4-randread-4096-direct1-qd16] repetition 1/3 elapsed=26.2/35.0s MemAvailable=157.5GiB
[ext4-randread-4096-direct1-qd16] repetition 1/3 elapsed=31.4/35.0s MemAvailable=157.5GiB
[scenario 256/392] ext4-randread-4096-direct1-qd16
[ext4-randread-4096-direct1-qd16] repetition 2/3 elapsed=0.1/35.0s MemAvailable=157.6GiB
[ext4-randread-4096-direct1-qd16] repetition 2/3 elapsed=5.3/35.0s MemAvailable=157.6GiB
[ext4-randread-4096-direct1-qd16] repetition 2/3 elapsed=10.5/35.0s MemAvailable=157.6GiB
[ext4-randread-4096-direct1-qd16] repetition 2/3 elapsed=15.7/35.0s MemAvailable=157.6GiB
[ext4-randread-4096-direct1-qd16] repetition 2/3 elapsed=21.0/35.0s MemAvailable=157.5GiB
[ext4-randread-4096-direct1-qd16] repetition 2/3 elapsed=26.2/35.0s MemAvailable=157.6GiB
[ext4-randread-4096-direct1-qd16] repetition 2/3 elapsed=31.4/35.0s MemAvailable=157.6GiB
[scenario 257/392] ext4-randread-4096-direct1-qd16
[ext4-randread-4096-direct1-qd16] repetition 3/3 elapsed=0.1/35.0s MemAvailable=157.6GiB
[ext4-randread-4096-direct1-qd16] repetition 3/3 elapsed=5.3/35.0s MemAvailable=157.6GiB
[ext4-randread-4096-direct1-qd16] repetition 3/3 elapsed=10.5/35.0s MemAvailable=157.5GiB
[ext4-randread-4096-direct1-qd16] repetition 3/3 elapsed=15.7/35.0s MemAvailable=157.5GiB
[ext4-randread-4096-direct1-qd16] repetition 3/3 elapsed=21.0/35.0s MemAvailable=157.6GiB
[ext4-randread-4096-direct1-qd16] repetition 3/3 elapsed=26.2/35.0s MemAvailable=157.6GiB
[ext4-randread-4096-direct1-qd16] repetition 3/3 elapsed=31.4/35.0s MemAvailable=157.5GiB
[scenario 258/392] ext4-randread-262144-direct1-qd8
[ext4-randread-262144-direct1-qd8] repetition 1/3 elapsed=0.1/35.0s MemAvailable=157.6GiB
[ext4-randread-262144-direct1-qd8] repetition 1/3 elapsed=5.3/35.0s MemAvailable=157.6GiB
[ext4-randread-262144-direct1-qd8] repetition 1/3 elapsed=10.5/35.0s MemAvailable=157.6GiB
[ext4-randread-262144-direct1-qd8] repetition 1/3 elapsed=15.7/35.0s MemAvailable=157.6GiB
[ext4-randread-262144-direct1-qd8] repetition 1/3 elapsed=21.0/35.0s MemAvailable=157.6GiB
[ext4-randread-262144-direct1-qd8] repetition 1/3 elapsed=26.2/35.0s MemAvailable=157.6GiB
[ext4-randread-262144-direct1-qd8] repetition 1/3 elapsed=31.4/35.0s MemAvailable=157.6GiB
[scenario 259/392] ext4-randread-262144-direct1-qd8
[ext4-randread-262144-direct1-qd8] repetition 2/3 elapsed=0.1/35.0s MemAvailable=157.5GiB
[ext4-randread-262144-direct1-qd8] repetition 2/3 elapsed=5.3/35.0s MemAvailable=157.5GiB
[ext4-randread-262144-direct1-qd8] repetition 2/3 elapsed=10.5/35.0s MemAvailable=157.6GiB
[ext4-randread-262144-direct1-qd8] repetition 2/3 elapsed=15.7/35.0s MemAvailable=157.6GiB
[ext4-randread-262144-direct1-qd8] repetition 2/3 elapsed=21.0/35.0s MemAvailable=157.6GiB
[ext4-randread-262144-direct1-qd8] repetition 2/3 elapsed=26.2/35.0s MemAvailable=157.5GiB
[ext4-randread-262144-direct1-qd8] repetition 2/3 elapsed=31.4/35.0s MemAvailable=157.5GiB
[scenario 260/392] ext4-randread-262144-direct1-qd8
[ext4-randread-262144-direct1-qd8] repetition 3/3 elapsed=0.1/35.0s MemAvailable=157.6GiB
[ext4-randread-262144-direct1-qd8] repetition 3/3 elapsed=5.3/35.0s MemAvailable=157.6GiB
[ext4-randread-262144-direct1-qd8] repetition 3/3 elapsed=10.5/35.0s MemAvailable=157.6GiB
[ext4-randread-262144-direct1-qd8] repetition 3/3 elapsed=15.7/35.0s MemAvailable=157.6GiB
[ext4-randread-262144-direct1-qd8] repetition 3/3 elapsed=21.0/35.0s MemAvailable=157.6GiB
[ext4-randread-262144-direct1-qd8] repetition 3/3 elapsed=26.2/35.0s MemAvailable=157.6GiB
[ext4-randread-262144-direct1-qd8] repetition 3/3 elapsed=31.4/35.0s MemAvailable=157.6GiB
[scenario 261/392] ext4-randread-3145728-direct1-qd1
[ext4-randread-3145728-direct1-qd1] repetition 1/3 elapsed=0.1/35.0s MemAvailable=157.6GiB
[ext4-randread-3145728-direct1-qd1] repetition 1/3 elapsed=5.3/35.0s MemAvailable=157.5GiB
[ext4-randread-3145728-direct1-qd1] repetition 1/3 elapsed=10.5/35.0s MemAvailable=157.6GiB
[ext4-randread-3145728-direct1-qd1] repetition 1/3 elapsed=15.7/35.0s MemAvailable=157.5GiB
[ext4-randread-3145728-direct1-qd1] repetition 1/3 elapsed=21.0/35.0s MemAvailable=157.5GiB
[ext4-randread-3145728-direct1-qd1] repetition 1/3 elapsed=26.2/35.0s MemAvailable=157.5GiB
[ext4-randread-3145728-direct1-qd1] repetition 1/3 elapsed=31.4/35.0s MemAvailable=157.5GiB
[scenario 262/392] ext4-randread-3145728-direct1-qd1
[ext4-randread-3145728-direct1-qd1] repetition 2/3 elapsed=0.1/35.0s MemAvailable=157.6GiB
[ext4-randread-3145728-direct1-qd1] repetition 2/3 elapsed=5.3/35.0s MemAvailable=157.6GiB
[ext4-randread-3145728-direct1-qd1] repetition 2/3 elapsed=10.5/35.0s MemAvailable=157.6GiB
[ext4-randread-3145728-direct1-qd1] repetition 2/3 elapsed=15.7/35.0s MemAvailable=157.5GiB
[ext4-randread-3145728-direct1-qd1] repetition 2/3 elapsed=21.0/35.0s MemAvailable=157.6GiB
[ext4-randread-3145728-direct1-qd1] repetition 2/3 elapsed=26.2/35.0s MemAvailable=157.6GiB
[ext4-randread-3145728-direct1-qd1] repetition 2/3 elapsed=31.4/35.0s MemAvailable=157.6GiB
[scenario 263/392] ext4-randread-3145728-direct1-qd1
[ext4-randread-3145728-direct1-qd1] repetition 3/3 elapsed=0.1/35.0s MemAvailable=157.6GiB
[ext4-randread-3145728-direct1-qd1] repetition 3/3 elapsed=5.3/35.0s MemAvailable=157.5GiB
[ext4-randread-3145728-direct1-qd1] repetition 3/3 elapsed=10.5/35.0s MemAvailable=157.5GiB
[ext4-randread-3145728-direct1-qd1] repetition 3/3 elapsed=15.7/35.0s MemAvailable=157.6GiB
[ext4-randread-3145728-direct1-qd1] repetition 3/3 elapsed=20.9/35.0s MemAvailable=157.5GiB
[ext4-randread-3145728-direct1-qd1] repetition 3/3 elapsed=26.2/35.0s MemAvailable=157.5GiB
[ext4-randread-3145728-direct1-qd1] repetition 3/3 elapsed=31.4/35.0s MemAvailable=157.6GiB
[scenario 264/392] ext4-randread-3145728-direct1-qd8
[ext4-randread-3145728-direct1-qd8] repetition 1/3 elapsed=0.1/35.0s MemAvailable=157.6GiB
[ext4-randread-3145728-direct1-qd8] repetition 1/3 elapsed=5.3/35.0s MemAvailable=157.5GiB
[ext4-randread-3145728-direct1-qd8] repetition 1/3 elapsed=10.5/35.0s MemAvailable=157.5GiB
[ext4-randread-3145728-direct1-qd8] repetition 1/3 elapsed=15.7/35.0s MemAvailable=157.5GiB
[ext4-randread-3145728-direct1-qd8] repetition 1/3 elapsed=21.0/35.0s MemAvailable=157.5GiB
[ext4-randread-3145728-direct1-qd8] repetition 1/3 elapsed=26.2/35.0s MemAvailable=157.5GiB
[ext4-randread-3145728-direct1-qd8] repetition 1/3 elapsed=31.4/35.0s MemAvailable=157.5GiB
[scenario 265/392] ext4-randread-3145728-direct1-qd8
[ext4-randread-3145728-direct1-qd8] repetition 2/3 elapsed=0.1/35.0s MemAvailable=157.6GiB
[ext4-randread-3145728-direct1-qd8] repetition 2/3 elapsed=5.3/35.0s MemAvailable=157.6GiB
[ext4-randread-3145728-direct1-qd8] repetition 2/3 elapsed=10.5/35.0s MemAvailable=157.6GiB
[ext4-randread-3145728-direct1-qd8] repetition 2/3 elapsed=15.8/35.0s MemAvailable=157.5GiB
[ext4-randread-3145728-direct1-qd8] repetition 2/3 elapsed=21.0/35.0s MemAvailable=157.5GiB
[ext4-randread-3145728-direct1-qd8] repetition 2/3 elapsed=26.2/35.0s MemAvailable=157.5GiB
[ext4-randread-3145728-direct1-qd8] repetition 2/3 elapsed=31.4/35.0s MemAvailable=157.5GiB
[scenario 266/392] ext4-randread-3145728-direct1-qd8
[ext4-randread-3145728-direct1-qd8] repetition 3/3 elapsed=0.1/35.0s MemAvailable=157.5GiB
[ext4-randread-3145728-direct1-qd8] repetition 3/3 elapsed=5.3/35.0s MemAvailable=157.5GiB
[ext4-randread-3145728-direct1-qd8] repetition 3/3 elapsed=10.5/35.0s MemAvailable=157.5GiB
[ext4-randread-3145728-direct1-qd8] repetition 3/3 elapsed=15.8/35.0s MemAvailable=157.5GiB
[ext4-randread-3145728-direct1-qd8] repetition 3/3 elapsed=21.0/35.0s MemAvailable=157.5GiB
[ext4-randread-3145728-direct1-qd8] repetition 3/3 elapsed=26.2/35.0s MemAvailable=157.5GiB
[ext4-randread-3145728-direct1-qd8] repetition 3/3 elapsed=31.4/35.0s MemAvailable=157.5GiB
[scenario 267/392] ext4-randread-3145728-direct0-qd1
[ext4-randread-3145728-direct0-qd1] repetition 1/3 elapsed=0.1/35.0s MemAvailable=157.6GiB
[ext4-randread-3145728-direct0-qd1] repetition 1/3 elapsed=5.3/35.0s MemAvailable=157.5GiB
[ext4-randread-3145728-direct0-qd1] repetition 1/3 elapsed=10.5/35.0s MemAvailable=157.6GiB
[ext4-randread-3145728-direct0-qd1] repetition 1/3 elapsed=15.8/35.0s MemAvailable=157.6GiB
[ext4-randread-3145728-direct0-qd1] repetition 1/3 elapsed=21.0/35.0s MemAvailable=157.5GiB
[ext4-randread-3145728-direct0-qd1] repetition 1/3 elapsed=26.2/35.0s MemAvailable=157.5GiB
[ext4-randread-3145728-direct0-qd1] repetition 1/3 elapsed=31.4/35.0s MemAvailable=157.6GiB
[scenario 268/392] ext4-randread-3145728-direct0-qd1
[ext4-randread-3145728-direct0-qd1] repetition 2/3 elapsed=0.1/35.0s MemAvailable=157.6GiB
[ext4-randread-3145728-direct0-qd1] repetition 2/3 elapsed=5.3/35.0s MemAvailable=157.5GiB
[ext4-randread-3145728-direct0-qd1] repetition 2/3 elapsed=10.5/35.0s MemAvailable=157.5GiB
[ext4-randread-3145728-direct0-qd1] repetition 2/3 elapsed=15.8/35.0s MemAvailable=157.5GiB
[ext4-randread-3145728-direct0-qd1] repetition 2/3 elapsed=21.0/35.0s MemAvailable=157.5GiB
[ext4-randread-3145728-direct0-qd1] repetition 2/3 elapsed=26.2/35.0s MemAvailable=157.5GiB
[ext4-randread-3145728-direct0-qd1] repetition 2/3 elapsed=31.4/35.0s MemAvailable=157.5GiB
[scenario 269/392] ext4-randread-3145728-direct0-qd1
[ext4-randread-3145728-direct0-qd1] repetition 3/3 elapsed=0.1/35.0s MemAvailable=157.6GiB
[ext4-randread-3145728-direct0-qd1] repetition 3/3 elapsed=5.3/35.0s MemAvailable=157.6GiB
[ext4-randread-3145728-direct0-qd1] repetition 3/3 elapsed=10.5/35.0s MemAvailable=157.6GiB
[ext4-randread-3145728-direct0-qd1] repetition 3/3 elapsed=15.8/35.0s MemAvailable=157.6GiB
[ext4-randread-3145728-direct0-qd1] repetition 3/3 elapsed=21.0/35.0s MemAvailable=157.6GiB
[ext4-randread-3145728-direct0-qd1] repetition 3/3 elapsed=26.2/35.0s MemAvailable=157.6GiB
[ext4-randread-3145728-direct0-qd1] repetition 3/3 elapsed=31.4/35.0s MemAvailable=157.6GiB
[scenario 270/392] ext4-write-durable
[ext4-write-durable] repetition 1/3 elapsed=0.1/35.0s MemAvailable=157.6GiB
[ext4-write-durable] repetition 1/3 elapsed=5.3/35.0s MemAvailable=157.6GiB
[ext4-write-durable] repetition 1/3 elapsed=10.5/35.0s MemAvailable=157.6GiB
[ext4-write-durable] repetition 1/3 elapsed=15.7/35.0s MemAvailable=157.6GiB
[ext4-write-durable] repetition 1/3 elapsed=20.9/35.0s MemAvailable=157.6GiB
[ext4-write-durable] repetition 1/3 elapsed=26.2/35.0s MemAvailable=157.6GiB
[ext4-write-durable] repetition 1/3 elapsed=31.4/35.0s MemAvailable=157.6GiB
[ext4-write-durable] repetition 1/3 elapsed=36.6/35.0s MemAvailable=157.5GiB
[scenario 271/392] ext4-write-durable
[ext4-write-durable] repetition 2/3 elapsed=0.1/35.0s MemAvailable=157.5GiB
[ext4-write-durable] repetition 2/3 elapsed=5.3/35.0s MemAvailable=157.5GiB
[ext4-write-durable] repetition 2/3 elapsed=10.5/35.0s MemAvailable=157.6GiB
[ext4-write-durable] repetition 2/3 elapsed=15.7/35.0s MemAvailable=157.6GiB
[ext4-write-durable] repetition 2/3 elapsed=21.0/35.0s MemAvailable=157.6GiB
[ext4-write-durable] repetition 2/3 elapsed=26.2/35.0s MemAvailable=157.6GiB
[ext4-write-durable] repetition 2/3 elapsed=31.4/35.0s MemAvailable=157.6GiB
[ext4-write-durable] repetition 2/3 elapsed=36.6/35.0s MemAvailable=157.6GiB
[scenario 272/392] ext4-write-durable
[ext4-write-durable] repetition 3/3 elapsed=0.1/35.0s MemAvailable=157.6GiB
[ext4-write-durable] repetition 3/3 elapsed=5.3/35.0s MemAvailable=157.5GiB
[ext4-write-durable] repetition 3/3 elapsed=10.5/35.0s MemAvailable=157.5GiB
[ext4-write-durable] repetition 3/3 elapsed=15.7/35.0s MemAvailable=157.5GiB
[ext4-write-durable] repetition 3/3 elapsed=20.9/35.0s MemAvailable=157.5GiB
[ext4-write-durable] repetition 3/3 elapsed=26.2/35.0s MemAvailable=157.5GiB
[ext4-write-durable] repetition 3/3 elapsed=31.4/35.0s MemAvailable=157.5GiB
[ext4-write-durable] repetition 3/3 elapsed=36.6/35.0s MemAvailable=157.6GiB
[scenario 273/392] ext4-pipeline-gpu0-b1
[ext4-pipeline-gpu0-b1] repetition 1/3 elapsed=0.1/35.0s MemAvailable=157.6GiB
[ext4-pipeline-gpu0-b1] repetition 1/3 elapsed=5.3/35.0s MemAvailable=157.3GiB
[ext4-pipeline-gpu0-b1] repetition 1/3 elapsed=10.5/35.0s MemAvailable=157.3GiB
[ext4-pipeline-gpu0-b1] repetition 1/3 elapsed=15.7/35.0s MemAvailable=157.3GiB
[ext4-pipeline-gpu0-b1] repetition 1/3 elapsed=20.9/35.0s MemAvailable=157.3GiB
[ext4-pipeline-gpu0-b1] repetition 1/3 elapsed=26.1/35.0s MemAvailable=157.2GiB
[ext4-pipeline-gpu0-b1] repetition 1/3 elapsed=31.4/35.0s MemAvailable=157.2GiB
[scenario 274/392] ext4-pipeline-gpu0-b1
[ext4-pipeline-gpu0-b1] repetition 2/3 elapsed=0.1/35.0s MemAvailable=157.5GiB
[ext4-pipeline-gpu0-b1] repetition 2/3 elapsed=5.3/35.0s MemAvailable=157.3GiB
[ext4-pipeline-gpu0-b1] repetition 2/3 elapsed=10.5/35.0s MemAvailable=157.3GiB
[ext4-pipeline-gpu0-b1] repetition 2/3 elapsed=15.7/35.0s MemAvailable=157.3GiB
[ext4-pipeline-gpu0-b1] repetition 2/3 elapsed=20.9/35.0s MemAvailable=157.3GiB
[ext4-pipeline-gpu0-b1] repetition 2/3 elapsed=26.2/35.0s MemAvailable=157.3GiB
[ext4-pipeline-gpu0-b1] repetition 2/3 elapsed=31.4/35.0s MemAvailable=157.3GiB
[scenario 275/392] ext4-pipeline-gpu0-b1
[ext4-pipeline-gpu0-b1] repetition 3/3 elapsed=0.1/35.0s MemAvailable=157.6GiB
[ext4-pipeline-gpu0-b1] repetition 3/3 elapsed=5.3/35.0s MemAvailable=157.3GiB
[ext4-pipeline-gpu0-b1] repetition 3/3 elapsed=10.5/35.0s MemAvailable=157.3GiB
[ext4-pipeline-gpu0-b1] repetition 3/3 elapsed=15.7/35.0s MemAvailable=157.3GiB
[ext4-pipeline-gpu0-b1] repetition 3/3 elapsed=20.9/35.0s MemAvailable=157.3GiB
[ext4-pipeline-gpu0-b1] repetition 3/3 elapsed=26.1/35.0s MemAvailable=157.3GiB
[ext4-pipeline-gpu0-b1] repetition 3/3 elapsed=31.4/35.0s MemAvailable=157.2GiB
[scenario 276/392] ext4-pipeline-gpu0-b3
[ext4-pipeline-gpu0-b3] repetition 1/3 elapsed=0.1/35.0s MemAvailable=157.6GiB
[ext4-pipeline-gpu0-b3] repetition 1/3 elapsed=5.3/35.0s MemAvailable=157.3GiB
[ext4-pipeline-gpu0-b3] repetition 1/3 elapsed=10.5/35.0s MemAvailable=157.3GiB
[ext4-pipeline-gpu0-b3] repetition 1/3 elapsed=15.7/35.0s MemAvailable=157.3GiB
[ext4-pipeline-gpu0-b3] repetition 1/3 elapsed=20.9/35.0s MemAvailable=157.3GiB
[ext4-pipeline-gpu0-b3] repetition 1/3 elapsed=26.2/35.0s MemAvailable=157.3GiB
[ext4-pipeline-gpu0-b3] repetition 1/3 elapsed=31.4/35.0s MemAvailable=157.3GiB
[scenario 277/392] ext4-pipeline-gpu0-b3
[ext4-pipeline-gpu0-b3] repetition 2/3 elapsed=0.1/35.0s MemAvailable=157.6GiB
[ext4-pipeline-gpu0-b3] repetition 2/3 elapsed=5.3/35.0s MemAvailable=157.3GiB
[ext4-pipeline-gpu0-b3] repetition 2/3 elapsed=10.5/35.0s MemAvailable=157.3GiB
[ext4-pipeline-gpu0-b3] repetition 2/3 elapsed=15.7/35.0s MemAvailable=157.3GiB
[ext4-pipeline-gpu0-b3] repetition 2/3 elapsed=20.9/35.0s MemAvailable=157.3GiB
[ext4-pipeline-gpu0-b3] repetition 2/3 elapsed=26.1/35.0s MemAvailable=157.3GiB
[ext4-pipeline-gpu0-b3] repetition 2/3 elapsed=31.4/35.0s MemAvailable=157.3GiB
[scenario 278/392] ext4-pipeline-gpu0-b3
[ext4-pipeline-gpu0-b3] repetition 3/3 elapsed=0.1/35.0s MemAvailable=157.6GiB
[ext4-pipeline-gpu0-b3] repetition 3/3 elapsed=5.3/35.0s MemAvailable=157.3GiB
[ext4-pipeline-gpu0-b3] repetition 3/3 elapsed=10.5/35.0s MemAvailable=157.3GiB
[ext4-pipeline-gpu0-b3] repetition 3/3 elapsed=15.7/35.0s MemAvailable=157.3GiB
[ext4-pipeline-gpu0-b3] repetition 3/3 elapsed=20.9/35.0s MemAvailable=157.3GiB
[ext4-pipeline-gpu0-b3] repetition 3/3 elapsed=26.1/35.0s MemAvailable=157.3GiB
[ext4-pipeline-gpu0-b3] repetition 3/3 elapsed=31.4/35.0s MemAvailable=157.3GiB
[scenario 279/392] ext4-pipeline-gpu1-b1
[ext4-pipeline-gpu1-b1] repetition 1/3 elapsed=0.1/35.0s MemAvailable=157.6GiB
[ext4-pipeline-gpu1-b1] repetition 1/3 elapsed=5.3/35.0s MemAvailable=157.3GiB
[ext4-pipeline-gpu1-b1] repetition 1/3 elapsed=10.5/35.0s MemAvailable=157.3GiB
[ext4-pipeline-gpu1-b1] repetition 1/3 elapsed=15.7/35.0s MemAvailable=157.3GiB
[ext4-pipeline-gpu1-b1] repetition 1/3 elapsed=20.9/35.0s MemAvailable=157.3GiB
[ext4-pipeline-gpu1-b1] repetition 1/3 elapsed=26.2/35.0s MemAvailable=157.3GiB
[ext4-pipeline-gpu1-b1] repetition 1/3 elapsed=31.4/35.0s MemAvailable=157.3GiB
[scenario 280/392] ext4-pipeline-gpu1-b1
[ext4-pipeline-gpu1-b1] repetition 2/3 elapsed=0.1/35.0s MemAvailable=157.6GiB
[ext4-pipeline-gpu1-b1] repetition 2/3 elapsed=5.3/35.0s MemAvailable=157.3GiB
[ext4-pipeline-gpu1-b1] repetition 2/3 elapsed=10.5/35.0s MemAvailable=157.3GiB
[ext4-pipeline-gpu1-b1] repetition 2/3 elapsed=15.7/35.0s MemAvailable=157.3GiB
[ext4-pipeline-gpu1-b1] repetition 2/3 elapsed=20.9/35.0s MemAvailable=157.3GiB
[ext4-pipeline-gpu1-b1] repetition 2/3 elapsed=26.2/35.0s MemAvailable=157.3GiB
[ext4-pipeline-gpu1-b1] repetition 2/3 elapsed=31.4/35.0s MemAvailable=157.3GiB
[scenario 281/392] ext4-pipeline-gpu1-b1
[ext4-pipeline-gpu1-b1] repetition 3/3 elapsed=0.1/35.0s MemAvailable=157.6GiB
[ext4-pipeline-gpu1-b1] repetition 3/3 elapsed=5.3/35.0s MemAvailable=157.3GiB
[ext4-pipeline-gpu1-b1] repetition 3/3 elapsed=10.5/35.0s MemAvailable=157.3GiB
[ext4-pipeline-gpu1-b1] repetition 3/3 elapsed=15.7/35.0s MemAvailable=157.3GiB
[ext4-pipeline-gpu1-b1] repetition 3/3 elapsed=20.9/35.0s MemAvailable=157.3GiB
[ext4-pipeline-gpu1-b1] repetition 3/3 elapsed=26.2/35.0s MemAvailable=157.3GiB
[ext4-pipeline-gpu1-b1] repetition 3/3 elapsed=31.4/35.0s MemAvailable=157.3GiB
[scenario 282/392] ext4-pipeline-gpu1-b3
[ext4-pipeline-gpu1-b3] repetition 1/3 elapsed=0.1/35.0s MemAvailable=157.6GiB
[ext4-pipeline-gpu1-b3] repetition 1/3 elapsed=5.3/35.0s MemAvailable=157.3GiB
[ext4-pipeline-gpu1-b3] repetition 1/3 elapsed=10.5/35.0s MemAvailable=157.3GiB
[ext4-pipeline-gpu1-b3] repetition 1/3 elapsed=15.7/35.0s MemAvailable=157.3GiB
[ext4-pipeline-gpu1-b3] repetition 1/3 elapsed=21.0/35.0s MemAvailable=157.3GiB
[ext4-pipeline-gpu1-b3] repetition 1/3 elapsed=26.2/35.0s MemAvailable=157.3GiB
[ext4-pipeline-gpu1-b3] repetition 1/3 elapsed=31.4/35.0s MemAvailable=157.3GiB
[scenario 283/392] ext4-pipeline-gpu1-b3
[ext4-pipeline-gpu1-b3] repetition 2/3 elapsed=0.1/35.0s MemAvailable=157.6GiB
[ext4-pipeline-gpu1-b3] repetition 2/3 elapsed=5.3/35.0s MemAvailable=157.3GiB
[ext4-pipeline-gpu1-b3] repetition 2/3 elapsed=10.5/35.0s MemAvailable=157.3GiB
[ext4-pipeline-gpu1-b3] repetition 2/3 elapsed=15.7/35.0s MemAvailable=157.3GiB
[ext4-pipeline-gpu1-b3] repetition 2/3 elapsed=21.0/35.0s MemAvailable=157.3GiB
[ext4-pipeline-gpu1-b3] repetition 2/3 elapsed=26.2/35.0s MemAvailable=157.3GiB
[ext4-pipeline-gpu1-b3] repetition 2/3 elapsed=31.4/35.0s MemAvailable=157.3GiB
[scenario 284/392] ext4-pipeline-gpu1-b3
[ext4-pipeline-gpu1-b3] repetition 3/3 elapsed=0.1/35.0s MemAvailable=157.6GiB
[ext4-pipeline-gpu1-b3] repetition 3/3 elapsed=5.3/35.0s MemAvailable=157.3GiB
[ext4-pipeline-gpu1-b3] repetition 3/3 elapsed=10.5/35.0s MemAvailable=157.3GiB
[ext4-pipeline-gpu1-b3] repetition 3/3 elapsed=15.7/35.0s MemAvailable=157.3GiB
[ext4-pipeline-gpu1-b3] repetition 3/3 elapsed=20.9/35.0s MemAvailable=157.3GiB
[ext4-pipeline-gpu1-b3] repetition 3/3 elapsed=26.2/35.0s MemAvailable=157.3GiB
[ext4-pipeline-gpu1-b3] repetition 3/3 elapsed=31.4/35.0s MemAvailable=157.3GiB
[scenario 285/392] ext4-pipeline-stage
[ext4-pipeline-stage] repetition 1/3 elapsed=0.1/35.0s MemAvailable=157.6GiB
[ext4-pipeline-stage] repetition 1/3 elapsed=5.3/35.0s MemAvailable=157.3GiB
[ext4-pipeline-stage] repetition 1/3 elapsed=10.5/35.0s MemAvailable=157.3GiB
[ext4-pipeline-stage] repetition 1/3 elapsed=15.7/35.0s MemAvailable=157.3GiB
[ext4-pipeline-stage] repetition 1/3 elapsed=20.9/35.0s MemAvailable=157.3GiB
[ext4-pipeline-stage] repetition 1/3 elapsed=26.2/35.0s MemAvailable=157.3GiB
[ext4-pipeline-stage] repetition 1/3 elapsed=31.4/35.0s MemAvailable=157.3GiB
[scenario 286/392] ext4-pipeline-stage
[ext4-pipeline-stage] repetition 2/3 elapsed=0.1/35.0s MemAvailable=157.6GiB
[ext4-pipeline-stage] repetition 2/3 elapsed=5.3/35.0s MemAvailable=157.3GiB
[ext4-pipeline-stage] repetition 2/3 elapsed=10.5/35.0s MemAvailable=157.3GiB
[ext4-pipeline-stage] repetition 2/3 elapsed=15.7/35.0s MemAvailable=157.3GiB
[ext4-pipeline-stage] repetition 2/3 elapsed=21.0/35.0s MemAvailable=157.3GiB
[ext4-pipeline-stage] repetition 2/3 elapsed=26.2/35.0s MemAvailable=157.3GiB
[ext4-pipeline-stage] repetition 2/3 elapsed=31.4/35.0s MemAvailable=157.3GiB
[scenario 287/392] ext4-pipeline-stage
[ext4-pipeline-stage] repetition 3/3 elapsed=0.1/35.0s MemAvailable=157.6GiB
[ext4-pipeline-stage] repetition 3/3 elapsed=5.3/35.0s MemAvailable=157.3GiB
[ext4-pipeline-stage] repetition 3/3 elapsed=10.5/35.0s MemAvailable=157.3GiB
[ext4-pipeline-stage] repetition 3/3 elapsed=15.7/35.0s MemAvailable=157.3GiB
[ext4-pipeline-stage] repetition 3/3 elapsed=21.0/35.0s MemAvailable=157.3GiB
[ext4-pipeline-stage] repetition 3/3 elapsed=26.2/35.0s MemAvailable=157.3GiB
[ext4-pipeline-stage] repetition 3/3 elapsed=31.4/35.0s MemAvailable=157.3GiB
[scenario 288/392] ext4-pipeline-readers2
[ext4-pipeline-readers2] repetition 1/3 elapsed=0.1/35.0s MemAvailable=157.6GiB
[ext4-pipeline-readers2] repetition 1/3 elapsed=5.3/35.0s MemAvailable=157.3GiB
[ext4-pipeline-readers2] repetition 1/3 elapsed=10.5/35.0s MemAvailable=157.3GiB
[ext4-pipeline-readers2] repetition 1/3 elapsed=15.7/35.0s MemAvailable=157.3GiB
[ext4-pipeline-readers2] repetition 1/3 elapsed=20.9/35.0s MemAvailable=157.3GiB
[ext4-pipeline-readers2] repetition 1/3 elapsed=26.2/35.0s MemAvailable=157.3GiB
[ext4-pipeline-readers2] repetition 1/3 elapsed=31.4/35.0s MemAvailable=157.3GiB
[scenario 289/392] ext4-pipeline-readers2
[ext4-pipeline-readers2] repetition 2/3 elapsed=0.1/35.0s MemAvailable=157.6GiB
[ext4-pipeline-readers2] repetition 2/3 elapsed=5.3/35.0s MemAvailable=157.3GiB
[ext4-pipeline-readers2] repetition 2/3 elapsed=10.5/35.0s MemAvailable=157.3GiB
[ext4-pipeline-readers2] repetition 2/3 elapsed=15.7/35.0s MemAvailable=157.3GiB
[ext4-pipeline-readers2] repetition 2/3 elapsed=20.9/35.0s MemAvailable=157.3GiB
[ext4-pipeline-readers2] repetition 2/3 elapsed=26.1/35.0s MemAvailable=157.3GiB
[ext4-pipeline-readers2] repetition 2/3 elapsed=31.4/35.0s MemAvailable=157.3GiB
[scenario 290/392] ext4-pipeline-readers2
[ext4-pipeline-readers2] repetition 3/3 elapsed=0.1/35.0s MemAvailable=157.6GiB
[ext4-pipeline-readers2] repetition 3/3 elapsed=5.3/35.0s MemAvailable=157.3GiB
[ext4-pipeline-readers2] repetition 3/3 elapsed=10.5/35.0s MemAvailable=157.3GiB
[ext4-pipeline-readers2] repetition 3/3 elapsed=15.7/35.0s MemAvailable=157.3GiB
[ext4-pipeline-readers2] repetition 3/3 elapsed=20.9/35.0s MemAvailable=157.3GiB
[ext4-pipeline-readers2] repetition 3/3 elapsed=26.1/35.0s MemAvailable=157.3GiB
[ext4-pipeline-readers2] repetition 3/3 elapsed=31.4/35.0s MemAvailable=157.3GiB
[scenario 291/392] ext4-pipeline-bulk
[ext4-pipeline-bulk] repetition 1/3 elapsed=0.1/35.0s MemAvailable=157.6GiB
[ext4-pipeline-bulk] repetition 1/3 elapsed=5.3/35.0s MemAvailable=157.0GiB
[ext4-pipeline-bulk] repetition 1/3 elapsed=10.5/35.0s MemAvailable=157.1GiB
[ext4-pipeline-bulk] repetition 1/3 elapsed=15.7/35.0s MemAvailable=157.1GiB
[ext4-pipeline-bulk] repetition 1/3 elapsed=21.0/35.0s MemAvailable=157.1GiB
[ext4-pipeline-bulk] repetition 1/3 elapsed=26.2/35.0s MemAvailable=157.1GiB
[ext4-pipeline-bulk] repetition 1/3 elapsed=31.4/35.0s MemAvailable=157.1GiB
[scenario 292/392] ext4-pipeline-bulk
[ext4-pipeline-bulk] repetition 2/3 elapsed=0.1/35.0s MemAvailable=157.5GiB
[ext4-pipeline-bulk] repetition 2/3 elapsed=5.3/35.0s MemAvailable=157.0GiB
[ext4-pipeline-bulk] repetition 2/3 elapsed=10.5/35.0s MemAvailable=157.1GiB
[ext4-pipeline-bulk] repetition 2/3 elapsed=15.7/35.0s MemAvailable=157.1GiB
[ext4-pipeline-bulk] repetition 2/3 elapsed=21.0/35.0s MemAvailable=157.1GiB
[ext4-pipeline-bulk] repetition 2/3 elapsed=26.2/35.0s MemAvailable=157.1GiB
[ext4-pipeline-bulk] repetition 2/3 elapsed=31.4/35.0s MemAvailable=157.1GiB
[scenario 293/392] ext4-pipeline-bulk
[ext4-pipeline-bulk] repetition 3/3 elapsed=0.1/35.0s MemAvailable=157.5GiB
[ext4-pipeline-bulk] repetition 3/3 elapsed=5.3/35.0s MemAvailable=157.1GiB
[ext4-pipeline-bulk] repetition 3/3 elapsed=10.5/35.0s MemAvailable=157.1GiB
[ext4-pipeline-bulk] repetition 3/3 elapsed=15.8/35.0s MemAvailable=157.1GiB
[ext4-pipeline-bulk] repetition 3/3 elapsed=21.0/35.0s MemAvailable=157.1GiB
[ext4-pipeline-bulk] repetition 3/3 elapsed=26.2/35.0s MemAvailable=157.1GiB
[ext4-pipeline-bulk] repetition 3/3 elapsed=31.4/35.0s MemAvailable=157.1GiB
[scenario 294/392] ext4-pipeline-shared-both
[ext4-pipeline-shared-both] repetition 1/3 elapsed=0.1/35.0s MemAvailable=157.5GiB
[ext4-pipeline-shared-both] repetition 1/3 elapsed=5.3/35.0s MemAvailable=157.2GiB
[ext4-pipeline-shared-both] repetition 1/3 elapsed=10.5/35.0s MemAvailable=157.2GiB
[ext4-pipeline-shared-both] repetition 1/3 elapsed=15.7/35.0s MemAvailable=157.2GiB
[ext4-pipeline-shared-both] repetition 1/3 elapsed=20.9/35.0s MemAvailable=157.3GiB
[ext4-pipeline-shared-both] repetition 1/3 elapsed=26.1/35.0s MemAvailable=157.2GiB
[ext4-pipeline-shared-both] repetition 1/3 elapsed=31.3/35.0s MemAvailable=157.2GiB
[scenario 295/392] ext4-pipeline-shared-both
[ext4-pipeline-shared-both] repetition 2/3 elapsed=0.1/35.0s MemAvailable=157.6GiB
[ext4-pipeline-shared-both] repetition 2/3 elapsed=5.3/35.0s MemAvailable=157.2GiB
[ext4-pipeline-shared-both] repetition 2/3 elapsed=10.5/35.0s MemAvailable=157.2GiB
[ext4-pipeline-shared-both] repetition 2/3 elapsed=15.7/35.0s MemAvailable=157.2GiB
[ext4-pipeline-shared-both] repetition 2/3 elapsed=20.9/35.0s MemAvailable=157.2GiB
[ext4-pipeline-shared-both] repetition 2/3 elapsed=26.1/35.0s MemAvailable=157.1GiB
[ext4-pipeline-shared-both] repetition 2/3 elapsed=31.3/35.0s MemAvailable=157.1GiB
[scenario 296/392] ext4-pipeline-shared-both
[ext4-pipeline-shared-both] repetition 3/3 elapsed=0.1/35.0s MemAvailable=157.6GiB
[ext4-pipeline-shared-both] repetition 3/3 elapsed=5.3/35.0s MemAvailable=157.3GiB
[ext4-pipeline-shared-both] repetition 3/3 elapsed=10.5/35.0s MemAvailable=157.2GiB
[ext4-pipeline-shared-both] repetition 3/3 elapsed=15.7/35.0s MemAvailable=157.3GiB
[ext4-pipeline-shared-both] repetition 3/3 elapsed=20.9/35.0s MemAvailable=157.3GiB
[ext4-pipeline-shared-both] repetition 3/3 elapsed=26.1/35.0s MemAvailable=157.2GiB
[ext4-pipeline-shared-both] repetition 3/3 elapsed=31.3/35.0s MemAvailable=157.2GiB
[scenario 297/392] residency-contiguous
[residency-contiguous] repetition 1/3 elapsed=0.1/35.0s MemAvailable=157.6GiB
[residency-contiguous] repetition 1/3 elapsed=5.3/35.0s MemAvailable=157.3GiB
[residency-contiguous] repetition 1/3 elapsed=10.5/35.0s MemAvailable=157.3GiB
[residency-contiguous] repetition 1/3 elapsed=15.8/35.0s MemAvailable=157.3GiB
[residency-contiguous] repetition 1/3 elapsed=21.0/35.0s MemAvailable=157.3GiB
[residency-contiguous] repetition 1/3 elapsed=26.2/35.0s MemAvailable=157.3GiB
[residency-contiguous] repetition 1/3 elapsed=31.5/35.0s MemAvailable=157.3GiB
[scenario 298/392] residency-contiguous
[residency-contiguous] repetition 2/3 elapsed=0.1/35.0s MemAvailable=157.6GiB
[residency-contiguous] repetition 2/3 elapsed=5.3/35.0s MemAvailable=157.3GiB
[residency-contiguous] repetition 2/3 elapsed=10.5/35.0s MemAvailable=157.3GiB
[residency-contiguous] repetition 2/3 elapsed=15.8/35.0s MemAvailable=157.2GiB
[residency-contiguous] repetition 2/3 elapsed=21.0/35.0s MemAvailable=157.2GiB
[residency-contiguous] repetition 2/3 elapsed=26.2/35.0s MemAvailable=157.2GiB
[residency-contiguous] repetition 2/3 elapsed=31.5/35.0s MemAvailable=157.3GiB
[scenario 299/392] residency-contiguous
[residency-contiguous] repetition 3/3 elapsed=0.1/35.0s MemAvailable=157.6GiB
[residency-contiguous] repetition 3/3 elapsed=5.3/35.0s MemAvailable=157.3GiB
[residency-contiguous] repetition 3/3 elapsed=10.5/35.0s MemAvailable=157.3GiB
[residency-contiguous] repetition 3/3 elapsed=15.8/35.0s MemAvailable=157.3GiB
[residency-contiguous] repetition 3/3 elapsed=21.0/35.0s MemAvailable=157.3GiB
[residency-contiguous] repetition 3/3 elapsed=26.2/35.0s MemAvailable=157.2GiB
[residency-contiguous] repetition 3/3 elapsed=31.5/35.0s MemAvailable=157.3GiB
[scenario 300/392] residency-pack
[residency-pack] repetition 1/3 elapsed=0.1/35.0s MemAvailable=157.6GiB
[residency-pack] repetition 1/3 elapsed=5.3/35.0s MemAvailable=157.3GiB
[residency-pack] repetition 1/3 elapsed=10.5/35.0s MemAvailable=157.3GiB
[residency-pack] repetition 1/3 elapsed=15.8/35.0s MemAvailable=157.3GiB
[residency-pack] repetition 1/3 elapsed=21.0/35.0s MemAvailable=157.3GiB
[residency-pack] repetition 1/3 elapsed=26.2/35.0s MemAvailable=157.3GiB
[residency-pack] repetition 1/3 elapsed=31.5/35.0s MemAvailable=157.3GiB
[scenario 301/392] residency-pack
[residency-pack] repetition 2/3 elapsed=0.1/35.0s MemAvailable=157.5GiB
[residency-pack] repetition 2/3 elapsed=5.3/35.0s MemAvailable=157.3GiB
[residency-pack] repetition 2/3 elapsed=10.5/35.0s MemAvailable=157.3GiB
[residency-pack] repetition 2/3 elapsed=15.8/35.0s MemAvailable=157.2GiB
[residency-pack] repetition 2/3 elapsed=21.0/35.0s MemAvailable=157.2GiB
[residency-pack] repetition 2/3 elapsed=26.2/35.0s MemAvailable=157.3GiB
[residency-pack] repetition 2/3 elapsed=31.5/35.0s MemAvailable=157.3GiB
[scenario 302/392] residency-pack
[residency-pack] repetition 3/3 elapsed=0.1/35.0s MemAvailable=157.6GiB
[residency-pack] repetition 3/3 elapsed=5.3/35.0s MemAvailable=157.3GiB
[residency-pack] repetition 3/3 elapsed=10.5/35.0s MemAvailable=157.2GiB
[residency-pack] repetition 3/3 elapsed=15.8/35.0s MemAvailable=157.3GiB
[residency-pack] repetition 3/3 elapsed=21.0/35.0s MemAvailable=157.3GiB
[residency-pack] repetition 3/3 elapsed=26.2/35.0s MemAvailable=157.3GiB
[residency-pack] repetition 3/3 elapsed=31.5/35.0s MemAvailable=157.2GiB
[scenario 303/392] residency-noninclusive
[residency-noninclusive] repetition 1/3 elapsed=0.1/35.0s MemAvailable=157.6GiB
[residency-noninclusive] repetition 1/3 elapsed=5.3/35.0s MemAvailable=157.2GiB
[residency-noninclusive] repetition 1/3 elapsed=10.6/35.0s MemAvailable=157.2GiB
[residency-noninclusive] repetition 1/3 elapsed=15.8/35.0s MemAvailable=157.2GiB
[residency-noninclusive] repetition 1/3 elapsed=21.1/35.0s MemAvailable=157.2GiB
[residency-noninclusive] repetition 1/3 elapsed=26.3/35.0s MemAvailable=157.2GiB
[residency-noninclusive] repetition 1/3 elapsed=31.5/35.0s MemAvailable=157.2GiB
[scenario 304/392] residency-noninclusive
[residency-noninclusive] repetition 2/3 elapsed=0.1/35.0s MemAvailable=157.6GiB
[residency-noninclusive] repetition 2/3 elapsed=5.3/35.0s MemAvailable=157.3GiB
[residency-noninclusive] repetition 2/3 elapsed=10.6/35.0s MemAvailable=157.3GiB
[residency-noninclusive] repetition 2/3 elapsed=15.8/35.0s MemAvailable=157.2GiB
[residency-noninclusive] repetition 2/3 elapsed=21.1/35.0s MemAvailable=157.2GiB
[residency-noninclusive] repetition 2/3 elapsed=26.3/35.0s MemAvailable=157.3GiB
[residency-noninclusive] repetition 2/3 elapsed=31.5/35.0s MemAvailable=157.2GiB
[scenario 305/392] residency-noninclusive
[residency-noninclusive] repetition 3/3 elapsed=0.1/35.0s MemAvailable=157.5GiB
[residency-noninclusive] repetition 3/3 elapsed=5.3/35.0s MemAvailable=157.2GiB
[residency-noninclusive] repetition 3/3 elapsed=10.6/35.0s MemAvailable=157.3GiB
[residency-noninclusive] repetition 3/3 elapsed=15.8/35.0s MemAvailable=157.2GiB
[residency-noninclusive] repetition 3/3 elapsed=21.0/35.0s MemAvailable=157.2GiB
[residency-noninclusive] repetition 3/3 elapsed=26.3/35.0s MemAvailable=157.2GiB
[residency-noninclusive] repetition 3/3 elapsed=31.5/35.0s MemAvailable=157.3GiB
[scenario 306/392] controller-ranked-plan
[controller-ranked-plan] repetition 1/3 elapsed=0.1/35.0s MemAvailable=157.6GiB
[controller-ranked-plan] repetition 1/3 elapsed=5.3/35.0s MemAvailable=157.4GiB
[controller-ranked-plan] repetition 1/3 elapsed=10.5/35.0s MemAvailable=157.4GiB
[controller-ranked-plan] repetition 1/3 elapsed=15.7/35.0s MemAvailable=157.4GiB
[controller-ranked-plan] repetition 1/3 elapsed=20.9/35.0s MemAvailable=157.4GiB
[controller-ranked-plan] repetition 1/3 elapsed=26.2/35.0s MemAvailable=157.4GiB
[controller-ranked-plan] repetition 1/3 elapsed=31.4/35.0s MemAvailable=157.4GiB
[scenario 307/392] controller-ranked-plan
[controller-ranked-plan] repetition 2/3 elapsed=0.1/35.0s MemAvailable=157.5GiB
[controller-ranked-plan] repetition 2/3 elapsed=5.3/35.0s MemAvailable=157.4GiB
[controller-ranked-plan] repetition 2/3 elapsed=10.5/35.0s MemAvailable=157.4GiB
[controller-ranked-plan] repetition 2/3 elapsed=15.7/35.0s MemAvailable=157.4GiB
[controller-ranked-plan] repetition 2/3 elapsed=20.9/35.0s MemAvailable=157.4GiB
[controller-ranked-plan] repetition 2/3 elapsed=26.2/35.0s MemAvailable=157.4GiB
[controller-ranked-plan] repetition 2/3 elapsed=31.4/35.0s MemAvailable=157.4GiB
[scenario 308/392] controller-ranked-plan
[controller-ranked-plan] repetition 3/3 elapsed=0.1/35.0s MemAvailable=157.6GiB
[controller-ranked-plan] repetition 3/3 elapsed=5.3/35.0s MemAvailable=157.4GiB
[controller-ranked-plan] repetition 3/3 elapsed=10.5/35.0s MemAvailable=157.4GiB
[controller-ranked-plan] repetition 3/3 elapsed=15.8/35.0s MemAvailable=157.4GiB
[controller-ranked-plan] repetition 3/3 elapsed=21.0/35.0s MemAvailable=157.4GiB
[controller-ranked-plan] repetition 3/3 elapsed=26.2/35.0s MemAvailable=157.4GiB
[controller-ranked-plan] repetition 3/3 elapsed=31.4/35.0s MemAvailable=157.4GiB
[scenario 309/392] virtiofs-reverse-durable
[virtiofs-reverse-durable] repetition 1/3 elapsed=0.1/35.0s MemAvailable=157.6GiB
[virtiofs-reverse-durable] repetition 1/3 elapsed=5.3/35.0s MemAvailable=157.3GiB
[virtiofs-reverse-durable] repetition 1/3 elapsed=10.5/35.0s MemAvailable=157.3GiB
[virtiofs-reverse-durable] repetition 1/3 elapsed=15.7/35.0s MemAvailable=157.3GiB
[virtiofs-reverse-durable] repetition 1/3 elapsed=20.9/35.0s MemAvailable=157.3GiB
[virtiofs-reverse-durable] repetition 1/3 elapsed=26.1/35.0s MemAvailable=157.3GiB
[virtiofs-reverse-durable] repetition 1/3 elapsed=31.3/35.0s MemAvailable=157.3GiB
[scenario 310/392] virtiofs-reverse-durable
[virtiofs-reverse-durable] repetition 2/3 elapsed=0.1/35.0s MemAvailable=157.6GiB
[virtiofs-reverse-durable] repetition 2/3 elapsed=5.3/35.0s MemAvailable=157.3GiB
[virtiofs-reverse-durable] repetition 2/3 elapsed=10.5/35.0s MemAvailable=157.3GiB
[virtiofs-reverse-durable] repetition 2/3 elapsed=15.7/35.0s MemAvailable=157.3GiB
[virtiofs-reverse-durable] repetition 2/3 elapsed=20.9/35.0s MemAvailable=157.3GiB
[virtiofs-reverse-durable] repetition 2/3 elapsed=26.1/35.0s MemAvailable=157.3GiB
[virtiofs-reverse-durable] repetition 2/3 elapsed=31.3/35.0s MemAvailable=157.3GiB
[scenario 311/392] virtiofs-reverse-durable
[virtiofs-reverse-durable] repetition 3/3 elapsed=0.1/35.0s MemAvailable=157.5GiB
[virtiofs-reverse-durable] repetition 3/3 elapsed=5.3/35.0s MemAvailable=157.3GiB
[virtiofs-reverse-durable] repetition 3/3 elapsed=10.5/35.0s MemAvailable=157.3GiB
[virtiofs-reverse-durable] repetition 3/3 elapsed=15.7/35.0s MemAvailable=157.3GiB
[virtiofs-reverse-durable] repetition 3/3 elapsed=20.9/35.0s MemAvailable=157.3GiB
[virtiofs-reverse-durable] repetition 3/3 elapsed=26.1/35.0s MemAvailable=157.3GiB
[virtiofs-reverse-durable] repetition 3/3 elapsed=31.4/35.0s MemAvailable=157.3GiB
[scenario 312/392] ext4-reverse-durable
[ext4-reverse-durable] repetition 1/3 elapsed=0.1/35.0s MemAvailable=157.6GiB
[ext4-reverse-durable] repetition 1/3 elapsed=5.3/35.0s MemAvailable=157.3GiB
[ext4-reverse-durable] repetition 1/3 elapsed=10.5/35.0s MemAvailable=157.3GiB
[ext4-reverse-durable] repetition 1/3 elapsed=15.7/35.0s MemAvailable=157.3GiB
[ext4-reverse-durable] repetition 1/3 elapsed=20.9/35.0s MemAvailable=157.3GiB
[ext4-reverse-durable] repetition 1/3 elapsed=26.1/35.0s MemAvailable=157.3GiB
[ext4-reverse-durable] repetition 1/3 elapsed=31.4/35.0s MemAvailable=157.3GiB
[scenario 313/392] ext4-reverse-durable
[ext4-reverse-durable] repetition 2/3 elapsed=0.1/35.0s MemAvailable=157.6GiB
[ext4-reverse-durable] repetition 2/3 elapsed=5.3/35.0s MemAvailable=157.3GiB
[ext4-reverse-durable] repetition 2/3 elapsed=10.5/35.0s MemAvailable=157.3GiB
[ext4-reverse-durable] repetition 2/3 elapsed=15.7/35.0s MemAvailable=157.3GiB
[ext4-reverse-durable] repetition 2/3 elapsed=20.9/35.0s MemAvailable=157.3GiB
[ext4-reverse-durable] repetition 2/3 elapsed=26.1/35.0s MemAvailable=157.3GiB
[ext4-reverse-durable] repetition 2/3 elapsed=31.4/35.0s MemAvailable=157.3GiB
[scenario 314/392] ext4-reverse-durable
[ext4-reverse-durable] repetition 3/3 elapsed=0.1/35.0s MemAvailable=157.6GiB
[ext4-reverse-durable] repetition 3/3 elapsed=5.3/35.0s MemAvailable=157.3GiB
[ext4-reverse-durable] repetition 3/3 elapsed=10.5/35.0s MemAvailable=157.3GiB
[ext4-reverse-durable] repetition 3/3 elapsed=15.7/35.0s MemAvailable=157.3GiB
[ext4-reverse-durable] repetition 3/3 elapsed=20.9/35.0s MemAvailable=157.3GiB
[ext4-reverse-durable] repetition 3/3 elapsed=26.2/35.0s MemAvailable=157.3GiB
[ext4-reverse-durable] repetition 3/3 elapsed=31.4/35.0s MemAvailable=157.3GiB
[scenario 315/392] controller-cooperative
[controller-cooperative] repetition 1/3 elapsed=0.1/35.0s MemAvailable=157.6GiB
[controller-cooperative] repetition 1/3 elapsed=5.3/35.0s MemAvailable=157.4GiB
[controller-cooperative] repetition 1/3 elapsed=10.5/35.0s MemAvailable=157.4GiB
[controller-cooperative] repetition 1/3 elapsed=15.7/35.0s MemAvailable=157.4GiB
[controller-cooperative] repetition 1/3 elapsed=20.9/35.0s MemAvailable=157.4GiB
[controller-cooperative] repetition 1/3 elapsed=26.2/35.0s MemAvailable=157.5GiB
[controller-cooperative] repetition 1/3 elapsed=31.4/35.0s MemAvailable=157.5GiB
[scenario 316/392] controller-cooperative
[controller-cooperative] repetition 2/3 elapsed=0.1/35.0s MemAvailable=157.6GiB
[controller-cooperative] repetition 2/3 elapsed=5.3/35.0s MemAvailable=157.4GiB
[controller-cooperative] repetition 2/3 elapsed=10.5/35.0s MemAvailable=157.4GiB
[controller-cooperative] repetition 2/3 elapsed=15.7/35.0s MemAvailable=157.4GiB
[controller-cooperative] repetition 2/3 elapsed=21.0/35.0s MemAvailable=157.4GiB
[controller-cooperative] repetition 2/3 elapsed=26.2/35.0s MemAvailable=157.4GiB
[controller-cooperative] repetition 2/3 elapsed=31.4/35.0s MemAvailable=157.4GiB
[scenario 317/392] controller-cooperative
[controller-cooperative] repetition 3/3 elapsed=0.1/35.0s MemAvailable=157.6GiB
[controller-cooperative] repetition 3/3 elapsed=5.3/35.0s MemAvailable=157.4GiB
[controller-cooperative] repetition 3/3 elapsed=10.5/35.0s MemAvailable=157.4GiB
[controller-cooperative] repetition 3/3 elapsed=15.7/35.0s MemAvailable=157.4GiB
[controller-cooperative] repetition 3/3 elapsed=21.0/35.0s MemAvailable=157.4GiB
[controller-cooperative] repetition 3/3 elapsed=26.2/35.0s MemAvailable=157.4GiB
[controller-cooperative] repetition 3/3 elapsed=31.4/35.0s MemAvailable=157.4GiB
[scenario 318/392] process-cuda-initialization-events
[process-cuda-initialization-events] repetition 1/3 elapsed=0.1/35.0s MemAvailable=157.5GiB
[process-cuda-initialization-events] repetition 1/3 elapsed=5.3/35.0s MemAvailable=157.5GiB
[process-cuda-initialization-events] repetition 1/3 elapsed=10.7/35.0s MemAvailable=157.4GiB
[process-cuda-initialization-events] repetition 1/3 elapsed=16.0/35.0s MemAvailable=157.2GiB
[process-cuda-initialization-events] repetition 1/3 elapsed=21.3/35.0s MemAvailable=157.5GiB
[process-cuda-initialization-events] repetition 1/3 elapsed=26.6/35.0s MemAvailable=157.3GiB
[process-cuda-initialization-events] repetition 1/3 elapsed=31.9/35.0s MemAvailable=157.2GiB
[scenario 319/392] process-cuda-initialization-events
[process-cuda-initialization-events] repetition 2/3 elapsed=0.1/35.0s MemAvailable=157.5GiB
[process-cuda-initialization-events] repetition 2/3 elapsed=5.5/35.0s MemAvailable=157.1GiB
[process-cuda-initialization-events] repetition 2/3 elapsed=10.8/35.0s MemAvailable=157.2GiB
[process-cuda-initialization-events] repetition 2/3 elapsed=16.1/35.0s MemAvailable=157.5GiB
[process-cuda-initialization-events] repetition 2/3 elapsed=21.5/35.0s MemAvailable=157.3GiB
[process-cuda-initialization-events] repetition 2/3 elapsed=26.8/35.0s MemAvailable=157.3GiB
[process-cuda-initialization-events] repetition 2/3 elapsed=32.1/35.0s MemAvailable=157.3GiB
[scenario 320/392] process-cuda-initialization-events
[process-cuda-initialization-events] repetition 3/3 elapsed=0.1/35.0s MemAvailable=157.6GiB
[process-cuda-initialization-events] repetition 3/3 elapsed=5.3/35.0s MemAvailable=157.5GiB
[process-cuda-initialization-events] repetition 3/3 elapsed=10.7/35.0s MemAvailable=157.3GiB
[process-cuda-initialization-events] repetition 3/3 elapsed=16.0/35.0s MemAvailable=157.4GiB
[process-cuda-initialization-events] repetition 3/3 elapsed=21.3/35.0s MemAvailable=157.2GiB
[process-cuda-initialization-events] repetition 3/3 elapsed=26.6/35.0s MemAvailable=157.3GiB
[process-cuda-initialization-events] repetition 3/3 elapsed=31.9/35.0s MemAvailable=157.2GiB
[scenario 321/392] interference-gemm-104857600-A
[interference-gemm-104857600-A] repetition 1/3 elapsed=0.1/75.0s MemAvailable=157.4GiB
[interference-gemm-104857600-A] repetition 1/3 elapsed=5.3/75.0s MemAvailable=156.9GiB
[interference-gemm-104857600-A] repetition 1/3 elapsed=10.5/75.0s MemAvailable=157.0GiB
[interference-gemm-104857600-A] repetition 1/3 elapsed=15.7/75.0s MemAvailable=157.1GiB
[interference-gemm-104857600-A] repetition 1/3 elapsed=21.0/75.0s MemAvailable=157.1GiB
[interference-gemm-104857600-A] repetition 1/3 elapsed=26.2/75.0s MemAvailable=157.1GiB
[interference-gemm-104857600-A] repetition 1/3 elapsed=31.4/75.0s MemAvailable=157.1GiB
[interference-gemm-104857600-A] repetition 1/3 elapsed=36.6/75.0s MemAvailable=157.1GiB
[interference-gemm-104857600-A] repetition 1/3 elapsed=41.8/75.0s MemAvailable=157.1GiB
[interference-gemm-104857600-A] repetition 1/3 elapsed=47.1/75.0s MemAvailable=157.1GiB
[interference-gemm-104857600-A] repetition 1/3 elapsed=52.3/75.0s MemAvailable=157.1GiB
[interference-gemm-104857600-A] repetition 1/3 elapsed=57.5/75.0s MemAvailable=157.1GiB
[interference-gemm-104857600-A] repetition 1/3 elapsed=62.7/75.0s MemAvailable=157.1GiB
[interference-gemm-104857600-A] repetition 1/3 elapsed=67.9/75.0s MemAvailable=157.1GiB
[interference-gemm-104857600-A] repetition 1/3 elapsed=73.2/75.0s MemAvailable=157.1GiB
[scenario 322/392] interference-gemm-104857600-B
[interference-gemm-104857600-B] repetition 1/3 elapsed=0.1/75.0s MemAvailable=157.5GiB
[interference-gemm-104857600-B] repetition 1/3 elapsed=5.3/75.0s MemAvailable=157.0GiB
[interference-gemm-104857600-B] repetition 1/3 elapsed=10.5/75.0s MemAvailable=157.0GiB
[interference-gemm-104857600-B] repetition 1/3 elapsed=15.7/75.0s MemAvailable=157.0GiB
[interference-gemm-104857600-B] repetition 1/3 elapsed=20.9/75.0s MemAvailable=157.0GiB
[interference-gemm-104857600-B] repetition 1/3 elapsed=26.2/75.0s MemAvailable=157.0GiB
[interference-gemm-104857600-B] repetition 1/3 elapsed=31.4/75.0s MemAvailable=157.0GiB
[interference-gemm-104857600-B] repetition 1/3 elapsed=36.6/75.0s MemAvailable=157.0GiB
[interference-gemm-104857600-B] repetition 1/3 elapsed=41.8/75.0s MemAvailable=157.0GiB
[interference-gemm-104857600-B] repetition 1/3 elapsed=47.0/75.0s MemAvailable=157.0GiB
[interference-gemm-104857600-B] repetition 1/3 elapsed=52.3/75.0s MemAvailable=157.0GiB
[interference-gemm-104857600-B] repetition 1/3 elapsed=57.5/75.0s MemAvailable=157.0GiB
[interference-gemm-104857600-B] repetition 1/3 elapsed=62.7/75.0s MemAvailable=157.0GiB
[interference-gemm-104857600-B] repetition 1/3 elapsed=67.9/75.0s MemAvailable=157.0GiB
[interference-gemm-104857600-B] repetition 1/3 elapsed=73.1/75.0s MemAvailable=157.0GiB
[scenario 323/392] interference-gemm-104857600-B
[interference-gemm-104857600-B] repetition 2/3 elapsed=0.1/75.0s MemAvailable=157.5GiB
[interference-gemm-104857600-B] repetition 2/3 elapsed=5.3/75.0s MemAvailable=157.0GiB
[interference-gemm-104857600-B] repetition 2/3 elapsed=10.5/75.0s MemAvailable=157.0GiB
[interference-gemm-104857600-B] repetition 2/3 elapsed=15.7/75.0s MemAvailable=157.0GiB
[interference-gemm-104857600-B] repetition 2/3 elapsed=20.9/75.0s MemAvailable=157.1GiB
[interference-gemm-104857600-B] repetition 2/3 elapsed=26.2/75.0s MemAvailable=157.0GiB
[interference-gemm-104857600-B] repetition 2/3 elapsed=31.4/75.0s MemAvailable=157.0GiB
[interference-gemm-104857600-B] repetition 2/3 elapsed=36.6/75.0s MemAvailable=157.0GiB
[interference-gemm-104857600-B] repetition 2/3 elapsed=41.8/75.0s MemAvailable=157.1GiB
[interference-gemm-104857600-B] repetition 2/3 elapsed=47.0/75.0s MemAvailable=157.0GiB
[interference-gemm-104857600-B] repetition 2/3 elapsed=52.2/75.0s MemAvailable=157.0GiB
[interference-gemm-104857600-B] repetition 2/3 elapsed=57.5/75.0s MemAvailable=157.0GiB
[interference-gemm-104857600-B] repetition 2/3 elapsed=62.7/75.0s MemAvailable=157.0GiB
[interference-gemm-104857600-B] repetition 2/3 elapsed=67.9/75.0s MemAvailable=157.0GiB
[interference-gemm-104857600-B] repetition 2/3 elapsed=73.1/75.0s MemAvailable=157.0GiB
[scenario 324/392] interference-gemm-104857600-A
[interference-gemm-104857600-A] repetition 2/3 elapsed=0.1/75.0s MemAvailable=157.5GiB
[interference-gemm-104857600-A] repetition 2/3 elapsed=5.3/75.0s MemAvailable=157.1GiB
[interference-gemm-104857600-A] repetition 2/3 elapsed=10.5/75.0s MemAvailable=157.1GiB
[interference-gemm-104857600-A] repetition 2/3 elapsed=15.7/75.0s MemAvailable=157.1GiB
[interference-gemm-104857600-A] repetition 2/3 elapsed=20.9/75.0s MemAvailable=157.1GiB
[interference-gemm-104857600-A] repetition 2/3 elapsed=26.2/75.0s MemAvailable=157.1GiB
[interference-gemm-104857600-A] repetition 2/3 elapsed=31.4/75.0s MemAvailable=157.1GiB
[interference-gemm-104857600-A] repetition 2/3 elapsed=36.6/75.0s MemAvailable=157.1GiB
[interference-gemm-104857600-A] repetition 2/3 elapsed=41.8/75.0s MemAvailable=157.1GiB
[interference-gemm-104857600-A] repetition 2/3 elapsed=47.0/75.0s MemAvailable=157.0GiB
[interference-gemm-104857600-A] repetition 2/3 elapsed=52.2/75.0s MemAvailable=157.1GiB
[interference-gemm-104857600-A] repetition 2/3 elapsed=57.5/75.0s MemAvailable=157.1GiB
[interference-gemm-104857600-A] repetition 2/3 elapsed=62.7/75.0s MemAvailable=157.1GiB
[interference-gemm-104857600-A] repetition 2/3 elapsed=67.9/75.0s MemAvailable=157.1GiB
[interference-gemm-104857600-A] repetition 2/3 elapsed=73.1/75.0s MemAvailable=157.1GiB
[scenario 325/392] interference-gemm-104857600-A
[interference-gemm-104857600-A] repetition 3/3 elapsed=0.1/75.0s MemAvailable=157.6GiB
[interference-gemm-104857600-A] repetition 3/3 elapsed=5.3/75.0s MemAvailable=157.1GiB
[interference-gemm-104857600-A] repetition 3/3 elapsed=10.5/75.0s MemAvailable=157.0GiB
[interference-gemm-104857600-A] repetition 3/3 elapsed=15.7/75.0s MemAvailable=157.1GiB
[interference-gemm-104857600-A] repetition 3/3 elapsed=20.9/75.0s MemAvailable=157.1GiB
[interference-gemm-104857600-A] repetition 3/3 elapsed=26.2/75.0s MemAvailable=157.1GiB
[interference-gemm-104857600-A] repetition 3/3 elapsed=31.4/75.0s MemAvailable=157.1GiB
[interference-gemm-104857600-A] repetition 3/3 elapsed=36.6/75.0s MemAvailable=157.1GiB
[interference-gemm-104857600-A] repetition 3/3 elapsed=41.8/75.0s MemAvailable=157.1GiB
[interference-gemm-104857600-A] repetition 3/3 elapsed=47.0/75.0s MemAvailable=157.1GiB
[interference-gemm-104857600-A] repetition 3/3 elapsed=52.2/75.0s MemAvailable=157.1GiB
[interference-gemm-104857600-A] repetition 3/3 elapsed=57.5/75.0s MemAvailable=157.1GiB
[interference-gemm-104857600-A] repetition 3/3 elapsed=62.7/75.0s MemAvailable=157.1GiB
[interference-gemm-104857600-A] repetition 3/3 elapsed=67.9/75.0s MemAvailable=157.1GiB
[interference-gemm-104857600-A] repetition 3/3 elapsed=73.1/75.0s MemAvailable=157.1GiB
[scenario 326/392] interference-gemm-104857600-B
[interference-gemm-104857600-B] repetition 3/3 elapsed=0.1/75.0s MemAvailable=157.6GiB
[interference-gemm-104857600-B] repetition 3/3 elapsed=5.3/75.0s MemAvailable=156.9GiB
[interference-gemm-104857600-B] repetition 3/3 elapsed=10.5/75.0s MemAvailable=156.9GiB
[interference-gemm-104857600-B] repetition 3/3 elapsed=15.7/75.0s MemAvailable=157.0GiB
[interference-gemm-104857600-B] repetition 3/3 elapsed=20.9/75.0s MemAvailable=157.0GiB
[interference-gemm-104857600-B] repetition 3/3 elapsed=26.2/75.0s MemAvailable=157.0GiB
[interference-gemm-104857600-B] repetition 3/3 elapsed=31.4/75.0s MemAvailable=157.0GiB
[interference-gemm-104857600-B] repetition 3/3 elapsed=36.6/75.0s MemAvailable=157.0GiB
[interference-gemm-104857600-B] repetition 3/3 elapsed=41.8/75.0s MemAvailable=157.0GiB
[interference-gemm-104857600-B] repetition 3/3 elapsed=47.0/75.0s MemAvailable=157.0GiB
[interference-gemm-104857600-B] repetition 3/3 elapsed=52.2/75.0s MemAvailable=157.0GiB
[interference-gemm-104857600-B] repetition 3/3 elapsed=57.5/75.0s MemAvailable=157.0GiB
[interference-gemm-104857600-B] repetition 3/3 elapsed=62.7/75.0s MemAvailable=157.0GiB
[interference-gemm-104857600-B] repetition 3/3 elapsed=67.9/75.0s MemAvailable=157.0GiB
[interference-gemm-104857600-B] repetition 3/3 elapsed=73.1/75.0s MemAvailable=157.0GiB
[scenario 327/392] interference-gemm-2147483648-A
[interference-gemm-2147483648-A] repetition 1/3 elapsed=0.1/75.0s MemAvailable=157.4GiB
[interference-gemm-2147483648-A] repetition 1/3 elapsed=5.3/75.0s MemAvailable=157.0GiB
[interference-gemm-2147483648-A] repetition 1/3 elapsed=10.5/75.0s MemAvailable=157.0GiB
[interference-gemm-2147483648-A] repetition 1/3 elapsed=15.7/75.0s MemAvailable=157.1GiB
[interference-gemm-2147483648-A] repetition 1/3 elapsed=20.9/75.0s MemAvailable=157.1GiB
[interference-gemm-2147483648-A] repetition 1/3 elapsed=26.2/75.0s MemAvailable=157.1GiB
[interference-gemm-2147483648-A] repetition 1/3 elapsed=31.4/75.0s MemAvailable=157.1GiB
[interference-gemm-2147483648-A] repetition 1/3 elapsed=36.6/75.0s MemAvailable=157.1GiB
[interference-gemm-2147483648-A] repetition 1/3 elapsed=41.8/75.0s MemAvailable=157.1GiB
[interference-gemm-2147483648-A] repetition 1/3 elapsed=47.0/75.0s MemAvailable=157.1GiB
[interference-gemm-2147483648-A] repetition 1/3 elapsed=52.3/75.0s MemAvailable=157.1GiB
[interference-gemm-2147483648-A] repetition 1/3 elapsed=57.5/75.0s MemAvailable=157.1GiB
[interference-gemm-2147483648-A] repetition 1/3 elapsed=62.7/75.0s MemAvailable=157.0GiB
[interference-gemm-2147483648-A] repetition 1/3 elapsed=67.9/75.0s MemAvailable=157.0GiB
[interference-gemm-2147483648-A] repetition 1/3 elapsed=73.1/75.0s MemAvailable=157.1GiB
[scenario 328/392] interference-gemm-2147483648-B
[interference-gemm-2147483648-B] repetition 1/3 elapsed=0.1/75.0s MemAvailable=157.6GiB
[interference-gemm-2147483648-B] repetition 1/3 elapsed=5.3/75.0s MemAvailable=157.0GiB
[interference-gemm-2147483648-B] repetition 1/3 elapsed=10.5/75.0s MemAvailable=157.0GiB
[interference-gemm-2147483648-B] repetition 1/3 elapsed=15.7/75.0s MemAvailable=157.0GiB
[interference-gemm-2147483648-B] repetition 1/3 elapsed=20.9/75.0s MemAvailable=157.0GiB
[interference-gemm-2147483648-B] repetition 1/3 elapsed=26.2/75.0s MemAvailable=157.0GiB
[interference-gemm-2147483648-B] repetition 1/3 elapsed=31.4/75.0s MemAvailable=157.0GiB
[interference-gemm-2147483648-B] repetition 1/3 elapsed=36.6/75.0s MemAvailable=157.0GiB
[interference-gemm-2147483648-B] repetition 1/3 elapsed=41.8/75.0s MemAvailable=157.0GiB
[interference-gemm-2147483648-B] repetition 1/3 elapsed=47.0/75.0s MemAvailable=157.0GiB
[interference-gemm-2147483648-B] repetition 1/3 elapsed=52.2/75.0s MemAvailable=157.0GiB
[interference-gemm-2147483648-B] repetition 1/3 elapsed=57.4/75.0s MemAvailable=157.0GiB
[interference-gemm-2147483648-B] repetition 1/3 elapsed=62.6/75.0s MemAvailable=157.0GiB
[interference-gemm-2147483648-B] repetition 1/3 elapsed=67.9/75.0s MemAvailable=157.0GiB
[interference-gemm-2147483648-B] repetition 1/3 elapsed=73.1/75.0s MemAvailable=157.0GiB
[scenario 329/392] interference-gemm-2147483648-B
[interference-gemm-2147483648-B] repetition 2/3 elapsed=0.1/75.0s MemAvailable=157.5GiB
[interference-gemm-2147483648-B] repetition 2/3 elapsed=5.3/75.0s MemAvailable=156.9GiB
[interference-gemm-2147483648-B] repetition 2/3 elapsed=10.5/75.0s MemAvailable=157.0GiB
[interference-gemm-2147483648-B] repetition 2/3 elapsed=15.7/75.0s MemAvailable=157.0GiB
[interference-gemm-2147483648-B] repetition 2/3 elapsed=20.9/75.0s MemAvailable=157.0GiB
[interference-gemm-2147483648-B] repetition 2/3 elapsed=26.2/75.0s MemAvailable=157.0GiB
[interference-gemm-2147483648-B] repetition 2/3 elapsed=31.4/75.0s MemAvailable=157.0GiB
[interference-gemm-2147483648-B] repetition 2/3 elapsed=36.6/75.0s MemAvailable=157.0GiB
[interference-gemm-2147483648-B] repetition 2/3 elapsed=41.8/75.0s MemAvailable=157.0GiB
[interference-gemm-2147483648-B] repetition 2/3 elapsed=47.0/75.0s MemAvailable=157.0GiB
[interference-gemm-2147483648-B] repetition 2/3 elapsed=52.2/75.0s MemAvailable=157.0GiB
[interference-gemm-2147483648-B] repetition 2/3 elapsed=57.5/75.0s MemAvailable=157.0GiB
[interference-gemm-2147483648-B] repetition 2/3 elapsed=62.7/75.0s MemAvailable=157.0GiB
[interference-gemm-2147483648-B] repetition 2/3 elapsed=67.9/75.0s MemAvailable=157.0GiB
[interference-gemm-2147483648-B] repetition 2/3 elapsed=73.1/75.0s MemAvailable=157.0GiB
[scenario 330/392] interference-gemm-2147483648-A
[interference-gemm-2147483648-A] repetition 2/3 elapsed=0.1/75.0s MemAvailable=157.5GiB
[interference-gemm-2147483648-A] repetition 2/3 elapsed=5.3/75.0s MemAvailable=157.1GiB
[interference-gemm-2147483648-A] repetition 2/3 elapsed=10.5/75.0s MemAvailable=157.0GiB
[interference-gemm-2147483648-A] repetition 2/3 elapsed=15.7/75.0s MemAvailable=157.0GiB
[interference-gemm-2147483648-A] repetition 2/3 elapsed=20.9/75.0s MemAvailable=157.1GiB
[interference-gemm-2147483648-A] repetition 2/3 elapsed=26.2/75.0s MemAvailable=157.1GiB
[interference-gemm-2147483648-A] repetition 2/3 elapsed=31.4/75.0s MemAvailable=157.1GiB
[interference-gemm-2147483648-A] repetition 2/3 elapsed=36.6/75.0s MemAvailable=157.1GiB
[interference-gemm-2147483648-A] repetition 2/3 elapsed=41.8/75.0s MemAvailable=157.0GiB
[interference-gemm-2147483648-A] repetition 2/3 elapsed=47.0/75.0s MemAvailable=157.0GiB
[interference-gemm-2147483648-A] repetition 2/3 elapsed=52.3/75.0s MemAvailable=157.1GiB
[interference-gemm-2147483648-A] repetition 2/3 elapsed=57.5/75.0s MemAvailable=157.1GiB
[interference-gemm-2147483648-A] repetition 2/3 elapsed=62.7/75.0s MemAvailable=157.1GiB
[interference-gemm-2147483648-A] repetition 2/3 elapsed=67.9/75.0s MemAvailable=157.1GiB
[interference-gemm-2147483648-A] repetition 2/3 elapsed=73.1/75.0s MemAvailable=157.1GiB
[scenario 331/392] interference-gemm-2147483648-A
[interference-gemm-2147483648-A] repetition 3/3 elapsed=0.1/75.0s MemAvailable=157.5GiB
[interference-gemm-2147483648-A] repetition 3/3 elapsed=5.3/75.0s MemAvailable=157.0GiB
[interference-gemm-2147483648-A] repetition 3/3 elapsed=10.5/75.0s MemAvailable=157.1GiB
[interference-gemm-2147483648-A] repetition 3/3 elapsed=15.7/75.0s MemAvailable=157.1GiB
[interference-gemm-2147483648-A] repetition 3/3 elapsed=20.9/75.0s MemAvailable=157.1GiB
[interference-gemm-2147483648-A] repetition 3/3 elapsed=26.2/75.0s MemAvailable=157.1GiB
[interference-gemm-2147483648-A] repetition 3/3 elapsed=31.4/75.0s MemAvailable=157.1GiB
[interference-gemm-2147483648-A] repetition 3/3 elapsed=36.6/75.0s MemAvailable=157.1GiB
[interference-gemm-2147483648-A] repetition 3/3 elapsed=41.8/75.0s MemAvailable=157.1GiB
[interference-gemm-2147483648-A] repetition 3/3 elapsed=47.0/75.0s MemAvailable=157.1GiB
[interference-gemm-2147483648-A] repetition 3/3 elapsed=52.2/75.0s MemAvailable=157.1GiB
[interference-gemm-2147483648-A] repetition 3/3 elapsed=57.5/75.0s MemAvailable=157.1GiB
[interference-gemm-2147483648-A] repetition 3/3 elapsed=62.7/75.0s MemAvailable=157.1GiB
[interference-gemm-2147483648-A] repetition 3/3 elapsed=67.9/75.0s MemAvailable=157.1GiB
[interference-gemm-2147483648-A] repetition 3/3 elapsed=73.1/75.0s MemAvailable=157.1GiB
[scenario 332/392] interference-gemm-2147483648-B
[interference-gemm-2147483648-B] repetition 3/3 elapsed=0.1/75.0s MemAvailable=157.6GiB
[interference-gemm-2147483648-B] repetition 3/3 elapsed=5.3/75.0s MemAvailable=156.9GiB
[interference-gemm-2147483648-B] repetition 3/3 elapsed=10.5/75.0s MemAvailable=157.0GiB
[interference-gemm-2147483648-B] repetition 3/3 elapsed=15.7/75.0s MemAvailable=157.0GiB
[interference-gemm-2147483648-B] repetition 3/3 elapsed=20.9/75.0s MemAvailable=157.0GiB
[interference-gemm-2147483648-B] repetition 3/3 elapsed=26.1/75.0s MemAvailable=157.0GiB
[interference-gemm-2147483648-B] repetition 3/3 elapsed=31.4/75.0s MemAvailable=157.0GiB
[interference-gemm-2147483648-B] repetition 3/3 elapsed=36.6/75.0s MemAvailable=157.0GiB
[interference-gemm-2147483648-B] repetition 3/3 elapsed=41.8/75.0s MemAvailable=157.0GiB
[interference-gemm-2147483648-B] repetition 3/3 elapsed=47.0/75.0s MemAvailable=157.0GiB
[interference-gemm-2147483648-B] repetition 3/3 elapsed=52.2/75.0s MemAvailable=157.0GiB
[interference-gemm-2147483648-B] repetition 3/3 elapsed=57.5/75.0s MemAvailable=157.0GiB
[interference-gemm-2147483648-B] repetition 3/3 elapsed=62.7/75.0s MemAvailable=157.0GiB
[interference-gemm-2147483648-B] repetition 3/3 elapsed=67.9/75.0s MemAvailable=157.0GiB
[interference-gemm-2147483648-B] repetition 3/3 elapsed=73.1/75.0s MemAvailable=157.0GiB
[scenario 333/392] interference-dispatch-104857600-A
[interference-dispatch-104857600-A] repetition 1/3 elapsed=0.1/75.0s MemAvailable=157.5GiB
[interference-dispatch-104857600-A] repetition 1/3 elapsed=5.3/75.0s MemAvailable=157.2GiB
[interference-dispatch-104857600-A] repetition 1/3 elapsed=10.5/75.0s MemAvailable=157.1GiB
[interference-dispatch-104857600-A] repetition 1/3 elapsed=15.7/75.0s MemAvailable=157.2GiB
[interference-dispatch-104857600-A] repetition 1/3 elapsed=20.9/75.0s MemAvailable=157.1GiB
[interference-dispatch-104857600-A] repetition 1/3 elapsed=26.1/75.0s MemAvailable=157.1GiB
[interference-dispatch-104857600-A] repetition 1/3 elapsed=31.3/75.0s MemAvailable=157.2GiB
[interference-dispatch-104857600-A] repetition 1/3 elapsed=36.6/75.0s MemAvailable=157.2GiB
[interference-dispatch-104857600-A] repetition 1/3 elapsed=41.8/75.0s MemAvailable=157.1GiB
[interference-dispatch-104857600-A] repetition 1/3 elapsed=47.0/75.0s MemAvailable=157.2GiB
[interference-dispatch-104857600-A] repetition 1/3 elapsed=52.2/75.0s MemAvailable=157.2GiB
[interference-dispatch-104857600-A] repetition 1/3 elapsed=57.4/75.0s MemAvailable=157.2GiB
[interference-dispatch-104857600-A] repetition 1/3 elapsed=62.6/75.0s MemAvailable=157.2GiB
[interference-dispatch-104857600-A] repetition 1/3 elapsed=67.8/75.0s MemAvailable=157.2GiB
[interference-dispatch-104857600-A] repetition 1/3 elapsed=73.0/75.0s MemAvailable=157.2GiB
[scenario 334/392] interference-dispatch-104857600-B
[interference-dispatch-104857600-B] repetition 1/3 elapsed=0.1/75.0s MemAvailable=157.6GiB
[interference-dispatch-104857600-B] repetition 1/3 elapsed=5.3/75.0s MemAvailable=157.0GiB
[interference-dispatch-104857600-B] repetition 1/3 elapsed=10.5/75.0s MemAvailable=157.1GiB
[interference-dispatch-104857600-B] repetition 1/3 elapsed=15.7/75.0s MemAvailable=157.1GiB
[interference-dispatch-104857600-B] repetition 1/3 elapsed=20.9/75.0s MemAvailable=157.1GiB
[interference-dispatch-104857600-B] repetition 1/3 elapsed=26.1/75.0s MemAvailable=157.1GiB
[interference-dispatch-104857600-B] repetition 1/3 elapsed=31.3/75.0s MemAvailable=157.1GiB
[interference-dispatch-104857600-B] repetition 1/3 elapsed=36.5/75.0s MemAvailable=157.1GiB
[interference-dispatch-104857600-B] repetition 1/3 elapsed=41.8/75.0s MemAvailable=157.1GiB
[interference-dispatch-104857600-B] repetition 1/3 elapsed=47.0/75.0s MemAvailable=157.1GiB
[interference-dispatch-104857600-B] repetition 1/3 elapsed=52.2/75.0s MemAvailable=157.1GiB
[interference-dispatch-104857600-B] repetition 1/3 elapsed=57.4/75.0s MemAvailable=157.1GiB
[interference-dispatch-104857600-B] repetition 1/3 elapsed=62.6/75.0s MemAvailable=157.2GiB
[interference-dispatch-104857600-B] repetition 1/3 elapsed=67.8/75.0s MemAvailable=157.1GiB
[interference-dispatch-104857600-B] repetition 1/3 elapsed=73.0/75.0s MemAvailable=157.2GiB
[scenario 335/392] interference-dispatch-104857600-B
[interference-dispatch-104857600-B] repetition 2/3 elapsed=0.1/75.0s MemAvailable=157.5GiB
[interference-dispatch-104857600-B] repetition 2/3 elapsed=5.3/75.0s MemAvailable=157.1GiB
[interference-dispatch-104857600-B] repetition 2/3 elapsed=10.5/75.0s MemAvailable=157.1GiB
[interference-dispatch-104857600-B] repetition 2/3 elapsed=15.7/75.0s MemAvailable=157.1GiB
[interference-dispatch-104857600-B] repetition 2/3 elapsed=20.9/75.0s MemAvailable=157.1GiB
[interference-dispatch-104857600-B] repetition 2/3 elapsed=26.2/75.0s MemAvailable=157.1GiB
[interference-dispatch-104857600-B] repetition 2/3 elapsed=31.4/75.0s MemAvailable=157.1GiB
[interference-dispatch-104857600-B] repetition 2/3 elapsed=36.6/75.0s MemAvailable=157.1GiB
[interference-dispatch-104857600-B] repetition 2/3 elapsed=41.8/75.0s MemAvailable=157.1GiB
[interference-dispatch-104857600-B] repetition 2/3 elapsed=47.0/75.0s MemAvailable=157.1GiB
[interference-dispatch-104857600-B] repetition 2/3 elapsed=52.2/75.0s MemAvailable=157.1GiB
[interference-dispatch-104857600-B] repetition 2/3 elapsed=57.4/75.0s MemAvailable=157.1GiB
[interference-dispatch-104857600-B] repetition 2/3 elapsed=62.7/75.0s MemAvailable=157.1GiB
[interference-dispatch-104857600-B] repetition 2/3 elapsed=67.9/75.0s MemAvailable=157.1GiB
[interference-dispatch-104857600-B] repetition 2/3 elapsed=73.1/75.0s MemAvailable=157.1GiB
[scenario 336/392] interference-dispatch-104857600-A
[interference-dispatch-104857600-A] repetition 2/3 elapsed=0.1/75.0s MemAvailable=157.5GiB
[interference-dispatch-104857600-A] repetition 2/3 elapsed=5.3/75.0s MemAvailable=157.2GiB
[interference-dispatch-104857600-A] repetition 2/3 elapsed=10.5/75.0s MemAvailable=157.2GiB
[interference-dispatch-104857600-A] repetition 2/3 elapsed=15.7/75.0s MemAvailable=157.2GiB
[interference-dispatch-104857600-A] repetition 2/3 elapsed=20.9/75.0s MemAvailable=157.2GiB
[interference-dispatch-104857600-A] repetition 2/3 elapsed=26.1/75.0s MemAvailable=157.2GiB
[interference-dispatch-104857600-A] repetition 2/3 elapsed=31.3/75.0s MemAvailable=157.2GiB
[interference-dispatch-104857600-A] repetition 2/3 elapsed=36.6/75.0s MemAvailable=157.2GiB
[interference-dispatch-104857600-A] repetition 2/3 elapsed=41.8/75.0s MemAvailable=157.2GiB
[interference-dispatch-104857600-A] repetition 2/3 elapsed=47.0/75.0s MemAvailable=157.2GiB
[interference-dispatch-104857600-A] repetition 2/3 elapsed=52.2/75.0s MemAvailable=157.2GiB
[interference-dispatch-104857600-A] repetition 2/3 elapsed=57.4/75.0s MemAvailable=157.2GiB
[interference-dispatch-104857600-A] repetition 2/3 elapsed=62.6/75.0s MemAvailable=157.2GiB
[interference-dispatch-104857600-A] repetition 2/3 elapsed=67.8/75.0s MemAvailable=157.2GiB
[interference-dispatch-104857600-A] repetition 2/3 elapsed=73.1/75.0s MemAvailable=157.2GiB
[scenario 337/392] interference-dispatch-104857600-A
[interference-dispatch-104857600-A] repetition 3/3 elapsed=0.1/75.0s MemAvailable=157.6GiB
[interference-dispatch-104857600-A] repetition 3/3 elapsed=5.3/75.0s MemAvailable=157.2GiB
[interference-dispatch-104857600-A] repetition 3/3 elapsed=10.5/75.0s MemAvailable=157.2GiB
[interference-dispatch-104857600-A] repetition 3/3 elapsed=15.7/75.0s MemAvailable=157.2GiB
[interference-dispatch-104857600-A] repetition 3/3 elapsed=20.9/75.0s MemAvailable=157.2GiB
[interference-dispatch-104857600-A] repetition 3/3 elapsed=26.1/75.0s MemAvailable=157.2GiB
[interference-dispatch-104857600-A] repetition 3/3 elapsed=31.3/75.0s MemAvailable=157.2GiB
[interference-dispatch-104857600-A] repetition 3/3 elapsed=36.5/75.0s MemAvailable=157.1GiB
[interference-dispatch-104857600-A] repetition 3/3 elapsed=41.8/75.0s MemAvailable=157.1GiB
[interference-dispatch-104857600-A] repetition 3/3 elapsed=47.0/75.0s MemAvailable=157.1GiB
[interference-dispatch-104857600-A] repetition 3/3 elapsed=52.2/75.0s MemAvailable=157.2GiB
[interference-dispatch-104857600-A] repetition 3/3 elapsed=57.4/75.0s MemAvailable=157.2GiB
[interference-dispatch-104857600-A] repetition 3/3 elapsed=62.6/75.0s MemAvailable=157.2GiB
[interference-dispatch-104857600-A] repetition 3/3 elapsed=67.8/75.0s MemAvailable=157.2GiB
[interference-dispatch-104857600-A] repetition 3/3 elapsed=73.1/75.0s MemAvailable=157.2GiB
[scenario 338/392] interference-dispatch-104857600-B
[interference-dispatch-104857600-B] repetition 3/3 elapsed=0.1/75.0s MemAvailable=157.6GiB
[interference-dispatch-104857600-B] repetition 3/3 elapsed=5.3/75.0s MemAvailable=157.0GiB
[interference-dispatch-104857600-B] repetition 3/3 elapsed=10.5/75.0s MemAvailable=157.1GiB
[interference-dispatch-104857600-B] repetition 3/3 elapsed=15.7/75.0s MemAvailable=157.1GiB
[interference-dispatch-104857600-B] repetition 3/3 elapsed=20.9/75.0s MemAvailable=157.1GiB
[interference-dispatch-104857600-B] repetition 3/3 elapsed=26.1/75.0s MemAvailable=157.1GiB
[interference-dispatch-104857600-B] repetition 3/3 elapsed=31.3/75.0s MemAvailable=157.1GiB
[interference-dispatch-104857600-B] repetition 3/3 elapsed=36.6/75.0s MemAvailable=157.1GiB
[interference-dispatch-104857600-B] repetition 3/3 elapsed=41.8/75.0s MemAvailable=157.1GiB
[interference-dispatch-104857600-B] repetition 3/3 elapsed=47.0/75.0s MemAvailable=157.1GiB
[interference-dispatch-104857600-B] repetition 3/3 elapsed=52.2/75.0s MemAvailable=157.1GiB
[interference-dispatch-104857600-B] repetition 3/3 elapsed=57.4/75.0s MemAvailable=157.2GiB
[interference-dispatch-104857600-B] repetition 3/3 elapsed=62.6/75.0s MemAvailable=157.1GiB
[interference-dispatch-104857600-B] repetition 3/3 elapsed=67.8/75.0s MemAvailable=157.1GiB
[interference-dispatch-104857600-B] repetition 3/3 elapsed=73.1/75.0s MemAvailable=157.1GiB
[scenario 339/392] interference-dispatch-524288000-A
[interference-dispatch-524288000-A] repetition 1/3 elapsed=0.1/75.0s MemAvailable=157.5GiB
[interference-dispatch-524288000-A] repetition 1/3 elapsed=5.3/75.0s MemAvailable=157.2GiB
[interference-dispatch-524288000-A] repetition 1/3 elapsed=10.5/75.0s MemAvailable=157.2GiB
[interference-dispatch-524288000-A] repetition 1/3 elapsed=15.7/75.0s MemAvailable=157.2GiB
[interference-dispatch-524288000-A] repetition 1/3 elapsed=20.9/75.0s MemAvailable=157.2GiB
[interference-dispatch-524288000-A] repetition 1/3 elapsed=26.1/75.0s MemAvailable=157.2GiB
[interference-dispatch-524288000-A] repetition 1/3 elapsed=31.3/75.0s MemAvailable=157.2GiB
[interference-dispatch-524288000-A] repetition 1/3 elapsed=36.5/75.0s MemAvailable=157.2GiB
[interference-dispatch-524288000-A] repetition 1/3 elapsed=41.8/75.0s MemAvailable=157.2GiB
[interference-dispatch-524288000-A] repetition 1/3 elapsed=47.0/75.0s MemAvailable=157.2GiB
[interference-dispatch-524288000-A] repetition 1/3 elapsed=52.2/75.0s MemAvailable=157.2GiB
[interference-dispatch-524288000-A] repetition 1/3 elapsed=57.4/75.0s MemAvailable=157.1GiB
[interference-dispatch-524288000-A] repetition 1/3 elapsed=62.6/75.0s MemAvailable=157.2GiB
[interference-dispatch-524288000-A] repetition 1/3 elapsed=67.8/75.0s MemAvailable=157.2GiB
[interference-dispatch-524288000-A] repetition 1/3 elapsed=73.0/75.0s MemAvailable=157.2GiB
[scenario 340/392] interference-dispatch-524288000-B
[interference-dispatch-524288000-B] repetition 1/3 elapsed=0.1/75.0s MemAvailable=157.6GiB
[interference-dispatch-524288000-B] repetition 1/3 elapsed=5.3/75.0s MemAvailable=157.1GiB
[interference-dispatch-524288000-B] repetition 1/3 elapsed=10.5/75.0s MemAvailable=157.1GiB
[interference-dispatch-524288000-B] repetition 1/3 elapsed=15.7/75.0s MemAvailable=157.1GiB
[interference-dispatch-524288000-B] repetition 1/3 elapsed=20.9/75.0s MemAvailable=157.2GiB
[interference-dispatch-524288000-B] repetition 1/3 elapsed=26.1/75.0s MemAvailable=157.2GiB
[interference-dispatch-524288000-B] repetition 1/3 elapsed=31.3/75.0s MemAvailable=157.1GiB
[interference-dispatch-524288000-B] repetition 1/3 elapsed=36.6/75.0s MemAvailable=157.1GiB
[interference-dispatch-524288000-B] repetition 1/3 elapsed=41.8/75.0s MemAvailable=157.1GiB
[interference-dispatch-524288000-B] repetition 1/3 elapsed=47.0/75.0s MemAvailable=157.1GiB
[interference-dispatch-524288000-B] repetition 1/3 elapsed=52.2/75.0s MemAvailable=157.1GiB
[interference-dispatch-524288000-B] repetition 1/3 elapsed=57.4/75.0s MemAvailable=157.2GiB
[interference-dispatch-524288000-B] repetition 1/3 elapsed=62.6/75.0s MemAvailable=157.2GiB
[interference-dispatch-524288000-B] repetition 1/3 elapsed=67.8/75.0s MemAvailable=157.2GiB
[interference-dispatch-524288000-B] repetition 1/3 elapsed=73.1/75.0s MemAvailable=157.1GiB
[scenario 341/392] interference-dispatch-524288000-B
[interference-dispatch-524288000-B] repetition 2/3 elapsed=0.1/75.0s MemAvailable=157.6GiB
[interference-dispatch-524288000-B] repetition 2/3 elapsed=5.3/75.0s MemAvailable=157.1GiB
[interference-dispatch-524288000-B] repetition 2/3 elapsed=10.5/75.0s MemAvailable=157.1GiB
[interference-dispatch-524288000-B] repetition 2/3 elapsed=15.7/75.0s MemAvailable=157.0GiB
[interference-dispatch-524288000-B] repetition 2/3 elapsed=20.9/75.0s MemAvailable=157.1GiB
[interference-dispatch-524288000-B] repetition 2/3 elapsed=26.1/75.0s MemAvailable=157.1GiB
[interference-dispatch-524288000-B] repetition 2/3 elapsed=31.4/75.0s MemAvailable=157.1GiB
[interference-dispatch-524288000-B] repetition 2/3 elapsed=36.6/75.0s MemAvailable=157.1GiB
[interference-dispatch-524288000-B] repetition 2/3 elapsed=41.9/75.0s MemAvailable=157.1GiB
[interference-dispatch-524288000-B] repetition 2/3 elapsed=47.2/75.0s MemAvailable=157.1GiB
[interference-dispatch-524288000-B] repetition 2/3 elapsed=52.4/75.0s MemAvailable=157.1GiB
[interference-dispatch-524288000-B] repetition 2/3 elapsed=57.7/75.0s MemAvailable=157.2GiB
[interference-dispatch-524288000-B] repetition 2/3 elapsed=63.0/75.0s MemAvailable=157.1GiB
[interference-dispatch-524288000-B] repetition 2/3 elapsed=68.2/75.0s MemAvailable=157.2GiB
[interference-dispatch-524288000-B] repetition 2/3 elapsed=73.5/75.0s MemAvailable=157.1GiB
[scenario 342/392] interference-dispatch-524288000-A
[interference-dispatch-524288000-A] repetition 2/3 elapsed=0.1/75.0s MemAvailable=157.5GiB
[interference-dispatch-524288000-A] repetition 2/3 elapsed=5.4/75.0s MemAvailable=157.2GiB
[interference-dispatch-524288000-A] repetition 2/3 elapsed=10.6/75.0s MemAvailable=157.2GiB
[interference-dispatch-524288000-A] repetition 2/3 elapsed=15.9/75.0s MemAvailable=157.1GiB
[interference-dispatch-524288000-A] repetition 2/3 elapsed=21.2/75.0s MemAvailable=157.2GiB
[interference-dispatch-524288000-A] repetition 2/3 elapsed=26.4/75.0s MemAvailable=157.2GiB
[interference-dispatch-524288000-A] repetition 2/3 elapsed=31.7/75.0s MemAvailable=157.2GiB
[interference-dispatch-524288000-A] repetition 2/3 elapsed=37.0/75.0s MemAvailable=157.2GiB
[interference-dispatch-524288000-A] repetition 2/3 elapsed=42.3/75.0s MemAvailable=157.2GiB
[interference-dispatch-524288000-A] repetition 2/3 elapsed=47.6/75.0s MemAvailable=157.1GiB
[interference-dispatch-524288000-A] repetition 2/3 elapsed=52.8/75.0s MemAvailable=157.2GiB
[interference-dispatch-524288000-A] repetition 2/3 elapsed=58.1/75.0s MemAvailable=157.2GiB
[interference-dispatch-524288000-A] repetition 2/3 elapsed=63.4/75.0s MemAvailable=157.2GiB
[interference-dispatch-524288000-A] repetition 2/3 elapsed=68.7/75.0s MemAvailable=157.2GiB
[interference-dispatch-524288000-A] repetition 2/3 elapsed=73.9/75.0s MemAvailable=157.2GiB
[scenario 343/392] interference-dispatch-524288000-A
[interference-dispatch-524288000-A] repetition 3/3 elapsed=0.1/75.0s MemAvailable=157.5GiB
[interference-dispatch-524288000-A] repetition 3/3 elapsed=5.4/75.0s MemAvailable=157.2GiB
[interference-dispatch-524288000-A] repetition 3/3 elapsed=10.6/75.0s MemAvailable=157.2GiB
[interference-dispatch-524288000-A] repetition 3/3 elapsed=15.9/75.0s MemAvailable=157.2GiB
[interference-dispatch-524288000-A] repetition 3/3 elapsed=21.2/75.0s MemAvailable=157.2GiB
[interference-dispatch-524288000-A] repetition 3/3 elapsed=26.5/75.0s MemAvailable=157.2GiB
[interference-dispatch-524288000-A] repetition 3/3 elapsed=31.7/75.0s MemAvailable=157.2GiB
[interference-dispatch-524288000-A] repetition 3/3 elapsed=37.0/75.0s MemAvailable=157.2GiB
[interference-dispatch-524288000-A] repetition 3/3 elapsed=42.3/75.0s MemAvailable=157.2GiB
[interference-dispatch-524288000-A] repetition 3/3 elapsed=47.6/75.0s MemAvailable=157.2GiB
[interference-dispatch-524288000-A] repetition 3/3 elapsed=52.9/75.0s MemAvailable=157.2GiB
[interference-dispatch-524288000-A] repetition 3/3 elapsed=58.1/75.0s MemAvailable=157.2GiB
[interference-dispatch-524288000-A] repetition 3/3 elapsed=63.4/75.0s MemAvailable=157.2GiB
[interference-dispatch-524288000-A] repetition 3/3 elapsed=68.6/75.0s MemAvailable=157.2GiB
[interference-dispatch-524288000-A] repetition 3/3 elapsed=73.9/75.0s MemAvailable=157.2GiB
[scenario 344/392] interference-dispatch-524288000-B
[interference-dispatch-524288000-B] repetition 3/3 elapsed=0.1/75.0s MemAvailable=157.6GiB
[interference-dispatch-524288000-B] repetition 3/3 elapsed=5.4/75.0s MemAvailable=157.1GiB
[interference-dispatch-524288000-B] repetition 3/3 elapsed=10.6/75.0s MemAvailable=157.1GiB
[interference-dispatch-524288000-B] repetition 3/3 elapsed=15.9/75.0s MemAvailable=157.1GiB
[interference-dispatch-524288000-B] repetition 3/3 elapsed=21.1/75.0s MemAvailable=157.1GiB
[interference-dispatch-524288000-B] repetition 3/3 elapsed=26.4/75.0s MemAvailable=157.1GiB
[interference-dispatch-524288000-B] repetition 3/3 elapsed=31.7/75.0s MemAvailable=157.1GiB
[interference-dispatch-524288000-B] repetition 3/3 elapsed=36.9/75.0s MemAvailable=157.1GiB
[interference-dispatch-524288000-B] repetition 3/3 elapsed=42.2/75.0s MemAvailable=157.1GiB
[interference-dispatch-524288000-B] repetition 3/3 elapsed=47.4/75.0s MemAvailable=157.1GiB
[interference-dispatch-524288000-B] repetition 3/3 elapsed=52.7/75.0s MemAvailable=157.1GiB
[interference-dispatch-524288000-B] repetition 3/3 elapsed=57.9/75.0s MemAvailable=157.1GiB
[interference-dispatch-524288000-B] repetition 3/3 elapsed=63.2/75.0s MemAvailable=157.1GiB
[interference-dispatch-524288000-B] repetition 3/3 elapsed=68.5/75.0s MemAvailable=157.1GiB
[interference-dispatch-524288000-B] repetition 3/3 elapsed=73.7/75.0s MemAvailable=157.1GiB
[scenario 345/392] interference-dispatch-2147483648-A
[interference-dispatch-2147483648-A] repetition 1/3 elapsed=0.1/75.0s MemAvailable=157.5GiB
[interference-dispatch-2147483648-A] repetition 1/3 elapsed=5.4/75.0s MemAvailable=157.2GiB
[interference-dispatch-2147483648-A] repetition 1/3 elapsed=10.6/75.0s MemAvailable=157.2GiB
[interference-dispatch-2147483648-A] repetition 1/3 elapsed=15.9/75.0s MemAvailable=157.2GiB
[interference-dispatch-2147483648-A] repetition 1/3 elapsed=21.1/75.0s MemAvailable=157.2GiB
[interference-dispatch-2147483648-A] repetition 1/3 elapsed=26.4/75.0s MemAvailable=157.2GiB
[interference-dispatch-2147483648-A] repetition 1/3 elapsed=31.6/75.0s MemAvailable=157.2GiB
[interference-dispatch-2147483648-A] repetition 1/3 elapsed=36.9/75.0s MemAvailable=157.1GiB
[interference-dispatch-2147483648-A] repetition 1/3 elapsed=42.2/75.0s MemAvailable=157.2GiB
[interference-dispatch-2147483648-A] repetition 1/3 elapsed=47.4/75.0s MemAvailable=157.2GiB
[interference-dispatch-2147483648-A] repetition 1/3 elapsed=52.6/75.0s MemAvailable=157.2GiB
[interference-dispatch-2147483648-A] repetition 1/3 elapsed=57.8/75.0s MemAvailable=157.2GiB
[interference-dispatch-2147483648-A] repetition 1/3 elapsed=63.0/75.0s MemAvailable=157.2GiB
[interference-dispatch-2147483648-A] repetition 1/3 elapsed=68.3/75.0s MemAvailable=157.2GiB
[interference-dispatch-2147483648-A] repetition 1/3 elapsed=73.5/75.0s MemAvailable=157.2GiB
[scenario 346/392] interference-dispatch-2147483648-B
[interference-dispatch-2147483648-B] repetition 1/3 elapsed=0.1/75.0s MemAvailable=157.6GiB
[interference-dispatch-2147483648-B] repetition 1/3 elapsed=5.3/75.0s MemAvailable=157.1GiB
[interference-dispatch-2147483648-B] repetition 1/3 elapsed=10.6/75.0s MemAvailable=157.1GiB
[interference-dispatch-2147483648-B] repetition 1/3 elapsed=15.9/75.0s MemAvailable=157.1GiB
[interference-dispatch-2147483648-B] repetition 1/3 elapsed=21.1/75.0s MemAvailable=157.1GiB
[interference-dispatch-2147483648-B] repetition 1/3 elapsed=26.4/75.0s MemAvailable=157.1GiB
[interference-dispatch-2147483648-B] repetition 1/3 elapsed=31.6/75.0s MemAvailable=157.1GiB
[interference-dispatch-2147483648-B] repetition 1/3 elapsed=36.9/75.0s MemAvailable=157.1GiB
[interference-dispatch-2147483648-B] repetition 1/3 elapsed=42.2/75.0s MemAvailable=157.1GiB
[interference-dispatch-2147483648-B] repetition 1/3 elapsed=47.4/75.0s MemAvailable=157.1GiB
[interference-dispatch-2147483648-B] repetition 1/3 elapsed=52.7/75.0s MemAvailable=157.1GiB
[interference-dispatch-2147483648-B] repetition 1/3 elapsed=58.0/75.0s MemAvailable=157.1GiB
[interference-dispatch-2147483648-B] repetition 1/3 elapsed=63.2/75.0s MemAvailable=157.1GiB
[interference-dispatch-2147483648-B] repetition 1/3 elapsed=68.5/75.0s MemAvailable=157.1GiB
[interference-dispatch-2147483648-B] repetition 1/3 elapsed=73.7/75.0s MemAvailable=157.1GiB
[scenario 347/392] interference-dispatch-2147483648-B
[interference-dispatch-2147483648-B] repetition 2/3 elapsed=0.1/75.0s MemAvailable=157.5GiB
[interference-dispatch-2147483648-B] repetition 2/3 elapsed=5.4/75.0s MemAvailable=157.1GiB
[interference-dispatch-2147483648-B] repetition 2/3 elapsed=10.6/75.0s MemAvailable=157.1GiB
[interference-dispatch-2147483648-B] repetition 2/3 elapsed=15.9/75.0s MemAvailable=157.1GiB
[interference-dispatch-2147483648-B] repetition 2/3 elapsed=21.1/75.0s MemAvailable=157.1GiB
[interference-dispatch-2147483648-B] repetition 2/3 elapsed=26.4/75.0s MemAvailable=157.1GiB
[interference-dispatch-2147483648-B] repetition 2/3 elapsed=31.7/75.0s MemAvailable=157.1GiB
[interference-dispatch-2147483648-B] repetition 2/3 elapsed=36.9/75.0s MemAvailable=157.1GiB
[interference-dispatch-2147483648-B] repetition 2/3 elapsed=42.2/75.0s MemAvailable=157.1GiB
[interference-dispatch-2147483648-B] repetition 2/3 elapsed=47.4/75.0s MemAvailable=157.1GiB
[interference-dispatch-2147483648-B] repetition 2/3 elapsed=52.7/75.0s MemAvailable=157.1GiB
[interference-dispatch-2147483648-B] repetition 2/3 elapsed=58.0/75.0s MemAvailable=157.1GiB
[interference-dispatch-2147483648-B] repetition 2/3 elapsed=63.2/75.0s MemAvailable=157.1GiB
[interference-dispatch-2147483648-B] repetition 2/3 elapsed=68.5/75.0s MemAvailable=157.1GiB
[interference-dispatch-2147483648-B] repetition 2/3 elapsed=73.7/75.0s MemAvailable=157.1GiB
[scenario 348/392] interference-dispatch-2147483648-A
[interference-dispatch-2147483648-A] repetition 2/3 elapsed=0.1/75.0s MemAvailable=157.5GiB
[interference-dispatch-2147483648-A] repetition 2/3 elapsed=5.3/75.0s MemAvailable=157.2GiB
[interference-dispatch-2147483648-A] repetition 2/3 elapsed=10.5/75.0s MemAvailable=157.2GiB
[interference-dispatch-2147483648-A] repetition 2/3 elapsed=15.7/75.0s MemAvailable=157.2GiB
[interference-dispatch-2147483648-A] repetition 2/3 elapsed=20.9/75.0s MemAvailable=157.2GiB
[interference-dispatch-2147483648-A] repetition 2/3 elapsed=26.2/75.0s MemAvailable=157.2GiB
[interference-dispatch-2147483648-A] repetition 2/3 elapsed=31.4/75.0s MemAvailable=157.2GiB
[interference-dispatch-2147483648-A] repetition 2/3 elapsed=36.7/75.0s MemAvailable=157.2GiB
[interference-dispatch-2147483648-A] repetition 2/3 elapsed=41.9/75.0s MemAvailable=157.2GiB
[interference-dispatch-2147483648-A] repetition 2/3 elapsed=47.2/75.0s MemAvailable=157.2GiB
[interference-dispatch-2147483648-A] repetition 2/3 elapsed=52.4/75.0s MemAvailable=157.2GiB
[interference-dispatch-2147483648-A] repetition 2/3 elapsed=57.7/75.0s MemAvailable=157.2GiB
[interference-dispatch-2147483648-A] repetition 2/3 elapsed=63.0/75.0s MemAvailable=157.2GiB
[interference-dispatch-2147483648-A] repetition 2/3 elapsed=68.2/75.0s MemAvailable=157.1GiB
[interference-dispatch-2147483648-A] repetition 2/3 elapsed=73.5/75.0s MemAvailable=157.2GiB
[scenario 349/392] interference-dispatch-2147483648-A
[interference-dispatch-2147483648-A] repetition 3/3 elapsed=0.1/75.0s MemAvailable=157.6GiB
[interference-dispatch-2147483648-A] repetition 3/3 elapsed=5.4/75.0s MemAvailable=157.2GiB
[interference-dispatch-2147483648-A] repetition 3/3 elapsed=10.6/75.0s MemAvailable=157.2GiB
[interference-dispatch-2147483648-A] repetition 3/3 elapsed=15.9/75.0s MemAvailable=157.2GiB
[interference-dispatch-2147483648-A] repetition 3/3 elapsed=21.1/75.0s MemAvailable=157.2GiB
[interference-dispatch-2147483648-A] repetition 3/3 elapsed=26.4/75.0s MemAvailable=157.2GiB
[interference-dispatch-2147483648-A] repetition 3/3 elapsed=31.6/75.0s MemAvailable=157.2GiB
[interference-dispatch-2147483648-A] repetition 3/3 elapsed=36.9/75.0s MemAvailable=157.2GiB
[interference-dispatch-2147483648-A] repetition 3/3 elapsed=42.1/75.0s MemAvailable=157.2GiB
[interference-dispatch-2147483648-A] repetition 3/3 elapsed=47.4/75.0s MemAvailable=157.2GiB
[interference-dispatch-2147483648-A] repetition 3/3 elapsed=52.6/75.0s MemAvailable=157.2GiB
[interference-dispatch-2147483648-A] repetition 3/3 elapsed=57.9/75.0s MemAvailable=157.2GiB
[interference-dispatch-2147483648-A] repetition 3/3 elapsed=63.2/75.0s MemAvailable=157.2GiB
[interference-dispatch-2147483648-A] repetition 3/3 elapsed=68.4/75.0s MemAvailable=157.2GiB
[interference-dispatch-2147483648-A] repetition 3/3 elapsed=73.7/75.0s MemAvailable=157.2GiB
[scenario 350/392] interference-dispatch-2147483648-B
[interference-dispatch-2147483648-B] repetition 3/3 elapsed=0.1/75.0s MemAvailable=157.6GiB
[interference-dispatch-2147483648-B] repetition 3/3 elapsed=5.4/75.0s MemAvailable=157.1GiB
[interference-dispatch-2147483648-B] repetition 3/3 elapsed=10.6/75.0s MemAvailable=157.1GiB
[interference-dispatch-2147483648-B] repetition 3/3 elapsed=15.9/75.0s MemAvailable=157.1GiB
[interference-dispatch-2147483648-B] repetition 3/3 elapsed=21.2/75.0s MemAvailable=157.1GiB
[interference-dispatch-2147483648-B] repetition 3/3 elapsed=26.4/75.0s MemAvailable=157.1GiB
[interference-dispatch-2147483648-B] repetition 3/3 elapsed=31.6/75.0s MemAvailable=157.1GiB
[interference-dispatch-2147483648-B] repetition 3/3 elapsed=36.8/75.0s MemAvailable=157.1GiB
[interference-dispatch-2147483648-B] repetition 3/3 elapsed=42.0/75.0s MemAvailable=157.1GiB
[interference-dispatch-2147483648-B] repetition 3/3 elapsed=47.2/75.0s MemAvailable=157.1GiB
[interference-dispatch-2147483648-B] repetition 3/3 elapsed=52.5/75.0s MemAvailable=157.1GiB
[interference-dispatch-2147483648-B] repetition 3/3 elapsed=57.7/75.0s MemAvailable=157.1GiB
[interference-dispatch-2147483648-B] repetition 3/3 elapsed=63.0/75.0s MemAvailable=157.1GiB
[interference-dispatch-2147483648-B] repetition 3/3 elapsed=68.2/75.0s MemAvailable=157.1GiB
[interference-dispatch-2147483648-B] repetition 3/3 elapsed=73.5/75.0s MemAvailable=157.1GiB
[scenario 351/392] interference-cpu-104857600-A
[interference-cpu-104857600-A] repetition 1/3 elapsed=0.1/75.0s MemAvailable=157.5GiB
[interference-cpu-104857600-A] repetition 1/3 elapsed=5.5/75.0s MemAvailable=154.4GiB
[interference-cpu-104857600-A] repetition 1/3 elapsed=10.9/75.0s MemAvailable=154.4GiB
[interference-cpu-104857600-A] repetition 1/3 elapsed=16.2/75.0s MemAvailable=154.4GiB
[interference-cpu-104857600-A] repetition 1/3 elapsed=21.5/75.0s MemAvailable=154.4GiB
[interference-cpu-104857600-A] repetition 1/3 elapsed=26.8/75.0s MemAvailable=154.4GiB
[interference-cpu-104857600-A] repetition 1/3 elapsed=32.1/75.0s MemAvailable=154.4GiB
[interference-cpu-104857600-A] repetition 1/3 elapsed=37.4/75.0s MemAvailable=154.4GiB
[interference-cpu-104857600-A] repetition 1/3 elapsed=42.8/75.0s MemAvailable=154.4GiB
[interference-cpu-104857600-A] repetition 1/3 elapsed=48.1/75.0s MemAvailable=154.4GiB
[interference-cpu-104857600-A] repetition 1/3 elapsed=53.4/75.0s MemAvailable=154.4GiB
[interference-cpu-104857600-A] repetition 1/3 elapsed=58.7/75.0s MemAvailable=154.5GiB
[interference-cpu-104857600-A] repetition 1/3 elapsed=64.1/75.0s MemAvailable=154.4GiB
[interference-cpu-104857600-A] repetition 1/3 elapsed=69.4/75.0s MemAvailable=154.4GiB
[interference-cpu-104857600-A] repetition 1/3 elapsed=74.7/75.0s MemAvailable=154.4GiB
[scenario 352/392] interference-cpu-104857600-B
[interference-cpu-104857600-B] repetition 1/3 elapsed=0.1/75.0s MemAvailable=157.6GiB
[interference-cpu-104857600-B] repetition 1/3 elapsed=5.4/75.0s MemAvailable=154.2GiB
[interference-cpu-104857600-B] repetition 1/3 elapsed=10.9/75.0s MemAvailable=154.2GiB
[interference-cpu-104857600-B] repetition 1/3 elapsed=16.2/75.0s MemAvailable=154.2GiB
[interference-cpu-104857600-B] repetition 1/3 elapsed=21.5/75.0s MemAvailable=154.2GiB
[interference-cpu-104857600-B] repetition 1/3 elapsed=26.8/75.0s MemAvailable=154.2GiB
[interference-cpu-104857600-B] repetition 1/3 elapsed=32.1/75.0s MemAvailable=154.2GiB
[interference-cpu-104857600-B] repetition 1/3 elapsed=37.4/75.0s MemAvailable=154.2GiB
[interference-cpu-104857600-B] repetition 1/3 elapsed=42.8/75.0s MemAvailable=154.2GiB
[interference-cpu-104857600-B] repetition 1/3 elapsed=48.2/75.0s MemAvailable=154.2GiB
[interference-cpu-104857600-B] repetition 1/3 elapsed=53.5/75.0s MemAvailable=154.2GiB
[interference-cpu-104857600-B] repetition 1/3 elapsed=58.8/75.0s MemAvailable=154.2GiB
[interference-cpu-104857600-B] repetition 1/3 elapsed=64.2/75.0s MemAvailable=154.2GiB
[interference-cpu-104857600-B] repetition 1/3 elapsed=69.5/75.0s MemAvailable=154.2GiB
[interference-cpu-104857600-B] repetition 1/3 elapsed=74.8/75.0s MemAvailable=154.2GiB
[scenario 353/392] interference-cpu-104857600-B
[interference-cpu-104857600-B] repetition 2/3 elapsed=0.1/75.0s MemAvailable=157.5GiB
[interference-cpu-104857600-B] repetition 2/3 elapsed=5.4/75.0s MemAvailable=154.1GiB
[interference-cpu-104857600-B] repetition 2/3 elapsed=10.9/75.0s MemAvailable=154.1GiB
[interference-cpu-104857600-B] repetition 2/3 elapsed=16.2/75.0s MemAvailable=154.2GiB
[interference-cpu-104857600-B] repetition 2/3 elapsed=21.5/75.0s MemAvailable=154.2GiB
[interference-cpu-104857600-B] repetition 2/3 elapsed=26.9/75.0s MemAvailable=154.2GiB
[interference-cpu-104857600-B] repetition 2/3 elapsed=32.2/75.0s MemAvailable=154.2GiB
[interference-cpu-104857600-B] repetition 2/3 elapsed=37.5/75.0s MemAvailable=154.2GiB
[interference-cpu-104857600-B] repetition 2/3 elapsed=42.7/75.0s MemAvailable=154.2GiB
[interference-cpu-104857600-B] repetition 2/3 elapsed=48.0/75.0s MemAvailable=154.2GiB
[interference-cpu-104857600-B] repetition 2/3 elapsed=53.3/75.0s MemAvailable=154.2GiB
[interference-cpu-104857600-B] repetition 2/3 elapsed=58.6/75.0s MemAvailable=154.2GiB
[interference-cpu-104857600-B] repetition 2/3 elapsed=63.8/75.0s MemAvailable=154.2GiB
[interference-cpu-104857600-B] repetition 2/3 elapsed=69.1/75.0s MemAvailable=154.2GiB
[interference-cpu-104857600-B] repetition 2/3 elapsed=74.4/75.0s MemAvailable=154.2GiB
[scenario 354/392] interference-cpu-104857600-A
[interference-cpu-104857600-A] repetition 2/3 elapsed=0.1/75.0s MemAvailable=157.5GiB
[interference-cpu-104857600-A] repetition 2/3 elapsed=5.3/75.0s MemAvailable=154.4GiB
[interference-cpu-104857600-A] repetition 2/3 elapsed=10.6/75.0s MemAvailable=154.4GiB
[interference-cpu-104857600-A] repetition 2/3 elapsed=16.0/75.0s MemAvailable=154.4GiB
[interference-cpu-104857600-A] repetition 2/3 elapsed=21.4/75.0s MemAvailable=154.4GiB
[interference-cpu-104857600-A] repetition 2/3 elapsed=26.7/75.0s MemAvailable=154.4GiB
[interference-cpu-104857600-A] repetition 2/3 elapsed=31.9/75.0s MemAvailable=154.4GiB
[interference-cpu-104857600-A] repetition 2/3 elapsed=37.2/75.0s MemAvailable=154.4GiB
[interference-cpu-104857600-A] repetition 2/3 elapsed=42.5/75.0s MemAvailable=154.4GiB
[interference-cpu-104857600-A] repetition 2/3 elapsed=47.8/75.0s MemAvailable=154.4GiB
[interference-cpu-104857600-A] repetition 2/3 elapsed=53.2/75.0s MemAvailable=154.4GiB
[interference-cpu-104857600-A] repetition 2/3 elapsed=58.4/75.0s MemAvailable=154.4GiB
[interference-cpu-104857600-A] repetition 2/3 elapsed=63.7/75.0s MemAvailable=154.4GiB
[interference-cpu-104857600-A] repetition 2/3 elapsed=69.0/75.0s MemAvailable=154.4GiB
[interference-cpu-104857600-A] repetition 2/3 elapsed=74.3/75.0s MemAvailable=154.4GiB
[scenario 355/392] interference-cpu-104857600-A
[interference-cpu-104857600-A] repetition 3/3 elapsed=0.1/75.0s MemAvailable=157.6GiB
[interference-cpu-104857600-A] repetition 3/3 elapsed=5.4/75.0s MemAvailable=154.4GiB
[interference-cpu-104857600-A] repetition 3/3 elapsed=10.7/75.0s MemAvailable=154.4GiB
[interference-cpu-104857600-A] repetition 3/3 elapsed=16.0/75.0s MemAvailable=154.4GiB
[interference-cpu-104857600-A] repetition 3/3 elapsed=21.3/75.0s MemAvailable=154.4GiB
[interference-cpu-104857600-A] repetition 3/3 elapsed=26.5/75.0s MemAvailable=154.4GiB
[interference-cpu-104857600-A] repetition 3/3 elapsed=31.8/75.0s MemAvailable=154.4GiB
[interference-cpu-104857600-A] repetition 3/3 elapsed=37.1/75.0s MemAvailable=154.4GiB
[interference-cpu-104857600-A] repetition 3/3 elapsed=42.4/75.0s MemAvailable=154.4GiB
[interference-cpu-104857600-A] repetition 3/3 elapsed=47.7/75.0s MemAvailable=154.4GiB
[interference-cpu-104857600-A] repetition 3/3 elapsed=53.0/75.0s MemAvailable=154.4GiB
[interference-cpu-104857600-A] repetition 3/3 elapsed=58.2/75.0s MemAvailable=154.4GiB
[interference-cpu-104857600-A] repetition 3/3 elapsed=63.5/75.0s MemAvailable=154.4GiB
[interference-cpu-104857600-A] repetition 3/3 elapsed=68.8/75.0s MemAvailable=154.4GiB
[interference-cpu-104857600-A] repetition 3/3 elapsed=74.1/75.0s MemAvailable=154.4GiB
[scenario 356/392] interference-cpu-104857600-B
[interference-cpu-104857600-B] repetition 3/3 elapsed=0.1/75.0s MemAvailable=157.5GiB
[interference-cpu-104857600-B] repetition 3/3 elapsed=5.4/75.0s MemAvailable=154.2GiB
[interference-cpu-104857600-B] repetition 3/3 elapsed=10.8/75.0s MemAvailable=154.2GiB
[interference-cpu-104857600-B] repetition 3/3 elapsed=16.1/75.0s MemAvailable=154.2GiB
[interference-cpu-104857600-B] repetition 3/3 elapsed=21.5/75.0s MemAvailable=154.2GiB
[interference-cpu-104857600-B] repetition 3/3 elapsed=26.7/75.0s MemAvailable=154.2GiB
[interference-cpu-104857600-B] repetition 3/3 elapsed=32.0/75.0s MemAvailable=154.2GiB
[interference-cpu-104857600-B] repetition 3/3 elapsed=37.3/75.0s MemAvailable=154.2GiB
[interference-cpu-104857600-B] repetition 3/3 elapsed=42.7/75.0s MemAvailable=154.2GiB
[interference-cpu-104857600-B] repetition 3/3 elapsed=48.0/75.0s MemAvailable=154.2GiB
[interference-cpu-104857600-B] repetition 3/3 elapsed=53.3/75.0s MemAvailable=154.2GiB
[interference-cpu-104857600-B] repetition 3/3 elapsed=58.5/75.0s MemAvailable=154.2GiB
[interference-cpu-104857600-B] repetition 3/3 elapsed=63.8/75.0s MemAvailable=154.2GiB
[interference-cpu-104857600-B] repetition 3/3 elapsed=69.1/75.0s MemAvailable=154.2GiB
[interference-cpu-104857600-B] repetition 3/3 elapsed=74.4/75.0s MemAvailable=154.2GiB
[scenario 357/392] interference-cpu-2147483648-A
[interference-cpu-2147483648-A] repetition 1/3 elapsed=0.1/75.0s MemAvailable=157.5GiB
[interference-cpu-2147483648-A] repetition 1/3 elapsed=5.4/75.0s MemAvailable=154.4GiB
[interference-cpu-2147483648-A] repetition 1/3 elapsed=10.7/75.0s MemAvailable=154.4GiB
[interference-cpu-2147483648-A] repetition 1/3 elapsed=15.9/75.0s MemAvailable=154.4GiB
[interference-cpu-2147483648-A] repetition 1/3 elapsed=21.2/75.0s MemAvailable=154.4GiB
[interference-cpu-2147483648-A] repetition 1/3 elapsed=26.5/75.0s MemAvailable=154.4GiB
[interference-cpu-2147483648-A] repetition 1/3 elapsed=31.8/75.0s MemAvailable=154.4GiB
[interference-cpu-2147483648-A] repetition 1/3 elapsed=37.1/75.0s MemAvailable=154.4GiB
[interference-cpu-2147483648-A] repetition 1/3 elapsed=42.4/75.0s MemAvailable=154.4GiB
[interference-cpu-2147483648-A] repetition 1/3 elapsed=47.7/75.0s MemAvailable=154.4GiB
[interference-cpu-2147483648-A] repetition 1/3 elapsed=53.1/75.0s MemAvailable=154.4GiB
[interference-cpu-2147483648-A] repetition 1/3 elapsed=58.4/75.0s MemAvailable=154.4GiB
[interference-cpu-2147483648-A] repetition 1/3 elapsed=63.7/75.0s MemAvailable=154.4GiB
[interference-cpu-2147483648-A] repetition 1/3 elapsed=69.0/75.0s MemAvailable=154.4GiB
[interference-cpu-2147483648-A] repetition 1/3 elapsed=74.3/75.0s MemAvailable=154.4GiB
[scenario 358/392] interference-cpu-2147483648-B
[interference-cpu-2147483648-B] repetition 1/3 elapsed=0.1/75.0s MemAvailable=157.6GiB
[interference-cpu-2147483648-B] repetition 1/3 elapsed=5.5/75.0s MemAvailable=154.1GiB
[interference-cpu-2147483648-B] repetition 1/3 elapsed=10.8/75.0s MemAvailable=154.2GiB
[interference-cpu-2147483648-B] repetition 1/3 elapsed=16.1/75.0s MemAvailable=154.2GiB
[interference-cpu-2147483648-B] repetition 1/3 elapsed=21.4/75.0s MemAvailable=154.2GiB
[interference-cpu-2147483648-B] repetition 1/3 elapsed=26.8/75.0s MemAvailable=154.2GiB
[interference-cpu-2147483648-B] repetition 1/3 elapsed=32.1/75.0s MemAvailable=154.2GiB
[interference-cpu-2147483648-B] repetition 1/3 elapsed=37.5/75.0s MemAvailable=154.2GiB
[interference-cpu-2147483648-B] repetition 1/3 elapsed=42.8/75.0s MemAvailable=154.2GiB
[interference-cpu-2147483648-B] repetition 1/3 elapsed=48.1/75.0s MemAvailable=154.2GiB
[interference-cpu-2147483648-B] repetition 1/3 elapsed=53.3/75.0s MemAvailable=154.2GiB
[interference-cpu-2147483648-B] repetition 1/3 elapsed=58.6/75.0s MemAvailable=154.2GiB
[interference-cpu-2147483648-B] repetition 1/3 elapsed=63.9/75.0s MemAvailable=154.2GiB
[interference-cpu-2147483648-B] repetition 1/3 elapsed=69.2/75.0s MemAvailable=154.2GiB
[interference-cpu-2147483648-B] repetition 1/3 elapsed=74.5/75.0s MemAvailable=154.2GiB
[scenario 359/392] interference-cpu-2147483648-B
[interference-cpu-2147483648-B] repetition 2/3 elapsed=0.1/75.0s MemAvailable=157.5GiB
[interference-cpu-2147483648-B] repetition 2/3 elapsed=5.5/75.0s MemAvailable=154.1GiB
[interference-cpu-2147483648-B] repetition 2/3 elapsed=10.9/75.0s MemAvailable=154.2GiB
[interference-cpu-2147483648-B] repetition 2/3 elapsed=16.2/75.0s MemAvailable=154.2GiB
[interference-cpu-2147483648-B] repetition 2/3 elapsed=21.6/75.0s MemAvailable=154.2GiB
[interference-cpu-2147483648-B] repetition 2/3 elapsed=26.9/75.0s MemAvailable=154.2GiB
[interference-cpu-2147483648-B] repetition 2/3 elapsed=32.2/75.0s MemAvailable=154.2GiB
[interference-cpu-2147483648-B] repetition 2/3 elapsed=37.5/75.0s MemAvailable=154.2GiB
[interference-cpu-2147483648-B] repetition 2/3 elapsed=42.8/75.0s MemAvailable=154.2GiB
[interference-cpu-2147483648-B] repetition 2/3 elapsed=48.1/75.0s MemAvailable=154.2GiB
[interference-cpu-2147483648-B] repetition 2/3 elapsed=53.4/75.0s MemAvailable=154.2GiB
[interference-cpu-2147483648-B] repetition 2/3 elapsed=58.7/75.0s MemAvailable=154.2GiB
[interference-cpu-2147483648-B] repetition 2/3 elapsed=64.0/75.0s MemAvailable=154.2GiB
[interference-cpu-2147483648-B] repetition 2/3 elapsed=69.3/75.0s MemAvailable=154.2GiB
[interference-cpu-2147483648-B] repetition 2/3 elapsed=74.6/75.0s MemAvailable=154.2GiB
[scenario 360/392] interference-cpu-2147483648-A
[interference-cpu-2147483648-A] repetition 2/3 elapsed=0.1/75.0s MemAvailable=157.5GiB
[interference-cpu-2147483648-A] repetition 2/3 elapsed=5.4/75.0s MemAvailable=154.4GiB
[interference-cpu-2147483648-A] repetition 2/3 elapsed=10.7/75.0s MemAvailable=154.5GiB
[interference-cpu-2147483648-A] repetition 2/3 elapsed=16.0/75.0s MemAvailable=154.4GiB
[interference-cpu-2147483648-A] repetition 2/3 elapsed=21.3/75.0s MemAvailable=154.4GiB
[interference-cpu-2147483648-A] repetition 2/3 elapsed=26.6/75.0s MemAvailable=154.4GiB
[interference-cpu-2147483648-A] repetition 2/3 elapsed=31.9/75.0s MemAvailable=154.4GiB
[interference-cpu-2147483648-A] repetition 2/3 elapsed=37.3/75.0s MemAvailable=154.4GiB
[interference-cpu-2147483648-A] repetition 2/3 elapsed=42.6/75.0s MemAvailable=154.4GiB
[interference-cpu-2147483648-A] repetition 2/3 elapsed=47.8/75.0s MemAvailable=154.4GiB
[interference-cpu-2147483648-A] repetition 2/3 elapsed=53.1/75.0s MemAvailable=154.4GiB
[interference-cpu-2147483648-A] repetition 2/3 elapsed=58.5/75.0s MemAvailable=154.4GiB
[interference-cpu-2147483648-A] repetition 2/3 elapsed=63.8/75.0s MemAvailable=154.5GiB
[interference-cpu-2147483648-A] repetition 2/3 elapsed=69.1/75.0s MemAvailable=154.4GiB
[interference-cpu-2147483648-A] repetition 2/3 elapsed=74.5/75.0s MemAvailable=154.4GiB
[scenario 361/392] interference-cpu-2147483648-A
[interference-cpu-2147483648-A] repetition 3/3 elapsed=0.1/75.0s MemAvailable=157.5GiB
[interference-cpu-2147483648-A] repetition 3/3 elapsed=5.4/75.0s MemAvailable=154.4GiB
[interference-cpu-2147483648-A] repetition 3/3 elapsed=10.6/75.0s MemAvailable=154.4GiB
[interference-cpu-2147483648-A] repetition 3/3 elapsed=15.9/75.0s MemAvailable=154.4GiB
[interference-cpu-2147483648-A] repetition 3/3 elapsed=21.2/75.0s MemAvailable=154.4GiB
[interference-cpu-2147483648-A] repetition 3/3 elapsed=26.5/75.0s MemAvailable=154.4GiB
[interference-cpu-2147483648-A] repetition 3/3 elapsed=31.8/75.0s MemAvailable=154.4GiB
[interference-cpu-2147483648-A] repetition 3/3 elapsed=37.0/75.0s MemAvailable=154.4GiB
[interference-cpu-2147483648-A] repetition 3/3 elapsed=42.3/75.0s MemAvailable=154.4GiB
[interference-cpu-2147483648-A] repetition 3/3 elapsed=47.6/75.0s MemAvailable=154.5GiB
[interference-cpu-2147483648-A] repetition 3/3 elapsed=52.8/75.0s MemAvailable=154.4GiB
[interference-cpu-2147483648-A] repetition 3/3 elapsed=58.1/75.0s MemAvailable=154.4GiB
[interference-cpu-2147483648-A] repetition 3/3 elapsed=63.3/75.0s MemAvailable=154.4GiB
[interference-cpu-2147483648-A] repetition 3/3 elapsed=68.6/75.0s MemAvailable=154.4GiB
[interference-cpu-2147483648-A] repetition 3/3 elapsed=73.8/75.0s MemAvailable=154.4GiB
[scenario 362/392] interference-cpu-2147483648-B
[interference-cpu-2147483648-B] repetition 3/3 elapsed=0.1/75.0s MemAvailable=157.6GiB
[interference-cpu-2147483648-B] repetition 3/3 elapsed=5.3/75.0s MemAvailable=154.2GiB
[interference-cpu-2147483648-B] repetition 3/3 elapsed=10.6/75.0s MemAvailable=154.2GiB
[interference-cpu-2147483648-B] repetition 3/3 elapsed=15.8/75.0s MemAvailable=154.2GiB
[interference-cpu-2147483648-B] repetition 3/3 elapsed=21.1/75.0s MemAvailable=154.2GiB
[interference-cpu-2147483648-B] repetition 3/3 elapsed=26.4/75.0s MemAvailable=154.2GiB
[interference-cpu-2147483648-B] repetition 3/3 elapsed=31.6/75.0s MemAvailable=154.2GiB
[interference-cpu-2147483648-B] repetition 3/3 elapsed=36.9/75.0s MemAvailable=154.2GiB
[interference-cpu-2147483648-B] repetition 3/3 elapsed=42.1/75.0s MemAvailable=154.2GiB
[interference-cpu-2147483648-B] repetition 3/3 elapsed=47.3/75.0s MemAvailable=154.2GiB
[interference-cpu-2147483648-B] repetition 3/3 elapsed=52.5/75.0s MemAvailable=154.2GiB
[interference-cpu-2147483648-B] repetition 3/3 elapsed=57.8/75.0s MemAvailable=154.2GiB
[interference-cpu-2147483648-B] repetition 3/3 elapsed=63.2/75.0s MemAvailable=154.2GiB
[interference-cpu-2147483648-B] repetition 3/3 elapsed=68.4/75.0s MemAvailable=154.2GiB
[interference-cpu-2147483648-B] repetition 3/3 elapsed=73.7/75.0s MemAvailable=154.2GiB
[scenario 363/392] interference-burst30s-A
[interference-burst30s-A] repetition 1/3 elapsed=0.1/75.0s MemAvailable=157.5GiB
[interference-burst30s-A] repetition 1/3 elapsed=5.3/75.0s MemAvailable=157.2GiB
[interference-burst30s-A] repetition 1/3 elapsed=10.5/75.0s MemAvailable=157.2GiB
[interference-burst30s-A] repetition 1/3 elapsed=15.7/75.0s MemAvailable=157.2GiB
[interference-burst30s-A] repetition 1/3 elapsed=21.0/75.0s MemAvailable=157.1GiB
[interference-burst30s-A] repetition 1/3 elapsed=26.2/75.0s MemAvailable=157.2GiB
[interference-burst30s-A] repetition 1/3 elapsed=31.4/75.0s MemAvailable=157.2GiB
[interference-burst30s-A] repetition 1/3 elapsed=36.6/75.0s MemAvailable=157.2GiB
[interference-burst30s-A] repetition 1/3 elapsed=41.8/75.0s MemAvailable=157.2GiB
[interference-burst30s-A] repetition 1/3 elapsed=47.0/75.0s MemAvailable=157.2GiB
[interference-burst30s-A] repetition 1/3 elapsed=52.2/75.0s MemAvailable=157.2GiB
[interference-burst30s-A] repetition 1/3 elapsed=57.4/75.0s MemAvailable=157.2GiB
[interference-burst30s-A] repetition 1/3 elapsed=62.7/75.0s MemAvailable=157.2GiB
[interference-burst30s-A] repetition 1/3 elapsed=67.9/75.0s MemAvailable=157.2GiB
[interference-burst30s-A] repetition 1/3 elapsed=73.1/75.0s MemAvailable=157.2GiB
[scenario 364/392] interference-burst30s-B
[interference-burst30s-B] repetition 1/3 elapsed=0.1/75.0s MemAvailable=157.6GiB
[interference-burst30s-B] repetition 1/3 elapsed=5.3/75.0s MemAvailable=157.0GiB
[interference-burst30s-B] repetition 1/3 elapsed=10.5/75.0s MemAvailable=157.1GiB
[interference-burst30s-B] repetition 1/3 elapsed=15.7/75.0s MemAvailable=157.1GiB
[interference-burst30s-B] repetition 1/3 elapsed=20.9/75.0s MemAvailable=157.1GiB
[interference-burst30s-B] repetition 1/3 elapsed=26.1/75.0s MemAvailable=157.1GiB
[interference-burst30s-B] repetition 1/3 elapsed=31.4/75.0s MemAvailable=157.1GiB
[interference-burst30s-B] repetition 1/3 elapsed=36.6/75.0s MemAvailable=157.1GiB
[interference-burst30s-B] repetition 1/3 elapsed=41.8/75.0s MemAvailable=157.1GiB
[interference-burst30s-B] repetition 1/3 elapsed=47.0/75.0s MemAvailable=157.1GiB
[interference-burst30s-B] repetition 1/3 elapsed=52.2/75.0s MemAvailable=157.1GiB
[interference-burst30s-B] repetition 1/3 elapsed=57.4/75.0s MemAvailable=157.1GiB
[interference-burst30s-B] repetition 1/3 elapsed=62.6/75.0s MemAvailable=157.1GiB
[interference-burst30s-B] repetition 1/3 elapsed=67.9/75.0s MemAvailable=157.1GiB
[interference-burst30s-B] repetition 1/3 elapsed=73.1/75.0s MemAvailable=157.1GiB
[scenario 365/392] interference-burst30s-B
[interference-burst30s-B] repetition 2/3 elapsed=0.1/75.0s MemAvailable=157.5GiB
[interference-burst30s-B] repetition 2/3 elapsed=5.3/75.0s MemAvailable=157.0GiB
[interference-burst30s-B] repetition 2/3 elapsed=10.5/75.0s MemAvailable=157.0GiB
[interference-burst30s-B] repetition 2/3 elapsed=15.7/75.0s MemAvailable=157.0GiB
[interference-burst30s-B] repetition 2/3 elapsed=20.9/75.0s MemAvailable=157.1GiB
[interference-burst30s-B] repetition 2/3 elapsed=26.1/75.0s MemAvailable=157.1GiB
[interference-burst30s-B] repetition 2/3 elapsed=31.3/75.0s MemAvailable=157.1GiB
[interference-burst30s-B] repetition 2/3 elapsed=36.6/75.0s MemAvailable=157.1GiB
[interference-burst30s-B] repetition 2/3 elapsed=41.8/75.0s MemAvailable=157.1GiB
[interference-burst30s-B] repetition 2/3 elapsed=47.0/75.0s MemAvailable=157.1GiB
[interference-burst30s-B] repetition 2/3 elapsed=52.2/75.0s MemAvailable=157.1GiB
[interference-burst30s-B] repetition 2/3 elapsed=57.4/75.0s MemAvailable=157.1GiB
[interference-burst30s-B] repetition 2/3 elapsed=62.6/75.0s MemAvailable=157.1GiB
[interference-burst30s-B] repetition 2/3 elapsed=67.8/75.0s MemAvailable=157.1GiB
[interference-burst30s-B] repetition 2/3 elapsed=73.1/75.0s MemAvailable=157.1GiB
[scenario 366/392] interference-burst30s-A
[interference-burst30s-A] repetition 2/3 elapsed=0.1/75.0s MemAvailable=157.5GiB
[interference-burst30s-A] repetition 2/3 elapsed=5.3/75.0s MemAvailable=157.1GiB
[interference-burst30s-A] repetition 2/3 elapsed=10.5/75.0s MemAvailable=157.2GiB
[interference-burst30s-A] repetition 2/3 elapsed=15.7/75.0s MemAvailable=157.2GiB
[interference-burst30s-A] repetition 2/3 elapsed=20.9/75.0s MemAvailable=157.1GiB
[interference-burst30s-A] repetition 2/3 elapsed=26.1/75.0s MemAvailable=157.2GiB
[interference-burst30s-A] repetition 2/3 elapsed=31.3/75.0s MemAvailable=157.2GiB
[interference-burst30s-A] repetition 2/3 elapsed=36.6/75.0s MemAvailable=157.2GiB
[interference-burst30s-A] repetition 2/3 elapsed=41.8/75.0s MemAvailable=157.2GiB
[interference-burst30s-A] repetition 2/3 elapsed=47.0/75.0s MemAvailable=157.2GiB
[interference-burst30s-A] repetition 2/3 elapsed=52.2/75.0s MemAvailable=157.2GiB
[interference-burst30s-A] repetition 2/3 elapsed=57.4/75.0s MemAvailable=157.2GiB
[interference-burst30s-A] repetition 2/3 elapsed=62.6/75.0s MemAvailable=157.2GiB
[interference-burst30s-A] repetition 2/3 elapsed=67.8/75.0s MemAvailable=157.2GiB
[interference-burst30s-A] repetition 2/3 elapsed=73.1/75.0s MemAvailable=157.2GiB
[scenario 367/392] interference-burst30s-A
[interference-burst30s-A] repetition 3/3 elapsed=0.1/75.0s MemAvailable=157.6GiB
[interference-burst30s-A] repetition 3/3 elapsed=5.3/75.0s MemAvailable=157.2GiB
[interference-burst30s-A] repetition 3/3 elapsed=10.5/75.0s MemAvailable=157.2GiB
[interference-burst30s-A] repetition 3/3 elapsed=15.7/75.0s MemAvailable=157.2GiB
[interference-burst30s-A] repetition 3/3 elapsed=20.9/75.0s MemAvailable=157.2GiB
[interference-burst30s-A] repetition 3/3 elapsed=26.1/75.0s MemAvailable=157.2GiB
[interference-burst30s-A] repetition 3/3 elapsed=31.3/75.0s MemAvailable=157.2GiB
[interference-burst30s-A] repetition 3/3 elapsed=36.6/75.0s MemAvailable=157.2GiB
[interference-burst30s-A] repetition 3/3 elapsed=41.8/75.0s MemAvailable=157.2GiB
[interference-burst30s-A] repetition 3/3 elapsed=47.0/75.0s MemAvailable=157.2GiB
[interference-burst30s-A] repetition 3/3 elapsed=52.2/75.0s MemAvailable=157.2GiB
[interference-burst30s-A] repetition 3/3 elapsed=57.4/75.0s MemAvailable=157.2GiB
[interference-burst30s-A] repetition 3/3 elapsed=62.6/75.0s MemAvailable=157.2GiB
[interference-burst30s-A] repetition 3/3 elapsed=67.8/75.0s MemAvailable=157.2GiB
[interference-burst30s-A] repetition 3/3 elapsed=73.0/75.0s MemAvailable=157.2GiB
[scenario 368/392] interference-burst30s-B
[interference-burst30s-B] repetition 3/3 elapsed=0.1/75.0s MemAvailable=157.6GiB
[interference-burst30s-B] repetition 3/3 elapsed=5.3/75.0s MemAvailable=157.1GiB
[interference-burst30s-B] repetition 3/3 elapsed=10.5/75.0s MemAvailable=157.1GiB
[interference-burst30s-B] repetition 3/3 elapsed=15.7/75.0s MemAvailable=157.1GiB
[interference-burst30s-B] repetition 3/3 elapsed=20.9/75.0s MemAvailable=157.1GiB
[interference-burst30s-B] repetition 3/3 elapsed=26.1/75.0s MemAvailable=157.1GiB
[interference-burst30s-B] repetition 3/3 elapsed=31.4/75.0s MemAvailable=157.1GiB
[interference-burst30s-B] repetition 3/3 elapsed=36.6/75.0s MemAvailable=157.1GiB
[interference-burst30s-B] repetition 3/3 elapsed=41.8/75.0s MemAvailable=157.1GiB
[interference-burst30s-B] repetition 3/3 elapsed=47.0/75.0s MemAvailable=157.1GiB
[interference-burst30s-B] repetition 3/3 elapsed=52.2/75.0s MemAvailable=157.1GiB
[interference-burst30s-B] repetition 3/3 elapsed=57.4/75.0s MemAvailable=157.1GiB
[interference-burst30s-B] repetition 3/3 elapsed=62.6/75.0s MemAvailable=157.1GiB
[interference-burst30s-B] repetition 3/3 elapsed=67.9/75.0s MemAvailable=157.1GiB
[interference-burst30s-B] repetition 3/3 elapsed=73.1/75.0s MemAvailable=157.1GiB
[scenario 369/392] interference-both-gpus-A
[interference-both-gpus-A] repetition 1/3 elapsed=0.1/75.0s MemAvailable=157.5GiB
[interference-both-gpus-A] repetition 1/3 elapsed=5.3/75.0s MemAvailable=156.7GiB
[interference-both-gpus-A] repetition 1/3 elapsed=10.5/75.0s MemAvailable=156.7GiB
[interference-both-gpus-A] repetition 1/3 elapsed=15.7/75.0s MemAvailable=156.7GiB
[interference-both-gpus-A] repetition 1/3 elapsed=20.9/75.0s MemAvailable=156.7GiB
[interference-both-gpus-A] repetition 1/3 elapsed=26.2/75.0s MemAvailable=156.7GiB
[interference-both-gpus-A] repetition 1/3 elapsed=31.4/75.0s MemAvailable=156.7GiB
[interference-both-gpus-A] repetition 1/3 elapsed=36.6/75.0s MemAvailable=156.7GiB
[interference-both-gpus-A] repetition 1/3 elapsed=41.8/75.0s MemAvailable=156.7GiB
[interference-both-gpus-A] repetition 1/3 elapsed=47.0/75.0s MemAvailable=156.6GiB
[interference-both-gpus-A] repetition 1/3 elapsed=52.2/75.0s MemAvailable=156.6GiB
[interference-both-gpus-A] repetition 1/3 elapsed=57.5/75.0s MemAvailable=156.6GiB
[interference-both-gpus-A] repetition 1/3 elapsed=62.7/75.0s MemAvailable=156.7GiB
[interference-both-gpus-A] repetition 1/3 elapsed=67.9/75.0s MemAvailable=156.6GiB
[interference-both-gpus-A] repetition 1/3 elapsed=73.1/75.0s MemAvailable=156.6GiB
[scenario 370/392] interference-both-gpus-B
[interference-both-gpus-B] repetition 1/3 elapsed=0.1/75.0s MemAvailable=157.6GiB
[interference-both-gpus-B] repetition 1/3 elapsed=5.3/75.0s MemAvailable=156.4GiB
[interference-both-gpus-B] repetition 1/3 elapsed=10.5/75.0s MemAvailable=156.5GiB
[interference-both-gpus-B] repetition 1/3 elapsed=15.7/75.0s MemAvailable=156.5GiB
[interference-both-gpus-B] repetition 1/3 elapsed=20.9/75.0s MemAvailable=156.5GiB
[interference-both-gpus-B] repetition 1/3 elapsed=26.2/75.0s MemAvailable=156.5GiB
[interference-both-gpus-B] repetition 1/3 elapsed=31.4/75.0s MemAvailable=156.5GiB
[interference-both-gpus-B] repetition 1/3 elapsed=36.6/75.0s MemAvailable=156.5GiB
[interference-both-gpus-B] repetition 1/3 elapsed=41.8/75.0s MemAvailable=156.5GiB
[interference-both-gpus-B] repetition 1/3 elapsed=47.0/75.0s MemAvailable=156.5GiB
[interference-both-gpus-B] repetition 1/3 elapsed=52.3/75.0s MemAvailable=156.5GiB
[interference-both-gpus-B] repetition 1/3 elapsed=57.5/75.0s MemAvailable=156.5GiB
[interference-both-gpus-B] repetition 1/3 elapsed=62.7/75.0s MemAvailable=156.5GiB
[interference-both-gpus-B] repetition 1/3 elapsed=67.9/75.0s MemAvailable=156.5GiB
[interference-both-gpus-B] repetition 1/3 elapsed=73.1/75.0s MemAvailable=156.6GiB
[scenario 371/392] interference-both-gpus-B
[interference-both-gpus-B] repetition 2/3 elapsed=0.1/75.0s MemAvailable=157.5GiB
[interference-both-gpus-B] repetition 2/3 elapsed=5.3/75.0s MemAvailable=156.4GiB
[interference-both-gpus-B] repetition 2/3 elapsed=10.5/75.0s MemAvailable=156.5GiB
[interference-both-gpus-B] repetition 2/3 elapsed=15.7/75.0s MemAvailable=156.5GiB
[interference-both-gpus-B] repetition 2/3 elapsed=20.9/75.0s MemAvailable=156.5GiB
[interference-both-gpus-B] repetition 2/3 elapsed=26.1/75.0s MemAvailable=156.5GiB
[interference-both-gpus-B] repetition 2/3 elapsed=31.4/75.0s MemAvailable=156.5GiB
[interference-both-gpus-B] repetition 2/3 elapsed=36.6/75.0s MemAvailable=156.5GiB
[interference-both-gpus-B] repetition 2/3 elapsed=41.8/75.0s MemAvailable=156.6GiB
[interference-both-gpus-B] repetition 2/3 elapsed=47.0/75.0s MemAvailable=156.5GiB
[interference-both-gpus-B] repetition 2/3 elapsed=52.2/75.0s MemAvailable=156.6GiB
[interference-both-gpus-B] repetition 2/3 elapsed=57.5/75.0s MemAvailable=156.5GiB
[interference-both-gpus-B] repetition 2/3 elapsed=62.7/75.0s MemAvailable=156.5GiB
[interference-both-gpus-B] repetition 2/3 elapsed=67.9/75.0s MemAvailable=156.5GiB
[interference-both-gpus-B] repetition 2/3 elapsed=73.1/75.0s MemAvailable=156.5GiB
[scenario 372/392] interference-both-gpus-A
[interference-both-gpus-A] repetition 2/3 elapsed=0.1/75.0s MemAvailable=157.5GiB
[interference-both-gpus-A] repetition 2/3 elapsed=5.3/75.0s MemAvailable=156.7GiB
[interference-both-gpus-A] repetition 2/3 elapsed=10.5/75.0s MemAvailable=156.7GiB
[interference-both-gpus-A] repetition 2/3 elapsed=15.7/75.0s MemAvailable=156.7GiB
[interference-both-gpus-A] repetition 2/3 elapsed=20.9/75.0s MemAvailable=156.7GiB
[interference-both-gpus-A] repetition 2/3 elapsed=26.2/75.0s MemAvailable=156.7GiB
[interference-both-gpus-A] repetition 2/3 elapsed=31.4/75.0s MemAvailable=156.7GiB
[interference-both-gpus-A] repetition 2/3 elapsed=36.6/75.0s MemAvailable=156.7GiB
[interference-both-gpus-A] repetition 2/3 elapsed=41.8/75.0s MemAvailable=156.7GiB
[interference-both-gpus-A] repetition 2/3 elapsed=47.0/75.0s MemAvailable=156.7GiB
[interference-both-gpus-A] repetition 2/3 elapsed=52.2/75.0s MemAvailable=156.7GiB
[interference-both-gpus-A] repetition 2/3 elapsed=57.4/75.0s MemAvailable=156.7GiB
[interference-both-gpus-A] repetition 2/3 elapsed=62.7/75.0s MemAvailable=156.6GiB
[interference-both-gpus-A] repetition 2/3 elapsed=67.9/75.0s MemAvailable=156.7GiB
[interference-both-gpus-A] repetition 2/3 elapsed=73.1/75.0s MemAvailable=156.7GiB
[scenario 373/392] interference-both-gpus-A
[interference-both-gpus-A] repetition 3/3 elapsed=0.1/75.0s MemAvailable=157.6GiB
[interference-both-gpus-A] repetition 3/3 elapsed=5.3/75.0s MemAvailable=156.7GiB
[interference-both-gpus-A] repetition 3/3 elapsed=10.5/75.0s MemAvailable=156.7GiB
[interference-both-gpus-A] repetition 3/3 elapsed=15.7/75.0s MemAvailable=156.7GiB
[interference-both-gpus-A] repetition 3/3 elapsed=20.9/75.0s MemAvailable=156.6GiB
[interference-both-gpus-A] repetition 3/3 elapsed=26.1/75.0s MemAvailable=156.6GiB
[interference-both-gpus-A] repetition 3/3 elapsed=31.3/75.0s MemAvailable=156.6GiB
[interference-both-gpus-A] repetition 3/3 elapsed=36.6/75.0s MemAvailable=156.7GiB
[interference-both-gpus-A] repetition 3/3 elapsed=41.8/75.0s MemAvailable=156.7GiB
[interference-both-gpus-A] repetition 3/3 elapsed=47.0/75.0s MemAvailable=156.7GiB
[interference-both-gpus-A] repetition 3/3 elapsed=52.2/75.0s MemAvailable=156.7GiB
[interference-both-gpus-A] repetition 3/3 elapsed=57.4/75.0s MemAvailable=156.7GiB
[interference-both-gpus-A] repetition 3/3 elapsed=62.6/75.0s MemAvailable=156.7GiB
[interference-both-gpus-A] repetition 3/3 elapsed=67.9/75.0s MemAvailable=156.7GiB
[interference-both-gpus-A] repetition 3/3 elapsed=73.1/75.0s MemAvailable=156.7GiB
[scenario 374/392] interference-both-gpus-B
[interference-both-gpus-B] repetition 3/3 elapsed=0.1/75.0s MemAvailable=157.6GiB
[interference-both-gpus-B] repetition 3/3 elapsed=5.3/75.0s MemAvailable=156.4GiB
[interference-both-gpus-B] repetition 3/3 elapsed=10.5/75.0s MemAvailable=156.5GiB
[interference-both-gpus-B] repetition 3/3 elapsed=15.7/75.0s MemAvailable=156.5GiB
[interference-both-gpus-B] repetition 3/3 elapsed=20.9/75.0s MemAvailable=156.5GiB
[interference-both-gpus-B] repetition 3/3 elapsed=26.2/75.0s MemAvailable=156.6GiB
[interference-both-gpus-B] repetition 3/3 elapsed=31.4/75.0s MemAvailable=156.5GiB
[interference-both-gpus-B] repetition 3/3 elapsed=36.6/75.0s MemAvailable=156.5GiB
[interference-both-gpus-B] repetition 3/3 elapsed=41.8/75.0s MemAvailable=156.5GiB
[interference-both-gpus-B] repetition 3/3 elapsed=47.0/75.0s MemAvailable=156.5GiB
[interference-both-gpus-B] repetition 3/3 elapsed=52.2/75.0s MemAvailable=156.5GiB
[interference-both-gpus-B] repetition 3/3 elapsed=57.4/75.0s MemAvailable=156.5GiB
[interference-both-gpus-B] repetition 3/3 elapsed=62.6/75.0s MemAvailable=156.5GiB
[interference-both-gpus-B] repetition 3/3 elapsed=67.8/75.0s MemAvailable=156.5GiB
[interference-both-gpus-B] repetition 3/3 elapsed=73.1/75.0s MemAvailable=156.5GiB
[scenario 375/392] interference-combined-A
[interference-combined-A] repetition 1/3 elapsed=0.1/75.0s MemAvailable=157.5GiB
[interference-combined-A] repetition 1/3 elapsed=5.4/75.0s MemAvailable=154.1GiB
[interference-combined-A] repetition 1/3 elapsed=10.7/75.0s MemAvailable=154.1GiB
[interference-combined-A] repetition 1/3 elapsed=16.1/75.0s MemAvailable=154.1GiB
[interference-combined-A] repetition 1/3 elapsed=21.4/75.0s MemAvailable=154.1GiB
[interference-combined-A] repetition 1/3 elapsed=26.7/75.0s MemAvailable=154.1GiB
[interference-combined-A] repetition 1/3 elapsed=32.0/75.0s MemAvailable=154.0GiB
[interference-combined-A] repetition 1/3 elapsed=37.4/75.0s MemAvailable=154.1GiB
[interference-combined-A] repetition 1/3 elapsed=42.7/75.0s MemAvailable=154.1GiB
[interference-combined-A] repetition 1/3 elapsed=48.0/75.0s MemAvailable=154.1GiB
[interference-combined-A] repetition 1/3 elapsed=53.3/75.0s MemAvailable=154.1GiB
[interference-combined-A] repetition 1/3 elapsed=58.6/75.0s MemAvailable=154.1GiB
[interference-combined-A] repetition 1/3 elapsed=64.0/75.0s MemAvailable=154.1GiB
[interference-combined-A] repetition 1/3 elapsed=69.3/75.0s MemAvailable=154.1GiB
[interference-combined-A] repetition 1/3 elapsed=74.6/75.0s MemAvailable=154.0GiB
[scenario 376/392] interference-combined-B
[interference-combined-B] repetition 1/3 elapsed=0.1/75.0s MemAvailable=157.5GiB
[interference-combined-B] repetition 1/3 elapsed=5.4/75.0s MemAvailable=154.0GiB
[interference-combined-B] repetition 1/3 elapsed=10.8/75.0s MemAvailable=154.0GiB
[interference-combined-B] repetition 1/3 elapsed=16.1/75.0s MemAvailable=154.0GiB
[interference-combined-B] repetition 1/3 elapsed=21.4/75.0s MemAvailable=154.0GiB
[interference-combined-B] repetition 1/3 elapsed=26.7/75.0s MemAvailable=154.0GiB
[interference-combined-B] repetition 1/3 elapsed=32.0/75.0s MemAvailable=154.0GiB
[interference-combined-B] repetition 1/3 elapsed=37.4/75.0s MemAvailable=154.0GiB
[interference-combined-B] repetition 1/3 elapsed=42.6/75.0s MemAvailable=154.0GiB
[interference-combined-B] repetition 1/3 elapsed=48.0/75.0s MemAvailable=154.0GiB
[interference-combined-B] repetition 1/3 elapsed=53.3/75.0s MemAvailable=154.0GiB
[interference-combined-B] repetition 1/3 elapsed=58.6/75.0s MemAvailable=154.0GiB
[interference-combined-B] repetition 1/3 elapsed=64.0/75.0s MemAvailable=154.0GiB
[interference-combined-B] repetition 1/3 elapsed=69.3/75.0s MemAvailable=154.0GiB
[interference-combined-B] repetition 1/3 elapsed=74.7/75.0s MemAvailable=154.0GiB
[scenario 377/392] interference-combined-B
[interference-combined-B] repetition 2/3 elapsed=0.1/75.0s MemAvailable=157.6GiB
[interference-combined-B] repetition 2/3 elapsed=5.4/75.0s MemAvailable=154.0GiB
[interference-combined-B] repetition 2/3 elapsed=10.7/75.0s MemAvailable=154.0GiB
[interference-combined-B] repetition 2/3 elapsed=16.0/75.0s MemAvailable=154.0GiB
[interference-combined-B] repetition 2/3 elapsed=21.3/75.0s MemAvailable=154.0GiB
[interference-combined-B] repetition 2/3 elapsed=26.7/75.0s MemAvailable=154.0GiB
[interference-combined-B] repetition 2/3 elapsed=32.0/75.0s MemAvailable=154.0GiB
[interference-combined-B] repetition 2/3 elapsed=37.3/75.0s MemAvailable=154.0GiB
[interference-combined-B] repetition 2/3 elapsed=42.5/75.0s MemAvailable=154.0GiB
[interference-combined-B] repetition 2/3 elapsed=47.9/75.0s MemAvailable=154.0GiB
[interference-combined-B] repetition 2/3 elapsed=53.2/75.0s MemAvailable=154.0GiB
[interference-combined-B] repetition 2/3 elapsed=58.6/75.0s MemAvailable=154.0GiB
[interference-combined-B] repetition 2/3 elapsed=64.0/75.0s MemAvailable=154.0GiB
[interference-combined-B] repetition 2/3 elapsed=69.3/75.0s MemAvailable=154.0GiB
[interference-combined-B] repetition 2/3 elapsed=74.6/75.0s MemAvailable=154.0GiB
[scenario 378/392] interference-combined-A
[interference-combined-A] repetition 2/3 elapsed=0.1/75.0s MemAvailable=157.6GiB
[interference-combined-A] repetition 2/3 elapsed=5.4/75.0s MemAvailable=154.1GiB
[interference-combined-A] repetition 2/3 elapsed=10.7/75.0s MemAvailable=154.1GiB
[interference-combined-A] repetition 2/3 elapsed=16.0/75.0s MemAvailable=154.1GiB
[interference-combined-A] repetition 2/3 elapsed=21.3/75.0s MemAvailable=154.1GiB
[interference-combined-A] repetition 2/3 elapsed=26.7/75.0s MemAvailable=154.1GiB
[interference-combined-A] repetition 2/3 elapsed=32.0/75.0s MemAvailable=154.1GiB
[interference-combined-A] repetition 2/3 elapsed=37.4/75.0s MemAvailable=154.1GiB
[interference-combined-A] repetition 2/3 elapsed=42.7/75.0s MemAvailable=154.1GiB
[interference-combined-A] repetition 2/3 elapsed=48.0/75.0s MemAvailable=154.1GiB
[interference-combined-A] repetition 2/3 elapsed=53.3/75.0s MemAvailable=154.1GiB
[interference-combined-A] repetition 2/3 elapsed=58.6/75.0s MemAvailable=154.0GiB
[interference-combined-A] repetition 2/3 elapsed=63.8/75.0s MemAvailable=154.1GiB
[interference-combined-A] repetition 2/3 elapsed=69.1/75.0s MemAvailable=154.0GiB
[interference-combined-A] repetition 2/3 elapsed=74.4/75.0s MemAvailable=154.0GiB
[scenario 379/392] interference-combined-A
[interference-combined-A] repetition 3/3 elapsed=0.1/75.0s MemAvailable=157.6GiB
[interference-combined-A] repetition 3/3 elapsed=5.4/75.0s MemAvailable=154.1GiB
[interference-combined-A] repetition 3/3 elapsed=10.7/75.0s MemAvailable=154.1GiB
[interference-combined-A] repetition 3/3 elapsed=16.0/75.0s MemAvailable=154.1GiB
[interference-combined-A] repetition 3/3 elapsed=21.4/75.0s MemAvailable=154.1GiB
[interference-combined-A] repetition 3/3 elapsed=26.7/75.0s MemAvailable=154.1GiB
[interference-combined-A] repetition 3/3 elapsed=32.1/75.0s MemAvailable=154.1GiB
[interference-combined-A] repetition 3/3 elapsed=37.3/75.0s MemAvailable=154.1GiB
[interference-combined-A] repetition 3/3 elapsed=42.6/75.0s MemAvailable=154.1GiB
[interference-combined-A] repetition 3/3 elapsed=48.0/75.0s MemAvailable=154.1GiB
[interference-combined-A] repetition 3/3 elapsed=53.3/75.0s MemAvailable=154.1GiB
[interference-combined-A] repetition 3/3 elapsed=58.7/75.0s MemAvailable=154.1GiB
[interference-combined-A] repetition 3/3 elapsed=64.0/75.0s MemAvailable=154.1GiB
[interference-combined-A] repetition 3/3 elapsed=69.4/75.0s MemAvailable=154.1GiB
[interference-combined-A] repetition 3/3 elapsed=74.7/75.0s MemAvailable=154.1GiB
[scenario 380/392] interference-combined-B
[interference-combined-B] repetition 3/3 elapsed=0.1/75.0s MemAvailable=157.6GiB
[interference-combined-B] repetition 3/3 elapsed=5.4/75.0s MemAvailable=153.9GiB
[interference-combined-B] repetition 3/3 elapsed=10.8/75.0s MemAvailable=154.0GiB
[interference-combined-B] repetition 3/3 elapsed=16.0/75.0s MemAvailable=154.0GiB
[interference-combined-B] repetition 3/3 elapsed=21.4/75.0s MemAvailable=154.0GiB
[interference-combined-B] repetition 3/3 elapsed=26.6/75.0s MemAvailable=154.0GiB
[interference-combined-B] repetition 3/3 elapsed=31.9/75.0s MemAvailable=154.0GiB
[interference-combined-B] repetition 3/3 elapsed=37.2/75.0s MemAvailable=154.0GiB
[interference-combined-B] repetition 3/3 elapsed=42.5/75.0s MemAvailable=154.0GiB
[interference-combined-B] repetition 3/3 elapsed=47.9/75.0s MemAvailable=154.0GiB
[interference-combined-B] repetition 3/3 elapsed=53.3/75.0s MemAvailable=154.0GiB
[interference-combined-B] repetition 3/3 elapsed=58.6/75.0s MemAvailable=154.0GiB
[interference-combined-B] repetition 3/3 elapsed=63.9/75.0s MemAvailable=154.0GiB
[interference-combined-B] repetition 3/3 elapsed=69.4/75.0s MemAvailable=154.0GiB
[interference-combined-B] repetition 3/3 elapsed=74.6/75.0s MemAvailable=154.0GiB
[scenario 381/392] interference-storage-ext4-A
[interference-storage-ext4-A] repetition 1/3 elapsed=0.1/75.0s MemAvailable=157.5GiB
[interference-storage-ext4-A] repetition 1/3 elapsed=5.3/75.0s MemAvailable=157.2GiB
[interference-storage-ext4-A] repetition 1/3 elapsed=10.5/75.0s MemAvailable=157.2GiB
[interference-storage-ext4-A] repetition 1/3 elapsed=15.7/75.0s MemAvailable=157.2GiB
[interference-storage-ext4-A] repetition 1/3 elapsed=20.9/75.0s MemAvailable=157.2GiB
[interference-storage-ext4-A] repetition 1/3 elapsed=26.1/75.0s MemAvailable=157.2GiB
[interference-storage-ext4-A] repetition 1/3 elapsed=31.3/75.0s MemAvailable=157.2GiB
[interference-storage-ext4-A] repetition 1/3 elapsed=36.5/75.0s MemAvailable=157.2GiB
[interference-storage-ext4-A] repetition 1/3 elapsed=41.8/75.0s MemAvailable=157.2GiB
[interference-storage-ext4-A] repetition 1/3 elapsed=47.0/75.0s MemAvailable=157.2GiB
[interference-storage-ext4-A] repetition 1/3 elapsed=52.2/75.0s MemAvailable=157.2GiB
[interference-storage-ext4-A] repetition 1/3 elapsed=57.4/75.0s MemAvailable=157.2GiB
[interference-storage-ext4-A] repetition 1/3 elapsed=62.6/75.0s MemAvailable=157.2GiB
[interference-storage-ext4-A] repetition 1/3 elapsed=67.8/75.0s MemAvailable=157.2GiB
[interference-storage-ext4-A] repetition 1/3 elapsed=73.0/75.0s MemAvailable=157.2GiB
[scenario 382/392] interference-storage-ext4-B
[interference-storage-ext4-B] repetition 1/3 elapsed=0.1/75.0s MemAvailable=157.6GiB
[interference-storage-ext4-B] repetition 1/3 elapsed=5.3/75.0s MemAvailable=157.1GiB
[interference-storage-ext4-B] repetition 1/3 elapsed=10.5/75.0s MemAvailable=157.1GiB
[interference-storage-ext4-B] repetition 1/3 elapsed=15.7/75.0s MemAvailable=157.1GiB
[interference-storage-ext4-B] repetition 1/3 elapsed=20.9/75.0s MemAvailable=157.1GiB
[interference-storage-ext4-B] repetition 1/3 elapsed=26.1/75.0s MemAvailable=157.1GiB
[interference-storage-ext4-B] repetition 1/3 elapsed=31.3/75.0s MemAvailable=157.1GiB
[interference-storage-ext4-B] repetition 1/3 elapsed=36.6/75.0s MemAvailable=157.1GiB
[interference-storage-ext4-B] repetition 1/3 elapsed=41.8/75.0s MemAvailable=157.1GiB
[interference-storage-ext4-B] repetition 1/3 elapsed=47.0/75.0s MemAvailable=157.1GiB
[interference-storage-ext4-B] repetition 1/3 elapsed=52.2/75.0s MemAvailable=157.1GiB
[interference-storage-ext4-B] repetition 1/3 elapsed=57.4/75.0s MemAvailable=157.1GiB
[interference-storage-ext4-B] repetition 1/3 elapsed=62.6/75.0s MemAvailable=157.1GiB
[interference-storage-ext4-B] repetition 1/3 elapsed=67.8/75.0s MemAvailable=157.1GiB
[interference-storage-ext4-B] repetition 1/3 elapsed=73.1/75.0s MemAvailable=157.1GiB
[scenario 383/392] interference-storage-ext4-B
[interference-storage-ext4-B] repetition 2/3 elapsed=0.1/75.0s MemAvailable=157.5GiB
[interference-storage-ext4-B] repetition 2/3 elapsed=5.3/75.0s MemAvailable=157.1GiB
[interference-storage-ext4-B] repetition 2/3 elapsed=10.5/75.0s MemAvailable=157.0GiB
[interference-storage-ext4-B] repetition 2/3 elapsed=15.7/75.0s MemAvailable=157.1GiB
[interference-storage-ext4-B] repetition 2/3 elapsed=20.9/75.0s MemAvailable=157.1GiB
[interference-storage-ext4-B] repetition 2/3 elapsed=26.1/75.0s MemAvailable=157.1GiB
[interference-storage-ext4-B] repetition 2/3 elapsed=31.4/75.0s MemAvailable=157.1GiB
[interference-storage-ext4-B] repetition 2/3 elapsed=36.6/75.0s MemAvailable=157.1GiB
[interference-storage-ext4-B] repetition 2/3 elapsed=41.8/75.0s MemAvailable=157.1GiB
[interference-storage-ext4-B] repetition 2/3 elapsed=47.0/75.0s MemAvailable=157.1GiB
[interference-storage-ext4-B] repetition 2/3 elapsed=52.2/75.0s MemAvailable=157.1GiB
[interference-storage-ext4-B] repetition 2/3 elapsed=57.4/75.0s MemAvailable=157.1GiB
[interference-storage-ext4-B] repetition 2/3 elapsed=62.7/75.0s MemAvailable=157.1GiB
[interference-storage-ext4-B] repetition 2/3 elapsed=67.9/75.0s MemAvailable=157.1GiB
[interference-storage-ext4-B] repetition 2/3 elapsed=73.1/75.0s MemAvailable=157.1GiB
[scenario 384/392] interference-storage-ext4-A
[interference-storage-ext4-A] repetition 2/3 elapsed=0.1/75.0s MemAvailable=157.5GiB
[interference-storage-ext4-A] repetition 2/3 elapsed=5.3/75.0s MemAvailable=157.2GiB
[interference-storage-ext4-A] repetition 2/3 elapsed=10.5/75.0s MemAvailable=157.2GiB
[interference-storage-ext4-A] repetition 2/3 elapsed=15.7/75.0s MemAvailable=157.2GiB
[interference-storage-ext4-A] repetition 2/3 elapsed=20.9/75.0s MemAvailable=157.2GiB
[interference-storage-ext4-A] repetition 2/3 elapsed=26.1/75.0s MemAvailable=157.2GiB
[interference-storage-ext4-A] repetition 2/3 elapsed=31.3/75.0s MemAvailable=157.2GiB
[interference-storage-ext4-A] repetition 2/3 elapsed=36.6/75.0s MemAvailable=157.2GiB
[interference-storage-ext4-A] repetition 2/3 elapsed=41.8/75.0s MemAvailable=157.2GiB
[interference-storage-ext4-A] repetition 2/3 elapsed=47.0/75.0s MemAvailable=157.2GiB
[interference-storage-ext4-A] repetition 2/3 elapsed=52.2/75.0s MemAvailable=157.2GiB
[interference-storage-ext4-A] repetition 2/3 elapsed=57.4/75.0s MemAvailable=157.1GiB
[interference-storage-ext4-A] repetition 2/3 elapsed=62.6/75.0s MemAvailable=157.2GiB
[interference-storage-ext4-A] repetition 2/3 elapsed=67.8/75.0s MemAvailable=157.2GiB
[interference-storage-ext4-A] repetition 2/3 elapsed=73.0/75.0s MemAvailable=157.2GiB
[scenario 385/392] interference-storage-ext4-A
[interference-storage-ext4-A] repetition 3/3 elapsed=0.1/75.0s MemAvailable=157.5GiB
[interference-storage-ext4-A] repetition 3/3 elapsed=5.3/75.0s MemAvailable=157.1GiB
[interference-storage-ext4-A] repetition 3/3 elapsed=10.5/75.0s MemAvailable=157.2GiB
[interference-storage-ext4-A] repetition 3/3 elapsed=15.7/75.0s MemAvailable=157.1GiB
[interference-storage-ext4-A] repetition 3/3 elapsed=20.9/75.0s MemAvailable=157.2GiB
[interference-storage-ext4-A] repetition 3/3 elapsed=26.1/75.0s MemAvailable=157.2GiB
[interference-storage-ext4-A] repetition 3/3 elapsed=31.3/75.0s MemAvailable=157.2GiB
[interference-storage-ext4-A] repetition 3/3 elapsed=36.5/75.0s MemAvailable=157.2GiB
[interference-storage-ext4-A] repetition 3/3 elapsed=41.8/75.0s MemAvailable=157.2GiB
[interference-storage-ext4-A] repetition 3/3 elapsed=47.0/75.0s MemAvailable=157.2GiB
[interference-storage-ext4-A] repetition 3/3 elapsed=52.2/75.0s MemAvailable=157.2GiB
[interference-storage-ext4-A] repetition 3/3 elapsed=57.4/75.0s MemAvailable=157.2GiB
[interference-storage-ext4-A] repetition 3/3 elapsed=62.6/75.0s MemAvailable=157.2GiB
[interference-storage-ext4-A] repetition 3/3 elapsed=67.8/75.0s MemAvailable=157.2GiB
[interference-storage-ext4-A] repetition 3/3 elapsed=73.0/75.0s MemAvailable=157.2GiB
[scenario 386/392] interference-storage-ext4-B
[interference-storage-ext4-B] repetition 3/3 elapsed=0.1/75.0s MemAvailable=157.6GiB
[interference-storage-ext4-B] repetition 3/3 elapsed=5.3/75.0s MemAvailable=157.1GiB
[interference-storage-ext4-B] repetition 3/3 elapsed=10.5/75.0s MemAvailable=157.1GiB
[interference-storage-ext4-B] repetition 3/3 elapsed=15.7/75.0s MemAvailable=157.1GiB
[interference-storage-ext4-B] repetition 3/3 elapsed=20.9/75.0s MemAvailable=157.1GiB
[interference-storage-ext4-B] repetition 3/3 elapsed=26.2/75.0s MemAvailable=157.1GiB
[interference-storage-ext4-B] repetition 3/3 elapsed=31.4/75.0s MemAvailable=157.1GiB
[interference-storage-ext4-B] repetition 3/3 elapsed=36.7/75.0s MemAvailable=157.1GiB
[interference-storage-ext4-B] repetition 3/3 elapsed=42.0/75.0s MemAvailable=157.1GiB
[interference-storage-ext4-B] repetition 3/3 elapsed=47.2/75.0s MemAvailable=157.1GiB
[interference-storage-ext4-B] repetition 3/3 elapsed=52.4/75.0s MemAvailable=157.1GiB
[interference-storage-ext4-B] repetition 3/3 elapsed=57.7/75.0s MemAvailable=157.1GiB
[interference-storage-ext4-B] repetition 3/3 elapsed=62.9/75.0s MemAvailable=157.1GiB
[interference-storage-ext4-B] repetition 3/3 elapsed=68.2/75.0s MemAvailable=157.1GiB
[interference-storage-ext4-B] repetition 3/3 elapsed=73.4/75.0s MemAvailable=157.1GiB
[scenario 387/392] interference-controller-A
[interference-controller-A] repetition 1/3 elapsed=0.1/35.0s MemAvailable=157.5GiB
[interference-controller-A] repetition 1/3 elapsed=5.5/35.0s MemAvailable=154.4GiB
[interference-controller-A] repetition 1/3 elapsed=10.8/35.0s MemAvailable=154.4GiB
[interference-controller-A] repetition 1/3 elapsed=16.3/35.0s MemAvailable=154.5GiB
[interference-controller-A] repetition 1/3 elapsed=21.6/35.0s MemAvailable=154.5GiB
[interference-controller-A] repetition 1/3 elapsed=27.0/35.0s MemAvailable=154.4GiB
[interference-controller-A] repetition 1/3 elapsed=32.3/35.0s MemAvailable=154.4GiB
[scenario 388/392] interference-controller-B
[interference-controller-B] repetition 1/3 elapsed=0.1/35.0s MemAvailable=157.6GiB
[interference-controller-B] repetition 1/3 elapsed=5.4/35.0s MemAvailable=154.3GiB
[interference-controller-B] repetition 1/3 elapsed=10.7/35.0s MemAvailable=154.3GiB
[interference-controller-B] repetition 1/3 elapsed=16.1/35.0s MemAvailable=154.3GiB
[interference-controller-B] repetition 1/3 elapsed=21.6/35.0s MemAvailable=154.3GiB
[interference-controller-B] repetition 1/3 elapsed=27.0/35.0s MemAvailable=154.3GiB
[interference-controller-B] repetition 1/3 elapsed=32.4/35.0s MemAvailable=154.3GiB
[scenario 389/392] interference-controller-B
[interference-controller-B] repetition 2/3 elapsed=0.1/35.0s MemAvailable=157.5GiB
[interference-controller-B] repetition 2/3 elapsed=5.5/35.0s MemAvailable=154.3GiB
[interference-controller-B] repetition 2/3 elapsed=11.0/35.0s MemAvailable=154.3GiB
[interference-controller-B] repetition 2/3 elapsed=16.3/35.0s MemAvailable=154.3GiB
[interference-controller-B] repetition 2/3 elapsed=21.7/35.0s MemAvailable=154.3GiB
[interference-controller-B] repetition 2/3 elapsed=27.1/35.0s MemAvailable=154.3GiB
[interference-controller-B] repetition 2/3 elapsed=32.5/35.0s MemAvailable=154.3GiB
[scenario 390/392] interference-controller-A
[interference-controller-A] repetition 2/3 elapsed=0.1/35.0s MemAvailable=157.6GiB
[interference-controller-A] repetition 2/3 elapsed=5.4/35.0s MemAvailable=154.4GiB
[interference-controller-A] repetition 2/3 elapsed=10.7/35.0s MemAvailable=154.4GiB
[interference-controller-A] repetition 2/3 elapsed=16.0/35.0s MemAvailable=154.4GiB
[interference-controller-A] repetition 2/3 elapsed=21.4/35.0s MemAvailable=154.4GiB
[interference-controller-A] repetition 2/3 elapsed=26.7/35.0s MemAvailable=154.4GiB
[interference-controller-A] repetition 2/3 elapsed=32.2/35.0s MemAvailable=154.4GiB
[scenario 391/392] interference-controller-A
[interference-controller-A] repetition 3/3 elapsed=0.1/35.0s MemAvailable=157.5GiB
[interference-controller-A] repetition 3/3 elapsed=5.4/35.0s MemAvailable=154.4GiB
[interference-controller-A] repetition 3/3 elapsed=10.8/35.0s MemAvailable=154.4GiB
[interference-controller-A] repetition 3/3 elapsed=16.1/35.0s MemAvailable=154.4GiB
[interference-controller-A] repetition 3/3 elapsed=21.5/35.0s MemAvailable=154.4GiB
[interference-controller-A] repetition 3/3 elapsed=27.0/35.0s MemAvailable=154.4GiB
[interference-controller-A] repetition 3/3 elapsed=32.4/35.0s MemAvailable=154.4GiB
[scenario 392/392] interference-controller-B
[interference-controller-B] repetition 3/3 elapsed=0.1/35.0s MemAvailable=157.6GiB
[interference-controller-B] repetition 3/3 elapsed=5.4/35.0s MemAvailable=154.3GiB
[interference-controller-B] repetition 3/3 elapsed=10.9/35.0s MemAvailable=154.2GiB
[interference-controller-B] repetition 3/3 elapsed=16.2/35.0s MemAvailable=154.2GiB
[interference-controller-B] repetition 3/3 elapsed=21.6/35.0s MemAvailable=154.2GiB
[interference-controller-B] repetition 3/3 elapsed=26.9/35.0s MemAvailable=154.3GiB
[interference-controller-B] repetition 3/3 elapsed=32.1/35.0s MemAvailable=154.3GiB
Campaign measurement phase MEASUREMENTS_COMPLETE
