window,layer,group,phase,device,gpu_us,T,tokens,token_base,CPU,local,mapped,remote,entry_count,host_dispatch_us
28,2,0,0,0,9.216000325977802,1,1,0,0,10,0,0,10,0.62
28,2,0,1,0,32.76799991726875,1,1,0,0,10,0,0,10,0.62
28,2,0,2,0,9.216000325977802,1,1,0,0,10,0,0,10,0.62
28,2,0,3,0,5.119999870657921,1,1,0,0,10,0,0,10,0.62
28,24,0,0,0,8.191999979317188,1,1,0,0,10,0,0,10,0.5
28,24,0,1,0,31.74399957060814,1,1,0,0,10,0,0,10,0.5
28,24,0,2,0,8.191999979317188,1,1,0,0,10,0,0,10,0.5
28,24,0,3,0,3.0720001086592674,1,1,0,0,10,0,0,10,0.5
28,40,0,0,1,9.216000325977802,1,1,0,0,10,0,0,10,0.32
28,40,0,1,1,35.840000957250595,1,1,0,0,10,0,0,10,0.32
28,40,0,2,1,8.191999979317188,1,1,0,0,10,0,0,10,0.32
28,40,0,3,1,4.095999989658594,1,1,0,0,10,0,0,10,0.32
29,2,0,0,0,8.191999979317188,3,3,0,0,30,0,0,30,3.051
29,2,0,1,0,67.58400052785873,3,3,0,0,30,0,0,30,3.051
29,2,0,2,0,9.216000325977802,3,3,0,0,30,0,0,30,3.051
29,2,0,3,0,6.144000217318535,3,3,0,0,30,0,0,30,3.051
29,24,0,0,0,1668.0959463119507,3,3,0,0,30,0,0,30,3.41
29,24,0,1,0,58.36800113320351,3,3,0,0,30,0,0,30,3.41
29,24,0,2,0,9.216000325977802,3,3,0,0,30,0,0,30,3.41
29,24,0,3,0,4.095999989658594,3,3,0,0,30,0,0,30,3.41
29,40,0,0,1,208.8959962129593,3,3,0,0,30,0,0,30,2.351
29,40,0,1,1,68.60800087451935,3,3,0,0,30,0,0,30,2.351
29,40,0,2,1,9.216000325977802,3,3,0,0,30,0,0,30,2.351
29,40,0,3,1,4.095999989658594,3,3,0,0,30,0,0,30,2.351
30,2,0,0,0,9.216000325977802,3,3,0,0,30,0,0,30,1.72
30,2,0,1,0,69.63200122117996,3,3,0,0,30,0,0,30,1.72
30,2,0,2,0,9.216000325977802,3,3,0,0,30,0,0,30,1.72
30,2,0,3,0,5.119999870657921,3,3,0,0,30,0,0,30,1.72
30,24,0,0,0,9.216000325977802,3,3,0,0,30,0,0,30,1.45
30,24,0,1,0,58.36800113320351,3,3,0,0,30,0,0,30,1.45
30,24,0,2,0,8.191999979317188,3,3,0,0,30,0,0,30,1.45
30,24,0,3,0,4.095999989658594,3,3,0,0,30,0,0,30,1.45
30,40,0,0,1,10.239999741315842,3,3,0,0,30,0,0,30,2.0
30,40,0,1,1,59.39200147986412,3,3,0,0,30,0,0,30,2.0
30,40,0,2,1,9.216000325977802,3,3,0,0,30,0,0,30,2.0
30,40,0,3,1,4.095999989658594,3,3,0,0,30,0,0,30,2.0
31,2,0,0,0,2849.792003631592,3,3,0,0,30,0,0,30,2.051
31,2,0,1,0,62.463998794555664,3,3,0,0,30,0,0,30,2.051
31,2,0,2,0,10.239999741315842,3,3,0,0,30,0,0,30,2.051
31,2,0,3,0,5.119999870657921,3,3,0,0,30,0,0,30,2.051
31,24,0,0,0,9.216000325977802,3,3,0,0,30,0,0,30,2.68
31,24,0,1,0,54.27199974656105,3,3,0,0,30,0,0,30,2.68
31,24,0,2,0,9.216000325977802,3,3,0,0,30,0,0,30,2.68
31,24,0,3,0,4.095999989658594,3,3,0,0,30,0,0,30,2.68
31,40,0,0,1,8.191999979317188,3,3,0,0,30,0,0,30,1.16
31,40,0,1,1,57.34400078654289,3,3,0,0,30,0,0,30,1.16
31,40,0,2,1,9.216000325977802,3,3,0,0,30,0,0,30,1.16
31,40,0,3,1,4.095999989658594,3,3,0,0,30,0,0,30,1.16
32,2,0,0,0,8.191999979317188,4,4,0,2,38,0,0,40,107.749
32,2,0,1,0,72.7040022611618,4,4,0,2,38,0,0,40,107.749
32,2,0,2,0,9.216000325977802,4,4,0,2,38,0,0,40,107.749
32,2,0,3,0,13.311999849975109,4,4,0,2,38,0,0,40,107.749
32,24,0,0,0,8.191999979317188,4,4,0,0,40,0,0,40,3.58
32,24,0,1,0,63.48799914121628,4,4,0,0,40,0,0,40,3.58
32,24,0,2,0,9.216000325977802,4,4,0,0,40,0,0,40,3.58
32,24,0,3,0,4.095999989658594,4,4,0,0,40,0,0,40,3.58
32,40,0,0,1,8.191999979317188,4,4,0,1,39,0,0,40,147.989
32,40,0,1,1,69.63200122117996,4,4,0,1,39,0,0,40,147.989
32,40,0,2,1,9.216000325977802,4,4,0,1,39,0,0,40,147.989
32,40,0,3,1,58.36800113320351,4,4,0,1,39,0,0,40,147.989
33,2,0,0,0,8.191999979317188,1,1,0,1,9,0,0,10,184.13
33,2,0,1,0,30.719999223947525,1,1,0,1,9,0,0,10,184.13
33,2,0,2,0,8.191999979317188,1,1,0,1,9,0,0,10,184.13
33,2,0,3,0,131.071999669075,1,1,0,1,9,0,0,10,184.13
33,24,0,0,0,8.191999979317188,1,1,0,0,10,0,0,10,0.44
33,24,0,1,0,31.74399957060814,1,1,0,0,10,0,0,10,0.44
33,24,0,2,0,9.216000325977802,1,1,0,0,10,0,0,10,0.44
33,24,0,3,0,4.095999989658594,1,1,0,0,10,0,0,10,0.44
33,40,0,0,1,8.191999979317188,1,1,0,0,10,0,0,10,0.38
33,40,0,1,1,35.840000957250595,1,1,0,0,10,0,0,10,0.38
33,40,0,2,1,9.216000325977802,1,1,0,0,10,0,0,10,0.38
33,40,0,3,1,4.095999989658594,1,1,0,0,10,0,0,10,0.38
34,2,0,0,0,8.191999979317188,3,3,0,1,29,0,0,30,66.621
34,2,0,1,0,54.27199974656105,3,3,0,1,29,0,0,30,66.621
34,2,0,2,0,9.216000325977802,3,3,0,1,29,0,0,30,66.621
34,2,0,3,0,6.144000217318535,3,3,0,1,29,0,0,30,66.621
34,24,0,0,0,9.216000325977802,3,3,0,0,30,0,0,30,1.72
34,24,0,1,0,53.247999399900436,3,3,0,0,30,0,0,30,1.72
34,24,0,2,0,9.216000325977802,3,3,0,0,30,0,0,30,1.72
34,24,0,3,0,4.095999989658594,3,3,0,0,30,0,0,30,1.72
34,40,0,0,1,9.216000325977802,3,3,0,0,30,0,0,30,1.69
34,40,0,1,1,61.43999844789505,3,3,0,0,30,0,0,30,1.69
34,40,0,2,1,9.216000325977802,3,3,0,0,30,0,0,30,1.69
34,40,0,3,1,4.095999989658594,3,3,0,0,30,0,0,30,1.69
35,2,0,0,0,9.216000325977802,4,4,0,1,39,0,0,40,137.939
35,2,0,1,0,50.175998359918594,4,4,0,1,39,0,0,40,137.939
35,2,0,2,0,9.216000325977802,4,4,0,1,39,0,0,40,137.939
35,2,0,3,0,67.58400052785873,4,4,0,1,39,0,0,40,137.939
35,24,0,0,0,9.216000325977802,4,4,0,1,39,0,0,40,93.09
35,24,0,1,0,68.60800087451935,4,4,0,1,39,0,0,40,93.09
35,24,0,2,0,9.216000325977802,4,4,0,1,39,0,0,40,93.09
35,24,0,3,0,4.095999989658594,4,4,0,1,39,0,0,40,93.09
35,40,0,0,1,10.239999741315842,4,4,0,0,40,0,0,40,2.58
35,40,0,1,1,87.0399996638298,4,4,0,0,40,0,0,40,2.58
35,40,0,2,1,9.216000325977802,4,4,0,0,40,0,0,40,2.58
35,40,0,3,1,3.0720001086592674,4,4,0,0,40,0,0,40,2.58
36,2,0,0,0,15.359999611973763,4,4,0,0,40,0,0,40,1.98
36,2,0,1,0,72.7040022611618,4,4,0,0,40,0,0,40,1.98
36,2,0,2,0,9.216000325977802,4,4,0,0,40,0,0,40,1.98
36,2,0,3,0,4.095999989658594,4,4,0,0,40,0,0,40,1.98
36,24,0,0,0,8.191999979317188,4,4,0,0,40,0,0,40,1.48
36,24,0,1,0,63.48799914121628,4,4,0,0,40,0,0,40,1.48
36,24,0,2,0,9.216000325977802,4,4,0,0,40,0,0,40,1.48
36,24,0,3,0,4.095999989658594,4,4,0,0,40,0,0,40,1.48
36,40,0,0,1,122.8799968957901,4,4,0,0,40,0,0,40,1.869
36,40,0,1,1,67.58400052785873,4,4,0,0,40,0,0,40,1.869
36,40,0,2,1,8.191999979317188,4,4,0,0,40,0,0,40,1.869
36,40,0,3,1,3.0720001086592674,4,4,0,0,40,0,0,40,1.869
37,2,0,0,0,9.216000325977802,2,2,0,0,20,0,0,20,0.98
37,2,0,1,0,48.128001391887665,2,2,0,0,20,0,0,20,0.98
37,2,0,2,0,8.191999979317188,2,2,0,0,20,0,0,20,0.98
37,2,0,3,0,5.119999870657921,2,2,0,0,20,0,0,20,0.98
37,24,0,0,0,9.216000325977802,2,2,0,0,20,0,0,20,0.78
37,24,0,1,0,45.05600035190582,2,2,0,0,20,0,0,20,0.78
37,24,0,2,0,9.216000325977802,2,2,0,0,20,0,0,20,0.78
37,24,0,3,0,4.095999989658594,2,2,0,0,20,0,0,20,0.78
37,40,0,0,1,13.311999849975109,2,2,0,0,20,0,0,20,1.029
37,40,0,1,1,51.19999870657921,2,2,0,0,20,0,0,20,1.029
37,40,0,2,1,9.216000325977802,2,2,0,0,20,0,0,20,1.029
37,40,0,3,1,4.095999989658594,2,2,0,0,20,0,0,20,1.029
38,2,0,0,0,14.336000196635723,4,4,0,0,40,0,0,40,3.18
38,2,0,1,0,75.77600330114365,4,4,0,0,40,0,0,40,3.18
38,2,0,2,0,9.216000325977802,4,4,0,0,40,0,0,40,3.18
38,2,0,3,0,4.095999989658594,4,4,0,0,40,0,0,40,3.18
38,24,0,0,0,9.216000325977802,4,4,0,0,40,0,0,40,1.511
38,24,0,1,0,63.48799914121628,4,4,0,0,40,0,0,40,1.511
38,24,0,2,0,9.216000325977802,4,4,0,0,40,0,0,40,1.511
38,24,0,3,0,4.095999989658594,4,4,0,0,40,0,0,40,1.511
38,40,0,0,1,1336.3200426101685,4,4,0,0,40,0,0,40,3.44
38,40,0,1,1,61.43999844789505,4,4,0,0,40,0,0,40,3.44
38,40,0,2,1,9.216000325977802,4,4,0,0,40,0,0,40,3.44
38,40,0,3,1,4.095999989658594,4,4,0,0,40,0,0,40,3.44
39,2,0,0,0,1902.5919437408447,3,3,0,2,28,0,0,30,123.189
39,2,0,1,0,61.43999844789505,3,3,0,2,28,0,0,30,123.189
39,2,0,2,0,10.239999741315842,3,3,0,2,28,0,0,30,123.189
39,2,0,3,0,44.03200000524521,3,3,0,2,28,0,0,30,123.189
39,24,0,0,0,9.216000325977802,3,3,0,0,30,0,0,30,1.28
39,24,0,1,0,55.296000093221664,3,3,0,0,30,0,0,30,1.28
39,24,0,2,0,9.216000325977802,3,3,0,0,30,0,0,30,1.28
39,24,0,3,0,4.095999989658594,3,3,0,0,30,0,0,30,1.28
39,40,0,0,1,9.216000325977802,3,3,0,0,30,0,0,30,1.17
39,40,0,1,1,49.15200173854828,3,3,0,0,30,0,0,30,1.17
39,40,0,2,1,8.191999979317188,3,3,0,0,30,0,0,30,1.17
39,40,0,3,1,4.095999989658594,3,3,0,0,30,0,0,30,1.17
40,2,0,0,0,9.216000325977802,4,4,0,1,39,0,0,40,63.679
40,2,0,1,0,75.77600330114365,4,4,0,1,39,0,0,40,63.679
40,2,0,2,0,9.216000325977802,4,4,0,1,39,0,0,40,63.679
40,2,0,3,0,4.095999989658594,4,4,0,1,39,0,0,40,63.679
40,24,0,0,0,2754.5599937438965,4,4,0,0,40,0,0,40,2.0
40,24,0,1,0,68.60800087451935,4,4,0,0,40,0,0,40,2.0
40,24,0,2,0,9.216000325977802,4,4,0,0,40,0,0,40,2.0
40,24,0,3,0,4.095999989658594,4,4,0,0,40,0,0,40,2.0
40,40,0,0,1,9.216000325977802,4,4,0,0,40,0,0,40,1.46
40,40,0,1,1,69.63200122117996,4,4,0,0,40,0,0,40,1.46
40,40,0,2,1,9.216000325977802,4,4,0,0,40,0,0,40,1.46
40,40,0,3,1,4.095999989658594,4,4,0,0,40,0,0,40,1.46
41,2,0,0,0,16.383999958634377,4,4,0,1,39,0,0,40,51.59
41,2,0,1,0,66.56000018119812,4,4,0,1,39,0,0,40,51.59
41,2,0,2,0,8.191999979317188,4,4,0,1,39,0,0,40,51.59
41,2,0,3,0,4.095999989658594,4,4,0,1,39,0,0,40,51.59
41,24,0,0,0,8.191999979317188,4,4,0,0,40,0,0,40,3.3
41,24,0,1,0,74.75200295448303,4,4,0,0,40,0,0,40,3.3
41,24,0,2,0,9.216000325977802,4,4,0,0,40,0,0,40,3.3
41,24,0,3,0,4.095999989658594,4,4,0,0,40,0,0,40,3.3
41,40,0,0,1,3332.0960998535156,4,4,0,0,40,0,0,40,2.06
41,40,0,1,1,63.48799914121628,4,4,0,0,40,0,0,40,2.06
41,40,0,2,1,9.216000325977802,4,4,0,0,40,0,0,40,2.06
41,40,0,3,1,4.095999989658594,4,4,0,0,40,0,0,40,2.06
42,2,0,0,0,9.216000325977802,4,4,0,1,39,0,0,40,284.979
42,2,0,1,0,75.77600330114365,4,4,0,1,39,0,0,40,284.979
42,2,0,2,0,8.191999979317188,4,4,0,1,39,0,0,40,284.979
42,2,0,3,0,189.43999707698822,4,4,0,1,39,0,0,40,284.979
42,24,0,0,0,8.191999979317188,4,4,0,0,40,0,0,40,1.491
42,24,0,1,0,63.48799914121628,4,4,0,0,40,0,0,40,1.491
42,24,0,2,0,9.216000325977802,4,4,0,0,40,0,0,40,1.491
42,24,0,3,0,4.095999989658594,4,4,0,0,40,0,0,40,1.491
42,40,0,0,1,9.216000325977802,4,4,0,0,40,0,0,40,2.89
42,40,0,1,1,75.77600330114365,4,4,0,0,40,0,0,40,2.89
42,40,0,2,1,9.216000325977802,4,4,0,0,40,0,0,40,2.89
42,40,0,3,1,4.095999989658594,4,4,0,0,40,0,0,40,2.89
43,2,0,0,0,10.239999741315842,2,2,0,0,20,0,0,20,0.83
43,2,0,1,0,49.15200173854828,2,2,0,0,20,0,0,20,0.83
43,2,0,2,0,9.216000325977802,2,2,0,0,20,0,0,20,0.83
43,2,0,3,0,5.119999870657921,2,2,0,0,20,0,0,20,0.83
43,24,0,0,0,9.216000325977802,2,2,0,0,20,0,0,20,0.58
43,24,0,1,0,48.128001391887665,2,2,0,0,20,0,0,20,0.58
43,24,0,2,0,9.216000325977802,2,2,0,0,20,0,0,20,0.58
43,24,0,3,0,4.095999989658594,2,2,0,0,20,0,0,20,0.58
43,40,0,0,1,9.216000325977802,2,2,0,0,20,0,0,20,0.78
43,40,0,1,1,41.98399931192398,2,2,0,0,20,0,0,20,0.78
43,40,0,2,1,10.239999741315842,2,2,0,0,20,0,0,20,0.78
43,40,0,3,1,4.095999989658594,2,2,0,0,20,0,0,20,0.78
44,2,0,0,0,8.191999979317188,4,4,0,2,38,0,0,40,109.659
44,2,0,1,0,88.06400001049042,4,4,0,2,38,0,0,40,109.659
44,2,0,2,0,8.191999979317188,4,4,0,2,38,0,0,40,109.659
44,2,0,3,0,4.095999989658594,4,4,0,2,38,0,0,40,109.659
44,24,0,0,0,8.191999979317188,4,4,0,0,40,0,0,40,3.43
44,24,0,1,0,69.63200122117996,4,4,0,0,40,0,0,40,3.43
44,24,0,2,0,8.191999979317188,4,4,0,0,40,0,0,40,3.43
44,24,0,3,0,4.095999989658594,4,4,0,0,40,0,0,40,3.43
44,40,0,0,1,9.216000325977802,4,4,0,0,40,0,0,40,1.52
44,40,0,1,1,53.247999399900436,4,4,0,0,40,0,0,40,1.52
44,40,0,2,1,9.216000325977802,4,4,0,0,40,0,0,40,1.52
44,40,0,3,1,4.095999989658594,4,4,0,0,40,0,0,40,1.52
45,2,0,0,0,9.216000325977802,3,3,0,1,29,0,0,30,53.229
45,2,0,1,0,66.56000018119812,3,3,0,1,29,0,0,30,53.229
45,2,0,2,0,9.216000325977802,3,3,0,1,29,0,0,30,53.229
45,2,0,3,0,5.119999870657921,3,3,0,1,29,0,0,30,53.229
45,24,0,0,0,9.216000325977802,3,3,0,1,29,0,0,30,74.36
45,24,0,1,0,58.36800113320351,3,3,0,1,29,0,0,30,74.36
45,24,0,2,0,8.191999979317188,3,3,0,1,29,0,0,30,74.36
45,24,0,3,0,4.095999989658594,3,3,0,1,29,0,0,30,74.36
45,40,0,0,1,15.359999611973763,3,3,0,2,28,0,0,30,231.019
45,40,0,1,1,59.39200147986412,3,3,0,2,28,0,0,30,231.019
45,40,0,2,1,9.216000325977802,3,3,0,2,28,0,0,30,231.019
45,40,0,3,1,141.31200313568115,3,3,0,2,28,0,0,30,231.019
46,2,0,0,0,9.216000325977802,4,4,0,1,39,0,0,40,83.999
46,2,0,1,0,82.94399827718735,4,4,0,1,39,0,0,40,83.999
46,2,0,2,0,9.216000325977802,4,4,0,1,39,0,0,40,83.999
46,2,0,3,0,5.119999870657921,4,4,0,1,39,0,0,40,83.999
46,24,0,0,0,8.191999979317188,4,4,0,3,37,0,0,40,427.948
46,24,0,1,0,78.84799689054489,4,4,0,3,37,0,0,40,427.948
46,24,0,2,0,9.216000325977802,4,4,0,3,37,0,0,40,427.948
46,24,0,3,0,328.70399951934814,4,4,0,3,37,0,0,40,427.948
46,40,0,0,1,15.359999611973763,4,4,0,3,36,1,0,40,731.057
46,40,0,1,1,71.68000191450119,4,4,0,3,36,1,0,40,731.057
46,40,0,2,1,190.46400487422943,4,4,0,3,36,1,0,40,731.057
46,40,0,3,1,451.58401131629944,4,4,0,3,36,1,0,40,731.057
47,2,0,0,0,8.191999979317188,4,4,0,2,38,0,0,40,165.599
47,2,0,1,0,88.06400001049042,4,4,0,2,38,0,0,40,165.599
47,2,0,2,0,9.216000325977802,4,4,0,2,38,0,0,40,165.599
47,2,0,3,0,57.34400078654289,4,4,0,2,38,0,0,40,165.599
47,24,0,0,0,8.191999979317188,4,4,0,4,35,1,0,40,153.139
47,24,0,1,0,73.72800260782242,4,4,0,4,35,1,0,40,153.139
47,24,0,2,0,167.93599724769592,4,4,0,4,35,1,0,40,153.139
47,24,0,3,0,4.095999989658594,4,4,0,4,35,1,0,40,153.139
47,40,0,0,1,9.216000325977802,4,4,0,0,40,0,0,40,2.36
47,40,0,1,1,86.01599931716919,4,4,0,0,40,0,0,40,2.36
47,40,0,2,1,9.216000325977802,4,4,0,0,40,0,0,40,2.36
47,40,0,3,1,4.095999989658594,4,4,0,0,40,0,0,40,2.36
48,2,0,0,0,16.383999958634377,4,4,0,3,37,0,0,40,232.529
48,2,0,1,0,86.01599931716919,4,4,0,3,37,0,0,40,232.529
48,2,0,2,0,9.216000325977802,4,4,0,3,37,0,0,40,232.529
48,2,0,3,0,115.7120019197464,4,4,0,3,37,0,0,40,232.529
48,24,0,0,0,9.216000325977802,4,4,0,0,40,0,0,40,1.76
48,24,0,1,0,79.8719972372055,4,4,0,0,40,0,0,40,1.76
48,24,0,2,0,10.239999741315842,4,4,0,0,40,0,0,40,1.76
48,24,0,3,0,4.095999989658594,4,4,0,0,40,0,0,40,1.76
48,40,0,0,1,8.191999979317188,4,4,0,1,39,0,0,40,72.41
48,40,0,1,1,94.2080020904541,4,4,0,1,39,0,0,40,72.41
48,40,0,2,1,9.216000325977802,4,4,0,1,39,0,0,40,72.41
48,40,0,3,1,3.0720001086592674,4,4,0,1,39,0,0,40,72.41
49,2,0,0,0,16.383999958634377,4,4,0,3,36,1,0,40,111.93
49,2,0,1,0,80.89599758386612,4,4,0,3,36,1,0,40,111.93
49,2,0,2,0,166.9120043516159,4,4,0,3,36,1,0,40,111.93
49,2,0,3,0,5.119999870657921,4,4,0,3,36,1,0,40,111.93
49,24,0,0,0,8.191999979317188,4,4,0,2,38,0,0,40,109.359
49,24,0,1,0,70.65600156784058,4,4,0,2,38,0,0,40,109.359
49,24,0,2,0,9.216000325977802,4,4,0,2,38,0,0,40,109.359
49,24,0,3,0,21.503999829292297,4,4,0,2,38,0,0,40,109.359
49,40,0,0,1,15.359999611973763,4,4,0,0,40,0,0,40,1.71
49,40,0,1,1,83.96799862384796,4,4,0,0,40,0,0,40,1.71
49,40,0,2,1,8.191999979317188,4,4,0,0,40,0,0,40,1.71
49,40,0,3,1,3.0720001086592674,4,4,0,0,40,0,0,40,1.71
50,2,0,0,0,841.7279720306396,4,4,0,2,38,0,0,40,148.2
50,2,0,1,0,84.99199897050858,4,4,0,2,38,0,0,40,148.2
50,2,0,2,0,8.191999979317188,4,4,0,2,38,0,0,40,148.2
50,2,0,3,0,41.98399931192398,4,4,0,2,38,0,0,40,148.2
50,24,0,0,0,8.191999979317188,4,4,0,1,39,0,0,40,57.92
50,24,0,1,0,79.8719972372055,4,4,0,1,39,0,0,40,57.92
50,24,0,2,0,9.216000325977802,4,4,0,1,39,0,0,40,57.92
50,24,0,3,0,4.095999989658594,4,4,0,1,39,0,0,40,57.92
50,40,0,0,1,15.359999611973763,4,4,0,1,39,0,0,40,71.309
50,40,0,1,1,96.25600278377533,4,4,0,1,39,0,0,40,71.309
50,40,0,2,1,8.191999979317188,4,4,0,1,39,0,0,40,71.309
50,40,0,3,1,5.119999870657921,4,4,0,1,39,0,0,40,71.309
51,2,0,0,0,9.216000325977802,4,4,0,4,35,1,0,40,205.799
51,2,0,1,0,82.94399827718735,4,4,0,4,35,1,0,40,205.799
51,2,0,2,0,169.98399794101715,4,4,0,4,35,1,0,40,205.799
51,2,0,3,0,5.119999870657921,4,4,0,4,35,1,0,40,205.799
51,24,0,0,0,9.216000325977802,4,4,0,2,38,0,0,40,104.269
51,24,0,1,0,69.63200122117996,4,4,0,2,38,0,0,40,104.269
51,24,0,2,0,9.216000325977802,4,4,0,2,38,0,0,40,104.269
51,24,0,3,0,11.264000087976456,4,4,0,2,38,0,0,40,104.269
51,40,0,0,1,15.359999611973763,4,4,0,2,38,0,0,40,162.74
51,40,0,1,1,74.75200295448303,4,4,0,2,38,0,0,40,162.74
51,40,0,2,1,9.216000325977802,4,4,0,2,38,0,0,40,162.74
51,40,0,3,1,59.39200147986412,4,4,0,2,38,0,0,40,162.74
52,2,0,0,0,14.336000196635723,4,4,0,4,35,1,0,40,199.32
52,2,0,1,0,78.84799689054489,4,4,0,4,35,1,0,40,199.32
52,2,0,2,0,173.0560064315796,4,4,0,4,35,1,0,40,199.32
52,2,0,3,0,4.095999989658594,4,4,0,4,35,1,0,40,199.32
52,24,0,0,0,9.216000325977802,4,4,0,4,35,1,0,40,251.279
52,24,0,1,0,66.56000018119812,4,4,0,4,35,1,0,40,251.279
52,24,0,2,0,168.96000504493713,4,4,0,4,35,1,0,40,251.279
52,24,0,3,0,4.095999989658594,4,4,0,4,35,1,0,40,251.279
52,40,0,0,1,15.359999611973763,4,4,0,1,39,0,0,40,72.09
52,40,0,1,1,76.80000364780426,4,4,0,1,39,0,0,40,72.09
52,40,0,2,1,9.216000325977802,4,4,0,1,39,0,0,40,72.09
52,40,0,3,1,4.095999989658594,4,4,0,1,39,0,0,40,72.09
53,2,0,0,0,9.216000325977802,4,4,0,4,35,1,0,40,187.909
53,2,0,1,0,82.94399827718735,4,4,0,4,35,1,0,40,187.909
53,2,0,2,0,168.96000504493713,4,4,0,4,35,1,0,40,187.909
53,2,0,3,0,5.119999870657921,4,4,0,4,35,1,0,40,187.909
53,24,0,0,0,8.191999979317188,4,4,0,2,38,0,0,40,80.68
53,24,0,1,0,74.75200295448303,4,4,0,2,38,0,0,40,80.68
53,24,0,2,0,9.216000325977802,4,4,0,2,38,0,0,40,80.68
53,24,0,3,0,4.095999989658594,4,4,0,2,38,0,0,40,80.68
53,40,0,0,1,15.359999611973763,4,4,0,1,39,0,0,40,82.16
53,40,0,1,1,86.01599931716919,4,4,0,1,39,0,0,40,82.16
53,40,0,2,1,9.216000325977802,4,4,0,1,39,0,0,40,82.16
53,40,0,3,1,4.095999989658594,4,4,0,1,39,0,0,40,82.16
54,2,0,0,0,9.216000325977802,4,4,0,1,39,0,0,40,45.5
54,2,0,1,0,88.06400001049042,4,4,0,1,39,0,0,40,45.5
54,2,0,2,0,9.216000325977802,4,4,0,1,39,0,0,40,45.5
54,2,0,3,0,4.095999989658594,4,4,0,1,39,0,0,40,45.5
54,24,0,0,0,9.216000325977802,4,4,0,3,37,0,0,40,202.349
54,24,0,1,0,73.72800260782242,4,4,0,3,37,0,0,40,202.349
54,24,0,2,0,9.216000325977802,4,4,0,3,37,0,0,40,202.349
54,24,0,3,0,106.49599879980087,4,4,0,3,37,0,0,40,202.349
54,40,0,0,1,16.383999958634377,4,4,0,1,39,0,0,40,60.31
54,40,0,1,1,83.96799862384796,4,4,0,1,39,0,0,40,60.31
54,40,0,2,1,9.216000325977802,4,4,0,1,39,0,0,40,60.31
54,40,0,3,1,4.095999989658594,4,4,0,1,39,0,0,40,60.31
55,2,0,0,0,8.191999979317188,4,4,0,3,36,1,0,40,141.38
55,2,0,1,0,69.63200122117996,4,4,0,3,36,1,0,40,141.38
55,2,0,2,0,168.96000504493713,4,4,0,3,36,1,0,40,141.38
55,2,0,3,0,6.144000217318535,4,4,0,3,36,1,0,40,141.38
55,24,0,0,0,9.216000325977802,4,4,0,2,38,0,0,40,274.879
55,24,0,1,0,78.84799689054489,4,4,0,2,38,0,0,40,274.879
55,24,0,2,0,9.216000325977802,4,4,0,2,38,0,0,40,274.879
55,24,0,3,0,176.12800002098083,4,4,0,2,38,0,0,40,274.879
55,40,0,0,1,17.40800030529499,4,4,0,3,37,0,0,40,253.709
55,40,0,1,1,71.68000191450119,4,4,0,3,37,0,0,40,253.709
55,40,0,2,1,9.216000325977802,4,4,0,3,37,0,0,40,253.709
55,40,0,3,1,150.52799880504608,4,4,0,3,37,0,0,40,253.709
56,2,0,0,0,8.191999979317188,4,4,0,2,38,0,0,40,188.85
56,2,0,1,0,78.84799689054489,4,4,0,2,38,0,0,40,188.85
56,2,0,2,0,9.216000325977802,4,4,0,2,38,0,0,40,188.85
56,2,0,3,0,89.08800035715103,4,4,0,2,38,0,0,40,188.85
56,24,0,0,0,18.432000651955605,4,4,0,0,40,0,0,40,17.48
56,24,0,1,0,74.75200295448303,4,4,0,0,40,0,0,40,17.48
56,24,0,2,0,9.216000325977802,4,4,0,0,40,0,0,40,17.48
56,24,0,3,0,4.095999989658594,4,4,0,0,40,0,0,40,17.48
56,40,0,0,1,9.216000325977802,4,4,0,0,40,0,0,40,3.54
56,40,0,1,1,67.58400052785873,4,4,0,0,40,0,0,40,3.54
56,40,0,2,1,9.216000325977802,4,4,0,0,40,0,0,40,3.54
56,40,0,3,1,4.095999989658594,4,4,0,0,40,0,0,40,3.54
57,2,0,0,0,14.336000196635723,4,4,0,1,39,0,0,40,67.189
57,2,0,1,0,84.99199897050858,4,4,0,1,39,0,0,40,67.189
57,2,0,2,0,9.216000325977802,4,4,0,1,39,0,0,40,67.189
57,2,0,3,0,5.119999870657921,4,4,0,1,39,0,0,40,67.189
57,24,0,0,0,8.191999979317188,4,4,0,1,39,0,0,40,543.829
57,24,0,1,0,81.91999793052673,4,4,0,1,39,0,0,40,543.829
57,24,0,2,0,8.191999979317188,4,4,0,1,39,0,0,40,543.829
57,24,0,3,0,440.3199851512909,4,4,0,1,39,0,0,40,543.829
57,40,0,0,1,10.239999741315842,4,4,0,0,40,0,0,40,1.76
57,40,0,1,1,82.94399827718735,4,4,0,0,40,0,0,40,1.76
57,40,0,2,1,9.216000325977802,4,4,0,0,40,0,0,40,1.76
57,40,0,3,1,4.095999989658594,4,4,0,0,40,0,0,40,1.76
58,2,0,0,0,3247.1039295196533,1,1,0,0,10,0,0,10,0.87
58,2,0,1,0,32.76799991726875,1,1,0,0,10,0,0,10,0.87
58,2,0,2,0,9.216000325977802,1,1,0,0,10,0,0,10,0.87
58,2,0,3,0,4.095999989658594,1,1,0,0,10,0,0,10,0.87
58,24,0,0,0,9.216000325977802,1,1,0,1,9,0,0,10,56.12
58,24,0,1,0,29.69600073993206,1,1,0,1,9,0,0,10,56.12
58,24,0,2,0,9.216000325977802,1,1,0,1,9,0,0,10,56.12
58,24,0,3,0,4.095999989658594,1,1,0,1,9,0,0,10,56.12
58,40,0,0,1,7.168000098317862,1,1,0,0,10,0,0,10,0.511
58,40,0,1,1,34.81600061058998,1,1,0,0,10,0,0,10,0.511
58,40,0,2,1,8.191999979317188,1,1,0,0,10,0,0,10,0.511
58,40,0,3,1,4.095999989658594,1,1,0,0,10,0,0,10,0.511
59,2,0,0,0,9.216000325977802,3,3,0,1,29,0,0,30,58.159
59,2,0,1,0,69.63200122117996,3,3,0,1,29,0,0,30,58.159
59,2,0,2,0,8.191999979317188,3,3,0,1,29,0,0,30,58.159
59,2,0,3,0,5.119999870657921,3,3,0,1,29,0,0,30,58.159
59,24,0,0,0,8.191999979317188,3,3,0,0,30,0,0,30,1.229
59,24,0,1,0,60.416001826524734,3,3,0,0,30,0,0,30,1.229
59,24,0,2,0,9.216000325977802,3,3,0,0,30,0,0,30,1.229
59,24,0,3,0,4.095999989658594,3,3,0,0,30,0,0,30,1.229
59,40,0,0,1,9.216000325977802,3,3,0,0,30,0,0,30,2.551
59,40,0,1,1,63.48799914121628,3,3,0,0,30,0,0,30,2.551
59,40,0,2,1,9.216000325977802,3,3,0,0,30,0,0,30,2.551
59,40,0,3,1,4.095999989658594,3,3,0,0,30,0,0,30,2.551
60,2,0,0,0,8.191999979317188,3,3,0,3,27,0,0,30,107.91
60,2,0,1,0,58.36800113320351,3,3,0,3,27,0,0,30,107.91
60,2,0,2,0,9.216000325977802,3,3,0,3,27,0,0,30,107.91
60,2,0,3,0,28.672000393271446,3,3,0,3,27,0,0,30,107.91
60,24,0,0,0,9.216000325977802,3,3,0,1,29,0,0,30,62.0
60,24,0,1,0,60.416001826524734,3,3,0,1,29,0,0,30,62.0
60,24,0,2,0,9.216000325977802,3,3,0,1,29,0,0,30,62.0
60,24,0,3,0,4.095999989658594,3,3,0,1,29,0,0,30,62.0
60,40,0,0,1,9.216000325977802,3,3,0,0,30,0,0,30,1.15
60,40,0,1,1,44.03200000524521,3,3,0,0,30,0,0,30,1.15
60,40,0,2,1,9.216000325977802,3,3,0,0,30,0,0,30,1.15
60,40,0,3,1,4.095999989658594,3,3,0,0,30,0,0,30,1.15
61,2,0,0,0,8.191999979317188,2,2,0,1,19,0,0,20,62.76
61,2,0,1,0,44.03200000524521,2,2,0,1,19,0,0,20,62.76
61,2,0,2,0,9.216000325977802,2,2,0,1,19,0,0,20,62.76
61,2,0,3,0,5.119999870657921,2,2,0,1,19,0,0,20,62.76
61,24,0,0,0,9.216000325977802,2,2,0,0,20,0,0,20,0.61
61,24,0,1,0,45.05600035190582,2,2,0,0,20,0,0,20,0.61
61,24,0,2,0,8.191999979317188,2,2,0,0,20,0,0,20,0.61
61,24,0,3,0,4.095999989658594,2,2,0,0,20,0,0,20,0.61
61,40,0,0,1,9.216000325977802,2,2,0,0,20,0,0,20,0.631
61,40,0,1,1,43.007999658584595,2,2,0,0,20,0,0,20,0.631
61,40,0,2,1,9.216000325977802,2,2,0,0,20,0,0,20,0.631
61,40,0,3,1,3.0720001086592674,2,2,0,0,20,0,0,20,0.631
62,2,0,0,0,9.216000325977802,3,3,0,3,27,0,0,30,145.039
62,2,0,1,0,66.56000018119812,3,3,0,3,27,0,0,30,145.039
62,2,0,2,0,9.216000325977802,3,3,0,3,27,0,0,30,145.039
62,2,0,3,0,58.36800113320351,3,3,0,3,27,0,0,30,145.039
62,24,0,0,0,9.216000325977802,3,3,0,0,30,0,0,30,1.08
62,24,0,1,0,52.22399905323982,3,3,0,0,30,0,0,30,1.08
62,24,0,2,0,9.216000325977802,3,3,0,0,30,0,0,30,1.08
62,24,0,3,0,4.095999989658594,3,3,0,0,30,0,0,30,1.08
62,40,0,0,1,9.216000325977802,3,3,0,0,30,0,0,30,1.0
62,40,0,1,1,53.247999399900436,3,3,0,0,30,0,0,30,1.0
62,40,0,2,1,8.191999979317188,3,3,0,0,30,0,0,30,1.0
62,40,0,3,1,4.095999989658594,3,3,0,0,30,0,0,30,1.0
63,2,0,0,0,9.216000325977802,1,1,0,0,10,0,0,10,0.72
63,2,0,1,0,31.74399957060814,1,1,0,0,10,0,0,10,0.72
63,2,0,2,0,9.216000325977802,1,1,0,0,10,0,0,10,0.72
63,2,0,3,0,6.144000217318535,1,1,0,0,10,0,0,10,0.72
63,24,0,0,0,8.191999979317188,1,1,0,0,10,0,0,10,0.39
63,24,0,1,0,31.74399957060814,1,1,0,0,10,0,0,10,0.39
63,24,0,2,0,9.216000325977802,1,1,0,0,10,0,0,10,0.39
63,24,0,3,0,4.095999989658594,1,1,0,0,10,0,0,10,0.39
63,40,0,0,1,8.191999979317188,1,1,0,0,10,0,0,10,0.42
63,40,0,1,1,33.79200026392937,1,1,0,0,10,0,0,10,0.42
63,40,0,2,1,9.216000325977802,1,1,0,0,10,0,0,10,0.42
63,40,0,3,1,4.095999989658594,1,1,0,0,10,0,0,10,0.42
64,2,0,0,0,15.359999611973763,3,3,0,3,27,0,0,30,142.399
64,2,0,1,0,62.463998794555664,3,3,0,3,27,0,0,30,142.399
64,2,0,2,0,8.191999979317188,3,3,0,3,27,0,0,30,142.399
64,2,0,3,0,52.22399905323982,3,3,0,3,27,0,0,30,142.399
64,24,0,0,0,9.216000325977802,3,3,0,0,30,0,0,30,1.249
64,24,0,1,0,58.36800113320351,3,3,0,0,30,0,0,30,1.249
64,24,0,2,0,9.216000325977802,3,3,0,0,30,0,0,30,1.249
64,24,0,3,0,4.095999989658594,3,3,0,0,30,0,0,30,1.249
64,40,0,0,1,8.191999979317188,3,3,0,0,30,0,0,30,1.27
64,40,0,1,1,48.128001391887665,3,3,0,0,30,0,0,30,1.27
64,40,0,2,1,9.216000325977802,3,3,0,0,30,0,0,30,1.27
64,40,0,3,1,4.095999989658594,3,3,0,0,30,0,0,30,1.27
65,2,0,0,0,9.216000325977802,3,3,0,2,28,0,0,30,194.829
65,2,0,1,0,58.36800113320351,3,3,0,2,28,0,0,30,194.829
65,2,0,2,0,9.216000325977802,3,3,0,2,28,0,0,30,194.829
65,2,0,3,0,116.73600226640701,3,3,0,2,28,0,0,30,194.829
65,24,0,0,0,9.216000325977802,3,3,0,0,30,0,0,30,0.99
65,24,0,1,0,56.32000043988228,3,3,0,0,30,0,0,30,0.99
65,24,0,2,0,9.216000325977802,3,3,0,0,30,0,0,30,0.99
65,24,0,3,0,4.095999989658594,3,3,0,0,30,0,0,30,0.99
65,40,0,0,1,9.216000325977802,3,3,0,0,30,0,0,30,1.02
65,40,0,1,1,48.128001391887665,3,3,0,0,30,0,0,30,1.02
65,40,0,2,1,9.216000325977802,3,3,0,0,30,0,0,30,1.02
65,40,0,3,1,4.095999989658594,3,3,0,0,30,0,0,30,1.02
66,2,0,0,0,9.216000325977802,2,2,0,0,20,0,0,20,3.23
66,2,0,1,0,48.128001391887665,2,2,0,0,20,0,0,20,3.23
66,2,0,2,0,9.216000325977802,2,2,0,0,20,0,0,20,3.23
66,2,0,3,0,6.144000217318535,2,2,0,0,20,0,0,20,3.23
66,24,0,0,0,9.216000325977802,2,2,0,0,20,0,0,20,0.59
66,24,0,1,0,36.86400130391121,2,2,0,0,20,0,0,20,0.59
66,24,0,2,0,9.216000325977802,2,2,0,0,20,0,0,20,0.59
66,24,0,3,0,4.095999989658594,2,2,0,0,20,0,0,20,0.59
66,40,0,0,1,9.216000325977802,2,2,0,0,20,0,0,20,0.82
66,40,0,1,1,41.98399931192398,2,2,0,0,20,0,0,20,0.82
66,40,0,2,1,10.239999741315842,2,2,0,0,20,0,0,20,0.82
66,40,0,3,1,4.095999989658594,2,2,0,0,20,0,0,20,0.82
67,2,0,0,0,9.216000325977802,2,2,0,3,17,0,0,20,201.608
67,2,0,1,0,43.007999658584595,2,2,0,3,17,0,0,20,201.608
67,2,0,2,0,9.216000325977802,2,2,0,3,17,0,0,20,201.608
67,2,0,3,0,137.2160017490387,2,2,0,3,17,0,0,20,201.608
67,24,0,0,0,9.216000325977802,2,2,0,1,19,0,0,20,52.231
67,24,0,1,0,40.95999896526337,2,2,0,1,19,0,0,20,52.231
67,24,0,2,0,9.216000325977802,2,2,0,1,19,0,0,20,52.231
67,24,0,3,0,4.095999989658594,2,2,0,1,19,0,0,20,52.231
67,40,0,0,1,11.264000087976456,2,2,0,0,20,0,0,20,2.9
67,40,0,1,1,41.98399931192398,2,2,0,0,20,0,0,20,2.9
67,40,0,2,1,9.216000325977802,2,2,0,0,20,0,0,20,2.9
67,40,0,3,1,4.095999989658594,2,2,0,0,20,0,0,20,2.9
68,2,0,0,0,9.216000325977802,4,4,0,4,35,1,0,40,410.699
68,2,0,1,0,71.68000191450119,4,4,0,4,35,1,0,40,410.699
68,2,0,2,0,167.93599724769592,4,4,0,4,35,1,0,40,410.699
68,2,0,3,0,158.720001578331,4,4,0,4,35,1,0,40,410.699
68,24,0,0,0,8.191999979317188,4,4,0,0,40,0,0,40,2.42
68,24,0,1,0,84.99199897050858,4,4,0,0,40,0,0,40,2.42
68,24,0,2,0,9.216000325977802,4,4,0,0,40,0,0,40,2.42
68,24,0,3,0,4.095999989658594,4,4,0,0,40,0,0,40,2.42
68,40,0,0,1,8.191999979317188,4,4,0,0,40,0,0,40,1.76
68,40,0,1,1,81.91999793052673,4,4,0,0,40,0,0,40,1.76
68,40,0,2,1,8.191999979317188,4,4,0,0,40,0,0,40,1.76
68,40,0,3,1,4.095999989658594,4,4,0,0,40,0,0,40,1.76
69,2,0,0,0,8.191999979317188,4,4,0,4,36,0,0,40,144.83
69,2,0,1,0,74.75200295448303,4,4,0,4,36,0,0,40,144.83
69,2,0,2,0,9.216000325977802,4,4,0,4,36,0,0,40,144.83
69,2,0,3,0,49.15200173854828,4,4,0,4,36,0,0,40,144.83
69,24,0,0,0,8.191999979317188,4,4,0,0,40,0,0,40,1.66
69,24,0,1,0,71.68000191450119,4,4,0,0,40,0,0,40,1.66
69,24,0,2,0,9.216000325977802,4,4,0,0,40,0,0,40,1.66
69,24,0,3,0,4.095999989658594,4,4,0,0,40,0,0,40,1.66
69,40,0,0,1,9.216000325977802,4,4,0,0,40,0,0,40,1.46
69,40,0,1,1,78.84799689054489,4,4,0,0,40,0,0,40,1.46
69,40,0,2,1,8.191999979317188,4,4,0,0,40,0,0,40,1.46
69,40,0,3,1,5.119999870657921,4,4,0,0,40,0,0,40,1.46
70,2,0,0,0,16.383999958634377,4,4,0,2,38,0,0,40,71.639
70,2,0,1,0,70.65600156784058,4,4,0,2,38,0,0,40,71.639
70,2,0,2,0,9.216000325977802,4,4,0,2,38,0,0,40,71.639
70,2,0,3,0,5.119999870657921,4,4,0,2,38,0,0,40,71.639
70,24,0,0,0,9.216000325977802,4,4,0,0,40,0,0,40,1.611
70,24,0,1,0,56.32000043988228,4,4,0,0,40,0,0,40,1.611
70,24,0,2,0,9.216000325977802,4,4,0,0,40,0,0,40,1.611
70,24,0,3,0,4.095999989658594,4,4,0,0,40,0,0,40,1.611
70,40,0,0,1,8.191999979317188,4,4,0,0,40,0,0,40,3.28
70,40,0,1,1,73.72800260782242,4,4,0,0,40,0,0,40,3.28
70,40,0,2,1,9.216000325977802,4,4,0,0,40,0,0,40,3.28
70,40,0,3,1,4.095999989658594,4,4,0,0,40,0,0,40,3.28
71,2,0,0,0,2711.5519046783447,4,4,0,1,39,0,0,40,65.46
71,2,0,1,0,76.80000364780426,4,4,0,1,39,0,0,40,65.46
71,2,0,2,0,9.216000325977802,4,4,0,1,39,0,0,40,65.46
71,2,0,3,0,5.119999870657921,4,4,0,1,39,0,0,40,65.46
71,24,0,0,0,8.191999979317188,4,4,0,0,40,0,0,40,1.48
71,24,0,1,0,69.63200122117996,4,4,0,0,40,0,0,40,1.48
71,24,0,2,0,8.191999979317188,4,4,0,0,40,0,0,40,1.48
71,24,0,3,0,4.095999989658594,4,4,0,0,40,0,0,40,1.48
71,40,0,0,1,9.216000325977802,4,4,0,0,40,0,0,40,2.7
71,40,0,1,1,61.43999844789505,4,4,0,0,40,0,0,40,2.7
71,40,0,2,1,9.216000325977802,4,4,0,0,40,0,0,40,2.7
71,40,0,3,1,4.095999989658594,4,4,0,0,40,0,0,40,2.7
72,2,0,0,0,9.216000325977802,1,1,0,0,10,0,0,10,0.4
72,2,0,1,0,31.74399957060814,1,1,0,0,10,0,0,10,0.4
72,2,0,2,0,9.216000325977802,1,1,0,0,10,0,0,10,0.4
72,2,0,3,0,6.144000217318535,1,1,0,0,10,0,0,10,0.4
72,24,0,0,0,8.191999979317188,1,1,0,0,10,0,0,10,0.36
72,24,0,1,0,30.719999223947525,1,1,0,0,10,0,0,10,0.36
72,24,0,2,0,8.191999979317188,1,1,0,0,10,0,0,10,0.36
72,24,0,3,0,4.095999989658594,1,1,0,0,10,0,0,10,0.36
72,40,0,0,1,8.191999979317188,1,1,0,0,10,0,0,10,0.46
72,40,0,1,1,35.840000957250595,1,1,0,0,10,0,0,10,0.46
72,40,0,2,1,9.216000325977802,1,1,0,0,10,0,0,10,0.46
72,40,0,3,1,4.095999989658594,1,1,0,0,10,0,0,10,0.46
73,2,0,0,0,9.216000325977802,2,2,0,2,18,0,0,20,72.59
73,2,0,1,0,40.95999896526337,2,2,0,2,18,0,0,20,72.59
73,2,0,2,0,9.216000325977802,2,2,0,2,18,0,0,20,72.59
73,2,0,3,0,11.264000087976456,2,2,0,2,18,0,0,20,72.59
73,24,0,0,0,8.191999979317188,2,2,0,0,20,0,0,20,0.69
73,24,0,1,0,44.03200000524521,2,2,0,0,20,0,0,20,0.69
73,24,0,2,0,9.216000325977802,2,2,0,0,20,0,0,20,0.69
73,24,0,3,0,4.095999989658594,2,2,0,0,20,0,0,20,0.69
73,40,0,0,1,8.191999979317188,2,2,0,0,20,0,0,20,0.591
73,40,0,1,1,38.91199827194214,2,2,0,0,20,0,0,20,0.591
73,40,0,2,1,10.239999741315842,2,2,0,0,20,0,0,20,0.591
73,40,0,3,1,4.095999989658594,2,2,0,0,20,0,0,20,0.591
74,2,0,0,0,9.216000325977802,1,1,0,2,8,0,0,10,95.029
74,2,0,1,0,28.672000393271446,1,1,0,2,8,0,0,10,95.029
74,2,0,2,0,9.216000325977802,1,1,0,2,8,0,0,10,95.029
74,2,0,3,0,45.05600035190582,1,1,0,2,8,0,0,10,95.029
74,24,0,0,0,9.216000325977802,1,1,0,0,10,0,0,10,0.46
74,24,0,1,0,31.74399957060814,1,1,0,0,10,0,0,10,0.46
74,24,0,2,0,9.216000325977802,1,1,0,0,10,0,0,10,0.46
74,24,0,3,0,4.095999989658594,1,1,0,0,10,0,0,10,0.46
74,40,0,0,1,8.191999979317188,1,1,0,0,10,0,0,10,0.469
74,40,0,1,1,34.81600061058998,1,1,0,0,10,0,0,10,0.469
74,40,0,2,1,9.216000325977802,1,1,0,0,10,0,0,10,0.469
74,40,0,3,1,5.119999870657921,1,1,0,0,10,0,0,10,0.469
75,2,0,0,0,9.216000325977802,1,1,0,1,9,0,0,10,141.309
75,2,0,1,0,30.719999223947525,1,1,0,1,9,0,0,10,141.309
75,2,0,2,0,8.191999979317188,1,1,0,1,9,0,0,10,141.309
75,2,0,3,0,88.06400001049042,1,1,0,1,9,0,0,10,141.309
75,24,0,0,0,8.191999979317188,1,1,0,0,10,0,0,10,0.44
75,24,0,1,0,31.74399957060814,1,1,0,0,10,0,0,10,0.44
75,24,0,2,0,9.216000325977802,1,1,0,0,10,0,0,10,0.44
75,24,0,3,0,4.095999989658594,1,1,0,0,10,0,0,10,0.44
75,40,0,0,1,399.3600010871887,1,1,0,0,10,0,0,10,1.01
75,40,0,1,1,35.840000957250595,1,1,0,0,10,0,0,10,1.01
75,40,0,2,1,9.216000325977802,1,1,0,0,10,0,0,10,1.01
75,40,0,3,1,5.119999870657921,1,1,0,0,10,0,0,10,1.01
76,2,0,0,0,16.383999958634377,3,3,0,0,30,0,0,30,1.37
76,2,0,1,0,65.5359998345375,3,3,0,0,30,0,0,30,1.37
76,2,0,2,0,8.191999979317188,3,3,0,0,30,0,0,30,1.37
76,2,0,3,0,6.144000217318535,3,3,0,0,30,0,0,30,1.37
76,24,0,0,0,8.191999979317188,3,3,0,0,30,0,0,30,1.42
76,24,0,1,0,58.36800113320351,3,3,0,0,30,0,0,30,1.42
76,24,0,2,0,9.216000325977802,3,3,0,0,30,0,0,30,1.42
76,24,0,3,0,4.095999989658594,3,3,0,0,30,0,0,30,1.42
76,40,0,0,1,15.359999611973763,3,3,0,0,30,0,0,30,0.98
76,40,0,1,1,55.296000093221664,3,3,0,0,30,0,0,30,0.98
76,40,0,2,1,9.216000325977802,3,3,0,0,30,0,0,30,0.98
76,40,0,3,1,4.095999989658594,3,3,0,0,30,0,0,30,0.98
77,2,0,0,0,10.239999741315842,1,1,0,2,8,0,0,10,93.971
77,2,0,1,0,27.648000046610832,1,1,0,2,8,0,0,10,93.971
77,2,0,2,0,8.191999979317188,1,1,0,2,8,0,0,10,93.971
77,2,0,3,0,44.03200000524521,1,1,0,2,8,0,0,10,93.971
77,24,0,0,0,9.216000325977802,1,1,0,0,10,0,0,10,0.46
77,24,0,1,0,31.74399957060814,1,1,0,0,10,0,0,10,0.46
77,24,0,2,0,9.216000325977802,1,1,0,0,10,0,0,10,0.46
77,24,0,3,0,4.095999989658594,1,1,0,0,10,0,0,10,0.46
77,40,0,0,1,8.191999979317188,1,1,0,0,10,0,0,10,0.46
77,40,0,1,1,35.840000957250595,1,1,0,0,10,0,0,10,0.46
77,40,0,2,1,8.191999979317188,1,1,0,0,10,0,0,10,0.46
77,40,0,3,1,5.119999870657921,1,1,0,0,10,0,0,10,0.46
78,2,0,0,0,17.40800030529499,3,3,0,0,30,0,0,30,1.46
78,2,0,1,0,66.56000018119812,3,3,0,0,30,0,0,30,1.46
78,2,0,2,0,9.216000325977802,3,3,0,0,30,0,0,30,1.46
78,2,0,3,0,5.119999870657921,3,3,0,0,30,0,0,30,1.46
78,24,0,0,0,9.216000325977802,3,3,0,0,30,0,0,30,1.18
78,24,0,1,0,55.296000093221664,3,3,0,0,30,0,0,30,1.18
78,24,0,2,0,8.191999979317188,3,3,0,0,30,0,0,30,1.18
78,24,0,3,0,4.095999989658594,3,3,0,0,30,0,0,30,1.18
78,40,0,0,1,9.216000325977802,3,3,0,0,30,0,0,30,1.1
78,40,0,1,1,48.128001391887665,3,3,0,0,30,0,0,30,1.1
78,40,0,2,1,8.191999979317188,3,3,0,0,30,0,0,30,1.1
78,40,0,3,1,4.095999989658594,3,3,0,0,30,0,0,30,1.1
79,2,0,0,0,9.216000325977802,1,1,0,1,9,0,0,10,58.069
79,2,0,1,0,30.719999223947525,1,1,0,1,9,0,0,10,58.069
79,2,0,2,0,10.239999741315842,1,1,0,1,9,0,0,10,58.069
79,2,0,3,0,6.144000217318535,1,1,0,1,9,0,0,10,58.069
79,24,0,0,0,8.191999979317188,1,1,0,0,10,0,0,10,0.66
79,24,0,1,0,31.74399957060814,1,1,0,0,10,0,0,10,0.66
79,24,0,2,0,9.216000325977802,1,1,0,0,10,0,0,10,0.66
79,24,0,3,0,4.095999989658594,1,1,0,0,10,0,0,10,0.66
79,40,0,0,1,8.191999979317188,1,1,0,0,10,0,0,10,0.35
79,40,0,1,1,35.840000957250595,1,1,0,0,10,0,0,10,0.35
79,40,0,2,1,9.216000325977802,1,1,0,0,10,0,0,10,0.35
79,40,0,3,1,4.095999989658594,1,1,0,0,10,0,0,10,0.35
80,2,0,0,0,15.359999611973763,4,4,0,3,37,0,0,40,103.999
80,2,0,1,0,50.175998359918594,4,4,0,3,37,0,0,40,103.999
80,2,0,2,0,8.191999979317188,4,4,0,3,37,0,0,40,103.999
80,2,0,3,0,24.57600086927414,4,4,0,3,37,0,0,40,103.999
80,24,0,0,0,8.191999979317188,4,4,0,0,40,0,0,40,3.3
80,24,0,1,0,58.36800113320351,4,4,0,0,40,0,0,40,3.3
80,24,0,2,0,8.191999979317188,4,4,0,0,40,0,0,40,3.3
80,24,0,3,0,4.095999989658594,4,4,0,0,40,0,0,40,3.3
80,40,0,0,1,9.216000325977802,4,4,0,0,40,0,0,40,1.62
80,40,0,1,1,73.72800260782242,4,4,0,0,40,0,0,40,1.62
80,40,0,2,1,9.216000325977802,4,4,0,0,40,0,0,40,1.62
80,40,0,3,1,4.095999989658594,4,4,0,0,40,0,0,40,1.62
81,2,0,0,0,10.239999741315842,2,2,0,2,18,0,0,20,59.959
81,2,0,1,0,37.88800165057182,2,2,0,2,18,0,0,20,59.959
81,2,0,2,0,9.216000325977802,2,2,0,2,18,0,0,20,59.959
81,2,0,3,0,5.119999870657921,2,2,0,2,18,0,0,20,59.959
81,24,0,0,0,8.191999979317188,2,2,0,0,20,0,0,20,2.08
81,24,0,1,0,39.93599861860275,2,2,0,0,20,0,0,20,2.08
81,24,0,2,0,9.216000325977802,2,2,0,0,20,0,0,20,2.08
81,24,0,3,0,4.095999989658594,2,2,0,0,20,0,0,20,2.08
81,40,0,0,1,8.191999979317188,2,2,0,0,20,0,0,20,0.8
81,40,0,1,1,46.08000069856644,2,2,0,0,20,0,0,20,0.8
81,40,0,2,1,9.216000325977802,2,2,0,0,20,0,0,20,0.8
81,40,0,3,1,5.119999870657921,2,2,0,0,20,0,0,20,0.8
82,2,0,0,0,9.216000325977802,3,3,0,4,26,0,0,30,299.228
82,2,0,1,0,56.32000043988228,3,3,0,4,26,0,0,30,299.228
82,2,0,2,0,8.191999979317188,3,3,0,4,26,0,0,30,299.228
82,2,0,3,0,223.23200106620789,3,3,0,4,26,0,0,30,299.228
82,24,0,0,0,8.191999979317188,3,3,0,0,30,0,0,30,1.11
82,24,0,1,0,55.296000093221664,3,3,0,0,30,0,0,30,1.11
82,24,0,2,0,9.216000325977802,3,3,0,0,30,0,0,30,1.11
82,24,0,3,0,4.095999989658594,3,3,0,0,30,0,0,30,1.11
82,40,0,0,1,9.216000325977802,3,3,0,0,30,0,0,30,2.74
82,40,0,1,1,41.98399931192398,3,3,0,0,30,0,0,30,2.74
82,40,0,2,1,9.216000325977802,3,3,0,0,30,0,0,30,2.74
82,40,0,3,1,4.095999989658594,3,3,0,0,30,0,0,30,2.74
83,2,0,0,0,8.191999979317188,3,3,0,4,25,1,0,30,191.51
83,2,0,1,0,54.27199974656105,3,3,0,4,25,1,0,30,191.51
83,2,0,2,0,169.98399794101715,3,3,0,4,25,1,0,30,191.51
83,2,0,3,0,5.119999870657921,3,3,0,4,25,1,0,30,191.51
83,24,0,0,0,8.191999979317188,3,3,0,0,30,0,0,30,0.91
83,24,0,1,0,66.56000018119812,3,3,0,0,30,0,0,30,0.91
83,24,0,2,0,9.216000325977802,3,3,0,0,30,0,0,30,0.91
83,24,0,3,0,3.0720001086592674,3,3,0,0,30,0,0,30,0.91
83,40,0,0,1,9.216000325977802,3,3,0,0,30,0,0,30,0.96
83,40,0,1,1,59.39200147986412,3,3,0,0,30,0,0,30,0.96
83,40,0,2,1,9.216000325977802,3,3,0,0,30,0,0,30,0.96
83,40,0,3,1,4.095999989658594,3,3,0,0,30,0,0,30,0.96
84,2,0,0,0,8.191999979317188,2,2,0,3,17,0,0,20,97.33
84,2,0,1,0,38.91199827194214,2,2,0,3,17,0,0,20,97.33
84,2,0,2,0,9.216000325977802,2,2,0,3,17,0,0,20,97.33
84,2,0,3,0,36.86400130391121,2,2,0,3,17,0,0,20,97.33
84,24,0,0,0,8.191999979317188,2,2,0,0,20,0,0,20,0.751
84,24,0,1,0,45.05600035190582,2,2,0,0,20,0,0,20,0.751
84,24,0,2,0,8.191999979317188,2,2,0,0,20,0,0,20,0.751
84,24,0,3,0,4.095999989658594,2,2,0,0,20,0,0,20,0.751
84,40,0,0,1,8.191999979317188,2,2,0,0,20,0,0,20,0.8
84,40,0,1,1,39.93599861860275,2,2,0,0,20,0,0,20,0.8
84,40,0,2,1,9.216000325977802,2,2,0,0,20,0,0,20,0.8
84,40,0,3,1,4.095999989658594,2,2,0,0,20,0,0,20,0.8
85,2,0,0,0,9.216000325977802,3,3,0,1,29,0,0,30,72.1
85,2,0,1,0,65.5359998345375,3,3,0,1,29,0,0,30,72.1
85,2,0,2,0,8.191999979317188,3,3,0,1,29,0,0,30,72.1
85,2,0,3,0,5.119999870657921,3,3,0,1,29,0,0,30,72.1
85,24,0,0,0,8.191999979317188,3,3,0,0,30,0,0,30,1.29
85,24,0,1,0,51.19999870657921,3,3,0,0,30,0,0,30,1.29
85,24,0,2,0,8.191999979317188,3,3,0,0,30,0,0,30,1.29
85,24,0,3,0,4.095999989658594,3,3,0,0,30,0,0,30,1.29
85,40,0,0,1,9.216000325977802,3,3,0,0,30,0,0,30,1.04
85,40,0,1,1,46.08000069856644,3,3,0,0,30,0,0,30,1.04
85,40,0,2,1,9.216000325977802,3,3,0,0,30,0,0,30,1.04
85,40,0,3,1,4.095999989658594,3,3,0,0,30,0,0,30,1.04
86,2,0,0,0,16.383999958634377,4,4,0,2,38,0,0,40,73.199
86,2,0,1,0,73.72800260782242,4,4,0,2,38,0,0,40,73.199
86,2,0,2,0,9.216000325977802,4,4,0,2,38,0,0,40,73.199
86,2,0,3,0,6.144000217318535,4,4,0,2,38,0,0,40,73.199
86,24,0,0,0,8.191999979317188,4,4,0,0,40,0,0,40,1.891
86,24,0,1,0,58.36800113320351,4,4,0,0,40,0,0,40,1.891
86,24,0,2,0,9.216000325977802,4,4,0,0,40,0,0,40,1.891
86,24,0,3,0,5.119999870657921,4,4,0,0,40,0,0,40,1.891
86,40,0,0,1,9.216000325977802,4,4,0,0,40,0,0,40,1.449
86,40,0,1,1,58.36800113320351,4,4,0,0,40,0,0,40,1.449
86,40,0,2,1,9.216000325977802,4,4,0,0,40,0,0,40,1.449
86,40,0,3,1,4.095999989658594,4,4,0,0,40,0,0,40,1.449
87,2,0,0,0,9.216000325977802,2,2,0,1,19,0,0,20,49.22
87,2,0,1,0,49.15200173854828,2,2,0,1,19,0,0,20,49.22
87,2,0,2,0,9.216000325977802,2,2,0,1,19,0,0,20,49.22
87,2,0,3,0,6.144000217318535,2,2,0,1,19,0,0,20,49.22
87,24,0,0,0,9.216000325977802,2,2,0,0,20,0,0,20,1.03
87,24,0,1,0,49.15200173854828,2,2,0,0,20,0,0,20,1.03
87,24,0,2,0,9.216000325977802,2,2,0,0,20,0,0,20,1.03
87,24,0,3,0,4.095999989658594,2,2,0,0,20,0,0,20,1.03
87,40,0,0,1,9.216000325977802,2,2,0,0,20,0,0,20,0.73
87,40,0,1,1,44.03200000524521,2,2,0,0,20,0,0,20,0.73
87,40,0,2,1,9.216000325977802,2,2,0,0,20,0,0,20,0.73
87,40,0,3,1,4.095999989658594,2,2,0,0,20,0,0,20,0.73
88,2,0,0,0,13.311999849975109,4,4,0,0,40,0,0,40,1.79
88,2,0,1,0,82.94399827718735,4,4,0,0,40,0,0,40,1.79
88,2,0,2,0,8.191999979317188,4,4,0,0,40,0,0,40,1.79
88,2,0,3,0,6.144000217318535,4,4,0,0,40,0,0,40,1.79
88,24,0,0,0,9.216000325977802,4,4,0,0,40,0,0,40,1.3
88,24,0,1,0,69.63200122117996,4,4,0,0,40,0,0,40,1.3
88,24,0,2,0,8.191999979317188,4,4,0,0,40,0,0,40,1.3
88,24,0,3,0,4.095999989658594,4,4,0,0,40,0,0,40,1.3
88,40,0,0,1,9.216000325977802,4,4,0,0,40,0,0,40,1.51
88,40,0,1,1,59.39200147986412,4,4,0,0,40,0,0,40,1.51
88,40,0,2,1,9.216000325977802,4,4,0,0,40,0,0,40,1.51
88,40,0,3,1,3.0720001086592674,4,4,0,0,40,0,0,40,1.51
89,2,0,0,0,8.191999979317188,4,4,0,1,39,0,0,40,57.37
89,2,0,1,0,76.80000364780426,4,4,0,1,39,0,0,40,57.37
89,2,0,2,0,9.216000325977802,4,4,0,1,39,0,0,40,57.37
89,2,0,3,0,4.095999989658594,4,4,0,1,39,0,0,40,57.37
89,24,0,0,0,8.191999979317188,4,4,0,0,40,0,0,40,1.71
89,24,0,1,0,68.60800087451935,4,4,0,0,40,0,0,40,1.71
89,24,0,2,0,9.216000325977802,4,4,0,0,40,0,0,40,1.71
89,24,0,3,0,4.095999989658594,4,4,0,0,40,0,0,40,1.71
89,40,0,0,1,9.216000325977802,4,4,0,0,40,0,0,40,1.54
89,40,0,1,1,64.51199948787689,4,4,0,0,40,0,0,40,1.54
89,40,0,2,1,9.216000325977802,4,4,0,0,40,0,0,40,1.54
89,40,0,3,1,4.095999989658594,4,4,0,0,40,0,0,40,1.54
90,2,0,0,0,2779.1359424591064,4,4,0,3,37,0,0,40,391.599
90,2,0,1,0,78.84799689054489,4,4,0,3,37,0,0,40,391.599
90,2,0,2,0,9.216000325977802,4,4,0,3,37,0,0,40,391.599
90,2,0,3,0,295.9359884262085,4,4,0,3,37,0,0,40,391.599
90,24,0,0,0,8.191999979317188,4,4,0,0,40,0,0,40,1.64
90,24,0,1,0,69.63200122117996,4,4,0,0,40,0,0,40,1.64
90,24,0,2,0,9.216000325977802,4,4,0,0,40,0,0,40,1.64
90,24,0,3,0,4.095999989658594,4,4,0,0,40,0,0,40,1.64
90,40,0,0,1,9.216000325977802,4,4,0,0,40,0,0,40,1.63
90,40,0,1,1,79.8719972372055,4,4,0,0,40,0,0,40,1.63
90,40,0,2,1,9.216000325977802,4,4,0,0,40,0,0,40,1.63
90,40,0,3,1,4.095999989658594,4,4,0,0,40,0,0,40,1.63
91,2,0,0,0,14.336000196635723,4,4,0,0,40,0,0,40,1.849
91,2,0,1,0,69.63200122117996,4,4,0,0,40,0,0,40,1.849
91,2,0,2,0,9.216000325977802,4,4,0,0,40,0,0,40,1.849
91,2,0,3,0,5.119999870657921,4,4,0,0,40,0,0,40,1.849
91,24,0,0,0,9.216000325977802,4,4,0,0,40,0,0,40,1.89
91,24,0,1,0,52.22399905323982,4,4,0,0,40,0,0,40,1.89
91,24,0,2,0,9.216000325977802,4,4,0,0,40,0,0,40,1.89
91,24,0,3,0,4.095999989658594,4,4,0,0,40,0,0,40,1.89
91,40,0,0,1,8.191999979317188,4,4,0,0,40,0,0,40,1.6
91,40,0,1,1,64.51199948787689,4,4,0,0,40,0,0,40,1.6
91,40,0,2,1,9.216000325977802,4,4,0,0,40,0,0,40,1.6
91,40,0,3,1,4.095999989658594,4,4,0,0,40,0,0,40,1.6
92,2,0,0,0,14.336000196635723,4,4,0,1,39,0,0,40,61.71
92,2,0,1,0,67.58400052785873,4,4,0,1,39,0,0,40,61.71
92,2,0,2,0,9.216000325977802,4,4,0,1,39,0,0,40,61.71
92,2,0,3,0,5.119999870657921,4,4,0,1,39,0,0,40,61.71
92,24,0,0,0,8.191999979317188,4,4,0,0,40,0,0,40,3.29
92,24,0,1,0,69.63200122117996,4,4,0,0,40,0,0,40,3.29
92,24,0,2,0,9.216000325977802,4,4,0,0,40,0,0,40,3.29
92,24,0,3,0,3.0720001086592674,4,4,0,0,40,0,0,40,3.29
92,40,0,0,1,9.216000325977802,4,4,0,0,40,0,0,40,4.14
92,40,0,1,1,89.08800035715103,4,4,0,0,40,0,0,40,4.14
92,40,0,2,1,9.216000325977802,4,4,0,0,40,0,0,40,4.14
92,40,0,3,1,4.095999989658594,4,4,0,0,40,0,0,40,4.14
93,2,0,0,0,10.239999741315842,2,2,0,2,18,0,0,20,300.529
93,2,0,1,0,47.10400104522705,2,2,0,2,18,0,0,20,300.529
93,2,0,2,0,9.216000325977802,2,2,0,2,18,0,0,20,300.529
93,2,0,3,0,232.44799673557281,2,2,0,2,18,0,0,20,300.529
93,24,0,0,0,10.239999741315842,2,2,0,0,20,0,0,20,0.81
93,24,0,1,0,43.007999658584595,2,2,0,0,20,0,0,20,0.81
93,24,0,2,0,9.216000325977802,2,2,0,0,20,0,0,20,0.81
93,24,0,3,0,4.095999989658594,2,2,0,0,20,0,0,20,0.81
93,40,0,0,1,9.216000325977802,2,2,0,0,20,0,0,20,1.99
93,40,0,1,1,46.08000069856644,2,2,0,0,20,0,0,20,1.99
93,40,0,2,1,9.216000325977802,2,2,0,0,20,0,0,20,1.99
93,40,0,3,1,4.095999989658594,2,2,0,0,20,0,0,20,1.99
94,2,0,0,0,92.16000139713287,4,4,0,5,34,1,0,40,260.929
94,2,0,1,0,76.80000364780426,4,4,0,5,34,1,0,40,260.929
94,2,0,2,0,163.83999586105347,4,4,0,5,34,1,0,40,260.929
94,2,0,3,0,12.28800043463707,4,4,0,5,34,1,0,40,260.929
94,24,0,0,0,947.2000002861023,4,4,0,3,37,0,0,40,298.269
94,24,0,1,0,66.56000018119812,4,4,0,3,37,0,0,40,298.269
94,24,0,2,0,9.216000325977802,4,4,0,3,37,0,0,40,298.269
94,24,0,3,0,214.01600539684296,4,4,0,3,37,0,0,40,298.269
94,40,0,0,1,9.216000325977802,4,4,0,1,39,0,0,40,131.03
94,40,0,1,1,97.28000313043594,4,4,0,1,39,0,0,40,131.03
94,40,0,2,1,10.239999741315842,4,4,0,1,39,0,0,40,131.03
94,40,0,3,1,11.264000087976456,4,4,0,1,39,0,0,40,131.03
95,2,0,0,0,9.216000325977802,4,4,0,3,36,1,0,40,243.199
95,2,0,1,0,69.63200122117996,4,4,0,3,36,1,0,40,243.199
95,2,0,2,0,168.96000504493713,4,4,0,3,36,1,0,40,243.199
95,2,0,3,0,5.119999870657921,4,4,0,3,36,1,0,40,243.199
95,24,0,0,0,8.191999979317188,4,4,0,0,40,0,0,40,1.8
95,24,0,1,0,63.48799914121628,4,4,0,0,40,0,0,40,1.8
95,24,0,2,0,9.216000325977802,4,4,0,0,40,0,0,40,1.8
95,24,0,3,0,4.095999989658594,4,4,0,0,40,0,0,40,1.8
95,40,0,0,1,14.336000196635723,4,4,0,0,40,0,0,40,1.66
95,40,0,1,1,72.7040022611618,4,4,0,0,40,0,0,40,1.66
95,40,0,2,1,9.216000325977802,4,4,0,0,40,0,0,40,1.66
95,40,0,3,1,4.095999989658594,4,4,0,0,40,0,0,40,1.66
96,2,0,0,0,9.216000325977802,1,1,0,1,9,0,0,10,54.19
96,2,0,1,0,31.74399957060814,1,1,0,1,9,0,0,10,54.19
96,2,0,2,0,9.216000325977802,1,1,0,1,9,0,0,10,54.19
96,2,0,3,0,5.119999870657921,1,1,0,1,9,0,0,10,54.19
96,24,0,0,0,9.216000325977802,1,1,0,1,9,0,0,10,83.309
96,24,0,1,0,29.69600073993206,1,1,0,1,9,0,0,10,83.309
96,24,0,2,0,9.216000325977802,1,1,0,1,9,0,0,10,83.309
96,24,0,3,0,30.719999223947525,1,1,0,1,9,0,0,10,83.309
96,40,0,0,1,9.216000325977802,1,1,0,2,8,0,0,10,114.619
96,40,0,1,1,29.69600073993206,1,1,0,2,8,0,0,10,114.619
96,40,0,2,1,8.191999979317188,1,1,0,2,8,0,0,10,114.619
96,40,0,3,1,60.416001826524734,1,1,0,2,8,0,0,10,114.619
97,2,0,0,0,9.216000325977802,1,1,0,2,8,0,0,10,96.0
97,2,0,1,0,27.648000046610832,1,1,0,2,8,0,0,10,96.0
97,2,0,2,0,9.216000325977802,1,1,0,2,8,0,0,10,96.0
97,2,0,3,0,45.05600035190582,1,1,0,2,8,0,0,10,96.0
97,24,0,0,0,8.191999979317188,1,1,0,0,10,0,0,10,0.589
97,24,0,1,0,31.74399957060814,1,1,0,0,10,0,0,10,0.589
97,24,0,2,0,9.216000325977802,1,1,0,0,10,0,0,10,0.589
97,24,0,3,0,5.119999870657921,1,1,0,0,10,0,0,10,0.589
97,40,0,0,1,9.216000325977802,1,1,0,1,9,0,0,10,51.7
97,40,0,1,1,32.76799991726875,1,1,0,1,9,0,0,10,51.7
97,40,0,2,1,9.216000325977802,1,1,0,1,9,0,0,10,51.7
97,40,0,3,1,4.095999989658594,1,1,0,1,9,0,0,10,51.7
98,2,0,0,0,9.216000325977802,4,4,0,11,25,4,0,40,738.497
98,2,0,1,0,46.08000069856644,4,4,0,11,25,4,0,40,738.497
98,2,0,2,0,463.8719856739044,4,4,0,11,25,4,0,40,738.497
98,2,0,3,0,214.01600539684296,4,4,0,11,25,4,0,40,738.497
98,24,0,0,0,8.191999979317188,4,4,0,1,39,0,0,40,111.169
98,24,0,1,0,55.296000093221664,4,4,0,1,39,0,0,40,111.169
98,24,0,2,0,9.216000325977802,4,4,0,1,39,0,0,40,111.169
98,24,0,3,0,34.81600061058998,4,4,0,1,39,0,0,40,111.169
98,40,0,0,1,9.216000325977802,4,4,0,1,39,0,0,40,197.78
98,40,0,1,1,84.99199897050858,4,4,0,1,39,0,0,40,197.78
98,40,0,2,1,8.191999979317188,4,4,0,1,39,0,0,40,197.78
98,40,0,3,1,90.11200070381165,4,4,0,1,39,0,0,40,197.78
99,2,0,0,0,14.336000196635723,4,4,0,7,31,2,0,40,284.298
99,2,0,1,0,56.32000043988228,4,4,0,7,31,2,0,40,284.298
99,2,0,2,0,315.39198756217957,4,4,0,7,31,2,0,40,284.298
99,2,0,3,0,5.119999870657921,4,4,0,7,31,2,0,40,284.298
99,24,0,0,0,8.191999979317188,4,4,0,4,36,0,0,40,136.699
99,24,0,1,0,63.48799914121628,4,4,0,4,36,0,0,40,136.699
99,24,0,2,0,9.216000325977802,4,4,0,4,36,0,0,40,136.699
99,24,0,3,0,53.247999399900436,4,4,0,4,36,0,0,40,136.699
99,40,0,0,1,14.336000196635723,4,4,0,4,36,0,0,40,294.94
99,40,0,1,1,73.72800260782242,4,4,0,4,36,0,0,40,294.94
99,40,0,2,1,9.216000325977802,4,4,0,4,36,0,0,40,294.94
99,40,0,3,1,192.51200556755066,4,4,0,4,36,0,0,40,294.94
100,2,0,0,0,9.216000325977802,1,1,0,3,6,1,0,10,144.529
100,2,0,1,0,23.552000522613525,1,1,0,3,6,1,0,10,144.529
100,2,0,2,0,167.93599724769592,1,1,0,3,6,1,0,10,144.529
100,2,0,3,0,5.119999870657921,1,1,0,3,6,1,0,10,144.529
100,24,0,0,0,2754.5599937438965,1,1,0,0,10,0,0,10,0.71
100,24,0,1,0,31.74399957060814,1,1,0,0,10,0,0,10,0.71
100,24,0,2,0,9.216000325977802,1,1,0,0,10,0,0,10,0.71
100,24,0,3,0,4.095999989658594,1,1,0,0,10,0,0,10,0.71
100,40,0,0,1,9.216000325977802,1,1,0,0,10,0,0,10,0.55
100,40,0,1,1,34.81600061058998,1,1,0,0,10,0,0,10,0.55
100,40,0,2,1,9.216000325977802,1,1,0,0,10,0,0,10,0.55
100,40,0,3,1,4.095999989658594,1,1,0,0,10,0,0,10,0.55
101,2,0,0,0,8.191999979317188,4,4,0,3,36,1,0,40,310.339
101,2,0,1,0,83.96799862384796,4,4,0,3,36,1,0,40,310.339
101,2,0,2,0,168.96000504493713,4,4,0,3,36,1,0,40,310.339
101,2,0,3,0,45.05600035190582,4,4,0,3,36,1,0,40,310.339
101,24,0,0,0,7.168000098317862,4,4,0,2,38,0,0,40,323.418
101,24,0,1,0,67.58400052785873,4,4,0,2,38,0,0,40,323.418
101,24,0,2,0,9.216000325977802,4,4,0,2,38,0,0,40,323.418
101,24,0,3,0,242.68800020217896,4,4,0,2,38,0,0,40,323.418
101,40,0,0,1,9.216000325977802,4,4,0,0,40,0,0,40,1.75
101,40,0,1,1,71.68000191450119,4,4,0,0,40,0,0,40,1.75
101,40,0,2,1,9.216000325977802,4,4,0,0,40,0,0,40,1.75
101,40,0,3,1,4.095999989658594,4,4,0,0,40,0,0,40,1.75
102,2,0,0,0,9.216000325977802,3,3,0,3,26,1,0,30,578.187
102,2,0,1,0,64.51199948787689,3,3,0,3,26,1,0,30,578.187
102,2,0,2,0,167.93599724769592,3,3,0,3,26,1,0,30,578.187
102,2,0,3,0,332.8000009059906,3,3,0,3,26,1,0,30,578.187
102,24,0,0,0,16.383999958634377,3,3,0,3,27,0,0,30,87.34
102,24,0,1,0,49.15200173854828,3,3,0,3,27,0,0,30,87.34
102,24,0,2,0,9.216000325977802,3,3,0,3,27,0,0,30,87.34
102,24,0,3,0,7.168000098317862,3,3,0,3,27,0,0,30,87.34
102,40,0,0,1,9.216000325977802,3,3,0,0,30,0,0,30,1.591
102,40,0,1,1,64.51199948787689,3,3,0,0,30,0,0,30,1.591
102,40,0,2,1,9.216000325977802,3,3,0,0,30,0,0,30,1.591
102,40,0,3,1,4.095999989658594,3,3,0,0,30,0,0,30,1.591
103,2,0,0,0,8.191999979317188,4,4,0,2,38,0,0,40,101.609
103,2,0,1,0,84.99199897050858,4,4,0,2,38,0,0,40,101.609
103,2,0,2,0,9.216000325977802,4,4,0,2,38,0,0,40,101.609
103,2,0,3,0,5.119999870657921,4,4,0,2,38,0,0,40,101.609
103,24,0,0,0,8.191999979317188,4,4,0,0,40,0,0,40,2.64
103,24,0,1,0,69.63200122117996,4,4,0,0,40,0,0,40,2.64
103,24,0,2,0,9.216000325977802,4,4,0,0,40,0,0,40,2.64
103,24,0,3,0,4.095999989658594,4,4,0,0,40,0,0,40,2.64
103,40,0,0,1,15.359999611973763,4,4,0,1,39,0,0,40,76.729
103,40,0,1,1,65.5359998345375,4,4,0,1,39,0,0,40,76.729
103,40,0,2,1,9.216000325977802,4,4,0,1,39,0,0,40,76.729
103,40,0,3,1,4.095999989658594,4,4,0,1,39,0,0,40,76.729
104,2,0,0,0,9.216000325977802,2,2,0,0,20,0,0,20,3.0
104,2,0,1,0,54.27199974656105,2,2,0,0,20,0,0,20,3.0
104,2,0,2,0,8.191999979317188,2,2,0,0,20,0,0,20,3.0
104,2,0,3,0,5.119999870657921,2,2,0,0,20,0,0,20,3.0
104,24,0,0,0,9.216000325977802,2,2,0,0,20,0,0,20,1.24
104,24,0,1,0,51.19999870657921,2,2,0,0,20,0,0,20,1.24
104,24,0,2,0,9.216000325977802,2,2,0,0,20,0,0,20,1.24
104,24,0,3,0,4.095999989658594,2,2,0,0,20,0,0,20,1.24
104,40,0,0,1,9.216000325977802,2,2,0,0,20,0,0,20,2.17
104,40,0,1,1,46.08000069856644,2,2,0,0,20,0,0,20,2.17
104,40,0,2,1,9.216000325977802,2,2,0,0,20,0,0,20,2.17
104,40,0,3,1,4.095999989658594,2,2,0,0,20,0,0,20,2.17
105,2,0,0,0,8.191999979317188,4,4,0,2,38,0,0,40,112.17
105,2,0,1,0,66.56000018119812,4,4,0,2,38,0,0,40,112.17
105,2,0,2,0,9.216000325977802,4,4,0,2,38,0,0,40,112.17
105,2,0,3,0,23.552000522613525,4,4,0,2,38,0,0,40,112.17
105,24,0,0,0,8.191999979317188,4,4,0,0,40,0,0,40,2.04
105,24,0,1,0,84.99199897050858,4,4,0,0,40,0,0,40,2.04
105,24,0,2,0,9.216000325977802,4,4,0,0,40,0,0,40,2.04
105,24,0,3,0,4.095999989658594,4,4,0,0,40,0,0,40,2.04
105,40,0,0,1,14.336000196635723,4,4,0,2,38,0,0,40,335.958
105,40,0,1,1,79.8719972372055,4,4,0,2,38,0,0,40,335.958
105,40,0,2,1,8.191999979317188,4,4,0,2,38,0,0,40,335.958
105,40,0,3,1,228.35199534893036,4,4,0,2,38,0,0,40,335.958
106,2,0,0,0,8.191999979317188,4,4,0,3,37,0,0,40,138.63
106,2,0,1,0,82.94399827718735,4,4,0,3,37,0,0,40,138.63
106,2,0,2,0,10.239999741315842,4,4,0,3,37,0,0,40,138.63
106,2,0,3,0,32.76799991726875,4,4,0,3,37,0,0,40,138.63
106,24,0,0,0,8.191999979317188,4,4,0,5,34,1,0,40,489.547
106,24,0,1,0,66.56000018119812,4,4,0,5,34,1,0,40,489.547
106,24,0,2,0,168.96000504493713,4,4,0,5,34,1,0,40,489.547
106,24,0,3,0,242.68800020217896,4,4,0,5,34,1,0,40,489.547
106,40,0,0,1,10.239999741315842,4,4,0,1,39,0,0,40,70.61
106,40,0,1,1,83.96799862384796,4,4,0,1,39,0,0,40,70.61
106,40,0,2,1,8.191999979317188,4,4,0,1,39,0,0,40,70.61
106,40,0,3,1,4.095999989658594,4,4,0,1,39,0,0,40,70.61
107,2,0,0,0,8.191999979317188,1,1,0,3,7,0,0,10,538.138
107,2,0,1,0,25.599999353289604,1,1,0,3,7,0,0,10,538.138
107,2,0,2,0,8.191999979317188,1,1,0,3,7,0,0,10,538.138
107,2,0,3,0,492.5439953804016,1,1,0,3,7,0,0,10,538.138
107,24,0,0,0,8.191999979317188,1,1,0,3,7,0,0,10,138.45
107,24,0,1,0,24.57600086927414,1,1,0,3,7,0,0,10,138.45
107,24,0,2,0,9.216000325977802,1,1,0,3,7,0,0,10,138.45
107,24,0,3,0,91.13600105047226,1,1,0,3,7,0,0,10,138.45
107,40,0,0,1,9.216000325977802,1,1,0,1,9,0,0,10,65.0
107,40,0,1,1,33.79200026392937,1,1,0,1,9,0,0,10,65.0
107,40,0,2,1,10.239999741315842,1,1,0,1,9,0,0,10,65.0
107,40,0,3,1,7.168000098317862,1,1,0,1,9,0,0,10,65.0
108,2,0,0,0,9.216000325977802,2,2,0,1,19,0,0,20,61.68
108,2,0,1,0,49.15200173854828,2,2,0,1,19,0,0,20,61.68
108,2,0,2,0,9.216000325977802,2,2,0,1,19,0,0,20,61.68
108,2,0,3,0,5.119999870657921,2,2,0,1,19,0,0,20,61.68
108,24,0,0,0,99.32799637317657,2,2,0,1,19,0,0,20,47.719
108,24,0,1,0,47.10400104522705,2,2,0,1,19,0,0,20,47.719
108,24,0,2,0,9.216000325977802,2,2,0,1,19,0,0,20,47.719
108,24,0,3,0,4.095999989658594,2,2,0,1,19,0,0,20,47.719
108,40,0,0,1,9.216000325977802,2,2,0,0,20,0,0,20,0.94
108,40,0,1,1,57.34400078654289,2,2,0,0,20,0,0,20,0.94
108,40,0,2,1,9.216000325977802,2,2,0,0,20,0,0,20,0.94
108,40,0,3,1,4.095999989658594,2,2,0,0,20,0,0,20,0.94
109,2,0,0,0,15.359999611973763,4,4,0,8,30,2,0,40,341.908
109,2,0,1,0,63.48799914121628,4,4,0,8,30,2,0,40,341.908
109,2,0,2,0,316.4159953594208,4,4,0,8,30,2,0,40,341.908
109,2,0,3,0,4.095999989658594,4,4,0,8,30,2,0,40,341.908
109,24,0,0,0,9.216000325977802,4,4,0,4,36,0,0,40,600.997
109,24,0,1,0,73.72800260782242,4,4,0,4,36,0,0,40,600.997
109,24,0,2,0,9.216000325977802,4,4,0,4,36,0,0,40,600.997
109,24,0,3,0,504.83202934265137,4,4,0,4,36,0,0,40,600.997
109,40,0,0,1,9.216000325977802,4,4,0,0,40,0,0,40,1.97
109,40,0,1,1,77.82399654388428,4,4,0,0,40,0,0,40,1.97
109,40,0,2,1,9.216000325977802,4,4,0,0,40,0,0,40,1.97
109,40,0,3,1,3.0720001086592674,4,4,0,0,40,0,0,40,1.97
110,2,0,0,0,8.191999979317188,4,4,0,8,30,2,0,40,457.608
110,2,0,1,0,69.63200122117996,4,4,0,8,30,2,0,40,457.608
110,2,0,2,0,314.36800956726074,4,4,0,8,30,2,0,40,457.608
110,2,0,3,0,60.416001826524734,4,4,0,8,30,2,0,40,457.608
110,24,0,0,0,9.216000325977802,4,4,0,6,34,0,0,40,160.25
110,24,0,1,0,70.65600156784058,4,4,0,6,34,0,0,40,160.25
110,24,0,2,0,9.216000325977802,4,4,0,6,34,0,0,40,160.25
110,24,0,3,0,66.56000018119812,4,4,0,6,34,0,0,40,160.25
110,40,0,0,1,9.216000325977802,4,4,0,0,40,0,0,40,1.9
110,40,0,1,1,58.36800113320351,4,4,0,0,40,0,0,40,1.9
110,40,0,2,1,9.216000325977802,4,4,0,0,40,0,0,40,1.9
110,40,0,3,1,4.095999989658594,4,4,0,0,40,0,0,40,1.9
111,2,0,0,0,15.359999611973763,4,4,0,2,38,0,0,40,115.23
111,2,0,1,0,84.99199897050858,4,4,0,2,38,0,0,40,115.23
111,2,0,2,0,9.216000325977802,4,4,0,2,38,0,0,40,115.23
111,2,0,3,0,5.119999870657921,4,4,0,2,38,0,0,40,115.23
111,24,0,0,0,8.191999979317188,4,4,0,1,39,0,0,40,71.99
111,24,0,1,0,77.82399654388428,4,4,0,1,39,0,0,40,71.99
111,24,0,2,0,9.216000325977802,4,4,0,1,39,0,0,40,71.99
111,24,0,3,0,3.0720001086592674,4,4,0,1,39,0,0,40,71.99
111,40,0,0,1,15.359999611973763,4,4,0,2,38,0,0,40,157.929
111,40,0,1,1,81.91999793052673,4,4,0,2,38,0,0,40,157.929
111,40,0,2,1,8.191999979317188,4,4,0,2,38,0,0,40,157.929
111,40,0,3,1,45.05600035190582,4,4,0,2,38,0,0,40,157.929
112,2,0,0,0,9.216000325977802,1,1,0,1,9,0,0,10,75.449
112,2,0,1,0,30.719999223947525,1,1,0,1,9,0,0,10,75.449
112,2,0,2,0,9.216000325977802,1,1,0,1,9,0,0,10,75.449
112,2,0,3,0,22.52800017595291,1,1,0,1,9,0,0,10,75.449
112,24,0,0,0,9.216000325977802,1,1,0,0,10,0,0,10,0.88
112,24,0,1,0,31.74399957060814,1,1,0,0,10,0,0,10,0.88
112,24,0,2,0,8.191999979317188,1,1,0,0,10,0,0,10,0.88
112,24,0,3,0,4.095999989658594,1,1,0,0,10,0,0,10,0.88
112,40,0,0,1,8.191999979317188,1,1,0,0,10,0,0,10,0.69
112,40,0,1,1,34.81600061058998,1,1,0,0,10,0,0,10,0.69
112,40,0,2,1,9.216000325977802,1,1,0,0,10,0,0,10,0.69
112,40,0,3,1,4.095999989658594,1,1,0,0,10,0,0,10,0.69
113,2,0,0,0,2866.175889968872,4,4,0,2,38,0,0,40,122.959
113,2,0,1,0,78.84799689054489,4,4,0,2,38,0,0,40,122.959
113,2,0,2,0,9.216000325977802,4,4,0,2,38,0,0,40,122.959
113,2,0,3,0,21.503999829292297,4,4,0,2,38,0,0,40,122.959
113,24,0,0,0,9.216000325977802,4,4,0,2,38,0,0,40,317.518
113,24,0,1,0,81.91999793052673,4,4,0,2,38,0,0,40,317.518
113,24,0,2,0,9.216000325977802,4,4,0,2,38,0,0,40,317.518
113,24,0,3,0,214.01600539684296,4,4,0,2,38,0,0,40,317.518
113,40,0,0,1,15.359999611973763,4,4,0,1,39,0,0,40,71.549
113,40,0,1,1,90.11200070381165,4,4,0,1,39,0,0,40,71.549
113,40,0,2,1,9.216000325977802,4,4,0,1,39,0,0,40,71.549
113,40,0,3,1,4.095999989658594,4,4,0,1,39,0,0,40,71.549
114,2,0,0,0,15.359999611973763,4,4,0,1,39,0,0,40,124.86
114,2,0,1,0,88.06400001049042,4,4,0,1,39,0,0,40,124.86
114,2,0,2,0,9.216000325977802,4,4,0,1,39,0,0,40,124.86
114,2,0,3,0,8.191999979317188,4,4,0,1,39,0,0,40,124.86
114,24,0,0,0,8.191999979317188,4,4,0,1,39,0,0,40,95.47
114,24,0,1,0,87.0399996638298,4,4,0,1,39,0,0,40,95.47
114,24,0,2,0,9.216000325977802,4,4,0,1,39,0,0,40,95.47
114,24,0,3,0,4.095999989658594,4,4,0,1,39,0,0,40,95.47
114,40,0,0,1,9.216000325977802,4,4,0,0,40,0,0,40,3.809
114,40,0,1,1,69.63200122117996,4,4,0,0,40,0,0,40,3.809
114,40,0,2,1,9.216000325977802,4,4,0,0,40,0,0,40,3.809
114,40,0,3,1,4.095999989658594,4,4,0,0,40,0,0,40,3.809
115,2,0,0,0,15.359999611973763,4,4,0,6,34,0,0,40,2571.44
115,2,0,1,0,56.32000043988228,4,4,0,6,34,0,0,40,2571.44
115,2,0,2,0,9.216000325977802,4,4,0,6,34,0,0,40,2571.44
115,2,0,3,0,2487.2961044311523,4,4,0,6,34,0,0,40,2571.44
115,24,0,0,0,25.599999353289604,4,4,0,2,38,0,0,40,114.299
115,24,0,1,0,72.7040022611618,4,4,0,2,38,0,0,40,114.299
115,24,0,2,0,9.216000325977802,4,4,0,2,38,0,0,40,114.299
115,24,0,3,0,22.52800017595291,4,4,0,2,38,0,0,40,114.299
115,40,0,0,1,9.216000325977802,4,4,0,2,38,0,0,40,80.77
115,40,0,1,1,75.77600330114365,4,4,0,2,38,0,0,40,80.77
115,40,0,2,1,9.216000325977802,4,4,0,2,38,0,0,40,80.77
115,40,0,3,1,4.095999989658594,4,4,0,2,38,0,0,40,80.77
116,2,0,0,0,15.359999611973763,4,4,0,1,39,0,0,40,105.069
116,2,0,1,0,64.51199948787689,4,4,0,1,39,0,0,40,105.069
116,2,0,2,0,9.216000325977802,4,4,0,1,39,0,0,40,105.069
116,2,0,3,0,13.311999849975109,4,4,0,1,39,0,0,40,105.069
116,24,0,0,0,8.191999979317188,4,4,0,0,40,0,0,40,3.95
116,24,0,1,0,79.8719972372055,4,4,0,0,40,0,0,40,3.95
116,24,0,2,0,9.216000325977802,4,4,0,0,40,0,0,40,3.95
116,24,0,3,0,4.095999989658594,4,4,0,0,40,0,0,40,3.95
116,40,0,0,1,8.191999979317188,4,4,0,1,39,0,0,40,75.899
116,40,0,1,1,78.84799689054489,4,4,0,1,39,0,0,40,75.899
116,40,0,2,1,9.216000325977802,4,4,0,1,39,0,0,40,75.899
116,40,0,3,1,4.095999989658594,4,4,0,1,39,0,0,40,75.899
117,2,0,0,0,15.359999611973763,4,4,0,6,34,0,0,40,154.979
117,2,0,1,0,62.463998794555664,4,4,0,6,34,0,0,40,154.979
117,2,0,2,0,9.216000325977802,4,4,0,6,34,0,0,40,154.979
117,2,0,3,0,64.51199948787689,4,4,0,6,34,0,0,40,154.979
117,24,0,0,0,8.191999979317188,4,4,0,4,36,0,0,40,445.878
117,24,0,1,0,75.77600330114365,4,4,0,4,36,0,0,40,445.878
117,24,0,2,0,9.216000325977802,4,4,0,4,36,0,0,40,445.878
117,24,0,3,0,349.1840064525604,4,4,0,4,36,0,0,40,445.878
117,40,0,0,1,10.239999741315842,4,4,0,0,40,0,0,40,3.33
117,40,0,1,1,77.82399654388428,4,4,0,0,40,0,0,40,3.33
117,40,0,2,1,9.216000325977802,4,4,0,0,40,0,0,40,3.33
117,40,0,3,1,4.095999989658594,4,4,0,0,40,0,0,40,3.33
118,2,0,0,0,15.359999611973763,4,4,0,3,36,1,0,40,138.82
118,2,0,1,0,76.80000364780426,4,4,0,3,36,1,0,40,138.82
118,2,0,2,0,169.98399794101715,4,4,0,3,36,1,0,40,138.82
118,2,0,3,0,6.144000217318535,4,4,0,3,36,1,0,40,138.82
118,24,0,0,0,9.216000325977802,4,4,0,0,40,0,0,40,1.98
118,24,0,1,0,69.63200122117996,4,4,0,0,40,0,0,40,1.98
118,24,0,2,0,9.216000325977802,4,4,0,0,40,0,0,40,1.98
118,24,0,3,0,4.095999989658594,4,4,0,0,40,0,0,40,1.98
118,40,0,0,1,9.216000325977802,4,4,0,0,40,0,0,40,2.12
118,40,0,1,1,74.75200295448303,4,4,0,0,40,0,0,40,2.12
118,40,0,2,1,9.216000325977802,4,4,0,0,40,0,0,40,2.12
118,40,0,3,1,4.095999989658594,4,4,0,0,40,0,0,40,2.12
119,2,0,0,0,8.191999979317188,4,4,0,3,36,1,0,40,145.649
119,2,0,1,0,79.8719972372055,4,4,0,3,36,1,0,40,145.649
119,2,0,2,0,168.96000504493713,4,4,0,3,36,1,0,40,145.649
119,2,0,3,0,5.119999870657921,4,4,0,3,36,1,0,40,145.649
119,24,0,0,0,7.168000098317862,4,4,0,1,39,0,0,40,64.44
119,24,0,1,0,81.91999793052673,4,4,0,1,39,0,0,40,64.44
119,24,0,2,0,9.216000325977802,4,4,0,1,39,0,0,40,64.44
119,24,0,3,0,4.095999989658594,4,4,0,1,39,0,0,40,64.44
119,40,0,0,1,9.216000325977802,4,4,0,0,40,0,0,40,2.289
119,40,0,1,1,100.35199671983719,4,4,0,0,40,0,0,40,2.289
119,40,0,2,1,9.216000325977802,4,4,0,0,40,0,0,40,2.289
119,40,0,3,1,4.095999989658594,4,4,0,0,40,0,0,40,2.289
120,2,0,0,0,8.191999979317188,1,1,0,0,10,0,0,10,0.37
120,2,0,1,0,31.74399957060814,1,1,0,0,10,0,0,10,0.37
120,2,0,2,0,8.191999979317188,1,1,0,0,10,0,0,10,0.37
120,2,0,3,0,6.144000217318535,1,1,0,0,10,0,0,10,0.37
120,24,0,0,0,8.191999979317188,1,1,0,0,10,0,0,10,0.55
120,24,0,1,0,30.719999223947525,1,1,0,0,10,0,0,10,0.55
120,24,0,2,0,8.191999979317188,1,1,0,0,10,0,0,10,0.55
120,24,0,3,0,4.095999989658594,1,1,0,0,10,0,0,10,0.55
120,40,0,0,1,9.216000325977802,1,1,0,0,10,0,0,10,0.4
120,40,0,1,1,35.840000957250595,1,1,0,0,10,0,0,10,0.4
120,40,0,2,1,9.216000325977802,1,1,0,0,10,0,0,10,0.4
120,40,0,3,1,4.095999989658594,1,1,0,0,10,0,0,10,0.4
121,2,0,0,0,9.216000325977802,2,2,0,0,20,0,0,20,1.17
121,2,0,1,0,51.19999870657921,2,2,0,0,20,0,0,20,1.17
121,2,0,2,0,9.216000325977802,2,2,0,0,20,0,0,20,1.17
121,2,0,3,0,5.119999870657921,2,2,0,0,20,0,0,20,1.17
121,24,0,0,0,8.191999979317188,2,2,0,1,19,0,0,20,61.369
121,24,0,1,0,51.19999870657921,2,2,0,1,19,0,0,20,61.369
121,24,0,2,0,9.216000325977802,2,2,0,1,19,0,0,20,61.369
121,24,0,3,0,4.095999989658594,2,2,0,1,19,0,0,20,61.369
121,40,0,0,1,9.216000325977802,2,2,0,0,20,0,0,20,0.94
121,40,0,1,1,51.19999870657921,2,2,0,0,20,0,0,20,0.94
121,40,0,2,1,9.216000325977802,2,2,0,0,20,0,0,20,0.94
121,40,0,3,1,4.095999989658594,2,2,0,0,20,0,0,20,0.94
122,2,0,0,0,16.383999958634377,4,4,0,1,39,0,0,40,65.81
122,2,0,1,0,88.06400001049042,4,4,0,1,39,0,0,40,65.81
122,2,0,2,0,9.216000325977802,4,4,0,1,39,0,0,40,65.81
122,2,0,3,0,5.119999870657921,4,4,0,1,39,0,0,40,65.81
122,24,0,0,0,8.191999979317188,4,4,0,0,40,0,0,40,2.42
122,24,0,1,0,69.63200122117996,4,4,0,0,40,0,0,40,2.42
122,24,0,2,0,9.216000325977802,4,4,0,0,40,0,0,40,2.42
122,24,0,3,0,4.095999989658594,4,4,0,0,40,0,0,40,2.42
122,40,0,0,1,15.359999611973763,4,4,0,3,37,0,0,40,397.229
122,40,0,1,1,91.13600105047226,4,4,0,3,37,0,0,40,397.229
122,40,0,2,1,10.239999741315842,4,4,0,3,37,0,0,40,397.229
122,40,0,3,1,283.6480140686035,4,4,0,3,37,0,0,40,397.229
123,2,0,0,0,14.336000196635723,4,4,0,3,37,0,0,40,312.839
123,2,0,1,0,81.91999793052673,4,4,0,3,37,0,0,40,312.839
123,2,0,2,0,9.216000325977802,4,4,0,3,37,0,0,40,312.839
123,2,0,3,0,203.77600193023682,4,4,0,3,37,0,0,40,312.839
123,24,0,0,0,8.191999979317188,4,4,0,0,40,0,0,40,4.22
123,24,0,1,0,93.18400174379349,4,4,0,0,40,0,0,40,4.22
123,24,0,2,0,9.216000325977802,4,4,0,0,40,0,0,40,4.22
123,24,0,3,0,4.095999989658594,4,4,0,0,40,0,0,40,4.22
123,40,0,0,1,15.359999611973763,4,4,0,1,39,0,0,40,73.4
123,40,0,1,1,97.28000313043594,4,4,0,1,39,0,0,40,73.4
123,40,0,2,1,9.216000325977802,4,4,0,1,39,0,0,40,73.4
123,40,0,3,1,4.095999989658594,4,4,0,1,39,0,0,40,73.4
124,2,0,0,0,8.191999979317188,4,4,0,3,36,1,0,40,159.59
124,2,0,1,0,75.77600330114365,4,4,0,3,36,1,0,40,159.59
124,2,0,2,0,167.93599724769592,4,4,0,3,36,1,0,40,159.59
124,2,0,3,0,5.119999870657921,4,4,0,3,36,1,0,40,159.59
124,24,0,0,0,2911.2319946289062,4,4,0,1,39,0,0,40,69.21
124,24,0,1,0,63.48799914121628,4,4,0,1,39,0,0,40,69.21
124,24,0,2,0,9.216000325977802,4,4,0,1,39,0,0,40,69.21
124,24,0,3,0,4.095999989658594,4,4,0,1,39,0,0,40,69.21
124,40,0,0,1,705.5360078811646,4,4,0,0,40,0,0,40,3.75
124,40,0,1,1,76.80000364780426,4,4,0,0,40,0,0,40,3.75
124,40,0,2,1,9.216000325977802,4,4,0,0,40,0,0,40,3.75
124,40,0,3,1,4.095999989658594,4,4,0,0,40,0,0,40,3.75
125,2,0,0,0,9.216000325977802,4,4,0,1,39,0,0,40,64.989
125,2,0,1,0,89.08800035715103,4,4,0,1,39,0,0,40,64.989
125,2,0,2,0,9.216000325977802,4,4,0,1,39,0,0,40,64.989
125,2,0,3,0,4.095999989658594,4,4,0,1,39,0,0,40,64.989
125,24,0,0,0,8.191999979317188,4,4,0,1,39,0,0,40,70.72
125,24,0,1,0,70.65600156784058,4,4,0,1,39,0,0,40,70.72
125,24,0,2,0,9.216000325977802,4,4,0,1,39,0,0,40,70.72
125,24,0,3,0,4.095999989658594,4,4,0,1,39,0,0,40,70.72
125,40,0,0,1,15.359999611973763,4,4,0,1,39,0,0,40,70.54
125,40,0,1,1,65.5359998345375,4,4,0,1,39,0,0,40,70.54
125,40,0,2,1,9.216000325977802,4,4,0,1,39,0,0,40,70.54
125,40,0,3,1,4.095999989658594,4,4,0,1,39,0,0,40,70.54
126,2,0,0,0,9.216000325977802,1,1,0,1,9,0,0,10,60.03
126,2,0,1,0,30.719999223947525,1,1,0,1,9,0,0,10,60.03
126,2,0,2,0,9.216000325977802,1,1,0,1,9,0,0,10,60.03
126,2,0,3,0,10.239999741315842,1,1,0,1,9,0,0,10,60.03
126,24,0,0,0,8.191999979317188,1,1,0,0,10,0,0,10,0.48
126,24,0,1,0,31.74399957060814,1,1,0,0,10,0,0,10,0.48
126,24,0,2,0,8.191999979317188,1,1,0,0,10,0,0,10,0.48
126,24,0,3,0,4.095999989658594,1,1,0,0,10,0,0,10,0.48
126,40,0,0,1,8.191999979317188,1,1,0,0,10,0,0,10,0.78
126,40,0,1,1,35.840000957250595,1,1,0,0,10,0,0,10,0.78
126,40,0,2,1,9.216000325977802,1,1,0,0,10,0,0,10,0.78
126,40,0,3,1,4.095999989658594,1,1,0,0,10,0,0,10,0.78
127,2,0,0,0,9.216000325977802,4,4,0,0,40,0,0,40,5.48
127,2,0,1,0,87.0399996638298,4,4,0,0,40,0,0,40,5.48
127,2,0,2,0,9.216000325977802,4,4,0,0,40,0,0,40,5.48
127,2,0,3,0,5.119999870657921,4,4,0,0,40,0,0,40,5.48
127,24,0,0,0,8.191999979317188,4,4,0,2,38,0,0,40,68.719
127,24,0,1,0,70.65600156784058,4,4,0,2,38,0,0,40,68.719
127,24,0,2,0,9.216000325977802,4,4,0,2,38,0,0,40,68.719
127,24,0,3,0,4.095999989658594,4,4,0,2,38,0,0,40,68.719
127,40,0,0,1,9.216000325977802,4,4,0,0,40,0,0,40,3.93
127,40,0,1,1,68.60800087451935,4,4,0,0,40,0,0,40,3.93
127,40,0,2,1,9.216000325977802,4,4,0,0,40,0,0,40,3.93
127,40,0,3,1,4.095999989658594,4,4,0,0,40,0,0,40,3.93
128,2,0,0,0,8.191999979317188,1,1,0,0,10,0,0,10,0.76
128,2,0,1,0,32.76799991726875,1,1,0,0,10,0,0,10,0.76
128,2,0,2,0,8.191999979317188,1,1,0,0,10,0,0,10,0.76
128,2,0,3,0,6.144000217318535,1,1,0,0,10,0,0,10,0.76
128,24,0,0,0,8.191999979317188,1,1,0,0,10,0,0,10,2.36
128,24,0,1,0,31.74399957060814,1,1,0,0,10,0,0,10,2.36
128,24,0,2,0,8.191999979317188,1,1,0,0,10,0,0,10,2.36
128,24,0,3,0,4.095999989658594,1,1,0,0,10,0,0,10,2.36
128,40,0,0,1,9.216000325977802,1,1,0,0,10,0,0,10,1.16
128,40,0,1,1,34.81600061058998,1,1,0,0,10,0,0,10,1.16
128,40,0,2,1,8.191999979317188,1,1,0,0,10,0,0,10,1.16
128,40,0,3,1,4.095999989658594,1,1,0,0,10,0,0,10,1.16
129,2,0,0,0,7.168000098317862,4,4,0,1,39,0,0,40,76.76
129,2,0,1,0,75.77600330114365,4,4,0,1,39,0,0,40,76.76
129,2,0,2,0,9.216000325977802,4,4,0,1,39,0,0,40,76.76
129,2,0,3,0,5.119999870657921,4,4,0,1,39,0,0,40,76.76
129,24,0,0,0,7.168000098317862,4,4,0,1,39,0,0,40,58.39
129,24,0,1,0,69.63200122117996,4,4,0,1,39,0,0,40,58.39
129,24,0,2,0,8.191999979317188,4,4,0,1,39,0,0,40,58.39
129,24,0,3,0,4.095999989658594,4,4,0,1,39,0,0,40,58.39
129,40,0,0,1,8.191999979317188,4,4,0,0,40,0,0,40,3.1
129,40,0,1,1,65.5359998345375,4,4,0,0,40,0,0,40,3.1
129,40,0,2,1,9.216000325977802,4,4,0,0,40,0,0,40,3.1
129,40,0,3,1,4.095999989658594,4,4,0,0,40,0,0,40,3.1
130,2,0,0,0,15.359999611973763,4,4,0,6,33,1,0,40,294.25
130,2,0,1,0,70.65600156784058,4,4,0,6,33,1,0,40,294.25
130,2,0,2,0,168.96000504493713,4,4,0,6,33,1,0,40,294.25
130,2,0,3,0,33.79200026392937,4,4,0,6,33,1,0,40,294.25
130,24,0,0,0,8.191999979317188,4,4,0,1,39,0,0,40,57.811
130,24,0,1,0,74.75200295448303,4,4,0,1,39,0,0,40,57.811
130,24,0,2,0,8.191999979317188,4,4,0,1,39,0,0,40,57.811
130,24,0,3,0,4.095999989658594,4,4,0,1,39,0,0,40,57.811
130,40,0,0,1,9.216000325977802,4,4,0,4,36,0,0,40,183.07
130,40,0,1,1,61.43999844789505,4,4,0,4,36,0,0,40,183.07
130,40,0,2,1,9.216000325977802,4,4,0,4,36,0,0,40,183.07
130,40,0,3,1,97.28000313043594,4,4,0,4,36,0,0,40,183.07
131,2,0,0,0,15.359999611973763,4,4,0,5,34,1,0,40,492.147
131,2,0,1,0,73.72800260782242,4,4,0,5,34,1,0,40,492.147
131,2,0,2,0,167.93599724769592,4,4,0,5,34,1,0,40,492.147
131,2,0,3,0,231.4240038394928,4,4,0,5,34,1,0,40,492.147
131,24,0,0,0,8.191999979317188,4,4,0,0,40,0,0,40,4.71
131,24,0,1,0,75.77600330114365,4,4,0,0,40,0,0,40,4.71
131,24,0,2,0,9.216000325977802,4,4,0,0,40,0,0,40,4.71
131,24,0,3,0,4.095999989658594,4,4,0,0,40,0,0,40,4.71
131,40,0,0,1,9.216000325977802,4,4,0,0,40,0,0,40,4.44
131,40,0,1,1,82.94399827718735,4,4,0,0,40,0,0,40,4.44
131,40,0,2,1,9.216000325977802,4,4,0,0,40,0,0,40,4.44
131,40,0,3,1,4.095999989658594,4,4,0,0,40,0,0,40,4.44
132,2,0,0,0,8.191999979317188,4,4,0,1,39,0,0,40,69.85
132,2,0,1,0,74.75200295448303,4,4,0,1,39,0,0,40,69.85
132,2,0,2,0,9.216000325977802,4,4,0,1,39,0,0,40,69.85
132,2,0,3,0,4.095999989658594,4,4,0,1,39,0,0,40,69.85
132,24,0,0,0,4028.416156768799,4,4,0,0,40,0,0,40,5.04
132,24,0,1,0,60.416001826524734,4,4,0,0,40,0,0,40,5.04
132,24,0,2,0,9.216000325977802,4,4,0,0,40,0,0,40,5.04
132,24,0,3,0,4.095999989658594,4,4,0,0,40,0,0,40,5.04
132,40,0,0,1,9.216000325977802,4,4,0,0,40,0,0,40,2.53
132,40,0,1,1,67.58400052785873,4,4,0,0,40,0,0,40,2.53
132,40,0,2,1,9.216000325977802,4,4,0,0,40,0,0,40,2.53
132,40,0,3,1,4.095999989658594,4,4,0,0,40,0,0,40,2.53
133,2,0,0,0,15.359999611973763,4,4,0,0,40,0,0,40,2.34
133,2,0,1,0,83.96799862384796,4,4,0,0,40,0,0,40,2.34
133,2,0,2,0,9.216000325977802,4,4,0,0,40,0,0,40,2.34
133,2,0,3,0,6.144000217318535,4,4,0,0,40,0,0,40,2.34
133,24,0,0,0,8.191999979317188,4,4,0,0,40,0,0,40,2.88
133,24,0,1,0,59.39200147986412,4,4,0,0,40,0,0,40,2.88
133,24,0,2,0,9.216000325977802,4,4,0,0,40,0,0,40,2.88
133,24,0,3,0,4.095999989658594,4,4,0,0,40,0,0,40,2.88
133,40,0,0,1,9.216000325977802,4,4,0,0,40,0,0,40,2.04
133,40,0,1,1,60.416001826524734,4,4,0,0,40,0,0,40,2.04
133,40,0,2,1,9.216000325977802,4,4,0,0,40,0,0,40,2.04
133,40,0,3,1,4.095999989658594,4,4,0,0,40,0,0,40,2.04
134,2,0,0,0,14.336000196635723,4,4,0,3,37,0,0,40,354.179
134,2,0,1,0,72.7040022611618,4,4,0,3,37,0,0,40,354.179
134,2,0,2,0,8.191999979317188,4,4,0,3,37,0,0,40,354.179
134,2,0,3,0,253.9519965648651,4,4,0,3,37,0,0,40,354.179
134,24,0,0,0,8.191999979317188,4,4,0,0,40,0,0,40,4.5
134,24,0,1,0,73.72800260782242,4,4,0,0,40,0,0,40,4.5
134,24,0,2,0,9.216000325977802,4,4,0,0,40,0,0,40,4.5
134,24,0,3,0,4.095999989658594,4,4,0,0,40,0,0,40,4.5
134,40,0,0,1,15.359999611973763,4,4,0,2,38,0,0,40,92.949
134,40,0,1,1,63.48799914121628,4,4,0,2,38,0,0,40,92.949
134,40,0,2,1,9.216000325977802,4,4,0,2,38,0,0,40,92.949
134,40,0,3,1,5.119999870657921,4,4,0,2,38,0,0,40,92.949
135,2,0,0,0,9.216000325977802,1,1,0,0,10,0,0,10,0.98
135,2,0,1,0,32.76799991726875,1,1,0,0,10,0,0,10,0.98
135,2,0,2,0,9.216000325977802,1,1,0,0,10,0,0,10,0.98
135,2,0,3,0,5.119999870657921,1,1,0,0,10,0,0,10,0.98
135,24,0,0,0,9.216000325977802,1,1,0,0,10,0,0,10,0.48
135,24,0,1,0,31.74399957060814,1,1,0,0,10,0,0,10,0.48
135,24,0,2,0,9.216000325977802,1,1,0,0,10,0,0,10,0.48
135,24,0,3,0,4.095999989658594,1,1,0,0,10,0,0,10,0.48
135,40,0,0,1,8.191999979317188,1,1,0,0,10,0,0,10,0.64
135,40,0,1,1,35.840000957250595,1,1,0,0,10,0,0,10,0.64
135,40,0,2,1,8.191999979317188,1,1,0,0,10,0,0,10,0.64
135,40,0,3,1,4.095999989658594,1,1,0,0,10,0,0,10,0.64
136,2,0,0,0,9.216000325977802,4,4,0,1,39,0,0,40,126.749
136,2,0,1,0,82.94399827718735,4,4,0,1,39,0,0,40,126.749
136,2,0,2,0,9.216000325977802,4,4,0,1,39,0,0,40,126.749
136,2,0,3,0,20.479999482631683,4,4,0,1,39,0,0,40,126.749
136,24,0,0,0,9.216000325977802,4,4,0,0,40,0,0,40,1.93
136,24,0,1,0,80.89599758386612,4,4,0,0,40,0,0,40,1.93
136,24,0,2,0,9.216000325977802,4,4,0,0,40,0,0,40,1.93
136,24,0,3,0,4.095999989658594,4,4,0,0,40,0,0,40,1.93
136,40,0,0,1,9.216000325977802,4,4,0,2,38,0,0,40,75.299
136,40,0,1,1,74.75200295448303,4,4,0,2,38,0,0,40,75.299
136,40,0,2,1,9.216000325977802,4,4,0,2,38,0,0,40,75.299
136,40,0,3,1,4.095999989658594,4,4,0,2,38,0,0,40,75.299
137,2,0,0,0,9.216000325977802,4,4,0,4,35,1,0,40,301.079
137,2,0,1,0,74.75200295448303,4,4,0,4,35,1,0,40,301.079
137,2,0,2,0,162.81600296497345,4,4,0,4,35,1,0,40,301.079
137,2,0,3,0,50.175998359918594,4,4,0,4,35,1,0,40,301.079
137,24,0,0,0,9.216000325977802,4,4,0,0,40,0,0,40,2.78
137,24,0,1,0,70.65600156784058,4,4,0,0,40,0,0,40,2.78
137,24,0,2,0,9.216000325977802,4,4,0,0,40,0,0,40,2.78
137,24,0,3,0,4.095999989658594,4,4,0,0,40,0,0,40,2.78
137,40,0,0,1,16.383999958634377,4,4,0,2,38,0,0,40,115.39
137,40,0,1,1,60.416001826524734,4,4,0,2,38,0,0,40,115.39
137,40,0,2,1,9.216000325977802,4,4,0,2,38,0,0,40,115.39
137,40,0,3,1,25.599999353289604,4,4,0,2,38,0,0,40,115.39
138,2,0,0,0,9.216000325977802,3,3,0,1,29,0,0,30,59.45
138,2,0,1,0,65.5359998345375,3,3,0,1,29,0,0,30,59.45
138,2,0,2,0,8.191999979317188,3,3,0,1,29,0,0,30,59.45
138,2,0,3,0,5.119999870657921,3,3,0,1,29,0,0,30,59.45
138,24,0,0,0,9.216000325977802,3,3,0,1,29,0,0,30,55.829
138,24,0,1,0,53.247999399900436,3,3,0,1,29,0,0,30,55.829
138,24,0,2,0,9.216000325977802,3,3,0,1,29,0,0,30,55.829
138,24,0,3,0,4.095999989658594,3,3,0,1,29,0,0,30,55.829
138,40,0,0,1,9.216000325977802,3,3,0,1,29,0,0,30,66.251
138,40,0,1,1,61.43999844789505,3,3,0,1,29,0,0,30,66.251
138,40,0,2,1,9.216000325977802,3,3,0,1,29,0,0,30,66.251
138,40,0,3,1,5.119999870657921,3,3,0,1,29,0,0,30,66.251
139,2,0,0,0,9.216000325977802,4,4,0,4,35,1,0,40,289.358
139,2,0,1,0,73.72800260782242,4,4,0,4,35,1,0,40,289.358
139,2,0,2,0,168.96000504493713,4,4,0,4,35,1,0,40,289.358
139,2,0,3,0,34.81600061058998,4,4,0,4,35,1,0,40,289.358
139,24,0,0,0,8.191999979317188,4,4,0,2,38,0,0,40,560.978
139,24,0,1,0,62.463998794555664,4,4,0,2,38,0,0,40,560.978
139,24,0,2,0,9.216000325977802,4,4,0,2,38,0,0,40,560.978
139,24,0,3,0,476.1599898338318,4,4,0,2,38,0,0,40,560.978
139,40,0,0,1,15.359999611973763,4,4,0,2,38,0,0,40,373.338
139,40,0,1,1,59.39200147986412,4,4,0,2,38,0,0,40,373.338
139,40,0,2,1,9.216000325977802,4,4,0,2,38,0,0,40,373.338
139,40,0,3,1,286.72000765800476,4,4,0,2,38,0,0,40,373.338
140,2,0,0,0,358.39998722076416,4,4,0,1,39,0,0,40,154.939
140,2,0,1,0,91.13600105047226,4,4,0,1,39,0,0,40,154.939
140,2,0,2,0,9.216000325977802,4,4,0,1,39,0,0,40,154.939
140,2,0,3,0,45.05600035190582,4,4,0,1,39,0,0,40,154.939
140,24,0,0,0,9.216000325977802,4,4,0,0,40,0,0,40,2.509
140,24,0,1,0,58.36800113320351,4,4,0,0,40,0,0,40,2.509
140,24,0,2,0,9.216000325977802,4,4,0,0,40,0,0,40,2.509
140,24,0,3,0,4.095999989658594,4,4,0,0,40,0,0,40,2.509
140,40,0,0,1,1336.3200426101685,4,4,0,0,40,0,0,40,2.06
140,40,0,1,1,53.247999399900436,4,4,0,0,40,0,0,40,2.06
140,40,0,2,1,9.216000325977802,4,4,0,0,40,0,0,40,2.06
140,40,0,3,1,4.095999989658594,4,4,0,0,40,0,0,40,2.06
141,2,0,0,0,14.336000196635723,4,4,0,0,40,0,0,40,3.06
141,2,0,1,0,77.82399654388428,4,4,0,0,40,0,0,40,3.06
141,2,0,2,0,8.191999979317188,4,4,0,0,40,0,0,40,3.06
141,2,0,3,0,7.168000098317862,4,4,0,0,40,0,0,40,3.06
141,24,0,0,0,8.191999979317188,4,4,0,1,39,0,0,40,59.21
141,24,0,1,0,51.19999870657921,4,4,0,1,39,0,0,40,59.21
141,24,0,2,0,9.216000325977802,4,4,0,1,39,0,0,40,59.21
141,24,0,3,0,4.095999989658594,4,4,0,1,39,0,0,40,59.21
141,40,0,0,1,15.359999611973763,4,4,0,1,39,0,0,40,69.0
141,40,0,1,1,73.72800260782242,4,4,0,1,39,0,0,40,69.0
141,40,0,2,1,9.216000325977802,4,4,0,1,39,0,0,40,69.0
141,40,0,3,1,4.095999989658594,4,4,0,1,39,0,0,40,69.0
142,2,0,0,0,10.239999741315842,2,2,0,2,18,0,0,20,94.859
142,2,0,1,0,46.08000069856644,2,2,0,2,18,0,0,20,94.859
142,2,0,2,0,9.216000325977802,2,2,0,2,18,0,0,20,94.859
142,2,0,3,0,28.672000393271446,2,2,0,2,18,0,0,20,94.859
142,24,0,0,0,15.359999611973763,2,2,0,3,16,1,0,20,133.169
142,24,0,1,0,43.007999658584595,2,2,0,3,16,1,0,20,133.169
142,24,0,2,0,168.96000504493713,2,2,0,3,16,1,0,20,133.169
142,24,0,3,0,4.095999989658594,2,2,0,3,16,1,0,20,133.169
142,40,0,0,1,11.264000087976456,2,2,0,0,20,0,0,20,1.06
142,40,0,1,1,51.19999870657921,2,2,0,0,20,0,0,20,1.06
142,40,0,2,1,9.216000325977802,2,2,0,0,20,0,0,20,1.06
142,40,0,3,1,3.0720001086592674,2,2,0,0,20,0,0,20,1.06
143,2,0,0,0,9.216000325977802,4,4,0,7,32,1,0,40,279.739
143,2,0,1,0,73.72800260782242,4,4,0,7,32,1,0,40,279.739
143,2,0,2,0,168.96000504493713,4,4,0,7,32,1,0,40,279.739
143,2,0,3,0,22.52800017595291,4,4,0,7,32,1,0,40,279.739
143,24,0,0,0,8.191999979317188,4,4,0,1,39,0,0,40,60.54
143,24,0,1,0,74.75200295448303,4,4,0,1,39,0,0,40,60.54
143,24,0,2,0,9.216000325977802,4,4,0,1,39,0,0,40,60.54
143,24,0,3,0,3.0720001086592674,4,4,0,1,39,0,0,40,60.54
143,40,0,0,1,3041.2800312042236,4,4,0,0,40,0,0,40,4.55
143,40,0,1,1,68.60800087451935,4,4,0,0,40,0,0,40,4.55
143,40,0,2,1,8.191999979317188,4,4,0,0,40,0,0,40,4.55
143,40,0,3,1,4.095999989658594,4,4,0,0,40,0,0,40,4.55
144,2,0,0,0,15.359999611973763,4,4,0,3,37,0,0,40,335.359
144,2,0,1,0,73.72800260782242,4,4,0,3,37,0,0,40,335.359
144,2,0,2,0,9.216000325977802,4,4,0,3,37,0,0,40,335.359
144,2,0,3,0,235.52000522613525,4,4,0,3,37,0,0,40,335.359
144,24,0,0,0,9.216000325977802,4,4,0,4,36,0,0,40,109.96
144,24,0,1,0,66.56000018119812,4,4,0,4,36,0,0,40,109.96
144,24,0,2,0,9.216000325977802,4,4,0,4,36,0,0,40,109.96
144,24,0,3,0,27.648000046610832,4,4,0,4,36,0,0,40,109.96
144,40,0,0,1,9.216000325977802,4,4,0,0,40,0,0,40,2.19
144,40,0,1,1,63.48799914121628,4,4,0,0,40,0,0,40,2.19
144,40,0,2,1,9.216000325977802,4,4,0,0,40,0,0,40,2.19
144,40,0,3,1,4.095999989658594,4,4,0,0,40,0,0,40,2.19
145,2,0,0,0,8.191999979317188,3,3,0,3,27,0,0,30,273.81
145,2,0,1,0,63.48799914121628,3,3,0,3,27,0,0,30,273.81
145,2,0,2,0,8.191999979317188,3,3,0,3,27,0,0,30,273.81
145,2,0,3,0,191.48799777030945,3,3,0,3,27,0,0,30,273.81
145,24,0,0,0,9.216000325977802,3,3,0,0,30,0,0,30,1.91
145,24,0,1,0,58.36800113320351,3,3,0,0,30,0,0,30,1.91
145,24,0,2,0,9.216000325977802,3,3,0,0,30,0,0,30,1.91
145,24,0,3,0,4.095999989658594,3,3,0,0,30,0,0,30,1.91
145,40,0,0,1,9.216000325977802,3,3,0,0,30,0,0,30,1.509
145,40,0,1,1,56.32000043988228,3,3,0,0,30,0,0,30,1.509
145,40,0,2,1,9.216000325977802,3,3,0,0,30,0,0,30,1.509
145,40,0,3,1,4.095999989658594,3,3,0,0,30,0,0,30,1.509
146,2,0,0,0,9.216000325977802,4,4,0,0,40,0,0,40,3.589
146,2,0,1,0,72.7040022611618,4,4,0,0,40,0,0,40,3.589
146,2,0,2,0,8.191999979317188,4,4,0,0,40,0,0,40,3.589
146,2,0,3,0,4.095999989658594,4,4,0,0,40,0,0,40,3.589
146,24,0,0,0,10.239999741315842,4,4,0,0,40,0,0,40,2.71
146,24,0,1,0,78.84799689054489,4,4,0,0,40,0,0,40,2.71
146,24,0,2,0,9.216000325977802,4,4,0,0,40,0,0,40,2.71
146,24,0,3,0,4.095999989658594,4,4,0,0,40,0,0,40,2.71
146,40,0,0,1,8.191999979317188,4,4,0,1,39,0,0,40,86.449
146,40,0,1,1,76.80000364780426,4,4,0,1,39,0,0,40,86.449
146,40,0,2,1,8.191999979317188,4,4,0,1,39,0,0,40,86.449
146,40,0,3,1,4.095999989658594,4,4,0,1,39,0,0,40,86.449
147,2,0,0,0,16.383999958634377,4,4,0,2,38,0,0,40,96.33
147,2,0,1,0,82.94399827718735,4,4,0,2,38,0,0,40,96.33
147,2,0,2,0,9.216000325977802,4,4,0,2,38,0,0,40,96.33
147,2,0,3,0,5.119999870657921,4,4,0,2,38,0,0,40,96.33
147,24,0,0,0,8.191999979317188,4,4,0,0,40,0,0,40,2.289
147,24,0,1,0,67.58400052785873,4,4,0,0,40,0,0,40,2.289
147,24,0,2,0,9.216000325977802,4,4,0,0,40,0,0,40,2.289
147,24,0,3,0,4.095999989658594,4,4,0,0,40,0,0,40,2.289
147,40,0,0,1,9.216000325977802,4,4,0,0,40,0,0,40,1.56
147,40,0,1,1,57.34400078654289,4,4,0,0,40,0,0,40,1.56
147,40,0,2,1,9.216000325977802,4,4,0,0,40,0,0,40,1.56
147,40,0,3,1,3.0720001086592674,4,4,0,0,40,0,0,40,1.56
148,2,0,0,0,15.359999611973763,4,4,0,1,39,0,0,40,65.519
148,2,0,1,0,82.94399827718735,4,4,0,1,39,0,0,40,65.519
148,2,0,2,0,9.216000325977802,4,4,0,1,39,0,0,40,65.519
148,2,0,3,0,5.119999870657921,4,4,0,1,39,0,0,40,65.519
148,24,0,0,0,8.191999979317188,4,4,0,0,40,0,0,40,2.13
148,24,0,1,0,68.60800087451935,4,4,0,0,40,0,0,40,2.13
148,24,0,2,0,9.216000325977802,4,4,0,0,40,0,0,40,2.13
148,24,0,3,0,3.0720001086592674,4,4,0,0,40,0,0,40,2.13
148,40,0,0,1,9.216000325977802,4,4,0,0,40,0,0,40,1.72
148,40,0,1,1,68.60800087451935,4,4,0,0,40,0,0,40,1.72
148,40,0,2,1,8.191999979317188,4,4,0,0,40,0,0,40,1.72
148,40,0,3,1,4.095999989658594,4,4,0,0,40,0,0,40,1.72
149,2,0,0,0,15.359999611973763,4,4,0,4,35,1,0,40,194.29
149,2,0,1,0,79.8719972372055,4,4,0,4,35,1,0,40,194.29
149,2,0,2,0,166.9120043516159,4,4,0,4,35,1,0,40,194.29
149,2,0,3,0,6.144000217318535,4,4,0,4,35,1,0,40,194.29
149,24,0,0,0,8.191999979317188,4,4,0,2,38,0,0,40,75.1
149,24,0,1,0,81.91999793052673,4,4,0,2,38,0,0,40,75.1
149,24,0,2,0,9.216000325977802,4,4,0,2,38,0,0,40,75.1
149,24,0,3,0,4.095999989658594,4,4,0,2,38,0,0,40,75.1
149,40,0,0,1,9.216000325977802,4,4,0,0,40,0,0,40,4.029
149,40,0,1,1,99.32799637317657,4,4,0,0,40,0,0,40,4.029
149,40,0,2,1,9.216000325977802,4,4,0,0,40,0,0,40,4.029
149,40,0,3,1,4.095999989658594,4,4,0,0,40,0,0,40,4.029
150,2,0,0,0,15.359999611973763,4,4,0,4,35,1,0,40,141.099
150,2,0,1,0,70.65600156784058,4,4,0,4,35,1,0,40,141.099
150,2,0,2,0,166.9120043516159,4,4,0,4,35,1,0,40,141.099
150,2,0,3,0,5.119999870657921,4,4,0,4,35,1,0,40,141.099
150,24,0,0,0,8.191999979317188,4,4,0,0,40,0,0,40,2.809
150,24,0,1,0,63.48799914121628,4,4,0,0,40,0,0,40,2.809
150,24,0,2,0,9.216000325977802,4,4,0,0,40,0,0,40,2.809
150,24,0,3,0,4.095999989658594,4,4,0,0,40,0,0,40,2.809
150,40,0,0,1,8.191999979317188,4,4,0,0,40,0,0,40,3.12
150,40,0,1,1,55.296000093221664,4,4,0,0,40,0,0,40,3.12
150,40,0,2,1,9.216000325977802,4,4,0,0,40,0,0,40,3.12
150,40,0,3,1,4.095999989658594,4,4,0,0,40,0,0,40,3.12
151,2,0,0,0,788.4799838066101,4,4,0,0,40,0,0,40,2.849
151,2,0,1,0,84.99199897050858,4,4,0,0,40,0,0,40,2.849
151,2,0,2,0,9.216000325977802,4,4,0,0,40,0,0,40,2.849
151,2,0,3,0,4.095999989658594,4,4,0,0,40,0,0,40,2.849
151,24,0,0,0,8.191999979317188,4,4,0,2,38,0,0,40,100.979
151,24,0,1,0,66.56000018119812,4,4,0,2,38,0,0,40,100.979
151,24,0,2,0,9.216000325977802,4,4,0,2,38,0,0,40,100.979
151,24,0,3,0,12.28800043463707,4,4,0,2,38,0,0,40,100.979
151,40,0,0,1,15.359999611973763,4,4,0,2,38,0,0,40,128.529
151,40,0,1,1,89.08800035715103,4,4,0,2,38,0,0,40,128.529
151,40,0,2,1,9.216000325977802,4,4,0,2,38,0,0,40,128.529
151,40,0,3,1,9.216000325977802,4,4,0,2,38,0,0,40,128.529
152,2,0,0,0,15.359999611973763,4,4,0,1,39,0,0,40,66.71
152,2,0,1,0,68.60800087451935,4,4,0,1,39,0,0,40,66.71
152,2,0,2,0,9.216000325977802,4,4,0,1,39,0,0,40,66.71
152,2,0,3,0,5.119999870657921,4,4,0,1,39,0,0,40,66.71
152,24,0,0,0,9.216000325977802,4,4,0,1,39,0,0,40,2483.11
152,24,0,1,0,70.65600156784058,4,4,0,1,39,0,0,40,2483.11
152,24,0,2,0,8.191999979317188,4,4,0,1,39,0,0,40,2483.11
152,24,0,3,0,2391.040086746216,4,4,0,1,39,0,0,40,2483.11
152,40,0,0,1,9.216000325977802,4,4,0,2,38,0,0,40,109.87
152,40,0,1,1,84.99199897050858,4,4,0,2,38,0,0,40,109.87
152,40,0,2,1,10.239999741315842,4,4,0,2,38,0,0,40,109.87
152,40,0,3,1,4.095999989658594,4,4,0,2,38,0,0,40,109.87
153,2,0,0,0,9.216000325977802,1,1,0,1,9,0,0,10,49.269
153,2,0,1,0,30.719999223947525,1,1,0,1,9,0,0,10,49.269
153,2,0,2,0,8.191999979317188,1,1,0,1,9,0,0,10,49.269
153,2,0,3,0,5.119999870657921,1,1,0,1,9,0,0,10,49.269
153,24,0,0,0,1866.752028465271,1,1,0,0,10,0,0,10,0.93
153,24,0,1,0,31.74399957060814,1,1,0,0,10,0,0,10,0.93
153,24,0,2,0,9.216000325977802,1,1,0,0,10,0,0,10,0.93
153,24,0,3,0,4.095999989658594,1,1,0,0,10,0,0,10,0.93
153,40,0,0,1,8.191999979317188,1,1,0,0,10,0,0,10,0.52
153,40,0,1,1,35.840000957250595,1,1,0,0,10,0,0,10,0.52
153,40,0,2,1,9.216000325977802,1,1,0,0,10,0,0,10,0.52
153,40,0,3,1,4.095999989658594,1,1,0,0,10,0,0,10,0.52
154,2,0,0,0,9.216000325977802,4,4,0,3,37,0,0,40,367.1
154,2,0,1,0,70.65600156784058,4,4,0,3,37,0,0,40,367.1
154,2,0,2,0,9.216000325977802,4,4,0,3,37,0,0,40,367.1
154,2,0,3,0,282.6240062713623,4,4,0,3,37,0,0,40,367.1
154,24,0,0,0,8.191999979317188,4,4,0,2,38,0,0,40,100.55
154,24,0,1,0,81.91999793052673,4,4,0,2,38,0,0,40,100.55
154,24,0,2,0,8.191999979317188,4,4,0,2,38,0,0,40,100.55
154,24,0,3,0,4.095999989658594,4,4,0,2,38,0,0,40,100.55
154,40,0,0,1,3612.6720905303955,4,4,0,0,40,0,0,40,3.23
154,40,0,1,1,78.84799689054489,4,4,0,0,40,0,0,40,3.23
154,40,0,2,1,9.216000325977802,4,4,0,0,40,0,0,40,3.23
154,40,0,3,1,4.095999989658594,4,4,0,0,40,0,0,40,3.23
155,2,0,0,0,9.216000325977802,3,3,0,1,29,0,0,30,69.48
155,2,0,1,0,64.51199948787689,3,3,0,1,29,0,0,30,69.48
155,2,0,2,0,8.191999979317188,3,3,0,1,29,0,0,30,69.48
155,2,0,3,0,5.119999870657921,3,3,0,1,29,0,0,30,69.48
155,24,0,0,0,8.191999979317188,3,3,0,0,30,0,0,30,2.06
155,24,0,1,0,58.36800113320351,3,3,0,0,30,0,0,30,2.06
155,24,0,2,0,9.216000325977802,3,3,0,0,30,0,0,30,2.06
155,24,0,3,0,4.095999989658594,3,3,0,0,30,0,0,30,2.06
155,40,0,0,1,9.216000325977802,3,3,0,0,30,0,0,30,1.98
155,40,0,1,1,63.48799914121628,3,3,0,0,30,0,0,30,1.98
155,40,0,2,1,9.216000325977802,3,3,0,0,30,0,0,30,1.98
155,40,0,3,1,4.095999989658594,3,3,0,0,30,0,0,30,1.98
156,2,0,0,0,15.359999611973763,4,4,0,1,39,0,0,40,64.76
156,2,0,1,0,77.82399654388428,4,4,0,1,39,0,0,40,64.76
156,2,0,2,0,9.216000325977802,4,4,0,1,39,0,0,40,64.76
156,2,0,3,0,4.095999989658594,4,4,0,1,39,0,0,40,64.76
156,24,0,0,0,9.216000325977802,4,4,0,0,40,0,0,40,2.72
156,24,0,1,0,74.75200295448303,4,4,0,0,40,0,0,40,2.72
156,24,0,2,0,9.216000325977802,4,4,0,0,40,0,0,40,2.72
156,24,0,3,0,4.095999989658594,4,4,0,0,40,0,0,40,2.72
156,40,0,0,1,9.216000325977802,4,4,0,1,39,0,0,40,80.169
156,40,0,1,1,70.65600156784058,4,4,0,1,39,0,0,40,80.169
156,40,0,2,1,9.216000325977802,4,4,0,1,39,0,0,40,80.169
156,40,0,3,1,4.095999989658594,4,4,0,1,39,0,0,40,80.169
157,2,0,0,0,9.216000325977802,1,1,0,0,10,0,0,10,0.91
157,2,0,1,0,31.74399957060814,1,1,0,0,10,0,0,10,0.91
157,2,0,2,0,9.216000325977802,1,1,0,0,10,0,0,10,0.91
157,2,0,3,0,4.095999989658594,1,1,0,0,10,0,0,10,0.91
157,24,0,0,0,9.216000325977802,1,1,0,0,10,0,0,10,2.051
157,24,0,1,0,31.74399957060814,1,1,0,0,10,0,0,10,2.051
157,24,0,2,0,9.216000325977802,1,1,0,0,10,0,0,10,2.051
157,24,0,3,0,4.095999989658594,1,1,0,0,10,0,0,10,2.051
157,40,0,0,1,8.191999979317188,1,1,0,1,9,0,0,10,79.05
157,40,0,1,1,33.79200026392937,1,1,0,1,9,0,0,10,79.05
157,40,0,2,1,9.216000325977802,1,1,0,1,9,0,0,10,79.05
157,40,0,3,1,23.552000522613525,1,1,0,1,9,0,0,10,79.05
158,2,0,0,0,9.216000325977802,1,1,0,3,6,1,0,10,137.68
158,2,0,1,0,23.552000522613525,1,1,0,3,6,1,0,10,137.68
158,2,0,2,0,168.96000504493713,1,1,0,3,6,1,0,10,137.68
158,2,0,3,0,5.119999870657921,1,1,0,3,6,1,0,10,137.68
158,24,0,0,0,9.216000325977802,1,1,0,0,10,0,0,10,0.58
158,24,0,1,0,31.74399957060814,1,1,0,0,10,0,0,10,0.58
158,24,0,2,0,8.191999979317188,1,1,0,0,10,0,0,10,0.58
158,24,0,3,0,4.095999989658594,1,1,0,0,10,0,0,10,0.58
158,40,0,0,1,8.191999979317188,1,1,0,1,9,0,0,10,50.68
158,40,0,1,1,33.79200026392937,1,1,0,1,9,0,0,10,50.68
158,40,0,2,1,9.216000325977802,1,1,0,1,9,0,0,10,50.68
158,40,0,3,1,5.119999870657921,1,1,0,1,9,0,0,10,50.68
159,2,0,0,0,3358.720064163208,4,4,0,3,36,1,0,40,143.649
159,2,0,1,0,62.463998794555664,4,4,0,3,36,1,0,40,143.649
159,2,0,2,0,167.93599724769592,4,4,0,3,36,1,0,40,143.649
159,2,0,3,0,5.119999870657921,4,4,0,3,36,1,0,40,143.649
159,24,0,0,0,7.168000098317862,4,4,0,1,39,0,0,40,86.149
159,24,0,1,0,53.247999399900436,4,4,0,1,39,0,0,40,86.149
159,24,0,2,0,9.216000325977802,4,4,0,1,39,0,0,40,86.149
159,24,0,3,0,11.264000087976456,4,4,0,1,39,0,0,40,86.149
159,40,0,0,1,8.191999979317188,4,4,0,1,39,0,0,40,67.969
159,40,0,1,1,69.63200122117996,4,4,0,1,39,0,0,40,67.969
159,40,0,2,1,9.216000325977802,4,4,0,1,39,0,0,40,67.969
159,40,0,3,1,4.095999989658594,4,4,0,1,39,0,0,40,67.969
160,2,0,0,0,431.10400438308716,4,4,0,9,29,2,0,40,341.959
160,2,0,1,0,57.34400078654289,4,4,0,9,29,2,0,40,341.959
160,2,0,2,0,316.4159953594208,4,4,0,9,29,2,0,40,341.959
160,2,0,3,0,6.144000217318535,4,4,0,9,29,2,0,40,341.959
160,24,0,0,0,8.191999979317188,4,4,0,2,38,0,0,40,62.59
160,24,0,1,0,65.5359998345375,4,4,0,2,38,0,0,40,62.59
160,24,0,2,0,9.216000325977802,4,4,0,2,38,0,0,40,62.59
160,24,0,3,0,4.095999989658594,4,4,0,2,38,0,0,40,62.59
160,40,0,0,1,16.383999958634377,4,4,0,1,39,0,0,40,68.7
160,40,0,1,1,76.80000364780426,4,4,0,1,39,0,0,40,68.7
160,40,0,2,1,8.191999979317188,4,4,0,1,39,0,0,40,68.7
160,40,0,3,1,4.095999989658594,4,4,0,1,39,0,0,40,68.7
161,2,0,0,0,31.74399957060814,2,2,0,4,15,1,0,20,133.679
161,2,0,1,0,43.007999658584595,2,2,0,4,15,1,0,20,133.679
161,2,0,2,0,168.96000504493713,2,2,0,4,15,1,0,20,133.679
161,2,0,3,0,5.119999870657921,2,2,0,4,15,1,0,20,133.679
161,24,0,0,0,8.191999979317188,2,2,0,0,20,0,0,20,1.38
161,24,0,1,0,53.247999399900436,2,2,0,0,20,0,0,20,1.38
161,24,0,2,0,9.216000325977802,2,2,0,0,20,0,0,20,1.38
161,24,0,3,0,4.095999989658594,2,2,0,0,20,0,0,20,1.38
161,40,0,0,1,11.264000087976456,2,2,0,0,20,0,0,20,2.44
161,40,0,1,1,57.34400078654289,2,2,0,0,20,0,0,20,2.44
161,40,0,2,1,10.239999741315842,2,2,0,0,20,0,0,20,2.44
161,40,0,3,1,4.095999989658594,2,2,0,0,20,0,0,20,2.44
162,2,0,0,0,8.191999979317188,4,4,0,3,37,0,0,40,143.259
162,2,0,1,0,83.96799862384796,4,4,0,3,37,0,0,40,143.259
162,2,0,2,0,9.216000325977802,4,4,0,3,37,0,0,40,143.259
162,2,0,3,0,37.88800165057182,4,4,0,3,37,0,0,40,143.259
162,24,0,0,0,8.191999979317188,4,4,0,0,40,0,0,40,3.53
162,24,0,1,0,58.36800113320351,4,4,0,0,40,0,0,40,3.53
162,24,0,2,0,9.216000325977802,4,4,0,0,40,0,0,40,3.53
162,24,0,3,0,4.095999989658594,4,4,0,0,40,0,0,40,3.53
162,40,0,0,1,15.359999611973763,4,4,0,1,39,0,0,40,68.869
162,40,0,1,1,62.463998794555664,4,4,0,1,39,0,0,40,68.869
162,40,0,2,1,9.216000325977802,4,4,0,1,39,0,0,40,68.869
162,40,0,3,1,4.095999989658594,4,4,0,1,39,0,0,40,68.869
163,2,0,0,0,16.383999958634377,4,4,0,1,39,0,0,40,62.639
163,2,0,1,0,74.75200295448303,4,4,0,1,39,0,0,40,62.639
163,2,0,2,0,9.216000325977802,4,4,0,1,39,0,0,40,62.639
163,2,0,3,0,4.095999989658594,4,4,0,1,39,0,0,40,62.639
163,24,0,0,0,8.191999979317188,4,4,0,0,40,0,0,40,2.33
163,24,0,1,0,62.463998794555664,4,4,0,0,40,0,0,40,2.33
163,24,0,2,0,8.191999979317188,4,4,0,0,40,0,0,40,2.33
163,24,0,3,0,4.095999989658594,4,4,0,0,40,0,0,40,2.33
163,40,0,0,1,8.191999979317188,4,4,0,1,39,0,0,40,94.869
163,40,0,1,1,73.72800260782242,4,4,0,1,39,0,0,40,94.869
163,40,0,2,1,9.216000325977802,4,4,0,1,39,0,0,40,94.869
163,40,0,3,1,5.119999870657921,4,4,0,1,39,0,0,40,94.869
164,2,0,0,0,9.216000325977802,3,3,0,2,28,0,0,30,159.93
164,2,0,1,0,53.247999399900436,3,3,0,2,28,0,0,30,159.93
164,2,0,2,0,9.216000325977802,3,3,0,2,28,0,0,30,159.93
164,2,0,3,0,97.28000313043594,3,3,0,2,28,0,0,30,159.93
164,24,0,0,0,888.8319730758667,3,3,0,0,30,0,0,30,3.89
164,24,0,1,0,56.32000043988228,3,3,0,0,30,0,0,30,3.89
164,24,0,2,0,9.216000325977802,3,3,0,0,30,0,0,30,3.89
164,24,0,3,0,4.095999989658594,3,3,0,0,30,0,0,30,3.89
164,40,0,0,1,9.216000325977802,3,3,0,0,30,0,0,30,2.8
164,40,0,1,1,56.32000043988228,3,3,0,0,30,0,0,30,2.8
164,40,0,2,1,9.216000325977802,3,3,0,0,30,0,0,30,2.8
164,40,0,3,1,4.095999989658594,3,3,0,0,30,0,0,30,2.8
165,2,0,0,0,9.216000325977802,3,3,0,2,28,0,0,30,98.12
165,2,0,1,0,63.48799914121628,3,3,0,2,28,0,0,30,98.12
165,2,0,2,0,9.216000325977802,3,3,0,2,28,0,0,30,98.12
165,2,0,3,0,13.311999849975109,3,3,0,2,28,0,0,30,98.12
165,24,0,0,0,9.216000325977802,3,3,0,0,30,0,0,30,3.36
165,24,0,1,0,58.36800113320351,3,3,0,0,30,0,0,30,3.36
165,24,0,2,0,9.216000325977802,3,3,0,0,30,0,0,30,3.36
165,24,0,3,0,4.095999989658594,3,3,0,0,30,0,0,30,3.36
165,40,0,0,1,9.216000325977802,3,3,0,0,30,0,0,30,1.46
165,40,0,1,1,64.51199948787689,3,3,0,0,30,0,0,30,1.46
165,40,0,2,1,9.216000325977802,3,3,0,0,30,0,0,30,1.46
165,40,0,3,1,5.119999870657921,3,3,0,0,30,0,0,30,1.46
166,2,0,0,0,8.191999979317188,4,4,0,0,40,0,0,40,2.02
166,2,0,1,0,75.77600330114365,4,4,0,0,40,0,0,40,2.02
166,2,0,2,0,8.191999979317188,4,4,0,0,40,0,0,40,2.02
166,2,0,3,0,4.095999989658594,4,4,0,0,40,0,0,40,2.02
166,24,0,0,0,3136.512041091919,4,4,0,1,39,0,0,40,164.41
166,24,0,1,0,72.7040022611618,4,4,0,1,39,0,0,40,164.41
166,24,0,2,0,9.216000325977802,4,4,0,1,39,0,0,40,164.41
166,24,0,3,0,71.68000191450119,4,4,0,1,39,0,0,40,164.41
166,40,0,0,1,9.216000325977802,4,4,0,1,39,0,0,40,69.009
166,40,0,1,1,68.60800087451935,4,4,0,1,39,0,0,40,69.009
166,40,0,2,1,9.216000325977802,4,4,0,1,39,0,0,40,69.009
166,40,0,3,1,4.095999989658594,4,4,0,1,39,0,0,40,69.009
167,2,0,0,0,14.336000196635723,4,4,0,0,40,0,0,40,3.11
167,2,0,1,0,78.84799689054489,4,4,0,0,40,0,0,40,3.11
167,2,0,2,0,9.216000325977802,4,4,0,0,40,0,0,40,3.11
167,2,0,3,0,5.119999870657921,4,4,0,0,40,0,0,40,3.11
167,24,0,0,0,7.168000098317862,4,4,0,2,38,0,0,40,121.459
167,24,0,1,0,73.72800260782242,4,4,0,2,38,0,0,40,121.459
167,24,0,2,0,9.216000325977802,4,4,0,2,38,0,0,40,121.459
167,24,0,3,0,25.599999353289604,4,4,0,2,38,0,0,40,121.459
167,40,0,0,1,14.336000196635723,4,4,0,1,39,0,0,40,65.34
167,40,0,1,1,74.75200295448303,4,4,0,1,39,0,0,40,65.34
167,40,0,2,1,8.191999979317188,4,4,0,1,39,0,0,40,65.34
167,40,0,3,1,4.095999989658594,4,4,0,1,39,0,0,40,65.34
168,2,0,0,0,9.216000325977802,2,2,0,0,20,0,0,20,1.16
168,2,0,1,0,45.05600035190582,2,2,0,0,20,0,0,20,1.16
168,2,0,2,0,9.216000325977802,2,2,0,0,20,0,0,20,1.16
168,2,0,3,0,8.191999979317188,2,2,0,0,20,0,0,20,1.16
168,24,0,0,0,9.216000325977802,2,2,0,1,19,0,0,20,46.23
168,24,0,1,0,47.10400104522705,2,2,0,1,19,0,0,20,46.23
168,24,0,2,0,8.191999979317188,2,2,0,1,19,0,0,20,46.23
168,24,0,3,0,5.119999870657921,2,2,0,1,19,0,0,20,46.23
168,40,0,0,1,10.239999741315842,2,2,0,0,20,0,0,20,1.011
168,40,0,1,1,51.19999870657921,2,2,0,0,20,0,0,20,1.011
168,40,0,2,1,10.239999741315842,2,2,0,0,20,0,0,20,1.011
168,40,0,3,1,4.095999989658594,2,2,0,0,20,0,0,20,1.011
169,2,0,0,0,8.191999979317188,4,4,0,3,37,0,0,40,147.889
169,2,0,1,0,78.84799689054489,4,4,0,3,37,0,0,40,147.889
169,2,0,2,0,8.191999979317188,4,4,0,3,37,0,0,40,147.889
169,2,0,3,0,50.175998359918594,4,4,0,3,37,0,0,40,147.889
169,24,0,0,0,9.216000325977802,4,4,0,1,39,0,0,40,63.589
169,24,0,1,0,66.56000018119812,4,4,0,1,39,0,0,40,63.589
169,24,0,2,0,8.191999979317188,4,4,0,1,39,0,0,40,63.589
169,24,0,3,0,4.095999989658594,4,4,0,1,39,0,0,40,63.589
169,40,0,0,1,15.359999611973763,4,4,0,1,39,0,0,40,265.119
169,40,0,1,1,67.58400052785873,4,4,0,1,39,0,0,40,265.119
169,40,0,2,1,9.216000325977802,4,4,0,1,39,0,0,40,265.119
169,40,0,3,1,168.96000504493713,4,4,0,1,39,0,0,40,265.119
170,2,0,0,0,8.191999979317188,2,2,0,0,20,0,0,20,1.46
170,2,0,1,0,49.15200173854828,2,2,0,0,20,0,0,20,1.46
170,2,0,2,0,9.216000325977802,2,2,0,0,20,0,0,20,1.46
170,2,0,3,0,5.119999870657921,2,2,0,0,20,0,0,20,1.46
170,24,0,0,0,9.216000325977802,2,2,0,0,20,0,0,20,1.09
170,24,0,1,0,40.95999896526337,2,2,0,0,20,0,0,20,1.09
170,24,0,2,0,9.216000325977802,2,2,0,0,20,0,0,20,1.09
170,24,0,3,0,4.095999989658594,2,2,0,0,20,0,0,20,1.09
170,40,0,0,1,9.216000325977802,2,2,0,0,20,0,0,20,1.32
170,40,0,1,1,41.98399931192398,2,2,0,0,20,0,0,20,1.32
170,40,0,2,1,9.216000325977802,2,2,0,0,20,0,0,20,1.32
170,40,0,3,1,4.095999989658594,2,2,0,0,20,0,0,20,1.32
171,2,0,0,0,14.336000196635723,4,4,0,0,40,0,0,40,4.24
171,2,0,1,0,80.89599758386612,4,4,0,0,40,0,0,40,4.24
171,2,0,2,0,9.216000325977802,4,4,0,0,40,0,0,40,4.24
171,2,0,3,0,4.095999989658594,4,4,0,0,40,0,0,40,4.24
171,24,0,0,0,7.168000098317862,4,4,0,0,40,0,0,40,4.12
171,24,0,1,0,90.11200070381165,4,4,0,0,40,0,0,40,4.12
171,24,0,2,0,9.216000325977802,4,4,0,0,40,0,0,40,4.12
171,24,0,3,0,4.095999989658594,4,4,0,0,40,0,0,40,4.12
171,40,0,0,1,9.216000325977802,4,4,0,0,40,0,0,40,4.18
171,40,0,1,1,87.0399996638298,4,4,0,0,40,0,0,40,4.18
171,40,0,2,1,9.216000325977802,4,4,0,0,40,0,0,40,4.18
171,40,0,3,1,4.095999989658594,4,4,0,0,40,0,0,40,4.18
172,2,0,0,0,13.311999849975109,4,4,0,0,40,0,0,40,2.851
172,2,0,1,0,66.56000018119812,4,4,0,0,40,0,0,40,2.851
172,2,0,2,0,9.216000325977802,4,4,0,0,40,0,0,40,2.851
172,2,0,3,0,5.119999870657921,4,4,0,0,40,0,0,40,2.851
172,24,0,0,0,8.191999979317188,4,4,0,0,40,0,0,40,2.74
172,24,0,1,0,68.60800087451935,4,4,0,0,40,0,0,40,2.74
172,24,0,2,0,8.191999979317188,4,4,0,0,40,0,0,40,2.74
172,24,0,3,0,4.095999989658594,4,4,0,0,40,0,0,40,2.74
172,40,0,0,1,9.216000325977802,4,4,0,0,40,0,0,40,2.21
172,40,0,1,1,78.84799689054489,4,4,0,0,40,0,0,40,2.21
172,40,0,2,1,9.216000325977802,4,4,0,0,40,0,0,40,2.21
172,40,0,3,1,3.0720001086592674,4,4,0,0,40,0,0,40,2.21
173,2,0,0,0,17.40800030529499,4,4,0,3,37,0,0,40,140.06
173,2,0,1,0,78.84799689054489,4,4,0,3,37,0,0,40,140.06
173,2,0,2,0,9.216000325977802,4,4,0,3,37,0,0,40,140.06
173,2,0,3,0,29.69600073993206,4,4,0,3,37,0,0,40,140.06
173,24,0,0,0,8.191999979317188,4,4,0,0,40,0,0,40,2.42
173,24,0,1,0,82.94399827718735,4,4,0,0,40,0,0,40,2.42
173,24,0,2,0,9.216000325977802,4,4,0,0,40,0,0,40,2.42
173,24,0,3,0,4.095999989658594,4,4,0,0,40,0,0,40,2.42
173,40,0,0,1,16.383999958634377,4,4,0,2,38,0,0,40,108.17
173,40,0,1,1,74.75200295448303,4,4,0,2,38,0,0,40,108.17
173,40,0,2,1,10.239999741315842,4,4,0,2,38,0,0,40,108.17
173,40,0,3,1,4.095999989658594,4,4,0,2,38,0,0,40,108.17
174,2,0,0,0,14.336000196635723,4,4,0,1,39,0,0,40,241.549
174,2,0,1,0,65.5359998345375,4,4,0,1,39,0,0,40,241.549
174,2,0,2,0,8.191999979317188,4,4,0,1,39,0,0,40,241.549
174,2,0,3,0,147.45600521564484,4,4,0,1,39,0,0,40,241.549
174,24,0,0,0,9.216000325977802,4,4,0,3,36,1,0,40,533.268
174,24,0,1,0,83.96799862384796,4,4,0,3,36,1,0,40,533.268
174,24,0,2,0,163.83999586105347,4,4,0,3,36,1,0,40,533.268
174,24,0,3,0,273.4079957008362,4,4,0,3,36,1,0,40,533.268
174,40,0,0,1,15.359999611973763,4,4,0,1,39,0,0,40,67.9
174,40,0,1,1,77.82399654388428,4,4,0,1,39,0,0,40,67.9
174,40,0,2,1,9.216000325977802,4,4,0,1,39,0,0,40,67.9
174,40,0,3,1,4.095999989658594,4,4,0,1,39,0,0,40,67.9
175,2,0,0,0,9.216000325977802,4,4,0,0,40,0,0,40,2.88
175,2,0,1,0,75.77600330114365,4,4,0,0,40,0,0,40,2.88
175,2,0,2,0,8.191999979317188,4,4,0,0,40,0,0,40,2.88
175,2,0,3,0,5.119999870657921,4,4,0,0,40,0,0,40,2.88
175,24,0,0,0,8.191999979317188,4,4,0,0,40,0,0,40,2.58
175,24,0,1,0,82.94399827718735,4,4,0,0,40,0,0,40,2.58
175,24,0,2,0,8.191999979317188,4,4,0,0,40,0,0,40,2.58
175,24,0,3,0,4.095999989658594,4,4,0,0,40,0,0,40,2.58
175,40,0,0,1,16.383999958634377,4,4,0,0,40,0,0,40,3.84
175,40,0,1,1,91.13600105047226,4,4,0,0,40,0,0,40,3.84
175,40,0,2,1,9.216000325977802,4,4,0,0,40,0,0,40,3.84
175,40,0,3,1,4.095999989658594,4,4,0,0,40,0,0,40,3.84
176,2,0,0,0,14.336000196635723,4,4,0,0,40,0,0,40,2.18
176,2,0,1,0,70.65600156784058,4,4,0,0,40,0,0,40,2.18
176,2,0,2,0,9.216000325977802,4,4,0,0,40,0,0,40,2.18
176,2,0,3,0,5.119999870657921,4,4,0,0,40,0,0,40,2.18
176,24,0,0,0,9.216000325977802,4,4,0,1,39,0,0,40,71.74
176,24,0,1,0,70.65600156784058,4,4,0,1,39,0,0,40,71.74
176,24,0,2,0,9.216000325977802,4,4,0,1,39,0,0,40,71.74
176,24,0,3,0,4.095999989658594,4,4,0,1,39,0,0,40,71.74
176,40,0,0,1,10.239999741315842,4,4,0,0,40,0,0,40,2.229
176,40,0,1,1,61.43999844789505,4,4,0,0,40,0,0,40,2.229
176,40,0,2,1,9.216000325977802,4,4,0,0,40,0,0,40,2.229
176,40,0,3,1,4.095999989658594,4,4,0,0,40,0,0,40,2.229
177,2,0,0,0,14.336000196635723,4,4,0,0,40,0,0,40,2.22
177,2,0,1,0,60.416001826524734,4,4,0,0,40,0,0,40,2.22
177,2,0,2,0,9.216000325977802,4,4,0,0,40,0,0,40,2.22
177,2,0,3,0,5.119999870657921,4,4,0,0,40,0,0,40,2.22
177,24,0,0,0,8.191999979317188,4,4,0,0,40,0,0,40,2.94
177,24,0,1,0,63.48799914121628,4,4,0,0,40,0,0,40,2.94
177,24,0,2,0,9.216000325977802,4,4,0,0,40,0,0,40,2.94
177,24,0,3,0,4.095999989658594,4,4,0,0,40,0,0,40,2.94
177,40,0,0,1,9.216000325977802,4,4,0,0,40,0,0,40,2.06
177,40,0,1,1,64.51199948787689,4,4,0,0,40,0,0,40,2.06
177,40,0,2,1,9.216000325977802,4,4,0,0,40,0,0,40,2.06
177,40,0,3,1,4.095999989658594,4,4,0,0,40,0,0,40,2.06
178,2,0,0,0,9.216000325977802,3,3,0,1,29,0,0,30,87.64
178,2,0,1,0,60.416001826524734,3,3,0,1,29,0,0,30,87.64
178,2,0,2,0,9.216000325977802,3,3,0,1,29,0,0,30,87.64
178,2,0,3,0,7.168000098317862,3,3,0,1,29,0,0,30,87.64
178,24,0,0,0,9.216000325977802,3,3,0,2,28,0,0,30,98.07
178,24,0,1,0,59.39200147986412,3,3,0,2,28,0,0,30,98.07
178,24,0,2,0,9.216000325977802,3,3,0,2,28,0,0,30,98.07
178,24,0,3,0,15.359999611973763,3,3,0,2,28,0,0,30,98.07
178,40,0,0,1,8.191999979317188,3,3,0,1,29,0,0,30,153.009
178,40,0,1,1,61.43999844789505,3,3,0,1,29,0,0,30,153.009
178,40,0,2,1,9.216000325977802,3,3,0,1,29,0,0,30,153.009
178,40,0,3,1,67.58400052785873,3,3,0,1,29,0,0,30,153.009
179,2,0,0,0,14.336000196635723,4,4,0,0,40,0,0,40,3.7
179,2,0,1,0,71.68000191450119,4,4,0,0,40,0,0,40,3.7
179,2,0,2,0,9.216000325977802,4,4,0,0,40,0,0,40,3.7
179,2,0,3,0,7.168000098317862,4,4,0,0,40,0,0,40,3.7
179,24,0,0,0,8.191999979317188,4,4,0,0,40,0,0,40,4.85
179,24,0,1,0,77.82399654388428,4,4,0,0,40,0,0,40,4.85
179,24,0,2,0,9.216000325977802,4,4,0,0,40,0,0,40,4.85
179,24,0,3,0,4.095999989658594,4,4,0,0,40,0,0,40,4.85
179,40,0,0,1,15.359999611973763,4,4,0,1,39,0,0,40,63.72
179,40,0,1,1,75.77600330114365,4,4,0,1,39,0,0,40,63.72
179,40,0,2,1,8.191999979317188,4,4,0,1,39,0,0,40,63.72
179,40,0,3,1,4.095999989658594,4,4,0,1,39,0,0,40,63.72
180,2,0,0,0,9.216000325977802,2,2,0,0,20,0,0,20,1.35
180,2,0,1,0,50.175998359918594,2,2,0,0,20,0,0,20,1.35
180,2,0,2,0,8.191999979317188,2,2,0,0,20,0,0,20,1.35
180,2,0,3,0,5.119999870657921,2,2,0,0,20,0,0,20,1.35
180,24,0,0,0,11.264000087976456,2,2,0,2,18,0,0,20,108.55
180,24,0,1,0,49.15200173854828,2,2,0,2,18,0,0,20,108.55
180,24,0,2,0,8.191999979317188,2,2,0,2,18,0,0,20,108.55
180,24,0,3,0,35.840000957250595,2,2,0,2,18,0,0,20,108.55
180,40,0,0,1,9.216000325977802,2,2,0,0,20,0,0,20,1.17
180,40,0,1,1,60.416001826524734,2,2,0,0,20,0,0,20,1.17
180,40,0,2,1,10.239999741315842,2,2,0,0,20,0,0,20,1.17
180,40,0,3,1,4.095999989658594,2,2,0,0,20,0,0,20,1.17
181,2,0,0,0,9.216000325977802,3,3,0,0,30,0,0,30,1.82
181,2,0,1,0,65.5359998345375,3,3,0,0,30,0,0,30,1.82
181,2,0,2,0,9.216000325977802,3,3,0,0,30,0,0,30,1.82
181,2,0,3,0,5.119999870657921,3,3,0,0,30,0,0,30,1.82
181,24,0,0,0,9.216000325977802,3,3,0,1,29,0,0,30,50.549
181,24,0,1,0,61.43999844789505,3,3,0,1,29,0,0,30,50.549
181,24,0,2,0,8.191999979317188,3,3,0,1,29,0,0,30,50.549
181,24,0,3,0,4.095999989658594,3,3,0,1,29,0,0,30,50.549
181,40,0,0,1,9.216000325977802,3,3,0,0,30,0,0,30,2.12
181,40,0,1,1,66.56000018119812,3,3,0,0,30,0,0,30,2.12
181,40,0,2,1,9.216000325977802,3,3,0,0,30,0,0,30,2.12
181,40,0,3,1,4.095999989658594,3,3,0,0,30,0,0,30,2.12
182,2,0,0,0,9.216000325977802,4,4,0,0,40,0,0,40,2.32
182,2,0,1,0,66.56000018119812,4,4,0,0,40,0,0,40,2.32
182,2,0,2,0,9.216000325977802,4,4,0,0,40,0,0,40,2.32
182,2,0,3,0,5.119999870657921,4,4,0,0,40,0,0,40,2.32
182,24,0,0,0,8.191999979317188,4,4,0,1,39,0,0,40,49.42
182,24,0,1,0,81.91999793052673,4,4,0,1,39,0,0,40,49.42
182,24,0,2,0,8.191999979317188,4,4,0,1,39,0,0,40,49.42
182,24,0,3,0,4.095999989658594,4,4,0,1,39,0,0,40,49.42
182,40,0,0,1,15.359999611973763,4,4,0,2,38,0,0,40,126.769
182,40,0,1,1,73.72800260782242,4,4,0,2,38,0,0,40,126.769
182,40,0,2,1,9.216000325977802,4,4,0,2,38,0,0,40,126.769
182,40,0,3,1,23.552000522613525,4,4,0,2,38,0,0,40,126.769
183,2,0,0,0,16.383999958634377,4,4,0,2,38,0,0,40,99.129
183,2,0,1,0,49.15200173854828,4,4,0,2,38,0,0,40,99.129
183,2,0,2,0,11.264000087976456,4,4,0,2,38,0,0,40,99.129
183,2,0,3,0,16.383999958634377,4,4,0,2,38,0,0,40,99.129
183,24,0,0,0,7.168000098317862,4,4,0,1,39,0,0,40,55.659
183,24,0,1,0,59.39200147986412,4,4,0,1,39,0,0,40,55.659
183,24,0,2,0,9.216000325977802,4,4,0,1,39,0,0,40,55.659
183,24,0,3,0,4.095999989658594,4,4,0,1,39,0,0,40,55.659
183,40,0,0,1,9.216000325977802,4,4,0,0,40,0,0,40,3.27
183,40,0,1,1,68.60800087451935,4,4,0,0,40,0,0,40,3.27
183,40,0,2,1,9.216000325977802,4,4,0,0,40,0,0,40,3.27
183,40,0,3,1,4.095999989658594,4,4,0,0,40,0,0,40,3.27
184,2,0,0,0,9.216000325977802,4,4,0,1,39,0,0,40,63.14
184,2,0,1,0,78.84799689054489,4,4,0,1,39,0,0,40,63.14
184,2,0,2,0,9.216000325977802,4,4,0,1,39,0,0,40,63.14
184,2,0,3,0,4.095999989658594,4,4,0,1,39,0,0,40,63.14
184,24,0,0,0,8.191999979317188,4,4,0,0,40,0,0,40,2.58
184,24,0,1,0,78.84799689054489,4,4,0,0,40,0,0,40,2.58
184,24,0,2,0,9.216000325977802,4,4,0,0,40,0,0,40,2.58
184,24,0,3,0,4.095999989658594,4,4,0,0,40,0,0,40,2.58
184,40,0,0,1,9.216000325977802,4,4,0,0,40,0,0,40,2.02
184,40,0,1,1,78.84799689054489,4,4,0,0,40,0,0,40,2.02
184,40,0,2,1,9.216000325977802,4,4,0,0,40,0,0,40,2.02
184,40,0,3,1,4.095999989658594,4,4,0,0,40,0,0,40,2.02
185,2,0,0,0,8.191999979317188,1,1,0,0,10,0,0,10,0.571
185,2,0,1,0,32.76799991726875,1,1,0,0,10,0,0,10,0.571
185,2,0,2,0,9.216000325977802,1,1,0,0,10,0,0,10,0.571
185,2,0,3,0,5.119999870657921,1,1,0,0,10,0,0,10,0.571
185,24,0,0,0,8.191999979317188,1,1,0,0,10,0,0,10,1.891
185,24,0,1,0,31.74399957060814,1,1,0,0,10,0,0,10,1.891
185,24,0,2,0,9.216000325977802,1,1,0,0,10,0,0,10,1.891
185,24,0,3,0,4.095999989658594,1,1,0,0,10,0,0,10,1.891
185,40,0,0,1,8.191999979317188,1,1,0,0,10,0,0,10,0.551
185,40,0,1,1,35.840000957250595,1,1,0,0,10,0,0,10,0.551
185,40,0,2,1,9.216000325977802,1,1,0,0,10,0,0,10,0.551
185,40,0,3,1,4.095999989658594,1,1,0,0,10,0,0,10,0.551
186,2,0,0,0,9.216000325977802,2,2,0,3,17,0,0,20,262.179
186,2,0,1,0,47.10400104522705,2,2,0,3,17,0,0,20,262.179
186,2,0,2,0,9.216000325977802,2,2,0,3,17,0,0,20,262.179
186,2,0,3,0,196.60800695419312,2,2,0,3,17,0,0,20,262.179
186,24,0,0,0,9.216000325977802,2,2,0,0,20,0,0,20,1.48
186,24,0,1,0,53.247999399900436,2,2,0,0,20,0,0,20,1.48
186,24,0,2,0,9.216000325977802,2,2,0,0,20,0,0,20,1.48
186,24,0,3,0,4.095999989658594,2,2,0,0,20,0,0,20,1.48
186,40,0,0,1,8.191999979317188,2,2,0,0,20,0,0,20,3.98
186,40,0,1,1,57.34400078654289,2,2,0,0,20,0,0,20,3.98
186,40,0,2,1,10.239999741315842,2,2,0,0,20,0,0,20,3.98
186,40,0,3,1,4.095999989658594,2,2,0,0,20,0,0,20,3.98
187,2,0,0,0,9.216000325977802,4,4,0,1,39,0,0,40,51.14
187,2,0,1,0,72.7040022611618,4,4,0,1,39,0,0,40,51.14
187,2,0,2,0,8.191999979317188,4,4,0,1,39,0,0,40,51.14
187,2,0,3,0,5.119999870657921,4,4,0,1,39,0,0,40,51.14
187,24,0,0,0,8.191999979317188,4,4,0,1,39,0,0,40,63.759
187,24,0,1,0,87.0399996638298,4,4,0,1,39,0,0,40,63.759
187,24,0,2,0,9.216000325977802,4,4,0,1,39,0,0,40,63.759
187,24,0,3,0,4.095999989658594,4,4,0,1,39,0,0,40,63.759
187,40,0,0,1,9.216000325977802,4,4,0,1,39,0,0,40,70.349
187,40,0,1,1,94.2080020904541,4,4,0,1,39,0,0,40,70.349
187,40,0,2,1,8.191999979317188,4,4,0,1,39,0,0,40,70.349
187,40,0,3,1,5.119999870657921,4,4,0,1,39,0,0,40,70.349
188,2,0,0,0,14.336000196635723,4,4,0,0,40,0,0,40,2.3
188,2,0,1,0,66.56000018119812,4,4,0,0,40,0,0,40,2.3
188,2,0,2,0,9.216000325977802,4,4,0,0,40,0,0,40,2.3
188,2,0,3,0,4.095999989658594,4,4,0,0,40,0,0,40,2.3
188,24,0,0,0,9.216000325977802,4,4,0,3,37,0,0,40,142.69
188,24,0,1,0,66.56000018119812,4,4,0,3,37,0,0,40,142.69
188,24,0,2,0,9.216000325977802,4,4,0,3,37,0,0,40,142.69
188,24,0,3,0,53.247999399900436,4,4,0,3,37,0,0,40,142.69
188,40,0,0,1,9.216000325977802,4,4,0,0,40,0,0,40,2.559
188,40,0,1,1,87.0399996638298,4,4,0,0,40,0,0,40,2.559
188,40,0,2,1,9.216000325977802,4,4,0,0,40,0,0,40,2.559
188,40,0,3,1,4.095999989658594,4,4,0,0,40,0,0,40,2.559
189,2,0,0,0,8.191999979317188,1,1,0,0,10,0,0,10,0.48
189,2,0,1,0,31.74399957060814,1,1,0,0,10,0,0,10,0.48
189,2,0,2,0,9.216000325977802,1,1,0,0,10,0,0,10,0.48
189,2,0,3,0,4.095999989658594,1,1,0,0,10,0,0,10,0.48
189,24,0,0,0,9.216000325977802,1,1,0,3,6,1,0,10,132.119
189,24,0,1,0,24.57600086927414,1,1,0,3,6,1,0,10,132.119
189,24,0,2,0,163.83999586105347,1,1,0,3,6,1,0,10,132.119
189,24,0,3,0,4.095999989658594,1,1,0,3,6,1,0,10,132.119
189,40,0,0,1,8.191999979317188,1,1,0,0,10,0,0,10,1.0
189,40,0,1,1,35.840000957250595,1,1,0,0,10,0,0,10,1.0
189,40,0,2,1,9.216000325977802,1,1,0,0,10,0,0,10,1.0
189,40,0,3,1,4.095999989658594,1,1,0,0,10,0,0,10,1.0
190,2,0,0,0,9.216000325977802,1,1,0,0,10,0,0,10,0.62
190,2,0,1,0,31.74399957060814,1,1,0,0,10,0,0,10,0.62
190,2,0,2,0,8.191999979317188,1,1,0,0,10,0,0,10,0.62
190,2,0,3,0,4.095999989658594,1,1,0,0,10,0,0,10,0.62
190,24,0,0,0,10.239999741315842,1,1,0,3,7,0,0,10,120.22
190,24,0,1,0,25.599999353289604,1,1,0,3,7,0,0,10,120.22
190,24,0,2,0,9.216000325977802,1,1,0,3,7,0,0,10,120.22
190,24,0,3,0,71.68000191450119,1,1,0,3,7,0,0,10,120.22
190,40,0,0,1,9.216000325977802,1,1,0,0,10,0,0,10,0.63
190,40,0,1,1,35.840000957250595,1,1,0,0,10,0,0,10,0.63
190,40,0,2,1,8.191999979317188,1,1,0,0,10,0,0,10,0.63
190,40,0,3,1,4.095999989658594,1,1,0,0,10,0,0,10,0.63
191,2,0,0,0,15.359999611973763,4,4,0,2,38,0,0,40,95.25
191,2,0,1,0,76.80000364780426,4,4,0,2,38,0,0,40,95.25
191,2,0,2,0,8.191999979317188,4,4,0,2,38,0,0,40,95.25
191,2,0,3,0,6.144000217318535,4,4,0,2,38,0,0,40,95.25
191,24,0,0,0,8.191999979317188,4,4,0,0,40,0,0,40,2.84
191,24,0,1,0,82.94399827718735,4,4,0,0,40,0,0,40,2.84
191,24,0,2,0,9.216000325977802,4,4,0,0,40,0,0,40,2.84
191,24,0,3,0,4.095999989658594,4,4,0,0,40,0,0,40,2.84
191,40,0,0,1,14.336000196635723,4,4,0,2,38,0,0,40,118.249
191,40,0,1,1,79.8719972372055,4,4,0,2,38,0,0,40,118.249
191,40,0,2,1,9.216000325977802,4,4,0,2,38,0,0,40,118.249
191,40,0,3,1,9.216000325977802,4,4,0,2,38,0,0,40,118.249
192,2,0,0,0,15.359999611973763,4,4,0,1,39,0,0,40,83.01
192,2,0,1,0,66.56000018119812,4,4,0,1,39,0,0,40,83.01
192,2,0,2,0,9.216000325977802,4,4,0,1,39,0,0,40,83.01
192,2,0,3,0,4.095999989658594,4,4,0,1,39,0,0,40,83.01
192,24,0,0,0,7.168000098317862,4,4,0,3,36,1,0,40,268.679
192,24,0,1,0,76.80000364780426,4,4,0,3,36,1,0,40,268.679
192,24,0,2,0,176.12800002098083,4,4,0,3,36,1,0,40,268.679
192,24,0,3,0,5.119999870657921,4,4,0,3,36,1,0,40,268.679
192,40,0,0,1,9.216000325977802,4,4,0,0,40,0,0,40,2.629
192,40,0,1,1,86.01599931716919,4,4,0,0,40,0,0,40,2.629
192,40,0,2,1,8.191999979317188,4,4,0,0,40,0,0,40,2.629
192,40,0,3,1,4.095999989658594,4,4,0,0,40,0,0,40,2.629
193,2,0,0,0,9.216000325977802,4,4,0,9,30,1,0,40,616.988
193,2,0,1,0,69.63200122117996,4,4,0,9,30,1,0,40,616.988
193,2,0,2,0,162.81600296497345,4,4,0,9,30,1,0,40,616.988
193,2,0,3,0,373.76001477241516,4,4,0,9,30,1,0,40,616.988
193,24,0,0,0,8.191999979317188,4,4,0,0,40,0,0,40,3.25
193,24,0,1,0,86.01599931716919,4,4,0,0,40,0,0,40,3.25
193,24,0,2,0,9.216000325977802,4,4,0,0,40,0,0,40,3.25
193,24,0,3,0,4.095999989658594,4,4,0,0,40,0,0,40,3.25
193,40,0,0,1,15.359999611973763,4,4,0,1,39,0,0,40,64.08
193,40,0,1,1,83.96799862384796,4,4,0,1,39,0,0,40,64.08
193,40,0,2,1,9.216000325977802,4,4,0,1,39,0,0,40,64.08
193,40,0,3,1,4.095999989658594,4,4,0,1,39,0,0,40,64.08
194,2,0,0,0,9.216000325977802,4,4,0,3,36,1,0,40,275.099
194,2,0,1,0,69.63200122117996,4,4,0,3,36,1,0,40,275.099
194,2,0,2,0,167.93599724769592,4,4,0,3,36,1,0,40,275.099
194,2,0,3,0,35.840000957250595,4,4,0,3,36,1,0,40,275.099
194,24,0,0,0,8.191999979317188,4,4,0,1,39,0,0,40,63.139
194,24,0,1,0,83.96799862384796,4,4,0,1,39,0,0,40,63.139
194,24,0,2,0,9.216000325977802,4,4,0,1,39,0,0,40,63.139
194,24,0,3,0,4.095999989658594,4,4,0,1,39,0,0,40,63.139
194,40,0,0,1,16.383999958634377,4,4,0,1,39,0,0,40,69.45
194,40,0,1,1,83.96799862384796,4,4,0,1,39,0,0,40,69.45
194,40,0,2,1,9.216000325977802,4,4,0,1,39,0,0,40,69.45
194,40,0,3,1,4.095999989658594,4,4,0,1,39,0,0,40,69.45
195,2,0,0,0,9.216000325977802,2,2,0,0,20,0,0,20,1.42
195,2,0,1,0,53.247999399900436,2,2,0,0,20,0,0,20,1.42
195,2,0,2,0,9.216000325977802,2,2,0,0,20,0,0,20,1.42
195,2,0,3,0,6.144000217318535,2,2,0,0,20,0,0,20,1.42
195,24,0,0,0,8.191999979317188,2,2,0,0,20,0,0,20,1.409
195,24,0,1,0,53.247999399900436,2,2,0,0,20,0,0,20,1.409
195,24,0,2,0,9.216000325977802,2,2,0,0,20,0,0,20,1.409
195,24,0,3,0,4.095999989658594,2,2,0,0,20,0,0,20,1.409
195,40,0,0,1,9.216000325977802,2,2,0,1,19,0,0,20,56.57
195,40,0,1,1,43.007999658584595,2,2,0,1,19,0,0,20,56.57
195,40,0,2,1,9.216000325977802,2,2,0,1,19,0,0,20,56.57
195,40,0,3,1,4.095999989658594,2,2,0,1,19,0,0,20,56.57
196,2,0,0,0,9.216000325977802,4,4,0,1,39,0,0,40,59.489
196,2,0,1,0,65.5359998345375,4,4,0,1,39,0,0,40,59.489
196,2,0,2,0,9.216000325977802,4,4,0,1,39,0,0,40,59.489
196,2,0,3,0,5.119999870657921,4,4,0,1,39,0,0,40,59.489
196,24,0,0,0,7.168000098317862,4,4,0,1,39,0,0,40,79.999
196,24,0,1,0,71.68000191450119,4,4,0,1,39,0,0,40,79.999
196,24,0,2,0,9.216000325977802,4,4,0,1,39,0,0,40,79.999
196,24,0,3,0,4.095999989658594,4,4,0,1,39,0,0,40,79.999
196,40,0,0,1,9.216000325977802,4,4,0,0,40,0,0,40,3.98
196,40,0,1,1,83.96799862384796,4,4,0,0,40,0,0,40,3.98
196,40,0,2,1,8.191999979317188,4,4,0,0,40,0,0,40,3.98
196,40,0,3,1,4.095999989658594,4,4,0,0,40,0,0,40,3.98
197,2,0,0,0,9.216000325977802,4,4,0,4,35,1,0,40,307.239
197,2,0,1,0,71.68000191450119,4,4,0,4,35,1,0,40,307.239
197,2,0,2,0,168.96000504493713,4,4,0,4,35,1,0,40,307.239
197,2,0,3,0,53.247999399900436,4,4,0,4,35,1,0,40,307.239
197,24,0,0,0,8.191999979317188,4,4,0,0,40,0,0,40,2.16
197,24,0,1,0,79.8719972372055,4,4,0,0,40,0,0,40,2.16
197,24,0,2,0,9.216000325977802,4,4,0,0,40,0,0,40,2.16
197,24,0,3,0,3.0720001086592674,4,4,0,0,40,0,0,40,2.16
197,40,0,0,1,8.191999979317188,4,4,0,0,40,0,0,40,2.54
197,40,0,1,1,98.30400347709656,4,4,0,0,40,0,0,40,2.54
197,40,0,2,1,9.216000325977802,4,4,0,0,40,0,0,40,2.54
197,40,0,3,1,4.095999989658594,4,4,0,0,40,0,0,40,2.54
198,2,0,0,0,15.359999611973763,4,4,0,2,38,0,0,40,113.01
198,2,0,1,0,61.43999844789505,4,4,0,2,38,0,0,40,113.01
198,2,0,2,0,9.216000325977802,4,4,0,2,38,0,0,40,113.01
198,2,0,3,0,27.648000046610832,4,4,0,2,38,0,0,40,113.01
198,24,0,0,0,7.168000098317862,4,4,0,1,39,0,0,40,60.46
198,24,0,1,0,77.82399654388428,4,4,0,1,39,0,0,40,60.46
198,24,0,2,0,8.191999979317188,4,4,0,1,39,0,0,40,60.46
198,24,0,3,0,4.095999989658594,4,4,0,1,39,0,0,40,60.46
198,40,0,0,1,8.191999979317188,4,4,0,0,40,0,0,40,2.351
198,40,0,1,1,72.7040022611618,4,4,0,0,40,0,0,40,2.351
198,40,0,2,1,9.216000325977802,4,4,0,0,40,0,0,40,2.351
198,40,0,3,1,4.095999989658594,4,4,0,0,40,0,0,40,2.351
199,2,0,0,0,14.336000196635723,4,4,0,0,40,0,0,40,2.92
199,2,0,1,0,48.128001391887665,4,4,0,0,40,0,0,40,2.92
199,2,0,2,0,8.191999979317188,4,4,0,0,40,0,0,40,2.92
199,2,0,3,0,4.095999989658594,4,4,0,0,40,0,0,40,2.92
199,24,0,0,0,8.191999979317188,4,4,0,1,39,0,0,40,51.18
199,24,0,1,0,84.99199897050858,4,4,0,1,39,0,0,40,51.18
199,24,0,2,0,9.216000325977802,4,4,0,1,39,0,0,40,51.18
199,24,0,3,0,4.095999989658594,4,4,0,1,39,0,0,40,51.18
199,40,0,0,1,9.216000325977802,4,4,0,0,40,0,0,40,3.13
199,40,0,1,1,76.80000364780426,4,4,0,0,40,0,0,40,3.13
199,40,0,2,1,8.191999979317188,4,4,0,0,40,0,0,40,3.13
199,40,0,3,1,4.095999989658594,4,4,0,0,40,0,0,40,3.13
200,2,0,0,0,14.336000196635723,4,4,0,0,40,0,0,40,2.28
200,2,0,1,0,83.96799862384796,4,4,0,0,40,0,0,40,2.28
200,2,0,2,0,9.216000325977802,4,4,0,0,40,0,0,40,2.28
200,2,0,3,0,4.095999989658594,4,4,0,0,40,0,0,40,2.28
200,24,0,0,0,8.191999979317188,4,4,0,2,38,0,0,40,111.919
200,24,0,1,0,80.89599758386612,4,4,0,2,38,0,0,40,111.919
200,24,0,2,0,9.216000325977802,4,4,0,2,38,0,0,40,111.919
200,24,0,3,0,9.216000325977802,4,4,0,2,38,0,0,40,111.919
200,40,0,0,1,9.216000325977802,4,4,0,0,40,0,0,40,2.371
200,40,0,1,1,69.63200122117996,4,4,0,0,40,0,0,40,2.371
200,40,0,2,1,8.191999979317188,4,4,0,0,40,0,0,40,2.371
200,40,0,3,1,4.095999989658594,4,4,0,0,40,0,0,40,2.371
201,2,0,0,0,16.383999958634377,4,4,0,3,37,0,0,40,135.249
201,2,0,1,0,62.463998794555664,4,4,0,3,37,0,0,40,135.249
201,2,0,2,0,8.191999979317188,4,4,0,3,37,0,0,40,135.249
201,2,0,3,0,43.007999658584595,4,4,0,3,37,0,0,40,135.249
201,24,0,0,0,8.191999979317188,4,4,0,6,33,1,0,40,353.078
201,24,0,1,0,64.51199948787689,4,4,0,6,33,1,0,40,353.078
201,24,0,2,0,163.83999586105347,4,4,0,6,33,1,0,40,353.078
201,24,0,3,0,114.68800157308578,4,4,0,6,33,1,0,40,353.078
201,40,0,0,1,10.239999741315842,4,4,0,0,40,0,0,40,2.49
201,40,0,1,1,82.94399827718735,4,4,0,0,40,0,0,40,2.49
201,40,0,2,1,9.216000325977802,4,4,0,0,40,0,0,40,2.49
201,40,0,3,1,4.095999989658594,4,4,0,0,40,0,0,40,2.49
202,2,0,0,0,9.216000325977802,4,4,0,1,39,0,0,40,62.489
202,2,0,1,0,73.72800260782242,4,4,0,1,39,0,0,40,62.489
202,2,0,2,0,9.216000325977802,4,4,0,1,39,0,0,40,62.489
202,2,0,3,0,6.144000217318535,4,4,0,1,39,0,0,40,62.489
202,24,0,0,0,7.168000098317862,4,4,0,1,39,0,0,40,57.84
202,24,0,1,0,70.65600156784058,4,4,0,1,39,0,0,40,57.84
202,24,0,2,0,8.191999979317188,4,4,0,1,39,0,0,40,57.84
202,24,0,3,0,3.0720001086592674,4,4,0,1,39,0,0,40,57.84
202,40,0,0,1,15.359999611973763,4,4,0,1,39,0,0,40,166.828
202,40,0,1,1,78.84799689054489,4,4,0,1,39,0,0,40,166.828
202,40,0,2,1,9.216000325977802,4,4,0,1,39,0,0,40,166.828
202,40,0,3,1,62.463998794555664,4,4,0,1,39,0,0,40,166.828
203,2,0,0,0,14.336000196635723,4,4,0,0,40,0,0,40,3.42
203,2,0,1,0,76.80000364780426,4,4,0,0,40,0,0,40,3.42
203,2,0,2,0,9.216000325977802,4,4,0,0,40,0,0,40,3.42
203,2,0,3,0,5.119999870657921,4,4,0,0,40,0,0,40,3.42
203,24,0,0,0,7.168000098317862,4,4,0,3,37,0,0,40,142.849
203,24,0,1,0,88.06400001049042,4,4,0,3,37,0,0,40,142.849
203,24,0,2,0,9.216000325977802,4,4,0,3,37,0,0,40,142.849
203,24,0,3,0,32.76799991726875,4,4,0,3,37,0,0,40,142.849
203,40,0,0,1,15.359999611973763,4,4,0,1,39,0,0,40,73.66
203,40,0,1,1,86.01599931716919,4,4,0,1,39,0,0,40,73.66
203,40,0,2,1,8.191999979317188,4,4,0,1,39,0,0,40,73.66
203,40,0,3,1,5.119999870657921,4,4,0,1,39,0,0,40,73.66
204,2,0,0,0,14.336000196635723,4,4,0,2,38,0,0,40,167.909
204,2,0,1,0,84.99199897050858,4,4,0,2,38,0,0,40,167.909
204,2,0,2,0,8.191999979317188,4,4,0,2,38,0,0,40,167.909
204,2,0,3,0,54.27199974656105,4,4,0,2,38,0,0,40,167.909
204,24,0,0,0,8.191999979317188,4,4,0,2,38,0,0,40,95.359
204,24,0,1,0,73.72800260782242,4,4,0,2,38,0,0,40,95.359
204,24,0,2,0,9.216000325977802,4,4,0,2,38,0,0,40,95.359
204,24,0,3,0,4.095999989658594,4,4,0,2,38,0,0,40,95.359
204,40,0,0,1,9.216000325977802,4,4,0,0,40,0,0,40,2.92
204,40,0,1,1,76.80000364780426,4,4,0,0,40,0,0,40,2.92
204,40,0,2,1,9.216000325977802,4,4,0,0,40,0,0,40,2.92
204,40,0,3,1,4.095999989658594,4,4,0,0,40,0,0,40,2.92
205,2,0,0,0,16.383999958634377,4,4,0,1,39,0,0,40,56.7
205,2,0,1,0,67.58400052785873,4,4,0,1,39,0,0,40,56.7
205,2,0,2,0,8.191999979317188,4,4,0,1,39,0,0,40,56.7
205,2,0,3,0,5.119999870657921,4,4,0,1,39,0,0,40,56.7
205,24,0,0,0,8.191999979317188,4,4,0,0,40,0,0,40,1.85
205,24,0,1,0,56.32000043988228,4,4,0,0,40,0,0,40,1.85
205,24,0,2,0,9.216000325977802,4,4,0,0,40,0,0,40,1.85
205,24,0,3,0,4.095999989658594,4,4,0,0,40,0,0,40,1.85
205,40,0,0,1,9.216000325977802,4,4,0,0,40,0,0,40,2.51
205,40,0,1,1,58.36800113320351,4,4,0,0,40,0,0,40,2.51
205,40,0,2,1,9.216000325977802,4,4,0,0,40,0,0,40,2.51
205,40,0,3,1,4.095999989658594,4,4,0,0,40,0,0,40,2.51
206,2,0,0,0,15.359999611973763,4,4,0,0,40,0,0,40,3.471
206,2,0,1,0,78.84799689054489,4,4,0,0,40,0,0,40,3.471
206,2,0,2,0,9.216000325977802,4,4,0,0,40,0,0,40,3.471
206,2,0,3,0,4.095999989658594,4,4,0,0,40,0,0,40,3.471
206,24,0,0,0,8.191999979317188,4,4,0,1,39,0,0,40,62.011
206,24,0,1,0,73.72800260782242,4,4,0,1,39,0,0,40,62.011
206,24,0,2,0,9.216000325977802,4,4,0,1,39,0,0,40,62.011
206,24,0,3,0,4.095999989658594,4,4,0,1,39,0,0,40,62.011
206,40,0,0,1,15.359999611973763,4,4,0,1,39,0,0,40,66.43
206,40,0,1,1,87.0399996638298,4,4,0,1,39,0,0,40,66.43
206,40,0,2,1,9.216000325977802,4,4,0,1,39,0,0,40,66.43
206,40,0,3,1,4.095999989658594,4,4,0,1,39,0,0,40,66.43
207,2,0,0,0,9.216000325977802,4,4,0,1,39,0,0,40,59.32
207,2,0,1,0,78.84799689054489,4,4,0,1,39,0,0,40,59.32
207,2,0,2,0,9.216000325977802,4,4,0,1,39,0,0,40,59.32
207,2,0,3,0,4.095999989658594,4,4,0,1,39,0,0,40,59.32
207,24,0,0,0,8.191999979317188,4,4,0,2,38,0,0,40,72.719
207,24,0,1,0,61.43999844789505,4,4,0,2,38,0,0,40,72.719
207,24,0,2,0,9.216000325977802,4,4,0,2,38,0,0,40,72.719
207,24,0,3,0,4.095999989658594,4,4,0,2,38,0,0,40,72.719
207,40,0,0,1,9.216000325977802,4,4,0,0,40,0,0,40,2.37
207,40,0,1,1,72.7040022611618,4,4,0,0,40,0,0,40,2.37
207,40,0,2,1,9.216000325977802,4,4,0,0,40,0,0,40,2.37
207,40,0,3,1,3.0720001086592674,4,4,0,0,40,0,0,40,2.37
208,2,0,0,0,14.336000196635723,4,4,0,1,39,0,0,40,64.069
208,2,0,1,0,66.56000018119812,4,4,0,1,39,0,0,40,64.069
208,2,0,2,0,9.216000325977802,4,4,0,1,39,0,0,40,64.069
208,2,0,3,0,5.119999870657921,4,4,0,1,39,0,0,40,64.069
208,24,0,0,0,8.191999979317188,4,4,0,0,40,0,0,40,2.85
208,24,0,1,0,70.65600156784058,4,4,0,0,40,0,0,40,2.85
208,24,0,2,0,9.216000325977802,4,4,0,0,40,0,0,40,2.85
208,24,0,3,0,4.095999989658594,4,4,0,0,40,0,0,40,2.85
208,40,0,0,1,16.383999958634377,4,4,0,3,37,0,0,40,77.11
208,40,0,1,1,62.463998794555664,4,4,0,3,37,0,0,40,77.11
208,40,0,2,1,9.216000325977802,4,4,0,3,37,0,0,40,77.11
208,40,0,3,1,4.095999989658594,4,4,0,3,37,0,0,40,77.11
209,2,0,0,0,8.191999979317188,4,4,0,3,37,0,0,40,211.639
209,2,0,1,0,72.7040022611618,4,4,0,3,37,0,0,40,211.639
209,2,0,2,0,9.216000325977802,4,4,0,3,37,0,0,40,211.639
209,2,0,3,0,117.76000261306763,4,4,0,3,37,0,0,40,211.639
209,24,0,0,0,8.191999979317188,4,4,0,2,38,0,0,40,156.209
209,24,0,1,0,56.32000043988228,4,4,0,2,38,0,0,40,156.209
209,24,0,2,0,9.216000325977802,4,4,0,2,38,0,0,40,156.209
209,24,0,3,0,82.94399827718735,4,4,0,2,38,0,0,40,156.209
209,40,0,0,1,8.191999979317188,4,4,0,1,39,0,0,40,79.079
209,40,0,1,1,78.84799689054489,4,4,0,1,39,0,0,40,79.079
209,40,0,2,1,9.216000325977802,4,4,0,1,39,0,0,40,79.079
209,40,0,3,1,4.095999989658594,4,4,0,1,39,0,0,40,79.079
210,2,0,0,0,14.336000196635723,4,4,0,0,40,0,0,40,2.91
210,2,0,1,0,89.08800035715103,4,4,0,0,40,0,0,40,2.91
210,2,0,2,0,8.191999979317188,4,4,0,0,40,0,0,40,2.91
210,2,0,3,0,6.144000217318535,4,4,0,0,40,0,0,40,2.91
210,24,0,0,0,8.191999979317188,4,4,0,0,40,0,0,40,2.731
210,24,0,1,0,77.82399654388428,4,4,0,0,40,0,0,40,2.731
210,24,0,2,0,9.216000325977802,4,4,0,0,40,0,0,40,2.731
210,24,0,3,0,4.095999989658594,4,4,0,0,40,0,0,40,2.731
210,40,0,0,1,9.216000325977802,4,4,0,0,40,0,0,40,2.129
210,40,0,1,1,68.60800087451935,4,4,0,0,40,0,0,40,2.129
210,40,0,2,1,9.216000325977802,4,4,0,0,40,0,0,40,2.129
210,40,0,3,1,4.095999989658594,4,4,0,0,40,0,0,40,2.129
211,2,0,0,0,13.311999849975109,4,4,0,0,40,0,0,40,3.069
211,2,0,1,0,67.58400052785873,4,4,0,0,40,0,0,40,3.069
211,2,0,2,0,9.216000325977802,4,4,0,0,40,0,0,40,3.069
211,2,0,3,0,6.144000217318535,4,4,0,0,40,0,0,40,3.069
211,24,0,0,0,8.191999979317188,4,4,0,0,40,0,0,40,3.83
211,24,0,1,0,75.77600330114365,4,4,0,0,40,0,0,40,3.83
211,24,0,2,0,8.191999979317188,4,4,0,0,40,0,0,40,3.83
211,24,0,3,0,3.0720001086592674,4,4,0,0,40,0,0,40,3.83
211,40,0,0,1,15.359999611973763,4,4,0,1,39,0,0,40,78.029
211,40,0,1,1,58.36800113320351,4,4,0,1,39,0,0,40,78.029
211,40,0,2,1,9.216000325977802,4,4,0,1,39,0,0,40,78.029
211,40,0,3,1,4.095999989658594,4,4,0,1,39,0,0,40,78.029
212,2,0,0,0,14.336000196635723,4,4,0,0,40,0,0,40,3.0
212,2,0,1,0,61.43999844789505,4,4,0,0,40,0,0,40,3.0
212,2,0,2,0,9.216000325977802,4,4,0,0,40,0,0,40,3.0
212,2,0,3,0,5.119999870657921,4,4,0,0,40,0,0,40,3.0
212,24,0,0,0,8.191999979317188,4,4,0,0,40,0,0,40,3.371
212,24,0,1,0,86.01599931716919,4,4,0,0,40,0,0,40,3.371
212,24,0,2,0,8.191999979317188,4,4,0,0,40,0,0,40,3.371
212,24,0,3,0,4.095999989658594,4,4,0,0,40,0,0,40,3.371
212,40,0,0,1,9.216000325977802,4,4,0,0,40,0,0,40,2.81
212,40,0,1,1,61.43999844789505,4,4,0,0,40,0,0,40,2.81
212,40,0,2,1,9.216000325977802,4,4,0,0,40,0,0,40,2.81
212,40,0,3,1,4.095999989658594,4,4,0,0,40,0,0,40,2.81
213,2,0,0,0,16.383999958634377,4,4,0,3,36,1,0,40,153.961
213,2,0,1,0,69.63200122117996,4,4,0,3,36,1,0,40,153.961
213,2,0,2,0,169.98399794101715,4,4,0,3,36,1,0,40,153.961
213,2,0,3,0,5.119999870657921,4,4,0,3,36,1,0,40,153.961
213,24,0,0,0,8.191999979317188,4,4,0,1,39,0,0,40,65.629
213,24,0,1,0,79.8719972372055,4,4,0,1,39,0,0,40,65.629
213,24,0,2,0,9.216000325977802,4,4,0,1,39,0,0,40,65.629
213,24,0,3,0,4.095999989658594,4,4,0,1,39,0,0,40,65.629
213,40,0,0,1,16.383999958634377,4,4,0,1,39,0,0,40,67.68
213,40,0,1,1,76.80000364780426,4,4,0,1,39,0,0,40,67.68
213,40,0,2,1,8.191999979317188,4,4,0,1,39,0,0,40,67.68
213,40,0,3,1,4.095999989658594,4,4,0,1,39,0,0,40,67.68
214,2,0,0,0,16.383999958634377,4,4,0,2,38,0,0,40,103.3
214,2,0,1,0,67.58400052785873,4,4,0,2,38,0,0,40,103.3
214,2,0,2,0,9.216000325977802,4,4,0,2,38,0,0,40,103.3
214,2,0,3,0,10.239999741315842,4,4,0,2,38,0,0,40,103.3
214,24,0,0,0,8.191999979317188,4,4,0,0,40,0,0,40,2.38
214,24,0,1,0,65.5359998345375,4,4,0,0,40,0,0,40,2.38
214,24,0,2,0,9.216000325977802,4,4,0,0,40,0,0,40,2.38
214,24,0,3,0,4.095999989658594,4,4,0,0,40,0,0,40,2.38
214,40,0,0,1,8.191999979317188,4,4,0,0,40,0,0,40,2.28
214,40,0,1,1,55.296000093221664,4,4,0,0,40,0,0,40,2.28
214,40,0,2,1,9.216000325977802,4,4,0,0,40,0,0,40,2.28
214,40,0,3,1,4.095999989658594,4,4,0,0,40,0,0,40,2.28
215,2,0,0,0,9.216000325977802,4,4,0,0,40,0,0,40,4.84
215,2,0,1,0,63.48799914121628,4,4,0,0,40,0,0,40,4.84
215,2,0,2,0,9.216000325977802,4,4,0,0,40,0,0,40,4.84
215,2,0,3,0,5.119999870657921,4,4,0,0,40,0,0,40,4.84
215,24,0,0,0,8.191999979317188,4,4,0,2,38,0,0,40,133.069
215,24,0,1,0,66.56000018119812,4,4,0,2,38,0,0,40,133.069
215,24,0,2,0,9.216000325977802,4,4,0,2,38,0,0,40,133.069
215,24,0,3,0,45.05600035190582,4,4,0,2,38,0,0,40,133.069
215,40,0,0,1,9.216000325977802,4,4,0,0,40,0,0,40,3.15
215,40,0,1,1,73.72800260782242,4,4,0,0,40,0,0,40,3.15
215,40,0,2,1,9.216000325977802,4,4,0,0,40,0,0,40,3.15
215,40,0,3,1,4.095999989658594,4,4,0,0,40,0,0,40,3.15
216,2,0,0,0,14.336000196635723,4,4,0,4,35,1,0,40,173.039
216,2,0,1,0,69.63200122117996,4,4,0,4,35,1,0,40,173.039
216,2,0,2,0,168.96000504493713,4,4,0,4,35,1,0,40,173.039
216,2,0,3,0,4.095999989658594,4,4,0,4,35,1,0,40,173.039
216,24,0,0,0,8.191999979317188,4,4,0,1,39,0,0,40,67.84
216,24,0,1,0,80.89599758386612,4,4,0,1,39,0,0,40,67.84
216,24,0,2,0,8.191999979317188,4,4,0,1,39,0,0,40,67.84
216,24,0,3,0,4.095999989658594,4,4,0,1,39,0,0,40,67.84
216,40,0,0,1,9.216000325977802,4,4,0,0,40,0,0,40,3.22
216,40,0,1,1,88.06400001049042,4,4,0,0,40,0,0,40,3.22
216,40,0,2,1,9.216000325977802,4,4,0,0,40,0,0,40,3.22
216,40,0,3,1,4.095999989658594,4,4,0,0,40,0,0,40,3.22
217,2,0,0,0,14.336000196635723,4,4,0,4,35,1,0,40,187.859
217,2,0,1,0,66.56000018119812,4,4,0,4,35,1,0,40,187.859
217,2,0,2,0,168.96000504493713,4,4,0,4,35,1,0,40,187.859
217,2,0,3,0,6.144000217318535,4,4,0,4,35,1,0,40,187.859
217,24,0,0,0,7.168000098317862,4,4,0,1,39,0,0,40,59.959
217,24,0,1,0,81.91999793052673,4,4,0,1,39,0,0,40,59.959
217,24,0,2,0,9.216000325977802,4,4,0,1,39,0,0,40,59.959
217,24,0,3,0,4.095999989658594,4,4,0,1,39,0,0,40,59.959
217,40,0,0,1,15.359999611973763,4,4,0,1,39,0,0,40,175.96
217,40,0,1,1,78.84799689054489,4,4,0,1,39,0,0,40,175.96
217,40,0,2,1,8.191999979317188,4,4,0,1,39,0,0,40,175.96
217,40,0,3,1,69.63200122117996,4,4,0,1,39,0,0,40,175.96
218,2,0,0,0,14.336000196635723,3,3,0,0,30,0,0,30,1.96
218,2,0,1,0,55.296000093221664,3,3,0,0,30,0,0,30,1.96
218,2,0,2,0,9.216000325977802,3,3,0,0,30,0,0,30,1.96
218,2,0,3,0,5.119999870657921,3,3,0,0,30,0,0,30,1.96
218,24,0,0,0,9.216000325977802,3,3,0,0,30,0,0,30,2.27
218,24,0,1,0,60.416001826524734,3,3,0,0,30,0,0,30,2.27
218,24,0,2,0,9.216000325977802,3,3,0,0,30,0,0,30,2.27
218,24,0,3,0,4.095999989658594,3,3,0,0,30,0,0,30,2.27
218,40,0,0,1,9.216000325977802,3,3,0,0,30,0,0,30,1.94
218,40,0,1,1,49.15200173854828,3,3,0,0,30,0,0,30,1.94
218,40,0,2,1,9.216000325977802,3,3,0,0,30,0,0,30,1.94
218,40,0,3,1,5.119999870657921,3,3,0,0,30,0,0,30,1.94
219,2,0,0,0,9.216000325977802,1,1,0,1,9,0,0,10,58.63
219,2,0,1,0,30.719999223947525,1,1,0,1,9,0,0,10,58.63
219,2,0,2,0,9.216000325977802,1,1,0,1,9,0,0,10,58.63
219,2,0,3,0,6.144000217318535,1,1,0,1,9,0,0,10,58.63
219,24,0,0,0,8.191999979317188,1,1,0,0,10,0,0,10,0.58
219,24,0,1,0,31.74399957060814,1,1,0,0,10,0,0,10,0.58
219,24,0,2,0,9.216000325977802,1,1,0,0,10,0,0,10,0.58
219,24,0,3,0,4.095999989658594,1,1,0,0,10,0,0,10,0.58
219,40,0,0,1,8.191999979317188,1,1,0,0,10,0,0,10,2.33
219,40,0,1,1,35.840000957250595,1,1,0,0,10,0,0,10,2.33
219,40,0,2,1,9.216000325977802,1,1,0,0,10,0,0,10,2.33
219,40,0,3,1,4.095999989658594,1,1,0,0,10,0,0,10,2.33
220,2,0,0,0,8.191999979317188,4,4,0,5,35,0,0,40,259.749
220,2,0,1,0,63.48799914121628,4,4,0,5,35,0,0,40,259.749
220,2,0,2,0,9.216000325977802,4,4,0,5,35,0,0,40,259.749
220,2,0,3,0,174.0799993276596,4,4,0,5,35,0,0,40,259.749
220,24,0,0,0,8.191999979317188,4,4,0,0,40,0,0,40,2.79
220,24,0,1,0,75.77600330114365,4,4,0,0,40,0,0,40,2.79
220,24,0,2,0,8.191999979317188,4,4,0,0,40,0,0,40,2.79
220,24,0,3,0,4.095999989658594,4,4,0,0,40,0,0,40,2.79
220,40,0,0,1,9.216000325977802,4,4,0,0,40,0,0,40,2.751
220,40,0,1,1,59.39200147986412,4,4,0,0,40,0,0,40,2.751
220,40,0,2,1,9.216000325977802,4,4,0,0,40,0,0,40,2.751
220,40,0,3,1,4.095999989658594,4,4,0,0,40,0,0,40,2.751
221,2,0,0,0,15.359999611973763,4,4,0,1,39,0,0,40,61.051
221,2,0,1,0,74.75200295448303,4,4,0,1,39,0,0,40,61.051
221,2,0,2,0,9.216000325977802,4,4,0,1,39,0,0,40,61.051
221,2,0,3,0,5.119999870657921,4,4,0,1,39,0,0,40,61.051
221,24,0,0,0,8.191999979317188,4,4,0,0,40,0,0,40,2.17
221,24,0,1,0,71.68000191450119,4,4,0,0,40,0,0,40,2.17
221,24,0,2,0,8.191999979317188,4,4,0,0,40,0,0,40,2.17
221,24,0,3,0,4.095999989658594,4,4,0,0,40,0,0,40,2.17
221,40,0,0,1,9.216000325977802,4,4,0,0,40,0,0,40,2.51
221,40,0,1,1,83.96799862384796,4,4,0,0,40,0,0,40,2.51
221,40,0,2,1,9.216000325977802,4,4,0,0,40,0,0,40,2.51
221,40,0,3,1,4.095999989658594,4,4,0,0,40,0,0,40,2.51
222,2,0,0,0,15.359999611973763,4,4,0,1,39,0,0,40,84.9
222,2,0,1,0,68.60800087451935,4,4,0,1,39,0,0,40,84.9
222,2,0,2,0,9.216000325977802,4,4,0,1,39,0,0,40,84.9
222,2,0,3,0,5.119999870657921,4,4,0,1,39,0,0,40,84.9
222,24,0,0,0,8.191999979317188,4,4,0,1,39,0,0,40,72.95
222,24,0,1,0,77.82399654388428,4,4,0,1,39,0,0,40,72.95
222,24,0,2,0,8.191999979317188,4,4,0,1,39,0,0,40,72.95
222,24,0,3,0,3.0720001086592674,4,4,0,1,39,0,0,40,72.95
222,40,0,0,1,9.216000325977802,4,4,0,0,40,0,0,40,4.831
222,40,0,1,1,58.36800113320351,4,4,0,0,40,0,0,40,4.831
222,40,0,2,1,9.216000325977802,4,4,0,0,40,0,0,40,4.831
222,40,0,3,1,3.0720001086592674,4,4,0,0,40,0,0,40,4.831
223,2,0,0,0,15.359999611973763,4,4,0,4,35,1,0,40,174.939
223,2,0,1,0,78.84799689054489,4,4,0,4,35,1,0,40,174.939
223,2,0,2,0,168.96000504493713,4,4,0,4,35,1,0,40,174.939
223,2,0,3,0,5.119999870657921,4,4,0,4,35,1,0,40,174.939
223,24,0,0,0,8.191999979317188,4,4,0,0,40,0,0,40,3.32
223,24,0,1,0,64.51199948787689,4,4,0,0,40,0,0,40,3.32
223,24,0,2,0,9.216000325977802,4,4,0,0,40,0,0,40,3.32
223,24,0,3,0,4.095999989658594,4,4,0,0,40,0,0,40,3.32
223,40,0,0,1,9.216000325977802,4,4,0,0,40,0,0,40,5.08
223,40,0,1,1,64.51199948787689,4,4,0,0,40,0,0,40,5.08
223,40,0,2,1,9.216000325977802,4,4,0,0,40,0,0,40,5.08
223,40,0,3,1,5.119999870657921,4,4,0,0,40,0,0,40,5.08
224,2,0,0,0,10.239999741315842,4,4,0,0,40,0,0,40,5.18
224,2,0,1,0,79.8719972372055,4,4,0,0,40,0,0,40,5.18
224,2,0,2,0,9.216000325977802,4,4,0,0,40,0,0,40,5.18
224,2,0,3,0,5.119999870657921,4,4,0,0,40,0,0,40,5.18
224,24,0,0,0,8.191999979317188,4,4,0,1,39,0,0,40,169.33
224,24,0,1,0,69.63200122117996,4,4,0,1,39,0,0,40,169.33
224,24,0,2,0,9.216000325977802,4,4,0,1,39,0,0,40,169.33
224,24,0,3,0,79.8719972372055,4,4,0,1,39,0,0,40,169.33
224,40,0,0,1,11.264000087976456,4,4,0,2,38,0,0,40,181.26
224,40,0,1,1,79.8719972372055,4,4,0,2,38,0,0,40,181.26
224,40,0,2,1,9.216000325977802,4,4,0,2,38,0,0,40,181.26
224,40,0,3,1,81.91999793052673,4,4,0,2,38,0,0,40,181.26
225,2,0,0,0,14.336000196635723,4,4,0,0,40,0,0,40,3.209
225,2,0,1,0,82.94399827718735,4,4,0,0,40,0,0,40,3.209
225,2,0,2,0,9.216000325977802,4,4,0,0,40,0,0,40,3.209
225,2,0,3,0,5.119999870657921,4,4,0,0,40,0,0,40,3.209
225,24,0,0,0,8.191999979317188,4,4,0,0,40,0,0,40,3.37
225,24,0,1,0,72.7040022611618,4,4,0,0,40,0,0,40,3.37
225,24,0,2,0,9.216000325977802,4,4,0,0,40,0,0,40,3.37
225,24,0,3,0,4.095999989658594,4,4,0,0,40,0,0,40,3.37
225,40,0,0,1,9.216000325977802,4,4,0,0,40,0,0,40,3.37
225,40,0,1,1,69.63200122117996,4,4,0,0,40,0,0,40,3.37
225,40,0,2,1,9.216000325977802,4,4,0,0,40,0,0,40,3.37
225,40,0,3,1,4.095999989658594,4,4,0,0,40,0,0,40,3.37
226,2,0,0,0,8.191999979317188,4,4,0,1,39,0,0,40,65.75
226,2,0,1,0,59.39200147986412,4,4,0,1,39,0,0,40,65.75
226,2,0,2,0,8.191999979317188,4,4,0,1,39,0,0,40,65.75
226,2,0,3,0,6.144000217318535,4,4,0,1,39,0,0,40,65.75
226,24,0,0,0,9.216000325977802,4,4,0,3,37,0,0,40,149.279
226,24,0,1,0,64.51199948787689,4,4,0,3,37,0,0,40,149.279
226,24,0,2,0,9.216000325977802,4,4,0,3,37,0,0,40,149.279
226,24,0,3,0,66.56000018119812,4,4,0,3,37,0,0,40,149.279
226,40,0,0,1,8.191999979317188,4,4,0,0,40,0,0,40,2.551
226,40,0,1,1,59.39200147986412,4,4,0,0,40,0,0,40,2.551
226,40,0,2,1,9.216000325977802,4,4,0,0,40,0,0,40,2.551
226,40,0,3,1,4.095999989658594,4,4,0,0,40,0,0,40,2.551
227,2,0,0,0,15.359999611973763,4,4,0,2,38,0,0,40,351.699
227,2,0,1,0,66.56000018119812,4,4,0,2,38,0,0,40,351.699
227,2,0,2,0,9.216000325977802,4,4,0,2,38,0,0,40,351.699
227,2,0,3,0,265.21599292755127,4,4,0,2,38,0,0,40,351.699
227,24,0,0,0,8.191999979317188,4,4,0,0,40,0,0,40,3.609
227,24,0,1,0,84.99199897050858,4,4,0,0,40,0,0,40,3.609
227,24,0,2,0,9.216000325977802,4,4,0,0,40,0,0,40,3.609
227,24,0,3,0,4.095999989658594,4,4,0,0,40,0,0,40,3.609
227,40,0,0,1,8.191999979317188,4,4,0,0,40,0,0,40,2.25
227,40,0,1,1,58.36800113320351,4,4,0,0,40,0,0,40,2.25
227,40,0,2,1,9.216000325977802,4,4,0,0,40,0,0,40,2.25
227,40,0,3,1,4.095999989658594,4,4,0,0,40,0,0,40,2.25
228,2,0,0,0,15.359999611973763,4,4,0,3,37,0,0,40,156.97
228,2,0,1,0,68.60800087451935,4,4,0,3,37,0,0,40,156.97
228,2,0,2,0,9.216000325977802,4,4,0,3,37,0,0,40,156.97
228,2,0,3,0,61.43999844789505,4,4,0,3,37,0,0,40,156.97
228,24,0,0,0,7.168000098317862,4,4,0,1,39,0,0,40,68.739
228,24,0,1,0,76.80000364780426,4,4,0,1,39,0,0,40,68.739
228,24,0,2,0,9.216000325977802,4,4,0,1,39,0,0,40,68.739
228,24,0,3,0,4.095999989658594,4,4,0,1,39,0,0,40,68.739
228,40,0,0,1,9.216000325977802,4,4,0,0,40,0,0,40,2.47
228,40,0,1,1,65.5359998345375,4,4,0,0,40,0,0,40,2.47
228,40,0,2,1,9.216000325977802,4,4,0,0,40,0,0,40,2.47
228,40,0,3,1,4.095999989658594,4,4,0,0,40,0,0,40,2.47
229,2,0,0,0,15.359999611973763,4,4,0,2,38,0,0,40,149.6
229,2,0,1,0,68.60800087451935,4,4,0,2,38,0,0,40,149.6
229,2,0,2,0,9.216000325977802,4,4,0,2,38,0,0,40,149.6
229,2,0,3,0,54.27199974656105,4,4,0,2,38,0,0,40,149.6
229,24,0,0,0,9.216000325977802,4,4,0,3,37,0,0,40,146.54
229,24,0,1,0,67.58400052785873,4,4,0,3,37,0,0,40,146.54
229,24,0,2,0,9.216000325977802,4,4,0,3,37,0,0,40,146.54
229,24,0,3,0,56.32000043988228,4,4,0,3,37,0,0,40,146.54
229,40,0,0,1,9.216000325977802,4,4,0,0,40,0,0,40,2.98
229,40,0,1,1,59.39200147986412,4,4,0,0,40,0,0,40,2.98
229,40,0,2,1,9.216000325977802,4,4,0,0,40,0,0,40,2.98
229,40,0,3,1,4.095999989658594,4,4,0,0,40,0,0,40,2.98
230,2,0,0,0,10.239999741315842,4,4,0,2,38,0,0,40,107.73
230,2,0,1,0,74.75200295448303,4,4,0,2,38,0,0,40,107.73
230,2,0,2,0,9.216000325977802,4,4,0,2,38,0,0,40,107.73
230,2,0,3,0,10.239999741315842,4,4,0,2,38,0,0,40,107.73
230,24,0,0,0,8.191999979317188,4,4,0,2,38,0,0,40,441.018
230,24,0,1,0,71.68000191450119,4,4,0,2,38,0,0,40,441.018
230,24,0,2,0,9.216000325977802,4,4,0,2,38,0,0,40,441.018
230,24,0,3,0,355.3279936313629,4,4,0,2,38,0,0,40,441.018
230,40,0,0,1,15.359999611973763,4,4,0,2,38,0,0,40,187.339
230,40,0,1,1,76.80000364780426,4,4,0,2,38,0,0,40,187.339
230,40,0,2,1,9.216000325977802,4,4,0,2,38,0,0,40,187.339
230,40,0,3,1,83.96799862384796,4,4,0,2,38,0,0,40,187.339
231,2,0,0,0,10.239999741315842,4,4,0,5,33,2,0,40,256.389
231,2,0,1,0,69.63200122117996,4,4,0,5,33,2,0,40,256.389
231,2,0,2,0,169.98399794101715,4,4,0,5,33,2,0,40,256.389
231,2,0,3,0,13.311999849975109,4,4,0,5,33,2,0,40,256.389
231,24,0,0,0,9.216000325977802,4,4,0,0,40,0,0,40,5.76
231,24,0,1,0,75.77600330114365,4,4,0,0,40,0,0,40,5.76
231,24,0,2,0,9.216000325977802,4,4,0,0,40,0,0,40,5.76
231,24,0,3,0,5.119999870657921,4,4,0,0,40,0,0,40,5.76
231,40,0,0,1,9.216000325977802,4,4,0,0,40,0,0,40,5.389
231,40,0,1,1,87.0399996638298,4,4,0,0,40,0,0,40,5.389
231,40,0,2,1,9.216000325977802,4,4,0,0,40,0,0,40,5.389
231,40,0,3,1,4.095999989658594,4,4,0,0,40,0,0,40,5.389
232,2,0,0,0,9.216000325977802,2,2,0,1,19,0,0,20,59.54
232,2,0,1,0,51.19999870657921,2,2,0,1,19,0,0,20,59.54
232,2,0,2,0,9.216000325977802,2,2,0,1,19,0,0,20,59.54
232,2,0,3,0,5.119999870657921,2,2,0,1,19,0,0,20,59.54
232,24,0,0,0,8.191999979317188,2,2,0,0,20,0,0,20,2.95
232,24,0,1,0,45.05600035190582,2,2,0,0,20,0,0,20,2.95
232,24,0,2,0,9.216000325977802,2,2,0,0,20,0,0,20,2.95
232,24,0,3,0,4.095999989658594,2,2,0,0,20,0,0,20,2.95
232,40,0,0,1,9.216000325977802,2,2,0,1,19,0,0,20,78.36
232,40,0,1,1,46.08000069856644,2,2,0,1,19,0,0,20,78.36
232,40,0,2,1,11.264000087976456,2,2,0,1,19,0,0,20,78.36
232,40,0,3,1,8.191999979317188,2,2,0,1,19,0,0,20,78.36
233,2,0,0,0,9.216000325977802,4,4,0,0,40,0,0,40,5.76
233,2,0,1,0,81.91999793052673,4,4,0,0,40,0,0,40,5.76
233,2,0,2,0,9.216000325977802,4,4,0,0,40,0,0,40,5.76
233,2,0,3,0,4.095999989658594,4,4,0,0,40,0,0,40,5.76
233,24,0,0,0,8.191999979317188,4,4,0,0,40,0,0,40,2.85
233,24,0,1,0,73.72800260782242,4,4,0,0,40,0,0,40,2.85
233,24,0,2,0,8.191999979317188,4,4,0,0,40,0,0,40,2.85
233,24,0,3,0,4.095999989658594,4,4,0,0,40,0,0,40,2.85
233,40,0,0,1,9.216000325977802,4,4,0,0,40,0,0,40,5.29
233,40,0,1,1,77.82399654388428,4,4,0,0,40,0,0,40,5.29
233,40,0,2,1,9.216000325977802,4,4,0,0,40,0,0,40,5.29
233,40,0,3,1,4.095999989658594,4,4,0,0,40,0,0,40,5.29
234,2,0,0,0,9.216000325977802,2,2,0,0,20,0,0,20,1.29
234,2,0,1,0,47.10400104522705,2,2,0,0,20,0,0,20,1.29
234,2,0,2,0,8.191999979317188,2,2,0,0,20,0,0,20,1.29
234,2,0,3,0,6.144000217318535,2,2,0,0,20,0,0,20,1.29
234,24,0,0,0,11.264000087976456,2,2,0,1,19,0,0,20,48.46
234,24,0,1,0,49.15200173854828,2,2,0,1,19,0,0,20,48.46
234,24,0,2,0,9.216000325977802,2,2,0,1,19,0,0,20,48.46
234,24,0,3,0,4.095999989658594,2,2,0,1,19,0,0,20,48.46
234,40,0,0,1,8.191999979317188,2,2,0,0,20,0,0,20,1.83
234,40,0,1,1,48.128001391887665,2,2,0,0,20,0,0,20,1.83
234,40,0,2,1,10.239999741315842,2,2,0,0,20,0,0,20,1.83
234,40,0,3,1,4.095999989658594,2,2,0,0,20,0,0,20,1.83
235,2,0,0,0,9.216000325977802,4,4,0,2,38,0,0,40,109.84
235,2,0,1,0,73.72800260782242,4,4,0,2,38,0,0,40,109.84
235,2,0,2,0,9.216000325977802,4,4,0,2,38,0,0,40,109.84
235,2,0,3,0,14.336000196635723,4,4,0,2,38,0,0,40,109.84
235,24,0,0,0,7.168000098317862,4,4,0,3,36,1,0,40,156.129
235,24,0,1,0,68.60800087451935,4,4,0,3,36,1,0,40,156.129
235,24,0,2,0,168.96000504493713,4,4,0,3,36,1,0,40,156.129
235,24,0,3,0,5.119999870657921,4,4,0,3,36,1,0,40,156.129
235,40,0,0,1,9.216000325977802,4,4,0,0,40,0,0,40,3.1
235,40,0,1,1,76.80000364780426,4,4,0,0,40,0,0,40,3.1
235,40,0,2,1,9.216000325977802,4,4,0,0,40,0,0,40,3.1
235,40,0,3,1,4.095999989658594,4,4,0,0,40,0,0,40,3.1
236,2,0,0,0,14.336000196635723,4,4,0,0,40,0,0,40,4.54
236,2,0,1,0,93.18400174379349,4,4,0,0,40,0,0,40,4.54
236,2,0,2,0,9.216000325977802,4,4,0,0,40,0,0,40,4.54
236,2,0,3,0,5.119999870657921,4,4,0,0,40,0,0,40,4.54
236,24,0,0,0,8.191999979317188,4,4,0,1,39,0,0,40,69.66
236,24,0,1,0,73.72800260782242,4,4,0,1,39,0,0,40,69.66
236,24,0,2,0,8.191999979317188,4,4,0,1,39,0,0,40,69.66
236,24,0,3,0,4.095999989658594,4,4,0,1,39,0,0,40,69.66
236,40,0,0,1,9.216000325977802,4,4,0,0,40,0,0,40,2.869
236,40,0,1,1,73.72800260782242,4,4,0,0,40,0,0,40,2.869
236,40,0,2,1,8.191999979317188,4,4,0,0,40,0,0,40,2.869
236,40,0,3,1,4.095999989658594,4,4,0,0,40,0,0,40,2.869
237,2,0,0,0,14.336000196635723,4,4,0,0,40,0,0,40,2.66
237,2,0,1,0,66.56000018119812,4,4,0,0,40,0,0,40,2.66
237,2,0,2,0,8.191999979317188,4,4,0,0,40,0,0,40,2.66
237,2,0,3,0,5.119999870657921,4,4,0,0,40,0,0,40,2.66
237,24,0,0,0,8.191999979317188,4,4,0,1,39,0,0,40,66.209
237,24,0,1,0,73.72800260782242,4,4,0,1,39,0,0,40,66.209
237,24,0,2,0,9.216000325977802,4,4,0,1,39,0,0,40,66.209
237,24,0,3,0,4.095999989658594,4,4,0,1,39,0,0,40,66.209
237,40,0,0,1,9.216000325977802,4,4,0,0,40,0,0,40,3.52
237,40,0,1,1,66.56000018119812,4,4,0,0,40,0,0,40,3.52
237,40,0,2,1,9.216000325977802,4,4,0,0,40,0,0,40,3.52
237,40,0,3,1,4.095999989658594,4,4,0,0,40,0,0,40,3.52
238,2,0,0,0,16.383999958634377,4,4,0,1,39,0,0,40,69.099
238,2,0,1,0,60.416001826524734,4,4,0,1,39,0,0,40,69.099
238,2,0,2,0,9.216000325977802,4,4,0,1,39,0,0,40,69.099
238,2,0,3,0,8.191999979317188,4,4,0,1,39,0,0,40,69.099
238,24,0,0,0,8.191999979317188,4,4,0,3,36,1,0,40,159.91
238,24,0,1,0,80.89599758386612,4,4,0,3,36,1,0,40,159.91
238,24,0,2,0,168.96000504493713,4,4,0,3,36,1,0,40,159.91
238,24,0,3,0,5.119999870657921,4,4,0,3,36,1,0,40,159.91
238,40,0,0,1,9.216000325977802,4,4,0,0,40,0,0,40,2.86
238,40,0,1,1,54.27199974656105,4,4,0,0,40,0,0,40,2.86
238,40,0,2,1,9.216000325977802,4,4,0,0,40,0,0,40,2.86
238,40,0,3,1,4.095999989658594,4,4,0,0,40,0,0,40,2.86
239,2,0,0,0,14.336000196635723,4,4,0,0,40,0,0,40,5.95
239,2,0,1,0,80.89599758386612,4,4,0,0,40,0,0,40,5.95
239,2,0,2,0,8.191999979317188,4,4,0,0,40,0,0,40,5.95
239,2,0,3,0,4.095999989658594,4,4,0,0,40,0,0,40,5.95
239,24,0,0,0,8.191999979317188,4,4,0,1,39,0,0,40,70.24
239,24,0,1,0,69.63200122117996,4,4,0,1,39,0,0,40,70.24
239,24,0,2,0,9.216000325977802,4,4,0,1,39,0,0,40,70.24
239,24,0,3,0,4.095999989658594,4,4,0,1,39,0,0,40,70.24
239,40,0,0,1,15.359999611973763,4,4,0,1,39,0,0,40,71.98
239,40,0,1,1,67.58400052785873,4,4,0,1,39,0,0,40,71.98
239,40,0,2,1,9.216000325977802,4,4,0,1,39,0,0,40,71.98
239,40,0,3,1,4.095999989658594,4,4,0,1,39,0,0,40,71.98
240,2,0,0,0,14.336000196635723,4,4,0,3,36,1,0,40,158.9
240,2,0,1,0,66.56000018119812,4,4,0,3,36,1,0,40,158.9
240,2,0,2,0,177.15199291706085,4,4,0,3,36,1,0,40,158.9
240,2,0,3,0,5.119999870657921,4,4,0,3,36,1,0,40,158.9
240,24,0,0,0,8.191999979317188,4,4,0,0,40,0,0,40,2.99
240,24,0,1,0,83.96799862384796,4,4,0,0,40,0,0,40,2.99
240,24,0,2,0,9.216000325977802,4,4,0,0,40,0,0,40,2.99
240,24,0,3,0,4.095999989658594,4,4,0,0,40,0,0,40,2.99
240,40,0,0,1,9.216000325977802,4,4,0,2,38,0,0,40,135.12
240,40,0,1,1,73.72800260782242,4,4,0,2,38,0,0,40,135.12
240,40,0,2,1,9.216000325977802,4,4,0,2,38,0,0,40,135.12
240,40,0,3,1,57.34400078654289,4,4,0,2,38,0,0,40,135.12
241,2,0,0,0,9.216000325977802,4,4,0,3,37,0,0,40,228.709
241,2,0,1,0,68.60800087451935,4,4,0,3,37,0,0,40,228.709
241,2,0,2,0,8.191999979317188,4,4,0,3,37,0,0,40,228.709
241,2,0,3,0,139.26400244235992,4,4,0,3,37,0,0,40,228.709
241,24,0,0,0,8.191999979317188,4,4,0,3,37,0,0,40,145.92
241,24,0,1,0,71.68000191450119,4,4,0,3,37,0,0,40,145.92
241,24,0,2,0,9.216000325977802,4,4,0,3,37,0,0,40,145.92
241,24,0,3,0,53.247999399900436,4,4,0,3,37,0,0,40,145.92
241,40,0,0,1,8.191999979317188,4,4,0,1,39,0,0,40,76.709
241,40,0,1,1,72.7040022611618,4,4,0,1,39,0,0,40,76.709
241,40,0,2,1,9.216000325977802,4,4,0,1,39,0,0,40,76.709
241,40,0,3,1,4.095999989658594,4,4,0,1,39,0,0,40,76.709
242,2,0,0,0,10.239999741315842,1,1,0,2,8,0,0,10,83.94
242,2,0,1,0,27.648000046610832,1,1,0,2,8,0,0,10,83.94
242,2,0,2,0,9.216000325977802,1,1,0,2,8,0,0,10,83.94
242,2,0,3,0,32.76799991726875,1,1,0,2,8,0,0,10,83.94
242,24,0,0,0,9.216000325977802,1,1,0,1,9,0,0,10,62.1
242,24,0,1,0,30.719999223947525,1,1,0,1,9,0,0,10,62.1
242,24,0,2,0,9.216000325977802,1,1,0,1,9,0,0,10,62.1
242,24,0,3,0,9.216000325977802,1,1,0,1,9,0,0,10,62.1
242,40,0,0,1,9.216000325977802,1,1,0,0,10,0,0,10,1.15
242,40,0,1,1,34.81600061058998,1,1,0,0,10,0,0,10,1.15
242,40,0,2,1,8.191999979317188,1,1,0,0,10,0,0,10,1.15
242,40,0,3,1,4.095999989658594,1,1,0,0,10,0,0,10,1.15
243,2,0,0,0,15.359999611973763,4,4,0,2,38,0,0,40,1096.466
243,2,0,1,0,76.80000364780426,4,4,0,2,38,0,0,40,1096.466
243,2,0,2,0,9.216000325977802,4,4,0,2,38,0,0,40,1096.466
243,2,0,3,0,992.2559857368469,4,4,0,2,38,0,0,40,1096.466
243,24,0,0,0,8.191999979317188,4,4,0,4,35,1,0,40,215.81
243,24,0,1,0,71.68000191450119,4,4,0,4,35,1,0,40,215.81
243,24,0,2,0,167.93599724769592,4,4,0,4,35,1,0,40,215.81
243,24,0,3,0,5.119999870657921,4,4,0,4,35,1,0,40,215.81
243,40,0,0,1,11.264000087976456,4,4,0,0,40,0,0,40,7.25
243,40,0,1,1,89.08800035715103,4,4,0,0,40,0,0,40,7.25
243,40,0,2,1,9.216000325977802,4,4,0,0,40,0,0,40,7.25
243,40,0,3,1,4.095999989658594,4,4,0,0,40,0,0,40,7.25
244,2,0,0,0,8.191999979317188,4,4,0,1,39,0,0,40,70.929
244,2,0,1,0,82.94399827718735,4,4,0,1,39,0,0,40,70.929
244,2,0,2,0,9.216000325977802,4,4,0,1,39,0,0,40,70.929
244,2,0,3,0,4.095999989658594,4,4,0,1,39,0,0,40,70.929
244,24,0,0,0,8.191999979317188,4,4,0,0,40,0,0,40,2.67
244,24,0,1,0,75.77600330114365,4,4,0,0,40,0,0,40,2.67
244,24,0,2,0,9.216000325977802,4,4,0,0,40,0,0,40,2.67
244,24,0,3,0,4.095999989658594,4,4,0,0,40,0,0,40,2.67
244,40,0,0,1,16.383999958634377,4,4,0,0,40,0,0,40,2.79
244,40,0,1,1,64.51199948787689,4,4,0,0,40,0,0,40,2.79
244,40,0,2,1,9.216000325977802,4,4,0,0,40,0,0,40,2.79
244,40,0,3,1,4.095999989658594,4,4,0,0,40,0,0,40,2.79
245,2,0,0,0,9.216000325977802,4,4,0,2,38,0,0,40,115.78
245,2,0,1,0,65.5359998345375,4,4,0,2,38,0,0,40,115.78
245,2,0,2,0,9.216000325977802,4,4,0,2,38,0,0,40,115.78
245,2,0,3,0,30.719999223947525,4,4,0,2,38,0,0,40,115.78
245,24,0,0,0,8.191999979317188,4,4,0,0,40,0,0,40,3.169
245,24,0,1,0,66.56000018119812,4,4,0,0,40,0,0,40,3.169
245,24,0,2,0,8.191999979317188,4,4,0,0,40,0,0,40,3.169
245,24,0,3,0,4.095999989658594,4,4,0,0,40,0,0,40,3.169
245,40,0,0,1,9.216000325977802,4,4,0,0,40,0,0,40,4.069
245,40,0,1,1,54.27199974656105,4,4,0,0,40,0,0,40,4.069
245,40,0,2,1,9.216000325977802,4,4,0,0,40,0,0,40,4.069
245,40,0,3,1,4.095999989658594,4,4,0,0,40,0,0,40,4.069
246,2,0,0,0,9.216000325977802,4,4,0,1,39,0,0,40,70.57
246,2,0,1,0,72.7040022611618,4,4,0,1,39,0,0,40,70.57
246,2,0,2,0,9.216000325977802,4,4,0,1,39,0,0,40,70.57
246,2,0,3,0,4.095999989658594,4,4,0,1,39,0,0,40,70.57
246,24,0,0,0,8.191999979317188,4,4,0,0,40,0,0,40,2.329
246,24,0,1,0,61.43999844789505,4,4,0,0,40,0,0,40,2.329
246,24,0,2,0,9.216000325977802,4,4,0,0,40,0,0,40,2.329
246,24,0,3,0,4.095999989658594,4,4,0,0,40,0,0,40,2.329
246,40,0,0,1,8.191999979317188,4,4,0,0,40,0,0,40,3.729
246,40,0,1,1,76.80000364780426,4,4,0,0,40,0,0,40,3.729
246,40,0,2,1,9.216000325977802,4,4,0,0,40,0,0,40,3.729
246,40,0,3,1,4.095999989658594,4,4,0,0,40,0,0,40,3.729
247,2,0,0,0,9.216000325977802,1,1,0,1,9,0,0,10,71.269
247,2,0,1,0,29.69600073993206,1,1,0,1,9,0,0,10,71.269
247,2,0,2,0,8.191999979317188,1,1,0,1,9,0,0,10,71.269
247,2,0,3,0,21.503999829292297,1,1,0,1,9,0,0,10,71.269
247,24,0,0,0,9.216000325977802,1,1,0,0,10,0,0,10,1.13
247,24,0,1,0,31.74399957060814,1,1,0,0,10,0,0,10,1.13
247,24,0,2,0,9.216000325977802,1,1,0,0,10,0,0,10,1.13
247,24,0,3,0,4.095999989658594,1,1,0,0,10,0,0,10,1.13
247,40,0,0,1,8.191999979317188,1,1,0,1,9,0,0,10,63.04
247,40,0,1,1,33.79200026392937,1,1,0,1,9,0,0,10,63.04
247,40,0,2,1,10.239999741315842,1,1,0,1,9,0,0,10,63.04
247,40,0,3,1,8.191999979317188,1,1,0,1,9,0,0,10,63.04
248,2,0,0,0,14.336000196635723,4,4,0,0,40,0,0,40,5.809
248,2,0,1,0,76.80000364780426,4,4,0,0,40,0,0,40,5.809
248,2,0,2,0,8.191999979317188,4,4,0,0,40,0,0,40,5.809
248,2,0,3,0,4.095999989658594,4,4,0,0,40,0,0,40,5.809
248,24,0,0,0,8.191999979317188,4,4,0,0,40,0,0,40,2.48
248,24,0,1,0,63.48799914121628,4,4,0,0,40,0,0,40,2.48
248,24,0,2,0,9.216000325977802,4,4,0,0,40,0,0,40,2.48
248,24,0,3,0,4.095999989658594,4,4,0,0,40,0,0,40,2.48
248,40,0,0,1,9.216000325977802,4,4,0,0,40,0,0,40,5.17
248,40,0,1,1,64.51199948787689,4,4,0,0,40,0,0,40,5.17
248,40,0,2,1,9.216000325977802,4,4,0,0,40,0,0,40,5.17
248,40,0,3,1,4.095999989658594,4,4,0,0,40,0,0,40,5.17
249,2,0,0,0,15.359999611973763,4,4,0,2,38,0,0,40,122.13
249,2,0,1,0,76.80000364780426,4,4,0,2,38,0,0,40,122.13
249,2,0,2,0,8.191999979317188,4,4,0,2,38,0,0,40,122.13
249,2,0,3,0,16.383999958634377,4,4,0,2,38,0,0,40,122.13
249,24,0,0,0,8.191999979317188,4,4,0,0,40,0,0,40,5.7
249,24,0,1,0,62.463998794555664,4,4,0,0,40,0,0,40,5.7
249,24,0,2,0,8.191999979317188,4,4,0,0,40,0,0,40,5.7
249,24,0,3,0,3.0720001086592674,4,4,0,0,40,0,0,40,5.7
249,40,0,0,1,9.216000325977802,4,4,0,0,40,0,0,40,4.149
249,40,0,1,1,60.416001826524734,4,4,0,0,40,0,0,40,4.149
249,40,0,2,1,9.216000325977802,4,4,0,0,40,0,0,40,4.149
249,40,0,3,1,4.095999989658594,4,4,0,0,40,0,0,40,4.149
250,2,0,0,0,10.239999741315842,4,4,0,1,39,0,0,40,70.23
250,2,0,1,0,84.99199897050858,4,4,0,1,39,0,0,40,70.23
250,2,0,2,0,8.191999979317188,4,4,0,1,39,0,0,40,70.23
250,2,0,3,0,4.095999989658594,4,4,0,1,39,0,0,40,70.23
250,24,0,0,0,8.191999979317188,4,4,0,0,40,0,0,40,3.011
250,24,0,1,0,58.36800113320351,4,4,0,0,40,0,0,40,3.011
250,24,0,2,0,8.191999979317188,4,4,0,0,40,0,0,40,3.011
250,24,0,3,0,3.0720001086592674,4,4,0,0,40,0,0,40,3.011
250,40,0,0,1,8.191999979317188,4,4,0,0,40,0,0,40,2.29
250,40,0,1,1,64.51199948787689,4,4,0,0,40,0,0,40,2.29
250,40,0,2,1,9.216000325977802,4,4,0,0,40,0,0,40,2.29
250,40,0,3,1,4.095999989658594,4,4,0,0,40,0,0,40,2.29
251,2,0,0,0,14.336000196635723,4,4,0,0,40,0,0,40,4.29
251,2,0,1,0,79.8719972372055,4,4,0,0,40,0,0,40,4.29
251,2,0,2,0,9.216000325977802,4,4,0,0,40,0,0,40,4.29
251,2,0,3,0,5.119999870657921,4,4,0,0,40,0,0,40,4.29
251,24,0,0,0,8.191999979317188,4,4,0,1,39,0,0,40,67.31
251,24,0,1,0,57.34400078654289,4,4,0,1,39,0,0,40,67.31
251,24,0,2,0,9.216000325977802,4,4,0,1,39,0,0,40,67.31
251,24,0,3,0,4.095999989658594,4,4,0,1,39,0,0,40,67.31
251,40,0,0,1,9.216000325977802,4,4,0,0,40,0,0,40,2.189
251,40,0,1,1,63.48799914121628,4,4,0,0,40,0,0,40,2.189
251,40,0,2,1,8.191999979317188,4,4,0,0,40,0,0,40,2.189
251,40,0,3,1,4.095999989658594,4,4,0,0,40,0,0,40,2.189
252,2,0,0,0,14.336000196635723,4,4,0,1,39,0,0,40,69.789
252,2,0,1,0,76.80000364780426,4,4,0,1,39,0,0,40,69.789
252,2,0,2,0,9.216000325977802,4,4,0,1,39,0,0,40,69.789
252,2,0,3,0,4.095999989658594,4,4,0,1,39,0,0,40,69.789
252,24,0,0,0,8.191999979317188,4,4,0,0,40,0,0,40,2.18
252,24,0,1,0,66.56000018119812,4,4,0,0,40,0,0,40,2.18
252,24,0,2,0,9.216000325977802,4,4,0,0,40,0,0,40,2.18
252,24,0,3,0,4.095999989658594,4,4,0,0,40,0,0,40,2.18
252,40,0,0,1,9.216000325977802,4,4,0,0,40,0,0,40,2.409
252,40,0,1,1,74.75200295448303,4,4,0,0,40,0,0,40,2.409
252,40,0,2,1,8.191999979317188,4,4,0,0,40,0,0,40,2.409
252,40,0,3,1,4.095999989658594,4,4,0,0,40,0,0,40,2.409
253,2,0,0,0,14.336000196635723,4,4,0,2,38,0,0,40,71.35
253,2,0,1,0,78.84799689054489,4,4,0,2,38,0,0,40,71.35
253,2,0,2,0,9.216000325977802,4,4,0,2,38,0,0,40,71.35
253,2,0,3,0,4.095999989658594,4,4,0,2,38,0,0,40,71.35
253,24,0,0,0,8.191999979317188,4,4,0,0,40,0,0,40,4.949
253,24,0,1,0,74.75200295448303,4,4,0,0,40,0,0,40,4.949
253,24,0,2,0,9.216000325977802,4,4,0,0,40,0,0,40,4.949
253,24,0,3,0,4.095999989658594,4,4,0,0,40,0,0,40,4.949
253,40,0,0,1,9.216000325977802,4,4,0,0,40,0,0,40,2.809
253,40,0,1,1,76.80000364780426,4,4,0,0,40,0,0,40,2.809
253,40,0,2,1,9.216000325977802,4,4,0,0,40,0,0,40,2.809
253,40,0,3,1,4.095999989658594,4,4,0,0,40,0,0,40,2.809
254,2,0,0,0,14.336000196635723,4,4,0,1,39,0,0,40,67.86
254,2,0,1,0,73.72800260782242,4,4,0,1,39,0,0,40,67.86
254,2,0,2,0,9.216000325977802,4,4,0,1,39,0,0,40,67.86
254,2,0,3,0,5.119999870657921,4,4,0,1,39,0,0,40,67.86
254,24,0,0,0,8.191999979317188,4,4,0,0,40,0,0,40,2.6
254,24,0,1,0,61.43999844789505,4,4,0,0,40,0,0,40,2.6
254,24,0,2,0,8.191999979317188,4,4,0,0,40,0,0,40,2.6
254,24,0,3,0,5.119999870657921,4,4,0,0,40,0,0,40,2.6
254,40,0,0,1,9.216000325977802,4,4,0,0,40,0,0,40,2.24
254,40,0,1,1,71.68000191450119,4,4,0,0,40,0,0,40,2.24
254,40,0,2,1,9.216000325977802,4,4,0,0,40,0,0,40,2.24
254,40,0,3,1,4.095999989658594,4,4,0,0,40,0,0,40,2.24
255,2,0,0,0,9.216000325977802,4,4,0,3,37,0,0,40,151.919
255,2,0,1,0,77.82399654388428,4,4,0,3,37,0,0,40,151.919
255,2,0,2,0,9.216000325977802,4,4,0,3,37,0,0,40,151.919
255,2,0,3,0,52.22399905323982,4,4,0,3,37,0,0,40,151.919
255,24,0,0,0,8.191999979317188,4,4,0,0,40,0,0,40,3.0
255,24,0,1,0,63.48799914121628,4,4,0,0,40,0,0,40,3.0
255,24,0,2,0,8.191999979317188,4,4,0,0,40,0,0,40,3.0
255,24,0,3,0,4.095999989658594,4,4,0,0,40,0,0,40,3.0
255,40,0,0,1,8.191999979317188,4,4,0,0,40,0,0,40,1.969
255,40,0,1,1,60.416001826524734,4,4,0,0,40,0,0,40,1.969
255,40,0,2,1,9.216000325977802,4,4,0,0,40,0,0,40,1.969
255,40,0,3,1,4.095999989658594,4,4,0,0,40,0,0,40,1.969
256,2,0,0,0,15.359999611973763,3,3,0,2,28,0,0,30,322.799
256,2,0,1,0,68.60800087451935,3,3,0,2,28,0,0,30,322.799
256,2,0,2,0,8.191999979317188,3,3,0,2,28,0,0,30,322.799
256,2,0,3,0,226.30399465560913,3,3,0,2,28,0,0,30,322.799
256,24,0,0,0,9.216000325977802,3,3,0,0,30,0,0,30,1.98
256,24,0,1,0,53.247999399900436,3,3,0,0,30,0,0,30,1.98
256,24,0,2,0,9.216000325977802,3,3,0,0,30,0,0,30,1.98
256,24,0,3,0,4.095999989658594,3,3,0,0,30,0,0,30,1.98
256,40,0,0,1,9.216000325977802,3,3,0,0,30,0,0,30,3.2
256,40,0,1,1,53.247999399900436,3,3,0,0,30,0,0,30,3.2
256,40,0,2,1,9.216000325977802,3,3,0,0,30,0,0,30,3.2
256,40,0,3,1,5.119999870657921,3,3,0,0,30,0,0,30,3.2
257,2,0,0,0,16.383999958634377,3,3,0,0,30,0,0,30,3.75
257,2,0,1,0,71.68000191450119,3,3,0,0,30,0,0,30,3.75
257,2,0,2,0,8.191999979317188,3,3,0,0,30,0,0,30,3.75
257,2,0,3,0,5.119999870657921,3,3,0,0,30,0,0,30,3.75
257,24,0,0,0,9.216000325977802,3,3,0,0,30,0,0,30,1.98
257,24,0,1,0,61.43999844789505,3,3,0,0,30,0,0,30,1.98
257,24,0,2,0,9.216000325977802,3,3,0,0,30,0,0,30,1.98
257,24,0,3,0,4.095999989658594,3,3,0,0,30,0,0,30,1.98
257,40,0,0,1,8.191999979317188,3,3,0,0,30,0,0,30,1.53
257,40,0,1,1,50.175998359918594,3,3,0,0,30,0,0,30,1.53
257,40,0,2,1,9.216000325977802,3,3,0,0,30,0,0,30,1.53
257,40,0,3,1,4.095999989658594,3,3,0,0,30,0,0,30,1.53
258,2,0,0,0,15.359999611973763,4,4,0,0,40,0,0,40,2.94
258,2,0,1,0,93.18400174379349,4,4,0,0,40,0,0,40,2.94
258,2,0,2,0,9.216000325977802,4,4,0,0,40,0,0,40,2.94
258,2,0,3,0,4.095999989658594,4,4,0,0,40,0,0,40,2.94
258,24,0,0,0,8.191999979317188,4,4,0,0,40,0,0,40,4.23
258,24,0,1,0,61.43999844789505,4,4,0,0,40,0,0,40,4.23
258,24,0,2,0,9.216000325977802,4,4,0,0,40,0,0,40,4.23
258,24,0,3,0,3.0720001086592674,4,4,0,0,40,0,0,40,4.23
258,40,0,0,1,9.216000325977802,4,4,0,1,39,0,0,40,65.79
258,40,0,1,1,59.39200147986412,4,4,0,1,39,0,0,40,65.79
258,40,0,2,1,9.216000325977802,4,4,0,1,39,0,0,40,65.79
258,40,0,3,1,4.095999989658594,4,4,0,1,39,0,0,40,65.79
259,2,0,0,0,8.191999979317188,2,2,0,1,19,0,0,20,62.59
259,2,0,1,0,47.10400104522705,2,2,0,1,19,0,0,20,62.59
259,2,0,2,0,9.216000325977802,2,2,0,1,19,0,0,20,62.59
259,2,0,3,0,5.119999870657921,2,2,0,1,19,0,0,20,62.59
259,24,0,0,0,8.191999979317188,2,2,0,0,20,0,0,20,1.43
259,24,0,1,0,41.98399931192398,2,2,0,0,20,0,0,20,1.43
259,24,0,2,0,8.191999979317188,2,2,0,0,20,0,0,20,1.43
259,24,0,3,0,4.095999989658594,2,2,0,0,20,0,0,20,1.43
259,40,0,0,1,9.216000325977802,2,2,0,0,20,0,0,20,3.32
259,40,0,1,1,49.15200173854828,2,2,0,0,20,0,0,20,3.32
259,40,0,2,1,9.216000325977802,2,2,0,0,20,0,0,20,3.32
259,40,0,3,1,5.119999870657921,2,2,0,0,20,0,0,20,3.32
260,2,0,0,0,8.191999979317188,4,4,0,1,39,0,0,40,74.43
260,2,0,1,0,74.75200295448303,4,4,0,1,39,0,0,40,74.43
260,2,0,2,0,8.191999979317188,4,4,0,1,39,0,0,40,74.43
260,2,0,3,0,5.119999870657921,4,4,0,1,39,0,0,40,74.43
260,24,0,0,0,8.191999979317188,4,4,0,0,40,0,0,40,3.9
260,24,0,1,0,69.63200122117996,4,4,0,0,40,0,0,40,3.9
260,24,0,2,0,9.216000325977802,4,4,0,0,40,0,0,40,3.9
260,24,0,3,0,4.095999989658594,4,4,0,0,40,0,0,40,3.9
260,40,0,0,1,9.216000325977802,4,4,0,0,40,0,0,40,2.189
260,40,0,1,1,71.68000191450119,4,4,0,0,40,0,0,40,2.189
260,40,0,2,1,9.216000325977802,4,4,0,0,40,0,0,40,2.189
260,40,0,3,1,4.095999989658594,4,4,0,0,40,0,0,40,2.189
261,2,0,0,0,8.191999979317188,2,2,0,0,20,0,0,20,1.691
261,2,0,1,0,51.19999870657921,2,2,0,0,20,0,0,20,1.691
261,2,0,2,0,9.216000325977802,2,2,0,0,20,0,0,20,1.691
261,2,0,3,0,6.144000217318535,2,2,0,0,20,0,0,20,1.691
261,24,0,0,0,9.216000325977802,2,2,0,0,20,0,0,20,1.349
261,24,0,1,0,49.15200173854828,2,2,0,0,20,0,0,20,1.349
261,24,0,2,0,9.216000325977802,2,2,0,0,20,0,0,20,1.349
261,24,0,3,0,4.095999989658594,2,2,0,0,20,0,0,20,1.349
261,40,0,0,1,10.239999741315842,2,2,0,1,19,0,0,20,104.19
261,40,0,1,1,41.98399931192398,2,2,0,1,19,0,0,20,104.19
261,40,0,2,1,10.239999741315842,2,2,0,1,19,0,0,20,104.19
261,40,0,3,1,37.88800165057182,2,2,0,1,19,0,0,20,104.19
262,2,0,0,0,8.191999979317188,2,2,0,0,20,0,0,20,1.629
262,2,0,1,0,46.08000069856644,2,2,0,0,20,0,0,20,1.629
262,2,0,2,0,9.216000325977802,2,2,0,0,20,0,0,20,1.629
262,2,0,3,0,5.119999870657921,2,2,0,0,20,0,0,20,1.629
262,24,0,0,0,9.216000325977802,2,2,0,0,20,0,0,20,1.24
262,24,0,1,0,45.05600035190582,2,2,0,0,20,0,0,20,1.24
262,24,0,2,0,8.191999979317188,2,2,0,0,20,0,0,20,1.24
262,24,0,3,0,4.095999989658594,2,2,0,0,20,0,0,20,1.24
262,40,0,0,1,9.216000325977802,2,2,0,0,20,0,0,20,0.85
262,40,0,1,1,46.08000069856644,2,2,0,0,20,0,0,20,0.85
262,40,0,2,1,10.239999741315842,2,2,0,0,20,0,0,20,0.85
262,40,0,3,1,4.095999989658594,2,2,0,0,20,0,0,20,0.85
263,2,0,0,0,14.336000196635723,4,4,0,1,39,0,0,40,64.99
263,2,0,1,0,78.84799689054489,4,4,0,1,39,0,0,40,64.99
263,2,0,2,0,9.216000325977802,4,4,0,1,39,0,0,40,64.99
263,2,0,3,0,5.119999870657921,4,4,0,1,39,0,0,40,64.99
263,24,0,0,0,8.191999979317188,4,4,0,0,40,0,0,40,2.109
263,24,0,1,0,61.43999844789505,4,4,0,0,40,0,0,40,2.109
263,24,0,2,0,9.216000325977802,4,4,0,0,40,0,0,40,2.109
263,24,0,3,0,4.095999989658594,4,4,0,0,40,0,0,40,2.109
263,40,0,0,1,9.216000325977802,4,4,0,0,40,0,0,40,1.87
263,40,0,1,1,72.7040022611618,4,4,0,0,40,0,0,40,1.87
263,40,0,2,1,8.191999979317188,4,4,0,0,40,0,0,40,1.87
263,40,0,3,1,3.0720001086592674,4,4,0,0,40,0,0,40,1.87
264,2,0,0,0,9.216000325977802,4,4,0,1,39,0,0,40,64.14
264,2,0,1,0,86.01599931716919,4,4,0,1,39,0,0,40,64.14
264,2,0,2,0,9.216000325977802,4,4,0,1,39,0,0,40,64.14
264,2,0,3,0,5.119999870657921,4,4,0,1,39,0,0,40,64.14
264,24,0,0,0,9.216000325977802,4,4,0,0,40,0,0,40,2.571
264,24,0,1,0,62.463998794555664,4,4,0,0,40,0,0,40,2.571
264,24,0,2,0,9.216000325977802,4,4,0,0,40,0,0,40,2.571
264,24,0,3,0,4.095999989658594,4,4,0,0,40,0,0,40,2.571
264,40,0,0,1,9.216000325977802,4,4,0,0,40,0,0,40,2.269
264,40,0,1,1,72.7040022611618,4,4,0,0,40,0,0,40,2.269
264,40,0,2,1,9.216000325977802,4,4,0,0,40,0,0,40,2.269
264,40,0,3,1,4.095999989658594,4,4,0,0,40,0,0,40,2.269
265,2,0,0,0,14.336000196635723,4,4,0,0,40,0,0,40,3.15
265,2,0,1,0,87.0399996638298,4,4,0,0,40,0,0,40,3.15
265,2,0,2,0,9.216000325977802,4,4,0,0,40,0,0,40,3.15
265,2,0,3,0,6.144000217318535,4,4,0,0,40,0,0,40,3.15
265,24,0,0,0,8.191999979317188,4,4,0,1,39,0,0,40,66.019
265,24,0,1,0,59.39200147986412,4,4,0,1,39,0,0,40,66.019
265,24,0,2,0,9.216000325977802,4,4,0,1,39,0,0,40,66.019
265,24,0,3,0,4.095999989658594,4,4,0,1,39,0,0,40,66.019
265,40,0,0,1,9.216000325977802,4,4,0,0,40,0,0,40,2.029
265,40,0,1,1,60.416001826524734,4,4,0,0,40,0,0,40,2.029
265,40,0,2,1,9.216000325977802,4,4,0,0,40,0,0,40,2.029
265,40,0,3,1,4.095999989658594,4,4,0,0,40,0,0,40,2.029
266,2,0,0,0,9.216000325977802,2,2,0,1,19,0,0,20,70.22
266,2,0,1,0,49.15200173854828,2,2,0,1,19,0,0,20,70.22
266,2,0,2,0,9.216000325977802,2,2,0,1,19,0,0,20,70.22
266,2,0,3,0,6.144000217318535,2,2,0,1,19,0,0,20,70.22
266,24,0,0,0,23.552000522613525,2,2,0,0,20,0,0,20,17.6
266,24,0,1,0,50.175998359918594,2,2,0,0,20,0,0,20,17.6
266,24,0,2,0,9.216000325977802,2,2,0,0,20,0,0,20,17.6
266,24,0,3,0,4.095999989658594,2,2,0,0,20,0,0,20,17.6
266,40,0,0,1,9.216000325977802,2,2,0,0,20,0,0,20,1.84
266,40,0,1,1,44.03200000524521,2,2,0,0,20,0,0,20,1.84
266,40,0,2,1,9.216000325977802,2,2,0,0,20,0,0,20,1.84
266,40,0,3,1,4.095999989658594,2,2,0,0,20,0,0,20,1.84
267,2,0,0,0,8.191999979317188,1,1,0,0,10,0,0,10,0.64
267,2,0,1,0,31.74399957060814,1,1,0,0,10,0,0,10,0.64
267,2,0,2,0,9.216000325977802,1,1,0,0,10,0,0,10,0.64
267,2,0,3,0,5.119999870657921,1,1,0,0,10,0,0,10,0.64
267,24,0,0,0,9.216000325977802,1,1,0,0,10,0,0,10,0.731
267,24,0,1,0,31.74399957060814,1,1,0,0,10,0,0,10,0.731
267,24,0,2,0,8.191999979317188,1,1,0,0,10,0,0,10,0.731
267,24,0,3,0,4.095999989658594,1,1,0,0,10,0,0,10,0.731
267,40,0,0,1,8.191999979317188,1,1,0,0,10,0,0,10,0.5
267,40,0,1,1,34.81600061058998,1,1,0,0,10,0,0,10,0.5
267,40,0,2,1,9.216000325977802,1,1,0,0,10,0,0,10,0.5
267,40,0,3,1,5.119999870657921,1,1,0,0,10,0,0,10,0.5
268,2,0,0,0,8.191999979317188,4,4,0,2,38,0,0,40,117.339
268,2,0,1,0,75.77600330114365,4,4,0,2,38,0,0,40,117.339
268,2,0,2,0,9.216000325977802,4,4,0,2,38,0,0,40,117.339
268,2,0,3,0,19.45599913597107,4,4,0,2,38,0,0,40,117.339
268,24,0,0,0,9.216000325977802,4,4,0,0,40,0,0,40,2.27
268,24,0,1,0,75.77600330114365,4,4,0,0,40,0,0,40,2.27
268,24,0,2,0,9.216000325977802,4,4,0,0,40,0,0,40,2.27
268,24,0,3,0,4.095999989658594,4,4,0,0,40,0,0,40,2.27
268,40,0,0,1,9.216000325977802,4,4,0,0,40,0,0,40,2.34
268,40,0,1,1,65.5359998345375,4,4,0,0,40,0,0,40,2.34
268,40,0,2,1,8.191999979317188,4,4,0,0,40,0,0,40,2.34
268,40,0,3,1,4.095999989658594,4,4,0,0,40,0,0,40,2.34
269,2,0,0,0,9.216000325977802,4,4,0,4,35,1,0,40,166.748
269,2,0,1,0,78.84799689054489,4,4,0,4,35,1,0,40,166.748
269,2,0,2,0,168.96000504493713,4,4,0,4,35,1,0,40,166.748
269,2,0,3,0,5.119999870657921,4,4,0,4,35,1,0,40,166.748
269,24,0,0,0,9.216000325977802,4,4,0,0,40,0,0,40,2.66
269,24,0,1,0,71.68000191450119,4,4,0,0,40,0,0,40,2.66
269,24,0,2,0,9.216000325977802,4,4,0,0,40,0,0,40,2.66
269,24,0,3,0,4.095999989658594,4,4,0,0,40,0,0,40,2.66
269,40,0,0,1,15.359999611973763,4,4,0,1,39,0,0,40,172.98
269,40,0,1,1,63.48799914121628,4,4,0,1,39,0,0,40,172.98
269,40,0,2,1,8.191999979317188,4,4,0,1,39,0,0,40,172.98
269,40,0,3,1,80.89599758386612,4,4,0,1,39,0,0,40,172.98
270,2,0,0,0,15.359999611973763,4,4,0,2,38,0,0,40,71.839
270,2,0,1,0,78.84799689054489,4,4,0,2,38,0,0,40,71.839
270,2,0,2,0,9.216000325977802,4,4,0,2,38,0,0,40,71.839
270,2,0,3,0,5.119999870657921,4,4,0,2,38,0,0,40,71.839
270,24,0,0,0,8.191999979317188,4,4,0,0,40,0,0,40,4.8
270,24,0,1,0,70.65600156784058,4,4,0,0,40,0,0,40,4.8
270,24,0,2,0,8.191999979317188,4,4,0,0,40,0,0,40,4.8
270,24,0,3,0,4.095999989658594,4,4,0,0,40,0,0,40,4.8
270,40,0,0,1,9.216000325977802,4,4,0,0,40,0,0,40,4.14
270,40,0,1,1,77.82399654388428,4,4,0,0,40,0,0,40,4.14
270,40,0,2,1,9.216000325977802,4,4,0,0,40,0,0,40,4.14
270,40,0,3,1,4.095999989658594,4,4,0,0,40,0,0,40,4.14
271,2,0,0,0,14.336000196635723,4,4,0,0,40,0,0,40,2.58
271,2,0,1,0,83.96799862384796,4,4,0,0,40,0,0,40,2.58
271,2,0,2,0,8.191999979317188,4,4,0,0,40,0,0,40,2.58
271,2,0,3,0,4.095999989658594,4,4,0,0,40,0,0,40,2.58
271,24,0,0,0,8.191999979317188,4,4,0,0,40,0,0,40,4.42
271,24,0,1,0,63.48799914121628,4,4,0,0,40,0,0,40,4.42
271,24,0,2,0,9.216000325977802,4,4,0,0,40,0,0,40,4.42
271,24,0,3,0,4.095999989658594,4,4,0,0,40,0,0,40,4.42
271,40,0,0,1,8.191999979317188,4,4,0,0,40,0,0,40,2.52
271,40,0,1,1,64.51199948787689,4,4,0,0,40,0,0,40,2.52
271,40,0,2,1,9.216000325977802,4,4,0,0,40,0,0,40,2.52
271,40,0,3,1,4.095999989658594,4,4,0,0,40,0,0,40,2.52
272,2,0,0,0,8.191999979317188,4,4,0,1,39,0,0,40,136.769
272,2,0,1,0,80.89599758386612,4,4,0,1,39,0,0,40,136.769
272,2,0,2,0,8.191999979317188,4,4,0,1,39,0,0,40,136.769
272,2,0,3,0,35.840000957250595,4,4,0,1,39,0,0,40,136.769
272,24,0,0,0,8.191999979317188,4,4,0,0,40,0,0,40,2.05
272,24,0,1,0,63.48799914121628,4,4,0,0,40,0,0,40,2.05
272,24,0,2,0,9.216000325977802,4,4,0,0,40,0,0,40,2.05
272,24,0,3,0,4.095999989658594,4,4,0,0,40,0,0,40,2.05
272,40,0,0,1,15.359999611973763,4,4,0,3,37,0,0,40,329.379
272,40,0,1,1,71.68000191450119,4,4,0,3,37,0,0,40,329.379
272,40,0,2,1,8.191999979317188,4,4,0,3,37,0,0,40,329.379
272,40,0,3,1,227.32800245285034,4,4,0,3,37,0,0,40,329.379
273,2,0,0,0,9.216000325977802,4,4,0,2,38,0,0,40,102.56
273,2,0,1,0,83.96799862384796,4,4,0,2,38,0,0,40,102.56
273,2,0,2,0,9.216000325977802,4,4,0,2,38,0,0,40,102.56
273,2,0,3,0,5.119999870657921,4,4,0,2,38,0,0,40,102.56
273,24,0,0,0,8.191999979317188,4,4,0,0,40,0,0,40,2.62
273,24,0,1,0,69.63200122117996,4,4,0,0,40,0,0,40,2.62
273,24,0,2,0,8.191999979317188,4,4,0,0,40,0,0,40,2.62
273,24,0,3,0,4.095999989658594,4,4,0,0,40,0,0,40,2.62
273,40,0,0,1,8.191999979317188,4,4,0,0,40,0,0,40,1.8
273,40,0,1,1,59.39200147986412,4,4,0,0,40,0,0,40,1.8
273,40,0,2,1,9.216000325977802,4,4,0,0,40,0,0,40,1.8
273,40,0,3,1,4.095999989658594,4,4,0,0,40,0,0,40,1.8
274,2,0,0,0,8.191999979317188,4,4,0,2,38,0,0,40,90.74
274,2,0,1,0,89.08800035715103,4,4,0,2,38,0,0,40,90.74
274,2,0,2,0,9.216000325977802,4,4,0,2,38,0,0,40,90.74
274,2,0,3,0,4.095999989658594,4,4,0,2,38,0,0,40,90.74
274,24,0,0,0,9.216000325977802,4,4,0,0,40,0,0,40,2.17
274,24,0,1,0,63.48799914121628,4,4,0,0,40,0,0,40,2.17
274,24,0,2,0,9.216000325977802,4,4,0,0,40,0,0,40,2.17
274,24,0,3,0,4.095999989658594,4,4,0,0,40,0,0,40,2.17
274,40,0,0,1,9.216000325977802,4,4,0,0,40,0,0,40,2.49
274,40,0,1,1,69.63200122117996,4,4,0,0,40,0,0,40,2.49
274,40,0,2,1,9.216000325977802,4,4,0,0,40,0,0,40,2.49
274,40,0,3,1,4.095999989658594,4,4,0,0,40,0,0,40,2.49
275,2,0,0,0,14.336000196635723,4,4,0,0,40,0,0,40,4.92
275,2,0,1,0,76.80000364780426,4,4,0,0,40,0,0,40,4.92
275,2,0,2,0,8.191999979317188,4,4,0,0,40,0,0,40,4.92
275,2,0,3,0,6.144000217318535,4,4,0,0,40,0,0,40,4.92
275,24,0,0,0,8.191999979317188,4,4,0,0,40,0,0,40,2.3
275,24,0,1,0,59.39200147986412,4,4,0,0,40,0,0,40,2.3
275,24,0,2,0,9.216000325977802,4,4,0,0,40,0,0,40,2.3
275,24,0,3,0,4.095999989658594,4,4,0,0,40,0,0,40,2.3
275,40,0,0,1,9.216000325977802,4,4,0,0,40,0,0,40,2.011
275,40,0,1,1,65.5359998345375,4,4,0,0,40,0,0,40,2.011
275,40,0,2,1,8.191999979317188,4,4,0,0,40,0,0,40,2.011
275,40,0,3,1,4.095999989658594,4,4,0,0,40,0,0,40,2.011
276,2,0,0,0,14.336000196635723,4,4,0,3,37,0,0,40,366.578
276,2,0,1,0,61.43999844789505,4,4,0,3,37,0,0,40,366.578
276,2,0,2,0,9.216000325977802,4,4,0,3,37,0,0,40,366.578
276,2,0,3,0,278.52800488471985,4,4,0,3,37,0,0,40,366.578
276,24,0,0,0,8.191999979317188,4,4,0,0,40,0,0,40,3.909
276,24,0,1,0,74.75200295448303,4,4,0,0,40,0,0,40,3.909
276,24,0,2,0,8.191999979317188,4,4,0,0,40,0,0,40,3.909
276,24,0,3,0,4.095999989658594,4,4,0,0,40,0,0,40,3.909
276,40,0,0,1,9.216000325977802,4,4,0,1,39,0,0,40,79.191
276,40,0,1,1,88.06400001049042,4,4,0,1,39,0,0,40,79.191
276,40,0,2,1,9.216000325977802,4,4,0,1,39,0,0,40,79.191
276,40,0,3,1,4.095999989658594,4,4,0,1,39,0,0,40,79.191
277,2,0,0,0,14.336000196635723,4,4,0,1,39,0,0,40,68.829
277,2,0,1,0,74.75200295448303,4,4,0,1,39,0,0,40,68.829
277,2,0,2,0,9.216000325977802,4,4,0,1,39,0,0,40,68.829
277,2,0,3,0,4.095999989658594,4,4,0,1,39,0,0,40,68.829
277,24,0,0,0,8.191999979317188,4,4,0,0,40,0,0,40,4.43
277,24,0,1,0,77.82399654388428,4,4,0,0,40,0,0,40,4.43
277,24,0,2,0,8.191999979317188,4,4,0,0,40,0,0,40,4.43
277,24,0,3,0,4.095999989658594,4,4,0,0,40,0,0,40,4.43
277,40,0,0,1,9.216000325977802,4,4,0,0,40,0,0,40,2.48
277,40,0,1,1,73.72800260782242,4,4,0,0,40,0,0,40,2.48
277,40,0,2,1,9.216000325977802,4,4,0,0,40,0,0,40,2.48
277,40,0,3,1,4.095999989658594,4,4,0,0,40,0,0,40,2.48
278,2,0,0,0,9.216000325977802,4,4,0,1,39,0,0,40,66.639
278,2,0,1,0,55.296000093221664,4,4,0,1,39,0,0,40,66.639
278,2,0,2,0,9.216000325977802,4,4,0,1,39,0,0,40,66.639
278,2,0,3,0,5.119999870657921,4,4,0,1,39,0,0,40,66.639
278,24,0,0,0,8.191999979317188,4,4,0,1,39,0,0,40,68.8
278,24,0,1,0,58.36800113320351,4,4,0,1,39,0,0,40,68.8
278,24,0,2,0,8.191999979317188,4,4,0,1,39,0,0,40,68.8
278,24,0,3,0,5.119999870657921,4,4,0,1,39,0,0,40,68.8
278,40,0,0,1,8.191999979317188,4,4,0,0,40,0,0,40,2.46
278,40,0,1,1,84.99199897050858,4,4,0,0,40,0,0,40,2.46
278,40,0,2,1,9.216000325977802,4,4,0,0,40,0,0,40,2.46
278,40,0,3,1,4.095999989658594,4,4,0,0,40,0,0,40,2.46
279,2,0,0,0,8.191999979317188,1,1,0,0,10,0,0,10,0.87
279,2,0,1,0,31.74399957060814,1,1,0,0,10,0,0,10,0.87
279,2,0,2,0,8.191999979317188,1,1,0,0,10,0,0,10,0.87
279,2,0,3,0,5.119999870657921,1,1,0,0,10,0,0,10,0.87
279,24,0,0,0,9.216000325977802,1,1,0,1,9,0,0,10,73.999
279,24,0,1,0,30.719999223947525,1,1,0,1,9,0,0,10,73.999
279,24,0,2,0,8.191999979317188,1,1,0,1,9,0,0,10,73.999
279,24,0,3,0,21.503999829292297,1,1,0,1,9,0,0,10,73.999
279,40,0,0,1,8.191999979317188,1,1,0,0,10,0,0,10,0.96
279,40,0,1,1,35.840000957250595,1,1,0,0,10,0,0,10,0.96
279,40,0,2,1,9.216000325977802,1,1,0,0,10,0,0,10,0.96
279,40,0,3,1,4.095999989658594,1,1,0,0,10,0,0,10,0.96
280,2,0,0,0,9.216000325977802,1,1,0,1,9,0,0,10,113.549
280,2,0,1,0,30.719999223947525,1,1,0,1,9,0,0,10,113.549
280,2,0,2,0,8.191999979317188,1,1,0,1,9,0,0,10,113.549
280,2,0,3,0,60.416001826524734,1,1,0,1,9,0,0,10,113.549
280,24,0,0,0,8.191999979317188,1,1,0,0,10,0,0,10,2.83
280,24,0,1,0,32.76799991726875,1,1,0,0,10,0,0,10,2.83
280,24,0,2,0,8.191999979317188,1,1,0,0,10,0,0,10,2.83
280,24,0,3,0,5.119999870657921,1,1,0,0,10,0,0,10,2.83
280,40,0,0,1,8.191999979317188,1,1,0,0,10,0,0,10,0.56
280,40,0,1,1,35.840000957250595,1,1,0,0,10,0,0,10,0.56
280,40,0,2,1,9.216000325977802,1,1,0,0,10,0,0,10,0.56
280,40,0,3,1,4.095999989658594,1,1,0,0,10,0,0,10,0.56
281,2,0,0,0,14.336000196635723,4,4,0,0,40,0,0,40,3.05
281,2,0,1,0,89.08800035715103,4,4,0,0,40,0,0,40,3.05
281,2,0,2,0,9.216000325977802,4,4,0,0,40,0,0,40,3.05
281,2,0,3,0,5.119999870657921,4,4,0,0,40,0,0,40,3.05
281,24,0,0,0,8.191999979317188,4,4,0,2,38,0,0,40,109.621
281,24,0,1,0,72.7040022611618,4,4,0,2,38,0,0,40,109.621
281,24,0,2,0,9.216000325977802,4,4,0,2,38,0,0,40,109.621
281,24,0,3,0,15.359999611973763,4,4,0,2,38,0,0,40,109.621
281,40,0,0,1,8.191999979317188,4,4,0,0,40,0,0,40,4.12
281,40,0,1,1,77.82399654388428,4,4,0,0,40,0,0,40,4.12
281,40,0,2,1,8.191999979317188,4,4,0,0,40,0,0,40,4.12
281,40,0,3,1,4.095999989658594,4,4,0,0,40,0,0,40,4.12
282,2,0,0,0,8.191999979317188,1,1,0,0,10,0,0,10,0.831
282,2,0,1,0,31.74399957060814,1,1,0,0,10,0,0,10,0.831
282,2,0,2,0,9.216000325977802,1,1,0,0,10,0,0,10,0.831
282,2,0,3,0,4.095999989658594,1,1,0,0,10,0,0,10,0.831
282,24,0,0,0,10.239999741315842,1,1,0,0,10,0,0,10,0.97
282,24,0,1,0,31.74399957060814,1,1,0,0,10,0,0,10,0.97
282,24,0,2,0,9.216000325977802,1,1,0,0,10,0,0,10,0.97
282,24,0,3,0,4.095999989658594,1,1,0,0,10,0,0,10,0.97
282,40,0,0,1,8.191999979317188,1,1,0,0,10,0,0,10,0.51
282,40,0,1,1,36.86400130391121,1,1,0,0,10,0,0,10,0.51
282,40,0,2,1,8.191999979317188,1,1,0,0,10,0,0,10,0.51
282,40,0,3,1,4.095999989658594,1,1,0,0,10,0,0,10,0.51
283,2,0,0,0,15.359999611973763,4,4,0,1,39,0,0,40,67.89
283,2,0,1,0,86.01599931716919,4,4,0,1,39,0,0,40,67.89
283,2,0,2,0,8.191999979317188,4,4,0,1,39,0,0,40,67.89
283,2,0,3,0,6.144000217318535,4,4,0,1,39,0,0,40,67.89
283,24,0,0,0,8.191999979317188,4,4,0,1,39,0,0,40,61.969
283,24,0,1,0,73.72800260782242,4,4,0,1,39,0,0,40,61.969
283,24,0,2,0,9.216000325977802,4,4,0,1,39,0,0,40,61.969
283,24,0,3,0,4.095999989658594,4,4,0,1,39,0,0,40,61.969
283,40,0,0,1,8.191999979317188,4,4,0,0,40,0,0,40,3.84
283,40,0,1,1,70.65600156784058,4,4,0,0,40,0,0,40,3.84
283,40,0,2,1,9.216000325977802,4,4,0,0,40,0,0,40,3.84
283,40,0,3,1,4.095999989658594,4,4,0,0,40,0,0,40,3.84
284,2,0,0,0,15.359999611973763,3,3,0,1,29,0,0,30,62.71
284,2,0,1,0,73.72800260782242,3,3,0,1,29,0,0,30,62.71
284,2,0,2,0,9.216000325977802,3,3,0,1,29,0,0,30,62.71
284,2,0,3,0,5.119999870657921,3,3,0,1,29,0,0,30,62.71
284,24,0,0,0,9.216000325977802,3,3,0,0,30,0,0,30,1.529
284,24,0,1,0,68.60800087451935,3,3,0,0,30,0,0,30,1.529
284,24,0,2,0,8.191999979317188,3,3,0,0,30,0,0,30,1.529
284,24,0,3,0,4.095999989658594,3,3,0,0,30,0,0,30,1.529
284,40,0,0,1,9.216000325977802,3,3,0,1,29,0,0,30,69.84
284,40,0,1,1,64.51199948787689,3,3,0,1,29,0,0,30,69.84
284,40,0,2,1,8.191999979317188,3,3,0,1,29,0,0,30,69.84
284,40,0,3,1,4.095999989658594,3,3,0,1,29,0,0,30,69.84
285,2,0,0,0,9.216000325977802,1,1,0,0,10,0,0,10,0.76
285,2,0,1,0,32.76799991726875,1,1,0,0,10,0,0,10,0.76
285,2,0,2,0,8.191999979317188,1,1,0,0,10,0,0,10,0.76
285,2,0,3,0,5.119999870657921,1,1,0,0,10,0,0,10,0.76
285,24,0,0,0,10.239999741315842,1,1,0,0,10,0,0,10,0.43
285,24,0,1,0,31.74399957060814,1,1,0,0,10,0,0,10,0.43
285,24,0,2,0,8.191999979317188,1,1,0,0,10,0,0,10,0.43
285,24,0,3,0,4.095999989658594,1,1,0,0,10,0,0,10,0.43
285,40,0,0,1,8.191999979317188,1,1,0,0,10,0,0,10,0.45
285,40,0,1,1,34.81600061058998,1,1,0,0,10,0,0,10,0.45
285,40,0,2,1,9.216000325977802,1,1,0,0,10,0,0,10,0.45
285,40,0,3,1,4.095999989658594,1,1,0,0,10,0,0,10,0.45
286,2,0,0,0,9.216000325977802,2,2,0,0,20,0,0,20,3.009
286,2,0,1,0,46.08000069856644,2,2,0,0,20,0,0,20,3.009
286,2,0,2,0,9.216000325977802,2,2,0,0,20,0,0,20,3.009
286,2,0,3,0,5.119999870657921,2,2,0,0,20,0,0,20,3.009
286,24,0,0,0,8.191999979317188,2,2,0,0,20,0,0,20,1.24
286,24,0,1,0,47.10400104522705,2,2,0,0,20,0,0,20,1.24
286,24,0,2,0,8.191999979317188,2,2,0,0,20,0,0,20,1.24
286,24,0,3,0,4.095999989658594,2,2,0,0,20,0,0,20,1.24
286,40,0,0,1,9.216000325977802,2,2,0,0,20,0,0,20,0.91
286,40,0,1,1,51.19999870657921,2,2,0,0,20,0,0,20,0.91
286,40,0,2,1,9.216000325977802,2,2,0,0,20,0,0,20,0.91
286,40,0,3,1,4.095999989658594,2,2,0,0,20,0,0,20,0.91
287,2,0,0,0,9.216000325977802,1,1,0,0,10,0,0,10,0.591
287,2,0,1,0,32.76799991726875,1,1,0,0,10,0,0,10,0.591
287,2,0,2,0,8.191999979317188,1,1,0,0,10,0,0,10,0.591
287,2,0,3,0,5.119999870657921,1,1,0,0,10,0,0,10,0.591
287,24,0,0,0,8.191999979317188,1,1,0,0,10,0,0,10,0.66
287,24,0,1,0,31.74399957060814,1,1,0,0,10,0,0,10,0.66
287,24,0,2,0,9.216000325977802,1,1,0,0,10,0,0,10,0.66
287,24,0,3,0,4.095999989658594,1,1,0,0,10,0,0,10,0.66
287,40,0,0,1,8.191999979317188,1,1,0,1,9,0,0,10,48.471
287,40,0,1,1,33.79200026392937,1,1,0,1,9,0,0,10,48.471
287,40,0,2,1,9.216000325977802,1,1,0,1,9,0,0,10,48.471
287,40,0,3,1,4.095999989658594,1,1,0,1,9,0,0,10,48.471
288,2,0,0,0,14.336000196635723,4,4,0,0,40,0,0,40,4.99
288,2,0,1,0,87.0399996638298,4,4,0,0,40,0,0,40,4.99
288,2,0,2,0,9.216000325977802,4,4,0,0,40,0,0,40,4.99
288,2,0,3,0,5.119999870657921,4,4,0,0,40,0,0,40,4.99
288,24,0,0,0,8.191999979317188,4,4,0,0,40,0,0,40,3.11
288,24,0,1,0,72.7040022611618,4,4,0,0,40,0,0,40,3.11
288,24,0,2,0,8.191999979317188,4,4,0,0,40,0,0,40,3.11
288,24,0,3,0,3.0720001086592674,4,4,0,0,40,0,0,40,3.11
288,40,0,0,1,14.336000196635723,4,4,0,1,39,0,0,40,168.549
288,40,0,1,1,74.75200295448303,4,4,0,1,39,0,0,40,168.549
288,40,0,2,1,9.216000325977802,4,4,0,1,39,0,0,40,168.549
288,40,0,3,1,65.5359998345375,4,4,0,1,39,0,0,40,168.549
289,2,0,0,0,15.359999611973763,4,4,0,3,37,0,0,40,157.419
289,2,0,1,0,82.94399827718735,4,4,0,3,37,0,0,40,157.419
289,2,0,2,0,9.216000325977802,4,4,0,3,37,0,0,40,157.419
289,2,0,3,0,46.08000069856644,4,4,0,3,37,0,0,40,157.419
289,24,0,0,0,8.191999979317188,4,4,0,0,40,0,0,40,2.39
289,24,0,1,0,69.63200122117996,4,4,0,0,40,0,0,40,2.39
289,24,0,2,0,9.216000325977802,4,4,0,0,40,0,0,40,2.39
289,24,0,3,0,4.095999989658594,4,4,0,0,40,0,0,40,2.39
289,40,0,0,1,9.216000325977802,4,4,0,0,40,0,0,40,4.4
289,40,0,1,1,71.68000191450119,4,4,0,0,40,0,0,40,4.4
289,40,0,2,1,8.191999979317188,4,4,0,0,40,0,0,40,4.4
289,40,0,3,1,4.095999989658594,4,4,0,0,40,0,0,40,4.4
290,2,0,0,0,8.191999979317188,4,4,0,4,35,1,0,40,149.09
290,2,0,1,0,72.7040022611618,4,4,0,4,35,1,0,40,149.09
290,2,0,2,0,163.83999586105347,4,4,0,4,35,1,0,40,149.09
290,2,0,3,0,5.119999870657921,4,4,0,4,35,1,0,40,149.09
290,24,0,0,0,8.191999979317188,4,4,0,0,40,0,0,40,2.03
290,24,0,1,0,68.60800087451935,4,4,0,0,40,0,0,40,2.03
290,24,0,2,0,8.191999979317188,4,4,0,0,40,0,0,40,2.03
290,24,0,3,0,3.0720001086592674,4,4,0,0,40,0,0,40,2.03
290,40,0,0,1,9.216000325977802,4,4,0,0,40,0,0,40,4.06
290,40,0,1,1,87.0399996638298,4,4,0,0,40,0,0,40,4.06
290,40,0,2,1,9.216000325977802,4,4,0,0,40,0,0,40,4.06
290,40,0,3,1,4.095999989658594,4,4,0,0,40,0,0,40,4.06
291,2,0,0,0,9.216000325977802,4,4,0,3,37,0,0,40,143.93
291,2,0,1,0,71.68000191450119,4,4,0,3,37,0,0,40,143.93
291,2,0,2,0,9.216000325977802,4,4,0,3,37,0,0,40,143.93
291,2,0,3,0,49.15200173854828,4,4,0,3,37,0,0,40,143.93
291,24,0,0,0,8.191999979317188,4,4,0,0,40,0,0,40,1.92
291,24,0,1,0,71.68000191450119,4,4,0,0,40,0,0,40,1.92
291,24,0,2,0,8.191999979317188,4,4,0,0,40,0,0,40,1.92
291,24,0,3,0,4.095999989658594,4,4,0,0,40,0,0,40,1.92
291,40,0,0,1,9.216000325977802,4,4,0,0,40,0,0,40,2.76
291,40,0,1,1,91.13600105047226,4,4,0,0,40,0,0,40,2.76
291,40,0,2,1,10.239999741315842,4,4,0,0,40,0,0,40,2.76
291,40,0,3,1,3.0720001086592674,4,4,0,0,40,0,0,40,2.76
292,2,0,0,0,9.216000325977802,4,4,0,3,37,0,0,40,105.309
292,2,0,1,0,80.89599758386612,4,4,0,3,37,0,0,40,105.309
292,2,0,2,0,10.239999741315842,4,4,0,3,37,0,0,40,105.309
292,2,0,3,0,4.095999989658594,4,4,0,3,37,0,0,40,105.309
292,24,0,0,0,8.191999979317188,4,4,0,0,40,0,0,40,2.12
292,24,0,1,0,59.39200147986412,4,4,0,0,40,0,0,40,2.12
292,24,0,2,0,9.216000325977802,4,4,0,0,40,0,0,40,2.12
292,24,0,3,0,4.095999989658594,4,4,0,0,40,0,0,40,2.12
292,40,0,0,1,10.239999741315842,4,4,0,0,40,0,0,40,2.18
292,40,0,1,1,56.32000043988228,4,4,0,0,40,0,0,40,2.18
292,40,0,2,1,9.216000325977802,4,4,0,0,40,0,0,40,2.18
292,40,0,3,1,4.095999989658594,4,4,0,0,40,0,0,40,2.18
293,2,0,0,0,15.359999611973763,4,4,0,2,38,0,0,40,67.531
293,2,0,1,0,81.91999793052673,4,4,0,2,38,0,0,40,67.531
293,2,0,2,0,9.216000325977802,4,4,0,2,38,0,0,40,67.531
293,2,0,3,0,5.119999870657921,4,4,0,2,38,0,0,40,67.531
293,24,0,0,0,8.191999979317188,4,4,0,0,40,0,0,40,2.22
293,24,0,1,0,74.75200295448303,4,4,0,0,40,0,0,40,2.22
293,24,0,2,0,8.191999979317188,4,4,0,0,40,0,0,40,2.22
293,24,0,3,0,4.095999989658594,4,4,0,0,40,0,0,40,2.22
293,40,0,0,1,9.216000325977802,4,4,0,0,40,0,0,40,2.391
293,40,0,1,1,78.84799689054489,4,4,0,0,40,0,0,40,2.391
293,40,0,2,1,9.216000325977802,4,4,0,0,40,0,0,40,2.391
293,40,0,3,1,4.095999989658594,4,4,0,0,40,0,0,40,2.391
294,2,0,0,0,14.336000196635723,4,4,0,0,40,0,0,40,2.551
294,2,0,1,0,78.84799689054489,4,4,0,0,40,0,0,40,2.551
294,2,0,2,0,9.216000325977802,4,4,0,0,40,0,0,40,2.551
294,2,0,3,0,5.119999870657921,4,4,0,0,40,0,0,40,2.551
294,24,0,0,0,8.191999979317188,4,4,0,0,40,0,0,40,3.45
294,24,0,1,0,71.68000191450119,4,4,0,0,40,0,0,40,3.45
294,24,0,2,0,9.216000325977802,4,4,0,0,40,0,0,40,3.45
294,24,0,3,0,4.095999989658594,4,4,0,0,40,0,0,40,3.45
294,40,0,0,1,9.216000325977802,4,4,0,0,40,0,0,40,2.94
294,40,0,1,1,86.01599931716919,4,4,0,0,40,0,0,40,2.94
294,40,0,2,1,9.216000325977802,4,4,0,0,40,0,0,40,2.94
294,40,0,3,1,4.095999989658594,4,4,0,0,40,0,0,40,2.94
295,2,0,0,0,14.336000196635723,4,4,0,0,40,0,0,40,2.92
295,2,0,1,0,69.63200122117996,4,4,0,0,40,0,0,40,2.92
295,2,0,2,0,9.216000325977802,4,4,0,0,40,0,0,40,2.92
295,2,0,3,0,4.095999989658594,4,4,0,0,40,0,0,40,2.92
295,24,0,0,0,8.191999979317188,4,4,0,0,40,0,0,40,4.5
295,24,0,1,0,58.36800113320351,4,4,0,0,40,0,0,40,4.5
295,24,0,2,0,9.216000325977802,4,4,0,0,40,0,0,40,4.5
295,24,0,3,0,4.095999989658594,4,4,0,0,40,0,0,40,4.5
295,40,0,0,1,9.216000325977802,4,4,0,0,40,0,0,40,2.12
295,40,0,1,1,72.7040022611618,4,4,0,0,40,0,0,40,2.12
295,40,0,2,1,9.216000325977802,4,4,0,0,40,0,0,40,2.12
295,40,0,3,1,4.095999989658594,4,4,0,0,40,0,0,40,2.12
296,2,0,0,0,9.216000325977802,2,2,0,0,20,0,0,20,1.229
296,2,0,1,0,44.03200000524521,2,2,0,0,20,0,0,20,1.229
296,2,0,2,0,9.216000325977802,2,2,0,0,20,0,0,20,1.229
296,2,0,3,0,5.119999870657921,2,2,0,0,20,0,0,20,1.229
296,24,0,0,0,9.216000325977802,2,2,0,0,20,0,0,20,1.2
296,24,0,1,0,40.95999896526337,2,2,0,0,20,0,0,20,1.2
296,24,0,2,0,8.191999979317188,2,2,0,0,20,0,0,20,1.2
296,24,0,3,0,4.095999989658594,2,2,0,0,20,0,0,20,1.2
296,40,0,0,1,10.239999741315842,2,2,0,0,20,0,0,20,1.11
296,40,0,1,1,41.98399931192398,2,2,0,0,20,0,0,20,1.11
296,40,0,2,1,9.216000325977802,2,2,0,0,20,0,0,20,1.11
296,40,0,3,1,4.095999989658594,2,2,0,0,20,0,0,20,1.11
297,2,0,0,0,14.336000196635723,4,4,0,0,40,0,0,40,4.19
297,2,0,1,0,84.99199897050858,4,4,0,0,40,0,0,40,4.19
297,2,0,2,0,9.216000325977802,4,4,0,0,40,0,0,40,4.19
297,2,0,3,0,5.119999870657921,4,4,0,0,40,0,0,40,4.19
297,24,0,0,0,8.191999979317188,4,4,0,0,40,0,0,40,4.6
297,24,0,1,0,67.58400052785873,4,4,0,0,40,0,0,40,4.6
297,24,0,2,0,9.216000325977802,4,4,0,0,40,0,0,40,4.6
297,24,0,3,0,4.095999989658594,4,4,0,0,40,0,0,40,4.6
297,40,0,0,1,9.216000325977802,4,4,0,0,40,0,0,40,2.071
297,40,0,1,1,56.32000043988228,4,4,0,0,40,0,0,40,2.071
297,40,0,2,1,9.216000325977802,4,4,0,0,40,0,0,40,2.071
297,40,0,3,1,5.119999870657921,4,4,0,0,40,0,0,40,2.071
298,2,0,0,0,14.336000196635723,4,4,0,0,40,0,0,40,2.94
298,2,0,1,0,70.65600156784058,4,4,0,0,40,0,0,40,2.94
298,2,0,2,0,9.216000325977802,4,4,0,0,40,0,0,40,2.94
298,2,0,3,0,5.119999870657921,4,4,0,0,40,0,0,40,2.94
298,24,0,0,0,13.311999849975109,4,4,0,0,40,0,0,40,4.429
298,24,0,1,0,67.58400052785873,4,4,0,0,40,0,0,40,4.429
298,24,0,2,0,8.191999979317188,4,4,0,0,40,0,0,40,4.429
298,24,0,3,0,4.095999989658594,4,4,0,0,40,0,0,40,4.429
298,40,0,0,1,8.191999979317188,4,4,0,0,40,0,0,40,2.32
298,40,0,1,1,74.75200295448303,4,4,0,0,40,0,0,40,2.32
298,40,0,2,1,9.216000325977802,4,4,0,0,40,0,0,40,2.32
298,40,0,3,1,4.095999989658594,4,4,0,0,40,0,0,40,2.32
299,2,0,0,0,15.359999611973763,4,4,0,1,39,0,0,40,71.999
299,2,0,1,0,70.65600156784058,4,4,0,1,39,0,0,40,71.999
299,2,0,2,0,8.191999979317188,4,4,0,1,39,0,0,40,71.999
299,2,0,3,0,4.095999989658594,4,4,0,1,39,0,0,40,71.999
299,24,0,0,0,8.191999979317188,4,4,0,0,40,0,0,40,1.95
299,24,0,1,0,68.60800087451935,4,4,0,0,40,0,0,40,1.95
299,24,0,2,0,8.191999979317188,4,4,0,0,40,0,0,40,1.95
299,24,0,3,0,4.095999989658594,4,4,0,0,40,0,0,40,1.95
299,40,0,0,1,9.216000325977802,4,4,0,0,40,0,0,40,3.95
299,40,0,1,1,86.01599931716919,4,4,0,0,40,0,0,40,3.95
299,40,0,2,1,9.216000325977802,4,4,0,0,40,0,0,40,3.95
299,40,0,3,1,4.095999989658594,4,4,0,0,40,0,0,40,3.95
300,2,0,0,0,15.359999611973763,4,4,0,0,40,0,0,40,2.59
300,2,0,1,0,90.11200070381165,4,4,0,0,40,0,0,40,2.59
300,2,0,2,0,8.191999979317188,4,4,0,0,40,0,0,40,2.59
300,2,0,3,0,4.095999989658594,4,4,0,0,40,0,0,40,2.59
300,24,0,0,0,8.191999979317188,4,4,0,0,40,0,0,40,2.23
300,24,0,1,0,66.56000018119812,4,4,0,0,40,0,0,40,2.23
300,24,0,2,0,9.216000325977802,4,4,0,0,40,0,0,40,2.23
300,24,0,3,0,4.095999989658594,4,4,0,0,40,0,0,40,2.23
300,40,0,0,1,9.216000325977802,4,4,0,0,40,0,0,40,4.78
300,40,0,1,1,86.01599931716919,4,4,0,0,40,0,0,40,4.78
300,40,0,2,1,9.216000325977802,4,4,0,0,40,0,0,40,4.78
300,40,0,3,1,4.095999989658594,4,4,0,0,40,0,0,40,4.78
301,2,0,0,0,15.359999611973763,4,4,0,2,38,0,0,40,106.459
301,2,0,1,0,74.75200295448303,4,4,0,2,38,0,0,40,106.459
301,2,0,2,0,8.191999979317188,4,4,0,2,38,0,0,40,106.459
301,2,0,3,0,12.28800043463707,4,4,0,2,38,0,0,40,106.459
301,24,0,0,0,8.191999979317188,4,4,0,0,40,0,0,40,1.89
301,24,0,1,0,72.7040022611618,4,4,0,0,40,0,0,40,1.89
301,24,0,2,0,9.216000325977802,4,4,0,0,40,0,0,40,1.89
301,24,0,3,0,4.095999989658594,4,4,0,0,40,0,0,40,1.89
301,40,0,0,1,9.216000325977802,4,4,0,0,40,0,0,40,2.09
301,40,0,1,1,69.63200122117996,4,4,0,0,40,0,0,40,2.09
301,40,0,2,1,9.216000325977802,4,4,0,0,40,0,0,40,2.09
301,40,0,3,1,4.095999989658594,4,4,0,0,40,0,0,40,2.09
302,2,0,0,0,9.216000325977802,2,2,0,1,19,0,0,20,52.2
302,2,0,1,0,38.91199827194214,2,2,0,1,19,0,0,20,52.2
302,2,0,2,0,8.191999979317188,2,2,0,1,19,0,0,20,52.2
302,2,0,3,0,6.144000217318535,2,2,0,1,19,0,0,20,52.2
302,24,0,0,0,9.216000325977802,2,2,0,0,20,0,0,20,0.96
302,24,0,1,0,47.10400104522705,2,2,0,0,20,0,0,20,0.96
302,24,0,2,0,9.216000325977802,2,2,0,0,20,0,0,20,0.96
302,24,0,3,0,4.095999989658594,2,2,0,0,20,0,0,20,0.96
302,40,0,0,1,9.216000325977802,2,2,0,0,20,0,0,20,0.94
302,40,0,1,1,48.128001391887665,2,2,0,0,20,0,0,20,0.94
302,40,0,2,1,9.216000325977802,2,2,0,0,20,0,0,20,0.94
302,40,0,3,1,3.0720001086592674,2,2,0,0,20,0,0,20,0.94
303,2,0,0,0,9.216000325977802,4,4,0,0,40,0,0,40,2.329
303,2,0,1,0,75.77600330114365,4,4,0,0,40,0,0,40,2.329
303,2,0,2,0,9.216000325977802,4,4,0,0,40,0,0,40,2.329
303,2,0,3,0,5.119999870657921,4,4,0,0,40,0,0,40,2.329
303,24,0,0,0,8.191999979317188,4,4,0,0,40,0,0,40,2.36
303,24,0,1,0,72.7040022611618,4,4,0,0,40,0,0,40,2.36
303,24,0,2,0,9.216000325977802,4,4,0,0,40,0,0,40,2.36
303,24,0,3,0,4.095999989658594,4,4,0,0,40,0,0,40,2.36
303,40,0,0,1,9.216000325977802,4,4,0,0,40,0,0,40,2.34
303,40,0,1,1,93.18400174379349,4,4,0,0,40,0,0,40,2.34
303,40,0,2,1,9.216000325977802,4,4,0,0,40,0,0,40,2.34
303,40,0,3,1,4.095999989658594,4,4,0,0,40,0,0,40,2.34
304,2,0,0,0,14.336000196635723,4,4,0,0,40,0,0,40,4.38
304,2,0,1,0,80.89599758386612,4,4,0,0,40,0,0,40,4.38
304,2,0,2,0,9.216000325977802,4,4,0,0,40,0,0,40,4.38
304,2,0,3,0,4.095999989658594,4,4,0,0,40,0,0,40,4.38
304,24,0,0,0,9.216000325977802,4,4,0,0,40,0,0,40,4.751
304,24,0,1,0,77.82399654388428,4,4,0,0,40,0,0,40,4.751
304,24,0,2,0,9.216000325977802,4,4,0,0,40,0,0,40,4.751
304,24,0,3,0,4.095999989658594,4,4,0,0,40,0,0,40,4.751
304,40,0,0,1,9.216000325977802,4,4,0,0,40,0,0,40,1.89
304,40,0,1,1,61.43999844789505,4,4,0,0,40,0,0,40,1.89
304,40,0,2,1,9.216000325977802,4,4,0,0,40,0,0,40,1.89
304,40,0,3,1,4.095999989658594,4,4,0,0,40,0,0,40,1.89
305,2,0,0,0,8.191999979317188,4,4,0,0,40,0,0,40,2.52
305,2,0,1,0,78.84799689054489,4,4,0,0,40,0,0,40,2.52
305,2,0,2,0,9.216000325977802,4,4,0,0,40,0,0,40,2.52
305,2,0,3,0,4.095999989658594,4,4,0,0,40,0,0,40,2.52
305,24,0,0,0,8.191999979317188,4,4,0,0,40,0,0,40,5.15
305,24,0,1,0,67.58400052785873,4,4,0,0,40,0,0,40,5.15
305,24,0,2,0,9.216000325977802,4,4,0,0,40,0,0,40,5.15
305,24,0,3,0,4.095999989658594,4,4,0,0,40,0,0,40,5.15
305,40,0,0,1,8.191999979317188,4,4,0,0,40,0,0,40,1.77
305,40,0,1,1,49.15200173854828,4,4,0,0,40,0,0,40,1.77
305,40,0,2,1,9.216000325977802,4,4,0,0,40,0,0,40,1.77
305,40,0,3,1,5.119999870657921,4,4,0,0,40,0,0,40,1.77
306,2,0,0,0,15.359999611973763,4,4,0,3,37,0,0,40,105.39
306,2,0,1,0,66.56000018119812,4,4,0,3,37,0,0,40,105.39
306,2,0,2,0,9.216000325977802,4,4,0,3,37,0,0,40,105.39
306,2,0,3,0,9.216000325977802,4,4,0,3,37,0,0,40,105.39
306,24,0,0,0,9.216000325977802,4,4,0,0,40,0,0,40,2.38
306,24,0,1,0,69.63200122117996,4,4,0,0,40,0,0,40,2.38
306,24,0,2,0,9.216000325977802,4,4,0,0,40,0,0,40,2.38
306,24,0,3,0,4.095999989658594,4,4,0,0,40,0,0,40,2.38
306,40,0,0,1,9.216000325977802,4,4,0,0,40,0,0,40,1.989
306,40,0,1,1,54.27199974656105,4,4,0,0,40,0,0,40,1.989
306,40,0,2,1,9.216000325977802,4,4,0,0,40,0,0,40,1.989
306,40,0,3,1,4.095999989658594,4,4,0,0,40,0,0,40,1.989
307,2,0,0,0,9.216000325977802,4,4,0,1,39,0,0,40,61.19
307,2,0,1,0,82.94399827718735,4,4,0,1,39,0,0,40,61.19
307,2,0,2,0,9.216000325977802,4,4,0,1,39,0,0,40,61.19
307,2,0,3,0,5.119999870657921,4,4,0,1,39,0,0,40,61.19
307,24,0,0,0,8.191999979317188,4,4,0,1,39,0,0,40,80.8
307,24,0,1,0,70.65600156784058,4,4,0,1,39,0,0,40,80.8
307,24,0,2,0,9.216000325977802,4,4,0,1,39,0,0,40,80.8
307,24,0,3,0,4.095999989658594,4,4,0,1,39,0,0,40,80.8
307,40,0,0,1,8.191999979317188,4,4,0,0,40,0,0,40,4.12
307,40,0,1,1,66.56000018119812,4,4,0,0,40,0,0,40,4.12
307,40,0,2,1,9.216000325977802,4,4,0,0,40,0,0,40,4.12
307,40,0,3,1,4.095999989658594,4,4,0,0,40,0,0,40,4.12
308,2,0,0,0,15.359999611973763,3,3,0,0,30,0,0,30,2.04
308,2,0,1,0,74.75200295448303,3,3,0,0,30,0,0,30,2.04
308,2,0,2,0,8.191999979317188,3,3,0,0,30,0,0,30,2.04
308,2,0,3,0,8.191999979317188,3,3,0,0,30,0,0,30,2.04
308,24,0,0,0,9.216000325977802,3,3,0,0,30,0,0,30,1.41
308,24,0,1,0,66.56000018119812,3,3,0,0,30,0,0,30,1.41
308,24,0,2,0,8.191999979317188,3,3,0,0,30,0,0,30,1.41
308,24,0,3,0,4.095999989658594,3,3,0,0,30,0,0,30,1.41
308,40,0,0,1,31.74399957060814,3,3,0,0,30,0,0,30,1.34
308,40,0,1,1,49.15200173854828,3,3,0,0,30,0,0,30,1.34
308,40,0,2,1,9.216000325977802,3,3,0,0,30,0,0,30,1.34
308,40,0,3,1,4.095999989658594,3,3,0,0,30,0,0,30,1.34
309,2,0,0,0,16.383999958634377,3,3,0,0,30,0,0,30,2.231
309,2,0,1,0,75.77600330114365,3,3,0,0,30,0,0,30,2.231
309,2,0,2,0,8.191999979317188,3,3,0,0,30,0,0,30,2.231
309,2,0,3,0,5.119999870657921,3,3,0,0,30,0,0,30,2.231
309,24,0,0,0,9.216000325977802,3,3,0,0,30,0,0,30,1.53
309,24,0,1,0,62.463998794555664,3,3,0,0,30,0,0,30,1.53
309,24,0,2,0,8.191999979317188,3,3,0,0,30,0,0,30,1.53
309,24,0,3,0,4.095999989658594,3,3,0,0,30,0,0,30,1.53
309,40,0,0,1,9.216000325977802,3,3,0,0,30,0,0,30,2.16
309,40,0,1,1,59.39200147986412,3,3,0,0,30,0,0,30,2.16
309,40,0,2,1,9.216000325977802,3,3,0,0,30,0,0,30,2.16
309,40,0,3,1,4.095999989658594,3,3,0,0,30,0,0,30,2.16
310,2,0,0,0,9.216000325977802,1,1,0,0,10,0,0,10,1.06
310,2,0,1,0,31.74399957060814,1,1,0,0,10,0,0,10,1.06
310,2,0,2,0,8.191999979317188,1,1,0,0,10,0,0,10,1.06
310,2,0,3,0,7.168000098317862,1,1,0,0,10,0,0,10,1.06
310,24,0,0,0,8.191999979317188,1,1,0,0,10,0,0,10,0.6
310,24,0,1,0,31.74399957060814,1,1,0,0,10,0,0,10,0.6
310,24,0,2,0,9.216000325977802,1,1,0,0,10,0,0,10,0.6
310,24,0,3,0,4.095999989658594,1,1,0,0,10,0,0,10,0.6
310,40,0,0,1,8.191999979317188,1,1,0,0,10,0,0,10,0.65
310,40,0,1,1,35.840000957250595,1,1,0,0,10,0,0,10,0.65
310,40,0,2,1,9.216000325977802,1,1,0,0,10,0,0,10,0.65
310,40,0,3,1,5.119999870657921,1,1,0,0,10,0,0,10,0.65
311,2,0,0,0,8.191999979317188,3,3,0,0,30,0,0,30,4.27
311,2,0,1,0,74.75200295448303,3,3,0,0,30,0,0,30,4.27
311,2,0,2,0,9.216000325977802,3,3,0,0,30,0,0,30,4.27
311,2,0,3,0,5.119999870657921,3,3,0,0,30,0,0,30,4.27
311,24,0,0,0,9.216000325977802,3,3,0,0,30,0,0,30,1.6
311,24,0,1,0,58.36800113320351,3,3,0,0,30,0,0,30,1.6
311,24,0,2,0,9.216000325977802,3,3,0,0,30,0,0,30,1.6
311,24,0,3,0,4.095999989658594,3,3,0,0,30,0,0,30,1.6
311,40,0,0,1,9.216000325977802,3,3,0,0,30,0,0,30,1.86
311,40,0,1,1,62.463998794555664,3,3,0,0,30,0,0,30,1.86
311,40,0,2,1,8.191999979317188,3,3,0,0,30,0,0,30,1.86
311,40,0,3,1,4.095999989658594,3,3,0,0,30,0,0,30,1.86
312,2,0,0,0,9.216000325977802,1,1,0,0,10,0,0,10,2.511
312,2,0,1,0,31.74399957060814,1,1,0,0,10,0,0,10,2.511
312,2,0,2,0,9.216000325977802,1,1,0,0,10,0,0,10,2.511
312,2,0,3,0,5.119999870657921,1,1,0,0,10,0,0,10,2.511
312,24,0,0,0,9.216000325977802,1,1,0,0,10,0,0,10,0.47
312,24,0,1,0,32.76799991726875,1,1,0,0,10,0,0,10,0.47
312,24,0,2,0,9.216000325977802,1,1,0,0,10,0,0,10,0.47
312,24,0,3,0,4.095999989658594,1,1,0,0,10,0,0,10,0.47
312,40,0,0,1,8.191999979317188,1,1,0,0,10,0,0,10,0.51
312,40,0,1,1,34.81600061058998,1,1,0,0,10,0,0,10,0.51
312,40,0,2,1,9.216000325977802,1,1,0,0,10,0,0,10,0.51
312,40,0,3,1,4.095999989658594,1,1,0,0,10,0,0,10,0.51
313,2,0,0,0,17.40800030529499,3,3,0,0,30,0,0,30,15.0
313,2,0,1,0,60.416001826524734,3,3,0,0,30,0,0,30,15.0
313,2,0,2,0,9.216000325977802,3,3,0,0,30,0,0,30,15.0
313,2,0,3,0,6.144000217318535,3,3,0,0,30,0,0,30,15.0
313,24,0,0,0,8.191999979317188,3,3,0,0,30,0,0,30,1.6
313,24,0,1,0,57.34400078654289,3,3,0,0,30,0,0,30,1.6
313,24,0,2,0,9.216000325977802,3,3,0,0,30,0,0,30,1.6
313,24,0,3,0,4.095999989658594,3,3,0,0,30,0,0,30,1.6
313,40,0,0,1,9.216000325977802,3,3,0,0,30,0,0,30,3.44
313,40,0,1,1,48.128001391887665,3,3,0,0,30,0,0,30,3.44
313,40,0,2,1,9.216000325977802,3,3,0,0,30,0,0,30,3.44
313,40,0,3,1,4.095999989658594,3,3,0,0,30,0,0,30,3.44
314,2,0,0,0,8.191999979317188,1,1,0,0,10,0,0,10,1.01
314,2,0,1,0,31.74399957060814,1,1,0,0,10,0,0,10,1.01
314,2,0,2,0,9.216000325977802,1,1,0,0,10,0,0,10,1.01
314,2,0,3,0,4.095999989658594,1,1,0,0,10,0,0,10,1.01
314,24,0,0,0,9.216000325977802,1,1,0,0,10,0,0,10,0.74
314,24,0,1,0,31.74399957060814,1,1,0,0,10,0,0,10,0.74
314,24,0,2,0,9.216000325977802,1,1,0,0,10,0,0,10,0.74
314,24,0,3,0,4.095999989658594,1,1,0,0,10,0,0,10,0.74
314,40,0,0,1,9.216000325977802,1,1,0,0,10,0,0,10,0.44
314,40,0,1,1,34.81600061058998,1,1,0,0,10,0,0,10,0.44
314,40,0,2,1,9.216000325977802,1,1,0,0,10,0,0,10,0.44
314,40,0,3,1,4.095999989658594,1,1,0,0,10,0,0,10,0.44
315,2,0,0,0,12.28800043463707,3,3,0,2,28,0,0,30,146.01
315,2,0,1,0,69.63200122117996,3,3,0,2,28,0,0,30,146.01
315,2,0,2,0,9.216000325977802,3,3,0,2,28,0,0,30,146.01
315,2,0,3,0,57.34400078654289,3,3,0,2,28,0,0,30,146.01
315,24,0,0,0,8.191999979317188,3,3,0,0,30,0,0,30,1.53
315,24,0,1,0,61.43999844789505,3,3,0,0,30,0,0,30,1.53
315,24,0,2,0,8.191999979317188,3,3,0,0,30,0,0,30,1.53
315,24,0,3,0,3.0720001086592674,3,3,0,0,30,0,0,30,1.53
315,40,0,0,1,9.216000325977802,3,3,0,0,30,0,0,30,3.29
315,40,0,1,1,58.36800113320351,3,3,0,0,30,0,0,30,3.29
315,40,0,2,1,9.216000325977802,3,3,0,0,30,0,0,30,3.29
315,40,0,3,1,5.119999870657921,3,3,0,0,30,0,0,30,3.29
316,2,0,0,0,15.359999611973763,4,4,0,1,39,0,0,40,69.26
316,2,0,1,0,91.13600105047226,4,4,0,1,39,0,0,40,69.26
316,2,0,2,0,8.191999979317188,4,4,0,1,39,0,0,40,69.26
316,2,0,3,0,5.119999870657921,4,4,0,1,39,0,0,40,69.26
316,24,0,0,0,8.191999979317188,4,4,0,0,40,0,0,40,4.6
316,24,0,1,0,76.80000364780426,4,4,0,0,40,0,0,40,4.6
316,24,0,2,0,9.216000325977802,4,4,0,0,40,0,0,40,4.6
316,24,0,3,0,4.095999989658594,4,4,0,0,40,0,0,40,4.6
316,40,0,0,1,9.216000325977802,4,4,0,0,40,0,0,40,4.98
316,40,0,1,1,83.96799862384796,4,4,0,0,40,0,0,40,4.98
316,40,0,2,1,9.216000325977802,4,4,0,0,40,0,0,40,4.98
316,40,0,3,1,4.095999989658594,4,4,0,0,40,0,0,40,4.98
317,2,0,0,0,15.359999611973763,4,4,0,3,37,0,0,40,148.78
317,2,0,1,0,74.75200295448303,4,4,0,3,37,0,0,40,148.78
317,2,0,2,0,9.216000325977802,4,4,0,3,37,0,0,40,148.78
317,2,0,3,0,45.05600035190582,4,4,0,3,37,0,0,40,148.78
317,24,0,0,0,8.191999979317188,4,4,0,0,40,0,0,40,2.74
317,24,0,1,0,76.80000364780426,4,4,0,0,40,0,0,40,2.74
317,24,0,2,0,8.191999979317188,4,4,0,0,40,0,0,40,2.74
317,24,0,3,0,3.0720001086592674,4,4,0,0,40,0,0,40,2.74
317,40,0,0,1,9.216000325977802,4,4,0,0,40,0,0,40,4.0
317,40,0,1,1,83.96799862384796,4,4,0,0,40,0,0,40,4.0
317,40,0,2,1,9.216000325977802,4,4,0,0,40,0,0,40,4.0
317,40,0,3,1,5.119999870657921,4,4,0,0,40,0,0,40,4.0
318,2,0,0,0,9.216000325977802,3,3,0,1,29,0,0,30,65.75
318,2,0,1,0,58.36800113320351,3,3,0,1,29,0,0,30,65.75
318,2,0,2,0,9.216000325977802,3,3,0,1,29,0,0,30,65.75
318,2,0,3,0,7.168000098317862,3,3,0,1,29,0,0,30,65.75
318,24,0,0,0,8.191999979317188,3,3,0,0,30,0,0,30,1.84
318,24,0,1,0,59.39200147986412,3,3,0,0,30,0,0,30,1.84
318,24,0,2,0,9.216000325977802,3,3,0,0,30,0,0,30,1.84
318,24,0,3,0,4.095999989658594,3,3,0,0,30,0,0,30,1.84
318,40,0,0,1,9.216000325977802,3,3,0,0,30,0,0,30,1.42
318,40,0,1,1,48.128001391887665,3,3,0,0,30,0,0,30,1.42
318,40,0,2,1,8.191999979317188,3,3,0,0,30,0,0,30,1.42
318,40,0,3,1,4.095999989658594,3,3,0,0,30,0,0,30,1.42
319,2,0,0,0,9.216000325977802,2,2,0,0,20,0,0,20,1.59
319,2,0,1,0,53.247999399900436,2,2,0,0,20,0,0,20,1.59
319,2,0,2,0,8.191999979317188,2,2,0,0,20,0,0,20,1.59
319,2,0,3,0,5.119999870657921,2,2,0,0,20,0,0,20,1.59
319,24,0,0,0,8.191999979317188,2,2,0,0,20,0,0,20,1.11
319,24,0,1,0,50.175998359918594,2,2,0,0,20,0,0,20,1.11
319,24,0,2,0,8.191999979317188,2,2,0,0,20,0,0,20,1.11
319,24,0,3,0,4.095999989658594,2,2,0,0,20,0,0,20,1.11
319,40,0,0,1,8.191999979317188,2,2,0,0,20,0,0,20,0.871
319,40,0,1,1,43.007999658584595,2,2,0,0,20,0,0,20,0.871
319,40,0,2,1,9.216000325977802,2,2,0,0,20,0,0,20,0.871
319,40,0,3,1,3.0720001086592674,2,2,0,0,20,0,0,20,0.871
320,2,0,0,0,8.191999979317188,2,2,0,1,19,0,0,20,71.02
320,2,0,1,0,51.19999870657921,2,2,0,1,19,0,0,20,71.02
320,2,0,2,0,9.216000325977802,2,2,0,1,19,0,0,20,71.02
320,2,0,3,0,5.119999870657921,2,2,0,1,19,0,0,20,71.02
320,24,0,0,0,9.216000325977802,2,2,0,0,20,0,0,20,1.24
320,24,0,1,0,43.007999658584595,2,2,0,0,20,0,0,20,1.24
320,24,0,2,0,9.216000325977802,2,2,0,0,20,0,0,20,1.24
320,24,0,3,0,4.095999989658594,2,2,0,0,20,0,0,20,1.24
320,40,0,0,1,8.191999979317188,2,2,0,0,20,0,0,20,1.94
320,40,0,1,1,55.296000093221664,2,2,0,0,20,0,0,20,1.94
320,40,0,2,1,9.216000325977802,2,2,0,0,20,0,0,20,1.94
320,40,0,3,1,4.095999989658594,2,2,0,0,20,0,0,20,1.94
321,2,0,0,0,9.216000325977802,1,1,0,2,8,0,0,10,86.93
321,2,0,1,0,27.648000046610832,1,1,0,2,8,0,0,10,86.93
321,2,0,2,0,10.239999741315842,1,1,0,2,8,0,0,10,86.93
321,2,0,3,0,36.86400130391121,1,1,0,2,8,0,0,10,86.93
321,24,0,0,0,9.216000325977802,1,1,0,0,10,0,0,10,0.7
321,24,0,1,0,31.74399957060814,1,1,0,0,10,0,0,10,0.7
321,24,0,2,0,9.216000325977802,1,1,0,0,10,0,0,10,0.7
321,24,0,3,0,4.095999989658594,1,1,0,0,10,0,0,10,0.7
321,40,0,0,1,8.191999979317188,1,1,0,0,10,0,0,10,0.57
321,40,0,1,1,34.81600061058998,1,1,0,0,10,0,0,10,0.57
321,40,0,2,1,8.191999979317188,1,1,0,0,10,0,0,10,0.57
321,40,0,3,1,4.095999989658594,1,1,0,0,10,0,0,10,0.57
322,2,0,0,0,9.216000325977802,4,4,0,0,40,0,0,40,4.8
322,2,0,1,0,88.06400001049042,4,4,0,0,40,0,0,40,4.8
322,2,0,2,0,9.216000325977802,4,4,0,0,40,0,0,40,4.8
322,2,0,3,0,7.168000098317862,4,4,0,0,40,0,0,40,4.8
322,24,0,0,0,8.191999979317188,4,4,0,0,40,0,0,40,4.59
322,24,0,1,0,69.63200122117996,4,4,0,0,40,0,0,40,4.59
322,24,0,2,0,8.191999979317188,4,4,0,0,40,0,0,40,4.59
322,24,0,3,0,4.095999989658594,4,4,0,0,40,0,0,40,4.59
322,40,0,0,1,9.216000325977802,4,4,0,0,40,0,0,40,4.3
322,40,0,1,1,64.51199948787689,4,4,0,0,40,0,0,40,4.3
322,40,0,2,1,9.216000325977802,4,4,0,0,40,0,0,40,4.3
322,40,0,3,1,4.095999989658594,4,4,0,0,40,0,0,40,4.3
323,2,0,0,0,9.216000325977802,3,3,0,3,27,0,0,30,121.98
323,2,0,1,0,60.416001826524734,3,3,0,3,27,0,0,30,121.98
323,2,0,2,0,9.216000325977802,3,3,0,3,27,0,0,30,121.98
323,2,0,3,0,39.93599861860275,3,3,0,3,27,0,0,30,121.98
323,24,0,0,0,9.216000325977802,3,3,0,1,29,0,0,30,61.89
323,24,0,1,0,65.5359998345375,3,3,0,1,29,0,0,30,61.89
323,24,0,2,0,9.216000325977802,3,3,0,1,29,0,0,30,61.89
323,24,0,3,0,5.119999870657921,3,3,0,1,29,0,0,30,61.89
323,40,0,0,1,9.216000325977802,3,3,0,0,30,0,0,30,2.42
323,40,0,1,1,78.84799689054489,3,3,0,0,30,0,0,30,2.42
323,40,0,2,1,9.216000325977802,3,3,0,0,30,0,0,30,2.42
323,40,0,3,1,4.095999989658594,3,3,0,0,30,0,0,30,2.42
324,2,0,0,0,14.336000196635723,4,4,0,0,40,0,0,40,3.129
324,2,0,1,0,93.18400174379349,4,4,0,0,40,0,0,40,3.129
324,2,0,2,0,10.239999741315842,4,4,0,0,40,0,0,40,3.129
324,2,0,3,0,4.095999989658594,4,4,0,0,40,0,0,40,3.129
324,24,0,0,0,8.191999979317188,4,4,0,0,40,0,0,40,5.391
324,24,0,1,0,75.77600330114365,4,4,0,0,40,0,0,40,5.391
324,24,0,2,0,9.216000325977802,4,4,0,0,40,0,0,40,5.391
324,24,0,3,0,4.095999989658594,4,4,0,0,40,0,0,40,5.391
324,40,0,0,1,9.216000325977802,4,4,0,0,40,0,0,40,4.05
324,40,0,1,1,72.7040022611618,4,4,0,0,40,0,0,40,4.05
324,40,0,2,1,9.216000325977802,4,4,0,0,40,0,0,40,4.05
324,40,0,3,1,4.095999989658594,4,4,0,0,40,0,0,40,4.05
325,2,0,0,0,9.216000325977802,2,2,0,2,18,0,0,20,95.93
325,2,0,1,0,49.15200173854828,2,2,0,2,18,0,0,20,95.93
325,2,0,2,0,9.216000325977802,2,2,0,2,18,0,0,20,95.93
325,2,0,3,0,25.599999353289604,2,2,0,2,18,0,0,20,95.93
325,24,0,0,0,9.216000325977802,2,2,0,0,20,0,0,20,1.529
325,24,0,1,0,47.10400104522705,2,2,0,0,20,0,0,20,1.529
325,24,0,2,0,9.216000325977802,2,2,0,0,20,0,0,20,1.529
325,24,0,3,0,4.095999989658594,2,2,0,0,20,0,0,20,1.529
325,40,0,0,1,9.216000325977802,2,2,0,0,20,0,0,20,3.37
325,40,0,1,1,38.91199827194214,2,2,0,0,20,0,0,20,3.37
325,40,0,2,1,10.239999741315842,2,2,0,0,20,0,0,20,3.37
325,40,0,3,1,4.095999989658594,2,2,0,0,20,0,0,20,3.37
326,2,0,0,0,15.359999611973763,4,4,0,0,40,0,0,40,4.889
326,2,0,1,0,81.91999793052673,4,4,0,0,40,0,0,40,4.889
326,2,0,2,0,9.216000325977802,4,4,0,0,40,0,0,40,4.889
326,2,0,3,0,5.119999870657921,4,4,0,0,40,0,0,40,4.889
326,24,0,0,0,8.191999979317188,4,4,0,0,40,0,0,40,2.58
326,24,0,1,0,69.63200122117996,4,4,0,0,40,0,0,40,2.58
326,24,0,2,0,9.216000325977802,4,4,0,0,40,0,0,40,2.58
326,24,0,3,0,4.095999989658594,4,4,0,0,40,0,0,40,2.58
326,40,0,0,1,9.216000325977802,4,4,0,0,40,0,0,40,2.629
326,40,0,1,1,71.68000191450119,4,4,0,0,40,0,0,40,2.629
326,40,0,2,1,9.216000325977802,4,4,0,0,40,0,0,40,2.629
326,40,0,3,1,4.095999989658594,4,4,0,0,40,0,0,40,2.629
327,2,0,0,0,14.336000196635723,4,4,0,0,40,0,0,40,2.78
327,2,0,1,0,86.01599931716919,4,4,0,0,40,0,0,40,2.78
327,2,0,2,0,9.216000325977802,4,4,0,0,40,0,0,40,2.78
327,2,0,3,0,7.168000098317862,4,4,0,0,40,0,0,40,2.78
327,24,0,0,0,8.191999979317188,4,4,0,0,40,0,0,40,2.6
327,24,0,1,0,73.72800260782242,4,4,0,0,40,0,0,40,2.6
327,24,0,2,0,9.216000325977802,4,4,0,0,40,0,0,40,2.6
327,24,0,3,0,4.095999989658594,4,4,0,0,40,0,0,40,2.6
327,40,0,0,1,8.191999979317188,4,4,0,0,40,0,0,40,2.13
327,40,0,1,1,62.463998794555664,4,4,0,0,40,0,0,40,2.13
327,40,0,2,1,9.216000325977802,4,4,0,0,40,0,0,40,2.13
327,40,0,3,1,4.095999989658594,4,4,0,0,40,0,0,40,2.13
328,2,0,0,0,15.359999611973763,2,2,0,2,18,0,0,20,141.25
328,2,0,1,0,44.03200000524521,2,2,0,2,18,0,0,20,141.25
328,2,0,2,0,9.216000325977802,2,2,0,2,18,0,0,20,141.25
328,2,0,3,0,69.63200122117996,2,2,0,2,18,0,0,20,141.25
328,24,0,0,0,9.216000325977802,2,2,0,0,20,0,0,20,0.92
328,24,0,1,0,38.91199827194214,2,2,0,0,20,0,0,20,0.92
328,24,0,2,0,8.191999979317188,2,2,0,0,20,0,0,20,0.92
328,24,0,3,0,4.095999989658594,2,2,0,0,20,0,0,20,0.92
328,40,0,0,1,8.191999979317188,2,2,0,0,20,0,0,20,0.88
328,40,0,1,1,38.91199827194214,2,2,0,0,20,0,0,20,0.88
328,40,0,2,1,9.216000325977802,2,2,0,0,20,0,0,20,0.88
328,40,0,3,1,4.095999989658594,2,2,0,0,20,0,0,20,0.88
329,2,0,0,0,9.216000325977802,2,2,0,0,20,0,0,20,1.44
329,2,0,1,0,48.128001391887665,2,2,0,0,20,0,0,20,1.44
329,2,0,2,0,9.216000325977802,2,2,0,0,20,0,0,20,1.44
329,2,0,3,0,5.119999870657921,2,2,0,0,20,0,0,20,1.44
329,24,0,0,0,9.216000325977802,2,2,0,0,20,0,0,20,1.02
329,24,0,1,0,41.98399931192398,2,2,0,0,20,0,0,20,1.02
329,24,0,2,0,9.216000325977802,2,2,0,0,20,0,0,20,1.02
329,24,0,3,0,4.095999989658594,2,2,0,0,20,0,0,20,1.02
329,40,0,0,1,9.216000325977802,2,2,0,0,20,0,0,20,1.06
329,40,0,1,1,48.128001391887665,2,2,0,0,20,0,0,20,1.06
329,40,0,2,1,10.239999741315842,2,2,0,0,20,0,0,20,1.06
329,40,0,3,1,4.095999989658594,2,2,0,0,20,0,0,20,1.06
330,2,0,0,0,10.239999741315842,3,3,0,0,30,0,0,30,2.071
330,2,0,1,0,72.7040022611618,3,3,0,0,30,0,0,30,2.071
330,2,0,2,0,9.216000325977802,3,3,0,0,30,0,0,30,2.071
330,2,0,3,0,7.168000098317862,3,3,0,0,30,0,0,30,2.071
330,24,0,0,0,9.216000325977802,3,3,0,0,30,0,0,30,3.97
330,24,0,1,0,57.34400078654289,3,3,0,0,30,0,0,30,3.97
330,24,0,2,0,9.216000325977802,3,3,0,0,30,0,0,30,3.97
330,24,0,3,0,4.095999989658594,3,3,0,0,30,0,0,30,3.97
330,40,0,0,1,9.216000325977802,3,3,0,0,30,0,0,30,1.78
330,40,0,1,1,63.48799914121628,3,3,0,0,30,0,0,30,1.78
330,40,0,2,1,9.216000325977802,3,3,0,0,30,0,0,30,1.78
330,40,0,3,1,4.095999989658594,3,3,0,0,30,0,0,30,1.78
331,2,0,0,0,8.191999979317188,2,2,0,0,20,0,0,20,1.76
331,2,0,1,0,53.247999399900436,2,2,0,0,20,0,0,20,1.76
331,2,0,2,0,9.216000325977802,2,2,0,0,20,0,0,20,1.76
331,2,0,3,0,5.119999870657921,2,2,0,0,20,0,0,20,1.76
331,24,0,0,0,9.216000325977802,2,2,0,0,20,0,0,20,1.01
331,24,0,1,0,50.175998359918594,2,2,0,0,20,0,0,20,1.01
331,24,0,2,0,9.216000325977802,2,2,0,0,20,0,0,20,1.01
331,24,0,3,0,4.095999989658594,2,2,0,0,20,0,0,20,1.01
331,40,0,0,1,9.216000325977802,2,2,0,0,20,0,0,20,3.83
331,40,0,1,1,53.247999399900436,2,2,0,0,20,0,0,20,3.83
331,40,0,2,1,9.216000325977802,2,2,0,0,20,0,0,20,3.83
331,40,0,3,1,4.095999989658594,2,2,0,0,20,0,0,20,3.83
332,2,0,0,0,10.239999741315842,4,4,0,0,40,0,0,40,5.429
332,2,0,1,0,84.99199897050858,4,4,0,0,40,0,0,40,5.429
332,2,0,2,0,9.216000325977802,4,4,0,0,40,0,0,40,5.429
332,2,0,3,0,5.119999870657921,4,4,0,0,40,0,0,40,5.429
332,24,0,0,0,8.191999979317188,4,4,0,0,40,0,0,40,4.56
332,24,0,1,0,75.77600330114365,4,4,0,0,40,0,0,40,4.56
332,24,0,2,0,9.216000325977802,4,4,0,0,40,0,0,40,4.56
332,24,0,3,0,4.095999989658594,4,4,0,0,40,0,0,40,4.56
332,40,0,0,1,9.216000325977802,4,4,0,0,40,0,0,40,2.26
332,40,0,1,1,67.58400052785873,4,4,0,0,40,0,0,40,2.26
332,40,0,2,1,8.191999979317188,4,4,0,0,40,0,0,40,2.26
332,40,0,3,1,5.119999870657921,4,4,0,0,40,0,0,40,2.26
333,2,0,0,0,14.336000196635723,4,4,0,1,39,0,0,40,89.01
333,2,0,1,0,82.94399827718735,4,4,0,1,39,0,0,40,89.01
333,2,0,2,0,9.216000325977802,4,4,0,1,39,0,0,40,89.01
333,2,0,3,0,5.119999870657921,4,4,0,1,39,0,0,40,89.01
333,24,0,0,0,8.191999979317188,4,4,0,0,40,0,0,40,2.15
333,24,0,1,0,69.63200122117996,4,4,0,0,40,0,0,40,2.15
333,24,0,2,0,8.191999979317188,4,4,0,0,40,0,0,40,2.15
333,24,0,3,0,4.095999989658594,4,4,0,0,40,0,0,40,2.15
333,40,0,0,1,9.216000325977802,4,4,0,0,40,0,0,40,2.391
333,40,0,1,1,91.13600105047226,4,4,0,0,40,0,0,40,2.391
333,40,0,2,1,9.216000325977802,4,4,0,0,40,0,0,40,2.391
333,40,0,3,1,4.095999989658594,4,4,0,0,40,0,0,40,2.391
334,2,0,0,0,14.336000196635723,4,4,0,1,39,0,0,40,180.36
334,2,0,1,0,76.80000364780426,4,4,0,1,39,0,0,40,180.36
334,2,0,2,0,8.191999979317188,4,4,0,1,39,0,0,40,180.36
334,2,0,3,0,76.80000364780426,4,4,0,1,39,0,0,40,180.36
334,24,0,0,0,8.191999979317188,4,4,0,0,40,0,0,40,4.549
334,24,0,1,0,65.5359998345375,4,4,0,0,40,0,0,40,4.549
334,24,0,2,0,8.191999979317188,4,4,0,0,40,0,0,40,4.549
334,24,0,3,0,4.095999989658594,4,4,0,0,40,0,0,40,4.549
334,40,0,0,1,9.216000325977802,4,4,0,0,40,0,0,40,3.58
334,40,0,1,1,59.39200147986412,4,4,0,0,40,0,0,40,3.58
334,40,0,2,1,9.216000325977802,4,4,0,0,40,0,0,40,3.58
334,40,0,3,1,4.095999989658594,4,4,0,0,40,0,0,40,3.58
335,2,0,0,0,10.239999741315842,1,1,0,2,8,0,0,10,125.05
335,2,0,1,0,28.672000393271446,1,1,0,2,8,0,0,10,125.05
335,2,0,2,0,8.191999979317188,1,1,0,2,8,0,0,10,125.05
335,2,0,3,0,73.72800260782242,1,1,0,2,8,0,0,10,125.05
335,24,0,0,0,9.216000325977802,1,1,0,0,10,0,0,10,0.64
335,24,0,1,0,30.719999223947525,1,1,0,0,10,0,0,10,0.64
335,24,0,2,0,9.216000325977802,1,1,0,0,10,0,0,10,0.64
335,24,0,3,0,4.095999989658594,1,1,0,0,10,0,0,10,0.64
335,40,0,0,1,8.191999979317188,1,1,0,0,10,0,0,10,0.64
335,40,0,1,1,34.81600061058998,1,1,0,0,10,0,0,10,0.64
335,40,0,2,1,8.191999979317188,1,1,0,0,10,0,0,10,0.64
335,40,0,3,1,4.095999989658594,1,1,0,0,10,0,0,10,0.64
336,2,0,0,0,8.191999979317188,3,3,0,0,30,0,0,30,1.971
336,2,0,1,0,71.68000191450119,3,3,0,0,30,0,0,30,1.971
336,2,0,2,0,9.216000325977802,3,3,0,0,30,0,0,30,1.971
336,2,0,3,0,6.144000217318535,3,3,0,0,30,0,0,30,1.971
336,24,0,0,0,9.216000325977802,3,3,0,0,30,0,0,30,1.5
336,24,0,1,0,50.175998359918594,3,3,0,0,30,0,0,30,1.5
336,24,0,2,0,8.191999979317188,3,3,0,0,30,0,0,30,1.5
336,24,0,3,0,3.0720001086592674,3,3,0,0,30,0,0,30,1.5
336,40,0,0,1,9.216000325977802,3,3,0,0,30,0,0,30,1.62
336,40,0,1,1,58.36800113320351,3,3,0,0,30,0,0,30,1.62
336,40,0,2,1,8.191999979317188,3,3,0,0,30,0,0,30,1.62
336,40,0,3,1,4.095999989658594,3,3,0,0,30,0,0,30,1.62
337,2,0,0,0,8.191999979317188,1,1,0,0,10,0,0,10,0.74
337,2,0,1,0,31.74399957060814,1,1,0,0,10,0,0,10,0.74
337,2,0,2,0,9.216000325977802,1,1,0,0,10,0,0,10,0.74
337,2,0,3,0,6.144000217318535,1,1,0,0,10,0,0,10,0.74
337,24,0,0,0,8.191999979317188,1,1,0,0,10,0,0,10,0.611
337,24,0,1,0,32.76799991726875,1,1,0,0,10,0,0,10,0.611
337,24,0,2,0,9.216000325977802,1,1,0,0,10,0,0,10,0.611
337,24,0,3,0,4.095999989658594,1,1,0,0,10,0,0,10,0.611
337,40,0,0,1,9.216000325977802,1,1,0,0,10,0,0,10,0.5
337,40,0,1,1,34.81600061058998,1,1,0,0,10,0,0,10,0.5
337,40,0,2,1,9.216000325977802,1,1,0,0,10,0,0,10,0.5
337,40,0,3,1,4.095999989658594,1,1,0,0,10,0,0,10,0.5
338,2,0,0,0,8.191999979317188,4,4,0,1,39,0,0,40,75.12
338,2,0,1,0,82.94399827718735,4,4,0,1,39,0,0,40,75.12
338,2,0,2,0,8.191999979317188,4,4,0,1,39,0,0,40,75.12
338,2,0,3,0,5.119999870657921,4,4,0,1,39,0,0,40,75.12
338,24,0,0,0,8.191999979317188,4,4,0,0,40,0,0,40,2.15
338,24,0,1,0,70.65600156784058,4,4,0,0,40,0,0,40,2.15
338,24,0,2,0,9.216000325977802,4,4,0,0,40,0,0,40,2.15
338,24,0,3,0,4.095999989658594,4,4,0,0,40,0,0,40,2.15
338,40,0,0,1,9.216000325977802,4,4,0,0,40,0,0,40,1.62
338,40,0,1,1,60.416001826524734,4,4,0,0,40,0,0,40,1.62
338,40,0,2,1,9.216000325977802,4,4,0,0,40,0,0,40,1.62
338,40,0,3,1,4.095999989658594,4,4,0,0,40,0,0,40,1.62
339,2,0,0,0,9.216000325977802,2,2,0,0,20,0,0,20,1.62
339,2,0,1,0,53.247999399900436,2,2,0,0,20,0,0,20,1.62
339,2,0,2,0,9.216000325977802,2,2,0,0,20,0,0,20,1.62
339,2,0,3,0,5.119999870657921,2,2,0,0,20,0,0,20,1.62
339,24,0,0,0,8.191999979317188,2,2,0,0,20,0,0,20,1.349
339,24,0,1,0,47.10400104522705,2,2,0,0,20,0,0,20,1.349
339,24,0,2,0,9.216000325977802,2,2,0,0,20,0,0,20,1.349
339,24,0,3,0,4.095999989658594,2,2,0,0,20,0,0,20,1.349
339,40,0,0,1,9.216000325977802,2,2,0,0,20,0,0,20,1.31
339,40,0,1,1,60.416001826524734,2,2,0,0,20,0,0,20,1.31
339,40,0,2,1,9.216000325977802,2,2,0,0,20,0,0,20,1.31
339,40,0,3,1,4.095999989658594,2,2,0,0,20,0,0,20,1.31
340,2,0,0,0,9.216000325977802,4,4,0,1,39,0,0,40,74.78
340,2,0,1,0,80.89599758386612,4,4,0,1,39,0,0,40,74.78
340,2,0,2,0,9.216000325977802,4,4,0,1,39,0,0,40,74.78
340,2,0,3,0,5.119999870657921,4,4,0,1,39,0,0,40,74.78
340,24,0,0,0,8.191999979317188,4,4,0,0,40,0,0,40,2.19
340,24,0,1,0,69.63200122117996,4,4,0,0,40,0,0,40,2.19
340,24,0,2,0,9.216000325977802,4,4,0,0,40,0,0,40,2.19
340,24,0,3,0,4.095999989658594,4,4,0,0,40,0,0,40,2.19
340,40,0,0,1,9.216000325977802,4,4,0,0,40,0,0,40,1.92
340,40,0,1,1,67.58400052785873,4,4,0,0,40,0,0,40,1.92
340,40,0,2,1,9.216000325977802,4,4,0,0,40,0,0,40,1.92
340,40,0,3,1,4.095999989658594,4,4,0,0,40,0,0,40,1.92
341,2,0,0,0,9.216000325977802,2,2,0,0,20,0,0,20,1.73
341,2,0,1,0,48.128001391887665,2,2,0,0,20,0,0,20,1.73
341,2,0,2,0,8.191999979317188,2,2,0,0,20,0,0,20,1.73
341,2,0,3,0,6.144000217318535,2,2,0,0,20,0,0,20,1.73
341,24,0,0,0,10.239999741315842,2,2,0,0,20,0,0,20,3.689
341,24,0,1,0,49.15200173854828,2,2,0,0,20,0,0,20,3.689
341,24,0,2,0,9.216000325977802,2,2,0,0,20,0,0,20,3.689
341,24,0,3,0,4.095999989658594,2,2,0,0,20,0,0,20,3.689
341,40,0,0,1,10.239999741315842,2,2,0,0,20,0,0,20,1.02
341,40,0,1,1,38.91199827194214,2,2,0,0,20,0,0,20,1.02
341,40,0,2,1,10.239999741315842,2,2,0,0,20,0,0,20,1.02
341,40,0,3,1,4.095999989658594,2,2,0,0,20,0,0,20,1.02
342,2,0,0,0,9.216000325977802,4,4,0,5,35,0,0,40,485.938
342,2,0,1,0,68.60800087451935,4,4,0,5,35,0,0,40,485.938
342,2,0,2,0,9.216000325977802,4,4,0,5,35,0,0,40,485.938
342,2,0,3,0,396.2880074977875,4,4,0,5,35,0,0,40,485.938
342,24,0,0,0,8.191999979317188,4,4,0,0,40,0,0,40,3.249
342,24,0,1,0,68.60800087451935,4,4,0,0,40,0,0,40,3.249
342,24,0,2,0,9.216000325977802,4,4,0,0,40,0,0,40,3.249
342,24,0,3,0,3.0720001086592674,4,4,0,0,40,0,0,40,3.249
342,40,0,0,1,9.216000325977802,4,4,0,0,40,0,0,40,2.68
342,40,0,1,1,60.416001826524734,4,4,0,0,40,0,0,40,2.68
342,40,0,2,1,9.216000325977802,4,4,0,0,40,0,0,40,2.68
342,40,0,3,1,4.095999989658594,4,4,0,0,40,0,0,40,2.68
343,2,0,0,0,8.191999979317188,4,4,0,3,37,0,0,40,128.359
343,2,0,1,0,70.65600156784058,4,4,0,3,37,0,0,40,128.359
343,2,0,2,0,9.216000325977802,4,4,0,3,37,0,0,40,128.359
343,2,0,3,0,38.91199827194214,4,4,0,3,37,0,0,40,128.359
343,24,0,0,0,9.216000325977802,4,4,0,1,39,0,0,40,61.72
343,24,0,1,0,75.77600330114365,4,4,0,1,39,0,0,40,61.72
343,24,0,2,0,9.216000325977802,4,4,0,1,39,0,0,40,61.72
343,24,0,3,0,4.095999989658594,4,4,0,1,39,0,0,40,61.72
343,40,0,0,1,9.216000325977802,4,4,0,0,40,0,0,40,2.65
343,40,0,1,1,60.416001826524734,4,4,0,0,40,0,0,40,2.65
343,40,0,2,1,9.216000325977802,4,4,0,0,40,0,0,40,2.65
343,40,0,3,1,4.095999989658594,4,4,0,0,40,0,0,40,2.65
344,2,0,0,0,8.191999979317188,1,1,0,0,10,0,0,10,0.7
344,2,0,1,0,31.74399957060814,1,1,0,0,10,0,0,10,0.7
344,2,0,2,0,8.191999979317188,1,1,0,0,10,0,0,10,0.7
344,2,0,3,0,7.168000098317862,1,1,0,0,10,0,0,10,0.7
344,24,0,0,0,8.191999979317188,1,1,0,0,10,0,0,10,0.571
344,24,0,1,0,31.74399957060814,1,1,0,0,10,0,0,10,0.571
344,24,0,2,0,9.216000325977802,1,1,0,0,10,0,0,10,0.571
344,24,0,3,0,4.095999989658594,1,1,0,0,10,0,0,10,0.571
344,40,0,0,1,8.191999979317188,1,1,0,0,10,0,0,10,0.68
344,40,0,1,1,34.81600061058998,1,1,0,0,10,0,0,10,0.68
344,40,0,2,1,9.216000325977802,1,1,0,0,10,0,0,10,0.68
344,40,0,3,1,4.095999989658594,1,1,0,0,10,0,0,10,0.68
345,2,0,0,0,15.359999611973763,4,4,0,2,38,0,0,40,108.34
345,2,0,1,0,78.84799689054489,4,4,0,2,38,0,0,40,108.34
345,2,0,2,0,9.216000325977802,4,4,0,2,38,0,0,40,108.34
345,2,0,3,0,5.119999870657921,4,4,0,2,38,0,0,40,108.34
345,24,0,0,0,8.191999979317188,4,4,0,1,39,0,0,40,161.069
345,24,0,1,0,71.68000191450119,4,4,0,1,39,0,0,40,161.069
345,24,0,2,0,9.216000325977802,4,4,0,1,39,0,0,40,161.069
345,24,0,3,0,69.63200122117996,4,4,0,1,39,0,0,40,161.069
345,40,0,0,1,8.191999979317188,4,4,0,0,40,0,0,40,4.28
345,40,0,1,1,75.77600330114365,4,4,0,0,40,0,0,40,4.28
345,40,0,2,1,9.216000325977802,4,4,0,0,40,0,0,40,4.28
345,40,0,3,1,4.095999989658594,4,4,0,0,40,0,0,40,4.28
346,2,0,0,0,8.191999979317188,4,4,0,2,38,0,0,40,126.039
346,2,0,1,0,69.63200122117996,4,4,0,2,38,0,0,40,126.039
346,2,0,2,0,9.216000325977802,4,4,0,2,38,0,0,40,126.039
346,2,0,3,0,34.81600061058998,4,4,0,2,38,0,0,40,126.039
346,24,0,0,0,9.216000325977802,4,4,0,1,39,0,0,40,63.059
346,24,0,1,0,75.77600330114365,4,4,0,1,39,0,0,40,63.059
346,24,0,2,0,8.191999979317188,4,4,0,1,39,0,0,40,63.059
346,24,0,3,0,4.095999989658594,4,4,0,1,39,0,0,40,63.059
346,40,0,0,1,14.336000196635723,4,4,0,1,39,0,0,40,85.65
346,40,0,1,1,67.58400052785873,4,4,0,1,39,0,0,40,85.65
346,40,0,2,1,8.191999979317188,4,4,0,1,39,0,0,40,85.65
346,40,0,3,1,4.095999989658594,4,4,0,1,39,0,0,40,85.65
347,2,0,0,0,8.191999979317188,3,3,0,3,27,0,0,30,189.708
347,2,0,1,0,61.43999844789505,3,3,0,3,27,0,0,30,189.708
347,2,0,2,0,10.239999741315842,3,3,0,3,27,0,0,30,189.708
347,2,0,3,0,107.51999914646149,3,3,0,3,27,0,0,30,189.708
347,24,0,0,0,10.239999741315842,3,3,0,0,30,0,0,30,2.82
347,24,0,1,0,57.34400078654289,3,3,0,0,30,0,0,30,2.82
347,24,0,2,0,9.216000325977802,3,3,0,0,30,0,0,30,2.82
347,24,0,3,0,4.095999989658594,3,3,0,0,30,0,0,30,2.82
347,40,0,0,1,9.216000325977802,3,3,0,0,30,0,0,30,4.2
347,40,0,1,1,47.10400104522705,3,3,0,0,30,0,0,30,4.2
347,40,0,2,1,9.216000325977802,3,3,0,0,30,0,0,30,4.2
347,40,0,3,1,4.095999989658594,3,3,0,0,30,0,0,30,4.2
348,2,0,0,0,8.191999979317188,1,1,0,1,9,0,0,10,56.949
348,2,0,1,0,30.719999223947525,1,1,0,1,9,0,0,10,56.949
348,2,0,2,0,10.239999741315842,1,1,0,1,9,0,0,10,56.949
348,2,0,3,0,5.119999870657921,1,1,0,1,9,0,0,10,56.949
348,24,0,0,0,9.216000325977802,1,1,0,0,10,0,0,10,0.54
348,24,0,1,0,31.74399957060814,1,1,0,0,10,0,0,10,0.54
348,24,0,2,0,8.191999979317188,1,1,0,0,10,0,0,10,0.54
348,24,0,3,0,3.0720001086592674,1,1,0,0,10,0,0,10,0.54
348,40,0,0,1,9.216000325977802,1,1,0,0,10,0,0,10,0.52
348,40,0,1,1,34.81600061058998,1,1,0,0,10,0,0,10,0.52
348,40,0,2,1,8.191999979317188,1,1,0,0,10,0,0,10,0.52
348,40,0,3,1,4.095999989658594,1,1,0,0,10,0,0,10,0.52
349,2,0,0,0,9.216000325977802,1,1,0,0,10,0,0,10,0.84
349,2,0,1,0,31.74399957060814,1,1,0,0,10,0,0,10,0.84
349,2,0,2,0,8.191999979317188,1,1,0,0,10,0,0,10,0.84
349,2,0,3,0,5.119999870657921,1,1,0,0,10,0,0,10,0.84
349,24,0,0,0,9.216000325977802,1,1,0,0,10,0,0,10,0.7
349,24,0,1,0,30.719999223947525,1,1,0,0,10,0,0,10,0.7
349,24,0,2,0,9.216000325977802,1,1,0,0,10,0,0,10,0.7
349,24,0,3,0,3.0720001086592674,1,1,0,0,10,0,0,10,0.7
349,40,0,0,1,8.191999979317188,1,1,0,0,10,0,0,10,0.629
349,40,0,1,1,34.81600061058998,1,1,0,0,10,0,0,10,0.629
349,40,0,2,1,9.216000325977802,1,1,0,0,10,0,0,10,0.629
349,40,0,3,1,5.119999870657921,1,1,0,0,10,0,0,10,0.629
350,2,0,0,0,14.336000196635723,4,4,0,1,39,0,0,40,67.639
350,2,0,1,0,79.8719972372055,4,4,0,1,39,0,0,40,67.639
350,2,0,2,0,9.216000325977802,4,4,0,1,39,0,0,40,67.639
350,2,0,3,0,5.119999870657921,4,4,0,1,39,0,0,40,67.639
350,24,0,0,0,8.191999979317188,4,4,0,0,40,0,0,40,3.151
350,24,0,1,0,69.63200122117996,4,4,0,0,40,0,0,40,3.151
350,24,0,2,0,9.216000325977802,4,4,0,0,40,0,0,40,3.151
350,24,0,3,0,4.095999989658594,4,4,0,0,40,0,0,40,3.151
350,40,0,0,1,9.216000325977802,4,4,0,0,40,0,0,40,2.11
350,40,0,1,1,70.65600156784058,4,4,0,0,40,0,0,40,2.11
350,40,0,2,1,9.216000325977802,4,4,0,0,40,0,0,40,2.11
350,40,0,3,1,3.0720001086592674,4,4,0,0,40,0,0,40,2.11
351,2,0,0,0,18.432000651955605,4,4,0,2,38,0,0,40,114.52
351,2,0,1,0,71.68000191450119,4,4,0,2,38,0,0,40,114.52
351,2,0,2,0,9.216000325977802,4,4,0,2,38,0,0,40,114.52
351,2,0,3,0,11.264000087976456,4,4,0,2,38,0,0,40,114.52
351,24,0,0,0,8.191999979317188,4,4,0,1,39,0,0,40,68.17
351,24,0,1,0,77.82399654388428,4,4,0,1,39,0,0,40,68.17
351,24,0,2,0,9.216000325977802,4,4,0,1,39,0,0,40,68.17
351,24,0,3,0,3.0720001086592674,4,4,0,1,39,0,0,40,68.17
351,40,0,0,1,9.216000325977802,4,4,0,0,40,0,0,40,2.51
351,40,0,1,1,91.13600105047226,4,4,0,0,40,0,0,40,2.51
351,40,0,2,1,8.191999979317188,4,4,0,0,40,0,0,40,2.51
351,40,0,3,1,5.119999870657921,4,4,0,0,40,0,0,40,2.51
352,2,0,0,0,14.336000196635723,4,4,0,0,40,0,0,40,5.549
352,2,0,1,0,93.18400174379349,4,4,0,0,40,0,0,40,5.549
352,2,0,2,0,9.216000325977802,4,4,0,0,40,0,0,40,5.549
352,2,0,3,0,5.119999870657921,4,4,0,0,40,0,0,40,5.549
352,24,0,0,0,9.216000325977802,4,4,0,1,39,0,0,40,104.43
352,24,0,1,0,73.72800260782242,4,4,0,1,39,0,0,40,104.43
352,24,0,2,0,9.216000325977802,4,4,0,1,39,0,0,40,104.43
352,24,0,3,0,8.191999979317188,4,4,0,1,39,0,0,40,104.43
352,40,0,0,1,15.359999611973763,4,4,0,1,39,0,0,40,85.511
352,40,0,1,1,68.60800087451935,4,4,0,1,39,0,0,40,85.511
352,40,0,2,1,9.216000325977802,4,4,0,1,39,0,0,40,85.511
352,40,0,3,1,4.095999989658594,4,4,0,1,39,0,0,40,85.511
353,2,0,0,0,16.383999958634377,4,4,0,0,40,0,0,40,2.6
353,2,0,1,0,88.06400001049042,4,4,0,0,40,0,0,40,2.6
353,2,0,2,0,8.191999979317188,4,4,0,0,40,0,0,40,2.6
353,2,0,3,0,5.119999870657921,4,4,0,0,40,0,0,40,2.6
353,24,0,0,0,8.191999979317188,4,4,0,0,40,0,0,40,2.0
353,24,0,1,0,62.463998794555664,4,4,0,0,40,0,0,40,2.0
353,24,0,2,0,9.216000325977802,4,4,0,0,40,0,0,40,2.0
353,24,0,3,0,4.095999989658594,4,4,0,0,40,0,0,40,2.0
353,40,0,0,1,8.191999979317188,4,4,0,0,40,0,0,40,1.96
353,40,0,1,1,55.296000093221664,4,4,0,0,40,0,0,40,1.96
353,40,0,2,1,9.216000325977802,4,4,0,0,40,0,0,40,1.96
353,40,0,3,1,4.095999989658594,4,4,0,0,40,0,0,40,1.96
354,2,0,0,0,8.191999979317188,4,4,0,2,38,0,0,40,199.479
354,2,0,1,0,82.94399827718735,4,4,0,2,38,0,0,40,199.479
354,2,0,2,0,8.191999979317188,4,4,0,2,38,0,0,40,199.479
354,2,0,3,0,95.23200243711472,4,4,0,2,38,0,0,40,199.479
354,24,0,0,0,8.191999979317188,4,4,0,2,38,0,0,40,102.559
354,24,0,1,0,64.51199948787689,4,4,0,2,38,0,0,40,102.559
354,24,0,2,0,9.216000325977802,4,4,0,2,38,0,0,40,102.559
354,24,0,3,0,15.359999611973763,4,4,0,2,38,0,0,40,102.559
354,40,0,0,1,9.216000325977802,4,4,0,0,40,0,0,40,4.45
354,40,0,1,1,68.60800087451935,4,4,0,0,40,0,0,40,4.45
354,40,0,2,1,9.216000325977802,4,4,0,0,40,0,0,40,4.45
354,40,0,3,1,4.095999989658594,4,4,0,0,40,0,0,40,4.45
355,2,0,0,0,15.359999611973763,3,3,0,0,30,0,0,30,2.15
355,2,0,1,0,61.43999844789505,3,3,0,0,30,0,0,30,2.15
355,2,0,2,0,9.216000325977802,3,3,0,0,30,0,0,30,2.15
355,2,0,3,0,5.119999870657921,3,3,0,0,30,0,0,30,2.15
355,24,0,0,0,9.216000325977802,3,3,0,1,29,0,0,30,56.89
355,24,0,1,0,56.32000043988228,3,3,0,1,29,0,0,30,56.89
355,24,0,2,0,8.191999979317188,3,3,0,1,29,0,0,30,56.89
355,24,0,3,0,3.0720001086592674,3,3,0,1,29,0,0,30,56.89
355,40,0,0,1,8.191999979317188,3,3,0,0,30,0,0,30,4.05
355,40,0,1,1,56.32000043988228,3,3,0,0,30,0,0,30,4.05
355,40,0,2,1,9.216000325977802,3,3,0,0,30,0,0,30,4.05
355,40,0,3,1,4.095999989658594,3,3,0,0,30,0,0,30,4.05
356,2,0,0,0,9.216000325977802,4,4,0,0,40,0,0,40,2.7
356,2,0,1,0,68.60800087451935,4,4,0,0,40,0,0,40,2.7
356,2,0,2,0,9.216000325977802,4,4,0,0,40,0,0,40,2.7
356,2,0,3,0,6.144000217318535,4,4,0,0,40,0,0,40,2.7
356,24,0,0,0,7.168000098317862,4,4,0,1,39,0,0,40,60.729
356,24,0,1,0,56.32000043988228,4,4,0,1,39,0,0,40,60.729
356,24,0,2,0,9.216000325977802,4,4,0,1,39,0,0,40,60.729
356,24,0,3,0,4.095999989658594,4,4,0,1,39,0,0,40,60.729
356,40,0,0,1,9.216000325977802,4,4,0,0,40,0,0,40,1.9
356,40,0,1,1,51.19999870657921,4,4,0,0,40,0,0,40,1.9
356,40,0,2,1,9.216000325977802,4,4,0,0,40,0,0,40,1.9
356,40,0,3,1,4.095999989658594,4,4,0,0,40,0,0,40,1.9
357,2,0,0,0,20.479999482631683,4,4,0,3,37,0,0,40,223.159
357,2,0,1,0,81.91999793052673,4,4,0,3,37,0,0,40,223.159
357,2,0,2,0,9.216000325977802,4,4,0,3,37,0,0,40,223.159
357,2,0,3,0,110.59200018644333,4,4,0,3,37,0,0,40,223.159
357,24,0,0,0,8.191999979317188,4,4,0,0,40,0,0,40,4.709
357,24,0,1,0,81.91999793052673,4,4,0,0,40,0,0,40,4.709
357,24,0,2,0,9.216000325977802,4,4,0,0,40,0,0,40,4.709
357,24,0,3,0,4.095999989658594,4,4,0,0,40,0,0,40,4.709
357,40,0,0,1,9.216000325977802,4,4,0,0,40,0,0,40,2.22
357,40,0,1,1,73.72800260782242,4,4,0,0,40,0,0,40,2.22
357,40,0,2,1,9.216000325977802,4,4,0,0,40,0,0,40,2.22
357,40,0,3,1,4.095999989658594,4,4,0,0,40,0,0,40,2.22
358,2,0,0,0,9.216000325977802,1,1,0,0,10,0,0,10,0.7
358,2,0,1,0,31.74399957060814,1,1,0,0,10,0,0,10,0.7
358,2,0,2,0,9.216000325977802,1,1,0,0,10,0,0,10,0.7
358,2,0,3,0,4.095999989658594,1,1,0,0,10,0,0,10,0.7
358,24,0,0,0,9.216000325977802,1,1,0,0,10,0,0,10,0.9
358,24,0,1,0,31.74399957060814,1,1,0,0,10,0,0,10,0.9
358,24,0,2,0,9.216000325977802,1,1,0,0,10,0,0,10,0.9
358,24,0,3,0,4.095999989658594,1,1,0,0,10,0,0,10,0.9
358,40,0,0,1,8.191999979317188,1,1,0,0,10,0,0,10,0.51
358,40,0,1,1,34.81600061058998,1,1,0,0,10,0,0,10,0.51
358,40,0,2,1,9.216000325977802,1,1,0,0,10,0,0,10,0.51
358,40,0,3,1,4.095999989658594,1,1,0,0,10,0,0,10,0.51
359,2,0,0,0,10.239999741315842,1,1,0,2,8,0,0,10,93.39
359,2,0,1,0,27.648000046610832,1,1,0,2,8,0,0,10,93.39
359,2,0,2,0,9.216000325977802,1,1,0,2,8,0,0,10,93.39
359,2,0,3,0,40.95999896526337,1,1,0,2,8,0,0,10,93.39
359,24,0,0,0,9.216000325977802,1,1,0,0,10,0,0,10,0.62
359,24,0,1,0,31.74399957060814,1,1,0,0,10,0,0,10,0.62
359,24,0,2,0,9.216000325977802,1,1,0,0,10,0,0,10,0.62
359,24,0,3,0,4.095999989658594,1,1,0,0,10,0,0,10,0.62
359,40,0,0,1,9.216000325977802,1,1,0,1,9,0,0,10,60.969
359,40,0,1,1,33.79200026392937,1,1,0,1,9,0,0,10,60.969
359,40,0,2,1,9.216000325977802,1,1,0,1,9,0,0,10,60.969
359,40,0,3,1,3.0720001086592674,1,1,0,1,9,0,0,10,60.969
360,2,0,0,0,9.216000325977802,1,1,0,2,8,0,0,10,96.599
360,2,0,1,0,27.648000046610832,1,1,0,2,8,0,0,10,96.599
360,2,0,2,0,9.216000325977802,1,1,0,2,8,0,0,10,96.599
360,2,0,3,0,46.08000069856644,1,1,0,2,8,0,0,10,96.599
360,24,0,0,0,8.191999979317188,1,1,0,0,10,0,0,10,3.111
360,24,0,1,0,32.76799991726875,1,1,0,0,10,0,0,10,3.111
360,24,0,2,0,8.191999979317188,1,1,0,0,10,0,0,10,3.111
360,24,0,3,0,4.095999989658594,1,1,0,0,10,0,0,10,3.111
360,40,0,0,1,9.216000325977802,1,1,0,0,10,0,0,10,0.52
360,40,0,1,1,34.81600061058998,1,1,0,0,10,0,0,10,0.52
360,40,0,2,1,9.216000325977802,1,1,0,0,10,0,0,10,0.52
360,40,0,3,1,4.095999989658594,1,1,0,0,10,0,0,10,0.52
361,2,0,0,0,9.216000325977802,1,1,0,1,9,0,0,10,47.88
361,2,0,1,0,30.719999223947525,1,1,0,1,9,0,0,10,47.88
361,2,0,2,0,9.216000325977802,1,1,0,1,9,0,0,10,47.88
361,2,0,3,0,5.119999870657921,1,1,0,1,9,0,0,10,47.88
361,24,0,0,0,8.191999979317188,1,1,0,0,10,0,0,10,0.711
361,24,0,1,0,31.74399957060814,1,1,0,0,10,0,0,10,0.711
361,24,0,2,0,9.216000325977802,1,1,0,0,10,0,0,10,0.711
361,24,0,3,0,5.119999870657921,1,1,0,0,10,0,0,10,0.711
361,40,0,0,1,8.191999979317188,1,1,0,1,9,0,0,10,53.709
361,40,0,1,1,33.79200026392937,1,1,0,1,9,0,0,10,53.709
361,40,0,2,1,9.216000325977802,1,1,0,1,9,0,0,10,53.709
361,40,0,3,1,3.0720001086592674,1,1,0,1,9,0,0,10,53.709
362,2,0,0,0,8.191999979317188,4,4,0,2,38,0,0,40,109.11
362,2,0,1,0,79.8719972372055,4,4,0,2,38,0,0,40,109.11
362,2,0,2,0,9.216000325977802,4,4,0,2,38,0,0,40,109.11
362,2,0,3,0,7.168000098317862,4,4,0,2,38,0,0,40,109.11
362,24,0,0,0,8.191999979317188,4,4,0,0,40,0,0,40,2.589
362,24,0,1,0,72.7040022611618,4,4,0,0,40,0,0,40,2.589
362,24,0,2,0,9.216000325977802,4,4,0,0,40,0,0,40,2.589
362,24,0,3,0,4.095999989658594,4,4,0,0,40,0,0,40,2.589
362,40,0,0,1,15.359999611973763,4,4,0,1,39,0,0,40,75.35
362,40,0,1,1,59.39200147986412,4,4,0,1,39,0,0,40,75.35
362,40,0,2,1,9.216000325977802,4,4,0,1,39,0,0,40,75.35
362,40,0,3,1,4.095999989658594,4,4,0,1,39,0,0,40,75.35
363,2,0,0,0,8.191999979317188,3,3,0,3,27,0,0,30,292.69
363,2,0,1,0,60.416001826524734,3,3,0,3,27,0,0,30,292.69
363,2,0,2,0,9.216000325977802,3,3,0,3,27,0,0,30,292.69
363,2,0,3,0,212.99199759960175,3,3,0,3,27,0,0,30,292.69
363,24,0,0,0,9.216000325977802,3,3,0,0,30,0,0,30,4.16
363,24,0,1,0,53.247999399900436,3,3,0,0,30,0,0,30,4.16
363,24,0,2,0,9.216000325977802,3,3,0,0,30,0,0,30,4.16
363,24,0,3,0,4.095999989658594,3,3,0,0,30,0,0,30,4.16
363,40,0,0,1,8.191999979317188,3,3,0,0,30,0,0,30,1.689
363,40,0,1,1,58.36800113320351,3,3,0,0,30,0,0,30,1.689
363,40,0,2,1,9.216000325977802,3,3,0,0,30,0,0,30,1.689
363,40,0,3,1,4.095999989658594,3,3,0,0,30,0,0,30,1.689
364,2,0,0,0,8.191999979317188,4,4,0,2,38,0,0,40,91.07
364,2,0,1,0,71.68000191450119,4,4,0,2,38,0,0,40,91.07
364,2,0,2,0,9.216000325977802,4,4,0,2,38,0,0,40,91.07
364,2,0,3,0,4.095999989658594,4,4,0,2,38,0,0,40,91.07
364,24,0,0,0,9.216000325977802,4,4,0,0,40,0,0,40,3.8
364,24,0,1,0,68.60800087451935,4,4,0,0,40,0,0,40,3.8
364,24,0,2,0,8.191999979317188,4,4,0,0,40,0,0,40,3.8
364,24,0,3,0,4.095999989658594,4,4,0,0,40,0,0,40,3.8
364,40,0,0,1,9.216000325977802,4,4,0,0,40,0,0,40,4.6
364,40,0,1,1,58.36800113320351,4,4,0,0,40,0,0,40,4.6
364,40,0,2,1,8.191999979317188,4,4,0,0,40,0,0,40,4.6
364,40,0,3,1,4.095999989658594,4,4,0,0,40,0,0,40,4.6
365,2,0,0,0,15.359999611973763,4,4,0,4,36,0,0,40,168.75
365,2,0,1,0,86.01599931716919,4,4,0,4,36,0,0,40,168.75
365,2,0,2,0,9.216000325977802,4,4,0,4,36,0,0,40,168.75
365,2,0,3,0,55.296000093221664,4,4,0,4,36,0,0,40,168.75
365,24,0,0,0,8.191999979317188,4,4,0,0,40,0,0,40,5.47
365,24,0,1,0,76.80000364780426,4,4,0,0,40,0,0,40,5.47
365,24,0,2,0,9.216000325977802,4,4,0,0,40,0,0,40,5.47
365,24,0,3,0,4.095999989658594,4,4,0,0,40,0,0,40,5.47
365,40,0,0,1,368.6400055885315,4,4,0,0,40,0,0,40,5.4
365,40,0,1,1,80.89599758386612,4,4,0,0,40,0,0,40,5.4
365,40,0,2,1,9.216000325977802,4,4,0,0,40,0,0,40,5.4
365,40,0,3,1,4.095999989658594,4,4,0,0,40,0,0,40,5.4
366,2,0,0,0,15.359999611973763,4,4,0,3,37,0,0,40,121.39
366,2,0,1,0,80.89599758386612,4,4,0,3,37,0,0,40,121.39
366,2,0,2,0,9.216000325977802,4,4,0,3,37,0,0,40,121.39
366,2,0,3,0,13.311999849975109,4,4,0,3,37,0,0,40,121.39
366,24,0,0,0,8.191999979317188,4,4,0,0,40,0,0,40,2.0
366,24,0,1,0,75.77600330114365,4,4,0,0,40,0,0,40,2.0
366,24,0,2,0,8.191999979317188,4,4,0,0,40,0,0,40,2.0
366,24,0,3,0,4.095999989658594,4,4,0,0,40,0,0,40,2.0
366,40,0,0,1,9.216000325977802,4,4,0,0,40,0,0,40,2.56
366,40,0,1,1,91.13600105047226,4,4,0,0,40,0,0,40,2.56
366,40,0,2,1,9.216000325977802,4,4,0,0,40,0,0,40,2.56
366,40,0,3,1,4.095999989658594,4,4,0,0,40,0,0,40,2.56
367,2,0,0,0,14.336000196635723,4,4,0,0,40,0,0,40,4.669
367,2,0,1,0,72.7040022611618,4,4,0,0,40,0,0,40,4.669
367,2,0,2,0,8.191999979317188,4,4,0,0,40,0,0,40,4.669
367,2,0,3,0,4.095999989658594,4,4,0,0,40,0,0,40,4.669
367,24,0,0,0,9.216000325977802,4,4,0,0,40,0,0,40,2.49
367,24,0,1,0,62.463998794555664,4,4,0,0,40,0,0,40,2.49
367,24,0,2,0,9.216000325977802,4,4,0,0,40,0,0,40,2.49
367,24,0,3,0,4.095999989658594,4,4,0,0,40,0,0,40,2.49
367,40,0,0,1,9.216000325977802,4,4,0,0,40,0,0,40,2.72
367,40,0,1,1,73.72800260782242,4,4,0,0,40,0,0,40,2.72
367,40,0,2,1,9.216000325977802,4,4,0,0,40,0,0,40,2.72
367,40,0,3,1,4.095999989658594,4,4,0,0,40,0,0,40,2.72
368,2,0,0,0,14.336000196635723,4,4,0,1,39,0,0,40,91.529
368,2,0,1,0,80.89599758386612,4,4,0,1,39,0,0,40,91.529
368,2,0,2,0,9.216000325977802,4,4,0,1,39,0,0,40,91.529
368,2,0,3,0,5.119999870657921,4,4,0,1,39,0,0,40,91.529
368,24,0,0,0,8.191999979317188,4,4,0,1,39,0,0,40,113.5
368,24,0,1,0,73.72800260782242,4,4,0,1,39,0,0,40,113.5
368,24,0,2,0,8.191999979317188,4,4,0,1,39,0,0,40,113.5
368,24,0,3,0,20.479999482631683,4,4,0,1,39,0,0,40,113.5
368,40,0,0,1,15.359999611973763,4,4,0,1,39,0,0,40,145.259
368,40,0,1,1,95.23200243711472,4,4,0,1,39,0,0,40,145.259
368,40,0,2,1,9.216000325977802,4,4,0,1,39,0,0,40,145.259
368,40,0,3,1,20.479999482631683,4,4,0,1,39,0,0,40,145.259
369,2,0,0,0,16.383999958634377,4,4,0,1,39,0,0,40,69.309
369,2,0,1,0,71.68000191450119,4,4,0,1,39,0,0,40,69.309
369,2,0,2,0,9.216000325977802,4,4,0,1,39,0,0,40,69.309
369,2,0,3,0,5.119999870657921,4,4,0,1,39,0,0,40,69.309
369,24,0,0,0,8.191999979317188,4,4,0,1,39,0,0,40,111.129
369,24,0,1,0,66.56000018119812,4,4,0,1,39,0,0,40,111.129
369,24,0,2,0,9.216000325977802,4,4,0,1,39,0,0,40,111.129
369,24,0,3,0,25.599999353289604,4,4,0,1,39,0,0,40,111.129
369,40,0,0,1,8.191999979317188,4,4,0,1,39,0,0,40,65.99
369,40,0,1,1,69.63200122117996,4,4,0,1,39,0,0,40,65.99
369,40,0,2,1,9.216000325977802,4,4,0,1,39,0,0,40,65.99
369,40,0,3,1,4.095999989658594,4,4,0,1,39,0,0,40,65.99
370,2,0,0,0,9.216000325977802,4,4,0,1,39,0,0,40,68.5
370,2,0,1,0,71.68000191450119,4,4,0,1,39,0,0,40,68.5
370,2,0,2,0,9.216000325977802,4,4,0,1,39,0,0,40,68.5
370,2,0,3,0,6.144000217318535,4,4,0,1,39,0,0,40,68.5
370,24,0,0,0,8.191999979317188,4,4,0,1,39,0,0,40,94.37
370,24,0,1,0,76.80000364780426,4,4,0,1,39,0,0,40,94.37
370,24,0,2,0,8.191999979317188,4,4,0,1,39,0,0,40,94.37
370,24,0,3,0,4.095999989658594,4,4,0,1,39,0,0,40,94.37
370,40,0,0,1,15.359999611973763,4,4,0,0,40,0,0,40,3.569
370,40,0,1,1,83.96799862384796,4,4,0,0,40,0,0,40,3.569
370,40,0,2,1,9.216000325977802,4,4,0,0,40,0,0,40,3.569
370,40,0,3,1,4.095999989658594,4,4,0,0,40,0,0,40,3.569
371,2,0,0,0,14.336000196635723,4,4,0,0,40,0,0,40,5.42
371,2,0,1,0,86.01599931716919,4,4,0,0,40,0,0,40,5.42
371,2,0,2,0,9.216000325977802,4,4,0,0,40,0,0,40,5.42
371,2,0,3,0,5.119999870657921,4,4,0,0,40,0,0,40,5.42
371,24,0,0,0,8.191999979317188,4,4,0,1,39,0,0,40,65.32
371,24,0,1,0,66.56000018119812,4,4,0,1,39,0,0,40,65.32
371,24,0,2,0,9.216000325977802,4,4,0,1,39,0,0,40,65.32
371,24,0,3,0,4.095999989658594,4,4,0,1,39,0,0,40,65.32
371,40,0,0,1,16.383999958634377,4,4,0,1,39,0,0,40,78.18
371,40,0,1,1,78.84799689054489,4,4,0,1,39,0,0,40,78.18
371,40,0,2,1,9.216000325977802,4,4,0,1,39,0,0,40,78.18
371,40,0,3,1,4.095999989658594,4,4,0,1,39,0,0,40,78.18
372,2,0,0,0,8.191999979317188,4,4,0,5,35,0,0,40,156.71
372,2,0,1,0,70.65600156784058,4,4,0,5,35,0,0,40,156.71
372,2,0,2,0,9.216000325977802,4,4,0,5,35,0,0,40,156.71
372,2,0,3,0,64.51199948787689,4,4,0,5,35,0,0,40,156.71
372,24,0,0,0,8.191999979317188,4,4,0,1,39,0,0,40,67.549
372,24,0,1,0,72.7040022611618,4,4,0,1,39,0,0,40,67.549
372,24,0,2,0,8.191999979317188,4,4,0,1,39,0,0,40,67.549
372,24,0,3,0,4.095999989658594,4,4,0,1,39,0,0,40,67.549
372,40,0,0,1,8.191999979317188,4,4,0,0,40,0,0,40,5.991
372,40,0,1,1,95.23200243711472,4,4,0,0,40,0,0,40,5.991
372,40,0,2,1,9.216000325977802,4,4,0,0,40,0,0,40,5.991
372,40,0,3,1,4.095999989658594,4,4,0,0,40,0,0,40,5.991
373,2,0,0,0,8.191999979317188,4,4,0,4,36,0,0,40,111.36
373,2,0,1,0,59.39200147986412,4,4,0,4,36,0,0,40,111.36
373,2,0,2,0,9.216000325977802,4,4,0,4,36,0,0,40,111.36
373,2,0,3,0,29.69600073993206,4,4,0,4,36,0,0,40,111.36
373,24,0,0,0,8.191999979317188,4,4,0,1,39,0,0,40,69.549
373,24,0,1,0,79.8719972372055,4,4,0,1,39,0,0,40,69.549
373,24,0,2,0,9.216000325977802,4,4,0,1,39,0,0,40,69.549
373,24,0,3,0,4.095999989658594,4,4,0,1,39,0,0,40,69.549
373,40,0,0,1,8.191999979317188,4,4,0,1,39,0,0,40,90.719
373,40,0,1,1,78.84799689054489,4,4,0,1,39,0,0,40,90.719
373,40,0,2,1,9.216000325977802,4,4,0,1,39,0,0,40,90.719
373,40,0,3,1,4.095999989658594,4,4,0,1,39,0,0,40,90.719
374,2,0,0,0,15.359999611973763,4,4,0,3,37,0,0,40,195.009
374,2,0,1,0,72.7040022611618,4,4,0,3,37,0,0,40,195.009
374,2,0,2,0,9.216000325977802,4,4,0,3,37,0,0,40,195.009
374,2,0,3,0,96.25600278377533,4,4,0,3,37,0,0,40,195.009
374,24,0,0,0,9.216000325977802,4,4,0,0,40,0,0,40,3.36
374,24,0,1,0,75.77600330114365,4,4,0,0,40,0,0,40,3.36
374,24,0,2,0,9.216000325977802,4,4,0,0,40,0,0,40,3.36
374,24,0,3,0,4.095999989658594,4,4,0,0,40,0,0,40,3.36
374,40,0,0,1,16.383999958634377,4,4,0,2,38,0,0,40,81.42
374,40,0,1,1,91.13600105047226,4,4,0,2,38,0,0,40,81.42
374,40,0,2,1,9.216000325977802,4,4,0,2,38,0,0,40,81.42
374,40,0,3,1,3.0720001086592674,4,4,0,2,38,0,0,40,81.42
375,2,0,0,0,15.359999611973763,4,4,0,3,37,0,0,40,122.709
375,2,0,1,0,80.89599758386612,4,4,0,3,37,0,0,40,122.709
375,2,0,2,0,9.216000325977802,4,4,0,3,37,0,0,40,122.709
375,2,0,3,0,20.479999482631683,4,4,0,3,37,0,0,40,122.709
375,24,0,0,0,9.216000325977802,4,4,0,0,40,0,0,40,2.74
375,24,0,1,0,58.36800113320351,4,4,0,0,40,0,0,40,2.74
375,24,0,2,0,9.216000325977802,4,4,0,0,40,0,0,40,2.74
375,24,0,3,0,4.095999989658594,4,4,0,0,40,0,0,40,2.74
375,40,0,0,1,9.216000325977802,4,4,0,0,40,0,0,40,2.671
375,40,0,1,1,64.51199948787689,4,4,0,0,40,0,0,40,2.671
375,40,0,2,1,9.216000325977802,4,4,0,0,40,0,0,40,2.671
375,40,0,3,1,4.095999989658594,4,4,0,0,40,0,0,40,2.671
376,2,0,0,0,8.191999979317188,1,1,0,1,9,0,0,10,55.24
376,2,0,1,0,30.719999223947525,1,1,0,1,9,0,0,10,55.24
376,2,0,2,0,8.191999979317188,1,1,0,1,9,0,0,10,55.24
376,2,0,3,0,6.144000217318535,1,1,0,1,9,0,0,10,55.24
376,24,0,0,0,9.216000325977802,1,1,0,0,10,0,0,10,2.42
376,24,0,1,0,31.74399957060814,1,1,0,0,10,0,0,10,2.42
376,24,0,2,0,9.216000325977802,1,1,0,0,10,0,0,10,2.42
376,24,0,3,0,4.095999989658594,1,1,0,0,10,0,0,10,2.42
376,40,0,0,1,8.191999979317188,1,1,0,0,10,0,0,10,1.33
376,40,0,1,1,35.840000957250595,1,1,0,0,10,0,0,10,1.33
376,40,0,2,1,9.216000325977802,1,1,0,0,10,0,0,10,1.33
376,40,0,3,1,4.095999989658594,1,1,0,0,10,0,0,10,1.33
377,2,0,0,0,8.191999979317188,4,4,0,3,36,1,0,40,175.79
377,2,0,1,0,60.416001826524734,4,4,0,3,36,1,0,40,175.79
377,2,0,2,0,167.93599724769592,4,4,0,3,36,1,0,40,175.79
377,2,0,3,0,6.144000217318535,4,4,0,3,36,1,0,40,175.79
377,24,0,0,0,9.216000325977802,4,4,0,0,40,0,0,40,2.44
377,24,0,1,0,52.22399905323982,4,4,0,0,40,0,0,40,2.44
377,24,0,2,0,8.191999979317188,4,4,0,0,40,0,0,40,2.44
377,24,0,3,0,4.095999989658594,4,4,0,0,40,0,0,40,2.44
377,40,0,0,1,9.216000325977802,4,4,0,0,40,0,0,40,5.12
377,40,0,1,1,76.80000364780426,4,4,0,0,40,0,0,40,5.12
377,40,0,2,1,9.216000325977802,4,4,0,0,40,0,0,40,5.12
377,40,0,3,1,4.095999989658594,4,4,0,0,40,0,0,40,5.12
378,2,0,0,0,8.191999979317188,4,4,0,3,36,1,0,40,150.099
378,2,0,1,0,67.58400052785873,4,4,0,3,36,1,0,40,150.099
378,2,0,2,0,168.96000504493713,4,4,0,3,36,1,0,40,150.099
378,2,0,3,0,6.144000217318535,4,4,0,3,36,1,0,40,150.099
378,24,0,0,0,8.191999979317188,4,4,0,0,40,0,0,40,2.97
378,24,0,1,0,64.51199948787689,4,4,0,0,40,0,0,40,2.97
378,24,0,2,0,9.216000325977802,4,4,0,0,40,0,0,40,2.97
378,24,0,3,0,4.095999989658594,4,4,0,0,40,0,0,40,2.97
378,40,0,0,1,9.216000325977802,4,4,0,0,40,0,0,40,3.64
378,40,0,1,1,86.01599931716919,4,4,0,0,40,0,0,40,3.64
378,40,0,2,1,8.191999979317188,4,4,0,0,40,0,0,40,3.64
378,40,0,3,1,3.0720001086592674,4,4,0,0,40,0,0,40,3.64
379,2,0,0,0,9.216000325977802,2,2,0,0,20,0,0,20,2.0
379,2,0,1,0,53.247999399900436,2,2,0,0,20,0,0,20,2.0
379,2,0,2,0,9.216000325977802,2,2,0,0,20,0,0,20,2.0
379,2,0,3,0,5.119999870657921,2,2,0,0,20,0,0,20,2.0
379,24,0,0,0,8.191999979317188,2,2,0,0,20,0,0,20,1.8
379,24,0,1,0,53.247999399900436,2,2,0,0,20,0,0,20,1.8
379,24,0,2,0,8.191999979317188,2,2,0,0,20,0,0,20,1.8
379,24,0,3,0,4.095999989658594,2,2,0,0,20,0,0,20,1.8
379,40,0,0,1,8.191999979317188,2,2,0,1,19,0,0,20,172.82
379,40,0,1,1,55.296000093221664,2,2,0,1,19,0,0,20,172.82
379,40,0,2,1,9.216000325977802,2,2,0,1,19,0,0,20,172.82
379,40,0,3,1,94.2080020904541,2,2,0,1,19,0,0,20,172.82
380,2,0,0,0,9.216000325977802,4,4,0,2,38,0,0,40,101.589
380,2,0,1,0,83.96799862384796,4,4,0,2,38,0,0,40,101.589
380,2,0,2,0,9.216000325977802,4,4,0,2,38,0,0,40,101.589
380,2,0,3,0,7.168000098317862,4,4,0,2,38,0,0,40,101.589
380,24,0,0,0,9.216000325977802,4,4,0,0,40,0,0,40,4.48
380,24,0,1,0,62.463998794555664,4,4,0,0,40,0,0,40,4.48
380,24,0,2,0,9.216000325977802,4,4,0,0,40,0,0,40,4.48
380,24,0,3,0,3.0720001086592674,4,4,0,0,40,0,0,40,4.48
380,40,0,0,1,8.191999979317188,4,4,0,0,40,0,0,40,2.409
380,40,0,1,1,51.19999870657921,4,4,0,0,40,0,0,40,2.409
380,40,0,2,1,9.216000325977802,4,4,0,0,40,0,0,40,2.409
380,40,0,3,1,4.095999989658594,4,4,0,0,40,0,0,40,2.409
381,2,0,0,0,9.216000325977802,4,4,0,5,34,1,0,40,198.799
381,2,0,1,0,56.32000043988228,4,4,0,5,34,1,0,40,198.799
381,2,0,2,0,167.93599724769592,4,4,0,5,34,1,0,40,198.799
381,2,0,3,0,5.119999870657921,4,4,0,5,34,1,0,40,198.799
381,24,0,0,0,8.191999979317188,4,4,0,2,38,0,0,40,75.299
381,24,0,1,0,66.56000018119812,4,4,0,2,38,0,0,40,75.299
381,24,0,2,0,9.216000325977802,4,4,0,2,38,0,0,40,75.299
381,24,0,3,0,4.095999989658594,4,4,0,2,38,0,0,40,75.299
381,40,0,0,1,15.359999611973763,4,4,0,1,39,0,0,40,84.71
381,40,0,1,1,65.5359998345375,4,4,0,1,39,0,0,40,84.71
381,40,0,2,1,8.191999979317188,4,4,0,1,39,0,0,40,84.71
381,40,0,3,1,4.095999989658594,4,4,0,1,39,0,0,40,84.71
382,2,0,0,0,16.383999958634377,4,4,0,2,38,0,0,40,109.049
382,2,0,1,0,62.463998794555664,4,4,0,2,38,0,0,40,109.049
382,2,0,2,0,10.239999741315842,4,4,0,2,38,0,0,40,109.049
382,2,0,3,0,15.359999611973763,4,4,0,2,38,0,0,40,109.049
382,24,0,0,0,8.191999979317188,4,4,0,0,40,0,0,40,3.19
382,24,0,1,0,71.68000191450119,4,4,0,0,40,0,0,40,3.19
382,24,0,2,0,9.216000325977802,4,4,0,0,40,0,0,40,3.19
382,24,0,3,0,4.095999989658594,4,4,0,0,40,0,0,40,3.19
382,40,0,0,1,15.359999611973763,4,4,0,3,37,0,0,40,343.67
382,40,0,1,1,62.463998794555664,4,4,0,3,37,0,0,40,343.67
382,40,0,2,1,9.216000325977802,4,4,0,3,37,0,0,40,343.67
382,40,0,3,1,252.9279887676239,4,4,0,3,37,0,0,40,343.67
383,2,0,0,0,14.336000196635723,4,4,0,3,37,0,0,40,149.629
383,2,0,1,0,73.72800260782242,4,4,0,3,37,0,0,40,149.629
383,2,0,2,0,9.216000325977802,4,4,0,3,37,0,0,40,149.629
383,2,0,3,0,48.128001391887665,4,4,0,3,37,0,0,40,149.629
383,24,0,0,0,9.216000325977802,4,4,0,2,38,0,0,40,117.06
383,24,0,1,0,84.99199897050858,4,4,0,2,38,0,0,40,117.06
383,24,0,2,0,9.216000325977802,4,4,0,2,38,0,0,40,117.06
383,24,0,3,0,9.216000325977802,4,4,0,2,38,0,0,40,117.06
383,40,0,0,1,9.216000325977802,4,4,0,0,40,0,0,40,3.199
383,40,0,1,1,96.25600278377533,4,4,0,0,40,0,0,40,3.199
383,40,0,2,1,9.216000325977802,4,4,0,0,40,0,0,40,3.199
383,40,0,3,1,4.095999989658594,4,4,0,0,40,0,0,40,3.199
384,2,0,0,0,15.359999611973763,4,4,0,4,35,1,0,40,171.579
384,2,0,1,0,64.51199948787689,4,4,0,4,35,1,0,40,171.579
384,2,0,2,0,168.96000504493713,4,4,0,4,35,1,0,40,171.579
384,2,0,3,0,6.144000217318535,4,4,0,4,35,1,0,40,171.579
384,24,0,0,0,8.191999979317188,4,4,0,2,38,0,0,40,117.949
384,24,0,1,0,74.75200295448303,4,4,0,2,38,0,0,40,117.949
384,24,0,2,0,9.216000325977802,4,4,0,2,38,0,0,40,117.949
384,24,0,3,0,21.503999829292297,4,4,0,2,38,0,0,40,117.949
384,40,0,0,1,15.359999611973763,4,4,0,3,37,0,0,40,147.51
384,40,0,1,1,72.7040022611618,4,4,0,3,37,0,0,40,147.51
384,40,0,2,1,9.216000325977802,4,4,0,3,37,0,0,40,147.51
384,40,0,3,1,45.05600035190582,4,4,0,3,37,0,0,40,147.51
385,2,0,0,0,15.359999611973763,4,4,0,7,33,0,0,40,171.249
385,2,0,1,0,59.39200147986412,4,4,0,7,33,0,0,40,171.249
385,2,0,2,0,9.216000325977802,4,4,0,7,33,0,0,40,171.249
385,2,0,3,0,82.94399827718735,4,4,0,7,33,0,0,40,171.249
385,24,0,0,0,8.191999979317188,4,4,0,1,39,0,0,40,153.76
385,24,0,1,0,88.06400001049042,4,4,0,1,39,0,0,40,153.76
385,24,0,2,0,8.191999979317188,4,4,0,1,39,0,0,40,153.76
385,24,0,3,0,44.03200000524521,4,4,0,1,39,0,0,40,153.76
385,40,0,0,1,14.336000196635723,4,4,0,2,38,0,0,40,179.279
385,40,0,1,1,94.2080020904541,4,4,0,2,38,0,0,40,179.279
385,40,0,2,1,8.191999979317188,4,4,0,2,38,0,0,40,179.279
385,40,0,3,1,56.32000043988228,4,4,0,2,38,0,0,40,179.279
386,2,0,0,0,14.336000196635723,4,4,0,8,31,1,0,40,372.568
386,2,0,1,0,62.463998794555664,4,4,0,8,31,1,0,40,372.568
386,2,0,2,0,168.96000504493713,4,4,0,8,31,1,0,40,372.568
386,2,0,3,0,123.90399724245071,4,4,0,8,31,1,0,40,372.568
386,24,0,0,0,9.216000325977802,4,4,0,2,38,0,0,40,107.03
386,24,0,1,0,88.06400001049042,4,4,0,2,38,0,0,40,107.03
386,24,0,2,0,8.191999979317188,4,4,0,2,38,0,0,40,107.03
386,24,0,3,0,3.0720001086592674,4,4,0,2,38,0,0,40,107.03
386,40,0,0,1,8.191999979317188,4,4,0,1,39,0,0,40,76.08
386,40,0,1,1,87.0399996638298,4,4,0,1,39,0,0,40,76.08
386,40,0,2,1,9.216000325977802,4,4,0,1,39,0,0,40,76.08
386,40,0,3,1,4.095999989658594,4,4,0,1,39,0,0,40,76.08
387,2,0,0,0,15.359999611973763,4,4,0,4,36,0,0,40,183.919
387,2,0,1,0,65.5359998345375,4,4,0,4,36,0,0,40,183.919
387,2,0,2,0,9.216000325977802,4,4,0,4,36,0,0,40,183.919
387,2,0,3,0,90.11200070381165,4,4,0,4,36,0,0,40,183.919
387,24,0,0,0,8.191999979317188,4,4,0,0,40,0,0,40,7.28
387,24,0,1,0,86.01599931716919,4,4,0,0,40,0,0,40,7.28
387,24,0,2,0,9.216000325977802,4,4,0,0,40,0,0,40,7.28
387,24,0,3,0,4.095999989658594,4,4,0,0,40,0,0,40,7.28
387,40,0,0,1,14.336000196635723,4,4,0,1,39,0,0,40,82.429
387,40,0,1,1,84.99199897050858,4,4,0,1,39,0,0,40,82.429
387,40,0,2,1,9.216000325977802,4,4,0,1,39,0,0,40,82.429
387,40,0,3,1,4.095999989658594,4,4,0,1,39,0,0,40,82.429
388,2,0,0,0,10.239999741315842,4,4,0,1,39,0,0,40,67.58
388,2,0,1,0,83.96799862384796,4,4,0,1,39,0,0,40,67.58
388,2,0,2,0,9.216000325977802,4,4,0,1,39,0,0,40,67.58
388,2,0,3,0,5.119999870657921,4,4,0,1,39,0,0,40,67.58
388,24,0,0,0,9.216000325977802,4,4,0,1,39,0,0,40,93.3
388,24,0,1,0,79.8719972372055,4,4,0,1,39,0,0,40,93.3
388,24,0,2,0,9.216000325977802,4,4,0,1,39,0,0,40,93.3
388,24,0,3,0,4.095999989658594,4,4,0,1,39,0,0,40,93.3
388,40,0,0,1,15.359999611973763,4,4,0,3,36,1,0,40,258.208
388,40,0,1,1,71.68000191450119,4,4,0,3,36,1,0,40,258.208
388,40,0,2,1,195.5839991569519,4,4,0,3,36,1,0,40,258.208
388,40,0,3,1,5.119999870657921,4,4,0,3,36,1,0,40,258.208
389,2,0,0,0,8.191999979317188,1,1,0,0,10,0,0,10,0.9
389,2,0,1,0,32.76799991726875,1,1,0,0,10,0,0,10,0.9
389,2,0,2,0,9.216000325977802,1,1,0,0,10,0,0,10,0.9
389,2,0,3,0,5.119999870657921,1,1,0,0,10,0,0,10,0.9
389,24,0,0,0,8.191999979317188,1,1,0,1,9,0,0,10,44.04
389,24,0,1,0,29.69600073993206,1,1,0,1,9,0,0,10,44.04
389,24,0,2,0,9.216000325977802,1,1,0,1,9,0,0,10,44.04
389,24,0,3,0,4.095999989658594,1,1,0,1,9,0,0,10,44.04
389,40,0,0,1,8.191999979317188,1,1,0,1,9,0,0,10,64.93
389,40,0,1,1,32.76799991726875,1,1,0,1,9,0,0,10,64.93
389,40,0,2,1,9.216000325977802,1,1,0,1,9,0,0,10,64.93
389,40,0,3,1,9.216000325977802,1,1,0,1,9,0,0,10,64.93
390,2,0,0,0,16.383999958634377,4,4,0,3,36,1,0,40,156.24
390,2,0,1,0,75.77600330114365,4,4,0,3,36,1,0,40,156.24
390,2,0,2,0,163.83999586105347,4,4,0,3,36,1,0,40,156.24
390,2,0,3,0,5.119999870657921,4,4,0,3,36,1,0,40,156.24
390,24,0,0,0,8.191999979317188,4,4,0,1,39,0,0,40,68.34
390,24,0,1,0,71.68000191450119,4,4,0,1,39,0,0,40,68.34
390,24,0,2,0,8.191999979317188,4,4,0,1,39,0,0,40,68.34
390,24,0,3,0,4.095999989658594,4,4,0,1,39,0,0,40,68.34
390,40,0,0,1,15.359999611973763,4,4,0,3,37,0,0,40,196.099
390,40,0,1,1,61.43999844789505,4,4,0,3,37,0,0,40,196.099
390,40,0,2,1,10.239999741315842,4,4,0,3,37,0,0,40,196.099
390,40,0,3,1,105.47199845314026,4,4,0,3,37,0,0,40,196.099
391,2,0,0,0,16.383999958634377,4,4,0,9,29,2,0,40,656.197
391,2,0,1,0,66.56000018119812,4,4,0,9,29,2,0,40,656.197
391,2,0,2,0,315.39198756217957,4,4,0,9,29,2,0,40,656.197
391,2,0,3,0,252.9279887676239,4,4,0,9,29,2,0,40,656.197
391,24,0,0,0,7.168000098317862,4,4,0,1,39,0,0,40,58.24
391,24,0,1,0,73.72800260782242,4,4,0,1,39,0,0,40,58.24
391,24,0,2,0,9.216000325977802,4,4,0,1,39,0,0,40,58.24
391,24,0,3,0,4.095999989658594,4,4,0,1,39,0,0,40,58.24
391,40,0,0,1,15.359999611973763,4,4,0,2,38,0,0,40,128.339
391,40,0,1,1,86.01599931716919,4,4,0,2,38,0,0,40,128.339
391,40,0,2,1,9.216000325977802,4,4,0,2,38,0,0,40,128.339
391,40,0,3,1,14.336000196635723,4,4,0,2,38,0,0,40,128.339
392,2,0,0,0,15.359999611973763,4,4,0,3,36,1,0,40,175.089
392,2,0,1,0,60.416001826524734,4,4,0,3,36,1,0,40,175.089
392,2,0,2,0,162.81600296497345,4,4,0,3,36,1,0,40,175.089
392,2,0,3,0,4.095999989658594,4,4,0,3,36,1,0,40,175.089
392,24,0,0,0,8.191999979317188,4,4,0,0,40,0,0,40,5.371
392,24,0,1,0,62.463998794555664,4,4,0,0,40,0,0,40,5.371
392,24,0,2,0,9.216000325977802,4,4,0,0,40,0,0,40,5.371
392,24,0,3,0,4.095999989658594,4,4,0,0,40,0,0,40,5.371
392,40,0,0,1,9.216000325977802,4,4,0,0,40,0,0,40,2.56
392,40,0,1,1,55.296000093221664,4,4,0,0,40,0,0,40,2.56
392,40,0,2,1,9.216000325977802,4,4,0,0,40,0,0,40,2.56
392,40,0,3,1,4.095999989658594,4,4,0,0,40,0,0,40,2.56
393,2,0,0,0,8.191999979317188,4,4,0,3,37,0,0,40,154.83
393,2,0,1,0,72.7040022611618,4,4,0,3,37,0,0,40,154.83
393,2,0,2,0,8.191999979317188,4,4,0,3,37,0,0,40,154.83
393,2,0,3,0,68.60800087451935,4,4,0,3,37,0,0,40,154.83
393,24,0,0,0,9.216000325977802,4,4,0,1,39,0,0,40,67.711
393,24,0,1,0,73.72800260782242,4,4,0,1,39,0,0,40,67.711
393,24,0,2,0,9.216000325977802,4,4,0,1,39,0,0,40,67.711
393,24,0,3,0,4.095999989658594,4,4,0,1,39,0,0,40,67.711
393,40,0,0,1,16.383999958634377,4,4,0,2,38,0,0,40,157.86
393,40,0,1,1,76.80000364780426,4,4,0,2,38,0,0,40,157.86
393,40,0,2,1,8.191999979317188,4,4,0,2,38,0,0,40,157.86
393,40,0,3,1,57.34400078654289,4,4,0,2,38,0,0,40,157.86
394,2,0,0,0,8.191999979317188,2,2,0,3,17,0,0,20,150.16
394,2,0,1,0,41.98399931192398,2,2,0,3,17,0,0,20,150.16
394,2,0,2,0,9.216000325977802,2,2,0,3,17,0,0,20,150.16
394,2,0,3,0,86.01599931716919,2,2,0,3,17,0,0,20,150.16
394,24,0,0,0,9.216000325977802,2,2,0,0,20,0,0,20,2.88
394,24,0,1,0,40.95999896526337,2,2,0,0,20,0,0,20,2.88
394,24,0,2,0,9.216000325977802,2,2,0,0,20,0,0,20,2.88
394,24,0,3,0,4.095999989658594,2,2,0,0,20,0,0,20,2.88
394,40,0,0,1,8.191999979317188,2,2,0,0,20,0,0,20,1.12
394,40,0,1,1,38.91199827194214,2,2,0,0,20,0,0,20,1.12
394,40,0,2,1,10.239999741315842,2,2,0,0,20,0,0,20,1.12
394,40,0,3,1,4.095999989658594,2,2,0,0,20,0,0,20,1.12
395,2,0,0,0,14.336000196635723,4,4,0,0,40,0,0,40,5.62
395,2,0,1,0,75.77600330114365,4,4,0,0,40,0,0,40,5.62
395,2,0,2,0,8.191999979317188,4,4,0,0,40,0,0,40,5.62
395,2,0,3,0,4.095999989658594,4,4,0,0,40,0,0,40,5.62
395,24,0,0,0,8.191999979317188,4,4,0,0,40,0,0,40,2.63
395,24,0,1,0,58.36800113320351,4,4,0,0,40,0,0,40,2.63
395,24,0,2,0,9.216000325977802,4,4,0,0,40,0,0,40,2.63
395,24,0,3,0,4.095999989658594,4,4,0,0,40,0,0,40,2.63
395,40,0,0,1,8.191999979317188,4,4,0,0,40,0,0,40,2.44
395,40,0,1,1,66.56000018119812,4,4,0,0,40,0,0,40,2.44
395,40,0,2,1,8.191999979317188,4,4,0,0,40,0,0,40,2.44
395,40,0,3,1,4.095999989658594,4,4,0,0,40,0,0,40,2.44
396,2,0,0,0,14.336000196635723,4,4,0,2,38,0,0,40,106.159
396,2,0,1,0,70.65600156784058,4,4,0,2,38,0,0,40,106.159
396,2,0,2,0,9.216000325977802,4,4,0,2,38,0,0,40,106.159
396,2,0,3,0,9.216000325977802,4,4,0,2,38,0,0,40,106.159
396,24,0,0,0,8.191999979317188,4,4,0,0,40,0,0,40,2.42
396,24,0,1,0,59.39200147986412,4,4,0,0,40,0,0,40,2.42
396,24,0,2,0,8.191999979317188,4,4,0,0,40,0,0,40,2.42
396,24,0,3,0,4.095999989658594,4,4,0,0,40,0,0,40,2.42
396,40,0,0,1,15.359999611973763,4,4,0,1,39,0,0,40,77.08
396,40,0,1,1,72.7040022611618,4,4,0,1,39,0,0,40,77.08
396,40,0,2,1,9.216000325977802,4,4,0,1,39,0,0,40,77.08
396,40,0,3,1,4.095999989658594,4,4,0,1,39,0,0,40,77.08
397,2,0,0,0,14.336000196635723,4,4,0,1,39,0,0,40,66.97
397,2,0,1,0,91.13600105047226,4,4,0,1,39,0,0,40,66.97
397,2,0,2,0,8.191999979317188,4,4,0,1,39,0,0,40,66.97
397,2,0,3,0,4.095999989658594,4,4,0,1,39,0,0,40,66.97
397,24,0,0,0,8.191999979317188,4,4,0,0,40,0,0,40,2.96
397,24,0,1,0,56.32000043988228,4,4,0,0,40,0,0,40,2.96
397,24,0,2,0,9.216000325977802,4,4,0,0,40,0,0,40,2.96
397,24,0,3,0,4.095999989658594,4,4,0,0,40,0,0,40,2.96
397,40,0,0,1,15.359999611973763,4,4,0,1,39,0,0,40,75.049
397,40,0,1,1,67.58400052785873,4,4,0,1,39,0,0,40,75.049
397,40,0,2,1,8.191999979317188,4,4,0,1,39,0,0,40,75.049
397,40,0,3,1,4.095999989658594,4,4,0,1,39,0,0,40,75.049
398,2,0,0,0,8.191999979317188,1,1,0,0,10,0,0,10,1.02
398,2,0,1,0,31.74399957060814,1,1,0,0,10,0,0,10,1.02
398,2,0,2,0,9.216000325977802,1,1,0,0,10,0,0,10,1.02
398,2,0,3,0,5.119999870657921,1,1,0,0,10,0,0,10,1.02
398,24,0,0,0,9.216000325977802,1,1,0,0,10,0,0,10,1.1
398,24,0,1,0,31.74399957060814,1,1,0,0,10,0,0,10,1.1
398,24,0,2,0,9.216000325977802,1,1,0,0,10,0,0,10,1.1
398,24,0,3,0,4.095999989658594,1,1,0,0,10,0,0,10,1.1
398,40,0,0,1,8.191999979317188,1,1,0,1,9,0,0,10,148.599
398,40,0,1,1,33.79200026392937,1,1,0,1,9,0,0,10,148.599
398,40,0,2,1,9.216000325977802,1,1,0,1,9,0,0,10,148.599
398,40,0,3,1,94.2080020904541,1,1,0,1,9,0,0,10,148.599
399,2,0,0,0,10.239999741315842,4,4,0,1,39,0,0,40,71.559
399,2,0,1,0,90.11200070381165,4,4,0,1,39,0,0,40,71.559
399,2,0,2,0,9.216000325977802,4,4,0,1,39,0,0,40,71.559
399,2,0,3,0,4.095999989658594,4,4,0,1,39,0,0,40,71.559
399,24,0,0,0,8.191999979317188,4,4,0,0,40,0,0,40,2.47
399,24,0,1,0,56.32000043988228,4,4,0,0,40,0,0,40,2.47
399,24,0,2,0,9.216000325977802,4,4,0,0,40,0,0,40,2.47
399,24,0,3,0,4.095999989658594,4,4,0,0,40,0,0,40,2.47
399,40,0,0,1,14.336000196635723,4,4,0,1,39,0,0,40,74.669
399,40,0,1,1,70.65600156784058,4,4,0,1,39,0,0,40,74.669
399,40,0,2,1,9.216000325977802,4,4,0,1,39,0,0,40,74.669
399,40,0,3,1,4.095999989658594,4,4,0,1,39,0,0,40,74.669
400,2,0,0,0,8.191999979317188,4,4,0,1,39,0,0,40,60.12
400,2,0,1,0,72.7040022611618,4,4,0,1,39,0,0,40,60.12
400,2,0,2,0,9.216000325977802,4,4,0,1,39,0,0,40,60.12
400,2,0,3,0,6.144000217318535,4,4,0,1,39,0,0,40,60.12
400,24,0,0,0,8.191999979317188,4,4,0,0,40,0,0,40,2.409
400,24,0,1,0,62.463998794555664,4,4,0,0,40,0,0,40,2.409
400,24,0,2,0,9.216000325977802,4,4,0,0,40,0,0,40,2.409
400,24,0,3,0,3.0720001086592674,4,4,0,0,40,0,0,40,2.409
400,40,0,0,1,9.216000325977802,4,4,0,0,40,0,0,40,2.591
400,40,0,1,1,66.56000018119812,4,4,0,0,40,0,0,40,2.591
400,40,0,2,1,9.216000325977802,4,4,0,0,40,0,0,40,2.591
400,40,0,3,1,4.095999989658594,4,4,0,0,40,0,0,40,2.591
401,2,0,0,0,9.216000325977802,4,4,0,3,36,1,0,40,158.629
401,2,0,1,0,83.96799862384796,4,4,0,3,36,1,0,40,158.629
401,2,0,2,0,169.98399794101715,4,4,0,3,36,1,0,40,158.629
401,2,0,3,0,5.119999870657921,4,4,0,3,36,1,0,40,158.629
401,24,0,0,0,8.191999979317188,4,4,0,0,40,0,0,40,2.96
401,24,0,1,0,78.84799689054489,4,4,0,0,40,0,0,40,2.96
401,24,0,2,0,8.191999979317188,4,4,0,0,40,0,0,40,2.96
401,24,0,3,0,4.095999989658594,4,4,0,0,40,0,0,40,2.96
401,40,0,0,1,14.336000196635723,4,4,0,1,39,0,0,40,81.429
401,40,0,1,1,77.82399654388428,4,4,0,1,39,0,0,40,81.429
401,40,0,2,1,9.216000325977802,4,4,0,1,39,0,0,40,81.429
401,40,0,3,1,4.095999989658594,4,4,0,1,39,0,0,40,81.429
402,2,0,0,0,9.216000325977802,4,4,0,4,36,0,0,40,201.839
402,2,0,1,0,74.75200295448303,4,4,0,4,36,0,0,40,201.839
402,2,0,2,0,9.216000325977802,4,4,0,4,36,0,0,40,201.839
402,2,0,3,0,106.49599879980087,4,4,0,4,36,0,0,40,201.839
402,24,0,0,0,8.191999979317188,4,4,0,1,39,0,0,40,67.849
402,24,0,1,0,65.5359998345375,4,4,0,1,39,0,0,40,67.849
402,24,0,2,0,9.216000325977802,4,4,0,1,39,0,0,40,67.849
402,24,0,3,0,4.095999989658594,4,4,0,1,39,0,0,40,67.849
402,40,0,0,1,16.383999958634377,4,4,0,2,38,0,0,40,144.279
402,40,0,1,1,65.5359998345375,4,4,0,2,38,0,0,40,144.279
402,40,0,2,1,9.216000325977802,4,4,0,2,38,0,0,40,144.279
402,40,0,3,1,49.15200173854828,4,4,0,2,38,0,0,40,144.279
403,2,0,0,0,14.336000196635723,4,4,0,2,38,0,0,40,66.64
403,2,0,1,0,72.7040022611618,4,4,0,2,38,0,0,40,66.64
403,2,0,2,0,9.216000325977802,4,4,0,2,38,0,0,40,66.64
403,2,0,3,0,4.095999989658594,4,4,0,2,38,0,0,40,66.64
403,24,0,0,0,9.216000325977802,4,4,0,2,38,0,0,40,308.339
403,24,0,1,0,64.51199948787689,4,4,0,2,38,0,0,40,308.339
403,24,0,2,0,9.216000325977802,4,4,0,2,38,0,0,40,308.339
403,24,0,3,0,222.20799326896667,4,4,0,2,38,0,0,40,308.339
403,40,0,0,1,14.336000196635723,4,4,0,4,35,1,0,40,184.51
403,40,0,1,1,59.39200147986412,4,4,0,4,35,1,0,40,184.51
403,40,0,2,1,195.5839991569519,4,4,0,4,35,1,0,40,184.51
403,40,0,3,1,5.119999870657921,4,4,0,4,35,1,0,40,184.51
404,2,0,0,0,8.191999979317188,4,4,0,5,34,1,0,40,295.308
404,2,0,1,0,71.68000191450119,4,4,0,5,34,1,0,40,295.308
404,2,0,2,0,177.15199291706085,4,4,0,5,34,1,0,40,295.308
404,2,0,3,0,33.79200026392937,4,4,0,5,34,1,0,40,295.308
404,24,0,0,0,9.216000325977802,4,4,0,3,37,0,0,40,96.7
404,24,0,1,0,60.416001826524734,4,4,0,3,37,0,0,40,96.7
404,24,0,2,0,9.216000325977802,4,4,0,3,37,0,0,40,96.7
404,24,0,3,0,16.383999958634377,4,4,0,3,37,0,0,40,96.7
404,40,0,0,1,16.383999958634377,4,4,0,3,37,0,0,40,126.169
404,40,0,1,1,62.463998794555664,4,4,0,3,37,0,0,40,126.169
404,40,0,2,1,9.216000325977802,4,4,0,3,37,0,0,40,126.169
404,40,0,3,1,35.840000957250595,4,4,0,3,37,0,0,40,126.169
405,2,0,0,0,8.191999979317188,4,4,0,3,37,0,0,40,383.928
405,2,0,1,0,77.82399654388428,4,4,0,3,37,0,0,40,383.928
405,2,0,2,0,9.216000325977802,4,4,0,3,37,0,0,40,383.928
405,2,0,3,0,285.69599986076355,4,4,0,3,37,0,0,40,383.928
405,24,0,0,0,8.191999979317188,4,4,0,0,40,0,0,40,2.769
405,24,0,1,0,62.463998794555664,4,4,0,0,40,0,0,40,2.769
405,24,0,2,0,9.216000325977802,4,4,0,0,40,0,0,40,2.769
405,24,0,3,0,4.095999989658594,4,4,0,0,40,0,0,40,2.769
405,40,0,0,1,15.359999611973763,4,4,0,1,39,0,0,40,78.56
405,40,0,1,1,72.7040022611618,4,4,0,1,39,0,0,40,78.56
405,40,0,2,1,8.191999979317188,4,4,0,1,39,0,0,40,78.56
405,40,0,3,1,4.095999989658594,4,4,0,1,39,0,0,40,78.56
406,2,0,0,0,9.216000325977802,4,4,0,2,38,0,0,40,140.23
406,2,0,1,0,62.463998794555664,4,4,0,2,38,0,0,40,140.23
406,2,0,2,0,9.216000325977802,4,4,0,2,38,0,0,40,140.23
406,2,0,3,0,57.34400078654289,4,4,0,2,38,0,0,40,140.23
406,24,0,0,0,13.311999849975109,4,4,0,1,39,0,0,40,65.82
406,24,0,1,0,77.82399654388428,4,4,0,1,39,0,0,40,65.82
406,24,0,2,0,9.216000325977802,4,4,0,1,39,0,0,40,65.82
406,24,0,3,0,4.095999989658594,4,4,0,1,39,0,0,40,65.82
406,40,0,0,1,15.359999611973763,4,4,0,4,35,1,0,40,262.169
406,40,0,1,1,73.72800260782242,4,4,0,4,35,1,0,40,262.169
406,40,0,2,1,194.5600062608719,4,4,0,4,35,1,0,40,262.169
406,40,0,3,1,5.119999870657921,4,4,0,4,35,1,0,40,262.169
407,2,0,0,0,14.336000196635723,4,4,0,0,40,0,0,40,2.991
407,2,0,1,0,67.58400052785873,4,4,0,0,40,0,0,40,2.991
407,2,0,2,0,9.216000325977802,4,4,0,0,40,0,0,40,2.991
407,2,0,3,0,5.119999870657921,4,4,0,0,40,0,0,40,2.991
407,24,0,0,0,8.191999979317188,4,4,0,3,37,0,0,40,199.74
407,24,0,1,0,74.75200295448303,4,4,0,3,37,0,0,40,199.74
407,24,0,2,0,9.216000325977802,4,4,0,3,37,0,0,40,199.74
407,24,0,3,0,102.39999741315842,4,4,0,3,37,0,0,40,199.74
407,40,0,0,1,9.216000325977802,4,4,0,0,40,0,0,40,2.86
407,40,0,1,1,99.32799637317657,4,4,0,0,40,0,0,40,2.86
407,40,0,2,1,9.216000325977802,4,4,0,0,40,0,0,40,2.86
407,40,0,3,1,4.095999989658594,4,4,0,0,40,0,0,40,2.86
408,2,0,0,0,14.336000196635723,4,4,0,2,38,0,0,40,107.46
408,2,0,1,0,77.82399654388428,4,4,0,2,38,0,0,40,107.46
408,2,0,2,0,9.216000325977802,4,4,0,2,38,0,0,40,107.46
408,2,0,3,0,5.119999870657921,4,4,0,2,38,0,0,40,107.46
408,24,0,0,0,9.216000325977802,4,4,0,0,40,0,0,40,4.019
408,24,0,1,0,81.91999793052673,4,4,0,0,40,0,0,40,4.019
408,24,0,2,0,9.216000325977802,4,4,0,0,40,0,0,40,4.019
408,24,0,3,0,4.095999989658594,4,4,0,0,40,0,0,40,4.019
408,40,0,0,1,8.191999979317188,4,4,0,2,38,0,0,40,121.799
408,40,0,1,1,75.77600330114365,4,4,0,2,38,0,0,40,121.799
408,40,0,2,1,9.216000325977802,4,4,0,2,38,0,0,40,121.799
408,40,0,3,1,22.52800017595291,4,4,0,2,38,0,0,40,121.799
409,2,0,0,0,9.216000325977802,1,1,0,0,10,0,0,10,1.07
409,2,0,1,0,31.74399957060814,1,1,0,0,10,0,0,10,1.07
409,2,0,2,0,8.191999979317188,1,1,0,0,10,0,0,10,1.07
409,2,0,3,0,5.119999870657921,1,1,0,0,10,0,0,10,1.07
409,24,0,0,0,9.216000325977802,1,1,0,0,10,0,0,10,1.32
409,24,0,1,0,31.74399957060814,1,1,0,0,10,0,0,10,1.32
409,24,0,2,0,9.216000325977802,1,1,0,0,10,0,0,10,1.32
409,24,0,3,0,4.095999989658594,1,1,0,0,10,0,0,10,1.32
409,40,0,0,1,9.216000325977802,1,1,0,2,8,0,0,10,131.9
409,40,0,1,1,30.719999223947525,1,1,0,2,8,0,0,10,131.9
409,40,0,2,1,9.216000325977802,1,1,0,2,8,0,0,10,131.9
409,40,0,3,1,79.8719972372055,1,1,0,2,8,0,0,10,131.9
410,2,0,0,0,14.336000196635723,4,4,0,0,40,0,0,40,5.609
410,2,0,1,0,74.75200295448303,4,4,0,0,40,0,0,40,5.609
410,2,0,2,0,10.239999741315842,4,4,0,0,40,0,0,40,5.609
410,2,0,3,0,4.095999989658594,4,4,0,0,40,0,0,40,5.609
410,24,0,0,0,9.216000325977802,4,4,0,1,39,0,0,40,70.351
410,24,0,1,0,77.82399654388428,4,4,0,1,39,0,0,40,70.351
410,24,0,2,0,9.216000325977802,4,4,0,1,39,0,0,40,70.351
410,24,0,3,0,15.359999611973763,4,4,0,1,39,0,0,40,70.351
410,40,0,0,1,15.359999611973763,4,4,0,2,38,0,0,40,125.31
410,40,0,1,1,93.18400174379349,4,4,0,2,38,0,0,40,125.31
410,40,0,2,1,9.216000325977802,4,4,0,2,38,0,0,40,125.31
410,40,0,3,1,5.119999870657921,4,4,0,2,38,0,0,40,125.31
411,2,0,0,0,14.336000196635723,4,4,0,0,40,0,0,40,5.34
411,2,0,1,0,83.96799862384796,4,4,0,0,40,0,0,40,5.34
411,2,0,2,0,9.216000325977802,4,4,0,0,40,0,0,40,5.34
411,2,0,3,0,4.095999989658594,4,4,0,0,40,0,0,40,5.34
411,24,0,0,0,8.191999979317188,4,4,0,0,40,0,0,40,3.14
411,24,0,1,0,76.80000364780426,4,4,0,0,40,0,0,40,3.14
411,24,0,2,0,9.216000325977802,4,4,0,0,40,0,0,40,3.14
411,24,0,3,0,4.095999989658594,4,4,0,0,40,0,0,40,3.14
411,40,0,0,1,9.216000325977802,4,4,0,0,40,0,0,40,2.7
411,40,0,1,1,60.416001826524734,4,4,0,0,40,0,0,40,2.7
411,40,0,2,1,9.216000325977802,4,4,0,0,40,0,0,40,2.7
411,40,0,3,1,4.095999989658594,4,4,0,0,40,0,0,40,2.7
412,2,0,0,0,14.336000196635723,4,4,0,0,40,0,0,40,5.98
412,2,0,1,0,69.63200122117996,4,4,0,0,40,0,0,40,5.98
412,2,0,2,0,9.216000325977802,4,4,0,0,40,0,0,40,5.98
412,2,0,3,0,5.119999870657921,4,4,0,0,40,0,0,40,5.98
412,24,0,0,0,8.191999979317188,4,4,0,0,40,0,0,40,2.46
412,24,0,1,0,53.247999399900436,4,4,0,0,40,0,0,40,2.46
412,24,0,2,0,8.191999979317188,4,4,0,0,40,0,0,40,2.46
412,24,0,3,0,4.095999989658594,4,4,0,0,40,0,0,40,2.46
412,40,0,0,1,9.216000325977802,4,4,0,0,40,0,0,40,4.551
412,40,0,1,1,73.72800260782242,4,4,0,0,40,0,0,40,4.551
412,40,0,2,1,9.216000325977802,4,4,0,0,40,0,0,40,4.551
412,40,0,3,1,4.095999989658594,4,4,0,0,40,0,0,40,4.551
413,2,0,0,0,8.191999979317188,2,2,0,0,20,0,0,20,1.589
413,2,0,1,0,50.175998359918594,2,2,0,0,20,0,0,20,1.589
413,2,0,2,0,8.191999979317188,2,2,0,0,20,0,0,20,1.589
413,2,0,3,0,6.144000217318535,2,2,0,0,20,0,0,20,1.589
413,24,0,0,0,8.191999979317188,2,2,0,0,20,0,0,20,2.84
413,24,0,1,0,46.08000069856644,2,2,0,0,20,0,0,20,2.84
413,24,0,2,0,8.191999979317188,2,2,0,0,20,0,0,20,2.84
413,24,0,3,0,4.095999989658594,2,2,0,0,20,0,0,20,2.84
413,40,0,0,1,9.216000325977802,2,2,0,0,20,0,0,20,1.24
413,40,0,1,1,44.03200000524521,2,2,0,0,20,0,0,20,1.24
413,40,0,2,1,9.216000325977802,2,2,0,0,20,0,0,20,1.24
413,40,0,3,1,4.095999989658594,2,2,0,0,20,0,0,20,1.24
414,2,0,0,0,15.359999611973763,4,4,0,2,38,0,0,40,115.609
414,2,0,1,0,69.63200122117996,4,4,0,2,38,0,0,40,115.609
414,2,0,2,0,9.216000325977802,4,4,0,2,38,0,0,40,115.609
414,2,0,3,0,17.40800030529499,4,4,0,2,38,0,0,40,115.609
414,24,0,0,0,8.191999979317188,4,4,0,0,40,0,0,40,3.06
414,24,0,1,0,54.27199974656105,4,4,0,0,40,0,0,40,3.06
414,24,0,2,0,9.216000325977802,4,4,0,0,40,0,0,40,3.06
414,24,0,3,0,3.0720001086592674,4,4,0,0,40,0,0,40,3.06
414,40,0,0,1,11.264000087976456,4,4,0,1,39,0,0,40,81.489
414,40,0,1,1,74.75200295448303,4,4,0,1,39,0,0,40,81.489
414,40,0,2,1,9.216000325977802,4,4,0,1,39,0,0,40,81.489
414,40,0,3,1,4.095999989658594,4,4,0,1,39,0,0,40,81.489
415,2,0,0,0,9.216000325977802,4,4,0,1,39,0,0,40,159.231
415,2,0,1,0,74.75200295448303,4,4,0,1,39,0,0,40,159.231
415,2,0,2,0,9.216000325977802,4,4,0,1,39,0,0,40,159.231
415,2,0,3,0,64.51199948787689,4,4,0,1,39,0,0,40,159.231
415,24,0,0,0,8.191999979317188,4,4,0,1,39,0,0,40,70.23
415,24,0,1,0,73.72800260782242,4,4,0,1,39,0,0,40,70.23
415,24,0,2,0,9.216000325977802,4,4,0,1,39,0,0,40,70.23
415,24,0,3,0,4.095999989658594,4,4,0,1,39,0,0,40,70.23
415,40,0,0,1,9.216000325977802,4,4,0,0,40,0,0,40,3.3
415,40,0,1,1,87.0399996638298,4,4,0,0,40,0,0,40,3.3
415,40,0,2,1,8.191999979317188,4,4,0,0,40,0,0,40,3.3
415,40,0,3,1,4.095999989658594,4,4,0,0,40,0,0,40,3.3
416,2,0,0,0,9.216000325977802,2,2,0,0,20,0,0,20,5.91
416,2,0,1,0,51.19999870657921,2,2,0,0,20,0,0,20,5.91
416,2,0,2,0,8.191999979317188,2,2,0,0,20,0,0,20,5.91
416,2,0,3,0,5.119999870657921,2,2,0,0,20,0,0,20,5.91
416,24,0,0,0,9.216000325977802,2,2,0,0,20,0,0,20,1.191
416,24,0,1,0,51.19999870657921,2,2,0,0,20,0,0,20,1.191
416,24,0,2,0,9.216000325977802,2,2,0,0,20,0,0,20,1.191
416,24,0,3,0,4.095999989658594,2,2,0,0,20,0,0,20,1.191
416,40,0,0,1,17.40800030529499,2,2,0,0,20,0,0,20,14.7
416,40,0,1,1,60.416001826524734,2,2,0,0,20,0,0,20,14.7
416,40,0,2,1,9.216000325977802,2,2,0,0,20,0,0,20,14.7
416,40,0,3,1,4.095999989658594,2,2,0,0,20,0,0,20,14.7
417,2,0,0,0,9.216000325977802,4,4,0,1,39,0,0,40,75.109
417,2,0,1,0,87.0399996638298,4,4,0,1,39,0,0,40,75.109
417,2,0,2,0,9.216000325977802,4,4,0,1,39,0,0,40,75.109
417,2,0,3,0,6.144000217318535,4,4,0,1,39,0,0,40,75.109
417,24,0,0,0,9.216000325977802,4,4,0,0,40,0,0,40,2.03
417,24,0,1,0,59.39200147986412,4,4,0,0,40,0,0,40,2.03
417,24,0,2,0,8.191999979317188,4,4,0,0,40,0,0,40,2.03
417,24,0,3,0,4.095999989658594,4,4,0,0,40,0,0,40,2.03
417,40,0,0,1,9.216000325977802,4,4,0,0,40,0,0,40,1.989
417,40,0,1,1,52.22399905323982,4,4,0,0,40,0,0,40,1.989
417,40,0,2,1,9.216000325977802,4,4,0,0,40,0,0,40,1.989
417,40,0,3,1,4.095999989658594,4,4,0,0,40,0,0,40,1.989
418,2,0,0,0,14.336000196635723,4,4,0,0,40,0,0,40,5.64
418,2,0,1,0,73.72800260782242,4,4,0,0,40,0,0,40,5.64
418,2,0,2,0,9.216000325977802,4,4,0,0,40,0,0,40,5.64
418,2,0,3,0,5.119999870657921,4,4,0,0,40,0,0,40,5.64
418,24,0,0,0,8.191999979317188,4,4,0,0,40,0,0,40,3.331
418,24,0,1,0,74.75200295448303,4,4,0,0,40,0,0,40,3.331
418,24,0,2,0,8.191999979317188,4,4,0,0,40,0,0,40,3.331
418,24,0,3,0,4.095999989658594,4,4,0,0,40,0,0,40,3.331
418,40,0,0,1,15.359999611973763,4,4,0,2,38,0,0,40,349.709
418,40,0,1,1,63.48799914121628,4,4,0,2,38,0,0,40,349.709
418,40,0,2,1,9.216000325977802,4,4,0,2,38,0,0,40,349.709
418,40,0,3,1,257.02399015426636,4,4,0,2,38,0,0,40,349.709
419,2,0,0,0,14.336000196635723,4,4,0,0,40,0,0,40,3.25
419,2,0,1,0,70.65600156784058,4,4,0,0,40,0,0,40,3.25
419,2,0,2,0,9.216000325977802,4,4,0,0,40,0,0,40,3.25
419,2,0,3,0,5.119999870657921,4,4,0,0,40,0,0,40,3.25
419,24,0,0,0,8.191999979317188,4,4,0,0,40,0,0,40,5.231
419,24,0,1,0,74.75200295448303,4,4,0,0,40,0,0,40,5.231
419,24,0,2,0,9.216000325977802,4,4,0,0,40,0,0,40,5.231
419,24,0,3,0,4.095999989658594,4,4,0,0,40,0,0,40,5.231
419,40,0,0,1,15.359999611973763,4,4,0,2,38,0,0,40,235.93
419,40,0,1,1,74.75200295448303,4,4,0,2,38,0,0,40,235.93
419,40,0,2,1,9.216000325977802,4,4,0,2,38,0,0,40,235.93
419,40,0,3,1,132.09599256515503,4,4,0,2,38,0,0,40,235.93
420,2,0,0,0,16.383999958634377,4,4,0,1,39,0,0,40,62.01
420,2,0,1,0,82.94399827718735,4,4,0,1,39,0,0,40,62.01
420,2,0,2,0,9.216000325977802,4,4,0,1,39,0,0,40,62.01
420,2,0,3,0,4.095999989658594,4,4,0,1,39,0,0,40,62.01
420,24,0,0,0,9.216000325977802,4,4,0,3,37,0,0,40,144.219
420,24,0,1,0,72.7040022611618,4,4,0,3,37,0,0,40,144.219
420,24,0,2,0,9.216000325977802,4,4,0,3,37,0,0,40,144.219
420,24,0,3,0,50.175998359918594,4,4,0,3,37,0,0,40,144.219
420,40,0,0,1,8.191999979317188,4,4,0,0,40,0,0,40,5.26
420,40,0,1,1,71.68000191450119,4,4,0,0,40,0,0,40,5.26
420,40,0,2,1,8.191999979317188,4,4,0,0,40,0,0,40,5.26
420,40,0,3,1,4.095999989658594,4,4,0,0,40,0,0,40,5.26
421,2,0,0,0,8.191999979317188,4,4,0,1,39,0,0,40,216.259
421,2,0,1,0,71.68000191450119,4,4,0,1,39,0,0,40,216.259
421,2,0,2,0,9.216000325977802,4,4,0,1,39,0,0,40,216.259
421,2,0,3,0,122.8799968957901,4,4,0,1,39,0,0,40,216.259
421,24,0,0,0,8.191999979317188,4,4,0,2,38,0,0,40,112.3
421,24,0,1,0,79.8719972372055,4,4,0,2,38,0,0,40,112.3
421,24,0,2,0,9.216000325977802,4,4,0,2,38,0,0,40,112.3
421,24,0,3,0,10.239999741315842,4,4,0,2,38,0,0,40,112.3
421,40,0,0,1,15.359999611973763,4,4,0,3,37,0,0,40,182.259
421,40,0,1,1,83.96799862384796,4,4,0,3,37,0,0,40,182.259
421,40,0,2,1,8.191999979317188,4,4,0,3,37,0,0,40,182.259
421,40,0,3,1,69.63200122117996,4,4,0,3,37,0,0,40,182.259
422,2,0,0,0,8.191999979317188,4,4,0,1,39,0,0,40,69.049
422,2,0,1,0,62.463998794555664,4,4,0,1,39,0,0,40,69.049
422,2,0,2,0,9.216000325977802,4,4,0,1,39,0,0,40,69.049
422,2,0,3,0,8.191999979317188,4,4,0,1,39,0,0,40,69.049
422,24,0,0,0,8.191999979317188,4,4,0,1,39,0,0,40,159.101
422,24,0,1,0,77.82399654388428,4,4,0,1,39,0,0,40,159.101
422,24,0,2,0,9.216000325977802,4,4,0,1,39,0,0,40,159.101
422,24,0,3,0,59.39200147986412,4,4,0,1,39,0,0,40,159.101
422,40,0,0,1,15.359999611973763,4,4,0,4,35,1,0,40,245.89
422,40,0,1,1,84.99199897050858,4,4,0,4,35,1,0,40,245.89
422,40,0,2,1,195.5839991569519,4,4,0,4,35,1,0,40,245.89
422,40,0,3,1,5.119999870657921,4,4,0,4,35,1,0,40,245.89
423,2,0,0,0,9.216000325977802,4,4,0,1,39,0,0,40,68.59
423,2,0,1,0,71.68000191450119,4,4,0,1,39,0,0,40,68.59
423,2,0,2,0,10.239999741315842,4,4,0,1,39,0,0,40,68.59
423,2,0,3,0,5.119999870657921,4,4,0,1,39,0,0,40,68.59
423,24,0,0,0,8.191999979317188,4,4,0,4,36,0,0,40,239.689
423,24,0,1,0,75.77600330114365,4,4,0,4,36,0,0,40,239.689
423,24,0,2,0,9.216000325977802,4,4,0,4,36,0,0,40,239.689
423,24,0,3,0,147.45600521564484,4,4,0,4,36,0,0,40,239.689
423,40,0,0,1,9.216000325977802,4,4,0,0,40,0,0,40,4.35
423,40,0,1,1,89.08800035715103,4,4,0,0,40,0,0,40,4.35
423,40,0,2,1,9.216000325977802,4,4,0,0,40,0,0,40,4.35
423,40,0,3,1,5.119999870657921,4,4,0,0,40,0,0,40,4.35
424,2,0,0,0,8.191999979317188,4,4,0,4,35,1,0,40,202.79
424,2,0,1,0,72.7040022611618,4,4,0,4,35,1,0,40,202.79
424,2,0,2,0,168.96000504493713,4,4,0,4,35,1,0,40,202.79
424,2,0,3,0,5.119999870657921,4,4,0,4,35,1,0,40,202.79
424,24,0,0,0,8.191999979317188,4,4,0,2,38,0,0,40,146.65
424,24,0,1,0,77.82399654388428,4,4,0,2,38,0,0,40,146.65
424,24,0,2,0,9.216000325977802,4,4,0,2,38,0,0,40,146.65
424,24,0,3,0,47.10400104522705,4,4,0,2,38,0,0,40,146.65
424,40,0,0,1,15.359999611973763,4,4,0,1,39,0,0,40,84.989
424,40,0,1,1,87.0399996638298,4,4,0,1,39,0,0,40,84.989
424,40,0,2,1,9.216000325977802,4,4,0,1,39,0,0,40,84.989
424,40,0,3,1,4.095999989658594,4,4,0,1,39,0,0,40,84.989
425,2,0,0,0,14.336000196635723,4,4,0,0,40,0,0,40,4.129
425,2,0,1,0,70.65600156784058,4,4,0,0,40,0,0,40,4.129
425,2,0,2,0,9.216000325977802,4,4,0,0,40,0,0,40,4.129
425,2,0,3,0,5.119999870657921,4,4,0,0,40,0,0,40,4.129
425,24,0,0,0,8.191999979317188,4,4,0,0,40,0,0,40,3.071
425,24,0,1,0,59.39200147986412,4,4,0,0,40,0,0,40,3.071
425,24,0,2,0,9.216000325977802,4,4,0,0,40,0,0,40,3.071
425,24,0,3,0,3.0720001086592674,4,4,0,0,40,0,0,40,3.071
425,40,0,0,1,8.191999979317188,4,4,0,0,40,0,0,40,2.51
425,40,0,1,1,63.48799914121628,4,4,0,0,40,0,0,40,2.51
425,40,0,2,1,9.216000325977802,4,4,0,0,40,0,0,40,2.51
425,40,0,3,1,4.095999989658594,4,4,0,0,40,0,0,40,2.51
426,2,0,0,0,8.191999979317188,4,4,0,1,39,0,0,40,70.449
426,2,0,1,0,75.77600330114365,4,4,0,1,39,0,0,40,70.449
426,2,0,2,0,9.216000325977802,4,4,0,1,39,0,0,40,70.449
426,2,0,3,0,4.095999989658594,4,4,0,1,39,0,0,40,70.449
426,24,0,0,0,8.191999979317188,4,4,0,0,40,0,0,40,2.98
426,24,0,1,0,55.296000093221664,4,4,0,0,40,0,0,40,2.98
426,24,0,2,0,8.191999979317188,4,4,0,0,40,0,0,40,2.98
426,24,0,3,0,4.095999989658594,4,4,0,0,40,0,0,40,2.98
426,40,0,0,1,9.216000325977802,4,4,0,0,40,0,0,40,2.34
426,40,0,1,1,60.416001826524734,4,4,0,0,40,0,0,40,2.34
426,40,0,2,1,8.191999979317188,4,4,0,0,40,0,0,40,2.34
426,40,0,3,1,4.095999989658594,4,4,0,0,40,0,0,40,2.34
427,2,0,0,0,14.336000196635723,4,4,0,0,40,0,0,40,3.3
427,2,0,1,0,79.8719972372055,4,4,0,0,40,0,0,40,3.3
427,2,0,2,0,8.191999979317188,4,4,0,0,40,0,0,40,3.3
427,2,0,3,0,5.119999870657921,4,4,0,0,40,0,0,40,3.3
427,24,0,0,0,8.191999979317188,4,4,0,0,40,0,0,40,2.74
427,24,0,1,0,65.5359998345375,4,4,0,0,40,0,0,40,2.74
427,24,0,2,0,8.191999979317188,4,4,0,0,40,0,0,40,2.74
427,24,0,3,0,4.095999989658594,4,4,0,0,40,0,0,40,2.74
427,40,0,0,1,9.216000325977802,4,4,0,0,40,0,0,40,5.0
427,40,0,1,1,62.463998794555664,4,4,0,0,40,0,0,40,5.0
427,40,0,2,1,8.191999979317188,4,4,0,0,40,0,0,40,5.0
427,40,0,3,1,4.095999989658594,4,4,0,0,40,0,0,40,5.0
428,2,0,0,0,14.336000196635723,4,4,0,0,40,0,0,40,2.969
428,2,0,1,0,81.91999793052673,4,4,0,0,40,0,0,40,2.969
428,2,0,2,0,9.216000325977802,4,4,0,0,40,0,0,40,2.969
428,2,0,3,0,5.119999870657921,4,4,0,0,40,0,0,40,2.969
428,24,0,0,0,8.191999979317188,4,4,0,0,40,0,0,40,5.36
428,24,0,1,0,63.48799914121628,4,4,0,0,40,0,0,40,5.36
428,24,0,2,0,9.216000325977802,4,4,0,0,40,0,0,40,5.36
428,24,0,3,0,4.095999989658594,4,4,0,0,40,0,0,40,5.36
428,40,0,0,1,9.216000325977802,4,4,0,0,40,0,0,40,2.36
428,40,0,1,1,55.296000093221664,4,4,0,0,40,0,0,40,2.36
428,40,0,2,1,9.216000325977802,4,4,0,0,40,0,0,40,2.36
428,40,0,3,1,4.095999989658594,4,4,0,0,40,0,0,40,2.36
429,2,0,0,0,9.216000325977802,1,1,0,1,9,0,0,10,62.809
429,2,0,1,0,30.719999223947525,1,1,0,1,9,0,0,10,62.809
429,2,0,2,0,9.216000325977802,1,1,0,1,9,0,0,10,62.809
429,2,0,3,0,8.191999979317188,1,1,0,1,9,0,0,10,62.809
429,24,0,0,0,9.216000325977802,1,1,0,0,10,0,0,10,0.62
429,24,0,1,0,31.74399957060814,1,1,0,0,10,0,0,10,0.62
429,24,0,2,0,9.216000325977802,1,1,0,0,10,0,0,10,0.62
429,24,0,3,0,4.095999989658594,1,1,0,0,10,0,0,10,0.62
429,40,0,0,1,9.216000325977802,1,1,0,0,10,0,0,10,0.84
429,40,0,1,1,34.81600061058998,1,1,0,0,10,0,0,10,0.84
429,40,0,2,1,9.216000325977802,1,1,0,0,10,0,0,10,0.84
429,40,0,3,1,4.095999989658594,1,1,0,0,10,0,0,10,0.84
430,2,0,0,0,8.191999979317188,4,4,0,1,39,0,0,40,84.42
430,2,0,1,0,82.94399827718735,4,4,0,1,39,0,0,40,84.42
430,2,0,2,0,9.216000325977802,4,4,0,1,39,0,0,40,84.42
430,2,0,3,0,5.119999870657921,4,4,0,1,39,0,0,40,84.42
430,24,0,0,0,8.191999979317188,4,4,0,0,40,0,0,40,4.269
430,24,0,1,0,65.5359998345375,4,4,0,0,40,0,0,40,4.269
430,24,0,2,0,9.216000325977802,4,4,0,0,40,0,0,40,4.269
430,24,0,3,0,4.095999989658594,4,4,0,0,40,0,0,40,4.269
430,40,0,0,1,9.216000325977802,4,4,0,0,40,0,0,40,2.169
430,40,0,1,1,63.48799914121628,4,4,0,0,40,0,0,40,2.169
430,40,0,2,1,9.216000325977802,4,4,0,0,40,0,0,40,2.169
430,40,0,3,1,4.095999989658594,4,4,0,0,40,0,0,40,2.169
431,2,0,0,0,14.336000196635723,4,4,0,0,40,0,0,40,2.26
431,2,0,1,0,68.60800087451935,4,4,0,0,40,0,0,40,2.26
431,2,0,2,0,8.191999979317188,4,4,0,0,40,0,0,40,2.26
431,2,0,3,0,4.095999989658594,4,4,0,0,40,0,0,40,2.26
431,24,0,0,0,8.191999979317188,4,4,0,1,39,0,0,40,156.809
431,24,0,1,0,59.39200147986412,4,4,0,1,39,0,0,40,156.809
431,24,0,2,0,9.216000325977802,4,4,0,1,39,0,0,40,156.809
431,24,0,3,0,75.77600330114365,4,4,0,1,39,0,0,40,156.809
431,40,0,0,1,9.216000325977802,4,4,0,0,40,0,0,40,2.21
431,40,0,1,1,71.68000191450119,4,4,0,0,40,0,0,40,2.21
431,40,0,2,1,9.216000325977802,4,4,0,0,40,0,0,40,2.21
431,40,0,3,1,4.095999989658594,4,4,0,0,40,0,0,40,2.21
432,2,0,0,0,15.359999611973763,4,4,0,0,40,0,0,40,3.03
432,2,0,1,0,74.75200295448303,4,4,0,0,40,0,0,40,3.03
432,2,0,2,0,9.216000325977802,4,4,0,0,40,0,0,40,3.03
432,2,0,3,0,7.168000098317862,4,4,0,0,40,0,0,40,3.03
432,24,0,0,0,8.191999979317188,4,4,0,0,40,0,0,40,2.55
432,24,0,1,0,72.7040022611618,4,4,0,0,40,0,0,40,2.55
432,24,0,2,0,9.216000325977802,4,4,0,0,40,0,0,40,2.55
432,24,0,3,0,4.095999989658594,4,4,0,0,40,0,0,40,2.55
432,40,0,0,1,15.359999611973763,4,4,0,1,39,0,0,40,115.5
432,40,0,1,1,79.8719972372055,4,4,0,1,39,0,0,40,115.5
432,40,0,2,1,9.216000325977802,4,4,0,1,39,0,0,40,115.5
432,40,0,3,1,6.144000217318535,4,4,0,1,39,0,0,40,115.5
433,2,0,0,0,14.336000196635723,2,2,0,0,20,0,0,20,2.0
433,2,0,1,0,48.128001391887665,2,2,0,0,20,0,0,20,2.0
433,2,0,2,0,8.191999979317188,2,2,0,0,20,0,0,20,2.0
433,2,0,3,0,8.191999979317188,2,2,0,0,20,0,0,20,2.0
433,24,0,0,0,9.216000325977802,2,2,0,0,20,0,0,20,1.5
433,24,0,1,0,48.128001391887665,2,2,0,0,20,0,0,20,1.5
433,24,0,2,0,9.216000325977802,2,2,0,0,20,0,0,20,1.5
433,24,0,3,0,4.095999989658594,2,2,0,0,20,0,0,20,1.5
433,40,0,0,1,9.216000325977802,2,2,0,0,20,0,0,20,1.08
433,40,0,1,1,46.08000069856644,2,2,0,0,20,0,0,20,1.08
433,40,0,2,1,10.239999741315842,2,2,0,0,20,0,0,20,1.08
433,40,0,3,1,4.095999989658594,2,2,0,0,20,0,0,20,1.08
434,2,0,0,0,8.191999979317188,3,3,0,1,29,0,0,30,72.06
434,2,0,1,0,57.34400078654289,3,3,0,1,29,0,0,30,72.06
434,2,0,2,0,9.216000325977802,3,3,0,1,29,0,0,30,72.06
434,2,0,3,0,6.144000217318535,3,3,0,1,29,0,0,30,72.06
434,24,0,0,0,9.216000325977802,3,3,0,0,30,0,0,30,2.01
434,24,0,1,0,48.128001391887665,3,3,0,0,30,0,0,30,2.01
434,24,0,2,0,9.216000325977802,3,3,0,0,30,0,0,30,2.01
434,24,0,3,0,4.095999989658594,3,3,0,0,30,0,0,30,2.01
434,40,0,0,1,9.216000325977802,3,3,0,0,30,0,0,30,1.731
434,40,0,1,1,60.416001826524734,3,3,0,0,30,0,0,30,1.731
434,40,0,2,1,9.216000325977802,3,3,0,0,30,0,0,30,1.731
434,40,0,3,1,4.095999989658594,3,3,0,0,30,0,0,30,1.731
435,2,0,0,0,15.359999611973763,4,4,0,0,40,0,0,40,3.0
435,2,0,1,0,70.65600156784058,4,4,0,0,40,0,0,40,3.0
435,2,0,2,0,9.216000325977802,4,4,0,0,40,0,0,40,3.0
435,2,0,3,0,5.119999870657921,4,4,0,0,40,0,0,40,3.0
435,24,0,0,0,9.216000325977802,4,4,0,0,40,0,0,40,2.11
435,24,0,1,0,59.39200147986412,4,4,0,0,40,0,0,40,2.11
435,24,0,2,0,8.191999979317188,4,4,0,0,40,0,0,40,2.11
435,24,0,3,0,4.095999989658594,4,4,0,0,40,0,0,40,2.11
435,40,0,0,1,9.216000325977802,4,4,0,0,40,0,0,40,2.31
435,40,0,1,1,67.58400052785873,4,4,0,0,40,0,0,40,2.31
435,40,0,2,1,9.216000325977802,4,4,0,0,40,0,0,40,2.31
435,40,0,3,1,4.095999989658594,4,4,0,0,40,0,0,40,2.31
436,2,0,0,0,14.336000196635723,4,4,0,0,40,0,0,40,2.63
436,2,0,1,0,74.75200295448303,4,4,0,0,40,0,0,40,2.63
436,2,0,2,0,9.216000325977802,4,4,0,0,40,0,0,40,2.63
436,2,0,3,0,5.119999870657921,4,4,0,0,40,0,0,40,2.63
436,24,0,0,0,8.191999979317188,4,4,0,0,40,0,0,40,2.4
436,24,0,1,0,68.60800087451935,4,4,0,0,40,0,0,40,2.4
436,24,0,2,0,9.216000325977802,4,4,0,0,40,0,0,40,2.4
436,24,0,3,0,4.095999989658594,4,4,0,0,40,0,0,40,2.4
436,40,0,0,1,9.216000325977802,4,4,0,0,40,0,0,40,2.26
436,40,0,1,1,59.39200147986412,4,4,0,0,40,0,0,40,2.26
436,40,0,2,1,9.216000325977802,4,4,0,0,40,0,0,40,2.26
436,40,0,3,1,4.095999989658594,4,4,0,0,40,0,0,40,2.26
437,2,0,0,0,9.216000325977802,4,4,0,0,40,0,0,40,4.34
437,2,0,1,0,78.84799689054489,4,4,0,0,40,0,0,40,4.34
437,2,0,2,0,9.216000325977802,4,4,0,0,40,0,0,40,4.34
437,2,0,3,0,5.119999870657921,4,4,0,0,40,0,0,40,4.34
437,24,0,0,0,8.191999979317188,4,4,0,0,40,0,0,40,4.0
437,24,0,1,0,62.463998794555664,4,4,0,0,40,0,0,40,4.0
437,24,0,2,0,8.191999979317188,4,4,0,0,40,0,0,40,4.0
437,24,0,3,0,4.095999989658594,4,4,0,0,40,0,0,40,4.0
437,40,0,0,1,8.191999979317188,4,4,0,0,40,0,0,40,1.76
437,40,0,1,1,49.15200173854828,4,4,0,0,40,0,0,40,1.76
437,40,0,2,1,9.216000325977802,4,4,0,0,40,0,0,40,1.76
437,40,0,3,1,4.095999989658594,4,4,0,0,40,0,0,40,1.76
438,2,0,0,0,9.216000325977802,3,3,0,0,30,0,0,30,2.3
438,2,0,1,0,55.296000093221664,3,3,0,0,30,0,0,30,2.3
438,2,0,2,0,9.216000325977802,3,3,0,0,30,0,0,30,2.3
438,2,0,3,0,5.119999870657921,3,3,0,0,30,0,0,30,2.3
438,24,0,0,0,8.191999979317188,3,3,0,0,30,0,0,30,1.88
438,24,0,1,0,52.22399905323982,3,3,0,0,30,0,0,30,1.88
438,24,0,2,0,9.216000325977802,3,3,0,0,30,0,0,30,1.88
438,24,0,3,0,4.095999989658594,3,3,0,0,30,0,0,30,1.88
438,40,0,0,1,15.359999611973763,3,3,0,1,29,0,0,30,72.059
438,40,0,1,1,53.247999399900436,3,3,0,1,29,0,0,30,72.059
438,40,0,2,1,9.216000325977802,3,3,0,1,29,0,0,30,72.059
438,40,0,3,1,5.119999870657921,3,3,0,1,29,0,0,30,72.059
439,2,0,0,0,14.336000196635723,4,4,0,0,40,0,0,40,2.809
439,2,0,1,0,73.72800260782242,4,4,0,0,40,0,0,40,2.809
439,2,0,2,0,9.216000325977802,4,4,0,0,40,0,0,40,2.809
439,2,0,3,0,5.119999870657921,4,4,0,0,40,0,0,40,2.809
439,24,0,0,0,8.191999979317188,4,4,0,0,40,0,0,40,2.23
439,24,0,1,0,72.7040022611618,4,4,0,0,40,0,0,40,2.23
439,24,0,2,0,8.191999979317188,4,4,0,0,40,0,0,40,2.23
439,24,0,3,0,4.095999989658594,4,4,0,0,40,0,0,40,2.23
439,40,0,0,1,9.216000325977802,4,4,0,0,40,0,0,40,4.831
439,40,0,1,1,89.08800035715103,4,4,0,0,40,0,0,40,4.831
439,40,0,2,1,8.191999979317188,4,4,0,0,40,0,0,40,4.831
439,40,0,3,1,4.095999989658594,4,4,0,0,40,0,0,40,4.831
440,2,0,0,0,8.191999979317188,1,1,0,1,9,0,0,10,75.93
440,2,0,1,0,30.719999223947525,1,1,0,1,9,0,0,10,75.93
440,2,0,2,0,8.191999979317188,1,1,0,1,9,0,0,10,75.93
440,2,0,3,0,25.599999353289604,1,1,0,1,9,0,0,10,75.93
440,24,0,0,0,8.191999979317188,1,1,0,0,10,0,0,10,0.5
440,24,0,1,0,30.719999223947525,1,1,0,0,10,0,0,10,0.5
440,24,0,2,0,8.191999979317188,1,1,0,0,10,0,0,10,0.5
440,24,0,3,0,4.095999989658594,1,1,0,0,10,0,0,10,0.5
440,40,0,0,1,8.191999979317188,1,1,0,0,10,0,0,10,0.65
440,40,0,1,1,35.840000957250595,1,1,0,0,10,0,0,10,0.65
440,40,0,2,1,9.216000325977802,1,1,0,0,10,0,0,10,0.65
440,40,0,3,1,4.095999989658594,1,1,0,0,10,0,0,10,0.65
441,2,0,0,0,13.311999849975109,4,4,0,0,40,0,0,40,3.3
441,2,0,1,0,80.89599758386612,4,4,0,0,40,0,0,40,3.3
441,2,0,2,0,9.216000325977802,4,4,0,0,40,0,0,40,3.3
441,2,0,3,0,4.095999989658594,4,4,0,0,40,0,0,40,3.3
441,24,0,0,0,8.191999979317188,4,4,0,0,40,0,0,40,2.53
441,24,0,1,0,75.77600330114365,4,4,0,0,40,0,0,40,2.53
441,24,0,2,0,9.216000325977802,4,4,0,0,40,0,0,40,2.53
441,24,0,3,0,4.095999989658594,4,4,0,0,40,0,0,40,2.53
441,40,0,0,1,9.216000325977802,4,4,0,1,39,0,0,40,269.799
441,40,0,1,1,78.84799689054489,4,4,0,1,39,0,0,40,269.799
441,40,0,2,1,9.216000325977802,4,4,0,1,39,0,0,40,269.799
441,40,0,3,1,168.96000504493713,4,4,0,1,39,0,0,40,269.799
442,2,0,0,0,15.359999611973763,4,4,0,2,38,0,0,40,114.489
442,2,0,1,0,69.63200122117996,4,4,0,2,38,0,0,40,114.489
442,2,0,2,0,9.216000325977802,4,4,0,2,38,0,0,40,114.489
442,2,0,3,0,15.359999611973763,4,4,0,2,38,0,0,40,114.489
442,24,0,0,0,8.191999979317188,4,4,0,0,40,0,0,40,2.0
442,24,0,1,0,66.56000018119812,4,4,0,0,40,0,0,40,2.0
442,24,0,2,0,9.216000325977802,4,4,0,0,40,0,0,40,2.0
442,24,0,3,0,4.095999989658594,4,4,0,0,40,0,0,40,2.0
442,40,0,0,1,15.359999611973763,4,4,0,1,39,0,0,40,63.64
442,40,0,1,1,59.39200147986412,4,4,0,1,39,0,0,40,63.64
442,40,0,2,1,8.191999979317188,4,4,0,1,39,0,0,40,63.64
442,40,0,3,1,5.119999870657921,4,4,0,1,39,0,0,40,63.64
443,2,0,0,0,14.336000196635723,4,4,0,0,40,0,0,40,2.64
443,2,0,1,0,83.96799862384796,4,4,0,0,40,0,0,40,2.64
443,2,0,2,0,9.216000325977802,4,4,0,0,40,0,0,40,2.64
443,2,0,3,0,4.095999989658594,4,4,0,0,40,0,0,40,2.64
443,24,0,0,0,7.168000098317862,4,4,0,0,40,0,0,40,1.829
443,24,0,1,0,66.56000018119812,4,4,0,0,40,0,0,40,1.829
443,24,0,2,0,9.216000325977802,4,4,0,0,40,0,0,40,1.829
443,24,0,3,0,4.095999989658594,4,4,0,0,40,0,0,40,1.829
443,40,0,0,1,9.216000325977802,4,4,0,0,40,0,0,40,2.17
443,40,0,1,1,78.84799689054489,4,4,0,0,40,0,0,40,2.17
443,40,0,2,1,9.216000325977802,4,4,0,0,40,0,0,40,2.17
443,40,0,3,1,4.095999989658594,4,4,0,0,40,0,0,40,2.17
444,2,0,0,0,14.336000196635723,4,4,0,0,40,0,0,40,3.36
444,2,0,1,0,77.82399654388428,4,4,0,0,40,0,0,40,3.36
444,2,0,2,0,9.216000325977802,4,4,0,0,40,0,0,40,3.36
444,2,0,3,0,4.095999989658594,4,4,0,0,40,0,0,40,3.36
444,24,0,0,0,8.191999979317188,4,4,0,0,40,0,0,40,2.72
444,24,0,1,0,62.463998794555664,4,4,0,0,40,0,0,40,2.72
444,24,0,2,0,9.216000325977802,4,4,0,0,40,0,0,40,2.72
444,24,0,3,0,4.095999989658594,4,4,0,0,40,0,0,40,2.72
444,40,0,0,1,8.191999979317188,4,4,0,0,40,0,0,40,2.36
444,40,0,1,1,70.65600156784058,4,4,0,0,40,0,0,40,2.36
444,40,0,2,1,9.216000325977802,4,4,0,0,40,0,0,40,2.36
444,40,0,3,1,4.095999989658594,4,4,0,0,40,0,0,40,2.36
445,2,0,0,0,15.359999611973763,4,4,0,1,39,0,0,40,63.94
445,2,0,1,0,66.56000018119812,4,4,0,1,39,0,0,40,63.94
445,2,0,2,0,8.191999979317188,4,4,0,1,39,0,0,40,63.94
445,2,0,3,0,8.191999979317188,4,4,0,1,39,0,0,40,63.94
445,24,0,0,0,8.191999979317188,4,4,0,2,38,0,0,40,103.939
445,24,0,1,0,61.43999844789505,4,4,0,2,38,0,0,40,103.939
445,24,0,2,0,10.239999741315842,4,4,0,2,38,0,0,40,103.939
445,24,0,3,0,20.479999482631683,4,4,0,2,38,0,0,40,103.939
445,40,0,0,1,9.216000325977802,4,4,0,4,36,0,0,40,354.689
445,40,0,1,1,55.296000093221664,4,4,0,4,36,0,0,40,354.689
445,40,0,2,1,9.216000325977802,4,4,0,4,36,0,0,40,354.689
445,40,0,3,1,282.6240062713623,4,4,0,4,36,0,0,40,354.689
446,2,0,0,0,15.359999611973763,4,4,0,3,37,0,0,40,169.449
446,2,0,1,0,64.51199948787689,4,4,0,3,37,0,0,40,169.449
446,2,0,2,0,8.191999979317188,4,4,0,3,37,0,0,40,169.449
446,2,0,3,0,77.82399654388428,4,4,0,3,37,0,0,40,169.449
446,24,0,0,0,8.191999979317188,4,4,0,2,38,0,0,40,68.37
446,24,0,1,0,61.43999844789505,4,4,0,2,38,0,0,40,68.37
446,24,0,2,0,8.191999979317188,4,4,0,2,38,0,0,40,68.37
446,24,0,3,0,4.095999989658594,4,4,0,2,38,0,0,40,68.37
446,40,0,0,1,15.359999611973763,4,4,0,2,38,0,0,40,182.49
446,40,0,1,1,69.63200122117996,4,4,0,2,38,0,0,40,182.49
446,40,0,2,1,9.216000325977802,4,4,0,2,38,0,0,40,182.49
446,40,0,3,1,83.96799862384796,4,4,0,2,38,0,0,40,182.49
447,2,0,0,0,9.216000325977802,4,4,0,1,39,0,0,40,68.11
447,2,0,1,0,74.75200295448303,4,4,0,1,39,0,0,40,68.11
447,2,0,2,0,9.216000325977802,4,4,0,1,39,0,0,40,68.11
447,2,0,3,0,4.095999989658594,4,4,0,1,39,0,0,40,68.11
447,24,0,0,0,9.216000325977802,4,4,0,0,40,0,0,40,2.951
447,24,0,1,0,70.65600156784058,4,4,0,0,40,0,0,40,2.951
447,24,0,2,0,9.216000325977802,4,4,0,0,40,0,0,40,2.951
447,24,0,3,0,4.095999989658594,4,4,0,0,40,0,0,40,2.951
447,40,0,0,1,15.359999611973763,4,4,0,1,39,0,0,40,73.81
447,40,0,1,1,64.51199948787689,4,4,0,1,39,0,0,40,73.81
447,40,0,2,1,9.216000325977802,4,4,0,1,39,0,0,40,73.81
447,40,0,3,1,4.095999989658594,4,4,0,1,39,0,0,40,73.81
448,2,0,0,0,9.216000325977802,4,4,0,1,39,0,0,40,70.929
448,2,0,1,0,70.65600156784058,4,4,0,1,39,0,0,40,70.929
448,2,0,2,0,8.191999979317188,4,4,0,1,39,0,0,40,70.929
448,2,0,3,0,5.119999870657921,4,4,0,1,39,0,0,40,70.929
448,24,0,0,0,8.191999979317188,4,4,0,0,40,0,0,40,4.05
448,24,0,1,0,51.19999870657921,4,4,0,0,40,0,0,40,4.05
448,24,0,2,0,8.191999979317188,4,4,0,0,40,0,0,40,4.05
448,24,0,3,0,3.0720001086592674,4,4,0,0,40,0,0,40,4.05
448,40,0,0,1,9.216000325977802,4,4,0,0,40,0,0,40,2.92
448,40,0,1,1,71.68000191450119,4,4,0,0,40,0,0,40,2.92
448,40,0,2,1,9.216000325977802,4,4,0,0,40,0,0,40,2.92
448,40,0,3,1,4.095999989658594,4,4,0,0,40,0,0,40,2.92
449,2,0,0,0,15.359999611973763,4,4,0,1,39,0,0,40,77.679
449,2,0,1,0,72.7040022611618,4,4,0,1,39,0,0,40,77.679
449,2,0,2,0,9.216000325977802,4,4,0,1,39,0,0,40,77.679
449,2,0,3,0,4.095999989658594,4,4,0,1,39,0,0,40,77.679
449,24,0,0,0,9.216000325977802,4,4,0,1,39,0,0,40,65.649
449,24,0,1,0,61.43999844789505,4,4,0,1,39,0,0,40,65.649
449,24,0,2,0,9.216000325977802,4,4,0,1,39,0,0,40,65.649
449,24,0,3,0,4.095999989658594,4,4,0,1,39,0,0,40,65.649
449,40,0,0,1,9.216000325977802,4,4,0,1,39,0,0,40,79.359
449,40,0,1,1,76.80000364780426,4,4,0,1,39,0,0,40,79.359
449,40,0,2,1,9.216000325977802,4,4,0,1,39,0,0,40,79.359
449,40,0,3,1,4.095999989658594,4,4,0,1,39,0,0,40,79.359
450,2,0,0,0,15.359999611973763,4,4,0,0,40,0,0,40,4.4
450,2,0,1,0,87.0399996638298,4,4,0,0,40,0,0,40,4.4
450,2,0,2,0,9.216000325977802,4,4,0,0,40,0,0,40,4.4
450,2,0,3,0,5.119999870657921,4,4,0,0,40,0,0,40,4.4
450,24,0,0,0,7.168000098317862,4,4,0,1,39,0,0,40,66.731
450,24,0,1,0,63.48799914121628,4,4,0,1,39,0,0,40,66.731
450,24,0,2,0,9.216000325977802,4,4,0,1,39,0,0,40,66.731
450,24,0,3,0,4.095999989658594,4,4,0,1,39,0,0,40,66.731
450,40,0,0,1,9.216000325977802,4,4,0,0,40,0,0,40,4.5
450,40,0,1,1,66.56000018119812,4,4,0,0,40,0,0,40,4.5
450,40,0,2,1,9.216000325977802,4,4,0,0,40,0,0,40,4.5
450,40,0,3,1,4.095999989658594,4,4,0,0,40,0,0,40,4.5
451,2,0,0,0,8.191999979317188,4,4,0,3,36,1,0,40,159.439
451,2,0,1,0,63.48799914121628,4,4,0,3,36,1,0,40,159.439
451,2,0,2,0,163.83999586105347,4,4,0,3,36,1,0,40,159.439
451,2,0,3,0,5.119999870657921,4,4,0,3,36,1,0,40,159.439
451,24,0,0,0,8.191999979317188,4,4,0,0,40,0,0,40,3.789
451,24,0,1,0,71.68000191450119,4,4,0,0,40,0,0,40,3.789
451,24,0,2,0,10.239999741315842,4,4,0,0,40,0,0,40,3.789
451,24,0,3,0,4.095999989658594,4,4,0,0,40,0,0,40,3.789
451,40,0,0,1,9.216000325977802,4,4,0,0,40,0,0,40,5.85
451,40,0,1,1,76.80000364780426,4,4,0,0,40,0,0,40,5.85
451,40,0,2,1,9.216000325977802,4,4,0,0,40,0,0,40,5.85
451,40,0,3,1,4.095999989658594,4,4,0,0,40,0,0,40,5.85
452,2,0,0,0,13.311999849975109,4,4,0,1,39,0,0,40,105.78
452,2,0,1,0,73.72800260782242,4,4,0,1,39,0,0,40,105.78
452,2,0,2,0,9.216000325977802,4,4,0,1,39,0,0,40,105.78
452,2,0,3,0,5.119999870657921,4,4,0,1,39,0,0,40,105.78
452,24,0,0,0,9.216000325977802,4,4,0,2,38,0,0,40,133.549
452,24,0,1,0,71.68000191450119,4,4,0,2,38,0,0,40,133.549
452,24,0,2,0,8.191999979317188,4,4,0,2,38,0,0,40,133.549
452,24,0,3,0,41.98399931192398,4,4,0,2,38,0,0,40,133.549
452,40,0,0,1,15.359999611973763,4,4,0,2,38,0,0,40,123.1
452,40,0,1,1,66.56000018119812,4,4,0,2,38,0,0,40,123.1
452,40,0,2,1,9.216000325977802,4,4,0,2,38,0,0,40,123.1
452,40,0,3,1,27.648000046610832,4,4,0,2,38,0,0,40,123.1
453,2,0,0,0,8.191999979317188,4,4,0,0,40,0,0,40,5.3
453,2,0,1,0,75.77600330114365,4,4,0,0,40,0,0,40,5.3
453,2,0,2,0,9.216000325977802,4,4,0,0,40,0,0,40,5.3
453,2,0,3,0,8.191999979317188,4,4,0,0,40,0,0,40,5.3
453,24,0,0,0,8.191999979317188,4,4,0,0,40,0,0,40,5.49
453,24,0,1,0,81.91999793052673,4,4,0,0,40,0,0,40,5.49
453,24,0,2,0,9.216000325977802,4,4,0,0,40,0,0,40,5.49
453,24,0,3,0,4.095999989658594,4,4,0,0,40,0,0,40,5.49
453,40,0,0,1,15.359999611973763,4,4,0,1,39,0,0,40,101.48
453,40,0,1,1,81.91999793052673,4,4,0,1,39,0,0,40,101.48
453,40,0,2,1,8.191999979317188,4,4,0,1,39,0,0,40,101.48
453,40,0,3,1,4.095999989658594,4,4,0,1,39,0,0,40,101.48
454,2,0,0,0,15.359999611973763,4,4,0,4,35,1,0,40,270.099
454,2,0,1,0,72.7040022611618,4,4,0,4,35,1,0,40,270.099
454,2,0,2,0,168.96000504493713,4,4,0,4,35,1,0,40,270.099
454,2,0,3,0,8.191999979317188,4,4,0,4,35,1,0,40,270.099
454,24,0,0,0,8.191999979317188,4,4,0,3,37,0,0,40,113.839
454,24,0,1,0,62.463998794555664,4,4,0,3,37,0,0,40,113.839
454,24,0,2,0,9.216000325977802,4,4,0,3,37,0,0,40,113.839
454,24,0,3,0,31.74399957060814,4,4,0,3,37,0,0,40,113.839
454,40,0,0,1,16.383999958634377,4,4,0,2,38,0,0,40,145.879
454,40,0,1,1,69.63200122117996,4,4,0,2,38,0,0,40,145.879
454,40,0,2,1,9.216000325977802,4,4,0,2,38,0,0,40,145.879
454,40,0,3,1,48.128001391887665,4,4,0,2,38,0,0,40,145.879
455,2,0,0,0,16.383999958634377,4,4,0,2,38,0,0,40,96.899
455,2,0,1,0,75.77600330114365,4,4,0,2,38,0,0,40,96.899
455,2,0,2,0,8.191999979317188,4,4,0,2,38,0,0,40,96.899
455,2,0,3,0,7.168000098317862,4,4,0,2,38,0,0,40,96.899
455,24,0,0,0,8.191999979317188,4,4,0,1,39,0,0,40,61.62
455,24,0,1,0,59.39200147986412,4,4,0,1,39,0,0,40,61.62
455,24,0,2,0,8.191999979317188,4,4,0,1,39,0,0,40,61.62
455,24,0,3,0,5.119999870657921,4,4,0,1,39,0,0,40,61.62
455,40,0,0,1,8.191999979317188,4,4,0,0,40,0,0,40,3.949
455,40,0,1,1,63.48799914121628,4,4,0,0,40,0,0,40,3.949
455,40,0,2,1,9.216000325977802,4,4,0,0,40,0,0,40,3.949
455,40,0,3,1,4.095999989658594,4,4,0,0,40,0,0,40,3.949
456,2,0,0,0,9.216000325977802,4,4,0,0,40,0,0,40,6.88
456,2,0,1,0,84.99199897050858,4,4,0,0,40,0,0,40,6.88
456,2,0,2,0,9.216000325977802,4,4,0,0,40,0,0,40,6.88
456,2,0,3,0,6.144000217318535,4,4,0,0,40,0,0,40,6.88
456,24,0,0,0,8.191999979317188,4,4,0,0,40,0,0,40,5.35
456,24,0,1,0,70.65600156784058,4,4,0,0,40,0,0,40,5.35
456,24,0,2,0,9.216000325977802,4,4,0,0,40,0,0,40,5.35
456,24,0,3,0,4.095999989658594,4,4,0,0,40,0,0,40,5.35
456,40,0,0,1,16.383999958634377,4,4,0,2,38,0,0,40,308.959
456,40,0,1,1,65.5359998345375,4,4,0,2,38,0,0,40,308.959
456,40,0,2,1,9.216000325977802,4,4,0,2,38,0,0,40,308.959
456,40,0,3,1,214.01600539684296,4,4,0,2,38,0,0,40,308.959
457,2,0,0,0,8.191999979317188,4,4,0,4,35,1,0,40,202.928
457,2,0,1,0,78.84799689054489,4,4,0,4,35,1,0,40,202.928
457,2,0,2,0,168.96000504493713,4,4,0,4,35,1,0,40,202.928
457,2,0,3,0,5.119999870657921,4,4,0,4,35,1,0,40,202.928
457,24,0,0,0,9.216000325977802,4,4,0,0,40,0,0,40,3.18
457,24,0,1,0,79.8719972372055,4,4,0,0,40,0,0,40,3.18
457,24,0,2,0,8.191999979317188,4,4,0,0,40,0,0,40,3.18
457,24,0,3,0,4.095999989658594,4,4,0,0,40,0,0,40,3.18
457,40,0,0,1,15.359999611973763,4,4,0,3,37,0,0,40,456.289
457,40,0,1,1,84.99199897050858,4,4,0,3,37,0,0,40,456.289
457,40,0,2,1,9.216000325977802,4,4,0,3,37,0,0,40,456.289
457,40,0,3,1,343.03998947143555,4,4,0,3,37,0,0,40,456.289
458,2,0,0,0,9.216000325977802,4,4,0,5,34,1,0,40,257.639
458,2,0,1,0,75.77600330114365,4,4,0,5,34,1,0,40,257.639
458,2,0,2,0,167.93599724769592,4,4,0,5,34,1,0,40,257.639
458,2,0,3,0,5.119999870657921,4,4,0,5,34,1,0,40,257.639
458,24,0,0,0,9.216000325977802,4,4,0,0,40,0,0,40,4.66
458,24,0,1,0,59.39200147986412,4,4,0,0,40,0,0,40,4.66
458,24,0,2,0,9.216000325977802,4,4,0,0,40,0,0,40,4.66
458,24,0,3,0,4.095999989658594,4,4,0,0,40,0,0,40,4.66
458,40,0,0,1,15.359999611973763,4,4,0,2,38,0,0,40,100.92
458,40,0,1,1,65.5359998345375,4,4,0,2,38,0,0,40,100.92
458,40,0,2,1,9.216000325977802,4,4,0,2,38,0,0,40,100.92
458,40,0,3,1,6.144000217318535,4,4,0,2,38,0,0,40,100.92
459,2,0,0,0,8.191999979317188,4,4,0,1,39,0,0,40,141.31
459,2,0,1,0,72.7040022611618,4,4,0,1,39,0,0,40,141.31
459,2,0,2,0,9.216000325977802,4,4,0,1,39,0,0,40,141.31
459,2,0,3,0,46.08000069856644,4,4,0,1,39,0,0,40,141.31
459,24,0,0,0,8.191999979317188,4,4,0,0,40,0,0,40,2.26
459,24,0,1,0,69.63200122117996,4,4,0,0,40,0,0,40,2.26
459,24,0,2,0,9.216000325977802,4,4,0,0,40,0,0,40,2.26
459,24,0,3,0,4.095999989658594,4,4,0,0,40,0,0,40,2.26
459,40,0,0,1,9.216000325977802,4,4,0,0,40,0,0,40,3.37
459,40,0,1,1,66.56000018119812,4,4,0,0,40,0,0,40,3.37
459,40,0,2,1,9.216000325977802,4,4,0,0,40,0,0,40,3.37
459,40,0,3,1,4.095999989658594,4,4,0,0,40,0,0,40,3.37
460,2,0,0,0,8.191999979317188,4,4,0,2,38,0,0,40,109.02
460,2,0,1,0,63.48799914121628,4,4,0,2,38,0,0,40,109.02
460,2,0,2,0,9.216000325977802,4,4,0,2,38,0,0,40,109.02
460,2,0,3,0,25.599999353289604,4,4,0,2,38,0,0,40,109.02
460,24,0,0,0,8.191999979317188,4,4,0,0,40,0,0,40,1.74
460,24,0,1,0,64.51199948787689,4,4,0,0,40,0,0,40,1.74
460,24,0,2,0,9.216000325977802,4,4,0,0,40,0,0,40,1.74
460,24,0,3,0,4.095999989658594,4,4,0,0,40,0,0,40,1.74
460,40,0,0,1,8.191999979317188,4,4,0,0,40,0,0,40,3.45
460,40,0,1,1,72.7040022611618,4,4,0,0,40,0,0,40,3.45
460,40,0,2,1,9.216000325977802,4,4,0,0,40,0,0,40,3.45
460,40,0,3,1,4.095999989658594,4,4,0,0,40,0,0,40,3.45
461,2,0,0,0,14.336000196635723,4,4,0,0,40,0,0,40,2.82
461,2,0,1,0,74.75200295448303,4,4,0,0,40,0,0,40,2.82
461,2,0,2,0,9.216000325977802,4,4,0,0,40,0,0,40,2.82
461,2,0,3,0,5.119999870657921,4,4,0,0,40,0,0,40,2.82
461,24,0,0,0,8.191999979317188,4,4,0,0,40,0,0,40,1.489
461,24,0,1,0,73.72800260782242,4,4,0,0,40,0,0,40,1.489
461,24,0,2,0,9.216000325977802,4,4,0,0,40,0,0,40,1.489
461,24,0,3,0,4.095999989658594,4,4,0,0,40,0,0,40,1.489
461,40,0,0,1,9.216000325977802,4,4,0,2,38,0,0,40,167.49
461,40,0,1,1,76.80000364780426,4,4,0,2,38,0,0,40,167.49
461,40,0,2,1,9.216000325977802,4,4,0,2,38,0,0,40,167.49
461,40,0,3,1,70.65600156784058,4,4,0,2,38,0,0,40,167.49
462,2,0,0,0,8.191999979317188,1,1,0,0,10,0,0,10,1.829
462,2,0,1,0,31.74399957060814,1,1,0,0,10,0,0,10,1.829
462,2,0,2,0,9.216000325977802,1,1,0,0,10,0,0,10,1.829
462,2,0,3,0,6.144000217318535,1,1,0,0,10,0,0,10,1.829
462,24,0,0,0,8.191999979317188,1,1,0,0,10,0,0,10,2.28
462,24,0,1,0,31.74399957060814,1,1,0,0,10,0,0,10,2.28
462,24,0,2,0,9.216000325977802,1,1,0,0,10,0,0,10,2.28
462,24,0,3,0,4.095999989658594,1,1,0,0,10,0,0,10,2.28
462,40,0,0,1,8.191999979317188,1,1,0,0,10,0,0,10,0.38
462,40,0,1,1,34.81600061058998,1,1,0,0,10,0,0,10,0.38
462,40,0,2,1,9.216000325977802,1,1,0,0,10,0,0,10,0.38
462,40,0,3,1,4.095999989658594,1,1,0,0,10,0,0,10,0.38
463,2,0,0,0,15.359999611973763,4,4,0,0,40,0,0,40,3.789
463,2,0,1,0,84.99199897050858,4,4,0,0,40,0,0,40,3.789
463,2,0,2,0,8.191999979317188,4,4,0,0,40,0,0,40,3.789
463,2,0,3,0,5.119999870657921,4,4,0,0,40,0,0,40,3.789
463,24,0,0,0,46.08000069856644,4,4,0,0,40,0,0,40,2.07
463,24,0,1,0,67.58400052785873,4,4,0,0,40,0,0,40,2.07
463,24,0,2,0,9.216000325977802,4,4,0,0,40,0,0,40,2.07
463,24,0,3,0,4.095999989658594,4,4,0,0,40,0,0,40,2.07
463,40,0,0,1,9.216000325977802,4,4,0,1,39,0,0,40,334.629
463,40,0,1,1,73.72800260782242,4,4,0,1,39,0,0,40,334.629
463,40,0,2,1,9.216000325977802,4,4,0,1,39,0,0,40,334.629
463,40,0,3,1,238.5919988155365,4,4,0,1,39,0,0,40,334.629
464,2,0,0,0,9.216000325977802,1,1,0,0,10,0,0,10,0.929
464,2,0,1,0,31.74399957060814,1,1,0,0,10,0,0,10,0.929
464,2,0,2,0,8.191999979317188,1,1,0,0,10,0,0,10,0.929
464,2,0,3,0,6.144000217318535,1,1,0,0,10,0,0,10,0.929
464,24,0,0,0,3249.1519451141357,1,1,0,0,10,0,0,10,0.95
464,24,0,1,0,31.74399957060814,1,1,0,0,10,0,0,10,0.95
464,24,0,2,0,9.216000325977802,1,1,0,0,10,0,0,10,0.95
464,24,0,3,0,4.095999989658594,1,1,0,0,10,0,0,10,0.95
464,40,0,0,1,9.216000325977802,1,1,0,1,9,0,0,10,67.659
464,40,0,1,1,33.79200026392937,1,1,0,1,9,0,0,10,67.659
464,40,0,2,1,9.216000325977802,1,1,0,1,9,0,0,10,67.659
464,40,0,3,1,11.264000087976456,1,1,0,1,9,0,0,10,67.659
465,2,0,0,0,8.191999979317188,1,1,0,0,10,0,0,10,0.46
465,2,0,1,0,31.74399957060814,1,1,0,0,10,0,0,10,0.46
465,2,0,2,0,8.191999979317188,1,1,0,0,10,0,0,10,0.46
465,2,0,3,0,5.119999870657921,1,1,0,0,10,0,0,10,0.46
465,24,0,0,0,9.216000325977802,1,1,0,0,10,0,0,10,0.369
465,24,0,1,0,31.74399957060814,1,1,0,0,10,0,0,10,0.369
465,24,0,2,0,9.216000325977802,1,1,0,0,10,0,0,10,0.369
465,24,0,3,0,4.095999989658594,1,1,0,0,10,0,0,10,0.369
465,40,0,0,1,8.191999979317188,1,1,0,1,9,0,0,10,58.25
465,40,0,1,1,33.79200026392937,1,1,0,1,9,0,0,10,58.25
465,40,0,2,1,10.239999741315842,1,1,0,1,9,0,0,10,58.25
465,40,0,3,1,4.095999989658594,1,1,0,1,9,0,0,10,58.25
466,2,0,0,0,14.336000196635723,4,4,0,0,40,0,0,40,1.94
466,2,0,1,0,81.91999793052673,4,4,0,0,40,0,0,40,1.94
466,2,0,2,0,9.216000325977802,4,4,0,0,40,0,0,40,1.94
466,2,0,3,0,5.119999870657921,4,4,0,0,40,0,0,40,1.94
466,24,0,0,0,9.216000325977802,4,4,0,1,39,0,0,40,57.27
466,24,0,1,0,65.5359998345375,4,4,0,1,39,0,0,40,57.27
466,24,0,2,0,9.216000325977802,4,4,0,1,39,0,0,40,57.27
466,24,0,3,0,4.095999989658594,4,4,0,1,39,0,0,40,57.27
466,40,0,0,1,5641.215801239014,4,4,0,3,37,0,0,40,1189.326
466,40,0,1,1,67.58400052785873,4,4,0,3,37,0,0,40,1189.326
466,40,0,2,1,9.216000325977802,4,4,0,3,37,0,0,40,1189.326
466,40,0,3,1,1100.8000373840332,4,4,0,3,37,0,0,40,1189.326
467,2,0,0,0,14.336000196635723,4,4,0,0,40,0,0,40,1.64
467,2,0,1,0,81.91999793052673,4,4,0,0,40,0,0,40,1.64
467,2,0,2,0,9.216000325977802,4,4,0,0,40,0,0,40,1.64
467,2,0,3,0,6.144000217318535,4,4,0,0,40,0,0,40,1.64
467,24,0,0,0,7.168000098317862,4,4,0,1,39,0,0,40,61.489
467,24,0,1,0,69.63200122117996,4,4,0,1,39,0,0,40,61.489
467,24,0,2,0,9.216000325977802,4,4,0,1,39,0,0,40,61.489
467,24,0,3,0,4.095999989658594,4,4,0,1,39,0,0,40,61.489
467,40,0,0,1,9.216000325977802,4,4,0,0,40,0,0,40,1.509
467,40,0,1,1,74.75200295448303,4,4,0,0,40,0,0,40,1.509
467,40,0,2,1,9.216000325977802,4,4,0,0,40,0,0,40,1.509
467,40,0,3,1,4.095999989658594,4,4,0,0,40,0,0,40,1.509
468,2,0,0,0,14.336000196635723,4,4,0,0,40,0,0,40,3.47
468,2,0,1,0,87.0399996638298,4,4,0,0,40,0,0,40,3.47
468,2,0,2,0,9.216000325977802,4,4,0,0,40,0,0,40,3.47
468,2,0,3,0,6.144000217318535,4,4,0,0,40,0,0,40,3.47
468,24,0,0,0,7.168000098317862,4,4,0,1,39,0,0,40,270.549
468,24,0,1,0,75.77600330114365,4,4,0,1,39,0,0,40,270.549
468,24,0,2,0,9.216000325977802,4,4,0,1,39,0,0,40,270.549
468,24,0,3,0,175.10400712490082,4,4,0,1,39,0,0,40,270.549
468,40,0,0,1,16.383999958634377,4,4,0,3,37,0,0,40,167.199
468,40,0,1,1,71.68000191450119,4,4,0,3,37,0,0,40,167.199
468,40,0,2,1,9.216000325977802,4,4,0,3,37,0,0,40,167.199
468,40,0,3,1,65.5359998345375,4,4,0,3,37,0,0,40,167.199
469,2,0,0,0,9.216000325977802,4,4,0,0,40,0,0,40,7.27
469,2,0,1,0,89.08800035715103,4,4,0,0,40,0,0,40,7.27
469,2,0,2,0,9.216000325977802,4,4,0,0,40,0,0,40,7.27
469,2,0,3,0,4.095999989658594,4,4,0,0,40,0,0,40,7.27
469,24,0,0,0,8.191999979317188,4,4,0,0,40,0,0,40,6.55
469,24,0,1,0,72.7040022611618,4,4,0,0,40,0,0,40,6.55
469,24,0,2,0,9.216000325977802,4,4,0,0,40,0,0,40,6.55
469,24,0,3,0,4.095999989658594,4,4,0,0,40,0,0,40,6.55
469,40,0,0,1,15.359999611973763,4,4,0,3,37,0,0,40,4626.213
469,40,0,1,1,68.60800087451935,4,4,0,3,37,0,0,40,4626.213
469,40,0,2,1,10.239999741315842,4,4,0,3,37,0,0,40,4626.213
469,40,0,3,1,4529.151916503906,4,4,0,3,37,0,0,40,4626.213
470,2,0,0,0,14.336000196635723,4,4,0,0,40,0,0,40,5.07
470,2,0,1,0,76.80000364780426,4,4,0,0,40,0,0,40,5.07
470,2,0,2,0,9.216000325977802,4,4,0,0,40,0,0,40,5.07
470,2,0,3,0,5.119999870657921,4,4,0,0,40,0,0,40,5.07
470,24,0,0,0,8.191999979317188,4,4,0,0,40,0,0,40,6.66
470,24,0,1,0,79.8719972372055,4,4,0,0,40,0,0,40,6.66
470,24,0,2,0,9.216000325977802,4,4,0,0,40,0,0,40,6.66
470,24,0,3,0,4.095999989658594,4,4,0,0,40,0,0,40,6.66
470,40,0,0,1,9.216000325977802,4,4,0,0,40,0,0,40,6.309
470,40,0,1,1,83.96799862384796,4,4,0,0,40,0,0,40,6.309
470,40,0,2,1,9.216000325977802,4,4,0,0,40,0,0,40,6.309
470,40,0,3,1,4.095999989658594,4,4,0,0,40,0,0,40,6.309
471,2,0,0,0,14.336000196635723,4,4,0,2,38,0,0,40,124.369
471,2,0,1,0,84.99199897050858,4,4,0,2,38,0,0,40,124.369
471,2,0,2,0,9.216000325977802,4,4,0,2,38,0,0,40,124.369
471,2,0,3,0,10.239999741315842,4,4,0,2,38,0,0,40,124.369
471,24,0,0,0,8.191999979317188,4,4,0,2,38,0,0,40,224.869
471,24,0,1,0,67.58400052785873,4,4,0,2,38,0,0,40,224.869
471,24,0,2,0,9.216000325977802,4,4,0,2,38,0,0,40,224.869
471,24,0,3,0,136.19199395179749,4,4,0,2,38,0,0,40,224.869
471,40,0,0,1,9.216000325977802,4,4,0,0,40,0,0,40,4.29
471,40,0,1,1,73.72800260782242,4,4,0,0,40,0,0,40,4.29
471,40,0,2,1,9.216000325977802,4,4,0,0,40,0,0,40,4.29
471,40,0,3,1,4.095999989658594,4,4,0,0,40,0,0,40,4.29
472,2,0,0,0,9.216000325977802,4,4,0,0,40,0,0,40,7.14
472,2,0,1,0,92.16000139713287,4,4,0,0,40,0,0,40,7.14
472,2,0,2,0,8.191999979317188,4,4,0,0,40,0,0,40,7.14
472,2,0,3,0,7.168000098317862,4,4,0,0,40,0,0,40,7.14
472,24,0,0,0,8.191999979317188,4,4,0,0,40,0,0,40,4.06
472,24,0,1,0,72.7040022611618,4,4,0,0,40,0,0,40,4.06
472,24,0,2,0,9.216000325977802,4,4,0,0,40,0,0,40,4.06
472,24,0,3,0,4.095999989658594,4,4,0,0,40,0,0,40,4.06
472,40,0,0,1,15.359999611973763,4,4,0,1,39,0,0,40,76.829
472,40,0,1,1,52.22399905323982,4,4,0,1,39,0,0,40,76.829
472,40,0,2,1,9.216000325977802,4,4,0,1,39,0,0,40,76.829
472,40,0,3,1,5.119999870657921,4,4,0,1,39,0,0,40,76.829
473,2,0,0,0,9.216000325977802,4,4,0,2,38,0,0,40,175.609
473,2,0,1,0,79.8719972372055,4,4,0,2,38,0,0,40,175.609
473,2,0,2,0,9.216000325977802,4,4,0,2,38,0,0,40,175.609
473,2,0,3,0,74.75200295448303,4,4,0,2,38,0,0,40,175.609
473,24,0,0,0,8.191999979317188,4,4,0,0,40,0,0,40,3.691
473,24,0,1,0,62.463998794555664,4,4,0,0,40,0,0,40,3.691
473,24,0,2,0,9.216000325977802,4,4,0,0,40,0,0,40,3.691
473,24,0,3,0,4.095999989658594,4,4,0,0,40,0,0,40,3.691
473,40,0,0,1,9.216000325977802,4,4,0,0,40,0,0,40,4.76
473,40,0,1,1,73.72800260782242,4,4,0,0,40,0,0,40,4.76
473,40,0,2,1,8.191999979317188,4,4,0,0,40,0,0,40,4.76
473,40,0,3,1,4.095999989658594,4,4,0,0,40,0,0,40,4.76
474,2,0,0,0,9.216000325977802,4,4,0,2,38,0,0,40,117.09
474,2,0,1,0,70.65600156784058,4,4,0,2,38,0,0,40,117.09
474,2,0,2,0,9.216000325977802,4,4,0,2,38,0,0,40,117.09
474,2,0,3,0,25.599999353289604,4,4,0,2,38,0,0,40,117.09
474,24,0,0,0,8.191999979317188,4,4,0,0,40,0,0,40,4.79
474,24,0,1,0,60.416001826524734,4,4,0,0,40,0,0,40,4.79
474,24,0,2,0,9.216000325977802,4,4,0,0,40,0,0,40,4.79
474,24,0,3,0,4.095999989658594,4,4,0,0,40,0,0,40,4.79
474,40,0,0,1,16.383999958634377,4,4,0,1,39,0,0,40,87.39
474,40,0,1,1,55.296000093221664,4,4,0,1,39,0,0,40,87.39
474,40,0,2,1,9.216000325977802,4,4,0,1,39,0,0,40,87.39
474,40,0,3,1,4.095999989658594,4,4,0,1,39,0,0,40,87.39
475,2,0,0,0,8.191999979317188,4,4,0,1,39,0,0,40,60.7
475,2,0,1,0,80.89599758386612,4,4,0,1,39,0,0,40,60.7
475,2,0,2,0,9.216000325977802,4,4,0,1,39,0,0,40,60.7
475,2,0,3,0,5.119999870657921,4,4,0,1,39,0,0,40,60.7
475,24,0,0,0,7.168000098317862,4,4,0,1,39,0,0,40,66.179
475,24,0,1,0,77.82399654388428,4,4,0,1,39,0,0,40,66.179
475,24,0,2,0,8.191999979317188,4,4,0,1,39,0,0,40,66.179
475,24,0,3,0,4.095999989658594,4,4,0,1,39,0,0,40,66.179
475,40,0,0,1,15.359999611973763,4,4,0,3,37,0,0,40,206.829
475,40,0,1,1,80.89599758386612,4,4,0,3,37,0,0,40,206.829
475,40,0,2,1,8.191999979317188,4,4,0,3,37,0,0,40,206.829
475,40,0,3,1,96.25600278377533,4,4,0,3,37,0,0,40,206.829
476,2,0,0,0,15.359999611973763,4,4,0,2,38,0,0,40,102.88
476,2,0,1,0,66.56000018119812,4,4,0,2,38,0,0,40,102.88
476,2,0,2,0,9.216000325977802,4,4,0,2,38,0,0,40,102.88
476,2,0,3,0,6.144000217318535,4,4,0,2,38,0,0,40,102.88
476,24,0,0,0,8.191999979317188,4,4,0,0,40,0,0,40,3.529
476,24,0,1,0,79.8719972372055,4,4,0,0,40,0,0,40,3.529
476,24,0,2,0,9.216000325977802,4,4,0,0,40,0,0,40,3.529
476,24,0,3,0,4.095999989658594,4,4,0,0,40,0,0,40,3.529
476,40,0,0,1,9.216000325977802,4,4,0,0,40,0,0,40,3.77
476,40,0,1,1,87.0399996638298,4,4,0,0,40,0,0,40,3.77
476,40,0,2,1,9.216000325977802,4,4,0,0,40,0,0,40,3.77
476,40,0,3,1,4.095999989658594,4,4,0,0,40,0,0,40,3.77
477,2,0,0,0,13.311999849975109,4,4,0,0,40,0,0,40,3.66
477,2,0,1,0,79.8719972372055,4,4,0,0,40,0,0,40,3.66
477,2,0,2,0,9.216000325977802,4,4,0,0,40,0,0,40,3.66
477,2,0,3,0,4.095999989658594,4,4,0,0,40,0,0,40,3.66
477,24,0,0,0,1556.480050086975,4,4,0,3,37,0,0,40,146.37
477,24,0,1,0,75.77600330114365,4,4,0,3,37,0,0,40,146.37
477,24,0,2,0,9.216000325977802,4,4,0,3,37,0,0,40,146.37
477,24,0,3,0,49.15200173854828,4,4,0,3,37,0,0,40,146.37
477,40,0,0,1,9.216000325977802,4,4,0,0,40,0,0,40,3.1
477,40,0,1,1,84.99199897050858,4,4,0,0,40,0,0,40,3.1
477,40,0,2,1,9.216000325977802,4,4,0,0,40,0,0,40,3.1
477,40,0,3,1,4.095999989658594,4,4,0,0,40,0,0,40,3.1
478,2,0,0,0,8.191999979317188,4,4,0,4,35,1,0,40,189.0
478,2,0,1,0,78.84799689054489,4,4,0,4,35,1,0,40,189.0
478,2,0,2,0,163.83999586105347,4,4,0,4,35,1,0,40,189.0
478,2,0,3,0,5.119999870657921,4,4,0,4,35,1,0,40,189.0
478,24,0,0,0,8.191999979317188,4,4,0,0,40,0,0,40,6.01
478,24,0,1,0,81.91999793052673,4,4,0,0,40,0,0,40,6.01
478,24,0,2,0,9.216000325977802,4,4,0,0,40,0,0,40,6.01
478,24,0,3,0,4.095999989658594,4,4,0,0,40,0,0,40,6.01
478,40,0,0,1,9.216000325977802,4,4,0,0,40,0,0,40,2.56
478,40,0,1,1,70.65600156784058,4,4,0,0,40,0,0,40,2.56
478,40,0,2,1,9.216000325977802,4,4,0,0,40,0,0,40,2.56
478,40,0,3,1,4.095999989658594,4,4,0,0,40,0,0,40,2.56
479,2,0,0,0,10.239999741315842,1,1,0,1,9,0,0,10,73.69
479,2,0,1,0,29.69600073993206,1,1,0,1,9,0,0,10,73.69
479,2,0,2,0,9.216000325977802,1,1,0,1,9,0,0,10,73.69
479,2,0,3,0,20.479999482631683,1,1,0,1,9,0,0,10,73.69
479,24,0,0,0,9.216000325977802,1,1,0,0,10,0,0,10,0.8
479,24,0,1,0,31.74399957060814,1,1,0,0,10,0,0,10,0.8
479,24,0,2,0,9.216000325977802,1,1,0,0,10,0,0,10,0.8
479,24,0,3,0,4.095999989658594,1,1,0,0,10,0,0,10,0.8
479,40,0,0,1,9.216000325977802,1,1,0,0,10,0,0,10,0.451
479,40,0,1,1,35.840000957250595,1,1,0,0,10,0,0,10,0.451
479,40,0,2,1,9.216000325977802,1,1,0,0,10,0,0,10,0.451
479,40,0,3,1,4.095999989658594,1,1,0,0,10,0,0,10,0.451
480,2,0,0,0,14.336000196635723,4,4,0,4,36,0,0,40,134.699
480,2,0,1,0,79.8719972372055,4,4,0,4,36,0,0,40,134.699
480,2,0,2,0,9.216000325977802,4,4,0,4,36,0,0,40,134.699
480,2,0,3,0,26.623999699950218,4,4,0,4,36,0,0,40,134.699
480,24,0,0,0,8.191999979317188,4,4,0,0,40,0,0,40,5.17
480,24,0,1,0,63.48799914121628,4,4,0,0,40,0,0,40,5.17
480,24,0,2,0,8.191999979317188,4,4,0,0,40,0,0,40,5.17
480,24,0,3,0,4.095999989658594,4,4,0,0,40,0,0,40,5.17
480,40,0,0,1,8.191999979317188,4,4,0,0,40,0,0,40,4.3
480,40,0,1,1,58.36800113320351,4,4,0,0,40,0,0,40,4.3
480,40,0,2,1,9.216000325977802,4,4,0,0,40,0,0,40,4.3
480,40,0,3,1,4.095999989658594,4,4,0,0,40,0,0,40,4.3
481,2,0,0,0,15.359999611973763,4,4,0,1,39,0,0,40,70.39
481,2,0,1,0,58.36800113320351,4,4,0,1,39,0,0,40,70.39
481,2,0,2,0,9.216000325977802,4,4,0,1,39,0,0,40,70.39
481,2,0,3,0,5.119999870657921,4,4,0,1,39,0,0,40,70.39
481,24,0,0,0,8.191999979317188,4,4,0,1,39,0,0,40,77.35
481,24,0,1,0,74.75200295448303,4,4,0,1,39,0,0,40,77.35
481,24,0,2,0,9.216000325977802,4,4,0,1,39,0,0,40,77.35
481,24,0,3,0,4.095999989658594,4,4,0,1,39,0,0,40,77.35
481,40,0,0,1,15.359999611973763,4,4,0,3,37,0,0,40,177.349
481,40,0,1,1,78.84799689054489,4,4,0,3,37,0,0,40,177.349
481,40,0,2,1,9.216000325977802,4,4,0,3,37,0,0,40,177.349
481,40,0,3,1,69.63200122117996,4,4,0,3,37,0,0,40,177.349
482,2,0,0,0,9.216000325977802,4,4,0,2,38,0,0,40,114.1
482,2,0,1,0,74.75200295448303,4,4,0,2,38,0,0,40,114.1
482,2,0,2,0,9.216000325977802,4,4,0,2,38,0,0,40,114.1
482,2,0,3,0,17.40800030529499,4,4,0,2,38,0,0,40,114.1
482,24,0,0,0,8.191999979317188,4,4,0,3,37,0,0,40,145.219
482,24,0,1,0,71.68000191450119,4,4,0,3,37,0,0,40,145.219
482,24,0,2,0,9.216000325977802,4,4,0,3,37,0,0,40,145.219
482,24,0,3,0,52.22399905323982,4,4,0,3,37,0,0,40,145.219
482,40,0,0,1,8.191999979317188,4,4,0,0,40,0,0,40,2.991
482,40,0,1,1,72.7040022611618,4,4,0,0,40,0,0,40,2.991
482,40,0,2,1,9.216000325977802,4,4,0,0,40,0,0,40,2.991
482,40,0,3,1,4.095999989658594,4,4,0,0,40,0,0,40,2.991
483,2,0,0,0,9.216000325977802,4,4,0,1,39,0,0,40,75.379
483,2,0,1,0,67.58400052785873,4,4,0,1,39,0,0,40,75.379
483,2,0,2,0,8.191999979317188,4,4,0,1,39,0,0,40,75.379
483,2,0,3,0,6.144000217318535,4,4,0,1,39,0,0,40,75.379
483,24,0,0,0,8.191999979317188,4,4,0,1,39,0,0,40,68.729
483,24,0,1,0,60.416001826524734,4,4,0,1,39,0,0,40,68.729
483,24,0,2,0,9.216000325977802,4,4,0,1,39,0,0,40,68.729
483,24,0,3,0,4.095999989658594,4,4,0,1,39,0,0,40,68.729
483,40,0,0,1,9.216000325977802,4,4,0,0,40,0,0,40,2.371
483,40,0,1,1,62.463998794555664,4,4,0,0,40,0,0,40,2.371
483,40,0,2,1,8.191999979317188,4,4,0,0,40,0,0,40,2.371
483,40,0,3,1,4.095999989658594,4,4,0,0,40,0,0,40,2.371
484,2,0,0,0,8.191999979317188,4,4,0,2,38,0,0,40,158.28
484,2,0,1,0,77.82399654388428,4,4,0,2,38,0,0,40,158.28
484,2,0,2,0,9.216000325977802,4,4,0,2,38,0,0,40,158.28
484,2,0,3,0,59.39200147986412,4,4,0,2,38,0,0,40,158.28
484,24,0,0,0,8.191999979317188,4,4,0,0,40,0,0,40,3.419
484,24,0,1,0,80.89599758386612,4,4,0,0,40,0,0,40,3.419
484,24,0,2,0,9.216000325977802,4,4,0,0,40,0,0,40,3.419
484,24,0,3,0,4.095999989658594,4,4,0,0,40,0,0,40,3.419
484,40,0,0,1,8.191999979317188,4,4,0,0,40,0,0,40,5.291
484,40,0,1,1,93.18400174379349,4,4,0,0,40,0,0,40,5.291
484,40,0,2,1,9.216000325977802,4,4,0,0,40,0,0,40,5.291
484,40,0,3,1,4.095999989658594,4,4,0,0,40,0,0,40,5.291
485,2,0,0,0,9.216000325977802,4,4,0,4,35,1,0,40,368.149
485,2,0,1,0,71.68000191450119,4,4,0,4,35,1,0,40,368.149
485,2,0,2,0,163.83999586105347,4,4,0,4,35,1,0,40,368.149
485,2,0,3,0,117.76000261306763,4,4,0,4,35,1,0,40,368.149
485,24,0,0,0,8.191999979317188,4,4,0,4,36,0,0,40,150.128
485,24,0,1,0,73.72800260782242,4,4,0,4,36,0,0,40,150.128
485,24,0,2,0,9.216000325977802,4,4,0,4,36,0,0,40,150.128
485,24,0,3,0,55.296000093221664,4,4,0,4,36,0,0,40,150.128
485,40,0,0,1,16.383999958634377,4,4,0,1,39,0,0,40,165.059
485,40,0,1,1,68.60800087451935,4,4,0,1,39,0,0,40,165.059
485,40,0,2,1,9.216000325977802,4,4,0,1,39,0,0,40,165.059
485,40,0,3,1,66.56000018119812,4,4,0,1,39,0,0,40,165.059
486,2,0,0,0,14.336000196635723,4,4,0,0,40,0,0,40,4.53
486,2,0,1,0,66.56000018119812,4,4,0,0,40,0,0,40,4.53
486,2,0,2,0,9.216000325977802,4,4,0,0,40,0,0,40,4.53
486,2,0,3,0,5.119999870657921,4,4,0,0,40,0,0,40,4.53
486,24,0,0,0,8.191999979317188,4,4,0,2,38,0,0,40,131.83
486,24,0,1,0,62.463998794555664,4,4,0,2,38,0,0,40,131.83
486,24,0,2,0,9.216000325977802,4,4,0,2,38,0,0,40,131.83
486,24,0,3,0,48.128001391887665,4,4,0,2,38,0,0,40,131.83
486,40,0,0,1,10.239999741315842,4,4,0,2,38,0,0,40,399.679
486,40,0,1,1,90.11200070381165,4,4,0,2,38,0,0,40,399.679
486,40,0,2,1,9.216000325977802,4,4,0,2,38,0,0,40,399.679
486,40,0,3,1,285.69599986076355,4,4,0,2,38,0,0,40,399.679
487,2,0,0,0,14.336000196635723,4,4,0,0,40,0,0,40,6.99
487,2,0,1,0,83.96799862384796,4,4,0,0,40,0,0,40,6.99
487,2,0,2,0,8.191999979317188,4,4,0,0,40,0,0,40,6.99
487,2,0,3,0,4.095999989658594,4,4,0,0,40,0,0,40,6.99
487,24,0,0,0,9.216000325977802,4,4,0,0,40,0,0,40,2.92
487,24,0,1,0,62.463998794555664,4,4,0,0,40,0,0,40,2.92
487,24,0,2,0,9.216000325977802,4,4,0,0,40,0,0,40,2.92
487,24,0,3,0,4.095999989658594,4,4,0,0,40,0,0,40,2.92
487,40,0,0,1,9.216000325977802,4,4,0,0,40,0,0,40,2.5
487,40,0,1,1,59.39200147986412,4,4,0,0,40,0,0,40,2.5
487,40,0,2,1,8.191999979317188,4,4,0,0,40,0,0,40,2.5
487,40,0,3,1,4.095999989658594,4,4,0,0,40,0,0,40,2.5
488,2,0,0,0,8.191999979317188,4,4,0,1,39,0,0,40,65.76
488,2,0,1,0,83.96799862384796,4,4,0,1,39,0,0,40,65.76
488,2,0,2,0,9.216000325977802,4,4,0,1,39,0,0,40,65.76
488,2,0,3,0,5.119999870657921,4,4,0,1,39,0,0,40,65.76
488,24,0,0,0,9.216000325977802,4,4,0,0,40,0,0,40,5.57
488,24,0,1,0,66.56000018119812,4,4,0,0,40,0,0,40,5.57
488,24,0,2,0,9.216000325977802,4,4,0,0,40,0,0,40,5.57
488,24,0,3,0,4.095999989658594,4,4,0,0,40,0,0,40,5.57
488,40,0,0,1,8.191999979317188,4,4,0,0,40,0,0,40,2.58
488,40,0,1,1,65.5359998345375,4,4,0,0,40,0,0,40,2.58
488,40,0,2,1,9.216000325977802,4,4,0,0,40,0,0,40,2.58
488,40,0,3,1,4.095999989658594,4,4,0,0,40,0,0,40,2.58
489,2,0,0,0,15.359999611973763,4,4,0,3,37,0,0,40,150.749
489,2,0,1,0,70.65600156784058,4,4,0,3,37,0,0,40,150.749
489,2,0,2,0,9.216000325977802,4,4,0,3,37,0,0,40,150.749
489,2,0,3,0,50.175998359918594,4,4,0,3,37,0,0,40,150.749
489,24,0,0,0,8.191999979317188,4,4,0,0,40,0,0,40,3.85
489,24,0,1,0,87.0399996638298,4,4,0,0,40,0,0,40,3.85
489,24,0,2,0,9.216000325977802,4,4,0,0,40,0,0,40,3.85
489,24,0,3,0,4.095999989658594,4,4,0,0,40,0,0,40,3.85
489,40,0,0,1,9.216000325977802,4,4,0,0,40,0,0,40,5.509
489,40,0,1,1,61.43999844789505,4,4,0,0,40,0,0,40,5.509
489,40,0,2,1,9.216000325977802,4,4,0,0,40,0,0,40,5.509
489,40,0,3,1,4.095999989658594,4,4,0,0,40,0,0,40,5.509
490,2,0,0,0,15.359999611973763,4,4,0,3,36,1,0,40,153.65
490,2,0,1,0,79.8719972372055,4,4,0,3,36,1,0,40,153.65
490,2,0,2,0,167.93599724769592,4,4,0,3,36,1,0,40,153.65
490,2,0,3,0,6.144000217318535,4,4,0,3,36,1,0,40,153.65
490,24,0,0,0,10.239999741315842,4,4,0,3,37,0,0,40,153.969
490,24,0,1,0,81.91999793052673,4,4,0,3,37,0,0,40,153.969
490,24,0,2,0,9.216000325977802,4,4,0,3,37,0,0,40,153.969
490,24,0,3,0,49.15200173854828,4,4,0,3,37,0,0,40,153.969
490,40,0,0,1,14.336000196635723,4,4,0,2,38,0,0,40,115.969
490,40,0,1,1,89.08800035715103,4,4,0,2,38,0,0,40,115.969
490,40,0,2,1,9.216000325977802,4,4,0,2,38,0,0,40,115.969
490,40,0,3,1,4.095999989658594,4,4,0,2,38,0,0,40,115.969
491,2,0,0,0,9.216000325977802,4,4,0,1,39,0,0,40,117.77
491,2,0,1,0,80.89599758386612,4,4,0,1,39,0,0,40,117.77
491,2,0,2,0,9.216000325977802,4,4,0,1,39,0,0,40,117.77
491,2,0,3,0,14.336000196635723,4,4,0,1,39,0,0,40,117.77
491,24,0,0,0,9.216000325977802,4,4,0,4,36,0,0,40,89.96
491,24,0,1,0,59.39200147986412,4,4,0,4,36,0,0,40,89.96
491,24,0,2,0,9.216000325977802,4,4,0,4,36,0,0,40,89.96
491,24,0,3,0,12.28800043463707,4,4,0,4,36,0,0,40,89.96
491,40,0,0,1,9.216000325977802,4,4,0,0,40,0,0,40,4.13
491,40,0,1,1,61.43999844789505,4,4,0,0,40,0,0,40,4.13
491,40,0,2,1,9.216000325977802,4,4,0,0,40,0,0,40,4.13
491,40,0,3,1,4.095999989658594,4,4,0,0,40,0,0,40,4.13
492,2,0,0,0,8.191999979317188,4,4,0,1,39,0,0,40,162.35
492,2,0,1,0,82.94399827718735,4,4,0,1,39,0,0,40,162.35
492,2,0,2,0,9.216000325977802,4,4,0,1,39,0,0,40,162.35
492,2,0,3,0,58.36800113320351,4,4,0,1,39,0,0,40,162.35
492,24,0,0,0,8.191999979317188,4,4,0,1,39,0,0,40,80.171
492,24,0,1,0,69.63200122117996,4,4,0,1,39,0,0,40,80.171
492,24,0,2,0,9.216000325977802,4,4,0,1,39,0,0,40,80.171
492,24,0,3,0,4.095999989658594,4,4,0,1,39,0,0,40,80.171
492,40,0,0,1,15.359999611973763,4,4,0,2,38,0,0,40,126.979
492,40,0,1,1,76.80000364780426,4,4,0,2,38,0,0,40,126.979
492,40,0,2,1,9.216000325977802,4,4,0,2,38,0,0,40,126.979
492,40,0,3,1,20.479999482631683,4,4,0,2,38,0,0,40,126.979
493,2,0,0,0,15.359999611973763,4,4,0,1,39,0,0,40,95.62
493,2,0,1,0,72.7040022611618,4,4,0,1,39,0,0,40,95.62
493,2,0,2,0,9.216000325977802,4,4,0,1,39,0,0,40,95.62
493,2,0,3,0,6.144000217318535,4,4,0,1,39,0,0,40,95.62
493,24,0,0,0,9.216000325977802,4,4,0,0,40,0,0,40,4.411
493,24,0,1,0,81.91999793052673,4,4,0,0,40,0,0,40,4.411
493,24,0,2,0,9.216000325977802,4,4,0,0,40,0,0,40,4.411
493,24,0,3,0,4.095999989658594,4,4,0,0,40,0,0,40,4.411
493,40,0,0,1,15.359999611973763,4,4,0,2,38,0,0,40,133.329
493,40,0,1,1,80.89599758386612,4,4,0,2,38,0,0,40,133.329
493,40,0,2,1,9.216000325977802,4,4,0,2,38,0,0,40,133.329
493,40,0,3,1,21.503999829292297,4,4,0,2,38,0,0,40,133.329
494,2,0,0,0,22.52800017595291,4,4,0,2,38,0,0,40,104.959
494,2,0,1,0,79.8719972372055,4,4,0,2,38,0,0,40,104.959
494,2,0,2,0,9.216000325977802,4,4,0,2,38,0,0,40,104.959
494,2,0,3,0,5.119999870657921,4,4,0,2,38,0,0,40,104.959
494,24,0,0,0,10.239999741315842,4,4,0,3,36,1,0,40,164.71
494,24,0,1,0,74.75200295448303,4,4,0,3,36,1,0,40,164.71
494,24,0,2,0,167.93599724769592,4,4,0,3,36,1,0,40,164.71
494,24,0,3,0,5.119999870657921,4,4,0,3,36,1,0,40,164.71
494,40,0,0,1,8.191999979317188,4,4,0,2,38,0,0,40,120.55
494,40,0,1,1,95.23200243711472,4,4,0,2,38,0,0,40,120.55
494,40,0,2,1,9.216000325977802,4,4,0,2,38,0,0,40,120.55
494,40,0,3,1,4.095999989658594,4,4,0,2,38,0,0,40,120.55
495,2,0,0,0,8.191999979317188,4,4,0,2,38,0,0,40,105.519
495,2,0,1,0,82.94399827718735,4,4,0,2,38,0,0,40,105.519
495,2,0,2,0,9.216000325977802,4,4,0,2,38,0,0,40,105.519
495,2,0,3,0,4.095999989658594,4,4,0,2,38,0,0,40,105.519
495,24,0,0,0,8.191999979317188,4,4,0,2,38,0,0,40,101.579
495,24,0,1,0,72.7040022611618,4,4,0,2,38,0,0,40,101.579
495,24,0,2,0,9.216000325977802,4,4,0,2,38,0,0,40,101.579
495,24,0,3,0,7.168000098317862,4,4,0,2,38,0,0,40,101.579
495,40,0,0,1,16.383999958634377,4,4,0,2,38,0,0,40,123.739
495,40,0,1,1,86.01599931716919,4,4,0,2,38,0,0,40,123.739
495,40,0,2,1,10.239999741315842,4,4,0,2,38,0,0,40,123.739
495,40,0,3,1,6.144000217318535,4,4,0,2,38,0,0,40,123.739
496,2,0,0,0,15.359999611973763,4,4,0,1,39,0,0,40,162.809
496,2,0,1,0,69.63200122117996,4,4,0,1,39,0,0,40,162.809
496,2,0,2,0,9.216000325977802,4,4,0,1,39,0,0,40,162.809
496,2,0,3,0,63.48799914121628,4,4,0,1,39,0,0,40,162.809
496,24,0,0,0,8.191999979317188,4,4,0,0,40,0,0,40,2.31
496,24,0,1,0,59.39200147986412,4,4,0,0,40,0,0,40,2.31
496,24,0,2,0,9.216000325977802,4,4,0,0,40,0,0,40,2.31
496,24,0,3,0,4.095999989658594,4,4,0,0,40,0,0,40,2.31
496,40,0,0,1,14.336000196635723,4,4,0,0,40,0,0,40,2.14
496,40,0,1,1,53.247999399900436,4,4,0,0,40,0,0,40,2.14
496,40,0,2,1,9.216000325977802,4,4,0,0,40,0,0,40,2.14
496,40,0,3,1,4.095999989658594,4,4,0,0,40,0,0,40,2.14
497,2,0,0,0,14.336000196635723,4,4,0,0,40,0,0,40,3.23
497,2,0,1,0,84.99199897050858,4,4,0,0,40,0,0,40,3.23
497,2,0,2,0,8.191999979317188,4,4,0,0,40,0,0,40,3.23
497,2,0,3,0,5.119999870657921,4,4,0,0,40,0,0,40,3.23
497,24,0,0,0,8.191999979317188,4,4,0,4,35,1,0,40,218.93
497,24,0,1,0,73.72800260782242,4,4,0,4,35,1,0,40,218.93
497,24,0,2,0,168.96000504493713,4,4,0,4,35,1,0,40,218.93
497,24,0,3,0,4.095999989658594,4,4,0,4,35,1,0,40,218.93
497,40,0,0,1,9.216000325977802,4,4,0,1,39,0,0,40,73.33
497,40,0,1,1,76.80000364780426,4,4,0,1,39,0,0,40,73.33
497,40,0,2,1,9.216000325977802,4,4,0,1,39,0,0,40,73.33
497,40,0,3,1,4.095999989658594,4,4,0,1,39,0,0,40,73.33
498,2,0,0,0,14.336000196635723,4,4,0,0,40,0,0,40,3.05
498,2,0,1,0,67.58400052785873,4,4,0,0,40,0,0,40,3.05
498,2,0,2,0,9.216000325977802,4,4,0,0,40,0,0,40,3.05
498,2,0,3,0,5.119999870657921,4,4,0,0,40,0,0,40,3.05
498,24,0,0,0,8.191999979317188,4,4,0,1,39,0,0,40,90.729
498,24,0,1,0,82.94399827718735,4,4,0,1,39,0,0,40,90.729
498,24,0,2,0,9.216000325977802,4,4,0,1,39,0,0,40,90.729
498,24,0,3,0,4.095999989658594,4,4,0,1,39,0,0,40,90.729
498,40,0,0,1,9.216000325977802,4,4,0,0,40,0,0,40,3.249
498,40,0,1,1,79.8719972372055,4,4,0,0,40,0,0,40,3.249
498,40,0,2,1,9.216000325977802,4,4,0,0,40,0,0,40,3.249
498,40,0,3,1,4.095999989658594,4,4,0,0,40,0,0,40,3.249
499,2,0,0,0,16.383999958634377,4,4,0,1,39,0,0,40,72.351
499,2,0,1,0,64.51199948787689,4,4,0,1,39,0,0,40,72.351
499,2,0,2,0,9.216000325977802,4,4,0,1,39,0,0,40,72.351
499,2,0,3,0,7.168000098317862,4,4,0,1,39,0,0,40,72.351
499,24,0,0,0,8.191999979317188,4,4,0,0,40,0,0,40,3.49
499,24,0,1,0,67.58400052785873,4,4,0,0,40,0,0,40,3.49
499,24,0,2,0,9.216000325977802,4,4,0,0,40,0,0,40,3.49
499,24,0,3,0,4.095999989658594,4,4,0,0,40,0,0,40,3.49
499,40,0,0,1,15.359999611973763,4,4,0,1,39,0,0,40,81.46
499,40,0,1,1,96.25600278377533,4,4,0,1,39,0,0,40,81.46
499,40,0,2,1,9.216000325977802,4,4,0,1,39,0,0,40,81.46
499,40,0,3,1,4.095999989658594,4,4,0,1,39,0,0,40,81.46
500,2,0,0,0,13.311999849975109,4,4,0,0,40,0,0,40,3.96
500,2,0,1,0,76.80000364780426,4,4,0,0,40,0,0,40,3.96
500,2,0,2,0,8.191999979317188,4,4,0,0,40,0,0,40,3.96
500,2,0,3,0,4.095999989658594,4,4,0,0,40,0,0,40,3.96
500,24,0,0,0,9.216000325977802,4,4,0,0,40,0,0,40,2.89
500,24,0,1,0,78.84799689054489,4,4,0,0,40,0,0,40,2.89
500,24,0,2,0,9.216000325977802,4,4,0,0,40,0,0,40,2.89
500,24,0,3,0,4.095999989658594,4,4,0,0,40,0,0,40,2.89
500,40,0,0,1,15.359999611973763,4,4,0,1,39,0,0,40,162.169
500,40,0,1,1,68.60800087451935,4,4,0,1,39,0,0,40,162.169
500,40,0,2,1,8.191999979317188,4,4,0,1,39,0,0,40,162.169
500,40,0,3,1,64.51199948787689,4,4,0,1,39,0,0,40,162.169
501,2,0,0,0,14.336000196635723,4,4,0,0,40,0,0,40,3.76
501,2,0,1,0,79.8719972372055,4,4,0,0,40,0,0,40,3.76
501,2,0,2,0,9.216000325977802,4,4,0,0,40,0,0,40,3.76
501,2,0,3,0,4.095999989658594,4,4,0,0,40,0,0,40,3.76
501,24,0,0,0,8.191999979317188,4,4,0,0,40,0,0,40,5.591
501,24,0,1,0,89.08800035715103,4,4,0,0,40,0,0,40,5.591
501,24,0,2,0,9.216000325977802,4,4,0,0,40,0,0,40,5.591
501,24,0,3,0,3.0720001086592674,4,4,0,0,40,0,0,40,5.591
501,40,0,0,1,9.216000325977802,4,4,0,0,40,0,0,40,5.991
501,40,0,1,1,102.39999741315842,4,4,0,0,40,0,0,40,5.991
501,40,0,2,1,9.216000325977802,4,4,0,0,40,0,0,40,5.991
501,40,0,3,1,4.095999989658594,4,4,0,0,40,0,0,40,5.991
502,2,0,0,0,15.359999611973763,4,4,0,1,39,0,0,40,87.38
502,2,0,1,0,68.60800087451935,4,4,0,1,39,0,0,40,87.38
502,2,0,2,0,9.216000325977802,4,4,0,1,39,0,0,40,87.38
502,2,0,3,0,5.119999870657921,4,4,0,1,39,0,0,40,87.38
502,24,0,0,0,8.191999979317188,4,4,0,0,40,0,0,40,5.81
502,24,0,1,0,83.96799862384796,4,4,0,0,40,0,0,40,5.81
502,24,0,2,0,9.216000325977802,4,4,0,0,40,0,0,40,5.81
502,24,0,3,0,4.095999989658594,4,4,0,0,40,0,0,40,5.81
502,40,0,0,1,9.216000325977802,4,4,0,0,40,0,0,40,3.04
502,40,0,1,1,98.30400347709656,4,4,0,0,40,0,0,40,3.04
502,40,0,2,1,9.216000325977802,4,4,0,0,40,0,0,40,3.04
502,40,0,3,1,4.095999989658594,4,4,0,0,40,0,0,40,3.04
503,2,0,0,0,14.336000196635723,4,4,0,2,38,0,0,40,297.568
503,2,0,1,0,78.84799689054489,4,4,0,2,38,0,0,40,297.568
503,2,0,2,0,9.216000325977802,4,4,0,2,38,0,0,40,297.568
503,2,0,3,0,191.48799777030945,4,4,0,2,38,0,0,40,297.568
503,24,0,0,0,9.216000325977802,4,4,0,0,40,0,0,40,5.84
503,24,0,1,0,86.01599931716919,4,4,0,0,40,0,0,40,5.84
503,24,0,2,0,9.216000325977802,4,4,0,0,40,0,0,40,5.84
503,24,0,3,0,3.0720001086592674,4,4,0,0,40,0,0,40,5.84
503,40,0,0,1,15.359999611973763,4,4,0,1,39,0,0,40,86.46
503,40,0,1,1,86.01599931716919,4,4,0,1,39,0,0,40,86.46
503,40,0,2,1,9.216000325977802,4,4,0,1,39,0,0,40,86.46
503,40,0,3,1,4.095999989658594,4,4,0,1,39,0,0,40,86.46
504,2,0,0,0,14.336000196635723,4,4,0,0,40,0,0,40,3.389
504,2,0,1,0,73.72800260782242,4,4,0,0,40,0,0,40,3.389
504,2,0,2,0,9.216000325977802,4,4,0,0,40,0,0,40,3.389
504,2,0,3,0,5.119999870657921,4,4,0,0,40,0,0,40,3.389
504,24,0,0,0,9.216000325977802,4,4,0,1,39,0,0,40,74.6
504,24,0,1,0,87.0399996638298,4,4,0,1,39,0,0,40,74.6
504,24,0,2,0,9.216000325977802,4,4,0,1,39,0,0,40,74.6
504,24,0,3,0,4.095999989658594,4,4,0,1,39,0,0,40,74.6
504,40,0,0,1,9.216000325977802,4,4,0,1,39,0,0,40,294.39
504,40,0,1,1,95.23200243711472,4,4,0,1,39,0,0,40,294.39
504,40,0,2,1,9.216000325977802,4,4,0,1,39,0,0,40,294.39
504,40,0,3,1,178.17600071430206,4,4,0,1,39,0,0,40,294.39
505,2,0,0,0,15.359999611973763,4,4,0,0,40,0,0,40,5.909
505,2,0,1,0,73.72800260782242,4,4,0,0,40,0,0,40,5.909
505,2,0,2,0,9.216000325977802,4,4,0,0,40,0,0,40,5.909
505,2,0,3,0,7.168000098317862,4,4,0,0,40,0,0,40,5.909
505,24,0,0,0,8.191999979317188,4,4,0,0,40,0,0,40,6.14
505,24,0,1,0,92.16000139713287,4,4,0,0,40,0,0,40,6.14
505,24,0,2,0,9.216000325977802,4,4,0,0,40,0,0,40,6.14
505,24,0,3,0,4.095999989658594,4,4,0,0,40,0,0,40,6.14
505,40,0,0,1,9.216000325977802,4,4,0,2,38,0,0,40,193.808
505,40,0,1,1,96.25600278377533,4,4,0,2,38,0,0,40,193.808
505,40,0,2,1,8.191999979317188,4,4,0,2,38,0,0,40,193.808
505,40,0,3,1,75.77600330114365,4,4,0,2,38,0,0,40,193.808
506,2,0,0,0,14.336000196635723,4,4,0,0,40,0,0,40,4.26
506,2,0,1,0,77.82399654388428,4,4,0,0,40,0,0,40,4.26
506,2,0,2,0,9.216000325977802,4,4,0,0,40,0,0,40,4.26
506,2,0,3,0,4.095999989658594,4,4,0,0,40,0,0,40,4.26
506,24,0,0,0,8.191999979317188,4,4,0,0,40,0,0,40,5.82
506,24,0,1,0,81.91999793052673,4,4,0,0,40,0,0,40,5.82
506,24,0,2,0,8.191999979317188,4,4,0,0,40,0,0,40,5.82
506,24,0,3,0,4.095999989658594,4,4,0,0,40,0,0,40,5.82
506,40,0,0,1,9.216000325977802,4,4,0,0,40,0,0,40,2.589
506,40,0,1,1,81.91999793052673,4,4,0,0,40,0,0,40,2.589
506,40,0,2,1,8.191999979317188,4,4,0,0,40,0,0,40,2.589
506,40,0,3,1,4.095999989658594,4,4,0,0,40,0,0,40,2.589
507,2,0,0,0,14.336000196635723,4,4,0,0,40,0,0,40,6.5
507,2,0,1,0,86.01599931716919,4,4,0,0,40,0,0,40,6.5
507,2,0,2,0,9.216000325977802,4,4,0,0,40,0,0,40,6.5
507,2,0,3,0,4.095999989658594,4,4,0,0,40,0,0,40,6.5
507,24,0,0,0,8.191999979317188,4,4,0,1,39,0,0,40,70.8
507,24,0,1,0,72.7040022611618,4,4,0,1,39,0,0,40,70.8
507,24,0,2,0,8.191999979317188,4,4,0,1,39,0,0,40,70.8
507,24,0,3,0,4.095999989658594,4,4,0,1,39,0,0,40,70.8
507,40,0,0,1,40.95999896526337,4,4,0,0,40,0,0,40,6.62
507,40,0,1,1,76.80000364780426,4,4,0,0,40,0,0,40,6.62
507,40,0,2,1,9.216000325977802,4,4,0,0,40,0,0,40,6.62
507,40,0,3,1,4.095999989658594,4,4,0,0,40,0,0,40,6.62
508,2,0,0,0,9.216000325977802,4,4,0,1,39,0,0,40,90.24
508,2,0,1,0,78.84799689054489,4,4,0,1,39,0,0,40,90.24
508,2,0,2,0,8.191999979317188,4,4,0,1,39,0,0,40,90.24
508,2,0,3,0,7.168000098317862,4,4,0,1,39,0,0,40,90.24
508,24,0,0,0,8.191999979317188,4,4,0,0,40,0,0,40,4.84
508,24,0,1,0,71.68000191450119,4,4,0,0,40,0,0,40,4.84
508,24,0,2,0,8.191999979317188,4,4,0,0,40,0,0,40,4.84
508,24,0,3,0,4.095999989658594,4,4,0,0,40,0,0,40,4.84
508,40,0,0,1,10.239999741315842,4,4,0,0,40,0,0,40,3.26
508,40,0,1,1,91.13600105047226,4,4,0,0,40,0,0,40,3.26
508,40,0,2,1,9.216000325977802,4,4,0,0,40,0,0,40,3.26
508,40,0,3,1,5.119999870657921,4,4,0,0,40,0,0,40,3.26
509,2,0,0,0,14.336000196635723,4,4,0,0,40,0,0,40,3.5
509,2,0,1,0,72.7040022611618,4,4,0,0,40,0,0,40,3.5
509,2,0,2,0,9.216000325977802,4,4,0,0,40,0,0,40,3.5
509,2,0,3,0,4.095999989658594,4,4,0,0,40,0,0,40,3.5
509,24,0,0,0,8.191999979317188,4,4,0,0,40,0,0,40,2.509
509,24,0,1,0,61.43999844789505,4,4,0,0,40,0,0,40,2.509
509,24,0,2,0,9.216000325977802,4,4,0,0,40,0,0,40,2.509
509,24,0,3,0,4.095999989658594,4,4,0,0,40,0,0,40,2.509
509,40,0,0,1,9.216000325977802,4,4,0,0,40,0,0,40,4.979
509,40,0,1,1,81.91999793052673,4,4,0,0,40,0,0,40,4.979
509,40,0,2,1,9.216000325977802,4,4,0,0,40,0,0,40,4.979
509,40,0,3,1,4.095999989658594,4,4,0,0,40,0,0,40,4.979
510,2,0,0,0,15.359999611973763,4,4,0,0,40,0,0,40,3.509
510,2,0,1,0,82.94399827718735,4,4,0,0,40,0,0,40,3.509
510,2,0,2,0,9.216000325977802,4,4,0,0,40,0,0,40,3.509
510,2,0,3,0,5.119999870657921,4,4,0,0,40,0,0,40,3.509
510,24,0,0,0,8.191999979317188,4,4,0,0,40,0,0,40,2.46
510,24,0,1,0,58.36800113320351,4,4,0,0,40,0,0,40,2.46
510,24,0,2,0,9.216000325977802,4,4,0,0,40,0,0,40,2.46
510,24,0,3,0,4.095999989658594,4,4,0,0,40,0,0,40,2.46
510,40,0,0,1,9.216000325977802,4,4,0,0,40,0,0,40,2.84
510,40,0,1,1,54.27199974656105,4,4,0,0,40,0,0,40,2.84
510,40,0,2,1,9.216000325977802,4,4,0,0,40,0,0,40,2.84
510,40,0,3,1,4.095999989658594,4,4,0,0,40,0,0,40,2.84
511,2,0,0,0,9.216000325977802,4,4,0,0,40,0,0,40,5.61
511,2,0,1,0,81.91999793052673,4,4,0,0,40,0,0,40,5.61
511,2,0,2,0,9.216000325977802,4,4,0,0,40,0,0,40,5.61
511,2,0,3,0,4.095999989658594,4,4,0,0,40,0,0,40,5.61
511,24,0,0,0,8.191999979317188,4,4,0,0,40,0,0,40,2.39
511,24,0,1,0,60.416001826524734,4,4,0,0,40,0,0,40,2.39
511,24,0,2,0,9.216000325977802,4,4,0,0,40,0,0,40,2.39
511,24,0,3,0,4.095999989658594,4,4,0,0,40,0,0,40,2.39
511,40,0,0,1,9.216000325977802,4,4,0,0,40,0,0,40,2.051
511,40,0,1,1,53.247999399900436,4,4,0,0,40,0,0,40,2.051
511,40,0,2,1,9.216000325977802,4,4,0,0,40,0,0,40,2.051
511,40,0,3,1,4.095999989658594,4,4,0,0,40,0,0,40,2.051
512,2,0,0,0,350.20801424980164,2,2,0,0,20,0,0,20,3.58
512,2,0,1,0,44.03200000524521,2,2,0,0,20,0,0,20,3.58
512,2,0,2,0,9.216000325977802,2,2,0,0,20,0,0,20,3.58
512,2,0,3,0,5.119999870657921,2,2,0,0,20,0,0,20,3.58
512,24,0,0,0,15.359999611973763,2,2,0,0,20,0,0,20,3.22
512,24,0,1,0,43.007999658584595,2,2,0,0,20,0,0,20,3.22
512,24,0,2,0,8.191999979317188,2,2,0,0,20,0,0,20,3.22
512,24,0,3,0,4.095999989658594,2,2,0,0,20,0,0,20,3.22
512,40,0,0,1,11.264000087976456,2,2,0,0,20,0,0,20,1.15
512,40,0,1,1,44.03200000524521,2,2,0,0,20,0,0,20,1.15
512,40,0,2,1,9.216000325977802,2,2,0,0,20,0,0,20,1.15
512,40,0,3,1,4.095999989658594,2,2,0,0,20,0,0,20,1.15
513,2,0,0,0,9.216000325977802,4,4,0,2,38,0,0,40,119.639
513,2,0,1,0,89.08800035715103,4,4,0,2,38,0,0,40,119.639
513,2,0,2,0,9.216000325977802,4,4,0,2,38,0,0,40,119.639
513,2,0,3,0,9.216000325977802,4,4,0,2,38,0,0,40,119.639
513,24,0,0,0,8.191999979317188,4,4,0,0,40,0,0,40,3.171
513,24,0,1,0,68.60800087451935,4,4,0,0,40,0,0,40,3.171
513,24,0,2,0,9.216000325977802,4,4,0,0,40,0,0,40,3.171
513,24,0,3,0,4.095999989658594,4,4,0,0,40,0,0,40,3.171
513,40,0,0,1,10.239999741315842,4,4,0,0,40,0,0,40,2.709
513,40,0,1,1,68.60800087451935,4,4,0,0,40,0,0,40,2.709
513,40,0,2,1,9.216000325977802,4,4,0,0,40,0,0,40,2.709
513,40,0,3,1,4.095999989658594,4,4,0,0,40,0,0,40,2.709
514,2,0,0,0,14.336000196635723,4,4,0,0,40,0,0,40,5.551
514,2,0,1,0,72.7040022611618,4,4,0,0,40,0,0,40,5.551
514,2,0,2,0,8.191999979317188,4,4,0,0,40,0,0,40,5.551
514,2,0,3,0,4.095999989658594,4,4,0,0,40,0,0,40,5.551
514,24,0,0,0,8.191999979317188,4,4,0,0,40,0,0,40,3.16
514,24,0,1,0,62.463998794555664,4,4,0,0,40,0,0,40,3.16
514,24,0,2,0,9.216000325977802,4,4,0,0,40,0,0,40,3.16
514,24,0,3,0,4.095999989658594,4,4,0,0,40,0,0,40,3.16
514,40,0,0,1,8.191999979317188,4,4,0,0,40,0,0,40,2.67
514,40,0,1,1,62.463998794555664,4,4,0,0,40,0,0,40,2.67
514,40,0,2,1,8.191999979317188,4,4,0,0,40,0,0,40,2.67
514,40,0,3,1,4.095999989658594,4,4,0,0,40,0,0,40,2.67
515,2,0,0,0,9.216000325977802,4,4,0,2,38,0,0,40,153.04
515,2,0,1,0,89.08800035715103,4,4,0,2,38,0,0,40,153.04
515,2,0,2,0,9.216000325977802,4,4,0,2,38,0,0,40,153.04
515,2,0,3,0,41.98399931192398,4,4,0,2,38,0,0,40,153.04
515,24,0,0,0,235.52000522613525,4,4,0,0,40,0,0,40,3.05
515,24,0,1,0,60.416001826524734,4,4,0,0,40,0,0,40,3.05
515,24,0,2,0,8.191999979317188,4,4,0,0,40,0,0,40,3.05
515,24,0,3,0,4.095999989658594,4,4,0,0,40,0,0,40,3.05
515,40,0,0,1,9.216000325977802,4,4,0,0,40,0,0,40,2.32
515,40,0,1,1,60.416001826524734,4,4,0,0,40,0,0,40,2.32
515,40,0,2,1,9.216000325977802,4,4,0,0,40,0,0,40,2.32
515,40,0,3,1,3.0720001086592674,4,4,0,0,40,0,0,40,2.32
516,2,0,0,0,15.359999611973763,3,3,0,0,30,0,0,30,2.34
516,2,0,1,0,69.63200122117996,3,3,0,0,30,0,0,30,2.34
516,2,0,2,0,8.191999979317188,3,3,0,0,30,0,0,30,2.34
516,2,0,3,0,5.119999870657921,3,3,0,0,30,0,0,30,2.34
516,24,0,0,0,9.216000325977802,3,3,0,0,30,0,0,30,1.54
516,24,0,1,0,53.247999399900436,3,3,0,0,30,0,0,30,1.54
516,24,0,2,0,9.216000325977802,3,3,0,0,30,0,0,30,1.54
516,24,0,3,0,4.095999989658594,3,3,0,0,30,0,0,30,1.54
516,40,0,0,1,8.191999979317188,3,3,0,0,30,0,0,30,1.4
516,40,0,1,1,51.19999870657921,3,3,0,0,30,0,0,30,1.4
516,40,0,2,1,9.216000325977802,3,3,0,0,30,0,0,30,1.4
516,40,0,3,1,4.095999989658594,3,3,0,0,30,0,0,30,1.4
517,2,0,0,0,9.216000325977802,1,1,0,0,10,0,0,10,0.79
517,2,0,1,0,31.74399957060814,1,1,0,0,10,0,0,10,0.79
517,2,0,2,0,9.216000325977802,1,1,0,0,10,0,0,10,0.79
517,2,0,3,0,4.095999989658594,1,1,0,0,10,0,0,10,0.79
517,24,0,0,0,9.216000325977802,1,1,0,0,10,0,0,10,0.58
517,24,0,1,0,31.74399957060814,1,1,0,0,10,0,0,10,0.58
517,24,0,2,0,8.191999979317188,1,1,0,0,10,0,0,10,0.58
517,24,0,3,0,4.095999989658594,1,1,0,0,10,0,0,10,0.58
517,40,0,0,1,8.191999979317188,1,1,0,0,10,0,0,10,0.58
517,40,0,1,1,35.840000957250595,1,1,0,0,10,0,0,10,0.58
517,40,0,2,1,9.216000325977802,1,1,0,0,10,0,0,10,0.58
517,40,0,3,1,4.095999989658594,1,1,0,0,10,0,0,10,0.58
518,2,0,0,0,17.40800030529499,4,4,0,3,37,0,0,40,155.33
518,2,0,1,0,80.89599758386612,4,4,0,3,37,0,0,40,155.33
518,2,0,2,0,9.216000325977802,4,4,0,3,37,0,0,40,155.33
518,2,0,3,0,44.03200000524521,4,4,0,3,37,0,0,40,155.33
518,24,0,0,0,8.191999979317188,4,4,0,0,40,0,0,40,4.76
518,24,0,1,0,71.68000191450119,4,4,0,0,40,0,0,40,4.76
518,24,0,2,0,9.216000325977802,4,4,0,0,40,0,0,40,4.76
518,24,0,3,0,4.095999989658594,4,4,0,0,40,0,0,40,4.76
518,40,0,0,1,8.191999979317188,4,4,0,0,40,0,0,40,2.56
518,40,0,1,1,76.80000364780426,4,4,0,0,40,0,0,40,2.56
518,40,0,2,1,8.191999979317188,4,4,0,0,40,0,0,40,2.56
518,40,0,3,1,3.0720001086592674,4,4,0,0,40,0,0,40,2.56
519,2,0,0,0,8.191999979317188,4,4,0,1,39,0,0,40,3292.827
519,2,0,1,0,91.13600105047226,4,4,0,1,39,0,0,40,3292.827
519,2,0,2,0,9.216000325977802,4,4,0,1,39,0,0,40,3292.827
519,2,0,3,0,3186.68794631958,4,4,0,1,39,0,0,40,3292.827
519,24,0,0,0,8.191999979317188,4,4,0,0,40,0,0,40,1.82
519,24,0,1,0,61.43999844789505,4,4,0,0,40,0,0,40,1.82
519,24,0,2,0,9.216000325977802,4,4,0,0,40,0,0,40,1.82
519,24,0,3,0,4.095999989658594,4,4,0,0,40,0,0,40,1.82
519,40,0,0,1,8.191999979317188,4,4,0,0,40,0,0,40,1.85
519,40,0,1,1,67.58400052785873,4,4,0,0,40,0,0,40,1.85
519,40,0,2,1,9.216000325977802,4,4,0,0,40,0,0,40,1.85
519,40,0,3,1,4.095999989658594,4,4,0,0,40,0,0,40,1.85
520,2,0,0,0,15.359999611973763,3,3,0,0,30,0,0,30,1.32
520,2,0,1,0,59.39200147986412,3,3,0,0,30,0,0,30,1.32
520,2,0,2,0,9.216000325977802,3,3,0,0,30,0,0,30,1.32
520,2,0,3,0,5.119999870657921,3,3,0,0,30,0,0,30,1.32
520,24,0,0,0,9.216000325977802,3,3,0,0,30,0,0,30,2.52
520,24,0,1,0,58.36800113320351,3,3,0,0,30,0,0,30,2.52
520,24,0,2,0,8.191999979317188,3,3,0,0,30,0,0,30,2.52
520,24,0,3,0,4.095999989658594,3,3,0,0,30,0,0,30,2.52
520,40,0,0,1,9.216000325977802,3,3,0,0,30,0,0,30,1.4
520,40,0,1,1,57.34400078654289,3,3,0,0,30,0,0,30,1.4
520,40,0,2,1,9.216000325977802,3,3,0,0,30,0,0,30,1.4
520,40,0,3,1,4.095999989658594,3,3,0,0,30,0,0,30,1.4
521,2,0,0,0,9.216000325977802,3,3,0,0,30,0,0,30,1.609
521,2,0,1,0,67.58400052785873,3,3,0,0,30,0,0,30,1.609
521,2,0,2,0,9.216000325977802,3,3,0,0,30,0,0,30,1.609
521,2,0,3,0,8.191999979317188,3,3,0,0,30,0,0,30,1.609
521,24,0,0,0,9.216000325977802,3,3,0,0,30,0,0,30,1.56
521,24,0,1,0,54.27199974656105,3,3,0,0,30,0,0,30,1.56
521,24,0,2,0,9.216000325977802,3,3,0,0,30,0,0,30,1.56
521,24,0,3,0,4.095999989658594,3,3,0,0,30,0,0,30,1.56
521,40,0,0,1,9.216000325977802,3,3,0,0,30,0,0,30,1.1
521,40,0,1,1,59.39200147986412,3,3,0,0,30,0,0,30,1.1
521,40,0,2,1,9.216000325977802,3,3,0,0,30,0,0,30,1.1
521,40,0,3,1,4.095999989658594,3,3,0,0,30,0,0,30,1.1
522,2,0,0,0,10.239999741315842,2,2,0,0,20,0,0,20,0.76
522,2,0,1,0,53.247999399900436,2,2,0,0,20,0,0,20,0.76
522,2,0,2,0,9.216000325977802,2,2,0,0,20,0,0,20,0.76
522,2,0,3,0,6.144000217318535,2,2,0,0,20,0,0,20,0.76
522,24,0,0,0,9.216000325977802,2,2,0,0,20,0,0,20,0.8
522,24,0,1,0,43.007999658584595,2,2,0,0,20,0,0,20,0.8
522,24,0,2,0,9.216000325977802,2,2,0,0,20,0,0,20,0.8
522,24,0,3,0,4.095999989658594,2,2,0,0,20,0,0,20,0.8
522,40,0,0,1,9.216000325977802,2,2,0,0,20,0,0,20,0.8
522,40,0,1,1,46.08000069856644,2,2,0,0,20,0,0,20,0.8
522,40,0,2,1,9.216000325977802,2,2,0,0,20,0,0,20,0.8
522,40,0,3,1,4.095999989658594,2,2,0,0,20,0,0,20,0.8
523,2,0,0,0,15.359999611973763,4,4,0,0,40,0,0,40,3.231
523,2,0,1,0,84.99199897050858,4,4,0,0,40,0,0,40,3.231
523,2,0,2,0,9.216000325977802,4,4,0,0,40,0,0,40,3.231
523,2,0,3,0,4.095999989658594,4,4,0,0,40,0,0,40,3.231
523,24,0,0,0,8.191999979317188,4,4,0,0,40,0,0,40,1.33
523,24,0,1,0,79.8719972372055,4,4,0,0,40,0,0,40,1.33
523,24,0,2,0,9.216000325977802,4,4,0,0,40,0,0,40,1.33
523,24,0,3,0,4.095999989658594,4,4,0,0,40,0,0,40,1.33
523,40,0,0,1,9.216000325977802,4,4,0,0,40,0,0,40,3.651
523,40,0,1,1,72.7040022611618,4,4,0,0,40,0,0,40,3.651
523,40,0,2,1,9.216000325977802,4,4,0,0,40,0,0,40,3.651
523,40,0,3,1,3.0720001086592674,4,4,0,0,40,0,0,40,3.651
524,2,0,0,0,105.47199845314026,1,1,0,0,10,0,0,10,0.56
524,2,0,1,0,31.74399957060814,1,1,0,0,10,0,0,10,0.56
524,2,0,2,0,8.191999979317188,1,1,0,0,10,0,0,10,0.56
524,2,0,3,0,6.144000217318535,1,1,0,0,10,0,0,10,0.56
524,24,0,0,0,9.216000325977802,1,1,0,0,10,0,0,10,0.77
524,24,0,1,0,31.74399957060814,1,1,0,0,10,0,0,10,0.77
524,24,0,2,0,9.216000325977802,1,1,0,0,10,0,0,10,0.77
524,24,0,3,0,4.095999989658594,1,1,0,0,10,0,0,10,0.77
524,40,0,0,1,8.191999979317188,1,1,0,0,10,0,0,10,0.45
524,40,0,1,1,34.81600061058998,1,1,0,0,10,0,0,10,0.45
524,40,0,2,1,9.216000325977802,1,1,0,0,10,0,0,10,0.45
524,40,0,3,1,4.095999989658594,1,1,0,0,10,0,0,10,0.45
525,2,0,0,0,14.336000196635723,4,4,0,0,40,0,0,40,2.051
525,2,0,1,0,77.82399654388428,4,4,0,0,40,0,0,40,2.051
525,2,0,2,0,8.191999979317188,4,4,0,0,40,0,0,40,2.051
525,2,0,3,0,5.119999870657921,4,4,0,0,40,0,0,40,2.051
525,24,0,0,0,9.216000325977802,4,4,0,0,40,0,0,40,1.76
525,24,0,1,0,72.7040022611618,4,4,0,0,40,0,0,40,1.76
525,24,0,2,0,8.191999979317188,4,4,0,0,40,0,0,40,1.76
525,24,0,3,0,4.095999989658594,4,4,0,0,40,0,0,40,1.76
525,40,0,0,1,9.216000325977802,4,4,0,0,40,0,0,40,1.6
525,40,0,1,1,64.51199948787689,4,4,0,0,40,0,0,40,1.6
525,40,0,2,1,9.216000325977802,4,4,0,0,40,0,0,40,1.6
525,40,0,3,1,4.095999989658594,4,4,0,0,40,0,0,40,1.6
526,2,0,0,0,11.264000087976456,1,1,0,1,9,0,0,10,56.83
526,2,0,1,0,31.74399957060814,1,1,0,1,9,0,0,10,56.83
526,2,0,2,0,10.239999741315842,1,1,0,1,9,0,0,10,56.83
526,2,0,3,0,5.119999870657921,1,1,0,1,9,0,0,10,56.83
526,24,0,0,0,8.191999979317188,1,1,0,0,10,0,0,10,1.36
526,24,0,1,0,31.74399957060814,1,1,0,0,10,0,0,10,1.36
526,24,0,2,0,8.191999979317188,1,1,0,0,10,0,0,10,1.36
526,24,0,3,0,4.095999989658594,1,1,0,0,10,0,0,10,1.36
526,40,0,0,1,8.191999979317188,1,1,0,0,10,0,0,10,0.929
526,40,0,1,1,34.81600061058998,1,1,0,0,10,0,0,10,0.929
526,40,0,2,1,8.191999979317188,1,1,0,0,10,0,0,10,0.929
526,40,0,3,1,5.119999870657921,1,1,0,0,10,0,0,10,0.929
527,2,0,0,0,15.359999611973763,4,4,0,1,39,0,0,40,61.95
527,2,0,1,0,78.84799689054489,4,4,0,1,39,0,0,40,61.95
527,2,0,2,0,8.191999979317188,4,4,0,1,39,0,0,40,61.95
527,2,0,3,0,4.095999989658594,4,4,0,1,39,0,0,40,61.95
527,24,0,0,0,9.216000325977802,4,4,0,0,40,0,0,40,5.369
527,24,0,1,0,74.75200295448303,4,4,0,0,40,0,0,40,5.369
527,24,0,2,0,9.216000325977802,4,4,0,0,40,0,0,40,5.369
527,24,0,3,0,4.095999989658594,4,4,0,0,40,0,0,40,5.369
527,40,0,0,1,9.216000325977802,4,4,0,0,40,0,0,40,3.249
527,40,0,1,1,65.5359998345375,4,4,0,0,40,0,0,40,3.249
527,40,0,2,1,9.216000325977802,4,4,0,0,40,0,0,40,3.249
527,40,0,3,1,4.095999989658594,4,4,0,0,40,0,0,40,3.249
528,2,0,0,0,14.336000196635723,4,4,0,3,37,0,0,40,169.84
528,2,0,1,0,75.77600330114365,4,4,0,3,37,0,0,40,169.84
528,2,0,2,0,9.216000325977802,4,4,0,3,37,0,0,40,169.84
528,2,0,3,0,75.77600330114365,4,4,0,3,37,0,0,40,169.84
528,24,0,0,0,9.216000325977802,4,4,0,0,40,0,0,40,2.969
528,24,0,1,0,58.36800113320351,4,4,0,0,40,0,0,40,2.969
528,24,0,2,0,9.216000325977802,4,4,0,0,40,0,0,40,2.969
528,24,0,3,0,4.095999989658594,4,4,0,0,40,0,0,40,2.969
528,40,0,0,1,10.239999741315842,4,4,0,0,40,0,0,40,4.691
528,40,0,1,1,67.58400052785873,4,4,0,0,40,0,0,40,4.691
528,40,0,2,1,8.191999979317188,4,4,0,0,40,0,0,40,4.691
528,40,0,3,1,4.095999989658594,4,4,0,0,40,0,0,40,4.691
529,2,0,0,0,8.191999979317188,2,2,0,0,20,0,0,20,1.73
529,2,0,1,0,44.03200000524521,2,2,0,0,20,0,0,20,1.73
529,2,0,2,0,9.216000325977802,2,2,0,0,20,0,0,20,1.73
529,2,0,3,0,4.095999989658594,2,2,0,0,20,0,0,20,1.73
529,24,0,0,0,9.216000325977802,2,2,0,0,20,0,0,20,1.44
529,24,0,1,0,46.08000069856644,2,2,0,0,20,0,0,20,1.44
529,24,0,2,0,9.216000325977802,2,2,0,0,20,0,0,20,1.44
529,24,0,3,0,4.095999989658594,2,2,0,0,20,0,0,20,1.44
529,40,0,0,1,9.216000325977802,2,2,0,0,20,0,0,20,2.09
529,40,0,1,1,50.175998359918594,2,2,0,0,20,0,0,20,2.09
529,40,0,2,1,10.239999741315842,2,2,0,0,20,0,0,20,2.09
529,40,0,3,1,4.095999989658594,2,2,0,0,20,0,0,20,2.09
530,2,0,0,0,8.191999979317188,4,4,0,3,36,1,0,40,314.74
530,2,0,1,0,87.0399996638298,4,4,0,3,36,1,0,40,314.74
530,2,0,2,0,167.93599724769592,4,4,0,3,36,1,0,40,314.74
530,2,0,3,0,55.296000093221664,4,4,0,3,36,1,0,40,314.74
530,24,0,0,0,8.191999979317188,4,4,0,0,40,0,0,40,3.43
530,24,0,1,0,80.89599758386612,4,4,0,0,40,0,0,40,3.43
530,24,0,2,0,9.216000325977802,4,4,0,0,40,0,0,40,3.43
530,24,0,3,0,4.095999989658594,4,4,0,0,40,0,0,40,3.43
530,40,0,0,1,9.216000325977802,4,4,0,0,40,0,0,40,2.58
530,40,0,1,1,75.77600330114365,4,4,0,0,40,0,0,40,2.58
530,40,0,2,1,9.216000325977802,4,4,0,0,40,0,0,40,2.58
530,40,0,3,1,4.095999989658594,4,4,0,0,40,0,0,40,2.58
531,2,0,0,0,15.359999611973763,4,4,0,3,37,0,0,40,117.959
531,2,0,1,0,80.89599758386612,4,4,0,3,37,0,0,40,117.959
531,2,0,2,0,9.216000325977802,4,4,0,3,37,0,0,40,117.959
531,2,0,3,0,8.191999979317188,4,4,0,3,37,0,0,40,117.959
531,24,0,0,0,8.191999979317188,4,4,0,1,39,0,0,40,70.369
531,24,0,1,0,70.65600156784058,4,4,0,1,39,0,0,40,70.369
531,24,0,2,0,9.216000325977802,4,4,0,1,39,0,0,40,70.369
531,24,0,3,0,4.095999989658594,4,4,0,1,39,0,0,40,70.369
531,40,0,0,1,9.216000325977802,4,4,0,0,40,0,0,40,3.091
531,40,0,1,1,69.63200122117996,4,4,0,0,40,0,0,40,3.091
531,40,0,2,1,9.216000325977802,4,4,0,0,40,0,0,40,3.091
531,40,0,3,1,5.119999870657921,4,4,0,0,40,0,0,40,3.091
532,2,0,0,0,8.191999979317188,1,1,0,0,10,0,0,10,0.84
532,2,0,1,0,31.74399957060814,1,1,0,0,10,0,0,10,0.84
532,2,0,2,0,8.191999979317188,1,1,0,0,10,0,0,10,0.84
532,2,0,3,0,5.119999870657921,1,1,0,0,10,0,0,10,0.84
532,24,0,0,0,9.216000325977802,1,1,0,0,10,0,0,10,2.95
532,24,0,1,0,30.719999223947525,1,1,0,0,10,0,0,10,2.95
532,24,0,2,0,9.216000325977802,1,1,0,0,10,0,0,10,2.95
532,24,0,3,0,4.095999989658594,1,1,0,0,10,0,0,10,2.95
532,40,0,0,1,8.191999979317188,1,1,0,0,10,0,0,10,1.27
532,40,0,1,1,34.81600061058998,1,1,0,0,10,0,0,10,1.27
532,40,0,2,1,9.216000325977802,1,1,0,0,10,0,0,10,1.27
532,40,0,3,1,4.095999989658594,1,1,0,0,10,0,0,10,1.27
533,2,0,0,0,9.216000325977802,3,3,0,1,29,0,0,30,80.2
533,2,0,1,0,57.34400078654289,3,3,0,1,29,0,0,30,80.2
533,2,0,2,0,9.216000325977802,3,3,0,1,29,0,0,30,80.2
533,2,0,3,0,5.119999870657921,3,3,0,1,29,0,0,30,80.2
533,24,0,0,0,8.191999979317188,3,3,0,1,29,0,0,30,55.919
533,24,0,1,0,58.36800113320351,3,3,0,1,29,0,0,30,55.919
533,24,0,2,0,8.191999979317188,3,3,0,1,29,0,0,30,55.919
533,24,0,3,0,4.095999989658594,3,3,0,1,29,0,0,30,55.919
533,40,0,0,1,9.216000325977802,3,3,0,0,30,0,0,30,2.09
533,40,0,1,1,66.56000018119812,3,3,0,0,30,0,0,30,2.09
533,40,0,2,1,9.216000325977802,3,3,0,0,30,0,0,30,2.09
533,40,0,3,1,4.095999989658594,3,3,0,0,30,0,0,30,2.09
534,2,0,0,0,14.336000196635723,4,4,0,1,39,0,0,40,94.8
534,2,0,1,0,82.94399827718735,4,4,0,1,39,0,0,40,94.8
534,2,0,2,0,9.216000325977802,4,4,0,1,39,0,0,40,94.8
534,2,0,3,0,7.168000098317862,4,4,0,1,39,0,0,40,94.8
534,24,0,0,0,9.216000325977802,4,4,0,0,40,0,0,40,2.03
534,24,0,1,0,62.463998794555664,4,4,0,0,40,0,0,40,2.03
534,24,0,2,0,8.191999979317188,4,4,0,0,40,0,0,40,2.03
534,24,0,3,0,4.095999989658594,4,4,0,0,40,0,0,40,2.03
534,40,0,0,1,9.216000325977802,4,4,0,0,40,0,0,40,2.06
534,40,0,1,1,55.296000093221664,4,4,0,0,40,0,0,40,2.06
534,40,0,2,1,9.216000325977802,4,4,0,0,40,0,0,40,2.06
534,40,0,3,1,4.095999989658594,4,4,0,0,40,0,0,40,2.06
535,2,0,0,0,8.191999979317188,1,1,0,0,10,0,0,10,0.6
535,2,0,1,0,31.74399957060814,1,1,0,0,10,0,0,10,0.6
535,2,0,2,0,9.216000325977802,1,1,0,0,10,0,0,10,0.6
535,2,0,3,0,6.144000217318535,1,1,0,0,10,0,0,10,0.6
535,24,0,0,0,9.216000325977802,1,1,0,0,10,0,0,10,0.54
535,24,0,1,0,31.74399957060814,1,1,0,0,10,0,0,10,0.54
535,24,0,2,0,9.216000325977802,1,1,0,0,10,0,0,10,0.54
535,24,0,3,0,4.095999989658594,1,1,0,0,10,0,0,10,0.54
535,40,0,0,1,8.191999979317188,1,1,0,0,10,0,0,10,0.569
535,40,0,1,1,35.840000957250595,1,1,0,0,10,0,0,10,0.569
535,40,0,2,1,9.216000325977802,1,1,0,0,10,0,0,10,0.569
535,40,0,3,1,4.095999989658594,1,1,0,0,10,0,0,10,0.569
536,2,0,0,0,9.216000325977802,4,4,0,1,39,0,0,40,76.04
536,2,0,1,0,82.94399827718735,4,4,0,1,39,0,0,40,76.04
536,2,0,2,0,8.191999979317188,4,4,0,1,39,0,0,40,76.04
536,2,0,3,0,4.095999989658594,4,4,0,1,39,0,0,40,76.04
536,24,0,0,0,7.168000098317862,4,4,0,0,40,0,0,40,5.83
536,24,0,1,0,64.51199948787689,4,4,0,0,40,0,0,40,5.83
536,24,0,2,0,9.216000325977802,4,4,0,0,40,0,0,40,5.83
536,24,0,3,0,4.095999989658594,4,4,0,0,40,0,0,40,5.83
536,40,0,0,1,8.191999979317188,4,4,0,1,39,0,0,40,87.41
536,40,0,1,1,72.7040022611618,4,4,0,1,39,0,0,40,87.41
536,40,0,2,1,9.216000325977802,4,4,0,1,39,0,0,40,87.41
536,40,0,3,1,4.095999989658594,4,4,0,1,39,0,0,40,87.41
537,2,0,0,0,8.191999979317188,1,1,0,0,10,0,0,10,0.98
537,2,0,1,0,31.74399957060814,1,1,0,0,10,0,0,10,0.98
537,2,0,2,0,9.216000325977802,1,1,0,0,10,0,0,10,0.98
537,2,0,3,0,4.095999989658594,1,1,0,0,10,0,0,10,0.98
537,24,0,0,0,9.216000325977802,1,1,0,0,10,0,0,10,0.44
537,24,0,1,0,32.76799991726875,1,1,0,0,10,0,0,10,0.44
537,24,0,2,0,9.216000325977802,1,1,0,0,10,0,0,10,0.44
537,24,0,3,0,4.095999989658594,1,1,0,0,10,0,0,10,0.44
537,40,0,0,1,9.216000325977802,1,1,0,0,10,0,0,10,1.02
537,40,0,1,1,34.81600061058998,1,1,0,0,10,0,0,10,1.02
537,40,0,2,1,9.216000325977802,1,1,0,0,10,0,0,10,1.02
537,40,0,3,1,4.095999989658594,1,1,0,0,10,0,0,10,1.02
538,2,0,0,0,15.359999611973763,4,4,0,0,40,0,0,40,5.709
538,2,0,1,0,95.23200243711472,4,4,0,0,40,0,0,40,5.709
538,2,0,2,0,9.216000325977802,4,4,0,0,40,0,0,40,5.709
538,2,0,3,0,6.144000217318535,4,4,0,0,40,0,0,40,5.709
538,24,0,0,0,8.191999979317188,4,4,0,0,40,0,0,40,4.66
538,24,0,1,0,67.58400052785873,4,4,0,0,40,0,0,40,4.66
538,24,0,2,0,9.216000325977802,4,4,0,0,40,0,0,40,4.66
538,24,0,3,0,4.095999989658594,4,4,0,0,40,0,0,40,4.66
538,40,0,0,1,9.216000325977802,4,4,0,0,40,0,0,40,4.4
538,40,0,1,1,61.43999844789505,4,4,0,0,40,0,0,40,4.4
538,40,0,2,1,9.216000325977802,4,4,0,0,40,0,0,40,4.4
538,40,0,3,1,4.095999989658594,4,4,0,0,40,0,0,40,4.4
539,2,0,0,0,8.191999979317188,3,3,0,3,27,0,0,30,147.24
539,2,0,1,0,54.27199974656105,3,3,0,3,27,0,0,30,147.24
539,2,0,2,0,9.216000325977802,3,3,0,3,27,0,0,30,147.24
539,2,0,3,0,70.65600156784058,3,3,0,3,27,0,0,30,147.24
539,24,0,0,0,9.216000325977802,3,3,0,0,30,0,0,30,2.29
539,24,0,1,0,56.32000043988228,3,3,0,0,30,0,0,30,2.29
539,24,0,2,0,9.216000325977802,3,3,0,0,30,0,0,30,2.29
539,24,0,3,0,4.095999989658594,3,3,0,0,30,0,0,30,2.29
539,40,0,0,1,9.216000325977802,3,3,0,0,30,0,0,30,3.85
539,40,0,1,1,74.75200295448303,3,3,0,0,30,0,0,30,3.85
539,40,0,2,1,8.191999979317188,3,3,0,0,30,0,0,30,3.85
539,40,0,3,1,4.095999989658594,3,3,0,0,30,0,0,30,3.85
540,2,0,0,0,9.216000325977802,2,2,0,0,20,0,0,20,1.5
540,2,0,1,0,53.247999399900436,2,2,0,0,20,0,0,20,1.5
540,2,0,2,0,9.216000325977802,2,2,0,0,20,0,0,20,1.5
540,2,0,3,0,5.119999870657921,2,2,0,0,20,0,0,20,1.5
540,24,0,0,0,10.239999741315842,2,2,0,1,19,0,0,20,47.06
540,24,0,1,0,43.007999658584595,2,2,0,1,19,0,0,20,47.06
540,24,0,2,0,8.191999979317188,2,2,0,1,19,0,0,20,47.06
540,24,0,3,0,4.095999989658594,2,2,0,1,19,0,0,20,47.06
540,40,0,0,1,11.264000087976456,2,2,0,0,20,0,0,20,1.17
540,40,0,1,1,51.19999870657921,2,2,0,0,20,0,0,20,1.17
540,40,0,2,1,9.216000325977802,2,2,0,0,20,0,0,20,1.17
540,40,0,3,1,4.095999989658594,2,2,0,0,20,0,0,20,1.17
541,2,0,0,0,14.336000196635723,4,4,0,0,40,0,0,40,5.47
541,2,0,1,0,95.23200243711472,4,4,0,0,40,0,0,40,5.47
541,2,0,2,0,9.216000325977802,4,4,0,0,40,0,0,40,5.47
541,2,0,3,0,5.119999870657921,4,4,0,0,40,0,0,40,5.47
541,24,0,0,0,8.191999979317188,4,4,0,1,39,0,0,40,66.98
541,24,0,1,0,74.75200295448303,4,4,0,1,39,0,0,40,66.98
541,24,0,2,0,8.191999979317188,4,4,0,1,39,0,0,40,66.98
541,24,0,3,0,4.095999989658594,4,4,0,1,39,0,0,40,66.98
541,40,0,0,1,16.383999958634377,4,4,0,0,40,0,0,40,2.68
541,40,0,1,1,94.2080020904541,4,4,0,0,40,0,0,40,2.68
541,40,0,2,1,9.216000325977802,4,4,0,0,40,0,0,40,2.68
541,40,0,3,1,4.095999989658594,4,4,0,0,40,0,0,40,2.68
542,2,0,0,0,14.336000196635723,4,4,0,0,40,0,0,40,2.58
542,2,0,1,0,58.36800113320351,4,4,0,0,40,0,0,40,2.58
542,2,0,2,0,8.191999979317188,4,4,0,0,40,0,0,40,2.58
542,2,0,3,0,7.168000098317862,4,4,0,0,40,0,0,40,2.58
542,24,0,0,0,9.216000325977802,4,4,0,0,40,0,0,40,2.21
542,24,0,1,0,58.36800113320351,4,4,0,0,40,0,0,40,2.21
542,24,0,2,0,9.216000325977802,4,4,0,0,40,0,0,40,2.21
542,24,0,3,0,4.095999989658594,4,4,0,0,40,0,0,40,2.21
542,40,0,0,1,9.216000325977802,4,4,0,0,40,0,0,40,2.98
542,40,0,1,1,97.28000313043594,4,4,0,0,40,0,0,40,2.98
542,40,0,2,1,9.216000325977802,4,4,0,0,40,0,0,40,2.98
542,40,0,3,1,4.095999989658594,4,4,0,0,40,0,0,40,2.98
543,2,0,0,0,14.336000196635723,4,4,0,0,40,0,0,40,2.349
543,2,0,1,0,62.463998794555664,4,4,0,0,40,0,0,40,2.349
543,2,0,2,0,9.216000325977802,4,4,0,0,40,0,0,40,2.349
543,2,0,3,0,5.119999870657921,4,4,0,0,40,0,0,40,2.349
543,24,0,0,0,8.191999979317188,4,4,0,0,40,0,0,40,2.56
543,24,0,1,0,67.58400052785873,4,4,0,0,40,0,0,40,2.56
543,24,0,2,0,9.216000325977802,4,4,0,0,40,0,0,40,2.56
543,24,0,3,0,4.095999989658594,4,4,0,0,40,0,0,40,2.56
543,40,0,0,1,9.216000325977802,4,4,0,0,40,0,0,40,2.6
543,40,0,1,1,87.0399996638298,4,4,0,0,40,0,0,40,2.6
543,40,0,2,1,9.216000325977802,4,4,0,0,40,0,0,40,2.6
543,40,0,3,1,4.095999989658594,4,4,0,0,40,0,0,40,2.6
544,2,0,0,0,14.336000196635723,4,4,0,0,40,0,0,40,5.26
544,2,0,1,0,91.13600105047226,4,4,0,0,40,0,0,40,5.26
544,2,0,2,0,9.216000325977802,4,4,0,0,40,0,0,40,5.26
544,2,0,3,0,5.119999870657921,4,4,0,0,40,0,0,40,5.26
544,24,0,0,0,8.191999979317188,4,4,0,0,40,0,0,40,4.75
544,24,0,1,0,68.60800087451935,4,4,0,0,40,0,0,40,4.75
544,24,0,2,0,9.216000325977802,4,4,0,0,40,0,0,40,4.75
544,24,0,3,0,4.095999989658594,4,4,0,0,40,0,0,40,4.75
544,40,0,0,1,15.359999611973763,4,4,0,1,39,0,0,40,75.81
544,40,0,1,1,78.84799689054489,4,4,0,1,39,0,0,40,75.81
544,40,0,2,1,9.216000325977802,4,4,0,1,39,0,0,40,75.81
544,40,0,3,1,4.095999989658594,4,4,0,1,39,0,0,40,75.81
545,2,0,0,0,13.311999849975109,4,4,0,0,40,0,0,40,5.3
545,2,0,1,0,77.82399654388428,4,4,0,0,40,0,0,40,5.3
545,2,0,2,0,9.216000325977802,4,4,0,0,40,0,0,40,5.3
545,2,0,3,0,5.119999870657921,4,4,0,0,40,0,0,40,5.3
545,24,0,0,0,8.191999979317188,4,4,0,0,40,0,0,40,4.609
545,24,0,1,0,67.58400052785873,4,4,0,0,40,0,0,40,4.609
545,24,0,2,0,9.216000325977802,4,4,0,0,40,0,0,40,4.609
545,24,0,3,0,4.095999989658594,4,4,0,0,40,0,0,40,4.609
545,40,0,0,1,15.359999611973763,4,4,0,1,39,0,0,40,99.369
545,40,0,1,1,75.77600330114365,4,4,0,1,39,0,0,40,99.369
545,40,0,2,1,8.191999979317188,4,4,0,1,39,0,0,40,99.369
545,40,0,3,1,3.0720001086592674,4,4,0,1,39,0,0,40,99.369
546,2,0,0,0,14.336000196635723,4,4,0,0,40,0,0,40,3.53
546,2,0,1,0,84.99199897050858,4,4,0,0,40,0,0,40,3.53
546,2,0,2,0,8.191999979317188,4,4,0,0,40,0,0,40,3.53
546,2,0,3,0,4.095999989658594,4,4,0,0,40,0,0,40,3.53
546,24,0,0,0,8.191999979317188,4,4,0,1,39,0,0,40,59.84
546,24,0,1,0,75.77600330114365,4,4,0,1,39,0,0,40,59.84
546,24,0,2,0,9.216000325977802,4,4,0,1,39,0,0,40,59.84
546,24,0,3,0,4.095999989658594,4,4,0,1,39,0,0,40,59.84
546,40,0,0,1,8.191999979317188,4,4,0,0,40,0,0,40,2.249
546,40,0,1,1,70.65600156784058,4,4,0,0,40,0,0,40,2.249
546,40,0,2,1,8.191999979317188,4,4,0,0,40,0,0,40,2.249
546,40,0,3,1,4.095999989658594,4,4,0,0,40,0,0,40,2.249
547,2,0,0,0,16.383999958634377,3,3,0,0,30,0,0,30,4.211
547,2,0,1,0,55.296000093221664,3,3,0,0,30,0,0,30,4.211
547,2,0,2,0,8.191999979317188,3,3,0,0,30,0,0,30,4.211
547,2,0,3,0,6.144000217318535,3,3,0,0,30,0,0,30,4.211
547,24,0,0,0,9.216000325977802,3,3,0,2,28,0,0,30,88.82
547,24,0,1,0,50.175998359918594,3,3,0,2,28,0,0,30,88.82
547,24,0,2,0,9.216000325977802,3,3,0,2,28,0,0,30,88.82
547,24,0,3,0,16.383999958634377,3,3,0,2,28,0,0,30,88.82
547,40,0,0,1,9.216000325977802,3,3,0,0,30,0,0,30,1.78
547,40,0,1,1,51.19999870657921,3,3,0,0,30,0,0,30,1.78
547,40,0,2,1,9.216000325977802,3,3,0,0,30,0,0,30,1.78
547,40,0,3,1,4.095999989658594,3,3,0,0,30,0,0,30,1.78
548,2,0,0,0,15.359999611973763,4,4,0,1,39,0,0,40,67.879
548,2,0,1,0,69.63200122117996,4,4,0,1,39,0,0,40,67.879
548,2,0,2,0,9.216000325977802,4,4,0,1,39,0,0,40,67.879
548,2,0,3,0,6.144000217318535,4,4,0,1,39,0,0,40,67.879
548,24,0,0,0,8.191999979317188,4,4,0,0,40,0,0,40,2.3
548,24,0,1,0,66.56000018119812,4,4,0,0,40,0,0,40,2.3
548,24,0,2,0,9.216000325977802,4,4,0,0,40,0,0,40,2.3
548,24,0,3,0,4.095999989658594,4,4,0,0,40,0,0,40,2.3
548,40,0,0,1,9.216000325977802,4,4,0,0,40,0,0,40,2.27
548,40,0,1,1,69.63200122117996,4,4,0,0,40,0,0,40,2.27
548,40,0,2,1,9.216000325977802,4,4,0,0,40,0,0,40,2.27
548,40,0,3,1,4.095999989658594,4,4,0,0,40,0,0,40,2.27
549,2,0,0,0,8.191999979317188,2,2,0,0,20,0,0,20,1.369
549,2,0,1,0,46.08000069856644,2,2,0,0,20,0,0,20,1.369
549,2,0,2,0,8.191999979317188,2,2,0,0,20,0,0,20,1.369
549,2,0,3,0,5.119999870657921,2,2,0,0,20,0,0,20,1.369
549,24,0,0,0,9.216000325977802,2,2,0,0,20,0,0,20,1.33
549,24,0,1,0,47.10400104522705,2,2,0,0,20,0,0,20,1.33
549,24,0,2,0,9.216000325977802,2,2,0,0,20,0,0,20,1.33
549,24,0,3,0,4.095999989658594,2,2,0,0,20,0,0,20,1.33
549,40,0,0,1,9.216000325977802,2,2,0,0,20,0,0,20,1.129
549,40,0,1,1,61.43999844789505,2,2,0,0,20,0,0,20,1.129
549,40,0,2,1,9.216000325977802,2,2,0,0,20,0,0,20,1.129
549,40,0,3,1,4.095999989658594,2,2,0,0,20,0,0,20,1.129
550,2,0,0,0,8.191999979317188,3,3,0,1,29,0,0,30,74.07
550,2,0,1,0,61.43999844789505,3,3,0,1,29,0,0,30,74.07
550,2,0,2,0,8.191999979317188,3,3,0,1,29,0,0,30,74.07
550,2,0,3,0,7.168000098317862,3,3,0,1,29,0,0,30,74.07
550,24,0,0,0,9.216000325977802,3,3,0,0,30,0,0,30,4.59
550,24,0,1,0,64.51199948787689,3,3,0,0,30,0,0,30,4.59
550,24,0,2,0,8.191999979317188,3,3,0,0,30,0,0,30,4.59
550,24,0,3,0,4.095999989658594,3,3,0,0,30,0,0,30,4.59
550,40,0,0,1,9.216000325977802,3,3,0,0,30,0,0,30,1.349
550,40,0,1,1,53.247999399900436,3,3,0,0,30,0,0,30,1.349
550,40,0,2,1,9.216000325977802,3,3,0,0,30,0,0,30,1.349
550,40,0,3,1,4.095999989658594,3,3,0,0,30,0,0,30,1.349
551,2,0,0,0,14.336000196635723,4,4,0,0,40,0,0,40,3.19
551,2,0,1,0,82.94399827718735,4,4,0,0,40,0,0,40,3.19
551,2,0,2,0,9.216000325977802,4,4,0,0,40,0,0,40,3.19
551,2,0,3,0,4.095999989658594,4,4,0,0,40,0,0,40,3.19
551,24,0,0,0,9.216000325977802,4,4,0,0,40,0,0,40,1.89
551,24,0,1,0,68.60800087451935,4,4,0,0,40,0,0,40,1.89
551,24,0,2,0,8.191999979317188,4,4,0,0,40,0,0,40,1.89
551,24,0,3,0,4.095999989658594,4,4,0,0,40,0,0,40,1.89
551,40,0,0,1,9.216000325977802,4,4,0,0,40,0,0,40,2.08
551,40,0,1,1,60.416001826524734,4,4,0,0,40,0,0,40,2.08
551,40,0,2,1,8.191999979317188,4,4,0,0,40,0,0,40,2.08
551,40,0,3,1,3.0720001086592674,4,4,0,0,40,0,0,40,2.08
552,2,0,0,0,14.336000196635723,4,4,0,0,40,0,0,40,4.691
552,2,0,1,0,79.8719972372055,4,4,0,0,40,0,0,40,4.691
552,2,0,2,0,9.216000325977802,4,4,0,0,40,0,0,40,4.691
552,2,0,3,0,7.168000098317862,4,4,0,0,40,0,0,40,4.691
552,24,0,0,0,8.191999979317188,4,4,0,0,40,0,0,40,3.809
552,24,0,1,0,57.34400078654289,4,4,0,0,40,0,0,40,3.809
552,24,0,2,0,9.216000325977802,4,4,0,0,40,0,0,40,3.809
552,24,0,3,0,4.095999989658594,4,4,0,0,40,0,0,40,3.809
552,40,0,0,1,9.216000325977802,4,4,0,0,40,0,0,40,1.88
552,40,0,1,1,58.36800113320351,4,4,0,0,40,0,0,40,1.88
552,40,0,2,1,9.216000325977802,4,4,0,0,40,0,0,40,1.88
552,40,0,3,1,4.095999989658594,4,4,0,0,40,0,0,40,1.88
553,2,0,0,0,9.216000325977802,2,2,0,2,18,0,0,20,66.729
553,2,0,1,0,43.007999658584595,2,2,0,2,18,0,0,20,66.729
553,2,0,2,0,8.191999979317188,2,2,0,2,18,0,0,20,66.729
553,2,0,3,0,6.144000217318535,2,2,0,2,18,0,0,20,66.729
553,24,0,0,0,9.216000325977802,2,2,0,0,20,0,0,20,1.309
553,24,0,1,0,44.03200000524521,2,2,0,0,20,0,0,20,1.309
553,24,0,2,0,9.216000325977802,2,2,0,0,20,0,0,20,1.309
553,24,0,3,0,4.095999989658594,2,2,0,0,20,0,0,20,1.309
553,40,0,0,1,9.216000325977802,2,2,0,0,20,0,0,20,0.94
553,40,0,1,1,45.05600035190582,2,2,0,0,20,0,0,20,0.94
553,40,0,2,1,9.216000325977802,2,2,0,0,20,0,0,20,0.94
553,40,0,3,1,4.095999989658594,2,2,0,0,20,0,0,20,0.94
554,2,0,0,0,13.311999849975109,4,4,0,0,40,0,0,40,4.011
554,2,0,1,0,71.68000191450119,4,4,0,0,40,0,0,40,4.011
554,2,0,2,0,9.216000325977802,4,4,0,0,40,0,0,40,4.011
554,2,0,3,0,4.095999989658594,4,4,0,0,40,0,0,40,4.011
554,24,0,0,0,8.191999979317188,4,4,0,0,40,0,0,40,3.831
554,24,0,1,0,71.68000191450119,4,4,0,0,40,0,0,40,3.831
554,24,0,2,0,9.216000325977802,4,4,0,0,40,0,0,40,3.831
554,24,0,3,0,4.095999989658594,4,4,0,0,40,0,0,40,3.831
554,40,0,0,1,9.216000325977802,4,4,0,0,40,0,0,40,2.12
554,40,0,1,1,78.84799689054489,4,4,0,0,40,0,0,40,2.12
554,40,0,2,1,9.216000325977802,4,4,0,0,40,0,0,40,2.12
554,40,0,3,1,4.095999989658594,4,4,0,0,40,0,0,40,2.12
555,2,0,0,0,13.311999849975109,4,4,0,0,40,0,0,40,4.96
555,2,0,1,0,82.94399827718735,4,4,0,0,40,0,0,40,4.96
555,2,0,2,0,9.216000325977802,4,4,0,0,40,0,0,40,4.96
555,2,0,3,0,5.119999870657921,4,4,0,0,40,0,0,40,4.96
555,24,0,0,0,8.191999979317188,4,4,0,1,39,0,0,40,75.43
555,24,0,1,0,73.72800260782242,4,4,0,1,39,0,0,40,75.43
555,24,0,2,0,8.191999979317188,4,4,0,1,39,0,0,40,75.43
555,24,0,3,0,4.095999989658594,4,4,0,1,39,0,0,40,75.43
555,40,0,0,1,9.216000325977802,4,4,0,0,40,0,0,40,1.8
555,40,0,1,1,61.43999844789505,4,4,0,0,40,0,0,40,1.8
555,40,0,2,1,9.216000325977802,4,4,0,0,40,0,0,40,1.8
555,40,0,3,1,4.095999989658594,4,4,0,0,40,0,0,40,1.8
556,2,0,0,0,8.191999979317188,2,2,0,0,20,0,0,20,1.37
556,2,0,1,0,45.05600035190582,2,2,0,0,20,0,0,20,1.37
556,2,0,2,0,9.216000325977802,2,2,0,0,20,0,0,20,1.37
556,2,0,3,0,6.144000217318535,2,2,0,0,20,0,0,20,1.37
556,24,0,0,0,9.216000325977802,2,2,0,0,20,0,0,20,1.01
556,24,0,1,0,41.98399931192398,2,2,0,0,20,0,0,20,1.01
556,24,0,2,0,8.191999979317188,2,2,0,0,20,0,0,20,1.01
556,24,0,3,0,4.095999989658594,2,2,0,0,20,0,0,20,1.01
556,40,0,0,1,8.191999979317188,2,2,0,1,19,0,0,20,176.849
556,40,0,1,1,46.08000069856644,2,2,0,1,19,0,0,20,176.849
556,40,0,2,1,9.216000325977802,2,2,0,1,19,0,0,20,176.849
556,40,0,3,1,108.5439994931221,2,2,0,1,19,0,0,20,176.849
557,2,0,0,0,14.336000196635723,4,4,0,1,39,0,0,40,68.1
557,2,0,1,0,82.94399827718735,4,4,0,1,39,0,0,40,68.1
557,2,0,2,0,9.216000325977802,4,4,0,1,39,0,0,40,68.1
557,2,0,3,0,5.119999870657921,4,4,0,1,39,0,0,40,68.1
557,24,0,0,0,8.191999979317188,4,4,0,0,40,0,0,40,4.831
557,24,0,1,0,78.84799689054489,4,4,0,0,40,0,0,40,4.831
557,24,0,2,0,9.216000325977802,4,4,0,0,40,0,0,40,4.831
557,24,0,3,0,4.095999989658594,4,4,0,0,40,0,0,40,4.831
557,40,0,0,1,15.359999611973763,4,4,0,2,38,0,0,40,160.739
557,40,0,1,1,68.60800087451935,4,4,0,2,38,0,0,40,160.739
557,40,0,2,1,9.216000325977802,4,4,0,2,38,0,0,40,160.739
557,40,0,3,1,62.463998794555664,4,4,0,2,38,0,0,40,160.739
558,2,0,0,0,9.216000325977802,4,4,0,2,38,0,0,40,67.689
558,2,0,1,0,79.8719972372055,4,4,0,2,38,0,0,40,67.689
558,2,0,2,0,8.191999979317188,4,4,0,2,38,0,0,40,67.689
558,2,0,3,0,4.095999989658594,4,4,0,2,38,0,0,40,67.689
558,24,0,0,0,8.191999979317188,4,4,0,1,39,0,0,40,69.189
558,24,0,1,0,78.84799689054489,4,4,0,1,39,0,0,40,69.189
558,24,0,2,0,9.216000325977802,4,4,0,1,39,0,0,40,69.189
558,24,0,3,0,4.095999989658594,4,4,0,1,39,0,0,40,69.189
558,40,0,0,1,9.216000325977802,4,4,0,2,38,0,0,40,79.949
558,40,0,1,1,82.94399827718735,4,4,0,2,38,0,0,40,79.949
558,40,0,2,1,9.216000325977802,4,4,0,2,38,0,0,40,79.949
558,40,0,3,1,4.095999989658594,4,4,0,2,38,0,0,40,79.949
559,2,0,0,0,9.216000325977802,4,4,0,2,38,0,0,40,63.31
559,2,0,1,0,68.60800087451935,4,4,0,2,38,0,0,40,63.31
559,2,0,2,0,9.216000325977802,4,4,0,2,38,0,0,40,63.31
559,2,0,3,0,5.119999870657921,4,4,0,2,38,0,0,40,63.31
559,24,0,0,0,8.191999979317188,4,4,0,0,40,0,0,40,4.46
559,24,0,1,0,80.89599758386612,4,4,0,0,40,0,0,40,4.46
559,24,0,2,0,9.216000325977802,4,4,0,0,40,0,0,40,4.46
559,24,0,3,0,4.095999989658594,4,4,0,0,40,0,0,40,4.46
559,40,0,0,1,9.216000325977802,4,4,0,3,37,0,0,40,295.079
559,40,0,1,1,87.0399996638298,4,4,0,3,37,0,0,40,295.079
559,40,0,2,1,9.216000325977802,4,4,0,3,37,0,0,40,295.079
559,40,0,3,1,186.36800348758698,4,4,0,3,37,0,0,40,295.079
560,2,0,0,0,14.336000196635723,4,4,0,1,39,0,0,40,81.319
560,2,0,1,0,84.99199897050858,4,4,0,1,39,0,0,40,81.319
560,2,0,2,0,9.216000325977802,4,4,0,1,39,0,0,40,81.319
560,2,0,3,0,4.095999989658594,4,4,0,1,39,0,0,40,81.319
560,24,0,0,0,8.191999979317188,4,4,0,1,39,0,0,40,73.7
560,24,0,1,0,88.06400001049042,4,4,0,1,39,0,0,40,73.7
560,24,0,2,0,9.216000325977802,4,4,0,1,39,0,0,40,73.7
560,24,0,3,0,4.095999989658594,4,4,0,1,39,0,0,40,73.7
560,40,0,0,1,21.503999829292297,4,4,0,3,36,1,0,40,296.129
560,40,0,1,1,87.0399996638298,4,4,0,3,36,1,0,40,296.129
560,40,0,2,1,190.46400487422943,4,4,0,3,36,1,0,40,296.129
560,40,0,3,1,9.216000325977802,4,4,0,3,36,1,0,40,296.129
561,2,0,0,0,9.216000325977802,4,4,0,1,39,0,0,40,66.1
561,2,0,1,0,79.8719972372055,4,4,0,1,39,0,0,40,66.1
561,2,0,2,0,9.216000325977802,4,4,0,1,39,0,0,40,66.1
561,2,0,3,0,5.119999870657921,4,4,0,1,39,0,0,40,66.1
561,24,0,0,0,7.168000098317862,4,4,0,1,39,0,0,40,67.359
561,24,0,1,0,68.60800087451935,4,4,0,1,39,0,0,40,67.359
561,24,0,2,0,9.216000325977802,4,4,0,1,39,0,0,40,67.359
561,24,0,3,0,4.095999989658594,4,4,0,1,39,0,0,40,67.359
561,40,0,0,1,15.359999611973763,4,4,0,1,39,0,0,40,80.35
561,40,0,1,1,58.36800113320351,4,4,0,1,39,0,0,40,80.35
561,40,0,2,1,9.216000325977802,4,4,0,1,39,0,0,40,80.35
561,40,0,3,1,4.095999989658594,4,4,0,1,39,0,0,40,80.35
562,2,0,0,0,15.359999611973763,4,4,0,0,40,0,0,40,2.89
562,2,0,1,0,87.0399996638298,4,4,0,0,40,0,0,40,2.89
562,2,0,2,0,9.216000325977802,4,4,0,0,40,0,0,40,2.89
562,2,0,3,0,5.119999870657921,4,4,0,0,40,0,0,40,2.89
562,24,0,0,0,8.191999979317188,4,4,0,0,40,0,0,40,4.48
562,24,0,1,0,70.65600156784058,4,4,0,0,40,0,0,40,4.48
562,24,0,2,0,9.216000325977802,4,4,0,0,40,0,0,40,4.48
562,24,0,3,0,4.095999989658594,4,4,0,0,40,0,0,40,4.48
562,40,0,0,1,8.191999979317188,4,4,0,1,39,0,0,40,72.13
562,40,0,1,1,60.416001826524734,4,4,0,1,39,0,0,40,72.13
562,40,0,2,1,9.216000325977802,4,4,0,1,39,0,0,40,72.13
562,40,0,3,1,4.095999989658594,4,4,0,1,39,0,0,40,72.13
563,2,0,0,0,8.191999979317188,4,4,0,2,38,0,0,40,134.76
563,2,0,1,0,82.94399827718735,4,4,0,2,38,0,0,40,134.76
563,2,0,2,0,9.216000325977802,4,4,0,2,38,0,0,40,134.76
563,2,0,3,0,30.719999223947525,4,4,0,2,38,0,0,40,134.76
563,24,0,0,0,9.216000325977802,4,4,0,0,40,0,0,40,5.65
563,24,0,1,0,83.96799862384796,4,4,0,0,40,0,0,40,5.65
563,24,0,2,0,9.216000325977802,4,4,0,0,40,0,0,40,5.65
563,24,0,3,0,4.095999989658594,4,4,0,0,40,0,0,40,5.65
563,40,0,0,1,9.216000325977802,4,4,0,0,40,0,0,40,3.0
563,40,0,1,1,86.01599931716919,4,4,0,0,40,0,0,40,3.0
563,40,0,2,1,8.191999979317188,4,4,0,0,40,0,0,40,3.0
563,40,0,3,1,4.095999989658594,4,4,0,0,40,0,0,40,3.0
564,2,0,0,0,15.359999611973763,4,4,0,1,39,0,0,40,60.63
564,2,0,1,0,78.84799689054489,4,4,0,1,39,0,0,40,60.63
564,2,0,2,0,9.216000325977802,4,4,0,1,39,0,0,40,60.63
564,2,0,3,0,5.119999870657921,4,4,0,1,39,0,0,40,60.63
564,24,0,0,0,8.191999979317188,4,4,0,0,40,0,0,40,3.09
564,24,0,1,0,82.94399827718735,4,4,0,0,40,0,0,40,3.09
564,24,0,2,0,8.191999979317188,4,4,0,0,40,0,0,40,3.09
564,24,0,3,0,4.095999989658594,4,4,0,0,40,0,0,40,3.09
564,40,0,0,1,8.191999979317188,4,4,0,0,40,0,0,40,6.09
564,40,0,1,1,71.68000191450119,4,4,0,0,40,0,0,40,6.09
564,40,0,2,1,9.216000325977802,4,4,0,0,40,0,0,40,6.09
564,40,0,3,1,4.095999989658594,4,4,0,0,40,0,0,40,6.09
565,2,0,0,0,14.336000196635723,4,4,0,0,40,0,0,40,3.22
565,2,0,1,0,79.8719972372055,4,4,0,0,40,0,0,40,3.22
565,2,0,2,0,8.191999979317188,4,4,0,0,40,0,0,40,3.22
565,2,0,3,0,5.119999870657921,4,4,0,0,40,0,0,40,3.22
565,24,0,0,0,8.191999979317188,4,4,0,1,39,0,0,40,111.559
565,24,0,1,0,76.80000364780426,4,4,0,1,39,0,0,40,111.559
565,24,0,2,0,9.216000325977802,4,4,0,1,39,0,0,40,111.559
565,24,0,3,0,13.311999849975109,4,4,0,1,39,0,0,40,111.559
565,40,0,0,1,14.336000196635723,4,4,0,1,39,0,0,40,119.569
565,40,0,1,1,88.06400001049042,4,4,0,1,39,0,0,40,119.569
565,40,0,2,1,9.216000325977802,4,4,0,1,39,0,0,40,119.569
565,40,0,3,1,4.095999989658594,4,4,0,1,39,0,0,40,119.569
566,2,0,0,0,8.191999979317188,4,4,0,1,39,0,0,40,89.119
566,2,0,1,0,82.94399827718735,4,4,0,1,39,0,0,40,89.119
566,2,0,2,0,9.216000325977802,4,4,0,1,39,0,0,40,89.119
566,2,0,3,0,5.119999870657921,4,4,0,1,39,0,0,40,89.119
566,24,0,0,0,9.216000325977802,4,4,0,1,39,0,0,40,72.41
566,24,0,1,0,80.89599758386612,4,4,0,1,39,0,0,40,72.41
566,24,0,2,0,9.216000325977802,4,4,0,1,39,0,0,40,72.41
566,24,0,3,0,4.095999989658594,4,4,0,1,39,0,0,40,72.41
566,40,0,0,1,9.216000325977802,4,4,0,0,40,0,0,40,4.7
566,40,0,1,1,83.96799862384796,4,4,0,0,40,0,0,40,4.7
566,40,0,2,1,9.216000325977802,4,4,0,0,40,0,0,40,4.7
566,40,0,3,1,4.095999989658594,4,4,0,0,40,0,0,40,4.7
567,2,0,0,0,14.336000196635723,4,4,0,0,40,0,0,40,2.97
567,2,0,1,0,82.94399827718735,4,4,0,0,40,0,0,40,2.97
567,2,0,2,0,8.191999979317188,4,4,0,0,40,0,0,40,2.97
567,2,0,3,0,5.119999870657921,4,4,0,0,40,0,0,40,2.97
567,24,0,0,0,8.191999979317188,4,4,0,1,39,0,0,40,62.37
567,24,0,1,0,71.68000191450119,4,4,0,1,39,0,0,40,62.37
567,24,0,2,0,9.216000325977802,4,4,0,1,39,0,0,40,62.37
567,24,0,3,0,4.095999989658594,4,4,0,1,39,0,0,40,62.37
567,40,0,0,1,9.216000325977802,4,4,0,0,40,0,0,40,2.28
567,40,0,1,1,70.65600156784058,4,4,0,0,40,0,0,40,2.28
567,40,0,2,1,9.216000325977802,4,4,0,0,40,0,0,40,2.28
567,40,0,3,1,4.095999989658594,4,4,0,0,40,0,0,40,2.28
568,2,0,0,0,14.336000196635723,4,4,0,0,40,0,0,40,3.6
568,2,0,1,0,87.0399996638298,4,4,0,0,40,0,0,40,3.6
568,2,0,2,0,9.216000325977802,4,4,0,0,40,0,0,40,3.6
568,2,0,3,0,5.119999870657921,4,4,0,0,40,0,0,40,3.6
568,24,0,0,0,9.216000325977802,4,4,0,1,39,0,0,40,77.76
568,24,0,1,0,80.89599758386612,4,4,0,1,39,0,0,40,77.76
568,24,0,2,0,8.191999979317188,4,4,0,1,39,0,0,40,77.76
568,24,0,3,0,4.095999989658594,4,4,0,1,39,0,0,40,77.76
568,40,0,0,1,8.191999979317188,4,4,0,1,39,0,0,40,67.02
568,40,0,1,1,70.65600156784058,4,4,0,1,39,0,0,40,67.02
568,40,0,2,1,9.216000325977802,4,4,0,1,39,0,0,40,67.02
568,40,0,3,1,4.095999989658594,4,4,0,1,39,0,0,40,67.02
569,2,0,0,0,14.336000196635723,4,4,0,1,39,0,0,40,74.189
569,2,0,1,0,66.56000018119812,4,4,0,1,39,0,0,40,74.189
569,2,0,2,0,9.216000325977802,4,4,0,1,39,0,0,40,74.189
569,2,0,3,0,6.144000217318535,4,4,0,1,39,0,0,40,74.189
569,24,0,0,0,8.191999979317188,4,4,0,0,40,0,0,40,2.62
569,24,0,1,0,65.5359998345375,4,4,0,0,40,0,0,40,2.62
569,24,0,2,0,9.216000325977802,4,4,0,0,40,0,0,40,2.62
569,24,0,3,0,4.095999989658594,4,4,0,0,40,0,0,40,2.62
569,40,0,0,1,9.216000325977802,4,4,0,0,40,0,0,40,2.2
569,40,0,1,1,67.58400052785873,4,4,0,0,40,0,0,40,2.2
569,40,0,2,1,9.216000325977802,4,4,0,0,40,0,0,40,2.2
569,40,0,3,1,3.0720001086592674,4,4,0,0,40,0,0,40,2.2
570,2,0,0,0,8.191999979317188,4,4,0,1,39,0,0,40,82.17
570,2,0,1,0,79.8719972372055,4,4,0,1,39,0,0,40,82.17
570,2,0,2,0,8.191999979317188,4,4,0,1,39,0,0,40,82.17
570,2,0,3,0,4.095999989658594,4,4,0,1,39,0,0,40,82.17
570,24,0,0,0,8.191999979317188,4,4,0,0,40,0,0,40,4.72
570,24,0,1,0,84.99199897050858,4,4,0,0,40,0,0,40,4.72
570,24,0,2,0,9.216000325977802,4,4,0,0,40,0,0,40,4.72
570,24,0,3,0,4.095999989658594,4,4,0,0,40,0,0,40,4.72
570,40,0,0,1,10.239999741315842,4,4,0,1,39,0,0,40,79.57
570,40,0,1,1,79.8719972372055,4,4,0,1,39,0,0,40,79.57
570,40,0,2,1,9.216000325977802,4,4,0,1,39,0,0,40,79.57
570,40,0,3,1,4.095999989658594,4,4,0,1,39,0,0,40,79.57
571,2,0,0,0,15.359999611973763,4,4,0,2,38,0,0,40,72.31
571,2,0,1,0,69.63200122117996,4,4,0,2,38,0,0,40,72.31
571,2,0,2,0,9.216000325977802,4,4,0,2,38,0,0,40,72.31
571,2,0,3,0,6.144000217318535,4,4,0,2,38,0,0,40,72.31
571,24,0,0,0,8.191999979317188,4,4,0,1,39,0,0,40,75.891
571,24,0,1,0,88.06400001049042,4,4,0,1,39,0,0,40,75.891
571,24,0,2,0,9.216000325977802,4,4,0,1,39,0,0,40,75.891
571,24,0,3,0,4.095999989658594,4,4,0,1,39,0,0,40,75.891
571,40,0,0,1,8.191999979317188,4,4,0,0,40,0,0,40,2.72
571,40,0,1,1,89.08800035715103,4,4,0,0,40,0,0,40,2.72
571,40,0,2,1,9.216000325977802,4,4,0,0,40,0,0,40,2.72
571,40,0,3,1,5.119999870657921,4,4,0,0,40,0,0,40,2.72
572,2,0,0,0,9.216000325977802,2,2,0,0,20,0,0,20,1.09
572,2,0,1,0,52.22399905323982,2,2,0,0,20,0,0,20,1.09
572,2,0,2,0,9.216000325977802,2,2,0,0,20,0,0,20,1.09
572,2,0,3,0,6.144000217318535,2,2,0,0,20,0,0,20,1.09
572,24,0,0,0,15.359999611973763,2,2,0,0,20,0,0,20,1.349
572,24,0,1,0,51.19999870657921,2,2,0,0,20,0,0,20,1.349
572,24,0,2,0,9.216000325977802,2,2,0,0,20,0,0,20,1.349
572,24,0,3,0,4.095999989658594,2,2,0,0,20,0,0,20,1.349
572,40,0,0,1,9.216000325977802,2,2,0,0,20,0,0,20,2.81
572,40,0,1,1,45.05600035190582,2,2,0,0,20,0,0,20,2.81
572,40,0,2,1,9.216000325977802,2,2,0,0,20,0,0,20,2.81
572,40,0,3,1,4.095999989658594,2,2,0,0,20,0,0,20,2.81
573,2,0,0,0,14.336000196635723,4,4,0,0,40,0,0,40,2.69
573,2,0,1,0,77.82399654388428,4,4,0,0,40,0,0,40,2.69
573,2,0,2,0,9.216000325977802,4,4,0,0,40,0,0,40,2.69
573,2,0,3,0,5.119999870657921,4,4,0,0,40,0,0,40,2.69
573,24,0,0,0,9.216000325977802,4,4,0,0,40,0,0,40,2.511
573,24,0,1,0,72.7040022611618,4,4,0,0,40,0,0,40,2.511
573,24,0,2,0,9.216000325977802,4,4,0,0,40,0,0,40,2.511
573,24,0,3,0,4.095999989658594,4,4,0,0,40,0,0,40,2.511
573,40,0,0,1,15.359999611973763,4,4,0,1,39,0,0,40,140.5
573,40,0,1,1,51.19999870657921,4,4,0,1,39,0,0,40,140.5
573,40,0,2,1,9.216000325977802,4,4,0,1,39,0,0,40,140.5
573,40,0,3,1,60.416001826524734,4,4,0,1,39,0,0,40,140.5
574,2,0,0,0,14.336000196635723,4,4,0,2,38,0,0,40,136.059
574,2,0,1,0,80.89599758386612,4,4,0,2,38,0,0,40,136.059
574,2,0,2,0,9.216000325977802,4,4,0,2,38,0,0,40,136.059
574,2,0,3,0,26.623999699950218,4,4,0,2,38,0,0,40,136.059
574,24,0,0,0,15.359999611973763,4,4,0,0,40,0,0,40,2.76
574,24,0,1,0,65.5359998345375,4,4,0,0,40,0,0,40,2.76
574,24,0,2,0,9.216000325977802,4,4,0,0,40,0,0,40,2.76
574,24,0,3,0,4.095999989658594,4,4,0,0,40,0,0,40,2.76
574,40,0,0,1,8.191999979317188,4,4,0,1,39,0,0,40,81.79
574,40,0,1,1,65.5359998345375,4,4,0,1,39,0,0,40,81.79
574,40,0,2,1,9.216000325977802,4,4,0,1,39,0,0,40,81.79
574,40,0,3,1,4.095999989658594,4,4,0,1,39,0,0,40,81.79
575,2,0,0,0,9.216000325977802,4,4,0,2,38,0,0,40,94.529
575,2,0,1,0,76.80000364780426,4,4,0,2,38,0,0,40,94.529
575,2,0,2,0,9.216000325977802,4,4,0,2,38,0,0,40,94.529
575,2,0,3,0,5.119999870657921,4,4,0,2,38,0,0,40,94.529
575,24,0,0,0,8.191999979317188,4,4,0,0,40,0,0,40,2.5
575,24,0,1,0,69.63200122117996,4,4,0,0,40,0,0,40,2.5
575,24,0,2,0,9.216000325977802,4,4,0,0,40,0,0,40,2.5
575,24,0,3,0,4.095999989658594,4,4,0,0,40,0,0,40,2.5
575,40,0,0,1,9.216000325977802,4,4,0,0,40,0,0,40,1.84
575,40,0,1,1,57.34400078654289,4,4,0,0,40,0,0,40,1.84
575,40,0,2,1,9.216000325977802,4,4,0,0,40,0,0,40,1.84
575,40,0,3,1,4.095999989658594,4,4,0,0,40,0,0,40,1.84
576,2,0,0,0,14.336000196635723,4,4,0,0,40,0,0,40,3.451
576,2,0,1,0,88.06400001049042,4,4,0,0,40,0,0,40,3.451
576,2,0,2,0,9.216000325977802,4,4,0,0,40,0,0,40,3.451
576,2,0,3,0,5.119999870657921,4,4,0,0,40,0,0,40,3.451
576,24,0,0,0,8.191999979317188,4,4,0,0,40,0,0,40,2.94
576,24,0,1,0,75.77600330114365,4,4,0,0,40,0,0,40,2.94
576,24,0,2,0,8.191999979317188,4,4,0,0,40,0,0,40,2.94
576,24,0,3,0,4.095999989658594,4,4,0,0,40,0,0,40,2.94
576,40,0,0,1,9.216000325977802,4,4,0,2,38,0,0,40,145.97
576,40,0,1,1,91.13600105047226,4,4,0,2,38,0,0,40,145.97
576,40,0,2,1,9.216000325977802,4,4,0,2,38,0,0,40,145.97
576,40,0,3,1,32.76799991726875,4,4,0,2,38,0,0,40,145.97
577,2,0,0,0,13.311999849975109,4,4,0,0,40,0,0,40,6.06
577,2,0,1,0,86.01599931716919,4,4,0,0,40,0,0,40,6.06
577,2,0,2,0,9.216000325977802,4,4,0,0,40,0,0,40,6.06
577,2,0,3,0,7.168000098317862,4,4,0,0,40,0,0,40,6.06
577,24,0,0,0,8.191999979317188,4,4,0,0,40,0,0,40,2.469
577,24,0,1,0,74.75200295448303,4,4,0,0,40,0,0,40,2.469
577,24,0,2,0,9.216000325977802,4,4,0,0,40,0,0,40,2.469
577,24,0,3,0,4.095999989658594,4,4,0,0,40,0,0,40,2.469
577,40,0,0,1,15.359999611973763,4,4,0,3,37,0,0,40,104.749
577,40,0,1,1,94.2080020904541,4,4,0,3,37,0,0,40,104.749
577,40,0,2,1,9.216000325977802,4,4,0,3,37,0,0,40,104.749
577,40,0,3,1,4.095999989658594,4,4,0,3,37,0,0,40,104.749
578,2,0,0,0,13.311999849975109,4,4,0,0,40,0,0,40,3.34
578,2,0,1,0,86.01599931716919,4,4,0,0,40,0,0,40,3.34
578,2,0,2,0,8.191999979317188,4,4,0,0,40,0,0,40,3.34
578,2,0,3,0,7.168000098317862,4,4,0,0,40,0,0,40,3.34
578,24,0,0,0,8.191999979317188,4,4,0,0,40,0,0,40,2.269
578,24,0,1,0,79.8719972372055,4,4,0,0,40,0,0,40,2.269
578,24,0,2,0,9.216000325977802,4,4,0,0,40,0,0,40,2.269
578,24,0,3,0,4.095999989658594,4,4,0,0,40,0,0,40,2.269
578,40,0,0,1,9.216000325977802,4,4,0,3,37,0,0,40,128.879
578,40,0,1,1,79.8719972372055,4,4,0,3,37,0,0,40,128.879
578,40,0,2,1,8.191999979317188,4,4,0,3,37,0,0,40,128.879
578,40,0,3,1,27.648000046610832,4,4,0,3,37,0,0,40,128.879
579,2,0,0,0,8.191999979317188,4,4,0,0,40,0,0,40,2.32
579,2,0,1,0,75.77600330114365,4,4,0,0,40,0,0,40,2.32
579,2,0,2,0,8.191999979317188,4,4,0,0,40,0,0,40,2.32
579,2,0,3,0,4.095999989658594,4,4,0,0,40,0,0,40,2.32
579,24,0,0,0,7.168000098317862,4,4,0,0,40,0,0,40,2.289
579,24,0,1,0,57.34400078654289,4,4,0,0,40,0,0,40,2.289
579,24,0,2,0,8.191999979317188,4,4,0,0,40,0,0,40,2.289
579,24,0,3,0,4.095999989658594,4,4,0,0,40,0,0,40,2.289
579,40,0,0,1,10.239999741315842,4,4,0,0,40,0,0,40,2.67
579,40,0,1,1,68.60800087451935,4,4,0,0,40,0,0,40,2.67
579,40,0,2,1,9.216000325977802,4,4,0,0,40,0,0,40,2.67
579,40,0,3,1,4.095999989658594,4,4,0,0,40,0,0,40,2.67
580,2,0,0,0,15.359999611973763,4,4,0,1,39,0,0,40,74.08
580,2,0,1,0,87.0399996638298,4,4,0,1,39,0,0,40,74.08
580,2,0,2,0,9.216000325977802,4,4,0,1,39,0,0,40,74.08
580,2,0,3,0,4.095999989658594,4,4,0,1,39,0,0,40,74.08
580,24,0,0,0,8.191999979317188,4,4,0,0,40,0,0,40,3.06
580,24,0,1,0,64.51199948787689,4,4,0,0,40,0,0,40,3.06
580,24,0,2,0,9.216000325977802,4,4,0,0,40,0,0,40,3.06
580,24,0,3,0,4.095999989658594,4,4,0,0,40,0,0,40,3.06
580,40,0,0,1,9.216000325977802,4,4,0,0,40,0,0,40,2.05
580,40,0,1,1,68.60800087451935,4,4,0,0,40,0,0,40,2.05
580,40,0,2,1,9.216000325977802,4,4,0,0,40,0,0,40,2.05
580,40,0,3,1,4.095999989658594,4,4,0,0,40,0,0,40,2.05
581,2,0,0,0,10.239999741315842,2,2,0,0,20,0,0,20,1.14
581,2,0,1,0,49.15200173854828,2,2,0,0,20,0,0,20,1.14
581,2,0,2,0,8.191999979317188,2,2,0,0,20,0,0,20,1.14
581,2,0,3,0,9.216000325977802,2,2,0,0,20,0,0,20,1.14
581,24,0,0,0,10.239999741315842,2,2,0,0,20,0,0,20,1.231
581,24,0,1,0,46.08000069856644,2,2,0,0,20,0,0,20,1.231
581,24,0,2,0,9.216000325977802,2,2,0,0,20,0,0,20,1.231
581,24,0,3,0,4.095999989658594,2,2,0,0,20,0,0,20,1.231
581,40,0,0,1,9.216000325977802,2,2,0,0,20,0,0,20,1.13
581,40,0,1,1,46.08000069856644,2,2,0,0,20,0,0,20,1.13
581,40,0,2,1,9.216000325977802,2,2,0,0,20,0,0,20,1.13
581,40,0,3,1,4.095999989658594,2,2,0,0,20,0,0,20,1.13
582,2,0,0,0,9.216000325977802,1,1,0,0,10,0,0,10,0.68
582,2,0,1,0,31.74399957060814,1,1,0,0,10,0,0,10,0.68
582,2,0,2,0,9.216000325977802,1,1,0,0,10,0,0,10,0.68
582,2,0,3,0,5.119999870657921,1,1,0,0,10,0,0,10,0.68
582,24,0,0,0,9.216000325977802,1,1,0,0,10,0,0,10,0.469
582,24,0,1,0,31.74399957060814,1,1,0,0,10,0,0,10,0.469
582,24,0,2,0,9.216000325977802,1,1,0,0,10,0,0,10,0.469
582,24,0,3,0,4.095999989658594,1,1,0,0,10,0,0,10,0.469
582,40,0,0,1,8.191999979317188,1,1,0,0,10,0,0,10,0.56
582,40,0,1,1,34.81600061058998,1,1,0,0,10,0,0,10,0.56
582,40,0,2,1,9.216000325977802,1,1,0,0,10,0,0,10,0.56
582,40,0,3,1,4.095999989658594,1,1,0,0,10,0,0,10,0.56
583,2,0,0,0,10.239999741315842,1,1,0,0,10,0,0,10,0.72
583,2,0,1,0,32.76799991726875,1,1,0,0,10,0,0,10,0.72
583,2,0,2,0,8.191999979317188,1,1,0,0,10,0,0,10,0.72
583,2,0,3,0,4.095999989658594,1,1,0,0,10,0,0,10,0.72
583,24,0,0,0,9.216000325977802,1,1,0,0,10,0,0,10,0.98
583,24,0,1,0,31.74399957060814,1,1,0,0,10,0,0,10,0.98
583,24,0,2,0,8.191999979317188,1,1,0,0,10,0,0,10,0.98
583,24,0,3,0,3.0720001086592674,1,1,0,0,10,0,0,10,0.98
583,40,0,0,1,8.191999979317188,1,1,0,0,10,0,0,10,0.33
583,40,0,1,1,34.81600061058998,1,1,0,0,10,0,0,10,0.33
583,40,0,2,1,9.216000325977802,1,1,0,0,10,0,0,10,0.33
583,40,0,3,1,4.095999989658594,1,1,0,0,10,0,0,10,0.33
584,2,0,0,0,8.191999979317188,4,4,0,0,40,0,0,40,2.95
584,2,0,1,0,77.82399654388428,4,4,0,0,40,0,0,40,2.95
584,2,0,2,0,9.216000325977802,4,4,0,0,40,0,0,40,2.95
584,2,0,3,0,5.119999870657921,4,4,0,0,40,0,0,40,2.95
584,24,0,0,0,8.191999979317188,4,4,0,1,39,0,0,40,77.719
584,24,0,1,0,62.463998794555664,4,4,0,1,39,0,0,40,77.719
584,24,0,2,0,9.216000325977802,4,4,0,1,39,0,0,40,77.719
584,24,0,3,0,4.095999989658594,4,4,0,1,39,0,0,40,77.719
584,40,0,0,1,9.216000325977802,4,4,0,0,40,0,0,40,3.11
584,40,0,1,1,64.51199948787689,4,4,0,0,40,0,0,40,3.11
584,40,0,2,1,9.216000325977802,4,4,0,0,40,0,0,40,3.11
584,40,0,3,1,4.095999989658594,4,4,0,0,40,0,0,40,3.11
585,2,0,0,0,8.191999979317188,2,2,0,0,20,0,0,20,0.94
585,2,0,1,0,53.247999399900436,2,2,0,0,20,0,0,20,0.94
585,2,0,2,0,9.216000325977802,2,2,0,0,20,0,0,20,0.94
585,2,0,3,0,5.119999870657921,2,2,0,0,20,0,0,20,0.94
585,24,0,0,0,9.216000325977802,2,2,0,1,19,0,0,20,117.329
585,24,0,1,0,49.15200173854828,2,2,0,1,19,0,0,20,117.329
585,24,0,2,0,8.191999979317188,2,2,0,1,19,0,0,20,117.329
585,24,0,3,0,47.10400104522705,2,2,0,1,19,0,0,20,117.329
585,40,0,0,1,8.191999979317188,2,2,0,0,20,0,0,20,0.77
585,40,0,1,1,49.15200173854828,2,2,0,0,20,0,0,20,0.77
585,40,0,2,1,9.216000325977802,2,2,0,0,20,0,0,20,0.77
585,40,0,3,1,4.095999989658594,2,2,0,0,20,0,0,20,0.77
586,2,0,0,0,14.336000196635723,4,4,0,0,40,0,0,40,1.92
586,2,0,1,0,83.96799862384796,4,4,0,0,40,0,0,40,1.92
586,2,0,2,0,9.216000325977802,4,4,0,0,40,0,0,40,1.92
586,2,0,3,0,5.119999870657921,4,4,0,0,40,0,0,40,1.92
586,24,0,0,0,7.168000098317862,4,4,0,1,39,0,0,40,69.4
586,24,0,1,0,75.77600330114365,4,4,0,1,39,0,0,40,69.4
586,24,0,2,0,8.191999979317188,4,4,0,1,39,0,0,40,69.4
586,24,0,3,0,4.095999989658594,4,4,0,1,39,0,0,40,69.4
586,40,0,0,1,9.216000325977802,4,4,0,1,39,0,0,40,61.84
586,40,0,1,1,71.68000191450119,4,4,0,1,39,0,0,40,61.84
586,40,0,2,1,9.216000325977802,4,4,0,1,39,0,0,40,61.84
586,40,0,3,1,4.095999989658594,4,4,0,1,39,0,0,40,61.84
587,2,0,0,0,14.336000196635723,4,4,0,0,40,0,0,40,2.169
587,2,0,1,0,69.63200122117996,4,4,0,0,40,0,0,40,2.169
587,2,0,2,0,9.216000325977802,4,4,0,0,40,0,0,40,2.169
587,2,0,3,0,5.119999870657921,4,4,0,0,40,0,0,40,2.169
587,24,0,0,0,8.191999979317188,4,4,0,1,39,0,0,40,49.129
587,24,0,1,0,53.247999399900436,4,4,0,1,39,0,0,40,49.129
587,24,0,2,0,8.191999979317188,4,4,0,1,39,0,0,40,49.129
587,24,0,3,0,4.095999989658594,4,4,0,1,39,0,0,40,49.129
587,40,0,0,1,9.216000325977802,4,4,0,5,35,0,0,40,181.689
587,40,0,1,1,52.22399905323982,4,4,0,5,35,0,0,40,181.689
587,40,0,2,1,9.216000325977802,4,4,0,5,35,0,0,40,181.689
587,40,0,3,1,107.51999914646149,4,4,0,5,35,0,0,40,181.689
588,2,0,0,0,13.311999849975109,4,4,0,0,40,0,0,40,2.19
588,2,0,1,0,84.99199897050858,4,4,0,0,40,0,0,40,2.19
588,2,0,2,0,9.216000325977802,4,4,0,0,40,0,0,40,2.19
588,2,0,3,0,5.119999870657921,4,4,0,0,40,0,0,40,2.19
588,24,0,0,0,9.216000325977802,4,4,0,1,39,0,0,40,56.41
588,24,0,1,0,73.72800260782242,4,4,0,1,39,0,0,40,56.41
588,24,0,2,0,8.191999979317188,4,4,0,1,39,0,0,40,56.41
588,24,0,3,0,4.095999989658594,4,4,0,1,39,0,0,40,56.41
588,40,0,0,1,9.216000325977802,4,4,0,1,39,0,0,40,110.379
588,40,0,1,1,68.60800087451935,4,4,0,1,39,0,0,40,110.379
588,40,0,2,1,10.239999741315842,4,4,0,1,39,0,0,40,110.379
588,40,0,3,1,19.45599913597107,4,4,0,1,39,0,0,40,110.379
589,2,0,0,0,15.359999611973763,4,4,0,1,39,0,0,40,72.42
589,2,0,1,0,75.77600330114365,4,4,0,1,39,0,0,40,72.42
589,2,0,2,0,9.216000325977802,4,4,0,1,39,0,0,40,72.42
589,2,0,3,0,5.119999870657921,4,4,0,1,39,0,0,40,72.42
589,24,0,0,0,9.216000325977802,4,4,0,1,39,0,0,40,58.75
589,24,0,1,0,60.416001826524734,4,4,0,1,39,0,0,40,58.75
589,24,0,2,0,9.216000325977802,4,4,0,1,39,0,0,40,58.75
589,24,0,3,0,4.095999989658594,4,4,0,1,39,0,0,40,58.75
589,40,0,0,1,16.383999958634377,4,4,0,1,39,0,0,40,59.769
589,40,0,1,1,78.84799689054489,4,4,0,1,39,0,0,40,59.769
589,40,0,2,1,9.216000325977802,4,4,0,1,39,0,0,40,59.769
589,40,0,3,1,4.095999989658594,4,4,0,1,39,0,0,40,59.769
590,2,0,0,0,13.311999849975109,4,4,0,0,40,0,0,40,5.07
590,2,0,1,0,82.94399827718735,4,4,0,0,40,0,0,40,5.07
590,2,0,2,0,9.216000325977802,4,4,0,0,40,0,0,40,5.07
590,2,0,3,0,5.119999870657921,4,4,0,0,40,0,0,40,5.07
590,24,0,0,0,8.191999979317188,4,4,0,0,40,0,0,40,1.87
590,24,0,1,0,77.82399654388428,4,4,0,0,40,0,0,40,1.87
590,24,0,2,0,8.191999979317188,4,4,0,0,40,0,0,40,1.87
590,24,0,3,0,4.095999989658594,4,4,0,0,40,0,0,40,1.87
590,40,0,0,1,9.216000325977802,4,4,0,0,40,0,0,40,1.45
590,40,0,1,1,69.63200122117996,4,4,0,0,40,0,0,40,1.45
590,40,0,2,1,9.216000325977802,4,4,0,0,40,0,0,40,1.45
590,40,0,3,1,4.095999989658594,4,4,0,0,40,0,0,40,1.45
591,2,0,0,0,2415.616035461426,3,3,0,0,30,0,0,30,6.209
591,2,0,1,0,62.463998794555664,3,3,0,0,30,0,0,30,6.209
591,2,0,2,0,9.216000325977802,3,3,0,0,30,0,0,30,6.209
591,2,0,3,0,5.119999870657921,3,3,0,0,30,0,0,30,6.209
591,24,0,0,0,9.216000325977802,3,3,0,0,30,0,0,30,2.43
591,24,0,1,0,50.175998359918594,3,3,0,0,30,0,0,30,2.43
591,24,0,2,0,9.216000325977802,3,3,0,0,30,0,0,30,2.43
591,24,0,3,0,4.095999989658594,3,3,0,0,30,0,0,30,2.43
591,40,0,0,1,9.216000325977802,3,3,0,1,29,0,0,30,69.72
591,40,0,1,1,57.34400078654289,3,3,0,1,29,0,0,30,69.72
591,40,0,2,1,9.216000325977802,3,3,0,1,29,0,0,30,69.72
591,40,0,3,1,4.095999989658594,3,3,0,1,29,0,0,30,69.72
592,2,0,0,0,8.191999979317188,4,4,0,1,39,0,0,40,66.589
592,2,0,1,0,87.0399996638298,4,4,0,1,39,0,0,40,66.589
592,2,0,2,0,9.216000325977802,4,4,0,1,39,0,0,40,66.589
592,2,0,3,0,5.119999870657921,4,4,0,1,39,0,0,40,66.589
592,24,0,0,0,8.191999979317188,4,4,0,0,40,0,0,40,1.58
592,24,0,1,0,71.68000191450119,4,4,0,0,40,0,0,40,1.58
592,24,0,2,0,9.216000325977802,4,4,0,0,40,0,0,40,1.58
592,24,0,3,0,4.095999989658594,4,4,0,0,40,0,0,40,1.58
592,40,0,0,1,8.191999979317188,4,4,0,1,39,0,0,40,71.42
592,40,0,1,1,81.91999793052673,4,4,0,1,39,0,0,40,71.42
592,40,0,2,1,9.216000325977802,4,4,0,1,39,0,0,40,71.42
592,40,0,3,1,4.095999989658594,4,4,0,1,39,0,0,40,71.42
593,2,0,0,0,8.191999979317188,3,3,0,1,29,0,0,30,50.45
593,2,0,1,0,53.247999399900436,3,3,0,1,29,0,0,30,50.45
593,2,0,2,0,8.191999979317188,3,3,0,1,29,0,0,30,50.45
593,2,0,3,0,5.119999870657921,3,3,0,1,29,0,0,30,50.45
593,24,0,0,0,8.191999979317188,3,3,0,3,27,0,0,30,100.99
593,24,0,1,0,59.39200147986412,3,3,0,3,27,0,0,30,100.99
593,24,0,2,0,9.216000325977802,3,3,0,3,27,0,0,30,100.99
593,24,0,3,0,20.479999482631683,3,3,0,3,27,0,0,30,100.99
593,40,0,0,1,8.191999979317188,3,3,0,4,26,0,0,30,124.42
593,40,0,1,1,54.27199974656105,3,3,0,4,26,0,0,30,124.42
593,40,0,2,1,9.216000325977802,3,3,0,4,26,0,0,30,124.42
593,40,0,3,1,48.128001391887665,3,3,0,4,26,0,0,30,124.42
594,2,0,0,0,9.216000325977802,2,2,0,0,20,0,0,20,0.88
594,2,0,1,0,53.247999399900436,2,2,0,0,20,0,0,20,0.88
594,2,0,2,0,9.216000325977802,2,2,0,0,20,0,0,20,0.88
594,2,0,3,0,8.191999979317188,2,2,0,0,20,0,0,20,0.88
594,24,0,0,0,8.191999979317188,2,2,0,0,20,0,0,20,0.88
594,24,0,1,0,49.15200173854828,2,2,0,0,20,0,0,20,0.88
594,24,0,2,0,9.216000325977802,2,2,0,0,20,0,0,20,0.88
594,24,0,3,0,4.095999989658594,2,2,0,0,20,0,0,20,0.88
594,40,0,0,1,8.191999979317188,2,2,0,0,20,0,0,20,0.58
594,40,0,1,1,49.15200173854828,2,2,0,0,20,0,0,20,0.58
594,40,0,2,1,9.216000325977802,2,2,0,0,20,0,0,20,0.58
594,40,0,3,1,4.095999989658594,2,2,0,0,20,0,0,20,0.58
595,2,0,0,0,13.311999849975109,4,4,0,0,40,0,0,40,2.59
595,2,0,1,0,86.01599931716919,4,4,0,0,40,0,0,40,2.59
595,2,0,2,0,9.216000325977802,4,4,0,0,40,0,0,40,2.59
595,2,0,3,0,4.095999989658594,4,4,0,0,40,0,0,40,2.59
595,24,0,0,0,8.191999979317188,4,4,0,0,40,0,0,40,1.66
595,24,0,1,0,63.48799914121628,4,4,0,0,40,0,0,40,1.66
595,24,0,2,0,9.216000325977802,4,4,0,0,40,0,0,40,1.66
595,24,0,3,0,3.0720001086592674,4,4,0,0,40,0,0,40,1.66
595,40,0,0,1,9.216000325977802,4,4,0,0,40,0,0,40,1.35
595,40,0,1,1,52.22399905323982,4,4,0,0,40,0,0,40,1.35
595,40,0,2,1,9.216000325977802,4,4,0,0,40,0,0,40,1.35
595,40,0,3,1,4.095999989658594,4,4,0,0,40,0,0,40,1.35
596,2,0,0,0,15.359999611973763,3,3,0,0,30,0,0,30,1.87
596,2,0,1,0,55.296000093221664,3,3,0,0,30,0,0,30,1.87
596,2,0,2,0,9.216000325977802,3,3,0,0,30,0,0,30,1.87
596,2,0,3,0,4.095999989658594,3,3,0,0,30,0,0,30,1.87
596,24,0,0,0,9.216000325977802,3,3,0,0,30,0,0,30,1.32
596,24,0,1,0,56.32000043988228,3,3,0,0,30,0,0,30,1.32
596,24,0,2,0,9.216000325977802,3,3,0,0,30,0,0,30,1.32
596,24,0,3,0,4.095999989658594,3,3,0,0,30,0,0,30,1.32
596,40,0,0,1,8.191999979317188,3,3,0,0,30,0,0,30,1.349
596,40,0,1,1,64.51199948787689,3,3,0,0,30,0,0,30,1.349
596,40,0,2,1,9.216000325977802,3,3,0,0,30,0,0,30,1.349
596,40,0,3,1,4.095999989658594,3,3,0,0,30,0,0,30,1.349
597,2,0,0,0,15.359999611973763,4,4,0,0,40,0,0,40,1.92
597,2,0,1,0,77.82399654388428,4,4,0,0,40,0,0,40,1.92
597,2,0,2,0,9.216000325977802,4,4,0,0,40,0,0,40,1.92
597,2,0,3,0,4.095999989658594,4,4,0,0,40,0,0,40,1.92
597,24,0,0,0,8.191999979317188,4,4,0,2,38,0,0,40,74.519
597,24,0,1,0,55.296000093221664,4,4,0,2,38,0,0,40,74.519
597,24,0,2,0,9.216000325977802,4,4,0,2,38,0,0,40,74.519
597,24,0,3,0,4.095999989658594,4,4,0,2,38,0,0,40,74.519
597,40,0,0,1,14.336000196635723,4,4,0,2,38,0,0,40,74.83
597,40,0,1,1,60.416001826524734,4,4,0,2,38,0,0,40,74.83
597,40,0,2,1,9.216000325977802,4,4,0,2,38,0,0,40,74.83
597,40,0,3,1,4.095999989658594,4,4,0,2,38,0,0,40,74.83
598,2,0,0,0,15.359999611973763,4,4,0,0,40,0,0,40,1.91
598,2,0,1,0,95.23200243711472,4,4,0,0,40,0,0,40,1.91
598,2,0,2,0,9.216000325977802,4,4,0,0,40,0,0,40,1.91
598,2,0,3,0,6.144000217318535,4,4,0,0,40,0,0,40,1.91
598,24,0,0,0,9.216000325977802,4,4,0,0,40,0,0,40,1.7
598,24,0,1,0,72.7040022611618,4,4,0,0,40,0,0,40,1.7
598,24,0,2,0,9.216000325977802,4,4,0,0,40,0,0,40,1.7
598,24,0,3,0,4.095999989658594,4,4,0,0,40,0,0,40,1.7
598,40,0,0,1,18.432000651955605,4,4,0,3,37,0,0,40,96.949
598,40,0,1,1,75.77600330114365,4,4,0,3,37,0,0,40,96.949
598,40,0,2,1,9.216000325977802,4,4,0,3,37,0,0,40,96.949
598,40,0,3,1,4.095999989658594,4,4,0,3,37,0,0,40,96.949
599,2,0,0,0,14.336000196635723,4,4,0,0,40,0,0,40,1.94
599,2,0,1,0,77.82399654388428,4,4,0,0,40,0,0,40,1.94
599,2,0,2,0,9.216000325977802,4,4,0,0,40,0,0,40,1.94
599,2,0,3,0,6.144000217318535,4,4,0,0,40,0,0,40,1.94
599,24,0,0,0,8.191999979317188,4,4,0,4,36,0,0,40,122.25
599,24,0,1,0,63.48799914121628,4,4,0,4,36,0,0,40,122.25
599,24,0,2,0,9.216000325977802,4,4,0,4,36,0,0,40,122.25
599,24,0,3,0,37.88800165057182,4,4,0,4,36,0,0,40,122.25
599,40,0,0,1,15.359999611973763,4,4,0,4,36,0,0,40,155.628
599,40,0,1,1,66.56000018119812,4,4,0,4,36,0,0,40,155.628
599,40,0,2,1,9.216000325977802,4,4,0,4,36,0,0,40,155.628
599,40,0,3,1,60.416001826524734,4,4,0,4,36,0,0,40,155.628
600,2,0,0,0,9.216000325977802,2,2,0,0,20,0,0,20,0.91
600,2,0,1,0,49.15200173854828,2,2,0,0,20,0,0,20,0.91
600,2,0,2,0,8.191999979317188,2,2,0,0,20,0,0,20,0.91
600,2,0,3,0,5.119999870657921,2,2,0,0,20,0,0,20,0.91
600,24,0,0,0,9.216000325977802,2,2,0,0,20,0,0,20,0.7
600,24,0,1,0,48.128001391887665,2,2,0,0,20,0,0,20,0.7
600,24,0,2,0,9.216000325977802,2,2,0,0,20,0,0,20,0.7
600,24,0,3,0,4.095999989658594,2,2,0,0,20,0,0,20,0.7
600,40,0,0,1,10.239999741315842,2,2,0,1,19,0,0,20,57.52
600,40,0,1,1,37.88800165057182,2,2,0,1,19,0,0,20,57.52
600,40,0,2,1,9.216000325977802,2,2,0,1,19,0,0,20,57.52
600,40,0,3,1,4.095999989658594,2,2,0,1,19,0,0,20,57.52
601,2,0,0,0,14.336000196635723,4,4,0,0,40,0,0,40,2.209
601,2,0,1,0,73.72800260782242,4,4,0,0,40,0,0,40,2.209
601,2,0,2,0,9.216000325977802,4,4,0,0,40,0,0,40,2.209
601,2,0,3,0,4.095999989658594,4,4,0,0,40,0,0,40,2.209
601,24,0,0,0,8.191999979317188,4,4,0,0,40,0,0,40,4.131
601,24,0,1,0,71.68000191450119,4,4,0,0,40,0,0,40,4.131
601,24,0,2,0,9.216000325977802,4,4,0,0,40,0,0,40,4.131
601,24,0,3,0,4.095999989658594,4,4,0,0,40,0,0,40,4.131
601,40,0,0,1,8.191999979317188,4,4,0,0,40,0,0,40,2.84
601,40,0,1,1,83.96799862384796,4,4,0,0,40,0,0,40,2.84
601,40,0,2,1,9.216000325977802,4,4,0,0,40,0,0,40,2.84
601,40,0,3,1,4.095999989658594,4,4,0,0,40,0,0,40,2.84
602,2,0,0,0,9.216000325977802,4,4,0,1,39,0,0,40,74.229
602,2,0,1,0,81.91999793052673,4,4,0,1,39,0,0,40,74.229
602,2,0,2,0,8.191999979317188,4,4,0,1,39,0,0,40,74.229
602,2,0,3,0,5.119999870657921,4,4,0,1,39,0,0,40,74.229
602,24,0,0,0,8.191999979317188,4,4,0,0,40,0,0,40,2.56
602,24,0,1,0,86.01599931716919,4,4,0,0,40,0,0,40,2.56
602,24,0,2,0,8.191999979317188,4,4,0,0,40,0,0,40,2.56
602,24,0,3,0,4.095999989658594,4,4,0,0,40,0,0,40,2.56
602,40,0,0,1,9.216000325977802,4,4,0,0,40,0,0,40,3.78
602,40,0,1,1,70.65600156784058,4,4,0,0,40,0,0,40,3.78
602,40,0,2,1,9.216000325977802,4,4,0,0,40,0,0,40,3.78
602,40,0,3,1,4.095999989658594,4,4,0,0,40,0,0,40,3.78
603,2,0,0,0,8.191999979317188,3,3,0,0,30,0,0,30,2.18
603,2,0,1,0,60.416001826524734,3,3,0,0,30,0,0,30,2.18
603,2,0,2,0,9.216000325977802,3,3,0,0,30,0,0,30,2.18
603,2,0,3,0,5.119999870657921,3,3,0,0,30,0,0,30,2.18
603,24,0,0,0,9.216000325977802,3,3,0,0,30,0,0,30,1.81
603,24,0,1,0,59.39200147986412,3,3,0,0,30,0,0,30,1.81
603,24,0,2,0,9.216000325977802,3,3,0,0,30,0,0,30,1.81
603,24,0,3,0,4.095999989658594,3,3,0,0,30,0,0,30,1.81
603,40,0,0,1,8.191999979317188,3,3,0,0,30,0,0,30,1.78
603,40,0,1,1,67.58400052785873,3,3,0,0,30,0,0,30,1.78
603,40,0,2,1,9.216000325977802,3,3,0,0,30,0,0,30,1.78
603,40,0,3,1,4.095999989658594,3,3,0,0,30,0,0,30,1.78
604,2,0,0,0,16.383999958634377,3,3,0,0,30,0,0,30,3.86
604,2,0,1,0,73.72800260782242,3,3,0,0,30,0,0,30,3.86
604,2,0,2,0,9.216000325977802,3,3,0,0,30,0,0,30,3.86
604,2,0,3,0,5.119999870657921,3,3,0,0,30,0,0,30,3.86
604,24,0,0,0,8.191999979317188,3,3,0,0,30,0,0,30,1.92
604,24,0,1,0,59.39200147986412,3,3,0,0,30,0,0,30,1.92
604,24,0,2,0,9.216000325977802,3,3,0,0,30,0,0,30,1.92
604,24,0,3,0,4.095999989658594,3,3,0,0,30,0,0,30,1.92
604,40,0,0,1,9.216000325977802,3,3,0,0,30,0,0,30,1.42
604,40,0,1,1,61.43999844789505,3,3,0,0,30,0,0,30,1.42
604,40,0,2,1,9.216000325977802,3,3,0,0,30,0,0,30,1.42
604,40,0,3,1,5.119999870657921,3,3,0,0,30,0,0,30,1.42
605,2,0,0,0,14.336000196635723,4,4,0,0,40,0,0,40,5.56
605,2,0,1,0,84.99199897050858,4,4,0,0,40,0,0,40,5.56
605,2,0,2,0,9.216000325977802,4,4,0,0,40,0,0,40,5.56
605,2,0,3,0,4.095999989658594,4,4,0,0,40,0,0,40,5.56
605,24,0,0,0,8.191999979317188,4,4,0,1,39,0,0,40,77.18
605,24,0,1,0,65.5359998345375,4,4,0,1,39,0,0,40,77.18
605,24,0,2,0,9.216000325977802,4,4,0,1,39,0,0,40,77.18
605,24,0,3,0,4.095999989658594,4,4,0,1,39,0,0,40,77.18
605,40,0,0,1,8.191999979317188,4,4,0,0,40,0,0,40,4.84
605,40,0,1,1,62.463998794555664,4,4,0,0,40,0,0,40,4.84
605,40,0,2,1,9.216000325977802,4,4,0,0,40,0,0,40,4.84
605,40,0,3,1,4.095999989658594,4,4,0,0,40,0,0,40,4.84
606,2,0,0,0,9.216000325977802,2,2,0,0,20,0,0,20,1.829
606,2,0,1,0,52.22399905323982,2,2,0,0,20,0,0,20,1.829
606,2,0,2,0,9.216000325977802,2,2,0,0,20,0,0,20,1.829
606,2,0,3,0,6.144000217318535,2,2,0,0,20,0,0,20,1.829
606,24,0,0,0,9.216000325977802,2,2,0,0,20,0,0,20,1.25
606,24,0,1,0,49.15200173854828,2,2,0,0,20,0,0,20,1.25
606,24,0,2,0,8.191999979317188,2,2,0,0,20,0,0,20,1.25
606,24,0,3,0,4.095999989658594,2,2,0,0,20,0,0,20,1.25
606,40,0,0,1,8.191999979317188,2,2,0,0,20,0,0,20,3.469
606,40,0,1,1,54.27199974656105,2,2,0,0,20,0,0,20,3.469
606,40,0,2,1,9.216000325977802,2,2,0,0,20,0,0,20,3.469
606,40,0,3,1,4.095999989658594,2,2,0,0,20,0,0,20,3.469
607,2,0,0,0,10.239999741315842,2,2,0,0,20,0,0,20,3.98
607,2,0,1,0,51.19999870657921,2,2,0,0,20,0,0,20,3.98
607,2,0,2,0,9.216000325977802,2,2,0,0,20,0,0,20,3.98
607,2,0,3,0,6.144000217318535,2,2,0,0,20,0,0,20,3.98
607,24,0,0,0,8.191999979317188,2,2,0,0,20,0,0,20,3.94
607,24,0,1,0,45.05600035190582,2,2,0,0,20,0,0,20,3.94
607,24,0,2,0,9.216000325977802,2,2,0,0,20,0,0,20,3.94
607,24,0,3,0,4.095999989658594,2,2,0,0,20,0,0,20,3.94
607,40,0,0,1,10.239999741315842,2,2,0,0,20,0,0,20,0.87
607,40,0,1,1,48.128001391887665,2,2,0,0,20,0,0,20,0.87
607,40,0,2,1,9.216000325977802,2,2,0,0,20,0,0,20,0.87
607,40,0,3,1,4.095999989658594,2,2,0,0,20,0,0,20,0.87
608,2,0,0,0,9.216000325977802,4,4,0,0,40,0,0,40,3.349
608,2,0,1,0,87.0399996638298,4,4,0,0,40,0,0,40,3.349
608,2,0,2,0,9.216000325977802,4,4,0,0,40,0,0,40,3.349
608,2,0,3,0,5.119999870657921,4,4,0,0,40,0,0,40,3.349
608,24,0,0,0,8.191999979317188,4,4,0,0,40,0,0,40,2.22
608,24,0,1,0,71.68000191450119,4,4,0,0,40,0,0,40,2.22
608,24,0,2,0,9.216000325977802,4,4,0,0,40,0,0,40,2.22
608,24,0,3,0,3.0720001086592674,4,4,0,0,40,0,0,40,2.22
608,40,0,0,1,9.216000325977802,4,4,0,0,40,0,0,40,4.52
608,40,0,1,1,56.32000043988228,4,4,0,0,40,0,0,40,4.52
608,40,0,2,1,9.216000325977802,4,4,0,0,40,0,0,40,4.52
608,40,0,3,1,5.119999870657921,4,4,0,0,40,0,0,40,4.52
609,2,0,0,0,9.216000325977802,2,2,0,0,20,0,0,20,1.34
609,2,0,1,0,46.08000069856644,2,2,0,0,20,0,0,20,1.34
609,2,0,2,0,9.216000325977802,2,2,0,0,20,0,0,20,1.34
609,2,0,3,0,5.119999870657921,2,2,0,0,20,0,0,20,1.34
609,24,0,0,0,10.239999741315842,2,2,0,0,20,0,0,20,0.99
609,24,0,1,0,41.98399931192398,2,2,0,0,20,0,0,20,0.99
609,24,0,2,0,9.216000325977802,2,2,0,0,20,0,0,20,0.99
609,24,0,3,0,4.095999989658594,2,2,0,0,20,0,0,20,0.99
609,40,0,0,1,9.216000325977802,2,2,0,0,20,0,0,20,2.82
609,40,0,1,1,44.03200000524521,2,2,0,0,20,0,0,20,2.82
609,40,0,2,1,9.216000325977802,2,2,0,0,20,0,0,20,2.82
609,40,0,3,1,4.095999989658594,2,2,0,0,20,0,0,20,2.82
610,2,0,0,0,8.191999979317188,1,1,0,0,10,0,0,10,0.79
610,2,0,1,0,31.74399957060814,1,1,0,0,10,0,0,10,0.79
610,2,0,2,0,9.216000325977802,1,1,0,0,10,0,0,10,0.79
610,2,0,3,0,4.095999989658594,1,1,0,0,10,0,0,10,0.79
610,24,0,0,0,9.216000325977802,1,1,0,0,10,0,0,10,0.62
610,24,0,1,0,32.76799991726875,1,1,0,0,10,0,0,10,0.62
610,24,0,2,0,8.191999979317188,1,1,0,0,10,0,0,10,0.62
610,24,0,3,0,4.095999989658594,1,1,0,0,10,0,0,10,0.62
610,40,0,0,1,8.191999979317188,1,1,0,0,10,0,0,10,0.7
610,40,0,1,1,34.81600061058998,1,1,0,0,10,0,0,10,0.7
610,40,0,2,1,9.216000325977802,1,1,0,0,10,0,0,10,0.7
610,40,0,3,1,5.119999870657921,1,1,0,0,10,0,0,10,0.7
611,2,0,0,0,9.216000325977802,1,1,0,0,10,0,0,10,0.911
611,2,0,1,0,32.76799991726875,1,1,0,0,10,0,0,10,0.911
611,2,0,2,0,9.216000325977802,1,1,0,0,10,0,0,10,0.911
611,2,0,3,0,4.095999989658594,1,1,0,0,10,0,0,10,0.911
611,24,0,0,0,9.216000325977802,1,1,0,0,10,0,0,10,0.41
611,24,0,1,0,32.76799991726875,1,1,0,0,10,0,0,10,0.41
611,24,0,2,0,9.216000325977802,1,1,0,0,10,0,0,10,0.41
611,24,0,3,0,4.095999989658594,1,1,0,0,10,0,0,10,0.41
611,40,0,0,1,9.216000325977802,1,1,0,0,10,0,0,10,0.79
611,40,0,1,1,34.81600061058998,1,1,0,0,10,0,0,10,0.79
611,40,0,2,1,8.191999979317188,1,1,0,0,10,0,0,10,0.79
611,40,0,3,1,4.095999989658594,1,1,0,0,10,0,0,10,0.79
612,2,0,0,0,14.336000196635723,4,4,0,0,40,0,0,40,3.06
612,2,0,1,0,83.96799862384796,4,4,0,0,40,0,0,40,3.06
612,2,0,2,0,8.191999979317188,4,4,0,0,40,0,0,40,3.06
612,2,0,3,0,5.119999870657921,4,4,0,0,40,0,0,40,3.06
612,24,0,0,0,8.191999979317188,4,4,0,0,40,0,0,40,3.97
612,24,0,1,0,68.60800087451935,4,4,0,0,40,0,0,40,3.97
612,24,0,2,0,8.191999979317188,4,4,0,0,40,0,0,40,3.97
612,24,0,3,0,4.095999989658594,4,4,0,0,40,0,0,40,3.97
612,40,0,0,1,9.216000325977802,4,4,0,0,40,0,0,40,1.8
612,40,0,1,1,58.36800113320351,4,4,0,0,40,0,0,40,1.8
612,40,0,2,1,8.191999979317188,4,4,0,0,40,0,0,40,1.8
612,40,0,3,1,4.095999989658594,4,4,0,0,40,0,0,40,1.8
613,2,0,0,0,14.336000196635723,4,4,0,1,39,0,0,40,62.7
613,2,0,1,0,84.99199897050858,4,4,0,1,39,0,0,40,62.7
613,2,0,2,0,9.216000325977802,4,4,0,1,39,0,0,40,62.7
613,2,0,3,0,7.168000098317862,4,4,0,1,39,0,0,40,62.7
613,24,0,0,0,8.191999979317188,4,4,0,0,40,0,0,40,4.02
613,24,0,1,0,73.72800260782242,4,4,0,0,40,0,0,40,4.02
613,24,0,2,0,9.216000325977802,4,4,0,0,40,0,0,40,4.02
613,24,0,3,0,4.095999989658594,4,4,0,0,40,0,0,40,4.02
613,40,0,0,1,15.359999611973763,4,4,0,1,39,0,0,40,77.429
613,40,0,1,1,87.0399996638298,4,4,0,1,39,0,0,40,77.429
613,40,0,2,1,8.191999979317188,4,4,0,1,39,0,0,40,77.429
613,40,0,3,1,4.095999989658594,4,4,0,1,39,0,0,40,77.429
614,2,0,0,0,15.359999611973763,4,4,0,0,40,0,0,40,2.48
614,2,0,1,0,72.7040022611618,4,4,0,0,40,0,0,40,2.48
614,2,0,2,0,9.216000325977802,4,4,0,0,40,0,0,40,2.48
614,2,0,3,0,5.119999870657921,4,4,0,0,40,0,0,40,2.48
614,24,0,0,0,9.216000325977802,4,4,0,0,40,0,0,40,2.65
614,24,0,1,0,62.463998794555664,4,4,0,0,40,0,0,40,2.65
614,24,0,2,0,9.216000325977802,4,4,0,0,40,0,0,40,2.65
614,24,0,3,0,4.095999989658594,4,4,0,0,40,0,0,40,2.65
614,40,0,0,1,15.359999611973763,4,4,0,1,39,0,0,40,97.96
614,40,0,1,1,88.06400001049042,4,4,0,1,39,0,0,40,97.96
614,40,0,2,1,9.216000325977802,4,4,0,1,39,0,0,40,97.96
614,40,0,3,1,4.095999989658594,4,4,0,1,39,0,0,40,97.96
615,2,0,0,0,14.336000196635723,4,4,0,1,39,0,0,40,73.491
615,2,0,1,0,79.8719972372055,4,4,0,1,39,0,0,40,73.491
615,2,0,2,0,9.216000325977802,4,4,0,1,39,0,0,40,73.491
615,2,0,3,0,4.095999989658594,4,4,0,1,39,0,0,40,73.491
615,24,0,0,0,8.191999979317188,4,4,0,0,40,0,0,40,2.629
615,24,0,1,0,77.82399654388428,4,4,0,0,40,0,0,40,2.629
615,24,0,2,0,9.216000325977802,4,4,0,0,40,0,0,40,2.629
615,24,0,3,0,4.095999989658594,4,4,0,0,40,0,0,40,2.629
615,40,0,0,1,15.359999611973763,4,4,0,1,39,0,0,40,96.569
615,40,0,1,1,97.28000313043594,4,4,0,1,39,0,0,40,96.569
615,40,0,2,1,9.216000325977802,4,4,0,1,39,0,0,40,96.569
615,40,0,3,1,4.095999989658594,4,4,0,1,39,0,0,40,96.569
616,2,0,0,0,13.311999849975109,4,4,0,0,40,0,0,40,4.499
616,2,0,1,0,75.77600330114365,4,4,0,0,40,0,0,40,4.499
616,2,0,2,0,9.216000325977802,4,4,0,0,40,0,0,40,4.499
616,2,0,3,0,5.119999870657921,4,4,0,0,40,0,0,40,4.499
616,24,0,0,0,8.191999979317188,4,4,0,0,40,0,0,40,2.3
616,24,0,1,0,71.68000191450119,4,4,0,0,40,0,0,40,2.3
616,24,0,2,0,9.216000325977802,4,4,0,0,40,0,0,40,2.3
616,24,0,3,0,4.095999989658594,4,4,0,0,40,0,0,40,2.3
616,40,0,0,1,9.216000325977802,4,4,0,0,40,0,0,40,2.79
616,40,0,1,1,89.08800035715103,4,4,0,0,40,0,0,40,2.79
616,40,0,2,1,9.216000325977802,4,4,0,0,40,0,0,40,2.79
616,40,0,3,1,4.095999989658594,4,4,0,0,40,0,0,40,2.79
617,2,0,0,0,14.336000196635723,4,4,0,0,40,0,0,40,3.03
617,2,0,1,0,95.23200243711472,4,4,0,0,40,0,0,40,3.03
617,2,0,2,0,9.216000325977802,4,4,0,0,40,0,0,40,3.03
617,2,0,3,0,4.095999989658594,4,4,0,0,40,0,0,40,3.03
617,24,0,0,0,8.191999979317188,4,4,0,0,40,0,0,40,2.24
617,24,0,1,0,76.80000364780426,4,4,0,0,40,0,0,40,2.24
617,24,0,2,0,9.216000325977802,4,4,0,0,40,0,0,40,2.24
617,24,0,3,0,4.095999989658594,4,4,0,0,40,0,0,40,2.24
617,40,0,0,1,8.191999979317188,4,4,0,1,39,0,0,40,81.38
617,40,0,1,1,87.0399996638298,4,4,0,1,39,0,0,40,81.38
617,40,0,2,1,9.216000325977802,4,4,0,1,39,0,0,40,81.38
617,40,0,3,1,4.095999989658594,4,4,0,1,39,0,0,40,81.38
618,2,0,0,0,14.336000196635723,4,4,0,0,40,0,0,40,2.77
618,2,0,1,0,77.82399654388428,4,4,0,0,40,0,0,40,2.77
618,2,0,2,0,9.216000325977802,4,4,0,0,40,0,0,40,2.77
618,2,0,3,0,5.119999870657921,4,4,0,0,40,0,0,40,2.77
618,24,0,0,0,8.191999979317188,4,4,0,0,40,0,0,40,4.149
618,24,0,1,0,86.01599931716919,4,4,0,0,40,0,0,40,4.149
618,24,0,2,0,9.216000325977802,4,4,0,0,40,0,0,40,4.149
618,24,0,3,0,4.095999989658594,4,4,0,0,40,0,0,40,4.149
618,40,0,0,1,9.216000325977802,4,4,0,0,40,0,0,40,3.74
618,40,0,1,1,102.39999741315842,4,4,0,0,40,0,0,40,3.74
618,40,0,2,1,9.216000325977802,4,4,0,0,40,0,0,40,3.74
618,40,0,3,1,4.095999989658594,4,4,0,0,40,0,0,40,3.74
619,2,0,0,0,8.191999979317188,4,4,0,1,39,0,0,40,68.259
619,2,0,1,0,55.296000093221664,4,4,0,1,39,0,0,40,68.259
619,2,0,2,0,9.216000325977802,4,4,0,1,39,0,0,40,68.259
619,2,0,3,0,4.095999989658594,4,4,0,1,39,0,0,40,68.259
619,24,0,0,0,8.191999979317188,4,4,0,3,37,0,0,40,108.48
619,24,0,1,0,77.82399654388428,4,4,0,3,37,0,0,40,108.48
619,24,0,2,0,10.239999741315842,4,4,0,3,37,0,0,40,108.48
619,24,0,3,0,9.216000325977802,4,4,0,3,37,0,0,40,108.48
619,40,0,0,1,9.216000325977802,4,4,0,0,40,0,0,40,4.76
619,40,0,1,1,101.3759970664978,4,4,0,0,40,0,0,40,4.76
619,40,0,2,1,9.216000325977802,4,4,0,0,40,0,0,40,4.76
619,40,0,3,1,4.095999989658594,4,4,0,0,40,0,0,40,4.76
620,2,0,0,0,15.359999611973763,4,4,0,1,39,0,0,40,81.219
620,2,0,1,0,93.18400174379349,4,4,0,1,39,0,0,40,81.219
620,2,0,2,0,9.216000325977802,4,4,0,1,39,0,0,40,81.219
620,2,0,3,0,5.119999870657921,4,4,0,1,39,0,0,40,81.219
620,24,0,0,0,9.216000325977802,4,4,0,3,37,0,0,40,115.079
620,24,0,1,0,72.7040022611618,4,4,0,3,37,0,0,40,115.079
620,24,0,2,0,9.216000325977802,4,4,0,3,37,0,0,40,115.079
620,24,0,3,0,20.479999482631683,4,4,0,3,37,0,0,40,115.079
620,40,0,0,1,8.191999979317188,4,4,0,2,38,0,0,40,90.91
620,40,0,1,1,77.82399654388428,4,4,0,2,38,0,0,40,90.91
620,40,0,2,1,9.216000325977802,4,4,0,2,38,0,0,40,90.91
620,40,0,3,1,4.095999989658594,4,4,0,2,38,0,0,40,90.91
621,2,0,0,0,9.216000325977802,3,3,0,0,30,0,0,30,2.19
621,2,0,1,0,65.5359998345375,3,3,0,0,30,0,0,30,2.19
621,2,0,2,0,9.216000325977802,3,3,0,0,30,0,0,30,2.19
621,2,0,3,0,5.119999870657921,3,3,0,0,30,0,0,30,2.19
621,24,0,0,0,9.216000325977802,3,3,0,0,30,0,0,30,1.84
621,24,0,1,0,53.247999399900436,3,3,0,0,30,0,0,30,1.84
621,24,0,2,0,9.216000325977802,3,3,0,0,30,0,0,30,1.84
621,24,0,3,0,4.095999989658594,3,3,0,0,30,0,0,30,1.84
621,40,0,0,1,9.216000325977802,3,3,0,0,30,0,0,30,1.91
621,40,0,1,1,60.416001826524734,3,3,0,0,30,0,0,30,1.91
621,40,0,2,1,9.216000325977802,3,3,0,0,30,0,0,30,1.91
621,40,0,3,1,4.095999989658594,3,3,0,0,30,0,0,30,1.91
622,2,0,0,0,9.216000325977802,1,1,0,0,10,0,0,10,0.88
622,2,0,1,0,31.74399957060814,1,1,0,0,10,0,0,10,0.88
622,2,0,2,0,9.216000325977802,1,1,0,0,10,0,0,10,0.88
622,2,0,3,0,5.119999870657921,1,1,0,0,10,0,0,10,0.88
622,24,0,0,0,9.216000325977802,1,1,0,0,10,0,0,10,1.07
622,24,0,1,0,32.76799991726875,1,1,0,0,10,0,0,10,1.07
622,24,0,2,0,8.191999979317188,1,1,0,0,10,0,0,10,1.07
622,24,0,3,0,4.095999989658594,1,1,0,0,10,0,0,10,1.07
622,40,0,0,1,8.191999979317188,1,1,0,0,10,0,0,10,0.48
622,40,0,1,1,35.840000957250595,1,1,0,0,10,0,0,10,0.48
622,40,0,2,1,9.216000325977802,1,1,0,0,10,0,0,10,0.48
622,40,0,3,1,4.095999989658594,1,1,0,0,10,0,0,10,0.48
623,2,0,0,0,14.336000196635723,4,4,0,1,39,0,0,40,66.67
623,2,0,1,0,67.58400052785873,4,4,0,1,39,0,0,40,66.67
623,2,0,2,0,8.191999979317188,4,4,0,1,39,0,0,40,66.67
623,2,0,3,0,7.168000098317862,4,4,0,1,39,0,0,40,66.67
623,24,0,0,0,9.216000325977802,4,4,0,1,39,0,0,40,58.68
623,24,0,1,0,53.247999399900436,4,4,0,1,39,0,0,40,58.68
623,24,0,2,0,9.216000325977802,4,4,0,1,39,0,0,40,58.68
623,24,0,3,0,4.095999989658594,4,4,0,1,39,0,0,40,58.68
623,40,0,0,1,10.239999741315842,4,4,0,0,40,0,0,40,2.82
623,40,0,1,1,81.91999793052673,4,4,0,0,40,0,0,40,2.82
623,40,0,2,1,8.191999979317188,4,4,0,0,40,0,0,40,2.82
623,40,0,3,1,3.0720001086592674,4,4,0,0,40,0,0,40,2.82
624,2,0,0,0,10.239999741315842,4,4,0,1,39,0,0,40,87.06
624,2,0,1,0,74.75200295448303,4,4,0,1,39,0,0,40,87.06
624,2,0,2,0,9.216000325977802,4,4,0,1,39,0,0,40,87.06
624,2,0,3,0,4.095999989658594,4,4,0,1,39,0,0,40,87.06
624,24,0,0,0,8.191999979317188,4,4,0,0,40,0,0,40,2.751
624,24,0,1,0,67.58400052785873,4,4,0,0,40,0,0,40,2.751
624,24,0,2,0,8.191999979317188,4,4,0,0,40,0,0,40,2.751
624,24,0,3,0,4.095999989658594,4,4,0,0,40,0,0,40,2.751
624,40,0,0,1,9.216000325977802,4,4,0,0,40,0,0,40,2.38
624,40,0,1,1,83.96799862384796,4,4,0,0,40,0,0,40,2.38
624,40,0,2,1,9.216000325977802,4,4,0,0,40,0,0,40,2.38
624,40,0,3,1,5.119999870657921,4,4,0,0,40,0,0,40,2.38
625,2,0,0,0,8.191999979317188,2,2,0,0,20,0,0,20,1.3
625,2,0,1,0,53.247999399900436,2,2,0,0,20,0,0,20,1.3
625,2,0,2,0,8.191999979317188,2,2,0,0,20,0,0,20,1.3
625,2,0,3,0,5.119999870657921,2,2,0,0,20,0,0,20,1.3
625,24,0,0,0,10.239999741315842,2,2,0,0,20,0,0,20,1.08
625,24,0,1,0,46.08000069856644,2,2,0,0,20,0,0,20,1.08
625,24,0,2,0,9.216000325977802,2,2,0,0,20,0,0,20,1.08
625,24,0,3,0,4.095999989658594,2,2,0,0,20,0,0,20,1.08
625,40,0,0,1,8.191999979317188,2,2,0,0,20,0,0,20,1.17
625,40,0,1,1,47.10400104522705,2,2,0,0,20,0,0,20,1.17
625,40,0,2,1,9.216000325977802,2,2,0,0,20,0,0,20,1.17
625,40,0,3,1,4.095999989658594,2,2,0,0,20,0,0,20,1.17
626,2,0,0,0,14.336000196635723,4,4,0,0,40,0,0,40,3.019
626,2,0,1,0,83.96799862384796,4,4,0,0,40,0,0,40,3.019
626,2,0,2,0,9.216000325977802,4,4,0,0,40,0,0,40,3.019
626,2,0,3,0,5.119999870657921,4,4,0,0,40,0,0,40,3.019
626,24,0,0,0,8.191999979317188,4,4,0,0,40,0,0,40,2.26
626,24,0,1,0,59.39200147986412,4,4,0,0,40,0,0,40,2.26
626,24,0,2,0,9.216000325977802,4,4,0,0,40,0,0,40,2.26
626,24,0,3,0,4.095999989658594,4,4,0,0,40,0,0,40,2.26
626,40,0,0,1,9.216000325977802,4,4,0,0,40,0,0,40,1.76
626,40,0,1,1,46.08000069856644,4,4,0,0,40,0,0,40,1.76
626,40,0,2,1,9.216000325977802,4,4,0,0,40,0,0,40,1.76
626,40,0,3,1,4.095999989658594,4,4,0,0,40,0,0,40,1.76
627,2,0,0,0,8.191999979317188,2,2,0,0,20,0,0,20,1.22
627,2,0,1,0,40.95999896526337,2,2,0,0,20,0,0,20,1.22
627,2,0,2,0,9.216000325977802,2,2,0,0,20,0,0,20,1.22
627,2,0,3,0,6.144000217318535,2,2,0,0,20,0,0,20,1.22
627,24,0,0,0,8.191999979317188,2,2,0,0,20,0,0,20,2.74
627,24,0,1,0,43.007999658584595,2,2,0,0,20,0,0,20,2.74
627,24,0,2,0,9.216000325977802,2,2,0,0,20,0,0,20,2.74
627,24,0,3,0,4.095999989658594,2,2,0,0,20,0,0,20,2.74
627,40,0,0,1,9.216000325977802,2,2,0,0,20,0,0,20,1.779
627,40,0,1,1,55.296000093221664,2,2,0,0,20,0,0,20,1.779
627,40,0,2,1,9.216000325977802,2,2,0,0,20,0,0,20,1.779
627,40,0,3,1,5.119999870657921,2,2,0,0,20,0,0,20,1.779
628,2,0,0,0,14.336000196635723,4,4,0,0,40,0,0,40,2.389
628,2,0,1,0,71.68000191450119,4,4,0,0,40,0,0,40,2.389
628,2,0,2,0,9.216000325977802,4,4,0,0,40,0,0,40,2.389
628,2,0,3,0,4.095999989658594,4,4,0,0,40,0,0,40,2.389
628,24,0,0,0,9.216000325977802,4,4,0,1,39,0,0,40,90.439
628,24,0,1,0,84.99199897050858,4,4,0,1,39,0,0,40,90.439
628,24,0,2,0,9.216000325977802,4,4,0,1,39,0,0,40,90.439
628,24,0,3,0,4.095999989658594,4,4,0,1,39,0,0,40,90.439
628,40,0,0,1,8.191999979317188,4,4,0,0,40,0,0,40,1.951
628,40,0,1,1,65.5359998345375,4,4,0,0,40,0,0,40,1.951
628,40,0,2,1,9.216000325977802,4,4,0,0,40,0,0,40,1.951
628,40,0,3,1,5.119999870657921,4,4,0,0,40,0,0,40,1.951
629,2,0,0,0,14.336000196635723,4,4,0,0,40,0,0,40,2.64
629,2,0,1,0,60.416001826524734,4,4,0,0,40,0,0,40,2.64
629,2,0,2,0,8.191999979317188,4,4,0,0,40,0,0,40,2.64
629,2,0,3,0,4.095999989658594,4,4,0,0,40,0,0,40,2.64
629,24,0,0,0,8.191999979317188,4,4,0,0,40,0,0,40,4.369
629,24,0,1,0,61.43999844789505,4,4,0,0,40,0,0,40,4.369
629,24,0,2,0,9.216000325977802,4,4,0,0,40,0,0,40,4.369
629,24,0,3,0,4.095999989658594,4,4,0,0,40,0,0,40,4.369
629,40,0,0,1,9.216000325977802,4,4,0,0,40,0,0,40,2.731
629,40,0,1,1,71.68000191450119,4,4,0,0,40,0,0,40,2.731
629,40,0,2,1,9.216000325977802,4,4,0,0,40,0,0,40,2.731
629,40,0,3,1,4.095999989658594,4,4,0,0,40,0,0,40,2.731
630,2,0,0,0,14.336000196635723,4,4,0,0,40,0,0,40,4.5
630,2,0,1,0,72.7040022611618,4,4,0,0,40,0,0,40,4.5
630,2,0,2,0,9.216000325977802,4,4,0,0,40,0,0,40,4.5
630,2,0,3,0,4.095999989658594,4,4,0,0,40,0,0,40,4.5
630,24,0,0,0,9.216000325977802,4,4,0,2,38,0,0,40,105.44
630,24,0,1,0,78.84799689054489,4,4,0,2,38,0,0,40,105.44
630,24,0,2,0,9.216000325977802,4,4,0,2,38,0,0,40,105.44
630,24,0,3,0,4.095999989658594,4,4,0,2,38,0,0,40,105.44
630,40,0,0,1,9.216000325977802,4,4,0,0,40,0,0,40,4.789
630,40,0,1,1,77.82399654388428,4,4,0,0,40,0,0,40,4.789
630,40,0,2,1,9.216000325977802,4,4,0,0,40,0,0,40,4.789
630,40,0,3,1,4.095999989658594,4,4,0,0,40,0,0,40,4.789
631,2,0,0,0,14.336000196635723,4,4,0,0,40,0,0,40,3.62
631,2,0,1,0,81.91999793052673,4,4,0,0,40,0,0,40,3.62
631,2,0,2,0,9.216000325977802,4,4,0,0,40,0,0,40,3.62
631,2,0,3,0,6.144000217318535,4,4,0,0,40,0,0,40,3.62
631,24,0,0,0,8.191999979317188,4,4,0,3,37,0,0,40,149.64
631,24,0,1,0,69.63200122117996,4,4,0,3,37,0,0,40,149.64
631,24,0,2,0,9.216000325977802,4,4,0,3,37,0,0,40,149.64
631,24,0,3,0,59.39200147986412,4,4,0,3,37,0,0,40,149.64
631,40,0,0,1,15.359999611973763,4,4,0,2,38,0,0,40,251.679
631,40,0,1,1,76.80000364780426,4,4,0,2,38,0,0,40,251.679
631,40,0,2,1,9.216000325977802,4,4,0,2,38,0,0,40,251.679
631,40,0,3,1,146.43199741840363,4,4,0,2,38,0,0,40,251.679
632,2,0,0,0,14.336000196635723,4,4,0,1,39,0,0,40,87.839
632,2,0,1,0,77.82399654388428,4,4,0,1,39,0,0,40,87.839
632,2,0,2,0,9.216000325977802,4,4,0,1,39,0,0,40,87.839
632,2,0,3,0,5.119999870657921,4,4,0,1,39,0,0,40,87.839
632,24,0,0,0,8.191999979317188,4,4,0,1,39,0,0,40,63.68
632,24,0,1,0,73.72800260782242,4,4,0,1,39,0,0,40,63.68
632,24,0,2,0,9.216000325977802,4,4,0,1,39,0,0,40,63.68
632,24,0,3,0,4.095999989658594,4,4,0,1,39,0,0,40,63.68
632,40,0,0,1,15.359999611973763,4,4,0,2,38,0,0,40,147.77
632,40,0,1,1,78.84799689054489,4,4,0,2,38,0,0,40,147.77
632,40,0,2,1,8.191999979317188,4,4,0,2,38,0,0,40,147.77
632,40,0,3,1,39.93599861860275,4,4,0,2,38,0,0,40,147.77
633,2,0,0,0,15.359999611973763,4,4,0,1,39,0,0,40,66.8
633,2,0,1,0,76.80000364780426,4,4,0,1,39,0,0,40,66.8
633,2,0,2,0,8.191999979317188,4,4,0,1,39,0,0,40,66.8
633,2,0,3,0,6.144000217318535,4,4,0,1,39,0,0,40,66.8
633,24,0,0,0,8.191999979317188,4,4,0,0,40,0,0,40,2.431
633,24,0,1,0,71.68000191450119,4,4,0,0,40,0,0,40,2.431
633,24,0,2,0,8.191999979317188,4,4,0,0,40,0,0,40,2.431
633,24,0,3,0,4.095999989658594,4,4,0,0,40,0,0,40,2.431
633,40,0,0,1,9.216000325977802,4,4,0,0,40,0,0,40,2.43
633,40,0,1,1,71.68000191450119,4,4,0,0,40,0,0,40,2.43
633,40,0,2,1,9.216000325977802,4,4,0,0,40,0,0,40,2.43
633,40,0,3,1,4.095999989658594,4,4,0,0,40,0,0,40,2.43
634,2,0,0,0,8.191999979317188,2,2,0,0,20,0,0,20,1.431
634,2,0,1,0,52.22399905323982,2,2,0,0,20,0,0,20,1.431
634,2,0,2,0,9.216000325977802,2,2,0,0,20,0,0,20,1.431
634,2,0,3,0,6.144000217318535,2,2,0,0,20,0,0,20,1.431
634,24,0,0,0,8.191999979317188,2,2,0,0,20,0,0,20,2.89
634,24,0,1,0,45.05600035190582,2,2,0,0,20,0,0,20,2.89
634,24,0,2,0,9.216000325977802,2,2,0,0,20,0,0,20,2.89
634,24,0,3,0,5.119999870657921,2,2,0,0,20,0,0,20,2.89
634,40,0,0,1,11.264000087976456,2,2,0,0,20,0,0,20,3.071
634,40,0,1,1,44.03200000524521,2,2,0,0,20,0,0,20,3.071
634,40,0,2,1,9.216000325977802,2,2,0,0,20,0,0,20,3.071
634,40,0,3,1,4.095999989658594,2,2,0,0,20,0,0,20,3.071
635,2,0,0,0,9.216000325977802,4,4,0,1,39,0,0,40,63.56
635,2,0,1,0,80.89599758386612,4,4,0,1,39,0,0,40,63.56
635,2,0,2,0,9.216000325977802,4,4,0,1,39,0,0,40,63.56
635,2,0,3,0,5.119999870657921,4,4,0,1,39,0,0,40,63.56
635,24,0,0,0,8.191999979317188,4,4,0,0,40,0,0,40,2.569
635,24,0,1,0,59.39200147986412,4,4,0,0,40,0,0,40,2.569
635,24,0,2,0,9.216000325977802,4,4,0,0,40,0,0,40,2.569
635,24,0,3,0,4.095999989658594,4,4,0,0,40,0,0,40,2.569
635,40,0,0,1,8.191999979317188,4,4,0,0,40,0,0,40,2.26
635,40,0,1,1,63.48799914121628,4,4,0,0,40,0,0,40,2.26
635,40,0,2,1,9.216000325977802,4,4,0,0,40,0,0,40,2.26
635,40,0,3,1,4.095999989658594,4,4,0,0,40,0,0,40,2.26
636,2,0,0,0,14.336000196635723,4,4,0,0,40,0,0,40,2.76
636,2,0,1,0,86.01599931716919,4,4,0,0,40,0,0,40,2.76
636,2,0,2,0,8.191999979317188,4,4,0,0,40,0,0,40,2.76
636,2,0,3,0,5.119999870657921,4,4,0,0,40,0,0,40,2.76
636,24,0,0,0,8.191999979317188,4,4,0,0,40,0,0,40,2.18
636,24,0,1,0,64.51199948787689,4,4,0,0,40,0,0,40,2.18
636,24,0,2,0,9.216000325977802,4,4,0,0,40,0,0,40,2.18
636,24,0,3,0,4.095999989658594,4,4,0,0,40,0,0,40,2.18
636,40,0,0,1,8.191999979317188,4,4,0,0,40,0,0,40,2.11
636,40,0,1,1,77.82399654388428,4,4,0,0,40,0,0,40,2.11
636,40,0,2,1,9.216000325977802,4,4,0,0,40,0,0,40,2.11
636,40,0,3,1,4.095999989658594,4,4,0,0,40,0,0,40,2.11
637,2,0,0,0,15.359999611973763,4,4,0,0,40,0,0,40,3.13
637,2,0,1,0,68.60800087451935,4,4,0,0,40,0,0,40,3.13
637,2,0,2,0,9.216000325977802,4,4,0,0,40,0,0,40,3.13
637,2,0,3,0,5.119999870657921,4,4,0,0,40,0,0,40,3.13
637,24,0,0,0,8.191999979317188,4,4,0,0,40,0,0,40,1.96
637,24,0,1,0,61.43999844789505,4,4,0,0,40,0,0,40,1.96
637,24,0,2,0,9.216000325977802,4,4,0,0,40,0,0,40,1.96
637,24,0,3,0,4.095999989658594,4,4,0,0,40,0,0,40,1.96
637,40,0,0,1,8.191999979317188,4,4,0,0,40,0,0,40,2.371
637,40,0,1,1,68.60800087451935,4,4,0,0,40,0,0,40,2.371
637,40,0,2,1,9.216000325977802,4,4,0,0,40,0,0,40,2.371
637,40,0,3,1,4.095999989658594,4,4,0,0,40,0,0,40,2.371
638,2,0,0,0,9.216000325977802,4,4,0,0,40,0,0,40,2.91
638,2,0,1,0,79.8719972372055,4,4,0,0,40,0,0,40,2.91
638,2,0,2,0,9.216000325977802,4,4,0,0,40,0,0,40,2.91
638,2,0,3,0,5.119999870657921,4,4,0,0,40,0,0,40,2.91
638,24,0,0,0,8.191999979317188,4,4,0,1,39,0,0,40,277.719
638,24,0,1,0,64.51199948787689,4,4,0,1,39,0,0,40,277.719
638,24,0,2,0,9.216000325977802,4,4,0,1,39,0,0,40,277.719
638,24,0,3,0,193.53599846363068,4,4,0,1,39,0,0,40,277.719
638,40,0,0,1,15.359999611973763,4,4,0,3,37,0,0,40,145.31
638,40,0,1,1,77.82399654388428,4,4,0,3,37,0,0,40,145.31
638,40,0,2,1,8.191999979317188,4,4,0,3,37,0,0,40,145.31
638,40,0,3,1,44.03200000524521,4,4,0,3,37,0,0,40,145.31
639,2,0,0,0,15.359999611973763,4,4,0,0,40,0,0,40,4.409
639,2,0,1,0,72.7040022611618,4,4,0,0,40,0,0,40,4.409
639,2,0,2,0,9.216000325977802,4,4,0,0,40,0,0,40,4.409
639,2,0,3,0,4.095999989658594,4,4,0,0,40,0,0,40,4.409
639,24,0,0,0,9.216000325977802,4,4,0,0,40,0,0,40,2.709
639,24,0,1,0,63.48799914121628,4,4,0,0,40,0,0,40,2.709
639,24,0,2,0,9.216000325977802,4,4,0,0,40,0,0,40,2.709
639,24,0,3,0,4.095999989658594,4,4,0,0,40,0,0,40,2.709
639,40,0,0,1,9.216000325977802,4,4,0,0,40,0,0,40,2.62
639,40,0,1,1,81.91999793052673,4,4,0,0,40,0,0,40,2.62
639,40,0,2,1,9.216000325977802,4,4,0,0,40,0,0,40,2.62
639,40,0,3,1,4.095999989658594,4,4,0,0,40,0,0,40,2.62
640,2,0,0,0,14.336000196635723,4,4,0,2,38,0,0,40,105.669
640,2,0,1,0,66.56000018119812,4,4,0,2,38,0,0,40,105.669
640,2,0,2,0,9.216000325977802,4,4,0,2,38,0,0,40,105.669
640,2,0,3,0,13.311999849975109,4,4,0,2,38,0,0,40,105.669
640,24,0,0,0,9.216000325977802,4,4,0,0,40,0,0,40,3.81
640,24,0,1,0,65.5359998345375,4,4,0,0,40,0,0,40,3.81
640,24,0,2,0,9.216000325977802,4,4,0,0,40,0,0,40,3.81
640,24,0,3,0,4.095999989658594,4,4,0,0,40,0,0,40,3.81
640,40,0,0,1,9.216000325977802,4,4,0,1,39,0,0,40,76.759
640,40,0,1,1,79.8719972372055,4,4,0,1,39,0,0,40,76.759
640,40,0,2,1,9.216000325977802,4,4,0,1,39,0,0,40,76.759
640,40,0,3,1,4.095999989658594,4,4,0,1,39,0,0,40,76.759
641,2,0,0,0,9.216000325977802,4,4,0,1,39,0,0,40,58.1
641,2,0,1,0,72.7040022611618,4,4,0,1,39,0,0,40,58.1
641,2,0,2,0,9.216000325977802,4,4,0,1,39,0,0,40,58.1
641,2,0,3,0,4.095999989658594,4,4,0,1,39,0,0,40,58.1
641,24,0,0,0,9.216000325977802,4,4,0,0,40,0,0,40,4.89
641,24,0,1,0,67.58400052785873,4,4,0,0,40,0,0,40,4.89
641,24,0,2,0,9.216000325977802,4,4,0,0,40,0,0,40,4.89
641,24,0,3,0,3.0720001086592674,4,4,0,0,40,0,0,40,4.89
641,40,0,0,1,8.191999979317188,4,4,0,2,38,0,0,40,70.34
641,40,0,1,1,77.82399654388428,4,4,0,2,38,0,0,40,70.34
641,40,0,2,1,9.216000325977802,4,4,0,2,38,0,0,40,70.34
641,40,0,3,1,4.095999989658594,4,4,0,2,38,0,0,40,70.34
642,2,0,0,0,14.336000196635723,4,4,0,1,39,0,0,40,96.329
642,2,0,1,0,78.84799689054489,4,4,0,1,39,0,0,40,96.329
642,2,0,2,0,9.216000325977802,4,4,0,1,39,0,0,40,96.329
642,2,0,3,0,4.095999989658594,4,4,0,1,39,0,0,40,96.329
642,24,0,0,0,8.191999979317188,4,4,0,0,40,0,0,40,2.86
642,24,0,1,0,81.91999793052673,4,4,0,0,40,0,0,40,2.86
642,24,0,2,0,9.216000325977802,4,4,0,0,40,0,0,40,2.86
642,24,0,3,0,5.119999870657921,4,4,0,0,40,0,0,40,2.86
642,40,0,0,1,15.359999611973763,4,4,0,2,38,0,0,40,136.21
642,40,0,1,1,64.51199948787689,4,4,0,2,38,0,0,40,136.21
642,40,0,2,1,9.216000325977802,4,4,0,2,38,0,0,40,136.21
642,40,0,3,1,47.10400104522705,4,4,0,2,38,0,0,40,136.21
643,2,0,0,0,9.216000325977802,2,2,0,0,20,0,0,20,1.47
643,2,0,1,0,53.247999399900436,2,2,0,0,20,0,0,20,1.47
643,2,0,2,0,8.191999979317188,2,2,0,0,20,0,0,20,1.47
643,2,0,3,0,5.119999870657921,2,2,0,0,20,0,0,20,1.47
643,24,0,0,0,9.216000325977802,2,2,0,0,20,0,0,20,3.03
643,24,0,1,0,44.03200000524521,2,2,0,0,20,0,0,20,3.03
643,24,0,2,0,8.191999979317188,2,2,0,0,20,0,0,20,3.03
643,24,0,3,0,4.095999989658594,2,2,0,0,20,0,0,20,3.03
643,40,0,0,1,9.216000325977802,2,2,0,0,20,0,0,20,0.969
643,40,0,1,1,45.05600035190582,2,2,0,0,20,0,0,20,0.969
643,40,0,2,1,9.216000325977802,2,2,0,0,20,0,0,20,0.969
643,40,0,3,1,4.095999989658594,2,2,0,0,20,0,0,20,0.969
644,2,0,0,0,8.191999979317188,4,4,0,1,39,0,0,40,69.82
644,2,0,1,0,71.68000191450119,4,4,0,1,39,0,0,40,69.82
644,2,0,2,0,9.216000325977802,4,4,0,1,39,0,0,40,69.82
644,2,0,3,0,7.168000098317862,4,4,0,1,39,0,0,40,69.82
644,24,0,0,0,8.191999979317188,4,4,0,1,39,0,0,40,64.949
644,24,0,1,0,70.65600156784058,4,4,0,1,39,0,0,40,64.949
644,24,0,2,0,9.216000325977802,4,4,0,1,39,0,0,40,64.949
644,24,0,3,0,4.095999989658594,4,4,0,1,39,0,0,40,64.949
644,40,0,0,1,15.359999611973763,4,4,0,1,39,0,0,40,152.32
644,40,0,1,1,81.91999793052673,4,4,0,1,39,0,0,40,152.32
644,40,0,2,1,10.239999741315842,4,4,0,1,39,0,0,40,152.32
644,40,0,3,1,40.95999896526337,4,4,0,1,39,0,0,40,152.32
645,2,0,0,0,8.191999979317188,4,4,0,0,40,0,0,40,4.92
645,2,0,1,0,76.80000364780426,4,4,0,0,40,0,0,40,4.92
645,2,0,2,0,9.216000325977802,4,4,0,0,40,0,0,40,4.92
645,2,0,3,0,8.191999979317188,4,4,0,0,40,0,0,40,4.92
645,24,0,0,0,8.191999979317188,4,4,0,0,40,0,0,40,2.25
645,24,0,1,0,87.0399996638298,4,4,0,0,40,0,0,40,2.25
645,24,0,2,0,8.191999979317188,4,4,0,0,40,0,0,40,2.25
645,24,0,3,0,4.095999989658594,4,4,0,0,40,0,0,40,2.25
645,40,0,0,1,14.336000196635723,4,4,0,1,39,0,0,40,64.07
645,40,0,1,1,79.8719972372055,4,4,0,1,39,0,0,40,64.07
645,40,0,2,1,9.216000325977802,4,4,0,1,39,0,0,40,64.07
645,40,0,3,1,4.095999989658594,4,4,0,1,39,0,0,40,64.07
646,2,0,0,0,8.191999979317188,1,1,0,0,10,0,0,10,0.631
646,2,0,1,0,32.76799991726875,1,1,0,0,10,0,0,10,0.631
646,2,0,2,0,9.216000325977802,1,1,0,0,10,0,0,10,0.631
646,2,0,3,0,5.119999870657921,1,1,0,0,10,0,0,10,0.631
646,24,0,0,0,9.216000325977802,1,1,0,0,10,0,0,10,0.74
646,24,0,1,0,31.74399957060814,1,1,0,0,10,0,0,10,0.74
646,24,0,2,0,9.216000325977802,1,1,0,0,10,0,0,10,0.74
646,24,0,3,0,4.095999989658594,1,1,0,0,10,0,0,10,0.74
646,40,0,0,1,8.191999979317188,1,1,0,0,10,0,0,10,0.62
646,40,0,1,1,34.81600061058998,1,1,0,0,10,0,0,10,0.62
646,40,0,2,1,9.216000325977802,1,1,0,0,10,0,0,10,0.62
646,40,0,3,1,4.095999989658594,1,1,0,0,10,0,0,10,0.62
647,2,0,0,0,16.383999958634377,3,3,0,0,30,0,0,30,1.7
647,2,0,1,0,58.36800113320351,3,3,0,0,30,0,0,30,1.7
647,2,0,2,0,9.216000325977802,3,3,0,0,30,0,0,30,1.7
647,2,0,3,0,5.119999870657921,3,3,0,0,30,0,0,30,1.7
647,24,0,0,0,9.216000325977802,3,3,0,0,30,0,0,30,2.62
647,24,0,1,0,54.27199974656105,3,3,0,0,30,0,0,30,2.62
647,24,0,2,0,9.216000325977802,3,3,0,0,30,0,0,30,2.62
647,24,0,3,0,4.095999989658594,3,3,0,0,30,0,0,30,2.62
647,40,0,0,1,8.191999979317188,3,3,0,0,30,0,0,30,3.98
647,40,0,1,1,74.75200295448303,3,3,0,0,30,0,0,30,3.98
647,40,0,2,1,9.216000325977802,3,3,0,0,30,0,0,30,3.98
647,40,0,3,1,4.095999989658594,3,3,0,0,30,0,0,30,3.98
648,2,0,0,0,13.311999849975109,4,4,0,0,40,0,0,40,3.14
648,2,0,1,0,82.94399827718735,4,4,0,0,40,0,0,40,3.14
648,2,0,2,0,9.216000325977802,4,4,0,0,40,0,0,40,3.14
648,2,0,3,0,5.119999870657921,4,4,0,0,40,0,0,40,3.14
648,24,0,0,0,8.191999979317188,4,4,0,1,39,0,0,40,73.25
648,24,0,1,0,68.60800087451935,4,4,0,1,39,0,0,40,73.25
648,24,0,2,0,9.216000325977802,4,4,0,1,39,0,0,40,73.25
648,24,0,3,0,3.0720001086592674,4,4,0,1,39,0,0,40,73.25
648,40,0,0,1,15.359999611973763,4,4,0,1,39,0,0,40,83.789
648,40,0,1,1,79.8719972372055,4,4,0,1,39,0,0,40,83.789
648,40,0,2,1,9.216000325977802,4,4,0,1,39,0,0,40,83.789
648,40,0,3,1,4.095999989658594,4,4,0,1,39,0,0,40,83.789
649,2,0,0,0,15.359999611973763,4,4,0,0,40,0,0,40,3.03
649,2,0,1,0,79.8719972372055,4,4,0,0,40,0,0,40,3.03
649,2,0,2,0,9.216000325977802,4,4,0,0,40,0,0,40,3.03
649,2,0,3,0,4.095999989658594,4,4,0,0,40,0,0,40,3.03
649,24,0,0,0,8.191999979317188,4,4,0,1,39,0,0,40,63.11
649,24,0,1,0,69.63200122117996,4,4,0,1,39,0,0,40,63.11
649,24,0,2,0,9.216000325977802,4,4,0,1,39,0,0,40,63.11
649,24,0,3,0,4.095999989658594,4,4,0,1,39,0,0,40,63.11
649,40,0,0,1,9.216000325977802,4,4,0,0,40,0,0,40,4.16
649,40,0,1,1,75.77600330114365,4,4,0,0,40,0,0,40,4.16
649,40,0,2,1,9.216000325977802,4,4,0,0,40,0,0,40,4.16
649,40,0,3,1,4.095999989658594,4,4,0,0,40,0,0,40,4.16
650,2,0,0,0,13.311999849975109,4,4,0,0,40,0,0,40,4.829
650,2,0,1,0,72.7040022611618,4,4,0,0,40,0,0,40,4.829
650,2,0,2,0,8.191999979317188,4,4,0,0,40,0,0,40,4.829
650,2,0,3,0,6.144000217318535,4,4,0,0,40,0,0,40,4.829
650,24,0,0,0,9.216000325977802,4,4,0,1,39,0,0,40,106.48
650,24,0,1,0,68.60800087451935,4,4,0,1,39,0,0,40,106.48
650,24,0,2,0,9.216000325977802,4,4,0,1,39,0,0,40,106.48
650,24,0,3,0,15.359999611973763,4,4,0,1,39,0,0,40,106.48
650,40,0,0,1,14.336000196635723,4,4,0,1,39,0,0,40,74.06
650,40,0,1,1,76.80000364780426,4,4,0,1,39,0,0,40,74.06
650,40,0,2,1,9.216000325977802,4,4,0,1,39,0,0,40,74.06
650,40,0,3,1,4.095999989658594,4,4,0,1,39,0,0,40,74.06
651,2,0,0,0,15.359999611973763,4,4,0,0,40,0,0,40,3.82
651,2,0,1,0,82.94399827718735,4,4,0,0,40,0,0,40,3.82
651,2,0,2,0,9.216000325977802,4,4,0,0,40,0,0,40,3.82
651,2,0,3,0,5.119999870657921,4,4,0,0,40,0,0,40,3.82
651,24,0,0,0,8.191999979317188,4,4,0,0,40,0,0,40,2.34
651,24,0,1,0,89.08800035715103,4,4,0,0,40,0,0,40,2.34
651,24,0,2,0,9.216000325977802,4,4,0,0,40,0,0,40,2.34
651,24,0,3,0,4.095999989658594,4,4,0,0,40,0,0,40,2.34
651,40,0,0,1,14.336000196635723,4,4,0,2,38,0,0,40,82.26
651,40,0,1,1,97.28000313043594,4,4,0,2,38,0,0,40,82.26
651,40,0,2,1,9.216000325977802,4,4,0,2,38,0,0,40,82.26
651,40,0,3,1,5.119999870657921,4,4,0,2,38,0,0,40,82.26
652,2,0,0,0,16.383999958634377,2,2,0,2,18,0,0,20,193.768
652,2,0,1,0,47.10400104522705,2,2,0,2,18,0,0,20,193.768
652,2,0,2,0,9.216000325977802,2,2,0,2,18,0,0,20,193.768
652,2,0,3,0,117.76000261306763,2,2,0,2,18,0,0,20,193.768
652,24,0,0,0,8.191999979317188,2,2,0,0,20,0,0,20,1.131
652,24,0,1,0,53.247999399900436,2,2,0,0,20,0,0,20,1.131
652,24,0,2,0,8.191999979317188,2,2,0,0,20,0,0,20,1.131
652,24,0,3,0,5.119999870657921,2,2,0,0,20,0,0,20,1.131
652,40,0,0,1,9.216000325977802,2,2,0,0,20,0,0,20,1.12
652,40,0,1,1,57.34400078654289,2,2,0,0,20,0,0,20,1.12
652,40,0,2,1,9.216000325977802,2,2,0,0,20,0,0,20,1.12
652,40,0,3,1,4.095999989658594,2,2,0,0,20,0,0,20,1.12
653,2,0,0,0,16.383999958634377,3,3,0,0,30,0,0,30,4.54
653,2,0,1,0,50.175998359918594,3,3,0,0,30,0,0,30,4.54
653,2,0,2,0,9.216000325977802,3,3,0,0,30,0,0,30,4.54
653,2,0,3,0,6.144000217318535,3,3,0,0,30,0,0,30,4.54
653,24,0,0,0,9.216000325977802,3,3,0,0,30,0,0,30,1.66
653,24,0,1,0,59.39200147986412,3,3,0,0,30,0,0,30,1.66
653,24,0,2,0,9.216000325977802,3,3,0,0,30,0,0,30,1.66
653,24,0,3,0,4.095999989658594,3,3,0,0,30,0,0,30,1.66
653,40,0,0,1,8.191999979317188,3,3,0,0,30,0,0,30,1.83
653,40,0,1,1,84.99199897050858,3,3,0,0,30,0,0,30,1.83
653,40,0,2,1,9.216000325977802,3,3,0,0,30,0,0,30,1.83
653,40,0,3,1,4.095999989658594,3,3,0,0,30,0,0,30,1.83
654,2,0,0,0,9.216000325977802,1,1,0,0,10,0,0,10,1.09
654,2,0,1,0,31.74399957060814,1,1,0,0,10,0,0,10,1.09
654,2,0,2,0,9.216000325977802,1,1,0,0,10,0,0,10,1.09
654,2,0,3,0,4.095999989658594,1,1,0,0,10,0,0,10,1.09
654,24,0,0,0,8.191999979317188,1,1,0,0,10,0,0,10,0.73
654,24,0,1,0,30.719999223947525,1,1,0,0,10,0,0,10,0.73
654,24,0,2,0,8.191999979317188,1,1,0,0,10,0,0,10,0.73
654,24,0,3,0,4.095999989658594,1,1,0,0,10,0,0,10,0.73
654,40,0,0,1,8.191999979317188,1,1,0,0,10,0,0,10,0.531
654,40,0,1,1,35.840000957250595,1,1,0,0,10,0,0,10,0.531
654,40,0,2,1,9.216000325977802,1,1,0,0,10,0,0,10,0.531
654,40,0,3,1,4.095999989658594,1,1,0,0,10,0,0,10,0.531
655,2,0,0,0,9.216000325977802,4,4,0,1,39,0,0,40,59.5
655,2,0,1,0,84.99199897050858,4,4,0,1,39,0,0,40,59.5
655,2,0,2,0,9.216000325977802,4,4,0,1,39,0,0,40,59.5
655,2,0,3,0,6.144000217318535,4,4,0,1,39,0,0,40,59.5
655,24,0,0,0,9.216000325977802,4,4,0,0,40,0,0,40,1.951
655,24,0,1,0,67.58400052785873,4,4,0,0,40,0,0,40,1.951
655,24,0,2,0,9.216000325977802,4,4,0,0,40,0,0,40,1.951
655,24,0,3,0,3.0720001086592674,4,4,0,0,40,0,0,40,1.951
655,40,0,0,1,9.216000325977802,4,4,0,0,40,0,0,40,2.7
655,40,0,1,1,75.77600330114365,4,4,0,0,40,0,0,40,2.7
655,40,0,2,1,9.216000325977802,4,4,0,0,40,0,0,40,2.7
655,40,0,3,1,4.095999989658594,4,4,0,0,40,0,0,40,2.7
656,2,0,0,0,14.336000196635723,4,4,0,0,40,0,0,40,3.17
656,2,0,1,0,84.99199897050858,4,4,0,0,40,0,0,40,3.17
656,2,0,2,0,9.216000325977802,4,4,0,0,40,0,0,40,3.17
656,2,0,3,0,5.119999870657921,4,4,0,0,40,0,0,40,3.17
656,24,0,0,0,8.191999979317188,4,4,0,0,40,0,0,40,4.72
656,24,0,1,0,58.36800113320351,4,4,0,0,40,0,0,40,4.72
656,24,0,2,0,9.216000325977802,4,4,0,0,40,0,0,40,4.72
656,24,0,3,0,4.095999989658594,4,4,0,0,40,0,0,40,4.72
656,40,0,0,1,15.359999611973763,4,4,0,1,39,0,0,40,158.91
656,40,0,1,1,51.19999870657921,4,4,0,1,39,0,0,40,158.91
656,40,0,2,1,9.216000325977802,4,4,0,1,39,0,0,40,158.91
656,40,0,3,1,78.84799689054489,4,4,0,1,39,0,0,40,158.91
657,2,0,0,0,10.239999741315842,2,2,0,0,20,0,0,20,1.14
657,2,0,1,0,47.10400104522705,2,2,0,0,20,0,0,20,1.14
657,2,0,2,0,9.216000325977802,2,2,0,0,20,0,0,20,1.14
657,2,0,3,0,5.119999870657921,2,2,0,0,20,0,0,20,1.14
657,24,0,0,0,9.216000325977802,2,2,0,0,20,0,0,20,1.03
657,24,0,1,0,43.007999658584595,2,2,0,0,20,0,0,20,1.03
657,24,0,2,0,9.216000325977802,2,2,0,0,20,0,0,20,1.03
657,24,0,3,0,4.095999989658594,2,2,0,0,20,0,0,20,1.03
657,40,0,0,1,9.216000325977802,2,2,0,0,20,0,0,20,1.009
657,40,0,1,1,39.93599861860275,2,2,0,0,20,0,0,20,1.009
657,40,0,2,1,9.216000325977802,2,2,0,0,20,0,0,20,1.009
657,40,0,3,1,4.095999989658594,2,2,0,0,20,0,0,20,1.009
658,2,0,0,0,9.216000325977802,1,1,0,0,10,0,0,10,0.96
658,2,0,1,0,32.76799991726875,1,1,0,0,10,0,0,10,0.96
658,2,0,2,0,8.191999979317188,1,1,0,0,10,0,0,10,0.96
658,2,0,3,0,5.119999870657921,1,1,0,0,10,0,0,10,0.96
658,24,0,0,0,9.216000325977802,1,1,0,0,10,0,0,10,0.52
658,24,0,1,0,31.74399957060814,1,1,0,0,10,0,0,10,0.52
658,24,0,2,0,9.216000325977802,1,1,0,0,10,0,0,10,0.52
658,24,0,3,0,4.095999989658594,1,1,0,0,10,0,0,10,0.52
658,40,0,0,1,8.191999979317188,1,1,0,0,10,0,0,10,0.75
658,40,0,1,1,34.81600061058998,1,1,0,0,10,0,0,10,0.75
658,40,0,2,1,9.216000325977802,1,1,0,0,10,0,0,10,0.75
658,40,0,3,1,5.119999870657921,1,1,0,0,10,0,0,10,0.75
659,2,0,0,0,8.191999979317188,1,1,0,0,10,0,0,10,2.78
659,2,0,1,0,31.74399957060814,1,1,0,0,10,0,0,10,2.78
659,2,0,2,0,9.216000325977802,1,1,0,0,10,0,0,10,2.78
659,2,0,3,0,4.095999989658594,1,1,0,0,10,0,0,10,2.78
659,24,0,0,0,8.191999979317188,1,1,0,0,10,0,0,10,0.61
659,24,0,1,0,31.74399957060814,1,1,0,0,10,0,0,10,0.61
659,24,0,2,0,9.216000325977802,1,1,0,0,10,0,0,10,0.61
659,24,0,3,0,4.095999989658594,1,1,0,0,10,0,0,10,0.61
659,40,0,0,1,9.216000325977802,1,1,0,0,10,0,0,10,0.74
659,40,0,1,1,34.81600061058998,1,1,0,0,10,0,0,10,0.74
659,40,0,2,1,8.191999979317188,1,1,0,0,10,0,0,10,0.74
659,40,0,3,1,4.095999989658594,1,1,0,0,10,0,0,10,0.74
660,2,0,0,0,14.336000196635723,4,4,0,0,40,0,0,40,5.12
660,2,0,1,0,79.8719972372055,4,4,0,0,40,0,0,40,5.12
660,2,0,2,0,9.216000325977802,4,4,0,0,40,0,0,40,5.12
660,2,0,3,0,5.119999870657921,4,4,0,0,40,0,0,40,5.12
660,24,0,0,0,8.191999979317188,4,4,0,0,40,0,0,40,2.34
660,24,0,1,0,60.416001826524734,4,4,0,0,40,0,0,40,2.34
660,24,0,2,0,9.216000325977802,4,4,0,0,40,0,0,40,2.34
660,24,0,3,0,3.0720001086592674,4,4,0,0,40,0,0,40,2.34
660,40,0,0,1,15.359999611973763,4,4,0,1,39,0,0,40,142.719
660,40,0,1,1,50.175998359918594,4,4,0,1,39,0,0,40,142.719
660,40,0,2,1,9.216000325977802,4,4,0,1,39,0,0,40,142.719
660,40,0,3,1,63.48799914121628,4,4,0,1,39,0,0,40,142.719
661,2,0,0,0,14.336000196635723,4,4,0,0,40,0,0,40,2.78
661,2,0,1,0,84.99199897050858,4,4,0,0,40,0,0,40,2.78
661,2,0,2,0,9.216000325977802,4,4,0,0,40,0,0,40,2.78
661,2,0,3,0,6.144000217318535,4,4,0,0,40,0,0,40,2.78
661,24,0,0,0,9.216000325977802,4,4,0,0,40,0,0,40,2.98
661,24,0,1,0,64.51199948787689,4,4,0,0,40,0,0,40,2.98
661,24,0,2,0,9.216000325977802,4,4,0,0,40,0,0,40,2.98
661,24,0,3,0,4.095999989658594,4,4,0,0,40,0,0,40,2.98
661,40,0,0,1,8.191999979317188,4,4,0,0,40,0,0,40,2.34
661,40,0,1,1,60.416001826524734,4,4,0,0,40,0,0,40,2.34
661,40,0,2,1,9.216000325977802,4,4,0,0,40,0,0,40,2.34
661,40,0,3,1,4.095999989658594,4,4,0,0,40,0,0,40,2.34
662,2,0,0,0,9.216000325977802,4,4,0,1,39,0,0,40,85.26
662,2,0,1,0,77.82399654388428,4,4,0,1,39,0,0,40,85.26
662,2,0,2,0,9.216000325977802,4,4,0,1,39,0,0,40,85.26
662,2,0,3,0,5.119999870657921,4,4,0,1,39,0,0,40,85.26
662,24,0,0,0,8.191999979317188,4,4,0,0,40,0,0,40,2.41
662,24,0,1,0,77.82399654388428,4,4,0,0,40,0,0,40,2.41
662,24,0,2,0,9.216000325977802,4,4,0,0,40,0,0,40,2.41
662,24,0,3,0,4.095999989658594,4,4,0,0,40,0,0,40,2.41
662,40,0,0,1,15.359999611973763,4,4,0,1,39,0,0,40,81.899
662,40,0,1,1,81.91999793052673,4,4,0,1,39,0,0,40,81.899
662,40,0,2,1,9.216000325977802,4,4,0,1,39,0,0,40,81.899
662,40,0,3,1,4.095999989658594,4,4,0,1,39,0,0,40,81.899
663,2,0,0,0,14.336000196635723,4,4,0,0,40,0,0,40,5.26
663,2,0,1,0,80.89599758386612,4,4,0,0,40,0,0,40,5.26
663,2,0,2,0,9.216000325977802,4,4,0,0,40,0,0,40,5.26
663,2,0,3,0,5.119999870657921,4,4,0,0,40,0,0,40,5.26
663,24,0,0,0,8.191999979317188,4,4,0,0,40,0,0,40,3.18
663,24,0,1,0,67.58400052785873,4,4,0,0,40,0,0,40,3.18
663,24,0,2,0,9.216000325977802,4,4,0,0,40,0,0,40,3.18
663,24,0,3,0,4.095999989658594,4,4,0,0,40,0,0,40,3.18
663,40,0,0,1,9.216000325977802,4,4,0,0,40,0,0,40,2.03
663,40,0,1,1,61.43999844789505,4,4,0,0,40,0,0,40,2.03
663,40,0,2,1,9.216000325977802,4,4,0,0,40,0,0,40,2.03
663,40,0,3,1,4.095999989658594,4,4,0,0,40,0,0,40,2.03
664,2,0,0,0,13.311999849975109,4,4,0,0,40,0,0,40,2.74
664,2,0,1,0,87.0399996638298,4,4,0,0,40,0,0,40,2.74
664,2,0,2,0,10.239999741315842,4,4,0,0,40,0,0,40,2.74
664,2,0,3,0,5.119999870657921,4,4,0,0,40,0,0,40,2.74
664,24,0,0,0,8.191999979317188,4,4,0,0,40,0,0,40,2.749
664,24,0,1,0,68.60800087451935,4,4,0,0,40,0,0,40,2.749
664,24,0,2,0,9.216000325977802,4,4,0,0,40,0,0,40,2.749
664,24,0,3,0,4.095999989658594,4,4,0,0,40,0,0,40,2.749
664,40,0,0,1,16.383999958634377,4,4,0,1,39,0,0,40,66.94
664,40,0,1,1,81.91999793052673,4,4,0,1,39,0,0,40,66.94
664,40,0,2,1,9.216000325977802,4,4,0,1,39,0,0,40,66.94
664,40,0,3,1,4.095999989658594,4,4,0,1,39,0,0,40,66.94
665,2,0,0,0,8.191999979317188,1,1,0,0,10,0,0,10,0.609
665,2,0,1,0,32.76799991726875,1,1,0,0,10,0,0,10,0.609
665,2,0,2,0,9.216000325977802,1,1,0,0,10,0,0,10,0.609
665,2,0,3,0,5.119999870657921,1,1,0,0,10,0,0,10,0.609
665,24,0,0,0,9.216000325977802,1,1,0,0,10,0,0,10,0.64
665,24,0,1,0,31.74399957060814,1,1,0,0,10,0,0,10,0.64
665,24,0,2,0,8.191999979317188,1,1,0,0,10,0,0,10,0.64
665,24,0,3,0,4.095999989658594,1,1,0,0,10,0,0,10,0.64
665,40,0,0,1,8.191999979317188,1,1,0,0,10,0,0,10,0.47
665,40,0,1,1,34.81600061058998,1,1,0,0,10,0,0,10,0.47
665,40,0,2,1,9.216000325977802,1,1,0,0,10,0,0,10,0.47
665,40,0,3,1,4.095999989658594,1,1,0,0,10,0,0,10,0.47
666,2,0,0,0,9.216000325977802,2,2,0,2,18,0,0,20,99.09
666,2,0,1,0,45.05600035190582,2,2,0,2,18,0,0,20,99.09
666,2,0,2,0,9.216000325977802,2,2,0,2,18,0,0,20,99.09
666,2,0,3,0,33.79200026392937,2,2,0,2,18,0,0,20,99.09
666,24,0,0,0,9.216000325977802,2,2,0,0,20,0,0,20,1.169
666,24,0,1,0,40.95999896526337,2,2,0,0,20,0,0,20,1.169
666,24,0,2,0,9.216000325977802,2,2,0,0,20,0,0,20,1.169
666,24,0,3,0,5.119999870657921,2,2,0,0,20,0,0,20,1.169
666,40,0,0,1,8.191999979317188,2,2,0,0,20,0,0,20,0.911
666,40,0,1,1,40.95999896526337,2,2,0,0,20,0,0,20,0.911
666,40,0,2,1,9.216000325977802,2,2,0,0,20,0,0,20,0.911
666,40,0,3,1,4.095999989658594,2,2,0,0,20,0,0,20,0.911
667,2,0,0,0,9.216000325977802,4,4,0,0,40,0,0,40,3.1
667,2,0,1,0,74.75200295448303,4,4,0,0,40,0,0,40,3.1
667,2,0,2,0,8.191999979317188,4,4,0,0,40,0,0,40,3.1
667,2,0,3,0,4.095999989658594,4,4,0,0,40,0,0,40,3.1
667,24,0,0,0,18.432000651955605,4,4,0,0,40,0,0,40,5.01
667,24,0,1,0,72.7040022611618,4,4,0,0,40,0,0,40,5.01
667,24,0,2,0,9.216000325977802,4,4,0,0,40,0,0,40,5.01
667,24,0,3,0,3.0720001086592674,4,4,0,0,40,0,0,40,5.01
667,40,0,0,1,9.216000325977802,4,4,0,0,40,0,0,40,2.07
667,40,0,1,1,59.39200147986412,4,4,0,0,40,0,0,40,2.07
667,40,0,2,1,9.216000325977802,4,4,0,0,40,0,0,40,2.07
667,40,0,3,1,4.095999989658594,4,4,0,0,40,0,0,40,2.07
668,2,0,0,0,13.311999849975109,4,4,0,0,40,0,0,40,4.62
668,2,0,1,0,82.94399827718735,4,4,0,0,40,0,0,40,4.62
668,2,0,2,0,8.191999979317188,4,4,0,0,40,0,0,40,4.62
668,2,0,3,0,4.095999989658594,4,4,0,0,40,0,0,40,4.62
668,24,0,0,0,8.191999979317188,4,4,0,0,40,0,0,40,2.07
668,24,0,1,0,69.63200122117996,4,4,0,0,40,0,0,40,2.07
668,24,0,2,0,8.191999979317188,4,4,0,0,40,0,0,40,2.07
668,24,0,3,0,4.095999989658594,4,4,0,0,40,0,0,40,2.07
668,40,0,0,1,9.216000325977802,4,4,0,0,40,0,0,40,2.61
668,40,0,1,1,87.0399996638298,4,4,0,0,40,0,0,40,2.61
668,40,0,2,1,9.216000325977802,4,4,0,0,40,0,0,40,2.61
668,40,0,3,1,4.095999989658594,4,4,0,0,40,0,0,40,2.61
669,2,0,0,0,14.336000196635723,4,4,0,0,40,0,0,40,3.05
669,2,0,1,0,77.82399654388428,4,4,0,0,40,0,0,40,3.05
669,2,0,2,0,9.216000325977802,4,4,0,0,40,0,0,40,3.05
669,2,0,3,0,5.119999870657921,4,4,0,0,40,0,0,40,3.05
669,24,0,0,0,9.216000325977802,4,4,0,1,39,0,0,40,67.52
669,24,0,1,0,67.58400052785873,4,4,0,1,39,0,0,40,67.52
669,24,0,2,0,9.216000325977802,4,4,0,1,39,0,0,40,67.52
669,24,0,3,0,4.095999989658594,4,4,0,1,39,0,0,40,67.52
669,40,0,0,1,14.336000196635723,4,4,0,1,39,0,0,40,124.859
669,40,0,1,1,80.89599758386612,4,4,0,1,39,0,0,40,124.859
669,40,0,2,1,9.216000325977802,4,4,0,1,39,0,0,40,124.859
669,40,0,3,1,14.336000196635723,4,4,0,1,39,0,0,40,124.859
670,2,0,0,0,17.40800030529499,4,4,0,0,40,0,0,40,3.069
670,2,0,1,0,76.80000364780426,4,4,0,0,40,0,0,40,3.069
670,2,0,2,0,9.216000325977802,4,4,0,0,40,0,0,40,3.069
670,2,0,3,0,4.095999989658594,4,4,0,0,40,0,0,40,3.069
670,24,0,0,0,8.191999979317188,4,4,0,2,38,0,0,40,105.26
670,24,0,1,0,69.63200122117996,4,4,0,2,38,0,0,40,105.26
670,24,0,2,0,9.216000325977802,4,4,0,2,38,0,0,40,105.26
670,24,0,3,0,14.336000196635723,4,4,0,2,38,0,0,40,105.26
670,40,0,0,1,15.359999611973763,4,4,0,2,38,0,0,40,157.86
670,40,0,1,1,67.58400052785873,4,4,0,2,38,0,0,40,157.86
670,40,0,2,1,9.216000325977802,4,4,0,2,38,0,0,40,157.86
670,40,0,3,1,61.43999844789505,4,4,0,2,38,0,0,40,157.86
671,2,0,0,0,15.359999611973763,4,4,0,1,39,0,0,40,83.72
671,2,0,1,0,82.94399827718735,4,4,0,1,39,0,0,40,83.72
671,2,0,2,0,9.216000325977802,4,4,0,1,39,0,0,40,83.72
671,2,0,3,0,4.095999989658594,4,4,0,1,39,0,0,40,83.72
671,24,0,0,0,8.191999979317188,4,4,0,3,37,0,0,40,108.299
671,24,0,1,0,73.72800260782242,4,4,0,3,37,0,0,40,108.299
671,24,0,2,0,9.216000325977802,4,4,0,3,37,0,0,40,108.299
671,24,0,3,0,13.311999849975109,4,4,0,3,37,0,0,40,108.299
671,40,0,0,1,15.359999611973763,4,4,0,1,39,0,0,40,67.93
671,40,0,1,1,87.0399996638298,4,4,0,1,39,0,0,40,67.93
671,40,0,2,1,8.191999979317188,4,4,0,1,39,0,0,40,67.93
671,40,0,3,1,4.095999989658594,4,4,0,1,39,0,0,40,67.93
672,2,0,0,0,13.311999849975109,4,4,0,0,40,0,0,40,5.571
672,2,0,1,0,72.7040022611618,4,4,0,0,40,0,0,40,5.571
672,2,0,2,0,9.216000325977802,4,4,0,0,40,0,0,40,5.571
672,2,0,3,0,5.119999870657921,4,4,0,0,40,0,0,40,5.571
672,24,0,0,0,8.191999979317188,4,4,0,0,40,0,0,40,4.87
672,24,0,1,0,64.51199948787689,4,4,0,0,40,0,0,40,4.87
672,24,0,2,0,9.216000325977802,4,4,0,0,40,0,0,40,4.87
672,24,0,3,0,4.095999989658594,4,4,0,0,40,0,0,40,4.87
672,40,0,0,1,9.216000325977802,4,4,0,0,40,0,0,40,2.92
672,40,0,1,1,77.82399654388428,4,4,0,0,40,0,0,40,2.92
672,40,0,2,1,8.191999979317188,4,4,0,0,40,0,0,40,2.92
672,40,0,3,1,4.095999989658594,4,4,0,0,40,0,0,40,2.92
673,2,0,0,0,14.336000196635723,4,4,0,2,38,0,0,40,139.949
673,2,0,1,0,77.82399654388428,4,4,0,2,38,0,0,40,139.949
673,2,0,2,0,9.216000325977802,4,4,0,2,38,0,0,40,139.949
673,2,0,3,0,33.79200026392937,4,4,0,2,38,0,0,40,139.949
673,24,0,0,0,8.191999979317188,4,4,0,0,40,0,0,40,1.931
673,24,0,1,0,56.32000043988228,4,4,0,0,40,0,0,40,1.931
673,24,0,2,0,9.216000325977802,4,4,0,0,40,0,0,40,1.931
673,24,0,3,0,4.095999989658594,4,4,0,0,40,0,0,40,1.931
673,40,0,0,1,15.359999611973763,4,4,0,3,37,0,0,40,241.279
673,40,0,1,1,72.7040022611618,4,4,0,3,37,0,0,40,241.279
673,40,0,2,1,9.216000325977802,4,4,0,3,37,0,0,40,241.279
673,40,0,3,1,139.26400244235992,4,4,0,3,37,0,0,40,241.279
674,2,0,0,0,14.336000196635723,4,4,0,0,40,0,0,40,5.049
674,2,0,1,0,69.63200122117996,4,4,0,0,40,0,0,40,5.049
674,2,0,2,0,9.216000325977802,4,4,0,0,40,0,0,40,5.049
674,2,0,3,0,5.119999870657921,4,4,0,0,40,0,0,40,5.049
674,24,0,0,0,10.239999741315842,4,4,0,0,40,0,0,40,4.15
674,24,0,1,0,62.463998794555664,4,4,0,0,40,0,0,40,4.15
674,24,0,2,0,9.216000325977802,4,4,0,0,40,0,0,40,4.15
674,24,0,3,0,4.095999989658594,4,4,0,0,40,0,0,40,4.15
674,40,0,0,1,8.191999979317188,4,4,0,1,39,0,0,40,79.609
674,40,0,1,1,67.58400052785873,4,4,0,1,39,0,0,40,79.609
674,40,0,2,1,9.216000325977802,4,4,0,1,39,0,0,40,79.609
674,40,0,3,1,4.095999989658594,4,4,0,1,39,0,0,40,79.609
675,2,0,0,0,9.216000325977802,4,4,0,3,37,0,0,40,113.77
675,2,0,1,0,71.68000191450119,4,4,0,3,37,0,0,40,113.77
675,2,0,2,0,9.216000325977802,4,4,0,3,37,0,0,40,113.77
675,2,0,3,0,21.503999829292297,4,4,0,3,37,0,0,40,113.77
675,24,0,0,0,8.191999979317188,4,4,0,1,39,0,0,40,79.649
675,24,0,1,0,56.32000043988228,4,4,0,1,39,0,0,40,79.649
675,24,0,2,0,8.191999979317188,4,4,0,1,39,0,0,40,79.649
675,24,0,3,0,3.0720001086592674,4,4,0,1,39,0,0,40,79.649
675,40,0,0,1,15.359999611973763,4,4,0,2,38,0,0,40,80.299
675,40,0,1,1,62.463998794555664,4,4,0,2,38,0,0,40,80.299
675,40,0,2,1,9.216000325977802,4,4,0,2,38,0,0,40,80.299
675,40,0,3,1,4.095999989658594,4,4,0,2,38,0,0,40,80.299
676,2,0,0,0,13.311999849975109,4,4,0,0,40,0,0,40,2.98
676,2,0,1,0,73.72800260782242,4,4,0,0,40,0,0,40,2.98
676,2,0,2,0,9.216000325977802,4,4,0,0,40,0,0,40,2.98
676,2,0,3,0,4.095999989658594,4,4,0,0,40,0,0,40,2.98
676,24,0,0,0,9.216000325977802,4,4,0,0,40,0,0,40,2.54
676,24,0,1,0,63.48799914121628,4,4,0,0,40,0,0,40,2.54
676,24,0,2,0,8.191999979317188,4,4,0,0,40,0,0,40,2.54
676,24,0,3,0,4.095999989658594,4,4,0,0,40,0,0,40,2.54
676,40,0,0,1,15.359999611973763,4,4,0,1,39,0,0,40,88.21
676,40,0,1,1,56.32000043988228,4,4,0,1,39,0,0,40,88.21
676,40,0,2,1,9.216000325977802,4,4,0,1,39,0,0,40,88.21
676,40,0,3,1,4.095999989658594,4,4,0,1,39,0,0,40,88.21
677,2,0,0,0,15.359999611973763,4,4,0,1,39,0,0,40,76.17
677,2,0,1,0,83.96799862384796,4,4,0,1,39,0,0,40,76.17
677,2,0,2,0,8.191999979317188,4,4,0,1,39,0,0,40,76.17
677,2,0,3,0,5.119999870657921,4,4,0,1,39,0,0,40,76.17
677,24,0,0,0,8.191999979317188,4,4,0,0,40,0,0,40,5.1
677,24,0,1,0,61.43999844789505,4,4,0,0,40,0,0,40,5.1
677,24,0,2,0,9.216000325977802,4,4,0,0,40,0,0,40,5.1
677,24,0,3,0,4.095999989658594,4,4,0,0,40,0,0,40,5.1
677,40,0,0,1,8.191999979317188,4,4,0,3,37,0,0,40,176.52
677,40,0,1,1,66.56000018119812,4,4,0,3,37,0,0,40,176.52
677,40,0,2,1,9.216000325977802,4,4,0,3,37,0,0,40,176.52
677,40,0,3,1,89.08800035715103,4,4,0,3,37,0,0,40,176.52
678,2,0,0,0,14.336000196635723,4,4,0,0,40,0,0,40,3.169
678,2,0,1,0,68.60800087451935,4,4,0,0,40,0,0,40,3.169
678,2,0,2,0,8.191999979317188,4,4,0,0,40,0,0,40,3.169
678,2,0,3,0,8.191999979317188,4,4,0,0,40,0,0,40,3.169
678,24,0,0,0,8.191999979317188,4,4,0,1,39,0,0,40,87.77
678,24,0,1,0,73.72800260782242,4,4,0,1,39,0,0,40,87.77
678,24,0,2,0,9.216000325977802,4,4,0,1,39,0,0,40,87.77
678,24,0,3,0,4.095999989658594,4,4,0,1,39,0,0,40,87.77
678,40,0,0,1,16.383999958634377,4,4,0,1,39,0,0,40,178.879
678,40,0,1,1,76.80000364780426,4,4,0,1,39,0,0,40,178.879
678,40,0,2,1,9.216000325977802,4,4,0,1,39,0,0,40,178.879
678,40,0,3,1,72.7040022611618,4,4,0,1,39,0,0,40,178.879
679,2,0,0,0,9.216000325977802,4,4,0,1,39,0,0,40,58.729
679,2,0,1,0,89.08800035715103,4,4,0,1,39,0,0,40,58.729
679,2,0,2,0,8.191999979317188,4,4,0,1,39,0,0,40,58.729
679,2,0,3,0,4.095999989658594,4,4,0,1,39,0,0,40,58.729
679,24,0,0,0,9.216000325977802,4,4,0,0,40,0,0,40,4.76
679,24,0,1,0,67.58400052785873,4,4,0,0,40,0,0,40,4.76
679,24,0,2,0,9.216000325977802,4,4,0,0,40,0,0,40,4.76
679,24,0,3,0,4.095999989658594,4,4,0,0,40,0,0,40,4.76
679,40,0,0,1,9.216000325977802,4,4,0,4,36,0,0,40,180.279
679,40,0,1,1,76.80000364780426,4,4,0,4,36,0,0,40,180.279
679,40,0,2,1,9.216000325977802,4,4,0,4,36,0,0,40,180.279
679,40,0,3,1,81.91999793052673,4,4,0,4,36,0,0,40,180.279
680,2,0,0,0,15.359999611973763,3,3,0,0,30,0,0,30,2.8
680,2,0,1,0,65.5359998345375,3,3,0,0,30,0,0,30,2.8
680,2,0,2,0,8.191999979317188,3,3,0,0,30,0,0,30,2.8
680,2,0,3,0,5.119999870657921,3,3,0,0,30,0,0,30,2.8
680,24,0,0,0,9.216000325977802,3,3,0,0,30,0,0,30,1.211
680,24,0,1,0,55.296000093221664,3,3,0,0,30,0,0,30,1.211
680,24,0,2,0,8.191999979317188,3,3,0,0,30,0,0,30,1.211
680,24,0,3,0,3.0720001086592674,3,3,0,0,30,0,0,30,1.211
680,40,0,0,1,15.359999611973763,3,3,0,1,29,0,0,30,72.02
680,40,0,1,1,50.175998359918594,3,3,0,1,29,0,0,30,72.02
680,40,0,2,1,9.216000325977802,3,3,0,1,29,0,0,30,72.02
680,40,0,3,1,4.095999989658594,3,3,0,1,29,0,0,30,72.02
681,2,0,0,0,13.311999849975109,4,4,0,0,40,0,0,40,2.97
681,2,0,1,0,79.8719972372055,4,4,0,0,40,0,0,40,2.97
681,2,0,2,0,8.191999979317188,4,4,0,0,40,0,0,40,2.97
681,2,0,3,0,6.144000217318535,4,4,0,0,40,0,0,40,2.97
681,24,0,0,0,9.216000325977802,4,4,0,0,40,0,0,40,2.33
681,24,0,1,0,56.32000043988228,4,4,0,0,40,0,0,40,2.33
681,24,0,2,0,9.216000325977802,4,4,0,0,40,0,0,40,2.33
681,24,0,3,0,4.095999989658594,4,4,0,0,40,0,0,40,2.33
681,40,0,0,1,16.383999958634377,4,4,0,3,37,0,0,40,63.38
681,40,0,1,1,51.19999870657921,4,4,0,3,37,0,0,40,63.38
681,40,0,2,1,9.216000325977802,4,4,0,3,37,0,0,40,63.38
681,40,0,3,1,4.095999989658594,4,4,0,3,37,0,0,40,63.38
682,2,0,0,0,15.359999611973763,4,4,0,3,37,0,0,40,148.279
682,2,0,1,0,75.77600330114365,4,4,0,3,37,0,0,40,148.279
682,2,0,2,0,9.216000325977802,4,4,0,3,37,0,0,40,148.279
682,2,0,3,0,44.03200000524521,4,4,0,3,37,0,0,40,148.279
682,24,0,0,0,9.216000325977802,4,4,0,0,40,0,0,40,2.291
682,24,0,1,0,59.39200147986412,4,4,0,0,40,0,0,40,2.291
682,24,0,2,0,8.191999979317188,4,4,0,0,40,0,0,40,2.291
682,24,0,3,0,5.119999870657921,4,4,0,0,40,0,0,40,2.291
682,40,0,0,1,9.216000325977802,4,4,0,0,40,0,0,40,3.56
682,40,0,1,1,64.51199948787689,4,4,0,0,40,0,0,40,3.56
682,40,0,2,1,8.191999979317188,4,4,0,0,40,0,0,40,3.56
682,40,0,3,1,4.095999989658594,4,4,0,0,40,0,0,40,3.56
683,2,0,0,0,15.359999611973763,4,4,0,1,39,0,0,40,96.749
683,2,0,1,0,80.89599758386612,4,4,0,1,39,0,0,40,96.749
683,2,0,2,0,9.216000325977802,4,4,0,1,39,0,0,40,96.749
683,2,0,3,0,4.095999989658594,4,4,0,1,39,0,0,40,96.749
683,24,0,0,0,8.191999979317188,4,4,0,0,40,0,0,40,2.03
683,24,0,1,0,67.58400052785873,4,4,0,0,40,0,0,40,2.03
683,24,0,2,0,9.216000325977802,4,4,0,0,40,0,0,40,2.03
683,24,0,3,0,4.095999989658594,4,4,0,0,40,0,0,40,2.03
683,40,0,0,1,15.359999611973763,4,4,0,1,39,0,0,40,162.8
683,40,0,1,1,78.84799689054489,4,4,0,1,39,0,0,40,162.8
683,40,0,2,1,8.191999979317188,4,4,0,1,39,0,0,40,162.8
683,40,0,3,1,54.27199974656105,4,4,0,1,39,0,0,40,162.8
684,2,0,0,0,9.216000325977802,4,4,0,3,37,0,0,40,99.7
684,2,0,1,0,80.89599758386612,4,4,0,3,37,0,0,40,99.7
684,2,0,2,0,9.216000325977802,4,4,0,3,37,0,0,40,99.7
684,2,0,3,0,4.095999989658594,4,4,0,3,37,0,0,40,99.7
684,24,0,0,0,8.191999979317188,4,4,0,0,40,0,0,40,2.76
684,24,0,1,0,53.247999399900436,4,4,0,0,40,0,0,40,2.76
684,24,0,2,0,9.216000325977802,4,4,0,0,40,0,0,40,2.76
684,24,0,3,0,4.095999989658594,4,4,0,0,40,0,0,40,2.76
684,40,0,0,1,15.359999611973763,4,4,0,1,39,0,0,40,73.76
684,40,0,1,1,60.416001826524734,4,4,0,1,39,0,0,40,73.76
684,40,0,2,1,8.191999979317188,4,4,0,1,39,0,0,40,73.76
684,40,0,3,1,5.119999870657921,4,4,0,1,39,0,0,40,73.76
685,2,0,0,0,14.336000196635723,4,4,0,2,38,0,0,40,121.28
685,2,0,1,0,77.82399654388428,4,4,0,2,38,0,0,40,121.28
685,2,0,2,0,8.191999979317188,4,4,0,2,38,0,0,40,121.28
685,2,0,3,0,14.336000196635723,4,4,0,2,38,0,0,40,121.28
685,24,0,0,0,8.191999979317188,4,4,0,0,40,0,0,40,4.0
685,24,0,1,0,61.43999844789505,4,4,0,0,40,0,0,40,4.0
685,24,0,2,0,9.216000325977802,4,4,0,0,40,0,0,40,4.0
685,24,0,3,0,3.0720001086592674,4,4,0,0,40,0,0,40,4.0
685,40,0,0,1,9.216000325977802,4,4,0,0,40,0,0,40,2.26
685,40,0,1,1,94.2080020904541,4,4,0,0,40,0,0,40,2.26
685,40,0,2,1,9.216000325977802,4,4,0,0,40,0,0,40,2.26
685,40,0,3,1,4.095999989658594,4,4,0,0,40,0,0,40,2.26
686,2,0,0,0,15.359999611973763,4,4,0,2,38,0,0,40,115.56
686,2,0,1,0,79.8719972372055,4,4,0,2,38,0,0,40,115.56
686,2,0,2,0,9.216000325977802,4,4,0,2,38,0,0,40,115.56
686,2,0,3,0,6.144000217318535,4,4,0,2,38,0,0,40,115.56
686,24,0,0,0,8.191999979317188,4,4,0,0,40,0,0,40,7.489
686,24,0,1,0,76.80000364780426,4,4,0,0,40,0,0,40,7.489
686,24,0,2,0,9.216000325977802,4,4,0,0,40,0,0,40,7.489
686,24,0,3,0,4.095999989658594,4,4,0,0,40,0,0,40,7.489
686,40,0,0,1,16.383999958634377,4,4,0,1,39,0,0,40,78.36
686,40,0,1,1,76.80000364780426,4,4,0,1,39,0,0,40,78.36
686,40,0,2,1,9.216000325977802,4,4,0,1,39,0,0,40,78.36
686,40,0,3,1,4.095999989658594,4,4,0,1,39,0,0,40,78.36
687,2,0,0,0,9.216000325977802,4,4,0,2,38,0,0,40,100.84
687,2,0,1,0,77.82399654388428,4,4,0,2,38,0,0,40,100.84
687,2,0,2,0,9.216000325977802,4,4,0,2,38,0,0,40,100.84
687,2,0,3,0,5.119999870657921,4,4,0,2,38,0,0,40,100.84
687,24,0,0,0,9.216000325977802,4,4,0,0,40,0,0,40,3.5
687,24,0,1,0,80.89599758386612,4,4,0,0,40,0,0,40,3.5
687,24,0,2,0,9.216000325977802,4,4,0,0,40,0,0,40,3.5
687,24,0,3,0,4.095999989658594,4,4,0,0,40,0,0,40,3.5
687,40,0,0,1,15.359999611973763,4,4,0,1,39,0,0,40,96.019
687,40,0,1,1,80.89599758386612,4,4,0,1,39,0,0,40,96.019
687,40,0,2,1,9.216000325977802,4,4,0,1,39,0,0,40,96.019
687,40,0,3,1,4.095999989658594,4,4,0,1,39,0,0,40,96.019
688,2,0,0,0,14.336000196635723,4,4,0,0,40,0,0,40,2.61
688,2,0,1,0,70.65600156784058,4,4,0,0,40,0,0,40,2.61
688,2,0,2,0,9.216000325977802,4,4,0,0,40,0,0,40,2.61
688,2,0,3,0,6.144000217318535,4,4,0,0,40,0,0,40,2.61
688,24,0,0,0,8.191999979317188,4,4,0,0,40,0,0,40,2.211
688,24,0,1,0,62.463998794555664,4,4,0,0,40,0,0,40,2.211
688,24,0,2,0,8.191999979317188,4,4,0,0,40,0,0,40,2.211
688,24,0,3,0,4.095999989658594,4,4,0,0,40,0,0,40,2.211
688,40,0,0,1,8.191999979317188,4,4,0,0,40,0,0,40,4.011
688,40,0,1,1,84.99199897050858,4,4,0,0,40,0,0,40,4.011
688,40,0,2,1,9.216000325977802,4,4,0,0,40,0,0,40,4.011
688,40,0,3,1,4.095999989658594,4,4,0,0,40,0,0,40,4.011
689,2,0,0,0,8.191999979317188,2,2,0,1,19,0,0,20,59.2
689,2,0,1,0,44.03200000524521,2,2,0,1,19,0,0,20,59.2
689,2,0,2,0,9.216000325977802,2,2,0,1,19,0,0,20,59.2
689,2,0,3,0,6.144000217318535,2,2,0,1,19,0,0,20,59.2
689,24,0,0,0,9.216000325977802,2,2,0,1,19,0,0,20,57.839
689,24,0,1,0,45.05600035190582,2,2,0,1,19,0,0,20,57.839
689,24,0,2,0,8.191999979317188,2,2,0,1,19,0,0,20,57.839
689,24,0,3,0,4.095999989658594,2,2,0,1,19,0,0,20,57.839
689,40,0,0,1,9.216000325977802,2,2,0,0,20,0,0,20,1.631
689,40,0,1,1,45.05600035190582,2,2,0,0,20,0,0,20,1.631
689,40,0,2,1,9.216000325977802,2,2,0,0,20,0,0,20,1.631
689,40,0,3,1,4.095999989658594,2,2,0,0,20,0,0,20,1.631
690,2,0,0,0,9.216000325977802,4,4,0,0,40,0,0,40,3.1
690,2,0,1,0,81.91999793052673,4,4,0,0,40,0,0,40,3.1
690,2,0,2,0,9.216000325977802,4,4,0,0,40,0,0,40,3.1
690,2,0,3,0,4.095999989658594,4,4,0,0,40,0,0,40,3.1
690,24,0,0,0,9.216000325977802,4,4,0,0,40,0,0,40,3.35
690,24,0,1,0,74.75200295448303,4,4,0,0,40,0,0,40,3.35
690,24,0,2,0,9.216000325977802,4,4,0,0,40,0,0,40,3.35
690,24,0,3,0,4.095999989658594,4,4,0,0,40,0,0,40,3.35
690,40,0,0,1,8.191999979317188,4,4,0,0,40,0,0,40,4.76
690,40,0,1,1,81.91999793052673,4,4,0,0,40,0,0,40,4.76
690,40,0,2,1,9.216000325977802,4,4,0,0,40,0,0,40,4.76
690,40,0,3,1,4.095999989658594,4,4,0,0,40,0,0,40,4.76
691,2,0,0,0,15.359999611973763,4,4,0,1,39,0,0,40,63.76
691,2,0,1,0,83.96799862384796,4,4,0,1,39,0,0,40,63.76
691,2,0,2,0,9.216000325977802,4,4,0,1,39,0,0,40,63.76
691,2,0,3,0,5.119999870657921,4,4,0,1,39,0,0,40,63.76
691,24,0,0,0,9.216000325977802,4,4,0,0,40,0,0,40,2.65
691,24,0,1,0,83.96799862384796,4,4,0,0,40,0,0,40,2.65
691,24,0,2,0,9.216000325977802,4,4,0,0,40,0,0,40,2.65
691,24,0,3,0,4.095999989658594,4,4,0,0,40,0,0,40,2.65
691,40,0,0,1,10.239999741315842,4,4,0,0,40,0,0,40,2.56
691,40,0,1,1,86.01599931716919,4,4,0,0,40,0,0,40,2.56
691,40,0,2,1,9.216000325977802,4,4,0,0,40,0,0,40,2.56
691,40,0,3,1,4.095999989658594,4,4,0,0,40,0,0,40,2.56
692,2,0,0,0,14.336000196635723,4,4,0,0,40,0,0,40,4.92
692,2,0,1,0,77.82399654388428,4,4,0,0,40,0,0,40,4.92
692,2,0,2,0,9.216000325977802,4,4,0,0,40,0,0,40,4.92
692,2,0,3,0,5.119999870657921,4,4,0,0,40,0,0,40,4.92
692,24,0,0,0,9.216000325977802,4,4,0,1,39,0,0,40,72.74
692,24,0,1,0,73.72800260782242,4,4,0,1,39,0,0,40,72.74
692,24,0,2,0,9.216000325977802,4,4,0,1,39,0,0,40,72.74
692,24,0,3,0,4.095999989658594,4,4,0,1,39,0,0,40,72.74
692,40,0,0,1,15.359999611973763,4,4,0,1,39,0,0,40,80.699
692,40,0,1,1,88.06400001049042,4,4,0,1,39,0,0,40,80.699
692,40,0,2,1,9.216000325977802,4,4,0,1,39,0,0,40,80.699
692,40,0,3,1,4.095999989658594,4,4,0,1,39,0,0,40,80.699
693,2,0,0,0,14.336000196635723,4,4,0,1,39,0,0,40,64.909
693,2,0,1,0,83.96799862384796,4,4,0,1,39,0,0,40,64.909
693,2,0,2,0,9.216000325977802,4,4,0,1,39,0,0,40,64.909
693,2,0,3,0,5.119999870657921,4,4,0,1,39,0,0,40,64.909
693,24,0,0,0,8.191999979317188,4,4,0,1,39,0,0,40,59.549
693,24,0,1,0,68.60800087451935,4,4,0,1,39,0,0,40,59.549
693,24,0,2,0,8.191999979317188,4,4,0,1,39,0,0,40,59.549
693,24,0,3,0,4.095999989658594,4,4,0,1,39,0,0,40,59.549
693,40,0,0,1,15.359999611973763,4,4,0,1,39,0,0,40,90.88
693,40,0,1,1,50.175998359918594,4,4,0,1,39,0,0,40,90.88
693,40,0,2,1,8.191999979317188,4,4,0,1,39,0,0,40,90.88
693,40,0,3,1,14.336000196635723,4,4,0,1,39,0,0,40,90.88
694,2,0,0,0,8.191999979317188,4,4,0,1,39,0,0,40,78.11
694,2,0,1,0,84.99199897050858,4,4,0,1,39,0,0,40,78.11
694,2,0,2,0,9.216000325977802,4,4,0,1,39,0,0,40,78.11
694,2,0,3,0,5.119999870657921,4,4,0,1,39,0,0,40,78.11
694,24,0,0,0,8.191999979317188,4,4,0,1,39,0,0,40,58.78
694,24,0,1,0,71.68000191450119,4,4,0,1,39,0,0,40,58.78
694,24,0,2,0,8.191999979317188,4,4,0,1,39,0,0,40,58.78
694,24,0,3,0,4.095999989658594,4,4,0,1,39,0,0,40,58.78
694,40,0,0,1,10.239999741315842,4,4,0,1,39,0,0,40,110.69
694,40,0,1,1,92.16000139713287,4,4,0,1,39,0,0,40,110.69
694,40,0,2,1,9.216000325977802,4,4,0,1,39,0,0,40,110.69
694,40,0,3,1,4.095999989658594,4,4,0,1,39,0,0,40,110.69
695,2,0,0,0,14.336000196635723,4,4,0,0,40,0,0,40,3.24
695,2,0,1,0,82.94399827718735,4,4,0,0,40,0,0,40,3.24
695,2,0,2,0,9.216000325977802,4,4,0,0,40,0,0,40,3.24
695,2,0,3,0,7.168000098317862,4,4,0,0,40,0,0,40,3.24
695,24,0,0,0,27.648000046610832,4,4,0,0,40,0,0,40,2.84
695,24,0,1,0,57.34400078654289,4,4,0,0,40,0,0,40,2.84
695,24,0,2,0,9.216000325977802,4,4,0,0,40,0,0,40,2.84
695,24,0,3,0,4.095999989658594,4,4,0,0,40,0,0,40,2.84
695,40,0,0,1,8.191999979317188,4,4,0,0,40,0,0,40,1.96
695,40,0,1,1,60.416001826524734,4,4,0,0,40,0,0,40,1.96
695,40,0,2,1,10.239999741315842,4,4,0,0,40,0,0,40,1.96
695,40,0,3,1,4.095999989658594,4,4,0,0,40,0,0,40,1.96
696,2,0,0,0,9.216000325977802,4,4,0,3,37,0,0,40,149.639
696,2,0,1,0,86.01599931716919,4,4,0,3,37,0,0,40,149.639
696,2,0,2,0,10.239999741315842,4,4,0,3,37,0,0,40,149.639
696,2,0,3,0,41.98399931192398,4,4,0,3,37,0,0,40,149.639
696,24,0,0,0,8.191999979317188,4,4,0,0,40,0,0,40,2.68
696,24,0,1,0,77.82399654388428,4,4,0,0,40,0,0,40,2.68
696,24,0,2,0,9.216000325977802,4,4,0,0,40,0,0,40,2.68
696,24,0,3,0,4.095999989658594,4,4,0,0,40,0,0,40,2.68
696,40,0,0,1,8.191999979317188,4,4,0,2,38,0,0,40,104.59
696,40,0,1,1,78.84799689054489,4,4,0,2,38,0,0,40,104.59
696,40,0,2,1,9.216000325977802,4,4,0,2,38,0,0,40,104.59
696,40,0,3,1,4.095999989658594,4,4,0,2,38,0,0,40,104.59
697,2,0,0,0,14.336000196635723,4,4,0,0,40,0,0,40,3.211
697,2,0,1,0,81.91999793052673,4,4,0,0,40,0,0,40,3.211
697,2,0,2,0,9.216000325977802,4,4,0,0,40,0,0,40,3.211
697,2,0,3,0,6.144000217318535,4,4,0,0,40,0,0,40,3.211
697,24,0,0,0,8.191999979317188,4,4,0,0,40,0,0,40,3.269
697,24,0,1,0,75.77600330114365,4,4,0,0,40,0,0,40,3.269
697,24,0,2,0,9.216000325977802,4,4,0,0,40,0,0,40,3.269
697,24,0,3,0,3.0720001086592674,4,4,0,0,40,0,0,40,3.269
697,40,0,0,1,9.216000325977802,4,4,0,0,40,0,0,40,2.391
697,40,0,1,1,74.75200295448303,4,4,0,0,40,0,0,40,2.391
697,40,0,2,1,9.216000325977802,4,4,0,0,40,0,0,40,2.391
697,40,0,3,1,4.095999989658594,4,4,0,0,40,0,0,40,2.391
698,2,0,0,0,9.216000325977802,3,3,0,0,30,0,0,30,1.92
698,2,0,1,0,53.247999399900436,3,3,0,0,30,0,0,30,1.92
698,2,0,2,0,9.216000325977802,3,3,0,0,30,0,0,30,1.92
698,2,0,3,0,5.119999870657921,3,3,0,0,30,0,0,30,1.92
698,24,0,0,0,9.216000325977802,3,3,0,0,30,0,0,30,2.4
698,24,0,1,0,62.463998794555664,3,3,0,0,30,0,0,30,2.4
698,24,0,2,0,9.216000325977802,3,3,0,0,30,0,0,30,2.4
698,24,0,3,0,4.095999989658594,3,3,0,0,30,0,0,30,2.4
698,40,0,0,1,9.216000325977802,3,3,0,0,30,0,0,30,1.93
698,40,0,1,1,72.7040022611618,3,3,0,0,30,0,0,30,1.93
698,40,0,2,1,9.216000325977802,3,3,0,0,30,0,0,30,1.93
698,40,0,3,1,5.119999870657921,3,3,0,0,30,0,0,30,1.93
699,2,0,0,0,9.216000325977802,4,4,0,0,40,0,0,40,4.62
699,2,0,1,0,63.48799914121628,4,4,0,0,40,0,0,40,4.62
699,2,0,2,0,9.216000325977802,4,4,0,0,40,0,0,40,4.62
699,2,0,3,0,5.119999870657921,4,4,0,0,40,0,0,40,4.62
699,24,0,0,0,8.191999979317188,4,4,0,0,40,0,0,40,3.61
699,24,0,1,0,75.77600330114365,4,4,0,0,40,0,0,40,3.61
699,24,0,2,0,9.216000325977802,4,4,0,0,40,0,0,40,3.61
699,24,0,3,0,3.0720001086592674,4,4,0,0,40,0,0,40,3.61
699,40,0,0,1,15.359999611973763,4,4,0,1,39,0,0,40,60.051
699,40,0,1,1,82.94399827718735,4,4,0,1,39,0,0,40,60.051
699,40,0,2,1,9.216000325977802,4,4,0,1,39,0,0,40,60.051
699,40,0,3,1,4.095999989658594,4,4,0,1,39,0,0,40,60.051
700,2,0,0,0,13.311999849975109,4,4,0,0,40,0,0,40,4.529
700,2,0,1,0,77.82399654388428,4,4,0,0,40,0,0,40,4.529
700,2,0,2,0,9.216000325977802,4,4,0,0,40,0,0,40,4.529
700,2,0,3,0,7.168000098317862,4,4,0,0,40,0,0,40,4.529
700,24,0,0,0,8.191999979317188,4,4,0,3,37,0,0,40,193.469
700,24,0,1,0,66.56000018119812,4,4,0,3,37,0,0,40,193.469
700,24,0,2,0,8.191999979317188,4,4,0,3,37,0,0,40,193.469
700,24,0,3,0,105.47199845314026,4,4,0,3,37,0,0,40,193.469
700,40,0,0,1,15.359999611973763,4,4,0,3,37,0,0,40,286.208
700,40,0,1,1,76.80000364780426,4,4,0,3,37,0,0,40,286.208
700,40,0,2,1,8.191999979317188,4,4,0,3,37,0,0,40,286.208
700,40,0,3,1,183.29599499702454,4,4,0,3,37,0,0,40,286.208
701,2,0,0,0,14.336000196635723,4,4,0,0,40,0,0,40,3.35
701,2,0,1,0,74.75200295448303,4,4,0,0,40,0,0,40,3.35
701,2,0,2,0,10.239999741315842,4,4,0,0,40,0,0,40,3.35
701,2,0,3,0,4.095999989658594,4,4,0,0,40,0,0,40,3.35
701,24,0,0,0,8.191999979317188,4,4,0,0,40,0,0,40,2.31
701,24,0,1,0,55.296000093221664,4,4,0,0,40,0,0,40,2.31
701,24,0,2,0,8.191999979317188,4,4,0,0,40,0,0,40,2.31
701,24,0,3,0,4.095999989658594,4,4,0,0,40,0,0,40,2.31
701,40,0,0,1,15.359999611973763,4,4,0,1,39,0,0,40,64.451
701,40,0,1,1,73.72800260782242,4,4,0,1,39,0,0,40,64.451
701,40,0,2,1,9.216000325977802,4,4,0,1,39,0,0,40,64.451
701,40,0,3,1,4.095999989658594,4,4,0,1,39,0,0,40,64.451
702,2,0,0,0,15.359999611973763,4,4,0,0,40,0,0,40,2.38
702,2,0,1,0,73.72800260782242,4,4,0,0,40,0,0,40,2.38
702,2,0,2,0,8.191999979317188,4,4,0,0,40,0,0,40,2.38
702,2,0,3,0,5.119999870657921,4,4,0,0,40,0,0,40,2.38
702,24,0,0,0,8.191999979317188,4,4,0,0,40,0,0,40,5.2
702,24,0,1,0,75.77600330114365,4,4,0,0,40,0,0,40,5.2
702,24,0,2,0,9.216000325977802,4,4,0,0,40,0,0,40,5.2
702,24,0,3,0,4.095999989658594,4,4,0,0,40,0,0,40,5.2
702,40,0,0,1,9.216000325977802,4,4,0,0,40,0,0,40,2.62
702,40,0,1,1,92.16000139713287,4,4,0,0,40,0,0,40,2.62
702,40,0,2,1,8.191999979317188,4,4,0,0,40,0,0,40,2.62
702,40,0,3,1,4.095999989658594,4,4,0,0,40,0,0,40,2.62
703,2,0,0,0,10.239999741315842,4,4,0,3,37,0,0,40,250.029
703,2,0,1,0,74.75200295448303,4,4,0,3,37,0,0,40,250.029
703,2,0,2,0,9.216000325977802,4,4,0,3,37,0,0,40,250.029
703,2,0,3,0,152.5759994983673,4,4,0,3,37,0,0,40,250.029
703,24,0,0,0,8.191999979317188,4,4,0,0,40,0,0,40,3.04
703,24,0,1,0,72.7040022611618,4,4,0,0,40,0,0,40,3.04
703,24,0,2,0,9.216000325977802,4,4,0,0,40,0,0,40,3.04
703,24,0,3,0,4.095999989658594,4,4,0,0,40,0,0,40,3.04
703,40,0,0,1,15.359999611973763,4,4,0,1,39,0,0,40,85.11
703,40,0,1,1,59.39200147986412,4,4,0,1,39,0,0,40,85.11
703,40,0,2,1,9.216000325977802,4,4,0,1,39,0,0,40,85.11
703,40,0,3,1,4.095999989658594,4,4,0,1,39,0,0,40,85.11
704,2,0,0,0,14.336000196635723,4,4,0,0,40,0,0,40,5.66
704,2,0,1,0,87.0399996638298,4,4,0,0,40,0,0,40,5.66
704,2,0,2,0,9.216000325977802,4,4,0,0,40,0,0,40,5.66
704,2,0,3,0,5.119999870657921,4,4,0,0,40,0,0,40,5.66
704,24,0,0,0,7.168000098317862,4,4,0,0,40,0,0,40,2.7
704,24,0,1,0,75.77600330114365,4,4,0,0,40,0,0,40,2.7
704,24,0,2,0,9.216000325977802,4,4,0,0,40,0,0,40,2.7
704,24,0,3,0,4.095999989658594,4,4,0,0,40,0,0,40,2.7
704,40,0,0,1,9.216000325977802,4,4,0,0,40,0,0,40,2.35
704,40,0,1,1,70.65600156784058,4,4,0,0,40,0,0,40,2.35
704,40,0,2,1,9.216000325977802,4,4,0,0,40,0,0,40,2.35
704,40,0,3,1,4.095999989658594,4,4,0,0,40,0,0,40,2.35
705,2,0,0,0,8.191999979317188,4,4,0,2,38,0,0,40,105.659
705,2,0,1,0,77.82399654388428,4,4,0,2,38,0,0,40,105.659
705,2,0,2,0,10.239999741315842,4,4,0,2,38,0,0,40,105.659
705,2,0,3,0,6.144000217318535,4,4,0,2,38,0,0,40,105.659
705,24,0,0,0,8.191999979317188,4,4,0,1,39,0,0,40,57.61
705,24,0,1,0,63.48799914121628,4,4,0,1,39,0,0,40,57.61
705,24,0,2,0,8.191999979317188,4,4,0,1,39,0,0,40,57.61
705,24,0,3,0,4.095999989658594,4,4,0,1,39,0,0,40,57.61
705,40,0,0,1,9.216000325977802,4,4,0,0,40,0,0,40,2.16
705,40,0,1,1,70.65600156784058,4,4,0,0,40,0,0,40,2.16
705,40,0,2,1,9.216000325977802,4,4,0,0,40,0,0,40,2.16
705,40,0,3,1,5.119999870657921,4,4,0,0,40,0,0,40,2.16
706,2,0,0,0,14.336000196635723,4,4,0,1,39,0,0,40,69.011
706,2,0,1,0,60.416001826524734,4,4,0,1,39,0,0,40,69.011
706,2,0,2,0,9.216000325977802,4,4,0,1,39,0,0,40,69.011
706,2,0,3,0,7.168000098317862,4,4,0,1,39,0,0,40,69.011
706,24,0,0,0,8.191999979317188,4,4,0,1,39,0,0,40,58.0
706,24,0,1,0,73.72800260782242,4,4,0,1,39,0,0,40,58.0
706,24,0,2,0,9.216000325977802,4,4,0,1,39,0,0,40,58.0
706,24,0,3,0,4.095999989658594,4,4,0,1,39,0,0,40,58.0
706,40,0,0,1,9.216000325977802,4,4,0,0,40,0,0,40,4.4
706,40,0,1,1,87.0399996638298,4,4,0,0,40,0,0,40,4.4
706,40,0,2,1,9.216000325977802,4,4,0,0,40,0,0,40,4.4
706,40,0,3,1,4.095999989658594,4,4,0,0,40,0,0,40,4.4
707,2,0,0,0,9.216000325977802,4,4,0,1,39,0,0,40,67.711
707,2,0,1,0,80.89599758386612,4,4,0,1,39,0,0,40,67.711
707,2,0,2,0,8.191999979317188,4,4,0,1,39,0,0,40,67.711
707,2,0,3,0,4.095999989658594,4,4,0,1,39,0,0,40,67.711
707,24,0,0,0,8.191999979317188,4,4,0,0,40,0,0,40,3.289
707,24,0,1,0,77.82399654388428,4,4,0,0,40,0,0,40,3.289
707,24,0,2,0,9.216000325977802,4,4,0,0,40,0,0,40,3.289
707,24,0,3,0,4.095999989658594,4,4,0,0,40,0,0,40,3.289
707,40,0,0,1,8.191999979317188,4,4,0,0,40,0,0,40,4.12
707,40,0,1,1,63.48799914121628,4,4,0,0,40,0,0,40,4.12
707,40,0,2,1,9.216000325977802,4,4,0,0,40,0,0,40,4.12
707,40,0,3,1,4.095999989658594,4,4,0,0,40,0,0,40,4.12
708,2,0,0,0,9.216000325977802,4,4,0,2,38,0,0,40,99.689
708,2,0,1,0,71.68000191450119,4,4,0,2,38,0,0,40,99.689
708,2,0,2,0,9.216000325977802,4,4,0,2,38,0,0,40,99.689
708,2,0,3,0,6.144000217318535,4,4,0,2,38,0,0,40,99.689
708,24,0,0,0,8.191999979317188,4,4,0,0,40,0,0,40,2.379
708,24,0,1,0,70.65600156784058,4,4,0,0,40,0,0,40,2.379
708,24,0,2,0,8.191999979317188,4,4,0,0,40,0,0,40,2.379
708,24,0,3,0,4.095999989658594,4,4,0,0,40,0,0,40,2.379
708,40,0,0,1,9.216000325977802,4,4,0,0,40,0,0,40,1.87
708,40,0,1,1,50.175998359918594,4,4,0,0,40,0,0,40,1.87
708,40,0,2,1,9.216000325977802,4,4,0,0,40,0,0,40,1.87
708,40,0,3,1,4.095999989658594,4,4,0,0,40,0,0,40,1.87
709,2,0,0,0,14.336000196635723,4,4,0,1,39,0,0,40,72.86
709,2,0,1,0,77.82399654388428,4,4,0,1,39,0,0,40,72.86
709,2,0,2,0,9.216000325977802,4,4,0,1,39,0,0,40,72.86
709,2,0,3,0,4.095999989658594,4,4,0,1,39,0,0,40,72.86
709,24,0,0,0,8.191999979317188,4,4,0,1,39,0,0,40,89.639
709,24,0,1,0,74.75200295448303,4,4,0,1,39,0,0,40,89.639
709,24,0,2,0,9.216000325977802,4,4,0,1,39,0,0,40,89.639
709,24,0,3,0,4.095999989658594,4,4,0,1,39,0,0,40,89.639
709,40,0,0,1,14.336000196635723,4,4,0,1,39,0,0,40,79.971
709,40,0,1,1,73.72800260782242,4,4,0,1,39,0,0,40,79.971
709,40,0,2,1,8.191999979317188,4,4,0,1,39,0,0,40,79.971
709,40,0,3,1,4.095999989658594,4,4,0,1,39,0,0,40,79.971
710,2,0,0,0,9.216000325977802,4,4,0,3,37,0,0,40,130.0
710,2,0,1,0,78.84799689054489,4,4,0,3,37,0,0,40,130.0
710,2,0,2,0,9.216000325977802,4,4,0,3,37,0,0,40,130.0
710,2,0,3,0,29.69600073993206,4,4,0,3,37,0,0,40,130.0
710,24,0,0,0,9.216000325977802,4,4,0,0,40,0,0,40,2.191
710,24,0,1,0,56.32000043988228,4,4,0,0,40,0,0,40,2.191
710,24,0,2,0,8.191999979317188,4,4,0,0,40,0,0,40,2.191
710,24,0,3,0,3.0720001086592674,4,4,0,0,40,0,0,40,2.191
710,40,0,0,1,9.216000325977802,4,4,0,0,40,0,0,40,2.06
710,40,0,1,1,62.463998794555664,4,4,0,0,40,0,0,40,2.06
710,40,0,2,1,9.216000325977802,4,4,0,0,40,0,0,40,2.06
710,40,0,3,1,4.095999989658594,4,4,0,0,40,0,0,40,2.06
711,2,0,0,0,15.359999611973763,4,4,0,0,40,0,0,40,3.0
711,2,0,1,0,80.89599758386612,4,4,0,0,40,0,0,40,3.0
711,2,0,2,0,9.216000325977802,4,4,0,0,40,0,0,40,3.0
711,2,0,3,0,5.119999870657921,4,4,0,0,40,0,0,40,3.0
711,24,0,0,0,8.191999979317188,4,4,0,3,36,1,0,40,183.829
711,24,0,1,0,62.463998794555664,4,4,0,3,36,1,0,40,183.829
711,24,0,2,0,168.96000504493713,4,4,0,3,36,1,0,40,183.829
711,24,0,3,0,5.119999870657921,4,4,0,3,36,1,0,40,183.829
711,40,0,0,1,9.216000325977802,4,4,0,1,39,0,0,40,76.789
711,40,0,1,1,78.84799689054489,4,4,0,1,39,0,0,40,76.789
711,40,0,2,1,9.216000325977802,4,4,0,1,39,0,0,40,76.789
711,40,0,3,1,4.095999989658594,4,4,0,1,39,0,0,40,76.789
712,2,0,0,0,9.216000325977802,4,4,0,1,39,0,0,40,62.42
712,2,0,1,0,77.82399654388428,4,4,0,1,39,0,0,40,62.42
712,2,0,2,0,9.216000325977802,4,4,0,1,39,0,0,40,62.42
712,2,0,3,0,4.095999989658594,4,4,0,1,39,0,0,40,62.42
712,24,0,0,0,8.191999979317188,4,4,0,1,39,0,0,40,60.58
712,24,0,1,0,72.7040022611618,4,4,0,1,39,0,0,40,60.58
712,24,0,2,0,9.216000325977802,4,4,0,1,39,0,0,40,60.58
712,24,0,3,0,4.095999989658594,4,4,0,1,39,0,0,40,60.58
712,40,0,0,1,16.383999958634377,4,4,0,3,37,0,0,40,247.569
712,40,0,1,1,68.60800087451935,4,4,0,3,37,0,0,40,247.569
712,40,0,2,1,8.191999979317188,4,4,0,3,37,0,0,40,247.569
712,40,0,3,1,149.50400590896606,4,4,0,3,37,0,0,40,247.569
713,2,0,0,0,9.216000325977802,4,4,0,2,38,0,0,40,126.72
713,2,0,1,0,76.80000364780426,4,4,0,2,38,0,0,40,126.72
713,2,0,2,0,9.216000325977802,4,4,0,2,38,0,0,40,126.72
713,2,0,3,0,27.648000046610832,4,4,0,2,38,0,0,40,126.72
713,24,0,0,0,8.191999979317188,4,4,0,0,40,0,0,40,4.271
713,24,0,1,0,58.36800113320351,4,4,0,0,40,0,0,40,4.271
713,24,0,2,0,8.191999979317188,4,4,0,0,40,0,0,40,4.271
713,24,0,3,0,4.095999989658594,4,4,0,0,40,0,0,40,4.271
713,40,0,0,1,15.359999611973763,4,4,0,1,39,0,0,40,80.44
713,40,0,1,1,66.56000018119812,4,4,0,1,39,0,0,40,80.44
713,40,0,2,1,9.216000325977802,4,4,0,1,39,0,0,40,80.44
713,40,0,3,1,4.095999989658594,4,4,0,1,39,0,0,40,80.44
714,2,0,0,0,15.359999611973763,4,4,0,2,38,0,0,40,104.899
714,2,0,1,0,78.84799689054489,4,4,0,2,38,0,0,40,104.899
714,2,0,2,0,9.216000325977802,4,4,0,2,38,0,0,40,104.899
714,2,0,3,0,5.119999870657921,4,4,0,2,38,0,0,40,104.899
714,24,0,0,0,8.191999979317188,4,4,0,0,40,0,0,40,2.22
714,24,0,1,0,52.22399905323982,4,4,0,0,40,0,0,40,2.22
714,24,0,2,0,9.216000325977802,4,4,0,0,40,0,0,40,2.22
714,24,0,3,0,4.095999989658594,4,4,0,0,40,0,0,40,2.22
714,40,0,0,1,9.216000325977802,4,4,0,0,40,0,0,40,2.14
714,40,0,1,1,46.08000069856644,4,4,0,0,40,0,0,40,2.14
714,40,0,2,1,8.191999979317188,4,4,0,0,40,0,0,40,2.14
714,40,0,3,1,4.095999989658594,4,4,0,0,40,0,0,40,2.14
715,2,0,0,0,8.191999979317188,4,4,0,0,40,0,0,40,3.3
715,2,0,1,0,73.72800260782242,4,4,0,0,40,0,0,40,3.3
715,2,0,2,0,9.216000325977802,4,4,0,0,40,0,0,40,3.3
715,2,0,3,0,5.119999870657921,4,4,0,0,40,0,0,40,3.3
715,24,0,0,0,9.216000325977802,4,4,0,0,40,0,0,40,2.429
715,24,0,1,0,56.32000043988228,4,4,0,0,40,0,0,40,2.429
715,24,0,2,0,8.191999979317188,4,4,0,0,40,0,0,40,2.429
715,24,0,3,0,4.095999989658594,4,4,0,0,40,0,0,40,2.429
715,40,0,0,1,9.216000325977802,4,4,0,0,40,0,0,40,3.719
715,40,0,1,1,60.416001826524734,4,4,0,0,40,0,0,40,3.719
715,40,0,2,1,9.216000325977802,4,4,0,0,40,0,0,40,3.719
715,40,0,3,1,4.095999989658594,4,4,0,0,40,0,0,40,3.719
716,2,0,0,0,14.336000196635723,4,4,0,2,38,0,0,40,104.44
716,2,0,1,0,82.94399827718735,4,4,0,2,38,0,0,40,104.44
716,2,0,2,0,9.216000325977802,4,4,0,2,38,0,0,40,104.44
716,2,0,3,0,7.168000098317862,4,4,0,2,38,0,0,40,104.44
716,24,0,0,0,8.191999979317188,4,4,0,0,40,0,0,40,1.919
716,24,0,1,0,60.416001826524734,4,4,0,0,40,0,0,40,1.919
716,24,0,2,0,8.191999979317188,4,4,0,0,40,0,0,40,1.919
716,24,0,3,0,5.119999870657921,4,4,0,0,40,0,0,40,1.919
716,40,0,0,1,9.216000325977802,4,4,0,0,40,0,0,40,3.06
716,40,0,1,1,69.63200122117996,4,4,0,0,40,0,0,40,3.06
716,40,0,2,1,9.216000325977802,4,4,0,0,40,0,0,40,3.06
716,40,0,3,1,3.0720001086592674,4,4,0,0,40,0,0,40,3.06
717,2,0,0,0,14.336000196635723,4,4,0,0,40,0,0,40,2.8
717,2,0,1,0,72.7040022611618,4,4,0,0,40,0,0,40,2.8
717,2,0,2,0,9.216000325977802,4,4,0,0,40,0,0,40,2.8
717,2,0,3,0,4.095999989658594,4,4,0,0,40,0,0,40,2.8
717,24,0,0,0,8.191999979317188,4,4,0,0,40,0,0,40,4.49
717,24,0,1,0,54.27199974656105,4,4,0,0,40,0,0,40,4.49
717,24,0,2,0,9.216000325977802,4,4,0,0,40,0,0,40,4.49
717,24,0,3,0,4.095999989658594,4,4,0,0,40,0,0,40,4.49
717,40,0,0,1,15.359999611973763,4,4,0,1,39,0,0,40,184.289
717,40,0,1,1,65.5359998345375,4,4,0,1,39,0,0,40,184.289
717,40,0,2,1,9.216000325977802,4,4,0,1,39,0,0,40,184.289
717,40,0,3,1,90.11200070381165,4,4,0,1,39,0,0,40,184.289
718,2,0,0,0,15.359999611973763,4,4,0,3,36,1,0,40,141.02
718,2,0,1,0,75.77600330114365,4,4,0,3,36,1,0,40,141.02
718,2,0,2,0,164.86400365829468,4,4,0,3,36,1,0,40,141.02
718,2,0,3,0,5.119999870657921,4,4,0,3,36,1,0,40,141.02
718,24,0,0,0,9.216000325977802,4,4,0,0,40,0,0,40,2.36
718,24,0,1,0,67.58400052785873,4,4,0,0,40,0,0,40,2.36
718,24,0,2,0,9.216000325977802,4,4,0,0,40,0,0,40,2.36
718,24,0,3,0,4.095999989658594,4,4,0,0,40,0,0,40,2.36
718,40,0,0,1,9.216000325977802,4,4,0,0,40,0,0,40,5.0
718,40,0,1,1,69.63200122117996,4,4,0,0,40,0,0,40,5.0
718,40,0,2,1,9.216000325977802,4,4,0,0,40,0,0,40,5.0
718,40,0,3,1,4.095999989658594,4,4,0,0,40,0,0,40,5.0
719,2,0,0,0,8.191999979317188,1,1,0,0,10,0,0,10,0.54
719,2,0,1,0,32.76799991726875,1,1,0,0,10,0,0,10,0.54
719,2,0,2,0,9.216000325977802,1,1,0,0,10,0,0,10,0.54
719,2,0,3,0,7.168000098317862,1,1,0,0,10,0,0,10,0.54
719,24,0,0,0,9.216000325977802,1,1,0,0,10,0,0,10,2.8
719,24,0,1,0,32.76799991726875,1,1,0,0,10,0,0,10,2.8
719,24,0,2,0,8.191999979317188,1,1,0,0,10,0,0,10,2.8
719,24,0,3,0,3.0720001086592674,1,1,0,0,10,0,0,10,2.8
719,40,0,0,1,8.191999979317188,1,1,0,0,10,0,0,10,0.51
719,40,0,1,1,34.81600061058998,1,1,0,0,10,0,0,10,0.51
719,40,0,2,1,8.191999979317188,1,1,0,0,10,0,0,10,0.51
719,40,0,3,1,4.095999989658594,1,1,0,0,10,0,0,10,0.51
720,2,0,0,0,13.311999849975109,4,4,0,0,40,0,0,40,2.78
720,2,0,1,0,76.80000364780426,4,4,0,0,40,0,0,40,2.78
720,2,0,2,0,9.216000325977802,4,4,0,0,40,0,0,40,2.78
720,2,0,3,0,5.119999870657921,4,4,0,0,40,0,0,40,2.78
720,24,0,0,0,8.191999979317188,4,4,0,0,40,0,0,40,2.27
720,24,0,1,0,64.51199948787689,4,4,0,0,40,0,0,40,2.27
720,24,0,2,0,9.216000325977802,4,4,0,0,40,0,0,40,2.27
720,24,0,3,0,4.095999989658594,4,4,0,0,40,0,0,40,2.27
720,40,0,0,1,9.216000325977802,4,4,0,0,40,0,0,40,4.54
720,40,0,1,1,60.416001826524734,4,4,0,0,40,0,0,40,4.54
720,40,0,2,1,9.216000325977802,4,4,0,0,40,0,0,40,4.54
720,40,0,3,1,4.095999989658594,4,4,0,0,40,0,0,40,4.54
721,2,0,0,0,14.336000196635723,4,4,0,0,40,0,0,40,3.18
721,2,0,1,0,71.68000191450119,4,4,0,0,40,0,0,40,3.18
721,2,0,2,0,8.191999979317188,4,4,0,0,40,0,0,40,3.18
721,2,0,3,0,7.168000098317862,4,4,0,0,40,0,0,40,3.18
721,24,0,0,0,8.191999979317188,4,4,0,0,40,0,0,40,2.171
721,24,0,1,0,68.60800087451935,4,4,0,0,40,0,0,40,2.171
721,24,0,2,0,9.216000325977802,4,4,0,0,40,0,0,40,2.171
721,24,0,3,0,4.095999989658594,4,4,0,0,40,0,0,40,2.171
721,40,0,0,1,9.216000325977802,4,4,0,0,40,0,0,40,2.011
721,40,0,1,1,56.32000043988228,4,4,0,0,40,0,0,40,2.011
721,40,0,2,1,9.216000325977802,4,4,0,0,40,0,0,40,2.011
721,40,0,3,1,4.095999989658594,4,4,0,0,40,0,0,40,2.011
722,2,0,0,0,14.336000196635723,4,4,0,0,40,0,0,40,4.59
722,2,0,1,0,64.51199948787689,4,4,0,0,40,0,0,40,4.59
722,2,0,2,0,9.216000325977802,4,4,0,0,40,0,0,40,4.59
722,2,0,3,0,6.144000217318535,4,4,0,0,40,0,0,40,4.59
722,24,0,0,0,8.191999979317188,4,4,0,0,40,0,0,40,3.789
722,24,0,1,0,55.296000093221664,4,4,0,0,40,0,0,40,3.789
722,24,0,2,0,9.216000325977802,4,4,0,0,40,0,0,40,3.789
722,24,0,3,0,4.095999989658594,4,4,0,0,40,0,0,40,3.789
722,40,0,0,1,9.216000325977802,4,4,0,0,40,0,0,40,1.74
722,40,0,1,1,51.19999870657921,4,4,0,0,40,0,0,40,1.74
722,40,0,2,1,8.191999979317188,4,4,0,0,40,0,0,40,1.74
722,40,0,3,1,4.095999989658594,4,4,0,0,40,0,0,40,1.74
723,2,0,0,0,15.359999611973763,4,4,0,0,40,0,0,40,2.469
723,2,0,1,0,67.58400052785873,4,4,0,0,40,0,0,40,2.469
723,2,0,2,0,9.216000325977802,4,4,0,0,40,0,0,40,2.469
723,2,0,3,0,5.119999870657921,4,4,0,0,40,0,0,40,2.469
723,24,0,0,0,9.216000325977802,4,4,0,0,40,0,0,40,3.991
723,24,0,1,0,56.32000043988228,4,4,0,0,40,0,0,40,3.991
723,24,0,2,0,9.216000325977802,4,4,0,0,40,0,0,40,3.991
723,24,0,3,0,4.095999989658594,4,4,0,0,40,0,0,40,3.991
723,40,0,0,1,9.216000325977802,4,4,0,0,40,0,0,40,3.571
723,40,0,1,1,58.36800113320351,4,4,0,0,40,0,0,40,3.571
723,40,0,2,1,9.216000325977802,4,4,0,0,40,0,0,40,3.571
723,40,0,3,1,4.095999989658594,4,4,0,0,40,0,0,40,3.571
724,2,0,0,0,14.336000196635723,4,4,0,0,40,0,0,40,2.77
724,2,0,1,0,64.51199948787689,4,4,0,0,40,0,0,40,2.77
724,2,0,2,0,9.216000325977802,4,4,0,0,40,0,0,40,2.77
724,2,0,3,0,6.144000217318535,4,4,0,0,40,0,0,40,2.77
724,24,0,0,0,8.191999979317188,4,4,0,1,39,0,0,40,69.54
724,24,0,1,0,56.32000043988228,4,4,0,1,39,0,0,40,69.54
724,24,0,2,0,8.191999979317188,4,4,0,1,39,0,0,40,69.54
724,24,0,3,0,4.095999989658594,4,4,0,1,39,0,0,40,69.54
724,40,0,0,1,9.216000325977802,4,4,0,0,40,0,0,40,2.86
724,40,0,1,1,77.82399654388428,4,4,0,0,40,0,0,40,2.86
724,40,0,2,1,9.216000325977802,4,4,0,0,40,0,0,40,2.86
724,40,0,3,1,4.095999989658594,4,4,0,0,40,0,0,40,2.86
725,2,0,0,0,15.359999611973763,4,4,0,0,40,0,0,40,5.21
725,2,0,1,0,82.94399827718735,4,4,0,0,40,0,0,40,5.21
725,2,0,2,0,10.239999741315842,4,4,0,0,40,0,0,40,5.21
725,2,0,3,0,4.095999989658594,4,4,0,0,40,0,0,40,5.21
725,24,0,0,0,9.216000325977802,4,4,0,0,40,0,0,40,2.12
725,24,0,1,0,61.43999844789505,4,4,0,0,40,0,0,40,2.12
725,24,0,2,0,9.216000325977802,4,4,0,0,40,0,0,40,2.12
725,24,0,3,0,4.095999989658594,4,4,0,0,40,0,0,40,2.12
725,40,0,0,1,16.383999958634377,4,4,0,3,37,0,0,40,208.709
725,40,0,1,1,76.80000364780426,4,4,0,3,37,0,0,40,208.709
725,40,0,2,1,10.239999741315842,4,4,0,3,37,0,0,40,208.709
725,40,0,3,1,101.3759970664978,4,4,0,3,37,0,0,40,208.709
726,2,0,0,0,9.216000325977802,4,4,0,3,36,1,0,40,160.419
726,2,0,1,0,82.94399827718735,4,4,0,3,36,1,0,40,160.419
726,2,0,2,0,168.96000504493713,4,4,0,3,36,1,0,40,160.419
726,2,0,3,0,4.095999989658594,4,4,0,3,36,1,0,40,160.419
726,24,0,0,0,8.191999979317188,4,4,0,0,40,0,0,40,4.55
726,24,0,1,0,72.7040022611618,4,4,0,0,40,0,0,40,4.55
726,24,0,2,0,9.216000325977802,4,4,0,0,40,0,0,40,4.55
726,24,0,3,0,4.095999989658594,4,4,0,0,40,0,0,40,4.55
726,40,0,0,1,9.216000325977802,4,4,0,0,40,0,0,40,2.29
726,40,0,1,1,67.58400052785873,4,4,0,0,40,0,0,40,2.29
726,40,0,2,1,9.216000325977802,4,4,0,0,40,0,0,40,2.29
726,40,0,3,1,4.095999989658594,4,4,0,0,40,0,0,40,2.29
727,2,0,0,0,14.336000196635723,4,4,0,0,40,0,0,40,2.58
727,2,0,1,0,67.58400052785873,4,4,0,0,40,0,0,40,2.58
727,2,0,2,0,9.216000325977802,4,4,0,0,40,0,0,40,2.58
727,2,0,3,0,8.191999979317188,4,4,0,0,40,0,0,40,2.58
727,24,0,0,0,8.191999979317188,4,4,0,1,39,0,0,40,68.249
727,24,0,1,0,65.5359998345375,4,4,0,1,39,0,0,40,68.249
727,24,0,2,0,9.216000325977802,4,4,0,1,39,0,0,40,68.249
727,24,0,3,0,4.095999989658594,4,4,0,1,39,0,0,40,68.249
727,40,0,0,1,9.216000325977802,4,4,0,0,40,0,0,40,2.02
727,40,0,1,1,58.36800113320351,4,4,0,0,40,0,0,40,2.02
727,40,0,2,1,9.216000325977802,4,4,0,0,40,0,0,40,2.02
727,40,0,3,1,4.095999989658594,4,4,0,0,40,0,0,40,2.02
728,2,0,0,0,14.336000196635723,4,4,0,0,40,0,0,40,2.36
728,2,0,1,0,67.58400052785873,4,4,0,0,40,0,0,40,2.36
728,2,0,2,0,9.216000325977802,4,4,0,0,40,0,0,40,2.36
728,2,0,3,0,5.119999870657921,4,4,0,0,40,0,0,40,2.36
728,24,0,0,0,8.191999979317188,4,4,0,0,40,0,0,40,2.04
728,24,0,1,0,63.48799914121628,4,4,0,0,40,0,0,40,2.04
728,24,0,2,0,9.216000325977802,4,4,0,0,40,0,0,40,2.04
728,24,0,3,0,4.095999989658594,4,4,0,0,40,0,0,40,2.04
728,40,0,0,1,8.191999979317188,4,4,0,0,40,0,0,40,2.591
728,40,0,1,1,64.51199948787689,4,4,0,0,40,0,0,40,2.591
728,40,0,2,1,9.216000325977802,4,4,0,0,40,0,0,40,2.591
728,40,0,3,1,4.095999989658594,4,4,0,0,40,0,0,40,2.591
729,2,0,0,0,15.359999611973763,4,4,0,0,40,0,0,40,2.9
729,2,0,1,0,84.99199897050858,4,4,0,0,40,0,0,40,2.9
729,2,0,2,0,9.216000325977802,4,4,0,0,40,0,0,40,2.9
729,2,0,3,0,4.095999989658594,4,4,0,0,40,0,0,40,2.9
729,24,0,0,0,8.191999979317188,4,4,0,0,40,0,0,40,1.89
729,24,0,1,0,53.247999399900436,4,4,0,0,40,0,0,40,1.89
729,24,0,2,0,9.216000325977802,4,4,0,0,40,0,0,40,1.89
729,24,0,3,0,4.095999989658594,4,4,0,0,40,0,0,40,1.89
729,40,0,0,1,16.383999958634377,4,4,0,2,38,0,0,40,328.449
729,40,0,1,1,75.77600330114365,4,4,0,2,38,0,0,40,328.449
729,40,0,2,1,9.216000325977802,4,4,0,2,38,0,0,40,328.449
729,40,0,3,1,223.23200106620789,4,4,0,2,38,0,0,40,328.449
730,2,0,0,0,9.216000325977802,4,4,0,3,36,1,0,40,170.739
730,2,0,1,0,75.77600330114365,4,4,0,3,36,1,0,40,170.739
730,2,0,2,0,168.96000504493713,4,4,0,3,36,1,0,40,170.739
730,2,0,3,0,5.119999870657921,4,4,0,3,36,1,0,40,170.739
730,24,0,0,0,9.216000325977802,4,4,0,0,40,0,0,40,4.29
730,24,0,1,0,71.68000191450119,4,4,0,0,40,0,0,40,4.29
730,24,0,2,0,9.216000325977802,4,4,0,0,40,0,0,40,4.29
730,24,0,3,0,4.095999989658594,4,4,0,0,40,0,0,40,4.29
730,40,0,0,1,9.216000325977802,4,4,0,0,40,0,0,40,2.089
730,40,0,1,1,62.463998794555664,4,4,0,0,40,0,0,40,2.089
730,40,0,2,1,9.216000325977802,4,4,0,0,40,0,0,40,2.089
730,40,0,3,1,4.095999989658594,4,4,0,0,40,0,0,40,2.089
731,2,0,0,0,14.336000196635723,4,4,0,0,40,0,0,40,3.92
731,2,0,1,0,82.94399827718735,4,4,0,0,40,0,0,40,3.92
731,2,0,2,0,9.216000325977802,4,4,0,0,40,0,0,40,3.92
731,2,0,3,0,5.119999870657921,4,4,0,0,40,0,0,40,3.92
731,24,0,0,0,8.191999979317188,4,4,0,1,39,0,0,40,131.9
731,24,0,1,0,61.43999844789505,4,4,0,1,39,0,0,40,131.9
731,24,0,2,0,8.191999979317188,4,4,0,1,39,0,0,40,131.9
731,24,0,3,0,49.15200173854828,4,4,0,1,39,0,0,40,131.9
731,40,0,0,1,15.359999611973763,4,4,0,1,39,0,0,40,73.571
731,40,0,1,1,79.8719972372055,4,4,0,1,39,0,0,40,73.571
731,40,0,2,1,9.216000325977802,4,4,0,1,39,0,0,40,73.571
731,40,0,3,1,5.119999870657921,4,4,0,1,39,0,0,40,73.571
732,2,0,0,0,9.216000325977802,4,4,0,1,39,0,0,40,69.059
732,2,0,1,0,78.84799689054489,4,4,0,1,39,0,0,40,69.059
732,2,0,2,0,9.216000325977802,4,4,0,1,39,0,0,40,69.059
732,2,0,3,0,4.095999989658594,4,4,0,1,39,0,0,40,69.059
732,24,0,0,0,8.191999979317188,4,4,0,2,38,0,0,40,187.57
732,24,0,1,0,60.416001826524734,4,4,0,2,38,0,0,40,187.57
732,24,0,2,0,9.216000325977802,4,4,0,2,38,0,0,40,187.57
732,24,0,3,0,106.49599879980087,4,4,0,2,38,0,0,40,187.57
732,40,0,0,1,15.359999611973763,4,4,0,3,37,0,0,40,176.359
732,40,0,1,1,76.80000364780426,4,4,0,3,37,0,0,40,176.359
732,40,0,2,1,8.191999979317188,4,4,0,3,37,0,0,40,176.359
732,40,0,3,1,71.68000191450119,4,4,0,3,37,0,0,40,176.359
733,2,0,0,0,16.383999958634377,4,4,0,1,39,0,0,40,57.579
733,2,0,1,0,89.08800035715103,4,4,0,1,39,0,0,40,57.579
733,2,0,2,0,9.216000325977802,4,4,0,1,39,0,0,40,57.579
733,2,0,3,0,4.095999989658594,4,4,0,1,39,0,0,40,57.579
733,24,0,0,0,9.216000325977802,4,4,0,3,37,0,0,40,121.309
733,24,0,1,0,71.68000191450119,4,4,0,3,37,0,0,40,121.309
733,24,0,2,0,9.216000325977802,4,4,0,3,37,0,0,40,121.309
733,24,0,3,0,32.76799991726875,4,4,0,3,37,0,0,40,121.309
733,40,0,0,1,15.359999611973763,4,4,0,1,39,0,0,40,78.409
733,40,0,1,1,77.82399654388428,4,4,0,1,39,0,0,40,78.409
733,40,0,2,1,9.216000325977802,4,4,0,1,39,0,0,40,78.409
733,40,0,3,1,4.095999989658594,4,4,0,1,39,0,0,40,78.409
734,2,0,0,0,13.311999849975109,4,4,0,0,40,0,0,40,4.47
734,2,0,1,0,82.94399827718735,4,4,0,0,40,0,0,40,4.47
734,2,0,2,0,9.216000325977802,4,4,0,0,40,0,0,40,4.47
734,2,0,3,0,4.095999989658594,4,4,0,0,40,0,0,40,4.47
734,24,0,0,0,8.191999979317188,4,4,0,0,40,0,0,40,4.389
734,24,0,1,0,67.58400052785873,4,4,0,0,40,0,0,40,4.389
734,24,0,2,0,9.216000325977802,4,4,0,0,40,0,0,40,4.389
734,24,0,3,0,4.095999989658594,4,4,0,0,40,0,0,40,4.389
734,40,0,0,1,9.216000325977802,4,4,0,0,40,0,0,40,2.77
734,40,0,1,1,81.91999793052673,4,4,0,0,40,0,0,40,2.77
734,40,0,2,1,9.216000325977802,4,4,0,0,40,0,0,40,2.77
734,40,0,3,1,4.095999989658594,4,4,0,0,40,0,0,40,2.77
735,2,0,0,0,15.359999611973763,4,4,0,0,40,0,0,40,2.93
735,2,0,1,0,63.48799914121628,4,4,0,0,40,0,0,40,2.93
735,2,0,2,0,8.191999979317188,4,4,0,0,40,0,0,40,2.93
735,2,0,3,0,5.119999870657921,4,4,0,0,40,0,0,40,2.93
735,24,0,0,0,8.191999979317188,4,4,0,0,40,0,0,40,4.83
735,24,0,1,0,63.48799914121628,4,4,0,0,40,0,0,40,4.83
735,24,0,2,0,9.216000325977802,4,4,0,0,40,0,0,40,4.83
735,24,0,3,0,4.095999989658594,4,4,0,0,40,0,0,40,4.83
735,40,0,0,1,8.191999979317188,4,4,0,0,40,0,0,40,3.09
735,40,0,1,1,69.63200122117996,4,4,0,0,40,0,0,40,3.09
735,40,0,2,1,9.216000325977802,4,4,0,0,40,0,0,40,3.09
735,40,0,3,1,4.095999989658594,4,4,0,0,40,0,0,40,3.09
736,2,0,0,0,8.191999979317188,4,4,0,2,38,0,0,40,129.669
736,2,0,1,0,70.65600156784058,4,4,0,2,38,0,0,40,129.669
736,2,0,2,0,9.216000325977802,4,4,0,2,38,0,0,40,129.669
736,2,0,3,0,38.91199827194214,4,4,0,2,38,0,0,40,129.669
736,24,0,0,0,8.191999979317188,4,4,0,0,40,0,0,40,2.47
736,24,0,1,0,56.32000043988228,4,4,0,0,40,0,0,40,2.47
736,24,0,2,0,9.216000325977802,4,4,0,0,40,0,0,40,2.47
736,24,0,3,0,3.0720001086592674,4,4,0,0,40,0,0,40,2.47
736,40,0,0,1,8.191999979317188,4,4,0,0,40,0,0,40,2.23
736,40,0,1,1,54.27199974656105,4,4,0,0,40,0,0,40,2.23
736,40,0,2,1,9.216000325977802,4,4,0,0,40,0,0,40,2.23
736,40,0,3,1,4.095999989658594,4,4,0,0,40,0,0,40,2.23
737,2,0,0,0,8.191999979317188,1,1,0,0,10,0,0,10,0.64
737,2,0,1,0,31.74399957060814,1,1,0,0,10,0,0,10,0.64
737,2,0,2,0,9.216000325977802,1,1,0,0,10,0,0,10,0.64
737,2,0,3,0,5.119999870657921,1,1,0,0,10,0,0,10,0.64
737,24,0,0,0,8.191999979317188,1,1,0,0,10,0,0,10,0.62
737,24,0,1,0,31.74399957060814,1,1,0,0,10,0,0,10,0.62
737,24,0,2,0,9.216000325977802,1,1,0,0,10,0,0,10,0.62
737,24,0,3,0,4.095999989658594,1,1,0,0,10,0,0,10,0.62
737,40,0,0,1,9.216000325977802,1,1,0,0,10,0,0,10,0.529
737,40,0,1,1,34.81600061058998,1,1,0,0,10,0,0,10,0.529
737,40,0,2,1,9.216000325977802,1,1,0,0,10,0,0,10,0.529
737,40,0,3,1,4.095999989658594,1,1,0,0,10,0,0,10,0.529
738,2,0,0,0,15.359999611973763,4,4,0,0,40,0,0,40,4.74
738,2,0,1,0,82.94399827718735,4,4,0,0,40,0,0,40,4.74
738,2,0,2,0,9.216000325977802,4,4,0,0,40,0,0,40,4.74
738,2,0,3,0,5.119999870657921,4,4,0,0,40,0,0,40,4.74
738,24,0,0,0,8.191999979317188,4,4,0,0,40,0,0,40,2.04
738,24,0,1,0,63.48799914121628,4,4,0,0,40,0,0,40,2.04
738,24,0,2,0,9.216000325977802,4,4,0,0,40,0,0,40,2.04
738,24,0,3,0,4.095999989658594,4,4,0,0,40,0,0,40,2.04
738,40,0,0,1,10.239999741315842,4,4,0,0,40,0,0,40,2.16
738,40,0,1,1,55.296000093221664,4,4,0,0,40,0,0,40,2.16
738,40,0,2,1,9.216000325977802,4,4,0,0,40,0,0,40,2.16
738,40,0,3,1,4.095999989658594,4,4,0,0,40,0,0,40,2.16
739,2,0,0,0,9.216000325977802,4,4,0,3,37,0,0,40,157.599
739,2,0,1,0,78.84799689054489,4,4,0,3,37,0,0,40,157.599
739,2,0,2,0,9.216000325977802,4,4,0,3,37,0,0,40,157.599
739,2,0,3,0,58.36800113320351,4,4,0,3,37,0,0,40,157.599
739,24,0,0,0,8.191999979317188,4,4,0,0,40,0,0,40,2.171
739,24,0,1,0,68.60800087451935,4,4,0,0,40,0,0,40,2.171
739,24,0,2,0,9.216000325977802,4,4,0,0,40,0,0,40,2.171
739,24,0,3,0,4.095999989658594,4,4,0,0,40,0,0,40,2.171
739,40,0,0,1,9.216000325977802,4,4,0,0,40,0,0,40,1.74
739,40,0,1,1,64.51199948787689,4,4,0,0,40,0,0,40,1.74
739,40,0,2,1,9.216000325977802,4,4,0,0,40,0,0,40,1.74
739,40,0,3,1,4.095999989658594,4,4,0,0,40,0,0,40,1.74
740,2,0,0,0,9.216000325977802,4,4,0,0,40,0,0,40,3.549
740,2,0,1,0,84.99199897050858,4,4,0,0,40,0,0,40,3.549
740,2,0,2,0,9.216000325977802,4,4,0,0,40,0,0,40,3.549
740,2,0,3,0,4.095999989658594,4,4,0,0,40,0,0,40,3.549
740,24,0,0,0,9.216000325977802,4,4,0,0,40,0,0,40,1.77
740,24,0,1,0,57.34400078654289,4,4,0,0,40,0,0,40,1.77
740,24,0,2,0,9.216000325977802,4,4,0,0,40,0,0,40,1.77
740,24,0,3,0,4.095999989658594,4,4,0,0,40,0,0,40,1.77
740,40,0,0,1,9.216000325977802,4,4,0,0,40,0,0,40,2.01
740,40,0,1,1,48.128001391887665,4,4,0,0,40,0,0,40,2.01
740,40,0,2,1,9.216000325977802,4,4,0,0,40,0,0,40,2.01
740,40,0,3,1,4.095999989658594,4,4,0,0,40,0,0,40,2.01
741,2,0,0,0,15.359999611973763,3,3,0,0,30,0,0,30,1.74
741,2,0,1,0,49.15200173854828,3,3,0,0,30,0,0,30,1.74
741,2,0,2,0,9.216000325977802,3,3,0,0,30,0,0,30,1.74
741,2,0,3,0,6.144000217318535,3,3,0,0,30,0,0,30,1.74
741,24,0,0,0,9.216000325977802,3,3,0,0,30,0,0,30,2.38
741,24,0,1,0,56.32000043988228,3,3,0,0,30,0,0,30,2.38
741,24,0,2,0,9.216000325977802,3,3,0,0,30,0,0,30,2.38
741,24,0,3,0,4.095999989658594,3,3,0,0,30,0,0,30,2.38
741,40,0,0,1,8.191999979317188,3,3,0,0,30,0,0,30,1.57
741,40,0,1,1,46.08000069856644,3,3,0,0,30,0,0,30,1.57
741,40,0,2,1,9.216000325977802,3,3,0,0,30,0,0,30,1.57
741,40,0,3,1,4.095999989658594,3,3,0,0,30,0,0,30,1.57
742,2,0,0,0,9.216000325977802,4,4,0,2,38,0,0,40,109.269
742,2,0,1,0,76.80000364780426,4,4,0,2,38,0,0,40,109.269
742,2,0,2,0,10.239999741315842,4,4,0,2,38,0,0,40,109.269
742,2,0,3,0,9.216000325977802,4,4,0,2,38,0,0,40,109.269
742,24,0,0,0,8.191999979317188,4,4,0,0,40,0,0,40,4.06
742,24,0,1,0,55.296000093221664,4,4,0,0,40,0,0,40,4.06
742,24,0,2,0,9.216000325977802,4,4,0,0,40,0,0,40,4.06
742,24,0,3,0,4.095999989658594,4,4,0,0,40,0,0,40,4.06
742,40,0,0,1,9.216000325977802,4,4,0,0,40,0,0,40,1.77
742,40,0,1,1,51.19999870657921,4,4,0,0,40,0,0,40,1.77
742,40,0,2,1,9.216000325977802,4,4,0,0,40,0,0,40,1.77
742,40,0,3,1,4.095999989658594,4,4,0,0,40,0,0,40,1.77
743,2,0,0,0,9.216000325977802,4,4,0,1,39,0,0,40,99.44
743,2,0,1,0,77.82399654388428,4,4,0,1,39,0,0,40,99.44
743,2,0,2,0,9.216000325977802,4,4,0,1,39,0,0,40,99.44
743,2,0,3,0,6.144000217318535,4,4,0,1,39,0,0,40,99.44
743,24,0,0,0,8.191999979317188,4,4,0,0,40,0,0,40,1.95
743,24,0,1,0,54.27199974656105,4,4,0,0,40,0,0,40,1.95
743,24,0,2,0,9.216000325977802,4,4,0,0,40,0,0,40,1.95
743,24,0,3,0,4.095999989658594,4,4,0,0,40,0,0,40,1.95
743,40,0,0,1,9.216000325977802,4,4,0,0,40,0,0,40,2.09
743,40,0,1,1,49.15200173854828,4,4,0,0,40,0,0,40,2.09
743,40,0,2,1,9.216000325977802,4,4,0,0,40,0,0,40,2.09
743,40,0,3,1,4.095999989658594,4,4,0,0,40,0,0,40,2.09
744,2,0,0,0,14.336000196635723,4,4,0,0,40,0,0,40,2.52
744,2,0,1,0,82.94399827718735,4,4,0,0,40,0,0,40,2.52
744,2,0,2,0,9.216000325977802,4,4,0,0,40,0,0,40,2.52
744,2,0,3,0,7.168000098317862,4,4,0,0,40,0,0,40,2.52
744,24,0,0,0,8.191999979317188,4,4,0,0,40,0,0,40,2.209
744,24,0,1,0,78.84799689054489,4,4,0,0,40,0,0,40,2.209
744,24,0,2,0,9.216000325977802,4,4,0,0,40,0,0,40,2.209
744,24,0,3,0,4.095999989658594,4,4,0,0,40,0,0,40,2.209
744,40,0,0,1,15.359999611973763,4,4,0,1,39,0,0,40,76.77
744,40,0,1,1,68.60800087451935,4,4,0,1,39,0,0,40,76.77
744,40,0,2,1,9.216000325977802,4,4,0,1,39,0,0,40,76.77
744,40,0,3,1,4.095999989658594,4,4,0,1,39,0,0,40,76.77
745,2,0,0,0,8.191999979317188,4,4,0,0,40,0,0,40,3.331
745,2,0,1,0,79.8719972372055,4,4,0,0,40,0,0,40,3.331
745,2,0,2,0,9.216000325977802,4,4,0,0,40,0,0,40,3.331
745,2,0,3,0,4.095999989658594,4,4,0,0,40,0,0,40,3.331
745,24,0,0,0,8.191999979317188,4,4,0,0,40,0,0,40,4.61
745,24,0,1,0,62.463998794555664,4,4,0,0,40,0,0,40,4.61
745,24,0,2,0,9.216000325977802,4,4,0,0,40,0,0,40,4.61
745,24,0,3,0,4.095999989658594,4,4,0,0,40,0,0,40,4.61
745,40,0,0,1,15.359999611973763,4,4,0,2,38,0,0,40,87.1
745,40,0,1,1,66.56000018119812,4,4,0,2,38,0,0,40,87.1
745,40,0,2,1,9.216000325977802,4,4,0,2,38,0,0,40,87.1
745,40,0,3,1,5.119999870657921,4,4,0,2,38,0,0,40,87.1
746,2,0,0,0,9.216000325977802,4,4,0,1,39,0,0,40,77.26
746,2,0,1,0,74.75200295448303,4,4,0,1,39,0,0,40,77.26
746,2,0,2,0,9.216000325977802,4,4,0,1,39,0,0,40,77.26
746,2,0,3,0,5.119999870657921,4,4,0,1,39,0,0,40,77.26
746,24,0,0,0,8.191999979317188,4,4,0,0,40,0,0,40,2.94
746,24,0,1,0,77.82399654388428,4,4,0,0,40,0,0,40,2.94
746,24,0,2,0,9.216000325977802,4,4,0,0,40,0,0,40,2.94
746,24,0,3,0,4.095999989658594,4,4,0,0,40,0,0,40,2.94
746,40,0,0,1,14.336000196635723,4,4,0,2,38,0,0,40,75.099
746,40,0,1,1,79.8719972372055,4,4,0,2,38,0,0,40,75.099
746,40,0,2,1,9.216000325977802,4,4,0,2,38,0,0,40,75.099
746,40,0,3,1,4.095999989658594,4,4,0,2,38,0,0,40,75.099
747,2,0,0,0,14.336000196635723,4,4,0,0,40,0,0,40,5.52
747,2,0,1,0,93.18400174379349,4,4,0,0,40,0,0,40,5.52
747,2,0,2,0,9.216000325977802,4,4,0,0,40,0,0,40,5.52
747,2,0,3,0,5.119999870657921,4,4,0,0,40,0,0,40,5.52
747,24,0,0,0,9.216000325977802,4,4,0,3,36,1,0,40,358.308
747,24,0,1,0,67.58400052785873,4,4,0,3,36,1,0,40,358.308
747,24,0,2,0,168.96000504493713,4,4,0,3,36,1,0,40,358.308
747,24,0,3,0,108.5439994931221,4,4,0,3,36,1,0,40,358.308
747,40,0,0,1,8.191999979317188,4,4,0,5,35,0,0,40,166.789
747,40,0,1,1,62.463998794555664,4,4,0,5,35,0,0,40,166.789
747,40,0,2,1,9.216000325977802,4,4,0,5,35,0,0,40,166.789
747,40,0,3,1,89.08800035715103,4,4,0,5,35,0,0,40,166.789
748,2,0,0,0,15.359999611973763,4,4,0,2,38,0,0,40,130.58
748,2,0,1,0,78.84799689054489,4,4,0,2,38,0,0,40,130.58
748,2,0,2,0,10.239999741315842,4,4,0,2,38,0,0,40,130.58
748,2,0,3,0,22.52800017595291,4,4,0,2,38,0,0,40,130.58
748,24,0,0,0,8.191999979317188,4,4,0,1,39,0,0,40,67.39
748,24,0,1,0,71.68000191450119,4,4,0,1,39,0,0,40,67.39
748,24,0,2,0,8.191999979317188,4,4,0,1,39,0,0,40,67.39
748,24,0,3,0,4.095999989658594,4,4,0,1,39,0,0,40,67.39
748,40,0,0,1,8.191999979317188,4,4,0,0,40,0,0,40,4.15
748,40,0,1,1,67.58400052785873,4,4,0,0,40,0,0,40,4.15
748,40,0,2,1,9.216000325977802,4,4,0,0,40,0,0,40,4.15
748,40,0,3,1,4.095999989658594,4,4,0,0,40,0,0,40,4.15
749,2,0,0,0,14.336000196635723,4,4,0,0,40,0,0,40,4.469
749,2,0,1,0,76.80000364780426,4,4,0,0,40,0,0,40,4.469
749,2,0,2,0,9.216000325977802,4,4,0,0,40,0,0,40,4.469
749,2,0,3,0,5.119999870657921,4,4,0,0,40,0,0,40,4.469
749,24,0,0,0,9.216000325977802,4,4,0,0,40,0,0,40,2.35
749,24,0,1,0,64.51199948787689,4,4,0,0,40,0,0,40,2.35
749,24,0,2,0,9.216000325977802,4,4,0,0,40,0,0,40,2.35
749,24,0,3,0,4.095999989658594,4,4,0,0,40,0,0,40,2.35
749,40,0,0,1,10.239999741315842,4,4,0,0,40,0,0,40,2.82
749,40,0,1,1,62.463998794555664,4,4,0,0,40,0,0,40,2.82
749,40,0,2,1,9.216000325977802,4,4,0,0,40,0,0,40,2.82
749,40,0,3,1,4.095999989658594,4,4,0,0,40,0,0,40,2.82
750,2,0,0,0,15.359999611973763,4,4,0,0,40,0,0,40,2.64
750,2,0,1,0,78.84799689054489,4,4,0,0,40,0,0,40,2.64
750,2,0,2,0,9.216000325977802,4,4,0,0,40,0,0,40,2.64
750,2,0,3,0,5.119999870657921,4,4,0,0,40,0,0,40,2.64
750,24,0,0,0,8.191999979317188,4,4,0,1,39,0,0,40,65.83
750,24,0,1,0,63.48799914121628,4,4,0,1,39,0,0,40,65.83
750,24,0,2,0,9.216000325977802,4,4,0,1,39,0,0,40,65.83
750,24,0,3,0,4.095999989658594,4,4,0,1,39,0,0,40,65.83
750,40,0,0,1,15.359999611973763,4,4,0,1,39,0,0,40,171.519
750,40,0,1,1,64.51199948787689,4,4,0,1,39,0,0,40,171.519
750,40,0,2,1,9.216000325977802,4,4,0,1,39,0,0,40,171.519
750,40,0,3,1,78.84799689054489,4,4,0,1,39,0,0,40,171.519
751,2,0,0,0,9.216000325977802,4,4,0,0,40,0,0,40,2.729
751,2,0,1,0,76.80000364780426,4,4,0,0,40,0,0,40,2.729
751,2,0,2,0,9.216000325977802,4,4,0,0,40,0,0,40,2.729
751,2,0,3,0,5.119999870657921,4,4,0,0,40,0,0,40,2.729
751,24,0,0,0,8.191999979317188,4,4,0,0,40,0,0,40,3.76
751,24,0,1,0,79.8719972372055,4,4,0,0,40,0,0,40,3.76
751,24,0,2,0,9.216000325977802,4,4,0,0,40,0,0,40,3.76
751,24,0,3,0,4.095999989658594,4,4,0,0,40,0,0,40,3.76
751,40,0,0,1,14.336000196635723,4,4,0,2,38,0,0,40,134.539
751,40,0,1,1,96.25600278377533,4,4,0,2,38,0,0,40,134.539
751,40,0,2,1,9.216000325977802,4,4,0,2,38,0,0,40,134.539
751,40,0,3,1,13.311999849975109,4,4,0,2,38,0,0,40,134.539
752,2,0,0,0,14.336000196635723,4,4,0,0,40,0,0,40,4.84
752,2,0,1,0,74.75200295448303,4,4,0,0,40,0,0,40,4.84
752,2,0,2,0,9.216000325977802,4,4,0,0,40,0,0,40,4.84
752,2,0,3,0,4.095999989658594,4,4,0,0,40,0,0,40,4.84
752,24,0,0,0,8.191999979317188,4,4,0,1,39,0,0,40,73.359
752,24,0,1,0,71.68000191450119,4,4,0,1,39,0,0,40,73.359
752,24,0,2,0,9.216000325977802,4,4,0,1,39,0,0,40,73.359
752,24,0,3,0,4.095999989658594,4,4,0,1,39,0,0,40,73.359
752,40,0,0,1,15.359999611973763,4,4,0,4,35,1,0,40,316.638
752,40,0,1,1,70.65600156784058,4,4,0,4,35,1,0,40,316.638
752,40,0,2,1,191.48799777030945,4,4,0,4,35,1,0,40,316.638
752,40,0,3,1,34.81600061058998,4,4,0,4,35,1,0,40,316.638
753,2,0,0,0,15.359999611973763,4,4,0,2,38,0,0,40,142.46
753,2,0,1,0,78.84799689054489,4,4,0,2,38,0,0,40,142.46
753,2,0,2,0,9.216000325977802,4,4,0,2,38,0,0,40,142.46
753,2,0,3,0,37.88800165057182,4,4,0,2,38,0,0,40,142.46
753,24,0,0,0,8.191999979317188,4,4,0,5,34,1,0,40,458.608
753,24,0,1,0,81.91999793052673,4,4,0,5,34,1,0,40,458.608
753,24,0,2,0,168.96000504493713,4,4,0,5,34,1,0,40,458.608
753,24,0,3,0,195.5839991569519,4,4,0,5,34,1,0,40,458.608
753,40,0,0,1,15.359999611973763,4,4,0,3,37,0,0,40,291.059
753,40,0,1,1,83.96799862384796,4,4,0,3,37,0,0,40,291.059
753,40,0,2,1,8.191999979317188,4,4,0,3,37,0,0,40,291.059
753,40,0,3,1,178.17600071430206,4,4,0,3,37,0,0,40,291.059
754,2,0,0,0,14.336000196635723,4,4,0,3,37,0,0,40,191.848
754,2,0,1,0,86.01599931716919,4,4,0,3,37,0,0,40,191.848
754,2,0,2,0,9.216000325977802,4,4,0,3,37,0,0,40,191.848
754,2,0,3,0,77.82399654388428,4,4,0,3,37,0,0,40,191.848
754,24,0,0,0,8.191999979317188,4,4,0,1,39,0,0,40,61.12
754,24,0,1,0,83.96799862384796,4,4,0,1,39,0,0,40,61.12
754,24,0,2,0,8.191999979317188,4,4,0,1,39,0,0,40,61.12
754,24,0,3,0,4.095999989658594,4,4,0,1,39,0,0,40,61.12
754,40,0,0,1,9.216000325977802,4,4,0,3,37,0,0,40,237.189
754,40,0,1,1,97.28000313043594,4,4,0,3,37,0,0,40,237.189
754,40,0,2,1,9.216000325977802,4,4,0,3,37,0,0,40,237.189
754,40,0,3,1,118.78400295972824,4,4,0,3,37,0,0,40,237.189
755,2,0,0,0,14.336000196635723,4,4,0,0,40,0,0,40,5.72
755,2,0,1,0,81.91999793052673,4,4,0,0,40,0,0,40,5.72
755,2,0,2,0,9.216000325977802,4,4,0,0,40,0,0,40,5.72
755,2,0,3,0,5.119999870657921,4,4,0,0,40,0,0,40,5.72
755,24,0,0,0,8.191999979317188,4,4,0,0,40,0,0,40,5.171
755,24,0,1,0,82.94399827718735,4,4,0,0,40,0,0,40,5.171
755,24,0,2,0,9.216000325977802,4,4,0,0,40,0,0,40,5.171
755,24,0,3,0,4.095999989658594,4,4,0,0,40,0,0,40,5.171
755,40,0,0,1,15.359999611973763,4,4,0,1,39,0,0,40,87.279
755,40,0,1,1,89.08800035715103,4,4,0,1,39,0,0,40,87.279
755,40,0,2,1,9.216000325977802,4,4,0,1,39,0,0,40,87.279
755,40,0,3,1,5.119999870657921,4,4,0,1,39,0,0,40,87.279
756,2,0,0,0,13.311999849975109,4,4,0,0,40,0,0,40,6.031
756,2,0,1,0,87.0399996638298,4,4,0,0,40,0,0,40,6.031
756,2,0,2,0,10.239999741315842,4,4,0,0,40,0,0,40,6.031
756,2,0,3,0,5.119999870657921,4,4,0,0,40,0,0,40,6.031
756,24,0,0,0,8.191999979317188,4,4,0,0,40,0,0,40,5.56
756,24,0,1,0,82.94399827718735,4,4,0,0,40,0,0,40,5.56
756,24,0,2,0,9.216000325977802,4,4,0,0,40,0,0,40,5.56
756,24,0,3,0,4.095999989658594,4,4,0,0,40,0,0,40,5.56
756,40,0,0,1,8.191999979317188,4,4,0,3,37,0,0,40,181.708
756,40,0,1,1,70.65600156784058,4,4,0,3,37,0,0,40,181.708
756,40,0,2,1,9.216000325977802,4,4,0,3,37,0,0,40,181.708
756,40,0,3,1,91.13600105047226,4,4,0,3,37,0,0,40,181.708
757,2,0,0,0,14.336000196635723,4,4,0,0,40,0,0,40,3.56
757,2,0,1,0,82.94399827718735,4,4,0,0,40,0,0,40,3.56
757,2,0,2,0,9.216000325977802,4,4,0,0,40,0,0,40,3.56
757,2,0,3,0,5.119999870657921,4,4,0,0,40,0,0,40,3.56
757,24,0,0,0,8.191999979317188,4,4,0,1,39,0,0,40,61.22
757,24,0,1,0,93.18400174379349,4,4,0,1,39,0,0,40,61.22
757,24,0,2,0,9.216000325977802,4,4,0,1,39,0,0,40,61.22
757,24,0,3,0,4.095999989658594,4,4,0,1,39,0,0,40,61.22
757,40,0,0,1,16.383999958634377,4,4,0,2,38,0,0,40,211.739
757,40,0,1,1,83.96799862384796,4,4,0,2,38,0,0,40,211.739
757,40,0,2,1,9.216000325977802,4,4,0,2,38,0,0,40,211.739
757,40,0,3,1,99.32799637317657,4,4,0,2,38,0,0,40,211.739
758,2,0,0,0,14.336000196635723,4,4,0,0,40,0,0,40,2.769
758,2,0,1,0,67.58400052785873,4,4,0,0,40,0,0,40,2.769
758,2,0,2,0,9.216000325977802,4,4,0,0,40,0,0,40,2.769
758,2,0,3,0,4.095999989658594,4,4,0,0,40,0,0,40,2.769
758,24,0,0,0,9.216000325977802,4,4,0,2,38,0,0,40,113.96
758,24,0,1,0,82.94399827718735,4,4,0,2,38,0,0,40,113.96
758,24,0,2,0,9.216000325977802,4,4,0,2,38,0,0,40,113.96
758,24,0,3,0,14.336000196635723,4,4,0,2,38,0,0,40,113.96
758,40,0,0,1,15.359999611973763,4,4,0,6,33,1,0,40,360.518
758,40,0,1,1,83.96799862384796,4,4,0,6,33,1,0,40,360.518
758,40,0,2,1,194.5600062608719,4,4,0,6,33,1,0,40,360.518
758,40,0,3,1,60.416001826524734,4,4,0,6,33,1,0,40,360.518
759,2,0,0,0,14.336000196635723,4,4,0,0,40,0,0,40,2.711
759,2,0,1,0,72.7040022611618,4,4,0,0,40,0,0,40,2.711
759,2,0,2,0,9.216000325977802,4,4,0,0,40,0,0,40,2.711
759,2,0,3,0,6.144000217318535,4,4,0,0,40,0,0,40,2.711
759,24,0,0,0,8.191999979317188,4,4,0,1,39,0,0,40,63.21
759,24,0,1,0,81.91999793052673,4,4,0,1,39,0,0,40,63.21
759,24,0,2,0,8.191999979317188,4,4,0,1,39,0,0,40,63.21
759,24,0,3,0,4.095999989658594,4,4,0,1,39,0,0,40,63.21
759,40,0,0,1,15.359999611973763,4,4,0,1,39,0,0,40,102.94
759,40,0,1,1,87.0399996638298,4,4,0,1,39,0,0,40,102.94
759,40,0,2,1,9.216000325977802,4,4,0,1,39,0,0,40,102.94
759,40,0,3,1,4.095999989658594,4,4,0,1,39,0,0,40,102.94
760,2,0,0,0,8.191999979317188,4,4,0,2,38,0,0,40,140.229
760,2,0,1,0,86.01599931716919,4,4,0,2,38,0,0,40,140.229
760,2,0,2,0,9.216000325977802,4,4,0,2,38,0,0,40,140.229
760,2,0,3,0,33.79200026392937,4,4,0,2,38,0,0,40,140.229
760,24,0,0,0,8.191999979317188,4,4,0,2,38,0,0,40,298.65
760,24,0,1,0,91.13600105047226,4,4,0,2,38,0,0,40,298.65
760,24,0,2,0,9.216000325977802,4,4,0,2,38,0,0,40,298.65
760,24,0,3,0,187.391996383667,4,4,0,2,38,0,0,40,298.65
760,40,0,0,1,9.216000325977802,4,4,0,0,40,0,0,40,3.4
760,40,0,1,1,109.56799983978271,4,4,0,0,40,0,0,40,3.4
760,40,0,2,1,9.216000325977802,4,4,0,0,40,0,0,40,3.4
760,40,0,3,1,4.095999989658594,4,4,0,0,40,0,0,40,3.4
761,2,0,0,0,16.383999958634377,4,4,0,3,37,0,0,40,161.459
761,2,0,1,0,80.89599758386612,4,4,0,3,37,0,0,40,161.459
761,2,0,2,0,9.216000325977802,4,4,0,3,37,0,0,40,161.459
761,2,0,3,0,52.22399905323982,4,4,0,3,37,0,0,40,161.459
761,24,0,0,0,8.191999979317188,4,4,0,2,38,0,0,40,108.54
761,24,0,1,0,89.08800035715103,4,4,0,2,38,0,0,40,108.54
761,24,0,2,0,9.216000325977802,4,4,0,2,38,0,0,40,108.54
761,24,0,3,0,4.095999989658594,4,4,0,2,38,0,0,40,108.54
761,40,0,0,1,15.359999611973763,4,4,0,1,39,0,0,40,76.51
761,40,0,1,1,89.08800035715103,4,4,0,1,39,0,0,40,76.51
761,40,0,2,1,8.191999979317188,4,4,0,1,39,0,0,40,76.51
761,40,0,3,1,4.095999989658594,4,4,0,1,39,0,0,40,76.51
762,2,0,0,0,14.336000196635723,4,4,0,0,40,0,0,40,2.68
762,2,0,1,0,76.80000364780426,4,4,0,0,40,0,0,40,2.68
762,2,0,2,0,9.216000325977802,4,4,0,0,40,0,0,40,2.68
762,2,0,3,0,7.168000098317862,4,4,0,0,40,0,0,40,2.68
762,24,0,0,0,8.191999979317188,4,4,0,2,38,0,0,40,116.969
762,24,0,1,0,88.06400001049042,4,4,0,2,38,0,0,40,116.969
762,24,0,2,0,9.216000325977802,4,4,0,2,38,0,0,40,116.969
762,24,0,3,0,14.336000196635723,4,4,0,2,38,0,0,40,116.969
762,40,0,0,1,14.336000196635723,4,4,0,2,38,0,0,40,150.349
762,40,0,1,1,99.32799637317657,4,4,0,2,38,0,0,40,150.349
762,40,0,2,1,10.239999741315842,4,4,0,2,38,0,0,40,150.349
762,40,0,3,1,22.52800017595291,4,4,0,2,38,0,0,40,150.349
763,2,0,0,0,14.336000196635723,4,4,0,0,40,0,0,40,3.32
763,2,0,1,0,90.11200070381165,4,4,0,0,40,0,0,40,3.32
763,2,0,2,0,9.216000325977802,4,4,0,0,40,0,0,40,3.32
763,2,0,3,0,5.119999870657921,4,4,0,0,40,0,0,40,3.32
763,24,0,0,0,8.191999979317188,4,4,0,0,40,0,0,40,5.249
763,24,0,1,0,82.94399827718735,4,4,0,0,40,0,0,40,5.249
763,24,0,2,0,9.216000325977802,4,4,0,0,40,0,0,40,5.249
763,24,0,3,0,4.095999989658594,4,4,0,0,40,0,0,40,5.249
763,40,0,0,1,8.191999979317188,4,4,0,0,40,0,0,40,5.62
763,40,0,1,1,82.94399827718735,4,4,0,0,40,0,0,40,5.62
763,40,0,2,1,9.216000325977802,4,4,0,0,40,0,0,40,5.62
763,40,0,3,1,4.095999989658594,4,4,0,0,40,0,0,40,5.62
764,2,0,0,0,14.336000196635723,4,4,0,0,40,0,0,40,4.44
764,2,0,1,0,84.99199897050858,4,4,0,0,40,0,0,40,4.44
764,2,0,2,0,9.216000325977802,4,4,0,0,40,0,0,40,4.44
764,2,0,3,0,5.119999870657921,4,4,0,0,40,0,0,40,4.44
764,24,0,0,0,8.191999979317188,4,4,0,2,38,0,0,40,110.259
764,24,0,1,0,83.96799862384796,4,4,0,2,38,0,0,40,110.259
764,24,0,2,0,10.239999741315842,4,4,0,2,38,0,0,40,110.259
764,24,0,3,0,4.095999989658594,4,4,0,2,38,0,0,40,110.259
764,40,0,0,1,9.216000325977802,4,4,0,0,40,0,0,40,3.789
764,40,0,1,1,83.96799862384796,4,4,0,0,40,0,0,40,3.789
764,40,0,2,1,9.216000325977802,4,4,0,0,40,0,0,40,3.789
764,40,0,3,1,4.095999989658594,4,4,0,0,40,0,0,40,3.789
765,2,0,0,0,14.336000196635723,4,4,0,0,40,0,0,40,2.66
765,2,0,1,0,64.51199948787689,4,4,0,0,40,0,0,40,2.66
765,2,0,2,0,10.239999741315842,4,4,0,0,40,0,0,40,2.66
765,2,0,3,0,5.119999870657921,4,4,0,0,40,0,0,40,2.66
765,24,0,0,0,8.191999979317188,4,4,0,1,39,0,0,40,70.66
765,24,0,1,0,80.89599758386612,4,4,0,1,39,0,0,40,70.66
765,24,0,2,0,9.216000325977802,4,4,0,1,39,0,0,40,70.66
765,24,0,3,0,4.095999989658594,4,4,0,1,39,0,0,40,70.66
765,40,0,0,1,15.359999611973763,4,4,0,3,37,0,0,40,240.049
765,40,0,1,1,83.96799862384796,4,4,0,3,37,0,0,40,240.049
765,40,0,2,1,10.239999741315842,4,4,0,3,37,0,0,40,240.049
765,40,0,3,1,126.97599828243256,4,4,0,3,37,0,0,40,240.049
766,2,0,0,0,14.336000196635723,4,4,0,0,40,0,0,40,3.04
766,2,0,1,0,70.65600156784058,4,4,0,0,40,0,0,40,3.04
766,2,0,2,0,9.216000325977802,4,4,0,0,40,0,0,40,3.04
766,2,0,3,0,7.168000098317862,4,4,0,0,40,0,0,40,3.04
766,24,0,0,0,9.216000325977802,4,4,0,0,40,0,0,40,5.251
766,24,0,1,0,74.75200295448303,4,4,0,0,40,0,0,40,5.251
766,24,0,2,0,9.216000325977802,4,4,0,0,40,0,0,40,5.251
766,24,0,3,0,4.095999989658594,4,4,0,0,40,0,0,40,5.251
766,40,0,0,1,1662.9760265350342,4,4,0,0,40,0,0,40,6.55
766,40,0,1,1,102.39999741315842,4,4,0,0,40,0,0,40,6.55
766,40,0,2,1,9.216000325977802,4,4,0,0,40,0,0,40,6.55
766,40,0,3,1,4.095999989658594,4,4,0,0,40,0,0,40,6.55
767,2,0,0,0,9.216000325977802,4,4,0,3,37,0,0,40,159.85
767,2,0,1,0,72.7040022611618,4,4,0,3,37,0,0,40,159.85
767,2,0,2,0,9.216000325977802,4,4,0,3,37,0,0,40,159.85
767,2,0,3,0,72.7040022611618,4,4,0,3,37,0,0,40,159.85
767,24,0,0,0,9.216000325977802,4,4,0,2,38,0,0,40,136.449
767,24,0,1,0,69.63200122117996,4,4,0,2,38,0,0,40,136.449
767,24,0,2,0,8.191999979317188,4,4,0,2,38,0,0,40,136.449
767,24,0,3,0,47.10400104522705,4,4,0,2,38,0,0,40,136.449
767,40,0,0,1,15.359999611973763,4,4,0,3,37,0,0,40,87.54
767,40,0,1,1,78.84799689054489,4,4,0,3,37,0,0,40,87.54
767,40,0,2,1,9.216000325977802,4,4,0,3,37,0,0,40,87.54
767,40,0,3,1,4.095999989658594,4,4,0,3,37,0,0,40,87.54
768,2,0,0,0,14.336000196635723,4,4,0,0,40,0,0,40,3.23
768,2,0,1,0,83.96799862384796,4,4,0,0,40,0,0,40,3.23
768,2,0,2,0,8.191999979317188,4,4,0,0,40,0,0,40,3.23
768,2,0,3,0,5.119999870657921,4,4,0,0,40,0,0,40,3.23
768,24,0,0,0,8.191999979317188,4,4,0,1,39,0,0,40,64.589
768,24,0,1,0,81.91999793052673,4,4,0,1,39,0,0,40,64.589
768,24,0,2,0,9.216000325977802,4,4,0,1,39,0,0,40,64.589
768,24,0,3,0,4.095999989658594,4,4,0,1,39,0,0,40,64.589
768,40,0,0,1,14.336000196635723,4,4,0,0,40,0,0,40,5.64
768,40,0,1,1,84.99199897050858,4,4,0,0,40,0,0,40,5.64
768,40,0,2,1,9.216000325977802,4,4,0,0,40,0,0,40,5.64
768,40,0,3,1,5.119999870657921,4,4,0,0,40,0,0,40,5.64
769,2,0,0,0,14.336000196635723,4,4,0,0,40,0,0,40,5.12
769,2,0,1,0,71.68000191450119,4,4,0,0,40,0,0,40,5.12
769,2,0,2,0,9.216000325977802,4,4,0,0,40,0,0,40,5.12
769,2,0,3,0,5.119999870657921,4,4,0,0,40,0,0,40,5.12
769,24,0,0,0,8.191999979317188,4,4,0,1,39,0,0,40,72.51
769,24,0,1,0,77.82399654388428,4,4,0,1,39,0,0,40,72.51
769,24,0,2,0,9.216000325977802,4,4,0,1,39,0,0,40,72.51
769,24,0,3,0,4.095999989658594,4,4,0,1,39,0,0,40,72.51
769,40,0,0,1,14.336000196635723,4,4,0,1,39,0,0,40,83.699
769,40,0,1,1,67.58400052785873,4,4,0,1,39,0,0,40,83.699
769,40,0,2,1,9.216000325977802,4,4,0,1,39,0,0,40,83.699
769,40,0,3,1,4.095999989658594,4,4,0,1,39,0,0,40,83.699
770,2,0,0,0,14.336000196635723,4,4,0,0,40,0,0,40,4.44
770,2,0,1,0,71.68000191450119,4,4,0,0,40,0,0,40,4.44
770,2,0,2,0,9.216000325977802,4,4,0,0,40,0,0,40,4.44
770,2,0,3,0,4.095999989658594,4,4,0,0,40,0,0,40,4.44
770,24,0,0,0,9.216000325977802,4,4,0,0,40,0,0,40,2.46
770,24,0,1,0,67.58400052785873,4,4,0,0,40,0,0,40,2.46
770,24,0,2,0,8.191999979317188,4,4,0,0,40,0,0,40,2.46
770,24,0,3,0,4.095999989658594,4,4,0,0,40,0,0,40,2.46
770,40,0,0,1,9.216000325977802,4,4,0,0,40,0,0,40,2.29
770,40,0,1,1,66.56000018119812,4,4,0,0,40,0,0,40,2.29
770,40,0,2,1,9.216000325977802,4,4,0,0,40,0,0,40,2.29
770,40,0,3,1,4.095999989658594,4,4,0,0,40,0,0,40,2.29
771,2,0,0,0,14.336000196635723,4,4,0,0,40,0,0,40,3.42
771,2,0,1,0,65.5359998345375,4,4,0,0,40,0,0,40,3.42
771,2,0,2,0,9.216000325977802,4,4,0,0,40,0,0,40,3.42
771,2,0,3,0,7.168000098317862,4,4,0,0,40,0,0,40,3.42
771,24,0,0,0,8.191999979317188,4,4,0,1,39,0,0,40,66.031
771,24,0,1,0,79.8719972372055,4,4,0,1,39,0,0,40,66.031
771,24,0,2,0,8.191999979317188,4,4,0,1,39,0,0,40,66.031
771,24,0,3,0,4.095999989658594,4,4,0,1,39,0,0,40,66.031
771,40,0,0,1,9.216000325977802,4,4,0,0,40,0,0,40,3.009
771,40,0,1,1,82.94399827718735,4,4,0,0,40,0,0,40,3.009
771,40,0,2,1,9.216000325977802,4,4,0,0,40,0,0,40,3.009
771,40,0,3,1,4.095999989658594,4,4,0,0,40,0,0,40,3.009
772,2,0,0,0,13.311999849975109,4,4,0,0,40,0,0,40,2.66
772,2,0,1,0,83.96799862384796,4,4,0,0,40,0,0,40,2.66
772,2,0,2,0,9.216000325977802,4,4,0,0,40,0,0,40,2.66
772,2,0,3,0,4.095999989658594,4,4,0,0,40,0,0,40,2.66
772,24,0,0,0,8.191999979317188,4,4,0,0,40,0,0,40,2.95
772,24,0,1,0,62.463998794555664,4,4,0,0,40,0,0,40,2.95
772,24,0,2,0,9.216000325977802,4,4,0,0,40,0,0,40,2.95
772,24,0,3,0,3.0720001086592674,4,4,0,0,40,0,0,40,2.95
772,40,0,0,1,9.216000325977802,4,4,0,1,39,0,0,40,92.45
772,40,0,1,1,95.23200243711472,4,4,0,1,39,0,0,40,92.45
772,40,0,2,1,9.216000325977802,4,4,0,1,39,0,0,40,92.45
772,40,0,3,1,4.095999989658594,4,4,0,1,39,0,0,40,92.45
773,2,0,0,0,14.336000196635723,4,4,0,0,40,0,0,40,3.26
773,2,0,1,0,75.77600330114365,4,4,0,0,40,0,0,40,3.26
773,2,0,2,0,9.216000325977802,4,4,0,0,40,0,0,40,3.26
773,2,0,3,0,5.119999870657921,4,4,0,0,40,0,0,40,3.26
773,24,0,0,0,12.28800043463707,4,4,0,0,40,0,0,40,11.35
773,24,0,1,0,61.43999844789505,4,4,0,0,40,0,0,40,11.35
773,24,0,2,0,8.191999979317188,4,4,0,0,40,0,0,40,11.35
773,24,0,3,0,4.095999989658594,4,4,0,0,40,0,0,40,11.35
773,40,0,0,1,15.359999611973763,4,4,0,2,38,0,0,40,201.559
773,40,0,1,1,81.91999793052673,4,4,0,2,38,0,0,40,201.559
773,40,0,2,1,9.216000325977802,4,4,0,2,38,0,0,40,201.559
773,40,0,3,1,91.13600105047226,4,4,0,2,38,0,0,40,201.559
774,2,0,0,0,14.336000196635723,4,4,0,0,40,0,0,40,5.72
774,2,0,1,0,77.82399654388428,4,4,0,0,40,0,0,40,5.72
774,2,0,2,0,9.216000325977802,4,4,0,0,40,0,0,40,5.72
774,2,0,3,0,4.095999989658594,4,4,0,0,40,0,0,40,5.72
774,24,0,0,0,8.191999979317188,4,4,0,0,40,0,0,40,3.04
774,24,0,1,0,77.82399654388428,4,4,0,0,40,0,0,40,3.04
774,24,0,2,0,9.216000325977802,4,4,0,0,40,0,0,40,3.04
774,24,0,3,0,4.095999989658594,4,4,0,0,40,0,0,40,3.04
774,40,0,0,1,8.191999979317188,4,4,0,0,40,0,0,40,2.509
774,40,0,1,1,73.72800260782242,4,4,0,0,40,0,0,40,2.509
774,40,0,2,1,9.216000325977802,4,4,0,0,40,0,0,40,2.509
774,40,0,3,1,4.095999989658594,4,4,0,0,40,0,0,40,2.509
775,2,0,0,0,14.336000196635723,4,4,0,0,40,0,0,40,2.69
775,2,0,1,0,73.72800260782242,4,4,0,0,40,0,0,40,2.69
775,2,0,2,0,9.216000325977802,4,4,0,0,40,0,0,40,2.69
775,2,0,3,0,5.119999870657921,4,4,0,0,40,0,0,40,2.69
775,24,0,0,0,8.191999979317188,4,4,0,0,40,0,0,40,2.429
775,24,0,1,0,66.56000018119812,4,4,0,0,40,0,0,40,2.429
775,24,0,2,0,9.216000325977802,4,4,0,0,40,0,0,40,2.429
775,24,0,3,0,4.095999989658594,4,4,0,0,40,0,0,40,2.429
775,40,0,0,1,9.216000325977802,4,4,0,0,40,0,0,40,3.16
775,40,0,1,1,82.94399827718735,4,4,0,0,40,0,0,40,3.16
775,40,0,2,1,9.216000325977802,4,4,0,0,40,0,0,40,3.16
775,40,0,3,1,4.095999989658594,4,4,0,0,40,0,0,40,3.16
776,2,0,0,0,14.336000196635723,4,4,0,0,40,0,0,40,3.091
776,2,0,1,0,77.82399654388428,4,4,0,0,40,0,0,40,3.091
776,2,0,2,0,9.216000325977802,4,4,0,0,40,0,0,40,3.091
776,2,0,3,0,4.095999989658594,4,4,0,0,40,0,0,40,3.091
776,24,0,0,0,8.191999979317188,4,4,0,0,40,0,0,40,2.67
776,24,0,1,0,76.80000364780426,4,4,0,0,40,0,0,40,2.67
776,24,0,2,0,9.216000325977802,4,4,0,0,40,0,0,40,2.67
776,24,0,3,0,4.095999989658594,4,4,0,0,40,0,0,40,2.67
776,40,0,0,1,15.359999611973763,4,4,0,1,39,0,0,40,85.49
776,40,0,1,1,76.80000364780426,4,4,0,1,39,0,0,40,85.49
776,40,0,2,1,9.216000325977802,4,4,0,1,39,0,0,40,85.49
776,40,0,3,1,4.095999989658594,4,4,0,1,39,0,0,40,85.49
777,2,0,0,0,11.264000087976456,3,3,0,0,30,0,0,30,4.799
777,2,0,1,0,69.63200122117996,3,3,0,0,30,0,0,30,4.799
777,2,0,2,0,8.191999979317188,3,3,0,0,30,0,0,30,4.799
777,2,0,3,0,5.119999870657921,3,3,0,0,30,0,0,30,4.799
777,24,0,0,0,9.216000325977802,3,3,0,0,30,0,0,30,3.94
777,24,0,1,0,68.60800087451935,3,3,0,0,30,0,0,30,3.94
777,24,0,2,0,9.216000325977802,3,3,0,0,30,0,0,30,3.94
777,24,0,3,0,4.095999989658594,3,3,0,0,30,0,0,30,3.94
777,40,0,0,1,8.191999979317188,3,3,0,1,29,0,0,30,75.46
777,40,0,1,1,53.247999399900436,3,3,0,1,29,0,0,30,75.46
777,40,0,2,1,9.216000325977802,3,3,0,1,29,0,0,30,75.46
777,40,0,3,1,4.095999989658594,3,3,0,1,29,0,0,30,75.46
778,2,0,0,0,8.191999979317188,3,3,0,0,30,0,0,30,2.0
778,2,0,1,0,58.36800113320351,3,3,0,0,30,0,0,30,2.0
778,2,0,2,0,9.216000325977802,3,3,0,0,30,0,0,30,2.0
778,2,0,3,0,5.119999870657921,3,3,0,0,30,0,0,30,2.0
778,24,0,0,0,10.239999741315842,3,3,0,0,30,0,0,30,1.63
778,24,0,1,0,50.175998359918594,3,3,0,0,30,0,0,30,1.63
778,24,0,2,0,9.216000325977802,3,3,0,0,30,0,0,30,1.63
778,24,0,3,0,4.095999989658594,3,3,0,0,30,0,0,30,1.63
778,40,0,0,1,8.191999979317188,3,3,0,0,30,0,0,30,1.46
778,40,0,1,1,51.19999870657921,3,3,0,0,30,0,0,30,1.46
778,40,0,2,1,9.216000325977802,3,3,0,0,30,0,0,30,1.46
778,40,0,3,1,4.095999989658594,3,3,0,0,30,0,0,30,1.46
779,2,0,0,0,14.336000196635723,4,4,0,0,40,0,0,40,2.92
779,2,0,1,0,82.94399827718735,4,4,0,0,40,0,0,40,2.92
779,2,0,2,0,9.216000325977802,4,4,0,0,40,0,0,40,2.92
779,2,0,3,0,7.168000098317862,4,4,0,0,40,0,0,40,2.92
779,24,0,0,0,8.191999979317188,4,4,0,0,40,0,0,40,4.26
779,24,0,1,0,74.75200295448303,4,4,0,0,40,0,0,40,4.26
779,24,0,2,0,8.191999979317188,4,4,0,0,40,0,0,40,4.26
779,24,0,3,0,4.095999989658594,4,4,0,0,40,0,0,40,4.26
779,40,0,0,1,10.239999741315842,4,4,0,0,40,0,0,40,1.84
779,40,0,1,1,64.51199948787689,4,4,0,0,40,0,0,40,1.84
779,40,0,2,1,8.191999979317188,4,4,0,0,40,0,0,40,1.84
779,40,0,3,1,4.095999989658594,4,4,0,0,40,0,0,40,1.84
780,2,0,0,0,8.191999979317188,1,1,0,0,10,0,0,10,0.749
780,2,0,1,0,31.74399957060814,1,1,0,0,10,0,0,10,0.749
780,2,0,2,0,9.216000325977802,1,1,0,0,10,0,0,10,0.749
780,2,0,3,0,8.191999979317188,1,1,0,0,10,0,0,10,0.749
780,24,0,0,0,8.191999979317188,1,1,0,0,10,0,0,10,0.7
780,24,0,1,0,31.74399957060814,1,1,0,0,10,0,0,10,0.7
780,24,0,2,0,8.191999979317188,1,1,0,0,10,0,0,10,0.7
780,24,0,3,0,4.095999989658594,1,1,0,0,10,0,0,10,0.7
780,40,0,0,1,9.216000325977802,1,1,0,0,10,0,0,10,0.51
780,40,0,1,1,34.81600061058998,1,1,0,0,10,0,0,10,0.51
780,40,0,2,1,9.216000325977802,1,1,0,0,10,0,0,10,0.51
780,40,0,3,1,4.095999989658594,1,1,0,0,10,0,0,10,0.51
781,2,0,0,0,14.336000196635723,4,4,0,0,40,0,0,40,2.46
781,2,0,1,0,82.94399827718735,4,4,0,0,40,0,0,40,2.46
781,2,0,2,0,8.191999979317188,4,4,0,0,40,0,0,40,2.46
781,2,0,3,0,4.095999989658594,4,4,0,0,40,0,0,40,2.46
781,24,0,0,0,8.191999979317188,4,4,0,0,40,0,0,40,2.43
781,24,0,1,0,62.463998794555664,4,4,0,0,40,0,0,40,2.43
781,24,0,2,0,9.216000325977802,4,4,0,0,40,0,0,40,2.43
781,24,0,3,0,4.095999989658594,4,4,0,0,40,0,0,40,2.43
781,40,0,0,1,9.216000325977802,4,4,0,0,40,0,0,40,2.04
781,40,0,1,1,60.416001826524734,4,4,0,0,40,0,0,40,2.04
781,40,0,2,1,9.216000325977802,4,4,0,0,40,0,0,40,2.04
781,40,0,3,1,3.0720001086592674,4,4,0,0,40,0,0,40,2.04
782,2,0,0,0,9.216000325977802,2,2,0,0,20,0,0,20,1.069
782,2,0,1,0,46.08000069856644,2,2,0,0,20,0,0,20,1.069
782,2,0,2,0,9.216000325977802,2,2,0,0,20,0,0,20,1.069
782,2,0,3,0,6.144000217318535,2,2,0,0,20,0,0,20,1.069
782,24,0,0,0,8.191999979317188,2,2,0,0,20,0,0,20,1.0
782,24,0,1,0,39.93599861860275,2,2,0,0,20,0,0,20,1.0
782,24,0,2,0,8.191999979317188,2,2,0,0,20,0,0,20,1.0
782,24,0,3,0,4.095999989658594,2,2,0,0,20,0,0,20,1.0
782,40,0,0,1,9.216000325977802,2,2,0,0,20,0,0,20,0.82
782,40,0,1,1,44.03200000524521,2,2,0,0,20,0,0,20,0.82
782,40,0,2,1,9.216000325977802,2,2,0,0,20,0,0,20,0.82
782,40,0,3,1,4.095999989658594,2,2,0,0,20,0,0,20,0.82
783,2,0,0,0,14.336000196635723,4,4,0,0,40,0,0,40,2.97
783,2,0,1,0,84.99199897050858,4,4,0,0,40,0,0,40,2.97
783,2,0,2,0,9.216000325977802,4,4,0,0,40,0,0,40,2.97
783,2,0,3,0,4.095999989658594,4,4,0,0,40,0,0,40,2.97
783,24,0,0,0,8.191999979317188,4,4,0,0,40,0,0,40,2.14
783,24,0,1,0,63.48799914121628,4,4,0,0,40,0,0,40,2.14
783,24,0,2,0,9.216000325977802,4,4,0,0,40,0,0,40,2.14
783,24,0,3,0,3.0720001086592674,4,4,0,0,40,0,0,40,2.14
783,40,0,0,1,15.359999611973763,4,4,0,1,39,0,0,40,77.829
783,40,0,1,1,75.77600330114365,4,4,0,1,39,0,0,40,77.829
783,40,0,2,1,8.191999979317188,4,4,0,1,39,0,0,40,77.829
783,40,0,3,1,4.095999989658594,4,4,0,1,39,0,0,40,77.829
784,2,0,0,0,9.216000325977802,2,2,0,0,20,0,0,20,1.18
784,2,0,1,0,53.247999399900436,2,2,0,0,20,0,0,20,1.18
784,2,0,2,0,9.216000325977802,2,2,0,0,20,0,0,20,1.18
784,2,0,3,0,6.144000217318535,2,2,0,0,20,0,0,20,1.18
784,24,0,0,0,9.216000325977802,2,2,0,0,20,0,0,20,2.949
784,24,0,1,0,44.03200000524521,2,2,0,0,20,0,0,20,2.949
784,24,0,2,0,9.216000325977802,2,2,0,0,20,0,0,20,2.949
784,24,0,3,0,4.095999989658594,2,2,0,0,20,0,0,20,2.949
784,40,0,0,1,8.191999979317188,2,2,0,0,20,0,0,20,0.931
784,40,0,1,1,38.91199827194214,2,2,0,0,20,0,0,20,0.931
784,40,0,2,1,10.239999741315842,2,2,0,0,20,0,0,20,0.931
784,40,0,3,1,4.095999989658594,2,2,0,0,20,0,0,20,0.931
785,2,0,0,0,8.191999979317188,1,1,0,0,10,0,0,10,0.91
785,2,0,1,0,31.74399957060814,1,1,0,0,10,0,0,10,0.91
785,2,0,2,0,8.191999979317188,1,1,0,0,10,0,0,10,0.91
785,2,0,3,0,5.119999870657921,1,1,0,0,10,0,0,10,0.91
785,24,0,0,0,9.216000325977802,1,1,0,0,10,0,0,10,0.56
785,24,0,1,0,31.74399957060814,1,1,0,0,10,0,0,10,0.56
785,24,0,2,0,8.191999979317188,1,1,0,0,10,0,0,10,0.56
785,24,0,3,0,4.095999989658594,1,1,0,0,10,0,0,10,0.56
785,40,0,0,1,9.216000325977802,1,1,0,0,10,0,0,10,0.46
785,40,0,1,1,34.81600061058998,1,1,0,0,10,0,0,10,0.46
785,40,0,2,1,9.216000325977802,1,1,0,0,10,0,0,10,0.46
785,40,0,3,1,4.095999989658594,1,1,0,0,10,0,0,10,0.46
786,2,0,0,0,9.216000325977802,2,2,0,0,20,0,0,20,1.0
786,2,0,1,0,47.10400104522705,2,2,0,0,20,0,0,20,1.0
786,2,0,2,0,8.191999979317188,2,2,0,0,20,0,0,20,1.0
786,2,0,3,0,5.119999870657921,2,2,0,0,20,0,0,20,1.0
786,24,0,0,0,9.216000325977802,2,2,0,0,20,0,0,20,0.82
786,24,0,1,0,37.88800165057182,2,2,0,0,20,0,0,20,0.82
786,24,0,2,0,9.216000325977802,2,2,0,0,20,0,0,20,0.82
786,24,0,3,0,4.095999989658594,2,2,0,0,20,0,0,20,0.82
786,40,0,0,1,8.191999979317188,2,2,0,0,20,0,0,20,0.82
786,40,0,1,1,41.98399931192398,2,2,0,0,20,0,0,20,0.82
786,40,0,2,1,10.239999741315842,2,2,0,0,20,0,0,20,0.82
786,40,0,3,1,4.095999989658594,2,2,0,0,20,0,0,20,0.82
787,2,0,0,0,15.359999611973763,3,3,0,0,30,0,0,30,3.79
787,2,0,1,0,72.7040022611618,3,3,0,0,30,0,0,30,3.79
787,2,0,2,0,8.191999979317188,3,3,0,0,30,0,0,30,3.79
787,2,0,3,0,6.144000217318535,3,3,0,0,30,0,0,30,3.79
787,24,0,0,0,8.191999979317188,3,3,0,0,30,0,0,30,1.46
787,24,0,1,0,52.22399905323982,3,3,0,0,30,0,0,30,1.46
787,24,0,2,0,8.191999979317188,3,3,0,0,30,0,0,30,1.46
787,24,0,3,0,4.095999989658594,3,3,0,0,30,0,0,30,1.46
787,40,0,0,1,9.216000325977802,3,3,0,0,30,0,0,30,1.331
787,40,0,1,1,51.19999870657921,3,3,0,0,30,0,0,30,1.331
787,40,0,2,1,9.216000325977802,3,3,0,0,30,0,0,30,1.331
787,40,0,3,1,5.119999870657921,3,3,0,0,30,0,0,30,1.331
788,2,0,0,0,15.359999611973763,4,4,0,0,40,0,0,40,2.91
788,2,0,1,0,86.01599931716919,4,4,0,0,40,0,0,40,2.91
788,2,0,2,0,8.191999979317188,4,4,0,0,40,0,0,40,2.91
788,2,0,3,0,4.095999989658594,4,4,0,0,40,0,0,40,2.91
788,24,0,0,0,8.191999979317188,4,4,0,0,40,0,0,40,1.76
788,24,0,1,0,67.58400052785873,4,4,0,0,40,0,0,40,1.76
788,24,0,2,0,8.191999979317188,4,4,0,0,40,0,0,40,1.76
788,24,0,3,0,4.095999989658594,4,4,0,0,40,0,0,40,1.76
788,40,0,0,1,9.216000325977802,4,4,0,0,40,0,0,40,2.48
788,40,0,1,1,71.68000191450119,4,4,0,0,40,0,0,40,2.48
788,40,0,2,1,9.216000325977802,4,4,0,0,40,0,0,40,2.48
788,40,0,3,1,4.095999989658594,4,4,0,0,40,0,0,40,2.48
789,2,0,0,0,63.48799914121628,4,4,0,0,40,0,0,40,5.989
789,2,0,1,0,84.99199897050858,4,4,0,0,40,0,0,40,5.989
789,2,0,2,0,9.216000325977802,4,4,0,0,40,0,0,40,5.989
789,2,0,3,0,6.144000217318535,4,4,0,0,40,0,0,40,5.989
789,24,0,0,0,7.168000098317862,4,4,0,1,39,0,0,40,76.031
789,24,0,1,0,74.75200295448303,4,4,0,1,39,0,0,40,76.031
789,24,0,2,0,8.191999979317188,4,4,0,1,39,0,0,40,76.031
789,24,0,3,0,3.0720001086592674,4,4,0,1,39,0,0,40,76.031
789,40,0,0,1,9.216000325977802,4,4,0,0,40,0,0,40,2.349
789,40,0,1,1,91.13600105047226,4,4,0,0,40,0,0,40,2.349
789,40,0,2,1,9.216000325977802,4,4,0,0,40,0,0,40,2.349
789,40,0,3,1,4.095999989658594,4,4,0,0,40,0,0,40,2.349
790,2,0,0,0,14.336000196635723,4,4,0,0,40,0,0,40,2.091
790,2,0,1,0,75.77600330114365,4,4,0,0,40,0,0,40,2.091
790,2,0,2,0,9.216000325977802,4,4,0,0,40,0,0,40,2.091
790,2,0,3,0,7.168000098317862,4,4,0,0,40,0,0,40,2.091
790,24,0,0,0,9.216000325977802,4,4,0,0,40,0,0,40,3.62
790,24,0,1,0,68.60800087451935,4,4,0,0,40,0,0,40,3.62
790,24,0,2,0,9.216000325977802,4,4,0,0,40,0,0,40,3.62
790,24,0,3,0,4.095999989658594,4,4,0,0,40,0,0,40,3.62
790,40,0,0,1,8.191999979317188,4,4,0,0,40,0,0,40,3.05
790,40,0,1,1,75.77600330114365,4,4,0,0,40,0,0,40,3.05
790,40,0,2,1,9.216000325977802,4,4,0,0,40,0,0,40,3.05
790,40,0,3,1,4.095999989658594,4,4,0,0,40,0,0,40,3.05
791,2,0,0,0,8.191999979317188,4,4,0,0,40,0,0,40,2.32
791,2,0,1,0,82.94399827718735,4,4,0,0,40,0,0,40,2.32
791,2,0,2,0,9.216000325977802,4,4,0,0,40,0,0,40,2.32
791,2,0,3,0,5.119999870657921,4,4,0,0,40,0,0,40,2.32
791,24,0,0,0,8.191999979317188,4,4,0,1,39,0,0,40,67.86
791,24,0,1,0,65.5359998345375,4,4,0,1,39,0,0,40,67.86
791,24,0,2,0,9.216000325977802,4,4,0,1,39,0,0,40,67.86
791,24,0,3,0,4.095999989658594,4,4,0,1,39,0,0,40,67.86
791,40,0,0,1,9.216000325977802,4,4,0,0,40,0,0,40,3.611
791,40,0,1,1,87.0399996638298,4,4,0,0,40,0,0,40,3.611
791,40,0,2,1,8.191999979317188,4,4,0,0,40,0,0,40,3.611
791,40,0,3,1,4.095999989658594,4,4,0,0,40,0,0,40,3.611
792,2,0,0,0,13.311999849975109,4,4,0,0,40,0,0,40,4.15
792,2,0,1,0,87.0399996638298,4,4,0,0,40,0,0,40,4.15
792,2,0,2,0,9.216000325977802,4,4,0,0,40,0,0,40,4.15
792,2,0,3,0,5.119999870657921,4,4,0,0,40,0,0,40,4.15
792,24,0,0,0,8.191999979317188,4,4,0,3,37,0,0,40,159.799
792,24,0,1,0,86.01599931716919,4,4,0,3,37,0,0,40,159.799
792,24,0,2,0,10.239999741315842,4,4,0,3,37,0,0,40,159.799
792,24,0,3,0,52.22399905323982,4,4,0,3,37,0,0,40,159.799
792,40,0,0,1,9.216000325977802,4,4,0,0,40,0,0,40,2.211
792,40,0,1,1,89.08800035715103,4,4,0,0,40,0,0,40,2.211
792,40,0,2,1,9.216000325977802,4,4,0,0,40,0,0,40,2.211
792,40,0,3,1,4.095999989658594,4,4,0,0,40,0,0,40,2.211
793,2,0,0,0,14.336000196635723,4,4,0,0,40,0,0,40,4.56
793,2,0,1,0,77.82399654388428,4,4,0,0,40,0,0,40,4.56
793,2,0,2,0,9.216000325977802,4,4,0,0,40,0,0,40,4.56
793,2,0,3,0,4.095999989658594,4,4,0,0,40,0,0,40,4.56
793,24,0,0,0,8.191999979317188,4,4,0,0,40,0,0,40,2.6
793,24,0,1,0,77.82399654388428,4,4,0,0,40,0,0,40,2.6
793,24,0,2,0,9.216000325977802,4,4,0,0,40,0,0,40,2.6
793,24,0,3,0,4.095999989658594,4,4,0,0,40,0,0,40,2.6
793,40,0,0,1,9.216000325977802,4,4,0,0,40,0,0,40,2.46
793,40,0,1,1,86.01599931716919,4,4,0,0,40,0,0,40,2.46
793,40,0,2,1,9.216000325977802,4,4,0,0,40,0,0,40,2.46
793,40,0,3,1,4.095999989658594,4,4,0,0,40,0,0,40,2.46
794,2,0,0,0,14.336000196635723,4,4,0,0,40,0,0,40,2.94
794,2,0,1,0,90.11200070381165,4,4,0,0,40,0,0,40,2.94
794,2,0,2,0,9.216000325977802,4,4,0,0,40,0,0,40,2.94
794,2,0,3,0,5.119999870657921,4,4,0,0,40,0,0,40,2.94
794,24,0,0,0,8.191999979317188,4,4,0,3,37,0,0,40,273.399
794,24,0,1,0,73.72800260782242,4,4,0,3,37,0,0,40,273.399
794,24,0,2,0,9.216000325977802,4,4,0,3,37,0,0,40,273.399
794,24,0,3,0,179.19999361038208,4,4,0,3,37,0,0,40,273.399
794,40,0,0,1,15.359999611973763,4,4,0,2,38,0,0,40,171.119
794,40,0,1,1,88.06400001049042,4,4,0,2,38,0,0,40,171.119
794,40,0,2,1,8.191999979317188,4,4,0,2,38,0,0,40,171.119
794,40,0,3,1,54.27199974656105,4,4,0,2,38,0,0,40,171.119
795,2,0,0,0,14.336000196635723,4,4,0,1,39,0,0,40,73.78
795,2,0,1,0,56.32000043988228,4,4,0,1,39,0,0,40,73.78
795,2,0,2,0,9.216000325977802,4,4,0,1,39,0,0,40,73.78
795,2,0,3,0,5.119999870657921,4,4,0,1,39,0,0,40,73.78
795,24,0,0,0,8.191999979317188,4,4,0,3,37,0,0,40,131.19
795,24,0,1,0,68.60800087451935,4,4,0,3,37,0,0,40,131.19
795,24,0,2,0,9.216000325977802,4,4,0,3,37,0,0,40,131.19
795,24,0,3,0,40.95999896526337,4,4,0,3,37,0,0,40,131.19
795,40,0,0,1,8.191999979317188,4,4,0,0,40,0,0,40,4.98
795,40,0,1,1,108.5439994931221,4,4,0,0,40,0,0,40,4.98
795,40,0,2,1,9.216000325977802,4,4,0,0,40,0,0,40,4.98
795,40,0,3,1,4.095999989658594,4,4,0,0,40,0,0,40,4.98
796,2,0,0,0,8.191999979317188,4,4,0,1,39,0,0,40,81.1
796,2,0,1,0,80.89599758386612,4,4,0,1,39,0,0,40,81.1
796,2,0,2,0,9.216000325977802,4,4,0,1,39,0,0,40,81.1
796,2,0,3,0,6.144000217318535,4,4,0,1,39,0,0,40,81.1
796,24,0,0,0,7.168000098317862,4,4,0,1,39,0,0,40,66.29
796,24,0,1,0,75.77600330114365,4,4,0,1,39,0,0,40,66.29
796,24,0,2,0,9.216000325977802,4,4,0,1,39,0,0,40,66.29
796,24,0,3,0,4.095999989658594,4,4,0,1,39,0,0,40,66.29
796,40,0,0,1,15.359999611973763,4,4,0,2,38,0,0,40,119.659
796,40,0,1,1,87.0399996638298,4,4,0,2,38,0,0,40,119.659
796,40,0,2,1,9.216000325977802,4,4,0,2,38,0,0,40,119.659
796,40,0,3,1,4.095999989658594,4,4,0,2,38,0,0,40,119.659
797,2,0,0,0,14.336000196635723,4,4,0,0,40,0,0,40,2.78
797,2,0,1,0,65.5359998345375,4,4,0,0,40,0,0,40,2.78
797,2,0,2,0,9.216000325977802,4,4,0,0,40,0,0,40,2.78
797,2,0,3,0,5.119999870657921,4,4,0,0,40,0,0,40,2.78
797,24,0,0,0,8.191999979317188,4,4,0,0,40,0,0,40,2.109
797,24,0,1,0,65.5359998345375,4,4,0,0,40,0,0,40,2.109
797,24,0,2,0,9.216000325977802,4,4,0,0,40,0,0,40,2.109
797,24,0,3,0,3.0720001086592674,4,4,0,0,40,0,0,40,2.109
797,40,0,0,1,8.191999979317188,4,4,0,0,40,0,0,40,2.84
797,40,0,1,1,90.11200070381165,4,4,0,0,40,0,0,40,2.84
797,40,0,2,1,9.216000325977802,4,4,0,0,40,0,0,40,2.84
797,40,0,3,1,4.095999989658594,4,4,0,0,40,0,0,40,2.84
798,2,0,0,0,14.336000196635723,4,4,0,0,40,0,0,40,2.96
798,2,0,1,0,76.80000364780426,4,4,0,0,40,0,0,40,2.96
798,2,0,2,0,9.216000325977802,4,4,0,0,40,0,0,40,2.96
798,2,0,3,0,5.119999870657921,4,4,0,0,40,0,0,40,2.96
798,24,0,0,0,8.191999979317188,4,4,0,0,40,0,0,40,4.71
798,24,0,1,0,66.56000018119812,4,4,0,0,40,0,0,40,4.71
798,24,0,2,0,9.216000325977802,4,4,0,0,40,0,0,40,4.71
798,24,0,3,0,4.095999989658594,4,4,0,0,40,0,0,40,4.71
798,40,0,0,1,8.191999979317188,4,4,0,1,39,0,0,40,147.51
798,40,0,1,1,97.28000313043594,4,4,0,1,39,0,0,40,147.51
798,40,0,2,1,9.216000325977802,4,4,0,1,39,0,0,40,147.51
798,40,0,3,1,29.69600073993206,4,4,0,1,39,0,0,40,147.51
799,2,0,0,0,14.336000196635723,4,4,0,0,40,0,0,40,2.751
799,2,0,1,0,82.94399827718735,4,4,0,0,40,0,0,40,2.751
799,2,0,2,0,9.216000325977802,4,4,0,0,40,0,0,40,2.751
799,2,0,3,0,4.095999989658594,4,4,0,0,40,0,0,40,2.751
799,24,0,0,0,8.191999979317188,4,4,0,2,38,0,0,40,105.0
799,24,0,1,0,66.56000018119812,4,4,0,2,38,0,0,40,105.0
799,24,0,2,0,8.191999979317188,4,4,0,2,38,0,0,40,105.0
799,24,0,3,0,16.383999958634377,4,4,0,2,38,0,0,40,105.0
799,40,0,0,1,8.191999979317188,4,4,0,2,38,0,0,40,185.429
799,40,0,1,1,79.8719972372055,4,4,0,2,38,0,0,40,185.429
799,40,0,2,1,9.216000325977802,4,4,0,2,38,0,0,40,185.429
799,40,0,3,1,84.99199897050858,4,4,0,2,38,0,0,40,185.429
800,2,0,0,0,14.336000196635723,4,4,0,0,40,0,0,40,4.96
800,2,0,1,0,83.96799862384796,4,4,0,0,40,0,0,40,4.96
800,2,0,2,0,9.216000325977802,4,4,0,0,40,0,0,40,4.96
800,2,0,3,0,4.095999989658594,4,4,0,0,40,0,0,40,4.96
800,24,0,0,0,9.216000325977802,4,4,0,0,40,0,0,40,2.189
800,24,0,1,0,76.80000364780426,4,4,0,0,40,0,0,40,2.189
800,24,0,2,0,9.216000325977802,4,4,0,0,40,0,0,40,2.189
800,24,0,3,0,4.095999989658594,4,4,0,0,40,0,0,40,2.189
800,40,0,0,1,15.359999611973763,4,4,0,1,39,0,0,40,60.1
800,40,0,1,1,82.94399827718735,4,4,0,1,39,0,0,40,60.1
800,40,0,2,1,9.216000325977802,4,4,0,1,39,0,0,40,60.1
800,40,0,3,1,4.095999989658594,4,4,0,1,39,0,0,40,60.1
801,2,0,0,0,9.216000325977802,4,4,0,1,39,0,0,40,66.029
801,2,0,1,0,72.7040022611618,4,4,0,1,39,0,0,40,66.029
801,2,0,2,0,8.191999979317188,4,4,0,1,39,0,0,40,66.029
801,2,0,3,0,4.095999989658594,4,4,0,1,39,0,0,40,66.029
801,24,0,0,0,8.191999979317188,4,4,0,1,39,0,0,40,63.509
801,24,0,1,0,73.72800260782242,4,4,0,1,39,0,0,40,63.509
801,24,0,2,0,9.216000325977802,4,4,0,1,39,0,0,40,63.509
801,24,0,3,0,4.095999989658594,4,4,0,1,39,0,0,40,63.509
801,40,0,0,1,9.216000325977802,4,4,0,3,37,0,0,40,138.349
801,40,0,1,1,78.84799689054489,4,4,0,3,37,0,0,40,138.349
801,40,0,2,1,9.216000325977802,4,4,0,3,37,0,0,40,138.349
801,40,0,3,1,38.91199827194214,4,4,0,3,37,0,0,40,138.349
802,2,0,0,0,9.216000325977802,4,4,0,1,39,0,0,40,113.51
802,2,0,1,0,76.80000364780426,4,4,0,1,39,0,0,40,113.51
802,2,0,2,0,8.191999979317188,4,4,0,1,39,0,0,40,113.51
802,2,0,3,0,16.383999958634377,4,4,0,1,39,0,0,40,113.51
802,24,0,0,0,8.191999979317188,4,4,0,5,35,0,0,40,145.53
802,24,0,1,0,58.36800113320351,4,4,0,5,35,0,0,40,145.53
802,24,0,2,0,9.216000325977802,4,4,0,5,35,0,0,40,145.53
802,24,0,3,0,64.51199948787689,4,4,0,5,35,0,0,40,145.53
802,40,0,0,1,8.191999979317188,4,4,0,4,36,0,0,40,173.349
802,40,0,1,1,82.94399827718735,4,4,0,4,36,0,0,40,173.349
802,40,0,2,1,9.216000325977802,4,4,0,4,36,0,0,40,173.349
802,40,0,3,1,69.63200122117996,4,4,0,4,36,0,0,40,173.349
803,2,0,0,0,15.359999611973763,4,4,0,1,39,0,0,40,68.1
803,2,0,1,0,71.68000191450119,4,4,0,1,39,0,0,40,68.1
803,2,0,2,0,9.216000325977802,4,4,0,1,39,0,0,40,68.1
803,2,0,3,0,5.119999870657921,4,4,0,1,39,0,0,40,68.1
803,24,0,0,0,8.191999979317188,4,4,0,1,39,0,0,40,60.469
803,24,0,1,0,65.5359998345375,4,4,0,1,39,0,0,40,60.469
803,24,0,2,0,8.191999979317188,4,4,0,1,39,0,0,40,60.469
803,24,0,3,0,4.095999989658594,4,4,0,1,39,0,0,40,60.469
803,40,0,0,1,9.216000325977802,4,4,0,0,40,0,0,40,2.38
803,40,0,1,1,73.72800260782242,4,4,0,0,40,0,0,40,2.38
803,40,0,2,1,9.216000325977802,4,4,0,0,40,0,0,40,2.38
803,40,0,3,1,5.119999870657921,4,4,0,0,40,0,0,40,2.38
804,2,0,0,0,14.336000196635723,4,4,0,2,38,0,0,40,145.46
804,2,0,1,0,81.91999793052673,4,4,0,2,38,0,0,40,145.46
804,2,0,2,0,8.191999979317188,4,4,0,2,38,0,0,40,145.46
804,2,0,3,0,35.840000957250595,4,4,0,2,38,0,0,40,145.46
804,24,0,0,0,8.191999979317188,4,4,0,0,40,0,0,40,2.52
804,24,0,1,0,63.48799914121628,4,4,0,0,40,0,0,40,2.52
804,24,0,2,0,9.216000325977802,4,4,0,0,40,0,0,40,2.52
804,24,0,3,0,4.095999989658594,4,4,0,0,40,0,0,40,2.52
804,40,0,0,1,9.216000325977802,4,4,0,0,40,0,0,40,2.2
804,40,0,1,1,68.60800087451935,4,4,0,0,40,0,0,40,2.2
804,40,0,2,1,9.216000325977802,4,4,0,0,40,0,0,40,2.2
804,40,0,3,1,4.095999989658594,4,4,0,0,40,0,0,40,2.2
805,2,0,0,0,13.311999849975109,4,4,0,0,40,0,0,40,6.12
805,2,0,1,0,78.84799689054489,4,4,0,0,40,0,0,40,6.12
805,2,0,2,0,9.216000325977802,4,4,0,0,40,0,0,40,6.12
805,2,0,3,0,5.119999870657921,4,4,0,0,40,0,0,40,6.12
805,24,0,0,0,8.191999979317188,4,4,0,0,40,0,0,40,6.229
805,24,0,1,0,90.11200070381165,4,4,0,0,40,0,0,40,6.229
805,24,0,2,0,9.216000325977802,4,4,0,0,40,0,0,40,6.229
805,24,0,3,0,4.095999989658594,4,4,0,0,40,0,0,40,6.229
805,40,0,0,1,16.383999958634377,4,4,0,1,39,0,0,40,72.99
805,40,0,1,1,94.2080020904541,4,4,0,1,39,0,0,40,72.99
805,40,0,2,1,8.191999979317188,4,4,0,1,39,0,0,40,72.99
805,40,0,3,1,5.119999870657921,4,4,0,1,39,0,0,40,72.99
806,2,0,0,0,14.336000196635723,4,4,0,2,38,0,0,40,112.989
806,2,0,1,0,79.8719972372055,4,4,0,2,38,0,0,40,112.989
806,2,0,2,0,8.191999979317188,4,4,0,2,38,0,0,40,112.989
806,2,0,3,0,4.095999989658594,4,4,0,2,38,0,0,40,112.989
806,24,0,0,0,8.191999979317188,4,4,0,1,39,0,0,40,66.309
806,24,0,1,0,82.94399827718735,4,4,0,1,39,0,0,40,66.309
806,24,0,2,0,9.216000325977802,4,4,0,1,39,0,0,40,66.309
806,24,0,3,0,4.095999989658594,4,4,0,1,39,0,0,40,66.309
806,40,0,0,1,16.383999958634377,4,4,0,2,38,0,0,40,120.26
806,40,0,1,1,91.13600105047226,4,4,0,2,38,0,0,40,120.26
806,40,0,2,1,9.216000325977802,4,4,0,2,38,0,0,40,120.26
806,40,0,3,1,4.095999989658594,4,4,0,2,38,0,0,40,120.26
807,2,0,0,0,8.191999979317188,4,4,0,0,40,0,0,40,3.56
807,2,0,1,0,71.68000191450119,4,4,0,0,40,0,0,40,3.56
807,2,0,2,0,9.216000325977802,4,4,0,0,40,0,0,40,3.56
807,2,0,3,0,5.119999870657921,4,4,0,0,40,0,0,40,3.56
807,24,0,0,0,8.191999979317188,4,4,0,0,40,0,0,40,5.36
807,24,0,1,0,73.72800260782242,4,4,0,0,40,0,0,40,5.36
807,24,0,2,0,9.216000325977802,4,4,0,0,40,0,0,40,5.36
807,24,0,3,0,4.095999989658594,4,4,0,0,40,0,0,40,5.36
807,40,0,0,1,15.359999611973763,4,4,0,3,36,1,0,40,194.129
807,40,0,1,1,87.0399996638298,4,4,0,3,36,1,0,40,194.129
807,40,0,2,1,190.46400487422943,4,4,0,3,36,1,0,40,194.129
807,40,0,3,1,4.095999989658594,4,4,0,3,36,1,0,40,194.129
808,2,0,0,0,9.216000325977802,4,4,0,1,39,0,0,40,81.88
808,2,0,1,0,89.08800035715103,4,4,0,1,39,0,0,40,81.88
808,2,0,2,0,9.216000325977802,4,4,0,1,39,0,0,40,81.88
808,2,0,3,0,5.119999870657921,4,4,0,1,39,0,0,40,81.88
808,24,0,0,0,8.191999979317188,4,4,0,0,40,0,0,40,2.07
808,24,0,1,0,60.416001826524734,4,4,0,0,40,0,0,40,2.07
808,24,0,2,0,9.216000325977802,4,4,0,0,40,0,0,40,2.07
808,24,0,3,0,4.095999989658594,4,4,0,0,40,0,0,40,2.07
808,40,0,0,1,14.336000196635723,4,4,0,2,38,0,0,40,136.89
808,40,0,1,1,65.5359998345375,4,4,0,2,38,0,0,40,136.89
808,40,0,2,1,8.191999979317188,4,4,0,2,38,0,0,40,136.89
808,40,0,3,1,41.98399931192398,4,4,0,2,38,0,0,40,136.89
809,2,0,0,0,10.239999741315842,4,4,0,1,39,0,0,40,77.62
809,2,0,1,0,73.72800260782242,4,4,0,1,39,0,0,40,77.62
809,2,0,2,0,9.216000325977802,4,4,0,1,39,0,0,40,77.62
809,2,0,3,0,5.119999870657921,4,4,0,1,39,0,0,40,77.62
809,24,0,0,0,8.191999979317188,4,4,0,0,40,0,0,40,2.49
809,24,0,1,0,68.60800087451935,4,4,0,0,40,0,0,40,2.49
809,24,0,2,0,8.191999979317188,4,4,0,0,40,0,0,40,2.49
809,24,0,3,0,4.095999989658594,4,4,0,0,40,0,0,40,2.49
809,40,0,0,1,9.216000325977802,4,4,0,0,40,0,0,40,2.52
809,40,0,1,1,72.7040022611618,4,4,0,0,40,0,0,40,2.52
809,40,0,2,1,9.216000325977802,4,4,0,0,40,0,0,40,2.52
809,40,0,3,1,4.095999989658594,4,4,0,0,40,0,0,40,2.52
810,2,0,0,0,13.311999849975109,4,4,0,0,40,0,0,40,3.2
810,2,0,1,0,76.80000364780426,4,4,0,0,40,0,0,40,3.2
810,2,0,2,0,9.216000325977802,4,4,0,0,40,0,0,40,3.2
810,2,0,3,0,4.095999989658594,4,4,0,0,40,0,0,40,3.2
810,24,0,0,0,8.191999979317188,4,4,0,0,40,0,0,40,1.929
810,24,0,1,0,63.48799914121628,4,4,0,0,40,0,0,40,1.929
810,24,0,2,0,9.216000325977802,4,4,0,0,40,0,0,40,1.929
810,24,0,3,0,4.095999989658594,4,4,0,0,40,0,0,40,1.929
810,40,0,0,1,8.191999979317188,4,4,0,0,40,0,0,40,2.0
810,40,0,1,1,76.80000364780426,4,4,0,0,40,0,0,40,2.0
810,40,0,2,1,9.216000325977802,4,4,0,0,40,0,0,40,2.0
810,40,0,3,1,4.095999989658594,4,4,0,0,40,0,0,40,2.0
811,2,0,0,0,14.336000196635723,4,4,0,0,40,0,0,40,2.42
811,2,0,1,0,72.7040022611618,4,4,0,0,40,0,0,40,2.42
811,2,0,2,0,8.191999979317188,4,4,0,0,40,0,0,40,2.42
811,2,0,3,0,4.095999989658594,4,4,0,0,40,0,0,40,2.42
811,24,0,0,0,8.191999979317188,4,4,0,2,38,0,0,40,108.879
811,24,0,1,0,63.48799914121628,4,4,0,2,38,0,0,40,108.879
811,24,0,2,0,9.216000325977802,4,4,0,2,38,0,0,40,108.879
811,24,0,3,0,25.599999353289604,4,4,0,2,38,0,0,40,108.879
811,40,0,0,1,14.336000196635723,4,4,0,1,39,0,0,40,72.82
811,40,0,1,1,90.11200070381165,4,4,0,1,39,0,0,40,72.82
811,40,0,2,1,8.191999979317188,4,4,0,1,39,0,0,40,72.82
811,40,0,3,1,4.095999989658594,4,4,0,1,39,0,0,40,72.82
812,2,0,0,0,8.191999979317188,4,4,0,0,40,0,0,40,2.74
812,2,0,1,0,87.0399996638298,4,4,0,0,40,0,0,40,2.74
812,2,0,2,0,9.216000325977802,4,4,0,0,40,0,0,40,2.74
812,2,0,3,0,5.119999870657921,4,4,0,0,40,0,0,40,2.74
812,24,0,0,0,9.216000325977802,4,4,0,0,40,0,0,40,3.07
812,24,0,1,0,64.51199948787689,4,4,0,0,40,0,0,40,3.07
812,24,0,2,0,8.191999979317188,4,4,0,0,40,0,0,40,3.07
812,24,0,3,0,3.0720001086592674,4,4,0,0,40,0,0,40,3.07
812,40,0,0,1,9.216000325977802,4,4,0,1,39,0,0,40,105.699
812,40,0,1,1,68.60800087451935,4,4,0,1,39,0,0,40,105.699
812,40,0,2,1,9.216000325977802,4,4,0,1,39,0,0,40,105.699
812,40,0,3,1,14.336000196635723,4,4,0,1,39,0,0,40,105.699
813,2,0,0,0,15.359999611973763,4,4,0,0,40,0,0,40,2.491
813,2,0,1,0,84.99199897050858,4,4,0,0,40,0,0,40,2.491
813,2,0,2,0,9.216000325977802,4,4,0,0,40,0,0,40,2.491
813,2,0,3,0,5.119999870657921,4,4,0,0,40,0,0,40,2.491
813,24,0,0,0,8.191999979317188,4,4,0,2,38,0,0,40,109.63
813,24,0,1,0,69.63200122117996,4,4,0,2,38,0,0,40,109.63
813,24,0,2,0,9.216000325977802,4,4,0,2,38,0,0,40,109.63
813,24,0,3,0,19.45599913597107,4,4,0,2,38,0,0,40,109.63
813,40,0,0,1,15.359999611973763,4,4,0,1,39,0,0,40,111.129
813,40,0,1,1,88.06400001049042,4,4,0,1,39,0,0,40,111.129
813,40,0,2,1,9.216000325977802,4,4,0,1,39,0,0,40,111.129
813,40,0,3,1,3.0720001086592674,4,4,0,1,39,0,0,40,111.129
814,2,0,0,0,9.216000325977802,4,4,0,2,38,0,0,40,110.369
814,2,0,1,0,79.8719972372055,4,4,0,2,38,0,0,40,110.369
814,2,0,2,0,9.216000325977802,4,4,0,2,38,0,0,40,110.369
814,2,0,3,0,9.216000325977802,4,4,0,2,38,0,0,40,110.369
814,24,0,0,0,7.168000098317862,4,4,0,0,40,0,0,40,4.1
814,24,0,1,0,60.416001826524734,4,4,0,0,40,0,0,40,4.1
814,24,0,2,0,8.191999979317188,4,4,0,0,40,0,0,40,4.1
814,24,0,3,0,4.095999989658594,4,4,0,0,40,0,0,40,4.1
814,40,0,0,1,9.216000325977802,4,4,0,0,40,0,0,40,3.89
814,40,0,1,1,60.416001826524734,4,4,0,0,40,0,0,40,3.89
814,40,0,2,1,9.216000325977802,4,4,0,0,40,0,0,40,3.89
814,40,0,3,1,4.095999989658594,4,4,0,0,40,0,0,40,3.89
815,2,0,0,0,15.359999611973763,4,4,0,1,39,0,0,40,67.6
815,2,0,1,0,69.63200122117996,4,4,0,1,39,0,0,40,67.6
815,2,0,2,0,9.216000325977802,4,4,0,1,39,0,0,40,67.6
815,2,0,3,0,5.119999870657921,4,4,0,1,39,0,0,40,67.6
815,24,0,0,0,9.216000325977802,4,4,0,0,40,0,0,40,2.191
815,24,0,1,0,56.32000043988228,4,4,0,0,40,0,0,40,2.191
815,24,0,2,0,8.191999979317188,4,4,0,0,40,0,0,40,2.191
815,24,0,3,0,3.0720001086592674,4,4,0,0,40,0,0,40,2.191
815,40,0,0,1,9.216000325977802,4,4,0,0,40,0,0,40,2.45
815,40,0,1,1,65.5359998345375,4,4,0,0,40,0,0,40,2.45
815,40,0,2,1,8.191999979317188,4,4,0,0,40,0,0,40,2.45
815,40,0,3,1,4.095999989658594,4,4,0,0,40,0,0,40,2.45
816,2,0,0,0,11.264000087976456,4,4,0,0,40,0,0,40,2.751
816,2,0,1,0,74.75200295448303,4,4,0,0,40,0,0,40,2.751
816,2,0,2,0,8.191999979317188,4,4,0,0,40,0,0,40,2.751
816,2,0,3,0,4.095999989658594,4,4,0,0,40,0,0,40,2.751
816,24,0,0,0,8.191999979317188,4,4,0,0,40,0,0,40,3.05
816,24,0,1,0,73.72800260782242,4,4,0,0,40,0,0,40,3.05
816,24,0,2,0,9.216000325977802,4,4,0,0,40,0,0,40,3.05
816,24,0,3,0,4.095999989658594,4,4,0,0,40,0,0,40,3.05
816,40,0,0,1,8.191999979317188,4,4,0,0,40,0,0,40,2.689
816,40,0,1,1,75.77600330114365,4,4,0,0,40,0,0,40,2.689
816,40,0,2,1,9.216000325977802,4,4,0,0,40,0,0,40,2.689
816,40,0,3,1,3.0720001086592674,4,4,0,0,40,0,0,40,2.689
817,2,0,0,0,8.191999979317188,4,4,0,3,37,0,0,40,111.42
817,2,0,1,0,67.58400052785873,4,4,0,3,37,0,0,40,111.42
817,2,0,2,0,9.216000325977802,4,4,0,3,37,0,0,40,111.42
817,2,0,3,0,23.552000522613525,4,4,0,3,37,0,0,40,111.42
817,24,0,0,0,9.216000325977802,4,4,0,0,40,0,0,40,4.9
817,24,0,1,0,64.51199948787689,4,4,0,0,40,0,0,40,4.9
817,24,0,2,0,9.216000325977802,4,4,0,0,40,0,0,40,4.9
817,24,0,3,0,4.095999989658594,4,4,0,0,40,0,0,40,4.9
817,40,0,0,1,15.359999611973763,4,4,0,1,39,0,0,40,71.72
817,40,0,1,1,76.80000364780426,4,4,0,1,39,0,0,40,71.72
817,40,0,2,1,9.216000325977802,4,4,0,1,39,0,0,40,71.72
817,40,0,3,1,4.095999989658594,4,4,0,1,39,0,0,40,71.72
818,2,0,0,0,15.359999611973763,4,4,0,0,40,0,0,40,3.251
818,2,0,1,0,89.08800035715103,4,4,0,0,40,0,0,40,3.251
818,2,0,2,0,9.216000325977802,4,4,0,0,40,0,0,40,3.251
818,2,0,3,0,5.119999870657921,4,4,0,0,40,0,0,40,3.251
818,24,0,0,0,9.216000325977802,4,4,0,0,40,0,0,40,2.98
818,24,0,1,0,58.36800113320351,4,4,0,0,40,0,0,40,2.98
818,24,0,2,0,9.216000325977802,4,4,0,0,40,0,0,40,2.98
818,24,0,3,0,4.095999989658594,4,4,0,0,40,0,0,40,2.98
818,40,0,0,1,9.216000325977802,4,4,0,0,40,0,0,40,2.28
818,40,0,1,1,59.39200147986412,4,4,0,0,40,0,0,40,2.28
818,40,0,2,1,9.216000325977802,4,4,0,0,40,0,0,40,2.28
818,40,0,3,1,4.095999989658594,4,4,0,0,40,0,0,40,2.28
819,2,0,0,0,14.336000196635723,4,4,0,0,40,0,0,40,3.36
819,2,0,1,0,74.75200295448303,4,4,0,0,40,0,0,40,3.36
819,2,0,2,0,9.216000325977802,4,4,0,0,40,0,0,40,3.36
819,2,0,3,0,5.119999870657921,4,4,0,0,40,0,0,40,3.36
819,24,0,0,0,8.191999979317188,4,4,0,0,40,0,0,40,2.691
819,24,0,1,0,58.36800113320351,4,4,0,0,40,0,0,40,2.691
819,24,0,2,0,9.216000325977802,4,4,0,0,40,0,0,40,2.691
819,24,0,3,0,4.095999989658594,4,4,0,0,40,0,0,40,2.691
819,40,0,0,1,8.191999979317188,4,4,0,0,40,0,0,40,2.711
819,40,0,1,1,73.72800260782242,4,4,0,0,40,0,0,40,2.711
819,40,0,2,1,9.216000325977802,4,4,0,0,40,0,0,40,2.711
819,40,0,3,1,4.095999989658594,4,4,0,0,40,0,0,40,2.711
820,2,0,0,0,14.336000196635723,4,4,0,0,40,0,0,40,3.169
820,2,0,1,0,80.89599758386612,4,4,0,0,40,0,0,40,3.169
820,2,0,2,0,8.191999979317188,4,4,0,0,40,0,0,40,3.169
820,2,0,3,0,7.168000098317862,4,4,0,0,40,0,0,40,3.169
820,24,0,0,0,8.191999979317188,4,4,0,0,40,0,0,40,2.3
820,24,0,1,0,58.36800113320351,4,4,0,0,40,0,0,40,2.3
820,24,0,2,0,8.191999979317188,4,4,0,0,40,0,0,40,2.3
820,24,0,3,0,4.095999989658594,4,4,0,0,40,0,0,40,2.3
820,40,0,0,1,9.216000325977802,4,4,0,3,37,0,0,40,218.109
820,40,0,1,1,73.72800260782242,4,4,0,3,37,0,0,40,218.109
820,40,0,2,1,9.216000325977802,4,4,0,3,37,0,0,40,218.109
820,40,0,3,1,120.83200365304947,4,4,0,3,37,0,0,40,218.109
821,2,0,0,0,8.191999979317188,4,4,0,1,39,0,0,40,65.531
821,2,0,1,0,81.91999793052673,4,4,0,1,39,0,0,40,65.531
821,2,0,2,0,9.216000325977802,4,4,0,1,39,0,0,40,65.531
821,2,0,3,0,4.095999989658594,4,4,0,1,39,0,0,40,65.531
821,24,0,0,0,8.191999979317188,4,4,0,0,40,0,0,40,2.99
821,24,0,1,0,78.84799689054489,4,4,0,0,40,0,0,40,2.99
821,24,0,2,0,9.216000325977802,4,4,0,0,40,0,0,40,2.99
821,24,0,3,0,4.095999989658594,4,4,0,0,40,0,0,40,2.99
821,40,0,0,1,9.216000325977802,4,4,0,0,40,0,0,40,2.431
821,40,0,1,1,68.60800087451935,4,4,0,0,40,0,0,40,2.431
821,40,0,2,1,9.216000325977802,4,4,0,0,40,0,0,40,2.431
821,40,0,3,1,4.095999989658594,4,4,0,0,40,0,0,40,2.431
822,2,0,0,0,8.191999979317188,4,4,0,1,39,0,0,40,97.529
822,2,0,1,0,80.89599758386612,4,4,0,1,39,0,0,40,97.529
822,2,0,2,0,9.216000325977802,4,4,0,1,39,0,0,40,97.529
822,2,0,3,0,6.144000217318535,4,4,0,1,39,0,0,40,97.529
822,24,0,0,0,8.191999979317188,4,4,0,2,38,0,0,40,110.24
822,24,0,1,0,68.60800087451935,4,4,0,2,38,0,0,40,110.24
822,24,0,2,0,9.216000325977802,4,4,0,2,38,0,0,40,110.24
822,24,0,3,0,21.503999829292297,4,4,0,2,38,0,0,40,110.24
822,40,0,0,1,15.359999611973763,4,4,0,2,38,0,0,40,555.809
822,40,0,1,1,86.01599931716919,4,4,0,2,38,0,0,40,555.809
822,40,0,2,1,9.216000325977802,4,4,0,2,38,0,0,40,555.809
822,40,0,3,1,439.29600715637207,4,4,0,2,38,0,0,40,555.809
823,2,0,0,0,8.191999979317188,4,4,0,2,38,0,0,40,144.079
823,2,0,1,0,82.94399827718735,4,4,0,2,38,0,0,40,144.079
823,2,0,2,0,9.216000325977802,4,4,0,2,38,0,0,40,144.079
823,2,0,3,0,40.95999896526337,4,4,0,2,38,0,0,40,144.079
823,24,0,0,0,9.216000325977802,4,4,0,0,40,0,0,40,5.34
823,24,0,1,0,74.75200295448303,4,4,0,0,40,0,0,40,5.34
823,24,0,2,0,9.216000325977802,4,4,0,0,40,0,0,40,5.34
823,24,0,3,0,4.095999989658594,4,4,0,0,40,0,0,40,5.34
823,40,0,0,1,9.216000325977802,4,4,0,1,39,0,0,40,73.959
823,40,0,1,1,78.84799689054489,4,4,0,1,39,0,0,40,73.959
823,40,0,2,1,9.216000325977802,4,4,0,1,39,0,0,40,73.959
823,40,0,3,1,4.095999989658594,4,4,0,1,39,0,0,40,73.959
824,2,0,0,0,9.216000325977802,4,4,0,0,40,0,0,40,4.78
824,2,0,1,0,77.82399654388428,4,4,0,0,40,0,0,40,4.78
824,2,0,2,0,9.216000325977802,4,4,0,0,40,0,0,40,4.78
824,2,0,3,0,5.119999870657921,4,4,0,0,40,0,0,40,4.78
824,24,0,0,0,8.191999979317188,4,4,0,0,40,0,0,40,4.75
824,24,0,1,0,60.416001826524734,4,4,0,0,40,0,0,40,4.75
824,24,0,2,0,9.216000325977802,4,4,0,0,40,0,0,40,4.75
824,24,0,3,0,4.095999989658594,4,4,0,0,40,0,0,40,4.75
824,40,0,0,1,9.216000325977802,4,4,0,0,40,0,0,40,4.36
824,40,0,1,1,69.63200122117996,4,4,0,0,40,0,0,40,4.36
824,40,0,2,1,9.216000325977802,4,4,0,0,40,0,0,40,4.36
824,40,0,3,1,4.095999989658594,4,4,0,0,40,0,0,40,4.36
825,2,0,0,0,14.336000196635723,4,4,0,0,40,0,0,40,2.951
825,2,0,1,0,82.94399827718735,4,4,0,0,40,0,0,40,2.951
825,2,0,2,0,9.216000325977802,4,4,0,0,40,0,0,40,2.951
825,2,0,3,0,5.119999870657921,4,4,0,0,40,0,0,40,2.951
825,24,0,0,0,8.191999979317188,4,4,0,0,40,0,0,40,5.14
825,24,0,1,0,91.13600105047226,4,4,0,0,40,0,0,40,5.14
825,24,0,2,0,9.216000325977802,4,4,0,0,40,0,0,40,5.14
825,24,0,3,0,4.095999989658594,4,4,0,0,40,0,0,40,5.14
825,40,0,0,1,9.216000325977802,4,4,0,0,40,0,0,40,6.02
825,40,0,1,1,97.28000313043594,4,4,0,0,40,0,0,40,6.02
825,40,0,2,1,9.216000325977802,4,4,0,0,40,0,0,40,6.02
825,40,0,3,1,5.119999870657921,4,4,0,0,40,0,0,40,6.02
826,2,0,0,0,14.336000196635723,4,4,0,0,40,0,0,40,4.809
826,2,0,1,0,79.8719972372055,4,4,0,0,40,0,0,40,4.809
826,2,0,2,0,9.216000325977802,4,4,0,0,40,0,0,40,4.809
826,2,0,3,0,5.119999870657921,4,4,0,0,40,0,0,40,4.809
826,24,0,0,0,8.191999979317188,4,4,0,0,40,0,0,40,5.17
826,24,0,1,0,78.84799689054489,4,4,0,0,40,0,0,40,5.17
826,24,0,2,0,9.216000325977802,4,4,0,0,40,0,0,40,5.17
826,24,0,3,0,4.095999989658594,4,4,0,0,40,0,0,40,5.17
826,40,0,0,1,10.239999741315842,4,4,0,1,39,0,0,40,87.539
826,40,0,1,1,89.08800035715103,4,4,0,1,39,0,0,40,87.539
826,40,0,2,1,9.216000325977802,4,4,0,1,39,0,0,40,87.539
826,40,0,3,1,4.095999989658594,4,4,0,1,39,0,0,40,87.539
827,2,0,0,0,14.336000196635723,4,4,0,0,40,0,0,40,5.931
827,2,0,1,0,80.89599758386612,4,4,0,0,40,0,0,40,5.931
827,2,0,2,0,9.216000325977802,4,4,0,0,40,0,0,40,5.931
827,2,0,3,0,5.119999870657921,4,4,0,0,40,0,0,40,5.931
827,24,0,0,0,8.191999979317188,4,4,0,0,40,0,0,40,4.93
827,24,0,1,0,62.463998794555664,4,4,0,0,40,0,0,40,4.93
827,24,0,2,0,8.191999979317188,4,4,0,0,40,0,0,40,4.93
827,24,0,3,0,4.095999989658594,4,4,0,0,40,0,0,40,4.93
827,40,0,0,1,8.191999979317188,4,4,0,0,40,0,0,40,3.62
827,40,0,1,1,87.0399996638298,4,4,0,0,40,0,0,40,3.62
827,40,0,2,1,9.216000325977802,4,4,0,0,40,0,0,40,3.62
827,40,0,3,1,4.095999989658594,4,4,0,0,40,0,0,40,3.62
828,2,0,0,0,185.34399569034576,4,4,0,1,39,0,0,40,82.06
828,2,0,1,0,73.72800260782242,4,4,0,1,39,0,0,40,82.06
828,2,0,2,0,9.216000325977802,4,4,0,1,39,0,0,40,82.06
828,2,0,3,0,5.119999870657921,4,4,0,1,39,0,0,40,82.06
828,24,0,0,0,8.191999979317188,4,4,0,0,40,0,0,40,2.23
828,24,0,1,0,53.247999399900436,4,4,0,0,40,0,0,40,2.23
828,24,0,2,0,9.216000325977802,4,4,0,0,40,0,0,40,2.23
828,24,0,3,0,5.119999870657921,4,4,0,0,40,0,0,40,2.23
828,40,0,0,1,15.359999611973763,4,4,0,3,37,0,0,40,90.62
828,40,0,1,1,68.60800087451935,4,4,0,3,37,0,0,40,90.62
828,40,0,2,1,9.216000325977802,4,4,0,3,37,0,0,40,90.62
828,40,0,3,1,4.095999989658594,4,4,0,3,37,0,0,40,90.62
829,2,0,0,0,9.216000325977802,4,4,0,3,37,0,0,40,107.449
829,2,0,1,0,78.84799689054489,4,4,0,3,37,0,0,40,107.449
829,2,0,2,0,8.191999979317188,4,4,0,3,37,0,0,40,107.449
829,2,0,3,0,7.168000098317862,4,4,0,3,37,0,0,40,107.449
829,24,0,0,0,9.216000325977802,4,4,0,0,40,0,0,40,4.649
829,24,0,1,0,65.5359998345375,4,4,0,0,40,0,0,40,4.649
829,24,0,2,0,9.216000325977802,4,4,0,0,40,0,0,40,4.649
829,24,0,3,0,4.095999989658594,4,4,0,0,40,0,0,40,4.649
829,40,0,0,1,15.359999611973763,4,4,0,2,38,0,0,40,74.65
829,40,0,1,1,65.5359998345375,4,4,0,2,38,0,0,40,74.65
829,40,0,2,1,9.216000325977802,4,4,0,2,38,0,0,40,74.65
829,40,0,3,1,4.095999989658594,4,4,0,2,38,0,0,40,74.65
830,2,0,0,0,15.359999611973763,4,4,0,1,39,0,0,40,69.5
830,2,0,1,0,79.8719972372055,4,4,0,1,39,0,0,40,69.5
830,2,0,2,0,9.216000325977802,4,4,0,1,39,0,0,40,69.5
830,2,0,3,0,4.095999989658594,4,4,0,1,39,0,0,40,69.5
830,24,0,0,0,7.168000098317862,4,4,0,0,40,0,0,40,2.669
830,24,0,1,0,73.72800260782242,4,4,0,0,40,0,0,40,2.669
830,24,0,2,0,9.216000325977802,4,4,0,0,40,0,0,40,2.669
830,24,0,3,0,4.095999989658594,4,4,0,0,40,0,0,40,2.669
830,40,0,0,1,9.216000325977802,4,4,0,0,40,0,0,40,2.51
830,40,0,1,1,63.48799914121628,4,4,0,0,40,0,0,40,2.51
830,40,0,2,1,9.216000325977802,4,4,0,0,40,0,0,40,2.51
830,40,0,3,1,4.095999989658594,4,4,0,0,40,0,0,40,2.51
831,2,0,0,0,14.336000196635723,4,4,0,0,40,0,0,40,5.269
831,2,0,1,0,68.60800087451935,4,4,0,0,40,0,0,40,5.269
831,2,0,2,0,9.216000325977802,4,4,0,0,40,0,0,40,5.269
831,2,0,3,0,5.119999870657921,4,4,0,0,40,0,0,40,5.269
831,24,0,0,0,8.191999979317188,4,4,0,0,40,0,0,40,2.34
831,24,0,1,0,68.60800087451935,4,4,0,0,40,0,0,40,2.34
831,24,0,2,0,9.216000325977802,4,4,0,0,40,0,0,40,2.34
831,24,0,3,0,4.095999989658594,4,4,0,0,40,0,0,40,2.34
831,40,0,0,1,8.191999979317188,4,4,0,0,40,0,0,40,3.48
831,40,0,1,1,54.27199974656105,4,4,0,0,40,0,0,40,3.48
831,40,0,2,1,9.216000325977802,4,4,0,0,40,0,0,40,3.48
831,40,0,3,1,4.095999989658594,4,4,0,0,40,0,0,40,3.48
832,2,0,0,0,14.336000196635723,4,4,0,0,40,0,0,40,4.86
832,2,0,1,0,78.84799689054489,4,4,0,0,40,0,0,40,4.86
832,2,0,2,0,8.191999979317188,4,4,0,0,40,0,0,40,4.86
832,2,0,3,0,4.095999989658594,4,4,0,0,40,0,0,40,4.86
832,24,0,0,0,8.191999979317188,4,4,0,1,39,0,0,40,63.259
832,24,0,1,0,59.39200147986412,4,4,0,1,39,0,0,40,63.259
832,24,0,2,0,9.216000325977802,4,4,0,1,39,0,0,40,63.259
832,24,0,3,0,4.095999989658594,4,4,0,1,39,0,0,40,63.259
832,40,0,0,1,9.216000325977802,4,4,0,0,40,0,0,40,4.47
832,40,0,1,1,63.48799914121628,4,4,0,0,40,0,0,40,4.47
832,40,0,2,1,9.216000325977802,4,4,0,0,40,0,0,40,4.47
832,40,0,3,1,4.095999989658594,4,4,0,0,40,0,0,40,4.47
833,2,0,0,0,8.191999979317188,4,4,0,1,39,0,0,40,92.74
833,2,0,1,0,86.01599931716919,4,4,0,1,39,0,0,40,92.74
833,2,0,2,0,8.191999979317188,4,4,0,1,39,0,0,40,92.74
833,2,0,3,0,6.144000217318535,4,4,0,1,39,0,0,40,92.74
833,24,0,0,0,9.216000325977802,4,4,0,0,40,0,0,40,2.229
833,24,0,1,0,68.60800087451935,4,4,0,0,40,0,0,40,2.229
833,24,0,2,0,9.216000325977802,4,4,0,0,40,0,0,40,2.229
833,24,0,3,0,4.095999989658594,4,4,0,0,40,0,0,40,2.229
833,40,0,0,1,14.336000196635723,4,4,0,3,37,0,0,40,214.97
833,40,0,1,1,78.84799689054489,4,4,0,3,37,0,0,40,214.97
833,40,0,2,1,8.191999979317188,4,4,0,3,37,0,0,40,214.97
833,40,0,3,1,110.59200018644333,4,4,0,3,37,0,0,40,214.97
834,2,0,0,0,14.336000196635723,4,4,0,0,40,0,0,40,3.351
834,2,0,1,0,81.91999793052673,4,4,0,0,40,0,0,40,3.351
834,2,0,2,0,8.191999979317188,4,4,0,0,40,0,0,40,3.351
834,2,0,3,0,4.095999989658594,4,4,0,0,40,0,0,40,3.351
834,24,0,0,0,8.191999979317188,4,4,0,0,40,0,0,40,2.72
834,24,0,1,0,62.463998794555664,4,4,0,0,40,0,0,40,2.72
834,24,0,2,0,9.216000325977802,4,4,0,0,40,0,0,40,2.72
834,24,0,3,0,4.095999989658594,4,4,0,0,40,0,0,40,2.72
834,40,0,0,1,14.336000196635723,4,4,0,1,39,0,0,40,83.77
834,40,0,1,1,64.51199948787689,4,4,0,1,39,0,0,40,83.77
834,40,0,2,1,9.216000325977802,4,4,0,1,39,0,0,40,83.77
834,40,0,3,1,5.119999870657921,4,4,0,1,39,0,0,40,83.77
835,2,0,0,0,15.359999611973763,4,4,0,0,40,0,0,40,2.62
835,2,0,1,0,79.8719972372055,4,4,0,0,40,0,0,40,2.62
835,2,0,2,0,9.216000325977802,4,4,0,0,40,0,0,40,2.62
835,2,0,3,0,5.119999870657921,4,4,0,0,40,0,0,40,2.62
835,24,0,0,0,8.191999979317188,4,4,0,2,38,0,0,40,118.329
835,24,0,1,0,73.72800260782242,4,4,0,2,38,0,0,40,118.329
835,24,0,2,0,9.216000325977802,4,4,0,2,38,0,0,40,118.329
835,24,0,3,0,22.52800017595291,4,4,0,2,38,0,0,40,118.329
835,40,0,0,1,15.359999611973763,4,4,0,3,37,0,0,40,177.1
835,40,0,1,1,79.8719972372055,4,4,0,3,37,0,0,40,177.1
835,40,0,2,1,8.191999979317188,4,4,0,3,37,0,0,40,177.1
835,40,0,3,1,68.60800087451935,4,4,0,3,37,0,0,40,177.1
836,2,0,0,0,13.311999849975109,4,4,0,0,40,0,0,40,5.051
836,2,0,1,0,87.0399996638298,4,4,0,0,40,0,0,40,5.051
836,2,0,2,0,9.216000325977802,4,4,0,0,40,0,0,40,5.051
836,2,0,3,0,5.119999870657921,4,4,0,0,40,0,0,40,5.051
836,24,0,0,0,8.191999979317188,4,4,0,1,39,0,0,40,90.04
836,24,0,1,0,73.72800260782242,4,4,0,1,39,0,0,40,90.04
836,24,0,2,0,8.191999979317188,4,4,0,1,39,0,0,40,90.04
836,24,0,3,0,3.0720001086592674,4,4,0,1,39,0,0,40,90.04
836,40,0,0,1,14.336000196635723,4,4,0,2,38,0,0,40,142.64
836,40,0,1,1,78.84799689054489,4,4,0,2,38,0,0,40,142.64
836,40,0,2,1,9.216000325977802,4,4,0,2,38,0,0,40,142.64
836,40,0,3,1,34.81600061058998,4,4,0,2,38,0,0,40,142.64
837,2,0,0,0,15.359999611973763,4,4,0,0,40,0,0,40,4.451
837,2,0,1,0,81.91999793052673,4,4,0,0,40,0,0,40,4.451
837,2,0,2,0,9.216000325977802,4,4,0,0,40,0,0,40,4.451
837,2,0,3,0,5.119999870657921,4,4,0,0,40,0,0,40,4.451
837,24,0,0,0,8.191999979317188,4,4,0,5,34,1,0,40,244.789
837,24,0,1,0,74.75200295448303,4,4,0,5,34,1,0,40,244.789
837,24,0,2,0,168.96000504493713,4,4,0,5,34,1,0,40,244.789
837,24,0,3,0,5.119999870657921,4,4,0,5,34,1,0,40,244.789
837,40,0,0,1,14.336000196635723,4,4,0,1,39,0,0,40,79.06
837,40,0,1,1,83.96799862384796,4,4,0,1,39,0,0,40,79.06
837,40,0,2,1,10.239999741315842,4,4,0,1,39,0,0,40,79.06
837,40,0,3,1,4.095999989658594,4,4,0,1,39,0,0,40,79.06
838,2,0,0,0,14.336000196635723,4,4,0,0,40,0,0,40,3.0
838,2,0,1,0,74.75200295448303,4,4,0,0,40,0,0,40,3.0
838,2,0,2,0,9.216000325977802,4,4,0,0,40,0,0,40,3.0
838,2,0,3,0,5.119999870657921,4,4,0,0,40,0,0,40,3.0
838,24,0,0,0,9.216000325977802,4,4,0,2,38,0,0,40,123.53
838,24,0,1,0,68.60800087451935,4,4,0,2,38,0,0,40,123.53
838,24,0,2,0,9.216000325977802,4,4,0,2,38,0,0,40,123.53
838,24,0,3,0,32.76799991726875,4,4,0,2,38,0,0,40,123.53
838,40,0,0,1,15.359999611973763,4,4,0,1,39,0,0,40,76.14
838,40,0,1,1,55.296000093221664,4,4,0,1,39,0,0,40,76.14
838,40,0,2,1,8.191999979317188,4,4,0,1,39,0,0,40,76.14
838,40,0,3,1,5.119999870657921,4,4,0,1,39,0,0,40,76.14
839,2,0,0,0,14.336000196635723,4,4,0,0,40,0,0,40,4.971
839,2,0,1,0,68.60800087451935,4,4,0,0,40,0,0,40,4.971
839,2,0,2,0,9.216000325977802,4,4,0,0,40,0,0,40,4.971
839,2,0,3,0,5.119999870657921,4,4,0,0,40,0,0,40,4.971
839,24,0,0,0,8.191999979317188,4,4,0,1,39,0,0,40,63.35
839,24,0,1,0,91.13600105047226,4,4,0,1,39,0,0,40,63.35
839,24,0,2,0,8.191999979317188,4,4,0,1,39,0,0,40,63.35
839,24,0,3,0,4.095999989658594,4,4,0,1,39,0,0,40,63.35
839,40,0,0,1,9.216000325977802,4,4,0,0,40,0,0,40,6.149
839,40,0,1,1,86.01599931716919,4,4,0,0,40,0,0,40,6.149
839,40,0,2,1,9.216000325977802,4,4,0,0,40,0,0,40,6.149
839,40,0,3,1,4.095999989658594,4,4,0,0,40,0,0,40,6.149
840,2,0,0,0,14.336000196635723,4,4,0,1,39,0,0,40,84.51
840,2,0,1,0,80.89599758386612,4,4,0,1,39,0,0,40,84.51
840,2,0,2,0,9.216000325977802,4,4,0,1,39,0,0,40,84.51
840,2,0,3,0,4.095999989658594,4,4,0,1,39,0,0,40,84.51
840,24,0,0,0,13.311999849975109,4,4,0,0,40,0,0,40,3.1
840,24,0,1,0,77.82399654388428,4,4,0,0,40,0,0,40,3.1
840,24,0,2,0,9.216000325977802,4,4,0,0,40,0,0,40,3.1
840,24,0,3,0,5.119999870657921,4,4,0,0,40,0,0,40,3.1
840,40,0,0,1,9.216000325977802,4,4,0,0,40,0,0,40,4.46
840,40,0,1,1,52.22399905323982,4,4,0,0,40,0,0,40,4.46
840,40,0,2,1,10.239999741315842,4,4,0,0,40,0,0,40,4.46
840,40,0,3,1,4.095999989658594,4,4,0,0,40,0,0,40,4.46
841,2,0,0,0,13.311999849975109,4,4,0,0,40,0,0,40,3.111
841,2,0,1,0,74.75200295448303,4,4,0,0,40,0,0,40,3.111
841,2,0,2,0,9.216000325977802,4,4,0,0,40,0,0,40,3.111
841,2,0,3,0,5.119999870657921,4,4,0,0,40,0,0,40,3.111
841,24,0,0,0,8.191999979317188,4,4,0,1,39,0,0,40,65.39
841,24,0,1,0,63.48799914121628,4,4,0,1,39,0,0,40,65.39
841,24,0,2,0,8.191999979317188,4,4,0,1,39,0,0,40,65.39
841,24,0,3,0,5.119999870657921,4,4,0,1,39,0,0,40,65.39
841,40,0,0,1,9.216000325977802,4,4,0,0,40,0,0,40,3.87
841,40,0,1,1,56.32000043988228,4,4,0,0,40,0,0,40,3.87
841,40,0,2,1,9.216000325977802,4,4,0,0,40,0,0,40,3.87
841,40,0,3,1,5.119999870657921,4,4,0,0,40,0,0,40,3.87
842,2,0,0,0,15.359999611973763,4,4,0,0,40,0,0,40,3.62
842,2,0,1,0,87.0399996638298,4,4,0,0,40,0,0,40,3.62
842,2,0,2,0,9.216000325977802,4,4,0,0,40,0,0,40,3.62
842,2,0,3,0,5.119999870657921,4,4,0,0,40,0,0,40,3.62
842,24,0,0,0,9.216000325977802,4,4,0,0,40,0,0,40,2.38
842,24,0,1,0,47.10400104522705,4,4,0,0,40,0,0,40,2.38
842,24,0,2,0,8.191999979317188,4,4,0,0,40,0,0,40,2.38
842,24,0,3,0,4.095999989658594,4,4,0,0,40,0,0,40,2.38
842,40,0,0,1,16.383999958634377,4,4,0,2,38,0,0,40,182.659
842,40,0,1,1,66.56000018119812,4,4,0,2,38,0,0,40,182.659
842,40,0,2,1,9.216000325977802,4,4,0,2,38,0,0,40,182.659
842,40,0,3,1,84.99199897050858,4,4,0,2,38,0,0,40,182.659
843,2,0,0,0,14.336000196635723,4,4,0,0,40,0,0,40,5.209
843,2,0,1,0,79.8719972372055,4,4,0,0,40,0,0,40,5.209
843,2,0,2,0,9.216000325977802,4,4,0,0,40,0,0,40,5.209
843,2,0,3,0,4.095999989658594,4,4,0,0,40,0,0,40,5.209
843,24,0,0,0,8.191999979317188,4,4,0,0,40,0,0,40,1.969
843,24,0,1,0,51.19999870657921,4,4,0,0,40,0,0,40,1.969
843,24,0,2,0,9.216000325977802,4,4,0,0,40,0,0,40,1.969
843,24,0,3,0,4.095999989658594,4,4,0,0,40,0,0,40,1.969
843,40,0,0,1,9.216000325977802,4,4,0,5,35,0,0,40,153.079
843,40,0,1,1,69.63200122117996,4,4,0,5,35,0,0,40,153.079
843,40,0,2,1,8.191999979317188,4,4,0,5,35,0,0,40,153.079
843,40,0,3,1,62.463998794555664,4,4,0,5,35,0,0,40,153.079
844,2,0,0,0,13.311999849975109,4,4,0,2,38,0,0,40,140.869
844,2,0,1,0,73.72800260782242,4,4,0,2,38,0,0,40,140.869
844,2,0,2,0,10.239999741315842,4,4,0,2,38,0,0,40,140.869
844,2,0,3,0,38.91199827194214,4,4,0,2,38,0,0,40,140.869
844,24,0,0,0,7.168000098317862,4,4,0,1,39,0,0,40,58.22
844,24,0,1,0,71.68000191450119,4,4,0,1,39,0,0,40,58.22
844,24,0,2,0,9.216000325977802,4,4,0,1,39,0,0,40,58.22
844,24,0,3,0,3.0720001086592674,4,4,0,1,39,0,0,40,58.22
844,40,0,0,1,8.191999979317188,4,4,0,0,40,0,0,40,5.61
844,40,0,1,1,86.01599931716919,4,4,0,0,40,0,0,40,5.61
844,40,0,2,1,9.216000325977802,4,4,0,0,40,0,0,40,5.61
844,40,0,3,1,4.095999989658594,4,4,0,0,40,0,0,40,5.61
845,2,0,0,0,17.40800030529499,4,4,0,2,38,0,0,40,100.789
845,2,0,1,0,68.60800087451935,4,4,0,2,38,0,0,40,100.789
845,2,0,2,0,9.216000325977802,4,4,0,2,38,0,0,40,100.789
845,2,0,3,0,5.119999870657921,4,4,0,2,38,0,0,40,100.789
845,24,0,0,0,8.191999979317188,4,4,0,0,40,0,0,40,4.849
845,24,0,1,0,68.60800087451935,4,4,0,0,40,0,0,40,4.849
845,24,0,2,0,9.216000325977802,4,4,0,0,40,0,0,40,4.849
845,24,0,3,0,4.095999989658594,4,4,0,0,40,0,0,40,4.849
845,40,0,0,1,9.216000325977802,4,4,0,0,40,0,0,40,2.74
845,40,0,1,1,87.0399996638298,4,4,0,0,40,0,0,40,2.74
845,40,0,2,1,9.216000325977802,4,4,0,0,40,0,0,40,2.74
845,40,0,3,1,4.095999989658594,4,4,0,0,40,0,0,40,2.74
846,2,0,0,0,14.336000196635723,4,4,0,0,40,0,0,40,3.0
846,2,0,1,0,66.56000018119812,4,4,0,0,40,0,0,40,3.0
846,2,0,2,0,9.216000325977802,4,4,0,0,40,0,0,40,3.0
846,2,0,3,0,5.119999870657921,4,4,0,0,40,0,0,40,3.0
846,24,0,0,0,9.216000325977802,4,4,0,0,40,0,0,40,4.531
846,24,0,1,0,58.36800113320351,4,4,0,0,40,0,0,40,4.531
846,24,0,2,0,9.216000325977802,4,4,0,0,40,0,0,40,4.531
846,24,0,3,0,4.095999989658594,4,4,0,0,40,0,0,40,4.531
846,40,0,0,1,9.216000325977802,4,4,0,0,40,0,0,40,2.12
846,40,0,1,1,58.36800113320351,4,4,0,0,40,0,0,40,2.12
846,40,0,2,1,9.216000325977802,4,4,0,0,40,0,0,40,2.12
846,40,0,3,1,4.095999989658594,4,4,0,0,40,0,0,40,2.12
847,2,0,0,0,8.191999979317188,2,2,0,0,20,0,0,20,3.9
847,2,0,1,0,53.247999399900436,2,2,0,0,20,0,0,20,3.9
847,2,0,2,0,9.216000325977802,2,2,0,0,20,0,0,20,3.9
847,2,0,3,0,5.119999870657921,2,2,0,0,20,0,0,20,3.9
847,24,0,0,0,8.191999979317188,2,2,0,1,19,0,0,20,59.511
847,24,0,1,0,47.10400104522705,2,2,0,1,19,0,0,20,59.511
847,24,0,2,0,9.216000325977802,2,2,0,1,19,0,0,20,59.511
847,24,0,3,0,4.095999989658594,2,2,0,1,19,0,0,20,59.511
847,40,0,0,1,9.216000325977802,2,2,0,0,20,0,0,20,1.33
847,40,0,1,1,53.247999399900436,2,2,0,0,20,0,0,20,1.33
847,40,0,2,1,9.216000325977802,2,2,0,0,20,0,0,20,1.33
847,40,0,3,1,4.095999989658594,2,2,0,0,20,0,0,20,1.33
848,2,0,0,0,13.311999849975109,4,4,0,0,40,0,0,40,6.32
848,2,0,1,0,77.82399654388428,4,4,0,0,40,0,0,40,6.32
848,2,0,2,0,8.191999979317188,4,4,0,0,40,0,0,40,6.32
848,2,0,3,0,5.119999870657921,4,4,0,0,40,0,0,40,6.32
848,24,0,0,0,8.191999979317188,4,4,0,0,40,0,0,40,4.16
848,24,0,1,0,67.58400052785873,4,4,0,0,40,0,0,40,4.16
848,24,0,2,0,9.216000325977802,4,4,0,0,40,0,0,40,4.16
848,24,0,3,0,4.095999989658594,4,4,0,0,40,0,0,40,4.16
848,40,0,0,1,15.359999611973763,4,4,0,1,39,0,0,40,171.339
848,40,0,1,1,73.72800260782242,4,4,0,1,39,0,0,40,171.339
848,40,0,2,1,9.216000325977802,4,4,0,1,39,0,0,40,171.339
848,40,0,3,1,68.60800087451935,4,4,0,1,39,0,0,40,171.339
849,2,0,0,0,13.311999849975109,4,4,0,0,40,0,0,40,2.52
849,2,0,1,0,69.63200122117996,4,4,0,0,40,0,0,40,2.52
849,2,0,2,0,8.191999979317188,4,4,0,0,40,0,0,40,2.52
849,2,0,3,0,4.095999989658594,4,4,0,0,40,0,0,40,2.52
849,24,0,0,0,7.168000098317862,4,4,0,1,39,0,0,40,65.619
849,24,0,1,0,75.77600330114365,4,4,0,1,39,0,0,40,65.619
849,24,0,2,0,9.216000325977802,4,4,0,1,39,0,0,40,65.619
849,24,0,3,0,4.095999989658594,4,4,0,1,39,0,0,40,65.619
849,40,0,0,1,8.191999979317188,4,4,0,1,39,0,0,40,79.03
849,40,0,1,1,89.08800035715103,4,4,0,1,39,0,0,40,79.03
849,40,0,2,1,9.216000325977802,4,4,0,1,39,0,0,40,79.03
849,40,0,3,1,4.095999989658594,4,4,0,1,39,0,0,40,79.03
850,2,0,0,0,15.359999611973763,4,4,0,0,40,0,0,40,2.42
850,2,0,1,0,74.75200295448303,4,4,0,0,40,0,0,40,2.42
850,2,0,2,0,9.216000325977802,4,4,0,0,40,0,0,40,2.42
850,2,0,3,0,4.095999989658594,4,4,0,0,40,0,0,40,2.42
850,24,0,0,0,8.191999979317188,4,4,0,1,39,0,0,40,50.75
850,24,0,1,0,81.91999793052673,4,4,0,1,39,0,0,40,50.75
850,24,0,2,0,9.216000325977802,4,4,0,1,39,0,0,40,50.75
850,24,0,3,0,4.095999989658594,4,4,0,1,39,0,0,40,50.75
850,40,0,0,1,9.216000325977802,4,4,0,1,39,0,0,40,125.029
850,40,0,1,1,74.75200295448303,4,4,0,1,39,0,0,40,125.029
850,40,0,2,1,9.216000325977802,4,4,0,1,39,0,0,40,125.029
850,40,0,3,1,26.623999699950218,4,4,0,1,39,0,0,40,125.029
851,2,0,0,0,9.216000325977802,3,3,0,1,29,0,0,30,69.48
851,2,0,1,0,54.27199974656105,3,3,0,1,29,0,0,30,69.48
851,2,0,2,0,9.216000325977802,3,3,0,1,29,0,0,30,69.48
851,2,0,3,0,5.119999870657921,3,3,0,1,29,0,0,30,69.48
851,24,0,0,0,10.239999741315842,3,3,0,0,30,0,0,30,1.94
851,24,0,1,0,61.43999844789505,3,3,0,0,30,0,0,30,1.94
851,24,0,2,0,9.216000325977802,3,3,0,0,30,0,0,30,1.94
851,24,0,3,0,4.095999989658594,3,3,0,0,30,0,0,30,1.94
851,40,0,0,1,9.216000325977802,3,3,0,0,30,0,0,30,1.849
851,40,0,1,1,71.68000191450119,3,3,0,0,30,0,0,30,1.849
851,40,0,2,1,9.216000325977802,3,3,0,0,30,0,0,30,1.849
851,40,0,3,1,4.095999989658594,3,3,0,0,30,0,0,30,1.849
852,2,0,0,0,9.216000325977802,2,2,0,0,20,0,0,20,1.67
852,2,0,1,0,49.15200173854828,2,2,0,0,20,0,0,20,1.67
852,2,0,2,0,9.216000325977802,2,2,0,0,20,0,0,20,1.67
852,2,0,3,0,7.168000098317862,2,2,0,0,20,0,0,20,1.67
852,24,0,0,0,17.40800030529499,2,2,0,1,19,0,0,20,60.01
852,24,0,1,0,50.175998359918594,2,2,0,1,19,0,0,20,60.01
852,24,0,2,0,9.216000325977802,2,2,0,1,19,0,0,20,60.01
852,24,0,3,0,4.095999989658594,2,2,0,1,19,0,0,20,60.01
852,40,0,0,1,11.264000087976456,2,2,0,0,20,0,0,20,1.33
852,40,0,1,1,59.39200147986412,2,2,0,0,20,0,0,20,1.33
852,40,0,2,1,9.216000325977802,2,2,0,0,20,0,0,20,1.33
852,40,0,3,1,4.095999989658594,2,2,0,0,20,0,0,20,1.33
853,2,0,0,0,15.359999611973763,4,4,0,1,39,0,0,40,82.02
853,2,0,1,0,78.84799689054489,4,4,0,1,39,0,0,40,82.02
853,2,0,2,0,9.216000325977802,4,4,0,1,39,0,0,40,82.02
853,2,0,3,0,5.119999870657921,4,4,0,1,39,0,0,40,82.02
853,24,0,0,0,8.191999979317188,4,4,0,2,38,0,0,40,112.04
853,24,0,1,0,87.0399996638298,4,4,0,2,38,0,0,40,112.04
853,24,0,2,0,9.216000325977802,4,4,0,2,38,0,0,40,112.04
853,24,0,3,0,4.095999989658594,4,4,0,2,38,0,0,40,112.04
853,40,0,0,1,9.216000325977802,4,4,0,0,40,0,0,40,3.171
853,40,0,1,1,92.16000139713287,4,4,0,0,40,0,0,40,3.171
853,40,0,2,1,9.216000325977802,4,4,0,0,40,0,0,40,3.171
853,40,0,3,1,3.0720001086592674,4,4,0,0,40,0,0,40,3.171
854,2,0,0,0,15.359999611973763,4,4,0,3,37,0,0,40,150.5
854,2,0,1,0,73.72800260782242,4,4,0,3,37,0,0,40,150.5
854,2,0,2,0,8.191999979317188,4,4,0,3,37,0,0,40,150.5
854,2,0,3,0,48.128001391887665,4,4,0,3,37,0,0,40,150.5
854,24,0,0,0,9.216000325977802,4,4,0,0,40,0,0,40,2.671
854,24,0,1,0,77.82399654388428,4,4,0,0,40,0,0,40,2.671
854,24,0,2,0,8.191999979317188,4,4,0,0,40,0,0,40,2.671
854,24,0,3,0,4.095999989658594,4,4,0,0,40,0,0,40,2.671
854,40,0,0,1,9.216000325977802,4,4,0,0,40,0,0,40,2.28
854,40,0,1,1,59.39200147986412,4,4,0,0,40,0,0,40,2.28
854,40,0,2,1,9.216000325977802,4,4,0,0,40,0,0,40,2.28
854,40,0,3,1,4.095999989658594,4,4,0,0,40,0,0,40,2.28
855,2,0,0,0,13.311999849975109,4,4,0,0,40,0,0,40,5.66
855,2,0,1,0,76.80000364780426,4,4,0,0,40,0,0,40,5.66
855,2,0,2,0,8.191999979317188,4,4,0,0,40,0,0,40,5.66
855,2,0,3,0,4.095999989658594,4,4,0,0,40,0,0,40,5.66
855,24,0,0,0,8.191999979317188,4,4,0,0,40,0,0,40,2.45
855,24,0,1,0,69.63200122117996,4,4,0,0,40,0,0,40,2.45
855,24,0,2,0,8.191999979317188,4,4,0,0,40,0,0,40,2.45
855,24,0,3,0,4.095999989658594,4,4,0,0,40,0,0,40,2.45
855,40,0,0,1,9.216000325977802,4,4,0,0,40,0,0,40,4.84
855,40,0,1,1,83.96799862384796,4,4,0,0,40,0,0,40,4.84
855,40,0,2,1,9.216000325977802,4,4,0,0,40,0,0,40,4.84
855,40,0,3,1,4.095999989658594,4,4,0,0,40,0,0,40,4.84
856,2,0,0,0,9.216000325977802,4,4,0,1,39,0,0,40,76.69
856,2,0,1,0,67.58400052785873,4,4,0,1,39,0,0,40,76.69
856,2,0,2,0,9.216000325977802,4,4,0,1,39,0,0,40,76.69
856,2,0,3,0,4.095999989658594,4,4,0,1,39,0,0,40,76.69
856,24,0,0,0,1389.5679712295532,4,4,0,0,40,0,0,40,3.729
856,24,0,1,0,67.58400052785873,4,4,0,0,40,0,0,40,3.729
856,24,0,2,0,9.216000325977802,4,4,0,0,40,0,0,40,3.729
856,24,0,3,0,5.119999870657921,4,4,0,0,40,0,0,40,3.729
856,40,0,0,1,15.359999611973763,4,4,0,1,39,0,0,40,115.83
856,40,0,1,1,73.72800260782242,4,4,0,1,39,0,0,40,115.83
856,40,0,2,1,9.216000325977802,4,4,0,1,39,0,0,40,115.83
856,40,0,3,1,19.45599913597107,4,4,0,1,39,0,0,40,115.83
857,2,0,0,0,9.216000325977802,2,2,0,0,20,0,0,20,1.52
857,2,0,1,0,44.03200000524521,2,2,0,0,20,0,0,20,1.52
857,2,0,2,0,9.216000325977802,2,2,0,0,20,0,0,20,1.52
857,2,0,3,0,5.119999870657921,2,2,0,0,20,0,0,20,1.52
857,24,0,0,0,10.239999741315842,2,2,0,0,20,0,0,20,0.82
857,24,0,1,0,43.007999658584595,2,2,0,0,20,0,0,20,0.82
857,24,0,2,0,8.191999979317188,2,2,0,0,20,0,0,20,0.82
857,24,0,3,0,4.095999989658594,2,2,0,0,20,0,0,20,0.82
857,40,0,0,1,9.216000325977802,2,2,0,0,20,0,0,20,1.091
857,40,0,1,1,44.03200000524521,2,2,0,0,20,0,0,20,1.091
857,40,0,2,1,9.216000325977802,2,2,0,0,20,0,0,20,1.091
857,40,0,3,1,5.119999870657921,2,2,0,0,20,0,0,20,1.091
858,2,0,0,0,9.216000325977802,2,2,0,0,20,0,0,20,2.08
858,2,0,1,0,50.175998359918594,2,2,0,0,20,0,0,20,2.08
858,2,0,2,0,9.216000325977802,2,2,0,0,20,0,0,20,2.08
858,2,0,3,0,6.144000217318535,2,2,0,0,20,0,0,20,2.08
858,24,0,0,0,11.264000087976456,2,2,0,0,20,0,0,20,1.189
858,24,0,1,0,40.95999896526337,2,2,0,0,20,0,0,20,1.189
858,24,0,2,0,9.216000325977802,2,2,0,0,20,0,0,20,1.189
858,24,0,3,0,4.095999989658594,2,2,0,0,20,0,0,20,1.189
858,40,0,0,1,9.216000325977802,2,2,0,0,20,0,0,20,1.34
858,40,0,1,1,44.03200000524521,2,2,0,0,20,0,0,20,1.34
858,40,0,2,1,9.216000325977802,2,2,0,0,20,0,0,20,1.34
858,40,0,3,1,5.119999870657921,2,2,0,0,20,0,0,20,1.34
859,2,0,0,0,9.216000325977802,4,4,0,0,40,0,0,40,3.269
859,2,0,1,0,81.91999793052673,4,4,0,0,40,0,0,40,3.269
859,2,0,2,0,9.216000325977802,4,4,0,0,40,0,0,40,3.269
859,2,0,3,0,4.095999989658594,4,4,0,0,40,0,0,40,3.269
859,24,0,0,0,8.191999979317188,4,4,0,0,40,0,0,40,2.26
859,24,0,1,0,64.51199948787689,4,4,0,0,40,0,0,40,2.26
859,24,0,2,0,9.216000325977802,4,4,0,0,40,0,0,40,2.26
859,24,0,3,0,4.095999989658594,4,4,0,0,40,0,0,40,2.26
859,40,0,0,1,9.216000325977802,4,4,0,0,40,0,0,40,3.991
859,40,0,1,1,66.56000018119812,4,4,0,0,40,0,0,40,3.991
859,40,0,2,1,9.216000325977802,4,4,0,0,40,0,0,40,3.991
859,40,0,3,1,4.095999989658594,4,4,0,0,40,0,0,40,3.991
860,2,0,0,0,10.239999741315842,4,4,0,0,40,0,0,40,2.61
860,2,0,1,0,74.75200295448303,4,4,0,0,40,0,0,40,2.61
860,2,0,2,0,9.216000325977802,4,4,0,0,40,0,0,40,2.61
860,2,0,3,0,6.144000217318535,4,4,0,0,40,0,0,40,2.61
860,24,0,0,0,8.191999979317188,4,4,0,0,40,0,0,40,2.309
860,24,0,1,0,54.27199974656105,4,4,0,0,40,0,0,40,2.309
860,24,0,2,0,9.216000325977802,4,4,0,0,40,0,0,40,2.309
860,24,0,3,0,4.095999989658594,4,4,0,0,40,0,0,40,2.309
860,40,0,0,1,9.216000325977802,4,4,0,0,40,0,0,40,2.291
860,40,0,1,1,75.77600330114365,4,4,0,0,40,0,0,40,2.291
860,40,0,2,1,9.216000325977802,4,4,0,0,40,0,0,40,2.291
860,40,0,3,1,4.095999989658594,4,4,0,0,40,0,0,40,2.291
861,2,0,0,0,14.336000196635723,4,4,0,0,40,0,0,40,4.92
861,2,0,1,0,87.0399996638298,4,4,0,0,40,0,0,40,4.92
861,2,0,2,0,9.216000325977802,4,4,0,0,40,0,0,40,4.92
861,2,0,3,0,7.168000098317862,4,4,0,0,40,0,0,40,4.92
861,24,0,0,0,8.191999979317188,4,4,0,0,40,0,0,40,2.54
861,24,0,1,0,61.43999844789505,4,4,0,0,40,0,0,40,2.54
861,24,0,2,0,9.216000325977802,4,4,0,0,40,0,0,40,2.54
861,24,0,3,0,4.095999989658594,4,4,0,0,40,0,0,40,2.54
861,40,0,0,1,9.216000325977802,4,4,0,1,39,0,0,40,92.529
861,40,0,1,1,60.416001826524734,4,4,0,1,39,0,0,40,92.529
861,40,0,2,1,10.239999741315842,4,4,0,1,39,0,0,40,92.529
861,40,0,3,1,16.383999958634377,4,4,0,1,39,0,0,40,92.529
862,2,0,0,0,9.216000325977802,1,1,0,0,10,0,0,10,0.671
862,2,0,1,0,32.76799991726875,1,1,0,0,10,0,0,10,0.671
862,2,0,2,0,9.216000325977802,1,1,0,0,10,0,0,10,0.671
862,2,0,3,0,5.119999870657921,1,1,0,0,10,0,0,10,0.671
862,24,0,0,0,8.191999979317188,1,1,0,0,10,0,0,10,0.971
862,24,0,1,0,31.74399957060814,1,1,0,0,10,0,0,10,0.971
862,24,0,2,0,9.216000325977802,1,1,0,0,10,0,0,10,0.971
862,24,0,3,0,4.095999989658594,1,1,0,0,10,0,0,10,0.971
862,40,0,0,1,8.191999979317188,1,1,0,0,10,0,0,10,0.471
862,40,0,1,1,34.81600061058998,1,1,0,0,10,0,0,10,0.471
862,40,0,2,1,9.216000325977802,1,1,0,0,10,0,0,10,0.471
862,40,0,3,1,4.095999989658594,1,1,0,0,10,0,0,10,0.471
863,2,0,0,0,9.216000325977802,1,1,0,0,10,0,0,10,0.65
863,2,0,1,0,32.76799991726875,1,1,0,0,10,0,0,10,0.65
863,2,0,2,0,8.191999979317188,1,1,0,0,10,0,0,10,0.65
863,2,0,3,0,4.095999989658594,1,1,0,0,10,0,0,10,0.65
863,24,0,0,0,9.216000325977802,1,1,0,0,10,0,0,10,0.7
863,24,0,1,0,30.719999223947525,1,1,0,0,10,0,0,10,0.7
863,24,0,2,0,8.191999979317188,1,1,0,0,10,0,0,10,0.7
863,24,0,3,0,5.119999870657921,1,1,0,0,10,0,0,10,0.7
863,40,0,0,1,8.191999979317188,1,1,0,1,9,0,0,10,64.31
863,40,0,1,1,33.79200026392937,1,1,0,1,9,0,0,10,64.31
863,40,0,2,1,9.216000325977802,1,1,0,1,9,0,0,10,64.31
863,40,0,3,1,9.216000325977802,1,1,0,1,9,0,0,10,64.31
864,2,0,0,0,15.359999611973763,3,3,0,0,30,0,0,30,2.62
864,2,0,1,0,65.5359998345375,3,3,0,0,30,0,0,30,2.62
864,2,0,2,0,8.191999979317188,3,3,0,0,30,0,0,30,2.62
864,2,0,3,0,5.119999870657921,3,3,0,0,30,0,0,30,2.62
864,24,0,0,0,8.191999979317188,3,3,0,0,30,0,0,30,1.811
864,24,0,1,0,65.5359998345375,3,3,0,0,30,0,0,30,1.811
864,24,0,2,0,9.216000325977802,3,3,0,0,30,0,0,30,1.811
864,24,0,3,0,4.095999989658594,3,3,0,0,30,0,0,30,1.811
864,40,0,0,1,8.191999979317188,3,3,0,0,30,0,0,30,1.431
864,40,0,1,1,60.416001826524734,3,3,0,0,30,0,0,30,1.431
864,40,0,2,1,9.216000325977802,3,3,0,0,30,0,0,30,1.431
864,40,0,3,1,4.095999989658594,3,3,0,0,30,0,0,30,1.431
865,2,0,0,0,8.191999979317188,3,3,0,0,30,0,0,30,2.0
865,2,0,1,0,50.175998359918594,3,3,0,0,30,0,0,30,2.0
865,2,0,2,0,9.216000325977802,3,3,0,0,30,0,0,30,2.0
865,2,0,3,0,5.119999870657921,3,3,0,0,30,0,0,30,2.0
865,24,0,0,0,9.216000325977802,3,3,0,0,30,0,0,30,1.62
865,24,0,1,0,44.03200000524521,3,3,0,0,30,0,0,30,1.62
865,24,0,2,0,9.216000325977802,3,3,0,0,30,0,0,30,1.62
865,24,0,3,0,4.095999989658594,3,3,0,0,30,0,0,30,1.62
865,40,0,0,1,8.191999979317188,3,3,0,0,30,0,0,30,1.61
865,40,0,1,1,55.296000093221664,3,3,0,0,30,0,0,30,1.61
865,40,0,2,1,9.216000325977802,3,3,0,0,30,0,0,30,1.61
865,40,0,3,1,4.095999989658594,3,3,0,0,30,0,0,30,1.61
866,2,0,0,0,15.359999611973763,3,3,0,0,30,0,0,30,2.13
866,2,0,1,0,62.463998794555664,3,3,0,0,30,0,0,30,2.13
866,2,0,2,0,9.216000325977802,3,3,0,0,30,0,0,30,2.13
866,2,0,3,0,5.119999870657921,3,3,0,0,30,0,0,30,2.13
866,24,0,0,0,8.191999979317188,3,3,0,0,30,0,0,30,1.749
866,24,0,1,0,55.296000093221664,3,3,0,0,30,0,0,30,1.749
866,24,0,2,0,8.191999979317188,3,3,0,0,30,0,0,30,1.749
866,24,0,3,0,4.095999989658594,3,3,0,0,30,0,0,30,1.749
866,40,0,0,1,9.216000325977802,3,3,0,0,30,0,0,30,2.02
866,40,0,1,1,57.34400078654289,3,3,0,0,30,0,0,30,2.02
866,40,0,2,1,9.216000325977802,3,3,0,0,30,0,0,30,2.02
866,40,0,3,1,4.095999989658594,3,3,0,0,30,0,0,30,2.02
867,2,0,0,0,8.191999979317188,3,3,0,2,28,0,0,30,147.269
867,2,0,1,0,71.68000191450119,3,3,0,2,28,0,0,30,147.269
867,2,0,2,0,8.191999979317188,3,3,0,2,28,0,0,30,147.269
867,2,0,3,0,66.56000018119812,3,3,0,2,28,0,0,30,147.269
867,24,0,0,0,9.216000325977802,3,3,0,0,30,0,0,30,1.84
867,24,0,1,0,57.34400078654289,3,3,0,0,30,0,0,30,1.84
867,24,0,2,0,9.216000325977802,3,3,0,0,30,0,0,30,1.84
867,24,0,3,0,4.095999989658594,3,3,0,0,30,0,0,30,1.84
867,40,0,0,1,8.191999979317188,3,3,0,1,29,0,0,30,82.049
867,40,0,1,1,55.296000093221664,3,3,0,1,29,0,0,30,82.049
867,40,0,2,1,9.216000325977802,3,3,0,1,29,0,0,30,82.049
867,40,0,3,1,4.095999989658594,3,3,0,1,29,0,0,30,82.049
868,2,0,0,0,8.191999979317188,2,2,0,0,20,0,0,20,1.38
868,2,0,1,0,54.27199974656105,2,2,0,0,20,0,0,20,1.38
868,2,0,2,0,9.216000325977802,2,2,0,0,20,0,0,20,1.38
868,2,0,3,0,7.168000098317862,2,2,0,0,20,0,0,20,1.38
868,24,0,0,0,11.264000087976456,2,2,0,0,20,0,0,20,1.24
868,24,0,1,0,41.98399931192398,2,2,0,0,20,0,0,20,1.24
868,24,0,2,0,9.216000325977802,2,2,0,0,20,0,0,20,1.24
868,24,0,3,0,4.095999989658594,2,2,0,0,20,0,0,20,1.24
868,40,0,0,1,9.216000325977802,2,2,0,1,19,0,0,20,71.29
868,40,0,1,1,41.98399931192398,2,2,0,1,19,0,0,20,71.29
868,40,0,2,1,10.239999741315842,2,2,0,1,19,0,0,20,71.29
868,40,0,3,1,6.144000217318535,2,2,0,1,19,0,0,20,71.29
869,2,0,0,0,14.336000196635723,4,4,0,0,40,0,0,40,5.76
869,2,0,1,0,96.25600278377533,4,4,0,0,40,0,0,40,5.76
869,2,0,2,0,9.216000325977802,4,4,0,0,40,0,0,40,5.76
869,2,0,3,0,7.168000098317862,4,4,0,0,40,0,0,40,5.76
869,24,0,0,0,8.191999979317188,4,4,0,0,40,0,0,40,4.51
869,24,0,1,0,64.51199948787689,4,4,0,0,40,0,0,40,4.51
869,24,0,2,0,9.216000325977802,4,4,0,0,40,0,0,40,4.51
869,24,0,3,0,4.095999989658594,4,4,0,0,40,0,0,40,4.51
869,40,0,0,1,9.216000325977802,4,4,0,0,40,0,0,40,1.769
869,40,0,1,1,54.27199974656105,4,4,0,0,40,0,0,40,1.769
869,40,0,2,1,9.216000325977802,4,4,0,0,40,0,0,40,1.769
869,40,0,3,1,4.095999989658594,4,4,0,0,40,0,0,40,1.769
870,2,0,0,0,13.311999849975109,4,4,0,0,40,0,0,40,3.84
870,2,0,1,0,74.75200295448303,4,4,0,0,40,0,0,40,3.84
870,2,0,2,0,9.216000325977802,4,4,0,0,40,0,0,40,3.84
870,2,0,3,0,5.119999870657921,4,4,0,0,40,0,0,40,3.84
870,24,0,0,0,8.191999979317188,4,4,0,0,40,0,0,40,1.95
870,24,0,1,0,59.39200147986412,4,4,0,0,40,0,0,40,1.95
870,24,0,2,0,9.216000325977802,4,4,0,0,40,0,0,40,1.95
870,24,0,3,0,4.095999989658594,4,4,0,0,40,0,0,40,1.95
870,40,0,0,1,9.216000325977802,4,4,0,0,40,0,0,40,2.17
870,40,0,1,1,56.32000043988228,4,4,0,0,40,0,0,40,2.17
870,40,0,2,1,9.216000325977802,4,4,0,0,40,0,0,40,2.17
870,40,0,3,1,4.095999989658594,4,4,0,0,40,0,0,40,2.17
871,2,0,0,0,14.336000196635723,4,4,0,0,40,0,0,40,3.031
871,2,0,1,0,77.82399654388428,4,4,0,0,40,0,0,40,3.031
871,2,0,2,0,9.216000325977802,4,4,0,0,40,0,0,40,3.031
871,2,0,3,0,6.144000217318535,4,4,0,0,40,0,0,40,3.031
871,24,0,0,0,9.216000325977802,4,4,0,0,40,0,0,40,4.749
871,24,0,1,0,69.63200122117996,4,4,0,0,40,0,0,40,4.749
871,24,0,2,0,9.216000325977802,4,4,0,0,40,0,0,40,4.749
871,24,0,3,0,4.095999989658594,4,4,0,0,40,0,0,40,4.749
871,40,0,0,1,9.216000325977802,4,4,0,2,38,0,0,40,76.829
871,40,0,1,1,67.58400052785873,4,4,0,2,38,0,0,40,76.829
871,40,0,2,1,9.216000325977802,4,4,0,2,38,0,0,40,76.829
871,40,0,3,1,4.095999989658594,4,4,0,2,38,0,0,40,76.829
872,2,0,0,0,14.336000196635723,4,4,0,0,40,0,0,40,2.54
872,2,0,1,0,72.7040022611618,4,4,0,0,40,0,0,40,2.54
872,2,0,2,0,9.216000325977802,4,4,0,0,40,0,0,40,2.54
872,2,0,3,0,4.095999989658594,4,4,0,0,40,0,0,40,2.54
872,24,0,0,0,8.191999979317188,4,4,0,0,40,0,0,40,5.32
872,24,0,1,0,60.416001826524734,4,4,0,0,40,0,0,40,5.32
872,24,0,2,0,8.191999979317188,4,4,0,0,40,0,0,40,5.32
872,24,0,3,0,4.095999989658594,4,4,0,0,40,0,0,40,5.32
872,40,0,0,1,8.191999979317188,4,4,0,0,40,0,0,40,2.129
872,40,0,1,1,69.63200122117996,4,4,0,0,40,0,0,40,2.129
872,40,0,2,1,9.216000325977802,4,4,0,0,40,0,0,40,2.129
872,40,0,3,1,4.095999989658594,4,4,0,0,40,0,0,40,2.129
873,2,0,0,0,9.216000325977802,1,1,0,0,10,0,0,10,0.74
873,2,0,1,0,32.76799991726875,1,1,0,0,10,0,0,10,0.74
873,2,0,2,0,9.216000325977802,1,1,0,0,10,0,0,10,0.74
873,2,0,3,0,5.119999870657921,1,1,0,0,10,0,0,10,0.74
873,24,0,0,0,9.216000325977802,1,1,0,0,10,0,0,10,0.64
873,24,0,1,0,31.74399957060814,1,1,0,0,10,0,0,10,0.64
873,24,0,2,0,8.191999979317188,1,1,0,0,10,0,0,10,0.64
873,24,0,3,0,4.095999989658594,1,1,0,0,10,0,0,10,0.64
873,40,0,0,1,8.191999979317188,1,1,0,0,10,0,0,10,2.36
873,40,0,1,1,34.81600061058998,1,1,0,0,10,0,0,10,2.36
873,40,0,2,1,9.216000325977802,1,1,0,0,10,0,0,10,2.36
873,40,0,3,1,5.119999870657921,1,1,0,0,10,0,0,10,2.36
874,2,0,0,0,14.336000196635723,4,4,0,0,40,0,0,40,2.909
874,2,0,1,0,77.82399654388428,4,4,0,0,40,0,0,40,2.909
874,2,0,2,0,9.216000325977802,4,4,0,0,40,0,0,40,2.909
874,2,0,3,0,5.119999870657921,4,4,0,0,40,0,0,40,2.909
874,24,0,0,0,8.191999979317188,4,4,0,0,40,0,0,40,5.0
874,24,0,1,0,56.32000043988228,4,4,0,0,40,0,0,40,5.0
874,24,0,2,0,9.216000325977802,4,4,0,0,40,0,0,40,5.0
874,24,0,3,0,4.095999989658594,4,4,0,0,40,0,0,40,5.0
874,40,0,0,1,14.336000196635723,4,4,0,1,39,0,0,40,78.789
874,40,0,1,1,66.56000018119812,4,4,0,1,39,0,0,40,78.789
874,40,0,2,1,9.216000325977802,4,4,0,1,39,0,0,40,78.789
874,40,0,3,1,4.095999989658594,4,4,0,1,39,0,0,40,78.789
875,2,0,0,0,14.336000196635723,4,4,0,1,39,0,0,40,65.539
875,2,0,1,0,82.94399827718735,4,4,0,1,39,0,0,40,65.539
875,2,0,2,0,9.216000325977802,4,4,0,1,39,0,0,40,65.539
875,2,0,3,0,7.168000098317862,4,4,0,1,39,0,0,40,65.539
875,24,0,0,0,9.216000325977802,4,4,0,0,40,0,0,40,2.55
875,24,0,1,0,75.77600330114365,4,4,0,0,40,0,0,40,2.55
875,24,0,2,0,8.191999979317188,4,4,0,0,40,0,0,40,2.55
875,24,0,3,0,4.095999989658594,4,4,0,0,40,0,0,40,2.55
875,40,0,0,1,15.359999611973763,4,4,0,2,38,0,0,40,186.079
875,40,0,1,1,78.84799689054489,4,4,0,2,38,0,0,40,186.079
875,40,0,2,1,9.216000325977802,4,4,0,2,38,0,0,40,186.079
875,40,0,3,1,78.84799689054489,4,4,0,2,38,0,0,40,186.079
876,2,0,0,0,8.191999979317188,2,2,0,2,18,0,0,20,168.459
876,2,0,1,0,43.007999658584595,2,2,0,2,18,0,0,20,168.459
876,2,0,2,0,9.216000325977802,2,2,0,2,18,0,0,20,168.459
876,2,0,3,0,106.49599879980087,2,2,0,2,18,0,0,20,168.459
876,24,0,0,0,9.216000325977802,2,2,0,0,20,0,0,20,1.14
876,24,0,1,0,43.007999658584595,2,2,0,0,20,0,0,20,1.14
876,24,0,2,0,9.216000325977802,2,2,0,0,20,0,0,20,1.14
876,24,0,3,0,4.095999989658594,2,2,0,0,20,0,0,20,1.14
876,40,0,0,1,11.264000087976456,2,2,0,0,20,0,0,20,1.27
876,40,0,1,1,43.007999658584595,2,2,0,0,20,0,0,20,1.27
876,40,0,2,1,9.216000325977802,2,2,0,0,20,0,0,20,1.27
876,40,0,3,1,4.095999989658594,2,2,0,0,20,0,0,20,1.27
877,2,0,0,0,9.216000325977802,4,4,0,0,40,0,0,40,2.94
877,2,0,1,0,82.94399827718735,4,4,0,0,40,0,0,40,2.94
877,2,0,2,0,9.216000325977802,4,4,0,0,40,0,0,40,2.94
877,2,0,3,0,5.119999870657921,4,4,0,0,40,0,0,40,2.94
877,24,0,0,0,8.191999979317188,4,4,0,0,40,0,0,40,4.989
877,24,0,1,0,69.63200122117996,4,4,0,0,40,0,0,40,4.989
877,24,0,2,0,9.216000325977802,4,4,0,0,40,0,0,40,4.989
877,24,0,3,0,4.095999989658594,4,4,0,0,40,0,0,40,4.989
877,40,0,0,1,9.216000325977802,4,4,0,0,40,0,0,40,4.431
877,40,0,1,1,81.91999793052673,4,4,0,0,40,0,0,40,4.431
877,40,0,2,1,9.216000325977802,4,4,0,0,40,0,0,40,4.431
877,40,0,3,1,3.0720001086592674,4,4,0,0,40,0,0,40,4.431
878,2,0,0,0,14.336000196635723,4,4,0,0,40,0,0,40,2.82
878,2,0,1,0,81.91999793052673,4,4,0,0,40,0,0,40,2.82
878,2,0,2,0,9.216000325977802,4,4,0,0,40,0,0,40,2.82
878,2,0,3,0,5.119999870657921,4,4,0,0,40,0,0,40,2.82
878,24,0,0,0,9.216000325977802,4,4,0,0,40,0,0,40,2.76
878,24,0,1,0,65.5359998345375,4,4,0,0,40,0,0,40,2.76
878,24,0,2,0,9.216000325977802,4,4,0,0,40,0,0,40,2.76
878,24,0,3,0,4.095999989658594,4,4,0,0,40,0,0,40,2.76
878,40,0,0,1,9.216000325977802,4,4,0,0,40,0,0,40,1.929
878,40,0,1,1,92.16000139713287,4,4,0,0,40,0,0,40,1.929
878,40,0,2,1,9.216000325977802,4,4,0,0,40,0,0,40,1.929
878,40,0,3,1,4.095999989658594,4,4,0,0,40,0,0,40,1.929
879,2,0,0,0,14.336000196635723,4,4,0,0,40,0,0,40,3.06
879,2,0,1,0,87.0399996638298,4,4,0,0,40,0,0,40,3.06
879,2,0,2,0,9.216000325977802,4,4,0,0,40,0,0,40,3.06
879,2,0,3,0,4.095999989658594,4,4,0,0,40,0,0,40,3.06
879,24,0,0,0,8.191999979317188,4,4,0,0,40,0,0,40,2.38
879,24,0,1,0,64.51199948787689,4,4,0,0,40,0,0,40,2.38
879,24,0,2,0,9.216000325977802,4,4,0,0,40,0,0,40,2.38
879,24,0,3,0,4.095999989658594,4,4,0,0,40,0,0,40,2.38
879,40,0,0,1,9.216000325977802,4,4,0,0,40,0,0,40,2.24
879,40,0,1,1,63.48799914121628,4,4,0,0,40,0,0,40,2.24
879,40,0,2,1,8.191999979317188,4,4,0,0,40,0,0,40,2.24
879,40,0,3,1,4.095999989658594,4,4,0,0,40,0,0,40,2.24
880,2,0,0,0,14.336000196635723,2,2,0,0,20,0,0,20,1.28
880,2,0,1,0,53.247999399900436,2,2,0,0,20,0,0,20,1.28
880,2,0,2,0,9.216000325977802,2,2,0,0,20,0,0,20,1.28
880,2,0,3,0,4.095999989658594,2,2,0,0,20,0,0,20,1.28
880,24,0,0,0,9.216000325977802,2,2,0,0,20,0,0,20,0.831
880,24,0,1,0,47.10400104522705,2,2,0,0,20,0,0,20,0.831
880,24,0,2,0,9.216000325977802,2,2,0,0,20,0,0,20,0.831
880,24,0,3,0,4.095999989658594,2,2,0,0,20,0,0,20,0.831
880,40,0,0,1,8.191999979317188,2,2,0,0,20,0,0,20,0.91
880,40,0,1,1,46.08000069856644,2,2,0,0,20,0,0,20,0.91
880,40,0,2,1,9.216000325977802,2,2,0,0,20,0,0,20,0.91
880,40,0,3,1,4.095999989658594,2,2,0,0,20,0,0,20,0.91
881,2,0,0,0,14.336000196635723,4,4,0,0,40,0,0,40,2.44
881,2,0,1,0,75.77600330114365,4,4,0,0,40,0,0,40,2.44
881,2,0,2,0,9.216000325977802,4,4,0,0,40,0,0,40,2.44
881,2,0,3,0,4.095999989658594,4,4,0,0,40,0,0,40,2.44
881,24,0,0,0,8.191999979317188,4,4,0,0,40,0,0,40,1.56
881,24,0,1,0,58.36800113320351,4,4,0,0,40,0,0,40,1.56
881,24,0,2,0,9.216000325977802,4,4,0,0,40,0,0,40,1.56
881,24,0,3,0,4.095999989658594,4,4,0,0,40,0,0,40,1.56
881,40,0,0,1,8.191999979317188,4,4,0,0,40,0,0,40,1.93
881,40,0,1,1,59.39200147986412,4,4,0,0,40,0,0,40,1.93
881,40,0,2,1,8.191999979317188,4,4,0,0,40,0,0,40,1.93
881,40,0,3,1,3.0720001086592674,4,4,0,0,40,0,0,40,1.93
882,2,0,0,0,15.359999611973763,4,4,0,0,40,0,0,40,2.76
882,2,0,1,0,82.94399827718735,4,4,0,0,40,0,0,40,2.76
882,2,0,2,0,9.216000325977802,4,4,0,0,40,0,0,40,2.76
882,2,0,3,0,5.119999870657921,4,4,0,0,40,0,0,40,2.76
882,24,0,0,0,9.216000325977802,4,4,0,0,40,0,0,40,2.289
882,24,0,1,0,67.58400052785873,4,4,0,0,40,0,0,40,2.289
882,24,0,2,0,9.216000325977802,4,4,0,0,40,0,0,40,2.289
882,24,0,3,0,4.095999989658594,4,4,0,0,40,0,0,40,2.289
882,40,0,0,1,8.191999979317188,4,4,0,0,40,0,0,40,2.111
882,40,0,1,1,61.43999844789505,4,4,0,0,40,0,0,40,2.111
882,40,0,2,1,9.216000325977802,4,4,0,0,40,0,0,40,2.111
882,40,0,3,1,4.095999989658594,4,4,0,0,40,0,0,40,2.111
883,2,0,0,0,14.336000196635723,4,4,0,0,40,0,0,40,2.2
883,2,0,1,0,73.72800260782242,4,4,0,0,40,0,0,40,2.2
883,2,0,2,0,9.216000325977802,4,4,0,0,40,0,0,40,2.2
883,2,0,3,0,5.119999870657921,4,4,0,0,40,0,0,40,2.2
883,24,0,0,0,8.191999979317188,4,4,0,1,39,0,0,40,99.26
883,24,0,1,0,74.75200295448303,4,4,0,1,39,0,0,40,99.26
883,24,0,2,0,9.216000325977802,4,4,0,1,39,0,0,40,99.26
883,24,0,3,0,4.095999989658594,4,4,0,1,39,0,0,40,99.26
883,40,0,0,1,9.216000325977802,4,4,0,0,40,0,0,40,1.88
883,40,0,1,1,60.416001826524734,4,4,0,0,40,0,0,40,1.88
883,40,0,2,1,9.216000325977802,4,4,0,0,40,0,0,40,1.88
883,40,0,3,1,4.095999989658594,4,4,0,0,40,0,0,40,1.88
884,2,0,0,0,9.216000325977802,1,1,0,0,10,0,0,10,0.45
884,2,0,1,0,31.74399957060814,1,1,0,0,10,0,0,10,0.45
884,2,0,2,0,9.216000325977802,1,1,0,0,10,0,0,10,0.45
884,2,0,3,0,5.119999870657921,1,1,0,0,10,0,0,10,0.45
884,24,0,0,0,9.216000325977802,1,1,0,0,10,0,0,10,0.551
884,24,0,1,0,31.74399957060814,1,1,0,0,10,0,0,10,0.551
884,24,0,2,0,9.216000325977802,1,1,0,0,10,0,0,10,0.551
884,24,0,3,0,4.095999989658594,1,1,0,0,10,0,0,10,0.551
884,40,0,0,1,8.191999979317188,1,1,0,0,10,0,0,10,0.469
884,40,0,1,1,34.81600061058998,1,1,0,0,10,0,0,10,0.469
884,40,0,2,1,9.216000325977802,1,1,0,0,10,0,0,10,0.469
884,40,0,3,1,4.095999989658594,1,1,0,0,10,0,0,10,0.469
885,2,0,0,0,15.359999611973763,4,4,0,0,40,0,0,40,2.77
885,2,0,1,0,87.0399996638298,4,4,0,0,40,0,0,40,2.77
885,2,0,2,0,8.191999979317188,4,4,0,0,40,0,0,40,2.77
885,2,0,3,0,5.119999870657921,4,4,0,0,40,0,0,40,2.77
885,24,0,0,0,8.191999979317188,4,4,0,0,40,0,0,40,2.62
885,24,0,1,0,60.416001826524734,4,4,0,0,40,0,0,40,2.62
885,24,0,2,0,9.216000325977802,4,4,0,0,40,0,0,40,2.62
885,24,0,3,0,3.0720001086592674,4,4,0,0,40,0,0,40,2.62
885,40,0,0,1,8.191999979317188,4,4,0,0,40,0,0,40,2.0
885,40,0,1,1,61.43999844789505,4,4,0,0,40,0,0,40,2.0
885,40,0,2,1,9.216000325977802,4,4,0,0,40,0,0,40,2.0
885,40,0,3,1,4.095999989658594,4,4,0,0,40,0,0,40,2.0
886,2,0,0,0,13.311999849975109,4,4,0,0,40,0,0,40,2.66
886,2,0,1,0,76.80000364780426,4,4,0,0,40,0,0,40,2.66
886,2,0,2,0,9.216000325977802,4,4,0,0,40,0,0,40,2.66
886,2,0,3,0,5.119999870657921,4,4,0,0,40,0,0,40,2.66
886,24,0,0,0,8.191999979317188,4,4,0,0,40,0,0,40,2.38
886,24,0,1,0,66.56000018119812,4,4,0,0,40,0,0,40,2.38
886,24,0,2,0,9.216000325977802,4,4,0,0,40,0,0,40,2.38
886,24,0,3,0,4.095999989658594,4,4,0,0,40,0,0,40,2.38
886,40,0,0,1,9.216000325977802,4,4,0,0,40,0,0,40,4.28
886,40,0,1,1,53.247999399900436,4,4,0,0,40,0,0,40,4.28
886,40,0,2,1,9.216000325977802,4,4,0,0,40,0,0,40,4.28
886,40,0,3,1,4.095999989658594,4,4,0,0,40,0,0,40,4.28
887,2,0,0,0,14.336000196635723,4,4,0,0,40,0,0,40,2.48
887,2,0,1,0,72.7040022611618,4,4,0,0,40,0,0,40,2.48
887,2,0,2,0,9.216000325977802,4,4,0,0,40,0,0,40,2.48
887,2,0,3,0,5.119999870657921,4,4,0,0,40,0,0,40,2.48
887,24,0,0,0,9.216000325977802,4,4,0,0,40,0,0,40,4.12
887,24,0,1,0,65.5359998345375,4,4,0,0,40,0,0,40,4.12
887,24,0,2,0,9.216000325977802,4,4,0,0,40,0,0,40,4.12
887,24,0,3,0,4.095999989658594,4,4,0,0,40,0,0,40,4.12
887,40,0,0,1,9.216000325977802,4,4,0,0,40,0,0,40,1.73
887,40,0,1,1,55.296000093221664,4,4,0,0,40,0,0,40,1.73
887,40,0,2,1,9.216000325977802,4,4,0,0,40,0,0,40,1.73
887,40,0,3,1,4.095999989658594,4,4,0,0,40,0,0,40,1.73
888,2,0,0,0,13.311999849975109,4,4,0,0,40,0,0,40,4.771
888,2,0,1,0,87.0399996638298,4,4,0,0,40,0,0,40,4.771
888,2,0,2,0,9.216000325977802,4,4,0,0,40,0,0,40,4.771
888,2,0,3,0,5.119999870657921,4,4,0,0,40,0,0,40,4.771
888,24,0,0,0,8.191999979317188,4,4,0,0,40,0,0,40,1.92
888,24,0,1,0,64.51199948787689,4,4,0,0,40,0,0,40,1.92
888,24,0,2,0,9.216000325977802,4,4,0,0,40,0,0,40,1.92
888,24,0,3,0,4.095999989658594,4,4,0,0,40,0,0,40,1.92
888,40,0,0,1,9.216000325977802,4,4,0,0,40,0,0,40,1.86
888,40,0,1,1,56.32000043988228,4,4,0,0,40,0,0,40,1.86
888,40,0,2,1,9.216000325977802,4,4,0,0,40,0,0,40,1.86
888,40,0,3,1,5.119999870657921,4,4,0,0,40,0,0,40,1.86
889,2,0,0,0,9.216000325977802,4,4,0,0,40,0,0,40,2.7
889,2,0,1,0,78.84799689054489,4,4,0,0,40,0,0,40,2.7
889,2,0,2,0,9.216000325977802,4,4,0,0,40,0,0,40,2.7
889,2,0,3,0,4.095999989658594,4,4,0,0,40,0,0,40,2.7
889,24,0,0,0,9.216000325977802,4,4,0,0,40,0,0,40,2.98
889,24,0,1,0,57.34400078654289,4,4,0,0,40,0,0,40,2.98
889,24,0,2,0,9.216000325977802,4,4,0,0,40,0,0,40,2.98
889,24,0,3,0,4.095999989658594,4,4,0,0,40,0,0,40,2.98
889,40,0,0,1,9.216000325977802,4,4,0,0,40,0,0,40,1.76
889,40,0,1,1,77.82399654388428,4,4,0,0,40,0,0,40,1.76
889,40,0,2,1,9.216000325977802,4,4,0,0,40,0,0,40,1.76
889,40,0,3,1,4.095999989658594,4,4,0,0,40,0,0,40,1.76
890,2,0,0,0,14.336000196635723,4,4,0,0,40,0,0,40,1.68
890,2,0,1,0,70.65600156784058,4,4,0,0,40,0,0,40,1.68
890,2,0,2,0,9.216000325977802,4,4,0,0,40,0,0,40,1.68
890,2,0,3,0,5.119999870657921,4,4,0,0,40,0,0,40,1.68
890,24,0,0,0,8.191999979317188,4,4,0,0,40,0,0,40,1.5
890,24,0,1,0,64.51199948787689,4,4,0,0,40,0,0,40,1.5
890,24,0,2,0,9.216000325977802,4,4,0,0,40,0,0,40,1.5
890,24,0,3,0,4.095999989658594,4,4,0,0,40,0,0,40,1.5
890,40,0,0,1,9.216000325977802,4,4,0,0,40,0,0,40,1.82
890,40,0,1,1,56.32000043988228,4,4,0,0,40,0,0,40,1.82
890,40,0,2,1,9.216000325977802,4,4,0,0,40,0,0,40,1.82
890,40,0,3,1,4.095999989658594,4,4,0,0,40,0,0,40,1.82
891,2,0,0,0,14.336000196635723,4,4,0,0,40,0,0,40,2.01
891,2,0,1,0,84.99199897050858,4,4,0,0,40,0,0,40,2.01
891,2,0,2,0,9.216000325977802,4,4,0,0,40,0,0,40,2.01
891,2,0,3,0,5.119999870657921,4,4,0,0,40,0,0,40,2.01
891,24,0,0,0,9.216000325977802,4,4,0,0,40,0,0,40,1.49
891,24,0,1,0,69.63200122117996,4,4,0,0,40,0,0,40,1.49
891,24,0,2,0,9.216000325977802,4,4,0,0,40,0,0,40,1.49
891,24,0,3,0,4.095999989658594,4,4,0,0,40,0,0,40,1.49
891,40,0,0,1,9.216000325977802,4,4,0,0,40,0,0,40,1.42
891,40,0,1,1,68.60800087451935,4,4,0,0,40,0,0,40,1.42
891,40,0,2,1,9.216000325977802,4,4,0,0,40,0,0,40,1.42
891,40,0,3,1,4.095999989658594,4,4,0,0,40,0,0,40,1.42
892,2,0,0,0,8.191999979317188,4,4,0,1,39,0,0,40,102.879
892,2,0,1,0,71.68000191450119,4,4,0,1,39,0,0,40,102.879
892,2,0,2,0,9.216000325977802,4,4,0,1,39,0,0,40,102.879
892,2,0,3,0,10.239999741315842,4,4,0,1,39,0,0,40,102.879
892,24,0,0,0,8.191999979317188,4,4,0,1,39,0,0,40,66.169
892,24,0,1,0,67.58400052785873,4,4,0,1,39,0,0,40,66.169
892,24,0,2,0,8.191999979317188,4,4,0,1,39,0,0,40,66.169
892,24,0,3,0,4.095999989658594,4,4,0,1,39,0,0,40,66.169
892,40,0,0,1,9.216000325977802,4,4,0,0,40,0,0,40,2.051
892,40,0,1,1,96.25600278377533,4,4,0,0,40,0,0,40,2.051
892,40,0,2,1,9.216000325977802,4,4,0,0,40,0,0,40,2.051
892,40,0,3,1,5.119999870657921,4,4,0,0,40,0,0,40,2.051
893,2,0,0,0,9.216000325977802,2,2,0,0,20,0,0,20,0.84
893,2,0,1,0,43.007999658584595,2,2,0,0,20,0,0,20,0.84
893,2,0,2,0,9.216000325977802,2,2,0,0,20,0,0,20,0.84
893,2,0,3,0,8.191999979317188,2,2,0,0,20,0,0,20,0.84
893,24,0,0,0,9.216000325977802,2,2,0,0,20,0,0,20,1.17
893,24,0,1,0,44.03200000524521,2,2,0,0,20,0,0,20,1.17
893,24,0,2,0,9.216000325977802,2,2,0,0,20,0,0,20,1.17
893,24,0,3,0,4.095999989658594,2,2,0,0,20,0,0,20,1.17
893,40,0,0,1,9.216000325977802,2,2,0,0,20,0,0,20,1.02
893,40,0,1,1,46.08000069856644,2,2,0,0,20,0,0,20,1.02
893,40,0,2,1,9.216000325977802,2,2,0,0,20,0,0,20,1.02
893,40,0,3,1,4.095999989658594,2,2,0,0,20,0,0,20,1.02
894,2,0,0,0,14.336000196635723,4,4,0,0,40,0,0,40,1.89
894,2,0,1,0,75.77600330114365,4,4,0,0,40,0,0,40,1.89
894,2,0,2,0,9.216000325977802,4,4,0,0,40,0,0,40,1.89
894,2,0,3,0,5.119999870657921,4,4,0,0,40,0,0,40,1.89
894,24,0,0,0,8.191999979317188,4,4,0,0,40,0,0,40,1.871
894,24,0,1,0,67.58400052785873,4,4,0,0,40,0,0,40,1.871
894,24,0,2,0,9.216000325977802,4,4,0,0,40,0,0,40,1.871
894,24,0,3,0,3.0720001086592674,4,4,0,0,40,0,0,40,1.871
894,40,0,0,1,15.359999611973763,4,4,0,1,39,0,0,40,85.51
894,40,0,1,1,75.77600330114365,4,4,0,1,39,0,0,40,85.51
894,40,0,2,1,9.216000325977802,4,4,0,1,39,0,0,40,85.51
894,40,0,3,1,4.095999989658594,4,4,0,1,39,0,0,40,85.51
895,2,0,0,0,13.311999849975109,4,4,0,0,40,0,0,40,2.12
895,2,0,1,0,73.72800260782242,4,4,0,0,40,0,0,40,2.12
895,2,0,2,0,8.191999979317188,4,4,0,0,40,0,0,40,2.12
895,2,0,3,0,4.095999989658594,4,4,0,0,40,0,0,40,2.12
895,24,0,0,0,7.168000098317862,4,4,0,1,39,0,0,40,63.49
895,24,0,1,0,57.34400078654289,4,4,0,1,39,0,0,40,63.49
895,24,0,2,0,9.216000325977802,4,4,0,1,39,0,0,40,63.49
895,24,0,3,0,4.095999989658594,4,4,0,1,39,0,0,40,63.49
895,40,0,0,1,16.383999958634377,4,4,0,4,36,0,0,40,175.55
895,40,0,1,1,81.91999793052673,4,4,0,4,36,0,0,40,175.55
895,40,0,2,1,8.191999979317188,4,4,0,4,36,0,0,40,175.55
895,40,0,3,1,67.58400052785873,4,4,0,4,36,0,0,40,175.55
896,2,0,0,0,14.336000196635723,4,4,0,0,40,0,0,40,3.36
896,2,0,1,0,79.8719972372055,4,4,0,0,40,0,0,40,3.36
896,2,0,2,0,9.216000325977802,4,4,0,0,40,0,0,40,3.36
896,2,0,3,0,4.095999989658594,4,4,0,0,40,0,0,40,3.36
896,24,0,0,0,8.191999979317188,4,4,0,0,40,0,0,40,2.41
896,24,0,1,0,62.463998794555664,4,4,0,0,40,0,0,40,2.41
896,24,0,2,0,9.216000325977802,4,4,0,0,40,0,0,40,2.41
896,24,0,3,0,4.095999989658594,4,4,0,0,40,0,0,40,2.41
896,40,0,0,1,8.191999979317188,4,4,0,0,40,0,0,40,1.54
896,40,0,1,1,77.82399654388428,4,4,0,0,40,0,0,40,1.54
896,40,0,2,1,9.216000325977802,4,4,0,0,40,0,0,40,1.54
896,40,0,3,1,4.095999989658594,4,4,0,0,40,0,0,40,1.54
897,2,0,0,0,14.336000196635723,4,4,0,0,40,0,0,40,2.16
897,2,0,1,0,80.89599758386612,4,4,0,0,40,0,0,40,2.16
897,2,0,2,0,8.191999979317188,4,4,0,0,40,0,0,40,2.16
897,2,0,3,0,4.095999989658594,4,4,0,0,40,0,0,40,2.16
897,24,0,0,0,9.216000325977802,4,4,0,0,40,0,0,40,1.84
897,24,0,1,0,71.68000191450119,4,4,0,0,40,0,0,40,1.84
897,24,0,2,0,9.216000325977802,4,4,0,0,40,0,0,40,1.84
897,24,0,3,0,4.095999989658594,4,4,0,0,40,0,0,40,1.84
897,40,0,0,1,15.359999611973763,4,4,0,2,38,0,0,40,78.26
897,40,0,1,1,73.72800260782242,4,4,0,2,38,0,0,40,78.26
897,40,0,2,1,9.216000325977802,4,4,0,2,38,0,0,40,78.26
897,40,0,3,1,4.095999989658594,4,4,0,2,38,0,0,40,78.26
898,2,0,0,0,15.359999611973763,4,4,0,0,40,0,0,40,3.49
898,2,0,1,0,72.7040022611618,4,4,0,0,40,0,0,40,3.49
898,2,0,2,0,9.216000325977802,4,4,0,0,40,0,0,40,3.49
898,2,0,3,0,6.144000217318535,4,4,0,0,40,0,0,40,3.49
898,24,0,0,0,8.191999979317188,4,4,0,0,40,0,0,40,1.88
898,24,0,1,0,68.60800087451935,4,4,0,0,40,0,0,40,1.88
898,24,0,2,0,9.216000325977802,4,4,0,0,40,0,0,40,1.88
898,24,0,3,0,4.095999989658594,4,4,0,0,40,0,0,40,1.88
898,40,0,0,1,15.359999611973763,4,4,0,1,39,0,0,40,55.31
898,40,0,1,1,83.96799862384796,4,4,0,1,39,0,0,40,55.31
898,40,0,2,1,9.216000325977802,4,4,0,1,39,0,0,40,55.31
898,40,0,3,1,4.095999989658594,4,4,0,1,39,0,0,40,55.31
899,2,0,0,0,14.336000196635723,4,4,0,0,40,0,0,40,3.64
899,2,0,1,0,87.0399996638298,4,4,0,0,40,0,0,40,3.64
899,2,0,2,0,9.216000325977802,4,4,0,0,40,0,0,40,3.64
899,2,0,3,0,4.095999989658594,4,4,0,0,40,0,0,40,3.64
899,24,0,0,0,9.216000325977802,4,4,0,1,39,0,0,40,62.69
899,24,0,1,0,68.60800087451935,4,4,0,1,39,0,0,40,62.69
899,24,0,2,0,9.216000325977802,4,4,0,1,39,0,0,40,62.69
899,24,0,3,0,4.095999989658594,4,4,0,1,39,0,0,40,62.69
899,40,0,0,1,15.359999611973763,4,4,0,1,39,0,0,40,161.979
899,40,0,1,1,80.89599758386612,4,4,0,1,39,0,0,40,161.979
899,40,0,2,1,9.216000325977802,4,4,0,1,39,0,0,40,161.979
899,40,0,3,1,54.27199974656105,4,4,0,1,39,0,0,40,161.979
900,2,0,0,0,8.191999979317188,2,2,0,1,19,0,0,20,76.07
900,2,0,1,0,51.19999870657921,2,2,0,1,19,0,0,20,76.07
900,2,0,2,0,9.216000325977802,2,2,0,1,19,0,0,20,76.07
900,2,0,3,0,6.144000217318535,2,2,0,1,19,0,0,20,76.07
900,24,0,0,0,10.239999741315842,2,2,0,1,19,0,0,20,318.629
900,24,0,1,0,48.128001391887665,2,2,0,1,19,0,0,20,318.629
900,24,0,2,0,8.191999979317188,2,2,0,1,19,0,0,20,318.629
900,24,0,3,0,248.83200228214264,2,2,0,1,19,0,0,20,318.629
900,40,0,0,1,9.216000325977802,2,2,0,2,18,0,0,20,62.06
900,40,0,1,1,44.03200000524521,2,2,0,2,18,0,0,20,62.06
900,40,0,2,1,10.239999741315842,2,2,0,2,18,0,0,20,62.06
900,40,0,3,1,4.095999989658594,2,2,0,2,18,0,0,20,62.06
901,2,0,0,0,8.191999979317188,4,4,0,1,39,0,0,40,60.04
901,2,0,1,0,78.84799689054489,4,4,0,1,39,0,0,40,60.04
901,2,0,2,0,8.191999979317188,4,4,0,1,39,0,0,40,60.04
901,2,0,3,0,8.191999979317188,4,4,0,1,39,0,0,40,60.04
901,24,0,0,0,8.191999979317188,4,4,0,1,39,0,0,40,50.62
901,24,0,1,0,70.65600156784058,4,4,0,1,39,0,0,40,50.62
901,24,0,2,0,9.216000325977802,4,4,0,1,39,0,0,40,50.62
901,24,0,3,0,4.095999989658594,4,4,0,1,39,0,0,40,50.62
901,40,0,0,1,9.216000325977802,4,4,0,0,40,0,0,40,1.93
901,40,0,1,1,73.72800260782242,4,4,0,0,40,0,0,40,1.93
901,40,0,2,1,8.191999979317188,4,4,0,0,40,0,0,40,1.93
901,40,0,3,1,4.095999989658594,4,4,0,0,40,0,0,40,1.93
902,2,0,0,0,8.191999979317188,1,1,0,0,10,0,0,10,0.5
902,2,0,1,0,32.76799991726875,1,1,0,0,10,0,0,10,0.5
902,2,0,2,0,9.216000325977802,1,1,0,0,10,0,0,10,0.5
902,2,0,3,0,5.119999870657921,1,1,0,0,10,0,0,10,0.5
902,24,0,0,0,9.216000325977802,1,1,0,0,10,0,0,10,0.69
902,24,0,1,0,31.74399957060814,1,1,0,0,10,0,0,10,0.69
902,24,0,2,0,8.191999979317188,1,1,0,0,10,0,0,10,0.69
902,24,0,3,0,3.0720001086592674,1,1,0,0,10,0,0,10,0.69
902,40,0,0,1,9.216000325977802,1,1,0,0,10,0,0,10,0.46
902,40,0,1,1,34.81600061058998,1,1,0,0,10,0,0,10,0.46
902,40,0,2,1,9.216000325977802,1,1,0,0,10,0,0,10,0.46
902,40,0,3,1,4.095999989658594,1,1,0,0,10,0,0,10,0.46
903,2,0,0,0,8.191999979317188,3,3,0,1,29,0,0,30,67.31
903,2,0,1,0,64.51199948787689,3,3,0,1,29,0,0,30,67.31
903,2,0,2,0,8.191999979317188,3,3,0,1,29,0,0,30,67.31
903,2,0,3,0,6.144000217318535,3,3,0,1,29,0,0,30,67.31
903,24,0,0,0,9.216000325977802,3,3,0,0,30,0,0,30,1.66
903,24,0,1,0,68.60800087451935,3,3,0,0,30,0,0,30,1.66
903,24,0,2,0,9.216000325977802,3,3,0,0,30,0,0,30,1.66
903,24,0,3,0,4.095999989658594,3,3,0,0,30,0,0,30,1.66
903,40,0,0,1,9.216000325977802,3,3,0,0,30,0,0,30,1.66
903,40,0,1,1,73.72800260782242,3,3,0,0,30,0,0,30,1.66
903,40,0,2,1,9.216000325977802,3,3,0,0,30,0,0,30,1.66
903,40,0,3,1,4.095999989658594,3,3,0,0,30,0,0,30,1.66
904,2,0,0,0,14.336000196635723,4,4,0,2,38,0,0,40,148.669
904,2,0,1,0,69.63200122117996,4,4,0,2,38,0,0,40,148.669
904,2,0,2,0,9.216000325977802,4,4,0,2,38,0,0,40,148.669
904,2,0,3,0,52.22399905323982,4,4,0,2,38,0,0,40,148.669
904,24,0,0,0,8.191999979317188,4,4,0,0,40,0,0,40,2.92
904,24,0,1,0,86.01599931716919,4,4,0,0,40,0,0,40,2.92
904,24,0,2,0,8.191999979317188,4,4,0,0,40,0,0,40,2.92
904,24,0,3,0,3.0720001086592674,4,4,0,0,40,0,0,40,2.92
904,40,0,0,1,9.216000325977802,4,4,0,0,40,0,0,40,1.75
904,40,0,1,1,74.75200295448303,4,4,0,0,40,0,0,40,1.75
904,40,0,2,1,9.216000325977802,4,4,0,0,40,0,0,40,1.75
904,40,0,3,1,4.095999989658594,4,4,0,0,40,0,0,40,1.75
905,2,0,0,0,9.216000325977802,4,4,0,0,40,0,0,40,3.1
905,2,0,1,0,86.01599931716919,4,4,0,0,40,0,0,40,3.1
905,2,0,2,0,9.216000325977802,4,4,0,0,40,0,0,40,3.1
905,2,0,3,0,5.119999870657921,4,4,0,0,40,0,0,40,3.1
905,24,0,0,0,8.191999979317188,4,4,0,0,40,0,0,40,2.01
905,24,0,1,0,67.58400052785873,4,4,0,0,40,0,0,40,2.01
905,24,0,2,0,9.216000325977802,4,4,0,0,40,0,0,40,2.01
905,24,0,3,0,4.095999989658594,4,4,0,0,40,0,0,40,2.01
905,40,0,0,1,15.359999611973763,4,4,0,2,38,0,0,40,243.849
905,40,0,1,1,81.91999793052673,4,4,0,2,38,0,0,40,243.849
905,40,0,2,1,9.216000325977802,4,4,0,2,38,0,0,40,243.849
905,40,0,3,1,134.14399325847626,4,4,0,2,38,0,0,40,243.849
906,2,0,0,0,9.216000325977802,1,1,0,0,10,0,0,10,0.81
906,2,0,1,0,31.74399957060814,1,1,0,0,10,0,0,10,0.81
906,2,0,2,0,8.191999979317188,1,1,0,0,10,0,0,10,0.81
906,2,0,3,0,4.095999989658594,1,1,0,0,10,0,0,10,0.81
906,24,0,0,0,9.216000325977802,1,1,0,0,10,0,0,10,0.69
906,24,0,1,0,31.74399957060814,1,1,0,0,10,0,0,10,0.69
906,24,0,2,0,9.216000325977802,1,1,0,0,10,0,0,10,0.69
906,24,0,3,0,4.095999989658594,1,1,0,0,10,0,0,10,0.69
906,40,0,0,1,9.216000325977802,1,1,0,0,10,0,0,10,0.65
906,40,0,1,1,34.81600061058998,1,1,0,0,10,0,0,10,0.65
906,40,0,2,1,8.191999979317188,1,1,0,0,10,0,0,10,0.65
906,40,0,3,1,4.095999989658594,1,1,0,0,10,0,0,10,0.65
907,2,0,0,0,9.216000325977802,4,4,0,1,39,0,0,40,82.499
907,2,0,1,0,73.72800260782242,4,4,0,1,39,0,0,40,82.499
907,2,0,2,0,9.216000325977802,4,4,0,1,39,0,0,40,82.499
907,2,0,3,0,4.095999989658594,4,4,0,1,39,0,0,40,82.499
907,24,0,0,0,8.191999979317188,4,4,0,0,40,0,0,40,2.86
907,24,0,1,0,77.82399654388428,4,4,0,0,40,0,0,40,2.86
907,24,0,2,0,9.216000325977802,4,4,0,0,40,0,0,40,2.86
907,24,0,3,0,4.095999989658594,4,4,0,0,40,0,0,40,2.86
907,40,0,0,1,8.191999979317188,4,4,0,1,39,0,0,40,82.759
907,40,0,1,1,77.82399654388428,4,4,0,1,39,0,0,40,82.759
907,40,0,2,1,9.216000325977802,4,4,0,1,39,0,0,40,82.759
907,40,0,3,1,4.095999989658594,4,4,0,1,39,0,0,40,82.759
908,2,0,0,0,14.336000196635723,3,3,0,0,30,0,0,30,1.75
908,2,0,1,0,60.416001826524734,3,3,0,0,30,0,0,30,1.75
908,2,0,2,0,9.216000325977802,3,3,0,0,30,0,0,30,1.75
908,2,0,3,0,5.119999870657921,3,3,0,0,30,0,0,30,1.75
908,24,0,0,0,16.383999958634377,3,3,0,1,29,0,0,30,69.74
908,24,0,1,0,66.56000018119812,3,3,0,1,29,0,0,30,69.74
908,24,0,2,0,9.216000325977802,3,3,0,1,29,0,0,30,69.74
908,24,0,3,0,4.095999989658594,3,3,0,1,29,0,0,30,69.74
908,40,0,0,1,9.216000325977802,3,3,0,0,30,0,0,30,3.02
908,40,0,1,1,58.36800113320351,3,3,0,0,30,0,0,30,3.02
908,40,0,2,1,9.216000325977802,3,3,0,0,30,0,0,30,3.02
908,40,0,3,1,4.095999989658594,3,3,0,0,30,0,0,30,3.02
909,2,0,0,0,15.359999611973763,3,3,0,0,30,0,0,30,1.94
909,2,0,1,0,64.51199948787689,3,3,0,0,30,0,0,30,1.94
909,2,0,2,0,9.216000325977802,3,3,0,0,30,0,0,30,1.94
909,2,0,3,0,7.168000098317862,3,3,0,0,30,0,0,30,1.94
909,24,0,0,0,9.216000325977802,3,3,0,1,29,0,0,30,66.64
909,24,0,1,0,60.416001826524734,3,3,0,1,29,0,0,30,66.64
909,24,0,2,0,9.216000325977802,3,3,0,1,29,0,0,30,66.64
909,24,0,3,0,4.095999989658594,3,3,0,1,29,0,0,30,66.64
909,40,0,0,1,15.359999611973763,3,3,0,1,29,0,0,30,66.66
909,40,0,1,1,56.32000043988228,3,3,0,1,29,0,0,30,66.66
909,40,0,2,1,9.216000325977802,3,3,0,1,29,0,0,30,66.66
909,40,0,3,1,5.119999870657921,3,3,0,1,29,0,0,30,66.66
910,2,0,0,0,9.216000325977802,3,3,0,0,30,0,0,30,3.48
910,2,0,1,0,65.5359998345375,3,3,0,0,30,0,0,30,3.48
910,2,0,2,0,8.191999979317188,3,3,0,0,30,0,0,30,3.48
910,2,0,3,0,6.144000217318535,3,3,0,0,30,0,0,30,3.48
910,24,0,0,0,9.216000325977802,3,3,0,0,30,0,0,30,1.64
910,24,0,1,0,55.296000093221664,3,3,0,0,30,0,0,30,1.64
910,24,0,2,0,9.216000325977802,3,3,0,0,30,0,0,30,1.64
910,24,0,3,0,4.095999989658594,3,3,0,0,30,0,0,30,1.64
910,40,0,0,1,9.216000325977802,3,3,0,0,30,0,0,30,1.189
910,40,0,1,1,66.56000018119812,3,3,0,0,30,0,0,30,1.189
910,40,0,2,1,9.216000325977802,3,3,0,0,30,0,0,30,1.189
910,40,0,3,1,3.0720001086592674,3,3,0,0,30,0,0,30,1.189
911,2,0,0,0,8.191999979317188,4,4,0,1,39,0,0,40,62.6
911,2,0,1,0,82.94399827718735,4,4,0,1,39,0,0,40,62.6
911,2,0,2,0,9.216000325977802,4,4,0,1,39,0,0,40,62.6
911,2,0,3,0,5.119999870657921,4,4,0,1,39,0,0,40,62.6
911,24,0,0,0,8.191999979317188,4,4,0,2,38,0,0,40,114.379
911,24,0,1,0,67.58400052785873,4,4,0,2,38,0,0,40,114.379
911,24,0,2,0,8.191999979317188,4,4,0,2,38,0,0,40,114.379
911,24,0,3,0,24.57600086927414,4,4,0,2,38,0,0,40,114.379
911,40,0,0,1,9.216000325977802,4,4,0,0,40,0,0,40,1.909
911,40,0,1,1,69.63200122117996,4,4,0,0,40,0,0,40,1.909
911,40,0,2,1,9.216000325977802,4,4,0,0,40,0,0,40,1.909
911,40,0,3,1,4.095999989658594,4,4,0,0,40,0,0,40,1.909
912,2,0,0,0,8.191999979317188,2,2,0,0,20,0,0,20,1.211
912,2,0,1,0,51.19999870657921,2,2,0,0,20,0,0,20,1.211
912,2,0,2,0,9.216000325977802,2,2,0,0,20,0,0,20,1.211
912,2,0,3,0,6.144000217318535,2,2,0,0,20,0,0,20,1.211
912,24,0,0,0,9.216000325977802,2,2,0,1,19,0,0,20,77.39
912,24,0,1,0,49.15200173854828,2,2,0,1,19,0,0,20,77.39
912,24,0,2,0,9.216000325977802,2,2,0,1,19,0,0,20,77.39
912,24,0,3,0,7.168000098317862,2,2,0,1,19,0,0,20,77.39
912,40,0,0,1,8.191999979317188,2,2,0,0,20,0,0,20,0.889
912,40,0,1,1,46.08000069856644,2,2,0,0,20,0,0,20,0.889
912,40,0,2,1,9.216000325977802,2,2,0,0,20,0,0,20,0.889
912,40,0,3,1,4.095999989658594,2,2,0,0,20,0,0,20,0.889
913,2,0,0,0,9.216000325977802,1,1,0,0,10,0,0,10,0.6
913,2,0,1,0,31.74399957060814,1,1,0,0,10,0,0,10,0.6
913,2,0,2,0,9.216000325977802,1,1,0,0,10,0,0,10,0.6
913,2,0,3,0,4.095999989658594,1,1,0,0,10,0,0,10,0.6
913,24,0,0,0,8.191999979317188,1,1,0,0,10,0,0,10,0.769
913,24,0,1,0,31.74399957060814,1,1,0,0,10,0,0,10,0.769
913,24,0,2,0,8.191999979317188,1,1,0,0,10,0,0,10,0.769
913,24,0,3,0,4.095999989658594,1,1,0,0,10,0,0,10,0.769
913,40,0,0,1,8.191999979317188,1,1,0,0,10,0,0,10,0.61
913,40,0,1,1,35.840000957250595,1,1,0,0,10,0,0,10,0.61
913,40,0,2,1,9.216000325977802,1,1,0,0,10,0,0,10,0.61
913,40,0,3,1,4.095999989658594,1,1,0,0,10,0,0,10,0.61
914,2,0,0,0,14.336000196635723,4,4,0,0,40,0,0,40,2.68
914,2,0,1,0,90.11200070381165,4,4,0,0,40,0,0,40,2.68
914,2,0,2,0,8.191999979317188,4,4,0,0,40,0,0,40,2.68
914,2,0,3,0,4.095999989658594,4,4,0,0,40,0,0,40,2.68
914,24,0,0,0,8.191999979317188,4,4,0,0,40,0,0,40,1.98
914,24,0,1,0,56.32000043988228,4,4,0,0,40,0,0,40,1.98
914,24,0,2,0,9.216000325977802,4,4,0,0,40,0,0,40,1.98
914,24,0,3,0,4.095999989658594,4,4,0,0,40,0,0,40,1.98
914,40,0,0,1,8.191999979317188,4,4,0,1,39,0,0,40,487.178
914,40,0,1,1,55.296000093221664,4,4,0,1,39,0,0,40,487.178
914,40,0,2,1,9.216000325977802,4,4,0,1,39,0,0,40,487.178
914,40,0,3,1,411.6480052471161,4,4,0,1,39,0,0,40,487.178
915,2,0,0,0,15.359999611973763,4,4,0,1,39,0,0,40,61.25
915,2,0,1,0,83.96799862384796,4,4,0,1,39,0,0,40,61.25
915,2,0,2,0,9.216000325977802,4,4,0,1,39,0,0,40,61.25
915,2,0,3,0,7.168000098317862,4,4,0,1,39,0,0,40,61.25
915,24,0,0,0,8.191999979317188,4,4,0,0,40,0,0,40,1.96
915,24,0,1,0,74.75200295448303,4,4,0,0,40,0,0,40,1.96
915,24,0,2,0,9.216000325977802,4,4,0,0,40,0,0,40,1.96
915,24,0,3,0,4.095999989658594,4,4,0,0,40,0,0,40,1.96
915,40,0,0,1,9.216000325977802,4,4,0,0,40,0,0,40,1.76
915,40,0,1,1,56.32000043988228,4,4,0,0,40,0,0,40,1.76
915,40,0,2,1,9.216000325977802,4,4,0,0,40,0,0,40,1.76
915,40,0,3,1,4.095999989658594,4,4,0,0,40,0,0,40,1.76
916,2,0,0,0,14.336000196635723,4,4,0,1,39,0,0,40,69.94
916,2,0,1,0,73.72800260782242,4,4,0,1,39,0,0,40,69.94
916,2,0,2,0,9.216000325977802,4,4,0,1,39,0,0,40,69.94
916,2,0,3,0,5.119999870657921,4,4,0,1,39,0,0,40,69.94
916,24,0,0,0,8.191999979317188,4,4,0,0,40,0,0,40,3.92
916,24,0,1,0,73.72800260782242,4,4,0,0,40,0,0,40,3.92
916,24,0,2,0,9.216000325977802,4,4,0,0,40,0,0,40,3.92
916,24,0,3,0,4.095999989658594,4,4,0,0,40,0,0,40,3.92
916,40,0,0,1,8.191999979317188,4,4,0,0,40,0,0,40,2.7
916,40,0,1,1,63.48799914121628,4,4,0,0,40,0,0,40,2.7
916,40,0,2,1,9.216000325977802,4,4,0,0,40,0,0,40,2.7
916,40,0,3,1,3.0720001086592674,4,4,0,0,40,0,0,40,2.7
917,2,0,0,0,14.336000196635723,4,4,0,0,40,0,0,40,2.67
917,2,0,1,0,82.94399827718735,4,4,0,0,40,0,0,40,2.67
917,2,0,2,0,9.216000325977802,4,4,0,0,40,0,0,40,2.67
917,2,0,3,0,4.095999989658594,4,4,0,0,40,0,0,40,2.67
917,24,0,0,0,8.191999979317188,4,4,0,1,39,0,0,40,54.969
917,24,0,1,0,77.82399654388428,4,4,0,1,39,0,0,40,54.969
917,24,0,2,0,8.191999979317188,4,4,0,1,39,0,0,40,54.969
917,24,0,3,0,4.095999989658594,4,4,0,1,39,0,0,40,54.969
917,40,0,0,1,8.191999979317188,4,4,0,2,38,0,0,40,161.059
917,40,0,1,1,96.25600278377533,4,4,0,2,38,0,0,40,161.059
917,40,0,2,1,9.216000325977802,4,4,0,2,38,0,0,40,161.059
917,40,0,3,1,45.05600035190582,4,4,0,2,38,0,0,40,161.059
918,2,0,0,0,14.336000196635723,4,4,0,0,40,0,0,40,2.5
918,2,0,1,0,80.89599758386612,4,4,0,0,40,0,0,40,2.5
918,2,0,2,0,9.216000325977802,4,4,0,0,40,0,0,40,2.5
918,2,0,3,0,5.119999870657921,4,4,0,0,40,0,0,40,2.5
918,24,0,0,0,8.191999979317188,4,4,0,0,40,0,0,40,2.01
918,24,0,1,0,65.5359998345375,4,4,0,0,40,0,0,40,2.01
918,24,0,2,0,9.216000325977802,4,4,0,0,40,0,0,40,2.01
918,24,0,3,0,4.095999989658594,4,4,0,0,40,0,0,40,2.01
918,40,0,0,1,9.216000325977802,4,4,0,0,40,0,0,40,2.22
918,40,0,1,1,75.77600330114365,4,4,0,0,40,0,0,40,2.22
918,40,0,2,1,9.216000325977802,4,4,0,0,40,0,0,40,2.22
918,40,0,3,1,4.095999989658594,4,4,0,0,40,0,0,40,2.22
919,2,0,0,0,13.311999849975109,4,4,0,0,40,0,0,40,2.74
919,2,0,1,0,80.89599758386612,4,4,0,0,40,0,0,40,2.74
919,2,0,2,0,9.216000325977802,4,4,0,0,40,0,0,40,2.74
919,2,0,3,0,5.119999870657921,4,4,0,0,40,0,0,40,2.74
919,24,0,0,0,8.191999979317188,4,4,0,0,40,0,0,40,1.93
919,24,0,1,0,61.43999844789505,4,4,0,0,40,0,0,40,1.93
919,24,0,2,0,9.216000325977802,4,4,0,0,40,0,0,40,1.93
919,24,0,3,0,4.095999989658594,4,4,0,0,40,0,0,40,1.93
919,40,0,0,1,9.216000325977802,4,4,0,0,40,0,0,40,1.911
919,40,0,1,1,57.34400078654289,4,4,0,0,40,0,0,40,1.911
919,40,0,2,1,9.216000325977802,4,4,0,0,40,0,0,40,1.911
919,40,0,3,1,4.095999989658594,4,4,0,0,40,0,0,40,1.911
920,2,0,0,0,8.191999979317188,2,2,0,0,20,0,0,20,0.991
920,2,0,1,0,47.10400104522705,2,2,0,0,20,0,0,20,0.991
920,2,0,2,0,9.216000325977802,2,2,0,0,20,0,0,20,0.991
920,2,0,3,0,8.191999979317188,2,2,0,0,20,0,0,20,0.991
920,24,0,0,0,9.216000325977802,2,2,0,0,20,0,0,20,1.06
920,24,0,1,0,41.98399931192398,2,2,0,0,20,0,0,20,1.06
920,24,0,2,0,8.191999979317188,2,2,0,0,20,0,0,20,1.06
920,24,0,3,0,4.095999989658594,2,2,0,0,20,0,0,20,1.06
920,40,0,0,1,11.264000087976456,2,2,0,0,20,0,0,20,0.82
920,40,0,1,1,48.128001391887665,2,2,0,0,20,0,0,20,0.82
920,40,0,2,1,9.216000325977802,2,2,0,0,20,0,0,20,0.82
920,40,0,3,1,4.095999989658594,2,2,0,0,20,0,0,20,0.82
921,2,0,0,0,9.216000325977802,1,1,0,0,10,0,0,10,0.64
921,2,0,1,0,32.76799991726875,1,1,0,0,10,0,0,10,0.64
921,2,0,2,0,9.216000325977802,1,1,0,0,10,0,0,10,0.64
921,2,0,3,0,4.095999989658594,1,1,0,0,10,0,0,10,0.64
921,24,0,0,0,8.191999979317188,1,1,0,0,10,0,0,10,0.31
921,24,0,1,0,31.74399957060814,1,1,0,0,10,0,0,10,0.31
921,24,0,2,0,9.216000325977802,1,1,0,0,10,0,0,10,0.31
921,24,0,3,0,4.095999989658594,1,1,0,0,10,0,0,10,0.31
921,40,0,0,1,8.191999979317188,1,1,0,0,10,0,0,10,0.37
921,40,0,1,1,34.81600061058998,1,1,0,0,10,0,0,10,0.37
921,40,0,2,1,8.191999979317188,1,1,0,0,10,0,0,10,0.37
921,40,0,3,1,4.095999989658594,1,1,0,0,10,0,0,10,0.37
922,2,0,0,0,8.191999979317188,2,2,0,0,20,0,0,20,1.9
922,2,0,1,0,54.27199974656105,2,2,0,0,20,0,0,20,1.9
922,2,0,2,0,9.216000325977802,2,2,0,0,20,0,0,20,1.9
922,2,0,3,0,5.119999870657921,2,2,0,0,20,0,0,20,1.9
922,24,0,0,0,9.216000325977802,2,2,0,0,20,0,0,20,0.731
922,24,0,1,0,48.128001391887665,2,2,0,0,20,0,0,20,0.731
922,24,0,2,0,9.216000325977802,2,2,0,0,20,0,0,20,0.731
922,24,0,3,0,4.095999989658594,2,2,0,0,20,0,0,20,0.731
922,40,0,0,1,9.216000325977802,2,2,0,0,20,0,0,20,0.79
922,40,0,1,1,46.08000069856644,2,2,0,0,20,0,0,20,0.79
922,40,0,2,1,9.216000325977802,2,2,0,0,20,0,0,20,0.79
922,40,0,3,1,4.095999989658594,2,2,0,0,20,0,0,20,0.79
923,2,0,0,0,15.359999611973763,4,4,0,0,40,0,0,40,1.86
923,2,0,1,0,74.75200295448303,4,4,0,0,40,0,0,40,1.86
923,2,0,2,0,8.191999979317188,4,4,0,0,40,0,0,40,1.86
923,2,0,3,0,5.119999870657921,4,4,0,0,40,0,0,40,1.86
923,24,0,0,0,8.191999979317188,4,4,0,0,40,0,0,40,1.491
923,24,0,1,0,66.56000018119812,4,4,0,0,40,0,0,40,1.491
923,24,0,2,0,9.216000325977802,4,4,0,0,40,0,0,40,1.491
923,24,0,3,0,4.095999989658594,4,4,0,0,40,0,0,40,1.491
923,40,0,0,1,15.359999611973763,4,4,0,1,39,0,0,40,58.231
923,40,0,1,1,66.56000018119812,4,4,0,1,39,0,0,40,58.231
923,40,0,2,1,9.216000325977802,4,4,0,1,39,0,0,40,58.231
923,40,0,3,1,4.095999989658594,4,4,0,1,39,0,0,40,58.231
924,2,0,0,0,15.359999611973763,4,4,0,0,40,0,0,40,1.58
924,2,0,1,0,83.96799862384796,4,4,0,0,40,0,0,40,1.58
924,2,0,2,0,9.216000325977802,4,4,0,0,40,0,0,40,1.58
924,2,0,3,0,5.119999870657921,4,4,0,0,40,0,0,40,1.58
924,24,0,0,0,8.191999979317188,4,4,0,0,40,0,0,40,1.4
924,24,0,1,0,66.56000018119812,4,4,0,0,40,0,0,40,1.4
924,24,0,2,0,9.216000325977802,4,4,0,0,40,0,0,40,1.4
924,24,0,3,0,4.095999989658594,4,4,0,0,40,0,0,40,1.4
924,40,0,0,1,8.191999979317188,4,4,0,1,39,0,0,40,71.329
924,40,0,1,1,67.58400052785873,4,4,0,1,39,0,0,40,71.329
924,40,0,2,1,9.216000325977802,4,4,0,1,39,0,0,40,71.329
924,40,0,3,1,4.095999989658594,4,4,0,1,39,0,0,40,71.329
925,2,0,0,0,15.359999611973763,4,4,0,0,40,0,0,40,3.04
925,2,0,1,0,79.8719972372055,4,4,0,0,40,0,0,40,3.04
925,2,0,2,0,9.216000325977802,4,4,0,0,40,0,0,40,3.04
925,2,0,3,0,5.119999870657921,4,4,0,0,40,0,0,40,3.04
925,24,0,0,0,8.191999979317188,4,4,0,0,40,0,0,40,2.771
925,24,0,1,0,66.56000018119812,4,4,0,0,40,0,0,40,2.771
925,24,0,2,0,9.216000325977802,4,4,0,0,40,0,0,40,2.771
925,24,0,3,0,4.095999989658594,4,4,0,0,40,0,0,40,2.771
925,40,0,0,1,9.216000325977802,4,4,0,4,36,0,0,40,3803.475
925,40,0,1,1,64.51199948787689,4,4,0,4,36,0,0,40,3803.475
925,40,0,2,1,9.216000325977802,4,4,0,4,36,0,0,40,3803.475
925,40,0,3,1,3722.2399711608887,4,4,0,4,36,0,0,40,3803.475
926,2,0,0,0,9.216000325977802,3,3,0,0,30,0,0,30,1.36
926,2,0,1,0,61.43999844789505,3,3,0,0,30,0,0,30,1.36
926,2,0,2,0,9.216000325977802,3,3,0,0,30,0,0,30,1.36
926,2,0,3,0,5.119999870657921,3,3,0,0,30,0,0,30,1.36
926,24,0,0,0,8.191999979317188,3,3,0,0,30,0,0,30,1.331
926,24,0,1,0,57.34400078654289,3,3,0,0,30,0,0,30,1.331
926,24,0,2,0,9.216000325977802,3,3,0,0,30,0,0,30,1.331
926,24,0,3,0,4.095999989658594,3,3,0,0,30,0,0,30,1.331
926,40,0,0,1,9.216000325977802,3,3,0,0,30,0,0,30,1.11
926,40,0,1,1,58.36800113320351,3,3,0,0,30,0,0,30,1.11
926,40,0,2,1,9.216000325977802,3,3,0,0,30,0,0,30,1.11
926,40,0,3,1,4.095999989658594,3,3,0,0,30,0,0,30,1.11
927,2,0,0,0,13.311999849975109,4,4,0,0,40,0,0,40,1.77
927,2,0,1,0,82.94399827718735,4,4,0,0,40,0,0,40,1.77
927,2,0,2,0,9.216000325977802,4,4,0,0,40,0,0,40,1.77
927,2,0,3,0,5.119999870657921,4,4,0,0,40,0,0,40,1.77
927,24,0,0,0,8.191999979317188,4,4,0,0,40,0,0,40,1.32
927,24,0,1,0,75.77600330114365,4,4,0,0,40,0,0,40,1.32
927,24,0,2,0,9.216000325977802,4,4,0,0,40,0,0,40,1.32
927,24,0,3,0,4.095999989658594,4,4,0,0,40,0,0,40,1.32
927,40,0,0,1,9.216000325977802,4,4,0,0,40,0,0,40,1.48
927,40,0,1,1,73.72800260782242,4,4,0,0,40,0,0,40,1.48
927,40,0,2,1,9.216000325977802,4,4,0,0,40,0,0,40,1.48
927,40,0,3,1,4.095999989658594,4,4,0,0,40,0,0,40,1.48
928,2,0,0,0,15.359999611973763,3,3,0,0,30,0,0,30,1.38
928,2,0,1,0,67.58400052785873,3,3,0,0,30,0,0,30,1.38
928,2,0,2,0,9.216000325977802,3,3,0,0,30,0,0,30,1.38
928,2,0,3,0,4.095999989658594,3,3,0,0,30,0,0,30,1.38
928,24,0,0,0,8.191999979317188,3,3,0,0,30,0,0,30,1.24
928,24,0,1,0,64.51199948787689,3,3,0,0,30,0,0,30,1.24
928,24,0,2,0,9.216000325977802,3,3,0,0,30,0,0,30,1.24
928,24,0,3,0,4.095999989658594,3,3,0,0,30,0,0,30,1.24
928,40,0,0,1,9.216000325977802,3,3,0,0,30,0,0,30,1.16
928,40,0,1,1,55.296000093221664,3,3,0,0,30,0,0,30,1.16
928,40,0,2,1,9.216000325977802,3,3,0,0,30,0,0,30,1.16
928,40,0,3,1,4.095999989658594,3,3,0,0,30,0,0,30,1.16
929,2,0,0,0,14.336000196635723,4,4,0,0,40,0,0,40,3.371
929,2,0,1,0,82.94399827718735,4,4,0,0,40,0,0,40,3.371
929,2,0,2,0,9.216000325977802,4,4,0,0,40,0,0,40,3.371
929,2,0,3,0,7.168000098317862,4,4,0,0,40,0,0,40,3.371
929,24,0,0,0,8.191999979317188,4,4,0,1,39,0,0,40,63.691
929,24,0,1,0,58.36800113320351,4,4,0,1,39,0,0,40,63.691
929,24,0,2,0,8.191999979317188,4,4,0,1,39,0,0,40,63.691
929,24,0,3,0,4.095999989658594,4,4,0,1,39,0,0,40,63.691
929,40,0,0,1,9.216000325977802,4,4,0,0,40,0,0,40,1.62
929,40,0,1,1,65.5359998345375,4,4,0,0,40,0,0,40,1.62
929,40,0,2,1,9.216000325977802,4,4,0,0,40,0,0,40,1.62
929,40,0,3,1,4.095999989658594,4,4,0,0,40,0,0,40,1.62
930,2,0,0,0,10.239999741315842,2,2,0,0,20,0,0,20,1.06
930,2,0,1,0,54.27199974656105,2,2,0,0,20,0,0,20,1.06
930,2,0,2,0,9.216000325977802,2,2,0,0,20,0,0,20,1.06
930,2,0,3,0,6.144000217318535,2,2,0,0,20,0,0,20,1.06
930,24,0,0,0,9.216000325977802,2,2,0,0,20,0,0,20,1.7
930,24,0,1,0,43.007999658584595,2,2,0,0,20,0,0,20,1.7
930,24,0,2,0,8.191999979317188,2,2,0,0,20,0,0,20,1.7
930,24,0,3,0,4.095999989658594,2,2,0,0,20,0,0,20,1.7
930,40,0,0,1,9.216000325977802,2,2,0,0,20,0,0,20,1.33
930,40,0,1,1,51.19999870657921,2,2,0,0,20,0,0,20,1.33
930,40,0,2,1,10.239999741315842,2,2,0,0,20,0,0,20,1.33
930,40,0,3,1,4.095999989658594,2,2,0,0,20,0,0,20,1.33
931,2,0,0,0,8.191999979317188,3,3,0,0,30,0,0,30,1.28
931,2,0,1,0,57.34400078654289,3,3,0,0,30,0,0,30,1.28
931,2,0,2,0,9.216000325977802,3,3,0,0,30,0,0,30,1.28
931,2,0,3,0,5.119999870657921,3,3,0,0,30,0,0,30,1.28
931,24,0,0,0,9.216000325977802,3,3,0,0,30,0,0,30,2.08
931,24,0,1,0,58.36800113320351,3,3,0,0,30,0,0,30,2.08
931,24,0,2,0,9.216000325977802,3,3,0,0,30,0,0,30,2.08
931,24,0,3,0,4.095999989658594,3,3,0,0,30,0,0,30,2.08
931,40,0,0,1,16.383999958634377,3,3,0,1,29,0,0,30,375.508
931,40,0,1,1,56.32000043988228,3,3,0,1,29,0,0,30,375.508
931,40,0,2,1,9.216000325977802,3,3,0,1,29,0,0,30,375.508
931,40,0,3,1,288.7679934501648,3,3,0,1,29,0,0,30,375.508
932,2,0,0,0,10.239999741315842,4,4,0,0,40,0,0,40,1.98
932,2,0,1,0,84.99199897050858,4,4,0,0,40,0,0,40,1.98
932,2,0,2,0,9.216000325977802,4,4,0,0,40,0,0,40,1.98
932,2,0,3,0,4.095999989658594,4,4,0,0,40,0,0,40,1.98
932,24,0,0,0,8.191999979317188,4,4,0,0,40,0,0,40,1.509
932,24,0,1,0,60.416001826524734,4,4,0,0,40,0,0,40,1.509
932,24,0,2,0,9.216000325977802,4,4,0,0,40,0,0,40,1.509
932,24,0,3,0,4.095999989658594,4,4,0,0,40,0,0,40,1.509
932,40,0,0,1,16.383999958634377,4,4,0,2,38,0,0,40,81.22
932,40,0,1,1,66.56000018119812,4,4,0,2,38,0,0,40,81.22
932,40,0,2,1,9.216000325977802,4,4,0,2,38,0,0,40,81.22
932,40,0,3,1,4.095999989658594,4,4,0,2,38,0,0,40,81.22
933,2,0,0,0,8.191999979317188,1,1,0,0,10,0,0,10,0.6
933,2,0,1,0,31.74399957060814,1,1,0,0,10,0,0,10,0.6
933,2,0,2,0,9.216000325977802,1,1,0,0,10,0,0,10,0.6
933,2,0,3,0,5.119999870657921,1,1,0,0,10,0,0,10,0.6
933,24,0,0,0,9.216000325977802,1,1,0,0,10,0,0,10,1.69
933,24,0,1,0,31.74399957060814,1,1,0,0,10,0,0,10,1.69
933,24,0,2,0,9.216000325977802,1,1,0,0,10,0,0,10,1.69
933,24,0,3,0,4.095999989658594,1,1,0,0,10,0,0,10,1.69
933,40,0,0,1,8.191999979317188,1,1,0,0,10,0,0,10,0.57
933,40,0,1,1,34.81600061058998,1,1,0,0,10,0,0,10,0.57
933,40,0,2,1,9.216000325977802,1,1,0,0,10,0,0,10,0.57
933,40,0,3,1,4.095999989658594,1,1,0,0,10,0,0,10,0.57
934,2,0,0,0,8.191999979317188,2,2,0,0,20,0,0,20,1.38
934,2,0,1,0,48.128001391887665,2,2,0,0,20,0,0,20,1.38
934,2,0,2,0,9.216000325977802,2,2,0,0,20,0,0,20,1.38
934,2,0,3,0,7.168000098317862,2,2,0,0,20,0,0,20,1.38
934,24,0,0,0,9.216000325977802,2,2,0,0,20,0,0,20,0.98
934,24,0,1,0,40.95999896526337,2,2,0,0,20,0,0,20,0.98
934,24,0,2,0,8.191999979317188,2,2,0,0,20,0,0,20,0.98
934,24,0,3,0,4.095999989658594,2,2,0,0,20,0,0,20,0.98
934,40,0,0,1,9.216000325977802,2,2,0,0,20,0,0,20,0.751
934,40,0,1,1,44.03200000524521,2,2,0,0,20,0,0,20,0.751
934,40,0,2,1,10.239999741315842,2,2,0,0,20,0,0,20,0.751
934,40,0,3,1,4.095999989658594,2,2,0,0,20,0,0,20,0.751
935,2,0,0,0,15.359999611973763,4,4,0,2,38,0,0,40,112.589
935,2,0,1,0,78.84799689054489,4,4,0,2,38,0,0,40,112.589
935,2,0,2,0,9.216000325977802,4,4,0,2,38,0,0,40,112.589
935,2,0,3,0,5.119999870657921,4,4,0,2,38,0,0,40,112.589
935,24,0,0,0,8.191999979317188,4,4,0,3,37,0,0,40,77.389
935,24,0,1,0,63.48799914121628,4,4,0,3,37,0,0,40,77.389
935,24,0,2,0,8.191999979317188,4,4,0,3,37,0,0,40,77.389
935,24,0,3,0,4.095999989658594,4,4,0,3,37,0,0,40,77.389
935,40,0,0,1,15.359999611973763,4,4,0,1,39,0,0,40,157.849
935,40,0,1,1,58.36800113320351,4,4,0,1,39,0,0,40,157.849
935,40,0,2,1,9.216000325977802,4,4,0,1,39,0,0,40,157.849
935,40,0,3,1,69.63200122117996,4,4,0,1,39,0,0,40,157.849
936,2,0,0,0,9.216000325977802,4,4,0,4,36,0,0,40,145.679
936,2,0,1,0,70.65600156784058,4,4,0,4,36,0,0,40,145.679
936,2,0,2,0,8.191999979317188,4,4,0,4,36,0,0,40,145.679
936,2,0,3,0,53.247999399900436,4,4,0,4,36,0,0,40,145.679
936,24,0,0,0,8.191999979317188,4,4,0,1,39,0,0,40,65.07
936,24,0,1,0,72.7040022611618,4,4,0,1,39,0,0,40,65.07
936,24,0,2,0,8.191999979317188,4,4,0,1,39,0,0,40,65.07
936,24,0,3,0,4.095999989658594,4,4,0,1,39,0,0,40,65.07
936,40,0,0,1,16.383999958634377,4,4,0,2,38,0,0,40,103.59
936,40,0,1,1,73.72800260782242,4,4,0,2,38,0,0,40,103.59
936,40,0,2,1,9.216000325977802,4,4,0,2,38,0,0,40,103.59
936,40,0,3,1,5.119999870657921,4,4,0,2,38,0,0,40,103.59
937,2,0,0,0,8.191999979317188,1,1,0,2,8,0,0,10,138.049
937,2,0,1,0,28.672000393271446,1,1,0,2,8,0,0,10,138.049
937,2,0,2,0,9.216000325977802,1,1,0,2,8,0,0,10,138.049
937,2,0,3,0,90.11200070381165,1,1,0,2,8,0,0,10,138.049
937,24,0,0,0,9.216000325977802,1,1,0,0,10,0,0,10,0.68
937,24,0,1,0,31.74399957060814,1,1,0,0,10,0,0,10,0.68
937,24,0,2,0,8.191999979317188,1,1,0,0,10,0,0,10,0.68
937,24,0,3,0,5.119999870657921,1,1,0,0,10,0,0,10,0.68
937,40,0,0,1,8.191999979317188,1,1,0,0,10,0,0,10,0.34
937,40,0,1,1,34.81600061058998,1,1,0,0,10,0,0,10,0.34
937,40,0,2,1,9.216000325977802,1,1,0,0,10,0,0,10,0.34
937,40,0,3,1,5.119999870657921,1,1,0,0,10,0,0,10,0.34
938,2,0,0,0,8.191999979317188,1,1,0,0,10,0,0,10,0.62
938,2,0,1,0,31.74399957060814,1,1,0,0,10,0,0,10,0.62
938,2,0,2,0,8.191999979317188,1,1,0,0,10,0,0,10,0.62
938,2,0,3,0,5.119999870657921,1,1,0,0,10,0,0,10,0.62
938,24,0,0,0,9.216000325977802,1,1,0,0,10,0,0,10,0.62
938,24,0,1,0,31.74399957060814,1,1,0,0,10,0,0,10,0.62
938,24,0,2,0,9.216000325977802,1,1,0,0,10,0,0,10,0.62
938,24,0,3,0,4.095999989658594,1,1,0,0,10,0,0,10,0.62
938,40,0,0,1,8.191999979317188,1,1,0,0,10,0,0,10,0.8
938,40,0,1,1,34.81600061058998,1,1,0,0,10,0,0,10,0.8
938,40,0,2,1,9.216000325977802,1,1,0,0,10,0,0,10,0.8
938,40,0,3,1,4.095999989658594,1,1,0,0,10,0,0,10,0.8
939,2,0,0,0,15.359999611973763,3,3,0,0,30,0,0,30,2.83
939,2,0,1,0,73.72800260782242,3,3,0,0,30,0,0,30,2.83
939,2,0,2,0,8.191999979317188,3,3,0,0,30,0,0,30,2.83
939,2,0,3,0,5.119999870657921,3,3,0,0,30,0,0,30,2.83
939,24,0,0,0,294.9120104312897,3,3,0,0,30,0,0,30,2.47
939,24,0,1,0,63.48799914121628,3,3,0,0,30,0,0,30,2.47
939,24,0,2,0,9.216000325977802,3,3,0,0,30,0,0,30,2.47
939,24,0,3,0,4.095999989658594,3,3,0,0,30,0,0,30,2.47
939,40,0,0,1,9.216000325977802,3,3,0,0,30,0,0,30,1.29
939,40,0,1,1,64.51199948787689,3,3,0,0,30,0,0,30,1.29
939,40,0,2,1,9.216000325977802,3,3,0,0,30,0,0,30,1.29
939,40,0,3,1,4.095999989658594,3,3,0,0,30,0,0,30,1.29
940,2,0,0,0,8.191999979317188,2,2,0,0,20,0,0,20,2.24
940,2,0,1,0,54.27199974656105,2,2,0,0,20,0,0,20,2.24
940,2,0,2,0,9.216000325977802,2,2,0,0,20,0,0,20,2.24
940,2,0,3,0,5.119999870657921,2,2,0,0,20,0,0,20,2.24
940,24,0,0,0,10.239999741315842,2,2,0,0,20,0,0,20,0.91
940,24,0,1,0,49.15200173854828,2,2,0,0,20,0,0,20,0.91
940,24,0,2,0,8.191999979317188,2,2,0,0,20,0,0,20,0.91
940,24,0,3,0,4.095999989658594,2,2,0,0,20,0,0,20,0.91
940,40,0,0,1,2955.264091491699,2,2,0,0,20,0,0,20,1.41
940,40,0,1,1,48.128001391887665,2,2,0,0,20,0,0,20,1.41
940,40,0,2,1,10.239999741315842,2,2,0,0,20,0,0,20,1.41
940,40,0,3,1,4.095999989658594,2,2,0,0,20,0,0,20,1.41
941,2,0,0,0,8.191999979317188,3,3,0,1,29,0,0,30,64.26
941,2,0,1,0,55.296000093221664,3,3,0,1,29,0,0,30,64.26
941,2,0,2,0,9.216000325977802,3,3,0,1,29,0,0,30,64.26
941,2,0,3,0,5.119999870657921,3,3,0,1,29,0,0,30,64.26
941,24,0,0,0,10.239999741315842,3,3,0,1,29,0,0,30,86.96
941,24,0,1,0,51.19999870657921,3,3,0,1,29,0,0,30,86.96
941,24,0,2,0,8.191999979317188,3,3,0,1,29,0,0,30,86.96
941,24,0,3,0,12.28800043463707,3,3,0,1,29,0,0,30,86.96
941,40,0,0,1,8.191999979317188,3,3,0,0,30,0,0,30,1.05
941,40,0,1,1,55.296000093221664,3,3,0,0,30,0,0,30,1.05
941,40,0,2,1,9.216000325977802,3,3,0,0,30,0,0,30,1.05
941,40,0,3,1,4.095999989658594,3,3,0,0,30,0,0,30,1.05
942,2,0,0,0,14.336000196635723,4,4,0,0,40,0,0,40,2.8
942,2,0,1,0,86.01599931716919,4,4,0,0,40,0,0,40,2.8
942,2,0,2,0,9.216000325977802,4,4,0,0,40,0,0,40,2.8
942,2,0,3,0,7.168000098317862,4,4,0,0,40,0,0,40,2.8
942,24,0,0,0,7.168000098317862,4,4,0,1,39,0,0,40,51.991
942,24,0,1,0,71.68000191450119,4,4,0,1,39,0,0,40,51.991
942,24,0,2,0,9.216000325977802,4,4,0,1,39,0,0,40,51.991
942,24,0,3,0,4.095999989658594,4,4,0,1,39,0,0,40,51.991
942,40,0,0,1,3386.3680362701416,4,4,0,0,40,0,0,40,2.72
942,40,0,1,1,95.23200243711472,4,4,0,0,40,0,0,40,2.72
942,40,0,2,1,9.216000325977802,4,4,0,0,40,0,0,40,2.72
942,40,0,3,1,4.095999989658594,4,4,0,0,40,0,0,40,2.72
943,2,0,0,0,15.359999611973763,4,4,0,0,40,0,0,40,3.98
943,2,0,1,0,70.65600156784058,4,4,0,0,40,0,0,40,3.98
943,2,0,2,0,9.216000325977802,4,4,0,0,40,0,0,40,3.98
943,2,0,3,0,7.168000098317862,4,4,0,0,40,0,0,40,3.98
943,24,0,0,0,8.191999979317188,4,4,0,0,40,0,0,40,2.311
943,24,0,1,0,75.77600330114365,4,4,0,0,40,0,0,40,2.311
943,24,0,2,0,9.216000325977802,4,4,0,0,40,0,0,40,2.311
943,24,0,3,0,4.095999989658594,4,4,0,0,40,0,0,40,2.311
943,40,0,0,1,14.336000196635723,4,4,0,1,39,0,0,40,70.94
943,40,0,1,1,89.08800035715103,4,4,0,1,39,0,0,40,70.94
943,40,0,2,1,8.191999979317188,4,4,0,1,39,0,0,40,70.94
943,40,0,3,1,4.095999989658594,4,4,0,1,39,0,0,40,70.94
944,2,0,0,0,8.191999979317188,4,4,0,1,39,0,0,40,145.469
944,2,0,1,0,78.84799689054489,4,4,0,1,39,0,0,40,145.469
944,2,0,2,0,8.191999979317188,4,4,0,1,39,0,0,40,145.469
944,2,0,3,0,46.08000069856644,4,4,0,1,39,0,0,40,145.469
944,24,0,0,0,1660.9280109405518,4,4,0,0,40,0,0,40,3.109
944,24,0,1,0,83.96799862384796,4,4,0,0,40,0,0,40,3.109
944,24,0,2,0,9.216000325977802,4,4,0,0,40,0,0,40,3.109
944,24,0,3,0,4.095999989658594,4,4,0,0,40,0,0,40,3.109
944,40,0,0,1,9.216000325977802,4,4,0,0,40,0,0,40,2.5
944,40,0,1,1,98.30400347709656,4,4,0,0,40,0,0,40,2.5
944,40,0,2,1,9.216000325977802,4,4,0,0,40,0,0,40,2.5
944,40,0,3,1,4.095999989658594,4,4,0,0,40,0,0,40,2.5
945,2,0,0,0,9.216000325977802,4,4,0,0,40,0,0,40,2.42
945,2,0,1,0,68.60800087451935,4,4,0,0,40,0,0,40,2.42
945,2,0,2,0,8.191999979317188,4,4,0,0,40,0,0,40,2.42
945,2,0,3,0,8.191999979317188,4,4,0,0,40,0,0,40,2.42
945,24,0,0,0,8.191999979317188,4,4,0,0,40,0,0,40,3.089
945,24,0,1,0,75.77600330114365,4,4,0,0,40,0,0,40,3.089
945,24,0,2,0,9.216000325977802,4,4,0,0,40,0,0,40,3.089
945,24,0,3,0,5.119999870657921,4,4,0,0,40,0,0,40,3.089
945,40,0,0,1,15.359999611973763,4,4,0,1,39,0,0,40,186.789
945,40,0,1,1,94.2080020904541,4,4,0,1,39,0,0,40,186.789
945,40,0,2,1,8.191999979317188,4,4,0,1,39,0,0,40,186.789
945,40,0,3,1,64.51199948787689,4,4,0,1,39,0,0,40,186.789
946,2,0,0,0,8.191999979317188,3,3,0,1,29,0,0,30,59.029
946,2,0,1,0,62.463998794555664,3,3,0,1,29,0,0,30,59.029
946,2,0,2,0,9.216000325977802,3,3,0,1,29,0,0,30,59.029
946,2,0,3,0,6.144000217318535,3,3,0,1,29,0,0,30,59.029
946,24,0,0,0,9.216000325977802,3,3,0,0,30,0,0,30,1.68
946,24,0,1,0,67.58400052785873,3,3,0,0,30,0,0,30,1.68
946,24,0,2,0,9.216000325977802,3,3,0,0,30,0,0,30,1.68
946,24,0,3,0,4.095999989658594,3,3,0,0,30,0,0,30,1.68
946,40,0,0,1,8.191999979317188,3,3,0,1,29,0,0,30,66.96
946,40,0,1,1,74.75200295448303,3,3,0,1,29,0,0,30,66.96
946,40,0,2,1,9.216000325977802,3,3,0,1,29,0,0,30,66.96
946,40,0,3,1,4.095999989658594,3,3,0,1,29,0,0,30,66.96
947,2,0,0,0,14.336000196635723,4,4,0,0,40,0,0,40,2.52
947,2,0,1,0,89.08800035715103,4,4,0,0,40,0,0,40,2.52
947,2,0,2,0,9.216000325977802,4,4,0,0,40,0,0,40,2.52
947,2,0,3,0,4.095999989658594,4,4,0,0,40,0,0,40,2.52
947,24,0,0,0,2802.687883377075,4,4,0,0,40,0,0,40,4.34
947,24,0,1,0,75.77600330114365,4,4,0,0,40,0,0,40,4.34
947,24,0,2,0,9.216000325977802,4,4,0,0,40,0,0,40,4.34
947,24,0,3,0,4.095999989658594,4,4,0,0,40,0,0,40,4.34
947,40,0,0,1,9.216000325977802,4,4,0,0,40,0,0,40,2.14
947,40,0,1,1,81.91999793052673,4,4,0,0,40,0,0,40,2.14
947,40,0,2,1,9.216000325977802,4,4,0,0,40,0,0,40,2.14
947,40,0,3,1,4.095999989658594,4,4,0,0,40,0,0,40,2.14
948,2,0,0,0,14.336000196635723,4,4,0,0,40,0,0,40,2.149
948,2,0,1,0,78.84799689054489,4,4,0,0,40,0,0,40,2.149
948,2,0,2,0,9.216000325977802,4,4,0,0,40,0,0,40,2.149
948,2,0,3,0,4.095999989658594,4,4,0,0,40,0,0,40,2.149
948,24,0,0,0,8.191999979317188,4,4,0,1,39,0,0,40,66.349
948,24,0,1,0,76.80000364780426,4,4,0,1,39,0,0,40,66.349
948,24,0,2,0,9.216000325977802,4,4,0,1,39,0,0,40,66.349
948,24,0,3,0,4.095999989658594,4,4,0,1,39,0,0,40,66.349
948,40,0,0,1,16.383999958634377,4,4,0,1,39,0,0,40,70.86
948,40,0,1,1,86.01599931716919,4,4,0,1,39,0,0,40,70.86
948,40,0,2,1,9.216000325977802,4,4,0,1,39,0,0,40,70.86
948,40,0,3,1,4.095999989658594,4,4,0,1,39,0,0,40,70.86
949,2,0,0,0,14.336000196635723,4,4,0,0,40,0,0,40,2.32
949,2,0,1,0,59.39200147986412,4,4,0,0,40,0,0,40,2.32
949,2,0,2,0,9.216000325977802,4,4,0,0,40,0,0,40,2.32
949,2,0,3,0,4.095999989658594,4,4,0,0,40,0,0,40,2.32
949,24,0,0,0,9.216000325977802,4,4,0,0,40,0,0,40,2.25
949,24,0,1,0,72.7040022611618,4,4,0,0,40,0,0,40,2.25
949,24,0,2,0,8.191999979317188,4,4,0,0,40,0,0,40,2.25
949,24,0,3,0,4.095999989658594,4,4,0,0,40,0,0,40,2.25
949,40,0,0,1,16.383999958634377,4,4,0,1,39,0,0,40,61.829
949,40,0,1,1,103.42399775981903,4,4,0,1,39,0,0,40,61.829
949,40,0,2,1,8.191999979317188,4,4,0,1,39,0,0,40,61.829
949,40,0,3,1,4.095999989658594,4,4,0,1,39,0,0,40,61.829
950,2,0,0,0,8.191999979317188,4,4,0,1,39,0,0,40,65.119
950,2,0,1,0,74.75200295448303,4,4,0,1,39,0,0,40,65.119
950,2,0,2,0,9.216000325977802,4,4,0,1,39,0,0,40,65.119
950,2,0,3,0,4.095999989658594,4,4,0,1,39,0,0,40,65.119
950,24,0,0,0,8.191999979317188,4,4,0,0,40,0,0,40,3.371
950,24,0,1,0,70.65600156784058,4,4,0,0,40,0,0,40,3.371
950,24,0,2,0,8.191999979317188,4,4,0,0,40,0,0,40,3.371
950,24,0,3,0,4.095999989658594,4,4,0,0,40,0,0,40,3.371
950,40,0,0,1,15.359999611973763,4,4,0,1,39,0,0,40,56.48
950,40,0,1,1,101.3759970664978,4,4,0,1,39,0,0,40,56.48
950,40,0,2,1,9.216000325977802,4,4,0,1,39,0,0,40,56.48
950,40,0,3,1,4.095999989658594,4,4,0,1,39,0,0,40,56.48
951,2,0,0,0,14.336000196635723,4,4,0,0,40,0,0,40,3.92
951,2,0,1,0,76.80000364780426,4,4,0,0,40,0,0,40,3.92
951,2,0,2,0,8.191999979317188,4,4,0,0,40,0,0,40,3.92
951,2,0,3,0,4.095999989658594,4,4,0,0,40,0,0,40,3.92
951,24,0,0,0,8.191999979317188,4,4,0,0,40,0,0,40,3.1
951,24,0,1,0,62.463998794555664,4,4,0,0,40,0,0,40,3.1
951,24,0,2,0,9.216000325977802,4,4,0,0,40,0,0,40,3.1
951,24,0,3,0,4.095999989658594,4,4,0,0,40,0,0,40,3.1
951,40,0,0,1,14.336000196635723,4,4,0,2,38,0,0,40,138.129
951,40,0,1,1,70.65600156784058,4,4,0,2,38,0,0,40,138.129
951,40,0,2,1,9.216000325977802,4,4,0,2,38,0,0,40,138.129
951,40,0,3,1,36.86400130391121,4,4,0,2,38,0,0,40,138.129
952,2,0,0,0,9.216000325977802,1,1,0,1,9,0,0,10,87.77
952,2,0,1,0,30.719999223947525,1,1,0,1,9,0,0,10,87.77
952,2,0,2,0,9.216000325977802,1,1,0,1,9,0,0,10,87.77
952,2,0,3,0,36.86400130391121,1,1,0,1,9,0,0,10,87.77
952,24,0,0,0,8.191999979317188,1,1,0,0,10,0,0,10,0.58
952,24,0,1,0,31.74399957060814,1,1,0,0,10,0,0,10,0.58
952,24,0,2,0,8.191999979317188,1,1,0,0,10,0,0,10,0.58
952,24,0,3,0,4.095999989658594,1,1,0,0,10,0,0,10,0.58
952,40,0,0,1,46.08000069856644,1,1,0,0,10,0,0,10,1.009
952,40,0,1,1,34.81600061058998,1,1,0,0,10,0,0,10,1.009
952,40,0,2,1,8.191999979317188,1,1,0,0,10,0,0,10,1.009
952,40,0,3,1,4.095999989658594,1,1,0,0,10,0,0,10,1.009
953,2,0,0,0,23.552000522613525,4,4,0,1,39,0,0,40,79.69
953,2,0,1,0,64.51199948787689,4,4,0,1,39,0,0,40,79.69
953,2,0,2,0,8.191999979317188,4,4,0,1,39,0,0,40,79.69
953,2,0,3,0,4.095999989658594,4,4,0,1,39,0,0,40,79.69
953,24,0,0,0,8.191999979317188,4,4,0,0,40,0,0,40,1.94
953,24,0,1,0,58.36800113320351,4,4,0,0,40,0,0,40,1.94
953,24,0,2,0,8.191999979317188,4,4,0,0,40,0,0,40,1.94
953,24,0,3,0,4.095999989658594,4,4,0,0,40,0,0,40,1.94
953,40,0,0,1,3049.4720935821533,4,4,0,0,40,0,0,40,2.949
953,40,0,1,1,80.89599758386612,4,4,0,0,40,0,0,40,2.949
953,40,0,2,1,9.216000325977802,4,4,0,0,40,0,0,40,2.949
953,40,0,3,1,4.095999989658594,4,4,0,0,40,0,0,40,2.949
954,2,0,0,0,15.359999611973763,4,4,0,1,39,0,0,40,291.598
954,2,0,1,0,76.80000364780426,4,4,0,1,39,0,0,40,291.598
954,2,0,2,0,9.216000325977802,4,4,0,1,39,0,0,40,291.598
954,2,0,3,0,186.36800348758698,4,4,0,1,39,0,0,40,291.598
954,24,0,0,0,8.191999979317188,4,4,0,0,40,0,0,40,1.789
954,24,0,1,0,57.34400078654289,4,4,0,0,40,0,0,40,1.789
954,24,0,2,0,9.216000325977802,4,4,0,0,40,0,0,40,1.789
954,24,0,3,0,4.095999989658594,4,4,0,0,40,0,0,40,1.789
954,40,0,0,1,588.8000130653381,4,4,0,0,40,0,0,40,2.78
954,40,0,1,1,75.77600330114365,4,4,0,0,40,0,0,40,2.78
954,40,0,2,1,9.216000325977802,4,4,0,0,40,0,0,40,2.78
954,40,0,3,1,4.095999989658594,4,4,0,0,40,0,0,40,2.78
955,2,0,0,0,9.216000325977802,1,1,0,0,10,0,0,10,1.949
955,2,0,1,0,31.74399957060814,1,1,0,0,10,0,0,10,1.949
955,2,0,2,0,9.216000325977802,1,1,0,0,10,0,0,10,1.949
955,2,0,3,0,6.144000217318535,1,1,0,0,10,0,0,10,1.949
955,24,0,0,0,8.191999979317188,1,1,0,0,10,0,0,10,0.45
955,24,0,1,0,32.76799991726875,1,1,0,0,10,0,0,10,0.45
955,24,0,2,0,9.216000325977802,1,1,0,0,10,0,0,10,0.45
955,24,0,3,0,4.095999989658594,1,1,0,0,10,0,0,10,0.45
955,40,0,0,1,8.191999979317188,1,1,0,0,10,0,0,10,0.58
955,40,0,1,1,35.840000957250595,1,1,0,0,10,0,0,10,0.58
955,40,0,2,1,9.216000325977802,1,1,0,0,10,0,0,10,0.58
955,40,0,3,1,4.095999989658594,1,1,0,0,10,0,0,10,0.58
956,2,0,0,0,14.336000196635723,4,4,0,0,40,0,0,40,3.02
956,2,0,1,0,90.11200070381165,4,4,0,0,40,0,0,40,3.02
956,2,0,2,0,8.191999979317188,4,4,0,0,40,0,0,40,3.02
956,2,0,3,0,5.119999870657921,4,4,0,0,40,0,0,40,3.02
956,24,0,0,0,9.216000325977802,4,4,0,0,40,0,0,40,3.071
956,24,0,1,0,62.463998794555664,4,4,0,0,40,0,0,40,3.071
956,24,0,2,0,9.216000325977802,4,4,0,0,40,0,0,40,3.071
956,24,0,3,0,4.095999989658594,4,4,0,0,40,0,0,40,3.071
956,40,0,0,1,15.359999611973763,4,4,0,1,39,0,0,40,75.13
956,40,0,1,1,63.48799914121628,4,4,0,1,39,0,0,40,75.13
956,40,0,2,1,9.216000325977802,4,4,0,1,39,0,0,40,75.13
956,40,0,3,1,4.095999989658594,4,4,0,1,39,0,0,40,75.13
957,2,0,0,0,2548.736095428467,4,4,0,0,40,0,0,40,2.58
957,2,0,1,0,84.99199897050858,4,4,0,0,40,0,0,40,2.58
957,2,0,2,0,9.216000325977802,4,4,0,0,40,0,0,40,2.58
957,2,0,3,0,5.119999870657921,4,4,0,0,40,0,0,40,2.58
957,24,0,0,0,8.191999979317188,4,4,0,0,40,0,0,40,4.08
957,24,0,1,0,74.75200295448303,4,4,0,0,40,0,0,40,4.08
957,24,0,2,0,9.216000325977802,4,4,0,0,40,0,0,40,4.08
957,24,0,3,0,4.095999989658594,4,4,0,0,40,0,0,40,4.08
957,40,0,0,1,16.383999958634377,4,4,0,2,38,0,0,40,107.81
957,40,0,1,1,66.56000018119812,4,4,0,2,38,0,0,40,107.81
957,40,0,2,1,9.216000325977802,4,4,0,2,38,0,0,40,107.81
957,40,0,3,1,10.239999741315842,4,4,0,2,38,0,0,40,107.81
958,2,0,0,0,2801.664113998413,4,4,0,0,40,0,0,40,2.86
958,2,0,1,0,76.80000364780426,4,4,0,0,40,0,0,40,2.86
958,2,0,2,0,9.216000325977802,4,4,0,0,40,0,0,40,2.86
958,2,0,3,0,5.119999870657921,4,4,0,0,40,0,0,40,2.86
958,24,0,0,0,9.216000325977802,4,4,0,0,40,0,0,40,1.58
958,24,0,1,0,61.43999844789505,4,4,0,0,40,0,0,40,1.58
958,24,0,2,0,8.191999979317188,4,4,0,0,40,0,0,40,1.58
958,24,0,3,0,4.095999989658594,4,4,0,0,40,0,0,40,1.58
958,40,0,0,1,9.216000325977802,4,4,0,0,40,0,0,40,1.549
958,40,0,1,1,74.75200295448303,4,4,0,0,40,0,0,40,1.549
958,40,0,2,1,9.216000325977802,4,4,0,0,40,0,0,40,1.549
958,40,0,3,1,4.095999989658594,4,4,0,0,40,0,0,40,1.549
959,2,0,0,0,16.383999958634377,3,3,0,0,30,0,0,30,1.51
959,2,0,1,0,65.5359998345375,3,3,0,0,30,0,0,30,1.51
959,2,0,2,0,9.216000325977802,3,3,0,0,30,0,0,30,1.51
959,2,0,3,0,6.144000217318535,3,3,0,0,30,0,0,30,1.51
959,24,0,0,0,9.216000325977802,3,3,0,0,30,0,0,30,1.02
959,24,0,1,0,61.43999844789505,3,3,0,0,30,0,0,30,1.02
959,24,0,2,0,9.216000325977802,3,3,0,0,30,0,0,30,1.02
959,24,0,3,0,3.0720001086592674,3,3,0,0,30,0,0,30,1.02
959,40,0,0,1,8.191999979317188,3,3,0,0,30,0,0,30,3.229
959,40,0,1,1,60.416001826524734,3,3,0,0,30,0,0,30,3.229
959,40,0,2,1,8.191999979317188,3,3,0,0,30,0,0,30,3.229
959,40,0,3,1,4.095999989658594,3,3,0,0,30,0,0,30,3.229
960,2,0,0,0,1777.6639461517334,4,4,0,0,40,0,0,40,4.1
960,2,0,1,0,74.75200295448303,4,4,0,0,40,0,0,40,4.1
960,2,0,2,0,8.191999979317188,4,4,0,0,40,0,0,40,4.1
960,2,0,3,0,5.119999870657921,4,4,0,0,40,0,0,40,4.1
960,24,0,0,0,8.191999979317188,4,4,0,0,40,0,0,40,1.81
960,24,0,1,0,62.463998794555664,4,4,0,0,40,0,0,40,1.81
960,24,0,2,0,9.216000325977802,4,4,0,0,40,0,0,40,1.81
960,24,0,3,0,4.095999989658594,4,4,0,0,40,0,0,40,1.81
960,40,0,0,1,9.216000325977802,4,4,0,0,40,0,0,40,1.54
960,40,0,1,1,59.39200147986412,4,4,0,0,40,0,0,40,1.54
960,40,0,2,1,9.216000325977802,4,4,0,0,40,0,0,40,1.54
960,40,0,3,1,4.095999989658594,4,4,0,0,40,0,0,40,1.54
961,2,0,0,0,8.191999979317188,1,1,0,0,10,0,0,10,0.53
961,2,0,1,0,31.74399957060814,1,1,0,0,10,0,0,10,0.53
961,2,0,2,0,9.216000325977802,1,1,0,0,10,0,0,10,0.53
961,2,0,3,0,7.168000098317862,1,1,0,0,10,0,0,10,0.53
961,24,0,0,0,8.191999979317188,1,1,0,0,10,0,0,10,0.71
961,24,0,1,0,32.76799991726875,1,1,0,0,10,0,0,10,0.71
961,24,0,2,0,9.216000325977802,1,1,0,0,10,0,0,10,0.71
961,24,0,3,0,4.095999989658594,1,1,0,0,10,0,0,10,0.71
961,40,0,0,1,8.191999979317188,1,1,0,0,10,0,0,10,0.33
961,40,0,1,1,35.840000957250595,1,1,0,0,10,0,0,10,0.33
961,40,0,2,1,9.216000325977802,1,1,0,0,10,0,0,10,0.33
961,40,0,3,1,4.095999989658594,1,1,0,0,10,0,0,10,0.33
962,2,0,0,0,8.191999979317188,4,4,0,0,40,0,0,40,2.289
962,2,0,1,0,81.91999793052673,4,4,0,0,40,0,0,40,2.289
962,2,0,2,0,9.216000325977802,4,4,0,0,40,0,0,40,2.289
962,2,0,3,0,7.168000098317862,4,4,0,0,40,0,0,40,2.289
962,24,0,0,0,8.191999979317188,4,4,0,1,39,0,0,40,64.509
962,24,0,1,0,57.34400078654289,4,4,0,1,39,0,0,40,64.509
962,24,0,2,0,9.216000325977802,4,4,0,1,39,0,0,40,64.509
962,24,0,3,0,4.095999989658594,4,4,0,1,39,0,0,40,64.509
962,40,0,0,1,9.216000325977802,4,4,0,0,40,0,0,40,1.44
962,40,0,1,1,59.39200147986412,4,4,0,0,40,0,0,40,1.44
962,40,0,2,1,8.191999979317188,4,4,0,0,40,0,0,40,1.44
962,40,0,3,1,4.095999989658594,4,4,0,0,40,0,0,40,1.44
963,2,0,0,0,13.311999849975109,4,4,0,0,40,0,0,40,2.791
963,2,0,1,0,79.8719972372055,4,4,0,0,40,0,0,40,2.791
963,2,0,2,0,9.216000325977802,4,4,0,0,40,0,0,40,2.791
963,2,0,3,0,5.119999870657921,4,4,0,0,40,0,0,40,2.791
963,24,0,0,0,8.191999979317188,4,4,0,0,40,0,0,40,1.591
963,24,0,1,0,61.43999844789505,4,4,0,0,40,0,0,40,1.591
963,24,0,2,0,8.191999979317188,4,4,0,0,40,0,0,40,1.591
963,24,0,3,0,4.095999989658594,4,4,0,0,40,0,0,40,1.591
963,40,0,0,1,9.216000325977802,4,4,0,0,40,0,0,40,1.57
963,40,0,1,1,71.68000191450119,4,4,0,0,40,0,0,40,1.57
963,40,0,2,1,8.191999979317188,4,4,0,0,40,0,0,40,1.57
963,40,0,3,1,4.095999989658594,4,4,0,0,40,0,0,40,1.57
964,2,0,0,0,14.336000196635723,4,4,0,0,40,0,0,40,2.89
964,2,0,1,0,78.84799689054489,4,4,0,0,40,0,0,40,2.89
964,2,0,2,0,8.191999979317188,4,4,0,0,40,0,0,40,2.89
964,2,0,3,0,4.095999989658594,4,4,0,0,40,0,0,40,2.89
964,24,0,0,0,8.191999979317188,4,4,0,0,40,0,0,40,1.649
964,24,0,1,0,60.416001826524734,4,4,0,0,40,0,0,40,1.649
964,24,0,2,0,9.216000325977802,4,4,0,0,40,0,0,40,1.649
964,24,0,3,0,4.095999989658594,4,4,0,0,40,0,0,40,1.649
964,40,0,0,1,8.191999979317188,4,4,0,0,40,0,0,40,1.28
964,40,0,1,1,63.48799914121628,4,4,0,0,40,0,0,40,1.28
964,40,0,2,1,9.216000325977802,4,4,0,0,40,0,0,40,1.28
964,40,0,3,1,4.095999989658594,4,4,0,0,40,0,0,40,1.28
965,2,0,0,0,8.191999979317188,2,2,0,0,20,0,0,20,3.489
965,2,0,1,0,51.19999870657921,2,2,0,0,20,0,0,20,3.489
965,2,0,2,0,9.216000325977802,2,2,0,0,20,0,0,20,3.489
965,2,0,3,0,7.168000098317862,2,2,0,0,20,0,0,20,3.489
965,24,0,0,0,10.239999741315842,2,2,0,1,19,0,0,20,57.61
965,24,0,1,0,43.007999658584595,2,2,0,1,19,0,0,20,57.61
965,24,0,2,0,9.216000325977802,2,2,0,1,19,0,0,20,57.61
965,24,0,3,0,4.095999989658594,2,2,0,1,19,0,0,20,57.61
965,40,0,0,1,9.216000325977802,2,2,0,0,20,0,0,20,3.01
965,40,0,1,1,58.36800113320351,2,2,0,0,20,0,0,20,3.01
965,40,0,2,1,9.216000325977802,2,2,0,0,20,0,0,20,3.01
965,40,0,3,1,4.095999989658594,2,2,0,0,20,0,0,20,3.01
966,2,0,0,0,8.191999979317188,2,2,0,0,20,0,0,20,1.151
966,2,0,1,0,45.05600035190582,2,2,0,0,20,0,0,20,1.151
966,2,0,2,0,9.216000325977802,2,2,0,0,20,0,0,20,1.151
966,2,0,3,0,6.144000217318535,2,2,0,0,20,0,0,20,1.151
966,24,0,0,0,8.191999979317188,2,2,0,0,20,0,0,20,1.16
966,24,0,1,0,45.05600035190582,2,2,0,0,20,0,0,20,1.16
966,24,0,2,0,9.216000325977802,2,2,0,0,20,0,0,20,1.16
966,24,0,3,0,5.119999870657921,2,2,0,0,20,0,0,20,1.16
966,40,0,0,1,9.216000325977802,2,2,0,0,20,0,0,20,0.88
966,40,0,1,1,43.007999658584595,2,2,0,0,20,0,0,20,0.88
966,40,0,2,1,9.216000325977802,2,2,0,0,20,0,0,20,0.88
966,40,0,3,1,4.095999989658594,2,2,0,0,20,0,0,20,0.88
967,2,0,0,0,14.336000196635723,4,4,0,0,40,0,0,40,2.07
967,2,0,1,0,59.39200147986412,4,4,0,0,40,0,0,40,2.07
967,2,0,2,0,9.216000325977802,4,4,0,0,40,0,0,40,2.07
967,2,0,3,0,6.144000217318535,4,4,0,0,40,0,0,40,2.07
967,24,0,0,0,8.191999979317188,4,4,0,0,40,0,0,40,2.92
967,24,0,1,0,74.75200295448303,4,4,0,0,40,0,0,40,2.92
967,24,0,2,0,9.216000325977802,4,4,0,0,40,0,0,40,2.92
967,24,0,3,0,4.095999989658594,4,4,0,0,40,0,0,40,2.92
967,40,0,0,1,9.216000325977802,4,4,0,1,39,0,0,40,211.079
967,40,0,1,1,81.91999793052673,4,4,0,1,39,0,0,40,211.079
967,40,0,2,1,9.216000325977802,4,4,0,1,39,0,0,40,211.079
967,40,0,3,1,106.49599879980087,4,4,0,1,39,0,0,40,211.079
968,2,0,0,0,14.336000196635723,4,4,0,0,40,0,0,40,2.12
968,2,0,1,0,79.8719972372055,4,4,0,0,40,0,0,40,2.12
968,2,0,2,0,9.216000325977802,4,4,0,0,40,0,0,40,2.12
968,2,0,3,0,5.119999870657921,4,4,0,0,40,0,0,40,2.12
968,24,0,0,0,8.191999979317188,4,4,0,0,40,0,0,40,1.58
968,24,0,1,0,68.60800087451935,4,4,0,0,40,0,0,40,1.58
968,24,0,2,0,9.216000325977802,4,4,0,0,40,0,0,40,1.58
968,24,0,3,0,4.095999989658594,4,4,0,0,40,0,0,40,1.58
968,40,0,0,1,8.191999979317188,4,4,0,0,40,0,0,40,1.54
968,40,0,1,1,58.36800113320351,4,4,0,0,40,0,0,40,1.54
968,40,0,2,1,9.216000325977802,4,4,0,0,40,0,0,40,1.54
968,40,0,3,1,4.095999989658594,4,4,0,0,40,0,0,40,1.54
969,2,0,0,0,14.336000196635723,4,4,0,0,40,0,0,40,2.089
969,2,0,1,0,80.89599758386612,4,4,0,0,40,0,0,40,2.089
969,2,0,2,0,9.216000325977802,4,4,0,0,40,0,0,40,2.089
969,2,0,3,0,5.119999870657921,4,4,0,0,40,0,0,40,2.089
969,24,0,0,0,35.840000957250595,4,4,0,3,37,0,0,40,54.3
969,24,0,1,0,54.27199974656105,4,4,0,3,37,0,0,40,54.3
969,24,0,2,0,9.216000325977802,4,4,0,3,37,0,0,40,54.3
969,24,0,3,0,4.095999989658594,4,4,0,3,37,0,0,40,54.3
969,40,0,0,1,15.359999611973763,4,4,0,1,39,0,0,40,71.969
969,40,0,1,1,79.8719972372055,4,4,0,1,39,0,0,40,71.969
969,40,0,2,1,8.191999979317188,4,4,0,1,39,0,0,40,71.969
969,40,0,3,1,4.095999989658594,4,4,0,1,39,0,0,40,71.969
970,2,0,0,0,15.359999611973763,4,4,0,0,40,0,0,40,1.88
970,2,0,1,0,68.60800087451935,4,4,0,0,40,0,0,40,1.88
970,2,0,2,0,9.216000325977802,4,4,0,0,40,0,0,40,1.88
970,2,0,3,0,5.119999870657921,4,4,0,0,40,0,0,40,1.88
970,24,0,0,0,14.336000196635723,4,4,0,1,39,0,0,40,144.739
970,24,0,1,0,78.84799689054489,4,4,0,1,39,0,0,40,144.739
970,24,0,2,0,9.216000325977802,4,4,0,1,39,0,0,40,144.739
970,24,0,3,0,43.007999658584595,4,4,0,1,39,0,0,40,144.739
970,40,0,0,1,9.216000325977802,4,4,0,0,40,0,0,40,2.77
970,40,0,1,1,64.51199948787689,4,4,0,0,40,0,0,40,2.77
970,40,0,2,1,8.191999979317188,4,4,0,0,40,0,0,40,2.77
970,40,0,3,1,4.095999989658594,4,4,0,0,40,0,0,40,2.77
971,2,0,0,0,13.311999849975109,4,4,0,0,40,0,0,40,3.969
971,2,0,1,0,75.77600330114365,4,4,0,0,40,0,0,40,3.969
971,2,0,2,0,9.216000325977802,4,4,0,0,40,0,0,40,3.969
971,2,0,3,0,4.095999989658594,4,4,0,0,40,0,0,40,3.969
971,24,0,0,0,8.191999979317188,4,4,0,0,40,0,0,40,3.28
971,24,0,1,0,68.60800087451935,4,4,0,0,40,0,0,40,3.28
971,24,0,2,0,9.216000325977802,4,4,0,0,40,0,0,40,3.28
971,24,0,3,0,5.119999870657921,4,4,0,0,40,0,0,40,3.28
971,40,0,0,1,9.216000325977802,4,4,0,0,40,0,0,40,2.709
971,40,0,1,1,81.91999793052673,4,4,0,0,40,0,0,40,2.709
971,40,0,2,1,9.216000325977802,4,4,0,0,40,0,0,40,2.709
971,40,0,3,1,4.095999989658594,4,4,0,0,40,0,0,40,2.709
972,2,0,0,0,8.191999979317188,4,4,0,0,40,0,0,40,2.65
972,2,0,1,0,57.34400078654289,4,4,0,0,40,0,0,40,2.65
972,2,0,2,0,9.216000325977802,4,4,0,0,40,0,0,40,2.65
972,2,0,3,0,5.119999870657921,4,4,0,0,40,0,0,40,2.65
972,24,0,0,0,8.191999979317188,4,4,0,0,40,0,0,40,4.551
972,24,0,1,0,69.63200122117996,4,4,0,0,40,0,0,40,4.551
972,24,0,2,0,9.216000325977802,4,4,0,0,40,0,0,40,4.551
972,24,0,3,0,3.0720001086592674,4,4,0,0,40,0,0,40,4.551
972,40,0,0,1,8.191999979317188,4,4,0,0,40,0,0,40,2.34
972,40,0,1,1,69.63200122117996,4,4,0,0,40,0,0,40,2.34
972,40,0,2,1,10.239999741315842,4,4,0,0,40,0,0,40,2.34
972,40,0,3,1,4.095999989658594,4,4,0,0,40,0,0,40,2.34
973,2,0,0,0,14.336000196635723,4,4,0,0,40,0,0,40,4.69
973,2,0,1,0,78.84799689054489,4,4,0,0,40,0,0,40,4.69
973,2,0,2,0,9.216000325977802,4,4,0,0,40,0,0,40,4.69
973,2,0,3,0,5.119999870657921,4,4,0,0,40,0,0,40,4.69
973,24,0,0,0,9.216000325977802,4,4,0,0,40,0,0,40,5.8
973,24,0,1,0,70.65600156784058,4,4,0,0,40,0,0,40,5.8
973,24,0,2,0,8.191999979317188,4,4,0,0,40,0,0,40,5.8
973,24,0,3,0,3.0720001086592674,4,4,0,0,40,0,0,40,5.8
973,40,0,0,1,10.239999741315842,4,4,0,0,40,0,0,40,3.751
973,40,0,1,1,64.51199948787689,4,4,0,0,40,0,0,40,3.751
973,40,0,2,1,9.216000325977802,4,4,0,0,40,0,0,40,3.751
973,40,0,3,1,4.095999989658594,4,4,0,0,40,0,0,40,3.751
974,2,0,0,0,9.216000325977802,1,1,0,0,10,0,0,10,1.08
974,2,0,1,0,31.74399957060814,1,1,0,0,10,0,0,10,1.08
974,2,0,2,0,8.191999979317188,1,1,0,0,10,0,0,10,1.08
974,2,0,3,0,4.095999989658594,1,1,0,0,10,0,0,10,1.08
974,24,0,0,0,9.216000325977802,1,1,0,0,10,0,0,10,0.92
974,24,0,1,0,32.76799991726875,1,1,0,0,10,0,0,10,0.92
974,24,0,2,0,9.216000325977802,1,1,0,0,10,0,0,10,0.92
974,24,0,3,0,4.095999989658594,1,1,0,0,10,0,0,10,0.92
974,40,0,0,1,8.191999979317188,1,1,0,0,10,0,0,10,0.949
974,40,0,1,1,34.81600061058998,1,1,0,0,10,0,0,10,0.949
974,40,0,2,1,9.216000325977802,1,1,0,0,10,0,0,10,0.949
974,40,0,3,1,4.095999989658594,1,1,0,0,10,0,0,10,0.949
975,2,0,0,0,15.359999611973763,4,4,0,0,40,0,0,40,4.211
975,2,0,1,0,77.82399654388428,4,4,0,0,40,0,0,40,4.211
975,2,0,2,0,9.216000325977802,4,4,0,0,40,0,0,40,4.211
975,2,0,3,0,6.144000217318535,4,4,0,0,40,0,0,40,4.211
975,24,0,0,0,7.168000098317862,4,4,0,1,39,0,0,40,68.729
975,24,0,1,0,86.01599931716919,4,4,0,1,39,0,0,40,68.729
975,24,0,2,0,8.191999979317188,4,4,0,1,39,0,0,40,68.729
975,24,0,3,0,4.095999989658594,4,4,0,1,39,0,0,40,68.729
975,40,0,0,1,10.239999741315842,4,4,0,0,40,0,0,40,4.24
975,40,0,1,1,96.25600278377533,4,4,0,0,40,0,0,40,4.24
975,40,0,2,1,9.216000325977802,4,4,0,0,40,0,0,40,4.24
975,40,0,3,1,4.095999989658594,4,4,0,0,40,0,0,40,4.24
976,2,0,0,0,8.191999979317188,2,2,0,0,20,0,0,20,0.97
976,2,0,1,0,43.007999658584595,2,2,0,0,20,0,0,20,0.97
976,2,0,2,0,9.216000325977802,2,2,0,0,20,0,0,20,0.97
976,2,0,3,0,5.119999870657921,2,2,0,0,20,0,0,20,0.97
976,24,0,0,0,8.191999979317188,2,2,0,1,19,0,0,20,155.08
976,24,0,1,0,38.91199827194214,2,2,0,1,19,0,0,20,155.08
976,24,0,2,0,9.216000325977802,2,2,0,1,19,0,0,20,155.08
976,24,0,3,0,95.23200243711472,2,2,0,1,19,0,0,20,155.08
976,40,0,0,1,8.191999979317188,2,2,0,0,20,0,0,20,0.94
976,40,0,1,1,41.98399931192398,2,2,0,0,20,0,0,20,0.94
976,40,0,2,1,9.216000325977802,2,2,0,0,20,0,0,20,0.94
976,40,0,3,1,4.095999989658594,2,2,0,0,20,0,0,20,0.94
977,2,0,0,0,14.336000196635723,4,4,0,0,40,0,0,40,4.94
977,2,0,1,0,76.80000364780426,4,4,0,0,40,0,0,40,4.94
977,2,0,2,0,8.191999979317188,4,4,0,0,40,0,0,40,4.94
977,2,0,3,0,4.095999989658594,4,4,0,0,40,0,0,40,4.94
977,24,0,0,0,7.168000098317862,4,4,0,1,39,0,0,40,58.04
977,24,0,1,0,78.84799689054489,4,4,0,1,39,0,0,40,58.04
977,24,0,2,0,9.216000325977802,4,4,0,1,39,0,0,40,58.04
977,24,0,3,0,4.095999989658594,4,4,0,1,39,0,0,40,58.04
977,40,0,0,1,9.216000325977802,4,4,0,0,40,0,0,40,3.75
977,40,0,1,1,71.68000191450119,4,4,0,0,40,0,0,40,3.75
977,40,0,2,1,9.216000325977802,4,4,0,0,40,0,0,40,3.75
977,40,0,3,1,4.095999989658594,4,4,0,0,40,0,0,40,3.75
978,2,0,0,0,15.359999611973763,4,4,0,0,40,0,0,40,2.049
978,2,0,1,0,73.72800260782242,4,4,0,0,40,0,0,40,2.049
978,2,0,2,0,9.216000325977802,4,4,0,0,40,0,0,40,2.049
978,2,0,3,0,6.144000217318535,4,4,0,0,40,0,0,40,2.049
978,24,0,0,0,9.216000325977802,4,4,0,1,39,0,0,40,64.04
978,24,0,1,0,60.416001826524734,4,4,0,1,39,0,0,40,64.04
978,24,0,2,0,9.216000325977802,4,4,0,1,39,0,0,40,64.04
978,24,0,3,0,4.095999989658594,4,4,0,1,39,0,0,40,64.04
978,40,0,0,1,9.216000325977802,4,4,0,0,40,0,0,40,1.82
978,40,0,1,1,57.34400078654289,4,4,0,0,40,0,0,40,1.82
978,40,0,2,1,9.216000325977802,4,4,0,0,40,0,0,40,1.82
978,40,0,3,1,4.095999989658594,4,4,0,0,40,0,0,40,1.82
979,2,0,0,0,14.336000196635723,4,4,0,0,40,0,0,40,2.84
979,2,0,1,0,74.75200295448303,4,4,0,0,40,0,0,40,2.84
979,2,0,2,0,9.216000325977802,4,4,0,0,40,0,0,40,2.84
979,2,0,3,0,5.119999870657921,4,4,0,0,40,0,0,40,2.84
979,24,0,0,0,8.191999979317188,4,4,0,0,40,0,0,40,1.909
979,24,0,1,0,68.60800087451935,4,4,0,0,40,0,0,40,1.909
979,24,0,2,0,9.216000325977802,4,4,0,0,40,0,0,40,1.909
979,24,0,3,0,3.0720001086592674,4,4,0,0,40,0,0,40,1.909
979,40,0,0,1,8.191999979317188,4,4,0,0,40,0,0,40,3.92
979,40,0,1,1,68.60800087451935,4,4,0,0,40,0,0,40,3.92
979,40,0,2,1,9.216000325977802,4,4,0,0,40,0,0,40,3.92
979,40,0,3,1,4.095999989658594,4,4,0,0,40,0,0,40,3.92
980,2,0,0,0,14.336000196635723,4,4,0,0,40,0,0,40,2.43
980,2,0,1,0,83.96799862384796,4,4,0,0,40,0,0,40,2.43
980,2,0,2,0,8.191999979317188,4,4,0,0,40,0,0,40,2.43
980,2,0,3,0,6.144000217318535,4,4,0,0,40,0,0,40,2.43
980,24,0,0,0,8.191999979317188,4,4,0,4,36,0,0,40,108.88
980,24,0,1,0,64.51199948787689,4,4,0,4,36,0,0,40,108.88
980,24,0,2,0,9.216000325977802,4,4,0,4,36,0,0,40,108.88
980,24,0,3,0,23.552000522613525,4,4,0,4,36,0,0,40,108.88
980,40,0,0,1,14.336000196635723,4,4,0,1,39,0,0,40,75.529
980,40,0,1,1,74.75200295448303,4,4,0,1,39,0,0,40,75.529
980,40,0,2,1,8.191999979317188,4,4,0,1,39,0,0,40,75.529
980,40,0,3,1,3.0720001086592674,4,4,0,1,39,0,0,40,75.529
981,2,0,0,0,15.359999611973763,4,4,0,0,40,0,0,40,2.85
981,2,0,1,0,83.96799862384796,4,4,0,0,40,0,0,40,2.85
981,2,0,2,0,9.216000325977802,4,4,0,0,40,0,0,40,2.85
981,2,0,3,0,5.119999870657921,4,4,0,0,40,0,0,40,2.85
981,24,0,0,0,8.191999979317188,4,4,0,2,38,0,0,40,62.0
981,24,0,1,0,66.56000018119812,4,4,0,2,38,0,0,40,62.0
981,24,0,2,0,9.216000325977802,4,4,0,2,38,0,0,40,62.0
981,24,0,3,0,4.095999989658594,4,4,0,2,38,0,0,40,62.0
981,40,0,0,1,14.336000196635723,4,4,0,2,38,0,0,40,127.73
981,40,0,1,1,77.82399654388428,4,4,0,2,38,0,0,40,127.73
981,40,0,2,1,9.216000325977802,4,4,0,2,38,0,0,40,127.73
981,40,0,3,1,22.52800017595291,4,4,0,2,38,0,0,40,127.73
982,2,0,0,0,14.336000196635723,4,4,0,0,40,0,0,40,4.791
982,2,0,1,0,68.60800087451935,4,4,0,0,40,0,0,40,4.791
982,2,0,2,0,9.216000325977802,4,4,0,0,40,0,0,40,4.791
982,2,0,3,0,5.119999870657921,4,4,0,0,40,0,0,40,4.791
982,24,0,0,0,8.191999979317188,4,4,0,1,39,0,0,40,66.559
982,24,0,1,0,73.72800260782242,4,4,0,1,39,0,0,40,66.559
982,24,0,2,0,9.216000325977802,4,4,0,1,39,0,0,40,66.559
982,24,0,3,0,4.095999989658594,4,4,0,1,39,0,0,40,66.559
982,40,0,0,1,15.359999611973763,4,4,0,2,38,0,0,40,72.151
982,40,0,1,1,62.463998794555664,4,4,0,2,38,0,0,40,72.151
982,40,0,2,1,8.191999979317188,4,4,0,2,38,0,0,40,72.151
982,40,0,3,1,4.095999989658594,4,4,0,2,38,0,0,40,72.151
983,2,0,0,0,14.336000196635723,4,4,0,0,40,0,0,40,2.49
983,2,0,1,0,82.94399827718735,4,4,0,0,40,0,0,40,2.49
983,2,0,2,0,9.216000325977802,4,4,0,0,40,0,0,40,2.49
983,2,0,3,0,4.095999989658594,4,4,0,0,40,0,0,40,2.49
983,24,0,0,0,8.191999979317188,4,4,0,1,39,0,0,40,51.9
983,24,0,1,0,73.72800260782242,4,4,0,1,39,0,0,40,51.9
983,24,0,2,0,9.216000325977802,4,4,0,1,39,0,0,40,51.9
983,24,0,3,0,4.095999989658594,4,4,0,1,39,0,0,40,51.9
983,40,0,0,1,9.216000325977802,4,4,0,3,37,0,0,40,121.329
983,40,0,1,1,56.32000043988228,4,4,0,3,37,0,0,40,121.329
983,40,0,2,1,8.191999979317188,4,4,0,3,37,0,0,40,121.329
983,40,0,3,1,49.15200173854828,4,4,0,3,37,0,0,40,121.329
984,2,0,0,0,14.336000196635723,4,4,0,0,40,0,0,40,2.7
984,2,0,1,0,82.94399827718735,4,4,0,0,40,0,0,40,2.7
984,2,0,2,0,9.216000325977802,4,4,0,0,40,0,0,40,2.7
984,2,0,3,0,5.119999870657921,4,4,0,0,40,0,0,40,2.7
984,24,0,0,0,8.191999979317188,4,4,0,0,40,0,0,40,2.92
984,24,0,1,0,72.7040022611618,4,4,0,0,40,0,0,40,2.92
984,24,0,2,0,9.216000325977802,4,4,0,0,40,0,0,40,2.92
984,24,0,3,0,4.095999989658594,4,4,0,0,40,0,0,40,2.92
984,40,0,0,1,9.216000325977802,4,4,0,0,40,0,0,40,3.391
984,40,0,1,1,69.63200122117996,4,4,0,0,40,0,0,40,3.391
984,40,0,2,1,9.216000325977802,4,4,0,0,40,0,0,40,3.391
984,40,0,3,1,4.095999989658594,4,4,0,0,40,0,0,40,3.391
985,2,0,0,0,14.336000196635723,4,4,0,0,40,0,0,40,2.87
985,2,0,1,0,88.06400001049042,4,4,0,0,40,0,0,40,2.87
985,2,0,2,0,9.216000325977802,4,4,0,0,40,0,0,40,2.87
985,2,0,3,0,5.119999870657921,4,4,0,0,40,0,0,40,2.87
985,24,0,0,0,8.191999979317188,4,4,0,0,40,0,0,40,2.92
985,24,0,1,0,80.89599758386612,4,4,0,0,40,0,0,40,2.92
985,24,0,2,0,8.191999979317188,4,4,0,0,40,0,0,40,2.92
985,24,0,3,0,4.095999989658594,4,4,0,0,40,0,0,40,2.92
985,40,0,0,1,9.216000325977802,4,4,0,3,37,0,0,40,223.649
985,40,0,1,1,71.68000191450119,4,4,0,3,37,0,0,40,223.649
985,40,0,2,1,9.216000325977802,4,4,0,3,37,0,0,40,223.649
985,40,0,3,1,131.071999669075,4,4,0,3,37,0,0,40,223.649
986,2,0,0,0,14.336000196635723,4,4,0,0,40,0,0,40,4.31
986,2,0,1,0,88.06400001049042,4,4,0,0,40,0,0,40,4.31
986,2,0,2,0,9.216000325977802,4,4,0,0,40,0,0,40,4.31
986,2,0,3,0,4.095999989658594,4,4,0,0,40,0,0,40,4.31
986,24,0,0,0,8.191999979317188,4,4,0,1,39,0,0,40,59.899
986,24,0,1,0,74.75200295448303,4,4,0,1,39,0,0,40,59.899
986,24,0,2,0,9.216000325977802,4,4,0,1,39,0,0,40,59.899
986,24,0,3,0,4.095999989658594,4,4,0,1,39,0,0,40,59.899
986,40,0,0,1,16.383999958634377,4,4,0,3,36,1,0,40,162.359
986,40,0,1,1,69.63200122117996,4,4,0,3,36,1,0,40,162.359
986,40,0,2,1,190.46400487422943,4,4,0,3,36,1,0,40,162.359
986,40,0,3,1,4.095999989658594,4,4,0,3,36,1,0,40,162.359
987,2,0,0,0,13.311999849975109,4,4,0,0,40,0,0,40,3.43
987,2,0,1,0,66.56000018119812,4,4,0,0,40,0,0,40,3.43
987,2,0,2,0,8.191999979317188,4,4,0,0,40,0,0,40,3.43
987,2,0,3,0,4.095999989658594,4,4,0,0,40,0,0,40,3.43
987,24,0,0,0,8.191999979317188,4,4,0,1,39,0,0,40,61.569
987,24,0,1,0,89.08800035715103,4,4,0,1,39,0,0,40,61.569
987,24,0,2,0,8.191999979317188,4,4,0,1,39,0,0,40,61.569
987,24,0,3,0,4.095999989658594,4,4,0,1,39,0,0,40,61.569
987,40,0,0,1,16.383999958634377,4,4,0,1,39,0,0,40,80.229
987,40,0,1,1,89.08800035715103,4,4,0,1,39,0,0,40,80.229
987,40,0,2,1,8.191999979317188,4,4,0,1,39,0,0,40,80.229
987,40,0,3,1,4.095999989658594,4,4,0,1,39,0,0,40,80.229
988,2,0,0,0,14.336000196635723,4,4,0,0,40,0,0,40,2.129
988,2,0,1,0,79.8719972372055,4,4,0,0,40,0,0,40,2.129
988,2,0,2,0,9.216000325977802,4,4,0,0,40,0,0,40,2.129
988,2,0,3,0,5.119999870657921,4,4,0,0,40,0,0,40,2.129
988,24,0,0,0,9.216000325977802,4,4,0,0,40,0,0,40,2.72
988,24,0,1,0,73.72800260782242,4,4,0,0,40,0,0,40,2.72
988,24,0,2,0,8.191999979317188,4,4,0,0,40,0,0,40,2.72
988,24,0,3,0,3.0720001086592674,4,4,0,0,40,0,0,40,2.72
988,40,0,0,1,9.216000325977802,4,4,0,0,40,0,0,40,2.28
988,40,0,1,1,69.63200122117996,4,4,0,0,40,0,0,40,2.28
988,40,0,2,1,9.216000325977802,4,4,0,0,40,0,0,40,2.28
988,40,0,3,1,4.095999989658594,4,4,0,0,40,0,0,40,2.28
989,2,0,0,0,14.336000196635723,4,4,0,0,40,0,0,40,2.791
989,2,0,1,0,76.80000364780426,4,4,0,0,40,0,0,40,2.791
989,2,0,2,0,9.216000325977802,4,4,0,0,40,0,0,40,2.791
989,2,0,3,0,5.119999870657921,4,4,0,0,40,0,0,40,2.791
989,24,0,0,0,8.191999979317188,4,4,0,0,40,0,0,40,2.2
989,24,0,1,0,66.56000018119812,4,4,0,0,40,0,0,40,2.2
989,24,0,2,0,9.216000325977802,4,4,0,0,40,0,0,40,2.2
989,24,0,3,0,4.095999989658594,4,4,0,0,40,0,0,40,2.2
989,40,0,0,1,9.216000325977802,4,4,0,0,40,0,0,40,2.06
989,40,0,1,1,73.72800260782242,4,4,0,0,40,0,0,40,2.06
989,40,0,2,1,9.216000325977802,4,4,0,0,40,0,0,40,2.06
989,40,0,3,1,4.095999989658594,4,4,0,0,40,0,0,40,2.06
990,2,0,0,0,8.191999979317188,3,3,0,1,29,0,0,30,77.639
990,2,0,1,0,61.43999844789505,3,3,0,1,29,0,0,30,77.639
990,2,0,2,0,9.216000325977802,3,3,0,1,29,0,0,30,77.639
990,2,0,3,0,5.119999870657921,3,3,0,1,29,0,0,30,77.639
990,24,0,0,0,8.191999979317188,3,3,0,1,29,0,0,30,61.879
990,24,0,1,0,57.34400078654289,3,3,0,1,29,0,0,30,61.879
990,24,0,2,0,9.216000325977802,3,3,0,1,29,0,0,30,61.879
990,24,0,3,0,4.095999989658594,3,3,0,1,29,0,0,30,61.879
990,40,0,0,1,8.191999979317188,3,3,0,0,30,0,0,30,1.45
990,40,0,1,1,64.51199948787689,3,3,0,0,30,0,0,30,1.45
990,40,0,2,1,9.216000325977802,3,3,0,0,30,0,0,30,1.45
990,40,0,3,1,5.119999870657921,3,3,0,0,30,0,0,30,1.45
991,2,0,0,0,14.336000196635723,4,4,0,0,40,0,0,40,3.36
991,2,0,1,0,80.89599758386612,4,4,0,0,40,0,0,40,3.36
991,2,0,2,0,9.216000325977802,4,4,0,0,40,0,0,40,3.36
991,2,0,3,0,5.119999870657921,4,4,0,0,40,0,0,40,3.36
991,24,0,0,0,8.191999979317188,4,4,0,3,37,0,0,40,250.839
991,24,0,1,0,62.463998794555664,4,4,0,3,37,0,0,40,250.839
991,24,0,2,0,9.216000325977802,4,4,0,3,37,0,0,40,250.839
991,24,0,3,0,166.9120043516159,4,4,0,3,37,0,0,40,250.839
991,40,0,0,1,8.191999979317188,4,4,0,0,40,0,0,40,2.01
991,40,0,1,1,81.91999793052673,4,4,0,0,40,0,0,40,2.01
991,40,0,2,1,9.216000325977802,4,4,0,0,40,0,0,40,2.01
991,40,0,3,1,4.095999989658594,4,4,0,0,40,0,0,40,2.01
992,2,0,0,0,14.336000196635723,4,4,0,0,40,0,0,40,2.24
992,2,0,1,0,65.5359998345375,4,4,0,0,40,0,0,40,2.24
992,2,0,2,0,9.216000325977802,4,4,0,0,40,0,0,40,2.24
992,2,0,3,0,5.119999870657921,4,4,0,0,40,0,0,40,2.24
992,24,0,0,0,8.191999979317188,4,4,0,0,40,0,0,40,2.19
992,24,0,1,0,70.65600156784058,4,4,0,0,40,0,0,40,2.19
992,24,0,2,0,9.216000325977802,4,4,0,0,40,0,0,40,2.19
992,24,0,3,0,4.095999989658594,4,4,0,0,40,0,0,40,2.19
992,40,0,0,1,9.216000325977802,4,4,0,0,40,0,0,40,1.56
992,40,0,1,1,60.416001826524734,4,4,0,0,40,0,0,40,1.56
992,40,0,2,1,9.216000325977802,4,4,0,0,40,0,0,40,1.56
992,40,0,3,1,4.095999989658594,4,4,0,0,40,0,0,40,1.56
993,2,0,0,0,15.359999611973763,4,4,0,1,39,0,0,40,61.999
993,2,0,1,0,79.8719972372055,4,4,0,1,39,0,0,40,61.999
993,2,0,2,0,9.216000325977802,4,4,0,1,39,0,0,40,61.999
993,2,0,3,0,5.119999870657921,4,4,0,1,39,0,0,40,61.999
993,24,0,0,0,8.191999979317188,4,4,0,0,40,0,0,40,1.86
993,24,0,1,0,60.416001826524734,4,4,0,0,40,0,0,40,1.86
993,24,0,2,0,9.216000325977802,4,4,0,0,40,0,0,40,1.86
993,24,0,3,0,4.095999989658594,4,4,0,0,40,0,0,40,1.86
993,40,0,0,1,9.216000325977802,4,4,0,0,40,0,0,40,2.24
993,40,0,1,1,62.463998794555664,4,4,0,0,40,0,0,40,2.24
993,40,0,2,1,9.216000325977802,4,4,0,0,40,0,0,40,2.24
993,40,0,3,1,4.095999989658594,4,4,0,0,40,0,0,40,2.24
994,2,0,0,0,13.311999849975109,4,4,0,0,40,0,0,40,3.75
994,2,0,1,0,82.94399827718735,4,4,0,0,40,0,0,40,3.75
994,2,0,2,0,9.216000325977802,4,4,0,0,40,0,0,40,3.75
994,2,0,3,0,5.119999870657921,4,4,0,0,40,0,0,40,3.75
994,24,0,0,0,9.216000325977802,4,4,0,1,39,0,0,40,67.39
994,24,0,1,0,76.80000364780426,4,4,0,1,39,0,0,40,67.39
994,24,0,2,0,9.216000325977802,4,4,0,1,39,0,0,40,67.39
994,24,0,3,0,4.095999989658594,4,4,0,1,39,0,0,40,67.39
994,40,0,0,1,8.191999979317188,4,4,0,0,40,0,0,40,2.7
994,40,0,1,1,57.34400078654289,4,4,0,0,40,0,0,40,2.7
994,40,0,2,1,9.216000325977802,4,4,0,0,40,0,0,40,2.7
994,40,0,3,1,4.095999989658594,4,4,0,0,40,0,0,40,2.7
995,2,0,0,0,14.336000196635723,4,4,0,0,40,0,0,40,2.34
995,2,0,1,0,71.68000191450119,4,4,0,0,40,0,0,40,2.34
995,2,0,2,0,9.216000325977802,4,4,0,0,40,0,0,40,2.34
995,2,0,3,0,4.095999989658594,4,4,0,0,40,0,0,40,2.34
995,24,0,0,0,8.191999979317188,4,4,0,0,40,0,0,40,2.04
995,24,0,1,0,75.77600330114365,4,4,0,0,40,0,0,40,2.04
995,24,0,2,0,9.216000325977802,4,4,0,0,40,0,0,40,2.04
995,24,0,3,0,4.095999989658594,4,4,0,0,40,0,0,40,2.04
995,40,0,0,1,10.239999741315842,4,4,0,0,40,0,0,40,1.9
995,40,0,1,1,77.82399654388428,4,4,0,0,40,0,0,40,1.9
995,40,0,2,1,9.216000325977802,4,4,0,0,40,0,0,40,1.9
995,40,0,3,1,4.095999989658594,4,4,0,0,40,0,0,40,1.9
996,2,0,0,0,9.216000325977802,4,4,0,0,40,0,0,40,3.809
996,2,0,1,0,73.72800260782242,4,4,0,0,40,0,0,40,3.809
996,2,0,2,0,9.216000325977802,4,4,0,0,40,0,0,40,3.809
996,2,0,3,0,4.095999989658594,4,4,0,0,40,0,0,40,3.809
996,24,0,0,0,8.191999979317188,4,4,0,0,40,0,0,40,2.371
996,24,0,1,0,72.7040022611618,4,4,0,0,40,0,0,40,2.371
996,24,0,2,0,8.191999979317188,4,4,0,0,40,0,0,40,2.371
996,24,0,3,0,4.095999989658594,4,4,0,0,40,0,0,40,2.371
996,40,0,0,1,9.216000325977802,4,4,0,0,40,0,0,40,2.22
996,40,0,1,1,78.84799689054489,4,4,0,0,40,0,0,40,2.22
996,40,0,2,1,9.216000325977802,4,4,0,0,40,0,0,40,2.22
996,40,0,3,1,4.095999989658594,4,4,0,0,40,0,0,40,2.22
997,2,0,0,0,3897.3441123962402,4,4,0,0,40,0,0,40,5.64
997,2,0,1,0,63.48799914121628,4,4,0,0,40,0,0,40,5.64
997,2,0,2,0,8.191999979317188,4,4,0,0,40,0,0,40,5.64
997,2,0,3,0,5.119999870657921,4,4,0,0,40,0,0,40,5.64
997,24,0,0,0,9.216000325977802,4,4,0,0,40,0,0,40,4.46
997,24,0,1,0,82.94399827718735,4,4,0,0,40,0,0,40,4.46
997,24,0,2,0,9.216000325977802,4,4,0,0,40,0,0,40,4.46
997,24,0,3,0,4.095999989658594,4,4,0,0,40,0,0,40,4.46
997,40,0,0,1,15.359999611973763,4,4,0,1,39,0,0,40,301.959
997,40,0,1,1,64.51199948787689,4,4,0,1,39,0,0,40,301.959
997,40,0,2,1,9.216000325977802,4,4,0,1,39,0,0,40,301.959
997,40,0,3,1,208.8959962129593,4,4,0,1,39,0,0,40,301.959
998,2,0,0,0,9.216000325977802,3,3,0,0,30,0,0,30,1.88
998,2,0,1,0,72.7040022611618,3,3,0,0,30,0,0,30,1.88
998,2,0,2,0,8.191999979317188,3,3,0,0,30,0,0,30,1.88
998,2,0,3,0,5.119999870657921,3,3,0,0,30,0,0,30,1.88
998,24,0,0,0,10.239999741315842,3,3,0,0,30,0,0,30,1.65
998,24,0,1,0,68.60800087451935,3,3,0,0,30,0,0,30,1.65
998,24,0,2,0,9.216000325977802,3,3,0,0,30,0,0,30,1.65
998,24,0,3,0,4.095999989658594,3,3,0,0,30,0,0,30,1.65
998,40,0,0,1,9.216000325977802,3,3,0,0,30,0,0,30,3.589
998,40,0,1,1,60.416001826524734,3,3,0,0,30,0,0,30,3.589
998,40,0,2,1,8.191999979317188,3,3,0,0,30,0,0,30,3.589
998,40,0,3,1,4.095999989658594,3,3,0,0,30,0,0,30,3.589
999,2,0,0,0,14.336000196635723,4,4,0,0,40,0,0,40,2.909
999,2,0,1,0,83.96799862384796,4,4,0,0,40,0,0,40,2.909
999,2,0,2,0,9.216000325977802,4,4,0,0,40,0,0,40,2.909
999,2,0,3,0,5.119999870657921,4,4,0,0,40,0,0,40,2.909
999,24,0,0,0,8.191999979317188,4,4,0,0,40,0,0,40,3.58
999,24,0,1,0,89.08800035715103,4,4,0,0,40,0,0,40,3.58
999,24,0,2,0,9.216000325977802,4,4,0,0,40,0,0,40,3.58
999,24,0,3,0,4.095999989658594,4,4,0,0,40,0,0,40,3.58
999,40,0,0,1,1188.86399269104,4,4,0,2,38,0,0,40,122.191
999,40,0,1,1,81.91999793052673,4,4,0,2,38,0,0,40,122.191
999,40,0,2,1,8.191999979317188,4,4,0,2,38,0,0,40,122.191
999,40,0,3,1,19.45599913597107,4,4,0,2,38,0,0,40,122.191
1000,2,0,0,0,15.359999611973763,4,4,0,1,39,0,0,40,77.219
1000,2,0,1,0,57.34400078654289,4,4,0,1,39,0,0,40,77.219
1000,2,0,2,0,8.191999979317188,4,4,0,1,39,0,0,40,77.219
1000,2,0,3,0,4.095999989658594,4,4,0,1,39,0,0,40,77.219
1000,24,0,0,0,2968.575954437256,4,4,0,1,39,0,0,40,137.69
1000,24,0,1,0,89.08800035715103,4,4,0,1,39,0,0,40,137.69
1000,24,0,2,0,9.216000325977802,4,4,0,1,39,0,0,40,137.69
1000,24,0,3,0,27.648000046610832,4,4,0,1,39,0,0,40,137.69
1000,40,0,0,1,99.32799637317657,4,4,0,0,40,0,0,40,3.46
1000,40,0,1,1,94.2080020904541,4,4,0,0,40,0,0,40,3.46
1000,40,0,2,1,9.216000325977802,4,4,0,0,40,0,0,40,3.46
1000,40,0,3,1,4.095999989658594,4,4,0,0,40,0,0,40,3.46
1001,2,0,0,0,16.383999958634377,4,4,0,1,39,0,0,40,78.5
1001,2,0,1,0,78.84799689054489,4,4,0,1,39,0,0,40,78.5
1001,2,0,2,0,9.216000325977802,4,4,0,1,39,0,0,40,78.5
1001,2,0,3,0,5.119999870657921,4,4,0,1,39,0,0,40,78.5
1001,24,0,0,0,8.191999979317188,4,4,0,2,38,0,0,40,194.369
1001,24,0,1,0,73.72800260782242,4,4,0,2,38,0,0,40,194.369
1001,24,0,2,0,9.216000325977802,4,4,0,2,38,0,0,40,194.369
1001,24,0,3,0,100.35199671983719,4,4,0,2,38,0,0,40,194.369
1001,40,0,0,1,16.383999958634377,4,4,0,1,39,0,0,40,68.799
1001,40,0,1,1,92.16000139713287,4,4,0,1,39,0,0,40,68.799
1001,40,0,2,1,9.216000325977802,4,4,0,1,39,0,0,40,68.799
1001,40,0,3,1,4.095999989658594,4,4,0,1,39,0,0,40,68.799
1002,2,0,0,0,14.336000196635723,4,4,0,0,40,0,0,40,2.59
1002,2,0,1,0,93.18400174379349,4,4,0,0,40,0,0,40,2.59
1002,2,0,2,0,9.216000325977802,4,4,0,0,40,0,0,40,2.59
1002,2,0,3,0,5.119999870657921,4,4,0,0,40,0,0,40,2.59
1002,24,0,0,0,8.191999979317188,4,4,0,3,36,1,0,40,158.7
1002,24,0,1,0,83.96799862384796,4,4,0,3,36,1,0,40,158.7
1002,24,0,2,0,168.96000504493713,4,4,0,3,36,1,0,40,158.7
1002,24,0,3,0,4.095999989658594,4,4,0,3,36,1,0,40,158.7
1002,40,0,0,1,14.336000196635723,4,4,0,3,37,0,0,40,375.898
1002,40,0,1,1,78.84799689054489,4,4,0,3,37,0,0,40,375.898
1002,40,0,2,1,9.216000325977802,4,4,0,3,37,0,0,40,375.898
1002,40,0,3,1,268.2879865169525,4,4,0,3,37,0,0,40,375.898
1003,2,0,0,0,14.336000196635723,4,4,0,0,40,0,0,40,2.95
1003,2,0,1,0,77.82399654388428,4,4,0,0,40,0,0,40,2.95
1003,2,0,2,0,8.191999979317188,4,4,0,0,40,0,0,40,2.95
1003,2,0,3,0,4.095999989658594,4,4,0,0,40,0,0,40,2.95
1003,24,0,0,0,8.191999979317188,4,4,0,2,38,0,0,40,64.799
1003,24,0,1,0,76.80000364780426,4,4,0,2,38,0,0,40,64.799
1003,24,0,2,0,9.216000325977802,4,4,0,2,38,0,0,40,64.799
1003,24,0,3,0,4.095999989658594,4,4,0,2,38,0,0,40,64.799
1003,40,0,0,1,130.048006772995,4,4,0,1,39,0,0,40,57.36
1003,40,0,1,1,68.60800087451935,4,4,0,1,39,0,0,40,57.36
1003,40,0,2,1,9.216000325977802,4,4,0,1,39,0,0,40,57.36
1003,40,0,3,1,4.095999989658594,4,4,0,1,39,0,0,40,57.36
1004,2,0,0,0,9.216000325977802,4,4,0,1,39,0,0,40,83.569
1004,2,0,1,0,77.82399654388428,4,4,0,1,39,0,0,40,83.569
1004,2,0,2,0,8.191999979317188,4,4,0,1,39,0,0,40,83.569
1004,2,0,3,0,4.095999989658594,4,4,0,1,39,0,0,40,83.569
1004,24,0,0,0,9.216000325977802,4,4,0,1,39,0,0,40,62.85
1004,24,0,1,0,74.75200295448303,4,4,0,1,39,0,0,40,62.85
1004,24,0,2,0,9.216000325977802,4,4,0,1,39,0,0,40,62.85
1004,24,0,3,0,4.095999989658594,4,4,0,1,39,0,0,40,62.85
1004,40,0,0,1,8.191999979317188,4,4,0,0,40,0,0,40,2.4
1004,40,0,1,1,76.80000364780426,4,4,0,0,40,0,0,40,2.4
1004,40,0,2,1,9.216000325977802,4,4,0,0,40,0,0,40,2.4
1004,40,0,3,1,4.095999989658594,4,4,0,0,40,0,0,40,2.4
1005,2,0,0,0,14.336000196635723,4,4,0,0,40,0,0,40,3.88
1005,2,0,1,0,75.77600330114365,4,4,0,0,40,0,0,40,3.88
1005,2,0,2,0,9.216000325977802,4,4,0,0,40,0,0,40,3.88
1005,2,0,3,0,5.119999870657921,4,4,0,0,40,0,0,40,3.88
1005,24,0,0,0,7.168000098317862,4,4,0,1,39,0,0,40,86.79
1005,24,0,1,0,86.01599931716919,4,4,0,1,39,0,0,40,86.79
1005,24,0,2,0,9.216000325977802,4,4,0,1,39,0,0,40,86.79
1005,24,0,3,0,4.095999989658594,4,4,0,1,39,0,0,40,86.79
1005,40,0,0,1,9.216000325977802,4,4,0,1,39,0,0,40,60.63
1005,40,0,1,1,86.01599931716919,4,4,0,1,39,0,0,40,60.63
1005,40,0,2,1,9.216000325977802,4,4,0,1,39,0,0,40,60.63
1005,40,0,3,1,4.095999989658594,4,4,0,1,39,0,0,40,60.63
1006,2,0,0,0,16.383999958634377,4,4,0,0,40,0,0,40,2.509
1006,2,0,1,0,80.89599758386612,4,4,0,0,40,0,0,40,2.509
1006,2,0,2,0,9.216000325977802,4,4,0,0,40,0,0,40,2.509
1006,2,0,3,0,4.095999989658594,4,4,0,0,40,0,0,40,2.509
1006,24,0,0,0,8.191999979317188,4,4,0,2,38,0,0,40,92.73
1006,24,0,1,0,67.58400052785873,4,4,0,2,38,0,0,40,92.73
1006,24,0,2,0,9.216000325977802,4,4,0,2,38,0,0,40,92.73
1006,24,0,3,0,4.095999989658594,4,4,0,2,38,0,0,40,92.73
1006,40,0,0,1,9.216000325977802,4,4,0,0,40,0,0,40,3.72
1006,40,0,1,1,65.5359998345375,4,4,0,0,40,0,0,40,3.72
1006,40,0,2,1,9.216000325977802,4,4,0,0,40,0,0,40,3.72
1006,40,0,3,1,4.095999989658594,4,4,0,0,40,0,0,40,3.72
1007,2,0,0,0,8.191999979317188,4,4,0,1,39,0,0,40,139.02
1007,2,0,1,0,64.51199948787689,4,4,0,1,39,0,0,40,139.02
1007,2,0,2,0,9.216000325977802,4,4,0,1,39,0,0,40,139.02
1007,2,0,3,0,54.27199974656105,4,4,0,1,39,0,0,40,139.02
1007,24,0,0,0,59.39200147986412,4,4,0,2,38,0,0,40,82.619
1007,24,0,1,0,71.68000191450119,4,4,0,2,38,0,0,40,82.619
1007,24,0,2,0,9.216000325977802,4,4,0,2,38,0,0,40,82.619
1007,24,0,3,0,4.095999989658594,4,4,0,2,38,0,0,40,82.619
1007,40,0,0,1,9.216000325977802,4,4,0,1,39,0,0,40,70.989
1007,40,0,1,1,81.91999793052673,4,4,0,1,39,0,0,40,70.989
1007,40,0,2,1,9.216000325977802,4,4,0,1,39,0,0,40,70.989
1007,40,0,3,1,4.095999989658594,4,4,0,1,39,0,0,40,70.989
1008,2,0,0,0,13.311999849975109,4,4,0,0,40,0,0,40,4.68
1008,2,0,1,0,73.72800260782242,4,4,0,0,40,0,0,40,4.68
1008,2,0,2,0,9.216000325977802,4,4,0,0,40,0,0,40,4.68
1008,2,0,3,0,4.095999989658594,4,4,0,0,40,0,0,40,4.68
1008,24,0,0,0,9.216000325977802,4,4,0,1,39,0,0,40,63.96
1008,24,0,1,0,81.91999793052673,4,4,0,1,39,0,0,40,63.96
1008,24,0,2,0,8.191999979317188,4,4,0,1,39,0,0,40,63.96
1008,24,0,3,0,4.095999989658594,4,4,0,1,39,0,0,40,63.96
1008,40,0,0,1,14.336000196635723,4,4,0,3,37,0,0,40,141.839
1008,40,0,1,1,90.11200070381165,4,4,0,3,37,0,0,40,141.839
1008,40,0,2,1,9.216000325977802,4,4,0,3,37,0,0,40,141.839
1008,40,0,3,1,23.552000522613525,4,4,0,3,37,0,0,40,141.839
1009,2,0,0,0,14.336000196635723,4,4,0,0,40,0,0,40,3.489
1009,2,0,1,0,74.75200295448303,4,4,0,0,40,0,0,40,3.489
1009,2,0,2,0,9.216000325977802,4,4,0,0,40,0,0,40,3.489
1009,2,0,3,0,5.119999870657921,4,4,0,0,40,0,0,40,3.489
1009,24,0,0,0,9.216000325977802,4,4,0,0,40,0,0,40,3.151
1009,24,0,1,0,82.94399827718735,4,4,0,0,40,0,0,40,3.151
1009,24,0,2,0,9.216000325977802,4,4,0,0,40,0,0,40,3.151
1009,24,0,3,0,4.095999989658594,4,4,0,0,40,0,0,40,3.151
1009,40,0,0,1,15.359999611973763,4,4,0,2,38,0,0,40,86.209
1009,40,0,1,1,83.96799862384796,4,4,0,2,38,0,0,40,86.209
1009,40,0,2,1,9.216000325977802,4,4,0,2,38,0,0,40,86.209
1009,40,0,3,1,4.095999989658594,4,4,0,2,38,0,0,40,86.209
1010,2,0,0,0,14.336000196635723,4,4,0,0,40,0,0,40,2.949
1010,2,0,1,0,73.72800260782242,4,4,0,0,40,0,0,40,2.949
1010,2,0,2,0,9.216000325977802,4,4,0,0,40,0,0,40,2.949
1010,2,0,3,0,7.168000098317862,4,4,0,0,40,0,0,40,2.949
1010,24,0,0,0,8.191999979317188,4,4,0,2,38,0,0,40,2250.343
1010,24,0,1,0,81.91999793052673,4,4,0,2,38,0,0,40,2250.343
1010,24,0,2,0,8.191999979317188,4,4,0,2,38,0,0,40,2250.343
1010,24,0,3,0,2146.30389213562,4,4,0,2,38,0,0,40,2250.343
1010,40,0,0,1,15.359999611973763,4,4,0,3,37,0,0,40,542.478
1010,40,0,1,1,86.01599931716919,4,4,0,3,37,0,0,40,542.478
1010,40,0,2,1,9.216000325977802,4,4,0,3,37,0,0,40,542.478
1010,40,0,3,1,427.0080029964447,4,4,0,3,37,0,0,40,542.478
1011,2,0,0,0,9.216000325977802,4,4,0,1,39,0,0,40,65.53
1011,2,0,1,0,87.0399996638298,4,4,0,1,39,0,0,40,65.53
1011,2,0,2,0,9.216000325977802,4,4,0,1,39,0,0,40,65.53
1011,2,0,3,0,4.095999989658594,4,4,0,1,39,0,0,40,65.53
1011,24,0,0,0,8.191999979317188,4,4,0,1,39,0,0,40,73.01
1011,24,0,1,0,88.06400001049042,4,4,0,1,39,0,0,40,73.01
1011,24,0,2,0,9.216000325977802,4,4,0,1,39,0,0,40,73.01
1011,24,0,3,0,4.095999989658594,4,4,0,1,39,0,0,40,73.01
1011,40,0,0,1,15.359999611973763,4,4,0,2,38,0,0,40,323.579
1011,40,0,1,1,89.08800035715103,4,4,0,2,38,0,0,40,323.579
1011,40,0,2,1,9.216000325977802,4,4,0,2,38,0,0,40,323.579
1011,40,0,3,1,204.79999482631683,4,4,0,2,38,0,0,40,323.579
1012,2,0,0,0,13.311999849975109,4,4,0,0,40,0,0,40,3.16
1012,2,0,1,0,77.82399654388428,4,4,0,0,40,0,0,40,3.16
1012,2,0,2,0,9.216000325977802,4,4,0,0,40,0,0,40,3.16
1012,2,0,3,0,7.168000098317862,4,4,0,0,40,0,0,40,3.16
1012,24,0,0,0,8.191999979317188,4,4,0,1,39,0,0,40,60.6
1012,24,0,1,0,81.91999793052673,4,4,0,1,39,0,0,40,60.6
1012,24,0,2,0,8.191999979317188,4,4,0,1,39,0,0,40,60.6
1012,24,0,3,0,4.095999989658594,4,4,0,1,39,0,0,40,60.6
1012,40,0,0,1,9.216000325977802,4,4,0,3,36,1,0,40,303.088
1012,40,0,1,1,81.91999793052673,4,4,0,3,36,1,0,40,303.088
1012,40,0,2,1,190.46400487422943,4,4,0,3,36,1,0,40,303.088
1012,40,0,3,1,16.383999958634377,4,4,0,3,36,1,0,40,303.088
1013,2,0,0,0,14.336000196635723,4,4,0,0,40,0,0,40,3.54
1013,2,0,1,0,88.06400001049042,4,4,0,0,40,0,0,40,3.54
1013,2,0,2,0,8.191999979317188,4,4,0,0,40,0,0,40,3.54
1013,2,0,3,0,5.119999870657921,4,4,0,0,40,0,0,40,3.54
1013,24,0,0,0,8.191999979317188,4,4,0,1,39,0,0,40,78.669
1013,24,0,1,0,77.82399654388428,4,4,0,1,39,0,0,40,78.669
1013,24,0,2,0,9.216000325977802,4,4,0,1,39,0,0,40,78.669
1013,24,0,3,0,4.095999989658594,4,4,0,1,39,0,0,40,78.669
1013,40,0,0,1,15.359999611973763,4,4,0,1,39,0,0,40,71.43
1013,40,0,1,1,97.28000313043594,4,4,0,1,39,0,0,40,71.43
1013,40,0,2,1,9.216000325977802,4,4,0,1,39,0,0,40,71.43
1013,40,0,3,1,4.095999989658594,4,4,0,1,39,0,0,40,71.43
1014,2,0,0,0,14.336000196635723,4,4,0,0,40,0,0,40,3.071
1014,2,0,1,0,69.63200122117996,4,4,0,0,40,0,0,40,3.071
1014,2,0,2,0,9.216000325977802,4,4,0,0,40,0,0,40,3.071
1014,2,0,3,0,5.119999870657921,4,4,0,0,40,0,0,40,3.071
1014,24,0,0,0,8.191999979317188,4,4,0,0,40,0,0,40,2.25
1014,24,0,1,0,62.463998794555664,4,4,0,0,40,0,0,40,2.25
1014,24,0,2,0,9.216000325977802,4,4,0,0,40,0,0,40,2.25
1014,24,0,3,0,4.095999989658594,4,4,0,0,40,0,0,40,2.25
1014,40,0,0,1,15.359999611973763,4,4,0,1,39,0,0,40,92.139
1014,40,0,1,1,64.51199948787689,4,4,0,1,39,0,0,40,92.139
1014,40,0,2,1,9.216000325977802,4,4,0,1,39,0,0,40,92.139
1014,40,0,3,1,4.095999989658594,4,4,0,1,39,0,0,40,92.139
1015,2,0,0,0,9.216000325977802,4,4,0,0,40,0,0,40,3.239
1015,2,0,1,0,79.8719972372055,4,4,0,0,40,0,0,40,3.239
1015,2,0,2,0,9.216000325977802,4,4,0,0,40,0,0,40,3.239
1015,2,0,3,0,4.095999989658594,4,4,0,0,40,0,0,40,3.239
1015,24,0,0,0,10.239999741315842,4,4,0,1,39,0,0,40,61.81
1015,24,0,1,0,83.96799862384796,4,4,0,1,39,0,0,40,61.81
1015,24,0,2,0,8.191999979317188,4,4,0,1,39,0,0,40,61.81
1015,24,0,3,0,4.095999989658594,4,4,0,1,39,0,0,40,61.81
1015,40,0,0,1,9.216000325977802,4,4,0,0,40,0,0,40,3.869
1015,40,0,1,1,71.68000191450119,4,4,0,0,40,0,0,40,3.869
1015,40,0,2,1,9.216000325977802,4,4,0,0,40,0,0,40,3.869
1015,40,0,3,1,4.095999989658594,4,4,0,0,40,0,0,40,3.869
1016,2,0,0,0,2911.2319946289062,3,3,0,0,30,0,0,30,4.21
1016,2,0,1,0,72.7040022611618,3,3,0,0,30,0,0,30,4.21
1016,2,0,2,0,9.216000325977802,3,3,0,0,30,0,0,30,4.21
1016,2,0,3,0,6.144000217318535,3,3,0,0,30,0,0,30,4.21
1016,24,0,0,0,16.383999958634377,3,3,0,2,28,0,0,30,102.349
1016,24,0,1,0,64.51199948787689,3,3,0,2,28,0,0,30,102.349
1016,24,0,2,0,9.216000325977802,3,3,0,2,28,0,0,30,102.349
1016,24,0,3,0,7.168000098317862,3,3,0,2,28,0,0,30,102.349
1016,40,0,0,1,9.216000325977802,3,3,0,0,30,0,0,30,2.27
1016,40,0,1,1,59.39200147986412,3,3,0,0,30,0,0,30,2.27
1016,40,0,2,1,9.216000325977802,3,3,0,0,30,0,0,30,2.27
1016,40,0,3,1,4.095999989658594,3,3,0,0,30,0,0,30,2.27
1017,2,0,0,0,14.336000196635723,4,4,0,0,40,0,0,40,3.9
1017,2,0,1,0,80.89599758386612,4,4,0,0,40,0,0,40,3.9
1017,2,0,2,0,9.216000325977802,4,4,0,0,40,0,0,40,3.9
1017,2,0,3,0,5.119999870657921,4,4,0,0,40,0,0,40,3.9
1017,24,0,0,0,8.191999979317188,4,4,0,1,39,0,0,40,61.091
1017,24,0,1,0,72.7040022611618,4,4,0,1,39,0,0,40,61.091
1017,24,0,2,0,9.216000325977802,4,4,0,1,39,0,0,40,61.091
1017,24,0,3,0,4.095999989658594,4,4,0,1,39,0,0,40,61.091
1017,40,0,0,1,14.336000196635723,4,4,0,4,36,0,0,40,399.708
1017,40,0,1,1,76.80000364780426,4,4,0,4,36,0,0,40,399.708
1017,40,0,2,1,8.191999979317188,4,4,0,4,36,0,0,40,399.708
1017,40,0,3,1,295.9359884262085,4,4,0,4,36,0,0,40,399.708
1018,2,0,0,0,14.336000196635723,4,4,0,0,40,0,0,40,3.84
1018,2,0,1,0,73.72800260782242,4,4,0,0,40,0,0,40,3.84
1018,2,0,2,0,9.216000325977802,4,4,0,0,40,0,0,40,3.84
1018,2,0,3,0,5.119999870657921,4,4,0,0,40,0,0,40,3.84
1018,24,0,0,0,8.191999979317188,4,4,0,3,37,0,0,40,184.659
1018,24,0,1,0,78.84799689054489,4,4,0,3,37,0,0,40,184.659
1018,24,0,2,0,9.216000325977802,4,4,0,3,37,0,0,40,184.659
1018,24,0,3,0,84.99199897050858,4,4,0,3,37,0,0,40,184.659
1018,40,0,0,1,15.359999611973763,4,4,0,2,38,0,0,40,105.28
1018,40,0,1,1,63.48799914121628,4,4,0,2,38,0,0,40,105.28
1018,40,0,2,1,9.216000325977802,4,4,0,2,38,0,0,40,105.28
1018,40,0,3,1,12.28800043463707,4,4,0,2,38,0,0,40,105.28
1019,2,0,0,0,14.336000196635723,4,4,0,1,39,0,0,40,88.409
1019,2,0,1,0,84.99199897050858,4,4,0,1,39,0,0,40,88.409
1019,2,0,2,0,9.216000325977802,4,4,0,1,39,0,0,40,88.409
1019,2,0,3,0,4.095999989658594,4,4,0,1,39,0,0,40,88.409
1019,24,0,0,0,8.191999979317188,4,4,0,0,40,0,0,40,5.231
1019,24,0,1,0,92.16000139713287,4,4,0,0,40,0,0,40,5.231
1019,24,0,2,0,9.216000325977802,4,4,0,0,40,0,0,40,5.231
1019,24,0,3,0,4.095999989658594,4,4,0,0,40,0,0,40,5.231
1019,40,0,0,1,10.239999741315842,4,4,0,2,38,0,0,40,329.369
1019,40,0,1,1,97.28000313043594,4,4,0,2,38,0,0,40,329.369
1019,40,0,2,1,10.239999741315842,4,4,0,2,38,0,0,40,329.369
1019,40,0,3,1,208.8959962129593,4,4,0,2,38,0,0,40,329.369
1020,2,0,0,0,14.336000196635723,4,4,0,0,40,0,0,40,4.06
1020,2,0,1,0,81.91999793052673,4,4,0,0,40,0,0,40,4.06
1020,2,0,2,0,9.216000325977802,4,4,0,0,40,0,0,40,4.06
1020,2,0,3,0,4.095999989658594,4,4,0,0,40,0,0,40,4.06
1020,24,0,0,0,9.216000325977802,4,4,0,2,38,0,0,40,106.659
1020,24,0,1,0,78.84799689054489,4,4,0,2,38,0,0,40,106.659
1020,24,0,2,0,9.216000325977802,4,4,0,2,38,0,0,40,106.659
1020,24,0,3,0,6.144000217318535,4,4,0,2,38,0,0,40,106.659
1020,40,0,0,1,15.359999611973763,4,4,0,1,39,0,0,40,192.248
1020,40,0,1,1,83.96799862384796,4,4,0,1,39,0,0,40,192.248
1020,40,0,2,1,9.216000325977802,4,4,0,1,39,0,0,40,192.248
1020,40,0,3,1,79.8719972372055,4,4,0,1,39,0,0,40,192.248
1021,2,0,0,0,15.359999611973763,4,4,0,0,40,0,0,40,2.94
1021,2,0,1,0,83.96799862384796,4,4,0,0,40,0,0,40,2.94
1021,2,0,2,0,9.216000325977802,4,4,0,0,40,0,0,40,2.94
1021,2,0,3,0,7.168000098317862,4,4,0,0,40,0,0,40,2.94
1021,24,0,0,0,8.191999979317188,4,4,0,0,40,0,0,40,2.911
1021,24,0,1,0,93.18400174379349,4,4,0,0,40,0,0,40,2.911
1021,24,0,2,0,9.216000325977802,4,4,0,0,40,0,0,40,2.911
1021,24,0,3,0,4.095999989658594,4,4,0,0,40,0,0,40,2.911
1021,40,0,0,1,15.359999611973763,4,4,0,4,35,1,0,40,407.019
1021,40,0,1,1,76.80000364780426,4,4,0,4,35,1,0,40,407.019
1021,40,0,2,1,189.43999707698822,4,4,0,4,35,1,0,40,407.019
1021,40,0,3,1,120.83200365304947,4,4,0,4,35,1,0,40,407.019
1022,2,0,0,0,14.336000196635723,4,4,0,0,40,0,0,40,3.18
1022,2,0,1,0,84.99199897050858,4,4,0,0,40,0,0,40,3.18
1022,2,0,2,0,8.191999979317188,4,4,0,0,40,0,0,40,3.18
1022,2,0,3,0,4.095999989658594,4,4,0,0,40,0,0,40,3.18
1022,24,0,0,0,7.168000098317862,4,4,0,0,40,0,0,40,4.711
1022,24,0,1,0,94.2080020904541,4,4,0,0,40,0,0,40,4.711
1022,24,0,2,0,9.216000325977802,4,4,0,0,40,0,0,40,4.711
1022,24,0,3,0,4.095999989658594,4,4,0,0,40,0,0,40,4.711
1022,40,0,0,1,15.359999611973763,4,4,0,2,38,0,0,40,141.33
1022,40,0,1,1,97.28000313043594,4,4,0,2,38,0,0,40,141.33
1022,40,0,2,1,9.216000325977802,4,4,0,2,38,0,0,40,141.33
1022,40,0,3,1,14.336000196635723,4,4,0,2,38,0,0,40,141.33
1023,2,0,0,0,14.336000196635723,4,4,0,0,40,0,0,40,3.611
1023,2,0,1,0,76.80000364780426,4,4,0,0,40,0,0,40,3.611
1023,2,0,2,0,9.216000325977802,4,4,0,0,40,0,0,40,3.611
1023,2,0,3,0,8.191999979317188,4,4,0,0,40,0,0,40,3.611
1023,24,0,0,0,8.191999979317188,4,4,0,1,39,0,0,40,85.13
1023,24,0,1,0,81.91999793052673,4,4,0,1,39,0,0,40,85.13
1023,24,0,2,0,8.191999979317188,4,4,0,1,39,0,0,40,85.13
1023,24,0,3,0,4.095999989658594,4,4,0,1,39,0,0,40,85.13
1023,40,0,0,1,20.479999482631683,4,4,0,1,39,0,0,40,90.51
1023,40,0,1,1,82.94399827718735,4,4,0,1,39,0,0,40,90.51
1023,40,0,2,1,8.191999979317188,4,4,0,1,39,0,0,40,90.51
1023,40,0,3,1,4.095999989658594,4,4,0,1,39,0,0,40,90.51
1024,2,0,0,0,14.336000196635723,4,4,0,0,40,0,0,40,7.51
1024,2,0,1,0,86.01599931716919,4,4,0,0,40,0,0,40,7.51
1024,2,0,2,0,8.191999979317188,4,4,0,0,40,0,0,40,7.51
1024,2,0,3,0,6.144000217318535,4,4,0,0,40,0,0,40,7.51
1024,24,0,0,0,7.168000098317862,4,4,0,3,37,0,0,40,153.85
1024,24,0,1,0,88.06400001049042,4,4,0,3,37,0,0,40,153.85
1024,24,0,2,0,10.239999741315842,4,4,0,3,37,0,0,40,153.85
1024,24,0,3,0,44.03200000524521,4,4,0,3,37,0,0,40,153.85
1024,40,0,0,1,956.4160108566284,4,4,0,4,36,0,0,40,181.869
1024,40,0,1,1,94.2080020904541,4,4,0,4,36,0,0,40,181.869
1024,40,0,2,1,9.216000325977802,4,4,0,4,36,0,0,40,181.869
1024,40,0,3,1,65.5359998345375,4,4,0,4,36,0,0,40,181.869
1025,2,0,0,0,15.359999611973763,4,4,0,0,40,0,0,40,2.39
1025,2,0,1,0,72.7040022611618,4,4,0,0,40,0,0,40,2.39
1025,2,0,2,0,9.216000325977802,4,4,0,0,40,0,0,40,2.39
1025,2,0,3,0,6.144000217318535,4,4,0,0,40,0,0,40,2.39
1025,24,0,0,0,9.216000325977802,4,4,0,2,38,0,0,40,103.979
1025,24,0,1,0,87.0399996638298,4,4,0,2,38,0,0,40,103.979
1025,24,0,2,0,9.216000325977802,4,4,0,2,38,0,0,40,103.979
1025,24,0,3,0,4.095999989658594,4,4,0,2,38,0,0,40,103.979
1025,40,0,0,1,16.383999958634377,4,4,0,2,38,0,0,40,78.399
1025,40,0,1,1,86.01599931716919,4,4,0,2,38,0,0,40,78.399
1025,40,0,2,1,8.191999979317188,4,4,0,2,38,0,0,40,78.399
1025,40,0,3,1,4.095999989658594,4,4,0,2,38,0,0,40,78.399
1026,2,0,0,0,14.336000196635723,4,4,0,0,40,0,0,40,3.4
1026,2,0,1,0,82.94399827718735,4,4,0,0,40,0,0,40,3.4
1026,2,0,2,0,8.191999979317188,4,4,0,0,40,0,0,40,3.4
1026,2,0,3,0,5.119999870657921,4,4,0,0,40,0,0,40,3.4
1026,24,0,0,0,82.94399827718735,4,4,0,2,38,0,0,40,86.86
1026,24,0,1,0,83.96799862384796,4,4,0,2,38,0,0,40,86.86
1026,24,0,2,0,9.216000325977802,4,4,0,2,38,0,0,40,86.86
1026,24,0,3,0,4.095999989658594,4,4,0,2,38,0,0,40,86.86
1026,40,0,0,1,9.216000325977802,4,4,0,0,40,0,0,40,2.7
1026,40,0,1,1,96.25600278377533,4,4,0,0,40,0,0,40,2.7
1026,40,0,2,1,9.216000325977802,4,4,0,0,40,0,0,40,2.7
1026,40,0,3,1,4.095999989658594,4,4,0,0,40,0,0,40,2.7
1027,2,0,0,0,2315.2639865875244,4,4,0,0,40,0,0,40,3.21
1027,2,0,1,0,91.13600105047226,4,4,0,0,40,0,0,40,3.21
1027,2,0,2,0,9.216000325977802,4,4,0,0,40,0,0,40,3.21
1027,2,0,3,0,5.119999870657921,4,4,0,0,40,0,0,40,3.21
1027,24,0,0,0,3921.92006111145,4,4,0,1,39,0,0,40,89.45
1027,24,0,1,0,72.7040022611618,4,4,0,1,39,0,0,40,89.45
1027,24,0,2,0,9.216000325977802,4,4,0,1,39,0,0,40,89.45
1027,24,0,3,0,5.119999870657921,4,4,0,1,39,0,0,40,89.45
1027,40,0,0,1,15.359999611973763,4,4,0,3,37,0,0,40,122.499
1027,40,0,1,1,74.75200295448303,4,4,0,3,37,0,0,40,122.499
1027,40,0,2,1,9.216000325977802,4,4,0,3,37,0,0,40,122.499
1027,40,0,3,1,17.40800030529499,4,4,0,3,37,0,0,40,122.499
1028,2,0,0,0,14.336000196635723,4,4,0,0,40,0,0,40,3.29
1028,2,0,1,0,84.99199897050858,4,4,0,0,40,0,0,40,3.29
1028,2,0,2,0,8.191999979317188,4,4,0,0,40,0,0,40,3.29
1028,2,0,3,0,5.119999870657921,4,4,0,0,40,0,0,40,3.29
1028,24,0,0,0,8.191999979317188,4,4,0,2,38,0,0,40,99.91
1028,24,0,1,0,77.82399654388428,4,4,0,2,38,0,0,40,99.91
1028,24,0,2,0,10.239999741315842,4,4,0,2,38,0,0,40,99.91
1028,24,0,3,0,4.095999989658594,4,4,0,2,38,0,0,40,99.91
1028,40,0,0,1,15.359999611973763,4,4,0,1,39,0,0,40,91.719
1028,40,0,1,1,84.99199897050858,4,4,0,1,39,0,0,40,91.719
1028,40,0,2,1,9.216000325977802,4,4,0,1,39,0,0,40,91.719
1028,40,0,3,1,4.095999989658594,4,4,0,1,39,0,0,40,91.719
1029,2,0,0,0,14.336000196635723,4,4,0,0,40,0,0,40,2.8
1029,2,0,1,0,71.68000191450119,4,4,0,0,40,0,0,40,2.8
1029,2,0,2,0,9.216000325977802,4,4,0,0,40,0,0,40,2.8
1029,2,0,3,0,5.119999870657921,4,4,0,0,40,0,0,40,2.8
1029,24,0,0,0,8.191999979317188,4,4,0,1,39,0,0,40,84.119
1029,24,0,1,0,77.82399654388428,4,4,0,1,39,0,0,40,84.119
1029,24,0,2,0,8.191999979317188,4,4,0,1,39,0,0,40,84.119
1029,24,0,3,0,4.095999989658594,4,4,0,1,39,0,0,40,84.119
1029,40,0,0,1,16.383999958634377,4,4,0,1,39,0,0,40,62.0
1029,40,0,1,1,90.11200070381165,4,4,0,1,39,0,0,40,62.0
1029,40,0,2,1,8.191999979317188,4,4,0,1,39,0,0,40,62.0
1029,40,0,3,1,4.095999989658594,4,4,0,1,39,0,0,40,62.0
1030,2,0,0,0,14.336000196635723,4,4,0,0,40,0,0,40,2.4
1030,2,0,1,0,89.08800035715103,4,4,0,0,40,0,0,40,2.4
1030,2,0,2,0,9.216000325977802,4,4,0,0,40,0,0,40,2.4
1030,2,0,3,0,6.144000217318535,4,4,0,0,40,0,0,40,2.4
1030,24,0,0,0,8.191999979317188,4,4,0,0,40,0,0,40,4.72
1030,24,0,1,0,81.91999793052673,4,4,0,0,40,0,0,40,4.72
1030,24,0,2,0,9.216000325977802,4,4,0,0,40,0,0,40,4.72
1030,24,0,3,0,5.119999870657921,4,4,0,0,40,0,0,40,4.72
1030,40,0,0,1,15.359999611973763,4,4,0,3,37,0,0,40,184.119
1030,40,0,1,1,83.96799862384796,4,4,0,3,37,0,0,40,184.119
1030,40,0,2,1,9.216000325977802,4,4,0,3,37,0,0,40,184.119
1030,40,0,3,1,72.7040022611618,4,4,0,3,37,0,0,40,184.119
1031,2,0,0,0,14.336000196635723,4,4,0,2,38,0,0,40,311.778
1031,2,0,1,0,91.13600105047226,4,4,0,2,38,0,0,40,311.778
1031,2,0,2,0,8.191999979317188,4,4,0,2,38,0,0,40,311.778
1031,2,0,3,0,192.51200556755066,4,4,0,2,38,0,0,40,311.778
1031,24,0,0,0,8.191999979317188,4,4,0,2,38,0,0,40,116.53
1031,24,0,1,0,87.0399996638298,4,4,0,2,38,0,0,40,116.53
1031,24,0,2,0,10.239999741315842,4,4,0,2,38,0,0,40,116.53
1031,24,0,3,0,8.191999979317188,4,4,0,2,38,0,0,40,116.53
1031,40,0,0,1,9.216000325977802,4,4,0,0,40,0,0,40,3.39
1031,40,0,1,1,94.2080020904541,4,4,0,0,40,0,0,40,3.39
1031,40,0,2,1,9.216000325977802,4,4,0,0,40,0,0,40,3.39
1031,40,0,3,1,4.095999989658594,4,4,0,0,40,0,0,40,3.39
1032,2,0,0,0,2626.5599727630615,4,4,0,0,40,0,0,40,2.92
1032,2,0,1,0,82.94399827718735,4,4,0,0,40,0,0,40,2.92
1032,2,0,2,0,8.191999979317188,4,4,0,0,40,0,0,40,2.92
1032,2,0,3,0,5.119999870657921,4,4,0,0,40,0,0,40,2.92
1032,24,0,0,0,8.191999979317188,4,4,0,0,40,0,0,40,2.88
1032,24,0,1,0,87.0399996638298,4,4,0,0,40,0,0,40,2.88
1032,24,0,2,0,8.191999979317188,4,4,0,0,40,0,0,40,2.88
1032,24,0,3,0,4.095999989658594,4,4,0,0,40,0,0,40,2.88
1032,40,0,0,1,9.216000325977802,4,4,0,2,38,0,0,40,110.09
1032,40,0,1,1,89.08800035715103,4,4,0,2,38,0,0,40,110.09
1032,40,0,2,1,9.216000325977802,4,4,0,2,38,0,0,40,110.09
1032,40,0,3,1,4.095999989658594,4,4,0,2,38,0,0,40,110.09
1033,2,0,0,0,14.336000196635723,4,4,0,0,40,0,0,40,3.049
1033,2,0,1,0,73.72800260782242,4,4,0,0,40,0,0,40,3.049
1033,2,0,2,0,8.191999979317188,4,4,0,0,40,0,0,40,3.049
1033,2,0,3,0,4.095999989658594,4,4,0,0,40,0,0,40,3.049
1033,24,0,0,0,8.191999979317188,4,4,0,1,39,0,0,40,59.919
1033,24,0,1,0,89.08800035715103,4,4,0,1,39,0,0,40,59.919
1033,24,0,2,0,9.216000325977802,4,4,0,1,39,0,0,40,59.919
1033,24,0,3,0,4.095999989658594,4,4,0,1,39,0,0,40,59.919
1033,40,0,0,1,16.383999958634377,4,4,0,3,37,0,0,40,325.639
1033,40,0,1,1,69.63200122117996,4,4,0,3,37,0,0,40,325.639
1033,40,0,2,1,8.191999979317188,4,4,0,3,37,0,0,40,325.639
1033,40,0,3,1,226.30399465560913,4,4,0,3,37,0,0,40,325.639
1034,2,0,0,0,14.336000196635723,4,4,0,0,40,0,0,40,4.46
1034,2,0,1,0,74.75200295448303,4,4,0,0,40,0,0,40,4.46
1034,2,0,2,0,9.216000325977802,4,4,0,0,40,0,0,40,4.46
1034,2,0,3,0,5.119999870657921,4,4,0,0,40,0,0,40,4.46
1034,24,0,0,0,7.168000098317862,4,4,0,1,39,0,0,40,65.86
1034,24,0,1,0,86.01599931716919,4,4,0,1,39,0,0,40,65.86
1034,24,0,2,0,8.191999979317188,4,4,0,1,39,0,0,40,65.86
1034,24,0,3,0,4.095999989658594,4,4,0,1,39,0,0,40,65.86
1034,40,0,0,1,39.93599861860275,4,4,0,0,40,0,0,40,2.9
1034,40,0,1,1,87.0399996638298,4,4,0,0,40,0,0,40,2.9
1034,40,0,2,1,9.216000325977802,4,4,0,0,40,0,0,40,2.9
1034,40,0,3,1,4.095999989658594,4,4,0,0,40,0,0,40,2.9
1035,2,0,0,0,2639.8720741271973,4,4,0,1,39,0,0,40,54.75
1035,2,0,1,0,87.0399996638298,4,4,0,1,39,0,0,40,54.75
1035,2,0,2,0,9.216000325977802,4,4,0,1,39,0,0,40,54.75
1035,2,0,3,0,5.119999870657921,4,4,0,1,39,0,0,40,54.75
1035,24,0,0,0,8.191999979317188,4,4,0,1,39,0,0,40,164.979
1035,24,0,1,0,89.08800035715103,4,4,0,1,39,0,0,40,164.979
1035,24,0,2,0,9.216000325977802,4,4,0,1,39,0,0,40,164.979
1035,24,0,3,0,53.247999399900436,4,4,0,1,39,0,0,40,164.979
1035,40,0,0,1,15.359999611973763,4,4,0,3,37,0,0,40,163.879
1035,40,0,1,1,94.2080020904541,4,4,0,3,37,0,0,40,163.879
1035,40,0,2,1,10.239999741315842,4,4,0,3,37,0,0,40,163.879
1035,40,0,3,1,38.91199827194214,4,4,0,3,37,0,0,40,163.879
1036,2,0,0,0,14.336000196635723,4,4,0,2,38,0,0,40,135.019
1036,2,0,1,0,88.06400001049042,4,4,0,2,38,0,0,40,135.019
1036,2,0,2,0,8.191999979317188,4,4,0,2,38,0,0,40,135.019
1036,2,0,3,0,17.40800030529499,4,4,0,2,38,0,0,40,135.019
1036,24,0,0,0,174.0799993276596,4,4,0,1,39,0,0,40,87.22
1036,24,0,1,0,82.94399827718735,4,4,0,1,39,0,0,40,87.22
1036,24,0,2,0,9.216000325977802,4,4,0,1,39,0,0,40,87.22
1036,24,0,3,0,4.095999989658594,4,4,0,1,39,0,0,40,87.22
1036,40,0,0,1,9.216000325977802,4,4,0,2,38,0,0,40,118.0
1036,40,0,1,1,88.06400001049042,4,4,0,2,38,0,0,40,118.0
1036,40,0,2,1,8.191999979317188,4,4,0,2,38,0,0,40,118.0
1036,40,0,3,1,7.168000098317862,4,4,0,2,38,0,0,40,118.0
1037,2,0,0,0,14.336000196635723,4,4,0,0,40,0,0,40,3.68
1037,2,0,1,0,75.77600330114365,4,4,0,0,40,0,0,40,3.68
1037,2,0,2,0,9.216000325977802,4,4,0,0,40,0,0,40,3.68
1037,2,0,3,0,4.095999989658594,4,4,0,0,40,0,0,40,3.68
1037,24,0,0,0,8.191999979317188,4,4,0,0,40,0,0,40,2.669
1037,24,0,1,0,89.08800035715103,4,4,0,0,40,0,0,40,2.669
1037,24,0,2,0,9.216000325977802,4,4,0,0,40,0,0,40,2.669
1037,24,0,3,0,5.119999870657921,4,4,0,0,40,0,0,40,2.669
1037,40,0,0,1,9.216000325977802,4,4,0,0,40,0,0,40,2.54
1037,40,0,1,1,88.06400001049042,4,4,0,0,40,0,0,40,2.54
1037,40,0,2,1,9.216000325977802,4,4,0,0,40,0,0,40,2.54
1037,40,0,3,1,4.095999989658594,4,4,0,0,40,0,0,40,2.54
1038,2,0,0,0,8.191999979317188,4,4,0,0,40,0,0,40,2.16
1038,2,0,1,0,72.7040022611618,4,4,0,0,40,0,0,40,2.16
1038,2,0,2,0,9.216000325977802,4,4,0,0,40,0,0,40,2.16
1038,2,0,3,0,6.144000217318535,4,4,0,0,40,0,0,40,2.16
1038,24,0,0,0,8.191999979317188,4,4,0,1,39,0,0,40,64.429
1038,24,0,1,0,91.13600105047226,4,4,0,1,39,0,0,40,64.429
1038,24,0,2,0,9.216000325977802,4,4,0,1,39,0,0,40,64.429
1038,24,0,3,0,4.095999989658594,4,4,0,1,39,0,0,40,64.429
1038,40,0,0,1,16.383999958634377,4,4,0,3,37,0,0,40,303.279
1038,40,0,1,1,94.2080020904541,4,4,0,3,37,0,0,40,303.279
1038,40,0,2,1,9.216000325977802,4,4,0,3,37,0,0,40,303.279
1038,40,0,3,1,179.19999361038208,4,4,0,3,37,0,0,40,303.279
1039,2,0,0,0,9.216000325977802,4,4,0,0,40,0,0,40,3.46
1039,2,0,1,0,84.99199897050858,4,4,0,0,40,0,0,40,3.46
1039,2,0,2,0,9.216000325977802,4,4,0,0,40,0,0,40,3.46
1039,2,0,3,0,5.119999870657921,4,4,0,0,40,0,0,40,3.46
1039,24,0,0,0,8.191999979317188,4,4,0,3,37,0,0,40,171.889
1039,24,0,1,0,83.96799862384796,4,4,0,3,37,0,0,40,171.889
1039,24,0,2,0,9.216000325977802,4,4,0,3,37,0,0,40,171.889
1039,24,0,3,0,66.56000018119812,4,4,0,3,37,0,0,40,171.889
1039,40,0,0,1,16.383999958634377,4,4,0,2,38,0,0,40,172.35
1039,40,0,1,1,87.0399996638298,4,4,0,2,38,0,0,40,172.35
1039,40,0,2,1,9.216000325977802,4,4,0,2,38,0,0,40,172.35
1039,40,0,3,1,55.296000093221664,4,4,0,2,38,0,0,40,172.35
1040,2,0,0,0,13.311999849975109,4,4,0,1,39,0,0,40,66.35
1040,2,0,1,0,70.65600156784058,4,4,0,1,39,0,0,40,66.35
1040,2,0,2,0,9.216000325977802,4,4,0,1,39,0,0,40,66.35
1040,2,0,3,0,4.095999989658594,4,4,0,1,39,0,0,40,66.35
1040,24,0,0,0,8.191999979317188,4,4,0,0,40,0,0,40,3.99
1040,24,0,1,0,77.82399654388428,4,4,0,0,40,0,0,40,3.99
1040,24,0,2,0,9.216000325977802,4,4,0,0,40,0,0,40,3.99
1040,24,0,3,0,4.095999989658594,4,4,0,0,40,0,0,40,3.99
1040,40,0,0,1,9.216000325977802,4,4,0,0,40,0,0,40,3.42
1040,40,0,1,1,77.82399654388428,4,4,0,0,40,0,0,40,3.42
1040,40,0,2,1,9.216000325977802,4,4,0,0,40,0,0,40,3.42
1040,40,0,3,1,4.095999989658594,4,4,0,0,40,0,0,40,3.42
1041,2,0,0,0,9.216000325977802,4,4,0,0,40,0,0,40,2.351
1041,2,0,1,0,84.99199897050858,4,4,0,0,40,0,0,40,2.351
1041,2,0,2,0,9.216000325977802,4,4,0,0,40,0,0,40,2.351
1041,2,0,3,0,4.095999989658594,4,4,0,0,40,0,0,40,2.351
1041,24,0,0,0,13.311999849975109,4,4,0,0,40,0,0,40,2.57
1041,24,0,1,0,61.43999844789505,4,4,0,0,40,0,0,40,2.57
1041,24,0,2,0,9.216000325977802,4,4,0,0,40,0,0,40,2.57
1041,24,0,3,0,4.095999989658594,4,4,0,0,40,0,0,40,2.57
1041,40,0,0,1,15.359999611973763,4,4,0,3,37,0,0,40,111.119
1041,40,0,1,1,67.58400052785873,4,4,0,3,37,0,0,40,111.119
1041,40,0,2,1,9.216000325977802,4,4,0,3,37,0,0,40,111.119
1041,40,0,3,1,14.336000196635723,4,4,0,3,37,0,0,40,111.119
1042,2,0,0,0,14.336000196635723,4,4,0,1,39,0,0,40,69.109
1042,2,0,1,0,87.0399996638298,4,4,0,1,39,0,0,40,69.109
1042,2,0,2,0,9.216000325977802,4,4,0,1,39,0,0,40,69.109
1042,2,0,3,0,5.119999870657921,4,4,0,1,39,0,0,40,69.109
1042,24,0,0,0,8.191999979317188,4,4,0,0,40,0,0,40,4.72
1042,24,0,1,0,77.82399654388428,4,4,0,0,40,0,0,40,4.72
1042,24,0,2,0,9.216000325977802,4,4,0,0,40,0,0,40,4.72
1042,24,0,3,0,4.095999989658594,4,4,0,0,40,0,0,40,4.72
1042,40,0,0,1,9.216000325977802,4,4,0,0,40,0,0,40,2.12
1042,40,0,1,1,83.96799862384796,4,4,0,0,40,0,0,40,2.12
1042,40,0,2,1,9.216000325977802,4,4,0,0,40,0,0,40,2.12
1042,40,0,3,1,4.095999989658594,4,4,0,0,40,0,0,40,2.12
1043,2,0,0,0,14.336000196635723,4,4,0,0,40,0,0,40,3.0
1043,2,0,1,0,84.99199897050858,4,4,0,0,40,0,0,40,3.0
1043,2,0,2,0,9.216000325977802,4,4,0,0,40,0,0,40,3.0
1043,2,0,3,0,4.095999989658594,4,4,0,0,40,0,0,40,3.0
1043,24,0,0,0,8.191999979317188,4,4,0,1,39,0,0,40,114.49
1043,24,0,1,0,72.7040022611618,4,4,0,1,39,0,0,40,114.49
1043,24,0,2,0,9.216000325977802,4,4,0,1,39,0,0,40,114.49
1043,24,0,3,0,21.503999829292297,4,4,0,1,39,0,0,40,114.49
1043,40,0,0,1,8.191999979317188,4,4,0,2,38,0,0,40,144.93
1043,40,0,1,1,92.16000139713287,4,4,0,2,38,0,0,40,144.93
1043,40,0,2,1,9.216000325977802,4,4,0,2,38,0,0,40,144.93
1043,40,0,3,1,31.74399957060814,4,4,0,2,38,0,0,40,144.93
1044,2,0,0,0,15.359999611973763,4,4,0,0,40,0,0,40,2.191
1044,2,0,1,0,77.82399654388428,4,4,0,0,40,0,0,40,2.191
1044,2,0,2,0,8.191999979317188,4,4,0,0,40,0,0,40,2.191
1044,2,0,3,0,4.095999989658594,4,4,0,0,40,0,0,40,2.191
1044,24,0,0,0,8.191999979317188,4,4,0,2,38,0,0,40,105.17
1044,24,0,1,0,79.8719972372055,4,4,0,2,38,0,0,40,105.17
1044,24,0,2,0,9.216000325977802,4,4,0,2,38,0,0,40,105.17
1044,24,0,3,0,4.095999989658594,4,4,0,2,38,0,0,40,105.17
1044,40,0,0,1,15.359999611973763,4,4,0,3,37,0,0,40,161.609
1044,40,0,1,1,62.463998794555664,4,4,0,3,37,0,0,40,161.609
1044,40,0,2,1,9.216000325977802,4,4,0,3,37,0,0,40,161.609
1044,40,0,3,1,70.65600156784058,4,4,0,3,37,0,0,40,161.609
1045,2,0,0,0,8.191999979317188,4,4,0,0,40,0,0,40,4.48
1045,2,0,1,0,76.80000364780426,4,4,0,0,40,0,0,40,4.48
1045,2,0,2,0,9.216000325977802,4,4,0,0,40,0,0,40,4.48
1045,2,0,3,0,5.119999870657921,4,4,0,0,40,0,0,40,4.48
1045,24,0,0,0,8.191999979317188,4,4,0,1,39,0,0,40,67.42
1045,24,0,1,0,82.94399827718735,4,4,0,1,39,0,0,40,67.42
1045,24,0,2,0,9.216000325977802,4,4,0,1,39,0,0,40,67.42
1045,24,0,3,0,4.095999989658594,4,4,0,1,39,0,0,40,67.42
1045,40,0,0,1,9.216000325977802,4,4,0,0,40,0,0,40,4.23
1045,40,0,1,1,99.32799637317657,4,4,0,0,40,0,0,40,4.23
1045,40,0,2,1,9.216000325977802,4,4,0,0,40,0,0,40,4.23
1045,40,0,3,1,4.095999989658594,4,4,0,0,40,0,0,40,4.23
1046,2,0,0,0,14.336000196635723,4,4,0,0,40,0,0,40,5.56
1046,2,0,1,0,90.11200070381165,4,4,0,0,40,0,0,40,5.56
1046,2,0,2,0,9.216000325977802,4,4,0,0,40,0,0,40,5.56
1046,2,0,3,0,4.095999989658594,4,4,0,0,40,0,0,40,5.56
1046,24,0,0,0,8.191999979317188,4,4,0,1,39,0,0,40,94.159
1046,24,0,1,0,81.91999793052673,4,4,0,1,39,0,0,40,94.159
1046,24,0,2,0,9.216000325977802,4,4,0,1,39,0,0,40,94.159
1046,24,0,3,0,4.095999989658594,4,4,0,1,39,0,0,40,94.159
1046,40,0,0,1,9.216000325977802,4,4,0,0,40,0,0,40,3.15
1046,40,0,1,1,89.08800035715103,4,4,0,0,40,0,0,40,3.15
1046,40,0,2,1,9.216000325977802,4,4,0,0,40,0,0,40,3.15
1046,40,0,3,1,4.095999989658594,4,4,0,0,40,0,0,40,3.15
1047,2,0,0,0,8.191999979317188,4,4,0,2,38,0,0,40,122.739
1047,2,0,1,0,81.91999793052673,4,4,0,2,38,0,0,40,122.739
1047,2,0,2,0,8.191999979317188,4,4,0,2,38,0,0,40,122.739
1047,2,0,3,0,17.40800030529499,4,4,0,2,38,0,0,40,122.739
1047,24,0,0,0,8.191999979317188,4,4,0,2,38,0,0,40,75.949
1047,24,0,1,0,77.82399654388428,4,4,0,2,38,0,0,40,75.949
1047,24,0,2,0,9.216000325977802,4,4,0,2,38,0,0,40,75.949
1047,24,0,3,0,4.095999989658594,4,4,0,2,38,0,0,40,75.949
1047,40,0,0,1,8.191999979317188,4,4,0,2,38,0,0,40,123.98
1047,40,0,1,1,82.94399827718735,4,4,0,2,38,0,0,40,123.98
1047,40,0,2,1,9.216000325977802,4,4,0,2,38,0,0,40,123.98
1047,40,0,3,1,18.432000651955605,4,4,0,2,38,0,0,40,123.98
1048,2,0,0,0,14.336000196635723,4,4,0,0,40,0,0,40,2.429
1048,2,0,1,0,91.13600105047226,4,4,0,0,40,0,0,40,2.429
1048,2,0,2,0,9.216000325977802,4,4,0,0,40,0,0,40,2.429
1048,2,0,3,0,5.119999870657921,4,4,0,0,40,0,0,40,2.429
1048,24,0,0,0,8.191999979317188,4,4,0,0,40,0,0,40,2.42
1048,24,0,1,0,77.82399654388428,4,4,0,0,40,0,0,40,2.42
1048,24,0,2,0,9.216000325977802,4,4,0,0,40,0,0,40,2.42
1048,24,0,3,0,4.095999989658594,4,4,0,0,40,0,0,40,2.42
1048,40,0,0,1,15.359999611973763,4,4,0,3,37,0,0,40,167.199
1048,40,0,1,1,81.91999793052673,4,4,0,3,37,0,0,40,167.199
1048,40,0,2,1,9.216000325977802,4,4,0,3,37,0,0,40,167.199
1048,40,0,3,1,56.32000043988228,4,4,0,3,37,0,0,40,167.199
1049,2,0,0,0,9.216000325977802,4,4,0,0,40,0,0,40,2.54
1049,2,0,1,0,73.72800260782242,4,4,0,0,40,0,0,40,2.54
1049,2,0,2,0,8.191999979317188,4,4,0,0,40,0,0,40,2.54
1049,2,0,3,0,4.095999989658594,4,4,0,0,40,0,0,40,2.54
1049,24,0,0,0,9.216000325977802,4,4,0,0,40,0,0,40,3.78
1049,24,0,1,0,68.60800087451935,4,4,0,0,40,0,0,40,3.78
1049,24,0,2,0,8.191999979317188,4,4,0,0,40,0,0,40,3.78
1049,24,0,3,0,4.095999989658594,4,4,0,0,40,0,0,40,3.78
1049,40,0,0,1,9.216000325977802,4,4,0,1,39,0,0,40,65.43
1049,40,0,1,1,79.8719972372055,4,4,0,1,39,0,0,40,65.43
1049,40,0,2,1,9.216000325977802,4,4,0,1,39,0,0,40,65.43
1049,40,0,3,1,4.095999989658594,4,4,0,1,39,0,0,40,65.43
1050,2,0,0,0,14.336000196635723,4,4,0,0,40,0,0,40,1.8
1050,2,0,1,0,69.63200122117996,4,4,0,0,40,0,0,40,1.8
1050,2,0,2,0,9.216000325977802,4,4,0,0,40,0,0,40,1.8
1050,2,0,3,0,4.095999989658594,4,4,0,0,40,0,0,40,1.8
1050,24,0,0,0,8.191999979317188,4,4,0,0,40,0,0,40,2.931
1050,24,0,1,0,59.39200147986412,4,4,0,0,40,0,0,40,2.931
1050,24,0,2,0,9.216000325977802,4,4,0,0,40,0,0,40,2.931
1050,24,0,3,0,4.095999989658594,4,4,0,0,40,0,0,40,2.931
1050,40,0,0,1,8.191999979317188,4,4,0,1,39,0,0,40,82.709
1050,40,0,1,1,75.77600330114365,4,4,0,1,39,0,0,40,82.709
1050,40,0,2,1,9.216000325977802,4,4,0,1,39,0,0,40,82.709
1050,40,0,3,1,5.119999870657921,4,4,0,1,39,0,0,40,82.709
1051,2,0,0,0,14.336000196635723,4,4,0,0,40,0,0,40,2.251
1051,2,0,1,0,74.75200295448303,4,4,0,0,40,0,0,40,2.251
1051,2,0,2,0,9.216000325977802,4,4,0,0,40,0,0,40,2.251
1051,2,0,3,0,5.119999870657921,4,4,0,0,40,0,0,40,2.251
1051,24,0,0,0,8.191999979317188,4,4,0,1,39,0,0,40,59.32
1051,24,0,1,0,69.63200122117996,4,4,0,1,39,0,0,40,59.32
1051,24,0,2,0,9.216000325977802,4,4,0,1,39,0,0,40,59.32
1051,24,0,3,0,4.095999989658594,4,4,0,1,39,0,0,40,59.32
1051,40,0,0,1,52.22399905323982,4,4,0,0,40,0,0,40,1.929
1051,40,0,1,1,74.75200295448303,4,4,0,0,40,0,0,40,1.929
1051,40,0,2,1,8.191999979317188,4,4,0,0,40,0,0,40,1.929
1051,40,0,3,1,4.095999989658594,4,4,0,0,40,0,0,40,1.929
1052,2,0,0,0,407.55200386047363,4,4,0,0,40,0,0,40,2.67
1052,2,0,1,0,74.75200295448303,4,4,0,0,40,0,0,40,2.67
1052,2,0,2,0,9.216000325977802,4,4,0,0,40,0,0,40,2.67
1052,2,0,3,0,5.119999870657921,4,4,0,0,40,0,0,40,2.67
1052,24,0,0,0,8.191999979317188,4,4,0,0,40,0,0,40,1.83
1052,24,0,1,0,69.63200122117996,4,4,0,0,40,0,0,40,1.83
1052,24,0,2,0,8.191999979317188,4,4,0,0,40,0,0,40,1.83
1052,24,0,3,0,4.095999989658594,4,4,0,0,40,0,0,40,1.83
1052,40,0,0,1,16.383999958634377,4,4,0,2,38,0,0,40,216.699
1052,40,0,1,1,74.75200295448303,4,4,0,2,38,0,0,40,216.699
1052,40,0,2,1,9.216000325977802,4,4,0,2,38,0,0,40,216.699
1052,40,0,3,1,111.61600053310394,4,4,0,2,38,0,0,40,216.699
1053,2,0,0,0,15.359999611973763,4,4,0,0,40,0,0,40,2.12
1053,2,0,1,0,81.91999793052673,4,4,0,0,40,0,0,40,2.12
1053,2,0,2,0,9.216000325977802,4,4,0,0,40,0,0,40,2.12
1053,2,0,3,0,5.119999870657921,4,4,0,0,40,0,0,40,2.12
1053,24,0,0,0,8.191999979317188,4,4,0,1,39,0,0,40,58.07
1053,24,0,1,0,71.68000191450119,4,4,0,1,39,0,0,40,58.07
1053,24,0,2,0,8.191999979317188,4,4,0,1,39,0,0,40,58.07
1053,24,0,3,0,4.095999989658594,4,4,0,1,39,0,0,40,58.07
1053,40,0,0,1,9.216000325977802,4,4,0,0,40,0,0,40,1.669
1053,40,0,1,1,83.96799862384796,4,4,0,0,40,0,0,40,1.669
1053,40,0,2,1,9.216000325977802,4,4,0,0,40,0,0,40,1.669
1053,40,0,3,1,4.095999989658594,4,4,0,0,40,0,0,40,1.669
1054,2,0,0,0,9.216000325977802,4,4,0,1,39,0,0,40,2491.27
1054,2,0,1,0,79.8719972372055,4,4,0,1,39,0,0,40,2491.27
1054,2,0,2,0,8.191999979317188,4,4,0,1,39,0,0,40,2491.27
1054,2,0,3,0,2391.040086746216,4,4,0,1,39,0,0,40,2491.27
1054,24,0,0,0,8.191999979317188,4,4,0,0,40,0,0,40,2.88
1054,24,0,1,0,74.75200295448303,4,4,0,0,40,0,0,40,2.88
1054,24,0,2,0,9.216000325977802,4,4,0,0,40,0,0,40,2.88
1054,24,0,3,0,4.095999989658594,4,4,0,0,40,0,0,40,2.88
1054,40,0,0,1,9.216000325977802,4,4,0,0,40,0,0,40,1.42
1054,40,0,1,1,69.63200122117996,4,4,0,0,40,0,0,40,1.42
1054,40,0,2,1,9.216000325977802,4,4,0,0,40,0,0,40,1.42
1054,40,0,3,1,4.095999989658594,4,4,0,0,40,0,0,40,1.42
1055,2,0,0,0,15.359999611973763,4,4,0,3,37,0,0,40,162.85
1055,2,0,1,0,90.11200070381165,4,4,0,3,37,0,0,40,162.85
1055,2,0,2,0,9.216000325977802,4,4,0,3,37,0,0,40,162.85
1055,2,0,3,0,45.05600035190582,4,4,0,3,37,0,0,40,162.85
1055,24,0,0,0,8.191999979317188,4,4,0,0,40,0,0,40,3.07
1055,24,0,1,0,71.68000191450119,4,4,0,0,40,0,0,40,3.07
1055,24,0,2,0,9.216000325977802,4,4,0,0,40,0,0,40,3.07
1055,24,0,3,0,4.095999989658594,4,4,0,0,40,0,0,40,3.07
1055,40,0,0,1,8.191999979317188,4,4,0,0,40,0,0,40,2.069
1055,40,0,1,1,70.65600156784058,4,4,0,0,40,0,0,40,2.069
1055,40,0,2,1,9.216000325977802,4,4,0,0,40,0,0,40,2.069
1055,40,0,3,1,5.119999870657921,4,4,0,0,40,0,0,40,2.069
1056,2,0,0,0,10.239999741315842,4,4,0,0,40,0,0,40,3.46
1056,2,0,1,0,83.96799862384796,4,4,0,0,40,0,0,40,3.46
1056,2,0,2,0,9.216000325977802,4,4,0,0,40,0,0,40,3.46
1056,2,0,3,0,4.095999989658594,4,4,0,0,40,0,0,40,3.46
1056,24,0,0,0,8.191999979317188,4,4,0,0,40,0,0,40,3.14
1056,24,0,1,0,67.58400052785873,4,4,0,0,40,0,0,40,3.14
1056,24,0,2,0,8.191999979317188,4,4,0,0,40,0,0,40,3.14
1056,24,0,3,0,3.0720001086592674,4,4,0,0,40,0,0,40,3.14
1056,40,0,0,1,15.359999611973763,4,4,0,2,38,0,0,40,68.35
1056,40,0,1,1,68.60800087451935,4,4,0,2,38,0,0,40,68.35
1056,40,0,2,1,8.191999979317188,4,4,0,2,38,0,0,40,68.35
1056,40,0,3,1,4.095999989658594,4,4,0,2,38,0,0,40,68.35
1057,2,0,0,0,15.359999611973763,4,4,0,1,39,0,0,40,66.549
1057,2,0,1,0,84.99199897050858,4,4,0,1,39,0,0,40,66.549
1057,2,0,2,0,8.191999979317188,4,4,0,1,39,0,0,40,66.549
1057,2,0,3,0,7.168000098317862,4,4,0,1,39,0,0,40,66.549
1057,24,0,0,0,2687.999963760376,4,4,0,0,40,0,0,40,2.21
1057,24,0,1,0,70.65600156784058,4,4,0,0,40,0,0,40,2.21
1057,24,0,2,0,9.216000325977802,4,4,0,0,40,0,0,40,2.21
1057,24,0,3,0,4.095999989658594,4,4,0,0,40,0,0,40,2.21
1057,40,0,0,1,9.216000325977802,4,4,0,2,38,0,0,40,191.519
1057,40,0,1,1,64.51199948787689,4,4,0,2,38,0,0,40,191.519
1057,40,0,2,1,9.216000325977802,4,4,0,2,38,0,0,40,191.519
1057,40,0,3,1,105.47199845314026,4,4,0,2,38,0,0,40,191.519
1058,2,0,0,0,14.336000196635723,4,4,0,0,40,0,0,40,2.42
1058,2,0,1,0,82.94399827718735,4,4,0,0,40,0,0,40,2.42
1058,2,0,2,0,9.216000325977802,4,4,0,0,40,0,0,40,2.42
1058,2,0,3,0,4.095999989658594,4,4,0,0,40,0,0,40,2.42
1058,24,0,0,0,12.28800043463707,4,4,0,0,40,0,0,40,1.77
1058,24,0,1,0,88.06400001049042,4,4,0,0,40,0,0,40,1.77
1058,24,0,2,0,8.191999979317188,4,4,0,0,40,0,0,40,1.77
1058,24,0,3,0,4.095999989658594,4,4,0,0,40,0,0,40,1.77
1058,40,0,0,1,9.216000325977802,4,4,0,0,40,0,0,40,3.82
1058,40,0,1,1,94.2080020904541,4,4,0,0,40,0,0,40,3.82
1058,40,0,2,1,9.216000325977802,4,4,0,0,40,0,0,40,3.82
1058,40,0,3,1,4.095999989658594,4,4,0,0,40,0,0,40,3.82
1059,2,0,0,0,9.216000325977802,4,4,0,1,39,0,0,40,62.36
1059,2,0,1,0,79.8719972372055,4,4,0,1,39,0,0,40,62.36
1059,2,0,2,0,9.216000325977802,4,4,0,1,39,0,0,40,62.36
1059,2,0,3,0,4.095999989658594,4,4,0,1,39,0,0,40,62.36
1059,24,0,0,0,8.191999979317188,4,4,0,1,39,0,0,40,61.179
1059,24,0,1,0,77.82399654388428,4,4,0,1,39,0,0,40,61.179
1059,24,0,2,0,8.191999979317188,4,4,0,1,39,0,0,40,61.179
1059,24,0,3,0,4.095999989658594,4,4,0,1,39,0,0,40,61.179
1059,40,0,0,1,15.359999611973763,4,4,0,1,39,0,0,40,182.099
1059,40,0,1,1,67.58400052785873,4,4,0,1,39,0,0,40,182.099
1059,40,0,2,1,9.216000325977802,4,4,0,1,39,0,0,40,182.099
1059,40,0,3,1,84.99199897050858,4,4,0,1,39,0,0,40,182.099
1060,2,0,0,0,14.336000196635723,4,4,0,0,40,0,0,40,1.96
1060,2,0,1,0,67.58400052785873,4,4,0,0,40,0,0,40,1.96
1060,2,0,2,0,9.216000325977802,4,4,0,0,40,0,0,40,1.96
1060,2,0,3,0,5.119999870657921,4,4,0,0,40,0,0,40,1.96
1060,24,0,0,0,7.168000098317862,4,4,0,0,40,0,0,40,1.969
1060,24,0,1,0,66.56000018119812,4,4,0,0,40,0,0,40,1.969
1060,24,0,2,0,8.191999979317188,4,4,0,0,40,0,0,40,1.969
1060,24,0,3,0,4.095999989658594,4,4,0,0,40,0,0,40,1.969
1060,40,0,0,1,8.191999979317188,4,4,0,1,39,0,0,40,81.58
1060,40,0,1,1,89.08800035715103,4,4,0,1,39,0,0,40,81.58
1060,40,0,2,1,9.216000325977802,4,4,0,1,39,0,0,40,81.58
1060,40,0,3,1,4.095999989658594,4,4,0,1,39,0,0,40,81.58
1061,2,0,0,0,9.216000325977802,4,4,0,2,38,0,0,40,105.07
1061,2,0,1,0,77.82399654388428,4,4,0,2,38,0,0,40,105.07
1061,2,0,2,0,9.216000325977802,4,4,0,2,38,0,0,40,105.07
1061,2,0,3,0,8.191999979317188,4,4,0,2,38,0,0,40,105.07
1061,24,0,0,0,8.191999979317188,4,4,0,1,39,0,0,40,59.699
1061,24,0,1,0,86.01599931716919,4,4,0,1,39,0,0,40,59.699
1061,24,0,2,0,9.216000325977802,4,4,0,1,39,0,0,40,59.699
1061,24,0,3,0,4.095999989658594,4,4,0,1,39,0,0,40,59.699
1061,40,0,0,1,16.383999958634377,4,4,0,1,39,0,0,40,106.65
1061,40,0,1,1,68.60800087451935,4,4,0,1,39,0,0,40,106.65
1061,40,0,2,1,9.216000325977802,4,4,0,1,39,0,0,40,106.65
1061,40,0,3,1,8.191999979317188,4,4,0,1,39,0,0,40,106.65
1062,2,0,0,0,17.40800030529499,4,4,0,3,36,1,0,40,153.639
1062,2,0,1,0,58.36800113320351,4,4,0,3,36,1,0,40,153.639
1062,2,0,2,0,168.96000504493713,4,4,0,3,36,1,0,40,153.639
1062,2,0,3,0,5.119999870657921,4,4,0,3,36,1,0,40,153.639
1062,24,0,0,0,8.191999979317188,4,4,0,1,39,0,0,40,64.66
1062,24,0,1,0,77.82399654388428,4,4,0,1,39,0,0,40,64.66
1062,24,0,2,0,9.216000325977802,4,4,0,1,39,0,0,40,64.66
1062,24,0,3,0,4.095999989658594,4,4,0,1,39,0,0,40,64.66
1062,40,0,0,1,15.359999611973763,4,4,0,3,37,0,0,40,195.829
1062,40,0,1,1,80.89599758386612,4,4,0,3,37,0,0,40,195.829
1062,40,0,2,1,9.216000325977802,4,4,0,3,37,0,0,40,195.829
1062,40,0,3,1,86.01599931716919,4,4,0,3,37,0,0,40,195.829
1063,2,0,0,0,16.383999958634377,4,4,0,1,39,0,0,40,59.67
1063,2,0,1,0,89.08800035715103,4,4,0,1,39,0,0,40,59.67
1063,2,0,2,0,9.216000325977802,4,4,0,1,39,0,0,40,59.67
1063,2,0,3,0,5.119999870657921,4,4,0,1,39,0,0,40,59.67
1063,24,0,0,0,7.168000098317862,4,4,0,1,39,0,0,40,61.42
1063,24,0,1,0,74.75200295448303,4,4,0,1,39,0,0,40,61.42
1063,24,0,2,0,9.216000325977802,4,4,0,1,39,0,0,40,61.42
1063,24,0,3,0,4.095999989658594,4,4,0,1,39,0,0,40,61.42
1063,40,0,0,1,9.216000325977802,4,4,0,0,40,0,0,40,3.569
1063,40,0,1,1,99.32799637317657,4,4,0,0,40,0,0,40,3.569
1063,40,0,2,1,9.216000325977802,4,4,0,0,40,0,0,40,3.569
1063,40,0,3,1,4.095999989658594,4,4,0,0,40,0,0,40,3.569
1064,2,0,0,0,14.336000196635723,4,4,0,0,40,0,0,40,2.48
1064,2,0,1,0,67.58400052785873,4,4,0,0,40,0,0,40,2.48
1064,2,0,2,0,9.216000325977802,4,4,0,0,40,0,0,40,2.48
1064,2,0,3,0,4.095999989658594,4,4,0,0,40,0,0,40,2.48
1064,24,0,0,0,8.191999979317188,4,4,0,1,39,0,0,40,59.64
1064,24,0,1,0,58.36800113320351,4,4,0,1,39,0,0,40,59.64
1064,24,0,2,0,9.216000325977802,4,4,0,1,39,0,0,40,59.64
1064,24,0,3,0,4.095999989658594,4,4,0,1,39,0,0,40,59.64
1064,40,0,0,1,8.191999979317188,4,4,0,0,40,0,0,40,1.711
1064,40,0,1,1,53.247999399900436,4,4,0,0,40,0,0,40,1.711
1064,40,0,2,1,9.216000325977802,4,4,0,0,40,0,0,40,1.711
1064,40,0,3,1,5.119999870657921,4,4,0,0,40,0,0,40,1.711
1065,2,0,0,0,9.216000325977802,2,2,0,0,20,0,0,20,3.02
1065,2,0,1,0,53.247999399900436,2,2,0,0,20,0,0,20,3.02
1065,2,0,2,0,9.216000325977802,2,2,0,0,20,0,0,20,3.02
1065,2,0,3,0,6.144000217318535,2,2,0,0,20,0,0,20,3.02
1065,24,0,0,0,9.216000325977802,2,2,0,0,20,0,0,20,1.36
1065,24,0,1,0,43.007999658584595,2,2,0,0,20,0,0,20,1.36
1065,24,0,2,0,8.191999979317188,2,2,0,0,20,0,0,20,1.36
1065,24,0,3,0,4.095999989658594,2,2,0,0,20,0,0,20,1.36
1065,40,0,0,1,9.216000325977802,2,2,0,1,19,0,0,20,76.64
1065,40,0,1,1,49.15200173854828,2,2,0,1,19,0,0,20,76.64
1065,40,0,2,1,11.264000087976456,2,2,0,1,19,0,0,20,76.64
1065,40,0,3,1,5.119999870657921,2,2,0,1,19,0,0,20,76.64
1066,2,0,0,0,14.336000196635723,4,4,0,0,40,0,0,40,2.491
1066,2,0,1,0,87.0399996638298,4,4,0,0,40,0,0,40,2.491
1066,2,0,2,0,9.216000325977802,4,4,0,0,40,0,0,40,2.491
1066,2,0,3,0,4.095999989658594,4,4,0,0,40,0,0,40,2.491
1066,24,0,0,0,9.216000325977802,4,4,0,0,40,0,0,40,3.15
1066,24,0,1,0,73.72800260782242,4,4,0,0,40,0,0,40,3.15
1066,24,0,2,0,9.216000325977802,4,4,0,0,40,0,0,40,3.15
1066,24,0,3,0,4.095999989658594,4,4,0,0,40,0,0,40,3.15
1066,40,0,0,1,9.216000325977802,4,4,0,0,40,0,0,40,1.86
1066,40,0,1,1,63.48799914121628,4,4,0,0,40,0,0,40,1.86
1066,40,0,2,1,8.191999979317188,4,4,0,0,40,0,0,40,1.86
1066,40,0,3,1,4.095999989658594,4,4,0,0,40,0,0,40,1.86
1067,2,0,0,0,16.383999958634377,3,3,0,0,30,0,0,30,1.74
1067,2,0,1,0,61.43999844789505,3,3,0,0,30,0,0,30,1.74
1067,2,0,2,0,8.191999979317188,3,3,0,0,30,0,0,30,1.74
1067,2,0,3,0,6.144000217318535,3,3,0,0,30,0,0,30,1.74
1067,24,0,0,0,8.191999979317188,3,3,0,0,30,0,0,30,1.23
1067,24,0,1,0,57.34400078654289,3,3,0,0,30,0,0,30,1.23
1067,24,0,2,0,8.191999979317188,3,3,0,0,30,0,0,30,1.23
1067,24,0,3,0,4.095999989658594,3,3,0,0,30,0,0,30,1.23
1067,40,0,0,1,9.216000325977802,3,3,0,0,30,0,0,30,1.45
1067,40,0,1,1,68.60800087451935,3,3,0,0,30,0,0,30,1.45
1067,40,0,2,1,9.216000325977802,3,3,0,0,30,0,0,30,1.45
1067,40,0,3,1,4.095999989658594,3,3,0,0,30,0,0,30,1.45
1068,2,0,0,0,8.191999979317188,1,1,0,0,10,0,0,10,0.57
1068,2,0,1,0,31.74399957060814,1,1,0,0,10,0,0,10,0.57
1068,2,0,2,0,9.216000325977802,1,1,0,0,10,0,0,10,0.57
1068,2,0,3,0,5.119999870657921,1,1,0,0,10,0,0,10,0.57
1068,24,0,0,0,8.191999979317188,1,1,0,0,10,0,0,10,0.54
1068,24,0,1,0,31.74399957060814,1,1,0,0,10,0,0,10,0.54
1068,24,0,2,0,9.216000325977802,1,1,0,0,10,0,0,10,0.54
1068,24,0,3,0,4.095999989658594,1,1,0,0,10,0,0,10,0.54
1068,40,0,0,1,9.216000325977802,1,1,0,0,10,0,0,10,1.08
1068,40,0,1,1,34.81600061058998,1,1,0,0,10,0,0,10,1.08
1068,40,0,2,1,9.216000325977802,1,1,0,0,10,0,0,10,1.08
1068,40,0,3,1,3.0720001086592674,1,1,0,0,10,0,0,10,1.08
1069,2,0,0,0,13.311999849975109,4,4,0,0,40,0,0,40,2.269
1069,2,0,1,0,59.39200147986412,4,4,0,0,40,0,0,40,2.269
1069,2,0,2,0,9.216000325977802,4,4,0,0,40,0,0,40,2.269
1069,2,0,3,0,5.119999870657921,4,4,0,0,40,0,0,40,2.269
1069,24,0,0,0,8.191999979317188,4,4,0,2,38,0,0,40,123.2
1069,24,0,1,0,87.0399996638298,4,4,0,2,38,0,0,40,123.2
1069,24,0,2,0,10.239999741315842,4,4,0,2,38,0,0,40,123.2
1069,24,0,3,0,14.336000196635723,4,4,0,2,38,0,0,40,123.2
1069,40,0,0,1,16.383999958634377,4,4,0,4,35,1,0,40,222.059
1069,40,0,1,1,81.91999793052673,4,4,0,4,35,1,0,40,222.059
1069,40,0,2,1,190.46400487422943,4,4,0,4,35,1,0,40,222.059
1069,40,0,3,1,5.119999870657921,4,4,0,4,35,1,0,40,222.059
1070,2,0,0,0,14.336000196635723,4,4,0,1,39,0,0,40,73.07
1070,2,0,1,0,70.65600156784058,4,4,0,1,39,0,0,40,73.07
1070,2,0,2,0,9.216000325977802,4,4,0,1,39,0,0,40,73.07
1070,2,0,3,0,6.144000217318535,4,4,0,1,39,0,0,40,73.07
1070,24,0,0,0,8.191999979317188,4,4,0,2,38,0,0,40,183.619
1070,24,0,1,0,68.60800087451935,4,4,0,2,38,0,0,40,183.619
1070,24,0,2,0,9.216000325977802,4,4,0,2,38,0,0,40,183.619
1070,24,0,3,0,94.2080020904541,4,4,0,2,38,0,0,40,183.619
1070,40,0,0,1,9.216000325977802,4,4,0,0,40,0,0,40,3.72
1070,40,0,1,1,67.58400052785873,4,4,0,0,40,0,0,40,3.72
1070,40,0,2,1,10.239999741315842,4,4,0,0,40,0,0,40,3.72
1070,40,0,3,1,4.095999989658594,4,4,0,0,40,0,0,40,3.72
1071,2,0,0,0,8.191999979317188,4,4,0,1,39,0,0,40,185.47
1071,2,0,1,0,70.65600156784058,4,4,0,1,39,0,0,40,185.47
1071,2,0,2,0,9.216000325977802,4,4,0,1,39,0,0,40,185.47
1071,2,0,3,0,93.18400174379349,4,4,0,1,39,0,0,40,185.47
1071,24,0,0,0,8.191999979317188,4,4,0,1,39,0,0,40,84.409
1071,24,0,1,0,88.06400001049042,4,4,0,1,39,0,0,40,84.409
1071,24,0,2,0,8.191999979317188,4,4,0,1,39,0,0,40,84.409
1071,24,0,3,0,4.095999989658594,4,4,0,1,39,0,0,40,84.409
1071,40,0,0,1,9.216000325977802,4,4,0,0,40,0,0,40,1.71
1071,40,0,1,1,96.25600278377533,4,4,0,0,40,0,0,40,1.71
1071,40,0,2,1,9.216000325977802,4,4,0,0,40,0,0,40,1.71
1071,40,0,3,1,4.095999989658594,4,4,0,0,40,0,0,40,1.71
1072,2,0,0,0,9.216000325977802,4,4,0,0,40,0,0,40,1.64
1072,2,0,1,0,50.175998359918594,4,4,0,0,40,0,0,40,1.64
1072,2,0,2,0,9.216000325977802,4,4,0,0,40,0,0,40,1.64
1072,2,0,3,0,4.095999989658594,4,4,0,0,40,0,0,40,1.64
1072,24,0,0,0,8.191999979317188,4,4,0,0,40,0,0,40,2.7
1072,24,0,1,0,81.91999793052673,4,4,0,0,40,0,0,40,2.7
1072,24,0,2,0,8.191999979317188,4,4,0,0,40,0,0,40,2.7
1072,24,0,3,0,4.095999989658594,4,4,0,0,40,0,0,40,2.7
1072,40,0,0,1,9.216000325977802,4,4,0,0,40,0,0,40,2.13
1072,40,0,1,1,74.75200295448303,4,4,0,0,40,0,0,40,2.13
1072,40,0,2,1,9.216000325977802,4,4,0,0,40,0,0,40,2.13
1072,40,0,3,1,4.095999989658594,4,4,0,0,40,0,0,40,2.13
1073,2,0,0,0,14.336000196635723,4,4,0,0,40,0,0,40,2.76
1073,2,0,1,0,82.94399827718735,4,4,0,0,40,0,0,40,2.76
1073,2,0,2,0,9.216000325977802,4,4,0,0,40,0,0,40,2.76
1073,2,0,3,0,5.119999870657921,4,4,0,0,40,0,0,40,2.76
1073,24,0,0,0,8.191999979317188,4,4,0,0,40,0,0,40,3.26
1073,24,0,1,0,82.94399827718735,4,4,0,0,40,0,0,40,3.26
1073,24,0,2,0,9.216000325977802,4,4,0,0,40,0,0,40,3.26
1073,24,0,3,0,4.095999989658594,4,4,0,0,40,0,0,40,3.26
1073,40,0,0,1,8.191999979317188,4,4,0,0,40,0,0,40,3.349
1073,40,0,1,1,72.7040022611618,4,4,0,0,40,0,0,40,3.349
1073,40,0,2,1,9.216000325977802,4,4,0,0,40,0,0,40,3.349
1073,40,0,3,1,4.095999989658594,4,4,0,0,40,0,0,40,3.349
1074,2,0,0,0,9.216000325977802,1,1,0,0,10,0,0,10,2.3
1074,2,0,1,0,31.74399957060814,1,1,0,0,10,0,0,10,2.3
1074,2,0,2,0,9.216000325977802,1,1,0,0,10,0,0,10,2.3
1074,2,0,3,0,5.119999870657921,1,1,0,0,10,0,0,10,2.3
1074,24,0,0,0,9.216000325977802,1,1,0,0,10,0,0,10,0.57
1074,24,0,1,0,32.76799991726875,1,1,0,0,10,0,0,10,0.57
1074,24,0,2,0,9.216000325977802,1,1,0,0,10,0,0,10,0.57
1074,24,0,3,0,4.095999989658594,1,1,0,0,10,0,0,10,0.57
1074,40,0,0,1,8.191999979317188,1,1,0,0,10,0,0,10,0.4
1074,40,0,1,1,34.81600061058998,1,1,0,0,10,0,0,10,0.4
1074,40,0,2,1,9.216000325977802,1,1,0,0,10,0,0,10,0.4
1074,40,0,3,1,4.095999989658594,1,1,0,0,10,0,0,10,0.4
1075,2,0,0,0,9.216000325977802,4,4,0,0,40,0,0,40,3.5
1075,2,0,1,0,90.11200070381165,4,4,0,0,40,0,0,40,3.5
1075,2,0,2,0,9.216000325977802,4,4,0,0,40,0,0,40,3.5
1075,2,0,3,0,5.119999870657921,4,4,0,0,40,0,0,40,3.5
1075,24,0,0,0,9.216000325977802,4,4,0,0,40,0,0,40,3.06
1075,24,0,1,0,82.94399827718735,4,4,0,0,40,0,0,40,3.06
1075,24,0,2,0,9.216000325977802,4,4,0,0,40,0,0,40,3.06
1075,24,0,3,0,4.095999989658594,4,4,0,0,40,0,0,40,3.06
1075,40,0,0,1,15.359999611973763,4,4,0,1,39,0,0,40,67.04
1075,40,0,1,1,63.48799914121628,4,4,0,1,39,0,0,40,67.04
1075,40,0,2,1,9.216000325977802,4,4,0,1,39,0,0,40,67.04
1075,40,0,3,1,4.095999989658594,4,4,0,1,39,0,0,40,67.04
1076,2,0,0,0,25.599999353289604,4,4,0,0,40,0,0,40,2.131
1076,2,0,1,0,77.82399654388428,4,4,0,0,40,0,0,40,2.131
1076,2,0,2,0,9.216000325977802,4,4,0,0,40,0,0,40,2.131
1076,2,0,3,0,4.095999989658594,4,4,0,0,40,0,0,40,2.131
1076,24,0,0,0,8.191999979317188,4,4,0,2,38,0,0,40,111.26
1076,24,0,1,0,81.91999793052673,4,4,0,2,38,0,0,40,111.26
1076,24,0,2,0,9.216000325977802,4,4,0,2,38,0,0,40,111.26
1076,24,0,3,0,9.216000325977802,4,4,0,2,38,0,0,40,111.26
1076,40,0,0,1,9.216000325977802,4,4,0,0,40,0,0,40,2.529
1076,40,0,1,1,99.32799637317657,4,4,0,0,40,0,0,40,2.529
1076,40,0,2,1,9.216000325977802,4,4,0,0,40,0,0,40,2.529
1076,40,0,3,1,4.095999989658594,4,4,0,0,40,0,0,40,2.529
1077,2,0,0,0,570.3679919242859,4,4,0,0,40,0,0,40,2.04
1077,2,0,1,0,53.247999399900436,4,4,0,0,40,0,0,40,2.04
1077,2,0,2,0,10.239999741315842,4,4,0,0,40,0,0,40,2.04
1077,2,0,3,0,5.119999870657921,4,4,0,0,40,0,0,40,2.04
1077,24,0,0,0,8.191999979317188,4,4,0,1,39,0,0,40,69.01
1077,24,0,1,0,90.11200070381165,4,4,0,1,39,0,0,40,69.01
1077,24,0,2,0,8.191999979317188,4,4,0,1,39,0,0,40,69.01
1077,24,0,3,0,3.0720001086592674,4,4,0,1,39,0,0,40,69.01
1077,40,0,0,1,9.216000325977802,4,4,0,2,38,0,0,40,132.71
1077,40,0,1,1,97.28000313043594,4,4,0,2,38,0,0,40,132.71
1077,40,0,2,1,9.216000325977802,4,4,0,2,38,0,0,40,132.71
1077,40,0,3,1,14.336000196635723,4,4,0,2,38,0,0,40,132.71
1078,2,0,0,0,14.336000196635723,4,4,0,0,40,0,0,40,3.751
1078,2,0,1,0,66.56000018119812,4,4,0,0,40,0,0,40,3.751
1078,2,0,2,0,8.191999979317188,4,4,0,0,40,0,0,40,3.751
1078,2,0,3,0,5.119999870657921,4,4,0,0,40,0,0,40,3.751
1078,24,0,0,0,8.191999979317188,4,4,0,1,39,0,0,40,67.62
1078,24,0,1,0,90.11200070381165,4,4,0,1,39,0,0,40,67.62
1078,24,0,2,0,9.216000325977802,4,4,0,1,39,0,0,40,67.62
1078,24,0,3,0,4.095999989658594,4,4,0,1,39,0,0,40,67.62
1078,40,0,0,1,9.216000325977802,4,4,0,3,37,0,0,40,180.179
1078,40,0,1,1,95.23200243711472,4,4,0,3,37,0,0,40,180.179
1078,40,0,2,1,9.216000325977802,4,4,0,3,37,0,0,40,180.179
1078,40,0,3,1,68.60800087451935,4,4,0,3,37,0,0,40,180.179
1079,2,0,0,0,14.336000196635723,4,4,0,0,40,0,0,40,1.66
1079,2,0,1,0,58.36800113320351,4,4,0,0,40,0,0,40,1.66
1079,2,0,2,0,9.216000325977802,4,4,0,0,40,0,0,40,1.66
1079,2,0,3,0,4.095999989658594,4,4,0,0,40,0,0,40,1.66
1079,24,0,0,0,8.191999979317188,4,4,0,2,38,0,0,40,69.07
1079,24,0,1,0,65.5359998345375,4,4,0,2,38,0,0,40,69.07
1079,24,0,2,0,9.216000325977802,4,4,0,2,38,0,0,40,69.07
1079,24,0,3,0,4.095999989658594,4,4,0,2,38,0,0,40,69.07
1079,40,0,0,1,16.383999958634377,4,4,0,3,36,1,0,40,197.22
1079,40,0,1,1,87.0399996638298,4,4,0,3,36,1,0,40,197.22
1079,40,0,2,1,194.5600062608719,4,4,0,3,36,1,0,40,197.22
1079,40,0,3,1,4.095999989658594,4,4,0,3,36,1,0,40,197.22
1080,2,0,0,0,9.216000325977802,2,2,0,2,18,0,0,20,103.54
1080,2,0,1,0,44.03200000524521,2,2,0,2,18,0,0,20,103.54
1080,2,0,2,0,9.216000325977802,2,2,0,2,18,0,0,20,103.54
1080,2,0,3,0,38.91199827194214,2,2,0,2,18,0,0,20,103.54
1080,24,0,0,0,8.191999979317188,2,2,0,0,20,0,0,20,1.15
1080,24,0,1,0,48.128001391887665,2,2,0,0,20,0,0,20,1.15
1080,24,0,2,0,9.216000325977802,2,2,0,0,20,0,0,20,1.15
1080,24,0,3,0,4.095999989658594,2,2,0,0,20,0,0,20,1.15
1080,40,0,0,1,11.264000087976456,2,2,0,0,20,0,0,20,0.77
1080,40,0,1,1,48.128001391887665,2,2,0,0,20,0,0,20,0.77
1080,40,0,2,1,9.216000325977802,2,2,0,0,20,0,0,20,0.77
1080,40,0,3,1,4.095999989658594,2,2,0,0,20,0,0,20,0.77
1081,2,0,0,0,17.40800030529499,3,3,0,0,30,0,0,30,1.831
1081,2,0,1,0,62.463998794555664,3,3,0,0,30,0,0,30,1.831
1081,2,0,2,0,9.216000325977802,3,3,0,0,30,0,0,30,1.831
1081,2,0,3,0,6.144000217318535,3,3,0,0,30,0,0,30,1.831
1081,24,0,0,0,53.247999399900436,3,3,0,0,30,0,0,30,3.96
1081,24,0,1,0,61.43999844789505,3,3,0,0,30,0,0,30,3.96
1081,24,0,2,0,8.191999979317188,3,3,0,0,30,0,0,30,3.96
1081,24,0,3,0,4.095999989658594,3,3,0,0,30,0,0,30,3.96
1081,40,0,0,1,9.216000325977802,3,3,0,0,30,0,0,30,1.329
1081,40,0,1,1,66.56000018119812,3,3,0,0,30,0,0,30,1.329
1081,40,0,2,1,9.216000325977802,3,3,0,0,30,0,0,30,1.329
1081,40,0,3,1,4.095999989658594,3,3,0,0,30,0,0,30,1.329
1082,2,0,0,0,8.191999979317188,4,4,0,1,39,0,0,40,66.52
1082,2,0,1,0,80.89599758386612,4,4,0,1,39,0,0,40,66.52
1082,2,0,2,0,10.239999741315842,4,4,0,1,39,0,0,40,66.52
1082,2,0,3,0,5.119999870657921,4,4,0,1,39,0,0,40,66.52
1082,24,0,0,0,9.216000325977802,4,4,0,0,40,0,0,40,2.339
1082,24,0,1,0,73.72800260782242,4,4,0,0,40,0,0,40,2.339
1082,24,0,2,0,9.216000325977802,4,4,0,0,40,0,0,40,2.339
1082,24,0,3,0,4.095999989658594,4,4,0,0,40,0,0,40,2.339
1082,40,0,0,1,9.216000325977802,4,4,0,0,40,0,0,40,2.2
1082,40,0,1,1,76.80000364780426,4,4,0,0,40,0,0,40,2.2
1082,40,0,2,1,9.216000325977802,4,4,0,0,40,0,0,40,2.2
1082,40,0,3,1,5.119999870657921,4,4,0,0,40,0,0,40,2.2
1083,2,0,0,0,8.191999979317188,4,4,0,1,39,0,0,40,73.23
1083,2,0,1,0,83.96799862384796,4,4,0,1,39,0,0,40,73.23
1083,2,0,2,0,9.216000325977802,4,4,0,1,39,0,0,40,73.23
1083,2,0,3,0,4.095999989658594,4,4,0,1,39,0,0,40,73.23
1083,24,0,0,0,8.191999979317188,4,4,0,0,40,0,0,40,4.08
1083,24,0,1,0,75.77600330114365,4,4,0,0,40,0,0,40,4.08
1083,24,0,2,0,9.216000325977802,4,4,0,0,40,0,0,40,4.08
1083,24,0,3,0,4.095999989658594,4,4,0,0,40,0,0,40,4.08
1083,40,0,0,1,9.216000325977802,4,4,0,1,39,0,0,40,72.24
1083,40,0,1,1,66.56000018119812,4,4,0,1,39,0,0,40,72.24
1083,40,0,2,1,9.216000325977802,4,4,0,1,39,0,0,40,72.24
1083,40,0,3,1,4.095999989658594,4,4,0,1,39,0,0,40,72.24
1084,2,0,0,0,14.336000196635723,4,4,0,0,40,0,0,40,4.1
1084,2,0,1,0,81.91999793052673,4,4,0,0,40,0,0,40,4.1
1084,2,0,2,0,9.216000325977802,4,4,0,0,40,0,0,40,4.1
1084,2,0,3,0,5.119999870657921,4,4,0,0,40,0,0,40,4.1
1084,24,0,0,0,8.191999979317188,4,4,0,1,39,0,0,40,71.07
1084,24,0,1,0,70.65600156784058,4,4,0,1,39,0,0,40,71.07
1084,24,0,2,0,9.216000325977802,4,4,0,1,39,0,0,40,71.07
1084,24,0,3,0,4.095999989658594,4,4,0,1,39,0,0,40,71.07
1084,40,0,0,1,8.191999979317188,4,4,0,0,40,0,0,40,2.569
1084,40,0,1,1,72.7040022611618,4,4,0,0,40,0,0,40,2.569
1084,40,0,2,1,9.216000325977802,4,4,0,0,40,0,0,40,2.569
1084,40,0,3,1,4.095999989658594,4,4,0,0,40,0,0,40,2.569
1085,2,0,0,0,16.383999958634377,4,4,0,0,40,0,0,40,14.65
1085,2,0,1,0,66.56000018119812,4,4,0,0,40,0,0,40,14.65
1085,2,0,2,0,9.216000325977802,4,4,0,0,40,0,0,40,14.65
1085,2,0,3,0,5.119999870657921,4,4,0,0,40,0,0,40,14.65
1085,24,0,0,0,9.216000325977802,4,4,0,0,40,0,0,40,2.7
1085,24,0,1,0,77.82399654388428,4,4,0,0,40,0,0,40,2.7
1085,24,0,2,0,9.216000325977802,4,4,0,0,40,0,0,40,2.7
1085,24,0,3,0,4.095999989658594,4,4,0,0,40,0,0,40,2.7
1085,40,0,0,1,15.359999611973763,4,4,0,2,38,0,0,40,188.39
1085,40,0,1,1,72.7040022611618,4,4,0,2,38,0,0,40,188.39
1085,40,0,2,1,9.216000325977802,4,4,0,2,38,0,0,40,188.39
1085,40,0,3,1,86.01599931716919,4,4,0,2,38,0,0,40,188.39
1086,2,0,0,0,14.336000196635723,4,4,0,0,40,0,0,40,4.5
1086,2,0,1,0,80.89599758386612,4,4,0,0,40,0,0,40,4.5
1086,2,0,2,0,9.216000325977802,4,4,0,0,40,0,0,40,4.5
1086,2,0,3,0,5.119999870657921,4,4,0,0,40,0,0,40,4.5
1086,24,0,0,0,8.191999979317188,4,4,0,0,40,0,0,40,2.54
1086,24,0,1,0,68.60800087451935,4,4,0,0,40,0,0,40,2.54
1086,24,0,2,0,9.216000325977802,4,4,0,0,40,0,0,40,2.54
1086,24,0,3,0,4.095999989658594,4,4,0,0,40,0,0,40,2.54
1086,40,0,0,1,8.191999979317188,4,4,0,0,40,0,0,40,4.19
1086,40,0,1,1,84.99199897050858,4,4,0,0,40,0,0,40,4.19
1086,40,0,2,1,9.216000325977802,4,4,0,0,40,0,0,40,4.19
1086,40,0,3,1,4.095999989658594,4,4,0,0,40,0,0,40,4.19
1087,2,0,0,0,15.359999611973763,4,4,0,1,39,0,0,40,84.88
1087,2,0,1,0,79.8719972372055,4,4,0,1,39,0,0,40,84.88
1087,2,0,2,0,9.216000325977802,4,4,0,1,39,0,0,40,84.88
1087,2,0,3,0,5.119999870657921,4,4,0,1,39,0,0,40,84.88
1087,24,0,0,0,8.191999979317188,4,4,0,0,40,0,0,40,3.511
1087,24,0,1,0,66.56000018119812,4,4,0,0,40,0,0,40,3.511
1087,24,0,2,0,9.216000325977802,4,4,0,0,40,0,0,40,3.511
1087,24,0,3,0,4.095999989658594,4,4,0,0,40,0,0,40,3.511
1087,40,0,0,1,15.359999611973763,4,4,0,1,39,0,0,40,80.17
1087,40,0,1,1,90.11200070381165,4,4,0,1,39,0,0,40,80.17
1087,40,0,2,1,9.216000325977802,4,4,0,1,39,0,0,40,80.17
1087,40,0,3,1,4.095999989658594,4,4,0,1,39,0,0,40,80.17
1088,2,0,0,0,14.336000196635723,4,4,0,0,40,0,0,40,2.589
1088,2,0,1,0,66.56000018119812,4,4,0,0,40,0,0,40,2.589
1088,2,0,2,0,9.216000325977802,4,4,0,0,40,0,0,40,2.589
1088,2,0,3,0,5.119999870657921,4,4,0,0,40,0,0,40,2.589
1088,24,0,0,0,8.191999979317188,4,4,0,0,40,0,0,40,2.35
1088,24,0,1,0,66.56000018119812,4,4,0,0,40,0,0,40,2.35
1088,24,0,2,0,8.191999979317188,4,4,0,0,40,0,0,40,2.35
1088,24,0,3,0,4.095999989658594,4,4,0,0,40,0,0,40,2.35
1088,40,0,0,1,8.191999979317188,4,4,0,0,40,0,0,40,2.251
1088,40,0,1,1,63.48799914121628,4,4,0,0,40,0,0,40,2.251
1088,40,0,2,1,8.191999979317188,4,4,0,0,40,0,0,40,2.251
1088,40,0,3,1,4.095999989658594,4,4,0,0,40,0,0,40,2.251
1089,2,0,0,0,3200.000047683716,4,4,0,3,37,0,0,40,165.73
1089,2,0,1,0,82.94399827718735,4,4,0,3,37,0,0,40,165.73
1089,2,0,2,0,9.216000325977802,4,4,0,3,37,0,0,40,165.73
1089,2,0,3,0,64.51199948787689,4,4,0,3,37,0,0,40,165.73
1089,24,0,0,0,8.191999979317188,4,4,0,1,39,0,0,40,64.15
1089,24,0,1,0,61.43999844789505,4,4,0,1,39,0,0,40,64.15
1089,24,0,2,0,9.216000325977802,4,4,0,1,39,0,0,40,64.15
1089,24,0,3,0,3.0720001086592674,4,4,0,1,39,0,0,40,64.15
1089,40,0,0,1,16.383999958634377,4,4,0,1,39,0,0,40,73.119
1089,40,0,1,1,71.68000191450119,4,4,0,1,39,0,0,40,73.119
1089,40,0,2,1,9.216000325977802,4,4,0,1,39,0,0,40,73.119
1089,40,0,3,1,4.095999989658594,4,4,0,1,39,0,0,40,73.119
1090,2,0,0,0,9.216000325977802,3,3,0,0,30,0,0,30,4.07
1090,2,0,1,0,65.5359998345375,3,3,0,0,30,0,0,30,4.07
1090,2,0,2,0,9.216000325977802,3,3,0,0,30,0,0,30,4.07
1090,2,0,3,0,5.119999870657921,3,3,0,0,30,0,0,30,4.07
1090,24,0,0,0,8.191999979317188,3,3,0,0,30,0,0,30,1.64
1090,24,0,1,0,54.27199974656105,3,3,0,0,30,0,0,30,1.64
1090,24,0,2,0,9.216000325977802,3,3,0,0,30,0,0,30,1.64
1090,24,0,3,0,4.095999989658594,3,3,0,0,30,0,0,30,1.64
1090,40,0,0,1,9.216000325977802,3,3,0,0,30,0,0,30,1.26
1090,40,0,1,1,57.34400078654289,3,3,0,0,30,0,0,30,1.26
1090,40,0,2,1,9.216000325977802,3,3,0,0,30,0,0,30,1.26
1090,40,0,3,1,4.095999989658594,3,3,0,0,30,0,0,30,1.26
1091,2,0,0,0,10.239999741315842,2,2,0,0,20,0,0,20,1.26
1091,2,0,1,0,50.175998359918594,2,2,0,0,20,0,0,20,1.26
1091,2,0,2,0,9.216000325977802,2,2,0,0,20,0,0,20,1.26
1091,2,0,3,0,5.119999870657921,2,2,0,0,20,0,0,20,1.26
1091,24,0,0,0,10.239999741315842,2,2,0,1,19,0,0,20,51.16
1091,24,0,1,0,46.08000069856644,2,2,0,1,19,0,0,20,51.16
1091,24,0,2,0,9.216000325977802,2,2,0,1,19,0,0,20,51.16
1091,24,0,3,0,4.095999989658594,2,2,0,1,19,0,0,20,51.16
1091,40,0,0,1,8.191999979317188,2,2,0,0,20,0,0,20,0.91
1091,40,0,1,1,49.15200173854828,2,2,0,0,20,0,0,20,0.91
1091,40,0,2,1,9.216000325977802,2,2,0,0,20,0,0,20,0.91
1091,40,0,3,1,4.095999989658594,2,2,0,0,20,0,0,20,0.91
1092,2,0,0,0,9.216000325977802,4,4,0,1,39,0,0,40,82.66
1092,2,0,1,0,69.63200122117996,4,4,0,1,39,0,0,40,82.66
1092,2,0,2,0,9.216000325977802,4,4,0,1,39,0,0,40,82.66
1092,2,0,3,0,5.119999870657921,4,4,0,1,39,0,0,40,82.66
1092,24,0,0,0,8.191999979317188,4,4,0,0,40,0,0,40,4.02
1092,24,0,1,0,53.247999399900436,4,4,0,0,40,0,0,40,4.02
1092,24,0,2,0,9.216000325977802,4,4,0,0,40,0,0,40,4.02
1092,24,0,3,0,4.095999989658594,4,4,0,0,40,0,0,40,4.02
1092,40,0,0,1,16.383999958634377,4,4,0,2,38,0,0,40,131.83
1092,40,0,1,1,47.10400104522705,4,4,0,2,38,0,0,40,131.83
1092,40,0,2,1,9.216000325977802,4,4,0,2,38,0,0,40,131.83
1092,40,0,3,1,56.32000043988228,4,4,0,2,38,0,0,40,131.83
1093,2,0,0,0,9.216000325977802,1,1,0,0,10,0,0,10,0.64
1093,2,0,1,0,31.74399957060814,1,1,0,0,10,0,0,10,0.64
1093,2,0,2,0,9.216000325977802,1,1,0,0,10,0,0,10,0.64
1093,2,0,3,0,4.095999989658594,1,1,0,0,10,0,0,10,0.64
1093,24,0,0,0,9.216000325977802,1,1,0,0,10,0,0,10,0.96
1093,24,0,1,0,31.74399957060814,1,1,0,0,10,0,0,10,0.96
1093,24,0,2,0,9.216000325977802,1,1,0,0,10,0,0,10,0.96
1093,24,0,3,0,4.095999989658594,1,1,0,0,10,0,0,10,0.96
1093,40,0,0,1,9.216000325977802,1,1,0,0,10,0,0,10,0.74
1093,40,0,1,1,35.840000957250595,1,1,0,0,10,0,0,10,0.74
1093,40,0,2,1,8.191999979317188,1,1,0,0,10,0,0,10,0.74
1093,40,0,3,1,4.095999989658594,1,1,0,0,10,0,0,10,0.74
1094,2,0,0,0,14.336000196635723,4,4,0,1,39,0,0,40,58.209
1094,2,0,1,0,70.65600156784058,4,4,0,1,39,0,0,40,58.209
1094,2,0,2,0,9.216000325977802,4,4,0,1,39,0,0,40,58.209
1094,2,0,3,0,5.119999870657921,4,4,0,1,39,0,0,40,58.209
1094,24,0,0,0,7.168000098317862,4,4,0,1,39,0,0,40,61.92
1094,24,0,1,0,55.296000093221664,4,4,0,1,39,0,0,40,61.92
1094,24,0,2,0,8.191999979317188,4,4,0,1,39,0,0,40,61.92
1094,24,0,3,0,4.095999989658594,4,4,0,1,39,0,0,40,61.92
1094,40,0,0,1,8.191999979317188,4,4,0,1,39,0,0,40,68.47
1094,40,0,1,1,62.463998794555664,4,4,0,1,39,0,0,40,68.47
1094,40,0,2,1,8.191999979317188,4,4,0,1,39,0,0,40,68.47
1094,40,0,3,1,4.095999989658594,4,4,0,1,39,0,0,40,68.47
1095,2,0,0,0,13.311999849975109,4,4,0,0,40,0,0,40,1.92
1095,2,0,1,0,55.296000093221664,4,4,0,0,40,0,0,40,1.92
1095,2,0,2,0,9.216000325977802,4,4,0,0,40,0,0,40,1.92
1095,2,0,3,0,5.119999870657921,4,4,0,0,40,0,0,40,1.92
1095,24,0,0,0,9.216000325977802,4,4,0,1,39,0,0,40,70.33
1095,24,0,1,0,70.65600156784058,4,4,0,1,39,0,0,40,70.33
1095,24,0,2,0,9.216000325977802,4,4,0,1,39,0,0,40,70.33
1095,24,0,3,0,4.095999989658594,4,4,0,1,39,0,0,40,70.33
1095,40,0,0,1,15.359999611973763,4,4,0,2,38,0,0,40,227.169
1095,40,0,1,1,73.72800260782242,4,4,0,2,38,0,0,40,227.169
1095,40,0,2,1,9.216000325977802,4,4,0,2,38,0,0,40,227.169
1095,40,0,3,1,122.8799968957901,4,4,0,2,38,0,0,40,227.169
1096,2,0,0,0,14.336000196635723,4,4,0,1,39,0,0,40,70.24
1096,2,0,1,0,69.63200122117996,4,4,0,1,39,0,0,40,70.24
1096,2,0,2,0,9.216000325977802,4,4,0,1,39,0,0,40,70.24
1096,2,0,3,0,4.095999989658594,4,4,0,1,39,0,0,40,70.24
1096,24,0,0,0,7.168000098317862,4,4,0,3,37,0,0,40,200.849
1096,24,0,1,0,62.463998794555664,4,4,0,3,37,0,0,40,200.849
1096,24,0,2,0,9.216000325977802,4,4,0,3,37,0,0,40,200.849
1096,24,0,3,0,115.7120019197464,4,4,0,3,37,0,0,40,200.849
1096,40,0,0,1,9.216000325977802,4,4,0,0,40,0,0,40,2.189
1096,40,0,1,1,65.5359998345375,4,4,0,0,40,0,0,40,2.189
1096,40,0,2,1,9.216000325977802,4,4,0,0,40,0,0,40,2.189
1096,40,0,3,1,4.095999989658594,4,4,0,0,40,0,0,40,2.189
1097,2,0,0,0,14.336000196635723,4,4,0,0,40,0,0,40,2.58
1097,2,0,1,0,80.89599758386612,4,4,0,0,40,0,0,40,2.58
1097,2,0,2,0,9.216000325977802,4,4,0,0,40,0,0,40,2.58
1097,2,0,3,0,5.119999870657921,4,4,0,0,40,0,0,40,2.58
1097,24,0,0,0,7.168000098317862,4,4,0,1,39,0,0,40,63.33
1097,24,0,1,0,67.58400052785873,4,4,0,1,39,0,0,40,63.33
1097,24,0,2,0,9.216000325977802,4,4,0,1,39,0,0,40,63.33
1097,24,0,3,0,4.095999989658594,4,4,0,1,39,0,0,40,63.33
1097,40,0,0,1,9.216000325977802,4,4,0,0,40,0,0,40,2.371
1097,40,0,1,1,60.416001826524734,4,4,0,0,40,0,0,40,2.371
1097,40,0,2,1,9.216000325977802,4,4,0,0,40,0,0,40,2.371
1097,40,0,3,1,4.095999989658594,4,4,0,0,40,0,0,40,2.371
1098,2,0,0,0,15.359999611973763,4,4,0,0,40,0,0,40,2.69
1098,2,0,1,0,78.84799689054489,4,4,0,0,40,0,0,40,2.69
1098,2,0,2,0,9.216000325977802,4,4,0,0,40,0,0,40,2.69
1098,2,0,3,0,6.144000217318535,4,4,0,0,40,0,0,40,2.69
1098,24,0,0,0,7.168000098317862,4,4,0,1,39,0,0,40,44.06
1098,24,0,1,0,68.60800087451935,4,4,0,1,39,0,0,40,44.06
1098,24,0,2,0,9.216000325977802,4,4,0,1,39,0,0,40,44.06
1098,24,0,3,0,4.095999989658594,4,4,0,1,39,0,0,40,44.06
1098,40,0,0,1,9.216000325977802,4,4,0,0,40,0,0,40,2.06
1098,40,0,1,1,78.84799689054489,4,4,0,0,40,0,0,40,2.06
1098,40,0,2,1,9.216000325977802,4,4,0,0,40,0,0,40,2.06
1098,40,0,3,1,4.095999989658594,4,4,0,0,40,0,0,40,2.06
1099,2,0,0,0,15.359999611973763,4,4,0,2,38,0,0,40,119.759
1099,2,0,1,0,89.08800035715103,4,4,0,2,38,0,0,40,119.759
1099,2,0,2,0,8.191999979317188,4,4,0,2,38,0,0,40,119.759
1099,2,0,3,0,4.095999989658594,4,4,0,2,38,0,0,40,119.759
1099,24,0,0,0,9.216000325977802,4,4,0,0,40,0,0,40,1.94
1099,24,0,1,0,79.8719972372055,4,4,0,0,40,0,0,40,1.94
1099,24,0,2,0,9.216000325977802,4,4,0,0,40,0,0,40,1.94
1099,24,0,3,0,4.095999989658594,4,4,0,0,40,0,0,40,1.94
1099,40,0,0,1,9.216000325977802,4,4,0,0,40,0,0,40,4.049
1099,40,0,1,1,81.91999793052673,4,4,0,0,40,0,0,40,4.049
1099,40,0,2,1,9.216000325977802,4,4,0,0,40,0,0,40,4.049
1099,40,0,3,1,4.095999989658594,4,4,0,0,40,0,0,40,4.049
1100,2,0,0,0,15.359999611973763,4,4,0,2,38,0,0,40,110.09
1100,2,0,1,0,87.0399996638298,4,4,0,2,38,0,0,40,110.09
1100,2,0,2,0,9.216000325977802,4,4,0,2,38,0,0,40,110.09
1100,2,0,3,0,4.095999989658594,4,4,0,2,38,0,0,40,110.09
1100,24,0,0,0,8.191999979317188,4,4,0,2,38,0,0,40,116.1
1100,24,0,1,0,77.82399654388428,4,4,0,2,38,0,0,40,116.1
1100,24,0,2,0,10.239999741315842,4,4,0,2,38,0,0,40,116.1
1100,24,0,3,0,16.383999958634377,4,4,0,2,38,0,0,40,116.1
1100,40,0,0,1,9.216000325977802,4,4,0,1,39,0,0,40,75.7
1100,40,0,1,1,92.16000139713287,4,4,0,1,39,0,0,40,75.7
1100,40,0,2,1,9.216000325977802,4,4,0,1,39,0,0,40,75.7
1100,40,0,3,1,4.095999989658594,4,4,0,1,39,0,0,40,75.7
1101,2,0,0,0,14.336000196635723,4,4,0,0,40,0,0,40,2.44
1101,2,0,1,0,90.11200070381165,4,4,0,0,40,0,0,40,2.44
1101,2,0,2,0,9.216000325977802,4,4,0,0,40,0,0,40,2.44
1101,2,0,3,0,4.095999989658594,4,4,0,0,40,0,0,40,2.44
1101,24,0,0,0,8.191999979317188,4,4,0,1,39,0,0,40,62.24
1101,24,0,1,0,67.58400052785873,4,4,0,1,39,0,0,40,62.24
1101,24,0,2,0,8.191999979317188,4,4,0,1,39,0,0,40,62.24
1101,24,0,3,0,4.095999989658594,4,4,0,1,39,0,0,40,62.24
1101,40,0,0,1,402.43199467658997,4,4,0,0,40,0,0,40,2.37
1101,40,0,1,1,66.56000018119812,4,4,0,0,40,0,0,40,2.37
1101,40,0,2,1,9.216000325977802,4,4,0,0,40,0,0,40,2.37
1101,40,0,3,1,4.095999989658594,4,4,0,0,40,0,0,40,2.37
1102,2,0,0,0,14.336000196635723,4,4,0,0,40,0,0,40,2.12
1102,2,0,1,0,82.94399827718735,4,4,0,0,40,0,0,40,2.12
1102,2,0,2,0,9.216000325977802,4,4,0,0,40,0,0,40,2.12
1102,2,0,3,0,4.095999989658594,4,4,0,0,40,0,0,40,2.12
1102,24,0,0,0,9.216000325977802,4,4,0,0,40,0,0,40,2.42
1102,24,0,1,0,70.65600156784058,4,4,0,0,40,0,0,40,2.42
1102,24,0,2,0,9.216000325977802,4,4,0,0,40,0,0,40,2.42
1102,24,0,3,0,4.095999989658594,4,4,0,0,40,0,0,40,2.42
1102,40,0,0,1,16.383999958634377,4,4,0,1,39,0,0,40,78.33
1102,40,0,1,1,74.75200295448303,4,4,0,1,39,0,0,40,78.33
1102,40,0,2,1,9.216000325977802,4,4,0,1,39,0,0,40,78.33
1102,40,0,3,1,4.095999989658594,4,4,0,1,39,0,0,40,78.33
1103,2,0,0,0,20.479999482631683,4,4,0,1,39,0,0,40,130.899
1103,2,0,1,0,81.91999793052673,4,4,0,1,39,0,0,40,130.899
1103,2,0,2,0,9.216000325977802,4,4,0,1,39,0,0,40,130.899
1103,2,0,3,0,15.359999611973763,4,4,0,1,39,0,0,40,130.899
1103,24,0,0,0,8.191999979317188,4,4,0,0,40,0,0,40,1.76
1103,24,0,1,0,77.82399654388428,4,4,0,0,40,0,0,40,1.76
1103,24,0,2,0,9.216000325977802,4,4,0,0,40,0,0,40,1.76
1103,24,0,3,0,4.095999989658594,4,4,0,0,40,0,0,40,1.76
1103,40,0,0,1,9.216000325977802,4,4,0,0,40,0,0,40,2.3
1103,40,0,1,1,64.51199948787689,4,4,0,0,40,0,0,40,2.3
1103,40,0,2,1,9.216000325977802,4,4,0,0,40,0,0,40,2.3
1103,40,0,3,1,4.095999989658594,4,4,0,0,40,0,0,40,2.3
1104,2,0,0,0,30.719999223947525,4,4,0,2,38,0,0,40,110.58
1104,2,0,1,0,79.8719972372055,4,4,0,2,38,0,0,40,110.58
1104,2,0,2,0,8.191999979317188,4,4,0,2,38,0,0,40,110.58
1104,2,0,3,0,5.119999870657921,4,4,0,2,38,0,0,40,110.58
1104,24,0,0,0,8.191999979317188,4,4,0,0,40,0,0,40,4.46
1104,24,0,1,0,72.7040022611618,4,4,0,0,40,0,0,40,4.46
1104,24,0,2,0,8.191999979317188,4,4,0,0,40,0,0,40,4.46
1104,24,0,3,0,5.119999870657921,4,4,0,0,40,0,0,40,4.46
1104,40,0,0,1,14.336000196635723,4,4,0,1,39,0,0,40,82.09
1104,40,0,1,1,74.75200295448303,4,4,0,1,39,0,0,40,82.09
1104,40,0,2,1,9.216000325977802,4,4,0,1,39,0,0,40,82.09
1104,40,0,3,1,4.095999989658594,4,4,0,1,39,0,0,40,82.09
1105,2,0,0,0,15.359999611973763,4,4,0,3,37,0,0,40,123.639
1105,2,0,1,0,72.7040022611618,4,4,0,3,37,0,0,40,123.639
1105,2,0,2,0,9.216000325977802,4,4,0,3,37,0,0,40,123.639
1105,2,0,3,0,22.52800017595291,4,4,0,3,37,0,0,40,123.639
1105,24,0,0,0,8.191999979317188,4,4,0,0,40,0,0,40,4.82
1105,24,0,1,0,79.8719972372055,4,4,0,0,40,0,0,40,4.82
1105,24,0,2,0,9.216000325977802,4,4,0,0,40,0,0,40,4.82
1105,24,0,3,0,4.095999989658594,4,4,0,0,40,0,0,40,4.82
1105,40,0,0,1,9.216000325977802,4,4,0,0,40,0,0,40,6.11
1105,40,0,1,1,84.99199897050858,4,4,0,0,40,0,0,40,6.11
1105,40,0,2,1,9.216000325977802,4,4,0,0,40,0,0,40,6.11
1105,40,0,3,1,4.095999989658594,4,4,0,0,40,0,0,40,6.11
1106,2,0,0,0,9.216000325977802,2,2,0,1,19,0,0,20,61.849
1106,2,0,1,0,50.175998359918594,2,2,0,1,19,0,0,20,61.849
1106,2,0,2,0,9.216000325977802,2,2,0,1,19,0,0,20,61.849
1106,2,0,3,0,7.168000098317862,2,2,0,1,19,0,0,20,61.849
1106,24,0,0,0,8.191999979317188,2,2,0,1,19,0,0,20,60.0
1106,24,0,1,0,38.91199827194214,2,2,0,1,19,0,0,20,60.0
1106,24,0,2,0,8.191999979317188,2,2,0,1,19,0,0,20,60.0
1106,24,0,3,0,4.095999989658594,2,2,0,1,19,0,0,20,60.0
1106,40,0,0,1,10.239999741315842,2,2,0,0,20,0,0,20,2.06
1106,40,0,1,1,48.128001391887665,2,2,0,0,20,0,0,20,2.06
1106,40,0,2,1,9.216000325977802,2,2,0,0,20,0,0,20,2.06
1106,40,0,3,1,4.095999989658594,2,2,0,0,20,0,0,20,2.06
1107,2,0,0,0,15.359999611973763,4,4,0,1,39,0,0,40,76.891
1107,2,0,1,0,71.68000191450119,4,4,0,1,39,0,0,40,76.891
1107,2,0,2,0,9.216000325977802,4,4,0,1,39,0,0,40,76.891
1107,2,0,3,0,5.119999870657921,4,4,0,1,39,0,0,40,76.891
1107,24,0,0,0,9.216000325977802,4,4,0,1,39,0,0,40,58.951
1107,24,0,1,0,65.5359998345375,4,4,0,1,39,0,0,40,58.951
1107,24,0,2,0,9.216000325977802,4,4,0,1,39,0,0,40,58.951
1107,24,0,3,0,4.095999989658594,4,4,0,1,39,0,0,40,58.951
1107,40,0,0,1,9.216000325977802,4,4,0,0,40,0,0,40,2.65
1107,40,0,1,1,64.51199948787689,4,4,0,0,40,0,0,40,2.65
1107,40,0,2,1,8.191999979317188,4,4,0,0,40,0,0,40,2.65
1107,40,0,3,1,4.095999989658594,4,4,0,0,40,0,0,40,2.65
1108,2,0,0,0,8.191999979317188,4,4,0,1,39,0,0,40,90.73
1108,2,0,1,0,81.91999793052673,4,4,0,1,39,0,0,40,90.73
1108,2,0,2,0,8.191999979317188,4,4,0,1,39,0,0,40,90.73
1108,2,0,3,0,4.095999989658594,4,4,0,1,39,0,0,40,90.73
1108,24,0,0,0,8.191999979317188,4,4,0,0,40,0,0,40,3.16
1108,24,0,1,0,76.80000364780426,4,4,0,0,40,0,0,40,3.16
1108,24,0,2,0,9.216000325977802,4,4,0,0,40,0,0,40,3.16
1108,24,0,3,0,4.095999989658594,4,4,0,0,40,0,0,40,3.16
1108,40,0,0,1,15.359999611973763,4,4,0,2,38,0,0,40,123.219
1108,40,0,1,1,78.84799689054489,4,4,0,2,38,0,0,40,123.219
1108,40,0,2,1,9.216000325977802,4,4,0,2,38,0,0,40,123.219
1108,40,0,3,1,14.336000196635723,4,4,0,2,38,0,0,40,123.219
1109,2,0,0,0,8.191999979317188,4,4,0,1,39,0,0,40,82.589
1109,2,0,1,0,78.84799689054489,4,4,0,1,39,0,0,40,82.589
1109,2,0,2,0,9.216000325977802,4,4,0,1,39,0,0,40,82.589
1109,2,0,3,0,6.144000217318535,4,4,0,1,39,0,0,40,82.589
1109,24,0,0,0,8.191999979317188,4,4,0,0,40,0,0,40,4.07
1109,24,0,1,0,79.8719972372055,4,4,0,0,40,0,0,40,4.07
1109,24,0,2,0,9.216000325977802,4,4,0,0,40,0,0,40,4.07
1109,24,0,3,0,4.095999989658594,4,4,0,0,40,0,0,40,4.07
1109,40,0,0,1,16.383999958634377,4,4,0,1,39,0,0,40,79.44
1109,40,0,1,1,71.68000191450119,4,4,0,1,39,0,0,40,79.44
1109,40,0,2,1,8.191999979317188,4,4,0,1,39,0,0,40,79.44
1109,40,0,3,1,4.095999989658594,4,4,0,1,39,0,0,40,79.44
1110,2,0,0,0,13.311999849975109,4,4,0,0,40,0,0,40,2.8
1110,2,0,1,0,73.72800260782242,4,4,0,0,40,0,0,40,2.8
1110,2,0,2,0,8.191999979317188,4,4,0,0,40,0,0,40,2.8
1110,2,0,3,0,4.095999989658594,4,4,0,0,40,0,0,40,2.8
1110,24,0,0,0,7.168000098317862,4,4,0,1,39,0,0,40,99.839
1110,24,0,1,0,65.5359998345375,4,4,0,1,39,0,0,40,99.839
1110,24,0,2,0,9.216000325977802,4,4,0,1,39,0,0,40,99.839
1110,24,0,3,0,12.28800043463707,4,4,0,1,39,0,0,40,99.839
1110,40,0,0,1,9.216000325977802,4,4,0,0,40,0,0,40,2.249
1110,40,0,1,1,72.7040022611618,4,4,0,0,40,0,0,40,2.249
1110,40,0,2,1,9.216000325977802,4,4,0,0,40,0,0,40,2.249
1110,40,0,3,1,4.095999989658594,4,4,0,0,40,0,0,40,2.249
1111,2,0,0,0,9.216000325977802,3,3,0,0,30,0,0,30,3.851
1111,2,0,1,0,73.72800260782242,3,3,0,0,30,0,0,30,3.851
1111,2,0,2,0,9.216000325977802,3,3,0,0,30,0,0,30,3.851
1111,2,0,3,0,5.119999870657921,3,3,0,0,30,0,0,30,3.851
1111,24,0,0,0,15.359999611973763,3,3,0,1,29,0,0,30,90.969
1111,24,0,1,0,60.416001826524734,3,3,0,1,29,0,0,30,90.969
1111,24,0,2,0,9.216000325977802,3,3,0,1,29,0,0,30,90.969
1111,24,0,3,0,3.0720001086592674,3,3,0,1,29,0,0,30,90.969
1111,40,0,0,1,9.216000325977802,3,3,0,0,30,0,0,30,3.32
1111,40,0,1,1,65.5359998345375,3,3,0,0,30,0,0,30,3.32
1111,40,0,2,1,9.216000325977802,3,3,0,0,30,0,0,30,3.32
1111,40,0,3,1,4.095999989658594,3,3,0,0,30,0,0,30,3.32
1112,2,0,0,0,9.216000325977802,4,4,0,1,39,0,0,40,68.01
1112,2,0,1,0,81.91999793052673,4,4,0,1,39,0,0,40,68.01
1112,2,0,2,0,9.216000325977802,4,4,0,1,39,0,0,40,68.01
1112,2,0,3,0,7.168000098317862,4,4,0,1,39,0,0,40,68.01
1112,24,0,0,0,8.191999979317188,4,4,0,1,39,0,0,40,76.959
1112,24,0,1,0,77.82399654388428,4,4,0,1,39,0,0,40,76.959
1112,24,0,2,0,9.216000325977802,4,4,0,1,39,0,0,40,76.959
1112,24,0,3,0,4.095999989658594,4,4,0,1,39,0,0,40,76.959
1112,40,0,0,1,9.216000325977802,4,4,0,0,40,0,0,40,4.54
1112,40,0,1,1,74.75200295448303,4,4,0,0,40,0,0,40,4.54
1112,40,0,2,1,8.191999979317188,4,4,0,0,40,0,0,40,4.54
1112,40,0,3,1,3.0720001086592674,4,4,0,0,40,0,0,40,4.54
1113,2,0,0,0,10.239999741315842,1,1,0,1,9,0,0,10,72.779
1113,2,0,1,0,31.74399957060814,1,1,0,1,9,0,0,10,72.779
1113,2,0,2,0,9.216000325977802,1,1,0,1,9,0,0,10,72.779
1113,2,0,3,0,16.383999958634377,1,1,0,1,9,0,0,10,72.779
1113,24,0,0,0,9.216000325977802,1,1,0,2,8,0,0,10,90.64
1113,24,0,1,0,27.648000046610832,1,1,0,2,8,0,0,10,90.64
1113,24,0,2,0,9.216000325977802,1,1,0,2,8,0,0,10,90.64
1113,24,0,3,0,40.95999896526337,1,1,0,2,8,0,0,10,90.64
1113,40,0,0,1,8.191999979317188,1,1,0,0,10,0,0,10,2.589
1113,40,0,1,1,34.81600061058998,1,1,0,0,10,0,0,10,2.589
1113,40,0,2,1,8.191999979317188,1,1,0,0,10,0,0,10,2.589
1113,40,0,3,1,4.095999989658594,1,1,0,0,10,0,0,10,2.589
1114,2,0,0,0,9.216000325977802,2,2,0,0,20,0,0,20,1.0
1114,2,0,1,0,53.247999399900436,2,2,0,0,20,0,0,20,1.0
1114,2,0,2,0,8.191999979317188,2,2,0,0,20,0,0,20,1.0
1114,2,0,3,0,5.119999870657921,2,2,0,0,20,0,0,20,1.0
1114,24,0,0,0,19.45599913597107,2,2,0,0,20,0,0,20,1.06
1114,24,0,1,0,49.15200173854828,2,2,0,0,20,0,0,20,1.06
1114,24,0,2,0,8.191999979317188,2,2,0,0,20,0,0,20,1.06
1114,24,0,3,0,4.095999989658594,2,2,0,0,20,0,0,20,1.06
1114,40,0,0,1,9.216000325977802,2,2,0,0,20,0,0,20,0.8
1114,40,0,1,1,44.03200000524521,2,2,0,0,20,0,0,20,0.8
1114,40,0,2,1,9.216000325977802,2,2,0,0,20,0,0,20,0.8
1114,40,0,3,1,5.119999870657921,2,2,0,0,20,0,0,20,0.8
1115,2,0,0,0,14.336000196635723,4,4,0,0,40,0,0,40,2.64
1115,2,0,1,0,84.99199897050858,4,4,0,0,40,0,0,40,2.64
1115,2,0,2,0,9.216000325977802,4,4,0,0,40,0,0,40,2.64
1115,2,0,3,0,5.119999870657921,4,4,0,0,40,0,0,40,2.64
1115,24,0,0,0,8.191999979317188,4,4,0,0,40,0,0,40,2.551
1115,24,0,1,0,63.48799914121628,4,4,0,0,40,0,0,40,2.551
1115,24,0,2,0,10.239999741315842,4,4,0,0,40,0,0,40,2.551
1115,24,0,3,0,4.095999989658594,4,4,0,0,40,0,0,40,2.551
1115,40,0,0,1,17.40800030529499,4,4,0,0,40,0,0,40,14.12
1115,40,0,1,1,57.34400078654289,4,4,0,0,40,0,0,40,14.12
1115,40,0,2,1,9.216000325977802,4,4,0,0,40,0,0,40,14.12
1115,40,0,3,1,4.095999989658594,4,4,0,0,40,0,0,40,14.12
1116,2,0,0,0,9.216000325977802,4,4,0,0,40,0,0,40,3.769
1116,2,0,1,0,62.463998794555664,4,4,0,0,40,0,0,40,3.769
1116,2,0,2,0,9.216000325977802,4,4,0,0,40,0,0,40,3.769
1116,2,0,3,0,5.119999870657921,4,4,0,0,40,0,0,40,3.769
1116,24,0,0,0,8.191999979317188,4,4,0,0,40,0,0,40,3.669
1116,24,0,1,0,63.48799914121628,4,4,0,0,40,0,0,40,3.669
1116,24,0,2,0,9.216000325977802,4,4,0,0,40,0,0,40,3.669
1116,24,0,3,0,4.095999989658594,4,4,0,0,40,0,0,40,3.669
1116,40,0,0,1,9.216000325977802,4,4,0,0,40,0,0,40,4.78
1116,40,0,1,1,68.60800087451935,4,4,0,0,40,0,0,40,4.78
1116,40,0,2,1,9.216000325977802,4,4,0,0,40,0,0,40,4.78
1116,40,0,3,1,4.095999989658594,4,4,0,0,40,0,0,40,4.78
1117,2,0,0,0,14.336000196635723,4,4,0,0,40,0,0,40,4.21
1117,2,0,1,0,67.58400052785873,4,4,0,0,40,0,0,40,4.21
1117,2,0,2,0,8.191999979317188,4,4,0,0,40,0,0,40,4.21
1117,2,0,3,0,4.095999989658594,4,4,0,0,40,0,0,40,4.21
1117,24,0,0,0,24.57600086927414,4,4,0,0,40,0,0,40,24.21
1117,24,0,1,0,53.247999399900436,4,4,0,0,40,0,0,40,24.21
1117,24,0,2,0,9.216000325977802,4,4,0,0,40,0,0,40,24.21
1117,24,0,3,0,4.095999989658594,4,4,0,0,40,0,0,40,24.21
1117,40,0,0,1,9.216000325977802,4,4,0,1,39,0,0,40,149.339
1117,40,0,1,1,56.32000043988228,4,4,0,1,39,0,0,40,149.339
1117,40,0,2,1,9.216000325977802,4,4,0,1,39,0,0,40,149.339
1117,40,0,3,1,71.68000191450119,4,4,0,1,39,0,0,40,149.339
1118,2,0,0,0,14.336000196635723,4,4,0,0,40,0,0,40,2.309
1118,2,0,1,0,81.91999793052673,4,4,0,0,40,0,0,40,2.309
1118,2,0,2,0,9.216000325977802,4,4,0,0,40,0,0,40,2.309
1118,2,0,3,0,8.191999979317188,4,4,0,0,40,0,0,40,2.309
1118,24,0,0,0,8.191999979317188,4,4,0,0,40,0,0,40,2.69
1118,24,0,1,0,71.68000191450119,4,4,0,0,40,0,0,40,2.69
1118,24,0,2,0,8.191999979317188,4,4,0,0,40,0,0,40,2.69
1118,24,0,3,0,3.0720001086592674,4,4,0,0,40,0,0,40,2.69
1118,40,0,0,1,16.383999958634377,4,4,0,1,39,0,0,40,75.799
1118,40,0,1,1,95.23200243711472,4,4,0,1,39,0,0,40,75.799
1118,40,0,2,1,8.191999979317188,4,4,0,1,39,0,0,40,75.799
1118,40,0,3,1,3.0720001086592674,4,4,0,1,39,0,0,40,75.799
1119,2,0,0,0,16.383999958634377,4,4,0,1,39,0,0,40,70.28
1119,2,0,1,0,78.84799689054489,4,4,0,1,39,0,0,40,70.28
1119,2,0,2,0,9.216000325977802,4,4,0,1,39,0,0,40,70.28
1119,2,0,3,0,5.119999870657921,4,4,0,1,39,0,0,40,70.28
1119,24,0,0,0,8.191999979317188,4,4,0,1,39,0,0,40,71.04
1119,24,0,1,0,63.48799914121628,4,4,0,1,39,0,0,40,71.04
1119,24,0,2,0,9.216000325977802,4,4,0,1,39,0,0,40,71.04
1119,24,0,3,0,4.095999989658594,4,4,0,1,39,0,0,40,71.04
1119,40,0,0,1,9.216000325977802,4,4,0,0,40,0,0,40,1.8
1119,40,0,1,1,61.43999844789505,4,4,0,0,40,0,0,40,1.8
1119,40,0,2,1,9.216000325977802,4,4,0,0,40,0,0,40,1.8
1119,40,0,3,1,4.095999989658594,4,4,0,0,40,0,0,40,1.8
1120,2,0,0,0,15.359999611973763,4,4,0,1,39,0,0,40,59.71
1120,2,0,1,0,79.8719972372055,4,4,0,1,39,0,0,40,59.71
1120,2,0,2,0,9.216000325977802,4,4,0,1,39,0,0,40,59.71
1120,2,0,3,0,4.095999989658594,4,4,0,1,39,0,0,40,59.71
1120,24,0,0,0,8.191999979317188,4,4,0,0,40,0,0,40,2.229
1120,24,0,1,0,72.7040022611618,4,4,0,0,40,0,0,40,2.229
1120,24,0,2,0,9.216000325977802,4,4,0,0,40,0,0,40,2.229
1120,24,0,3,0,4.095999989658594,4,4,0,0,40,0,0,40,2.229
1120,40,0,0,1,8.191999979317188,4,4,0,0,40,0,0,40,3.75
1120,40,0,1,1,74.75200295448303,4,4,0,0,40,0,0,40,3.75
1120,40,0,2,1,9.216000325977802,4,4,0,0,40,0,0,40,3.75
1120,40,0,3,1,4.095999989658594,4,4,0,0,40,0,0,40,3.75
1121,2,0,0,0,14.336000196635723,4,4,0,0,40,0,0,40,2.29
1121,2,0,1,0,71.68000191450119,4,4,0,0,40,0,0,40,2.29
1121,2,0,2,0,9.216000325977802,4,4,0,0,40,0,0,40,2.29
1121,2,0,3,0,6.144000217318535,4,4,0,0,40,0,0,40,2.29
1121,24,0,0,0,9.216000325977802,4,4,0,1,39,0,0,40,73.76
1121,24,0,1,0,77.82399654388428,4,4,0,1,39,0,0,40,73.76
1121,24,0,2,0,9.216000325977802,4,4,0,1,39,0,0,40,73.76
1121,24,0,3,0,4.095999989658594,4,4,0,1,39,0,0,40,73.76
1121,40,0,0,1,15.359999611973763,4,4,0,1,39,0,0,40,67.71
1121,40,0,1,1,79.8719972372055,4,4,0,1,39,0,0,40,67.71
1121,40,0,2,1,8.191999979317188,4,4,0,1,39,0,0,40,67.71
1121,40,0,3,1,4.095999989658594,4,4,0,1,39,0,0,40,67.71
1122,2,0,0,0,15.359999611973763,3,3,0,0,30,0,0,30,1.451
1122,2,0,1,0,69.63200122117996,3,3,0,0,30,0,0,30,1.451
1122,2,0,2,0,8.191999979317188,3,3,0,0,30,0,0,30,1.451
1122,2,0,3,0,5.119999870657921,3,3,0,0,30,0,0,30,1.451
1122,24,0,0,0,9.216000325977802,3,3,0,0,30,0,0,30,3.271
1122,24,0,1,0,59.39200147986412,3,3,0,0,30,0,0,30,3.271
1122,24,0,2,0,8.191999979317188,3,3,0,0,30,0,0,30,3.271
1122,24,0,3,0,4.095999989658594,3,3,0,0,30,0,0,30,3.271
1122,40,0,0,1,15.359999611973763,3,3,0,3,27,0,0,30,105.6
1122,40,0,1,1,45.05600035190582,3,3,0,3,27,0,0,30,105.6
1122,40,0,2,1,8.191999979317188,3,3,0,3,27,0,0,30,105.6
1122,40,0,3,1,31.74399957060814,3,3,0,3,27,0,0,30,105.6
1123,2,0,0,0,13.311999849975109,4,4,0,0,40,0,0,40,2.8
1123,2,0,1,0,84.99199897050858,4,4,0,0,40,0,0,40,2.8
1123,2,0,2,0,8.191999979317188,4,4,0,0,40,0,0,40,2.8
1123,2,0,3,0,4.095999989658594,4,4,0,0,40,0,0,40,2.8
1123,24,0,0,0,8.191999979317188,4,4,0,0,40,0,0,40,2.0
1123,24,0,1,0,70.65600156784058,4,4,0,0,40,0,0,40,2.0
1123,24,0,2,0,8.191999979317188,4,4,0,0,40,0,0,40,2.0
1123,24,0,3,0,4.095999989658594,4,4,0,0,40,0,0,40,2.0
1123,40,0,0,1,14.336000196635723,4,4,0,2,38,0,0,40,97.729
1123,40,0,1,1,96.25600278377533,4,4,0,2,38,0,0,40,97.729
1123,40,0,2,1,9.216000325977802,4,4,0,2,38,0,0,40,97.729
1123,40,0,3,1,4.095999989658594,4,4,0,2,38,0,0,40,97.729
1124,2,0,0,0,14.336000196635723,4,4,0,0,40,0,0,40,3.68
1124,2,0,1,0,51.19999870657921,4,4,0,0,40,0,0,40,3.68
1124,2,0,2,0,9.216000325977802,4,4,0,0,40,0,0,40,3.68
1124,2,0,3,0,5.119999870657921,4,4,0,0,40,0,0,40,3.68
1124,24,0,0,0,8.191999979317188,4,4,0,1,39,0,0,40,91.859
1124,24,0,1,0,58.36800113320351,4,4,0,1,39,0,0,40,91.859
1124,24,0,2,0,9.216000325977802,4,4,0,1,39,0,0,40,91.859
1124,24,0,3,0,10.239999741315842,4,4,0,1,39,0,0,40,91.859
1124,40,0,0,1,15.359999611973763,4,4,0,1,39,0,0,40,65.089
1124,40,0,1,1,72.7040022611618,4,4,0,1,39,0,0,40,65.089
1124,40,0,2,1,9.216000325977802,4,4,0,1,39,0,0,40,65.089
1124,40,0,3,1,4.095999989658594,4,4,0,1,39,0,0,40,65.089
1125,2,0,0,0,8.191999979317188,4,4,0,1,39,0,0,40,68.95
1125,2,0,1,0,67.58400052785873,4,4,0,1,39,0,0,40,68.95
1125,2,0,2,0,9.216000325977802,4,4,0,1,39,0,0,40,68.95
1125,2,0,3,0,5.119999870657921,4,4,0,1,39,0,0,40,68.95
1125,24,0,0,0,9.216000325977802,4,4,0,0,40,0,0,40,2.18
1125,24,0,1,0,58.36800113320351,4,4,0,0,40,0,0,40,2.18
1125,24,0,2,0,9.216000325977802,4,4,0,0,40,0,0,40,2.18
1125,24,0,3,0,4.095999989658594,4,4,0,0,40,0,0,40,2.18
1125,40,0,0,1,9.216000325977802,4,4,0,0,40,0,0,40,2.24
1125,40,0,1,1,83.96799862384796,4,4,0,0,40,0,0,40,2.24
1125,40,0,2,1,9.216000325977802,4,4,0,0,40,0,0,40,2.24
1125,40,0,3,1,4.095999989658594,4,4,0,0,40,0,0,40,2.24
1126,2,0,0,0,14.336000196635723,4,4,0,1,39,0,0,40,61.69
1126,2,0,1,0,84.99199897050858,4,4,0,1,39,0,0,40,61.69
1126,2,0,2,0,9.216000325977802,4,4,0,1,39,0,0,40,61.69
1126,2,0,3,0,4.095999989658594,4,4,0,1,39,0,0,40,61.69
1126,24,0,0,0,14.336000196635723,4,4,0,0,40,0,0,40,2.32
1126,24,0,1,0,75.77600330114365,4,4,0,0,40,0,0,40,2.32
1126,24,0,2,0,9.216000325977802,4,4,0,0,40,0,0,40,2.32
1126,24,0,3,0,4.095999989658594,4,4,0,0,40,0,0,40,2.32
1126,40,0,0,1,9.216000325977802,4,4,0,0,40,0,0,40,3.66
1126,40,0,1,1,69.63200122117996,4,4,0,0,40,0,0,40,3.66
1126,40,0,2,1,8.191999979317188,4,4,0,0,40,0,0,40,3.66
1126,40,0,3,1,4.095999989658594,4,4,0,0,40,0,0,40,3.66
1127,2,0,0,0,15.359999611973763,4,4,0,1,39,0,0,40,72.35
1127,2,0,1,0,73.72800260782242,4,4,0,1,39,0,0,40,72.35
1127,2,0,2,0,9.216000325977802,4,4,0,1,39,0,0,40,72.35
1127,2,0,3,0,7.168000098317862,4,4,0,1,39,0,0,40,72.35
1127,24,0,0,0,8.191999979317188,4,4,0,0,40,0,0,40,2.13
1127,24,0,1,0,71.68000191450119,4,4,0,0,40,0,0,40,2.13
1127,24,0,2,0,9.216000325977802,4,4,0,0,40,0,0,40,2.13
1127,24,0,3,0,4.095999989658594,4,4,0,0,40,0,0,40,2.13
1127,40,0,0,1,10.239999741315842,4,4,0,0,40,0,0,40,2.42
1127,40,0,1,1,77.82399654388428,4,4,0,0,40,0,0,40,2.42
1127,40,0,2,1,8.191999979317188,4,4,0,0,40,0,0,40,2.42
1127,40,0,3,1,4.095999989658594,4,4,0,0,40,0,0,40,2.42
1128,2,0,0,0,8.191999979317188,4,4,0,0,40,0,0,40,2.951
1128,2,0,1,0,82.94399827718735,4,4,0,0,40,0,0,40,2.951
1128,2,0,2,0,9.216000325977802,4,4,0,0,40,0,0,40,2.951
1128,2,0,3,0,5.119999870657921,4,4,0,0,40,0,0,40,2.951
1128,24,0,0,0,8.191999979317188,4,4,0,0,40,0,0,40,2.41
1128,24,0,1,0,74.75200295448303,4,4,0,0,40,0,0,40,2.41
1128,24,0,2,0,9.216000325977802,4,4,0,0,40,0,0,40,2.41
1128,24,0,3,0,4.095999989658594,4,4,0,0,40,0,0,40,2.41
1128,40,0,0,1,8.191999979317188,4,4,0,0,40,0,0,40,1.98
1128,40,0,1,1,63.48799914121628,4,4,0,0,40,0,0,40,1.98
1128,40,0,2,1,8.191999979317188,4,4,0,0,40,0,0,40,1.98
1128,40,0,3,1,5.119999870657921,4,4,0,0,40,0,0,40,1.98
1129,2,0,0,0,9.216000325977802,2,2,0,0,20,0,0,20,1.449
1129,2,0,1,0,41.98399931192398,2,2,0,0,20,0,0,20,1.449
1129,2,0,2,0,9.216000325977802,2,2,0,0,20,0,0,20,1.449
1129,2,0,3,0,6.144000217318535,2,2,0,0,20,0,0,20,1.449
1129,24,0,0,0,9.216000325977802,2,2,0,0,20,0,0,20,0.9
1129,24,0,1,0,46.08000069856644,2,2,0,0,20,0,0,20,0.9
1129,24,0,2,0,8.191999979317188,2,2,0,0,20,0,0,20,0.9
1129,24,0,3,0,4.095999989658594,2,2,0,0,20,0,0,20,0.9
1129,40,0,0,1,8.191999979317188,2,2,0,0,20,0,0,20,0.98
1129,40,0,1,1,44.03200000524521,2,2,0,0,20,0,0,20,0.98
1129,40,0,2,1,9.216000325977802,2,2,0,0,20,0,0,20,0.98
1129,40,0,3,1,4.095999989658594,2,2,0,0,20,0,0,20,0.98
1130,2,0,0,0,9.216000325977802,4,4,0,1,39,0,0,40,85.14
1130,2,0,1,0,84.99199897050858,4,4,0,1,39,0,0,40,85.14
1130,2,0,2,0,9.216000325977802,4,4,0,1,39,0,0,40,85.14
1130,2,0,3,0,5.119999870657921,4,4,0,1,39,0,0,40,85.14
1130,24,0,0,0,7.168000098317862,4,4,0,1,39,0,0,40,122.979
1130,24,0,1,0,73.72800260782242,4,4,0,1,39,0,0,40,122.979
1130,24,0,2,0,9.216000325977802,4,4,0,1,39,0,0,40,122.979
1130,24,0,3,0,32.76799991726875,4,4,0,1,39,0,0,40,122.979
1130,40,0,0,1,15.359999611973763,4,4,0,1,39,0,0,40,83.71
1130,40,0,1,1,79.8719972372055,4,4,0,1,39,0,0,40,83.71
1130,40,0,2,1,9.216000325977802,4,4,0,1,39,0,0,40,83.71
1130,40,0,3,1,4.095999989658594,4,4,0,1,39,0,0,40,83.71
1131,2,0,0,0,15.359999611973763,4,4,0,0,40,0,0,40,4.42
1131,2,0,1,0,79.8719972372055,4,4,0,0,40,0,0,40,4.42
1131,2,0,2,0,8.191999979317188,4,4,0,0,40,0,0,40,4.42
1131,2,0,3,0,5.119999870657921,4,4,0,0,40,0,0,40,4.42
1131,24,0,0,0,8.191999979317188,4,4,0,0,40,0,0,40,2.291
1131,24,0,1,0,71.68000191450119,4,4,0,0,40,0,0,40,2.291
1131,24,0,2,0,9.216000325977802,4,4,0,0,40,0,0,40,2.291
1131,24,0,3,0,4.095999989658594,4,4,0,0,40,0,0,40,2.291
1131,40,0,0,1,15.359999611973763,4,4,0,1,39,0,0,40,81.649
1131,40,0,1,1,82.94399827718735,4,4,0,1,39,0,0,40,81.649
1131,40,0,2,1,9.216000325977802,4,4,0,1,39,0,0,40,81.649
1131,40,0,3,1,4.095999989658594,4,4,0,1,39,0,0,40,81.649
1132,2,0,0,0,8.191999979317188,3,3,0,2,28,0,0,30,152.689
1132,2,0,1,0,61.43999844789505,3,3,0,2,28,0,0,30,152.689
1132,2,0,2,0,9.216000325977802,3,3,0,2,28,0,0,30,152.689
1132,2,0,3,0,75.77600330114365,3,3,0,2,28,0,0,30,152.689
1132,24,0,0,0,14.336000196635723,3,3,0,1,29,0,0,30,56.94
1132,24,0,1,0,66.56000018119812,3,3,0,1,29,0,0,30,56.94
1132,24,0,2,0,9.216000325977802,3,3,0,1,29,0,0,30,56.94
1132,24,0,3,0,4.095999989658594,3,3,0,1,29,0,0,30,56.94
1132,40,0,0,1,9.216000325977802,3,3,0,0,30,0,0,30,3.78
1132,40,0,1,1,62.463998794555664,3,3,0,0,30,0,0,30,3.78
1132,40,0,2,1,9.216000325977802,3,3,0,0,30,0,0,30,3.78
1132,40,0,3,1,4.095999989658594,3,3,0,0,30,0,0,30,3.78
1133,2,0,0,0,8.191999979317188,1,1,0,0,10,0,0,10,0.72
1133,2,0,1,0,31.74399957060814,1,1,0,0,10,0,0,10,0.72
1133,2,0,2,0,9.216000325977802,1,1,0,0,10,0,0,10,0.72
1133,2,0,3,0,4.095999989658594,1,1,0,0,10,0,0,10,0.72
1133,24,0,0,0,9.216000325977802,1,1,0,0,10,0,0,10,0.49
1133,24,0,1,0,31.74399957060814,1,1,0,0,10,0,0,10,0.49
1133,24,0,2,0,8.191999979317188,1,1,0,0,10,0,0,10,0.49
1133,24,0,3,0,3.0720001086592674,1,1,0,0,10,0,0,10,0.49
1133,40,0,0,1,8.191999979317188,1,1,0,0,10,0,0,10,0.82
1133,40,0,1,1,34.81600061058998,1,1,0,0,10,0,0,10,0.82
1133,40,0,2,1,9.216000325977802,1,1,0,0,10,0,0,10,0.82
1133,40,0,3,1,4.095999989658594,1,1,0,0,10,0,0,10,0.82
1134,2,0,0,0,9.216000325977802,1,1,0,0,10,0,0,10,0.489
1134,2,0,1,0,32.76799991726875,1,1,0,0,10,0,0,10,0.489
1134,2,0,2,0,9.216000325977802,1,1,0,0,10,0,0,10,0.489
1134,2,0,3,0,5.119999870657921,1,1,0,0,10,0,0,10,0.489
1134,24,0,0,0,9.216000325977802,1,1,0,0,10,0,0,10,0.58
1134,24,0,1,0,32.76799991726875,1,1,0,0,10,0,0,10,0.58
1134,24,0,2,0,8.191999979317188,1,1,0,0,10,0,0,10,0.58
1134,24,0,3,0,4.095999989658594,1,1,0,0,10,0,0,10,0.58
1134,40,0,0,1,8.191999979317188,1,1,0,0,10,0,0,10,0.41
1134,40,0,1,1,34.81600061058998,1,1,0,0,10,0,0,10,0.41
1134,40,0,2,1,9.216000325977802,1,1,0,0,10,0,0,10,0.41
1134,40,0,3,1,5.119999870657921,1,1,0,0,10,0,0,10,0.41
1135,2,0,0,0,9.216000325977802,4,4,0,1,39,0,0,40,158.99
1135,2,0,1,0,72.7040022611618,4,4,0,1,39,0,0,40,158.99
1135,2,0,2,0,9.216000325977802,4,4,0,1,39,0,0,40,158.99
1135,2,0,3,0,64.51199948787689,4,4,0,1,39,0,0,40,158.99
1135,24,0,0,0,8.191999979317188,4,4,0,0,40,0,0,40,2.47
1135,24,0,1,0,74.75200295448303,4,4,0,0,40,0,0,40,2.47
1135,24,0,2,0,9.216000325977802,4,4,0,0,40,0,0,40,2.47
1135,24,0,3,0,4.095999989658594,4,4,0,0,40,0,0,40,2.47
1135,40,0,0,1,8.191999979317188,4,4,0,1,39,0,0,40,317.908
1135,40,0,1,1,54.27199974656105,4,4,0,1,39,0,0,40,317.908
1135,40,0,2,1,9.216000325977802,4,4,0,1,39,0,0,40,317.908
1135,40,0,3,1,243.71199309825897,4,4,0,1,39,0,0,40,317.908
1136,2,0,0,0,13.311999849975109,4,4,0,0,40,0,0,40,2.38
1136,2,0,1,0,77.82399654388428,4,4,0,0,40,0,0,40,2.38
1136,2,0,2,0,9.216000325977802,4,4,0,0,40,0,0,40,2.38
1136,2,0,3,0,4.095999989658594,4,4,0,0,40,0,0,40,2.38
1136,24,0,0,0,8.191999979317188,4,4,0,0,40,0,0,40,1.96
1136,24,0,1,0,60.416001826524734,4,4,0,0,40,0,0,40,1.96
1136,24,0,2,0,9.216000325977802,4,4,0,0,40,0,0,40,1.96
1136,24,0,3,0,4.095999989658594,4,4,0,0,40,0,0,40,1.96
1136,40,0,0,1,8.191999979317188,4,4,0,0,40,0,0,40,1.9
1136,40,0,1,1,67.58400052785873,4,4,0,0,40,0,0,40,1.9
1136,40,0,2,1,8.191999979317188,4,4,0,0,40,0,0,40,1.9
1136,40,0,3,1,3.0720001086592674,4,4,0,0,40,0,0,40,1.9
1137,2,0,0,0,8.191999979317188,3,3,0,1,29,0,0,30,109.52
1137,2,0,1,0,68.60800087451935,3,3,0,1,29,0,0,30,109.52
1137,2,0,2,0,9.216000325977802,3,3,0,1,29,0,0,30,109.52
1137,2,0,3,0,20.479999482631683,3,3,0,1,29,0,0,30,109.52
1137,24,0,0,0,9.216000325977802,3,3,0,0,30,0,0,30,3.029
1137,24,0,1,0,65.5359998345375,3,3,0,0,30,0,0,30,3.029
1137,24,0,2,0,8.191999979317188,3,3,0,0,30,0,0,30,3.029
1137,24,0,3,0,4.095999989658594,3,3,0,0,30,0,0,30,3.029
1137,40,0,0,1,8.191999979317188,3,3,0,0,30,0,0,30,1.471
1137,40,0,1,1,52.22399905323982,3,3,0,0,30,0,0,30,1.471
1137,40,0,2,1,8.191999979317188,3,3,0,0,30,0,0,30,1.471
1137,40,0,3,1,4.095999989658594,3,3,0,0,30,0,0,30,1.471
1138,2,0,0,0,15.359999611973763,3,3,0,0,30,0,0,30,4.64
1138,2,0,1,0,71.68000191450119,3,3,0,0,30,0,0,30,4.64
1138,2,0,2,0,9.216000325977802,3,3,0,0,30,0,0,30,4.64
1138,2,0,3,0,6.144000217318535,3,3,0,0,30,0,0,30,4.64
1138,24,0,0,0,9.216000325977802,3,3,0,0,30,0,0,30,1.451
1138,24,0,1,0,62.463998794555664,3,3,0,0,30,0,0,30,1.451
1138,24,0,2,0,9.216000325977802,3,3,0,0,30,0,0,30,1.451
1138,24,0,3,0,3.0720001086592674,3,3,0,0,30,0,0,30,1.451
1138,40,0,0,1,9.216000325977802,3,3,0,0,30,0,0,30,1.4
1138,40,0,1,1,48.128001391887665,3,3,0,0,30,0,0,30,1.4
1138,40,0,2,1,9.216000325977802,3,3,0,0,30,0,0,30,1.4
1138,40,0,3,1,5.119999870657921,3,3,0,0,30,0,0,30,1.4
1139,2,0,0,0,8.191999979317188,1,1,0,0,10,0,0,10,0.49
1139,2,0,1,0,32.76799991726875,1,1,0,0,10,0,0,10,0.49
1139,2,0,2,0,9.216000325977802,1,1,0,0,10,0,0,10,0.49
1139,2,0,3,0,5.119999870657921,1,1,0,0,10,0,0,10,0.49
1139,24,0,0,0,8.191999979317188,1,1,0,0,10,0,0,10,0.52
1139,24,0,1,0,30.719999223947525,1,1,0,0,10,0,0,10,0.52
1139,24,0,2,0,8.191999979317188,1,1,0,0,10,0,0,10,0.52
1139,24,0,3,0,4.095999989658594,1,1,0,0,10,0,0,10,0.52
1139,40,0,0,1,8.191999979317188,1,1,0,0,10,0,0,10,0.431
1139,40,0,1,1,34.81600061058998,1,1,0,0,10,0,0,10,0.431
1139,40,0,2,1,9.216000325977802,1,1,0,0,10,0,0,10,0.431
1139,40,0,3,1,4.095999989658594,1,1,0,0,10,0,0,10,0.431
1140,2,0,0,0,14.336000196635723,4,4,0,2,38,0,0,40,81.829
1140,2,0,1,0,73.72800260782242,4,4,0,2,38,0,0,40,81.829
1140,2,0,2,0,8.191999979317188,4,4,0,2,38,0,0,40,81.829
1140,2,0,3,0,4.095999989658594,4,4,0,2,38,0,0,40,81.829
1140,24,0,0,0,8.191999979317188,4,4,0,0,40,0,0,40,1.96
1140,24,0,1,0,49.15200173854828,4,4,0,0,40,0,0,40,1.96
1140,24,0,2,0,9.216000325977802,4,4,0,0,40,0,0,40,1.96
1140,24,0,3,0,4.095999989658594,4,4,0,0,40,0,0,40,1.96
1140,40,0,0,1,8.191999979317188,4,4,0,0,40,0,0,40,2.169
1140,40,0,1,1,57.34400078654289,4,4,0,0,40,0,0,40,2.169
1140,40,0,2,1,9.216000325977802,4,4,0,0,40,0,0,40,2.169
1140,40,0,3,1,3.0720001086592674,4,4,0,0,40,0,0,40,2.169
1141,2,0,0,0,8.191999979317188,2,2,0,0,20,0,0,20,1.089
1141,2,0,1,0,52.22399905323982,2,2,0,0,20,0,0,20,1.089
1141,2,0,2,0,9.216000325977802,2,2,0,0,20,0,0,20,1.089
1141,2,0,3,0,5.119999870657921,2,2,0,0,20,0,0,20,1.089
1141,24,0,0,0,9.216000325977802,2,2,0,1,19,0,0,20,57.629
1141,24,0,1,0,46.08000069856644,2,2,0,1,19,0,0,20,57.629
1141,24,0,2,0,8.191999979317188,2,2,0,1,19,0,0,20,57.629
1141,24,0,3,0,4.095999989658594,2,2,0,1,19,0,0,20,57.629
1141,40,0,0,1,8.191999979317188,2,2,0,0,20,0,0,20,0.98
1141,40,0,1,1,53.247999399900436,2,2,0,0,20,0,0,20,0.98
1141,40,0,2,1,9.216000325977802,2,2,0,0,20,0,0,20,0.98
1141,40,0,3,1,4.095999989658594,2,2,0,0,20,0,0,20,0.98
1142,2,0,0,0,9.216000325977802,3,3,0,0,30,0,0,30,2.211
1142,2,0,1,0,75.77600330114365,3,3,0,0,30,0,0,30,2.211
1142,2,0,2,0,8.191999979317188,3,3,0,0,30,0,0,30,2.211
1142,2,0,3,0,7.168000098317862,3,3,0,0,30,0,0,30,2.211
1142,24,0,0,0,8.191999979317188,3,3,0,0,30,0,0,30,1.391
1142,24,0,1,0,62.463998794555664,3,3,0,0,30,0,0,30,1.391
1142,24,0,2,0,8.191999979317188,3,3,0,0,30,0,0,30,1.391
1142,24,0,3,0,4.095999989658594,3,3,0,0,30,0,0,30,1.391
1142,40,0,0,1,9.216000325977802,3,3,0,0,30,0,0,30,3.689
1142,40,0,1,1,56.32000043988228,3,3,0,0,30,0,0,30,3.689
1142,40,0,2,1,9.216000325977802,3,3,0,0,30,0,0,30,3.689
1142,40,0,3,1,4.095999989658594,3,3,0,0,30,0,0,30,3.689
1143,2,0,0,0,8.191999979317188,1,1,0,0,10,0,0,10,0.52
1143,2,0,1,0,31.74399957060814,1,1,0,0,10,0,0,10,0.52
1143,2,0,2,0,9.216000325977802,1,1,0,0,10,0,0,10,0.52
1143,2,0,3,0,4.095999989658594,1,1,0,0,10,0,0,10,0.52
1143,24,0,0,0,9.216000325977802,1,1,0,0,10,0,0,10,1.01
1143,24,0,1,0,31.74399957060814,1,1,0,0,10,0,0,10,1.01
1143,24,0,2,0,9.216000325977802,1,1,0,0,10,0,0,10,1.01
1143,24,0,3,0,4.095999989658594,1,1,0,0,10,0,0,10,1.01
1143,40,0,0,1,8.191999979317188,1,1,0,0,10,0,0,10,0.42
1143,40,0,1,1,34.81600061058998,1,1,0,0,10,0,0,10,0.42
1143,40,0,2,1,9.216000325977802,1,1,0,0,10,0,0,10,0.42
1143,40,0,3,1,4.095999989658594,1,1,0,0,10,0,0,10,0.42
1144,2,0,0,0,10.239999741315842,4,4,0,1,39,0,0,40,58.73
1144,2,0,1,0,79.8719972372055,4,4,0,1,39,0,0,40,58.73
1144,2,0,2,0,9.216000325977802,4,4,0,1,39,0,0,40,58.73
1144,2,0,3,0,5.119999870657921,4,4,0,1,39,0,0,40,58.73
1144,24,0,0,0,8.191999979317188,4,4,0,0,40,0,0,40,2.449
1144,24,0,1,0,65.5359998345375,4,4,0,0,40,0,0,40,2.449
1144,24,0,2,0,9.216000325977802,4,4,0,0,40,0,0,40,2.449
1144,24,0,3,0,3.0720001086592674,4,4,0,0,40,0,0,40,2.449
1144,40,0,0,1,14.336000196635723,4,4,0,3,37,0,0,40,248.689
1144,40,0,1,1,57.34400078654289,4,4,0,3,37,0,0,40,248.689
1144,40,0,2,1,8.191999979317188,4,4,0,3,37,0,0,40,248.689
1144,40,0,3,1,163.83999586105347,4,4,0,3,37,0,0,40,248.689
1145,2,0,0,0,8.191999979317188,2,2,0,0,20,0,0,20,1.14
1145,2,0,1,0,51.19999870657921,2,2,0,0,20,0,0,20,1.14
1145,2,0,2,0,9.216000325977802,2,2,0,0,20,0,0,20,1.14
1145,2,0,3,0,6.144000217318535,2,2,0,0,20,0,0,20,1.14
1145,24,0,0,0,9.216000325977802,2,2,0,0,20,0,0,20,0.92
1145,24,0,1,0,50.175998359918594,2,2,0,0,20,0,0,20,0.92
1145,24,0,2,0,8.191999979317188,2,2,0,0,20,0,0,20,0.92
1145,24,0,3,0,4.095999989658594,2,2,0,0,20,0,0,20,0.92
1145,40,0,0,1,9.216000325977802,2,2,0,1,19,0,0,20,57.751
1145,40,0,1,1,44.03200000524521,2,2,0,1,19,0,0,20,57.751
1145,40,0,2,1,9.216000325977802,2,2,0,1,19,0,0,20,57.751
1145,40,0,3,1,4.095999989658594,2,2,0,1,19,0,0,20,57.751
1146,2,0,0,0,9.216000325977802,2,2,0,0,20,0,0,20,1.14
1146,2,0,1,0,51.19999870657921,2,2,0,0,20,0,0,20,1.14
1146,2,0,2,0,9.216000325977802,2,2,0,0,20,0,0,20,1.14
1146,2,0,3,0,5.119999870657921,2,2,0,0,20,0,0,20,1.14
1146,24,0,0,0,9.216000325977802,2,2,0,0,20,0,0,20,0.78
1146,24,0,1,0,36.86400130391121,2,2,0,0,20,0,0,20,0.78
1146,24,0,2,0,9.216000325977802,2,2,0,0,20,0,0,20,0.78
1146,24,0,3,0,4.095999989658594,2,2,0,0,20,0,0,20,0.78
1146,40,0,0,1,11.264000087976456,2,2,0,0,20,0,0,20,1.1
1146,40,0,1,1,44.03200000524521,2,2,0,0,20,0,0,20,1.1
1146,40,0,2,1,9.216000325977802,2,2,0,0,20,0,0,20,1.1
1146,40,0,3,1,3.0720001086592674,2,2,0,0,20,0,0,20,1.1
1147,2,0,0,0,9.216000325977802,4,4,0,1,39,0,0,40,68.591
1147,2,0,1,0,77.82399654388428,4,4,0,1,39,0,0,40,68.591
1147,2,0,2,0,9.216000325977802,4,4,0,1,39,0,0,40,68.591
1147,2,0,3,0,4.095999989658594,4,4,0,1,39,0,0,40,68.591
1147,24,0,0,0,8.191999979317188,4,4,0,0,40,0,0,40,2.2
1147,24,0,1,0,77.82399654388428,4,4,0,0,40,0,0,40,2.2
1147,24,0,2,0,9.216000325977802,4,4,0,0,40,0,0,40,2.2
1147,24,0,3,0,4.095999989658594,4,4,0,0,40,0,0,40,2.2
1147,40,0,0,1,9.216000325977802,4,4,0,0,40,0,0,40,2.36
1147,40,0,1,1,69.63200122117996,4,4,0,0,40,0,0,40,2.36
1147,40,0,2,1,9.216000325977802,4,4,0,0,40,0,0,40,2.36
1147,40,0,3,1,4.095999989658594,4,4,0,0,40,0,0,40,2.36
1148,2,0,0,0,14.336000196635723,4,4,0,1,39,0,0,40,63.73
1148,2,0,1,0,77.82399654388428,4,4,0,1,39,0,0,40,63.73
1148,2,0,2,0,9.216000325977802,4,4,0,1,39,0,0,40,63.73
1148,2,0,3,0,4.095999989658594,4,4,0,1,39,0,0,40,63.73
1148,24,0,0,0,9.216000325977802,4,4,0,0,40,0,0,40,1.99
1148,24,0,1,0,69.63200122117996,4,4,0,0,40,0,0,40,1.99
1148,24,0,2,0,9.216000325977802,4,4,0,0,40,0,0,40,1.99
1148,24,0,3,0,5.119999870657921,4,4,0,0,40,0,0,40,1.99
1148,40,0,0,1,9.216000325977802,4,4,0,1,39,0,0,40,77.47
1148,40,0,1,1,69.63200122117996,4,4,0,1,39,0,0,40,77.47
1148,40,0,2,1,8.191999979317188,4,4,0,1,39,0,0,40,77.47
1148,40,0,3,1,4.095999989658594,4,4,0,1,39,0,0,40,77.47
1149,2,0,0,0,15.359999611973763,4,4,0,0,40,0,0,40,2.34
1149,2,0,1,0,80.89599758386612,4,4,0,0,40,0,0,40,2.34
1149,2,0,2,0,9.216000325977802,4,4,0,0,40,0,0,40,2.34
1149,2,0,3,0,4.095999989658594,4,4,0,0,40,0,0,40,2.34
1149,24,0,0,0,8.191999979317188,4,4,0,0,40,0,0,40,2.42
1149,24,0,1,0,63.48799914121628,4,4,0,0,40,0,0,40,2.42
1149,24,0,2,0,9.216000325977802,4,4,0,0,40,0,0,40,2.42
1149,24,0,3,0,5.119999870657921,4,4,0,0,40,0,0,40,2.42
1149,40,0,0,1,8.191999979317188,4,4,0,1,39,0,0,40,69.619
1149,40,0,1,1,66.56000018119812,4,4,0,1,39,0,0,40,69.619
1149,40,0,2,1,9.216000325977802,4,4,0,1,39,0,0,40,69.619
1149,40,0,3,1,4.095999989658594,4,4,0,1,39,0,0,40,69.619
1150,2,0,0,0,14.336000196635723,4,4,0,0,40,0,0,40,2.4
1150,2,0,1,0,79.8719972372055,4,4,0,0,40,0,0,40,2.4
1150,2,0,2,0,9.216000325977802,4,4,0,0,40,0,0,40,2.4
1150,2,0,3,0,4.095999989658594,4,4,0,0,40,0,0,40,2.4
1150,24,0,0,0,9.216000325977802,4,4,0,0,40,0,0,40,2.39
1150,24,0,1,0,74.75200295448303,4,4,0,0,40,0,0,40,2.39
1150,24,0,2,0,8.191999979317188,4,4,0,0,40,0,0,40,2.39
1150,24,0,3,0,4.095999989658594,4,4,0,0,40,0,0,40,2.39
1150,40,0,0,1,9.216000325977802,4,4,0,1,39,0,0,40,193.79
1150,40,0,1,1,84.99199897050858,4,4,0,1,39,0,0,40,193.79
1150,40,0,2,1,9.216000325977802,4,4,0,1,39,0,0,40,193.79
1150,40,0,3,1,88.06400001049042,4,4,0,1,39,0,0,40,193.79
1151,2,0,0,0,15.359999611973763,4,4,0,0,40,0,0,40,2.26
1151,2,0,1,0,82.94399827718735,4,4,0,0,40,0,0,40,2.26
1151,2,0,2,0,9.216000325977802,4,4,0,0,40,0,0,40,2.26
1151,2,0,3,0,5.119999870657921,4,4,0,0,40,0,0,40,2.26
1151,24,0,0,0,8.191999979317188,4,4,0,0,40,0,0,40,1.97
1151,24,0,1,0,73.72800260782242,4,4,0,0,40,0,0,40,1.97
1151,24,0,2,0,9.216000325977802,4,4,0,0,40,0,0,40,1.97
1151,24,0,3,0,4.095999989658594,4,4,0,0,40,0,0,40,1.97
1151,40,0,0,1,15.359999611973763,4,4,0,3,37,0,0,40,181.159
1151,40,0,1,1,78.84799689054489,4,4,0,3,37,0,0,40,181.159
1151,40,0,2,1,9.216000325977802,4,4,0,3,37,0,0,40,181.159
1151,40,0,3,1,73.72800260782242,4,4,0,3,37,0,0,40,181.159
1152,2,0,0,0,14.336000196635723,4,4,0,0,40,0,0,40,2.9
1152,2,0,1,0,87.0399996638298,4,4,0,0,40,0,0,40,2.9
1152,2,0,2,0,8.191999979317188,4,4,0,0,40,0,0,40,2.9
1152,2,0,3,0,4.095999989658594,4,4,0,0,40,0,0,40,2.9
1152,24,0,0,0,8.191999979317188,4,4,0,0,40,0,0,40,2.71
1152,24,0,1,0,61.43999844789505,4,4,0,0,40,0,0,40,2.71
1152,24,0,2,0,9.216000325977802,4,4,0,0,40,0,0,40,2.71
1152,24,0,3,0,4.095999989658594,4,4,0,0,40,0,0,40,2.71
1152,40,0,0,1,9.216000325977802,4,4,0,0,40,0,0,40,1.8
1152,40,0,1,1,54.27199974656105,4,4,0,0,40,0,0,40,1.8
1152,40,0,2,1,9.216000325977802,4,4,0,0,40,0,0,40,1.8
1152,40,0,3,1,5.119999870657921,4,4,0,0,40,0,0,40,1.8
1153,2,0,0,0,14.336000196635723,4,4,0,0,40,0,0,40,4.68
1153,2,0,1,0,76.80000364780426,4,4,0,0,40,0,0,40,4.68
1153,2,0,2,0,9.216000325977802,4,4,0,0,40,0,0,40,4.68
1153,2,0,3,0,4.095999989658594,4,4,0,0,40,0,0,40,4.68
1153,24,0,0,0,8.191999979317188,4,4,0,1,39,0,0,40,171.649
1153,24,0,1,0,63.48799914121628,4,4,0,1,39,0,0,40,171.649
1153,24,0,2,0,9.216000325977802,4,4,0,1,39,0,0,40,171.649
1153,24,0,3,0,86.01599931716919,4,4,0,1,39,0,0,40,171.649
1153,40,0,0,1,15.359999611973763,4,4,0,0,40,0,0,40,2.18
1153,40,0,1,1,68.60800087451935,4,4,0,0,40,0,0,40,2.18
1153,40,0,2,1,9.216000325977802,4,4,0,0,40,0,0,40,2.18
1153,40,0,3,1,4.095999989658594,4,4,0,0,40,0,0,40,2.18
1154,2,0,0,0,14.336000196635723,4,4,0,0,40,0,0,40,4.04
1154,2,0,1,0,82.94399827718735,4,4,0,0,40,0,0,40,4.04
1154,2,0,2,0,9.216000325977802,4,4,0,0,40,0,0,40,4.04
1154,2,0,3,0,7.168000098317862,4,4,0,0,40,0,0,40,4.04
1154,24,0,0,0,8.191999979317188,4,4,0,0,40,0,0,40,1.76
1154,24,0,1,0,56.32000043988228,4,4,0,0,40,0,0,40,1.76
1154,24,0,2,0,9.216000325977802,4,4,0,0,40,0,0,40,1.76
1154,24,0,3,0,4.095999989658594,4,4,0,0,40,0,0,40,1.76
1154,40,0,0,1,9.216000325977802,4,4,0,2,38,0,0,40,135.72
1154,40,0,1,1,65.5359998345375,4,4,0,2,38,0,0,40,135.72
1154,40,0,2,1,8.191999979317188,4,4,0,2,38,0,0,40,135.72
1154,40,0,3,1,48.128001391887665,4,4,0,2,38,0,0,40,135.72
1155,2,0,0,0,9.216000325977802,2,2,0,0,20,0,0,20,1.24
1155,2,0,1,0,51.19999870657921,2,2,0,0,20,0,0,20,1.24
1155,2,0,2,0,9.216000325977802,2,2,0,0,20,0,0,20,1.24
1155,2,0,3,0,6.144000217318535,2,2,0,0,20,0,0,20,1.24
1155,24,0,0,0,8.191999979317188,2,2,0,0,20,0,0,20,2.751
1155,24,0,1,0,50.175998359918594,2,2,0,0,20,0,0,20,2.751
1155,24,0,2,0,9.216000325977802,2,2,0,0,20,0,0,20,2.751
1155,24,0,3,0,4.095999989658594,2,2,0,0,20,0,0,20,2.751
1155,40,0,0,1,11.264000087976456,2,2,0,0,20,0,0,20,3.191
1155,40,0,1,1,41.98399931192398,2,2,0,0,20,0,0,20,3.191
1155,40,0,2,1,9.216000325977802,2,2,0,0,20,0,0,20,3.191
1155,40,0,3,1,4.095999989658594,2,2,0,0,20,0,0,20,3.191
1156,2,0,0,0,8.191999979317188,2,2,0,0,20,0,0,20,1.33
1156,2,0,1,0,51.19999870657921,2,2,0,0,20,0,0,20,1.33
1156,2,0,2,0,9.216000325977802,2,2,0,0,20,0,0,20,1.33
1156,2,0,3,0,6.144000217318535,2,2,0,0,20,0,0,20,1.33
1156,24,0,0,0,8.191999979317188,2,2,0,0,20,0,0,20,0.9
1156,24,0,1,0,39.93599861860275,2,2,0,0,20,0,0,20,0.9
1156,24,0,2,0,9.216000325977802,2,2,0,0,20,0,0,20,0.9
1156,24,0,3,0,4.095999989658594,2,2,0,0,20,0,0,20,0.9
1156,40,0,0,1,9.216000325977802,2,2,0,1,19,0,0,20,75.09
1156,40,0,1,1,44.03200000524521,2,2,0,1,19,0,0,20,75.09
1156,40,0,2,1,12.28800043463707,2,2,0,1,19,0,0,20,75.09
1156,40,0,3,1,7.168000098317862,2,2,0,1,19,0,0,20,75.09
1157,2,0,0,0,8.191999979317188,4,4,0,2,38,0,0,40,122.259
1157,2,0,1,0,79.8719972372055,4,4,0,2,38,0,0,40,122.259
1157,2,0,2,0,9.216000325977802,4,4,0,2,38,0,0,40,122.259
1157,2,0,3,0,19.45599913597107,4,4,0,2,38,0,0,40,122.259
1157,24,0,0,0,9.216000325977802,4,4,0,0,40,0,0,40,2.12
1157,24,0,1,0,57.34400078654289,4,4,0,0,40,0,0,40,2.12
1157,24,0,2,0,8.191999979317188,4,4,0,0,40,0,0,40,2.12
1157,24,0,3,0,4.095999989658594,4,4,0,0,40,0,0,40,2.12
1157,40,0,0,1,8.191999979317188,4,4,0,2,38,0,0,40,112.04
1157,40,0,1,1,58.36800113320351,4,4,0,2,38,0,0,40,112.04
1157,40,0,2,1,9.216000325977802,4,4,0,2,38,0,0,40,112.04
1157,40,0,3,1,32.76799991726875,4,4,0,2,38,0,0,40,112.04
1158,2,0,0,0,9.216000325977802,2,2,0,2,18,0,0,20,135.05
1158,2,0,1,0,40.95999896526337,2,2,0,2,18,0,0,20,135.05
1158,2,0,2,0,9.216000325977802,2,2,0,2,18,0,0,20,135.05
1158,2,0,3,0,71.68000191450119,2,2,0,2,18,0,0,20,135.05
1158,24,0,0,0,8.191999979317188,2,2,0,0,20,0,0,20,1.12
1158,24,0,1,0,39.93599861860275,2,2,0,0,20,0,0,20,1.12
1158,24,0,2,0,9.216000325977802,2,2,0,0,20,0,0,20,1.12
1158,24,0,3,0,4.095999989658594,2,2,0,0,20,0,0,20,1.12
1158,40,0,0,1,8.191999979317188,2,2,0,2,18,0,0,20,107.27
1158,40,0,1,1,49.15200173854828,2,2,0,2,18,0,0,20,107.27
1158,40,0,2,1,9.216000325977802,2,2,0,2,18,0,0,20,107.27
1158,40,0,3,1,37.88800165057182,2,2,0,2,18,0,0,20,107.27
1159,2,0,0,0,8.191999979317188,1,1,0,0,10,0,0,10,0.46
1159,2,0,1,0,32.76799991726875,1,1,0,0,10,0,0,10,0.46
1159,2,0,2,0,8.191999979317188,1,1,0,0,10,0,0,10,0.46
1159,2,0,3,0,4.095999989658594,1,1,0,0,10,0,0,10,0.46
1159,24,0,0,0,9.216000325977802,1,1,0,0,10,0,0,10,0.38
1159,24,0,1,0,31.74399957060814,1,1,0,0,10,0,0,10,0.38
1159,24,0,2,0,9.216000325977802,1,1,0,0,10,0,0,10,0.38
1159,24,0,3,0,4.095999989658594,1,1,0,0,10,0,0,10,0.38
1159,40,0,0,1,8.191999979317188,1,1,0,0,10,0,0,10,0.56
1159,40,0,1,1,35.840000957250595,1,1,0,0,10,0,0,10,0.56
1159,40,0,2,1,9.216000325977802,1,1,0,0,10,0,0,10,0.56
1159,40,0,3,1,4.095999989658594,1,1,0,0,10,0,0,10,0.56
1160,2,0,0,0,11.264000087976456,3,3,0,0,30,0,0,30,1.77
1160,2,0,1,0,54.27199974656105,3,3,0,0,30,0,0,30,1.77
1160,2,0,2,0,8.191999979317188,3,3,0,0,30,0,0,30,1.77
1160,2,0,3,0,5.119999870657921,3,3,0,0,30,0,0,30,1.77
1160,24,0,0,0,9.216000325977802,3,3,0,0,30,0,0,30,3.76
1160,24,0,1,0,59.39200147986412,3,3,0,0,30,0,0,30,3.76
1160,24,0,2,0,9.216000325977802,3,3,0,0,30,0,0,30,3.76
1160,24,0,3,0,4.095999989658594,3,3,0,0,30,0,0,30,3.76
1160,40,0,0,1,15.359999611973763,3,3,0,3,27,0,0,30,187.069
1160,40,0,1,1,49.15200173854828,3,3,0,3,27,0,0,30,187.069
1160,40,0,2,1,9.216000325977802,3,3,0,3,27,0,0,30,187.069
1160,40,0,3,1,108.5439994931221,3,3,0,3,27,0,0,30,187.069
1161,2,0,0,0,15.359999611973763,3,3,0,0,30,0,0,30,2.06
1161,2,0,1,0,62.463998794555664,3,3,0,0,30,0,0,30,2.06
1161,2,0,2,0,9.216000325977802,3,3,0,0,30,0,0,30,2.06
1161,2,0,3,0,6.144000217318535,3,3,0,0,30,0,0,30,2.06
1161,24,0,0,0,8.191999979317188,3,3,0,0,30,0,0,30,1.66
1161,24,0,1,0,58.36800113320351,3,3,0,0,30,0,0,30,1.66
1161,24,0,2,0,8.191999979317188,3,3,0,0,30,0,0,30,1.66
1161,24,0,3,0,4.095999989658594,3,3,0,0,30,0,0,30,1.66
1161,40,0,0,1,8.191999979317188,3,3,0,1,29,0,0,30,68.311
1161,40,0,1,1,59.39200147986412,3,3,0,1,29,0,0,30,68.311
1161,40,0,2,1,9.216000325977802,3,3,0,1,29,0,0,30,68.311
1161,40,0,3,1,4.095999989658594,3,3,0,1,29,0,0,30,68.311
1162,2,0,0,0,15.359999611973763,3,3,0,0,30,0,0,30,3.58
1162,2,0,1,0,66.56000018119812,3,3,0,0,30,0,0,30,3.58
1162,2,0,2,0,8.191999979317188,3,3,0,0,30,0,0,30,3.58
1162,2,0,3,0,6.144000217318535,3,3,0,0,30,0,0,30,3.58
1162,24,0,0,0,9.216000325977802,3,3,0,1,29,0,0,30,60.739
1162,24,0,1,0,59.39200147986412,3,3,0,1,29,0,0,30,60.739
1162,24,0,2,0,10.239999741315842,3,3,0,1,29,0,0,30,60.739
1162,24,0,3,0,4.095999989658594,3,3,0,1,29,0,0,30,60.739
1162,40,0,0,1,9.216000325977802,3,3,0,0,30,0,0,30,1.84
1162,40,0,1,1,62.463998794555664,3,3,0,0,30,0,0,30,1.84
1162,40,0,2,1,9.216000325977802,3,3,0,0,30,0,0,30,1.84
1162,40,0,3,1,5.119999870657921,3,3,0,0,30,0,0,30,1.84
1163,2,0,0,0,9.216000325977802,1,1,0,0,10,0,0,10,0.58
1163,2,0,1,0,31.74399957060814,1,1,0,0,10,0,0,10,0.58
1163,2,0,2,0,8.191999979317188,1,1,0,0,10,0,0,10,0.58
1163,2,0,3,0,5.119999870657921,1,1,0,0,10,0,0,10,0.58
1163,24,0,0,0,9.216000325977802,1,1,0,0,10,0,0,10,0.53
1163,24,0,1,0,31.74399957060814,1,1,0,0,10,0,0,10,0.53
1163,24,0,2,0,9.216000325977802,1,1,0,0,10,0,0,10,0.53
1163,24,0,3,0,4.095999989658594,1,1,0,0,10,0,0,10,0.53
1163,40,0,0,1,8.191999979317188,1,1,0,0,10,0,0,10,0.46
1163,40,0,1,1,35.840000957250595,1,1,0,0,10,0,0,10,0.46
1163,40,0,2,1,8.191999979317188,1,1,0,0,10,0,0,10,0.46
1163,40,0,3,1,4.095999989658594,1,1,0,0,10,0,0,10,0.46
1164,2,0,0,0,9.216000325977802,1,1,0,0,10,0,0,10,0.52
1164,2,0,1,0,32.76799991726875,1,1,0,0,10,0,0,10,0.52
1164,2,0,2,0,9.216000325977802,1,1,0,0,10,0,0,10,0.52
1164,2,0,3,0,5.119999870657921,1,1,0,0,10,0,0,10,0.52
1164,24,0,0,0,8.191999979317188,1,1,0,0,10,0,0,10,0.869
1164,24,0,1,0,31.74399957060814,1,1,0,0,10,0,0,10,0.869
1164,24,0,2,0,9.216000325977802,1,1,0,0,10,0,0,10,0.869
1164,24,0,3,0,4.095999989658594,1,1,0,0,10,0,0,10,0.869
1164,40,0,0,1,8.191999979317188,1,1,0,0,10,0,0,10,0.46
1164,40,0,1,1,34.81600061058998,1,1,0,0,10,0,0,10,0.46
1164,40,0,2,1,9.216000325977802,1,1,0,0,10,0,0,10,0.46
1164,40,0,3,1,4.095999989658594,1,1,0,0,10,0,0,10,0.46
1165,2,0,0,0,9.216000325977802,1,1,0,0,10,0,0,10,0.62
1165,2,0,1,0,32.76799991726875,1,1,0,0,10,0,0,10,0.62
1165,2,0,2,0,9.216000325977802,1,1,0,0,10,0,0,10,0.62
1165,2,0,3,0,5.119999870657921,1,1,0,0,10,0,0,10,0.62
1165,24,0,0,0,9.216000325977802,1,1,0,0,10,0,0,10,0.7
1165,24,0,1,0,30.719999223947525,1,1,0,0,10,0,0,10,0.7
1165,24,0,2,0,8.191999979317188,1,1,0,0,10,0,0,10,0.7
1165,24,0,3,0,3.0720001086592674,1,1,0,0,10,0,0,10,0.7
1165,40,0,0,1,9.216000325977802,1,1,0,0,10,0,0,10,0.43
1165,40,0,1,1,34.81600061058998,1,1,0,0,10,0,0,10,0.43
1165,40,0,2,1,8.191999979317188,1,1,0,0,10,0,0,10,0.43
1165,40,0,3,1,4.095999989658594,1,1,0,0,10,0,0,10,0.43
1166,2,0,0,0,13.311999849975109,4,4,0,0,40,0,0,40,2.691
1166,2,0,1,0,86.01599931716919,4,4,0,0,40,0,0,40,2.691
1166,2,0,2,0,9.216000325977802,4,4,0,0,40,0,0,40,2.691
1166,2,0,3,0,4.095999989658594,4,4,0,0,40,0,0,40,2.691
1166,24,0,0,0,9.216000325977802,4,4,0,0,40,0,0,40,2.34
1166,24,0,1,0,77.82399654388428,4,4,0,0,40,0,0,40,2.34
1166,24,0,2,0,9.216000325977802,4,4,0,0,40,0,0,40,2.34
1166,24,0,3,0,4.095999989658594,4,4,0,0,40,0,0,40,2.34
1166,40,0,0,1,9.216000325977802,4,4,0,0,40,0,0,40,2.329
1166,40,0,1,1,78.84799689054489,4,4,0,0,40,0,0,40,2.329
1166,40,0,2,1,9.216000325977802,4,4,0,0,40,0,0,40,2.329
1166,40,0,3,1,4.095999989658594,4,4,0,0,40,0,0,40,2.329
1167,2,0,0,0,9.216000325977802,2,2,0,0,20,0,0,20,3.6
1167,2,0,1,0,53.247999399900436,2,2,0,0,20,0,0,20,3.6
1167,2,0,2,0,9.216000325977802,2,2,0,0,20,0,0,20,3.6
1167,2,0,3,0,4.095999989658594,2,2,0,0,20,0,0,20,3.6
1167,24,0,0,0,11.264000087976456,2,2,0,0,20,0,0,20,3.309
1167,24,0,1,0,43.007999658584595,2,2,0,0,20,0,0,20,3.309
1167,24,0,2,0,8.191999979317188,2,2,0,0,20,0,0,20,3.309
1167,24,0,3,0,4.095999989658594,2,2,0,0,20,0,0,20,3.309
1167,40,0,0,1,9.216000325977802,2,2,0,0,20,0,0,20,1.19
1167,40,0,1,1,48.128001391887665,2,2,0,0,20,0,0,20,1.19
1167,40,0,2,1,9.216000325977802,2,2,0,0,20,0,0,20,1.19
1167,40,0,3,1,4.095999989658594,2,2,0,0,20,0,0,20,1.19
1168,2,0,0,0,9.216000325977802,4,4,0,0,40,0,0,40,4.8
1168,2,0,1,0,78.84799689054489,4,4,0,0,40,0,0,40,4.8
1168,2,0,2,0,9.216000325977802,4,4,0,0,40,0,0,40,4.8
1168,2,0,3,0,5.119999870657921,4,4,0,0,40,0,0,40,4.8
1168,24,0,0,0,8.191999979317188,4,4,0,0,40,0,0,40,2.32
1168,24,0,1,0,71.68000191450119,4,4,0,0,40,0,0,40,2.32
1168,24,0,2,0,9.216000325977802,4,4,0,0,40,0,0,40,2.32
1168,24,0,3,0,4.095999989658594,4,4,0,0,40,0,0,40,2.32
1168,40,0,0,1,16.383999958634377,4,4,0,1,39,0,0,40,84.66
1168,40,0,1,1,64.51199948787689,4,4,0,1,39,0,0,40,84.66
1168,40,0,2,1,9.216000325977802,4,4,0,1,39,0,0,40,84.66
1168,40,0,3,1,5.119999870657921,4,4,0,1,39,0,0,40,84.66
1169,2,0,0,0,14.336000196635723,4,4,0,0,40,0,0,40,7.229
1169,2,0,1,0,76.80000364780426,4,4,0,0,40,0,0,40,7.229
1169,2,0,2,0,9.216000325977802,4,4,0,0,40,0,0,40,7.229
1169,2,0,3,0,5.119999870657921,4,4,0,0,40,0,0,40,7.229
1169,24,0,0,0,8.191999979317188,4,4,0,0,40,0,0,40,1.98
1169,24,0,1,0,67.58400052785873,4,4,0,0,40,0,0,40,1.98
1169,24,0,2,0,9.216000325977802,4,4,0,0,40,0,0,40,1.98
1169,24,0,3,0,4.095999989658594,4,4,0,0,40,0,0,40,1.98
1169,40,0,0,1,8.191999979317188,4,4,0,0,40,0,0,40,1.76
1169,40,0,1,1,58.36800113320351,4,4,0,0,40,0,0,40,1.76
1169,40,0,2,1,9.216000325977802,4,4,0,0,40,0,0,40,1.76
1169,40,0,3,1,4.095999989658594,4,4,0,0,40,0,0,40,1.76
1170,2,0,0,0,14.336000196635723,4,4,0,0,40,0,0,40,4.68
1170,2,0,1,0,81.91999793052673,4,4,0,0,40,0,0,40,4.68
1170,2,0,2,0,8.191999979317188,4,4,0,0,40,0,0,40,4.68
1170,2,0,3,0,5.119999870657921,4,4,0,0,40,0,0,40,4.68
1170,24,0,0,0,8.191999979317188,4,4,0,0,40,0,0,40,1.309
1170,24,0,1,0,66.56000018119812,4,4,0,0,40,0,0,40,1.309
1170,24,0,2,0,9.216000325977802,4,4,0,0,40,0,0,40,1.309
1170,24,0,3,0,4.095999989658594,4,4,0,0,40,0,0,40,1.309
1170,40,0,0,1,16.383999958634377,4,4,0,3,37,0,0,40,111.53
1170,40,0,1,1,62.463998794555664,4,4,0,3,37,0,0,40,111.53
1170,40,0,2,1,10.239999741315842,4,4,0,3,37,0,0,40,111.53
1170,40,0,3,1,18.432000651955605,4,4,0,3,37,0,0,40,111.53
1171,2,0,0,0,9.216000325977802,2,2,0,0,20,0,0,20,1.2
1171,2,0,1,0,53.247999399900436,2,2,0,0,20,0,0,20,1.2
1171,2,0,2,0,9.216000325977802,2,2,0,0,20,0,0,20,1.2
1171,2,0,3,0,5.119999870657921,2,2,0,0,20,0,0,20,1.2
1171,24,0,0,0,9.216000325977802,2,2,0,0,20,0,0,20,1.08
1171,24,0,1,0,53.247999399900436,2,2,0,0,20,0,0,20,1.08
1171,24,0,2,0,8.191999979317188,2,2,0,0,20,0,0,20,1.08
1171,24,0,3,0,3.0720001086592674,2,2,0,0,20,0,0,20,1.08
1171,40,0,0,1,9.216000325977802,2,2,0,0,20,0,0,20,0.86
1171,40,0,1,1,54.27199974656105,2,2,0,0,20,0,0,20,0.86
1171,40,0,2,1,9.216000325977802,2,2,0,0,20,0,0,20,0.86
1171,40,0,3,1,5.119999870657921,2,2,0,0,20,0,0,20,0.86
1172,2,0,0,0,8.191999979317188,1,1,0,0,10,0,0,10,0.76
1172,2,0,1,0,31.74399957060814,1,1,0,0,10,0,0,10,0.76
1172,2,0,2,0,9.216000325977802,1,1,0,0,10,0,0,10,0.76
1172,2,0,3,0,5.119999870657921,1,1,0,0,10,0,0,10,0.76
1172,24,0,0,0,8.191999979317188,1,1,0,0,10,0,0,10,0.491
1172,24,0,1,0,31.74399957060814,1,1,0,0,10,0,0,10,0.491
1172,24,0,2,0,9.216000325977802,1,1,0,0,10,0,0,10,0.491
1172,24,0,3,0,3.0720001086592674,1,1,0,0,10,0,0,10,0.491
1172,40,0,0,1,9.216000325977802,1,1,0,0,10,0,0,10,0.77
1172,40,0,1,1,35.840000957250595,1,1,0,0,10,0,0,10,0.77
1172,40,0,2,1,9.216000325977802,1,1,0,0,10,0,0,10,0.77
1172,40,0,3,1,4.095999989658594,1,1,0,0,10,0,0,10,0.77
1173,2,0,0,0,9.216000325977802,2,2,0,1,19,0,0,20,58.98
1173,2,0,1,0,48.128001391887665,2,2,0,1,19,0,0,20,58.98
1173,2,0,2,0,9.216000325977802,2,2,0,1,19,0,0,20,58.98
1173,2,0,3,0,7.168000098317862,2,2,0,1,19,0,0,20,58.98
1173,24,0,0,0,8.191999979317188,2,2,0,1,19,0,0,20,58.39
1173,24,0,1,0,47.10400104522705,2,2,0,1,19,0,0,20,58.39
1173,24,0,2,0,8.191999979317188,2,2,0,1,19,0,0,20,58.39
1173,24,0,3,0,3.0720001086592674,2,2,0,1,19,0,0,20,58.39
1173,40,0,0,1,9.216000325977802,2,2,0,1,19,0,0,20,78.051
1173,40,0,1,1,40.95999896526337,2,2,0,1,19,0,0,20,78.051
1173,40,0,2,1,10.239999741315842,2,2,0,1,19,0,0,20,78.051
1173,40,0,3,1,14.336000196635723,2,2,0,1,19,0,0,20,78.051
1174,2,0,0,0,9.216000325977802,1,1,0,1,9,0,0,10,104.829
1174,2,0,1,0,29.69600073993206,1,1,0,1,9,0,0,10,104.829
1174,2,0,2,0,9.216000325977802,1,1,0,1,9,0,0,10,104.829
1174,2,0,3,0,52.22399905323982,1,1,0,1,9,0,0,10,104.829
1174,24,0,0,0,8.191999979317188,1,1,0,1,9,0,0,10,53.509
1174,24,0,1,0,30.719999223947525,1,1,0,1,9,0,0,10,53.509
1174,24,0,2,0,8.191999979317188,1,1,0,1,9,0,0,10,53.509
1174,24,0,3,0,4.095999989658594,1,1,0,1,9,0,0,10,53.509
1174,40,0,0,1,8.191999979317188,1,1,0,0,10,0,0,10,0.64
1174,40,0,1,1,35.840000957250595,1,1,0,0,10,0,0,10,0.64
1174,40,0,2,1,8.191999979317188,1,1,0,0,10,0,0,10,0.64
1174,40,0,3,1,5.119999870657921,1,1,0,0,10,0,0,10,0.64
1175,2,0,0,0,9.216000325977802,1,1,0,0,10,0,0,10,0.5
1175,2,0,1,0,31.74399957060814,1,1,0,0,10,0,0,10,0.5
1175,2,0,2,0,9.216000325977802,1,1,0,0,10,0,0,10,0.5
1175,2,0,3,0,4.095999989658594,1,1,0,0,10,0,0,10,0.5
1175,24,0,0,0,8.191999979317188,1,1,0,0,10,0,0,10,0.54
1175,24,0,1,0,31.74399957060814,1,1,0,0,10,0,0,10,0.54
1175,24,0,2,0,8.191999979317188,1,1,0,0,10,0,0,10,0.54
1175,24,0,3,0,4.095999989658594,1,1,0,0,10,0,0,10,0.54
1175,40,0,0,1,8.191999979317188,1,1,0,0,10,0,0,10,0.46
1175,40,0,1,1,34.81600061058998,1,1,0,0,10,0,0,10,0.46
1175,40,0,2,1,9.216000325977802,1,1,0,0,10,0,0,10,0.46
1175,40,0,3,1,5.119999870657921,1,1,0,0,10,0,0,10,0.46
1176,2,0,0,0,14.336000196635723,4,4,0,0,40,0,0,40,2.611
1176,2,0,1,0,83.96799862384796,4,4,0,0,40,0,0,40,2.611
1176,2,0,2,0,9.216000325977802,4,4,0,0,40,0,0,40,2.611
1176,2,0,3,0,6.144000217318535,4,4,0,0,40,0,0,40,2.611
1176,24,0,0,0,8.191999979317188,4,4,0,1,39,0,0,40,59.13
1176,24,0,1,0,59.39200147986412,4,4,0,1,39,0,0,40,59.13
1176,24,0,2,0,8.191999979317188,4,4,0,1,39,0,0,40,59.13
1176,24,0,3,0,4.095999989658594,4,4,0,1,39,0,0,40,59.13
1176,40,0,0,1,15.359999611973763,4,4,0,1,39,0,0,40,286.028
1176,40,0,1,1,65.5359998345375,4,4,0,1,39,0,0,40,286.028
1176,40,0,2,1,8.191999979317188,4,4,0,1,39,0,0,40,286.028
1176,40,0,3,1,193.53599846363068,4,4,0,1,39,0,0,40,286.028
1177,2,0,0,0,9.216000325977802,1,1,0,1,9,0,0,10,110.46
1177,2,0,1,0,30.719999223947525,1,1,0,1,9,0,0,10,110.46
1177,2,0,2,0,9.216000325977802,1,1,0,1,9,0,0,10,110.46
1177,2,0,3,0,58.36800113320351,1,1,0,1,9,0,0,10,110.46
1177,24,0,0,0,9.216000325977802,1,1,0,1,9,0,0,10,40.019
1177,24,0,1,0,30.719999223947525,1,1,0,1,9,0,0,10,40.019
1177,24,0,2,0,8.191999979317188,1,1,0,1,9,0,0,10,40.019
1177,24,0,3,0,4.095999989658594,1,1,0,1,9,0,0,10,40.019
1177,40,0,0,1,8.191999979317188,1,1,0,0,10,0,0,10,0.46
1177,40,0,1,1,34.81600061058998,1,1,0,0,10,0,0,10,0.46
1177,40,0,2,1,9.216000325977802,1,1,0,0,10,0,0,10,0.46
1177,40,0,3,1,4.095999989658594,1,1,0,0,10,0,0,10,0.46
1178,2,0,0,0,14.336000196635723,4,4,0,1,39,0,0,40,71.9
1178,2,0,1,0,91.13600105047226,4,4,0,1,39,0,0,40,71.9
1178,2,0,2,0,9.216000325977802,4,4,0,1,39,0,0,40,71.9
1178,2,0,3,0,4.095999989658594,4,4,0,1,39,0,0,40,71.9
1178,24,0,0,0,9.216000325977802,4,4,0,3,37,0,0,40,135.05
1178,24,0,1,0,68.60800087451935,4,4,0,3,37,0,0,40,135.05
1178,24,0,2,0,9.216000325977802,4,4,0,3,37,0,0,40,135.05
1178,24,0,3,0,45.05600035190582,4,4,0,3,37,0,0,40,135.05
1178,40,0,0,1,15.359999611973763,4,4,0,1,39,0,0,40,78.009
1178,40,0,1,1,81.91999793052673,4,4,0,1,39,0,0,40,78.009
1178,40,0,2,1,8.191999979317188,4,4,0,1,39,0,0,40,78.009
1178,40,0,3,1,3.0720001086592674,4,4,0,1,39,0,0,40,78.009
1179,2,0,0,0,9.216000325977802,4,4,0,1,39,0,0,40,62.73
1179,2,0,1,0,80.89599758386612,4,4,0,1,39,0,0,40,62.73
1179,2,0,2,0,9.216000325977802,4,4,0,1,39,0,0,40,62.73
1179,2,0,3,0,4.095999989658594,4,4,0,1,39,0,0,40,62.73
1179,24,0,0,0,7.168000098317862,4,4,0,2,38,0,0,40,91.9
1179,24,0,1,0,68.60800087451935,4,4,0,2,38,0,0,40,91.9
1179,24,0,2,0,8.191999979317188,4,4,0,2,38,0,0,40,91.9
1179,24,0,3,0,4.095999989658594,4,4,0,2,38,0,0,40,91.9
1179,40,0,0,1,8.191999979317188,4,4,0,1,39,0,0,40,75.151
1179,40,0,1,1,78.84799689054489,4,4,0,1,39,0,0,40,75.151
1179,40,0,2,1,9.216000325977802,4,4,0,1,39,0,0,40,75.151
1179,40,0,3,1,4.095999989658594,4,4,0,1,39,0,0,40,75.151
1180,2,0,0,0,13.311999849975109,4,4,0,0,40,0,0,40,4.231
1180,2,0,1,0,71.68000191450119,4,4,0,0,40,0,0,40,4.231
1180,2,0,2,0,8.191999979317188,4,4,0,0,40,0,0,40,4.231
1180,2,0,3,0,5.119999870657921,4,4,0,0,40,0,0,40,4.231
1180,24,0,0,0,8.191999979317188,4,4,0,1,39,0,0,40,75.22
1180,24,0,1,0,70.65600156784058,4,4,0,1,39,0,0,40,75.22
1180,24,0,2,0,9.216000325977802,4,4,0,1,39,0,0,40,75.22
1180,24,0,3,0,4.095999989658594,4,4,0,1,39,0,0,40,75.22
1180,40,0,0,1,15.359999611973763,4,4,0,2,38,0,0,40,140.559
1180,40,0,1,1,86.01599931716919,4,4,0,2,38,0,0,40,140.559
1180,40,0,2,1,9.216000325977802,4,4,0,2,38,0,0,40,140.559
1180,40,0,3,1,26.623999699950218,4,4,0,2,38,0,0,40,140.559
1181,2,0,0,0,78.84799689054489,4,4,0,1,39,0,0,40,146.99
1181,2,0,1,0,81.91999793052673,4,4,0,1,39,0,0,40,146.99
1181,2,0,2,0,9.216000325977802,4,4,0,1,39,0,0,40,146.99
1181,2,0,3,0,43.007999658584595,4,4,0,1,39,0,0,40,146.99
1181,24,0,0,0,9.216000325977802,4,4,0,3,37,0,0,40,147.409
1181,24,0,1,0,88.06400001049042,4,4,0,3,37,0,0,40,147.409
1181,24,0,2,0,9.216000325977802,4,4,0,3,37,0,0,40,147.409
1181,24,0,3,0,36.86400130391121,4,4,0,3,37,0,0,40,147.409
1181,40,0,0,1,9.216000325977802,4,4,0,0,40,0,0,40,2.73
1181,40,0,1,1,91.13600105047226,4,4,0,0,40,0,0,40,2.73
1181,40,0,2,1,9.216000325977802,4,4,0,0,40,0,0,40,2.73
1181,40,0,3,1,4.095999989658594,4,4,0,0,40,0,0,40,2.73
1182,2,0,0,0,9.216000325977802,4,4,0,1,39,0,0,40,67.64
1182,2,0,1,0,77.82399654388428,4,4,0,1,39,0,0,40,67.64
1182,2,0,2,0,9.216000325977802,4,4,0,1,39,0,0,40,67.64
1182,2,0,3,0,4.095999989658594,4,4,0,1,39,0,0,40,67.64
1182,24,0,0,0,8.191999979317188,4,4,0,1,39,0,0,40,77.999
1182,24,0,1,0,87.0399996638298,4,4,0,1,39,0,0,40,77.999
1182,24,0,2,0,9.216000325977802,4,4,0,1,39,0,0,40,77.999
1182,24,0,3,0,4.095999989658594,4,4,0,1,39,0,0,40,77.999
1182,40,0,0,1,9.216000325977802,4,4,0,0,40,0,0,40,5.0
1182,40,0,1,1,94.2080020904541,4,4,0,0,40,0,0,40,5.0
1182,40,0,2,1,9.216000325977802,4,4,0,0,40,0,0,40,5.0
1182,40,0,3,1,4.095999989658594,4,4,0,0,40,0,0,40,5.0
1183,2,0,0,0,15.359999611973763,3,3,0,0,30,0,0,30,1.84
1183,2,0,1,0,73.72800260782242,3,3,0,0,30,0,0,30,1.84
1183,2,0,2,0,9.216000325977802,3,3,0,0,30,0,0,30,1.84
1183,2,0,3,0,6.144000217318535,3,3,0,0,30,0,0,30,1.84
1183,24,0,0,0,9.216000325977802,3,3,0,0,30,0,0,30,1.589
1183,24,0,1,0,62.463998794555664,3,3,0,0,30,0,0,30,1.589
1183,24,0,2,0,9.216000325977802,3,3,0,0,30,0,0,30,1.589
1183,24,0,3,0,4.095999989658594,3,3,0,0,30,0,0,30,1.589
1183,40,0,0,1,8.191999979317188,3,3,0,0,30,0,0,30,2.36
1183,40,0,1,1,74.75200295448303,3,3,0,0,30,0,0,30,2.36
1183,40,0,2,1,9.216000325977802,3,3,0,0,30,0,0,30,2.36
1183,40,0,3,1,4.095999989658594,3,3,0,0,30,0,0,30,2.36
1184,2,0,0,0,13.311999849975109,4,4,0,0,40,0,0,40,2.95
1184,2,0,1,0,78.84799689054489,4,4,0,0,40,0,0,40,2.95
1184,2,0,2,0,9.216000325977802,4,4,0,0,40,0,0,40,2.95
1184,2,0,3,0,5.119999870657921,4,4,0,0,40,0,0,40,2.95
1184,24,0,0,0,8.191999979317188,4,4,0,1,39,0,0,40,88.189
1184,24,0,1,0,73.72800260782242,4,4,0,1,39,0,0,40,88.189
1184,24,0,2,0,9.216000325977802,4,4,0,1,39,0,0,40,88.189
1184,24,0,3,0,4.095999989658594,4,4,0,1,39,0,0,40,88.189
1184,40,0,0,1,15.359999611973763,4,4,0,2,38,0,0,40,136.88
1184,40,0,1,1,94.2080020904541,4,4,0,2,38,0,0,40,136.88
1184,40,0,2,1,9.216000325977802,4,4,0,2,38,0,0,40,136.88
1184,40,0,3,1,13.311999849975109,4,4,0,2,38,0,0,40,136.88
1185,2,0,0,0,15.359999611973763,4,4,0,0,40,0,0,40,2.169
1185,2,0,1,0,56.32000043988228,4,4,0,0,40,0,0,40,2.169
1185,2,0,2,0,9.216000325977802,4,4,0,0,40,0,0,40,2.169
1185,2,0,3,0,5.119999870657921,4,4,0,0,40,0,0,40,2.169
1185,24,0,0,0,9.216000325977802,4,4,0,2,38,0,0,40,79.64
1185,24,0,1,0,55.296000093221664,4,4,0,2,38,0,0,40,79.64
1185,24,0,2,0,9.216000325977802,4,4,0,2,38,0,0,40,79.64
1185,24,0,3,0,3.0720001086592674,4,4,0,2,38,0,0,40,79.64
1185,40,0,0,1,14.336000196635723,4,4,0,3,37,0,0,40,176.989
1185,40,0,1,1,78.84799689054489,4,4,0,3,37,0,0,40,176.989
1185,40,0,2,1,9.216000325977802,4,4,0,3,37,0,0,40,176.989
1185,40,0,3,1,69.63200122117996,4,4,0,3,37,0,0,40,176.989
1186,2,0,0,0,9.216000325977802,4,4,0,2,38,0,0,40,147.43
1186,2,0,1,0,89.08800035715103,4,4,0,2,38,0,0,40,147.43
1186,2,0,2,0,9.216000325977802,4,4,0,2,38,0,0,40,147.43
1186,2,0,3,0,35.840000957250595,4,4,0,2,38,0,0,40,147.43
1186,24,0,0,0,8.191999979317188,4,4,0,0,40,0,0,40,2.38
1186,24,0,1,0,71.68000191450119,4,4,0,0,40,0,0,40,2.38
1186,24,0,2,0,8.191999979317188,4,4,0,0,40,0,0,40,2.38
1186,24,0,3,0,3.0720001086592674,4,4,0,0,40,0,0,40,2.38
1186,40,0,0,1,15.359999611973763,4,4,0,1,39,0,0,40,119.329
1186,40,0,1,1,92.16000139713287,4,4,0,1,39,0,0,40,119.329
1186,40,0,2,1,9.216000325977802,4,4,0,1,39,0,0,40,119.329
1186,40,0,3,1,4.095999989658594,4,4,0,1,39,0,0,40,119.329
1187,2,0,0,0,10.239999741315842,2,2,0,0,20,0,0,20,1.1
1187,2,0,1,0,48.128001391887665,2,2,0,0,20,0,0,20,1.1
1187,2,0,2,0,9.216000325977802,2,2,0,0,20,0,0,20,1.1
1187,2,0,3,0,5.119999870657921,2,2,0,0,20,0,0,20,1.1
1187,24,0,0,0,10.239999741315842,2,2,0,0,20,0,0,20,0.97
1187,24,0,1,0,41.98399931192398,2,2,0,0,20,0,0,20,0.97
1187,24,0,2,0,8.191999979317188,2,2,0,0,20,0,0,20,0.97
1187,24,0,3,0,4.095999989658594,2,2,0,0,20,0,0,20,0.97
1187,40,0,0,1,9.216000325977802,2,2,0,0,20,0,0,20,1.05
1187,40,0,1,1,41.98399931192398,2,2,0,0,20,0,0,20,1.05
1187,40,0,2,1,9.216000325977802,2,2,0,0,20,0,0,20,1.05
1187,40,0,3,1,5.119999870657921,2,2,0,0,20,0,0,20,1.05
1188,2,0,0,0,8.191999979317188,4,4,0,1,39,0,0,40,69.37
1188,2,0,1,0,69.63200122117996,4,4,0,1,39,0,0,40,69.37
1188,2,0,2,0,9.216000325977802,4,4,0,1,39,0,0,40,69.37
1188,2,0,3,0,4.095999989658594,4,4,0,1,39,0,0,40,69.37
1188,24,0,0,0,8.191999979317188,4,4,0,0,40,0,0,40,2.109
1188,24,0,1,0,55.296000093221664,4,4,0,0,40,0,0,40,2.109
1188,24,0,2,0,9.216000325977802,4,4,0,0,40,0,0,40,2.109
1188,24,0,3,0,4.095999989658594,4,4,0,0,40,0,0,40,2.109
1188,40,0,0,1,9.216000325977802,4,4,0,0,40,0,0,40,2.36
1188,40,0,1,1,81.91999793052673,4,4,0,0,40,0,0,40,2.36
1188,40,0,2,1,8.191999979317188,4,4,0,0,40,0,0,40,2.36
1188,40,0,3,1,4.095999989658594,4,4,0,0,40,0,0,40,2.36
1189,2,0,0,0,15.359999611973763,4,4,0,1,39,0,0,40,155.1
1189,2,0,1,0,82.94399827718735,4,4,0,1,39,0,0,40,155.1
1189,2,0,2,0,9.216000325977802,4,4,0,1,39,0,0,40,155.1
1189,2,0,3,0,41.98399931192398,4,4,0,1,39,0,0,40,155.1
1189,24,0,0,0,9.216000325977802,4,4,0,0,40,0,0,40,2.24
1189,24,0,1,0,65.5359998345375,4,4,0,0,40,0,0,40,2.24
1189,24,0,2,0,9.216000325977802,4,4,0,0,40,0,0,40,2.24
1189,24,0,3,0,4.095999989658594,4,4,0,0,40,0,0,40,2.24
1189,40,0,0,1,8.191999979317188,4,4,0,0,40,0,0,40,1.86
1189,40,0,1,1,71.68000191450119,4,4,0,0,40,0,0,40,1.86
1189,40,0,2,1,9.216000325977802,4,4,0,0,40,0,0,40,1.86
1189,40,0,3,1,4.095999989658594,4,4,0,0,40,0,0,40,1.86
1190,2,0,0,0,9.216000325977802,1,1,0,0,10,0,0,10,0.849
1190,2,0,1,0,31.74399957060814,1,1,0,0,10,0,0,10,0.849
1190,2,0,2,0,8.191999979317188,1,1,0,0,10,0,0,10,0.849
1190,2,0,3,0,4.095999989658594,1,1,0,0,10,0,0,10,0.849
1190,24,0,0,0,8.191999979317188,1,1,0,0,10,0,0,10,0.451
1190,24,0,1,0,31.74399957060814,1,1,0,0,10,0,0,10,0.451
1190,24,0,2,0,9.216000325977802,1,1,0,0,10,0,0,10,0.451
1190,24,0,3,0,4.095999989658594,1,1,0,0,10,0,0,10,0.451
1190,40,0,0,1,8.191999979317188,1,1,0,0,10,0,0,10,2.86
1190,40,0,1,1,34.81600061058998,1,1,0,0,10,0,0,10,2.86
1190,40,0,2,1,9.216000325977802,1,1,0,0,10,0,0,10,2.86
1190,40,0,3,1,4.095999989658594,1,1,0,0,10,0,0,10,2.86
1191,2,0,0,0,14.336000196635723,4,4,0,0,40,0,0,40,2.73
1191,2,0,1,0,89.08800035715103,4,4,0,0,40,0,0,40,2.73
1191,2,0,2,0,9.216000325977802,4,4,0,0,40,0,0,40,2.73
1191,2,0,3,0,5.119999870657921,4,4,0,0,40,0,0,40,2.73
1191,24,0,0,0,9.216000325977802,4,4,0,0,40,0,0,40,2.06
1191,24,0,1,0,61.43999844789505,4,4,0,0,40,0,0,40,2.06
1191,24,0,2,0,8.191999979317188,4,4,0,0,40,0,0,40,2.06
1191,24,0,3,0,4.095999989658594,4,4,0,0,40,0,0,40,2.06
1191,40,0,0,1,8.191999979317188,4,4,0,0,40,0,0,40,4.03
1191,40,0,1,1,51.19999870657921,4,4,0,0,40,0,0,40,4.03
1191,40,0,2,1,9.216000325977802,4,4,0,0,40,0,0,40,4.03
1191,40,0,3,1,4.095999989658594,4,4,0,0,40,0,0,40,4.03
1192,2,0,0,0,15.359999611973763,4,4,0,0,40,0,0,40,2.47
1192,2,0,1,0,67.58400052785873,4,4,0,0,40,0,0,40,2.47
1192,2,0,2,0,9.216000325977802,4,4,0,0,40,0,0,40,2.47
1192,2,0,3,0,6.144000217318535,4,4,0,0,40,0,0,40,2.47
1192,24,0,0,0,9.216000325977802,4,4,0,0,40,0,0,40,2.13
1192,24,0,1,0,72.7040022611618,4,4,0,0,40,0,0,40,2.13
1192,24,0,2,0,8.191999979317188,4,4,0,0,40,0,0,40,2.13
1192,24,0,3,0,4.095999989658594,4,4,0,0,40,0,0,40,2.13
1192,40,0,0,1,9.216000325977802,4,4,0,0,40,0,0,40,1.98
1192,40,0,1,1,59.39200147986412,4,4,0,0,40,0,0,40,1.98
1192,40,0,2,1,9.216000325977802,4,4,0,0,40,0,0,40,1.98
1192,40,0,3,1,4.095999989658594,4,4,0,0,40,0,0,40,1.98
1193,2,0,0,0,15.359999611973763,4,4,0,0,40,0,0,40,4.72
1193,2,0,1,0,66.56000018119812,4,4,0,0,40,0,0,40,4.72
1193,2,0,2,0,9.216000325977802,4,4,0,0,40,0,0,40,4.72
1193,2,0,3,0,8.191999979317188,4,4,0,0,40,0,0,40,4.72
1193,24,0,0,0,8.191999979317188,4,4,0,2,38,0,0,40,104.17
1193,24,0,1,0,68.60800087451935,4,4,0,2,38,0,0,40,104.17
1193,24,0,2,0,9.216000325977802,4,4,0,2,38,0,0,40,104.17
1193,24,0,3,0,13.311999849975109,4,4,0,2,38,0,0,40,104.17
1193,40,0,0,1,10.239999741315842,4,4,0,0,40,0,0,40,2.06
1193,40,0,1,1,62.463998794555664,4,4,0,0,40,0,0,40,2.06
1193,40,0,2,1,8.191999979317188,4,4,0,0,40,0,0,40,2.06
1193,40,0,3,1,3.0720001086592674,4,4,0,0,40,0,0,40,2.06
1194,2,0,0,0,9.216000325977802,3,3,0,0,30,0,0,30,1.789
1194,2,0,1,0,64.51199948787689,3,3,0,0,30,0,0,30,1.789
1194,2,0,2,0,9.216000325977802,3,3,0,0,30,0,0,30,1.789
1194,2,0,3,0,6.144000217318535,3,3,0,0,30,0,0,30,1.789
1194,24,0,0,0,9.216000325977802,3,3,0,1,29,0,0,30,55.589
1194,24,0,1,0,65.5359998345375,3,3,0,1,29,0,0,30,55.589
1194,24,0,2,0,9.216000325977802,3,3,0,1,29,0,0,30,55.589
1194,24,0,3,0,4.095999989658594,3,3,0,1,29,0,0,30,55.589
1194,40,0,0,1,9.216000325977802,3,3,0,0,30,0,0,30,1.78
1194,40,0,1,1,63.48799914121628,3,3,0,0,30,0,0,30,1.78
1194,40,0,2,1,9.216000325977802,3,3,0,0,30,0,0,30,1.78
1194,40,0,3,1,4.095999989658594,3,3,0,0,30,0,0,30,1.78
1195,2,0,0,0,8.191999979317188,1,1,0,0,10,0,0,10,0.81
1195,2,0,1,0,32.76799991726875,1,1,0,0,10,0,0,10,0.81
1195,2,0,2,0,9.216000325977802,1,1,0,0,10,0,0,10,0.81
1195,2,0,3,0,4.095999989658594,1,1,0,0,10,0,0,10,0.81
1195,24,0,0,0,9.216000325977802,1,1,0,1,9,0,0,10,51.07
1195,24,0,1,0,29.69600073993206,1,1,0,1,9,0,0,10,51.07
1195,24,0,2,0,9.216000325977802,1,1,0,1,9,0,0,10,51.07
1195,24,0,3,0,3.0720001086592674,1,1,0,1,9,0,0,10,51.07
1195,40,0,0,1,8.191999979317188,1,1,0,0,10,0,0,10,0.53
1195,40,0,1,1,34.81600061058998,1,1,0,0,10,0,0,10,0.53
1195,40,0,2,1,8.191999979317188,1,1,0,0,10,0,0,10,0.53
1195,40,0,3,1,4.095999989658594,1,1,0,0,10,0,0,10,0.53
1196,2,0,0,0,9.216000325977802,2,2,0,0,20,0,0,20,1.249
1196,2,0,1,0,47.10400104522705,2,2,0,0,20,0,0,20,1.249
1196,2,0,2,0,8.191999979317188,2,2,0,0,20,0,0,20,1.249
1196,2,0,3,0,5.119999870657921,2,2,0,0,20,0,0,20,1.249
1196,24,0,0,0,9.216000325977802,2,2,0,0,20,0,0,20,0.97
1196,24,0,1,0,47.10400104522705,2,2,0,0,20,0,0,20,0.97
1196,24,0,2,0,9.216000325977802,2,2,0,0,20,0,0,20,0.97
1196,24,0,3,0,4.095999989658594,2,2,0,0,20,0,0,20,0.97
1196,40,0,0,1,11.264000087976456,2,2,0,0,20,0,0,20,1.18
1196,40,0,1,1,48.128001391887665,2,2,0,0,20,0,0,20,1.18
1196,40,0,2,1,10.239999741315842,2,2,0,0,20,0,0,20,1.18
1196,40,0,3,1,4.095999989658594,2,2,0,0,20,0,0,20,1.18
1197,2,0,0,0,14.336000196635723,4,4,0,0,40,0,0,40,4.23
1197,2,0,1,0,80.89599758386612,4,4,0,0,40,0,0,40,4.23
1197,2,0,2,0,8.191999979317188,4,4,0,0,40,0,0,40,4.23
1197,2,0,3,0,5.119999870657921,4,4,0,0,40,0,0,40,4.23
1197,24,0,0,0,8.191999979317188,4,4,0,0,40,0,0,40,3.69
1197,24,0,1,0,65.5359998345375,4,4,0,0,40,0,0,40,3.69
1197,24,0,2,0,9.216000325977802,4,4,0,0,40,0,0,40,3.69
1197,24,0,3,0,4.095999989658594,4,4,0,0,40,0,0,40,3.69
1197,40,0,0,1,9.216000325977802,4,4,0,1,39,0,0,40,80.959
1197,40,0,1,1,77.82399654388428,4,4,0,1,39,0,0,40,80.959
1197,40,0,2,1,9.216000325977802,4,4,0,1,39,0,0,40,80.959
1197,40,0,3,1,4.095999989658594,4,4,0,1,39,0,0,40,80.959
1198,2,0,0,0,14.336000196635723,4,4,0,0,40,0,0,40,2.72
1198,2,0,1,0,78.84799689054489,4,4,0,0,40,0,0,40,2.72
1198,2,0,2,0,9.216000325977802,4,4,0,0,40,0,0,40,2.72
1198,2,0,3,0,4.095999989658594,4,4,0,0,40,0,0,40,2.72
1198,24,0,0,0,8.191999979317188,4,4,0,0,40,0,0,40,1.949
1198,24,0,1,0,50.175998359918594,4,4,0,0,40,0,0,40,1.949
1198,24,0,2,0,9.216000325977802,4,4,0,0,40,0,0,40,1.949
1198,24,0,3,0,4.095999989658594,4,4,0,0,40,0,0,40,1.949
1198,40,0,0,1,15.359999611973763,4,4,0,2,38,0,0,40,89.239
1198,40,0,1,1,74.75200295448303,4,4,0,2,38,0,0,40,89.239
1198,40,0,2,1,9.216000325977802,4,4,0,2,38,0,0,40,89.239
1198,40,0,3,1,4.095999989658594,4,4,0,2,38,0,0,40,89.239
1199,2,0,0,0,16.383999958634377,3,3,0,0,30,0,0,30,2.031
1199,2,0,1,0,63.48799914121628,3,3,0,0,30,0,0,30,2.031
1199,2,0,2,0,9.216000325977802,3,3,0,0,30,0,0,30,2.031
1199,2,0,3,0,6.144000217318535,3,3,0,0,30,0,0,30,2.031
1199,24,0,0,0,9.216000325977802,3,3,0,1,29,0,0,30,63.631
1199,24,0,1,0,58.36800113320351,3,3,0,1,29,0,0,30,63.631
1199,24,0,2,0,9.216000325977802,3,3,0,1,29,0,0,30,63.631
1199,24,0,3,0,4.095999989658594,3,3,0,1,29,0,0,30,63.631
1199,40,0,0,1,10.239999741315842,3,3,0,0,30,0,0,30,1.56
1199,40,0,1,1,68.60800087451935,3,3,0,0,30,0,0,30,1.56
1199,40,0,2,1,9.216000325977802,3,3,0,0,30,0,0,30,1.56
1199,40,0,3,1,4.095999989658594,3,3,0,0,30,0,0,30,1.56
1200,2,0,0,0,14.336000196635723,4,4,0,0,40,0,0,40,4.43
1200,2,0,1,0,88.06400001049042,4,4,0,0,40,0,0,40,4.43
1200,2,0,2,0,8.191999979317188,4,4,0,0,40,0,0,40,4.43
1200,2,0,3,0,5.119999870657921,4,4,0,0,40,0,0,40,4.43
1200,24,0,0,0,8.191999979317188,4,4,0,1,39,0,0,40,92.74
1200,24,0,1,0,57.34400078654289,4,4,0,1,39,0,0,40,92.74
1200,24,0,2,0,9.216000325977802,4,4,0,1,39,0,0,40,92.74
1200,24,0,3,0,14.336000196635723,4,4,0,1,39,0,0,40,92.74
1200,40,0,0,1,15.359999611973763,4,4,0,1,39,0,0,40,303.099
1200,40,0,1,1,73.72800260782242,4,4,0,1,39,0,0,40,303.099
1200,40,0,2,1,9.216000325977802,4,4,0,1,39,0,0,40,303.099
1200,40,0,3,1,200.70399343967438,4,4,0,1,39,0,0,40,303.099
1201,2,0,0,0,15.359999611973763,4,4,0,1,39,0,0,40,70.25
1201,2,0,1,0,77.82399654388428,4,4,0,1,39,0,0,40,70.25
1201,2,0,2,0,8.191999979317188,4,4,0,1,39,0,0,40,70.25
1201,2,0,3,0,4.095999989658594,4,4,0,1,39,0,0,40,70.25
1201,24,0,0,0,9.216000325977802,4,4,0,0,40,0,0,40,4.48
1201,24,0,1,0,89.08800035715103,4,4,0,0,40,0,0,40,4.48
1201,24,0,2,0,8.191999979317188,4,4,0,0,40,0,0,40,4.48
1201,24,0,3,0,4.095999989658594,4,4,0,0,40,0,0,40,4.48
1201,40,0,0,1,1342.4639701843262,4,4,0,2,38,0,0,40,141.709
1201,40,0,1,1,79.8719972372055,4,4,0,2,38,0,0,40,141.709
1201,40,0,2,1,9.216000325977802,4,4,0,2,38,0,0,40,141.709
1201,40,0,3,1,43.007999658584595,4,4,0,2,38,0,0,40,141.709
1202,2,0,0,0,15.359999611973763,4,4,0,0,40,0,0,40,2.34
1202,2,0,1,0,61.43999844789505,4,4,0,0,40,0,0,40,2.34
1202,2,0,2,0,9.216000325977802,4,4,0,0,40,0,0,40,2.34
1202,2,0,3,0,4.095999989658594,4,4,0,0,40,0,0,40,2.34
1202,24,0,0,0,9.216000325977802,4,4,0,3,37,0,0,40,171.789
1202,24,0,1,0,63.48799914121628,4,4,0,3,37,0,0,40,171.789
1202,24,0,2,0,8.191999979317188,4,4,0,3,37,0,0,40,171.789
1202,24,0,3,0,86.01599931716919,4,4,0,3,37,0,0,40,171.789
1202,40,0,0,1,15.359999611973763,4,4,0,3,36,1,0,40,245.659
1202,40,0,1,1,92.16000139713287,4,4,0,3,36,1,0,40,245.659
1202,40,0,2,1,194.5600062608719,4,4,0,3,36,1,0,40,245.659
1202,40,0,3,1,5.119999870657921,4,4,0,3,36,1,0,40,245.659
1203,2,0,0,0,15.359999611973763,4,4,0,0,40,0,0,40,2.84
1203,2,0,1,0,82.94399827718735,4,4,0,0,40,0,0,40,2.84
1203,2,0,2,0,9.216000325977802,4,4,0,0,40,0,0,40,2.84
1203,2,0,3,0,5.119999870657921,4,4,0,0,40,0,0,40,2.84
1203,24,0,0,0,8.191999979317188,4,4,0,1,39,0,0,40,61.709
1203,24,0,1,0,70.65600156784058,4,4,0,1,39,0,0,40,61.709
1203,24,0,2,0,8.191999979317188,4,4,0,1,39,0,0,40,61.709
1203,24,0,3,0,3.0720001086592674,4,4,0,1,39,0,0,40,61.709
1203,40,0,0,1,8.191999979317188,4,4,0,0,40,0,0,40,2.28
1203,40,0,1,1,81.91999793052673,4,4,0,0,40,0,0,40,2.28
1203,40,0,2,1,8.191999979317188,4,4,0,0,40,0,0,40,2.28
1203,40,0,3,1,4.095999989658594,4,4,0,0,40,0,0,40,2.28
1204,2,0,0,0,13.311999849975109,4,4,0,0,40,0,0,40,5.28
1204,2,0,1,0,87.0399996638298,4,4,0,0,40,0,0,40,5.28
1204,2,0,2,0,9.216000325977802,4,4,0,0,40,0,0,40,5.28
1204,2,0,3,0,5.119999870657921,4,4,0,0,40,0,0,40,5.28
1204,24,0,0,0,8.191999979317188,4,4,0,4,35,1,0,40,161.008
1204,24,0,1,0,73.72800260782242,4,4,0,4,35,1,0,40,161.008
1204,24,0,2,0,169.98399794101715,4,4,0,4,35,1,0,40,161.008
1204,24,0,3,0,4.095999989658594,4,4,0,4,35,1,0,40,161.008
1204,40,0,0,1,16.383999958634377,4,4,0,1,39,0,0,40,77.17
1204,40,0,1,1,80.89599758386612,4,4,0,1,39,0,0,40,77.17
1204,40,0,2,1,8.191999979317188,4,4,0,1,39,0,0,40,77.17
1204,40,0,3,1,4.095999989658594,4,4,0,1,39,0,0,40,77.17
1205,2,0,0,0,14.336000196635723,4,4,0,0,40,0,0,40,2.489
1205,2,0,1,0,92.16000139713287,4,4,0,0,40,0,0,40,2.489
1205,2,0,2,0,9.216000325977802,4,4,0,0,40,0,0,40,2.489
1205,2,0,3,0,6.144000217318535,4,4,0,0,40,0,0,40,2.489
1205,24,0,0,0,9.216000325977802,4,4,0,0,40,0,0,40,4.04
1205,24,0,1,0,88.06400001049042,4,4,0,0,40,0,0,40,4.04
1205,24,0,2,0,9.216000325977802,4,4,0,0,40,0,0,40,4.04
1205,24,0,3,0,4.095999989658594,4,4,0,0,40,0,0,40,4.04
1205,40,0,0,1,8.191999979317188,4,4,0,0,40,0,0,40,2.38
1205,40,0,1,1,82.94399827718735,4,4,0,0,40,0,0,40,2.38
1205,40,0,2,1,9.216000325977802,4,4,0,0,40,0,0,40,2.38
1205,40,0,3,1,4.095999989658594,4,4,0,0,40,0,0,40,2.38
1206,2,0,0,0,26.623999699950218,4,4,0,3,37,0,0,40,176.99
1206,2,0,1,0,81.91999793052673,4,4,0,3,37,0,0,40,176.99
1206,2,0,2,0,9.216000325977802,4,4,0,3,37,0,0,40,176.99
1206,2,0,3,0,77.82399654388428,4,4,0,3,37,0,0,40,176.99
1206,24,0,0,0,8.191999979317188,4,4,0,2,38,0,0,40,108.001
1206,24,0,1,0,86.01599931716919,4,4,0,2,38,0,0,40,108.001
1206,24,0,2,0,9.216000325977802,4,4,0,2,38,0,0,40,108.001
1206,24,0,3,0,3.0720001086592674,4,4,0,2,38,0,0,40,108.001
1206,40,0,0,1,8.191999979317188,4,4,0,0,40,0,0,40,2.69
1206,40,0,1,1,89.08800035715103,4,4,0,0,40,0,0,40,2.69
1206,40,0,2,1,9.216000325977802,4,4,0,0,40,0,0,40,2.69
1206,40,0,3,1,4.095999989658594,4,4,0,0,40,0,0,40,2.69
1207,2,0,0,0,14.336000196635723,4,4,0,0,40,0,0,40,2.409
1207,2,0,1,0,63.48799914121628,4,4,0,0,40,0,0,40,2.409
1207,2,0,2,0,9.216000325977802,4,4,0,0,40,0,0,40,2.409
1207,2,0,3,0,5.119999870657921,4,4,0,0,40,0,0,40,2.409
1207,24,0,0,0,8.191999979317188,4,4,0,0,40,0,0,40,2.34
1207,24,0,1,0,58.36800113320351,4,4,0,0,40,0,0,40,2.34
1207,24,0,2,0,9.216000325977802,4,4,0,0,40,0,0,40,2.34
1207,24,0,3,0,4.095999989658594,4,4,0,0,40,0,0,40,2.34
1207,40,0,0,1,14.336000196635723,4,4,0,1,39,0,0,40,74.83
1207,40,0,1,1,51.19999870657921,4,4,0,1,39,0,0,40,74.83
1207,40,0,2,1,9.216000325977802,4,4,0,1,39,0,0,40,74.83
1207,40,0,3,1,4.095999989658594,4,4,0,1,39,0,0,40,74.83
1208,2,0,0,0,9.216000325977802,3,3,0,1,29,0,0,30,65.11
1208,2,0,1,0,61.43999844789505,3,3,0,1,29,0,0,30,65.11
1208,2,0,2,0,9.216000325977802,3,3,0,1,29,0,0,30,65.11
1208,2,0,3,0,4.095999989658594,3,3,0,1,29,0,0,30,65.11
1208,24,0,0,0,8.191999979317188,3,3,0,0,30,0,0,30,3.13
1208,24,0,1,0,52.22399905323982,3,3,0,0,30,0,0,30,3.13
1208,24,0,2,0,9.216000325977802,3,3,0,0,30,0,0,30,3.13
1208,24,0,3,0,5.119999870657921,3,3,0,0,30,0,0,30,3.13
1208,40,0,0,1,10.239999741315842,3,3,0,0,30,0,0,30,2.18
1208,40,0,1,1,64.51199948787689,3,3,0,0,30,0,0,30,2.18
1208,40,0,2,1,9.216000325977802,3,3,0,0,30,0,0,30,2.18
1208,40,0,3,1,4.095999989658594,3,3,0,0,30,0,0,30,2.18
1209,2,0,0,0,8.191999979317188,4,4,0,0,40,0,0,40,5.42
1209,2,0,1,0,82.94399827718735,4,4,0,0,40,0,0,40,5.42
1209,2,0,2,0,9.216000325977802,4,4,0,0,40,0,0,40,5.42
1209,2,0,3,0,4.095999989658594,4,4,0,0,40,0,0,40,5.42
1209,24,0,0,0,9.216000325977802,4,4,0,0,40,0,0,40,2.349
1209,24,0,1,0,65.5359998345375,4,4,0,0,40,0,0,40,2.349
1209,24,0,2,0,9.216000325977802,4,4,0,0,40,0,0,40,2.349
1209,24,0,3,0,4.095999989658594,4,4,0,0,40,0,0,40,2.349
1209,40,0,0,1,9.216000325977802,4,4,0,0,40,0,0,40,2.13
1209,40,0,1,1,70.65600156784058,4,4,0,0,40,0,0,40,2.13
1209,40,0,2,1,9.216000325977802,4,4,0,0,40,0,0,40,2.13
1209,40,0,3,1,4.095999989658594,4,4,0,0,40,0,0,40,2.13
1210,2,0,0,0,9.216000325977802,4,4,0,1,39,0,0,40,93.93
1210,2,0,1,0,77.82399654388428,4,4,0,1,39,0,0,40,93.93
1210,2,0,2,0,9.216000325977802,4,4,0,1,39,0,0,40,93.93
1210,2,0,3,0,5.119999870657921,4,4,0,1,39,0,0,40,93.93
1210,24,0,0,0,8.191999979317188,4,4,0,0,40,0,0,40,2.2
1210,24,0,1,0,65.5359998345375,4,4,0,0,40,0,0,40,2.2
1210,24,0,2,0,9.216000325977802,4,4,0,0,40,0,0,40,2.2
1210,24,0,3,0,4.095999989658594,4,4,0,0,40,0,0,40,2.2
1210,40,0,0,1,9.216000325977802,4,4,0,0,40,0,0,40,1.86
1210,40,0,1,1,69.63200122117996,4,4,0,0,40,0,0,40,1.86
1210,40,0,2,1,9.216000325977802,4,4,0,0,40,0,0,40,1.86
1210,40,0,3,1,4.095999989658594,4,4,0,0,40,0,0,40,1.86
1211,2,0,0,0,9.216000325977802,1,1,0,0,10,0,0,10,0.56
1211,2,0,1,0,31.74399957060814,1,1,0,0,10,0,0,10,0.56
1211,2,0,2,0,8.191999979317188,1,1,0,0,10,0,0,10,0.56
1211,2,0,3,0,4.095999989658594,1,1,0,0,10,0,0,10,0.56
1211,24,0,0,0,9.216000325977802,1,1,0,0,10,0,0,10,0.53
1211,24,0,1,0,32.76799991726875,1,1,0,0,10,0,0,10,0.53
1211,24,0,2,0,8.191999979317188,1,1,0,0,10,0,0,10,0.53
1211,24,0,3,0,4.095999989658594,1,1,0,0,10,0,0,10,0.53
1211,40,0,0,1,8.191999979317188,1,1,0,0,10,0,0,10,0.589
1211,40,0,1,1,34.81600061058998,1,1,0,0,10,0,0,10,0.589
1211,40,0,2,1,9.216000325977802,1,1,0,0,10,0,0,10,0.589
1211,40,0,3,1,4.095999989658594,1,1,0,0,10,0,0,10,0.589
1212,2,0,0,0,8.191999979317188,4,4,0,0,40,0,0,40,2.92
1212,2,0,1,0,77.82399654388428,4,4,0,0,40,0,0,40,2.92
1212,2,0,2,0,9.216000325977802,4,4,0,0,40,0,0,40,2.92
1212,2,0,3,0,4.095999989658594,4,4,0,0,40,0,0,40,2.92
1212,24,0,0,0,8.191999979317188,4,4,0,0,40,0,0,40,1.709
1212,24,0,1,0,75.77600330114365,4,4,0,0,40,0,0,40,1.709
1212,24,0,2,0,8.191999979317188,4,4,0,0,40,0,0,40,1.709
1212,24,0,3,0,4.095999989658594,4,4,0,0,40,0,0,40,1.709
1212,40,0,0,1,15.359999611973763,4,4,0,1,39,0,0,40,68.42
1212,40,0,1,1,74.75200295448303,4,4,0,1,39,0,0,40,68.42
1212,40,0,2,1,9.216000325977802,4,4,0,1,39,0,0,40,68.42
1212,40,0,3,1,4.095999989658594,4,4,0,1,39,0,0,40,68.42
1213,2,0,0,0,16.383999958634377,4,4,0,1,39,0,0,40,59.51
1213,2,0,1,0,71.68000191450119,4,4,0,1,39,0,0,40,59.51
1213,2,0,2,0,9.216000325977802,4,4,0,1,39,0,0,40,59.51
1213,2,0,3,0,5.119999870657921,4,4,0,1,39,0,0,40,59.51
1213,24,0,0,0,8.191999979317188,4,4,0,0,40,0,0,40,1.44
1213,24,0,1,0,84.99199897050858,4,4,0,0,40,0,0,40,1.44
1213,24,0,2,0,9.216000325977802,4,4,0,0,40,0,0,40,1.44
1213,24,0,3,0,4.095999989658594,4,4,0,0,40,0,0,40,1.44
1213,40,0,0,1,14.336000196635723,4,4,0,1,39,0,0,40,140.43
1213,40,0,1,1,75.77600330114365,4,4,0,1,39,0,0,40,140.43
1213,40,0,2,1,9.216000325977802,4,4,0,1,39,0,0,40,140.43
1213,40,0,3,1,36.86400130391121,4,4,0,1,39,0,0,40,140.43
1214,2,0,0,0,14.336000196635723,4,4,0,0,40,0,0,40,1.82
1214,2,0,1,0,77.82399654388428,4,4,0,0,40,0,0,40,1.82
1214,2,0,2,0,9.216000325977802,4,4,0,0,40,0,0,40,1.82
1214,2,0,3,0,5.119999870657921,4,4,0,0,40,0,0,40,1.82
1214,24,0,0,0,8.191999979317188,4,4,0,0,40,0,0,40,1.54
1214,24,0,1,0,66.56000018119812,4,4,0,0,40,0,0,40,1.54
1214,24,0,2,0,9.216000325977802,4,4,0,0,40,0,0,40,1.54
1214,24,0,3,0,4.095999989658594,4,4,0,0,40,0,0,40,1.54
1214,40,0,0,1,9.216000325977802,4,4,0,0,40,0,0,40,2.731
1214,40,0,1,1,77.82399654388428,4,4,0,0,40,0,0,40,2.731
1214,40,0,2,1,9.216000325977802,4,4,0,0,40,0,0,40,2.731
1214,40,0,3,1,3.0720001086592674,4,4,0,0,40,0,0,40,2.731
1215,2,0,0,0,8.191999979317188,4,4,0,1,39,0,0,40,63.66
1215,2,0,1,0,72.7040022611618,4,4,0,1,39,0,0,40,63.66
1215,2,0,2,0,9.216000325977802,4,4,0,1,39,0,0,40,63.66
1215,2,0,3,0,4.095999989658594,4,4,0,1,39,0,0,40,63.66
1215,24,0,0,0,8.191999979317188,4,4,0,0,40,0,0,40,1.8
1215,24,0,1,0,70.65600156784058,4,4,0,0,40,0,0,40,1.8
1215,24,0,2,0,9.216000325977802,4,4,0,0,40,0,0,40,1.8
1215,24,0,3,0,4.095999989658594,4,4,0,0,40,0,0,40,1.8
1215,40,0,0,1,8.191999979317188,4,4,0,0,40,0,0,40,3.12
1215,40,0,1,1,71.68000191450119,4,4,0,0,40,0,0,40,3.12
1215,40,0,2,1,9.216000325977802,4,4,0,0,40,0,0,40,3.12
1215,40,0,3,1,4.095999989658594,4,4,0,0,40,0,0,40,3.12
1216,2,0,0,0,8.191999979317188,4,4,0,1,39,0,0,40,73.18
1216,2,0,1,0,78.84799689054489,4,4,0,1,39,0,0,40,73.18
1216,2,0,2,0,9.216000325977802,4,4,0,1,39,0,0,40,73.18
1216,2,0,3,0,4.095999989658594,4,4,0,1,39,0,0,40,73.18
1216,24,0,0,0,8.191999979317188,4,4,0,1,39,0,0,40,62.74
1216,24,0,1,0,69.63200122117996,4,4,0,1,39,0,0,40,62.74
1216,24,0,2,0,9.216000325977802,4,4,0,1,39,0,0,40,62.74
1216,24,0,3,0,3.0720001086592674,4,4,0,1,39,0,0,40,62.74
1216,40,0,0,1,9.216000325977802,4,4,0,0,40,0,0,40,1.73
1216,40,0,1,1,62.463998794555664,4,4,0,0,40,0,0,40,1.73
1216,40,0,2,1,9.216000325977802,4,4,0,0,40,0,0,40,1.73
1216,40,0,3,1,4.095999989658594,4,4,0,0,40,0,0,40,1.73
1217,2,0,0,0,14.336000196635723,4,4,0,0,40,0,0,40,1.92
1217,2,0,1,0,91.13600105047226,4,4,0,0,40,0,0,40,1.92
1217,2,0,2,0,9.216000325977802,4,4,0,0,40,0,0,40,1.92
1217,2,0,3,0,4.095999989658594,4,4,0,0,40,0,0,40,1.92
1217,24,0,0,0,9.216000325977802,4,4,0,0,40,0,0,40,1.74
1217,24,0,1,0,84.99199897050858,4,4,0,0,40,0,0,40,1.74
1217,24,0,2,0,9.216000325977802,4,4,0,0,40,0,0,40,1.74
1217,24,0,3,0,4.095999989658594,4,4,0,0,40,0,0,40,1.74
1217,40,0,0,1,9.216000325977802,4,4,0,0,40,0,0,40,1.32
1217,40,0,1,1,62.463998794555664,4,4,0,0,40,0,0,40,1.32
1217,40,0,2,1,9.216000325977802,4,4,0,0,40,0,0,40,1.32
1217,40,0,3,1,4.095999989658594,4,4,0,0,40,0,0,40,1.32
1218,2,0,0,0,15.359999611973763,4,4,0,0,40,0,0,40,1.68
1218,2,0,1,0,75.77600330114365,4,4,0,0,40,0,0,40,1.68
1218,2,0,2,0,9.216000325977802,4,4,0,0,40,0,0,40,1.68
1218,2,0,3,0,7.168000098317862,4,4,0,0,40,0,0,40,1.68
1218,24,0,0,0,8.191999979317188,4,4,0,0,40,0,0,40,3.18
1218,24,0,1,0,92.16000139713287,4,4,0,0,40,0,0,40,3.18
1218,24,0,2,0,9.216000325977802,4,4,0,0,40,0,0,40,3.18
1218,24,0,3,0,4.095999989658594,4,4,0,0,40,0,0,40,3.18
1218,40,0,0,1,695.2959895133972,4,4,0,0,40,0,0,40,3.9
1218,40,0,1,1,81.91999793052673,4,4,0,0,40,0,0,40,3.9
1218,40,0,2,1,9.216000325977802,4,4,0,0,40,0,0,40,3.9
1218,40,0,3,1,4.095999989658594,4,4,0,0,40,0,0,40,3.9
1219,2,0,0,0,14.336000196635723,4,4,0,0,40,0,0,40,1.511
1219,2,0,1,0,89.08800035715103,4,4,0,0,40,0,0,40,1.511
1219,2,0,2,0,9.216000325977802,4,4,0,0,40,0,0,40,1.511
1219,2,0,3,0,4.095999989658594,4,4,0,0,40,0,0,40,1.511
1219,24,0,0,0,8.191999979317188,4,4,0,0,40,0,0,40,1.99
1219,24,0,1,0,83.96799862384796,4,4,0,0,40,0,0,40,1.99
1219,24,0,2,0,9.216000325977802,4,4,0,0,40,0,0,40,1.99
1219,24,0,3,0,3.0720001086592674,4,4,0,0,40,0,0,40,1.99
1219,40,0,0,1,15.359999611973763,4,4,0,1,39,0,0,40,70.299
1219,40,0,1,1,97.28000313043594,4,4,0,1,39,0,0,40,70.299
1219,40,0,2,1,9.216000325977802,4,4,0,1,39,0,0,40,70.299
1219,40,0,3,1,5.119999870657921,4,4,0,1,39,0,0,40,70.299
1220,2,0,0,0,13.311999849975109,4,4,0,0,40,0,0,40,1.669
1220,2,0,1,0,69.63200122117996,4,4,0,0,40,0,0,40,1.669
1220,2,0,2,0,8.191999979317188,4,4,0,0,40,0,0,40,1.669
1220,2,0,3,0,7.168000098317862,4,4,0,0,40,0,0,40,1.669
1220,24,0,0,0,8.191999979317188,4,4,0,3,37,0,0,40,258.369
1220,24,0,1,0,84.99199897050858,4,4,0,3,37,0,0,40,258.369
1220,24,0,2,0,9.216000325977802,4,4,0,3,37,0,0,40,258.369
1220,24,0,3,0,152.5759994983673,4,4,0,3,37,0,0,40,258.369
1220,40,0,0,1,9.216000325977802,4,4,0,0,40,0,0,40,1.73
1220,40,0,1,1,90.11200070381165,4,4,0,0,40,0,0,40,1.73
1220,40,0,2,1,9.216000325977802,4,4,0,0,40,0,0,40,1.73
1220,40,0,3,1,4.095999989658594,4,4,0,0,40,0,0,40,1.73
1221,2,0,0,0,15.359999611973763,4,4,0,0,40,0,0,40,3.2
1221,2,0,1,0,87.0399996638298,4,4,0,0,40,0,0,40,3.2
1221,2,0,2,0,9.216000325977802,4,4,0,0,40,0,0,40,3.2
1221,2,0,3,0,4.095999989658594,4,4,0,0,40,0,0,40,3.2
1221,24,0,0,0,8.191999979317188,4,4,0,0,40,0,0,40,1.66
1221,24,0,1,0,88.06400001049042,4,4,0,0,40,0,0,40,1.66
1221,24,0,2,0,9.216000325977802,4,4,0,0,40,0,0,40,1.66
1221,24,0,3,0,4.095999989658594,4,4,0,0,40,0,0,40,1.66
1221,40,0,0,1,15.359999611973763,4,4,0,2,38,0,0,40,136.44
1221,40,0,1,1,87.0399996638298,4,4,0,2,38,0,0,40,136.44
1221,40,0,2,1,9.216000325977802,4,4,0,2,38,0,0,40,136.44
1221,40,0,3,1,20.479999482631683,4,4,0,2,38,0,0,40,136.44
1222,2,0,0,0,8.191999979317188,4,4,0,1,39,0,0,40,70.229
1222,2,0,1,0,95.23200243711472,4,4,0,1,39,0,0,40,70.229
1222,2,0,2,0,9.216000325977802,4,4,0,1,39,0,0,40,70.229
1222,2,0,3,0,4.095999989658594,4,4,0,1,39,0,0,40,70.229
1222,24,0,0,0,7.168000098317862,4,4,0,0,40,0,0,40,2.22
1222,24,0,1,0,71.68000191450119,4,4,0,0,40,0,0,40,2.22
1222,24,0,2,0,9.216000325977802,4,4,0,0,40,0,0,40,2.22
1222,24,0,3,0,4.095999989658594,4,4,0,0,40,0,0,40,2.22
1222,40,0,0,1,9.216000325977802,4,4,0,1,39,0,0,40,76.81
1222,40,0,1,1,78.84799689054489,4,4,0,1,39,0,0,40,76.81
1222,40,0,2,1,9.216000325977802,4,4,0,1,39,0,0,40,76.81
1222,40,0,3,1,4.095999989658594,4,4,0,1,39,0,0,40,76.81
1223,2,0,0,0,14.336000196635723,4,4,0,1,39,0,0,40,146.93
1223,2,0,1,0,87.0399996638298,4,4,0,1,39,0,0,40,146.93
1223,2,0,2,0,9.216000325977802,4,4,0,1,39,0,0,40,146.93
1223,2,0,3,0,30.719999223947525,4,4,0,1,39,0,0,40,146.93
1223,24,0,0,0,8.191999979317188,4,4,0,0,40,0,0,40,2.349
1223,24,0,1,0,86.01599931716919,4,4,0,0,40,0,0,40,2.349
1223,24,0,2,0,9.216000325977802,4,4,0,0,40,0,0,40,2.349
1223,24,0,3,0,4.095999989658594,4,4,0,0,40,0,0,40,2.349
1223,40,0,0,1,15.359999611973763,4,4,0,3,37,0,0,40,278.408
1223,40,0,1,1,81.91999793052673,4,4,0,3,37,0,0,40,278.408
1223,40,0,2,1,9.216000325977802,4,4,0,3,37,0,0,40,278.408
1223,40,0,3,1,167.93599724769592,4,4,0,3,37,0,0,40,278.408
1224,2,0,0,0,9.216000325977802,4,4,0,1,39,0,0,40,79.62
1224,2,0,1,0,84.99199897050858,4,4,0,1,39,0,0,40,79.62
1224,2,0,2,0,9.216000325977802,4,4,0,1,39,0,0,40,79.62
1224,2,0,3,0,5.119999870657921,4,4,0,1,39,0,0,40,79.62
1224,24,0,0,0,8.191999979317188,4,4,0,0,40,0,0,40,2.209
1224,24,0,1,0,89.08800035715103,4,4,0,0,40,0,0,40,2.209
1224,24,0,2,0,9.216000325977802,4,4,0,0,40,0,0,40,2.209
1224,24,0,3,0,4.095999989658594,4,4,0,0,40,0,0,40,2.209
1224,40,0,0,1,9.216000325977802,4,4,0,1,39,0,0,40,78.16
1224,40,0,1,1,100.35199671983719,4,4,0,1,39,0,0,40,78.16
1224,40,0,2,1,9.216000325977802,4,4,0,1,39,0,0,40,78.16
1224,40,0,3,1,4.095999989658594,4,4,0,1,39,0,0,40,78.16
1225,2,0,0,0,15.359999611973763,4,4,0,2,38,0,0,40,103.33
1225,2,0,1,0,73.72800260782242,4,4,0,2,38,0,0,40,103.33
1225,2,0,2,0,9.216000325977802,4,4,0,2,38,0,0,40,103.33
1225,2,0,3,0,5.119999870657921,4,4,0,2,38,0,0,40,103.33
1225,24,0,0,0,8.191999979317188,4,4,0,0,40,0,0,40,2.429
1225,24,0,1,0,72.7040022611618,4,4,0,0,40,0,0,40,2.429
1225,24,0,2,0,9.216000325977802,4,4,0,0,40,0,0,40,2.429
1225,24,0,3,0,3.0720001086592674,4,4,0,0,40,0,0,40,2.429
1225,40,0,0,1,14.336000196635723,4,4,0,1,39,0,0,40,92.25
1225,40,0,1,1,73.72800260782242,4,4,0,1,39,0,0,40,92.25
1225,40,0,2,1,9.216000325977802,4,4,0,1,39,0,0,40,92.25
1225,40,0,3,1,5.119999870657921,4,4,0,1,39,0,0,40,92.25
1226,2,0,0,0,13.311999849975109,4,4,0,0,40,0,0,40,2.87
1226,2,0,1,0,82.94399827718735,4,4,0,0,40,0,0,40,2.87
1226,2,0,2,0,9.216000325977802,4,4,0,0,40,0,0,40,2.87
1226,2,0,3,0,5.119999870657921,4,4,0,0,40,0,0,40,2.87
1226,24,0,0,0,8.191999979317188,4,4,0,0,40,0,0,40,2.46
1226,24,0,1,0,60.416001826524734,4,4,0,0,40,0,0,40,2.46
1226,24,0,2,0,8.191999979317188,4,4,0,0,40,0,0,40,2.46
1226,24,0,3,0,4.095999989658594,4,4,0,0,40,0,0,40,2.46
1226,40,0,0,1,8.191999979317188,4,4,0,0,40,0,0,40,1.869
1226,40,0,1,1,57.34400078654289,4,4,0,0,40,0,0,40,1.869
1226,40,0,2,1,9.216000325977802,4,4,0,0,40,0,0,40,1.869
1226,40,0,3,1,3.0720001086592674,4,4,0,0,40,0,0,40,1.869
1227,2,0,0,0,9.216000325977802,1,1,0,0,10,0,0,10,0.571
1227,2,0,1,0,31.74399957060814,1,1,0,0,10,0,0,10,0.571
1227,2,0,2,0,9.216000325977802,1,1,0,0,10,0,0,10,0.571
1227,2,0,3,0,5.119999870657921,1,1,0,0,10,0,0,10,0.571
1227,24,0,0,0,9.216000325977802,1,1,0,0,10,0,0,10,0.46
1227,24,0,1,0,31.74399957060814,1,1,0,0,10,0,0,10,0.46
1227,24,0,2,0,9.216000325977802,1,1,0,0,10,0,0,10,0.46
1227,24,0,3,0,5.119999870657921,1,1,0,0,10,0,0,10,0.46
1227,40,0,0,1,9.216000325977802,1,1,0,0,10,0,0,10,0.6
1227,40,0,1,1,34.81600061058998,1,1,0,0,10,0,0,10,0.6
1227,40,0,2,1,9.216000325977802,1,1,0,0,10,0,0,10,0.6
1227,40,0,3,1,4.095999989658594,1,1,0,0,10,0,0,10,0.6
1228,2,0,0,0,15.359999611973763,3,3,0,0,30,0,0,30,3.82
1228,2,0,1,0,62.463998794555664,3,3,0,0,30,0,0,30,3.82
1228,2,0,2,0,9.216000325977802,3,3,0,0,30,0,0,30,3.82
1228,2,0,3,0,5.119999870657921,3,3,0,0,30,0,0,30,3.82
1228,24,0,0,0,9.216000325977802,3,3,0,0,30,0,0,30,0.96
1228,24,0,1,0,52.22399905323982,3,3,0,0,30,0,0,30,0.96
1228,24,0,2,0,9.216000325977802,3,3,0,0,30,0,0,30,0.96
1228,24,0,3,0,4.095999989658594,3,3,0,0,30,0,0,30,0.96
1228,40,0,0,1,9.216000325977802,3,3,0,0,30,0,0,30,1.251
1228,40,0,1,1,56.32000043988228,3,3,0,0,30,0,0,30,1.251
1228,40,0,2,1,8.191999979317188,3,3,0,0,30,0,0,30,1.251
1228,40,0,3,1,4.095999989658594,3,3,0,0,30,0,0,30,1.251
1229,2,0,0,0,14.336000196635723,4,4,0,0,40,0,0,40,2.25
1229,2,0,1,0,76.80000364780426,4,4,0,0,40,0,0,40,2.25
1229,2,0,2,0,9.216000325977802,4,4,0,0,40,0,0,40,2.25
1229,2,0,3,0,7.168000098317862,4,4,0,0,40,0,0,40,2.25
1229,24,0,0,0,8.191999979317188,4,4,0,0,40,0,0,40,1.54
1229,24,0,1,0,69.63200122117996,4,4,0,0,40,0,0,40,1.54
1229,24,0,2,0,8.191999979317188,4,4,0,0,40,0,0,40,1.54
1229,24,0,3,0,4.095999989658594,4,4,0,0,40,0,0,40,1.54
1229,40,0,0,1,9.216000325977802,4,4,0,0,40,0,0,40,1.451
1229,40,0,1,1,72.7040022611618,4,4,0,0,40,0,0,40,1.451
1229,40,0,2,1,9.216000325977802,4,4,0,0,40,0,0,40,1.451
1229,40,0,3,1,4.095999989658594,4,4,0,0,40,0,0,40,1.451
1230,2,0,0,0,8.191999979317188,2,2,0,0,20,0,0,20,0.909
1230,2,0,1,0,44.03200000524521,2,2,0,0,20,0,0,20,0.909
1230,2,0,2,0,9.216000325977802,2,2,0,0,20,0,0,20,0.909
1230,2,0,3,0,5.119999870657921,2,2,0,0,20,0,0,20,0.909
1230,24,0,0,0,8.191999979317188,2,2,0,0,20,0,0,20,0.789
1230,24,0,1,0,47.10400104522705,2,2,0,0,20,0,0,20,0.789
1230,24,0,2,0,9.216000325977802,2,2,0,0,20,0,0,20,0.789
1230,24,0,3,0,4.095999989658594,2,2,0,0,20,0,0,20,0.789
1230,40,0,0,1,9.216000325977802,2,2,0,1,19,0,0,20,60.71
1230,40,0,1,1,41.98399931192398,2,2,0,1,19,0,0,20,60.71
1230,40,0,2,1,9.216000325977802,2,2,0,1,19,0,0,20,60.71
1230,40,0,3,1,4.095999989658594,2,2,0,1,19,0,0,20,60.71
1231,2,0,0,0,14.336000196635723,4,4,0,0,40,0,0,40,4.831
1231,2,0,1,0,79.8719972372055,4,4,0,0,40,0,0,40,4.831
1231,2,0,2,0,9.216000325977802,4,4,0,0,40,0,0,40,4.831
1231,2,0,3,0,7.168000098317862,4,4,0,0,40,0,0,40,4.831
1231,24,0,0,0,8.191999979317188,4,4,0,0,40,0,0,40,2.029
1231,24,0,1,0,79.8719972372055,4,4,0,0,40,0,0,40,2.029
1231,24,0,2,0,9.216000325977802,4,4,0,0,40,0,0,40,2.029
1231,24,0,3,0,4.095999989658594,4,4,0,0,40,0,0,40,2.029
1231,40,0,0,1,9.216000325977802,4,4,0,0,40,0,0,40,2.29
1231,40,0,1,1,82.94399827718735,4,4,0,0,40,0,0,40,2.29
1231,40,0,2,1,9.216000325977802,4,4,0,0,40,0,0,40,2.29
1231,40,0,3,1,4.095999989658594,4,4,0,0,40,0,0,40,2.29
1232,2,0,0,0,9.216000325977802,4,4,0,1,39,0,0,40,114.569
1232,2,0,1,0,86.01599931716919,4,4,0,1,39,0,0,40,114.569
1232,2,0,2,0,8.191999979317188,4,4,0,1,39,0,0,40,114.569
1232,2,0,3,0,12.28800043463707,4,4,0,1,39,0,0,40,114.569
1232,24,0,0,0,8.191999979317188,4,4,0,1,39,0,0,40,68.28
1232,24,0,1,0,62.463998794555664,4,4,0,1,39,0,0,40,68.28
1232,24,0,2,0,8.191999979317188,4,4,0,1,39,0,0,40,68.28
1232,24,0,3,0,4.095999989658594,4,4,0,1,39,0,0,40,68.28
1232,40,0,0,1,15.359999611973763,4,4,0,1,39,0,0,40,104.26
1232,40,0,1,1,67.58400052785873,4,4,0,1,39,0,0,40,104.26
1232,40,0,2,1,10.239999741315842,4,4,0,1,39,0,0,40,104.26
1232,40,0,3,1,12.28800043463707,4,4,0,1,39,0,0,40,104.26
1233,2,0,0,0,15.359999611973763,4,4,0,2,38,0,0,40,101.91
1233,2,0,1,0,78.84799689054489,4,4,0,2,38,0,0,40,101.91
1233,2,0,2,0,9.216000325977802,4,4,0,2,38,0,0,40,101.91
1233,2,0,3,0,5.119999870657921,4,4,0,2,38,0,0,40,101.91
1233,24,0,0,0,8.191999979317188,4,4,0,1,39,0,0,40,86.159
1233,24,0,1,0,74.75200295448303,4,4,0,1,39,0,0,40,86.159
1233,24,0,2,0,9.216000325977802,4,4,0,1,39,0,0,40,86.159
1233,24,0,3,0,4.095999989658594,4,4,0,1,39,0,0,40,86.159
1233,40,0,0,1,15.359999611973763,4,4,0,4,35,1,0,40,323.219
1233,40,0,1,1,59.39200147986412,4,4,0,4,35,1,0,40,323.219
1233,40,0,2,1,195.5839991569519,4,4,0,4,35,1,0,40,323.219
1233,40,0,3,1,46.08000069856644,4,4,0,4,35,1,0,40,323.219
1234,2,0,0,0,8.191999979317188,4,4,0,1,39,0,0,40,67.13
1234,2,0,1,0,79.8719972372055,4,4,0,1,39,0,0,40,67.13
1234,2,0,2,0,9.216000325977802,4,4,0,1,39,0,0,40,67.13
1234,2,0,3,0,4.095999989658594,4,4,0,1,39,0,0,40,67.13
1234,24,0,0,0,9.216000325977802,4,4,0,0,40,0,0,40,4.51
1234,24,0,1,0,78.84799689054489,4,4,0,0,40,0,0,40,4.51
1234,24,0,2,0,9.216000325977802,4,4,0,0,40,0,0,40,4.51
1234,24,0,3,0,4.095999989658594,4,4,0,0,40,0,0,40,4.51
1234,40,0,0,1,9.216000325977802,4,4,0,0,40,0,0,40,2.22
1234,40,0,1,1,63.48799914121628,4,4,0,0,40,0,0,40,2.22
1234,40,0,2,1,9.216000325977802,4,4,0,0,40,0,0,40,2.22
1234,40,0,3,1,5.119999870657921,4,4,0,0,40,0,0,40,2.22
1235,2,0,0,0,14.336000196635723,4,4,0,0,40,0,0,40,2.99
1235,2,0,1,0,89.08800035715103,4,4,0,0,40,0,0,40,2.99
1235,2,0,2,0,9.216000325977802,4,4,0,0,40,0,0,40,2.99
1235,2,0,3,0,4.095999989658594,4,4,0,0,40,0,0,40,2.99
1235,24,0,0,0,8.191999979317188,4,4,0,2,38,0,0,40,139.479
1235,24,0,1,0,54.27199974656105,4,4,0,2,38,0,0,40,139.479
1235,24,0,2,0,9.216000325977802,4,4,0,2,38,0,0,40,139.479
1235,24,0,3,0,69.63200122117996,4,4,0,2,38,0,0,40,139.479
1235,40,0,0,1,9.216000325977802,4,4,0,1,39,0,0,40,85.86
1235,40,0,1,1,81.91999793052673,4,4,0,1,39,0,0,40,85.86
1235,40,0,2,1,8.191999979317188,4,4,0,1,39,0,0,40,85.86
1235,40,0,3,1,4.095999989658594,4,4,0,1,39,0,0,40,85.86
1236,2,0,0,0,8.191999979317188,1,1,0,0,10,0,0,10,0.68
1236,2,0,1,0,31.74399957060814,1,1,0,0,10,0,0,10,0.68
1236,2,0,2,0,8.191999979317188,1,1,0,0,10,0,0,10,0.68
1236,2,0,3,0,5.119999870657921,1,1,0,0,10,0,0,10,0.68
1236,24,0,0,0,9.216000325977802,1,1,0,0,10,0,0,10,0.691
1236,24,0,1,0,31.74399957060814,1,1,0,0,10,0,0,10,0.691
1236,24,0,2,0,9.216000325977802,1,1,0,0,10,0,0,10,0.691
1236,24,0,3,0,4.095999989658594,1,1,0,0,10,0,0,10,0.691
1236,40,0,0,1,8.191999979317188,1,1,0,0,10,0,0,10,0.609
1236,40,0,1,1,34.81600061058998,1,1,0,0,10,0,0,10,0.609
1236,40,0,2,1,9.216000325977802,1,1,0,0,10,0,0,10,0.609
1236,40,0,3,1,3.0720001086592674,1,1,0,0,10,0,0,10,0.609
1237,2,0,0,0,15.359999611973763,4,4,0,1,39,0,0,40,186.059
1237,2,0,1,0,84.99199897050858,4,4,0,1,39,0,0,40,186.059
1237,2,0,2,0,8.191999979317188,4,4,0,1,39,0,0,40,186.059
1237,2,0,3,0,72.7040022611618,4,4,0,1,39,0,0,40,186.059
1237,24,0,0,0,9.216000325977802,4,4,0,0,40,0,0,40,2.571
1237,24,0,1,0,65.5359998345375,4,4,0,0,40,0,0,40,2.571
1237,24,0,2,0,8.191999979317188,4,4,0,0,40,0,0,40,2.571
1237,24,0,3,0,5.119999870657921,4,4,0,0,40,0,0,40,2.571
1237,40,0,0,1,9.216000325977802,4,4,0,1,39,0,0,40,96.9
1237,40,0,1,1,58.36800113320351,4,4,0,1,39,0,0,40,96.9
1237,40,0,2,1,9.216000325977802,4,4,0,1,39,0,0,40,96.9
1237,40,0,3,1,16.383999958634377,4,4,0,1,39,0,0,40,96.9
1238,2,0,0,0,9.216000325977802,1,1,0,0,10,0,0,10,0.489
1238,2,0,1,0,31.74399957060814,1,1,0,0,10,0,0,10,0.489
1238,2,0,2,0,9.216000325977802,1,1,0,0,10,0,0,10,0.489
1238,2,0,3,0,5.119999870657921,1,1,0,0,10,0,0,10,0.489
1238,24,0,0,0,8.191999979317188,1,1,0,0,10,0,0,10,0.69
1238,24,0,1,0,31.74399957060814,1,1,0,0,10,0,0,10,0.69
1238,24,0,2,0,9.216000325977802,1,1,0,0,10,0,0,10,0.69
1238,24,0,3,0,4.095999989658594,1,1,0,0,10,0,0,10,0.69
1238,40,0,0,1,9.216000325977802,1,1,0,0,10,0,0,10,0.411
1238,40,0,1,1,34.81600061058998,1,1,0,0,10,0,0,10,0.411
1238,40,0,2,1,9.216000325977802,1,1,0,0,10,0,0,10,0.411
1238,40,0,3,1,4.095999989658594,1,1,0,0,10,0,0,10,0.411
1239,2,0,0,0,9.216000325977802,4,4,0,2,38,0,0,40,77.24
1239,2,0,1,0,80.89599758386612,4,4,0,2,38,0,0,40,77.24
1239,2,0,2,0,9.216000325977802,4,4,0,2,38,0,0,40,77.24
1239,2,0,3,0,6.144000217318535,4,4,0,2,38,0,0,40,77.24
1239,24,0,0,0,8.191999979317188,4,4,0,0,40,0,0,40,2.18
1239,24,0,1,0,67.58400052785873,4,4,0,0,40,0,0,40,2.18
1239,24,0,2,0,9.216000325977802,4,4,0,0,40,0,0,40,2.18
1239,24,0,3,0,5.119999870657921,4,4,0,0,40,0,0,40,2.18
1239,40,0,0,1,14.336000196635723,4,4,0,2,38,0,0,40,120.009
1239,40,0,1,1,66.56000018119812,4,4,0,2,38,0,0,40,120.009
1239,40,0,2,1,9.216000325977802,4,4,0,2,38,0,0,40,120.009
1239,40,0,3,1,25.599999353289604,4,4,0,2,38,0,0,40,120.009
1240,2,0,0,0,9.216000325977802,4,4,0,2,38,0,0,40,112.689
1240,2,0,1,0,77.82399654388428,4,4,0,2,38,0,0,40,112.689
1240,2,0,2,0,9.216000325977802,4,4,0,2,38,0,0,40,112.689
1240,2,0,3,0,16.383999958634377,4,4,0,2,38,0,0,40,112.689
1240,24,0,0,0,8.191999979317188,4,4,0,0,40,0,0,40,2.091
1240,24,0,1,0,68.60800087451935,4,4,0,0,40,0,0,40,2.091
1240,24,0,2,0,8.191999979317188,4,4,0,0,40,0,0,40,2.091
1240,24,0,3,0,4.095999989658594,4,4,0,0,40,0,0,40,2.091
1240,40,0,0,1,9.216000325977802,4,4,0,0,40,0,0,40,4.56
1240,40,0,1,1,65.5359998345375,4,4,0,0,40,0,0,40,4.56
1240,40,0,2,1,9.216000325977802,4,4,0,0,40,0,0,40,4.56
1240,40,0,3,1,4.095999989658594,4,4,0,0,40,0,0,40,4.56
1241,2,0,0,0,8.191999979317188,3,3,0,1,29,0,0,30,226.169
1241,2,0,1,0,61.43999844789505,3,3,0,1,29,0,0,30,226.169
1241,2,0,2,0,9.216000325977802,3,3,0,1,29,0,0,30,226.169
1241,2,0,3,0,145.4080045223236,3,3,0,1,29,0,0,30,226.169
1241,24,0,0,0,10.239999741315842,3,3,0,0,30,0,0,30,1.651
1241,24,0,1,0,51.19999870657921,3,3,0,0,30,0,0,30,1.651
1241,24,0,2,0,8.191999979317188,3,3,0,0,30,0,0,30,1.651
1241,24,0,3,0,4.095999989658594,3,3,0,0,30,0,0,30,1.651
1241,40,0,0,1,9.216000325977802,3,3,0,0,30,0,0,30,3.31
1241,40,0,1,1,60.416001826524734,3,3,0,0,30,0,0,30,3.31
1241,40,0,2,1,9.216000325977802,3,3,0,0,30,0,0,30,3.31
1241,40,0,3,1,4.095999989658594,3,3,0,0,30,0,0,30,3.31
1242,2,0,0,0,9.216000325977802,2,2,0,0,20,0,0,20,1.07
1242,2,0,1,0,45.05600035190582,2,2,0,0,20,0,0,20,1.07
1242,2,0,2,0,8.191999979317188,2,2,0,0,20,0,0,20,1.07
1242,2,0,3,0,5.119999870657921,2,2,0,0,20,0,0,20,1.07
1242,24,0,0,0,8.191999979317188,2,2,0,0,20,0,0,20,1.11
1242,24,0,1,0,53.247999399900436,2,2,0,0,20,0,0,20,1.11
1242,24,0,2,0,9.216000325977802,2,2,0,0,20,0,0,20,1.11
1242,24,0,3,0,4.095999989658594,2,2,0,0,20,0,0,20,1.11
1242,40,0,0,1,8.191999979317188,2,2,0,0,20,0,0,20,3.111
1242,40,0,1,1,46.08000069856644,2,2,0,0,20,0,0,20,3.111
1242,40,0,2,1,9.216000325977802,2,2,0,0,20,0,0,20,3.111
1242,40,0,3,1,4.095999989658594,2,2,0,0,20,0,0,20,3.111
1243,2,0,0,0,9.216000325977802,2,2,0,0,20,0,0,20,1.3
1243,2,0,1,0,50.175998359918594,2,2,0,0,20,0,0,20,1.3
1243,2,0,2,0,9.216000325977802,2,2,0,0,20,0,0,20,1.3
1243,2,0,3,0,5.119999870657921,2,2,0,0,20,0,0,20,1.3
1243,24,0,0,0,8.191999979317188,2,2,0,0,20,0,0,20,1.029
1243,24,0,1,0,45.05600035190582,2,2,0,0,20,0,0,20,1.029
1243,24,0,2,0,9.216000325977802,2,2,0,0,20,0,0,20,1.029
1243,24,0,3,0,4.095999989658594,2,2,0,0,20,0,0,20,1.029
1243,40,0,0,1,8.191999979317188,2,2,0,0,20,0,0,20,1.009
1243,40,0,1,1,41.98399931192398,2,2,0,0,20,0,0,20,1.009
1243,40,0,2,1,9.216000325977802,2,2,0,0,20,0,0,20,1.009
1243,40,0,3,1,4.095999989658594,2,2,0,0,20,0,0,20,1.009
1244,2,0,0,0,15.359999611973763,1,1,0,1,9,0,0,10,62.12
1244,2,0,1,0,30.719999223947525,1,1,0,1,9,0,0,10,62.12
1244,2,0,2,0,9.216000325977802,1,1,0,1,9,0,0,10,62.12
1244,2,0,3,0,5.119999870657921,1,1,0,1,9,0,0,10,62.12
1244,24,0,0,0,9.216000325977802,1,1,0,0,10,0,0,10,0.6
1244,24,0,1,0,31.74399957060814,1,1,0,0,10,0,0,10,0.6
1244,24,0,2,0,9.216000325977802,1,1,0,0,10,0,0,10,0.6
1244,24,0,3,0,4.095999989658594,1,1,0,0,10,0,0,10,0.6
1244,40,0,0,1,23.552000522613525,1,1,0,0,10,0,0,10,0.82
1244,40,0,1,1,35.840000957250595,1,1,0,0,10,0,0,10,0.82
1244,40,0,2,1,9.216000325977802,1,1,0,0,10,0,0,10,0.82
1244,40,0,3,1,4.095999989658594,1,1,0,0,10,0,0,10,0.82
1245,2,0,0,0,9.216000325977802,2,2,0,0,20,0,0,20,1.1
1245,2,0,1,0,48.128001391887665,2,2,0,0,20,0,0,20,1.1
1245,2,0,2,0,9.216000325977802,2,2,0,0,20,0,0,20,1.1
1245,2,0,3,0,5.119999870657921,2,2,0,0,20,0,0,20,1.1
1245,24,0,0,0,8.191999979317188,2,2,0,0,20,0,0,20,1.11
1245,24,0,1,0,51.19999870657921,2,2,0,0,20,0,0,20,1.11
1245,24,0,2,0,9.216000325977802,2,2,0,0,20,0,0,20,1.11
1245,24,0,3,0,4.095999989658594,2,2,0,0,20,0,0,20,1.11
1245,40,0,0,1,9.216000325977802,2,2,0,0,20,0,0,20,0.909
1245,40,0,1,1,55.296000093221664,2,2,0,0,20,0,0,20,0.909
1245,40,0,2,1,9.216000325977802,2,2,0,0,20,0,0,20,0.909
1245,40,0,3,1,4.095999989658594,2,2,0,0,20,0,0,20,0.909
1246,2,0,0,0,15.359999611973763,4,4,0,0,40,0,0,40,2.431
1246,2,0,1,0,71.68000191450119,4,4,0,0,40,0,0,40,2.431
1246,2,0,2,0,9.216000325977802,4,4,0,0,40,0,0,40,2.431
1246,2,0,3,0,4.095999989658594,4,4,0,0,40,0,0,40,2.431
1246,24,0,0,0,8.191999979317188,4,4,0,0,40,0,0,40,2.571
1246,24,0,1,0,81.91999793052673,4,4,0,0,40,0,0,40,2.571
1246,24,0,2,0,9.216000325977802,4,4,0,0,40,0,0,40,2.571
1246,24,0,3,0,4.095999989658594,4,4,0,0,40,0,0,40,2.571
1246,40,0,0,1,8.191999979317188,4,4,0,1,39,0,0,40,95.88
1246,40,0,1,1,90.11200070381165,4,4,0,1,39,0,0,40,95.88
1246,40,0,2,1,9.216000325977802,4,4,0,1,39,0,0,40,95.88
1246,40,0,3,1,4.095999989658594,4,4,0,1,39,0,0,40,95.88
1247,2,0,0,0,15.359999611973763,4,4,0,0,40,0,0,40,2.6
1247,2,0,1,0,81.91999793052673,4,4,0,0,40,0,0,40,2.6
1247,2,0,2,0,8.191999979317188,4,4,0,0,40,0,0,40,2.6
1247,2,0,3,0,4.095999989658594,4,4,0,0,40,0,0,40,2.6
1247,24,0,0,0,8.191999979317188,4,4,0,0,40,0,0,40,4.76
1247,24,0,1,0,72.7040022611618,4,4,0,0,40,0,0,40,4.76
1247,24,0,2,0,9.216000325977802,4,4,0,0,40,0,0,40,4.76
1247,24,0,3,0,4.095999989658594,4,4,0,0,40,0,0,40,4.76
1247,40,0,0,1,9.216000325977802,4,4,0,0,40,0,0,40,2.229
1247,40,0,1,1,55.296000093221664,4,4,0,0,40,0,0,40,2.229
1247,40,0,2,1,9.216000325977802,4,4,0,0,40,0,0,40,2.229
1247,40,0,3,1,4.095999989658594,4,4,0,0,40,0,0,40,2.229
1248,2,0,0,0,8.191999979317188,4,4,0,1,39,0,0,40,94.019
1248,2,0,1,0,78.84799689054489,4,4,0,1,39,0,0,40,94.019
1248,2,0,2,0,8.191999979317188,4,4,0,1,39,0,0,40,94.019
1248,2,0,3,0,7.168000098317862,4,4,0,1,39,0,0,40,94.019
1248,24,0,0,0,9.216000325977802,4,4,0,0,40,0,0,40,1.9
1248,24,0,1,0,71.68000191450119,4,4,0,0,40,0,0,40,1.9
1248,24,0,2,0,9.216000325977802,4,4,0,0,40,0,0,40,1.9
1248,24,0,3,0,4.095999989658594,4,4,0,0,40,0,0,40,1.9
1248,40,0,0,1,14.336000196635723,4,4,0,1,39,0,0,40,106.42
1248,40,0,1,1,94.2080020904541,4,4,0,1,39,0,0,40,106.42
1248,40,0,2,1,8.191999979317188,4,4,0,1,39,0,0,40,106.42
1248,40,0,3,1,4.095999989658594,4,4,0,1,39,0,0,40,106.42
1249,2,0,0,0,8.191999979317188,4,4,0,1,39,0,0,40,104.299
1249,2,0,1,0,70.65600156784058,4,4,0,1,39,0,0,40,104.299
1249,2,0,2,0,9.216000325977802,4,4,0,1,39,0,0,40,104.299
1249,2,0,3,0,13.311999849975109,4,4,0,1,39,0,0,40,104.299
1249,24,0,0,0,8.191999979317188,4,4,0,0,40,0,0,40,2.89
1249,24,0,1,0,71.68000191450119,4,4,0,0,40,0,0,40,2.89
1249,24,0,2,0,9.216000325977802,4,4,0,0,40,0,0,40,2.89
1249,24,0,3,0,4.095999989658594,4,4,0,0,40,0,0,40,2.89
1249,40,0,0,1,9.216000325977802,4,4,0,0,40,0,0,40,2.6
1249,40,0,1,1,78.84799689054489,4,4,0,0,40,0,0,40,2.6
1249,40,0,2,1,9.216000325977802,4,4,0,0,40,0,0,40,2.6
1249,40,0,3,1,4.095999989658594,4,4,0,0,40,0,0,40,2.6
1250,2,0,0,0,16.383999958634377,4,4,0,1,39,0,0,40,146.579
1250,2,0,1,0,84.99199897050858,4,4,0,1,39,0,0,40,146.579
1250,2,0,2,0,9.216000325977802,4,4,0,1,39,0,0,40,146.579
1250,2,0,3,0,33.79200026392937,4,4,0,1,39,0,0,40,146.579
1250,24,0,0,0,8.191999979317188,4,4,0,1,39,0,0,40,68.829
1250,24,0,1,0,64.51199948787689,4,4,0,1,39,0,0,40,68.829
1250,24,0,2,0,9.216000325977802,4,4,0,1,39,0,0,40,68.829
1250,24,0,3,0,4.095999989658594,4,4,0,1,39,0,0,40,68.829
1250,40,0,0,1,9.216000325977802,4,4,0,0,40,0,0,40,1.949
1250,40,0,1,1,56.32000043988228,4,4,0,0,40,0,0,40,1.949
1250,40,0,2,1,9.216000325977802,4,4,0,0,40,0,0,40,1.949
1250,40,0,3,1,4.095999989658594,4,4,0,0,40,0,0,40,1.949
1251,2,0,0,0,8.191999979317188,1,1,0,0,10,0,0,10,0.96
1251,2,0,1,0,31.74399957060814,1,1,0,0,10,0,0,10,0.96
1251,2,0,2,0,8.191999979317188,1,1,0,0,10,0,0,10,0.96
1251,2,0,3,0,5.119999870657921,1,1,0,0,10,0,0,10,0.96
1251,24,0,0,0,9.216000325977802,1,1,0,0,10,0,0,10,0.509
1251,24,0,1,0,32.76799991726875,1,1,0,0,10,0,0,10,0.509
1251,24,0,2,0,9.216000325977802,1,1,0,0,10,0,0,10,0.509
1251,24,0,3,0,4.095999989658594,1,1,0,0,10,0,0,10,0.509
1251,40,0,0,1,9.216000325977802,1,1,0,0,10,0,0,10,0.54
1251,40,0,1,1,35.840000957250595,1,1,0,0,10,0,0,10,0.54
1251,40,0,2,1,9.216000325977802,1,1,0,0,10,0,0,10,0.54
1251,40,0,3,1,4.095999989658594,1,1,0,0,10,0,0,10,0.54
1252,2,0,0,0,15.359999611973763,4,4,0,0,40,0,0,40,2.7
1252,2,0,1,0,95.23200243711472,4,4,0,0,40,0,0,40,2.7
1252,2,0,2,0,9.216000325977802,4,4,0,0,40,0,0,40,2.7
1252,2,0,3,0,4.095999989658594,4,4,0,0,40,0,0,40,2.7
1252,24,0,0,0,8.191999979317188,4,4,0,0,40,0,0,40,2.26
1252,24,0,1,0,69.63200122117996,4,4,0,0,40,0,0,40,2.26
1252,24,0,2,0,8.191999979317188,4,4,0,0,40,0,0,40,2.26
1252,24,0,3,0,4.095999989658594,4,4,0,0,40,0,0,40,2.26
1252,40,0,0,1,9.216000325977802,4,4,0,0,40,0,0,40,3.869
1252,40,0,1,1,59.39200147986412,4,4,0,0,40,0,0,40,3.869
1252,40,0,2,1,9.216000325977802,4,4,0,0,40,0,0,40,3.869
1252,40,0,3,1,4.095999989658594,4,4,0,0,40,0,0,40,3.869
1253,2,0,0,0,15.359999611973763,4,4,0,2,38,0,0,40,70.76
1253,2,0,1,0,77.82399654388428,4,4,0,2,38,0,0,40,70.76
1253,2,0,2,0,9.216000325977802,4,4,0,2,38,0,0,40,70.76
1253,2,0,3,0,6.144000217318535,4,4,0,2,38,0,0,40,70.76
1253,24,0,0,0,8.191999979317188,4,4,0,0,40,0,0,40,3.74
1253,24,0,1,0,63.48799914121628,4,4,0,0,40,0,0,40,3.74
1253,24,0,2,0,8.191999979317188,4,4,0,0,40,0,0,40,3.74
1253,24,0,3,0,4.095999989658594,4,4,0,0,40,0,0,40,3.74
1253,40,0,0,1,8.191999979317188,4,4,0,0,40,0,0,40,1.869
1253,40,0,1,1,45.05600035190582,4,4,0,0,40,0,0,40,1.869
1253,40,0,2,1,9.216000325977802,4,4,0,0,40,0,0,40,1.869
1253,40,0,3,1,4.095999989658594,4,4,0,0,40,0,0,40,1.869
1254,2,0,0,0,9.216000325977802,4,4,0,3,37,0,0,40,142.259
1254,2,0,1,0,75.77600330114365,4,4,0,3,37,0,0,40,142.259
1254,2,0,2,0,10.239999741315842,4,4,0,3,37,0,0,40,142.259
1254,2,0,3,0,44.03200000524521,4,4,0,3,37,0,0,40,142.259
1254,24,0,0,0,8.191999979317188,4,4,0,0,40,0,0,40,3.72
1254,24,0,1,0,63.48799914121628,4,4,0,0,40,0,0,40,3.72
1254,24,0,2,0,9.216000325977802,4,4,0,0,40,0,0,40,3.72
1254,24,0,3,0,4.095999989658594,4,4,0,0,40,0,0,40,3.72
1254,40,0,0,1,8.191999979317188,4,4,0,4,36,0,0,40,169.989
1254,40,0,1,1,46.08000069856644,4,4,0,4,36,0,0,40,169.989
1254,40,0,2,1,8.191999979317188,4,4,0,4,36,0,0,40,169.989
1254,40,0,3,1,101.3759970664978,4,4,0,4,36,0,0,40,169.989
1255,2,0,0,0,9.216000325977802,3,3,0,1,29,0,0,30,56.629
1255,2,0,1,0,65.5359998345375,3,3,0,1,29,0,0,30,56.629
1255,2,0,2,0,9.216000325977802,3,3,0,1,29,0,0,30,56.629
1255,2,0,3,0,5.119999870657921,3,3,0,1,29,0,0,30,56.629
1255,24,0,0,0,9.216000325977802,3,3,0,0,30,0,0,30,1.46
1255,24,0,1,0,52.22399905323982,3,3,0,0,30,0,0,30,1.46
1255,24,0,2,0,9.216000325977802,3,3,0,0,30,0,0,30,1.46
1255,24,0,3,0,4.095999989658594,3,3,0,0,30,0,0,30,1.46
1255,40,0,0,1,15.359999611973763,3,3,0,1,29,0,0,30,70.94
1255,40,0,1,1,52.22399905323982,3,3,0,1,29,0,0,30,70.94
1255,40,0,2,1,9.216000325977802,3,3,0,1,29,0,0,30,70.94
1255,40,0,3,1,4.095999989658594,3,3,0,1,29,0,0,30,70.94
1256,2,0,0,0,9.216000325977802,4,4,0,1,39,0,0,40,70.02
1256,2,0,1,0,77.82399654388428,4,4,0,1,39,0,0,40,70.02
1256,2,0,2,0,9.216000325977802,4,4,0,1,39,0,0,40,70.02
1256,2,0,3,0,4.095999989658594,4,4,0,1,39,0,0,40,70.02
1256,24,0,0,0,8.191999979317188,4,4,0,0,40,0,0,40,2.391
1256,24,0,1,0,73.72800260782242,4,4,0,0,40,0,0,40,2.391
1256,24,0,2,0,9.216000325977802,4,4,0,0,40,0,0,40,2.391
1256,24,0,3,0,4.095999989658594,4,4,0,0,40,0,0,40,2.391
1256,40,0,0,1,9.216000325977802,4,4,0,0,40,0,0,40,2.169
1256,40,0,1,1,73.72800260782242,4,4,0,0,40,0,0,40,2.169
1256,40,0,2,1,9.216000325977802,4,4,0,0,40,0,0,40,2.169
1256,40,0,3,1,3.0720001086592674,4,4,0,0,40,0,0,40,2.169
1257,2,0,0,0,15.359999611973763,4,4,0,1,39,0,0,40,69.95
1257,2,0,1,0,87.0399996638298,4,4,0,1,39,0,0,40,69.95
1257,2,0,2,0,9.216000325977802,4,4,0,1,39,0,0,40,69.95
1257,2,0,3,0,5.119999870657921,4,4,0,1,39,0,0,40,69.95
1257,24,0,0,0,8.191999979317188,4,4,0,2,38,0,0,40,167.879
1257,24,0,1,0,67.58400052785873,4,4,0,2,38,0,0,40,167.879
1257,24,0,2,0,9.216000325977802,4,4,0,2,38,0,0,40,167.879
1257,24,0,3,0,79.8719972372055,4,4,0,2,38,0,0,40,167.879
1257,40,0,0,1,16.383999958634377,4,4,0,1,39,0,0,40,107.54
1257,40,0,1,1,64.51199948787689,4,4,0,1,39,0,0,40,107.54
1257,40,0,2,1,9.216000325977802,4,4,0,1,39,0,0,40,107.54
1257,40,0,3,1,19.45599913597107,4,4,0,1,39,0,0,40,107.54
1258,2,0,0,0,13.311999849975109,4,4,0,0,40,0,0,40,4.011
1258,2,0,1,0,80.89599758386612,4,4,0,0,40,0,0,40,4.011
1258,2,0,2,0,9.216000325977802,4,4,0,0,40,0,0,40,4.011
1258,2,0,3,0,5.119999870657921,4,4,0,0,40,0,0,40,4.011
1258,24,0,0,0,9.216000325977802,4,4,0,0,40,0,0,40,3.889
1258,24,0,1,0,68.60800087451935,4,4,0,0,40,0,0,40,3.889
1258,24,0,2,0,9.216000325977802,4,4,0,0,40,0,0,40,3.889
1258,24,0,3,0,4.095999989658594,4,4,0,0,40,0,0,40,3.889
1258,40,0,0,1,8.191999979317188,4,4,0,0,40,0,0,40,2.31
1258,40,0,1,1,61.43999844789505,4,4,0,0,40,0,0,40,2.31
1258,40,0,2,1,8.191999979317188,4,4,0,0,40,0,0,40,2.31
1258,40,0,3,1,4.095999989658594,4,4,0,0,40,0,0,40,2.31
1259,2,0,0,0,13.311999849975109,4,4,0,0,40,0,0,40,4.64
1259,2,0,1,0,79.8719972372055,4,4,0,0,40,0,0,40,4.64
1259,2,0,2,0,9.216000325977802,4,4,0,0,40,0,0,40,4.64
1259,2,0,3,0,4.095999989658594,4,4,0,0,40,0,0,40,4.64
1259,24,0,0,0,7.168000098317862,4,4,0,0,40,0,0,40,4.391
1259,24,0,1,0,61.43999844789505,4,4,0,0,40,0,0,40,4.391
1259,24,0,2,0,8.191999979317188,4,4,0,0,40,0,0,40,4.391
1259,24,0,3,0,4.095999989658594,4,4,0,0,40,0,0,40,4.391
1259,40,0,0,1,16.383999958634377,4,4,0,1,39,0,0,40,74.58
1259,40,0,1,1,61.43999844789505,4,4,0,1,39,0,0,40,74.58
1259,40,0,2,1,9.216000325977802,4,4,0,1,39,0,0,40,74.58
1259,40,0,3,1,4.095999989658594,4,4,0,1,39,0,0,40,74.58
1260,2,0,0,0,8.191999979317188,3,3,0,2,28,0,0,30,103.35
1260,2,0,1,0,62.463998794555664,3,3,0,2,28,0,0,30,103.35
1260,2,0,2,0,9.216000325977802,3,3,0,2,28,0,0,30,103.35
1260,2,0,3,0,21.503999829292297,3,3,0,2,28,0,0,30,103.35
1260,24,0,0,0,9.216000325977802,3,3,0,0,30,0,0,30,1.38
1260,24,0,1,0,59.39200147986412,3,3,0,0,30,0,0,30,1.38
1260,24,0,2,0,8.191999979317188,3,3,0,0,30,0,0,30,1.38
1260,24,0,3,0,4.095999989658594,3,3,0,0,30,0,0,30,1.38
1260,40,0,0,1,9.216000325977802,3,3,0,0,30,0,0,30,1.62
1260,40,0,1,1,58.36800113320351,3,3,0,0,30,0,0,30,1.62
1260,40,0,2,1,9.216000325977802,3,3,0,0,30,0,0,30,1.62
1260,40,0,3,1,4.095999989658594,3,3,0,0,30,0,0,30,1.62
1261,2,0,0,0,8.191999979317188,1,1,0,1,9,0,0,10,54.011
1261,2,0,1,0,30.719999223947525,1,1,0,1,9,0,0,10,54.011
1261,2,0,2,0,9.216000325977802,1,1,0,1,9,0,0,10,54.011
1261,2,0,3,0,4.095999989658594,1,1,0,1,9,0,0,10,54.011
1261,24,0,0,0,9.216000325977802,1,1,0,0,10,0,0,10,0.5
1261,24,0,1,0,30.719999223947525,1,1,0,0,10,0,0,10,0.5
1261,24,0,2,0,8.191999979317188,1,1,0,0,10,0,0,10,0.5
1261,24,0,3,0,3.0720001086592674,1,1,0,0,10,0,0,10,0.5
1261,40,0,0,1,9.216000325977802,1,1,0,0,10,0,0,10,0.87
1261,40,0,1,1,34.81600061058998,1,1,0,0,10,0,0,10,0.87
1261,40,0,2,1,9.216000325977802,1,1,0,0,10,0,0,10,0.87
1261,40,0,3,1,4.095999989658594,1,1,0,0,10,0,0,10,0.87
1262,2,0,0,0,8.191999979317188,2,2,0,1,19,0,0,20,45.42
1262,2,0,1,0,50.175998359918594,2,2,0,1,19,0,0,20,45.42
1262,2,0,2,0,8.191999979317188,2,2,0,1,19,0,0,20,45.42
1262,2,0,3,0,5.119999870657921,2,2,0,1,19,0,0,20,45.42
1262,24,0,0,0,9.216000325977802,2,2,0,1,19,0,0,20,57.63
1262,24,0,1,0,40.95999896526337,2,2,0,1,19,0,0,20,57.63
1262,24,0,2,0,9.216000325977802,2,2,0,1,19,0,0,20,57.63
1262,24,0,3,0,4.095999989658594,2,2,0,1,19,0,0,20,57.63
1262,40,0,0,1,9.216000325977802,2,2,0,0,20,0,0,20,0.84
1262,40,0,1,1,44.03200000524521,2,2,0,0,20,0,0,20,0.84
1262,40,0,2,1,10.239999741315842,2,2,0,0,20,0,0,20,0.84
1262,40,0,3,1,4.095999989658594,2,2,0,0,20,0,0,20,0.84
1263,2,0,0,0,8.191999979317188,2,2,0,0,20,0,0,20,1.14
1263,2,0,1,0,53.247999399900436,2,2,0,0,20,0,0,20,1.14
1263,2,0,2,0,9.216000325977802,2,2,0,0,20,0,0,20,1.14
1263,2,0,3,0,5.119999870657921,2,2,0,0,20,0,0,20,1.14
1263,24,0,0,0,8.191999979317188,2,2,0,1,19,0,0,20,53.56
1263,24,0,1,0,44.03200000524521,2,2,0,1,19,0,0,20,53.56
1263,24,0,2,0,9.216000325977802,2,2,0,1,19,0,0,20,53.56
1263,24,0,3,0,4.095999989658594,2,2,0,1,19,0,0,20,53.56
1263,40,0,0,1,9.216000325977802,2,2,0,0,20,0,0,20,1.1
1263,40,0,1,1,53.247999399900436,2,2,0,0,20,0,0,20,1.1
1263,40,0,2,1,9.216000325977802,2,2,0,0,20,0,0,20,1.1
1263,40,0,3,1,3.0720001086592674,2,2,0,0,20,0,0,20,1.1
1264,2,0,0,0,9.216000325977802,4,4,0,0,40,0,0,40,4.88
1264,2,0,1,0,89.08800035715103,4,4,0,0,40,0,0,40,4.88
1264,2,0,2,0,9.216000325977802,4,4,0,0,40,0,0,40,4.88
1264,2,0,3,0,5.119999870657921,4,4,0,0,40,0,0,40,4.88
1264,24,0,0,0,8.191999979317188,4,4,0,1,39,0,0,40,439.869
1264,24,0,1,0,78.84799689054489,4,4,0,1,39,0,0,40,439.869
1264,24,0,2,0,9.216000325977802,4,4,0,1,39,0,0,40,439.869
1264,24,0,3,0,339.9679958820343,4,4,0,1,39,0,0,40,439.869
1264,40,0,0,1,9.216000325977802,4,4,0,0,40,0,0,40,1.91
1264,40,0,1,1,69.63200122117996,4,4,0,0,40,0,0,40,1.91
1264,40,0,2,1,9.216000325977802,4,4,0,0,40,0,0,40,1.91
1264,40,0,3,1,4.095999989658594,4,4,0,0,40,0,0,40,1.91
1265,2,0,0,0,15.359999611973763,3,3,0,0,30,0,0,30,4.091
1265,2,0,1,0,71.68000191450119,3,3,0,0,30,0,0,30,4.091
1265,2,0,2,0,9.216000325977802,3,3,0,0,30,0,0,30,4.091
1265,2,0,3,0,5.119999870657921,3,3,0,0,30,0,0,30,4.091
1265,24,0,0,0,9.216000325977802,3,3,0,0,30,0,0,30,1.65
1265,24,0,1,0,56.32000043988228,3,3,0,0,30,0,0,30,1.65
1265,24,0,2,0,9.216000325977802,3,3,0,0,30,0,0,30,1.65
1265,24,0,3,0,4.095999989658594,3,3,0,0,30,0,0,30,1.65
1265,40,0,0,1,8.191999979317188,3,3,0,1,29,0,0,30,77.06
1265,40,0,1,1,61.43999844789505,3,3,0,1,29,0,0,30,77.06
1265,40,0,2,1,8.191999979317188,3,3,0,1,29,0,0,30,77.06
1265,40,0,3,1,4.095999989658594,3,3,0,1,29,0,0,30,77.06
1266,2,0,0,0,15.359999611973763,4,4,0,0,40,0,0,40,2.68
1266,2,0,1,0,81.91999793052673,4,4,0,0,40,0,0,40,2.68
1266,2,0,2,0,9.216000325977802,4,4,0,0,40,0,0,40,2.68
1266,2,0,3,0,6.144000217318535,4,4,0,0,40,0,0,40,2.68
1266,24,0,0,0,9.216000325977802,4,4,0,1,39,0,0,40,68.819
1266,24,0,1,0,75.77600330114365,4,4,0,1,39,0,0,40,68.819
1266,24,0,2,0,9.216000325977802,4,4,0,1,39,0,0,40,68.819
1266,24,0,3,0,4.095999989658594,4,4,0,1,39,0,0,40,68.819
1266,40,0,0,1,9.216000325977802,4,4,0,0,40,0,0,40,3.78
1266,40,0,1,1,73.72800260782242,4,4,0,0,40,0,0,40,3.78
1266,40,0,2,1,9.216000325977802,4,4,0,0,40,0,0,40,3.78
1266,40,0,3,1,4.095999989658594,4,4,0,0,40,0,0,40,3.78
1267,2,0,0,0,15.359999611973763,4,4,0,0,40,0,0,40,2.209
1267,2,0,1,0,76.80000364780426,4,4,0,0,40,0,0,40,2.209
1267,2,0,2,0,9.216000325977802,4,4,0,0,40,0,0,40,2.209
1267,2,0,3,0,5.119999870657921,4,4,0,0,40,0,0,40,2.209
1267,24,0,0,0,8.191999979317188,4,4,0,0,40,0,0,40,2.24
1267,24,0,1,0,71.68000191450119,4,4,0,0,40,0,0,40,2.24
1267,24,0,2,0,9.216000325977802,4,4,0,0,40,0,0,40,2.24
1267,24,0,3,0,3.0720001086592674,4,4,0,0,40,0,0,40,2.24
1267,40,0,0,1,8.191999979317188,4,4,0,0,40,0,0,40,2.02
1267,40,0,1,1,58.36800113320351,4,4,0,0,40,0,0,40,2.02
1267,40,0,2,1,10.239999741315842,4,4,0,0,40,0,0,40,2.02
1267,40,0,3,1,4.095999989658594,4,4,0,0,40,0,0,40,2.02
1268,2,0,0,0,14.336000196635723,3,3,0,1,29,0,0,30,69.03
1268,2,0,1,0,70.65600156784058,3,3,0,1,29,0,0,30,69.03
1268,2,0,2,0,8.191999979317188,3,3,0,1,29,0,0,30,69.03
1268,2,0,3,0,5.119999870657921,3,3,0,1,29,0,0,30,69.03
1268,24,0,0,0,9.216000325977802,3,3,0,0,30,0,0,30,1.3
1268,24,0,1,0,48.128001391887665,3,3,0,0,30,0,0,30,1.3
1268,24,0,2,0,9.216000325977802,3,3,0,0,30,0,0,30,1.3
1268,24,0,3,0,4.095999989658594,3,3,0,0,30,0,0,30,1.3
1268,40,0,0,1,9.216000325977802,3,3,0,0,30,0,0,30,2.0
1268,40,0,1,1,71.68000191450119,3,3,0,0,30,0,0,30,2.0
1268,40,0,2,1,9.216000325977802,3,3,0,0,30,0,0,30,2.0
1268,40,0,3,1,4.095999989658594,3,3,0,0,30,0,0,30,2.0
1269,2,0,0,0,14.336000196635723,4,4,0,0,40,0,0,40,2.45
1269,2,0,1,0,86.01599931716919,4,4,0,0,40,0,0,40,2.45
1269,2,0,2,0,9.216000325977802,4,4,0,0,40,0,0,40,2.45
1269,2,0,3,0,6.144000217318535,4,4,0,0,40,0,0,40,2.45
1269,24,0,0,0,8.191999979317188,4,4,0,1,39,0,0,40,67.07
1269,24,0,1,0,65.5359998345375,4,4,0,1,39,0,0,40,67.07
1269,24,0,2,0,8.191999979317188,4,4,0,1,39,0,0,40,67.07
1269,24,0,3,0,3.0720001086592674,4,4,0,1,39,0,0,40,67.07
1269,40,0,0,1,9.216000325977802,4,4,0,0,40,0,0,40,3.57
1269,40,0,1,1,56.32000043988228,4,4,0,0,40,0,0,40,3.57
1269,40,0,2,1,9.216000325977802,4,4,0,0,40,0,0,40,3.57
1269,40,0,3,1,5.119999870657921,4,4,0,0,40,0,0,40,3.57
1270,2,0,0,0,8.191999979317188,1,1,0,0,10,0,0,10,0.58
1270,2,0,1,0,31.74399957060814,1,1,0,0,10,0,0,10,0.58
1270,2,0,2,0,9.216000325977802,1,1,0,0,10,0,0,10,0.58
1270,2,0,3,0,4.095999989658594,1,1,0,0,10,0,0,10,0.58
1270,24,0,0,0,8.191999979317188,1,1,0,0,10,0,0,10,2.269
1270,24,0,1,0,31.74399957060814,1,1,0,0,10,0,0,10,2.269
1270,24,0,2,0,9.216000325977802,1,1,0,0,10,0,0,10,2.269
1270,24,0,3,0,4.095999989658594,1,1,0,0,10,0,0,10,2.269
1270,40,0,0,1,8.191999979317188,1,1,0,0,10,0,0,10,0.609
1270,40,0,1,1,34.81600061058998,1,1,0,0,10,0,0,10,0.609
1270,40,0,2,1,8.191999979317188,1,1,0,0,10,0,0,10,0.609
1270,40,0,3,1,4.095999989658594,1,1,0,0,10,0,0,10,0.609
1271,2,0,0,0,9.216000325977802,4,4,0,1,39,0,0,40,74.31
1271,2,0,1,0,71.68000191450119,4,4,0,1,39,0,0,40,74.31
1271,2,0,2,0,9.216000325977802,4,4,0,1,39,0,0,40,74.31
1271,2,0,3,0,5.119999870657921,4,4,0,1,39,0,0,40,74.31
1271,24,0,0,0,7.168000098317862,4,4,0,0,40,0,0,40,1.77
1271,24,0,1,0,62.463998794555664,4,4,0,0,40,0,0,40,1.77
1271,24,0,2,0,8.191999979317188,4,4,0,0,40,0,0,40,1.77
1271,24,0,3,0,3.0720001086592674,4,4,0,0,40,0,0,40,1.77
1271,40,0,0,1,15.359999611973763,4,4,0,1,39,0,0,40,82.65
1271,40,0,1,1,61.43999844789505,4,4,0,1,39,0,0,40,82.65
1271,40,0,2,1,9.216000325977802,4,4,0,1,39,0,0,40,82.65
1271,40,0,3,1,4.095999989658594,4,4,0,1,39,0,0,40,82.65
1272,2,0,0,0,10.239999741315842,4,4,0,0,40,0,0,40,2.52
1272,2,0,1,0,77.82399654388428,4,4,0,0,40,0,0,40,2.52
1272,2,0,2,0,9.216000325977802,4,4,0,0,40,0,0,40,2.52
1272,2,0,3,0,5.119999870657921,4,4,0,0,40,0,0,40,2.52
1272,24,0,0,0,8.191999979317188,4,4,0,0,40,0,0,40,2.05
1272,24,0,1,0,64.51199948787689,4,4,0,0,40,0,0,40,2.05
1272,24,0,2,0,8.191999979317188,4,4,0,0,40,0,0,40,2.05
1272,24,0,3,0,5.119999870657921,4,4,0,0,40,0,0,40,2.05
1272,40,0,0,1,9.216000325977802,4,4,0,1,39,0,0,40,68.41
1272,40,0,1,1,72.7040022611618,4,4,0,1,39,0,0,40,68.41
1272,40,0,2,1,8.191999979317188,4,4,0,1,39,0,0,40,68.41
1272,40,0,3,1,3.0720001086592674,4,4,0,1,39,0,0,40,68.41
1273,2,0,0,0,8.191999979317188,4,4,0,1,39,0,0,40,75.111
1273,2,0,1,0,95.23200243711472,4,4,0,1,39,0,0,40,75.111
1273,2,0,2,0,9.216000325977802,4,4,0,1,39,0,0,40,75.111
1273,2,0,3,0,5.119999870657921,4,4,0,1,39,0,0,40,75.111
1273,24,0,0,0,8.191999979317188,4,4,0,1,39,0,0,40,71.471
1273,24,0,1,0,79.8719972372055,4,4,0,1,39,0,0,40,71.471
1273,24,0,2,0,9.216000325977802,4,4,0,1,39,0,0,40,71.471
1273,24,0,3,0,4.095999989658594,4,4,0,1,39,0,0,40,71.471
1273,40,0,0,1,9.216000325977802,4,4,0,0,40,0,0,40,4.42
1273,40,0,1,1,72.7040022611618,4,4,0,0,40,0,0,40,4.42
1273,40,0,2,1,9.216000325977802,4,4,0,0,40,0,0,40,4.42
1273,40,0,3,1,4.095999989658594,4,4,0,0,40,0,0,40,4.42
1274,2,0,0,0,8.191999979317188,2,2,0,1,19,0,0,20,98.7
1274,2,0,1,0,43.007999658584595,2,2,0,1,19,0,0,20,98.7
1274,2,0,2,0,9.216000325977802,2,2,0,1,19,0,0,20,98.7
1274,2,0,3,0,34.81600061058998,2,2,0,1,19,0,0,20,98.7
1274,24,0,0,0,9.216000325977802,2,2,0,1,19,0,0,20,58.369
1274,24,0,1,0,38.91199827194214,2,2,0,1,19,0,0,20,58.369
1274,24,0,2,0,8.191999979317188,2,2,0,1,19,0,0,20,58.369
1274,24,0,3,0,4.095999989658594,2,2,0,1,19,0,0,20,58.369
1274,40,0,0,1,8.191999979317188,2,2,0,1,19,0,0,20,93.31
1274,40,0,1,1,40.95999896526337,2,2,0,1,19,0,0,20,93.31
1274,40,0,2,1,11.264000087976456,2,2,0,1,19,0,0,20,93.31
1274,40,0,3,1,28.672000393271446,2,2,0,1,19,0,0,20,93.31
1275,2,0,0,0,9.216000325977802,1,1,0,0,10,0,0,10,0.51
1275,2,0,1,0,31.74399957060814,1,1,0,0,10,0,0,10,0.51
1275,2,0,2,0,9.216000325977802,1,1,0,0,10,0,0,10,0.51
1275,2,0,3,0,4.095999989658594,1,1,0,0,10,0,0,10,0.51
1275,24,0,0,0,8.191999979317188,1,1,0,1,9,0,0,10,71.42
1275,24,0,1,0,30.719999223947525,1,1,0,1,9,0,0,10,71.42
1275,24,0,2,0,8.191999979317188,1,1,0,1,9,0,0,10,71.42
1275,24,0,3,0,20.479999482631683,1,1,0,1,9,0,0,10,71.42
1275,40,0,0,1,8.191999979317188,1,1,0,0,10,0,0,10,0.44
1275,40,0,1,1,34.81600061058998,1,1,0,0,10,0,0,10,0.44
1275,40,0,2,1,9.216000325977802,1,1,0,0,10,0,0,10,0.44
1275,40,0,3,1,5.119999870657921,1,1,0,0,10,0,0,10,0.44
1276,2,0,0,0,14.336000196635723,4,4,0,1,39,0,0,40,72.01
1276,2,0,1,0,76.80000364780426,4,4,0,1,39,0,0,40,72.01
1276,2,0,2,0,9.216000325977802,4,4,0,1,39,0,0,40,72.01
1276,2,0,3,0,5.119999870657921,4,4,0,1,39,0,0,40,72.01
1276,24,0,0,0,8.191999979317188,4,4,0,1,39,0,0,40,65.819
1276,24,0,1,0,63.48799914121628,4,4,0,1,39,0,0,40,65.819
1276,24,0,2,0,9.216000325977802,4,4,0,1,39,0,0,40,65.819
1276,24,0,3,0,4.095999989658594,4,4,0,1,39,0,0,40,65.819
1276,40,0,0,1,9.216000325977802,4,4,0,0,40,0,0,40,1.86
1276,40,0,1,1,58.36800113320351,4,4,0,0,40,0,0,40,1.86
1276,40,0,2,1,9.216000325977802,4,4,0,0,40,0,0,40,1.86
1276,40,0,3,1,5.119999870657921,4,4,0,0,40,0,0,40,1.86
1277,2,0,0,0,8.191999979317188,2,2,0,1,19,0,0,20,78.699
1277,2,0,1,0,47.10400104522705,2,2,0,1,19,0,0,20,78.699
1277,2,0,2,0,9.216000325977802,2,2,0,1,19,0,0,20,78.699
1277,2,0,3,0,11.264000087976456,2,2,0,1,19,0,0,20,78.699
1277,24,0,0,0,8.191999979317188,2,2,0,0,20,0,0,20,0.91
1277,24,0,1,0,41.98399931192398,2,2,0,0,20,0,0,20,0.91
1277,24,0,2,0,8.191999979317188,2,2,0,0,20,0,0,20,0.91
1277,24,0,3,0,4.095999989658594,2,2,0,0,20,0,0,20,0.91
1277,40,0,0,1,9.216000325977802,2,2,0,1,19,0,0,20,76.93
1277,40,0,1,1,36.86400130391121,2,2,0,1,19,0,0,20,76.93
1277,40,0,2,1,9.216000325977802,2,2,0,1,19,0,0,20,76.93
1277,40,0,3,1,18.432000651955605,2,2,0,1,19,0,0,20,76.93
1278,2,0,0,0,9.216000325977802,1,1,0,0,10,0,0,10,2.329
1278,2,0,1,0,31.74399957060814,1,1,0,0,10,0,0,10,2.329
1278,2,0,2,0,9.216000325977802,1,1,0,0,10,0,0,10,2.329
1278,2,0,3,0,5.119999870657921,1,1,0,0,10,0,0,10,2.329
1278,24,0,0,0,9.216000325977802,1,1,0,0,10,0,0,10,0.44
1278,24,0,1,0,31.74399957060814,1,1,0,0,10,0,0,10,0.44
1278,24,0,2,0,9.216000325977802,1,1,0,0,10,0,0,10,0.44
1278,24,0,3,0,5.119999870657921,1,1,0,0,10,0,0,10,0.44
1278,40,0,0,1,9.216000325977802,1,1,0,0,10,0,0,10,0.491
1278,40,0,1,1,34.81600061058998,1,1,0,0,10,0,0,10,0.491
1278,40,0,2,1,8.191999979317188,1,1,0,0,10,0,0,10,0.491
1278,40,0,3,1,3.0720001086592674,1,1,0,0,10,0,0,10,0.491
1279,2,0,0,0,8.191999979317188,2,2,0,0,20,0,0,20,1.03
1279,2,0,1,0,37.88800165057182,2,2,0,0,20,0,0,20,1.03
1279,2,0,2,0,9.216000325977802,2,2,0,0,20,0,0,20,1.03
1279,2,0,3,0,5.119999870657921,2,2,0,0,20,0,0,20,1.03
1279,24,0,0,0,9.216000325977802,2,2,0,0,20,0,0,20,0.98
1279,24,0,1,0,40.95999896526337,2,2,0,0,20,0,0,20,0.98
1279,24,0,2,0,9.216000325977802,2,2,0,0,20,0,0,20,0.98
1279,24,0,3,0,4.095999989658594,2,2,0,0,20,0,0,20,0.98
1279,40,0,0,1,12.28800043463707,2,2,0,0,20,0,0,20,2.8
1279,40,0,1,1,38.91199827194214,2,2,0,0,20,0,0,20,2.8
1279,40,0,2,1,9.216000325977802,2,2,0,0,20,0,0,20,2.8
1279,40,0,3,1,4.095999989658594,2,2,0,0,20,0,0,20,2.8
1280,2,0,0,0,10.239999741315842,2,2,0,0,20,0,0,20,1.149
1280,2,0,1,0,49.15200173854828,2,2,0,0,20,0,0,20,1.149
1280,2,0,2,0,9.216000325977802,2,2,0,0,20,0,0,20,1.149
1280,2,0,3,0,5.119999870657921,2,2,0,0,20,0,0,20,1.149
1280,24,0,0,0,9.216000325977802,2,2,0,0,20,0,0,20,1.031
1280,24,0,1,0,43.007999658584595,2,2,0,0,20,0,0,20,1.031
1280,24,0,2,0,9.216000325977802,2,2,0,0,20,0,0,20,1.031
1280,24,0,3,0,4.095999989658594,2,2,0,0,20,0,0,20,1.031
1280,40,0,0,1,9.216000325977802,2,2,0,1,19,0,0,20,79.48
1280,40,0,1,1,48.128001391887665,2,2,0,1,19,0,0,20,79.48
1280,40,0,2,1,10.239999741315842,2,2,0,1,19,0,0,20,79.48
1280,40,0,3,1,8.191999979317188,2,2,0,1,19,0,0,20,79.48
1281,2,0,0,0,14.336000196635723,4,4,0,0,40,0,0,40,3.95
1281,2,0,1,0,60.416001826524734,4,4,0,0,40,0,0,40,3.95
1281,2,0,2,0,8.191999979317188,4,4,0,0,40,0,0,40,3.95
1281,2,0,3,0,4.095999989658594,4,4,0,0,40,0,0,40,3.95
1281,24,0,0,0,8.191999979317188,4,4,0,0,40,0,0,40,4.75
1281,24,0,1,0,60.416001826524734,4,4,0,0,40,0,0,40,4.75
1281,24,0,2,0,9.216000325977802,4,4,0,0,40,0,0,40,4.75
1281,24,0,3,0,3.0720001086592674,4,4,0,0,40,0,0,40,4.75
1281,40,0,0,1,9.216000325977802,4,4,0,0,40,0,0,40,2.249
1281,40,0,1,1,89.08800035715103,4,4,0,0,40,0,0,40,2.249
1281,40,0,2,1,9.216000325977802,4,4,0,0,40,0,0,40,2.249
1281,40,0,3,1,4.095999989658594,4,4,0,0,40,0,0,40,2.249
1282,2,0,0,0,14.336000196635723,4,4,0,0,40,0,0,40,4.03
1282,2,0,1,0,69.63200122117996,4,4,0,0,40,0,0,40,4.03
1282,2,0,2,0,9.216000325977802,4,4,0,0,40,0,0,40,4.03
1282,2,0,3,0,5.119999870657921,4,4,0,0,40,0,0,40,4.03
1282,24,0,0,0,8.191999979317188,4,4,0,0,40,0,0,40,2.55
1282,24,0,1,0,65.5359998345375,4,4,0,0,40,0,0,40,2.55
1282,24,0,2,0,9.216000325977802,4,4,0,0,40,0,0,40,2.55
1282,24,0,3,0,4.095999989658594,4,4,0,0,40,0,0,40,2.55
1282,40,0,0,1,8.191999979317188,4,4,0,0,40,0,0,40,4.53
1282,40,0,1,1,94.2080020904541,4,4,0,0,40,0,0,40,4.53
1282,40,0,2,1,9.216000325977802,4,4,0,0,40,0,0,40,4.53
1282,40,0,3,1,4.095999989658594,4,4,0,0,40,0,0,40,4.53
1283,2,0,0,0,14.336000196635723,4,4,0,0,40,0,0,40,4.92
1283,2,0,1,0,88.06400001049042,4,4,0,0,40,0,0,40,4.92
1283,2,0,2,0,8.191999979317188,4,4,0,0,40,0,0,40,4.92
1283,2,0,3,0,4.095999989658594,4,4,0,0,40,0,0,40,4.92
1283,24,0,0,0,9.216000325977802,4,4,0,0,40,0,0,40,2.369
1283,24,0,1,0,78.84799689054489,4,4,0,0,40,0,0,40,2.369
1283,24,0,2,0,8.191999979317188,4,4,0,0,40,0,0,40,2.369
1283,24,0,3,0,5.119999870657921,4,4,0,0,40,0,0,40,2.369
1283,40,0,0,1,15.359999611973763,4,4,0,1,39,0,0,40,75.709
1283,40,0,1,1,90.11200070381165,4,4,0,1,39,0,0,40,75.709
1283,40,0,2,1,9.216000325977802,4,4,0,1,39,0,0,40,75.709
1283,40,0,3,1,4.095999989658594,4,4,0,1,39,0,0,40,75.709
1284,2,0,0,0,9.216000325977802,4,4,0,1,39,0,0,40,69.73
1284,2,0,1,0,84.99199897050858,4,4,0,1,39,0,0,40,69.73
1284,2,0,2,0,8.191999979317188,4,4,0,1,39,0,0,40,69.73
1284,2,0,3,0,5.119999870657921,4,4,0,1,39,0,0,40,69.73
1284,24,0,0,0,8.191999979317188,4,4,0,0,40,0,0,40,4.49
1284,24,0,1,0,63.48799914121628,4,4,0,0,40,0,0,40,4.49
1284,24,0,2,0,8.191999979317188,4,4,0,0,40,0,0,40,4.49
1284,24,0,3,0,4.095999989658594,4,4,0,0,40,0,0,40,4.49
1284,40,0,0,1,9.216000325977802,4,4,0,0,40,0,0,40,2.48
1284,40,0,1,1,80.89599758386612,4,4,0,0,40,0,0,40,2.48
1284,40,0,2,1,9.216000325977802,4,4,0,0,40,0,0,40,2.48
1284,40,0,3,1,4.095999989658594,4,4,0,0,40,0,0,40,2.48
1285,2,0,0,0,15.359999611973763,4,4,0,0,40,0,0,40,2.65
1285,2,0,1,0,82.94399827718735,4,4,0,0,40,0,0,40,2.65
1285,2,0,2,0,9.216000325977802,4,4,0,0,40,0,0,40,2.65
1285,2,0,3,0,5.119999870657921,4,4,0,0,40,0,0,40,2.65
1285,24,0,0,0,8.191999979317188,4,4,0,0,40,0,0,40,2.08
1285,24,0,1,0,69.63200122117996,4,4,0,0,40,0,0,40,2.08
1285,24,0,2,0,9.216000325977802,4,4,0,0,40,0,0,40,2.08
1285,24,0,3,0,4.095999989658594,4,4,0,0,40,0,0,40,2.08
1285,40,0,0,1,17.40800030529499,4,4,0,3,37,0,0,40,182.579
1285,40,0,1,1,62.463998794555664,4,4,0,3,37,0,0,40,182.579
1285,40,0,2,1,9.216000325977802,4,4,0,3,37,0,0,40,182.579
1285,40,0,3,1,91.13600105047226,4,4,0,3,37,0,0,40,182.579
1286,2,0,0,0,9.216000325977802,3,3,0,1,29,0,0,30,75.299
1286,2,0,1,0,59.39200147986412,3,3,0,1,29,0,0,30,75.299
1286,2,0,2,0,8.191999979317188,3,3,0,1,29,0,0,30,75.299
1286,2,0,3,0,5.119999870657921,3,3,0,1,29,0,0,30,75.299
1286,24,0,0,0,10.239999741315842,3,3,0,0,30,0,0,30,1.3
1286,24,0,1,0,52.22399905323982,3,3,0,0,30,0,0,30,1.3
1286,24,0,2,0,9.216000325977802,3,3,0,0,30,0,0,30,1.3
1286,24,0,3,0,4.095999989658594,3,3,0,0,30,0,0,30,1.3
1286,40,0,0,1,14.336000196635723,3,3,0,0,30,0,0,30,1.72
1286,40,0,1,1,66.56000018119812,3,3,0,0,30,0,0,30,1.72
1286,40,0,2,1,9.216000325977802,3,3,0,0,30,0,0,30,1.72
1286,40,0,3,1,4.095999989658594,3,3,0,0,30,0,0,30,1.72
1287,2,0,0,0,8.191999979317188,1,1,0,1,9,0,0,10,100.02
1287,2,0,1,0,30.719999223947525,1,1,0,1,9,0,0,10,100.02
1287,2,0,2,0,8.191999979317188,1,1,0,1,9,0,0,10,100.02
1287,2,0,3,0,49.15200173854828,1,1,0,1,9,0,0,10,100.02
1287,24,0,0,0,9.216000325977802,1,1,0,0,10,0,0,10,0.549
1287,24,0,1,0,32.76799991726875,1,1,0,0,10,0,0,10,0.549
1287,24,0,2,0,9.216000325977802,1,1,0,0,10,0,0,10,0.549
1287,24,0,3,0,4.095999989658594,1,1,0,0,10,0,0,10,0.549
1287,40,0,0,1,8.191999979317188,1,1,0,0,10,0,0,10,0.509
1287,40,0,1,1,34.81600061058998,1,1,0,0,10,0,0,10,0.509
1287,40,0,2,1,9.216000325977802,1,1,0,0,10,0,0,10,0.509
1287,40,0,3,1,4.095999989658594,1,1,0,0,10,0,0,10,0.509
1288,2,0,0,0,8.191999979317188,3,3,0,0,30,0,0,30,2.2
1288,2,0,1,0,67.58400052785873,3,3,0,0,30,0,0,30,2.2
1288,2,0,2,0,8.191999979317188,3,3,0,0,30,0,0,30,2.2
1288,2,0,3,0,5.119999870657921,3,3,0,0,30,0,0,30,2.2
1288,24,0,0,0,9.216000325977802,3,3,0,0,30,0,0,30,1.54
1288,24,0,1,0,66.56000018119812,3,3,0,0,30,0,0,30,1.54
1288,24,0,2,0,9.216000325977802,3,3,0,0,30,0,0,30,1.54
1288,24,0,3,0,4.095999989658594,3,3,0,0,30,0,0,30,1.54
1288,40,0,0,1,15.359999611973763,3,3,0,2,28,0,0,30,199.889
1288,40,0,1,1,77.82399654388428,3,3,0,2,28,0,0,30,199.889
1288,40,0,2,1,9.216000325977802,3,3,0,2,28,0,0,30,199.889
1288,40,0,3,1,93.18400174379349,3,3,0,2,28,0,0,30,199.889
1289,2,0,0,0,14.336000196635723,4,4,0,3,37,0,0,40,162.24
1289,2,0,1,0,74.75200295448303,4,4,0,3,37,0,0,40,162.24
1289,2,0,2,0,9.216000325977802,4,4,0,3,37,0,0,40,162.24
1289,2,0,3,0,64.51199948787689,4,4,0,3,37,0,0,40,162.24
1289,24,0,0,0,8.191999979317188,4,4,0,1,39,0,0,40,268.049
1289,24,0,1,0,80.89599758386612,4,4,0,1,39,0,0,40,268.049
1289,24,0,2,0,9.216000325977802,4,4,0,1,39,0,0,40,268.049
1289,24,0,3,0,164.86400365829468,4,4,0,1,39,0,0,40,268.049
1289,40,0,0,1,9.216000325977802,4,4,0,0,40,0,0,40,3.67
1289,40,0,1,1,61.43999844789505,4,4,0,0,40,0,0,40,3.67
1289,40,0,2,1,9.216000325977802,4,4,0,0,40,0,0,40,3.67
1289,40,0,3,1,4.095999989658594,4,4,0,0,40,0,0,40,3.67
1290,2,0,0,0,8.191999979317188,3,3,0,1,29,0,0,30,68.69
1290,2,0,1,0,63.48799914121628,3,3,0,1,29,0,0,30,68.69
1290,2,0,2,0,9.216000325977802,3,3,0,1,29,0,0,30,68.69
1290,2,0,3,0,7.168000098317862,3,3,0,1,29,0,0,30,68.69
1290,24,0,0,0,9.216000325977802,3,3,0,0,30,0,0,30,1.54
1290,24,0,1,0,50.175998359918594,3,3,0,0,30,0,0,30,1.54
1290,24,0,2,0,8.191999979317188,3,3,0,0,30,0,0,30,1.54
1290,24,0,3,0,3.0720001086592674,3,3,0,0,30,0,0,30,1.54
1290,40,0,0,1,8.191999979317188,3,3,0,0,30,0,0,30,1.6
1290,40,0,1,1,50.175998359918594,3,3,0,0,30,0,0,30,1.6
1290,40,0,2,1,9.216000325977802,3,3,0,0,30,0,0,30,1.6
1290,40,0,3,1,4.095999989658594,3,3,0,0,30,0,0,30,1.6
1291,2,0,0,0,8.191999979317188,1,1,0,0,10,0,0,10,0.62
1291,2,0,1,0,32.76799991726875,1,1,0,0,10,0,0,10,0.62
1291,2,0,2,0,9.216000325977802,1,1,0,0,10,0,0,10,0.62
1291,2,0,3,0,5.119999870657921,1,1,0,0,10,0,0,10,0.62
1291,24,0,0,0,9.216000325977802,1,1,0,0,10,0,0,10,0.54
1291,24,0,1,0,32.76799991726875,1,1,0,0,10,0,0,10,0.54
1291,24,0,2,0,9.216000325977802,1,1,0,0,10,0,0,10,0.54
1291,24,0,3,0,4.095999989658594,1,1,0,0,10,0,0,10,0.54
1291,40,0,0,1,8.191999979317188,1,1,0,0,10,0,0,10,0.42
1291,40,0,1,1,35.840000957250595,1,1,0,0,10,0,0,10,0.42
1291,40,0,2,1,9.216000325977802,1,1,0,0,10,0,0,10,0.42
1291,40,0,3,1,4.095999989658594,1,1,0,0,10,0,0,10,0.42
1292,2,0,0,0,15.359999611973763,3,3,0,0,30,0,0,30,2.21
1292,2,0,1,0,64.51199948787689,3,3,0,0,30,0,0,30,2.21
1292,2,0,2,0,9.216000325977802,3,3,0,0,30,0,0,30,2.21
1292,2,0,3,0,6.144000217318535,3,3,0,0,30,0,0,30,2.21
1292,24,0,0,0,9.216000325977802,3,3,0,0,30,0,0,30,1.78
1292,24,0,1,0,50.175998359918594,3,3,0,0,30,0,0,30,1.78
1292,24,0,2,0,9.216000325977802,3,3,0,0,30,0,0,30,1.78
1292,24,0,3,0,4.095999989658594,3,3,0,0,30,0,0,30,1.78
1292,40,0,0,1,9.216000325977802,3,3,0,0,30,0,0,30,1.35
1292,40,0,1,1,47.10400104522705,3,3,0,0,30,0,0,30,1.35
1292,40,0,2,1,9.216000325977802,3,3,0,0,30,0,0,30,1.35
1292,40,0,3,1,4.095999989658594,3,3,0,0,30,0,0,30,1.35
1293,2,0,0,0,15.359999611973763,4,4,0,0,40,0,0,40,2.58
1293,2,0,1,0,87.0399996638298,4,4,0,0,40,0,0,40,2.58
1293,2,0,2,0,9.216000325977802,4,4,0,0,40,0,0,40,2.58
1293,2,0,3,0,4.095999989658594,4,4,0,0,40,0,0,40,2.58
1293,24,0,0,0,8.191999979317188,4,4,0,0,40,0,0,40,4.491
1293,24,0,1,0,68.60800087451935,4,4,0,0,40,0,0,40,4.491
1293,24,0,2,0,8.191999979317188,4,4,0,0,40,0,0,40,4.491
1293,24,0,3,0,4.095999989658594,4,4,0,0,40,0,0,40,4.491
1293,40,0,0,1,8.191999979317188,4,4,0,2,38,0,0,40,89.819
1293,40,0,1,1,82.94399827718735,4,4,0,2,38,0,0,40,89.819
1293,40,0,2,1,9.216000325977802,4,4,0,2,38,0,0,40,89.819
1293,40,0,3,1,4.095999989658594,4,4,0,2,38,0,0,40,89.819
1294,2,0,0,0,9.216000325977802,2,2,0,0,20,0,0,20,0.94
1294,2,0,1,0,53.247999399900436,2,2,0,0,20,0,0,20,0.94
1294,2,0,2,0,9.216000325977802,2,2,0,0,20,0,0,20,0.94
1294,2,0,3,0,5.119999870657921,2,2,0,0,20,0,0,20,0.94
1294,24,0,0,0,9.216000325977802,2,2,0,0,20,0,0,20,1.18
1294,24,0,1,0,53.247999399900436,2,2,0,0,20,0,0,20,1.18
1294,24,0,2,0,9.216000325977802,2,2,0,0,20,0,0,20,1.18
1294,24,0,3,0,4.095999989658594,2,2,0,0,20,0,0,20,1.18
1294,40,0,0,1,9.216000325977802,2,2,0,0,20,0,0,20,0.92
1294,40,0,1,1,60.416001826524734,2,2,0,0,20,0,0,20,0.92
1294,40,0,2,1,9.216000325977802,2,2,0,0,20,0,0,20,0.92
1294,40,0,3,1,4.095999989658594,2,2,0,0,20,0,0,20,0.92
1295,2,0,0,0,9.216000325977802,3,3,0,0,30,0,0,30,3.5
1295,2,0,1,0,67.58400052785873,3,3,0,0,30,0,0,30,3.5
1295,2,0,2,0,9.216000325977802,3,3,0,0,30,0,0,30,3.5
1295,2,0,3,0,5.119999870657921,3,3,0,0,30,0,0,30,3.5
1295,24,0,0,0,9.216000325977802,3,3,0,0,30,0,0,30,1.61
1295,24,0,1,0,66.56000018119812,3,3,0,0,30,0,0,30,1.61
1295,24,0,2,0,9.216000325977802,3,3,0,0,30,0,0,30,1.61
1295,24,0,3,0,4.095999989658594,3,3,0,0,30,0,0,30,1.61
1295,40,0,0,1,9.216000325977802,3,3,0,0,30,0,0,30,1.26
1295,40,0,1,1,73.72800260782242,3,3,0,0,30,0,0,30,1.26
1295,40,0,2,1,9.216000325977802,3,3,0,0,30,0,0,30,1.26
1295,40,0,3,1,4.095999989658594,3,3,0,0,30,0,0,30,1.26
1296,2,0,0,0,15.359999611973763,3,3,0,0,30,0,0,30,4.2
1296,2,0,1,0,66.56000018119812,3,3,0,0,30,0,0,30,4.2
1296,2,0,2,0,9.216000325977802,3,3,0,0,30,0,0,30,4.2
1296,2,0,3,0,5.119999870657921,3,3,0,0,30,0,0,30,4.2
1296,24,0,0,0,8.191999979317188,3,3,0,0,30,0,0,30,1.25
1296,24,0,1,0,54.27199974656105,3,3,0,0,30,0,0,30,1.25
1296,24,0,2,0,9.216000325977802,3,3,0,0,30,0,0,30,1.25
1296,24,0,3,0,4.095999989658594,3,3,0,0,30,0,0,30,1.25
1296,40,0,0,1,9.216000325977802,3,3,0,0,30,0,0,30,3.71
1296,40,0,1,1,55.296000093221664,3,3,0,0,30,0,0,30,3.71
1296,40,0,2,1,8.191999979317188,3,3,0,0,30,0,0,30,3.71
1296,40,0,3,1,5.119999870657921,3,3,0,0,30,0,0,30,3.71
1297,2,0,0,0,10.239999741315842,2,2,0,0,20,0,0,20,1.129
1297,2,0,1,0,51.19999870657921,2,2,0,0,20,0,0,20,1.129
1297,2,0,2,0,9.216000325977802,2,2,0,0,20,0,0,20,1.129
1297,2,0,3,0,5.119999870657921,2,2,0,0,20,0,0,20,1.129
1297,24,0,0,0,8.191999979317188,2,2,0,0,20,0,0,20,0.88
1297,24,0,1,0,44.03200000524521,2,2,0,0,20,0,0,20,0.88
1297,24,0,2,0,9.216000325977802,2,2,0,0,20,0,0,20,0.88
1297,24,0,3,0,4.095999989658594,2,2,0,0,20,0,0,20,0.88
1297,40,0,0,1,9.216000325977802,2,2,0,0,20,0,0,20,1.02
1297,40,0,1,1,48.128001391887665,2,2,0,0,20,0,0,20,1.02
1297,40,0,2,1,10.239999741315842,2,2,0,0,20,0,0,20,1.02
1297,40,0,3,1,4.095999989658594,2,2,0,0,20,0,0,20,1.02
1298,2,0,0,0,10.239999741315842,1,1,0,0,10,0,0,10,0.42
1298,2,0,1,0,31.74399957060814,1,1,0,0,10,0,0,10,0.42
1298,2,0,2,0,8.191999979317188,1,1,0,0,10,0,0,10,0.42
1298,2,0,3,0,5.119999870657921,1,1,0,0,10,0,0,10,0.42
1298,24,0,0,0,9.216000325977802,1,1,0,0,10,0,0,10,0.68
1298,24,0,1,0,32.76799991726875,1,1,0,0,10,0,0,10,0.68
1298,24,0,2,0,8.191999979317188,1,1,0,0,10,0,0,10,0.68
1298,24,0,3,0,4.095999989658594,1,1,0,0,10,0,0,10,0.68
1298,40,0,0,1,8.191999979317188,1,1,0,0,10,0,0,10,0.42
1298,40,0,1,1,34.81600061058998,1,1,0,0,10,0,0,10,0.42
1298,40,0,2,1,8.191999979317188,1,1,0,0,10,0,0,10,0.42
1298,40,0,3,1,3.0720001086592674,1,1,0,0,10,0,0,10,0.42
1299,2,0,0,0,14.336000196635723,4,4,0,0,40,0,0,40,2.79
1299,2,0,1,0,84.99199897050858,4,4,0,0,40,0,0,40,2.79
1299,2,0,2,0,8.191999979317188,4,4,0,0,40,0,0,40,2.79
1299,2,0,3,0,4.095999989658594,4,4,0,0,40,0,0,40,2.79
1299,24,0,0,0,9.216000325977802,4,4,0,1,39,0,0,40,71.849
1299,24,0,1,0,65.5359998345375,4,4,0,1,39,0,0,40,71.849
1299,24,0,2,0,9.216000325977802,4,4,0,1,39,0,0,40,71.849
1299,24,0,3,0,4.095999989658594,4,4,0,1,39,0,0,40,71.849
1299,40,0,0,1,9.216000325977802,4,4,0,0,40,0,0,40,2.16
1299,40,0,1,1,65.5359998345375,4,4,0,0,40,0,0,40,2.16
1299,40,0,2,1,9.216000325977802,4,4,0,0,40,0,0,40,2.16
1299,40,0,3,1,4.095999989658594,4,4,0,0,40,0,0,40,2.16
1300,2,0,0,0,8.191999979317188,2,2,0,0,20,0,0,20,1.14
1300,2,0,1,0,53.247999399900436,2,2,0,0,20,0,0,20,1.14
1300,2,0,2,0,9.216000325977802,2,2,0,0,20,0,0,20,1.14
1300,2,0,3,0,7.168000098317862,2,2,0,0,20,0,0,20,1.14
1300,24,0,0,0,9.216000325977802,2,2,0,0,20,0,0,20,1.18
1300,24,0,1,0,49.15200173854828,2,2,0,0,20,0,0,20,1.18
1300,24,0,2,0,9.216000325977802,2,2,0,0,20,0,0,20,1.18
1300,24,0,3,0,4.095999989658594,2,2,0,0,20,0,0,20,1.18
1300,40,0,0,1,9.216000325977802,2,2,0,0,20,0,0,20,0.889
1300,40,0,1,1,41.98399931192398,2,2,0,0,20,0,0,20,0.889
1300,40,0,2,1,9.216000325977802,2,2,0,0,20,0,0,20,0.889
1300,40,0,3,1,4.095999989658594,2,2,0,0,20,0,0,20,0.889
1301,2,0,0,0,16.383999958634377,3,3,0,0,30,0,0,30,3.95
1301,2,0,1,0,55.296000093221664,3,3,0,0,30,0,0,30,3.95
1301,2,0,2,0,8.191999979317188,3,3,0,0,30,0,0,30,3.95
1301,2,0,3,0,7.168000098317862,3,3,0,0,30,0,0,30,3.95
1301,24,0,0,0,8.191999979317188,3,3,0,0,30,0,0,30,2.009
1301,24,0,1,0,56.32000043988228,3,3,0,0,30,0,0,30,2.009
1301,24,0,2,0,9.216000325977802,3,3,0,0,30,0,0,30,2.009
1301,24,0,3,0,4.095999989658594,3,3,0,0,30,0,0,30,2.009
1301,40,0,0,1,8.191999979317188,3,3,0,0,30,0,0,30,3.26
1301,40,0,1,1,47.10400104522705,3,3,0,0,30,0,0,30,3.26
1301,40,0,2,1,8.191999979317188,3,3,0,0,30,0,0,30,3.26
1301,40,0,3,1,4.095999989658594,3,3,0,0,30,0,0,30,3.26
1302,2,0,0,0,14.336000196635723,4,4,0,1,39,0,0,40,71.391
1302,2,0,1,0,80.89599758386612,4,4,0,1,39,0,0,40,71.391
1302,2,0,2,0,9.216000325977802,4,4,0,1,39,0,0,40,71.391
1302,2,0,3,0,6.144000217318535,4,4,0,1,39,0,0,40,71.391
1302,24,0,0,0,8.191999979317188,4,4,0,1,39,0,0,40,72.05
1302,24,0,1,0,67.58400052785873,4,4,0,1,39,0,0,40,72.05
1302,24,0,2,0,9.216000325977802,4,4,0,1,39,0,0,40,72.05
1302,24,0,3,0,4.095999989658594,4,4,0,1,39,0,0,40,72.05
1302,40,0,0,1,8.191999979317188,4,4,0,0,40,0,0,40,4.15
1302,40,0,1,1,75.77600330114365,4,4,0,0,40,0,0,40,4.15
1302,40,0,2,1,8.191999979317188,4,4,0,0,40,0,0,40,4.15
1302,40,0,3,1,3.0720001086592674,4,4,0,0,40,0,0,40,4.15
1303,2,0,0,0,14.336000196635723,4,4,0,0,40,0,0,40,2.55
1303,2,0,1,0,74.75200295448303,4,4,0,0,40,0,0,40,2.55
1303,2,0,2,0,9.216000325977802,4,4,0,0,40,0,0,40,2.55
1303,2,0,3,0,6.144000217318535,4,4,0,0,40,0,0,40,2.55
1303,24,0,0,0,8.191999979317188,4,4,0,0,40,0,0,40,4.23
1303,24,0,1,0,69.63200122117996,4,4,0,0,40,0,0,40,4.23
1303,24,0,2,0,9.216000325977802,4,4,0,0,40,0,0,40,4.23
1303,24,0,3,0,4.095999989658594,4,4,0,0,40,0,0,40,4.23
1303,40,0,0,1,9.216000325977802,4,4,0,0,40,0,0,40,2.26
1303,40,0,1,1,75.77600330114365,4,4,0,0,40,0,0,40,2.26
1303,40,0,2,1,9.216000325977802,4,4,0,0,40,0,0,40,2.26
1303,40,0,3,1,5.119999870657921,4,4,0,0,40,0,0,40,2.26
1304,2,0,0,0,15.359999611973763,3,3,0,0,30,0,0,30,1.4
1304,2,0,1,0,60.416001826524734,3,3,0,0,30,0,0,30,1.4
1304,2,0,2,0,9.216000325977802,3,3,0,0,30,0,0,30,1.4
1304,2,0,3,0,6.144000217318535,3,3,0,0,30,0,0,30,1.4
1304,24,0,0,0,9.216000325977802,3,3,0,0,30,0,0,30,1.509
1304,24,0,1,0,61.43999844789505,3,3,0,0,30,0,0,30,1.509
1304,24,0,2,0,9.216000325977802,3,3,0,0,30,0,0,30,1.509
1304,24,0,3,0,4.095999989658594,3,3,0,0,30,0,0,30,1.509
1304,40,0,0,1,9.216000325977802,3,3,0,0,30,0,0,30,1.92
1304,40,0,1,1,66.56000018119812,3,3,0,0,30,0,0,30,1.92
1304,40,0,2,1,9.216000325977802,3,3,0,0,30,0,0,30,1.92
1304,40,0,3,1,4.095999989658594,3,3,0,0,30,0,0,30,1.92
1305,2,0,0,0,14.336000196635723,4,4,0,0,40,0,0,40,2.81
1305,2,0,1,0,86.01599931716919,4,4,0,0,40,0,0,40,2.81
1305,2,0,2,0,8.191999979317188,4,4,0,0,40,0,0,40,2.81
1305,2,0,3,0,5.119999870657921,4,4,0,0,40,0,0,40,2.81
1305,24,0,0,0,9.216000325977802,4,4,0,0,40,0,0,40,2.54
1305,24,0,1,0,80.89599758386612,4,4,0,0,40,0,0,40,2.54
1305,24,0,2,0,9.216000325977802,4,4,0,0,40,0,0,40,2.54
1305,24,0,3,0,4.095999989658594,4,4,0,0,40,0,0,40,2.54
1305,40,0,0,1,9.216000325977802,4,4,0,0,40,0,0,40,2.32
1305,40,0,1,1,99.32799637317657,4,4,0,0,40,0,0,40,2.32
1305,40,0,2,1,9.216000325977802,4,4,0,0,40,0,0,40,2.32
1305,40,0,3,1,4.095999989658594,4,4,0,0,40,0,0,40,2.32
1306,2,0,0,0,14.336000196635723,4,4,0,0,40,0,0,40,2.23
1306,2,0,1,0,73.72800260782242,4,4,0,0,40,0,0,40,2.23
1306,2,0,2,0,9.216000325977802,4,4,0,0,40,0,0,40,2.23
1306,2,0,3,0,5.119999870657921,4,4,0,0,40,0,0,40,2.23
1306,24,0,0,0,8.191999979317188,4,4,0,0,40,0,0,40,2.23
1306,24,0,1,0,62.463998794555664,4,4,0,0,40,0,0,40,2.23
1306,24,0,2,0,9.216000325977802,4,4,0,0,40,0,0,40,2.23
1306,24,0,3,0,4.095999989658594,4,4,0,0,40,0,0,40,2.23
1306,40,0,0,1,14.336000196635723,4,4,0,1,39,0,0,40,80.13
1306,40,0,1,1,77.82399654388428,4,4,0,1,39,0,0,40,80.13
1306,40,0,2,1,8.191999979317188,4,4,0,1,39,0,0,40,80.13
1306,40,0,3,1,4.095999989658594,4,4,0,1,39,0,0,40,80.13
1307,2,0,0,0,8.191999979317188,3,3,0,0,30,0,0,30,2.06
1307,2,0,1,0,69.63200122117996,3,3,0,0,30,0,0,30,2.06
1307,2,0,2,0,9.216000325977802,3,3,0,0,30,0,0,30,2.06
1307,2,0,3,0,5.119999870657921,3,3,0,0,30,0,0,30,2.06
1307,24,0,0,0,9.216000325977802,3,3,0,0,30,0,0,30,1.431
1307,24,0,1,0,59.39200147986412,3,3,0,0,30,0,0,30,1.431
1307,24,0,2,0,8.191999979317188,3,3,0,0,30,0,0,30,1.431
1307,24,0,3,0,4.095999989658594,3,3,0,0,30,0,0,30,1.431
1307,40,0,0,1,9.216000325977802,3,3,0,0,30,0,0,30,1.351
1307,40,0,1,1,49.15200173854828,3,3,0,0,30,0,0,30,1.351
1307,40,0,2,1,9.216000325977802,3,3,0,0,30,0,0,30,1.351
1307,40,0,3,1,4.095999989658594,3,3,0,0,30,0,0,30,1.351
1308,2,0,0,0,14.336000196635723,4,4,0,0,40,0,0,40,2.431
1308,2,0,1,0,74.75200295448303,4,4,0,0,40,0,0,40,2.431
1308,2,0,2,0,9.216000325977802,4,4,0,0,40,0,0,40,2.431
1308,2,0,3,0,5.119999870657921,4,4,0,0,40,0,0,40,2.431
1308,24,0,0,0,7.168000098317862,4,4,0,0,40,0,0,40,2.39
1308,24,0,1,0,70.65600156784058,4,4,0,0,40,0,0,40,2.39
1308,24,0,2,0,9.216000325977802,4,4,0,0,40,0,0,40,2.39
1308,24,0,3,0,4.095999989658594,4,4,0,0,40,0,0,40,2.39
1308,40,0,0,1,9.216000325977802,4,4,0,0,40,0,0,40,3.66
1308,40,0,1,1,58.36800113320351,4,4,0,0,40,0,0,40,3.66
1308,40,0,2,1,9.216000325977802,4,4,0,0,40,0,0,40,3.66
1308,40,0,3,1,4.095999989658594,4,4,0,0,40,0,0,40,3.66
1309,2,0,0,0,15.359999611973763,3,3,0,0,30,0,0,30,1.66
1309,2,0,1,0,63.48799914121628,3,3,0,0,30,0,0,30,1.66
1309,2,0,2,0,9.216000325977802,3,3,0,0,30,0,0,30,1.66
1309,2,0,3,0,5.119999870657921,3,3,0,0,30,0,0,30,1.66
1309,24,0,0,0,9.216000325977802,3,3,0,0,30,0,0,30,1.52
1309,24,0,1,0,60.416001826524734,3,3,0,0,30,0,0,30,1.52
1309,24,0,2,0,9.216000325977802,3,3,0,0,30,0,0,30,1.52
1309,24,0,3,0,4.095999989658594,3,3,0,0,30,0,0,30,1.52
1309,40,0,0,1,9.216000325977802,3,3,0,0,30,0,0,30,1.19
1309,40,0,1,1,50.175998359918594,3,3,0,0,30,0,0,30,1.19
1309,40,0,2,1,9.216000325977802,3,3,0,0,30,0,0,30,1.19
1309,40,0,3,1,4.095999989658594,3,3,0,0,30,0,0,30,1.19
1310,2,0,0,0,9.216000325977802,1,1,0,0,10,0,0,10,0.491
1310,2,0,1,0,32.76799991726875,1,1,0,0,10,0,0,10,0.491
1310,2,0,2,0,9.216000325977802,1,1,0,0,10,0,0,10,0.491
1310,2,0,3,0,5.119999870657921,1,1,0,0,10,0,0,10,0.491
1310,24,0,0,0,8.191999979317188,1,1,0,0,10,0,0,10,0.56
1310,24,0,1,0,30.719999223947525,1,1,0,0,10,0,0,10,0.56
1310,24,0,2,0,9.216000325977802,1,1,0,0,10,0,0,10,0.56
1310,24,0,3,0,4.095999989658594,1,1,0,0,10,0,0,10,0.56
1310,40,0,0,1,8.191999979317188,1,1,0,0,10,0,0,10,0.471
1310,40,0,1,1,35.840000957250595,1,1,0,0,10,0,0,10,0.471
1310,40,0,2,1,9.216000325977802,1,1,0,0,10,0,0,10,0.471
1310,40,0,3,1,4.095999989658594,1,1,0,0,10,0,0,10,0.471
1311,2,0,0,0,8.191999979317188,1,1,0,0,10,0,0,10,0.93
1311,2,0,1,0,31.74399957060814,1,1,0,0,10,0,0,10,0.93
1311,2,0,2,0,8.191999979317188,1,1,0,0,10,0,0,10,0.93
1311,2,0,3,0,6.144000217318535,1,1,0,0,10,0,0,10,0.93
1311,24,0,0,0,8.191999979317188,1,1,0,0,10,0,0,10,0.45
1311,24,0,1,0,31.74399957060814,1,1,0,0,10,0,0,10,0.45
1311,24,0,2,0,9.216000325977802,1,1,0,0,10,0,0,10,0.45
1311,24,0,3,0,4.095999989658594,1,1,0,0,10,0,0,10,0.45
1311,40,0,0,1,9.216000325977802,1,1,0,0,10,0,0,10,0.6
1311,40,0,1,1,34.81600061058998,1,1,0,0,10,0,0,10,0.6
1311,40,0,2,1,8.191999979317188,1,1,0,0,10,0,0,10,0.6
1311,40,0,3,1,4.095999989658594,1,1,0,0,10,0,0,10,0.6
1312,2,0,0,0,13.311999849975109,4,4,0,0,40,0,0,40,4.151
1312,2,0,1,0,90.11200070381165,4,4,0,0,40,0,0,40,4.151
1312,2,0,2,0,9.216000325977802,4,4,0,0,40,0,0,40,4.151
1312,2,0,3,0,4.095999989658594,4,4,0,0,40,0,0,40,4.151
1312,24,0,0,0,8.191999979317188,4,4,0,1,39,0,0,40,83.06
1312,24,0,1,0,59.39200147986412,4,4,0,1,39,0,0,40,83.06
1312,24,0,2,0,9.216000325977802,4,4,0,1,39,0,0,40,83.06
1312,24,0,3,0,4.095999989658594,4,4,0,1,39,0,0,40,83.06
1312,40,0,0,1,15.359999611973763,4,4,0,3,37,0,0,40,183.209
1312,40,0,1,1,59.39200147986412,4,4,0,3,37,0,0,40,183.209
1312,40,0,2,1,9.216000325977802,4,4,0,3,37,0,0,40,183.209
1312,40,0,3,1,96.25600278377533,4,4,0,3,37,0,0,40,183.209
1313,2,0,0,0,15.359999611973763,4,4,0,0,40,0,0,40,2.649
1313,2,0,1,0,79.8719972372055,4,4,0,0,40,0,0,40,2.649
1313,2,0,2,0,9.216000325977802,4,4,0,0,40,0,0,40,2.649
1313,2,0,3,0,4.095999989658594,4,4,0,0,40,0,0,40,2.649
1313,24,0,0,0,8.191999979317188,4,4,0,3,37,0,0,40,77.33
1313,24,0,1,0,62.463998794555664,4,4,0,3,37,0,0,40,77.33
1313,24,0,2,0,9.216000325977802,4,4,0,3,37,0,0,40,77.33
1313,24,0,3,0,4.095999989658594,4,4,0,3,37,0,0,40,77.33
1313,40,0,0,1,10.239999741315842,4,4,0,0,40,0,0,40,3.66
1313,40,0,1,1,56.32000043988228,4,4,0,0,40,0,0,40,3.66
1313,40,0,2,1,9.216000325977802,4,4,0,0,40,0,0,40,3.66
1313,40,0,3,1,4.095999989658594,4,4,0,0,40,0,0,40,3.66
1314,2,0,0,0,15.359999611973763,4,4,0,1,39,0,0,40,134.41
1314,2,0,1,0,80.89599758386612,4,4,0,1,39,0,0,40,134.41
1314,2,0,2,0,9.216000325977802,4,4,0,1,39,0,0,40,134.41
1314,2,0,3,0,24.57600086927414,4,4,0,1,39,0,0,40,134.41
1314,24,0,0,0,8.191999979317188,4,4,0,2,38,0,0,40,61.29
1314,24,0,1,0,65.5359998345375,4,4,0,2,38,0,0,40,61.29
1314,24,0,2,0,9.216000325977802,4,4,0,2,38,0,0,40,61.29
1314,24,0,3,0,4.095999989658594,4,4,0,2,38,0,0,40,61.29
1314,40,0,0,1,9.216000325977802,4,4,0,0,40,0,0,40,2.011
1314,40,0,1,1,57.34400078654289,4,4,0,0,40,0,0,40,2.011
1314,40,0,2,1,9.216000325977802,4,4,0,0,40,0,0,40,2.011
1314,40,0,3,1,4.095999989658594,4,4,0,0,40,0,0,40,2.011
1315,2,0,0,0,13.311999849975109,4,4,0,0,40,0,0,40,2.98
1315,2,0,1,0,86.01599931716919,4,4,0,0,40,0,0,40,2.98
1315,2,0,2,0,8.191999979317188,4,4,0,0,40,0,0,40,2.98
1315,2,0,3,0,4.095999989658594,4,4,0,0,40,0,0,40,2.98
1315,24,0,0,0,8.191999979317188,4,4,0,1,39,0,0,40,57.28
1315,24,0,1,0,60.416001826524734,4,4,0,1,39,0,0,40,57.28
1315,24,0,2,0,9.216000325977802,4,4,0,1,39,0,0,40,57.28
1315,24,0,3,0,4.095999989658594,4,4,0,1,39,0,0,40,57.28
1315,40,0,0,1,9.216000325977802,4,4,0,0,40,0,0,40,2.01
1315,40,0,1,1,60.416001826524734,4,4,0,0,40,0,0,40,2.01
1315,40,0,2,1,8.191999979317188,4,4,0,0,40,0,0,40,2.01
1315,40,0,3,1,4.095999989658594,4,4,0,0,40,0,0,40,2.01
1316,2,0,0,0,14.336000196635723,4,4,0,0,40,0,0,40,3.111
1316,2,0,1,0,93.18400174379349,4,4,0,0,40,0,0,40,3.111
1316,2,0,2,0,9.216000325977802,4,4,0,0,40,0,0,40,3.111
1316,2,0,3,0,5.119999870657921,4,4,0,0,40,0,0,40,3.111
1316,24,0,0,0,9.216000325977802,4,4,0,0,40,0,0,40,2.28
1316,24,0,1,0,63.48799914121628,4,4,0,0,40,0,0,40,2.28
1316,24,0,2,0,8.191999979317188,4,4,0,0,40,0,0,40,2.28
1316,24,0,3,0,4.095999989658594,4,4,0,0,40,0,0,40,2.28
1316,40,0,0,1,8.191999979317188,4,4,0,0,40,0,0,40,4.1
1316,40,0,1,1,60.416001826524734,4,4,0,0,40,0,0,40,4.1
1316,40,0,2,1,9.216000325977802,4,4,0,0,40,0,0,40,4.1
1316,40,0,3,1,4.095999989658594,4,4,0,0,40,0,0,40,4.1
1317,2,0,0,0,14.336000196635723,4,4,0,0,40,0,0,40,2.291
1317,2,0,1,0,80.89599758386612,4,4,0,0,40,0,0,40,2.291
1317,2,0,2,0,9.216000325977802,4,4,0,0,40,0,0,40,2.291
1317,2,0,3,0,5.119999870657921,4,4,0,0,40,0,0,40,2.291
1317,24,0,0,0,8.191999979317188,4,4,0,0,40,0,0,40,3.711
1317,24,0,1,0,64.51199948787689,4,4,0,0,40,0,0,40,3.711
1317,24,0,2,0,9.216000325977802,4,4,0,0,40,0,0,40,3.711
1317,24,0,3,0,4.095999989658594,4,4,0,0,40,0,0,40,3.711
1317,40,0,0,1,15.359999611973763,4,4,0,1,39,0,0,40,173.059
1317,40,0,1,1,61.43999844789505,4,4,0,1,39,0,0,40,173.059
1317,40,0,2,1,9.216000325977802,4,4,0,1,39,0,0,40,173.059
1317,40,0,3,1,84.99199897050858,4,4,0,1,39,0,0,40,173.059
1318,2,0,0,0,14.336000196635723,4,4,0,0,40,0,0,40,2.849
1318,2,0,1,0,81.91999793052673,4,4,0,0,40,0,0,40,2.849
1318,2,0,2,0,8.191999979317188,4,4,0,0,40,0,0,40,2.849
1318,2,0,3,0,4.095999989658594,4,4,0,0,40,0,0,40,2.849
1318,24,0,0,0,8.191999979317188,4,4,0,0,40,0,0,40,2.32
1318,24,0,1,0,64.51199948787689,4,4,0,0,40,0,0,40,2.32
1318,24,0,2,0,9.216000325977802,4,4,0,0,40,0,0,40,2.32
1318,24,0,3,0,4.095999989658594,4,4,0,0,40,0,0,40,2.32
1318,40,0,0,1,9.216000325977802,4,4,0,1,39,0,0,40,64.74
1318,40,0,1,1,76.80000364780426,4,4,0,1,39,0,0,40,64.74
1318,40,0,2,1,9.216000325977802,4,4,0,1,39,0,0,40,64.74
1318,40,0,3,1,4.095999989658594,4,4,0,1,39,0,0,40,64.74
1319,2,0,0,0,9.216000325977802,4,4,0,1,39,0,0,40,70.159
1319,2,0,1,0,87.0399996638298,4,4,0,1,39,0,0,40,70.159
1319,2,0,2,0,9.216000325977802,4,4,0,1,39,0,0,40,70.159
1319,2,0,3,0,5.119999870657921,4,4,0,1,39,0,0,40,70.159
1319,24,0,0,0,9.216000325977802,4,4,0,0,40,0,0,40,2.24
1319,24,0,1,0,66.56000018119812,4,4,0,0,40,0,0,40,2.24
1319,24,0,2,0,9.216000325977802,4,4,0,0,40,0,0,40,2.24
1319,24,0,3,0,4.095999989658594,4,4,0,0,40,0,0,40,2.24
1319,40,0,0,1,9.216000325977802,4,4,0,0,40,0,0,40,3.839
1319,40,0,1,1,76.80000364780426,4,4,0,0,40,0,0,40,3.839
1319,40,0,2,1,9.216000325977802,4,4,0,0,40,0,0,40,3.839
1319,40,0,3,1,4.095999989658594,4,4,0,0,40,0,0,40,3.839
1320,2,0,0,0,14.336000196635723,4,4,0,1,39,0,0,40,58.569
1320,2,0,1,0,90.11200070381165,4,4,0,1,39,0,0,40,58.569
1320,2,0,2,0,8.191999979317188,4,4,0,1,39,0,0,40,58.569
1320,2,0,3,0,4.095999989658594,4,4,0,1,39,0,0,40,58.569
1320,24,0,0,0,18.432000651955605,4,4,0,0,40,0,0,40,4.029
1320,24,0,1,0,77.82399654388428,4,4,0,0,40,0,0,40,4.029
1320,24,0,2,0,9.216000325977802,4,4,0,0,40,0,0,40,4.029
1320,24,0,3,0,4.095999989658594,4,4,0,0,40,0,0,40,4.029
1320,40,0,0,1,9.216000325977802,4,4,0,0,40,0,0,40,2.4
1320,40,0,1,1,74.75200295448303,4,4,0,0,40,0,0,40,2.4
1320,40,0,2,1,9.216000325977802,4,4,0,0,40,0,0,40,2.4
1320,40,0,3,1,4.095999989658594,4,4,0,0,40,0,0,40,2.4
1321,2,0,0,0,8.191999979317188,1,1,0,0,10,0,0,10,0.83
1321,2,0,1,0,32.76799991726875,1,1,0,0,10,0,0,10,0.83
1321,2,0,2,0,9.216000325977802,1,1,0,0,10,0,0,10,0.83
1321,2,0,3,0,6.144000217318535,1,1,0,0,10,0,0,10,0.83
1321,24,0,0,0,8.191999979317188,1,1,0,0,10,0,0,10,0.57
1321,24,0,1,0,31.74399957060814,1,1,0,0,10,0,0,10,0.57
1321,24,0,2,0,9.216000325977802,1,1,0,0,10,0,0,10,0.57
1321,24,0,3,0,4.095999989658594,1,1,0,0,10,0,0,10,0.57
1321,40,0,0,1,9.216000325977802,1,1,0,0,10,0,0,10,0.44
1321,40,0,1,1,34.81600061058998,1,1,0,0,10,0,0,10,0.44
1321,40,0,2,1,8.191999979317188,1,1,0,0,10,0,0,10,0.44
1321,40,0,3,1,4.095999989658594,1,1,0,0,10,0,0,10,0.44
1322,2,0,0,0,15.359999611973763,4,4,0,0,40,0,0,40,4.41
1322,2,0,1,0,84.99199897050858,4,4,0,0,40,0,0,40,4.41
1322,2,0,2,0,9.216000325977802,4,4,0,0,40,0,0,40,4.41
1322,2,0,3,0,6.144000217318535,4,4,0,0,40,0,0,40,4.41
1322,24,0,0,0,9.216000325977802,4,4,0,5,35,0,0,40,149.53
1322,24,0,1,0,58.36800113320351,4,4,0,5,35,0,0,40,149.53
1322,24,0,2,0,9.216000325977802,4,4,0,5,35,0,0,40,149.53
1322,24,0,3,0,71.68000191450119,4,4,0,5,35,0,0,40,149.53
1322,40,0,0,1,10.239999741315842,4,4,0,1,39,0,0,40,82.51
1322,40,0,1,1,63.48799914121628,4,4,0,1,39,0,0,40,82.51
1322,40,0,2,1,9.216000325977802,4,4,0,1,39,0,0,40,82.51
1322,40,0,3,1,4.095999989658594,4,4,0,1,39,0,0,40,82.51
1323,2,0,0,0,9.216000325977802,4,4,0,0,40,0,0,40,4.52
1323,2,0,1,0,88.06400001049042,4,4,0,0,40,0,0,40,4.52
1323,2,0,2,0,8.191999979317188,4,4,0,0,40,0,0,40,4.52
1323,2,0,3,0,4.095999989658594,4,4,0,0,40,0,0,40,4.52
1323,24,0,0,0,8.191999979317188,4,4,0,2,38,0,0,40,72.62
1323,24,0,1,0,72.7040022611618,4,4,0,2,38,0,0,40,72.62
1323,24,0,2,0,8.191999979317188,4,4,0,2,38,0,0,40,72.62
1323,24,0,3,0,4.095999989658594,4,4,0,2,38,0,0,40,72.62
1323,40,0,0,1,15.359999611973763,4,4,0,1,39,0,0,40,186.769
1323,40,0,1,1,72.7040022611618,4,4,0,1,39,0,0,40,186.769
1323,40,0,2,1,9.216000325977802,4,4,0,1,39,0,0,40,186.769
1323,40,0,3,1,87.0399996638298,4,4,0,1,39,0,0,40,186.769
1324,2,0,0,0,14.336000196635723,4,4,0,1,39,0,0,40,70.509
1324,2,0,1,0,83.96799862384796,4,4,0,1,39,0,0,40,70.509
1324,2,0,2,0,8.191999979317188,4,4,0,1,39,0,0,40,70.509
1324,2,0,3,0,5.119999870657921,4,4,0,1,39,0,0,40,70.509
1324,24,0,0,0,13.311999849975109,4,4,0,0,40,0,0,40,2.36
1324,24,0,1,0,67.58400052785873,4,4,0,0,40,0,0,40,2.36
1324,24,0,2,0,9.216000325977802,4,4,0,0,40,0,0,40,2.36
1324,24,0,3,0,3.0720001086592674,4,4,0,0,40,0,0,40,2.36
1324,40,0,0,1,9.216000325977802,4,4,0,0,40,0,0,40,1.83
1324,40,0,1,1,59.39200147986412,4,4,0,0,40,0,0,40,1.83
1324,40,0,2,1,9.216000325977802,4,4,0,0,40,0,0,40,1.83
1324,40,0,3,1,5.119999870657921,4,4,0,0,40,0,0,40,1.83
1325,2,0,0,0,8.191999979317188,4,4,0,0,40,0,0,40,2.46
1325,2,0,1,0,76.80000364780426,4,4,0,0,40,0,0,40,2.46
1325,2,0,2,0,9.216000325977802,4,4,0,0,40,0,0,40,2.46
1325,2,0,3,0,6.144000217318535,4,4,0,0,40,0,0,40,2.46
1325,24,0,0,0,8.191999979317188,4,4,0,0,40,0,0,40,2.23
1325,24,0,1,0,73.72800260782242,4,4,0,0,40,0,0,40,2.23
1325,24,0,2,0,9.216000325977802,4,4,0,0,40,0,0,40,2.23
1325,24,0,3,0,4.095999989658594,4,4,0,0,40,0,0,40,2.23
1325,40,0,0,1,15.359999611973763,4,4,0,1,39,0,0,40,92.02
1325,40,0,1,1,66.56000018119812,4,4,0,1,39,0,0,40,92.02
1325,40,0,2,1,9.216000325977802,4,4,0,1,39,0,0,40,92.02
1325,40,0,3,1,4.095999989658594,4,4,0,1,39,0,0,40,92.02
1326,2,0,0,0,14.336000196635723,4,4,0,0,40,0,0,40,2.59
1326,2,0,1,0,87.0399996638298,4,4,0,0,40,0,0,40,2.59
1326,2,0,2,0,9.216000325977802,4,4,0,0,40,0,0,40,2.59
1326,2,0,3,0,5.119999870657921,4,4,0,0,40,0,0,40,2.59
1326,24,0,0,0,8.191999979317188,4,4,0,2,38,0,0,40,76.24
1326,24,0,1,0,64.51199948787689,4,4,0,2,38,0,0,40,76.24
1326,24,0,2,0,9.216000325977802,4,4,0,2,38,0,0,40,76.24
1326,24,0,3,0,4.095999989658594,4,4,0,2,38,0,0,40,76.24
1326,40,0,0,1,8.191999979317188,4,4,0,0,40,0,0,40,2.12
1326,40,0,1,1,63.48799914121628,4,4,0,0,40,0,0,40,2.12
1326,40,0,2,1,9.216000325977802,4,4,0,0,40,0,0,40,2.12
1326,40,0,3,1,3.0720001086592674,4,4,0,0,40,0,0,40,2.12
1327,2,0,0,0,15.359999611973763,3,3,0,0,30,0,0,30,1.42
1327,2,0,1,0,75.77600330114365,3,3,0,0,30,0,0,30,1.42
1327,2,0,2,0,9.216000325977802,3,3,0,0,30,0,0,30,1.42
1327,2,0,3,0,5.119999870657921,3,3,0,0,30,0,0,30,1.42
1327,24,0,0,0,9.216000325977802,3,3,0,1,29,0,0,30,55.072
1327,24,0,1,0,52.22399905323982,3,3,0,1,29,0,0,30,55.072
1327,24,0,2,0,8.191999979317188,3,3,0,1,29,0,0,30,55.072
1327,24,0,3,0,4.095999989658594,3,3,0,1,29,0,0,30,55.072
1327,40,0,0,1,9.216000325977802,3,3,0,0,30,0,0,30,1.409
1327,40,0,1,1,68.60800087451935,3,3,0,0,30,0,0,30,1.409
1327,40,0,2,1,9.216000325977802,3,3,0,0,30,0,0,30,1.409
1327,40,0,3,1,4.095999989658594,3,3,0,0,30,0,0,30,1.409
1328,2,0,0,0,13.311999849975109,4,4,0,0,40,0,0,40,2.62
1328,2,0,1,0,76.80000364780426,4,4,0,0,40,0,0,40,2.62
1328,2,0,2,0,9.216000325977802,4,4,0,0,40,0,0,40,2.62
1328,2,0,3,0,5.119999870657921,4,4,0,0,40,0,0,40,2.62
1328,24,0,0,0,9.216000325977802,4,4,0,0,40,0,0,40,1.76
1328,24,0,1,0,56.32000043988228,4,4,0,0,40,0,0,40,1.76
1328,24,0,2,0,9.216000325977802,4,4,0,0,40,0,0,40,1.76
1328,24,0,3,0,4.095999989658594,4,4,0,0,40,0,0,40,1.76
1328,40,0,0,1,8.191999979317188,4,4,0,0,40,0,0,40,2.04
1328,40,0,1,1,64.51199948787689,4,4,0,0,40,0,0,40,2.04
1328,40,0,2,1,9.216000325977802,4,4,0,0,40,0,0,40,2.04
1328,40,0,3,1,4.095999989658594,4,4,0,0,40,0,0,40,2.04
1329,2,0,0,0,15.359999611973763,4,4,0,0,40,0,0,40,2.63
1329,2,0,1,0,82.94399827718735,4,4,0,0,40,0,0,40,2.63
1329,2,0,2,0,8.191999979317188,4,4,0,0,40,0,0,40,2.63
1329,2,0,3,0,5.119999870657921,4,4,0,0,40,0,0,40,2.63
1329,24,0,0,0,9.216000325977802,4,4,0,0,40,0,0,40,2.48
1329,24,0,1,0,74.75200295448303,4,4,0,0,40,0,0,40,2.48
1329,24,0,2,0,9.216000325977802,4,4,0,0,40,0,0,40,2.48
1329,24,0,3,0,4.095999989658594,4,4,0,0,40,0,0,40,2.48
1329,40,0,0,1,8.191999979317188,4,4,0,0,40,0,0,40,4.309
1329,40,0,1,1,91.13600105047226,4,4,0,0,40,0,0,40,4.309
1329,40,0,2,1,9.216000325977802,4,4,0,0,40,0,0,40,4.309
1329,40,0,3,1,4.095999989658594,4,4,0,0,40,0,0,40,4.309
1330,2,0,0,0,14.336000196635723,4,4,0,0,40,0,0,40,2.38
1330,2,0,1,0,75.77600330114365,4,4,0,0,40,0,0,40,2.38
1330,2,0,2,0,9.216000325977802,4,4,0,0,40,0,0,40,2.38
1330,2,0,3,0,5.119999870657921,4,4,0,0,40,0,0,40,2.38
1330,24,0,0,0,9.216000325977802,4,4,0,1,39,0,0,40,186.969
1330,24,0,1,0,68.60800087451935,4,4,0,1,39,0,0,40,186.969
1330,24,0,2,0,9.216000325977802,4,4,0,1,39,0,0,40,186.969
1330,24,0,3,0,96.25600278377533,4,4,0,1,39,0,0,40,186.969
1330,40,0,0,1,18.432000651955605,4,4,0,1,39,0,0,40,82.38
1330,40,0,1,1,98.30400347709656,4,4,0,1,39,0,0,40,82.38
1330,40,0,2,1,8.191999979317188,4,4,0,1,39,0,0,40,82.38
1330,40,0,3,1,3.0720001086592674,4,4,0,1,39,0,0,40,82.38
1331,2,0,0,0,8.191999979317188,4,4,0,1,39,0,0,40,68.939
1331,2,0,1,0,81.91999793052673,4,4,0,1,39,0,0,40,68.939
1331,2,0,2,0,9.216000325977802,4,4,0,1,39,0,0,40,68.939
1331,2,0,3,0,5.119999870657921,4,4,0,1,39,0,0,40,68.939
1331,24,0,0,0,8.191999979317188,4,4,0,0,40,0,0,40,2.47
1331,24,0,1,0,84.99199897050858,4,4,0,0,40,0,0,40,2.47
1331,24,0,2,0,9.216000325977802,4,4,0,0,40,0,0,40,2.47
1331,24,0,3,0,4.095999989658594,4,4,0,0,40,0,0,40,2.47
1331,40,0,0,1,15.359999611973763,4,4,0,3,37,0,0,40,186.06
1331,40,0,1,1,95.23200243711472,4,4,0,3,37,0,0,40,186.06
1331,40,0,2,1,9.216000325977802,4,4,0,3,37,0,0,40,186.06
1331,40,0,3,1,62.463998794555664,4,4,0,3,37,0,0,40,186.06
1332,2,0,0,0,9.216000325977802,4,4,0,1,39,0,0,40,69.501
1332,2,0,1,0,69.63200122117996,4,4,0,1,39,0,0,40,69.501
1332,2,0,2,0,9.216000325977802,4,4,0,1,39,0,0,40,69.501
1332,2,0,3,0,4.095999989658594,4,4,0,1,39,0,0,40,69.501
1332,24,0,0,0,8.191999979317188,4,4,0,0,40,0,0,40,3.851
1332,24,0,1,0,75.77600330114365,4,4,0,0,40,0,0,40,3.851
1332,24,0,2,0,9.216000325977802,4,4,0,0,40,0,0,40,3.851
1332,24,0,3,0,4.095999989658594,4,4,0,0,40,0,0,40,3.851
1332,40,0,0,1,15.359999611973763,4,4,0,3,37,0,0,40,504.249
1332,40,0,1,1,84.99199897050858,4,4,0,3,37,0,0,40,504.249
1332,40,0,2,1,9.216000325977802,4,4,0,3,37,0,0,40,504.249
1332,40,0,3,1,391.1679983139038,4,4,0,3,37,0,0,40,504.249
1333,2,0,0,0,9.216000325977802,2,2,0,0,20,0,0,20,1.291
1333,2,0,1,0,51.19999870657921,2,2,0,0,20,0,0,20,1.291
1333,2,0,2,0,9.216000325977802,2,2,0,0,20,0,0,20,1.291
1333,2,0,3,0,6.144000217318535,2,2,0,0,20,0,0,20,1.291
1333,24,0,0,0,9.216000325977802,2,2,0,0,20,0,0,20,1.2
1333,24,0,1,0,40.95999896526337,2,2,0,0,20,0,0,20,1.2
1333,24,0,2,0,9.216000325977802,2,2,0,0,20,0,0,20,1.2
1333,24,0,3,0,5.119999870657921,2,2,0,0,20,0,0,20,1.2
1333,40,0,0,1,8.191999979317188,2,2,0,1,19,0,0,20,67.11
1333,40,0,1,1,53.247999399900436,2,2,0,1,19,0,0,20,67.11
1333,40,0,2,1,9.216000325977802,2,2,0,1,19,0,0,20,67.11
1333,40,0,3,1,4.095999989658594,2,2,0,1,19,0,0,20,67.11
1334,2,0,0,0,15.359999611973763,3,3,0,0,30,0,0,30,2.4
1334,2,0,1,0,66.56000018119812,3,3,0,0,30,0,0,30,2.4
1334,2,0,2,0,8.191999979317188,3,3,0,0,30,0,0,30,2.4
1334,2,0,3,0,5.119999870657921,3,3,0,0,30,0,0,30,2.4
1334,24,0,0,0,10.239999741315842,3,3,0,0,30,0,0,30,2.11
1334,24,0,1,0,68.60800087451935,3,3,0,0,30,0,0,30,2.11
1334,24,0,2,0,9.216000325977802,3,3,0,0,30,0,0,30,2.11
1334,24,0,3,0,4.095999989658594,3,3,0,0,30,0,0,30,2.11
1334,40,0,0,1,16.383999958634377,3,3,0,3,27,0,0,30,280.569
1334,40,0,1,1,70.65600156784058,3,3,0,3,27,0,0,30,280.569
1334,40,0,2,1,9.216000325977802,3,3,0,3,27,0,0,30,280.569
1334,40,0,3,1,179.19999361038208,3,3,0,3,27,0,0,30,280.569
1335,2,0,0,0,14.336000196635723,4,4,0,0,40,0,0,40,2.58
1335,2,0,1,0,67.58400052785873,4,4,0,0,40,0,0,40,2.58
1335,2,0,2,0,9.216000325977802,4,4,0,0,40,0,0,40,2.58
1335,2,0,3,0,4.095999989658594,4,4,0,0,40,0,0,40,2.58
1335,24,0,0,0,8.191999979317188,4,4,0,1,39,0,0,40,73.25
1335,24,0,1,0,66.56000018119812,4,4,0,1,39,0,0,40,73.25
1335,24,0,2,0,8.191999979317188,4,4,0,1,39,0,0,40,73.25
1335,24,0,3,0,4.095999989658594,4,4,0,1,39,0,0,40,73.25
1335,40,0,0,1,15.359999611973763,4,4,0,3,37,0,0,40,171.65
1335,40,0,1,1,89.08800035715103,4,4,0,3,37,0,0,40,171.65
1335,40,0,2,1,9.216000325977802,4,4,0,3,37,0,0,40,171.65
1335,40,0,3,1,53.247999399900436,4,4,0,3,37,0,0,40,171.65
1336,2,0,0,0,14.336000196635723,4,4,0,0,40,0,0,40,2.49
1336,2,0,1,0,61.43999844789505,4,4,0,0,40,0,0,40,2.49
1336,2,0,2,0,10.239999741315842,4,4,0,0,40,0,0,40,2.49
1336,2,0,3,0,4.095999989658594,4,4,0,0,40,0,0,40,2.49
1336,24,0,0,0,9.216000325977802,4,4,0,0,40,0,0,40,3.78
1336,24,0,1,0,61.43999844789505,4,4,0,0,40,0,0,40,3.78
1336,24,0,2,0,9.216000325977802,4,4,0,0,40,0,0,40,3.78
1336,24,0,3,0,4.095999989658594,4,4,0,0,40,0,0,40,3.78
1336,40,0,0,1,8.191999979317188,4,4,0,4,36,0,0,40,187.51
1336,40,0,1,1,80.89599758386612,4,4,0,4,36,0,0,40,187.51
1336,40,0,2,1,8.191999979317188,4,4,0,4,36,0,0,40,187.51
1336,40,0,3,1,84.99199897050858,4,4,0,4,36,0,0,40,187.51
1337,2,0,0,0,15.359999611973763,4,4,0,0,40,0,0,40,4.689
1337,2,0,1,0,79.8719972372055,4,4,0,0,40,0,0,40,4.689
1337,2,0,2,0,9.216000325977802,4,4,0,0,40,0,0,40,4.689
1337,2,0,3,0,5.119999870657921,4,4,0,0,40,0,0,40,4.689
1337,24,0,0,0,8.191999979317188,4,4,0,0,40,0,0,40,2.45
1337,24,0,1,0,59.39200147986412,4,4,0,0,40,0,0,40,2.45
1337,24,0,2,0,8.191999979317188,4,4,0,0,40,0,0,40,2.45
1337,24,0,3,0,5.119999870657921,4,4,0,0,40,0,0,40,2.45
1337,40,0,0,1,8.191999979317188,4,4,0,0,40,0,0,40,2.22
1337,40,0,1,1,74.75200295448303,4,4,0,0,40,0,0,40,2.22
1337,40,0,2,1,9.216000325977802,4,4,0,0,40,0,0,40,2.22
1337,40,0,3,1,4.095999989658594,4,4,0,0,40,0,0,40,2.22
1338,2,0,0,0,14.336000196635723,4,4,0,0,40,0,0,40,2.44
1338,2,0,1,0,70.65600156784058,4,4,0,0,40,0,0,40,2.44
1338,2,0,2,0,9.216000325977802,4,4,0,0,40,0,0,40,2.44
1338,2,0,3,0,5.119999870657921,4,4,0,0,40,0,0,40,2.44
1338,24,0,0,0,8.191999979317188,4,4,0,0,40,0,0,40,2.04
1338,24,0,1,0,52.22399905323982,4,4,0,0,40,0,0,40,2.04
1338,24,0,2,0,9.216000325977802,4,4,0,0,40,0,0,40,2.04
1338,24,0,3,0,4.095999989658594,4,4,0,0,40,0,0,40,2.04
1338,40,0,0,1,15.359999611973763,4,4,0,2,38,0,0,40,134.979
1338,40,0,1,1,74.75200295448303,4,4,0,2,38,0,0,40,134.979
1338,40,0,2,1,8.191999979317188,4,4,0,2,38,0,0,40,134.979
1338,40,0,3,1,31.74399957060814,4,4,0,2,38,0,0,40,134.979
1339,2,0,0,0,8.191999979317188,4,4,0,1,39,0,0,40,109.799
1339,2,0,1,0,79.8719972372055,4,4,0,1,39,0,0,40,109.799
1339,2,0,2,0,10.239999741315842,4,4,0,1,39,0,0,40,109.799
1339,2,0,3,0,6.144000217318535,4,4,0,1,39,0,0,40,109.799
1339,24,0,0,0,8.191999979317188,4,4,0,0,40,0,0,40,4.38
1339,24,0,1,0,61.43999844789505,4,4,0,0,40,0,0,40,4.38
1339,24,0,2,0,9.216000325977802,4,4,0,0,40,0,0,40,4.38
1339,24,0,3,0,4.095999989658594,4,4,0,0,40,0,0,40,4.38
1339,40,0,0,1,9.216000325977802,4,4,0,0,40,0,0,40,3.76
1339,40,0,1,1,72.7040022611618,4,4,0,0,40,0,0,40,3.76
1339,40,0,2,1,9.216000325977802,4,4,0,0,40,0,0,40,3.76
1339,40,0,3,1,3.0720001086592674,4,4,0,0,40,0,0,40,3.76
1340,2,0,0,0,14.336000196635723,4,4,0,0,40,0,0,40,2.49
1340,2,0,1,0,84.99199897050858,4,4,0,0,40,0,0,40,2.49
1340,2,0,2,0,9.216000325977802,4,4,0,0,40,0,0,40,2.49
1340,2,0,3,0,7.168000098317862,4,4,0,0,40,0,0,40,2.49
1340,24,0,0,0,8.191999979317188,4,4,0,0,40,0,0,40,2.04
1340,24,0,1,0,63.48799914121628,4,4,0,0,40,0,0,40,2.04
1340,24,0,2,0,9.216000325977802,4,4,0,0,40,0,0,40,2.04
1340,24,0,3,0,3.0720001086592674,4,4,0,0,40,0,0,40,2.04
1340,40,0,0,1,9.216000325977802,4,4,0,0,40,0,0,40,2.0
1340,40,0,1,1,70.65600156784058,4,4,0,0,40,0,0,40,2.0
1340,40,0,2,1,9.216000325977802,4,4,0,0,40,0,0,40,2.0
1340,40,0,3,1,4.095999989658594,4,4,0,0,40,0,0,40,2.0
1341,2,0,0,0,14.336000196635723,4,4,0,0,40,0,0,40,4.96
1341,2,0,1,0,80.89599758386612,4,4,0,0,40,0,0,40,4.96
1341,2,0,2,0,9.216000325977802,4,4,0,0,40,0,0,40,4.96
1341,2,0,3,0,4.095999989658594,4,4,0,0,40,0,0,40,4.96
1341,24,0,0,0,8.191999979317188,4,4,0,0,40,0,0,40,2.25
1341,24,0,1,0,62.463998794555664,4,4,0,0,40,0,0,40,2.25
1341,24,0,2,0,9.216000325977802,4,4,0,0,40,0,0,40,2.25
1341,24,0,3,0,4.095999989658594,4,4,0,0,40,0,0,40,2.25
1341,40,0,0,1,8.191999979317188,4,4,0,0,40,0,0,40,4.591
1341,40,0,1,1,78.84799689054489,4,4,0,0,40,0,0,40,4.591
1341,40,0,2,1,9.216000325977802,4,4,0,0,40,0,0,40,4.591
1341,40,0,3,1,4.095999989658594,4,4,0,0,40,0,0,40,4.591
1342,2,0,0,0,8.191999979317188,4,4,0,1,39,0,0,40,115.9
1342,2,0,1,0,69.63200122117996,4,4,0,1,39,0,0,40,115.9
1342,2,0,2,0,9.216000325977802,4,4,0,1,39,0,0,40,115.9
1342,2,0,3,0,25.599999353289604,4,4,0,1,39,0,0,40,115.9
1342,24,0,0,0,8.191999979317188,4,4,0,0,40,0,0,40,2.2
1342,24,0,1,0,65.5359998345375,4,4,0,0,40,0,0,40,2.2
1342,24,0,2,0,9.216000325977802,4,4,0,0,40,0,0,40,2.2
1342,24,0,3,0,4.095999989658594,4,4,0,0,40,0,0,40,2.2
1342,40,0,0,1,15.359999611973763,4,4,0,2,38,0,0,40,167.87
1342,40,0,1,1,54.27199974656105,4,4,0,2,38,0,0,40,167.87
1342,40,0,2,1,9.216000325977802,4,4,0,2,38,0,0,40,167.87
1342,40,0,3,1,84.99199897050858,4,4,0,2,38,0,0,40,167.87
1343,2,0,0,0,14.336000196635723,4,4,0,1,39,0,0,40,67.199
1343,2,0,1,0,87.0399996638298,4,4,0,1,39,0,0,40,67.199
1343,2,0,2,0,8.191999979317188,4,4,0,1,39,0,0,40,67.199
1343,2,0,3,0,5.119999870657921,4,4,0,1,39,0,0,40,67.199
1343,24,0,0,0,8.191999979317188,4,4,0,0,40,0,0,40,2.4
1343,24,0,1,0,75.77600330114365,4,4,0,0,40,0,0,40,2.4
1343,24,0,2,0,9.216000325977802,4,4,0,0,40,0,0,40,2.4
1343,24,0,3,0,4.095999989658594,4,4,0,0,40,0,0,40,2.4
1343,40,0,0,1,15.359999611973763,4,4,0,2,38,0,0,40,79.069
1343,40,0,1,1,70.65600156784058,4,4,0,2,38,0,0,40,79.069
1343,40,0,2,1,9.216000325977802,4,4,0,2,38,0,0,40,79.069
1343,40,0,3,1,4.095999989658594,4,4,0,2,38,0,0,40,79.069
1344,2,0,0,0,15.359999611973763,3,3,0,0,30,0,0,30,1.61
1344,2,0,1,0,56.32000043988228,3,3,0,0,30,0,0,30,1.61
1344,2,0,2,0,9.216000325977802,3,3,0,0,30,0,0,30,1.61
1344,2,0,3,0,5.119999870657921,3,3,0,0,30,0,0,30,1.61
1344,24,0,0,0,8.191999979317188,3,3,0,0,30,0,0,30,1.6
1344,24,0,1,0,44.03200000524521,3,3,0,0,30,0,0,30,1.6
1344,24,0,2,0,9.216000325977802,3,3,0,0,30,0,0,30,1.6
1344,24,0,3,0,4.095999989658594,3,3,0,0,30,0,0,30,1.6
1344,40,0,0,1,9.216000325977802,3,3,0,0,30,0,0,30,1.21
1344,40,0,1,1,41.98399931192398,3,3,0,0,30,0,0,30,1.21
1344,40,0,2,1,9.216000325977802,3,3,0,0,30,0,0,30,1.21
1344,40,0,3,1,4.095999989658594,3,3,0,0,30,0,0,30,1.21
1345,2,0,0,0,14.336000196635723,4,4,0,0,40,0,0,40,2.42
1345,2,0,1,0,89.08800035715103,4,4,0,0,40,0,0,40,2.42
1345,2,0,2,0,9.216000325977802,4,4,0,0,40,0,0,40,2.42
1345,2,0,3,0,5.119999870657921,4,4,0,0,40,0,0,40,2.42
1345,24,0,0,0,8.191999979317188,4,4,0,0,40,0,0,40,1.8
1345,24,0,1,0,65.5359998345375,4,4,0,0,40,0,0,40,1.8
1345,24,0,2,0,9.216000325977802,4,4,0,0,40,0,0,40,1.8
1345,24,0,3,0,4.095999989658594,4,4,0,0,40,0,0,40,1.8
1345,40,0,0,1,9.216000325977802,4,4,0,0,40,0,0,40,2.5
1345,40,0,1,1,79.8719972372055,4,4,0,0,40,0,0,40,2.5
1345,40,0,2,1,9.216000325977802,4,4,0,0,40,0,0,40,2.5
1345,40,0,3,1,4.095999989658594,4,4,0,0,40,0,0,40,2.5
1346,2,0,0,0,15.359999611973763,4,4,0,0,40,0,0,40,2.89
1346,2,0,1,0,71.68000191450119,4,4,0,0,40,0,0,40,2.89
1346,2,0,2,0,9.216000325977802,4,4,0,0,40,0,0,40,2.89
1346,2,0,3,0,4.095999989658594,4,4,0,0,40,0,0,40,2.89
1346,24,0,0,0,9.216000325977802,4,4,0,2,38,0,0,40,78.12
1346,24,0,1,0,61.43999844789505,4,4,0,2,38,0,0,40,78.12
1346,24,0,2,0,9.216000325977802,4,4,0,2,38,0,0,40,78.12
1346,24,0,3,0,4.095999989658594,4,4,0,2,38,0,0,40,78.12
1346,40,0,0,1,9.216000325977802,4,4,0,0,40,0,0,40,3.731
1346,40,0,1,1,60.416001826524734,4,4,0,0,40,0,0,40,3.731
1346,40,0,2,1,9.216000325977802,4,4,0,0,40,0,0,40,3.731
1346,40,0,3,1,4.095999989658594,4,4,0,0,40,0,0,40,3.731
1347,2,0,0,0,13.311999849975109,4,4,0,0,40,0,0,40,4.071
1347,2,0,1,0,74.75200295448303,4,4,0,0,40,0,0,40,4.071
1347,2,0,2,0,9.216000325977802,4,4,0,0,40,0,0,40,4.071
1347,2,0,3,0,5.119999870657921,4,4,0,0,40,0,0,40,4.071
1347,24,0,0,0,8.191999979317188,4,4,0,1,39,0,0,40,57.15
1347,24,0,1,0,75.77600330114365,4,4,0,1,39,0,0,40,57.15
1347,24,0,2,0,9.216000325977802,4,4,0,1,39,0,0,40,57.15
1347,24,0,3,0,4.095999989658594,4,4,0,1,39,0,0,40,57.15
1347,40,0,0,1,9.216000325977802,4,4,0,0,40,0,0,40,4.531
1347,40,0,1,1,72.7040022611618,4,4,0,0,40,0,0,40,4.531
1347,40,0,2,1,9.216000325977802,4,4,0,0,40,0,0,40,4.531
1347,40,0,3,1,4.095999989658594,4,4,0,0,40,0,0,40,4.531
1348,2,0,0,0,8.191999979317188,4,4,0,0,40,0,0,40,4.611
1348,2,0,1,0,61.43999844789505,4,4,0,0,40,0,0,40,4.611
1348,2,0,2,0,9.216000325977802,4,4,0,0,40,0,0,40,4.611
1348,2,0,3,0,4.095999989658594,4,4,0,0,40,0,0,40,4.611
1348,24,0,0,0,8.191999979317188,4,4,0,0,40,0,0,40,2.28
1348,24,0,1,0,74.75200295448303,4,4,0,0,40,0,0,40,2.28
1348,24,0,2,0,8.191999979317188,4,4,0,0,40,0,0,40,2.28
1348,24,0,3,0,4.095999989658594,4,4,0,0,40,0,0,40,2.28
1348,40,0,0,1,10.239999741315842,4,4,0,0,40,0,0,40,2.04
1348,40,0,1,1,87.0399996638298,4,4,0,0,40,0,0,40,2.04
1348,40,0,2,1,9.216000325977802,4,4,0,0,40,0,0,40,2.04
1348,40,0,3,1,4.095999989658594,4,4,0,0,40,0,0,40,2.04
1349,2,0,0,0,8.191999979317188,4,4,0,1,39,0,0,40,117.379
1349,2,0,1,0,71.68000191450119,4,4,0,1,39,0,0,40,117.379
1349,2,0,2,0,9.216000325977802,4,4,0,1,39,0,0,40,117.379
1349,2,0,3,0,23.552000522613525,4,4,0,1,39,0,0,40,117.379
1349,24,0,0,0,8.191999979317188,4,4,0,0,40,0,0,40,2.4
1349,24,0,1,0,81.91999793052673,4,4,0,0,40,0,0,40,2.4
1349,24,0,2,0,9.216000325977802,4,4,0,0,40,0,0,40,2.4
1349,24,0,3,0,4.095999989658594,4,4,0,0,40,0,0,40,2.4
1349,40,0,0,1,15.359999611973763,4,4,0,2,38,0,0,40,139.2
1349,40,0,1,1,87.0399996638298,4,4,0,2,38,0,0,40,139.2
1349,40,0,2,1,8.191999979317188,4,4,0,2,38,0,0,40,139.2
1349,40,0,3,1,22.52800017595291,4,4,0,2,38,0,0,40,139.2
1350,2,0,0,0,14.336000196635723,4,4,0,0,40,0,0,40,2.44
1350,2,0,1,0,88.06400001049042,4,4,0,0,40,0,0,40,2.44
1350,2,0,2,0,9.216000325977802,4,4,0,0,40,0,0,40,2.44
1350,2,0,3,0,4.095999989658594,4,4,0,0,40,0,0,40,2.44
1350,24,0,0,0,8.191999979317188,4,4,0,2,38,0,0,40,152.309
1350,24,0,1,0,81.91999793052673,4,4,0,2,38,0,0,40,152.309
1350,24,0,2,0,9.216000325977802,4,4,0,2,38,0,0,40,152.309
1350,24,0,3,0,50.175998359918594,4,4,0,2,38,0,0,40,152.309
1350,40,0,0,1,9.216000325977802,4,4,0,0,40,0,0,40,2.32
1350,40,0,1,1,74.75200295448303,4,4,0,0,40,0,0,40,2.32
1350,40,0,2,1,8.191999979317188,4,4,0,0,40,0,0,40,2.32
1350,40,0,3,1,4.095999989658594,4,4,0,0,40,0,0,40,2.32
1351,2,0,0,0,16.383999958634377,3,3,0,0,30,0,0,30,1.32
1351,2,0,1,0,66.56000018119812,3,3,0,0,30,0,0,30,1.32
1351,2,0,2,0,9.216000325977802,3,3,0,0,30,0,0,30,1.32
1351,2,0,3,0,5.119999870657921,3,3,0,0,30,0,0,30,1.32
1351,24,0,0,0,9.216000325977802,3,3,0,0,30,0,0,30,3.28
1351,24,0,1,0,62.463998794555664,3,3,0,0,30,0,0,30,3.28
1351,24,0,2,0,9.216000325977802,3,3,0,0,30,0,0,30,3.28
1351,24,0,3,0,4.095999989658594,3,3,0,0,30,0,0,30,3.28
1351,40,0,0,1,9.216000325977802,3,3,0,0,30,0,0,30,1.98
1351,40,0,1,1,59.39200147986412,3,3,0,0,30,0,0,30,1.98
1351,40,0,2,1,9.216000325977802,3,3,0,0,30,0,0,30,1.98
1351,40,0,3,1,4.095999989658594,3,3,0,0,30,0,0,30,1.98
1352,2,0,0,0,13.311999849975109,4,4,0,0,40,0,0,40,3.07
1352,2,0,1,0,86.01599931716919,4,4,0,0,40,0,0,40,3.07
1352,2,0,2,0,9.216000325977802,4,4,0,0,40,0,0,40,3.07
1352,2,0,3,0,4.095999989658594,4,4,0,0,40,0,0,40,3.07
1352,24,0,0,0,8.191999979317188,4,4,0,0,40,0,0,40,2.291
1352,24,0,1,0,79.8719972372055,4,4,0,0,40,0,0,40,2.291
1352,24,0,2,0,9.216000325977802,4,4,0,0,40,0,0,40,2.291
1352,24,0,3,0,4.095999989658594,4,4,0,0,40,0,0,40,2.291
1352,40,0,0,1,9.216000325977802,4,4,0,0,40,0,0,40,3.74
1352,40,0,1,1,88.06400001049042,4,4,0,0,40,0,0,40,3.74
1352,40,0,2,1,9.216000325977802,4,4,0,0,40,0,0,40,3.74
1352,40,0,3,1,4.095999989658594,4,4,0,0,40,0,0,40,3.74
1353,2,0,0,0,15.359999611973763,4,4,0,0,40,0,0,40,2.3
1353,2,0,1,0,76.80000364780426,4,4,0,0,40,0,0,40,2.3
1353,2,0,2,0,9.216000325977802,4,4,0,0,40,0,0,40,2.3
1353,2,0,3,0,5.119999870657921,4,4,0,0,40,0,0,40,2.3
1353,24,0,0,0,8.191999979317188,4,4,0,0,40,0,0,40,2.11
1353,24,0,1,0,71.68000191450119,4,4,0,0,40,0,0,40,2.11
1353,24,0,2,0,9.216000325977802,4,4,0,0,40,0,0,40,2.11
1353,24,0,3,0,4.095999989658594,4,4,0,0,40,0,0,40,2.11
1353,40,0,0,1,15.359999611973763,4,4,0,1,39,0,0,40,99.26
1353,40,0,1,1,71.68000191450119,4,4,0,1,39,0,0,40,99.26
1353,40,0,2,1,9.216000325977802,4,4,0,1,39,0,0,40,99.26
1353,40,0,3,1,4.095999989658594,4,4,0,1,39,0,0,40,99.26
1354,2,0,0,0,9.216000325977802,4,4,0,1,39,0,0,40,68.98
1354,2,0,1,0,69.63200122117996,4,4,0,1,39,0,0,40,68.98
1354,2,0,2,0,9.216000325977802,4,4,0,1,39,0,0,40,68.98
1354,2,0,3,0,5.119999870657921,4,4,0,1,39,0,0,40,68.98
1354,24,0,0,0,9.216000325977802,4,4,0,0,40,0,0,40,2.02
1354,24,0,1,0,64.51199948787689,4,4,0,0,40,0,0,40,2.02
1354,24,0,2,0,9.216000325977802,4,4,0,0,40,0,0,40,2.02
1354,24,0,3,0,4.095999989658594,4,4,0,0,40,0,0,40,2.02
1354,40,0,0,1,15.359999611973763,4,4,0,2,38,0,0,40,121.179
1354,40,0,1,1,84.99199897050858,4,4,0,2,38,0,0,40,121.179
1354,40,0,2,1,11.264000087976456,4,4,0,2,38,0,0,40,121.179
1354,40,0,3,1,6.144000217318535,4,4,0,2,38,0,0,40,121.179
1355,2,0,0,0,14.336000196635723,4,4,0,0,40,0,0,40,2.3
1355,2,0,1,0,88.06400001049042,4,4,0,0,40,0,0,40,2.3
1355,2,0,2,0,8.191999979317188,4,4,0,0,40,0,0,40,2.3
1355,2,0,3,0,4.095999989658594,4,4,0,0,40,0,0,40,2.3
1355,24,0,0,0,8.191999979317188,4,4,0,0,40,0,0,40,2.14
1355,24,0,1,0,74.75200295448303,4,4,0,0,40,0,0,40,2.14
1355,24,0,2,0,9.216000325977802,4,4,0,0,40,0,0,40,2.14
1355,24,0,3,0,4.095999989658594,4,4,0,0,40,0,0,40,2.14
1355,40,0,0,1,15.359999611973763,4,4,0,2,38,0,0,40,82.119
1355,40,0,1,1,68.60800087451935,4,4,0,2,38,0,0,40,82.119
1355,40,0,2,1,8.191999979317188,4,4,0,2,38,0,0,40,82.119
1355,40,0,3,1,4.095999989658594,4,4,0,2,38,0,0,40,82.119
1356,2,0,0,0,8.191999979317188,4,4,0,1,39,0,0,40,84.311
1356,2,0,1,0,89.08800035715103,4,4,0,1,39,0,0,40,84.311
1356,2,0,2,0,9.216000325977802,4,4,0,1,39,0,0,40,84.311
1356,2,0,3,0,5.119999870657921,4,4,0,1,39,0,0,40,84.311
1356,24,0,0,0,8.191999979317188,4,4,0,0,40,0,0,40,2.46
1356,24,0,1,0,80.89599758386612,4,4,0,0,40,0,0,40,2.46
1356,24,0,2,0,9.216000325977802,4,4,0,0,40,0,0,40,2.46
1356,24,0,3,0,4.095999989658594,4,4,0,0,40,0,0,40,2.46
1356,40,0,0,1,15.359999611973763,4,4,0,1,39,0,0,40,81.791
1356,40,0,1,1,86.01599931716919,4,4,0,1,39,0,0,40,81.791
1356,40,0,2,1,9.216000325977802,4,4,0,1,39,0,0,40,81.791
1356,40,0,3,1,4.095999989658594,4,4,0,1,39,0,0,40,81.791
1357,2,0,0,0,9.216000325977802,4,4,0,1,39,0,0,40,77.11
1357,2,0,1,0,73.72800260782242,4,4,0,1,39,0,0,40,77.11
1357,2,0,2,0,8.191999979317188,4,4,0,1,39,0,0,40,77.11
1357,2,0,3,0,5.119999870657921,4,4,0,1,39,0,0,40,77.11
1357,24,0,0,0,8.191999979317188,4,4,0,0,40,0,0,40,2.16
1357,24,0,1,0,71.68000191450119,4,4,0,0,40,0,0,40,2.16
1357,24,0,2,0,8.191999979317188,4,4,0,0,40,0,0,40,2.16
1357,24,0,3,0,4.095999989658594,4,4,0,0,40,0,0,40,2.16
1357,40,0,0,1,8.191999979317188,4,4,0,0,40,0,0,40,4.529
1357,40,0,1,1,87.0399996638298,4,4,0,0,40,0,0,40,4.529
1357,40,0,2,1,9.216000325977802,4,4,0,0,40,0,0,40,4.529
1357,40,0,3,1,4.095999989658594,4,4,0,0,40,0,0,40,4.529
1358,2,0,0,0,8.191999979317188,4,4,0,1,39,0,0,40,76.95
1358,2,0,1,0,84.99199897050858,4,4,0,1,39,0,0,40,76.95
1358,2,0,2,0,9.216000325977802,4,4,0,1,39,0,0,40,76.95
1358,2,0,3,0,4.095999989658594,4,4,0,1,39,0,0,40,76.95
1358,24,0,0,0,8.191999979317188,4,4,0,0,40,0,0,40,4.52
1358,24,0,1,0,67.58400052785873,4,4,0,0,40,0,0,40,4.52
1358,24,0,2,0,9.216000325977802,4,4,0,0,40,0,0,40,4.52
1358,24,0,3,0,4.095999989658594,4,4,0,0,40,0,0,40,4.52
1358,40,0,0,1,15.359999611973763,4,4,0,1,39,0,0,40,79.47
1358,40,0,1,1,65.5359998345375,4,4,0,1,39,0,0,40,79.47
1358,40,0,2,1,9.216000325977802,4,4,0,1,39,0,0,40,79.47
1358,40,0,3,1,4.095999989658594,4,4,0,1,39,0,0,40,79.47
1359,2,0,0,0,15.359999611973763,4,4,0,0,40,0,0,40,2.669
1359,2,0,1,0,84.99199897050858,4,4,0,0,40,0,0,40,2.669
1359,2,0,2,0,9.216000325977802,4,4,0,0,40,0,0,40,2.669
1359,2,0,3,0,6.144000217318535,4,4,0,0,40,0,0,40,2.669
1359,24,0,0,0,9.216000325977802,4,4,0,0,40,0,0,40,2.151
1359,24,0,1,0,68.60800087451935,4,4,0,0,40,0,0,40,2.151
1359,24,0,2,0,9.216000325977802,4,4,0,0,40,0,0,40,2.151
1359,24,0,3,0,4.095999989658594,4,4,0,0,40,0,0,40,2.151
1359,40,0,0,1,8.191999979317188,4,4,0,0,40,0,0,40,3.511
1359,40,0,1,1,59.39200147986412,4,4,0,0,40,0,0,40,3.511
1359,40,0,2,1,10.239999741315842,4,4,0,0,40,0,0,40,3.511
1359,40,0,3,1,4.095999989658594,4,4,0,0,40,0,0,40,3.511
1360,2,0,0,0,13.311999849975109,4,4,0,0,40,0,0,40,4.47
1360,2,0,1,0,65.5359998345375,4,4,0,0,40,0,0,40,4.47
1360,2,0,2,0,8.191999979317188,4,4,0,0,40,0,0,40,4.47
1360,2,0,3,0,6.144000217318535,4,4,0,0,40,0,0,40,4.47
1360,24,0,0,0,8.191999979317188,4,4,0,0,40,0,0,40,2.06
1360,24,0,1,0,58.36800113320351,4,4,0,0,40,0,0,40,2.06
1360,24,0,2,0,9.216000325977802,4,4,0,0,40,0,0,40,2.06
1360,24,0,3,0,4.095999989658594,4,4,0,0,40,0,0,40,2.06
1360,40,0,0,1,9.216000325977802,4,4,0,0,40,0,0,40,4.33
1360,40,0,1,1,84.99199897050858,4,4,0,0,40,0,0,40,4.33
1360,40,0,2,1,9.216000325977802,4,4,0,0,40,0,0,40,4.33
1360,40,0,3,1,4.095999989658594,4,4,0,0,40,0,0,40,4.33
1361,2,0,0,0,14.336000196635723,4,4,0,0,40,0,0,40,2.38
1361,2,0,1,0,71.68000191450119,4,4,0,0,40,0,0,40,2.38
1361,2,0,2,0,8.191999979317188,4,4,0,0,40,0,0,40,2.38
1361,2,0,3,0,6.144000217318535,4,4,0,0,40,0,0,40,2.38
1361,24,0,0,0,8.191999979317188,4,4,0,0,40,0,0,40,2.14
1361,24,0,1,0,62.463998794555664,4,4,0,0,40,0,0,40,2.14
1361,24,0,2,0,9.216000325977802,4,4,0,0,40,0,0,40,2.14
1361,24,0,3,0,4.095999989658594,4,4,0,0,40,0,0,40,2.14
1361,40,0,0,1,15.359999611973763,4,4,0,1,39,0,0,40,159.239
1361,40,0,1,1,57.34400078654289,4,4,0,1,39,0,0,40,159.239
1361,40,0,2,1,9.216000325977802,4,4,0,1,39,0,0,40,159.239
1361,40,0,3,1,73.72800260782242,4,4,0,1,39,0,0,40,159.239
1362,2,0,0,0,14.336000196635723,4,4,0,0,40,0,0,40,4.14
1362,2,0,1,0,89.08800035715103,4,4,0,0,40,0,0,40,4.14
1362,2,0,2,0,9.216000325977802,4,4,0,0,40,0,0,40,4.14
1362,2,0,3,0,6.144000217318535,4,4,0,0,40,0,0,40,4.14
1362,24,0,0,0,14.336000196635723,4,4,0,0,40,0,0,40,2.54
1362,24,0,1,0,66.56000018119812,4,4,0,0,40,0,0,40,2.54
1362,24,0,2,0,9.216000325977802,4,4,0,0,40,0,0,40,2.54
1362,24,0,3,0,4.095999989658594,4,4,0,0,40,0,0,40,2.54
1362,40,0,0,1,8.191999979317188,4,4,0,0,40,0,0,40,2.2
1362,40,0,1,1,71.68000191450119,4,4,0,0,40,0,0,40,2.2
1362,40,0,2,1,9.216000325977802,4,4,0,0,40,0,0,40,2.2
1362,40,0,3,1,4.095999989658594,4,4,0,0,40,0,0,40,2.2
1363,2,0,0,0,16.383999958634377,3,3,0,0,30,0,0,30,1.889
1363,2,0,1,0,72.7040022611618,3,3,0,0,30,0,0,30,1.889
1363,2,0,2,0,9.216000325977802,3,3,0,0,30,0,0,30,1.889
1363,2,0,3,0,6.144000217318535,3,3,0,0,30,0,0,30,1.889
1363,24,0,0,0,8.191999979317188,3,3,0,0,30,0,0,30,1.29
1363,24,0,1,0,61.43999844789505,3,3,0,0,30,0,0,30,1.29
1363,24,0,2,0,9.216000325977802,3,3,0,0,30,0,0,30,1.29
1363,24,0,3,0,3.0720001086592674,3,3,0,0,30,0,0,30,1.29
1363,40,0,0,1,15.359999611973763,3,3,0,1,29,0,0,30,80.29
1363,40,0,1,1,61.43999844789505,3,3,0,1,29,0,0,30,80.29
1363,40,0,2,1,9.216000325977802,3,3,0,1,29,0,0,30,80.29
1363,40,0,3,1,5.119999870657921,3,3,0,1,29,0,0,30,80.29
1364,2,0,0,0,13.311999849975109,4,4,0,0,40,0,0,40,2.68
1364,2,0,1,0,88.06400001049042,4,4,0,0,40,0,0,40,2.68
1364,2,0,2,0,9.216000325977802,4,4,0,0,40,0,0,40,2.68
1364,2,0,3,0,4.095999989658594,4,4,0,0,40,0,0,40,2.68
1364,24,0,0,0,7.168000098317862,4,4,0,1,39,0,0,40,136.679
1364,24,0,1,0,57.34400078654289,4,4,0,1,39,0,0,40,136.679
1364,24,0,2,0,8.191999979317188,4,4,0,1,39,0,0,40,136.679
1364,24,0,3,0,60.416001826524734,4,4,0,1,39,0,0,40,136.679
1364,40,0,0,1,9.216000325977802,4,4,0,0,40,0,0,40,1.84
1364,40,0,1,1,63.48799914121628,4,4,0,0,40,0,0,40,1.84
1364,40,0,2,1,9.216000325977802,4,4,0,0,40,0,0,40,1.84
1364,40,0,3,1,4.095999989658594,4,4,0,0,40,0,0,40,1.84
1365,2,0,0,0,14.336000196635723,4,4,0,0,40,0,0,40,2.791
1365,2,0,1,0,91.13600105047226,4,4,0,0,40,0,0,40,2.791
1365,2,0,2,0,9.216000325977802,4,4,0,0,40,0,0,40,2.791
1365,2,0,3,0,5.119999870657921,4,4,0,0,40,0,0,40,2.791
1365,24,0,0,0,14.336000196635723,4,4,0,0,40,0,0,40,2.55
1365,24,0,1,0,70.65600156784058,4,4,0,0,40,0,0,40,2.55
1365,24,0,2,0,9.216000325977802,4,4,0,0,40,0,0,40,2.55
1365,24,0,3,0,4.095999989658594,4,4,0,0,40,0,0,40,2.55
1365,40,0,0,1,15.359999611973763,4,4,0,2,38,0,0,40,87.74
1365,40,0,1,1,65.5359998345375,4,4,0,2,38,0,0,40,87.74
1365,40,0,2,1,9.216000325977802,4,4,0,2,38,0,0,40,87.74
1365,40,0,3,1,4.095999989658594,4,4,0,2,38,0,0,40,87.74
1366,2,0,0,0,14.336000196635723,4,4,0,0,40,0,0,40,2.35
1366,2,0,1,0,86.01599931716919,4,4,0,0,40,0,0,40,2.35
1366,2,0,2,0,9.216000325977802,4,4,0,0,40,0,0,40,2.35
1366,2,0,3,0,6.144000217318535,4,4,0,0,40,0,0,40,2.35
1366,24,0,0,0,8.191999979317188,4,4,0,0,40,0,0,40,4.52
1366,24,0,1,0,88.06400001049042,4,4,0,0,40,0,0,40,4.52
1366,24,0,2,0,9.216000325977802,4,4,0,0,40,0,0,40,4.52
1366,24,0,3,0,4.095999989658594,4,4,0,0,40,0,0,40,4.52
1366,40,0,0,1,9.216000325977802,4,4,0,0,40,0,0,40,4.5
1366,40,0,1,1,71.68000191450119,4,4,0,0,40,0,0,40,4.5
1366,40,0,2,1,9.216000325977802,4,4,0,0,40,0,0,40,4.5
1366,40,0,3,1,4.095999989658594,4,4,0,0,40,0,0,40,4.5
1367,2,0,0,0,9.216000325977802,4,4,0,0,40,0,0,40,5.11
1367,2,0,1,0,93.18400174379349,4,4,0,0,40,0,0,40,5.11
1367,2,0,2,0,9.216000325977802,4,4,0,0,40,0,0,40,5.11
1367,2,0,3,0,4.095999989658594,4,4,0,0,40,0,0,40,5.11
1367,24,0,0,0,16.383999958634377,4,4,0,0,40,0,0,40,2.43
1367,24,0,1,0,61.43999844789505,4,4,0,0,40,0,0,40,2.43
1367,24,0,2,0,9.216000325977802,4,4,0,0,40,0,0,40,2.43
1367,24,0,3,0,4.095999989658594,4,4,0,0,40,0,0,40,2.43
1367,40,0,0,1,8.191999979317188,4,4,0,0,40,0,0,40,3.589
1367,40,0,1,1,60.416001826524734,4,4,0,0,40,0,0,40,3.589
1367,40,0,2,1,9.216000325977802,4,4,0,0,40,0,0,40,3.589
1367,40,0,3,1,4.095999989658594,4,4,0,0,40,0,0,40,3.589
1368,2,0,0,0,9.216000325977802,4,4,0,1,39,0,0,40,66.329
1368,2,0,1,0,87.0399996638298,4,4,0,1,39,0,0,40,66.329
1368,2,0,2,0,9.216000325977802,4,4,0,1,39,0,0,40,66.329
1368,2,0,3,0,8.191999979317188,4,4,0,1,39,0,0,40,66.329
1368,24,0,0,0,8.191999979317188,4,4,0,1,39,0,0,40,68.86
1368,24,0,1,0,73.72800260782242,4,4,0,1,39,0,0,40,68.86
1368,24,0,2,0,9.216000325977802,4,4,0,1,39,0,0,40,68.86
1368,24,0,3,0,4.095999989658594,4,4,0,1,39,0,0,40,68.86
1368,40,0,0,1,15.359999611973763,4,4,0,4,36,0,0,40,183.059
1368,40,0,1,1,65.5359998345375,4,4,0,4,36,0,0,40,183.059
1368,40,0,2,1,9.216000325977802,4,4,0,4,36,0,0,40,183.059
1368,40,0,3,1,91.13600105047226,4,4,0,4,36,0,0,40,183.059
1369,2,0,0,0,15.359999611973763,4,4,0,0,40,0,0,40,4.92
1369,2,0,1,0,90.11200070381165,4,4,0,0,40,0,0,40,4.92
1369,2,0,2,0,9.216000325977802,4,4,0,0,40,0,0,40,4.92
1369,2,0,3,0,4.095999989658594,4,4,0,0,40,0,0,40,4.92
1369,24,0,0,0,7.168000098317862,4,4,0,1,39,0,0,40,74.77
1369,24,0,1,0,70.65600156784058,4,4,0,1,39,0,0,40,74.77
1369,24,0,2,0,8.191999979317188,4,4,0,1,39,0,0,40,74.77
1369,24,0,3,0,4.095999989658594,4,4,0,1,39,0,0,40,74.77
1369,40,0,0,1,8.191999979317188,4,4,0,2,38,0,0,40,308.969
1369,40,0,1,1,78.84799689054489,4,4,0,2,38,0,0,40,308.969
1369,40,0,2,1,9.216000325977802,4,4,0,2,38,0,0,40,308.969
1369,40,0,3,1,209.9200040102005,4,4,0,2,38,0,0,40,308.969
1370,2,0,0,0,15.359999611973763,4,4,0,0,40,0,0,40,3.291
1370,2,0,1,0,80.89599758386612,4,4,0,0,40,0,0,40,3.291
1370,2,0,2,0,9.216000325977802,4,4,0,0,40,0,0,40,3.291
1370,2,0,3,0,4.095999989658594,4,4,0,0,40,0,0,40,3.291
1370,24,0,0,0,9.216000325977802,4,4,0,0,40,0,0,40,4.431
1370,24,0,1,0,68.60800087451935,4,4,0,0,40,0,0,40,4.431
1370,24,0,2,0,9.216000325977802,4,4,0,0,40,0,0,40,4.431
1370,24,0,3,0,4.095999989658594,4,4,0,0,40,0,0,40,4.431
1370,40,0,0,1,9.216000325977802,4,4,0,0,40,0,0,40,2.16
1370,40,0,1,1,84.99199897050858,4,4,0,0,40,0,0,40,2.16
1370,40,0,2,1,9.216000325977802,4,4,0,0,40,0,0,40,2.16
1370,40,0,3,1,4.095999989658594,4,4,0,0,40,0,0,40,2.16
1371,2,0,0,0,14.336000196635723,4,4,0,0,40,0,0,40,4.109
1371,2,0,1,0,91.13600105047226,4,4,0,0,40,0,0,40,4.109
1371,2,0,2,0,9.216000325977802,4,4,0,0,40,0,0,40,4.109
1371,2,0,3,0,5.119999870657921,4,4,0,0,40,0,0,40,4.109
1371,24,0,0,0,9.216000325977802,4,4,0,1,39,0,0,40,71.549
1371,24,0,1,0,77.82399654388428,4,4,0,1,39,0,0,40,71.549
1371,24,0,2,0,9.216000325977802,4,4,0,1,39,0,0,40,71.549
1371,24,0,3,0,4.095999989658594,4,4,0,1,39,0,0,40,71.549
1371,40,0,0,1,16.383999958634377,4,4,0,1,39,0,0,40,84.06
1371,40,0,1,1,71.68000191450119,4,4,0,1,39,0,0,40,84.06
1371,40,0,2,1,9.216000325977802,4,4,0,1,39,0,0,40,84.06
1371,40,0,3,1,4.095999989658594,4,4,0,1,39,0,0,40,84.06
1372,2,0,0,0,13.311999849975109,4,4,0,0,40,0,0,40,2.38
1372,2,0,1,0,89.08800035715103,4,4,0,0,40,0,0,40,2.38
1372,2,0,2,0,9.216000325977802,4,4,0,0,40,0,0,40,2.38
1372,2,0,3,0,4.095999989658594,4,4,0,0,40,0,0,40,2.38
1372,24,0,0,0,8.191999979317188,4,4,0,0,40,0,0,40,2.3
1372,24,0,1,0,80.89599758386612,4,4,0,0,40,0,0,40,2.3
1372,24,0,2,0,8.191999979317188,4,4,0,0,40,0,0,40,2.3
1372,24,0,3,0,4.095999989658594,4,4,0,0,40,0,0,40,2.3
1372,40,0,0,1,9.216000325977802,4,4,0,0,40,0,0,40,3.36
1372,40,0,1,1,80.89599758386612,4,4,0,0,40,0,0,40,3.36
1372,40,0,2,1,8.191999979317188,4,4,0,0,40,0,0,40,3.36
1372,40,0,3,1,4.095999989658594,4,4,0,0,40,0,0,40,3.36
1373,2,0,0,0,15.359999611973763,4,4,0,1,39,0,0,40,69.16
1373,2,0,1,0,83.96799862384796,4,4,0,1,39,0,0,40,69.16
1373,2,0,2,0,8.191999979317188,4,4,0,1,39,0,0,40,69.16
1373,2,0,3,0,5.119999870657921,4,4,0,1,39,0,0,40,69.16
1373,24,0,0,0,8.191999979317188,4,4,0,0,40,0,0,40,1.81
1373,24,0,1,0,61.43999844789505,4,4,0,0,40,0,0,40,1.81
1373,24,0,2,0,9.216000325977802,4,4,0,0,40,0,0,40,1.81
1373,24,0,3,0,4.095999989658594,4,4,0,0,40,0,0,40,1.81
1373,40,0,0,1,9.216000325977802,4,4,0,1,39,0,0,40,110.579
1373,40,0,1,1,78.84799689054489,4,4,0,1,39,0,0,40,110.579
1373,40,0,2,1,10.239999741315842,4,4,0,1,39,0,0,40,110.579
1373,40,0,3,1,10.239999741315842,4,4,0,1,39,0,0,40,110.579
1374,2,0,0,0,14.336000196635723,4,4,0,0,40,0,0,40,2.4
1374,2,0,1,0,92.16000139713287,4,4,0,0,40,0,0,40,2.4
1374,2,0,2,0,8.191999979317188,4,4,0,0,40,0,0,40,2.4
1374,2,0,3,0,4.095999989658594,4,4,0,0,40,0,0,40,2.4
1374,24,0,0,0,8.191999979317188,4,4,0,1,39,0,0,40,71.529
1374,24,0,1,0,79.8719972372055,4,4,0,1,39,0,0,40,71.529
1374,24,0,2,0,8.191999979317188,4,4,0,1,39,0,0,40,71.529
1374,24,0,3,0,3.0720001086592674,4,4,0,1,39,0,0,40,71.529
1374,40,0,0,1,9.216000325977802,4,4,0,2,38,0,0,40,112.34
1374,40,0,1,1,76.80000364780426,4,4,0,2,38,0,0,40,112.34
1374,40,0,2,1,10.239999741315842,4,4,0,2,38,0,0,40,112.34
1374,40,0,3,1,17.40800030529499,4,4,0,2,38,0,0,40,112.34
1375,2,0,0,0,9.216000325977802,4,4,0,2,38,0,0,40,108.03
1375,2,0,1,0,87.0399996638298,4,4,0,2,38,0,0,40,108.03
1375,2,0,2,0,9.216000325977802,4,4,0,2,38,0,0,40,108.03
1375,2,0,3,0,4.095999989658594,4,4,0,2,38,0,0,40,108.03
1375,24,0,0,0,8.191999979317188,4,4,0,0,40,0,0,40,3.92
1375,24,0,1,0,74.75200295448303,4,4,0,0,40,0,0,40,3.92
1375,24,0,2,0,9.216000325977802,4,4,0,0,40,0,0,40,3.92
1375,24,0,3,0,4.095999989658594,4,4,0,0,40,0,0,40,3.92
1375,40,0,0,1,14.336000196635723,4,4,0,1,39,0,0,40,79.829
1375,40,0,1,1,76.80000364780426,4,4,0,1,39,0,0,40,79.829
1375,40,0,2,1,9.216000325977802,4,4,0,1,39,0,0,40,79.829
1375,40,0,3,1,5.119999870657921,4,4,0,1,39,0,0,40,79.829
1376,2,0,0,0,8.191999979317188,4,4,0,1,39,0,0,40,67.919
1376,2,0,1,0,79.8719972372055,4,4,0,1,39,0,0,40,67.919
1376,2,0,2,0,9.216000325977802,4,4,0,1,39,0,0,40,67.919
1376,2,0,3,0,5.119999870657921,4,4,0,1,39,0,0,40,67.919
1376,24,0,0,0,8.191999979317188,4,4,0,0,40,0,0,40,2.8
1376,24,0,1,0,86.01599931716919,4,4,0,0,40,0,0,40,2.8
1376,24,0,2,0,9.216000325977802,4,4,0,0,40,0,0,40,2.8
1376,24,0,3,0,4.095999989658594,4,4,0,0,40,0,0,40,2.8
1376,40,0,0,1,9.216000325977802,4,4,0,0,40,0,0,40,2.291
1376,40,0,1,1,72.7040022611618,4,4,0,0,40,0,0,40,2.291
1376,40,0,2,1,9.216000325977802,4,4,0,0,40,0,0,40,2.291
1376,40,0,3,1,4.095999989658594,4,4,0,0,40,0,0,40,2.291
1377,2,0,0,0,9.216000325977802,4,4,0,1,39,0,0,40,126.869
1377,2,0,1,0,82.94399827718735,4,4,0,1,39,0,0,40,126.869
1377,2,0,2,0,10.239999741315842,4,4,0,1,39,0,0,40,126.869
1377,2,0,3,0,19.45599913597107,4,4,0,1,39,0,0,40,126.869
1377,24,0,0,0,8.191999979317188,4,4,0,0,40,0,0,40,2.149
1377,24,0,1,0,70.65600156784058,4,4,0,0,40,0,0,40,2.149
1377,24,0,2,0,8.191999979317188,4,4,0,0,40,0,0,40,2.149
1377,24,0,3,0,3.0720001086592674,4,4,0,0,40,0,0,40,2.149
1377,40,0,0,1,15.359999611973763,4,4,0,1,39,0,0,40,81.159
1377,40,0,1,1,74.75200295448303,4,4,0,1,39,0,0,40,81.159
1377,40,0,2,1,9.216000325977802,4,4,0,1,39,0,0,40,81.159
1377,40,0,3,1,4.095999989658594,4,4,0,1,39,0,0,40,81.159
1378,2,0,0,0,14.336000196635723,4,4,0,0,40,0,0,40,5.12
1378,2,0,1,0,81.91999793052673,4,4,0,0,40,0,0,40,5.12
1378,2,0,2,0,9.216000325977802,4,4,0,0,40,0,0,40,5.12
1378,2,0,3,0,6.144000217318535,4,4,0,0,40,0,0,40,5.12
1378,24,0,0,0,8.191999979317188,4,4,0,0,40,0,0,40,4.3
1378,24,0,1,0,65.5359998345375,4,4,0,0,40,0,0,40,4.3
1378,24,0,2,0,8.191999979317188,4,4,0,0,40,0,0,40,4.3
1378,24,0,3,0,4.095999989658594,4,4,0,0,40,0,0,40,4.3
1378,40,0,0,1,15.359999611973763,4,4,0,4,36,0,0,40,91.469
1378,40,0,1,1,56.32000043988228,4,4,0,4,36,0,0,40,91.469
1378,40,0,2,1,8.191999979317188,4,4,0,4,36,0,0,40,91.469
1378,40,0,3,1,12.28800043463707,4,4,0,4,36,0,0,40,91.469
1379,2,0,0,0,13.311999849975109,4,4,0,0,40,0,0,40,3.189
1379,2,0,1,0,91.13600105047226,4,4,0,0,40,0,0,40,3.189
1379,2,0,2,0,9.216000325977802,4,4,0,0,40,0,0,40,3.189
1379,2,0,3,0,4.095999989658594,4,4,0,0,40,0,0,40,3.189
1379,24,0,0,0,8.191999979317188,4,4,0,0,40,0,0,40,2.44
1379,24,0,1,0,76.80000364780426,4,4,0,0,40,0,0,40,2.44
1379,24,0,2,0,10.239999741315842,4,4,0,0,40,0,0,40,2.44
1379,24,0,3,0,4.095999989658594,4,4,0,0,40,0,0,40,2.44
1379,40,0,0,1,8.191999979317188,4,4,0,4,36,0,0,40,136.009
1379,40,0,1,1,56.32000043988228,4,4,0,4,36,0,0,40,136.009
1379,40,0,2,1,9.216000325977802,4,4,0,4,36,0,0,40,136.009
1379,40,0,3,1,57.34400078654289,4,4,0,4,36,0,0,40,136.009
1380,2,0,0,0,13.311999849975109,4,4,0,0,40,0,0,40,2.39
1380,2,0,1,0,87.0399996638298,4,4,0,0,40,0,0,40,2.39
1380,2,0,2,0,9.216000325977802,4,4,0,0,40,0,0,40,2.39
1380,2,0,3,0,5.119999870657921,4,4,0,0,40,0,0,40,2.39
1380,24,0,0,0,7.168000098317862,4,4,0,0,40,0,0,40,3.809
1380,24,0,1,0,72.7040022611618,4,4,0,0,40,0,0,40,3.809
1380,24,0,2,0,9.216000325977802,4,4,0,0,40,0,0,40,3.809
1380,24,0,3,0,4.095999989658594,4,4,0,0,40,0,0,40,3.809
1380,40,0,0,1,8.191999979317188,4,4,0,1,39,0,0,40,80.98
1380,40,0,1,1,66.56000018119812,4,4,0,1,39,0,0,40,80.98
1380,40,0,2,1,9.216000325977802,4,4,0,1,39,0,0,40,80.98
1380,40,0,3,1,5.119999870657921,4,4,0,1,39,0,0,40,80.98
1381,2,0,0,0,14.336000196635723,4,4,0,0,40,0,0,40,2.789
1381,2,0,1,0,88.06400001049042,4,4,0,0,40,0,0,40,2.789
1381,2,0,2,0,9.216000325977802,4,4,0,0,40,0,0,40,2.789
1381,2,0,3,0,4.095999989658594,4,4,0,0,40,0,0,40,2.789
1381,24,0,0,0,8.191999979317188,4,4,0,3,37,0,0,40,154.12
1381,24,0,1,0,80.89599758386612,4,4,0,3,37,0,0,40,154.12
1381,24,0,2,0,9.216000325977802,4,4,0,3,37,0,0,40,154.12
1381,24,0,3,0,69.63200122117996,4,4,0,3,37,0,0,40,154.12
1381,40,0,0,1,8.191999979317188,4,4,0,0,40,0,0,40,2.29
1381,40,0,1,1,86.01599931716919,4,4,0,0,40,0,0,40,2.29
1381,40,0,2,1,9.216000325977802,4,4,0,0,40,0,0,40,2.29
1381,40,0,3,1,4.095999989658594,4,4,0,0,40,0,0,40,2.29
1382,2,0,0,0,9.216000325977802,4,4,0,0,40,0,0,40,2.44
1382,2,0,1,0,75.77600330114365,4,4,0,0,40,0,0,40,2.44
1382,2,0,2,0,8.191999979317188,4,4,0,0,40,0,0,40,2.44
1382,2,0,3,0,4.095999989658594,4,4,0,0,40,0,0,40,2.44
1382,24,0,0,0,8.191999979317188,4,4,0,0,40,0,0,40,2.58
1382,24,0,1,0,81.91999793052673,4,4,0,0,40,0,0,40,2.58
1382,24,0,2,0,9.216000325977802,4,4,0,0,40,0,0,40,2.58
1382,24,0,3,0,4.095999989658594,4,4,0,0,40,0,0,40,2.58
1382,40,0,0,1,9.216000325977802,4,4,0,0,40,0,0,40,4.52
1382,40,0,1,1,73.72800260782242,4,4,0,0,40,0,0,40,4.52
1382,40,0,2,1,8.191999979317188,4,4,0,0,40,0,0,40,4.52
1382,40,0,3,1,4.095999989658594,4,4,0,0,40,0,0,40,4.52
1383,2,0,0,0,8.191999979317188,4,4,0,0,40,0,0,40,3.029
1383,2,0,1,0,93.18400174379349,4,4,0,0,40,0,0,40,3.029
1383,2,0,2,0,9.216000325977802,4,4,0,0,40,0,0,40,3.029
1383,2,0,3,0,5.119999870657921,4,4,0,0,40,0,0,40,3.029
1383,24,0,0,0,8.191999979317188,4,4,0,0,40,0,0,40,2.11
1383,24,0,1,0,84.99199897050858,4,4,0,0,40,0,0,40,2.11
1383,24,0,2,0,9.216000325977802,4,4,0,0,40,0,0,40,2.11
1383,24,0,3,0,4.095999989658594,4,4,0,0,40,0,0,40,2.11
1383,40,0,0,1,8.191999979317188,4,4,0,0,40,0,0,40,2.129
1383,40,0,1,1,72.7040022611618,4,4,0,0,40,0,0,40,2.129
1383,40,0,2,1,9.216000325977802,4,4,0,0,40,0,0,40,2.129
1383,40,0,3,1,3.0720001086592674,4,4,0,0,40,0,0,40,2.129
1384,2,0,0,0,14.336000196635723,4,4,0,0,40,0,0,40,2.76
1384,2,0,1,0,82.94399827718735,4,4,0,0,40,0,0,40,2.76
1384,2,0,2,0,8.191999979317188,4,4,0,0,40,0,0,40,2.76
1384,2,0,3,0,6.144000217318535,4,4,0,0,40,0,0,40,2.76
1384,24,0,0,0,9.216000325977802,4,4,0,0,40,0,0,40,2.4
1384,24,0,1,0,81.91999793052673,4,4,0,0,40,0,0,40,2.4
1384,24,0,2,0,9.216000325977802,4,4,0,0,40,0,0,40,2.4
1384,24,0,3,0,4.095999989658594,4,4,0,0,40,0,0,40,2.4
1384,40,0,0,1,15.359999611973763,4,4,0,2,38,0,0,40,124.029
1384,40,0,1,1,77.82399654388428,4,4,0,2,38,0,0,40,124.029
1384,40,0,2,1,9.216000325977802,4,4,0,2,38,0,0,40,124.029
1384,40,0,3,1,14.336000196635723,4,4,0,2,38,0,0,40,124.029
1385,2,0,0,0,9.216000325977802,4,4,0,2,38,0,0,40,107.509
1385,2,0,1,0,72.7040022611618,4,4,0,2,38,0,0,40,107.509
1385,2,0,2,0,9.216000325977802,4,4,0,2,38,0,0,40,107.509
1385,2,0,3,0,11.264000087976456,4,4,0,2,38,0,0,40,107.509
1385,24,0,0,0,8.191999979317188,4,4,0,0,40,0,0,40,4.72
1385,24,0,1,0,60.416001826524734,4,4,0,0,40,0,0,40,4.72
1385,24,0,2,0,9.216000325977802,4,4,0,0,40,0,0,40,4.72
1385,24,0,3,0,3.0720001086592674,4,4,0,0,40,0,0,40,4.72
1385,40,0,0,1,9.216000325977802,4,4,0,0,40,0,0,40,1.83
1385,40,0,1,1,59.39200147986412,4,4,0,0,40,0,0,40,1.83
1385,40,0,2,1,9.216000325977802,4,4,0,0,40,0,0,40,1.83
1385,40,0,3,1,4.095999989658594,4,4,0,0,40,0,0,40,1.83
1386,2,0,0,0,9.216000325977802,4,4,0,1,39,0,0,40,69.9
1386,2,0,1,0,80.89599758386612,4,4,0,1,39,0,0,40,69.9
1386,2,0,2,0,9.216000325977802,4,4,0,1,39,0,0,40,69.9
1386,2,0,3,0,5.119999870657921,4,4,0,1,39,0,0,40,69.9
1386,24,0,0,0,8.191999979317188,4,4,0,1,39,0,0,40,71.21
1386,24,0,1,0,55.296000093221664,4,4,0,1,39,0,0,40,71.21
1386,24,0,2,0,9.216000325977802,4,4,0,1,39,0,0,40,71.21
1386,24,0,3,0,4.095999989658594,4,4,0,1,39,0,0,40,71.21
1386,40,0,0,1,9.216000325977802,4,4,0,0,40,0,0,40,2.15
1386,40,0,1,1,76.80000364780426,4,4,0,0,40,0,0,40,2.15
1386,40,0,2,1,9.216000325977802,4,4,0,0,40,0,0,40,2.15
1386,40,0,3,1,4.095999989658594,4,4,0,0,40,0,0,40,2.15
1387,2,0,0,0,15.359999611973763,3,3,0,0,30,0,0,30,1.589
1387,2,0,1,0,61.43999844789505,3,3,0,0,30,0,0,30,1.589
1387,2,0,2,0,8.191999979317188,3,3,0,0,30,0,0,30,1.589
1387,2,0,3,0,6.144000217318535,3,3,0,0,30,0,0,30,1.589
1387,24,0,0,0,15.359999611973763,3,3,0,2,28,0,0,30,102.43
1387,24,0,1,0,65.5359998345375,3,3,0,2,28,0,0,30,102.43
1387,24,0,2,0,9.216000325977802,3,3,0,2,28,0,0,30,102.43
1387,24,0,3,0,15.359999611973763,3,3,0,2,28,0,0,30,102.43
1387,40,0,0,1,15.359999611973763,3,3,0,1,29,0,0,30,72.76
1387,40,0,1,1,67.58400052785873,3,3,0,1,29,0,0,30,72.76
1387,40,0,2,1,9.216000325977802,3,3,0,1,29,0,0,30,72.76
1387,40,0,3,1,4.095999989658594,3,3,0,1,29,0,0,30,72.76
1388,2,0,0,0,13.311999849975109,4,4,0,0,40,0,0,40,2.1
1388,2,0,1,0,48.128001391887665,4,4,0,0,40,0,0,40,2.1
1388,2,0,2,0,9.216000325977802,4,4,0,0,40,0,0,40,2.1
1388,2,0,3,0,6.144000217318535,4,4,0,0,40,0,0,40,2.1
1388,24,0,0,0,8.191999979317188,4,4,0,2,38,0,0,40,100.83
1388,24,0,1,0,61.43999844789505,4,4,0,2,38,0,0,40,100.83
1388,24,0,2,0,9.216000325977802,4,4,0,2,38,0,0,40,100.83
1388,24,0,3,0,17.40800030529499,4,4,0,2,38,0,0,40,100.83
1388,40,0,0,1,9.216000325977802,4,4,0,0,40,0,0,40,4.06
1388,40,0,1,1,64.51199948787689,4,4,0,0,40,0,0,40,4.06
1388,40,0,2,1,9.216000325977802,4,4,0,0,40,0,0,40,4.06
1388,40,0,3,1,4.095999989658594,4,4,0,0,40,0,0,40,4.06
1389,2,0,0,0,14.336000196635723,4,4,0,0,40,0,0,40,3.86
1389,2,0,1,0,76.80000364780426,4,4,0,0,40,0,0,40,3.86
1389,2,0,2,0,9.216000325977802,4,4,0,0,40,0,0,40,3.86
1389,2,0,3,0,4.095999989658594,4,4,0,0,40,0,0,40,3.86
1389,24,0,0,0,8.191999979317188,4,4,0,0,40,0,0,40,2.68
1389,24,0,1,0,92.16000139713287,4,4,0,0,40,0,0,40,2.68
1389,24,0,2,0,9.216000325977802,4,4,0,0,40,0,0,40,2.68
1389,24,0,3,0,4.095999989658594,4,4,0,0,40,0,0,40,2.68
1389,40,0,0,1,9.216000325977802,4,4,0,0,40,0,0,40,4.64
1389,40,0,1,1,69.63200122117996,4,4,0,0,40,0,0,40,4.64
1389,40,0,2,1,10.239999741315842,4,4,0,0,40,0,0,40,4.64
1389,40,0,3,1,4.095999989658594,4,4,0,0,40,0,0,40,4.64
1390,2,0,0,0,8.191999979317188,2,2,0,0,20,0,0,20,1.229
1390,2,0,1,0,48.128001391887665,2,2,0,0,20,0,0,20,1.229
1390,2,0,2,0,9.216000325977802,2,2,0,0,20,0,0,20,1.229
1390,2,0,3,0,5.119999870657921,2,2,0,0,20,0,0,20,1.229
1390,24,0,0,0,8.191999979317188,2,2,0,0,20,0,0,20,1.18
1390,24,0,1,0,47.10400104522705,2,2,0,0,20,0,0,20,1.18
1390,24,0,2,0,9.216000325977802,2,2,0,0,20,0,0,20,1.18
1390,24,0,3,0,4.095999989658594,2,2,0,0,20,0,0,20,1.18
1390,40,0,0,1,11.264000087976456,2,2,0,0,20,0,0,20,1.011
1390,40,0,1,1,46.08000069856644,2,2,0,0,20,0,0,20,1.011
1390,40,0,2,1,9.216000325977802,2,2,0,0,20,0,0,20,1.011
1390,40,0,3,1,5.119999870657921,2,2,0,0,20,0,0,20,1.011
1391,2,0,0,0,15.359999611973763,4,4,0,0,40,0,0,40,2.59
1391,2,0,1,0,83.96799862384796,4,4,0,0,40,0,0,40,2.59
1391,2,0,2,0,9.216000325977802,4,4,0,0,40,0,0,40,2.59
1391,2,0,3,0,5.119999870657921,4,4,0,0,40,0,0,40,2.59
1391,24,0,0,0,15.359999611973763,4,4,0,0,40,0,0,40,2.74
1391,24,0,1,0,81.91999793052673,4,4,0,0,40,0,0,40,2.74
1391,24,0,2,0,9.216000325977802,4,4,0,0,40,0,0,40,2.74
1391,24,0,3,0,4.095999989658594,4,4,0,0,40,0,0,40,2.74
1391,40,0,0,1,9.216000325977802,4,4,0,1,39,0,0,40,119.879
1391,40,0,1,1,52.22399905323982,4,4,0,1,39,0,0,40,119.879
1391,40,0,2,1,9.216000325977802,4,4,0,1,39,0,0,40,119.879
1391,40,0,3,1,47.10400104522705,4,4,0,1,39,0,0,40,119.879
1392,2,0,0,0,18.432000651955605,4,4,0,1,39,0,0,40,124.95
1392,2,0,1,0,75.77600330114365,4,4,0,1,39,0,0,40,124.95
1392,2,0,2,0,9.216000325977802,4,4,0,1,39,0,0,40,124.95
1392,2,0,3,0,29.69600073993206,4,4,0,1,39,0,0,40,124.95
1392,24,0,0,0,9.216000325977802,4,4,0,0,40,0,0,40,2.15
1392,24,0,1,0,64.51199948787689,4,4,0,0,40,0,0,40,2.15
1392,24,0,2,0,9.216000325977802,4,4,0,0,40,0,0,40,2.15
1392,24,0,3,0,4.095999989658594,4,4,0,0,40,0,0,40,2.15
1392,40,0,0,1,14.336000196635723,4,4,0,1,39,0,0,40,102.2
1392,40,0,1,1,92.16000139713287,4,4,0,1,39,0,0,40,102.2
1392,40,0,2,1,8.191999979317188,4,4,0,1,39,0,0,40,102.2
1392,40,0,3,1,4.095999989658594,4,4,0,1,39,0,0,40,102.2
1393,2,0,0,0,9.216000325977802,4,4,0,1,39,0,0,40,115.64
1393,2,0,1,0,70.65600156784058,4,4,0,1,39,0,0,40,115.64
1393,2,0,2,0,9.216000325977802,4,4,0,1,39,0,0,40,115.64
1393,2,0,3,0,23.552000522613525,4,4,0,1,39,0,0,40,115.64
1393,24,0,0,0,8.191999979317188,4,4,0,0,40,0,0,40,3.77
1393,24,0,1,0,71.68000191450119,4,4,0,0,40,0,0,40,3.77
1393,24,0,2,0,9.216000325977802,4,4,0,0,40,0,0,40,3.77
1393,24,0,3,0,4.095999989658594,4,4,0,0,40,0,0,40,3.77
1393,40,0,0,1,8.191999979317188,4,4,0,0,40,0,0,40,5.03
1393,40,0,1,1,71.68000191450119,4,4,0,0,40,0,0,40,5.03
1393,40,0,2,1,9.216000325977802,4,4,0,0,40,0,0,40,5.03
1393,40,0,3,1,4.095999989658594,4,4,0,0,40,0,0,40,5.03
1394,2,0,0,0,9.216000325977802,1,1,0,0,10,0,0,10,0.8
1394,2,0,1,0,31.74399957060814,1,1,0,0,10,0,0,10,0.8
1394,2,0,2,0,9.216000325977802,1,1,0,0,10,0,0,10,0.8
1394,2,0,3,0,4.095999989658594,1,1,0,0,10,0,0,10,0.8
1394,24,0,0,0,9.216000325977802,1,1,0,0,10,0,0,10,0.5
1394,24,0,1,0,31.74399957060814,1,1,0,0,10,0,0,10,0.5
1394,24,0,2,0,9.216000325977802,1,1,0,0,10,0,0,10,0.5
1394,24,0,3,0,4.095999989658594,1,1,0,0,10,0,0,10,0.5
1394,40,0,0,1,9.216000325977802,1,1,0,0,10,0,0,10,0.41
1394,40,0,1,1,34.81600061058998,1,1,0,0,10,0,0,10,0.41
1394,40,0,2,1,9.216000325977802,1,1,0,0,10,0,0,10,0.41
1394,40,0,3,1,4.095999989658594,1,1,0,0,10,0,0,10,0.41
1395,2,0,0,0,14.336000196635723,4,4,0,0,40,0,0,40,4.68
1395,2,0,1,0,86.01599931716919,4,4,0,0,40,0,0,40,4.68
1395,2,0,2,0,9.216000325977802,4,4,0,0,40,0,0,40,4.68
1395,2,0,3,0,5.119999870657921,4,4,0,0,40,0,0,40,4.68
1395,24,0,0,0,14.336000196635723,4,4,0,0,40,0,0,40,3.82
1395,24,0,1,0,64.51199948787689,4,4,0,0,40,0,0,40,3.82
1395,24,0,2,0,9.216000325977802,4,4,0,0,40,0,0,40,3.82
1395,24,0,3,0,4.095999989658594,4,4,0,0,40,0,0,40,3.82
1395,40,0,0,1,9.216000325977802,4,4,0,0,40,0,0,40,2.14
1395,40,0,1,1,73.72800260782242,4,4,0,0,40,0,0,40,2.14
1395,40,0,2,1,9.216000325977802,4,4,0,0,40,0,0,40,2.14
1395,40,0,3,1,4.095999989658594,4,4,0,0,40,0,0,40,2.14
1396,2,0,0,0,8.191999979317188,1,1,0,0,10,0,0,10,1.02
1396,2,0,1,0,32.76799991726875,1,1,0,0,10,0,0,10,1.02
1396,2,0,2,0,8.191999979317188,1,1,0,0,10,0,0,10,1.02
1396,2,0,3,0,5.119999870657921,1,1,0,0,10,0,0,10,1.02
1396,24,0,0,0,8.191999979317188,1,1,0,0,10,0,0,10,0.471
1396,24,0,1,0,30.719999223947525,1,1,0,0,10,0,0,10,0.471
1396,24,0,2,0,9.216000325977802,1,1,0,0,10,0,0,10,0.471
1396,24,0,3,0,4.095999989658594,1,1,0,0,10,0,0,10,0.471
1396,40,0,0,1,8.191999979317188,1,1,0,0,10,0,0,10,0.69
1396,40,0,1,1,35.840000957250595,1,1,0,0,10,0,0,10,0.69
1396,40,0,2,1,9.216000325977802,1,1,0,0,10,0,0,10,0.69
1396,40,0,3,1,4.095999989658594,1,1,0,0,10,0,0,10,0.69
1397,2,0,0,0,15.359999611973763,4,4,0,0,40,0,0,40,4.46
1397,2,0,1,0,74.75200295448303,4,4,0,0,40,0,0,40,4.46
1397,2,0,2,0,8.191999979317188,4,4,0,0,40,0,0,40,4.46
1397,2,0,3,0,5.119999870657921,4,4,0,0,40,0,0,40,4.46
1397,24,0,0,0,8.191999979317188,4,4,0,0,40,0,0,40,1.99
1397,24,0,1,0,61.43999844789505,4,4,0,0,40,0,0,40,1.99
1397,24,0,2,0,9.216000325977802,4,4,0,0,40,0,0,40,1.99
1397,24,0,3,0,4.095999989658594,4,4,0,0,40,0,0,40,1.99
1397,40,0,0,1,8.191999979317188,4,4,0,0,40,0,0,40,1.7
1397,40,0,1,1,60.416001826524734,4,4,0,0,40,0,0,40,1.7
1397,40,0,2,1,9.216000325977802,4,4,0,0,40,0,0,40,1.7
1397,40,0,3,1,4.095999989658594,4,4,0,0,40,0,0,40,1.7
1398,2,0,0,0,9.216000325977802,4,4,0,0,40,0,0,40,2.37
1398,2,0,1,0,82.94399827718735,4,4,0,0,40,0,0,40,2.37
1398,2,0,2,0,9.216000325977802,4,4,0,0,40,0,0,40,2.37
1398,2,0,3,0,5.119999870657921,4,4,0,0,40,0,0,40,2.37
1398,24,0,0,0,8.191999979317188,4,4,0,0,40,0,0,40,3.99
1398,24,0,1,0,77.82399654388428,4,4,0,0,40,0,0,40,3.99
1398,24,0,2,0,9.216000325977802,4,4,0,0,40,0,0,40,3.99
1398,24,0,3,0,4.095999989658594,4,4,0,0,40,0,0,40,3.99
1398,40,0,0,1,15.359999611973763,4,4,0,3,37,0,0,40,189.819
1398,40,0,1,1,66.56000018119812,4,4,0,3,37,0,0,40,189.819
1398,40,0,2,1,9.216000325977802,4,4,0,3,37,0,0,40,189.819
1398,40,0,3,1,95.23200243711472,4,4,0,3,37,0,0,40,189.819
1399,2,0,0,0,15.359999611973763,3,3,0,0,30,0,0,30,1.74
1399,2,0,1,0,62.463998794555664,3,3,0,0,30,0,0,30,1.74
1399,2,0,2,0,8.191999979317188,3,3,0,0,30,0,0,30,1.74
1399,2,0,3,0,5.119999870657921,3,3,0,0,30,0,0,30,1.74
1399,24,0,0,0,9.216000325977802,3,3,0,0,30,0,0,30,1.62
1399,24,0,1,0,56.32000043988228,3,3,0,0,30,0,0,30,1.62
1399,24,0,2,0,9.216000325977802,3,3,0,0,30,0,0,30,1.62
1399,24,0,3,0,4.095999989658594,3,3,0,0,30,0,0,30,1.62
1399,40,0,0,1,9.216000325977802,3,3,0,0,30,0,0,30,1.41
1399,40,0,1,1,57.34400078654289,3,3,0,0,30,0,0,30,1.41
1399,40,0,2,1,9.216000325977802,3,3,0,0,30,0,0,30,1.41
1399,40,0,3,1,4.095999989658594,3,3,0,0,30,0,0,30,1.41
1400,2,0,0,0,14.336000196635723,4,4,0,0,40,0,0,40,2.28
1400,2,0,1,0,68.60800087451935,4,4,0,0,40,0,0,40,2.28
1400,2,0,2,0,9.216000325977802,4,4,0,0,40,0,0,40,2.28
1400,2,0,3,0,5.119999870657921,4,4,0,0,40,0,0,40,2.28
1400,24,0,0,0,8.191999979317188,4,4,0,0,40,0,0,40,2.0
1400,24,0,1,0,56.32000043988228,4,4,0,0,40,0,0,40,2.0
1400,24,0,2,0,9.216000325977802,4,4,0,0,40,0,0,40,2.0
1400,24,0,3,0,4.095999989658594,4,4,0,0,40,0,0,40,2.0
1400,40,0,0,1,9.216000325977802,4,4,0,0,40,0,0,40,1.91
1400,40,0,1,1,65.5359998345375,4,4,0,0,40,0,0,40,1.91
1400,40,0,2,1,8.191999979317188,4,4,0,0,40,0,0,40,1.91
1400,40,0,3,1,4.095999989658594,4,4,0,0,40,0,0,40,1.91
1401,2,0,0,0,14.336000196635723,4,4,0,0,40,0,0,40,2.24
1401,2,0,1,0,70.65600156784058,4,4,0,0,40,0,0,40,2.24
1401,2,0,2,0,8.191999979317188,4,4,0,0,40,0,0,40,2.24
1401,2,0,3,0,4.095999989658594,4,4,0,0,40,0,0,40,2.24
1401,24,0,0,0,9.216000325977802,4,4,0,0,40,0,0,40,3.71
1401,24,0,1,0,64.51199948787689,4,4,0,0,40,0,0,40,3.71
1401,24,0,2,0,8.191999979317188,4,4,0,0,40,0,0,40,3.71
1401,24,0,3,0,4.095999989658594,4,4,0,0,40,0,0,40,3.71
1401,40,0,0,1,15.359999611973763,4,4,0,2,38,0,0,40,148.699
1401,40,0,1,1,87.0399996638298,4,4,0,2,38,0,0,40,148.699
1401,40,0,2,1,9.216000325977802,4,4,0,2,38,0,0,40,148.699
1401,40,0,3,1,32.76799991726875,4,4,0,2,38,0,0,40,148.699
1402,2,0,0,0,8.191999979317188,2,2,0,0,20,0,0,20,1.26
1402,2,0,1,0,50.175998359918594,2,2,0,0,20,0,0,20,1.26
1402,2,0,2,0,8.191999979317188,2,2,0,0,20,0,0,20,1.26
1402,2,0,3,0,6.144000217318535,2,2,0,0,20,0,0,20,1.26
1402,24,0,0,0,9.216000325977802,2,2,0,0,20,0,0,20,0.91
1402,24,0,1,0,44.03200000524521,2,2,0,0,20,0,0,20,0.91
1402,24,0,2,0,9.216000325977802,2,2,0,0,20,0,0,20,0.91
1402,24,0,3,0,4.095999989658594,2,2,0,0,20,0,0,20,0.91
1402,40,0,0,1,9.216000325977802,2,2,0,1,19,0,0,20,59.69
1402,40,0,1,1,58.36800113320351,2,2,0,1,19,0,0,20,59.69
1402,40,0,2,1,9.216000325977802,2,2,0,1,19,0,0,20,59.69
1402,40,0,3,1,4.095999989658594,2,2,0,1,19,0,0,20,59.69
1403,2,0,0,0,15.359999611973763,4,4,0,0,40,0,0,40,2.909
1403,2,0,1,0,97.28000313043594,4,4,0,0,40,0,0,40,2.909
1403,2,0,2,0,9.216000325977802,4,4,0,0,40,0,0,40,2.909
1403,2,0,3,0,4.095999989658594,4,4,0,0,40,0,0,40,2.909
1403,24,0,0,0,8.191999979317188,4,4,0,0,40,0,0,40,3.829
1403,24,0,1,0,77.82399654388428,4,4,0,0,40,0,0,40,3.829
1403,24,0,2,0,9.216000325977802,4,4,0,0,40,0,0,40,3.829
1403,24,0,3,0,4.095999989658594,4,4,0,0,40,0,0,40,3.829
1403,40,0,0,1,12.28800043463707,4,4,0,0,40,0,0,40,2.089
1403,40,0,1,1,72.7040022611618,4,4,0,0,40,0,0,40,2.089
1403,40,0,2,1,9.216000325977802,4,4,0,0,40,0,0,40,2.089
1403,40,0,3,1,4.095999989658594,4,4,0,0,40,0,0,40,2.089
1404,2,0,0,0,13.311999849975109,4,4,0,0,40,0,0,40,2.54
1404,2,0,1,0,90.11200070381165,4,4,0,0,40,0,0,40,2.54
1404,2,0,2,0,8.191999979317188,4,4,0,0,40,0,0,40,2.54
1404,2,0,3,0,4.095999989658594,4,4,0,0,40,0,0,40,2.54
1404,24,0,0,0,8.191999979317188,4,4,0,1,39,0,0,40,69.12
1404,24,0,1,0,64.51199948787689,4,4,0,1,39,0,0,40,69.12
1404,24,0,2,0,9.216000325977802,4,4,0,1,39,0,0,40,69.12
1404,24,0,3,0,4.095999989658594,4,4,0,1,39,0,0,40,69.12
1404,40,0,0,1,9.216000325977802,4,4,0,1,39,0,0,40,93.7
1404,40,0,1,1,84.99199897050858,4,4,0,1,39,0,0,40,93.7
1404,40,0,2,1,9.216000325977802,4,4,0,1,39,0,0,40,93.7
1404,40,0,3,1,4.095999989658594,4,4,0,1,39,0,0,40,93.7
1405,2,0,0,0,14.336000196635723,4,4,0,0,40,0,0,40,2.7
1405,2,0,1,0,84.99199897050858,4,4,0,0,40,0,0,40,2.7
1405,2,0,2,0,9.216000325977802,4,4,0,0,40,0,0,40,2.7
1405,2,0,3,0,5.119999870657921,4,4,0,0,40,0,0,40,2.7
1405,24,0,0,0,9.216000325977802,4,4,0,0,40,0,0,40,2.08
1405,24,0,1,0,64.51199948787689,4,4,0,0,40,0,0,40,2.08
1405,24,0,2,0,9.216000325977802,4,4,0,0,40,0,0,40,2.08
1405,24,0,3,0,4.095999989658594,4,4,0,0,40,0,0,40,2.08
1405,40,0,0,1,16.383999958634377,4,4,0,1,39,0,0,40,66.131
1405,40,0,1,1,87.0399996638298,4,4,0,1,39,0,0,40,66.131
1405,40,0,2,1,10.239999741315842,4,4,0,1,39,0,0,40,66.131
1405,40,0,3,1,4.095999989658594,4,4,0,1,39,0,0,40,66.131
1406,2,0,0,0,14.336000196635723,4,4,0,0,40,0,0,40,4.789
1406,2,0,1,0,83.96799862384796,4,4,0,0,40,0,0,40,4.789
1406,2,0,2,0,9.216000325977802,4,4,0,0,40,0,0,40,4.789
1406,2,0,3,0,6.144000217318535,4,4,0,0,40,0,0,40,4.789
1406,24,0,0,0,9.216000325977802,4,4,0,0,40,0,0,40,2.24
1406,24,0,1,0,69.63200122117996,4,4,0,0,40,0,0,40,2.24
1406,24,0,2,0,9.216000325977802,4,4,0,0,40,0,0,40,2.24
1406,24,0,3,0,4.095999989658594,4,4,0,0,40,0,0,40,2.24
1406,40,0,0,1,16.383999958634377,4,4,0,2,38,0,0,40,71.76
1406,40,0,1,1,78.84799689054489,4,4,0,2,38,0,0,40,71.76
1406,40,0,2,1,8.191999979317188,4,4,0,2,38,0,0,40,71.76
1406,40,0,3,1,4.095999989658594,4,4,0,2,38,0,0,40,71.76
1407,2,0,0,0,21.503999829292297,4,4,0,1,39,0,0,40,145.549
1407,2,0,1,0,90.11200070381165,4,4,0,1,39,0,0,40,145.549
1407,2,0,2,0,9.216000325977802,4,4,0,1,39,0,0,40,145.549
1407,2,0,3,0,34.81600061058998,4,4,0,1,39,0,0,40,145.549
1407,24,0,0,0,8.191999979317188,4,4,0,0,40,0,0,40,2.229
1407,24,0,1,0,65.5359998345375,4,4,0,0,40,0,0,40,2.229
1407,24,0,2,0,9.216000325977802,4,4,0,0,40,0,0,40,2.229
1407,24,0,3,0,4.095999989658594,4,4,0,0,40,0,0,40,2.229
1407,40,0,0,1,16.383999958634377,4,4,0,2,38,0,0,40,72.029
1407,40,0,1,1,71.68000191450119,4,4,0,2,38,0,0,40,72.029
1407,40,0,2,1,9.216000325977802,4,4,0,2,38,0,0,40,72.029
1407,40,0,3,1,4.095999989658594,4,4,0,2,38,0,0,40,72.029
1408,2,0,0,0,9.216000325977802,4,4,0,1,39,0,0,40,72.029
1408,2,0,1,0,89.08800035715103,4,4,0,1,39,0,0,40,72.029
1408,2,0,2,0,8.191999979317188,4,4,0,1,39,0,0,40,72.029
1408,2,0,3,0,4.095999989658594,4,4,0,1,39,0,0,40,72.029
1408,24,0,0,0,8.191999979317188,4,4,0,1,39,0,0,40,71.919
1408,24,0,1,0,71.68000191450119,4,4,0,1,39,0,0,40,71.919
1408,24,0,2,0,9.216000325977802,4,4,0,1,39,0,0,40,71.919
1408,24,0,3,0,4.095999989658594,4,4,0,1,39,0,0,40,71.919
1408,40,0,0,1,10.239999741315842,4,4,0,0,40,0,0,40,2.22
1408,40,0,1,1,86.01599931716919,4,4,0,0,40,0,0,40,2.22
1408,40,0,2,1,9.216000325977802,4,4,0,0,40,0,0,40,2.22
1408,40,0,3,1,4.095999989658594,4,4,0,0,40,0,0,40,2.22
1409,2,0,0,0,14.336000196635723,4,4,0,0,40,0,0,40,2.611
1409,2,0,1,0,84.99199897050858,4,4,0,0,40,0,0,40,2.611
1409,2,0,2,0,9.216000325977802,4,4,0,0,40,0,0,40,2.611
1409,2,0,3,0,4.095999989658594,4,4,0,0,40,0,0,40,2.611
1409,24,0,0,0,9.216000325977802,4,4,0,2,38,0,0,40,265.179
1409,24,0,1,0,64.51199948787689,4,4,0,2,38,0,0,40,265.179
1409,24,0,2,0,8.191999979317188,4,4,0,2,38,0,0,40,265.179
1409,24,0,3,0,181.2479943037033,4,4,0,2,38,0,0,40,265.179
1409,40,0,0,1,9.216000325977802,4,4,0,0,40,0,0,40,3.7
1409,40,0,1,1,60.416001826524734,4,4,0,0,40,0,0,40,3.7
1409,40,0,2,1,8.191999979317188,4,4,0,0,40,0,0,40,3.7
1409,40,0,3,1,3.0720001086592674,4,4,0,0,40,0,0,40,3.7
1410,2,0,0,0,14.336000196635723,4,4,0,0,40,0,0,40,4.21
1410,2,0,1,0,87.0399996638298,4,4,0,0,40,0,0,40,4.21
1410,2,0,2,0,8.191999979317188,4,4,0,0,40,0,0,40,4.21
1410,2,0,3,0,5.119999870657921,4,4,0,0,40,0,0,40,4.21
1410,24,0,0,0,8.191999979317188,4,4,0,0,40,0,0,40,1.71
1410,24,0,1,0,56.32000043988228,4,4,0,0,40,0,0,40,1.71
1410,24,0,2,0,9.216000325977802,4,4,0,0,40,0,0,40,1.71
1410,24,0,3,0,4.095999989658594,4,4,0,0,40,0,0,40,1.71
1410,40,0,0,1,9.216000325977802,4,4,0,0,40,0,0,40,4.249
1410,40,0,1,1,71.68000191450119,4,4,0,0,40,0,0,40,4.249
1410,40,0,2,1,9.216000325977802,4,4,0,0,40,0,0,40,4.249
1410,40,0,3,1,4.095999989658594,4,4,0,0,40,0,0,40,4.249
1411,2,0,0,0,15.359999611973763,4,4,0,3,37,0,0,40,208.319
1411,2,0,1,0,86.01599931716919,4,4,0,3,37,0,0,40,208.319
1411,2,0,2,0,9.216000325977802,4,4,0,3,37,0,0,40,208.319
1411,2,0,3,0,96.25600278377533,4,4,0,3,37,0,0,40,208.319
1411,24,0,0,0,8.191999979317188,4,4,0,0,40,0,0,40,2.14
1411,24,0,1,0,80.89599758386612,4,4,0,0,40,0,0,40,2.14
1411,24,0,2,0,9.216000325977802,4,4,0,0,40,0,0,40,2.14
1411,24,0,3,0,4.095999989658594,4,4,0,0,40,0,0,40,2.14
1411,40,0,0,1,9.216000325977802,4,4,0,0,40,0,0,40,2.1
1411,40,0,1,1,65.5359998345375,4,4,0,0,40,0,0,40,2.1
1411,40,0,2,1,9.216000325977802,4,4,0,0,40,0,0,40,2.1
1411,40,0,3,1,4.095999989658594,4,4,0,0,40,0,0,40,2.1
1412,2,0,0,0,15.359999611973763,4,4,0,0,40,0,0,40,4.91
1412,2,0,1,0,93.18400174379349,4,4,0,0,40,0,0,40,4.91
1412,2,0,2,0,9.216000325977802,4,4,0,0,40,0,0,40,4.91
1412,2,0,3,0,5.119999870657921,4,4,0,0,40,0,0,40,4.91
1412,24,0,0,0,7.168000098317862,4,4,0,1,39,0,0,40,68.23
1412,24,0,1,0,68.60800087451935,4,4,0,1,39,0,0,40,68.23
1412,24,0,2,0,8.191999979317188,4,4,0,1,39,0,0,40,68.23
1412,24,0,3,0,3.0720001086592674,4,4,0,1,39,0,0,40,68.23
1412,40,0,0,1,8.191999979317188,4,4,0,0,40,0,0,40,2.08
1412,40,0,1,1,81.91999793052673,4,4,0,0,40,0,0,40,2.08
1412,40,0,2,1,9.216000325977802,4,4,0,0,40,0,0,40,2.08
1412,40,0,3,1,4.095999989658594,4,4,0,0,40,0,0,40,2.08
1413,2,0,0,0,14.336000196635723,4,4,0,0,40,0,0,40,2.529
1413,2,0,1,0,86.01599931716919,4,4,0,0,40,0,0,40,2.529
1413,2,0,2,0,9.216000325977802,4,4,0,0,40,0,0,40,2.529
1413,2,0,3,0,4.095999989658594,4,4,0,0,40,0,0,40,2.529
1413,24,0,0,0,8.191999979317188,4,4,0,0,40,0,0,40,2.129
1413,24,0,1,0,82.94399827718735,4,4,0,0,40,0,0,40,2.129
1413,24,0,2,0,9.216000325977802,4,4,0,0,40,0,0,40,2.129
1413,24,0,3,0,4.095999989658594,4,4,0,0,40,0,0,40,2.129
1413,40,0,0,1,9.216000325977802,4,4,0,0,40,0,0,40,2.26
1413,40,0,1,1,76.80000364780426,4,4,0,0,40,0,0,40,2.26
1413,40,0,2,1,8.191999979317188,4,4,0,0,40,0,0,40,2.26
1413,40,0,3,1,4.095999989658594,4,4,0,0,40,0,0,40,2.26
1414,2,0,0,0,14.336000196635723,4,4,0,2,38,0,0,40,270.909
1414,2,0,1,0,87.0399996638298,4,4,0,2,38,0,0,40,270.909
1414,2,0,2,0,9.216000325977802,4,4,0,2,38,0,0,40,270.909
1414,2,0,3,0,156.67200088500977,4,4,0,2,38,0,0,40,270.909
1414,24,0,0,0,8.191999979317188,4,4,0,2,38,0,0,40,113.289
1414,24,0,1,0,80.89599758386612,4,4,0,2,38,0,0,40,113.289
1414,24,0,2,0,9.216000325977802,4,4,0,2,38,0,0,40,113.289
1414,24,0,3,0,12.28800043463707,4,4,0,2,38,0,0,40,113.289
1414,40,0,0,1,9.216000325977802,4,4,0,0,40,0,0,40,2.24
1414,40,0,1,1,88.06400001049042,4,4,0,0,40,0,0,40,2.24
1414,40,0,2,1,9.216000325977802,4,4,0,0,40,0,0,40,2.24
1414,40,0,3,1,4.095999989658594,4,4,0,0,40,0,0,40,2.24
