campaigns/q4-conditional-admission-20261006T010859Z/analysis/diagnostic-failure-reasons.csv:1: trailing whitespace.
+variant,reason,count,bytes,GB,percent_issued,right_censored,interpretation
campaigns/q4-conditional-admission-20261006T010859Z/analysis/diagnostic-failure-reasons.csv:2: trailing whitespace.
+H4-unfiltered,prediction-wrong,4959,15234048000,15.234048,82.62245918027324,0,"Observed explicit issued-action outcome, not a pre-enqueue rejection subtype."
campaigns/q4-conditional-admission-20261006T010859Z/analysis/diagnostic-failure-reasons.csv:3: trailing whitespace.
+H4-unfiltered,target-ready-persistent,1043,3204096000,3.2040960000000003,17.377540819726757,0,"Observed explicit issued-action outcome, not a pre-enqueue rejection subtype."
campaigns/q4-conditional-admission-20261006T010859Z/analysis/diagnostic-failure-reasons.csv:4: trailing whitespace.
+reactive-only,prediction-wrong,1835,5637120000,5.63712,80.02616659398169,0,"Observed explicit issued-action outcome, not a pre-enqueue rejection subtype."
campaigns/q4-conditional-admission-20261006T010859Z/analysis/diagnostic-failure-reasons.csv:5: trailing whitespace.
+reactive-only,target-ready-persistent,387,1188864000,1.188864,16.877453118185784,0,"Observed explicit issued-action outcome, not a pre-enqueue rejection subtype."
campaigns/q4-conditional-admission-20261006T010859Z/analysis/diagnostic-failure-reasons.csv:6: trailing whitespace.
+reactive-only,became-resident-before-publication,70,215040000,0.21504,3.0527692978630614,0,"Observed explicit issued-action outcome, not a pre-enqueue rejection subtype."
campaigns/q4-conditional-admission-20261006T010859Z/analysis/diagnostic-failure-reasons.csv:7: trailing whitespace.
+reactive-only,pending-retired,1,3072000,0.003072,0.043610989969472304,1,"pending-retired with target_reached=0 is unobserved target/censored, not established prediction failure."
campaigns/q4-conditional-admission-20261006T010859Z/analysis/diagnostic-failure-reasons.csv:8: trailing whitespace.
+conditional,prediction-wrong,1442,4429824000,4.429824,64.3462739848282,0,"Observed explicit issued-action outcome, not a pre-enqueue rejection subtype."
campaigns/q4-conditional-admission-20261006T010859Z/analysis/diagnostic-failure-reasons.csv:9: trailing whitespace.
+conditional,target-ready-persistent,758,2328576000,2.328576,33.824185631414544,0,"Observed explicit issued-action outcome, not a pre-enqueue rejection subtype."
campaigns/q4-conditional-admission-20261006T010859Z/analysis/diagnostic-failure-reasons.csv:10: trailing whitespace.
+conditional,late-for-original-target,41,125952000,0.125952,1.8295403837572513,0,"Observed explicit issued-action outcome, not a pre-enqueue rejection subtype."
campaigns/q4-conditional-admission-20261006T010859Z/analysis/plots/admission-holdout.svg:44: trailing whitespace.
+       <path id="m2f5d800d93" d="M 0 0 
campaigns/q4-conditional-admission-20261006T010859Z/analysis/plots/admission-holdout.svg:579: trailing whitespace.
+       <path id="mc196ae2c2f" d="M 0 0 
campaigns/q4-conditional-admission-20261006T010859Z/analysis/plots/admission-holdout.svg:1825: trailing whitespace.
+     <path id="m0bff31b56c" d="M 0 3 
campaigns/q4-conditional-admission-20261006T010859Z/analysis/plots/admission-holdout.svg:1863: trailing whitespace.
+     <path id="m0a92f6198e" d="M 0 3 
campaigns/q4-conditional-admission-20261006T010859Z/analysis/plots/admission-holdout.svg:2027: trailing whitespace.
+     <path id="ma6af410b8f" d="M 0 2.5 
campaigns/q4-conditional-admission-20261006T010859Z/analysis/plots/admission-holdout.svg:2045: trailing whitespace.
+     <path id="m62f6238708" d="M 0 2.5 
campaigns/q4-conditional-admission-20261006T010859Z/analysis/plots/admission-holdout.svg:2063: trailing whitespace.
+     <path id="mbef4fd3a07" d="M 0 2.5 
campaigns/q4-conditional-admission-20261006T010859Z/analysis/plots/admission-holdout.svg:2081: trailing whitespace.
+     <path id="mdd611b180d" d="M 0 2.5 
campaigns/q4-conditional-admission-20261006T010859Z/analysis/plots/admission-holdout.svg:2099: trailing whitespace.
+     <path id="m97feaf4a80" d="M 0 -5 
campaigns/q4-conditional-admission-20261006T010859Z/analysis/plots/admission-holdout.svg:2118: trailing whitespace.
+     <path id="m13519b04cb" d="M 0 2.5 
campaigns/q4-conditional-admission-20261006T010859Z/analysis/plots/admission-holdout.svg:2572: trailing whitespace.
+       <path id="DejaVuSans-50" d="M 3328 2828 
campaigns/q4-conditional-admission-20261006T010859Z/analysis/plots/admission-holdout.svg:2573: trailing whitespace.
+Q 3544 3216 3844 3400 
campaigns/q4-conditional-admission-20261006T010859Z/analysis/plots/admission-holdout.svg:2574: trailing whitespace.
+Q 4144 3584 4550 3584 
campaigns/q4-conditional-admission-20261006T010859Z/analysis/plots/admission-holdout.svg:2575: trailing whitespace.
+Q 5097 3584 5394 3201 
campaigns/q4-conditional-admission-20261006T010859Z/analysis/plots/admission-holdout.svg:2576: trailing whitespace.
+Q 5691 2819 5691 2113 
campaigns/q4-conditional-admission-20261006T010859Z/analysis/plots/admission-holdout.svg:2577: trailing whitespace.
+L 5691 0 
campaigns/q4-conditional-admission-20261006T010859Z/analysis/plots/admission-holdout.svg:2578: trailing whitespace.
+L 5113 0 
campaigns/q4-conditional-admission-20261006T010859Z/analysis/plots/admission-holdout.svg:2579: trailing whitespace.
+L 5113 2094 
campaigns/q4-conditional-admission-20261006T010859Z/analysis/plots/admission-holdout.svg:2580: trailing whitespace.
+Q 5113 2597 4934 2840 
campaigns/q4-conditional-admission-20261006T010859Z/analysis/plots/admission-holdout.svg:2581: trailing whitespace.
+Q 4756 3084 4391 3084 
campaigns/q4-conditional-admission-20261006T010859Z/analysis/plots/admission-holdout.svg:2582: trailing whitespace.
+Q 3944 3084 3684 2787 
campaigns/q4-conditional-admission-20261006T010859Z/analysis/plots/admission-holdout.svg:2583: trailing whitespace.
+Q 3425 2491 3425 1978 
campaigns/q4-conditional-admission-20261006T010859Z/analysis/plots/admission-holdout.svg:2584: trailing whitespace.
+L 3425 0 
campaigns/q4-conditional-admission-20261006T010859Z/analysis/plots/admission-holdout.svg:2585: trailing whitespace.
+L 2847 0 
campaigns/q4-conditional-admission-20261006T010859Z/analysis/plots/admission-holdout.svg:2586: trailing whitespace.
+L 2847 2094 
campaigns/q4-conditional-admission-20261006T010859Z/analysis/plots/admission-holdout.svg:2587: trailing whitespace.
+Q 2847 2600 2669 2842 
campaigns/q4-conditional-admission-20261006T010859Z/analysis/plots/admission-holdout.svg:2588: trailing whitespace.
+Q 2491 3084 2119 3084 
campaigns/q4-conditional-admission-20261006T010859Z/analysis/plots/admission-holdout.svg:2589: trailing whitespace.
+Q 1678 3084 1418 2786 
campaigns/q4-conditional-admission-20261006T010859Z/analysis/plots/admission-holdout.svg:2590: trailing whitespace.
+Q 1159 2488 1159 1978 
campaigns/q4-conditional-admission-20261006T010859Z/analysis/plots/admission-holdout.svg:2591: trailing whitespace.
+L 1159 0 
campaigns/q4-conditional-admission-20261006T010859Z/analysis/plots/admission-holdout.svg:2592: trailing whitespace.
+L 581 0 
campaigns/q4-conditional-admission-20261006T010859Z/analysis/plots/admission-holdout.svg:2593: trailing whitespace.
+L 581 3500 
campaigns/q4-conditional-admission-20261006T010859Z/analysis/plots/admission-holdout.svg:2594: trailing whitespace.
+L 1159 3500 
campaigns/q4-conditional-admission-20261006T010859Z/analysis/plots/admission-holdout.svg:2595: trailing whitespace.
+L 1159 2956 
campaigns/q4-conditional-admission-20261006T010859Z/analysis/plots/admission-holdout.svg:2596: trailing whitespace.
+Q 1356 3278 1631 3431 
campaigns/q4-conditional-admission-20261006T010859Z/analysis/plots/admission-holdout.svg:2597: trailing whitespace.
+Q 1906 3584 2284 3584 
campaigns/q4-conditional-admission-20261006T010859Z/analysis/plots/admission-holdout.svg:2598: trailing whitespace.
+Q 2666 3584 2933 3390 
campaigns/q4-conditional-admission-20261006T010859Z/analysis/plots/admission-holdout.svg:2599: trailing whitespace.
+Q 3200 3197 3328 2828 
campaigns/q4-conditional-admission-20261006T010859Z/analysis/plots/runtime.svg:24: trailing whitespace.
+   <path d="M 0 252 
campaigns/q4-conditional-admission-20261006T010859Z/analysis/plots/runtime.svg:25: trailing whitespace.
+L 792 252 
campaigns/q4-conditional-admission-20261006T010859Z/analysis/plots/runtime.svg:26: trailing whitespace.
+L 792 0 
campaigns/q4-conditional-admission-20261006T010859Z/analysis/plots/runtime.svg:27: trailing whitespace.
+L 0 0 
campaigns/q4-conditional-admission-20261006T010859Z/analysis/plots/runtime.svg:33: trailing whitespace.
+    <path d="M 47.27 213.28 
campaigns/q4-conditional-admission-20261006T010859Z/analysis/plots/runtime.svg:34: trailing whitespace.
+L 260.76 213.28 
campaigns/q4-conditional-admission-20261006T010859Z/analysis/plots/runtime.svg:35: trailing whitespace.
+L 260.76 47.631818 
campaigns/q4-conditional-admission-20261006T010859Z/analysis/plots/runtime.svg:36: trailing whitespace.
+L 47.27 47.631818 
campaigns/q4-conditional-admission-20261006T010859Z/analysis/plots/runtime.svg:44: trailing whitespace.
+       <path id="m61663a6955" d="M 0 0 
campaigns/q4-conditional-admission-20261006T010859Z/analysis/plots/runtime.svg:45: trailing whitespace.
+L 0 3.5 
campaigns/q4-conditional-admission-20261006T010859Z/analysis/plots/runtime.svg:56: trailing whitespace.
+        <path id="DejaVuSans-18" d="M 691 4666 
campaigns/q4-conditional-admission-20261006T010859Z/analysis/plots/runtime.svg:57: trailing whitespace.
+L 3169 4666 
campaigns/q4-conditional-admission-20261006T010859Z/analysis/plots/runtime.svg:58: trailing whitespace.
+L 3169 4134 
campaigns/q4-conditional-admission-20261006T010859Z/analysis/plots/runtime.svg:59: trailing whitespace.
+L 1269 4134 
campaigns/q4-conditional-admission-20261006T010859Z/analysis/plots/runtime.svg:60: trailing whitespace.
+L 1269 2991 
campaigns/q4-conditional-admission-20261006T010859Z/analysis/plots/runtime.svg:61: trailing whitespace.
+Q 1406 3038 1543 3061 
campaigns/q4-conditional-admission-20261006T010859Z/analysis/plots/runtime.svg:62: trailing whitespace.
+Q 1681 3084 1819 3084 
campaigns/q4-conditional-admission-20261006T010859Z/analysis/plots/runtime.svg:63: trailing whitespace.
+Q 2600 3084 3056 2656 
campaigns/q4-conditional-admission-20261006T010859Z/analysis/plots/runtime.svg:64: trailing whitespace.
+Q 3513 2228 3513 1497 
campaigns/q4-conditional-admission-20261006T010859Z/analysis/plots/runtime.svg:65: trailing whitespace.
+Q 3513 744 3044 326 
campaigns/q4-conditional-admission-20261006T010859Z/analysis/plots/runtime.svg:66: trailing whitespace.
+Q 2575 -91 1722 -91 
campaigns/q4-conditional-admission-20261006T010859Z/analysis/plots/runtime.svg:67: trailing whitespace.
+Q 1428 -91 1123 -41 
campaigns/q4-conditional-admission-20261006T010859Z/analysis/plots/runtime.svg:68: trailing whitespace.
+Q 819 9 494 109 
campaigns/q4-conditional-admission-20261006T010859Z/analysis/plots/runtime.svg:69: trailing whitespace.
+L 494 744 
campaigns/q4-conditional-admission-20261006T010859Z/analysis/plots/runtime.svg:70: trailing whitespace.
+Q 775 591 1075 516 
campaigns/q4-conditional-admission-20261006T010859Z/analysis/plots/runtime.svg:71: trailing whitespace.
+Q 1375 441 1709 441 
campaigns/q4-conditional-admission-20261006T010859Z/analysis/plots/runtime.svg:72: trailing whitespace.
+Q 2250 441 2565 725 
campaigns/q4-conditional-admission-20261006T010859Z/analysis/plots/runtime.svg:73: trailing whitespace.
+Q 2881 1009 2881 1497 
campaigns/q4-conditional-admission-20261006T010859Z/analysis/plots/runtime.svg:74: trailing whitespace.
+Q 2881 1984 2565 2268 
campaigns/q4-conditional-admission-20261006T010859Z/analysis/plots/runtime.svg:75: trailing whitespace.
+Q 2250 2553 1709 2553 
campaigns/q4-conditional-admission-20261006T010859Z/analysis/plots/runtime.svg:76: trailing whitespace.
+Q 1456 2553 1204 2497 
campaigns/q4-conditional-admission-20261006T010859Z/analysis/plots/runtime.svg:77: trailing whitespace.
+Q 953 2441 691 2322 
campaigns/q4-conditional-admission-20261006T010859Z/analysis/plots/runtime.svg:78: trailing whitespace.
+L 691 4666 
campaigns/q4-conditional-admission-20261006T010859Z/analysis/plots/runtime.svg:81: trailing whitespace.
+        <path id="DejaVuSans-13" d="M 2034 4250 
campaigns/q4-conditional-admission-20261006T010859Z/analysis/plots/runtime.svg:82: trailing whitespace.
+Q 1547 4250 1301 3770 
campaigns/q4-conditional-admission-20261006T010859Z/analysis/plots/runtime.svg:83: trailing whitespace.
+Q 1056 3291 1056 2328 
campaigns/q4-conditional-admission-20261006T010859Z/analysis/plots/runtime.svg:84: trailing whitespace.
+Q 1056 1369 1301 889 
campaigns/q4-conditional-admission-20261006T010859Z/analysis/plots/runtime.svg:85: trailing whitespace.
+Q 1547 409 2034 409 
campaigns/q4-conditional-admission-20261006T010859Z/analysis/plots/runtime.svg:86: trailing whitespace.
+Q 2525 409 2770 889 
campaigns/q4-conditional-admission-20261006T010859Z/analysis/plots/runtime.svg:87: trailing whitespace.
+Q 3016 1369 3016 2328 
campaigns/q4-conditional-admission-20261006T010859Z/analysis/plots/runtime.svg:88: trailing whitespace.
+Q 3016 3291 2770 3770 
campaigns/q4-conditional-admission-20261006T010859Z/analysis/plots/runtime.svg:89: trailing whitespace.
+Q 2525 4250 2034 4250 
campaigns/q4-conditional-admission-20261006T010859Z/analysis/plots/runtime.svg:91: trailing whitespace.
+M 2034 4750 
campaigns/q4-conditional-admission-20261006T010859Z/analysis/plots/runtime.svg:92: trailing whitespace.
+Q 2819 4750 3233 4129 
campaigns/q4-conditional-admission-20261006T010859Z/analysis/plots/runtime.svg:93: trailing whitespace.
+Q 3647 3509 3647 2328 
campaigns/q4-conditional-admission-20261006T010859Z/analysis/plots/runtime.svg:94: trailing whitespace.
+Q 3647 1150 3233 529 
campaigns/q4-conditional-admission-20261006T010859Z/analysis/plots/runtime.svg:95: trailing whitespace.
+Q 2819 -91 2034 -91 
campaigns/q4-conditional-admission-20261006T010859Z/analysis/plots/runtime.svg:96: trailing whitespace.
+Q 1250 -91 836 529 
campaigns/q4-conditional-admission-20261006T010859Z/analysis/plots/runtime.svg:97: trailing whitespace.
+Q 422 1150 422 2328 
campaigns/q4-conditional-admission-20261006T010859Z/analysis/plots/runtime.svg:98: trailing whitespace.
+Q 422 3509 836 4129 
campaigns/q4-conditional-admission-20261006T010859Z/analysis/plots/runtime.svg:99: trailing whitespace.
+Q 1250 4750 2034 4750 
campaigns/q4-conditional-admission-20261006T010859Z/analysis/plots/runtime.svg:118: trailing whitespace.
+        <path id="DejaVuSans-14" d="M 794 531 
campaigns/q4-conditional-admission-20261006T010859Z/analysis/plots/runtime.svg:119: trailing whitespace.
+L 1825 531 
campaigns/q4-conditional-admission-20261006T010859Z/analysis/plots/runtime.svg:120: trailing whitespace.
+L 1825 4091 
campaigns/q4-conditional-admission-20261006T010859Z/analysis/plots/runtime.svg:121: trailing whitespace.
+L 703 3866 
campaigns/q4-conditional-admission-20261006T010859Z/analysis/plots/runtime.svg:122: trailing whitespace.
+L 703 4441 
campaigns/q4-conditional-admission-20261006T010859Z/analysis/plots/runtime.svg:123: trailing whitespace.
+L 1819 4666 
campaigns/q4-conditional-admission-20261006T010859Z/analysis/plots/runtime.svg:124: trailing whitespace.
+L 2450 4666 
campaigns/q4-conditional-admission-20261006T010859Z/analysis/plots/runtime.svg:125: trailing whitespace.
+L 2450 531 
campaigns/q4-conditional-admission-20261006T010859Z/analysis/plots/runtime.svg:126: trailing whitespace.
+L 3481 531 
campaigns/q4-conditional-admission-20261006T010859Z/analysis/plots/runtime.svg:127: trailing whitespace.
+L 3481 0 
campaigns/q4-conditional-admission-20261006T010859Z/analysis/plots/runtime.svg:128: trailing whitespace.
+L 794 0 
campaigns/q4-conditional-admission-20261006T010859Z/analysis/plots/runtime.svg:129: trailing whitespace.
+L 794 531 
campaigns/q4-conditional-admission-20261006T010859Z/analysis/plots/runtime.svg:164: trailing whitespace.
+        <path id="DejaVuSans-15" d="M 1228 531 
campaigns/q4-conditional-admission-20261006T010859Z/analysis/plots/runtime.svg:165: trailing whitespace.
+L 3431 531 
campaigns/q4-conditional-admission-20261006T010859Z/analysis/plots/runtime.svg:166: trailing whitespace.
+L 3431 0 
campaigns/q4-conditional-admission-20261006T010859Z/analysis/plots/runtime.svg:167: trailing whitespace.
+L 469 0 
campaigns/q4-conditional-admission-20261006T010859Z/analysis/plots/runtime.svg:168: trailing whitespace.
+L 469 531 
campaigns/q4-conditional-admission-20261006T010859Z/analysis/plots/runtime.svg:169: trailing whitespace.
+Q 828 903 1448 1529 
campaigns/q4-conditional-admission-20261006T010859Z/analysis/plots/runtime.svg:170: trailing whitespace.
+Q 2069 2156 2228 2338 
campaigns/q4-conditional-admission-20261006T010859Z/analysis/plots/runtime.svg:171: trailing whitespace.
+Q 2531 2678 2651 2914 
campaigns/q4-conditional-admission-20261006T010859Z/analysis/plots/runtime.svg:172: trailing whitespace.
+Q 2772 3150 2772 3378 
campaigns/q4-conditional-admission-20261006T010859Z/analysis/plots/runtime.svg:173: trailing whitespace.
+Q 2772 3750 2511 3984 
campaigns/q4-conditional-admission-20261006T010859Z/analysis/plots/runtime.svg:174: trailing whitespace.
+Q 2250 4219 1831 4219 
campaigns/q4-conditional-admission-20261006T010859Z/analysis/plots/runtime.svg:175: trailing whitespace.
+Q 1534 4219 1204 4116 
campaigns/q4-conditional-admission-20261006T010859Z/analysis/plots/runtime.svg:176: trailing whitespace.
+Q 875 4013 500 3803 
campaigns/q4-conditional-admission-20261006T010859Z/analysis/plots/runtime.svg:177: trailing whitespace.
+L 500 4441 
campaigns/q4-conditional-admission-20261006T010859Z/analysis/plots/runtime.svg:178: trailing whitespace.
+Q 881 4594 1212 4672 
campaigns/q4-conditional-admission-20261006T010859Z/analysis/plots/runtime.svg:179: trailing whitespace.
+Q 1544 4750 1819 4750 
campaigns/q4-conditional-admission-20261006T010859Z/analysis/plots/runtime.svg:180: trailing whitespace.
+Q 2544 4750 2975 4387 
campaigns/q4-conditional-admission-20261006T010859Z/analysis/plots/runtime.svg:181: trailing whitespace.
+Q 3406 4025 3406 3419 
campaigns/q4-conditional-admission-20261006T010859Z/analysis/plots/runtime.svg:182: trailing whitespace.
+Q 3406 3131 3298 2873 
campaigns/q4-conditional-admission-20261006T010859Z/analysis/plots/runtime.svg:183: trailing whitespace.
+Q 3191 2616 2906 2266 
campaigns/q4-conditional-admission-20261006T010859Z/analysis/plots/runtime.svg:184: trailing whitespace.
+Q 2828 2175 2409 1742 
campaigns/q4-conditional-admission-20261006T010859Z/analysis/plots/runtime.svg:185: trailing whitespace.
+Q 1991 1309 1228 531 
campaigns/q4-conditional-admission-20261006T010859Z/analysis/plots/runtime.svg:214: trailing whitespace.
+       <path id="DejaVuSans-37" d="M -19 4666 
campaigns/q4-conditional-admission-20261006T010859Z/analysis/plots/runtime.svg:215: trailing whitespace.
+L 3928 4666 
campaigns/q4-conditional-admission-20261006T010859Z/analysis/plots/runtime.svg:216: trailing whitespace.
+L 3928 4134 
campaigns/q4-conditional-admission-20261006T010859Z/analysis/plots/runtime.svg:217: trailing whitespace.
+L 2272 4134 
campaigns/q4-conditional-admission-20261006T010859Z/analysis/plots/runtime.svg:218: trailing whitespace.
+L 2272 0 
campaigns/q4-conditional-admission-20261006T010859Z/analysis/plots/runtime.svg:219: trailing whitespace.
+L 1638 0 
campaigns/q4-conditional-admission-20261006T010859Z/analysis/plots/runtime.svg:220: trailing whitespace.
+L 1638 4134 
campaigns/q4-conditional-admission-20261006T010859Z/analysis/plots/runtime.svg:221: trailing whitespace.
+L -19 4134 
campaigns/q4-conditional-admission-20261006T010859Z/analysis/plots/runtime.svg:222: trailing whitespace.
+L -19 4666 
campaigns/q4-conditional-admission-20261006T010859Z/analysis/plots/runtime.svg:225: trailing whitespace.
+       <path id="DejaVuSans-52" d="M 1959 3097 
campaigns/q4-conditional-admission-20261006T010859Z/analysis/plots/runtime.svg:226: trailing whitespace.
+Q 1497 3097 1228 2736 
campaigns/q4-conditional-admission-20261006T010859Z/analysis/plots/runtime.svg:227: trailing whitespace.
+Q 959 2375 959 1747 
campaigns/q4-conditional-admission-20261006T010859Z/analysis/plots/runtime.svg:228: trailing whitespace.
+Q 959 1119 1226 758 
campaigns/q4-conditional-admission-20261006T010859Z/analysis/plots/runtime.svg:229: trailing whitespace.
+Q 1494 397 1959 397 
campaigns/q4-conditional-admission-20261006T010859Z/analysis/plots/runtime.svg:230: trailing whitespace.
+Q 2419 397 2687 759 
campaigns/q4-conditional-admission-20261006T010859Z/analysis/plots/runtime.svg:231: trailing whitespace.
+Q 2956 1122 2956 1747 
campaigns/q4-conditional-admission-20261006T010859Z/analysis/plots/runtime.svg:232: trailing whitespace.
+Q 2956 2369 2687 2733 
campaigns/q4-conditional-admission-20261006T010859Z/analysis/plots/runtime.svg:233: trailing whitespace.
+Q 2419 3097 1959 3097 
campaigns/q4-conditional-admission-20261006T010859Z/analysis/plots/runtime.svg:235: trailing whitespace.
+M 1959 3584 
campaigns/q4-conditional-admission-20261006T010859Z/analysis/plots/runtime.svg:236: trailing whitespace.
+Q 2709 3584 3137 3096 
campaigns/q4-conditional-admission-20261006T010859Z/analysis/plots/runtime.svg:237: trailing whitespace.
+Q 3566 2609 3566 1747 
campaigns/q4-conditional-admission-20261006T010859Z/analysis/plots/runtime.svg:238: trailing whitespace.
+Q 3566 888 3137 398 
campaigns/q4-conditional-admission-20261006T010859Z/analysis/plots/runtime.svg:239: trailing whitespace.
+Q 2709 -91 1959 -91 
campaigns/q4-conditional-admission-20261006T010859Z/analysis/plots/runtime.svg:240: trailing whitespace.
+Q 1206 -91 779 398 
campaigns/q4-conditional-admission-20261006T010859Z/analysis/plots/runtime.svg:241: trailing whitespace.
+Q 353 888 353 1747 
campaigns/q4-conditional-admission-20261006T010859Z/analysis/plots/runtime.svg:242: trailing whitespace.
+Q 353 2609 779 3096 
campaigns/q4-conditional-admission-20261006T010859Z/analysis/plots/runtime.svg:243: trailing whitespace.
+Q 1206 3584 1959 3584 
campaigns/q4-conditional-admission-20261006T010859Z/analysis/plots/runtime.svg:246: trailing whitespace.
+       <path id="DejaVuSans-57" d="M 1172 4494 
campaigns/q4-conditional-admission-20261006T010859Z/analysis/plots/runtime.svg:247: trailing whitespace.
+L 1172 3500 
campaigns/q4-conditional-admission-20261006T010859Z/analysis/plots/runtime.svg:248: trailing whitespace.
+L 2356 3500 
campaigns/q4-conditional-admission-20261006T010859Z/analysis/plots/runtime.svg:249: trailing whitespace.
+L 2356 3053 
campaigns/q4-conditional-admission-20261006T010859Z/analysis/plots/runtime.svg:250: trailing whitespace.
+L 1172 3053 
campaigns/q4-conditional-admission-20261006T010859Z/analysis/plots/runtime.svg:251: trailing whitespace.
+L 1172 1153 
campaigns/q4-conditional-admission-20261006T010859Z/analysis/plots/runtime.svg:252: trailing whitespace.
+Q 1172 725 1289 603 
campaigns/q4-conditional-admission-20261006T010859Z/analysis/plots/runtime.svg:253: trailing whitespace.
+Q 1406 481 1766 481 
campaigns/q4-conditional-admission-20261006T010859Z/analysis/plots/runtime.svg:254: trailing whitespace.
+L 2356 481 
campaigns/q4-conditional-admission-20261006T010859Z/analysis/plots/runtime.svg:255: trailing whitespace.
+L 2356 0 
campaigns/q4-conditional-admission-20261006T010859Z/analysis/plots/runtime.svg:256: trailing whitespace.
+L 1766 0 
campaigns/q4-conditional-admission-20261006T010859Z/analysis/plots/runtime.svg:257: trailing whitespace.
+Q 1100 0 847 248 
campaigns/q4-conditional-admission-20261006T010859Z/analysis/plots/runtime.svg:258: trailing whitespace.
+Q 594 497 594 1153 
campaigns/q4-conditional-admission-20261006T010859Z/analysis/plots/runtime.svg:259: trailing whitespace.
+L 594 3053 
campaigns/q4-conditional-admission-20261006T010859Z/analysis/plots/runtime.svg:260: trailing whitespace.
+L 172 3053 
campaigns/q4-conditional-admission-20261006T010859Z/analysis/plots/runtime.svg:261: trailing whitespace.
+L 172 3500 
campaigns/q4-conditional-admission-20261006T010859Z/analysis/plots/runtime.svg:262: trailing whitespace.
+L 594 3500 
campaigns/q4-conditional-admission-20261006T010859Z/analysis/plots/runtime.svg:263: trailing whitespace.
+L 594 4494 
campaigns/q4-conditional-admission-20261006T010859Z/analysis/plots/runtime.svg:264: trailing whitespace.
+L 1172 4494 
campaigns/q4-conditional-admission-20261006T010859Z/analysis/plots/runtime.svg:267: trailing whitespace.
+       <path id="DejaVuSans-44" d="M 2194 1759 
campaigns/q4-conditional-admission-20261006T010859Z/analysis/plots/runtime.svg:268: trailing whitespace.
+Q 1497 1759 1228 1600 
campaigns/q4-conditional-admission-20261006T010859Z/analysis/plots/runtime.svg:269: trailing whitespace.
+Q 959 1441 959 1056 
campaigns/q4-conditional-admission-20261006T010859Z/analysis/plots/runtime.svg:270: trailing whitespace.
+Q 959 750 1161 570 
campaigns/q4-conditional-admission-20261006T010859Z/analysis/plots/runtime.svg:271: trailing whitespace.
+Q 1363 391 1709 391 
campaigns/q4-conditional-admission-20261006T010859Z/analysis/plots/runtime.svg:272: trailing whitespace.
+Q 2188 391 2477 730 
campaigns/q4-conditional-admission-20261006T010859Z/analysis/plots/runtime.svg:273: trailing whitespace.
+Q 2766 1069 2766 1631 
campaigns/q4-conditional-admission-20261006T010859Z/analysis/plots/runtime.svg:274: trailing whitespace.
+L 2766 1759 
campaigns/q4-conditional-admission-20261006T010859Z/analysis/plots/runtime.svg:275: trailing whitespace.
+L 2194 1759 
campaigns/q4-conditional-admission-20261006T010859Z/analysis/plots/runtime.svg:277: trailing whitespace.
+M 3341 1997 
campaigns/q4-conditional-admission-20261006T010859Z/analysis/plots/runtime.svg:278: trailing whitespace.
+L 3341 0 
campaigns/q4-conditional-admission-20261006T010859Z/analysis/plots/runtime.svg:279: trailing whitespace.
+L 2766 0 
campaigns/q4-conditional-admission-20261006T010859Z/analysis/plots/runtime.svg:280: trailing whitespace.
+L 2766 531 
campaigns/q4-conditional-admission-20261006T010859Z/analysis/plots/runtime.svg:281: trailing whitespace.
+Q 2569 213 2275 61 
campaigns/q4-conditional-admission-20261006T010859Z/analysis/plots/runtime.svg:282: trailing whitespace.
+Q 1981 -91 1556 -91 
campaigns/q4-conditional-admission-20261006T010859Z/analysis/plots/runtime.svg:283: trailing whitespace.
+Q 1019 -91 701 211 
campaigns/q4-conditional-admission-20261006T010859Z/analysis/plots/runtime.svg:284: trailing whitespace.
+Q 384 513 384 1019 
campaigns/q4-conditional-admission-20261006T010859Z/analysis/plots/runtime.svg:285: trailing whitespace.
+Q 384 1609 779 1909 
campaigns/q4-conditional-admission-20261006T010859Z/analysis/plots/runtime.svg:286: trailing whitespace.
+Q 1175 2209 1959 2209 
campaigns/q4-conditional-admission-20261006T010859Z/analysis/plots/runtime.svg:287: trailing whitespace.
+L 2766 2209 
campaigns/q4-conditional-admission-20261006T010859Z/analysis/plots/runtime.svg:288: trailing whitespace.
+L 2766 2266 
campaigns/q4-conditional-admission-20261006T010859Z/analysis/plots/runtime.svg:289: trailing whitespace.
+Q 2766 2663 2505 2880 
campaigns/q4-conditional-admission-20261006T010859Z/analysis/plots/runtime.svg:290: trailing whitespace.
+Q 2244 3097 1772 3097 
campaigns/q4-conditional-admission-20261006T010859Z/analysis/plots/runtime.svg:291: trailing whitespace.
+Q 1472 3097 1187 3025 
campaigns/q4-conditional-admission-20261006T010859Z/analysis/plots/runtime.svg:292: trailing whitespace.
+Q 903 2953 641 2809 
campaigns/q4-conditional-admission-20261006T010859Z/analysis/plots/runtime.svg:293: trailing whitespace.
+L 641 3341 
campaigns/q4-conditional-admission-20261006T010859Z/analysis/plots/runtime.svg:294: trailing whitespace.
+Q 956 3463 1253 3523 
campaigns/q4-conditional-admission-20261006T010859Z/analysis/plots/runtime.svg:295: trailing whitespace.
+Q 1550 3584 1831 3584 
campaigns/q4-conditional-admission-20261006T010859Z/analysis/plots/runtime.svg:296: trailing whitespace.
+Q 2591 3584 2966 3190 
campaigns/q4-conditional-admission-20261006T010859Z/analysis/plots/runtime.svg:297: trailing whitespace.
+Q 3341 2797 3341 1997 
campaigns/q4-conditional-admission-20261006T010859Z/analysis/plots/runtime.svg:300: trailing whitespace.
+       <path id="DejaVuSans-4f" d="M 603 4863 
campaigns/q4-conditional-admission-20261006T010859Z/analysis/plots/runtime.svg:301: trailing whitespace.
+L 1178 4863 
campaigns/q4-conditional-admission-20261006T010859Z/analysis/plots/runtime.svg:302: trailing whitespace.
+L 1178 0 
campaigns/q4-conditional-admission-20261006T010859Z/analysis/plots/runtime.svg:303: trailing whitespace.
+L 603 0 
campaigns/q4-conditional-admission-20261006T010859Z/analysis/plots/runtime.svg:304: trailing whitespace.
+L 603 4863 
campaigns/q4-conditional-admission-20261006T010859Z/analysis/plots/runtime.svg:308: trailing whitespace.
+       <path id="DejaVuSans-46" d="M 3122 3366 
campaigns/q4-conditional-admission-20261006T010859Z/analysis/plots/runtime.svg:309: trailing whitespace.
+L 3122 2828 
campaigns/q4-conditional-admission-20261006T010859Z/analysis/plots/runtime.svg:310: trailing whitespace.
+Q 2878 2963 2633 3030 
campaigns/q4-conditional-admission-20261006T010859Z/analysis/plots/runtime.svg:311: trailing whitespace.
+Q 2388 3097 2138 3097 
campaigns/q4-conditional-admission-20261006T010859Z/analysis/plots/runtime.svg:312: trailing whitespace.
+Q 1578 3097 1268 2742 
campaigns/q4-conditional-admission-20261006T010859Z/analysis/plots/runtime.svg:313: trailing whitespace.
+Q 959 2388 959 1747 
campaigns/q4-conditional-admission-20261006T010859Z/analysis/plots/runtime.svg:314: trailing whitespace.
+Q 959 1106 1268 751 
campaigns/q4-conditional-admission-20261006T010859Z/analysis/plots/runtime.svg:315: trailing whitespace.
+Q 1578 397 2138 397 
campaigns/q4-conditional-admission-20261006T010859Z/analysis/plots/runtime.svg:316: trailing whitespace.
+Q 2388 397 2633 464 
campaigns/q4-conditional-admission-20261006T010859Z/analysis/plots/runtime.svg:317: trailing whitespace.
+Q 2878 531 3122 666 
campaigns/q4-conditional-admission-20261006T010859Z/analysis/plots/runtime.svg:318: trailing whitespace.
+L 3122 134 
campaigns/q4-conditional-admission-20261006T010859Z/analysis/plots/runtime.svg:319: trailing whitespace.
+Q 2881 22 2623 -34 
campaigns/q4-conditional-admission-20261006T010859Z/analysis/plots/runtime.svg:320: trailing whitespace.
+Q 2366 -91 2075 -91 
campaigns/q4-conditional-admission-20261006T010859Z/analysis/plots/runtime.svg:321: trailing whitespace.
+Q 1284 -91 818 406 
campaigns/q4-conditional-admission-20261006T010859Z/analysis/plots/runtime.svg:322: trailing whitespace.
+Q 353 903 353 1747 
campaigns/q4-conditional-admission-20261006T010859Z/analysis/plots/runtime.svg:323: trailing whitespace.
+Q 353 2603 823 3093 
campaigns/q4-conditional-admission-20261006T010859Z/analysis/plots/runtime.svg:324: trailing whitespace.
+Q 1294 3584 2113 3584 
campaigns/q4-conditional-admission-20261006T010859Z/analysis/plots/runtime.svg:325: trailing whitespace.
+Q 2378 3584 2631 3529 
campaigns/q4-conditional-admission-20261006T010859Z/analysis/plots/runtime.svg:326: trailing whitespace.
+Q 2884 3475 3122 3366 
campaigns/q4-conditional-admission-20261006T010859Z/analysis/plots/runtime.svg:329: trailing whitespace.
+       <path id="DejaVuSans-51" d="M 3513 2113 
campaigns/q4-conditional-admission-20261006T010859Z/analysis/plots/runtime.svg:330: trailing whitespace.
+L 3513 0 
campaigns/q4-conditional-admission-20261006T010859Z/analysis/plots/runtime.svg:331: trailing whitespace.
+L 2938 0 
campaigns/q4-conditional-admission-20261006T010859Z/analysis/plots/runtime.svg:332: trailing whitespace.
+L 2938 2094 
campaigns/q4-conditional-admission-20261006T010859Z/analysis/plots/runtime.svg:333: trailing whitespace.
+Q 2938 2591 2744 2837 
campaigns/q4-conditional-admission-20261006T010859Z/analysis/plots/runtime.svg:334: trailing whitespace.
+Q 2550 3084 2163 3084 
campaigns/q4-conditional-admission-20261006T010859Z/analysis/plots/runtime.svg:335: trailing whitespace.
+Q 1697 3084 1428 2787 
campaigns/q4-conditional-admission-20261006T010859Z/analysis/plots/runtime.svg:336: trailing whitespace.
+Q 1159 2491 1159 1978 
campaigns/q4-conditional-admission-20261006T010859Z/analysis/plots/runtime.svg:337: trailing whitespace.
+L 1159 0 
campaigns/q4-conditional-admission-20261006T010859Z/analysis/plots/runtime.svg:338: trailing whitespace.
+L 581 0 
campaigns/q4-conditional-admission-20261006T010859Z/analysis/plots/runtime.svg:339: trailing whitespace.
+L 581 3500 
campaigns/q4-conditional-admission-20261006T010859Z/analysis/plots/runtime.svg:340: trailing whitespace.
+L 1159 3500 
campaigns/q4-conditional-admission-20261006T010859Z/analysis/plots/runtime.svg:341: trailing whitespace.
+L 1159 2956 
campaigns/q4-conditional-admission-20261006T010859Z/analysis/plots/runtime.svg:342: trailing whitespace.
+Q 1366 3272 1645 3428 
campaigns/q4-conditional-admission-20261006T010859Z/analysis/plots/runtime.svg:343: trailing whitespace.
+Q 1925 3584 2291 3584 
campaigns/q4-conditional-admission-20261006T010859Z/analysis/plots/runtime.svg:344: trailing whitespace.
+Q 2894 3584 3203 3211 
campaigns/q4-conditional-admission-20261006T010859Z/analysis/plots/runtime.svg:345: trailing whitespace.
+Q 3513 2838 3513 2113 
campaigns/q4-conditional-admission-20261006T010859Z/analysis/plots/runtime.svg:348: trailing whitespace.
+       <path id="DejaVuSans-48" d="M 3597 1894 
campaigns/q4-conditional-admission-20261006T010859Z/analysis/plots/runtime.svg:349: trailing whitespace.
+L 3597 1613 
campaigns/q4-conditional-admission-20261006T010859Z/analysis/plots/runtime.svg:350: trailing whitespace.
+L 953 1613 
campaigns/q4-conditional-admission-20261006T010859Z/analysis/plots/runtime.svg:351: trailing whitespace.
+Q 991 1019 1311 708 
campaigns/q4-conditional-admission-20261006T010859Z/analysis/plots/runtime.svg:352: trailing whitespace.
+Q 1631 397 2203 397 
campaigns/q4-conditional-admission-20261006T010859Z/analysis/plots/runtime.svg:353: trailing whitespace.
+Q 2534 397 2845 478 
campaigns/q4-conditional-admission-20261006T010859Z/analysis/plots/runtime.svg:354: trailing whitespace.
+Q 3156 559 3463 722 
campaigns/q4-conditional-admission-20261006T010859Z/analysis/plots/runtime.svg:355: trailing whitespace.
+L 3463 178 
campaigns/q4-conditional-admission-20261006T010859Z/analysis/plots/runtime.svg:356: trailing whitespace.
+Q 3153 47 2828 -22 
campaigns/q4-conditional-admission-20261006T010859Z/analysis/plots/runtime.svg:357: trailing whitespace.
+Q 2503 -91 2169 -91 
campaigns/q4-conditional-admission-20261006T010859Z/analysis/plots/runtime.svg:358: trailing whitespace.
+Q 1331 -91 842 396 
campaigns/q4-conditional-admission-20261006T010859Z/analysis/plots/runtime.svg:359: trailing whitespace.
+Q 353 884 353 1716 
campaigns/q4-conditional-admission-20261006T010859Z/analysis/plots/runtime.svg:360: trailing whitespace.
+Q 353 2575 817 3079 
campaigns/q4-conditional-admission-20261006T010859Z/analysis/plots/runtime.svg:361: trailing whitespace.
+Q 1281 3584 2069 3584 
campaigns/q4-conditional-admission-20261006T010859Z/analysis/plots/runtime.svg:362: trailing whitespace.
+Q 2775 3584 3186 3129 
campaigns/q4-conditional-admission-20261006T010859Z/analysis/plots/runtime.svg:363: trailing whitespace.
+Q 3597 2675 3597 1894 
campaigns/q4-conditional-admission-20261006T010859Z/analysis/plots/runtime.svg:365: trailing whitespace.
+M 3022 2063 
campaigns/q4-conditional-admission-20261006T010859Z/analysis/plots/runtime.svg:366: trailing whitespace.
+Q 3016 2534 2758 2815 
campaigns/q4-conditional-admission-20261006T010859Z/analysis/plots/runtime.svg:367: trailing whitespace.
+Q 2500 3097 2075 3097 
campaigns/q4-conditional-admission-20261006T010859Z/analysis/plots/runtime.svg:368: trailing whitespace.
+Q 1594 3097 1305 2825 
campaigns/q4-conditional-admission-20261006T010859Z/analysis/plots/runtime.svg:369: trailing whitespace.
+Q 1016 2553 972 2059 
campaigns/q4-conditional-admission-20261006T010859Z/analysis/plots/runtime.svg:370: trailing whitespace.
+L 3022 2063 
campaigns/q4-conditional-admission-20261006T010859Z/analysis/plots/runtime.svg:373: trailing whitespace.
+       <path id="DejaVuSans-5b" d="M 3513 3500 
campaigns/q4-conditional-admission-20261006T010859Z/analysis/plots/runtime.svg:374: trailing whitespace.
+L 2247 1797 
campaigns/q4-conditional-admission-20261006T010859Z/analysis/plots/runtime.svg:375: trailing whitespace.
+L 3578 0 
campaigns/q4-conditional-admission-20261006T010859Z/analysis/plots/runtime.svg:376: trailing whitespace.
+L 2900 0 
campaigns/q4-conditional-admission-20261006T010859Z/analysis/plots/runtime.svg:377: trailing whitespace.
+L 1881 1375 
campaigns/q4-conditional-admission-20261006T010859Z/analysis/plots/runtime.svg:378: trailing whitespace.
+L 863 0 
campaigns/q4-conditional-admission-20261006T010859Z/analysis/plots/runtime.svg:379: trailing whitespace.
+L 184 0 
campaigns/q4-conditional-admission-20261006T010859Z/analysis/plots/runtime.svg:380: trailing whitespace.
+L 1544 1831 
campaigns/q4-conditional-admission-20261006T010859Z/analysis/plots/runtime.svg:381: trailing whitespace.
+L 300 3500 
campaigns/q4-conditional-admission-20261006T010859Z/analysis/plots/runtime.svg:382: trailing whitespace.
+L 978 3500 
campaigns/q4-conditional-admission-20261006T010859Z/analysis/plots/runtime.svg:383: trailing whitespace.
+L 1906 2253 
campaigns/q4-conditional-admission-20261006T010859Z/analysis/plots/runtime.svg:384: trailing whitespace.
+L 2834 3500 
campaigns/q4-conditional-admission-20261006T010859Z/analysis/plots/runtime.svg:385: trailing whitespace.
+L 3513 3500 
campaigns/q4-conditional-admission-20261006T010859Z/analysis/plots/runtime.svg:388: trailing whitespace.
+       <path id="DejaVuSans-4c" d="M 603 3500 
campaigns/q4-conditional-admission-20261006T010859Z/analysis/plots/runtime.svg:389: trailing whitespace.
+L 1178 3500 
campaigns/q4-conditional-admission-20261006T010859Z/analysis/plots/runtime.svg:390: trailing whitespace.
+L 1178 0 
campaigns/q4-conditional-admission-20261006T010859Z/analysis/plots/runtime.svg:391: trailing whitespace.
+L 603 0 
campaigns/q4-conditional-admission-20261006T010859Z/analysis/plots/runtime.svg:392: trailing whitespace.
+L 603 3500 
campaigns/q4-conditional-admission-20261006T010859Z/analysis/plots/runtime.svg:394: trailing whitespace.
+M 603 4863 
campaigns/q4-conditional-admission-20261006T010859Z/analysis/plots/runtime.svg:395: trailing whitespace.
+L 1178 4863 
campaigns/q4-conditional-admission-20261006T010859Z/analysis/plots/runtime.svg:396: trailing whitespace.
+L 1178 4134 
campaigns/q4-conditional-admission-20261006T010859Z/analysis/plots/runtime.svg:397: trailing whitespace.
+L 603 4134 
campaigns/q4-conditional-admission-20261006T010859Z/analysis/plots/runtime.svg:398: trailing whitespace.
+L 603 4863 
campaigns/q4-conditional-admission-20261006T010859Z/analysis/plots/runtime.svg:401: trailing whitespace.
+       <path id="DejaVuSans-50" d="M 3328 2828 
campaigns/q4-conditional-admission-20261006T010859Z/analysis/plots/runtime.svg:402: trailing whitespace.
+Q 3544 3216 3844 3400 
campaigns/q4-conditional-admission-20261006T010859Z/analysis/plots/runtime.svg:403: trailing whitespace.
+Q 4144 3584 4550 3584 
campaigns/q4-conditional-admission-20261006T010859Z/analysis/plots/runtime.svg:404: trailing whitespace.
+Q 5097 3584 5394 3201 
campaigns/q4-conditional-admission-20261006T010859Z/analysis/plots/runtime.svg:405: trailing whitespace.
+Q 5691 2819 5691 2113 
campaigns/q4-conditional-admission-20261006T010859Z/analysis/plots/runtime.svg:406: trailing whitespace.
+L 5691 0 
campaigns/q4-conditional-admission-20261006T010859Z/analysis/plots/runtime.svg:407: trailing whitespace.
+L 5113 0 
campaigns/q4-conditional-admission-20261006T010859Z/analysis/plots/runtime.svg:408: trailing whitespace.
+L 5113 2094 
campaigns/q4-conditional-admission-20261006T010859Z/analysis/plots/runtime.svg:409: trailing whitespace.
+Q 5113 2597 4934 2840 
campaigns/q4-conditional-admission-20261006T010859Z/analysis/plots/runtime.svg:410: trailing whitespace.
+Q 4756 3084 4391 3084 
campaigns/q4-conditional-admission-20261006T010859Z/analysis/plots/runtime.svg:411: trailing whitespace.
+Q 3944 3084 3684 2787 
campaigns/q4-conditional-admission-20261006T010859Z/analysis/plots/runtime.svg:412: trailing whitespace.
+Q 3425 2491 3425 1978 
campaigns/q4-conditional-admission-20261006T010859Z/analysis/plots/runtime.svg:413: trailing whitespace.
+L 3425 0 
campaigns/q4-conditional-admission-20261006T010859Z/analysis/plots/runtime.svg:414: trailing whitespace.
+L 2847 0 
campaigns/q4-conditional-admission-20261006T010859Z/analysis/plots/runtime.svg:415: trailing whitespace.
+L 2847 2094 
campaigns/q4-conditional-admission-20261006T010859Z/analysis/plots/runtime.svg:416: trailing whitespace.
+Q 2847 2600 2669 2842 
campaigns/q4-conditional-admission-20261006T010859Z/analysis/plots/runtime.svg:417: trailing whitespace.
+Q 2491 3084 2119 3084 
campaigns/q4-conditional-admission-20261006T010859Z/analysis/plots/runtime.svg:418: trailing whitespace.
+Q 1678 3084 1418 2786 
campaigns/q4-conditional-admission-20261006T010859Z/analysis/plots/runtime.svg:419: trailing whitespace.
+Q 1159 2488 1159 1978 
campaigns/q4-conditional-admission-20261006T010859Z/analysis/plots/runtime.svg:420: trailing whitespace.
+L 1159 0 
campaigns/q4-conditional-admission-20261006T010859Z/analysis/plots/runtime.svg:421: trailing whitespace.
+L 581 0 
campaigns/q4-conditional-admission-20261006T010859Z/analysis/plots/runtime.svg:422: trailing whitespace.
+L 581 3500 
campaigns/q4-conditional-admission-20261006T010859Z/analysis/plots/runtime.svg:423: trailing whitespace.
+L 1159 3500 
campaigns/q4-conditional-admission-20261006T010859Z/analysis/plots/runtime.svg:424: trailing whitespace.
+L 1159 2956 
campaigns/q4-conditional-admission-20261006T010859Z/analysis/plots/runtime.svg:425: trailing whitespace.
+Q 1356 3278 1631 3431 
campaigns/q4-conditional-admission-20261006T010859Z/analysis/plots/runtime.svg:426: trailing whitespace.
+Q 1906 3584 2284 3584 
campaigns/q4-conditional-admission-20261006T010859Z/analysis/plots/runtime.svg:427: trailing whitespace.
+Q 2666 3584 2933 3390 
campaigns/q4-conditional-admission-20261006T010859Z/analysis/plots/runtime.svg:428: trailing whitespace.
+Q 3200 3197 3328 2828 
campaigns/q4-conditional-admission-20261006T010859Z/analysis/plots/runtime.svg:431: trailing whitespace.
+       <path id="DejaVuSans-b" d="M 1984 4856 
campaigns/q4-conditional-admission-20261006T010859Z/analysis/plots/runtime.svg:432: trailing whitespace.
+Q 1566 4138 1362 3434 
campaigns/q4-conditional-admission-20261006T010859Z/analysis/plots/runtime.svg:433: trailing whitespace.
+Q 1159 2731 1159 2009 
campaigns/q4-conditional-admission-20261006T010859Z/analysis/plots/runtime.svg:434: trailing whitespace.
+Q 1159 1288 1364 580 
campaigns/q4-conditional-admission-20261006T010859Z/analysis/plots/runtime.svg:435: trailing whitespace.
+Q 1569 -128 1984 -844 
campaigns/q4-conditional-admission-20261006T010859Z/analysis/plots/runtime.svg:436: trailing whitespace.
+L 1484 -844 
campaigns/q4-conditional-admission-20261006T010859Z/analysis/plots/runtime.svg:437: trailing whitespace.
+Q 1016 -109 783 600 
campaigns/q4-conditional-admission-20261006T010859Z/analysis/plots/runtime.svg:438: trailing whitespace.
+Q 550 1309 550 2009 
campaigns/q4-conditional-admission-20261006T010859Z/analysis/plots/runtime.svg:439: trailing whitespace.
+Q 550 2706 781 3412 
campaigns/q4-conditional-admission-20261006T010859Z/analysis/plots/runtime.svg:440: trailing whitespace.
+Q 1013 4119 1484 4856 
campaigns/q4-conditional-admission-20261006T010859Z/analysis/plots/runtime.svg:441: trailing whitespace.
+L 1984 4856 
campaigns/q4-conditional-admission-20261006T010859Z/analysis/plots/runtime.svg:444: trailing whitespace.
+       <path id="DejaVuSans-2e" d="M 628 4666 
campaigns/q4-conditional-admission-20261006T010859Z/analysis/plots/runtime.svg:445: trailing whitespace.
+L 1259 4666 
campaigns/q4-conditional-admission-20261006T010859Z/analysis/plots/runtime.svg:446: trailing whitespace.
+L 1259 2694 
campaigns/q4-conditional-admission-20261006T010859Z/analysis/plots/runtime.svg:447: trailing whitespace.
+L 3353 4666 
campaigns/q4-conditional-admission-20261006T010859Z/analysis/plots/runtime.svg:448: trailing whitespace.
+L 4166 4666 
campaigns/q4-conditional-admission-20261006T010859Z/analysis/plots/runtime.svg:449: trailing whitespace.
+L 1850 2491 
campaigns/q4-conditional-admission-20261006T010859Z/analysis/plots/runtime.svg:450: trailing whitespace.
+L 4331 0 
campaigns/q4-conditional-admission-20261006T010859Z/analysis/plots/runtime.svg:451: trailing whitespace.
+L 3500 0 
campaigns/q4-conditional-admission-20261006T010859Z/analysis/plots/runtime.svg:452: trailing whitespace.
+L 1259 2247 
campaigns/q4-conditional-admission-20261006T010859Z/analysis/plots/runtime.svg:453: trailing whitespace.
+L 1259 0 
campaigns/q4-conditional-admission-20261006T010859Z/analysis/plots/runtime.svg:454: trailing whitespace.
+L 628 0 
campaigns/q4-conditional-admission-20261006T010859Z/analysis/plots/runtime.svg:455: trailing whitespace.
+L 628 4666 
campaigns/q4-conditional-admission-20261006T010859Z/analysis/plots/runtime.svg:458: trailing whitespace.
+       <path id="DejaVuSans-c" d="M 513 4856 
campaigns/q4-conditional-admission-20261006T010859Z/analysis/plots/runtime.svg:459: trailing whitespace.
+L 1013 4856 
campaigns/q4-conditional-admission-20261006T010859Z/analysis/plots/runtime.svg:460: trailing whitespace.
+Q 1481 4119 1714 3412 
campaigns/q4-conditional-admission-20261006T010859Z/analysis/plots/runtime.svg:461: trailing whitespace.
+Q 1947 2706 1947 2009 
campaigns/q4-conditional-admission-20261006T010859Z/analysis/plots/runtime.svg:462: trailing whitespace.
+Q 1947 1309 1714 600 
campaigns/q4-conditional-admission-20261006T010859Z/analysis/plots/runtime.svg:463: trailing whitespace.
+Q 1481 -109 1013 -844 
campaigns/q4-conditional-admission-20261006T010859Z/analysis/plots/runtime.svg:464: trailing whitespace.
+L 513 -844 
campaigns/q4-conditional-admission-20261006T010859Z/analysis/plots/runtime.svg:465: trailing whitespace.
+Q 928 -128 1133 580 
campaigns/q4-conditional-admission-20261006T010859Z/analysis/plots/runtime.svg:466: trailing whitespace.
+Q 1338 1288 1338 2009 
campaigns/q4-conditional-admission-20261006T010859Z/analysis/plots/runtime.svg:467: trailing whitespace.
+Q 1338 2731 1133 3434 
campaigns/q4-conditional-admission-20261006T010859Z/analysis/plots/runtime.svg:468: trailing whitespace.
+Q 928 4138 513 4856 
campaigns/q4-conditional-admission-20261006T010859Z/analysis/plots/runtime.svg:502: trailing whitespace.
+       <path id="m33df978f1a" d="M 0 0 
campaigns/q4-conditional-admission-20261006T010859Z/analysis/plots/runtime.svg:503: trailing whitespace.
+L -3.5 0 
campaigns/q4-conditional-admission-20261006T010859Z/analysis/plots/runtime.svg:514: trailing whitespace.
+        <path id="DejaVuSans-1b" d="M 2034 2216 
campaigns/q4-conditional-admission-20261006T010859Z/analysis/plots/runtime.svg:515: trailing whitespace.
+Q 1584 2216 1326 1975 
campaigns/q4-conditional-admission-20261006T010859Z/analysis/plots/runtime.svg:516: trailing whitespace.
+Q 1069 1734 1069 1313 
campaigns/q4-conditional-admission-20261006T010859Z/analysis/plots/runtime.svg:517: trailing whitespace.
+Q 1069 891 1326 650 
campaigns/q4-conditional-admission-20261006T010859Z/analysis/plots/runtime.svg:518: trailing whitespace.
+Q 1584 409 2034 409 
campaigns/q4-conditional-admission-20261006T010859Z/analysis/plots/runtime.svg:519: trailing whitespace.
+Q 2484 409 2743 651 
campaigns/q4-conditional-admission-20261006T010859Z/analysis/plots/runtime.svg:520: trailing whitespace.
+Q 3003 894 3003 1313 
campaigns/q4-conditional-admission-20261006T010859Z/analysis/plots/runtime.svg:521: trailing whitespace.
+Q 3003 1734 2745 1975 
campaigns/q4-conditional-admission-20261006T010859Z/analysis/plots/runtime.svg:522: trailing whitespace.
+Q 2488 2216 2034 2216 
campaigns/q4-conditional-admission-20261006T010859Z/analysis/plots/runtime.svg:524: trailing whitespace.
+M 1403 2484 
campaigns/q4-conditional-admission-20261006T010859Z/analysis/plots/runtime.svg:525: trailing whitespace.
+Q 997 2584 770 2862 
campaigns/q4-conditional-admission-20261006T010859Z/analysis/plots/runtime.svg:526: trailing whitespace.
+Q 544 3141 544 3541 
campaigns/q4-conditional-admission-20261006T010859Z/analysis/plots/runtime.svg:527: trailing whitespace.
+Q 544 4100 942 4425 
campaigns/q4-conditional-admission-20261006T010859Z/analysis/plots/runtime.svg:528: trailing whitespace.
+Q 1341 4750 2034 4750 
campaigns/q4-conditional-admission-20261006T010859Z/analysis/plots/runtime.svg:529: trailing whitespace.
+Q 2731 4750 3128 4425 
campaigns/q4-conditional-admission-20261006T010859Z/analysis/plots/runtime.svg:530: trailing whitespace.
+Q 3525 4100 3525 3541 
campaigns/q4-conditional-admission-20261006T010859Z/analysis/plots/runtime.svg:531: trailing whitespace.
+Q 3525 3141 3298 2862 
campaigns/q4-conditional-admission-20261006T010859Z/analysis/plots/runtime.svg:532: trailing whitespace.
+Q 3072 2584 2669 2484 
campaigns/q4-conditional-admission-20261006T010859Z/analysis/plots/runtime.svg:533: trailing whitespace.
+Q 3125 2378 3379 2068 
campaigns/q4-conditional-admission-20261006T010859Z/analysis/plots/runtime.svg:534: trailing whitespace.
+Q 3634 1759 3634 1313 
campaigns/q4-conditional-admission-20261006T010859Z/analysis/plots/runtime.svg:535: trailing whitespace.
+Q 3634 634 3220 271 
campaigns/q4-conditional-admission-20261006T010859Z/analysis/plots/runtime.svg:536: trailing whitespace.
+Q 2806 -91 2034 -91 
campaigns/q4-conditional-admission-20261006T010859Z/analysis/plots/runtime.svg:537: trailing whitespace.
+Q 1263 -91 848 271 
campaigns/q4-conditional-admission-20261006T010859Z/analysis/plots/runtime.svg:538: trailing whitespace.
+Q 434 634 434 1313 
campaigns/q4-conditional-admission-20261006T010859Z/analysis/plots/runtime.svg:539: trailing whitespace.
+Q 434 1759 690 2068 
campaigns/q4-conditional-admission-20261006T010859Z/analysis/plots/runtime.svg:540: trailing whitespace.
+Q 947 2378 1403 2484 
campaigns/q4-conditional-admission-20261006T010859Z/analysis/plots/runtime.svg:542: trailing whitespace.
+M 1172 3481 
campaigns/q4-conditional-admission-20261006T010859Z/analysis/plots/runtime.svg:543: trailing whitespace.
+Q 1172 3119 1398 2916 
campaigns/q4-conditional-admission-20261006T010859Z/analysis/plots/runtime.svg:544: trailing whitespace.
+Q 1625 2713 2034 2713 
campaigns/q4-conditional-admission-20261006T010859Z/analysis/plots/runtime.svg:545: trailing whitespace.
+Q 2441 2713 2670 2916 
campaigns/q4-conditional-admission-20261006T010859Z/analysis/plots/runtime.svg:546: trailing whitespace.
+Q 2900 3119 2900 3481 
campaigns/q4-conditional-admission-20261006T010859Z/analysis/plots/runtime.svg:547: trailing whitespace.
+Q 2900 3844 2670 4047 
campaigns/q4-conditional-admission-20261006T010859Z/analysis/plots/runtime.svg:548: trailing whitespace.
+Q 2441 4250 2034 4250 
campaigns/q4-conditional-admission-20261006T010859Z/analysis/plots/runtime.svg:549: trailing whitespace.
+Q 1625 4250 1398 4047 
campaigns/q4-conditional-admission-20261006T010859Z/analysis/plots/runtime.svg:550: trailing whitespace.
+Q 1172 3844 1172 3481 
campaigns/q4-conditional-admission-20261006T010859Z/analysis/plots/runtime.svg:569: trailing whitespace.
+        <path id="DejaVuSans-1c" d="M 703 97 
campaigns/q4-conditional-admission-20261006T010859Z/analysis/plots/runtime.svg:570: trailing whitespace.
+L 703 672 
campaigns/q4-conditional-admission-20261006T010859Z/analysis/plots/runtime.svg:571: trailing whitespace.
+Q 941 559 1184 500 
campaigns/q4-conditional-admission-20261006T010859Z/analysis/plots/runtime.svg:572: trailing whitespace.
+Q 1428 441 1663 441 
campaigns/q4-conditional-admission-20261006T010859Z/analysis/plots/runtime.svg:573: trailing whitespace.
+Q 2288 441 2617 861 
campaigns/q4-conditional-admission-20261006T010859Z/analysis/plots/runtime.svg:574: trailing whitespace.
+Q 2947 1281 2994 2138 
campaigns/q4-conditional-admission-20261006T010859Z/analysis/plots/runtime.svg:575: trailing whitespace.
+Q 2813 1869 2534 1725 
campaigns/q4-conditional-admission-20261006T010859Z/analysis/plots/runtime.svg:576: trailing whitespace.
+Q 2256 1581 1919 1581 
campaigns/q4-conditional-admission-20261006T010859Z/analysis/plots/runtime.svg:577: trailing whitespace.
+Q 1219 1581 811 2004 
campaigns/q4-conditional-admission-20261006T010859Z/analysis/plots/runtime.svg:578: trailing whitespace.
+Q 403 2428 403 3163 
campaigns/q4-conditional-admission-20261006T010859Z/analysis/plots/runtime.svg:579: trailing whitespace.
+Q 403 3881 828 4315 
campaigns/q4-conditional-admission-20261006T010859Z/analysis/plots/runtime.svg:580: trailing whitespace.
+Q 1253 4750 1959 4750 
campaigns/q4-conditional-admission-20261006T010859Z/analysis/plots/runtime.svg:581: trailing whitespace.
+Q 2769 4750 3195 4129 
campaigns/q4-conditional-admission-20261006T010859Z/analysis/plots/runtime.svg:582: trailing whitespace.
+Q 3622 3509 3622 2328 
campaigns/q4-conditional-admission-20261006T010859Z/analysis/plots/runtime.svg:583: trailing whitespace.
+Q 3622 1225 3098 567 
campaigns/q4-conditional-admission-20261006T010859Z/analysis/plots/runtime.svg:584: trailing whitespace.
+Q 2575 -91 1691 -91 
campaigns/q4-conditional-admission-20261006T010859Z/analysis/plots/runtime.svg:585: trailing whitespace.
+Q 1453 -91 1209 -44 
campaigns/q4-conditional-admission-20261006T010859Z/analysis/plots/runtime.svg:586: trailing whitespace.
+Q 966 3 703 97 
campaigns/q4-conditional-admission-20261006T010859Z/analysis/plots/runtime.svg:588: trailing whitespace.
+M 1959 2075 
campaigns/q4-conditional-admission-20261006T010859Z/analysis/plots/runtime.svg:589: trailing whitespace.
+Q 2384 2075 2632 2365 
campaigns/q4-conditional-admission-20261006T010859Z/analysis/plots/runtime.svg:590: trailing whitespace.
+Q 2881 2656 2881 3163 
campaigns/q4-conditional-admission-20261006T010859Z/analysis/plots/runtime.svg:591: trailing whitespace.
+Q 2881 3666 2632 3958 
campaigns/q4-conditional-admission-20261006T010859Z/analysis/plots/runtime.svg:592: trailing whitespace.
+Q 2384 4250 1959 4250 
campaigns/q4-conditional-admission-20261006T010859Z/analysis/plots/runtime.svg:593: trailing whitespace.
+Q 1534 4250 1286 3958 
campaigns/q4-conditional-admission-20261006T010859Z/analysis/plots/runtime.svg:594: trailing whitespace.
+Q 1038 3666 1038 3163 
campaigns/q4-conditional-admission-20261006T010859Z/analysis/plots/runtime.svg:595: trailing whitespace.
+Q 1038 2656 1286 2365 
campaigns/q4-conditional-admission-20261006T010859Z/analysis/plots/runtime.svg:596: trailing whitespace.
+Q 1534 2075 1959 2075 
campaigns/q4-conditional-admission-20261006T010859Z/analysis/plots/runtime.svg:668: trailing whitespace.
+       <path id="DejaVuSans-27" d="M 1259 4147 
campaigns/q4-conditional-admission-20261006T010859Z/analysis/plots/runtime.svg:669: trailing whitespace.
+L 1259 519 
campaigns/q4-conditional-admission-20261006T010859Z/analysis/plots/runtime.svg:670: trailing whitespace.
+L 2022 519 
campaigns/q4-conditional-admission-20261006T010859Z/analysis/plots/runtime.svg:671: trailing whitespace.
+Q 2988 519 3436 956 
campaigns/q4-conditional-admission-20261006T010859Z/analysis/plots/runtime.svg:672: trailing whitespace.
+Q 3884 1394 3884 2338 
campaigns/q4-conditional-admission-20261006T010859Z/analysis/plots/runtime.svg:673: trailing whitespace.
+Q 3884 3275 3436 3711 
campaigns/q4-conditional-admission-20261006T010859Z/analysis/plots/runtime.svg:674: trailing whitespace.
+Q 2988 4147 2022 4147 
campaigns/q4-conditional-admission-20261006T010859Z/analysis/plots/runtime.svg:675: trailing whitespace.
+L 1259 4147 
campaigns/q4-conditional-admission-20261006T010859Z/analysis/plots/runtime.svg:677: trailing whitespace.
+M 628 4666 
campaigns/q4-conditional-admission-20261006T010859Z/analysis/plots/runtime.svg:678: trailing whitespace.
+L 1925 4666 
campaigns/q4-conditional-admission-20261006T010859Z/analysis/plots/runtime.svg:679: trailing whitespace.
+Q 3281 4666 3915 4102 
campaigns/q4-conditional-admission-20261006T010859Z/analysis/plots/runtime.svg:680: trailing whitespace.
+Q 4550 3538 4550 2338 
campaigns/q4-conditional-admission-20261006T010859Z/analysis/plots/runtime.svg:681: trailing whitespace.
+Q 4550 1131 3912 565 
campaigns/q4-conditional-admission-20261006T010859Z/analysis/plots/runtime.svg:682: trailing whitespace.
+Q 3275 0 1925 0 
campaigns/q4-conditional-admission-20261006T010859Z/analysis/plots/runtime.svg:683: trailing whitespace.
+L 628 0 
campaigns/q4-conditional-admission-20261006T010859Z/analysis/plots/runtime.svg:684: trailing whitespace.
+L 628 4666 
campaigns/q4-conditional-admission-20261006T010859Z/analysis/plots/runtime.svg:687: trailing whitespace.
+       <path id="DejaVuSans-47" d="M 2906 2969 
campaigns/q4-conditional-admission-20261006T010859Z/analysis/plots/runtime.svg:688: trailing whitespace.
+L 2906 4863 
campaigns/q4-conditional-admission-20261006T010859Z/analysis/plots/runtime.svg:689: trailing whitespace.
+L 3481 4863 
campaigns/q4-conditional-admission-20261006T010859Z/analysis/plots/runtime.svg:690: trailing whitespace.
+L 3481 0 
campaigns/q4-conditional-admission-20261006T010859Z/analysis/plots/runtime.svg:691: trailing whitespace.
+L 2906 0 
campaigns/q4-conditional-admission-20261006T010859Z/analysis/plots/runtime.svg:692: trailing whitespace.
+L 2906 525 
campaigns/q4-conditional-admission-20261006T010859Z/analysis/plots/runtime.svg:693: trailing whitespace.
+Q 2725 213 2448 61 
campaigns/q4-conditional-admission-20261006T010859Z/analysis/plots/runtime.svg:694: trailing whitespace.
+Q 2172 -91 1784 -91 
campaigns/q4-conditional-admission-20261006T010859Z/analysis/plots/runtime.svg:695: trailing whitespace.
+Q 1150 -91 751 415 
campaigns/q4-conditional-admission-20261006T010859Z/analysis/plots/runtime.svg:696: trailing whitespace.
+Q 353 922 353 1747 
campaigns/q4-conditional-admission-20261006T010859Z/analysis/plots/runtime.svg:697: trailing whitespace.
+Q 353 2572 751 3078 
campaigns/q4-conditional-admission-20261006T010859Z/analysis/plots/runtime.svg:698: trailing whitespace.
+Q 1150 3584 1784 3584 
campaigns/q4-conditional-admission-20261006T010859Z/analysis/plots/runtime.svg:699: trailing whitespace.
+Q 2172 3584 2448 3432 
campaigns/q4-conditional-admission-20261006T010859Z/analysis/plots/runtime.svg:700: trailing whitespace.
+Q 2725 3281 2906 2969 
campaigns/q4-conditional-admission-20261006T010859Z/analysis/plots/runtime.svg:702: trailing whitespace.
+M 947 1747 
campaigns/q4-conditional-admission-20261006T010859Z/analysis/plots/runtime.svg:703: trailing whitespace.
+Q 947 1113 1208 752 
campaigns/q4-conditional-admission-20261006T010859Z/analysis/plots/runtime.svg:704: trailing whitespace.
+Q 1469 391 1925 391 
campaigns/q4-conditional-admission-20261006T010859Z/analysis/plots/runtime.svg:705: trailing whitespace.
+Q 2381 391 2643 752 
campaigns/q4-conditional-admission-20261006T010859Z/analysis/plots/runtime.svg:706: trailing whitespace.
+Q 2906 1113 2906 1747 
campaigns/q4-conditional-admission-20261006T010859Z/analysis/plots/runtime.svg:707: trailing whitespace.
+Q 2906 2381 2643 2742 
campaigns/q4-conditional-admission-20261006T010859Z/analysis/plots/runtime.svg:708: trailing whitespace.
+Q 2381 3103 1925 3103 
campaigns/q4-conditional-admission-20261006T010859Z/analysis/plots/runtime.svg:709: trailing whitespace.
+Q 1469 3103 1208 2742 
campaigns/q4-conditional-admission-20261006T010859Z/analysis/plots/runtime.svg:710: trailing whitespace.
+Q 947 2381 947 1747 
campaigns/q4-conditional-admission-20261006T010859Z/analysis/plots/runtime.svg:713: trailing whitespace.
+       <path id="DejaVuSans-4e" d="M 581 4863 
campaigns/q4-conditional-admission-20261006T010859Z/analysis/plots/runtime.svg:714: trailing whitespace.
+L 1159 4863 
campaigns/q4-conditional-admission-20261006T010859Z/analysis/plots/runtime.svg:715: trailing whitespace.
+L 1159 1991 
campaigns/q4-conditional-admission-20261006T010859Z/analysis/plots/runtime.svg:716: trailing whitespace.
+L 2875 3500 
campaigns/q4-conditional-admission-20261006T010859Z/analysis/plots/runtime.svg:717: trailing whitespace.
+L 3609 3500 
campaigns/q4-conditional-admission-20261006T010859Z/analysis/plots/runtime.svg:718: trailing whitespace.
+L 1753 1863 
campaigns/q4-conditional-admission-20261006T010859Z/analysis/plots/runtime.svg:719: trailing whitespace.
+L 3688 0 
campaigns/q4-conditional-admission-20261006T010859Z/analysis/plots/runtime.svg:720: trailing whitespace.
+L 2938 0 
campaigns/q4-conditional-admission-20261006T010859Z/analysis/plots/runtime.svg:721: trailing whitespace.
+L 1159 1709 
campaigns/q4-conditional-admission-20261006T010859Z/analysis/plots/runtime.svg:722: trailing whitespace.
+L 1159 0 
campaigns/q4-conditional-admission-20261006T010859Z/analysis/plots/runtime.svg:723: trailing whitespace.
+L 581 0 
campaigns/q4-conditional-admission-20261006T010859Z/analysis/plots/runtime.svg:724: trailing whitespace.
+L 581 4863 
campaigns/q4-conditional-admission-20261006T010859Z/analysis/plots/runtime.svg:727: trailing whitespace.
+       <path id="DejaVuSans-56" d="M 2834 3397 
campaigns/q4-conditional-admission-20261006T010859Z/analysis/plots/runtime.svg:728: trailing whitespace.
+L 2834 2853 
campaigns/q4-conditional-admission-20261006T010859Z/analysis/plots/runtime.svg:729: trailing whitespace.
+Q 2591 2978 2328 3040 
campaigns/q4-conditional-admission-20261006T010859Z/analysis/plots/runtime.svg:730: trailing whitespace.
+Q 2066 3103 1784 3103 
campaigns/q4-conditional-admission-20261006T010859Z/analysis/plots/runtime.svg:731: trailing whitespace.
+Q 1356 3103 1142 2972 
campaigns/q4-conditional-admission-20261006T010859Z/analysis/plots/runtime.svg:732: trailing whitespace.
+Q 928 2841 928 2578 
campaigns/q4-conditional-admission-20261006T010859Z/analysis/plots/runtime.svg:733: trailing whitespace.
+Q 928 2378 1081 2264 
campaigns/q4-conditional-admission-20261006T010859Z/analysis/plots/runtime.svg:734: trailing whitespace.
+Q 1234 2150 1697 2047 
campaigns/q4-conditional-admission-20261006T010859Z/analysis/plots/runtime.svg:735: trailing whitespace.
+L 1894 2003 
campaigns/q4-conditional-admission-20261006T010859Z/analysis/plots/runtime.svg:736: trailing whitespace.
+Q 2506 1872 2764 1633 
campaigns/q4-conditional-admission-20261006T010859Z/analysis/plots/runtime.svg:737: trailing whitespace.
+Q 3022 1394 3022 966 
campaigns/q4-conditional-admission-20261006T010859Z/analysis/plots/runtime.svg:738: trailing whitespace.
+Q 3022 478 2636 193 
campaigns/q4-conditional-admission-20261006T010859Z/analysis/plots/runtime.svg:739: trailing whitespace.
+Q 2250 -91 1575 -91 
campaigns/q4-conditional-admission-20261006T010859Z/analysis/plots/runtime.svg:740: trailing whitespace.
+Q 1294 -91 989 -36 
campaigns/q4-conditional-admission-20261006T010859Z/analysis/plots/runtime.svg:741: trailing whitespace.
+Q 684 19 347 128 
campaigns/q4-conditional-admission-20261006T010859Z/analysis/plots/runtime.svg:742: trailing whitespace.
+L 347 722 
campaigns/q4-conditional-admission-20261006T010859Z/analysis/plots/runtime.svg:743: trailing whitespace.
+Q 666 556 975 473 
campaigns/q4-conditional-admission-20261006T010859Z/analysis/plots/runtime.svg:744: trailing whitespace.
+Q 1284 391 1588 391 
campaigns/q4-conditional-admission-20261006T010859Z/analysis/plots/runtime.svg:745: trailing whitespace.
+Q 1994 391 2212 530 
campaigns/q4-conditional-admission-20261006T010859Z/analysis/plots/runtime.svg:746: trailing whitespace.
+Q 2431 669 2431 922 
campaigns/q4-conditional-admission-20261006T010859Z/analysis/plots/runtime.svg:747: trailing whitespace.
+Q 2431 1156 2273 1281 
campaigns/q4-conditional-admission-20261006T010859Z/analysis/plots/runtime.svg:748: trailing whitespace.
+Q 2116 1406 1581 1522 
campaigns/q4-conditional-admission-20261006T010859Z/analysis/plots/runtime.svg:749: trailing whitespace.
+L 1381 1569 
campaigns/q4-conditional-admission-20261006T010859Z/analysis/plots/runtime.svg:750: trailing whitespace.
+Q 847 1681 609 1914 
campaigns/q4-conditional-admission-20261006T010859Z/analysis/plots/runtime.svg:751: trailing whitespace.
+Q 372 2147 372 2553 
campaigns/q4-conditional-admission-20261006T010859Z/analysis/plots/runtime.svg:752: trailing whitespace.
+Q 372 3047 722 3315 
campaigns/q4-conditional-admission-20261006T010859Z/analysis/plots/runtime.svg:753: trailing whitespace.
+Q 1072 3584 1716 3584 
campaigns/q4-conditional-admission-20261006T010859Z/analysis/plots/runtime.svg:754: trailing whitespace.
+Q 2034 3584 2315 3537 
campaigns/q4-conditional-admission-20261006T010859Z/analysis/plots/runtime.svg:755: trailing whitespace.
+Q 2597 3491 2834 3397 
campaigns/q4-conditional-admission-20261006T010859Z/analysis/plots/runtime.svg:758: trailing whitespace.
+       <path id="DejaVuSans-12" d="M 1625 4666 
campaigns/q4-conditional-admission-20261006T010859Z/analysis/plots/runtime.svg:759: trailing whitespace.
+L 2156 4666 
campaigns/q4-conditional-admission-20261006T010859Z/analysis/plots/runtime.svg:760: trailing whitespace.
+L 531 -594 
campaigns/q4-conditional-admission-20261006T010859Z/analysis/plots/runtime.svg:761: trailing whitespace.
+L 0 -594 
campaigns/q4-conditional-admission-20261006T010859Z/analysis/plots/runtime.svg:762: trailing whitespace.
+L 1625 4666 
campaigns/q4-conditional-admission-20261006T010859Z/analysis/plots/runtime.svg:785: trailing whitespace.
+    <path d="M 56.974091 150.38684 
campaigns/q4-conditional-admission-20261006T010859Z/analysis/plots/runtime.svg:786: trailing whitespace.
+L 56.974091 123.258629 
campaigns/q4-conditional-admission-20261006T010859Z/analysis/plots/runtime.svg:788: trailing whitespace.
+    <path d="M 140.152013 173.639593 
campaigns/q4-conditional-admission-20261006T010859Z/analysis/plots/runtime.svg:789: trailing whitespace.
+L 140.152013 159.245032 
campaigns/q4-conditional-admission-20261006T010859Z/analysis/plots/runtime.svg:791: trailing whitespace.
+    <path d="M 251.055909 205.750537 
campaigns/q4-conditional-admission-20261006T010859Z/analysis/plots/runtime.svg:792: trailing whitespace.
+L 251.055909 164.227764 
campaigns/q4-conditional-admission-20261006T010859Z/analysis/plots/runtime.svg:796: trailing whitespace.
+    <path d="M 56.974091 93.915869 
campaigns/q4-conditional-admission-20261006T010859Z/analysis/plots/runtime.svg:797: trailing whitespace.
+L 56.974091 55.161281 
campaigns/q4-conditional-admission-20261006T010859Z/analysis/plots/runtime.svg:799: trailing whitespace.
+    <path d="M 140.152013 170.871408 
campaigns/q4-conditional-admission-20261006T010859Z/analysis/plots/runtime.svg:800: trailing whitespace.
+L 140.152013 157.030484 
campaigns/q4-conditional-admission-20261006T010859Z/analysis/plots/runtime.svg:802: trailing whitespace.
+    <path d="M 251.055909 190.248702 
campaigns/q4-conditional-admission-20261006T010859Z/analysis/plots/runtime.svg:803: trailing whitespace.
+L 251.055909 184.712332 
campaigns/q4-conditional-admission-20261006T010859Z/analysis/plots/runtime.svg:807: trailing whitespace.
+    <path d="M 56.974091 147.065018 
campaigns/q4-conditional-admission-20261006T010859Z/analysis/plots/runtime.svg:808: trailing whitespace.
+L 140.152013 164.781401 
campaigns/q4-conditional-admission-20261006T010859Z/analysis/plots/runtime.svg:809: trailing whitespace.
+L 251.055909 183.051421 
campaigns/q4-conditional-admission-20261006T010859Z/analysis/plots/runtime.svg:812: trailing whitespace.
+     <path id="m18c3d766db" d="M 0 3 
campaigns/q4-conditional-admission-20261006T010859Z/analysis/plots/runtime.svg:813: trailing whitespace.
+C 0.795609 3 1.55874 2.683901 2.12132 2.12132 
campaigns/q4-conditional-admission-20261006T010859Z/analysis/plots/runtime.svg:814: trailing whitespace.
+C 2.683901 1.55874 3 0.795609 3 0 
campaigns/q4-conditional-admission-20261006T010859Z/analysis/plots/runtime.svg:815: trailing whitespace.
+C 3 -0.795609 2.683901 -1.55874 2.12132 -2.12132 
campaigns/q4-conditional-admission-20261006T010859Z/analysis/plots/runtime.svg:816: trailing whitespace.
+C 1.55874 -2.683901 0.795609 -3 0 -3 
campaigns/q4-conditional-admission-20261006T010859Z/analysis/plots/runtime.svg:817: trailing whitespace.
+C -0.795609 -3 -1.55874 -2.683901 -2.12132 -2.12132 
campaigns/q4-conditional-admission-20261006T010859Z/analysis/plots/runtime.svg:818: trailing whitespace.
+C -2.683901 -1.55874 -3 -0.795609 -3 0 
campaigns/q4-conditional-admission-20261006T010859Z/analysis/plots/runtime.svg:819: trailing whitespace.
+C -3 0.795609 -2.683901 1.55874 -2.12132 2.12132 
campaigns/q4-conditional-admission-20261006T010859Z/analysis/plots/runtime.svg:820: trailing whitespace.
+C -1.55874 2.683901 -0.795609 3 0 3 
campaigns/q4-conditional-admission-20261006T010859Z/analysis/plots/runtime.svg:831: trailing whitespace.
+    <path d="M 56.974091 66.787657 
campaigns/q4-conditional-admission-20261006T010859Z/analysis/plots/runtime.svg:832: trailing whitespace.
+L 140.152013 168.65686 
campaigns/q4-conditional-admission-20261006T010859Z/analysis/plots/runtime.svg:833: trailing whitespace.
+L 251.055909 190.248702 
campaigns/q4-conditional-admission-20261006T010859Z/analysis/plots/runtime.svg:836: trailing whitespace.
+     <path id="m0f15dfb2cf" d="M 0 3 
campaigns/q4-conditional-admission-20261006T010859Z/analysis/plots/runtime.svg:837: trailing whitespace.
+C 0.795609 3 1.55874 2.683901 2.12132 2.12132 
campaigns/q4-conditional-admission-20261006T010859Z/analysis/plots/runtime.svg:838: trailing whitespace.
+C 2.683901 1.55874 3 0.795609 3 0 
campaigns/q4-conditional-admission-20261006T010859Z/analysis/plots/runtime.svg:839: trailing whitespace.
+C 3 -0.795609 2.683901 -1.55874 2.12132 -2.12132 
campaigns/q4-conditional-admission-20261006T010859Z/analysis/plots/runtime.svg:840: trailing whitespace.
+C 1.55874 -2.683901 0.795609 -3 0 -3 
campaigns/q4-conditional-admission-20261006T010859Z/analysis/plots/runtime.svg:841: trailing whitespace.
+C -0.795609 -3 -1.55874 -2.683901 -2.12132 -2.12132 
campaigns/q4-conditional-admission-20261006T010859Z/analysis/plots/runtime.svg:842: trailing whitespace.
+C -2.683901 -1.55874 -3 -0.795609 -3 0 
campaigns/q4-conditional-admission-20261006T010859Z/analysis/plots/runtime.svg:843: trailing whitespace.
+C -3 0.795609 -2.683901 1.55874 -2.12132 2.12132 
campaigns/q4-conditional-admission-20261006T010859Z/analysis/plots/runtime.svg:844: trailing whitespace.
+C -1.55874 2.683901 -0.795609 3 0 3 
campaigns/q4-conditional-admission-20261006T010859Z/analysis/plots/runtime.svg:855: trailing whitespace.
+    <path d="M 47.27 213.28 
campaigns/q4-conditional-admission-20261006T010859Z/analysis/plots/runtime.svg:856: trailing whitespace.
+L 47.27 47.631818 
campaigns/q4-conditional-admission-20261006T010859Z/analysis/plots/runtime.svg:860: trailing whitespace.
+    <path d="M 47.27 213.28 
campaigns/q4-conditional-admission-20261006T010859Z/analysis/plots/runtime.svg:861: trailing whitespace.
+L 260.76 213.28 
campaigns/q4-conditional-admission-20261006T010859Z/analysis/plots/runtime.svg:866: trailing whitespace.
+     <path d="M 194.860469 74.232912 
campaigns/q4-conditional-admission-20261006T010859Z/analysis/plots/runtime.svg:867: trailing whitespace.
+L 255.86 74.232912 
campaigns/q4-conditional-admission-20261006T010859Z/analysis/plots/runtime.svg:868: trailing whitespace.
+Q 257.26 74.232912 257.26 72.832912 
campaigns/q4-conditional-admission-20261006T010859Z/analysis/plots/runtime.svg:869: trailing whitespace.
+L 257.26 52.531818 
campaigns/q4-conditional-admission-20261006T010859Z/analysis/plots/runtime.svg:870: trailing whitespace.
+Q 257.26 51.131818 255.86 51.131818 
campaigns/q4-conditional-admission-20261006T010859Z/analysis/plots/runtime.svg:871: trailing whitespace.
+L 194.860469 51.131818 
campaigns/q4-conditional-admission-20261006T010859Z/analysis/plots/runtime.svg:872: trailing whitespace.
+Q 193.460469 51.131818 193.460469 52.531818 
campaigns/q4-conditional-admission-20261006T010859Z/analysis/plots/runtime.svg:873: trailing whitespace.
+L 193.460469 72.832912 
campaigns/q4-conditional-admission-20261006T010859Z/analysis/plots/runtime.svg:874: trailing whitespace.
+Q 193.460469 74.232912 194.860469 74.232912 
campaigns/q4-conditional-admission-20261006T010859Z/analysis/plots/runtime.svg:879: trailing whitespace.
+     <path d="M 203.260469 60.300724 
campaigns/q4-conditional-admission-20261006T010859Z/analysis/plots/runtime.svg:880: trailing whitespace.
+L 203.260469 53.300724 
campaigns/q4-conditional-admission-20261006T010859Z/analysis/plots/runtime.svg:884: trailing whitespace.
+     <path d="M 196.260469 56.800724 
campaigns/q4-conditional-admission-20261006T010859Z/analysis/plots/runtime.svg:885: trailing whitespace.
+L 210.260469 56.800724 
campaigns/q4-conditional-admission-20261006T010859Z/analysis/plots/runtime.svg:897: trailing whitespace.
+       <path id="DejaVuSans-55" d="M 2631 2963 
campaigns/q4-conditional-admission-20261006T010859Z/analysis/plots/runtime.svg:898: trailing whitespace.
+Q 2534 3019 2420 3045 
campaigns/q4-conditional-admission-20261006T010859Z/analysis/plots/runtime.svg:899: trailing whitespace.
+Q 2306 3072 2169 3072 
campaigns/q4-conditional-admission-20261006T010859Z/analysis/plots/runtime.svg:900: trailing whitespace.
+Q 1681 3072 1420 2755 
campaigns/q4-conditional-admission-20261006T010859Z/analysis/plots/runtime.svg:901: trailing whitespace.
+Q 1159 2438 1159 1844 
campaigns/q4-conditional-admission-20261006T010859Z/analysis/plots/runtime.svg:902: trailing whitespace.
+L 1159 0 
campaigns/q4-conditional-admission-20261006T010859Z/analysis/plots/runtime.svg:903: trailing whitespace.
+L 581 0 
campaigns/q4-conditional-admission-20261006T010859Z/analysis/plots/runtime.svg:904: trailing whitespace.
+L 581 3500 
campaigns/q4-conditional-admission-20261006T010859Z/analysis/plots/runtime.svg:905: trailing whitespace.
+L 1159 3500 
campaigns/q4-conditional-admission-20261006T010859Z/analysis/plots/runtime.svg:906: trailing whitespace.
+L 1159 2956 
campaigns/q4-conditional-admission-20261006T010859Z/analysis/plots/runtime.svg:907: trailing whitespace.
+Q 1341 3275 1631 3429 
campaigns/q4-conditional-admission-20261006T010859Z/analysis/plots/runtime.svg:908: trailing whitespace.
+Q 1922 3584 2338 3584 
campaigns/q4-conditional-admission-20261006T010859Z/analysis/plots/runtime.svg:909: trailing whitespace.
+Q 2397 3584 2469 3576 
campaigns/q4-conditional-admission-20261006T010859Z/analysis/plots/runtime.svg:910: trailing whitespace.
+Q 2541 3569 2628 3553 
campaigns/q4-conditional-admission-20261006T010859Z/analysis/plots/runtime.svg:911: trailing whitespace.
+L 2631 2963 
campaigns/q4-conditional-admission-20261006T010859Z/analysis/plots/runtime.svg:925: trailing whitespace.
+     <path d="M 203.260469 70.801271 
campaigns/q4-conditional-admission-20261006T010859Z/analysis/plots/runtime.svg:926: trailing whitespace.
+L 203.260469 63.801271 
campaigns/q4-conditional-admission-20261006T010859Z/analysis/plots/runtime.svg:930: trailing whitespace.
+     <path d="M 196.260469 67.301271 
campaigns/q4-conditional-admission-20261006T010859Z/analysis/plots/runtime.svg:931: trailing whitespace.
+L 210.260469 67.301271 
campaigns/q4-conditional-admission-20261006T010859Z/analysis/plots/runtime.svg:959: trailing whitespace.
+    <path d="M 308.03 213.28 
campaigns/q4-conditional-admission-20261006T010859Z/analysis/plots/runtime.svg:960: trailing whitespace.
+L 521.52 213.28 
campaigns/q4-conditional-admission-20261006T010859Z/analysis/plots/runtime.svg:961: trailing whitespace.
+L 521.52 47.631818 
campaigns/q4-conditional-admission-20261006T010859Z/analysis/plots/runtime.svg:962: trailing whitespace.
+L 308.03 47.631818 
campaigns/q4-conditional-admission-20261006T010859Z/analysis/plots/runtime.svg:1081: trailing whitespace.
+        <path id="DejaVuSans-19" d="M 2113 2584 
campaigns/q4-conditional-admission-20261006T010859Z/analysis/plots/runtime.svg:1082: trailing whitespace.
+Q 1688 2584 1439 2293 
campaigns/q4-conditional-admission-20261006T010859Z/analysis/plots/runtime.svg:1083: trailing whitespace.
+Q 1191 2003 1191 1497 
campaigns/q4-conditional-admission-20261006T010859Z/analysis/plots/runtime.svg:1084: trailing whitespace.
+Q 1191 994 1439 701 
campaigns/q4-conditional-admission-20261006T010859Z/analysis/plots/runtime.svg:1085: trailing whitespace.
+Q 1688 409 2113 409 
campaigns/q4-conditional-admission-20261006T010859Z/analysis/plots/runtime.svg:1086: trailing whitespace.
+Q 2538 409 2786 701 
campaigns/q4-conditional-admission-20261006T010859Z/analysis/plots/runtime.svg:1087: trailing whitespace.
+Q 3034 994 3034 1497 
campaigns/q4-conditional-admission-20261006T010859Z/analysis/plots/runtime.svg:1088: trailing whitespace.
+Q 3034 2003 2786 2293 
campaigns/q4-conditional-admission-20261006T010859Z/analysis/plots/runtime.svg:1089: trailing whitespace.
+Q 2538 2584 2113 2584 
campaigns/q4-conditional-admission-20261006T010859Z/analysis/plots/runtime.svg:1091: trailing whitespace.
+M 3366 4563 
campaigns/q4-conditional-admission-20261006T010859Z/analysis/plots/runtime.svg:1092: trailing whitespace.
+L 3366 3988 
campaigns/q4-conditional-admission-20261006T010859Z/analysis/plots/runtime.svg:1093: trailing whitespace.
+Q 3128 4100 2886 4159 
campaigns/q4-conditional-admission-20261006T010859Z/analysis/plots/runtime.svg:1094: trailing whitespace.
+Q 2644 4219 2406 4219 
campaigns/q4-conditional-admission-20261006T010859Z/analysis/plots/runtime.svg:1095: trailing whitespace.
+Q 1781 4219 1451 3797 
campaigns/q4-conditional-admission-20261006T010859Z/analysis/plots/runtime.svg:1096: trailing whitespace.
+Q 1122 3375 1075 2522 
campaigns/q4-conditional-admission-20261006T010859Z/analysis/plots/runtime.svg:1097: trailing whitespace.
+Q 1259 2794 1537 2939 
campaigns/q4-conditional-admission-20261006T010859Z/analysis/plots/runtime.svg:1098: trailing whitespace.
+Q 1816 3084 2150 3084 
campaigns/q4-conditional-admission-20261006T010859Z/analysis/plots/runtime.svg:1099: trailing whitespace.
+Q 2853 3084 3261 2657 
campaigns/q4-conditional-admission-20261006T010859Z/analysis/plots/runtime.svg:1100: trailing whitespace.
+Q 3669 2231 3669 1497 
campaigns/q4-conditional-admission-20261006T010859Z/analysis/plots/runtime.svg:1101: trailing whitespace.
+Q 3669 778 3244 343 
campaigns/q4-conditional-admission-20261006T010859Z/analysis/plots/runtime.svg:1102: trailing whitespace.
+Q 2819 -91 2113 -91 
campaigns/q4-conditional-admission-20261006T010859Z/analysis/plots/runtime.svg:1103: trailing whitespace.
+Q 1303 -91 875 529 
campaigns/q4-conditional-admission-20261006T010859Z/analysis/plots/runtime.svg:1104: trailing whitespace.
+Q 447 1150 447 2328 
campaigns/q4-conditional-admission-20261006T010859Z/analysis/plots/runtime.svg:1105: trailing whitespace.
+Q 447 3434 972 4092 
campaigns/q4-conditional-admission-20261006T010859Z/analysis/plots/runtime.svg:1106: trailing whitespace.
+Q 1497 4750 2381 4750 
campaigns/q4-conditional-admission-20261006T010859Z/analysis/plots/runtime.svg:1107: trailing whitespace.
+Q 2619 4750 2861 4703 
campaigns/q4-conditional-admission-20261006T010859Z/analysis/plots/runtime.svg:1108: trailing whitespace.
+Q 3103 4656 3366 4563 
campaigns/q4-conditional-admission-20261006T010859Z/analysis/plots/runtime.svg:1171: trailing whitespace.
+        <path id="DejaVuSans-17" d="M 2419 4116 
campaigns/q4-conditional-admission-20261006T010859Z/analysis/plots/runtime.svg:1172: trailing whitespace.
+L 825 1625 
campaigns/q4-conditional-admission-20261006T010859Z/analysis/plots/runtime.svg:1173: trailing whitespace.
+L 2419 1625 
campaigns/q4-conditional-admission-20261006T010859Z/analysis/plots/runtime.svg:1174: trailing whitespace.
+L 2419 4116 
campaigns/q4-conditional-admission-20261006T010859Z/analysis/plots/runtime.svg:1176: trailing whitespace.
+M 2253 4666 
campaigns/q4-conditional-admission-20261006T010859Z/analysis/plots/runtime.svg:1177: trailing whitespace.
+L 3047 4666 
campaigns/q4-conditional-admission-20261006T010859Z/analysis/plots/runtime.svg:1178: trailing whitespace.
+L 3047 1625 
campaigns/q4-conditional-admission-20261006T010859Z/analysis/plots/runtime.svg:1179: trailing whitespace.
+L 3713 1625 
campaigns/q4-conditional-admission-20261006T010859Z/analysis/plots/runtime.svg:1180: trailing whitespace.
+L 3713 1100 
campaigns/q4-conditional-admission-20261006T010859Z/analysis/plots/runtime.svg:1181: trailing whitespace.
+L 3047 1100 
campaigns/q4-conditional-admission-20261006T010859Z/analysis/plots/runtime.svg:1182: trailing whitespace.
+L 3047 0 
campaigns/q4-conditional-admission-20261006T010859Z/analysis/plots/runtime.svg:1183: trailing whitespace.
+L 2419 0 
campaigns/q4-conditional-admission-20261006T010859Z/analysis/plots/runtime.svg:1184: trailing whitespace.
+L 2419 1100 
campaigns/q4-conditional-admission-20261006T010859Z/analysis/plots/runtime.svg:1185: trailing whitespace.
+L 313 1100 
campaigns/q4-conditional-admission-20261006T010859Z/analysis/plots/runtime.svg:1186: trailing whitespace.
+L 313 1709 
campaigns/q4-conditional-admission-20261006T010859Z/analysis/plots/runtime.svg:1187: trailing whitespace.
+L 2253 4666 
campaigns/q4-conditional-admission-20261006T010859Z/analysis/plots/runtime.svg:1231: trailing whitespace.
+       <path id="DejaVuSans-35" d="M 2841 2188 
campaigns/q4-conditional-admission-20261006T010859Z/analysis/plots/runtime.svg:1232: trailing whitespace.
+Q 3044 2119 3236 1894 
campaigns/q4-conditional-admission-20261006T010859Z/analysis/plots/runtime.svg:1233: trailing whitespace.
+Q 3428 1669 3622 1275 
campaigns/q4-conditional-admission-20261006T010859Z/analysis/plots/runtime.svg:1234: trailing whitespace.
+L 4263 0 
campaigns/q4-conditional-admission-20261006T010859Z/analysis/plots/runtime.svg:1235: trailing whitespace.
+L 3584 0 
campaigns/q4-conditional-admission-20261006T010859Z/analysis/plots/runtime.svg:1236: trailing whitespace.
+L 2988 1197 
campaigns/q4-conditional-admission-20261006T010859Z/analysis/plots/runtime.svg:1237: trailing whitespace.
+Q 2756 1666 2539 1819 
campaigns/q4-conditional-admission-20261006T010859Z/analysis/plots/runtime.svg:1238: trailing whitespace.
+Q 2322 1972 1947 1972 
campaigns/q4-conditional-admission-20261006T010859Z/analysis/plots/runtime.svg:1239: trailing whitespace.
+L 1259 1972 
campaigns/q4-conditional-admission-20261006T010859Z/analysis/plots/runtime.svg:1240: trailing whitespace.
+L 1259 0 
campaigns/q4-conditional-admission-20261006T010859Z/analysis/plots/runtime.svg:1241: trailing whitespace.
+L 628 0 
campaigns/q4-conditional-admission-20261006T010859Z/analysis/plots/runtime.svg:1242: trailing whitespace.
+L 628 4666 
campaigns/q4-conditional-admission-20261006T010859Z/analysis/plots/runtime.svg:1243: trailing whitespace.
+L 2053 4666 
campaigns/q4-conditional-admission-20261006T010859Z/analysis/plots/runtime.svg:1244: trailing whitespace.
+Q 2853 4666 3247 4331 
campaigns/q4-conditional-admission-20261006T010859Z/analysis/plots/runtime.svg:1245: trailing whitespace.
+Q 3641 3997 3641 3322 
campaigns/q4-conditional-admission-20261006T010859Z/analysis/plots/runtime.svg:1246: trailing whitespace.
+Q 3641 2881 3436 2590 
campaigns/q4-conditional-admission-20261006T010859Z/analysis/plots/runtime.svg:1247: trailing whitespace.
+Q 3231 2300 2841 2188 
campaigns/q4-conditional-admission-20261006T010859Z/analysis/plots/runtime.svg:1249: trailing whitespace.
+M 1259 4147 
campaigns/q4-conditional-admission-20261006T010859Z/analysis/plots/runtime.svg:1250: trailing whitespace.
+L 1259 2491 
campaigns/q4-conditional-admission-20261006T010859Z/analysis/plots/runtime.svg:1251: trailing whitespace.
+L 2053 2491 
campaigns/q4-conditional-admission-20261006T010859Z/analysis/plots/runtime.svg:1252: trailing whitespace.
+Q 2509 2491 2742 2702 
campaigns/q4-conditional-admission-20261006T010859Z/analysis/plots/runtime.svg:1253: trailing whitespace.
+Q 2975 2913 2975 3322 
campaigns/q4-conditional-admission-20261006T010859Z/analysis/plots/runtime.svg:1254: trailing whitespace.
+Q 2975 3731 2742 3939 
campaigns/q4-conditional-admission-20261006T010859Z/analysis/plots/runtime.svg:1255: trailing whitespace.
+Q 2509 4147 2053 4147 
campaigns/q4-conditional-admission-20261006T010859Z/analysis/plots/runtime.svg:1256: trailing whitespace.
+L 1259 4147 
campaigns/q4-conditional-admission-20261006T010859Z/analysis/plots/runtime.svg:1259: trailing whitespace.
+       <path id="DejaVuSans-54" d="M 947 1747 
campaigns/q4-conditional-admission-20261006T010859Z/analysis/plots/runtime.svg:1260: trailing whitespace.
+Q 947 1113 1208 752 
campaigns/q4-conditional-admission-20261006T010859Z/analysis/plots/runtime.svg:1261: trailing whitespace.
+Q 1469 391 1925 391 
campaigns/q4-conditional-admission-20261006T010859Z/analysis/plots/runtime.svg:1262: trailing whitespace.
+Q 2381 391 2643 752 
campaigns/q4-conditional-admission-20261006T010859Z/analysis/plots/runtime.svg:1263: trailing whitespace.
+Q 2906 1113 2906 1747 
campaigns/q4-conditional-admission-20261006T010859Z/analysis/plots/runtime.svg:1264: trailing whitespace.
+Q 2906 2381 2643 2742 
campaigns/q4-conditional-admission-20261006T010859Z/analysis/plots/runtime.svg:1265: trailing whitespace.
+Q 2381 3103 1925 3103 
campaigns/q4-conditional-admission-20261006T010859Z/analysis/plots/runtime.svg:1266: trailing whitespace.
+Q 1469 3103 1208 2742 
campaigns/q4-conditional-admission-20261006T010859Z/analysis/plots/runtime.svg:1267: trailing whitespace.
+Q 947 2381 947 1747 
campaigns/q4-conditional-admission-20261006T010859Z/analysis/plots/runtime.svg:1269: trailing whitespace.
+M 2906 525 
campaigns/q4-conditional-admission-20261006T010859Z/analysis/plots/runtime.svg:1270: trailing whitespace.
+Q 2725 213 2448 61 
campaigns/q4-conditional-admission-20261006T010859Z/analysis/plots/runtime.svg:1271: trailing whitespace.
+Q 2172 -91 1784 -91 
campaigns/q4-conditional-admission-20261006T010859Z/analysis/plots/runtime.svg:1272: trailing whitespace.
+Q 1150 -91 751 415 
campaigns/q4-conditional-admission-20261006T010859Z/analysis/plots/runtime.svg:1273: trailing whitespace.
+Q 353 922 353 1747 
campaigns/q4-conditional-admission-20261006T010859Z/analysis/plots/runtime.svg:1274: trailing whitespace.
+Q 353 2572 751 3078 
campaigns/q4-conditional-admission-20261006T010859Z/analysis/plots/runtime.svg:1275: trailing whitespace.
+Q 1150 3584 1784 3584 
campaigns/q4-conditional-admission-20261006T010859Z/analysis/plots/runtime.svg:1276: trailing whitespace.
+Q 2172 3584 2448 3432 
campaigns/q4-conditional-admission-20261006T010859Z/analysis/plots/runtime.svg:1277: trailing whitespace.
+Q 2725 3281 2906 2969 
campaigns/q4-conditional-admission-20261006T010859Z/analysis/plots/runtime.svg:1278: trailing whitespace.
+L 2906 3500 
campaigns/q4-conditional-admission-20261006T010859Z/analysis/plots/runtime.svg:1279: trailing whitespace.
+L 3481 3500 
campaigns/q4-conditional-admission-20261006T010859Z/analysis/plots/runtime.svg:1280: trailing whitespace.
+L 3481 -1331 
campaigns/q4-conditional-admission-20261006T010859Z/analysis/plots/runtime.svg:1281: trailing whitespace.
+L 2906 -1331 
campaigns/q4-conditional-admission-20261006T010859Z/analysis/plots/runtime.svg:1282: trailing whitespace.
+L 2906 525 
campaigns/q4-conditional-admission-20261006T010859Z/analysis/plots/runtime.svg:1285: trailing whitespace.
+       <path id="DejaVuSans-58" d="M 544 1381 
campaigns/q4-conditional-admission-20261006T010859Z/analysis/plots/runtime.svg:1286: trailing whitespace.
+L 544 3500 
campaigns/q4-conditional-admission-20261006T010859Z/analysis/plots/runtime.svg:1287: trailing whitespace.
+L 1119 3500 
campaigns/q4-conditional-admission-20261006T010859Z/analysis/plots/runtime.svg:1288: trailing whitespace.
+L 1119 1403 
campaigns/q4-conditional-admission-20261006T010859Z/analysis/plots/runtime.svg:1289: trailing whitespace.
+Q 1119 906 1312 657 
campaigns/q4-conditional-admission-20261006T010859Z/analysis/plots/runtime.svg:1290: trailing whitespace.
+Q 1506 409 1894 409 
campaigns/q4-conditional-admission-20261006T010859Z/analysis/plots/runtime.svg:1291: trailing whitespace.
+Q 2359 409 2629 706 
campaigns/q4-conditional-admission-20261006T010859Z/analysis/plots/runtime.svg:1292: trailing whitespace.
+Q 2900 1003 2900 1516 
campaigns/q4-conditional-admission-20261006T010859Z/analysis/plots/runtime.svg:1293: trailing whitespace.
+L 2900 3500 
campaigns/q4-conditional-admission-20261006T010859Z/analysis/plots/runtime.svg:1294: trailing whitespace.
+L 3475 3500 
campaigns/q4-conditional-admission-20261006T010859Z/analysis/plots/runtime.svg:1295: trailing whitespace.
+L 3475 0 
campaigns/q4-conditional-admission-20261006T010859Z/analysis/plots/runtime.svg:1296: trailing whitespace.
+L 2900 0 
campaigns/q4-conditional-admission-20261006T010859Z/analysis/plots/runtime.svg:1297: trailing whitespace.
+L 2900 538 
campaigns/q4-conditional-admission-20261006T010859Z/analysis/plots/runtime.svg:1298: trailing whitespace.
+Q 2691 219 2414 64 
campaigns/q4-conditional-admission-20261006T010859Z/analysis/plots/runtime.svg:1299: trailing whitespace.
+Q 2138 -91 1772 -91 
campaigns/q4-conditional-admission-20261006T010859Z/analysis/plots/runtime.svg:1300: trailing whitespace.
+Q 1169 -91 856 284 
campaigns/q4-conditional-admission-20261006T010859Z/analysis/plots/runtime.svg:1301: trailing whitespace.
+Q 544 659 544 1381 
campaigns/q4-conditional-admission-20261006T010859Z/analysis/plots/runtime.svg:1303: trailing whitespace.
+M 1991 3584 
campaigns/q4-conditional-admission-20261006T010859Z/analysis/plots/runtime.svg:1304: trailing whitespace.
+L 1991 3584 
campaigns/q4-conditional-admission-20261006T010859Z/analysis/plots/runtime.svg:1307: trailing whitespace.
+       <path id="DejaVuSans-5a" d="M 269 3500 
campaigns/q4-conditional-admission-20261006T010859Z/analysis/plots/runtime.svg:1308: trailing whitespace.
+L 844 3500 
campaigns/q4-conditional-admission-20261006T010859Z/analysis/plots/runtime.svg:1309: trailing whitespace.
+L 1563 769 
campaigns/q4-conditional-admission-20261006T010859Z/analysis/plots/runtime.svg:1310: trailing whitespace.
+L 2278 3500 
campaigns/q4-conditional-admission-20261006T010859Z/analysis/plots/runtime.svg:1311: trailing whitespace.
+L 2956 3500 
campaigns/q4-conditional-admission-20261006T010859Z/analysis/plots/runtime.svg:1312: trailing whitespace.
+L 3675 769 
campaigns/q4-conditional-admission-20261006T010859Z/analysis/plots/runtime.svg:1313: trailing whitespace.
+L 4391 3500 
campaigns/q4-conditional-admission-20261006T010859Z/analysis/plots/runtime.svg:1314: trailing whitespace.
+L 4966 3500 
campaigns/q4-conditional-admission-20261006T010859Z/analysis/plots/runtime.svg:1315: trailing whitespace.
+L 4050 0 
campaigns/q4-conditional-admission-20261006T010859Z/analysis/plots/runtime.svg:1316: trailing whitespace.
+L 3372 0 
campaigns/q4-conditional-admission-20261006T010859Z/analysis/plots/runtime.svg:1317: trailing whitespace.
+L 2619 2869 
campaigns/q4-conditional-admission-20261006T010859Z/analysis/plots/runtime.svg:1318: trailing whitespace.
+L 1863 0 
campaigns/q4-conditional-admission-20261006T010859Z/analysis/plots/runtime.svg:1319: trailing whitespace.
+L 1184 0 
campaigns/q4-conditional-admission-20261006T010859Z/analysis/plots/runtime.svg:1320: trailing whitespace.
+L 269 3500 
campaigns/q4-conditional-admission-20261006T010859Z/analysis/plots/runtime.svg:1348: trailing whitespace.
+    <path d="M 317.734091 199.421318 
campaigns/q4-conditional-admission-20261006T010859Z/analysis/plots/runtime.svg:1349: trailing whitespace.
+L 317.734091 196.828125 
campaigns/q4-conditional-admission-20261006T010859Z/analysis/plots/runtime.svg:1351: trailing whitespace.
+    <path d="M 400.912013 129.195168 
campaigns/q4-conditional-admission-20261006T010859Z/analysis/plots/runtime.svg:1352: trailing whitespace.
+L 400.912013 127.507173 
campaigns/q4-conditional-admission-20261006T010859Z/analysis/plots/runtime.svg:1354: trailing whitespace.
+    <path d="M 511.815909 63.083094 
campaigns/q4-conditional-admission-20261006T010859Z/analysis/plots/runtime.svg:1355: trailing whitespace.
+L 511.815909 59.946532 
campaigns/q4-conditional-admission-20261006T010859Z/analysis/plots/runtime.svg:1359: trailing whitespace.
+    <path d="M 317.734091 205.750537 
campaigns/q4-conditional-admission-20261006T010859Z/analysis/plots/runtime.svg:1360: trailing whitespace.
+L 317.734091 202.762862 
campaigns/q4-conditional-admission-20261006T010859Z/analysis/plots/runtime.svg:1362: trailing whitespace.
+    <path d="M 400.912013 128.761735 
campaigns/q4-conditional-admission-20261006T010859Z/analysis/plots/runtime.svg:1363: trailing whitespace.
+L 400.912013 128.296642 
campaigns/q4-conditional-admission-20261006T010859Z/analysis/plots/runtime.svg:1365: trailing whitespace.
+    <path d="M 511.815909 60.410205 
campaigns/q4-conditional-admission-20261006T010859Z/analysis/plots/runtime.svg:1366: trailing whitespace.
+L 511.815909 55.161281 
campaigns/q4-conditional-admission-20261006T010859Z/analysis/plots/runtime.svg:1370: trailing whitespace.
+    <path d="M 317.734091 197.111586 
campaigns/q4-conditional-admission-20261006T010859Z/analysis/plots/runtime.svg:1371: trailing whitespace.
+L 400.912013 128.296548 
campaigns/q4-conditional-admission-20261006T010859Z/analysis/plots/runtime.svg:1372: trailing whitespace.
+L 511.815909 61.844614 
campaigns/q4-conditional-admission-20261006T010859Z/analysis/plots/runtime.svg:1381: trailing whitespace.
+    <path d="M 317.734091 205.105432 
campaigns/q4-conditional-admission-20261006T010859Z/analysis/plots/runtime.svg:1382: trailing whitespace.
+L 400.912013 128.715428 
campaigns/q4-conditional-admission-20261006T010859Z/analysis/plots/runtime.svg:1383: trailing whitespace.
+L 511.815909 57.831962 
campaigns/q4-conditional-admission-20261006T010859Z/analysis/plots/runtime.svg:1392: trailing whitespace.
+    <path d="M 308.03 213.28 
campaigns/q4-conditional-admission-20261006T010859Z/analysis/plots/runtime.svg:1393: trailing whitespace.
+L 308.03 47.631818 
campaigns/q4-conditional-admission-20261006T010859Z/analysis/plots/runtime.svg:1397: trailing whitespace.
+    <path d="M 308.03 213.28 
campaigns/q4-conditional-admission-20261006T010859Z/analysis/plots/runtime.svg:1398: trailing whitespace.
+L 521.52 213.28 
campaigns/q4-conditional-admission-20261006T010859Z/analysis/plots/runtime.svg:1403: trailing whitespace.
+     <path d="M 312.93 74.232912 
campaigns/q4-conditional-admission-20261006T010859Z/analysis/plots/runtime.svg:1404: trailing whitespace.
+L 373.929531 74.232912 
campaigns/q4-conditional-admission-20261006T010859Z/analysis/plots/runtime.svg:1405: trailing whitespace.
+Q 375.329531 74.232912 375.329531 72.832912 
campaigns/q4-conditional-admission-20261006T010859Z/analysis/plots/runtime.svg:1406: trailing whitespace.
+L 375.329531 52.531818 
campaigns/q4-conditional-admission-20261006T010859Z/analysis/plots/runtime.svg:1407: trailing whitespace.
+Q 375.329531 51.131818 373.929531 51.131818 
campaigns/q4-conditional-admission-20261006T010859Z/analysis/plots/runtime.svg:1408: trailing whitespace.
+L 312.93 51.131818 
campaigns/q4-conditional-admission-20261006T010859Z/analysis/plots/runtime.svg:1409: trailing whitespace.
+Q 311.53 51.131818 311.53 52.531818 
campaigns/q4-conditional-admission-20261006T010859Z/analysis/plots/runtime.svg:1410: trailing whitespace.
+L 311.53 72.832912 
campaigns/q4-conditional-admission-20261006T010859Z/analysis/plots/runtime.svg:1411: trailing whitespace.
+Q 311.53 74.232912 312.93 74.232912 
campaigns/q4-conditional-admission-20261006T010859Z/analysis/plots/runtime.svg:1416: trailing whitespace.
+     <path d="M 321.33 60.300724 
campaigns/q4-conditional-admission-20261006T010859Z/analysis/plots/runtime.svg:1417: trailing whitespace.
+L 321.33 53.300724 
campaigns/q4-conditional-admission-20261006T010859Z/analysis/plots/runtime.svg:1421: trailing whitespace.
+     <path d="M 314.33 56.800724 
campaigns/q4-conditional-admission-20261006T010859Z/analysis/plots/runtime.svg:1422: trailing whitespace.
+L 328.33 56.800724 
campaigns/q4-conditional-admission-20261006T010859Z/analysis/plots/runtime.svg:1443: trailing whitespace.
+     <path d="M 321.33 70.801271 
campaigns/q4-conditional-admission-20261006T010859Z/analysis/plots/runtime.svg:1444: trailing whitespace.
+L 321.33 63.801271 
campaigns/q4-conditional-admission-20261006T010859Z/analysis/plots/runtime.svg:1448: trailing whitespace.
+     <path d="M 314.33 67.301271 
campaigns/q4-conditional-admission-20261006T010859Z/analysis/plots/runtime.svg:1449: trailing whitespace.
+L 328.33 67.301271 
campaigns/q4-conditional-admission-20261006T010859Z/analysis/plots/runtime.svg:1477: trailing whitespace.
+    <path d="M 568.79 213.28 
campaigns/q4-conditional-admission-20261006T010859Z/analysis/plots/runtime.svg:1478: trailing whitespace.
+L 782.28 213.28 
campaigns/q4-conditional-admission-20261006T010859Z/analysis/plots/runtime.svg:1479: trailing whitespace.
+L 782.28 47.631818 
campaigns/q4-conditional-admission-20261006T010859Z/analysis/plots/runtime.svg:1480: trailing whitespace.
+L 568.79 47.631818 
campaigns/q4-conditional-admission-20261006T010859Z/analysis/plots/runtime.svg:1599: trailing whitespace.
+        <path id="DejaVuSans-11" d="M 684 794 
campaigns/q4-conditional-admission-20261006T010859Z/analysis/plots/runtime.svg:1600: trailing whitespace.
+L 1344 794 
campaigns/q4-conditional-admission-20261006T010859Z/analysis/plots/runtime.svg:1601: trailing whitespace.
+L 1344 0 
campaigns/q4-conditional-admission-20261006T010859Z/analysis/plots/runtime.svg:1602: trailing whitespace.
+L 684 0 
campaigns/q4-conditional-admission-20261006T010859Z/analysis/plots/runtime.svg:1603: trailing whitespace.
+L 684 794 
campaigns/q4-conditional-admission-20261006T010859Z/analysis/plots/runtime.svg:1683: trailing whitespace.
+        <path id="DejaVuSans-1a" d="M 525 4666 
campaigns/q4-conditional-admission-20261006T010859Z/analysis/plots/runtime.svg:1684: trailing whitespace.
+L 3525 4666 
campaigns/q4-conditional-admission-20261006T010859Z/analysis/plots/runtime.svg:1685: trailing whitespace.
+L 3525 4397 
campaigns/q4-conditional-admission-20261006T010859Z/analysis/plots/runtime.svg:1686: trailing whitespace.
+L 1831 0 
campaigns/q4-conditional-admission-20261006T010859Z/analysis/plots/runtime.svg:1687: trailing whitespace.
+L 1172 0 
campaigns/q4-conditional-admission-20261006T010859Z/analysis/plots/runtime.svg:1688: trailing whitespace.
+L 2766 4134 
campaigns/q4-conditional-admission-20261006T010859Z/analysis/plots/runtime.svg:1689: trailing whitespace.
+L 525 4134 
campaigns/q4-conditional-admission-20261006T010859Z/analysis/plots/runtime.svg:1690: trailing whitespace.
+L 525 4666 
campaigns/q4-conditional-admission-20261006T010859Z/analysis/plots/runtime.svg:1704: trailing whitespace.
+       <path id="DejaVuSans-33" d="M 1259 4147 
campaigns/q4-conditional-admission-20261006T010859Z/analysis/plots/runtime.svg:1705: trailing whitespace.
+L 1259 2394 
campaigns/q4-conditional-admission-20261006T010859Z/analysis/plots/runtime.svg:1706: trailing whitespace.
+L 2053 2394 
campaigns/q4-conditional-admission-20261006T010859Z/analysis/plots/runtime.svg:1707: trailing whitespace.
+Q 2494 2394 2734 2622 
campaigns/q4-conditional-admission-20261006T010859Z/analysis/plots/runtime.svg:1708: trailing whitespace.
+Q 2975 2850 2975 3272 
campaigns/q4-conditional-admission-20261006T010859Z/analysis/plots/runtime.svg:1709: trailing whitespace.
+Q 2975 3691 2734 3919 
campaigns/q4-conditional-admission-20261006T010859Z/analysis/plots/runtime.svg:1710: trailing whitespace.
+Q 2494 4147 2053 4147 
campaigns/q4-conditional-admission-20261006T010859Z/analysis/plots/runtime.svg:1711: trailing whitespace.
+L 1259 4147 
campaigns/q4-conditional-admission-20261006T010859Z/analysis/plots/runtime.svg:1713: trailing whitespace.
+M 628 4666 
campaigns/q4-conditional-admission-20261006T010859Z/analysis/plots/runtime.svg:1714: trailing whitespace.
+L 2053 4666 
campaigns/q4-conditional-admission-20261006T010859Z/analysis/plots/runtime.svg:1715: trailing whitespace.
+Q 2838 4666 3239 4311 
campaigns/q4-conditional-admission-20261006T010859Z/analysis/plots/runtime.svg:1716: trailing whitespace.
+Q 3641 3956 3641 3272 
campaigns/q4-conditional-admission-20261006T010859Z/analysis/plots/runtime.svg:1717: trailing whitespace.
+Q 3641 2581 3239 2228 
campaigns/q4-conditional-admission-20261006T010859Z/analysis/plots/runtime.svg:1718: trailing whitespace.
+Q 2838 1875 2053 1875 
campaigns/q4-conditional-admission-20261006T010859Z/analysis/plots/runtime.svg:1719: trailing whitespace.
+L 1259 1875 
campaigns/q4-conditional-admission-20261006T010859Z/analysis/plots/runtime.svg:1720: trailing whitespace.
+L 1259 0 
campaigns/q4-conditional-admission-20261006T010859Z/analysis/plots/runtime.svg:1721: trailing whitespace.
+L 628 0 
campaigns/q4-conditional-admission-20261006T010859Z/analysis/plots/runtime.svg:1722: trailing whitespace.
+L 628 4666 
campaigns/q4-conditional-admission-20261006T010859Z/analysis/plots/runtime.svg:1725: trailing whitespace.
+       <path id="DejaVuSans-2a" d="M 3809 666 
campaigns/q4-conditional-admission-20261006T010859Z/analysis/plots/runtime.svg:1726: trailing whitespace.
+L 3809 1919 
campaigns/q4-conditional-admission-20261006T010859Z/analysis/plots/runtime.svg:1727: trailing whitespace.
+L 2778 1919 
campaigns/q4-conditional-admission-20261006T010859Z/analysis/plots/runtime.svg:1728: trailing whitespace.
+L 2778 2438 
campaigns/q4-conditional-admission-20261006T010859Z/analysis/plots/runtime.svg:1729: trailing whitespace.
+L 4434 2438 
campaigns/q4-conditional-admission-20261006T010859Z/analysis/plots/runtime.svg:1730: trailing whitespace.
+L 4434 434 
campaigns/q4-conditional-admission-20261006T010859Z/analysis/plots/runtime.svg:1731: trailing whitespace.
+Q 4069 175 3628 42 
campaigns/q4-conditional-admission-20261006T010859Z/analysis/plots/runtime.svg:1732: trailing whitespace.
+Q 3188 -91 2688 -91 
campaigns/q4-conditional-admission-20261006T010859Z/analysis/plots/runtime.svg:1733: trailing whitespace.
+Q 1594 -91 976 548 
campaigns/q4-conditional-admission-20261006T010859Z/analysis/plots/runtime.svg:1734: trailing whitespace.
+Q 359 1188 359 2328 
campaigns/q4-conditional-admission-20261006T010859Z/analysis/plots/runtime.svg:1735: trailing whitespace.
+Q 359 3472 976 4111 
campaigns/q4-conditional-admission-20261006T010859Z/analysis/plots/runtime.svg:1736: trailing whitespace.
+Q 1594 4750 2688 4750 
campaigns/q4-conditional-admission-20261006T010859Z/analysis/plots/runtime.svg:1737: trailing whitespace.
+Q 3144 4750 3555 4637 
campaigns/q4-conditional-admission-20261006T010859Z/analysis/plots/runtime.svg:1738: trailing whitespace.
+Q 3966 4525 4313 4306 
campaigns/q4-conditional-admission-20261006T010859Z/analysis/plots/runtime.svg:1739: trailing whitespace.
+L 4313 3634 
campaigns/q4-conditional-admission-20261006T010859Z/analysis/plots/runtime.svg:1740: trailing whitespace.
+Q 3963 3931 3569 4081 
campaigns/q4-conditional-admission-20261006T010859Z/analysis/plots/runtime.svg:1741: trailing whitespace.
+Q 3175 4231 2741 4231 
campaigns/q4-conditional-admission-20261006T010859Z/analysis/plots/runtime.svg:1742: trailing whitespace.
+Q 1884 4231 1454 3753 
campaigns/q4-conditional-admission-20261006T010859Z/analysis/plots/runtime.svg:1743: trailing whitespace.
+Q 1025 3275 1025 2328 
campaigns/q4-conditional-admission-20261006T010859Z/analysis/plots/runtime.svg:1744: trailing whitespace.
+Q 1025 1384 1454 906 
campaigns/q4-conditional-admission-20261006T010859Z/analysis/plots/runtime.svg:1745: trailing whitespace.
+Q 1884 428 2741 428 
campaigns/q4-conditional-admission-20261006T010859Z/analysis/plots/runtime.svg:1746: trailing whitespace.
+Q 3075 428 3337 486 
campaigns/q4-conditional-admission-20261006T010859Z/analysis/plots/runtime.svg:1747: trailing whitespace.
+Q 3600 544 3809 666 
campaigns/q4-conditional-admission-20261006T010859Z/analysis/plots/runtime.svg:1750: trailing whitespace.
+       <path id="DejaVuSans-25" d="M 1259 2228 
campaigns/q4-conditional-admission-20261006T010859Z/analysis/plots/runtime.svg:1751: trailing whitespace.
+L 1259 519 
campaigns/q4-conditional-admission-20261006T010859Z/analysis/plots/runtime.svg:1752: trailing whitespace.
+L 2272 519 
campaigns/q4-conditional-admission-20261006T010859Z/analysis/plots/runtime.svg:1753: trailing whitespace.
+Q 2781 519 3026 730 
campaigns/q4-conditional-admission-20261006T010859Z/analysis/plots/runtime.svg:1754: trailing whitespace.
+Q 3272 941 3272 1375 
campaigns/q4-conditional-admission-20261006T010859Z/analysis/plots/runtime.svg:1755: trailing whitespace.
+Q 3272 1813 3026 2020 
campaigns/q4-conditional-admission-20261006T010859Z/analysis/plots/runtime.svg:1756: trailing whitespace.
+Q 2781 2228 2272 2228 
campaigns/q4-conditional-admission-20261006T010859Z/analysis/plots/runtime.svg:1757: trailing whitespace.
+L 1259 2228 
campaigns/q4-conditional-admission-20261006T010859Z/analysis/plots/runtime.svg:1759: trailing whitespace.
+M 1259 4147 
campaigns/q4-conditional-admission-20261006T010859Z/analysis/plots/runtime.svg:1760: trailing whitespace.
+L 1259 2741 
campaigns/q4-conditional-admission-20261006T010859Z/analysis/plots/runtime.svg:1761: trailing whitespace.
+L 2194 2741 
campaigns/q4-conditional-admission-20261006T010859Z/analysis/plots/runtime.svg:1762: trailing whitespace.
+Q 2656 2741 2882 2914 
campaigns/q4-conditional-admission-20261006T010859Z/analysis/plots/runtime.svg:1763: trailing whitespace.
+Q 3109 3088 3109 3444 
campaigns/q4-conditional-admission-20261006T010859Z/analysis/plots/runtime.svg:1764: trailing whitespace.
+Q 3109 3797 2882 3972 
campaigns/q4-conditional-admission-20261006T010859Z/analysis/plots/runtime.svg:1765: trailing whitespace.
+Q 2656 4147 2194 4147 
campaigns/q4-conditional-admission-20261006T010859Z/analysis/plots/runtime.svg:1766: trailing whitespace.
+L 1259 4147 
campaigns/q4-conditional-admission-20261006T010859Z/analysis/plots/runtime.svg:1768: trailing whitespace.
+M 628 4666 
campaigns/q4-conditional-admission-20261006T010859Z/analysis/plots/runtime.svg:1769: trailing whitespace.
+L 2241 4666 
campaigns/q4-conditional-admission-20261006T010859Z/analysis/plots/runtime.svg:1770: trailing whitespace.
+Q 2963 4666 3353 4366 
campaigns/q4-conditional-admission-20261006T010859Z/analysis/plots/runtime.svg:1771: trailing whitespace.
+Q 3744 4066 3744 3513 
campaigns/q4-conditional-admission-20261006T010859Z/analysis/plots/runtime.svg:1772: trailing whitespace.
+Q 3744 3084 3544 2831 
campaigns/q4-conditional-admission-20261006T010859Z/analysis/plots/runtime.svg:1773: trailing whitespace.
+Q 3344 2578 2956 2516 
campaigns/q4-conditional-admission-20261006T010859Z/analysis/plots/runtime.svg:1774: trailing whitespace.
+Q 3422 2416 3680 2098 
campaigns/q4-conditional-admission-20261006T010859Z/analysis/plots/runtime.svg:1775: trailing whitespace.
+Q 3938 1781 3938 1306 
campaigns/q4-conditional-admission-20261006T010859Z/analysis/plots/runtime.svg:1776: trailing whitespace.
+Q 3938 681 3513 340 
campaigns/q4-conditional-admission-20261006T010859Z/analysis/plots/runtime.svg:1777: trailing whitespace.
+Q 3088 0 2303 0 
campaigns/q4-conditional-admission-20261006T010859Z/analysis/plots/runtime.svg:1778: trailing whitespace.
+L 628 0 
campaigns/q4-conditional-admission-20261006T010859Z/analysis/plots/runtime.svg:1779: trailing whitespace.
+L 628 4666 
campaigns/q4-conditional-admission-20261006T010859Z/analysis/plots/runtime.svg:1808: trailing whitespace.
+    <path d="M 578.494091 109.830648 
campaigns/q4-conditional-admission-20261006T010859Z/analysis/plots/runtime.svg:1809: trailing whitespace.
+L 578.494091 55.161281 
campaigns/q4-conditional-admission-20261006T010859Z/analysis/plots/runtime.svg:1811: trailing whitespace.
+    <path d="M 661.672013 119.770533 
campaigns/q4-conditional-admission-20261006T010859Z/analysis/plots/runtime.svg:1812: trailing whitespace.
+L 661.672013 87.962901 
campaigns/q4-conditional-admission-20261006T010859Z/analysis/plots/runtime.svg:1814: trailing whitespace.
+    <path d="M 772.575909 205.750537 
campaigns/q4-conditional-admission-20261006T010859Z/analysis/plots/runtime.svg:1815: trailing whitespace.
+L 772.575909 134.017701 
campaigns/q4-conditional-admission-20261006T010859Z/analysis/plots/runtime.svg:1820: trailing whitespace.
+    <path d="M 578.494091 87.797236 
campaigns/q4-conditional-admission-20261006T010859Z/analysis/plots/runtime.svg:1821: trailing whitespace.
+L 661.672013 100.056428 
campaigns/q4-conditional-admission-20261006T010859Z/analysis/plots/runtime.svg:1822: trailing whitespace.
+L 772.575909 157.70776 
campaigns/q4-conditional-admission-20261006T010859Z/analysis/plots/runtime.svg:1831: trailing whitespace.
+    <path d="M 568.79 213.28 
campaigns/q4-conditional-admission-20261006T010859Z/analysis/plots/runtime.svg:1832: trailing whitespace.
+L 568.79 47.631818 
campaigns/q4-conditional-admission-20261006T010859Z/analysis/plots/runtime.svg:1836: trailing whitespace.
+    <path d="M 568.79 213.28 
campaigns/q4-conditional-admission-20261006T010859Z/analysis/plots/runtime.svg:1837: trailing whitespace.
+L 782.28 213.28 
campaigns/q4-conditional-admission-20261006T010859Z/analysis/plots/runtime.svg:1842: trailing whitespace.
+     <path d="M 716.380469 74.232912 
campaigns/q4-conditional-admission-20261006T010859Z/analysis/plots/runtime.svg:1843: trailing whitespace.
+L 777.38 74.232912 
campaigns/q4-conditional-admission-20261006T010859Z/analysis/plots/runtime.svg:1844: trailing whitespace.
+Q 778.78 74.232912 778.78 72.832912 
campaigns/q4-conditional-admission-20261006T010859Z/analysis/plots/runtime.svg:1845: trailing whitespace.
+L 778.78 52.531818 
campaigns/q4-conditional-admission-20261006T010859Z/analysis/plots/runtime.svg:1846: trailing whitespace.
+Q 778.78 51.131818 777.38 51.131818 
campaigns/q4-conditional-admission-20261006T010859Z/analysis/plots/runtime.svg:1847: trailing whitespace.
+L 716.380469 51.131818 
campaigns/q4-conditional-admission-20261006T010859Z/analysis/plots/runtime.svg:1848: trailing whitespace.
+Q 714.980469 51.131818 714.980469 52.531818 
campaigns/q4-conditional-admission-20261006T010859Z/analysis/plots/runtime.svg:1849: trailing whitespace.
+L 714.980469 72.832912 
campaigns/q4-conditional-admission-20261006T010859Z/analysis/plots/runtime.svg:1850: trailing whitespace.
+Q 714.980469 74.232912 716.380469 74.232912 
campaigns/q4-conditional-admission-20261006T010859Z/analysis/plots/runtime.svg:1855: trailing whitespace.
+     <path d="M 724.780469 60.300724 
campaigns/q4-conditional-admission-20261006T010859Z/analysis/plots/runtime.svg:1856: trailing whitespace.
+L 724.780469 53.300724 
campaigns/q4-conditional-admission-20261006T010859Z/analysis/plots/runtime.svg:1860: trailing whitespace.
+     <path d="M 717.780469 56.800724 
campaigns/q4-conditional-admission-20261006T010859Z/analysis/plots/runtime.svg:1861: trailing whitespace.
+L 731.780469 56.800724 
campaigns/q4-conditional-admission-20261006T010859Z/analysis/plots/runtime.svg:1882: trailing whitespace.
+     <path d="M 724.780469 70.801271 
campaigns/q4-conditional-admission-20261006T010859Z/analysis/plots/runtime.svg:1883: trailing whitespace.
+L 724.780469 63.801271 
campaigns/q4-conditional-admission-20261006T010859Z/analysis/plots/runtime.svg:1887: trailing whitespace.
+     <path d="M 717.780469 67.301271 
campaigns/q4-conditional-admission-20261006T010859Z/analysis/plots/runtime.svg:1888: trailing whitespace.
+L 731.780469 67.301271 
campaigns/q4-conditional-admission-20261006T010859Z/analysis/plots/runtime.svg:1918: trailing whitespace.
+     <path id="DejaVuSans-24" d="M 2188 4044 
campaigns/q4-conditional-admission-20261006T010859Z/analysis/plots/runtime.svg:1919: trailing whitespace.
+L 1331 1722 
campaigns/q4-conditional-admission-20261006T010859Z/analysis/plots/runtime.svg:1920: trailing whitespace.
+L 3047 1722 
campaigns/q4-conditional-admission-20261006T010859Z/analysis/plots/runtime.svg:1921: trailing whitespace.
+L 2188 4044 
campaigns/q4-conditional-admission-20261006T010859Z/analysis/plots/runtime.svg:1923: trailing whitespace.
+M 1831 4666 
campaigns/q4-conditional-admission-20261006T010859Z/analysis/plots/runtime.svg:1924: trailing whitespace.
+L 2547 4666 
campaigns/q4-conditional-admission-20261006T010859Z/analysis/plots/runtime.svg:1925: trailing whitespace.
+L 4325 0 
campaigns/q4-conditional-admission-20261006T010859Z/analysis/plots/runtime.svg:1926: trailing whitespace.
+L 3669 0 
campaigns/q4-conditional-admission-20261006T010859Z/analysis/plots/runtime.svg:1927: trailing whitespace.
+L 3244 1197 
campaigns/q4-conditional-admission-20261006T010859Z/analysis/plots/runtime.svg:1928: trailing whitespace.
+L 1141 1197 
campaigns/q4-conditional-admission-20261006T010859Z/analysis/plots/runtime.svg:1929: trailing whitespace.
+L 716 0 
campaigns/q4-conditional-admission-20261006T010859Z/analysis/plots/runtime.svg:1930: trailing whitespace.
+L 50 0 
campaigns/q4-conditional-admission-20261006T010859Z/analysis/plots/runtime.svg:1931: trailing whitespace.
+L 1831 4666 
campaigns/q4-conditional-admission-20261006T010859Z/analysis/plots/runtime.svg:1934: trailing whitespace.
+     <path id="DejaVuSans-53" d="M 1159 525 
campaigns/q4-conditional-admission-20261006T010859Z/analysis/plots/runtime.svg:1935: trailing whitespace.
+L 1159 -1331 
campaigns/q4-conditional-admission-20261006T010859Z/analysis/plots/runtime.svg:1936: trailing whitespace.
+L 581 -1331 
campaigns/q4-conditional-admission-20261006T010859Z/analysis/plots/runtime.svg:1937: trailing whitespace.
+L 581 3500 
campaigns/q4-conditional-admission-20261006T010859Z/analysis/plots/runtime.svg:1938: trailing whitespace.
+L 1159 3500 
campaigns/q4-conditional-admission-20261006T010859Z/analysis/plots/runtime.svg:1939: trailing whitespace.
+L 1159 2969 
campaigns/q4-conditional-admission-20261006T010859Z/analysis/plots/runtime.svg:1940: trailing whitespace.
+Q 1341 3281 1617 3432 
campaigns/q4-conditional-admission-20261006T010859Z/analysis/plots/runtime.svg:1941: trailing whitespace.
+Q 1894 3584 2278 3584 
campaigns/q4-conditional-admission-20261006T010859Z/analysis/plots/runtime.svg:1942: trailing whitespace.
+Q 2916 3584 3314 3078 
campaigns/q4-conditional-admission-20261006T010859Z/analysis/plots/runtime.svg:1943: trailing whitespace.
+Q 3713 2572 3713 1747 
campaigns/q4-conditional-admission-20261006T010859Z/analysis/plots/runtime.svg:1944: trailing whitespace.
+Q 3713 922 3314 415 
campaigns/q4-conditional-admission-20261006T010859Z/analysis/plots/runtime.svg:1945: trailing whitespace.
+Q 2916 -91 2278 -91 
campaigns/q4-conditional-admission-20261006T010859Z/analysis/plots/runtime.svg:1946: trailing whitespace.
+Q 1894 -91 1617 61 
campaigns/q4-conditional-admission-20261006T010859Z/analysis/plots/runtime.svg:1947: trailing whitespace.
+Q 1341 213 1159 525 
campaigns/q4-conditional-admission-20261006T010859Z/analysis/plots/runtime.svg:1949: trailing whitespace.
+M 3116 1747 
campaigns/q4-conditional-admission-20261006T010859Z/analysis/plots/runtime.svg:1950: trailing whitespace.
+Q 3116 2381 2855 2742 
campaigns/q4-conditional-admission-20261006T010859Z/analysis/plots/runtime.svg:1951: trailing whitespace.
+Q 2594 3103 2138 3103 
campaigns/q4-conditional-admission-20261006T010859Z/analysis/plots/runtime.svg:1952: trailing whitespace.
+Q 1681 3103 1420 2742 
campaigns/q4-conditional-admission-20261006T010859Z/analysis/plots/runtime.svg:1953: trailing whitespace.
+Q 1159 2381 1159 1747 
campaigns/q4-conditional-admission-20261006T010859Z/analysis/plots/runtime.svg:1954: trailing whitespace.
+Q 1159 1113 1420 752 
campaigns/q4-conditional-admission-20261006T010859Z/analysis/plots/runtime.svg:1955: trailing whitespace.
+Q 1681 391 2138 391 
campaigns/q4-conditional-admission-20261006T010859Z/analysis/plots/runtime.svg:1956: trailing whitespace.
+Q 2594 391 2855 752 
campaigns/q4-conditional-admission-20261006T010859Z/analysis/plots/runtime.svg:1957: trailing whitespace.
+Q 3116 1113 3116 1747 
campaigns/q4-conditional-admission-20261006T010859Z/analysis/plots/runtime.svg:1960: trailing whitespace.
+     <path id="DejaVuSans-1d" d="M 750 794 
campaigns/q4-conditional-admission-20261006T010859Z/analysis/plots/runtime.svg:1961: trailing whitespace.
+L 1409 794 
campaigns/q4-conditional-admission-20261006T010859Z/analysis/plots/runtime.svg:1962: trailing whitespace.
+L 1409 0 
campaigns/q4-conditional-admission-20261006T010859Z/analysis/plots/runtime.svg:1963: trailing whitespace.
+L 750 0 
campaigns/q4-conditional-admission-20261006T010859Z/analysis/plots/runtime.svg:1964: trailing whitespace.
+L 750 794 
campaigns/q4-conditional-admission-20261006T010859Z/analysis/plots/runtime.svg:1966: trailing whitespace.
+M 750 3309 
campaigns/q4-conditional-admission-20261006T010859Z/analysis/plots/runtime.svg:1967: trailing whitespace.
+L 1409 3309 
campaigns/q4-conditional-admission-20261006T010859Z/analysis/plots/runtime.svg:1968: trailing whitespace.
+L 1409 2516 
campaigns/q4-conditional-admission-20261006T010859Z/analysis/plots/runtime.svg:1969: trailing whitespace.
+L 750 2516 
campaigns/q4-conditional-admission-20261006T010859Z/analysis/plots/runtime.svg:1970: trailing whitespace.
+L 750 3309 
campaigns/q4-conditional-admission-20261006T010859Z/analysis/plots/runtime.svg:1973: trailing whitespace.
+     <path id="DejaVuSans-30" d="M 628 4666 
campaigns/q4-conditional-admission-20261006T010859Z/analysis/plots/runtime.svg:1974: trailing whitespace.
+L 1569 4666 
campaigns/q4-conditional-admission-20261006T010859Z/analysis/plots/runtime.svg:1975: trailing whitespace.
+L 2759 1491 
campaigns/q4-conditional-admission-20261006T010859Z/analysis/plots/runtime.svg:1976: trailing whitespace.
+L 3956 4666 
campaigns/q4-conditional-admission-20261006T010859Z/analysis/plots/runtime.svg:1977: trailing whitespace.
+L 4897 4666 
campaigns/q4-conditional-admission-20261006T010859Z/analysis/plots/runtime.svg:1978: trailing whitespace.
+L 4897 0 
campaigns/q4-conditional-admission-20261006T010859Z/analysis/plots/runtime.svg:1979: trailing whitespace.
+L 4281 0 
campaigns/q4-conditional-admission-20261006T010859Z/analysis/plots/runtime.svg:1980: trailing whitespace.
+L 4281 4097 
campaigns/q4-conditional-admission-20261006T010859Z/analysis/plots/runtime.svg:1981: trailing whitespace.
+L 3078 897 
campaigns/q4-conditional-admission-20261006T010859Z/analysis/plots/runtime.svg:1982: trailing whitespace.
+L 2444 897 
campaigns/q4-conditional-admission-20261006T010859Z/analysis/plots/runtime.svg:1983: trailing whitespace.
+L 1241 4097 
campaigns/q4-conditional-admission-20261006T010859Z/analysis/plots/runtime.svg:1984: trailing whitespace.
+L 1241 0 
campaigns/q4-conditional-admission-20261006T010859Z/analysis/plots/runtime.svg:1985: trailing whitespace.
+L 628 0 
campaigns/q4-conditional-admission-20261006T010859Z/analysis/plots/runtime.svg:1986: trailing whitespace.
+L 628 4666 
campaigns/q4-conditional-admission-20261006T010859Z/analysis/plots/runtime.svg:1989: trailing whitespace.
+     <path id="DejaVuSans-59" d="M 191 3500 
campaigns/q4-conditional-admission-20261006T010859Z/analysis/plots/runtime.svg:1990: trailing whitespace.
+L 800 3500 
campaigns/q4-conditional-admission-20261006T010859Z/analysis/plots/runtime.svg:1991: trailing whitespace.
+L 1894 563 
campaigns/q4-conditional-admission-20261006T010859Z/analysis/plots/runtime.svg:1992: trailing whitespace.
+L 2988 3500 
campaigns/q4-conditional-admission-20261006T010859Z/analysis/plots/runtime.svg:1993: trailing whitespace.
+L 3597 3500 
campaigns/q4-conditional-admission-20261006T010859Z/analysis/plots/runtime.svg:1994: trailing whitespace.
+L 2284 0 
campaigns/q4-conditional-admission-20261006T010859Z/analysis/plots/runtime.svg:1995: trailing whitespace.
+L 1503 0 
campaigns/q4-conditional-admission-20261006T010859Z/analysis/plots/runtime.svg:1996: trailing whitespace.
+L 191 3500 
campaigns/q4-conditional-admission-20261006T010859Z/analysis/plots/runtime.svg:1999: trailing whitespace.
+     <path id="DejaVuSans-4a" d="M 2906 1791 
campaigns/q4-conditional-admission-20261006T010859Z/analysis/plots/runtime.svg:2000: trailing whitespace.
+Q 2906 2416 2648 2759 
campaigns/q4-conditional-admission-20261006T010859Z/analysis/plots/runtime.svg:2001: trailing whitespace.
+Q 2391 3103 1925 3103 
campaigns/q4-conditional-admission-20261006T010859Z/analysis/plots/runtime.svg:2002: trailing whitespace.
+Q 1463 3103 1205 2759 
campaigns/q4-conditional-admission-20261006T010859Z/analysis/plots/runtime.svg:2003: trailing whitespace.
+Q 947 2416 947 1791 
campaigns/q4-conditional-admission-20261006T010859Z/analysis/plots/runtime.svg:2004: trailing whitespace.
+Q 947 1169 1205 825 
campaigns/q4-conditional-admission-20261006T010859Z/analysis/plots/runtime.svg:2005: trailing whitespace.
+Q 1463 481 1925 481 
campaigns/q4-conditional-admission-20261006T010859Z/analysis/plots/runtime.svg:2006: trailing whitespace.
+Q 2391 481 2648 825 
campaigns/q4-conditional-admission-20261006T010859Z/analysis/plots/runtime.svg:2007: trailing whitespace.
+Q 2906 1169 2906 1791 
campaigns/q4-conditional-admission-20261006T010859Z/analysis/plots/runtime.svg:2009: trailing whitespace.
+M 3481 434 
campaigns/q4-conditional-admission-20261006T010859Z/analysis/plots/runtime.svg:2010: trailing whitespace.
+Q 3481 -459 3084 -895 
campaigns/q4-conditional-admission-20261006T010859Z/analysis/plots/runtime.svg:2011: trailing whitespace.
+Q 2688 -1331 1869 -1331 
campaigns/q4-conditional-admission-20261006T010859Z/analysis/plots/runtime.svg:2012: trailing whitespace.
+Q 1566 -1331 1297 -1286 
campaigns/q4-conditional-admission-20261006T010859Z/analysis/plots/runtime.svg:2013: trailing whitespace.
+Q 1028 -1241 775 -1147 
campaigns/q4-conditional-admission-20261006T010859Z/analysis/plots/runtime.svg:2014: trailing whitespace.
+L 775 -588 
campaigns/q4-conditional-admission-20261006T010859Z/analysis/plots/runtime.svg:2015: trailing whitespace.
+Q 1028 -725 1275 -790 
campaigns/q4-conditional-admission-20261006T010859Z/analysis/plots/runtime.svg:2016: trailing whitespace.
+Q 1522 -856 1778 -856 
campaigns/q4-conditional-admission-20261006T010859Z/analysis/plots/runtime.svg:2017: trailing whitespace.
+Q 2344 -856 2625 -561 
campaigns/q4-conditional-admission-20261006T010859Z/analysis/plots/runtime.svg:2018: trailing whitespace.
+Q 2906 -266 2906 331 
campaigns/q4-conditional-admission-20261006T010859Z/analysis/plots/runtime.svg:2019: trailing whitespace.
+L 2906 616 
campaigns/q4-conditional-admission-20261006T010859Z/analysis/plots/runtime.svg:2020: trailing whitespace.
+Q 2728 306 2450 153 
campaigns/q4-conditional-admission-20261006T010859Z/analysis/plots/runtime.svg:2021: trailing whitespace.
+Q 2172 0 1784 0 
campaigns/q4-conditional-admission-20261006T010859Z/analysis/plots/runtime.svg:2022: trailing whitespace.
+Q 1141 0 747 490 
campaigns/q4-conditional-admission-20261006T010859Z/analysis/plots/runtime.svg:2023: trailing whitespace.
+Q 353 981 353 1791 
campaigns/q4-conditional-admission-20261006T010859Z/analysis/plots/runtime.svg:2024: trailing whitespace.
+Q 353 2603 747 3093 
campaigns/q4-conditional-admission-20261006T010859Z/analysis/plots/runtime.svg:2025: trailing whitespace.
+Q 1141 3584 1784 3584 
campaigns/q4-conditional-admission-20261006T010859Z/analysis/plots/runtime.svg:2026: trailing whitespace.
+Q 2172 3584 2450 3431 
campaigns/q4-conditional-admission-20261006T010859Z/analysis/plots/runtime.svg:2027: trailing whitespace.
+Q 2728 3278 2906 2969 
campaigns/q4-conditional-admission-20261006T010859Z/analysis/plots/runtime.svg:2028: trailing whitespace.
+L 2906 3500 
campaigns/q4-conditional-admission-20261006T010859Z/analysis/plots/runtime.svg:2029: trailing whitespace.
+L 3481 3500 
campaigns/q4-conditional-admission-20261006T010859Z/analysis/plots/runtime.svg:2030: trailing whitespace.
+L 3481 434 
campaigns/q4-conditional-admission-20261006T010859Z/analysis/plots/runtime.svg:2033: trailing whitespace.
+     <path id="DejaVuSans-1e" d="M 750 3309 
campaigns/q4-conditional-admission-20261006T010859Z/analysis/plots/runtime.svg:2034: trailing whitespace.
+L 1409 3309 
campaigns/q4-conditional-admission-20261006T010859Z/analysis/plots/runtime.svg:2035: trailing whitespace.
+L 1409 2516 
campaigns/q4-conditional-admission-20261006T010859Z/analysis/plots/runtime.svg:2036: trailing whitespace.
+L 750 2516 
campaigns/q4-conditional-admission-20261006T010859Z/analysis/plots/runtime.svg:2037: trailing whitespace.
+L 750 3309 
campaigns/q4-conditional-admission-20261006T010859Z/analysis/plots/runtime.svg:2039: trailing whitespace.
+M 750 794 
campaigns/q4-conditional-admission-20261006T010859Z/analysis/plots/runtime.svg:2040: trailing whitespace.
+L 1409 794 
campaigns/q4-conditional-admission-20261006T010859Z/analysis/plots/runtime.svg:2041: trailing whitespace.
+L 1409 256 
campaigns/q4-conditional-admission-20261006T010859Z/analysis/plots/runtime.svg:2042: trailing whitespace.
+L 897 -744 
campaigns/q4-conditional-admission-20261006T010859Z/analysis/plots/runtime.svg:2043: trailing whitespace.
+L 494 -744 
campaigns/q4-conditional-admission-20261006T010859Z/analysis/plots/runtime.svg:2044: trailing whitespace.
+L 750 256 
campaigns/q4-conditional-admission-20261006T010859Z/analysis/plots/runtime.svg:2045: trailing whitespace.
+L 750 794 
campaigns/q4-conditional-admission-20261006T010859Z/analysis/plots/runtime.svg:2048: trailing whitespace.
+     <path id="DejaVuSans-16" d="M 2597 2516 
campaigns/q4-conditional-admission-20261006T010859Z/analysis/plots/runtime.svg:2049: trailing whitespace.
+Q 3050 2419 3304 2112 
campaigns/q4-conditional-admission-20261006T010859Z/analysis/plots/runtime.svg:2050: trailing whitespace.
+Q 3559 1806 3559 1356 
campaigns/q4-conditional-admission-20261006T010859Z/analysis/plots/runtime.svg:2051: trailing whitespace.
+Q 3559 666 3084 287 
campaigns/q4-conditional-admission-20261006T010859Z/analysis/plots/runtime.svg:2052: trailing whitespace.
+Q 2609 -91 1734 -91 
campaigns/q4-conditional-admission-20261006T010859Z/analysis/plots/runtime.svg:2053: trailing whitespace.
+Q 1441 -91 1130 -33 
campaigns/q4-conditional-admission-20261006T010859Z/analysis/plots/runtime.svg:2054: trailing whitespace.
+Q 819 25 488 141 
campaigns/q4-conditional-admission-20261006T010859Z/analysis/plots/runtime.svg:2055: trailing whitespace.
+L 488 750 
campaigns/q4-conditional-admission-20261006T010859Z/analysis/plots/runtime.svg:2056: trailing whitespace.
+Q 750 597 1062 519 
campaigns/q4-conditional-admission-20261006T010859Z/analysis/plots/runtime.svg:2057: trailing whitespace.
+Q 1375 441 1716 441 
campaigns/q4-conditional-admission-20261006T010859Z/analysis/plots/runtime.svg:2058: trailing whitespace.
+Q 2309 441 2620 675 
campaigns/q4-conditional-admission-20261006T010859Z/analysis/plots/runtime.svg:2059: trailing whitespace.
+Q 2931 909 2931 1356 
campaigns/q4-conditional-admission-20261006T010859Z/analysis/plots/runtime.svg:2060: trailing whitespace.
+Q 2931 1769 2642 2001 
campaigns/q4-conditional-admission-20261006T010859Z/analysis/plots/runtime.svg:2061: trailing whitespace.
+Q 2353 2234 1838 2234 
campaigns/q4-conditional-admission-20261006T010859Z/analysis/plots/runtime.svg:2062: trailing whitespace.
+L 1294 2234 
campaigns/q4-conditional-admission-20261006T010859Z/analysis/plots/runtime.svg:2063: trailing whitespace.
+L 1294 2753 
campaigns/q4-conditional-admission-20261006T010859Z/analysis/plots/runtime.svg:2064: trailing whitespace.
+L 1863 2753 
campaigns/q4-conditional-admission-20261006T010859Z/analysis/plots/runtime.svg:2065: trailing whitespace.
+Q 2328 2753 2575 2939 
campaigns/q4-conditional-admission-20261006T010859Z/analysis/plots/runtime.svg:2066: trailing whitespace.
+Q 2822 3125 2822 3475 
campaigns/q4-conditional-admission-20261006T010859Z/analysis/plots/runtime.svg:2067: trailing whitespace.
+Q 2822 3834 2567 4026 
campaigns/q4-conditional-admission-20261006T010859Z/analysis/plots/runtime.svg:2068: trailing whitespace.
+Q 2313 4219 1838 4219 
campaigns/q4-conditional-admission-20261006T010859Z/analysis/plots/runtime.svg:2069: trailing whitespace.
+Q 1578 4219 1281 4162 
campaigns/q4-conditional-admission-20261006T010859Z/analysis/plots/runtime.svg:2070: trailing whitespace.
+Q 984 4106 628 3988 
campaigns/q4-conditional-admission-20261006T010859Z/analysis/plots/runtime.svg:2071: trailing whitespace.
+L 628 4550 
campaigns/q4-conditional-admission-20261006T010859Z/analysis/plots/runtime.svg:2072: trailing whitespace.
+Q 988 4650 1302 4700 
campaigns/q4-conditional-admission-20261006T010859Z/analysis/plots/runtime.svg:2073: trailing whitespace.
+Q 1616 4750 1894 4750 
campaigns/q4-conditional-admission-20261006T010859Z/analysis/plots/runtime.svg:2074: trailing whitespace.
+Q 2613 4750 3031 4423 
campaigns/q4-conditional-admission-20261006T010859Z/analysis/plots/runtime.svg:2075: trailing whitespace.
+Q 3450 4097 3450 3541 
campaigns/q4-conditional-admission-20261006T010859Z/analysis/plots/runtime.svg:2076: trailing whitespace.
+Q 3450 3153 3228 2886 
campaigns/q4-conditional-admission-20261006T010859Z/analysis/plots/runtime.svg:2077: trailing whitespace.
+Q 3006 2619 2597 2516 
campaigns/q4-conditional-admission-20261006T010859Z/analysis/plots/runtime.svg:2080: trailing whitespace.
+     <path id="DejaVuSans-4b" d="M 3513 2113 
campaigns/q4-conditional-admission-20261006T010859Z/analysis/plots/runtime.svg:2081: trailing whitespace.
+L 3513 0 
campaigns/q4-conditional-admission-20261006T010859Z/analysis/plots/runtime.svg:2082: trailing whitespace.
+L 2938 0 
campaigns/q4-conditional-admission-20261006T010859Z/analysis/plots/runtime.svg:2083: trailing whitespace.
+L 2938 2094 
campaigns/q4-conditional-admission-20261006T010859Z/analysis/plots/runtime.svg:2084: trailing whitespace.
+Q 2938 2591 2744 2837 
campaigns/q4-conditional-admission-20261006T010859Z/analysis/plots/runtime.svg:2085: trailing whitespace.
+Q 2550 3084 2163 3084 
campaigns/q4-conditional-admission-20261006T010859Z/analysis/plots/runtime.svg:2086: trailing whitespace.
+Q 1697 3084 1428 2787 
campaigns/q4-conditional-admission-20261006T010859Z/analysis/plots/runtime.svg:2087: trailing whitespace.
+Q 1159 2491 1159 1978 
campaigns/q4-conditional-admission-20261006T010859Z/analysis/plots/runtime.svg:2088: trailing whitespace.
+L 1159 0 
campaigns/q4-conditional-admission-20261006T010859Z/analysis/plots/runtime.svg:2089: trailing whitespace.
+L 581 0 
campaigns/q4-conditional-admission-20261006T010859Z/analysis/plots/runtime.svg:2090: trailing whitespace.
+L 581 4863 
campaigns/q4-conditional-admission-20261006T010859Z/analysis/plots/runtime.svg:2091: trailing whitespace.
+L 1159 4863 
campaigns/q4-conditional-admission-20261006T010859Z/analysis/plots/runtime.svg:2092: trailing whitespace.
+L 1159 2956 
campaigns/q4-conditional-admission-20261006T010859Z/analysis/plots/runtime.svg:2093: trailing whitespace.
+Q 1366 3272 1645 3428 
campaigns/q4-conditional-admission-20261006T010859Z/analysis/plots/runtime.svg:2094: trailing whitespace.
+Q 1925 3584 2291 3584 
campaigns/q4-conditional-admission-20261006T010859Z/analysis/plots/runtime.svg:2095: trailing whitespace.
+Q 2894 3584 3203 3211 
campaigns/q4-conditional-admission-20261006T010859Z/analysis/plots/runtime.svg:2096: trailing whitespace.
+Q 3513 2838 3513 2113 
campaigns/q4-conditional-admission-20261006T010859Z/analysis/plots/runtime.svg:2099: trailing whitespace.
+     <path id="DejaVuSans-32" d="M 2522 4238 
campaigns/q4-conditional-admission-20261006T010859Z/analysis/plots/runtime.svg:2100: trailing whitespace.
+Q 1834 4238 1429 3725 
campaigns/q4-conditional-admission-20261006T010859Z/analysis/plots/runtime.svg:2101: trailing whitespace.
+Q 1025 3213 1025 2328 
campaigns/q4-conditional-admission-20261006T010859Z/analysis/plots/runtime.svg:2102: trailing whitespace.
+Q 1025 1447 1429 934 
campaigns/q4-conditional-admission-20261006T010859Z/analysis/plots/runtime.svg:2103: trailing whitespace.
+Q 1834 422 2522 422 
campaigns/q4-conditional-admission-20261006T010859Z/analysis/plots/runtime.svg:2104: trailing whitespace.
+Q 3209 422 3611 934 
campaigns/q4-conditional-admission-20261006T010859Z/analysis/plots/runtime.svg:2105: trailing whitespace.
+Q 4013 1447 4013 2328 
campaigns/q4-conditional-admission-20261006T010859Z/analysis/plots/runtime.svg:2106: trailing whitespace.
+Q 4013 3213 3611 3725 
campaigns/q4-conditional-admission-20261006T010859Z/analysis/plots/runtime.svg:2107: trailing whitespace.
+Q 3209 4238 2522 4238 
campaigns/q4-conditional-admission-20261006T010859Z/analysis/plots/runtime.svg:2109: trailing whitespace.
+M 2522 4750 
campaigns/q4-conditional-admission-20261006T010859Z/analysis/plots/runtime.svg:2110: trailing whitespace.
+Q 3503 4750 4090 4092 
campaigns/q4-conditional-admission-20261006T010859Z/analysis/plots/runtime.svg:2111: trailing whitespace.
+Q 4678 3434 4678 2328 
campaigns/q4-conditional-admission-20261006T010859Z/analysis/plots/runtime.svg:2112: trailing whitespace.
+Q 4678 1225 4090 567 
campaigns/q4-conditional-admission-20261006T010859Z/analysis/plots/runtime.svg:2113: trailing whitespace.
+Q 3503 -91 2522 -91 
campaigns/q4-conditional-admission-20261006T010859Z/analysis/plots/runtime.svg:2114: trailing whitespace.
+Q 1538 -91 948 565 
campaigns/q4-conditional-admission-20261006T010859Z/analysis/plots/runtime.svg:2115: trailing whitespace.
+Q 359 1222 359 2328 
campaigns/q4-conditional-admission-20261006T010859Z/analysis/plots/runtime.svg:2116: trailing whitespace.
+Q 359 3434 948 4092 
campaigns/q4-conditional-admission-20261006T010859Z/analysis/plots/runtime.svg:2117: trailing whitespace.
+Q 1538 4750 2522 4750 
campaigns/q4-conditional-admission-20261006T010859Z/analysis/plots/runtime.svg:2120: trailing whitespace.
+     <path id="DejaVuSans-29" d="M 628 4666 
campaigns/q4-conditional-admission-20261006T010859Z/analysis/plots/runtime.svg:2121: trailing whitespace.
+L 3309 4666 
campaigns/q4-conditional-admission-20261006T010859Z/analysis/plots/runtime.svg:2122: trailing whitespace.
+L 3309 4134 
campaigns/q4-conditional-admission-20261006T010859Z/analysis/plots/runtime.svg:2123: trailing whitespace.
+L 1259 4134 
campaigns/q4-conditional-admission-20261006T010859Z/analysis/plots/runtime.svg:2124: trailing whitespace.
+L 1259 2759 
campaigns/q4-conditional-admission-20261006T010859Z/analysis/plots/runtime.svg:2125: trailing whitespace.
+L 3109 2759 
campaigns/q4-conditional-admission-20261006T010859Z/analysis/plots/runtime.svg:2126: trailing whitespace.
+L 3109 2228 
campaigns/q4-conditional-admission-20261006T010859Z/analysis/plots/runtime.svg:2127: trailing whitespace.
+L 1259 2228 
campaigns/q4-conditional-admission-20261006T010859Z/analysis/plots/runtime.svg:2128: trailing whitespace.
+L 1259 0 
campaigns/q4-conditional-admission-20261006T010859Z/analysis/plots/runtime.svg:2129: trailing whitespace.
+L 628 0 
campaigns/q4-conditional-admission-20261006T010859Z/analysis/plots/runtime.svg:2130: trailing whitespace.
+L 628 4666 
campaigns/q4-conditional-admission-20261006T010859Z/analysis/plots/runtime.svg:2133: trailing whitespace.
+     <path id="DejaVuSans-10" d="M 313 2009 
campaigns/q4-conditional-admission-20261006T010859Z/analysis/plots/runtime.svg:2134: trailing whitespace.
+L 1997 2009 
campaigns/q4-conditional-admission-20261006T010859Z/analysis/plots/runtime.svg:2135: trailing whitespace.
+L 1997 1497 
campaigns/q4-conditional-admission-20261006T010859Z/analysis/plots/runtime.svg:2136: trailing whitespace.
+L 313 1497 
campaigns/q4-conditional-admission-20261006T010859Z/analysis/plots/runtime.svg:2137: trailing whitespace.
+L 313 2009 
campaigns/q4-conditional-admission-20261006T010859Z/analysis/plots/runtime.svg:2140: trailing whitespace.
+     <path id="DejaVuSans-45" d="M 3116 1747 
campaigns/q4-conditional-admission-20261006T010859Z/analysis/plots/runtime.svg:2141: trailing whitespace.
+Q 3116 2381 2855 2742 
campaigns/q4-conditional-admission-20261006T010859Z/analysis/plots/runtime.svg:2142: trailing whitespace.
+Q 2594 3103 2138 3103 
campaigns/q4-conditional-admission-20261006T010859Z/analysis/plots/runtime.svg:2143: trailing whitespace.
+Q 1681 3103 1420 2742 
campaigns/q4-conditional-admission-20261006T010859Z/analysis/plots/runtime.svg:2144: trailing whitespace.
+Q 1159 2381 1159 1747 
campaigns/q4-conditional-admission-20261006T010859Z/analysis/plots/runtime.svg:2145: trailing whitespace.
+Q 1159 1113 1420 752 
campaigns/q4-conditional-admission-20261006T010859Z/analysis/plots/runtime.svg:2146: trailing whitespace.
+Q 1681 391 2138 391 
campaigns/q4-conditional-admission-20261006T010859Z/analysis/plots/runtime.svg:2147: trailing whitespace.
+Q 2594 391 2855 752 
campaigns/q4-conditional-admission-20261006T010859Z/analysis/plots/runtime.svg:2148: trailing whitespace.
+Q 3116 1113 3116 1747 
campaigns/q4-conditional-admission-20261006T010859Z/analysis/plots/runtime.svg:2150: trailing whitespace.
+M 1159 2969 
campaigns/q4-conditional-admission-20261006T010859Z/analysis/plots/runtime.svg:2151: trailing whitespace.
+Q 1341 3281 1617 3432 
campaigns/q4-conditional-admission-20261006T010859Z/analysis/plots/runtime.svg:2152: trailing whitespace.
+Q 1894 3584 2278 3584 
campaigns/q4-conditional-admission-20261006T010859Z/analysis/plots/runtime.svg:2153: trailing whitespace.
+Q 2916 3584 3314 3078 
campaigns/q4-conditional-admission-20261006T010859Z/analysis/plots/runtime.svg:2154: trailing whitespace.
+Q 3713 2572 3713 1747 
campaigns/q4-conditional-admission-20261006T010859Z/analysis/plots/runtime.svg:2155: trailing whitespace.
+Q 3713 922 3314 415 
campaigns/q4-conditional-admission-20261006T010859Z/analysis/plots/runtime.svg:2156: trailing whitespace.
+Q 2916 -91 2278 -91 
campaigns/q4-conditional-admission-20261006T010859Z/analysis/plots/runtime.svg:2157: trailing whitespace.
+Q 1894 -91 1617 61 
campaigns/q4-conditional-admission-20261006T010859Z/analysis/plots/runtime.svg:2158: trailing whitespace.
+Q 1341 213 1159 525 
campaigns/q4-conditional-admission-20261006T010859Z/analysis/plots/runtime.svg:2159: trailing whitespace.
+L 1159 0 
campaigns/q4-conditional-admission-20261006T010859Z/analysis/plots/runtime.svg:2160: trailing whitespace.
+L 581 0 
campaigns/q4-conditional-admission-20261006T010859Z/analysis/plots/runtime.svg:2161: trailing whitespace.
+L 581 4863 
campaigns/q4-conditional-admission-20261006T010859Z/analysis/plots/runtime.svg:2162: trailing whitespace.
+L 1159 4863 
campaigns/q4-conditional-admission-20261006T010859Z/analysis/plots/runtime.svg:2163: trailing whitespace.
+L 1159 2969 
campaigns/q4-conditional-admission-20261006T010859Z/analysis/plots/runtime.svg:2166: trailing whitespace.
+     <path id="DejaVuSans-49" d="M 2375 4863 
campaigns/q4-conditional-admission-20261006T010859Z/analysis/plots/runtime.svg:2167: trailing whitespace.
+L 2375 4384 
campaigns/q4-conditional-admission-20261006T010859Z/analysis/plots/runtime.svg:2168: trailing whitespace.
+L 1825 4384 
campaigns/q4-conditional-admission-20261006T010859Z/analysis/plots/runtime.svg:2169: trailing whitespace.
+Q 1516 4384 1395 4259 
campaigns/q4-conditional-admission-20261006T010859Z/analysis/plots/runtime.svg:2170: trailing whitespace.
+Q 1275 4134 1275 3809 
campaigns/q4-conditional-admission-20261006T010859Z/analysis/plots/runtime.svg:2171: trailing whitespace.
+L 1275 3500 
campaigns/q4-conditional-admission-20261006T010859Z/analysis/plots/runtime.svg:2172: trailing whitespace.
+L 2222 3500 
campaigns/q4-conditional-admission-20261006T010859Z/analysis/plots/runtime.svg:2173: trailing whitespace.
+L 2222 3053 
campaigns/q4-conditional-admission-20261006T010859Z/analysis/plots/runtime.svg:2174: trailing whitespace.
+L 1275 3053 
campaigns/q4-conditional-admission-20261006T010859Z/analysis/plots/runtime.svg:2175: trailing whitespace.
+L 1275 0 
campaigns/q4-conditional-admission-20261006T010859Z/analysis/plots/runtime.svg:2176: trailing whitespace.
+L 697 0 
campaigns/q4-conditional-admission-20261006T010859Z/analysis/plots/runtime.svg:2177: trailing whitespace.
+L 697 3053 
campaigns/q4-conditional-admission-20261006T010859Z/analysis/plots/runtime.svg:2178: trailing whitespace.
+L 147 3053 
campaigns/q4-conditional-admission-20261006T010859Z/analysis/plots/runtime.svg:2179: trailing whitespace.
+L 147 3500 
campaigns/q4-conditional-admission-20261006T010859Z/analysis/plots/runtime.svg:2180: trailing whitespace.
+L 697 3500 
campaigns/q4-conditional-admission-20261006T010859Z/analysis/plots/runtime.svg:2181: trailing whitespace.
+L 697 3744 
campaigns/q4-conditional-admission-20261006T010859Z/analysis/plots/runtime.svg:2182: trailing whitespace.
+Q 697 4328 969 4595 
campaigns/q4-conditional-admission-20261006T010859Z/analysis/plots/runtime.svg:2183: trailing whitespace.
+Q 1241 4863 1831 4863 
campaigns/q4-conditional-admission-20261006T010859Z/analysis/plots/runtime.svg:2184: trailing whitespace.
+L 2375 4863 
campaigns/q4-conditional-admission-20261006T010859Z/diagnostics/conditional-off-clean/32k/raw/run-response.txt:180: trailing whitespace.
+ 
campaigns/q4-conditional-admission-20261006T010859Z/diagnostics/conditional-off-clean/32k/raw/run-response.txt:215: trailing whitespace.
+ 
campaigns/q4-conditional-admission-20261006T010859Z/diagnostics/conditional-off-clean/32k/raw/run-response.txt:259: trailing whitespace.
+ 
campaigns/q4-conditional-admission-20261006T010859Z/diagnostics/conditional-off-clean/32k/telemetry/pcie-dmon.log:1: trailing whitespace.
+#Date        Time         gpu  rxpci  txpci 
campaigns/q4-conditional-admission-20261006T010859Z/diagnostics/conditional-off-clean/32k/telemetry/pcie-dmon.log:2: trailing whitespace.
+#YYYYMMDD    HH:MM:SS     Idx   MB/s   MB/s 
campaigns/q4-conditional-admission-20261006T010859Z/diagnostics/conditional-off-clean/32k/telemetry/pcie-dmon.log:3: trailing whitespace.
+ 20261006    03:27:27       0     11      0 
campaigns/q4-conditional-admission-20261006T010859Z/diagnostics/conditional-off-clean/32k/telemetry/pcie-dmon.log:4: trailing whitespace.
+ 20261006    03:27:27       1      0      0 
campaigns/q4-conditional-admission-20261006T010859Z/diagnostics/conditional-off-clean/32k/telemetry/pcie-dmon.log:5: trailing whitespace.
+ 20261006    03:27:28       0      0      0 
campaigns/q4-conditional-admission-20261006T010859Z/diagnostics/conditional-off-clean/32k/telemetry/pcie-dmon.log:6: trailing whitespace.
+ 20261006    03:27:28       1      0      0 
campaigns/q4-conditional-admission-20261006T010859Z/diagnostics/conditional-off-clean/32k/telemetry/pcie-dmon.log:7: trailing whitespace.
+ 20261006    03:27:29       0      0      0 
campaigns/q4-conditional-admission-20261006T010859Z/diagnostics/conditional-off-clean/32k/telemetry/pcie-dmon.log:8: trailing whitespace.
+ 20261006    03:27:29       1      0      0 
campaigns/q4-conditional-admission-20261006T010859Z/diagnostics/conditional-off-clean/32k/telemetry/pcie-dmon.log:9: trailing whitespace.
+ 20261006    03:27:30       0      0      0 
campaigns/q4-conditional-admission-20261006T010859Z/diagnostics/conditional-off-clean/32k/telemetry/pcie-dmon.log:10: trailing whitespace.
+ 20261006    03:27:30       1      0      0 
campaigns/q4-conditional-admission-20261006T010859Z/diagnostics/conditional-off-clean/32k/telemetry/pcie-dmon.log:11: trailing whitespace.
+ 20261006    03:27:31       0      0      0 
campaigns/q4-conditional-admission-20261006T010859Z/diagnostics/conditional-off-clean/32k/telemetry/pcie-dmon.log:12: trailing whitespace.
+ 20261006    03:27:31       1      0      0 
campaigns/q4-conditional-admission-20261006T010859Z/diagnostics/conditional-off-clean/32k/telemetry/pcie-dmon.log:13: trailing whitespace.
+ 20261006    03:27:32       0      0      0 
campaigns/q4-conditional-admission-20261006T010859Z/diagnostics/conditional-off-clean/32k/telemetry/pcie-dmon.log:14: trailing whitespace.
+ 20261006    03:27:32       1      0      0 
campaigns/q4-conditional-admission-20261006T010859Z/diagnostics/conditional-off-clean/32k/telemetry/pcie-dmon.log:15: trailing whitespace.
+ 20261006    03:27:33       0   2589    291 
campaigns/q4-conditional-admission-20261006T010859Z/diagnostics/conditional-off-clean/32k/telemetry/pcie-dmon.log:16: trailing whitespace.
+ 20261006    03:27:33       1      0      0 
campaigns/q4-conditional-admission-20261006T010859Z/diagnostics/conditional-off-clean/32k/telemetry/pcie-dmon.log:17: trailing whitespace.
+ 20261006    03:27:34       0   2382    283 
campaigns/q4-conditional-admission-20261006T010859Z/diagnostics/conditional-off-clean/32k/telemetry/pcie-dmon.log:18: trailing whitespace.
+ 20261006    03:27:34       1      0      0 
campaigns/q4-conditional-admission-20261006T010859Z/diagnostics/conditional-off-clean/32k/telemetry/pcie-dmon.log:19: trailing whitespace.
+ 20261006    03:27:35       0      0      0 
campaigns/q4-conditional-admission-20261006T010859Z/diagnostics/conditional-off-clean/32k/telemetry/pcie-dmon.log:20: trailing whitespace.
+ 20261006    03:27:35       1   2620    291 
campaigns/q4-conditional-admission-20261006T010859Z/diagnostics/conditional-off-clean/32k/telemetry/pcie-dmon.log:21: trailing whitespace.
+ 20261006    03:27:36       0      0      0 
campaigns/q4-conditional-admission-20261006T010859Z/diagnostics/conditional-off-clean/32k/telemetry/pcie-dmon.log:22: trailing whitespace.
+ 20261006    03:27:36       1   3088    237 
campaigns/q4-conditional-admission-20261006T010859Z/diagnostics/conditional-off-clean/32k/telemetry/pcie-dmon.log:23: trailing whitespace.
+ 20261006    03:27:38       0      0      0 
campaigns/q4-conditional-admission-20261006T010859Z/diagnostics/conditional-off-clean/32k/telemetry/pcie-dmon.log:24: trailing whitespace.
+ 20261006    03:27:38       1      0      0 
campaigns/q4-conditional-admission-20261006T010859Z/diagnostics/conditional-off-clean/32k/telemetry/pcie-dmon.log:25: trailing whitespace.
+ 20261006    03:27:39       0     12      0 
campaigns/q4-conditional-admission-20261006T010859Z/diagnostics/conditional-off-clean/32k/telemetry/pcie-dmon.log:26: trailing whitespace.
+ 20261006    03:27:39       1   3322      4 
campaigns/q4-conditional-admission-20261006T010859Z/diagnostics/conditional-off-clean/32k/telemetry/pcie-dmon.log:27: trailing whitespace.
+ 20261006    03:27:40       0      0      0 
campaigns/q4-conditional-admission-20261006T010859Z/diagnostics/conditional-off-clean/32k/telemetry/pcie-dmon.log:28: trailing whitespace.
+ 20261006    03:27:40       1      0      0 
campaigns/q4-conditional-admission-20261006T010859Z/diagnostics/conditional-off-clean/32k/telemetry/pcie-dmon.log:29: trailing whitespace.
+ 20261006    03:27:41       0      0      0 
campaigns/q4-conditional-admission-20261006T010859Z/diagnostics/conditional-off-clean/32k/telemetry/pcie-dmon.log:30: trailing whitespace.
+ 20261006    03:27:41       1      0      0 
campaigns/q4-conditional-admission-20261006T010859Z/diagnostics/conditional-off-clean/32k/telemetry/pcie-dmon.log:31: trailing whitespace.
+ 20261006    03:27:42       0      0      0 
campaigns/q4-conditional-admission-20261006T010859Z/diagnostics/conditional-off-clean/32k/telemetry/pcie-dmon.log:32: trailing whitespace.
+ 20261006    03:27:42       1      0      0 
campaigns/q4-conditional-admission-20261006T010859Z/diagnostics/conditional-off-clean/32k/telemetry/pcie-dmon.log:33: trailing whitespace.
+ 20261006    03:27:43       0      1     58 
campaigns/q4-conditional-admission-20261006T010859Z/diagnostics/conditional-off-clean/32k/telemetry/pcie-dmon.log:34: trailing whitespace.
+ 20261006    03:27:43       1      2      0 
campaigns/q4-conditional-admission-20261006T010859Z/diagnostics/conditional-off-clean/32k/telemetry/pcie-dmon.log:35: trailing whitespace.
+ 20261006    03:27:44       0      1      0 
campaigns/q4-conditional-admission-20261006T010859Z/diagnostics/conditional-off-clean/32k/telemetry/pcie-dmon.log:36: trailing whitespace.
+ 20261006    03:27:44       1   1035    125 
campaigns/q4-conditional-admission-20261006T010859Z/diagnostics/conditional-off-clean/32k/telemetry/pcie-dmon.log:37: trailing whitespace.
+ 20261006    03:27:46       0      0      0 
campaigns/q4-conditional-admission-20261006T010859Z/diagnostics/conditional-off-clean/32k/telemetry/pcie-dmon.log:38: trailing whitespace.
+ 20261006    03:27:46       1      0      0 
campaigns/q4-conditional-admission-20261006T010859Z/diagnostics/conditional-off-clean/32k/telemetry/pcie-dmon.log:39: trailing whitespace.
+ 20261006    03:27:47       0      0      0 
campaigns/q4-conditional-admission-20261006T010859Z/diagnostics/conditional-off-clean/32k/telemetry/pcie-dmon.log:40: trailing whitespace.
+ 20261006    03:27:47       1     11      3 
campaigns/q4-conditional-admission-20261006T010859Z/diagnostics/conditional-off-clean/32k/telemetry/pcie-dmon.log:41: trailing whitespace.
+ 20261006    03:27:48       0      0      0 
campaigns/q4-conditional-admission-20261006T010859Z/diagnostics/conditional-off-clean/32k/telemetry/pcie-dmon.log:42: trailing whitespace.
+ 20261006    03:27:48       1      0      0 
campaigns/q4-conditional-admission-20261006T010859Z/diagnostics/conditional-off-clean/32k/telemetry/pcie-dmon.log:43: trailing whitespace.
+ 20261006    03:27:49       0      0      0 
campaigns/q4-conditional-admission-20261006T010859Z/diagnostics/conditional-off-clean/32k/telemetry/pcie-dmon.log:44: trailing whitespace.
+ 20261006    03:27:49       1      0      0 
campaigns/q4-conditional-admission-20261006T010859Z/diagnostics/conditional-off-clean/32k/telemetry/pcie-dmon.log:45: trailing whitespace.
+ 20261006    03:27:50       0      0      0 
campaigns/q4-conditional-admission-20261006T010859Z/diagnostics/conditional-off-clean/32k/telemetry/pcie-dmon.log:46: trailing whitespace.
+ 20261006    03:27:50       1      0      0 
campaigns/q4-conditional-admission-20261006T010859Z/diagnostics/conditional-off-clean/32k/telemetry/pcie-dmon.log:47: trailing whitespace.
+#Date        Time         gpu  rxpci  txpci 
campaigns/q4-conditional-admission-20261006T010859Z/diagnostics/conditional-off-clean/32k/telemetry/pcie-dmon.log:48: trailing whitespace.
+#YYYYMMDD    HH:MM:SS     Idx   MB/s   MB/s 
campaigns/q4-conditional-admission-20261006T010859Z/diagnostics/conditional-off-clean/32k/telemetry/pcie-dmon.log:49: trailing whitespace.
+ 20261006    03:27:51       0      0      0 
campaigns/q4-conditional-admission-20261006T010859Z/diagnostics/conditional-off-clean/32k/telemetry/pcie-dmon.log:50: trailing whitespace.
+ 20261006    03:27:51       1      0      0 
campaigns/q4-conditional-admission-20261006T010859Z/diagnostics/conditional-off-clean/32k/telemetry/pcie-dmon.log:51: trailing whitespace.
+ 20261006    03:27:52       0      0      0 
campaigns/q4-conditional-admission-20261006T010859Z/diagnostics/conditional-off-clean/32k/telemetry/pcie-dmon.log:52: trailing whitespace.
+ 20261006    03:27:52       1      0      0 
campaigns/q4-conditional-admission-20261006T010859Z/diagnostics/conditional-off-clean/32k/telemetry/pcie-dmon.log:53: trailing whitespace.
+ 20261006    03:27:53       0      0      0 
campaigns/q4-conditional-admission-20261006T010859Z/diagnostics/conditional-off-clean/32k/telemetry/pcie-dmon.log:54: trailing whitespace.
+ 20261006    03:27:53       1      0      0 
campaigns/q4-conditional-admission-20261006T010859Z/diagnostics/conditional-off-clean/32k/telemetry/pcie-dmon.log:55: trailing whitespace.
+ 20261006    03:27:54       0      0      0 
campaigns/q4-conditional-admission-20261006T010859Z/diagnostics/conditional-off-clean/32k/telemetry/pcie-dmon.log:56: trailing whitespace.
+ 20261006    03:27:54       1      0      0 
campaigns/q4-conditional-admission-20261006T010859Z/diagnostics/conditional-off-clean/32k/telemetry/pcie-dmon.log:57: trailing whitespace.
+ 20261006    03:27:55       0      0      0 
campaigns/q4-conditional-admission-20261006T010859Z/diagnostics/conditional-off-clean/32k/telemetry/pcie-dmon.log:58: trailing whitespace.
+ 20261006    03:27:55       1      0      0 
campaigns/q4-conditional-admission-20261006T010859Z/diagnostics/conditional-off-clean/32k/telemetry/pcie-dmon.log:59: trailing whitespace.
+ 20261006    03:27:56       0      0      0 
campaigns/q4-conditional-admission-20261006T010859Z/diagnostics/conditional-off-clean/32k/telemetry/pcie-dmon.log:60: trailing whitespace.
+ 20261006    03:27:56       1      0      0 
campaigns/q4-conditional-admission-20261006T010859Z/diagnostics/conditional-off-clean/32k/telemetry/pcie-dmon.log:61: trailing whitespace.
+ 20261006    03:27:58       0      0      0 
campaigns/q4-conditional-admission-20261006T010859Z/diagnostics/conditional-off-clean/32k/telemetry/pcie-dmon.log:62: trailing whitespace.
+ 20261006    03:27:58       1      0      0 
campaigns/q4-conditional-admission-20261006T010859Z/diagnostics/conditional-off-clean/32k/telemetry/pcie-dmon.log:63: trailing whitespace.
+ 20261006    03:27:59       0      0      0 
campaigns/q4-conditional-admission-20261006T010859Z/diagnostics/conditional-off-clean/32k/telemetry/pcie-dmon.log:64: trailing whitespace.
+ 20261006    03:27:59       1      0     12 
campaigns/q4-conditional-admission-20261006T010859Z/diagnostics/conditional-off-clean/32k/telemetry/pcie-dmon.log:65: trailing whitespace.
+ 20261006    03:28:00       0      0      0 
campaigns/q4-conditional-admission-20261006T010859Z/diagnostics/conditional-off-clean/32k/telemetry/pcie-dmon.log:66: trailing whitespace.
+ 20261006    03:28:00       1      0      0 
campaigns/q4-conditional-admission-20261006T010859Z/diagnostics/conditional-off-clean/32k/telemetry/pcie-dmon.log:67: trailing whitespace.
+ 20261006    03:28:01       0      0      0 
campaigns/q4-conditional-admission-20261006T010859Z/diagnostics/conditional-off-clean/32k/telemetry/pcie-dmon.log:68: trailing whitespace.
+ 20261006    03:28:01       1      0      0 
campaigns/q4-conditional-admission-20261006T010859Z/diagnostics/conditional-off-clean/32k/telemetry/pcie-dmon.log:69: trailing whitespace.
+ 20261006    03:28:02       0      0      0 
campaigns/q4-conditional-admission-20261006T010859Z/diagnostics/conditional-off-clean/32k/telemetry/pcie-dmon.log:70: trailing whitespace.
+ 20261006    03:28:02       1      0      0 
campaigns/q4-conditional-admission-20261006T010859Z/diagnostics/conditional-off-clean/32k/telemetry/pcie-dmon.log:71: trailing whitespace.
+ 20261006    03:28:03       0      0      0 
campaigns/q4-conditional-admission-20261006T010859Z/diagnostics/conditional-off-clean/32k/telemetry/pcie-dmon.log:72: trailing whitespace.
+ 20261006    03:28:03       1      0      0 
campaigns/q4-conditional-admission-20261006T010859Z/diagnostics/conditional-off-clean/32k/telemetry/pcie-dmon.log:73: trailing whitespace.
+ 20261006    03:28:04       0      0      0 
campaigns/q4-conditional-admission-20261006T010859Z/diagnostics/conditional-off-clean/32k/telemetry/pcie-dmon.log:74: trailing whitespace.
+ 20261006    03:28:04       1      0      0 
campaigns/q4-conditional-admission-20261006T010859Z/diagnostics/conditional-off-clean/32k/telemetry/pcie-dmon.log:75: trailing whitespace.
+ 20261006    03:28:05       0      0      0 
campaigns/q4-conditional-admission-20261006T010859Z/diagnostics/conditional-off-clean/32k/telemetry/pcie-dmon.log:76: trailing whitespace.
+ 20261006    03:28:05       1      0      0 
campaigns/q4-conditional-admission-20261006T010859Z/diagnostics/conditional-off-clean/32k/telemetry/pcie-dmon.log:77: trailing whitespace.
+ 20261006    03:28:06       0      0      0 
campaigns/q4-conditional-admission-20261006T010859Z/diagnostics/conditional-off-clean/32k/telemetry/pcie-dmon.log:78: trailing whitespace.
+ 20261006    03:28:06       1      0      0 
campaigns/q4-conditional-admission-20261006T010859Z/diagnostics/conditional-off-clean/32k/telemetry/pcie-dmon.log:79: trailing whitespace.
+ 20261006    03:28:07       0      0      0 
campaigns/q4-conditional-admission-20261006T010859Z/diagnostics/conditional-off-clean/32k/telemetry/pcie-dmon.log:80: trailing whitespace.
+ 20261006    03:28:07       1      0      0 
campaigns/q4-conditional-admission-20261006T010859Z/diagnostics/conditional-off-clean/32k/telemetry/pcie-dmon.log:81: trailing whitespace.
+ 20261006    03:28:08       0      0      0 
campaigns/q4-conditional-admission-20261006T010859Z/diagnostics/conditional-off-clean/32k/telemetry/pcie-dmon.log:82: trailing whitespace.
+ 20261006    03:28:08       1      0      0 
campaigns/q4-conditional-admission-20261006T010859Z/diagnostics/conditional-off-clean/32k/telemetry/pcie-dmon.log:83: trailing whitespace.
+ 20261006    03:28:13       0      0      0 
campaigns/q4-conditional-admission-20261006T010859Z/diagnostics/conditional-off-clean/32k/telemetry/pcie-dmon.log:84: trailing whitespace.
+ 20261006    03:28:13       1      0      0 
campaigns/q4-conditional-admission-20261006T010859Z/diagnostics/conditional-off-clean/32k/telemetry/pcie-dmon.log:85: trailing whitespace.
+ 20261006    03:28:17       0      0      0 
campaigns/q4-conditional-admission-20261006T010859Z/diagnostics/conditional-off-clean/32k/telemetry/pcie-dmon.log:86: trailing whitespace.
+ 20261006    03:28:17       1      0      0 
campaigns/q4-conditional-admission-20261006T010859Z/diagnostics/conditional-off-clean/32k/telemetry/pcie-dmon.log:87: trailing whitespace.
+ 20261006    03:28:18       0      0      0 
campaigns/q4-conditional-admission-20261006T010859Z/diagnostics/conditional-off-clean/32k/telemetry/pcie-dmon.log:88: trailing whitespace.
+ 20261006    03:28:18       1      0      0 
campaigns/q4-conditional-admission-20261006T010859Z/diagnostics/conditional-off-clean/32k/telemetry/pcie-dmon.log:89: trailing whitespace.
+ 20261006    03:28:20       0      0      0 
campaigns/q4-conditional-admission-20261006T010859Z/diagnostics/conditional-off-clean/32k/telemetry/pcie-dmon.log:90: trailing whitespace.
+ 20261006    03:28:20       1      0     12 
campaigns/q4-conditional-admission-20261006T010859Z/diagnostics/conditional-off-clean/32k/telemetry/pcie-dmon.log:91: trailing whitespace.
+ 20261006    03:28:22       0      0      0 
campaigns/q4-conditional-admission-20261006T010859Z/diagnostics/conditional-off-clean/32k/telemetry/pcie-dmon.log:92: trailing whitespace.
+ 20261006    03:28:22       1      3     10 
campaigns/q4-conditional-admission-20261006T010859Z/diagnostics/conditional-off-clean/32k/telemetry/pcie-dmon.log:93: trailing whitespace.
+#Date        Time         gpu  rxpci  txpci 
campaigns/q4-conditional-admission-20261006T010859Z/diagnostics/conditional-off-clean/32k/telemetry/pcie-dmon.log:94: trailing whitespace.
+#YYYYMMDD    HH:MM:SS     Idx   MB/s   MB/s 
campaigns/q4-conditional-admission-20261006T010859Z/diagnostics/conditional-off-clean/32k/telemetry/pcie-dmon.log:95: trailing whitespace.
+ 20261006    03:28:23       0      0      0 
campaigns/q4-conditional-admission-20261006T010859Z/diagnostics/conditional-off-clean/32k/telemetry/pcie-dmon.log:96: trailing whitespace.
+ 20261006    03:28:23       1      0      0 
campaigns/q4-conditional-admission-20261006T010859Z/diagnostics/conditional-off-clean/32k/telemetry/pcie-dmon.log:97: trailing whitespace.
+ 20261006    03:28:26       0      0      0 
campaigns/q4-conditional-admission-20261006T010859Z/diagnostics/conditional-off-clean/32k/telemetry/pcie-dmon.log:98: trailing whitespace.
+ 20261006    03:28:26       1      0      0 
campaigns/q4-conditional-admission-20261006T010859Z/diagnostics/conditional-off-clean/32k/telemetry/pcie-dmon.log:99: trailing whitespace.
+ 20261006    03:28:28       0      0      0 
campaigns/q4-conditional-admission-20261006T010859Z/diagnostics/conditional-off-clean/32k/telemetry/pcie-dmon.log:100: trailing whitespace.
+ 20261006    03:28:28       1      0      0 
campaigns/q4-conditional-admission-20261006T010859Z/diagnostics/conditional-off-clean/32k/telemetry/pcie-dmon.log:101: trailing whitespace.
+ 20261006    03:28:29       0      0      0 
campaigns/q4-conditional-admission-20261006T010859Z/diagnostics/conditional-off-clean/32k/telemetry/pcie-dmon.log:102: trailing whitespace.
+ 20261006    03:28:29       1      0      0 
campaigns/q4-conditional-admission-20261006T010859Z/diagnostics/conditional-off-clean/32k/telemetry/pcie-dmon.log:103: trailing whitespace.
+ 20261006    03:28:31       0      0      0 
campaigns/q4-conditional-admission-20261006T010859Z/diagnostics/conditional-off-clean/32k/telemetry/pcie-dmon.log:104: trailing whitespace.
+ 20261006    03:28:31       1      0      0 
campaigns/q4-conditional-admission-20261006T010859Z/diagnostics/conditional-off-clean/32k/telemetry/pcie-dmon.log:105: trailing whitespace.
+ 20261006    03:28:32       0      0      0 
campaigns/q4-conditional-admission-20261006T010859Z/diagnostics/conditional-off-clean/32k/telemetry/pcie-dmon.log:106: trailing whitespace.
+ 20261006    03:28:32       1      0      0 
campaigns/q4-conditional-admission-20261006T010859Z/diagnostics/conditional-off-clean/32k/telemetry/pcie-dmon.log:107: trailing whitespace.
+ 20261006    03:28:34       0      0      0 
campaigns/q4-conditional-admission-20261006T010859Z/diagnostics/conditional-off-clean/32k/telemetry/pcie-dmon.log:108: trailing whitespace.
+ 20261006    03:28:34       1      0      0 
campaigns/q4-conditional-admission-20261006T010859Z/diagnostics/conditional-off-clean/32k/telemetry/pcie-dmon.log:109: trailing whitespace.
+ 20261006    03:28:36       0      0      0 
campaigns/q4-conditional-admission-20261006T010859Z/diagnostics/conditional-off-clean/32k/telemetry/pcie-dmon.log:110: trailing whitespace.
+ 20261006    03:28:36       1      0      0 
campaigns/q4-conditional-admission-20261006T010859Z/diagnostics/conditional-off-clean/32k/telemetry/pcie-dmon.log:111: trailing whitespace.
+ 20261006    03:28:37       0      0      0 
campaigns/q4-conditional-admission-20261006T010859Z/diagnostics/conditional-off-clean/32k/telemetry/pcie-dmon.log:112: trailing whitespace.
+ 20261006    03:28:37       1      0      0 
campaigns/q4-conditional-admission-20261006T010859Z/diagnostics/conditional-off-clean/32k/telemetry/pcie-dmon.log:113: trailing whitespace.
+ 20261006    03:28:39       0      0      0 
campaigns/q4-conditional-admission-20261006T010859Z/diagnostics/conditional-off-clean/32k/telemetry/pcie-dmon.log:114: trailing whitespace.
+ 20261006    03:28:39       1      0      0 
campaigns/q4-conditional-admission-20261006T010859Z/diagnostics/conditional-off-clean/32k/telemetry/pcie-dmon.log:115: trailing whitespace.
+ 20261006    03:28:40       0      0      0 
campaigns/q4-conditional-admission-20261006T010859Z/diagnostics/conditional-off-clean/32k/telemetry/pcie-dmon.log:116: trailing whitespace.
+ 20261006    03:28:40       1      0      1 
campaigns/q4-conditional-admission-20261006T010859Z/diagnostics/conditional-off-clean/32k/telemetry/pcie-dmon.log:117: trailing whitespace.
+ 20261006    03:28:42       0      0      0 
campaigns/q4-conditional-admission-20261006T010859Z/diagnostics/conditional-off-clean/32k/telemetry/pcie-dmon.log:118: trailing whitespace.
+ 20261006    03:28:42       1      1     13 
campaigns/q4-conditional-admission-20261006T010859Z/diagnostics/conditional-off-clean/32k/telemetry/pcie-dmon.log:119: trailing whitespace.
+ 20261006    03:28:43       0      1     14 
campaigns/q4-conditional-admission-20261006T010859Z/diagnostics/conditional-off-clean/32k/telemetry/pcie-dmon.log:120: trailing whitespace.
+ 20261006    03:28:43       1      0      0 
campaigns/q4-conditional-admission-20261006T010859Z/diagnostics/conditional-off-clean/32k/telemetry/pcie-dmon.log:121: trailing whitespace.
+ 20261006    03:28:44       0      0      0 
campaigns/q4-conditional-admission-20261006T010859Z/diagnostics/conditional-off-clean/32k/telemetry/pcie-dmon.log:122: trailing whitespace.
+ 20261006    03:28:44       1      0      0 
campaigns/q4-conditional-admission-20261006T010859Z/diagnostics/conditional-off-clean/32k/telemetry/pcie-dmon.log:123: trailing whitespace.
+ 20261006    03:28:46       0      0      0 
campaigns/q4-conditional-admission-20261006T010859Z/diagnostics/conditional-off-clean/32k/telemetry/pcie-dmon.log:124: trailing whitespace.
+ 20261006    03:28:46       1      0      0 
campaigns/q4-conditional-admission-20261006T010859Z/diagnostics/conditional-off-clean/32k/telemetry/pcie-dmon.log:125: trailing whitespace.
+ 20261006    03:28:47       0      0      0 
campaigns/q4-conditional-admission-20261006T010859Z/diagnostics/conditional-off-clean/32k/telemetry/pcie-dmon.log:126: trailing whitespace.
+ 20261006    03:28:47       1      0      0 
campaigns/q4-conditional-admission-20261006T010859Z/diagnostics/conditional-off-clean/32k/telemetry/pcie-dmon.log:127: trailing whitespace.
+ 20261006    03:28:48       0      0      0 
campaigns/q4-conditional-admission-20261006T010859Z/diagnostics/conditional-off-clean/32k/telemetry/pcie-dmon.log:128: trailing whitespace.
+ 20261006    03:28:48       1      0      0 
campaigns/q4-conditional-admission-20261006T010859Z/diagnostics/conditional-off-clean/32k/telemetry/pcie-dmon.log:129: trailing whitespace.
+ 20261006    03:28:49       0      0      0 
campaigns/q4-conditional-admission-20261006T010859Z/diagnostics/conditional-off-clean/32k/telemetry/pcie-dmon.log:130: trailing whitespace.
+ 20261006    03:28:49       1      0      0 
campaigns/q4-conditional-admission-20261006T010859Z/diagnostics/conditional-off-clean/32k/telemetry/pcie-dmon.log:131: trailing whitespace.
+ 20261006    03:28:50       0      0      0 
campaigns/q4-conditional-admission-20261006T010859Z/diagnostics/conditional-off-clean/32k/telemetry/pcie-dmon.log:132: trailing whitespace.
+ 20261006    03:28:50       1      0      0 
campaigns/q4-conditional-admission-20261006T010859Z/diagnostics/conditional-off-clean/32k/telemetry/pcie-dmon.log:133: trailing whitespace.
+ 20261006    03:28:51       0      0      0 
campaigns/q4-conditional-admission-20261006T010859Z/diagnostics/conditional-off-clean/32k/telemetry/pcie-dmon.log:134: trailing whitespace.
+ 20261006    03:28:51       1      0      0 
campaigns/q4-conditional-admission-20261006T010859Z/diagnostics/conditional-off-clean/32k/telemetry/pcie-dmon.log:135: trailing whitespace.
+ 20261006    03:28:52       0      0      0 
campaigns/q4-conditional-admission-20261006T010859Z/diagnostics/conditional-off-clean/32k/telemetry/pcie-dmon.log:136: trailing whitespace.
+ 20261006    03:28:52       1      0      0 
campaigns/q4-conditional-admission-20261006T010859Z/diagnostics/conditional-off-clean/32k/telemetry/pcie-dmon.log:137: trailing whitespace.
+ 20261006    03:28:53       0      4     10 
campaigns/q4-conditional-admission-20261006T010859Z/diagnostics/conditional-off-clean/32k/telemetry/pcie-dmon.log:138: trailing whitespace.
+ 20261006    03:28:53       1      0      0 
campaigns/q4-conditional-admission-20261006T010859Z/diagnostics/conditional-off-clean/32k/telemetry/pcie-dmon.log:139: trailing whitespace.
+#Date        Time         gpu  rxpci  txpci 
campaigns/q4-conditional-admission-20261006T010859Z/diagnostics/conditional-off-clean/32k/telemetry/pcie-dmon.log:140: trailing whitespace.
+#YYYYMMDD    HH:MM:SS     Idx   MB/s   MB/s 
campaigns/q4-conditional-admission-20261006T010859Z/diagnostics/conditional-off-clean/32k/telemetry/pcie-dmon.log:141: trailing whitespace.
+ 20261006    03:28:54       0      0      0 
campaigns/q4-conditional-admission-20261006T010859Z/diagnostics/conditional-off-clean/32k/telemetry/pcie-dmon.log:142: trailing whitespace.
+ 20261006    03:28:54       1      0      0 
campaigns/q4-conditional-admission-20261006T010859Z/diagnostics/conditional-off-clean/32k/telemetry/pcie-dmon.log:143: trailing whitespace.
+ 20261006    03:28:55       0      0      0 
campaigns/q4-conditional-admission-20261006T010859Z/diagnostics/conditional-off-clean/32k/telemetry/pcie-dmon.log:144: trailing whitespace.
+ 20261006    03:28:55       1      0      0 
campaigns/q4-conditional-admission-20261006T010859Z/diagnostics/conditional-off-clean/32k/telemetry/pcie-dmon.log:145: trailing whitespace.
+ 20261006    03:28:56       0      0      0 
campaigns/q4-conditional-admission-20261006T010859Z/diagnostics/conditional-off-clean/32k/telemetry/pcie-dmon.log:146: trailing whitespace.
+ 20261006    03:28:56       1      0      0 
campaigns/q4-conditional-admission-20261006T010859Z/diagnostics/conditional-off-clean/32k/telemetry/pcie-dmon.log:147: trailing whitespace.
+ 20261006    03:28:57       0      0      0 
campaigns/q4-conditional-admission-20261006T010859Z/diagnostics/conditional-off-clean/32k/telemetry/pcie-dmon.log:148: trailing whitespace.
+ 20261006    03:28:57       1      0      0 
campaigns/q4-conditional-admission-20261006T010859Z/diagnostics/conditional-off-clean/32k/telemetry/pcie-dmon.log:149: trailing whitespace.
+ 20261006    03:28:58       0      0      0 
campaigns/q4-conditional-admission-20261006T010859Z/diagnostics/conditional-off-clean/32k/telemetry/pcie-dmon.log:150: trailing whitespace.
+ 20261006    03:28:58       1      0      0 
campaigns/q4-conditional-admission-20261006T010859Z/diagnostics/conditional-off-clean/32k/telemetry/pcie-dmon.log:151: trailing whitespace.
+ 20261006    03:28:59       0      0      0 
campaigns/q4-conditional-admission-20261006T010859Z/diagnostics/conditional-off-clean/32k/telemetry/pcie-dmon.log:152: trailing whitespace.
+ 20261006    03:28:59       1      0      0 
campaigns/q4-conditional-admission-20261006T010859Z/diagnostics/conditional-off-clean/32k/telemetry/pcie-dmon.log:153: trailing whitespace.
+ 20261006    03:29:00       0      0      0 
campaigns/q4-conditional-admission-20261006T010859Z/diagnostics/conditional-off-clean/32k/telemetry/pcie-dmon.log:154: trailing whitespace.
+ 20261006    03:29:00       1      0      0 
campaigns/q4-conditional-admission-20261006T010859Z/diagnostics/conditional-off-clean/32k/telemetry/pcie-dmon.log:155: trailing whitespace.
+ 20261006    03:29:01       0      0      0 
campaigns/q4-conditional-admission-20261006T010859Z/diagnostics/conditional-off-clean/32k/telemetry/pcie-dmon.log:156: trailing whitespace.
+ 20261006    03:29:01       1      0      0 
campaigns/q4-conditional-admission-20261006T010859Z/diagnostics/conditional-off-clean/32k/telemetry/pcie-dmon.log:157: trailing whitespace.
+ 20261006    03:29:02       0      0      0 
campaigns/q4-conditional-admission-20261006T010859Z/diagnostics/conditional-off-clean/32k/telemetry/pcie-dmon.log:158: trailing whitespace.
+ 20261006    03:29:02       1      0      0 
campaigns/q4-conditional-admission-20261006T010859Z/diagnostics/conditional-off-clean/32k/telemetry/pcie-dmon.log:159: trailing whitespace.
+ 20261006    03:29:03       0      0      0 
campaigns/q4-conditional-admission-20261006T010859Z/diagnostics/conditional-off-clean/32k/telemetry/pcie-dmon.log:160: trailing whitespace.
+ 20261006    03:29:03       1      0     11 
campaigns/q4-conditional-admission-20261006T010859Z/diagnostics/conditional-off-clean/32k/telemetry/pcie-dmon.log:161: trailing whitespace.
+ 20261006    03:29:04       0  13437   1537 
campaigns/q4-conditional-admission-20261006T010859Z/diagnostics/conditional-off-clean/32k/telemetry/pcie-dmon.log:162: trailing whitespace.
+ 20261006    03:29:04       1      0      0 
campaigns/q4-conditional-admission-20261006T010859Z/diagnostics/conditional-off-clean/32k/telemetry/pcie-dmon.log:163: trailing whitespace.
+ 20261006    03:29:05       0  13494   1499 
campaigns/q4-conditional-admission-20261006T010859Z/diagnostics/conditional-off-clean/32k/telemetry/pcie-dmon.log:164: trailing whitespace.
+ 20261006    03:29:05       1     43    244 
campaigns/q4-conditional-admission-20261006T010859Z/diagnostics/conditional-off-clean/32k/telemetry/pcie-dmon.log:165: trailing whitespace.
+ 20261006    03:29:06       0      0      0 
campaigns/q4-conditional-admission-20261006T010859Z/diagnostics/conditional-off-clean/32k/telemetry/pcie-dmon.log:166: trailing whitespace.
+ 20261006    03:29:06       1  13460   1543 
campaigns/q4-conditional-admission-20261006T010859Z/diagnostics/conditional-off-clean/32k/telemetry/pcie-dmon.log:167: trailing whitespace.
+ 20261006    03:29:07       0    189      2 
campaigns/q4-conditional-admission-20261006T010859Z/diagnostics/conditional-off-clean/32k/telemetry/pcie-dmon.log:168: trailing whitespace.
+ 20261006    03:29:07       1    105      7 
campaigns/q4-conditional-admission-20261006T010859Z/diagnostics/conditional-off-clean/32k/telemetry/pcie-dmon.log:169: trailing whitespace.
+ 20261006    03:29:08       0     93     15 
campaigns/q4-conditional-admission-20261006T010859Z/diagnostics/conditional-off-clean/32k/telemetry/pcie-dmon.log:170: trailing whitespace.
+ 20261006    03:29:08       1    134     10 
campaigns/q4-conditional-admission-20261006T010859Z/diagnostics/conditional-off-clean/32k/telemetry/pcie-dmon.log:171: trailing whitespace.
+ 20261006    03:29:09       0      0      0 
campaigns/q4-conditional-admission-20261006T010859Z/diagnostics/conditional-off-clean/32k/telemetry/pcie-dmon.log:172: trailing whitespace.
+ 20261006    03:29:09       1      0      0 
campaigns/q4-conditional-admission-20261006T010859Z/diagnostics/conditional-off-clean/32k/telemetry/pcie-dmon.log:173: trailing whitespace.
+ 20261006    03:29:10       0      0      0 
campaigns/q4-conditional-admission-20261006T010859Z/diagnostics/conditional-off-clean/32k/telemetry/pcie-dmon.log:174: trailing whitespace.
+ 20261006    03:29:10       1      0      0 
campaigns/q4-conditional-admission-20261006T010859Z/diagnostics/conditional-off-clean/32k/telemetry/pcie-dmon.log:175: trailing whitespace.
+ 20261006    03:29:11       0      1     13 
campaigns/q4-conditional-admission-20261006T010859Z/diagnostics/conditional-off-clean/32k/telemetry/pcie-dmon.log:176: trailing whitespace.
+ 20261006    03:29:11       1      0      0 
campaigns/q4-conditional-admission-20261006T010859Z/diagnostics/conditional-off-clean/32k/telemetry/pcie-dmon.log:177: trailing whitespace.
+ 20261006    03:29:12       0      0      0 
campaigns/q4-conditional-admission-20261006T010859Z/diagnostics/conditional-off-clean/32k/telemetry/pcie-dmon.log:178: trailing whitespace.
+ 20261006    03:29:12       1      0      0 
campaigns/q4-conditional-admission-20261006T010859Z/diagnostics/conditional-off-clean/32k/telemetry/pcie-dmon.log:179: trailing whitespace.
+ 20261006    03:29:13       0  14119   1614 
campaigns/q4-conditional-admission-20261006T010859Z/diagnostics/conditional-off-clean/32k/telemetry/pcie-dmon.log:180: trailing whitespace.
+ 20261006    03:29:13       1      0      0 
campaigns/q4-conditional-admission-20261006T010859Z/diagnostics/conditional-off-clean/32k/telemetry/pcie-dmon.log:181: trailing whitespace.
+ 20261006    03:29:14       0  14091   1615 
campaigns/q4-conditional-admission-20261006T010859Z/diagnostics/conditional-off-clean/32k/telemetry/pcie-dmon.log:182: trailing whitespace.
+ 20261006    03:29:14       1      0      0 
campaigns/q4-conditional-admission-20261006T010859Z/diagnostics/conditional-off-clean/32k/telemetry/pcie-dmon.log:183: trailing whitespace.
+ 20261006    03:29:15       0      0      0 
campaigns/q4-conditional-admission-20261006T010859Z/diagnostics/conditional-off-clean/32k/telemetry/pcie-dmon.log:184: trailing whitespace.
+ 20261006    03:29:15       1  14107   1618 
campaigns/q4-conditional-admission-20261006T010859Z/diagnostics/conditional-off-clean/32k/telemetry/pcie-dmon.log:185: trailing whitespace.
+#Date        Time         gpu  rxpci  txpci 
campaigns/q4-conditional-admission-20261006T010859Z/diagnostics/conditional-off-clean/32k/telemetry/pcie-dmon.log:186: trailing whitespace.
+#YYYYMMDD    HH:MM:SS     Idx   MB/s   MB/s 
campaigns/q4-conditional-admission-20261006T010859Z/diagnostics/conditional-off-clean/32k/telemetry/pcie-dmon.log:187: trailing whitespace.
+ 20261006    03:29:16       0      0      0 
campaigns/q4-conditional-admission-20261006T010859Z/diagnostics/conditional-off-clean/32k/telemetry/pcie-dmon.log:188: trailing whitespace.
+ 20261006    03:29:16       1    200     33 
campaigns/q4-conditional-admission-20261006T010859Z/diagnostics/conditional-off-clean/32k/telemetry/pcie-dmon.log:189: trailing whitespace.
+ 20261006    03:29:17       0      2      0 
campaigns/q4-conditional-admission-20261006T010859Z/diagnostics/conditional-off-clean/32k/telemetry/pcie-dmon.log:190: trailing whitespace.
+ 20261006    03:29:17       1      0      0 
campaigns/q4-conditional-admission-20261006T010859Z/diagnostics/conditional-off-clean/32k/telemetry/pcie-dmon.log:191: trailing whitespace.
+ 20261006    03:29:18       0      0      0 
campaigns/q4-conditional-admission-20261006T010859Z/diagnostics/conditional-off-clean/32k/telemetry/pcie-dmon.log:192: trailing whitespace.
+ 20261006    03:29:18       1      0     15 
campaigns/q4-conditional-admission-20261006T010859Z/diagnostics/conditional-off-clean/32k/telemetry/pcie-dmon.log:193: trailing whitespace.
+ 20261006    03:29:19       0  14109   1632 
campaigns/q4-conditional-admission-20261006T010859Z/diagnostics/conditional-off-clean/32k/telemetry/pcie-dmon.log:194: trailing whitespace.
+ 20261006    03:29:19       1      0      0 
campaigns/q4-conditional-admission-20261006T010859Z/diagnostics/conditional-off-clean/32k/telemetry/pcie-dmon.log:195: trailing whitespace.
+ 20261006    03:29:20       0  14091   1634 
campaigns/q4-conditional-admission-20261006T010859Z/diagnostics/conditional-off-clean/32k/telemetry/pcie-dmon.log:196: trailing whitespace.
+ 20261006    03:29:20       1      0      0 
campaigns/q4-conditional-admission-20261006T010859Z/diagnostics/conditional-off-clean/32k/telemetry/pcie-dmon.log:197: trailing whitespace.
+ 20261006    03:29:21       0      0      0 
campaigns/q4-conditional-admission-20261006T010859Z/diagnostics/conditional-off-clean/32k/telemetry/pcie-dmon.log:198: trailing whitespace.
+ 20261006    03:29:21       1  14133   1635 
campaigns/q4-conditional-admission-20261006T010859Z/diagnostics/conditional-off-clean/32k/telemetry/pcie-dmon.log:199: trailing whitespace.
+ 20261006    03:29:22       0  14103   1634 
campaigns/q4-conditional-admission-20261006T010859Z/diagnostics/conditional-off-clean/32k/telemetry/pcie-dmon.log:200: trailing whitespace.
+ 20261006    03:29:22       1  14121   1615 
campaigns/q4-conditional-admission-20261006T010859Z/diagnostics/conditional-off-clean/32k/telemetry/pcie-dmon.log:201: trailing whitespace.
+ 20261006    03:29:23       0  14139   1617 
campaigns/q4-conditional-admission-20261006T010859Z/diagnostics/conditional-off-clean/32k/telemetry/pcie-dmon.log:202: trailing whitespace.
+ 20261006    03:29:23       1      0      0 
campaigns/q4-conditional-admission-20261006T010859Z/diagnostics/conditional-off-clean/32k/telemetry/pcie-dmon.log:203: trailing whitespace.
+ 20261006    03:29:24       0      0      0 
campaigns/q4-conditional-admission-20261006T010859Z/diagnostics/conditional-off-clean/32k/telemetry/pcie-dmon.log:204: trailing whitespace.
+ 20261006    03:29:24       1  14238   1637 
campaigns/q4-conditional-admission-20261006T010859Z/diagnostics/conditional-off-clean/32k/telemetry/pcie-dmon.log:205: trailing whitespace.
+ 20261006    03:29:25       0      0      0 
campaigns/q4-conditional-admission-20261006T010859Z/diagnostics/conditional-off-clean/32k/telemetry/pcie-dmon.log:206: trailing whitespace.
+ 20261006    03:29:25       1  14100   1615 
campaigns/q4-conditional-admission-20261006T010859Z/diagnostics/conditional-off-clean/32k/telemetry/pcie-dmon.log:207: trailing whitespace.
+ 20261006    03:29:26       0      0      0 
campaigns/q4-conditional-admission-20261006T010859Z/diagnostics/conditional-off-clean/32k/telemetry/pcie-dmon.log:208: trailing whitespace.
+ 20261006    03:29:26       1      0      0 
campaigns/q4-conditional-admission-20261006T010859Z/diagnostics/conditional-off-clean/32k/telemetry/pcie-dmon.log:209: trailing whitespace.
+ 20261006    03:29:27       0      0      0 
campaigns/q4-conditional-admission-20261006T010859Z/diagnostics/conditional-off-clean/32k/telemetry/pcie-dmon.log:210: trailing whitespace.
+ 20261006    03:29:27       1      0      0 
campaigns/q4-conditional-admission-20261006T010859Z/diagnostics/conditional-off-clean/32k/telemetry/pcie-dmon.log:211: trailing whitespace.
+ 20261006    03:29:28       0  14096   1624 
campaigns/q4-conditional-admission-20261006T010859Z/diagnostics/conditional-off-clean/32k/telemetry/pcie-dmon.log:212: trailing whitespace.
+ 20261006    03:29:28       1      0      0 
campaigns/q4-conditional-admission-20261006T010859Z/diagnostics/conditional-off-clean/32k/telemetry/pcie-dmon.log:213: trailing whitespace.
+ 20261006    03:29:29       0  14125   1612 
campaigns/q4-conditional-admission-20261006T010859Z/diagnostics/conditional-off-clean/32k/telemetry/pcie-dmon.log:214: trailing whitespace.
+ 20261006    03:29:29       1  14111   1614 
campaigns/q4-conditional-admission-20261006T010859Z/diagnostics/conditional-off-clean/32k/telemetry/pcie-dmon.log:215: trailing whitespace.
+ 20261006    03:29:30       0  14097   1618 
campaigns/q4-conditional-admission-20261006T010859Z/diagnostics/conditional-off-clean/32k/telemetry/pcie-dmon.log:216: trailing whitespace.
+ 20261006    03:29:30       1  14115   1616 
campaigns/q4-conditional-admission-20261006T010859Z/diagnostics/conditional-off-clean/32k/telemetry/pcie-dmon.log:217: trailing whitespace.
+ 20261006    03:29:31       0  14103   1617 
campaigns/q4-conditional-admission-20261006T010859Z/diagnostics/conditional-off-clean/32k/telemetry/pcie-dmon.log:218: trailing whitespace.
+ 20261006    03:29:31       1      0      0 
campaigns/q4-conditional-admission-20261006T010859Z/diagnostics/conditional-off-clean/32k/telemetry/pcie-dmon.log:219: trailing whitespace.
+ 20261006    03:29:32       0      0      0 
campaigns/q4-conditional-admission-20261006T010859Z/diagnostics/conditional-off-clean/32k/telemetry/pcie-dmon.log:220: trailing whitespace.
+ 20261006    03:29:32       1  14110   1613 
campaigns/q4-conditional-admission-20261006T010859Z/diagnostics/conditional-off-clean/32k/telemetry/pcie-dmon.log:221: trailing whitespace.
+ 20261006    03:29:33       0      0      0 
campaigns/q4-conditional-admission-20261006T010859Z/diagnostics/conditional-off-clean/32k/telemetry/pcie-dmon.log:222: trailing whitespace.
+ 20261006    03:29:33       1    200     33 
campaigns/q4-conditional-admission-20261006T010859Z/diagnostics/conditional-off-clean/32k/telemetry/pcie-dmon.log:223: trailing whitespace.
+ 20261006    03:29:34       0     17    509 
campaigns/q4-conditional-admission-20261006T010859Z/diagnostics/conditional-off-clean/32k/telemetry/pcie-dmon.log:224: trailing whitespace.
+ 20261006    03:29:34       1   1847     98 
campaigns/q4-conditional-admission-20261006T010859Z/diagnostics/conditional-off-clean/32k/telemetry/pcie-dmon.log:225: trailing whitespace.
+ 20261006    03:29:35       0   3314    755 
campaigns/q4-conditional-admission-20261006T010859Z/diagnostics/conditional-off-clean/32k/telemetry/pcie-dmon.log:226: trailing whitespace.
+ 20261006    03:29:35       1    507     35 
campaigns/q4-conditional-admission-20261006T010859Z/diagnostics/conditional-off-clean/32k/telemetry/pcie-dmon.log:227: trailing whitespace.
+ 20261006    03:29:36       0    542    724 
campaigns/q4-conditional-admission-20261006T010859Z/diagnostics/conditional-off-clean/32k/telemetry/pcie-dmon.log:228: trailing whitespace.
+ 20261006    03:29:36       1   8097    736 
campaigns/q4-conditional-admission-20261006T010859Z/diagnostics/conditional-off-clean/32k/telemetry/pcie-dmon.log:229: trailing whitespace.
+ 20261006    03:29:37       0   2645    452 
campaigns/q4-conditional-admission-20261006T010859Z/diagnostics/conditional-off-clean/32k/telemetry/pcie-dmon.log:230: trailing whitespace.
+ 20261006    03:29:37       1   3388    289 
campaigns/q4-conditional-admission-20261006T010859Z/diagnostics/conditional-off-clean/32k/telemetry/pcie-dmon.log:231: trailing whitespace.
+#Date        Time         gpu  rxpci  txpci 
campaigns/q4-conditional-admission-20261006T010859Z/diagnostics/conditional-off-clean/32k/telemetry/pcie-dmon.log:232: trailing whitespace.
+#YYYYMMDD    HH:MM:SS     Idx   MB/s   MB/s 
campaigns/q4-conditional-admission-20261006T010859Z/diagnostics/conditional-off-clean/32k/telemetry/pcie-dmon.log:233: trailing whitespace.
+ 20261006    03:29:38       0   6667    687 
campaigns/q4-conditional-admission-20261006T010859Z/diagnostics/conditional-off-clean/32k/telemetry/pcie-dmon.log:234: trailing whitespace.
+ 20261006    03:29:38       1   2011    340 
campaigns/q4-conditional-admission-20261006T010859Z/diagnostics/conditional-off-clean/32k/telemetry/pcie-dmon.log:235: trailing whitespace.
+ 20261006    03:29:39       0   1291    205 
campaigns/q4-conditional-admission-20261006T010859Z/diagnostics/conditional-off-clean/32k/telemetry/pcie-dmon.log:236: trailing whitespace.
+ 20261006    03:29:39       1    630    918 
campaigns/q4-conditional-admission-20261006T010859Z/diagnostics/conditional-off-clean/32k/telemetry/pcie-dmon.log:237: trailing whitespace.
+ 20261006    03:29:40       0   1500   1035 
campaigns/q4-conditional-admission-20261006T010859Z/diagnostics/conditional-off-clean/32k/telemetry/pcie-dmon.log:238: trailing whitespace.
+ 20261006    03:29:40       1   2166    305 
campaigns/q4-conditional-admission-20261006T010859Z/diagnostics/conditional-off-clean/32k/telemetry/pcie-dmon.log:239: trailing whitespace.
+ 20261006    03:29:42       0   4631    627 
campaigns/q4-conditional-admission-20261006T010859Z/diagnostics/conditional-off-clean/32k/telemetry/pcie-dmon.log:240: trailing whitespace.
+ 20261006    03:29:42       1    361    124 
campaigns/q4-conditional-admission-20261006T010859Z/diagnostics/conditional-off-clean/32k/telemetry/pcie-dmon.log:241: trailing whitespace.
+ 20261006    03:29:43       0   3411    332 
campaigns/q4-conditional-admission-20261006T010859Z/diagnostics/conditional-off-clean/32k/telemetry/pcie-dmon.log:242: trailing whitespace.
+ 20261006    03:29:43       1    515    725 
campaigns/q4-conditional-admission-20261006T010859Z/diagnostics/conditional-off-clean/32k/telemetry/pcie-dmon.log:243: trailing whitespace.
+ 20261006    03:29:44       0    943   1194 
campaigns/q4-conditional-admission-20261006T010859Z/diagnostics/conditional-off-clean/32k/telemetry/pcie-dmon.log:244: trailing whitespace.
+ 20261006    03:29:44       1    362     10 
campaigns/q4-conditional-admission-20261006T010859Z/diagnostics/conditional-off-clean/32k/telemetry/pcie-dmon.log:245: trailing whitespace.
+ 20261006    03:29:45       0   7664    237 
campaigns/q4-conditional-admission-20261006T010859Z/diagnostics/conditional-off-clean/32k/telemetry/pcie-dmon.log:246: trailing whitespace.
+ 20261006    03:29:45       1    339    146 
campaigns/q4-conditional-admission-20261006T010859Z/diagnostics/conditional-off-clean/32k/telemetry/pcie-dmon.log:247: trailing whitespace.
+ 20261006    03:29:46       0    831    111 
campaigns/q4-conditional-admission-20261006T010859Z/diagnostics/conditional-off-clean/32k/telemetry/pcie-dmon.log:248: trailing whitespace.
+ 20261006    03:29:46       1   1005     72 
campaigns/q4-conditional-admission-20261006T010859Z/diagnostics/conditional-off-clean/32k/telemetry/pcie-dmon.log:249: trailing whitespace.
+ 20261006    03:29:47       0   4896    561 
campaigns/q4-conditional-admission-20261006T010859Z/diagnostics/conditional-off-clean/32k/telemetry/pcie-dmon.log:250: trailing whitespace.
+ 20261006    03:29:47       1     24    131 
campaigns/q4-conditional-admission-20261006T010859Z/diagnostics/conditional-off-clean/32k/telemetry/pcie-dmon.log:251: trailing whitespace.
+ 20261006    03:29:48       0   1076    709 
campaigns/q4-conditional-admission-20261006T010859Z/diagnostics/conditional-off-clean/32k/telemetry/pcie-dmon.log:252: trailing whitespace.
+ 20261006    03:29:48       1    737     43 
campaigns/q4-conditional-admission-20261006T010859Z/diagnostics/conditional-off-clean/32k/telemetry/pcie-dmon.log:253: trailing whitespace.
+ 20261006    03:29:49       0   5174    244 
campaigns/q4-conditional-admission-20261006T010859Z/diagnostics/conditional-off-clean/32k/telemetry/pcie-dmon.log:254: trailing whitespace.
+ 20261006    03:29:49       1   2203    197 
campaigns/q4-conditional-admission-20261006T010859Z/diagnostics/conditional-off-clean/32k/telemetry/pcie-dmon.log:255: trailing whitespace.
+ 20261006    03:29:50       0    672    713 
campaigns/q4-conditional-admission-20261006T010859Z/diagnostics/conditional-off-clean/32k/telemetry/pcie-dmon.log:256: trailing whitespace.
+ 20261006    03:29:50       1    354     96 
campaigns/q4-conditional-admission-20261006T010859Z/diagnostics/conditional-off-clean/32k/telemetry/pcie-dmon.log:257: trailing whitespace.
+ 20261006    03:29:51       0   2156    269 
campaigns/q4-conditional-admission-20261006T010859Z/diagnostics/conditional-off-clean/32k/telemetry/pcie-dmon.log:258: trailing whitespace.
+ 20261006    03:29:51       1    562    689 
campaigns/q4-conditional-admission-20261006T010859Z/diagnostics/conditional-off-clean/32k/telemetry/pcie-dmon.log:259: trailing whitespace.
+ 20261006    03:29:52       0    176     88 
campaigns/q4-conditional-admission-20261006T010859Z/diagnostics/conditional-off-clean/32k/telemetry/pcie-dmon.log:260: trailing whitespace.
+ 20261006    03:29:52       1   4745    122 
campaigns/q4-conditional-admission-20261006T010859Z/diagnostics/conditional-off-clean/32k/telemetry/pcie-dmon.log:261: trailing whitespace.
+ 20261006    03:29:53       0   8374    740 
campaigns/q4-conditional-admission-20261006T010859Z/diagnostics/conditional-off-clean/32k/telemetry/pcie-dmon.log:262: trailing whitespace.
+ 20261006    03:29:53       1   2157    458 
campaigns/q4-conditional-admission-20261006T010859Z/diagnostics/conditional-off-clean/32k/telemetry/pcie-dmon.log:263: trailing whitespace.
+ 20261006    03:29:54       0   1648    785 
campaigns/q4-conditional-admission-20261006T010859Z/diagnostics/conditional-off-clean/32k/telemetry/pcie-dmon.log:264: trailing whitespace.
+ 20261006    03:29:54       1    358    167 
campaigns/q4-conditional-admission-20261006T010859Z/diagnostics/conditional-off-clean/32k/telemetry/pcie-dmon.log:265: trailing whitespace.
+ 20261006    03:29:55       0   1184    122 
campaigns/q4-conditional-admission-20261006T010859Z/diagnostics/conditional-off-clean/32k/telemetry/pcie-dmon.log:266: trailing whitespace.
+ 20261006    03:29:55       1   2137     89 
campaigns/q4-conditional-admission-20261006T010859Z/diagnostics/conditional-off-clean/32k/telemetry/pcie-dmon.log:267: trailing whitespace.
+ 20261006    03:29:56       0   2005   1193 
campaigns/q4-conditional-admission-20261006T010859Z/diagnostics/conditional-off-clean/32k/telemetry/pcie-dmon.log:268: trailing whitespace.
+ 20261006    03:29:56       1   1744    219 
campaigns/q4-conditional-admission-20261006T010859Z/diagnostics/conditional-off-clean/32k/telemetry/pcie-dmon.log:269: trailing whitespace.
+ 20261006    03:29:57       0    508     29 
campaigns/q4-conditional-admission-20261006T010859Z/diagnostics/conditional-off-clean/32k/telemetry/pcie-dmon.log:270: trailing whitespace.
+ 20261006    03:29:57       1    677    352 
campaigns/q4-conditional-admission-20261006T010859Z/diagnostics/conditional-off-clean/32k/telemetry/pcie-dmon.log:271: trailing whitespace.
+ 20261006    03:29:58       0   1710    198 
campaigns/q4-conditional-admission-20261006T010859Z/diagnostics/conditional-off-clean/32k/telemetry/pcie-dmon.log:272: trailing whitespace.
+ 20261006    03:29:58       1   1305    370 
campaigns/q4-conditional-admission-20261006T010859Z/diagnostics/conditional-off-clean/32k/telemetry/pcie-dmon.log:273: trailing whitespace.
+ 20261006    03:29:59       0   3044    380 
campaigns/q4-conditional-admission-20261006T010859Z/diagnostics/conditional-off-clean/32k/telemetry/pcie-dmon.log:274: trailing whitespace.
+ 20261006    03:29:59       1   5204    340 
campaigns/q4-conditional-admission-20261006T010859Z/diagnostics/conditional-off-clean/32k/telemetry/pcie-dmon.log:275: trailing whitespace.
+ 20261006    03:30:00       0   1155    143 
campaigns/q4-conditional-admission-20261006T010859Z/diagnostics/conditional-off-clean/32k/telemetry/pcie-dmon.log:276: trailing whitespace.
+ 20261006    03:30:00       1   3103   1245 
campaigns/q4-conditional-admission-20261006T010859Z/diagnostics/conditional-off-clean/32k/telemetry/pcie-dmon.log:277: trailing whitespace.
+#Date        Time         gpu  rxpci  txpci 
campaigns/q4-conditional-admission-20261006T010859Z/diagnostics/conditional-off-clean/32k/telemetry/pcie-dmon.log:278: trailing whitespace.
+#YYYYMMDD    HH:MM:SS     Idx   MB/s   MB/s 
campaigns/q4-conditional-admission-20261006T010859Z/diagnostics/conditional-off-clean/32k/telemetry/pcie-dmon.log:279: trailing whitespace.
+ 20261006    03:30:01       0   3945    473 
campaigns/q4-conditional-admission-20261006T010859Z/diagnostics/conditional-off-clean/32k/telemetry/pcie-dmon.log:280: trailing whitespace.
+ 20261006    03:30:01       1   2587      1 
campaigns/q4-conditional-admission-20261006T010859Z/diagnostics/conditional-off-clean/32k/telemetry/pcie-dmon.log:281: trailing whitespace.
+ 20261006    03:30:02       0   2488    600 
campaigns/q4-conditional-admission-20261006T010859Z/diagnostics/conditional-off-clean/32k/telemetry/pcie-dmon.log:282: trailing whitespace.
+ 20261006    03:30:02       1   1497    303 
campaigns/q4-conditional-admission-20261006T010859Z/diagnostics/conditional-off-clean/32k/telemetry/pcie-dmon.log:283: trailing whitespace.
+ 20261006    03:30:03       0   1942   1163 
campaigns/q4-conditional-admission-20261006T010859Z/diagnostics/conditional-off-clean/32k/telemetry/pcie-dmon.log:284: trailing whitespace.
+ 20261006    03:30:03       1   3134     55 
campaigns/q4-conditional-admission-20261006T010859Z/diagnostics/conditional/32k/telemetry/pcie-dmon.log:1: trailing whitespace.
+#Date        Time         gpu  rxpci  txpci 
campaigns/q4-conditional-admission-20261006T010859Z/diagnostics/conditional/32k/telemetry/pcie-dmon.log:2: trailing whitespace.
+#YYYYMMDD    HH:MM:SS     Idx   MB/s   MB/s 
campaigns/q4-conditional-admission-20261006T010859Z/diagnostics/conditional/32k/telemetry/pcie-dmon.log:3: trailing whitespace.
+ 20261006    03:34:11       0     12      0 
campaigns/q4-conditional-admission-20261006T010859Z/diagnostics/conditional/32k/telemetry/pcie-dmon.log:4: trailing whitespace.
+ 20261006    03:34:11       1      0      0 
campaigns/q4-conditional-admission-20261006T010859Z/diagnostics/conditional/32k/telemetry/pcie-dmon.log:5: trailing whitespace.
+ 20261006    03:34:12       0      0      0 
campaigns/q4-conditional-admission-20261006T010859Z/diagnostics/conditional/32k/telemetry/pcie-dmon.log:6: trailing whitespace.
+ 20261006    03:34:12       1      0      0 
campaigns/q4-conditional-admission-20261006T010859Z/diagnostics/conditional/32k/telemetry/pcie-dmon.log:7: trailing whitespace.
+ 20261006    03:34:13       0      0      0 
campaigns/q4-conditional-admission-20261006T010859Z/diagnostics/conditional/32k/telemetry/pcie-dmon.log:8: trailing whitespace.
+ 20261006    03:34:13       1      0      0 
campaigns/q4-conditional-admission-20261006T010859Z/diagnostics/conditional/32k/telemetry/pcie-dmon.log:9: trailing whitespace.
+ 20261006    03:34:14       0      0      0 
campaigns/q4-conditional-admission-20261006T010859Z/diagnostics/conditional/32k/telemetry/pcie-dmon.log:10: trailing whitespace.
+ 20261006    03:34:14       1      0      0 
campaigns/q4-conditional-admission-20261006T010859Z/diagnostics/conditional/32k/telemetry/pcie-dmon.log:11: trailing whitespace.
+ 20261006    03:34:15       0      0      0 
campaigns/q4-conditional-admission-20261006T010859Z/diagnostics/conditional/32k/telemetry/pcie-dmon.log:12: trailing whitespace.
+ 20261006    03:34:15       1      0      0 
campaigns/q4-conditional-admission-20261006T010859Z/diagnostics/conditional/32k/telemetry/pcie-dmon.log:13: trailing whitespace.
+ 20261006    03:34:16       0     93    275 
campaigns/q4-conditional-admission-20261006T010859Z/diagnostics/conditional/32k/telemetry/pcie-dmon.log:14: trailing whitespace.
+ 20261006    03:34:16       1      0      0 
campaigns/q4-conditional-admission-20261006T010859Z/diagnostics/conditional/32k/telemetry/pcie-dmon.log:15: trailing whitespace.
+ 20261006    03:34:17       0      0     39 
campaigns/q4-conditional-admission-20261006T010859Z/diagnostics/conditional/32k/telemetry/pcie-dmon.log:16: trailing whitespace.
+ 20261006    03:34:17       1      0      0 
campaigns/q4-conditional-admission-20261006T010859Z/diagnostics/conditional/32k/telemetry/pcie-dmon.log:17: trailing whitespace.
+ 20261006    03:34:19       0   1377    212 
campaigns/q4-conditional-admission-20261006T010859Z/diagnostics/conditional/32k/telemetry/pcie-dmon.log:18: trailing whitespace.
+ 20261006    03:34:19       1      0      0 
campaigns/q4-conditional-admission-20261006T010859Z/diagnostics/conditional/32k/telemetry/pcie-dmon.log:19: trailing whitespace.
+ 20261006    03:34:20       0      0     27 
campaigns/q4-conditional-admission-20261006T010859Z/diagnostics/conditional/32k/telemetry/pcie-dmon.log:20: trailing whitespace.
+ 20261006    03:34:20       1      0      0 
campaigns/q4-conditional-admission-20261006T010859Z/diagnostics/conditional/32k/telemetry/pcie-dmon.log:21: trailing whitespace.
+ 20261006    03:34:21       0      0      0 
campaigns/q4-conditional-admission-20261006T010859Z/diagnostics/conditional/32k/telemetry/pcie-dmon.log:22: trailing whitespace.
+ 20261006    03:34:21       1   2203    193 
campaigns/q4-conditional-admission-20261006T010859Z/diagnostics/conditional/32k/telemetry/pcie-dmon.log:23: trailing whitespace.
+ 20261006    03:34:22       0      0      0 
campaigns/q4-conditional-admission-20261006T010859Z/diagnostics/conditional/32k/telemetry/pcie-dmon.log:24: trailing whitespace.
+ 20261006    03:34:22       1   2488    311 
campaigns/q4-conditional-admission-20261006T010859Z/diagnostics/conditional/32k/telemetry/pcie-dmon.log:25: trailing whitespace.
+ 20261006    03:34:23       0     11      1 
campaigns/q4-conditional-admission-20261006T010859Z/diagnostics/conditional/32k/telemetry/pcie-dmon.log:26: trailing whitespace.
+ 20261006    03:34:23       1      0      0 
campaigns/q4-conditional-admission-20261006T010859Z/diagnostics/conditional/32k/telemetry/pcie-dmon.log:27: trailing whitespace.
+ 20261006    03:34:24       0      0      0 
campaigns/q4-conditional-admission-20261006T010859Z/diagnostics/conditional/32k/telemetry/pcie-dmon.log:28: trailing whitespace.
+ 20261006    03:34:24       1      0    400 
campaigns/q4-conditional-admission-20261006T010859Z/diagnostics/conditional/32k/telemetry/pcie-dmon.log:29: trailing whitespace.
+ 20261006    03:34:25       0      0      0 
campaigns/q4-conditional-admission-20261006T010859Z/diagnostics/conditional/32k/telemetry/pcie-dmon.log:30: trailing whitespace.
+ 20261006    03:34:25       1      0      0 
campaigns/q4-conditional-admission-20261006T010859Z/diagnostics/conditional/32k/telemetry/pcie-dmon.log:31: trailing whitespace.
+ 20261006    03:34:26       0      0      0 
campaigns/q4-conditional-admission-20261006T010859Z/diagnostics/conditional/32k/telemetry/pcie-dmon.log:32: trailing whitespace.
+ 20261006    03:34:26       1      0      0 
campaigns/q4-conditional-admission-20261006T010859Z/diagnostics/conditional/32k/telemetry/pcie-dmon.log:33: trailing whitespace.
+ 20261006    03:34:27       0      0      0 
campaigns/q4-conditional-admission-20261006T010859Z/diagnostics/conditional/32k/telemetry/pcie-dmon.log:34: trailing whitespace.
+ 20261006    03:34:27       1      0      0 
campaigns/q4-conditional-admission-20261006T010859Z/diagnostics/conditional/32k/telemetry/pcie-dmon.log:35: trailing whitespace.
+ 20261006    03:34:28       0      0      0 
campaigns/q4-conditional-admission-20261006T010859Z/diagnostics/conditional/32k/telemetry/pcie-dmon.log:36: trailing whitespace.
+ 20261006    03:34:28       1      0      0 
campaigns/q4-conditional-admission-20261006T010859Z/diagnostics/conditional/32k/telemetry/pcie-dmon.log:37: trailing whitespace.
+ 20261006    03:34:29       0      0      0 
campaigns/q4-conditional-admission-20261006T010859Z/diagnostics/conditional/32k/telemetry/pcie-dmon.log:38: trailing whitespace.
+ 20261006    03:34:29       1      0      0 
campaigns/q4-conditional-admission-20261006T010859Z/diagnostics/conditional/32k/telemetry/pcie-dmon.log:39: trailing whitespace.
+ 20261006    03:34:31       0      0      0 
campaigns/q4-conditional-admission-20261006T010859Z/diagnostics/conditional/32k/telemetry/pcie-dmon.log:40: trailing whitespace.
+ 20261006    03:34:31       1      0      0 
campaigns/q4-conditional-admission-20261006T010859Z/diagnostics/conditional/32k/telemetry/pcie-dmon.log:41: trailing whitespace.
+ 20261006    03:34:32       0      0      0 
campaigns/q4-conditional-admission-20261006T010859Z/diagnostics/conditional/32k/telemetry/pcie-dmon.log:42: trailing whitespace.
+ 20261006    03:34:32       1      0      0 
campaigns/q4-conditional-admission-20261006T010859Z/diagnostics/conditional/32k/telemetry/pcie-dmon.log:43: trailing whitespace.
+ 20261006    03:34:33       0      0      0 
campaigns/q4-conditional-admission-20261006T010859Z/diagnostics/conditional/32k/telemetry/pcie-dmon.log:44: trailing whitespace.
+ 20261006    03:34:33       1      0      0 
campaigns/q4-conditional-admission-20261006T010859Z/diagnostics/conditional/32k/telemetry/pcie-dmon.log:45: trailing whitespace.
+ 20261006    03:34:34       0      0      0 
campaigns/q4-conditional-admission-20261006T010859Z/diagnostics/conditional/32k/telemetry/pcie-dmon.log:46: trailing whitespace.
+ 20261006    03:34:34       1      0      0 
campaigns/q4-conditional-admission-20261006T010859Z/diagnostics/conditional/32k/telemetry/pcie-dmon.log:47: trailing whitespace.
+#Date        Time         gpu  rxpci  txpci 
campaigns/q4-conditional-admission-20261006T010859Z/diagnostics/conditional/32k/telemetry/pcie-dmon.log:48: trailing whitespace.
+#YYYYMMDD    HH:MM:SS     Idx   MB/s   MB/s 
campaigns/q4-conditional-admission-20261006T010859Z/diagnostics/conditional/32k/telemetry/pcie-dmon.log:49: trailing whitespace.
+ 20261006    03:34:35       0      0     34 
campaigns/q4-conditional-admission-20261006T010859Z/diagnostics/conditional/32k/telemetry/pcie-dmon.log:50: trailing whitespace.
+ 20261006    03:34:35       1      8      0 
campaigns/q4-conditional-admission-20261006T010859Z/diagnostics/conditional/32k/telemetry/pcie-dmon.log:51: trailing whitespace.
+ 20261006    03:34:37       0     10      2 
campaigns/q4-conditional-admission-20261006T010859Z/diagnostics/conditional/32k/telemetry/pcie-dmon.log:52: trailing whitespace.
+ 20261006    03:34:37       1     96     21 
campaigns/q4-conditional-admission-20261006T010859Z/diagnostics/conditional/32k/telemetry/pcie-dmon.log:53: trailing whitespace.
+ 20261006    03:34:38       0      0      0 
campaigns/q4-conditional-admission-20261006T010859Z/diagnostics/conditional/32k/telemetry/pcie-dmon.log:54: trailing whitespace.
+ 20261006    03:34:38       1      0      0 
campaigns/q4-conditional-admission-20261006T010859Z/diagnostics/conditional/32k/telemetry/pcie-dmon.log:55: trailing whitespace.
+ 20261006    03:34:39       0      0      0 
campaigns/q4-conditional-admission-20261006T010859Z/diagnostics/conditional/32k/telemetry/pcie-dmon.log:56: trailing whitespace.
+ 20261006    03:34:39       1      0      0 
campaigns/q4-conditional-admission-20261006T010859Z/diagnostics/conditional/32k/telemetry/pcie-dmon.log:57: trailing whitespace.
+ 20261006    03:34:41       0      0      0 
campaigns/q4-conditional-admission-20261006T010859Z/diagnostics/conditional/32k/telemetry/pcie-dmon.log:58: trailing whitespace.
+ 20261006    03:34:41       1      0      0 
campaigns/q4-conditional-admission-20261006T010859Z/diagnostics/conditional/32k/telemetry/pcie-dmon.log:59: trailing whitespace.
+ 20261006    03:34:42       0      0      0 
campaigns/q4-conditional-admission-20261006T010859Z/diagnostics/conditional/32k/telemetry/pcie-dmon.log:60: trailing whitespace.
+ 20261006    03:34:42       1      0      0 
campaigns/q4-conditional-admission-20261006T010859Z/diagnostics/conditional/32k/telemetry/pcie-dmon.log:61: trailing whitespace.
+ 20261006    03:34:43       0      0      0 
campaigns/q4-conditional-admission-20261006T010859Z/diagnostics/conditional/32k/telemetry/pcie-dmon.log:62: trailing whitespace.
+ 20261006    03:34:43       1      0      0 
campaigns/q4-conditional-admission-20261006T010859Z/diagnostics/conditional/32k/telemetry/pcie-dmon.log:63: trailing whitespace.
+ 20261006    03:34:44       0      0      0 
campaigns/q4-conditional-admission-20261006T010859Z/diagnostics/conditional/32k/telemetry/pcie-dmon.log:64: trailing whitespace.
+ 20261006    03:34:44       1      0      0 
campaigns/q4-conditional-admission-20261006T010859Z/diagnostics/conditional/32k/telemetry/pcie-dmon.log:65: trailing whitespace.
+ 20261006    03:34:45       0      0      0 
campaigns/q4-conditional-admission-20261006T010859Z/diagnostics/conditional/32k/telemetry/pcie-dmon.log:66: trailing whitespace.
+ 20261006    03:34:45       1      1     13 
campaigns/q4-conditional-admission-20261006T010859Z/diagnostics/conditional/32k/telemetry/pcie-dmon.log:67: trailing whitespace.
+ 20261006    03:34:46       0      0      0 
campaigns/q4-conditional-admission-20261006T010859Z/diagnostics/conditional/32k/telemetry/pcie-dmon.log:68: trailing whitespace.
+ 20261006    03:34:46       1      0      0 
campaigns/q4-conditional-admission-20261006T010859Z/diagnostics/conditional/32k/telemetry/pcie-dmon.log:69: trailing whitespace.
+ 20261006    03:34:47       0      0      0 
campaigns/q4-conditional-admission-20261006T010859Z/diagnostics/conditional/32k/telemetry/pcie-dmon.log:70: trailing whitespace.
+ 20261006    03:34:47       1      0      0 
campaigns/q4-conditional-admission-20261006T010859Z/diagnostics/conditional/32k/telemetry/pcie-dmon.log:71: trailing whitespace.
+ 20261006    03:34:48       0      0      0 
campaigns/q4-conditional-admission-20261006T010859Z/diagnostics/conditional/32k/telemetry/pcie-dmon.log:72: trailing whitespace.
+ 20261006    03:34:48       1      0      0 
campaigns/q4-conditional-admission-20261006T010859Z/diagnostics/conditional/32k/telemetry/pcie-dmon.log:73: trailing whitespace.
+ 20261006    03:34:49       0      0      0 
campaigns/q4-conditional-admission-20261006T010859Z/diagnostics/conditional/32k/telemetry/pcie-dmon.log:74: trailing whitespace.
+ 20261006    03:34:49       1      0      0 
campaigns/q4-conditional-admission-20261006T010859Z/diagnostics/conditional/32k/telemetry/pcie-dmon.log:75: trailing whitespace.
+ 20261006    03:34:50       0      0      0 
campaigns/q4-conditional-admission-20261006T010859Z/diagnostics/conditional/32k/telemetry/pcie-dmon.log:76: trailing whitespace.
+ 20261006    03:34:50       1      0      0 
campaigns/q4-conditional-admission-20261006T010859Z/diagnostics/conditional/32k/telemetry/pcie-dmon.log:77: trailing whitespace.
+ 20261006    03:34:51       0      0      0 
campaigns/q4-conditional-admission-20261006T010859Z/diagnostics/conditional/32k/telemetry/pcie-dmon.log:78: trailing whitespace.
+ 20261006    03:34:51       1      0      0 
campaigns/q4-conditional-admission-20261006T010859Z/diagnostics/conditional/32k/telemetry/pcie-dmon.log:79: trailing whitespace.
+ 20261006    03:34:53       0      0      0 
campaigns/q4-conditional-admission-20261006T010859Z/diagnostics/conditional/32k/telemetry/pcie-dmon.log:80: trailing whitespace.
+ 20261006    03:34:53       1      0      0 
campaigns/q4-conditional-admission-20261006T010859Z/diagnostics/conditional/32k/telemetry/pcie-dmon.log:81: trailing whitespace.
+ 20261006    03:34:54       0      0      0 
campaigns/q4-conditional-admission-20261006T010859Z/diagnostics/conditional/32k/telemetry/pcie-dmon.log:82: trailing whitespace.
+ 20261006    03:34:54       1      0      0 
campaigns/q4-conditional-admission-20261006T010859Z/diagnostics/conditional/32k/telemetry/pcie-dmon.log:83: trailing whitespace.
+ 20261006    03:34:55       0      0      0 
campaigns/q4-conditional-admission-20261006T010859Z/diagnostics/conditional/32k/telemetry/pcie-dmon.log:84: trailing whitespace.
+ 20261006    03:34:55       1      0      0 
campaigns/q4-conditional-admission-20261006T010859Z/diagnostics/conditional/32k/telemetry/pcie-dmon.log:85: trailing whitespace.
+ 20261006    03:34:56       0      0      0 
campaigns/q4-conditional-admission-20261006T010859Z/diagnostics/conditional/32k/telemetry/pcie-dmon.log:86: trailing whitespace.
+ 20261006    03:34:56       1      0      0 
campaigns/q4-conditional-admission-20261006T010859Z/diagnostics/conditional/32k/telemetry/pcie-dmon.log:87: trailing whitespace.
+ 20261006    03:34:57       0      0      0 
campaigns/q4-conditional-admission-20261006T010859Z/diagnostics/conditional/32k/telemetry/pcie-dmon.log:88: trailing whitespace.
+ 20261006    03:34:57       1      1     11 
campaigns/q4-conditional-admission-20261006T010859Z/diagnostics/conditional/32k/telemetry/pcie-dmon.log:89: trailing whitespace.
+ 20261006    03:34:58       0      0      0 
campaigns/q4-conditional-admission-20261006T010859Z/diagnostics/conditional/32k/telemetry/pcie-dmon.log:90: trailing whitespace.
+ 20261006    03:34:58       1      0      0 
campaigns/q4-conditional-admission-20261006T010859Z/diagnostics/conditional/32k/telemetry/pcie-dmon.log:91: trailing whitespace.
+ 20261006    03:34:59       0      0      0 
campaigns/q4-conditional-admission-20261006T010859Z/diagnostics/conditional/32k/telemetry/pcie-dmon.log:92: trailing whitespace.
+ 20261006    03:34:59       1      0      0 
campaigns/q4-conditional-admission-20261006T010859Z/diagnostics/conditional/32k/telemetry/pcie-dmon.log:93: trailing whitespace.
+#Date        Time         gpu  rxpci  txpci 
campaigns/q4-conditional-admission-20261006T010859Z/diagnostics/conditional/32k/telemetry/pcie-dmon.log:94: trailing whitespace.
+#YYYYMMDD    HH:MM:SS     Idx   MB/s   MB/s 
campaigns/q4-conditional-admission-20261006T010859Z/diagnostics/conditional/32k/telemetry/pcie-dmon.log:95: trailing whitespace.
+ 20261006    03:35:00       0      0      0 
campaigns/q4-conditional-admission-20261006T010859Z/diagnostics/conditional/32k/telemetry/pcie-dmon.log:96: trailing whitespace.
+ 20261006    03:35:00       1      0      0 
campaigns/q4-conditional-admission-20261006T010859Z/diagnostics/conditional/32k/telemetry/pcie-dmon.log:97: trailing whitespace.
+ 20261006    03:35:01       0      0      0 
campaigns/q4-conditional-admission-20261006T010859Z/diagnostics/conditional/32k/telemetry/pcie-dmon.log:98: trailing whitespace.
+ 20261006    03:35:01       1      0      0 
campaigns/q4-conditional-admission-20261006T010859Z/diagnostics/conditional/32k/telemetry/pcie-dmon.log:99: trailing whitespace.
+ 20261006    03:35:02       0      0      0 
campaigns/q4-conditional-admission-20261006T010859Z/diagnostics/conditional/32k/telemetry/pcie-dmon.log:100: trailing whitespace.
+ 20261006    03:35:02       1      0      0 
campaigns/q4-conditional-admission-20261006T010859Z/diagnostics/conditional/32k/telemetry/pcie-dmon.log:101: trailing whitespace.
+ 20261006    03:35:03       0      0      0 
campaigns/q4-conditional-admission-20261006T010859Z/diagnostics/conditional/32k/telemetry/pcie-dmon.log:102: trailing whitespace.
+ 20261006    03:35:03       1      0      0 
campaigns/q4-conditional-admission-20261006T010859Z/diagnostics/conditional/32k/telemetry/pcie-dmon.log:103: trailing whitespace.
+ 20261006    03:35:05       0      0      0 
campaigns/q4-conditional-admission-20261006T010859Z/diagnostics/conditional/32k/telemetry/pcie-dmon.log:104: trailing whitespace.
+ 20261006    03:35:05       1      0      0 
campaigns/q4-conditional-admission-20261006T010859Z/diagnostics/conditional/32k/telemetry/pcie-dmon.log:105: trailing whitespace.
+ 20261006    03:35:06       0      0      0 
campaigns/q4-conditional-admission-20261006T010859Z/diagnostics/conditional/32k/telemetry/pcie-dmon.log:106: trailing whitespace.
+ 20261006    03:35:06       1      0      0 
campaigns/q4-conditional-admission-20261006T010859Z/diagnostics/conditional/32k/telemetry/pcie-dmon.log:107: trailing whitespace.
+ 20261006    03:35:07       0      0      0 
campaigns/q4-conditional-admission-20261006T010859Z/diagnostics/conditional/32k/telemetry/pcie-dmon.log:108: trailing whitespace.
+ 20261006    03:35:07       1      0      0 
campaigns/q4-conditional-admission-20261006T010859Z/diagnostics/conditional/32k/telemetry/pcie-dmon.log:109: trailing whitespace.
+ 20261006    03:35:08       0      0      0 
campaigns/q4-conditional-admission-20261006T010859Z/diagnostics/conditional/32k/telemetry/pcie-dmon.log:110: trailing whitespace.
+ 20261006    03:35:08       1      0      0 
campaigns/q4-conditional-admission-20261006T010859Z/diagnostics/conditional/32k/telemetry/pcie-dmon.log:111: trailing whitespace.
+ 20261006    03:35:09       0      0      0 
campaigns/q4-conditional-admission-20261006T010859Z/diagnostics/conditional/32k/telemetry/pcie-dmon.log:112: trailing whitespace.
+ 20261006    03:35:09       1      1     13 
campaigns/q4-conditional-admission-20261006T010859Z/diagnostics/conditional/32k/telemetry/pcie-dmon.log:113: trailing whitespace.
+ 20261006    03:35:10       0      0      0 
campaigns/q4-conditional-admission-20261006T010859Z/diagnostics/conditional/32k/telemetry/pcie-dmon.log:114: trailing whitespace.
+ 20261006    03:35:10       1      0      0 
campaigns/q4-conditional-admission-20261006T010859Z/diagnostics/conditional/32k/telemetry/pcie-dmon.log:115: trailing whitespace.
+ 20261006    03:35:11       0      0      0 
campaigns/q4-conditional-admission-20261006T010859Z/diagnostics/conditional/32k/telemetry/pcie-dmon.log:116: trailing whitespace.
+ 20261006    03:35:11       1      0      0 
campaigns/q4-conditional-admission-20261006T010859Z/diagnostics/conditional/32k/telemetry/pcie-dmon.log:117: trailing whitespace.
+ 20261006    03:35:12       0      0      0 
campaigns/q4-conditional-admission-20261006T010859Z/diagnostics/conditional/32k/telemetry/pcie-dmon.log:118: trailing whitespace.
+ 20261006    03:35:12       1      0      0 
campaigns/q4-conditional-admission-20261006T010859Z/diagnostics/conditional/32k/telemetry/pcie-dmon.log:119: trailing whitespace.
+ 20261006    03:35:13       0      0      0 
campaigns/q4-conditional-admission-20261006T010859Z/diagnostics/conditional/32k/telemetry/pcie-dmon.log:120: trailing whitespace.
+ 20261006    03:35:13       1      0      0 
campaigns/q4-conditional-admission-20261006T010859Z/diagnostics/conditional/32k/telemetry/pcie-dmon.log:121: trailing whitespace.
+ 20261006    03:35:14       0  13584   1553 
campaigns/q4-conditional-admission-20261006T010859Z/diagnostics/conditional/32k/telemetry/pcie-dmon.log:122: trailing whitespace.
+ 20261006    03:35:14       1      0      0 
campaigns/q4-conditional-admission-20261006T010859Z/diagnostics/conditional/32k/telemetry/pcie-dmon.log:123: trailing whitespace.
+ 20261006    03:35:15       0      0      0 
campaigns/q4-conditional-admission-20261006T010859Z/diagnostics/conditional/32k/telemetry/pcie-dmon.log:124: trailing whitespace.
+ 20261006    03:35:15       1  13665   1557 
campaigns/q4-conditional-admission-20261006T010859Z/diagnostics/conditional/32k/telemetry/pcie-dmon.log:125: trailing whitespace.
+ 20261006    03:35:17       0      0      0 
campaigns/q4-conditional-admission-20261006T010859Z/diagnostics/conditional/32k/telemetry/pcie-dmon.log:126: trailing whitespace.
+ 20261006    03:35:17       1  13549    544 
campaigns/q4-conditional-admission-20261006T010859Z/diagnostics/conditional/32k/telemetry/pcie-dmon.log:127: trailing whitespace.
+ 20261006    03:35:18       0    200     17 
campaigns/q4-conditional-admission-20261006T010859Z/diagnostics/conditional/32k/telemetry/pcie-dmon.log:128: trailing whitespace.
+ 20261006    03:35:18       1    136     15 
campaigns/q4-conditional-admission-20261006T010859Z/diagnostics/conditional/32k/telemetry/pcie-dmon.log:129: trailing whitespace.
+ 20261006    03:35:19       0      0      0 
campaigns/q4-conditional-admission-20261006T010859Z/diagnostics/conditional/32k/telemetry/pcie-dmon.log:130: trailing whitespace.
+ 20261006    03:35:19       1      0      0 
campaigns/q4-conditional-admission-20261006T010859Z/diagnostics/conditional/32k/telemetry/pcie-dmon.log:131: trailing whitespace.
+ 20261006    03:35:20       0      0      0 
campaigns/q4-conditional-admission-20261006T010859Z/diagnostics/conditional/32k/telemetry/pcie-dmon.log:132: trailing whitespace.
+ 20261006    03:35:20       1      0      0 
campaigns/q4-conditional-admission-20261006T010859Z/diagnostics/conditional/32k/telemetry/pcie-dmon.log:133: trailing whitespace.
+ 20261006    03:35:21       0      0      0 
campaigns/q4-conditional-admission-20261006T010859Z/diagnostics/conditional/32k/telemetry/pcie-dmon.log:134: trailing whitespace.
+ 20261006    03:35:21       1      0      0 
campaigns/q4-conditional-admission-20261006T010859Z/diagnostics/conditional/32k/telemetry/pcie-dmon.log:135: trailing whitespace.
+ 20261006    03:35:22       0      0      0 
campaigns/q4-conditional-admission-20261006T010859Z/diagnostics/conditional/32k/telemetry/pcie-dmon.log:136: trailing whitespace.
+ 20261006    03:35:22       1      0      0 
campaigns/q4-conditional-admission-20261006T010859Z/diagnostics/conditional/32k/telemetry/pcie-dmon.log:137: trailing whitespace.
+ 20261006    03:35:23       0  14153   1623 
campaigns/q4-conditional-admission-20261006T010859Z/diagnostics/conditional/32k/telemetry/pcie-dmon.log:138: trailing whitespace.
+ 20261006    03:35:23       1      0      0 
campaigns/q4-conditional-admission-20261006T010859Z/diagnostics/conditional/32k/telemetry/pcie-dmon.log:139: trailing whitespace.
+#Date        Time         gpu  rxpci  txpci 
campaigns/q4-conditional-admission-20261006T010859Z/diagnostics/conditional/32k/telemetry/pcie-dmon.log:140: trailing whitespace.
+#YYYYMMDD    HH:MM:SS     Idx   MB/s   MB/s 
campaigns/q4-conditional-admission-20261006T010859Z/diagnostics/conditional/32k/telemetry/pcie-dmon.log:141: trailing whitespace.
+ 20261006    03:35:24       0  14122   1618 
campaigns/q4-conditional-admission-20261006T010859Z/diagnostics/conditional/32k/telemetry/pcie-dmon.log:142: trailing whitespace.
+ 20261006    03:35:24       1      0      0 
campaigns/q4-conditional-admission-20261006T010859Z/diagnostics/conditional/32k/telemetry/pcie-dmon.log:143: trailing whitespace.
+ 20261006    03:35:25       0      0      0 
campaigns/q4-conditional-admission-20261006T010859Z/diagnostics/conditional/32k/telemetry/pcie-dmon.log:144: trailing whitespace.
+ 20261006    03:35:25       1  14103   1616 
campaigns/q4-conditional-admission-20261006T010859Z/diagnostics/conditional/32k/telemetry/pcie-dmon.log:145: trailing whitespace.
+ 20261006    03:35:26       0      0      0 
campaigns/q4-conditional-admission-20261006T010859Z/diagnostics/conditional/32k/telemetry/pcie-dmon.log:146: trailing whitespace.
+ 20261006    03:35:26       1  14098   1613 
campaigns/q4-conditional-admission-20261006T010859Z/diagnostics/conditional/32k/telemetry/pcie-dmon.log:147: trailing whitespace.
+ 20261006    03:35:27       0     15    369 
campaigns/q4-conditional-admission-20261006T010859Z/diagnostics/conditional/32k/telemetry/pcie-dmon.log:148: trailing whitespace.
+ 20261006    03:35:27       1   5089      1 
campaigns/q4-conditional-admission-20261006T010859Z/diagnostics/conditional/32k/telemetry/pcie-dmon.log:149: trailing whitespace.
+ 20261006    03:35:28       0      0      0 
campaigns/q4-conditional-admission-20261006T010859Z/diagnostics/conditional/32k/telemetry/pcie-dmon.log:150: trailing whitespace.
+ 20261006    03:35:28       1      0      0 
campaigns/q4-conditional-admission-20261006T010859Z/diagnostics/conditional/32k/telemetry/pcie-dmon.log:151: trailing whitespace.
+ 20261006    03:35:30       0  14303   1651 
campaigns/q4-conditional-admission-20261006T010859Z/diagnostics/conditional/32k/telemetry/pcie-dmon.log:152: trailing whitespace.
+ 20261006    03:35:30       1     11      0 
campaigns/q4-conditional-admission-20261006T010859Z/diagnostics/conditional/32k/telemetry/pcie-dmon.log:153: trailing whitespace.
+ 20261006    03:35:31       0  14131   1615 
campaigns/q4-conditional-admission-20261006T010859Z/diagnostics/conditional/32k/telemetry/pcie-dmon.log:154: trailing whitespace.
+ 20261006    03:35:31       1      0      0 
campaigns/q4-conditional-admission-20261006T010859Z/diagnostics/conditional/32k/telemetry/pcie-dmon.log:155: trailing whitespace.
+ 20261006    03:35:32       0      0      0 
campaigns/q4-conditional-admission-20261006T010859Z/diagnostics/conditional/32k/telemetry/pcie-dmon.log:156: trailing whitespace.
+ 20261006    03:35:32       1  14139   1630 
campaigns/q4-conditional-admission-20261006T010859Z/diagnostics/conditional/32k/telemetry/pcie-dmon.log:157: trailing whitespace.
+ 20261006    03:35:33       0  14138   1615 
campaigns/q4-conditional-admission-20261006T010859Z/diagnostics/conditional/32k/telemetry/pcie-dmon.log:158: trailing whitespace.
+ 20261006    03:35:33       1  14101   1633 
campaigns/q4-conditional-admission-20261006T010859Z/diagnostics/conditional/32k/telemetry/pcie-dmon.log:159: trailing whitespace.
+ 20261006    03:35:34       0  14168   1626 
campaigns/q4-conditional-admission-20261006T010859Z/diagnostics/conditional/32k/telemetry/pcie-dmon.log:160: trailing whitespace.
+ 20261006    03:35:34       1      0      0 
campaigns/q4-conditional-admission-20261006T010859Z/diagnostics/conditional/32k/telemetry/pcie-dmon.log:161: trailing whitespace.
+ 20261006    03:35:35       0      0      0 
campaigns/q4-conditional-admission-20261006T010859Z/diagnostics/conditional/32k/telemetry/pcie-dmon.log:162: trailing whitespace.
+ 20261006    03:35:35       1  14086   1634 
campaigns/q4-conditional-admission-20261006T010859Z/diagnostics/conditional/32k/telemetry/pcie-dmon.log:163: trailing whitespace.
+ 20261006    03:35:36       0      0      0 
campaigns/q4-conditional-admission-20261006T010859Z/diagnostics/conditional/32k/telemetry/pcie-dmon.log:164: trailing whitespace.
+ 20261006    03:35:36       1  14145   1616 
campaigns/q4-conditional-admission-20261006T010859Z/diagnostics/conditional/32k/telemetry/pcie-dmon.log:165: trailing whitespace.
+ 20261006    03:35:37       0      0      0 
campaigns/q4-conditional-admission-20261006T010859Z/diagnostics/conditional/32k/telemetry/pcie-dmon.log:166: trailing whitespace.
+ 20261006    03:35:37       1      0      0 
campaigns/q4-conditional-admission-20261006T010859Z/diagnostics/conditional/32k/telemetry/pcie-dmon.log:167: trailing whitespace.
+ 20261006    03:35:38       0      0      0 
campaigns/q4-conditional-admission-20261006T010859Z/diagnostics/conditional/32k/telemetry/pcie-dmon.log:168: trailing whitespace.
+ 20261006    03:35:38       1      0      0 
campaigns/q4-conditional-admission-20261006T010859Z/diagnostics/conditional/32k/telemetry/pcie-dmon.log:169: trailing whitespace.
+ 20261006    03:35:39       0  14134   1643 
campaigns/q4-conditional-admission-20261006T010859Z/diagnostics/conditional/32k/telemetry/pcie-dmon.log:170: trailing whitespace.
+ 20261006    03:35:39       1      0      0 
campaigns/q4-conditional-admission-20261006T010859Z/diagnostics/conditional/32k/telemetry/pcie-dmon.log:171: trailing whitespace.
+ 20261006    03:35:40       0  14104   1615 
campaigns/q4-conditional-admission-20261006T010859Z/diagnostics/conditional/32k/telemetry/pcie-dmon.log:172: trailing whitespace.
+ 20261006    03:35:40       1      0      0 
campaigns/q4-conditional-admission-20261006T010859Z/diagnostics/conditional/32k/telemetry/pcie-dmon.log:173: trailing whitespace.
+ 20261006    03:35:42       0      0      0 
campaigns/q4-conditional-admission-20261006T010859Z/diagnostics/conditional/32k/telemetry/pcie-dmon.log:174: trailing whitespace.
+ 20261006    03:35:42       1  14123   1638 
campaigns/q4-conditional-admission-20261006T010859Z/diagnostics/conditional/32k/telemetry/pcie-dmon.log:175: trailing whitespace.
+ 20261006    03:35:43       0  14119   1618 
campaigns/q4-conditional-admission-20261006T010859Z/diagnostics/conditional/32k/telemetry/pcie-dmon.log:176: trailing whitespace.
+ 20261006    03:35:43       1    202     33 
campaigns/q4-conditional-admission-20261006T010859Z/diagnostics/conditional/32k/telemetry/pcie-dmon.log:177: trailing whitespace.
+ 20261006    03:35:44       0      0      0 
campaigns/q4-conditional-admission-20261006T010859Z/diagnostics/conditional/32k/telemetry/pcie-dmon.log:178: trailing whitespace.
+ 20261006    03:35:44       1  14122   1618 
campaigns/q4-conditional-admission-20261006T010859Z/diagnostics/conditional/32k/telemetry/pcie-dmon.log:179: trailing whitespace.
+ 20261006    03:35:45       0      0      0 
campaigns/q4-conditional-admission-20261006T010859Z/diagnostics/conditional/32k/telemetry/pcie-dmon.log:180: trailing whitespace.
+ 20261006    03:35:45       1  14165   1622 
campaigns/q4-conditional-admission-20261006T010859Z/diagnostics/conditional/32k/telemetry/pcie-dmon.log:181: trailing whitespace.
+ 20261006    03:35:46       0    352    174 
campaigns/q4-conditional-admission-20261006T010859Z/diagnostics/conditional/32k/telemetry/pcie-dmon.log:182: trailing whitespace.
+ 20261006    03:35:46       1     25     74 
campaigns/q4-conditional-admission-20261006T010859Z/diagnostics/conditional/32k/telemetry/pcie-dmon.log:183: trailing whitespace.
+ 20261006    03:35:47       0    347     54 
campaigns/q4-conditional-admission-20261006T010859Z/diagnostics/conditional/32k/telemetry/pcie-dmon.log:184: trailing whitespace.
+ 20261006    03:35:47       1   1486    100 
campaigns/q4-conditional-admission-20261006T010859Z/diagnostics/conditional/32k/telemetry/pcie-dmon.log:185: trailing whitespace.
+#Date        Time         gpu  rxpci  txpci 
campaigns/q4-conditional-admission-20261006T010859Z/diagnostics/conditional/32k/telemetry/pcie-dmon.log:186: trailing whitespace.
+#YYYYMMDD    HH:MM:SS     Idx   MB/s   MB/s 
campaigns/q4-conditional-admission-20261006T010859Z/diagnostics/conditional/32k/telemetry/pcie-dmon.log:187: trailing whitespace.
+ 20261006    03:35:48       0  11360    418 
campaigns/q4-conditional-admission-20261006T010859Z/diagnostics/conditional/32k/telemetry/pcie-dmon.log:188: trailing whitespace.
+ 20261006    03:35:48       1   1514    422 
campaigns/q4-conditional-admission-20261006T010859Z/diagnostics/conditional/32k/telemetry/pcie-dmon.log:189: trailing whitespace.
+ 20261006    03:35:49       0   2290    585 
campaigns/q4-conditional-admission-20261006T010859Z/diagnostics/conditional/32k/telemetry/pcie-dmon.log:190: trailing whitespace.
+ 20261006    03:35:49       1   3811     46 
campaigns/q4-conditional-admission-20261006T010859Z/diagnostics/conditional/32k/telemetry/pcie-dmon.log:191: trailing whitespace.
+ 20261006    03:35:50       0    993     86 
campaigns/q4-conditional-admission-20261006T010859Z/diagnostics/conditional/32k/telemetry/pcie-dmon.log:192: trailing whitespace.
+ 20261006    03:35:50       1   1016   1015 
campaigns/q4-conditional-admission-20261006T010859Z/diagnostics/conditional/32k/telemetry/pcie-dmon.log:193: trailing whitespace.
+ 20261006    03:35:51       0    675    236 
campaigns/q4-conditional-admission-20261006T010859Z/diagnostics/conditional/32k/telemetry/pcie-dmon.log:194: trailing whitespace.
+ 20261006    03:35:51       1   6415    125 
campaigns/q4-conditional-admission-20261006T010859Z/diagnostics/conditional/32k/telemetry/pcie-dmon.log:195: trailing whitespace.
+ 20261006    03:35:52       0   1188    183 
campaigns/q4-conditional-admission-20261006T010859Z/diagnostics/conditional/32k/telemetry/pcie-dmon.log:196: trailing whitespace.
+ 20261006    03:35:52       1   3440    146 
campaigns/q4-conditional-admission-20261006T010859Z/diagnostics/conditional/32k/telemetry/pcie-dmon.log:197: trailing whitespace.
+ 20261006    03:35:54       0   4705    762 
campaigns/q4-conditional-admission-20261006T010859Z/diagnostics/conditional/32k/telemetry/pcie-dmon.log:198: trailing whitespace.
+ 20261006    03:35:54       1    316    129 
campaigns/q4-conditional-admission-20261006T010859Z/diagnostics/conditional/32k/telemetry/pcie-dmon.log:199: trailing whitespace.
+ 20261006    03:35:55       0   2033    332 
campaigns/q4-conditional-admission-20261006T010859Z/diagnostics/conditional/32k/telemetry/pcie-dmon.log:200: trailing whitespace.
+ 20261006    03:35:55       1    869    192 
campaigns/q4-conditional-admission-20261006T010859Z/diagnostics/conditional/32k/telemetry/pcie-dmon.log:201: trailing whitespace.
+ 20261006    03:35:56       0   9077    266 
campaigns/q4-conditional-admission-20261006T010859Z/diagnostics/conditional/32k/telemetry/pcie-dmon.log:202: trailing whitespace.
+ 20261006    03:35:56       1    173      0 
campaigns/q4-conditional-admission-20261006T010859Z/diagnostics/conditional/32k/telemetry/pcie-dmon.log:203: trailing whitespace.
+ 20261006    03:35:57       0   7166     57 
campaigns/q4-conditional-admission-20261006T010859Z/diagnostics/conditional/32k/telemetry/pcie-dmon.log:204: trailing whitespace.
+ 20261006    03:35:57       1      0    284 
campaigns/q4-conditional-admission-20261006T010859Z/diagnostics/conditional/32k/telemetry/pcie-dmon.log:205: trailing whitespace.
+ 20261006    03:35:58       0   9808    320 
campaigns/q4-conditional-admission-20261006T010859Z/diagnostics/conditional/32k/telemetry/pcie-dmon.log:206: trailing whitespace.
+ 20261006    03:35:58       1    524    252 
campaigns/q4-conditional-admission-20261006T010859Z/diagnostics/conditional/32k/telemetry/pcie-dmon.log:207: trailing whitespace.
+ 20261006    03:35:59       0   1186    113 
campaigns/q4-conditional-admission-20261006T010859Z/diagnostics/conditional/32k/telemetry/pcie-dmon.log:208: trailing whitespace.
+ 20261006    03:35:59       1   1183     48 
campaigns/q4-conditional-admission-20261006T010859Z/diagnostics/conditional/32k/telemetry/pcie-dmon.log:209: trailing whitespace.
+ 20261006    03:36:00       0   4483     94 
campaigns/q4-conditional-admission-20261006T010859Z/diagnostics/conditional/32k/telemetry/pcie-dmon.log:210: trailing whitespace.
+ 20261006    03:36:00       1    512    703 
campaigns/q4-conditional-admission-20261006T010859Z/diagnostics/conditional/32k/telemetry/pcie-dmon.log:211: trailing whitespace.
+ 20261006    03:36:01       0   1845    425 
campaigns/q4-conditional-admission-20261006T010859Z/diagnostics/conditional/32k/telemetry/pcie-dmon.log:212: trailing whitespace.
+ 20261006    03:36:01       1   1235    138 
campaigns/q4-conditional-admission-20261006T010859Z/diagnostics/conditional/32k/telemetry/pcie-dmon.log:213: trailing whitespace.
+ 20261006    03:36:02       0   3021    708 
campaigns/q4-conditional-admission-20261006T010859Z/diagnostics/conditional/32k/telemetry/pcie-dmon.log:214: trailing whitespace.
+ 20261006    03:36:02       1   1561    260 
campaigns/q4-conditional-admission-20261006T010859Z/diagnostics/conditional/32k/telemetry/pcie-dmon.log:215: trailing whitespace.
+ 20261006    03:36:03       0   4742    201 
campaigns/q4-conditional-admission-20261006T010859Z/diagnostics/conditional/32k/telemetry/pcie-dmon.log:216: trailing whitespace.
+ 20261006    03:36:03       1   1802     32 
campaigns/q4-conditional-admission-20261006T010859Z/diagnostics/conditional/32k/telemetry/pcie-dmon.log:217: trailing whitespace.
+ 20261006    03:36:04       0    982    653 
campaigns/q4-conditional-admission-20261006T010859Z/diagnostics/conditional/32k/telemetry/pcie-dmon.log:218: trailing whitespace.
+ 20261006    03:36:04       1   4685     12 
campaigns/q4-conditional-admission-20261006T010859Z/diagnostics/conditional/32k/telemetry/pcie-dmon.log:219: trailing whitespace.
+ 20261006    03:36:06       0    658    636 
campaigns/q4-conditional-admission-20261006T010859Z/diagnostics/conditional/32k/telemetry/pcie-dmon.log:220: trailing whitespace.
+ 20261006    03:36:06       1   8329    189 
campaigns/q4-conditional-admission-20261006T010859Z/diagnostics/conditional/32k/telemetry/pcie-dmon.log:221: trailing whitespace.
+ 20261006    03:36:07       0   2505     73 
campaigns/q4-conditional-admission-20261006T010859Z/diagnostics/conditional/32k/telemetry/pcie-dmon.log:222: trailing whitespace.
+ 20261006    03:36:07       1   1845    662 
campaigns/q4-conditional-admission-20261006T010859Z/diagnostics/conditional/32k/telemetry/pcie-dmon.log:223: trailing whitespace.
+ 20261006    03:36:08       0   1333    580 
campaigns/q4-conditional-admission-20261006T010859Z/diagnostics/conditional/32k/telemetry/pcie-dmon.log:224: trailing whitespace.
+ 20261006    03:36:08       1   2743     60 
campaigns/q4-conditional-admission-20261006T010859Z/diagnostics/conditional/32k/telemetry/pcie-dmon.log:225: trailing whitespace.
+ 20261006    03:36:09       0   8375     71 
campaigns/q4-conditional-admission-20261006T010859Z/diagnostics/conditional/32k/telemetry/pcie-dmon.log:226: trailing whitespace.
+ 20261006    03:36:09       1    184     37 
campaigns/q4-conditional-admission-20261006T010859Z/diagnostics/conditional/32k/telemetry/pcie-dmon.log:227: trailing whitespace.
+ 20261006    03:36:10       0    168    708 
campaigns/q4-conditional-admission-20261006T010859Z/diagnostics/conditional/32k/telemetry/pcie-dmon.log:228: trailing whitespace.
+ 20261006    03:36:10       1   2832    173 
campaigns/q4-conditional-admission-20261006T010859Z/diagnostics/conditional/32k/telemetry/pcie-dmon.log:229: trailing whitespace.
+ 20261006    03:36:11       0   6319    905 
campaigns/q4-conditional-admission-20261006T010859Z/diagnostics/conditional/32k/telemetry/pcie-dmon.log:230: trailing whitespace.
+ 20261006    03:36:11       1    176    115 
campaigns/q4-conditional-admission-20261006T010859Z/diagnostics/conditional/32k/telemetry/pcie-dmon.log:231: trailing whitespace.
+#Date        Time         gpu  rxpci  txpci 
campaigns/q4-conditional-admission-20261006T010859Z/diagnostics/conditional/32k/telemetry/pcie-dmon.log:232: trailing whitespace.
+#YYYYMMDD    HH:MM:SS     Idx   MB/s   MB/s 
campaigns/q4-conditional-admission-20261006T010859Z/diagnostics/conditional/32k/telemetry/pcie-dmon.log:233: trailing whitespace.
+ 20261006    03:36:12       0    665    401 
campaigns/q4-conditional-admission-20261006T010859Z/diagnostics/conditional/32k/telemetry/pcie-dmon.log:234: trailing whitespace.
+ 20261006    03:36:12       1   1004    145 
campaigns/q4-conditional-admission-20261006T010859Z/diagnostics/conditional/32k/telemetry/pcie-dmon.log:235: trailing whitespace.
+ 20261006    03:36:13       0    512    144 
campaigns/q4-conditional-admission-20261006T010859Z/diagnostics/conditional/32k/telemetry/pcie-dmon.log:236: trailing whitespace.
+ 20261006    03:36:13       1    551     74 
campaigns/q4-conditional-admission-20261006T010859Z/diagnostics/conditional/32k/telemetry/pcie-dmon.log:237: trailing whitespace.
+ 20261006    03:36:14       0    197   1190 
campaigns/q4-conditional-admission-20261006T010859Z/diagnostics/conditional/32k/telemetry/pcie-dmon.log:238: trailing whitespace.
+ 20261006    03:36:14       1   1793    179 
campaigns/q4-conditional-admission-20261006T010859Z/diagnostics/conditional/32k/telemetry/pcie-dmon.log:239: trailing whitespace.
+ 20261006    03:36:15       0   8227     42 
campaigns/q4-conditional-admission-20261006T010859Z/diagnostics/conditional/32k/telemetry/pcie-dmon.log:240: trailing whitespace.
+ 20261006    03:36:15       1    836    206 
campaigns/q4-conditional-admission-20261006T010859Z/diagnostics/conditional/32k/telemetry/pcie-dmon.log:241: trailing whitespace.
+ 20261006    03:36:16       0     31    513 
campaigns/q4-conditional-admission-20261006T010859Z/diagnostics/conditional/32k/telemetry/pcie-dmon.log:242: trailing whitespace.
+ 20261006    03:36:16       1   3182    109 
campaigns/q4-conditional-admission-20261006T010859Z/diagnostics/conditional/32k/telemetry/pcie-dmon.log:243: trailing whitespace.
+ 20261006    03:36:17       0   1195    718 
campaigns/q4-conditional-admission-20261006T010859Z/diagnostics/conditional/32k/telemetry/pcie-dmon.log:244: trailing whitespace.
+ 20261006    03:36:17       1   6939      1 
campaigns/q4-conditional-admission-20261006T010859Z/diagnostics/conditional/32k/telemetry/pcie-dmon.log:245: trailing whitespace.
+ 20261006    03:36:19       0   4257    351 
campaigns/q4-conditional-admission-20261006T010859Z/diagnostics/conditional/32k/telemetry/pcie-dmon.log:246: trailing whitespace.
+ 20261006    03:36:19       1   6488    197 
campaigns/q4-conditional-admission-20261006T010859Z/diagnostics/conditional/32k/telemetry/pcie-dmon.log:247: trailing whitespace.
+ 20261006    03:36:20       0   3013    231 
campaigns/q4-conditional-admission-20261006T010859Z/diagnostics/conditional/32k/telemetry/pcie-dmon.log:248: trailing whitespace.
+ 20261006    03:36:20       1   6495    243 
campaigns/q4-conditional-admission-20261006T010859Z/diagnostics/conditional/32k/telemetry/pcie-dmon.log:249: trailing whitespace.
+ 20261006    03:36:21       0  10207     86 
campaigns/q4-conditional-admission-20261006T010859Z/diagnostics/conditional/32k/telemetry/pcie-dmon.log:250: trailing whitespace.
+ 20261006    03:36:21       1    172    315 
campaigns/q4-conditional-admission-20261006T010859Z/diagnostics/conditional/32k/telemetry/pcie-dmon.log:251: trailing whitespace.
+ 20261006    03:36:22       0   1148    108 
campaigns/q4-conditional-admission-20261006T010859Z/diagnostics/conditional/32k/telemetry/pcie-dmon.log:252: trailing whitespace.
+ 20261006    03:36:22       1     18    111 
campaigns/q4-conditional-admission-20261006T010859Z/diagnostics/conditional/32k/telemetry/pcie-dmon.log:253: trailing whitespace.
+ 20261006    03:36:23       0   5709     33 
campaigns/q4-conditional-admission-20261006T010859Z/diagnostics/conditional/32k/telemetry/pcie-dmon.log:254: trailing whitespace.
+ 20261006    03:36:23       1   6542      1 
campaigns/q4-conditional-admission-20261006T010859Z/diagnostics/conditional/32k/telemetry/pcie-dmon.log:255: trailing whitespace.
+ 20261006    03:36:24       0   2041    182 
campaigns/q4-conditional-admission-20261006T010859Z/diagnostics/conditional/32k/telemetry/pcie-dmon.log:256: trailing whitespace.
+ 20261006    03:36:24       1      6    203 
campaigns/q4-conditional-admission-20261006T010859Z/diagnostics/conditional/32k/telemetry/pcie-dmon.log:257: trailing whitespace.
+ 20261006    03:36:25       0   9824     64 
campaigns/q4-conditional-admission-20261006T010859Z/diagnostics/conditional/32k/telemetry/pcie-dmon.log:258: trailing whitespace.
+ 20261006    03:36:25       1   1961    137 
campaigns/q4-conditional-admission-20261006T010859Z/diagnostics/conditional/32k/telemetry/pcie-dmon.log:259: trailing whitespace.
+ 20261006    03:36:26       0   9161    814 
campaigns/q4-conditional-admission-20261006T010859Z/diagnostics/conditional/32k/telemetry/pcie-dmon.log:260: trailing whitespace.
+ 20261006    03:36:26       1   4257    270 
campaigns/q4-conditional-admission-20261006T010859Z/diagnostics/conditional/32k/telemetry/pcie-dmon.log:261: trailing whitespace.
+ 20261006    03:36:27       0    542    255 
campaigns/q4-conditional-admission-20261006T010859Z/diagnostics/conditional/32k/telemetry/pcie-dmon.log:262: trailing whitespace.
+ 20261006    03:36:27       1    670    182 
campaigns/q4-conditional-admission-20261006T010859Z/diagnostics/conditional/32k/telemetry/pcie-dmon.log:263: trailing whitespace.
+ 20261006    03:36:28       0    506    210 
campaigns/q4-conditional-admission-20261006T010859Z/diagnostics/conditional/32k/telemetry/pcie-dmon.log:264: trailing whitespace.
+ 20261006    03:36:28       1   2585    195 
campaigns/q4-conditional-admission-20261006T010859Z/diagnostics/conditional/32k/telemetry/pcie-dmon.log:265: trailing whitespace.
+ 20261006    03:36:29       0     45      1 
campaigns/q4-conditional-admission-20261006T010859Z/diagnostics/conditional/32k/telemetry/pcie-dmon.log:266: trailing whitespace.
+ 20261006    03:36:29       1      0      0 
campaigns/q4-conditional-admission-20261006T010859Z/diagnostics/conditional/32k/telemetry/pcie-dmon.log:267: trailing whitespace.
+ 20261006    03:36:32       0      0      0 
campaigns/q4-conditional-admission-20261006T010859Z/diagnostics/conditional/32k/telemetry/pcie-dmon.log:268: trailing whitespace.
+ 20261006    03:36:32       1      0      0 
campaigns/q4-conditional-admission-20261006T010859Z/diagnostics/reactive-only/32k/raw/run-response.txt:150: trailing whitespace.
+ 
campaigns/q4-conditional-admission-20261006T010859Z/diagnostics/reactive-only/32k/raw/run-response.txt:173: trailing whitespace.
+ 
campaigns/q4-conditional-admission-20261006T010859Z/diagnostics/reactive-only/32k/raw/run-response.txt:206: trailing whitespace.
+ 
campaigns/q4-conditional-admission-20261006T010859Z/diagnostics/reactive-only/32k/telemetry/pcie-dmon.log:1: trailing whitespace.
+#Date        Time         gpu  rxpci  txpci 
campaigns/q4-conditional-admission-20261006T010859Z/diagnostics/reactive-only/32k/telemetry/pcie-dmon.log:2: trailing whitespace.
+#YYYYMMDD    HH:MM:SS     Idx   MB/s   MB/s 
campaigns/q4-conditional-admission-20261006T010859Z/diagnostics/reactive-only/32k/telemetry/pcie-dmon.log:3: trailing whitespace.
+ 20261006    03:31:16       0     11      0 
campaigns/q4-conditional-admission-20261006T010859Z/diagnostics/reactive-only/32k/telemetry/pcie-dmon.log:4: trailing whitespace.
+ 20261006    03:31:16       1      0      0 
campaigns/q4-conditional-admission-20261006T010859Z/diagnostics/reactive-only/32k/telemetry/pcie-dmon.log:5: trailing whitespace.
+ 20261006    03:31:17       0      0      0 
campaigns/q4-conditional-admission-20261006T010859Z/diagnostics/reactive-only/32k/telemetry/pcie-dmon.log:6: trailing whitespace.
+ 20261006    03:31:17       1      0      0 
campaigns/q4-conditional-admission-20261006T010859Z/diagnostics/reactive-only/32k/telemetry/pcie-dmon.log:7: trailing whitespace.
+ 20261006    03:31:18       0      0      0 
campaigns/q4-conditional-admission-20261006T010859Z/diagnostics/reactive-only/32k/telemetry/pcie-dmon.log:8: trailing whitespace.
+ 20261006    03:31:18       1      0      0 
campaigns/q4-conditional-admission-20261006T010859Z/diagnostics/reactive-only/32k/telemetry/pcie-dmon.log:9: trailing whitespace.
+ 20261006    03:31:19       0      0      0 
campaigns/q4-conditional-admission-20261006T010859Z/diagnostics/reactive-only/32k/telemetry/pcie-dmon.log:10: trailing whitespace.
+ 20261006    03:31:19       1      0      0 
campaigns/q4-conditional-admission-20261006T010859Z/diagnostics/reactive-only/32k/telemetry/pcie-dmon.log:11: trailing whitespace.
+ 20261006    03:31:21       0      0      0 
campaigns/q4-conditional-admission-20261006T010859Z/diagnostics/reactive-only/32k/telemetry/pcie-dmon.log:12: trailing whitespace.
+ 20261006    03:31:21       1      0      0 
campaigns/q4-conditional-admission-20261006T010859Z/diagnostics/reactive-only/32k/telemetry/pcie-dmon.log:13: trailing whitespace.
+ 20261006    03:31:22       0      0      0 
campaigns/q4-conditional-admission-20261006T010859Z/diagnostics/reactive-only/32k/telemetry/pcie-dmon.log:14: trailing whitespace.
+ 20261006    03:31:22       1      0      0 
campaigns/q4-conditional-admission-20261006T010859Z/diagnostics/reactive-only/32k/telemetry/pcie-dmon.log:15: trailing whitespace.
+ 20261006    03:31:23       0      0      0 
campaigns/q4-conditional-admission-20261006T010859Z/diagnostics/reactive-only/32k/telemetry/pcie-dmon.log:16: trailing whitespace.
+ 20261006    03:31:23       1      0      0 
campaigns/q4-conditional-admission-20261006T010859Z/diagnostics/reactive-only/32k/telemetry/pcie-dmon.log:17: trailing whitespace.
+ 20261006    03:31:24       0      0      0 
campaigns/q4-conditional-admission-20261006T010859Z/diagnostics/reactive-only/32k/telemetry/pcie-dmon.log:18: trailing whitespace.
+ 20261006    03:31:24       1      0      0 
campaigns/q4-conditional-admission-20261006T010859Z/diagnostics/reactive-only/32k/telemetry/pcie-dmon.log:19: trailing whitespace.
+ 20261006    03:31:25       0      0      0 
campaigns/q4-conditional-admission-20261006T010859Z/diagnostics/reactive-only/32k/telemetry/pcie-dmon.log:20: trailing whitespace.
+ 20261006    03:31:25       1      0      0 
campaigns/q4-conditional-admission-20261006T010859Z/diagnostics/reactive-only/32k/telemetry/pcie-dmon.log:21: trailing whitespace.
+ 20261006    03:31:26       0   1175    252 
campaigns/q4-conditional-admission-20261006T010859Z/diagnostics/reactive-only/32k/telemetry/pcie-dmon.log:22: trailing whitespace.
+ 20261006    03:31:26       1      0      0 
campaigns/q4-conditional-admission-20261006T010859Z/diagnostics/reactive-only/32k/telemetry/pcie-dmon.log:23: trailing whitespace.
+ 20261006    03:31:27       0    869    137 
campaigns/q4-conditional-admission-20261006T010859Z/diagnostics/reactive-only/32k/telemetry/pcie-dmon.log:24: trailing whitespace.
+ 20261006    03:31:27       1      0      0 
campaigns/q4-conditional-admission-20261006T010859Z/diagnostics/reactive-only/32k/telemetry/pcie-dmon.log:25: trailing whitespace.
+ 20261006    03:31:28       0    897    168 
campaigns/q4-conditional-admission-20261006T010859Z/diagnostics/reactive-only/32k/telemetry/pcie-dmon.log:26: trailing whitespace.
+ 20261006    03:31:28       1      0      0 
campaigns/q4-conditional-admission-20261006T010859Z/diagnostics/reactive-only/32k/telemetry/pcie-dmon.log:27: trailing whitespace.
+ 20261006    03:31:29       0      1      0 
campaigns/q4-conditional-admission-20261006T010859Z/diagnostics/reactive-only/32k/telemetry/pcie-dmon.log:28: trailing whitespace.
+ 20261006    03:31:29       1    300     82 
campaigns/q4-conditional-admission-20261006T010859Z/diagnostics/reactive-only/32k/telemetry/pcie-dmon.log:29: trailing whitespace.
+ 20261006    03:31:30       0      0      0 
campaigns/q4-conditional-admission-20261006T010859Z/diagnostics/reactive-only/32k/telemetry/pcie-dmon.log:30: trailing whitespace.
+ 20261006    03:31:30       1   1309    141 
campaigns/q4-conditional-admission-20261006T010859Z/diagnostics/reactive-only/32k/telemetry/pcie-dmon.log:31: trailing whitespace.
+ 20261006    03:31:31       0      0      0 
campaigns/q4-conditional-admission-20261006T010859Z/diagnostics/reactive-only/32k/telemetry/pcie-dmon.log:32: trailing whitespace.
+ 20261006    03:31:31       1   2867    324 
campaigns/q4-conditional-admission-20261006T010859Z/diagnostics/reactive-only/32k/telemetry/pcie-dmon.log:33: trailing whitespace.
+ 20261006    03:31:33       0      0      0 
campaigns/q4-conditional-admission-20261006T010859Z/diagnostics/reactive-only/32k/telemetry/pcie-dmon.log:34: trailing whitespace.
+ 20261006    03:31:33       1   1094    125 
campaigns/q4-conditional-admission-20261006T010859Z/diagnostics/reactive-only/32k/telemetry/pcie-dmon.log:35: trailing whitespace.
+ 20261006    03:31:34       0      0      0 
campaigns/q4-conditional-admission-20261006T010859Z/diagnostics/reactive-only/32k/telemetry/pcie-dmon.log:36: trailing whitespace.
+ 20261006    03:31:34       1    880    283 
campaigns/q4-conditional-admission-20261006T010859Z/diagnostics/reactive-only/32k/telemetry/pcie-dmon.log:37: trailing whitespace.
+ 20261006    03:31:35       0      0      0 
campaigns/q4-conditional-admission-20261006T010859Z/diagnostics/reactive-only/32k/telemetry/pcie-dmon.log:38: trailing whitespace.
+ 20261006    03:31:35       1      0      0 
campaigns/q4-conditional-admission-20261006T010859Z/diagnostics/reactive-only/32k/telemetry/pcie-dmon.log:39: trailing whitespace.
+ 20261006    03:31:36       0      0      0 
campaigns/q4-conditional-admission-20261006T010859Z/diagnostics/reactive-only/32k/telemetry/pcie-dmon.log:40: trailing whitespace.
+ 20261006    03:31:36       1      0      0 
campaigns/q4-conditional-admission-20261006T010859Z/diagnostics/reactive-only/32k/telemetry/pcie-dmon.log:41: trailing whitespace.
+ 20261006    03:31:37       0      0      0 
campaigns/q4-conditional-admission-20261006T010859Z/diagnostics/reactive-only/32k/telemetry/pcie-dmon.log:42: trailing whitespace.
+ 20261006    03:31:37       1      0      0 
campaigns/q4-conditional-admission-20261006T010859Z/diagnostics/reactive-only/32k/telemetry/pcie-dmon.log:43: trailing whitespace.
+ 20261006    03:31:38       0      0      0 
campaigns/q4-conditional-admission-20261006T010859Z/diagnostics/reactive-only/32k/telemetry/pcie-dmon.log:44: trailing whitespace.
+ 20261006    03:31:38       1      0      0 
campaigns/q4-conditional-admission-20261006T010859Z/diagnostics/reactive-only/32k/telemetry/pcie-dmon.log:45: trailing whitespace.
+ 20261006    03:31:39       0      0      0 
campaigns/q4-conditional-admission-20261006T010859Z/diagnostics/reactive-only/32k/telemetry/pcie-dmon.log:46: trailing whitespace.
+ 20261006    03:31:39       1      0      0 
campaigns/q4-conditional-admission-20261006T010859Z/diagnostics/reactive-only/32k/telemetry/pcie-dmon.log:47: trailing whitespace.
+#Date        Time         gpu  rxpci  txpci 
campaigns/q4-conditional-admission-20261006T010859Z/diagnostics/reactive-only/32k/telemetry/pcie-dmon.log:48: trailing whitespace.
+#YYYYMMDD    HH:MM:SS     Idx   MB/s   MB/s 
campaigns/q4-conditional-admission-20261006T010859Z/diagnostics/reactive-only/32k/telemetry/pcie-dmon.log:49: trailing whitespace.
+ 20261006    03:31:40       0      4     11 
campaigns/q4-conditional-admission-20261006T010859Z/diagnostics/reactive-only/32k/telemetry/pcie-dmon.log:50: trailing whitespace.
+ 20261006    03:31:40       1      0      0 
campaigns/q4-conditional-admission-20261006T010859Z/diagnostics/reactive-only/32k/telemetry/pcie-dmon.log:51: trailing whitespace.
+ 20261006    03:31:41       0      0      0 
campaigns/q4-conditional-admission-20261006T010859Z/diagnostics/reactive-only/32k/telemetry/pcie-dmon.log:52: trailing whitespace.
+ 20261006    03:31:41       1      0      0 
campaigns/q4-conditional-admission-20261006T010859Z/diagnostics/reactive-only/32k/telemetry/pcie-dmon.log:53: trailing whitespace.
+ 20261006    03:31:42       0      0      0 
campaigns/q4-conditional-admission-20261006T010859Z/diagnostics/reactive-only/32k/telemetry/pcie-dmon.log:54: trailing whitespace.
+ 20261006    03:31:42       1      0      0 
campaigns/q4-conditional-admission-20261006T010859Z/diagnostics/reactive-only/32k/telemetry/pcie-dmon.log:55: trailing whitespace.
+ 20261006    03:31:43       0      0      0 
campaigns/q4-conditional-admission-20261006T010859Z/diagnostics/reactive-only/32k/telemetry/pcie-dmon.log:56: trailing whitespace.
+ 20261006    03:31:43       1      0      0 
campaigns/q4-conditional-admission-20261006T010859Z/diagnostics/reactive-only/32k/telemetry/pcie-dmon.log:57: trailing whitespace.
+ 20261006    03:31:45       0      0      0 
campaigns/q4-conditional-admission-20261006T010859Z/diagnostics/reactive-only/32k/telemetry/pcie-dmon.log:58: trailing whitespace.
+ 20261006    03:31:45       1      0      0 
campaigns/q4-conditional-admission-20261006T010859Z/diagnostics/reactive-only/32k/telemetry/pcie-dmon.log:59: trailing whitespace.
+ 20261006    03:31:46       0      0      0 
campaigns/q4-conditional-admission-20261006T010859Z/diagnostics/reactive-only/32k/telemetry/pcie-dmon.log:60: trailing whitespace.
+ 20261006    03:31:46       1      0      0 
campaigns/q4-conditional-admission-20261006T010859Z/diagnostics/reactive-only/32k/telemetry/pcie-dmon.log:61: trailing whitespace.
+ 20261006    03:31:47       0      0      0 
campaigns/q4-conditional-admission-20261006T010859Z/diagnostics/reactive-only/32k/telemetry/pcie-dmon.log:62: trailing whitespace.
+ 20261006    03:31:47       1      0      0 
campaigns/q4-conditional-admission-20261006T010859Z/diagnostics/reactive-only/32k/telemetry/pcie-dmon.log:63: trailing whitespace.
+ 20261006    03:31:48       0      0      0 
campaigns/q4-conditional-admission-20261006T010859Z/diagnostics/reactive-only/32k/telemetry/pcie-dmon.log:64: trailing whitespace.
+ 20261006    03:31:48       1      0      0 
campaigns/q4-conditional-admission-20261006T010859Z/diagnostics/reactive-only/32k/telemetry/pcie-dmon.log:65: trailing whitespace.
+ 20261006    03:31:49       0      0     38 
campaigns/q4-conditional-admission-20261006T010859Z/diagnostics/reactive-only/32k/telemetry/pcie-dmon.log:66: trailing whitespace.
+ 20261006    03:31:49       1      6      0 
campaigns/q4-conditional-admission-20261006T010859Z/diagnostics/reactive-only/32k/telemetry/pcie-dmon.log:67: trailing whitespace.
+ 20261006    03:31:50       0      9      3 
campaigns/q4-conditional-admission-20261006T010859Z/diagnostics/reactive-only/32k/telemetry/pcie-dmon.log:68: trailing whitespace.
+ 20261006    03:31:50       1    100     22 
campaigns/q4-conditional-admission-20261006T010859Z/diagnostics/reactive-only/32k/telemetry/pcie-dmon.log:69: trailing whitespace.
+ 20261006    03:31:51       0      0      0 
campaigns/q4-conditional-admission-20261006T010859Z/diagnostics/reactive-only/32k/telemetry/pcie-dmon.log:70: trailing whitespace.
+ 20261006    03:31:51       1      0      0 
campaigns/q4-conditional-admission-20261006T010859Z/diagnostics/reactive-only/32k/telemetry/pcie-dmon.log:71: trailing whitespace.
+ 20261006    03:31:53       0      0      0 
campaigns/q4-conditional-admission-20261006T010859Z/diagnostics/reactive-only/32k/telemetry/pcie-dmon.log:72: trailing whitespace.
+ 20261006    03:31:53       1      0      0 
campaigns/q4-conditional-admission-20261006T010859Z/diagnostics/reactive-only/32k/telemetry/pcie-dmon.log:73: trailing whitespace.
+ 20261006    03:31:54       0      0      0 
campaigns/q4-conditional-admission-20261006T010859Z/diagnostics/reactive-only/32k/telemetry/pcie-dmon.log:74: trailing whitespace.
+ 20261006    03:31:54       1      0      0 
campaigns/q4-conditional-admission-20261006T010859Z/diagnostics/reactive-only/32k/telemetry/pcie-dmon.log:75: trailing whitespace.
+ 20261006    03:31:55       0      0      0 
campaigns/q4-conditional-admission-20261006T010859Z/diagnostics/reactive-only/32k/telemetry/pcie-dmon.log:76: trailing whitespace.
+ 20261006    03:31:55       1      0      0 
campaigns/q4-conditional-admission-20261006T010859Z/diagnostics/reactive-only/32k/telemetry/pcie-dmon.log:77: trailing whitespace.
+ 20261006    03:31:56       0      0      0 
campaigns/q4-conditional-admission-20261006T010859Z/diagnostics/reactive-only/32k/telemetry/pcie-dmon.log:78: trailing whitespace.
+ 20261006    03:31:56       1      0      0 
campaigns/q4-conditional-admission-20261006T010859Z/diagnostics/reactive-only/32k/telemetry/pcie-dmon.log:79: trailing whitespace.
+ 20261006    03:31:57       0      0      0 
campaigns/q4-conditional-admission-20261006T010859Z/diagnostics/reactive-only/32k/telemetry/pcie-dmon.log:80: trailing whitespace.
+ 20261006    03:31:57       1      0      0 
campaigns/q4-conditional-admission-20261006T010859Z/diagnostics/reactive-only/32k/telemetry/pcie-dmon.log:81: trailing whitespace.
+ 20261006    03:31:59       0      0      0 
campaigns/q4-conditional-admission-20261006T010859Z/diagnostics/reactive-only/32k/telemetry/pcie-dmon.log:82: trailing whitespace.
+ 20261006    03:31:59       1      0      0 
campaigns/q4-conditional-admission-20261006T010859Z/diagnostics/reactive-only/32k/telemetry/pcie-dmon.log:83: trailing whitespace.
+ 20261006    03:32:01       0      0      0 
campaigns/q4-conditional-admission-20261006T010859Z/diagnostics/reactive-only/32k/telemetry/pcie-dmon.log:84: trailing whitespace.
+ 20261006    03:32:01       1      0      0 
campaigns/q4-conditional-admission-20261006T010859Z/diagnostics/reactive-only/32k/telemetry/pcie-dmon.log:85: trailing whitespace.
+ 20261006    03:32:02       0      0      0 
campaigns/q4-conditional-admission-20261006T010859Z/diagnostics/reactive-only/32k/telemetry/pcie-dmon.log:86: trailing whitespace.
+ 20261006    03:32:02       1      0      0 
campaigns/q4-conditional-admission-20261006T010859Z/diagnostics/reactive-only/32k/telemetry/pcie-dmon.log:87: trailing whitespace.
+ 20261006    03:32:04       0      0      0 
campaigns/q4-conditional-admission-20261006T010859Z/diagnostics/reactive-only/32k/telemetry/pcie-dmon.log:88: trailing whitespace.
+ 20261006    03:32:04       1      0      0 
campaigns/q4-conditional-admission-20261006T010859Z/diagnostics/reactive-only/32k/telemetry/pcie-dmon.log:89: trailing whitespace.
+ 20261006    03:32:06       0      1      0 
campaigns/q4-conditional-admission-20261006T010859Z/diagnostics/reactive-only/32k/telemetry/pcie-dmon.log:90: trailing whitespace.
+ 20261006    03:32:06       1      0      0 
campaigns/q4-conditional-admission-20261006T010859Z/diagnostics/reactive-only/32k/telemetry/pcie-dmon.log:91: trailing whitespace.
+ 20261006    03:32:08       0      0      0 
campaigns/q4-conditional-admission-20261006T010859Z/diagnostics/reactive-only/32k/telemetry/pcie-dmon.log:92: trailing whitespace.
+ 20261006    03:32:08       1      0      0 
campaigns/q4-conditional-admission-20261006T010859Z/diagnostics/reactive-only/32k/telemetry/pcie-dmon.log:93: trailing whitespace.
+#Date        Time         gpu  rxpci  txpci 
campaigns/q4-conditional-admission-20261006T010859Z/diagnostics/reactive-only/32k/telemetry/pcie-dmon.log:94: trailing whitespace.
+#YYYYMMDD    HH:MM:SS     Idx   MB/s   MB/s 
campaigns/q4-conditional-admission-20261006T010859Z/diagnostics/reactive-only/32k/telemetry/pcie-dmon.log:95: trailing whitespace.
+ 20261006    03:32:10       0      0      0 
campaigns/q4-conditional-admission-20261006T010859Z/diagnostics/reactive-only/32k/telemetry/pcie-dmon.log:96: trailing whitespace.
+ 20261006    03:32:10       1      0      0 
campaigns/q4-conditional-admission-20261006T010859Z/diagnostics/reactive-only/32k/telemetry/pcie-dmon.log:97: trailing whitespace.
+ 20261006    03:32:13       0      0      0 
campaigns/q4-conditional-admission-20261006T010859Z/diagnostics/reactive-only/32k/telemetry/pcie-dmon.log:98: trailing whitespace.
+ 20261006    03:32:13       1      0      0 
campaigns/q4-conditional-admission-20261006T010859Z/diagnostics/reactive-only/32k/telemetry/pcie-dmon.log:99: trailing whitespace.
+ 20261006    03:32:14       0      0      0 
campaigns/q4-conditional-admission-20261006T010859Z/diagnostics/reactive-only/32k/telemetry/pcie-dmon.log:100: trailing whitespace.
+ 20261006    03:32:14       1      0      0 
campaigns/q4-conditional-admission-20261006T010859Z/diagnostics/reactive-only/32k/telemetry/pcie-dmon.log:101: trailing whitespace.
+ 20261006    03:32:16       0      0      0 
campaigns/q4-conditional-admission-20261006T010859Z/diagnostics/reactive-only/32k/telemetry/pcie-dmon.log:102: trailing whitespace.
+ 20261006    03:32:16       1      0      0 
campaigns/q4-conditional-admission-20261006T010859Z/diagnostics/reactive-only/32k/telemetry/pcie-dmon.log:103: trailing whitespace.
+ 20261006    03:32:17       0      0      0 
campaigns/q4-conditional-admission-20261006T010859Z/diagnostics/reactive-only/32k/telemetry/pcie-dmon.log:104: trailing whitespace.
+ 20261006    03:32:17       1      0      0 
campaigns/q4-conditional-admission-20261006T010859Z/diagnostics/reactive-only/32k/telemetry/pcie-dmon.log:105: trailing whitespace.
+ 20261006    03:32:25       0      0      0 
campaigns/q4-conditional-admission-20261006T010859Z/diagnostics/reactive-only/32k/telemetry/pcie-dmon.log:106: trailing whitespace.
+ 20261006    03:32:25       1      0      0 
campaigns/q4-conditional-admission-20261006T010859Z/diagnostics/reactive-only/32k/telemetry/pcie-dmon.log:107: trailing whitespace.
+ 20261006    03:32:29       0      0      0 
campaigns/q4-conditional-admission-20261006T010859Z/diagnostics/reactive-only/32k/telemetry/pcie-dmon.log:108: trailing whitespace.
+ 20261006    03:32:29       1      0      0 
campaigns/q4-conditional-admission-20261006T010859Z/diagnostics/reactive-only/32k/telemetry/pcie-dmon.log:109: trailing whitespace.
+ 20261006    03:32:30       0      0      0 
campaigns/q4-conditional-admission-20261006T010859Z/diagnostics/reactive-only/32k/telemetry/pcie-dmon.log:110: trailing whitespace.
+ 20261006    03:32:30       1      0      0 
campaigns/q4-conditional-admission-20261006T010859Z/diagnostics/reactive-only/32k/telemetry/pcie-dmon.log:111: trailing whitespace.
+ 20261006    03:32:31       0      0      0 
campaigns/q4-conditional-admission-20261006T010859Z/diagnostics/reactive-only/32k/telemetry/pcie-dmon.log:112: trailing whitespace.
+ 20261006    03:32:31       1      0      0 
campaigns/q4-conditional-admission-20261006T010859Z/diagnostics/reactive-only/32k/telemetry/pcie-dmon.log:113: trailing whitespace.
+ 20261006    03:32:32       0      0      0 
campaigns/q4-conditional-admission-20261006T010859Z/diagnostics/reactive-only/32k/telemetry/pcie-dmon.log:114: trailing whitespace.
+ 20261006    03:32:32       1      0      0 
campaigns/q4-conditional-admission-20261006T010859Z/diagnostics/reactive-only/32k/telemetry/pcie-dmon.log:115: trailing whitespace.
+ 20261006    03:32:33       0      0      0 
campaigns/q4-conditional-admission-20261006T010859Z/diagnostics/reactive-only/32k/telemetry/pcie-dmon.log:116: trailing whitespace.
+ 20261006    03:32:33       1      0      0 
campaigns/q4-conditional-admission-20261006T010859Z/diagnostics/reactive-only/32k/telemetry/pcie-dmon.log:117: trailing whitespace.
+ 20261006    03:32:34       0      0      0 
campaigns/q4-conditional-admission-20261006T010859Z/diagnostics/reactive-only/32k/telemetry/pcie-dmon.log:118: trailing whitespace.
+ 20261006    03:32:34       1      0      0 
campaigns/q4-conditional-admission-20261006T010859Z/diagnostics/reactive-only/32k/telemetry/pcie-dmon.log:119: trailing whitespace.
+ 20261006    03:32:35       0      0      0 
campaigns/q4-conditional-admission-20261006T010859Z/diagnostics/reactive-only/32k/telemetry/pcie-dmon.log:120: trailing whitespace.
+ 20261006    03:32:35       1      0      0 
campaigns/q4-conditional-admission-20261006T010859Z/diagnostics/reactive-only/32k/telemetry/pcie-dmon.log:121: trailing whitespace.
+ 20261006    03:32:36       0      0      0 
campaigns/q4-conditional-admission-20261006T010859Z/diagnostics/reactive-only/32k/telemetry/pcie-dmon.log:122: trailing whitespace.
+ 20261006    03:32:36       1      0      0 
campaigns/q4-conditional-admission-20261006T010859Z/diagnostics/reactive-only/32k/telemetry/pcie-dmon.log:123: trailing whitespace.
+ 20261006    03:32:37       0      0      0 
campaigns/q4-conditional-admission-20261006T010859Z/diagnostics/reactive-only/32k/telemetry/pcie-dmon.log:124: trailing whitespace.
+ 20261006    03:32:37       1      0      0 
campaigns/q4-conditional-admission-20261006T010859Z/diagnostics/reactive-only/32k/telemetry/pcie-dmon.log:125: trailing whitespace.
+ 20261006    03:32:38       0      0      0 
campaigns/q4-conditional-admission-20261006T010859Z/diagnostics/reactive-only/32k/telemetry/pcie-dmon.log:126: trailing whitespace.
+ 20261006    03:32:38       1      0      0 
campaigns/q4-conditional-admission-20261006T010859Z/diagnostics/reactive-only/32k/telemetry/pcie-dmon.log:127: trailing whitespace.
+ 20261006    03:32:39       0      0      0 
campaigns/q4-conditional-admission-20261006T010859Z/diagnostics/reactive-only/32k/telemetry/pcie-dmon.log:128: trailing whitespace.
+ 20261006    03:32:39       1      0      0 
campaigns/q4-conditional-admission-20261006T010859Z/diagnostics/reactive-only/32k/telemetry/pcie-dmon.log:129: trailing whitespace.
+ 20261006    03:32:40       0      0      0 
campaigns/q4-conditional-admission-20261006T010859Z/diagnostics/reactive-only/32k/telemetry/pcie-dmon.log:130: trailing whitespace.
+ 20261006    03:32:40       1      0      0 
campaigns/q4-conditional-admission-20261006T010859Z/diagnostics/reactive-only/32k/telemetry/pcie-dmon.log:131: trailing whitespace.
+ 20261006    03:32:41       0      0      0 
campaigns/q4-conditional-admission-20261006T010859Z/diagnostics/reactive-only/32k/telemetry/pcie-dmon.log:132: trailing whitespace.
+ 20261006    03:32:41       1      0      0 
campaigns/q4-conditional-admission-20261006T010859Z/diagnostics/reactive-only/32k/telemetry/pcie-dmon.log:133: trailing whitespace.
+ 20261006    03:32:42       0      0      0 
campaigns/q4-conditional-admission-20261006T010859Z/diagnostics/reactive-only/32k/telemetry/pcie-dmon.log:134: trailing whitespace.
+ 20261006    03:32:42       1      0      0 
campaigns/q4-conditional-admission-20261006T010859Z/diagnostics/reactive-only/32k/telemetry/pcie-dmon.log:135: trailing whitespace.
+ 20261006    03:32:43       0      0      0 
campaigns/q4-conditional-admission-20261006T010859Z/diagnostics/reactive-only/32k/telemetry/pcie-dmon.log:136: trailing whitespace.
+ 20261006    03:32:43       1      0      0 
campaigns/q4-conditional-admission-20261006T010859Z/diagnostics/reactive-only/32k/telemetry/pcie-dmon.log:137: trailing whitespace.
+ 20261006    03:32:44       0      1     12 
campaigns/q4-conditional-admission-20261006T010859Z/diagnostics/reactive-only/32k/telemetry/pcie-dmon.log:138: trailing whitespace.
+ 20261006    03:32:44       1      2      0 
campaigns/q4-conditional-admission-20261006T010859Z/diagnostics/reactive-only/32k/telemetry/pcie-dmon.log:139: trailing whitespace.
+#Date        Time         gpu  rxpci  txpci 
campaigns/q4-conditional-admission-20261006T010859Z/diagnostics/reactive-only/32k/telemetry/pcie-dmon.log:140: trailing whitespace.
+#YYYYMMDD    HH:MM:SS     Idx   MB/s   MB/s 
campaigns/q4-conditional-admission-20261006T010859Z/diagnostics/reactive-only/32k/telemetry/pcie-dmon.log:141: trailing whitespace.
+ 20261006    03:32:45       0      0      0 
campaigns/q4-conditional-admission-20261006T010859Z/diagnostics/reactive-only/32k/telemetry/pcie-dmon.log:142: trailing whitespace.
+ 20261006    03:32:45       1      0      0 
campaigns/q4-conditional-admission-20261006T010859Z/diagnostics/reactive-only/32k/telemetry/pcie-dmon.log:143: trailing whitespace.
+ 20261006    03:32:46       0      0      0 
campaigns/q4-conditional-admission-20261006T010859Z/diagnostics/reactive-only/32k/telemetry/pcie-dmon.log:144: trailing whitespace.
+ 20261006    03:32:46       1      0      0 
campaigns/q4-conditional-admission-20261006T010859Z/diagnostics/reactive-only/32k/telemetry/pcie-dmon.log:145: trailing whitespace.
+ 20261006    03:32:47       0      0      0 
campaigns/q4-conditional-admission-20261006T010859Z/diagnostics/reactive-only/32k/telemetry/pcie-dmon.log:146: trailing whitespace.
+ 20261006    03:32:47       1      0      0 
campaigns/q4-conditional-admission-20261006T010859Z/diagnostics/reactive-only/32k/telemetry/pcie-dmon.log:147: trailing whitespace.
+ 20261006    03:32:48       0      0      0 
campaigns/q4-conditional-admission-20261006T010859Z/diagnostics/reactive-only/32k/telemetry/pcie-dmon.log:148: trailing whitespace.
+ 20261006    03:32:48       1      0      0 
campaigns/q4-conditional-admission-20261006T010859Z/diagnostics/reactive-only/32k/telemetry/pcie-dmon.log:149: trailing whitespace.
+ 20261006    03:32:49       0      0      0 
campaigns/q4-conditional-admission-20261006T010859Z/diagnostics/reactive-only/32k/telemetry/pcie-dmon.log:150: trailing whitespace.
+ 20261006    03:32:49       1      0      0 
campaigns/q4-conditional-admission-20261006T010859Z/diagnostics/reactive-only/32k/telemetry/pcie-dmon.log:151: trailing whitespace.
+ 20261006    03:32:50       0      0      0 
campaigns/q4-conditional-admission-20261006T010859Z/diagnostics/reactive-only/32k/telemetry/pcie-dmon.log:152: trailing whitespace.
+ 20261006    03:32:50       1      0      0 
campaigns/q4-conditional-admission-20261006T010859Z/diagnostics/reactive-only/32k/telemetry/pcie-dmon.log:153: trailing whitespace.
+ 20261006    03:32:51       0      0      0 
campaigns/q4-conditional-admission-20261006T010859Z/diagnostics/reactive-only/32k/telemetry/pcie-dmon.log:154: trailing whitespace.
+ 20261006    03:32:51       1      0      0 
campaigns/q4-conditional-admission-20261006T010859Z/diagnostics/reactive-only/32k/telemetry/pcie-dmon.log:155: trailing whitespace.
+ 20261006    03:32:52       0      0      0 
campaigns/q4-conditional-admission-20261006T010859Z/diagnostics/reactive-only/32k/telemetry/pcie-dmon.log:156: trailing whitespace.
+ 20261006    03:32:52       1      0      0 
campaigns/q4-conditional-admission-20261006T010859Z/diagnostics/reactive-only/32k/telemetry/pcie-dmon.log:157: trailing whitespace.
+ 20261006    03:32:53       0      0      0 
campaigns/q4-conditional-admission-20261006T010859Z/diagnostics/reactive-only/32k/telemetry/pcie-dmon.log:158: trailing whitespace.
+ 20261006    03:32:53       1      0      0 
campaigns/q4-conditional-admission-20261006T010859Z/diagnostics/reactive-only/32k/telemetry/pcie-dmon.log:159: trailing whitespace.
+ 20261006    03:32:54       0      0      0 
campaigns/q4-conditional-admission-20261006T010859Z/diagnostics/reactive-only/32k/telemetry/pcie-dmon.log:160: trailing whitespace.
+ 20261006    03:32:54       1      0      0 
campaigns/q4-conditional-admission-20261006T010859Z/diagnostics/reactive-only/32k/telemetry/pcie-dmon.log:161: trailing whitespace.
+ 20261006    03:32:55       0      1     12 
campaigns/q4-conditional-admission-20261006T010859Z/diagnostics/reactive-only/32k/telemetry/pcie-dmon.log:162: trailing whitespace.
+ 20261006    03:32:55       1      2      0 
campaigns/q4-conditional-admission-20261006T010859Z/diagnostics/reactive-only/32k/telemetry/pcie-dmon.log:163: trailing whitespace.
+ 20261006    03:32:56       0      0      0 
campaigns/q4-conditional-admission-20261006T010859Z/diagnostics/reactive-only/32k/telemetry/pcie-dmon.log:164: trailing whitespace.
+ 20261006    03:32:56       1      0      0 
campaigns/q4-conditional-admission-20261006T010859Z/diagnostics/reactive-only/32k/telemetry/pcie-dmon.log:165: trailing whitespace.
+ 20261006    03:32:57       0      0      0 
campaigns/q4-conditional-admission-20261006T010859Z/diagnostics/reactive-only/32k/telemetry/pcie-dmon.log:166: trailing whitespace.
+ 20261006    03:32:57       1      0      0 
campaigns/q4-conditional-admission-20261006T010859Z/diagnostics/reactive-only/32k/telemetry/pcie-dmon.log:167: trailing whitespace.
+ 20261006    03:32:58       0      0      0 
campaigns/q4-conditional-admission-20261006T010859Z/diagnostics/reactive-only/32k/telemetry/pcie-dmon.log:168: trailing whitespace.
+ 20261006    03:32:58       1      0      0 
campaigns/q4-conditional-admission-20261006T010859Z/diagnostics/reactive-only/32k/telemetry/pcie-dmon.log:169: trailing whitespace.
+ 20261006    03:32:59       0      0      0 
campaigns/q4-conditional-admission-20261006T010859Z/diagnostics/reactive-only/32k/telemetry/pcie-dmon.log:170: trailing whitespace.
+ 20261006    03:32:59       1      0      0 
campaigns/q4-conditional-admission-20261006T010859Z/diagnostics/reactive-only/32k/telemetry/pcie-dmon.log:171: trailing whitespace.
+ 20261006    03:33:00       0      0      0 
campaigns/q4-conditional-admission-20261006T010859Z/diagnostics/reactive-only/32k/telemetry/pcie-dmon.log:172: trailing whitespace.
+ 20261006    03:33:00       1      0      0 
campaigns/q4-conditional-admission-20261006T010859Z/diagnostics/reactive-only/32k/telemetry/pcie-dmon.log:173: trailing whitespace.
+ 20261006    03:33:01       0      0      0 
campaigns/q4-conditional-admission-20261006T010859Z/diagnostics/reactive-only/32k/telemetry/pcie-dmon.log:174: trailing whitespace.
+ 20261006    03:33:01       1      0      0 
campaigns/q4-conditional-admission-20261006T010859Z/diagnostics/reactive-only/32k/telemetry/pcie-dmon.log:175: trailing whitespace.
+ 20261006    03:33:02       0      0      0 
campaigns/q4-conditional-admission-20261006T010859Z/diagnostics/reactive-only/32k/telemetry/pcie-dmon.log:176: trailing whitespace.
+ 20261006    03:33:02       1      0      0 
campaigns/q4-conditional-admission-20261006T010859Z/diagnostics/reactive-only/32k/telemetry/pcie-dmon.log:177: trailing whitespace.
+ 20261006    03:33:03       0      0      0 
campaigns/q4-conditional-admission-20261006T010859Z/diagnostics/reactive-only/32k/telemetry/pcie-dmon.log:178: trailing whitespace.
+ 20261006    03:33:03       1      0      0 
campaigns/q4-conditional-admission-20261006T010859Z/diagnostics/reactive-only/32k/telemetry/pcie-dmon.log:179: trailing whitespace.
+ 20261006    03:33:04       0      0      0 
campaigns/q4-conditional-admission-20261006T010859Z/diagnostics/reactive-only/32k/telemetry/pcie-dmon.log:180: trailing whitespace.
+ 20261006    03:33:04       1      0      0 
campaigns/q4-conditional-admission-20261006T010859Z/diagnostics/reactive-only/32k/telemetry/pcie-dmon.log:181: trailing whitespace.
+ 20261006    03:33:05       0      0      0 
campaigns/q4-conditional-admission-20261006T010859Z/diagnostics/reactive-only/32k/telemetry/pcie-dmon.log:182: trailing whitespace.
+ 20261006    03:33:05       1      0      0 
campaigns/q4-conditional-admission-20261006T010859Z/diagnostics/reactive-only/32k/telemetry/pcie-dmon.log:183: trailing whitespace.
+ 20261006    03:33:06       0      0      2 
campaigns/q4-conditional-admission-20261006T010859Z/diagnostics/reactive-only/32k/telemetry/pcie-dmon.log:184: trailing whitespace.
+ 20261006    03:33:06       1     10      0 
campaigns/q4-conditional-admission-20261006T010859Z/diagnostics/reactive-only/32k/telemetry/pcie-dmon.log:185: trailing whitespace.
+#Date        Time         gpu  rxpci  txpci 
campaigns/q4-conditional-admission-20261006T010859Z/diagnostics/reactive-only/32k/telemetry/pcie-dmon.log:186: trailing whitespace.
+#YYYYMMDD    HH:MM:SS     Idx   MB/s   MB/s 
campaigns/q4-conditional-admission-20261006T010859Z/diagnostics/reactive-only/32k/telemetry/pcie-dmon.log:187: trailing whitespace.
+ 20261006    03:33:07       0      1      0 
campaigns/q4-conditional-admission-20261006T010859Z/diagnostics/reactive-only/32k/telemetry/pcie-dmon.log:188: trailing whitespace.
+ 20261006    03:33:07       1      0      0 
campaigns/q4-conditional-admission-20261006T010859Z/diagnostics/reactive-only/32k/telemetry/pcie-dmon.log:189: trailing whitespace.
+ 20261006    03:33:08       0  13548   1551 
campaigns/q4-conditional-admission-20261006T010859Z/diagnostics/reactive-only/32k/telemetry/pcie-dmon.log:190: trailing whitespace.
+ 20261006    03:33:08       1      0      0 
campaigns/q4-conditional-admission-20261006T010859Z/diagnostics/reactive-only/32k/telemetry/pcie-dmon.log:191: trailing whitespace.
+ 20261006    03:33:09       0  13517   1543 
campaigns/q4-conditional-admission-20261006T010859Z/diagnostics/reactive-only/32k/telemetry/pcie-dmon.log:192: trailing whitespace.
+ 20261006    03:33:09       1      0      0 
campaigns/q4-conditional-admission-20261006T010859Z/diagnostics/reactive-only/32k/telemetry/pcie-dmon.log:193: trailing whitespace.
+ 20261006    03:33:10       0      0      0 
campaigns/q4-conditional-admission-20261006T010859Z/diagnostics/reactive-only/32k/telemetry/pcie-dmon.log:194: trailing whitespace.
+ 20261006    03:33:10       1  13520   1538 
campaigns/q4-conditional-admission-20261006T010859Z/diagnostics/reactive-only/32k/telemetry/pcie-dmon.log:195: trailing whitespace.
+ 20261006    03:33:11       0     86      7 
campaigns/q4-conditional-admission-20261006T010859Z/diagnostics/reactive-only/32k/telemetry/pcie-dmon.log:196: trailing whitespace.
+ 20261006    03:33:11       1     83     13 
campaigns/q4-conditional-admission-20261006T010859Z/diagnostics/reactive-only/32k/telemetry/pcie-dmon.log:197: trailing whitespace.
+ 20261006    03:33:12       0    117     10 
campaigns/q4-conditional-admission-20261006T010859Z/diagnostics/reactive-only/32k/telemetry/pcie-dmon.log:198: trailing whitespace.
+ 20261006    03:33:12       1     73      0 
campaigns/q4-conditional-admission-20261006T010859Z/diagnostics/reactive-only/32k/telemetry/pcie-dmon.log:199: trailing whitespace.
+ 20261006    03:33:13       0      0      0 
campaigns/q4-conditional-admission-20261006T010859Z/diagnostics/reactive-only/32k/telemetry/pcie-dmon.log:200: trailing whitespace.
+ 20261006    03:33:13       1      0     10 
campaigns/q4-conditional-admission-20261006T010859Z/diagnostics/reactive-only/32k/telemetry/pcie-dmon.log:201: trailing whitespace.
+ 20261006    03:33:14       0      0      0 
campaigns/q4-conditional-admission-20261006T010859Z/diagnostics/reactive-only/32k/telemetry/pcie-dmon.log:202: trailing whitespace.
+ 20261006    03:33:14       1      0      0 
campaigns/q4-conditional-admission-20261006T010859Z/diagnostics/reactive-only/32k/telemetry/pcie-dmon.log:203: trailing whitespace.
+ 20261006    03:33:15       0      2      0 
campaigns/q4-conditional-admission-20261006T010859Z/diagnostics/reactive-only/32k/telemetry/pcie-dmon.log:204: trailing whitespace.
+ 20261006    03:33:15       1      3      0 
campaigns/q4-conditional-admission-20261006T010859Z/diagnostics/reactive-only/32k/telemetry/pcie-dmon.log:205: trailing whitespace.
+ 20261006    03:33:16       0  14108   1610 
campaigns/q4-conditional-admission-20261006T010859Z/diagnostics/reactive-only/32k/telemetry/pcie-dmon.log:206: trailing whitespace.
+ 20261006    03:33:16       1      0      0 
campaigns/q4-conditional-admission-20261006T010859Z/diagnostics/reactive-only/32k/telemetry/pcie-dmon.log:207: trailing whitespace.
+ 20261006    03:33:17       0      0      0 
campaigns/q4-conditional-admission-20261006T010859Z/diagnostics/reactive-only/32k/telemetry/pcie-dmon.log:208: trailing whitespace.
+ 20261006    03:33:17       1      0      0 
campaigns/q4-conditional-admission-20261006T010859Z/diagnostics/reactive-only/32k/telemetry/pcie-dmon.log:209: trailing whitespace.
+ 20261006    03:33:18       0      0      0 
campaigns/q4-conditional-admission-20261006T010859Z/diagnostics/reactive-only/32k/telemetry/pcie-dmon.log:210: trailing whitespace.
+ 20261006    03:33:18       1      0      0 
campaigns/q4-conditional-admission-20261006T010859Z/diagnostics/reactive-only/32k/telemetry/pcie-dmon.log:211: trailing whitespace.
+ 20261006    03:33:20       0  14091   1614 
campaigns/q4-conditional-admission-20261006T010859Z/diagnostics/reactive-only/32k/telemetry/pcie-dmon.log:212: trailing whitespace.
+ 20261006    03:33:20       1      0      0 
campaigns/q4-conditional-admission-20261006T010859Z/diagnostics/reactive-only/32k/telemetry/pcie-dmon.log:213: trailing whitespace.
+ 20261006    03:33:21       0  14085   1614 
campaigns/q4-conditional-admission-20261006T010859Z/diagnostics/reactive-only/32k/telemetry/pcie-dmon.log:214: trailing whitespace.
+ 20261006    03:33:21       1      0      0 
campaigns/q4-conditional-admission-20261006T010859Z/diagnostics/reactive-only/32k/telemetry/pcie-dmon.log:215: trailing whitespace.
+ 20261006    03:33:22       0      0      0 
campaigns/q4-conditional-admission-20261006T010859Z/diagnostics/reactive-only/32k/telemetry/pcie-dmon.log:216: trailing whitespace.
+ 20261006    03:33:22       1  14096   1614 
campaigns/q4-conditional-admission-20261006T010859Z/diagnostics/reactive-only/32k/telemetry/pcie-dmon.log:217: trailing whitespace.
+ 20261006    03:33:23       0  14093   1612 
campaigns/q4-conditional-admission-20261006T010859Z/diagnostics/reactive-only/32k/telemetry/pcie-dmon.log:218: trailing whitespace.
+ 20261006    03:33:23       1  14084   1608 
campaigns/q4-conditional-admission-20261006T010859Z/diagnostics/reactive-only/32k/telemetry/pcie-dmon.log:219: trailing whitespace.
+ 20261006    03:33:24       0      0      0 
campaigns/q4-conditional-admission-20261006T010859Z/diagnostics/reactive-only/32k/telemetry/pcie-dmon.log:220: trailing whitespace.
+ 20261006    03:33:24       1      0     13 
campaigns/q4-conditional-admission-20261006T010859Z/diagnostics/reactive-only/32k/telemetry/pcie-dmon.log:221: trailing whitespace.
+ 20261006    03:33:25       0      0      1 
campaigns/q4-conditional-admission-20261006T010859Z/diagnostics/reactive-only/32k/telemetry/pcie-dmon.log:222: trailing whitespace.
+ 20261006    03:33:25       1      0      0 
campaigns/q4-conditional-admission-20261006T010859Z/diagnostics/reactive-only/32k/telemetry/pcie-dmon.log:223: trailing whitespace.
+ 20261006    03:33:26       0  14315   1635 
campaigns/q4-conditional-admission-20261006T010859Z/diagnostics/reactive-only/32k/telemetry/pcie-dmon.log:224: trailing whitespace.
+ 20261006    03:33:26       1      0      0 
campaigns/q4-conditional-admission-20261006T010859Z/diagnostics/reactive-only/32k/telemetry/pcie-dmon.log:225: trailing whitespace.
+ 20261006    03:33:27       0  14103   1617 
campaigns/q4-conditional-admission-20261006T010859Z/diagnostics/reactive-only/32k/telemetry/pcie-dmon.log:226: trailing whitespace.
+ 20261006    03:33:27       1      0      0 
campaigns/q4-conditional-admission-20261006T010859Z/diagnostics/reactive-only/32k/telemetry/pcie-dmon.log:227: trailing whitespace.
+ 20261006    03:33:28       0      0      0 
campaigns/q4-conditional-admission-20261006T010859Z/diagnostics/reactive-only/32k/telemetry/pcie-dmon.log:228: trailing whitespace.
+ 20261006    03:33:28       1  14091   1627 
campaigns/q4-conditional-admission-20261006T010859Z/diagnostics/reactive-only/32k/telemetry/pcie-dmon.log:229: trailing whitespace.
+ 20261006    03:33:29       0  14108   1619 
campaigns/q4-conditional-admission-20261006T010859Z/diagnostics/reactive-only/32k/telemetry/pcie-dmon.log:230: trailing whitespace.
+ 20261006    03:33:29       1  14194   1615 
campaigns/q4-conditional-admission-20261006T010859Z/diagnostics/reactive-only/32k/telemetry/pcie-dmon.log:231: trailing whitespace.
+#Date        Time         gpu  rxpci  txpci 
campaigns/q4-conditional-admission-20261006T010859Z/diagnostics/reactive-only/32k/telemetry/pcie-dmon.log:232: trailing whitespace.
+#YYYYMMDD    HH:MM:SS     Idx   MB/s   MB/s 
campaigns/q4-conditional-admission-20261006T010859Z/diagnostics/reactive-only/32k/telemetry/pcie-dmon.log:233: trailing whitespace.
+ 20261006    03:33:30       0  14109   1621 
campaigns/q4-conditional-admission-20261006T010859Z/diagnostics/reactive-only/32k/telemetry/pcie-dmon.log:234: trailing whitespace.
+ 20261006    03:33:30       1      0      0 
campaigns/q4-conditional-admission-20261006T010859Z/diagnostics/reactive-only/32k/telemetry/pcie-dmon.log:235: trailing whitespace.
+ 20261006    03:33:31       0      0      0 
campaigns/q4-conditional-admission-20261006T010859Z/diagnostics/reactive-only/32k/telemetry/pcie-dmon.log:236: trailing whitespace.
+ 20261006    03:33:31       1  14125   1615 
campaigns/q4-conditional-admission-20261006T010859Z/diagnostics/reactive-only/32k/telemetry/pcie-dmon.log:237: trailing whitespace.
+ 20261006    03:33:32       0      0      0 
campaigns/q4-conditional-admission-20261006T010859Z/diagnostics/reactive-only/32k/telemetry/pcie-dmon.log:238: trailing whitespace.
+ 20261006    03:33:32       1  14197   1623 
campaigns/q4-conditional-admission-20261006T010859Z/diagnostics/reactive-only/32k/telemetry/pcie-dmon.log:239: trailing whitespace.
+ 20261006    03:33:33       0      0      0 
campaigns/q4-conditional-admission-20261006T010859Z/diagnostics/reactive-only/32k/telemetry/pcie-dmon.log:240: trailing whitespace.
+ 20261006    03:33:33       1      0      0 
campaigns/q4-conditional-admission-20261006T010859Z/diagnostics/reactive-only/32k/telemetry/pcie-dmon.log:241: trailing whitespace.
+ 20261006    03:33:34       0      0      0 
campaigns/q4-conditional-admission-20261006T010859Z/diagnostics/reactive-only/32k/telemetry/pcie-dmon.log:242: trailing whitespace.
+ 20261006    03:33:34       1      0      0 
campaigns/q4-conditional-admission-20261006T010859Z/diagnostics/reactive-only/32k/telemetry/pcie-dmon.log:243: trailing whitespace.
+ 20261006    03:33:35       0  14104   1615 
campaigns/q4-conditional-admission-20261006T010859Z/diagnostics/reactive-only/32k/telemetry/pcie-dmon.log:244: trailing whitespace.
+ 20261006    03:33:35       1      0      0 
campaigns/q4-conditional-admission-20261006T010859Z/diagnostics/reactive-only/32k/telemetry/pcie-dmon.log:245: trailing whitespace.
+ 20261006    03:33:36       0     10      0 
campaigns/q4-conditional-admission-20261006T010859Z/diagnostics/reactive-only/32k/telemetry/pcie-dmon.log:246: trailing whitespace.
+ 20261006    03:33:36       1  14094   1615 
campaigns/q4-conditional-admission-20261006T010859Z/diagnostics/reactive-only/32k/telemetry/pcie-dmon.log:247: trailing whitespace.
+ 20261006    03:33:37       0  14102   1614 
campaigns/q4-conditional-admission-20261006T010859Z/diagnostics/reactive-only/32k/telemetry/pcie-dmon.log:248: trailing whitespace.
+ 20261006    03:33:37       1  14090   1615 
campaigns/q4-conditional-admission-20261006T010859Z/diagnostics/reactive-only/32k/telemetry/pcie-dmon.log:249: trailing whitespace.
+ 20261006    03:33:38       0  14100   1620 
campaigns/q4-conditional-admission-20261006T010859Z/diagnostics/reactive-only/32k/telemetry/pcie-dmon.log:250: trailing whitespace.
+ 20261006    03:33:38       1      0      0 
campaigns/q4-conditional-admission-20261006T010859Z/diagnostics/reactive-only/32k/telemetry/pcie-dmon.log:251: trailing whitespace.
+ 20261006    03:33:39       0      0      0 
campaigns/q4-conditional-admission-20261006T010859Z/diagnostics/reactive-only/32k/telemetry/pcie-dmon.log:252: trailing whitespace.
+ 20261006    03:33:39       1  14136   1623 
campaigns/q4-conditional-admission-20261006T010859Z/diagnostics/reactive-only/32k/telemetry/pcie-dmon.log:253: trailing whitespace.
+ 20261006    03:33:40       0      0      0 
campaigns/q4-conditional-admission-20261006T010859Z/diagnostics/reactive-only/32k/telemetry/pcie-dmon.log:254: trailing whitespace.
+ 20261006    03:33:40       1    200     20 
campaigns/q4-conditional-admission-20261006T010859Z/diagnostics/reactive-only/32k/telemetry/pcie-dmon.log:255: trailing whitespace.
+ 20261006    03:33:41       0   2777    179 
campaigns/q4-conditional-admission-20261006T010859Z/diagnostics/reactive-only/32k/telemetry/pcie-dmon.log:256: trailing whitespace.
+ 20261006    03:33:41       1    341     68 
campaigns/q4-conditional-admission-20261006T010859Z/diagnostics/reactive-only/32k/telemetry/pcie-dmon.log:257: trailing whitespace.
+ 20261006    03:33:42       0   1803    147 
campaigns/q4-conditional-admission-20261006T010859Z/diagnostics/reactive-only/32k/telemetry/pcie-dmon.log:258: trailing whitespace.
+ 20261006    03:33:42       1    850    688 
campaigns/q4-conditional-admission-20261006T010859Z/diagnostics/reactive-only/32k/telemetry/pcie-dmon.log:259: trailing whitespace.
+ 20261006    03:33:43       0   1968    242 
campaigns/q4-conditional-admission-20261006T010859Z/diagnostics/reactive-only/32k/telemetry/pcie-dmon.log:260: trailing whitespace.
+ 20261006    03:33:43       1   3004    118 
campaigns/q4-conditional-admission-20261006T010859Z/diagnostics/reactive-only/32k/telemetry/pcie-dmon.log:261: trailing whitespace.
+ 20261006    03:33:44       0   1080    350 
campaigns/q4-conditional-admission-20261006T010859Z/diagnostics/reactive-only/32k/telemetry/pcie-dmon.log:262: trailing whitespace.
+ 20261006    03:33:44       1    701     64 
campaigns/q4-conditional-admission-20261006T010859Z/diagnostics/reactive-only/32k/telemetry/pcie-dmon.log:263: trailing whitespace.
+ 20261006    03:33:45       0   1714    131 
campaigns/q4-conditional-admission-20261006T010859Z/diagnostics/reactive-only/32k/telemetry/pcie-dmon.log:264: trailing whitespace.
+ 20261006    03:33:45       1   2249    447 
campaigns/q4-conditional-admission-20261006T010859Z/diagnostics/reactive-only/32k/telemetry/pcie-dmon.log:265: trailing whitespace.
+ 20261006    03:33:46       0    342    107 
campaigns/q4-conditional-admission-20261006T010859Z/diagnostics/reactive-only/32k/telemetry/pcie-dmon.log:266: trailing whitespace.
+ 20261006    03:33:46       1    673    907 
campaigns/q4-conditional-admission-20261006T010859Z/diagnostics/reactive-only/32k/telemetry/pcie-dmon.log:267: trailing whitespace.
+ 20261006    03:33:47       0   1647    651 
campaigns/q4-conditional-admission-20261006T010859Z/diagnostics/reactive-only/32k/telemetry/pcie-dmon.log:268: trailing whitespace.
+ 20261006    03:33:47       1   1996    284 
campaigns/q4-conditional-admission-20261006T010859Z/diagnostics/reactive-only/32k/telemetry/pcie-dmon.log:269: trailing whitespace.
+ 20261006    03:33:48       0    190    143 
campaigns/q4-conditional-admission-20261006T010859Z/diagnostics/reactive-only/32k/telemetry/pcie-dmon.log:270: trailing whitespace.
+ 20261006    03:33:48       1   2587     29 
campaigns/q4-conditional-admission-20261006T010859Z/diagnostics/reactive-only/32k/telemetry/pcie-dmon.log:271: trailing whitespace.
+ 20261006    03:33:49       0   1364     65 
campaigns/q4-conditional-admission-20261006T010859Z/diagnostics/reactive-only/32k/telemetry/pcie-dmon.log:272: trailing whitespace.
+ 20261006    03:33:49       1    336    504 
campaigns/q4-conditional-admission-20261006T010859Z/diagnostics/reactive-only/32k/telemetry/pcie-dmon.log:273: trailing whitespace.
+ 20261006    03:33:50       0   1534    264 
campaigns/q4-conditional-admission-20261006T010859Z/diagnostics/reactive-only/32k/telemetry/pcie-dmon.log:274: trailing whitespace.
+ 20261006    03:33:50       1    206     28 
campaigns/q4-conditional-admission-20261006T010859Z/diagnostics/reactive-only/32k/telemetry/pcie-dmon.log:275: trailing whitespace.
+ 20261006    03:33:51       0   1049    217 
campaigns/q4-conditional-admission-20261006T010859Z/diagnostics/reactive-only/32k/telemetry/pcie-dmon.log:276: trailing whitespace.
+ 20261006    03:33:51       1     15    524 
campaigns/q4-conditional-admission-20261006T010859Z/diagnostics/reactive-only/32k/telemetry/pcie-dmon.log:277: trailing whitespace.
+#Date        Time         gpu  rxpci  txpci 
campaigns/q4-conditional-admission-20261006T010859Z/diagnostics/reactive-only/32k/telemetry/pcie-dmon.log:278: trailing whitespace.
+#YYYYMMDD    HH:MM:SS     Idx   MB/s   MB/s 
campaigns/q4-conditional-admission-20261006T010859Z/diagnostics/reactive-only/32k/telemetry/pcie-dmon.log:279: trailing whitespace.
+ 20261006    03:33:52       0    687    160 
campaigns/q4-conditional-admission-20261006T010859Z/diagnostics/reactive-only/32k/telemetry/pcie-dmon.log:280: trailing whitespace.
+ 20261006    03:33:52       1      5    594 
campaigns/q4-conditional-admission-20261006T010859Z/diagnostics/reactive-only/32k/telemetry/pcie-dmon.log:281: trailing whitespace.
+ 20261006    03:33:53       0    183    431 
campaigns/q4-conditional-admission-20261006T010859Z/diagnostics/reactive-only/32k/telemetry/pcie-dmon.log:282: trailing whitespace.
+ 20261006    03:33:53       1   6764     78 
campaigns/q4-conditional-admission-20261006T010859Z/diagnostics/reactive-only/32k/telemetry/pcie-dmon.log:283: trailing whitespace.
+ 20261006    03:33:54       0    341    518 
campaigns/q4-conditional-admission-20261006T010859Z/diagnostics/reactive-only/32k/telemetry/pcie-dmon.log:284: trailing whitespace.
+ 20261006    03:33:54       1    182     10 
campaigns/q4-conditional-admission-20261006T010859Z/diagnostics/reactive-only/32k/telemetry/pcie-dmon.log:285: trailing whitespace.
+ 20261006    03:33:55       0   1523   1247 
campaigns/q4-conditional-admission-20261006T010859Z/diagnostics/reactive-only/32k/telemetry/pcie-dmon.log:286: trailing whitespace.
+ 20261006    03:33:55       1    870     14 
campaigns/q4-conditional-admission-20261006T010859Z/diagnostics/reactive-only/32k/telemetry/pcie-dmon.log:287: trailing whitespace.
+ 20261006    03:33:56       0    349     64 
campaigns/q4-conditional-admission-20261006T010859Z/diagnostics/reactive-only/32k/telemetry/pcie-dmon.log:288: trailing whitespace.
+ 20261006    03:33:56       1   1191    119 
campaigns/q4-conditional-admission-20261006T010859Z/diagnostics/reactive-only/32k/telemetry/pcie-dmon.log:289: trailing whitespace.
+ 20261006    03:33:57       0  12063    382 
campaigns/q4-conditional-admission-20261006T010859Z/diagnostics/reactive-only/32k/telemetry/pcie-dmon.log:290: trailing whitespace.
+ 20261006    03:33:57       1    524    339 
campaigns/q4-conditional-admission-20261006T010859Z/diagnostics/reactive-only/32k/telemetry/pcie-dmon.log:291: trailing whitespace.
+ 20261006    03:33:58       0  10145    252 
campaigns/q4-conditional-admission-20261006T010859Z/diagnostics/reactive-only/32k/telemetry/pcie-dmon.log:292: trailing whitespace.
+ 20261006    03:33:58       1   1039     79 
campaigns/q4-conditional-admission-20261006T010859Z/diagnostics/reactive-only/32k/telemetry/pcie-dmon.log:293: trailing whitespace.
+ 20261006    03:33:59       0   1559    174 
campaigns/q4-conditional-admission-20261006T010859Z/diagnostics/reactive-only/32k/telemetry/pcie-dmon.log:294: trailing whitespace.
+ 20261006    03:33:59       1    174    605 
campaigns/q4-conditional-admission-20261006T010859Z/diagnostics/reactive-only/32k/telemetry/pcie-dmon.log:295: trailing whitespace.
+ 20261006    03:34:00       0    349    208 
campaigns/q4-conditional-admission-20261006T010859Z/diagnostics/reactive-only/32k/telemetry/pcie-dmon.log:296: trailing whitespace.
+ 20261006    03:34:00       1    343    288 
campaigns/q4-conditional-admission-20261006T010859Z/diagnostics/reactive-only/32k/telemetry/pcie-dmon.log:297: trailing whitespace.
+ 20261006    03:34:01       0    840    700 
campaigns/q4-conditional-admission-20261006T010859Z/diagnostics/reactive-only/32k/telemetry/pcie-dmon.log:298: trailing whitespace.
+ 20261006    03:34:01       1   1661     16 
campaigns/q4-conditional-admission-20261006T010859Z/diagnostics/reactive-only/32k/telemetry/pcie-dmon.log:299: trailing whitespace.
+ 20261006    03:34:02       0   1442    498 
campaigns/q4-conditional-admission-20261006T010859Z/diagnostics/reactive-only/32k/telemetry/pcie-dmon.log:300: trailing whitespace.
+ 20261006    03:34:02       1   3120    290 
campaigns/q4-conditional-admission-20261006T010859Z/diagnostics/reactive-only/32k/telemetry/pcie-dmon.log:301: trailing whitespace.
+ 20261006    03:34:03       0   8124    228 
campaigns/q4-conditional-admission-20261006T010859Z/diagnostics/reactive-only/32k/telemetry/pcie-dmon.log:302: trailing whitespace.
+ 20261006    03:34:03       1    361     34 
campaigns/q4-conditional-admission-20261006T010859Z/diagnostics/reactive-only/32k/telemetry/pcie-dmon.log:303: trailing whitespace.
+ 20261006    03:34:04       0   3121    311 
campaigns/q4-conditional-admission-20261006T010859Z/diagnostics/reactive-only/32k/telemetry/pcie-dmon.log:304: trailing whitespace.
+ 20261006    03:34:04       1   6298     98 
campaigns/q4-conditional-admission-20261006T010859Z/diagnostics/reactive-only/32k/telemetry/pcie-dmon.log:305: trailing whitespace.
+ 20261006    03:34:05       0    814    286 
campaigns/q4-conditional-admission-20261006T010859Z/diagnostics/reactive-only/32k/telemetry/pcie-dmon.log:306: trailing whitespace.
+ 20261006    03:34:05       1   7177    103 
campaigns/q4-conditional-admission-20261006T010859Z/diagnostics/reactive-only/32k/telemetry/pcie-dmon.log:307: trailing whitespace.
+ 20261006    03:34:06       0    500    390 
campaigns/q4-conditional-admission-20261006T010859Z/diagnostics/reactive-only/32k/telemetry/pcie-dmon.log:308: trailing whitespace.
+ 20261006    03:34:06       1   2897    124 
campaigns/q4-conditional-admission-20261006T010859Z/diagnostics/reactive-only/32k/telemetry/pcie-dmon.log:309: trailing whitespace.
+ 20261006    03:34:07       0   3195    187 
campaigns/q4-conditional-admission-20261006T010859Z/diagnostics/reactive-only/32k/telemetry/pcie-dmon.log:310: trailing whitespace.
+ 20261006    03:34:07       1    512    264 
campaigns/q4-conditional-admission-20261006T010859Z/diagnostics/reactive-only/32k/telemetry/pcie-dmon.log:311: trailing whitespace.
+ 20261006    03:34:08       0   2114    268 
campaigns/q4-conditional-admission-20261006T010859Z/diagnostics/reactive-only/32k/telemetry/pcie-dmon.log:312: trailing whitespace.
+ 20261006    03:34:08       1   2331    620 
campaigns/q4-conditional-admission-20261006T010859Z/diagnostics/reactive-only/32k/telemetry/pcie-dmon.log:313: trailing whitespace.
+ 20261006    03:34:09       0   4806   1096 
campaigns/q4-conditional-admission-20261006T010859Z/diagnostics/reactive-only/32k/telemetry/pcie-dmon.log:314: trailing whitespace.
+ 20261006    03:34:09       1   3480    125 
campaigns/q4-conditional-admission-20261006T010859Z/summary.csv:1: trailing whitespace.
+variant,context,valid_runs,actual_input_tokens,PP,TG,TTFT_s,wall_s,local_vram_share_all_pct,cpu_fallback_entries,nonlocal_gpu_entries,issued,rejected_before_copy,copied_GB,unpublished_GB,published,victim_absent_entries,feature_ms,score_selection_ms
campaigns/q4-conditional-admission-20261006T010859Z/summary.csv:2: trailing whitespace.
+control,32k,3,28379,1577.3,93.9,18.16920502402354,61.7877134240116,90.02286854559581,195875,30119,,,,,,,,
campaigns/q4-conditional-admission-20261006T010859Z/summary.csv:3: trailing whitespace.
+conditional,32k,3,28379,1608.9,108.4,17.713816573028453,55.397846553009,90.00658511943422,191601,29965,2171,3925,6.669312,4.42368,731,3179,40.399758,2.130754
campaigns/q4-conditional-admission-20261006T010859Z/summary.csv:4: trailing whitespace.
+control,128k,3,126716,1786.3,90.7,71.4838701209519,116.79489401000319,89.448826661408,221528,35296,,,,,,,,
campaigns/q4-conditional-admission-20261006T010859Z/summary.csv:5: trailing whitespace.
+conditional,128k,3,126716,1790.3,90.0,71.05999443802284,116.46006337995641,88.91495297701834,230241,37556,2097,4790,6.441984,4.076544,770,3444,43.651155,2.390875
campaigns/q4-conditional-admission-20261006T010859Z/summary.csv:6: trailing whitespace.
+control,256k,3,257783,2103.5,87.4,123.07515134499408,169.9131318969885,90.0892742453436,213972,32924,,,,,,,,
campaigns/q4-conditional-admission-20261006T010859Z/summary.csv:7: trailing whitespace.
+conditional,256k,3,257783,2071.3,86.1,125.56701460899785,173.12063818401657,90.20619264572832,209629,32850,1749,5340,5.372928,3.293184,677,3013,43.747,2.350614
