window,layer,group,phase,device,gpu_us,T,tokens,token_base,CPU,local,mapped,remote,entry_count,host_dispatch_us
29,2,0,0,0,8.191999979317188,1,1,0,0,10,0,0,10,0.911
29,2,0,1,0,32.76799991726875,1,1,0,0,10,0,0,10,0.911
29,2,0,2,0,8.191999979317188,1,1,0,0,10,0,0,10,0.911
29,2,0,3,0,4.095999989658594,1,1,0,0,10,0,0,10,0.911
29,24,0,0,0,8.191999979317188,1,1,0,0,10,0,0,10,0.64
29,24,0,1,0,31.74399957060814,1,1,0,0,10,0,0,10,0.64
29,24,0,2,0,9.216000325977802,1,1,0,0,10,0,0,10,0.64
29,24,0,3,0,4.095999989658594,1,1,0,0,10,0,0,10,0.64
29,40,0,0,1,9.216000325977802,1,1,0,0,10,0,0,10,1.9
29,40,0,1,1,34.81600061058998,1,1,0,0,10,0,0,10,1.9
29,40,0,2,1,9.216000325977802,1,1,0,0,10,0,0,10,1.9
29,40,0,3,1,4.095999989658594,1,1,0,0,10,0,0,10,1.9
30,2,0,0,0,8.191999979317188,4,4,0,0,40,0,0,40,3.729
30,2,0,1,0,56.32000043988228,4,4,0,0,40,0,0,40,3.729
30,2,0,2,0,9.216000325977802,4,4,0,0,40,0,0,40,3.729
30,2,0,3,0,4.095999989658594,4,4,0,0,40,0,0,40,3.729
30,24,0,0,0,8.191999979317188,4,4,0,0,40,0,0,40,3.909
30,24,0,1,0,58.36800113320351,4,4,0,0,40,0,0,40,3.909
30,24,0,2,0,9.216000325977802,4,4,0,0,40,0,0,40,3.909
30,24,0,3,0,4.095999989658594,4,4,0,0,40,0,0,40,3.909
30,40,0,0,1,2149.3759155273438,4,4,0,0,40,0,0,40,2.251
30,40,0,1,1,84.99199897050858,4,4,0,0,40,0,0,40,2.251
30,40,0,2,1,8.191999979317188,4,4,0,0,40,0,0,40,2.251
30,40,0,3,1,4.095999989658594,4,4,0,0,40,0,0,40,2.251
31,2,0,0,0,9.216000325977802,1,1,0,0,10,0,0,10,0.98
31,2,0,1,0,32.76799991726875,1,1,0,0,10,0,0,10,0.98
31,2,0,2,0,9.216000325977802,1,1,0,0,10,0,0,10,0.98
31,2,0,3,0,4.095999989658594,1,1,0,0,10,0,0,10,0.98
31,24,0,0,0,8.191999979317188,1,1,0,0,10,0,0,10,1.04
31,24,0,1,0,31.74399957060814,1,1,0,0,10,0,0,10,1.04
31,24,0,2,0,8.191999979317188,1,1,0,0,10,0,0,10,1.04
31,24,0,3,0,5.119999870657921,1,1,0,0,10,0,0,10,1.04
31,40,0,0,1,9.216000325977802,1,1,0,0,10,0,0,10,0.74
31,40,0,1,1,34.81600061058998,1,1,0,0,10,0,0,10,0.74
31,40,0,2,1,8.191999979317188,1,1,0,0,10,0,0,10,0.74
31,40,0,3,1,4.095999989658594,1,1,0,0,10,0,0,10,0.74
32,2,0,0,0,8.191999979317188,3,3,0,1,29,0,0,30,327.189
32,2,0,1,0,58.36800113320351,3,3,0,1,29,0,0,30,327.189
32,2,0,2,0,9.216000325977802,3,3,0,1,29,0,0,30,327.189
32,2,0,3,0,250.88000297546387,3,3,0,1,29,0,0,30,327.189
32,24,0,0,0,8.191999979317188,3,3,0,0,30,0,0,30,3.42
32,24,0,1,0,53.247999399900436,3,3,0,0,30,0,0,30,3.42
32,24,0,2,0,8.191999979317188,3,3,0,0,30,0,0,30,3.42
32,24,0,3,0,4.095999989658594,3,3,0,0,30,0,0,30,3.42
32,40,0,0,1,8.191999979317188,3,3,0,1,29,0,0,30,80.179
32,40,0,1,1,58.36800113320351,3,3,0,1,29,0,0,30,80.179
32,40,0,2,1,9.216000325977802,3,3,0,1,29,0,0,30,80.179
32,40,0,3,1,4.095999989658594,3,3,0,1,29,0,0,30,80.179
33,2,0,0,0,13.311999849975109,4,4,0,0,40,0,0,40,4.24
33,2,0,1,0,60.416001826524734,4,4,0,0,40,0,0,40,4.24
33,2,0,2,0,8.191999979317188,4,4,0,0,40,0,0,40,4.24
33,2,0,3,0,5.119999870657921,4,4,0,0,40,0,0,40,4.24
33,24,0,0,0,8.191999979317188,4,4,0,0,40,0,0,40,1.85
33,24,0,1,0,58.36800113320351,4,4,0,0,40,0,0,40,1.85
33,24,0,2,0,9.216000325977802,4,4,0,0,40,0,0,40,1.85
33,24,0,3,0,4.095999989658594,4,4,0,0,40,0,0,40,1.85
33,40,0,0,1,15.359999611973763,4,4,0,0,40,0,0,40,1.7
33,40,0,1,1,73.72800260782242,4,4,0,0,40,0,0,40,1.7
33,40,0,2,1,9.216000325977802,4,4,0,0,40,0,0,40,1.7
33,40,0,3,1,4.095999989658594,4,4,0,0,40,0,0,40,1.7
34,2,0,0,0,15.359999611973763,2,2,0,0,20,0,0,20,1.091
34,2,0,1,0,41.98399931192398,2,2,0,0,20,0,0,20,1.091
34,2,0,2,0,9.216000325977802,2,2,0,0,20,0,0,20,1.091
34,2,0,3,0,4.095999989658594,2,2,0,0,20,0,0,20,1.091
34,24,0,0,0,8.191999979317188,2,2,0,0,20,0,0,20,0.74
34,24,0,1,0,41.98399931192398,2,2,0,0,20,0,0,20,0.74
34,24,0,2,0,9.216000325977802,2,2,0,0,20,0,0,20,0.74
34,24,0,3,0,4.095999989658594,2,2,0,0,20,0,0,20,0.74
34,40,0,0,1,8.191999979317188,2,2,0,0,20,0,0,20,0.94
34,40,0,1,1,45.05600035190582,2,2,0,0,20,0,0,20,0.94
34,40,0,2,1,9.216000325977802,2,2,0,0,20,0,0,20,0.94
34,40,0,3,1,4.095999989658594,2,2,0,0,20,0,0,20,0.94
35,2,0,0,0,8.191999979317188,2,2,0,0,20,0,0,20,1.38
35,2,0,1,0,48.128001391887665,2,2,0,0,20,0,0,20,1.38
35,2,0,2,0,9.216000325977802,2,2,0,0,20,0,0,20,1.38
35,2,0,3,0,4.095999989658594,2,2,0,0,20,0,0,20,1.38
35,24,0,0,0,8.191999979317188,2,2,0,0,20,0,0,20,0.92
35,24,0,1,0,41.98399931192398,2,2,0,0,20,0,0,20,0.92
35,24,0,2,0,8.191999979317188,2,2,0,0,20,0,0,20,0.92
35,24,0,3,0,4.095999989658594,2,2,0,0,20,0,0,20,0.92
35,40,0,0,1,8.191999979317188,2,2,0,0,20,0,0,20,0.72
35,40,0,1,1,45.05600035190582,2,2,0,0,20,0,0,20,0.72
35,40,0,2,1,9.216000325977802,2,2,0,0,20,0,0,20,0.72
35,40,0,3,1,4.095999989658594,2,2,0,0,20,0,0,20,0.72
36,2,0,0,0,16.383999958634377,3,3,0,0,30,0,0,30,1.449
36,2,0,1,0,64.51199948787689,3,3,0,0,30,0,0,30,1.449
36,2,0,2,0,9.216000325977802,3,3,0,0,30,0,0,30,1.449
36,2,0,3,0,5.119999870657921,3,3,0,0,30,0,0,30,1.449
36,24,0,0,0,8.191999979317188,3,3,0,0,30,0,0,30,1.06
36,24,0,1,0,53.247999399900436,3,3,0,0,30,0,0,30,1.06
36,24,0,2,0,9.216000325977802,3,3,0,0,30,0,0,30,1.06
36,24,0,3,0,4.095999989658594,3,3,0,0,30,0,0,30,1.06
36,40,0,0,1,16.383999958634377,3,3,0,0,30,0,0,30,1.01
36,40,0,1,1,46.08000069856644,3,3,0,0,30,0,0,30,1.01
36,40,0,2,1,9.216000325977802,3,3,0,0,30,0,0,30,1.01
36,40,0,3,1,4.095999989658594,3,3,0,0,30,0,0,30,1.01
37,2,0,0,0,9.216000325977802,1,1,0,0,10,0,0,10,1.78
37,2,0,1,0,31.74399957060814,1,1,0,0,10,0,0,10,1.78
37,2,0,2,0,9.216000325977802,1,1,0,0,10,0,0,10,1.78
37,2,0,3,0,4.095999989658594,1,1,0,0,10,0,0,10,1.78
37,24,0,0,0,8.191999979317188,1,1,0,0,10,0,0,10,0.44
37,24,0,1,0,31.74399957060814,1,1,0,0,10,0,0,10,0.44
37,24,0,2,0,9.216000325977802,1,1,0,0,10,0,0,10,0.44
37,24,0,3,0,4.095999989658594,1,1,0,0,10,0,0,10,0.44
37,40,0,0,1,9.216000325977802,1,1,0,0,10,0,0,10,0.5
37,40,0,1,1,35.840000957250595,1,1,0,0,10,0,0,10,0.5
37,40,0,2,1,9.216000325977802,1,1,0,0,10,0,0,10,0.5
37,40,0,3,1,4.095999989658594,1,1,0,0,10,0,0,10,0.5
38,2,0,0,0,10.239999741315842,1,1,0,1,9,0,0,10,66.189
38,2,0,1,0,31.74399957060814,1,1,0,1,9,0,0,10,66.189
38,2,0,2,0,9.216000325977802,1,1,0,1,9,0,0,10,66.189
38,2,0,3,0,11.264000087976456,1,1,0,1,9,0,0,10,66.189
38,24,0,0,0,9.216000325977802,1,1,0,0,10,0,0,10,0.45
38,24,0,1,0,31.74399957060814,1,1,0,0,10,0,0,10,0.45
38,24,0,2,0,9.216000325977802,1,1,0,0,10,0,0,10,0.45
38,24,0,3,0,4.095999989658594,1,1,0,0,10,0,0,10,0.45
38,40,0,0,1,8.191999979317188,1,1,0,0,10,0,0,10,0.32
38,40,0,1,1,35.840000957250595,1,1,0,0,10,0,0,10,0.32
38,40,0,2,1,9.216000325977802,1,1,0,0,10,0,0,10,0.32
38,40,0,3,1,4.095999989658594,1,1,0,0,10,0,0,10,0.32
39,2,0,0,0,9.216000325977802,1,1,0,0,10,0,0,10,0.44
39,2,0,1,0,31.74399957060814,1,1,0,0,10,0,0,10,0.44
39,2,0,2,0,8.191999979317188,1,1,0,0,10,0,0,10,0.44
39,2,0,3,0,4.095999989658594,1,1,0,0,10,0,0,10,0.44
39,24,0,0,0,7.168000098317862,1,1,0,0,10,0,0,10,2.12
39,24,0,1,0,31.74399957060814,1,1,0,0,10,0,0,10,2.12
39,24,0,2,0,9.216000325977802,1,1,0,0,10,0,0,10,2.12
39,24,0,3,0,4.095999989658594,1,1,0,0,10,0,0,10,2.12
39,40,0,0,1,10.239999741315842,1,1,0,0,10,0,0,10,0.54
39,40,0,1,1,34.81600061058998,1,1,0,0,10,0,0,10,0.54
39,40,0,2,1,9.216000325977802,1,1,0,0,10,0,0,10,0.54
39,40,0,3,1,4.095999989658594,1,1,0,0,10,0,0,10,0.54
40,2,0,0,0,2686.9759559631348,1,1,0,0,10,0,0,10,0.84
40,2,0,1,0,32.76799991726875,1,1,0,0,10,0,0,10,0.84
40,2,0,2,0,9.216000325977802,1,1,0,0,10,0,0,10,0.84
40,2,0,3,0,5.119999870657921,1,1,0,0,10,0,0,10,0.84
40,24,0,0,0,9.216000325977802,1,1,0,0,10,0,0,10,0.3
40,24,0,1,0,32.76799991726875,1,1,0,0,10,0,0,10,0.3
40,24,0,2,0,9.216000325977802,1,1,0,0,10,0,0,10,0.3
40,24,0,3,0,5.119999870657921,1,1,0,0,10,0,0,10,0.3
40,40,0,0,1,8.191999979317188,1,1,0,0,10,0,0,10,0.44
40,40,0,1,1,35.840000957250595,1,1,0,0,10,0,0,10,0.44
40,40,0,2,1,9.216000325977802,1,1,0,0,10,0,0,10,0.44
40,40,0,3,1,4.095999989658594,1,1,0,0,10,0,0,10,0.44
41,2,0,0,0,8.191999979317188,2,2,0,0,20,0,0,20,1.36
41,2,0,1,0,45.05600035190582,2,2,0,0,20,0,0,20,1.36
41,2,0,2,0,8.191999979317188,2,2,0,0,20,0,0,20,1.36
41,2,0,3,0,4.095999989658594,2,2,0,0,20,0,0,20,1.36
41,24,0,0,0,8.191999979317188,2,2,0,0,20,0,0,20,1.24
41,24,0,1,0,51.19999870657921,2,2,0,0,20,0,0,20,1.24
41,24,0,2,0,8.191999979317188,2,2,0,0,20,0,0,20,1.24
41,24,0,3,0,4.095999989658594,2,2,0,0,20,0,0,20,1.24
41,40,0,0,1,10.239999741315842,2,2,0,0,20,0,0,20,1.1
41,40,0,1,1,45.05600035190582,2,2,0,0,20,0,0,20,1.1
41,40,0,2,1,9.216000325977802,2,2,0,0,20,0,0,20,1.1
41,40,0,3,1,4.095999989658594,2,2,0,0,20,0,0,20,1.1
42,2,0,0,0,9.216000325977802,2,2,0,2,18,0,0,20,67.2
42,2,0,1,0,36.86400130391121,2,2,0,2,18,0,0,20,67.2
42,2,0,2,0,10.239999741315842,2,2,0,2,18,0,0,20,67.2
42,2,0,3,0,7.168000098317862,2,2,0,2,18,0,0,20,67.2
42,24,0,0,0,8.191999979317188,2,2,0,0,20,0,0,20,1.32
42,24,0,1,0,41.98399931192398,2,2,0,0,20,0,0,20,1.32
42,24,0,2,0,8.191999979317188,2,2,0,0,20,0,0,20,1.32
42,24,0,3,0,4.095999989658594,2,2,0,0,20,0,0,20,1.32
42,40,0,0,1,9.216000325977802,2,2,0,0,20,0,0,20,1.08
42,40,0,1,1,43.007999658584595,2,2,0,0,20,0,0,20,1.08
42,40,0,2,1,9.216000325977802,2,2,0,0,20,0,0,20,1.08
42,40,0,3,1,4.095999989658594,2,2,0,0,20,0,0,20,1.08
43,2,0,0,0,8.191999979317188,4,4,0,2,38,0,0,40,208.919
43,2,0,1,0,78.84799689054489,4,4,0,2,38,0,0,40,208.919
43,2,0,2,0,8.191999979317188,4,4,0,2,38,0,0,40,208.919
43,2,0,3,0,109.56799983978271,4,4,0,2,38,0,0,40,208.919
43,24,0,0,0,8.191999979317188,4,4,0,0,40,0,0,40,2.43
43,24,0,1,0,65.5359998345375,4,4,0,0,40,0,0,40,2.43
43,24,0,2,0,9.216000325977802,4,4,0,0,40,0,0,40,2.43
43,24,0,3,0,4.095999989658594,4,4,0,0,40,0,0,40,2.43
43,40,0,0,1,8.191999979317188,4,4,0,0,40,0,0,40,3.23
43,40,0,1,1,59.39200147986412,4,4,0,0,40,0,0,40,3.23
43,40,0,2,1,9.216000325977802,4,4,0,0,40,0,0,40,3.23
43,40,0,3,1,4.095999989658594,4,4,0,0,40,0,0,40,3.23
44,2,0,0,0,15.359999611973763,2,2,0,1,19,0,0,20,150.979
44,2,0,1,0,51.19999870657921,2,2,0,1,19,0,0,20,150.979
44,2,0,2,0,8.191999979317188,2,2,0,1,19,0,0,20,150.979
44,2,0,3,0,70.65600156784058,2,2,0,1,19,0,0,20,150.979
44,24,0,0,0,9.216000325977802,2,2,0,0,20,0,0,20,1.08
44,24,0,1,0,58.36800113320351,2,2,0,0,20,0,0,20,1.08
44,24,0,2,0,9.216000325977802,2,2,0,0,20,0,0,20,1.08
44,24,0,3,0,4.095999989658594,2,2,0,0,20,0,0,20,1.08
44,40,0,0,1,17.40800030529499,2,2,0,0,20,0,0,20,1.13
44,40,0,1,1,46.08000069856644,2,2,0,0,20,0,0,20,1.13
44,40,0,2,1,9.216000325977802,2,2,0,0,20,0,0,20,1.13
44,40,0,3,1,3.0720001086592674,2,2,0,0,20,0,0,20,1.13
45,2,0,0,0,14.336000196635723,4,4,0,0,40,0,0,40,1.98
45,2,0,1,0,73.72800260782242,4,4,0,0,40,0,0,40,1.98
45,2,0,2,0,9.216000325977802,4,4,0,0,40,0,0,40,1.98
45,2,0,3,0,5.119999870657921,4,4,0,0,40,0,0,40,1.98
45,24,0,0,0,7.168000098317862,4,4,0,0,40,0,0,40,2.531
45,24,0,1,0,68.60800087451935,4,4,0,0,40,0,0,40,2.531
45,24,0,2,0,8.191999979317188,4,4,0,0,40,0,0,40,2.531
45,24,0,3,0,4.095999989658594,4,4,0,0,40,0,0,40,2.531
45,40,0,0,1,14.336000196635723,4,4,0,0,40,0,0,40,3.19
45,40,0,1,1,78.84799689054489,4,4,0,0,40,0,0,40,3.19
45,40,0,2,1,9.216000325977802,4,4,0,0,40,0,0,40,3.19
45,40,0,3,1,4.095999989658594,4,4,0,0,40,0,0,40,3.19
46,2,0,0,0,1993.7280416488647,3,3,0,1,29,0,0,30,118.32
46,2,0,1,0,68.60800087451935,3,3,0,1,29,0,0,30,118.32
46,2,0,2,0,9.216000325977802,3,3,0,1,29,0,0,30,118.32
46,2,0,3,0,32.76799991726875,3,3,0,1,29,0,0,30,118.32
46,24,0,0,0,8.191999979317188,3,3,0,0,30,0,0,30,2.431
46,24,0,1,0,62.463998794555664,3,3,0,0,30,0,0,30,2.431
46,24,0,2,0,9.216000325977802,3,3,0,0,30,0,0,30,2.431
46,24,0,3,0,4.095999989658594,3,3,0,0,30,0,0,30,2.431
46,40,0,0,1,14.336000196635723,3,3,0,0,30,0,0,30,1.231
46,40,0,1,1,49.15200173854828,3,3,0,0,30,0,0,30,1.231
46,40,0,2,1,8.191999979317188,3,3,0,0,30,0,0,30,1.231
46,40,0,3,1,4.095999989658594,3,3,0,0,30,0,0,30,1.231
47,2,0,0,0,9.216000325977802,1,1,0,0,10,0,0,10,0.54
47,2,0,1,0,31.74399957060814,1,1,0,0,10,0,0,10,0.54
47,2,0,2,0,8.191999979317188,1,1,0,0,10,0,0,10,0.54
47,2,0,3,0,5.119999870657921,1,1,0,0,10,0,0,10,0.54
47,24,0,0,0,8.191999979317188,1,1,0,0,10,0,0,10,0.53
47,24,0,1,0,31.74399957060814,1,1,0,0,10,0,0,10,0.53
47,24,0,2,0,9.216000325977802,1,1,0,0,10,0,0,10,0.53
47,24,0,3,0,4.095999989658594,1,1,0,0,10,0,0,10,0.53
47,40,0,0,1,10.239999741315842,1,1,0,0,10,0,0,10,0.49
47,40,0,1,1,35.840000957250595,1,1,0,0,10,0,0,10,0.49
47,40,0,2,1,8.191999979317188,1,1,0,0,10,0,0,10,0.49
47,40,0,3,1,4.095999989658594,1,1,0,0,10,0,0,10,0.49
48,2,0,0,0,2980.8640480041504,3,3,0,1,29,0,0,30,69.749
48,2,0,1,0,59.39200147986412,3,3,0,1,29,0,0,30,69.749
48,2,0,2,0,9.216000325977802,3,3,0,1,29,0,0,30,69.749
48,2,0,3,0,6.144000217318535,3,3,0,1,29,0,0,30,69.749
48,24,0,0,0,9.216000325977802,3,3,0,0,30,0,0,30,2.1
48,24,0,1,0,52.22399905323982,3,3,0,0,30,0,0,30,2.1
48,24,0,2,0,9.216000325977802,3,3,0,0,30,0,0,30,2.1
48,24,0,3,0,4.095999989658594,3,3,0,0,30,0,0,30,2.1
48,40,0,0,1,8.191999979317188,3,3,0,1,29,0,0,30,81.649
48,40,0,1,1,53.247999399900436,3,3,0,1,29,0,0,30,81.649
48,40,0,2,1,9.216000325977802,3,3,0,1,29,0,0,30,81.649
48,40,0,3,1,5.119999870657921,3,3,0,1,29,0,0,30,81.649
49,2,0,0,0,9.216000325977802,4,4,0,3,36,1,0,40,170.689
49,2,0,1,0,70.65600156784058,4,4,0,3,36,1,0,40,170.689
49,2,0,2,0,168.96000504493713,4,4,0,3,36,1,0,40,170.689
49,2,0,3,0,5.119999870657921,4,4,0,3,36,1,0,40,170.689
49,24,0,0,0,8.191999979317188,4,4,0,3,36,1,0,40,438.879
49,24,0,1,0,71.68000191450119,4,4,0,3,36,1,0,40,438.879
49,24,0,2,0,168.96000504493713,4,4,0,3,36,1,0,40,438.879
49,24,0,3,0,185.34399569034576,4,4,0,3,36,1,0,40,438.879
49,40,0,0,1,14.336000196635723,4,4,0,0,40,0,0,40,4.491
49,40,0,1,1,79.8719972372055,4,4,0,0,40,0,0,40,4.491
49,40,0,2,1,9.216000325977802,4,4,0,0,40,0,0,40,4.491
49,40,0,3,1,4.095999989658594,4,4,0,0,40,0,0,40,4.491
50,2,0,0,0,16.383999958634377,4,4,0,1,39,0,0,40,51.479
50,2,0,1,0,73.72800260782242,4,4,0,1,39,0,0,40,51.479
50,2,0,2,0,9.216000325977802,4,4,0,1,39,0,0,40,51.479
50,2,0,3,0,5.119999870657921,4,4,0,1,39,0,0,40,51.479
50,24,0,0,0,7.168000098317862,4,4,0,0,40,0,0,40,2.68
50,24,0,1,0,78.84799689054489,4,4,0,0,40,0,0,40,2.68
50,24,0,2,0,9.216000325977802,4,4,0,0,40,0,0,40,2.68
50,24,0,3,0,4.095999989658594,4,4,0,0,40,0,0,40,2.68
50,40,0,0,1,8.191999979317188,4,4,0,2,38,0,0,40,121.97
50,40,0,1,1,84.99199897050858,4,4,0,2,38,0,0,40,121.97
50,40,0,2,1,9.216000325977802,4,4,0,2,38,0,0,40,121.97
50,40,0,3,1,14.336000196635723,4,4,0,2,38,0,0,40,121.97
51,2,0,0,0,14.336000196635723,4,4,0,1,39,0,0,40,103.18
51,2,0,1,0,60.416001826524734,4,4,0,1,39,0,0,40,103.18
51,2,0,2,0,10.239999741315842,4,4,0,1,39,0,0,40,103.18
51,2,0,3,0,14.336000196635723,4,4,0,1,39,0,0,40,103.18
51,24,0,0,0,8.191999979317188,4,4,0,2,38,0,0,40,185.229
51,24,0,1,0,81.91999793052673,4,4,0,2,38,0,0,40,185.229
51,24,0,2,0,9.216000325977802,4,4,0,2,38,0,0,40,185.229
51,24,0,3,0,82.94399827718735,4,4,0,2,38,0,0,40,185.229
51,40,0,0,1,8.191999979317188,4,4,0,0,40,0,0,40,2.22
51,40,0,1,1,90.11200070381165,4,4,0,0,40,0,0,40,2.22
51,40,0,2,1,9.216000325977802,4,4,0,0,40,0,0,40,2.22
51,40,0,3,1,4.095999989658594,4,4,0,0,40,0,0,40,2.22
52,2,0,0,0,8.191999979317188,4,4,0,1,39,0,0,40,68.62
52,2,0,1,0,82.94399827718735,4,4,0,1,39,0,0,40,68.62
52,2,0,2,0,9.216000325977802,4,4,0,1,39,0,0,40,68.62
52,2,0,3,0,5.119999870657921,4,4,0,1,39,0,0,40,68.62
52,24,0,0,0,1897.4720239639282,4,4,0,1,39,0,0,40,66.21
52,24,0,1,0,60.416001826524734,4,4,0,1,39,0,0,40,66.21
52,24,0,2,0,8.191999979317188,4,4,0,1,39,0,0,40,66.21
52,24,0,3,0,4.095999989658594,4,4,0,1,39,0,0,40,66.21
52,40,0,0,1,14.336000196635723,4,4,0,0,40,0,0,40,3.47
52,40,0,1,1,74.75200295448303,4,4,0,0,40,0,0,40,3.47
52,40,0,2,1,8.191999979317188,4,4,0,0,40,0,0,40,3.47
52,40,0,3,1,4.095999989658594,4,4,0,0,40,0,0,40,3.47
53,2,0,0,0,9.216000325977802,2,2,0,1,19,0,0,20,62.36
53,2,0,1,0,51.19999870657921,2,2,0,1,19,0,0,20,62.36
53,2,0,2,0,9.216000325977802,2,2,0,1,19,0,0,20,62.36
53,2,0,3,0,4.095999989658594,2,2,0,1,19,0,0,20,62.36
53,24,0,0,0,8.191999979317188,2,2,0,0,20,0,0,20,1.129
53,24,0,1,0,56.32000043988228,2,2,0,0,20,0,0,20,1.129
53,24,0,2,0,9.216000325977802,2,2,0,0,20,0,0,20,1.129
53,24,0,3,0,4.095999989658594,2,2,0,0,20,0,0,20,1.129
53,40,0,0,1,9.216000325977802,2,2,0,0,20,0,0,20,1.19
53,40,0,1,1,41.98399931192398,2,2,0,0,20,0,0,20,1.19
53,40,0,2,1,9.216000325977802,2,2,0,0,20,0,0,20,1.19
53,40,0,3,1,4.095999989658594,2,2,0,0,20,0,0,20,1.19
54,2,0,0,0,14.336000196635723,4,4,0,0,40,0,0,40,3.42
54,2,0,1,0,93.18400174379349,4,4,0,0,40,0,0,40,3.42
54,2,0,2,0,9.216000325977802,4,4,0,0,40,0,0,40,3.42
54,2,0,3,0,5.119999870657921,4,4,0,0,40,0,0,40,3.42
54,24,0,0,0,8.191999979317188,4,4,0,1,39,0,0,40,56.71
54,24,0,1,0,73.72800260782242,4,4,0,1,39,0,0,40,56.71
54,24,0,2,0,9.216000325977802,4,4,0,1,39,0,0,40,56.71
54,24,0,3,0,4.095999989658594,4,4,0,1,39,0,0,40,56.71
54,40,0,0,1,14.336000196635723,4,4,0,0,40,0,0,40,2.75
54,40,0,1,1,89.08800035715103,4,4,0,0,40,0,0,40,2.75
54,40,0,2,1,8.191999979317188,4,4,0,0,40,0,0,40,2.75
54,40,0,3,1,4.095999989658594,4,4,0,0,40,0,0,40,2.75
55,2,0,0,0,9.216000325977802,3,3,0,1,29,0,0,30,61.74
55,2,0,1,0,64.51199948787689,3,3,0,1,29,0,0,30,61.74
55,2,0,2,0,9.216000325977802,3,3,0,1,29,0,0,30,61.74
55,2,0,3,0,5.119999870657921,3,3,0,1,29,0,0,30,61.74
55,24,0,0,0,8.191999979317188,3,3,0,1,29,0,0,30,45.02
55,24,0,1,0,53.247999399900436,3,3,0,1,29,0,0,30,45.02
55,24,0,2,0,9.216000325977802,3,3,0,1,29,0,0,30,45.02
55,24,0,3,0,4.095999989658594,3,3,0,1,29,0,0,30,45.02
55,40,0,0,1,8.191999979317188,3,3,0,0,30,0,0,30,1.251
55,40,0,1,1,65.5359998345375,3,3,0,0,30,0,0,30,1.251
55,40,0,2,1,8.191999979317188,3,3,0,0,30,0,0,30,1.251
55,40,0,3,1,4.095999989658594,3,3,0,0,30,0,0,30,1.251
56,2,0,0,0,8.191999979317188,1,1,0,0,10,0,0,10,0.44
56,2,0,1,0,32.76799991726875,1,1,0,0,10,0,0,10,0.44
56,2,0,2,0,8.191999979317188,1,1,0,0,10,0,0,10,0.44
56,2,0,3,0,5.119999870657921,1,1,0,0,10,0,0,10,0.44
56,24,0,0,0,7.168000098317862,1,1,0,0,10,0,0,10,0.36
56,24,0,1,0,32.76799991726875,1,1,0,0,10,0,0,10,0.36
56,24,0,2,0,8.191999979317188,1,1,0,0,10,0,0,10,0.36
56,24,0,3,0,3.0720001086592674,1,1,0,0,10,0,0,10,0.36
56,40,0,0,1,9.216000325977802,1,1,0,0,10,0,0,10,0.44
56,40,0,1,1,34.81600061058998,1,1,0,0,10,0,0,10,0.44
56,40,0,2,1,8.191999979317188,1,1,0,0,10,0,0,10,0.44
56,40,0,3,1,4.095999989658594,1,1,0,0,10,0,0,10,0.44
57,2,0,0,0,14.336000196635723,4,4,0,1,39,0,0,40,61.259
57,2,0,1,0,82.94399827718735,4,4,0,1,39,0,0,40,61.259
57,2,0,2,0,9.216000325977802,4,4,0,1,39,0,0,40,61.259
57,2,0,3,0,5.119999870657921,4,4,0,1,39,0,0,40,61.259
57,24,0,0,0,8.191999979317188,4,4,0,0,40,0,0,40,2.11
57,24,0,1,0,83.96799862384796,4,4,0,0,40,0,0,40,2.11
57,24,0,2,0,8.191999979317188,4,4,0,0,40,0,0,40,2.11
57,24,0,3,0,3.0720001086592674,4,4,0,0,40,0,0,40,2.11
57,40,0,0,1,15.359999611973763,4,4,0,0,40,0,0,40,2.24
57,40,0,1,1,67.58400052785873,4,4,0,0,40,0,0,40,2.24
57,40,0,2,1,9.216000325977802,4,4,0,0,40,0,0,40,2.24
57,40,0,3,1,4.095999989658594,4,4,0,0,40,0,0,40,2.24
58,2,0,0,0,15.359999611973763,4,4,0,0,40,0,0,40,2.1
58,2,0,1,0,82.94399827718735,4,4,0,0,40,0,0,40,2.1
58,2,0,2,0,9.216000325977802,4,4,0,0,40,0,0,40,2.1
58,2,0,3,0,5.119999870657921,4,4,0,0,40,0,0,40,2.1
58,24,0,0,0,8.191999979317188,4,4,0,0,40,0,0,40,1.32
58,24,0,1,0,64.51199948787689,4,4,0,0,40,0,0,40,1.32
58,24,0,2,0,8.191999979317188,4,4,0,0,40,0,0,40,1.32
58,24,0,3,0,4.095999989658594,4,4,0,0,40,0,0,40,1.32
58,40,0,0,1,13.311999849975109,4,4,0,0,40,0,0,40,1.69
58,40,0,1,1,90.11200070381165,4,4,0,0,40,0,0,40,1.69
58,40,0,2,1,9.216000325977802,4,4,0,0,40,0,0,40,1.69
58,40,0,3,1,5.119999870657921,4,4,0,0,40,0,0,40,1.69
59,2,0,0,0,8.191999979317188,1,1,0,0,10,0,0,10,1.9
59,2,0,1,0,32.76799991726875,1,1,0,0,10,0,0,10,1.9
59,2,0,2,0,9.216000325977802,1,1,0,0,10,0,0,10,1.9
59,2,0,3,0,4.095999989658594,1,1,0,0,10,0,0,10,1.9
59,24,0,0,0,8.191999979317188,1,1,0,0,10,0,0,10,0.44
59,24,0,1,0,32.76799991726875,1,1,0,0,10,0,0,10,0.44
59,24,0,2,0,8.191999979317188,1,1,0,0,10,0,0,10,0.44
59,24,0,3,0,3.0720001086592674,1,1,0,0,10,0,0,10,0.44
59,40,0,0,1,8.191999979317188,1,1,0,0,10,0,0,10,0.29
59,40,0,1,1,34.81600061058998,1,1,0,0,10,0,0,10,0.29
59,40,0,2,1,8.191999979317188,1,1,0,0,10,0,0,10,0.29
59,40,0,3,1,4.095999989658594,1,1,0,0,10,0,0,10,0.29
60,2,0,0,0,14.336000196635723,4,4,0,0,40,0,0,40,2.43
60,2,0,1,0,78.84799689054489,4,4,0,0,40,0,0,40,2.43
60,2,0,2,0,9.216000325977802,4,4,0,0,40,0,0,40,2.43
60,2,0,3,0,5.119999870657921,4,4,0,0,40,0,0,40,2.43
60,24,0,0,0,8.191999979317188,4,4,0,0,40,0,0,40,1.89
60,24,0,1,0,69.63200122117996,4,4,0,0,40,0,0,40,1.89
60,24,0,2,0,9.216000325977802,4,4,0,0,40,0,0,40,1.89
60,24,0,3,0,5.119999870657921,4,4,0,0,40,0,0,40,1.89
60,40,0,0,1,15.359999611973763,4,4,0,0,40,0,0,40,2.471
60,40,0,1,1,71.68000191450119,4,4,0,0,40,0,0,40,2.471
60,40,0,2,1,9.216000325977802,4,4,0,0,40,0,0,40,2.471
60,40,0,3,1,5.119999870657921,4,4,0,0,40,0,0,40,2.471
61,2,0,0,0,2705.4080963134766,3,3,0,0,30,0,0,30,1.691
61,2,0,1,0,65.5359998345375,3,3,0,0,30,0,0,30,1.691
61,2,0,2,0,9.216000325977802,3,3,0,0,30,0,0,30,1.691
61,2,0,3,0,6.144000217318535,3,3,0,0,30,0,0,30,1.691
61,24,0,0,0,8.191999979317188,3,3,0,0,30,0,0,30,2.011
61,24,0,1,0,59.39200147986412,3,3,0,0,30,0,0,30,2.011
61,24,0,2,0,9.216000325977802,3,3,0,0,30,0,0,30,2.011
61,24,0,3,0,4.095999989658594,3,3,0,0,30,0,0,30,2.011
61,40,0,0,1,8.191999979317188,3,3,0,0,30,0,0,30,1.071
61,40,0,1,1,64.51199948787689,3,3,0,0,30,0,0,30,1.071
61,40,0,2,1,9.216000325977802,3,3,0,0,30,0,0,30,1.071
61,40,0,3,1,4.095999989658594,3,3,0,0,30,0,0,30,1.071
62,2,0,0,0,2618.367910385132,1,1,0,0,10,0,0,10,0.85
62,2,0,1,0,32.76799991726875,1,1,0,0,10,0,0,10,0.85
62,2,0,2,0,8.191999979317188,1,1,0,0,10,0,0,10,0.85
62,2,0,3,0,4.095999989658594,1,1,0,0,10,0,0,10,0.85
62,24,0,0,0,1488.8960123062134,1,1,0,0,10,0,0,10,0.8
62,24,0,1,0,31.74399957060814,1,1,0,0,10,0,0,10,0.8
62,24,0,2,0,9.216000325977802,1,1,0,0,10,0,0,10,0.8
62,24,0,3,0,5.119999870657921,1,1,0,0,10,0,0,10,0.8
62,40,0,0,1,9.216000325977802,1,1,0,0,10,0,0,10,0.36
62,40,0,1,1,35.840000957250595,1,1,0,0,10,0,0,10,0.36
62,40,0,2,1,9.216000325977802,1,1,0,0,10,0,0,10,0.36
62,40,0,3,1,4.095999989658594,1,1,0,0,10,0,0,10,0.36
63,2,0,0,0,8.191999979317188,1,1,0,0,10,0,0,10,0.42
63,2,0,1,0,32.76799991726875,1,1,0,0,10,0,0,10,0.42
63,2,0,2,0,9.216000325977802,1,1,0,0,10,0,0,10,0.42
63,2,0,3,0,5.119999870657921,1,1,0,0,10,0,0,10,0.42
63,24,0,0,0,9.216000325977802,1,1,0,0,10,0,0,10,0.371
63,24,0,1,0,31.74399957060814,1,1,0,0,10,0,0,10,0.371
63,24,0,2,0,8.191999979317188,1,1,0,0,10,0,0,10,0.371
63,24,0,3,0,4.095999989658594,1,1,0,0,10,0,0,10,0.371
63,40,0,0,1,10.239999741315842,1,1,0,0,10,0,0,10,0.66
63,40,0,1,1,34.81600061058998,1,1,0,0,10,0,0,10,0.66
63,40,0,2,1,8.191999979317188,1,1,0,0,10,0,0,10,0.66
63,40,0,3,1,3.0720001086592674,1,1,0,0,10,0,0,10,0.66
64,2,0,0,0,8.191999979317188,4,4,0,1,39,0,0,40,59.58
64,2,0,1,0,87.0399996638298,4,4,0,1,39,0,0,40,59.58
64,2,0,2,0,9.216000325977802,4,4,0,1,39,0,0,40,59.58
64,2,0,3,0,5.119999870657921,4,4,0,1,39,0,0,40,59.58
64,24,0,0,0,8.191999979317188,4,4,0,0,40,0,0,40,1.64
64,24,0,1,0,69.63200122117996,4,4,0,0,40,0,0,40,1.64
64,24,0,2,0,9.216000325977802,4,4,0,0,40,0,0,40,1.64
64,24,0,3,0,4.095999989658594,4,4,0,0,40,0,0,40,1.64
64,40,0,0,1,14.336000196635723,4,4,0,0,40,0,0,40,1.76
64,40,0,1,1,64.51199948787689,4,4,0,0,40,0,0,40,1.76
64,40,0,2,1,9.216000325977802,4,4,0,0,40,0,0,40,1.76
64,40,0,3,1,4.095999989658594,4,4,0,0,40,0,0,40,1.76
65,2,0,0,0,13.311999849975109,4,4,0,0,40,0,0,40,2.06
65,2,0,1,0,79.8719972372055,4,4,0,0,40,0,0,40,2.06
65,2,0,2,0,9.216000325977802,4,4,0,0,40,0,0,40,2.06
65,2,0,3,0,6.144000217318535,4,4,0,0,40,0,0,40,2.06
65,24,0,0,0,7.168000098317862,4,4,0,0,40,0,0,40,1.911
65,24,0,1,0,62.463998794555664,4,4,0,0,40,0,0,40,1.911
65,24,0,2,0,9.216000325977802,4,4,0,0,40,0,0,40,1.911
65,24,0,3,0,5.119999870657921,4,4,0,0,40,0,0,40,1.911
65,40,0,0,1,9.216000325977802,4,4,0,0,40,0,0,40,1.56
65,40,0,1,1,59.39200147986412,4,4,0,0,40,0,0,40,1.56
65,40,0,2,1,8.191999979317188,4,4,0,0,40,0,0,40,1.56
65,40,0,3,1,4.095999989658594,4,4,0,0,40,0,0,40,1.56
66,2,0,0,0,8.191999979317188,2,2,0,0,20,0,0,20,2.54
66,2,0,1,0,44.03200000524521,2,2,0,0,20,0,0,20,2.54
66,2,0,2,0,8.191999979317188,2,2,0,0,20,0,0,20,2.54
66,2,0,3,0,5.119999870657921,2,2,0,0,20,0,0,20,2.54
66,24,0,0,0,8.191999979317188,2,2,0,0,20,0,0,20,1.26
66,24,0,1,0,55.296000093221664,2,2,0,0,20,0,0,20,1.26
66,24,0,2,0,8.191999979317188,2,2,0,0,20,0,0,20,1.26
66,24,0,3,0,4.095999989658594,2,2,0,0,20,0,0,20,1.26
66,40,0,0,1,9.216000325977802,2,2,0,0,20,0,0,20,2.18
66,40,0,1,1,54.27199974656105,2,2,0,0,20,0,0,20,2.18
66,40,0,2,1,9.216000325977802,2,2,0,0,20,0,0,20,2.18
66,40,0,3,1,4.095999989658594,2,2,0,0,20,0,0,20,2.18
67,2,0,0,0,8.191999979317188,4,4,0,3,37,0,0,40,138.939
67,2,0,1,0,70.65600156784058,4,4,0,3,37,0,0,40,138.939
67,2,0,2,0,9.216000325977802,4,4,0,3,37,0,0,40,138.939
67,2,0,3,0,50.175998359918594,4,4,0,3,37,0,0,40,138.939
67,24,0,0,0,8.191999979317188,4,4,0,0,40,0,0,40,1.92
67,24,0,1,0,79.8719972372055,4,4,0,0,40,0,0,40,1.92
67,24,0,2,0,9.216000325977802,4,4,0,0,40,0,0,40,1.92
67,24,0,3,0,4.095999989658594,4,4,0,0,40,0,0,40,1.92
67,40,0,0,1,14.336000196635723,4,4,0,0,40,0,0,40,3.84
67,40,0,1,1,90.11200070381165,4,4,0,0,40,0,0,40,3.84
67,40,0,2,1,9.216000325977802,4,4,0,0,40,0,0,40,3.84
67,40,0,3,1,4.095999989658594,4,4,0,0,40,0,0,40,3.84
68,2,0,0,0,8.191999979317188,4,4,0,2,38,0,0,40,102.06
68,2,0,1,0,91.13600105047226,4,4,0,2,38,0,0,40,102.06
68,2,0,2,0,9.216000325977802,4,4,0,2,38,0,0,40,102.06
68,2,0,3,0,5.119999870657921,4,4,0,2,38,0,0,40,102.06
68,24,0,0,0,8.191999979317188,4,4,0,0,40,0,0,40,1.869
68,24,0,1,0,87.0399996638298,4,4,0,0,40,0,0,40,1.869
68,24,0,2,0,9.216000325977802,4,4,0,0,40,0,0,40,1.869
68,24,0,3,0,4.095999989658594,4,4,0,0,40,0,0,40,1.869
68,40,0,0,1,8.191999979317188,4,4,0,1,39,0,0,40,154.22
68,40,0,1,1,79.8719972372055,4,4,0,1,39,0,0,40,154.22
68,40,0,2,1,9.216000325977802,4,4,0,1,39,0,0,40,154.22
68,40,0,3,1,54.27199974656105,4,4,0,1,39,0,0,40,154.22
69,2,0,0,0,14.336000196635723,4,4,0,0,40,0,0,40,2.82
69,2,0,1,0,84.99199897050858,4,4,0,0,40,0,0,40,2.82
69,2,0,2,0,9.216000325977802,4,4,0,0,40,0,0,40,2.82
69,2,0,3,0,5.119999870657921,4,4,0,0,40,0,0,40,2.82
69,24,0,0,0,8.191999979317188,4,4,0,0,40,0,0,40,2.34
69,24,0,1,0,79.8719972372055,4,4,0,0,40,0,0,40,2.34
69,24,0,2,0,9.216000325977802,4,4,0,0,40,0,0,40,2.34
69,24,0,3,0,4.095999989658594,4,4,0,0,40,0,0,40,2.34
69,40,0,0,1,8.191999979317188,4,4,0,4,36,0,0,40,170.06
69,40,0,1,1,89.08800035715103,4,4,0,4,36,0,0,40,170.06
69,40,0,2,1,9.216000325977802,4,4,0,4,36,0,0,40,170.06
69,40,0,3,1,59.39200147986412,4,4,0,4,36,0,0,40,170.06
70,2,0,0,0,14.336000196635723,4,4,0,0,40,0,0,40,2.35
70,2,0,1,0,82.94399827718735,4,4,0,0,40,0,0,40,2.35
70,2,0,2,0,8.191999979317188,4,4,0,0,40,0,0,40,2.35
70,2,0,3,0,5.119999870657921,4,4,0,0,40,0,0,40,2.35
70,24,0,0,0,8.191999979317188,4,4,0,0,40,0,0,40,3.74
70,24,0,1,0,79.8719972372055,4,4,0,0,40,0,0,40,3.74
70,24,0,2,0,9.216000325977802,4,4,0,0,40,0,0,40,3.74
70,24,0,3,0,4.095999989658594,4,4,0,0,40,0,0,40,3.74
70,40,0,0,1,9.216000325977802,4,4,0,1,39,0,0,40,74.98
70,40,0,1,1,79.8719972372055,4,4,0,1,39,0,0,40,74.98
70,40,0,2,1,8.191999979317188,4,4,0,1,39,0,0,40,74.98
70,40,0,3,1,4.095999989658594,4,4,0,1,39,0,0,40,74.98
71,2,0,0,0,9.216000325977802,4,4,0,1,39,0,0,40,77.87
71,2,0,1,0,78.84799689054489,4,4,0,1,39,0,0,40,77.87
71,2,0,2,0,9.216000325977802,4,4,0,1,39,0,0,40,77.87
71,2,0,3,0,6.144000217318535,4,4,0,1,39,0,0,40,77.87
71,24,0,0,0,8.191999979317188,4,4,0,1,39,0,0,40,259.468
71,24,0,1,0,71.68000191450119,4,4,0,1,39,0,0,40,259.468
71,24,0,2,0,9.216000325977802,4,4,0,1,39,0,0,40,259.468
71,24,0,3,0,166.9120043516159,4,4,0,1,39,0,0,40,259.468
71,40,0,0,1,15.359999611973763,4,4,0,0,40,0,0,40,2.29
71,40,0,1,1,79.8719972372055,4,4,0,0,40,0,0,40,2.29
71,40,0,2,1,9.216000325977802,4,4,0,0,40,0,0,40,2.29
71,40,0,3,1,4.095999989658594,4,4,0,0,40,0,0,40,2.29
72,2,0,0,0,8.191999979317188,1,1,0,0,10,0,0,10,0.7
72,2,0,1,0,31.74399957060814,1,1,0,0,10,0,0,10,0.7
72,2,0,2,0,9.216000325977802,1,1,0,0,10,0,0,10,0.7
72,2,0,3,0,5.119999870657921,1,1,0,0,10,0,0,10,0.7
72,24,0,0,0,8.191999979317188,1,1,0,0,10,0,0,10,1.03
72,24,0,1,0,32.76799991726875,1,1,0,0,10,0,0,10,1.03
72,24,0,2,0,9.216000325977802,1,1,0,0,10,0,0,10,1.03
72,24,0,3,0,4.095999989658594,1,1,0,0,10,0,0,10,1.03
72,40,0,0,1,8.191999979317188,1,1,0,0,10,0,0,10,1.671
72,40,0,1,1,34.81600061058998,1,1,0,0,10,0,0,10,1.671
72,40,0,2,1,8.191999979317188,1,1,0,0,10,0,0,10,1.671
72,40,0,3,1,4.095999989658594,1,1,0,0,10,0,0,10,1.671
73,2,0,0,0,9.216000325977802,4,4,0,1,39,0,0,40,115.83
73,2,0,1,0,84.99199897050858,4,4,0,1,39,0,0,40,115.83
73,2,0,2,0,10.239999741315842,4,4,0,1,39,0,0,40,115.83
73,2,0,3,0,7.168000098317862,4,4,0,1,39,0,0,40,115.83
73,24,0,0,0,8.191999979317188,4,4,0,0,40,0,0,40,4.64
73,24,0,1,0,77.82399654388428,4,4,0,0,40,0,0,40,4.64
73,24,0,2,0,9.216000325977802,4,4,0,0,40,0,0,40,4.64
73,24,0,3,0,4.095999989658594,4,4,0,0,40,0,0,40,4.64
73,40,0,0,1,8.191999979317188,4,4,0,0,40,0,0,40,1.709
73,40,0,1,1,69.63200122117996,4,4,0,0,40,0,0,40,1.709
73,40,0,2,1,9.216000325977802,4,4,0,0,40,0,0,40,1.709
73,40,0,3,1,4.095999989658594,4,4,0,0,40,0,0,40,1.709
74,2,0,0,0,8.191999979317188,4,4,0,1,39,0,0,40,69.51
74,2,0,1,0,77.82399654388428,4,4,0,1,39,0,0,40,69.51
74,2,0,2,0,9.216000325977802,4,4,0,1,39,0,0,40,69.51
74,2,0,3,0,9.216000325977802,4,4,0,1,39,0,0,40,69.51
74,24,0,0,0,7.168000098317862,4,4,0,1,39,0,0,40,85.869
74,24,0,1,0,75.77600330114365,4,4,0,1,39,0,0,40,85.869
74,24,0,2,0,8.191999979317188,4,4,0,1,39,0,0,40,85.869
74,24,0,3,0,4.095999989658594,4,4,0,1,39,0,0,40,85.869
74,40,0,0,1,9.216000325977802,4,4,0,0,40,0,0,40,2.72
74,40,0,1,1,86.01599931716919,4,4,0,0,40,0,0,40,2.72
74,40,0,2,1,9.216000325977802,4,4,0,0,40,0,0,40,2.72
74,40,0,3,1,4.095999989658594,4,4,0,0,40,0,0,40,2.72
75,2,0,0,0,9.216000325977802,4,4,0,4,35,1,0,40,245.529
75,2,0,1,0,73.72800260782242,4,4,0,4,35,1,0,40,245.529
75,2,0,2,0,168.96000504493713,4,4,0,4,35,1,0,40,245.529
75,2,0,3,0,6.144000217318535,4,4,0,4,35,1,0,40,245.529
75,24,0,0,0,8.191999979317188,4,4,0,0,40,0,0,40,4.28
75,24,0,1,0,76.80000364780426,4,4,0,0,40,0,0,40,4.28
75,24,0,2,0,9.216000325977802,4,4,0,0,40,0,0,40,4.28
75,24,0,3,0,4.095999989658594,4,4,0,0,40,0,0,40,4.28
75,40,0,0,1,9.216000325977802,4,4,0,1,39,0,0,40,70.439
75,40,0,1,1,68.60800087451935,4,4,0,1,39,0,0,40,70.439
75,40,0,2,1,9.216000325977802,4,4,0,1,39,0,0,40,70.439
75,40,0,3,1,4.095999989658594,4,4,0,1,39,0,0,40,70.439
76,2,0,0,0,8.191999979317188,4,4,0,1,39,0,0,40,64.549
76,2,0,1,0,82.94399827718735,4,4,0,1,39,0,0,40,64.549
76,2,0,2,0,9.216000325977802,4,4,0,1,39,0,0,40,64.549
76,2,0,3,0,5.119999870657921,4,4,0,1,39,0,0,40,64.549
76,24,0,0,0,45.05600035190582,4,4,0,0,40,0,0,40,2.849
76,24,0,1,0,88.06400001049042,4,4,0,0,40,0,0,40,2.849
76,24,0,2,0,9.216000325977802,4,4,0,0,40,0,0,40,2.849
76,24,0,3,0,4.095999989658594,4,4,0,0,40,0,0,40,2.849
76,40,0,0,1,15.359999611973763,4,4,0,0,40,0,0,40,1.8
76,40,0,1,1,82.94399827718735,4,4,0,0,40,0,0,40,1.8
76,40,0,2,1,8.191999979317188,4,4,0,0,40,0,0,40,1.8
76,40,0,3,1,5.119999870657921,4,4,0,0,40,0,0,40,1.8
77,2,0,0,0,9.216000325977802,4,4,0,1,39,0,0,40,81.3
77,2,0,1,0,82.94399827718735,4,4,0,1,39,0,0,40,81.3
77,2,0,2,0,8.191999979317188,4,4,0,1,39,0,0,40,81.3
77,2,0,3,0,5.119999870657921,4,4,0,1,39,0,0,40,81.3
77,24,0,0,0,8.191999979317188,4,4,0,0,40,0,0,40,1.86
77,24,0,1,0,84.99199897050858,4,4,0,0,40,0,0,40,1.86
77,24,0,2,0,9.216000325977802,4,4,0,0,40,0,0,40,1.86
77,24,0,3,0,4.095999989658594,4,4,0,0,40,0,0,40,1.86
77,40,0,0,1,278.52800488471985,4,4,0,0,40,0,0,40,2.62
77,40,0,1,1,80.89599758386612,4,4,0,0,40,0,0,40,2.62
77,40,0,2,1,9.216000325977802,4,4,0,0,40,0,0,40,2.62
77,40,0,3,1,4.095999989658594,4,4,0,0,40,0,0,40,2.62
78,2,0,0,0,8.191999979317188,4,4,0,3,37,0,0,40,400.139
78,2,0,1,0,77.82399654388428,4,4,0,3,37,0,0,40,400.139
78,2,0,2,0,9.216000325977802,4,4,0,3,37,0,0,40,400.139
78,2,0,3,0,303.1040132045746,4,4,0,3,37,0,0,40,400.139
78,24,0,0,0,1129.472017288208,4,4,0,1,39,0,0,40,61.25
78,24,0,1,0,77.82399654388428,4,4,0,1,39,0,0,40,61.25
78,24,0,2,0,9.216000325977802,4,4,0,1,39,0,0,40,61.25
78,24,0,3,0,4.095999989658594,4,4,0,1,39,0,0,40,61.25
78,40,0,0,1,15.359999611973763,4,4,0,0,40,0,0,40,2.74
78,40,0,1,1,90.11200070381165,4,4,0,0,40,0,0,40,2.74
78,40,0,2,1,9.216000325977802,4,4,0,0,40,0,0,40,2.74
78,40,0,3,1,4.095999989658594,4,4,0,0,40,0,0,40,2.74
79,2,0,0,0,14.336000196635723,4,4,0,0,40,0,0,40,2.32
79,2,0,1,0,73.72800260782242,4,4,0,0,40,0,0,40,2.32
79,2,0,2,0,9.216000325977802,4,4,0,0,40,0,0,40,2.32
79,2,0,3,0,6.144000217318535,4,4,0,0,40,0,0,40,2.32
79,24,0,0,0,8.191999979317188,4,4,0,0,40,0,0,40,2.86
79,24,0,1,0,55.296000093221664,4,4,0,0,40,0,0,40,2.86
79,24,0,2,0,9.216000325977802,4,4,0,0,40,0,0,40,2.86
79,24,0,3,0,4.095999989658594,4,4,0,0,40,0,0,40,2.86
79,40,0,0,1,3333.120107650757,4,4,0,0,40,0,0,40,2.21
79,40,0,1,1,66.56000018119812,4,4,0,0,40,0,0,40,2.21
79,40,0,2,1,8.191999979317188,4,4,0,0,40,0,0,40,2.21
79,40,0,3,1,4.095999989658594,4,4,0,0,40,0,0,40,2.21
80,2,0,0,0,15.359999611973763,2,2,0,0,20,0,0,20,1.2
80,2,0,1,0,47.10400104522705,2,2,0,0,20,0,0,20,1.2
80,2,0,2,0,9.216000325977802,2,2,0,0,20,0,0,20,1.2
80,2,0,3,0,5.119999870657921,2,2,0,0,20,0,0,20,1.2
80,24,0,0,0,8.191999979317188,2,2,0,0,20,0,0,20,1.18
80,24,0,1,0,50.175998359918594,2,2,0,0,20,0,0,20,1.18
80,24,0,2,0,9.216000325977802,2,2,0,0,20,0,0,20,1.18
80,24,0,3,0,4.095999989658594,2,2,0,0,20,0,0,20,1.18
80,40,0,0,1,8.191999979317188,2,2,0,0,20,0,0,20,0.751
80,40,0,1,1,43.007999658584595,2,2,0,0,20,0,0,20,0.751
80,40,0,2,1,9.216000325977802,2,2,0,0,20,0,0,20,0.751
80,40,0,3,1,4.095999989658594,2,2,0,0,20,0,0,20,0.751
81,2,0,0,0,9.216000325977802,1,1,0,0,10,0,0,10,0.43
81,2,0,1,0,32.76799991726875,1,1,0,0,10,0,0,10,0.43
81,2,0,2,0,9.216000325977802,1,1,0,0,10,0,0,10,0.43
81,2,0,3,0,4.095999989658594,1,1,0,0,10,0,0,10,0.43
81,24,0,0,0,9.216000325977802,1,1,0,0,10,0,0,10,0.47
81,24,0,1,0,32.76799991726875,1,1,0,0,10,0,0,10,0.47
81,24,0,2,0,9.216000325977802,1,1,0,0,10,0,0,10,0.47
81,24,0,3,0,4.095999989658594,1,1,0,0,10,0,0,10,0.47
81,40,0,0,1,9.216000325977802,1,1,0,0,10,0,0,10,0.28
81,40,0,1,1,34.81600061058998,1,1,0,0,10,0,0,10,0.28
81,40,0,2,1,8.191999979317188,1,1,0,0,10,0,0,10,0.28
81,40,0,3,1,4.095999989658594,1,1,0,0,10,0,0,10,0.28
82,2,0,0,0,2784.2559814453125,4,4,0,2,38,0,0,40,3017.219
82,2,0,1,0,86.01599931716919,4,4,0,2,38,0,0,40,3017.219
82,2,0,2,0,9.216000325977802,4,4,0,2,38,0,0,40,3017.219
82,2,0,3,0,2911.2319946289062,4,4,0,2,38,0,0,40,3017.219
82,24,0,0,0,8.191999979317188,4,4,0,1,39,0,0,40,66.379
82,24,0,1,0,67.58400052785873,4,4,0,1,39,0,0,40,66.379
82,24,0,2,0,9.216000325977802,4,4,0,1,39,0,0,40,66.379
82,24,0,3,0,5.119999870657921,4,4,0,1,39,0,0,40,66.379
82,40,0,0,1,8.191999979317188,4,4,0,4,36,0,0,40,222.12
82,40,0,1,1,63.48799914121628,4,4,0,4,36,0,0,40,222.12
82,40,0,2,1,9.216000325977802,4,4,0,4,36,0,0,40,222.12
82,40,0,3,1,137.2160017490387,4,4,0,4,36,0,0,40,222.12
83,2,0,0,0,14.336000196635723,4,4,0,0,40,0,0,40,2.6
83,2,0,1,0,69.63200122117996,4,4,0,0,40,0,0,40,2.6
83,2,0,2,0,9.216000325977802,4,4,0,0,40,0,0,40,2.6
83,2,0,3,0,5.119999870657921,4,4,0,0,40,0,0,40,2.6
83,24,0,0,0,7.168000098317862,4,4,0,2,38,0,0,40,322.238
83,24,0,1,0,69.63200122117996,4,4,0,2,38,0,0,40,322.238
83,24,0,2,0,9.216000325977802,4,4,0,2,38,0,0,40,322.238
83,24,0,3,0,232.44799673557281,4,4,0,2,38,0,0,40,322.238
83,40,0,0,1,8.191999979317188,4,4,0,2,38,0,0,40,81.69
83,40,0,1,1,62.463998794555664,4,4,0,2,38,0,0,40,81.69
83,40,0,2,1,8.191999979317188,4,4,0,2,38,0,0,40,81.69
83,40,0,3,1,4.095999989658594,4,4,0,2,38,0,0,40,81.69
84,2,0,0,0,14.336000196635723,4,4,0,1,39,0,0,40,101.8
84,2,0,1,0,81.91999793052673,4,4,0,1,39,0,0,40,101.8
84,2,0,2,0,8.191999979317188,4,4,0,1,39,0,0,40,101.8
84,2,0,3,0,5.119999870657921,4,4,0,1,39,0,0,40,101.8
84,24,0,0,0,136.19199395179749,4,4,0,0,40,0,0,40,2.6
84,24,0,1,0,67.58400052785873,4,4,0,0,40,0,0,40,2.6
84,24,0,2,0,9.216000325977802,4,4,0,0,40,0,0,40,2.6
84,24,0,3,0,4.095999989658594,4,4,0,0,40,0,0,40,2.6
84,40,0,0,1,8.191999979317188,4,4,0,2,38,0,0,40,145.33
84,40,0,1,1,80.89599758386612,4,4,0,2,38,0,0,40,145.33
84,40,0,2,1,9.216000325977802,4,4,0,2,38,0,0,40,145.33
84,40,0,3,1,40.95999896526337,4,4,0,2,38,0,0,40,145.33
85,2,0,0,0,14.336000196635723,4,4,0,2,38,0,0,40,110.19
85,2,0,1,0,69.63200122117996,4,4,0,2,38,0,0,40,110.19
85,2,0,2,0,9.216000325977802,4,4,0,2,38,0,0,40,110.19
85,2,0,3,0,12.28800043463707,4,4,0,2,38,0,0,40,110.19
85,24,0,0,0,8.191999979317188,4,4,0,0,40,0,0,40,2.14
85,24,0,1,0,64.51199948787689,4,4,0,0,40,0,0,40,2.14
85,24,0,2,0,9.216000325977802,4,4,0,0,40,0,0,40,2.14
85,24,0,3,0,4.095999989658594,4,4,0,0,40,0,0,40,2.14
85,40,0,0,1,14.336000196635723,4,4,0,0,40,0,0,40,1.32
85,40,0,1,1,54.27199974656105,4,4,0,0,40,0,0,40,1.32
85,40,0,2,1,9.216000325977802,4,4,0,0,40,0,0,40,1.32
85,40,0,3,1,4.095999989658594,4,4,0,0,40,0,0,40,1.32
86,2,0,0,0,15.359999611973763,4,4,0,1,39,0,0,40,55.28
86,2,0,1,0,79.8719972372055,4,4,0,1,39,0,0,40,55.28
86,2,0,2,0,9.216000325977802,4,4,0,1,39,0,0,40,55.28
86,2,0,3,0,5.119999870657921,4,4,0,1,39,0,0,40,55.28
86,24,0,0,0,8.191999979317188,4,4,0,0,40,0,0,40,2.371
86,24,0,1,0,67.58400052785873,4,4,0,0,40,0,0,40,2.371
86,24,0,2,0,9.216000325977802,4,4,0,0,40,0,0,40,2.371
86,24,0,3,0,4.095999989658594,4,4,0,0,40,0,0,40,2.371
86,40,0,0,1,9.216000325977802,4,4,0,0,40,0,0,40,1.56
86,40,0,1,1,57.34400078654289,4,4,0,0,40,0,0,40,1.56
86,40,0,2,1,9.216000325977802,4,4,0,0,40,0,0,40,1.56
86,40,0,3,1,4.095999989658594,4,4,0,0,40,0,0,40,1.56
87,2,0,0,0,9.216000325977802,1,1,0,0,10,0,0,10,0.54
87,2,0,1,0,32.76799991726875,1,1,0,0,10,0,0,10,0.54
87,2,0,2,0,9.216000325977802,1,1,0,0,10,0,0,10,0.54
87,2,0,3,0,4.095999989658594,1,1,0,0,10,0,0,10,0.54
87,24,0,0,0,8.191999979317188,1,1,0,0,10,0,0,10,0.3
87,24,0,1,0,32.76799991726875,1,1,0,0,10,0,0,10,0.3
87,24,0,2,0,8.191999979317188,1,1,0,0,10,0,0,10,0.3
87,24,0,3,0,4.095999989658594,1,1,0,0,10,0,0,10,0.3
87,40,0,0,1,9.216000325977802,1,1,0,0,10,0,0,10,0.889
87,40,0,1,1,34.81600061058998,1,1,0,0,10,0,0,10,0.889
87,40,0,2,1,9.216000325977802,1,1,0,0,10,0,0,10,0.889
87,40,0,3,1,4.095999989658594,1,1,0,0,10,0,0,10,0.889
88,2,0,0,0,1042.4319505691528,1,1,0,0,10,0,0,10,2.131
88,2,0,1,0,32.76799991726875,1,1,0,0,10,0,0,10,2.131
88,2,0,2,0,9.216000325977802,1,1,0,0,10,0,0,10,2.131
88,2,0,3,0,5.119999870657921,1,1,0,0,10,0,0,10,2.131
88,24,0,0,0,8.191999979317188,1,1,0,0,10,0,0,10,0.45
88,24,0,1,0,32.76799991726875,1,1,0,0,10,0,0,10,0.45
88,24,0,2,0,8.191999979317188,1,1,0,0,10,0,0,10,0.45
88,24,0,3,0,4.095999989658594,1,1,0,0,10,0,0,10,0.45
88,40,0,0,1,9.216000325977802,1,1,0,0,10,0,0,10,0.52
88,40,0,1,1,35.840000957250595,1,1,0,0,10,0,0,10,0.52
88,40,0,2,1,9.216000325977802,1,1,0,0,10,0,0,10,0.52
88,40,0,3,1,4.095999989658594,1,1,0,0,10,0,0,10,0.52
89,2,0,0,0,15.359999611973763,4,4,0,2,38,0,0,40,185.459
89,2,0,1,0,73.72800260782242,4,4,0,2,38,0,0,40,185.459
89,2,0,2,0,9.216000325977802,4,4,0,2,38,0,0,40,185.459
89,2,0,3,0,83.96799862384796,4,4,0,2,38,0,0,40,185.459
89,24,0,0,0,7.168000098317862,4,4,0,0,40,0,0,40,3.629
89,24,0,1,0,67.58400052785873,4,4,0,0,40,0,0,40,3.629
89,24,0,2,0,9.216000325977802,4,4,0,0,40,0,0,40,3.629
89,24,0,3,0,4.095999989658594,4,4,0,0,40,0,0,40,3.629
89,40,0,0,1,15.359999611973763,4,4,0,0,40,0,0,40,2.63
89,40,0,1,1,59.39200147986412,4,4,0,0,40,0,0,40,2.63
89,40,0,2,1,9.216000325977802,4,4,0,0,40,0,0,40,2.63
89,40,0,3,1,4.095999989658594,4,4,0,0,40,0,0,40,2.63
90,2,0,0,0,9.216000325977802,4,4,0,3,37,0,0,40,147.159
90,2,0,1,0,78.84799689054489,4,4,0,3,37,0,0,40,147.159
90,2,0,2,0,9.216000325977802,4,4,0,3,37,0,0,40,147.159
90,2,0,3,0,47.10400104522705,4,4,0,3,37,0,0,40,147.159
90,24,0,0,0,8.191999979317188,4,4,0,2,38,0,0,40,102.409
90,24,0,1,0,63.48799914121628,4,4,0,2,38,0,0,40,102.409
90,24,0,2,0,9.216000325977802,4,4,0,2,38,0,0,40,102.409
90,24,0,3,0,16.383999958634377,4,4,0,2,38,0,0,40,102.409
90,40,0,0,1,15.359999611973763,4,4,0,1,39,0,0,40,69.639
90,40,0,1,1,57.34400078654289,4,4,0,1,39,0,0,40,69.639
90,40,0,2,1,9.216000325977802,4,4,0,1,39,0,0,40,69.639
90,40,0,3,1,4.095999989658594,4,4,0,1,39,0,0,40,69.639
91,2,0,0,0,9.216000325977802,3,3,0,3,26,1,0,30,378.618
91,2,0,1,0,62.463998794555664,3,3,0,3,26,1,0,30,378.618
91,2,0,2,0,168.96000504493713,3,3,0,3,26,1,0,30,378.618
91,2,0,3,0,134.14399325847626,3,3,0,3,26,1,0,30,378.618
91,24,0,0,0,15.359999611973763,3,3,0,2,28,0,0,30,79.91
91,24,0,1,0,52.22399905323982,3,3,0,2,28,0,0,30,79.91
91,24,0,2,0,9.216000325977802,3,3,0,2,28,0,0,30,79.91
91,24,0,3,0,3.0720001086592674,3,3,0,2,28,0,0,30,79.91
91,40,0,0,1,9.216000325977802,3,3,0,0,30,0,0,30,1.17
91,40,0,1,1,47.10400104522705,3,3,0,0,30,0,0,30,1.17
91,40,0,2,1,9.216000325977802,3,3,0,0,30,0,0,30,1.17
91,40,0,3,1,4.095999989658594,3,3,0,0,30,0,0,30,1.17
92,2,0,0,0,14.336000196635723,4,4,0,1,39,0,0,40,59.07
92,2,0,1,0,60.416001826524734,4,4,0,1,39,0,0,40,59.07
92,2,0,2,0,8.191999979317188,4,4,0,1,39,0,0,40,59.07
92,2,0,3,0,5.119999870657921,4,4,0,1,39,0,0,40,59.07
92,24,0,0,0,8.191999979317188,4,4,0,0,40,0,0,40,1.651
92,24,0,1,0,59.39200147986412,4,4,0,0,40,0,0,40,1.651
92,24,0,2,0,8.191999979317188,4,4,0,0,40,0,0,40,1.651
92,24,0,3,0,4.095999989658594,4,4,0,0,40,0,0,40,1.651
92,40,0,0,1,15.359999611973763,4,4,0,0,40,0,0,40,1.77
92,40,0,1,1,59.39200147986412,4,4,0,0,40,0,0,40,1.77
92,40,0,2,1,9.216000325977802,4,4,0,0,40,0,0,40,1.77
92,40,0,3,1,4.095999989658594,4,4,0,0,40,0,0,40,1.77
93,2,0,0,0,8.191999979317188,2,2,0,1,19,0,0,20,55.039
93,2,0,1,0,48.128001391887665,2,2,0,1,19,0,0,20,55.039
93,2,0,2,0,8.191999979317188,2,2,0,1,19,0,0,20,55.039
93,2,0,3,0,5.119999870657921,2,2,0,1,19,0,0,20,55.039
93,24,0,0,0,8.191999979317188,2,2,0,0,20,0,0,20,0.709
93,24,0,1,0,47.10400104522705,2,2,0,0,20,0,0,20,0.709
93,24,0,2,0,9.216000325977802,2,2,0,0,20,0,0,20,0.709
93,24,0,3,0,4.095999989658594,2,2,0,0,20,0,0,20,0.709
93,40,0,0,1,9.216000325977802,2,2,0,0,20,0,0,20,1.9
93,40,0,1,1,55.296000093221664,2,2,0,0,20,0,0,20,1.9
93,40,0,2,1,10.239999741315842,2,2,0,0,20,0,0,20,1.9
93,40,0,3,1,4.095999989658594,2,2,0,0,20,0,0,20,1.9
94,2,0,0,0,8.191999979317188,1,1,0,0,10,0,0,10,5.429
94,2,0,1,0,31.74399957060814,1,1,0,0,10,0,0,10,5.429
94,2,0,2,0,9.216000325977802,1,1,0,0,10,0,0,10,5.429
94,2,0,3,0,5.119999870657921,1,1,0,0,10,0,0,10,5.429
94,24,0,0,0,8.191999979317188,1,1,0,0,10,0,0,10,0.76
94,24,0,1,0,32.76799991726875,1,1,0,0,10,0,0,10,0.76
94,24,0,2,0,9.216000325977802,1,1,0,0,10,0,0,10,0.76
94,24,0,3,0,4.095999989658594,1,1,0,0,10,0,0,10,0.76
94,40,0,0,1,10.239999741315842,1,1,0,0,10,0,0,10,1.791
94,40,0,1,1,34.81600061058998,1,1,0,0,10,0,0,10,1.791
94,40,0,2,1,8.191999979317188,1,1,0,0,10,0,0,10,1.791
94,40,0,3,1,4.095999989658594,1,1,0,0,10,0,0,10,1.791
95,2,0,0,0,14.336000196635723,4,4,0,0,40,0,0,40,2.32
95,2,0,1,0,87.0399996638298,4,4,0,0,40,0,0,40,2.32
95,2,0,2,0,9.216000325977802,4,4,0,0,40,0,0,40,2.32
95,2,0,3,0,7.168000098317862,4,4,0,0,40,0,0,40,2.32
95,24,0,0,0,7.168000098317862,4,4,0,0,40,0,0,40,2.06
95,24,0,1,0,66.56000018119812,4,4,0,0,40,0,0,40,2.06
95,24,0,2,0,9.216000325977802,4,4,0,0,40,0,0,40,2.06
95,24,0,3,0,4.095999989658594,4,4,0,0,40,0,0,40,2.06
95,40,0,0,1,15.359999611973763,4,4,0,0,40,0,0,40,1.38
95,40,0,1,1,68.60800087451935,4,4,0,0,40,0,0,40,1.38
95,40,0,2,1,8.191999979317188,4,4,0,0,40,0,0,40,1.38
95,40,0,3,1,4.095999989658594,4,4,0,0,40,0,0,40,1.38
96,2,0,0,0,9.216000325977802,3,3,0,0,30,0,0,30,1.28
96,2,0,1,0,71.68000191450119,3,3,0,0,30,0,0,30,1.28
96,2,0,2,0,9.216000325977802,3,3,0,0,30,0,0,30,1.28
96,2,0,3,0,6.144000217318535,3,3,0,0,30,0,0,30,1.28
96,24,0,0,0,8.191999979317188,3,3,0,0,30,0,0,30,1.6
96,24,0,1,0,55.296000093221664,3,3,0,0,30,0,0,30,1.6
96,24,0,2,0,9.216000325977802,3,3,0,0,30,0,0,30,1.6
96,24,0,3,0,3.0720001086592674,3,3,0,0,30,0,0,30,1.6
96,40,0,0,1,9.216000325977802,3,3,0,0,30,0,0,30,1.02
96,40,0,1,1,53.247999399900436,3,3,0,0,30,0,0,30,1.02
96,40,0,2,1,9.216000325977802,3,3,0,0,30,0,0,30,1.02
96,40,0,3,1,4.095999989658594,3,3,0,0,30,0,0,30,1.02
97,2,0,0,0,14.336000196635723,4,4,0,0,40,0,0,40,9.58
97,2,0,1,0,82.94399827718735,4,4,0,0,40,0,0,40,9.58
97,2,0,2,0,9.216000325977802,4,4,0,0,40,0,0,40,9.58
97,2,0,3,0,6.144000217318535,4,4,0,0,40,0,0,40,9.58
97,24,0,0,0,8.191999979317188,4,4,0,1,39,0,0,40,62.79
97,24,0,1,0,73.72800260782242,4,4,0,1,39,0,0,40,62.79
97,24,0,2,0,9.216000325977802,4,4,0,1,39,0,0,40,62.79
97,24,0,3,0,4.095999989658594,4,4,0,1,39,0,0,40,62.79
97,40,0,0,1,332.8000009059906,4,4,0,0,40,0,0,40,4.611
97,40,0,1,1,87.0399996638298,4,4,0,0,40,0,0,40,4.611
97,40,0,2,1,9.216000325977802,4,4,0,0,40,0,0,40,4.611
97,40,0,3,1,4.095999989658594,4,4,0,0,40,0,0,40,4.611
98,2,0,0,0,16.383999958634377,4,4,0,0,40,0,0,40,4.131
98,2,0,1,0,78.84799689054489,4,4,0,0,40,0,0,40,4.131
98,2,0,2,0,9.216000325977802,4,4,0,0,40,0,0,40,4.131
98,2,0,3,0,5.119999870657921,4,4,0,0,40,0,0,40,4.131
98,24,0,0,0,8.191999979317188,4,4,0,1,39,0,0,40,78.629
98,24,0,1,0,91.13600105047226,4,4,0,1,39,0,0,40,78.629
98,24,0,2,0,9.216000325977802,4,4,0,1,39,0,0,40,78.629
98,24,0,3,0,4.095999989658594,4,4,0,1,39,0,0,40,78.629
98,40,0,0,1,9.216000325977802,4,4,0,0,40,0,0,40,1.98
98,40,0,1,1,97.28000313043594,4,4,0,0,40,0,0,40,1.98
98,40,0,2,1,9.216000325977802,4,4,0,0,40,0,0,40,1.98
98,40,0,3,1,4.095999989658594,4,4,0,0,40,0,0,40,1.98
99,2,0,0,0,14.336000196635723,4,4,0,0,40,0,0,40,3.2
99,2,0,1,0,82.94399827718735,4,4,0,0,40,0,0,40,3.2
99,2,0,2,0,8.191999979317188,4,4,0,0,40,0,0,40,3.2
99,2,0,3,0,6.144000217318535,4,4,0,0,40,0,0,40,3.2
99,24,0,0,0,7.168000098317862,4,4,0,1,39,0,0,40,66.68
99,24,0,1,0,82.94399827718735,4,4,0,1,39,0,0,40,66.68
99,24,0,2,0,9.216000325977802,4,4,0,1,39,0,0,40,66.68
99,24,0,3,0,4.095999989658594,4,4,0,1,39,0,0,40,66.68
99,40,0,0,1,15.359999611973763,4,4,0,1,39,0,0,40,82.04
99,40,0,1,1,74.75200295448303,4,4,0,1,39,0,0,40,82.04
99,40,0,2,1,8.191999979317188,4,4,0,1,39,0,0,40,82.04
99,40,0,3,1,4.095999989658594,4,4,0,1,39,0,0,40,82.04
100,2,0,0,0,8.191999979317188,3,3,0,1,29,0,0,30,64.48
100,2,0,1,0,66.56000018119812,3,3,0,1,29,0,0,30,64.48
100,2,0,2,0,8.191999979317188,3,3,0,1,29,0,0,30,64.48
100,2,0,3,0,4.095999989658594,3,3,0,1,29,0,0,30,64.48
100,24,0,0,0,8.191999979317188,3,3,0,0,30,0,0,30,1.03
100,24,0,1,0,67.58400052785873,3,3,0,0,30,0,0,30,1.03
100,24,0,2,0,8.191999979317188,3,3,0,0,30,0,0,30,1.03
100,24,0,3,0,5.119999870657921,3,3,0,0,30,0,0,30,1.03
100,40,0,0,1,8.191999979317188,3,3,0,0,30,0,0,30,1.009
100,40,0,1,1,58.36800113320351,3,3,0,0,30,0,0,30,1.009
100,40,0,2,1,8.191999979317188,3,3,0,0,30,0,0,30,1.009
100,40,0,3,1,4.095999989658594,3,3,0,0,30,0,0,30,1.009
101,2,0,0,0,9.216000325977802,2,2,0,0,20,0,0,20,1.43
101,2,0,1,0,47.10400104522705,2,2,0,0,20,0,0,20,1.43
101,2,0,2,0,8.191999979317188,2,2,0,0,20,0,0,20,1.43
101,2,0,3,0,4.095999989658594,2,2,0,0,20,0,0,20,1.43
101,24,0,0,0,8.191999979317188,2,2,0,0,20,0,0,20,0.58
101,24,0,1,0,47.10400104522705,2,2,0,0,20,0,0,20,0.58
101,24,0,2,0,9.216000325977802,2,2,0,0,20,0,0,20,0.58
101,24,0,3,0,4.095999989658594,2,2,0,0,20,0,0,20,0.58
101,40,0,0,1,9.216000325977802,2,2,0,0,20,0,0,20,0.68
101,40,0,1,1,41.98399931192398,2,2,0,0,20,0,0,20,0.68
101,40,0,2,1,9.216000325977802,2,2,0,0,20,0,0,20,0.68
101,40,0,3,1,4.095999989658594,2,2,0,0,20,0,0,20,0.68
102,2,0,0,0,9.216000325977802,1,1,0,0,10,0,0,10,0.349
102,2,0,1,0,32.76799991726875,1,1,0,0,10,0,0,10,0.349
102,2,0,2,0,9.216000325977802,1,1,0,0,10,0,0,10,0.349
102,2,0,3,0,4.095999989658594,1,1,0,0,10,0,0,10,0.349
102,24,0,0,0,8.191999979317188,1,1,0,0,10,0,0,10,0.311
102,24,0,1,0,31.74399957060814,1,1,0,0,10,0,0,10,0.311
102,24,0,2,0,8.191999979317188,1,1,0,0,10,0,0,10,0.311
102,24,0,3,0,4.095999989658594,1,1,0,0,10,0,0,10,0.311
102,40,0,0,1,9.216000325977802,1,1,0,0,10,0,0,10,0.31
102,40,0,1,1,34.81600061058998,1,1,0,0,10,0,0,10,0.31
102,40,0,2,1,9.216000325977802,1,1,0,0,10,0,0,10,0.31
102,40,0,3,1,5.119999870657921,1,1,0,0,10,0,0,10,0.31
103,2,0,0,0,9.216000325977802,1,1,0,0,10,0,0,10,0.33
103,2,0,1,0,31.74399957060814,1,1,0,0,10,0,0,10,0.33
103,2,0,2,0,9.216000325977802,1,1,0,0,10,0,0,10,0.33
103,2,0,3,0,4.095999989658594,1,1,0,0,10,0,0,10,0.33
103,24,0,0,0,8.191999979317188,1,1,0,0,10,0,0,10,0.489
103,24,0,1,0,32.76799991726875,1,1,0,0,10,0,0,10,0.489
103,24,0,2,0,9.216000325977802,1,1,0,0,10,0,0,10,0.489
103,24,0,3,0,4.095999989658594,1,1,0,0,10,0,0,10,0.489
103,40,0,0,1,8.191999979317188,1,1,0,0,10,0,0,10,0.29
103,40,0,1,1,34.81600061058998,1,1,0,0,10,0,0,10,0.29
103,40,0,2,1,9.216000325977802,1,1,0,0,10,0,0,10,0.29
103,40,0,3,1,4.095999989658594,1,1,0,0,10,0,0,10,0.29
104,2,0,0,0,9.216000325977802,1,1,0,0,10,0,0,10,0.41
104,2,0,1,0,31.74399957060814,1,1,0,0,10,0,0,10,0.41
104,2,0,2,0,8.191999979317188,1,1,0,0,10,0,0,10,0.41
104,2,0,3,0,5.119999870657921,1,1,0,0,10,0,0,10,0.41
104,24,0,0,0,8.191999979317188,1,1,0,0,10,0,0,10,0.45
104,24,0,1,0,31.74399957060814,1,1,0,0,10,0,0,10,0.45
104,24,0,2,0,9.216000325977802,1,1,0,0,10,0,0,10,0.45
104,24,0,3,0,4.095999989658594,1,1,0,0,10,0,0,10,0.45
104,40,0,0,1,9.216000325977802,1,1,0,0,10,0,0,10,0.47
104,40,0,1,1,34.81600061058998,1,1,0,0,10,0,0,10,0.47
104,40,0,2,1,9.216000325977802,1,1,0,0,10,0,0,10,0.47
104,40,0,3,1,4.095999989658594,1,1,0,0,10,0,0,10,0.47
105,2,0,0,0,9.216000325977802,2,2,0,0,20,0,0,20,4.8
105,2,0,1,0,46.08000069856644,2,2,0,0,20,0,0,20,4.8
105,2,0,2,0,9.216000325977802,2,2,0,0,20,0,0,20,4.8
105,2,0,3,0,4.095999989658594,2,2,0,0,20,0,0,20,4.8
105,24,0,0,0,7.168000098317862,2,2,0,0,20,0,0,20,0.76
105,24,0,1,0,49.15200173854828,2,2,0,0,20,0,0,20,0.76
105,24,0,2,0,9.216000325977802,2,2,0,0,20,0,0,20,0.76
105,24,0,3,0,4.095999989658594,2,2,0,0,20,0,0,20,0.76
105,40,0,0,1,9.216000325977802,2,2,0,0,20,0,0,20,0.729
105,40,0,1,1,46.08000069856644,2,2,0,0,20,0,0,20,0.729
105,40,0,2,1,9.216000325977802,2,2,0,0,20,0,0,20,0.729
105,40,0,3,1,4.095999989658594,2,2,0,0,20,0,0,20,0.729
106,2,0,0,0,9.216000325977802,3,3,0,0,30,0,0,30,1.22
106,2,0,1,0,60.416001826524734,3,3,0,0,30,0,0,30,1.22
106,2,0,2,0,9.216000325977802,3,3,0,0,30,0,0,30,1.22
106,2,0,3,0,5.119999870657921,3,3,0,0,30,0,0,30,1.22
106,24,0,0,0,8.191999979317188,3,3,0,0,30,0,0,30,1.12
106,24,0,1,0,56.32000043988228,3,3,0,0,30,0,0,30,1.12
106,24,0,2,0,8.191999979317188,3,3,0,0,30,0,0,30,1.12
106,24,0,3,0,4.095999989658594,3,3,0,0,30,0,0,30,1.12
106,40,0,0,1,14.336000196635723,3,3,0,0,30,0,0,30,2.4
106,40,0,1,1,58.36800113320351,3,3,0,0,30,0,0,30,2.4
106,40,0,2,1,9.216000325977802,3,3,0,0,30,0,0,30,2.4
106,40,0,3,1,4.095999989658594,3,3,0,0,30,0,0,30,2.4
107,2,0,0,0,8.191999979317188,1,1,0,0,10,0,0,10,0.57
107,2,0,1,0,32.76799991726875,1,1,0,0,10,0,0,10,0.57
107,2,0,2,0,9.216000325977802,1,1,0,0,10,0,0,10,0.57
107,2,0,3,0,4.095999989658594,1,1,0,0,10,0,0,10,0.57
107,24,0,0,0,1230.847954750061,1,1,0,0,10,0,0,10,0.78
107,24,0,1,0,31.74399957060814,1,1,0,0,10,0,0,10,0.78
107,24,0,2,0,9.216000325977802,1,1,0,0,10,0,0,10,0.78
107,24,0,3,0,4.095999989658594,1,1,0,0,10,0,0,10,0.78
107,40,0,0,1,9.216000325977802,1,1,0,0,10,0,0,10,0.29
107,40,0,1,1,35.840000957250595,1,1,0,0,10,0,0,10,0.29
107,40,0,2,1,8.191999979317188,1,1,0,0,10,0,0,10,0.29
107,40,0,3,1,4.095999989658594,1,1,0,0,10,0,0,10,0.29
108,2,0,0,0,9.216000325977802,1,1,0,0,10,0,0,10,0.56
108,2,0,1,0,31.74399957060814,1,1,0,0,10,0,0,10,0.56
108,2,0,2,0,9.216000325977802,1,1,0,0,10,0,0,10,0.56
108,2,0,3,0,6.144000217318535,1,1,0,0,10,0,0,10,0.56
108,24,0,0,0,74.75200295448303,1,1,0,0,10,0,0,10,0.78
108,24,0,1,0,32.76799991726875,1,1,0,0,10,0,0,10,0.78
108,24,0,2,0,9.216000325977802,1,1,0,0,10,0,0,10,0.78
108,24,0,3,0,4.095999989658594,1,1,0,0,10,0,0,10,0.78
108,40,0,0,1,8.191999979317188,1,1,0,0,10,0,0,10,0.491
108,40,0,1,1,34.81600061058998,1,1,0,0,10,0,0,10,0.491
108,40,0,2,1,9.216000325977802,1,1,0,0,10,0,0,10,0.491
108,40,0,3,1,4.095999989658594,1,1,0,0,10,0,0,10,0.491
109,2,0,0,0,16.383999958634377,4,4,0,1,39,0,0,40,64.339
109,2,0,1,0,80.89599758386612,4,4,0,1,39,0,0,40,64.339
109,2,0,2,0,9.216000325977802,4,4,0,1,39,0,0,40,64.339
109,2,0,3,0,7.168000098317862,4,4,0,1,39,0,0,40,64.339
109,24,0,0,0,8.191999979317188,4,4,0,0,40,0,0,40,1.34
109,24,0,1,0,75.77600330114365,4,4,0,0,40,0,0,40,1.34
109,24,0,2,0,8.191999979317188,4,4,0,0,40,0,0,40,1.34
109,24,0,3,0,4.095999989658594,4,4,0,0,40,0,0,40,1.34
109,40,0,0,1,14.336000196635723,4,4,0,0,40,0,0,40,1.68
109,40,0,1,1,80.89599758386612,4,4,0,0,40,0,0,40,1.68
109,40,0,2,1,8.191999979317188,4,4,0,0,40,0,0,40,1.68
109,40,0,3,1,4.095999989658594,4,4,0,0,40,0,0,40,1.68
110,2,0,0,0,9.216000325977802,4,4,0,1,39,0,0,40,62.459
110,2,0,1,0,83.96799862384796,4,4,0,1,39,0,0,40,62.459
110,2,0,2,0,8.191999979317188,4,4,0,1,39,0,0,40,62.459
110,2,0,3,0,6.144000217318535,4,4,0,1,39,0,0,40,62.459
110,24,0,0,0,7.168000098317862,4,4,0,1,39,0,0,40,68.78
110,24,0,1,0,71.68000191450119,4,4,0,1,39,0,0,40,68.78
110,24,0,2,0,9.216000325977802,4,4,0,1,39,0,0,40,68.78
110,24,0,3,0,4.095999989658594,4,4,0,1,39,0,0,40,68.78
110,40,0,0,1,2693.120002746582,4,4,0,0,40,0,0,40,2.38
110,40,0,1,1,77.82399654388428,4,4,0,0,40,0,0,40,2.38
110,40,0,2,1,9.216000325977802,4,4,0,0,40,0,0,40,2.38
110,40,0,3,1,4.095999989658594,4,4,0,0,40,0,0,40,2.38
111,2,0,0,0,8.191999979317188,4,4,0,2,38,0,0,40,111.929
111,2,0,1,0,63.48799914121628,4,4,0,2,38,0,0,40,111.929
111,2,0,2,0,9.216000325977802,4,4,0,2,38,0,0,40,111.929
111,2,0,3,0,26.623999699950218,4,4,0,2,38,0,0,40,111.929
111,24,0,0,0,8.191999979317188,4,4,0,0,40,0,0,40,1.73
111,24,0,1,0,68.60800087451935,4,4,0,0,40,0,0,40,1.73
111,24,0,2,0,9.216000325977802,4,4,0,0,40,0,0,40,1.73
111,24,0,3,0,4.095999989658594,4,4,0,0,40,0,0,40,1.73
111,40,0,0,1,8.191999979317188,4,4,0,0,40,0,0,40,1.94
111,40,0,1,1,62.463998794555664,4,4,0,0,40,0,0,40,1.94
111,40,0,2,1,9.216000325977802,4,4,0,0,40,0,0,40,1.94
111,40,0,3,1,4.095999989658594,4,4,0,0,40,0,0,40,1.94
112,2,0,0,0,9.216000325977802,1,1,0,1,9,0,0,10,48.099
112,2,0,1,0,30.719999223947525,1,1,0,1,9,0,0,10,48.099
112,2,0,2,0,9.216000325977802,1,1,0,1,9,0,0,10,48.099
112,2,0,3,0,6.144000217318535,1,1,0,1,9,0,0,10,48.099
112,24,0,0,0,8.191999979317188,1,1,0,0,10,0,0,10,0.351
112,24,0,1,0,31.74399957060814,1,1,0,0,10,0,0,10,0.351
112,24,0,2,0,9.216000325977802,1,1,0,0,10,0,0,10,0.351
112,24,0,3,0,4.095999989658594,1,1,0,0,10,0,0,10,0.351
112,40,0,0,1,8.191999979317188,1,1,0,0,10,0,0,10,0.34
112,40,0,1,1,35.840000957250595,1,1,0,0,10,0,0,10,0.34
112,40,0,2,1,9.216000325977802,1,1,0,0,10,0,0,10,0.34
112,40,0,3,1,4.095999989658594,1,1,0,0,10,0,0,10,0.34
113,2,0,0,0,11.264000087976456,1,1,0,1,9,0,0,10,58.74
113,2,0,1,0,30.719999223947525,1,1,0,1,9,0,0,10,58.74
113,2,0,2,0,10.239999741315842,1,1,0,1,9,0,0,10,58.74
113,2,0,3,0,5.119999870657921,1,1,0,1,9,0,0,10,58.74
113,24,0,0,0,7.168000098317862,1,1,0,0,10,0,0,10,0.3
113,24,0,1,0,31.74399957060814,1,1,0,0,10,0,0,10,0.3
113,24,0,2,0,9.216000325977802,1,1,0,0,10,0,0,10,0.3
113,24,0,3,0,4.095999989658594,1,1,0,0,10,0,0,10,0.3
113,40,0,0,1,8.191999979317188,1,1,0,0,10,0,0,10,0.68
113,40,0,1,1,35.840000957250595,1,1,0,0,10,0,0,10,0.68
113,40,0,2,1,8.191999979317188,1,1,0,0,10,0,0,10,0.68
113,40,0,3,1,5.119999870657921,1,1,0,0,10,0,0,10,0.68
114,2,0,0,0,9.216000325977802,1,1,0,0,10,0,0,10,0.451
114,2,0,1,0,32.76799991726875,1,1,0,0,10,0,0,10,0.451
114,2,0,2,0,8.191999979317188,1,1,0,0,10,0,0,10,0.451
114,2,0,3,0,4.095999989658594,1,1,0,0,10,0,0,10,0.451
114,24,0,0,0,8.191999979317188,1,1,0,0,10,0,0,10,0.51
114,24,0,1,0,32.76799991726875,1,1,0,0,10,0,0,10,0.51
114,24,0,2,0,9.216000325977802,1,1,0,0,10,0,0,10,0.51
114,24,0,3,0,4.095999989658594,1,1,0,0,10,0,0,10,0.51
114,40,0,0,1,9.216000325977802,1,1,0,0,10,0,0,10,1.58
114,40,0,1,1,34.81600061058998,1,1,0,0,10,0,0,10,1.58
114,40,0,2,1,9.216000325977802,1,1,0,0,10,0,0,10,1.58
114,40,0,3,1,4.095999989658594,1,1,0,0,10,0,0,10,1.58
115,2,0,0,0,8.191999979317188,3,3,0,1,29,0,0,30,163.41
115,2,0,1,0,63.48799914121628,3,3,0,1,29,0,0,30,163.41
115,2,0,2,0,9.216000325977802,3,3,0,1,29,0,0,30,163.41
115,2,0,3,0,79.8719972372055,3,3,0,1,29,0,0,30,163.41
115,24,0,0,0,8.191999979317188,3,3,0,0,30,0,0,30,1.19
115,24,0,1,0,50.175998359918594,3,3,0,0,30,0,0,30,1.19
115,24,0,2,0,9.216000325977802,3,3,0,0,30,0,0,30,1.19
115,24,0,3,0,4.095999989658594,3,3,0,0,30,0,0,30,1.19
115,40,0,0,1,9.216000325977802,3,3,0,0,30,0,0,30,0.891
115,40,0,1,1,48.128001391887665,3,3,0,0,30,0,0,30,0.891
115,40,0,2,1,9.216000325977802,3,3,0,0,30,0,0,30,0.891
115,40,0,3,1,3.0720001086592674,3,3,0,0,30,0,0,30,0.891
116,2,0,0,0,14.336000196635723,4,4,0,2,38,0,0,40,118.47
116,2,0,1,0,75.77600330114365,4,4,0,2,38,0,0,40,118.47
116,2,0,2,0,9.216000325977802,4,4,0,2,38,0,0,40,118.47
116,2,0,3,0,19.45599913597107,4,4,0,2,38,0,0,40,118.47
116,24,0,0,0,8.191999979317188,4,4,0,0,40,0,0,40,1.3
116,24,0,1,0,59.39200147986412,4,4,0,0,40,0,0,40,1.3
116,24,0,2,0,9.216000325977802,4,4,0,0,40,0,0,40,1.3
116,24,0,3,0,4.095999989658594,4,4,0,0,40,0,0,40,1.3
116,40,0,0,1,8.191999979317188,4,4,0,0,40,0,0,40,1.79
116,40,0,1,1,75.77600330114365,4,4,0,0,40,0,0,40,1.79
116,40,0,2,1,9.216000325977802,4,4,0,0,40,0,0,40,1.79
116,40,0,3,1,4.095999989658594,4,4,0,0,40,0,0,40,1.79
117,2,0,0,0,9.216000325977802,1,1,0,1,9,0,0,10,49.679
117,2,0,1,0,30.719999223947525,1,1,0,1,9,0,0,10,49.679
117,2,0,2,0,9.216000325977802,1,1,0,1,9,0,0,10,49.679
117,2,0,3,0,4.095999989658594,1,1,0,1,9,0,0,10,49.679
117,24,0,0,0,7.168000098317862,1,1,0,0,10,0,0,10,0.31
117,24,0,1,0,31.74399957060814,1,1,0,0,10,0,0,10,0.31
117,24,0,2,0,8.191999979317188,1,1,0,0,10,0,0,10,0.31
117,24,0,3,0,4.095999989658594,1,1,0,0,10,0,0,10,0.31
117,40,0,0,1,8.191999979317188,1,1,0,0,10,0,0,10,0.42
117,40,0,1,1,35.840000957250595,1,1,0,0,10,0,0,10,0.42
117,40,0,2,1,8.191999979317188,1,1,0,0,10,0,0,10,0.42
117,40,0,3,1,4.095999989658594,1,1,0,0,10,0,0,10,0.42
118,2,0,0,0,8.191999979317188,1,1,0,0,10,0,0,10,0.71
118,2,0,1,0,31.74399957060814,1,1,0,0,10,0,0,10,0.71
118,2,0,2,0,9.216000325977802,1,1,0,0,10,0,0,10,0.71
118,2,0,3,0,5.119999870657921,1,1,0,0,10,0,0,10,0.71
118,24,0,0,0,8.191999979317188,1,1,0,0,10,0,0,10,0.33
118,24,0,1,0,31.74399957060814,1,1,0,0,10,0,0,10,0.33
118,24,0,2,0,8.191999979317188,1,1,0,0,10,0,0,10,0.33
118,24,0,3,0,4.095999989658594,1,1,0,0,10,0,0,10,0.33
118,40,0,0,1,8.191999979317188,1,1,0,0,10,0,0,10,0.451
118,40,0,1,1,34.81600061058998,1,1,0,0,10,0,0,10,0.451
118,40,0,2,1,9.216000325977802,1,1,0,0,10,0,0,10,0.451
118,40,0,3,1,4.095999989658594,1,1,0,0,10,0,0,10,0.451
119,2,0,0,0,9.216000325977802,1,1,0,0,10,0,0,10,0.54
119,2,0,1,0,31.74399957060814,1,1,0,0,10,0,0,10,0.54
119,2,0,2,0,9.216000325977802,1,1,0,0,10,0,0,10,0.54
119,2,0,3,0,4.095999989658594,1,1,0,0,10,0,0,10,0.54
119,24,0,0,0,8.191999979317188,1,1,0,0,10,0,0,10,0.309
119,24,0,1,0,31.74399957060814,1,1,0,0,10,0,0,10,0.309
119,24,0,2,0,8.191999979317188,1,1,0,0,10,0,0,10,0.309
119,24,0,3,0,3.0720001086592674,1,1,0,0,10,0,0,10,0.309
119,40,0,0,1,9.216000325977802,1,1,0,0,10,0,0,10,0.43
119,40,0,1,1,34.81600061058998,1,1,0,0,10,0,0,10,0.43
119,40,0,2,1,9.216000325977802,1,1,0,0,10,0,0,10,0.43
119,40,0,3,1,5.119999870657921,1,1,0,0,10,0,0,10,0.43
120,2,0,0,0,9.216000325977802,4,4,0,3,37,0,0,40,147.49
120,2,0,1,0,71.68000191450119,4,4,0,3,37,0,0,40,147.49
120,2,0,2,0,9.216000325977802,4,4,0,3,37,0,0,40,147.49
120,2,0,3,0,54.27199974656105,4,4,0,3,37,0,0,40,147.49
120,24,0,0,0,8.191999979317188,4,4,0,1,39,0,0,40,79.67
120,24,0,1,0,65.5359998345375,4,4,0,1,39,0,0,40,79.67
120,24,0,2,0,9.216000325977802,4,4,0,1,39,0,0,40,79.67
120,24,0,3,0,4.095999989658594,4,4,0,1,39,0,0,40,79.67
120,40,0,0,1,8.191999979317188,4,4,0,0,40,0,0,40,1.989
120,40,0,1,1,77.82399654388428,4,4,0,0,40,0,0,40,1.989
120,40,0,2,1,9.216000325977802,4,4,0,0,40,0,0,40,1.989
120,40,0,3,1,4.095999989658594,4,4,0,0,40,0,0,40,1.989
121,2,0,0,0,9.216000325977802,4,4,0,3,37,0,0,40,163.991
121,2,0,1,0,81.91999793052673,4,4,0,3,37,0,0,40,163.991
121,2,0,2,0,9.216000325977802,4,4,0,3,37,0,0,40,163.991
121,2,0,3,0,61.43999844789505,4,4,0,3,37,0,0,40,163.991
121,24,0,0,0,8.191999979317188,4,4,0,0,40,0,0,40,2.79
121,24,0,1,0,78.84799689054489,4,4,0,0,40,0,0,40,2.79
121,24,0,2,0,8.191999979317188,4,4,0,0,40,0,0,40,2.79
121,24,0,3,0,4.095999989658594,4,4,0,0,40,0,0,40,2.79
121,40,0,0,1,8.191999979317188,4,4,0,0,40,0,0,40,2.77
121,40,0,1,1,70.65600156784058,4,4,0,0,40,0,0,40,2.77
121,40,0,2,1,8.191999979317188,4,4,0,0,40,0,0,40,2.77
121,40,0,3,1,3.0720001086592674,4,4,0,0,40,0,0,40,2.77
122,2,0,0,0,9.216000325977802,4,4,0,2,38,0,0,40,107.069
122,2,0,1,0,75.77600330114365,4,4,0,2,38,0,0,40,107.069
122,2,0,2,0,9.216000325977802,4,4,0,2,38,0,0,40,107.069
122,2,0,3,0,15.359999611973763,4,4,0,2,38,0,0,40,107.069
122,24,0,0,0,7.168000098317862,4,4,0,0,40,0,0,40,1.35
122,24,0,1,0,64.51199948787689,4,4,0,0,40,0,0,40,1.35
122,24,0,2,0,9.216000325977802,4,4,0,0,40,0,0,40,1.35
122,24,0,3,0,4.095999989658594,4,4,0,0,40,0,0,40,1.35
122,40,0,0,1,9.216000325977802,4,4,0,0,40,0,0,40,1.25
122,40,0,1,1,74.75200295448303,4,4,0,0,40,0,0,40,1.25
122,40,0,2,1,9.216000325977802,4,4,0,0,40,0,0,40,1.25
122,40,0,3,1,4.095999989658594,4,4,0,0,40,0,0,40,1.25
123,2,0,0,0,2798.5920906066895,4,4,0,2,38,0,0,40,86.909
123,2,0,1,0,86.01599931716919,4,4,0,2,38,0,0,40,86.909
123,2,0,2,0,9.216000325977802,4,4,0,2,38,0,0,40,86.909
123,2,0,3,0,8.191999979317188,4,4,0,2,38,0,0,40,86.909
123,24,0,0,0,8.191999979317188,4,4,0,0,40,0,0,40,1.55
123,24,0,1,0,69.63200122117996,4,4,0,0,40,0,0,40,1.55
123,24,0,2,0,9.216000325977802,4,4,0,0,40,0,0,40,1.55
123,24,0,3,0,5.119999870657921,4,4,0,0,40,0,0,40,1.55
123,40,0,0,1,16.383999958634377,4,4,0,0,40,0,0,40,1.269
123,40,0,1,1,65.5359998345375,4,4,0,0,40,0,0,40,1.269
123,40,0,2,1,9.216000325977802,4,4,0,0,40,0,0,40,1.269
123,40,0,3,1,5.119999870657921,4,4,0,0,40,0,0,40,1.269
124,2,0,0,0,14.336000196635723,4,4,0,0,40,0,0,40,1.67
124,2,0,1,0,65.5359998345375,4,4,0,0,40,0,0,40,1.67
124,2,0,2,0,9.216000325977802,4,4,0,0,40,0,0,40,1.67
124,2,0,3,0,5.119999870657921,4,4,0,0,40,0,0,40,1.67
124,24,0,0,0,8.191999979317188,4,4,0,0,40,0,0,40,3.389
124,24,0,1,0,51.19999870657921,4,4,0,0,40,0,0,40,3.389
124,24,0,2,0,8.191999979317188,4,4,0,0,40,0,0,40,3.389
124,24,0,3,0,3.0720001086592674,4,4,0,0,40,0,0,40,3.389
124,40,0,0,1,13.311999849975109,4,4,0,0,40,0,0,40,1.45
124,40,0,1,1,70.65600156784058,4,4,0,0,40,0,0,40,1.45
124,40,0,2,1,9.216000325977802,4,4,0,0,40,0,0,40,1.45
124,40,0,3,1,4.095999989658594,4,4,0,0,40,0,0,40,1.45
125,2,0,0,0,14.336000196635723,4,4,0,0,40,0,0,40,3.78
125,2,0,1,0,69.63200122117996,4,4,0,0,40,0,0,40,3.78
125,2,0,2,0,8.191999979317188,4,4,0,0,40,0,0,40,3.78
125,2,0,3,0,5.119999870657921,4,4,0,0,40,0,0,40,3.78
125,24,0,0,0,8.191999979317188,4,4,0,1,39,0,0,40,60.41
125,24,0,1,0,72.7040022611618,4,4,0,1,39,0,0,40,60.41
125,24,0,2,0,8.191999979317188,4,4,0,1,39,0,0,40,60.41
125,24,0,3,0,4.095999989658594,4,4,0,1,39,0,0,40,60.41
125,40,0,0,1,14.336000196635723,4,4,0,0,40,0,0,40,3.55
125,40,0,1,1,99.32799637317657,4,4,0,0,40,0,0,40,3.55
125,40,0,2,1,9.216000325977802,4,4,0,0,40,0,0,40,3.55
125,40,0,3,1,4.095999989658594,4,4,0,0,40,0,0,40,3.55
126,2,0,0,0,9.216000325977802,4,4,0,4,36,0,0,40,151.409
126,2,0,1,0,71.68000191450119,4,4,0,4,36,0,0,40,151.409
126,2,0,2,0,9.216000325977802,4,4,0,4,36,0,0,40,151.409
126,2,0,3,0,65.5359998345375,4,4,0,4,36,0,0,40,151.409
126,24,0,0,0,7.168000098317862,4,4,0,0,40,0,0,40,1.4
126,24,0,1,0,58.36800113320351,4,4,0,0,40,0,0,40,1.4
126,24,0,2,0,9.216000325977802,4,4,0,0,40,0,0,40,1.4
126,24,0,3,0,5.119999870657921,4,4,0,0,40,0,0,40,1.4
126,40,0,0,1,8.191999979317188,4,4,0,0,40,0,0,40,1.47
126,40,0,1,1,65.5359998345375,4,4,0,0,40,0,0,40,1.47
126,40,0,2,1,9.216000325977802,4,4,0,0,40,0,0,40,1.47
126,40,0,3,1,4.095999989658594,4,4,0,0,40,0,0,40,1.47
127,2,0,0,0,8.191999979317188,4,4,0,7,32,1,0,40,344.849
127,2,0,1,0,74.75200295448303,4,4,0,7,32,1,0,40,344.849
127,2,0,2,0,171.00800573825836,4,4,0,7,32,1,0,40,344.849
127,2,0,3,0,87.0399996638298,4,4,0,7,32,1,0,40,344.849
127,24,0,0,0,8.191999979317188,4,4,0,4,36,0,0,40,152.799
127,24,0,1,0,69.63200122117996,4,4,0,4,36,0,0,40,152.799
127,24,0,2,0,9.216000325977802,4,4,0,4,36,0,0,40,152.799
127,24,0,3,0,62.463998794555664,4,4,0,4,36,0,0,40,152.799
127,40,0,0,1,8.191999979317188,4,4,0,0,40,0,0,40,2.29
127,40,0,1,1,88.06400001049042,4,4,0,0,40,0,0,40,2.29
127,40,0,2,1,8.191999979317188,4,4,0,0,40,0,0,40,2.29
127,40,0,3,1,3.0720001086592674,4,4,0,0,40,0,0,40,2.29
128,2,0,0,0,8.191999979317188,4,4,0,1,39,0,0,40,64.409
128,2,0,1,0,78.84799689054489,4,4,0,1,39,0,0,40,64.409
128,2,0,2,0,9.216000325977802,4,4,0,1,39,0,0,40,64.409
128,2,0,3,0,5.119999870657921,4,4,0,1,39,0,0,40,64.409
128,24,0,0,0,7.168000098317862,4,4,0,0,40,0,0,40,1.66
128,24,0,1,0,59.39200147986412,4,4,0,0,40,0,0,40,1.66
128,24,0,2,0,9.216000325977802,4,4,0,0,40,0,0,40,1.66
128,24,0,3,0,4.095999989658594,4,4,0,0,40,0,0,40,1.66
128,40,0,0,1,15.359999611973763,4,4,0,1,39,0,0,40,68.64
128,40,0,1,1,71.68000191450119,4,4,0,1,39,0,0,40,68.64
128,40,0,2,1,9.216000325977802,4,4,0,1,39,0,0,40,68.64
128,40,0,3,1,4.095999989658594,4,4,0,1,39,0,0,40,68.64
129,2,0,0,0,9.216000325977802,2,2,0,3,17,0,0,20,137.87
129,2,0,1,0,44.03200000524521,2,2,0,3,17,0,0,20,137.87
129,2,0,2,0,9.216000325977802,2,2,0,3,17,0,0,20,137.87
129,2,0,3,0,71.68000191450119,2,2,0,3,17,0,0,20,137.87
129,24,0,0,0,8.191999979317188,2,2,0,1,19,0,0,20,55.49
129,24,0,1,0,47.10400104522705,2,2,0,1,19,0,0,20,55.49
129,24,0,2,0,9.216000325977802,2,2,0,1,19,0,0,20,55.49
129,24,0,3,0,5.119999870657921,2,2,0,1,19,0,0,20,55.49
129,40,0,0,1,9.216000325977802,2,2,0,2,18,0,0,20,51.551
129,40,0,1,1,43.007999658584595,2,2,0,2,18,0,0,20,51.551
129,40,0,2,1,10.239999741315842,2,2,0,2,18,0,0,20,51.551
129,40,0,3,1,4.095999989658594,2,2,0,2,18,0,0,20,51.551
130,2,0,0,0,8.191999979317188,1,1,0,0,10,0,0,10,0.99
130,2,0,1,0,32.76799991726875,1,1,0,0,10,0,0,10,0.99
130,2,0,2,0,9.216000325977802,1,1,0,0,10,0,0,10,0.99
130,2,0,3,0,5.119999870657921,1,1,0,0,10,0,0,10,0.99
130,24,0,0,0,8.191999979317188,1,1,0,0,10,0,0,10,0.45
130,24,0,1,0,32.76799991726875,1,1,0,0,10,0,0,10,0.45
130,24,0,2,0,9.216000325977802,1,1,0,0,10,0,0,10,0.45
130,24,0,3,0,4.095999989658594,1,1,0,0,10,0,0,10,0.45
130,40,0,0,1,9.216000325977802,1,1,0,1,9,0,0,10,54.829
130,40,0,1,1,33.79200026392937,1,1,0,1,9,0,0,10,54.829
130,40,0,2,1,9.216000325977802,1,1,0,1,9,0,0,10,54.829
130,40,0,3,1,4.095999989658594,1,1,0,1,9,0,0,10,54.829
131,2,0,0,0,9.216000325977802,4,4,0,6,33,1,0,40,463.079
131,2,0,1,0,63.48799914121628,4,4,0,6,33,1,0,40,463.079
131,2,0,2,0,163.83999586105347,4,4,0,6,33,1,0,40,463.079
131,2,0,3,0,224.2559939622879,4,4,0,6,33,1,0,40,463.079
131,24,0,0,0,13.311999849975109,4,4,0,3,36,1,0,40,367.668
131,24,0,1,0,51.19999870657921,4,4,0,3,36,1,0,40,367.668
131,24,0,2,0,167.93599724769592,4,4,0,3,36,1,0,40,367.668
131,24,0,3,0,128.00000607967377,4,4,0,3,36,1,0,40,367.668
131,40,0,0,1,8.191999979317188,4,4,0,3,37,0,0,40,370.608
131,40,0,1,1,83.96799862384796,4,4,0,3,37,0,0,40,370.608
131,40,0,2,1,9.216000325977802,4,4,0,3,37,0,0,40,370.608
131,40,0,3,1,265.21599292755127,4,4,0,3,37,0,0,40,370.608
132,2,0,0,0,8.191999979317188,1,1,0,2,8,0,0,10,90.81
132,2,0,1,0,27.648000046610832,1,1,0,2,8,0,0,10,90.81
132,2,0,2,0,9.216000325977802,1,1,0,2,8,0,0,10,90.81
132,2,0,3,0,44.03200000524521,1,1,0,2,8,0,0,10,90.81
132,24,0,0,0,8.191999979317188,1,1,0,0,10,0,0,10,0.3
132,24,0,1,0,31.74399957060814,1,1,0,0,10,0,0,10,0.3
132,24,0,2,0,9.216000325977802,1,1,0,0,10,0,0,10,0.3
132,24,0,3,0,4.095999989658594,1,1,0,0,10,0,0,10,0.3
132,40,0,0,1,9.216000325977802,1,1,0,0,10,0,0,10,0.36
132,40,0,1,1,34.81600061058998,1,1,0,0,10,0,0,10,0.36
132,40,0,2,1,9.216000325977802,1,1,0,0,10,0,0,10,0.36
132,40,0,3,1,4.095999989658594,1,1,0,0,10,0,0,10,0.36
133,2,0,0,0,9.216000325977802,4,4,0,7,32,1,0,40,367.4
133,2,0,1,0,54.27199974656105,4,4,0,7,32,1,0,40,367.4
133,2,0,2,0,163.83999586105347,4,4,0,7,32,1,0,40,367.4
133,2,0,3,0,136.19199395179749,4,4,0,7,32,1,0,40,367.4
133,24,0,0,0,9.216000325977802,4,4,0,2,38,0,0,40,113.5
133,24,0,1,0,53.247999399900436,4,4,0,2,38,0,0,40,113.5
133,24,0,2,0,9.216000325977802,4,4,0,2,38,0,0,40,113.5
133,24,0,3,0,37.88800165057182,4,4,0,2,38,0,0,40,113.5
133,40,0,0,1,8.191999979317188,4,4,0,1,39,0,0,40,68.23
133,40,0,1,1,78.84799689054489,4,4,0,1,39,0,0,40,68.23
133,40,0,2,1,8.191999979317188,4,4,0,1,39,0,0,40,68.23
133,40,0,3,1,4.095999989658594,4,4,0,1,39,0,0,40,68.23
134,2,0,0,0,10.239999741315842,2,2,0,2,18,0,0,20,82.46
134,2,0,1,0,49.15200173854828,2,2,0,2,18,0,0,20,82.46
134,2,0,2,0,9.216000325977802,2,2,0,2,18,0,0,20,82.46
134,2,0,3,0,10.239999741315842,2,2,0,2,18,0,0,20,82.46
134,24,0,0,0,8.191999979317188,2,2,0,0,20,0,0,20,1.03
134,24,0,1,0,59.39200147986412,2,2,0,0,20,0,0,20,1.03
134,24,0,2,0,9.216000325977802,2,2,0,0,20,0,0,20,1.03
134,24,0,3,0,4.095999989658594,2,2,0,0,20,0,0,20,1.03
134,40,0,0,1,9.216000325977802,2,2,0,0,20,0,0,20,0.98
134,40,0,1,1,60.416001826524734,2,2,0,0,20,0,0,20,0.98
134,40,0,2,1,9.216000325977802,2,2,0,0,20,0,0,20,0.98
134,40,0,3,1,4.095999989658594,2,2,0,0,20,0,0,20,0.98
135,2,0,0,0,8.191999979317188,4,4,0,7,32,1,0,40,296.589
135,2,0,1,0,73.72800260782242,4,4,0,7,32,1,0,40,296.589
135,2,0,2,0,169.98399794101715,4,4,0,7,32,1,0,40,296.589
135,2,0,3,0,40.95999896526337,4,4,0,7,32,1,0,40,296.589
135,24,0,0,0,8.191999979317188,4,4,0,3,37,0,0,40,104.149
135,24,0,1,0,62.463998794555664,4,4,0,3,37,0,0,40,104.149
135,24,0,2,0,9.216000325977802,4,4,0,3,37,0,0,40,104.149
135,24,0,3,0,20.479999482631683,4,4,0,3,37,0,0,40,104.149
135,40,0,0,1,9.216000325977802,4,4,0,1,39,0,0,40,83.389
135,40,0,1,1,66.56000018119812,4,4,0,1,39,0,0,40,83.389
135,40,0,2,1,9.216000325977802,4,4,0,1,39,0,0,40,83.389
135,40,0,3,1,4.095999989658594,4,4,0,1,39,0,0,40,83.389
136,2,0,0,0,17.40800030529499,2,2,0,2,18,0,0,20,95.869
136,2,0,1,0,45.05600035190582,2,2,0,2,18,0,0,20,95.869
136,2,0,2,0,8.191999979317188,2,2,0,2,18,0,0,20,95.869
136,2,0,3,0,20.479999482631683,2,2,0,2,18,0,0,20,95.869
136,24,0,0,0,8.191999979317188,2,2,0,0,20,0,0,20,2.04
136,24,0,1,0,46.08000069856644,2,2,0,0,20,0,0,20,2.04
136,24,0,2,0,9.216000325977802,2,2,0,0,20,0,0,20,2.04
136,24,0,3,0,4.095999989658594,2,2,0,0,20,0,0,20,2.04
136,40,0,0,1,16.383999958634377,2,2,0,0,20,0,0,20,0.669
136,40,0,1,1,40.95999896526337,2,2,0,0,20,0,0,20,0.669
136,40,0,2,1,9.216000325977802,2,2,0,0,20,0,0,20,0.669
136,40,0,3,1,4.095999989658594,2,2,0,0,20,0,0,20,0.669
137,2,0,0,0,15.359999611973763,4,4,0,5,34,1,0,40,189.319
137,2,0,1,0,69.63200122117996,4,4,0,5,34,1,0,40,189.319
137,2,0,2,0,163.83999586105347,4,4,0,5,34,1,0,40,189.319
137,2,0,3,0,6.144000217318535,4,4,0,5,34,1,0,40,189.319
137,24,0,0,0,8.191999979317188,4,4,0,1,39,0,0,40,62.96
137,24,0,1,0,74.75200295448303,4,4,0,1,39,0,0,40,62.96
137,24,0,2,0,9.216000325977802,4,4,0,1,39,0,0,40,62.96
137,24,0,3,0,4.095999989658594,4,4,0,1,39,0,0,40,62.96
137,40,0,0,1,9.216000325977802,4,4,0,2,38,0,0,40,122.449
137,40,0,1,1,75.77600330114365,4,4,0,2,38,0,0,40,122.449
137,40,0,2,1,9.216000325977802,4,4,0,2,38,0,0,40,122.449
137,40,0,3,1,26.623999699950218,4,4,0,2,38,0,0,40,122.449
138,2,0,0,0,8.191999979317188,4,4,0,5,34,1,0,40,149.85
138,2,0,1,0,67.58400052785873,4,4,0,5,34,1,0,40,149.85
138,2,0,2,0,168.96000504493713,4,4,0,5,34,1,0,40,149.85
138,2,0,3,0,5.119999870657921,4,4,0,5,34,1,0,40,149.85
138,24,0,0,0,15.359999611973763,4,4,0,1,39,0,0,40,63.429
138,24,0,1,0,67.58400052785873,4,4,0,1,39,0,0,40,63.429
138,24,0,2,0,12.28800043463707,4,4,0,1,39,0,0,40,63.429
138,24,0,3,0,5.119999870657921,4,4,0,1,39,0,0,40,63.429
138,40,0,0,1,8.191999979317188,4,4,0,1,39,0,0,40,70.4
138,40,0,1,1,69.63200122117996,4,4,0,1,39,0,0,40,70.4
138,40,0,2,1,9.216000325977802,4,4,0,1,39,0,0,40,70.4
138,40,0,3,1,4.095999989658594,4,4,0,1,39,0,0,40,70.4
139,2,0,0,0,14.336000196635723,4,4,0,4,36,0,0,40,159.499
139,2,0,1,0,77.82399654388428,4,4,0,4,36,0,0,40,159.499
139,2,0,2,0,8.191999979317188,4,4,0,4,36,0,0,40,159.499
139,2,0,3,0,54.27199974656105,4,4,0,4,36,0,0,40,159.499
139,24,0,0,0,7.168000098317862,4,4,0,2,38,0,0,40,99.36
139,24,0,1,0,61.43999844789505,4,4,0,2,38,0,0,40,99.36
139,24,0,2,0,9.216000325977802,4,4,0,2,38,0,0,40,99.36
139,24,0,3,0,16.383999958634377,4,4,0,2,38,0,0,40,99.36
139,40,0,0,1,14.336000196635723,4,4,0,0,40,0,0,40,2.229
139,40,0,1,1,87.0399996638298,4,4,0,0,40,0,0,40,2.229
139,40,0,2,1,9.216000325977802,4,4,0,0,40,0,0,40,2.229
139,40,0,3,1,4.095999989658594,4,4,0,0,40,0,0,40,2.229
140,2,0,0,0,9.216000325977802,4,4,0,6,33,1,0,40,288.379
140,2,0,1,0,69.63200122117996,4,4,0,6,33,1,0,40,288.379
140,2,0,2,0,168.96000504493713,4,4,0,6,33,1,0,40,288.379
140,2,0,3,0,39.93599861860275,4,4,0,6,33,1,0,40,288.379
140,24,0,0,0,9.216000325977802,4,4,0,3,37,0,0,40,177.11
140,24,0,1,0,82.94399827718735,4,4,0,3,37,0,0,40,177.11
140,24,0,2,0,10.239999741315842,4,4,0,3,37,0,0,40,177.11
140,24,0,3,0,75.77600330114365,4,4,0,3,37,0,0,40,177.11
140,40,0,0,1,8.191999979317188,4,4,0,1,39,0,0,40,73.83
140,40,0,1,1,93.18400174379349,4,4,0,1,39,0,0,40,73.83
140,40,0,2,1,9.216000325977802,4,4,0,1,39,0,0,40,73.83
140,40,0,3,1,4.095999989658594,4,4,0,1,39,0,0,40,73.83
141,2,0,0,0,9.216000325977802,4,4,0,5,34,1,0,40,173.439
141,2,0,1,0,61.43999844789505,4,4,0,5,34,1,0,40,173.439
141,2,0,2,0,167.93599724769592,4,4,0,5,34,1,0,40,173.439
141,2,0,3,0,5.119999870657921,4,4,0,5,34,1,0,40,173.439
141,24,0,0,0,8.191999979317188,4,4,0,0,40,0,0,40,3.309
141,24,0,1,0,75.77600330114365,4,4,0,0,40,0,0,40,3.309
141,24,0,2,0,9.216000325977802,4,4,0,0,40,0,0,40,3.309
141,24,0,3,0,4.095999989658594,4,4,0,0,40,0,0,40,3.309
141,40,0,0,1,8.191999979317188,4,4,0,4,35,1,0,40,414.689
141,40,0,1,1,84.99199897050858,4,4,0,4,35,1,0,40,414.689
141,40,0,2,1,195.5839991569519,4,4,0,4,35,1,0,40,414.689
141,40,0,3,1,126.97599828243256,4,4,0,4,35,1,0,40,414.689
142,2,0,0,0,8.191999979317188,4,4,0,3,37,0,0,40,216.06
142,2,0,1,0,72.7040022611618,4,4,0,3,37,0,0,40,216.06
142,2,0,2,0,8.191999979317188,4,4,0,3,37,0,0,40,216.06
142,2,0,3,0,124.92799758911133,4,4,0,3,37,0,0,40,216.06
142,24,0,0,0,8.191999979317188,4,4,0,1,39,0,0,40,52.11
142,24,0,1,0,86.01599931716919,4,4,0,1,39,0,0,40,52.11
142,24,0,2,0,9.216000325977802,4,4,0,1,39,0,0,40,52.11
142,24,0,3,0,4.095999989658594,4,4,0,1,39,0,0,40,52.11
142,40,0,0,1,14.336000196635723,4,4,0,1,39,0,0,40,69.709
142,40,0,1,1,97.28000313043594,4,4,0,1,39,0,0,40,69.709
142,40,0,2,1,9.216000325977802,4,4,0,1,39,0,0,40,69.709
142,40,0,3,1,4.095999989658594,4,4,0,1,39,0,0,40,69.709
143,2,0,0,0,8.191999979317188,4,4,0,14,21,5,0,40,673.198
143,2,0,1,0,47.10400104522705,4,4,0,14,21,5,0,40,673.198
143,2,0,2,0,759.8080039024353,4,4,0,14,21,5,0,40,673.198
143,2,0,3,0,5.119999870657921,4,4,0,14,21,5,0,40,673.198
143,24,0,0,0,14.336000196635723,4,4,0,1,39,0,0,40,72.76
143,24,0,1,0,69.63200122117996,4,4,0,1,39,0,0,40,72.76
143,24,0,2,0,9.216000325977802,4,4,0,1,39,0,0,40,72.76
143,24,0,3,0,4.095999989658594,4,4,0,1,39,0,0,40,72.76
143,40,0,0,1,9.216000325977802,4,4,0,1,39,0,0,40,66.86
143,40,0,1,1,96.25600278377533,4,4,0,1,39,0,0,40,66.86
143,40,0,2,1,9.216000325977802,4,4,0,1,39,0,0,40,66.86
143,40,0,3,1,4.095999989658594,4,4,0,1,39,0,0,40,66.86
144,2,0,0,0,9.216000325977802,4,4,0,5,34,1,0,40,239.808
144,2,0,1,0,71.68000191450119,4,4,0,5,34,1,0,40,239.808
144,2,0,2,0,167.93599724769592,4,4,0,5,34,1,0,40,239.808
144,2,0,3,0,5.119999870657921,4,4,0,5,34,1,0,40,239.808
144,24,0,0,0,9.216000325977802,4,4,0,2,38,0,0,40,87.67
144,24,0,1,0,75.77600330114365,4,4,0,2,38,0,0,40,87.67
144,24,0,2,0,9.216000325977802,4,4,0,2,38,0,0,40,87.67
144,24,0,3,0,4.095999989658594,4,4,0,2,38,0,0,40,87.67
144,40,0,0,1,14.336000196635723,4,4,0,0,40,0,0,40,1.909
144,40,0,1,1,75.77600330114365,4,4,0,0,40,0,0,40,1.909
144,40,0,2,1,9.216000325977802,4,4,0,0,40,0,0,40,1.909
144,40,0,3,1,4.095999989658594,4,4,0,0,40,0,0,40,1.909
145,2,0,0,0,9.216000325977802,4,4,0,5,35,0,0,40,125.409
145,2,0,1,0,69.63200122117996,4,4,0,5,35,0,0,40,125.409
145,2,0,2,0,9.216000325977802,4,4,0,5,35,0,0,40,125.409
145,2,0,3,0,40.95999896526337,4,4,0,5,35,0,0,40,125.409
145,24,0,0,0,9.216000325977802,4,4,0,4,35,1,0,40,157.249
145,24,0,1,0,56.32000043988228,4,4,0,4,35,1,0,40,157.249
145,24,0,2,0,163.83999586105347,4,4,0,4,35,1,0,40,157.249
145,24,0,3,0,5.119999870657921,4,4,0,4,35,1,0,40,157.249
145,40,0,0,1,8.191999979317188,4,4,0,3,37,0,0,40,128.541
145,40,0,1,1,63.48799914121628,4,4,0,3,37,0,0,40,128.541
145,40,0,2,1,9.216000325977802,4,4,0,3,37,0,0,40,128.541
145,40,0,3,1,50.175998359918594,4,4,0,3,37,0,0,40,128.541
146,2,0,0,0,8.191999979317188,4,4,0,7,32,1,0,40,339.879
146,2,0,1,0,55.296000093221664,4,4,0,7,32,1,0,40,339.879
146,2,0,2,0,168.96000504493713,4,4,0,7,32,1,0,40,339.879
146,2,0,3,0,102.39999741315842,4,4,0,7,32,1,0,40,339.879
146,24,0,0,0,9.216000325977802,4,4,0,3,37,0,0,40,139.129
146,24,0,1,0,65.5359998345375,4,4,0,3,37,0,0,40,139.129
146,24,0,2,0,9.216000325977802,4,4,0,3,37,0,0,40,139.129
146,24,0,3,0,51.19999870657921,4,4,0,3,37,0,0,40,139.129
146,40,0,0,1,15.359999611973763,4,4,0,1,39,0,0,40,181.24
146,40,0,1,1,63.48799914121628,4,4,0,1,39,0,0,40,181.24
146,40,0,2,1,9.216000325977802,4,4,0,1,39,0,0,40,181.24
146,40,0,3,1,89.08800035715103,4,4,0,1,39,0,0,40,181.24
147,2,0,0,0,8.191999979317188,4,4,0,3,37,0,0,40,136.469
147,2,0,1,0,61.43999844789505,4,4,0,3,37,0,0,40,136.469
147,2,0,2,0,9.216000325977802,4,4,0,3,37,0,0,40,136.469
147,2,0,3,0,55.296000093221664,4,4,0,3,37,0,0,40,136.469
147,24,0,0,0,52.22399905323982,4,4,0,1,39,0,0,40,50.18
147,24,0,1,0,62.463998794555664,4,4,0,1,39,0,0,40,50.18
147,24,0,2,0,9.216000325977802,4,4,0,1,39,0,0,40,50.18
147,24,0,3,0,4.095999989658594,4,4,0,1,39,0,0,40,50.18
147,40,0,0,1,14.336000196635723,4,4,0,0,40,0,0,40,3.66
147,40,0,1,1,84.99199897050858,4,4,0,0,40,0,0,40,3.66
147,40,0,2,1,9.216000325977802,4,4,0,0,40,0,0,40,3.66
147,40,0,3,1,4.095999989658594,4,4,0,0,40,0,0,40,3.66
148,2,0,0,0,16.383999958634377,2,2,0,0,20,0,0,20,1.18
148,2,0,1,0,47.10400104522705,2,2,0,0,20,0,0,20,1.18
148,2,0,2,0,8.191999979317188,2,2,0,0,20,0,0,20,1.18
148,2,0,3,0,5.119999870657921,2,2,0,0,20,0,0,20,1.18
148,24,0,0,0,8.191999979317188,2,2,0,0,20,0,0,20,0.789
148,24,0,1,0,50.175998359918594,2,2,0,0,20,0,0,20,0.789
148,24,0,2,0,9.216000325977802,2,2,0,0,20,0,0,20,0.789
148,24,0,3,0,4.095999989658594,2,2,0,0,20,0,0,20,0.789
148,40,0,0,1,8.191999979317188,2,2,0,0,20,0,0,20,1.291
148,40,0,1,1,46.08000069856644,2,2,0,0,20,0,0,20,1.291
148,40,0,2,1,9.216000325977802,2,2,0,0,20,0,0,20,1.291
148,40,0,3,1,4.095999989658594,2,2,0,0,20,0,0,20,1.291
149,2,0,0,0,14.336000196635723,4,4,0,0,40,0,0,40,1.92
149,2,0,1,0,77.82399654388428,4,4,0,0,40,0,0,40,1.92
149,2,0,2,0,9.216000325977802,4,4,0,0,40,0,0,40,1.92
149,2,0,3,0,7.168000098317862,4,4,0,0,40,0,0,40,1.92
149,24,0,0,0,8.191999979317188,4,4,0,0,40,0,0,40,1.82
149,24,0,1,0,63.48799914121628,4,4,0,0,40,0,0,40,1.82
149,24,0,2,0,9.216000325977802,4,4,0,0,40,0,0,40,1.82
149,24,0,3,0,5.119999870657921,4,4,0,0,40,0,0,40,1.82
149,40,0,0,1,14.336000196635723,4,4,0,0,40,0,0,40,1.36
149,40,0,1,1,53.247999399900436,4,4,0,0,40,0,0,40,1.36
149,40,0,2,1,8.191999979317188,4,4,0,0,40,0,0,40,1.36
149,40,0,3,1,4.095999989658594,4,4,0,0,40,0,0,40,1.36
150,2,0,0,0,14.336000196635723,4,4,0,0,40,0,0,40,2.04
150,2,0,1,0,84.99199897050858,4,4,0,0,40,0,0,40,2.04
150,2,0,2,0,9.216000325977802,4,4,0,0,40,0,0,40,2.04
150,2,0,3,0,5.119999870657921,4,4,0,0,40,0,0,40,2.04
150,24,0,0,0,7.168000098317862,4,4,0,0,40,0,0,40,1.589
150,24,0,1,0,74.75200295448303,4,4,0,0,40,0,0,40,1.589
150,24,0,2,0,9.216000325977802,4,4,0,0,40,0,0,40,1.589
150,24,0,3,0,4.095999989658594,4,4,0,0,40,0,0,40,1.589
150,40,0,0,1,15.359999611973763,4,4,0,0,40,0,0,40,1.68
150,40,0,1,1,73.72800260782242,4,4,0,0,40,0,0,40,1.68
150,40,0,2,1,9.216000325977802,4,4,0,0,40,0,0,40,1.68
150,40,0,3,1,4.095999989658594,4,4,0,0,40,0,0,40,1.68
151,2,0,0,0,8.191999979317188,2,2,0,1,19,0,0,20,59.049
151,2,0,1,0,50.175998359918594,2,2,0,1,19,0,0,20,59.049
151,2,0,2,0,8.191999979317188,2,2,0,1,19,0,0,20,59.049
151,2,0,3,0,4.095999989658594,2,2,0,1,19,0,0,20,59.049
151,24,0,0,0,8.191999979317188,2,2,0,0,20,0,0,20,0.711
151,24,0,1,0,59.39200147986412,2,2,0,0,20,0,0,20,0.711
151,24,0,2,0,9.216000325977802,2,2,0,0,20,0,0,20,0.711
151,24,0,3,0,4.095999989658594,2,2,0,0,20,0,0,20,0.711
151,40,0,0,1,8.191999979317188,2,2,0,0,20,0,0,20,0.74
151,40,0,1,1,46.08000069856644,2,2,0,0,20,0,0,20,0.74
151,40,0,2,1,9.216000325977802,2,2,0,0,20,0,0,20,0.74
151,40,0,3,1,4.095999989658594,2,2,0,0,20,0,0,20,0.74
152,2,0,0,0,16.383999958634377,3,3,0,0,30,0,0,30,2.67
152,2,0,1,0,62.463998794555664,3,3,0,0,30,0,0,30,2.67
152,2,0,2,0,9.216000325977802,3,3,0,0,30,0,0,30,2.67
152,2,0,3,0,5.119999870657921,3,3,0,0,30,0,0,30,2.67
152,24,0,0,0,8.191999979317188,3,3,0,0,30,0,0,30,3.029
152,24,0,1,0,56.32000043988228,3,3,0,0,30,0,0,30,3.029
152,24,0,2,0,9.216000325977802,3,3,0,0,30,0,0,30,3.029
152,24,0,3,0,4.095999989658594,3,3,0,0,30,0,0,30,3.029
152,40,0,0,1,3100.6720066070557,3,3,0,1,29,0,0,30,251.589
152,40,0,1,1,50.175998359918594,3,3,0,1,29,0,0,30,251.589
152,40,0,2,1,9.216000325977802,3,3,0,1,29,0,0,30,251.589
152,40,0,3,1,184.32000279426575,3,3,0,1,29,0,0,30,251.589
153,2,0,0,0,9.216000325977802,2,2,0,0,20,0,0,20,0.88
153,2,0,1,0,53.247999399900436,2,2,0,0,20,0,0,20,0.88
153,2,0,2,0,9.216000325977802,2,2,0,0,20,0,0,20,0.88
153,2,0,3,0,4.095999989658594,2,2,0,0,20,0,0,20,0.88
153,24,0,0,0,8.191999979317188,2,2,0,0,20,0,0,20,1.1
153,24,0,1,0,51.19999870657921,2,2,0,0,20,0,0,20,1.1
153,24,0,2,0,9.216000325977802,2,2,0,0,20,0,0,20,1.1
153,24,0,3,0,4.095999989658594,2,2,0,0,20,0,0,20,1.1
153,40,0,0,1,8.191999979317188,2,2,0,0,20,0,0,20,0.87
153,40,0,1,1,46.08000069856644,2,2,0,0,20,0,0,20,0.87
153,40,0,2,1,9.216000325977802,2,2,0,0,20,0,0,20,0.87
153,40,0,3,1,4.095999989658594,2,2,0,0,20,0,0,20,0.87
154,2,0,0,0,9.216000325977802,1,1,0,0,10,0,0,10,0.74
154,2,0,1,0,31.74399957060814,1,1,0,0,10,0,0,10,0.74
154,2,0,2,0,8.191999979317188,1,1,0,0,10,0,0,10,0.74
154,2,0,3,0,5.119999870657921,1,1,0,0,10,0,0,10,0.74
154,24,0,0,0,8.191999979317188,1,1,0,0,10,0,0,10,0.43
154,24,0,1,0,31.74399957060814,1,1,0,0,10,0,0,10,0.43
154,24,0,2,0,8.191999979317188,1,1,0,0,10,0,0,10,0.43
154,24,0,3,0,4.095999989658594,1,1,0,0,10,0,0,10,0.43
154,40,0,0,1,8.191999979317188,1,1,0,0,10,0,0,10,0.44
154,40,0,1,1,33.79200026392937,1,1,0,0,10,0,0,10,0.44
154,40,0,2,1,8.191999979317188,1,1,0,0,10,0,0,10,0.44
154,40,0,3,1,4.095999989658594,1,1,0,0,10,0,0,10,0.44
155,2,0,0,0,15.359999611973763,4,4,0,4,36,0,0,40,107.99
155,2,0,1,0,76.80000364780426,4,4,0,4,36,0,0,40,107.99
155,2,0,2,0,9.216000325977802,4,4,0,4,36,0,0,40,107.99
155,2,0,3,0,5.119999870657921,4,4,0,4,36,0,0,40,107.99
155,24,0,0,0,8.191999979317188,4,4,0,0,40,0,0,40,1.55
155,24,0,1,0,71.68000191450119,4,4,0,0,40,0,0,40,1.55
155,24,0,2,0,9.216000325977802,4,4,0,0,40,0,0,40,1.55
155,24,0,3,0,4.095999989658594,4,4,0,0,40,0,0,40,1.55
155,40,0,0,1,14.336000196635723,4,4,0,0,40,0,0,40,1.49
155,40,0,1,1,89.08800035715103,4,4,0,0,40,0,0,40,1.49
155,40,0,2,1,9.216000325977802,4,4,0,0,40,0,0,40,1.49
155,40,0,3,1,3.0720001086592674,4,4,0,0,40,0,0,40,1.49
156,2,0,0,0,8.191999979317188,4,4,0,1,39,0,0,40,64.61
156,2,0,1,0,77.82399654388428,4,4,0,1,39,0,0,40,64.61
156,2,0,2,0,9.216000325977802,4,4,0,1,39,0,0,40,64.61
156,2,0,3,0,6.144000217318535,4,4,0,1,39,0,0,40,64.61
156,24,0,0,0,8.191999979317188,4,4,0,0,40,0,0,40,2.92
156,24,0,1,0,81.91999793052673,4,4,0,0,40,0,0,40,2.92
156,24,0,2,0,9.216000325977802,4,4,0,0,40,0,0,40,2.92
156,24,0,3,0,4.095999989658594,4,4,0,0,40,0,0,40,2.92
156,40,0,0,1,15.359999611973763,4,4,0,0,40,0,0,40,1.46
156,40,0,1,1,82.94399827718735,4,4,0,0,40,0,0,40,1.46
156,40,0,2,1,9.216000325977802,4,4,0,0,40,0,0,40,1.46
156,40,0,3,1,4.095999989658594,4,4,0,0,40,0,0,40,1.46
157,2,0,0,0,8.191999979317188,4,4,0,0,40,0,0,40,2.149
157,2,0,1,0,73.72800260782242,4,4,0,0,40,0,0,40,2.149
157,2,0,2,0,9.216000325977802,4,4,0,0,40,0,0,40,2.149
157,2,0,3,0,8.191999979317188,4,4,0,0,40,0,0,40,2.149
157,24,0,0,0,7.168000098317862,4,4,0,0,40,0,0,40,3.68
157,24,0,1,0,70.65600156784058,4,4,0,0,40,0,0,40,3.68
157,24,0,2,0,9.216000325977802,4,4,0,0,40,0,0,40,3.68
157,24,0,3,0,5.119999870657921,4,4,0,0,40,0,0,40,3.68
157,40,0,0,1,1429.5040369033813,4,4,0,1,39,0,0,40,76.83
157,40,0,1,1,79.8719972372055,4,4,0,1,39,0,0,40,76.83
157,40,0,2,1,9.216000325977802,4,4,0,1,39,0,0,40,76.83
157,40,0,3,1,4.095999989658594,4,4,0,1,39,0,0,40,76.83
158,2,0,0,0,2808.8319301605225,4,4,0,3,37,0,0,40,94.28
158,2,0,1,0,75.77600330114365,4,4,0,3,37,0,0,40,94.28
158,2,0,2,0,9.216000325977802,4,4,0,3,37,0,0,40,94.28
158,2,0,3,0,5.119999870657921,4,4,0,3,37,0,0,40,94.28
158,24,0,0,0,3294.20804977417,4,4,0,2,38,0,0,40,144.999
158,24,0,1,0,69.63200122117996,4,4,0,2,38,0,0,40,144.999
158,24,0,2,0,8.191999979317188,4,4,0,2,38,0,0,40,144.999
158,24,0,3,0,56.32000043988228,4,4,0,2,38,0,0,40,144.999
158,40,0,0,1,8.191999979317188,4,4,0,0,40,0,0,40,1.649
158,40,0,1,1,51.19999870657921,4,4,0,0,40,0,0,40,1.649
158,40,0,2,1,9.216000325977802,4,4,0,0,40,0,0,40,1.649
158,40,0,3,1,5.119999870657921,4,4,0,0,40,0,0,40,1.649
159,2,0,0,0,14.336000196635723,4,4,0,3,37,0,0,40,150.319
159,2,0,1,0,67.58400052785873,4,4,0,3,37,0,0,40,150.319
159,2,0,2,0,9.216000325977802,4,4,0,3,37,0,0,40,150.319
159,2,0,3,0,54.27199974656105,4,4,0,3,37,0,0,40,150.319
159,24,0,0,0,9.216000325977802,4,4,0,3,36,1,0,40,158.32
159,24,0,1,0,50.175998359918594,4,4,0,3,36,1,0,40,158.32
159,24,0,2,0,166.9120043516159,4,4,0,3,36,1,0,40,158.32
159,24,0,3,0,4.095999989658594,4,4,0,3,36,1,0,40,158.32
159,40,0,0,1,1091.5839672088623,4,4,0,0,40,0,0,40,4.08
159,40,0,1,1,47.10400104522705,4,4,0,0,40,0,0,40,4.08
159,40,0,2,1,9.216000325977802,4,4,0,0,40,0,0,40,4.08
159,40,0,3,1,4.095999989658594,4,4,0,0,40,0,0,40,4.08
160,2,0,0,0,915.4559969902039,4,4,0,1,39,0,0,40,74.02
160,2,0,1,0,63.48799914121628,4,4,0,1,39,0,0,40,74.02
160,2,0,2,0,9.216000325977802,4,4,0,1,39,0,0,40,74.02
160,2,0,3,0,5.119999870657921,4,4,0,1,39,0,0,40,74.02
160,24,0,0,0,8.191999979317188,4,4,0,5,34,1,0,40,196.999
160,24,0,1,0,51.19999870657921,4,4,0,5,34,1,0,40,196.999
160,24,0,2,0,169.98399794101715,4,4,0,5,34,1,0,40,196.999
160,24,0,3,0,4.095999989658594,4,4,0,5,34,1,0,40,196.999
160,40,0,0,1,8.191999979317188,4,4,0,0,40,0,0,40,1.45
160,40,0,1,1,50.175998359918594,4,4,0,0,40,0,0,40,1.45
160,40,0,2,1,9.216000325977802,4,4,0,0,40,0,0,40,1.45
160,40,0,3,1,4.095999989658594,4,4,0,0,40,0,0,40,1.45
161,2,0,0,0,9.216000325977802,4,4,0,5,34,1,0,40,189.371
161,2,0,1,0,55.296000093221664,4,4,0,5,34,1,0,40,189.371
161,2,0,2,0,162.81600296497345,4,4,0,5,34,1,0,40,189.371
161,2,0,3,0,6.144000217318535,4,4,0,5,34,1,0,40,189.371
161,24,0,0,0,7.168000098317862,4,4,0,1,39,0,0,40,64.619
161,24,0,1,0,55.296000093221664,4,4,0,1,39,0,0,40,64.619
161,24,0,2,0,9.216000325977802,4,4,0,1,39,0,0,40,64.619
161,24,0,3,0,4.095999989658594,4,4,0,1,39,0,0,40,64.619
161,40,0,0,1,8.191999979317188,4,4,0,1,39,0,0,40,72.82
161,40,0,1,1,63.48799914121628,4,4,0,1,39,0,0,40,72.82
161,40,0,2,1,9.216000325977802,4,4,0,1,39,0,0,40,72.82
161,40,0,3,1,4.095999989658594,4,4,0,1,39,0,0,40,72.82
162,2,0,0,0,9.216000325977802,4,4,0,2,38,0,0,40,56.88
162,2,0,1,0,66.56000018119812,4,4,0,2,38,0,0,40,56.88
162,2,0,2,0,9.216000325977802,4,4,0,2,38,0,0,40,56.88
162,2,0,3,0,7.168000098317862,4,4,0,2,38,0,0,40,56.88
162,24,0,0,0,47.10400104522705,4,4,0,2,38,0,0,40,145.249
162,24,0,1,0,68.60800087451935,4,4,0,2,38,0,0,40,145.249
162,24,0,2,0,9.216000325977802,4,4,0,2,38,0,0,40,145.249
162,24,0,3,0,59.39200147986412,4,4,0,2,38,0,0,40,145.249
162,40,0,0,1,2028.5439491271973,4,4,0,2,38,0,0,40,184.739
162,40,0,1,1,78.84799689054489,4,4,0,2,38,0,0,40,184.739
162,40,0,2,1,8.191999979317188,4,4,0,2,38,0,0,40,184.739
162,40,0,3,1,86.01599931716919,4,4,0,2,38,0,0,40,184.739
163,2,0,0,0,99.32799637317657,4,4,0,1,39,0,0,40,64.8
163,2,0,1,0,74.75200295448303,4,4,0,1,39,0,0,40,64.8
163,2,0,2,0,8.191999979317188,4,4,0,1,39,0,0,40,64.8
163,2,0,3,0,6.144000217318535,4,4,0,1,39,0,0,40,64.8
163,24,0,0,0,8.191999979317188,4,4,0,1,39,0,0,40,59.25
163,24,0,1,0,66.56000018119812,4,4,0,1,39,0,0,40,59.25
163,24,0,2,0,9.216000325977802,4,4,0,1,39,0,0,40,59.25
163,24,0,3,0,4.095999989658594,4,4,0,1,39,0,0,40,59.25
163,40,0,0,1,13.311999849975109,4,4,0,0,40,0,0,40,3.66
163,40,0,1,1,75.77600330114365,4,4,0,0,40,0,0,40,3.66
163,40,0,2,1,9.216000325977802,4,4,0,0,40,0,0,40,3.66
163,40,0,3,1,4.095999989658594,4,4,0,0,40,0,0,40,3.66
164,2,0,0,0,14.336000196635723,4,4,0,0,40,0,0,40,2.09
164,2,0,1,0,74.75200295448303,4,4,0,0,40,0,0,40,2.09
164,2,0,2,0,8.191999979317188,4,4,0,0,40,0,0,40,2.09
164,2,0,3,0,5.119999870657921,4,4,0,0,40,0,0,40,2.09
164,24,0,0,0,7.168000098317862,4,4,0,2,38,0,0,40,96.579
164,24,0,1,0,64.51199948787689,4,4,0,2,38,0,0,40,96.579
164,24,0,2,0,9.216000325977802,4,4,0,2,38,0,0,40,96.579
164,24,0,3,0,8.191999979317188,4,4,0,2,38,0,0,40,96.579
164,40,0,0,1,8.191999979317188,4,4,0,0,40,0,0,40,3.44
164,40,0,1,1,71.68000191450119,4,4,0,0,40,0,0,40,3.44
164,40,0,2,1,8.191999979317188,4,4,0,0,40,0,0,40,3.44
164,40,0,3,1,4.095999989658594,4,4,0,0,40,0,0,40,3.44
165,2,0,0,0,8.191999979317188,3,3,0,2,28,0,0,30,66.291
165,2,0,1,0,66.56000018119812,3,3,0,2,28,0,0,30,66.291
165,2,0,2,0,9.216000325977802,3,3,0,2,28,0,0,30,66.291
165,2,0,3,0,5.119999870657921,3,3,0,2,28,0,0,30,66.291
165,24,0,0,0,8.191999979317188,3,3,0,1,29,0,0,30,54.249
165,24,0,1,0,56.32000043988228,3,3,0,1,29,0,0,30,54.249
165,24,0,2,0,9.216000325977802,3,3,0,1,29,0,0,30,54.249
165,24,0,3,0,5.119999870657921,3,3,0,1,29,0,0,30,54.249
165,40,0,0,1,15.359999611973763,3,3,0,0,30,0,0,30,1.52
165,40,0,1,1,76.80000364780426,3,3,0,0,30,0,0,30,1.52
165,40,0,2,1,9.216000325977802,3,3,0,0,30,0,0,30,1.52
165,40,0,3,1,4.095999989658594,3,3,0,0,30,0,0,30,1.52
166,2,0,0,0,86.01599931716919,4,4,0,0,40,0,0,40,2.35
166,2,0,1,0,59.39200147986412,4,4,0,0,40,0,0,40,2.35
166,2,0,2,0,8.191999979317188,4,4,0,0,40,0,0,40,2.35
166,2,0,3,0,6.144000217318535,4,4,0,0,40,0,0,40,2.35
166,24,0,0,0,198.65599274635315,4,4,0,2,38,0,0,40,131.25
166,24,0,1,0,65.5359998345375,4,4,0,2,38,0,0,40,131.25
166,24,0,2,0,8.191999979317188,4,4,0,2,38,0,0,40,131.25
166,24,0,3,0,46.08000069856644,4,4,0,2,38,0,0,40,131.25
166,40,0,0,1,15.359999611973763,4,4,0,0,40,0,0,40,1.369
166,40,0,1,1,71.68000191450119,4,4,0,0,40,0,0,40,1.369
166,40,0,2,1,8.191999979317188,4,4,0,0,40,0,0,40,1.369
166,40,0,3,1,5.119999870657921,4,4,0,0,40,0,0,40,1.369
167,2,0,0,0,8.191999979317188,2,2,0,0,20,0,0,20,1.32
167,2,0,1,0,48.128001391887665,2,2,0,0,20,0,0,20,1.32
167,2,0,2,0,9.216000325977802,2,2,0,0,20,0,0,20,1.32
167,2,0,3,0,5.119999870657921,2,2,0,0,20,0,0,20,1.32
167,24,0,0,0,7.168000098317862,2,2,0,1,19,0,0,20,1061.026
167,24,0,1,0,54.27199974656105,2,2,0,1,19,0,0,20,1061.026
167,24,0,2,0,9.216000325977802,2,2,0,1,19,0,0,20,1061.026
167,24,0,3,0,995.3280091285706,2,2,0,1,19,0,0,20,1061.026
167,40,0,0,1,8.191999979317188,2,2,0,0,20,0,0,20,0.84
167,40,0,1,1,41.98399931192398,2,2,0,0,20,0,0,20,0.84
167,40,0,2,1,9.216000325977802,2,2,0,0,20,0,0,20,0.84
167,40,0,3,1,4.095999989658594,2,2,0,0,20,0,0,20,0.84
168,2,0,0,0,9.216000325977802,4,4,0,2,38,0,0,40,77.03
168,2,0,1,0,67.58400052785873,4,4,0,2,38,0,0,40,77.03
168,2,0,2,0,9.216000325977802,4,4,0,2,38,0,0,40,77.03
168,2,0,3,0,5.119999870657921,4,4,0,2,38,0,0,40,77.03
168,24,0,0,0,1206.272006034851,4,4,0,0,40,0,0,40,1.98
168,24,0,1,0,66.56000018119812,4,4,0,0,40,0,0,40,1.98
168,24,0,2,0,9.216000325977802,4,4,0,0,40,0,0,40,1.98
168,24,0,3,0,4.095999989658594,4,4,0,0,40,0,0,40,1.98
168,40,0,0,1,8.191999979317188,4,4,0,0,40,0,0,40,1.72
168,40,0,1,1,62.463998794555664,4,4,0,0,40,0,0,40,1.72
168,40,0,2,1,9.216000325977802,4,4,0,0,40,0,0,40,1.72
168,40,0,3,1,4.095999989658594,4,4,0,0,40,0,0,40,1.72
169,2,0,0,0,15.359999611973763,4,4,0,1,39,0,0,40,71.079
169,2,0,1,0,68.60800087451935,4,4,0,1,39,0,0,40,71.079
169,2,0,2,0,9.216000325977802,4,4,0,1,39,0,0,40,71.079
169,2,0,3,0,5.119999870657921,4,4,0,1,39,0,0,40,71.079
169,24,0,0,0,9.216000325977802,4,4,0,0,40,0,0,40,1.509
169,24,0,1,0,67.58400052785873,4,4,0,0,40,0,0,40,1.509
169,24,0,2,0,9.216000325977802,4,4,0,0,40,0,0,40,1.509
169,24,0,3,0,4.095999989658594,4,4,0,0,40,0,0,40,1.509
169,40,0,0,1,14.336000196635723,4,4,0,0,40,0,0,40,1.9
169,40,0,1,1,71.68000191450119,4,4,0,0,40,0,0,40,1.9
169,40,0,2,1,9.216000325977802,4,4,0,0,40,0,0,40,1.9
169,40,0,3,1,4.095999989658594,4,4,0,0,40,0,0,40,1.9
170,2,0,0,0,9.216000325977802,1,1,0,0,10,0,0,10,0.48
170,2,0,1,0,31.74399957060814,1,1,0,0,10,0,0,10,0.48
170,2,0,2,0,8.191999979317188,1,1,0,0,10,0,0,10,0.48
170,2,0,3,0,4.095999989658594,1,1,0,0,10,0,0,10,0.48
170,24,0,0,0,8.191999979317188,1,1,0,0,10,0,0,10,0.32
170,24,0,1,0,31.74399957060814,1,1,0,0,10,0,0,10,0.32
170,24,0,2,0,9.216000325977802,1,1,0,0,10,0,0,10,0.32
170,24,0,3,0,4.095999989658594,1,1,0,0,10,0,0,10,0.32
170,40,0,0,1,2960.383892059326,1,1,0,0,10,0,0,10,0.82
170,40,0,1,1,34.81600061058998,1,1,0,0,10,0,0,10,0.82
170,40,0,2,1,9.216000325977802,1,1,0,0,10,0,0,10,0.82
170,40,0,3,1,4.095999989658594,1,1,0,0,10,0,0,10,0.82
171,2,0,0,0,15.359999611973763,4,4,0,1,39,0,0,40,60.2
171,2,0,1,0,69.63200122117996,4,4,0,1,39,0,0,40,60.2
171,2,0,2,0,9.216000325977802,4,4,0,1,39,0,0,40,60.2
171,2,0,3,0,5.119999870657921,4,4,0,1,39,0,0,40,60.2
171,24,0,0,0,9.216000325977802,4,4,0,0,40,0,0,40,1.32
171,24,0,1,0,54.27199974656105,4,4,0,0,40,0,0,40,1.32
171,24,0,2,0,9.216000325977802,4,4,0,0,40,0,0,40,1.32
171,24,0,3,0,4.095999989658594,4,4,0,0,40,0,0,40,1.32
171,40,0,0,1,15.359999611973763,4,4,0,0,40,0,0,40,1.61
171,40,0,1,1,56.32000043988228,4,4,0,0,40,0,0,40,1.61
171,40,0,2,1,8.191999979317188,4,4,0,0,40,0,0,40,1.61
171,40,0,3,1,4.095999989658594,4,4,0,0,40,0,0,40,1.61
172,2,0,0,0,2806.78391456604,1,1,0,0,10,0,0,10,0.86
172,2,0,1,0,31.74399957060814,1,1,0,0,10,0,0,10,0.86
172,2,0,2,0,8.191999979317188,1,1,0,0,10,0,0,10,0.86
172,2,0,3,0,5.119999870657921,1,1,0,0,10,0,0,10,0.86
172,24,0,0,0,8.191999979317188,1,1,0,0,10,0,0,10,0.46
172,24,0,1,0,31.74399957060814,1,1,0,0,10,0,0,10,0.46
172,24,0,2,0,8.191999979317188,1,1,0,0,10,0,0,10,0.46
172,24,0,3,0,5.119999870657921,1,1,0,0,10,0,0,10,0.46
172,40,0,0,1,9.216000325977802,1,1,0,0,10,0,0,10,0.34
172,40,0,1,1,34.81600061058998,1,1,0,0,10,0,0,10,0.34
172,40,0,2,1,9.216000325977802,1,1,0,0,10,0,0,10,0.34
172,40,0,3,1,4.095999989658594,1,1,0,0,10,0,0,10,0.34
173,2,0,0,0,15.359999611973763,4,4,0,8,30,2,0,40,407.749
173,2,0,1,0,52.22399905323982,4,4,0,8,30,2,0,40,407.749
173,2,0,2,0,317.440003156662,4,4,0,8,30,2,0,40,407.749
173,2,0,3,0,16.383999958634377,4,4,0,8,30,2,0,40,407.749
173,24,0,0,0,8.191999979317188,4,4,0,0,40,0,0,40,1.66
173,24,0,1,0,77.82399654388428,4,4,0,0,40,0,0,40,1.66
173,24,0,2,0,9.216000325977802,4,4,0,0,40,0,0,40,1.66
173,24,0,3,0,4.095999989658594,4,4,0,0,40,0,0,40,1.66
173,40,0,0,1,14.336000196635723,4,4,0,0,40,0,0,40,1.5
173,40,0,1,1,59.39200147986412,4,4,0,0,40,0,0,40,1.5
173,40,0,2,1,9.216000325977802,4,4,0,0,40,0,0,40,1.5
173,40,0,3,1,5.119999870657921,4,4,0,0,40,0,0,40,1.5
174,2,0,0,0,9.216000325977802,4,4,0,1,39,0,0,40,91.28
174,2,0,1,0,64.51199948787689,4,4,0,1,39,0,0,40,91.28
174,2,0,2,0,9.216000325977802,4,4,0,1,39,0,0,40,91.28
174,2,0,3,0,12.28800043463707,4,4,0,1,39,0,0,40,91.28
174,24,0,0,0,8.191999979317188,4,4,0,0,40,0,0,40,2.32
174,24,0,1,0,72.7040022611618,4,4,0,0,40,0,0,40,2.32
174,24,0,2,0,9.216000325977802,4,4,0,0,40,0,0,40,2.32
174,24,0,3,0,4.095999989658594,4,4,0,0,40,0,0,40,2.32
174,40,0,0,1,15.359999611973763,4,4,0,0,40,0,0,40,1.98
174,40,0,1,1,84.99199897050858,4,4,0,0,40,0,0,40,1.98
174,40,0,2,1,9.216000325977802,4,4,0,0,40,0,0,40,1.98
174,40,0,3,1,4.095999989658594,4,4,0,0,40,0,0,40,1.98
175,2,0,0,0,9.216000325977802,4,4,0,1,39,0,0,40,66.429
175,2,0,1,0,75.77600330114365,4,4,0,1,39,0,0,40,66.429
175,2,0,2,0,9.216000325977802,4,4,0,1,39,0,0,40,66.429
175,2,0,3,0,5.119999870657921,4,4,0,1,39,0,0,40,66.429
175,24,0,0,0,8.191999979317188,4,4,0,0,40,0,0,40,1.48
175,24,0,1,0,54.27199974656105,4,4,0,0,40,0,0,40,1.48
175,24,0,2,0,9.216000325977802,4,4,0,0,40,0,0,40,1.48
175,24,0,3,0,4.095999989658594,4,4,0,0,40,0,0,40,1.48
175,40,0,0,1,8.191999979317188,4,4,0,0,40,0,0,40,1.27
175,40,0,1,1,59.39200147986412,4,4,0,0,40,0,0,40,1.27
175,40,0,2,1,9.216000325977802,4,4,0,0,40,0,0,40,1.27
175,40,0,3,1,4.095999989658594,4,4,0,0,40,0,0,40,1.27
176,2,0,0,0,15.359999611973763,3,3,0,0,30,0,0,30,1.47
176,2,0,1,0,58.36800113320351,3,3,0,0,30,0,0,30,1.47
176,2,0,2,0,9.216000325977802,3,3,0,0,30,0,0,30,1.47
176,2,0,3,0,5.119999870657921,3,3,0,0,30,0,0,30,1.47
176,24,0,0,0,7.168000098317862,3,3,0,0,30,0,0,30,1.01
176,24,0,1,0,60.416001826524734,3,3,0,0,30,0,0,30,1.01
176,24,0,2,0,9.216000325977802,3,3,0,0,30,0,0,30,1.01
176,24,0,3,0,4.095999989658594,3,3,0,0,30,0,0,30,1.01
176,40,0,0,1,8.191999979317188,3,3,0,0,30,0,0,30,1.06
176,40,0,1,1,70.65600156784058,3,3,0,0,30,0,0,30,1.06
176,40,0,2,1,9.216000325977802,3,3,0,0,30,0,0,30,1.06
176,40,0,3,1,4.095999989658594,3,3,0,0,30,0,0,30,1.06
177,2,0,0,0,15.359999611973763,4,4,0,0,40,0,0,40,2.34
177,2,0,1,0,83.96799862384796,4,4,0,0,40,0,0,40,2.34
177,2,0,2,0,9.216000325977802,4,4,0,0,40,0,0,40,2.34
177,2,0,3,0,6.144000217318535,4,4,0,0,40,0,0,40,2.34
177,24,0,0,0,8.191999979317188,4,4,0,0,40,0,0,40,1.451
177,24,0,1,0,63.48799914121628,4,4,0,0,40,0,0,40,1.451
177,24,0,2,0,10.239999741315842,4,4,0,0,40,0,0,40,1.451
177,24,0,3,0,4.095999989658594,4,4,0,0,40,0,0,40,1.451
177,40,0,0,1,9.216000325977802,4,4,0,0,40,0,0,40,1.52
177,40,0,1,1,71.68000191450119,4,4,0,0,40,0,0,40,1.52
177,40,0,2,1,9.216000325977802,4,4,0,0,40,0,0,40,1.52
177,40,0,3,1,4.095999989658594,4,4,0,0,40,0,0,40,1.52
178,2,0,0,0,32.76799991726875,4,4,0,3,36,1,0,40,237.589
178,2,0,1,0,70.65600156784058,4,4,0,3,36,1,0,40,237.589
178,2,0,2,0,167.93599724769592,4,4,0,3,36,1,0,40,237.589
178,2,0,3,0,6.144000217318535,4,4,0,3,36,1,0,40,237.589
178,24,0,0,0,9.216000325977802,4,4,0,0,40,0,0,40,1.8
178,24,0,1,0,79.8719972372055,4,4,0,0,40,0,0,40,1.8
178,24,0,2,0,8.191999979317188,4,4,0,0,40,0,0,40,1.8
178,24,0,3,0,4.095999989658594,4,4,0,0,40,0,0,40,1.8
178,40,0,0,1,8.191999979317188,4,4,0,0,40,0,0,40,3.069
178,40,0,1,1,87.0399996638298,4,4,0,0,40,0,0,40,3.069
178,40,0,2,1,9.216000325977802,4,4,0,0,40,0,0,40,3.069
178,40,0,3,1,4.095999989658594,4,4,0,0,40,0,0,40,3.069
179,2,0,0,0,12.28800043463707,4,4,0,5,34,1,0,40,228.77
179,2,0,1,0,65.5359998345375,4,4,0,5,34,1,0,40,228.77
179,2,0,2,0,163.83999586105347,4,4,0,5,34,1,0,40,228.77
179,2,0,3,0,5.119999870657921,4,4,0,5,34,1,0,40,228.77
179,24,0,0,0,9.216000325977802,4,4,0,0,40,0,0,40,1.449
179,24,0,1,0,70.65600156784058,4,4,0,0,40,0,0,40,1.449
179,24,0,2,0,9.216000325977802,4,4,0,0,40,0,0,40,1.449
179,24,0,3,0,4.095999989658594,4,4,0,0,40,0,0,40,1.449
179,40,0,0,1,8.191999979317188,4,4,0,1,39,0,0,40,70.219
179,40,0,1,1,84.99199897050858,4,4,0,1,39,0,0,40,70.219
179,40,0,2,1,8.191999979317188,4,4,0,1,39,0,0,40,70.219
179,40,0,3,1,4.095999989658594,4,4,0,1,39,0,0,40,70.219
180,2,0,0,0,8.191999979317188,4,4,0,2,38,0,0,40,96.63
180,2,0,1,0,77.82399654388428,4,4,0,2,38,0,0,40,96.63
180,2,0,2,0,9.216000325977802,4,4,0,2,38,0,0,40,96.63
180,2,0,3,0,7.168000098317862,4,4,0,2,38,0,0,40,96.63
180,24,0,0,0,8.191999979317188,4,4,0,1,39,0,0,40,65.619
180,24,0,1,0,66.56000018119812,4,4,0,1,39,0,0,40,65.619
180,24,0,2,0,8.191999979317188,4,4,0,1,39,0,0,40,65.619
180,24,0,3,0,4.095999989658594,4,4,0,1,39,0,0,40,65.619
180,40,0,0,1,8.191999979317188,4,4,0,1,39,0,0,40,77.91
180,40,0,1,1,68.60800087451935,4,4,0,1,39,0,0,40,77.91
180,40,0,2,1,9.216000325977802,4,4,0,1,39,0,0,40,77.91
180,40,0,3,1,5.119999870657921,4,4,0,1,39,0,0,40,77.91
181,2,0,0,0,9.216000325977802,2,2,0,0,20,0,0,20,0.98
181,2,0,1,0,43.007999658584595,2,2,0,0,20,0,0,20,0.98
181,2,0,2,0,8.191999979317188,2,2,0,0,20,0,0,20,0.98
181,2,0,3,0,5.119999870657921,2,2,0,0,20,0,0,20,0.98
181,24,0,0,0,8.191999979317188,2,2,0,0,20,0,0,20,0.731
181,24,0,1,0,49.15200173854828,2,2,0,0,20,0,0,20,0.731
181,24,0,2,0,9.216000325977802,2,2,0,0,20,0,0,20,0.731
181,24,0,3,0,4.095999989658594,2,2,0,0,20,0,0,20,0.731
181,40,0,0,1,9.216000325977802,2,2,0,0,20,0,0,20,0.75
181,40,0,1,1,43.007999658584595,2,2,0,0,20,0,0,20,0.75
181,40,0,2,1,10.239999741315842,2,2,0,0,20,0,0,20,0.75
181,40,0,3,1,4.095999989658594,2,2,0,0,20,0,0,20,0.75
182,2,0,0,0,9.216000325977802,2,2,0,0,20,0,0,20,0.91
182,2,0,1,0,50.175998359918594,2,2,0,0,20,0,0,20,0.91
182,2,0,2,0,9.216000325977802,2,2,0,0,20,0,0,20,0.91
182,2,0,3,0,4.095999989658594,2,2,0,0,20,0,0,20,0.91
182,24,0,0,0,8.191999979317188,2,2,0,0,20,0,0,20,2.431
182,24,0,1,0,56.32000043988228,2,2,0,0,20,0,0,20,2.431
182,24,0,2,0,9.216000325977802,2,2,0,0,20,0,0,20,2.431
182,24,0,3,0,4.095999989658594,2,2,0,0,20,0,0,20,2.431
182,40,0,0,1,9.216000325977802,2,2,0,0,20,0,0,20,1.38
182,40,0,1,1,51.19999870657921,2,2,0,0,20,0,0,20,1.38
182,40,0,2,1,9.216000325977802,2,2,0,0,20,0,0,20,1.38
182,40,0,3,1,5.119999870657921,2,2,0,0,20,0,0,20,1.38
183,2,0,0,0,9.216000325977802,4,4,0,1,39,0,0,40,56.66
183,2,0,1,0,82.94399827718735,4,4,0,1,39,0,0,40,56.66
183,2,0,2,0,9.216000325977802,4,4,0,1,39,0,0,40,56.66
183,2,0,3,0,5.119999870657921,4,4,0,1,39,0,0,40,56.66
183,24,0,0,0,9.216000325977802,4,4,0,0,40,0,0,40,3.62
183,24,0,1,0,79.8719972372055,4,4,0,0,40,0,0,40,3.62
183,24,0,2,0,9.216000325977802,4,4,0,0,40,0,0,40,3.62
183,24,0,3,0,4.095999989658594,4,4,0,0,40,0,0,40,3.62
183,40,0,0,1,9.216000325977802,4,4,0,2,38,0,0,40,79.239
183,40,0,1,1,78.84799689054489,4,4,0,2,38,0,0,40,79.239
183,40,0,2,1,8.191999979317188,4,4,0,2,38,0,0,40,79.239
183,40,0,3,1,5.119999870657921,4,4,0,2,38,0,0,40,79.239
184,2,0,0,0,14.336000196635723,4,4,0,0,40,0,0,40,4.0
184,2,0,1,0,86.01599931716919,4,4,0,0,40,0,0,40,4.0
184,2,0,2,0,9.216000325977802,4,4,0,0,40,0,0,40,4.0
184,2,0,3,0,7.168000098317862,4,4,0,0,40,0,0,40,4.0
184,24,0,0,0,8.191999979317188,4,4,0,1,39,0,0,40,68.66
184,24,0,1,0,75.77600330114365,4,4,0,1,39,0,0,40,68.66
184,24,0,2,0,9.216000325977802,4,4,0,1,39,0,0,40,68.66
184,24,0,3,0,4.095999989658594,4,4,0,1,39,0,0,40,68.66
184,40,0,0,1,8.191999979317188,4,4,0,0,40,0,0,40,2.75
184,40,0,1,1,88.06400001049042,4,4,0,0,40,0,0,40,2.75
184,40,0,2,1,9.216000325977802,4,4,0,0,40,0,0,40,2.75
184,40,0,3,1,4.095999989658594,4,4,0,0,40,0,0,40,2.75
185,2,0,0,0,15.359999611973763,4,4,0,2,38,0,0,40,98.889
185,2,0,1,0,63.48799914121628,4,4,0,2,38,0,0,40,98.889
185,2,0,2,0,9.216000325977802,4,4,0,2,38,0,0,40,98.889
185,2,0,3,0,6.144000217318535,4,4,0,2,38,0,0,40,98.889
185,24,0,0,0,9.216000325977802,4,4,0,3,37,0,0,40,72.34
185,24,0,1,0,50.175998359918594,4,4,0,3,37,0,0,40,72.34
185,24,0,2,0,9.216000325977802,4,4,0,3,37,0,0,40,72.34
185,24,0,3,0,4.095999989658594,4,4,0,3,37,0,0,40,72.34
185,40,0,0,1,14.336000196635723,4,4,0,0,40,0,0,40,2.18
185,40,0,1,1,59.39200147986412,4,4,0,0,40,0,0,40,2.18
185,40,0,2,1,9.216000325977802,4,4,0,0,40,0,0,40,2.18
185,40,0,3,1,4.095999989658594,4,4,0,0,40,0,0,40,2.18
186,2,0,0,0,14.336000196635723,4,4,0,1,39,0,0,40,115.58
186,2,0,1,0,92.16000139713287,4,4,0,1,39,0,0,40,115.58
186,2,0,2,0,9.216000325977802,4,4,0,1,39,0,0,40,115.58
186,2,0,3,0,5.119999870657921,4,4,0,1,39,0,0,40,115.58
186,24,0,0,0,8.191999979317188,4,4,0,1,39,0,0,40,59.079
186,24,0,1,0,74.75200295448303,4,4,0,1,39,0,0,40,59.079
186,24,0,2,0,9.216000325977802,4,4,0,1,39,0,0,40,59.079
186,24,0,3,0,4.095999989658594,4,4,0,1,39,0,0,40,59.079
186,40,0,0,1,14.336000196635723,4,4,0,0,40,0,0,40,2.829
186,40,0,1,1,93.18400174379349,4,4,0,0,40,0,0,40,2.829
186,40,0,2,1,9.216000325977802,4,4,0,0,40,0,0,40,2.829
186,40,0,3,1,4.095999989658594,4,4,0,0,40,0,0,40,2.829
187,2,0,0,0,8.191999979317188,4,4,0,1,39,0,0,40,68.0
187,2,0,1,0,79.8719972372055,4,4,0,1,39,0,0,40,68.0
187,2,0,2,0,8.191999979317188,4,4,0,1,39,0,0,40,68.0
187,2,0,3,0,6.144000217318535,4,4,0,1,39,0,0,40,68.0
187,24,0,0,0,8.191999979317188,4,4,0,1,39,0,0,40,68.27
187,24,0,1,0,79.8719972372055,4,4,0,1,39,0,0,40,68.27
187,24,0,2,0,9.216000325977802,4,4,0,1,39,0,0,40,68.27
187,24,0,3,0,4.095999989658594,4,4,0,1,39,0,0,40,68.27
187,40,0,0,1,49.15200173854828,4,4,0,0,40,0,0,40,3.54
187,40,0,1,1,77.82399654388428,4,4,0,0,40,0,0,40,3.54
187,40,0,2,1,9.216000325977802,4,4,0,0,40,0,0,40,3.54
187,40,0,3,1,4.095999989658594,4,4,0,0,40,0,0,40,3.54
188,2,0,0,0,13.311999849975109,4,4,0,0,40,0,0,40,3.5
188,2,0,1,0,82.94399827718735,4,4,0,0,40,0,0,40,3.5
188,2,0,2,0,8.191999979317188,4,4,0,0,40,0,0,40,3.5
188,2,0,3,0,4.095999989658594,4,4,0,0,40,0,0,40,3.5
188,24,0,0,0,7.168000098317862,4,4,0,3,37,0,0,40,152.83
188,24,0,1,0,79.8719972372055,4,4,0,3,37,0,0,40,152.83
188,24,0,2,0,10.239999741315842,4,4,0,3,37,0,0,40,152.83
188,24,0,3,0,52.22399905323982,4,4,0,3,37,0,0,40,152.83
188,40,0,0,1,8.191999979317188,4,4,0,1,39,0,0,40,68.599
188,40,0,1,1,76.80000364780426,4,4,0,1,39,0,0,40,68.599
188,40,0,2,1,9.216000325977802,4,4,0,1,39,0,0,40,68.599
188,40,0,3,1,4.095999989658594,4,4,0,1,39,0,0,40,68.599
189,2,0,0,0,14.336000196635723,4,4,0,0,40,0,0,40,2.89
189,2,0,1,0,72.7040022611618,4,4,0,0,40,0,0,40,2.89
189,2,0,2,0,9.216000325977802,4,4,0,0,40,0,0,40,2.89
189,2,0,3,0,6.144000217318535,4,4,0,0,40,0,0,40,2.89
189,24,0,0,0,8.191999979317188,4,4,0,3,37,0,0,40,141.609
189,24,0,1,0,86.01599931716919,4,4,0,3,37,0,0,40,141.609
189,24,0,2,0,9.216000325977802,4,4,0,3,37,0,0,40,141.609
189,24,0,3,0,31.74399957060814,4,4,0,3,37,0,0,40,141.609
189,40,0,0,1,8.191999979317188,4,4,0,0,40,0,0,40,2.08
189,40,0,1,1,92.16000139713287,4,4,0,0,40,0,0,40,2.08
189,40,0,2,1,9.216000325977802,4,4,0,0,40,0,0,40,2.08
189,40,0,3,1,4.095999989658594,4,4,0,0,40,0,0,40,2.08
190,2,0,0,0,9.216000325977802,4,4,0,1,39,0,0,40,73.25
190,2,0,1,0,77.82399654388428,4,4,0,1,39,0,0,40,73.25
190,2,0,2,0,9.216000325977802,4,4,0,1,39,0,0,40,73.25
190,2,0,3,0,5.119999870657921,4,4,0,1,39,0,0,40,73.25
190,24,0,0,0,73.72800260782242,4,4,0,3,37,0,0,40,108.219
190,24,0,1,0,76.80000364780426,4,4,0,3,37,0,0,40,108.219
190,24,0,2,0,10.239999741315842,4,4,0,3,37,0,0,40,108.219
190,24,0,3,0,17.40800030529499,4,4,0,3,37,0,0,40,108.219
190,40,0,0,1,8.191999979317188,4,4,0,2,38,0,0,40,128.11
190,40,0,1,1,86.01599931716919,4,4,0,2,38,0,0,40,128.11
190,40,0,2,1,9.216000325977802,4,4,0,2,38,0,0,40,128.11
190,40,0,3,1,20.479999482631683,4,4,0,2,38,0,0,40,128.11
191,2,0,0,0,14.336000196635723,4,4,0,0,40,0,0,40,2.48
191,2,0,1,0,87.0399996638298,4,4,0,0,40,0,0,40,2.48
191,2,0,2,0,9.216000325977802,4,4,0,0,40,0,0,40,2.48
191,2,0,3,0,6.144000217318535,4,4,0,0,40,0,0,40,2.48
191,24,0,0,0,9.216000325977802,4,4,0,6,32,2,0,40,301.139
191,24,0,1,0,68.60800087451935,4,4,0,6,32,2,0,40,301.139
191,24,0,2,0,169.98399794101715,4,4,0,6,32,2,0,40,301.139
191,24,0,3,0,48.128001391887665,4,4,0,6,32,2,0,40,301.139
191,40,0,0,1,14.336000196635723,4,4,0,0,40,0,0,40,1.82
191,40,0,1,1,66.56000018119812,4,4,0,0,40,0,0,40,1.82
191,40,0,2,1,9.216000325977802,4,4,0,0,40,0,0,40,1.82
191,40,0,3,1,4.095999989658594,4,4,0,0,40,0,0,40,1.82
192,2,0,0,0,14.336000196635723,4,4,0,0,40,0,0,40,2.08
192,2,0,1,0,69.63200122117996,4,4,0,0,40,0,0,40,2.08
192,2,0,2,0,8.191999979317188,4,4,0,0,40,0,0,40,2.08
192,2,0,3,0,6.144000217318535,4,4,0,0,40,0,0,40,2.08
192,24,0,0,0,8.191999979317188,4,4,0,2,38,0,0,40,196.54
192,24,0,1,0,80.89599758386612,4,4,0,2,38,0,0,40,196.54
192,24,0,2,0,8.191999979317188,4,4,0,2,38,0,0,40,196.54
192,24,0,3,0,94.2080020904541,4,4,0,2,38,0,0,40,196.54
192,40,0,0,1,15.359999611973763,4,4,0,0,40,0,0,40,2.27
192,40,0,1,1,95.23200243711472,4,4,0,0,40,0,0,40,2.27
192,40,0,2,1,9.216000325977802,4,4,0,0,40,0,0,40,2.27
192,40,0,3,1,5.119999870657921,4,4,0,0,40,0,0,40,2.27
193,2,0,0,0,14.336000196635723,4,4,0,0,40,0,0,40,4.64
193,2,0,1,0,80.89599758386612,4,4,0,0,40,0,0,40,4.64
193,2,0,2,0,9.216000325977802,4,4,0,0,40,0,0,40,4.64
193,2,0,3,0,5.119999870657921,4,4,0,0,40,0,0,40,4.64
193,24,0,0,0,8.191999979317188,4,4,0,4,36,0,0,40,159.43
193,24,0,1,0,73.72800260782242,4,4,0,4,36,0,0,40,159.43
193,24,0,2,0,9.216000325977802,4,4,0,4,36,0,0,40,159.43
193,24,0,3,0,64.51199948787689,4,4,0,4,36,0,0,40,159.43
193,40,0,0,1,13.311999849975109,4,4,0,0,40,0,0,40,2.45
193,40,0,1,1,75.77600330114365,4,4,0,0,40,0,0,40,2.45
193,40,0,2,1,8.191999979317188,4,4,0,0,40,0,0,40,2.45
193,40,0,3,1,4.095999989658594,4,4,0,0,40,0,0,40,2.45
194,2,0,0,0,14.336000196635723,4,4,0,0,40,0,0,40,2.771
194,2,0,1,0,81.91999793052673,4,4,0,0,40,0,0,40,2.771
194,2,0,2,0,9.216000325977802,4,4,0,0,40,0,0,40,2.771
194,2,0,3,0,5.119999870657921,4,4,0,0,40,0,0,40,2.771
194,24,0,0,0,15.359999611973763,4,4,0,4,36,0,0,40,135.14
194,24,0,1,0,70.65600156784058,4,4,0,4,36,0,0,40,135.14
194,24,0,2,0,9.216000325977802,4,4,0,4,36,0,0,40,135.14
194,24,0,3,0,37.88800165057182,4,4,0,4,36,0,0,40,135.14
194,40,0,0,1,15.359999611973763,4,4,0,1,39,0,0,40,69.2
194,40,0,1,1,72.7040022611618,4,4,0,1,39,0,0,40,69.2
194,40,0,2,1,8.191999979317188,4,4,0,1,39,0,0,40,69.2
194,40,0,3,1,4.095999989658594,4,4,0,1,39,0,0,40,69.2
195,2,0,0,0,8.191999979317188,4,4,0,1,39,0,0,40,67.09
195,2,0,1,0,68.60800087451935,4,4,0,1,39,0,0,40,67.09
195,2,0,2,0,9.216000325977802,4,4,0,1,39,0,0,40,67.09
195,2,0,3,0,8.191999979317188,4,4,0,1,39,0,0,40,67.09
195,24,0,0,0,8.191999979317188,4,4,0,2,38,0,0,40,86.089
195,24,0,1,0,86.01599931716919,4,4,0,2,38,0,0,40,86.089
195,24,0,2,0,8.191999979317188,4,4,0,2,38,0,0,40,86.089
195,24,0,3,0,4.095999989658594,4,4,0,2,38,0,0,40,86.089
195,40,0,0,1,8.191999979317188,4,4,0,1,39,0,0,40,66.3
195,40,0,1,1,80.89599758386612,4,4,0,1,39,0,0,40,66.3
195,40,0,2,1,9.216000325977802,4,4,0,1,39,0,0,40,66.3
195,40,0,3,1,4.095999989658594,4,4,0,1,39,0,0,40,66.3
196,2,0,0,0,14.336000196635723,4,4,0,2,38,0,0,40,158.809
196,2,0,1,0,64.51199948787689,4,4,0,2,38,0,0,40,158.809
196,2,0,2,0,10.239999741315842,4,4,0,2,38,0,0,40,158.809
196,2,0,3,0,66.56000018119812,4,4,0,2,38,0,0,40,158.809
196,24,0,0,0,8.191999979317188,4,4,0,2,38,0,0,40,191.659
196,24,0,1,0,73.72800260782242,4,4,0,2,38,0,0,40,191.659
196,24,0,2,0,9.216000325977802,4,4,0,2,38,0,0,40,191.659
196,24,0,3,0,95.23200243711472,4,4,0,2,38,0,0,40,191.659
196,40,0,0,1,14.336000196635723,4,4,0,0,40,0,0,40,4.38
196,40,0,1,1,88.06400001049042,4,4,0,0,40,0,0,40,4.38
196,40,0,2,1,9.216000325977802,4,4,0,0,40,0,0,40,4.38
196,40,0,3,1,4.095999989658594,4,4,0,0,40,0,0,40,4.38
197,2,0,0,0,14.336000196635723,4,4,0,0,40,0,0,40,4.009
197,2,0,1,0,93.18400174379349,4,4,0,0,40,0,0,40,4.009
197,2,0,2,0,9.216000325977802,4,4,0,0,40,0,0,40,4.009
197,2,0,3,0,5.119999870657921,4,4,0,0,40,0,0,40,4.009
197,24,0,0,0,7.168000098317862,4,4,0,3,36,1,0,40,284.749
197,24,0,1,0,79.8719972372055,4,4,0,3,36,1,0,40,284.749
197,24,0,2,0,168.96000504493713,4,4,0,3,36,1,0,40,284.749
197,24,0,3,0,23.552000522613525,4,4,0,3,36,1,0,40,284.749
197,40,0,0,1,8.191999979317188,4,4,0,1,39,0,0,40,75.78
197,40,0,1,1,92.16000139713287,4,4,0,1,39,0,0,40,75.78
197,40,0,2,1,9.216000325977802,4,4,0,1,39,0,0,40,75.78
197,40,0,3,1,4.095999989658594,4,4,0,1,39,0,0,40,75.78
198,2,0,0,0,8.191999979317188,4,4,0,2,38,0,0,40,100.529
198,2,0,1,0,78.84799689054489,4,4,0,2,38,0,0,40,100.529
198,2,0,2,0,9.216000325977802,4,4,0,2,38,0,0,40,100.529
198,2,0,3,0,7.168000098317862,4,4,0,2,38,0,0,40,100.529
198,24,0,0,0,9.216000325977802,4,4,0,1,39,0,0,40,69.49
198,24,0,1,0,84.99199897050858,4,4,0,1,39,0,0,40,69.49
198,24,0,2,0,8.191999979317188,4,4,0,1,39,0,0,40,69.49
198,24,0,3,0,4.095999989658594,4,4,0,1,39,0,0,40,69.49
198,40,0,0,1,14.336000196635723,4,4,0,0,40,0,0,40,3.609
198,40,0,1,1,92.16000139713287,4,4,0,0,40,0,0,40,3.609
198,40,0,2,1,8.191999979317188,4,4,0,0,40,0,0,40,3.609
198,40,0,3,1,4.095999989658594,4,4,0,0,40,0,0,40,3.609
199,2,0,0,0,14.336000196635723,4,4,0,0,40,0,0,40,2.24
199,2,0,1,0,81.91999793052673,4,4,0,0,40,0,0,40,2.24
199,2,0,2,0,9.216000325977802,4,4,0,0,40,0,0,40,2.24
199,2,0,3,0,5.119999870657921,4,4,0,0,40,0,0,40,2.24
199,24,0,0,0,14.336000196635723,4,4,0,2,38,0,0,40,98.679
199,24,0,1,0,91.13600105047226,4,4,0,2,38,0,0,40,98.679
199,24,0,2,0,9.216000325977802,4,4,0,2,38,0,0,40,98.679
199,24,0,3,0,4.095999989658594,4,4,0,2,38,0,0,40,98.679
199,40,0,0,1,8.191999979317188,4,4,0,1,39,0,0,40,77.13
199,40,0,1,1,79.8719972372055,4,4,0,1,39,0,0,40,77.13
199,40,0,2,1,9.216000325977802,4,4,0,1,39,0,0,40,77.13
199,40,0,3,1,4.095999989658594,4,4,0,1,39,0,0,40,77.13
200,2,0,0,0,15.359999611973763,4,4,0,1,39,0,0,40,92.569
200,2,0,1,0,75.77600330114365,4,4,0,1,39,0,0,40,92.569
200,2,0,2,0,9.216000325977802,4,4,0,1,39,0,0,40,92.569
200,2,0,3,0,5.119999870657921,4,4,0,1,39,0,0,40,92.569
200,24,0,0,0,8.191999979317188,4,4,0,0,40,0,0,40,3.77
200,24,0,1,0,88.06400001049042,4,4,0,0,40,0,0,40,3.77
200,24,0,2,0,9.216000325977802,4,4,0,0,40,0,0,40,3.77
200,24,0,3,0,5.119999870657921,4,4,0,0,40,0,0,40,3.77
200,40,0,0,1,8.191999979317188,4,4,0,0,40,0,0,40,3.99
200,40,0,1,1,102.39999741315842,4,4,0,0,40,0,0,40,3.99
200,40,0,2,1,9.216000325977802,4,4,0,0,40,0,0,40,3.99
200,40,0,3,1,4.095999989658594,4,4,0,0,40,0,0,40,3.99
201,2,0,0,0,9.216000325977802,4,4,0,1,39,0,0,40,66.45
201,2,0,1,0,80.89599758386612,4,4,0,1,39,0,0,40,66.45
201,2,0,2,0,9.216000325977802,4,4,0,1,39,0,0,40,66.45
201,2,0,3,0,5.119999870657921,4,4,0,1,39,0,0,40,66.45
201,24,0,0,0,9.216000325977802,4,4,0,1,39,0,0,40,67.749
201,24,0,1,0,82.94399827718735,4,4,0,1,39,0,0,40,67.749
201,24,0,2,0,9.216000325977802,4,4,0,1,39,0,0,40,67.749
201,24,0,3,0,5.119999870657921,4,4,0,1,39,0,0,40,67.749
201,40,0,0,1,9.216000325977802,4,4,0,2,38,0,0,40,182.559
201,40,0,1,1,97.28000313043594,4,4,0,2,38,0,0,40,182.559
201,40,0,2,1,9.216000325977802,4,4,0,2,38,0,0,40,182.559
201,40,0,3,1,64.51199948787689,4,4,0,2,38,0,0,40,182.559
202,2,0,0,0,9.216000325977802,4,4,0,5,34,1,0,40,266.799
202,2,0,1,0,75.77600330114365,4,4,0,5,34,1,0,40,266.799
202,2,0,2,0,163.83999586105347,4,4,0,5,34,1,0,40,266.799
202,2,0,3,0,14.336000196635723,4,4,0,5,34,1,0,40,266.799
202,24,0,0,0,8.191999979317188,4,4,0,0,40,0,0,40,2.54
202,24,0,1,0,78.84799689054489,4,4,0,0,40,0,0,40,2.54
202,24,0,2,0,9.216000325977802,4,4,0,0,40,0,0,40,2.54
202,24,0,3,0,4.095999989658594,4,4,0,0,40,0,0,40,2.54
202,40,0,0,1,15.359999611973763,4,4,0,1,39,0,0,40,70.08
202,40,0,1,1,82.94399827718735,4,4,0,1,39,0,0,40,70.08
202,40,0,2,1,8.191999979317188,4,4,0,1,39,0,0,40,70.08
202,40,0,3,1,3.0720001086592674,4,4,0,1,39,0,0,40,70.08
203,2,0,0,0,15.359999611973763,4,4,0,4,35,1,0,40,223.299
203,2,0,1,0,71.68000191450119,4,4,0,4,35,1,0,40,223.299
203,2,0,2,0,167.93599724769592,4,4,0,4,35,1,0,40,223.299
203,2,0,3,0,5.119999870657921,4,4,0,4,35,1,0,40,223.299
203,24,0,0,0,8.191999979317188,4,4,0,0,40,0,0,40,3.95
203,24,0,1,0,91.13600105047226,4,4,0,0,40,0,0,40,3.95
203,24,0,2,0,8.191999979317188,4,4,0,0,40,0,0,40,3.95
203,24,0,3,0,4.095999989658594,4,4,0,0,40,0,0,40,3.95
203,40,0,0,1,14.336000196635723,4,4,0,0,40,0,0,40,3.251
203,40,0,1,1,99.32799637317657,4,4,0,0,40,0,0,40,3.251
203,40,0,2,1,8.191999979317188,4,4,0,0,40,0,0,40,3.251
203,40,0,3,1,4.095999989658594,4,4,0,0,40,0,0,40,3.251
204,2,0,0,0,9.216000325977802,4,4,0,3,36,1,0,40,132.41
204,2,0,1,0,86.01599931716919,4,4,0,3,36,1,0,40,132.41
204,2,0,2,0,163.83999586105347,4,4,0,3,36,1,0,40,132.41
204,2,0,3,0,6.144000217318535,4,4,0,3,36,1,0,40,132.41
204,24,0,0,0,8.191999979317188,4,4,0,1,39,0,0,40,58.991
204,24,0,1,0,76.80000364780426,4,4,0,1,39,0,0,40,58.991
204,24,0,2,0,9.216000325977802,4,4,0,1,39,0,0,40,58.991
204,24,0,3,0,4.095999989658594,4,4,0,1,39,0,0,40,58.991
204,40,0,0,1,14.336000196635723,4,4,0,0,40,0,0,40,2.83
204,40,0,1,1,95.23200243711472,4,4,0,0,40,0,0,40,2.83
204,40,0,2,1,9.216000325977802,4,4,0,0,40,0,0,40,2.83
204,40,0,3,1,4.095999989658594,4,4,0,0,40,0,0,40,2.83
205,2,0,0,0,9.216000325977802,4,4,0,2,38,0,0,40,100.519
205,2,0,1,0,78.84799689054489,4,4,0,2,38,0,0,40,100.519
205,2,0,2,0,9.216000325977802,4,4,0,2,38,0,0,40,100.519
205,2,0,3,0,5.119999870657921,4,4,0,2,38,0,0,40,100.519
205,24,0,0,0,14.336000196635723,4,4,0,3,37,0,0,40,178.77
205,24,0,1,0,87.0399996638298,4,4,0,3,37,0,0,40,178.77
205,24,0,2,0,9.216000325977802,4,4,0,3,37,0,0,40,178.77
205,24,0,3,0,65.5359998345375,4,4,0,3,37,0,0,40,178.77
205,40,0,0,1,14.336000196635723,4,4,0,0,40,0,0,40,2.16
205,40,0,1,1,96.25600278377533,4,4,0,0,40,0,0,40,2.16
205,40,0,2,1,9.216000325977802,4,4,0,0,40,0,0,40,2.16
205,40,0,3,1,4.095999989658594,4,4,0,0,40,0,0,40,2.16
206,2,0,0,0,14.336000196635723,4,4,0,0,40,0,0,40,3.449
206,2,0,1,0,90.11200070381165,4,4,0,0,40,0,0,40,3.449
206,2,0,2,0,8.191999979317188,4,4,0,0,40,0,0,40,3.449
206,2,0,3,0,6.144000217318535,4,4,0,0,40,0,0,40,3.449
206,24,0,0,0,8.191999979317188,4,4,0,1,39,0,0,40,103.9
206,24,0,1,0,89.08800035715103,4,4,0,1,39,0,0,40,103.9
206,24,0,2,0,9.216000325977802,4,4,0,1,39,0,0,40,103.9
206,24,0,3,0,4.095999989658594,4,4,0,1,39,0,0,40,103.9
206,40,0,0,1,15.359999611973763,4,4,0,2,38,0,0,40,84.949
206,40,0,1,1,70.65600156784058,4,4,0,2,38,0,0,40,84.949
206,40,0,2,1,9.216000325977802,4,4,0,2,38,0,0,40,84.949
206,40,0,3,1,4.095999989658594,4,4,0,2,38,0,0,40,84.949
207,2,0,0,0,14.336000196635723,4,4,0,0,40,0,0,40,4.16
207,2,0,1,0,70.65600156784058,4,4,0,0,40,0,0,40,4.16
207,2,0,2,0,9.216000325977802,4,4,0,0,40,0,0,40,4.16
207,2,0,3,0,6.144000217318535,4,4,0,0,40,0,0,40,4.16
207,24,0,0,0,8.191999979317188,4,4,0,1,39,0,0,40,61.429
207,24,0,1,0,57.34400078654289,4,4,0,1,39,0,0,40,61.429
207,24,0,2,0,8.191999979317188,4,4,0,1,39,0,0,40,61.429
207,24,0,3,0,4.095999989658594,4,4,0,1,39,0,0,40,61.429
207,40,0,0,1,8.191999979317188,4,4,0,0,40,0,0,40,1.869
207,40,0,1,1,75.77600330114365,4,4,0,0,40,0,0,40,1.869
207,40,0,2,1,8.191999979317188,4,4,0,0,40,0,0,40,1.869
207,40,0,3,1,4.095999989658594,4,4,0,0,40,0,0,40,1.869
208,2,0,0,0,14.336000196635723,4,4,0,0,40,0,0,40,2.42
208,2,0,1,0,84.99199897050858,4,4,0,0,40,0,0,40,2.42
208,2,0,2,0,9.216000325977802,4,4,0,0,40,0,0,40,2.42
208,2,0,3,0,6.144000217318535,4,4,0,0,40,0,0,40,2.42
208,24,0,0,0,14.336000196635723,4,4,0,0,40,0,0,40,1.971
208,24,0,1,0,84.99199897050858,4,4,0,0,40,0,0,40,1.971
208,24,0,2,0,8.191999979317188,4,4,0,0,40,0,0,40,1.971
208,24,0,3,0,3.0720001086592674,4,4,0,0,40,0,0,40,1.971
208,40,0,0,1,13.311999849975109,4,4,0,0,40,0,0,40,2.85
208,40,0,1,1,83.96799862384796,4,4,0,0,40,0,0,40,2.85
208,40,0,2,1,9.216000325977802,4,4,0,0,40,0,0,40,2.85
208,40,0,3,1,4.095999989658594,4,4,0,0,40,0,0,40,2.85
209,2,0,0,0,14.336000196635723,4,4,0,0,40,0,0,40,2.72
209,2,0,1,0,91.13600105047226,4,4,0,0,40,0,0,40,2.72
209,2,0,2,0,9.216000325977802,4,4,0,0,40,0,0,40,2.72
209,2,0,3,0,5.119999870657921,4,4,0,0,40,0,0,40,2.72
209,24,0,0,0,14.336000196635723,4,4,0,1,39,0,0,40,68.57
209,24,0,1,0,81.91999793052673,4,4,0,1,39,0,0,40,68.57
209,24,0,2,0,9.216000325977802,4,4,0,1,39,0,0,40,68.57
209,24,0,3,0,4.095999989658594,4,4,0,1,39,0,0,40,68.57
209,40,0,0,1,15.359999611973763,4,4,0,0,40,0,0,40,3.39
209,40,0,1,1,86.01599931716919,4,4,0,0,40,0,0,40,3.39
209,40,0,2,1,9.216000325977802,4,4,0,0,40,0,0,40,3.39
209,40,0,3,1,4.095999989658594,4,4,0,0,40,0,0,40,3.39
210,2,0,0,0,9.216000325977802,4,4,0,2,38,0,0,40,107.22
210,2,0,1,0,74.75200295448303,4,4,0,2,38,0,0,40,107.22
210,2,0,2,0,9.216000325977802,4,4,0,2,38,0,0,40,107.22
210,2,0,3,0,12.28800043463707,4,4,0,2,38,0,0,40,107.22
210,24,0,0,0,8.191999979317188,4,4,0,1,39,0,0,40,66.78
210,24,0,1,0,64.51199948787689,4,4,0,1,39,0,0,40,66.78
210,24,0,2,0,9.216000325977802,4,4,0,1,39,0,0,40,66.78
210,24,0,3,0,4.095999989658594,4,4,0,1,39,0,0,40,66.78
210,40,0,0,1,9.216000325977802,4,4,0,1,39,0,0,40,183.179
210,40,0,1,1,72.7040022611618,4,4,0,1,39,0,0,40,183.179
210,40,0,2,1,9.216000325977802,4,4,0,1,39,0,0,40,183.179
210,40,0,3,1,89.08800035715103,4,4,0,1,39,0,0,40,183.179
211,2,0,0,0,8.191999979317188,4,4,0,5,34,1,0,40,2277.491
211,2,0,1,0,76.80000364780426,4,4,0,5,34,1,0,40,2277.491
211,2,0,2,0,167.93599724769592,4,4,0,5,34,1,0,40,2277.491
211,2,0,3,0,2024.4479179382324,4,4,0,5,34,1,0,40,2277.491
211,24,0,0,0,8.191999979317188,4,4,0,1,39,0,0,40,64.311
211,24,0,1,0,65.5359998345375,4,4,0,1,39,0,0,40,64.311
211,24,0,2,0,10.239999741315842,4,4,0,1,39,0,0,40,64.311
211,24,0,3,0,4.095999989658594,4,4,0,1,39,0,0,40,64.311
211,40,0,0,1,8.191999979317188,4,4,0,1,39,0,0,40,66.44
211,40,0,1,1,95.23200243711472,4,4,0,1,39,0,0,40,66.44
211,40,0,2,1,9.216000325977802,4,4,0,1,39,0,0,40,66.44
211,40,0,3,1,4.095999989658594,4,4,0,1,39,0,0,40,66.44
212,2,0,0,0,14.336000196635723,4,4,0,1,39,0,0,40,56.6
212,2,0,1,0,75.77600330114365,4,4,0,1,39,0,0,40,56.6
212,2,0,2,0,9.216000325977802,4,4,0,1,39,0,0,40,56.6
212,2,0,3,0,6.144000217318535,4,4,0,1,39,0,0,40,56.6
212,24,0,0,0,9.216000325977802,4,4,0,2,38,0,0,40,96.91
212,24,0,1,0,59.39200147986412,4,4,0,2,38,0,0,40,96.91
212,24,0,2,0,9.216000325977802,4,4,0,2,38,0,0,40,96.91
212,24,0,3,0,15.359999611973763,4,4,0,2,38,0,0,40,96.91
212,40,0,0,1,8.191999979317188,4,4,0,4,36,0,0,40,1082.677
212,40,0,1,1,80.89599758386612,4,4,0,4,36,0,0,40,1082.677
212,40,0,2,1,9.216000325977802,4,4,0,4,36,0,0,40,1082.677
212,40,0,3,1,979.968011379242,4,4,0,4,36,0,0,40,1082.677
213,2,0,0,0,15.359999611973763,4,4,0,0,40,0,0,40,2.56
213,2,0,1,0,91.13600105047226,4,4,0,0,40,0,0,40,2.56
213,2,0,2,0,10.239999741315842,4,4,0,0,40,0,0,40,2.56
213,2,0,3,0,5.119999870657921,4,4,0,0,40,0,0,40,2.56
213,24,0,0,0,9.216000325977802,4,4,0,0,40,0,0,40,2.0
213,24,0,1,0,80.89599758386612,4,4,0,0,40,0,0,40,2.0
213,24,0,2,0,9.216000325977802,4,4,0,0,40,0,0,40,2.0
213,24,0,3,0,4.095999989658594,4,4,0,0,40,0,0,40,2.0
213,40,0,0,1,15.359999611973763,4,4,0,2,38,0,0,40,126.809
213,40,0,1,1,105.47199845314026,4,4,0,2,38,0,0,40,126.809
213,40,0,2,1,9.216000325977802,4,4,0,2,38,0,0,40,126.809
213,40,0,3,1,5.119999870657921,4,4,0,2,38,0,0,40,126.809
214,2,0,0,0,14.336000196635723,4,4,0,0,40,0,0,40,2.72
214,2,0,1,0,80.89599758386612,4,4,0,0,40,0,0,40,2.72
214,2,0,2,0,9.216000325977802,4,4,0,0,40,0,0,40,2.72
214,2,0,3,0,5.119999870657921,4,4,0,0,40,0,0,40,2.72
214,24,0,0,0,8.191999979317188,4,4,0,0,40,0,0,40,3.2
214,24,0,1,0,71.68000191450119,4,4,0,0,40,0,0,40,3.2
214,24,0,2,0,9.216000325977802,4,4,0,0,40,0,0,40,3.2
214,24,0,3,0,5.119999870657921,4,4,0,0,40,0,0,40,3.2
214,40,0,0,1,8.191999979317188,4,4,0,1,39,0,0,40,62.05
214,40,0,1,1,103.42399775981903,4,4,0,1,39,0,0,40,62.05
214,40,0,2,1,8.191999979317188,4,4,0,1,39,0,0,40,62.05
214,40,0,3,1,4.095999989658594,4,4,0,1,39,0,0,40,62.05
215,2,0,0,0,14.336000196635723,4,4,0,0,40,0,0,40,2.46
215,2,0,1,0,87.0399996638298,4,4,0,0,40,0,0,40,2.46
215,2,0,2,0,8.191999979317188,4,4,0,0,40,0,0,40,2.46
215,2,0,3,0,5.119999870657921,4,4,0,0,40,0,0,40,2.46
215,24,0,0,0,8.191999979317188,4,4,0,2,38,0,0,40,98.23
215,24,0,1,0,65.5359998345375,4,4,0,2,38,0,0,40,98.23
215,24,0,2,0,10.239999741315842,4,4,0,2,38,0,0,40,98.23
215,24,0,3,0,10.239999741315842,4,4,0,2,38,0,0,40,98.23
215,40,0,0,1,8.191999979317188,4,4,0,1,39,0,0,40,66.6
215,40,0,1,1,80.89599758386612,4,4,0,1,39,0,0,40,66.6
215,40,0,2,1,9.216000325977802,4,4,0,1,39,0,0,40,66.6
215,40,0,3,1,4.095999989658594,4,4,0,1,39,0,0,40,66.6
216,2,0,0,0,9.216000325977802,4,4,0,8,30,2,0,40,383.788
216,2,0,1,0,68.60800087451935,4,4,0,8,30,2,0,40,383.788
216,2,0,2,0,316.4159953594208,4,4,0,8,30,2,0,40,383.788
216,2,0,3,0,5.119999870657921,4,4,0,8,30,2,0,40,383.788
216,24,0,0,0,9.216000325977802,4,4,0,2,38,0,0,40,144.86
216,24,0,1,0,70.65600156784058,4,4,0,2,38,0,0,40,144.86
216,24,0,2,0,9.216000325977802,4,4,0,2,38,0,0,40,144.86
216,24,0,3,0,53.247999399900436,4,4,0,2,38,0,0,40,144.86
216,40,0,0,1,8.191999979317188,4,4,0,0,40,0,0,40,3.14
216,40,0,1,1,45.05600035190582,4,4,0,0,40,0,0,40,3.14
216,40,0,2,1,9.216000325977802,4,4,0,0,40,0,0,40,3.14
216,40,0,3,1,4.095999989658594,4,4,0,0,40,0,0,40,3.14
217,2,0,0,0,15.359999611973763,4,4,0,1,39,0,0,40,60.771
217,2,0,1,0,87.0399996638298,4,4,0,1,39,0,0,40,60.771
217,2,0,2,0,8.191999979317188,4,4,0,1,39,0,0,40,60.771
217,2,0,3,0,6.144000217318535,4,4,0,1,39,0,0,40,60.771
217,24,0,0,0,13.311999849975109,4,4,0,1,39,0,0,40,59.71
217,24,0,1,0,67.58400052785873,4,4,0,1,39,0,0,40,59.71
217,24,0,2,0,9.216000325977802,4,4,0,1,39,0,0,40,59.71
217,24,0,3,0,4.095999989658594,4,4,0,1,39,0,0,40,59.71
217,40,0,0,1,8.191999979317188,4,4,0,3,37,0,0,40,143.28
217,40,0,1,1,81.91999793052673,4,4,0,3,37,0,0,40,143.28
217,40,0,2,1,9.216000325977802,4,4,0,3,37,0,0,40,143.28
217,40,0,3,1,39.93599861860275,4,4,0,3,37,0,0,40,143.28
218,2,0,0,0,15.359999611973763,4,4,0,4,35,1,0,40,201.748
218,2,0,1,0,71.68000191450119,4,4,0,4,35,1,0,40,201.748
218,2,0,2,0,163.83999586105347,4,4,0,4,35,1,0,40,201.748
218,2,0,3,0,5.119999870657921,4,4,0,4,35,1,0,40,201.748
218,24,0,0,0,8.191999979317188,4,4,0,3,36,1,0,40,149.09
218,24,0,1,0,75.77600330114365,4,4,0,3,36,1,0,40,149.09
218,24,0,2,0,168.96000504493713,4,4,0,3,36,1,0,40,149.09
218,24,0,3,0,5.119999870657921,4,4,0,3,36,1,0,40,149.09
218,40,0,0,1,9.216000325977802,4,4,0,3,37,0,0,40,165.109
218,40,0,1,1,74.75200295448303,4,4,0,3,37,0,0,40,165.109
218,40,0,2,1,8.191999979317188,4,4,0,3,37,0,0,40,165.109
218,40,0,3,1,67.58400052785873,4,4,0,3,37,0,0,40,165.109
219,2,0,0,0,15.359999611973763,4,4,0,10,28,2,0,40,386.279
219,2,0,1,0,57.34400078654289,4,4,0,10,28,2,0,40,386.279
219,2,0,2,0,315.39198756217957,4,4,0,10,28,2,0,40,386.279
219,2,0,3,0,6.144000217318535,4,4,0,10,28,2,0,40,386.279
219,24,0,0,0,7.168000098317862,4,4,0,0,40,0,0,40,4.131
219,24,0,1,0,73.72800260782242,4,4,0,0,40,0,0,40,4.131
219,24,0,2,0,9.216000325977802,4,4,0,0,40,0,0,40,4.131
219,24,0,3,0,4.095999989658594,4,4,0,0,40,0,0,40,4.131
219,40,0,0,1,8.191999979317188,4,4,0,1,39,0,0,40,230.179
219,40,0,1,1,93.18400174379349,4,4,0,1,39,0,0,40,230.179
219,40,0,2,1,8.191999979317188,4,4,0,1,39,0,0,40,230.179
219,40,0,3,1,120.83200365304947,4,4,0,1,39,0,0,40,230.179
220,2,0,0,0,14.336000196635723,4,4,0,4,36,0,0,40,149.279
220,2,0,1,0,75.77600330114365,4,4,0,4,36,0,0,40,149.279
220,2,0,2,0,10.239999741315842,4,4,0,4,36,0,0,40,149.279
220,2,0,3,0,45.05600035190582,4,4,0,4,36,0,0,40,149.279
220,24,0,0,0,8.191999979317188,4,4,0,2,38,0,0,40,69.18
220,24,0,1,0,76.80000364780426,4,4,0,2,38,0,0,40,69.18
220,24,0,2,0,8.191999979317188,4,4,0,2,38,0,0,40,69.18
220,24,0,3,0,4.095999989658594,4,4,0,2,38,0,0,40,69.18
220,40,0,0,1,9.216000325977802,4,4,0,1,39,0,0,40,71.739
220,40,0,1,1,79.8719972372055,4,4,0,1,39,0,0,40,71.739
220,40,0,2,1,9.216000325977802,4,4,0,1,39,0,0,40,71.739
220,40,0,3,1,4.095999989658594,4,4,0,1,39,0,0,40,71.739
221,2,0,0,0,9.216000325977802,4,4,0,1,39,0,0,40,61.99
221,2,0,1,0,82.94399827718735,4,4,0,1,39,0,0,40,61.99
221,2,0,2,0,9.216000325977802,4,4,0,1,39,0,0,40,61.99
221,2,0,3,0,5.119999870657921,4,4,0,1,39,0,0,40,61.99
221,24,0,0,0,14.336000196635723,4,4,0,2,38,0,0,40,105.819
221,24,0,1,0,65.5359998345375,4,4,0,2,38,0,0,40,105.819
221,24,0,2,0,9.216000325977802,4,4,0,2,38,0,0,40,105.819
221,24,0,3,0,11.264000087976456,4,4,0,2,38,0,0,40,105.819
221,40,0,0,1,14.336000196635723,4,4,0,0,40,0,0,40,3.249
221,40,0,1,1,84.99199897050858,4,4,0,0,40,0,0,40,3.249
221,40,0,2,1,8.191999979317188,4,4,0,0,40,0,0,40,3.249
221,40,0,3,1,5.119999870657921,4,4,0,0,40,0,0,40,3.249
222,2,0,0,0,14.336000196635723,4,4,0,2,38,0,0,40,95.94
222,2,0,1,0,65.5359998345375,4,4,0,2,38,0,0,40,95.94
222,2,0,2,0,9.216000325977802,4,4,0,2,38,0,0,40,95.94
222,2,0,3,0,6.144000217318535,4,4,0,2,38,0,0,40,95.94
222,24,0,0,0,14.336000196635723,4,4,0,3,37,0,0,40,134.89
222,24,0,1,0,71.68000191450119,4,4,0,3,37,0,0,40,134.89
222,24,0,2,0,8.191999979317188,4,4,0,3,37,0,0,40,134.89
222,24,0,3,0,40.95999896526337,4,4,0,3,37,0,0,40,134.89
222,40,0,0,1,8.191999979317188,4,4,0,1,39,0,0,40,75.54
222,40,0,1,1,61.43999844789505,4,4,0,1,39,0,0,40,75.54
222,40,0,2,1,9.216000325977802,4,4,0,1,39,0,0,40,75.54
222,40,0,3,1,4.095999989658594,4,4,0,1,39,0,0,40,75.54
223,2,0,0,0,8.191999979317188,4,4,0,1,39,0,0,40,63.879
223,2,0,1,0,88.06400001049042,4,4,0,1,39,0,0,40,63.879
223,2,0,2,0,9.216000325977802,4,4,0,1,39,0,0,40,63.879
223,2,0,3,0,5.119999870657921,4,4,0,1,39,0,0,40,63.879
223,24,0,0,0,8.191999979317188,4,4,0,0,40,0,0,40,3.19
223,24,0,1,0,79.8719972372055,4,4,0,0,40,0,0,40,3.19
223,24,0,2,0,9.216000325977802,4,4,0,0,40,0,0,40,3.19
223,24,0,3,0,5.119999870657921,4,4,0,0,40,0,0,40,3.19
223,40,0,0,1,9.216000325977802,4,4,0,2,38,0,0,40,79.389
223,40,0,1,1,74.75200295448303,4,4,0,2,38,0,0,40,79.389
223,40,0,2,1,9.216000325977802,4,4,0,2,38,0,0,40,79.389
223,40,0,3,1,4.095999989658594,4,4,0,2,38,0,0,40,79.389
224,2,0,0,0,9.216000325977802,4,4,0,2,38,0,0,40,75.72
224,2,0,1,0,77.82399654388428,4,4,0,2,38,0,0,40,75.72
224,2,0,2,0,9.216000325977802,4,4,0,2,38,0,0,40,75.72
224,2,0,3,0,5.119999870657921,4,4,0,2,38,0,0,40,75.72
224,24,0,0,0,8.191999979317188,4,4,0,1,39,0,0,40,64.1
224,24,0,1,0,80.89599758386612,4,4,0,1,39,0,0,40,64.1
224,24,0,2,0,9.216000325977802,4,4,0,1,39,0,0,40,64.1
224,24,0,3,0,4.095999989658594,4,4,0,1,39,0,0,40,64.1
224,40,0,0,1,9.216000325977802,4,4,0,1,39,0,0,40,102.519
224,40,0,1,1,76.80000364780426,4,4,0,1,39,0,0,40,102.519
224,40,0,2,1,9.216000325977802,4,4,0,1,39,0,0,40,102.519
224,40,0,3,1,4.095999989658594,4,4,0,1,39,0,0,40,102.519
225,2,0,0,0,8.191999979317188,4,4,0,1,39,0,0,40,89.92
225,2,0,1,0,89.08800035715103,4,4,0,1,39,0,0,40,89.92
225,2,0,2,0,9.216000325977802,4,4,0,1,39,0,0,40,89.92
225,2,0,3,0,5.119999870657921,4,4,0,1,39,0,0,40,89.92
225,24,0,0,0,8.191999979317188,4,4,0,1,39,0,0,40,60.98
225,24,0,1,0,88.06400001049042,4,4,0,1,39,0,0,40,60.98
225,24,0,2,0,10.239999741315842,4,4,0,1,39,0,0,40,60.98
225,24,0,3,0,4.095999989658594,4,4,0,1,39,0,0,40,60.98
225,40,0,0,1,15.359999611973763,4,4,0,1,39,0,0,40,77.65
225,40,0,1,1,95.23200243711472,4,4,0,1,39,0,0,40,77.65
225,40,0,2,1,9.216000325977802,4,4,0,1,39,0,0,40,77.65
225,40,0,3,1,4.095999989658594,4,4,0,1,39,0,0,40,77.65
226,2,0,0,0,14.336000196635723,4,4,0,0,40,0,0,40,1.95
226,2,0,1,0,87.0399996638298,4,4,0,0,40,0,0,40,1.95
226,2,0,2,0,8.191999979317188,4,4,0,0,40,0,0,40,1.95
226,2,0,3,0,6.144000217318535,4,4,0,0,40,0,0,40,1.95
226,24,0,0,0,8.191999979317188,4,4,0,0,40,0,0,40,4.449
226,24,0,1,0,78.84799689054489,4,4,0,0,40,0,0,40,4.449
226,24,0,2,0,8.191999979317188,4,4,0,0,40,0,0,40,4.449
226,24,0,3,0,4.095999989658594,4,4,0,0,40,0,0,40,4.449
226,40,0,0,1,9.216000325977802,4,4,0,2,38,0,0,40,105.079
226,40,0,1,1,101.3759970664978,4,4,0,2,38,0,0,40,105.079
226,40,0,2,1,8.191999979317188,4,4,0,2,38,0,0,40,105.079
226,40,0,3,1,4.095999989658594,4,4,0,2,38,0,0,40,105.079
227,2,0,0,0,14.336000196635723,4,4,0,0,40,0,0,40,2.83
227,2,0,1,0,83.96799862384796,4,4,0,0,40,0,0,40,2.83
227,2,0,2,0,9.216000325977802,4,4,0,0,40,0,0,40,2.83
227,2,0,3,0,5.119999870657921,4,4,0,0,40,0,0,40,2.83
227,24,0,0,0,8.191999979317188,4,4,0,2,38,0,0,40,92.429
227,24,0,1,0,86.01599931716919,4,4,0,2,38,0,0,40,92.429
227,24,0,2,0,9.216000325977802,4,4,0,2,38,0,0,40,92.429
227,24,0,3,0,4.095999989658594,4,4,0,2,38,0,0,40,92.429
227,40,0,0,1,14.336000196635723,4,4,0,0,40,0,0,40,2.69
227,40,0,1,1,88.06400001049042,4,4,0,0,40,0,0,40,2.69
227,40,0,2,1,9.216000325977802,4,4,0,0,40,0,0,40,2.69
227,40,0,3,1,4.095999989658594,4,4,0,0,40,0,0,40,2.69
228,2,0,0,0,14.336000196635723,4,4,0,1,39,0,0,40,62.28
228,2,0,1,0,79.8719972372055,4,4,0,1,39,0,0,40,62.28
228,2,0,2,0,9.216000325977802,4,4,0,1,39,0,0,40,62.28
228,2,0,3,0,5.119999870657921,4,4,0,1,39,0,0,40,62.28
228,24,0,0,0,8.191999979317188,4,4,0,3,36,1,0,40,244.029
228,24,0,1,0,83.96799862384796,4,4,0,3,36,1,0,40,244.029
228,24,0,2,0,169.98399794101715,4,4,0,3,36,1,0,40,244.029
228,24,0,3,0,5.119999870657921,4,4,0,3,36,1,0,40,244.029
228,40,0,0,1,14.336000196635723,4,4,0,0,40,0,0,40,2.35
228,40,0,1,1,94.2080020904541,4,4,0,0,40,0,0,40,2.35
228,40,0,2,1,9.216000325977802,4,4,0,0,40,0,0,40,2.35
228,40,0,3,1,4.095999989658594,4,4,0,0,40,0,0,40,2.35
229,2,0,0,0,8.191999979317188,4,4,0,1,39,0,0,40,55.131
229,2,0,1,0,80.89599758386612,4,4,0,1,39,0,0,40,55.131
229,2,0,2,0,9.216000325977802,4,4,0,1,39,0,0,40,55.131
229,2,0,3,0,6.144000217318535,4,4,0,1,39,0,0,40,55.131
229,24,0,0,0,8.191999979317188,4,4,0,2,38,0,0,40,96.839
229,24,0,1,0,87.0399996638298,4,4,0,2,38,0,0,40,96.839
229,24,0,2,0,9.216000325977802,4,4,0,2,38,0,0,40,96.839
229,24,0,3,0,5.119999870657921,4,4,0,2,38,0,0,40,96.839
229,40,0,0,1,14.336000196635723,4,4,0,1,39,0,0,40,70.231
229,40,0,1,1,99.32799637317657,4,4,0,1,39,0,0,40,70.231
229,40,0,2,1,8.191999979317188,4,4,0,1,39,0,0,40,70.231
229,40,0,3,1,4.095999989658594,4,4,0,1,39,0,0,40,70.231
230,2,0,0,0,15.359999611973763,4,4,0,3,37,0,0,40,149.76
230,2,0,1,0,66.56000018119812,4,4,0,3,37,0,0,40,149.76
230,2,0,2,0,9.216000325977802,4,4,0,3,37,0,0,40,149.76
230,2,0,3,0,57.34400078654289,4,4,0,3,37,0,0,40,149.76
230,24,0,0,0,8.191999979317188,4,4,0,0,40,0,0,40,2.47
230,24,0,1,0,80.89599758386612,4,4,0,0,40,0,0,40,2.47
230,24,0,2,0,9.216000325977802,4,4,0,0,40,0,0,40,2.47
230,24,0,3,0,4.095999989658594,4,4,0,0,40,0,0,40,2.47
230,40,0,0,1,8.191999979317188,4,4,0,1,39,0,0,40,69.349
230,40,0,1,1,98.30400347709656,4,4,0,1,39,0,0,40,69.349
230,40,0,2,1,8.191999979317188,4,4,0,1,39,0,0,40,69.349
230,40,0,3,1,4.095999989658594,4,4,0,1,39,0,0,40,69.349
231,2,0,0,0,9.216000325977802,4,4,0,5,34,1,0,40,246.039
231,2,0,1,0,75.77600330114365,4,4,0,5,34,1,0,40,246.039
231,2,0,2,0,167.93599724769592,4,4,0,5,34,1,0,40,246.039
231,2,0,3,0,6.144000217318535,4,4,0,5,34,1,0,40,246.039
231,24,0,0,0,8.191999979317188,4,4,0,0,40,0,0,40,4.67
231,24,0,1,0,77.82399654388428,4,4,0,0,40,0,0,40,4.67
231,24,0,2,0,9.216000325977802,4,4,0,0,40,0,0,40,4.67
231,24,0,3,0,4.095999989658594,4,4,0,0,40,0,0,40,4.67
231,40,0,0,1,8.191999979317188,4,4,0,3,37,0,0,40,227.43
231,40,0,1,1,89.08800035715103,4,4,0,3,37,0,0,40,227.43
231,40,0,2,1,9.216000325977802,4,4,0,3,37,0,0,40,227.43
231,40,0,3,1,120.83200365304947,4,4,0,3,37,0,0,40,227.43
232,2,0,0,0,14.336000196635723,4,4,0,0,40,0,0,40,2.44
232,2,0,1,0,93.18400174379349,4,4,0,0,40,0,0,40,2.44
232,2,0,2,0,9.216000325977802,4,4,0,0,40,0,0,40,2.44
232,2,0,3,0,5.119999870657921,4,4,0,0,40,0,0,40,2.44
232,24,0,0,0,8.191999979317188,4,4,0,1,39,0,0,40,53.859
232,24,0,1,0,72.7040022611618,4,4,0,1,39,0,0,40,53.859
232,24,0,2,0,9.216000325977802,4,4,0,1,39,0,0,40,53.859
232,24,0,3,0,5.119999870657921,4,4,0,1,39,0,0,40,53.859
232,40,0,0,1,14.336000196635723,4,4,0,0,40,0,0,40,2.38
232,40,0,1,1,58.36800113320351,4,4,0,0,40,0,0,40,2.38
232,40,0,2,1,8.191999979317188,4,4,0,0,40,0,0,40,2.38
232,40,0,3,1,3.0720001086592674,4,4,0,0,40,0,0,40,2.38
233,2,0,0,0,8.191999979317188,4,4,0,0,40,0,0,40,2.57
233,2,0,1,0,86.01599931716919,4,4,0,0,40,0,0,40,2.57
233,2,0,2,0,8.191999979317188,4,4,0,0,40,0,0,40,2.57
233,2,0,3,0,5.119999870657921,4,4,0,0,40,0,0,40,2.57
233,24,0,0,0,8.191999979317188,4,4,0,1,39,0,0,40,63.279
233,24,0,1,0,83.96799862384796,4,4,0,1,39,0,0,40,63.279
233,24,0,2,0,9.216000325977802,4,4,0,1,39,0,0,40,63.279
233,24,0,3,0,4.095999989658594,4,4,0,1,39,0,0,40,63.279
233,40,0,0,1,14.336000196635723,4,4,0,1,39,0,0,40,70.079
233,40,0,1,1,96.25600278377533,4,4,0,1,39,0,0,40,70.079
233,40,0,2,1,9.216000325977802,4,4,0,1,39,0,0,40,70.079
233,40,0,3,1,4.095999989658594,4,4,0,1,39,0,0,40,70.079
234,2,0,0,0,8.191999979317188,4,4,0,0,40,0,0,40,2.52
234,2,0,1,0,66.56000018119812,4,4,0,0,40,0,0,40,2.52
234,2,0,2,0,9.216000325977802,4,4,0,0,40,0,0,40,2.52
234,2,0,3,0,5.119999870657921,4,4,0,0,40,0,0,40,2.52
234,24,0,0,0,8.191999979317188,4,4,0,1,39,0,0,40,57.9
234,24,0,1,0,74.75200295448303,4,4,0,1,39,0,0,40,57.9
234,24,0,2,0,9.216000325977802,4,4,0,1,39,0,0,40,57.9
234,24,0,3,0,4.095999989658594,4,4,0,1,39,0,0,40,57.9
234,40,0,0,1,14.336000196635723,4,4,0,0,40,0,0,40,4.06
234,40,0,1,1,100.35199671983719,4,4,0,0,40,0,0,40,4.06
234,40,0,2,1,9.216000325977802,4,4,0,0,40,0,0,40,4.06
234,40,0,3,1,4.095999989658594,4,4,0,0,40,0,0,40,4.06
235,2,0,0,0,8.191999979317188,3,3,0,0,30,0,0,30,4.01
235,2,0,1,0,66.56000018119812,3,3,0,0,30,0,0,30,4.01
235,2,0,2,0,8.191999979317188,3,3,0,0,30,0,0,30,4.01
235,2,0,3,0,6.144000217318535,3,3,0,0,30,0,0,30,4.01
235,24,0,0,0,10.239999741315842,3,3,0,1,29,0,0,30,65.6
235,24,0,1,0,63.48799914121628,3,3,0,1,29,0,0,30,65.6
235,24,0,2,0,9.216000325977802,3,3,0,1,29,0,0,30,65.6
235,24,0,3,0,4.095999989658594,3,3,0,1,29,0,0,30,65.6
235,40,0,0,1,8.191999979317188,3,3,0,2,28,0,0,30,110.529
235,40,0,1,1,64.51199948787689,3,3,0,2,28,0,0,30,110.529
235,40,0,2,1,9.216000325977802,3,3,0,2,28,0,0,30,110.529
235,40,0,3,1,24.57600086927414,3,3,0,2,28,0,0,30,110.529
236,2,0,0,0,8.191999979317188,4,4,0,4,35,1,0,40,213.799
236,2,0,1,0,74.75200295448303,4,4,0,4,35,1,0,40,213.799
236,2,0,2,0,163.83999586105347,4,4,0,4,35,1,0,40,213.799
236,2,0,3,0,6.144000217318535,4,4,0,4,35,1,0,40,213.799
236,24,0,0,0,7.168000098317862,4,4,0,1,39,0,0,40,71.02
236,24,0,1,0,83.96799862384796,4,4,0,1,39,0,0,40,71.02
236,24,0,2,0,9.216000325977802,4,4,0,1,39,0,0,40,71.02
236,24,0,3,0,4.095999989658594,4,4,0,1,39,0,0,40,71.02
236,40,0,0,1,8.191999979317188,4,4,0,1,39,0,0,40,62.09
236,40,0,1,1,97.28000313043594,4,4,0,1,39,0,0,40,62.09
236,40,0,2,1,9.216000325977802,4,4,0,1,39,0,0,40,62.09
236,40,0,3,1,4.095999989658594,4,4,0,1,39,0,0,40,62.09
237,2,0,0,0,8.191999979317188,3,3,0,3,27,0,0,30,95.569
237,2,0,1,0,53.247999399900436,3,3,0,3,27,0,0,30,95.569
237,2,0,2,0,10.239999741315842,3,3,0,3,27,0,0,30,95.569
237,2,0,3,0,20.479999482631683,3,3,0,3,27,0,0,30,95.569
237,24,0,0,0,8.191999979317188,3,3,0,1,29,0,0,30,53.889
237,24,0,1,0,62.463998794555664,3,3,0,1,29,0,0,30,53.889
237,24,0,2,0,9.216000325977802,3,3,0,1,29,0,0,30,53.889
237,24,0,3,0,4.095999989658594,3,3,0,1,29,0,0,30,53.889
237,40,0,0,1,8.191999979317188,3,3,0,0,30,0,0,30,2.451
237,40,0,1,1,81.91999793052673,3,3,0,0,30,0,0,30,2.451
237,40,0,2,1,9.216000325977802,3,3,0,0,30,0,0,30,2.451
237,40,0,3,1,4.095999989658594,3,3,0,0,30,0,0,30,2.451
238,2,0,0,0,16.383999958634377,3,3,0,1,29,0,0,30,97.9
238,2,0,1,0,62.463998794555664,3,3,0,1,29,0,0,30,97.9
238,2,0,2,0,9.216000325977802,3,3,0,1,29,0,0,30,97.9
238,2,0,3,0,7.168000098317862,3,3,0,1,29,0,0,30,97.9
238,24,0,0,0,8.191999979317188,3,3,0,0,30,0,0,30,3.1
238,24,0,1,0,62.463998794555664,3,3,0,0,30,0,0,30,3.1
238,24,0,2,0,9.216000325977802,3,3,0,0,30,0,0,30,3.1
238,24,0,3,0,4.095999989658594,3,3,0,0,30,0,0,30,3.1
238,40,0,0,1,7.168000098317862,3,3,0,0,30,0,0,30,1.72
238,40,0,1,1,59.39200147986412,3,3,0,0,30,0,0,30,1.72
238,40,0,2,1,9.216000325977802,3,3,0,0,30,0,0,30,1.72
238,40,0,3,1,5.119999870657921,3,3,0,0,30,0,0,30,1.72
239,2,0,0,0,9.216000325977802,3,3,0,0,30,0,0,30,2.56
239,2,0,1,0,68.60800087451935,3,3,0,0,30,0,0,30,2.56
239,2,0,2,0,8.191999979317188,3,3,0,0,30,0,0,30,2.56
239,2,0,3,0,5.119999870657921,3,3,0,0,30,0,0,30,2.56
239,24,0,0,0,10.239999741315842,3,3,0,0,30,0,0,30,3.24
239,24,0,1,0,68.60800087451935,3,3,0,0,30,0,0,30,3.24
239,24,0,2,0,9.216000325977802,3,3,0,0,30,0,0,30,3.24
239,24,0,3,0,4.095999989658594,3,3,0,0,30,0,0,30,3.24
239,40,0,0,1,14.336000196635723,3,3,0,0,30,0,0,30,1.59
239,40,0,1,1,69.63200122117996,3,3,0,0,30,0,0,30,1.59
239,40,0,2,1,9.216000325977802,3,3,0,0,30,0,0,30,1.59
239,40,0,3,1,4.095999989658594,3,3,0,0,30,0,0,30,1.59
240,2,0,0,0,15.359999611973763,4,4,0,1,39,0,0,40,79.98
240,2,0,1,0,83.96799862384796,4,4,0,1,39,0,0,40,79.98
240,2,0,2,0,9.216000325977802,4,4,0,1,39,0,0,40,79.98
240,2,0,3,0,6.144000217318535,4,4,0,1,39,0,0,40,79.98
240,24,0,0,0,8.191999979317188,4,4,0,1,39,0,0,40,57.011
240,24,0,1,0,83.96799862384796,4,4,0,1,39,0,0,40,57.011
240,24,0,2,0,8.191999979317188,4,4,0,1,39,0,0,40,57.011
240,24,0,3,0,3.0720001086592674,4,4,0,1,39,0,0,40,57.011
240,40,0,0,1,14.336000196635723,4,4,0,0,40,0,0,40,2.28
240,40,0,1,1,99.32799637317657,4,4,0,0,40,0,0,40,2.28
240,40,0,2,1,9.216000325977802,4,4,0,0,40,0,0,40,2.28
240,40,0,3,1,4.095999989658594,4,4,0,0,40,0,0,40,2.28
241,2,0,0,0,15.359999611973763,4,4,0,0,40,0,0,40,2.46
241,2,0,1,0,83.96799862384796,4,4,0,0,40,0,0,40,2.46
241,2,0,2,0,9.216000325977802,4,4,0,0,40,0,0,40,2.46
241,2,0,3,0,7.168000098317862,4,4,0,0,40,0,0,40,2.46
241,24,0,0,0,7.168000098317862,4,4,0,2,38,0,0,40,99.65
241,24,0,1,0,75.77600330114365,4,4,0,2,38,0,0,40,99.65
241,24,0,2,0,10.239999741315842,4,4,0,2,38,0,0,40,99.65
241,24,0,3,0,4.095999989658594,4,4,0,2,38,0,0,40,99.65
241,40,0,0,1,13.311999849975109,4,4,0,0,40,0,0,40,3.96
241,40,0,1,1,82.94399827718735,4,4,0,0,40,0,0,40,3.96
241,40,0,2,1,9.216000325977802,4,4,0,0,40,0,0,40,3.96
241,40,0,3,1,4.095999989658594,4,4,0,0,40,0,0,40,3.96
242,2,0,0,0,8.191999979317188,4,4,0,1,39,0,0,40,62.99
242,2,0,1,0,76.80000364780426,4,4,0,1,39,0,0,40,62.99
242,2,0,2,0,8.191999979317188,4,4,0,1,39,0,0,40,62.99
242,2,0,3,0,5.119999870657921,4,4,0,1,39,0,0,40,62.99
242,24,0,0,0,8.191999979317188,4,4,0,0,40,0,0,40,3.649
242,24,0,1,0,90.11200070381165,4,4,0,0,40,0,0,40,3.649
242,24,0,2,0,8.191999979317188,4,4,0,0,40,0,0,40,3.649
242,24,0,3,0,4.095999989658594,4,4,0,0,40,0,0,40,3.649
242,40,0,0,1,15.359999611973763,4,4,0,0,40,0,0,40,4.08
242,40,0,1,1,83.96799862384796,4,4,0,0,40,0,0,40,4.08
242,40,0,2,1,9.216000325977802,4,4,0,0,40,0,0,40,4.08
242,40,0,3,1,4.095999989658594,4,4,0,0,40,0,0,40,4.08
243,2,0,0,0,14.336000196635723,4,4,0,0,40,0,0,40,4.08
243,2,0,1,0,87.0399996638298,4,4,0,0,40,0,0,40,4.08
243,2,0,2,0,9.216000325977802,4,4,0,0,40,0,0,40,4.08
243,2,0,3,0,5.119999870657921,4,4,0,0,40,0,0,40,4.08
243,24,0,0,0,7.168000098317862,4,4,0,0,40,0,0,40,2.729
243,24,0,1,0,70.65600156784058,4,4,0,0,40,0,0,40,2.729
243,24,0,2,0,8.191999979317188,4,4,0,0,40,0,0,40,2.729
243,24,0,3,0,4.095999989658594,4,4,0,0,40,0,0,40,2.729
243,40,0,0,1,8.191999979317188,4,4,0,0,40,0,0,40,3.229
243,40,0,1,1,66.56000018119812,4,4,0,0,40,0,0,40,3.229
243,40,0,2,1,9.216000325977802,4,4,0,0,40,0,0,40,3.229
243,40,0,3,1,4.095999989658594,4,4,0,0,40,0,0,40,3.229
244,2,0,0,0,14.336000196635723,4,4,0,0,40,0,0,40,2.82
244,2,0,1,0,79.8719972372055,4,4,0,0,40,0,0,40,2.82
244,2,0,2,0,8.191999979317188,4,4,0,0,40,0,0,40,2.82
244,2,0,3,0,4.095999989658594,4,4,0,0,40,0,0,40,2.82
244,24,0,0,0,8.191999979317188,4,4,0,1,39,0,0,40,63.43
244,24,0,1,0,66.56000018119812,4,4,0,1,39,0,0,40,63.43
244,24,0,2,0,9.216000325977802,4,4,0,1,39,0,0,40,63.43
244,24,0,3,0,4.095999989658594,4,4,0,1,39,0,0,40,63.43
244,40,0,0,1,14.336000196635723,4,4,0,3,37,0,0,40,82.57
244,40,0,1,1,54.27199974656105,4,4,0,3,37,0,0,40,82.57
244,40,0,2,1,9.216000325977802,4,4,0,3,37,0,0,40,82.57
244,40,0,3,1,4.095999989658594,4,4,0,3,37,0,0,40,82.57
245,2,0,0,0,9.216000325977802,1,1,0,0,10,0,0,10,2.269
245,2,0,1,0,31.74399957060814,1,1,0,0,10,0,0,10,2.269
245,2,0,2,0,9.216000325977802,1,1,0,0,10,0,0,10,2.269
245,2,0,3,0,5.119999870657921,1,1,0,0,10,0,0,10,2.269
245,24,0,0,0,8.191999979317188,1,1,0,0,10,0,0,10,0.809
245,24,0,1,0,31.74399957060814,1,1,0,0,10,0,0,10,0.809
245,24,0,2,0,8.191999979317188,1,1,0,0,10,0,0,10,0.809
245,24,0,3,0,4.095999989658594,1,1,0,0,10,0,0,10,0.809
245,40,0,0,1,8.191999979317188,1,1,0,1,9,0,0,10,45.87
245,40,0,1,1,33.79200026392937,1,1,0,1,9,0,0,10,45.87
245,40,0,2,1,9.216000325977802,1,1,0,1,9,0,0,10,45.87
245,40,0,3,1,4.095999989658594,1,1,0,1,9,0,0,10,45.87
246,2,0,0,0,9.216000325977802,3,3,0,3,27,0,0,30,134.19
246,2,0,1,0,58.36800113320351,3,3,0,3,27,0,0,30,134.19
246,2,0,2,0,9.216000325977802,3,3,0,3,27,0,0,30,134.19
246,2,0,3,0,55.296000093221664,3,3,0,3,27,0,0,30,134.19
246,24,0,0,0,9.216000325977802,3,3,0,0,30,0,0,30,1.28
246,24,0,1,0,45.05600035190582,3,3,0,0,30,0,0,30,1.28
246,24,0,2,0,9.216000325977802,3,3,0,0,30,0,0,30,1.28
246,24,0,3,0,4.095999989658594,3,3,0,0,30,0,0,30,1.28
246,40,0,0,1,8.191999979317188,3,3,0,0,30,0,0,30,1.44
246,40,0,1,1,56.32000043988228,3,3,0,0,30,0,0,30,1.44
246,40,0,2,1,9.216000325977802,3,3,0,0,30,0,0,30,1.44
246,40,0,3,1,4.095999989658594,3,3,0,0,30,0,0,30,1.44
247,2,0,0,0,8.191999979317188,4,4,0,3,37,0,0,40,171.788
247,2,0,1,0,65.5359998345375,4,4,0,3,37,0,0,40,171.788
247,2,0,2,0,9.216000325977802,4,4,0,3,37,0,0,40,171.788
247,2,0,3,0,84.99199897050858,4,4,0,3,37,0,0,40,171.788
247,24,0,0,0,8.191999979317188,4,4,0,2,38,0,0,40,113.169
247,24,0,1,0,64.51199948787689,4,4,0,2,38,0,0,40,113.169
247,24,0,2,0,9.216000325977802,4,4,0,2,38,0,0,40,113.169
247,24,0,3,0,26.623999699950218,4,4,0,2,38,0,0,40,113.169
247,40,0,0,1,8.191999979317188,4,4,0,2,38,0,0,40,306.028
247,40,0,1,1,79.8719972372055,4,4,0,2,38,0,0,40,306.028
247,40,0,2,1,8.191999979317188,4,4,0,2,38,0,0,40,306.028
247,40,0,3,1,204.79999482631683,4,4,0,2,38,0,0,40,306.028
248,2,0,0,0,14.336000196635723,4,4,0,2,38,0,0,40,118.959
248,2,0,1,0,81.91999793052673,4,4,0,2,38,0,0,40,118.959
248,2,0,2,0,9.216000325977802,4,4,0,2,38,0,0,40,118.959
248,2,0,3,0,9.216000325977802,4,4,0,2,38,0,0,40,118.959
248,24,0,0,0,7.168000098317862,4,4,0,1,39,0,0,40,63.22
248,24,0,1,0,73.72800260782242,4,4,0,1,39,0,0,40,63.22
248,24,0,2,0,8.191999979317188,4,4,0,1,39,0,0,40,63.22
248,24,0,3,0,4.095999989658594,4,4,0,1,39,0,0,40,63.22
248,40,0,0,1,9.216000325977802,4,4,0,1,39,0,0,40,86.98
248,40,0,1,1,73.72800260782242,4,4,0,1,39,0,0,40,86.98
248,40,0,2,1,9.216000325977802,4,4,0,1,39,0,0,40,86.98
248,40,0,3,1,4.095999989658594,4,4,0,1,39,0,0,40,86.98
249,2,0,0,0,14.336000196635723,4,4,0,0,40,0,0,40,5.97
249,2,0,1,0,84.99199897050858,4,4,0,0,40,0,0,40,5.97
249,2,0,2,0,9.216000325977802,4,4,0,0,40,0,0,40,5.97
249,2,0,3,0,5.119999870657921,4,4,0,0,40,0,0,40,5.97
249,24,0,0,0,8.191999979317188,4,4,0,1,39,0,0,40,79.18
249,24,0,1,0,60.416001826524734,4,4,0,1,39,0,0,40,79.18
249,24,0,2,0,9.216000325977802,4,4,0,1,39,0,0,40,79.18
249,24,0,3,0,4.095999989658594,4,4,0,1,39,0,0,40,79.18
249,40,0,0,1,8.191999979317188,4,4,0,2,38,0,0,40,143.54
249,40,0,1,1,81.91999793052673,4,4,0,2,38,0,0,40,143.54
249,40,0,2,1,9.216000325977802,4,4,0,2,38,0,0,40,143.54
249,40,0,3,1,47.10400104522705,4,4,0,2,38,0,0,40,143.54
250,2,0,0,0,9.216000325977802,4,4,0,1,39,0,0,40,126.74
250,2,0,1,0,78.84799689054489,4,4,0,1,39,0,0,40,126.74
250,2,0,2,0,8.191999979317188,4,4,0,1,39,0,0,40,126.74
250,2,0,3,0,30.719999223947525,4,4,0,1,39,0,0,40,126.74
250,24,0,0,0,9.216000325977802,4,4,0,1,39,0,0,40,65.82
250,24,0,1,0,58.36800113320351,4,4,0,1,39,0,0,40,65.82
250,24,0,2,0,9.216000325977802,4,4,0,1,39,0,0,40,65.82
250,24,0,3,0,4.095999989658594,4,4,0,1,39,0,0,40,65.82
250,40,0,0,1,9.216000325977802,4,4,0,1,39,0,0,40,89.55
250,40,0,1,1,69.63200122117996,4,4,0,1,39,0,0,40,89.55
250,40,0,2,1,9.216000325977802,4,4,0,1,39,0,0,40,89.55
250,40,0,3,1,4.095999989658594,4,4,0,1,39,0,0,40,89.55
251,2,0,0,0,8.191999979317188,4,4,0,1,39,0,0,40,70.17
251,2,0,1,0,73.72800260782242,4,4,0,1,39,0,0,40,70.17
251,2,0,2,0,9.216000325977802,4,4,0,1,39,0,0,40,70.17
251,2,0,3,0,6.144000217318535,4,4,0,1,39,0,0,40,70.17
251,24,0,0,0,9.216000325977802,4,4,0,3,37,0,0,40,120.259
251,24,0,1,0,69.63200122117996,4,4,0,3,37,0,0,40,120.259
251,24,0,2,0,10.239999741315842,4,4,0,3,37,0,0,40,120.259
251,24,0,3,0,27.648000046610832,4,4,0,3,37,0,0,40,120.259
251,40,0,0,1,14.336000196635723,4,4,0,0,40,0,0,40,5.19
251,40,0,1,1,99.32799637317657,4,4,0,0,40,0,0,40,5.19
251,40,0,2,1,8.191999979317188,4,4,0,0,40,0,0,40,5.19
251,40,0,3,1,4.095999989658594,4,4,0,0,40,0,0,40,5.19
252,2,0,0,0,8.191999979317188,2,2,0,0,20,0,0,20,1.78
252,2,0,1,0,47.10400104522705,2,2,0,0,20,0,0,20,1.78
252,2,0,2,0,8.191999979317188,2,2,0,0,20,0,0,20,1.78
252,2,0,3,0,5.119999870657921,2,2,0,0,20,0,0,20,1.78
252,24,0,0,0,9.216000325977802,2,2,0,0,20,0,0,20,3.211
252,24,0,1,0,50.175998359918594,2,2,0,0,20,0,0,20,3.211
252,24,0,2,0,9.216000325977802,2,2,0,0,20,0,0,20,3.211
252,24,0,3,0,4.095999989658594,2,2,0,0,20,0,0,20,3.211
252,40,0,0,1,9.216000325977802,2,2,0,1,19,0,0,20,92.449
252,40,0,1,1,52.22399905323982,2,2,0,1,19,0,0,20,92.449
252,40,0,2,1,10.239999741315842,2,2,0,1,19,0,0,20,92.449
252,40,0,3,1,17.40800030529499,2,2,0,1,19,0,0,20,92.449
253,2,0,0,0,10.239999741315842,4,4,0,3,36,1,0,40,158.23
253,2,0,1,0,79.8719972372055,4,4,0,3,36,1,0,40,158.23
253,2,0,2,0,165.8879965543747,4,4,0,3,36,1,0,40,158.23
253,2,0,3,0,6.144000217318535,4,4,0,3,36,1,0,40,158.23
253,24,0,0,0,8.191999979317188,4,4,0,2,38,0,0,40,118.44
253,24,0,1,0,82.94399827718735,4,4,0,2,38,0,0,40,118.44
253,24,0,2,0,9.216000325977802,4,4,0,2,38,0,0,40,118.44
253,24,0,3,0,15.359999611973763,4,4,0,2,38,0,0,40,118.44
253,40,0,0,1,9.216000325977802,4,4,0,1,39,0,0,40,80.71
253,40,0,1,1,92.16000139713287,4,4,0,1,39,0,0,40,80.71
253,40,0,2,1,9.216000325977802,4,4,0,1,39,0,0,40,80.71
253,40,0,3,1,3.0720001086592674,4,4,0,1,39,0,0,40,80.71
254,2,0,0,0,8.191999979317188,4,4,0,3,36,1,0,40,162.579
254,2,0,1,0,63.48799914121628,4,4,0,3,36,1,0,40,162.579
254,2,0,2,0,169.98399794101715,4,4,0,3,36,1,0,40,162.579
254,2,0,3,0,6.144000217318535,4,4,0,3,36,1,0,40,162.579
254,24,0,0,0,13.311999849975109,4,4,0,1,39,0,0,40,72.589
254,24,0,1,0,82.94399827718735,4,4,0,1,39,0,0,40,72.589
254,24,0,2,0,8.191999979317188,4,4,0,1,39,0,0,40,72.589
254,24,0,3,0,4.095999989658594,4,4,0,1,39,0,0,40,72.589
254,40,0,0,1,8.191999979317188,4,4,0,1,39,0,0,40,85.289
254,40,0,1,1,89.08800035715103,4,4,0,1,39,0,0,40,85.289
254,40,0,2,1,9.216000325977802,4,4,0,1,39,0,0,40,85.289
254,40,0,3,1,4.095999989658594,4,4,0,1,39,0,0,40,85.289
255,2,0,0,0,14.336000196635723,4,4,0,0,40,0,0,40,5.99
255,2,0,1,0,74.75200295448303,4,4,0,0,40,0,0,40,5.99
255,2,0,2,0,9.216000325977802,4,4,0,0,40,0,0,40,5.99
255,2,0,3,0,5.119999870657921,4,4,0,0,40,0,0,40,5.99
255,24,0,0,0,8.191999979317188,4,4,0,2,38,0,0,40,134.679
255,24,0,1,0,83.96799862384796,4,4,0,2,38,0,0,40,134.679
255,24,0,2,0,8.191999979317188,4,4,0,2,38,0,0,40,134.679
255,24,0,3,0,28.672000393271446,4,4,0,2,38,0,0,40,134.679
255,40,0,0,1,13.311999849975109,4,4,0,0,40,0,0,40,2.81
255,40,0,1,1,72.7040022611618,4,4,0,0,40,0,0,40,2.81
255,40,0,2,1,9.216000325977802,4,4,0,0,40,0,0,40,2.81
255,40,0,3,1,4.095999989658594,4,4,0,0,40,0,0,40,2.81
256,2,0,0,0,13.311999849975109,4,4,0,0,40,0,0,40,5.74
256,2,0,1,0,77.82399654388428,4,4,0,0,40,0,0,40,5.74
256,2,0,2,0,8.191999979317188,4,4,0,0,40,0,0,40,5.74
256,2,0,3,0,5.119999870657921,4,4,0,0,40,0,0,40,5.74
256,24,0,0,0,8.191999979317188,4,4,0,0,40,0,0,40,4.5
256,24,0,1,0,69.63200122117996,4,4,0,0,40,0,0,40,4.5
256,24,0,2,0,9.216000325977802,4,4,0,0,40,0,0,40,4.5
256,24,0,3,0,4.095999989658594,4,4,0,0,40,0,0,40,4.5
256,40,0,0,1,14.336000196635723,4,4,0,1,39,0,0,40,82.749
256,40,0,1,1,67.58400052785873,4,4,0,1,39,0,0,40,82.749
256,40,0,2,1,9.216000325977802,4,4,0,1,39,0,0,40,82.749
256,40,0,3,1,4.095999989658594,4,4,0,1,39,0,0,40,82.749
257,2,0,0,0,16.383999958634377,4,4,0,0,40,0,0,40,3.49
257,2,0,1,0,87.0399996638298,4,4,0,0,40,0,0,40,3.49
257,2,0,2,0,9.216000325977802,4,4,0,0,40,0,0,40,3.49
257,2,0,3,0,6.144000217318535,4,4,0,0,40,0,0,40,3.49
257,24,0,0,0,8.191999979317188,4,4,0,0,40,0,0,40,5.28
257,24,0,1,0,82.94399827718735,4,4,0,0,40,0,0,40,5.28
257,24,0,2,0,8.191999979317188,4,4,0,0,40,0,0,40,5.28
257,24,0,3,0,3.0720001086592674,4,4,0,0,40,0,0,40,5.28
257,40,0,0,1,8.191999979317188,4,4,0,0,40,0,0,40,5.38
257,40,0,1,1,98.30400347709656,4,4,0,0,40,0,0,40,5.38
257,40,0,2,1,8.191999979317188,4,4,0,0,40,0,0,40,5.38
257,40,0,3,1,4.095999989658594,4,4,0,0,40,0,0,40,5.38
258,2,0,0,0,9.216000325977802,4,4,0,0,40,0,0,40,4.78
258,2,0,1,0,83.96799862384796,4,4,0,0,40,0,0,40,4.78
258,2,0,2,0,9.216000325977802,4,4,0,0,40,0,0,40,4.78
258,2,0,3,0,6.144000217318535,4,4,0,0,40,0,0,40,4.78
258,24,0,0,0,8.191999979317188,4,4,0,2,38,0,0,40,107.089
258,24,0,1,0,86.01599931716919,4,4,0,2,38,0,0,40,107.089
258,24,0,2,0,9.216000325977802,4,4,0,2,38,0,0,40,107.089
258,24,0,3,0,4.095999989658594,4,4,0,2,38,0,0,40,107.089
258,40,0,0,1,9.216000325977802,4,4,0,1,39,0,0,40,77.599
258,40,0,1,1,90.11200070381165,4,4,0,1,39,0,0,40,77.599
258,40,0,2,1,8.191999979317188,4,4,0,1,39,0,0,40,77.599
258,40,0,3,1,4.095999989658594,4,4,0,1,39,0,0,40,77.599
259,2,0,0,0,8.191999979317188,4,4,0,1,39,0,0,40,154.509
259,2,0,1,0,84.99199897050858,4,4,0,1,39,0,0,40,154.509
259,2,0,2,0,9.216000325977802,4,4,0,1,39,0,0,40,154.509
259,2,0,3,0,50.175998359918594,4,4,0,1,39,0,0,40,154.509
259,24,0,0,0,8.191999979317188,4,4,0,0,40,0,0,40,4.88
259,24,0,1,0,86.01599931716919,4,4,0,0,40,0,0,40,4.88
259,24,0,2,0,9.216000325977802,4,4,0,0,40,0,0,40,4.88
259,24,0,3,0,4.095999989658594,4,4,0,0,40,0,0,40,4.88
259,40,0,0,1,8.191999979317188,4,4,0,1,39,0,0,40,76.689
259,40,0,1,1,95.23200243711472,4,4,0,1,39,0,0,40,76.689
259,40,0,2,1,9.216000325977802,4,4,0,1,39,0,0,40,76.689
259,40,0,3,1,5.119999870657921,4,4,0,1,39,0,0,40,76.689
260,2,0,0,0,9.216000325977802,4,4,0,0,40,0,0,40,2.63
260,2,0,1,0,87.0399996638298,4,4,0,0,40,0,0,40,2.63
260,2,0,2,0,9.216000325977802,4,4,0,0,40,0,0,40,2.63
260,2,0,3,0,7.168000098317862,4,4,0,0,40,0,0,40,2.63
260,24,0,0,0,8.191999979317188,4,4,0,0,40,0,0,40,4.77
260,24,0,1,0,87.0399996638298,4,4,0,0,40,0,0,40,4.77
260,24,0,2,0,9.216000325977802,4,4,0,0,40,0,0,40,4.77
260,24,0,3,0,4.095999989658594,4,4,0,0,40,0,0,40,4.77
260,40,0,0,1,8.191999979317188,4,4,0,2,38,0,0,40,127.08
260,40,0,1,1,94.2080020904541,4,4,0,2,38,0,0,40,127.08
260,40,0,2,1,10.239999741315842,4,4,0,2,38,0,0,40,127.08
260,40,0,3,1,9.216000325977802,4,4,0,2,38,0,0,40,127.08
261,2,0,0,0,9.216000325977802,4,4,0,2,38,0,0,40,122.049
261,2,0,1,0,83.96799862384796,4,4,0,2,38,0,0,40,122.049
261,2,0,2,0,9.216000325977802,4,4,0,2,38,0,0,40,122.049
261,2,0,3,0,17.40800030529499,4,4,0,2,38,0,0,40,122.049
261,24,0,0,0,8.191999979317188,4,4,0,0,40,0,0,40,4.27
261,24,0,1,0,59.39200147986412,4,4,0,0,40,0,0,40,4.27
261,24,0,2,0,9.216000325977802,4,4,0,0,40,0,0,40,4.27
261,24,0,3,0,4.095999989658594,4,4,0,0,40,0,0,40,4.27
261,40,0,0,1,8.191999979317188,4,4,0,0,40,0,0,40,2.47
261,40,0,1,1,65.5359998345375,4,4,0,0,40,0,0,40,2.47
261,40,0,2,1,9.216000325977802,4,4,0,0,40,0,0,40,2.47
261,40,0,3,1,4.095999989658594,4,4,0,0,40,0,0,40,2.47
262,2,0,0,0,9.216000325977802,4,4,0,1,39,0,0,40,67.66
262,2,0,1,0,70.65600156784058,4,4,0,1,39,0,0,40,67.66
262,2,0,2,0,9.216000325977802,4,4,0,1,39,0,0,40,67.66
262,2,0,3,0,8.191999979317188,4,4,0,1,39,0,0,40,67.66
262,24,0,0,0,8.191999979317188,4,4,0,0,40,0,0,40,2.3
262,24,0,1,0,61.43999844789505,4,4,0,0,40,0,0,40,2.3
262,24,0,2,0,9.216000325977802,4,4,0,0,40,0,0,40,2.3
262,24,0,3,0,4.095999989658594,4,4,0,0,40,0,0,40,2.3
262,40,0,0,1,14.336000196635723,4,4,0,0,40,0,0,40,2.3
262,40,0,1,1,54.27199974656105,4,4,0,0,40,0,0,40,2.3
262,40,0,2,1,9.216000325977802,4,4,0,0,40,0,0,40,2.3
262,40,0,3,1,3.0720001086592674,4,4,0,0,40,0,0,40,2.3
263,2,0,0,0,8.191999979317188,4,4,0,2,38,0,0,40,129.559
263,2,0,1,0,79.8719972372055,4,4,0,2,38,0,0,40,129.559
263,2,0,2,0,8.191999979317188,4,4,0,2,38,0,0,40,129.559
263,2,0,3,0,31.74399957060814,4,4,0,2,38,0,0,40,129.559
263,24,0,0,0,8.191999979317188,4,4,0,0,40,0,0,40,2.64
263,24,0,1,0,70.65600156784058,4,4,0,0,40,0,0,40,2.64
263,24,0,2,0,9.216000325977802,4,4,0,0,40,0,0,40,2.64
263,24,0,3,0,4.095999989658594,4,4,0,0,40,0,0,40,2.64
263,40,0,0,1,9.216000325977802,4,4,0,1,39,0,0,40,73.06
263,40,0,1,1,74.75200295448303,4,4,0,1,39,0,0,40,73.06
263,40,0,2,1,8.191999979317188,4,4,0,1,39,0,0,40,73.06
263,40,0,3,1,4.095999989658594,4,4,0,1,39,0,0,40,73.06
264,2,0,0,0,13.311999849975109,4,4,0,0,40,0,0,40,4.63
264,2,0,1,0,78.84799689054489,4,4,0,0,40,0,0,40,4.63
264,2,0,2,0,9.216000325977802,4,4,0,0,40,0,0,40,4.63
264,2,0,3,0,6.144000217318535,4,4,0,0,40,0,0,40,4.63
264,24,0,0,0,9.216000325977802,4,4,0,0,40,0,0,40,2.5
264,24,0,1,0,69.63200122117996,4,4,0,0,40,0,0,40,2.5
264,24,0,2,0,8.191999979317188,4,4,0,0,40,0,0,40,2.5
264,24,0,3,0,4.095999989658594,4,4,0,0,40,0,0,40,2.5
264,40,0,0,1,9.216000325977802,4,4,0,1,39,0,0,40,84.86
264,40,0,1,1,87.0399996638298,4,4,0,1,39,0,0,40,84.86
264,40,0,2,1,9.216000325977802,4,4,0,1,39,0,0,40,84.86
264,40,0,3,1,4.095999989658594,4,4,0,1,39,0,0,40,84.86
265,2,0,0,0,14.336000196635723,4,4,0,0,40,0,0,40,2.75
265,2,0,1,0,75.77600330114365,4,4,0,0,40,0,0,40,2.75
265,2,0,2,0,9.216000325977802,4,4,0,0,40,0,0,40,2.75
265,2,0,3,0,5.119999870657921,4,4,0,0,40,0,0,40,2.75
265,24,0,0,0,8.191999979317188,4,4,0,0,40,0,0,40,4.32
265,24,0,1,0,80.89599758386612,4,4,0,0,40,0,0,40,4.32
265,24,0,2,0,9.216000325977802,4,4,0,0,40,0,0,40,4.32
265,24,0,3,0,5.119999870657921,4,4,0,0,40,0,0,40,4.32
265,40,0,0,1,14.336000196635723,4,4,0,0,40,0,0,40,3.43
265,40,0,1,1,77.82399654388428,4,4,0,0,40,0,0,40,3.43
265,40,0,2,1,9.216000325977802,4,4,0,0,40,0,0,40,3.43
265,40,0,3,1,4.095999989658594,4,4,0,0,40,0,0,40,3.43
266,2,0,0,0,14.336000196635723,4,4,0,0,40,0,0,40,6.069
266,2,0,1,0,83.96799862384796,4,4,0,0,40,0,0,40,6.069
266,2,0,2,0,9.216000325977802,4,4,0,0,40,0,0,40,6.069
266,2,0,3,0,5.119999870657921,4,4,0,0,40,0,0,40,6.069
266,24,0,0,0,8.191999979317188,4,4,0,0,40,0,0,40,3.69
266,24,0,1,0,68.60800087451935,4,4,0,0,40,0,0,40,3.69
266,24,0,2,0,9.216000325977802,4,4,0,0,40,0,0,40,3.69
266,24,0,3,0,4.095999989658594,4,4,0,0,40,0,0,40,3.69
266,40,0,0,1,14.336000196635723,4,4,0,0,40,0,0,40,4.17
266,40,0,1,1,78.84799689054489,4,4,0,0,40,0,0,40,4.17
266,40,0,2,1,8.191999979317188,4,4,0,0,40,0,0,40,4.17
266,40,0,3,1,4.095999989658594,4,4,0,0,40,0,0,40,4.17
267,2,0,0,0,8.191999979317188,4,4,0,1,39,0,0,40,111.73
267,2,0,1,0,81.91999793052673,4,4,0,1,39,0,0,40,111.73
267,2,0,2,0,9.216000325977802,4,4,0,1,39,0,0,40,111.73
267,2,0,3,0,8.191999979317188,4,4,0,1,39,0,0,40,111.73
267,24,0,0,0,8.191999979317188,4,4,0,1,39,0,0,40,57.02
267,24,0,1,0,67.58400052785873,4,4,0,1,39,0,0,40,57.02
267,24,0,2,0,9.216000325977802,4,4,0,1,39,0,0,40,57.02
267,24,0,3,0,4.095999989658594,4,4,0,1,39,0,0,40,57.02
267,40,0,0,1,9.216000325977802,4,4,0,0,40,0,0,40,2.44
267,40,0,1,1,69.63200122117996,4,4,0,0,40,0,0,40,2.44
267,40,0,2,1,9.216000325977802,4,4,0,0,40,0,0,40,2.44
267,40,0,3,1,4.095999989658594,4,4,0,0,40,0,0,40,2.44
268,2,0,0,0,9.216000325977802,4,4,0,0,40,0,0,40,2.971
268,2,0,1,0,82.94399827718735,4,4,0,0,40,0,0,40,2.971
268,2,0,2,0,9.216000325977802,4,4,0,0,40,0,0,40,2.971
268,2,0,3,0,5.119999870657921,4,4,0,0,40,0,0,40,2.971
268,24,0,0,0,9.216000325977802,4,4,0,0,40,0,0,40,2.75
268,24,0,1,0,83.96799862384796,4,4,0,0,40,0,0,40,2.75
268,24,0,2,0,9.216000325977802,4,4,0,0,40,0,0,40,2.75
268,24,0,3,0,4.095999989658594,4,4,0,0,40,0,0,40,2.75
268,40,0,0,1,8.191999979317188,4,4,0,0,40,0,0,40,5.211
268,40,0,1,1,98.30400347709656,4,4,0,0,40,0,0,40,5.211
268,40,0,2,1,9.216000325977802,4,4,0,0,40,0,0,40,5.211
268,40,0,3,1,4.095999989658594,4,4,0,0,40,0,0,40,5.211
269,2,0,0,0,16.383999958634377,4,4,0,0,40,0,0,40,3.7
269,2,0,1,0,86.01599931716919,4,4,0,0,40,0,0,40,3.7
269,2,0,2,0,9.216000325977802,4,4,0,0,40,0,0,40,3.7
269,2,0,3,0,7.168000098317862,4,4,0,0,40,0,0,40,3.7
269,24,0,0,0,8.191999979317188,4,4,0,0,40,0,0,40,3.189
269,24,0,1,0,88.06400001049042,4,4,0,0,40,0,0,40,3.189
269,24,0,2,0,9.216000325977802,4,4,0,0,40,0,0,40,3.189
269,24,0,3,0,4.095999989658594,4,4,0,0,40,0,0,40,3.189
269,40,0,0,1,8.191999979317188,4,4,0,1,39,0,0,40,72.63
269,40,0,1,1,91.13600105047226,4,4,0,1,39,0,0,40,72.63
269,40,0,2,1,8.191999979317188,4,4,0,1,39,0,0,40,72.63
269,40,0,3,1,4.095999989658594,4,4,0,1,39,0,0,40,72.63
270,2,0,0,0,9.216000325977802,4,4,0,0,40,0,0,40,2.94
270,2,0,1,0,75.77600330114365,4,4,0,0,40,0,0,40,2.94
270,2,0,2,0,9.216000325977802,4,4,0,0,40,0,0,40,2.94
270,2,0,3,0,8.191999979317188,4,4,0,0,40,0,0,40,2.94
270,24,0,0,0,15.359999611973763,4,4,0,1,39,0,0,40,64.94
270,24,0,1,0,69.63200122117996,4,4,0,1,39,0,0,40,64.94
270,24,0,2,0,9.216000325977802,4,4,0,1,39,0,0,40,64.94
270,24,0,3,0,3.0720001086592674,4,4,0,1,39,0,0,40,64.94
270,40,0,0,1,8.191999979317188,4,4,0,3,37,0,0,40,160.21
270,40,0,1,1,90.11200070381165,4,4,0,3,37,0,0,40,160.21
270,40,0,2,1,9.216000325977802,4,4,0,3,37,0,0,40,160.21
270,40,0,3,1,50.175998359918594,4,4,0,3,37,0,0,40,160.21
271,2,0,0,0,14.336000196635723,4,4,0,0,40,0,0,40,2.97
271,2,0,1,0,79.8719972372055,4,4,0,0,40,0,0,40,2.97
271,2,0,2,0,9.216000325977802,4,4,0,0,40,0,0,40,2.97
271,2,0,3,0,5.119999870657921,4,4,0,0,40,0,0,40,2.97
271,24,0,0,0,7.168000098317862,4,4,0,0,40,0,0,40,3.709
271,24,0,1,0,83.96799862384796,4,4,0,0,40,0,0,40,3.709
271,24,0,2,0,9.216000325977802,4,4,0,0,40,0,0,40,3.709
271,24,0,3,0,3.0720001086592674,4,4,0,0,40,0,0,40,3.709
271,40,0,0,1,8.191999979317188,4,4,0,0,40,0,0,40,4.76
271,40,0,1,1,96.25600278377533,4,4,0,0,40,0,0,40,4.76
271,40,0,2,1,9.216000325977802,4,4,0,0,40,0,0,40,4.76
271,40,0,3,1,4.095999989658594,4,4,0,0,40,0,0,40,4.76
272,2,0,0,0,14.336000196635723,4,4,0,0,40,0,0,40,4.449
272,2,0,1,0,93.18400174379349,4,4,0,0,40,0,0,40,4.449
272,2,0,2,0,9.216000325977802,4,4,0,0,40,0,0,40,4.449
272,2,0,3,0,5.119999870657921,4,4,0,0,40,0,0,40,4.449
272,24,0,0,0,13.311999849975109,4,4,0,1,39,0,0,40,67.09
272,24,0,1,0,68.60800087451935,4,4,0,1,39,0,0,40,67.09
272,24,0,2,0,9.216000325977802,4,4,0,1,39,0,0,40,67.09
272,24,0,3,0,4.095999989658594,4,4,0,1,39,0,0,40,67.09
272,40,0,0,1,14.336000196635723,4,4,0,4,36,0,0,40,180.028
272,40,0,1,1,61.43999844789505,4,4,0,4,36,0,0,40,180.028
272,40,0,2,1,9.216000325977802,4,4,0,4,36,0,0,40,180.028
272,40,0,3,1,89.08800035715103,4,4,0,4,36,0,0,40,180.028
273,2,0,0,0,8.191999979317188,4,4,0,1,39,0,0,40,73.71
273,2,0,1,0,78.84799689054489,4,4,0,1,39,0,0,40,73.71
273,2,0,2,0,8.191999979317188,4,4,0,1,39,0,0,40,73.71
273,2,0,3,0,6.144000217318535,4,4,0,1,39,0,0,40,73.71
273,24,0,0,0,9.216000325977802,4,4,0,0,40,0,0,40,4.75
273,24,0,1,0,64.51199948787689,4,4,0,0,40,0,0,40,4.75
273,24,0,2,0,9.216000325977802,4,4,0,0,40,0,0,40,4.75
273,24,0,3,0,4.095999989658594,4,4,0,0,40,0,0,40,4.75
273,40,0,0,1,8.191999979317188,4,4,0,0,40,0,0,40,2.76
273,40,0,1,1,60.416001826524734,4,4,0,0,40,0,0,40,2.76
273,40,0,2,1,9.216000325977802,4,4,0,0,40,0,0,40,2.76
273,40,0,3,1,4.095999989658594,4,4,0,0,40,0,0,40,2.76
274,2,0,0,0,15.359999611973763,4,4,0,3,37,0,0,40,151.429
274,2,0,1,0,81.91999793052673,4,4,0,3,37,0,0,40,151.429
274,2,0,2,0,9.216000325977802,4,4,0,3,37,0,0,40,151.429
274,2,0,3,0,40.95999896526337,4,4,0,3,37,0,0,40,151.429
274,24,0,0,0,7.168000098317862,4,4,0,0,40,0,0,40,5.831
274,24,0,1,0,76.80000364780426,4,4,0,0,40,0,0,40,5.831
274,24,0,2,0,9.216000325977802,4,4,0,0,40,0,0,40,5.831
274,24,0,3,0,4.095999989658594,4,4,0,0,40,0,0,40,5.831
274,40,0,0,1,8.191999979317188,4,4,0,0,40,0,0,40,3.11
274,40,0,1,1,69.63200122117996,4,4,0,0,40,0,0,40,3.11
274,40,0,2,1,9.216000325977802,4,4,0,0,40,0,0,40,3.11
274,40,0,3,1,4.095999989658594,4,4,0,0,40,0,0,40,3.11
275,2,0,0,0,14.336000196635723,4,4,0,0,40,0,0,40,3.39
275,2,0,1,0,71.68000191450119,4,4,0,0,40,0,0,40,3.39
275,2,0,2,0,9.216000325977802,4,4,0,0,40,0,0,40,3.39
275,2,0,3,0,5.119999870657921,4,4,0,0,40,0,0,40,3.39
275,24,0,0,0,8.191999979317188,4,4,0,3,37,0,0,40,109.11
275,24,0,1,0,58.36800113320351,4,4,0,3,37,0,0,40,109.11
275,24,0,2,0,9.216000325977802,4,4,0,3,37,0,0,40,109.11
275,24,0,3,0,28.672000393271446,4,4,0,3,37,0,0,40,109.11
275,40,0,0,1,15.359999611973763,4,4,0,0,40,0,0,40,2.95
275,40,0,1,1,77.82399654388428,4,4,0,0,40,0,0,40,2.95
275,40,0,2,1,8.191999979317188,4,4,0,0,40,0,0,40,2.95
275,40,0,3,1,4.095999989658594,4,4,0,0,40,0,0,40,2.95
276,2,0,0,0,14.336000196635723,4,4,0,0,40,0,0,40,2.88
276,2,0,1,0,77.82399654388428,4,4,0,0,40,0,0,40,2.88
276,2,0,2,0,9.216000325977802,4,4,0,0,40,0,0,40,2.88
276,2,0,3,0,5.119999870657921,4,4,0,0,40,0,0,40,2.88
276,24,0,0,0,7.168000098317862,4,4,0,2,38,0,0,40,104.879
276,24,0,1,0,75.77600330114365,4,4,0,2,38,0,0,40,104.879
276,24,0,2,0,9.216000325977802,4,4,0,2,38,0,0,40,104.879
276,24,0,3,0,7.168000098317862,4,4,0,2,38,0,0,40,104.879
276,40,0,0,1,14.336000196635723,4,4,0,1,39,0,0,40,82.74
276,40,0,1,1,91.13600105047226,4,4,0,1,39,0,0,40,82.74
276,40,0,2,1,9.216000325977802,4,4,0,1,39,0,0,40,82.74
276,40,0,3,1,4.095999989658594,4,4,0,1,39,0,0,40,82.74
277,2,0,0,0,8.191999979317188,4,4,0,1,39,0,0,40,59.94
277,2,0,1,0,76.80000364780426,4,4,0,1,39,0,0,40,59.94
277,2,0,2,0,8.191999979317188,4,4,0,1,39,0,0,40,59.94
277,2,0,3,0,6.144000217318535,4,4,0,1,39,0,0,40,59.94
277,24,0,0,0,8.191999979317188,4,4,0,1,39,0,0,40,66.79
277,24,0,1,0,74.75200295448303,4,4,0,1,39,0,0,40,66.79
277,24,0,2,0,9.216000325977802,4,4,0,1,39,0,0,40,66.79
277,24,0,3,0,4.095999989658594,4,4,0,1,39,0,0,40,66.79
277,40,0,0,1,8.191999979317188,4,4,0,2,38,0,0,40,144.929
277,40,0,1,1,64.51199948787689,4,4,0,2,38,0,0,40,144.929
277,40,0,2,1,9.216000325977802,4,4,0,2,38,0,0,40,144.929
277,40,0,3,1,58.36800113320351,4,4,0,2,38,0,0,40,144.929
278,2,0,0,0,15.359999611973763,4,4,0,3,37,0,0,40,110.25
278,2,0,1,0,50.175998359918594,4,4,0,3,37,0,0,40,110.25
278,2,0,2,0,9.216000325977802,4,4,0,3,37,0,0,40,110.25
278,2,0,3,0,32.76799991726875,4,4,0,3,37,0,0,40,110.25
278,24,0,0,0,8.191999979317188,4,4,0,0,40,0,0,40,2.68
278,24,0,1,0,62.463998794555664,4,4,0,0,40,0,0,40,2.68
278,24,0,2,0,9.216000325977802,4,4,0,0,40,0,0,40,2.68
278,24,0,3,0,4.095999989658594,4,4,0,0,40,0,0,40,2.68
278,40,0,0,1,15.359999611973763,4,4,0,0,40,0,0,40,2.18
278,40,0,1,1,58.36800113320351,4,4,0,0,40,0,0,40,2.18
278,40,0,2,1,9.216000325977802,4,4,0,0,40,0,0,40,2.18
278,40,0,3,1,4.095999989658594,4,4,0,0,40,0,0,40,2.18
279,2,0,0,0,15.359999611973763,4,4,0,2,38,0,0,40,104.829
279,2,0,1,0,82.94399827718735,4,4,0,2,38,0,0,40,104.829
279,2,0,2,0,9.216000325977802,4,4,0,2,38,0,0,40,104.829
279,2,0,3,0,5.119999870657921,4,4,0,2,38,0,0,40,104.829
279,24,0,0,0,15.359999611973763,4,4,0,1,39,0,0,40,72.89
279,24,0,1,0,79.8719972372055,4,4,0,1,39,0,0,40,72.89
279,24,0,2,0,9.216000325977802,4,4,0,1,39,0,0,40,72.89
279,24,0,3,0,4.095999989658594,4,4,0,1,39,0,0,40,72.89
279,40,0,0,1,7.168000098317862,4,4,0,2,38,0,0,40,117.689
279,40,0,1,1,87.0399996638298,4,4,0,2,38,0,0,40,117.689
279,40,0,2,1,9.216000325977802,4,4,0,2,38,0,0,40,117.689
279,40,0,3,1,8.191999979317188,4,4,0,2,38,0,0,40,117.689
280,2,0,0,0,70.65600156784058,4,4,0,1,39,0,0,40,67.4
280,2,0,1,0,82.94399827718735,4,4,0,1,39,0,0,40,67.4
280,2,0,2,0,9.216000325977802,4,4,0,1,39,0,0,40,67.4
280,2,0,3,0,5.119999870657921,4,4,0,1,39,0,0,40,67.4
280,24,0,0,0,8.191999979317188,4,4,0,0,40,0,0,40,2.771
280,24,0,1,0,70.65600156784058,4,4,0,0,40,0,0,40,2.771
280,24,0,2,0,9.216000325977802,4,4,0,0,40,0,0,40,2.771
280,24,0,3,0,4.095999989658594,4,4,0,0,40,0,0,40,2.771
280,40,0,0,1,14.336000196635723,4,4,0,0,40,0,0,40,3.06
280,40,0,1,1,78.84799689054489,4,4,0,0,40,0,0,40,3.06
280,40,0,2,1,9.216000325977802,4,4,0,0,40,0,0,40,3.06
280,40,0,3,1,3.0720001086592674,4,4,0,0,40,0,0,40,3.06
281,2,0,0,0,9.216000325977802,4,4,0,2,38,0,0,40,108.689
281,2,0,1,0,82.94399827718735,4,4,0,2,38,0,0,40,108.689
281,2,0,2,0,9.216000325977802,4,4,0,2,38,0,0,40,108.689
281,2,0,3,0,5.119999870657921,4,4,0,2,38,0,0,40,108.689
281,24,0,0,0,8.191999979317188,4,4,0,1,39,0,0,40,71.7
281,24,0,1,0,79.8719972372055,4,4,0,1,39,0,0,40,71.7
281,24,0,2,0,9.216000325977802,4,4,0,1,39,0,0,40,71.7
281,24,0,3,0,4.095999989658594,4,4,0,1,39,0,0,40,71.7
281,40,0,0,1,14.336000196635723,4,4,0,0,40,0,0,40,4.351
281,40,0,1,1,61.43999844789505,4,4,0,0,40,0,0,40,4.351
281,40,0,2,1,8.191999979317188,4,4,0,0,40,0,0,40,4.351
281,40,0,3,1,4.095999989658594,4,4,0,0,40,0,0,40,4.351
282,2,0,0,0,15.359999611973763,4,4,0,1,39,0,0,40,71.15
282,2,0,1,0,82.94399827718735,4,4,0,1,39,0,0,40,71.15
282,2,0,2,0,9.216000325977802,4,4,0,1,39,0,0,40,71.15
282,2,0,3,0,7.168000098317862,4,4,0,1,39,0,0,40,71.15
282,24,0,0,0,8.191999979317188,4,4,0,2,38,0,0,40,113.52
282,24,0,1,0,81.91999793052673,4,4,0,2,38,0,0,40,113.52
282,24,0,2,0,9.216000325977802,4,4,0,2,38,0,0,40,113.52
282,24,0,3,0,9.216000325977802,4,4,0,2,38,0,0,40,113.52
282,40,0,0,1,15.359999611973763,4,4,0,0,40,0,0,40,2.28
282,40,0,1,1,74.75200295448303,4,4,0,0,40,0,0,40,2.28
282,40,0,2,1,8.191999979317188,4,4,0,0,40,0,0,40,2.28
282,40,0,3,1,4.095999989658594,4,4,0,0,40,0,0,40,2.28
283,2,0,0,0,8.191999979317188,4,4,0,1,39,0,0,40,72.511
283,2,0,1,0,68.60800087451935,4,4,0,1,39,0,0,40,72.511
283,2,0,2,0,8.191999979317188,4,4,0,1,39,0,0,40,72.511
283,2,0,3,0,6.144000217318535,4,4,0,1,39,0,0,40,72.511
283,24,0,0,0,9.216000325977802,4,4,0,0,40,0,0,40,4.011
283,24,0,1,0,79.8719972372055,4,4,0,0,40,0,0,40,4.011
283,24,0,2,0,11.264000087976456,4,4,0,0,40,0,0,40,4.011
283,24,0,3,0,4.095999989658594,4,4,0,0,40,0,0,40,4.011
283,40,0,0,1,15.359999611973763,4,4,0,1,39,0,0,40,85.1
283,40,0,1,1,91.13600105047226,4,4,0,1,39,0,0,40,85.1
283,40,0,2,1,9.216000325977802,4,4,0,1,39,0,0,40,85.1
283,40,0,3,1,4.095999989658594,4,4,0,1,39,0,0,40,85.1
284,2,0,0,0,10.239999741315842,4,4,0,3,36,1,0,40,172.729
284,2,0,1,0,80.89599758386612,4,4,0,3,36,1,0,40,172.729
284,2,0,2,0,169.98399794101715,4,4,0,3,36,1,0,40,172.729
284,2,0,3,0,5.119999870657921,4,4,0,3,36,1,0,40,172.729
284,24,0,0,0,8.191999979317188,4,4,0,2,38,0,0,40,145.549
284,24,0,1,0,89.08800035715103,4,4,0,2,38,0,0,40,145.549
284,24,0,2,0,9.216000325977802,4,4,0,2,38,0,0,40,145.549
284,24,0,3,0,36.86400130391121,4,4,0,2,38,0,0,40,145.549
284,40,0,0,1,15.359999611973763,4,4,0,0,40,0,0,40,3.09
284,40,0,1,1,95.23200243711472,4,4,0,0,40,0,0,40,3.09
284,40,0,2,1,8.191999979317188,4,4,0,0,40,0,0,40,3.09
284,40,0,3,1,4.095999989658594,4,4,0,0,40,0,0,40,3.09
285,2,0,0,0,14.336000196635723,4,4,0,0,40,0,0,40,3.94
285,2,0,1,0,81.91999793052673,4,4,0,0,40,0,0,40,3.94
285,2,0,2,0,8.191999979317188,4,4,0,0,40,0,0,40,3.94
285,2,0,3,0,5.119999870657921,4,4,0,0,40,0,0,40,3.94
285,24,0,0,0,8.191999979317188,4,4,0,0,40,0,0,40,2.96
285,24,0,1,0,59.39200147986412,4,4,0,0,40,0,0,40,2.96
285,24,0,2,0,8.191999979317188,4,4,0,0,40,0,0,40,2.96
285,24,0,3,0,4.095999989658594,4,4,0,0,40,0,0,40,2.96
285,40,0,0,1,9.216000325977802,4,4,0,2,38,0,0,40,151.679
285,40,0,1,1,71.68000191450119,4,4,0,2,38,0,0,40,151.679
285,40,0,2,1,9.216000325977802,4,4,0,2,38,0,0,40,151.679
285,40,0,3,1,56.32000043988228,4,4,0,2,38,0,0,40,151.679
286,2,0,0,0,14.336000196635723,4,4,0,0,40,0,0,40,3.849
286,2,0,1,0,90.11200070381165,4,4,0,0,40,0,0,40,3.849
286,2,0,2,0,9.216000325977802,4,4,0,0,40,0,0,40,3.849
286,2,0,3,0,5.119999870657921,4,4,0,0,40,0,0,40,3.849
286,24,0,0,0,14.336000196635723,4,4,0,1,39,0,0,40,61.94
286,24,0,1,0,78.84799689054489,4,4,0,1,39,0,0,40,61.94
286,24,0,2,0,9.216000325977802,4,4,0,1,39,0,0,40,61.94
286,24,0,3,0,4.095999989658594,4,4,0,1,39,0,0,40,61.94
286,40,0,0,1,8.191999979317188,4,4,0,2,38,0,0,40,159.559
286,40,0,1,1,78.84799689054489,4,4,0,2,38,0,0,40,159.559
286,40,0,2,1,9.216000325977802,4,4,0,2,38,0,0,40,159.559
286,40,0,3,1,58.36800113320351,4,4,0,2,38,0,0,40,159.559
287,2,0,0,0,15.359999611973763,4,4,0,4,35,1,0,40,201.169
287,2,0,1,0,70.65600156784058,4,4,0,4,35,1,0,40,201.169
287,2,0,2,0,163.83999586105347,4,4,0,4,35,1,0,40,201.169
287,2,0,3,0,5.119999870657921,4,4,0,4,35,1,0,40,201.169
287,24,0,0,0,9.216000325977802,4,4,0,0,40,0,0,40,6.16
287,24,0,1,0,86.01599931716919,4,4,0,0,40,0,0,40,6.16
287,24,0,2,0,9.216000325977802,4,4,0,0,40,0,0,40,6.16
287,24,0,3,0,4.095999989658594,4,4,0,0,40,0,0,40,6.16
287,40,0,0,1,8.191999979317188,4,4,0,2,38,0,0,40,161.129
287,40,0,1,1,86.01599931716919,4,4,0,2,38,0,0,40,161.129
287,40,0,2,1,9.216000325977802,4,4,0,2,38,0,0,40,161.129
287,40,0,3,1,54.27199974656105,4,4,0,2,38,0,0,40,161.129
288,2,0,0,0,8.191999979317188,4,4,0,1,39,0,0,40,73.82
288,2,0,1,0,91.13600105047226,4,4,0,1,39,0,0,40,73.82
288,2,0,2,0,9.216000325977802,4,4,0,1,39,0,0,40,73.82
288,2,0,3,0,5.119999870657921,4,4,0,1,39,0,0,40,73.82
288,24,0,0,0,8.191999979317188,4,4,0,0,40,0,0,40,5.24
288,24,0,1,0,84.99199897050858,4,4,0,0,40,0,0,40,5.24
288,24,0,2,0,9.216000325977802,4,4,0,0,40,0,0,40,5.24
288,24,0,3,0,4.095999989658594,4,4,0,0,40,0,0,40,5.24
288,40,0,0,1,14.336000196635723,4,4,0,0,40,0,0,40,2.75
288,40,0,1,1,70.65600156784058,4,4,0,0,40,0,0,40,2.75
288,40,0,2,1,9.216000325977802,4,4,0,0,40,0,0,40,2.75
288,40,0,3,1,4.095999989658594,4,4,0,0,40,0,0,40,2.75
289,2,0,0,0,8.191999979317188,4,4,0,0,40,0,0,40,5.2
289,2,0,1,0,75.77600330114365,4,4,0,0,40,0,0,40,5.2
289,2,0,2,0,9.216000325977802,4,4,0,0,40,0,0,40,5.2
289,2,0,3,0,6.144000217318535,4,4,0,0,40,0,0,40,5.2
289,24,0,0,0,8.191999979317188,4,4,0,0,40,0,0,40,2.38
289,24,0,1,0,53.247999399900436,4,4,0,0,40,0,0,40,2.38
289,24,0,2,0,9.216000325977802,4,4,0,0,40,0,0,40,2.38
289,24,0,3,0,4.095999989658594,4,4,0,0,40,0,0,40,2.38
289,40,0,0,1,15.359999611973763,4,4,0,2,38,0,0,40,185.55
289,40,0,1,1,58.36800113320351,4,4,0,2,38,0,0,40,185.55
289,40,0,2,1,8.191999979317188,4,4,0,2,38,0,0,40,185.55
289,40,0,3,1,100.35199671983719,4,4,0,2,38,0,0,40,185.55
290,2,0,0,0,15.359999611973763,4,4,0,0,40,0,0,40,5.11
290,2,0,1,0,83.96799862384796,4,4,0,0,40,0,0,40,5.11
290,2,0,2,0,9.216000325977802,4,4,0,0,40,0,0,40,5.11
290,2,0,3,0,5.119999870657921,4,4,0,0,40,0,0,40,5.11
290,24,0,0,0,10.239999741315842,4,4,0,1,39,0,0,40,72.99
290,24,0,1,0,89.08800035715103,4,4,0,1,39,0,0,40,72.99
290,24,0,2,0,8.191999979317188,4,4,0,1,39,0,0,40,72.99
290,24,0,3,0,4.095999989658594,4,4,0,1,39,0,0,40,72.99
290,40,0,0,1,14.336000196635723,4,4,0,0,40,0,0,40,5.22
290,40,0,1,1,89.08800035715103,4,4,0,0,40,0,0,40,5.22
290,40,0,2,1,8.191999979317188,4,4,0,0,40,0,0,40,5.22
290,40,0,3,1,4.095999989658594,4,4,0,0,40,0,0,40,5.22
291,2,0,0,0,9.216000325977802,4,4,0,2,38,0,0,40,149.6
291,2,0,1,0,66.56000018119812,4,4,0,2,38,0,0,40,149.6
291,2,0,2,0,9.216000325977802,4,4,0,2,38,0,0,40,149.6
291,2,0,3,0,63.48799914121628,4,4,0,2,38,0,0,40,149.6
291,24,0,0,0,8.191999979317188,4,4,0,0,40,0,0,40,5.029
291,24,0,1,0,89.08800035715103,4,4,0,0,40,0,0,40,5.029
291,24,0,2,0,8.191999979317188,4,4,0,0,40,0,0,40,5.029
291,24,0,3,0,4.095999989658594,4,4,0,0,40,0,0,40,5.029
291,40,0,0,1,8.191999979317188,4,4,0,3,37,0,0,40,178.968
291,40,0,1,1,81.91999793052673,4,4,0,3,37,0,0,40,178.968
291,40,0,2,1,10.239999741315842,4,4,0,3,37,0,0,40,178.968
291,40,0,3,1,76.80000364780426,4,4,0,3,37,0,0,40,178.968
292,2,0,0,0,8.191999979317188,4,4,0,1,39,0,0,40,68.29
292,2,0,1,0,84.99199897050858,4,4,0,1,39,0,0,40,68.29
292,2,0,2,0,9.216000325977802,4,4,0,1,39,0,0,40,68.29
292,2,0,3,0,6.144000217318535,4,4,0,1,39,0,0,40,68.29
292,24,0,0,0,8.191999979317188,4,4,0,0,40,0,0,40,3.069
292,24,0,1,0,90.11200070381165,4,4,0,0,40,0,0,40,3.069
292,24,0,2,0,9.216000325977802,4,4,0,0,40,0,0,40,3.069
292,24,0,3,0,4.095999989658594,4,4,0,0,40,0,0,40,3.069
292,40,0,0,1,8.191999979317188,4,4,0,3,37,0,0,40,125.199
292,40,0,1,1,81.91999793052673,4,4,0,3,37,0,0,40,125.199
292,40,0,2,1,8.191999979317188,4,4,0,3,37,0,0,40,125.199
292,40,0,3,1,22.52800017595291,4,4,0,3,37,0,0,40,125.199
293,2,0,0,0,14.336000196635723,4,4,0,0,40,0,0,40,3.19
293,2,0,1,0,76.80000364780426,4,4,0,0,40,0,0,40,3.19
293,2,0,2,0,9.216000325977802,4,4,0,0,40,0,0,40,3.19
293,2,0,3,0,5.119999870657921,4,4,0,0,40,0,0,40,3.19
293,24,0,0,0,8.191999979317188,4,4,0,2,38,0,0,40,104.11
293,24,0,1,0,70.65600156784058,4,4,0,2,38,0,0,40,104.11
293,24,0,2,0,9.216000325977802,4,4,0,2,38,0,0,40,104.11
293,24,0,3,0,11.264000087976456,4,4,0,2,38,0,0,40,104.11
293,40,0,0,1,8.191999979317188,4,4,0,0,40,0,0,40,3.06
293,40,0,1,1,97.28000313043594,4,4,0,0,40,0,0,40,3.06
293,40,0,2,1,9.216000325977802,4,4,0,0,40,0,0,40,3.06
293,40,0,3,1,4.095999989658594,4,4,0,0,40,0,0,40,3.06
294,2,0,0,0,14.336000196635723,4,4,0,0,40,0,0,40,3.5
294,2,0,1,0,77.82399654388428,4,4,0,0,40,0,0,40,3.5
294,2,0,2,0,8.191999979317188,4,4,0,0,40,0,0,40,3.5
294,2,0,3,0,6.144000217318535,4,4,0,0,40,0,0,40,3.5
294,24,0,0,0,8.191999979317188,4,4,0,0,40,0,0,40,4.69
294,24,0,1,0,70.65600156784058,4,4,0,0,40,0,0,40,4.69
294,24,0,2,0,10.239999741315842,4,4,0,0,40,0,0,40,4.69
294,24,0,3,0,4.095999989658594,4,4,0,0,40,0,0,40,4.69
294,40,0,0,1,8.191999979317188,4,4,0,1,39,0,0,40,68.531
294,40,0,1,1,93.18400174379349,4,4,0,1,39,0,0,40,68.531
294,40,0,2,1,9.216000325977802,4,4,0,1,39,0,0,40,68.531
294,40,0,3,1,4.095999989658594,4,4,0,1,39,0,0,40,68.531
295,2,0,0,0,8.191999979317188,4,4,0,2,38,0,0,40,132.189
295,2,0,1,0,73.72800260782242,4,4,0,2,38,0,0,40,132.189
295,2,0,2,0,9.216000325977802,4,4,0,2,38,0,0,40,132.189
295,2,0,3,0,39.93599861860275,4,4,0,2,38,0,0,40,132.189
295,24,0,0,0,9.216000325977802,4,4,0,0,40,0,0,40,5.449
295,24,0,1,0,86.01599931716919,4,4,0,0,40,0,0,40,5.449
295,24,0,2,0,9.216000325977802,4,4,0,0,40,0,0,40,5.449
295,24,0,3,0,4.095999989658594,4,4,0,0,40,0,0,40,5.449
295,40,0,0,1,15.359999611973763,4,4,0,0,40,0,0,40,2.77
295,40,0,1,1,99.32799637317657,4,4,0,0,40,0,0,40,2.77
295,40,0,2,1,9.216000325977802,4,4,0,0,40,0,0,40,2.77
295,40,0,3,1,4.095999989658594,4,4,0,0,40,0,0,40,2.77
296,2,0,0,0,9.216000325977802,4,4,0,3,36,1,0,40,161.569
296,2,0,1,0,78.84799689054489,4,4,0,3,36,1,0,40,161.569
296,2,0,2,0,167.93599724769592,4,4,0,3,36,1,0,40,161.569
296,2,0,3,0,6.144000217318535,4,4,0,3,36,1,0,40,161.569
296,24,0,0,0,9.216000325977802,4,4,0,0,40,0,0,40,2.53
296,24,0,1,0,84.99199897050858,4,4,0,0,40,0,0,40,2.53
296,24,0,2,0,8.191999979317188,4,4,0,0,40,0,0,40,2.53
296,24,0,3,0,4.095999989658594,4,4,0,0,40,0,0,40,2.53
296,40,0,0,1,14.336000196635723,4,4,0,0,40,0,0,40,3.18
296,40,0,1,1,95.23200243711472,4,4,0,0,40,0,0,40,3.18
296,40,0,2,1,9.216000325977802,4,4,0,0,40,0,0,40,3.18
296,40,0,3,1,4.095999989658594,4,4,0,0,40,0,0,40,3.18
297,2,0,0,0,15.359999611973763,4,4,0,0,40,0,0,40,6.0
297,2,0,1,0,87.0399996638298,4,4,0,0,40,0,0,40,6.0
297,2,0,2,0,9.216000325977802,4,4,0,0,40,0,0,40,6.0
297,2,0,3,0,6.144000217318535,4,4,0,0,40,0,0,40,6.0
297,24,0,0,0,8.191999979317188,4,4,0,0,40,0,0,40,3.29
297,24,0,1,0,79.8719972372055,4,4,0,0,40,0,0,40,3.29
297,24,0,2,0,8.191999979317188,4,4,0,0,40,0,0,40,3.29
297,24,0,3,0,4.095999989658594,4,4,0,0,40,0,0,40,3.29
297,40,0,0,1,8.191999979317188,4,4,0,1,39,0,0,40,71.319
297,40,0,1,1,87.0399996638298,4,4,0,1,39,0,0,40,71.319
297,40,0,2,1,9.216000325977802,4,4,0,1,39,0,0,40,71.319
297,40,0,3,1,4.095999989658594,4,4,0,1,39,0,0,40,71.319
298,2,0,0,0,14.336000196635723,4,4,0,1,39,0,0,40,69.399
298,2,0,1,0,78.84799689054489,4,4,0,1,39,0,0,40,69.399
298,2,0,2,0,9.216000325977802,4,4,0,1,39,0,0,40,69.399
298,2,0,3,0,7.168000098317862,4,4,0,1,39,0,0,40,69.399
298,24,0,0,0,8.191999979317188,4,4,0,0,40,0,0,40,3.009
298,24,0,1,0,78.84799689054489,4,4,0,0,40,0,0,40,3.009
298,24,0,2,0,9.216000325977802,4,4,0,0,40,0,0,40,3.009
298,24,0,3,0,4.095999989658594,4,4,0,0,40,0,0,40,3.009
298,40,0,0,1,9.216000325977802,4,4,0,1,39,0,0,40,76.92
298,40,0,1,1,66.56000018119812,4,4,0,1,39,0,0,40,76.92
298,40,0,2,1,8.191999979317188,4,4,0,1,39,0,0,40,76.92
298,40,0,3,1,4.095999989658594,4,4,0,1,39,0,0,40,76.92
299,2,0,0,0,8.191999979317188,4,4,0,1,39,0,0,40,66.05
299,2,0,1,0,84.99199897050858,4,4,0,1,39,0,0,40,66.05
299,2,0,2,0,9.216000325977802,4,4,0,1,39,0,0,40,66.05
299,2,0,3,0,5.119999870657921,4,4,0,1,39,0,0,40,66.05
299,24,0,0,0,11.264000087976456,4,4,0,0,40,0,0,40,8.92
299,24,0,1,0,77.82399654388428,4,4,0,0,40,0,0,40,8.92
299,24,0,2,0,9.216000325977802,4,4,0,0,40,0,0,40,8.92
299,24,0,3,0,4.095999989658594,4,4,0,0,40,0,0,40,8.92
299,40,0,0,1,14.336000196635723,4,4,0,0,40,0,0,40,7.109
299,40,0,1,1,69.63200122117996,4,4,0,0,40,0,0,40,7.109
299,40,0,2,1,9.216000325977802,4,4,0,0,40,0,0,40,7.109
299,40,0,3,1,4.095999989658594,4,4,0,0,40,0,0,40,7.109
300,2,0,0,0,38.91199827194214,4,4,0,0,40,0,0,40,37.31
300,2,0,1,0,72.7040022611618,4,4,0,0,40,0,0,40,37.31
300,2,0,2,0,9.216000325977802,4,4,0,0,40,0,0,40,37.31
300,2,0,3,0,4.095999989658594,4,4,0,0,40,0,0,40,37.31
300,24,0,0,0,8.191999979317188,4,4,0,0,40,0,0,40,4.97
300,24,0,1,0,81.91999793052673,4,4,0,0,40,0,0,40,4.97
300,24,0,2,0,10.239999741315842,4,4,0,0,40,0,0,40,4.97
300,24,0,3,0,4.095999989658594,4,4,0,0,40,0,0,40,4.97
300,40,0,0,1,13.311999849975109,4,4,0,0,40,0,0,40,2.48
300,40,0,1,1,86.01599931716919,4,4,0,0,40,0,0,40,2.48
300,40,0,2,1,9.216000325977802,4,4,0,0,40,0,0,40,2.48
300,40,0,3,1,4.095999989658594,4,4,0,0,40,0,0,40,2.48
301,2,0,0,0,15.359999611973763,4,4,0,0,40,0,0,40,2.649
301,2,0,1,0,75.77600330114365,4,4,0,0,40,0,0,40,2.649
301,2,0,2,0,9.216000325977802,4,4,0,0,40,0,0,40,2.649
301,2,0,3,0,6.144000217318535,4,4,0,0,40,0,0,40,2.649
301,24,0,0,0,9.216000325977802,4,4,0,0,40,0,0,40,2.64
301,24,0,1,0,71.68000191450119,4,4,0,0,40,0,0,40,2.64
301,24,0,2,0,8.191999979317188,4,4,0,0,40,0,0,40,2.64
301,24,0,3,0,4.095999989658594,4,4,0,0,40,0,0,40,2.64
301,40,0,0,1,9.216000325977802,4,4,0,0,40,0,0,40,4.71
301,40,0,1,1,77.82399654388428,4,4,0,0,40,0,0,40,4.71
301,40,0,2,1,9.216000325977802,4,4,0,0,40,0,0,40,4.71
301,40,0,3,1,4.095999989658594,4,4,0,0,40,0,0,40,4.71
302,2,0,0,0,15.359999611973763,4,4,0,1,39,0,0,40,151.519
302,2,0,1,0,76.80000364780426,4,4,0,1,39,0,0,40,151.519
302,2,0,2,0,9.216000325977802,4,4,0,1,39,0,0,40,151.519
302,2,0,3,0,48.128001391887665,4,4,0,1,39,0,0,40,151.519
302,24,0,0,0,8.191999979317188,4,4,0,0,40,0,0,40,3.06
302,24,0,1,0,77.82399654388428,4,4,0,0,40,0,0,40,3.06
302,24,0,2,0,8.191999979317188,4,4,0,0,40,0,0,40,3.06
302,24,0,3,0,4.095999989658594,4,4,0,0,40,0,0,40,3.06
302,40,0,0,1,9.216000325977802,4,4,0,0,40,0,0,40,5.509
302,40,0,1,1,86.01599931716919,4,4,0,0,40,0,0,40,5.509
302,40,0,2,1,9.216000325977802,4,4,0,0,40,0,0,40,5.509
302,40,0,3,1,4.095999989658594,4,4,0,0,40,0,0,40,5.509
303,2,0,0,0,15.359999611973763,4,4,0,3,37,0,0,40,158.14
303,2,0,1,0,82.94399827718735,4,4,0,3,37,0,0,40,158.14
303,2,0,2,0,9.216000325977802,4,4,0,3,37,0,0,40,158.14
303,2,0,3,0,48.128001391887665,4,4,0,3,37,0,0,40,158.14
303,24,0,0,0,8.191999979317188,4,4,0,0,40,0,0,40,5.81
303,24,0,1,0,81.91999793052673,4,4,0,0,40,0,0,40,5.81
303,24,0,2,0,9.216000325977802,4,4,0,0,40,0,0,40,5.81
303,24,0,3,0,4.095999989658594,4,4,0,0,40,0,0,40,5.81
303,40,0,0,1,8.191999979317188,4,4,0,0,40,0,0,40,2.32
303,40,0,1,1,74.75200295448303,4,4,0,0,40,0,0,40,2.32
303,40,0,2,1,9.216000325977802,4,4,0,0,40,0,0,40,2.32
303,40,0,3,1,4.095999989658594,4,4,0,0,40,0,0,40,2.32
304,2,0,0,0,9.216000325977802,4,4,0,2,38,0,0,40,114.379
304,2,0,1,0,82.94399827718735,4,4,0,2,38,0,0,40,114.379
304,2,0,2,0,9.216000325977802,4,4,0,2,38,0,0,40,114.379
304,2,0,3,0,9.216000325977802,4,4,0,2,38,0,0,40,114.379
304,24,0,0,0,8.191999979317188,4,4,0,1,39,0,0,40,71.331
304,24,0,1,0,70.65600156784058,4,4,0,1,39,0,0,40,71.331
304,24,0,2,0,9.216000325977802,4,4,0,1,39,0,0,40,71.331
304,24,0,3,0,4.095999989658594,4,4,0,1,39,0,0,40,71.331
304,40,0,0,1,15.359999611973763,4,4,0,1,39,0,0,40,188.67
304,40,0,1,1,62.463998794555664,4,4,0,1,39,0,0,40,188.67
304,40,0,2,1,8.191999979317188,4,4,0,1,39,0,0,40,188.67
304,40,0,3,1,98.30400347709656,4,4,0,1,39,0,0,40,188.67
305,2,0,0,0,9.216000325977802,4,4,0,3,36,1,0,40,159.239
305,2,0,1,0,70.65600156784058,4,4,0,3,36,1,0,40,159.239
305,2,0,2,0,167.93599724769592,4,4,0,3,36,1,0,40,159.239
305,2,0,3,0,6.144000217318535,4,4,0,3,36,1,0,40,159.239
305,24,0,0,0,9.216000325977802,4,4,0,2,38,0,0,40,175.809
305,24,0,1,0,77.82399654388428,4,4,0,2,38,0,0,40,175.809
305,24,0,2,0,10.239999741315842,4,4,0,2,38,0,0,40,175.809
305,24,0,3,0,76.80000364780426,4,4,0,2,38,0,0,40,175.809
305,40,0,0,1,14.336000196635723,4,4,0,0,40,0,0,40,2.74
305,40,0,1,1,68.60800087451935,4,4,0,0,40,0,0,40,2.74
305,40,0,2,1,8.191999979317188,4,4,0,0,40,0,0,40,2.74
305,40,0,3,1,4.095999989658594,4,4,0,0,40,0,0,40,2.74
306,2,0,0,0,9.216000325977802,1,1,0,0,10,0,0,10,0.64
306,2,0,1,0,31.74399957060814,1,1,0,0,10,0,0,10,0.64
306,2,0,2,0,9.216000325977802,1,1,0,0,10,0,0,10,0.64
306,2,0,3,0,4.095999989658594,1,1,0,0,10,0,0,10,0.64
306,24,0,0,0,8.191999979317188,1,1,0,0,10,0,0,10,0.87
306,24,0,1,0,32.76799991726875,1,1,0,0,10,0,0,10,0.87
306,24,0,2,0,9.216000325977802,1,1,0,0,10,0,0,10,0.87
306,24,0,3,0,4.095999989658594,1,1,0,0,10,0,0,10,0.87
306,40,0,0,1,9.216000325977802,1,1,0,0,10,0,0,10,1.0
306,40,0,1,1,35.840000957250595,1,1,0,0,10,0,0,10,1.0
306,40,0,2,1,8.191999979317188,1,1,0,0,10,0,0,10,1.0
306,40,0,3,1,3.0720001086592674,1,1,0,0,10,0,0,10,1.0
307,2,0,0,0,7.168000098317862,4,4,0,2,38,0,0,40,138.479
307,2,0,1,0,71.68000191450119,4,4,0,2,38,0,0,40,138.479
307,2,0,2,0,9.216000325977802,4,4,0,2,38,0,0,40,138.479
307,2,0,3,0,46.08000069856644,4,4,0,2,38,0,0,40,138.479
307,24,0,0,0,8.191999979317188,4,4,0,0,40,0,0,40,2.44
307,24,0,1,0,59.39200147986412,4,4,0,0,40,0,0,40,2.44
307,24,0,2,0,9.216000325977802,4,4,0,0,40,0,0,40,2.44
307,24,0,3,0,4.095999989658594,4,4,0,0,40,0,0,40,2.44
307,40,0,0,1,14.336000196635723,4,4,0,0,40,0,0,40,3.1
307,40,0,1,1,88.06400001049042,4,4,0,0,40,0,0,40,3.1
307,40,0,2,1,8.191999979317188,4,4,0,0,40,0,0,40,3.1
307,40,0,3,1,4.095999989658594,4,4,0,0,40,0,0,40,3.1
308,2,0,0,0,14.336000196635723,4,4,0,0,40,0,0,40,2.76
308,2,0,1,0,90.11200070381165,4,4,0,0,40,0,0,40,2.76
308,2,0,2,0,9.216000325977802,4,4,0,0,40,0,0,40,2.76
308,2,0,3,0,7.168000098317862,4,4,0,0,40,0,0,40,2.76
308,24,0,0,0,7.168000098317862,4,4,0,0,40,0,0,40,3.17
308,24,0,1,0,79.8719972372055,4,4,0,0,40,0,0,40,3.17
308,24,0,2,0,9.216000325977802,4,4,0,0,40,0,0,40,3.17
308,24,0,3,0,4.095999989658594,4,4,0,0,40,0,0,40,3.17
308,40,0,0,1,8.191999979317188,4,4,0,1,39,0,0,40,129.94
308,40,0,1,1,88.06400001049042,4,4,0,1,39,0,0,40,129.94
308,40,0,2,1,9.216000325977802,4,4,0,1,39,0,0,40,129.94
308,40,0,3,1,20.479999482631683,4,4,0,1,39,0,0,40,129.94
309,2,0,0,0,8.191999979317188,4,4,0,1,39,0,0,40,139.11
309,2,0,1,0,77.82399654388428,4,4,0,1,39,0,0,40,139.11
309,2,0,2,0,9.216000325977802,4,4,0,1,39,0,0,40,139.11
309,2,0,3,0,41.98399931192398,4,4,0,1,39,0,0,40,139.11
309,24,0,0,0,8.191999979317188,4,4,0,1,39,0,0,40,72.1
309,24,0,1,0,67.58400052785873,4,4,0,1,39,0,0,40,72.1
309,24,0,2,0,9.216000325977802,4,4,0,1,39,0,0,40,72.1
309,24,0,3,0,4.095999989658594,4,4,0,1,39,0,0,40,72.1
309,40,0,0,1,15.359999611973763,4,4,0,0,40,0,0,40,5.01
309,40,0,1,1,66.56000018119812,4,4,0,0,40,0,0,40,5.01
309,40,0,2,1,9.216000325977802,4,4,0,0,40,0,0,40,5.01
309,40,0,3,1,4.095999989658594,4,4,0,0,40,0,0,40,5.01
310,2,0,0,0,14.336000196635723,4,4,0,1,39,0,0,40,161.989
310,2,0,1,0,80.89599758386612,4,4,0,1,39,0,0,40,161.989
310,2,0,2,0,9.216000325977802,4,4,0,1,39,0,0,40,161.989
310,2,0,3,0,54.27199974656105,4,4,0,1,39,0,0,40,161.989
310,24,0,0,0,7.168000098317862,4,4,0,1,39,0,0,40,128.369
310,24,0,1,0,73.72800260782242,4,4,0,1,39,0,0,40,128.369
310,24,0,2,0,8.191999979317188,4,4,0,1,39,0,0,40,128.369
310,24,0,3,0,33.79200026392937,4,4,0,1,39,0,0,40,128.369
310,40,0,0,1,8.191999979317188,4,4,0,0,40,0,0,40,3.22
310,40,0,1,1,80.89599758386612,4,4,0,0,40,0,0,40,3.22
310,40,0,2,1,9.216000325977802,4,4,0,0,40,0,0,40,3.22
310,40,0,3,1,4.095999989658594,4,4,0,0,40,0,0,40,3.22
311,2,0,0,0,10.239999741315842,2,2,0,1,19,0,0,20,62.251
311,2,0,1,0,51.19999870657921,2,2,0,1,19,0,0,20,62.251
311,2,0,2,0,9.216000325977802,2,2,0,1,19,0,0,20,62.251
311,2,0,3,0,5.119999870657921,2,2,0,1,19,0,0,20,62.251
311,24,0,0,0,8.191999979317188,2,2,0,0,20,0,0,20,1.36
311,24,0,1,0,57.34400078654289,2,2,0,0,20,0,0,20,1.36
311,24,0,2,0,9.216000325977802,2,2,0,0,20,0,0,20,1.36
311,24,0,3,0,4.095999989658594,2,2,0,0,20,0,0,20,1.36
311,40,0,0,1,8.191999979317188,2,2,0,0,20,0,0,20,1.1
311,40,0,1,1,48.128001391887665,2,2,0,0,20,0,0,20,1.1
311,40,0,2,1,10.239999741315842,2,2,0,0,20,0,0,20,1.1
311,40,0,3,1,4.095999989658594,2,2,0,0,20,0,0,20,1.1
312,2,0,0,0,14.336000196635723,4,4,0,0,40,0,0,40,2.72
312,2,0,1,0,74.75200295448303,4,4,0,0,40,0,0,40,2.72
312,2,0,2,0,9.216000325977802,4,4,0,0,40,0,0,40,2.72
312,2,0,3,0,5.119999870657921,4,4,0,0,40,0,0,40,2.72
312,24,0,0,0,7.168000098317862,4,4,0,0,40,0,0,40,4.14
312,24,0,1,0,79.8719972372055,4,4,0,0,40,0,0,40,4.14
312,24,0,2,0,9.216000325977802,4,4,0,0,40,0,0,40,4.14
312,24,0,3,0,4.095999989658594,4,4,0,0,40,0,0,40,4.14
312,40,0,0,1,15.359999611973763,4,4,0,0,40,0,0,40,5.91
312,40,0,1,1,81.91999793052673,4,4,0,0,40,0,0,40,5.91
312,40,0,2,1,9.216000325977802,4,4,0,0,40,0,0,40,5.91
312,40,0,3,1,5.119999870657921,4,4,0,0,40,0,0,40,5.91
313,2,0,0,0,14.336000196635723,4,4,0,1,39,0,0,40,93.45
313,2,0,1,0,79.8719972372055,4,4,0,1,39,0,0,40,93.45
313,2,0,2,0,9.216000325977802,4,4,0,1,39,0,0,40,93.45
313,2,0,3,0,5.119999870657921,4,4,0,1,39,0,0,40,93.45
313,24,0,0,0,8.191999979317188,4,4,0,1,39,0,0,40,76.64
313,24,0,1,0,67.58400052785873,4,4,0,1,39,0,0,40,76.64
313,24,0,2,0,9.216000325977802,4,4,0,1,39,0,0,40,76.64
313,24,0,3,0,4.095999989658594,4,4,0,1,39,0,0,40,76.64
313,40,0,0,1,8.191999979317188,4,4,0,0,40,0,0,40,2.57
313,40,0,1,1,71.68000191450119,4,4,0,0,40,0,0,40,2.57
313,40,0,2,1,9.216000325977802,4,4,0,0,40,0,0,40,2.57
313,40,0,3,1,4.095999989658594,4,4,0,0,40,0,0,40,2.57
314,2,0,0,0,15.359999611973763,4,4,0,2,38,0,0,40,236.699
314,2,0,1,0,77.82399654388428,4,4,0,2,38,0,0,40,236.699
314,2,0,2,0,8.191999979317188,4,4,0,2,38,0,0,40,236.699
314,2,0,3,0,133.12000036239624,4,4,0,2,38,0,0,40,236.699
314,24,0,0,0,8.191999979317188,4,4,0,0,40,0,0,40,2.78
314,24,0,1,0,69.63200122117996,4,4,0,0,40,0,0,40,2.78
314,24,0,2,0,9.216000325977802,4,4,0,0,40,0,0,40,2.78
314,24,0,3,0,4.095999989658594,4,4,0,0,40,0,0,40,2.78
314,40,0,0,1,14.336000196635723,4,4,0,0,40,0,0,40,2.36
314,40,0,1,1,73.72800260782242,4,4,0,0,40,0,0,40,2.36
314,40,0,2,1,9.216000325977802,4,4,0,0,40,0,0,40,2.36
314,40,0,3,1,4.095999989658594,4,4,0,0,40,0,0,40,2.36
315,2,0,0,0,9.216000325977802,4,4,0,3,37,0,0,40,161.719
315,2,0,1,0,82.94399827718735,4,4,0,3,37,0,0,40,161.719
315,2,0,2,0,8.191999979317188,4,4,0,3,37,0,0,40,161.719
315,2,0,3,0,67.58400052785873,4,4,0,3,37,0,0,40,161.719
315,24,0,0,0,10.239999741315842,4,4,0,7,32,1,0,40,342.849
315,24,0,1,0,55.296000093221664,4,4,0,7,32,1,0,40,342.849
315,24,0,2,0,168.96000504493713,4,4,0,7,32,1,0,40,342.849
315,24,0,3,0,104.44799810647964,4,4,0,7,32,1,0,40,342.849
315,40,0,0,1,14.336000196635723,4,4,0,0,40,0,0,40,4.34
315,40,0,1,1,65.5359998345375,4,4,0,0,40,0,0,40,4.34
315,40,0,2,1,9.216000325977802,4,4,0,0,40,0,0,40,4.34
315,40,0,3,1,4.095999989658594,4,4,0,0,40,0,0,40,4.34
316,2,0,0,0,9.216000325977802,4,4,0,1,39,0,0,40,65.64
316,2,0,1,0,83.96799862384796,4,4,0,1,39,0,0,40,65.64
316,2,0,2,0,9.216000325977802,4,4,0,1,39,0,0,40,65.64
316,2,0,3,0,5.119999870657921,4,4,0,1,39,0,0,40,65.64
316,24,0,0,0,8.191999979317188,4,4,0,1,39,0,0,40,69.239
316,24,0,1,0,82.94399827718735,4,4,0,1,39,0,0,40,69.239
316,24,0,2,0,9.216000325977802,4,4,0,1,39,0,0,40,69.239
316,24,0,3,0,4.095999989658594,4,4,0,1,39,0,0,40,69.239
316,40,0,0,1,8.191999979317188,4,4,0,2,38,0,0,40,122.26
316,40,0,1,1,95.23200243711472,4,4,0,2,38,0,0,40,122.26
316,40,0,2,1,9.216000325977802,4,4,0,2,38,0,0,40,122.26
316,40,0,3,1,5.119999870657921,4,4,0,2,38,0,0,40,122.26
317,2,0,0,0,9.216000325977802,4,4,0,1,39,0,0,40,64.51
317,2,0,1,0,86.01599931716919,4,4,0,1,39,0,0,40,64.51
317,2,0,2,0,9.216000325977802,4,4,0,1,39,0,0,40,64.51
317,2,0,3,0,6.144000217318535,4,4,0,1,39,0,0,40,64.51
317,24,0,0,0,9.216000325977802,4,4,0,1,39,0,0,40,75.47
317,24,0,1,0,73.72800260782242,4,4,0,1,39,0,0,40,75.47
317,24,0,2,0,9.216000325977802,4,4,0,1,39,0,0,40,75.47
317,24,0,3,0,4.095999989658594,4,4,0,1,39,0,0,40,75.47
317,40,0,0,1,8.191999979317188,4,4,0,1,39,0,0,40,77.73
317,40,0,1,1,70.65600156784058,4,4,0,1,39,0,0,40,77.73
317,40,0,2,1,9.216000325977802,4,4,0,1,39,0,0,40,77.73
317,40,0,3,1,5.119999870657921,4,4,0,1,39,0,0,40,77.73
318,2,0,0,0,8.191999979317188,4,4,0,4,35,1,0,40,203.739
318,2,0,1,0,78.84799689054489,4,4,0,4,35,1,0,40,203.739
318,2,0,2,0,163.83999586105347,4,4,0,4,35,1,0,40,203.739
318,2,0,3,0,6.144000217318535,4,4,0,4,35,1,0,40,203.739
318,24,0,0,0,9.216000325977802,4,4,0,1,39,0,0,40,122.2
318,24,0,1,0,71.68000191450119,4,4,0,1,39,0,0,40,122.2
318,24,0,2,0,8.191999979317188,4,4,0,1,39,0,0,40,122.2
318,24,0,3,0,26.623999699950218,4,4,0,1,39,0,0,40,122.2
318,40,0,0,1,13.311999849975109,4,4,0,0,40,0,0,40,4.091
318,40,0,1,1,55.296000093221664,4,4,0,0,40,0,0,40,4.091
318,40,0,2,1,9.216000325977802,4,4,0,0,40,0,0,40,4.091
318,40,0,3,1,4.095999989658594,4,4,0,0,40,0,0,40,4.091
319,2,0,0,0,14.336000196635723,4,4,0,5,35,0,0,40,235.539
319,2,0,1,0,81.91999793052673,4,4,0,5,35,0,0,40,235.539
319,2,0,2,0,8.191999979317188,4,4,0,5,35,0,0,40,235.539
319,2,0,3,0,130.048006772995,4,4,0,5,35,0,0,40,235.539
319,24,0,0,0,8.191999979317188,4,4,0,1,39,0,0,40,62.92
319,24,0,1,0,66.56000018119812,4,4,0,1,39,0,0,40,62.92
319,24,0,2,0,9.216000325977802,4,4,0,1,39,0,0,40,62.92
319,24,0,3,0,4.095999989658594,4,4,0,1,39,0,0,40,62.92
319,40,0,0,1,14.336000196635723,4,4,0,0,40,0,0,40,5.38
319,40,0,1,1,81.91999793052673,4,4,0,0,40,0,0,40,5.38
319,40,0,2,1,8.191999979317188,4,4,0,0,40,0,0,40,5.38
319,40,0,3,1,4.095999989658594,4,4,0,0,40,0,0,40,5.38
320,2,0,0,0,8.191999979317188,4,4,0,2,38,0,0,40,108.359
320,2,0,1,0,83.96799862384796,4,4,0,2,38,0,0,40,108.359
320,2,0,2,0,8.191999979317188,4,4,0,2,38,0,0,40,108.359
320,2,0,3,0,5.119999870657921,4,4,0,2,38,0,0,40,108.359
320,24,0,0,0,8.191999979317188,4,4,0,0,40,0,0,40,3.5
320,24,0,1,0,80.89599758386612,4,4,0,0,40,0,0,40,3.5
320,24,0,2,0,9.216000325977802,4,4,0,0,40,0,0,40,3.5
320,24,0,3,0,4.095999989658594,4,4,0,0,40,0,0,40,3.5
320,40,0,0,1,8.191999979317188,4,4,0,0,40,0,0,40,2.989
320,40,0,1,1,80.89599758386612,4,4,0,0,40,0,0,40,2.989
320,40,0,2,1,9.216000325977802,4,4,0,0,40,0,0,40,2.989
320,40,0,3,1,4.095999989658594,4,4,0,0,40,0,0,40,2.989
321,2,0,0,0,8.191999979317188,4,4,0,1,39,0,0,40,66.149
321,2,0,1,0,92.16000139713287,4,4,0,1,39,0,0,40,66.149
321,2,0,2,0,9.216000325977802,4,4,0,1,39,0,0,40,66.149
321,2,0,3,0,7.168000098317862,4,4,0,1,39,0,0,40,66.149
321,24,0,0,0,8.191999979317188,4,4,0,0,40,0,0,40,5.01
321,24,0,1,0,84.99199897050858,4,4,0,0,40,0,0,40,5.01
321,24,0,2,0,9.216000325977802,4,4,0,0,40,0,0,40,5.01
321,24,0,3,0,4.095999989658594,4,4,0,0,40,0,0,40,5.01
321,40,0,0,1,8.191999979317188,4,4,0,0,40,0,0,40,2.9
321,40,0,1,1,81.91999793052673,4,4,0,0,40,0,0,40,2.9
321,40,0,2,1,8.191999979317188,4,4,0,0,40,0,0,40,2.9
321,40,0,3,1,3.0720001086592674,4,4,0,0,40,0,0,40,2.9
322,2,0,0,0,15.359999611973763,4,4,0,2,38,0,0,40,135.05
322,2,0,1,0,82.94399827718735,4,4,0,2,38,0,0,40,135.05
322,2,0,2,0,9.216000325977802,4,4,0,2,38,0,0,40,135.05
322,2,0,3,0,22.52800017595291,4,4,0,2,38,0,0,40,135.05
322,24,0,0,0,8.191999979317188,4,4,0,0,40,0,0,40,4.38
322,24,0,1,0,76.80000364780426,4,4,0,0,40,0,0,40,4.38
322,24,0,2,0,9.216000325977802,4,4,0,0,40,0,0,40,4.38
322,24,0,3,0,4.095999989658594,4,4,0,0,40,0,0,40,4.38
322,40,0,0,1,14.336000196635723,4,4,0,0,40,0,0,40,3.0
322,40,0,1,1,64.51199948787689,4,4,0,0,40,0,0,40,3.0
322,40,0,2,1,9.216000325977802,4,4,0,0,40,0,0,40,3.0
322,40,0,3,1,4.095999989658594,4,4,0,0,40,0,0,40,3.0
323,2,0,0,0,9.216000325977802,4,4,0,2,38,0,0,40,165.0
323,2,0,1,0,68.60800087451935,4,4,0,2,38,0,0,40,165.0
323,2,0,2,0,9.216000325977802,4,4,0,2,38,0,0,40,165.0
323,2,0,3,0,81.91999793052673,4,4,0,2,38,0,0,40,165.0
323,24,0,0,0,8.191999979317188,4,4,0,2,38,0,0,40,159.909
323,24,0,1,0,80.89599758386612,4,4,0,2,38,0,0,40,159.909
323,24,0,2,0,9.216000325977802,4,4,0,2,38,0,0,40,159.909
323,24,0,3,0,57.34400078654289,4,4,0,2,38,0,0,40,159.909
323,40,0,0,1,8.191999979317188,4,4,0,1,39,0,0,40,82.58
323,40,0,1,1,95.23200243711472,4,4,0,1,39,0,0,40,82.58
323,40,0,2,1,8.191999979317188,4,4,0,1,39,0,0,40,82.58
323,40,0,3,1,4.095999989658594,4,4,0,1,39,0,0,40,82.58
324,2,0,0,0,9.216000325977802,4,4,0,3,37,0,0,40,146.539
324,2,0,1,0,80.89599758386612,4,4,0,3,37,0,0,40,146.539
324,2,0,2,0,8.191999979317188,4,4,0,3,37,0,0,40,146.539
324,2,0,3,0,44.03200000524521,4,4,0,3,37,0,0,40,146.539
324,24,0,0,0,9.216000325977802,4,4,0,1,39,0,0,40,71.829
324,24,0,1,0,84.99199897050858,4,4,0,1,39,0,0,40,71.829
324,24,0,2,0,9.216000325977802,4,4,0,1,39,0,0,40,71.829
324,24,0,3,0,4.095999989658594,4,4,0,1,39,0,0,40,71.829
324,40,0,0,1,14.336000196635723,4,4,0,0,40,0,0,40,5.1
324,40,0,1,1,98.30400347709656,4,4,0,0,40,0,0,40,5.1
324,40,0,2,1,9.216000325977802,4,4,0,0,40,0,0,40,5.1
324,40,0,3,1,5.119999870657921,4,4,0,0,40,0,0,40,5.1
325,2,0,0,0,9.216000325977802,4,4,0,2,38,0,0,40,111.529
325,2,0,1,0,88.06400001049042,4,4,0,2,38,0,0,40,111.529
325,2,0,2,0,9.216000325977802,4,4,0,2,38,0,0,40,111.529
325,2,0,3,0,5.119999870657921,4,4,0,2,38,0,0,40,111.529
325,24,0,0,0,8.191999979317188,4,4,0,0,40,0,0,40,6.471
325,24,0,1,0,81.91999793052673,4,4,0,0,40,0,0,40,6.471
325,24,0,2,0,9.216000325977802,4,4,0,0,40,0,0,40,6.471
325,24,0,3,0,4.095999989658594,4,4,0,0,40,0,0,40,6.471
325,40,0,0,1,14.336000196635723,4,4,0,1,39,0,0,40,90.88
325,40,0,1,1,95.23200243711472,4,4,0,1,39,0,0,40,90.88
325,40,0,2,1,8.191999979317188,4,4,0,1,39,0,0,40,90.88
325,40,0,3,1,5.119999870657921,4,4,0,1,39,0,0,40,90.88
326,2,0,0,0,13.311999849975109,4,4,0,0,40,0,0,40,5.21
326,2,0,1,0,90.11200070381165,4,4,0,0,40,0,0,40,5.21
326,2,0,2,0,9.216000325977802,4,4,0,0,40,0,0,40,5.21
326,2,0,3,0,5.119999870657921,4,4,0,0,40,0,0,40,5.21
326,24,0,0,0,8.191999979317188,4,4,0,4,36,0,0,40,161.86
326,24,0,1,0,74.75200295448303,4,4,0,4,36,0,0,40,161.86
326,24,0,2,0,9.216000325977802,4,4,0,4,36,0,0,40,161.86
326,24,0,3,0,66.56000018119812,4,4,0,4,36,0,0,40,161.86
326,40,0,0,1,8.191999979317188,4,4,0,0,40,0,0,40,4.07
326,40,0,1,1,69.63200122117996,4,4,0,0,40,0,0,40,4.07
326,40,0,2,1,9.216000325977802,4,4,0,0,40,0,0,40,4.07
326,40,0,3,1,4.095999989658594,4,4,0,0,40,0,0,40,4.07
327,2,0,0,0,9.216000325977802,4,4,0,6,33,1,0,40,246.069
327,2,0,1,0,74.75200295448303,4,4,0,6,33,1,0,40,246.069
327,2,0,2,0,168.96000504493713,4,4,0,6,33,1,0,40,246.069
327,2,0,3,0,6.144000217318535,4,4,0,6,33,1,0,40,246.069
327,24,0,0,0,14.336000196635723,4,4,0,2,38,0,0,40,357.058
327,24,0,1,0,86.01599931716919,4,4,0,2,38,0,0,40,357.058
327,24,0,2,0,9.216000325977802,4,4,0,2,38,0,0,40,357.058
327,24,0,3,0,243.71199309825897,4,4,0,2,38,0,0,40,357.058
327,40,0,0,1,14.336000196635723,4,4,0,0,40,0,0,40,2.4
327,40,0,1,1,89.08800035715103,4,4,0,0,40,0,0,40,2.4
327,40,0,2,1,9.216000325977802,4,4,0,0,40,0,0,40,2.4
327,40,0,3,1,4.095999989658594,4,4,0,0,40,0,0,40,2.4
328,2,0,0,0,8.191999979317188,4,4,0,5,34,1,0,40,253.088
328,2,0,1,0,83.96799862384796,4,4,0,5,34,1,0,40,253.088
328,2,0,2,0,168.96000504493713,4,4,0,5,34,1,0,40,253.088
328,2,0,3,0,6.144000217318535,4,4,0,5,34,1,0,40,253.088
328,24,0,0,0,8.191999979317188,4,4,0,2,38,0,0,40,210.63
328,24,0,1,0,71.68000191450119,4,4,0,2,38,0,0,40,210.63
328,24,0,2,0,9.216000325977802,4,4,0,2,38,0,0,40,210.63
328,24,0,3,0,116.73600226640701,4,4,0,2,38,0,0,40,210.63
328,40,0,0,1,8.191999979317188,4,4,0,0,40,0,0,40,3.05
328,40,0,1,1,78.84799689054489,4,4,0,0,40,0,0,40,3.05
328,40,0,2,1,9.216000325977802,4,4,0,0,40,0,0,40,3.05
328,40,0,3,1,4.095999989658594,4,4,0,0,40,0,0,40,3.05
329,2,0,0,0,14.336000196635723,4,4,0,0,40,0,0,40,3.251
329,2,0,1,0,76.80000364780426,4,4,0,0,40,0,0,40,3.251
329,2,0,2,0,8.191999979317188,4,4,0,0,40,0,0,40,3.251
329,2,0,3,0,5.119999870657921,4,4,0,0,40,0,0,40,3.251
329,24,0,0,0,8.191999979317188,4,4,0,0,40,0,0,40,3.03
329,24,0,1,0,73.72800260782242,4,4,0,0,40,0,0,40,3.03
329,24,0,2,0,9.216000325977802,4,4,0,0,40,0,0,40,3.03
329,24,0,3,0,4.095999989658594,4,4,0,0,40,0,0,40,3.03
329,40,0,0,1,15.359999611973763,4,4,0,0,40,0,0,40,4.88
329,40,0,1,1,70.65600156784058,4,4,0,0,40,0,0,40,4.88
329,40,0,2,1,9.216000325977802,4,4,0,0,40,0,0,40,4.88
329,40,0,3,1,4.095999989658594,4,4,0,0,40,0,0,40,4.88
330,2,0,0,0,16.383999958634377,4,4,0,0,40,0,0,40,3.24
330,2,0,1,0,89.08800035715103,4,4,0,0,40,0,0,40,3.24
330,2,0,2,0,9.216000325977802,4,4,0,0,40,0,0,40,3.24
330,2,0,3,0,5.119999870657921,4,4,0,0,40,0,0,40,3.24
330,24,0,0,0,8.191999979317188,4,4,0,3,37,0,0,40,222.719
330,24,0,1,0,73.72800260782242,4,4,0,3,37,0,0,40,222.719
330,24,0,2,0,8.191999979317188,4,4,0,3,37,0,0,40,222.719
330,24,0,3,0,126.97599828243256,4,4,0,3,37,0,0,40,222.719
330,40,0,0,1,14.336000196635723,4,4,0,0,40,0,0,40,2.949
330,40,0,1,1,72.7040022611618,4,4,0,0,40,0,0,40,2.949
330,40,0,2,1,9.216000325977802,4,4,0,0,40,0,0,40,2.949
330,40,0,3,1,4.095999989658594,4,4,0,0,40,0,0,40,2.949
331,2,0,0,0,8.191999979317188,4,4,0,2,38,0,0,40,110.089
331,2,0,1,0,68.60800087451935,4,4,0,2,38,0,0,40,110.089
331,2,0,2,0,9.216000325977802,4,4,0,2,38,0,0,40,110.089
331,2,0,3,0,26.623999699950218,4,4,0,2,38,0,0,40,110.089
331,24,0,0,0,8.191999979317188,4,4,0,0,40,0,0,40,3.831
331,24,0,1,0,88.06400001049042,4,4,0,0,40,0,0,40,3.831
331,24,0,2,0,9.216000325977802,4,4,0,0,40,0,0,40,3.831
331,24,0,3,0,4.095999989658594,4,4,0,0,40,0,0,40,3.831
331,40,0,0,1,8.191999979317188,4,4,0,1,39,0,0,40,81.76
331,40,0,1,1,58.36800113320351,4,4,0,1,39,0,0,40,81.76
331,40,0,2,1,9.216000325977802,4,4,0,1,39,0,0,40,81.76
331,40,0,3,1,4.095999989658594,4,4,0,1,39,0,0,40,81.76
332,2,0,0,0,8.191999979317188,4,4,0,2,38,0,0,40,151.26
332,2,0,1,0,77.82399654388428,4,4,0,2,38,0,0,40,151.26
332,2,0,2,0,8.191999979317188,4,4,0,2,38,0,0,40,151.26
332,2,0,3,0,53.247999399900436,4,4,0,2,38,0,0,40,151.26
332,24,0,0,0,8.191999979317188,4,4,0,0,40,0,0,40,4.88
332,24,0,1,0,68.60800087451935,4,4,0,0,40,0,0,40,4.88
332,24,0,2,0,9.216000325977802,4,4,0,0,40,0,0,40,4.88
332,24,0,3,0,4.095999989658594,4,4,0,0,40,0,0,40,4.88
332,40,0,0,1,14.336000196635723,4,4,0,0,40,0,0,40,2.849
332,40,0,1,1,82.94399827718735,4,4,0,0,40,0,0,40,2.849
332,40,0,2,1,9.216000325977802,4,4,0,0,40,0,0,40,2.849
332,40,0,3,1,4.095999989658594,4,4,0,0,40,0,0,40,2.849
333,2,0,0,0,11.264000087976456,4,4,0,1,39,0,0,40,65.789
333,2,0,1,0,94.2080020904541,4,4,0,1,39,0,0,40,65.789
333,2,0,2,0,9.216000325977802,4,4,0,1,39,0,0,40,65.789
333,2,0,3,0,5.119999870657921,4,4,0,1,39,0,0,40,65.789
333,24,0,0,0,7.168000098317862,4,4,0,0,40,0,0,40,2.9
333,24,0,1,0,80.89599758386612,4,4,0,0,40,0,0,40,2.9
333,24,0,2,0,9.216000325977802,4,4,0,0,40,0,0,40,2.9
333,24,0,3,0,4.095999989658594,4,4,0,0,40,0,0,40,2.9
333,40,0,0,1,8.191999979317188,4,4,0,0,40,0,0,40,2.31
333,40,0,1,1,74.75200295448303,4,4,0,0,40,0,0,40,2.31
333,40,0,2,1,9.216000325977802,4,4,0,0,40,0,0,40,2.31
333,40,0,3,1,4.095999989658594,4,4,0,0,40,0,0,40,2.31
334,2,0,0,0,16.383999958634377,4,4,0,2,38,0,0,40,120.909
334,2,0,1,0,86.01599931716919,4,4,0,2,38,0,0,40,120.909
334,2,0,2,0,10.239999741315842,4,4,0,2,38,0,0,40,120.909
334,2,0,3,0,6.144000217318535,4,4,0,2,38,0,0,40,120.909
334,24,0,0,0,9.216000325977802,4,4,0,0,40,0,0,40,5.4
334,24,0,1,0,73.72800260782242,4,4,0,0,40,0,0,40,5.4
334,24,0,2,0,8.191999979317188,4,4,0,0,40,0,0,40,5.4
334,24,0,3,0,4.095999989658594,4,4,0,0,40,0,0,40,5.4
334,40,0,0,1,13.311999849975109,4,4,0,0,40,0,0,40,2.56
334,40,0,1,1,71.68000191450119,4,4,0,0,40,0,0,40,2.56
334,40,0,2,1,9.216000325977802,4,4,0,0,40,0,0,40,2.56
334,40,0,3,1,4.095999989658594,4,4,0,0,40,0,0,40,2.56
335,2,0,0,0,14.336000196635723,4,4,0,0,40,0,0,40,5.9
335,2,0,1,0,84.99199897050858,4,4,0,0,40,0,0,40,5.9
335,2,0,2,0,9.216000325977802,4,4,0,0,40,0,0,40,5.9
335,2,0,3,0,7.168000098317862,4,4,0,0,40,0,0,40,5.9
335,24,0,0,0,8.191999979317188,4,4,0,0,40,0,0,40,4.92
335,24,0,1,0,65.5359998345375,4,4,0,0,40,0,0,40,4.92
335,24,0,2,0,9.216000325977802,4,4,0,0,40,0,0,40,4.92
335,24,0,3,0,4.095999989658594,4,4,0,0,40,0,0,40,4.92
335,40,0,0,1,8.191999979317188,4,4,0,0,40,0,0,40,2.58
335,40,0,1,1,74.75200295448303,4,4,0,0,40,0,0,40,2.58
335,40,0,2,1,9.216000325977802,4,4,0,0,40,0,0,40,2.58
335,40,0,3,1,4.095999989658594,4,4,0,0,40,0,0,40,2.58
336,2,0,0,0,15.359999611973763,4,4,0,3,37,0,0,40,187.839
336,2,0,1,0,81.91999793052673,4,4,0,3,37,0,0,40,187.839
336,2,0,2,0,9.216000325977802,4,4,0,3,37,0,0,40,187.839
336,2,0,3,0,78.84799689054489,4,4,0,3,37,0,0,40,187.839
336,24,0,0,0,8.191999979317188,4,4,0,0,40,0,0,40,2.789
336,24,0,1,0,73.72800260782242,4,4,0,0,40,0,0,40,2.789
336,24,0,2,0,9.216000325977802,4,4,0,0,40,0,0,40,2.789
336,24,0,3,0,4.095999989658594,4,4,0,0,40,0,0,40,2.789
336,40,0,0,1,9.216000325977802,4,4,0,1,39,0,0,40,104.159
336,40,0,1,1,86.01599931716919,4,4,0,1,39,0,0,40,104.159
336,40,0,2,1,8.191999979317188,4,4,0,1,39,0,0,40,104.159
336,40,0,3,1,4.095999989658594,4,4,0,1,39,0,0,40,104.159
337,2,0,0,0,14.336000196635723,4,4,0,3,37,0,0,40,156.599
337,2,0,1,0,75.77600330114365,4,4,0,3,37,0,0,40,156.599
337,2,0,2,0,9.216000325977802,4,4,0,3,37,0,0,40,156.599
337,2,0,3,0,52.22399905323982,4,4,0,3,37,0,0,40,156.599
337,24,0,0,0,9.216000325977802,4,4,0,0,40,0,0,40,5.509
337,24,0,1,0,81.91999793052673,4,4,0,0,40,0,0,40,5.509
337,24,0,2,0,9.216000325977802,4,4,0,0,40,0,0,40,5.509
337,24,0,3,0,4.095999989658594,4,4,0,0,40,0,0,40,5.509
337,40,0,0,1,14.336000196635723,4,4,0,0,40,0,0,40,2.12
337,40,0,1,1,92.16000139713287,4,4,0,0,40,0,0,40,2.12
337,40,0,2,1,9.216000325977802,4,4,0,0,40,0,0,40,2.12
337,40,0,3,1,4.095999989658594,4,4,0,0,40,0,0,40,2.12
338,2,0,0,0,8.191999979317188,4,4,0,1,39,0,0,40,107.6
338,2,0,1,0,89.08800035715103,4,4,0,1,39,0,0,40,107.6
338,2,0,2,0,9.216000325977802,4,4,0,1,39,0,0,40,107.6
338,2,0,3,0,5.119999870657921,4,4,0,1,39,0,0,40,107.6
338,24,0,0,0,10.239999741315842,4,4,0,2,38,0,0,40,134.44
338,24,0,1,0,79.8719972372055,4,4,0,2,38,0,0,40,134.44
338,24,0,2,0,10.239999741315842,4,4,0,2,38,0,0,40,134.44
338,24,0,3,0,29.69600073993206,4,4,0,2,38,0,0,40,134.44
338,40,0,0,1,14.336000196635723,4,4,0,0,40,0,0,40,4.069
338,40,0,1,1,86.01599931716919,4,4,0,0,40,0,0,40,4.069
338,40,0,2,1,9.216000325977802,4,4,0,0,40,0,0,40,4.069
338,40,0,3,1,4.095999989658594,4,4,0,0,40,0,0,40,4.069
339,2,0,0,0,9.216000325977802,4,4,0,1,39,0,0,40,68.289
339,2,0,1,0,73.72800260782242,4,4,0,1,39,0,0,40,68.289
339,2,0,2,0,8.191999979317188,4,4,0,1,39,0,0,40,68.289
339,2,0,3,0,6.144000217318535,4,4,0,1,39,0,0,40,68.289
339,24,0,0,0,8.191999979317188,4,4,0,1,39,0,0,40,70.549
339,24,0,1,0,82.94399827718735,4,4,0,1,39,0,0,40,70.549
339,24,0,2,0,9.216000325977802,4,4,0,1,39,0,0,40,70.549
339,24,0,3,0,4.095999989658594,4,4,0,1,39,0,0,40,70.549
339,40,0,0,1,14.336000196635723,4,4,0,0,40,0,0,40,3.02
339,40,0,1,1,92.16000139713287,4,4,0,0,40,0,0,40,3.02
339,40,0,2,1,9.216000325977802,4,4,0,0,40,0,0,40,3.02
339,40,0,3,1,4.095999989658594,4,4,0,0,40,0,0,40,3.02
340,2,0,0,0,14.336000196635723,4,4,0,1,39,0,0,40,99.41
340,2,0,1,0,83.96799862384796,4,4,0,1,39,0,0,40,99.41
340,2,0,2,0,8.191999979317188,4,4,0,1,39,0,0,40,99.41
340,2,0,3,0,5.119999870657921,4,4,0,1,39,0,0,40,99.41
340,24,0,0,0,8.191999979317188,4,4,0,0,40,0,0,40,3.071
340,24,0,1,0,69.63200122117996,4,4,0,0,40,0,0,40,3.071
340,24,0,2,0,9.216000325977802,4,4,0,0,40,0,0,40,3.071
340,24,0,3,0,4.095999989658594,4,4,0,0,40,0,0,40,3.071
340,40,0,0,1,15.359999611973763,4,4,0,0,40,0,0,40,2.44
340,40,0,1,1,66.56000018119812,4,4,0,0,40,0,0,40,2.44
340,40,0,2,1,9.216000325977802,4,4,0,0,40,0,0,40,2.44
340,40,0,3,1,4.095999989658594,4,4,0,0,40,0,0,40,2.44
341,2,0,0,0,14.336000196635723,4,4,0,3,37,0,0,40,142.5
341,2,0,1,0,70.65600156784058,4,4,0,3,37,0,0,40,142.5
341,2,0,2,0,9.216000325977802,4,4,0,3,37,0,0,40,142.5
341,2,0,3,0,46.08000069856644,4,4,0,3,37,0,0,40,142.5
341,24,0,0,0,8.191999979317188,4,4,0,0,40,0,0,40,4.84
341,24,0,1,0,64.51199948787689,4,4,0,0,40,0,0,40,4.84
341,24,0,2,0,9.216000325977802,4,4,0,0,40,0,0,40,4.84
341,24,0,3,0,4.095999989658594,4,4,0,0,40,0,0,40,4.84
341,40,0,0,1,14.336000196635723,4,4,0,0,40,0,0,40,2.34
341,40,0,1,1,63.48799914121628,4,4,0,0,40,0,0,40,2.34
341,40,0,2,1,9.216000325977802,4,4,0,0,40,0,0,40,2.34
341,40,0,3,1,4.095999989658594,4,4,0,0,40,0,0,40,2.34
342,2,0,0,0,14.336000196635723,4,4,0,2,38,0,0,40,102.809
342,2,0,1,0,76.80000364780426,4,4,0,2,38,0,0,40,102.809
342,2,0,2,0,9.216000325977802,4,4,0,2,38,0,0,40,102.809
342,2,0,3,0,6.144000217318535,4,4,0,2,38,0,0,40,102.809
342,24,0,0,0,8.191999979317188,4,4,0,0,40,0,0,40,5.151
342,24,0,1,0,62.463998794555664,4,4,0,0,40,0,0,40,5.151
342,24,0,2,0,9.216000325977802,4,4,0,0,40,0,0,40,5.151
342,24,0,3,0,4.095999989658594,4,4,0,0,40,0,0,40,5.151
342,40,0,0,1,9.216000325977802,4,4,0,0,40,0,0,40,1.96
342,40,0,1,1,62.463998794555664,4,4,0,0,40,0,0,40,1.96
342,40,0,2,1,9.216000325977802,4,4,0,0,40,0,0,40,1.96
342,40,0,3,1,4.095999989658594,4,4,0,0,40,0,0,40,1.96
343,2,0,0,0,8.191999979317188,4,4,0,1,39,0,0,40,113.089
343,2,0,1,0,80.89599758386612,4,4,0,1,39,0,0,40,113.089
343,2,0,2,0,9.216000325977802,4,4,0,1,39,0,0,40,113.089
343,2,0,3,0,18.432000651955605,4,4,0,1,39,0,0,40,113.089
343,24,0,0,0,7.168000098317862,4,4,0,0,40,0,0,40,2.92
343,24,0,1,0,68.60800087451935,4,4,0,0,40,0,0,40,2.92
343,24,0,2,0,9.216000325977802,4,4,0,0,40,0,0,40,2.92
343,24,0,3,0,4.095999989658594,4,4,0,0,40,0,0,40,2.92
343,40,0,0,1,9.216000325977802,4,4,0,3,37,0,0,40,485.898
343,40,0,1,1,57.34400078654289,4,4,0,3,37,0,0,40,485.898
343,40,0,2,1,9.216000325977802,4,4,0,3,37,0,0,40,485.898
343,40,0,3,1,408.57601165771484,4,4,0,3,37,0,0,40,485.898
344,2,0,0,0,8.191999979317188,4,4,0,0,40,0,0,40,3.08
344,2,0,1,0,74.75200295448303,4,4,0,0,40,0,0,40,3.08
344,2,0,2,0,9.216000325977802,4,4,0,0,40,0,0,40,3.08
344,2,0,3,0,5.119999870657921,4,4,0,0,40,0,0,40,3.08
344,24,0,0,0,8.191999979317188,4,4,0,0,40,0,0,40,2.531
344,24,0,1,0,61.43999844789505,4,4,0,0,40,0,0,40,2.531
344,24,0,2,0,10.239999741315842,4,4,0,0,40,0,0,40,2.531
344,24,0,3,0,4.095999989658594,4,4,0,0,40,0,0,40,2.531
344,40,0,0,1,15.359999611973763,4,4,0,0,40,0,0,40,4.36
344,40,0,1,1,65.5359998345375,4,4,0,0,40,0,0,40,4.36
344,40,0,2,1,8.191999979317188,4,4,0,0,40,0,0,40,4.36
344,40,0,3,1,4.095999989658594,4,4,0,0,40,0,0,40,4.36
345,2,0,0,0,8.191999979317188,1,1,0,0,10,0,0,10,0.631
345,2,0,1,0,32.76799991726875,1,1,0,0,10,0,0,10,0.631
345,2,0,2,0,8.191999979317188,1,1,0,0,10,0,0,10,0.631
345,2,0,3,0,4.095999989658594,1,1,0,0,10,0,0,10,0.631
345,24,0,0,0,8.191999979317188,1,1,0,0,10,0,0,10,0.8
345,24,0,1,0,32.76799991726875,1,1,0,0,10,0,0,10,0.8
345,24,0,2,0,9.216000325977802,1,1,0,0,10,0,0,10,0.8
345,24,0,3,0,4.095999989658594,1,1,0,0,10,0,0,10,0.8
345,40,0,0,1,8.191999979317188,1,1,0,0,10,0,0,10,0.94
345,40,0,1,1,35.840000957250595,1,1,0,0,10,0,0,10,0.94
345,40,0,2,1,9.216000325977802,1,1,0,0,10,0,0,10,0.94
345,40,0,3,1,4.095999989658594,1,1,0,0,10,0,0,10,0.94
346,2,0,0,0,14.336000196635723,4,4,0,0,40,0,0,40,3.19
346,2,0,1,0,88.06400001049042,4,4,0,0,40,0,0,40,3.19
346,2,0,2,0,8.191999979317188,4,4,0,0,40,0,0,40,3.19
346,2,0,3,0,5.119999870657921,4,4,0,0,40,0,0,40,3.19
346,24,0,0,0,8.191999979317188,4,4,0,0,40,0,0,40,4.67
346,24,0,1,0,65.5359998345375,4,4,0,0,40,0,0,40,4.67
346,24,0,2,0,9.216000325977802,4,4,0,0,40,0,0,40,4.67
346,24,0,3,0,4.095999989658594,4,4,0,0,40,0,0,40,4.67
346,40,0,0,1,15.359999611973763,4,4,0,0,40,0,0,40,2.38
346,40,0,1,1,67.58400052785873,4,4,0,0,40,0,0,40,2.38
346,40,0,2,1,8.191999979317188,4,4,0,0,40,0,0,40,2.38
346,40,0,3,1,4.095999989658594,4,4,0,0,40,0,0,40,2.38
347,2,0,0,0,15.359999611973763,4,4,0,0,40,0,0,40,3.17
347,2,0,1,0,72.7040022611618,4,4,0,0,40,0,0,40,3.17
347,2,0,2,0,9.216000325977802,4,4,0,0,40,0,0,40,3.17
347,2,0,3,0,6.144000217318535,4,4,0,0,40,0,0,40,3.17
347,24,0,0,0,8.191999979317188,4,4,0,0,40,0,0,40,3.1
347,24,0,1,0,76.80000364780426,4,4,0,0,40,0,0,40,3.1
347,24,0,2,0,9.216000325977802,4,4,0,0,40,0,0,40,3.1
347,24,0,3,0,4.095999989658594,4,4,0,0,40,0,0,40,3.1
347,40,0,0,1,8.191999979317188,4,4,0,0,40,0,0,40,2.46
347,40,0,1,1,64.51199948787689,4,4,0,0,40,0,0,40,2.46
347,40,0,2,1,9.216000325977802,4,4,0,0,40,0,0,40,2.46
347,40,0,3,1,4.095999989658594,4,4,0,0,40,0,0,40,2.46
348,2,0,0,0,14.336000196635723,4,4,0,0,40,0,0,40,4.631
348,2,0,1,0,59.39200147986412,4,4,0,0,40,0,0,40,4.631
348,2,0,2,0,9.216000325977802,4,4,0,0,40,0,0,40,4.631
348,2,0,3,0,6.144000217318535,4,4,0,0,40,0,0,40,4.631
348,24,0,0,0,18.432000651955605,4,4,0,1,39,0,0,40,89.42
348,24,0,1,0,69.63200122117996,4,4,0,1,39,0,0,40,89.42
348,24,0,2,0,9.216000325977802,4,4,0,1,39,0,0,40,89.42
348,24,0,3,0,4.095999989658594,4,4,0,1,39,0,0,40,89.42
348,40,0,0,1,14.336000196635723,4,4,0,0,40,0,0,40,2.42
348,40,0,1,1,67.58400052785873,4,4,0,0,40,0,0,40,2.42
348,40,0,2,1,9.216000325977802,4,4,0,0,40,0,0,40,2.42
348,40,0,3,1,5.119999870657921,4,4,0,0,40,0,0,40,2.42
349,2,0,0,0,9.216000325977802,1,1,0,2,8,0,0,10,188.71
349,2,0,1,0,27.648000046610832,1,1,0,2,8,0,0,10,188.71
349,2,0,2,0,9.216000325977802,1,1,0,2,8,0,0,10,188.71
349,2,0,3,0,138.2399946451187,1,1,0,2,8,0,0,10,188.71
349,24,0,0,0,8.191999979317188,1,1,0,0,10,0,0,10,0.83
349,24,0,1,0,31.74399957060814,1,1,0,0,10,0,0,10,0.83
349,24,0,2,0,8.191999979317188,1,1,0,0,10,0,0,10,0.83
349,24,0,3,0,4.095999989658594,1,1,0,0,10,0,0,10,0.83
349,40,0,0,1,8.191999979317188,1,1,0,0,10,0,0,10,0.54
349,40,0,1,1,34.81600061058998,1,1,0,0,10,0,0,10,0.54
349,40,0,2,1,8.191999979317188,1,1,0,0,10,0,0,10,0.54
349,40,0,3,1,4.095999989658594,1,1,0,0,10,0,0,10,0.54
350,2,0,0,0,9.216000325977802,2,2,0,0,20,0,0,20,1.84
350,2,0,1,0,49.15200173854828,2,2,0,0,20,0,0,20,1.84
350,2,0,2,0,9.216000325977802,2,2,0,0,20,0,0,20,1.84
350,2,0,3,0,4.095999989658594,2,2,0,0,20,0,0,20,1.84
350,24,0,0,0,8.191999979317188,2,2,0,0,20,0,0,20,1.1
350,24,0,1,0,43.007999658584595,2,2,0,0,20,0,0,20,1.1
350,24,0,2,0,9.216000325977802,2,2,0,0,20,0,0,20,1.1
350,24,0,3,0,4.095999989658594,2,2,0,0,20,0,0,20,1.1
350,40,0,0,1,9.216000325977802,2,2,0,0,20,0,0,20,2.93
350,40,0,1,1,52.22399905323982,2,2,0,0,20,0,0,20,2.93
350,40,0,2,1,9.216000325977802,2,2,0,0,20,0,0,20,2.93
350,40,0,3,1,3.0720001086592674,2,2,0,0,20,0,0,20,2.93
351,2,0,0,0,9.216000325977802,3,3,0,1,29,0,0,30,64.32
351,2,0,1,0,66.56000018119812,3,3,0,1,29,0,0,30,64.32
351,2,0,2,0,9.216000325977802,3,3,0,1,29,0,0,30,64.32
351,2,0,3,0,6.144000217318535,3,3,0,1,29,0,0,30,64.32
351,24,0,0,0,9.216000325977802,3,3,0,0,30,0,0,30,1.16
351,24,0,1,0,57.34400078654289,3,3,0,0,30,0,0,30,1.16
351,24,0,2,0,8.191999979317188,3,3,0,0,30,0,0,30,1.16
351,24,0,3,0,3.0720001086592674,3,3,0,0,30,0,0,30,1.16
351,40,0,0,1,14.336000196635723,3,3,0,0,30,0,0,30,1.44
351,40,0,1,1,61.43999844789505,3,3,0,0,30,0,0,30,1.44
351,40,0,2,1,8.191999979317188,3,3,0,0,30,0,0,30,1.44
351,40,0,3,1,5.119999870657921,3,3,0,0,30,0,0,30,1.44
352,2,0,0,0,8.191999979317188,1,1,0,0,10,0,0,10,0.76
352,2,0,1,0,31.74399957060814,1,1,0,0,10,0,0,10,0.76
352,2,0,2,0,8.191999979317188,1,1,0,0,10,0,0,10,0.76
352,2,0,3,0,5.119999870657921,1,1,0,0,10,0,0,10,0.76
352,24,0,0,0,8.191999979317188,1,1,0,0,10,0,0,10,0.62
352,24,0,1,0,31.74399957060814,1,1,0,0,10,0,0,10,0.62
352,24,0,2,0,9.216000325977802,1,1,0,0,10,0,0,10,0.62
352,24,0,3,0,4.095999989658594,1,1,0,0,10,0,0,10,0.62
352,40,0,0,1,9.216000325977802,1,1,0,0,10,0,0,10,0.84
352,40,0,1,1,34.81600061058998,1,1,0,0,10,0,0,10,0.84
352,40,0,2,1,9.216000325977802,1,1,0,0,10,0,0,10,0.84
352,40,0,3,1,4.095999989658594,1,1,0,0,10,0,0,10,0.84
353,2,0,0,0,14.336000196635723,4,4,0,0,40,0,0,40,5.679
353,2,0,1,0,78.84799689054489,4,4,0,0,40,0,0,40,5.679
353,2,0,2,0,9.216000325977802,4,4,0,0,40,0,0,40,5.679
353,2,0,3,0,5.119999870657921,4,4,0,0,40,0,0,40,5.679
353,24,0,0,0,7.168000098317862,4,4,0,0,40,0,0,40,2.1
353,24,0,1,0,69.63200122117996,4,4,0,0,40,0,0,40,2.1
353,24,0,2,0,9.216000325977802,4,4,0,0,40,0,0,40,2.1
353,24,0,3,0,4.095999989658594,4,4,0,0,40,0,0,40,2.1
353,40,0,0,1,14.336000196635723,4,4,0,0,40,0,0,40,3.26
353,40,0,1,1,62.463998794555664,4,4,0,0,40,0,0,40,3.26
353,40,0,2,1,9.216000325977802,4,4,0,0,40,0,0,40,3.26
353,40,0,3,1,4.095999989658594,4,4,0,0,40,0,0,40,3.26
354,2,0,0,0,8.191999979317188,2,2,0,0,20,0,0,20,1.37
354,2,0,1,0,48.128001391887665,2,2,0,0,20,0,0,20,1.37
354,2,0,2,0,9.216000325977802,2,2,0,0,20,0,0,20,1.37
354,2,0,3,0,5.119999870657921,2,2,0,0,20,0,0,20,1.37
354,24,0,0,0,8.191999979317188,2,2,0,0,20,0,0,20,1.15
354,24,0,1,0,51.19999870657921,2,2,0,0,20,0,0,20,1.15
354,24,0,2,0,9.216000325977802,2,2,0,0,20,0,0,20,1.15
354,24,0,3,0,4.095999989658594,2,2,0,0,20,0,0,20,1.15
354,40,0,0,1,10.239999741315842,2,2,0,0,20,0,0,20,1.02
354,40,0,1,1,43.007999658584595,2,2,0,0,20,0,0,20,1.02
354,40,0,2,1,9.216000325977802,2,2,0,0,20,0,0,20,1.02
354,40,0,3,1,4.095999989658594,2,2,0,0,20,0,0,20,1.02
355,2,0,0,0,9.216000325977802,2,2,0,0,20,0,0,20,1.34
355,2,0,1,0,50.175998359918594,2,2,0,0,20,0,0,20,1.34
355,2,0,2,0,9.216000325977802,2,2,0,0,20,0,0,20,1.34
355,2,0,3,0,4.095999989658594,2,2,0,0,20,0,0,20,1.34
355,24,0,0,0,8.191999979317188,2,2,0,0,20,0,0,20,1.14
355,24,0,1,0,48.128001391887665,2,2,0,0,20,0,0,20,1.14
355,24,0,2,0,8.191999979317188,2,2,0,0,20,0,0,20,1.14
355,24,0,3,0,4.095999989658594,2,2,0,0,20,0,0,20,1.14
355,40,0,0,1,9.216000325977802,2,2,0,0,20,0,0,20,1.01
355,40,0,1,1,48.128001391887665,2,2,0,0,20,0,0,20,1.01
355,40,0,2,1,10.239999741315842,2,2,0,0,20,0,0,20,1.01
355,40,0,3,1,4.095999989658594,2,2,0,0,20,0,0,20,1.01
356,2,0,0,0,15.359999611973763,3,3,0,0,30,0,0,30,2.0
356,2,0,1,0,62.463998794555664,3,3,0,0,30,0,0,30,2.0
356,2,0,2,0,9.216000325977802,3,3,0,0,30,0,0,30,2.0
356,2,0,3,0,5.119999870657921,3,3,0,0,30,0,0,30,2.0
356,24,0,0,0,8.191999979317188,3,3,0,0,30,0,0,30,3.58
356,24,0,1,0,50.175998359918594,3,3,0,0,30,0,0,30,3.58
356,24,0,2,0,9.216000325977802,3,3,0,0,30,0,0,30,3.58
356,24,0,3,0,5.119999870657921,3,3,0,0,30,0,0,30,3.58
356,40,0,0,1,14.336000196635723,3,3,0,0,30,0,0,30,1.571
356,40,0,1,1,58.36800113320351,3,3,0,0,30,0,0,30,1.571
356,40,0,2,1,9.216000325977802,3,3,0,0,30,0,0,30,1.571
356,40,0,3,1,4.095999989658594,3,3,0,0,30,0,0,30,1.571
357,2,0,0,0,14.336000196635723,4,4,0,0,40,0,0,40,3.131
357,2,0,1,0,89.08800035715103,4,4,0,0,40,0,0,40,3.131
357,2,0,2,0,9.216000325977802,4,4,0,0,40,0,0,40,3.131
357,2,0,3,0,5.119999870657921,4,4,0,0,40,0,0,40,3.131
357,24,0,0,0,8.191999979317188,4,4,0,0,40,0,0,40,2.57
357,24,0,1,0,71.68000191450119,4,4,0,0,40,0,0,40,2.57
357,24,0,2,0,9.216000325977802,4,4,0,0,40,0,0,40,2.57
357,24,0,3,0,4.095999989658594,4,4,0,0,40,0,0,40,2.57
357,40,0,0,1,15.359999611973763,4,4,0,0,40,0,0,40,2.04
357,40,0,1,1,60.416001826524734,4,4,0,0,40,0,0,40,2.04
357,40,0,2,1,8.191999979317188,4,4,0,0,40,0,0,40,2.04
357,40,0,3,1,5.119999870657921,4,4,0,0,40,0,0,40,2.04
358,2,0,0,0,15.359999611973763,4,4,0,0,40,0,0,40,2.8
358,2,0,1,0,77.82399654388428,4,4,0,0,40,0,0,40,2.8
358,2,0,2,0,9.216000325977802,4,4,0,0,40,0,0,40,2.8
358,2,0,3,0,6.144000217318535,4,4,0,0,40,0,0,40,2.8
358,24,0,0,0,8.191999979317188,4,4,0,0,40,0,0,40,2.32
358,24,0,1,0,57.34400078654289,4,4,0,0,40,0,0,40,2.32
358,24,0,2,0,8.191999979317188,4,4,0,0,40,0,0,40,2.32
358,24,0,3,0,4.095999989658594,4,4,0,0,40,0,0,40,2.32
358,40,0,0,1,15.359999611973763,4,4,0,0,40,0,0,40,2.3
358,40,0,1,1,66.56000018119812,4,4,0,0,40,0,0,40,2.3
358,40,0,2,1,9.216000325977802,4,4,0,0,40,0,0,40,2.3
358,40,0,3,1,4.095999989658594,4,4,0,0,40,0,0,40,2.3
359,2,0,0,0,14.336000196635723,4,4,0,0,40,0,0,40,5.14
359,2,0,1,0,74.75200295448303,4,4,0,0,40,0,0,40,5.14
359,2,0,2,0,9.216000325977802,4,4,0,0,40,0,0,40,5.14
359,2,0,3,0,5.119999870657921,4,4,0,0,40,0,0,40,5.14
359,24,0,0,0,8.191999979317188,4,4,0,0,40,0,0,40,2.58
359,24,0,1,0,53.247999399900436,4,4,0,0,40,0,0,40,2.58
359,24,0,2,0,9.216000325977802,4,4,0,0,40,0,0,40,2.58
359,24,0,3,0,4.095999989658594,4,4,0,0,40,0,0,40,2.58
359,40,0,0,1,9.216000325977802,4,4,0,0,40,0,0,40,1.82
359,40,0,1,1,51.19999870657921,4,4,0,0,40,0,0,40,1.82
359,40,0,2,1,8.191999979317188,4,4,0,0,40,0,0,40,1.82
359,40,0,3,1,4.095999989658594,4,4,0,0,40,0,0,40,1.82
360,2,0,0,0,8.191999979317188,4,4,0,1,39,0,0,40,92.46
360,2,0,1,0,74.75200295448303,4,4,0,1,39,0,0,40,92.46
360,2,0,2,0,9.216000325977802,4,4,0,1,39,0,0,40,92.46
360,2,0,3,0,5.119999870657921,4,4,0,1,39,0,0,40,92.46
360,24,0,0,0,8.191999979317188,4,4,0,0,40,0,0,40,2.391
360,24,0,1,0,67.58400052785873,4,4,0,0,40,0,0,40,2.391
360,24,0,2,0,9.216000325977802,4,4,0,0,40,0,0,40,2.391
360,24,0,3,0,4.095999989658594,4,4,0,0,40,0,0,40,2.391
360,40,0,0,1,14.336000196635723,4,4,0,0,40,0,0,40,5.2
360,40,0,1,1,64.51199948787689,4,4,0,0,40,0,0,40,5.2
360,40,0,2,1,9.216000325977802,4,4,0,0,40,0,0,40,5.2
360,40,0,3,1,4.095999989658594,4,4,0,0,40,0,0,40,5.2
361,2,0,0,0,8.191999979317188,4,4,0,1,39,0,0,40,70.851
361,2,0,1,0,80.89599758386612,4,4,0,1,39,0,0,40,70.851
361,2,0,2,0,8.191999979317188,4,4,0,1,39,0,0,40,70.851
361,2,0,3,0,5.119999870657921,4,4,0,1,39,0,0,40,70.851
361,24,0,0,0,8.191999979317188,4,4,0,0,40,0,0,40,4.11
361,24,0,1,0,79.8719972372055,4,4,0,0,40,0,0,40,4.11
361,24,0,2,0,10.239999741315842,4,4,0,0,40,0,0,40,4.11
361,24,0,3,0,4.095999989658594,4,4,0,0,40,0,0,40,4.11
361,40,0,0,1,9.216000325977802,4,4,0,1,39,0,0,40,89.69
361,40,0,1,1,71.68000191450119,4,4,0,1,39,0,0,40,89.69
361,40,0,2,1,8.191999979317188,4,4,0,1,39,0,0,40,89.69
361,40,0,3,1,4.095999989658594,4,4,0,1,39,0,0,40,89.69
362,2,0,0,0,14.336000196635723,4,4,0,1,39,0,0,40,62.78
362,2,0,1,0,76.80000364780426,4,4,0,1,39,0,0,40,62.78
362,2,0,2,0,9.216000325977802,4,4,0,1,39,0,0,40,62.78
362,2,0,3,0,5.119999870657921,4,4,0,1,39,0,0,40,62.78
362,24,0,0,0,8.191999979317188,4,4,0,0,40,0,0,40,2.191
362,24,0,1,0,81.91999793052673,4,4,0,0,40,0,0,40,2.191
362,24,0,2,0,9.216000325977802,4,4,0,0,40,0,0,40,2.191
362,24,0,3,0,4.095999989658594,4,4,0,0,40,0,0,40,2.191
362,40,0,0,1,14.336000196635723,4,4,0,0,40,0,0,40,4.45
362,40,0,1,1,67.58400052785873,4,4,0,0,40,0,0,40,4.45
362,40,0,2,1,8.191999979317188,4,4,0,0,40,0,0,40,4.45
362,40,0,3,1,4.095999989658594,4,4,0,0,40,0,0,40,4.45
363,2,0,0,0,14.336000196635723,4,4,0,3,36,1,0,40,185.579
363,2,0,1,0,81.91999793052673,4,4,0,3,36,1,0,40,185.579
363,2,0,2,0,167.93599724769592,4,4,0,3,36,1,0,40,185.579
363,2,0,3,0,6.144000217318535,4,4,0,3,36,1,0,40,185.579
363,24,0,0,0,8.191999979317188,4,4,0,0,40,0,0,40,2.291
363,24,0,1,0,69.63200122117996,4,4,0,0,40,0,0,40,2.291
363,24,0,2,0,8.191999979317188,4,4,0,0,40,0,0,40,2.291
363,24,0,3,0,4.095999989658594,4,4,0,0,40,0,0,40,2.291
363,40,0,0,1,9.216000325977802,4,4,0,1,39,0,0,40,67.73
363,40,0,1,1,53.247999399900436,4,4,0,1,39,0,0,40,67.73
363,40,0,2,1,9.216000325977802,4,4,0,1,39,0,0,40,67.73
363,40,0,3,1,4.095999989658594,4,4,0,1,39,0,0,40,67.73
364,2,0,0,0,14.336000196635723,4,4,0,1,39,0,0,40,72.031
364,2,0,1,0,77.82399654388428,4,4,0,1,39,0,0,40,72.031
364,2,0,2,0,9.216000325977802,4,4,0,1,39,0,0,40,72.031
364,2,0,3,0,5.119999870657921,4,4,0,1,39,0,0,40,72.031
364,24,0,0,0,8.191999979317188,4,4,0,0,40,0,0,40,4.711
364,24,0,1,0,72.7040022611618,4,4,0,0,40,0,0,40,4.711
364,24,0,2,0,9.216000325977802,4,4,0,0,40,0,0,40,4.711
364,24,0,3,0,4.095999989658594,4,4,0,0,40,0,0,40,4.711
364,40,0,0,1,15.359999611973763,4,4,0,0,40,0,0,40,2.3
364,40,0,1,1,65.5359998345375,4,4,0,0,40,0,0,40,2.3
364,40,0,2,1,9.216000325977802,4,4,0,0,40,0,0,40,2.3
364,40,0,3,1,4.095999989658594,4,4,0,0,40,0,0,40,2.3
365,2,0,0,0,9.216000325977802,4,4,0,2,38,0,0,40,111.06
365,2,0,1,0,64.51199948787689,4,4,0,2,38,0,0,40,111.06
365,2,0,2,0,10.239999741315842,4,4,0,2,38,0,0,40,111.06
365,2,0,3,0,23.552000522613525,4,4,0,2,38,0,0,40,111.06
365,24,0,0,0,8.191999979317188,4,4,0,0,40,0,0,40,4.24
365,24,0,1,0,77.82399654388428,4,4,0,0,40,0,0,40,4.24
365,24,0,2,0,9.216000325977802,4,4,0,0,40,0,0,40,4.24
365,24,0,3,0,4.095999989658594,4,4,0,0,40,0,0,40,4.24
365,40,0,0,1,15.359999611973763,4,4,0,0,40,0,0,40,2.749
365,40,0,1,1,91.13600105047226,4,4,0,0,40,0,0,40,2.749
365,40,0,2,1,9.216000325977802,4,4,0,0,40,0,0,40,2.749
365,40,0,3,1,4.095999989658594,4,4,0,0,40,0,0,40,2.749
366,2,0,0,0,8.191999979317188,4,4,0,4,35,1,0,40,165.519
366,2,0,1,0,67.58400052785873,4,4,0,4,35,1,0,40,165.519
366,2,0,2,0,168.96000504493713,4,4,0,4,35,1,0,40,165.519
366,2,0,3,0,5.119999870657921,4,4,0,4,35,1,0,40,165.519
366,24,0,0,0,8.191999979317188,4,4,0,0,40,0,0,40,4.49
366,24,0,1,0,57.34400078654289,4,4,0,0,40,0,0,40,4.49
366,24,0,2,0,9.216000325977802,4,4,0,0,40,0,0,40,4.49
366,24,0,3,0,5.119999870657921,4,4,0,0,40,0,0,40,4.49
366,40,0,0,1,9.216000325977802,4,4,0,0,40,0,0,40,2.34
366,40,0,1,1,74.75200295448303,4,4,0,0,40,0,0,40,2.34
366,40,0,2,1,9.216000325977802,4,4,0,0,40,0,0,40,2.34
366,40,0,3,1,4.095999989658594,4,4,0,0,40,0,0,40,2.34
367,2,0,0,0,14.336000196635723,4,4,0,0,40,0,0,40,2.769
367,2,0,1,0,89.08800035715103,4,4,0,0,40,0,0,40,2.769
367,2,0,2,0,9.216000325977802,4,4,0,0,40,0,0,40,2.769
367,2,0,3,0,7.168000098317862,4,4,0,0,40,0,0,40,2.769
367,24,0,0,0,8.191999979317188,4,4,0,0,40,0,0,40,2.329
367,24,0,1,0,64.51199948787689,4,4,0,0,40,0,0,40,2.329
367,24,0,2,0,9.216000325977802,4,4,0,0,40,0,0,40,2.329
367,24,0,3,0,4.095999989658594,4,4,0,0,40,0,0,40,2.329
367,40,0,0,1,8.191999979317188,4,4,0,0,40,0,0,40,2.7
367,40,0,1,1,79.8719972372055,4,4,0,0,40,0,0,40,2.7
367,40,0,2,1,9.216000325977802,4,4,0,0,40,0,0,40,2.7
367,40,0,3,1,4.095999989658594,4,4,0,0,40,0,0,40,2.7
368,2,0,0,0,9.216000325977802,4,4,0,2,38,0,0,40,109.849
368,2,0,1,0,71.68000191450119,4,4,0,2,38,0,0,40,109.849
368,2,0,2,0,9.216000325977802,4,4,0,2,38,0,0,40,109.849
368,2,0,3,0,16.383999958634377,4,4,0,2,38,0,0,40,109.849
368,24,0,0,0,7.168000098317862,4,4,0,0,40,0,0,40,4.67
368,24,0,1,0,69.63200122117996,4,4,0,0,40,0,0,40,4.67
368,24,0,2,0,9.216000325977802,4,4,0,0,40,0,0,40,4.67
368,24,0,3,0,4.095999989658594,4,4,0,0,40,0,0,40,4.67
368,40,0,0,1,15.359999611973763,4,4,0,0,40,0,0,40,2.56
368,40,0,1,1,72.7040022611618,4,4,0,0,40,0,0,40,2.56
368,40,0,2,1,9.216000325977802,4,4,0,0,40,0,0,40,2.56
368,40,0,3,1,4.095999989658594,4,4,0,0,40,0,0,40,2.56
369,2,0,0,0,14.336000196635723,4,4,0,0,40,0,0,40,2.7
369,2,0,1,0,89.08800035715103,4,4,0,0,40,0,0,40,2.7
369,2,0,2,0,9.216000325977802,4,4,0,0,40,0,0,40,2.7
369,2,0,3,0,5.119999870657921,4,4,0,0,40,0,0,40,2.7
369,24,0,0,0,8.191999979317188,4,4,0,0,40,0,0,40,2.06
369,24,0,1,0,84.99199897050858,4,4,0,0,40,0,0,40,2.06
369,24,0,2,0,9.216000325977802,4,4,0,0,40,0,0,40,2.06
369,24,0,3,0,4.095999989658594,4,4,0,0,40,0,0,40,2.06
369,40,0,0,1,15.359999611973763,4,4,0,0,40,0,0,40,3.531
369,40,0,1,1,55.296000093221664,4,4,0,0,40,0,0,40,3.531
369,40,0,2,1,9.216000325977802,4,4,0,0,40,0,0,40,3.531
369,40,0,3,1,4.095999989658594,4,4,0,0,40,0,0,40,3.531
370,2,0,0,0,8.191999979317188,2,2,0,0,20,0,0,20,1.16
370,2,0,1,0,52.22399905323982,2,2,0,0,20,0,0,20,1.16
370,2,0,2,0,9.216000325977802,2,2,0,0,20,0,0,20,1.16
370,2,0,3,0,4.095999989658594,2,2,0,0,20,0,0,20,1.16
370,24,0,0,0,8.191999979317188,2,2,0,0,20,0,0,20,1.0
370,24,0,1,0,55.296000093221664,2,2,0,0,20,0,0,20,1.0
370,24,0,2,0,8.191999979317188,2,2,0,0,20,0,0,20,1.0
370,24,0,3,0,4.095999989658594,2,2,0,0,20,0,0,20,1.0
370,40,0,0,1,8.191999979317188,2,2,0,0,20,0,0,20,0.909
370,40,0,1,1,40.95999896526337,2,2,0,0,20,0,0,20,0.909
370,40,0,2,1,9.216000325977802,2,2,0,0,20,0,0,20,0.909
370,40,0,3,1,4.095999989658594,2,2,0,0,20,0,0,20,0.909
371,2,0,0,0,8.191999979317188,1,1,0,0,10,0,0,10,0.609
371,2,0,1,0,32.76799991726875,1,1,0,0,10,0,0,10,0.609
371,2,0,2,0,9.216000325977802,1,1,0,0,10,0,0,10,0.609
371,2,0,3,0,5.119999870657921,1,1,0,0,10,0,0,10,0.609
371,24,0,0,0,8.191999979317188,1,1,0,0,10,0,0,10,0.4
371,24,0,1,0,32.76799991726875,1,1,0,0,10,0,0,10,0.4
371,24,0,2,0,8.191999979317188,1,1,0,0,10,0,0,10,0.4
371,24,0,3,0,4.095999989658594,1,1,0,0,10,0,0,10,0.4
371,40,0,0,1,10.239999741315842,1,1,0,0,10,0,0,10,0.53
371,40,0,1,1,35.840000957250595,1,1,0,0,10,0,0,10,0.53
371,40,0,2,1,9.216000325977802,1,1,0,0,10,0,0,10,0.53
371,40,0,3,1,5.119999870657921,1,1,0,0,10,0,0,10,0.53
372,2,0,0,0,15.359999611973763,4,4,0,0,40,0,0,40,4.0
372,2,0,1,0,81.91999793052673,4,4,0,0,40,0,0,40,4.0
372,2,0,2,0,9.216000325977802,4,4,0,0,40,0,0,40,4.0
372,2,0,3,0,6.144000217318535,4,4,0,0,40,0,0,40,4.0
372,24,0,0,0,8.191999979317188,4,4,0,0,40,0,0,40,4.07
372,24,0,1,0,73.72800260782242,4,4,0,0,40,0,0,40,4.07
372,24,0,2,0,9.216000325977802,4,4,0,0,40,0,0,40,4.07
372,24,0,3,0,4.095999989658594,4,4,0,0,40,0,0,40,4.07
372,40,0,0,1,15.359999611973763,4,4,0,0,40,0,0,40,5.59
372,40,0,1,1,69.63200122117996,4,4,0,0,40,0,0,40,5.59
372,40,0,2,1,9.216000325977802,4,4,0,0,40,0,0,40,5.59
372,40,0,3,1,4.095999989658594,4,4,0,0,40,0,0,40,5.59
373,2,0,0,0,15.359999611973763,4,4,0,1,39,0,0,40,62.32
373,2,0,1,0,81.91999793052673,4,4,0,1,39,0,0,40,62.32
373,2,0,2,0,9.216000325977802,4,4,0,1,39,0,0,40,62.32
373,2,0,3,0,5.119999870657921,4,4,0,1,39,0,0,40,62.32
373,24,0,0,0,8.191999979317188,4,4,0,1,39,0,0,40,61.469
373,24,0,1,0,70.65600156784058,4,4,0,1,39,0,0,40,61.469
373,24,0,2,0,8.191999979317188,4,4,0,1,39,0,0,40,61.469
373,24,0,3,0,5.119999870657921,4,4,0,1,39,0,0,40,61.469
373,40,0,0,1,13.311999849975109,4,4,0,0,40,0,0,40,2.51
373,40,0,1,1,81.91999793052673,4,4,0,0,40,0,0,40,2.51
373,40,0,2,1,9.216000325977802,4,4,0,0,40,0,0,40,2.51
373,40,0,3,1,4.095999989658594,4,4,0,0,40,0,0,40,2.51
374,2,0,0,0,14.336000196635723,4,4,0,0,40,0,0,40,3.209
374,2,0,1,0,86.01599931716919,4,4,0,0,40,0,0,40,3.209
374,2,0,2,0,8.191999979317188,4,4,0,0,40,0,0,40,3.209
374,2,0,3,0,5.119999870657921,4,4,0,0,40,0,0,40,3.209
374,24,0,0,0,8.191999979317188,4,4,0,0,40,0,0,40,2.79
374,24,0,1,0,74.75200295448303,4,4,0,0,40,0,0,40,2.79
374,24,0,2,0,9.216000325977802,4,4,0,0,40,0,0,40,2.79
374,24,0,3,0,5.119999870657921,4,4,0,0,40,0,0,40,2.79
374,40,0,0,1,129.02399897575378,4,4,0,0,40,0,0,40,2.71
374,40,0,1,1,71.68000191450119,4,4,0,0,40,0,0,40,2.71
374,40,0,2,1,9.216000325977802,4,4,0,0,40,0,0,40,2.71
374,40,0,3,1,5.119999870657921,4,4,0,0,40,0,0,40,2.71
375,2,0,0,0,8.191999979317188,2,2,0,0,20,0,0,20,1.45
375,2,0,1,0,49.15200173854828,2,2,0,0,20,0,0,20,1.45
375,2,0,2,0,8.191999979317188,2,2,0,0,20,0,0,20,1.45
375,2,0,3,0,4.095999989658594,2,2,0,0,20,0,0,20,1.45
375,24,0,0,0,8.191999979317188,2,2,0,0,20,0,0,20,2.3
375,24,0,1,0,50.175998359918594,2,2,0,0,20,0,0,20,2.3
375,24,0,2,0,9.216000325977802,2,2,0,0,20,0,0,20,2.3
375,24,0,3,0,4.095999989658594,2,2,0,0,20,0,0,20,2.3
375,40,0,0,1,9.216000325977802,2,2,0,0,20,0,0,20,1.11
375,40,0,1,1,45.05600035190582,2,2,0,0,20,0,0,20,1.11
375,40,0,2,1,8.191999979317188,2,2,0,0,20,0,0,20,1.11
375,40,0,3,1,4.095999989658594,2,2,0,0,20,0,0,20,1.11
376,2,0,0,0,10.239999741315842,1,1,0,1,9,0,0,10,51.21
376,2,0,1,0,30.719999223947525,1,1,0,1,9,0,0,10,51.21
376,2,0,2,0,9.216000325977802,1,1,0,1,9,0,0,10,51.21
376,2,0,3,0,6.144000217318535,1,1,0,1,9,0,0,10,51.21
376,24,0,0,0,8.191999979317188,1,1,0,0,10,0,0,10,0.49
376,24,0,1,0,31.74399957060814,1,1,0,0,10,0,0,10,0.49
376,24,0,2,0,9.216000325977802,1,1,0,0,10,0,0,10,0.49
376,24,0,3,0,4.095999989658594,1,1,0,0,10,0,0,10,0.49
376,40,0,0,1,9.216000325977802,1,1,0,0,10,0,0,10,0.54
376,40,0,1,1,35.840000957250595,1,1,0,0,10,0,0,10,0.54
376,40,0,2,1,8.191999979317188,1,1,0,0,10,0,0,10,0.54
376,40,0,3,1,4.095999989658594,1,1,0,0,10,0,0,10,0.54
377,2,0,0,0,8.191999979317188,1,1,0,0,10,0,0,10,2.28
377,2,0,1,0,31.74399957060814,1,1,0,0,10,0,0,10,2.28
377,2,0,2,0,8.191999979317188,1,1,0,0,10,0,0,10,2.28
377,2,0,3,0,5.119999870657921,1,1,0,0,10,0,0,10,2.28
377,24,0,0,0,9.216000325977802,1,1,0,0,10,0,0,10,0.41
377,24,0,1,0,31.74399957060814,1,1,0,0,10,0,0,10,0.41
377,24,0,2,0,9.216000325977802,1,1,0,0,10,0,0,10,0.41
377,24,0,3,0,4.095999989658594,1,1,0,0,10,0,0,10,0.41
377,40,0,0,1,9.216000325977802,1,1,0,0,10,0,0,10,0.5
377,40,0,1,1,35.840000957250595,1,1,0,0,10,0,0,10,0.5
377,40,0,2,1,8.191999979317188,1,1,0,0,10,0,0,10,0.5
377,40,0,3,1,4.095999989658594,1,1,0,0,10,0,0,10,0.5
378,2,0,0,0,14.336000196635723,4,4,0,0,40,0,0,40,2.68
378,2,0,1,0,68.60800087451935,4,4,0,0,40,0,0,40,2.68
378,2,0,2,0,9.216000325977802,4,4,0,0,40,0,0,40,2.68
378,2,0,3,0,5.119999870657921,4,4,0,0,40,0,0,40,2.68
378,24,0,0,0,8.191999979317188,4,4,0,0,40,0,0,40,1.43
378,24,0,1,0,58.36800113320351,4,4,0,0,40,0,0,40,1.43
378,24,0,2,0,9.216000325977802,4,4,0,0,40,0,0,40,1.43
378,24,0,3,0,4.095999989658594,4,4,0,0,40,0,0,40,1.43
378,40,0,0,1,8.191999979317188,4,4,0,1,39,0,0,40,85.739
378,40,0,1,1,84.99199897050858,4,4,0,1,39,0,0,40,85.739
378,40,0,2,1,8.191999979317188,4,4,0,1,39,0,0,40,85.739
378,40,0,3,1,4.095999989658594,4,4,0,1,39,0,0,40,85.739
379,2,0,0,0,14.336000196635723,4,4,0,0,40,0,0,40,2.029
379,2,0,1,0,60.416001826524734,4,4,0,0,40,0,0,40,2.029
379,2,0,2,0,9.216000325977802,4,4,0,0,40,0,0,40,2.029
379,2,0,3,0,8.191999979317188,4,4,0,0,40,0,0,40,2.029
379,24,0,0,0,8.191999979317188,4,4,0,0,40,0,0,40,3.631
379,24,0,1,0,52.22399905323982,4,4,0,0,40,0,0,40,3.631
379,24,0,2,0,9.216000325977802,4,4,0,0,40,0,0,40,3.631
379,24,0,3,0,4.095999989658594,4,4,0,0,40,0,0,40,3.631
379,40,0,0,1,15.359999611973763,4,4,0,0,40,0,0,40,1.68
379,40,0,1,1,62.463998794555664,4,4,0,0,40,0,0,40,1.68
379,40,0,2,1,8.191999979317188,4,4,0,0,40,0,0,40,1.68
379,40,0,3,1,4.095999989658594,4,4,0,0,40,0,0,40,1.68
380,2,0,0,0,14.336000196635723,4,4,0,0,40,0,0,40,2.29
380,2,0,1,0,70.65600156784058,4,4,0,0,40,0,0,40,2.29
380,2,0,2,0,9.216000325977802,4,4,0,0,40,0,0,40,2.29
380,2,0,3,0,5.119999870657921,4,4,0,0,40,0,0,40,2.29
380,24,0,0,0,7.168000098317862,4,4,0,0,40,0,0,40,1.6
380,24,0,1,0,56.32000043988228,4,4,0,0,40,0,0,40,1.6
380,24,0,2,0,8.191999979317188,4,4,0,0,40,0,0,40,1.6
380,24,0,3,0,4.095999989658594,4,4,0,0,40,0,0,40,1.6
380,40,0,0,1,8.191999979317188,4,4,0,1,39,0,0,40,101.031
380,40,0,1,1,86.01599931716919,4,4,0,1,39,0,0,40,101.031
380,40,0,2,1,8.191999979317188,4,4,0,1,39,0,0,40,101.031
380,40,0,3,1,4.095999989658594,4,4,0,1,39,0,0,40,101.031
381,2,0,0,0,8.191999979317188,1,1,0,0,10,0,0,10,0.55
381,2,0,1,0,32.76799991726875,1,1,0,0,10,0,0,10,0.55
381,2,0,2,0,9.216000325977802,1,1,0,0,10,0,0,10,0.55
381,2,0,3,0,4.095999989658594,1,1,0,0,10,0,0,10,0.55
381,24,0,0,0,7.168000098317862,1,1,0,0,10,0,0,10,0.48
381,24,0,1,0,31.74399957060814,1,1,0,0,10,0,0,10,0.48
381,24,0,2,0,8.191999979317188,1,1,0,0,10,0,0,10,0.48
381,24,0,3,0,4.095999989658594,1,1,0,0,10,0,0,10,0.48
381,40,0,0,1,10.239999741315842,1,1,0,0,10,0,0,10,0.36
381,40,0,1,1,34.81600061058998,1,1,0,0,10,0,0,10,0.36
381,40,0,2,1,8.191999979317188,1,1,0,0,10,0,0,10,0.36
381,40,0,3,1,4.095999989658594,1,1,0,0,10,0,0,10,0.36
382,2,0,0,0,9.216000325977802,2,2,0,1,19,0,0,20,55.76
382,2,0,1,0,45.05600035190582,2,2,0,1,19,0,0,20,55.76
382,2,0,2,0,9.216000325977802,2,2,0,1,19,0,0,20,55.76
382,2,0,3,0,4.095999989658594,2,2,0,1,19,0,0,20,55.76
382,24,0,0,0,8.191999979317188,2,2,0,0,20,0,0,20,0.69
382,24,0,1,0,43.007999658584595,2,2,0,0,20,0,0,20,0.69
382,24,0,2,0,9.216000325977802,2,2,0,0,20,0,0,20,0.69
382,24,0,3,0,4.095999989658594,2,2,0,0,20,0,0,20,0.69
382,40,0,0,1,9.216000325977802,2,2,0,0,20,0,0,20,0.82
382,40,0,1,1,55.296000093221664,2,2,0,0,20,0,0,20,0.82
382,40,0,2,1,9.216000325977802,2,2,0,0,20,0,0,20,0.82
382,40,0,3,1,4.095999989658594,2,2,0,0,20,0,0,20,0.82
383,2,0,0,0,8.191999979317188,2,2,0,0,20,0,0,20,1.09
383,2,0,1,0,54.27199974656105,2,2,0,0,20,0,0,20,1.09
383,2,0,2,0,9.216000325977802,2,2,0,0,20,0,0,20,1.09
383,2,0,3,0,4.095999989658594,2,2,0,0,20,0,0,20,1.09
383,24,0,0,0,8.191999979317188,2,2,0,0,20,0,0,20,0.691
383,24,0,1,0,46.08000069856644,2,2,0,0,20,0,0,20,0.691
383,24,0,2,0,9.216000325977802,2,2,0,0,20,0,0,20,0.691
383,24,0,3,0,4.095999989658594,2,2,0,0,20,0,0,20,0.691
383,40,0,0,1,9.216000325977802,2,2,0,0,20,0,0,20,0.63
383,40,0,1,1,38.91199827194214,2,2,0,0,20,0,0,20,0.63
383,40,0,2,1,10.239999741315842,2,2,0,0,20,0,0,20,0.63
383,40,0,3,1,4.095999989658594,2,2,0,0,20,0,0,20,0.63
384,2,0,0,0,9.216000325977802,2,2,0,0,20,0,0,20,2.12
384,2,0,1,0,44.03200000524521,2,2,0,0,20,0,0,20,2.12
384,2,0,2,0,9.216000325977802,2,2,0,0,20,0,0,20,2.12
384,2,0,3,0,4.095999989658594,2,2,0,0,20,0,0,20,2.12
384,24,0,0,0,8.191999979317188,2,2,0,0,20,0,0,20,1.011
384,24,0,1,0,40.95999896526337,2,2,0,0,20,0,0,20,1.011
384,24,0,2,0,9.216000325977802,2,2,0,0,20,0,0,20,1.011
384,24,0,3,0,3.0720001086592674,2,2,0,0,20,0,0,20,1.011
384,40,0,0,1,9.216000325977802,2,2,0,0,20,0,0,20,0.74
384,40,0,1,1,41.98399931192398,2,2,0,0,20,0,0,20,0.74
384,40,0,2,1,9.216000325977802,2,2,0,0,20,0,0,20,0.74
384,40,0,3,1,4.095999989658594,2,2,0,0,20,0,0,20,0.74
385,2,0,0,0,9.216000325977802,4,4,0,1,39,0,0,40,53.28
385,2,0,1,0,68.60800087451935,4,4,0,1,39,0,0,40,53.28
385,2,0,2,0,9.216000325977802,4,4,0,1,39,0,0,40,53.28
385,2,0,3,0,5.119999870657921,4,4,0,1,39,0,0,40,53.28
385,24,0,0,0,8.191999979317188,4,4,0,0,40,0,0,40,3.31
385,24,0,1,0,67.58400052785873,4,4,0,0,40,0,0,40,3.31
385,24,0,2,0,9.216000325977802,4,4,0,0,40,0,0,40,3.31
385,24,0,3,0,4.095999989658594,4,4,0,0,40,0,0,40,3.31
385,40,0,0,1,14.336000196635723,4,4,0,0,40,0,0,40,2.02
385,40,0,1,1,83.96799862384796,4,4,0,0,40,0,0,40,2.02
385,40,0,2,1,9.216000325977802,4,4,0,0,40,0,0,40,2.02
385,40,0,3,1,4.095999989658594,4,4,0,0,40,0,0,40,2.02
386,2,0,0,0,8.191999979317188,1,1,0,0,10,0,0,10,0.549
386,2,0,1,0,32.76799991726875,1,1,0,0,10,0,0,10,0.549
386,2,0,2,0,9.216000325977802,1,1,0,0,10,0,0,10,0.549
386,2,0,3,0,4.095999989658594,1,1,0,0,10,0,0,10,0.549
386,24,0,0,0,28.672000393271446,1,1,0,0,10,0,0,10,0.689
386,24,0,1,0,31.74399957060814,1,1,0,0,10,0,0,10,0.689
386,24,0,2,0,9.216000325977802,1,1,0,0,10,0,0,10,0.689
386,24,0,3,0,4.095999989658594,1,1,0,0,10,0,0,10,0.689
386,40,0,0,1,8.191999979317188,1,1,0,0,10,0,0,10,0.289
386,40,0,1,1,34.81600061058998,1,1,0,0,10,0,0,10,0.289
386,40,0,2,1,9.216000325977802,1,1,0,0,10,0,0,10,0.289
386,40,0,3,1,4.095999989658594,1,1,0,0,10,0,0,10,0.289
387,2,0,0,0,9.216000325977802,3,3,0,0,30,0,0,30,1.23
387,2,0,1,0,65.5359998345375,3,3,0,0,30,0,0,30,1.23
387,2,0,2,0,9.216000325977802,3,3,0,0,30,0,0,30,1.23
387,2,0,3,0,5.119999870657921,3,3,0,0,30,0,0,30,1.23
387,24,0,0,0,8.191999979317188,3,3,0,0,30,0,0,30,1.18
387,24,0,1,0,64.51199948787689,3,3,0,0,30,0,0,30,1.18
387,24,0,2,0,9.216000325977802,3,3,0,0,30,0,0,30,1.18
387,24,0,3,0,4.095999989658594,3,3,0,0,30,0,0,30,1.18
387,40,0,0,1,9.216000325977802,3,3,0,1,29,0,0,30,68.73
387,40,0,1,1,73.72800260782242,3,3,0,1,29,0,0,30,68.73
387,40,0,2,1,9.216000325977802,3,3,0,1,29,0,0,30,68.73
387,40,0,3,1,4.095999989658594,3,3,0,1,29,0,0,30,68.73
388,2,0,0,0,8.191999979317188,4,4,0,1,39,0,0,40,114.51
388,2,0,1,0,77.82399654388428,4,4,0,1,39,0,0,40,114.51
388,2,0,2,0,9.216000325977802,4,4,0,1,39,0,0,40,114.51
388,2,0,3,0,15.359999611973763,4,4,0,1,39,0,0,40,114.51
388,24,0,0,0,8.191999979317188,4,4,0,0,40,0,0,40,3.53
388,24,0,1,0,67.58400052785873,4,4,0,0,40,0,0,40,3.53
388,24,0,2,0,9.216000325977802,4,4,0,0,40,0,0,40,3.53
388,24,0,3,0,4.095999989658594,4,4,0,0,40,0,0,40,3.53
388,40,0,0,1,1101.8240451812744,4,4,0,0,40,0,0,40,3.371
388,40,0,1,1,61.43999844789505,4,4,0,0,40,0,0,40,3.371
388,40,0,2,1,9.216000325977802,4,4,0,0,40,0,0,40,3.371
388,40,0,3,1,4.095999989658594,4,4,0,0,40,0,0,40,3.371
389,2,0,0,0,163.83999586105347,4,4,0,0,40,0,0,40,2.02
389,2,0,1,0,87.0399996638298,4,4,0,0,40,0,0,40,2.02
389,2,0,2,0,9.216000325977802,4,4,0,0,40,0,0,40,2.02
389,2,0,3,0,5.119999870657921,4,4,0,0,40,0,0,40,2.02
389,24,0,0,0,8.191999979317188,4,4,0,0,40,0,0,40,1.31
389,24,0,1,0,64.51199948787689,4,4,0,0,40,0,0,40,1.31
389,24,0,2,0,9.216000325977802,4,4,0,0,40,0,0,40,1.31
389,24,0,3,0,4.095999989658594,4,4,0,0,40,0,0,40,1.31
389,40,0,0,1,9.216000325977802,4,4,0,1,39,0,0,40,68.02
389,40,0,1,1,79.8719972372055,4,4,0,1,39,0,0,40,68.02
389,40,0,2,1,9.216000325977802,4,4,0,1,39,0,0,40,68.02
389,40,0,3,1,4.095999989658594,4,4,0,1,39,0,0,40,68.02
390,2,0,0,0,9.216000325977802,4,4,0,1,39,0,0,40,116.53
390,2,0,1,0,87.0399996638298,4,4,0,1,39,0,0,40,116.53
390,2,0,2,0,10.239999741315842,4,4,0,1,39,0,0,40,116.53
390,2,0,3,0,7.168000098317862,4,4,0,1,39,0,0,40,116.53
390,24,0,0,0,8.191999979317188,4,4,0,0,40,0,0,40,1.749
390,24,0,1,0,80.89599758386612,4,4,0,0,40,0,0,40,1.749
390,24,0,2,0,9.216000325977802,4,4,0,0,40,0,0,40,1.749
390,24,0,3,0,4.095999989658594,4,4,0,0,40,0,0,40,1.749
390,40,0,0,1,14.336000196635723,4,4,0,0,40,0,0,40,3.371
390,40,0,1,1,76.80000364780426,4,4,0,0,40,0,0,40,3.371
390,40,0,2,1,9.216000325977802,4,4,0,0,40,0,0,40,3.371
390,40,0,3,1,4.095999989658594,4,4,0,0,40,0,0,40,3.371
391,2,0,0,0,9.216000325977802,3,3,0,2,28,0,0,30,101.49
391,2,0,1,0,58.36800113320351,3,3,0,2,28,0,0,30,101.49
391,2,0,2,0,9.216000325977802,3,3,0,2,28,0,0,30,101.49
391,2,0,3,0,22.52800017595291,3,3,0,2,28,0,0,30,101.49
391,24,0,0,0,10.239999741315842,3,3,0,0,30,0,0,30,0.98
391,24,0,1,0,55.296000093221664,3,3,0,0,30,0,0,30,0.98
391,24,0,2,0,8.191999979317188,3,3,0,0,30,0,0,30,0.98
391,24,0,3,0,4.095999989658594,3,3,0,0,30,0,0,30,0.98
391,40,0,0,1,7.168000098317862,3,3,0,0,30,0,0,30,2.52
391,40,0,1,1,56.32000043988228,3,3,0,0,30,0,0,30,2.52
391,40,0,2,1,9.216000325977802,3,3,0,0,30,0,0,30,2.52
391,40,0,3,1,4.095999989658594,3,3,0,0,30,0,0,30,2.52
392,2,0,0,0,10.239999741315842,4,4,0,0,40,0,0,40,4.47
392,2,0,1,0,87.0399996638298,4,4,0,0,40,0,0,40,4.47
392,2,0,2,0,9.216000325977802,4,4,0,0,40,0,0,40,4.47
392,2,0,3,0,7.168000098317862,4,4,0,0,40,0,0,40,4.47
392,24,0,0,0,8.191999979317188,4,4,0,0,40,0,0,40,1.4
392,24,0,1,0,71.68000191450119,4,4,0,0,40,0,0,40,1.4
392,24,0,2,0,9.216000325977802,4,4,0,0,40,0,0,40,1.4
392,24,0,3,0,4.095999989658594,4,4,0,0,40,0,0,40,1.4
392,40,0,0,1,14.336000196635723,4,4,0,0,40,0,0,40,3.62
392,40,0,1,1,87.0399996638298,4,4,0,0,40,0,0,40,3.62
392,40,0,2,1,9.216000325977802,4,4,0,0,40,0,0,40,3.62
392,40,0,3,1,5.119999870657921,4,4,0,0,40,0,0,40,3.62
393,2,0,0,0,15.359999611973763,4,4,0,0,40,0,0,40,1.93
393,2,0,1,0,89.08800035715103,4,4,0,0,40,0,0,40,1.93
393,2,0,2,0,8.191999979317188,4,4,0,0,40,0,0,40,1.93
393,2,0,3,0,5.119999870657921,4,4,0,0,40,0,0,40,1.93
393,24,0,0,0,7.168000098317862,4,4,0,0,40,0,0,40,2.0
393,24,0,1,0,73.72800260782242,4,4,0,0,40,0,0,40,2.0
393,24,0,2,0,9.216000325977802,4,4,0,0,40,0,0,40,2.0
393,24,0,3,0,5.119999870657921,4,4,0,0,40,0,0,40,2.0
393,40,0,0,1,14.336000196635723,4,4,0,0,40,0,0,40,2.86
393,40,0,1,1,61.43999844789505,4,4,0,0,40,0,0,40,2.86
393,40,0,2,1,9.216000325977802,4,4,0,0,40,0,0,40,2.86
393,40,0,3,1,4.095999989658594,4,4,0,0,40,0,0,40,2.86
394,2,0,0,0,15.359999611973763,3,3,0,0,30,0,0,30,1.37
394,2,0,1,0,62.463998794555664,3,3,0,0,30,0,0,30,1.37
394,2,0,2,0,9.216000325977802,3,3,0,0,30,0,0,30,1.37
394,2,0,3,0,5.119999870657921,3,3,0,0,30,0,0,30,1.37
394,24,0,0,0,8.191999979317188,3,3,0,0,30,0,0,30,1.32
394,24,0,1,0,52.22399905323982,3,3,0,0,30,0,0,30,1.32
394,24,0,2,0,9.216000325977802,3,3,0,0,30,0,0,30,1.32
394,24,0,3,0,4.095999989658594,3,3,0,0,30,0,0,30,1.32
394,40,0,0,1,15.359999611973763,3,3,0,0,30,0,0,30,1.109
394,40,0,1,1,59.39200147986412,3,3,0,0,30,0,0,30,1.109
394,40,0,2,1,8.191999979317188,3,3,0,0,30,0,0,30,1.109
394,40,0,3,1,4.095999989658594,3,3,0,0,30,0,0,30,1.109
395,2,0,0,0,9.216000325977802,3,3,0,0,30,0,0,30,1.15
395,2,0,1,0,74.75200295448303,3,3,0,0,30,0,0,30,1.15
395,2,0,2,0,9.216000325977802,3,3,0,0,30,0,0,30,1.15
395,2,0,3,0,6.144000217318535,3,3,0,0,30,0,0,30,1.15
395,24,0,0,0,8.191999979317188,3,3,0,0,30,0,0,30,1.02
395,24,0,1,0,59.39200147986412,3,3,0,0,30,0,0,30,1.02
395,24,0,2,0,8.191999979317188,3,3,0,0,30,0,0,30,1.02
395,24,0,3,0,3.0720001086592674,3,3,0,0,30,0,0,30,1.02
395,40,0,0,1,14.336000196635723,3,3,0,0,30,0,0,30,0.99
395,40,0,1,1,44.03200000524521,3,3,0,0,30,0,0,30,0.99
395,40,0,2,1,9.216000325977802,3,3,0,0,30,0,0,30,0.99
395,40,0,3,1,4.095999989658594,3,3,0,0,30,0,0,30,0.99
396,2,0,0,0,9.216000325977802,4,4,0,0,40,0,0,40,1.91
396,2,0,1,0,86.01599931716919,4,4,0,0,40,0,0,40,1.91
396,2,0,2,0,10.239999741315842,4,4,0,0,40,0,0,40,1.91
396,2,0,3,0,5.119999870657921,4,4,0,0,40,0,0,40,1.91
396,24,0,0,0,8.191999979317188,4,4,0,0,40,0,0,40,1.63
396,24,0,1,0,67.58400052785873,4,4,0,0,40,0,0,40,1.63
396,24,0,2,0,9.216000325977802,4,4,0,0,40,0,0,40,1.63
396,24,0,3,0,5.119999870657921,4,4,0,0,40,0,0,40,1.63
396,40,0,0,1,9.216000325977802,4,4,0,0,40,0,0,40,3.171
396,40,0,1,1,69.63200122117996,4,4,0,0,40,0,0,40,3.171
396,40,0,2,1,8.191999979317188,4,4,0,0,40,0,0,40,3.171
396,40,0,3,1,4.095999989658594,4,4,0,0,40,0,0,40,3.171
397,2,0,0,0,14.336000196635723,4,4,0,0,40,0,0,40,3.54
397,2,0,1,0,82.94399827718735,4,4,0,0,40,0,0,40,3.54
397,2,0,2,0,9.216000325977802,4,4,0,0,40,0,0,40,3.54
397,2,0,3,0,5.119999870657921,4,4,0,0,40,0,0,40,3.54
397,24,0,0,0,8.191999979317188,4,4,0,0,40,0,0,40,1.7
397,24,0,1,0,77.82399654388428,4,4,0,0,40,0,0,40,1.7
397,24,0,2,0,9.216000325977802,4,4,0,0,40,0,0,40,1.7
397,24,0,3,0,4.095999989658594,4,4,0,0,40,0,0,40,1.7
397,40,0,0,1,8.191999979317188,4,4,0,1,39,0,0,40,215.259
397,40,0,1,1,93.18400174379349,4,4,0,1,39,0,0,40,215.259
397,40,0,2,1,9.216000325977802,4,4,0,1,39,0,0,40,215.259
397,40,0,3,1,99.32799637317657,4,4,0,1,39,0,0,40,215.259
398,2,0,0,0,9.216000325977802,1,1,0,0,10,0,0,10,0.5
398,2,0,1,0,31.74399957060814,1,1,0,0,10,0,0,10,0.5
398,2,0,2,0,9.216000325977802,1,1,0,0,10,0,0,10,0.5
398,2,0,3,0,5.119999870657921,1,1,0,0,10,0,0,10,0.5
398,24,0,0,0,366.5919899940491,1,1,0,0,10,0,0,10,0.78
398,24,0,1,0,32.76799991726875,1,1,0,0,10,0,0,10,0.78
398,24,0,2,0,9.216000325977802,1,1,0,0,10,0,0,10,0.78
398,24,0,3,0,4.095999989658594,1,1,0,0,10,0,0,10,0.78
398,40,0,0,1,14.336000196635723,1,1,0,0,10,0,0,10,0.35
398,40,0,1,1,34.81600061058998,1,1,0,0,10,0,0,10,0.35
398,40,0,2,1,9.216000325977802,1,1,0,0,10,0,0,10,0.35
398,40,0,3,1,4.095999989658594,1,1,0,0,10,0,0,10,0.35
399,2,0,0,0,13.311999849975109,4,4,0,0,40,0,0,40,2.93
399,2,0,1,0,86.01599931716919,4,4,0,0,40,0,0,40,2.93
399,2,0,2,0,8.191999979317188,4,4,0,0,40,0,0,40,2.93
399,2,0,3,0,5.119999870657921,4,4,0,0,40,0,0,40,2.93
399,24,0,0,0,8.191999979317188,4,4,0,0,40,0,0,40,1.551
399,24,0,1,0,75.77600330114365,4,4,0,0,40,0,0,40,1.551
399,24,0,2,0,9.216000325977802,4,4,0,0,40,0,0,40,1.551
399,24,0,3,0,4.095999989658594,4,4,0,0,40,0,0,40,1.551
399,40,0,0,1,8.191999979317188,4,4,0,0,40,0,0,40,1.23
399,40,0,1,1,56.32000043988228,4,4,0,0,40,0,0,40,1.23
399,40,0,2,1,9.216000325977802,4,4,0,0,40,0,0,40,1.23
399,40,0,3,1,5.119999870657921,4,4,0,0,40,0,0,40,1.23
400,2,0,0,0,14.336000196635723,3,3,0,0,30,0,0,30,1.409
400,2,0,1,0,60.416001826524734,3,3,0,0,30,0,0,30,1.409
400,2,0,2,0,8.191999979317188,3,3,0,0,30,0,0,30,1.409
400,2,0,3,0,6.144000217318535,3,3,0,0,30,0,0,30,1.409
400,24,0,0,0,9.216000325977802,3,3,0,0,30,0,0,30,1.09
400,24,0,1,0,50.175998359918594,3,3,0,0,30,0,0,30,1.09
400,24,0,2,0,8.191999979317188,3,3,0,0,30,0,0,30,1.09
400,24,0,3,0,4.095999989658594,3,3,0,0,30,0,0,30,1.09
400,40,0,0,1,14.336000196635723,3,3,0,0,30,0,0,30,1.13
400,40,0,1,1,45.05600035190582,3,3,0,0,30,0,0,30,1.13
400,40,0,2,1,8.191999979317188,3,3,0,0,30,0,0,30,1.13
400,40,0,3,1,4.095999989658594,3,3,0,0,30,0,0,30,1.13
401,2,0,0,0,9.216000325977802,1,1,0,0,10,0,0,10,0.48
401,2,0,1,0,31.74399957060814,1,1,0,0,10,0,0,10,0.48
401,2,0,2,0,9.216000325977802,1,1,0,0,10,0,0,10,0.48
401,2,0,3,0,4.095999989658594,1,1,0,0,10,0,0,10,0.48
401,24,0,0,0,8.191999979317188,1,1,0,0,10,0,0,10,0.491
401,24,0,1,0,32.76799991726875,1,1,0,0,10,0,0,10,0.491
401,24,0,2,0,9.216000325977802,1,1,0,0,10,0,0,10,0.491
401,24,0,3,0,4.095999989658594,1,1,0,0,10,0,0,10,0.491
401,40,0,0,1,8.191999979317188,1,1,0,0,10,0,0,10,0.489
401,40,0,1,1,35.840000957250595,1,1,0,0,10,0,0,10,0.489
401,40,0,2,1,8.191999979317188,1,1,0,0,10,0,0,10,0.489
401,40,0,3,1,4.095999989658594,1,1,0,0,10,0,0,10,0.489
402,2,0,0,0,9.216000325977802,2,2,0,0,20,0,0,20,5.689
402,2,0,1,0,44.03200000524521,2,2,0,0,20,0,0,20,5.689
402,2,0,2,0,9.216000325977802,2,2,0,0,20,0,0,20,5.689
402,2,0,3,0,4.095999989658594,2,2,0,0,20,0,0,20,5.689
402,24,0,0,0,8.191999979317188,2,2,0,0,20,0,0,20,0.64
402,24,0,1,0,43.007999658584595,2,2,0,0,20,0,0,20,0.64
402,24,0,2,0,9.216000325977802,2,2,0,0,20,0,0,20,0.64
402,24,0,3,0,4.095999989658594,2,2,0,0,20,0,0,20,0.64
402,40,0,0,1,9.216000325977802,2,2,0,0,20,0,0,20,0.709
402,40,0,1,1,46.08000069856644,2,2,0,0,20,0,0,20,0.709
402,40,0,2,1,9.216000325977802,2,2,0,0,20,0,0,20,0.709
402,40,0,3,1,4.095999989658594,2,2,0,0,20,0,0,20,0.709
403,2,0,0,0,14.336000196635723,4,4,0,0,40,0,0,40,2.04
403,2,0,1,0,86.01599931716919,4,4,0,0,40,0,0,40,2.04
403,2,0,2,0,9.216000325977802,4,4,0,0,40,0,0,40,2.04
403,2,0,3,0,5.119999870657921,4,4,0,0,40,0,0,40,2.04
403,24,0,0,0,8.191999979317188,4,4,0,0,40,0,0,40,1.34
403,24,0,1,0,62.463998794555664,4,4,0,0,40,0,0,40,1.34
403,24,0,2,0,9.216000325977802,4,4,0,0,40,0,0,40,1.34
403,24,0,3,0,4.095999989658594,4,4,0,0,40,0,0,40,1.34
403,40,0,0,1,9.216000325977802,4,4,0,0,40,0,0,40,1.45
403,40,0,1,1,61.43999844789505,4,4,0,0,40,0,0,40,1.45
403,40,0,2,1,9.216000325977802,4,4,0,0,40,0,0,40,1.45
403,40,0,3,1,4.095999989658594,4,4,0,0,40,0,0,40,1.45
404,2,0,0,0,15.359999611973763,4,4,0,2,38,0,0,40,72.749
404,2,0,1,0,89.08800035715103,4,4,0,2,38,0,0,40,72.749
404,2,0,2,0,9.216000325977802,4,4,0,2,38,0,0,40,72.749
404,2,0,3,0,6.144000217318535,4,4,0,2,38,0,0,40,72.749
404,24,0,0,0,8.191999979317188,4,4,0,0,40,0,0,40,1.22
404,24,0,1,0,84.99199897050858,4,4,0,0,40,0,0,40,1.22
404,24,0,2,0,9.216000325977802,4,4,0,0,40,0,0,40,1.22
404,24,0,3,0,4.095999989658594,4,4,0,0,40,0,0,40,1.22
404,40,0,0,1,8.191999979317188,4,4,0,0,40,0,0,40,1.47
404,40,0,1,1,75.77600330114365,4,4,0,0,40,0,0,40,1.47
404,40,0,2,1,9.216000325977802,4,4,0,0,40,0,0,40,1.47
404,40,0,3,1,4.095999989658594,4,4,0,0,40,0,0,40,1.47
405,2,0,0,0,14.336000196635723,4,4,0,0,40,0,0,40,1.81
405,2,0,1,0,88.06400001049042,4,4,0,0,40,0,0,40,1.81
405,2,0,2,0,8.191999979317188,4,4,0,0,40,0,0,40,1.81
405,2,0,3,0,6.144000217318535,4,4,0,0,40,0,0,40,1.81
405,24,0,0,0,8.191999979317188,4,4,0,1,39,0,0,40,59.36
405,24,0,1,0,69.63200122117996,4,4,0,1,39,0,0,40,59.36
405,24,0,2,0,10.239999741315842,4,4,0,1,39,0,0,40,59.36
405,24,0,3,0,4.095999989658594,4,4,0,1,39,0,0,40,59.36
405,40,0,0,1,8.191999979317188,4,4,0,0,40,0,0,40,1.7
405,40,0,1,1,76.80000364780426,4,4,0,0,40,0,0,40,1.7
405,40,0,2,1,9.216000325977802,4,4,0,0,40,0,0,40,1.7
405,40,0,3,1,4.095999989658594,4,4,0,0,40,0,0,40,1.7
406,2,0,0,0,13.311999849975109,4,4,0,0,40,0,0,40,3.97
406,2,0,1,0,88.06400001049042,4,4,0,0,40,0,0,40,3.97
406,2,0,2,0,8.191999979317188,4,4,0,0,40,0,0,40,3.97
406,2,0,3,0,5.119999870657921,4,4,0,0,40,0,0,40,3.97
406,24,0,0,0,8.191999979317188,4,4,0,0,40,0,0,40,1.369
406,24,0,1,0,75.77600330114365,4,4,0,0,40,0,0,40,1.369
406,24,0,2,0,9.216000325977802,4,4,0,0,40,0,0,40,1.369
406,24,0,3,0,5.119999870657921,4,4,0,0,40,0,0,40,1.369
406,40,0,0,1,9.216000325977802,4,4,0,0,40,0,0,40,2.87
406,40,0,1,1,67.58400052785873,4,4,0,0,40,0,0,40,2.87
406,40,0,2,1,9.216000325977802,4,4,0,0,40,0,0,40,2.87
406,40,0,3,1,4.095999989658594,4,4,0,0,40,0,0,40,2.87
407,2,0,0,0,8.191999979317188,1,1,0,0,10,0,0,10,1.98
407,2,0,1,0,32.76799991726875,1,1,0,0,10,0,0,10,1.98
407,2,0,2,0,8.191999979317188,1,1,0,0,10,0,0,10,1.98
407,2,0,3,0,4.095999989658594,1,1,0,0,10,0,0,10,1.98
407,24,0,0,0,110.59200018644333,1,1,0,0,10,0,0,10,1.011
407,24,0,1,0,31.74399957060814,1,1,0,0,10,0,0,10,1.011
407,24,0,2,0,8.191999979317188,1,1,0,0,10,0,0,10,1.011
407,24,0,3,0,4.095999989658594,1,1,0,0,10,0,0,10,1.011
407,40,0,0,1,8.191999979317188,1,1,0,0,10,0,0,10,0.3
407,40,0,1,1,34.81600061058998,1,1,0,0,10,0,0,10,0.3
407,40,0,2,1,9.216000325977802,1,1,0,0,10,0,0,10,0.3
407,40,0,3,1,5.119999870657921,1,1,0,0,10,0,0,10,0.3
408,2,0,0,0,14.336000196635723,4,4,0,0,40,0,0,40,3.13
408,2,0,1,0,89.08800035715103,4,4,0,0,40,0,0,40,3.13
408,2,0,2,0,9.216000325977802,4,4,0,0,40,0,0,40,3.13
408,2,0,3,0,6.144000217318535,4,4,0,0,40,0,0,40,3.13
408,24,0,0,0,8.191999979317188,4,4,0,0,40,0,0,40,1.48
408,24,0,1,0,71.68000191450119,4,4,0,0,40,0,0,40,1.48
408,24,0,2,0,9.216000325977802,4,4,0,0,40,0,0,40,1.48
408,24,0,3,0,4.095999989658594,4,4,0,0,40,0,0,40,1.48
408,40,0,0,1,14.336000196635723,4,4,0,0,40,0,0,40,1.41
408,40,0,1,1,58.36800113320351,4,4,0,0,40,0,0,40,1.41
408,40,0,2,1,9.216000325977802,4,4,0,0,40,0,0,40,1.41
408,40,0,3,1,4.095999989658594,4,4,0,0,40,0,0,40,1.41
409,2,0,0,0,8.191999979317188,2,2,0,0,20,0,0,20,2.649
409,2,0,1,0,48.128001391887665,2,2,0,0,20,0,0,20,2.649
409,2,0,2,0,9.216000325977802,2,2,0,0,20,0,0,20,2.649
409,2,0,3,0,4.095999989658594,2,2,0,0,20,0,0,20,2.649
409,24,0,0,0,8.191999979317188,2,2,0,0,20,0,0,20,0.76
409,24,0,1,0,47.10400104522705,2,2,0,0,20,0,0,20,0.76
409,24,0,2,0,8.191999979317188,2,2,0,0,20,0,0,20,0.76
409,24,0,3,0,4.095999989658594,2,2,0,0,20,0,0,20,0.76
409,40,0,0,1,8.191999979317188,2,2,0,0,20,0,0,20,0.631
409,40,0,1,1,52.22399905323982,2,2,0,0,20,0,0,20,0.631
409,40,0,2,1,9.216000325977802,2,2,0,0,20,0,0,20,0.631
409,40,0,3,1,3.0720001086592674,2,2,0,0,20,0,0,20,0.631
410,2,0,0,0,2406.399965286255,4,4,0,0,40,0,0,40,2.7
410,2,0,1,0,81.91999793052673,4,4,0,0,40,0,0,40,2.7
410,2,0,2,0,9.216000325977802,4,4,0,0,40,0,0,40,2.7
410,2,0,3,0,6.144000217318535,4,4,0,0,40,0,0,40,2.7
410,24,0,0,0,8.191999979317188,4,4,0,0,40,0,0,40,1.48
410,24,0,1,0,69.63200122117996,4,4,0,0,40,0,0,40,1.48
410,24,0,2,0,9.216000325977802,4,4,0,0,40,0,0,40,1.48
410,24,0,3,0,4.095999989658594,4,4,0,0,40,0,0,40,1.48
410,40,0,0,1,8.191999979317188,4,4,0,0,40,0,0,40,1.52
410,40,0,1,1,69.63200122117996,4,4,0,0,40,0,0,40,1.52
410,40,0,2,1,9.216000325977802,4,4,0,0,40,0,0,40,1.52
410,40,0,3,1,4.095999989658594,4,4,0,0,40,0,0,40,1.52
411,2,0,0,0,9.216000325977802,1,1,0,0,10,0,0,10,1.98
411,2,0,1,0,32.76799991726875,1,1,0,0,10,0,0,10,1.98
411,2,0,2,0,8.191999979317188,1,1,0,0,10,0,0,10,1.98
411,2,0,3,0,4.095999989658594,1,1,0,0,10,0,0,10,1.98
411,24,0,0,0,982.0160269737244,1,1,0,0,10,0,0,10,3.03
411,24,0,1,0,32.76799991726875,1,1,0,0,10,0,0,10,3.03
411,24,0,2,0,9.216000325977802,1,1,0,0,10,0,0,10,3.03
411,24,0,3,0,4.095999989658594,1,1,0,0,10,0,0,10,3.03
411,40,0,0,1,8.191999979317188,1,1,0,0,10,0,0,10,0.409
411,40,0,1,1,34.81600061058998,1,1,0,0,10,0,0,10,0.409
411,40,0,2,1,9.216000325977802,1,1,0,0,10,0,0,10,0.409
411,40,0,3,1,4.095999989658594,1,1,0,0,10,0,0,10,0.409
412,2,0,0,0,14.336000196635723,3,3,0,0,30,0,0,30,1.589
412,2,0,1,0,62.463998794555664,3,3,0,0,30,0,0,30,1.589
412,2,0,2,0,9.216000325977802,3,3,0,0,30,0,0,30,1.589
412,2,0,3,0,5.119999870657921,3,3,0,0,30,0,0,30,1.589
412,24,0,0,0,8.191999979317188,3,3,0,0,30,0,0,30,1.13
412,24,0,1,0,68.60800087451935,3,3,0,0,30,0,0,30,1.13
412,24,0,2,0,9.216000325977802,3,3,0,0,30,0,0,30,1.13
412,24,0,3,0,4.095999989658594,3,3,0,0,30,0,0,30,1.13
412,40,0,0,1,8.191999979317188,3,3,0,0,30,0,0,30,0.989
412,40,0,1,1,54.27199974656105,3,3,0,0,30,0,0,30,0.989
412,40,0,2,1,9.216000325977802,3,3,0,0,30,0,0,30,0.989
412,40,0,3,1,4.095999989658594,3,3,0,0,30,0,0,30,0.989
413,2,0,0,0,9.216000325977802,1,1,0,0,10,0,0,10,0.47
413,2,0,1,0,31.74399957060814,1,1,0,0,10,0,0,10,0.47
413,2,0,2,0,8.191999979317188,1,1,0,0,10,0,0,10,0.47
413,2,0,3,0,4.095999989658594,1,1,0,0,10,0,0,10,0.47
413,24,0,0,0,8.191999979317188,1,1,0,0,10,0,0,10,0.7
413,24,0,1,0,32.76799991726875,1,1,0,0,10,0,0,10,0.7
413,24,0,2,0,8.191999979317188,1,1,0,0,10,0,0,10,0.7
413,24,0,3,0,4.095999989658594,1,1,0,0,10,0,0,10,0.7
413,40,0,0,1,9.216000325977802,1,1,0,0,10,0,0,10,0.42
413,40,0,1,1,34.81600061058998,1,1,0,0,10,0,0,10,0.42
413,40,0,2,1,9.216000325977802,1,1,0,0,10,0,0,10,0.42
413,40,0,3,1,4.095999989658594,1,1,0,0,10,0,0,10,0.42
414,2,0,0,0,9.216000325977802,2,2,0,0,20,0,0,20,0.71
414,2,0,1,0,53.247999399900436,2,2,0,0,20,0,0,20,0.71
414,2,0,2,0,9.216000325977802,2,2,0,0,20,0,0,20,0.71
414,2,0,3,0,4.095999989658594,2,2,0,0,20,0,0,20,0.71
414,24,0,0,0,8.191999979317188,2,2,0,0,20,0,0,20,2.11
414,24,0,1,0,52.22399905323982,2,2,0,0,20,0,0,20,2.11
414,24,0,2,0,9.216000325977802,2,2,0,0,20,0,0,20,2.11
414,24,0,3,0,4.095999989658594,2,2,0,0,20,0,0,20,2.11
414,40,0,0,1,14.336000196635723,2,2,0,0,20,0,0,20,1.22
414,40,0,1,1,49.15200173854828,2,2,0,0,20,0,0,20,1.22
414,40,0,2,1,9.216000325977802,2,2,0,0,20,0,0,20,1.22
414,40,0,3,1,4.095999989658594,2,2,0,0,20,0,0,20,1.22
415,2,0,0,0,14.336000196635723,4,4,0,0,40,0,0,40,3.609
415,2,0,1,0,87.0399996638298,4,4,0,0,40,0,0,40,3.609
415,2,0,2,0,9.216000325977802,4,4,0,0,40,0,0,40,3.609
415,2,0,3,0,5.119999870657921,4,4,0,0,40,0,0,40,3.609
415,24,0,0,0,8.191999979317188,4,4,0,0,40,0,0,40,1.78
415,24,0,1,0,64.51199948787689,4,4,0,0,40,0,0,40,1.78
415,24,0,2,0,9.216000325977802,4,4,0,0,40,0,0,40,1.78
415,24,0,3,0,4.095999989658594,4,4,0,0,40,0,0,40,1.78
415,40,0,0,1,13.311999849975109,4,4,0,0,40,0,0,40,2.871
415,40,0,1,1,61.43999844789505,4,4,0,0,40,0,0,40,2.871
415,40,0,2,1,9.216000325977802,4,4,0,0,40,0,0,40,2.871
415,40,0,3,1,4.095999989658594,4,4,0,0,40,0,0,40,2.871
416,2,0,0,0,14.336000196635723,4,4,0,0,40,0,0,40,1.909
416,2,0,1,0,87.0399996638298,4,4,0,0,40,0,0,40,1.909
416,2,0,2,0,9.216000325977802,4,4,0,0,40,0,0,40,1.909
416,2,0,3,0,5.119999870657921,4,4,0,0,40,0,0,40,1.909
416,24,0,0,0,8.191999979317188,4,4,0,0,40,0,0,40,1.84
416,24,0,1,0,62.463998794555664,4,4,0,0,40,0,0,40,1.84
416,24,0,2,0,9.216000325977802,4,4,0,0,40,0,0,40,1.84
416,24,0,3,0,4.095999989658594,4,4,0,0,40,0,0,40,1.84
416,40,0,0,1,8.191999979317188,4,4,0,0,40,0,0,40,1.43
416,40,0,1,1,58.36800113320351,4,4,0,0,40,0,0,40,1.43
416,40,0,2,1,9.216000325977802,4,4,0,0,40,0,0,40,1.43
416,40,0,3,1,4.095999989658594,4,4,0,0,40,0,0,40,1.43
417,2,0,0,0,8.191999979317188,3,3,0,1,29,0,0,30,62.629
417,2,0,1,0,65.5359998345375,3,3,0,1,29,0,0,30,62.629
417,2,0,2,0,8.191999979317188,3,3,0,1,29,0,0,30,62.629
417,2,0,3,0,6.144000217318535,3,3,0,1,29,0,0,30,62.629
417,24,0,0,0,9.216000325977802,3,3,0,0,30,0,0,30,1.149
417,24,0,1,0,62.463998794555664,3,3,0,0,30,0,0,30,1.149
417,24,0,2,0,9.216000325977802,3,3,0,0,30,0,0,30,1.149
417,24,0,3,0,4.095999989658594,3,3,0,0,30,0,0,30,1.149
417,40,0,0,1,10.239999741315842,3,3,0,0,30,0,0,30,1.1
417,40,0,1,1,50.175998359918594,3,3,0,0,30,0,0,30,1.1
417,40,0,2,1,9.216000325977802,3,3,0,0,30,0,0,30,1.1
417,40,0,3,1,5.119999870657921,3,3,0,0,30,0,0,30,1.1
418,2,0,0,0,15.359999611973763,4,4,0,0,40,0,0,40,1.84
418,2,0,1,0,86.01599931716919,4,4,0,0,40,0,0,40,1.84
418,2,0,2,0,9.216000325977802,4,4,0,0,40,0,0,40,1.84
418,2,0,3,0,8.191999979317188,4,4,0,0,40,0,0,40,1.84
418,24,0,0,0,8.191999979317188,4,4,0,0,40,0,0,40,3.451
418,24,0,1,0,75.77600330114365,4,4,0,0,40,0,0,40,3.451
418,24,0,2,0,9.216000325977802,4,4,0,0,40,0,0,40,3.451
418,24,0,3,0,4.095999989658594,4,4,0,0,40,0,0,40,3.451
418,40,0,0,1,8.191999979317188,4,4,0,1,39,0,0,40,76.84
418,40,0,1,1,87.0399996638298,4,4,0,1,39,0,0,40,76.84
418,40,0,2,1,9.216000325977802,4,4,0,1,39,0,0,40,76.84
418,40,0,3,1,4.095999989658594,4,4,0,1,39,0,0,40,76.84
419,2,0,0,0,13.311999849975109,4,4,0,0,40,0,0,40,4.12
419,2,0,1,0,82.94399827718735,4,4,0,0,40,0,0,40,4.12
419,2,0,2,0,9.216000325977802,4,4,0,0,40,0,0,40,4.12
419,2,0,3,0,5.119999870657921,4,4,0,0,40,0,0,40,4.12
419,24,0,0,0,8.191999979317188,4,4,0,0,40,0,0,40,3.38
419,24,0,1,0,78.84799689054489,4,4,0,0,40,0,0,40,3.38
419,24,0,2,0,9.216000325977802,4,4,0,0,40,0,0,40,3.38
419,24,0,3,0,4.095999989658594,4,4,0,0,40,0,0,40,3.38
419,40,0,0,1,8.191999979317188,4,4,0,1,39,0,0,40,65.79
419,40,0,1,1,93.18400174379349,4,4,0,1,39,0,0,40,65.79
419,40,0,2,1,9.216000325977802,4,4,0,1,39,0,0,40,65.79
419,40,0,3,1,4.095999989658594,4,4,0,1,39,0,0,40,65.79
420,2,0,0,0,14.336000196635723,4,4,0,1,39,0,0,40,146.009
420,2,0,1,0,80.89599758386612,4,4,0,1,39,0,0,40,146.009
420,2,0,2,0,9.216000325977802,4,4,0,1,39,0,0,40,146.009
420,2,0,3,0,37.88800165057182,4,4,0,1,39,0,0,40,146.009
420,24,0,0,0,9.216000325977802,4,4,0,0,40,0,0,40,1.749
420,24,0,1,0,81.91999793052673,4,4,0,0,40,0,0,40,1.749
420,24,0,2,0,9.216000325977802,4,4,0,0,40,0,0,40,1.749
420,24,0,3,0,4.095999989658594,4,4,0,0,40,0,0,40,1.749
420,40,0,0,1,14.336000196635723,4,4,0,0,40,0,0,40,1.66
420,40,0,1,1,89.08800035715103,4,4,0,0,40,0,0,40,1.66
420,40,0,2,1,8.191999979317188,4,4,0,0,40,0,0,40,1.66
420,40,0,3,1,3.0720001086592674,4,4,0,0,40,0,0,40,1.66
421,2,0,0,0,15.359999611973763,4,4,0,0,40,0,0,40,1.76
421,2,0,1,0,74.75200295448303,4,4,0,0,40,0,0,40,1.76
421,2,0,2,0,9.216000325977802,4,4,0,0,40,0,0,40,1.76
421,2,0,3,0,7.168000098317862,4,4,0,0,40,0,0,40,1.76
421,24,0,0,0,8.191999979317188,4,4,0,0,40,0,0,40,1.75
421,24,0,1,0,66.56000018119812,4,4,0,0,40,0,0,40,1.75
421,24,0,2,0,9.216000325977802,4,4,0,0,40,0,0,40,1.75
421,24,0,3,0,4.095999989658594,4,4,0,0,40,0,0,40,1.75
421,40,0,0,1,14.336000196635723,4,4,0,0,40,0,0,40,1.41
421,40,0,1,1,72.7040022611618,4,4,0,0,40,0,0,40,1.41
421,40,0,2,1,9.216000325977802,4,4,0,0,40,0,0,40,1.41
421,40,0,3,1,4.095999989658594,4,4,0,0,40,0,0,40,1.41
422,2,0,0,0,14.336000196635723,2,2,0,0,20,0,0,20,0.94
422,2,0,1,0,48.128001391887665,2,2,0,0,20,0,0,20,0.94
422,2,0,2,0,8.191999979317188,2,2,0,0,20,0,0,20,0.94
422,2,0,3,0,5.119999870657921,2,2,0,0,20,0,0,20,0.94
422,24,0,0,0,8.191999979317188,2,2,0,0,20,0,0,20,0.731
422,24,0,1,0,50.175998359918594,2,2,0,0,20,0,0,20,0.731
422,24,0,2,0,9.216000325977802,2,2,0,0,20,0,0,20,0.731
422,24,0,3,0,4.095999989658594,2,2,0,0,20,0,0,20,0.731
422,40,0,0,1,3143.6800956726074,2,2,0,0,20,0,0,20,1.22
422,40,0,1,1,41.98399931192398,2,2,0,0,20,0,0,20,1.22
422,40,0,2,1,10.239999741315842,2,2,0,0,20,0,0,20,1.22
422,40,0,3,1,4.095999989658594,2,2,0,0,20,0,0,20,1.22
423,2,0,0,0,14.336000196635723,4,4,0,0,40,0,0,40,2.36
423,2,0,1,0,83.96799862384796,4,4,0,0,40,0,0,40,2.36
423,2,0,2,0,9.216000325977802,4,4,0,0,40,0,0,40,2.36
423,2,0,3,0,5.119999870657921,4,4,0,0,40,0,0,40,2.36
423,24,0,0,0,7.168000098317862,4,4,0,0,40,0,0,40,1.47
423,24,0,1,0,57.34400078654289,4,4,0,0,40,0,0,40,1.47
423,24,0,2,0,9.216000325977802,4,4,0,0,40,0,0,40,1.47
423,24,0,3,0,4.095999989658594,4,4,0,0,40,0,0,40,1.47
423,40,0,0,1,8.191999979317188,4,4,0,0,40,0,0,40,1.49
423,40,0,1,1,68.60800087451935,4,4,0,0,40,0,0,40,1.49
423,40,0,2,1,9.216000325977802,4,4,0,0,40,0,0,40,1.49
423,40,0,3,1,4.095999989658594,4,4,0,0,40,0,0,40,1.49
424,2,0,0,0,1921.023964881897,4,4,0,0,40,0,0,40,3.96
424,2,0,1,0,73.72800260782242,4,4,0,0,40,0,0,40,3.96
424,2,0,2,0,9.216000325977802,4,4,0,0,40,0,0,40,3.96
424,2,0,3,0,8.191999979317188,4,4,0,0,40,0,0,40,3.96
424,24,0,0,0,8.191999979317188,4,4,0,0,40,0,0,40,1.56
424,24,0,1,0,59.39200147986412,4,4,0,0,40,0,0,40,1.56
424,24,0,2,0,9.216000325977802,4,4,0,0,40,0,0,40,1.56
424,24,0,3,0,5.119999870657921,4,4,0,0,40,0,0,40,1.56
424,40,0,0,1,14.336000196635723,4,4,0,0,40,0,0,40,1.46
424,40,0,1,1,55.296000093221664,4,4,0,0,40,0,0,40,1.46
424,40,0,2,1,9.216000325977802,4,4,0,0,40,0,0,40,1.46
424,40,0,3,1,4.095999989658594,4,4,0,0,40,0,0,40,1.46
425,2,0,0,0,9.216000325977802,2,2,0,0,20,0,0,20,0.96
425,2,0,1,0,41.98399931192398,2,2,0,0,20,0,0,20,0.96
425,2,0,2,0,9.216000325977802,2,2,0,0,20,0,0,20,0.96
425,2,0,3,0,4.095999989658594,2,2,0,0,20,0,0,20,0.96
425,24,0,0,0,9.216000325977802,2,2,0,0,20,0,0,20,2.209
425,24,0,1,0,58.36800113320351,2,2,0,0,20,0,0,20,2.209
425,24,0,2,0,8.191999979317188,2,2,0,0,20,0,0,20,2.209
425,24,0,3,0,4.095999989658594,2,2,0,0,20,0,0,20,2.209
425,40,0,0,1,9.216000325977802,2,2,0,0,20,0,0,20,0.591
425,40,0,1,1,39.93599861860275,2,2,0,0,20,0,0,20,0.591
425,40,0,2,1,9.216000325977802,2,2,0,0,20,0,0,20,0.591
425,40,0,3,1,4.095999989658594,2,2,0,0,20,0,0,20,0.591
426,2,0,0,0,9.216000325977802,1,1,0,1,9,0,0,10,53.86
426,2,0,1,0,30.719999223947525,1,1,0,1,9,0,0,10,53.86
426,2,0,2,0,9.216000325977802,1,1,0,1,9,0,0,10,53.86
426,2,0,3,0,5.119999870657921,1,1,0,1,9,0,0,10,53.86
426,24,0,0,0,8.191999979317188,1,1,0,0,10,0,0,10,0.47
426,24,0,1,0,31.74399957060814,1,1,0,0,10,0,0,10,0.47
426,24,0,2,0,9.216000325977802,1,1,0,0,10,0,0,10,0.47
426,24,0,3,0,4.095999989658594,1,1,0,0,10,0,0,10,0.47
426,40,0,0,1,9.216000325977802,1,1,0,0,10,0,0,10,0.329
426,40,0,1,1,35.840000957250595,1,1,0,0,10,0,0,10,0.329
426,40,0,2,1,8.191999979317188,1,1,0,0,10,0,0,10,0.329
426,40,0,3,1,4.095999989658594,1,1,0,0,10,0,0,10,0.329
427,2,0,0,0,15.359999611973763,3,3,0,0,30,0,0,30,1.22
427,2,0,1,0,53.247999399900436,3,3,0,0,30,0,0,30,1.22
427,2,0,2,0,8.191999979317188,3,3,0,0,30,0,0,30,1.22
427,2,0,3,0,7.168000098317862,3,3,0,0,30,0,0,30,1.22
427,24,0,0,0,9.216000325977802,3,3,0,0,30,0,0,30,1.27
427,24,0,1,0,49.15200173854828,3,3,0,0,30,0,0,30,1.27
427,24,0,2,0,8.191999979317188,3,3,0,0,30,0,0,30,1.27
427,24,0,3,0,5.119999870657921,3,3,0,0,30,0,0,30,1.27
427,40,0,0,1,7.168000098317862,3,3,0,0,30,0,0,30,0.98
427,40,0,1,1,44.03200000524521,3,3,0,0,30,0,0,30,0.98
427,40,0,2,1,8.191999979317188,3,3,0,0,30,0,0,30,0.98
427,40,0,3,1,3.0720001086592674,3,3,0,0,30,0,0,30,0.98
428,2,0,0,0,9.216000325977802,1,1,0,0,10,0,0,10,0.5
428,2,0,1,0,31.74399957060814,1,1,0,0,10,0,0,10,0.5
428,2,0,2,0,8.191999979317188,1,1,0,0,10,0,0,10,0.5
428,2,0,3,0,6.144000217318535,1,1,0,0,10,0,0,10,0.5
428,24,0,0,0,8.191999979317188,1,1,0,0,10,0,0,10,0.469
428,24,0,1,0,31.74399957060814,1,1,0,0,10,0,0,10,0.469
428,24,0,2,0,8.191999979317188,1,1,0,0,10,0,0,10,0.469
428,24,0,3,0,4.095999989658594,1,1,0,0,10,0,0,10,0.469
428,40,0,0,1,8.191999979317188,1,1,0,0,10,0,0,10,0.38
428,40,0,1,1,33.79200026392937,1,1,0,0,10,0,0,10,0.38
428,40,0,2,1,9.216000325977802,1,1,0,0,10,0,0,10,0.38
428,40,0,3,1,4.095999989658594,1,1,0,0,10,0,0,10,0.38
429,2,0,0,0,15.359999611973763,4,4,0,0,40,0,0,40,1.85
429,2,0,1,0,76.80000364780426,4,4,0,0,40,0,0,40,1.85
429,2,0,2,0,9.216000325977802,4,4,0,0,40,0,0,40,1.85
429,2,0,3,0,5.119999870657921,4,4,0,0,40,0,0,40,1.85
429,24,0,0,0,8.191999979317188,4,4,0,0,40,0,0,40,1.46
429,24,0,1,0,65.5359998345375,4,4,0,0,40,0,0,40,1.46
429,24,0,2,0,9.216000325977802,4,4,0,0,40,0,0,40,1.46
429,24,0,3,0,4.095999989658594,4,4,0,0,40,0,0,40,1.46
429,40,0,0,1,8.191999979317188,4,4,0,0,40,0,0,40,1.49
429,40,0,1,1,55.296000093221664,4,4,0,0,40,0,0,40,1.49
429,40,0,2,1,9.216000325977802,4,4,0,0,40,0,0,40,1.49
429,40,0,3,1,5.119999870657921,4,4,0,0,40,0,0,40,1.49
430,2,0,0,0,9.216000325977802,3,3,0,1,29,0,0,30,63.369
430,2,0,1,0,68.60800087451935,3,3,0,1,29,0,0,30,63.369
430,2,0,2,0,9.216000325977802,3,3,0,1,29,0,0,30,63.369
430,2,0,3,0,6.144000217318535,3,3,0,1,29,0,0,30,63.369
430,24,0,0,0,8.191999979317188,3,3,0,0,30,0,0,30,0.96
430,24,0,1,0,52.22399905323982,3,3,0,0,30,0,0,30,0.96
430,24,0,2,0,8.191999979317188,3,3,0,0,30,0,0,30,0.96
430,24,0,3,0,3.0720001086592674,3,3,0,0,30,0,0,30,0.96
430,40,0,0,1,15.359999611973763,3,3,0,0,30,0,0,30,2.32
430,40,0,1,1,56.32000043988228,3,3,0,0,30,0,0,30,2.32
430,40,0,2,1,9.216000325977802,3,3,0,0,30,0,0,30,2.32
430,40,0,3,1,4.095999989658594,3,3,0,0,30,0,0,30,2.32
431,2,0,0,0,8.191999979317188,4,4,0,1,39,0,0,40,76.18
431,2,0,1,0,75.77600330114365,4,4,0,1,39,0,0,40,76.18
431,2,0,2,0,9.216000325977802,4,4,0,1,39,0,0,40,76.18
431,2,0,3,0,6.144000217318535,4,4,0,1,39,0,0,40,76.18
431,24,0,0,0,8.191999979317188,4,4,0,0,40,0,0,40,2.01
431,24,0,1,0,68.60800087451935,4,4,0,0,40,0,0,40,2.01
431,24,0,2,0,9.216000325977802,4,4,0,0,40,0,0,40,2.01
431,24,0,3,0,5.119999870657921,4,4,0,0,40,0,0,40,2.01
431,40,0,0,1,8.191999979317188,4,4,0,3,37,0,0,40,192.31
431,40,0,1,1,71.68000191450119,4,4,0,3,37,0,0,40,192.31
431,40,0,2,1,10.239999741315842,4,4,0,3,37,0,0,40,192.31
431,40,0,3,1,98.30400347709656,4,4,0,3,37,0,0,40,192.31
432,2,0,0,0,15.359999611973763,4,4,0,1,39,0,0,40,78.21
432,2,0,1,0,84.99199897050858,4,4,0,1,39,0,0,40,78.21
432,2,0,2,0,8.191999979317188,4,4,0,1,39,0,0,40,78.21
432,2,0,3,0,8.191999979317188,4,4,0,1,39,0,0,40,78.21
432,24,0,0,0,8.191999979317188,4,4,0,0,40,0,0,40,1.44
432,24,0,1,0,74.75200295448303,4,4,0,0,40,0,0,40,1.44
432,24,0,2,0,9.216000325977802,4,4,0,0,40,0,0,40,1.44
432,24,0,3,0,4.095999989658594,4,4,0,0,40,0,0,40,1.44
432,40,0,0,1,9.216000325977802,4,4,0,1,39,0,0,40,61.24
432,40,0,1,1,70.65600156784058,4,4,0,1,39,0,0,40,61.24
432,40,0,2,1,8.191999979317188,4,4,0,1,39,0,0,40,61.24
432,40,0,3,1,4.095999989658594,4,4,0,1,39,0,0,40,61.24
433,2,0,0,0,14.336000196635723,4,4,0,0,40,0,0,40,1.85
433,2,0,1,0,87.0399996638298,4,4,0,0,40,0,0,40,1.85
433,2,0,2,0,9.216000325977802,4,4,0,0,40,0,0,40,1.85
433,2,0,3,0,6.144000217318535,4,4,0,0,40,0,0,40,1.85
433,24,0,0,0,8.191999979317188,4,4,0,0,40,0,0,40,1.809
433,24,0,1,0,72.7040022611618,4,4,0,0,40,0,0,40,1.809
433,24,0,2,0,8.191999979317188,4,4,0,0,40,0,0,40,1.809
433,24,0,3,0,3.0720001086592674,4,4,0,0,40,0,0,40,1.809
433,40,0,0,1,8.191999979317188,4,4,0,2,38,0,0,40,229.95
433,40,0,1,1,71.68000191450119,4,4,0,2,38,0,0,40,229.95
433,40,0,2,1,9.216000325977802,4,4,0,2,38,0,0,40,229.95
433,40,0,3,1,138.2399946451187,4,4,0,2,38,0,0,40,229.95
434,2,0,0,0,9.216000325977802,4,4,0,4,35,1,0,40,156.65
434,2,0,1,0,79.8719972372055,4,4,0,4,35,1,0,40,156.65
434,2,0,2,0,163.83999586105347,4,4,0,4,35,1,0,40,156.65
434,2,0,3,0,6.144000217318535,4,4,0,4,35,1,0,40,156.65
434,24,0,0,0,8.191999979317188,4,4,0,1,39,0,0,40,53.17
434,24,0,1,0,73.72800260782242,4,4,0,1,39,0,0,40,53.17
434,24,0,2,0,9.216000325977802,4,4,0,1,39,0,0,40,53.17
434,24,0,3,0,4.095999989658594,4,4,0,1,39,0,0,40,53.17
434,40,0,0,1,9.216000325977802,4,4,0,3,37,0,0,40,457.498
434,40,0,1,1,64.51199948787689,4,4,0,3,37,0,0,40,457.498
434,40,0,2,1,8.191999979317188,4,4,0,3,37,0,0,40,457.498
434,40,0,3,1,371.71199917793274,4,4,0,3,37,0,0,40,457.498
435,2,0,0,0,8.191999979317188,3,3,0,3,26,1,0,30,124.03
435,2,0,1,0,66.56000018119812,3,3,0,3,26,1,0,30,124.03
435,2,0,2,0,167.93599724769592,3,3,0,3,26,1,0,30,124.03
435,2,0,3,0,5.119999870657921,3,3,0,3,26,1,0,30,124.03
435,24,0,0,0,9.216000325977802,3,3,0,0,30,0,0,30,0.96
435,24,0,1,0,58.36800113320351,3,3,0,0,30,0,0,30,0.96
435,24,0,2,0,9.216000325977802,3,3,0,0,30,0,0,30,0.96
435,24,0,3,0,3.0720001086592674,3,3,0,0,30,0,0,30,0.96
435,40,0,0,1,15.359999611973763,3,3,0,0,30,0,0,30,1.13
435,40,0,1,1,61.43999844789505,3,3,0,0,30,0,0,30,1.13
435,40,0,2,1,9.216000325977802,3,3,0,0,30,0,0,30,1.13
435,40,0,3,1,4.095999989658594,3,3,0,0,30,0,0,30,1.13
436,2,0,0,0,15.359999611973763,4,4,0,0,40,0,0,40,4.47
436,2,0,1,0,90.11200070381165,4,4,0,0,40,0,0,40,4.47
436,2,0,2,0,9.216000325977802,4,4,0,0,40,0,0,40,4.47
436,2,0,3,0,5.119999870657921,4,4,0,0,40,0,0,40,4.47
436,24,0,0,0,9.216000325977802,4,4,0,0,40,0,0,40,1.52
436,24,0,1,0,73.72800260782242,4,4,0,0,40,0,0,40,1.52
436,24,0,2,0,9.216000325977802,4,4,0,0,40,0,0,40,1.52
436,24,0,3,0,4.095999989658594,4,4,0,0,40,0,0,40,1.52
436,40,0,0,1,8.191999979317188,4,4,0,1,39,0,0,40,65.08
436,40,0,1,1,78.84799689054489,4,4,0,1,39,0,0,40,65.08
436,40,0,2,1,9.216000325977802,4,4,0,1,39,0,0,40,65.08
436,40,0,3,1,4.095999989658594,4,4,0,1,39,0,0,40,65.08
437,2,0,0,0,10.239999741315842,2,2,0,1,19,0,0,20,53.12
437,2,0,1,0,49.15200173854828,2,2,0,1,19,0,0,20,53.12
437,2,0,2,0,10.239999741315842,2,2,0,1,19,0,0,20,53.12
437,2,0,3,0,4.095999989658594,2,2,0,1,19,0,0,20,53.12
437,24,0,0,0,8.191999979317188,2,2,0,0,20,0,0,20,0.7
437,24,0,1,0,51.19999870657921,2,2,0,0,20,0,0,20,0.7
437,24,0,2,0,9.216000325977802,2,2,0,0,20,0,0,20,0.7
437,24,0,3,0,4.095999989658594,2,2,0,0,20,0,0,20,0.7
437,40,0,0,1,9.216000325977802,2,2,0,0,20,0,0,20,0.691
437,40,0,1,1,47.10400104522705,2,2,0,0,20,0,0,20,0.691
437,40,0,2,1,9.216000325977802,2,2,0,0,20,0,0,20,0.691
437,40,0,3,1,4.095999989658594,2,2,0,0,20,0,0,20,0.691
438,2,0,0,0,15.359999611973763,4,4,0,1,39,0,0,40,69.469
438,2,0,1,0,80.89599758386612,4,4,0,1,39,0,0,40,69.469
438,2,0,2,0,9.216000325977802,4,4,0,1,39,0,0,40,69.469
438,2,0,3,0,8.191999979317188,4,4,0,1,39,0,0,40,69.469
438,24,0,0,0,8.191999979317188,4,4,0,0,40,0,0,40,2.849
438,24,0,1,0,77.82399654388428,4,4,0,0,40,0,0,40,2.849
438,24,0,2,0,9.216000325977802,4,4,0,0,40,0,0,40,2.849
438,24,0,3,0,5.119999870657921,4,4,0,0,40,0,0,40,2.849
438,40,0,0,1,8.191999979317188,4,4,0,4,36,0,0,40,169.669
438,40,0,1,1,71.68000191450119,4,4,0,4,36,0,0,40,169.669
438,40,0,2,1,9.216000325977802,4,4,0,4,36,0,0,40,169.669
438,40,0,3,1,75.77600330114365,4,4,0,4,36,0,0,40,169.669
439,2,0,0,0,13.311999849975109,4,4,0,0,40,0,0,40,1.74
439,2,0,1,0,88.06400001049042,4,4,0,0,40,0,0,40,1.74
439,2,0,2,0,9.216000325977802,4,4,0,0,40,0,0,40,1.74
439,2,0,3,0,6.144000217318535,4,4,0,0,40,0,0,40,1.74
439,24,0,0,0,7.168000098317862,4,4,0,0,40,0,0,40,1.791
439,24,0,1,0,67.58400052785873,4,4,0,0,40,0,0,40,1.791
439,24,0,2,0,8.191999979317188,4,4,0,0,40,0,0,40,1.791
439,24,0,3,0,3.0720001086592674,4,4,0,0,40,0,0,40,1.791
439,40,0,0,1,8.191999979317188,4,4,0,2,38,0,0,40,103.199
439,40,0,1,1,87.0399996638298,4,4,0,2,38,0,0,40,103.199
439,40,0,2,1,9.216000325977802,4,4,0,2,38,0,0,40,103.199
439,40,0,3,1,5.119999870657921,4,4,0,2,38,0,0,40,103.199
440,2,0,0,0,9.216000325977802,4,4,0,4,36,0,0,40,2846.18
440,2,0,1,0,74.75200295448303,4,4,0,4,36,0,0,40,2846.18
440,2,0,2,0,9.216000325977802,4,4,0,4,36,0,0,40,2846.18
440,2,0,3,0,2755.5840015411377,4,4,0,4,36,0,0,40,2846.18
440,24,0,0,0,7.168000098317862,4,4,0,1,39,0,0,40,62.68
440,24,0,1,0,71.68000191450119,4,4,0,1,39,0,0,40,62.68
440,24,0,2,0,9.216000325977802,4,4,0,1,39,0,0,40,62.68
440,24,0,3,0,4.095999989658594,4,4,0,1,39,0,0,40,62.68
440,40,0,0,1,14.336000196635723,4,4,0,0,40,0,0,40,1.651
440,40,0,1,1,87.0399996638298,4,4,0,0,40,0,0,40,1.651
440,40,0,2,1,9.216000325977802,4,4,0,0,40,0,0,40,1.651
440,40,0,3,1,4.095999989658594,4,4,0,0,40,0,0,40,1.651
441,2,0,0,0,15.359999611973763,4,4,0,1,39,0,0,40,65.709
441,2,0,1,0,84.99199897050858,4,4,0,1,39,0,0,40,65.709
441,2,0,2,0,8.191999979317188,4,4,0,1,39,0,0,40,65.709
441,2,0,3,0,7.168000098317862,4,4,0,1,39,0,0,40,65.709
441,24,0,0,0,8.191999979317188,4,4,0,0,40,0,0,40,1.46
441,24,0,1,0,71.68000191450119,4,4,0,0,40,0,0,40,1.46
441,24,0,2,0,9.216000325977802,4,4,0,0,40,0,0,40,1.46
441,24,0,3,0,4.095999989658594,4,4,0,0,40,0,0,40,1.46
441,40,0,0,1,9.216000325977802,4,4,0,3,37,0,0,40,258.739
441,40,0,1,1,70.65600156784058,4,4,0,3,37,0,0,40,258.739
441,40,0,2,1,9.216000325977802,4,4,0,3,37,0,0,40,258.739
441,40,0,3,1,166.9120043516159,4,4,0,3,37,0,0,40,258.739
442,2,0,0,0,16.383999958634377,3,3,0,1,29,0,0,30,58.271
442,2,0,1,0,69.63200122117996,3,3,0,1,29,0,0,30,58.271
442,2,0,2,0,9.216000325977802,3,3,0,1,29,0,0,30,58.271
442,2,0,3,0,8.191999979317188,3,3,0,1,29,0,0,30,58.271
442,24,0,0,0,9.216000325977802,3,3,0,0,30,0,0,30,0.97
442,24,0,1,0,61.43999844789505,3,3,0,0,30,0,0,30,0.97
442,24,0,2,0,9.216000325977802,3,3,0,0,30,0,0,30,0.97
442,24,0,3,0,4.095999989658594,3,3,0,0,30,0,0,30,0.97
442,40,0,0,1,14.336000196635723,3,3,0,0,30,0,0,30,1.28
442,40,0,1,1,60.416001826524734,3,3,0,0,30,0,0,30,1.28
442,40,0,2,1,9.216000325977802,3,3,0,0,30,0,0,30,1.28
442,40,0,3,1,4.095999989658594,3,3,0,0,30,0,0,30,1.28
443,2,0,0,0,8.191999979317188,2,2,0,0,20,0,0,20,0.911
443,2,0,1,0,38.91199827194214,2,2,0,0,20,0,0,20,0.911
443,2,0,2,0,9.216000325977802,2,2,0,0,20,0,0,20,0.911
443,2,0,3,0,5.119999870657921,2,2,0,0,20,0,0,20,0.911
443,24,0,0,0,8.191999979317188,2,2,0,0,20,0,0,20,0.78
443,24,0,1,0,48.128001391887665,2,2,0,0,20,0,0,20,0.78
443,24,0,2,0,8.191999979317188,2,2,0,0,20,0,0,20,0.78
443,24,0,3,0,3.0720001086592674,2,2,0,0,20,0,0,20,0.78
443,40,0,0,1,8.191999979317188,2,2,0,0,20,0,0,20,0.68
443,40,0,1,1,38.91199827194214,2,2,0,0,20,0,0,20,0.68
443,40,0,2,1,9.216000325977802,2,2,0,0,20,0,0,20,0.68
443,40,0,3,1,4.095999989658594,2,2,0,0,20,0,0,20,0.68
444,2,0,0,0,15.359999611973763,2,2,0,0,20,0,0,20,0.889
444,2,0,1,0,51.19999870657921,2,2,0,0,20,0,0,20,0.889
444,2,0,2,0,9.216000325977802,2,2,0,0,20,0,0,20,0.889
444,2,0,3,0,4.095999989658594,2,2,0,0,20,0,0,20,0.889
444,24,0,0,0,7.168000098317862,2,2,0,0,20,0,0,20,0.74
444,24,0,1,0,40.95999896526337,2,2,0,0,20,0,0,20,0.74
444,24,0,2,0,9.216000325977802,2,2,0,0,20,0,0,20,0.74
444,24,0,3,0,4.095999989658594,2,2,0,0,20,0,0,20,0.74
444,40,0,0,1,15.359999611973763,2,2,0,0,20,0,0,20,0.549
444,40,0,1,1,41.98399931192398,2,2,0,0,20,0,0,20,0.549
444,40,0,2,1,9.216000325977802,2,2,0,0,20,0,0,20,0.549
444,40,0,3,1,4.095999989658594,2,2,0,0,20,0,0,20,0.549
445,2,0,0,0,14.336000196635723,4,4,0,0,40,0,0,40,3.269
445,2,0,1,0,84.99199897050858,4,4,0,0,40,0,0,40,3.269
445,2,0,2,0,9.216000325977802,4,4,0,0,40,0,0,40,3.269
445,2,0,3,0,5.119999870657921,4,4,0,0,40,0,0,40,3.269
445,24,0,0,0,8.191999979317188,4,4,0,0,40,0,0,40,1.869
445,24,0,1,0,71.68000191450119,4,4,0,0,40,0,0,40,1.869
445,24,0,2,0,9.216000325977802,4,4,0,0,40,0,0,40,1.869
445,24,0,3,0,4.095999989658594,4,4,0,0,40,0,0,40,1.869
445,40,0,0,1,14.336000196635723,4,4,0,0,40,0,0,40,1.46
445,40,0,1,1,63.48799914121628,4,4,0,0,40,0,0,40,1.46
445,40,0,2,1,8.191999979317188,4,4,0,0,40,0,0,40,1.46
445,40,0,3,1,3.0720001086592674,4,4,0,0,40,0,0,40,1.46
446,2,0,0,0,8.191999979317188,1,1,0,0,10,0,0,10,0.34
446,2,0,1,0,32.76799991726875,1,1,0,0,10,0,0,10,0.34
446,2,0,2,0,9.216000325977802,1,1,0,0,10,0,0,10,0.34
446,2,0,3,0,4.095999989658594,1,1,0,0,10,0,0,10,0.34
446,24,0,0,0,8.191999979317188,1,1,0,0,10,0,0,10,0.3
446,24,0,1,0,32.76799991726875,1,1,0,0,10,0,0,10,0.3
446,24,0,2,0,8.191999979317188,1,1,0,0,10,0,0,10,0.3
446,24,0,3,0,4.095999989658594,1,1,0,0,10,0,0,10,0.3
446,40,0,0,1,8.191999979317188,1,1,0,0,10,0,0,10,0.63
446,40,0,1,1,34.81600061058998,1,1,0,0,10,0,0,10,0.63
446,40,0,2,1,9.216000325977802,1,1,0,0,10,0,0,10,0.63
446,40,0,3,1,4.095999989658594,1,1,0,0,10,0,0,10,0.63
447,2,0,0,0,10.239999741315842,4,4,0,0,40,0,0,40,3.0
447,2,0,1,0,72.7040022611618,4,4,0,0,40,0,0,40,3.0
447,2,0,2,0,8.191999979317188,4,4,0,0,40,0,0,40,3.0
447,2,0,3,0,6.144000217318535,4,4,0,0,40,0,0,40,3.0
447,24,0,0,0,7.168000098317862,4,4,0,0,40,0,0,40,1.4
447,24,0,1,0,56.32000043988228,4,4,0,0,40,0,0,40,1.4
447,24,0,2,0,8.191999979317188,4,4,0,0,40,0,0,40,1.4
447,24,0,3,0,3.0720001086592674,4,4,0,0,40,0,0,40,1.4
447,40,0,0,1,13.311999849975109,4,4,0,0,40,0,0,40,1.269
447,40,0,1,1,51.19999870657921,4,4,0,0,40,0,0,40,1.269
447,40,0,2,1,9.216000325977802,4,4,0,0,40,0,0,40,1.269
447,40,0,3,1,4.095999989658594,4,4,0,0,40,0,0,40,1.269
448,2,0,0,0,14.336000196635723,4,4,0,0,40,0,0,40,3.28
448,2,0,1,0,74.75200295448303,4,4,0,0,40,0,0,40,3.28
448,2,0,2,0,9.216000325977802,4,4,0,0,40,0,0,40,3.28
448,2,0,3,0,5.119999870657921,4,4,0,0,40,0,0,40,3.28
448,24,0,0,0,8.191999979317188,4,4,0,0,40,0,0,40,1.291
448,24,0,1,0,55.296000093221664,4,4,0,0,40,0,0,40,1.291
448,24,0,2,0,9.216000325977802,4,4,0,0,40,0,0,40,1.291
448,24,0,3,0,4.095999989658594,4,4,0,0,40,0,0,40,1.291
448,40,0,0,1,8.191999979317188,4,4,0,0,40,0,0,40,1.32
448,40,0,1,1,68.60800087451935,4,4,0,0,40,0,0,40,1.32
448,40,0,2,1,9.216000325977802,4,4,0,0,40,0,0,40,1.32
448,40,0,3,1,5.119999870657921,4,4,0,0,40,0,0,40,1.32
449,2,0,0,0,8.191999979317188,2,2,0,0,20,0,0,20,0.98
449,2,0,1,0,52.22399905323982,2,2,0,0,20,0,0,20,0.98
449,2,0,2,0,9.216000325977802,2,2,0,0,20,0,0,20,0.98
449,2,0,3,0,4.095999989658594,2,2,0,0,20,0,0,20,0.98
449,24,0,0,0,8.191999979317188,2,2,0,0,20,0,0,20,0.7
449,24,0,1,0,59.39200147986412,2,2,0,0,20,0,0,20,0.7
449,24,0,2,0,8.191999979317188,2,2,0,0,20,0,0,20,0.7
449,24,0,3,0,5.119999870657921,2,2,0,0,20,0,0,20,0.7
449,40,0,0,1,9.216000325977802,2,2,0,0,20,0,0,20,0.72
449,40,0,1,1,57.34400078654289,2,2,0,0,20,0,0,20,0.72
449,40,0,2,1,9.216000325977802,2,2,0,0,20,0,0,20,0.72
449,40,0,3,1,4.095999989658594,2,2,0,0,20,0,0,20,0.72
450,2,0,0,0,15.359999611973763,4,4,0,1,39,0,0,40,68.729
450,2,0,1,0,59.39200147986412,4,4,0,1,39,0,0,40,68.729
450,2,0,2,0,8.191999979317188,4,4,0,1,39,0,0,40,68.729
450,2,0,3,0,6.144000217318535,4,4,0,1,39,0,0,40,68.729
450,24,0,0,0,8.191999979317188,4,4,0,0,40,0,0,40,1.7
450,24,0,1,0,75.77600330114365,4,4,0,0,40,0,0,40,1.7
450,24,0,2,0,8.191999979317188,4,4,0,0,40,0,0,40,1.7
450,24,0,3,0,4.095999989658594,4,4,0,0,40,0,0,40,1.7
450,40,0,0,1,15.359999611973763,4,4,0,0,40,0,0,40,1.44
450,40,0,1,1,82.94399827718735,4,4,0,0,40,0,0,40,1.44
450,40,0,2,1,9.216000325977802,4,4,0,0,40,0,0,40,1.44
450,40,0,3,1,5.119999870657921,4,4,0,0,40,0,0,40,1.44
451,2,0,0,0,723.9680290222168,2,2,0,0,20,0,0,20,1.54
451,2,0,1,0,50.175998359918594,2,2,0,0,20,0,0,20,1.54
451,2,0,2,0,9.216000325977802,2,2,0,0,20,0,0,20,1.54
451,2,0,3,0,4.095999989658594,2,2,0,0,20,0,0,20,1.54
451,24,0,0,0,8.191999979317188,2,2,0,0,20,0,0,20,0.7
451,24,0,1,0,46.08000069856644,2,2,0,0,20,0,0,20,0.7
451,24,0,2,0,9.216000325977802,2,2,0,0,20,0,0,20,0.7
451,24,0,3,0,4.095999989658594,2,2,0,0,20,0,0,20,0.7
451,40,0,0,1,105.47199845314026,2,2,0,0,20,0,0,20,1.22
451,40,0,1,1,47.10400104522705,2,2,0,0,20,0,0,20,1.22
451,40,0,2,1,9.216000325977802,2,2,0,0,20,0,0,20,1.22
451,40,0,3,1,4.095999989658594,2,2,0,0,20,0,0,20,1.22
452,2,0,0,0,8.191999979317188,1,1,0,0,10,0,0,10,0.37
452,2,0,1,0,32.76799991726875,1,1,0,0,10,0,0,10,0.37
452,2,0,2,0,9.216000325977802,1,1,0,0,10,0,0,10,0.37
452,2,0,3,0,5.119999870657921,1,1,0,0,10,0,0,10,0.37
452,24,0,0,0,8.191999979317188,1,1,0,0,10,0,0,10,1.66
452,24,0,1,0,32.76799991726875,1,1,0,0,10,0,0,10,1.66
452,24,0,2,0,8.191999979317188,1,1,0,0,10,0,0,10,1.66
452,24,0,3,0,3.0720001086592674,1,1,0,0,10,0,0,10,1.66
452,40,0,0,1,8.191999979317188,1,1,0,0,10,0,0,10,0.631
452,40,0,1,1,34.81600061058998,1,1,0,0,10,0,0,10,0.631
452,40,0,2,1,8.191999979317188,1,1,0,0,10,0,0,10,0.631
452,40,0,3,1,4.095999989658594,1,1,0,0,10,0,0,10,0.631
453,2,0,0,0,9.216000325977802,2,2,0,0,20,0,0,20,1.271
453,2,0,1,0,49.15200173854828,2,2,0,0,20,0,0,20,1.271
453,2,0,2,0,9.216000325977802,2,2,0,0,20,0,0,20,1.271
453,2,0,3,0,4.095999989658594,2,2,0,0,20,0,0,20,1.271
453,24,0,0,0,8.191999979317188,2,2,0,0,20,0,0,20,2.151
453,24,0,1,0,52.22399905323982,2,2,0,0,20,0,0,20,2.151
453,24,0,2,0,9.216000325977802,2,2,0,0,20,0,0,20,2.151
453,24,0,3,0,4.095999989658594,2,2,0,0,20,0,0,20,2.151
453,40,0,0,1,9.216000325977802,2,2,0,0,20,0,0,20,1.17
453,40,0,1,1,44.03200000524521,2,2,0,0,20,0,0,20,1.17
453,40,0,2,1,9.216000325977802,2,2,0,0,20,0,0,20,1.17
453,40,0,3,1,3.0720001086592674,2,2,0,0,20,0,0,20,1.17
454,2,0,0,0,11.264000087976456,3,3,0,1,29,0,0,30,176.228
454,2,0,1,0,68.60800087451935,3,3,0,1,29,0,0,30,176.228
454,2,0,2,0,9.216000325977802,3,3,0,1,29,0,0,30,176.228
454,2,0,3,0,89.08800035715103,3,3,0,1,29,0,0,30,176.228
454,24,0,0,0,8.191999979317188,3,3,0,0,30,0,0,30,2.24
454,24,0,1,0,52.22399905323982,3,3,0,0,30,0,0,30,2.24
454,24,0,2,0,9.216000325977802,3,3,0,0,30,0,0,30,2.24
454,24,0,3,0,4.095999989658594,3,3,0,0,30,0,0,30,2.24
454,40,0,0,1,14.336000196635723,3,3,0,0,30,0,0,30,2.09
454,40,0,1,1,64.51199948787689,3,3,0,0,30,0,0,30,2.09
454,40,0,2,1,8.191999979317188,3,3,0,0,30,0,0,30,2.09
454,40,0,3,1,4.095999989658594,3,3,0,0,30,0,0,30,2.09
455,2,0,0,0,15.359999611973763,4,4,0,1,39,0,0,40,86.42
455,2,0,1,0,91.13600105047226,4,4,0,1,39,0,0,40,86.42
455,2,0,2,0,9.216000325977802,4,4,0,1,39,0,0,40,86.42
455,2,0,3,0,7.168000098317862,4,4,0,1,39,0,0,40,86.42
455,24,0,0,0,8.191999979317188,4,4,0,0,40,0,0,40,4.57
455,24,0,1,0,67.58400052785873,4,4,0,0,40,0,0,40,4.57
455,24,0,2,0,10.239999741315842,4,4,0,0,40,0,0,40,4.57
455,24,0,3,0,4.095999989658594,4,4,0,0,40,0,0,40,4.57
455,40,0,0,1,14.336000196635723,4,4,0,0,40,0,0,40,2.349
455,40,0,1,1,67.58400052785873,4,4,0,0,40,0,0,40,2.349
455,40,0,2,1,9.216000325977802,4,4,0,0,40,0,0,40,2.349
455,40,0,3,1,4.095999989658594,4,4,0,0,40,0,0,40,2.349
456,2,0,0,0,15.359999611973763,2,2,0,0,20,0,0,20,1.091
456,2,0,1,0,46.08000069856644,2,2,0,0,20,0,0,20,1.091
456,2,0,2,0,9.216000325977802,2,2,0,0,20,0,0,20,1.091
456,2,0,3,0,4.095999989658594,2,2,0,0,20,0,0,20,1.091
456,24,0,0,0,9.216000325977802,2,2,0,0,20,0,0,20,1.14
456,24,0,1,0,44.03200000524521,2,2,0,0,20,0,0,20,1.14
456,24,0,2,0,9.216000325977802,2,2,0,0,20,0,0,20,1.14
456,24,0,3,0,4.095999989658594,2,2,0,0,20,0,0,20,1.14
456,40,0,0,1,8.191999979317188,2,2,0,0,20,0,0,20,0.95
456,40,0,1,1,38.91199827194214,2,2,0,0,20,0,0,20,0.95
456,40,0,2,1,9.216000325977802,2,2,0,0,20,0,0,20,0.95
456,40,0,3,1,4.095999989658594,2,2,0,0,20,0,0,20,0.95
457,2,0,0,0,14.336000196635723,4,4,0,0,40,0,0,40,4.19
457,2,0,1,0,75.77600330114365,4,4,0,0,40,0,0,40,4.19
457,2,0,2,0,9.216000325977802,4,4,0,0,40,0,0,40,4.19
457,2,0,3,0,6.144000217318535,4,4,0,0,40,0,0,40,4.19
457,24,0,0,0,7.168000098317862,4,4,0,0,40,0,0,40,2.169
457,24,0,1,0,66.56000018119812,4,4,0,0,40,0,0,40,2.169
457,24,0,2,0,8.191999979317188,4,4,0,0,40,0,0,40,2.169
457,24,0,3,0,4.095999989658594,4,4,0,0,40,0,0,40,2.169
457,40,0,0,1,14.336000196635723,4,4,0,0,40,0,0,40,1.83
457,40,0,1,1,56.32000043988228,4,4,0,0,40,0,0,40,1.83
457,40,0,2,1,9.216000325977802,4,4,0,0,40,0,0,40,1.83
457,40,0,3,1,4.095999989658594,4,4,0,0,40,0,0,40,1.83
458,2,0,0,0,9.216000325977802,1,1,0,0,10,0,0,10,0.531
458,2,0,1,0,31.74399957060814,1,1,0,0,10,0,0,10,0.531
458,2,0,2,0,9.216000325977802,1,1,0,0,10,0,0,10,0.531
458,2,0,3,0,5.119999870657921,1,1,0,0,10,0,0,10,0.531
458,24,0,0,0,8.191999979317188,1,1,0,0,10,0,0,10,0.511
458,24,0,1,0,32.76799991726875,1,1,0,0,10,0,0,10,0.511
458,24,0,2,0,8.191999979317188,1,1,0,0,10,0,0,10,0.511
458,24,0,3,0,4.095999989658594,1,1,0,0,10,0,0,10,0.511
458,40,0,0,1,9.216000325977802,1,1,0,0,10,0,0,10,0.4
458,40,0,1,1,35.840000957250595,1,1,0,0,10,0,0,10,0.4
458,40,0,2,1,8.191999979317188,1,1,0,0,10,0,0,10,0.4
458,40,0,3,1,4.095999989658594,1,1,0,0,10,0,0,10,0.4
459,2,0,0,0,15.359999611973763,4,4,0,0,40,0,0,40,2.76
459,2,0,1,0,86.01599931716919,4,4,0,0,40,0,0,40,2.76
459,2,0,2,0,8.191999979317188,4,4,0,0,40,0,0,40,2.76
459,2,0,3,0,6.144000217318535,4,4,0,0,40,0,0,40,2.76
459,24,0,0,0,8.191999979317188,4,4,0,0,40,0,0,40,4.56
459,24,0,1,0,65.5359998345375,4,4,0,0,40,0,0,40,4.56
459,24,0,2,0,8.191999979317188,4,4,0,0,40,0,0,40,4.56
459,24,0,3,0,4.095999989658594,4,4,0,0,40,0,0,40,4.56
459,40,0,0,1,15.359999611973763,4,4,0,0,40,0,0,40,2.04
459,40,0,1,1,65.5359998345375,4,4,0,0,40,0,0,40,2.04
459,40,0,2,1,9.216000325977802,4,4,0,0,40,0,0,40,2.04
459,40,0,3,1,4.095999989658594,4,4,0,0,40,0,0,40,2.04
460,2,0,0,0,8.191999979317188,1,1,0,0,10,0,0,10,0.91
460,2,0,1,0,31.74399957060814,1,1,0,0,10,0,0,10,0.91
460,2,0,2,0,8.191999979317188,1,1,0,0,10,0,0,10,0.91
460,2,0,3,0,6.144000217318535,1,1,0,0,10,0,0,10,0.91
460,24,0,0,0,8.191999979317188,1,1,0,0,10,0,0,10,0.53
460,24,0,1,0,31.74399957060814,1,1,0,0,10,0,0,10,0.53
460,24,0,2,0,9.216000325977802,1,1,0,0,10,0,0,10,0.53
460,24,0,3,0,4.095999989658594,1,1,0,0,10,0,0,10,0.53
460,40,0,0,1,8.191999979317188,1,1,0,0,10,0,0,10,0.489
460,40,0,1,1,35.840000957250595,1,1,0,0,10,0,0,10,0.489
460,40,0,2,1,8.191999979317188,1,1,0,0,10,0,0,10,0.489
460,40,0,3,1,4.095999989658594,1,1,0,0,10,0,0,10,0.489
461,2,0,0,0,8.191999979317188,1,1,0,0,10,0,0,10,0.431
461,2,0,1,0,31.74399957060814,1,1,0,0,10,0,0,10,0.431
461,2,0,2,0,9.216000325977802,1,1,0,0,10,0,0,10,0.431
461,2,0,3,0,5.119999870657921,1,1,0,0,10,0,0,10,0.431
461,24,0,0,0,8.191999979317188,1,1,0,0,10,0,0,10,0.431
461,24,0,1,0,32.76799991726875,1,1,0,0,10,0,0,10,0.431
461,24,0,2,0,8.191999979317188,1,1,0,0,10,0,0,10,0.431
461,24,0,3,0,3.0720001086592674,1,1,0,0,10,0,0,10,0.431
461,40,0,0,1,8.191999979317188,1,1,0,0,10,0,0,10,0.53
461,40,0,1,1,34.81600061058998,1,1,0,0,10,0,0,10,0.53
461,40,0,2,1,9.216000325977802,1,1,0,0,10,0,0,10,0.53
461,40,0,3,1,4.095999989658594,1,1,0,0,10,0,0,10,0.53
462,2,0,0,0,16.383999958634377,4,4,0,0,40,0,0,40,5.72
462,2,0,1,0,81.91999793052673,4,4,0,0,40,0,0,40,5.72
462,2,0,2,0,9.216000325977802,4,4,0,0,40,0,0,40,5.72
462,2,0,3,0,5.119999870657921,4,4,0,0,40,0,0,40,5.72
462,24,0,0,0,7.168000098317862,4,4,0,0,40,0,0,40,2.19
462,24,0,1,0,71.68000191450119,4,4,0,0,40,0,0,40,2.19
462,24,0,2,0,9.216000325977802,4,4,0,0,40,0,0,40,2.19
462,24,0,3,0,4.095999989658594,4,4,0,0,40,0,0,40,2.19
462,40,0,0,1,8.191999979317188,4,4,0,0,40,0,0,40,1.791
462,40,0,1,1,61.43999844789505,4,4,0,0,40,0,0,40,1.791
462,40,0,2,1,9.216000325977802,4,4,0,0,40,0,0,40,1.791
462,40,0,3,1,4.095999989658594,4,4,0,0,40,0,0,40,1.791
463,2,0,0,0,15.359999611973763,4,4,0,0,40,0,0,40,2.73
463,2,0,1,0,76.80000364780426,4,4,0,0,40,0,0,40,2.73
463,2,0,2,0,9.216000325977802,4,4,0,0,40,0,0,40,2.73
463,2,0,3,0,5.119999870657921,4,4,0,0,40,0,0,40,2.73
463,24,0,0,0,7.168000098317862,4,4,0,0,40,0,0,40,4.089
463,24,0,1,0,74.75200295448303,4,4,0,0,40,0,0,40,4.089
463,24,0,2,0,9.216000325977802,4,4,0,0,40,0,0,40,4.089
463,24,0,3,0,4.095999989658594,4,4,0,0,40,0,0,40,4.089
463,40,0,0,1,8.191999979317188,4,4,0,1,39,0,0,40,79.25
463,40,0,1,1,72.7040022611618,4,4,0,1,39,0,0,40,79.25
463,40,0,2,1,9.216000325977802,4,4,0,1,39,0,0,40,79.25
463,40,0,3,1,4.095999989658594,4,4,0,1,39,0,0,40,79.25
464,2,0,0,0,9.216000325977802,1,1,0,0,10,0,0,10,0.73
464,2,0,1,0,31.74399957060814,1,1,0,0,10,0,0,10,0.73
464,2,0,2,0,9.216000325977802,1,1,0,0,10,0,0,10,0.73
464,2,0,3,0,5.119999870657921,1,1,0,0,10,0,0,10,0.73
464,24,0,0,0,7.168000098317862,1,1,0,0,10,0,0,10,0.43
464,24,0,1,0,32.76799991726875,1,1,0,0,10,0,0,10,0.43
464,24,0,2,0,9.216000325977802,1,1,0,0,10,0,0,10,0.43
464,24,0,3,0,4.095999989658594,1,1,0,0,10,0,0,10,0.43
464,40,0,0,1,8.191999979317188,1,1,0,1,9,0,0,10,46.609
464,40,0,1,1,32.76799991726875,1,1,0,1,9,0,0,10,46.609
464,40,0,2,1,9.216000325977802,1,1,0,1,9,0,0,10,46.609
464,40,0,3,1,4.095999989658594,1,1,0,1,9,0,0,10,46.609
465,2,0,0,0,14.336000196635723,4,4,0,0,40,0,0,40,2.47
465,2,0,1,0,77.82399654388428,4,4,0,0,40,0,0,40,2.47
465,2,0,2,0,8.191999979317188,4,4,0,0,40,0,0,40,2.47
465,2,0,3,0,6.144000217318535,4,4,0,0,40,0,0,40,2.47
465,24,0,0,0,8.191999979317188,4,4,0,0,40,0,0,40,2.06
465,24,0,1,0,72.7040022611618,4,4,0,0,40,0,0,40,2.06
465,24,0,2,0,9.216000325977802,4,4,0,0,40,0,0,40,2.06
465,24,0,3,0,5.119999870657921,4,4,0,0,40,0,0,40,2.06
465,40,0,0,1,8.191999979317188,4,4,0,1,39,0,0,40,286.75
465,40,0,1,1,98.30400347709656,4,4,0,1,39,0,0,40,286.75
465,40,0,2,1,9.216000325977802,4,4,0,1,39,0,0,40,286.75
465,40,0,3,1,167.93599724769592,4,4,0,1,39,0,0,40,286.75
466,2,0,0,0,14.336000196635723,4,4,0,0,40,0,0,40,2.83
466,2,0,1,0,72.7040022611618,4,4,0,0,40,0,0,40,2.83
466,2,0,2,0,9.216000325977802,4,4,0,0,40,0,0,40,2.83
466,2,0,3,0,5.119999870657921,4,4,0,0,40,0,0,40,2.83
466,24,0,0,0,7.168000098317862,4,4,0,0,40,0,0,40,2.54
466,24,0,1,0,64.51199948787689,4,4,0,0,40,0,0,40,2.54
466,24,0,2,0,9.216000325977802,4,4,0,0,40,0,0,40,2.54
466,24,0,3,0,4.095999989658594,4,4,0,0,40,0,0,40,2.54
466,40,0,0,1,14.336000196635723,4,4,0,0,40,0,0,40,5.55
466,40,0,1,1,82.94399827718735,4,4,0,0,40,0,0,40,5.55
466,40,0,2,1,9.216000325977802,4,4,0,0,40,0,0,40,5.55
466,40,0,3,1,4.095999989658594,4,4,0,0,40,0,0,40,5.55
467,2,0,0,0,14.336000196635723,4,4,0,0,40,0,0,40,3.351
467,2,0,1,0,73.72800260782242,4,4,0,0,40,0,0,40,3.351
467,2,0,2,0,9.216000325977802,4,4,0,0,40,0,0,40,3.351
467,2,0,3,0,5.119999870657921,4,4,0,0,40,0,0,40,3.351
467,24,0,0,0,8.191999979317188,4,4,0,0,40,0,0,40,2.99
467,24,0,1,0,65.5359998345375,4,4,0,0,40,0,0,40,2.99
467,24,0,2,0,9.216000325977802,4,4,0,0,40,0,0,40,2.99
467,24,0,3,0,4.095999989658594,4,4,0,0,40,0,0,40,2.99
467,40,0,0,1,9.216000325977802,4,4,0,1,39,0,0,40,75.72
467,40,0,1,1,97.28000313043594,4,4,0,1,39,0,0,40,75.72
467,40,0,2,1,9.216000325977802,4,4,0,1,39,0,0,40,75.72
467,40,0,3,1,4.095999989658594,4,4,0,1,39,0,0,40,75.72
468,2,0,0,0,15.359999611973763,2,2,0,0,20,0,0,20,1.99
468,2,0,1,0,53.247999399900436,2,2,0,0,20,0,0,20,1.99
468,2,0,2,0,9.216000325977802,2,2,0,0,20,0,0,20,1.99
468,2,0,3,0,5.119999870657921,2,2,0,0,20,0,0,20,1.99
468,24,0,0,0,9.216000325977802,2,2,0,0,20,0,0,20,1.311
468,24,0,1,0,52.22399905323982,2,2,0,0,20,0,0,20,1.311
468,24,0,2,0,8.191999979317188,2,2,0,0,20,0,0,20,1.311
468,24,0,3,0,4.095999989658594,2,2,0,0,20,0,0,20,1.311
468,40,0,0,1,9.216000325977802,2,2,0,0,20,0,0,20,1.3
468,40,0,1,1,57.34400078654289,2,2,0,0,20,0,0,20,1.3
468,40,0,2,1,9.216000325977802,2,2,0,0,20,0,0,20,1.3
468,40,0,3,1,4.095999989658594,2,2,0,0,20,0,0,20,1.3
469,2,0,0,0,8.191999979317188,4,4,0,2,38,0,0,40,140.439
469,2,0,1,0,88.06400001049042,4,4,0,2,38,0,0,40,140.439
469,2,0,2,0,10.239999741315842,4,4,0,2,38,0,0,40,140.439
469,2,0,3,0,29.69600073993206,4,4,0,2,38,0,0,40,140.439
469,24,0,0,0,9.216000325977802,4,4,0,0,40,0,0,40,5.16
469,24,0,1,0,69.63200122117996,4,4,0,0,40,0,0,40,5.16
469,24,0,2,0,9.216000325977802,4,4,0,0,40,0,0,40,5.16
469,24,0,3,0,5.119999870657921,4,4,0,0,40,0,0,40,5.16
469,40,0,0,1,15.359999611973763,4,4,0,0,40,0,0,40,5.37
469,40,0,1,1,86.01599931716919,4,4,0,0,40,0,0,40,5.37
469,40,0,2,1,9.216000325977802,4,4,0,0,40,0,0,40,5.37
469,40,0,3,1,4.095999989658594,4,4,0,0,40,0,0,40,5.37
470,2,0,0,0,14.336000196635723,4,4,0,0,40,0,0,40,5.72
470,2,0,1,0,82.94399827718735,4,4,0,0,40,0,0,40,5.72
470,2,0,2,0,9.216000325977802,4,4,0,0,40,0,0,40,5.72
470,2,0,3,0,5.119999870657921,4,4,0,0,40,0,0,40,5.72
470,24,0,0,0,7.168000098317862,4,4,0,0,40,0,0,40,3.26
470,24,0,1,0,68.60800087451935,4,4,0,0,40,0,0,40,3.26
470,24,0,2,0,10.239999741315842,4,4,0,0,40,0,0,40,3.26
470,24,0,3,0,4.095999989658594,4,4,0,0,40,0,0,40,3.26
470,40,0,0,1,14.336000196635723,4,4,0,0,40,0,0,40,4.96
470,40,0,1,1,78.84799689054489,4,4,0,0,40,0,0,40,4.96
470,40,0,2,1,8.191999979317188,4,4,0,0,40,0,0,40,4.96
470,40,0,3,1,4.095999989658594,4,4,0,0,40,0,0,40,4.96
471,2,0,0,0,9.216000325977802,1,1,0,0,10,0,0,10,0.61
471,2,0,1,0,31.74399957060814,1,1,0,0,10,0,0,10,0.61
471,2,0,2,0,9.216000325977802,1,1,0,0,10,0,0,10,0.61
471,2,0,3,0,4.095999989658594,1,1,0,0,10,0,0,10,0.61
471,24,0,0,0,8.191999979317188,1,1,0,0,10,0,0,10,0.64
471,24,0,1,0,32.76799991726875,1,1,0,0,10,0,0,10,0.64
471,24,0,2,0,9.216000325977802,1,1,0,0,10,0,0,10,0.64
471,24,0,3,0,4.095999989658594,1,1,0,0,10,0,0,10,0.64
471,40,0,0,1,9.216000325977802,1,1,0,0,10,0,0,10,0.589
471,40,0,1,1,34.81600061058998,1,1,0,0,10,0,0,10,0.589
471,40,0,2,1,8.191999979317188,1,1,0,0,10,0,0,10,0.589
471,40,0,3,1,4.095999989658594,1,1,0,0,10,0,0,10,0.589
472,2,0,0,0,10.239999741315842,1,1,0,1,9,0,0,10,58.241
472,2,0,1,0,31.74399957060814,1,1,0,1,9,0,0,10,58.241
472,2,0,2,0,10.239999741315842,1,1,0,1,9,0,0,10,58.241
472,2,0,3,0,5.119999870657921,1,1,0,1,9,0,0,10,58.241
472,24,0,0,0,8.191999979317188,1,1,0,0,10,0,0,10,0.52
472,24,0,1,0,31.74399957060814,1,1,0,0,10,0,0,10,0.52
472,24,0,2,0,9.216000325977802,1,1,0,0,10,0,0,10,0.52
472,24,0,3,0,4.095999989658594,1,1,0,0,10,0,0,10,0.52
472,40,0,0,1,8.191999979317188,1,1,0,0,10,0,0,10,2.88
472,40,0,1,1,35.840000957250595,1,1,0,0,10,0,0,10,2.88
472,40,0,2,1,9.216000325977802,1,1,0,0,10,0,0,10,2.88
472,40,0,3,1,4.095999989658594,1,1,0,0,10,0,0,10,2.88
473,2,0,0,0,8.191999979317188,4,4,0,1,39,0,0,40,72.98
473,2,0,1,0,64.51199948787689,4,4,0,1,39,0,0,40,72.98
473,2,0,2,0,8.191999979317188,4,4,0,1,39,0,0,40,72.98
473,2,0,3,0,6.144000217318535,4,4,0,1,39,0,0,40,72.98
473,24,0,0,0,8.191999979317188,4,4,0,0,40,0,0,40,2.28
473,24,0,1,0,52.22399905323982,4,4,0,0,40,0,0,40,2.28
473,24,0,2,0,9.216000325977802,4,4,0,0,40,0,0,40,2.28
473,24,0,3,0,4.095999989658594,4,4,0,0,40,0,0,40,2.28
473,40,0,0,1,15.359999611973763,4,4,0,0,40,0,0,40,2.649
473,40,0,1,1,66.56000018119812,4,4,0,0,40,0,0,40,2.649
473,40,0,2,1,8.191999979317188,4,4,0,0,40,0,0,40,2.649
473,40,0,3,1,4.095999989658594,4,4,0,0,40,0,0,40,2.649
474,2,0,0,0,9.216000325977802,1,1,0,0,10,0,0,10,0.62
474,2,0,1,0,31.74399957060814,1,1,0,0,10,0,0,10,0.62
474,2,0,2,0,9.216000325977802,1,1,0,0,10,0,0,10,0.62
474,2,0,3,0,4.095999989658594,1,1,0,0,10,0,0,10,0.62
474,24,0,0,0,8.191999979317188,1,1,0,0,10,0,0,10,0.64
474,24,0,1,0,31.74399957060814,1,1,0,0,10,0,0,10,0.64
474,24,0,2,0,8.191999979317188,1,1,0,0,10,0,0,10,0.64
474,24,0,3,0,4.095999989658594,1,1,0,0,10,0,0,10,0.64
474,40,0,0,1,9.216000325977802,1,1,0,0,10,0,0,10,0.411
474,40,0,1,1,34.81600061058998,1,1,0,0,10,0,0,10,0.411
474,40,0,2,1,9.216000325977802,1,1,0,0,10,0,0,10,0.411
474,40,0,3,1,4.095999989658594,1,1,0,0,10,0,0,10,0.411
475,2,0,0,0,9.216000325977802,3,3,0,0,30,0,0,30,2.16
475,2,0,1,0,68.60800087451935,3,3,0,0,30,0,0,30,2.16
475,2,0,2,0,9.216000325977802,3,3,0,0,30,0,0,30,2.16
475,2,0,3,0,5.119999870657921,3,3,0,0,30,0,0,30,2.16
475,24,0,0,0,7.168000098317862,3,3,0,1,29,0,0,30,53.74
475,24,0,1,0,55.296000093221664,3,3,0,1,29,0,0,30,53.74
475,24,0,2,0,9.216000325977802,3,3,0,1,29,0,0,30,53.74
475,24,0,3,0,4.095999989658594,3,3,0,1,29,0,0,30,53.74
475,40,0,0,1,14.336000196635723,3,3,0,0,30,0,0,30,3.79
475,40,0,1,1,71.68000191450119,3,3,0,0,30,0,0,30,3.79
475,40,0,2,1,9.216000325977802,3,3,0,0,30,0,0,30,3.79
475,40,0,3,1,4.095999989658594,3,3,0,0,30,0,0,30,3.79
476,2,0,0,0,13.311999849975109,4,4,0,0,40,0,0,40,2.46
476,2,0,1,0,79.8719972372055,4,4,0,0,40,0,0,40,2.46
476,2,0,2,0,9.216000325977802,4,4,0,0,40,0,0,40,2.46
476,2,0,3,0,5.119999870657921,4,4,0,0,40,0,0,40,2.46
476,24,0,0,0,8.191999979317188,4,4,0,0,40,0,0,40,2.74
476,24,0,1,0,83.96799862384796,4,4,0,0,40,0,0,40,2.74
476,24,0,2,0,9.216000325977802,4,4,0,0,40,0,0,40,2.74
476,24,0,3,0,4.095999989658594,4,4,0,0,40,0,0,40,2.74
476,40,0,0,1,13.311999849975109,4,4,0,0,40,0,0,40,2.689
476,40,0,1,1,83.96799862384796,4,4,0,0,40,0,0,40,2.689
476,40,0,2,1,9.216000325977802,4,4,0,0,40,0,0,40,2.689
476,40,0,3,1,4.095999989658594,4,4,0,0,40,0,0,40,2.689
477,2,0,0,0,8.191999979317188,1,1,0,0,10,0,0,10,0.78
477,2,0,1,0,32.76799991726875,1,1,0,0,10,0,0,10,0.78
477,2,0,2,0,9.216000325977802,1,1,0,0,10,0,0,10,0.78
477,2,0,3,0,4.095999989658594,1,1,0,0,10,0,0,10,0.78
477,24,0,0,0,8.191999979317188,1,1,0,0,10,0,0,10,0.72
477,24,0,1,0,32.76799991726875,1,1,0,0,10,0,0,10,0.72
477,24,0,2,0,8.191999979317188,1,1,0,0,10,0,0,10,0.72
477,24,0,3,0,4.095999989658594,1,1,0,0,10,0,0,10,0.72
477,40,0,0,1,9.216000325977802,1,1,0,0,10,0,0,10,0.65
477,40,0,1,1,35.840000957250595,1,1,0,0,10,0,0,10,0.65
477,40,0,2,1,8.191999979317188,1,1,0,0,10,0,0,10,0.65
477,40,0,3,1,4.095999989658594,1,1,0,0,10,0,0,10,0.65
478,2,0,0,0,8.191999979317188,4,4,0,1,39,0,0,40,244.309
478,2,0,1,0,83.96799862384796,4,4,0,1,39,0,0,40,244.309
478,2,0,2,0,9.216000325977802,4,4,0,1,39,0,0,40,244.309
478,2,0,3,0,142.33599603176117,4,4,0,1,39,0,0,40,244.309
478,24,0,0,0,8.191999979317188,4,4,0,0,40,0,0,40,4.431
478,24,0,1,0,64.51199948787689,4,4,0,0,40,0,0,40,4.431
478,24,0,2,0,9.216000325977802,4,4,0,0,40,0,0,40,4.431
478,24,0,3,0,4.095999989658594,4,4,0,0,40,0,0,40,4.431
478,40,0,0,1,14.336000196635723,4,4,0,0,40,0,0,40,1.92
478,40,0,1,1,52.22399905323982,4,4,0,0,40,0,0,40,1.92
478,40,0,2,1,9.216000325977802,4,4,0,0,40,0,0,40,1.92
478,40,0,3,1,4.095999989658594,4,4,0,0,40,0,0,40,1.92
479,2,0,0,0,14.336000196635723,4,4,0,0,40,0,0,40,2.52
479,2,0,1,0,91.13600105047226,4,4,0,0,40,0,0,40,2.52
479,2,0,2,0,8.191999979317188,4,4,0,0,40,0,0,40,2.52
479,2,0,3,0,6.144000217318535,4,4,0,0,40,0,0,40,2.52
479,24,0,0,0,8.191999979317188,4,4,0,0,40,0,0,40,4.77
479,24,0,1,0,80.89599758386612,4,4,0,0,40,0,0,40,4.77
479,24,0,2,0,10.239999741315842,4,4,0,0,40,0,0,40,4.77
479,24,0,3,0,4.095999989658594,4,4,0,0,40,0,0,40,4.77
479,40,0,0,1,14.336000196635723,4,4,0,0,40,0,0,40,3.91
479,40,0,1,1,95.23200243711472,4,4,0,0,40,0,0,40,3.91
479,40,0,2,1,9.216000325977802,4,4,0,0,40,0,0,40,3.91
479,40,0,3,1,4.095999989658594,4,4,0,0,40,0,0,40,3.91
480,2,0,0,0,15.359999611973763,4,4,0,0,40,0,0,40,2.74
480,2,0,1,0,93.18400174379349,4,4,0,0,40,0,0,40,2.74
480,2,0,2,0,8.191999979317188,4,4,0,0,40,0,0,40,2.74
480,2,0,3,0,6.144000217318535,4,4,0,0,40,0,0,40,2.74
480,24,0,0,0,8.191999979317188,4,4,0,1,39,0,0,40,67.76
480,24,0,1,0,78.84799689054489,4,4,0,1,39,0,0,40,67.76
480,24,0,2,0,9.216000325977802,4,4,0,1,39,0,0,40,67.76
480,24,0,3,0,4.095999989658594,4,4,0,1,39,0,0,40,67.76
480,40,0,0,1,8.191999979317188,4,4,0,0,40,0,0,40,2.791
480,40,0,1,1,65.5359998345375,4,4,0,0,40,0,0,40,2.791
480,40,0,2,1,9.216000325977802,4,4,0,0,40,0,0,40,2.791
480,40,0,3,1,4.095999989658594,4,4,0,0,40,0,0,40,2.791
481,2,0,0,0,13.311999849975109,4,4,0,0,40,0,0,40,2.82
481,2,0,1,0,70.65600156784058,4,4,0,0,40,0,0,40,2.82
481,2,0,2,0,9.216000325977802,4,4,0,0,40,0,0,40,2.82
481,2,0,3,0,6.144000217318535,4,4,0,0,40,0,0,40,2.82
481,24,0,0,0,8.191999979317188,4,4,0,0,40,0,0,40,2.81
481,24,0,1,0,78.84799689054489,4,4,0,0,40,0,0,40,2.81
481,24,0,2,0,9.216000325977802,4,4,0,0,40,0,0,40,2.81
481,24,0,3,0,4.095999989658594,4,4,0,0,40,0,0,40,2.81
481,40,0,0,1,8.191999979317188,4,4,0,0,40,0,0,40,5.35
481,40,0,1,1,87.0399996638298,4,4,0,0,40,0,0,40,5.35
481,40,0,2,1,9.216000325977802,4,4,0,0,40,0,0,40,5.35
481,40,0,3,1,3.0720001086592674,4,4,0,0,40,0,0,40,5.35
482,2,0,0,0,15.359999611973763,4,4,0,1,39,0,0,40,150.659
482,2,0,1,0,62.463998794555664,4,4,0,1,39,0,0,40,150.659
482,2,0,2,0,9.216000325977802,4,4,0,1,39,0,0,40,150.659
482,2,0,3,0,61.43999844789505,4,4,0,1,39,0,0,40,150.659
482,24,0,0,0,8.191999979317188,4,4,0,0,40,0,0,40,2.83
482,24,0,1,0,66.56000018119812,4,4,0,0,40,0,0,40,2.83
482,24,0,2,0,9.216000325977802,4,4,0,0,40,0,0,40,2.83
482,24,0,3,0,4.095999989658594,4,4,0,0,40,0,0,40,2.83
482,40,0,0,1,14.336000196635723,4,4,0,0,40,0,0,40,2.26
482,40,0,1,1,76.80000364780426,4,4,0,0,40,0,0,40,2.26
482,40,0,2,1,9.216000325977802,4,4,0,0,40,0,0,40,2.26
482,40,0,3,1,5.119999870657921,4,4,0,0,40,0,0,40,2.26
483,2,0,0,0,14.336000196635723,4,4,0,0,40,0,0,40,2.84
483,2,0,1,0,81.91999793052673,4,4,0,0,40,0,0,40,2.84
483,2,0,2,0,9.216000325977802,4,4,0,0,40,0,0,40,2.84
483,2,0,3,0,5.119999870657921,4,4,0,0,40,0,0,40,2.84
483,24,0,0,0,9.216000325977802,4,4,0,2,38,0,0,40,184.159
483,24,0,1,0,80.89599758386612,4,4,0,2,38,0,0,40,184.159
483,24,0,2,0,9.216000325977802,4,4,0,2,38,0,0,40,184.159
483,24,0,3,0,80.89599758386612,4,4,0,2,38,0,0,40,184.159
483,40,0,0,1,8.191999979317188,4,4,0,4,36,0,0,40,315.148
483,40,0,1,1,71.68000191450119,4,4,0,4,36,0,0,40,315.148
483,40,0,2,1,9.216000325977802,4,4,0,4,36,0,0,40,315.148
483,40,0,3,1,222.20799326896667,4,4,0,4,36,0,0,40,315.148
484,2,0,0,0,13.311999849975109,4,4,0,0,40,0,0,40,3.04
484,2,0,1,0,69.63200122117996,4,4,0,0,40,0,0,40,3.04
484,2,0,2,0,9.216000325977802,4,4,0,0,40,0,0,40,3.04
484,2,0,3,0,7.168000098317862,4,4,0,0,40,0,0,40,3.04
484,24,0,0,0,9.216000325977802,4,4,0,1,39,0,0,40,61.88
484,24,0,1,0,89.08800035715103,4,4,0,1,39,0,0,40,61.88
484,24,0,2,0,9.216000325977802,4,4,0,1,39,0,0,40,61.88
484,24,0,3,0,4.095999989658594,4,4,0,1,39,0,0,40,61.88
484,40,0,0,1,8.191999979317188,4,4,0,1,39,0,0,40,122.359
484,40,0,1,1,78.84799689054489,4,4,0,1,39,0,0,40,122.359
484,40,0,2,1,9.216000325977802,4,4,0,1,39,0,0,40,122.359
484,40,0,3,1,22.52800017595291,4,4,0,1,39,0,0,40,122.359
485,2,0,0,0,251.90401077270508,4,4,0,0,40,0,0,40,7.19
485,2,0,1,0,77.82399654388428,4,4,0,0,40,0,0,40,7.19
485,2,0,2,0,8.191999979317188,4,4,0,0,40,0,0,40,7.19
485,2,0,3,0,5.119999870657921,4,4,0,0,40,0,0,40,7.19
485,24,0,0,0,8.191999979317188,4,4,0,0,40,0,0,40,5.34
485,24,0,1,0,78.84799689054489,4,4,0,0,40,0,0,40,5.34
485,24,0,2,0,9.216000325977802,4,4,0,0,40,0,0,40,5.34
485,24,0,3,0,4.095999989658594,4,4,0,0,40,0,0,40,5.34
485,40,0,0,1,8.191999979317188,4,4,0,3,37,0,0,40,291.329
485,40,0,1,1,83.96799862384796,4,4,0,3,37,0,0,40,291.329
485,40,0,2,1,9.216000325977802,4,4,0,3,37,0,0,40,291.329
485,40,0,3,1,185.34399569034576,4,4,0,3,37,0,0,40,291.329
486,2,0,0,0,13.311999849975109,4,4,0,0,40,0,0,40,3.96
486,2,0,1,0,75.77600330114365,4,4,0,0,40,0,0,40,3.96
486,2,0,2,0,8.191999979317188,4,4,0,0,40,0,0,40,3.96
486,2,0,3,0,5.119999870657921,4,4,0,0,40,0,0,40,3.96
486,24,0,0,0,7.168000098317862,4,4,0,1,39,0,0,40,67.709
486,24,0,1,0,80.89599758386612,4,4,0,1,39,0,0,40,67.709
486,24,0,2,0,9.216000325977802,4,4,0,1,39,0,0,40,67.709
486,24,0,3,0,4.095999989658594,4,4,0,1,39,0,0,40,67.709
486,40,0,0,1,8.191999979317188,4,4,0,1,39,0,0,40,84.51
486,40,0,1,1,75.77600330114365,4,4,0,1,39,0,0,40,84.51
486,40,0,2,1,8.191999979317188,4,4,0,1,39,0,0,40,84.51
486,40,0,3,1,4.095999989658594,4,4,0,1,39,0,0,40,84.51
487,2,0,0,0,14.336000196635723,4,4,0,0,40,0,0,40,4.14
487,2,0,1,0,81.91999793052673,4,4,0,0,40,0,0,40,4.14
487,2,0,2,0,9.216000325977802,4,4,0,0,40,0,0,40,4.14
487,2,0,3,0,8.191999979317188,4,4,0,0,40,0,0,40,4.14
487,24,0,0,0,7.168000098317862,4,4,0,2,38,0,0,40,145.201
487,24,0,1,0,75.77600330114365,4,4,0,2,38,0,0,40,145.201
487,24,0,2,0,10.239999741315842,4,4,0,2,38,0,0,40,145.201
487,24,0,3,0,49.15200173854828,4,4,0,2,38,0,0,40,145.201
487,40,0,0,1,9.216000325977802,4,4,0,0,40,0,0,40,5.569
487,40,0,1,1,67.58400052785873,4,4,0,0,40,0,0,40,5.569
487,40,0,2,1,8.191999979317188,4,4,0,0,40,0,0,40,5.569
487,40,0,3,1,4.095999989658594,4,4,0,0,40,0,0,40,5.569
488,2,0,0,0,14.336000196635723,4,4,0,0,40,0,0,40,4.06
488,2,0,1,0,76.80000364780426,4,4,0,0,40,0,0,40,4.06
488,2,0,2,0,9.216000325977802,4,4,0,0,40,0,0,40,4.06
488,2,0,3,0,5.119999870657921,4,4,0,0,40,0,0,40,4.06
488,24,0,0,0,8.191999979317188,4,4,0,0,40,0,0,40,3.291
488,24,0,1,0,60.416001826524734,4,4,0,0,40,0,0,40,3.291
488,24,0,2,0,9.216000325977802,4,4,0,0,40,0,0,40,3.291
488,24,0,3,0,4.095999989658594,4,4,0,0,40,0,0,40,3.291
488,40,0,0,1,8.191999979317188,4,4,0,0,40,0,0,40,2.72
488,40,0,1,1,62.463998794555664,4,4,0,0,40,0,0,40,2.72
488,40,0,2,1,9.216000325977802,4,4,0,0,40,0,0,40,2.72
488,40,0,3,1,4.095999989658594,4,4,0,0,40,0,0,40,2.72
489,2,0,0,0,14.336000196635723,4,4,0,1,39,0,0,40,76.29
489,2,0,1,0,84.99199897050858,4,4,0,1,39,0,0,40,76.29
489,2,0,2,0,9.216000325977802,4,4,0,1,39,0,0,40,76.29
489,2,0,3,0,5.119999870657921,4,4,0,1,39,0,0,40,76.29
489,24,0,0,0,8.191999979317188,4,4,0,0,40,0,0,40,3.24
489,24,0,1,0,87.0399996638298,4,4,0,0,40,0,0,40,3.24
489,24,0,2,0,9.216000325977802,4,4,0,0,40,0,0,40,3.24
489,24,0,3,0,4.095999989658594,4,4,0,0,40,0,0,40,3.24
489,40,0,0,1,8.191999979317188,4,4,0,0,40,0,0,40,3.74
489,40,0,1,1,94.2080020904541,4,4,0,0,40,0,0,40,3.74
489,40,0,2,1,9.216000325977802,4,4,0,0,40,0,0,40,3.74
489,40,0,3,1,4.095999989658594,4,4,0,0,40,0,0,40,3.74
490,2,0,0,0,8.191999979317188,4,4,0,0,40,0,0,40,4.12
490,2,0,1,0,89.08800035715103,4,4,0,0,40,0,0,40,4.12
490,2,0,2,0,9.216000325977802,4,4,0,0,40,0,0,40,4.12
490,2,0,3,0,6.144000217318535,4,4,0,0,40,0,0,40,4.12
490,24,0,0,0,8.191999979317188,4,4,0,0,40,0,0,40,4.769
490,24,0,1,0,84.99199897050858,4,4,0,0,40,0,0,40,4.769
490,24,0,2,0,9.216000325977802,4,4,0,0,40,0,0,40,4.769
490,24,0,3,0,4.095999989658594,4,4,0,0,40,0,0,40,4.769
490,40,0,0,1,9.216000325977802,4,4,0,1,39,0,0,40,75.949
490,40,0,1,1,79.8719972372055,4,4,0,1,39,0,0,40,75.949
490,40,0,2,1,9.216000325977802,4,4,0,1,39,0,0,40,75.949
490,40,0,3,1,4.095999989658594,4,4,0,1,39,0,0,40,75.949
491,2,0,0,0,15.359999611973763,4,4,0,0,40,0,0,40,5.95
491,2,0,1,0,82.94399827718735,4,4,0,0,40,0,0,40,5.95
491,2,0,2,0,9.216000325977802,4,4,0,0,40,0,0,40,5.95
491,2,0,3,0,6.144000217318535,4,4,0,0,40,0,0,40,5.95
491,24,0,0,0,7.168000098317862,4,4,0,3,37,0,0,40,139.769
491,24,0,1,0,86.01599931716919,4,4,0,3,37,0,0,40,139.769
491,24,0,2,0,9.216000325977802,4,4,0,3,37,0,0,40,139.769
491,24,0,3,0,32.76799991726875,4,4,0,3,37,0,0,40,139.769
491,40,0,0,1,14.336000196635723,4,4,0,0,40,0,0,40,5.27
491,40,0,1,1,74.75200295448303,4,4,0,0,40,0,0,40,5.27
491,40,0,2,1,9.216000325977802,4,4,0,0,40,0,0,40,5.27
491,40,0,3,1,5.119999870657921,4,4,0,0,40,0,0,40,5.27
492,2,0,0,0,13.311999849975109,4,4,0,0,40,0,0,40,5.489
492,2,0,1,0,82.94399827718735,4,4,0,0,40,0,0,40,5.489
492,2,0,2,0,8.191999979317188,4,4,0,0,40,0,0,40,5.489
492,2,0,3,0,5.119999870657921,4,4,0,0,40,0,0,40,5.489
492,24,0,0,0,7.168000098317862,4,4,0,0,40,0,0,40,3.12
492,24,0,1,0,74.75200295448303,4,4,0,0,40,0,0,40,3.12
492,24,0,2,0,9.216000325977802,4,4,0,0,40,0,0,40,3.12
492,24,0,3,0,4.095999989658594,4,4,0,0,40,0,0,40,3.12
492,40,0,0,1,14.336000196635723,4,4,0,0,40,0,0,40,3.649
492,40,0,1,1,94.2080020904541,4,4,0,0,40,0,0,40,3.649
492,40,0,2,1,8.191999979317188,4,4,0,0,40,0,0,40,3.649
492,40,0,3,1,4.095999989658594,4,4,0,0,40,0,0,40,3.649
493,2,0,0,0,14.336000196635723,4,4,0,1,39,0,0,40,142.919
493,2,0,1,0,80.89599758386612,4,4,0,1,39,0,0,40,142.919
493,2,0,2,0,9.216000325977802,4,4,0,1,39,0,0,40,142.919
493,2,0,3,0,33.79200026392937,4,4,0,1,39,0,0,40,142.919
493,24,0,0,0,14.336000196635723,4,4,0,3,37,0,0,40,77.77
493,24,0,1,0,73.72800260782242,4,4,0,3,37,0,0,40,77.77
493,24,0,2,0,9.216000325977802,4,4,0,3,37,0,0,40,77.77
493,24,0,3,0,4.095999989658594,4,4,0,3,37,0,0,40,77.77
493,40,0,0,1,8.191999979317188,4,4,0,0,40,0,0,40,3.35
493,40,0,1,1,88.06400001049042,4,4,0,0,40,0,0,40,3.35
493,40,0,2,1,9.216000325977802,4,4,0,0,40,0,0,40,3.35
493,40,0,3,1,4.095999989658594,4,4,0,0,40,0,0,40,3.35
494,2,0,0,0,15.359999611973763,4,4,0,0,40,0,0,40,3.731
494,2,0,1,0,87.0399996638298,4,4,0,0,40,0,0,40,3.731
494,2,0,2,0,9.216000325977802,4,4,0,0,40,0,0,40,3.731
494,2,0,3,0,6.144000217318535,4,4,0,0,40,0,0,40,3.731
494,24,0,0,0,8.191999979317188,4,4,0,0,40,0,0,40,3.86
494,24,0,1,0,84.99199897050858,4,4,0,0,40,0,0,40,3.86
494,24,0,2,0,9.216000325977802,4,4,0,0,40,0,0,40,3.86
494,24,0,3,0,4.095999989658594,4,4,0,0,40,0,0,40,3.86
494,40,0,0,1,15.359999611973763,4,4,0,0,40,0,0,40,3.57
494,40,0,1,1,91.13600105047226,4,4,0,0,40,0,0,40,3.57
494,40,0,2,1,9.216000325977802,4,4,0,0,40,0,0,40,3.57
494,40,0,3,1,4.095999989658594,4,4,0,0,40,0,0,40,3.57
495,2,0,0,0,14.336000196635723,4,4,0,0,40,0,0,40,3.11
495,2,0,1,0,87.0399996638298,4,4,0,0,40,0,0,40,3.11
495,2,0,2,0,9.216000325977802,4,4,0,0,40,0,0,40,3.11
495,2,0,3,0,6.144000217318535,4,4,0,0,40,0,0,40,3.11
495,24,0,0,0,8.191999979317188,4,4,0,3,37,0,0,40,161.59
495,24,0,1,0,87.0399996638298,4,4,0,3,37,0,0,40,161.59
495,24,0,2,0,9.216000325977802,4,4,0,3,37,0,0,40,161.59
495,24,0,3,0,52.22399905323982,4,4,0,3,37,0,0,40,161.59
495,40,0,0,1,15.359999611973763,4,4,0,0,40,0,0,40,2.58
495,40,0,1,1,64.51199948787689,4,4,0,0,40,0,0,40,2.58
495,40,0,2,1,9.216000325977802,4,4,0,0,40,0,0,40,2.58
495,40,0,3,1,4.095999989658594,4,4,0,0,40,0,0,40,2.58
496,2,0,0,0,14.336000196635723,4,4,0,0,40,0,0,40,3.4
496,2,0,1,0,87.0399996638298,4,4,0,0,40,0,0,40,3.4
496,2,0,2,0,9.216000325977802,4,4,0,0,40,0,0,40,3.4
496,2,0,3,0,6.144000217318535,4,4,0,0,40,0,0,40,3.4
496,24,0,0,0,8.191999979317188,4,4,0,2,38,0,0,40,108.44
496,24,0,1,0,89.08800035715103,4,4,0,2,38,0,0,40,108.44
496,24,0,2,0,10.239999741315842,4,4,0,2,38,0,0,40,108.44
496,24,0,3,0,4.095999989658594,4,4,0,2,38,0,0,40,108.44
496,40,0,0,1,8.191999979317188,4,4,0,4,35,1,0,40,190.079
496,40,0,1,1,84.99199897050858,4,4,0,4,35,1,0,40,190.079
496,40,0,2,1,194.5600062608719,4,4,0,4,35,1,0,40,190.079
496,40,0,3,1,4.095999989658594,4,4,0,4,35,1,0,40,190.079
497,2,0,0,0,16.383999958634377,4,4,0,1,39,0,0,40,85.739
497,2,0,1,0,84.99199897050858,4,4,0,1,39,0,0,40,85.739
497,2,0,2,0,9.216000325977802,4,4,0,1,39,0,0,40,85.739
497,2,0,3,0,6.144000217318535,4,4,0,1,39,0,0,40,85.739
497,24,0,0,0,7.168000098317862,4,4,0,0,40,0,0,40,3.06
497,24,0,1,0,87.0399996638298,4,4,0,0,40,0,0,40,3.06
497,24,0,2,0,9.216000325977802,4,4,0,0,40,0,0,40,3.06
497,24,0,3,0,4.095999989658594,4,4,0,0,40,0,0,40,3.06
497,40,0,0,1,14.336000196635723,4,4,0,0,40,0,0,40,3.24
497,40,0,1,1,94.2080020904541,4,4,0,0,40,0,0,40,3.24
497,40,0,2,1,9.216000325977802,4,4,0,0,40,0,0,40,3.24
497,40,0,3,1,4.095999989658594,4,4,0,0,40,0,0,40,3.24
498,2,0,0,0,14.336000196635723,4,4,0,0,40,0,0,40,5.41
498,2,0,1,0,88.06400001049042,4,4,0,0,40,0,0,40,5.41
498,2,0,2,0,9.216000325977802,4,4,0,0,40,0,0,40,5.41
498,2,0,3,0,6.144000217318535,4,4,0,0,40,0,0,40,5.41
498,24,0,0,0,8.191999979317188,4,4,0,2,38,0,0,40,103.7
498,24,0,1,0,78.84799689054489,4,4,0,2,38,0,0,40,103.7
498,24,0,2,0,9.216000325977802,4,4,0,2,38,0,0,40,103.7
498,24,0,3,0,4.095999989658594,4,4,0,2,38,0,0,40,103.7
498,40,0,0,1,14.336000196635723,4,4,0,4,36,0,0,40,157.179
498,40,0,1,1,69.63200122117996,4,4,0,4,36,0,0,40,157.179
498,40,0,2,1,9.216000325977802,4,4,0,4,36,0,0,40,157.179
498,40,0,3,1,59.39200147986412,4,4,0,4,36,0,0,40,157.179
499,2,0,0,0,14.336000196635723,4,4,0,0,40,0,0,40,4.97
499,2,0,1,0,69.63200122117996,4,4,0,0,40,0,0,40,4.97
499,2,0,2,0,9.216000325977802,4,4,0,0,40,0,0,40,4.97
499,2,0,3,0,6.144000217318535,4,4,0,0,40,0,0,40,4.97
499,24,0,0,0,7.168000098317862,4,4,0,0,40,0,0,40,3.091
499,24,0,1,0,76.80000364780426,4,4,0,0,40,0,0,40,3.091
499,24,0,2,0,9.216000325977802,4,4,0,0,40,0,0,40,3.091
499,24,0,3,0,4.095999989658594,4,4,0,0,40,0,0,40,3.091
499,40,0,0,1,8.191999979317188,4,4,0,4,36,0,0,40,250.468
499,40,0,1,1,79.8719972372055,4,4,0,4,36,0,0,40,250.468
499,40,0,2,1,9.216000325977802,4,4,0,4,36,0,0,40,250.468
499,40,0,3,1,148.47999811172485,4,4,0,4,36,0,0,40,250.468
500,2,0,0,0,14.336000196635723,4,4,0,0,40,0,0,40,3.28
500,2,0,1,0,81.91999793052673,4,4,0,0,40,0,0,40,3.28
500,2,0,2,0,9.216000325977802,4,4,0,0,40,0,0,40,3.28
500,2,0,3,0,6.144000217318535,4,4,0,0,40,0,0,40,3.28
500,24,0,0,0,7.168000098317862,4,4,0,0,40,0,0,40,3.05
500,24,0,1,0,86.01599931716919,4,4,0,0,40,0,0,40,3.05
500,24,0,2,0,9.216000325977802,4,4,0,0,40,0,0,40,3.05
500,24,0,3,0,4.095999989658594,4,4,0,0,40,0,0,40,3.05
500,40,0,0,1,8.191999979317188,4,4,0,0,40,0,0,40,2.63
500,40,0,1,1,69.63200122117996,4,4,0,0,40,0,0,40,2.63
500,40,0,2,1,9.216000325977802,4,4,0,0,40,0,0,40,2.63
500,40,0,3,1,4.095999989658594,4,4,0,0,40,0,0,40,2.63
501,2,0,0,0,14.336000196635723,4,4,0,0,40,0,0,40,5.751
501,2,0,1,0,76.80000364780426,4,4,0,0,40,0,0,40,5.751
501,2,0,2,0,9.216000325977802,4,4,0,0,40,0,0,40,5.751
501,2,0,3,0,6.144000217318535,4,4,0,0,40,0,0,40,5.751
501,24,0,0,0,8.191999979317188,4,4,0,0,40,0,0,40,3.17
501,24,0,1,0,70.65600156784058,4,4,0,0,40,0,0,40,3.17
501,24,0,2,0,9.216000325977802,4,4,0,0,40,0,0,40,3.17
501,24,0,3,0,4.095999989658594,4,4,0,0,40,0,0,40,3.17
501,40,0,0,1,9.216000325977802,4,4,0,2,38,0,0,40,124.13
501,40,0,1,1,57.34400078654289,4,4,0,2,38,0,0,40,124.13
501,40,0,2,1,8.191999979317188,4,4,0,2,38,0,0,40,124.13
501,40,0,3,1,45.05600035190582,4,4,0,2,38,0,0,40,124.13
502,2,0,0,0,14.336000196635723,4,4,0,1,39,0,0,40,73.479
502,2,0,1,0,81.91999793052673,4,4,0,1,39,0,0,40,73.479
502,2,0,2,0,9.216000325977802,4,4,0,1,39,0,0,40,73.479
502,2,0,3,0,6.144000217318535,4,4,0,1,39,0,0,40,73.479
502,24,0,0,0,8.191999979317188,4,4,0,0,40,0,0,40,5.16
502,24,0,1,0,69.63200122117996,4,4,0,0,40,0,0,40,5.16
502,24,0,2,0,9.216000325977802,4,4,0,0,40,0,0,40,5.16
502,24,0,3,0,4.095999989658594,4,4,0,0,40,0,0,40,5.16
502,40,0,0,1,8.191999979317188,4,4,0,2,38,0,0,40,401.028
502,40,0,1,1,76.80000364780426,4,4,0,2,38,0,0,40,401.028
502,40,0,2,1,9.216000325977802,4,4,0,2,38,0,0,40,401.028
502,40,0,3,1,302.0800054073334,4,4,0,2,38,0,0,40,401.028
503,2,0,0,0,8.191999979317188,4,4,0,1,39,0,0,40,62.58
503,2,0,1,0,80.89599758386612,4,4,0,1,39,0,0,40,62.58
503,2,0,2,0,9.216000325977802,4,4,0,1,39,0,0,40,62.58
503,2,0,3,0,5.119999870657921,4,4,0,1,39,0,0,40,62.58
503,24,0,0,0,8.191999979317188,4,4,0,0,40,0,0,40,5.16
503,24,0,1,0,60.416001826524734,4,4,0,0,40,0,0,40,5.16
503,24,0,2,0,9.216000325977802,4,4,0,0,40,0,0,40,5.16
503,24,0,3,0,4.095999989658594,4,4,0,0,40,0,0,40,5.16
503,40,0,0,1,14.336000196635723,4,4,0,0,40,0,0,40,3.38
503,40,0,1,1,66.56000018119812,4,4,0,0,40,0,0,40,3.38
503,40,0,2,1,8.191999979317188,4,4,0,0,40,0,0,40,3.38
503,40,0,3,1,4.095999989658594,4,4,0,0,40,0,0,40,3.38
504,2,0,0,0,15.359999611973763,4,4,0,0,40,0,0,40,6.199
504,2,0,1,0,83.96799862384796,4,4,0,0,40,0,0,40,6.199
504,2,0,2,0,8.191999979317188,4,4,0,0,40,0,0,40,6.199
504,2,0,3,0,6.144000217318535,4,4,0,0,40,0,0,40,6.199
504,24,0,0,0,10.239999741315842,4,4,0,1,39,0,0,40,76.95
504,24,0,1,0,62.463998794555664,4,4,0,1,39,0,0,40,76.95
504,24,0,2,0,8.191999979317188,4,4,0,1,39,0,0,40,76.95
504,24,0,3,0,3.0720001086592674,4,4,0,1,39,0,0,40,76.95
504,40,0,0,1,8.191999979317188,4,4,0,0,40,0,0,40,3.149
504,40,0,1,1,66.56000018119812,4,4,0,0,40,0,0,40,3.149
504,40,0,2,1,9.216000325977802,4,4,0,0,40,0,0,40,3.149
504,40,0,3,1,5.119999870657921,4,4,0,0,40,0,0,40,3.149
505,2,0,0,0,9.216000325977802,4,4,0,0,40,0,0,40,6.729
505,2,0,1,0,81.91999793052673,4,4,0,0,40,0,0,40,6.729
505,2,0,2,0,8.191999979317188,4,4,0,0,40,0,0,40,6.729
505,2,0,3,0,5.119999870657921,4,4,0,0,40,0,0,40,6.729
505,24,0,0,0,10.239999741315842,4,4,0,1,39,0,0,40,78.369
505,24,0,1,0,65.5359998345375,4,4,0,1,39,0,0,40,78.369
505,24,0,2,0,8.191999979317188,4,4,0,1,39,0,0,40,78.369
505,24,0,3,0,4.095999989658594,4,4,0,1,39,0,0,40,78.369
505,40,0,0,1,9.216000325977802,4,4,0,1,39,0,0,40,84.309
505,40,0,1,1,66.56000018119812,4,4,0,1,39,0,0,40,84.309
505,40,0,2,1,9.216000325977802,4,4,0,1,39,0,0,40,84.309
505,40,0,3,1,5.119999870657921,4,4,0,1,39,0,0,40,84.309
506,2,0,0,0,16.383999958634377,4,4,0,2,38,0,0,40,105.82
506,2,0,1,0,82.94399827718735,4,4,0,2,38,0,0,40,105.82
506,2,0,2,0,9.216000325977802,4,4,0,2,38,0,0,40,105.82
506,2,0,3,0,7.168000098317862,4,4,0,2,38,0,0,40,105.82
506,24,0,0,0,10.239999741315842,4,4,0,2,38,0,0,40,99.079
506,24,0,1,0,71.68000191450119,4,4,0,2,38,0,0,40,99.079
506,24,0,2,0,10.239999741315842,4,4,0,2,38,0,0,40,99.079
506,24,0,3,0,4.095999989658594,4,4,0,2,38,0,0,40,99.079
506,40,0,0,1,8.191999979317188,4,4,0,2,38,0,0,40,151.859
506,40,0,1,1,91.13600105047226,4,4,0,2,38,0,0,40,151.859
506,40,0,2,1,9.216000325977802,4,4,0,2,38,0,0,40,151.859
506,40,0,3,1,37.88800165057182,4,4,0,2,38,0,0,40,151.859
507,2,0,0,0,8.191999979317188,4,4,0,1,39,0,0,40,176.449
507,2,0,1,0,82.94399827718735,4,4,0,1,39,0,0,40,176.449
507,2,0,2,0,9.216000325977802,4,4,0,1,39,0,0,40,176.449
507,2,0,3,0,72.7040022611618,4,4,0,1,39,0,0,40,176.449
507,24,0,0,0,10.239999741315842,4,4,0,1,39,0,0,40,66.99
507,24,0,1,0,72.7040022611618,4,4,0,1,39,0,0,40,66.99
507,24,0,2,0,9.216000325977802,4,4,0,1,39,0,0,40,66.99
507,24,0,3,0,4.095999989658594,4,4,0,1,39,0,0,40,66.99
507,40,0,0,1,9.216000325977802,4,4,0,0,40,0,0,40,2.93
507,40,0,1,1,65.5359998345375,4,4,0,0,40,0,0,40,2.93
507,40,0,2,1,9.216000325977802,4,4,0,0,40,0,0,40,2.93
507,40,0,3,1,4.095999989658594,4,4,0,0,40,0,0,40,2.93
508,2,0,0,0,14.336000196635723,4,4,0,0,40,0,0,40,5.34
508,2,0,1,0,79.8719972372055,4,4,0,0,40,0,0,40,5.34
508,2,0,2,0,9.216000325977802,4,4,0,0,40,0,0,40,5.34
508,2,0,3,0,7.168000098317862,4,4,0,0,40,0,0,40,5.34
508,24,0,0,0,8.191999979317188,4,4,0,0,40,0,0,40,3.52
508,24,0,1,0,80.89599758386612,4,4,0,0,40,0,0,40,3.52
508,24,0,2,0,9.216000325977802,4,4,0,0,40,0,0,40,3.52
508,24,0,3,0,4.095999989658594,4,4,0,0,40,0,0,40,3.52
508,40,0,0,1,9.216000325977802,4,4,0,1,39,0,0,40,76.55
508,40,0,1,1,64.51199948787689,4,4,0,1,39,0,0,40,76.55
508,40,0,2,1,9.216000325977802,4,4,0,1,39,0,0,40,76.55
508,40,0,3,1,4.095999989658594,4,4,0,1,39,0,0,40,76.55
509,2,0,0,0,9.216000325977802,4,4,0,2,38,0,0,40,140.921
509,2,0,1,0,75.77600330114365,4,4,0,2,38,0,0,40,140.921
509,2,0,2,0,9.216000325977802,4,4,0,2,38,0,0,40,140.921
509,2,0,3,0,45.05600035190582,4,4,0,2,38,0,0,40,140.921
509,24,0,0,0,8.191999979317188,4,4,0,1,39,0,0,40,67.14
509,24,0,1,0,61.43999844789505,4,4,0,1,39,0,0,40,67.14
509,24,0,2,0,9.216000325977802,4,4,0,1,39,0,0,40,67.14
509,24,0,3,0,5.119999870657921,4,4,0,1,39,0,0,40,67.14
509,40,0,0,1,9.216000325977802,4,4,0,2,38,0,0,40,153.149
509,40,0,1,1,78.84799689054489,4,4,0,2,38,0,0,40,153.149
509,40,0,2,1,9.216000325977802,4,4,0,2,38,0,0,40,153.149
509,40,0,3,1,53.247999399900436,4,4,0,2,38,0,0,40,153.149
510,2,0,0,0,14.336000196635723,4,4,0,0,40,0,0,40,3.37
510,2,0,1,0,77.82399654388428,4,4,0,0,40,0,0,40,3.37
510,2,0,2,0,8.191999979317188,4,4,0,0,40,0,0,40,3.37
510,2,0,3,0,5.119999870657921,4,4,0,0,40,0,0,40,3.37
510,24,0,0,0,8.191999979317188,4,4,0,0,40,0,0,40,5.46
510,24,0,1,0,81.91999793052673,4,4,0,0,40,0,0,40,5.46
510,24,0,2,0,9.216000325977802,4,4,0,0,40,0,0,40,5.46
510,24,0,3,0,4.095999989658594,4,4,0,0,40,0,0,40,5.46
510,40,0,0,1,15.359999611973763,4,4,0,1,39,0,0,40,116.859
510,40,0,1,1,87.0399996638298,4,4,0,1,39,0,0,40,116.859
510,40,0,2,1,9.216000325977802,4,4,0,1,39,0,0,40,116.859
510,40,0,3,1,4.095999989658594,4,4,0,1,39,0,0,40,116.859
511,2,0,0,0,13.311999849975109,4,4,0,0,40,0,0,40,3.35
511,2,0,1,0,77.82399654388428,4,4,0,0,40,0,0,40,3.35
511,2,0,2,0,9.216000325977802,4,4,0,0,40,0,0,40,3.35
511,2,0,3,0,7.168000098317862,4,4,0,0,40,0,0,40,3.35
511,24,0,0,0,9.216000325977802,4,4,0,1,39,0,0,40,294.07
511,24,0,1,0,79.8719972372055,4,4,0,1,39,0,0,40,294.07
511,24,0,2,0,8.191999979317188,4,4,0,1,39,0,0,40,294.07
511,24,0,3,0,192.51200556755066,4,4,0,1,39,0,0,40,294.07
511,40,0,0,1,14.336000196635723,4,4,0,0,40,0,0,40,3.01
511,40,0,1,1,75.77600330114365,4,4,0,0,40,0,0,40,3.01
511,40,0,2,1,8.191999979317188,4,4,0,0,40,0,0,40,3.01
511,40,0,3,1,5.119999870657921,4,4,0,0,40,0,0,40,3.01
512,2,0,0,0,14.336000196635723,4,4,0,1,39,0,0,40,59.55
512,2,0,1,0,83.96799862384796,4,4,0,1,39,0,0,40,59.55
512,2,0,2,0,8.191999979317188,4,4,0,1,39,0,0,40,59.55
512,2,0,3,0,5.119999870657921,4,4,0,1,39,0,0,40,59.55
512,24,0,0,0,10.239999741315842,4,4,0,1,39,0,0,40,72.091
512,24,0,1,0,86.01599931716919,4,4,0,1,39,0,0,40,72.091
512,24,0,2,0,9.216000325977802,4,4,0,1,39,0,0,40,72.091
512,24,0,3,0,4.095999989658594,4,4,0,1,39,0,0,40,72.091
512,40,0,0,1,8.191999979317188,4,4,0,3,37,0,0,40,157.61
512,40,0,1,1,76.80000364780426,4,4,0,3,37,0,0,40,157.61
512,40,0,2,1,9.216000325977802,4,4,0,3,37,0,0,40,157.61
512,40,0,3,1,59.39200147986412,4,4,0,3,37,0,0,40,157.61
513,2,0,0,0,9.216000325977802,4,4,0,4,36,0,0,40,151.159
513,2,0,1,0,68.60800087451935,4,4,0,4,36,0,0,40,151.159
513,2,0,2,0,9.216000325977802,4,4,0,4,36,0,0,40,151.159
513,2,0,3,0,61.43999844789505,4,4,0,4,36,0,0,40,151.159
513,24,0,0,0,8.191999979317188,4,4,0,0,40,0,0,40,3.04
513,24,0,1,0,83.96799862384796,4,4,0,0,40,0,0,40,3.04
513,24,0,2,0,9.216000325977802,4,4,0,0,40,0,0,40,3.04
513,24,0,3,0,4.095999989658594,4,4,0,0,40,0,0,40,3.04
513,40,0,0,1,9.216000325977802,4,4,0,4,36,0,0,40,288.819
513,40,0,1,1,80.89599758386612,4,4,0,4,36,0,0,40,288.819
513,40,0,2,1,9.216000325977802,4,4,0,4,36,0,0,40,288.819
513,40,0,3,1,185.34399569034576,4,4,0,4,36,0,0,40,288.819
514,2,0,0,0,15.359999611973763,4,4,0,3,37,0,0,40,1627.315
514,2,0,1,0,87.0399996638298,4,4,0,3,37,0,0,40,1627.315
514,2,0,2,0,9.216000325977802,4,4,0,3,37,0,0,40,1627.315
514,2,0,3,0,1513.4719610214233,4,4,0,3,37,0,0,40,1627.315
514,24,0,0,0,8.191999979317188,4,4,0,0,40,0,0,40,5.889
514,24,0,1,0,75.77600330114365,4,4,0,0,40,0,0,40,5.889
514,24,0,2,0,9.216000325977802,4,4,0,0,40,0,0,40,5.889
514,24,0,3,0,4.095999989658594,4,4,0,0,40,0,0,40,5.889
514,40,0,0,1,14.336000196635723,4,4,0,3,37,0,0,40,104.329
514,40,0,1,1,57.34400078654289,4,4,0,3,37,0,0,40,104.329
514,40,0,2,1,10.239999741315842,4,4,0,3,37,0,0,40,104.329
514,40,0,3,1,17.40800030529499,4,4,0,3,37,0,0,40,104.329
515,2,0,0,0,14.336000196635723,4,4,0,0,40,0,0,40,4.88
515,2,0,1,0,91.13600105047226,4,4,0,0,40,0,0,40,4.88
515,2,0,2,0,9.216000325977802,4,4,0,0,40,0,0,40,4.88
515,2,0,3,0,5.119999870657921,4,4,0,0,40,0,0,40,4.88
515,24,0,0,0,9.216000325977802,4,4,0,1,39,0,0,40,66.94
515,24,0,1,0,68.60800087451935,4,4,0,1,39,0,0,40,66.94
515,24,0,2,0,8.191999979317188,4,4,0,1,39,0,0,40,66.94
515,24,0,3,0,5.119999870657921,4,4,0,1,39,0,0,40,66.94
515,40,0,0,1,15.359999611973763,4,4,0,0,40,0,0,40,4.84
515,40,0,1,1,81.91999793052673,4,4,0,0,40,0,0,40,4.84
515,40,0,2,1,9.216000325977802,4,4,0,0,40,0,0,40,4.84
515,40,0,3,1,4.095999989658594,4,4,0,0,40,0,0,40,4.84
516,2,0,0,0,9.216000325977802,4,4,0,1,39,0,0,40,91.43
516,2,0,1,0,81.91999793052673,4,4,0,1,39,0,0,40,91.43
516,2,0,2,0,8.191999979317188,4,4,0,1,39,0,0,40,91.43
516,2,0,3,0,5.119999870657921,4,4,0,1,39,0,0,40,91.43
516,24,0,0,0,9.216000325977802,4,4,0,0,40,0,0,40,3.56
516,24,0,1,0,88.06400001049042,4,4,0,0,40,0,0,40,3.56
516,24,0,2,0,9.216000325977802,4,4,0,0,40,0,0,40,3.56
516,24,0,3,0,4.095999989658594,4,4,0,0,40,0,0,40,3.56
516,40,0,0,1,15.359999611973763,4,4,0,1,39,0,0,40,78.71
516,40,0,1,1,90.11200070381165,4,4,0,1,39,0,0,40,78.71
516,40,0,2,1,8.191999979317188,4,4,0,1,39,0,0,40,78.71
516,40,0,3,1,4.095999989658594,4,4,0,1,39,0,0,40,78.71
517,2,0,0,0,9.216000325977802,4,4,0,3,37,0,0,40,215.808
517,2,0,1,0,60.416001826524734,4,4,0,3,37,0,0,40,215.808
517,2,0,2,0,9.216000325977802,4,4,0,3,37,0,0,40,215.808
517,2,0,3,0,135.16800105571747,4,4,0,3,37,0,0,40,215.808
517,24,0,0,0,8.191999979317188,4,4,0,0,40,0,0,40,6.12
517,24,0,1,0,80.89599758386612,4,4,0,0,40,0,0,40,6.12
517,24,0,2,0,9.216000325977802,4,4,0,0,40,0,0,40,6.12
517,24,0,3,0,4.095999989658594,4,4,0,0,40,0,0,40,6.12
517,40,0,0,1,9.216000325977802,4,4,0,3,37,0,0,40,124.049
517,40,0,1,1,89.08800035715103,4,4,0,3,37,0,0,40,124.049
517,40,0,2,1,9.216000325977802,4,4,0,3,37,0,0,40,124.049
517,40,0,3,1,13.311999849975109,4,4,0,3,37,0,0,40,124.049
518,2,0,0,0,9.216000325977802,4,4,0,3,37,0,0,40,155.369
518,2,0,1,0,86.01599931716919,4,4,0,3,37,0,0,40,155.369
518,2,0,2,0,9.216000325977802,4,4,0,3,37,0,0,40,155.369
518,2,0,3,0,48.128001391887665,4,4,0,3,37,0,0,40,155.369
518,24,0,0,0,8.191999979317188,4,4,0,0,40,0,0,40,4.11
518,24,0,1,0,87.0399996638298,4,4,0,0,40,0,0,40,4.11
518,24,0,2,0,9.216000325977802,4,4,0,0,40,0,0,40,4.11
518,24,0,3,0,4.095999989658594,4,4,0,0,40,0,0,40,4.11
518,40,0,0,1,14.336000196635723,4,4,0,0,40,0,0,40,2.59
518,40,0,1,1,59.39200147986412,4,4,0,0,40,0,0,40,2.59
518,40,0,2,1,9.216000325977802,4,4,0,0,40,0,0,40,2.59
518,40,0,3,1,4.095999989658594,4,4,0,0,40,0,0,40,2.59
519,2,0,0,0,14.336000196635723,4,4,0,0,40,0,0,40,2.611
519,2,0,1,0,79.8719972372055,4,4,0,0,40,0,0,40,2.611
519,2,0,2,0,9.216000325977802,4,4,0,0,40,0,0,40,2.611
519,2,0,3,0,5.119999870657921,4,4,0,0,40,0,0,40,2.611
519,24,0,0,0,8.191999979317188,4,4,0,2,38,0,0,40,156.34
519,24,0,1,0,77.82399654388428,4,4,0,2,38,0,0,40,156.34
519,24,0,2,0,10.239999741315842,4,4,0,2,38,0,0,40,156.34
519,24,0,3,0,56.32000043988228,4,4,0,2,38,0,0,40,156.34
519,40,0,0,1,8.191999979317188,4,4,0,1,39,0,0,40,76.86
519,40,0,1,1,71.68000191450119,4,4,0,1,39,0,0,40,76.86
519,40,0,2,1,9.216000325977802,4,4,0,1,39,0,0,40,76.86
519,40,0,3,1,4.095999989658594,4,4,0,1,39,0,0,40,76.86
520,2,0,0,0,8.191999979317188,4,4,0,2,38,0,0,40,100.94
520,2,0,1,0,80.89599758386612,4,4,0,2,38,0,0,40,100.94
520,2,0,2,0,9.216000325977802,4,4,0,2,38,0,0,40,100.94
520,2,0,3,0,11.264000087976456,4,4,0,2,38,0,0,40,100.94
520,24,0,0,0,9.216000325977802,4,4,0,2,38,0,0,40,123.759
520,24,0,1,0,84.99199897050858,4,4,0,2,38,0,0,40,123.759
520,24,0,2,0,9.216000325977802,4,4,0,2,38,0,0,40,123.759
520,24,0,3,0,18.432000651955605,4,4,0,2,38,0,0,40,123.759
520,40,0,0,1,13.311999849975109,4,4,0,0,40,0,0,40,6.549
520,40,0,1,1,92.16000139713287,4,4,0,0,40,0,0,40,6.549
520,40,0,2,1,9.216000325977802,4,4,0,0,40,0,0,40,6.549
520,40,0,3,1,4.095999989658594,4,4,0,0,40,0,0,40,6.549
521,2,0,0,0,8.191999979317188,4,4,0,1,39,0,0,40,68.729
521,2,0,1,0,59.39200147986412,4,4,0,1,39,0,0,40,68.729
521,2,0,2,0,8.191999979317188,4,4,0,1,39,0,0,40,68.729
521,2,0,3,0,6.144000217318535,4,4,0,1,39,0,0,40,68.729
521,24,0,0,0,8.191999979317188,4,4,0,0,40,0,0,40,6.12
521,24,0,1,0,87.0399996638298,4,4,0,0,40,0,0,40,6.12
521,24,0,2,0,9.216000325977802,4,4,0,0,40,0,0,40,6.12
521,24,0,3,0,4.095999989658594,4,4,0,0,40,0,0,40,6.12
521,40,0,0,1,14.336000196635723,4,4,0,0,40,0,0,40,5.7
521,40,0,1,1,87.0399996638298,4,4,0,0,40,0,0,40,5.7
521,40,0,2,1,9.216000325977802,4,4,0,0,40,0,0,40,5.7
521,40,0,3,1,4.095999989658594,4,4,0,0,40,0,0,40,5.7
522,2,0,0,0,14.336000196635723,4,4,0,0,40,0,0,40,8.02
522,2,0,1,0,73.72800260782242,4,4,0,0,40,0,0,40,8.02
522,2,0,2,0,9.216000325977802,4,4,0,0,40,0,0,40,8.02
522,2,0,3,0,7.168000098317862,4,4,0,0,40,0,0,40,8.02
522,24,0,0,0,8.191999979317188,4,4,0,1,39,0,0,40,65.129
522,24,0,1,0,72.7040022611618,4,4,0,1,39,0,0,40,65.129
522,24,0,2,0,8.191999979317188,4,4,0,1,39,0,0,40,65.129
522,24,0,3,0,4.095999989658594,4,4,0,1,39,0,0,40,65.129
522,40,0,0,1,10.239999741315842,4,4,0,0,40,0,0,40,6.229
522,40,0,1,1,82.94399827718735,4,4,0,0,40,0,0,40,6.229
522,40,0,2,1,9.216000325977802,4,4,0,0,40,0,0,40,6.229
522,40,0,3,1,5.119999870657921,4,4,0,0,40,0,0,40,6.229
523,2,0,0,0,15.359999611973763,4,4,0,1,39,0,0,40,71.05
523,2,0,1,0,75.77600330114365,4,4,0,1,39,0,0,40,71.05
523,2,0,2,0,8.191999979317188,4,4,0,1,39,0,0,40,71.05
523,2,0,3,0,6.144000217318535,4,4,0,1,39,0,0,40,71.05
523,24,0,0,0,8.191999979317188,4,4,0,2,38,0,0,40,102.319
523,24,0,1,0,73.72800260782242,4,4,0,2,38,0,0,40,102.319
523,24,0,2,0,10.239999741315842,4,4,0,2,38,0,0,40,102.319
523,24,0,3,0,6.144000217318535,4,4,0,2,38,0,0,40,102.319
523,40,0,0,1,8.191999979317188,4,4,0,1,39,0,0,40,80.429
523,40,0,1,1,84.99199897050858,4,4,0,1,39,0,0,40,80.429
523,40,0,2,1,8.191999979317188,4,4,0,1,39,0,0,40,80.429
523,40,0,3,1,4.095999989658594,4,4,0,1,39,0,0,40,80.429
524,2,0,0,0,1216.5119647979736,4,4,0,1,39,0,0,40,72.389
524,2,0,1,0,79.8719972372055,4,4,0,1,39,0,0,40,72.389
524,2,0,2,0,8.191999979317188,4,4,0,1,39,0,0,40,72.389
524,2,0,3,0,6.144000217318535,4,4,0,1,39,0,0,40,72.389
524,24,0,0,0,8.191999979317188,4,4,0,0,40,0,0,40,4.03
524,24,0,1,0,81.91999793052673,4,4,0,0,40,0,0,40,4.03
524,24,0,2,0,8.191999979317188,4,4,0,0,40,0,0,40,4.03
524,24,0,3,0,3.0720001086592674,4,4,0,0,40,0,0,40,4.03
524,40,0,0,1,9.216000325977802,4,4,0,2,38,0,0,40,109.53
524,40,0,1,1,101.3759970664978,4,4,0,2,38,0,0,40,109.53
524,40,0,2,1,9.216000325977802,4,4,0,2,38,0,0,40,109.53
524,40,0,3,1,4.095999989658594,4,4,0,2,38,0,0,40,109.53
525,2,0,0,0,8.191999979317188,4,4,0,2,38,0,0,40,191.148
525,2,0,1,0,90.11200070381165,4,4,0,2,38,0,0,40,191.148
525,2,0,2,0,9.216000325977802,4,4,0,2,38,0,0,40,191.148
525,2,0,3,0,81.91999793052673,4,4,0,2,38,0,0,40,191.148
525,24,0,0,0,14.336000196635723,4,4,0,1,39,0,0,40,69.28
525,24,0,1,0,89.08800035715103,4,4,0,1,39,0,0,40,69.28
525,24,0,2,0,9.216000325977802,4,4,0,1,39,0,0,40,69.28
525,24,0,3,0,4.095999989658594,4,4,0,1,39,0,0,40,69.28
525,40,0,0,1,9.216000325977802,4,4,0,1,39,0,0,40,77.059
525,40,0,1,1,97.28000313043594,4,4,0,1,39,0,0,40,77.059
525,40,0,2,1,9.216000325977802,4,4,0,1,39,0,0,40,77.059
525,40,0,3,1,4.095999989658594,4,4,0,1,39,0,0,40,77.059
526,2,0,0,0,14.336000196635723,4,4,0,0,40,0,0,40,5.26
526,2,0,1,0,77.82399654388428,4,4,0,0,40,0,0,40,5.26
526,2,0,2,0,9.216000325977802,4,4,0,0,40,0,0,40,5.26
526,2,0,3,0,8.191999979317188,4,4,0,0,40,0,0,40,5.26
526,24,0,0,0,7.168000098317862,4,4,0,0,40,0,0,40,3.851
526,24,0,1,0,81.91999793052673,4,4,0,0,40,0,0,40,3.851
526,24,0,2,0,9.216000325977802,4,4,0,0,40,0,0,40,3.851
526,24,0,3,0,4.095999989658594,4,4,0,0,40,0,0,40,3.851
526,40,0,0,1,8.191999979317188,4,4,0,2,38,0,0,40,157.21
526,40,0,1,1,82.94399827718735,4,4,0,2,38,0,0,40,157.21
526,40,0,2,1,8.191999979317188,4,4,0,2,38,0,0,40,157.21
526,40,0,3,1,54.27199974656105,4,4,0,2,38,0,0,40,157.21
527,2,0,0,0,9.216000325977802,4,4,0,2,38,0,0,40,110.89
527,2,0,1,0,78.84799689054489,4,4,0,2,38,0,0,40,110.89
527,2,0,2,0,9.216000325977802,4,4,0,2,38,0,0,40,110.89
527,2,0,3,0,11.264000087976456,4,4,0,2,38,0,0,40,110.89
527,24,0,0,0,8.191999979317188,4,4,0,2,38,0,0,40,173.33
527,24,0,1,0,91.13600105047226,4,4,0,2,38,0,0,40,173.33
527,24,0,2,0,9.216000325977802,4,4,0,2,38,0,0,40,173.33
527,24,0,3,0,62.463998794555664,4,4,0,2,38,0,0,40,173.33
527,40,0,0,1,8.191999979317188,4,4,0,3,36,1,0,40,204.731
527,40,0,1,1,96.25600278377533,4,4,0,3,36,1,0,40,204.731
527,40,0,2,1,195.5839991569519,4,4,0,3,36,1,0,40,204.731
527,40,0,3,1,4.095999989658594,4,4,0,3,36,1,0,40,204.731
528,2,0,0,0,14.336000196635723,4,4,0,1,39,0,0,40,64.859
528,2,0,1,0,66.56000018119812,4,4,0,1,39,0,0,40,64.859
528,2,0,2,0,9.216000325977802,4,4,0,1,39,0,0,40,64.859
528,2,0,3,0,6.144000217318535,4,4,0,1,39,0,0,40,64.859
528,24,0,0,0,8.191999979317188,4,4,0,1,39,0,0,40,68.15
528,24,0,1,0,83.96799862384796,4,4,0,1,39,0,0,40,68.15
528,24,0,2,0,9.216000325977802,4,4,0,1,39,0,0,40,68.15
528,24,0,3,0,4.095999989658594,4,4,0,1,39,0,0,40,68.15
528,40,0,0,1,8.191999979317188,4,4,0,3,37,0,0,40,160.589
528,40,0,1,1,92.16000139713287,4,4,0,3,37,0,0,40,160.589
528,40,0,2,1,9.216000325977802,4,4,0,3,37,0,0,40,160.589
528,40,0,3,1,49.15200173854828,4,4,0,3,37,0,0,40,160.589
529,2,0,0,0,10.239999741315842,4,4,0,2,38,0,0,40,125.38
529,2,0,1,0,78.84799689054489,4,4,0,2,38,0,0,40,125.38
529,2,0,2,0,9.216000325977802,4,4,0,2,38,0,0,40,125.38
529,2,0,3,0,23.552000522613525,4,4,0,2,38,0,0,40,125.38
529,24,0,0,0,8.191999979317188,4,4,0,0,40,0,0,40,3.19
529,24,0,1,0,80.89599758386612,4,4,0,0,40,0,0,40,3.19
529,24,0,2,0,9.216000325977802,4,4,0,0,40,0,0,40,3.19
529,24,0,3,0,4.095999989658594,4,4,0,0,40,0,0,40,3.19
529,40,0,0,1,8.191999979317188,4,4,0,0,40,0,0,40,5.031
529,40,0,1,1,81.91999793052673,4,4,0,0,40,0,0,40,5.031
529,40,0,2,1,9.216000325977802,4,4,0,0,40,0,0,40,5.031
529,40,0,3,1,4.095999989658594,4,4,0,0,40,0,0,40,5.031
530,2,0,0,0,9.216000325977802,4,4,0,1,39,0,0,40,65.299
530,2,0,1,0,83.96799862384796,4,4,0,1,39,0,0,40,65.299
530,2,0,2,0,8.191999979317188,4,4,0,1,39,0,0,40,65.299
530,2,0,3,0,5.119999870657921,4,4,0,1,39,0,0,40,65.299
530,24,0,0,0,8.191999979317188,4,4,0,1,39,0,0,40,93.73
530,24,0,1,0,89.08800035715103,4,4,0,1,39,0,0,40,93.73
530,24,0,2,0,9.216000325977802,4,4,0,1,39,0,0,40,93.73
530,24,0,3,0,4.095999989658594,4,4,0,1,39,0,0,40,93.73
530,40,0,0,1,14.336000196635723,4,4,0,0,40,0,0,40,3.73
530,40,0,1,1,109.56799983978271,4,4,0,0,40,0,0,40,3.73
530,40,0,2,1,9.216000325977802,4,4,0,0,40,0,0,40,3.73
530,40,0,3,1,4.095999989658594,4,4,0,0,40,0,0,40,3.73
531,2,0,0,0,15.359999611973763,4,4,0,0,40,0,0,40,4.749
531,2,0,1,0,66.56000018119812,4,4,0,0,40,0,0,40,4.749
531,2,0,2,0,9.216000325977802,4,4,0,0,40,0,0,40,4.749
531,2,0,3,0,7.168000098317862,4,4,0,0,40,0,0,40,4.749
531,24,0,0,0,8.191999979317188,4,4,0,0,40,0,0,40,3.289
531,24,0,1,0,71.68000191450119,4,4,0,0,40,0,0,40,3.289
531,24,0,2,0,9.216000325977802,4,4,0,0,40,0,0,40,3.289
531,24,0,3,0,5.119999870657921,4,4,0,0,40,0,0,40,3.289
531,40,0,0,1,14.336000196635723,4,4,0,0,40,0,0,40,6.22
531,40,0,1,1,102.39999741315842,4,4,0,0,40,0,0,40,6.22
531,40,0,2,1,8.191999979317188,4,4,0,0,40,0,0,40,6.22
531,40,0,3,1,4.095999989658594,4,4,0,0,40,0,0,40,6.22
532,2,0,0,0,14.336000196635723,4,4,0,0,40,0,0,40,3.931
532,2,0,1,0,91.13600105047226,4,4,0,0,40,0,0,40,3.931
532,2,0,2,0,9.216000325977802,4,4,0,0,40,0,0,40,3.931
532,2,0,3,0,5.119999870657921,4,4,0,0,40,0,0,40,3.931
532,24,0,0,0,8.191999979317188,4,4,0,0,40,0,0,40,3.55
532,24,0,1,0,79.8719972372055,4,4,0,0,40,0,0,40,3.55
532,24,0,2,0,9.216000325977802,4,4,0,0,40,0,0,40,3.55
532,24,0,3,0,5.119999870657921,4,4,0,0,40,0,0,40,3.55
532,40,0,0,1,8.191999979317188,4,4,0,1,39,0,0,40,80.73
532,40,0,1,1,63.48799914121628,4,4,0,1,39,0,0,40,80.73
532,40,0,2,1,9.216000325977802,4,4,0,1,39,0,0,40,80.73
532,40,0,3,1,4.095999989658594,4,4,0,1,39,0,0,40,80.73
533,2,0,0,0,15.359999611973763,4,4,0,0,40,0,0,40,2.92
533,2,0,1,0,84.99199897050858,4,4,0,0,40,0,0,40,2.92
533,2,0,2,0,9.216000325977802,4,4,0,0,40,0,0,40,2.92
533,2,0,3,0,5.119999870657921,4,4,0,0,40,0,0,40,2.92
533,24,0,0,0,8.191999979317188,4,4,0,0,40,0,0,40,5.5
533,24,0,1,0,84.99199897050858,4,4,0,0,40,0,0,40,5.5
533,24,0,2,0,8.191999979317188,4,4,0,0,40,0,0,40,5.5
533,24,0,3,0,3.0720001086592674,4,4,0,0,40,0,0,40,5.5
533,40,0,0,1,8.191999979317188,4,4,0,1,39,0,0,40,102.81
533,40,0,1,1,93.18400174379349,4,4,0,1,39,0,0,40,102.81
533,40,0,2,1,9.216000325977802,4,4,0,1,39,0,0,40,102.81
533,40,0,3,1,4.095999989658594,4,4,0,1,39,0,0,40,102.81
534,2,0,0,0,10.239999741315842,4,4,0,2,38,0,0,40,255.279
534,2,0,1,0,63.48799914121628,4,4,0,2,38,0,0,40,255.279
534,2,0,2,0,8.191999979317188,4,4,0,2,38,0,0,40,255.279
534,2,0,3,0,172.03199863433838,4,4,0,2,38,0,0,40,255.279
534,24,0,0,0,8.191999979317188,4,4,0,0,40,0,0,40,2.96
534,24,0,1,0,83.96799862384796,4,4,0,0,40,0,0,40,2.96
534,24,0,2,0,8.191999979317188,4,4,0,0,40,0,0,40,2.96
534,24,0,3,0,4.095999989658594,4,4,0,0,40,0,0,40,2.96
534,40,0,0,1,8.191999979317188,4,4,0,2,38,0,0,40,243.85
534,40,0,1,1,92.16000139713287,4,4,0,2,38,0,0,40,243.85
534,40,0,2,1,8.191999979317188,4,4,0,2,38,0,0,40,243.85
534,40,0,3,1,130.048006772995,4,4,0,2,38,0,0,40,243.85
535,2,0,0,0,14.336000196635723,4,4,0,0,40,0,0,40,4.009
535,2,0,1,0,93.18400174379349,4,4,0,0,40,0,0,40,4.009
535,2,0,2,0,9.216000325977802,4,4,0,0,40,0,0,40,4.009
535,2,0,3,0,7.168000098317862,4,4,0,0,40,0,0,40,4.009
535,24,0,0,0,8.191999979317188,4,4,0,2,38,0,0,40,171.33
535,24,0,1,0,80.89599758386612,4,4,0,2,38,0,0,40,171.33
535,24,0,2,0,10.239999741315842,4,4,0,2,38,0,0,40,171.33
535,24,0,3,0,68.60800087451935,4,4,0,2,38,0,0,40,171.33
535,40,0,0,1,15.359999611973763,4,4,0,2,38,0,0,40,82.03
535,40,0,1,1,74.75200295448303,4,4,0,2,38,0,0,40,82.03
535,40,0,2,1,9.216000325977802,4,4,0,2,38,0,0,40,82.03
535,40,0,3,1,4.095999989658594,4,4,0,2,38,0,0,40,82.03
536,2,0,0,0,35.840000957250595,4,4,0,0,40,0,0,40,33.749
536,2,0,1,0,74.75200295448303,4,4,0,0,40,0,0,40,33.749
536,2,0,2,0,9.216000325977802,4,4,0,0,40,0,0,40,33.749
536,2,0,3,0,5.119999870657921,4,4,0,0,40,0,0,40,33.749
536,24,0,0,0,8.191999979317188,4,4,0,1,39,0,0,40,85.15
536,24,0,1,0,57.34400078654289,4,4,0,1,39,0,0,40,85.15
536,24,0,2,0,9.216000325977802,4,4,0,1,39,0,0,40,85.15
536,24,0,3,0,6.144000217318535,4,4,0,1,39,0,0,40,85.15
536,40,0,0,1,15.359999611973763,4,4,0,0,40,0,0,40,5.48
536,40,0,1,1,79.8719972372055,4,4,0,0,40,0,0,40,5.48
536,40,0,2,1,9.216000325977802,4,4,0,0,40,0,0,40,5.48
536,40,0,3,1,4.095999989658594,4,4,0,0,40,0,0,40,5.48
537,2,0,0,0,15.359999611973763,4,4,0,1,39,0,0,40,162.199
537,2,0,1,0,83.96799862384796,4,4,0,1,39,0,0,40,162.199
537,2,0,2,0,9.216000325977802,4,4,0,1,39,0,0,40,162.199
537,2,0,3,0,50.175998359918594,4,4,0,1,39,0,0,40,162.199
537,24,0,0,0,8.191999979317188,4,4,0,0,40,0,0,40,3.12
537,24,0,1,0,75.77600330114365,4,4,0,0,40,0,0,40,3.12
537,24,0,2,0,9.216000325977802,4,4,0,0,40,0,0,40,3.12
537,24,0,3,0,4.095999989658594,4,4,0,0,40,0,0,40,3.12
537,40,0,0,1,15.359999611973763,4,4,0,2,38,0,0,40,268.319
537,40,0,1,1,51.19999870657921,4,4,0,2,38,0,0,40,268.319
537,40,0,2,1,9.216000325977802,4,4,0,2,38,0,0,40,268.319
537,40,0,3,1,187.391996383667,4,4,0,2,38,0,0,40,268.319
538,2,0,0,0,15.359999611973763,4,4,0,1,39,0,0,40,71.999
538,2,0,1,0,89.08800035715103,4,4,0,1,39,0,0,40,71.999
538,2,0,2,0,8.191999979317188,4,4,0,1,39,0,0,40,71.999
538,2,0,3,0,5.119999870657921,4,4,0,1,39,0,0,40,71.999
538,24,0,0,0,8.191999979317188,4,4,0,1,39,0,0,40,64.559
538,24,0,1,0,74.75200295448303,4,4,0,1,39,0,0,40,64.559
538,24,0,2,0,8.191999979317188,4,4,0,1,39,0,0,40,64.559
538,24,0,3,0,4.095999989658594,4,4,0,1,39,0,0,40,64.559
538,40,0,0,1,8.191999979317188,4,4,0,2,38,0,0,40,125.399
538,40,0,1,1,76.80000364780426,4,4,0,2,38,0,0,40,125.399
538,40,0,2,1,9.216000325977802,4,4,0,2,38,0,0,40,125.399
538,40,0,3,1,25.599999353289604,4,4,0,2,38,0,0,40,125.399
539,2,0,0,0,13.311999849975109,4,4,0,0,40,0,0,40,3.4
539,2,0,1,0,89.08800035715103,4,4,0,0,40,0,0,40,3.4
539,2,0,2,0,9.216000325977802,4,4,0,0,40,0,0,40,3.4
539,2,0,3,0,6.144000217318535,4,4,0,0,40,0,0,40,3.4
539,24,0,0,0,9.216000325977802,4,4,0,2,38,0,0,40,108.92
539,24,0,1,0,67.58400052785873,4,4,0,2,38,0,0,40,108.92
539,24,0,2,0,9.216000325977802,4,4,0,2,38,0,0,40,108.92
539,24,0,3,0,18.432000651955605,4,4,0,2,38,0,0,40,108.92
539,40,0,0,1,8.191999979317188,4,4,0,1,39,0,0,40,84.919
539,40,0,1,1,78.84799689054489,4,4,0,1,39,0,0,40,84.919
539,40,0,2,1,8.191999979317188,4,4,0,1,39,0,0,40,84.919
539,40,0,3,1,4.095999989658594,4,4,0,1,39,0,0,40,84.919
540,2,0,0,0,9.216000325977802,4,4,0,1,39,0,0,40,109.649
540,2,0,1,0,75.77600330114365,4,4,0,1,39,0,0,40,109.649
540,2,0,2,0,9.216000325977802,4,4,0,1,39,0,0,40,109.649
540,2,0,3,0,16.383999958634377,4,4,0,1,39,0,0,40,109.649
540,24,0,0,0,7.168000098317862,4,4,0,0,40,0,0,40,6.54
540,24,0,1,0,58.36800113320351,4,4,0,0,40,0,0,40,6.54
540,24,0,2,0,8.191999979317188,4,4,0,0,40,0,0,40,6.54
540,24,0,3,0,3.0720001086592674,4,4,0,0,40,0,0,40,6.54
540,40,0,0,1,14.336000196635723,4,4,0,0,40,0,0,40,2.529
540,40,0,1,1,69.63200122117996,4,4,0,0,40,0,0,40,2.529
540,40,0,2,1,9.216000325977802,4,4,0,0,40,0,0,40,2.529
540,40,0,3,1,4.095999989658594,4,4,0,0,40,0,0,40,2.529
541,2,0,0,0,14.336000196635723,4,4,0,0,40,0,0,40,3.21
541,2,0,1,0,77.82399654388428,4,4,0,0,40,0,0,40,3.21
541,2,0,2,0,9.216000325977802,4,4,0,0,40,0,0,40,3.21
541,2,0,3,0,5.119999870657921,4,4,0,0,40,0,0,40,3.21
541,24,0,0,0,8.191999979317188,4,4,0,0,40,0,0,40,3.2
541,24,0,1,0,68.60800087451935,4,4,0,0,40,0,0,40,3.2
541,24,0,2,0,8.191999979317188,4,4,0,0,40,0,0,40,3.2
541,24,0,3,0,3.0720001086592674,4,4,0,0,40,0,0,40,3.2
541,40,0,0,1,8.191999979317188,4,4,0,0,40,0,0,40,2.05
541,40,0,1,1,54.27199974656105,4,4,0,0,40,0,0,40,2.05
541,40,0,2,1,9.216000325977802,4,4,0,0,40,0,0,40,2.05
541,40,0,3,1,3.0720001086592674,4,4,0,0,40,0,0,40,2.05
542,2,0,0,0,8.191999979317188,4,4,0,3,37,0,0,40,219.959
542,2,0,1,0,79.8719972372055,4,4,0,3,37,0,0,40,219.959
542,2,0,2,0,9.216000325977802,4,4,0,3,37,0,0,40,219.959
542,2,0,3,0,119.80800330638885,4,4,0,3,37,0,0,40,219.959
542,24,0,0,0,7.168000098317862,4,4,0,0,40,0,0,40,5.08
542,24,0,1,0,92.16000139713287,4,4,0,0,40,0,0,40,5.08
542,24,0,2,0,9.216000325977802,4,4,0,0,40,0,0,40,5.08
542,24,0,3,0,4.095999989658594,4,4,0,0,40,0,0,40,5.08
542,40,0,0,1,8.191999979317188,4,4,0,3,36,1,0,40,219.948
542,40,0,1,1,81.91999793052673,4,4,0,3,36,1,0,40,219.948
542,40,0,2,1,195.5839991569519,4,4,0,3,36,1,0,40,219.948
542,40,0,3,1,4.095999989658594,4,4,0,3,36,1,0,40,219.948
543,2,0,0,0,13.311999849975109,4,4,0,0,40,0,0,40,3.18
543,2,0,1,0,81.91999793052673,4,4,0,0,40,0,0,40,3.18
543,2,0,2,0,9.216000325977802,4,4,0,0,40,0,0,40,3.18
543,2,0,3,0,6.144000217318535,4,4,0,0,40,0,0,40,3.18
543,24,0,0,0,8.191999979317188,4,4,0,1,39,0,0,40,62.47
543,24,0,1,0,76.80000364780426,4,4,0,1,39,0,0,40,62.47
543,24,0,2,0,9.216000325977802,4,4,0,1,39,0,0,40,62.47
543,24,0,3,0,4.095999989658594,4,4,0,1,39,0,0,40,62.47
543,40,0,0,1,8.191999979317188,4,4,0,2,38,0,0,40,123.429
543,40,0,1,1,89.08800035715103,4,4,0,2,38,0,0,40,123.429
543,40,0,2,1,9.216000325977802,4,4,0,2,38,0,0,40,123.429
543,40,0,3,1,11.264000087976456,4,4,0,2,38,0,0,40,123.429
544,2,0,0,0,9.216000325977802,4,4,0,2,38,0,0,40,189.119
544,2,0,1,0,77.82399654388428,4,4,0,2,38,0,0,40,189.119
544,2,0,2,0,10.239999741315842,4,4,0,2,38,0,0,40,189.119
544,2,0,3,0,98.30400347709656,4,4,0,2,38,0,0,40,189.119
544,24,0,0,0,8.191999979317188,4,4,0,0,40,0,0,40,3.171
544,24,0,1,0,83.96799862384796,4,4,0,0,40,0,0,40,3.171
544,24,0,2,0,9.216000325977802,4,4,0,0,40,0,0,40,3.171
544,24,0,3,0,4.095999989658594,4,4,0,0,40,0,0,40,3.171
544,40,0,0,1,9.216000325977802,4,4,0,2,38,0,0,40,128.87
544,40,0,1,1,64.51199948787689,4,4,0,2,38,0,0,40,128.87
544,40,0,2,1,9.216000325977802,4,4,0,2,38,0,0,40,128.87
544,40,0,3,1,43.007999658584595,4,4,0,2,38,0,0,40,128.87
545,2,0,0,0,8.191999979317188,4,4,0,1,39,0,0,40,97.57
545,2,0,1,0,83.96799862384796,4,4,0,1,39,0,0,40,97.57
545,2,0,2,0,9.216000325977802,4,4,0,1,39,0,0,40,97.57
545,2,0,3,0,5.119999870657921,4,4,0,1,39,0,0,40,97.57
545,24,0,0,0,8.191999979317188,4,4,0,2,38,0,0,40,145.619
545,24,0,1,0,87.0399996638298,4,4,0,2,38,0,0,40,145.619
545,24,0,2,0,9.216000325977802,4,4,0,2,38,0,0,40,145.619
545,24,0,3,0,37.88800165057182,4,4,0,2,38,0,0,40,145.619
545,40,0,0,1,28.672000393271446,4,4,0,2,38,0,0,40,153.279
545,40,0,1,1,89.08800035715103,4,4,0,2,38,0,0,40,153.279
545,40,0,2,1,9.216000325977802,4,4,0,2,38,0,0,40,153.279
545,40,0,3,1,44.03200000524521,4,4,0,2,38,0,0,40,153.279
546,2,0,0,0,15.359999611973763,4,4,0,0,40,0,0,40,5.73
546,2,0,1,0,84.99199897050858,4,4,0,0,40,0,0,40,5.73
546,2,0,2,0,8.191999979317188,4,4,0,0,40,0,0,40,5.73
546,2,0,3,0,5.119999870657921,4,4,0,0,40,0,0,40,5.73
546,24,0,0,0,8.191999979317188,4,4,0,0,40,0,0,40,3.191
546,24,0,1,0,89.08800035715103,4,4,0,0,40,0,0,40,3.191
546,24,0,2,0,9.216000325977802,4,4,0,0,40,0,0,40,3.191
546,24,0,3,0,4.095999989658594,4,4,0,0,40,0,0,40,3.191
546,40,0,0,1,8.191999979317188,4,4,0,3,37,0,0,40,178.841
546,40,0,1,1,78.84799689054489,4,4,0,3,37,0,0,40,178.841
546,40,0,2,1,8.191999979317188,4,4,0,3,37,0,0,40,178.841
546,40,0,3,1,79.8719972372055,4,4,0,3,37,0,0,40,178.841
547,2,0,0,0,9.216000325977802,4,4,0,1,39,0,0,40,124.5
547,2,0,1,0,89.08800035715103,4,4,0,1,39,0,0,40,124.5
547,2,0,2,0,9.216000325977802,4,4,0,1,39,0,0,40,124.5
547,2,0,3,0,14.336000196635723,4,4,0,1,39,0,0,40,124.5
547,24,0,0,0,7.168000098317862,4,4,0,0,40,0,0,40,4.289
547,24,0,1,0,88.06400001049042,4,4,0,0,40,0,0,40,4.289
547,24,0,2,0,10.239999741315842,4,4,0,0,40,0,0,40,4.289
547,24,0,3,0,4.095999989658594,4,4,0,0,40,0,0,40,4.289
547,40,0,0,1,8.191999979317188,4,4,0,2,38,0,0,40,117.349
547,40,0,1,1,82.94399827718735,4,4,0,2,38,0,0,40,117.349
547,40,0,2,1,10.239999741315842,4,4,0,2,38,0,0,40,117.349
547,40,0,3,1,12.28800043463707,4,4,0,2,38,0,0,40,117.349
548,2,0,0,0,8.191999979317188,4,4,0,1,39,0,0,40,85.15
548,2,0,1,0,81.91999793052673,4,4,0,1,39,0,0,40,85.15
548,2,0,2,0,8.191999979317188,4,4,0,1,39,0,0,40,85.15
548,2,0,3,0,8.191999979317188,4,4,0,1,39,0,0,40,85.15
548,24,0,0,0,8.191999979317188,4,4,0,2,38,0,0,40,198.249
548,24,0,1,0,79.8719972372055,4,4,0,2,38,0,0,40,198.249
548,24,0,2,0,9.216000325977802,4,4,0,2,38,0,0,40,198.249
548,24,0,3,0,99.32799637317657,4,4,0,2,38,0,0,40,198.249
548,40,0,0,1,9.216000325977802,4,4,0,3,36,1,0,40,173.43
548,40,0,1,1,97.28000313043594,4,4,0,3,36,1,0,40,173.43
548,40,0,2,1,195.5839991569519,4,4,0,3,36,1,0,40,173.43
548,40,0,3,1,4.095999989658594,4,4,0,3,36,1,0,40,173.43
549,2,0,0,0,16.383999958634377,4,4,0,0,40,0,0,40,2.99
549,2,0,1,0,91.13600105047226,4,4,0,0,40,0,0,40,2.99
549,2,0,2,0,9.216000325977802,4,4,0,0,40,0,0,40,2.99
549,2,0,3,0,6.144000217318535,4,4,0,0,40,0,0,40,2.99
549,24,0,0,0,8.191999979317188,4,4,0,0,40,0,0,40,4.76
549,24,0,1,0,94.2080020904541,4,4,0,0,40,0,0,40,4.76
549,24,0,2,0,9.216000325977802,4,4,0,0,40,0,0,40,4.76
549,24,0,3,0,4.095999989658594,4,4,0,0,40,0,0,40,4.76
549,40,0,0,1,8.191999979317188,4,4,0,2,38,0,0,40,178.07
549,40,0,1,1,61.43999844789505,4,4,0,2,38,0,0,40,178.07
549,40,0,2,1,9.216000325977802,4,4,0,2,38,0,0,40,178.07
549,40,0,3,1,95.23200243711472,4,4,0,2,38,0,0,40,178.07
550,2,0,0,0,15.359999611973763,4,4,0,0,40,0,0,40,3.26
550,2,0,1,0,91.13600105047226,4,4,0,0,40,0,0,40,3.26
550,2,0,2,0,9.216000325977802,4,4,0,0,40,0,0,40,3.26
550,2,0,3,0,5.119999870657921,4,4,0,0,40,0,0,40,3.26
550,24,0,0,0,8.191999979317188,4,4,0,0,40,0,0,40,3.1
550,24,0,1,0,89.08800035715103,4,4,0,0,40,0,0,40,3.1
550,24,0,2,0,9.216000325977802,4,4,0,0,40,0,0,40,3.1
550,24,0,3,0,4.095999989658594,4,4,0,0,40,0,0,40,3.1
550,40,0,0,1,10.239999741315842,4,4,0,3,37,0,0,40,118.439
550,40,0,1,1,84.99199897050858,4,4,0,3,37,0,0,40,118.439
550,40,0,2,1,9.216000325977802,4,4,0,3,37,0,0,40,118.439
550,40,0,3,1,13.311999849975109,4,4,0,3,37,0,0,40,118.439
551,2,0,0,0,15.359999611973763,4,4,0,1,39,0,0,40,69.369
551,2,0,1,0,82.94399827718735,4,4,0,1,39,0,0,40,69.369
551,2,0,2,0,8.191999979317188,4,4,0,1,39,0,0,40,69.369
551,2,0,3,0,5.119999870657921,4,4,0,1,39,0,0,40,69.369
551,24,0,0,0,7.168000098317862,4,4,0,0,40,0,0,40,3.3
551,24,0,1,0,87.0399996638298,4,4,0,0,40,0,0,40,3.3
551,24,0,2,0,9.216000325977802,4,4,0,0,40,0,0,40,3.3
551,24,0,3,0,4.095999989658594,4,4,0,0,40,0,0,40,3.3
551,40,0,0,1,8.191999979317188,4,4,0,1,39,0,0,40,76.45
551,40,0,1,1,97.28000313043594,4,4,0,1,39,0,0,40,76.45
551,40,0,2,1,9.216000325977802,4,4,0,1,39,0,0,40,76.45
551,40,0,3,1,4.095999989658594,4,4,0,1,39,0,0,40,76.45
552,2,0,0,0,25.599999353289604,4,4,0,0,40,0,0,40,5.17
552,2,0,1,0,84.99199897050858,4,4,0,0,40,0,0,40,5.17
552,2,0,2,0,9.216000325977802,4,4,0,0,40,0,0,40,5.17
552,2,0,3,0,5.119999870657921,4,4,0,0,40,0,0,40,5.17
552,24,0,0,0,7.168000098317862,4,4,0,1,39,0,0,40,72.94
552,24,0,1,0,82.94399827718735,4,4,0,1,39,0,0,40,72.94
552,24,0,2,0,8.191999979317188,4,4,0,1,39,0,0,40,72.94
552,24,0,3,0,4.095999989658594,4,4,0,1,39,0,0,40,72.94
552,40,0,0,1,15.359999611973763,4,4,0,1,39,0,0,40,71.94
552,40,0,1,1,71.68000191450119,4,4,0,1,39,0,0,40,71.94
552,40,0,2,1,8.191999979317188,4,4,0,1,39,0,0,40,71.94
552,40,0,3,1,4.095999989658594,4,4,0,1,39,0,0,40,71.94
553,2,0,0,0,15.359999611973763,4,4,0,0,40,0,0,40,2.84
553,2,0,1,0,88.06400001049042,4,4,0,0,40,0,0,40,2.84
553,2,0,2,0,9.216000325977802,4,4,0,0,40,0,0,40,2.84
553,2,0,3,0,5.119999870657921,4,4,0,0,40,0,0,40,2.84
553,24,0,0,0,8.191999979317188,4,4,0,0,40,0,0,40,3.3
553,24,0,1,0,84.99199897050858,4,4,0,0,40,0,0,40,3.3
553,24,0,2,0,8.191999979317188,4,4,0,0,40,0,0,40,3.3
553,24,0,3,0,3.0720001086592674,4,4,0,0,40,0,0,40,3.3
553,40,0,0,1,8.191999979317188,4,4,0,3,37,0,0,40,236.559
553,40,0,1,1,77.82399654388428,4,4,0,3,37,0,0,40,236.559
553,40,0,2,1,9.216000325977802,4,4,0,3,37,0,0,40,236.559
553,40,0,3,1,138.2399946451187,4,4,0,3,37,0,0,40,236.559
554,2,0,0,0,14.336000196635723,4,4,0,0,40,0,0,40,4.54
554,2,0,1,0,83.96799862384796,4,4,0,0,40,0,0,40,4.54
554,2,0,2,0,9.216000325977802,4,4,0,0,40,0,0,40,4.54
554,2,0,3,0,5.119999870657921,4,4,0,0,40,0,0,40,4.54
554,24,0,0,0,8.191999979317188,4,4,0,1,39,0,0,40,69.38
554,24,0,1,0,77.82399654388428,4,4,0,1,39,0,0,40,69.38
554,24,0,2,0,9.216000325977802,4,4,0,1,39,0,0,40,69.38
554,24,0,3,0,4.095999989658594,4,4,0,1,39,0,0,40,69.38
554,40,0,0,1,9.216000325977802,4,4,0,1,39,0,0,40,80.95
554,40,0,1,1,86.01599931716919,4,4,0,1,39,0,0,40,80.95
554,40,0,2,1,9.216000325977802,4,4,0,1,39,0,0,40,80.95
554,40,0,3,1,4.095999989658594,4,4,0,1,39,0,0,40,80.95
555,2,0,0,0,8.191999979317188,4,4,0,1,39,0,0,40,71.78
555,2,0,1,0,93.18400174379349,4,4,0,1,39,0,0,40,71.78
555,2,0,2,0,8.191999979317188,4,4,0,1,39,0,0,40,71.78
555,2,0,3,0,6.144000217318535,4,4,0,1,39,0,0,40,71.78
555,24,0,0,0,8.191999979317188,4,4,0,1,39,0,0,40,94.489
555,24,0,1,0,91.13600105047226,4,4,0,1,39,0,0,40,94.489
555,24,0,2,0,9.216000325977802,4,4,0,1,39,0,0,40,94.489
555,24,0,3,0,4.095999989658594,4,4,0,1,39,0,0,40,94.489
555,40,0,0,1,9.216000325977802,4,4,0,2,38,0,0,40,198.819
555,40,0,1,1,93.18400174379349,4,4,0,2,38,0,0,40,198.819
555,40,0,2,1,9.216000325977802,4,4,0,2,38,0,0,40,198.819
555,40,0,3,1,82.94399827718735,4,4,0,2,38,0,0,40,198.819
556,2,0,0,0,13.311999849975109,4,4,0,0,40,0,0,40,3.26
556,2,0,1,0,93.18400174379349,4,4,0,0,40,0,0,40,3.26
556,2,0,2,0,9.216000325977802,4,4,0,0,40,0,0,40,3.26
556,2,0,3,0,7.168000098317862,4,4,0,0,40,0,0,40,3.26
556,24,0,0,0,8.191999979317188,4,4,0,1,39,0,0,40,59.671
556,24,0,1,0,87.0399996638298,4,4,0,1,39,0,0,40,59.671
556,24,0,2,0,9.216000325977802,4,4,0,1,39,0,0,40,59.671
556,24,0,3,0,4.095999989658594,4,4,0,1,39,0,0,40,59.671
556,40,0,0,1,9.216000325977802,4,4,0,1,39,0,0,40,83.92
556,40,0,1,1,80.89599758386612,4,4,0,1,39,0,0,40,83.92
556,40,0,2,1,9.216000325977802,4,4,0,1,39,0,0,40,83.92
556,40,0,3,1,3.0720001086592674,4,4,0,1,39,0,0,40,83.92
557,2,0,0,0,15.359999611973763,4,4,0,0,40,0,0,40,2.76
557,2,0,1,0,90.11200070381165,4,4,0,0,40,0,0,40,2.76
557,2,0,2,0,9.216000325977802,4,4,0,0,40,0,0,40,2.76
557,2,0,3,0,5.119999870657921,4,4,0,0,40,0,0,40,2.76
557,24,0,0,0,8.191999979317188,4,4,0,0,40,0,0,40,5.58
557,24,0,1,0,90.11200070381165,4,4,0,0,40,0,0,40,5.58
557,24,0,2,0,9.216000325977802,4,4,0,0,40,0,0,40,5.58
557,24,0,3,0,4.095999989658594,4,4,0,0,40,0,0,40,5.58
557,40,0,0,1,8.191999979317188,4,4,0,3,37,0,0,40,182.449
557,40,0,1,1,98.30400347709656,4,4,0,3,37,0,0,40,182.449
557,40,0,2,1,9.216000325977802,4,4,0,3,37,0,0,40,182.449
557,40,0,3,1,62.463998794555664,4,4,0,3,37,0,0,40,182.449
558,2,0,0,0,14.336000196635723,4,4,0,0,40,0,0,40,3.26
558,2,0,1,0,86.01599931716919,4,4,0,0,40,0,0,40,3.26
558,2,0,2,0,9.216000325977802,4,4,0,0,40,0,0,40,3.26
558,2,0,3,0,6.144000217318535,4,4,0,0,40,0,0,40,3.26
558,24,0,0,0,8.191999979317188,4,4,0,0,40,0,0,40,4.48
558,24,0,1,0,84.99199897050858,4,4,0,0,40,0,0,40,4.48
558,24,0,2,0,9.216000325977802,4,4,0,0,40,0,0,40,4.48
558,24,0,3,0,4.095999989658594,4,4,0,0,40,0,0,40,4.48
558,40,0,0,1,7.168000098317862,4,4,0,1,39,0,0,40,78.779
558,40,0,1,1,65.5359998345375,4,4,0,1,39,0,0,40,78.779
558,40,0,2,1,9.216000325977802,4,4,0,1,39,0,0,40,78.779
558,40,0,3,1,4.095999989658594,4,4,0,1,39,0,0,40,78.779
559,2,0,0,0,15.359999611973763,4,4,0,0,40,0,0,40,4.82
559,2,0,1,0,70.65600156784058,4,4,0,0,40,0,0,40,4.82
559,2,0,2,0,9.216000325977802,4,4,0,0,40,0,0,40,4.82
559,2,0,3,0,8.191999979317188,4,4,0,0,40,0,0,40,4.82
559,24,0,0,0,8.191999979317188,4,4,0,1,39,0,0,40,67.879
559,24,0,1,0,75.77600330114365,4,4,0,1,39,0,0,40,67.879
559,24,0,2,0,9.216000325977802,4,4,0,1,39,0,0,40,67.879
559,24,0,3,0,5.119999870657921,4,4,0,1,39,0,0,40,67.879
559,40,0,0,1,14.336000196635723,4,4,0,0,40,0,0,40,3.629
559,40,0,1,1,88.06400001049042,4,4,0,0,40,0,0,40,3.629
559,40,0,2,1,9.216000325977802,4,4,0,0,40,0,0,40,3.629
559,40,0,3,1,4.095999989658594,4,4,0,0,40,0,0,40,3.629
560,2,0,0,0,14.336000196635723,4,4,0,0,40,0,0,40,3.22
560,2,0,1,0,87.0399996638298,4,4,0,0,40,0,0,40,3.22
560,2,0,2,0,9.216000325977802,4,4,0,0,40,0,0,40,3.22
560,2,0,3,0,5.119999870657921,4,4,0,0,40,0,0,40,3.22
560,24,0,0,0,8.191999979317188,4,4,0,1,39,0,0,40,113.019
560,24,0,1,0,83.96799862384796,4,4,0,1,39,0,0,40,113.019
560,24,0,2,0,9.216000325977802,4,4,0,1,39,0,0,40,113.019
560,24,0,3,0,8.191999979317188,4,4,0,1,39,0,0,40,113.019
560,40,0,0,1,9.216000325977802,4,4,0,1,39,0,0,40,78.33
560,40,0,1,1,82.94399827718735,4,4,0,1,39,0,0,40,78.33
560,40,0,2,1,8.191999979317188,4,4,0,1,39,0,0,40,78.33
560,40,0,3,1,4.095999989658594,4,4,0,1,39,0,0,40,78.33
561,2,0,0,0,14.336000196635723,4,4,0,0,40,0,0,40,4.98
561,2,0,1,0,87.0399996638298,4,4,0,0,40,0,0,40,4.98
561,2,0,2,0,8.191999979317188,4,4,0,0,40,0,0,40,4.98
561,2,0,3,0,5.119999870657921,4,4,0,0,40,0,0,40,4.98
561,24,0,0,0,8.191999979317188,4,4,0,0,40,0,0,40,3.111
561,24,0,1,0,89.08800035715103,4,4,0,0,40,0,0,40,3.111
561,24,0,2,0,8.191999979317188,4,4,0,0,40,0,0,40,3.111
561,24,0,3,0,3.0720001086592674,4,4,0,0,40,0,0,40,3.111
561,40,0,0,1,8.191999979317188,4,4,0,1,39,0,0,40,106.3
561,40,0,1,1,105.47199845314026,4,4,0,1,39,0,0,40,106.3
561,40,0,2,1,9.216000325977802,4,4,0,1,39,0,0,40,106.3
561,40,0,3,1,4.095999989658594,4,4,0,1,39,0,0,40,106.3
562,2,0,0,0,8.191999979317188,4,4,0,0,40,0,0,40,3.309
562,2,0,1,0,88.06400001049042,4,4,0,0,40,0,0,40,3.309
562,2,0,2,0,9.216000325977802,4,4,0,0,40,0,0,40,3.309
562,2,0,3,0,6.144000217318535,4,4,0,0,40,0,0,40,3.309
562,24,0,0,0,8.191999979317188,4,4,0,0,40,0,0,40,3.08
562,24,0,1,0,88.06400001049042,4,4,0,0,40,0,0,40,3.08
562,24,0,2,0,9.216000325977802,4,4,0,0,40,0,0,40,3.08
562,24,0,3,0,4.095999989658594,4,4,0,0,40,0,0,40,3.08
562,40,0,0,1,8.191999979317188,4,4,0,0,40,0,0,40,2.69
562,40,0,1,1,73.72800260782242,4,4,0,0,40,0,0,40,2.69
562,40,0,2,1,9.216000325977802,4,4,0,0,40,0,0,40,2.69
562,40,0,3,1,4.095999989658594,4,4,0,0,40,0,0,40,2.69
563,2,0,0,0,9.216000325977802,4,4,0,1,39,0,0,40,71.469
563,2,0,1,0,73.72800260782242,4,4,0,1,39,0,0,40,71.469
563,2,0,2,0,9.216000325977802,4,4,0,1,39,0,0,40,71.469
563,2,0,3,0,5.119999870657921,4,4,0,1,39,0,0,40,71.469
563,24,0,0,0,8.191999979317188,4,4,0,0,40,0,0,40,3.0
563,24,0,1,0,67.58400052785873,4,4,0,0,40,0,0,40,3.0
563,24,0,2,0,9.216000325977802,4,4,0,0,40,0,0,40,3.0
563,24,0,3,0,3.0720001086592674,4,4,0,0,40,0,0,40,3.0
563,40,0,0,1,13.311999849975109,4,4,0,0,40,0,0,40,1.95
563,40,0,1,1,67.58400052785873,4,4,0,0,40,0,0,40,1.95
563,40,0,2,1,9.216000325977802,4,4,0,0,40,0,0,40,1.95
563,40,0,3,1,4.095999989658594,4,4,0,0,40,0,0,40,1.95
564,2,0,0,0,8.191999979317188,4,4,0,1,39,0,0,40,90.51
564,2,0,1,0,87.0399996638298,4,4,0,1,39,0,0,40,90.51
564,2,0,2,0,9.216000325977802,4,4,0,1,39,0,0,40,90.51
564,2,0,3,0,5.119999870657921,4,4,0,1,39,0,0,40,90.51
564,24,0,0,0,8.191999979317188,4,4,0,0,40,0,0,40,3.72
564,24,0,1,0,76.80000364780426,4,4,0,0,40,0,0,40,3.72
564,24,0,2,0,9.216000325977802,4,4,0,0,40,0,0,40,3.72
564,24,0,3,0,4.095999989658594,4,4,0,0,40,0,0,40,3.72
564,40,0,0,1,8.191999979317188,4,4,0,3,37,0,0,40,190.559
564,40,0,1,1,63.48799914121628,4,4,0,3,37,0,0,40,190.559
564,40,0,2,1,9.216000325977802,4,4,0,3,37,0,0,40,190.559
564,40,0,3,1,107.51999914646149,4,4,0,3,37,0,0,40,190.559
565,2,0,0,0,14.336000196635723,4,4,0,0,40,0,0,40,2.81
565,2,0,1,0,65.5359998345375,4,4,0,0,40,0,0,40,2.81
565,2,0,2,0,9.216000325977802,4,4,0,0,40,0,0,40,2.81
565,2,0,3,0,5.119999870657921,4,4,0,0,40,0,0,40,2.81
565,24,0,0,0,7.168000098317862,4,4,0,1,39,0,0,40,68.82
565,24,0,1,0,89.08800035715103,4,4,0,1,39,0,0,40,68.82
565,24,0,2,0,9.216000325977802,4,4,0,1,39,0,0,40,68.82
565,24,0,3,0,4.095999989658594,4,4,0,1,39,0,0,40,68.82
565,40,0,0,1,8.191999979317188,4,4,0,3,36,1,0,40,546.058
565,40,0,1,1,87.0399996638298,4,4,0,3,36,1,0,40,546.058
565,40,0,2,1,191.48799777030945,4,4,0,3,36,1,0,40,546.058
565,40,0,3,1,256.00001215934753,4,4,0,3,36,1,0,40,546.058
566,2,0,0,0,15.359999611973763,4,4,0,0,40,0,0,40,6.16
566,2,0,1,0,87.0399996638298,4,4,0,0,40,0,0,40,6.16
566,2,0,2,0,9.216000325977802,4,4,0,0,40,0,0,40,6.16
566,2,0,3,0,6.144000217318535,4,4,0,0,40,0,0,40,6.16
566,24,0,0,0,8.191999979317188,4,4,0,1,39,0,0,40,75.79
566,24,0,1,0,77.82399654388428,4,4,0,1,39,0,0,40,75.79
566,24,0,2,0,9.216000325977802,4,4,0,1,39,0,0,40,75.79
566,24,0,3,0,4.095999989658594,4,4,0,1,39,0,0,40,75.79
566,40,0,0,1,8.191999979317188,4,4,0,0,40,0,0,40,2.38
566,40,0,1,1,60.416001826524734,4,4,0,0,40,0,0,40,2.38
566,40,0,2,1,9.216000325977802,4,4,0,0,40,0,0,40,2.38
566,40,0,3,1,4.095999989658594,4,4,0,0,40,0,0,40,2.38
567,2,0,0,0,8.191999979317188,4,4,0,1,39,0,0,40,78.831
567,2,0,1,0,71.68000191450119,4,4,0,1,39,0,0,40,78.831
567,2,0,2,0,9.216000325977802,4,4,0,1,39,0,0,40,78.831
567,2,0,3,0,6.144000217318535,4,4,0,1,39,0,0,40,78.831
567,24,0,0,0,13.311999849975109,4,4,0,1,39,0,0,40,69.0
567,24,0,1,0,89.08800035715103,4,4,0,1,39,0,0,40,69.0
567,24,0,2,0,9.216000325977802,4,4,0,1,39,0,0,40,69.0
567,24,0,3,0,4.095999989658594,4,4,0,1,39,0,0,40,69.0
567,40,0,0,1,9.216000325977802,4,4,0,1,39,0,0,40,154.46
567,40,0,1,1,96.25600278377533,4,4,0,1,39,0,0,40,154.46
567,40,0,2,1,10.239999741315842,4,4,0,1,39,0,0,40,154.46
567,40,0,3,1,34.81600061058998,4,4,0,1,39,0,0,40,154.46
568,2,0,0,0,14.336000196635723,4,4,0,0,40,0,0,40,2.64
568,2,0,1,0,86.01599931716919,4,4,0,0,40,0,0,40,2.64
568,2,0,2,0,9.216000325977802,4,4,0,0,40,0,0,40,2.64
568,2,0,3,0,8.191999979317188,4,4,0,0,40,0,0,40,2.64
568,24,0,0,0,8.191999979317188,4,4,0,0,40,0,0,40,6.22
568,24,0,1,0,83.96799862384796,4,4,0,0,40,0,0,40,6.22
568,24,0,2,0,9.216000325977802,4,4,0,0,40,0,0,40,6.22
568,24,0,3,0,5.119999870657921,4,4,0,0,40,0,0,40,6.22
568,40,0,0,1,8.191999979317188,4,4,0,0,40,0,0,40,2.729
568,40,0,1,1,100.35199671983719,4,4,0,0,40,0,0,40,2.729
568,40,0,2,1,9.216000325977802,4,4,0,0,40,0,0,40,2.729
568,40,0,3,1,4.095999989658594,4,4,0,0,40,0,0,40,2.729
569,2,0,0,0,14.336000196635723,4,4,0,0,40,0,0,40,2.94
569,2,0,1,0,71.68000191450119,4,4,0,0,40,0,0,40,2.94
569,2,0,2,0,9.216000325977802,4,4,0,0,40,0,0,40,2.94
569,2,0,3,0,8.191999979317188,4,4,0,0,40,0,0,40,2.94
569,24,0,0,0,9.216000325977802,4,4,0,2,38,0,0,40,117.4
569,24,0,1,0,74.75200295448303,4,4,0,2,38,0,0,40,117.4
569,24,0,2,0,9.216000325977802,4,4,0,2,38,0,0,40,117.4
569,24,0,3,0,19.45599913597107,4,4,0,2,38,0,0,40,117.4
569,40,0,0,1,9.216000325977802,4,4,0,4,35,1,0,40,250.73
569,40,0,1,1,61.43999844789505,4,4,0,4,35,1,0,40,250.73
569,40,0,2,1,190.46400487422943,4,4,0,4,35,1,0,40,250.73
569,40,0,3,1,5.119999870657921,4,4,0,4,35,1,0,40,250.73
570,2,0,0,0,13.311999849975109,4,4,0,0,40,0,0,40,5.47
570,2,0,1,0,78.84799689054489,4,4,0,0,40,0,0,40,5.47
570,2,0,2,0,9.216000325977802,4,4,0,0,40,0,0,40,5.47
570,2,0,3,0,6.144000217318535,4,4,0,0,40,0,0,40,5.47
570,24,0,0,0,15.359999611973763,4,4,0,1,39,0,0,40,235.988
570,24,0,1,0,84.99199897050858,4,4,0,1,39,0,0,40,235.988
570,24,0,2,0,9.216000325977802,4,4,0,1,39,0,0,40,235.988
570,24,0,3,0,123.90399724245071,4,4,0,1,39,0,0,40,235.988
570,40,0,0,1,8.191999979317188,4,4,0,3,37,0,0,40,170.57
570,40,0,1,1,74.75200295448303,4,4,0,3,37,0,0,40,170.57
570,40,0,2,1,9.216000325977802,4,4,0,3,37,0,0,40,170.57
570,40,0,3,1,76.80000364780426,4,4,0,3,37,0,0,40,170.57
571,2,0,0,0,14.336000196635723,4,4,0,0,40,0,0,40,2.969
571,2,0,1,0,88.06400001049042,4,4,0,0,40,0,0,40,2.969
571,2,0,2,0,9.216000325977802,4,4,0,0,40,0,0,40,2.969
571,2,0,3,0,5.119999870657921,4,4,0,0,40,0,0,40,2.969
571,24,0,0,0,8.191999979317188,4,4,0,2,38,0,0,40,119.669
571,24,0,1,0,86.01599931716919,4,4,0,2,38,0,0,40,119.669
571,24,0,2,0,10.239999741315842,4,4,0,2,38,0,0,40,119.669
571,24,0,3,0,11.264000087976456,4,4,0,2,38,0,0,40,119.669
571,40,0,0,1,10.239999741315842,4,4,0,2,38,0,0,40,129.63
571,40,0,1,1,87.0399996638298,4,4,0,2,38,0,0,40,129.63
571,40,0,2,1,9.216000325977802,4,4,0,2,38,0,0,40,129.63
571,40,0,3,1,21.503999829292297,4,4,0,2,38,0,0,40,129.63
572,2,0,0,0,9.216000325977802,4,4,0,1,39,0,0,40,78.199
572,2,0,1,0,65.5359998345375,4,4,0,1,39,0,0,40,78.199
572,2,0,2,0,9.216000325977802,4,4,0,1,39,0,0,40,78.199
572,2,0,3,0,8.191999979317188,4,4,0,1,39,0,0,40,78.199
572,24,0,0,0,7.168000098317862,4,4,0,2,38,0,0,40,109.63
572,24,0,1,0,71.68000191450119,4,4,0,2,38,0,0,40,109.63
572,24,0,2,0,9.216000325977802,4,4,0,2,38,0,0,40,109.63
572,24,0,3,0,18.432000651955605,4,4,0,2,38,0,0,40,109.63
572,40,0,0,1,13.311999849975109,4,4,0,0,40,0,0,40,2.829
572,40,0,1,1,91.13600105047226,4,4,0,0,40,0,0,40,2.829
572,40,0,2,1,8.191999979317188,4,4,0,0,40,0,0,40,2.829
572,40,0,3,1,4.095999989658594,4,4,0,0,40,0,0,40,2.829
573,2,0,0,0,15.359999611973763,4,4,0,0,40,0,0,40,5.14
573,2,0,1,0,89.08800035715103,4,4,0,0,40,0,0,40,5.14
573,2,0,2,0,9.216000325977802,4,4,0,0,40,0,0,40,5.14
573,2,0,3,0,6.144000217318535,4,4,0,0,40,0,0,40,5.14
573,24,0,0,0,9.216000325977802,4,4,0,1,39,0,0,40,55.94
573,24,0,1,0,77.82399654388428,4,4,0,1,39,0,0,40,55.94
573,24,0,2,0,9.216000325977802,4,4,0,1,39,0,0,40,55.94
573,24,0,3,0,4.095999989658594,4,4,0,1,39,0,0,40,55.94
573,40,0,0,1,15.359999611973763,4,4,0,1,39,0,0,40,64.869
573,40,0,1,1,58.36800113320351,4,4,0,1,39,0,0,40,64.869
573,40,0,2,1,9.216000325977802,4,4,0,1,39,0,0,40,64.869
573,40,0,3,1,4.095999989658594,4,4,0,1,39,0,0,40,64.869
574,2,0,0,0,13.311999849975109,4,4,0,0,40,0,0,40,3.18
574,2,0,1,0,86.01599931716919,4,4,0,0,40,0,0,40,3.18
574,2,0,2,0,9.216000325977802,4,4,0,0,40,0,0,40,3.18
574,2,0,3,0,5.119999870657921,4,4,0,0,40,0,0,40,3.18
574,24,0,0,0,9.216000325977802,4,4,0,0,40,0,0,40,3.42
574,24,0,1,0,83.96799862384796,4,4,0,0,40,0,0,40,3.42
574,24,0,2,0,9.216000325977802,4,4,0,0,40,0,0,40,3.42
574,24,0,3,0,5.119999870657921,4,4,0,0,40,0,0,40,3.42
574,40,0,0,1,15.359999611973763,4,4,0,3,37,0,0,40,166.959
574,40,0,1,1,90.11200070381165,4,4,0,3,37,0,0,40,166.959
574,40,0,2,1,9.216000325977802,4,4,0,3,37,0,0,40,166.959
574,40,0,3,1,47.10400104522705,4,4,0,3,37,0,0,40,166.959
575,2,0,0,0,15.359999611973763,4,4,0,0,40,0,0,40,2.74
575,2,0,1,0,77.82399654388428,4,4,0,0,40,0,0,40,2.74
575,2,0,2,0,8.191999979317188,4,4,0,0,40,0,0,40,2.74
575,2,0,3,0,5.119999870657921,4,4,0,0,40,0,0,40,2.74
575,24,0,0,0,8.191999979317188,4,4,0,0,40,0,0,40,3.22
575,24,0,1,0,79.8719972372055,4,4,0,0,40,0,0,40,3.22
575,24,0,2,0,9.216000325977802,4,4,0,0,40,0,0,40,3.22
575,24,0,3,0,4.095999989658594,4,4,0,0,40,0,0,40,3.22
575,40,0,0,1,9.216000325977802,4,4,0,1,39,0,0,40,85.4
575,40,0,1,1,101.3759970664978,4,4,0,1,39,0,0,40,85.4
575,40,0,2,1,9.216000325977802,4,4,0,1,39,0,0,40,85.4
575,40,0,3,1,4.095999989658594,4,4,0,1,39,0,0,40,85.4
576,2,0,0,0,9.216000325977802,4,4,0,1,39,0,0,40,88.839
576,2,0,1,0,92.16000139713287,4,4,0,1,39,0,0,40,88.839
576,2,0,2,0,9.216000325977802,4,4,0,1,39,0,0,40,88.839
576,2,0,3,0,5.119999870657921,4,4,0,1,39,0,0,40,88.839
576,24,0,0,0,8.191999979317188,4,4,0,1,39,0,0,40,74.6
576,24,0,1,0,77.82399654388428,4,4,0,1,39,0,0,40,74.6
576,24,0,2,0,9.216000325977802,4,4,0,1,39,0,0,40,74.6
576,24,0,3,0,4.095999989658594,4,4,0,1,39,0,0,40,74.6
576,40,0,0,1,8.191999979317188,4,4,0,2,38,0,0,40,170.489
576,40,0,1,1,67.58400052785873,4,4,0,2,38,0,0,40,170.489
576,40,0,2,1,9.216000325977802,4,4,0,2,38,0,0,40,170.489
576,40,0,3,1,81.91999793052673,4,4,0,2,38,0,0,40,170.489
577,2,0,0,0,15.359999611973763,4,4,0,1,39,0,0,40,59.3
577,2,0,1,0,83.96799862384796,4,4,0,1,39,0,0,40,59.3
577,2,0,2,0,9.216000325977802,4,4,0,1,39,0,0,40,59.3
577,2,0,3,0,5.119999870657921,4,4,0,1,39,0,0,40,59.3
577,24,0,0,0,7.168000098317862,4,4,0,0,40,0,0,40,5.19
577,24,0,1,0,80.89599758386612,4,4,0,0,40,0,0,40,5.19
577,24,0,2,0,9.216000325977802,4,4,0,0,40,0,0,40,5.19
577,24,0,3,0,4.095999989658594,4,4,0,0,40,0,0,40,5.19
577,40,0,0,1,9.216000325977802,4,4,0,1,39,0,0,40,76.44
577,40,0,1,1,90.11200070381165,4,4,0,1,39,0,0,40,76.44
577,40,0,2,1,8.191999979317188,4,4,0,1,39,0,0,40,76.44
577,40,0,3,1,4.095999989658594,4,4,0,1,39,0,0,40,76.44
578,2,0,0,0,14.336000196635723,4,4,0,0,40,0,0,40,3.03
578,2,0,1,0,84.99199897050858,4,4,0,0,40,0,0,40,3.03
578,2,0,2,0,9.216000325977802,4,4,0,0,40,0,0,40,3.03
578,2,0,3,0,6.144000217318535,4,4,0,0,40,0,0,40,3.03
578,24,0,0,0,7.168000098317862,4,4,0,2,38,0,0,40,110.459
578,24,0,1,0,82.94399827718735,4,4,0,2,38,0,0,40,110.459
578,24,0,2,0,9.216000325977802,4,4,0,2,38,0,0,40,110.459
578,24,0,3,0,8.191999979317188,4,4,0,2,38,0,0,40,110.459
578,40,0,0,1,8.191999979317188,4,4,0,1,39,0,0,40,77.22
578,40,0,1,1,74.75200295448303,4,4,0,1,39,0,0,40,77.22
578,40,0,2,1,9.216000325977802,4,4,0,1,39,0,0,40,77.22
578,40,0,3,1,5.119999870657921,4,4,0,1,39,0,0,40,77.22
579,2,0,0,0,15.359999611973763,4,4,0,1,39,0,0,40,66.919
579,2,0,1,0,81.91999793052673,4,4,0,1,39,0,0,40,66.919
579,2,0,2,0,9.216000325977802,4,4,0,1,39,0,0,40,66.919
579,2,0,3,0,5.119999870657921,4,4,0,1,39,0,0,40,66.919
579,24,0,0,0,8.191999979317188,4,4,0,1,39,0,0,40,64.58
579,24,0,1,0,89.08800035715103,4,4,0,1,39,0,0,40,64.58
579,24,0,2,0,8.191999979317188,4,4,0,1,39,0,0,40,64.58
579,24,0,3,0,3.0720001086592674,4,4,0,1,39,0,0,40,64.58
579,40,0,0,1,14.336000196635723,4,4,0,0,40,0,0,40,2.68
579,40,0,1,1,90.11200070381165,4,4,0,0,40,0,0,40,2.68
579,40,0,2,1,8.191999979317188,4,4,0,0,40,0,0,40,2.68
579,40,0,3,1,3.0720001086592674,4,4,0,0,40,0,0,40,2.68
580,2,0,0,0,13.311999849975109,4,4,0,0,40,0,0,40,3.38
580,2,0,1,0,76.80000364780426,4,4,0,0,40,0,0,40,3.38
580,2,0,2,0,9.216000325977802,4,4,0,0,40,0,0,40,3.38
580,2,0,3,0,5.119999870657921,4,4,0,0,40,0,0,40,3.38
580,24,0,0,0,9.216000325977802,4,4,0,0,40,0,0,40,3.03
580,24,0,1,0,83.96799862384796,4,4,0,0,40,0,0,40,3.03
580,24,0,2,0,9.216000325977802,4,4,0,0,40,0,0,40,3.03
580,24,0,3,0,4.095999989658594,4,4,0,0,40,0,0,40,3.03
580,40,0,0,1,9.216000325977802,4,4,0,1,39,0,0,40,86.28
580,40,0,1,1,79.8719972372055,4,4,0,1,39,0,0,40,86.28
580,40,0,2,1,8.191999979317188,4,4,0,1,39,0,0,40,86.28
580,40,0,3,1,4.095999989658594,4,4,0,1,39,0,0,40,86.28
581,2,0,0,0,14.336000196635723,4,4,0,0,40,0,0,40,5.191
581,2,0,1,0,88.06400001049042,4,4,0,0,40,0,0,40,5.191
581,2,0,2,0,8.191999979317188,4,4,0,0,40,0,0,40,5.191
581,2,0,3,0,8.191999979317188,4,4,0,0,40,0,0,40,5.191
581,24,0,0,0,7.168000098317862,4,4,0,1,39,0,0,40,118.169
581,24,0,1,0,86.01599931716919,4,4,0,1,39,0,0,40,118.169
581,24,0,2,0,9.216000325977802,4,4,0,1,39,0,0,40,118.169
581,24,0,3,0,14.336000196635723,4,4,0,1,39,0,0,40,118.169
581,40,0,0,1,14.336000196635723,4,4,0,0,40,0,0,40,3.24
581,40,0,1,1,95.23200243711472,4,4,0,0,40,0,0,40,3.24
581,40,0,2,1,9.216000325977802,4,4,0,0,40,0,0,40,3.24
581,40,0,3,1,4.095999989658594,4,4,0,0,40,0,0,40,3.24
582,2,0,0,0,9.216000325977802,4,4,0,2,38,0,0,40,109.27
582,2,0,1,0,83.96799862384796,4,4,0,2,38,0,0,40,109.27
582,2,0,2,0,9.216000325977802,4,4,0,2,38,0,0,40,109.27
582,2,0,3,0,5.119999870657921,4,4,0,2,38,0,0,40,109.27
582,24,0,0,0,8.191999979317188,4,4,0,0,40,0,0,40,2.74
582,24,0,1,0,63.48799914121628,4,4,0,0,40,0,0,40,2.74
582,24,0,2,0,9.216000325977802,4,4,0,0,40,0,0,40,2.74
582,24,0,3,0,5.119999870657921,4,4,0,0,40,0,0,40,2.74
582,40,0,0,1,9.216000325977802,4,4,0,1,39,0,0,40,67.08
582,40,0,1,1,81.91999793052673,4,4,0,1,39,0,0,40,67.08
582,40,0,2,1,9.216000325977802,4,4,0,1,39,0,0,40,67.08
582,40,0,3,1,4.095999989658594,4,4,0,1,39,0,0,40,67.08
583,2,0,0,0,16.383999958634377,4,4,0,1,39,0,0,40,70.91
583,2,0,1,0,66.56000018119812,4,4,0,1,39,0,0,40,70.91
583,2,0,2,0,9.216000325977802,4,4,0,1,39,0,0,40,70.91
583,2,0,3,0,7.168000098317862,4,4,0,1,39,0,0,40,70.91
583,24,0,0,0,8.191999979317188,4,4,0,1,39,0,0,40,69.42
583,24,0,1,0,87.0399996638298,4,4,0,1,39,0,0,40,69.42
583,24,0,2,0,9.216000325977802,4,4,0,1,39,0,0,40,69.42
583,24,0,3,0,4.095999989658594,4,4,0,1,39,0,0,40,69.42
583,40,0,0,1,15.359999611973763,4,4,0,1,39,0,0,40,506.548
583,40,0,1,1,90.11200070381165,4,4,0,1,39,0,0,40,506.548
583,40,0,2,1,9.216000325977802,4,4,0,1,39,0,0,40,506.548
583,40,0,3,1,392.192006111145,4,4,0,1,39,0,0,40,506.548
584,2,0,0,0,15.359999611973763,4,4,0,0,40,0,0,40,5.71
584,2,0,1,0,76.80000364780426,4,4,0,0,40,0,0,40,5.71
584,2,0,2,0,9.216000325977802,4,4,0,0,40,0,0,40,5.71
584,2,0,3,0,5.119999870657921,4,4,0,0,40,0,0,40,5.71
584,24,0,0,0,8.191999979317188,4,4,0,0,40,0,0,40,3.45
584,24,0,1,0,92.16000139713287,4,4,0,0,40,0,0,40,3.45
584,24,0,2,0,9.216000325977802,4,4,0,0,40,0,0,40,3.45
584,24,0,3,0,4.095999989658594,4,4,0,0,40,0,0,40,3.45
584,40,0,0,1,8.191999979317188,4,4,0,1,39,0,0,40,91.61
584,40,0,1,1,59.39200147986412,4,4,0,1,39,0,0,40,91.61
584,40,0,2,1,9.216000325977802,4,4,0,1,39,0,0,40,91.61
584,40,0,3,1,9.216000325977802,4,4,0,1,39,0,0,40,91.61
585,2,0,0,0,15.359999611973763,4,4,0,0,40,0,0,40,3.21
585,2,0,1,0,87.0399996638298,4,4,0,0,40,0,0,40,3.21
585,2,0,2,0,8.191999979317188,4,4,0,0,40,0,0,40,3.21
585,2,0,3,0,5.119999870657921,4,4,0,0,40,0,0,40,3.21
585,24,0,0,0,1204.2239904403687,4,4,0,0,40,0,0,40,4.19
585,24,0,1,0,87.0399996638298,4,4,0,0,40,0,0,40,4.19
585,24,0,2,0,9.216000325977802,4,4,0,0,40,0,0,40,4.19
585,24,0,3,0,4.095999989658594,4,4,0,0,40,0,0,40,4.19
585,40,0,0,1,8.191999979317188,4,4,0,3,36,1,0,40,168.959
585,40,0,1,1,84.99199897050858,4,4,0,3,36,1,0,40,168.959
585,40,0,2,1,195.5839991569519,4,4,0,3,36,1,0,40,168.959
585,40,0,3,1,4.095999989658594,4,4,0,3,36,1,0,40,168.959
586,2,0,0,0,14.336000196635723,4,4,0,0,40,0,0,40,4.44
586,2,0,1,0,64.51199948787689,4,4,0,0,40,0,0,40,4.44
586,2,0,2,0,8.191999979317188,4,4,0,0,40,0,0,40,4.44
586,2,0,3,0,5.119999870657921,4,4,0,0,40,0,0,40,4.44
586,24,0,0,0,7.168000098317862,4,4,0,2,38,0,0,40,107.92
586,24,0,1,0,67.58400052785873,4,4,0,2,38,0,0,40,107.92
586,24,0,2,0,9.216000325977802,4,4,0,2,38,0,0,40,107.92
586,24,0,3,0,19.45599913597107,4,4,0,2,38,0,0,40,107.92
586,40,0,0,1,8.191999979317188,4,4,0,2,38,0,0,40,205.879
586,40,0,1,1,100.35199671983719,4,4,0,2,38,0,0,40,205.879
586,40,0,2,1,9.216000325977802,4,4,0,2,38,0,0,40,205.879
586,40,0,3,1,83.96799862384796,4,4,0,2,38,0,0,40,205.879
587,2,0,0,0,14.336000196635723,4,4,0,0,40,0,0,40,5.43
587,2,0,1,0,75.77600330114365,4,4,0,0,40,0,0,40,5.43
587,2,0,2,0,9.216000325977802,4,4,0,0,40,0,0,40,5.43
587,2,0,3,0,5.119999870657921,4,4,0,0,40,0,0,40,5.43
587,24,0,0,0,8.191999979317188,4,4,0,0,40,0,0,40,4.44
587,24,0,1,0,74.75200295448303,4,4,0,0,40,0,0,40,4.44
587,24,0,2,0,9.216000325977802,4,4,0,0,40,0,0,40,4.44
587,24,0,3,0,4.095999989658594,4,4,0,0,40,0,0,40,4.44
587,40,0,0,1,14.336000196635723,4,4,0,1,39,0,0,40,70.289
587,40,0,1,1,62.463998794555664,4,4,0,1,39,0,0,40,70.289
587,40,0,2,1,9.216000325977802,4,4,0,1,39,0,0,40,70.289
587,40,0,3,1,3.0720001086592674,4,4,0,1,39,0,0,40,70.289
588,2,0,0,0,13.311999849975109,4,4,0,0,40,0,0,40,5.12
588,2,0,1,0,89.08800035715103,4,4,0,0,40,0,0,40,5.12
588,2,0,2,0,9.216000325977802,4,4,0,0,40,0,0,40,5.12
588,2,0,3,0,5.119999870657921,4,4,0,0,40,0,0,40,5.12
588,24,0,0,0,8.191999979317188,4,4,0,0,40,0,0,40,4.931
588,24,0,1,0,86.01599931716919,4,4,0,0,40,0,0,40,4.931
588,24,0,2,0,9.216000325977802,4,4,0,0,40,0,0,40,4.931
588,24,0,3,0,4.095999989658594,4,4,0,0,40,0,0,40,4.931
588,40,0,0,1,15.359999611973763,4,4,0,2,38,0,0,40,173.459
588,40,0,1,1,81.91999793052673,4,4,0,2,38,0,0,40,173.459
588,40,0,2,1,9.216000325977802,4,4,0,2,38,0,0,40,173.459
588,40,0,3,1,62.463998794555664,4,4,0,2,38,0,0,40,173.459
589,2,0,0,0,14.336000196635723,4,4,0,0,40,0,0,40,5.42
589,2,0,1,0,87.0399996638298,4,4,0,0,40,0,0,40,5.42
589,2,0,2,0,9.216000325977802,4,4,0,0,40,0,0,40,5.42
589,2,0,3,0,5.119999870657921,4,4,0,0,40,0,0,40,5.42
589,24,0,0,0,8.191999979317188,4,4,0,0,40,0,0,40,2.591
589,24,0,1,0,88.06400001049042,4,4,0,0,40,0,0,40,2.591
589,24,0,2,0,9.216000325977802,4,4,0,0,40,0,0,40,2.591
589,24,0,3,0,4.095999989658594,4,4,0,0,40,0,0,40,2.591
589,40,0,0,1,9.216000325977802,4,4,0,1,39,0,0,40,80.789
589,40,0,1,1,106.49599879980087,4,4,0,1,39,0,0,40,80.789
589,40,0,2,1,9.216000325977802,4,4,0,1,39,0,0,40,80.789
589,40,0,3,1,4.095999989658594,4,4,0,1,39,0,0,40,80.789
590,2,0,0,0,13.311999849975109,4,4,0,0,40,0,0,40,2.909
590,2,0,1,0,82.94399827718735,4,4,0,0,40,0,0,40,2.909
590,2,0,2,0,9.216000325977802,4,4,0,0,40,0,0,40,2.909
590,2,0,3,0,5.119999870657921,4,4,0,0,40,0,0,40,2.909
590,24,0,0,0,8.191999979317188,4,4,0,0,40,0,0,40,6.06
590,24,0,1,0,90.11200070381165,4,4,0,0,40,0,0,40,6.06
590,24,0,2,0,8.191999979317188,4,4,0,0,40,0,0,40,6.06
590,24,0,3,0,4.095999989658594,4,4,0,0,40,0,0,40,6.06
590,40,0,0,1,8.191999979317188,4,4,0,0,40,0,0,40,5.4
590,40,0,1,1,80.89599758386612,4,4,0,0,40,0,0,40,5.4
590,40,0,2,1,9.216000325977802,4,4,0,0,40,0,0,40,5.4
590,40,0,3,1,4.095999989658594,4,4,0,0,40,0,0,40,5.4
591,2,0,0,0,14.336000196635723,4,4,0,0,40,0,0,40,5.331
591,2,0,1,0,91.13600105047226,4,4,0,0,40,0,0,40,5.331
591,2,0,2,0,9.216000325977802,4,4,0,0,40,0,0,40,5.331
591,2,0,3,0,5.119999870657921,4,4,0,0,40,0,0,40,5.331
591,24,0,0,0,8.191999979317188,4,4,0,1,39,0,0,40,92.089
591,24,0,1,0,77.82399654388428,4,4,0,1,39,0,0,40,92.089
591,24,0,2,0,9.216000325977802,4,4,0,1,39,0,0,40,92.089
591,24,0,3,0,4.095999989658594,4,4,0,1,39,0,0,40,92.089
591,40,0,0,1,8.191999979317188,4,4,0,2,38,0,0,40,119.059
591,40,0,1,1,64.51199948787689,4,4,0,2,38,0,0,40,119.059
591,40,0,2,1,9.216000325977802,4,4,0,2,38,0,0,40,119.059
591,40,0,3,1,32.76799991726875,4,4,0,2,38,0,0,40,119.059
592,2,0,0,0,13.311999849975109,4,4,0,0,40,0,0,40,4.42
592,2,0,1,0,84.99199897050858,4,4,0,0,40,0,0,40,4.42
592,2,0,2,0,9.216000325977802,4,4,0,0,40,0,0,40,4.42
592,2,0,3,0,5.119999870657921,4,4,0,0,40,0,0,40,4.42
592,24,0,0,0,13.311999849975109,4,4,0,0,40,0,0,40,11.22
592,24,0,1,0,95.23200243711472,4,4,0,0,40,0,0,40,11.22
592,24,0,2,0,9.216000325977802,4,4,0,0,40,0,0,40,11.22
592,24,0,3,0,4.095999989658594,4,4,0,0,40,0,0,40,11.22
592,40,0,0,1,9.216000325977802,4,4,0,1,39,0,0,40,84.069
592,40,0,1,1,84.99199897050858,4,4,0,1,39,0,0,40,84.069
592,40,0,2,1,9.216000325977802,4,4,0,1,39,0,0,40,84.069
592,40,0,3,1,4.095999989658594,4,4,0,1,39,0,0,40,84.069
593,2,0,0,0,14.336000196635723,4,4,0,0,40,0,0,40,2.591
593,2,0,1,0,62.463998794555664,4,4,0,0,40,0,0,40,2.591
593,2,0,2,0,9.216000325977802,4,4,0,0,40,0,0,40,2.591
593,2,0,3,0,5.119999870657921,4,4,0,0,40,0,0,40,2.591
593,24,0,0,0,9.216000325977802,4,4,0,0,40,0,0,40,4.751
593,24,0,1,0,80.89599758386612,4,4,0,0,40,0,0,40,4.751
593,24,0,2,0,9.216000325977802,4,4,0,0,40,0,0,40,4.751
593,24,0,3,0,4.095999989658594,4,4,0,0,40,0,0,40,4.751
593,40,0,0,1,9.216000325977802,4,4,0,2,38,0,0,40,202.559
593,40,0,1,1,84.99199897050858,4,4,0,2,38,0,0,40,202.559
593,40,0,2,1,9.216000325977802,4,4,0,2,38,0,0,40,202.559
593,40,0,3,1,95.23200243711472,4,4,0,2,38,0,0,40,202.559
594,2,0,0,0,14.336000196635723,4,4,0,0,40,0,0,40,6.5
594,2,0,1,0,92.16000139713287,4,4,0,0,40,0,0,40,6.5
594,2,0,2,0,8.191999979317188,4,4,0,0,40,0,0,40,6.5
594,2,0,3,0,6.144000217318535,4,4,0,0,40,0,0,40,6.5
594,24,0,0,0,9.216000325977802,4,4,0,0,40,0,0,40,3.5
594,24,0,1,0,81.91999793052673,4,4,0,0,40,0,0,40,3.5
594,24,0,2,0,9.216000325977802,4,4,0,0,40,0,0,40,3.5
594,24,0,3,0,4.095999989658594,4,4,0,0,40,0,0,40,3.5
594,40,0,0,1,9.216000325977802,4,4,0,3,37,0,0,40,262.799
594,40,0,1,1,73.72800260782242,4,4,0,3,37,0,0,40,262.799
594,40,0,2,1,9.216000325977802,4,4,0,3,37,0,0,40,262.799
594,40,0,3,1,166.9120043516159,4,4,0,3,37,0,0,40,262.799
595,2,0,0,0,15.359999611973763,4,4,0,0,40,0,0,40,2.669
595,2,0,1,0,88.06400001049042,4,4,0,0,40,0,0,40,2.669
595,2,0,2,0,8.191999979317188,4,4,0,0,40,0,0,40,2.669
595,2,0,3,0,5.119999870657921,4,4,0,0,40,0,0,40,2.669
595,24,0,0,0,8.191999979317188,4,4,0,0,40,0,0,40,6.0
595,24,0,1,0,83.96799862384796,4,4,0,0,40,0,0,40,6.0
595,24,0,2,0,9.216000325977802,4,4,0,0,40,0,0,40,6.0
595,24,0,3,0,4.095999989658594,4,4,0,0,40,0,0,40,6.0
595,40,0,0,1,8.191999979317188,4,4,0,3,37,0,0,40,169.369
595,40,0,1,1,94.2080020904541,4,4,0,3,37,0,0,40,169.369
595,40,0,2,1,9.216000325977802,4,4,0,3,37,0,0,40,169.369
595,40,0,3,1,53.247999399900436,4,4,0,3,37,0,0,40,169.369
596,2,0,0,0,13.311999849975109,4,4,0,0,40,0,0,40,2.909
596,2,0,1,0,62.463998794555664,4,4,0,0,40,0,0,40,2.909
596,2,0,2,0,9.216000325977802,4,4,0,0,40,0,0,40,2.909
596,2,0,3,0,5.119999870657921,4,4,0,0,40,0,0,40,2.909
596,24,0,0,0,8.191999979317188,4,4,0,0,40,0,0,40,3.28
596,24,0,1,0,83.96799862384796,4,4,0,0,40,0,0,40,3.28
596,24,0,2,0,8.191999979317188,4,4,0,0,40,0,0,40,3.28
596,24,0,3,0,4.095999989658594,4,4,0,0,40,0,0,40,3.28
596,40,0,0,1,8.191999979317188,4,4,0,1,39,0,0,40,80.979
596,40,0,1,1,94.2080020904541,4,4,0,1,39,0,0,40,80.979
596,40,0,2,1,9.216000325977802,4,4,0,1,39,0,0,40,80.979
596,40,0,3,1,4.095999989658594,4,4,0,1,39,0,0,40,80.979
597,2,0,0,0,13.311999849975109,4,4,0,0,40,0,0,40,5.891
597,2,0,1,0,88.06400001049042,4,4,0,0,40,0,0,40,5.891
597,2,0,2,0,10.239999741315842,4,4,0,0,40,0,0,40,5.891
597,2,0,3,0,5.119999870657921,4,4,0,0,40,0,0,40,5.891
597,24,0,0,0,9.216000325977802,4,4,0,0,40,0,0,40,6.211
597,24,0,1,0,80.89599758386612,4,4,0,0,40,0,0,40,6.211
597,24,0,2,0,9.216000325977802,4,4,0,0,40,0,0,40,6.211
597,24,0,3,0,4.095999989658594,4,4,0,0,40,0,0,40,6.211
597,40,0,0,1,15.359999611973763,4,4,0,0,40,0,0,40,1.87
597,40,0,1,1,60.416001826524734,4,4,0,0,40,0,0,40,1.87
597,40,0,2,1,8.191999979317188,4,4,0,0,40,0,0,40,1.87
597,40,0,3,1,4.095999989658594,4,4,0,0,40,0,0,40,1.87
598,2,0,0,0,9.216000325977802,4,4,0,2,38,0,0,40,97.609
598,2,0,1,0,86.01599931716919,4,4,0,2,38,0,0,40,97.609
598,2,0,2,0,9.216000325977802,4,4,0,2,38,0,0,40,97.609
598,2,0,3,0,8.191999979317188,4,4,0,2,38,0,0,40,97.609
598,24,0,0,0,9.216000325977802,4,4,0,0,40,0,0,40,4.09
598,24,0,1,0,81.91999793052673,4,4,0,0,40,0,0,40,4.09
598,24,0,2,0,8.191999979317188,4,4,0,0,40,0,0,40,4.09
598,24,0,3,0,3.0720001086592674,4,4,0,0,40,0,0,40,4.09
598,40,0,0,1,8.191999979317188,4,4,0,2,38,0,0,40,122.18
598,40,0,1,1,74.75200295448303,4,4,0,2,38,0,0,40,122.18
598,40,0,2,1,10.239999741315842,4,4,0,2,38,0,0,40,122.18
598,40,0,3,1,25.599999353289604,4,4,0,2,38,0,0,40,122.18
599,2,0,0,0,13.311999849975109,4,4,0,0,40,0,0,40,4.44
599,2,0,1,0,83.96799862384796,4,4,0,0,40,0,0,40,4.44
599,2,0,2,0,8.191999979317188,4,4,0,0,40,0,0,40,4.44
599,2,0,3,0,9.216000325977802,4,4,0,0,40,0,0,40,4.44
599,24,0,0,0,8.191999979317188,4,4,0,1,39,0,0,40,63.76
599,24,0,1,0,88.06400001049042,4,4,0,1,39,0,0,40,63.76
599,24,0,2,0,8.191999979317188,4,4,0,1,39,0,0,40,63.76
599,24,0,3,0,4.095999989658594,4,4,0,1,39,0,0,40,63.76
599,40,0,0,1,8.191999979317188,4,4,0,1,39,0,0,40,83.949
599,40,0,1,1,96.25600278377533,4,4,0,1,39,0,0,40,83.949
599,40,0,2,1,9.216000325977802,4,4,0,1,39,0,0,40,83.949
599,40,0,3,1,4.095999989658594,4,4,0,1,39,0,0,40,83.949
600,2,0,0,0,14.336000196635723,4,4,0,0,40,0,0,40,4.52
600,2,0,1,0,60.416001826524734,4,4,0,0,40,0,0,40,4.52
600,2,0,2,0,8.191999979317188,4,4,0,0,40,0,0,40,4.52
600,2,0,3,0,6.144000217318535,4,4,0,0,40,0,0,40,4.52
600,24,0,0,0,7.168000098317862,4,4,0,2,38,0,0,40,108.87
600,24,0,1,0,78.84799689054489,4,4,0,2,38,0,0,40,108.87
600,24,0,2,0,10.239999741315842,4,4,0,2,38,0,0,40,108.87
600,24,0,3,0,10.239999741315842,4,4,0,2,38,0,0,40,108.87
600,40,0,0,1,9.216000325977802,4,4,0,1,39,0,0,40,85.59
600,40,0,1,1,77.82399654388428,4,4,0,1,39,0,0,40,85.59
600,40,0,2,1,9.216000325977802,4,4,0,1,39,0,0,40,85.59
600,40,0,3,1,4.095999989658594,4,4,0,1,39,0,0,40,85.59
601,2,0,0,0,8.191999979317188,4,4,0,3,37,0,0,40,82.409
601,2,0,1,0,70.65600156784058,4,4,0,3,37,0,0,40,82.409
601,2,0,2,0,9.216000325977802,4,4,0,3,37,0,0,40,82.409
601,2,0,3,0,5.119999870657921,4,4,0,3,37,0,0,40,82.409
601,24,0,0,0,14.336000196635723,4,4,0,2,38,0,0,40,165.499
601,24,0,1,0,75.77600330114365,4,4,0,2,38,0,0,40,165.499
601,24,0,2,0,9.216000325977802,4,4,0,2,38,0,0,40,165.499
601,24,0,3,0,60.416001826524734,4,4,0,2,38,0,0,40,165.499
601,40,0,0,1,8.191999979317188,4,4,0,1,39,0,0,40,74.26
601,40,0,1,1,88.06400001049042,4,4,0,1,39,0,0,40,74.26
601,40,0,2,1,9.216000325977802,4,4,0,1,39,0,0,40,74.26
601,40,0,3,1,4.095999989658594,4,4,0,1,39,0,0,40,74.26
602,2,0,0,0,13.311999849975109,4,4,0,0,40,0,0,40,2.86
602,2,0,1,0,91.13600105047226,4,4,0,0,40,0,0,40,2.86
602,2,0,2,0,8.191999979317188,4,4,0,0,40,0,0,40,2.86
602,2,0,3,0,6.144000217318535,4,4,0,0,40,0,0,40,2.86
602,24,0,0,0,7.168000098317862,4,4,0,0,40,0,0,40,2.71
602,24,0,1,0,84.99199897050858,4,4,0,0,40,0,0,40,2.71
602,24,0,2,0,9.216000325977802,4,4,0,0,40,0,0,40,2.71
602,24,0,3,0,4.095999989658594,4,4,0,0,40,0,0,40,2.71
602,40,0,0,1,9.216000325977802,4,4,0,0,40,0,0,40,3.25
602,40,0,1,1,105.47199845314026,4,4,0,0,40,0,0,40,3.25
602,40,0,2,1,9.216000325977802,4,4,0,0,40,0,0,40,3.25
602,40,0,3,1,4.095999989658594,4,4,0,0,40,0,0,40,3.25
603,2,0,0,0,16.383999958634377,4,4,0,0,40,0,0,40,3.47
603,2,0,1,0,80.89599758386612,4,4,0,0,40,0,0,40,3.47
603,2,0,2,0,8.191999979317188,4,4,0,0,40,0,0,40,3.47
603,2,0,3,0,6.144000217318535,4,4,0,0,40,0,0,40,3.47
603,24,0,0,0,15.359999611973763,4,4,0,1,39,0,0,40,69.42
603,24,0,1,0,78.84799689054489,4,4,0,1,39,0,0,40,69.42
603,24,0,2,0,9.216000325977802,4,4,0,1,39,0,0,40,69.42
603,24,0,3,0,4.095999989658594,4,4,0,1,39,0,0,40,69.42
603,40,0,0,1,8.191999979317188,4,4,0,3,36,1,0,40,336.658
603,40,0,1,1,95.23200243711472,4,4,0,3,36,1,0,40,336.658
603,40,0,2,1,195.5839991569519,4,4,0,3,36,1,0,40,336.658
603,40,0,3,1,30.719999223947525,4,4,0,3,36,1,0,40,336.658
604,2,0,0,0,14.336000196635723,4,4,0,0,40,0,0,40,3.06
604,2,0,1,0,93.18400174379349,4,4,0,0,40,0,0,40,3.06
604,2,0,2,0,9.216000325977802,4,4,0,0,40,0,0,40,3.06
604,2,0,3,0,5.119999870657921,4,4,0,0,40,0,0,40,3.06
604,24,0,0,0,8.191999979317188,4,4,0,1,39,0,0,40,107.54
604,24,0,1,0,79.8719972372055,4,4,0,1,39,0,0,40,107.54
604,24,0,2,0,9.216000325977802,4,4,0,1,39,0,0,40,107.54
604,24,0,3,0,6.144000217318535,4,4,0,1,39,0,0,40,107.54
604,40,0,0,1,9.216000325977802,4,4,0,0,40,0,0,40,2.8
604,40,0,1,1,80.89599758386612,4,4,0,0,40,0,0,40,2.8
604,40,0,2,1,9.216000325977802,4,4,0,0,40,0,0,40,2.8
604,40,0,3,1,4.095999989658594,4,4,0,0,40,0,0,40,2.8
605,2,0,0,0,14.336000196635723,4,4,0,0,40,0,0,40,3.84
605,2,0,1,0,90.11200070381165,4,4,0,0,40,0,0,40,3.84
605,2,0,2,0,9.216000325977802,4,4,0,0,40,0,0,40,3.84
605,2,0,3,0,5.119999870657921,4,4,0,0,40,0,0,40,3.84
605,24,0,0,0,8.191999979317188,4,4,0,0,40,0,0,40,3.491
605,24,0,1,0,78.84799689054489,4,4,0,0,40,0,0,40,3.491
605,24,0,2,0,9.216000325977802,4,4,0,0,40,0,0,40,3.491
605,24,0,3,0,4.095999989658594,4,4,0,0,40,0,0,40,3.491
605,40,0,0,1,8.191999979317188,4,4,0,3,37,0,0,40,154.699
605,40,0,1,1,89.08800035715103,4,4,0,3,37,0,0,40,154.699
605,40,0,2,1,9.216000325977802,4,4,0,3,37,0,0,40,154.699
605,40,0,3,1,44.03200000524521,4,4,0,3,37,0,0,40,154.699
606,2,0,0,0,14.336000196635723,4,4,0,0,40,0,0,40,4.449
606,2,0,1,0,86.01599931716919,4,4,0,0,40,0,0,40,4.449
606,2,0,2,0,9.216000325977802,4,4,0,0,40,0,0,40,4.449
606,2,0,3,0,6.144000217318535,4,4,0,0,40,0,0,40,4.449
606,24,0,0,0,9.216000325977802,4,4,0,1,39,0,0,40,73.2
606,24,0,1,0,80.89599758386612,4,4,0,1,39,0,0,40,73.2
606,24,0,2,0,9.216000325977802,4,4,0,1,39,0,0,40,73.2
606,24,0,3,0,5.119999870657921,4,4,0,1,39,0,0,40,73.2
606,40,0,0,1,9.216000325977802,4,4,0,2,38,0,0,40,208.84
606,40,0,1,1,91.13600105047226,4,4,0,2,38,0,0,40,208.84
606,40,0,2,1,9.216000325977802,4,4,0,2,38,0,0,40,208.84
606,40,0,3,1,94.2080020904541,4,4,0,2,38,0,0,40,208.84
607,2,0,0,0,15.359999611973763,4,4,0,0,40,0,0,40,6.08
607,2,0,1,0,61.43999844789505,4,4,0,0,40,0,0,40,6.08
607,2,0,2,0,9.216000325977802,4,4,0,0,40,0,0,40,6.08
607,2,0,3,0,5.119999870657921,4,4,0,0,40,0,0,40,6.08
607,24,0,0,0,8.191999979317188,4,4,0,1,39,0,0,40,137.259
607,24,0,1,0,87.0399996638298,4,4,0,1,39,0,0,40,137.259
607,24,0,2,0,9.216000325977802,4,4,0,1,39,0,0,40,137.259
607,24,0,3,0,27.648000046610832,4,4,0,1,39,0,0,40,137.259
607,40,0,0,1,8.191999979317188,4,4,0,1,39,0,0,40,115.62
607,40,0,1,1,94.2080020904541,4,4,0,1,39,0,0,40,115.62
607,40,0,2,1,9.216000325977802,4,4,0,1,39,0,0,40,115.62
607,40,0,3,1,4.095999989658594,4,4,0,1,39,0,0,40,115.62
608,2,0,0,0,15.359999611973763,4,4,0,0,40,0,0,40,6.64
608,2,0,1,0,90.11200070381165,4,4,0,0,40,0,0,40,6.64
608,2,0,2,0,9.216000325977802,4,4,0,0,40,0,0,40,6.64
608,2,0,3,0,6.144000217318535,4,4,0,0,40,0,0,40,6.64
608,24,0,0,0,7.168000098317862,4,4,0,2,38,0,0,40,150.439
608,24,0,1,0,75.77600330114365,4,4,0,2,38,0,0,40,150.439
608,24,0,2,0,9.216000325977802,4,4,0,2,38,0,0,40,150.439
608,24,0,3,0,53.247999399900436,4,4,0,2,38,0,0,40,150.439
608,40,0,0,1,8.191999979317188,4,4,0,0,40,0,0,40,3.129
608,40,0,1,1,77.82399654388428,4,4,0,0,40,0,0,40,3.129
608,40,0,2,1,9.216000325977802,4,4,0,0,40,0,0,40,3.129
608,40,0,3,1,4.095999989658594,4,4,0,0,40,0,0,40,3.129
609,2,0,0,0,13.311999849975109,4,4,0,0,40,0,0,40,5.931
609,2,0,1,0,87.0399996638298,4,4,0,0,40,0,0,40,5.931
609,2,0,2,0,8.191999979317188,4,4,0,0,40,0,0,40,5.931
609,2,0,3,0,6.144000217318535,4,4,0,0,40,0,0,40,5.931
609,24,0,0,0,9.216000325977802,4,4,0,0,40,0,0,40,3.73
609,24,0,1,0,79.8719972372055,4,4,0,0,40,0,0,40,3.73
609,24,0,2,0,9.216000325977802,4,4,0,0,40,0,0,40,3.73
609,24,0,3,0,5.119999870657921,4,4,0,0,40,0,0,40,3.73
609,40,0,0,1,9.216000325977802,4,4,0,0,40,0,0,40,3.469
609,40,0,1,1,69.63200122117996,4,4,0,0,40,0,0,40,3.469
609,40,0,2,1,9.216000325977802,4,4,0,0,40,0,0,40,3.469
609,40,0,3,1,4.095999989658594,4,4,0,0,40,0,0,40,3.469
610,2,0,0,0,14.336000196635723,4,4,0,0,40,0,0,40,5.36
610,2,0,1,0,84.99199897050858,4,4,0,0,40,0,0,40,5.36
610,2,0,2,0,8.191999979317188,4,4,0,0,40,0,0,40,5.36
610,2,0,3,0,5.119999870657921,4,4,0,0,40,0,0,40,5.36
610,24,0,0,0,7.168000098317862,4,4,0,1,39,0,0,40,55.12
610,24,0,1,0,79.8719972372055,4,4,0,1,39,0,0,40,55.12
610,24,0,2,0,9.216000325977802,4,4,0,1,39,0,0,40,55.12
610,24,0,3,0,4.095999989658594,4,4,0,1,39,0,0,40,55.12
610,40,0,0,1,8.191999979317188,4,4,0,2,38,0,0,40,162.64
610,40,0,1,1,91.13600105047226,4,4,0,2,38,0,0,40,162.64
610,40,0,2,1,9.216000325977802,4,4,0,2,38,0,0,40,162.64
610,40,0,3,1,50.175998359918594,4,4,0,2,38,0,0,40,162.64
611,2,0,0,0,9.216000325977802,4,4,0,1,39,0,0,40,68.319
611,2,0,1,0,75.77600330114365,4,4,0,1,39,0,0,40,68.319
611,2,0,2,0,9.216000325977802,4,4,0,1,39,0,0,40,68.319
611,2,0,3,0,8.191999979317188,4,4,0,1,39,0,0,40,68.319
611,24,0,0,0,8.191999979317188,4,4,0,0,40,0,0,40,4.16
611,24,0,1,0,93.18400174379349,4,4,0,0,40,0,0,40,4.16
611,24,0,2,0,9.216000325977802,4,4,0,0,40,0,0,40,4.16
611,24,0,3,0,4.095999989658594,4,4,0,0,40,0,0,40,4.16
611,40,0,0,1,8.191999979317188,4,4,0,1,39,0,0,40,83.04
611,40,0,1,1,73.72800260782242,4,4,0,1,39,0,0,40,83.04
611,40,0,2,1,9.216000325977802,4,4,0,1,39,0,0,40,83.04
611,40,0,3,1,4.095999989658594,4,4,0,1,39,0,0,40,83.04
612,2,0,0,0,14.336000196635723,4,4,0,0,40,0,0,40,3.56
612,2,0,1,0,88.06400001049042,4,4,0,0,40,0,0,40,3.56
612,2,0,2,0,9.216000325977802,4,4,0,0,40,0,0,40,3.56
612,2,0,3,0,5.119999870657921,4,4,0,0,40,0,0,40,3.56
612,24,0,0,0,8.191999979317188,4,4,0,0,40,0,0,40,6.211
612,24,0,1,0,74.75200295448303,4,4,0,0,40,0,0,40,6.211
612,24,0,2,0,10.239999741315842,4,4,0,0,40,0,0,40,6.211
612,24,0,3,0,4.095999989658594,4,4,0,0,40,0,0,40,6.211
612,40,0,0,1,13.311999849975109,4,4,0,0,40,0,0,40,4.66
612,40,0,1,1,72.7040022611618,4,4,0,0,40,0,0,40,4.66
612,40,0,2,1,9.216000325977802,4,4,0,0,40,0,0,40,4.66
612,40,0,3,1,4.095999989658594,4,4,0,0,40,0,0,40,4.66
613,2,0,0,0,14.336000196635723,4,4,0,0,40,0,0,40,2.811
613,2,0,1,0,82.94399827718735,4,4,0,0,40,0,0,40,2.811
613,2,0,2,0,9.216000325977802,4,4,0,0,40,0,0,40,2.811
613,2,0,3,0,6.144000217318535,4,4,0,0,40,0,0,40,2.811
613,24,0,0,0,15.359999611973763,4,4,0,1,39,0,0,40,70.91
613,24,0,1,0,88.06400001049042,4,4,0,1,39,0,0,40,70.91
613,24,0,2,0,9.216000325977802,4,4,0,1,39,0,0,40,70.91
613,24,0,3,0,4.095999989658594,4,4,0,1,39,0,0,40,70.91
613,40,0,0,1,8.191999979317188,4,4,0,2,38,0,0,40,158.729
613,40,0,1,1,95.23200243711472,4,4,0,2,38,0,0,40,158.729
613,40,0,2,1,9.216000325977802,4,4,0,2,38,0,0,40,158.729
613,40,0,3,1,40.95999896526337,4,4,0,2,38,0,0,40,158.729
614,2,0,0,0,14.336000196635723,4,4,0,0,40,0,0,40,6.18
614,2,0,1,0,86.01599931716919,4,4,0,0,40,0,0,40,6.18
614,2,0,2,0,9.216000325977802,4,4,0,0,40,0,0,40,6.18
614,2,0,3,0,5.119999870657921,4,4,0,0,40,0,0,40,6.18
614,24,0,0,0,8.191999979317188,4,4,0,0,40,0,0,40,5.031
614,24,0,1,0,84.99199897050858,4,4,0,0,40,0,0,40,5.031
614,24,0,2,0,8.191999979317188,4,4,0,0,40,0,0,40,5.031
614,24,0,3,0,4.095999989658594,4,4,0,0,40,0,0,40,5.031
614,40,0,0,1,14.336000196635723,4,4,0,0,40,0,0,40,2.94
614,40,0,1,1,70.65600156784058,4,4,0,0,40,0,0,40,2.94
614,40,0,2,1,9.216000325977802,4,4,0,0,40,0,0,40,2.94
614,40,0,3,1,4.095999989658594,4,4,0,0,40,0,0,40,2.94
615,2,0,0,0,14.336000196635723,4,4,0,0,40,0,0,40,3.14
615,2,0,1,0,69.63200122117996,4,4,0,0,40,0,0,40,3.14
615,2,0,2,0,9.216000325977802,4,4,0,0,40,0,0,40,3.14
615,2,0,3,0,6.144000217318535,4,4,0,0,40,0,0,40,3.14
615,24,0,0,0,1376.255989074707,4,4,0,0,40,0,0,40,4.02
615,24,0,1,0,72.7040022611618,4,4,0,0,40,0,0,40,4.02
615,24,0,2,0,9.216000325977802,4,4,0,0,40,0,0,40,4.02
615,24,0,3,0,5.119999870657921,4,4,0,0,40,0,0,40,4.02
615,40,0,0,1,14.336000196635723,4,4,0,0,40,0,0,40,2.22
615,40,0,1,1,66.56000018119812,4,4,0,0,40,0,0,40,2.22
615,40,0,2,1,9.216000325977802,4,4,0,0,40,0,0,40,2.22
615,40,0,3,1,4.095999989658594,4,4,0,0,40,0,0,40,2.22
616,2,0,0,0,13.311999849975109,4,4,0,0,40,0,0,40,4.329
616,2,0,1,0,89.08800035715103,4,4,0,0,40,0,0,40,4.329
616,2,0,2,0,9.216000325977802,4,4,0,0,40,0,0,40,4.329
616,2,0,3,0,5.119999870657921,4,4,0,0,40,0,0,40,4.329
616,24,0,0,0,8.191999979317188,4,4,0,0,40,0,0,40,4.469
616,24,0,1,0,87.0399996638298,4,4,0,0,40,0,0,40,4.469
616,24,0,2,0,9.216000325977802,4,4,0,0,40,0,0,40,4.469
616,24,0,3,0,4.095999989658594,4,4,0,0,40,0,0,40,4.469
616,40,0,0,1,9.216000325977802,4,4,0,0,40,0,0,40,2.89
616,40,0,1,1,94.2080020904541,4,4,0,0,40,0,0,40,2.89
616,40,0,2,1,10.239999741315842,4,4,0,0,40,0,0,40,2.89
616,40,0,3,1,4.095999989658594,4,4,0,0,40,0,0,40,2.89
617,2,0,0,0,14.336000196635723,4,4,0,0,40,0,0,40,2.42
617,2,0,1,0,62.463998794555664,4,4,0,0,40,0,0,40,2.42
617,2,0,2,0,9.216000325977802,4,4,0,0,40,0,0,40,2.42
617,2,0,3,0,6.144000217318535,4,4,0,0,40,0,0,40,2.42
617,24,0,0,0,14.336000196635723,4,4,0,0,40,0,0,40,2.85
617,24,0,1,0,80.89599758386612,4,4,0,0,40,0,0,40,2.85
617,24,0,2,0,8.191999979317188,4,4,0,0,40,0,0,40,2.85
617,24,0,3,0,4.095999989658594,4,4,0,0,40,0,0,40,2.85
617,40,0,0,1,13.311999849975109,4,4,0,0,40,0,0,40,4.731
617,40,0,1,1,84.99199897050858,4,4,0,0,40,0,0,40,4.731
617,40,0,2,1,9.216000325977802,4,4,0,0,40,0,0,40,4.731
617,40,0,3,1,4.095999989658594,4,4,0,0,40,0,0,40,4.731
618,2,0,0,0,14.336000196635723,4,4,0,0,40,0,0,40,5.1
618,2,0,1,0,82.94399827718735,4,4,0,0,40,0,0,40,5.1
618,2,0,2,0,9.216000325977802,4,4,0,0,40,0,0,40,5.1
618,2,0,3,0,7.168000098317862,4,4,0,0,40,0,0,40,5.1
618,24,0,0,0,15.359999611973763,4,4,0,1,39,0,0,40,74.47
618,24,0,1,0,80.89599758386612,4,4,0,1,39,0,0,40,74.47
618,24,0,2,0,9.216000325977802,4,4,0,1,39,0,0,40,74.47
618,24,0,3,0,4.095999989658594,4,4,0,1,39,0,0,40,74.47
618,40,0,0,1,9.216000325977802,4,4,0,0,40,0,0,40,2.811
618,40,0,1,1,70.65600156784058,4,4,0,0,40,0,0,40,2.811
618,40,0,2,1,8.191999979317188,4,4,0,0,40,0,0,40,2.811
618,40,0,3,1,4.095999989658594,4,4,0,0,40,0,0,40,2.811
619,2,0,0,0,14.336000196635723,4,4,0,0,40,0,0,40,2.389
619,2,0,1,0,90.11200070381165,4,4,0,0,40,0,0,40,2.389
619,2,0,2,0,9.216000325977802,4,4,0,0,40,0,0,40,2.389
619,2,0,3,0,5.119999870657921,4,4,0,0,40,0,0,40,2.389
619,24,0,0,0,7.168000098317862,4,4,0,2,38,0,0,40,111.429
619,24,0,1,0,78.84799689054489,4,4,0,2,38,0,0,40,111.429
619,24,0,2,0,9.216000325977802,4,4,0,2,38,0,0,40,111.429
619,24,0,3,0,11.264000087976456,4,4,0,2,38,0,0,40,111.429
619,40,0,0,1,9.216000325977802,4,4,0,2,38,0,0,40,398.509
619,40,0,1,1,81.91999793052673,4,4,0,2,38,0,0,40,398.509
619,40,0,2,1,9.216000325977802,4,4,0,2,38,0,0,40,398.509
619,40,0,3,1,294.9120104312897,4,4,0,2,38,0,0,40,398.509
620,2,0,0,0,8.191999979317188,4,4,0,0,40,0,0,40,2.5
620,2,0,1,0,77.82399654388428,4,4,0,0,40,0,0,40,2.5
620,2,0,2,0,8.191999979317188,4,4,0,0,40,0,0,40,2.5
620,2,0,3,0,5.119999870657921,4,4,0,0,40,0,0,40,2.5
620,24,0,0,0,14.336000196635723,4,4,0,2,38,0,0,40,105.52
620,24,0,1,0,73.72800260782242,4,4,0,2,38,0,0,40,105.52
620,24,0,2,0,9.216000325977802,4,4,0,2,38,0,0,40,105.52
620,24,0,3,0,6.144000217318535,4,4,0,2,38,0,0,40,105.52
620,40,0,0,1,15.359999611973763,4,4,0,2,38,0,0,40,170.91
620,40,0,1,1,99.32799637317657,4,4,0,2,38,0,0,40,170.91
620,40,0,2,1,8.191999979317188,4,4,0,2,38,0,0,40,170.91
620,40,0,3,1,46.08000069856644,4,4,0,2,38,0,0,40,170.91
621,2,0,0,0,15.359999611973763,4,4,0,0,40,0,0,40,5.5
621,2,0,1,0,91.13600105047226,4,4,0,0,40,0,0,40,5.5
621,2,0,2,0,9.216000325977802,4,4,0,0,40,0,0,40,5.5
621,2,0,3,0,5.119999870657921,4,4,0,0,40,0,0,40,5.5
621,24,0,0,0,7.168000098317862,4,4,0,0,40,0,0,40,5.59
621,24,0,1,0,81.91999793052673,4,4,0,0,40,0,0,40,5.59
621,24,0,2,0,9.216000325977802,4,4,0,0,40,0,0,40,5.59
621,24,0,3,0,4.095999989658594,4,4,0,0,40,0,0,40,5.59
621,40,0,0,1,10.239999741315842,4,4,0,1,39,0,0,40,76.639
621,40,0,1,1,89.08800035715103,4,4,0,1,39,0,0,40,76.639
621,40,0,2,1,9.216000325977802,4,4,0,1,39,0,0,40,76.639
621,40,0,3,1,4.095999989658594,4,4,0,1,39,0,0,40,76.639
622,2,0,0,0,15.359999611973763,4,4,0,0,40,0,0,40,2.82
622,2,0,1,0,86.01599931716919,4,4,0,0,40,0,0,40,2.82
622,2,0,2,0,9.216000325977802,4,4,0,0,40,0,0,40,2.82
622,2,0,3,0,6.144000217318535,4,4,0,0,40,0,0,40,2.82
622,24,0,0,0,8.191999979317188,4,4,0,0,40,0,0,40,4.611
622,24,0,1,0,87.0399996638298,4,4,0,0,40,0,0,40,4.611
622,24,0,2,0,9.216000325977802,4,4,0,0,40,0,0,40,4.611
622,24,0,3,0,4.095999989658594,4,4,0,0,40,0,0,40,4.611
622,40,0,0,1,8.191999979317188,4,4,0,1,39,0,0,40,87.51
622,40,0,1,1,87.0399996638298,4,4,0,1,39,0,0,40,87.51
622,40,0,2,1,9.216000325977802,4,4,0,1,39,0,0,40,87.51
622,40,0,3,1,4.095999989658594,4,4,0,1,39,0,0,40,87.51
623,2,0,0,0,15.359999611973763,4,4,0,0,40,0,0,40,4.95
623,2,0,1,0,84.99199897050858,4,4,0,0,40,0,0,40,4.95
623,2,0,2,0,9.216000325977802,4,4,0,0,40,0,0,40,4.95
623,2,0,3,0,5.119999870657921,4,4,0,0,40,0,0,40,4.95
623,24,0,0,0,8.191999979317188,4,4,0,1,39,0,0,40,84.09
623,24,0,1,0,83.96799862384796,4,4,0,1,39,0,0,40,84.09
623,24,0,2,0,9.216000325977802,4,4,0,1,39,0,0,40,84.09
623,24,0,3,0,4.095999989658594,4,4,0,1,39,0,0,40,84.09
623,40,0,0,1,9.216000325977802,4,4,0,2,38,0,0,40,129.35
623,40,0,1,1,105.47199845314026,4,4,0,2,38,0,0,40,129.35
623,40,0,2,1,9.216000325977802,4,4,0,2,38,0,0,40,129.35
623,40,0,3,1,4.095999989658594,4,4,0,2,38,0,0,40,129.35
624,2,0,0,0,13.311999849975109,4,4,0,0,40,0,0,40,2.4
624,2,0,1,0,65.5359998345375,4,4,0,0,40,0,0,40,2.4
624,2,0,2,0,9.216000325977802,4,4,0,0,40,0,0,40,2.4
624,2,0,3,0,7.168000098317862,4,4,0,0,40,0,0,40,2.4
624,24,0,0,0,8.191999979317188,4,4,0,0,40,0,0,40,2.67
624,24,0,1,0,86.01599931716919,4,4,0,0,40,0,0,40,2.67
624,24,0,2,0,9.216000325977802,4,4,0,0,40,0,0,40,2.67
624,24,0,3,0,4.095999989658594,4,4,0,0,40,0,0,40,2.67
624,40,0,0,1,14.336000196635723,4,4,0,0,40,0,0,40,4.43
624,40,0,1,1,84.99199897050858,4,4,0,0,40,0,0,40,4.43
624,40,0,2,1,9.216000325977802,4,4,0,0,40,0,0,40,4.43
624,40,0,3,1,4.095999989658594,4,4,0,0,40,0,0,40,4.43
625,2,0,0,0,16.383999958634377,4,4,0,0,40,0,0,40,5.34
625,2,0,1,0,78.84799689054489,4,4,0,0,40,0,0,40,5.34
625,2,0,2,0,8.191999979317188,4,4,0,0,40,0,0,40,5.34
625,2,0,3,0,5.119999870657921,4,4,0,0,40,0,0,40,5.34
625,24,0,0,0,8.191999979317188,4,4,0,1,39,0,0,40,67.109
625,24,0,1,0,70.65600156784058,4,4,0,1,39,0,0,40,67.109
625,24,0,2,0,9.216000325977802,4,4,0,1,39,0,0,40,67.109
625,24,0,3,0,4.095999989658594,4,4,0,1,39,0,0,40,67.109
625,40,0,0,1,14.336000196635723,4,4,0,0,40,0,0,40,2.65
625,40,0,1,1,60.416001826524734,4,4,0,0,40,0,0,40,2.65
625,40,0,2,1,8.191999979317188,4,4,0,0,40,0,0,40,2.65
625,40,0,3,1,4.095999989658594,4,4,0,0,40,0,0,40,2.65
626,2,0,0,0,14.336000196635723,4,4,0,0,40,0,0,40,5.039
626,2,0,1,0,89.08800035715103,4,4,0,0,40,0,0,40,5.039
626,2,0,2,0,9.216000325977802,4,4,0,0,40,0,0,40,5.039
626,2,0,3,0,6.144000217318535,4,4,0,0,40,0,0,40,5.039
626,24,0,0,0,8.191999979317188,4,4,0,0,40,0,0,40,2.889
626,24,0,1,0,82.94399827718735,4,4,0,0,40,0,0,40,2.889
626,24,0,2,0,9.216000325977802,4,4,0,0,40,0,0,40,2.889
626,24,0,3,0,4.095999989658594,4,4,0,0,40,0,0,40,2.889
626,40,0,0,1,14.336000196635723,4,4,0,0,40,0,0,40,3.05
626,40,0,1,1,96.25600278377533,4,4,0,0,40,0,0,40,3.05
626,40,0,2,1,9.216000325977802,4,4,0,0,40,0,0,40,3.05
626,40,0,3,1,4.095999989658594,4,4,0,0,40,0,0,40,3.05
627,2,0,0,0,8.191999979317188,4,4,0,1,39,0,0,40,56.939
627,2,0,1,0,66.56000018119812,4,4,0,1,39,0,0,40,56.939
627,2,0,2,0,9.216000325977802,4,4,0,1,39,0,0,40,56.939
627,2,0,3,0,8.191999979317188,4,4,0,1,39,0,0,40,56.939
627,24,0,0,0,8.191999979317188,4,4,0,1,39,0,0,40,70.38
627,24,0,1,0,86.01599931716919,4,4,0,1,39,0,0,40,70.38
627,24,0,2,0,9.216000325977802,4,4,0,1,39,0,0,40,70.38
627,24,0,3,0,4.095999989658594,4,4,0,1,39,0,0,40,70.38
627,40,0,0,1,8.191999979317188,4,4,0,3,37,0,0,40,252.368
627,40,0,1,1,91.13600105047226,4,4,0,3,37,0,0,40,252.368
627,40,0,2,1,8.191999979317188,4,4,0,3,37,0,0,40,252.368
627,40,0,3,1,137.2160017490387,4,4,0,3,37,0,0,40,252.368
628,2,0,0,0,14.336000196635723,4,4,0,0,40,0,0,40,3.109
628,2,0,1,0,89.08800035715103,4,4,0,0,40,0,0,40,3.109
628,2,0,2,0,9.216000325977802,4,4,0,0,40,0,0,40,3.109
628,2,0,3,0,7.168000098317862,4,4,0,0,40,0,0,40,3.109
628,24,0,0,0,8.191999979317188,4,4,0,1,39,0,0,40,68.29
628,24,0,1,0,82.94399827718735,4,4,0,1,39,0,0,40,68.29
628,24,0,2,0,9.216000325977802,4,4,0,1,39,0,0,40,68.29
628,24,0,3,0,4.095999989658594,4,4,0,1,39,0,0,40,68.29
628,40,0,0,1,8.191999979317188,4,4,0,1,39,0,0,40,79.74
628,40,0,1,1,73.72800260782242,4,4,0,1,39,0,0,40,79.74
628,40,0,2,1,9.216000325977802,4,4,0,1,39,0,0,40,79.74
628,40,0,3,1,4.095999989658594,4,4,0,1,39,0,0,40,79.74
629,2,0,0,0,13.311999849975109,4,4,0,0,40,0,0,40,5.48
629,2,0,1,0,88.06400001049042,4,4,0,0,40,0,0,40,5.48
629,2,0,2,0,9.216000325977802,4,4,0,0,40,0,0,40,5.48
629,2,0,3,0,5.119999870657921,4,4,0,0,40,0,0,40,5.48
629,24,0,0,0,8.191999979317188,4,4,0,0,40,0,0,40,4.74
629,24,0,1,0,77.82399654388428,4,4,0,0,40,0,0,40,4.74
629,24,0,2,0,9.216000325977802,4,4,0,0,40,0,0,40,4.74
629,24,0,3,0,4.095999989658594,4,4,0,0,40,0,0,40,4.74
629,40,0,0,1,9.216000325977802,4,4,0,1,39,0,0,40,64.089
629,40,0,1,1,100.35199671983719,4,4,0,1,39,0,0,40,64.089
629,40,0,2,1,9.216000325977802,4,4,0,1,39,0,0,40,64.089
629,40,0,3,1,4.095999989658594,4,4,0,1,39,0,0,40,64.089
630,2,0,0,0,8.191999979317188,4,4,0,1,39,0,0,40,73.16
630,2,0,1,0,64.51199948787689,4,4,0,1,39,0,0,40,73.16
630,2,0,2,0,9.216000325977802,4,4,0,1,39,0,0,40,73.16
630,2,0,3,0,5.119999870657921,4,4,0,1,39,0,0,40,73.16
630,24,0,0,0,9.216000325977802,4,4,0,2,38,0,0,40,287.108
630,24,0,1,0,81.91999793052673,4,4,0,2,38,0,0,40,287.108
630,24,0,2,0,9.216000325977802,4,4,0,2,38,0,0,40,287.108
630,24,0,3,0,182.27200210094452,4,4,0,2,38,0,0,40,287.108
630,40,0,0,1,8.191999979317188,4,4,0,1,39,0,0,40,68.889
630,40,0,1,1,105.47199845314026,4,4,0,1,39,0,0,40,68.889
630,40,0,2,1,9.216000325977802,4,4,0,1,39,0,0,40,68.889
630,40,0,3,1,4.095999989658594,4,4,0,1,39,0,0,40,68.889
631,2,0,0,0,14.336000196635723,4,4,0,0,40,0,0,40,4.99
631,2,0,1,0,80.89599758386612,4,4,0,0,40,0,0,40,4.99
631,2,0,2,0,8.191999979317188,4,4,0,0,40,0,0,40,4.99
631,2,0,3,0,6.144000217318535,4,4,0,0,40,0,0,40,4.99
631,24,0,0,0,8.191999979317188,4,4,0,0,40,0,0,40,3.189
631,24,0,1,0,78.84799689054489,4,4,0,0,40,0,0,40,3.189
631,24,0,2,0,9.216000325977802,4,4,0,0,40,0,0,40,3.189
631,24,0,3,0,4.095999989658594,4,4,0,0,40,0,0,40,3.189
631,40,0,0,1,9.216000325977802,4,4,0,1,39,0,0,40,211.868
631,40,0,1,1,77.82399654388428,4,4,0,1,39,0,0,40,211.868
631,40,0,2,1,9.216000325977802,4,4,0,1,39,0,0,40,211.868
631,40,0,3,1,111.61600053310394,4,4,0,1,39,0,0,40,211.868
632,2,0,0,0,15.359999611973763,4,4,0,0,40,0,0,40,3.14
632,2,0,1,0,86.01599931716919,4,4,0,0,40,0,0,40,3.14
632,2,0,2,0,9.216000325977802,4,4,0,0,40,0,0,40,3.14
632,2,0,3,0,5.119999870657921,4,4,0,0,40,0,0,40,3.14
632,24,0,0,0,8.191999979317188,4,4,0,1,39,0,0,40,68.51
632,24,0,1,0,78.84799689054489,4,4,0,1,39,0,0,40,68.51
632,24,0,2,0,9.216000325977802,4,4,0,1,39,0,0,40,68.51
632,24,0,3,0,4.095999989658594,4,4,0,1,39,0,0,40,68.51
632,40,0,0,1,8.191999979317188,4,4,0,4,36,0,0,40,373.369
632,40,0,1,1,84.99199897050858,4,4,0,4,36,0,0,40,373.369
632,40,0,2,1,9.216000325977802,4,4,0,4,36,0,0,40,373.369
632,40,0,3,1,266.2400007247925,4,4,0,4,36,0,0,40,373.369
633,2,0,0,0,8.191999979317188,4,4,0,1,39,0,0,40,177.339
633,2,0,1,0,87.0399996638298,4,4,0,1,39,0,0,40,177.339
633,2,0,2,0,9.216000325977802,4,4,0,1,39,0,0,40,177.339
633,2,0,3,0,69.63200122117996,4,4,0,1,39,0,0,40,177.339
633,24,0,0,0,8.191999979317188,4,4,0,0,40,0,0,40,3.39
633,24,0,1,0,86.01599931716919,4,4,0,0,40,0,0,40,3.39
633,24,0,2,0,9.216000325977802,4,4,0,0,40,0,0,40,3.39
633,24,0,3,0,4.095999989658594,4,4,0,0,40,0,0,40,3.39
633,40,0,0,1,15.359999611973763,4,4,0,0,40,0,0,40,3.66
633,40,0,1,1,97.28000313043594,4,4,0,0,40,0,0,40,3.66
633,40,0,2,1,9.216000325977802,4,4,0,0,40,0,0,40,3.66
633,40,0,3,1,4.095999989658594,4,4,0,0,40,0,0,40,3.66
634,2,0,0,0,16.383999958634377,4,4,0,1,39,0,0,40,70.109
634,2,0,1,0,63.48799914121628,4,4,0,1,39,0,0,40,70.109
634,2,0,2,0,9.216000325977802,4,4,0,1,39,0,0,40,70.109
634,2,0,3,0,7.168000098317862,4,4,0,1,39,0,0,40,70.109
634,24,0,0,0,8.191999979317188,4,4,0,1,39,0,0,40,73.17
634,24,0,1,0,82.94399827718735,4,4,0,1,39,0,0,40,73.17
634,24,0,2,0,9.216000325977802,4,4,0,1,39,0,0,40,73.17
634,24,0,3,0,4.095999989658594,4,4,0,1,39,0,0,40,73.17
634,40,0,0,1,20.479999482631683,4,4,0,1,39,0,0,40,81.099
634,40,0,1,1,103.42399775981903,4,4,0,1,39,0,0,40,81.099
634,40,0,2,1,8.191999979317188,4,4,0,1,39,0,0,40,81.099
634,40,0,3,1,4.095999989658594,4,4,0,1,39,0,0,40,81.099
635,2,0,0,0,14.336000196635723,4,4,0,0,40,0,0,40,3.111
635,2,0,1,0,84.99199897050858,4,4,0,0,40,0,0,40,3.111
635,2,0,2,0,9.216000325977802,4,4,0,0,40,0,0,40,3.111
635,2,0,3,0,5.119999870657921,4,4,0,0,40,0,0,40,3.111
635,24,0,0,0,8.191999979317188,4,4,0,1,39,0,0,40,64.859
635,24,0,1,0,77.82399654388428,4,4,0,1,39,0,0,40,64.859
635,24,0,2,0,9.216000325977802,4,4,0,1,39,0,0,40,64.859
635,24,0,3,0,4.095999989658594,4,4,0,1,39,0,0,40,64.859
635,40,0,0,1,18.432000651955605,4,4,0,0,40,0,0,40,5.84
635,40,0,1,1,79.8719972372055,4,4,0,0,40,0,0,40,5.84
635,40,0,2,1,9.216000325977802,4,4,0,0,40,0,0,40,5.84
635,40,0,3,1,4.095999989658594,4,4,0,0,40,0,0,40,5.84
636,2,0,0,0,9.216000325977802,4,4,0,1,39,0,0,40,68.311
636,2,0,1,0,87.0399996638298,4,4,0,1,39,0,0,40,68.311
636,2,0,2,0,8.191999979317188,4,4,0,1,39,0,0,40,68.311
636,2,0,3,0,5.119999870657921,4,4,0,1,39,0,0,40,68.311
636,24,0,0,0,8.191999979317188,4,4,0,0,40,0,0,40,5.531
636,24,0,1,0,90.11200070381165,4,4,0,0,40,0,0,40,5.531
636,24,0,2,0,9.216000325977802,4,4,0,0,40,0,0,40,5.531
636,24,0,3,0,4.095999989658594,4,4,0,0,40,0,0,40,5.531
636,40,0,0,1,15.359999611973763,4,4,0,2,38,0,0,40,153.58
636,40,0,1,1,81.91999793052673,4,4,0,2,38,0,0,40,153.58
636,40,0,2,1,9.216000325977802,4,4,0,2,38,0,0,40,153.58
636,40,0,3,1,43.007999658584595,4,4,0,2,38,0,0,40,153.58
637,2,0,0,0,15.359999611973763,4,4,0,1,39,0,0,40,126.32
637,2,0,1,0,83.96799862384796,4,4,0,1,39,0,0,40,126.32
637,2,0,2,0,9.216000325977802,4,4,0,1,39,0,0,40,126.32
637,2,0,3,0,13.311999849975109,4,4,0,1,39,0,0,40,126.32
637,24,0,0,0,8.191999979317188,4,4,0,5,34,1,0,40,236.179
637,24,0,1,0,76.80000364780426,4,4,0,5,34,1,0,40,236.179
637,24,0,2,0,162.81600296497345,4,4,0,5,34,1,0,40,236.179
637,24,0,3,0,5.119999870657921,4,4,0,5,34,1,0,40,236.179
637,40,0,0,1,14.336000196635723,4,4,0,0,40,0,0,40,4.82
637,40,0,1,1,90.11200070381165,4,4,0,0,40,0,0,40,4.82
637,40,0,2,1,9.216000325977802,4,4,0,0,40,0,0,40,4.82
637,40,0,3,1,4.095999989658594,4,4,0,0,40,0,0,40,4.82
638,2,0,0,0,14.336000196635723,4,4,0,0,40,0,0,40,4.43
638,2,0,1,0,62.463998794555664,4,4,0,0,40,0,0,40,4.43
638,2,0,2,0,8.191999979317188,4,4,0,0,40,0,0,40,4.43
638,2,0,3,0,6.144000217318535,4,4,0,0,40,0,0,40,4.43
638,24,0,0,0,8.191999979317188,4,4,0,1,39,0,0,40,62.749
638,24,0,1,0,75.77600330114365,4,4,0,1,39,0,0,40,62.749
638,24,0,2,0,9.216000325977802,4,4,0,1,39,0,0,40,62.749
638,24,0,3,0,4.095999989658594,4,4,0,1,39,0,0,40,62.749
638,40,0,0,1,14.336000196635723,4,4,0,0,40,0,0,40,2.37
638,40,0,1,1,76.80000364780426,4,4,0,0,40,0,0,40,2.37
638,40,0,2,1,9.216000325977802,4,4,0,0,40,0,0,40,2.37
638,40,0,3,1,4.095999989658594,4,4,0,0,40,0,0,40,2.37
639,2,0,0,0,14.336000196635723,4,4,0,0,40,0,0,40,5.68
639,2,0,1,0,72.7040022611618,4,4,0,0,40,0,0,40,5.68
639,2,0,2,0,9.216000325977802,4,4,0,0,40,0,0,40,5.68
639,2,0,3,0,6.144000217318535,4,4,0,0,40,0,0,40,5.68
639,24,0,0,0,8.191999979317188,4,4,0,0,40,0,0,40,3.209
639,24,0,1,0,87.0399996638298,4,4,0,0,40,0,0,40,3.209
639,24,0,2,0,8.191999979317188,4,4,0,0,40,0,0,40,3.209
639,24,0,3,0,4.095999989658594,4,4,0,0,40,0,0,40,3.209
639,40,0,0,1,14.336000196635723,4,4,0,2,38,0,0,40,238.948
639,40,0,1,1,68.60800087451935,4,4,0,2,38,0,0,40,238.948
639,40,0,2,1,9.216000325977802,4,4,0,2,38,0,0,40,238.948
639,40,0,3,1,143.36000382900238,4,4,0,2,38,0,0,40,238.948
640,2,0,0,0,8.191999979317188,4,4,0,1,39,0,0,40,75.23
640,2,0,1,0,83.96799862384796,4,4,0,1,39,0,0,40,75.23
640,2,0,2,0,8.191999979317188,4,4,0,1,39,0,0,40,75.23
640,2,0,3,0,6.144000217318535,4,4,0,1,39,0,0,40,75.23
640,24,0,0,0,8.191999979317188,4,4,0,0,40,0,0,40,4.231
640,24,0,1,0,76.80000364780426,4,4,0,0,40,0,0,40,4.231
640,24,0,2,0,9.216000325977802,4,4,0,0,40,0,0,40,4.231
640,24,0,3,0,4.095999989658594,4,4,0,0,40,0,0,40,4.231
640,40,0,0,1,8.191999979317188,4,4,0,2,38,0,0,40,84.31
640,40,0,1,1,79.8719972372055,4,4,0,2,38,0,0,40,84.31
640,40,0,2,1,8.191999979317188,4,4,0,2,38,0,0,40,84.31
640,40,0,3,1,4.095999989658594,4,4,0,2,38,0,0,40,84.31
641,2,0,0,0,14.336000196635723,4,4,0,0,40,0,0,40,2.68
641,2,0,1,0,75.77600330114365,4,4,0,0,40,0,0,40,2.68
641,2,0,2,0,9.216000325977802,4,4,0,0,40,0,0,40,2.68
641,2,0,3,0,5.119999870657921,4,4,0,0,40,0,0,40,2.68
641,24,0,0,0,14.336000196635723,4,4,0,1,39,0,0,40,62.97
641,24,0,1,0,84.99199897050858,4,4,0,1,39,0,0,40,62.97
641,24,0,2,0,9.216000325977802,4,4,0,1,39,0,0,40,62.97
641,24,0,3,0,4.095999989658594,4,4,0,1,39,0,0,40,62.97
641,40,0,0,1,9.216000325977802,4,4,0,2,38,0,0,40,241.728
641,40,0,1,1,92.16000139713287,4,4,0,2,38,0,0,40,241.728
641,40,0,2,1,9.216000325977802,4,4,0,2,38,0,0,40,241.728
641,40,0,3,1,126.97599828243256,4,4,0,2,38,0,0,40,241.728
642,2,0,0,0,13.311999849975109,4,4,0,0,40,0,0,40,4.869
642,2,0,1,0,94.2080020904541,4,4,0,0,40,0,0,40,4.869
642,2,0,2,0,8.191999979317188,4,4,0,0,40,0,0,40,4.869
642,2,0,3,0,8.191999979317188,4,4,0,0,40,0,0,40,4.869
642,24,0,0,0,8.191999979317188,4,4,0,0,40,0,0,40,4.46
642,24,0,1,0,77.82399654388428,4,4,0,0,40,0,0,40,4.46
642,24,0,2,0,8.191999979317188,4,4,0,0,40,0,0,40,4.46
642,24,0,3,0,4.095999989658594,4,4,0,0,40,0,0,40,4.46
642,40,0,0,1,14.336000196635723,4,4,0,0,40,0,0,40,2.911
642,40,0,1,1,80.89599758386612,4,4,0,0,40,0,0,40,2.911
642,40,0,2,1,9.216000325977802,4,4,0,0,40,0,0,40,2.911
642,40,0,3,1,4.095999989658594,4,4,0,0,40,0,0,40,2.911
643,2,0,0,0,15.359999611973763,4,4,0,0,40,0,0,40,4.77
643,2,0,1,0,69.63200122117996,4,4,0,0,40,0,0,40,4.77
643,2,0,2,0,9.216000325977802,4,4,0,0,40,0,0,40,4.77
643,2,0,3,0,7.168000098317862,4,4,0,0,40,0,0,40,4.77
643,24,0,0,0,8.191999979317188,4,4,0,0,40,0,0,40,2.93
643,24,0,1,0,75.77600330114365,4,4,0,0,40,0,0,40,2.93
643,24,0,2,0,8.191999979317188,4,4,0,0,40,0,0,40,2.93
643,24,0,3,0,4.095999989658594,4,4,0,0,40,0,0,40,2.93
643,40,0,0,1,8.191999979317188,4,4,0,0,40,0,0,40,3.1
643,40,0,1,1,84.99199897050858,4,4,0,0,40,0,0,40,3.1
643,40,0,2,1,8.191999979317188,4,4,0,0,40,0,0,40,3.1
643,40,0,3,1,4.095999989658594,4,4,0,0,40,0,0,40,3.1
644,2,0,0,0,15.359999611973763,4,4,0,2,38,0,0,40,123.18
644,2,0,1,0,84.99199897050858,4,4,0,2,38,0,0,40,123.18
644,2,0,2,0,10.239999741315842,4,4,0,2,38,0,0,40,123.18
644,2,0,3,0,17.40800030529499,4,4,0,2,38,0,0,40,123.18
644,24,0,0,0,8.191999979317188,4,4,0,0,40,0,0,40,2.33
644,24,0,1,0,65.5359998345375,4,4,0,0,40,0,0,40,2.33
644,24,0,2,0,9.216000325977802,4,4,0,0,40,0,0,40,2.33
644,24,0,3,0,4.095999989658594,4,4,0,0,40,0,0,40,2.33
644,40,0,0,1,14.336000196635723,4,4,0,0,40,0,0,40,2.23
644,40,0,1,1,77.82399654388428,4,4,0,0,40,0,0,40,2.23
644,40,0,2,1,9.216000325977802,4,4,0,0,40,0,0,40,2.23
644,40,0,3,1,4.095999989658594,4,4,0,0,40,0,0,40,2.23
645,2,0,0,0,13.311999849975109,4,4,0,0,40,0,0,40,2.45
645,2,0,1,0,75.77600330114365,4,4,0,0,40,0,0,40,2.45
645,2,0,2,0,9.216000325977802,4,4,0,0,40,0,0,40,2.45
645,2,0,3,0,5.119999870657921,4,4,0,0,40,0,0,40,2.45
645,24,0,0,0,9.216000325977802,4,4,0,1,39,0,0,40,67.649
645,24,0,1,0,77.82399654388428,4,4,0,1,39,0,0,40,67.649
645,24,0,2,0,9.216000325977802,4,4,0,1,39,0,0,40,67.649
645,24,0,3,0,4.095999989658594,4,4,0,1,39,0,0,40,67.649
645,40,0,0,1,14.336000196635723,4,4,0,0,40,0,0,40,3.16
645,40,0,1,1,84.99199897050858,4,4,0,0,40,0,0,40,3.16
645,40,0,2,1,9.216000325977802,4,4,0,0,40,0,0,40,3.16
645,40,0,3,1,5.119999870657921,4,4,0,0,40,0,0,40,3.16
646,2,0,0,0,14.336000196635723,4,4,0,0,40,0,0,40,5.0
646,2,0,1,0,88.06400001049042,4,4,0,0,40,0,0,40,5.0
646,2,0,2,0,8.191999979317188,4,4,0,0,40,0,0,40,5.0
646,2,0,3,0,5.119999870657921,4,4,0,0,40,0,0,40,5.0
646,24,0,0,0,7.168000098317862,4,4,0,0,40,0,0,40,3.4
646,24,0,1,0,89.08800035715103,4,4,0,0,40,0,0,40,3.4
646,24,0,2,0,9.216000325977802,4,4,0,0,40,0,0,40,3.4
646,24,0,3,0,4.095999989658594,4,4,0,0,40,0,0,40,3.4
646,40,0,0,1,1316.864013671875,4,4,0,0,40,0,0,40,5.84
646,40,0,1,1,89.08800035715103,4,4,0,0,40,0,0,40,5.84
646,40,0,2,1,9.216000325977802,4,4,0,0,40,0,0,40,5.84
646,40,0,3,1,4.095999989658594,4,4,0,0,40,0,0,40,5.84
647,2,0,0,0,15.359999611973763,4,4,0,0,40,0,0,40,4.98
647,2,0,1,0,91.13600105047226,4,4,0,0,40,0,0,40,4.98
647,2,0,2,0,8.191999979317188,4,4,0,0,40,0,0,40,4.98
647,2,0,3,0,6.144000217318535,4,4,0,0,40,0,0,40,4.98
647,24,0,0,0,7.168000098317862,4,4,0,0,40,0,0,40,4.82
647,24,0,1,0,78.84799689054489,4,4,0,0,40,0,0,40,4.82
647,24,0,2,0,9.216000325977802,4,4,0,0,40,0,0,40,4.82
647,24,0,3,0,4.095999989658594,4,4,0,0,40,0,0,40,4.82
647,40,0,0,1,14.336000196635723,4,4,0,0,40,0,0,40,2.671
647,40,0,1,1,73.72800260782242,4,4,0,0,40,0,0,40,2.671
647,40,0,2,1,9.216000325977802,4,4,0,0,40,0,0,40,2.671
647,40,0,3,1,4.095999989658594,4,4,0,0,40,0,0,40,2.671
648,2,0,0,0,14.336000196635723,4,4,0,0,40,0,0,40,2.73
648,2,0,1,0,84.99199897050858,4,4,0,0,40,0,0,40,2.73
648,2,0,2,0,8.191999979317188,4,4,0,0,40,0,0,40,2.73
648,2,0,3,0,4.095999989658594,4,4,0,0,40,0,0,40,2.73
648,24,0,0,0,8.191999979317188,4,4,0,0,40,0,0,40,4.531
648,24,0,1,0,93.18400174379349,4,4,0,0,40,0,0,40,4.531
648,24,0,2,0,9.216000325977802,4,4,0,0,40,0,0,40,4.531
648,24,0,3,0,4.095999989658594,4,4,0,0,40,0,0,40,4.531
648,40,0,0,1,8.191999979317188,4,4,0,2,38,0,0,40,174.289
648,40,0,1,1,94.2080020904541,4,4,0,2,38,0,0,40,174.289
648,40,0,2,1,8.191999979317188,4,4,0,2,38,0,0,40,174.289
648,40,0,3,1,58.36800113320351,4,4,0,2,38,0,0,40,174.289
649,2,0,0,0,15.359999611973763,4,4,0,1,39,0,0,40,66.429
649,2,0,1,0,76.80000364780426,4,4,0,1,39,0,0,40,66.429
649,2,0,2,0,9.216000325977802,4,4,0,1,39,0,0,40,66.429
649,2,0,3,0,6.144000217318535,4,4,0,1,39,0,0,40,66.429
649,24,0,0,0,8.191999979317188,4,4,0,0,40,0,0,40,5.05
649,24,0,1,0,86.01599931716919,4,4,0,0,40,0,0,40,5.05
649,24,0,2,0,9.216000325977802,4,4,0,0,40,0,0,40,5.05
649,24,0,3,0,5.119999870657921,4,4,0,0,40,0,0,40,5.05
649,40,0,0,1,9.216000325977802,4,4,0,1,39,0,0,40,108.23
649,40,0,1,1,72.7040022611618,4,4,0,1,39,0,0,40,108.23
649,40,0,2,1,9.216000325977802,4,4,0,1,39,0,0,40,108.23
649,40,0,3,1,12.28800043463707,4,4,0,1,39,0,0,40,108.23
650,2,0,0,0,14.336000196635723,4,4,0,0,40,0,0,40,2.84
650,2,0,1,0,86.01599931716919,4,4,0,0,40,0,0,40,2.84
650,2,0,2,0,8.191999979317188,4,4,0,0,40,0,0,40,2.84
650,2,0,3,0,6.144000217318535,4,4,0,0,40,0,0,40,2.84
650,24,0,0,0,8.191999979317188,4,4,0,0,40,0,0,40,2.491
650,24,0,1,0,80.89599758386612,4,4,0,0,40,0,0,40,2.491
650,24,0,2,0,9.216000325977802,4,4,0,0,40,0,0,40,2.491
650,24,0,3,0,4.095999989658594,4,4,0,0,40,0,0,40,2.491
650,40,0,0,1,15.359999611973763,4,4,0,0,40,0,0,40,3.01
650,40,0,1,1,96.25600278377533,4,4,0,0,40,0,0,40,3.01
650,40,0,2,1,9.216000325977802,4,4,0,0,40,0,0,40,3.01
650,40,0,3,1,4.095999989658594,4,4,0,0,40,0,0,40,3.01
651,2,0,0,0,16.383999958634377,4,4,0,0,40,0,0,40,3.01
651,2,0,1,0,89.08800035715103,4,4,0,0,40,0,0,40,3.01
651,2,0,2,0,9.216000325977802,4,4,0,0,40,0,0,40,3.01
651,2,0,3,0,5.119999870657921,4,4,0,0,40,0,0,40,3.01
651,24,0,0,0,8.191999979317188,4,4,0,0,40,0,0,40,2.34
651,24,0,1,0,77.82399654388428,4,4,0,0,40,0,0,40,2.34
651,24,0,2,0,9.216000325977802,4,4,0,0,40,0,0,40,2.34
651,24,0,3,0,4.095999989658594,4,4,0,0,40,0,0,40,2.34
651,40,0,0,1,7.168000098317862,4,4,0,0,40,0,0,40,2.149
651,40,0,1,1,94.2080020904541,4,4,0,0,40,0,0,40,2.149
651,40,0,2,1,9.216000325977802,4,4,0,0,40,0,0,40,2.149
651,40,0,3,1,4.095999989658594,4,4,0,0,40,0,0,40,2.149
652,2,0,0,0,10.239999741315842,4,4,0,0,40,0,0,40,2.61
652,2,0,1,0,64.51199948787689,4,4,0,0,40,0,0,40,2.61
652,2,0,2,0,9.216000325977802,4,4,0,0,40,0,0,40,2.61
652,2,0,3,0,5.119999870657921,4,4,0,0,40,0,0,40,2.61
652,24,0,0,0,7.168000098317862,4,4,0,1,39,0,0,40,71.3
652,24,0,1,0,83.96799862384796,4,4,0,1,39,0,0,40,71.3
652,24,0,2,0,8.191999979317188,4,4,0,1,39,0,0,40,71.3
652,24,0,3,0,4.095999989658594,4,4,0,1,39,0,0,40,71.3
652,40,0,0,1,9.216000325977802,4,4,0,3,37,0,0,40,319.288
652,40,0,1,1,82.94399827718735,4,4,0,3,37,0,0,40,319.288
652,40,0,2,1,9.216000325977802,4,4,0,3,37,0,0,40,319.288
652,40,0,3,1,215.03999829292297,4,4,0,3,37,0,0,40,319.288
653,2,0,0,0,14.336000196635723,4,4,0,0,40,0,0,40,2.54
653,2,0,1,0,71.68000191450119,4,4,0,0,40,0,0,40,2.54
653,2,0,2,0,9.216000325977802,4,4,0,0,40,0,0,40,2.54
653,2,0,3,0,5.119999870657921,4,4,0,0,40,0,0,40,2.54
653,24,0,0,0,7.168000098317862,4,4,0,1,39,0,0,40,67.45
653,24,0,1,0,82.94399827718735,4,4,0,1,39,0,0,40,67.45
653,24,0,2,0,9.216000325977802,4,4,0,1,39,0,0,40,67.45
653,24,0,3,0,4.095999989658594,4,4,0,1,39,0,0,40,67.45
653,40,0,0,1,8.191999979317188,4,4,0,1,39,0,0,40,81.48
653,40,0,1,1,68.60800087451935,4,4,0,1,39,0,0,40,81.48
653,40,0,2,1,9.216000325977802,4,4,0,1,39,0,0,40,81.48
653,40,0,3,1,5.119999870657921,4,4,0,1,39,0,0,40,81.48
654,2,0,0,0,15.359999611973763,4,4,0,1,39,0,0,40,81.999
654,2,0,1,0,88.06400001049042,4,4,0,1,39,0,0,40,81.999
654,2,0,2,0,9.216000325977802,4,4,0,1,39,0,0,40,81.999
654,2,0,3,0,5.119999870657921,4,4,0,1,39,0,0,40,81.999
654,24,0,0,0,8.191999979317188,4,4,0,0,40,0,0,40,2.72
654,24,0,1,0,84.99199897050858,4,4,0,0,40,0,0,40,2.72
654,24,0,2,0,9.216000325977802,4,4,0,0,40,0,0,40,2.72
654,24,0,3,0,4.095999989658594,4,4,0,0,40,0,0,40,2.72
654,40,0,0,1,8.191999979317188,4,4,0,0,40,0,0,40,2.62
654,40,0,1,1,59.39200147986412,4,4,0,0,40,0,0,40,2.62
654,40,0,2,1,9.216000325977802,4,4,0,0,40,0,0,40,2.62
654,40,0,3,1,4.095999989658594,4,4,0,0,40,0,0,40,2.62
655,2,0,0,0,13.311999849975109,4,4,0,0,40,0,0,40,2.54
655,2,0,1,0,83.96799862384796,4,4,0,0,40,0,0,40,2.54
655,2,0,2,0,9.216000325977802,4,4,0,0,40,0,0,40,2.54
655,2,0,3,0,5.119999870657921,4,4,0,0,40,0,0,40,2.54
655,24,0,0,0,8.191999979317188,4,4,0,0,40,0,0,40,4.51
655,24,0,1,0,93.18400174379349,4,4,0,0,40,0,0,40,4.51
655,24,0,2,0,9.216000325977802,4,4,0,0,40,0,0,40,4.51
655,24,0,3,0,3.0720001086592674,4,4,0,0,40,0,0,40,4.51
655,40,0,0,1,8.191999979317188,4,4,0,1,39,0,0,40,92.899
655,40,0,1,1,77.82399654388428,4,4,0,1,39,0,0,40,92.899
655,40,0,2,1,9.216000325977802,4,4,0,1,39,0,0,40,92.899
655,40,0,3,1,4.095999989658594,4,4,0,1,39,0,0,40,92.899
656,2,0,0,0,13.311999849975109,4,4,0,0,40,0,0,40,4.99
656,2,0,1,0,87.0399996638298,4,4,0,0,40,0,0,40,4.99
656,2,0,2,0,9.216000325977802,4,4,0,0,40,0,0,40,4.99
656,2,0,3,0,5.119999870657921,4,4,0,0,40,0,0,40,4.99
656,24,0,0,0,8.191999979317188,4,4,0,0,40,0,0,40,2.26
656,24,0,1,0,67.58400052785873,4,4,0,0,40,0,0,40,2.26
656,24,0,2,0,9.216000325977802,4,4,0,0,40,0,0,40,2.26
656,24,0,3,0,4.095999989658594,4,4,0,0,40,0,0,40,2.26
656,40,0,0,1,8.191999979317188,4,4,0,0,40,0,0,40,5.56
656,40,0,1,1,77.82399654388428,4,4,0,0,40,0,0,40,5.56
656,40,0,2,1,9.216000325977802,4,4,0,0,40,0,0,40,5.56
656,40,0,3,1,4.095999989658594,4,4,0,0,40,0,0,40,5.56
657,2,0,0,0,9.216000325977802,4,4,0,1,39,0,0,40,66.58
657,2,0,1,0,84.99199897050858,4,4,0,1,39,0,0,40,66.58
657,2,0,2,0,9.216000325977802,4,4,0,1,39,0,0,40,66.58
657,2,0,3,0,5.119999870657921,4,4,0,1,39,0,0,40,66.58
657,24,0,0,0,8.191999979317188,4,4,0,0,40,0,0,40,2.86
657,24,0,1,0,65.5359998345375,4,4,0,0,40,0,0,40,2.86
657,24,0,2,0,9.216000325977802,4,4,0,0,40,0,0,40,2.86
657,24,0,3,0,4.095999989658594,4,4,0,0,40,0,0,40,2.86
657,40,0,0,1,14.336000196635723,4,4,0,0,40,0,0,40,2.92
657,40,0,1,1,65.5359998345375,4,4,0,0,40,0,0,40,2.92
657,40,0,2,1,9.216000325977802,4,4,0,0,40,0,0,40,2.92
657,40,0,3,1,5.119999870657921,4,4,0,0,40,0,0,40,2.92
658,2,0,0,0,15.359999611973763,4,4,0,0,40,0,0,40,3.23
658,2,0,1,0,82.94399827718735,4,4,0,0,40,0,0,40,3.23
658,2,0,2,0,9.216000325977802,4,4,0,0,40,0,0,40,3.23
658,2,0,3,0,6.144000217318535,4,4,0,0,40,0,0,40,3.23
658,24,0,0,0,8.191999979317188,4,4,0,0,40,0,0,40,5.26
658,24,0,1,0,65.5359998345375,4,4,0,0,40,0,0,40,5.26
658,24,0,2,0,10.239999741315842,4,4,0,0,40,0,0,40,5.26
658,24,0,3,0,4.095999989658594,4,4,0,0,40,0,0,40,5.26
658,40,0,0,1,10.239999741315842,4,4,0,0,40,0,0,40,3.589
658,40,0,1,1,75.77600330114365,4,4,0,0,40,0,0,40,3.589
658,40,0,2,1,9.216000325977802,4,4,0,0,40,0,0,40,3.589
658,40,0,3,1,4.095999989658594,4,4,0,0,40,0,0,40,3.589
659,2,0,0,0,9.216000325977802,4,4,0,1,39,0,0,40,73.82
659,2,0,1,0,91.13600105047226,4,4,0,1,39,0,0,40,73.82
659,2,0,2,0,8.191999979317188,4,4,0,1,39,0,0,40,73.82
659,2,0,3,0,5.119999870657921,4,4,0,1,39,0,0,40,73.82
659,24,0,0,0,8.191999979317188,4,4,0,0,40,0,0,40,6.08
659,24,0,1,0,77.82399654388428,4,4,0,0,40,0,0,40,6.08
659,24,0,2,0,9.216000325977802,4,4,0,0,40,0,0,40,6.08
659,24,0,3,0,4.095999989658594,4,4,0,0,40,0,0,40,6.08
659,40,0,0,1,9.216000325977802,4,4,0,1,39,0,0,40,92.939
659,40,0,1,1,87.0399996638298,4,4,0,1,39,0,0,40,92.939
659,40,0,2,1,9.216000325977802,4,4,0,1,39,0,0,40,92.939
659,40,0,3,1,4.095999989658594,4,4,0,1,39,0,0,40,92.939
660,2,0,0,0,15.359999611973763,4,4,0,1,39,0,0,40,76.17
660,2,0,1,0,91.13600105047226,4,4,0,1,39,0,0,40,76.17
660,2,0,2,0,9.216000325977802,4,4,0,1,39,0,0,40,76.17
660,2,0,3,0,5.119999870657921,4,4,0,1,39,0,0,40,76.17
660,24,0,0,0,8.191999979317188,4,4,0,1,39,0,0,40,69.08
660,24,0,1,0,89.08800035715103,4,4,0,1,39,0,0,40,69.08
660,24,0,2,0,9.216000325977802,4,4,0,1,39,0,0,40,69.08
660,24,0,3,0,4.095999989658594,4,4,0,1,39,0,0,40,69.08
660,40,0,0,1,14.336000196635723,4,4,0,2,38,0,0,40,127.739
660,40,0,1,1,89.08800035715103,4,4,0,2,38,0,0,40,127.739
660,40,0,2,1,9.216000325977802,4,4,0,2,38,0,0,40,127.739
660,40,0,3,1,9.216000325977802,4,4,0,2,38,0,0,40,127.739
661,2,0,0,0,9.216000325977802,4,4,0,1,39,0,0,40,63.39
661,2,0,1,0,92.16000139713287,4,4,0,1,39,0,0,40,63.39
661,2,0,2,0,9.216000325977802,4,4,0,1,39,0,0,40,63.39
661,2,0,3,0,5.119999870657921,4,4,0,1,39,0,0,40,63.39
661,24,0,0,0,8.191999979317188,4,4,0,0,40,0,0,40,4.949
661,24,0,1,0,69.63200122117996,4,4,0,0,40,0,0,40,4.949
661,24,0,2,0,9.216000325977802,4,4,0,0,40,0,0,40,4.949
661,24,0,3,0,4.095999989658594,4,4,0,0,40,0,0,40,4.949
661,40,0,0,1,13.311999849975109,4,4,0,0,40,0,0,40,2.68
661,40,0,1,1,73.72800260782242,4,4,0,0,40,0,0,40,2.68
661,40,0,2,1,9.216000325977802,4,4,0,0,40,0,0,40,2.68
661,40,0,3,1,4.095999989658594,4,4,0,0,40,0,0,40,2.68
662,2,0,0,0,14.336000196635723,4,4,0,0,40,0,0,40,3.64
662,2,0,1,0,80.89599758386612,4,4,0,0,40,0,0,40,3.64
662,2,0,2,0,9.216000325977802,4,4,0,0,40,0,0,40,3.64
662,2,0,3,0,6.144000217318535,4,4,0,0,40,0,0,40,3.64
662,24,0,0,0,8.191999979317188,4,4,0,0,40,0,0,40,3.8
662,24,0,1,0,71.68000191450119,4,4,0,0,40,0,0,40,3.8
662,24,0,2,0,9.216000325977802,4,4,0,0,40,0,0,40,3.8
662,24,0,3,0,4.095999989658594,4,4,0,0,40,0,0,40,3.8
662,40,0,0,1,15.359999611973763,4,4,0,0,40,0,0,40,5.77
662,40,0,1,1,64.51199948787689,4,4,0,0,40,0,0,40,5.77
662,40,0,2,1,8.191999979317188,4,4,0,0,40,0,0,40,5.77
662,40,0,3,1,4.095999989658594,4,4,0,0,40,0,0,40,5.77
663,2,0,0,0,15.359999611973763,3,3,0,0,30,0,0,30,2.28
663,2,0,1,0,49.15200173854828,3,3,0,0,30,0,0,30,2.28
663,2,0,2,0,8.191999979317188,3,3,0,0,30,0,0,30,2.28
663,2,0,3,0,6.144000217318535,3,3,0,0,30,0,0,30,2.28
663,24,0,0,0,9.216000325977802,3,3,0,0,30,0,0,30,2.29
663,24,0,1,0,49.15200173854828,3,3,0,0,30,0,0,30,2.29
663,24,0,2,0,9.216000325977802,3,3,0,0,30,0,0,30,2.29
663,24,0,3,0,4.095999989658594,3,3,0,0,30,0,0,30,2.29
663,40,0,0,1,15.359999611973763,3,3,0,0,30,0,0,30,2.2
663,40,0,1,1,68.60800087451935,3,3,0,0,30,0,0,30,2.2
663,40,0,2,1,9.216000325977802,3,3,0,0,30,0,0,30,2.2
663,40,0,3,1,4.095999989658594,3,3,0,0,30,0,0,30,2.2
664,2,0,0,0,9.216000325977802,4,4,0,0,40,0,0,40,3.54
664,2,0,1,0,80.89599758386612,4,4,0,0,40,0,0,40,3.54
664,2,0,2,0,8.191999979317188,4,4,0,0,40,0,0,40,3.54
664,2,0,3,0,5.119999870657921,4,4,0,0,40,0,0,40,3.54
664,24,0,0,0,8.191999979317188,4,4,0,0,40,0,0,40,3.529
664,24,0,1,0,62.463998794555664,4,4,0,0,40,0,0,40,3.529
664,24,0,2,0,9.216000325977802,4,4,0,0,40,0,0,40,3.529
664,24,0,3,0,4.095999989658594,4,4,0,0,40,0,0,40,3.529
664,40,0,0,1,15.359999611973763,4,4,0,0,40,0,0,40,2.85
664,40,0,1,1,64.51199948787689,4,4,0,0,40,0,0,40,2.85
664,40,0,2,1,9.216000325977802,4,4,0,0,40,0,0,40,2.85
664,40,0,3,1,4.095999989658594,4,4,0,0,40,0,0,40,2.85
665,2,0,0,0,16.383999958634377,3,3,0,0,30,0,0,30,3.75
665,2,0,1,0,55.296000093221664,3,3,0,0,30,0,0,30,3.75
665,2,0,2,0,9.216000325977802,3,3,0,0,30,0,0,30,3.75
665,2,0,3,0,6.144000217318535,3,3,0,0,30,0,0,30,3.75
665,24,0,0,0,8.191999979317188,3,3,0,0,30,0,0,30,2.211
665,24,0,1,0,51.19999870657921,3,3,0,0,30,0,0,30,2.211
665,24,0,2,0,9.216000325977802,3,3,0,0,30,0,0,30,2.211
665,24,0,3,0,4.095999989658594,3,3,0,0,30,0,0,30,2.211
665,40,0,0,1,8.191999979317188,3,3,0,0,30,0,0,30,3.99
665,40,0,1,1,48.128001391887665,3,3,0,0,30,0,0,30,3.99
665,40,0,2,1,9.216000325977802,3,3,0,0,30,0,0,30,3.99
665,40,0,3,1,4.095999989658594,3,3,0,0,30,0,0,30,3.99
666,2,0,0,0,15.359999611973763,3,3,0,0,30,0,0,30,2.62
666,2,0,1,0,65.5359998345375,3,3,0,0,30,0,0,30,2.62
666,2,0,2,0,8.191999979317188,3,3,0,0,30,0,0,30,2.62
666,2,0,3,0,5.119999870657921,3,3,0,0,30,0,0,30,2.62
666,24,0,0,0,8.191999979317188,3,3,0,0,30,0,0,30,4.4
666,24,0,1,0,63.48799914121628,3,3,0,0,30,0,0,30,4.4
666,24,0,2,0,8.191999979317188,3,3,0,0,30,0,0,30,4.4
666,24,0,3,0,3.0720001086592674,3,3,0,0,30,0,0,30,4.4
666,40,0,0,1,9.216000325977802,3,3,0,1,29,0,0,30,75.2
666,40,0,1,1,59.39200147986412,3,3,0,1,29,0,0,30,75.2
666,40,0,2,1,9.216000325977802,3,3,0,1,29,0,0,30,75.2
666,40,0,3,1,4.095999989658594,3,3,0,1,29,0,0,30,75.2
667,2,0,0,0,15.359999611973763,2,2,0,0,20,0,0,20,1.57
667,2,0,1,0,50.175998359918594,2,2,0,0,20,0,0,20,1.57
667,2,0,2,0,9.216000325977802,2,2,0,0,20,0,0,20,1.57
667,2,0,3,0,4.095999989658594,2,2,0,0,20,0,0,20,1.57
667,24,0,0,0,8.191999979317188,2,2,0,0,20,0,0,20,1.591
667,24,0,1,0,44.03200000524521,2,2,0,0,20,0,0,20,1.591
667,24,0,2,0,9.216000325977802,2,2,0,0,20,0,0,20,1.591
667,24,0,3,0,4.095999989658594,2,2,0,0,20,0,0,20,1.591
667,40,0,0,1,8.191999979317188,2,2,0,0,20,0,0,20,1.5
667,40,0,1,1,37.88800165057182,2,2,0,0,20,0,0,20,1.5
667,40,0,2,1,9.216000325977802,2,2,0,0,20,0,0,20,1.5
667,40,0,3,1,4.095999989658594,2,2,0,0,20,0,0,20,1.5
668,2,0,0,0,14.336000196635723,4,4,0,0,40,0,0,40,2.969
668,2,0,1,0,63.48799914121628,4,4,0,0,40,0,0,40,2.969
668,2,0,2,0,9.216000325977802,4,4,0,0,40,0,0,40,2.969
668,2,0,3,0,5.119999870657921,4,4,0,0,40,0,0,40,2.969
668,24,0,0,0,8.191999979317188,4,4,0,1,39,0,0,40,70.149
668,24,0,1,0,61.43999844789505,4,4,0,1,39,0,0,40,70.149
668,24,0,2,0,9.216000325977802,4,4,0,1,39,0,0,40,70.149
668,24,0,3,0,4.095999989658594,4,4,0,1,39,0,0,40,70.149
668,40,0,0,1,14.336000196635723,4,4,0,0,40,0,0,40,5.04
668,40,0,1,1,73.72800260782242,4,4,0,0,40,0,0,40,5.04
668,40,0,2,1,9.216000325977802,4,4,0,0,40,0,0,40,5.04
668,40,0,3,1,4.095999989658594,4,4,0,0,40,0,0,40,5.04
669,2,0,0,0,13.311999849975109,4,4,0,0,40,0,0,40,4.84
669,2,0,1,0,71.68000191450119,4,4,0,0,40,0,0,40,4.84
669,2,0,2,0,9.216000325977802,4,4,0,0,40,0,0,40,4.84
669,2,0,3,0,1190.9120082855225,4,4,0,0,40,0,0,40,4.84
669,24,0,0,0,9.216000325977802,4,4,0,0,40,0,0,40,5.929
669,24,0,1,0,68.60800087451935,4,4,0,0,40,0,0,40,5.929
669,24,0,2,0,9.216000325977802,4,4,0,0,40,0,0,40,5.929
669,24,0,3,0,4.095999989658594,4,4,0,0,40,0,0,40,5.929
669,40,0,0,1,8.191999979317188,4,4,0,0,40,0,0,40,2.731
669,40,0,1,1,58.36800113320351,4,4,0,0,40,0,0,40,2.731
669,40,0,2,1,9.216000325977802,4,4,0,0,40,0,0,40,2.731
669,40,0,3,1,4.095999989658594,4,4,0,0,40,0,0,40,2.731
670,2,0,0,0,8.191999979317188,4,4,0,1,39,0,0,40,73.51
670,2,0,1,0,67.58400052785873,4,4,0,1,39,0,0,40,73.51
670,2,0,2,0,8.191999979317188,4,4,0,1,39,0,0,40,73.51
670,2,0,3,0,5.119999870657921,4,4,0,1,39,0,0,40,73.51
670,24,0,0,0,7.168000098317862,4,4,0,2,38,0,0,40,70.87
670,24,0,1,0,62.463998794555664,4,4,0,2,38,0,0,40,70.87
670,24,0,2,0,9.216000325977802,4,4,0,2,38,0,0,40,70.87
670,24,0,3,0,4.095999989658594,4,4,0,2,38,0,0,40,70.87
670,40,0,0,1,14.336000196635723,4,4,0,0,40,0,0,40,5.589
670,40,0,1,1,73.72800260782242,4,4,0,0,40,0,0,40,5.589
670,40,0,2,1,8.191999979317188,4,4,0,0,40,0,0,40,5.589
670,40,0,3,1,5.119999870657921,4,4,0,0,40,0,0,40,5.589
671,2,0,0,0,15.359999611973763,4,4,0,0,40,0,0,40,5.72
671,2,0,1,0,79.8719972372055,4,4,0,0,40,0,0,40,5.72
671,2,0,2,0,8.191999979317188,4,4,0,0,40,0,0,40,5.72
671,2,0,3,0,5.119999870657921,4,4,0,0,40,0,0,40,5.72
671,24,0,0,0,8.191999979317188,4,4,0,0,40,0,0,40,2.51
671,24,0,1,0,55.296000093221664,4,4,0,0,40,0,0,40,2.51
671,24,0,2,0,9.216000325977802,4,4,0,0,40,0,0,40,2.51
671,24,0,3,0,4.095999989658594,4,4,0,0,40,0,0,40,2.51
671,40,0,0,1,8.191999979317188,4,4,0,1,39,0,0,40,64.0
671,40,0,1,1,74.75200295448303,4,4,0,1,39,0,0,40,64.0
671,40,0,2,1,9.216000325977802,4,4,0,1,39,0,0,40,64.0
671,40,0,3,1,4.095999989658594,4,4,0,1,39,0,0,40,64.0
672,2,0,0,0,10.239999741315842,4,4,0,0,40,0,0,40,4.37
672,2,0,1,0,75.77600330114365,4,4,0,0,40,0,0,40,4.37
672,2,0,2,0,9.216000325977802,4,4,0,0,40,0,0,40,4.37
672,2,0,3,0,6.144000217318535,4,4,0,0,40,0,0,40,4.37
672,24,0,0,0,8.191999979317188,4,4,0,0,40,0,0,40,4.99
672,24,0,1,0,67.58400052785873,4,4,0,0,40,0,0,40,4.99
672,24,0,2,0,9.216000325977802,4,4,0,0,40,0,0,40,4.99
672,24,0,3,0,5.119999870657921,4,4,0,0,40,0,0,40,4.99
672,40,0,0,1,14.336000196635723,4,4,0,0,40,0,0,40,5.689
672,40,0,1,1,76.80000364780426,4,4,0,0,40,0,0,40,5.689
672,40,0,2,1,9.216000325977802,4,4,0,0,40,0,0,40,5.689
672,40,0,3,1,4.095999989658594,4,4,0,0,40,0,0,40,5.689
673,2,0,0,0,14.336000196635723,4,4,0,0,40,0,0,40,3.46
673,2,0,1,0,78.84799689054489,4,4,0,0,40,0,0,40,3.46
673,2,0,2,0,9.216000325977802,4,4,0,0,40,0,0,40,3.46
673,2,0,3,0,5.119999870657921,4,4,0,0,40,0,0,40,3.46
673,24,0,0,0,7.168000098317862,4,4,0,0,40,0,0,40,5.26
673,24,0,1,0,77.82399654388428,4,4,0,0,40,0,0,40,5.26
673,24,0,2,0,9.216000325977802,4,4,0,0,40,0,0,40,5.26
673,24,0,3,0,4.095999989658594,4,4,0,0,40,0,0,40,5.26
673,40,0,0,1,14.336000196635723,4,4,0,0,40,0,0,40,2.4
673,40,0,1,1,59.39200147986412,4,4,0,0,40,0,0,40,2.4
673,40,0,2,1,8.191999979317188,4,4,0,0,40,0,0,40,2.4
673,40,0,3,1,4.095999989658594,4,4,0,0,40,0,0,40,2.4
674,2,0,0,0,14.336000196635723,4,4,0,0,40,0,0,40,3.751
674,2,0,1,0,86.01599931716919,4,4,0,0,40,0,0,40,3.751
674,2,0,2,0,9.216000325977802,4,4,0,0,40,0,0,40,3.751
674,2,0,3,0,5.119999870657921,4,4,0,0,40,0,0,40,3.751
674,24,0,0,0,8.191999979317188,4,4,0,0,40,0,0,40,4.64
674,24,0,1,0,70.65600156784058,4,4,0,0,40,0,0,40,4.64
674,24,0,2,0,9.216000325977802,4,4,0,0,40,0,0,40,4.64
674,24,0,3,0,4.095999989658594,4,4,0,0,40,0,0,40,4.64
674,40,0,0,1,8.191999979317188,4,4,0,1,39,0,0,40,97.37
674,40,0,1,1,75.77600330114365,4,4,0,1,39,0,0,40,97.37
674,40,0,2,1,9.216000325977802,4,4,0,1,39,0,0,40,97.37
674,40,0,3,1,5.119999870657921,4,4,0,1,39,0,0,40,97.37
675,2,0,0,0,8.191999979317188,2,2,0,0,20,0,0,20,1.889
675,2,0,1,0,50.175998359918594,2,2,0,0,20,0,0,20,1.889
675,2,0,2,0,9.216000325977802,2,2,0,0,20,0,0,20,1.889
675,2,0,3,0,4.095999989658594,2,2,0,0,20,0,0,20,1.889
675,24,0,0,0,8.191999979317188,2,2,0,0,20,0,0,20,1.551
675,24,0,1,0,59.39200147986412,2,2,0,0,20,0,0,20,1.551
675,24,0,2,0,9.216000325977802,2,2,0,0,20,0,0,20,1.551
675,24,0,3,0,4.095999989658594,2,2,0,0,20,0,0,20,1.551
675,40,0,0,1,9.216000325977802,2,2,0,0,20,0,0,20,2.64
675,40,0,1,1,46.08000069856644,2,2,0,0,20,0,0,20,2.64
675,40,0,2,1,9.216000325977802,2,2,0,0,20,0,0,20,2.64
675,40,0,3,1,4.095999989658594,2,2,0,0,20,0,0,20,2.64
676,2,0,0,0,15.359999611973763,2,2,0,0,20,0,0,20,3.271
676,2,0,1,0,48.128001391887665,2,2,0,0,20,0,0,20,3.271
676,2,0,2,0,8.191999979317188,2,2,0,0,20,0,0,20,3.271
676,2,0,3,0,4.095999989658594,2,2,0,0,20,0,0,20,3.271
676,24,0,0,0,8.191999979317188,2,2,0,0,20,0,0,20,2.72
676,24,0,1,0,45.05600035190582,2,2,0,0,20,0,0,20,2.72
676,24,0,2,0,9.216000325977802,2,2,0,0,20,0,0,20,2.72
676,24,0,3,0,4.095999989658594,2,2,0,0,20,0,0,20,2.72
676,40,0,0,1,8.191999979317188,2,2,0,0,20,0,0,20,0.971
676,40,0,1,1,44.03200000524521,2,2,0,0,20,0,0,20,0.971
676,40,0,2,1,10.239999741315842,2,2,0,0,20,0,0,20,0.971
676,40,0,3,1,4.095999989658594,2,2,0,0,20,0,0,20,0.971
677,2,0,0,0,9.216000325977802,4,4,0,1,39,0,0,40,75.04
677,2,0,1,0,67.58400052785873,4,4,0,1,39,0,0,40,75.04
677,2,0,2,0,8.191999979317188,4,4,0,1,39,0,0,40,75.04
677,2,0,3,0,6.144000217318535,4,4,0,1,39,0,0,40,75.04
677,24,0,0,0,8.191999979317188,4,4,0,0,40,0,0,40,2.56
677,24,0,1,0,64.51199948787689,4,4,0,0,40,0,0,40,2.56
677,24,0,2,0,8.191999979317188,4,4,0,0,40,0,0,40,2.56
677,24,0,3,0,4.095999989658594,4,4,0,0,40,0,0,40,2.56
677,40,0,0,1,15.359999611973763,4,4,0,0,40,0,0,40,4.51
677,40,0,1,1,90.11200070381165,4,4,0,0,40,0,0,40,4.51
677,40,0,2,1,9.216000325977802,4,4,0,0,40,0,0,40,4.51
677,40,0,3,1,4.095999989658594,4,4,0,0,40,0,0,40,4.51
678,2,0,0,0,8.191999979317188,4,4,0,1,39,0,0,40,61.969
678,2,0,1,0,93.18400174379349,4,4,0,1,39,0,0,40,61.969
678,2,0,2,0,9.216000325977802,4,4,0,1,39,0,0,40,61.969
678,2,0,3,0,6.144000217318535,4,4,0,1,39,0,0,40,61.969
678,24,0,0,0,8.191999979317188,4,4,0,0,40,0,0,40,4.77
678,24,0,1,0,64.51199948787689,4,4,0,0,40,0,0,40,4.77
678,24,0,2,0,9.216000325977802,4,4,0,0,40,0,0,40,4.77
678,24,0,3,0,5.119999870657921,4,4,0,0,40,0,0,40,4.77
678,40,0,0,1,8.191999979317188,4,4,0,1,39,0,0,40,70.069
678,40,0,1,1,73.72800260782242,4,4,0,1,39,0,0,40,70.069
678,40,0,2,1,9.216000325977802,4,4,0,1,39,0,0,40,70.069
678,40,0,3,1,4.095999989658594,4,4,0,1,39,0,0,40,70.069
679,2,0,0,0,14.336000196635723,4,4,0,0,40,0,0,40,5.2
679,2,0,1,0,87.0399996638298,4,4,0,0,40,0,0,40,5.2
679,2,0,2,0,8.191999979317188,4,4,0,0,40,0,0,40,5.2
679,2,0,3,0,7.168000098317862,4,4,0,0,40,0,0,40,5.2
679,24,0,0,0,2828.2880783081055,4,4,0,0,40,0,0,40,2.849
679,24,0,1,0,68.60800087451935,4,4,0,0,40,0,0,40,2.849
679,24,0,2,0,9.216000325977802,4,4,0,0,40,0,0,40,2.849
679,24,0,3,0,4.095999989658594,4,4,0,0,40,0,0,40,2.849
679,40,0,0,1,14.336000196635723,4,4,0,0,40,0,0,40,2.22
679,40,0,1,1,71.68000191450119,4,4,0,0,40,0,0,40,2.22
679,40,0,2,1,8.191999979317188,4,4,0,0,40,0,0,40,2.22
679,40,0,3,1,4.095999989658594,4,4,0,0,40,0,0,40,2.22
680,2,0,0,0,8.191999979317188,4,4,0,3,37,0,0,40,121.82
680,2,0,1,0,84.99199897050858,4,4,0,3,37,0,0,40,121.82
680,2,0,2,0,10.239999741315842,4,4,0,3,37,0,0,40,121.82
680,2,0,3,0,14.336000196635723,4,4,0,3,37,0,0,40,121.82
680,24,0,0,0,988.1600141525269,4,4,0,1,39,0,0,40,67.489
680,24,0,1,0,88.06400001049042,4,4,0,1,39,0,0,40,67.489
680,24,0,2,0,9.216000325977802,4,4,0,1,39,0,0,40,67.489
680,24,0,3,0,4.095999989658594,4,4,0,1,39,0,0,40,67.489
680,40,0,0,1,8.191999979317188,4,4,0,1,39,0,0,40,71.58
680,40,0,1,1,92.16000139713287,4,4,0,1,39,0,0,40,71.58
680,40,0,2,1,8.191999979317188,4,4,0,1,39,0,0,40,71.58
680,40,0,3,1,4.095999989658594,4,4,0,1,39,0,0,40,71.58
681,2,0,0,0,1902.5919437408447,4,4,0,1,39,0,0,40,60.54
681,2,0,1,0,84.99199897050858,4,4,0,1,39,0,0,40,60.54
681,2,0,2,0,9.216000325977802,4,4,0,1,39,0,0,40,60.54
681,2,0,3,0,5.119999870657921,4,4,0,1,39,0,0,40,60.54
681,24,0,0,0,8.191999979317188,4,4,0,4,36,0,0,40,150.41
681,24,0,1,0,76.80000364780426,4,4,0,4,36,0,0,40,150.41
681,24,0,2,0,9.216000325977802,4,4,0,4,36,0,0,40,150.41
681,24,0,3,0,61.43999844789505,4,4,0,4,36,0,0,40,150.41
681,40,0,0,1,8.191999979317188,4,4,0,1,39,0,0,40,199.619
681,40,0,1,1,98.30400347709656,4,4,0,1,39,0,0,40,199.619
681,40,0,2,1,9.216000325977802,4,4,0,1,39,0,0,40,199.619
681,40,0,3,1,78.84799689054489,4,4,0,1,39,0,0,40,199.619
682,2,0,0,0,9.216000325977802,4,4,0,2,38,0,0,40,100.35
682,2,0,1,0,89.08800035715103,4,4,0,2,38,0,0,40,100.35
682,2,0,2,0,9.216000325977802,4,4,0,2,38,0,0,40,100.35
682,2,0,3,0,5.119999870657921,4,4,0,2,38,0,0,40,100.35
682,24,0,0,0,8.191999979317188,4,4,0,3,37,0,0,40,133.75
682,24,0,1,0,89.08800035715103,4,4,0,3,37,0,0,40,133.75
682,24,0,2,0,9.216000325977802,4,4,0,3,37,0,0,40,133.75
682,24,0,3,0,22.52800017595291,4,4,0,3,37,0,0,40,133.75
682,40,0,0,1,9.216000325977802,4,4,0,0,40,0,0,40,1.6
682,40,0,1,1,91.13600105047226,4,4,0,0,40,0,0,40,1.6
682,40,0,2,1,9.216000325977802,4,4,0,0,40,0,0,40,1.6
682,40,0,3,1,4.095999989658594,4,4,0,0,40,0,0,40,1.6
683,2,0,0,0,8.191999979317188,4,4,0,3,37,0,0,40,211.68
683,2,0,1,0,87.0399996638298,4,4,0,3,37,0,0,40,211.68
683,2,0,2,0,9.216000325977802,4,4,0,3,37,0,0,40,211.68
683,2,0,3,0,106.49599879980087,4,4,0,3,37,0,0,40,211.68
683,24,0,0,0,7.168000098317862,4,4,0,3,37,0,0,40,426.678
683,24,0,1,0,80.89599758386612,4,4,0,3,37,0,0,40,426.678
683,24,0,2,0,9.216000325977802,4,4,0,3,37,0,0,40,426.678
683,24,0,3,0,324.6079981327057,4,4,0,3,37,0,0,40,426.678
683,40,0,0,1,9.216000325977802,4,4,0,1,39,0,0,40,69.059
683,40,0,1,1,86.01599931716919,4,4,0,1,39,0,0,40,69.059
683,40,0,2,1,9.216000325977802,4,4,0,1,39,0,0,40,69.059
683,40,0,3,1,4.095999989658594,4,4,0,1,39,0,0,40,69.059
684,2,0,0,0,14.336000196635723,4,4,0,1,39,0,0,40,65.249
684,2,0,1,0,92.16000139713287,4,4,0,1,39,0,0,40,65.249
684,2,0,2,0,9.216000325977802,4,4,0,1,39,0,0,40,65.249
684,2,0,3,0,6.144000217318535,4,4,0,1,39,0,0,40,65.249
684,24,0,0,0,2892.8000926971436,4,4,0,1,39,0,0,40,66.971
684,24,0,1,0,70.65600156784058,4,4,0,1,39,0,0,40,66.971
684,24,0,2,0,9.216000325977802,4,4,0,1,39,0,0,40,66.971
684,24,0,3,0,4.095999989658594,4,4,0,1,39,0,0,40,66.971
684,40,0,0,1,8.191999979317188,4,4,0,1,39,0,0,40,67.78
684,40,0,1,1,65.5359998345375,4,4,0,1,39,0,0,40,67.78
684,40,0,2,1,9.216000325977802,4,4,0,1,39,0,0,40,67.78
684,40,0,3,1,4.095999989658594,4,4,0,1,39,0,0,40,67.78
685,2,0,0,0,9.216000325977802,4,4,0,1,39,0,0,40,64.559
685,2,0,1,0,87.0399996638298,4,4,0,1,39,0,0,40,64.559
685,2,0,2,0,8.191999979317188,4,4,0,1,39,0,0,40,64.559
685,2,0,3,0,8.191999979317188,4,4,0,1,39,0,0,40,64.559
685,24,0,0,0,7.168000098317862,4,4,0,0,40,0,0,40,3.07
685,24,0,1,0,78.84799689054489,4,4,0,0,40,0,0,40,3.07
685,24,0,2,0,9.216000325977802,4,4,0,0,40,0,0,40,3.07
685,24,0,3,0,4.095999989658594,4,4,0,0,40,0,0,40,3.07
685,40,0,0,1,15.359999611973763,4,4,0,1,39,0,0,40,282.239
685,40,0,1,1,58.36800113320351,4,4,0,1,39,0,0,40,282.239
685,40,0,2,1,9.216000325977802,4,4,0,1,39,0,0,40,282.239
685,40,0,3,1,195.5839991569519,4,4,0,1,39,0,0,40,282.239
686,2,0,0,0,9.216000325977802,2,2,0,0,20,0,0,20,0.929
686,2,0,1,0,46.08000069856644,2,2,0,0,20,0,0,20,0.929
686,2,0,2,0,8.191999979317188,2,2,0,0,20,0,0,20,0.929
686,2,0,3,0,5.119999870657921,2,2,0,0,20,0,0,20,0.929
686,24,0,0,0,8.191999979317188,2,2,0,0,20,0,0,20,0.77
686,24,0,1,0,48.128001391887665,2,2,0,0,20,0,0,20,0.77
686,24,0,2,0,9.216000325977802,2,2,0,0,20,0,0,20,0.77
686,24,0,3,0,4.095999989658594,2,2,0,0,20,0,0,20,0.77
686,40,0,0,1,8.191999979317188,2,2,0,0,20,0,0,20,0.82
686,40,0,1,1,40.95999896526337,2,2,0,0,20,0,0,20,0.82
686,40,0,2,1,9.216000325977802,2,2,0,0,20,0,0,20,0.82
686,40,0,3,1,4.095999989658594,2,2,0,0,20,0,0,20,0.82
687,2,0,0,0,9.216000325977802,3,3,0,0,30,0,0,30,1.37
687,2,0,1,0,62.463998794555664,3,3,0,0,30,0,0,30,1.37
687,2,0,2,0,9.216000325977802,3,3,0,0,30,0,0,30,1.37
687,2,0,3,0,6.144000217318535,3,3,0,0,30,0,0,30,1.37
687,24,0,0,0,8.191999979317188,3,3,0,2,28,0,0,30,1148.644
687,24,0,1,0,57.34400078654289,3,3,0,2,28,0,0,30,1148.644
687,24,0,2,0,9.216000325977802,3,3,0,2,28,0,0,30,1148.644
687,24,0,3,0,1070.080041885376,3,3,0,2,28,0,0,30,1148.644
687,40,0,0,1,14.336000196635723,3,3,0,0,30,0,0,30,1.18
687,40,0,1,1,70.65600156784058,3,3,0,0,30,0,0,30,1.18
687,40,0,2,1,9.216000325977802,3,3,0,0,30,0,0,30,1.18
687,40,0,3,1,4.095999989658594,3,3,0,0,30,0,0,30,1.18
688,2,0,0,0,126.97599828243256,4,4,0,0,40,0,0,40,2.3
688,2,0,1,0,84.99199897050858,4,4,0,0,40,0,0,40,2.3
688,2,0,2,0,9.216000325977802,4,4,0,0,40,0,0,40,2.3
688,2,0,3,0,5.119999870657921,4,4,0,0,40,0,0,40,2.3
688,24,0,0,0,8.191999979317188,4,4,0,1,39,0,0,40,53.009
688,24,0,1,0,71.68000191450119,4,4,0,1,39,0,0,40,53.009
688,24,0,2,0,8.191999979317188,4,4,0,1,39,0,0,40,53.009
688,24,0,3,0,4.095999989658594,4,4,0,1,39,0,0,40,53.009
688,40,0,0,1,9.216000325977802,4,4,0,2,38,0,0,40,116.11
688,40,0,1,1,94.2080020904541,4,4,0,2,38,0,0,40,116.11
688,40,0,2,1,9.216000325977802,4,4,0,2,38,0,0,40,116.11
688,40,0,3,1,4.095999989658594,4,4,0,2,38,0,0,40,116.11
689,2,0,0,0,8.191999979317188,4,4,0,2,38,0,0,40,87.659
689,2,0,1,0,84.99199897050858,4,4,0,2,38,0,0,40,87.659
689,2,0,2,0,9.216000325977802,4,4,0,2,38,0,0,40,87.659
689,2,0,3,0,5.119999870657921,4,4,0,2,38,0,0,40,87.659
689,24,0,0,0,8.191999979317188,4,4,0,1,39,0,0,40,52.169
689,24,0,1,0,70.65600156784058,4,4,0,1,39,0,0,40,52.169
689,24,0,2,0,9.216000325977802,4,4,0,1,39,0,0,40,52.169
689,24,0,3,0,4.095999989658594,4,4,0,1,39,0,0,40,52.169
689,40,0,0,1,8.191999979317188,4,4,0,2,38,0,0,40,76.81
689,40,0,1,1,61.43999844789505,4,4,0,2,38,0,0,40,76.81
689,40,0,2,1,9.216000325977802,4,4,0,2,38,0,0,40,76.81
689,40,0,3,1,4.095999989658594,4,4,0,2,38,0,0,40,76.81
690,2,0,0,0,8.191999979317188,4,4,0,2,38,0,0,40,80.33
690,2,0,1,0,82.94399827718735,4,4,0,2,38,0,0,40,80.33
690,2,0,2,0,8.191999979317188,4,4,0,2,38,0,0,40,80.33
690,2,0,3,0,6.144000217318535,4,4,0,2,38,0,0,40,80.33
690,24,0,0,0,8.191999979317188,4,4,0,0,40,0,0,40,3.02
690,24,0,1,0,70.65600156784058,4,4,0,0,40,0,0,40,3.02
690,24,0,2,0,9.216000325977802,4,4,0,0,40,0,0,40,3.02
690,24,0,3,0,4.095999989658594,4,4,0,0,40,0,0,40,3.02
690,40,0,0,1,8.191999979317188,4,4,0,3,37,0,0,40,87.92
690,40,0,1,1,63.48799914121628,4,4,0,3,37,0,0,40,87.92
690,40,0,2,1,9.216000325977802,4,4,0,3,37,0,0,40,87.92
690,40,0,3,1,4.095999989658594,4,4,0,3,37,0,0,40,87.92
691,2,0,0,0,14.336000196635723,4,4,0,0,40,0,0,40,3.689
691,2,0,1,0,77.82399654388428,4,4,0,0,40,0,0,40,3.689
691,2,0,2,0,9.216000325977802,4,4,0,0,40,0,0,40,3.689
691,2,0,3,0,6.144000217318535,4,4,0,0,40,0,0,40,3.689
691,24,0,0,0,8.191999979317188,4,4,0,2,38,0,0,40,57.82
691,24,0,1,0,74.75200295448303,4,4,0,2,38,0,0,40,57.82
691,24,0,2,0,9.216000325977802,4,4,0,2,38,0,0,40,57.82
691,24,0,3,0,4.095999989658594,4,4,0,2,38,0,0,40,57.82
691,40,0,0,1,14.336000196635723,4,4,0,0,40,0,0,40,1.44
691,40,0,1,1,59.39200147986412,4,4,0,0,40,0,0,40,1.44
691,40,0,2,1,8.191999979317188,4,4,0,0,40,0,0,40,1.44
691,40,0,3,1,3.0720001086592674,4,4,0,0,40,0,0,40,1.44
692,2,0,0,0,14.336000196635723,4,4,0,1,39,0,0,40,221.119
692,2,0,1,0,84.99199897050858,4,4,0,1,39,0,0,40,221.119
692,2,0,2,0,9.216000325977802,4,4,0,1,39,0,0,40,221.119
692,2,0,3,0,113.66400122642517,4,4,0,1,39,0,0,40,221.119
692,24,0,0,0,8.191999979317188,4,4,0,0,40,0,0,40,1.59
692,24,0,1,0,75.77600330114365,4,4,0,0,40,0,0,40,1.59
692,24,0,2,0,9.216000325977802,4,4,0,0,40,0,0,40,1.59
692,24,0,3,0,4.095999989658594,4,4,0,0,40,0,0,40,1.59
692,40,0,0,1,15.359999611973763,4,4,0,0,40,0,0,40,1.4
692,40,0,1,1,96.25600278377533,4,4,0,0,40,0,0,40,1.4
692,40,0,2,1,9.216000325977802,4,4,0,0,40,0,0,40,1.4
692,40,0,3,1,4.095999989658594,4,4,0,0,40,0,0,40,1.4
693,2,0,0,0,14.336000196635723,4,4,0,0,40,0,0,40,1.84
693,2,0,1,0,80.89599758386612,4,4,0,0,40,0,0,40,1.84
693,2,0,2,0,8.191999979317188,4,4,0,0,40,0,0,40,1.84
693,2,0,3,0,7.168000098317862,4,4,0,0,40,0,0,40,1.84
693,24,0,0,0,15.359999611973763,4,4,0,0,40,0,0,40,2.76
693,24,0,1,0,79.8719972372055,4,4,0,0,40,0,0,40,2.76
693,24,0,2,0,9.216000325977802,4,4,0,0,40,0,0,40,2.76
693,24,0,3,0,5.119999870657921,4,4,0,0,40,0,0,40,2.76
693,40,0,0,1,9.216000325977802,4,4,0,0,40,0,0,40,3.1
693,40,0,1,1,81.91999793052673,4,4,0,0,40,0,0,40,3.1
693,40,0,2,1,9.216000325977802,4,4,0,0,40,0,0,40,3.1
693,40,0,3,1,4.095999989658594,4,4,0,0,40,0,0,40,3.1
694,2,0,0,0,8.191999979317188,2,2,0,0,20,0,0,20,1.36
694,2,0,1,0,40.95999896526337,2,2,0,0,20,0,0,20,1.36
694,2,0,2,0,9.216000325977802,2,2,0,0,20,0,0,20,1.36
694,2,0,3,0,4.095999989658594,2,2,0,0,20,0,0,20,1.36
694,24,0,0,0,7.168000098317862,2,2,0,0,20,0,0,20,2.96
694,24,0,1,0,43.007999658584595,2,2,0,0,20,0,0,20,2.96
694,24,0,2,0,8.191999979317188,2,2,0,0,20,0,0,20,2.96
694,24,0,3,0,4.095999989658594,2,2,0,0,20,0,0,20,2.96
694,40,0,0,1,8.191999979317188,2,2,0,0,20,0,0,20,0.76
694,40,0,1,1,48.128001391887665,2,2,0,0,20,0,0,20,0.76
694,40,0,2,1,10.239999741315842,2,2,0,0,20,0,0,20,0.76
694,40,0,3,1,4.095999989658594,2,2,0,0,20,0,0,20,0.76
695,2,0,0,0,14.336000196635723,4,4,0,0,40,0,0,40,1.611
695,2,0,1,0,84.99199897050858,4,4,0,0,40,0,0,40,1.611
695,2,0,2,0,9.216000325977802,4,4,0,0,40,0,0,40,1.611
695,2,0,3,0,7.168000098317862,4,4,0,0,40,0,0,40,1.611
695,24,0,0,0,8.191999979317188,4,4,0,0,40,0,0,40,1.49
695,24,0,1,0,64.51199948787689,4,4,0,0,40,0,0,40,1.49
695,24,0,2,0,9.216000325977802,4,4,0,0,40,0,0,40,1.49
695,24,0,3,0,4.095999989658594,4,4,0,0,40,0,0,40,1.49
695,40,0,0,1,8.191999979317188,4,4,0,0,40,0,0,40,1.4
695,40,0,1,1,89.08800035715103,4,4,0,0,40,0,0,40,1.4
695,40,0,2,1,9.216000325977802,4,4,0,0,40,0,0,40,1.4
695,40,0,3,1,4.095999989658594,4,4,0,0,40,0,0,40,1.4
696,2,0,0,0,14.336000196635723,4,4,0,0,40,0,0,40,1.969
696,2,0,1,0,81.91999793052673,4,4,0,0,40,0,0,40,1.969
696,2,0,2,0,8.191999979317188,4,4,0,0,40,0,0,40,1.969
696,2,0,3,0,6.144000217318535,4,4,0,0,40,0,0,40,1.969
696,24,0,0,0,9.216000325977802,4,4,0,0,40,0,0,40,1.889
696,24,0,1,0,79.8719972372055,4,4,0,0,40,0,0,40,1.889
696,24,0,2,0,9.216000325977802,4,4,0,0,40,0,0,40,1.889
696,24,0,3,0,5.119999870657921,4,4,0,0,40,0,0,40,1.889
696,40,0,0,1,1357.8239679336548,4,4,0,0,40,0,0,40,2.18
696,40,0,1,1,84.99199897050858,4,4,0,0,40,0,0,40,2.18
696,40,0,2,1,9.216000325977802,4,4,0,0,40,0,0,40,2.18
696,40,0,3,1,4.095999989658594,4,4,0,0,40,0,0,40,2.18
697,2,0,0,0,9.216000325977802,3,3,0,3,27,0,0,30,390.819
697,2,0,1,0,52.22399905323982,3,3,0,3,27,0,0,30,390.819
697,2,0,2,0,8.191999979317188,3,3,0,3,27,0,0,30,390.819
697,2,0,3,0,317.440003156662,3,3,0,3,27,0,0,30,390.819
697,24,0,0,0,8.191999979317188,3,3,0,1,29,0,0,30,63.32
697,24,0,1,0,51.19999870657921,3,3,0,1,29,0,0,30,63.32
697,24,0,2,0,9.216000325977802,3,3,0,1,29,0,0,30,63.32
697,24,0,3,0,4.095999989658594,3,3,0,1,29,0,0,30,63.32
697,40,0,0,1,15.359999611973763,3,3,0,0,30,0,0,30,1.48
697,40,0,1,1,61.43999844789505,3,3,0,0,30,0,0,30,1.48
697,40,0,2,1,9.216000325977802,3,3,0,0,30,0,0,30,1.48
697,40,0,3,1,3.0720001086592674,3,3,0,0,30,0,0,30,1.48
698,2,0,0,0,14.336000196635723,4,4,0,0,40,0,0,40,1.66
698,2,0,1,0,83.96799862384796,4,4,0,0,40,0,0,40,1.66
698,2,0,2,0,9.216000325977802,4,4,0,0,40,0,0,40,1.66
698,2,0,3,0,6.144000217318535,4,4,0,0,40,0,0,40,1.66
698,24,0,0,0,8.191999979317188,4,4,0,0,40,0,0,40,3.3
698,24,0,1,0,58.36800113320351,4,4,0,0,40,0,0,40,3.3
698,24,0,2,0,8.191999979317188,4,4,0,0,40,0,0,40,3.3
698,24,0,3,0,4.095999989658594,4,4,0,0,40,0,0,40,3.3
698,40,0,0,1,14.336000196635723,4,4,0,0,40,0,0,40,1.62
698,40,0,1,1,76.80000364780426,4,4,0,0,40,0,0,40,1.62
698,40,0,2,1,9.216000325977802,4,4,0,0,40,0,0,40,1.62
698,40,0,3,1,4.095999989658594,4,4,0,0,40,0,0,40,1.62
699,2,0,0,0,15.359999611973763,4,4,0,1,39,0,0,40,119.079
699,2,0,1,0,66.56000018119812,4,4,0,1,39,0,0,40,119.079
699,2,0,2,0,9.216000325977802,4,4,0,1,39,0,0,40,119.079
699,2,0,3,0,24.57600086927414,4,4,0,1,39,0,0,40,119.079
699,24,0,0,0,2124.799966812134,4,4,0,1,39,0,0,40,152.399
699,24,0,1,0,70.65600156784058,4,4,0,1,39,0,0,40,152.399
699,24,0,2,0,9.216000325977802,4,4,0,1,39,0,0,40,152.399
699,24,0,3,0,62.463998794555664,4,4,0,1,39,0,0,40,152.399
699,40,0,0,1,8.191999979317188,4,4,0,1,39,0,0,40,100.95
699,40,0,1,1,78.84799689054489,4,4,0,1,39,0,0,40,100.95
699,40,0,2,1,9.216000325977802,4,4,0,1,39,0,0,40,100.95
699,40,0,3,1,4.095999989658594,4,4,0,1,39,0,0,40,100.95
700,2,0,0,0,9.216000325977802,4,4,0,0,40,0,0,40,1.76
700,2,0,1,0,66.56000018119812,4,4,0,0,40,0,0,40,1.76
700,2,0,2,0,9.216000325977802,4,4,0,0,40,0,0,40,1.76
700,2,0,3,0,5.119999870657921,4,4,0,0,40,0,0,40,1.76
700,24,0,0,0,8.191999979317188,4,4,0,0,40,0,0,40,1.431
700,24,0,1,0,77.82399654388428,4,4,0,0,40,0,0,40,1.431
700,24,0,2,0,10.239999741315842,4,4,0,0,40,0,0,40,1.431
700,24,0,3,0,4.095999989658594,4,4,0,0,40,0,0,40,1.431
700,40,0,0,1,8.191999979317188,4,4,0,0,40,0,0,40,2.74
700,40,0,1,1,74.75200295448303,4,4,0,0,40,0,0,40,2.74
700,40,0,2,1,9.216000325977802,4,4,0,0,40,0,0,40,2.74
700,40,0,3,1,4.095999989658594,4,4,0,0,40,0,0,40,2.74
701,2,0,0,0,8.191999979317188,4,4,0,3,37,0,0,40,164.749
701,2,0,1,0,75.77600330114365,4,4,0,3,37,0,0,40,164.749
701,2,0,2,0,9.216000325977802,4,4,0,3,37,0,0,40,164.749
701,2,0,3,0,68.60800087451935,4,4,0,3,37,0,0,40,164.749
701,24,0,0,0,8.191999979317188,4,4,0,0,40,0,0,40,1.69
701,24,0,1,0,71.68000191450119,4,4,0,0,40,0,0,40,1.69
701,24,0,2,0,9.216000325977802,4,4,0,0,40,0,0,40,1.69
701,24,0,3,0,4.095999989658594,4,4,0,0,40,0,0,40,1.69
701,40,0,0,1,8.191999979317188,4,4,0,0,40,0,0,40,1.33
701,40,0,1,1,51.19999870657921,4,4,0,0,40,0,0,40,1.33
701,40,0,2,1,9.216000325977802,4,4,0,0,40,0,0,40,1.33
701,40,0,3,1,4.095999989658594,4,4,0,0,40,0,0,40,1.33
702,2,0,0,0,2982.912063598633,4,4,0,0,40,0,0,40,4.53
702,2,0,1,0,84.99199897050858,4,4,0,0,40,0,0,40,4.53
702,2,0,2,0,9.216000325977802,4,4,0,0,40,0,0,40,4.53
702,2,0,3,0,5.119999870657921,4,4,0,0,40,0,0,40,4.53
702,24,0,0,0,8.191999979317188,4,4,0,0,40,0,0,40,1.34
702,24,0,1,0,67.58400052785873,4,4,0,0,40,0,0,40,1.34
702,24,0,2,0,8.191999979317188,4,4,0,0,40,0,0,40,1.34
702,24,0,3,0,4.095999989658594,4,4,0,0,40,0,0,40,1.34
702,40,0,0,1,14.336000196635723,4,4,0,0,40,0,0,40,1.709
702,40,0,1,1,67.58400052785873,4,4,0,0,40,0,0,40,1.709
702,40,0,2,1,8.191999979317188,4,4,0,0,40,0,0,40,1.709
702,40,0,3,1,3.0720001086592674,4,4,0,0,40,0,0,40,1.709
703,2,0,0,0,15.359999611973763,4,4,0,0,40,0,0,40,1.76
703,2,0,1,0,69.63200122117996,4,4,0,0,40,0,0,40,1.76
703,2,0,2,0,9.216000325977802,4,4,0,0,40,0,0,40,1.76
703,2,0,3,0,6.144000217318535,4,4,0,0,40,0,0,40,1.76
703,24,0,0,0,8.191999979317188,4,4,0,0,40,0,0,40,2.74
703,24,0,1,0,63.48799914121628,4,4,0,0,40,0,0,40,2.74
703,24,0,2,0,9.216000325977802,4,4,0,0,40,0,0,40,2.74
703,24,0,3,0,4.095999989658594,4,4,0,0,40,0,0,40,2.74
703,40,0,0,1,14.336000196635723,4,4,0,0,40,0,0,40,1.291
703,40,0,1,1,70.65600156784058,4,4,0,0,40,0,0,40,1.291
703,40,0,2,1,9.216000325977802,4,4,0,0,40,0,0,40,1.291
703,40,0,3,1,5.119999870657921,4,4,0,0,40,0,0,40,1.291
704,2,0,0,0,14.336000196635723,4,4,0,0,40,0,0,40,1.76
704,2,0,1,0,86.01599931716919,4,4,0,0,40,0,0,40,1.76
704,2,0,2,0,9.216000325977802,4,4,0,0,40,0,0,40,1.76
704,2,0,3,0,5.119999870657921,4,4,0,0,40,0,0,40,1.76
704,24,0,0,0,8.191999979317188,4,4,0,0,40,0,0,40,3.58
704,24,0,1,0,74.75200295448303,4,4,0,0,40,0,0,40,3.58
704,24,0,2,0,9.216000325977802,4,4,0,0,40,0,0,40,3.58
704,24,0,3,0,4.095999989658594,4,4,0,0,40,0,0,40,3.58
704,40,0,0,1,14.336000196635723,4,4,0,0,40,0,0,40,1.63
704,40,0,1,1,93.18400174379349,4,4,0,0,40,0,0,40,1.63
704,40,0,2,1,9.216000325977802,4,4,0,0,40,0,0,40,1.63
704,40,0,3,1,4.095999989658594,4,4,0,0,40,0,0,40,1.63
705,2,0,0,0,14.336000196635723,4,4,0,0,40,0,0,40,1.85
705,2,0,1,0,82.94399827718735,4,4,0,0,40,0,0,40,1.85
705,2,0,2,0,9.216000325977802,4,4,0,0,40,0,0,40,1.85
705,2,0,3,0,6.144000217318535,4,4,0,0,40,0,0,40,1.85
705,24,0,0,0,8.191999979317188,4,4,0,0,40,0,0,40,3.631
705,24,0,1,0,73.72800260782242,4,4,0,0,40,0,0,40,3.631
705,24,0,2,0,9.216000325977802,4,4,0,0,40,0,0,40,3.631
705,24,0,3,0,5.119999870657921,4,4,0,0,40,0,0,40,3.631
705,40,0,0,1,13.311999849975109,4,4,0,0,40,0,0,40,2.5
705,40,0,1,1,71.68000191450119,4,4,0,0,40,0,0,40,2.5
705,40,0,2,1,8.191999979317188,4,4,0,0,40,0,0,40,2.5
705,40,0,3,1,4.095999989658594,4,4,0,0,40,0,0,40,2.5
706,2,0,0,0,15.359999611973763,4,4,0,0,40,0,0,40,1.691
706,2,0,1,0,60.416001826524734,4,4,0,0,40,0,0,40,1.691
706,2,0,2,0,8.191999979317188,4,4,0,0,40,0,0,40,1.691
706,2,0,3,0,6.144000217318535,4,4,0,0,40,0,0,40,1.691
706,24,0,0,0,8.191999979317188,4,4,0,0,40,0,0,40,1.449
706,24,0,1,0,68.60800087451935,4,4,0,0,40,0,0,40,1.449
706,24,0,2,0,9.216000325977802,4,4,0,0,40,0,0,40,1.449
706,24,0,3,0,4.095999989658594,4,4,0,0,40,0,0,40,1.449
706,40,0,0,1,14.336000196635723,4,4,0,0,40,0,0,40,1.3
706,40,0,1,1,78.84799689054489,4,4,0,0,40,0,0,40,1.3
706,40,0,2,1,8.191999979317188,4,4,0,0,40,0,0,40,1.3
706,40,0,3,1,4.095999989658594,4,4,0,0,40,0,0,40,1.3
707,2,0,0,0,9.216000325977802,3,3,0,0,30,0,0,30,1.27
707,2,0,1,0,64.51199948787689,3,3,0,0,30,0,0,30,1.27
707,2,0,2,0,8.191999979317188,3,3,0,0,30,0,0,30,1.27
707,2,0,3,0,6.144000217318535,3,3,0,0,30,0,0,30,1.27
707,24,0,0,0,8.191999979317188,3,3,0,1,29,0,0,30,65.16
707,24,0,1,0,50.175998359918594,3,3,0,1,29,0,0,30,65.16
707,24,0,2,0,9.216000325977802,3,3,0,1,29,0,0,30,65.16
707,24,0,3,0,4.095999989658594,3,3,0,1,29,0,0,30,65.16
707,40,0,0,1,3372.0319271087646,3,3,0,0,30,0,0,30,3.46
707,40,0,1,1,61.43999844789505,3,3,0,0,30,0,0,30,3.46
707,40,0,2,1,9.216000325977802,3,3,0,0,30,0,0,30,3.46
707,40,0,3,1,4.095999989658594,3,3,0,0,30,0,0,30,3.46
708,2,0,0,0,14.336000196635723,4,4,0,0,40,0,0,40,1.7
708,2,0,1,0,77.82399654388428,4,4,0,0,40,0,0,40,1.7
708,2,0,2,0,9.216000325977802,4,4,0,0,40,0,0,40,1.7
708,2,0,3,0,5.119999870657921,4,4,0,0,40,0,0,40,1.7
708,24,0,0,0,8.191999979317188,4,4,0,0,40,0,0,40,1.51
708,24,0,1,0,55.296000093221664,4,4,0,0,40,0,0,40,1.51
708,24,0,2,0,9.216000325977802,4,4,0,0,40,0,0,40,1.51
708,24,0,3,0,5.119999870657921,4,4,0,0,40,0,0,40,1.51
708,40,0,0,1,7.168000098317862,4,4,0,1,39,0,0,40,74.11
708,40,0,1,1,86.01599931716919,4,4,0,1,39,0,0,40,74.11
708,40,0,2,1,9.216000325977802,4,4,0,1,39,0,0,40,74.11
708,40,0,3,1,4.095999989658594,4,4,0,1,39,0,0,40,74.11
709,2,0,0,0,9.216000325977802,2,2,0,0,20,0,0,20,0.94
709,2,0,1,0,53.247999399900436,2,2,0,0,20,0,0,20,0.94
709,2,0,2,0,9.216000325977802,2,2,0,0,20,0,0,20,0.94
709,2,0,3,0,5.119999870657921,2,2,0,0,20,0,0,20,0.94
709,24,0,0,0,8.191999979317188,2,2,0,0,20,0,0,20,0.58
709,24,0,1,0,48.128001391887665,2,2,0,0,20,0,0,20,0.58
709,24,0,2,0,8.191999979317188,2,2,0,0,20,0,0,20,0.58
709,24,0,3,0,4.095999989658594,2,2,0,0,20,0,0,20,0.58
709,40,0,0,1,8.191999979317188,2,2,0,0,20,0,0,20,0.73
709,40,0,1,1,45.05600035190582,2,2,0,0,20,0,0,20,0.73
709,40,0,2,1,9.216000325977802,2,2,0,0,20,0,0,20,0.73
709,40,0,3,1,4.095999989658594,2,2,0,0,20,0,0,20,0.73
710,2,0,0,0,14.336000196635723,4,4,0,0,40,0,0,40,1.571
710,2,0,1,0,88.06400001049042,4,4,0,0,40,0,0,40,1.571
710,2,0,2,0,9.216000325977802,4,4,0,0,40,0,0,40,1.571
710,2,0,3,0,5.119999870657921,4,4,0,0,40,0,0,40,1.571
710,24,0,0,0,9.216000325977802,4,4,0,0,40,0,0,40,1.389
710,24,0,1,0,74.75200295448303,4,4,0,0,40,0,0,40,1.389
710,24,0,2,0,8.191999979317188,4,4,0,0,40,0,0,40,1.389
710,24,0,3,0,4.095999989658594,4,4,0,0,40,0,0,40,1.389
710,40,0,0,1,13.311999849975109,4,4,0,2,38,0,0,40,95.17
710,40,0,1,1,74.75200295448303,4,4,0,2,38,0,0,40,95.17
710,40,0,2,1,8.191999979317188,4,4,0,2,38,0,0,40,95.17
710,40,0,3,1,4.095999989658594,4,4,0,2,38,0,0,40,95.17
711,2,0,0,0,8.191999979317188,2,2,0,0,20,0,0,20,0.87
711,2,0,1,0,53.247999399900436,2,2,0,0,20,0,0,20,0.87
711,2,0,2,0,8.191999979317188,2,2,0,0,20,0,0,20,0.87
711,2,0,3,0,4.095999989658594,2,2,0,0,20,0,0,20,0.87
711,24,0,0,0,8.191999979317188,2,2,0,0,20,0,0,20,0.96
711,24,0,1,0,41.98399931192398,2,2,0,0,20,0,0,20,0.96
711,24,0,2,0,9.216000325977802,2,2,0,0,20,0,0,20,0.96
711,24,0,3,0,4.095999989658594,2,2,0,0,20,0,0,20,0.96
711,40,0,0,1,9.216000325977802,2,2,0,0,20,0,0,20,0.63
711,40,0,1,1,48.128001391887665,2,2,0,0,20,0,0,20,0.63
711,40,0,2,1,10.239999741315842,2,2,0,0,20,0,0,20,0.63
711,40,0,3,1,4.095999989658594,2,2,0,0,20,0,0,20,0.63
712,2,0,0,0,14.336000196635723,4,4,0,0,40,0,0,40,3.04
712,2,0,1,0,88.06400001049042,4,4,0,0,40,0,0,40,3.04
712,2,0,2,0,8.191999979317188,4,4,0,0,40,0,0,40,3.04
712,2,0,3,0,5.119999870657921,4,4,0,0,40,0,0,40,3.04
712,24,0,0,0,8.191999979317188,4,4,0,0,40,0,0,40,1.37
712,24,0,1,0,69.63200122117996,4,4,0,0,40,0,0,40,1.37
712,24,0,2,0,9.216000325977802,4,4,0,0,40,0,0,40,1.37
712,24,0,3,0,4.095999989658594,4,4,0,0,40,0,0,40,1.37
712,40,0,0,1,15.359999611973763,4,4,0,0,40,0,0,40,1.46
712,40,0,1,1,82.94399827718735,4,4,0,0,40,0,0,40,1.46
712,40,0,2,1,9.216000325977802,4,4,0,0,40,0,0,40,1.46
712,40,0,3,1,4.095999989658594,4,4,0,0,40,0,0,40,1.46
713,2,0,0,0,15.359999611973763,4,4,0,0,40,0,0,40,1.65
713,2,0,1,0,68.60800087451935,4,4,0,0,40,0,0,40,1.65
713,2,0,2,0,8.191999979317188,4,4,0,0,40,0,0,40,1.65
713,2,0,3,0,5.119999870657921,4,4,0,0,40,0,0,40,1.65
713,24,0,0,0,8.191999979317188,4,4,0,0,40,0,0,40,1.3
713,24,0,1,0,53.247999399900436,4,4,0,0,40,0,0,40,1.3
713,24,0,2,0,9.216000325977802,4,4,0,0,40,0,0,40,1.3
713,24,0,3,0,4.095999989658594,4,4,0,0,40,0,0,40,1.3
713,40,0,0,1,15.359999611973763,4,4,0,2,38,0,0,40,87.72
713,40,0,1,1,55.296000093221664,4,4,0,2,38,0,0,40,87.72
713,40,0,2,1,8.191999979317188,4,4,0,2,38,0,0,40,87.72
713,40,0,3,1,4.095999989658594,4,4,0,2,38,0,0,40,87.72
714,2,0,0,0,14.336000196635723,4,4,0,0,40,0,0,40,1.731
714,2,0,1,0,91.13600105047226,4,4,0,0,40,0,0,40,1.731
714,2,0,2,0,9.216000325977802,4,4,0,0,40,0,0,40,1.731
714,2,0,3,0,6.144000217318535,4,4,0,0,40,0,0,40,1.731
714,24,0,0,0,8.191999979317188,4,4,0,0,40,0,0,40,1.68
714,24,0,1,0,76.80000364780426,4,4,0,0,40,0,0,40,1.68
714,24,0,2,0,9.216000325977802,4,4,0,0,40,0,0,40,1.68
714,24,0,3,0,4.095999989658594,4,4,0,0,40,0,0,40,1.68
714,40,0,0,1,2985.9840869903564,4,4,0,1,39,0,0,40,61.439
714,40,0,1,1,99.32799637317657,4,4,0,1,39,0,0,40,61.439
714,40,0,2,1,8.191999979317188,4,4,0,1,39,0,0,40,61.439
714,40,0,3,1,4.095999989658594,4,4,0,1,39,0,0,40,61.439
715,2,0,0,0,14.336000196635723,4,4,0,0,40,0,0,40,3.649
715,2,0,1,0,72.7040022611618,4,4,0,0,40,0,0,40,3.649
715,2,0,2,0,9.216000325977802,4,4,0,0,40,0,0,40,3.649
715,2,0,3,0,7.168000098317862,4,4,0,0,40,0,0,40,3.649
715,24,0,0,0,8.191999979317188,4,4,0,0,40,0,0,40,2.88
715,24,0,1,0,69.63200122117996,4,4,0,0,40,0,0,40,2.88
715,24,0,2,0,9.216000325977802,4,4,0,0,40,0,0,40,2.88
715,24,0,3,0,5.119999870657921,4,4,0,0,40,0,0,40,2.88
715,40,0,0,1,25.599999353289604,4,4,0,0,40,0,0,40,2.15
715,40,0,1,1,77.82399654388428,4,4,0,0,40,0,0,40,2.15
715,40,0,2,1,9.216000325977802,4,4,0,0,40,0,0,40,2.15
715,40,0,3,1,4.095999989658594,4,4,0,0,40,0,0,40,2.15
716,2,0,0,0,9.216000325977802,4,4,0,2,38,0,0,40,68.129
716,2,0,1,0,87.0399996638298,4,4,0,2,38,0,0,40,68.129
716,2,0,2,0,9.216000325977802,4,4,0,2,38,0,0,40,68.129
716,2,0,3,0,5.119999870657921,4,4,0,2,38,0,0,40,68.129
716,24,0,0,0,9.216000325977802,4,4,0,0,40,0,0,40,1.711
716,24,0,1,0,73.72800260782242,4,4,0,0,40,0,0,40,1.711
716,24,0,2,0,9.216000325977802,4,4,0,0,40,0,0,40,1.711
716,24,0,3,0,4.095999989658594,4,4,0,0,40,0,0,40,1.711
716,40,0,0,1,9.216000325977802,4,4,0,1,39,0,0,40,77.519
716,40,0,1,1,72.7040022611618,4,4,0,1,39,0,0,40,77.519
716,40,0,2,1,9.216000325977802,4,4,0,1,39,0,0,40,77.519
716,40,0,3,1,4.095999989658594,4,4,0,1,39,0,0,40,77.519
717,2,0,0,0,15.359999611973763,4,4,0,0,40,0,0,40,1.78
717,2,0,1,0,89.08800035715103,4,4,0,0,40,0,0,40,1.78
717,2,0,2,0,9.216000325977802,4,4,0,0,40,0,0,40,1.78
717,2,0,3,0,7.168000098317862,4,4,0,0,40,0,0,40,1.78
717,24,0,0,0,8.191999979317188,4,4,0,1,39,0,0,40,69.33
717,24,0,1,0,79.8719972372055,4,4,0,1,39,0,0,40,69.33
717,24,0,2,0,9.216000325977802,4,4,0,1,39,0,0,40,69.33
717,24,0,3,0,4.095999989658594,4,4,0,1,39,0,0,40,69.33
717,40,0,0,1,9.216000325977802,4,4,0,1,39,0,0,40,70.89
717,40,0,1,1,90.11200070381165,4,4,0,1,39,0,0,40,70.89
717,40,0,2,1,8.191999979317188,4,4,0,1,39,0,0,40,70.89
717,40,0,3,1,4.095999989658594,4,4,0,1,39,0,0,40,70.89
718,2,0,0,0,9.216000325977802,1,1,0,0,10,0,0,10,2.46
718,2,0,1,0,31.74399957060814,1,1,0,0,10,0,0,10,2.46
718,2,0,2,0,9.216000325977802,1,1,0,0,10,0,0,10,2.46
718,2,0,3,0,5.119999870657921,1,1,0,0,10,0,0,10,2.46
718,24,0,0,0,8.191999979317188,1,1,0,0,10,0,0,10,0.309
718,24,0,1,0,32.76799991726875,1,1,0,0,10,0,0,10,0.309
718,24,0,2,0,9.216000325977802,1,1,0,0,10,0,0,10,0.309
718,24,0,3,0,4.095999989658594,1,1,0,0,10,0,0,10,0.309
718,40,0,0,1,8.191999979317188,1,1,0,0,10,0,0,10,0.54
718,40,0,1,1,34.81600061058998,1,1,0,0,10,0,0,10,0.54
718,40,0,2,1,8.191999979317188,1,1,0,0,10,0,0,10,0.54
718,40,0,3,1,4.095999989658594,1,1,0,0,10,0,0,10,0.54
719,2,0,0,0,9.216000325977802,4,4,0,1,39,0,0,40,61.38
719,2,0,1,0,75.77600330114365,4,4,0,1,39,0,0,40,61.38
719,2,0,2,0,9.216000325977802,4,4,0,1,39,0,0,40,61.38
719,2,0,3,0,5.119999870657921,4,4,0,1,39,0,0,40,61.38
719,24,0,0,0,2885.632038116455,4,4,0,0,40,0,0,40,2.02
719,24,0,1,0,78.84799689054489,4,4,0,0,40,0,0,40,2.02
719,24,0,2,0,9.216000325977802,4,4,0,0,40,0,0,40,2.02
719,24,0,3,0,4.095999989658594,4,4,0,0,40,0,0,40,2.02
719,40,0,0,1,15.359999611973763,4,4,0,0,40,0,0,40,1.28
719,40,0,1,1,79.8719972372055,4,4,0,0,40,0,0,40,1.28
719,40,0,2,1,9.216000325977802,4,4,0,0,40,0,0,40,1.28
719,40,0,3,1,4.095999989658594,4,4,0,0,40,0,0,40,1.28
720,2,0,0,0,14.336000196635723,4,4,0,1,39,0,0,40,69.34
720,2,0,1,0,82.94399827718735,4,4,0,1,39,0,0,40,69.34
720,2,0,2,0,9.216000325977802,4,4,0,1,39,0,0,40,69.34
720,2,0,3,0,5.119999870657921,4,4,0,1,39,0,0,40,69.34
720,24,0,0,0,8.191999979317188,4,4,0,0,40,0,0,40,1.56
720,24,0,1,0,93.18400174379349,4,4,0,0,40,0,0,40,1.56
720,24,0,2,0,9.216000325977802,4,4,0,0,40,0,0,40,1.56
720,24,0,3,0,4.095999989658594,4,4,0,0,40,0,0,40,1.56
720,40,0,0,1,8.191999979317188,4,4,0,1,39,0,0,40,69.149
720,40,0,1,1,97.28000313043594,4,4,0,1,39,0,0,40,69.149
720,40,0,2,1,8.191999979317188,4,4,0,1,39,0,0,40,69.149
720,40,0,3,1,4.095999989658594,4,4,0,1,39,0,0,40,69.149
721,2,0,0,0,8.191999979317188,4,4,0,2,38,0,0,40,102.929
721,2,0,1,0,82.94399827718735,4,4,0,2,38,0,0,40,102.929
721,2,0,2,0,9.216000325977802,4,4,0,2,38,0,0,40,102.929
721,2,0,3,0,6.144000217318535,4,4,0,2,38,0,0,40,102.929
721,24,0,0,0,8.191999979317188,4,4,0,0,40,0,0,40,1.46
721,24,0,1,0,76.80000364780426,4,4,0,0,40,0,0,40,1.46
721,24,0,2,0,8.191999979317188,4,4,0,0,40,0,0,40,1.46
721,24,0,3,0,3.0720001086592674,4,4,0,0,40,0,0,40,1.46
721,40,0,0,1,8.191999979317188,4,4,0,1,39,0,0,40,252.399
721,40,0,1,1,84.99199897050858,4,4,0,1,39,0,0,40,252.399
721,40,0,2,1,9.216000325977802,4,4,0,1,39,0,0,40,252.399
721,40,0,3,1,146.43199741840363,4,4,0,1,39,0,0,40,252.399
722,2,0,0,0,8.191999979317188,4,4,0,1,39,0,0,40,57.349
722,2,0,1,0,57.34400078654289,4,4,0,1,39,0,0,40,57.349
722,2,0,2,0,9.216000325977802,4,4,0,1,39,0,0,40,57.349
722,2,0,3,0,5.119999870657921,4,4,0,1,39,0,0,40,57.349
722,24,0,0,0,8.191999979317188,4,4,0,0,40,0,0,40,1.831
722,24,0,1,0,89.08800035715103,4,4,0,0,40,0,0,40,1.831
722,24,0,2,0,9.216000325977802,4,4,0,0,40,0,0,40,1.831
722,24,0,3,0,4.095999989658594,4,4,0,0,40,0,0,40,1.831
722,40,0,0,1,8.191999979317188,4,4,0,0,40,0,0,40,2.89
722,40,0,1,1,95.23200243711472,4,4,0,0,40,0,0,40,2.89
722,40,0,2,1,9.216000325977802,4,4,0,0,40,0,0,40,2.89
722,40,0,3,1,3.0720001086592674,4,4,0,0,40,0,0,40,2.89
723,2,0,0,0,14.336000196635723,4,4,0,3,37,0,0,40,209.059
723,2,0,1,0,86.01599931716919,4,4,0,3,37,0,0,40,209.059
723,2,0,2,0,9.216000325977802,4,4,0,3,37,0,0,40,209.059
723,2,0,3,0,94.2080020904541,4,4,0,3,37,0,0,40,209.059
723,24,0,0,0,8.191999979317188,4,4,0,0,40,0,0,40,1.43
723,24,0,1,0,75.77600330114365,4,4,0,0,40,0,0,40,1.43
723,24,0,2,0,9.216000325977802,4,4,0,0,40,0,0,40,1.43
723,24,0,3,0,4.095999989658594,4,4,0,0,40,0,0,40,1.43
723,40,0,0,1,8.191999979317188,4,4,0,0,40,0,0,40,1.64
723,40,0,1,1,63.48799914121628,4,4,0,0,40,0,0,40,1.64
723,40,0,2,1,9.216000325977802,4,4,0,0,40,0,0,40,1.64
723,40,0,3,1,5.119999870657921,4,4,0,0,40,0,0,40,1.64
724,2,0,0,0,13.311999849975109,4,4,0,0,40,0,0,40,1.811
724,2,0,1,0,78.84799689054489,4,4,0,0,40,0,0,40,1.811
724,2,0,2,0,8.191999979317188,4,4,0,0,40,0,0,40,1.811
724,2,0,3,0,6.144000217318535,4,4,0,0,40,0,0,40,1.811
724,24,0,0,0,8.191999979317188,4,4,0,2,38,0,0,40,107.629
724,24,0,1,0,73.72800260782242,4,4,0,2,38,0,0,40,107.629
724,24,0,2,0,9.216000325977802,4,4,0,2,38,0,0,40,107.629
724,24,0,3,0,12.28800043463707,4,4,0,2,38,0,0,40,107.629
724,40,0,0,1,8.191999979317188,4,4,0,1,39,0,0,40,285.189
724,40,0,1,1,59.39200147986412,4,4,0,1,39,0,0,40,285.189
724,40,0,2,1,9.216000325977802,4,4,0,1,39,0,0,40,285.189
724,40,0,3,1,205.82400262355804,4,4,0,1,39,0,0,40,285.189
725,2,0,0,0,15.359999611973763,4,4,0,0,40,0,0,40,1.84
725,2,0,1,0,87.0399996638298,4,4,0,0,40,0,0,40,1.84
725,2,0,2,0,9.216000325977802,4,4,0,0,40,0,0,40,1.84
725,2,0,3,0,6.144000217318535,4,4,0,0,40,0,0,40,1.84
725,24,0,0,0,8.191999979317188,4,4,0,1,39,0,0,40,65.759
725,24,0,1,0,73.72800260782242,4,4,0,1,39,0,0,40,65.759
725,24,0,2,0,9.216000325977802,4,4,0,1,39,0,0,40,65.759
725,24,0,3,0,4.095999989658594,4,4,0,1,39,0,0,40,65.759
725,40,0,0,1,9.216000325977802,4,4,0,0,40,0,0,40,1.55
725,40,0,1,1,96.25600278377533,4,4,0,0,40,0,0,40,1.55
725,40,0,2,1,9.216000325977802,4,4,0,0,40,0,0,40,1.55
725,40,0,3,1,4.095999989658594,4,4,0,0,40,0,0,40,1.55
726,2,0,0,0,10.239999741315842,4,4,0,1,39,0,0,40,56.08
726,2,0,1,0,86.01599931716919,4,4,0,1,39,0,0,40,56.08
726,2,0,2,0,8.191999979317188,4,4,0,1,39,0,0,40,56.08
726,2,0,3,0,6.144000217318535,4,4,0,1,39,0,0,40,56.08
726,24,0,0,0,8.191999979317188,4,4,0,3,36,1,0,40,160.249
726,24,0,1,0,77.82399654388428,4,4,0,3,36,1,0,40,160.249
726,24,0,2,0,162.81600296497345,4,4,0,3,36,1,0,40,160.249
726,24,0,3,0,4.095999989658594,4,4,0,3,36,1,0,40,160.249
726,40,0,0,1,8.191999979317188,4,4,0,1,39,0,0,40,68.94
726,40,0,1,1,76.80000364780426,4,4,0,1,39,0,0,40,68.94
726,40,0,2,1,9.216000325977802,4,4,0,1,39,0,0,40,68.94
726,40,0,3,1,5.119999870657921,4,4,0,1,39,0,0,40,68.94
727,2,0,0,0,9.216000325977802,3,3,0,0,30,0,0,30,1.45
727,2,0,1,0,67.58400052785873,3,3,0,0,30,0,0,30,1.45
727,2,0,2,0,9.216000325977802,3,3,0,0,30,0,0,30,1.45
727,2,0,3,0,8.191999979317188,3,3,0,0,30,0,0,30,1.45
727,24,0,0,0,8.191999979317188,3,3,0,0,30,0,0,30,1.1
727,24,0,1,0,73.72800260782242,3,3,0,0,30,0,0,30,1.1
727,24,0,2,0,9.216000325977802,3,3,0,0,30,0,0,30,1.1
727,24,0,3,0,4.095999989658594,3,3,0,0,30,0,0,30,1.1
727,40,0,0,1,13.311999849975109,3,3,0,0,30,0,0,30,1.3
727,40,0,1,1,71.68000191450119,3,3,0,0,30,0,0,30,1.3
727,40,0,2,1,9.216000325977802,3,3,0,0,30,0,0,30,1.3
727,40,0,3,1,4.095999989658594,3,3,0,0,30,0,0,30,1.3
728,2,0,0,0,15.359999611973763,4,4,0,0,40,0,0,40,1.91
728,2,0,1,0,86.01599931716919,4,4,0,0,40,0,0,40,1.91
728,2,0,2,0,9.216000325977802,4,4,0,0,40,0,0,40,1.91
728,2,0,3,0,5.119999870657921,4,4,0,0,40,0,0,40,1.91
728,24,0,0,0,8.191999979317188,4,4,0,2,38,0,0,40,138.789
728,24,0,1,0,78.84799689054489,4,4,0,2,38,0,0,40,138.789
728,24,0,2,0,9.216000325977802,4,4,0,2,38,0,0,40,138.789
728,24,0,3,0,38.91199827194214,4,4,0,2,38,0,0,40,138.789
728,40,0,0,1,16.383999958634377,4,4,0,0,40,0,0,40,1.52
728,40,0,1,1,59.39200147986412,4,4,0,0,40,0,0,40,1.52
728,40,0,2,1,9.216000325977802,4,4,0,0,40,0,0,40,1.52
728,40,0,3,1,4.095999989658594,4,4,0,0,40,0,0,40,1.52
729,2,0,0,0,9.216000325977802,4,4,0,1,39,0,0,40,65.37
729,2,0,1,0,79.8719972372055,4,4,0,1,39,0,0,40,65.37
729,2,0,2,0,9.216000325977802,4,4,0,1,39,0,0,40,65.37
729,2,0,3,0,5.119999870657921,4,4,0,1,39,0,0,40,65.37
729,24,0,0,0,8.191999979317188,4,4,0,1,39,0,0,40,61.799
729,24,0,1,0,66.56000018119812,4,4,0,1,39,0,0,40,61.799
729,24,0,2,0,9.216000325977802,4,4,0,1,39,0,0,40,61.799
729,24,0,3,0,4.095999989658594,4,4,0,1,39,0,0,40,61.799
729,40,0,0,1,15.359999611973763,4,4,0,1,39,0,0,40,97.94
729,40,0,1,1,84.99199897050858,4,4,0,1,39,0,0,40,97.94
729,40,0,2,1,9.216000325977802,4,4,0,1,39,0,0,40,97.94
729,40,0,3,1,5.119999870657921,4,4,0,1,39,0,0,40,97.94
730,2,0,0,0,15.359999611973763,4,4,0,0,40,0,0,40,2.871
730,2,0,1,0,78.84799689054489,4,4,0,0,40,0,0,40,2.871
730,2,0,2,0,8.191999979317188,4,4,0,0,40,0,0,40,2.871
730,2,0,3,0,5.119999870657921,4,4,0,0,40,0,0,40,2.871
730,24,0,0,0,7.168000098317862,4,4,0,1,39,0,0,40,90.571
730,24,0,1,0,69.63200122117996,4,4,0,1,39,0,0,40,90.571
730,24,0,2,0,9.216000325977802,4,4,0,1,39,0,0,40,90.571
730,24,0,3,0,3.0720001086592674,4,4,0,1,39,0,0,40,90.571
730,40,0,0,1,9.216000325977802,4,4,0,0,40,0,0,40,1.271
730,40,0,1,1,72.7040022611618,4,4,0,0,40,0,0,40,1.271
730,40,0,2,1,9.216000325977802,4,4,0,0,40,0,0,40,1.271
730,40,0,3,1,4.095999989658594,4,4,0,0,40,0,0,40,1.271
731,2,0,0,0,9.216000325977802,1,1,0,0,10,0,0,10,0.46
731,2,0,1,0,31.74399957060814,1,1,0,0,10,0,0,10,0.46
731,2,0,2,0,8.191999979317188,1,1,0,0,10,0,0,10,0.46
731,2,0,3,0,5.119999870657921,1,1,0,0,10,0,0,10,0.46
731,24,0,0,0,8.191999979317188,1,1,0,0,10,0,0,10,0.7
731,24,0,1,0,31.74399957060814,1,1,0,0,10,0,0,10,0.7
731,24,0,2,0,9.216000325977802,1,1,0,0,10,0,0,10,0.7
731,24,0,3,0,4.095999989658594,1,1,0,0,10,0,0,10,0.7
731,40,0,0,1,8.191999979317188,1,1,0,0,10,0,0,10,0.471
731,40,0,1,1,34.81600061058998,1,1,0,0,10,0,0,10,0.471
731,40,0,2,1,9.216000325977802,1,1,0,0,10,0,0,10,0.471
731,40,0,3,1,4.095999989658594,1,1,0,0,10,0,0,10,0.471
732,2,0,0,0,3142.656087875366,4,4,0,0,40,0,0,40,3.01
732,2,0,1,0,79.8719972372055,4,4,0,0,40,0,0,40,3.01
732,2,0,2,0,9.216000325977802,4,4,0,0,40,0,0,40,3.01
732,2,0,3,0,5.119999870657921,4,4,0,0,40,0,0,40,3.01
732,24,0,0,0,8.191999979317188,4,4,0,0,40,0,0,40,1.79
732,24,0,1,0,56.32000043988228,4,4,0,0,40,0,0,40,1.79
732,24,0,2,0,9.216000325977802,4,4,0,0,40,0,0,40,1.79
732,24,0,3,0,4.095999989658594,4,4,0,0,40,0,0,40,1.79
732,40,0,0,1,8.191999979317188,4,4,0,1,39,0,0,40,72.31
732,40,0,1,1,51.19999870657921,4,4,0,1,39,0,0,40,72.31
732,40,0,2,1,9.216000325977802,4,4,0,1,39,0,0,40,72.31
732,40,0,3,1,4.095999989658594,4,4,0,1,39,0,0,40,72.31
733,2,0,0,0,8.191999979317188,4,4,0,1,39,0,0,40,63.41
733,2,0,1,0,64.51199948787689,4,4,0,1,39,0,0,40,63.41
733,2,0,2,0,9.216000325977802,4,4,0,1,39,0,0,40,63.41
733,2,0,3,0,5.119999870657921,4,4,0,1,39,0,0,40,63.41
733,24,0,0,0,8.191999979317188,4,4,0,0,40,0,0,40,3.34
733,24,0,1,0,55.296000093221664,4,4,0,0,40,0,0,40,3.34
733,24,0,2,0,9.216000325977802,4,4,0,0,40,0,0,40,3.34
733,24,0,3,0,4.095999989658594,4,4,0,0,40,0,0,40,3.34
733,40,0,0,1,14.336000196635723,4,4,0,0,40,0,0,40,1.291
733,40,0,1,1,65.5359998345375,4,4,0,0,40,0,0,40,1.291
733,40,0,2,1,8.191999979317188,4,4,0,0,40,0,0,40,1.291
733,40,0,3,1,4.095999989658594,4,4,0,0,40,0,0,40,1.291
734,2,0,0,0,3297.2800731658936,4,4,0,0,40,0,0,40,2.48
734,2,0,1,0,77.82399654388428,4,4,0,0,40,0,0,40,2.48
734,2,0,2,0,8.191999979317188,4,4,0,0,40,0,0,40,2.48
734,2,0,3,0,5.119999870657921,4,4,0,0,40,0,0,40,2.48
734,24,0,0,0,530.4319858551025,4,4,0,0,40,0,0,40,2.131
734,24,0,1,0,59.39200147986412,4,4,0,0,40,0,0,40,2.131
734,24,0,2,0,9.216000325977802,4,4,0,0,40,0,0,40,2.131
734,24,0,3,0,4.095999989658594,4,4,0,0,40,0,0,40,2.131
734,40,0,0,1,15.359999611973763,4,4,0,0,40,0,0,40,2.849
734,40,0,1,1,56.32000043988228,4,4,0,0,40,0,0,40,2.849
734,40,0,2,1,8.191999979317188,4,4,0,0,40,0,0,40,2.849
734,40,0,3,1,4.095999989658594,4,4,0,0,40,0,0,40,2.849
735,2,0,0,0,8.191999979317188,4,4,0,2,38,0,0,40,81.51
735,2,0,1,0,81.91999793052673,4,4,0,2,38,0,0,40,81.51
735,2,0,2,0,9.216000325977802,4,4,0,2,38,0,0,40,81.51
735,2,0,3,0,6.144000217318535,4,4,0,2,38,0,0,40,81.51
735,24,0,0,0,8.191999979317188,4,4,0,0,40,0,0,40,1.41
735,24,0,1,0,67.58400052785873,4,4,0,0,40,0,0,40,1.41
735,24,0,2,0,9.216000325977802,4,4,0,0,40,0,0,40,1.41
735,24,0,3,0,4.095999989658594,4,4,0,0,40,0,0,40,1.41
735,40,0,0,1,9.216000325977802,4,4,0,1,39,0,0,40,72.511
735,40,0,1,1,86.01599931716919,4,4,0,1,39,0,0,40,72.511
735,40,0,2,1,9.216000325977802,4,4,0,1,39,0,0,40,72.511
735,40,0,3,1,5.119999870657921,4,4,0,1,39,0,0,40,72.511
736,2,0,0,0,14.336000196635723,4,4,0,1,39,0,0,40,62.88
736,2,0,1,0,83.96799862384796,4,4,0,1,39,0,0,40,62.88
736,2,0,2,0,9.216000325977802,4,4,0,1,39,0,0,40,62.88
736,2,0,3,0,6.144000217318535,4,4,0,1,39,0,0,40,62.88
736,24,0,0,0,7.168000098317862,4,4,0,0,40,0,0,40,2.93
736,24,0,1,0,66.56000018119812,4,4,0,0,40,0,0,40,2.93
736,24,0,2,0,9.216000325977802,4,4,0,0,40,0,0,40,2.93
736,24,0,3,0,4.095999989658594,4,4,0,0,40,0,0,40,2.93
736,40,0,0,1,9.216000325977802,4,4,0,2,38,0,0,40,199.819
736,40,0,1,1,72.7040022611618,4,4,0,2,38,0,0,40,199.819
736,40,0,2,1,8.191999979317188,4,4,0,2,38,0,0,40,199.819
736,40,0,3,1,107.51999914646149,4,4,0,2,38,0,0,40,199.819
737,2,0,0,0,15.359999611973763,4,4,0,2,38,0,0,40,103.629
737,2,0,1,0,73.72800260782242,4,4,0,2,38,0,0,40,103.629
737,2,0,2,0,9.216000325977802,4,4,0,2,38,0,0,40,103.629
737,2,0,3,0,6.144000217318535,4,4,0,2,38,0,0,40,103.629
737,24,0,0,0,40.95999896526337,4,4,0,0,40,0,0,40,2.01
737,24,0,1,0,72.7040022611618,4,4,0,0,40,0,0,40,2.01
737,24,0,2,0,9.216000325977802,4,4,0,0,40,0,0,40,2.01
737,24,0,3,0,3.0720001086592674,4,4,0,0,40,0,0,40,2.01
737,40,0,0,1,15.359999611973763,4,4,0,0,40,0,0,40,3.35
737,40,0,1,1,57.34400078654289,4,4,0,0,40,0,0,40,3.35
737,40,0,2,1,9.216000325977802,4,4,0,0,40,0,0,40,3.35
737,40,0,3,1,5.119999870657921,4,4,0,0,40,0,0,40,3.35
738,2,0,0,0,14.336000196635723,4,4,0,0,40,0,0,40,1.77
738,2,0,1,0,75.77600330114365,4,4,0,0,40,0,0,40,1.77
738,2,0,2,0,9.216000325977802,4,4,0,0,40,0,0,40,1.77
738,2,0,3,0,5.119999870657921,4,4,0,0,40,0,0,40,1.77
738,24,0,0,0,8.191999979317188,4,4,0,0,40,0,0,40,3.2
738,24,0,1,0,67.58400052785873,4,4,0,0,40,0,0,40,3.2
738,24,0,2,0,9.216000325977802,4,4,0,0,40,0,0,40,3.2
738,24,0,3,0,4.095999989658594,4,4,0,0,40,0,0,40,3.2
738,40,0,0,1,14.336000196635723,4,4,0,0,40,0,0,40,1.27
738,40,0,1,1,55.296000093221664,4,4,0,0,40,0,0,40,1.27
738,40,0,2,1,8.191999979317188,4,4,0,0,40,0,0,40,1.27
738,40,0,3,1,4.095999989658594,4,4,0,0,40,0,0,40,1.27
739,2,0,0,0,15.359999611973763,3,3,0,0,30,0,0,30,1.289
739,2,0,1,0,66.56000018119812,3,3,0,0,30,0,0,30,1.289
739,2,0,2,0,8.191999979317188,3,3,0,0,30,0,0,30,1.289
739,2,0,3,0,5.119999870657921,3,3,0,0,30,0,0,30,1.289
739,24,0,0,0,8.191999979317188,3,3,0,1,29,0,0,30,181.269
739,24,0,1,0,54.27199974656105,3,3,0,1,29,0,0,30,181.269
739,24,0,2,0,8.191999979317188,3,3,0,1,29,0,0,30,181.269
739,24,0,3,0,106.49599879980087,3,3,0,1,29,0,0,30,181.269
739,40,0,0,1,15.359999611973763,3,3,0,0,30,0,0,30,0.99
739,40,0,1,1,47.10400104522705,3,3,0,0,30,0,0,30,0.99
739,40,0,2,1,9.216000325977802,3,3,0,0,30,0,0,30,0.99
739,40,0,3,1,4.095999989658594,3,3,0,0,30,0,0,30,0.99
740,2,0,0,0,14.336000196635723,4,4,0,0,40,0,0,40,6.14
740,2,0,1,0,80.89599758386612,4,4,0,0,40,0,0,40,6.14
740,2,0,2,0,8.191999979317188,4,4,0,0,40,0,0,40,6.14
740,2,0,3,0,5.119999870657921,4,4,0,0,40,0,0,40,6.14
740,24,0,0,0,8.191999979317188,4,4,0,1,39,0,0,40,54.939
740,24,0,1,0,63.48799914121628,4,4,0,1,39,0,0,40,54.939
740,24,0,2,0,9.216000325977802,4,4,0,1,39,0,0,40,54.939
740,24,0,3,0,4.095999989658594,4,4,0,1,39,0,0,40,54.939
740,40,0,0,1,15.359999611973763,4,4,0,0,40,0,0,40,3.58
740,40,0,1,1,54.27199974656105,4,4,0,0,40,0,0,40,3.58
740,40,0,2,1,9.216000325977802,4,4,0,0,40,0,0,40,3.58
740,40,0,3,1,4.095999989658594,4,4,0,0,40,0,0,40,3.58
741,2,0,0,0,9.216000325977802,1,1,0,0,10,0,0,10,0.77
741,2,0,1,0,32.76799991726875,1,1,0,0,10,0,0,10,0.77
741,2,0,2,0,9.216000325977802,1,1,0,0,10,0,0,10,0.77
741,2,0,3,0,4.095999989658594,1,1,0,0,10,0,0,10,0.77
741,24,0,0,0,8.191999979317188,1,1,0,0,10,0,0,10,2.49
741,24,0,1,0,31.74399957060814,1,1,0,0,10,0,0,10,2.49
741,24,0,2,0,9.216000325977802,1,1,0,0,10,0,0,10,2.49
741,24,0,3,0,4.095999989658594,1,1,0,0,10,0,0,10,2.49
741,40,0,0,1,8.191999979317188,1,1,0,0,10,0,0,10,1.19
741,40,0,1,1,35.840000957250595,1,1,0,0,10,0,0,10,1.19
741,40,0,2,1,9.216000325977802,1,1,0,0,10,0,0,10,1.19
741,40,0,3,1,4.095999989658594,1,1,0,0,10,0,0,10,1.19
742,2,0,0,0,14.336000196635723,4,4,0,0,40,0,0,40,3.96
742,2,0,1,0,80.89599758386612,4,4,0,0,40,0,0,40,3.96
742,2,0,2,0,9.216000325977802,4,4,0,0,40,0,0,40,3.96
742,2,0,3,0,6.144000217318535,4,4,0,0,40,0,0,40,3.96
742,24,0,0,0,8.191999979317188,4,4,0,0,40,0,0,40,2.731
742,24,0,1,0,60.416001826524734,4,4,0,0,40,0,0,40,2.731
742,24,0,2,0,9.216000325977802,4,4,0,0,40,0,0,40,2.731
742,24,0,3,0,5.119999870657921,4,4,0,0,40,0,0,40,2.731
742,40,0,0,1,3357.696056365967,4,4,0,0,40,0,0,40,2.431
742,40,0,1,1,71.68000191450119,4,4,0,0,40,0,0,40,2.431
742,40,0,2,1,9.216000325977802,4,4,0,0,40,0,0,40,2.431
742,40,0,3,1,4.095999989658594,4,4,0,0,40,0,0,40,2.431
743,2,0,0,0,14.336000196635723,4,4,0,0,40,0,0,40,3.54
743,2,0,1,0,93.18400174379349,4,4,0,0,40,0,0,40,3.54
743,2,0,2,0,9.216000325977802,4,4,0,0,40,0,0,40,3.54
743,2,0,3,0,7.168000098317862,4,4,0,0,40,0,0,40,3.54
743,24,0,0,0,7.168000098317862,4,4,0,0,40,0,0,40,5.071
743,24,0,1,0,67.58400052785873,4,4,0,0,40,0,0,40,5.071
743,24,0,2,0,9.216000325977802,4,4,0,0,40,0,0,40,5.071
743,24,0,3,0,5.119999870657921,4,4,0,0,40,0,0,40,5.071
743,40,0,0,1,14.336000196635723,4,4,0,0,40,0,0,40,2.69
743,40,0,1,1,66.56000018119812,4,4,0,0,40,0,0,40,2.69
743,40,0,2,1,9.216000325977802,4,4,0,0,40,0,0,40,2.69
743,40,0,3,1,4.095999989658594,4,4,0,0,40,0,0,40,2.69
744,2,0,0,0,8.191999979317188,4,4,0,2,38,0,0,40,109.9
744,2,0,1,0,86.01599931716919,4,4,0,2,38,0,0,40,109.9
744,2,0,2,0,10.239999741315842,4,4,0,2,38,0,0,40,109.9
744,2,0,3,0,5.119999870657921,4,4,0,2,38,0,0,40,109.9
744,24,0,0,0,7.168000098317862,4,4,0,0,40,0,0,40,2.18
744,24,0,1,0,68.60800087451935,4,4,0,0,40,0,0,40,2.18
744,24,0,2,0,9.216000325977802,4,4,0,0,40,0,0,40,2.18
744,24,0,3,0,4.095999989658594,4,4,0,0,40,0,0,40,2.18
744,40,0,0,1,14.336000196635723,4,4,0,0,40,0,0,40,1.699
744,40,0,1,1,65.5359998345375,4,4,0,0,40,0,0,40,1.699
744,40,0,2,1,9.216000325977802,4,4,0,0,40,0,0,40,1.699
744,40,0,3,1,4.095999989658594,4,4,0,0,40,0,0,40,1.699
745,2,0,0,0,8.191999979317188,2,2,0,0,20,0,0,20,2.709
745,2,0,1,0,49.15200173854828,2,2,0,0,20,0,0,20,2.709
745,2,0,2,0,8.191999979317188,2,2,0,0,20,0,0,20,2.709
745,2,0,3,0,5.119999870657921,2,2,0,0,20,0,0,20,2.709
745,24,0,0,0,8.191999979317188,2,2,0,0,20,0,0,20,2.831
745,24,0,1,0,44.03200000524521,2,2,0,0,20,0,0,20,2.831
745,24,0,2,0,8.191999979317188,2,2,0,0,20,0,0,20,2.831
745,24,0,3,0,5.119999870657921,2,2,0,0,20,0,0,20,2.831
745,40,0,0,1,9.216000325977802,2,2,0,0,20,0,0,20,0.82
745,40,0,1,1,46.08000069856644,2,2,0,0,20,0,0,20,0.82
745,40,0,2,1,9.216000325977802,2,2,0,0,20,0,0,20,0.82
745,40,0,3,1,4.095999989658594,2,2,0,0,20,0,0,20,0.82
746,2,0,0,0,9.216000325977802,2,2,0,0,20,0,0,20,1.7
746,2,0,1,0,51.19999870657921,2,2,0,0,20,0,0,20,1.7
746,2,0,2,0,9.216000325977802,2,2,0,0,20,0,0,20,1.7
746,2,0,3,0,4.095999989658594,2,2,0,0,20,0,0,20,1.7
746,24,0,0,0,9.216000325977802,2,2,0,0,20,0,0,20,0.99
746,24,0,1,0,52.22399905323982,2,2,0,0,20,0,0,20,0.99
746,24,0,2,0,9.216000325977802,2,2,0,0,20,0,0,20,0.99
746,24,0,3,0,4.095999989658594,2,2,0,0,20,0,0,20,0.99
746,40,0,0,1,8.191999979317188,2,2,0,0,20,0,0,20,1.29
746,40,0,1,1,43.007999658584595,2,2,0,0,20,0,0,20,1.29
746,40,0,2,1,10.239999741315842,2,2,0,0,20,0,0,20,1.29
746,40,0,3,1,4.095999989658594,2,2,0,0,20,0,0,20,1.29
747,2,0,0,0,8.191999979317188,4,4,0,1,39,0,0,40,66.14
747,2,0,1,0,68.60800087451935,4,4,0,1,39,0,0,40,66.14
747,2,0,2,0,9.216000325977802,4,4,0,1,39,0,0,40,66.14
747,2,0,3,0,6.144000217318535,4,4,0,1,39,0,0,40,66.14
747,24,0,0,0,8.191999979317188,4,4,0,0,40,0,0,40,3.96
747,24,0,1,0,76.80000364780426,4,4,0,0,40,0,0,40,3.96
747,24,0,2,0,9.216000325977802,4,4,0,0,40,0,0,40,3.96
747,24,0,3,0,4.095999989658594,4,4,0,0,40,0,0,40,3.96
747,40,0,0,1,9.216000325977802,4,4,0,0,40,0,0,40,2.84
747,40,0,1,1,58.36800113320351,4,4,0,0,40,0,0,40,2.84
747,40,0,2,1,9.216000325977802,4,4,0,0,40,0,0,40,2.84
747,40,0,3,1,4.095999989658594,4,4,0,0,40,0,0,40,2.84
748,2,0,0,0,8.191999979317188,1,1,0,0,10,0,0,10,0.64
748,2,0,1,0,31.74399957060814,1,1,0,0,10,0,0,10,0.64
748,2,0,2,0,9.216000325977802,1,1,0,0,10,0,0,10,0.64
748,2,0,3,0,5.119999870657921,1,1,0,0,10,0,0,10,0.64
748,24,0,0,0,8.191999979317188,1,1,0,0,10,0,0,10,0.511
748,24,0,1,0,32.76799991726875,1,1,0,0,10,0,0,10,0.511
748,24,0,2,0,9.216000325977802,1,1,0,0,10,0,0,10,0.511
748,24,0,3,0,4.095999989658594,1,1,0,0,10,0,0,10,0.511
748,40,0,0,1,8.191999979317188,1,1,0,0,10,0,0,10,0.58
748,40,0,1,1,35.840000957250595,1,1,0,0,10,0,0,10,0.58
748,40,0,2,1,8.191999979317188,1,1,0,0,10,0,0,10,0.58
748,40,0,3,1,3.0720001086592674,1,1,0,0,10,0,0,10,0.58
749,2,0,0,0,9.216000325977802,4,4,0,1,39,0,0,40,95.6
749,2,0,1,0,86.01599931716919,4,4,0,1,39,0,0,40,95.6
749,2,0,2,0,9.216000325977802,4,4,0,1,39,0,0,40,95.6
749,2,0,3,0,5.119999870657921,4,4,0,1,39,0,0,40,95.6
749,24,0,0,0,8.191999979317188,4,4,0,0,40,0,0,40,1.84
749,24,0,1,0,61.43999844789505,4,4,0,0,40,0,0,40,1.84
749,24,0,2,0,8.191999979317188,4,4,0,0,40,0,0,40,1.84
749,24,0,3,0,4.095999989658594,4,4,0,0,40,0,0,40,1.84
749,40,0,0,1,13.311999849975109,4,4,0,0,40,0,0,40,3.889
749,40,0,1,1,84.99199897050858,4,4,0,0,40,0,0,40,3.889
749,40,0,2,1,9.216000325977802,4,4,0,0,40,0,0,40,3.889
749,40,0,3,1,4.095999989658594,4,4,0,0,40,0,0,40,3.889
750,2,0,0,0,9.216000325977802,4,4,0,1,39,0,0,40,77.92
750,2,0,1,0,76.80000364780426,4,4,0,1,39,0,0,40,77.92
750,2,0,2,0,9.216000325977802,4,4,0,1,39,0,0,40,77.92
750,2,0,3,0,6.144000217318535,4,4,0,1,39,0,0,40,77.92
750,24,0,0,0,7.168000098317862,4,4,0,0,40,0,0,40,1.86
750,24,0,1,0,68.60800087451935,4,4,0,0,40,0,0,40,1.86
750,24,0,2,0,9.216000325977802,4,4,0,0,40,0,0,40,1.86
750,24,0,3,0,5.119999870657921,4,4,0,0,40,0,0,40,1.86
750,40,0,0,1,9.216000325977802,4,4,0,1,39,0,0,40,86.109
750,40,0,1,1,83.96799862384796,4,4,0,1,39,0,0,40,86.109
750,40,0,2,1,9.216000325977802,4,4,0,1,39,0,0,40,86.109
750,40,0,3,1,5.119999870657921,4,4,0,1,39,0,0,40,86.109
751,2,0,0,0,14.336000196635723,4,4,0,0,40,0,0,40,2.76
751,2,0,1,0,81.91999793052673,4,4,0,0,40,0,0,40,2.76
751,2,0,2,0,8.191999979317188,4,4,0,0,40,0,0,40,2.76
751,2,0,3,0,5.119999870657921,4,4,0,0,40,0,0,40,2.76
751,24,0,0,0,8.191999979317188,4,4,0,0,40,0,0,40,3.689
751,24,0,1,0,65.5359998345375,4,4,0,0,40,0,0,40,3.689
751,24,0,2,0,9.216000325977802,4,4,0,0,40,0,0,40,3.689
751,24,0,3,0,4.095999989658594,4,4,0,0,40,0,0,40,3.689
751,40,0,0,1,14.336000196635723,4,4,0,0,40,0,0,40,1.94
751,40,0,1,1,64.51199948787689,4,4,0,0,40,0,0,40,1.94
751,40,0,2,1,9.216000325977802,4,4,0,0,40,0,0,40,1.94
751,40,0,3,1,4.095999989658594,4,4,0,0,40,0,0,40,1.94
752,2,0,0,0,9.216000325977802,4,4,0,1,39,0,0,40,72.82
752,2,0,1,0,74.75200295448303,4,4,0,1,39,0,0,40,72.82
752,2,0,2,0,9.216000325977802,4,4,0,1,39,0,0,40,72.82
752,2,0,3,0,5.119999870657921,4,4,0,1,39,0,0,40,72.82
752,24,0,0,0,8.191999979317188,4,4,0,0,40,0,0,40,3.649
752,24,0,1,0,67.58400052785873,4,4,0,0,40,0,0,40,3.649
752,24,0,2,0,9.216000325977802,4,4,0,0,40,0,0,40,3.649
752,24,0,3,0,4.095999989658594,4,4,0,0,40,0,0,40,3.649
752,40,0,0,1,13.311999849975109,4,4,0,0,40,0,0,40,2.92
752,40,0,1,1,68.60800087451935,4,4,0,0,40,0,0,40,2.92
752,40,0,2,1,9.216000325977802,4,4,0,0,40,0,0,40,2.92
752,40,0,3,1,4.095999989658594,4,4,0,0,40,0,0,40,2.92
753,2,0,0,0,9.216000325977802,4,4,0,1,39,0,0,40,61.96
753,2,0,1,0,83.96799862384796,4,4,0,1,39,0,0,40,61.96
753,2,0,2,0,9.216000325977802,4,4,0,1,39,0,0,40,61.96
753,2,0,3,0,7.168000098317862,4,4,0,1,39,0,0,40,61.96
753,24,0,0,0,8.191999979317188,4,4,0,0,40,0,0,40,1.91
753,24,0,1,0,72.7040022611618,4,4,0,0,40,0,0,40,1.91
753,24,0,2,0,9.216000325977802,4,4,0,0,40,0,0,40,1.91
753,24,0,3,0,4.095999989658594,4,4,0,0,40,0,0,40,1.91
753,40,0,0,1,9.216000325977802,4,4,0,1,39,0,0,40,63.949
753,40,0,1,1,62.463998794555664,4,4,0,1,39,0,0,40,63.949
753,40,0,2,1,9.216000325977802,4,4,0,1,39,0,0,40,63.949
753,40,0,3,1,5.119999870657921,4,4,0,1,39,0,0,40,63.949
754,2,0,0,0,14.336000196635723,4,4,0,1,39,0,0,40,67.26
754,2,0,1,0,82.94399827718735,4,4,0,1,39,0,0,40,67.26
754,2,0,2,0,9.216000325977802,4,4,0,1,39,0,0,40,67.26
754,2,0,3,0,7.168000098317862,4,4,0,1,39,0,0,40,67.26
754,24,0,0,0,8.191999979317188,4,4,0,0,40,0,0,40,1.34
754,24,0,1,0,69.63200122117996,4,4,0,0,40,0,0,40,1.34
754,24,0,2,0,9.216000325977802,4,4,0,0,40,0,0,40,1.34
754,24,0,3,0,4.095999989658594,4,4,0,0,40,0,0,40,1.34
754,40,0,0,1,8.191999979317188,4,4,0,4,36,0,0,40,63.051
754,40,0,1,1,44.03200000524521,4,4,0,4,36,0,0,40,63.051
754,40,0,2,1,9.216000325977802,4,4,0,4,36,0,0,40,63.051
754,40,0,3,1,4.095999989658594,4,4,0,4,36,0,0,40,63.051
755,2,0,0,0,9.216000325977802,1,1,0,0,10,0,0,10,2.21
755,2,0,1,0,32.76799991726875,1,1,0,0,10,0,0,10,2.21
755,2,0,2,0,8.191999979317188,1,1,0,0,10,0,0,10,2.21
755,2,0,3,0,5.119999870657921,1,1,0,0,10,0,0,10,2.21
755,24,0,0,0,8.191999979317188,1,1,0,0,10,0,0,10,0.29
755,24,0,1,0,32.76799991726875,1,1,0,0,10,0,0,10,0.29
755,24,0,2,0,9.216000325977802,1,1,0,0,10,0,0,10,0.29
755,24,0,3,0,4.095999989658594,1,1,0,0,10,0,0,10,0.29
755,40,0,0,1,8.191999979317188,1,1,0,0,10,0,0,10,0.54
755,40,0,1,1,34.81600061058998,1,1,0,0,10,0,0,10,0.54
755,40,0,2,1,8.191999979317188,1,1,0,0,10,0,0,10,0.54
755,40,0,3,1,4.095999989658594,1,1,0,0,10,0,0,10,0.54
756,2,0,0,0,14.336000196635723,4,4,0,0,40,0,0,40,3.87
756,2,0,1,0,74.75200295448303,4,4,0,0,40,0,0,40,3.87
756,2,0,2,0,9.216000325977802,4,4,0,0,40,0,0,40,3.87
756,2,0,3,0,6.144000217318535,4,4,0,0,40,0,0,40,3.87
756,24,0,0,0,8.191999979317188,4,4,0,0,40,0,0,40,1.7
756,24,0,1,0,69.63200122117996,4,4,0,0,40,0,0,40,1.7
756,24,0,2,0,9.216000325977802,4,4,0,0,40,0,0,40,1.7
756,24,0,3,0,4.095999989658594,4,4,0,0,40,0,0,40,1.7
756,40,0,0,1,8.191999979317188,4,4,0,1,39,0,0,40,73.64
756,40,0,1,1,61.43999844789505,4,4,0,1,39,0,0,40,73.64
756,40,0,2,1,9.216000325977802,4,4,0,1,39,0,0,40,73.64
756,40,0,3,1,4.095999989658594,4,4,0,1,39,0,0,40,73.64
757,2,0,0,0,15.359999611973763,4,4,0,1,39,0,0,40,236.139
757,2,0,1,0,83.96799862384796,4,4,0,1,39,0,0,40,236.139
757,2,0,2,0,9.216000325977802,4,4,0,1,39,0,0,40,236.139
757,2,0,3,0,125.95200538635254,4,4,0,1,39,0,0,40,236.139
757,24,0,0,0,8.191999979317188,4,4,0,0,40,0,0,40,3.3
757,24,0,1,0,57.34400078654289,4,4,0,0,40,0,0,40,3.3
757,24,0,2,0,9.216000325977802,4,4,0,0,40,0,0,40,3.3
757,24,0,3,0,4.095999989658594,4,4,0,0,40,0,0,40,3.3
757,40,0,0,1,14.336000196635723,4,4,0,0,40,0,0,40,2.58
757,40,0,1,1,54.27199974656105,4,4,0,0,40,0,0,40,2.58
757,40,0,2,1,8.191999979317188,4,4,0,0,40,0,0,40,2.58
757,40,0,3,1,3.0720001086592674,4,4,0,0,40,0,0,40,2.58
758,2,0,0,0,15.359999611973763,3,3,0,0,30,0,0,30,3.44
758,2,0,1,0,71.68000191450119,3,3,0,0,30,0,0,30,3.44
758,2,0,2,0,9.216000325977802,3,3,0,0,30,0,0,30,3.44
758,2,0,3,0,6.144000217318535,3,3,0,0,30,0,0,30,3.44
758,24,0,0,0,9.216000325977802,3,3,0,0,30,0,0,30,1.511
758,24,0,1,0,58.36800113320351,3,3,0,0,30,0,0,30,1.511
758,24,0,2,0,9.216000325977802,3,3,0,0,30,0,0,30,1.511
758,24,0,3,0,3.0720001086592674,3,3,0,0,30,0,0,30,1.511
758,40,0,0,1,8.191999979317188,3,3,0,0,30,0,0,30,0.98
758,40,0,1,1,48.128001391887665,3,3,0,0,30,0,0,30,0.98
758,40,0,2,1,9.216000325977802,3,3,0,0,30,0,0,30,0.98
758,40,0,3,1,4.095999989658594,3,3,0,0,30,0,0,30,0.98
759,2,0,0,0,15.359999611973763,4,4,0,0,40,0,0,40,2.749
759,2,0,1,0,79.8719972372055,4,4,0,0,40,0,0,40,2.749
759,2,0,2,0,9.216000325977802,4,4,0,0,40,0,0,40,2.749
759,2,0,3,0,8.191999979317188,4,4,0,0,40,0,0,40,2.749
759,24,0,0,0,7.168000098317862,4,4,0,0,40,0,0,40,2.671
759,24,0,1,0,69.63200122117996,4,4,0,0,40,0,0,40,2.671
759,24,0,2,0,9.216000325977802,4,4,0,0,40,0,0,40,2.671
759,24,0,3,0,4.095999989658594,4,4,0,0,40,0,0,40,2.671
759,40,0,0,1,8.191999979317188,4,4,0,1,39,0,0,40,112.229
759,40,0,1,1,95.23200243711472,4,4,0,1,39,0,0,40,112.229
759,40,0,2,1,9.216000325977802,4,4,0,1,39,0,0,40,112.229
759,40,0,3,1,4.095999989658594,4,4,0,1,39,0,0,40,112.229
760,2,0,0,0,14.336000196635723,4,4,0,0,40,0,0,40,2.99
760,2,0,1,0,69.63200122117996,4,4,0,0,40,0,0,40,2.99
760,2,0,2,0,9.216000325977802,4,4,0,0,40,0,0,40,2.99
760,2,0,3,0,5.119999870657921,4,4,0,0,40,0,0,40,2.99
760,24,0,0,0,8.191999979317188,4,4,0,0,40,0,0,40,4.55
760,24,0,1,0,57.34400078654289,4,4,0,0,40,0,0,40,4.55
760,24,0,2,0,9.216000325977802,4,4,0,0,40,0,0,40,4.55
760,24,0,3,0,4.095999989658594,4,4,0,0,40,0,0,40,4.55
760,40,0,0,1,14.336000196635723,4,4,0,0,40,0,0,40,3.8
760,40,0,1,1,78.84799689054489,4,4,0,0,40,0,0,40,3.8
760,40,0,2,1,9.216000325977802,4,4,0,0,40,0,0,40,3.8
760,40,0,3,1,4.095999989658594,4,4,0,0,40,0,0,40,3.8
761,2,0,0,0,14.336000196635723,4,4,0,0,40,0,0,40,2.74
761,2,0,1,0,78.84799689054489,4,4,0,0,40,0,0,40,2.74
761,2,0,2,0,8.191999979317188,4,4,0,0,40,0,0,40,2.74
761,2,0,3,0,6.144000217318535,4,4,0,0,40,0,0,40,2.74
761,24,0,0,0,8.191999979317188,4,4,0,0,40,0,0,40,1.82
761,24,0,1,0,56.32000043988228,4,4,0,0,40,0,0,40,1.82
761,24,0,2,0,9.216000325977802,4,4,0,0,40,0,0,40,1.82
761,24,0,3,0,4.095999989658594,4,4,0,0,40,0,0,40,1.82
761,40,0,0,1,9.216000325977802,4,4,0,1,39,0,0,40,79.859
761,40,0,1,1,86.01599931716919,4,4,0,1,39,0,0,40,79.859
761,40,0,2,1,9.216000325977802,4,4,0,1,39,0,0,40,79.859
761,40,0,3,1,4.095999989658594,4,4,0,1,39,0,0,40,79.859
762,2,0,0,0,9.216000325977802,2,2,0,0,20,0,0,20,1.06
762,2,0,1,0,51.19999870657921,2,2,0,0,20,0,0,20,1.06
762,2,0,2,0,9.216000325977802,2,2,0,0,20,0,0,20,1.06
762,2,0,3,0,5.119999870657921,2,2,0,0,20,0,0,20,1.06
762,24,0,0,0,8.191999979317188,2,2,0,0,20,0,0,20,1.109
762,24,0,1,0,41.98399931192398,2,2,0,0,20,0,0,20,1.109
762,24,0,2,0,8.191999979317188,2,2,0,0,20,0,0,20,1.109
762,24,0,3,0,4.095999989658594,2,2,0,0,20,0,0,20,1.109
762,40,0,0,1,9.216000325977802,2,2,0,0,20,0,0,20,0.789
762,40,0,1,1,44.03200000524521,2,2,0,0,20,0,0,20,0.789
762,40,0,2,1,9.216000325977802,2,2,0,0,20,0,0,20,0.789
762,40,0,3,1,4.095999989658594,2,2,0,0,20,0,0,20,0.789
763,2,0,0,0,8.191999979317188,2,2,0,0,20,0,0,20,1.0
763,2,0,1,0,48.128001391887665,2,2,0,0,20,0,0,20,1.0
763,2,0,2,0,8.191999979317188,2,2,0,0,20,0,0,20,1.0
763,2,0,3,0,4.095999989658594,2,2,0,0,20,0,0,20,1.0
763,24,0,0,0,8.191999979317188,2,2,0,0,20,0,0,20,1.149
763,24,0,1,0,50.175998359918594,2,2,0,0,20,0,0,20,1.149
763,24,0,2,0,9.216000325977802,2,2,0,0,20,0,0,20,1.149
763,24,0,3,0,4.095999989658594,2,2,0,0,20,0,0,20,1.149
763,40,0,0,1,9.216000325977802,2,2,0,0,20,0,0,20,0.99
763,40,0,1,1,51.19999870657921,2,2,0,0,20,0,0,20,0.99
763,40,0,2,1,9.216000325977802,2,2,0,0,20,0,0,20,0.99
763,40,0,3,1,4.095999989658594,2,2,0,0,20,0,0,20,0.99
764,2,0,0,0,15.359999611973763,3,3,0,0,30,0,0,30,1.64
764,2,0,1,0,62.463998794555664,3,3,0,0,30,0,0,30,1.64
764,2,0,2,0,8.191999979317188,3,3,0,0,30,0,0,30,1.64
764,2,0,3,0,5.119999870657921,3,3,0,0,30,0,0,30,1.64
764,24,0,0,0,9.216000325977802,3,3,0,0,30,0,0,30,2.09
764,24,0,1,0,56.32000043988228,3,3,0,0,30,0,0,30,2.09
764,24,0,2,0,9.216000325977802,3,3,0,0,30,0,0,30,2.09
764,24,0,3,0,4.095999989658594,3,3,0,0,30,0,0,30,2.09
764,40,0,0,1,9.216000325977802,3,3,0,0,30,0,0,30,1.249
764,40,0,1,1,56.32000043988228,3,3,0,0,30,0,0,30,1.249
764,40,0,2,1,9.216000325977802,3,3,0,0,30,0,0,30,1.249
764,40,0,3,1,4.095999989658594,3,3,0,0,30,0,0,30,1.249
765,2,0,0,0,13.311999849975109,4,4,0,0,40,0,0,40,2.84
765,2,0,1,0,87.0399996638298,4,4,0,0,40,0,0,40,2.84
765,2,0,2,0,9.216000325977802,4,4,0,0,40,0,0,40,2.84
765,2,0,3,0,5.119999870657921,4,4,0,0,40,0,0,40,2.84
765,24,0,0,0,7.168000098317862,4,4,0,0,40,0,0,40,2.64
765,24,0,1,0,83.96799862384796,4,4,0,0,40,0,0,40,2.64
765,24,0,2,0,9.216000325977802,4,4,0,0,40,0,0,40,2.64
765,24,0,3,0,4.095999989658594,4,4,0,0,40,0,0,40,2.64
765,40,0,0,1,8.191999979317188,4,4,0,0,40,0,0,40,2.15
765,40,0,1,1,99.32799637317657,4,4,0,0,40,0,0,40,2.15
765,40,0,2,1,9.216000325977802,4,4,0,0,40,0,0,40,2.15
765,40,0,3,1,4.095999989658594,4,4,0,0,40,0,0,40,2.15
766,2,0,0,0,14.336000196635723,4,4,0,0,40,0,0,40,4.911
766,2,0,1,0,84.99199897050858,4,4,0,0,40,0,0,40,4.911
766,2,0,2,0,9.216000325977802,4,4,0,0,40,0,0,40,4.911
766,2,0,3,0,5.119999870657921,4,4,0,0,40,0,0,40,4.911
766,24,0,0,0,8.191999979317188,4,4,0,0,40,0,0,40,2.1
766,24,0,1,0,65.5359998345375,4,4,0,0,40,0,0,40,2.1
766,24,0,2,0,9.216000325977802,4,4,0,0,40,0,0,40,2.1
766,24,0,3,0,4.095999989658594,4,4,0,0,40,0,0,40,2.1
766,40,0,0,1,7.168000098317862,4,4,0,1,39,0,0,40,84.3
766,40,0,1,1,66.56000018119812,4,4,0,1,39,0,0,40,84.3
766,40,0,2,1,9.216000325977802,4,4,0,1,39,0,0,40,84.3
766,40,0,3,1,4.095999989658594,4,4,0,1,39,0,0,40,84.3
767,2,0,0,0,15.359999611973763,4,4,0,0,40,0,0,40,2.88
767,2,0,1,0,87.0399996638298,4,4,0,0,40,0,0,40,2.88
767,2,0,2,0,8.191999979317188,4,4,0,0,40,0,0,40,2.88
767,2,0,3,0,5.119999870657921,4,4,0,0,40,0,0,40,2.88
767,24,0,0,0,8.191999979317188,4,4,0,0,40,0,0,40,2.47
767,24,0,1,0,82.94399827718735,4,4,0,0,40,0,0,40,2.47
767,24,0,2,0,9.216000325977802,4,4,0,0,40,0,0,40,2.47
767,24,0,3,0,5.119999870657921,4,4,0,0,40,0,0,40,2.47
767,40,0,0,1,14.336000196635723,4,4,0,0,40,0,0,40,2.16
767,40,0,1,1,86.01599931716919,4,4,0,0,40,0,0,40,2.16
767,40,0,2,1,9.216000325977802,4,4,0,0,40,0,0,40,2.16
767,40,0,3,1,5.119999870657921,4,4,0,0,40,0,0,40,2.16
768,2,0,0,0,9.216000325977802,4,4,0,0,40,0,0,40,2.31
768,2,0,1,0,82.94399827718735,4,4,0,0,40,0,0,40,2.31
768,2,0,2,0,9.216000325977802,4,4,0,0,40,0,0,40,2.31
768,2,0,3,0,6.144000217318535,4,4,0,0,40,0,0,40,2.31
768,24,0,0,0,8.191999979317188,4,4,0,0,40,0,0,40,2.34
768,24,0,1,0,72.7040022611618,4,4,0,0,40,0,0,40,2.34
768,24,0,2,0,9.216000325977802,4,4,0,0,40,0,0,40,2.34
768,24,0,3,0,4.095999989658594,4,4,0,0,40,0,0,40,2.34
768,40,0,0,1,8.191999979317188,4,4,0,0,40,0,0,40,2.09
768,40,0,1,1,63.48799914121628,4,4,0,0,40,0,0,40,2.09
768,40,0,2,1,9.216000325977802,4,4,0,0,40,0,0,40,2.09
768,40,0,3,1,4.095999989658594,4,4,0,0,40,0,0,40,2.09
769,2,0,0,0,8.191999979317188,4,4,0,0,40,0,0,40,2.26
769,2,0,1,0,74.75200295448303,4,4,0,0,40,0,0,40,2.26
769,2,0,2,0,9.216000325977802,4,4,0,0,40,0,0,40,2.26
769,2,0,3,0,5.119999870657921,4,4,0,0,40,0,0,40,2.26
769,24,0,0,0,9.216000325977802,4,4,0,0,40,0,0,40,2.309
769,24,0,1,0,83.96799862384796,4,4,0,0,40,0,0,40,2.309
769,24,0,2,0,8.191999979317188,4,4,0,0,40,0,0,40,2.309
769,24,0,3,0,4.095999989658594,4,4,0,0,40,0,0,40,2.309
769,40,0,0,1,8.191999979317188,4,4,0,1,39,0,0,40,77.379
769,40,0,1,1,98.30400347709656,4,4,0,1,39,0,0,40,77.379
769,40,0,2,1,9.216000325977802,4,4,0,1,39,0,0,40,77.379
769,40,0,3,1,4.095999989658594,4,4,0,1,39,0,0,40,77.379
770,2,0,0,0,8.191999979317188,3,3,0,2,28,0,0,30,109.719
770,2,0,1,0,64.51199948787689,3,3,0,2,28,0,0,30,109.719
770,2,0,2,0,9.216000325977802,3,3,0,2,28,0,0,30,109.719
770,2,0,3,0,25.599999353289604,3,3,0,2,28,0,0,30,109.719
770,24,0,0,0,8.191999979317188,3,3,0,0,30,0,0,30,1.9
770,24,0,1,0,70.65600156784058,3,3,0,0,30,0,0,30,1.9
770,24,0,2,0,9.216000325977802,3,3,0,0,30,0,0,30,1.9
770,24,0,3,0,4.095999989658594,3,3,0,0,30,0,0,30,1.9
770,40,0,0,1,8.191999979317188,3,3,0,0,30,0,0,30,1.509
770,40,0,1,1,66.56000018119812,3,3,0,0,30,0,0,30,1.509
770,40,0,2,1,8.191999979317188,3,3,0,0,30,0,0,30,1.509
770,40,0,3,1,4.095999989658594,3,3,0,0,30,0,0,30,1.509
771,2,0,0,0,16.383999958634377,3,3,0,0,30,0,0,30,1.611
771,2,0,1,0,59.39200147986412,3,3,0,0,30,0,0,30,1.611
771,2,0,2,0,9.216000325977802,3,3,0,0,30,0,0,30,1.611
771,2,0,3,0,5.119999870657921,3,3,0,0,30,0,0,30,1.611
771,24,0,0,0,7.168000098317862,3,3,0,0,30,0,0,30,1.64
771,24,0,1,0,51.19999870657921,3,3,0,0,30,0,0,30,1.64
771,24,0,2,0,9.216000325977802,3,3,0,0,30,0,0,30,1.64
771,24,0,3,0,5.119999870657921,3,3,0,0,30,0,0,30,1.64
771,40,0,0,1,8.191999979317188,3,3,0,0,30,0,0,30,1.27
771,40,0,1,1,48.128001391887665,3,3,0,0,30,0,0,30,1.27
771,40,0,2,1,9.216000325977802,3,3,0,0,30,0,0,30,1.27
771,40,0,3,1,4.095999989658594,3,3,0,0,30,0,0,30,1.27
772,2,0,0,0,14.336000196635723,3,3,0,0,30,0,0,30,2.011
772,2,0,1,0,68.60800087451935,3,3,0,0,30,0,0,30,2.011
772,2,0,2,0,8.191999979317188,3,3,0,0,30,0,0,30,2.011
772,2,0,3,0,5.119999870657921,3,3,0,0,30,0,0,30,2.011
772,24,0,0,0,8.191999979317188,3,3,0,1,29,0,0,30,147.87
772,24,0,1,0,58.36800113320351,3,3,0,1,29,0,0,30,147.87
772,24,0,2,0,8.191999979317188,3,3,0,1,29,0,0,30,147.87
772,24,0,3,0,66.56000018119812,3,3,0,1,29,0,0,30,147.87
772,40,0,0,1,15.359999611973763,3,3,0,0,30,0,0,30,1.46
772,40,0,1,1,48.128001391887665,3,3,0,0,30,0,0,30,1.46
772,40,0,2,1,8.191999979317188,3,3,0,0,30,0,0,30,1.46
772,40,0,3,1,4.095999989658594,3,3,0,0,30,0,0,30,1.46
773,2,0,0,0,15.359999611973763,3,3,0,0,30,0,0,30,2.06
773,2,0,1,0,54.27199974656105,3,3,0,0,30,0,0,30,2.06
773,2,0,2,0,9.216000325977802,3,3,0,0,30,0,0,30,2.06
773,2,0,3,0,5.119999870657921,3,3,0,0,30,0,0,30,2.06
773,24,0,0,0,9.216000325977802,3,3,0,0,30,0,0,30,1.63
773,24,0,1,0,54.27199974656105,3,3,0,0,30,0,0,30,1.63
773,24,0,2,0,9.216000325977802,3,3,0,0,30,0,0,30,1.63
773,24,0,3,0,4.095999989658594,3,3,0,0,30,0,0,30,1.63
773,40,0,0,1,14.336000196635723,3,3,0,0,30,0,0,30,3.04
773,40,0,1,1,53.247999399900436,3,3,0,0,30,0,0,30,3.04
773,40,0,2,1,9.216000325977802,3,3,0,0,30,0,0,30,3.04
773,40,0,3,1,4.095999989658594,3,3,0,0,30,0,0,30,3.04
774,2,0,0,0,8.191999979317188,1,1,0,0,10,0,0,10,0.61
774,2,0,1,0,31.74399957060814,1,1,0,0,10,0,0,10,0.61
774,2,0,2,0,9.216000325977802,1,1,0,0,10,0,0,10,0.61
774,2,0,3,0,5.119999870657921,1,1,0,0,10,0,0,10,0.61
774,24,0,0,0,8.191999979317188,1,1,0,0,10,0,0,10,0.431
774,24,0,1,0,32.76799991726875,1,1,0,0,10,0,0,10,0.431
774,24,0,2,0,8.191999979317188,1,1,0,0,10,0,0,10,0.431
774,24,0,3,0,3.0720001086592674,1,1,0,0,10,0,0,10,0.431
774,40,0,0,1,9.216000325977802,1,1,0,0,10,0,0,10,0.57
774,40,0,1,1,35.840000957250595,1,1,0,0,10,0,0,10,0.57
774,40,0,2,1,9.216000325977802,1,1,0,0,10,0,0,10,0.57
774,40,0,3,1,4.095999989658594,1,1,0,0,10,0,0,10,0.57
775,2,0,0,0,8.191999979317188,1,1,0,0,10,0,0,10,0.46
775,2,0,1,0,32.76799991726875,1,1,0,0,10,0,0,10,0.46
775,2,0,2,0,9.216000325977802,1,1,0,0,10,0,0,10,0.46
775,2,0,3,0,5.119999870657921,1,1,0,0,10,0,0,10,0.46
775,24,0,0,0,8.191999979317188,1,1,0,0,10,0,0,10,1.34
775,24,0,1,0,32.76799991726875,1,1,0,0,10,0,0,10,1.34
775,24,0,2,0,8.191999979317188,1,1,0,0,10,0,0,10,1.34
775,24,0,3,0,5.119999870657921,1,1,0,0,10,0,0,10,1.34
775,40,0,0,1,9.216000325977802,1,1,0,0,10,0,0,10,0.289
775,40,0,1,1,34.81600061058998,1,1,0,0,10,0,0,10,0.289
775,40,0,2,1,9.216000325977802,1,1,0,0,10,0,0,10,0.289
775,40,0,3,1,4.095999989658594,1,1,0,0,10,0,0,10,0.289
776,2,0,0,0,14.336000196635723,4,4,0,0,40,0,0,40,1.83
776,2,0,1,0,71.68000191450119,4,4,0,0,40,0,0,40,1.83
776,2,0,2,0,8.191999979317188,4,4,0,0,40,0,0,40,1.83
776,2,0,3,0,4.095999989658594,4,4,0,0,40,0,0,40,1.83
776,24,0,0,0,8.191999979317188,4,4,0,1,39,0,0,40,50.191
776,24,0,1,0,66.56000018119812,4,4,0,1,39,0,0,40,50.191
776,24,0,2,0,9.216000325977802,4,4,0,1,39,0,0,40,50.191
776,24,0,3,0,4.095999989658594,4,4,0,1,39,0,0,40,50.191
776,40,0,0,1,14.336000196635723,4,4,0,0,40,0,0,40,1.84
776,40,0,1,1,80.89599758386612,4,4,0,0,40,0,0,40,1.84
776,40,0,2,1,9.216000325977802,4,4,0,0,40,0,0,40,1.84
776,40,0,3,1,4.095999989658594,4,4,0,0,40,0,0,40,1.84
777,2,0,0,0,9.216000325977802,3,3,0,0,30,0,0,30,1.32
777,2,0,1,0,61.43999844789505,3,3,0,0,30,0,0,30,1.32
777,2,0,2,0,9.216000325977802,3,3,0,0,30,0,0,30,1.32
777,2,0,3,0,6.144000217318535,3,3,0,0,30,0,0,30,1.32
777,24,0,0,0,9.216000325977802,3,3,0,0,30,0,0,30,1.46
777,24,0,1,0,59.39200147986412,3,3,0,0,30,0,0,30,1.46
777,24,0,2,0,8.191999979317188,3,3,0,0,30,0,0,30,1.46
777,24,0,3,0,4.095999989658594,3,3,0,0,30,0,0,30,1.46
777,40,0,0,1,9.216000325977802,3,3,0,1,29,0,0,30,153.799
777,40,0,1,1,56.32000043988228,3,3,0,1,29,0,0,30,153.799
777,40,0,2,1,9.216000325977802,3,3,0,1,29,0,0,30,153.799
777,40,0,3,1,74.75200295448303,3,3,0,1,29,0,0,30,153.799
778,2,0,0,0,8.191999979317188,4,4,0,0,40,0,0,40,3.18
778,2,0,1,0,81.91999793052673,4,4,0,0,40,0,0,40,3.18
778,2,0,2,0,9.216000325977802,4,4,0,0,40,0,0,40,3.18
778,2,0,3,0,5.119999870657921,4,4,0,0,40,0,0,40,3.18
778,24,0,0,0,8.191999979317188,4,4,0,0,40,0,0,40,2.03
778,24,0,1,0,81.91999793052673,4,4,0,0,40,0,0,40,2.03
778,24,0,2,0,9.216000325977802,4,4,0,0,40,0,0,40,2.03
778,24,0,3,0,4.095999989658594,4,4,0,0,40,0,0,40,2.03
778,40,0,0,1,9.216000325977802,4,4,0,2,38,0,0,40,120.999
778,40,0,1,1,84.99199897050858,4,4,0,2,38,0,0,40,120.999
778,40,0,2,1,10.239999741315842,4,4,0,2,38,0,0,40,120.999
778,40,0,3,1,14.336000196635723,4,4,0,2,38,0,0,40,120.999
779,2,0,0,0,15.359999611973763,4,4,0,2,38,0,0,40,112.9
779,2,0,1,0,84.99199897050858,4,4,0,2,38,0,0,40,112.9
779,2,0,2,0,9.216000325977802,4,4,0,2,38,0,0,40,112.9
779,2,0,3,0,7.168000098317862,4,4,0,2,38,0,0,40,112.9
779,24,0,0,0,8.191999979317188,4,4,0,0,40,0,0,40,2.871
779,24,0,1,0,66.56000018119812,4,4,0,0,40,0,0,40,2.871
779,24,0,2,0,9.216000325977802,4,4,0,0,40,0,0,40,2.871
779,24,0,3,0,4.095999989658594,4,4,0,0,40,0,0,40,2.871
779,40,0,0,1,8.191999979317188,4,4,0,1,39,0,0,40,75.42
779,40,0,1,1,79.8719972372055,4,4,0,1,39,0,0,40,75.42
779,40,0,2,1,9.216000325977802,4,4,0,1,39,0,0,40,75.42
779,40,0,3,1,4.095999989658594,4,4,0,1,39,0,0,40,75.42
780,2,0,0,0,15.359999611973763,4,4,0,1,39,0,0,40,76.079
780,2,0,1,0,71.68000191450119,4,4,0,1,39,0,0,40,76.079
780,2,0,2,0,9.216000325977802,4,4,0,1,39,0,0,40,76.079
780,2,0,3,0,5.119999870657921,4,4,0,1,39,0,0,40,76.079
780,24,0,0,0,7.168000098317862,4,4,0,0,40,0,0,40,4.18
780,24,0,1,0,74.75200295448303,4,4,0,0,40,0,0,40,4.18
780,24,0,2,0,9.216000325977802,4,4,0,0,40,0,0,40,4.18
780,24,0,3,0,4.095999989658594,4,4,0,0,40,0,0,40,4.18
780,40,0,0,1,8.191999979317188,4,4,0,0,40,0,0,40,4.85
780,40,0,1,1,77.82399654388428,4,4,0,0,40,0,0,40,4.85
780,40,0,2,1,10.239999741315842,4,4,0,0,40,0,0,40,4.85
780,40,0,3,1,4.095999989658594,4,4,0,0,40,0,0,40,4.85
781,2,0,0,0,8.191999979317188,4,4,0,1,39,0,0,40,63.659
781,2,0,1,0,74.75200295448303,4,4,0,1,39,0,0,40,63.659
781,2,0,2,0,9.216000325977802,4,4,0,1,39,0,0,40,63.659
781,2,0,3,0,5.119999870657921,4,4,0,1,39,0,0,40,63.659
781,24,0,0,0,8.191999979317188,4,4,0,0,40,0,0,40,2.67
781,24,0,1,0,87.0399996638298,4,4,0,0,40,0,0,40,2.67
781,24,0,2,0,9.216000325977802,4,4,0,0,40,0,0,40,2.67
781,24,0,3,0,4.095999989658594,4,4,0,0,40,0,0,40,2.67
781,40,0,0,1,9.216000325977802,4,4,0,2,38,0,0,40,345.248
781,40,0,1,1,95.23200243711472,4,4,0,2,38,0,0,40,345.248
781,40,0,2,1,9.216000325977802,4,4,0,2,38,0,0,40,345.248
781,40,0,3,1,229.37600314617157,4,4,0,2,38,0,0,40,345.248
782,2,0,0,0,8.191999979317188,4,4,0,1,39,0,0,40,62.77
782,2,0,1,0,84.99199897050858,4,4,0,1,39,0,0,40,62.77
782,2,0,2,0,9.216000325977802,4,4,0,1,39,0,0,40,62.77
782,2,0,3,0,6.144000217318535,4,4,0,1,39,0,0,40,62.77
782,24,0,0,0,9.216000325977802,4,4,0,0,40,0,0,40,3.32
782,24,0,1,0,76.80000364780426,4,4,0,0,40,0,0,40,3.32
782,24,0,2,0,9.216000325977802,4,4,0,0,40,0,0,40,3.32
782,24,0,3,0,4.095999989658594,4,4,0,0,40,0,0,40,3.32
782,40,0,0,1,8.191999979317188,4,4,0,4,36,0,0,40,342.739
782,40,0,1,1,68.60800087451935,4,4,0,4,36,0,0,40,342.739
782,40,0,2,1,9.216000325977802,4,4,0,4,36,0,0,40,342.739
782,40,0,3,1,252.9279887676239,4,4,0,4,36,0,0,40,342.739
783,2,0,0,0,15.359999611973763,4,4,0,1,39,0,0,40,84.14
783,2,0,1,0,77.82399654388428,4,4,0,1,39,0,0,40,84.14
783,2,0,2,0,9.216000325977802,4,4,0,1,39,0,0,40,84.14
783,2,0,3,0,5.119999870657921,4,4,0,1,39,0,0,40,84.14
783,24,0,0,0,8.191999979317188,4,4,0,0,40,0,0,40,2.34
783,24,0,1,0,73.72800260782242,4,4,0,0,40,0,0,40,2.34
783,24,0,2,0,8.191999979317188,4,4,0,0,40,0,0,40,2.34
783,24,0,3,0,3.0720001086592674,4,4,0,0,40,0,0,40,2.34
783,40,0,0,1,14.336000196635723,4,4,0,0,40,0,0,40,2.4
783,40,0,1,1,86.01599931716919,4,4,0,0,40,0,0,40,2.4
783,40,0,2,1,9.216000325977802,4,4,0,0,40,0,0,40,2.4
783,40,0,3,1,4.095999989658594,4,4,0,0,40,0,0,40,2.4
784,2,0,0,0,14.336000196635723,4,4,0,0,40,0,0,40,2.45
784,2,0,1,0,75.77600330114365,4,4,0,0,40,0,0,40,2.45
784,2,0,2,0,9.216000325977802,4,4,0,0,40,0,0,40,2.45
784,2,0,3,0,5.119999870657921,4,4,0,0,40,0,0,40,2.45
784,24,0,0,0,14.336000196635723,4,4,0,0,40,0,0,40,2.34
784,24,0,1,0,86.01599931716919,4,4,0,0,40,0,0,40,2.34
784,24,0,2,0,9.216000325977802,4,4,0,0,40,0,0,40,2.34
784,24,0,3,0,4.095999989658594,4,4,0,0,40,0,0,40,2.34
784,40,0,0,1,8.191999979317188,4,4,0,0,40,0,0,40,1.891
784,40,0,1,1,81.91999793052673,4,4,0,0,40,0,0,40,1.891
784,40,0,2,1,9.216000325977802,4,4,0,0,40,0,0,40,1.891
784,40,0,3,1,4.095999989658594,4,4,0,0,40,0,0,40,1.891
785,2,0,0,0,14.336000196635723,4,4,0,0,40,0,0,40,3.0
785,2,0,1,0,89.08800035715103,4,4,0,0,40,0,0,40,3.0
785,2,0,2,0,8.191999979317188,4,4,0,0,40,0,0,40,3.0
785,2,0,3,0,6.144000217318535,4,4,0,0,40,0,0,40,3.0
785,24,0,0,0,9.216000325977802,4,4,0,0,40,0,0,40,2.44
785,24,0,1,0,86.01599931716919,4,4,0,0,40,0,0,40,2.44
785,24,0,2,0,9.216000325977802,4,4,0,0,40,0,0,40,2.44
785,24,0,3,0,4.095999989658594,4,4,0,0,40,0,0,40,2.44
785,40,0,0,1,8.191999979317188,4,4,0,2,38,0,0,40,127.95
785,40,0,1,1,81.91999793052673,4,4,0,2,38,0,0,40,127.95
785,40,0,2,1,9.216000325977802,4,4,0,2,38,0,0,40,127.95
785,40,0,3,1,22.52800017595291,4,4,0,2,38,0,0,40,127.95
786,2,0,0,0,14.336000196635723,4,4,0,0,40,0,0,40,3.989
786,2,0,1,0,77.82399654388428,4,4,0,0,40,0,0,40,3.989
786,2,0,2,0,9.216000325977802,4,4,0,0,40,0,0,40,3.989
786,2,0,3,0,5.119999870657921,4,4,0,0,40,0,0,40,3.989
786,24,0,0,0,8.191999979317188,4,4,0,0,40,0,0,40,3.84
786,24,0,1,0,70.65600156784058,4,4,0,0,40,0,0,40,3.84
786,24,0,2,0,9.216000325977802,4,4,0,0,40,0,0,40,3.84
786,24,0,3,0,4.095999989658594,4,4,0,0,40,0,0,40,3.84
786,40,0,0,1,14.336000196635723,4,4,0,0,40,0,0,40,2.06
786,40,0,1,1,66.56000018119812,4,4,0,0,40,0,0,40,2.06
786,40,0,2,1,8.191999979317188,4,4,0,0,40,0,0,40,2.06
786,40,0,3,1,4.095999989658594,4,4,0,0,40,0,0,40,2.06
787,2,0,0,0,8.191999979317188,1,1,0,0,10,0,0,10,0.609
787,2,0,1,0,32.76799991726875,1,1,0,0,10,0,0,10,0.609
787,2,0,2,0,9.216000325977802,1,1,0,0,10,0,0,10,0.609
787,2,0,3,0,4.095999989658594,1,1,0,0,10,0,0,10,0.609
787,24,0,0,0,8.191999979317188,1,1,0,0,10,0,0,10,0.58
787,24,0,1,0,31.74399957060814,1,1,0,0,10,0,0,10,0.58
787,24,0,2,0,8.191999979317188,1,1,0,0,10,0,0,10,0.58
787,24,0,3,0,3.0720001086592674,1,1,0,0,10,0,0,10,0.58
787,40,0,0,1,8.191999979317188,1,1,0,0,10,0,0,10,0.391
787,40,0,1,1,34.81600061058998,1,1,0,0,10,0,0,10,0.391
787,40,0,2,1,9.216000325977802,1,1,0,0,10,0,0,10,0.391
787,40,0,3,1,4.095999989658594,1,1,0,0,10,0,0,10,0.391
788,2,0,0,0,14.336000196635723,4,4,0,0,40,0,0,40,2.54
788,2,0,1,0,79.8719972372055,4,4,0,0,40,0,0,40,2.54
788,2,0,2,0,9.216000325977802,4,4,0,0,40,0,0,40,2.54
788,2,0,3,0,6.144000217318535,4,4,0,0,40,0,0,40,2.54
788,24,0,0,0,8.191999979317188,4,4,0,0,40,0,0,40,2.54
788,24,0,1,0,68.60800087451935,4,4,0,0,40,0,0,40,2.54
788,24,0,2,0,9.216000325977802,4,4,0,0,40,0,0,40,2.54
788,24,0,3,0,4.095999989658594,4,4,0,0,40,0,0,40,2.54
788,40,0,0,1,14.336000196635723,4,4,0,0,40,0,0,40,2.23
788,40,0,1,1,62.463998794555664,4,4,0,0,40,0,0,40,2.23
788,40,0,2,1,8.191999979317188,4,4,0,0,40,0,0,40,2.23
788,40,0,3,1,4.095999989658594,4,4,0,0,40,0,0,40,2.23
789,2,0,0,0,8.191999979317188,4,4,0,0,40,0,0,40,4.02
789,2,0,1,0,75.77600330114365,4,4,0,0,40,0,0,40,4.02
789,2,0,2,0,9.216000325977802,4,4,0,0,40,0,0,40,4.02
789,2,0,3,0,5.119999870657921,4,4,0,0,40,0,0,40,4.02
789,24,0,0,0,8.191999979317188,4,4,0,0,40,0,0,40,2.729
789,24,0,1,0,82.94399827718735,4,4,0,0,40,0,0,40,2.729
789,24,0,2,0,9.216000325977802,4,4,0,0,40,0,0,40,2.729
789,24,0,3,0,4.095999989658594,4,4,0,0,40,0,0,40,2.729
789,40,0,0,1,14.336000196635723,4,4,0,0,40,0,0,40,2.27
789,40,0,1,1,81.91999793052673,4,4,0,0,40,0,0,40,2.27
789,40,0,2,1,9.216000325977802,4,4,0,0,40,0,0,40,2.27
789,40,0,3,1,4.095999989658594,4,4,0,0,40,0,0,40,2.27
790,2,0,0,0,9.216000325977802,4,4,0,1,39,0,0,40,66.2
790,2,0,1,0,84.99199897050858,4,4,0,1,39,0,0,40,66.2
790,2,0,2,0,9.216000325977802,4,4,0,1,39,0,0,40,66.2
790,2,0,3,0,5.119999870657921,4,4,0,1,39,0,0,40,66.2
790,24,0,0,0,8.191999979317188,4,4,0,0,40,0,0,40,2.369
790,24,0,1,0,71.68000191450119,4,4,0,0,40,0,0,40,2.369
790,24,0,2,0,9.216000325977802,4,4,0,0,40,0,0,40,2.369
790,24,0,3,0,5.119999870657921,4,4,0,0,40,0,0,40,2.369
790,40,0,0,1,14.336000196635723,4,4,0,0,40,0,0,40,5.07
790,40,0,1,1,91.13600105047226,4,4,0,0,40,0,0,40,5.07
790,40,0,2,1,8.191999979317188,4,4,0,0,40,0,0,40,5.07
790,40,0,3,1,4.095999989658594,4,4,0,0,40,0,0,40,5.07
791,2,0,0,0,15.359999611973763,4,4,0,0,40,0,0,40,2.66
791,2,0,1,0,90.11200070381165,4,4,0,0,40,0,0,40,2.66
791,2,0,2,0,9.216000325977802,4,4,0,0,40,0,0,40,2.66
791,2,0,3,0,5.119999870657921,4,4,0,0,40,0,0,40,2.66
791,24,0,0,0,8.191999979317188,4,4,0,0,40,0,0,40,2.131
791,24,0,1,0,83.96799862384796,4,4,0,0,40,0,0,40,2.131
791,24,0,2,0,9.216000325977802,4,4,0,0,40,0,0,40,2.131
791,24,0,3,0,4.095999989658594,4,4,0,0,40,0,0,40,2.131
791,40,0,0,1,15.359999611973763,4,4,0,0,40,0,0,40,1.911
791,40,0,1,1,64.51199948787689,4,4,0,0,40,0,0,40,1.911
791,40,0,2,1,9.216000325977802,4,4,0,0,40,0,0,40,1.911
791,40,0,3,1,4.095999989658594,4,4,0,0,40,0,0,40,1.911
792,2,0,0,0,15.359999611973763,4,4,0,0,40,0,0,40,1.72
792,2,0,1,0,86.01599931716919,4,4,0,0,40,0,0,40,1.72
792,2,0,2,0,9.216000325977802,4,4,0,0,40,0,0,40,1.72
792,2,0,3,0,6.144000217318535,4,4,0,0,40,0,0,40,1.72
792,24,0,0,0,9.216000325977802,4,4,0,0,40,0,0,40,1.949
792,24,0,1,0,74.75200295448303,4,4,0,0,40,0,0,40,1.949
792,24,0,2,0,9.216000325977802,4,4,0,0,40,0,0,40,1.949
792,24,0,3,0,4.095999989658594,4,4,0,0,40,0,0,40,1.949
792,40,0,0,1,14.336000196635723,4,4,0,0,40,0,0,40,1.55
792,40,0,1,1,62.463998794555664,4,4,0,0,40,0,0,40,1.55
792,40,0,2,1,8.191999979317188,4,4,0,0,40,0,0,40,1.55
792,40,0,3,1,4.095999989658594,4,4,0,0,40,0,0,40,1.55
793,2,0,0,0,14.336000196635723,3,3,0,0,30,0,0,30,2.83
793,2,0,1,0,66.56000018119812,3,3,0,0,30,0,0,30,2.83
793,2,0,2,0,8.191999979317188,3,3,0,0,30,0,0,30,2.83
793,2,0,3,0,7.168000098317862,3,3,0,0,30,0,0,30,2.83
793,24,0,0,0,9.216000325977802,3,3,0,0,30,0,0,30,2.56
793,24,0,1,0,51.19999870657921,3,3,0,0,30,0,0,30,2.56
793,24,0,2,0,9.216000325977802,3,3,0,0,30,0,0,30,2.56
793,24,0,3,0,4.095999989658594,3,3,0,0,30,0,0,30,2.56
793,40,0,0,1,9.216000325977802,3,3,0,0,30,0,0,30,0.98
793,40,0,1,1,46.08000069856644,3,3,0,0,30,0,0,30,0.98
793,40,0,2,1,9.216000325977802,3,3,0,0,30,0,0,30,0.98
793,40,0,3,1,5.119999870657921,3,3,0,0,30,0,0,30,0.98
794,2,0,0,0,14.336000196635723,4,4,0,0,40,0,0,40,1.54
794,2,0,1,0,87.0399996638298,4,4,0,0,40,0,0,40,1.54
794,2,0,2,0,9.216000325977802,4,4,0,0,40,0,0,40,1.54
794,2,0,3,0,6.144000217318535,4,4,0,0,40,0,0,40,1.54
794,24,0,0,0,8.191999979317188,4,4,0,0,40,0,0,40,3.27
794,24,0,1,0,57.34400078654289,4,4,0,0,40,0,0,40,3.27
794,24,0,2,0,9.216000325977802,4,4,0,0,40,0,0,40,3.27
794,24,0,3,0,5.119999870657921,4,4,0,0,40,0,0,40,3.27
794,40,0,0,1,9.216000325977802,4,4,0,0,40,0,0,40,1.49
794,40,0,1,1,78.84799689054489,4,4,0,0,40,0,0,40,1.49
794,40,0,2,1,9.216000325977802,4,4,0,0,40,0,0,40,1.49
794,40,0,3,1,4.095999989658594,4,4,0,0,40,0,0,40,1.49
795,2,0,0,0,9.216000325977802,4,4,0,1,39,0,0,40,63.509
795,2,0,1,0,93.18400174379349,4,4,0,1,39,0,0,40,63.509
795,2,0,2,0,9.216000325977802,4,4,0,1,39,0,0,40,63.509
795,2,0,3,0,5.119999870657921,4,4,0,1,39,0,0,40,63.509
795,24,0,0,0,8.191999979317188,4,4,0,0,40,0,0,40,1.91
795,24,0,1,0,74.75200295448303,4,4,0,0,40,0,0,40,1.91
795,24,0,2,0,9.216000325977802,4,4,0,0,40,0,0,40,1.91
795,24,0,3,0,4.095999989658594,4,4,0,0,40,0,0,40,1.91
795,40,0,0,1,9.216000325977802,4,4,0,0,40,0,0,40,1.66
795,40,0,1,1,62.463998794555664,4,4,0,0,40,0,0,40,1.66
795,40,0,2,1,9.216000325977802,4,4,0,0,40,0,0,40,1.66
795,40,0,3,1,5.119999870657921,4,4,0,0,40,0,0,40,1.66
796,2,0,0,0,15.359999611973763,4,4,0,1,39,0,0,40,62.5
796,2,0,1,0,81.91999793052673,4,4,0,1,39,0,0,40,62.5
796,2,0,2,0,9.216000325977802,4,4,0,1,39,0,0,40,62.5
796,2,0,3,0,6.144000217318535,4,4,0,1,39,0,0,40,62.5
796,24,0,0,0,7.168000098317862,4,4,0,0,40,0,0,40,1.33
796,24,0,1,0,65.5359998345375,4,4,0,0,40,0,0,40,1.33
796,24,0,2,0,9.216000325977802,4,4,0,0,40,0,0,40,1.33
796,24,0,3,0,4.095999989658594,4,4,0,0,40,0,0,40,1.33
796,40,0,0,1,9.216000325977802,4,4,0,1,39,0,0,40,75.939
796,40,0,1,1,73.72800260782242,4,4,0,1,39,0,0,40,75.939
796,40,0,2,1,9.216000325977802,4,4,0,1,39,0,0,40,75.939
796,40,0,3,1,4.095999989658594,4,4,0,1,39,0,0,40,75.939
797,2,0,0,0,14.336000196635723,4,4,0,0,40,0,0,40,3.87
797,2,0,1,0,87.0399996638298,4,4,0,0,40,0,0,40,3.87
797,2,0,2,0,8.191999979317188,4,4,0,0,40,0,0,40,3.87
797,2,0,3,0,5.119999870657921,4,4,0,0,40,0,0,40,3.87
797,24,0,0,0,8.191999979317188,4,4,0,0,40,0,0,40,1.67
797,24,0,1,0,78.84799689054489,4,4,0,0,40,0,0,40,1.67
797,24,0,2,0,9.216000325977802,4,4,0,0,40,0,0,40,1.67
797,24,0,3,0,4.095999989658594,4,4,0,0,40,0,0,40,1.67
797,40,0,0,1,9.216000325977802,4,4,0,2,38,0,0,40,93.59
797,40,0,1,1,81.91999793052673,4,4,0,2,38,0,0,40,93.59
797,40,0,2,1,9.216000325977802,4,4,0,2,38,0,0,40,93.59
797,40,0,3,1,4.095999989658594,4,4,0,2,38,0,0,40,93.59
798,2,0,0,0,9.216000325977802,2,2,0,0,20,0,0,20,0.92
798,2,0,1,0,54.27199974656105,2,2,0,0,20,0,0,20,0.92
798,2,0,2,0,9.216000325977802,2,2,0,0,20,0,0,20,0.92
798,2,0,3,0,4.095999989658594,2,2,0,0,20,0,0,20,0.92
798,24,0,0,0,9.216000325977802,2,2,0,0,20,0,0,20,0.54
798,24,0,1,0,60.416001826524734,2,2,0,0,20,0,0,20,0.54
798,24,0,2,0,8.191999979317188,2,2,0,0,20,0,0,20,0.54
798,24,0,3,0,4.095999989658594,2,2,0,0,20,0,0,20,0.54
798,40,0,0,1,9.216000325977802,2,2,0,0,20,0,0,20,1.08
798,40,0,1,1,60.416001826524734,2,2,0,0,20,0,0,20,1.08
798,40,0,2,1,9.216000325977802,2,2,0,0,20,0,0,20,1.08
798,40,0,3,1,4.095999989658594,2,2,0,0,20,0,0,20,1.08
799,2,0,0,0,14.336000196635723,4,4,0,0,40,0,0,40,1.98
799,2,0,1,0,86.01599931716919,4,4,0,0,40,0,0,40,1.98
799,2,0,2,0,9.216000325977802,4,4,0,0,40,0,0,40,1.98
799,2,0,3,0,5.119999870657921,4,4,0,0,40,0,0,40,1.98
799,24,0,0,0,7.168000098317862,4,4,0,0,40,0,0,40,2.78
799,24,0,1,0,69.63200122117996,4,4,0,0,40,0,0,40,2.78
799,24,0,2,0,9.216000325977802,4,4,0,0,40,0,0,40,2.78
799,24,0,3,0,4.095999989658594,4,4,0,0,40,0,0,40,2.78
799,40,0,0,1,14.336000196635723,4,4,0,0,40,0,0,40,1.65
799,40,0,1,1,70.65600156784058,4,4,0,0,40,0,0,40,1.65
799,40,0,2,1,9.216000325977802,4,4,0,0,40,0,0,40,1.65
799,40,0,3,1,4.095999989658594,4,4,0,0,40,0,0,40,1.65
800,2,0,0,0,14.336000196635723,4,4,0,0,40,0,0,40,1.86
800,2,0,1,0,95.23200243711472,4,4,0,0,40,0,0,40,1.86
800,2,0,2,0,9.216000325977802,4,4,0,0,40,0,0,40,1.86
800,2,0,3,0,8.191999979317188,4,4,0,0,40,0,0,40,1.86
800,24,0,0,0,8.191999979317188,4,4,0,0,40,0,0,40,2.16
800,24,0,1,0,80.89599758386612,4,4,0,0,40,0,0,40,2.16
800,24,0,2,0,9.216000325977802,4,4,0,0,40,0,0,40,2.16
800,24,0,3,0,4.095999989658594,4,4,0,0,40,0,0,40,2.16
800,40,0,0,1,15.359999611973763,4,4,0,0,40,0,0,40,1.52
800,40,0,1,1,89.08800035715103,4,4,0,0,40,0,0,40,1.52
800,40,0,2,1,9.216000325977802,4,4,0,0,40,0,0,40,1.52
800,40,0,3,1,4.095999989658594,4,4,0,0,40,0,0,40,1.52
801,2,0,0,0,9.216000325977802,2,2,0,0,20,0,0,20,0.84
801,2,0,1,0,51.19999870657921,2,2,0,0,20,0,0,20,0.84
801,2,0,2,0,9.216000325977802,2,2,0,0,20,0,0,20,0.84
801,2,0,3,0,4.095999989658594,2,2,0,0,20,0,0,20,0.84
801,24,0,0,0,8.191999979317188,2,2,0,0,20,0,0,20,0.73
801,24,0,1,0,49.15200173854828,2,2,0,0,20,0,0,20,0.73
801,24,0,2,0,9.216000325977802,2,2,0,0,20,0,0,20,0.73
801,24,0,3,0,4.095999989658594,2,2,0,0,20,0,0,20,0.73
801,40,0,0,1,9.216000325977802,2,2,0,0,20,0,0,20,1.011
801,40,0,1,1,54.27199974656105,2,2,0,0,20,0,0,20,1.011
801,40,0,2,1,9.216000325977802,2,2,0,0,20,0,0,20,1.011
801,40,0,3,1,4.095999989658594,2,2,0,0,20,0,0,20,1.011
802,2,0,0,0,14.336000196635723,4,4,0,0,40,0,0,40,5.36
802,2,0,1,0,86.01599931716919,4,4,0,0,40,0,0,40,5.36
802,2,0,2,0,8.191999979317188,4,4,0,0,40,0,0,40,5.36
802,2,0,3,0,5.119999870657921,4,4,0,0,40,0,0,40,5.36
802,24,0,0,0,7.168000098317862,4,4,0,0,40,0,0,40,2.069
802,24,0,1,0,76.80000364780426,4,4,0,0,40,0,0,40,2.069
802,24,0,2,0,8.191999979317188,4,4,0,0,40,0,0,40,2.069
802,24,0,3,0,4.095999989658594,4,4,0,0,40,0,0,40,2.069
802,40,0,0,1,8.191999979317188,4,4,0,0,40,0,0,40,4.231
802,40,0,1,1,73.72800260782242,4,4,0,0,40,0,0,40,4.231
802,40,0,2,1,9.216000325977802,4,4,0,0,40,0,0,40,4.231
802,40,0,3,1,4.095999989658594,4,4,0,0,40,0,0,40,4.231
803,2,0,0,0,9.216000325977802,2,2,0,1,19,0,0,20,62.59
803,2,0,1,0,50.175998359918594,2,2,0,1,19,0,0,20,62.59
803,2,0,2,0,9.216000325977802,2,2,0,1,19,0,0,20,62.59
803,2,0,3,0,4.095999989658594,2,2,0,1,19,0,0,20,62.59
803,24,0,0,0,8.191999979317188,2,2,0,0,20,0,0,20,1.02
803,24,0,1,0,59.39200147986412,2,2,0,0,20,0,0,20,1.02
803,24,0,2,0,9.216000325977802,2,2,0,0,20,0,0,20,1.02
803,24,0,3,0,5.119999870657921,2,2,0,0,20,0,0,20,1.02
803,40,0,0,1,9.216000325977802,2,2,0,0,20,0,0,20,1.12
803,40,0,1,1,51.19999870657921,2,2,0,0,20,0,0,20,1.12
803,40,0,2,1,9.216000325977802,2,2,0,0,20,0,0,20,1.12
803,40,0,3,1,4.095999989658594,2,2,0,0,20,0,0,20,1.12
804,2,0,0,0,15.359999611973763,4,4,0,0,40,0,0,40,2.77
804,2,0,1,0,72.7040022611618,4,4,0,0,40,0,0,40,2.77
804,2,0,2,0,9.216000325977802,4,4,0,0,40,0,0,40,2.77
804,2,0,3,0,6.144000217318535,4,4,0,0,40,0,0,40,2.77
804,24,0,0,0,7.168000098317862,4,4,0,0,40,0,0,40,2.04
804,24,0,1,0,61.43999844789505,4,4,0,0,40,0,0,40,2.04
804,24,0,2,0,8.191999979317188,4,4,0,0,40,0,0,40,2.04
804,24,0,3,0,4.095999989658594,4,4,0,0,40,0,0,40,2.04
804,40,0,0,1,14.336000196635723,4,4,0,0,40,0,0,40,2.1
804,40,0,1,1,48.128001391887665,4,4,0,0,40,0,0,40,2.1
804,40,0,2,1,9.216000325977802,4,4,0,0,40,0,0,40,2.1
804,40,0,3,1,4.095999989658594,4,4,0,0,40,0,0,40,2.1
805,2,0,0,0,8.191999979317188,1,1,0,0,10,0,0,10,0.531
805,2,0,1,0,32.76799991726875,1,1,0,0,10,0,0,10,0.531
805,2,0,2,0,9.216000325977802,1,1,0,0,10,0,0,10,0.531
805,2,0,3,0,5.119999870657921,1,1,0,0,10,0,0,10,0.531
805,24,0,0,0,8.191999979317188,1,1,0,0,10,0,0,10,0.58
805,24,0,1,0,32.76799991726875,1,1,0,0,10,0,0,10,0.58
805,24,0,2,0,9.216000325977802,1,1,0,0,10,0,0,10,0.58
805,24,0,3,0,4.095999989658594,1,1,0,0,10,0,0,10,0.58
805,40,0,0,1,9.216000325977802,1,1,0,0,10,0,0,10,0.369
805,40,0,1,1,35.840000957250595,1,1,0,0,10,0,0,10,0.369
805,40,0,2,1,9.216000325977802,1,1,0,0,10,0,0,10,0.369
805,40,0,3,1,4.095999989658594,1,1,0,0,10,0,0,10,0.369
806,2,0,0,0,9.216000325977802,1,1,0,0,10,0,0,10,0.52
806,2,0,1,0,31.74399957060814,1,1,0,0,10,0,0,10,0.52
806,2,0,2,0,9.216000325977802,1,1,0,0,10,0,0,10,0.52
806,2,0,3,0,5.119999870657921,1,1,0,0,10,0,0,10,0.52
806,24,0,0,0,8.191999979317188,1,1,0,0,10,0,0,10,0.43
806,24,0,1,0,32.76799991726875,1,1,0,0,10,0,0,10,0.43
806,24,0,2,0,9.216000325977802,1,1,0,0,10,0,0,10,0.43
806,24,0,3,0,4.095999989658594,1,1,0,0,10,0,0,10,0.43
806,40,0,0,1,9.216000325977802,1,1,0,0,10,0,0,10,0.57
806,40,0,1,1,34.81600061058998,1,1,0,0,10,0,0,10,0.57
806,40,0,2,1,9.216000325977802,1,1,0,0,10,0,0,10,0.57
806,40,0,3,1,4.095999989658594,1,1,0,0,10,0,0,10,0.57
807,2,0,0,0,8.191999979317188,1,1,0,0,10,0,0,10,1.88
807,2,0,1,0,32.76799991726875,1,1,0,0,10,0,0,10,1.88
807,2,0,2,0,9.216000325977802,1,1,0,0,10,0,0,10,1.88
807,2,0,3,0,5.119999870657921,1,1,0,0,10,0,0,10,1.88
807,24,0,0,0,7.168000098317862,1,1,0,0,10,0,0,10,0.76
807,24,0,1,0,31.74399957060814,1,1,0,0,10,0,0,10,0.76
807,24,0,2,0,9.216000325977802,1,1,0,0,10,0,0,10,0.76
807,24,0,3,0,4.095999989658594,1,1,0,0,10,0,0,10,0.76
807,40,0,0,1,8.191999979317188,1,1,0,0,10,0,0,10,0.3
807,40,0,1,1,34.81600061058998,1,1,0,0,10,0,0,10,0.3
807,40,0,2,1,9.216000325977802,1,1,0,0,10,0,0,10,0.3
807,40,0,3,1,4.095999989658594,1,1,0,0,10,0,0,10,0.3
808,2,0,0,0,9.216000325977802,1,1,0,0,10,0,0,10,0.449
808,2,0,1,0,32.76799991726875,1,1,0,0,10,0,0,10,0.449
808,2,0,2,0,9.216000325977802,1,1,0,0,10,0,0,10,0.449
808,2,0,3,0,5.119999870657921,1,1,0,0,10,0,0,10,0.449
808,24,0,0,0,8.191999979317188,1,1,0,0,10,0,0,10,0.389
808,24,0,1,0,32.76799991726875,1,1,0,0,10,0,0,10,0.389
808,24,0,2,0,9.216000325977802,1,1,0,0,10,0,0,10,0.389
808,24,0,3,0,4.095999989658594,1,1,0,0,10,0,0,10,0.389
808,40,0,0,1,8.191999979317188,1,1,0,0,10,0,0,10,0.3
808,40,0,1,1,35.840000957250595,1,1,0,0,10,0,0,10,0.3
808,40,0,2,1,8.191999979317188,1,1,0,0,10,0,0,10,0.3
808,40,0,3,1,3.0720001086592674,1,1,0,0,10,0,0,10,0.3
809,2,0,0,0,14.336000196635723,4,4,0,0,40,0,0,40,1.8
809,2,0,1,0,74.75200295448303,4,4,0,0,40,0,0,40,1.8
809,2,0,2,0,9.216000325977802,4,4,0,0,40,0,0,40,1.8
809,2,0,3,0,5.119999870657921,4,4,0,0,40,0,0,40,1.8
809,24,0,0,0,8.191999979317188,4,4,0,0,40,0,0,40,1.3
809,24,0,1,0,64.51199948787689,4,4,0,0,40,0,0,40,1.3
809,24,0,2,0,9.216000325977802,4,4,0,0,40,0,0,40,1.3
809,24,0,3,0,4.095999989658594,4,4,0,0,40,0,0,40,1.3
809,40,0,0,1,15.359999611973763,4,4,0,0,40,0,0,40,1.36
809,40,0,1,1,55.296000093221664,4,4,0,0,40,0,0,40,1.36
809,40,0,2,1,9.216000325977802,4,4,0,0,40,0,0,40,1.36
809,40,0,3,1,5.119999870657921,4,4,0,0,40,0,0,40,1.36
810,2,0,0,0,9.216000325977802,2,2,0,0,20,0,0,20,0.851
810,2,0,1,0,51.19999870657921,2,2,0,0,20,0,0,20,0.851
810,2,0,2,0,9.216000325977802,2,2,0,0,20,0,0,20,0.851
810,2,0,3,0,4.095999989658594,2,2,0,0,20,0,0,20,0.851
810,24,0,0,0,7.168000098317862,2,2,0,0,20,0,0,20,0.75
810,24,0,1,0,49.15200173854828,2,2,0,0,20,0,0,20,0.75
810,24,0,2,0,9.216000325977802,2,2,0,0,20,0,0,20,0.75
810,24,0,3,0,4.095999989658594,2,2,0,0,20,0,0,20,0.75
810,40,0,0,1,9.216000325977802,2,2,0,0,20,0,0,20,0.61
810,40,0,1,1,44.03200000524521,2,2,0,0,20,0,0,20,0.61
810,40,0,2,1,10.239999741315842,2,2,0,0,20,0,0,20,0.61
810,40,0,3,1,4.095999989658594,2,2,0,0,20,0,0,20,0.61
811,2,0,0,0,9.216000325977802,1,1,0,0,10,0,0,10,0.59
811,2,0,1,0,32.76799991726875,1,1,0,0,10,0,0,10,0.59
811,2,0,2,0,8.191999979317188,1,1,0,0,10,0,0,10,0.59
811,2,0,3,0,4.095999989658594,1,1,0,0,10,0,0,10,0.59
811,24,0,0,0,9.216000325977802,1,1,0,0,10,0,0,10,0.371
811,24,0,1,0,31.74399957060814,1,1,0,0,10,0,0,10,0.371
811,24,0,2,0,8.191999979317188,1,1,0,0,10,0,0,10,0.371
811,24,0,3,0,4.095999989658594,1,1,0,0,10,0,0,10,0.371
811,40,0,0,1,8.191999979317188,1,1,0,0,10,0,0,10,0.4
811,40,0,1,1,34.81600061058998,1,1,0,0,10,0,0,10,0.4
811,40,0,2,1,9.216000325977802,1,1,0,0,10,0,0,10,0.4
811,40,0,3,1,4.095999989658594,1,1,0,0,10,0,0,10,0.4
812,2,0,0,0,14.336000196635723,4,4,0,0,40,0,0,40,1.78
812,2,0,1,0,69.63200122117996,4,4,0,0,40,0,0,40,1.78
812,2,0,2,0,9.216000325977802,4,4,0,0,40,0,0,40,1.78
812,2,0,3,0,5.119999870657921,4,4,0,0,40,0,0,40,1.78
812,24,0,0,0,7.168000098317862,4,4,0,0,40,0,0,40,3.1
812,24,0,1,0,64.51199948787689,4,4,0,0,40,0,0,40,3.1
812,24,0,2,0,9.216000325977802,4,4,0,0,40,0,0,40,3.1
812,24,0,3,0,4.095999989658594,4,4,0,0,40,0,0,40,3.1
812,40,0,0,1,9.216000325977802,4,4,0,0,40,0,0,40,1.69
812,40,0,1,1,66.56000018119812,4,4,0,0,40,0,0,40,1.69
812,40,0,2,1,8.191999979317188,4,4,0,0,40,0,0,40,1.69
812,40,0,3,1,4.095999989658594,4,4,0,0,40,0,0,40,1.69
813,2,0,0,0,14.336000196635723,4,4,0,0,40,0,0,40,2.97
813,2,0,1,0,84.99199897050858,4,4,0,0,40,0,0,40,2.97
813,2,0,2,0,9.216000325977802,4,4,0,0,40,0,0,40,2.97
813,2,0,3,0,5.119999870657921,4,4,0,0,40,0,0,40,2.97
813,24,0,0,0,8.191999979317188,4,4,0,0,40,0,0,40,1.3
813,24,0,1,0,69.63200122117996,4,4,0,0,40,0,0,40,1.3
813,24,0,2,0,9.216000325977802,4,4,0,0,40,0,0,40,1.3
813,24,0,3,0,4.095999989658594,4,4,0,0,40,0,0,40,1.3
813,40,0,0,1,15.359999611973763,4,4,0,0,40,0,0,40,1.77
813,40,0,1,1,76.80000364780426,4,4,0,0,40,0,0,40,1.77
813,40,0,2,1,9.216000325977802,4,4,0,0,40,0,0,40,1.77
813,40,0,3,1,3.0720001086592674,4,4,0,0,40,0,0,40,1.77
814,2,0,0,0,15.359999611973763,4,4,0,0,40,0,0,40,2.56
814,2,0,1,0,88.06400001049042,4,4,0,0,40,0,0,40,2.56
814,2,0,2,0,9.216000325977802,4,4,0,0,40,0,0,40,2.56
814,2,0,3,0,5.119999870657921,4,4,0,0,40,0,0,40,2.56
814,24,0,0,0,8.191999979317188,4,4,0,0,40,0,0,40,2.32
814,24,0,1,0,65.5359998345375,4,4,0,0,40,0,0,40,2.32
814,24,0,2,0,8.191999979317188,4,4,0,0,40,0,0,40,2.32
814,24,0,3,0,4.095999989658594,4,4,0,0,40,0,0,40,2.32
814,40,0,0,1,14.336000196635723,4,4,0,0,40,0,0,40,2.1
814,40,0,1,1,60.416001826524734,4,4,0,0,40,0,0,40,2.1
814,40,0,2,1,9.216000325977802,4,4,0,0,40,0,0,40,2.1
814,40,0,3,1,4.095999989658594,4,4,0,0,40,0,0,40,2.1
815,2,0,0,0,14.336000196635723,4,4,0,0,40,0,0,40,2.43
815,2,0,1,0,89.08800035715103,4,4,0,0,40,0,0,40,2.43
815,2,0,2,0,9.216000325977802,4,4,0,0,40,0,0,40,2.43
815,2,0,3,0,5.119999870657921,4,4,0,0,40,0,0,40,2.43
815,24,0,0,0,7.168000098317862,4,4,0,0,40,0,0,40,2.26
815,24,0,1,0,74.75200295448303,4,4,0,0,40,0,0,40,2.26
815,24,0,2,0,9.216000325977802,4,4,0,0,40,0,0,40,2.26
815,24,0,3,0,4.095999989658594,4,4,0,0,40,0,0,40,2.26
815,40,0,0,1,8.191999979317188,4,4,0,1,39,0,0,40,78.31
815,40,0,1,1,99.32799637317657,4,4,0,1,39,0,0,40,78.31
815,40,0,2,1,9.216000325977802,4,4,0,1,39,0,0,40,78.31
815,40,0,3,1,4.095999989658594,4,4,0,1,39,0,0,40,78.31
816,2,0,0,0,14.336000196635723,4,4,0,0,40,0,0,40,2.66
816,2,0,1,0,71.68000191450119,4,4,0,0,40,0,0,40,2.66
816,2,0,2,0,9.216000325977802,4,4,0,0,40,0,0,40,2.66
816,2,0,3,0,6.144000217318535,4,4,0,0,40,0,0,40,2.66
816,24,0,0,0,8.191999979317188,4,4,0,1,39,0,0,40,70.879
816,24,0,1,0,63.48799914121628,4,4,0,1,39,0,0,40,70.879
816,24,0,2,0,9.216000325977802,4,4,0,1,39,0,0,40,70.879
816,24,0,3,0,4.095999989658594,4,4,0,1,39,0,0,40,70.879
816,40,0,0,1,15.359999611973763,4,4,0,0,40,0,0,40,2.58
816,40,0,1,1,90.11200070381165,4,4,0,0,40,0,0,40,2.58
816,40,0,2,1,8.191999979317188,4,4,0,0,40,0,0,40,2.58
816,40,0,3,1,4.095999989658594,4,4,0,0,40,0,0,40,2.58
817,2,0,0,0,16.383999958634377,4,4,0,0,40,0,0,40,2.53
817,2,0,1,0,76.80000364780426,4,4,0,0,40,0,0,40,2.53
817,2,0,2,0,9.216000325977802,4,4,0,0,40,0,0,40,2.53
817,2,0,3,0,5.119999870657921,4,4,0,0,40,0,0,40,2.53
817,24,0,0,0,9.216000325977802,4,4,0,0,40,0,0,40,4.26
817,24,0,1,0,79.8719972372055,4,4,0,0,40,0,0,40,4.26
817,24,0,2,0,10.239999741315842,4,4,0,0,40,0,0,40,4.26
817,24,0,3,0,4.095999989658594,4,4,0,0,40,0,0,40,4.26
817,40,0,0,1,9.216000325977802,4,4,0,1,39,0,0,40,77.65
817,40,0,1,1,93.18400174379349,4,4,0,1,39,0,0,40,77.65
817,40,0,2,1,9.216000325977802,4,4,0,1,39,0,0,40,77.65
817,40,0,3,1,4.095999989658594,4,4,0,1,39,0,0,40,77.65
818,2,0,0,0,14.336000196635723,4,4,0,0,40,0,0,40,5.211
818,2,0,1,0,89.08800035715103,4,4,0,0,40,0,0,40,5.211
818,2,0,2,0,9.216000325977802,4,4,0,0,40,0,0,40,5.211
818,2,0,3,0,5.119999870657921,4,4,0,0,40,0,0,40,5.211
818,24,0,0,0,8.191999979317188,4,4,0,0,40,0,0,40,3.02
818,24,0,1,0,70.65600156784058,4,4,0,0,40,0,0,40,3.02
818,24,0,2,0,9.216000325977802,4,4,0,0,40,0,0,40,3.02
818,24,0,3,0,4.095999989658594,4,4,0,0,40,0,0,40,3.02
818,40,0,0,1,15.359999611973763,4,4,0,0,40,0,0,40,2.411
818,40,0,1,1,88.06400001049042,4,4,0,0,40,0,0,40,2.411
818,40,0,2,1,9.216000325977802,4,4,0,0,40,0,0,40,2.411
818,40,0,3,1,4.095999989658594,4,4,0,0,40,0,0,40,2.411
819,2,0,0,0,8.191999979317188,4,4,0,2,38,0,0,40,81.37
819,2,0,1,0,73.72800260782242,4,4,0,2,38,0,0,40,81.37
819,2,0,2,0,9.216000325977802,4,4,0,2,38,0,0,40,81.37
819,2,0,3,0,5.119999870657921,4,4,0,2,38,0,0,40,81.37
819,24,0,0,0,7.168000098317862,4,4,0,1,39,0,0,40,63.589
819,24,0,1,0,77.82399654388428,4,4,0,1,39,0,0,40,63.589
819,24,0,2,0,9.216000325977802,4,4,0,1,39,0,0,40,63.589
819,24,0,3,0,4.095999989658594,4,4,0,1,39,0,0,40,63.589
819,40,0,0,1,15.359999611973763,4,4,0,0,40,0,0,40,2.66
819,40,0,1,1,83.96799862384796,4,4,0,0,40,0,0,40,2.66
819,40,0,2,1,9.216000325977802,4,4,0,0,40,0,0,40,2.66
819,40,0,3,1,4.095999989658594,4,4,0,0,40,0,0,40,2.66
820,2,0,0,0,14.336000196635723,4,4,0,0,40,0,0,40,2.82
820,2,0,1,0,84.99199897050858,4,4,0,0,40,0,0,40,2.82
820,2,0,2,0,9.216000325977802,4,4,0,0,40,0,0,40,2.82
820,2,0,3,0,7.168000098317862,4,4,0,0,40,0,0,40,2.82
820,24,0,0,0,8.191999979317188,4,4,0,0,40,0,0,40,2.16
820,24,0,1,0,87.0399996638298,4,4,0,0,40,0,0,40,2.16
820,24,0,2,0,9.216000325977802,4,4,0,0,40,0,0,40,2.16
820,24,0,3,0,4.095999989658594,4,4,0,0,40,0,0,40,2.16
820,40,0,0,1,8.191999979317188,4,4,0,0,40,0,0,40,2.4
820,40,0,1,1,91.13600105047226,4,4,0,0,40,0,0,40,2.4
820,40,0,2,1,8.191999979317188,4,4,0,0,40,0,0,40,2.4
820,40,0,3,1,4.095999989658594,4,4,0,0,40,0,0,40,2.4
821,2,0,0,0,14.336000196635723,4,4,0,0,40,0,0,40,4.87
821,2,0,1,0,82.94399827718735,4,4,0,0,40,0,0,40,4.87
821,2,0,2,0,9.216000325977802,4,4,0,0,40,0,0,40,4.87
821,2,0,3,0,5.119999870657921,4,4,0,0,40,0,0,40,4.87
821,24,0,0,0,8.191999979317188,4,4,0,0,40,0,0,40,4.89
821,24,0,1,0,62.463998794555664,4,4,0,0,40,0,0,40,4.89
821,24,0,2,0,8.191999979317188,4,4,0,0,40,0,0,40,4.89
821,24,0,3,0,4.095999989658594,4,4,0,0,40,0,0,40,4.89
821,40,0,0,1,9.216000325977802,4,4,0,1,39,0,0,40,72.63
821,40,0,1,1,66.56000018119812,4,4,0,1,39,0,0,40,72.63
821,40,0,2,1,8.191999979317188,4,4,0,1,39,0,0,40,72.63
821,40,0,3,1,4.095999989658594,4,4,0,1,39,0,0,40,72.63
822,2,0,0,0,8.191999979317188,1,1,0,0,10,0,0,10,0.7
822,2,0,1,0,31.74399957060814,1,1,0,0,10,0,0,10,0.7
822,2,0,2,0,9.216000325977802,1,1,0,0,10,0,0,10,0.7
822,2,0,3,0,5.119999870657921,1,1,0,0,10,0,0,10,0.7
822,24,0,0,0,9.216000325977802,1,1,0,0,10,0,0,10,0.389
822,24,0,1,0,32.76799991726875,1,1,0,0,10,0,0,10,0.389
822,24,0,2,0,9.216000325977802,1,1,0,0,10,0,0,10,0.389
822,24,0,3,0,4.095999989658594,1,1,0,0,10,0,0,10,0.389
822,40,0,0,1,8.191999979317188,1,1,0,0,10,0,0,10,2.77
822,40,0,1,1,34.81600061058998,1,1,0,0,10,0,0,10,2.77
822,40,0,2,1,8.191999979317188,1,1,0,0,10,0,0,10,2.77
822,40,0,3,1,4.095999989658594,1,1,0,0,10,0,0,10,2.77
823,2,0,0,0,9.216000325977802,3,3,0,0,30,0,0,30,2.12
823,2,0,1,0,63.48799914121628,3,3,0,0,30,0,0,30,2.12
823,2,0,2,0,9.216000325977802,3,3,0,0,30,0,0,30,2.12
823,2,0,3,0,6.144000217318535,3,3,0,0,30,0,0,30,2.12
823,24,0,0,0,8.191999979317188,3,3,0,0,30,0,0,30,1.34
823,24,0,1,0,50.175998359918594,3,3,0,0,30,0,0,30,1.34
823,24,0,2,0,9.216000325977802,3,3,0,0,30,0,0,30,1.34
823,24,0,3,0,4.095999989658594,3,3,0,0,30,0,0,30,1.34
823,40,0,0,1,8.191999979317188,3,3,0,0,30,0,0,30,1.52
823,40,0,1,1,55.296000093221664,3,3,0,0,30,0,0,30,1.52
823,40,0,2,1,9.216000325977802,3,3,0,0,30,0,0,30,1.52
823,40,0,3,1,4.095999989658594,3,3,0,0,30,0,0,30,1.52
824,2,0,0,0,9.216000325977802,1,1,0,0,10,0,0,10,0.61
824,2,0,1,0,31.74399957060814,1,1,0,0,10,0,0,10,0.61
824,2,0,2,0,9.216000325977802,1,1,0,0,10,0,0,10,0.61
824,2,0,3,0,5.119999870657921,1,1,0,0,10,0,0,10,0.61
824,24,0,0,0,8.191999979317188,1,1,0,0,10,0,0,10,0.489
824,24,0,1,0,32.76799991726875,1,1,0,0,10,0,0,10,0.489
824,24,0,2,0,8.191999979317188,1,1,0,0,10,0,0,10,0.489
824,24,0,3,0,3.0720001086592674,1,1,0,0,10,0,0,10,0.489
824,40,0,0,1,8.191999979317188,1,1,0,0,10,0,0,10,0.57
824,40,0,1,1,35.840000957250595,1,1,0,0,10,0,0,10,0.57
824,40,0,2,1,9.216000325977802,1,1,0,0,10,0,0,10,0.57
824,40,0,3,1,4.095999989658594,1,1,0,0,10,0,0,10,0.57
825,2,0,0,0,8.191999979317188,2,2,0,1,19,0,0,20,78.78
825,2,0,1,0,51.19999870657921,2,2,0,1,19,0,0,20,78.78
825,2,0,2,0,9.216000325977802,2,2,0,1,19,0,0,20,78.78
825,2,0,3,0,5.119999870657921,2,2,0,1,19,0,0,20,78.78
825,24,0,0,0,8.191999979317188,2,2,0,0,20,0,0,20,1.02
825,24,0,1,0,49.15200173854828,2,2,0,0,20,0,0,20,1.02
825,24,0,2,0,9.216000325977802,2,2,0,0,20,0,0,20,1.02
825,24,0,3,0,5.119999870657921,2,2,0,0,20,0,0,20,1.02
825,40,0,0,1,9.216000325977802,2,2,0,0,20,0,0,20,2.78
825,40,0,1,1,55.296000093221664,2,2,0,0,20,0,0,20,2.78
825,40,0,2,1,9.216000325977802,2,2,0,0,20,0,0,20,2.78
825,40,0,3,1,4.095999989658594,2,2,0,0,20,0,0,20,2.78
826,2,0,0,0,14.336000196635723,4,4,0,0,40,0,0,40,2.76
826,2,0,1,0,84.99199897050858,4,4,0,0,40,0,0,40,2.76
826,2,0,2,0,9.216000325977802,4,4,0,0,40,0,0,40,2.76
826,2,0,3,0,6.144000217318535,4,4,0,0,40,0,0,40,2.76
826,24,0,0,0,8.191999979317188,4,4,0,0,40,0,0,40,2.54
826,24,0,1,0,65.5359998345375,4,4,0,0,40,0,0,40,2.54
826,24,0,2,0,8.191999979317188,4,4,0,0,40,0,0,40,2.54
826,24,0,3,0,4.095999989658594,4,4,0,0,40,0,0,40,2.54
826,40,0,0,1,8.191999979317188,4,4,0,1,39,0,0,40,91.099
826,40,0,1,1,86.01599931716919,4,4,0,1,39,0,0,40,91.099
826,40,0,2,1,8.191999979317188,4,4,0,1,39,0,0,40,91.099
826,40,0,3,1,4.095999989658594,4,4,0,1,39,0,0,40,91.099
827,2,0,0,0,9.216000325977802,1,1,0,0,10,0,0,10,0.52
827,2,0,1,0,31.74399957060814,1,1,0,0,10,0,0,10,0.52
827,2,0,2,0,9.216000325977802,1,1,0,0,10,0,0,10,0.52
827,2,0,3,0,4.095999989658594,1,1,0,0,10,0,0,10,0.52
827,24,0,0,0,8.191999979317188,1,1,0,0,10,0,0,10,0.43
827,24,0,1,0,32.76799991726875,1,1,0,0,10,0,0,10,0.43
827,24,0,2,0,9.216000325977802,1,1,0,0,10,0,0,10,0.43
827,24,0,3,0,4.095999989658594,1,1,0,0,10,0,0,10,0.43
827,40,0,0,1,9.216000325977802,1,1,0,0,10,0,0,10,0.43
827,40,0,1,1,34.81600061058998,1,1,0,0,10,0,0,10,0.43
827,40,0,2,1,9.216000325977802,1,1,0,0,10,0,0,10,0.43
827,40,0,3,1,4.095999989658594,1,1,0,0,10,0,0,10,0.43
828,2,0,0,0,8.191999979317188,4,4,0,3,36,1,0,40,157.85
828,2,0,1,0,82.94399827718735,4,4,0,3,36,1,0,40,157.85
828,2,0,2,0,162.81600296497345,4,4,0,3,36,1,0,40,157.85
828,2,0,3,0,5.119999870657921,4,4,0,3,36,1,0,40,157.85
828,24,0,0,0,7.168000098317862,4,4,0,0,40,0,0,40,2.46
828,24,0,1,0,60.416001826524734,4,4,0,0,40,0,0,40,2.46
828,24,0,2,0,9.216000325977802,4,4,0,0,40,0,0,40,2.46
828,24,0,3,0,4.095999989658594,4,4,0,0,40,0,0,40,2.46
828,40,0,0,1,14.336000196635723,4,4,0,0,40,0,0,40,2.169
828,40,0,1,1,48.128001391887665,4,4,0,0,40,0,0,40,2.169
828,40,0,2,1,9.216000325977802,4,4,0,0,40,0,0,40,2.169
828,40,0,3,1,5.119999870657921,4,4,0,0,40,0,0,40,2.169
829,2,0,0,0,14.336000196635723,4,4,0,0,40,0,0,40,3.32
829,2,0,1,0,86.01599931716919,4,4,0,0,40,0,0,40,3.32
829,2,0,2,0,9.216000325977802,4,4,0,0,40,0,0,40,3.32
829,2,0,3,0,6.144000217318535,4,4,0,0,40,0,0,40,3.32
829,24,0,0,0,7.168000098317862,4,4,0,0,40,0,0,40,2.37
829,24,0,1,0,69.63200122117996,4,4,0,0,40,0,0,40,2.37
829,24,0,2,0,9.216000325977802,4,4,0,0,40,0,0,40,2.37
829,24,0,3,0,4.095999989658594,4,4,0,0,40,0,0,40,2.37
829,40,0,0,1,15.359999611973763,4,4,0,0,40,0,0,40,2.19
829,40,0,1,1,90.11200070381165,4,4,0,0,40,0,0,40,2.19
829,40,0,2,1,9.216000325977802,4,4,0,0,40,0,0,40,2.19
829,40,0,3,1,4.095999989658594,4,4,0,0,40,0,0,40,2.19
830,2,0,0,0,14.336000196635723,4,4,0,1,39,0,0,40,69.83
830,2,0,1,0,75.77600330114365,4,4,0,1,39,0,0,40,69.83
830,2,0,2,0,9.216000325977802,4,4,0,1,39,0,0,40,69.83
830,2,0,3,0,6.144000217318535,4,4,0,1,39,0,0,40,69.83
830,24,0,0,0,8.191999979317188,4,4,0,2,38,0,0,40,130.029
830,24,0,1,0,71.68000191450119,4,4,0,2,38,0,0,40,130.029
830,24,0,2,0,9.216000325977802,4,4,0,2,38,0,0,40,130.029
830,24,0,3,0,36.86400130391121,4,4,0,2,38,0,0,40,130.029
830,40,0,0,1,8.191999979317188,4,4,0,1,39,0,0,40,119.03
830,40,0,1,1,67.58400052785873,4,4,0,1,39,0,0,40,119.03
830,40,0,2,1,8.191999979317188,4,4,0,1,39,0,0,40,119.03
830,40,0,3,1,29.69600073993206,4,4,0,1,39,0,0,40,119.03
831,2,0,0,0,15.359999611973763,4,4,0,0,40,0,0,40,2.809
831,2,0,1,0,73.72800260782242,4,4,0,0,40,0,0,40,2.809
831,2,0,2,0,9.216000325977802,4,4,0,0,40,0,0,40,2.809
831,2,0,3,0,7.168000098317862,4,4,0,0,40,0,0,40,2.809
831,24,0,0,0,9.216000325977802,4,4,0,0,40,0,0,40,2.629
831,24,0,1,0,93.18400174379349,4,4,0,0,40,0,0,40,2.629
831,24,0,2,0,13.311999849975109,4,4,0,0,40,0,0,40,2.629
831,24,0,3,0,5.119999870657921,4,4,0,0,40,0,0,40,2.629
831,40,0,0,1,14.336000196635723,4,4,0,0,40,0,0,40,3.66
831,40,0,1,1,92.16000139713287,4,4,0,0,40,0,0,40,3.66
831,40,0,2,1,8.191999979317188,4,4,0,0,40,0,0,40,3.66
831,40,0,3,1,4.095999989658594,4,4,0,0,40,0,0,40,3.66
832,2,0,0,0,14.336000196635723,4,4,0,0,40,0,0,40,2.59
832,2,0,1,0,91.13600105047226,4,4,0,0,40,0,0,40,2.59
832,2,0,2,0,9.216000325977802,4,4,0,0,40,0,0,40,2.59
832,2,0,3,0,6.144000217318535,4,4,0,0,40,0,0,40,2.59
832,24,0,0,0,7.168000098317862,4,4,0,1,39,0,0,40,83.979
832,24,0,1,0,80.89599758386612,4,4,0,1,39,0,0,40,83.979
832,24,0,2,0,8.191999979317188,4,4,0,1,39,0,0,40,83.979
832,24,0,3,0,4.095999989658594,4,4,0,1,39,0,0,40,83.979
832,40,0,0,1,8.191999979317188,4,4,0,1,39,0,0,40,175.789
832,40,0,1,1,59.39200147986412,4,4,0,1,39,0,0,40,175.789
832,40,0,2,1,9.216000325977802,4,4,0,1,39,0,0,40,175.789
832,40,0,3,1,101.3759970664978,4,4,0,1,39,0,0,40,175.789
833,2,0,0,0,14.336000196635723,4,4,0,0,40,0,0,40,2.349
833,2,0,1,0,80.89599758386612,4,4,0,0,40,0,0,40,2.349
833,2,0,2,0,9.216000325977802,4,4,0,0,40,0,0,40,2.349
833,2,0,3,0,5.119999870657921,4,4,0,0,40,0,0,40,2.349
833,24,0,0,0,24.57600086927414,4,4,0,1,39,0,0,40,69.91
833,24,0,1,0,89.08800035715103,4,4,0,1,39,0,0,40,69.91
833,24,0,2,0,9.216000325977802,4,4,0,1,39,0,0,40,69.91
833,24,0,3,0,4.095999989658594,4,4,0,1,39,0,0,40,69.91
833,40,0,0,1,8.191999979317188,4,4,0,0,40,0,0,40,2.82
833,40,0,1,1,93.18400174379349,4,4,0,0,40,0,0,40,2.82
833,40,0,2,1,9.216000325977802,4,4,0,0,40,0,0,40,2.82
833,40,0,3,1,4.095999989658594,4,4,0,0,40,0,0,40,2.82
834,2,0,0,0,14.336000196635723,4,4,0,0,40,0,0,40,2.56
834,2,0,1,0,95.23200243711472,4,4,0,0,40,0,0,40,2.56
834,2,0,2,0,8.191999979317188,4,4,0,0,40,0,0,40,2.56
834,2,0,3,0,7.168000098317862,4,4,0,0,40,0,0,40,2.56
834,24,0,0,0,8.191999979317188,4,4,0,0,40,0,0,40,2.47
834,24,0,1,0,71.68000191450119,4,4,0,0,40,0,0,40,2.47
834,24,0,2,0,8.191999979317188,4,4,0,0,40,0,0,40,2.47
834,24,0,3,0,4.095999989658594,4,4,0,0,40,0,0,40,2.47
834,40,0,0,1,9.216000325977802,4,4,0,0,40,0,0,40,4.22
834,40,0,1,1,63.48799914121628,4,4,0,0,40,0,0,40,4.22
834,40,0,2,1,9.216000325977802,4,4,0,0,40,0,0,40,4.22
834,40,0,3,1,4.095999989658594,4,4,0,0,40,0,0,40,4.22
835,2,0,0,0,27.648000046610832,4,4,0,0,40,0,0,40,2.91
835,2,0,1,0,84.99199897050858,4,4,0,0,40,0,0,40,2.91
835,2,0,2,0,9.216000325977802,4,4,0,0,40,0,0,40,2.91
835,2,0,3,0,6.144000217318535,4,4,0,0,40,0,0,40,2.91
835,24,0,0,0,8.191999979317188,4,4,0,1,39,0,0,40,70.86
835,24,0,1,0,81.91999793052673,4,4,0,1,39,0,0,40,70.86
835,24,0,2,0,9.216000325977802,4,4,0,1,39,0,0,40,70.86
835,24,0,3,0,4.095999989658594,4,4,0,1,39,0,0,40,70.86
835,40,0,0,1,9.216000325977802,4,4,0,1,39,0,0,40,80.53
835,40,0,1,1,97.28000313043594,4,4,0,1,39,0,0,40,80.53
835,40,0,2,1,9.216000325977802,4,4,0,1,39,0,0,40,80.53
835,40,0,3,1,4.095999989658594,4,4,0,1,39,0,0,40,80.53
836,2,0,0,0,15.359999611973763,4,4,0,0,40,0,0,40,2.29
836,2,0,1,0,61.43999844789505,4,4,0,0,40,0,0,40,2.29
836,2,0,2,0,9.216000325977802,4,4,0,0,40,0,0,40,2.29
836,2,0,3,0,6.144000217318535,4,4,0,0,40,0,0,40,2.29
836,24,0,0,0,8.191999979317188,4,4,0,0,40,0,0,40,2.47
836,24,0,1,0,89.08800035715103,4,4,0,0,40,0,0,40,2.47
836,24,0,2,0,9.216000325977802,4,4,0,0,40,0,0,40,2.47
836,24,0,3,0,4.095999989658594,4,4,0,0,40,0,0,40,2.47
836,40,0,0,1,8.191999979317188,4,4,0,2,38,0,0,40,168.069
836,40,0,1,1,88.06400001049042,4,4,0,2,38,0,0,40,168.069
836,40,0,2,1,9.216000325977802,4,4,0,2,38,0,0,40,168.069
836,40,0,3,1,62.463998794555664,4,4,0,2,38,0,0,40,168.069
837,2,0,0,0,15.359999611973763,4,4,0,0,40,0,0,40,4.84
837,2,0,1,0,74.75200295448303,4,4,0,0,40,0,0,40,4.84
837,2,0,2,0,8.191999979317188,4,4,0,0,40,0,0,40,4.84
837,2,0,3,0,6.144000217318535,4,4,0,0,40,0,0,40,4.84
837,24,0,0,0,8.191999979317188,4,4,0,0,40,0,0,40,3.16
837,24,0,1,0,82.94399827718735,4,4,0,0,40,0,0,40,3.16
837,24,0,2,0,9.216000325977802,4,4,0,0,40,0,0,40,3.16
837,24,0,3,0,4.095999989658594,4,4,0,0,40,0,0,40,3.16
837,40,0,0,1,8.191999979317188,4,4,0,1,39,0,0,40,136.73
837,40,0,1,1,81.91999793052673,4,4,0,1,39,0,0,40,136.73
837,40,0,2,1,8.191999979317188,4,4,0,1,39,0,0,40,136.73
837,40,0,3,1,34.81600061058998,4,4,0,1,39,0,0,40,136.73
838,2,0,0,0,9.216000325977802,4,4,0,0,40,0,0,40,2.57
838,2,0,1,0,84.99199897050858,4,4,0,0,40,0,0,40,2.57
838,2,0,2,0,9.216000325977802,4,4,0,0,40,0,0,40,2.57
838,2,0,3,0,4.095999989658594,4,4,0,0,40,0,0,40,2.57
838,24,0,0,0,13.311999849975109,4,4,0,1,39,0,0,40,113.71
838,24,0,1,0,84.99199897050858,4,4,0,1,39,0,0,40,113.71
838,24,0,2,0,8.191999979317188,4,4,0,1,39,0,0,40,113.71
838,24,0,3,0,4.095999989658594,4,4,0,1,39,0,0,40,113.71
838,40,0,0,1,34.81600061058998,4,4,0,0,40,0,0,40,33.671
838,40,0,1,1,78.84799689054489,4,4,0,0,40,0,0,40,33.671
838,40,0,2,1,9.216000325977802,4,4,0,0,40,0,0,40,33.671
838,40,0,3,1,4.095999989658594,4,4,0,0,40,0,0,40,33.671
839,2,0,0,0,16.383999958634377,4,4,0,0,40,0,0,40,2.671
839,2,0,1,0,67.58400052785873,4,4,0,0,40,0,0,40,2.671
839,2,0,2,0,9.216000325977802,4,4,0,0,40,0,0,40,2.671
839,2,0,3,0,5.119999870657921,4,4,0,0,40,0,0,40,2.671
839,24,0,0,0,8.191999979317188,4,4,0,0,40,0,0,40,2.62
839,24,0,1,0,63.48799914121628,4,4,0,0,40,0,0,40,2.62
839,24,0,2,0,8.191999979317188,4,4,0,0,40,0,0,40,2.62
839,24,0,3,0,3.0720001086592674,4,4,0,0,40,0,0,40,2.62
839,40,0,0,1,8.191999979317188,4,4,0,0,40,0,0,40,2.48
839,40,0,1,1,76.80000364780426,4,4,0,0,40,0,0,40,2.48
839,40,0,2,1,9.216000325977802,4,4,0,0,40,0,0,40,2.48
839,40,0,3,1,4.095999989658594,4,4,0,0,40,0,0,40,2.48
840,2,0,0,0,14.336000196635723,4,4,0,0,40,0,0,40,5.111
840,2,0,1,0,87.0399996638298,4,4,0,0,40,0,0,40,5.111
840,2,0,2,0,9.216000325977802,4,4,0,0,40,0,0,40,5.111
840,2,0,3,0,5.119999870657921,4,4,0,0,40,0,0,40,5.111
840,24,0,0,0,7.168000098317862,4,4,0,0,40,0,0,40,5.071
840,24,0,1,0,81.91999793052673,4,4,0,0,40,0,0,40,5.071
840,24,0,2,0,8.191999979317188,4,4,0,0,40,0,0,40,5.071
840,24,0,3,0,4.095999989658594,4,4,0,0,40,0,0,40,5.071
840,40,0,0,1,8.191999979317188,4,4,0,0,40,0,0,40,2.55
840,40,0,1,1,61.43999844789505,4,4,0,0,40,0,0,40,2.55
840,40,0,2,1,9.216000325977802,4,4,0,0,40,0,0,40,2.55
840,40,0,3,1,4.095999989658594,4,4,0,0,40,0,0,40,2.55
841,2,0,0,0,8.191999979317188,1,1,0,0,10,0,0,10,1.171
841,2,0,1,0,31.74399957060814,1,1,0,0,10,0,0,10,1.171
841,2,0,2,0,9.216000325977802,1,1,0,0,10,0,0,10,1.171
841,2,0,3,0,4.095999989658594,1,1,0,0,10,0,0,10,1.171
841,24,0,0,0,9.216000325977802,1,1,0,0,10,0,0,10,0.4
841,24,0,1,0,32.76799991726875,1,1,0,0,10,0,0,10,0.4
841,24,0,2,0,8.191999979317188,1,1,0,0,10,0,0,10,0.4
841,24,0,3,0,4.095999989658594,1,1,0,0,10,0,0,10,0.4
841,40,0,0,1,9.216000325977802,1,1,0,0,10,0,0,10,1.02
841,40,0,1,1,34.81600061058998,1,1,0,0,10,0,0,10,1.02
841,40,0,2,1,9.216000325977802,1,1,0,0,10,0,0,10,1.02
841,40,0,3,1,4.095999989658594,1,1,0,0,10,0,0,10,1.02
842,2,0,0,0,15.359999611973763,4,4,0,0,40,0,0,40,4.48
842,2,0,1,0,73.72800260782242,4,4,0,0,40,0,0,40,4.48
842,2,0,2,0,9.216000325977802,4,4,0,0,40,0,0,40,4.48
842,2,0,3,0,5.119999870657921,4,4,0,0,40,0,0,40,4.48
842,24,0,0,0,8.191999979317188,4,4,0,1,39,0,0,40,70.01
842,24,0,1,0,70.65600156784058,4,4,0,1,39,0,0,40,70.01
842,24,0,2,0,9.216000325977802,4,4,0,1,39,0,0,40,70.01
842,24,0,3,0,4.095999989658594,4,4,0,1,39,0,0,40,70.01
842,40,0,0,1,14.336000196635723,4,4,0,0,40,0,0,40,2.011
842,40,0,1,1,68.60800087451935,4,4,0,0,40,0,0,40,2.011
842,40,0,2,1,9.216000325977802,4,4,0,0,40,0,0,40,2.011
842,40,0,3,1,3.0720001086592674,4,4,0,0,40,0,0,40,2.011
843,2,0,0,0,14.336000196635723,4,4,0,0,40,0,0,40,3.471
843,2,0,1,0,70.65600156784058,4,4,0,0,40,0,0,40,3.471
843,2,0,2,0,8.191999979317188,4,4,0,0,40,0,0,40,3.471
843,2,0,3,0,6.144000217318535,4,4,0,0,40,0,0,40,3.471
843,24,0,0,0,8.191999979317188,4,4,0,0,40,0,0,40,2.73
843,24,0,1,0,72.7040022611618,4,4,0,0,40,0,0,40,2.73
843,24,0,2,0,9.216000325977802,4,4,0,0,40,0,0,40,2.73
843,24,0,3,0,4.095999989658594,4,4,0,0,40,0,0,40,2.73
843,40,0,0,1,8.191999979317188,4,4,0,0,40,0,0,40,4.99
843,40,0,1,1,82.94399827718735,4,4,0,0,40,0,0,40,4.99
843,40,0,2,1,9.216000325977802,4,4,0,0,40,0,0,40,4.99
843,40,0,3,1,4.095999989658594,4,4,0,0,40,0,0,40,4.99
844,2,0,0,0,13.311999849975109,4,4,0,0,40,0,0,40,5.1
844,2,0,1,0,90.11200070381165,4,4,0,0,40,0,0,40,5.1
844,2,0,2,0,9.216000325977802,4,4,0,0,40,0,0,40,5.1
844,2,0,3,0,5.119999870657921,4,4,0,0,40,0,0,40,5.1
844,24,0,0,0,289.792001247406,4,4,0,0,40,0,0,40,3.78
844,24,0,1,0,78.84799689054489,4,4,0,0,40,0,0,40,3.78
844,24,0,2,0,9.216000325977802,4,4,0,0,40,0,0,40,3.78
844,24,0,3,0,5.119999870657921,4,4,0,0,40,0,0,40,3.78
844,40,0,0,1,14.336000196635723,4,4,0,0,40,0,0,40,2.67
844,40,0,1,1,80.89599758386612,4,4,0,0,40,0,0,40,2.67
844,40,0,2,1,8.191999979317188,4,4,0,0,40,0,0,40,2.67
844,40,0,3,1,4.095999989658594,4,4,0,0,40,0,0,40,2.67
845,2,0,0,0,8.191999979317188,4,4,0,1,39,0,0,40,85.3
845,2,0,1,0,80.89599758386612,4,4,0,1,39,0,0,40,85.3
845,2,0,2,0,9.216000325977802,4,4,0,1,39,0,0,40,85.3
845,2,0,3,0,7.168000098317862,4,4,0,1,39,0,0,40,85.3
845,24,0,0,0,8.191999979317188,4,4,0,0,40,0,0,40,2.949
845,24,0,1,0,77.82399654388428,4,4,0,0,40,0,0,40,2.949
845,24,0,2,0,9.216000325977802,4,4,0,0,40,0,0,40,2.949
845,24,0,3,0,4.095999989658594,4,4,0,0,40,0,0,40,2.949
845,40,0,0,1,14.336000196635723,4,4,0,0,40,0,0,40,4.349
845,40,0,1,1,79.8719972372055,4,4,0,0,40,0,0,40,4.349
845,40,0,2,1,8.191999979317188,4,4,0,0,40,0,0,40,4.349
845,40,0,3,1,4.095999989658594,4,4,0,0,40,0,0,40,4.349
846,2,0,0,0,14.336000196635723,4,4,0,0,40,0,0,40,4.76
846,2,0,1,0,84.99199897050858,4,4,0,0,40,0,0,40,4.76
846,2,0,2,0,9.216000325977802,4,4,0,0,40,0,0,40,4.76
846,2,0,3,0,5.119999870657921,4,4,0,0,40,0,0,40,4.76
846,24,0,0,0,8.191999979317188,4,4,0,0,40,0,0,40,3.06
846,24,0,1,0,87.0399996638298,4,4,0,0,40,0,0,40,3.06
846,24,0,2,0,9.216000325977802,4,4,0,0,40,0,0,40,3.06
846,24,0,3,0,4.095999989658594,4,4,0,0,40,0,0,40,3.06
846,40,0,0,1,14.336000196635723,4,4,0,0,40,0,0,40,5.27
846,40,0,1,1,70.65600156784058,4,4,0,0,40,0,0,40,5.27
846,40,0,2,1,9.216000325977802,4,4,0,0,40,0,0,40,5.27
846,40,0,3,1,4.095999989658594,4,4,0,0,40,0,0,40,5.27
847,2,0,0,0,14.336000196635723,4,4,0,1,39,0,0,40,147.209
847,2,0,1,0,81.91999793052673,4,4,0,1,39,0,0,40,147.209
847,2,0,2,0,9.216000325977802,4,4,0,1,39,0,0,40,147.209
847,2,0,3,0,37.88800165057182,4,4,0,1,39,0,0,40,147.209
847,24,0,0,0,8.191999979317188,4,4,0,1,39,0,0,40,79.639
847,24,0,1,0,91.13600105047226,4,4,0,1,39,0,0,40,79.639
847,24,0,2,0,9.216000325977802,4,4,0,1,39,0,0,40,79.639
847,24,0,3,0,5.119999870657921,4,4,0,1,39,0,0,40,79.639
847,40,0,0,1,8.191999979317188,4,4,0,0,40,0,0,40,2.27
847,40,0,1,1,77.82399654388428,4,4,0,0,40,0,0,40,2.27
847,40,0,2,1,9.216000325977802,4,4,0,0,40,0,0,40,2.27
847,40,0,3,1,4.095999989658594,4,4,0,0,40,0,0,40,2.27
848,2,0,0,0,9.216000325977802,4,4,0,2,38,0,0,40,121.78
848,2,0,1,0,92.16000139713287,4,4,0,2,38,0,0,40,121.78
848,2,0,2,0,9.216000325977802,4,4,0,2,38,0,0,40,121.78
848,2,0,3,0,8.191999979317188,4,4,0,2,38,0,0,40,121.78
848,24,0,0,0,7.168000098317862,4,4,0,0,40,0,0,40,5.42
848,24,0,1,0,80.89599758386612,4,4,0,0,40,0,0,40,5.42
848,24,0,2,0,9.216000325977802,4,4,0,0,40,0,0,40,5.42
848,24,0,3,0,4.095999989658594,4,4,0,0,40,0,0,40,5.42
848,40,0,0,1,15.359999611973763,4,4,0,0,40,0,0,40,2.88
848,40,0,1,1,70.65600156784058,4,4,0,0,40,0,0,40,2.88
848,40,0,2,1,9.216000325977802,4,4,0,0,40,0,0,40,2.88
848,40,0,3,1,4.095999989658594,4,4,0,0,40,0,0,40,2.88
849,2,0,0,0,14.336000196635723,4,4,0,3,36,1,0,40,255.559
849,2,0,1,0,78.84799689054489,4,4,0,3,36,1,0,40,255.559
849,2,0,2,0,168.96000504493713,4,4,0,3,36,1,0,40,255.559
849,2,0,3,0,6.144000217318535,4,4,0,3,36,1,0,40,255.559
849,24,0,0,0,7.168000098317862,4,4,0,2,38,0,0,40,174.25
849,24,0,1,0,70.65600156784058,4,4,0,2,38,0,0,40,174.25
849,24,0,2,0,9.216000325977802,4,4,0,2,38,0,0,40,174.25
849,24,0,3,0,83.96799862384796,4,4,0,2,38,0,0,40,174.25
849,40,0,0,1,8.191999979317188,4,4,0,1,39,0,0,40,72.279
849,40,0,1,1,74.75200295448303,4,4,0,1,39,0,0,40,72.279
849,40,0,2,1,9.216000325977802,4,4,0,1,39,0,0,40,72.279
849,40,0,3,1,4.095999989658594,4,4,0,1,39,0,0,40,72.279
850,2,0,0,0,332.8000009059906,4,4,0,1,39,0,0,40,72.08
850,2,0,1,0,87.0399996638298,4,4,0,1,39,0,0,40,72.08
850,2,0,2,0,9.216000325977802,4,4,0,1,39,0,0,40,72.08
850,2,0,3,0,7.168000098317862,4,4,0,1,39,0,0,40,72.08
850,24,0,0,0,22.52800017595291,4,4,0,2,38,0,0,40,129.529
850,24,0,1,0,81.91999793052673,4,4,0,2,38,0,0,40,129.529
850,24,0,2,0,9.216000325977802,4,4,0,2,38,0,0,40,129.529
850,24,0,3,0,10.239999741315842,4,4,0,2,38,0,0,40,129.529
850,40,0,0,1,8.191999979317188,4,4,0,1,39,0,0,40,74.169
850,40,0,1,1,64.51199948787689,4,4,0,1,39,0,0,40,74.169
850,40,0,2,1,9.216000325977802,4,4,0,1,39,0,0,40,74.169
850,40,0,3,1,4.095999989658594,4,4,0,1,39,0,0,40,74.169
851,2,0,0,0,14.336000196635723,4,4,0,1,39,0,0,40,65.48
851,2,0,1,0,80.89599758386612,4,4,0,1,39,0,0,40,65.48
851,2,0,2,0,9.216000325977802,4,4,0,1,39,0,0,40,65.48
851,2,0,3,0,5.119999870657921,4,4,0,1,39,0,0,40,65.48
851,24,0,0,0,9.216000325977802,4,4,0,1,39,0,0,40,72.39
851,24,0,1,0,83.96799862384796,4,4,0,1,39,0,0,40,72.39
851,24,0,2,0,9.216000325977802,4,4,0,1,39,0,0,40,72.39
851,24,0,3,0,4.095999989658594,4,4,0,1,39,0,0,40,72.39
851,40,0,0,1,8.191999979317188,4,4,0,1,39,0,0,40,80.269
851,40,0,1,1,87.0399996638298,4,4,0,1,39,0,0,40,80.269
851,40,0,2,1,9.216000325977802,4,4,0,1,39,0,0,40,80.269
851,40,0,3,1,4.095999989658594,4,4,0,1,39,0,0,40,80.269
852,2,0,0,0,14.336000196635723,4,4,0,0,40,0,0,40,4.73
852,2,0,1,0,89.08800035715103,4,4,0,0,40,0,0,40,4.73
852,2,0,2,0,9.216000325977802,4,4,0,0,40,0,0,40,4.73
852,2,0,3,0,5.119999870657921,4,4,0,0,40,0,0,40,4.73
852,24,0,0,0,8.191999979317188,4,4,0,0,40,0,0,40,5.52
852,24,0,1,0,93.18400174379349,4,4,0,0,40,0,0,40,5.52
852,24,0,2,0,9.216000325977802,4,4,0,0,40,0,0,40,5.52
852,24,0,3,0,4.095999989658594,4,4,0,0,40,0,0,40,5.52
852,40,0,0,1,8.191999979317188,4,4,0,0,40,0,0,40,2.47
852,40,0,1,1,79.8719972372055,4,4,0,0,40,0,0,40,2.47
852,40,0,2,1,9.216000325977802,4,4,0,0,40,0,0,40,2.47
852,40,0,3,1,4.095999989658594,4,4,0,0,40,0,0,40,2.47
853,2,0,0,0,14.336000196635723,4,4,0,0,40,0,0,40,5.651
853,2,0,1,0,84.99199897050858,4,4,0,0,40,0,0,40,5.651
853,2,0,2,0,9.216000325977802,4,4,0,0,40,0,0,40,5.651
853,2,0,3,0,6.144000217318535,4,4,0,0,40,0,0,40,5.651
853,24,0,0,0,7.168000098317862,4,4,0,0,40,0,0,40,3.5
853,24,0,1,0,96.25600278377533,4,4,0,0,40,0,0,40,3.5
853,24,0,2,0,9.216000325977802,4,4,0,0,40,0,0,40,3.5
853,24,0,3,0,4.095999989658594,4,4,0,0,40,0,0,40,3.5
853,40,0,0,1,14.336000196635723,4,4,0,0,40,0,0,40,2.61
853,40,0,1,1,84.99199897050858,4,4,0,0,40,0,0,40,2.61
853,40,0,2,1,9.216000325977802,4,4,0,0,40,0,0,40,2.61
853,40,0,3,1,4.095999989658594,4,4,0,0,40,0,0,40,2.61
854,2,0,0,0,14.336000196635723,4,4,0,1,39,0,0,40,70.8
854,2,0,1,0,89.08800035715103,4,4,0,1,39,0,0,40,70.8
854,2,0,2,0,9.216000325977802,4,4,0,1,39,0,0,40,70.8
854,2,0,3,0,6.144000217318535,4,4,0,1,39,0,0,40,70.8
854,24,0,0,0,8.191999979317188,4,4,0,1,39,0,0,40,57.8
854,24,0,1,0,86.01599931716919,4,4,0,1,39,0,0,40,57.8
854,24,0,2,0,9.216000325977802,4,4,0,1,39,0,0,40,57.8
854,24,0,3,0,3.0720001086592674,4,4,0,1,39,0,0,40,57.8
854,40,0,0,1,13.311999849975109,4,4,0,0,40,0,0,40,4.609
854,40,0,1,1,81.91999793052673,4,4,0,0,40,0,0,40,4.609
854,40,0,2,1,9.216000325977802,4,4,0,0,40,0,0,40,4.609
854,40,0,3,1,5.119999870657921,4,4,0,0,40,0,0,40,4.609
855,2,0,0,0,14.336000196635723,4,4,0,0,40,0,0,40,5.41
855,2,0,1,0,89.08800035715103,4,4,0,0,40,0,0,40,5.41
855,2,0,2,0,9.216000325977802,4,4,0,0,40,0,0,40,5.41
855,2,0,3,0,5.119999870657921,4,4,0,0,40,0,0,40,5.41
855,24,0,0,0,333.8240087032318,4,4,0,1,39,0,0,40,76.22
855,24,0,1,0,86.01599931716919,4,4,0,1,39,0,0,40,76.22
855,24,0,2,0,9.216000325977802,4,4,0,1,39,0,0,40,76.22
855,24,0,3,0,4.095999989658594,4,4,0,1,39,0,0,40,76.22
855,40,0,0,1,15.359999611973763,4,4,0,0,40,0,0,40,2.42
855,40,0,1,1,79.8719972372055,4,4,0,0,40,0,0,40,2.42
855,40,0,2,1,9.216000325977802,4,4,0,0,40,0,0,40,2.42
855,40,0,3,1,4.095999989658594,4,4,0,0,40,0,0,40,2.42
856,2,0,0,0,61.43999844789505,4,4,0,0,40,0,0,40,3.15
856,2,0,1,0,75.77600330114365,4,4,0,0,40,0,0,40,3.15
856,2,0,2,0,9.216000325977802,4,4,0,0,40,0,0,40,3.15
856,2,0,3,0,5.119999870657921,4,4,0,0,40,0,0,40,3.15
856,24,0,0,0,8.191999979317188,4,4,0,0,40,0,0,40,3.5
856,24,0,1,0,84.99199897050858,4,4,0,0,40,0,0,40,3.5
856,24,0,2,0,8.191999979317188,4,4,0,0,40,0,0,40,3.5
856,24,0,3,0,4.095999989658594,4,4,0,0,40,0,0,40,3.5
856,40,0,0,1,9.216000325977802,4,4,0,3,37,0,0,40,217.459
856,40,0,1,1,88.06400001049042,4,4,0,3,37,0,0,40,217.459
856,40,0,2,1,9.216000325977802,4,4,0,3,37,0,0,40,217.459
856,40,0,3,1,107.51999914646149,4,4,0,3,37,0,0,40,217.459
857,2,0,0,0,7.168000098317862,4,4,0,1,39,0,0,40,163.95
857,2,0,1,0,87.0399996638298,4,4,0,1,39,0,0,40,163.95
857,2,0,2,0,9.216000325977802,4,4,0,1,39,0,0,40,163.95
857,2,0,3,0,64.51199948787689,4,4,0,1,39,0,0,40,163.95
857,24,0,0,0,8.191999979317188,4,4,0,0,40,0,0,40,6.05
857,24,0,1,0,77.82399654388428,4,4,0,0,40,0,0,40,6.05
857,24,0,2,0,9.216000325977802,4,4,0,0,40,0,0,40,6.05
857,24,0,3,0,4.095999989658594,4,4,0,0,40,0,0,40,6.05
857,40,0,0,1,15.359999611973763,4,4,0,2,38,0,0,40,123.689
857,40,0,1,1,81.91999793052673,4,4,0,2,38,0,0,40,123.689
857,40,0,2,1,9.216000325977802,4,4,0,2,38,0,0,40,123.689
857,40,0,3,1,11.264000087976456,4,4,0,2,38,0,0,40,123.689
858,2,0,0,0,8.191999979317188,4,4,0,1,39,0,0,40,66.07
858,2,0,1,0,89.08800035715103,4,4,0,1,39,0,0,40,66.07
858,2,0,2,0,8.191999979317188,4,4,0,1,39,0,0,40,66.07
858,2,0,3,0,5.119999870657921,4,4,0,1,39,0,0,40,66.07
858,24,0,0,0,9.216000325977802,4,4,0,0,40,0,0,40,2.789
858,24,0,1,0,90.11200070381165,4,4,0,0,40,0,0,40,2.789
858,24,0,2,0,9.216000325977802,4,4,0,0,40,0,0,40,2.789
858,24,0,3,0,4.095999989658594,4,4,0,0,40,0,0,40,2.789
858,40,0,0,1,8.191999979317188,4,4,0,1,39,0,0,40,91.809
858,40,0,1,1,90.11200070381165,4,4,0,1,39,0,0,40,91.809
858,40,0,2,1,9.216000325977802,4,4,0,1,39,0,0,40,91.809
858,40,0,3,1,4.095999989658594,4,4,0,1,39,0,0,40,91.809
859,2,0,0,0,13.311999849975109,4,4,0,0,40,0,0,40,3.01
859,2,0,1,0,93.18400174379349,4,4,0,0,40,0,0,40,3.01
859,2,0,2,0,9.216000325977802,4,4,0,0,40,0,0,40,3.01
859,2,0,3,0,8.191999979317188,4,4,0,0,40,0,0,40,3.01
859,24,0,0,0,8.191999979317188,4,4,0,0,40,0,0,40,2.87
859,24,0,1,0,87.0399996638298,4,4,0,0,40,0,0,40,2.87
859,24,0,2,0,8.191999979317188,4,4,0,0,40,0,0,40,2.87
859,24,0,3,0,4.095999989658594,4,4,0,0,40,0,0,40,2.87
859,40,0,0,1,14.336000196635723,4,4,0,0,40,0,0,40,4.79
859,40,0,1,1,76.80000364780426,4,4,0,0,40,0,0,40,4.79
859,40,0,2,1,9.216000325977802,4,4,0,0,40,0,0,40,4.79
859,40,0,3,1,4.095999989658594,4,4,0,0,40,0,0,40,4.79
860,2,0,0,0,9.216000325977802,4,4,0,1,39,0,0,40,84.68
860,2,0,1,0,91.13600105047226,4,4,0,1,39,0,0,40,84.68
860,2,0,2,0,9.216000325977802,4,4,0,1,39,0,0,40,84.68
860,2,0,3,0,6.144000217318535,4,4,0,1,39,0,0,40,84.68
860,24,0,0,0,8.191999979317188,4,4,0,0,40,0,0,40,3.6
860,24,0,1,0,90.11200070381165,4,4,0,0,40,0,0,40,3.6
860,24,0,2,0,9.216000325977802,4,4,0,0,40,0,0,40,3.6
860,24,0,3,0,4.095999989658594,4,4,0,0,40,0,0,40,3.6
860,40,0,0,1,8.191999979317188,4,4,0,3,37,0,0,40,276.628
860,40,0,1,1,89.08800035715103,4,4,0,3,37,0,0,40,276.628
860,40,0,2,1,8.191999979317188,4,4,0,3,37,0,0,40,276.628
860,40,0,3,1,165.8879965543747,4,4,0,3,37,0,0,40,276.628
861,2,0,0,0,8.191999979317188,4,4,0,1,39,0,0,40,97.88
861,2,0,1,0,87.0399996638298,4,4,0,1,39,0,0,40,97.88
861,2,0,2,0,9.216000325977802,4,4,0,1,39,0,0,40,97.88
861,2,0,3,0,6.144000217318535,4,4,0,1,39,0,0,40,97.88
861,24,0,0,0,8.191999979317188,4,4,0,0,40,0,0,40,5.06
861,24,0,1,0,65.5359998345375,4,4,0,0,40,0,0,40,5.06
861,24,0,2,0,9.216000325977802,4,4,0,0,40,0,0,40,5.06
861,24,0,3,0,4.095999989658594,4,4,0,0,40,0,0,40,5.06
861,40,0,0,1,14.336000196635723,4,4,0,0,40,0,0,40,2.59
861,40,0,1,1,74.75200295448303,4,4,0,0,40,0,0,40,2.59
861,40,0,2,1,9.216000325977802,4,4,0,0,40,0,0,40,2.59
861,40,0,3,1,4.095999989658594,4,4,0,0,40,0,0,40,2.59
862,2,0,0,0,14.336000196635723,4,4,0,0,40,0,0,40,3.069
862,2,0,1,0,74.75200295448303,4,4,0,0,40,0,0,40,3.069
862,2,0,2,0,9.216000325977802,4,4,0,0,40,0,0,40,3.069
862,2,0,3,0,6.144000217318535,4,4,0,0,40,0,0,40,3.069
862,24,0,0,0,8.191999979317188,4,4,0,0,40,0,0,40,4.9
862,24,0,1,0,60.416001826524734,4,4,0,0,40,0,0,40,4.9
862,24,0,2,0,9.216000325977802,4,4,0,0,40,0,0,40,4.9
862,24,0,3,0,4.095999989658594,4,4,0,0,40,0,0,40,4.9
862,40,0,0,1,14.336000196635723,4,4,0,0,40,0,0,40,4.52
862,40,0,1,1,67.58400052785873,4,4,0,0,40,0,0,40,4.52
862,40,0,2,1,8.191999979317188,4,4,0,0,40,0,0,40,4.52
862,40,0,3,1,5.119999870657921,4,4,0,0,40,0,0,40,4.52
863,2,0,0,0,15.359999611973763,4,4,0,0,40,0,0,40,3.691
863,2,0,1,0,89.08800035715103,4,4,0,0,40,0,0,40,3.691
863,2,0,2,0,9.216000325977802,4,4,0,0,40,0,0,40,3.691
863,2,0,3,0,5.119999870657921,4,4,0,0,40,0,0,40,3.691
863,24,0,0,0,8.191999979317188,4,4,0,0,40,0,0,40,2.47
863,24,0,1,0,54.27199974656105,4,4,0,0,40,0,0,40,2.47
863,24,0,2,0,9.216000325977802,4,4,0,0,40,0,0,40,2.47
863,24,0,3,0,4.095999989658594,4,4,0,0,40,0,0,40,2.47
863,40,0,0,1,8.191999979317188,4,4,0,3,37,0,0,40,532.728
863,40,0,1,1,68.60800087451935,4,4,0,3,37,0,0,40,532.728
863,40,0,2,1,9.216000325977802,4,4,0,3,37,0,0,40,532.728
863,40,0,3,1,441.3439929485321,4,4,0,3,37,0,0,40,532.728
864,2,0,0,0,14.336000196635723,4,4,0,0,40,0,0,40,2.351
864,2,0,1,0,64.51199948787689,4,4,0,0,40,0,0,40,2.351
864,2,0,2,0,9.216000325977802,4,4,0,0,40,0,0,40,2.351
864,2,0,3,0,6.144000217318535,4,4,0,0,40,0,0,40,2.351
864,24,0,0,0,7.168000098317862,4,4,0,0,40,0,0,40,2.54
864,24,0,1,0,68.60800087451935,4,4,0,0,40,0,0,40,2.54
864,24,0,2,0,9.216000325977802,4,4,0,0,40,0,0,40,2.54
864,24,0,3,0,4.095999989658594,4,4,0,0,40,0,0,40,2.54
864,40,0,0,1,8.191999979317188,4,4,0,0,40,0,0,40,1.929
864,40,0,1,1,71.68000191450119,4,4,0,0,40,0,0,40,1.929
864,40,0,2,1,9.216000325977802,4,4,0,0,40,0,0,40,1.929
864,40,0,3,1,4.095999989658594,4,4,0,0,40,0,0,40,1.929
865,2,0,0,0,9.216000325977802,1,1,0,0,10,0,0,10,0.51
865,2,0,1,0,31.74399957060814,1,1,0,0,10,0,0,10,0.51
865,2,0,2,0,9.216000325977802,1,1,0,0,10,0,0,10,0.51
865,2,0,3,0,5.119999870657921,1,1,0,0,10,0,0,10,0.51
865,24,0,0,0,8.191999979317188,1,1,0,0,10,0,0,10,0.74
865,24,0,1,0,32.76799991726875,1,1,0,0,10,0,0,10,0.74
865,24,0,2,0,9.216000325977802,1,1,0,0,10,0,0,10,0.74
865,24,0,3,0,4.095999989658594,1,1,0,0,10,0,0,10,0.74
865,40,0,0,1,8.191999979317188,1,1,0,2,8,0,0,10,194.939
865,40,0,1,1,30.719999223947525,1,1,0,2,8,0,0,10,194.939
865,40,0,2,1,8.191999979317188,1,1,0,2,8,0,0,10,194.939
865,40,0,3,1,144.3839967250824,1,1,0,2,8,0,0,10,194.939
866,2,0,0,0,14.336000196635723,4,4,0,0,40,0,0,40,4.81
866,2,0,1,0,80.89599758386612,4,4,0,0,40,0,0,40,4.81
866,2,0,2,0,9.216000325977802,4,4,0,0,40,0,0,40,4.81
866,2,0,3,0,6.144000217318535,4,4,0,0,40,0,0,40,4.81
866,24,0,0,0,8.191999979317188,4,4,0,0,40,0,0,40,2.969
866,24,0,1,0,74.75200295448303,4,4,0,0,40,0,0,40,2.969
866,24,0,2,0,9.216000325977802,4,4,0,0,40,0,0,40,2.969
866,24,0,3,0,4.095999989658594,4,4,0,0,40,0,0,40,2.969
866,40,0,0,1,14.336000196635723,4,4,0,0,40,0,0,40,2.24
866,40,0,1,1,58.36800113320351,4,4,0,0,40,0,0,40,2.24
866,40,0,2,1,8.191999979317188,4,4,0,0,40,0,0,40,2.24
866,40,0,3,1,4.095999989658594,4,4,0,0,40,0,0,40,2.24
867,2,0,0,0,15.359999611973763,4,4,0,0,40,0,0,40,4.92
867,2,0,1,0,75.77600330114365,4,4,0,0,40,0,0,40,4.92
867,2,0,2,0,9.216000325977802,4,4,0,0,40,0,0,40,4.92
867,2,0,3,0,5.119999870657921,4,4,0,0,40,0,0,40,4.92
867,24,0,0,0,8.191999979317188,4,4,0,1,39,0,0,40,94.66
867,24,0,1,0,78.84799689054489,4,4,0,1,39,0,0,40,94.66
867,24,0,2,0,9.216000325977802,4,4,0,1,39,0,0,40,94.66
867,24,0,3,0,4.095999989658594,4,4,0,1,39,0,0,40,94.66
867,40,0,0,1,8.191999979317188,4,4,0,1,39,0,0,40,78.12
867,40,0,1,1,75.77600330114365,4,4,0,1,39,0,0,40,78.12
867,40,0,2,1,8.191999979317188,4,4,0,1,39,0,0,40,78.12
867,40,0,3,1,4.095999989658594,4,4,0,1,39,0,0,40,78.12
868,2,0,0,0,16.383999958634377,4,4,0,2,38,0,0,40,123.09
868,2,0,1,0,67.58400052785873,4,4,0,2,38,0,0,40,123.09
868,2,0,2,0,10.239999741315842,4,4,0,2,38,0,0,40,123.09
868,2,0,3,0,25.599999353289604,4,4,0,2,38,0,0,40,123.09
868,24,0,0,0,8.191999979317188,4,4,0,1,39,0,0,40,72.889
868,24,0,1,0,83.96799862384796,4,4,0,1,39,0,0,40,72.889
868,24,0,2,0,8.191999979317188,4,4,0,1,39,0,0,40,72.889
868,24,0,3,0,3.0720001086592674,4,4,0,1,39,0,0,40,72.889
868,40,0,0,1,13.311999849975109,4,4,0,0,40,0,0,40,3.08
868,40,0,1,1,94.2080020904541,4,4,0,0,40,0,0,40,3.08
868,40,0,2,1,9.216000325977802,4,4,0,0,40,0,0,40,3.08
868,40,0,3,1,4.095999989658594,4,4,0,0,40,0,0,40,3.08
869,2,0,0,0,14.336000196635723,4,4,0,1,39,0,0,40,74.06
869,2,0,1,0,74.75200295448303,4,4,0,1,39,0,0,40,74.06
869,2,0,2,0,8.191999979317188,4,4,0,1,39,0,0,40,74.06
869,2,0,3,0,6.144000217318535,4,4,0,1,39,0,0,40,74.06
869,24,0,0,0,8.191999979317188,4,4,0,0,40,0,0,40,4.46
869,24,0,1,0,62.463998794555664,4,4,0,0,40,0,0,40,4.46
869,24,0,2,0,8.191999979317188,4,4,0,0,40,0,0,40,4.46
869,24,0,3,0,4.095999989658594,4,4,0,0,40,0,0,40,4.46
869,40,0,0,1,15.359999611973763,4,4,0,0,40,0,0,40,4.07
869,40,0,1,1,73.72800260782242,4,4,0,0,40,0,0,40,4.07
869,40,0,2,1,9.216000325977802,4,4,0,0,40,0,0,40,4.07
869,40,0,3,1,4.095999989658594,4,4,0,0,40,0,0,40,4.07
870,2,0,0,0,14.336000196635723,4,4,0,0,40,0,0,40,4.489
870,2,0,1,0,72.7040022611618,4,4,0,0,40,0,0,40,4.489
870,2,0,2,0,9.216000325977802,4,4,0,0,40,0,0,40,4.489
870,2,0,3,0,5.119999870657921,4,4,0,0,40,0,0,40,4.489
870,24,0,0,0,7.168000098317862,4,4,0,1,39,0,0,40,78.409
870,24,0,1,0,67.58400052785873,4,4,0,1,39,0,0,40,78.409
870,24,0,2,0,8.191999979317188,4,4,0,1,39,0,0,40,78.409
870,24,0,3,0,4.095999989658594,4,4,0,1,39,0,0,40,78.409
870,40,0,0,1,8.191999979317188,4,4,0,0,40,0,0,40,3.78
870,40,0,1,1,49.15200173854828,4,4,0,0,40,0,0,40,3.78
870,40,0,2,1,8.191999979317188,4,4,0,0,40,0,0,40,3.78
870,40,0,3,1,4.095999989658594,4,4,0,0,40,0,0,40,3.78
871,2,0,0,0,10.239999741315842,1,1,0,0,10,0,0,10,0.57
871,2,0,1,0,31.74399957060814,1,1,0,0,10,0,0,10,0.57
871,2,0,2,0,9.216000325977802,1,1,0,0,10,0,0,10,0.57
871,2,0,3,0,4.095999989658594,1,1,0,0,10,0,0,10,0.57
871,24,0,0,0,8.191999979317188,1,1,0,0,10,0,0,10,0.59
871,24,0,1,0,32.76799991726875,1,1,0,0,10,0,0,10,0.59
871,24,0,2,0,8.191999979317188,1,1,0,0,10,0,0,10,0.59
871,24,0,3,0,4.095999989658594,1,1,0,0,10,0,0,10,0.59
871,40,0,0,1,8.191999979317188,1,1,0,0,10,0,0,10,0.5
871,40,0,1,1,34.81600061058998,1,1,0,0,10,0,0,10,0.5
871,40,0,2,1,8.191999979317188,1,1,0,0,10,0,0,10,0.5
871,40,0,3,1,4.095999989658594,1,1,0,0,10,0,0,10,0.5
872,2,0,0,0,14.336000196635723,4,4,0,0,40,0,0,40,3.229
872,2,0,1,0,77.82399654388428,4,4,0,0,40,0,0,40,3.229
872,2,0,2,0,9.216000325977802,4,4,0,0,40,0,0,40,3.229
872,2,0,3,0,6.144000217318535,4,4,0,0,40,0,0,40,3.229
872,24,0,0,0,8.191999979317188,4,4,0,0,40,0,0,40,2.491
872,24,0,1,0,61.43999844789505,4,4,0,0,40,0,0,40,2.491
872,24,0,2,0,9.216000325977802,4,4,0,0,40,0,0,40,2.491
872,24,0,3,0,4.095999989658594,4,4,0,0,40,0,0,40,2.491
872,40,0,0,1,11.264000087976456,4,4,0,0,40,0,0,40,1.24
872,40,0,1,1,52.22399905323982,4,4,0,0,40,0,0,40,1.24
872,40,0,2,1,9.216000325977802,4,4,0,0,40,0,0,40,1.24
872,40,0,3,1,4.095999989658594,4,4,0,0,40,0,0,40,1.24
873,2,0,0,0,15.359999611973763,4,4,0,0,40,0,0,40,2.41
873,2,0,1,0,91.13600105047226,4,4,0,0,40,0,0,40,2.41
873,2,0,2,0,9.216000325977802,4,4,0,0,40,0,0,40,2.41
873,2,0,3,0,8.191999979317188,4,4,0,0,40,0,0,40,2.41
873,24,0,0,0,8.191999979317188,4,4,0,0,40,0,0,40,2.529
873,24,0,1,0,66.56000018119812,4,4,0,0,40,0,0,40,2.529
873,24,0,2,0,9.216000325977802,4,4,0,0,40,0,0,40,2.529
873,24,0,3,0,4.095999989658594,4,4,0,0,40,0,0,40,2.529
873,40,0,0,1,9.216000325977802,4,4,0,1,39,0,0,40,68.17
873,40,0,1,1,68.60800087451935,4,4,0,1,39,0,0,40,68.17
873,40,0,2,1,8.191999979317188,4,4,0,1,39,0,0,40,68.17
873,40,0,3,1,4.095999989658594,4,4,0,1,39,0,0,40,68.17
874,2,0,0,0,9.216000325977802,1,1,0,0,10,0,0,10,0.52
874,2,0,1,0,31.74399957060814,1,1,0,0,10,0,0,10,0.52
874,2,0,2,0,9.216000325977802,1,1,0,0,10,0,0,10,0.52
874,2,0,3,0,5.119999870657921,1,1,0,0,10,0,0,10,0.52
874,24,0,0,0,7.168000098317862,1,1,0,0,10,0,0,10,1.59
874,24,0,1,0,32.76799991726875,1,1,0,0,10,0,0,10,1.59
874,24,0,2,0,9.216000325977802,1,1,0,0,10,0,0,10,1.59
874,24,0,3,0,4.095999989658594,1,1,0,0,10,0,0,10,1.59
874,40,0,0,1,10.239999741315842,1,1,0,0,10,0,0,10,0.74
874,40,0,1,1,34.81600061058998,1,1,0,0,10,0,0,10,0.74
874,40,0,2,1,8.191999979317188,1,1,0,0,10,0,0,10,0.74
874,40,0,3,1,4.095999989658594,1,1,0,0,10,0,0,10,0.74
875,2,0,0,0,9.216000325977802,1,1,0,1,9,0,0,10,166.041
875,2,0,1,0,30.719999223947525,1,1,0,1,9,0,0,10,166.041
875,2,0,2,0,9.216000325977802,1,1,0,1,9,0,0,10,166.041
875,2,0,3,0,113.66400122642517,1,1,0,1,9,0,0,10,166.041
875,24,0,0,0,8.191999979317188,1,1,0,0,10,0,0,10,0.32
875,24,0,1,0,31.74399957060814,1,1,0,0,10,0,0,10,0.32
875,24,0,2,0,9.216000325977802,1,1,0,0,10,0,0,10,0.32
875,24,0,3,0,4.095999989658594,1,1,0,0,10,0,0,10,0.32
875,40,0,0,1,8.191999979317188,1,1,0,0,10,0,0,10,0.41
875,40,0,1,1,34.81600061058998,1,1,0,0,10,0,0,10,0.41
875,40,0,2,1,9.216000325977802,1,1,0,0,10,0,0,10,0.41
875,40,0,3,1,4.095999989658594,1,1,0,0,10,0,0,10,0.41
876,2,0,0,0,8.191999979317188,4,4,0,0,40,0,0,40,1.9
876,2,0,1,0,87.0399996638298,4,4,0,0,40,0,0,40,1.9
876,2,0,2,0,9.216000325977802,4,4,0,0,40,0,0,40,1.9
876,2,0,3,0,5.119999870657921,4,4,0,0,40,0,0,40,1.9
876,24,0,0,0,8.191999979317188,4,4,0,0,40,0,0,40,1.489
876,24,0,1,0,84.99199897050858,4,4,0,0,40,0,0,40,1.489
876,24,0,2,0,9.216000325977802,4,4,0,0,40,0,0,40,1.489
876,24,0,3,0,4.095999989658594,4,4,0,0,40,0,0,40,1.489
876,40,0,0,1,15.359999611973763,4,4,0,0,40,0,0,40,1.26
876,40,0,1,1,62.463998794555664,4,4,0,0,40,0,0,40,1.26
876,40,0,2,1,9.216000325977802,4,4,0,0,40,0,0,40,1.26
876,40,0,3,1,4.095999989658594,4,4,0,0,40,0,0,40,1.26
877,2,0,0,0,16.383999958634377,3,3,0,0,30,0,0,30,2.709
877,2,0,1,0,68.60800087451935,3,3,0,0,30,0,0,30,2.709
877,2,0,2,0,9.216000325977802,3,3,0,0,30,0,0,30,2.709
877,2,0,3,0,8.191999979317188,3,3,0,0,30,0,0,30,2.709
877,24,0,0,0,8.191999979317188,3,3,0,0,30,0,0,30,0.891
877,24,0,1,0,64.51199948787689,3,3,0,0,30,0,0,30,0.891
877,24,0,2,0,9.216000325977802,3,3,0,0,30,0,0,30,0.891
877,24,0,3,0,4.095999989658594,3,3,0,0,30,0,0,30,0.891
877,40,0,0,1,14.336000196635723,3,3,0,0,30,0,0,30,1.029
877,40,0,1,1,53.247999399900436,3,3,0,0,30,0,0,30,1.029
877,40,0,2,1,9.216000325977802,3,3,0,0,30,0,0,30,1.029
877,40,0,3,1,4.095999989658594,3,3,0,0,30,0,0,30,1.029
878,2,0,0,0,14.336000196635723,4,4,0,0,40,0,0,40,1.66
878,2,0,1,0,74.75200295448303,4,4,0,0,40,0,0,40,1.66
878,2,0,2,0,8.191999979317188,4,4,0,0,40,0,0,40,1.66
878,2,0,3,0,6.144000217318535,4,4,0,0,40,0,0,40,1.66
878,24,0,0,0,19.45599913597107,4,4,0,2,38,0,0,40,99.11
878,24,0,1,0,66.56000018119812,4,4,0,2,38,0,0,40,99.11
878,24,0,2,0,9.216000325977802,4,4,0,2,38,0,0,40,99.11
878,24,0,3,0,15.359999611973763,4,4,0,2,38,0,0,40,99.11
878,40,0,0,1,15.359999611973763,4,4,0,0,40,0,0,40,1.59
878,40,0,1,1,63.48799914121628,4,4,0,0,40,0,0,40,1.59
878,40,0,2,1,9.216000325977802,4,4,0,0,40,0,0,40,1.59
878,40,0,3,1,4.095999989658594,4,4,0,0,40,0,0,40,1.59
879,2,0,0,0,15.359999611973763,4,4,0,0,40,0,0,40,2.0
879,2,0,1,0,79.8719972372055,4,4,0,0,40,0,0,40,2.0
879,2,0,2,0,8.191999979317188,4,4,0,0,40,0,0,40,2.0
879,2,0,3,0,6.144000217318535,4,4,0,0,40,0,0,40,2.0
879,24,0,0,0,8.191999979317188,4,4,0,0,40,0,0,40,1.86
879,24,0,1,0,79.8719972372055,4,4,0,0,40,0,0,40,1.86
879,24,0,2,0,9.216000325977802,4,4,0,0,40,0,0,40,1.86
879,24,0,3,0,4.095999989658594,4,4,0,0,40,0,0,40,1.86
879,40,0,0,1,15.359999611973763,4,4,0,0,40,0,0,40,2.41
879,40,0,1,1,64.51199948787689,4,4,0,0,40,0,0,40,2.41
879,40,0,2,1,8.191999979317188,4,4,0,0,40,0,0,40,2.41
879,40,0,3,1,4.095999989658594,4,4,0,0,40,0,0,40,2.41
880,2,0,0,0,1869.8240518569946,4,4,0,0,40,0,0,40,6.18
880,2,0,1,0,83.96799862384796,4,4,0,0,40,0,0,40,6.18
880,2,0,2,0,9.216000325977802,4,4,0,0,40,0,0,40,6.18
880,2,0,3,0,5.119999870657921,4,4,0,0,40,0,0,40,6.18
880,24,0,0,0,7.168000098317862,4,4,0,0,40,0,0,40,1.49
880,24,0,1,0,69.63200122117996,4,4,0,0,40,0,0,40,1.49
880,24,0,2,0,9.216000325977802,4,4,0,0,40,0,0,40,1.49
880,24,0,3,0,4.095999989658594,4,4,0,0,40,0,0,40,1.49
880,40,0,0,1,14.336000196635723,4,4,0,0,40,0,0,40,2.96
880,40,0,1,1,67.58400052785873,4,4,0,0,40,0,0,40,2.96
880,40,0,2,1,9.216000325977802,4,4,0,0,40,0,0,40,2.96
880,40,0,3,1,4.095999989658594,4,4,0,0,40,0,0,40,2.96
881,2,0,0,0,14.336000196635723,4,4,0,0,40,0,0,40,3.12
881,2,0,1,0,80.89599758386612,4,4,0,0,40,0,0,40,3.12
881,2,0,2,0,9.216000325977802,4,4,0,0,40,0,0,40,3.12
881,2,0,3,0,5.119999870657921,4,4,0,0,40,0,0,40,3.12
881,24,0,0,0,8.191999979317188,4,4,0,0,40,0,0,40,4.33
881,24,0,1,0,77.82399654388428,4,4,0,0,40,0,0,40,4.33
881,24,0,2,0,8.191999979317188,4,4,0,0,40,0,0,40,4.33
881,24,0,3,0,4.095999989658594,4,4,0,0,40,0,0,40,4.33
881,40,0,0,1,14.336000196635723,4,4,0,0,40,0,0,40,2.2
881,40,0,1,1,62.463998794555664,4,4,0,0,40,0,0,40,2.2
881,40,0,2,1,9.216000325977802,4,4,0,0,40,0,0,40,2.2
881,40,0,3,1,4.095999989658594,4,4,0,0,40,0,0,40,2.2
882,2,0,0,0,14.336000196635723,4,4,0,0,40,0,0,40,2.03
882,2,0,1,0,71.68000191450119,4,4,0,0,40,0,0,40,2.03
882,2,0,2,0,9.216000325977802,4,4,0,0,40,0,0,40,2.03
882,2,0,3,0,5.119999870657921,4,4,0,0,40,0,0,40,2.03
882,24,0,0,0,8.191999979317188,4,4,0,0,40,0,0,40,2.1
882,24,0,1,0,62.463998794555664,4,4,0,0,40,0,0,40,2.1
882,24,0,2,0,9.216000325977802,4,4,0,0,40,0,0,40,2.1
882,24,0,3,0,4.095999989658594,4,4,0,0,40,0,0,40,2.1
882,40,0,0,1,9.216000325977802,4,4,0,1,39,0,0,40,83.98
882,40,0,1,1,59.39200147986412,4,4,0,1,39,0,0,40,83.98
882,40,0,2,1,10.239999741315842,4,4,0,1,39,0,0,40,83.98
882,40,0,3,1,4.095999989658594,4,4,0,1,39,0,0,40,83.98
883,2,0,0,0,8.191999979317188,4,4,0,1,39,0,0,40,64.37
883,2,0,1,0,78.84799689054489,4,4,0,1,39,0,0,40,64.37
883,2,0,2,0,8.191999979317188,4,4,0,1,39,0,0,40,64.37
883,2,0,3,0,6.144000217318535,4,4,0,1,39,0,0,40,64.37
883,24,0,0,0,8.191999979317188,4,4,0,0,40,0,0,40,5.86
883,24,0,1,0,74.75200295448303,4,4,0,0,40,0,0,40,5.86
883,24,0,2,0,9.216000325977802,4,4,0,0,40,0,0,40,5.86
883,24,0,3,0,5.119999870657921,4,4,0,0,40,0,0,40,5.86
883,40,0,0,1,15.359999611973763,4,4,0,0,40,0,0,40,2.46
883,40,0,1,1,63.48799914121628,4,4,0,0,40,0,0,40,2.46
883,40,0,2,1,9.216000325977802,4,4,0,0,40,0,0,40,2.46
883,40,0,3,1,4.095999989658594,4,4,0,0,40,0,0,40,2.46
884,2,0,0,0,9.216000325977802,4,4,0,2,38,0,0,40,104.399
884,2,0,1,0,84.99199897050858,4,4,0,2,38,0,0,40,104.399
884,2,0,2,0,8.191999979317188,4,4,0,2,38,0,0,40,104.399
884,2,0,3,0,9.216000325977802,4,4,0,2,38,0,0,40,104.399
884,24,0,0,0,8.191999979317188,4,4,0,0,40,0,0,40,4.51
884,24,0,1,0,68.60800087451935,4,4,0,0,40,0,0,40,4.51
884,24,0,2,0,9.216000325977802,4,4,0,0,40,0,0,40,4.51
884,24,0,3,0,4.095999989658594,4,4,0,0,40,0,0,40,4.51
884,40,0,0,1,14.336000196635723,4,4,0,0,40,0,0,40,2.5
884,40,0,1,1,68.60800087451935,4,4,0,0,40,0,0,40,2.5
884,40,0,2,1,9.216000325977802,4,4,0,0,40,0,0,40,2.5
884,40,0,3,1,4.095999989658594,4,4,0,0,40,0,0,40,2.5
885,2,0,0,0,8.191999979317188,1,1,0,0,10,0,0,10,1.01
885,2,0,1,0,31.74399957060814,1,1,0,0,10,0,0,10,1.01
885,2,0,2,0,9.216000325977802,1,1,0,0,10,0,0,10,1.01
885,2,0,3,0,4.095999989658594,1,1,0,0,10,0,0,10,1.01
885,24,0,0,0,7.168000098317862,1,1,0,0,10,0,0,10,0.52
885,24,0,1,0,31.74399957060814,1,1,0,0,10,0,0,10,0.52
885,24,0,2,0,8.191999979317188,1,1,0,0,10,0,0,10,0.52
885,24,0,3,0,4.095999989658594,1,1,0,0,10,0,0,10,0.52
885,40,0,0,1,10.239999741315842,1,1,0,0,10,0,0,10,0.591
885,40,0,1,1,34.81600061058998,1,1,0,0,10,0,0,10,0.591
885,40,0,2,1,9.216000325977802,1,1,0,0,10,0,0,10,0.591
885,40,0,3,1,4.095999989658594,1,1,0,0,10,0,0,10,0.591
886,2,0,0,0,14.336000196635723,4,4,0,0,40,0,0,40,2.689
886,2,0,1,0,84.99199897050858,4,4,0,0,40,0,0,40,2.689
886,2,0,2,0,9.216000325977802,4,4,0,0,40,0,0,40,2.689
886,2,0,3,0,8.191999979317188,4,4,0,0,40,0,0,40,2.689
886,24,0,0,0,8.191999979317188,4,4,0,0,40,0,0,40,4.26
886,24,0,1,0,84.99199897050858,4,4,0,0,40,0,0,40,4.26
886,24,0,2,0,9.216000325977802,4,4,0,0,40,0,0,40,4.26
886,24,0,3,0,5.119999870657921,4,4,0,0,40,0,0,40,4.26
886,40,0,0,1,8.191999979317188,4,4,0,1,39,0,0,40,75.51
886,40,0,1,1,76.80000364780426,4,4,0,1,39,0,0,40,75.51
886,40,0,2,1,9.216000325977802,4,4,0,1,39,0,0,40,75.51
886,40,0,3,1,4.095999989658594,4,4,0,1,39,0,0,40,75.51
887,2,0,0,0,14.336000196635723,4,4,0,0,40,0,0,40,4.34
887,2,0,1,0,86.01599931716919,4,4,0,0,40,0,0,40,4.34
887,2,0,2,0,9.216000325977802,4,4,0,0,40,0,0,40,4.34
887,2,0,3,0,6.144000217318535,4,4,0,0,40,0,0,40,4.34
887,24,0,0,0,8.191999979317188,4,4,0,0,40,0,0,40,2.64
887,24,0,1,0,76.80000364780426,4,4,0,0,40,0,0,40,2.64
887,24,0,2,0,9.216000325977802,4,4,0,0,40,0,0,40,2.64
887,24,0,3,0,4.095999989658594,4,4,0,0,40,0,0,40,2.64
887,40,0,0,1,8.191999979317188,4,4,0,0,40,0,0,40,2.611
887,40,0,1,1,86.01599931716919,4,4,0,0,40,0,0,40,2.611
887,40,0,2,1,8.191999979317188,4,4,0,0,40,0,0,40,2.611
887,40,0,3,1,4.095999989658594,4,4,0,0,40,0,0,40,2.611
888,2,0,0,0,8.191999979317188,4,4,0,3,37,0,0,40,340.169
888,2,0,1,0,79.8719972372055,4,4,0,3,37,0,0,40,340.169
888,2,0,2,0,9.216000325977802,4,4,0,3,37,0,0,40,340.169
888,2,0,3,0,239.6160066127777,4,4,0,3,37,0,0,40,340.169
888,24,0,0,0,8.191999979317188,4,4,0,0,40,0,0,40,2.88
888,24,0,1,0,91.13600105047226,4,4,0,0,40,0,0,40,2.88
888,24,0,2,0,10.239999741315842,4,4,0,0,40,0,0,40,2.88
888,24,0,3,0,4.095999989658594,4,4,0,0,40,0,0,40,2.88
888,40,0,0,1,15.359999611973763,4,4,0,0,40,0,0,40,4.84
888,40,0,1,1,101.3759970664978,4,4,0,0,40,0,0,40,4.84
888,40,0,2,1,9.216000325977802,4,4,0,0,40,0,0,40,4.84
888,40,0,3,1,4.095999989658594,4,4,0,0,40,0,0,40,4.84
889,2,0,0,0,16.383999958634377,4,4,0,2,38,0,0,40,110.2
889,2,0,1,0,77.82399654388428,4,4,0,2,38,0,0,40,110.2
889,2,0,2,0,8.191999979317188,4,4,0,2,38,0,0,40,110.2
889,2,0,3,0,9.216000325977802,4,4,0,2,38,0,0,40,110.2
889,24,0,0,0,8.191999979317188,4,4,0,0,40,0,0,40,2.33
889,24,0,1,0,80.89599758386612,4,4,0,0,40,0,0,40,2.33
889,24,0,2,0,9.216000325977802,4,4,0,0,40,0,0,40,2.33
889,24,0,3,0,5.119999870657921,4,4,0,0,40,0,0,40,2.33
889,40,0,0,1,20.479999482631683,4,4,0,0,40,0,0,40,17.359
889,40,0,1,1,75.77600330114365,4,4,0,0,40,0,0,40,17.359
889,40,0,2,1,8.191999979317188,4,4,0,0,40,0,0,40,17.359
889,40,0,3,1,5.119999870657921,4,4,0,0,40,0,0,40,17.359
890,2,0,0,0,13.311999849975109,4,4,0,0,40,0,0,40,4.93
890,2,0,1,0,94.2080020904541,4,4,0,0,40,0,0,40,4.93
890,2,0,2,0,9.216000325977802,4,4,0,0,40,0,0,40,4.93
890,2,0,3,0,5.119999870657921,4,4,0,0,40,0,0,40,4.93
890,24,0,0,0,8.191999979317188,4,4,0,0,40,0,0,40,2.52
890,24,0,1,0,78.84799689054489,4,4,0,0,40,0,0,40,2.52
890,24,0,2,0,10.239999741315842,4,4,0,0,40,0,0,40,2.52
890,24,0,3,0,4.095999989658594,4,4,0,0,40,0,0,40,2.52
890,40,0,0,1,9.216000325977802,4,4,0,1,39,0,0,40,78.02
890,40,0,1,1,96.25600278377533,4,4,0,1,39,0,0,40,78.02
890,40,0,2,1,9.216000325977802,4,4,0,1,39,0,0,40,78.02
890,40,0,3,1,4.095999989658594,4,4,0,1,39,0,0,40,78.02
891,2,0,0,0,14.336000196635723,4,4,0,0,40,0,0,40,2.34
891,2,0,1,0,87.0399996638298,4,4,0,0,40,0,0,40,2.34
891,2,0,2,0,9.216000325977802,4,4,0,0,40,0,0,40,2.34
891,2,0,3,0,7.168000098317862,4,4,0,0,40,0,0,40,2.34
891,24,0,0,0,7.168000098317862,4,4,0,2,38,0,0,40,111.259
891,24,0,1,0,76.80000364780426,4,4,0,2,38,0,0,40,111.259
891,24,0,2,0,9.216000325977802,4,4,0,2,38,0,0,40,111.259
891,24,0,3,0,13.311999849975109,4,4,0,2,38,0,0,40,111.259
891,40,0,0,1,8.191999979317188,4,4,0,1,39,0,0,40,190.57
891,40,0,1,1,87.0399996638298,4,4,0,1,39,0,0,40,190.57
891,40,0,2,1,9.216000325977802,4,4,0,1,39,0,0,40,190.57
891,40,0,3,1,82.94399827718735,4,4,0,1,39,0,0,40,190.57
892,2,0,0,0,14.336000196635723,4,4,0,0,40,0,0,40,4.149
892,2,0,1,0,69.63200122117996,4,4,0,0,40,0,0,40,4.149
892,2,0,2,0,9.216000325977802,4,4,0,0,40,0,0,40,4.149
892,2,0,3,0,5.119999870657921,4,4,0,0,40,0,0,40,4.149
892,24,0,0,0,8.191999979317188,4,4,0,0,40,0,0,40,2.531
892,24,0,1,0,94.2080020904541,4,4,0,0,40,0,0,40,2.531
892,24,0,2,0,9.216000325977802,4,4,0,0,40,0,0,40,2.531
892,24,0,3,0,4.095999989658594,4,4,0,0,40,0,0,40,2.531
892,40,0,0,1,15.359999611973763,4,4,0,3,37,0,0,40,202.479
892,40,0,1,1,99.32799637317657,4,4,0,3,37,0,0,40,202.479
892,40,0,2,1,9.216000325977802,4,4,0,3,37,0,0,40,202.479
892,40,0,3,1,74.75200295448303,4,4,0,3,37,0,0,40,202.479
893,2,0,0,0,14.336000196635723,4,4,0,0,40,0,0,40,2.54
893,2,0,1,0,87.0399996638298,4,4,0,0,40,0,0,40,2.54
893,2,0,2,0,8.191999979317188,4,4,0,0,40,0,0,40,2.54
893,2,0,3,0,6.144000217318535,4,4,0,0,40,0,0,40,2.54
893,24,0,0,0,7.168000098317862,4,4,0,2,38,0,0,40,118.529
893,24,0,1,0,82.94399827718735,4,4,0,2,38,0,0,40,118.529
893,24,0,2,0,8.191999979317188,4,4,0,2,38,0,0,40,118.529
893,24,0,3,0,16.383999958634377,4,4,0,2,38,0,0,40,118.529
893,40,0,0,1,14.336000196635723,4,4,0,0,40,0,0,40,2.11
893,40,0,1,1,76.80000364780426,4,4,0,0,40,0,0,40,2.11
893,40,0,2,1,9.216000325977802,4,4,0,0,40,0,0,40,2.11
893,40,0,3,1,4.095999989658594,4,4,0,0,40,0,0,40,2.11
894,2,0,0,0,9.216000325977802,4,4,0,0,40,0,0,40,2.731
894,2,0,1,0,88.06400001049042,4,4,0,0,40,0,0,40,2.731
894,2,0,2,0,9.216000325977802,4,4,0,0,40,0,0,40,2.731
894,2,0,3,0,5.119999870657921,4,4,0,0,40,0,0,40,2.731
894,24,0,0,0,8.191999979317188,4,4,0,1,39,0,0,40,65.21
894,24,0,1,0,75.77600330114365,4,4,0,1,39,0,0,40,65.21
894,24,0,2,0,9.216000325977802,4,4,0,1,39,0,0,40,65.21
894,24,0,3,0,4.095999989658594,4,4,0,1,39,0,0,40,65.21
894,40,0,0,1,15.359999611973763,4,4,0,0,40,0,0,40,2.14
894,40,0,1,1,74.75200295448303,4,4,0,0,40,0,0,40,2.14
894,40,0,2,1,8.191999979317188,4,4,0,0,40,0,0,40,2.14
894,40,0,3,1,4.095999989658594,4,4,0,0,40,0,0,40,2.14
895,2,0,0,0,10.239999741315842,1,1,0,1,9,0,0,10,52.719
895,2,0,1,0,30.719999223947525,1,1,0,1,9,0,0,10,52.719
895,2,0,2,0,9.216000325977802,1,1,0,1,9,0,0,10,52.719
895,2,0,3,0,4.095999989658594,1,1,0,1,9,0,0,10,52.719
895,24,0,0,0,8.191999979317188,1,1,0,0,10,0,0,10,0.64
895,24,0,1,0,31.74399957060814,1,1,0,0,10,0,0,10,0.64
895,24,0,2,0,9.216000325977802,1,1,0,0,10,0,0,10,0.64
895,24,0,3,0,4.095999989658594,1,1,0,0,10,0,0,10,0.64
895,40,0,0,1,9.216000325977802,1,1,0,0,10,0,0,10,0.45
895,40,0,1,1,34.81600061058998,1,1,0,0,10,0,0,10,0.45
895,40,0,2,1,9.216000325977802,1,1,0,0,10,0,0,10,0.45
895,40,0,3,1,5.119999870657921,1,1,0,0,10,0,0,10,0.45
896,2,0,0,0,14.336000196635723,4,4,0,0,40,0,0,40,2.31
896,2,0,1,0,75.77600330114365,4,4,0,0,40,0,0,40,2.31
896,2,0,2,0,9.216000325977802,4,4,0,0,40,0,0,40,2.31
896,2,0,3,0,8.191999979317188,4,4,0,0,40,0,0,40,2.31
896,24,0,0,0,8.191999979317188,4,4,0,4,36,0,0,40,127.989
896,24,0,1,0,65.5359998345375,4,4,0,4,36,0,0,40,127.989
896,24,0,2,0,8.191999979317188,4,4,0,4,36,0,0,40,127.989
896,24,0,3,0,40.95999896526337,4,4,0,4,36,0,0,40,127.989
896,40,0,0,1,8.191999979317188,4,4,0,2,38,0,0,40,131.019
896,40,0,1,1,58.36800113320351,4,4,0,2,38,0,0,40,131.019
896,40,0,2,1,9.216000325977802,4,4,0,2,38,0,0,40,131.019
896,40,0,3,1,49.15200173854828,4,4,0,2,38,0,0,40,131.019
897,2,0,0,0,14.336000196635723,4,4,0,0,40,0,0,40,2.86
897,2,0,1,0,79.8719972372055,4,4,0,0,40,0,0,40,2.86
897,2,0,2,0,8.191999979317188,4,4,0,0,40,0,0,40,2.86
897,2,0,3,0,6.144000217318535,4,4,0,0,40,0,0,40,2.86
897,24,0,0,0,8.191999979317188,4,4,0,4,36,0,0,40,63.211
897,24,0,1,0,64.51199948787689,4,4,0,4,36,0,0,40,63.211
897,24,0,2,0,9.216000325977802,4,4,0,4,36,0,0,40,63.211
897,24,0,3,0,4.095999989658594,4,4,0,4,36,0,0,40,63.211
897,40,0,0,1,14.336000196635723,4,4,0,0,40,0,0,40,2.32
897,40,0,1,1,80.89599758386612,4,4,0,0,40,0,0,40,2.32
897,40,0,2,1,9.216000325977802,4,4,0,0,40,0,0,40,2.32
897,40,0,3,1,4.095999989658594,4,4,0,0,40,0,0,40,2.32
898,2,0,0,0,15.359999611973763,4,4,0,0,40,0,0,40,3.089
898,2,0,1,0,78.84799689054489,4,4,0,0,40,0,0,40,3.089
898,2,0,2,0,9.216000325977802,4,4,0,0,40,0,0,40,3.089
898,2,0,3,0,5.119999870657921,4,4,0,0,40,0,0,40,3.089
898,24,0,0,0,8.191999979317188,4,4,0,3,37,0,0,40,68.32
898,24,0,1,0,73.72800260782242,4,4,0,3,37,0,0,40,68.32
898,24,0,2,0,9.216000325977802,4,4,0,3,37,0,0,40,68.32
898,24,0,3,0,4.095999989658594,4,4,0,3,37,0,0,40,68.32
898,40,0,0,1,8.191999979317188,4,4,0,3,37,0,0,40,171.309
898,40,0,1,1,88.06400001049042,4,4,0,3,37,0,0,40,171.309
898,40,0,2,1,9.216000325977802,4,4,0,3,37,0,0,40,171.309
898,40,0,3,1,61.43999844789505,4,4,0,3,37,0,0,40,171.309
899,2,0,0,0,14.336000196635723,4,4,0,0,40,0,0,40,2.66
899,2,0,1,0,76.80000364780426,4,4,0,0,40,0,0,40,2.66
899,2,0,2,0,8.191999979317188,4,4,0,0,40,0,0,40,2.66
899,2,0,3,0,5.119999870657921,4,4,0,0,40,0,0,40,2.66
899,24,0,0,0,8.191999979317188,4,4,0,3,37,0,0,40,70.08
899,24,0,1,0,50.175998359918594,4,4,0,3,37,0,0,40,70.08
899,24,0,2,0,9.216000325977802,4,4,0,3,37,0,0,40,70.08
899,24,0,3,0,4.095999989658594,4,4,0,3,37,0,0,40,70.08
899,40,0,0,1,15.359999611973763,4,4,0,0,40,0,0,40,2.74
899,40,0,1,1,75.77600330114365,4,4,0,0,40,0,0,40,2.74
899,40,0,2,1,8.191999979317188,4,4,0,0,40,0,0,40,2.74
899,40,0,3,1,4.095999989658594,4,4,0,0,40,0,0,40,2.74
900,2,0,0,0,13.311999849975109,4,4,0,0,40,0,0,40,4.83
900,2,0,1,0,80.89599758386612,4,4,0,0,40,0,0,40,4.83
900,2,0,2,0,9.216000325977802,4,4,0,0,40,0,0,40,4.83
900,2,0,3,0,6.144000217318535,4,4,0,0,40,0,0,40,4.83
900,24,0,0,0,8.191999979317188,4,4,0,0,40,0,0,40,2.42
900,24,0,1,0,70.65600156784058,4,4,0,0,40,0,0,40,2.42
900,24,0,2,0,9.216000325977802,4,4,0,0,40,0,0,40,2.42
900,24,0,3,0,3.0720001086592674,4,4,0,0,40,0,0,40,2.42
900,40,0,0,1,8.191999979317188,4,4,0,3,37,0,0,40,117.149
900,40,0,1,1,70.65600156784058,4,4,0,3,37,0,0,40,117.149
900,40,0,2,1,9.216000325977802,4,4,0,3,37,0,0,40,117.149
900,40,0,3,1,22.52800017595291,4,4,0,3,37,0,0,40,117.149
901,2,0,0,0,14.336000196635723,4,4,0,0,40,0,0,40,4.57
901,2,0,1,0,68.60800087451935,4,4,0,0,40,0,0,40,4.57
901,2,0,2,0,9.216000325977802,4,4,0,0,40,0,0,40,4.57
901,2,0,3,0,5.119999870657921,4,4,0,0,40,0,0,40,4.57
901,24,0,0,0,8.191999979317188,4,4,0,0,40,0,0,40,4.52
901,24,0,1,0,76.80000364780426,4,4,0,0,40,0,0,40,4.52
901,24,0,2,0,9.216000325977802,4,4,0,0,40,0,0,40,4.52
901,24,0,3,0,4.095999989658594,4,4,0,0,40,0,0,40,4.52
901,40,0,0,1,8.191999979317188,4,4,0,1,39,0,0,40,68.48
901,40,0,1,1,57.34400078654289,4,4,0,1,39,0,0,40,68.48
901,40,0,2,1,8.191999979317188,4,4,0,1,39,0,0,40,68.48
901,40,0,3,1,4.095999989658594,4,4,0,1,39,0,0,40,68.48
902,2,0,0,0,9.216000325977802,2,2,0,0,20,0,0,20,1.64
902,2,0,1,0,51.19999870657921,2,2,0,0,20,0,0,20,1.64
902,2,0,2,0,8.191999979317188,2,2,0,0,20,0,0,20,1.64
902,2,0,3,0,5.119999870657921,2,2,0,0,20,0,0,20,1.64
902,24,0,0,0,8.191999979317188,2,2,0,1,19,0,0,20,58.0
902,24,0,1,0,48.128001391887665,2,2,0,1,19,0,0,20,58.0
902,24,0,2,0,8.191999979317188,2,2,0,1,19,0,0,20,58.0
902,24,0,3,0,4.095999989658594,2,2,0,1,19,0,0,20,58.0
902,40,0,0,1,9.216000325977802,2,2,0,1,19,0,0,20,57.5
902,40,0,1,1,38.91199827194214,2,2,0,1,19,0,0,20,57.5
902,40,0,2,1,9.216000325977802,2,2,0,1,19,0,0,20,57.5
902,40,0,3,1,4.095999989658594,2,2,0,1,19,0,0,20,57.5
903,2,0,0,0,14.336000196635723,4,4,0,0,40,0,0,40,2.651
903,2,0,1,0,84.99199897050858,4,4,0,0,40,0,0,40,2.651
903,2,0,2,0,8.191999979317188,4,4,0,0,40,0,0,40,2.651
903,2,0,3,0,6.144000217318535,4,4,0,0,40,0,0,40,2.651
903,24,0,0,0,8.191999979317188,4,4,0,0,40,0,0,40,2.15
903,24,0,1,0,63.48799914121628,4,4,0,0,40,0,0,40,2.15
903,24,0,2,0,8.191999979317188,4,4,0,0,40,0,0,40,2.15
903,24,0,3,0,4.095999989658594,4,4,0,0,40,0,0,40,2.15
903,40,0,0,1,14.336000196635723,4,4,0,0,40,0,0,40,1.97
903,40,0,1,1,82.94399827718735,4,4,0,0,40,0,0,40,1.97
903,40,0,2,1,9.216000325977802,4,4,0,0,40,0,0,40,1.97
903,40,0,3,1,4.095999989658594,4,4,0,0,40,0,0,40,1.97
904,2,0,0,0,14.336000196635723,4,4,0,0,40,0,0,40,3.24
904,2,0,1,0,86.01599931716919,4,4,0,0,40,0,0,40,3.24
904,2,0,2,0,9.216000325977802,4,4,0,0,40,0,0,40,3.24
904,2,0,3,0,5.119999870657921,4,4,0,0,40,0,0,40,3.24
904,24,0,0,0,7.168000098317862,4,4,0,0,40,0,0,40,2.4
904,24,0,1,0,83.96799862384796,4,4,0,0,40,0,0,40,2.4
904,24,0,2,0,8.191999979317188,4,4,0,0,40,0,0,40,2.4
904,24,0,3,0,3.0720001086592674,4,4,0,0,40,0,0,40,2.4
904,40,0,0,1,14.336000196635723,4,4,0,0,40,0,0,40,4.93
904,40,0,1,1,80.89599758386612,4,4,0,0,40,0,0,40,4.93
904,40,0,2,1,9.216000325977802,4,4,0,0,40,0,0,40,4.93
904,40,0,3,1,4.095999989658594,4,4,0,0,40,0,0,40,4.93
905,2,0,0,0,14.336000196635723,4,4,0,0,40,0,0,40,2.82
905,2,0,1,0,95.23200243711472,4,4,0,0,40,0,0,40,2.82
905,2,0,2,0,8.191999979317188,4,4,0,0,40,0,0,40,2.82
905,2,0,3,0,5.119999870657921,4,4,0,0,40,0,0,40,2.82
905,24,0,0,0,8.191999979317188,4,4,0,1,39,0,0,40,70.831
905,24,0,1,0,53.247999399900436,4,4,0,1,39,0,0,40,70.831
905,24,0,2,0,9.216000325977802,4,4,0,1,39,0,0,40,70.831
905,24,0,3,0,7.168000098317862,4,4,0,1,39,0,0,40,70.831
905,40,0,0,1,14.336000196635723,4,4,0,0,40,0,0,40,2.25
905,40,0,1,1,78.84799689054489,4,4,0,0,40,0,0,40,2.25
905,40,0,2,1,9.216000325977802,4,4,0,0,40,0,0,40,2.25
905,40,0,3,1,4.095999989658594,4,4,0,0,40,0,0,40,2.25
906,2,0,0,0,17.40800030529499,4,4,0,1,39,0,0,40,79.94
906,2,0,1,0,82.94399827718735,4,4,0,1,39,0,0,40,79.94
906,2,0,2,0,9.216000325977802,4,4,0,1,39,0,0,40,79.94
906,2,0,3,0,5.119999870657921,4,4,0,1,39,0,0,40,79.94
906,24,0,0,0,7.168000098317862,4,4,0,2,38,0,0,40,95.299
906,24,0,1,0,70.65600156784058,4,4,0,2,38,0,0,40,95.299
906,24,0,2,0,10.239999741315842,4,4,0,2,38,0,0,40,95.299
906,24,0,3,0,4.095999989658594,4,4,0,2,38,0,0,40,95.299
906,40,0,0,1,8.191999979317188,4,4,0,1,39,0,0,40,79.13
906,40,0,1,1,75.77600330114365,4,4,0,1,39,0,0,40,79.13
906,40,0,2,1,9.216000325977802,4,4,0,1,39,0,0,40,79.13
906,40,0,3,1,5.119999870657921,4,4,0,1,39,0,0,40,79.13
907,2,0,0,0,15.359999611973763,4,4,0,1,39,0,0,40,61.69
907,2,0,1,0,86.01599931716919,4,4,0,1,39,0,0,40,61.69
907,2,0,2,0,9.216000325977802,4,4,0,1,39,0,0,40,61.69
907,2,0,3,0,6.144000217318535,4,4,0,1,39,0,0,40,61.69
907,24,0,0,0,9.216000325977802,4,4,0,1,39,0,0,40,68.63
907,24,0,1,0,66.56000018119812,4,4,0,1,39,0,0,40,68.63
907,24,0,2,0,9.216000325977802,4,4,0,1,39,0,0,40,68.63
907,24,0,3,0,4.095999989658594,4,4,0,1,39,0,0,40,68.63
907,40,0,0,1,8.191999979317188,4,4,0,1,39,0,0,40,89.699
907,40,0,1,1,75.77600330114365,4,4,0,1,39,0,0,40,89.699
907,40,0,2,1,9.216000325977802,4,4,0,1,39,0,0,40,89.699
907,40,0,3,1,4.095999989658594,4,4,0,1,39,0,0,40,89.699
908,2,0,0,0,13.311999849975109,4,4,0,0,40,0,0,40,4.59
908,2,0,1,0,86.01599931716919,4,4,0,0,40,0,0,40,4.59
908,2,0,2,0,9.216000325977802,4,4,0,0,40,0,0,40,4.59
908,2,0,3,0,5.119999870657921,4,4,0,0,40,0,0,40,4.59
908,24,0,0,0,8.191999979317188,4,4,0,0,40,0,0,40,2.84
908,24,0,1,0,67.58400052785873,4,4,0,0,40,0,0,40,2.84
908,24,0,2,0,9.216000325977802,4,4,0,0,40,0,0,40,2.84
908,24,0,3,0,4.095999989658594,4,4,0,0,40,0,0,40,2.84
908,40,0,0,1,15.359999611973763,4,4,0,0,40,0,0,40,2.33
908,40,0,1,1,60.416001826524734,4,4,0,0,40,0,0,40,2.33
908,40,0,2,1,9.216000325977802,4,4,0,0,40,0,0,40,2.33
908,40,0,3,1,4.095999989658594,4,4,0,0,40,0,0,40,2.33
909,2,0,0,0,9.216000325977802,2,2,0,2,18,0,0,20,87.55
909,2,0,1,0,49.15200173854828,2,2,0,2,18,0,0,20,87.55
909,2,0,2,0,10.239999741315842,2,2,0,2,18,0,0,20,87.55
909,2,0,3,0,18.432000651955605,2,2,0,2,18,0,0,20,87.55
909,24,0,0,0,8.191999979317188,2,2,0,0,20,0,0,20,1.4
909,24,0,1,0,50.175998359918594,2,2,0,0,20,0,0,20,1.4
909,24,0,2,0,9.216000325977802,2,2,0,0,20,0,0,20,1.4
909,24,0,3,0,4.095999989658594,2,2,0,0,20,0,0,20,1.4
909,40,0,0,1,9.216000325977802,2,2,0,0,20,0,0,20,1.411
909,40,0,1,1,48.128001391887665,2,2,0,0,20,0,0,20,1.411
909,40,0,2,1,9.216000325977802,2,2,0,0,20,0,0,20,1.411
909,40,0,3,1,4.095999989658594,2,2,0,0,20,0,0,20,1.411
910,2,0,0,0,14.336000196635723,4,4,0,0,40,0,0,40,4.53
910,2,0,1,0,86.01599931716919,4,4,0,0,40,0,0,40,4.53
910,2,0,2,0,8.191999979317188,4,4,0,0,40,0,0,40,4.53
910,2,0,3,0,5.119999870657921,4,4,0,0,40,0,0,40,4.53
910,24,0,0,0,8.191999979317188,4,4,0,0,40,0,0,40,2.4
910,24,0,1,0,72.7040022611618,4,4,0,0,40,0,0,40,2.4
910,24,0,2,0,9.216000325977802,4,4,0,0,40,0,0,40,2.4
910,24,0,3,0,4.095999989658594,4,4,0,0,40,0,0,40,2.4
910,40,0,0,1,15.359999611973763,4,4,0,0,40,0,0,40,2.16
910,40,0,1,1,60.416001826524734,4,4,0,0,40,0,0,40,2.16
910,40,0,2,1,9.216000325977802,4,4,0,0,40,0,0,40,2.16
910,40,0,3,1,4.095999989658594,4,4,0,0,40,0,0,40,2.16
911,2,0,0,0,14.336000196635723,4,4,0,0,40,0,0,40,3.11
911,2,0,1,0,86.01599931716919,4,4,0,0,40,0,0,40,3.11
911,2,0,2,0,9.216000325977802,4,4,0,0,40,0,0,40,3.11
911,2,0,3,0,6.144000217318535,4,4,0,0,40,0,0,40,3.11
911,24,0,0,0,8.191999979317188,4,4,0,0,40,0,0,40,2.37
911,24,0,1,0,69.63200122117996,4,4,0,0,40,0,0,40,2.37
911,24,0,2,0,9.216000325977802,4,4,0,0,40,0,0,40,2.37
911,24,0,3,0,4.095999989658594,4,4,0,0,40,0,0,40,2.37
911,40,0,0,1,15.359999611973763,4,4,0,0,40,0,0,40,2.22
911,40,0,1,1,61.43999844789505,4,4,0,0,40,0,0,40,2.22
911,40,0,2,1,9.216000325977802,4,4,0,0,40,0,0,40,2.22
911,40,0,3,1,4.095999989658594,4,4,0,0,40,0,0,40,2.22
912,2,0,0,0,14.336000196635723,4,4,0,0,40,0,0,40,8.12
912,2,0,1,0,89.08800035715103,4,4,0,0,40,0,0,40,8.12
912,2,0,2,0,9.216000325977802,4,4,0,0,40,0,0,40,8.12
912,2,0,3,0,5.119999870657921,4,4,0,0,40,0,0,40,8.12
912,24,0,0,0,222.20799326896667,4,4,0,0,40,0,0,40,5.019
912,24,0,1,0,67.58400052785873,4,4,0,0,40,0,0,40,5.019
912,24,0,2,0,9.216000325977802,4,4,0,0,40,0,0,40,5.019
912,24,0,3,0,4.095999989658594,4,4,0,0,40,0,0,40,5.019
912,40,0,0,1,13.311999849975109,4,4,0,0,40,0,0,40,4.37
912,40,0,1,1,60.416001826524734,4,4,0,0,40,0,0,40,4.37
912,40,0,2,1,8.191999979317188,4,4,0,0,40,0,0,40,4.37
912,40,0,3,1,4.095999989658594,4,4,0,0,40,0,0,40,4.37
913,2,0,0,0,14.336000196635723,4,4,0,0,40,0,0,40,2.8
913,2,0,1,0,80.89599758386612,4,4,0,0,40,0,0,40,2.8
913,2,0,2,0,9.216000325977802,4,4,0,0,40,0,0,40,2.8
913,2,0,3,0,6.144000217318535,4,4,0,0,40,0,0,40,2.8
913,24,0,0,0,8.191999979317188,4,4,0,0,40,0,0,40,5.109
913,24,0,1,0,61.43999844789505,4,4,0,0,40,0,0,40,5.109
913,24,0,2,0,9.216000325977802,4,4,0,0,40,0,0,40,5.109
913,24,0,3,0,4.095999989658594,4,4,0,0,40,0,0,40,5.109
913,40,0,0,1,14.336000196635723,4,4,0,0,40,0,0,40,4.889
913,40,0,1,1,50.175998359918594,4,4,0,0,40,0,0,40,4.889
913,40,0,2,1,9.216000325977802,4,4,0,0,40,0,0,40,4.889
913,40,0,3,1,4.095999989658594,4,4,0,0,40,0,0,40,4.889
914,2,0,0,0,9.216000325977802,1,1,0,0,10,0,0,10,0.86
914,2,0,1,0,31.74399957060814,1,1,0,0,10,0,0,10,0.86
914,2,0,2,0,9.216000325977802,1,1,0,0,10,0,0,10,0.86
914,2,0,3,0,5.119999870657921,1,1,0,0,10,0,0,10,0.86
914,24,0,0,0,8.191999979317188,1,1,0,0,10,0,0,10,0.45
914,24,0,1,0,31.74399957060814,1,1,0,0,10,0,0,10,0.45
914,24,0,2,0,9.216000325977802,1,1,0,0,10,0,0,10,0.45
914,24,0,3,0,4.095999989658594,1,1,0,0,10,0,0,10,0.45
914,40,0,0,1,10.239999741315842,1,1,0,0,10,0,0,10,0.54
914,40,0,1,1,35.840000957250595,1,1,0,0,10,0,0,10,0.54
914,40,0,2,1,9.216000325977802,1,1,0,0,10,0,0,10,0.54
914,40,0,3,1,4.095999989658594,1,1,0,0,10,0,0,10,0.54
915,2,0,0,0,8.191999979317188,3,3,0,0,30,0,0,30,2.18
915,2,0,1,0,56.32000043988228,3,3,0,0,30,0,0,30,2.18
915,2,0,2,0,9.216000325977802,3,3,0,0,30,0,0,30,2.18
915,2,0,3,0,7.168000098317862,3,3,0,0,30,0,0,30,2.18
915,24,0,0,0,8.191999979317188,3,3,0,0,30,0,0,30,3.451
915,24,0,1,0,56.32000043988228,3,3,0,0,30,0,0,30,3.451
915,24,0,2,0,8.191999979317188,3,3,0,0,30,0,0,30,3.451
915,24,0,3,0,3.0720001086592674,3,3,0,0,30,0,0,30,3.451
915,40,0,0,1,15.359999611973763,3,3,0,0,30,0,0,30,1.41
915,40,0,1,1,55.296000093221664,3,3,0,0,30,0,0,30,1.41
915,40,0,2,1,9.216000325977802,3,3,0,0,30,0,0,30,1.41
915,40,0,3,1,4.095999989658594,3,3,0,0,30,0,0,30,1.41
916,2,0,0,0,13.311999849975109,4,4,0,0,40,0,0,40,2.75
916,2,0,1,0,77.82399654388428,4,4,0,0,40,0,0,40,2.75
916,2,0,2,0,9.216000325977802,4,4,0,0,40,0,0,40,2.75
916,2,0,3,0,6.144000217318535,4,4,0,0,40,0,0,40,2.75
916,24,0,0,0,8.191999979317188,4,4,0,0,40,0,0,40,4.54
916,24,0,1,0,76.80000364780426,4,4,0,0,40,0,0,40,4.54
916,24,0,2,0,9.216000325977802,4,4,0,0,40,0,0,40,4.54
916,24,0,3,0,4.095999989658594,4,4,0,0,40,0,0,40,4.54
916,40,0,0,1,14.336000196635723,4,4,0,0,40,0,0,40,2.51
916,40,0,1,1,76.80000364780426,4,4,0,0,40,0,0,40,2.51
916,40,0,2,1,8.191999979317188,4,4,0,0,40,0,0,40,2.51
916,40,0,3,1,4.095999989658594,4,4,0,0,40,0,0,40,2.51
917,2,0,0,0,14.336000196635723,4,4,0,0,40,0,0,40,2.63
917,2,0,1,0,82.94399827718735,4,4,0,0,40,0,0,40,2.63
917,2,0,2,0,9.216000325977802,4,4,0,0,40,0,0,40,2.63
917,2,0,3,0,7.168000098317862,4,4,0,0,40,0,0,40,2.63
917,24,0,0,0,51.19999870657921,4,4,0,0,40,0,0,40,3.62
917,24,0,1,0,73.72800260782242,4,4,0,0,40,0,0,40,3.62
917,24,0,2,0,9.216000325977802,4,4,0,0,40,0,0,40,3.62
917,24,0,3,0,4.095999989658594,4,4,0,0,40,0,0,40,3.62
917,40,0,0,1,8.191999979317188,4,4,0,1,39,0,0,40,91.82
917,40,0,1,1,53.247999399900436,4,4,0,1,39,0,0,40,91.82
917,40,0,2,1,9.216000325977802,4,4,0,1,39,0,0,40,91.82
917,40,0,3,1,19.45599913597107,4,4,0,1,39,0,0,40,91.82
918,2,0,0,0,9.216000325977802,2,2,0,2,18,0,0,20,110.119
918,2,0,1,0,49.15200173854828,2,2,0,2,18,0,0,20,110.119
918,2,0,2,0,9.216000325977802,2,2,0,2,18,0,0,20,110.119
918,2,0,3,0,37.88800165057182,2,2,0,2,18,0,0,20,110.119
918,24,0,0,0,8.191999979317188,2,2,0,0,20,0,0,20,1.11
918,24,0,1,0,57.34400078654289,2,2,0,0,20,0,0,20,1.11
918,24,0,2,0,8.191999979317188,2,2,0,0,20,0,0,20,1.11
918,24,0,3,0,4.095999989658594,2,2,0,0,20,0,0,20,1.11
918,40,0,0,1,9.216000325977802,2,2,0,0,20,0,0,20,0.98
918,40,0,1,1,48.128001391887665,2,2,0,0,20,0,0,20,0.98
918,40,0,2,1,10.239999741315842,2,2,0,0,20,0,0,20,0.98
918,40,0,3,1,4.095999989658594,2,2,0,0,20,0,0,20,0.98
919,2,0,0,0,14.336000196635723,4,4,0,0,40,0,0,40,5.61
919,2,0,1,0,89.08800035715103,4,4,0,0,40,0,0,40,5.61
919,2,0,2,0,9.216000325977802,4,4,0,0,40,0,0,40,5.61
919,2,0,3,0,5.119999870657921,4,4,0,0,40,0,0,40,5.61
919,24,0,0,0,8.191999979317188,4,4,0,0,40,0,0,40,2.35
919,24,0,1,0,71.68000191450119,4,4,0,0,40,0,0,40,2.35
919,24,0,2,0,9.216000325977802,4,4,0,0,40,0,0,40,2.35
919,24,0,3,0,4.095999989658594,4,4,0,0,40,0,0,40,2.35
919,40,0,0,1,9.216000325977802,4,4,0,1,39,0,0,40,102.82
919,40,0,1,1,81.91999793052673,4,4,0,1,39,0,0,40,102.82
919,40,0,2,1,9.216000325977802,4,4,0,1,39,0,0,40,102.82
919,40,0,3,1,4.095999989658594,4,4,0,1,39,0,0,40,102.82
920,2,0,0,0,9.216000325977802,4,4,0,1,39,0,0,40,67.331
920,2,0,1,0,69.63200122117996,4,4,0,1,39,0,0,40,67.331
920,2,0,2,0,9.216000325977802,4,4,0,1,39,0,0,40,67.331
920,2,0,3,0,8.191999979317188,4,4,0,1,39,0,0,40,67.331
920,24,0,0,0,8.191999979317188,4,4,0,2,38,0,0,40,146.739
920,24,0,1,0,73.72800260782242,4,4,0,2,38,0,0,40,146.739
920,24,0,2,0,9.216000325977802,4,4,0,2,38,0,0,40,146.739
920,24,0,3,0,54.27199974656105,4,4,0,2,38,0,0,40,146.739
920,40,0,0,1,14.336000196635723,4,4,0,0,40,0,0,40,2.47
920,40,0,1,1,76.80000364780426,4,4,0,0,40,0,0,40,2.47
920,40,0,2,1,9.216000325977802,4,4,0,0,40,0,0,40,2.47
920,40,0,3,1,4.095999989658594,4,4,0,0,40,0,0,40,2.47
921,2,0,0,0,15.359999611973763,4,4,0,0,40,0,0,40,2.5
921,2,0,1,0,65.5359998345375,4,4,0,0,40,0,0,40,2.5
921,2,0,2,0,9.216000325977802,4,4,0,0,40,0,0,40,2.5
921,2,0,3,0,8.191999979317188,4,4,0,0,40,0,0,40,2.5
921,24,0,0,0,9.216000325977802,4,4,0,1,39,0,0,40,67.159
921,24,0,1,0,69.63200122117996,4,4,0,1,39,0,0,40,67.159
921,24,0,2,0,9.216000325977802,4,4,0,1,39,0,0,40,67.159
921,24,0,3,0,5.119999870657921,4,4,0,1,39,0,0,40,67.159
921,40,0,0,1,9.216000325977802,4,4,0,0,40,0,0,40,2.19
921,40,0,1,1,57.34400078654289,4,4,0,0,40,0,0,40,2.19
921,40,0,2,1,8.191999979317188,4,4,0,0,40,0,0,40,2.19
921,40,0,3,1,4.095999989658594,4,4,0,0,40,0,0,40,2.19
922,2,0,0,0,15.359999611973763,4,4,0,2,38,0,0,40,122.689
922,2,0,1,0,79.8719972372055,4,4,0,2,38,0,0,40,122.689
922,2,0,2,0,10.239999741315842,4,4,0,2,38,0,0,40,122.689
922,2,0,3,0,13.311999849975109,4,4,0,2,38,0,0,40,122.689
922,24,0,0,0,8.191999979317188,4,4,0,1,39,0,0,40,56.309
922,24,0,1,0,58.36800113320351,4,4,0,1,39,0,0,40,56.309
922,24,0,2,0,9.216000325977802,4,4,0,1,39,0,0,40,56.309
922,24,0,3,0,4.095999989658594,4,4,0,1,39,0,0,40,56.309
922,40,0,0,1,9.216000325977802,4,4,0,0,40,0,0,40,2.32
922,40,0,1,1,52.22399905323982,4,4,0,0,40,0,0,40,2.32
922,40,0,2,1,9.216000325977802,4,4,0,0,40,0,0,40,2.32
922,40,0,3,1,4.095999989658594,4,4,0,0,40,0,0,40,2.32
923,2,0,0,0,9.216000325977802,4,4,0,0,40,0,0,40,4.65
923,2,0,1,0,68.60800087451935,4,4,0,0,40,0,0,40,4.65
923,2,0,2,0,9.216000325977802,4,4,0,0,40,0,0,40,4.65
923,2,0,3,0,5.119999870657921,4,4,0,0,40,0,0,40,4.65
923,24,0,0,0,8.191999979317188,4,4,0,1,39,0,0,40,68.4
923,24,0,1,0,63.48799914121628,4,4,0,1,39,0,0,40,68.4
923,24,0,2,0,9.216000325977802,4,4,0,1,39,0,0,40,68.4
923,24,0,3,0,4.095999989658594,4,4,0,1,39,0,0,40,68.4
923,40,0,0,1,8.191999979317188,4,4,0,0,40,0,0,40,2.57
923,40,0,1,1,67.58400052785873,4,4,0,0,40,0,0,40,2.57
923,40,0,2,1,9.216000325977802,4,4,0,0,40,0,0,40,2.57
923,40,0,3,1,4.095999989658594,4,4,0,0,40,0,0,40,2.57
924,2,0,0,0,8.191999979317188,4,4,0,1,39,0,0,40,115.49
924,2,0,1,0,69.63200122117996,4,4,0,1,39,0,0,40,115.49
924,2,0,2,0,9.216000325977802,4,4,0,1,39,0,0,40,115.49
924,2,0,3,0,31.74399957060814,4,4,0,1,39,0,0,40,115.49
924,24,0,0,0,8.191999979317188,4,4,0,0,40,0,0,40,4.24
924,24,0,1,0,73.72800260782242,4,4,0,0,40,0,0,40,4.24
924,24,0,2,0,9.216000325977802,4,4,0,0,40,0,0,40,4.24
924,24,0,3,0,4.095999989658594,4,4,0,0,40,0,0,40,4.24
924,40,0,0,1,14.336000196635723,4,4,0,0,40,0,0,40,2.69
924,40,0,1,1,80.89599758386612,4,4,0,0,40,0,0,40,2.69
924,40,0,2,1,9.216000325977802,4,4,0,0,40,0,0,40,2.69
924,40,0,3,1,5.119999870657921,4,4,0,0,40,0,0,40,2.69
925,2,0,0,0,14.336000196635723,4,4,0,0,40,0,0,40,5.1
925,2,0,1,0,63.48799914121628,4,4,0,0,40,0,0,40,5.1
925,2,0,2,0,8.191999979317188,4,4,0,0,40,0,0,40,5.1
925,2,0,3,0,5.119999870657921,4,4,0,0,40,0,0,40,5.1
925,24,0,0,0,8.191999979317188,4,4,0,1,39,0,0,40,69.44
925,24,0,1,0,71.68000191450119,4,4,0,1,39,0,0,40,69.44
925,24,0,2,0,9.216000325977802,4,4,0,1,39,0,0,40,69.44
925,24,0,3,0,4.095999989658594,4,4,0,1,39,0,0,40,69.44
925,40,0,0,1,14.336000196635723,4,4,0,0,40,0,0,40,2.07
925,40,0,1,1,84.99199897050858,4,4,0,0,40,0,0,40,2.07
925,40,0,2,1,9.216000325977802,4,4,0,0,40,0,0,40,2.07
925,40,0,3,1,4.095999989658594,4,4,0,0,40,0,0,40,2.07
926,2,0,0,0,15.359999611973763,4,4,0,1,39,0,0,40,88.54
926,2,0,1,0,87.0399996638298,4,4,0,1,39,0,0,40,88.54
926,2,0,2,0,9.216000325977802,4,4,0,1,39,0,0,40,88.54
926,2,0,3,0,5.119999870657921,4,4,0,1,39,0,0,40,88.54
926,24,0,0,0,8.191999979317188,4,4,0,0,40,0,0,40,2.55
926,24,0,1,0,68.60800087451935,4,4,0,0,40,0,0,40,2.55
926,24,0,2,0,9.216000325977802,4,4,0,0,40,0,0,40,2.55
926,24,0,3,0,4.095999989658594,4,4,0,0,40,0,0,40,2.55
926,40,0,0,1,8.191999979317188,4,4,0,0,40,0,0,40,3.84
926,40,0,1,1,57.34400078654289,4,4,0,0,40,0,0,40,3.84
926,40,0,2,1,8.191999979317188,4,4,0,0,40,0,0,40,3.84
926,40,0,3,1,4.095999989658594,4,4,0,0,40,0,0,40,3.84
927,2,0,0,0,9.216000325977802,3,3,0,0,30,0,0,30,1.969
927,2,0,1,0,50.175998359918594,3,3,0,0,30,0,0,30,1.969
927,2,0,2,0,9.216000325977802,3,3,0,0,30,0,0,30,1.969
927,2,0,3,0,5.119999870657921,3,3,0,0,30,0,0,30,1.969
927,24,0,0,0,8.191999979317188,3,3,0,2,28,0,0,30,72.689
927,24,0,1,0,48.128001391887665,3,3,0,2,28,0,0,30,72.689
927,24,0,2,0,8.191999979317188,3,3,0,2,28,0,0,30,72.689
927,24,0,3,0,4.095999989658594,3,3,0,2,28,0,0,30,72.689
927,40,0,0,1,14.336000196635723,3,3,0,0,30,0,0,30,1.23
927,40,0,1,1,49.15200173854828,3,3,0,0,30,0,0,30,1.23
927,40,0,2,1,9.216000325977802,3,3,0,0,30,0,0,30,1.23
927,40,0,3,1,4.095999989658594,3,3,0,0,30,0,0,30,1.23
928,2,0,0,0,9.216000325977802,1,1,0,0,10,0,0,10,0.71
928,2,0,1,0,31.74399957060814,1,1,0,0,10,0,0,10,0.71
928,2,0,2,0,9.216000325977802,1,1,0,0,10,0,0,10,0.71
928,2,0,3,0,5.119999870657921,1,1,0,0,10,0,0,10,0.71
928,24,0,0,0,9.216000325977802,1,1,0,0,10,0,0,10,0.569
928,24,0,1,0,31.74399957060814,1,1,0,0,10,0,0,10,0.569
928,24,0,2,0,8.191999979317188,1,1,0,0,10,0,0,10,0.569
928,24,0,3,0,4.095999989658594,1,1,0,0,10,0,0,10,0.569
928,40,0,0,1,9.216000325977802,1,1,0,0,10,0,0,10,0.53
928,40,0,1,1,35.840000957250595,1,1,0,0,10,0,0,10,0.53
928,40,0,2,1,8.191999979317188,1,1,0,0,10,0,0,10,0.53
928,40,0,3,1,3.0720001086592674,1,1,0,0,10,0,0,10,0.53
929,2,0,0,0,15.359999611973763,4,4,0,0,40,0,0,40,4.069
929,2,0,1,0,82.94399827718735,4,4,0,0,40,0,0,40,4.069
929,2,0,2,0,9.216000325977802,4,4,0,0,40,0,0,40,4.069
929,2,0,3,0,7.168000098317862,4,4,0,0,40,0,0,40,4.069
929,24,0,0,0,8.191999979317188,4,4,0,0,40,0,0,40,4.609
929,24,0,1,0,84.99199897050858,4,4,0,0,40,0,0,40,4.609
929,24,0,2,0,9.216000325977802,4,4,0,0,40,0,0,40,4.609
929,24,0,3,0,4.095999989658594,4,4,0,0,40,0,0,40,4.609
929,40,0,0,1,9.216000325977802,4,4,0,0,40,0,0,40,2.69
929,40,0,1,1,77.82399654388428,4,4,0,0,40,0,0,40,2.69
929,40,0,2,1,9.216000325977802,4,4,0,0,40,0,0,40,2.69
929,40,0,3,1,4.095999989658594,4,4,0,0,40,0,0,40,2.69
930,2,0,0,0,8.191999979317188,4,4,0,1,39,0,0,40,60.589
930,2,0,1,0,90.11200070381165,4,4,0,1,39,0,0,40,60.589
930,2,0,2,0,9.216000325977802,4,4,0,1,39,0,0,40,60.589
930,2,0,3,0,7.168000098317862,4,4,0,1,39,0,0,40,60.589
930,24,0,0,0,8.191999979317188,4,4,0,0,40,0,0,40,3.2
930,24,0,1,0,83.96799862384796,4,4,0,0,40,0,0,40,3.2
930,24,0,2,0,8.191999979317188,4,4,0,0,40,0,0,40,3.2
930,24,0,3,0,4.095999989658594,4,4,0,0,40,0,0,40,3.2
930,40,0,0,1,8.191999979317188,4,4,0,1,39,0,0,40,75.0
930,40,0,1,1,87.0399996638298,4,4,0,1,39,0,0,40,75.0
930,40,0,2,1,9.216000325977802,4,4,0,1,39,0,0,40,75.0
930,40,0,3,1,4.095999989658594,4,4,0,1,39,0,0,40,75.0
931,2,0,0,0,14.336000196635723,4,4,0,0,40,0,0,40,2.24
931,2,0,1,0,71.68000191450119,4,4,0,0,40,0,0,40,2.24
931,2,0,2,0,9.216000325977802,4,4,0,0,40,0,0,40,2.24
931,2,0,3,0,5.119999870657921,4,4,0,0,40,0,0,40,2.24
931,24,0,0,0,8.191999979317188,4,4,0,0,40,0,0,40,1.52
931,24,0,1,0,66.56000018119812,4,4,0,0,40,0,0,40,1.52
931,24,0,2,0,9.216000325977802,4,4,0,0,40,0,0,40,1.52
931,24,0,3,0,4.095999989658594,4,4,0,0,40,0,0,40,1.52
931,40,0,0,1,8.191999979317188,4,4,0,3,36,1,0,40,225.609
931,40,0,1,1,90.11200070381165,4,4,0,3,36,1,0,40,225.609
931,40,0,2,1,194.5600062608719,4,4,0,3,36,1,0,40,225.609
931,40,0,3,1,5.119999870657921,4,4,0,3,36,1,0,40,225.609
932,2,0,0,0,9.216000325977802,4,4,0,2,38,0,0,40,103.76
932,2,0,1,0,81.91999793052673,4,4,0,2,38,0,0,40,103.76
932,2,0,2,0,9.216000325977802,4,4,0,2,38,0,0,40,103.76
932,2,0,3,0,5.119999870657921,4,4,0,2,38,0,0,40,103.76
932,24,0,0,0,14.336000196635723,4,4,0,0,40,0,0,40,2.269
932,24,0,1,0,80.89599758386612,4,4,0,0,40,0,0,40,2.269
932,24,0,2,0,9.216000325977802,4,4,0,0,40,0,0,40,2.269
932,24,0,3,0,4.095999989658594,4,4,0,0,40,0,0,40,2.269
932,40,0,0,1,8.191999979317188,4,4,0,3,37,0,0,40,160.789
932,40,0,1,1,75.77600330114365,4,4,0,3,37,0,0,40,160.789
932,40,0,2,1,9.216000325977802,4,4,0,3,37,0,0,40,160.789
932,40,0,3,1,63.48799914121628,4,4,0,3,37,0,0,40,160.789
933,2,0,0,0,9.216000325977802,4,4,0,1,39,0,0,40,57.499
933,2,0,1,0,87.0399996638298,4,4,0,1,39,0,0,40,57.499
933,2,0,2,0,9.216000325977802,4,4,0,1,39,0,0,40,57.499
933,2,0,3,0,6.144000217318535,4,4,0,1,39,0,0,40,57.499
933,24,0,0,0,8.191999979317188,4,4,0,2,38,0,0,40,74.62
933,24,0,1,0,74.75200295448303,4,4,0,2,38,0,0,40,74.62
933,24,0,2,0,9.216000325977802,4,4,0,2,38,0,0,40,74.62
933,24,0,3,0,4.095999989658594,4,4,0,2,38,0,0,40,74.62
933,40,0,0,1,14.336000196635723,4,4,0,0,40,0,0,40,1.43
933,40,0,1,1,83.96799862384796,4,4,0,0,40,0,0,40,1.43
933,40,0,2,1,8.191999979317188,4,4,0,0,40,0,0,40,1.43
933,40,0,3,1,4.095999989658594,4,4,0,0,40,0,0,40,1.43
934,2,0,0,0,9.216000325977802,4,4,0,1,39,0,0,40,57.979
934,2,0,1,0,89.08800035715103,4,4,0,1,39,0,0,40,57.979
934,2,0,2,0,8.191999979317188,4,4,0,1,39,0,0,40,57.979
934,2,0,3,0,6.144000217318535,4,4,0,1,39,0,0,40,57.979
934,24,0,0,0,8.191999979317188,4,4,0,2,38,0,0,40,107.99
934,24,0,1,0,84.99199897050858,4,4,0,2,38,0,0,40,107.99
934,24,0,2,0,9.216000325977802,4,4,0,2,38,0,0,40,107.99
934,24,0,3,0,4.095999989658594,4,4,0,2,38,0,0,40,107.99
934,40,0,0,1,15.359999611973763,4,4,0,0,40,0,0,40,3.94
934,40,0,1,1,100.35199671983719,4,4,0,0,40,0,0,40,3.94
934,40,0,2,1,9.216000325977802,4,4,0,0,40,0,0,40,3.94
934,40,0,3,1,4.095999989658594,4,4,0,0,40,0,0,40,3.94
935,2,0,0,0,8.191999979317188,4,4,0,1,39,0,0,40,64.29
935,2,0,1,0,78.84799689054489,4,4,0,1,39,0,0,40,64.29
935,2,0,2,0,9.216000325977802,4,4,0,1,39,0,0,40,64.29
935,2,0,3,0,6.144000217318535,4,4,0,1,39,0,0,40,64.29
935,24,0,0,0,7.168000098317862,4,4,0,0,40,0,0,40,1.649
935,24,0,1,0,83.96799862384796,4,4,0,0,40,0,0,40,1.649
935,24,0,2,0,9.216000325977802,4,4,0,0,40,0,0,40,1.649
935,24,0,3,0,4.095999989658594,4,4,0,0,40,0,0,40,1.649
935,40,0,0,1,8.191999979317188,4,4,0,0,40,0,0,40,1.39
935,40,0,1,1,90.11200070381165,4,4,0,0,40,0,0,40,1.39
935,40,0,2,1,9.216000325977802,4,4,0,0,40,0,0,40,1.39
935,40,0,3,1,4.095999989658594,4,4,0,0,40,0,0,40,1.39
936,2,0,0,0,14.336000196635723,4,4,0,2,38,0,0,40,131.259
936,2,0,1,0,62.463998794555664,4,4,0,2,38,0,0,40,131.259
936,2,0,2,0,9.216000325977802,4,4,0,2,38,0,0,40,131.259
936,2,0,3,0,41.98399931192398,4,4,0,2,38,0,0,40,131.259
936,24,0,0,0,7.168000098317862,4,4,0,0,40,0,0,40,1.391
936,24,0,1,0,86.01599931716919,4,4,0,0,40,0,0,40,1.391
936,24,0,2,0,9.216000325977802,4,4,0,0,40,0,0,40,1.391
936,24,0,3,0,4.095999989658594,4,4,0,0,40,0,0,40,1.391
936,40,0,0,1,14.336000196635723,4,4,0,1,39,0,0,40,78.25
936,40,0,1,1,95.23200243711472,4,4,0,1,39,0,0,40,78.25
936,40,0,2,1,8.191999979317188,4,4,0,1,39,0,0,40,78.25
936,40,0,3,1,5.119999870657921,4,4,0,1,39,0,0,40,78.25
937,2,0,0,0,9.216000325977802,3,3,0,0,30,0,0,30,1.5
937,2,0,1,0,70.65600156784058,3,3,0,0,30,0,0,30,1.5
937,2,0,2,0,8.191999979317188,3,3,0,0,30,0,0,30,1.5
937,2,0,3,0,5.119999870657921,3,3,0,0,30,0,0,30,1.5
937,24,0,0,0,8.191999979317188,3,3,0,0,30,0,0,30,1.3
937,24,0,1,0,68.60800087451935,3,3,0,0,30,0,0,30,1.3
937,24,0,2,0,9.216000325977802,3,3,0,0,30,0,0,30,1.3
937,24,0,3,0,4.095999989658594,3,3,0,0,30,0,0,30,1.3
937,40,0,0,1,8.191999979317188,3,3,0,0,30,0,0,30,0.98
937,40,0,1,1,71.68000191450119,3,3,0,0,30,0,0,30,0.98
937,40,0,2,1,9.216000325977802,3,3,0,0,30,0,0,30,0.98
937,40,0,3,1,4.095999989658594,3,3,0,0,30,0,0,30,0.98
938,2,0,0,0,15.359999611973763,4,4,0,0,40,0,0,40,1.62
938,2,0,1,0,72.7040022611618,4,4,0,0,40,0,0,40,1.62
938,2,0,2,0,9.216000325977802,4,4,0,0,40,0,0,40,1.62
938,2,0,3,0,5.119999870657921,4,4,0,0,40,0,0,40,1.62
938,24,0,0,0,9.216000325977802,4,4,0,0,40,0,0,40,1.74
938,24,0,1,0,78.84799689054489,4,4,0,0,40,0,0,40,1.74
938,24,0,2,0,8.191999979317188,4,4,0,0,40,0,0,40,1.74
938,24,0,3,0,5.119999870657921,4,4,0,0,40,0,0,40,1.74
938,40,0,0,1,985.0879907608032,4,4,0,1,39,0,0,40,76.12
938,40,0,1,1,72.7040022611618,4,4,0,1,39,0,0,40,76.12
938,40,0,2,1,9.216000325977802,4,4,0,1,39,0,0,40,76.12
938,40,0,3,1,4.095999989658594,4,4,0,1,39,0,0,40,76.12
939,2,0,0,0,15.359999611973763,4,4,0,0,40,0,0,40,2.18
939,2,0,1,0,81.91999793052673,4,4,0,0,40,0,0,40,2.18
939,2,0,2,0,8.191999979317188,4,4,0,0,40,0,0,40,2.18
939,2,0,3,0,6.144000217318535,4,4,0,0,40,0,0,40,2.18
939,24,0,0,0,8.191999979317188,4,4,0,1,39,0,0,40,60.099
939,24,0,1,0,77.82399654388428,4,4,0,1,39,0,0,40,60.099
939,24,0,2,0,8.191999979317188,4,4,0,1,39,0,0,40,60.099
939,24,0,3,0,4.095999989658594,4,4,0,1,39,0,0,40,60.099
939,40,0,0,1,8.191999979317188,4,4,0,3,37,0,0,40,169.499
939,40,0,1,1,76.80000364780426,4,4,0,3,37,0,0,40,169.499
939,40,0,2,1,10.239999741315842,4,4,0,3,37,0,0,40,169.499
939,40,0,3,1,69.63200122117996,4,4,0,3,37,0,0,40,169.499
940,2,0,0,0,9.216000325977802,4,4,0,1,39,0,0,40,67.129
940,2,0,1,0,65.5359998345375,4,4,0,1,39,0,0,40,67.129
940,2,0,2,0,9.216000325977802,4,4,0,1,39,0,0,40,67.129
940,2,0,3,0,5.119999870657921,4,4,0,1,39,0,0,40,67.129
940,24,0,0,0,8.191999979317188,4,4,0,1,39,0,0,40,60.02
940,24,0,1,0,81.91999793052673,4,4,0,1,39,0,0,40,60.02
940,24,0,2,0,9.216000325977802,4,4,0,1,39,0,0,40,60.02
940,24,0,3,0,4.095999989658594,4,4,0,1,39,0,0,40,60.02
940,40,0,0,1,9.216000325977802,4,4,0,0,40,0,0,40,1.47
940,40,0,1,1,79.8719972372055,4,4,0,0,40,0,0,40,1.47
940,40,0,2,1,9.216000325977802,4,4,0,0,40,0,0,40,1.47
940,40,0,3,1,4.095999989658594,4,4,0,0,40,0,0,40,1.47
941,2,0,0,0,8.191999979317188,4,4,0,1,39,0,0,40,86.38
941,2,0,1,0,90.11200070381165,4,4,0,1,39,0,0,40,86.38
941,2,0,2,0,9.216000325977802,4,4,0,1,39,0,0,40,86.38
941,2,0,3,0,5.119999870657921,4,4,0,1,39,0,0,40,86.38
941,24,0,0,0,8.191999979317188,4,4,0,2,38,0,0,40,105.059
941,24,0,1,0,82.94399827718735,4,4,0,2,38,0,0,40,105.059
941,24,0,2,0,9.216000325977802,4,4,0,2,38,0,0,40,105.059
941,24,0,3,0,4.095999989658594,4,4,0,2,38,0,0,40,105.059
941,40,0,0,1,14.336000196635723,4,4,0,0,40,0,0,40,2.891
941,40,0,1,1,81.91999793052673,4,4,0,0,40,0,0,40,2.891
941,40,0,2,1,9.216000325977802,4,4,0,0,40,0,0,40,2.891
941,40,0,3,1,4.095999989658594,4,4,0,0,40,0,0,40,2.891
942,2,0,0,0,9.216000325977802,4,4,0,1,39,0,0,40,58.839
942,2,0,1,0,81.91999793052673,4,4,0,1,39,0,0,40,58.839
942,2,0,2,0,9.216000325977802,4,4,0,1,39,0,0,40,58.839
942,2,0,3,0,6.144000217318535,4,4,0,1,39,0,0,40,58.839
942,24,0,0,0,7.168000098317862,4,4,0,1,39,0,0,40,65.44
942,24,0,1,0,83.96799862384796,4,4,0,1,39,0,0,40,65.44
942,24,0,2,0,9.216000325977802,4,4,0,1,39,0,0,40,65.44
942,24,0,3,0,4.095999989658594,4,4,0,1,39,0,0,40,65.44
942,40,0,0,1,8.191999979317188,4,4,0,1,39,0,0,40,75.429
942,40,0,1,1,84.99199897050858,4,4,0,1,39,0,0,40,75.429
942,40,0,2,1,9.216000325977802,4,4,0,1,39,0,0,40,75.429
942,40,0,3,1,5.119999870657921,4,4,0,1,39,0,0,40,75.429
943,2,0,0,0,10.239999741315842,1,1,0,1,9,0,0,10,56.909
943,2,0,1,0,30.719999223947525,1,1,0,1,9,0,0,10,56.909
943,2,0,2,0,9.216000325977802,1,1,0,1,9,0,0,10,56.909
943,2,0,3,0,5.119999870657921,1,1,0,1,9,0,0,10,56.909
943,24,0,0,0,7.168000098317862,1,1,0,1,9,0,0,10,44.919
943,24,0,1,0,29.69600073993206,1,1,0,1,9,0,0,10,44.919
943,24,0,2,0,9.216000325977802,1,1,0,1,9,0,0,10,44.919
943,24,0,3,0,4.095999989658594,1,1,0,1,9,0,0,10,44.919
943,40,0,0,1,10.239999741315842,1,1,0,0,10,0,0,10,0.52
943,40,0,1,1,34.81600061058998,1,1,0,0,10,0,0,10,0.52
943,40,0,2,1,9.216000325977802,1,1,0,0,10,0,0,10,0.52
943,40,0,3,1,5.119999870657921,1,1,0,0,10,0,0,10,0.52
944,2,0,0,0,9.216000325977802,4,4,0,2,38,0,0,40,110.47
944,2,0,1,0,81.91999793052673,4,4,0,2,38,0,0,40,110.47
944,2,0,2,0,8.191999979317188,4,4,0,2,38,0,0,40,110.47
944,2,0,3,0,7.168000098317862,4,4,0,2,38,0,0,40,110.47
944,24,0,0,0,8.191999979317188,4,4,0,2,38,0,0,40,108.7
944,24,0,1,0,78.84799689054489,4,4,0,2,38,0,0,40,108.7
944,24,0,2,0,9.216000325977802,4,4,0,2,38,0,0,40,108.7
944,24,0,3,0,9.216000325977802,4,4,0,2,38,0,0,40,108.7
944,40,0,0,1,39.93599861860275,4,4,0,1,39,0,0,40,70.35
944,40,0,1,1,91.13600105047226,4,4,0,1,39,0,0,40,70.35
944,40,0,2,1,9.216000325977802,4,4,0,1,39,0,0,40,70.35
944,40,0,3,1,4.095999989658594,4,4,0,1,39,0,0,40,70.35
945,2,0,0,0,8.191999979317188,4,4,0,1,39,0,0,40,53.15
945,2,0,1,0,87.0399996638298,4,4,0,1,39,0,0,40,53.15
945,2,0,2,0,9.216000325977802,4,4,0,1,39,0,0,40,53.15
945,2,0,3,0,5.119999870657921,4,4,0,1,39,0,0,40,53.15
945,24,0,0,0,8.191999979317188,4,4,0,2,38,0,0,40,95.231
945,24,0,1,0,77.82399654388428,4,4,0,2,38,0,0,40,95.231
945,24,0,2,0,9.216000325977802,4,4,0,2,38,0,0,40,95.231
945,24,0,3,0,6.144000217318535,4,4,0,2,38,0,0,40,95.231
945,40,0,0,1,8.191999979317188,4,4,0,1,39,0,0,40,74.409
945,40,0,1,1,92.16000139713287,4,4,0,1,39,0,0,40,74.409
945,40,0,2,1,9.216000325977802,4,4,0,1,39,0,0,40,74.409
945,40,0,3,1,4.095999989658594,4,4,0,1,39,0,0,40,74.409
946,2,0,0,0,10.239999741315842,4,4,0,1,39,0,0,40,70.73
946,2,0,1,0,82.94399827718735,4,4,0,1,39,0,0,40,70.73
946,2,0,2,0,9.216000325977802,4,4,0,1,39,0,0,40,70.73
946,2,0,3,0,6.144000217318535,4,4,0,1,39,0,0,40,70.73
946,24,0,0,0,7.168000098317862,4,4,0,1,39,0,0,40,59.49
946,24,0,1,0,76.80000364780426,4,4,0,1,39,0,0,40,59.49
946,24,0,2,0,9.216000325977802,4,4,0,1,39,0,0,40,59.49
946,24,0,3,0,4.095999989658594,4,4,0,1,39,0,0,40,59.49
946,40,0,0,1,14.336000196635723,4,4,0,0,40,0,0,40,3.849
946,40,0,1,1,74.75200295448303,4,4,0,0,40,0,0,40,3.849
946,40,0,2,1,8.191999979317188,4,4,0,0,40,0,0,40,3.849
946,40,0,3,1,4.095999989658594,4,4,0,0,40,0,0,40,3.849
947,2,0,0,0,8.191999979317188,4,4,0,0,40,0,0,40,1.71
947,2,0,1,0,78.84799689054489,4,4,0,0,40,0,0,40,1.71
947,2,0,2,0,9.216000325977802,4,4,0,0,40,0,0,40,1.71
947,2,0,3,0,6.144000217318535,4,4,0,0,40,0,0,40,1.71
947,24,0,0,0,8.191999979317188,4,4,0,0,40,0,0,40,1.7
947,24,0,1,0,89.08800035715103,4,4,0,0,40,0,0,40,1.7
947,24,0,2,0,9.216000325977802,4,4,0,0,40,0,0,40,1.7
947,24,0,3,0,4.095999989658594,4,4,0,0,40,0,0,40,1.7
947,40,0,0,1,14.336000196635723,4,4,0,0,40,0,0,40,2.111
947,40,0,1,1,95.23200243711472,4,4,0,0,40,0,0,40,2.111
947,40,0,2,1,9.216000325977802,4,4,0,0,40,0,0,40,2.111
947,40,0,3,1,4.095999989658594,4,4,0,0,40,0,0,40,2.111
948,2,0,0,0,8.191999979317188,4,4,0,1,39,0,0,40,78.63
948,2,0,1,0,86.01599931716919,4,4,0,1,39,0,0,40,78.63
948,2,0,2,0,9.216000325977802,4,4,0,1,39,0,0,40,78.63
948,2,0,3,0,6.144000217318535,4,4,0,1,39,0,0,40,78.63
948,24,0,0,0,7.168000098317862,4,4,0,2,38,0,0,40,86.64
948,24,0,1,0,87.0399996638298,4,4,0,2,38,0,0,40,86.64
948,24,0,2,0,9.216000325977802,4,4,0,2,38,0,0,40,86.64
948,24,0,3,0,4.095999989658594,4,4,0,2,38,0,0,40,86.64
948,40,0,0,1,8.191999979317188,4,4,0,2,38,0,0,40,213.659
948,40,0,1,1,66.56000018119812,4,4,0,2,38,0,0,40,213.659
948,40,0,2,1,9.216000325977802,4,4,0,2,38,0,0,40,213.659
948,40,0,3,1,124.92799758911133,4,4,0,2,38,0,0,40,213.659
949,2,0,0,0,8.191999979317188,4,4,0,2,38,0,0,40,101.1
949,2,0,1,0,76.80000364780426,4,4,0,2,38,0,0,40,101.1
949,2,0,2,0,10.239999741315842,4,4,0,2,38,0,0,40,101.1
949,2,0,3,0,5.119999870657921,4,4,0,2,38,0,0,40,101.1
949,24,0,0,0,7.168000098317862,4,4,0,1,39,0,0,40,51.79
949,24,0,1,0,77.82399654388428,4,4,0,1,39,0,0,40,51.79
949,24,0,2,0,9.216000325977802,4,4,0,1,39,0,0,40,51.79
949,24,0,3,0,4.095999989658594,4,4,0,1,39,0,0,40,51.79
949,40,0,0,1,8.191999979317188,4,4,0,1,39,0,0,40,78.539
949,40,0,1,1,83.96799862384796,4,4,0,1,39,0,0,40,78.539
949,40,0,2,1,8.191999979317188,4,4,0,1,39,0,0,40,78.539
949,40,0,3,1,4.095999989658594,4,4,0,1,39,0,0,40,78.539
950,2,0,0,0,8.191999979317188,4,4,0,1,39,0,0,40,73.03
950,2,0,1,0,69.63200122117996,4,4,0,1,39,0,0,40,73.03
950,2,0,2,0,9.216000325977802,4,4,0,1,39,0,0,40,73.03
950,2,0,3,0,5.119999870657921,4,4,0,1,39,0,0,40,73.03
950,24,0,0,0,1297.4079847335815,4,4,0,0,40,0,0,40,2.031
950,24,0,1,0,61.43999844789505,4,4,0,0,40,0,0,40,2.031
950,24,0,2,0,9.216000325977802,4,4,0,0,40,0,0,40,2.031
950,24,0,3,0,4.095999989658594,4,4,0,0,40,0,0,40,2.031
950,40,0,0,1,307.20001459121704,4,4,0,1,39,0,0,40,70.939
950,40,0,1,1,82.94399827718735,4,4,0,1,39,0,0,40,70.939
950,40,0,2,1,8.191999979317188,4,4,0,1,39,0,0,40,70.939
950,40,0,3,1,4.095999989658594,4,4,0,1,39,0,0,40,70.939
951,2,0,0,0,8.191999979317188,2,2,0,1,19,0,0,20,66.14
951,2,0,1,0,51.19999870657921,2,2,0,1,19,0,0,20,66.14
951,2,0,2,0,8.191999979317188,2,2,0,1,19,0,0,20,66.14
951,2,0,3,0,5.119999870657921,2,2,0,1,19,0,0,20,66.14
951,24,0,0,0,2872.3199367523193,2,2,0,0,20,0,0,20,3.351
951,24,0,1,0,45.05600035190582,2,2,0,0,20,0,0,20,3.351
951,24,0,2,0,9.216000325977802,2,2,0,0,20,0,0,20,3.351
951,24,0,3,0,4.095999989658594,2,2,0,0,20,0,0,20,3.351
951,40,0,0,1,9.216000325977802,2,2,0,0,20,0,0,20,2.05
951,40,0,1,1,44.03200000524521,2,2,0,0,20,0,0,20,2.05
951,40,0,2,1,10.239999741315842,2,2,0,0,20,0,0,20,2.05
951,40,0,3,1,4.095999989658594,2,2,0,0,20,0,0,20,2.05
952,2,0,0,0,13.311999849975109,4,4,0,0,40,0,0,40,1.85
952,2,0,1,0,74.75200295448303,4,4,0,0,40,0,0,40,1.85
952,2,0,2,0,8.191999979317188,4,4,0,0,40,0,0,40,1.85
952,2,0,3,0,6.144000217318535,4,4,0,0,40,0,0,40,1.85
952,24,0,0,0,7.168000098317862,4,4,0,0,40,0,0,40,3.48
952,24,0,1,0,76.80000364780426,4,4,0,0,40,0,0,40,3.48
952,24,0,2,0,9.216000325977802,4,4,0,0,40,0,0,40,3.48
952,24,0,3,0,4.095999989658594,4,4,0,0,40,0,0,40,3.48
952,40,0,0,1,14.336000196635723,4,4,0,0,40,0,0,40,1.64
952,40,0,1,1,80.89599758386612,4,4,0,0,40,0,0,40,1.64
952,40,0,2,1,9.216000325977802,4,4,0,0,40,0,0,40,1.64
952,40,0,3,1,3.0720001086592674,4,4,0,0,40,0,0,40,1.64
953,2,0,0,0,3092.479944229126,1,1,0,0,10,0,0,10,0.869
953,2,0,1,0,32.76799991726875,1,1,0,0,10,0,0,10,0.869
953,2,0,2,0,8.191999979317188,1,1,0,0,10,0,0,10,0.869
953,2,0,3,0,4.095999989658594,1,1,0,0,10,0,0,10,0.869
953,24,0,0,0,8.191999979317188,1,1,0,0,10,0,0,10,0.31
953,24,0,1,0,32.76799991726875,1,1,0,0,10,0,0,10,0.31
953,24,0,2,0,8.191999979317188,1,1,0,0,10,0,0,10,0.31
953,24,0,3,0,3.0720001086592674,1,1,0,0,10,0,0,10,0.31
953,40,0,0,1,8.191999979317188,1,1,0,0,10,0,0,10,0.32
953,40,0,1,1,34.81600061058998,1,1,0,0,10,0,0,10,0.32
953,40,0,2,1,9.216000325977802,1,1,0,0,10,0,0,10,0.32
953,40,0,3,1,4.095999989658594,1,1,0,0,10,0,0,10,0.32
954,2,0,0,0,14.336000196635723,4,4,0,0,40,0,0,40,2.38
954,2,0,1,0,87.0399996638298,4,4,0,0,40,0,0,40,2.38
954,2,0,2,0,9.216000325977802,4,4,0,0,40,0,0,40,2.38
954,2,0,3,0,5.119999870657921,4,4,0,0,40,0,0,40,2.38
954,24,0,0,0,8.191999979317188,4,4,0,0,40,0,0,40,1.42
954,24,0,1,0,63.48799914121628,4,4,0,0,40,0,0,40,1.42
954,24,0,2,0,8.191999979317188,4,4,0,0,40,0,0,40,1.42
954,24,0,3,0,4.095999989658594,4,4,0,0,40,0,0,40,1.42
954,40,0,0,1,15.359999611973763,4,4,0,0,40,0,0,40,3.11
954,40,0,1,1,76.80000364780426,4,4,0,0,40,0,0,40,3.11
954,40,0,2,1,9.216000325977802,4,4,0,0,40,0,0,40,3.11
954,40,0,3,1,4.095999989658594,4,4,0,0,40,0,0,40,3.11
955,2,0,0,0,15.359999611973763,4,4,0,0,40,0,0,40,1.79
955,2,0,1,0,80.89599758386612,4,4,0,0,40,0,0,40,1.79
955,2,0,2,0,8.191999979317188,4,4,0,0,40,0,0,40,1.79
955,2,0,3,0,6.144000217318535,4,4,0,0,40,0,0,40,1.79
955,24,0,0,0,8.191999979317188,4,4,0,0,40,0,0,40,1.729
955,24,0,1,0,61.43999844789505,4,4,0,0,40,0,0,40,1.729
955,24,0,2,0,9.216000325977802,4,4,0,0,40,0,0,40,1.729
955,24,0,3,0,4.095999989658594,4,4,0,0,40,0,0,40,1.729
955,40,0,0,1,8.191999979317188,4,4,0,1,39,0,0,40,103.729
955,40,0,1,1,79.8719972372055,4,4,0,1,39,0,0,40,103.729
955,40,0,2,1,9.216000325977802,4,4,0,1,39,0,0,40,103.729
955,40,0,3,1,4.095999989658594,4,4,0,1,39,0,0,40,103.729
956,2,0,0,0,14.336000196635723,4,4,0,1,39,0,0,40,68.4
956,2,0,1,0,75.77600330114365,4,4,0,1,39,0,0,40,68.4
956,2,0,2,0,8.191999979317188,4,4,0,1,39,0,0,40,68.4
956,2,0,3,0,5.119999870657921,4,4,0,1,39,0,0,40,68.4
956,24,0,0,0,8.191999979317188,4,4,0,0,40,0,0,40,1.871
956,24,0,1,0,78.84799689054489,4,4,0,0,40,0,0,40,1.871
956,24,0,2,0,9.216000325977802,4,4,0,0,40,0,0,40,1.871
956,24,0,3,0,4.095999989658594,4,4,0,0,40,0,0,40,1.871
956,40,0,0,1,9.216000325977802,4,4,0,2,38,0,0,40,309.468
956,40,0,1,1,59.39200147986412,4,4,0,2,38,0,0,40,309.468
956,40,0,2,1,8.191999979317188,4,4,0,2,38,0,0,40,309.468
956,40,0,3,1,227.32800245285034,4,4,0,2,38,0,0,40,309.468
957,2,0,0,0,8.191999979317188,1,1,0,0,10,0,0,10,0.41
957,2,0,1,0,32.76799991726875,1,1,0,0,10,0,0,10,0.41
957,2,0,2,0,9.216000325977802,1,1,0,0,10,0,0,10,0.41
957,2,0,3,0,5.119999870657921,1,1,0,0,10,0,0,10,0.41
957,24,0,0,0,8.191999979317188,1,1,0,0,10,0,0,10,0.31
957,24,0,1,0,31.74399957060814,1,1,0,0,10,0,0,10,0.31
957,24,0,2,0,9.216000325977802,1,1,0,0,10,0,0,10,0.31
957,24,0,3,0,4.095999989658594,1,1,0,0,10,0,0,10,0.31
957,40,0,0,1,9.216000325977802,1,1,0,0,10,0,0,10,0.42
957,40,0,1,1,35.840000957250595,1,1,0,0,10,0,0,10,0.42
957,40,0,2,1,8.191999979317188,1,1,0,0,10,0,0,10,0.42
957,40,0,3,1,4.095999989658594,1,1,0,0,10,0,0,10,0.42
958,2,0,0,0,16.383999958634377,4,4,0,1,39,0,0,40,70.72
958,2,0,1,0,89.08800035715103,4,4,0,1,39,0,0,40,70.72
958,2,0,2,0,8.191999979317188,4,4,0,1,39,0,0,40,70.72
958,2,0,3,0,5.119999870657921,4,4,0,1,39,0,0,40,70.72
958,24,0,0,0,8.191999979317188,4,4,0,0,40,0,0,40,3.569
958,24,0,1,0,59.39200147986412,4,4,0,0,40,0,0,40,3.569
958,24,0,2,0,9.216000325977802,4,4,0,0,40,0,0,40,3.569
958,24,0,3,0,4.095999989658594,4,4,0,0,40,0,0,40,3.569
958,40,0,0,1,14.336000196635723,4,4,0,0,40,0,0,40,1.431
958,40,0,1,1,57.34400078654289,4,4,0,0,40,0,0,40,1.431
958,40,0,2,1,9.216000325977802,4,4,0,0,40,0,0,40,1.431
958,40,0,3,1,4.095999989658594,4,4,0,0,40,0,0,40,1.431
959,2,0,0,0,9.216000325977802,1,1,0,1,9,0,0,10,51.0
959,2,0,1,0,30.719999223947525,1,1,0,1,9,0,0,10,51.0
959,2,0,2,0,9.216000325977802,1,1,0,1,9,0,0,10,51.0
959,2,0,3,0,5.119999870657921,1,1,0,1,9,0,0,10,51.0
959,24,0,0,0,7.168000098317862,1,1,0,0,10,0,0,10,0.61
959,24,0,1,0,31.74399957060814,1,1,0,0,10,0,0,10,0.61
959,24,0,2,0,9.216000325977802,1,1,0,0,10,0,0,10,0.61
959,24,0,3,0,4.095999989658594,1,1,0,0,10,0,0,10,0.61
959,40,0,0,1,8.191999979317188,1,1,0,0,10,0,0,10,0.32
959,40,0,1,1,34.81600061058998,1,1,0,0,10,0,0,10,0.32
959,40,0,2,1,9.216000325977802,1,1,0,0,10,0,0,10,0.32
959,40,0,3,1,4.095999989658594,1,1,0,0,10,0,0,10,0.32
960,2,0,0,0,9.216000325977802,1,1,0,0,10,0,0,10,0.79
960,2,0,1,0,31.74399957060814,1,1,0,0,10,0,0,10,0.79
960,2,0,2,0,9.216000325977802,1,1,0,0,10,0,0,10,0.79
960,2,0,3,0,5.119999870657921,1,1,0,0,10,0,0,10,0.79
960,24,0,0,0,8.191999979317188,1,1,0,0,10,0,0,10,1.029
960,24,0,1,0,31.74399957060814,1,1,0,0,10,0,0,10,1.029
960,24,0,2,0,9.216000325977802,1,1,0,0,10,0,0,10,1.029
960,24,0,3,0,4.095999989658594,1,1,0,0,10,0,0,10,1.029
960,40,0,0,1,9.216000325977802,1,1,0,0,10,0,0,10,2.52
960,40,0,1,1,34.81600061058998,1,1,0,0,10,0,0,10,2.52
960,40,0,2,1,9.216000325977802,1,1,0,0,10,0,0,10,2.52
960,40,0,3,1,4.095999989658594,1,1,0,0,10,0,0,10,2.52
961,2,0,0,0,9.216000325977802,1,1,0,0,10,0,0,10,0.8
961,2,0,1,0,31.74399957060814,1,1,0,0,10,0,0,10,0.8
961,2,0,2,0,8.191999979317188,1,1,0,0,10,0,0,10,0.8
961,2,0,3,0,5.119999870657921,1,1,0,0,10,0,0,10,0.8
961,24,0,0,0,8.191999979317188,1,1,0,0,10,0,0,10,1.15
961,24,0,1,0,31.74399957060814,1,1,0,0,10,0,0,10,1.15
961,24,0,2,0,9.216000325977802,1,1,0,0,10,0,0,10,1.15
961,24,0,3,0,4.095999989658594,1,1,0,0,10,0,0,10,1.15
961,40,0,0,1,10.239999741315842,1,1,0,0,10,0,0,10,0.709
961,40,0,1,1,35.840000957250595,1,1,0,0,10,0,0,10,0.709
961,40,0,2,1,8.191999979317188,1,1,0,0,10,0,0,10,0.709
961,40,0,3,1,4.095999989658594,1,1,0,0,10,0,0,10,0.709
962,2,0,0,0,14.336000196635723,4,4,0,0,40,0,0,40,5.451
962,2,0,1,0,82.94399827718735,4,4,0,0,40,0,0,40,5.451
962,2,0,2,0,9.216000325977802,4,4,0,0,40,0,0,40,5.451
962,2,0,3,0,7.168000098317862,4,4,0,0,40,0,0,40,5.451
962,24,0,0,0,8.191999979317188,4,4,0,0,40,0,0,40,3.62
962,24,0,1,0,86.01599931716919,4,4,0,0,40,0,0,40,3.62
962,24,0,2,0,9.216000325977802,4,4,0,0,40,0,0,40,3.62
962,24,0,3,0,5.119999870657921,4,4,0,0,40,0,0,40,3.62
962,40,0,0,1,8.191999979317188,4,4,0,1,39,0,0,40,110.14
962,40,0,1,1,68.60800087451935,4,4,0,1,39,0,0,40,110.14
962,40,0,2,1,9.216000325977802,4,4,0,1,39,0,0,40,110.14
962,40,0,3,1,20.479999482631683,4,4,0,1,39,0,0,40,110.14
963,2,0,0,0,9.216000325977802,1,1,0,0,10,0,0,10,0.78
963,2,0,1,0,31.74399957060814,1,1,0,0,10,0,0,10,0.78
963,2,0,2,0,9.216000325977802,1,1,0,0,10,0,0,10,0.78
963,2,0,3,0,4.095999989658594,1,1,0,0,10,0,0,10,0.78
963,24,0,0,0,8.191999979317188,1,1,0,0,10,0,0,10,0.64
963,24,0,1,0,31.74399957060814,1,1,0,0,10,0,0,10,0.64
963,24,0,2,0,9.216000325977802,1,1,0,0,10,0,0,10,0.64
963,24,0,3,0,4.095999989658594,1,1,0,0,10,0,0,10,0.64
963,40,0,0,1,9.216000325977802,1,1,0,0,10,0,0,10,2.43
963,40,0,1,1,35.840000957250595,1,1,0,0,10,0,0,10,2.43
963,40,0,2,1,9.216000325977802,1,1,0,0,10,0,0,10,2.43
963,40,0,3,1,4.095999989658594,1,1,0,0,10,0,0,10,2.43
964,2,0,0,0,8.191999979317188,4,4,0,1,39,0,0,40,159.199
964,2,0,1,0,89.08800035715103,4,4,0,1,39,0,0,40,159.199
964,2,0,2,0,9.216000325977802,4,4,0,1,39,0,0,40,159.199
964,2,0,3,0,51.19999870657921,4,4,0,1,39,0,0,40,159.199
964,24,0,0,0,8.191999979317188,4,4,0,0,40,0,0,40,3.21
964,24,0,1,0,54.27199974656105,4,4,0,0,40,0,0,40,3.21
964,24,0,2,0,9.216000325977802,4,4,0,0,40,0,0,40,3.21
964,24,0,3,0,4.095999989658594,4,4,0,0,40,0,0,40,3.21
964,40,0,0,1,14.336000196635723,4,4,0,0,40,0,0,40,1.52
964,40,0,1,1,54.27199974656105,4,4,0,0,40,0,0,40,1.52
964,40,0,2,1,9.216000325977802,4,4,0,0,40,0,0,40,1.52
964,40,0,3,1,5.119999870657921,4,4,0,0,40,0,0,40,1.52
965,2,0,0,0,14.336000196635723,4,4,0,0,40,0,0,40,5.48
965,2,0,1,0,73.72800260782242,4,4,0,0,40,0,0,40,5.48
965,2,0,2,0,9.216000325977802,4,4,0,0,40,0,0,40,5.48
965,2,0,3,0,5.119999870657921,4,4,0,0,40,0,0,40,5.48
965,24,0,0,0,8.191999979317188,4,4,0,0,40,0,0,40,4.351
965,24,0,1,0,62.463998794555664,4,4,0,0,40,0,0,40,4.351
965,24,0,2,0,9.216000325977802,4,4,0,0,40,0,0,40,4.351
965,24,0,3,0,4.095999989658594,4,4,0,0,40,0,0,40,4.351
965,40,0,0,1,8.191999979317188,4,4,0,0,40,0,0,40,1.98
965,40,0,1,1,54.27199974656105,4,4,0,0,40,0,0,40,1.98
965,40,0,2,1,9.216000325977802,4,4,0,0,40,0,0,40,1.98
965,40,0,3,1,4.095999989658594,4,4,0,0,40,0,0,40,1.98
966,2,0,0,0,15.359999611973763,4,4,0,0,40,0,0,40,2.291
966,2,0,1,0,80.89599758386612,4,4,0,0,40,0,0,40,2.291
966,2,0,2,0,9.216000325977802,4,4,0,0,40,0,0,40,2.291
966,2,0,3,0,7.168000098317862,4,4,0,0,40,0,0,40,2.291
966,24,0,0,0,8.191999979317188,4,4,0,0,40,0,0,40,2.1
966,24,0,1,0,79.8719972372055,4,4,0,0,40,0,0,40,2.1
966,24,0,2,0,9.216000325977802,4,4,0,0,40,0,0,40,2.1
966,24,0,3,0,4.095999989658594,4,4,0,0,40,0,0,40,2.1
966,40,0,0,1,13.311999849975109,4,4,0,0,40,0,0,40,4.491
966,40,0,1,1,81.91999793052673,4,4,0,0,40,0,0,40,4.491
966,40,0,2,1,8.191999979317188,4,4,0,0,40,0,0,40,4.491
966,40,0,3,1,4.095999989658594,4,4,0,0,40,0,0,40,4.491
967,2,0,0,0,9.216000325977802,3,3,0,2,28,0,0,30,151.879
967,2,0,1,0,63.48799914121628,3,3,0,2,28,0,0,30,151.879
967,2,0,2,0,9.216000325977802,3,3,0,2,28,0,0,30,151.879
967,2,0,3,0,75.77600330114365,3,3,0,2,28,0,0,30,151.879
967,24,0,0,0,7.168000098317862,3,3,0,0,30,0,0,30,1.52
967,24,0,1,0,52.22399905323982,3,3,0,0,30,0,0,30,1.52
967,24,0,2,0,8.191999979317188,3,3,0,0,30,0,0,30,1.52
967,24,0,3,0,4.095999989658594,3,3,0,0,30,0,0,30,1.52
967,40,0,0,1,8.191999979317188,3,3,0,0,30,0,0,30,1.9
967,40,0,1,1,51.19999870657921,3,3,0,0,30,0,0,30,1.9
967,40,0,2,1,9.216000325977802,3,3,0,0,30,0,0,30,1.9
967,40,0,3,1,4.095999989658594,3,3,0,0,30,0,0,30,1.9
968,2,0,0,0,15.359999611973763,2,2,0,0,20,0,0,20,1.21
968,2,0,1,0,44.03200000524521,2,2,0,0,20,0,0,20,1.21
968,2,0,2,0,9.216000325977802,2,2,0,0,20,0,0,20,1.21
968,2,0,3,0,4.095999989658594,2,2,0,0,20,0,0,20,1.21
968,24,0,0,0,8.191999979317188,2,2,0,0,20,0,0,20,0.94
968,24,0,1,0,47.10400104522705,2,2,0,0,20,0,0,20,0.94
968,24,0,2,0,8.191999979317188,2,2,0,0,20,0,0,20,0.94
968,24,0,3,0,4.095999989658594,2,2,0,0,20,0,0,20,0.94
968,40,0,0,1,16.383999958634377,2,2,0,0,20,0,0,20,1.21
968,40,0,1,1,46.08000069856644,2,2,0,0,20,0,0,20,1.21
968,40,0,2,1,9.216000325977802,2,2,0,0,20,0,0,20,1.21
968,40,0,3,1,4.095999989658594,2,2,0,0,20,0,0,20,1.21
969,2,0,0,0,15.359999611973763,4,4,0,1,39,0,0,40,80.169
969,2,0,1,0,84.99199897050858,4,4,0,1,39,0,0,40,80.169
969,2,0,2,0,8.191999979317188,4,4,0,1,39,0,0,40,80.169
969,2,0,3,0,6.144000217318535,4,4,0,1,39,0,0,40,80.169
969,24,0,0,0,8.191999979317188,4,4,0,0,40,0,0,40,3.66
969,24,0,1,0,53.247999399900436,4,4,0,0,40,0,0,40,3.66
969,24,0,2,0,9.216000325977802,4,4,0,0,40,0,0,40,3.66
969,24,0,3,0,4.095999989658594,4,4,0,0,40,0,0,40,3.66
969,40,0,0,1,14.336000196635723,4,4,0,0,40,0,0,40,2.08
969,40,0,1,1,50.175998359918594,4,4,0,0,40,0,0,40,2.08
969,40,0,2,1,9.216000325977802,4,4,0,0,40,0,0,40,2.08
969,40,0,3,1,4.095999989658594,4,4,0,0,40,0,0,40,2.08
970,2,0,0,0,9.216000325977802,1,1,0,0,10,0,0,10,0.68
970,2,0,1,0,31.74399957060814,1,1,0,0,10,0,0,10,0.68
970,2,0,2,0,8.191999979317188,1,1,0,0,10,0,0,10,0.68
970,2,0,3,0,5.119999870657921,1,1,0,0,10,0,0,10,0.68
970,24,0,0,0,8.191999979317188,1,1,0,0,10,0,0,10,0.44
970,24,0,1,0,31.74399957060814,1,1,0,0,10,0,0,10,0.44
970,24,0,2,0,9.216000325977802,1,1,0,0,10,0,0,10,0.44
970,24,0,3,0,4.095999989658594,1,1,0,0,10,0,0,10,0.44
970,40,0,0,1,9.216000325977802,1,1,0,0,10,0,0,10,0.47
970,40,0,1,1,34.81600061058998,1,1,0,0,10,0,0,10,0.47
970,40,0,2,1,9.216000325977802,1,1,0,0,10,0,0,10,0.47
970,40,0,3,1,4.095999989658594,1,1,0,0,10,0,0,10,0.47
971,2,0,0,0,15.359999611973763,4,4,0,0,40,0,0,40,2.7
971,2,0,1,0,80.89599758386612,4,4,0,0,40,0,0,40,2.7
971,2,0,2,0,9.216000325977802,4,4,0,0,40,0,0,40,2.7
971,2,0,3,0,7.168000098317862,4,4,0,0,40,0,0,40,2.7
971,24,0,0,0,8.191999979317188,4,4,0,0,40,0,0,40,3.89
971,24,0,1,0,56.32000043988228,4,4,0,0,40,0,0,40,3.89
971,24,0,2,0,9.216000325977802,4,4,0,0,40,0,0,40,3.89
971,24,0,3,0,4.095999989658594,4,4,0,0,40,0,0,40,3.89
971,40,0,0,1,15.359999611973763,4,4,0,0,40,0,0,40,2.5
971,40,0,1,1,64.51199948787689,4,4,0,0,40,0,0,40,2.5
971,40,0,2,1,9.216000325977802,4,4,0,0,40,0,0,40,2.5
971,40,0,3,1,4.095999989658594,4,4,0,0,40,0,0,40,2.5
972,2,0,0,0,9.216000325977802,4,4,0,1,39,0,0,40,70.519
972,2,0,1,0,70.65600156784058,4,4,0,1,39,0,0,40,70.519
972,2,0,2,0,8.191999979317188,4,4,0,1,39,0,0,40,70.519
972,2,0,3,0,5.119999870657921,4,4,0,1,39,0,0,40,70.519
972,24,0,0,0,8.191999979317188,4,4,0,0,40,0,0,40,3.711
972,24,0,1,0,61.43999844789505,4,4,0,0,40,0,0,40,3.711
972,24,0,2,0,8.191999979317188,4,4,0,0,40,0,0,40,3.711
972,24,0,3,0,5.119999870657921,4,4,0,0,40,0,0,40,3.711
972,40,0,0,1,8.191999979317188,4,4,0,1,39,0,0,40,86.539
972,40,0,1,1,70.65600156784058,4,4,0,1,39,0,0,40,86.539
972,40,0,2,1,9.216000325977802,4,4,0,1,39,0,0,40,86.539
972,40,0,3,1,4.095999989658594,4,4,0,1,39,0,0,40,86.539
973,2,0,0,0,8.191999979317188,4,4,0,1,39,0,0,40,60.479
973,2,0,1,0,91.13600105047226,4,4,0,1,39,0,0,40,60.479
973,2,0,2,0,9.216000325977802,4,4,0,1,39,0,0,40,60.479
973,2,0,3,0,6.144000217318535,4,4,0,1,39,0,0,40,60.479
973,24,0,0,0,8.191999979317188,4,4,0,0,40,0,0,40,2.109
973,24,0,1,0,68.60800087451935,4,4,0,0,40,0,0,40,2.109
973,24,0,2,0,9.216000325977802,4,4,0,0,40,0,0,40,2.109
973,24,0,3,0,4.095999989658594,4,4,0,0,40,0,0,40,2.109
973,40,0,0,1,14.336000196635723,4,4,0,0,40,0,0,40,1.8
973,40,0,1,1,77.82399654388428,4,4,0,0,40,0,0,40,1.8
973,40,0,2,1,9.216000325977802,4,4,0,0,40,0,0,40,1.8
973,40,0,3,1,4.095999989658594,4,4,0,0,40,0,0,40,1.8
974,2,0,0,0,15.359999611973763,4,4,0,0,40,0,0,40,4.3
974,2,0,1,0,88.06400001049042,4,4,0,0,40,0,0,40,4.3
974,2,0,2,0,9.216000325977802,4,4,0,0,40,0,0,40,4.3
974,2,0,3,0,5.119999870657921,4,4,0,0,40,0,0,40,4.3
974,24,0,0,0,8.191999979317188,4,4,0,0,40,0,0,40,2.1
974,24,0,1,0,65.5359998345375,4,4,0,0,40,0,0,40,2.1
974,24,0,2,0,9.216000325977802,4,4,0,0,40,0,0,40,2.1
974,24,0,3,0,4.095999989658594,4,4,0,0,40,0,0,40,2.1
974,40,0,0,1,15.359999611973763,4,4,0,0,40,0,0,40,1.911
974,40,0,1,1,66.56000018119812,4,4,0,0,40,0,0,40,1.911
974,40,0,2,1,9.216000325977802,4,4,0,0,40,0,0,40,1.911
974,40,0,3,1,4.095999989658594,4,4,0,0,40,0,0,40,1.911
975,2,0,0,0,9.216000325977802,1,1,0,0,10,0,0,10,0.56
975,2,0,1,0,31.74399957060814,1,1,0,0,10,0,0,10,0.56
975,2,0,2,0,8.191999979317188,1,1,0,0,10,0,0,10,0.56
975,2,0,3,0,4.095999989658594,1,1,0,0,10,0,0,10,0.56
975,24,0,0,0,8.191999979317188,1,1,0,0,10,0,0,10,0.4
975,24,0,1,0,31.74399957060814,1,1,0,0,10,0,0,10,0.4
975,24,0,2,0,8.191999979317188,1,1,0,0,10,0,0,10,0.4
975,24,0,3,0,4.095999989658594,1,1,0,0,10,0,0,10,0.4
975,40,0,0,1,8.191999979317188,1,1,0,0,10,0,0,10,0.5
975,40,0,1,1,35.840000957250595,1,1,0,0,10,0,0,10,0.5
975,40,0,2,1,9.216000325977802,1,1,0,0,10,0,0,10,0.5
975,40,0,3,1,4.095999989658594,1,1,0,0,10,0,0,10,0.5
976,2,0,0,0,14.336000196635723,4,4,0,0,40,0,0,40,2.7
976,2,0,1,0,66.56000018119812,4,4,0,0,40,0,0,40,2.7
976,2,0,2,0,9.216000325977802,4,4,0,0,40,0,0,40,2.7
976,2,0,3,0,5.119999870657921,4,4,0,0,40,0,0,40,2.7
976,24,0,0,0,7.168000098317862,4,4,0,0,40,0,0,40,1.95
976,24,0,1,0,56.32000043988228,4,4,0,0,40,0,0,40,1.95
976,24,0,2,0,9.216000325977802,4,4,0,0,40,0,0,40,1.95
976,24,0,3,0,4.095999989658594,4,4,0,0,40,0,0,40,1.95
976,40,0,0,1,403.4560024738312,4,4,0,1,39,0,0,40,253.399
976,40,0,1,1,81.91999793052673,4,4,0,1,39,0,0,40,253.399
976,40,0,2,1,9.216000325977802,4,4,0,1,39,0,0,40,253.399
976,40,0,3,1,152.5759994983673,4,4,0,1,39,0,0,40,253.399
977,2,0,0,0,59.39200147986412,4,4,0,0,40,0,0,40,4.74
977,2,0,1,0,69.63200122117996,4,4,0,0,40,0,0,40,4.74
977,2,0,2,0,8.191999979317188,4,4,0,0,40,0,0,40,4.74
977,2,0,3,0,5.119999870657921,4,4,0,0,40,0,0,40,4.74
977,24,0,0,0,7.168000098317862,4,4,0,0,40,0,0,40,1.869
977,24,0,1,0,60.416001826524734,4,4,0,0,40,0,0,40,1.869
977,24,0,2,0,9.216000325977802,4,4,0,0,40,0,0,40,1.869
977,24,0,3,0,4.095999989658594,4,4,0,0,40,0,0,40,1.869
977,40,0,0,1,15.359999611973763,4,4,0,0,40,0,0,40,2.48
977,40,0,1,1,72.7040022611618,4,4,0,0,40,0,0,40,2.48
977,40,0,2,1,9.216000325977802,4,4,0,0,40,0,0,40,2.48
977,40,0,3,1,4.095999989658594,4,4,0,0,40,0,0,40,2.48
978,2,0,0,0,14.336000196635723,4,4,0,0,40,0,0,40,2.45
978,2,0,1,0,69.63200122117996,4,4,0,0,40,0,0,40,2.45
978,2,0,2,0,9.216000325977802,4,4,0,0,40,0,0,40,2.45
978,2,0,3,0,5.119999870657921,4,4,0,0,40,0,0,40,2.45
978,24,0,0,0,8.191999979317188,4,4,0,0,40,0,0,40,2.28
978,24,0,1,0,64.51199948787689,4,4,0,0,40,0,0,40,2.28
978,24,0,2,0,9.216000325977802,4,4,0,0,40,0,0,40,2.28
978,24,0,3,0,4.095999989658594,4,4,0,0,40,0,0,40,2.28
978,40,0,0,1,9.216000325977802,4,4,0,1,39,0,0,40,85.09
978,40,0,1,1,78.84799689054489,4,4,0,1,39,0,0,40,85.09
978,40,0,2,1,9.216000325977802,4,4,0,1,39,0,0,40,85.09
978,40,0,3,1,4.095999989658594,4,4,0,1,39,0,0,40,85.09
979,2,0,0,0,8.191999979317188,1,1,0,0,10,0,0,10,0.6
979,2,0,1,0,31.74399957060814,1,1,0,0,10,0,0,10,0.6
979,2,0,2,0,8.191999979317188,1,1,0,0,10,0,0,10,0.6
979,2,0,3,0,5.119999870657921,1,1,0,0,10,0,0,10,0.6
979,24,0,0,0,8.191999979317188,1,1,0,0,10,0,0,10,0.451
979,24,0,1,0,31.74399957060814,1,1,0,0,10,0,0,10,0.451
979,24,0,2,0,8.191999979317188,1,1,0,0,10,0,0,10,0.451
979,24,0,3,0,4.095999989658594,1,1,0,0,10,0,0,10,0.451
979,40,0,0,1,9.216000325977802,1,1,0,0,10,0,0,10,0.57
979,40,0,1,1,34.81600061058998,1,1,0,0,10,0,0,10,0.57
979,40,0,2,1,9.216000325977802,1,1,0,0,10,0,0,10,0.57
979,40,0,3,1,4.095999989658594,1,1,0,0,10,0,0,10,0.57
980,2,0,0,0,8.191999979317188,1,1,0,0,10,0,0,10,0.88
980,2,0,1,0,32.76799991726875,1,1,0,0,10,0,0,10,0.88
980,2,0,2,0,9.216000325977802,1,1,0,0,10,0,0,10,0.88
980,2,0,3,0,5.119999870657921,1,1,0,0,10,0,0,10,0.88
980,24,0,0,0,8.191999979317188,1,1,0,0,10,0,0,10,0.369
980,24,0,1,0,32.76799991726875,1,1,0,0,10,0,0,10,0.369
980,24,0,2,0,9.216000325977802,1,1,0,0,10,0,0,10,0.369
980,24,0,3,0,4.095999989658594,1,1,0,0,10,0,0,10,0.369
980,40,0,0,1,10.239999741315842,1,1,0,0,10,0,0,10,0.52
980,40,0,1,1,35.840000957250595,1,1,0,0,10,0,0,10,0.52
980,40,0,2,1,8.191999979317188,1,1,0,0,10,0,0,10,0.52
980,40,0,3,1,5.119999870657921,1,1,0,0,10,0,0,10,0.52
981,2,0,0,0,9.216000325977802,1,1,0,0,10,0,0,10,0.489
981,2,0,1,0,32.76799991726875,1,1,0,0,10,0,0,10,0.489
981,2,0,2,0,9.216000325977802,1,1,0,0,10,0,0,10,0.489
981,2,0,3,0,4.095999989658594,1,1,0,0,10,0,0,10,0.489
981,24,0,0,0,8.191999979317188,1,1,0,0,10,0,0,10,0.529
981,24,0,1,0,32.76799991726875,1,1,0,0,10,0,0,10,0.529
981,24,0,2,0,9.216000325977802,1,1,0,0,10,0,0,10,0.529
981,24,0,3,0,4.095999989658594,1,1,0,0,10,0,0,10,0.529
981,40,0,0,1,9.216000325977802,1,1,0,0,10,0,0,10,0.49
981,40,0,1,1,34.81600061058998,1,1,0,0,10,0,0,10,0.49
981,40,0,2,1,9.216000325977802,1,1,0,0,10,0,0,10,0.49
981,40,0,3,1,4.095999989658594,1,1,0,0,10,0,0,10,0.49
982,2,0,0,0,8.191999979317188,1,1,0,0,10,0,0,10,0.91
982,2,0,1,0,32.76799991726875,1,1,0,0,10,0,0,10,0.91
982,2,0,2,0,8.191999979317188,1,1,0,0,10,0,0,10,0.91
982,2,0,3,0,4.095999989658594,1,1,0,0,10,0,0,10,0.91
982,24,0,0,0,7.168000098317862,1,1,0,0,10,0,0,10,0.45
982,24,0,1,0,31.74399957060814,1,1,0,0,10,0,0,10,0.45
982,24,0,2,0,8.191999979317188,1,1,0,0,10,0,0,10,0.45
982,24,0,3,0,4.095999989658594,1,1,0,0,10,0,0,10,0.45
982,40,0,0,1,8.191999979317188,1,1,0,0,10,0,0,10,0.391
982,40,0,1,1,34.81600061058998,1,1,0,0,10,0,0,10,0.391
982,40,0,2,1,8.191999979317188,1,1,0,0,10,0,0,10,0.391
982,40,0,3,1,4.095999989658594,1,1,0,0,10,0,0,10,0.391
983,2,0,0,0,9.216000325977802,4,4,0,1,39,0,0,40,61.831
983,2,0,1,0,66.56000018119812,4,4,0,1,39,0,0,40,61.831
983,2,0,2,0,8.191999979317188,4,4,0,1,39,0,0,40,61.831
983,2,0,3,0,5.119999870657921,4,4,0,1,39,0,0,40,61.831
983,24,0,0,0,8.191999979317188,4,4,0,0,40,0,0,40,1.62
983,24,0,1,0,64.51199948787689,4,4,0,0,40,0,0,40,1.62
983,24,0,2,0,8.191999979317188,4,4,0,0,40,0,0,40,1.62
983,24,0,3,0,4.095999989658594,4,4,0,0,40,0,0,40,1.62
983,40,0,0,1,8.191999979317188,4,4,0,0,40,0,0,40,1.58
983,40,0,1,1,94.2080020904541,4,4,0,0,40,0,0,40,1.58
983,40,0,2,1,8.191999979317188,4,4,0,0,40,0,0,40,1.58
983,40,0,3,1,4.095999989658594,4,4,0,0,40,0,0,40,1.58
984,2,0,0,0,14.336000196635723,4,4,0,0,40,0,0,40,1.87
984,2,0,1,0,83.96799862384796,4,4,0,0,40,0,0,40,1.87
984,2,0,2,0,9.216000325977802,4,4,0,0,40,0,0,40,1.87
984,2,0,3,0,5.119999870657921,4,4,0,0,40,0,0,40,1.87
984,24,0,0,0,8.191999979317188,4,4,0,0,40,0,0,40,1.669
984,24,0,1,0,69.63200122117996,4,4,0,0,40,0,0,40,1.669
984,24,0,2,0,9.216000325977802,4,4,0,0,40,0,0,40,1.669
984,24,0,3,0,4.095999989658594,4,4,0,0,40,0,0,40,1.669
984,40,0,0,1,15.359999611973763,4,4,0,0,40,0,0,40,1.45
984,40,0,1,1,53.247999399900436,4,4,0,0,40,0,0,40,1.45
984,40,0,2,1,9.216000325977802,4,4,0,0,40,0,0,40,1.45
984,40,0,3,1,4.095999989658594,4,4,0,0,40,0,0,40,1.45
985,2,0,0,0,14.336000196635723,4,4,0,1,39,0,0,40,66.319
985,2,0,1,0,82.94399827718735,4,4,0,1,39,0,0,40,66.319
985,2,0,2,0,9.216000325977802,4,4,0,1,39,0,0,40,66.319
985,2,0,3,0,5.119999870657921,4,4,0,1,39,0,0,40,66.319
985,24,0,0,0,8.191999979317188,4,4,0,0,40,0,0,40,1.93
985,24,0,1,0,64.51199948787689,4,4,0,0,40,0,0,40,1.93
985,24,0,2,0,9.216000325977802,4,4,0,0,40,0,0,40,1.93
985,24,0,3,0,4.095999989658594,4,4,0,0,40,0,0,40,1.93
985,40,0,0,1,8.191999979317188,4,4,0,1,39,0,0,40,280.969
985,40,0,1,1,78.84799689054489,4,4,0,1,39,0,0,40,280.969
985,40,0,2,1,9.216000325977802,4,4,0,1,39,0,0,40,280.969
985,40,0,3,1,180.2240014076233,4,4,0,1,39,0,0,40,280.969
986,2,0,0,0,15.359999611973763,4,4,0,1,39,0,0,40,60.16
986,2,0,1,0,79.8719972372055,4,4,0,1,39,0,0,40,60.16
986,2,0,2,0,9.216000325977802,4,4,0,1,39,0,0,40,60.16
986,2,0,3,0,5.119999870657921,4,4,0,1,39,0,0,40,60.16
986,24,0,0,0,8.191999979317188,4,4,0,1,39,0,0,40,60.49
986,24,0,1,0,73.72800260782242,4,4,0,1,39,0,0,40,60.49
986,24,0,2,0,9.216000325977802,4,4,0,1,39,0,0,40,60.49
986,24,0,3,0,4.095999989658594,4,4,0,1,39,0,0,40,60.49
986,40,0,0,1,9.216000325977802,4,4,0,2,38,0,0,40,193.519
986,40,0,1,1,81.91999793052673,4,4,0,2,38,0,0,40,193.519
986,40,0,2,1,9.216000325977802,4,4,0,2,38,0,0,40,193.519
986,40,0,3,1,88.06400001049042,4,4,0,2,38,0,0,40,193.519
987,2,0,0,0,8.191999979317188,2,2,0,0,20,0,0,20,3.82
987,2,0,1,0,52.22399905323982,2,2,0,0,20,0,0,20,3.82
987,2,0,2,0,9.216000325977802,2,2,0,0,20,0,0,20,3.82
987,2,0,3,0,5.119999870657921,2,2,0,0,20,0,0,20,3.82
987,24,0,0,0,8.191999979317188,2,2,0,0,20,0,0,20,1.2
987,24,0,1,0,46.08000069856644,2,2,0,0,20,0,0,20,1.2
987,24,0,2,0,8.191999979317188,2,2,0,0,20,0,0,20,1.2
987,24,0,3,0,4.095999989658594,2,2,0,0,20,0,0,20,1.2
987,40,0,0,1,9.216000325977802,2,2,0,0,20,0,0,20,0.929
987,40,0,1,1,43.007999658584595,2,2,0,0,20,0,0,20,0.929
987,40,0,2,1,9.216000325977802,2,2,0,0,20,0,0,20,0.929
987,40,0,3,1,4.095999989658594,2,2,0,0,20,0,0,20,0.929
988,2,0,0,0,9.216000325977802,4,4,0,1,39,0,0,40,67.45
988,2,0,1,0,63.48799914121628,4,4,0,1,39,0,0,40,67.45
988,2,0,2,0,9.216000325977802,4,4,0,1,39,0,0,40,67.45
988,2,0,3,0,8.191999979317188,4,4,0,1,39,0,0,40,67.45
988,24,0,0,0,7.168000098317862,4,4,0,0,40,0,0,40,2.14
988,24,0,1,0,57.34400078654289,4,4,0,0,40,0,0,40,2.14
988,24,0,2,0,9.216000325977802,4,4,0,0,40,0,0,40,2.14
988,24,0,3,0,4.095999989658594,4,4,0,0,40,0,0,40,2.14
988,40,0,0,1,15.359999611973763,4,4,0,2,38,0,0,40,81.16
988,40,0,1,1,60.416001826524734,4,4,0,2,38,0,0,40,81.16
988,40,0,2,1,9.216000325977802,4,4,0,2,38,0,0,40,81.16
988,40,0,3,1,4.095999989658594,4,4,0,2,38,0,0,40,81.16
989,2,0,0,0,10.239999741315842,1,1,0,1,9,0,0,10,81.34
989,2,0,1,0,30.719999223947525,1,1,0,1,9,0,0,10,81.34
989,2,0,2,0,9.216000325977802,1,1,0,1,9,0,0,10,81.34
989,2,0,3,0,26.623999699950218,1,1,0,1,9,0,0,10,81.34
989,24,0,0,0,8.191999979317188,1,1,0,0,10,0,0,10,0.47
989,24,0,1,0,32.76799991726875,1,1,0,0,10,0,0,10,0.47
989,24,0,2,0,8.191999979317188,1,1,0,0,10,0,0,10,0.47
989,24,0,3,0,3.0720001086592674,1,1,0,0,10,0,0,10,0.47
989,40,0,0,1,8.191999979317188,1,1,0,0,10,0,0,10,0.411
989,40,0,1,1,34.81600061058998,1,1,0,0,10,0,0,10,0.411
989,40,0,2,1,9.216000325977802,1,1,0,0,10,0,0,10,0.411
989,40,0,3,1,4.095999989658594,1,1,0,0,10,0,0,10,0.411
990,2,0,0,0,8.191999979317188,2,2,0,0,20,0,0,20,1.04
990,2,0,1,0,50.175998359918594,2,2,0,0,20,0,0,20,1.04
990,2,0,2,0,9.216000325977802,2,2,0,0,20,0,0,20,1.04
990,2,0,3,0,5.119999870657921,2,2,0,0,20,0,0,20,1.04
990,24,0,0,0,8.191999979317188,2,2,0,0,20,0,0,20,3.2
990,24,0,1,0,50.175998359918594,2,2,0,0,20,0,0,20,3.2
990,24,0,2,0,9.216000325977802,2,2,0,0,20,0,0,20,3.2
990,24,0,3,0,5.119999870657921,2,2,0,0,20,0,0,20,3.2
990,40,0,0,1,9.216000325977802,2,2,0,0,20,0,0,20,0.85
990,40,0,1,1,52.22399905323982,2,2,0,0,20,0,0,20,0.85
990,40,0,2,1,9.216000325977802,2,2,0,0,20,0,0,20,0.85
990,40,0,3,1,4.095999989658594,2,2,0,0,20,0,0,20,0.85
991,2,0,0,0,8.191999979317188,4,4,0,1,39,0,0,40,58.83
991,2,0,1,0,91.13600105047226,4,4,0,1,39,0,0,40,58.83
991,2,0,2,0,9.216000325977802,4,4,0,1,39,0,0,40,58.83
991,2,0,3,0,6.144000217318535,4,4,0,1,39,0,0,40,58.83
991,24,0,0,0,8.191999979317188,4,4,0,0,40,0,0,40,2.42
991,24,0,1,0,64.51199948787689,4,4,0,0,40,0,0,40,2.42
991,24,0,2,0,9.216000325977802,4,4,0,0,40,0,0,40,2.42
991,24,0,3,0,4.095999989658594,4,4,0,0,40,0,0,40,2.42
991,40,0,0,1,15.359999611973763,4,4,0,0,40,0,0,40,2.66
991,40,0,1,1,84.99199897050858,4,4,0,0,40,0,0,40,2.66
991,40,0,2,1,9.216000325977802,4,4,0,0,40,0,0,40,2.66
991,40,0,3,1,4.095999989658594,4,4,0,0,40,0,0,40,2.66
992,2,0,0,0,15.359999611973763,2,2,0,1,19,0,0,20,62.9
992,2,0,1,0,50.175998359918594,2,2,0,1,19,0,0,20,62.9
992,2,0,2,0,9.216000325977802,2,2,0,1,19,0,0,20,62.9
992,2,0,3,0,4.095999989658594,2,2,0,1,19,0,0,20,62.9
992,24,0,0,0,8.191999979317188,2,2,0,0,20,0,0,20,1.151
992,24,0,1,0,49.15200173854828,2,2,0,0,20,0,0,20,1.151
992,24,0,2,0,9.216000325977802,2,2,0,0,20,0,0,20,1.151
992,24,0,3,0,4.095999989658594,2,2,0,0,20,0,0,20,1.151
992,40,0,0,1,9.216000325977802,2,2,0,0,20,0,0,20,1.18
992,40,0,1,1,57.34400078654289,2,2,0,0,20,0,0,20,1.18
992,40,0,2,1,9.216000325977802,2,2,0,0,20,0,0,20,1.18
992,40,0,3,1,4.095999989658594,2,2,0,0,20,0,0,20,1.18
993,2,0,0,0,8.191999979317188,2,2,0,0,20,0,0,20,1.091
993,2,0,1,0,50.175998359918594,2,2,0,0,20,0,0,20,1.091
993,2,0,2,0,9.216000325977802,2,2,0,0,20,0,0,20,1.091
993,2,0,3,0,4.095999989658594,2,2,0,0,20,0,0,20,1.091
993,24,0,0,0,8.191999979317188,2,2,0,0,20,0,0,20,1.06
993,24,0,1,0,56.32000043988228,2,2,0,0,20,0,0,20,1.06
993,24,0,2,0,9.216000325977802,2,2,0,0,20,0,0,20,1.06
993,24,0,3,0,4.095999989658594,2,2,0,0,20,0,0,20,1.06
993,40,0,0,1,9.216000325977802,2,2,0,0,20,0,0,20,0.88
993,40,0,1,1,55.296000093221664,2,2,0,0,20,0,0,20,0.88
993,40,0,2,1,9.216000325977802,2,2,0,0,20,0,0,20,0.88
993,40,0,3,1,4.095999989658594,2,2,0,0,20,0,0,20,0.88
994,2,0,0,0,9.216000325977802,4,4,0,2,38,0,0,40,95.619
994,2,0,1,0,91.13600105047226,4,4,0,2,38,0,0,40,95.619
994,2,0,2,0,8.191999979317188,4,4,0,2,38,0,0,40,95.619
994,2,0,3,0,6.144000217318535,4,4,0,2,38,0,0,40,95.619
994,24,0,0,0,7.168000098317862,4,4,0,0,40,0,0,40,4.68
994,24,0,1,0,69.63200122117996,4,4,0,0,40,0,0,40,4.68
994,24,0,2,0,9.216000325977802,4,4,0,0,40,0,0,40,4.68
994,24,0,3,0,3.0720001086592674,4,4,0,0,40,0,0,40,4.68
994,40,0,0,1,14.336000196635723,4,4,0,0,40,0,0,40,3.929
994,40,0,1,1,69.63200122117996,4,4,0,0,40,0,0,40,3.929
994,40,0,2,1,9.216000325977802,4,4,0,0,40,0,0,40,3.929
994,40,0,3,1,4.095999989658594,4,4,0,0,40,0,0,40,3.929
995,2,0,0,0,14.336000196635723,4,4,0,0,40,0,0,40,3.069
995,2,0,1,0,91.13600105047226,4,4,0,0,40,0,0,40,3.069
995,2,0,2,0,9.216000325977802,4,4,0,0,40,0,0,40,3.069
995,2,0,3,0,6.144000217318535,4,4,0,0,40,0,0,40,3.069
995,24,0,0,0,7.168000098317862,4,4,0,1,39,0,0,40,64.1
995,24,0,1,0,78.84799689054489,4,4,0,1,39,0,0,40,64.1
995,24,0,2,0,9.216000325977802,4,4,0,1,39,0,0,40,64.1
995,24,0,3,0,4.095999989658594,4,4,0,1,39,0,0,40,64.1
995,40,0,0,1,14.336000196635723,4,4,0,0,40,0,0,40,2.42
995,40,0,1,1,81.91999793052673,4,4,0,0,40,0,0,40,2.42
995,40,0,2,1,9.216000325977802,4,4,0,0,40,0,0,40,2.42
995,40,0,3,1,4.095999989658594,4,4,0,0,40,0,0,40,2.42
996,2,0,0,0,14.336000196635723,4,4,0,0,40,0,0,40,2.949
996,2,0,1,0,93.18400174379349,4,4,0,0,40,0,0,40,2.949
996,2,0,2,0,9.216000325977802,4,4,0,0,40,0,0,40,2.949
996,2,0,3,0,5.119999870657921,4,4,0,0,40,0,0,40,2.949
996,24,0,0,0,8.191999979317188,4,4,0,0,40,0,0,40,4.309
996,24,0,1,0,76.80000364780426,4,4,0,0,40,0,0,40,4.309
996,24,0,2,0,8.191999979317188,4,4,0,0,40,0,0,40,4.309
996,24,0,3,0,4.095999989658594,4,4,0,0,40,0,0,40,4.309
996,40,0,0,1,15.359999611973763,4,4,0,0,40,0,0,40,2.22
996,40,0,1,1,89.08800035715103,4,4,0,0,40,0,0,40,2.22
996,40,0,2,1,8.191999979317188,4,4,0,0,40,0,0,40,2.22
996,40,0,3,1,4.095999989658594,4,4,0,0,40,0,0,40,2.22
997,2,0,0,0,8.191999979317188,4,4,0,0,40,0,0,40,2.73
997,2,0,1,0,81.91999793052673,4,4,0,0,40,0,0,40,2.73
997,2,0,2,0,9.216000325977802,4,4,0,0,40,0,0,40,2.73
997,2,0,3,0,6.144000217318535,4,4,0,0,40,0,0,40,2.73
997,24,0,0,0,8.191999979317188,4,4,0,0,40,0,0,40,2.5
997,24,0,1,0,79.8719972372055,4,4,0,0,40,0,0,40,2.5
997,24,0,2,0,9.216000325977802,4,4,0,0,40,0,0,40,2.5
997,24,0,3,0,4.095999989658594,4,4,0,0,40,0,0,40,2.5
997,40,0,0,1,14.336000196635723,4,4,0,0,40,0,0,40,4.69
997,40,0,1,1,92.16000139713287,4,4,0,0,40,0,0,40,4.69
997,40,0,2,1,9.216000325977802,4,4,0,0,40,0,0,40,4.69
997,40,0,3,1,4.095999989658594,4,4,0,0,40,0,0,40,4.69
998,2,0,0,0,24.57600086927414,4,4,0,0,40,0,0,40,2.551
998,2,0,1,0,90.11200070381165,4,4,0,0,40,0,0,40,2.551
998,2,0,2,0,9.216000325977802,4,4,0,0,40,0,0,40,2.551
998,2,0,3,0,6.144000217318535,4,4,0,0,40,0,0,40,2.551
998,24,0,0,0,8.191999979317188,4,4,0,0,40,0,0,40,5.3
998,24,0,1,0,81.91999793052673,4,4,0,0,40,0,0,40,5.3
998,24,0,2,0,9.216000325977802,4,4,0,0,40,0,0,40,5.3
998,24,0,3,0,4.095999989658594,4,4,0,0,40,0,0,40,5.3
998,40,0,0,1,14.336000196635723,4,4,0,0,40,0,0,40,2.749
998,40,0,1,1,90.11200070381165,4,4,0,0,40,0,0,40,2.749
998,40,0,2,1,9.216000325977802,4,4,0,0,40,0,0,40,2.749
998,40,0,3,1,4.095999989658594,4,4,0,0,40,0,0,40,2.749
999,2,0,0,0,16.383999958634377,4,4,0,0,40,0,0,40,14.47
999,2,0,1,0,81.91999793052673,4,4,0,0,40,0,0,40,14.47
999,2,0,2,0,9.216000325977802,4,4,0,0,40,0,0,40,14.47
999,2,0,3,0,5.119999870657921,4,4,0,0,40,0,0,40,14.47
999,24,0,0,0,8.191999979317188,4,4,0,0,40,0,0,40,2.93
999,24,0,1,0,82.94399827718735,4,4,0,0,40,0,0,40,2.93
999,24,0,2,0,9.216000325977802,4,4,0,0,40,0,0,40,2.93
999,24,0,3,0,4.095999989658594,4,4,0,0,40,0,0,40,2.93
999,40,0,0,1,8.191999979317188,4,4,0,0,40,0,0,40,4.65
999,40,0,1,1,95.23200243711472,4,4,0,0,40,0,0,40,4.65
999,40,0,2,1,9.216000325977802,4,4,0,0,40,0,0,40,4.65
999,40,0,3,1,4.095999989658594,4,4,0,0,40,0,0,40,4.65
1000,2,0,0,0,15.359999611973763,4,4,0,0,40,0,0,40,4.87
1000,2,0,1,0,89.08800035715103,4,4,0,0,40,0,0,40,4.87
1000,2,0,2,0,9.216000325977802,4,4,0,0,40,0,0,40,4.87
1000,2,0,3,0,5.119999870657921,4,4,0,0,40,0,0,40,4.87
1000,24,0,0,0,8.191999979317188,4,4,0,0,40,0,0,40,5.011
1000,24,0,1,0,87.0399996638298,4,4,0,0,40,0,0,40,5.011
1000,24,0,2,0,9.216000325977802,4,4,0,0,40,0,0,40,5.011
1000,24,0,3,0,4.095999989658594,4,4,0,0,40,0,0,40,5.011
1000,40,0,0,1,9.216000325977802,4,4,0,1,39,0,0,40,95.23
1000,40,0,1,1,84.99199897050858,4,4,0,1,39,0,0,40,95.23
1000,40,0,2,1,9.216000325977802,4,4,0,1,39,0,0,40,95.23
1000,40,0,3,1,4.095999989658594,4,4,0,1,39,0,0,40,95.23
1001,2,0,0,0,13.311999849975109,4,4,0,0,40,0,0,40,4.32
1001,2,0,1,0,78.84799689054489,4,4,0,0,40,0,0,40,4.32
1001,2,0,2,0,9.216000325977802,4,4,0,0,40,0,0,40,4.32
1001,2,0,3,0,5.119999870657921,4,4,0,0,40,0,0,40,4.32
1001,24,0,0,0,7.168000098317862,4,4,0,3,37,0,0,40,150.959
1001,24,0,1,0,74.75200295448303,4,4,0,3,37,0,0,40,150.959
1001,24,0,2,0,9.216000325977802,4,4,0,3,37,0,0,40,150.959
1001,24,0,3,0,55.296000093221664,4,4,0,3,37,0,0,40,150.959
1001,40,0,0,1,9.216000325977802,4,4,0,2,38,0,0,40,193.909
1001,40,0,1,1,81.91999793052673,4,4,0,2,38,0,0,40,193.909
1001,40,0,2,1,8.191999979317188,4,4,0,2,38,0,0,40,193.909
1001,40,0,3,1,90.11200070381165,4,4,0,2,38,0,0,40,193.909
1002,2,0,0,0,15.359999611973763,4,4,0,0,40,0,0,40,2.58
1002,2,0,1,0,94.2080020904541,4,4,0,0,40,0,0,40,2.58
1002,2,0,2,0,8.191999979317188,4,4,0,0,40,0,0,40,2.58
1002,2,0,3,0,6.144000217318535,4,4,0,0,40,0,0,40,2.58
1002,24,0,0,0,9.216000325977802,4,4,0,1,39,0,0,40,60.409
1002,24,0,1,0,82.94399827718735,4,4,0,1,39,0,0,40,60.409
1002,24,0,2,0,9.216000325977802,4,4,0,1,39,0,0,40,60.409
1002,24,0,3,0,4.095999989658594,4,4,0,1,39,0,0,40,60.409
1002,40,0,0,1,15.359999611973763,4,4,0,0,40,0,0,40,2.4
1002,40,0,1,1,81.91999793052673,4,4,0,0,40,0,0,40,2.4
1002,40,0,2,1,9.216000325977802,4,4,0,0,40,0,0,40,2.4
1002,40,0,3,1,4.095999989658594,4,4,0,0,40,0,0,40,2.4
1003,2,0,0,0,15.359999611973763,4,4,0,0,40,0,0,40,4.799
1003,2,0,1,0,76.80000364780426,4,4,0,0,40,0,0,40,4.799
1003,2,0,2,0,9.216000325977802,4,4,0,0,40,0,0,40,4.799
1003,2,0,3,0,5.119999870657921,4,4,0,0,40,0,0,40,4.799
1003,24,0,0,0,8.191999979317188,4,4,0,0,40,0,0,40,4.95
1003,24,0,1,0,88.06400001049042,4,4,0,0,40,0,0,40,4.95
1003,24,0,2,0,9.216000325977802,4,4,0,0,40,0,0,40,4.95
1003,24,0,3,0,4.095999989658594,4,4,0,0,40,0,0,40,4.95
1003,40,0,0,1,9.216000325977802,4,4,0,0,40,0,0,40,2.08
1003,40,0,1,1,83.96799862384796,4,4,0,0,40,0,0,40,2.08
1003,40,0,2,1,9.216000325977802,4,4,0,0,40,0,0,40,2.08
1003,40,0,3,1,4.095999989658594,4,4,0,0,40,0,0,40,2.08
1004,2,0,0,0,14.336000196635723,3,3,0,0,30,0,0,30,1.76
1004,2,0,1,0,61.43999844789505,3,3,0,0,30,0,0,30,1.76
1004,2,0,2,0,9.216000325977802,3,3,0,0,30,0,0,30,1.76
1004,2,0,3,0,5.119999870657921,3,3,0,0,30,0,0,30,1.76
1004,24,0,0,0,8.191999979317188,3,3,0,0,30,0,0,30,4.0
1004,24,0,1,0,65.5359998345375,3,3,0,0,30,0,0,30,4.0
1004,24,0,2,0,8.191999979317188,3,3,0,0,30,0,0,30,4.0
1004,24,0,3,0,4.095999989658594,3,3,0,0,30,0,0,30,4.0
1004,40,0,0,1,14.336000196635723,3,3,0,0,30,0,0,30,4.1
1004,40,0,1,1,83.96799862384796,3,3,0,0,30,0,0,30,4.1
1004,40,0,2,1,9.216000325977802,3,3,0,0,30,0,0,30,4.1
1004,40,0,3,1,4.095999989658594,3,3,0,0,30,0,0,30,4.1
1005,2,0,0,0,14.336000196635723,4,4,0,0,40,0,0,40,2.66
1005,2,0,1,0,86.01599931716919,4,4,0,0,40,0,0,40,2.66
1005,2,0,2,0,9.216000325977802,4,4,0,0,40,0,0,40,2.66
1005,2,0,3,0,5.119999870657921,4,4,0,0,40,0,0,40,2.66
1005,24,0,0,0,8.191999979317188,4,4,0,0,40,0,0,40,2.009
1005,24,0,1,0,80.89599758386612,4,4,0,0,40,0,0,40,2.009
1005,24,0,2,0,9.216000325977802,4,4,0,0,40,0,0,40,2.009
1005,24,0,3,0,4.095999989658594,4,4,0,0,40,0,0,40,2.009
1005,40,0,0,1,9.216000325977802,4,4,0,0,40,0,0,40,2.28
1005,40,0,1,1,90.11200070381165,4,4,0,0,40,0,0,40,2.28
1005,40,0,2,1,9.216000325977802,4,4,0,0,40,0,0,40,2.28
1005,40,0,3,1,4.095999989658594,4,4,0,0,40,0,0,40,2.28
1006,2,0,0,0,14.336000196635723,4,4,0,0,40,0,0,40,4.55
1006,2,0,1,0,86.01599931716919,4,4,0,0,40,0,0,40,4.55
1006,2,0,2,0,9.216000325977802,4,4,0,0,40,0,0,40,4.55
1006,2,0,3,0,5.119999870657921,4,4,0,0,40,0,0,40,4.55
1006,24,0,0,0,7.168000098317862,4,4,0,0,40,0,0,40,2.68
1006,24,0,1,0,77.82399654388428,4,4,0,0,40,0,0,40,2.68
1006,24,0,2,0,9.216000325977802,4,4,0,0,40,0,0,40,2.68
1006,24,0,3,0,4.095999989658594,4,4,0,0,40,0,0,40,2.68
1006,40,0,0,1,8.191999979317188,4,4,0,0,40,0,0,40,4.65
1006,40,0,1,1,68.60800087451935,4,4,0,0,40,0,0,40,4.65
1006,40,0,2,1,9.216000325977802,4,4,0,0,40,0,0,40,4.65
1006,40,0,3,1,5.119999870657921,4,4,0,0,40,0,0,40,4.65
1007,2,0,0,0,8.191999979317188,4,4,0,0,40,0,0,40,2.37
1007,2,0,1,0,69.63200122117996,4,4,0,0,40,0,0,40,2.37
1007,2,0,2,0,9.216000325977802,4,4,0,0,40,0,0,40,2.37
1007,2,0,3,0,5.119999870657921,4,4,0,0,40,0,0,40,2.37
1007,24,0,0,0,7.168000098317862,4,4,0,0,40,0,0,40,1.98
1007,24,0,1,0,59.39200147986412,4,4,0,0,40,0,0,40,1.98
1007,24,0,2,0,9.216000325977802,4,4,0,0,40,0,0,40,1.98
1007,24,0,3,0,4.095999989658594,4,4,0,0,40,0,0,40,1.98
1007,40,0,0,1,8.191999979317188,4,4,0,0,40,0,0,40,2.38
1007,40,0,1,1,66.56000018119812,4,4,0,0,40,0,0,40,2.38
1007,40,0,2,1,9.216000325977802,4,4,0,0,40,0,0,40,2.38
1007,40,0,3,1,4.095999989658594,4,4,0,0,40,0,0,40,2.38
1008,2,0,0,0,15.359999611973763,4,4,0,1,39,0,0,40,75.7
1008,2,0,1,0,69.63200122117996,4,4,0,1,39,0,0,40,75.7
1008,2,0,2,0,9.216000325977802,4,4,0,1,39,0,0,40,75.7
1008,2,0,3,0,6.144000217318535,4,4,0,1,39,0,0,40,75.7
1008,24,0,0,0,7.168000098317862,4,4,0,0,40,0,0,40,3.78
1008,24,0,1,0,71.68000191450119,4,4,0,0,40,0,0,40,3.78
1008,24,0,2,0,9.216000325977802,4,4,0,0,40,0,0,40,3.78
1008,24,0,3,0,4.095999989658594,4,4,0,0,40,0,0,40,3.78
1008,40,0,0,1,15.359999611973763,4,4,0,0,40,0,0,40,1.87
1008,40,0,1,1,60.416001826524734,4,4,0,0,40,0,0,40,1.87
1008,40,0,2,1,8.191999979317188,4,4,0,0,40,0,0,40,1.87
1008,40,0,3,1,4.095999989658594,4,4,0,0,40,0,0,40,1.87
1009,2,0,0,0,8.191999979317188,4,4,0,1,39,0,0,40,96.13
1009,2,0,1,0,83.96799862384796,4,4,0,1,39,0,0,40,96.13
1009,2,0,2,0,9.216000325977802,4,4,0,1,39,0,0,40,96.13
1009,2,0,3,0,5.119999870657921,4,4,0,1,39,0,0,40,96.13
1009,24,0,0,0,8.191999979317188,4,4,0,0,40,0,0,40,2.27
1009,24,0,1,0,65.5359998345375,4,4,0,0,40,0,0,40,2.27
1009,24,0,2,0,8.191999979317188,4,4,0,0,40,0,0,40,2.27
1009,24,0,3,0,4.095999989658594,4,4,0,0,40,0,0,40,2.27
1009,40,0,0,1,15.359999611973763,4,4,0,0,40,0,0,40,1.88
1009,40,0,1,1,60.416001826524734,4,4,0,0,40,0,0,40,1.88
1009,40,0,2,1,9.216000325977802,4,4,0,0,40,0,0,40,1.88
1009,40,0,3,1,4.095999989658594,4,4,0,0,40,0,0,40,1.88
1010,2,0,0,0,9.216000325977802,3,3,0,0,30,0,0,30,1.811
1010,2,0,1,0,57.34400078654289,3,3,0,0,30,0,0,30,1.811
1010,2,0,2,0,9.216000325977802,3,3,0,0,30,0,0,30,1.811
1010,2,0,3,0,6.144000217318535,3,3,0,0,30,0,0,30,1.811
1010,24,0,0,0,72.7040022611618,3,3,0,0,30,0,0,30,4.42
1010,24,0,1,0,53.247999399900436,3,3,0,0,30,0,0,30,4.42
1010,24,0,2,0,9.216000325977802,3,3,0,0,30,0,0,30,4.42
1010,24,0,3,0,4.095999989658594,3,3,0,0,30,0,0,30,4.42
1010,40,0,0,1,9.216000325977802,3,3,0,0,30,0,0,30,1.14
1010,40,0,1,1,56.32000043988228,3,3,0,0,30,0,0,30,1.14
1010,40,0,2,1,8.191999979317188,3,3,0,0,30,0,0,30,1.14
1010,40,0,3,1,4.095999989658594,3,3,0,0,30,0,0,30,1.14
1011,2,0,0,0,9.216000325977802,2,2,0,0,20,0,0,20,1.049
1011,2,0,1,0,49.15200173854828,2,2,0,0,20,0,0,20,1.049
1011,2,0,2,0,9.216000325977802,2,2,0,0,20,0,0,20,1.049
1011,2,0,3,0,4.095999989658594,2,2,0,0,20,0,0,20,1.049
1011,24,0,0,0,8.191999979317188,2,2,0,0,20,0,0,20,0.911
1011,24,0,1,0,50.175998359918594,2,2,0,0,20,0,0,20,0.911
1011,24,0,2,0,8.191999979317188,2,2,0,0,20,0,0,20,0.911
1011,24,0,3,0,5.119999870657921,2,2,0,0,20,0,0,20,0.911
1011,40,0,0,1,9.216000325977802,2,2,0,0,20,0,0,20,0.92
1011,40,0,1,1,44.03200000524521,2,2,0,0,20,0,0,20,0.92
1011,40,0,2,1,9.216000325977802,2,2,0,0,20,0,0,20,0.92
1011,40,0,3,1,4.095999989658594,2,2,0,0,20,0,0,20,0.92
1012,2,0,0,0,16.383999958634377,4,4,0,2,38,0,0,40,120.979
1012,2,0,1,0,75.77600330114365,4,4,0,2,38,0,0,40,120.979
1012,2,0,2,0,9.216000325977802,4,4,0,2,38,0,0,40,120.979
1012,2,0,3,0,23.552000522613525,4,4,0,2,38,0,0,40,120.979
1012,24,0,0,0,8.191999979317188,4,4,0,0,40,0,0,40,4.549
1012,24,0,1,0,71.68000191450119,4,4,0,0,40,0,0,40,4.549
1012,24,0,2,0,9.216000325977802,4,4,0,0,40,0,0,40,4.549
1012,24,0,3,0,4.095999989658594,4,4,0,0,40,0,0,40,4.549
1012,40,0,0,1,8.191999979317188,4,4,0,1,39,0,0,40,137.439
1012,40,0,1,1,63.48799914121628,4,4,0,1,39,0,0,40,137.439
1012,40,0,2,1,9.216000325977802,4,4,0,1,39,0,0,40,137.439
1012,40,0,3,1,57.34400078654289,4,4,0,1,39,0,0,40,137.439
1013,2,0,0,0,9.216000325977802,2,2,0,0,20,0,0,20,0.97
1013,2,0,1,0,53.247999399900436,2,2,0,0,20,0,0,20,0.97
1013,2,0,2,0,8.191999979317188,2,2,0,0,20,0,0,20,0.97
1013,2,0,3,0,4.095999989658594,2,2,0,0,20,0,0,20,0.97
1013,24,0,0,0,9.216000325977802,2,2,0,0,20,0,0,20,0.98
1013,24,0,1,0,54.27199974656105,2,2,0,0,20,0,0,20,0.98
1013,24,0,2,0,9.216000325977802,2,2,0,0,20,0,0,20,0.98
1013,24,0,3,0,4.095999989658594,2,2,0,0,20,0,0,20,0.98
1013,40,0,0,1,9.216000325977802,2,2,0,0,20,0,0,20,1.291
1013,40,0,1,1,44.03200000524521,2,2,0,0,20,0,0,20,1.291
1013,40,0,2,1,9.216000325977802,2,2,0,0,20,0,0,20,1.291
1013,40,0,3,1,4.095999989658594,2,2,0,0,20,0,0,20,1.291
1014,2,0,0,0,14.336000196635723,4,4,0,0,40,0,0,40,2.989
1014,2,0,1,0,86.01599931716919,4,4,0,0,40,0,0,40,2.989
1014,2,0,2,0,9.216000325977802,4,4,0,0,40,0,0,40,2.989
1014,2,0,3,0,6.144000217318535,4,4,0,0,40,0,0,40,2.989
1014,24,0,0,0,8.191999979317188,4,4,0,0,40,0,0,40,4.34
1014,24,0,1,0,64.51199948787689,4,4,0,0,40,0,0,40,4.34
1014,24,0,2,0,9.216000325977802,4,4,0,0,40,0,0,40,4.34
1014,24,0,3,0,4.095999989658594,4,4,0,0,40,0,0,40,4.34
1014,40,0,0,1,14.336000196635723,4,4,0,0,40,0,0,40,1.68
1014,40,0,1,1,59.39200147986412,4,4,0,0,40,0,0,40,1.68
1014,40,0,2,1,9.216000325977802,4,4,0,0,40,0,0,40,1.68
1014,40,0,3,1,4.095999989658594,4,4,0,0,40,0,0,40,1.68
1015,2,0,0,0,8.191999979317188,2,2,0,0,20,0,0,20,1.44
1015,2,0,1,0,47.10400104522705,2,2,0,0,20,0,0,20,1.44
1015,2,0,2,0,9.216000325977802,2,2,0,0,20,0,0,20,1.44
1015,2,0,3,0,4.095999989658594,2,2,0,0,20,0,0,20,1.44
1015,24,0,0,0,8.191999979317188,2,2,0,0,20,0,0,20,0.929
1015,24,0,1,0,43.007999658584595,2,2,0,0,20,0,0,20,0.929
1015,24,0,2,0,9.216000325977802,2,2,0,0,20,0,0,20,0.929
1015,24,0,3,0,4.095999989658594,2,2,0,0,20,0,0,20,0.929
1015,40,0,0,1,9.216000325977802,2,2,0,0,20,0,0,20,0.82
1015,40,0,1,1,48.128001391887665,2,2,0,0,20,0,0,20,0.82
1015,40,0,2,1,10.239999741315842,2,2,0,0,20,0,0,20,0.82
1015,40,0,3,1,4.095999989658594,2,2,0,0,20,0,0,20,0.82
1016,2,0,0,0,13.311999849975109,4,4,0,0,40,0,0,40,2.43
1016,2,0,1,0,93.18400174379349,4,4,0,0,40,0,0,40,2.43
1016,2,0,2,0,9.216000325977802,4,4,0,0,40,0,0,40,2.43
1016,2,0,3,0,5.119999870657921,4,4,0,0,40,0,0,40,2.43
1016,24,0,0,0,8.191999979317188,4,4,0,0,40,0,0,40,3.7
1016,24,0,1,0,74.75200295448303,4,4,0,0,40,0,0,40,3.7
1016,24,0,2,0,9.216000325977802,4,4,0,0,40,0,0,40,3.7
1016,24,0,3,0,4.095999989658594,4,4,0,0,40,0,0,40,3.7
1016,40,0,0,1,15.359999611973763,4,4,0,0,40,0,0,40,2.54
1016,40,0,1,1,76.80000364780426,4,4,0,0,40,0,0,40,2.54
1016,40,0,2,1,9.216000325977802,4,4,0,0,40,0,0,40,2.54
1016,40,0,3,1,4.095999989658594,4,4,0,0,40,0,0,40,2.54
1017,2,0,0,0,14.336000196635723,4,4,0,0,40,0,0,40,2.53
1017,2,0,1,0,82.94399827718735,4,4,0,0,40,0,0,40,2.53
1017,2,0,2,0,9.216000325977802,4,4,0,0,40,0,0,40,2.53
1017,2,0,3,0,5.119999870657921,4,4,0,0,40,0,0,40,2.53
1017,24,0,0,0,8.191999979317188,4,4,0,0,40,0,0,40,2.0
1017,24,0,1,0,75.77600330114365,4,4,0,0,40,0,0,40,2.0
1017,24,0,2,0,9.216000325977802,4,4,0,0,40,0,0,40,2.0
1017,24,0,3,0,4.095999989658594,4,4,0,0,40,0,0,40,2.0
1017,40,0,0,1,8.191999979317188,4,4,0,0,40,0,0,40,2.45
1017,40,0,1,1,87.0399996638298,4,4,0,0,40,0,0,40,2.45
1017,40,0,2,1,9.216000325977802,4,4,0,0,40,0,0,40,2.45
1017,40,0,3,1,4.095999989658594,4,4,0,0,40,0,0,40,2.45
1018,2,0,0,0,15.359999611973763,4,4,0,0,40,0,0,40,2.511
1018,2,0,1,0,82.94399827718735,4,4,0,0,40,0,0,40,2.511
1018,2,0,2,0,9.216000325977802,4,4,0,0,40,0,0,40,2.511
1018,2,0,3,0,6.144000217318535,4,4,0,0,40,0,0,40,2.511
1018,24,0,0,0,8.191999979317188,4,4,0,0,40,0,0,40,2.131
1018,24,0,1,0,80.89599758386612,4,4,0,0,40,0,0,40,2.131
1018,24,0,2,0,9.216000325977802,4,4,0,0,40,0,0,40,2.131
1018,24,0,3,0,5.119999870657921,4,4,0,0,40,0,0,40,2.131
1018,40,0,0,1,9.216000325977802,4,4,0,0,40,0,0,40,2.109
1018,40,0,1,1,77.82399654388428,4,4,0,0,40,0,0,40,2.109
1018,40,0,2,1,8.191999979317188,4,4,0,0,40,0,0,40,2.109
1018,40,0,3,1,4.095999989658594,4,4,0,0,40,0,0,40,2.109
1019,2,0,0,0,15.359999611973763,4,4,0,0,40,0,0,40,4.469
1019,2,0,1,0,77.82399654388428,4,4,0,0,40,0,0,40,4.469
1019,2,0,2,0,9.216000325977802,4,4,0,0,40,0,0,40,4.469
1019,2,0,3,0,5.119999870657921,4,4,0,0,40,0,0,40,4.469
1019,24,0,0,0,7.168000098317862,4,4,0,0,40,0,0,40,2.41
1019,24,0,1,0,72.7040022611618,4,4,0,0,40,0,0,40,2.41
1019,24,0,2,0,9.216000325977802,4,4,0,0,40,0,0,40,2.41
1019,24,0,3,0,4.095999989658594,4,4,0,0,40,0,0,40,2.41
1019,40,0,0,1,14.336000196635723,4,4,0,0,40,0,0,40,1.82
1019,40,0,1,1,57.34400078654289,4,4,0,0,40,0,0,40,1.82
1019,40,0,2,1,9.216000325977802,4,4,0,0,40,0,0,40,1.82
1019,40,0,3,1,4.095999989658594,4,4,0,0,40,0,0,40,1.82
1020,2,0,0,0,9.216000325977802,4,4,0,1,39,0,0,40,94.95
1020,2,0,1,0,87.0399996638298,4,4,0,1,39,0,0,40,94.95
1020,2,0,2,0,8.191999979317188,4,4,0,1,39,0,0,40,94.95
1020,2,0,3,0,5.119999870657921,4,4,0,1,39,0,0,40,94.95
1020,24,0,0,0,8.191999979317188,4,4,0,0,40,0,0,40,2.57
1020,24,0,1,0,60.416001826524734,4,4,0,0,40,0,0,40,2.57
1020,24,0,2,0,9.216000325977802,4,4,0,0,40,0,0,40,2.57
1020,24,0,3,0,4.095999989658594,4,4,0,0,40,0,0,40,2.57
1020,40,0,0,1,14.336000196635723,4,4,0,0,40,0,0,40,1.789
1020,40,0,1,1,56.32000043988228,4,4,0,0,40,0,0,40,1.789
1020,40,0,2,1,8.191999979317188,4,4,0,0,40,0,0,40,1.789
1020,40,0,3,1,4.095999989658594,4,4,0,0,40,0,0,40,1.789
1021,2,0,0,0,9.216000325977802,2,2,0,0,20,0,0,20,1.59
1021,2,0,1,0,46.08000069856644,2,2,0,0,20,0,0,20,1.59
1021,2,0,2,0,9.216000325977802,2,2,0,0,20,0,0,20,1.59
1021,2,0,3,0,5.119999870657921,2,2,0,0,20,0,0,20,1.59
1021,24,0,0,0,8.191999979317188,2,2,0,0,20,0,0,20,1.34
1021,24,0,1,0,43.007999658584595,2,2,0,0,20,0,0,20,1.34
1021,24,0,2,0,9.216000325977802,2,2,0,0,20,0,0,20,1.34
1021,24,0,3,0,4.095999989658594,2,2,0,0,20,0,0,20,1.34
1021,40,0,0,1,9.216000325977802,2,2,0,0,20,0,0,20,0.92
1021,40,0,1,1,52.22399905323982,2,2,0,0,20,0,0,20,0.92
1021,40,0,2,1,9.216000325977802,2,2,0,0,20,0,0,20,0.92
1021,40,0,3,1,4.095999989658594,2,2,0,0,20,0,0,20,0.92
1022,2,0,0,0,15.359999611973763,4,4,0,0,40,0,0,40,6.391
1022,2,0,1,0,77.82399654388428,4,4,0,0,40,0,0,40,6.391
1022,2,0,2,0,9.216000325977802,4,4,0,0,40,0,0,40,6.391
1022,2,0,3,0,5.119999870657921,4,4,0,0,40,0,0,40,6.391
1022,24,0,0,0,8.191999979317188,4,4,0,0,40,0,0,40,5.75
1022,24,0,1,0,61.43999844789505,4,4,0,0,40,0,0,40,5.75
1022,24,0,2,0,9.216000325977802,4,4,0,0,40,0,0,40,5.75
1022,24,0,3,0,5.119999870657921,4,4,0,0,40,0,0,40,5.75
1022,40,0,0,1,14.336000196635723,4,4,0,0,40,0,0,40,4.15
1022,40,0,1,1,58.36800113320351,4,4,0,0,40,0,0,40,4.15
1022,40,0,2,1,9.216000325977802,4,4,0,0,40,0,0,40,4.15
1022,40,0,3,1,4.095999989658594,4,4,0,0,40,0,0,40,4.15
1023,2,0,0,0,16.383999958634377,3,3,0,0,30,0,0,30,2.03
1023,2,0,1,0,55.296000093221664,3,3,0,0,30,0,0,30,2.03
1023,2,0,2,0,8.191999979317188,3,3,0,0,30,0,0,30,2.03
1023,2,0,3,0,5.119999870657921,3,3,0,0,30,0,0,30,2.03
1023,24,0,0,0,8.191999979317188,3,3,0,0,30,0,0,30,1.49
1023,24,0,1,0,48.128001391887665,3,3,0,0,30,0,0,30,1.49
1023,24,0,2,0,9.216000325977802,3,3,0,0,30,0,0,30,1.49
1023,24,0,3,0,5.119999870657921,3,3,0,0,30,0,0,30,1.49
1023,40,0,0,1,8.191999979317188,3,3,0,1,29,0,0,30,87.499
1023,40,0,1,1,55.296000093221664,3,3,0,1,29,0,0,30,87.499
1023,40,0,2,1,10.239999741315842,3,3,0,1,29,0,0,30,87.499
1023,40,0,3,1,10.239999741315842,3,3,0,1,29,0,0,30,87.499
1024,2,0,0,0,10.239999741315842,4,4,0,1,39,0,0,40,107.96
1024,2,0,1,0,81.91999793052673,4,4,0,1,39,0,0,40,107.96
1024,2,0,2,0,8.191999979317188,4,4,0,1,39,0,0,40,107.96
1024,2,0,3,0,5.119999870657921,4,4,0,1,39,0,0,40,107.96
1024,24,0,0,0,20.479999482631683,4,4,0,0,40,0,0,40,2.409
1024,24,0,1,0,66.56000018119812,4,4,0,0,40,0,0,40,2.409
1024,24,0,2,0,9.216000325977802,4,4,0,0,40,0,0,40,2.409
1024,24,0,3,0,4.095999989658594,4,4,0,0,40,0,0,40,2.409
1024,40,0,0,1,15.359999611973763,4,4,0,0,40,0,0,40,2.13
1024,40,0,1,1,71.68000191450119,4,4,0,0,40,0,0,40,2.13
1024,40,0,2,1,9.216000325977802,4,4,0,0,40,0,0,40,2.13
1024,40,0,3,1,4.095999989658594,4,4,0,0,40,0,0,40,2.13
1025,2,0,0,0,10.239999741315842,4,4,0,1,39,0,0,40,70.73
1025,2,0,1,0,73.72800260782242,4,4,0,1,39,0,0,40,70.73
1025,2,0,2,0,8.191999979317188,4,4,0,1,39,0,0,40,70.73
1025,2,0,3,0,5.119999870657921,4,4,0,1,39,0,0,40,70.73
1025,24,0,0,0,11.264000087976456,4,4,0,0,40,0,0,40,2.09
1025,24,0,1,0,61.43999844789505,4,4,0,0,40,0,0,40,2.09
1025,24,0,2,0,9.216000325977802,4,4,0,0,40,0,0,40,2.09
1025,24,0,3,0,4.095999989658594,4,4,0,0,40,0,0,40,2.09
1025,40,0,0,1,8.191999979317188,4,4,0,1,39,0,0,40,79.63
1025,40,0,1,1,76.80000364780426,4,4,0,1,39,0,0,40,79.63
1025,40,0,2,1,9.216000325977802,4,4,0,1,39,0,0,40,79.63
1025,40,0,3,1,4.095999989658594,4,4,0,1,39,0,0,40,79.63
1026,2,0,0,0,8.191999979317188,4,4,0,2,38,0,0,40,108.0
1026,2,0,1,0,82.94399827718735,4,4,0,2,38,0,0,40,108.0
1026,2,0,2,0,9.216000325977802,4,4,0,2,38,0,0,40,108.0
1026,2,0,3,0,11.264000087976456,4,4,0,2,38,0,0,40,108.0
1026,24,0,0,0,8.191999979317188,4,4,0,0,40,0,0,40,2.36
1026,24,0,1,0,67.58400052785873,4,4,0,0,40,0,0,40,2.36
1026,24,0,2,0,9.216000325977802,4,4,0,0,40,0,0,40,2.36
1026,24,0,3,0,4.095999989658594,4,4,0,0,40,0,0,40,2.36
1026,40,0,0,1,14.336000196635723,4,4,0,0,40,0,0,40,5.289
1026,40,0,1,1,88.06400001049042,4,4,0,0,40,0,0,40,5.289
1026,40,0,2,1,9.216000325977802,4,4,0,0,40,0,0,40,5.289
1026,40,0,3,1,4.095999989658594,4,4,0,0,40,0,0,40,5.289
1027,2,0,0,0,9.216000325977802,4,4,0,1,39,0,0,40,61.65
1027,2,0,1,0,82.94399827718735,4,4,0,1,39,0,0,40,61.65
1027,2,0,2,0,9.216000325977802,4,4,0,1,39,0,0,40,61.65
1027,2,0,3,0,5.119999870657921,4,4,0,1,39,0,0,40,61.65
1027,24,0,0,0,8.191999979317188,4,4,0,0,40,0,0,40,2.769
1027,24,0,1,0,72.7040022611618,4,4,0,0,40,0,0,40,2.769
1027,24,0,2,0,8.191999979317188,4,4,0,0,40,0,0,40,2.769
1027,24,0,3,0,4.095999989658594,4,4,0,0,40,0,0,40,2.769
1027,40,0,0,1,14.336000196635723,4,4,0,0,40,0,0,40,2.26
1027,40,0,1,1,87.0399996638298,4,4,0,0,40,0,0,40,2.26
1027,40,0,2,1,9.216000325977802,4,4,0,0,40,0,0,40,2.26
1027,40,0,3,1,4.095999989658594,4,4,0,0,40,0,0,40,2.26
1028,2,0,0,0,15.359999611973763,2,2,0,0,20,0,0,20,1.5
1028,2,0,1,0,53.247999399900436,2,2,0,0,20,0,0,20,1.5
1028,2,0,2,0,8.191999979317188,2,2,0,0,20,0,0,20,1.5
1028,2,0,3,0,5.119999870657921,2,2,0,0,20,0,0,20,1.5
1028,24,0,0,0,7.168000098317862,2,2,0,0,20,0,0,20,1.16
1028,24,0,1,0,55.296000093221664,2,2,0,0,20,0,0,20,1.16
1028,24,0,2,0,9.216000325977802,2,2,0,0,20,0,0,20,1.16
1028,24,0,3,0,4.095999989658594,2,2,0,0,20,0,0,20,1.16
1028,40,0,0,1,8.191999979317188,2,2,0,0,20,0,0,20,1.0
1028,40,0,1,1,46.08000069856644,2,2,0,0,20,0,0,20,1.0
1028,40,0,2,1,9.216000325977802,2,2,0,0,20,0,0,20,1.0
1028,40,0,3,1,4.095999989658594,2,2,0,0,20,0,0,20,1.0
1029,2,0,0,0,13.311999849975109,4,4,0,0,40,0,0,40,3.07
1029,2,0,1,0,79.8719972372055,4,4,0,0,40,0,0,40,3.07
1029,2,0,2,0,8.191999979317188,4,4,0,0,40,0,0,40,3.07
1029,2,0,3,0,6.144000217318535,4,4,0,0,40,0,0,40,3.07
1029,24,0,0,0,7.168000098317862,4,4,0,0,40,0,0,40,4.051
1029,24,0,1,0,77.82399654388428,4,4,0,0,40,0,0,40,4.051
1029,24,0,2,0,9.216000325977802,4,4,0,0,40,0,0,40,4.051
1029,24,0,3,0,4.095999989658594,4,4,0,0,40,0,0,40,4.051
1029,40,0,0,1,14.336000196635723,4,4,0,0,40,0,0,40,4.84
1029,40,0,1,1,89.08800035715103,4,4,0,0,40,0,0,40,4.84
1029,40,0,2,1,9.216000325977802,4,4,0,0,40,0,0,40,4.84
1029,40,0,3,1,4.095999989658594,4,4,0,0,40,0,0,40,4.84
1030,2,0,0,0,14.336000196635723,4,4,0,0,40,0,0,40,2.44
1030,2,0,1,0,84.99199897050858,4,4,0,0,40,0,0,40,2.44
1030,2,0,2,0,9.216000325977802,4,4,0,0,40,0,0,40,2.44
1030,2,0,3,0,5.119999870657921,4,4,0,0,40,0,0,40,2.44
1030,24,0,0,0,8.191999979317188,4,4,0,0,40,0,0,40,4.11
1030,24,0,1,0,71.68000191450119,4,4,0,0,40,0,0,40,4.11
1030,24,0,2,0,9.216000325977802,4,4,0,0,40,0,0,40,4.11
1030,24,0,3,0,4.095999989658594,4,4,0,0,40,0,0,40,4.11
1030,40,0,0,1,8.191999979317188,4,4,0,1,39,0,0,40,73.419
1030,40,0,1,1,80.89599758386612,4,4,0,1,39,0,0,40,73.419
1030,40,0,2,1,9.216000325977802,4,4,0,1,39,0,0,40,73.419
1030,40,0,3,1,4.095999989658594,4,4,0,1,39,0,0,40,73.419
1031,2,0,0,0,14.336000196635723,4,4,0,0,40,0,0,40,2.92
1031,2,0,1,0,93.18400174379349,4,4,0,0,40,0,0,40,2.92
1031,2,0,2,0,9.216000325977802,4,4,0,0,40,0,0,40,2.92
1031,2,0,3,0,6.144000217318535,4,4,0,0,40,0,0,40,2.92
1031,24,0,0,0,8.191999979317188,4,4,0,0,40,0,0,40,2.629
1031,24,0,1,0,67.58400052785873,4,4,0,0,40,0,0,40,2.629
1031,24,0,2,0,8.191999979317188,4,4,0,0,40,0,0,40,2.629
1031,24,0,3,0,4.095999989658594,4,4,0,0,40,0,0,40,2.629
1031,40,0,0,1,14.336000196635723,4,4,0,0,40,0,0,40,2.64
1031,40,0,1,1,64.51199948787689,4,4,0,0,40,0,0,40,2.64
1031,40,0,2,1,9.216000325977802,4,4,0,0,40,0,0,40,2.64
1031,40,0,3,1,4.095999989658594,4,4,0,0,40,0,0,40,2.64
1032,2,0,0,0,9.216000325977802,3,3,0,1,29,0,0,30,84.419
1032,2,0,1,0,64.51199948787689,3,3,0,1,29,0,0,30,84.419
1032,2,0,2,0,8.191999979317188,3,3,0,1,29,0,0,30,84.419
1032,2,0,3,0,5.119999870657921,3,3,0,1,29,0,0,30,84.419
1032,24,0,0,0,8.191999979317188,3,3,0,0,30,0,0,30,1.42
1032,24,0,1,0,62.463998794555664,3,3,0,0,30,0,0,30,1.42
1032,24,0,2,0,9.216000325977802,3,3,0,0,30,0,0,30,1.42
1032,24,0,3,0,4.095999989658594,3,3,0,0,30,0,0,30,1.42
1032,40,0,0,1,15.359999611973763,3,3,0,0,30,0,0,30,3.23
1032,40,0,1,1,62.463998794555664,3,3,0,0,30,0,0,30,3.23
1032,40,0,2,1,9.216000325977802,3,3,0,0,30,0,0,30,3.23
1032,40,0,3,1,4.095999989658594,3,3,0,0,30,0,0,30,3.23
1033,2,0,0,0,9.216000325977802,3,3,0,0,30,0,0,30,1.451
1033,2,0,1,0,66.56000018119812,3,3,0,0,30,0,0,30,1.451
1033,2,0,2,0,9.216000325977802,3,3,0,0,30,0,0,30,1.451
1033,2,0,3,0,6.144000217318535,3,3,0,0,30,0,0,30,1.451
1033,24,0,0,0,7.168000098317862,3,3,0,0,30,0,0,30,1.511
1033,24,0,1,0,48.128001391887665,3,3,0,0,30,0,0,30,1.511
1033,24,0,2,0,9.216000325977802,3,3,0,0,30,0,0,30,1.511
1033,24,0,3,0,4.095999989658594,3,3,0,0,30,0,0,30,1.511
1033,40,0,0,1,8.191999979317188,3,3,0,0,30,0,0,30,3.4
1033,40,0,1,1,48.128001391887665,3,3,0,0,30,0,0,30,3.4
1033,40,0,2,1,9.216000325977802,3,3,0,0,30,0,0,30,3.4
1033,40,0,3,1,4.095999989658594,3,3,0,0,30,0,0,30,3.4
1034,2,0,0,0,15.359999611973763,3,3,0,0,30,0,0,30,1.68
1034,2,0,1,0,64.51199948787689,3,3,0,0,30,0,0,30,1.68
1034,2,0,2,0,8.191999979317188,3,3,0,0,30,0,0,30,1.68
1034,2,0,3,0,5.119999870657921,3,3,0,0,30,0,0,30,1.68
1034,24,0,0,0,8.191999979317188,3,3,0,0,30,0,0,30,1.8
1034,24,0,1,0,50.175998359918594,3,3,0,0,30,0,0,30,1.8
1034,24,0,2,0,9.216000325977802,3,3,0,0,30,0,0,30,1.8
1034,24,0,3,0,4.095999989658594,3,3,0,0,30,0,0,30,1.8
1034,40,0,0,1,15.359999611973763,3,3,0,0,30,0,0,30,1.38
1034,40,0,1,1,55.296000093221664,3,3,0,0,30,0,0,30,1.38
1034,40,0,2,1,9.216000325977802,3,3,0,0,30,0,0,30,1.38
1034,40,0,3,1,4.095999989658594,3,3,0,0,30,0,0,30,1.38
1035,2,0,0,0,14.336000196635723,4,4,0,0,40,0,0,40,2.969
1035,2,0,1,0,84.99199897050858,4,4,0,0,40,0,0,40,2.969
1035,2,0,2,0,9.216000325977802,4,4,0,0,40,0,0,40,2.969
1035,2,0,3,0,5.119999870657921,4,4,0,0,40,0,0,40,2.969
1035,24,0,0,0,8.191999979317188,4,4,0,0,40,0,0,40,4.38
1035,24,0,1,0,60.416001826524734,4,4,0,0,40,0,0,40,4.38
1035,24,0,2,0,9.216000325977802,4,4,0,0,40,0,0,40,4.38
1035,24,0,3,0,4.095999989658594,4,4,0,0,40,0,0,40,4.38
1035,40,0,0,1,8.191999979317188,4,4,0,0,40,0,0,40,1.91
1035,40,0,1,1,49.15200173854828,4,4,0,0,40,0,0,40,1.91
1035,40,0,2,1,8.191999979317188,4,4,0,0,40,0,0,40,1.91
1035,40,0,3,1,4.095999989658594,4,4,0,0,40,0,0,40,1.91
1036,2,0,0,0,14.336000196635723,4,4,0,0,40,0,0,40,5.43
1036,2,0,1,0,94.2080020904541,4,4,0,0,40,0,0,40,5.43
1036,2,0,2,0,8.191999979317188,4,4,0,0,40,0,0,40,5.43
1036,2,0,3,0,5.119999870657921,4,4,0,0,40,0,0,40,5.43
1036,24,0,0,0,8.191999979317188,4,4,0,0,40,0,0,40,2.5
1036,24,0,1,0,77.82399654388428,4,4,0,0,40,0,0,40,2.5
1036,24,0,2,0,9.216000325977802,4,4,0,0,40,0,0,40,2.5
1036,24,0,3,0,4.095999989658594,4,4,0,0,40,0,0,40,2.5
1036,40,0,0,1,9.216000325977802,4,4,0,2,38,0,0,40,80.95
1036,40,0,1,1,66.56000018119812,4,4,0,2,38,0,0,40,80.95
1036,40,0,2,1,9.216000325977802,4,4,0,2,38,0,0,40,80.95
1036,40,0,3,1,4.095999989658594,4,4,0,2,38,0,0,40,80.95
1037,2,0,0,0,8.191999979317188,4,4,0,1,39,0,0,40,67.429
1037,2,0,1,0,87.0399996638298,4,4,0,1,39,0,0,40,67.429
1037,2,0,2,0,9.216000325977802,4,4,0,1,39,0,0,40,67.429
1037,2,0,3,0,6.144000217318535,4,4,0,1,39,0,0,40,67.429
1037,24,0,0,0,8.191999979317188,4,4,0,0,40,0,0,40,2.38
1037,24,0,1,0,65.5359998345375,4,4,0,0,40,0,0,40,2.38
1037,24,0,2,0,9.216000325977802,4,4,0,0,40,0,0,40,2.38
1037,24,0,3,0,4.095999989658594,4,4,0,0,40,0,0,40,2.38
1037,40,0,0,1,8.191999979317188,4,4,0,0,40,0,0,40,1.84
1037,40,0,1,1,56.32000043988228,4,4,0,0,40,0,0,40,1.84
1037,40,0,2,1,9.216000325977802,4,4,0,0,40,0,0,40,1.84
1037,40,0,3,1,4.095999989658594,4,4,0,0,40,0,0,40,1.84
1038,2,0,0,0,9.216000325977802,3,3,0,0,30,0,0,30,1.72
1038,2,0,1,0,72.7040022611618,3,3,0,0,30,0,0,30,1.72
1038,2,0,2,0,9.216000325977802,3,3,0,0,30,0,0,30,1.72
1038,2,0,3,0,6.144000217318535,3,3,0,0,30,0,0,30,1.72
1038,24,0,0,0,8.191999979317188,3,3,0,0,30,0,0,30,1.44
1038,24,0,1,0,53.247999399900436,3,3,0,0,30,0,0,30,1.44
1038,24,0,2,0,9.216000325977802,3,3,0,0,30,0,0,30,1.44
1038,24,0,3,0,4.095999989658594,3,3,0,0,30,0,0,30,1.44
1038,40,0,0,1,9.216000325977802,3,3,0,0,30,0,0,30,1.28
1038,40,0,1,1,48.128001391887665,3,3,0,0,30,0,0,30,1.28
1038,40,0,2,1,9.216000325977802,3,3,0,0,30,0,0,30,1.28
1038,40,0,3,1,4.095999989658594,3,3,0,0,30,0,0,30,1.28
1039,2,0,0,0,15.359999611973763,4,4,0,0,40,0,0,40,2.64
1039,2,0,1,0,75.77600330114365,4,4,0,0,40,0,0,40,2.64
1039,2,0,2,0,9.216000325977802,4,4,0,0,40,0,0,40,2.64
1039,2,0,3,0,7.168000098317862,4,4,0,0,40,0,0,40,2.64
1039,24,0,0,0,7.168000098317862,4,4,0,0,40,0,0,40,3.9
1039,24,0,1,0,59.39200147986412,4,4,0,0,40,0,0,40,3.9
1039,24,0,2,0,8.191999979317188,4,4,0,0,40,0,0,40,3.9
1039,24,0,3,0,4.095999989658594,4,4,0,0,40,0,0,40,3.9
1039,40,0,0,1,8.191999979317188,4,4,0,1,39,0,0,40,77.9
1039,40,0,1,1,67.58400052785873,4,4,0,1,39,0,0,40,77.9
1039,40,0,2,1,9.216000325977802,4,4,0,1,39,0,0,40,77.9
1039,40,0,3,1,4.095999989658594,4,4,0,1,39,0,0,40,77.9
1040,2,0,0,0,8.191999979317188,1,1,0,0,10,0,0,10,0.41
1040,2,0,1,0,32.76799991726875,1,1,0,0,10,0,0,10,0.41
1040,2,0,2,0,9.216000325977802,1,1,0,0,10,0,0,10,0.41
1040,2,0,3,0,5.119999870657921,1,1,0,0,10,0,0,10,0.41
1040,24,0,0,0,7.168000098317862,1,1,0,1,9,0,0,10,59.12
1040,24,0,1,0,31.74399957060814,1,1,0,1,9,0,0,10,59.12
1040,24,0,2,0,9.216000325977802,1,1,0,1,9,0,0,10,59.12
1040,24,0,3,0,4.095999989658594,1,1,0,1,9,0,0,10,59.12
1040,40,0,0,1,9.216000325977802,1,1,0,1,9,0,0,10,46.68
1040,40,0,1,1,33.79200026392937,1,1,0,1,9,0,0,10,46.68
1040,40,0,2,1,9.216000325977802,1,1,0,1,9,0,0,10,46.68
1040,40,0,3,1,4.095999989658594,1,1,0,1,9,0,0,10,46.68
1041,2,0,0,0,14.336000196635723,4,4,0,0,40,0,0,40,5.27
1041,2,0,1,0,95.23200243711472,4,4,0,0,40,0,0,40,5.27
1041,2,0,2,0,9.216000325977802,4,4,0,0,40,0,0,40,5.27
1041,2,0,3,0,5.119999870657921,4,4,0,0,40,0,0,40,5.27
1041,24,0,0,0,9.216000325977802,4,4,0,0,40,0,0,40,2.57
1041,24,0,1,0,83.96799862384796,4,4,0,0,40,0,0,40,2.57
1041,24,0,2,0,9.216000325977802,4,4,0,0,40,0,0,40,2.57
1041,24,0,3,0,4.095999989658594,4,4,0,0,40,0,0,40,2.57
1041,40,0,0,1,8.191999979317188,4,4,0,3,37,0,0,40,121.39
1041,40,0,1,1,75.77600330114365,4,4,0,3,37,0,0,40,121.39
1041,40,0,2,1,9.216000325977802,4,4,0,3,37,0,0,40,121.39
1041,40,0,3,1,24.57600086927414,4,4,0,3,37,0,0,40,121.39
1042,2,0,0,0,14.336000196635723,4,4,0,0,40,0,0,40,3.09
1042,2,0,1,0,88.06400001049042,4,4,0,0,40,0,0,40,3.09
1042,2,0,2,0,9.216000325977802,4,4,0,0,40,0,0,40,3.09
1042,2,0,3,0,6.144000217318535,4,4,0,0,40,0,0,40,3.09
1042,24,0,0,0,8.191999979317188,4,4,0,0,40,0,0,40,2.11
1042,24,0,1,0,83.96799862384796,4,4,0,0,40,0,0,40,2.11
1042,24,0,2,0,9.216000325977802,4,4,0,0,40,0,0,40,2.11
1042,24,0,3,0,4.095999989658594,4,4,0,0,40,0,0,40,2.11
1042,40,0,0,1,8.191999979317188,4,4,0,2,38,0,0,40,75.539
1042,40,0,1,1,76.80000364780426,4,4,0,2,38,0,0,40,75.539
1042,40,0,2,1,9.216000325977802,4,4,0,2,38,0,0,40,75.539
1042,40,0,3,1,5.119999870657921,4,4,0,2,38,0,0,40,75.539
1043,2,0,0,0,15.359999611973763,4,4,0,0,40,0,0,40,4.5
1043,2,0,1,0,80.89599758386612,4,4,0,0,40,0,0,40,4.5
1043,2,0,2,0,9.216000325977802,4,4,0,0,40,0,0,40,4.5
1043,2,0,3,0,8.191999979317188,4,4,0,0,40,0,0,40,4.5
1043,24,0,0,0,8.191999979317188,4,4,0,0,40,0,0,40,2.09
1043,24,0,1,0,73.72800260782242,4,4,0,0,40,0,0,40,2.09
1043,24,0,2,0,9.216000325977802,4,4,0,0,40,0,0,40,2.09
1043,24,0,3,0,4.095999989658594,4,4,0,0,40,0,0,40,2.09
1043,40,0,0,1,14.336000196635723,4,4,0,0,40,0,0,40,4.39
1043,40,0,1,1,87.0399996638298,4,4,0,0,40,0,0,40,4.39
1043,40,0,2,1,8.191999979317188,4,4,0,0,40,0,0,40,4.39
1043,40,0,3,1,4.095999989658594,4,4,0,0,40,0,0,40,4.39
1044,2,0,0,0,14.336000196635723,4,4,0,0,40,0,0,40,2.729
1044,2,0,1,0,72.7040022611618,4,4,0,0,40,0,0,40,2.729
1044,2,0,2,0,9.216000325977802,4,4,0,0,40,0,0,40,2.729
1044,2,0,3,0,8.191999979317188,4,4,0,0,40,0,0,40,2.729
1044,24,0,0,0,8.191999979317188,4,4,0,0,40,0,0,40,2.12
1044,24,0,1,0,68.60800087451935,4,4,0,0,40,0,0,40,2.12
1044,24,0,2,0,8.191999979317188,4,4,0,0,40,0,0,40,2.12
1044,24,0,3,0,4.095999989658594,4,4,0,0,40,0,0,40,2.12
1044,40,0,0,1,9.216000325977802,4,4,0,1,39,0,0,40,75.769
1044,40,0,1,1,95.23200243711472,4,4,0,1,39,0,0,40,75.769
1044,40,0,2,1,9.216000325977802,4,4,0,1,39,0,0,40,75.769
1044,40,0,3,1,4.095999989658594,4,4,0,1,39,0,0,40,75.769
1045,2,0,0,0,16.383999958634377,4,4,0,0,40,0,0,40,2.771
1045,2,0,1,0,74.75200295448303,4,4,0,0,40,0,0,40,2.771
1045,2,0,2,0,9.216000325977802,4,4,0,0,40,0,0,40,2.771
1045,2,0,3,0,7.168000098317862,4,4,0,0,40,0,0,40,2.771
1045,24,0,0,0,8.191999979317188,4,4,0,0,40,0,0,40,2.18
1045,24,0,1,0,73.72800260782242,4,4,0,0,40,0,0,40,2.18
1045,24,0,2,0,9.216000325977802,4,4,0,0,40,0,0,40,2.18
1045,24,0,3,0,4.095999989658594,4,4,0,0,40,0,0,40,2.18
1045,40,0,0,1,9.216000325977802,4,4,0,0,40,0,0,40,4.52
1045,40,0,1,1,92.16000139713287,4,4,0,0,40,0,0,40,4.52
1045,40,0,2,1,9.216000325977802,4,4,0,0,40,0,0,40,4.52
1045,40,0,3,1,4.095999989658594,4,4,0,0,40,0,0,40,4.52
1046,2,0,0,0,8.191999979317188,4,4,0,0,40,0,0,40,2.791
1046,2,0,1,0,81.91999793052673,4,4,0,0,40,0,0,40,2.791
1046,2,0,2,0,9.216000325977802,4,4,0,0,40,0,0,40,2.791
1046,2,0,3,0,6.144000217318535,4,4,0,0,40,0,0,40,2.791
1046,24,0,0,0,8.191999979317188,4,4,0,0,40,0,0,40,2.7
1046,24,0,1,0,65.5359998345375,4,4,0,0,40,0,0,40,2.7
1046,24,0,2,0,9.216000325977802,4,4,0,0,40,0,0,40,2.7
1046,24,0,3,0,4.095999989658594,4,4,0,0,40,0,0,40,2.7
1046,40,0,0,1,8.191999979317188,4,4,0,0,40,0,0,40,2.349
1046,40,0,1,1,73.72800260782242,4,4,0,0,40,0,0,40,2.349
1046,40,0,2,1,9.216000325977802,4,4,0,0,40,0,0,40,2.349
1046,40,0,3,1,4.095999989658594,4,4,0,0,40,0,0,40,2.349
1047,2,0,0,0,14.336000196635723,4,4,0,0,40,0,0,40,2.8
1047,2,0,1,0,88.06400001049042,4,4,0,0,40,0,0,40,2.8
1047,2,0,2,0,9.216000325977802,4,4,0,0,40,0,0,40,2.8
1047,2,0,3,0,5.119999870657921,4,4,0,0,40,0,0,40,2.8
1047,24,0,0,0,7.168000098317862,4,4,0,1,39,0,0,40,266.789
1047,24,0,1,0,79.8719972372055,4,4,0,1,39,0,0,40,266.789
1047,24,0,2,0,8.191999979317188,4,4,0,1,39,0,0,40,266.789
1047,24,0,3,0,173.0560064315796,4,4,0,1,39,0,0,40,266.789
1047,40,0,0,1,9.216000325977802,4,4,0,0,40,0,0,40,2.551
1047,40,0,1,1,75.77600330114365,4,4,0,0,40,0,0,40,2.551
1047,40,0,2,1,10.239999741315842,4,4,0,0,40,0,0,40,2.551
1047,40,0,3,1,4.095999989658594,4,4,0,0,40,0,0,40,2.551
1048,2,0,0,0,14.336000196635723,4,4,0,0,40,0,0,40,2.86
1048,2,0,1,0,87.0399996638298,4,4,0,0,40,0,0,40,2.86
1048,2,0,2,0,9.216000325977802,4,4,0,0,40,0,0,40,2.86
1048,2,0,3,0,5.119999870657921,4,4,0,0,40,0,0,40,2.86
1048,24,0,0,0,8.191999979317188,4,4,0,0,40,0,0,40,2.209
1048,24,0,1,0,67.58400052785873,4,4,0,0,40,0,0,40,2.209
1048,24,0,2,0,8.191999979317188,4,4,0,0,40,0,0,40,2.209
1048,24,0,3,0,4.095999989658594,4,4,0,0,40,0,0,40,2.209
1048,40,0,0,1,14.336000196635723,4,4,0,0,40,0,0,40,2.91
1048,40,0,1,1,76.80000364780426,4,4,0,0,40,0,0,40,2.91
1048,40,0,2,1,9.216000325977802,4,4,0,0,40,0,0,40,2.91
1048,40,0,3,1,4.095999989658594,4,4,0,0,40,0,0,40,2.91
1049,2,0,0,0,9.216000325977802,2,2,0,0,20,0,0,20,1.43
1049,2,0,1,0,51.19999870657921,2,2,0,0,20,0,0,20,1.43
1049,2,0,2,0,9.216000325977802,2,2,0,0,20,0,0,20,1.43
1049,2,0,3,0,4.095999989658594,2,2,0,0,20,0,0,20,1.43
1049,24,0,0,0,8.191999979317188,2,2,0,0,20,0,0,20,0.909
1049,24,0,1,0,47.10400104522705,2,2,0,0,20,0,0,20,0.909
1049,24,0,2,0,8.191999979317188,2,2,0,0,20,0,0,20,0.909
1049,24,0,3,0,5.119999870657921,2,2,0,0,20,0,0,20,0.909
1049,40,0,0,1,9.216000325977802,2,2,0,0,20,0,0,20,0.92
1049,40,0,1,1,43.007999658584595,2,2,0,0,20,0,0,20,0.92
1049,40,0,2,1,9.216000325977802,2,2,0,0,20,0,0,20,0.92
1049,40,0,3,1,4.095999989658594,2,2,0,0,20,0,0,20,0.92
1050,2,0,0,0,14.336000196635723,4,4,0,0,40,0,0,40,2.8
1050,2,0,1,0,72.7040022611618,4,4,0,0,40,0,0,40,2.8
1050,2,0,2,0,9.216000325977802,4,4,0,0,40,0,0,40,2.8
1050,2,0,3,0,8.191999979317188,4,4,0,0,40,0,0,40,2.8
1050,24,0,0,0,8.191999979317188,4,4,0,0,40,0,0,40,2.02
1050,24,0,1,0,49.15200173854828,4,4,0,0,40,0,0,40,2.02
1050,24,0,2,0,9.216000325977802,4,4,0,0,40,0,0,40,2.02
1050,24,0,3,0,4.095999989658594,4,4,0,0,40,0,0,40,2.02
1050,40,0,0,1,8.191999979317188,4,4,0,1,39,0,0,40,178.94
1050,40,0,1,1,49.15200173854828,4,4,0,1,39,0,0,40,178.94
1050,40,0,2,1,9.216000325977802,4,4,0,1,39,0,0,40,178.94
1050,40,0,3,1,108.5439994931221,4,4,0,1,39,0,0,40,178.94
1051,2,0,0,0,14.336000196635723,4,4,0,0,40,0,0,40,4.291
1051,2,0,1,0,67.58400052785873,4,4,0,0,40,0,0,40,4.291
1051,2,0,2,0,9.216000325977802,4,4,0,0,40,0,0,40,4.291
1051,2,0,3,0,5.119999870657921,4,4,0,0,40,0,0,40,4.291
1051,24,0,0,0,8.191999979317188,4,4,0,0,40,0,0,40,2.36
1051,24,0,1,0,65.5359998345375,4,4,0,0,40,0,0,40,2.36
1051,24,0,2,0,9.216000325977802,4,4,0,0,40,0,0,40,2.36
1051,24,0,3,0,4.095999989658594,4,4,0,0,40,0,0,40,2.36
1051,40,0,0,1,8.191999979317188,4,4,0,1,39,0,0,40,75.22
1051,40,0,1,1,97.28000313043594,4,4,0,1,39,0,0,40,75.22
1051,40,0,2,1,9.216000325977802,4,4,0,1,39,0,0,40,75.22
1051,40,0,3,1,4.095999989658594,4,4,0,1,39,0,0,40,75.22
1052,2,0,0,0,8.191999979317188,2,2,0,0,20,0,0,20,1.18
1052,2,0,1,0,53.247999399900436,2,2,0,0,20,0,0,20,1.18
1052,2,0,2,0,9.216000325977802,2,2,0,0,20,0,0,20,1.18
1052,2,0,3,0,5.119999870657921,2,2,0,0,20,0,0,20,1.18
1052,24,0,0,0,9.216000325977802,2,2,0,0,20,0,0,20,1.16
1052,24,0,1,0,44.03200000524521,2,2,0,0,20,0,0,20,1.16
1052,24,0,2,0,8.191999979317188,2,2,0,0,20,0,0,20,1.16
1052,24,0,3,0,3.0720001086592674,2,2,0,0,20,0,0,20,1.16
1052,40,0,0,1,8.191999979317188,2,2,0,0,20,0,0,20,1.02
1052,40,0,1,1,57.34400078654289,2,2,0,0,20,0,0,20,1.02
1052,40,0,2,1,9.216000325977802,2,2,0,0,20,0,0,20,1.02
1052,40,0,3,1,5.119999870657921,2,2,0,0,20,0,0,20,1.02
1053,2,0,0,0,9.216000325977802,1,1,0,0,10,0,0,10,0.511
1053,2,0,1,0,31.74399957060814,1,1,0,0,10,0,0,10,0.511
1053,2,0,2,0,9.216000325977802,1,1,0,0,10,0,0,10,0.511
1053,2,0,3,0,5.119999870657921,1,1,0,0,10,0,0,10,0.511
1053,24,0,0,0,7.168000098317862,1,1,0,0,10,0,0,10,0.5
1053,24,0,1,0,31.74399957060814,1,1,0,0,10,0,0,10,0.5
1053,24,0,2,0,9.216000325977802,1,1,0,0,10,0,0,10,0.5
1053,24,0,3,0,5.119999870657921,1,1,0,0,10,0,0,10,0.5
1053,40,0,0,1,9.216000325977802,1,1,0,1,9,0,0,10,49.309
1053,40,0,1,1,33.79200026392937,1,1,0,1,9,0,0,10,49.309
1053,40,0,2,1,9.216000325977802,1,1,0,1,9,0,0,10,49.309
1053,40,0,3,1,4.095999989658594,1,1,0,1,9,0,0,10,49.309
1054,2,0,0,0,8.191999979317188,4,4,0,3,36,1,0,40,159.779
1054,2,0,1,0,80.89599758386612,4,4,0,3,36,1,0,40,159.779
1054,2,0,2,0,162.81600296497345,4,4,0,3,36,1,0,40,159.779
1054,2,0,3,0,6.144000217318535,4,4,0,3,36,1,0,40,159.779
1054,24,0,0,0,8.191999979317188,4,4,0,0,40,0,0,40,2.14
1054,24,0,1,0,59.39200147986412,4,4,0,0,40,0,0,40,2.14
1054,24,0,2,0,9.216000325977802,4,4,0,0,40,0,0,40,2.14
1054,24,0,3,0,4.095999989658594,4,4,0,0,40,0,0,40,2.14
1054,40,0,0,1,8.191999979317188,4,4,0,1,39,0,0,40,80.291
1054,40,0,1,1,56.32000043988228,4,4,0,1,39,0,0,40,80.291
1054,40,0,2,1,9.216000325977802,4,4,0,1,39,0,0,40,80.291
1054,40,0,3,1,4.095999989658594,4,4,0,1,39,0,0,40,80.291
1055,2,0,0,0,15.359999611973763,4,4,0,0,40,0,0,40,5.46
1055,2,0,1,0,84.99199897050858,4,4,0,0,40,0,0,40,5.46
1055,2,0,2,0,9.216000325977802,4,4,0,0,40,0,0,40,5.46
1055,2,0,3,0,6.144000217318535,4,4,0,0,40,0,0,40,5.46
1055,24,0,0,0,8.191999979317188,4,4,0,1,39,0,0,40,211.699
1055,24,0,1,0,60.416001826524734,4,4,0,1,39,0,0,40,211.699
1055,24,0,2,0,9.216000325977802,4,4,0,1,39,0,0,40,211.699
1055,24,0,3,0,129.02399897575378,4,4,0,1,39,0,0,40,211.699
1055,40,0,0,1,8.191999979317188,4,4,0,1,39,0,0,40,75.93
1055,40,0,1,1,74.75200295448303,4,4,0,1,39,0,0,40,75.93
1055,40,0,2,1,9.216000325977802,4,4,0,1,39,0,0,40,75.93
1055,40,0,3,1,5.119999870657921,4,4,0,1,39,0,0,40,75.93
1056,2,0,0,0,15.359999611973763,4,4,0,0,40,0,0,40,4.851
1056,2,0,1,0,78.84799689054489,4,4,0,0,40,0,0,40,4.851
1056,2,0,2,0,9.216000325977802,4,4,0,0,40,0,0,40,4.851
1056,2,0,3,0,6.144000217318535,4,4,0,0,40,0,0,40,4.851
1056,24,0,0,0,8.191999979317188,4,4,0,1,39,0,0,40,136.859
1056,24,0,1,0,79.8719972372055,4,4,0,1,39,0,0,40,136.859
1056,24,0,2,0,9.216000325977802,4,4,0,1,39,0,0,40,136.859
1056,24,0,3,0,36.86400130391121,4,4,0,1,39,0,0,40,136.859
1056,40,0,0,1,9.216000325977802,4,4,0,0,40,0,0,40,2.249
1056,40,0,1,1,73.72800260782242,4,4,0,0,40,0,0,40,2.249
1056,40,0,2,1,9.216000325977802,4,4,0,0,40,0,0,40,2.249
1056,40,0,3,1,4.095999989658594,4,4,0,0,40,0,0,40,2.249
1057,2,0,0,0,14.336000196635723,4,4,0,0,40,0,0,40,2.74
1057,2,0,1,0,74.75200295448303,4,4,0,0,40,0,0,40,2.74
1057,2,0,2,0,9.216000325977802,4,4,0,0,40,0,0,40,2.74
1057,2,0,3,0,5.119999870657921,4,4,0,0,40,0,0,40,2.74
1057,24,0,0,0,7.168000098317862,4,4,0,0,40,0,0,40,4.56
1057,24,0,1,0,58.36800113320351,4,4,0,0,40,0,0,40,4.56
1057,24,0,2,0,9.216000325977802,4,4,0,0,40,0,0,40,4.56
1057,24,0,3,0,4.095999989658594,4,4,0,0,40,0,0,40,4.56
1057,40,0,0,1,8.191999979317188,4,4,0,0,40,0,0,40,2.29
1057,40,0,1,1,73.72800260782242,4,4,0,0,40,0,0,40,2.29
1057,40,0,2,1,9.216000325977802,4,4,0,0,40,0,0,40,2.29
1057,40,0,3,1,4.095999989658594,4,4,0,0,40,0,0,40,2.29
1058,2,0,0,0,9.216000325977802,4,4,0,1,39,0,0,40,82.13
1058,2,0,1,0,75.77600330114365,4,4,0,1,39,0,0,40,82.13
1058,2,0,2,0,10.239999741315842,4,4,0,1,39,0,0,40,82.13
1058,2,0,3,0,5.119999870657921,4,4,0,1,39,0,0,40,82.13
1058,24,0,0,0,8.191999979317188,4,4,0,0,40,0,0,40,4.66
1058,24,0,1,0,71.68000191450119,4,4,0,0,40,0,0,40,4.66
1058,24,0,2,0,9.216000325977802,4,4,0,0,40,0,0,40,4.66
1058,24,0,3,0,5.119999870657921,4,4,0,0,40,0,0,40,4.66
1058,40,0,0,1,14.336000196635723,4,4,0,0,40,0,0,40,2.06
1058,40,0,1,1,63.48799914121628,4,4,0,0,40,0,0,40,2.06
1058,40,0,2,1,9.216000325977802,4,4,0,0,40,0,0,40,2.06
1058,40,0,3,1,4.095999989658594,4,4,0,0,40,0,0,40,2.06
1059,2,0,0,0,15.359999611973763,4,4,0,0,40,0,0,40,5.1
1059,2,0,1,0,86.01599931716919,4,4,0,0,40,0,0,40,5.1
1059,2,0,2,0,9.216000325977802,4,4,0,0,40,0,0,40,5.1
1059,2,0,3,0,6.144000217318535,4,4,0,0,40,0,0,40,5.1
1059,24,0,0,0,7.168000098317862,4,4,0,0,40,0,0,40,2.02
1059,24,0,1,0,72.7040022611618,4,4,0,0,40,0,0,40,2.02
1059,24,0,2,0,9.216000325977802,4,4,0,0,40,0,0,40,2.02
1059,24,0,3,0,4.095999989658594,4,4,0,0,40,0,0,40,2.02
1059,40,0,0,1,15.359999611973763,4,4,0,1,39,0,0,40,117.34
1059,40,0,1,1,66.56000018119812,4,4,0,1,39,0,0,40,117.34
1059,40,0,2,1,8.191999979317188,4,4,0,1,39,0,0,40,117.34
1059,40,0,3,1,22.52800017595291,4,4,0,1,39,0,0,40,117.34
1060,2,0,0,0,13.311999849975109,4,4,0,0,40,0,0,40,2.489
1060,2,0,1,0,75.77600330114365,4,4,0,0,40,0,0,40,2.489
1060,2,0,2,0,9.216000325977802,4,4,0,0,40,0,0,40,2.489
1060,2,0,3,0,5.119999870657921,4,4,0,0,40,0,0,40,2.489
1060,24,0,0,0,7.168000098317862,4,4,0,2,38,0,0,40,146.65
1060,24,0,1,0,74.75200295448303,4,4,0,2,38,0,0,40,146.65
1060,24,0,2,0,9.216000325977802,4,4,0,2,38,0,0,40,146.65
1060,24,0,3,0,54.27199974656105,4,4,0,2,38,0,0,40,146.65
1060,40,0,0,1,8.191999979317188,4,4,0,2,38,0,0,40,230.91
1060,40,0,1,1,78.84799689054489,4,4,0,2,38,0,0,40,230.91
1060,40,0,2,1,8.191999979317188,4,4,0,2,38,0,0,40,230.91
1060,40,0,3,1,132.09599256515503,4,4,0,2,38,0,0,40,230.91
1061,2,0,0,0,15.359999611973763,4,4,0,1,39,0,0,40,71.66
1061,2,0,1,0,91.13600105047226,4,4,0,1,39,0,0,40,71.66
1061,2,0,2,0,9.216000325977802,4,4,0,1,39,0,0,40,71.66
1061,2,0,3,0,6.144000217318535,4,4,0,1,39,0,0,40,71.66
1061,24,0,0,0,8.191999979317188,4,4,0,0,40,0,0,40,3.88
1061,24,0,1,0,67.58400052785873,4,4,0,0,40,0,0,40,3.88
1061,24,0,2,0,9.216000325977802,4,4,0,0,40,0,0,40,3.88
1061,24,0,3,0,5.119999870657921,4,4,0,0,40,0,0,40,3.88
1061,40,0,0,1,9.216000325977802,4,4,0,0,40,0,0,40,2.16
1061,40,0,1,1,65.5359998345375,4,4,0,0,40,0,0,40,2.16
1061,40,0,2,1,9.216000325977802,4,4,0,0,40,0,0,40,2.16
1061,40,0,3,1,4.095999989658594,4,4,0,0,40,0,0,40,2.16
1062,2,0,0,0,51.19999870657921,1,1,0,0,10,0,0,10,0.84
1062,2,0,1,0,32.76799991726875,1,1,0,0,10,0,0,10,0.84
1062,2,0,2,0,9.216000325977802,1,1,0,0,10,0,0,10,0.84
1062,2,0,3,0,4.095999989658594,1,1,0,0,10,0,0,10,0.84
1062,24,0,0,0,8.191999979317188,1,1,0,0,10,0,0,10,0.551
1062,24,0,1,0,31.74399957060814,1,1,0,0,10,0,0,10,0.551
1062,24,0,2,0,8.191999979317188,1,1,0,0,10,0,0,10,0.551
1062,24,0,3,0,4.095999989658594,1,1,0,0,10,0,0,10,0.551
1062,40,0,0,1,8.191999979317188,1,1,0,0,10,0,0,10,2.289
1062,40,0,1,1,35.840000957250595,1,1,0,0,10,0,0,10,2.289
1062,40,0,2,1,9.216000325977802,1,1,0,0,10,0,0,10,2.289
1062,40,0,3,1,4.095999989658594,1,1,0,0,10,0,0,10,2.289
1063,2,0,0,0,15.359999611973763,4,4,0,0,40,0,0,40,4.42
1063,2,0,1,0,89.08800035715103,4,4,0,0,40,0,0,40,4.42
1063,2,0,2,0,9.216000325977802,4,4,0,0,40,0,0,40,4.42
1063,2,0,3,0,8.191999979317188,4,4,0,0,40,0,0,40,4.42
1063,24,0,0,0,9.216000325977802,4,4,0,0,40,0,0,40,3.85
1063,24,0,1,0,56.32000043988228,4,4,0,0,40,0,0,40,3.85
1063,24,0,2,0,9.216000325977802,4,4,0,0,40,0,0,40,3.85
1063,24,0,3,0,5.119999870657921,4,4,0,0,40,0,0,40,3.85
1063,40,0,0,1,9.216000325977802,4,4,0,1,39,0,0,40,80.579
1063,40,0,1,1,74.75200295448303,4,4,0,1,39,0,0,40,80.579
1063,40,0,2,1,9.216000325977802,4,4,0,1,39,0,0,40,80.579
1063,40,0,3,1,4.095999989658594,4,4,0,1,39,0,0,40,80.579
1064,2,0,0,0,8.191999979317188,3,3,0,0,30,0,0,30,1.61
1064,2,0,1,0,69.63200122117996,3,3,0,0,30,0,0,30,1.61
1064,2,0,2,0,9.216000325977802,3,3,0,0,30,0,0,30,1.61
1064,2,0,3,0,5.119999870657921,3,3,0,0,30,0,0,30,1.61
1064,24,0,0,0,8.191999979317188,3,3,0,1,29,0,0,30,61.88
1064,24,0,1,0,56.32000043988228,3,3,0,1,29,0,0,30,61.88
1064,24,0,2,0,8.191999979317188,3,3,0,1,29,0,0,30,61.88
1064,24,0,3,0,3.0720001086592674,3,3,0,1,29,0,0,30,61.88
1064,40,0,0,1,8.191999979317188,3,3,0,1,29,0,0,30,71.129
1064,40,0,1,1,46.08000069856644,3,3,0,1,29,0,0,30,71.129
1064,40,0,2,1,9.216000325977802,3,3,0,1,29,0,0,30,71.129
1064,40,0,3,1,4.095999989658594,3,3,0,1,29,0,0,30,71.129
1065,2,0,0,0,15.359999611973763,3,3,0,0,30,0,0,30,1.529
1065,2,0,1,0,51.19999870657921,3,3,0,0,30,0,0,30,1.529
1065,2,0,2,0,9.216000325977802,3,3,0,0,30,0,0,30,1.529
1065,2,0,3,0,7.168000098317862,3,3,0,0,30,0,0,30,1.529
1065,24,0,0,0,9.216000325977802,3,3,0,0,30,0,0,30,1.489
1065,24,0,1,0,40.95999896526337,3,3,0,0,30,0,0,30,1.489
1065,24,0,2,0,9.216000325977802,3,3,0,0,30,0,0,30,1.489
1065,24,0,3,0,4.095999989658594,3,3,0,0,30,0,0,30,1.489
1065,40,0,0,1,8.191999979317188,3,3,0,1,29,0,0,30,67.83
1065,40,0,1,1,45.05600035190582,3,3,0,1,29,0,0,30,67.83
1065,40,0,2,1,9.216000325977802,3,3,0,1,29,0,0,30,67.83
1065,40,0,3,1,4.095999989658594,3,3,0,1,29,0,0,30,67.83
1066,2,0,0,0,8.191999979317188,4,4,0,0,40,0,0,40,2.3
1066,2,0,1,0,75.77600330114365,4,4,0,0,40,0,0,40,2.3
1066,2,0,2,0,8.191999979317188,4,4,0,0,40,0,0,40,2.3
1066,2,0,3,0,5.119999870657921,4,4,0,0,40,0,0,40,2.3
1066,24,0,0,0,8.191999979317188,4,4,0,1,39,0,0,40,62.089
1066,24,0,1,0,75.77600330114365,4,4,0,1,39,0,0,40,62.089
1066,24,0,2,0,9.216000325977802,4,4,0,1,39,0,0,40,62.089
1066,24,0,3,0,4.095999989658594,4,4,0,1,39,0,0,40,62.089
1066,40,0,0,1,8.191999979317188,4,4,0,0,40,0,0,40,2.111
1066,40,0,1,1,59.39200147986412,4,4,0,0,40,0,0,40,2.111
1066,40,0,2,1,9.216000325977802,4,4,0,0,40,0,0,40,2.111
1066,40,0,3,1,4.095999989658594,4,4,0,0,40,0,0,40,2.111
1067,2,0,0,0,16.383999958634377,4,4,0,0,40,0,0,40,4.529
1067,2,0,1,0,72.7040022611618,4,4,0,0,40,0,0,40,4.529
1067,2,0,2,0,9.216000325977802,4,4,0,0,40,0,0,40,4.529
1067,2,0,3,0,5.119999870657921,4,4,0,0,40,0,0,40,4.529
1067,24,0,0,0,7.168000098317862,4,4,0,0,40,0,0,40,2.751
1067,24,0,1,0,67.58400052785873,4,4,0,0,40,0,0,40,2.751
1067,24,0,2,0,9.216000325977802,4,4,0,0,40,0,0,40,2.751
1067,24,0,3,0,4.095999989658594,4,4,0,0,40,0,0,40,2.751
1067,40,0,0,1,8.191999979317188,4,4,0,0,40,0,0,40,4.21
1067,40,0,1,1,54.27199974656105,4,4,0,0,40,0,0,40,4.21
1067,40,0,2,1,9.216000325977802,4,4,0,0,40,0,0,40,4.21
1067,40,0,3,1,4.095999989658594,4,4,0,0,40,0,0,40,4.21
1068,2,0,0,0,9.216000325977802,4,4,0,1,39,0,0,40,80.34
1068,2,0,1,0,71.68000191450119,4,4,0,1,39,0,0,40,80.34
1068,2,0,2,0,9.216000325977802,4,4,0,1,39,0,0,40,80.34
1068,2,0,3,0,5.119999870657921,4,4,0,1,39,0,0,40,80.34
1068,24,0,0,0,8.191999979317188,4,4,0,0,40,0,0,40,4.95
1068,24,0,1,0,60.416001826524734,4,4,0,0,40,0,0,40,4.95
1068,24,0,2,0,9.216000325977802,4,4,0,0,40,0,0,40,4.95
1068,24,0,3,0,4.095999989658594,4,4,0,0,40,0,0,40,4.95
1068,40,0,0,1,14.336000196635723,4,4,0,0,40,0,0,40,3.929
1068,40,0,1,1,65.5359998345375,4,4,0,0,40,0,0,40,3.929
1068,40,0,2,1,9.216000325977802,4,4,0,0,40,0,0,40,3.929
1068,40,0,3,1,4.095999989658594,4,4,0,0,40,0,0,40,3.929
1069,2,0,0,0,15.359999611973763,3,3,0,0,30,0,0,30,1.951
1069,2,0,1,0,70.65600156784058,3,3,0,0,30,0,0,30,1.951
1069,2,0,2,0,9.216000325977802,3,3,0,0,30,0,0,30,1.951
1069,2,0,3,0,5.119999870657921,3,3,0,0,30,0,0,30,1.951
1069,24,0,0,0,8.191999979317188,3,3,0,1,29,0,0,30,65.49
1069,24,0,1,0,58.36800113320351,3,3,0,1,29,0,0,30,65.49
1069,24,0,2,0,9.216000325977802,3,3,0,1,29,0,0,30,65.49
1069,24,0,3,0,4.095999989658594,3,3,0,1,29,0,0,30,65.49
1069,40,0,0,1,15.359999611973763,3,3,0,0,30,0,0,30,1.551
1069,40,0,1,1,54.27199974656105,3,3,0,0,30,0,0,30,1.551
1069,40,0,2,1,8.191999979317188,3,3,0,0,30,0,0,30,1.551
1069,40,0,3,1,4.095999989658594,3,3,0,0,30,0,0,30,1.551
1070,2,0,0,0,8.191999979317188,4,4,0,1,39,0,0,40,66.05
1070,2,0,1,0,73.72800260782242,4,4,0,1,39,0,0,40,66.05
1070,2,0,2,0,9.216000325977802,4,4,0,1,39,0,0,40,66.05
1070,2,0,3,0,8.191999979317188,4,4,0,1,39,0,0,40,66.05
1070,24,0,0,0,7.168000098317862,4,4,0,3,37,0,0,40,111.989
1070,24,0,1,0,57.34400078654289,4,4,0,3,37,0,0,40,111.989
1070,24,0,2,0,9.216000325977802,4,4,0,3,37,0,0,40,111.989
1070,24,0,3,0,34.81600061058998,4,4,0,3,37,0,0,40,111.989
1070,40,0,0,1,15.359999611973763,4,4,0,0,40,0,0,40,4.03
1070,40,0,1,1,54.27199974656105,4,4,0,0,40,0,0,40,4.03
1070,40,0,2,1,9.216000325977802,4,4,0,0,40,0,0,40,4.03
1070,40,0,3,1,4.095999989658594,4,4,0,0,40,0,0,40,4.03
1071,2,0,0,0,14.336000196635723,4,4,0,0,40,0,0,40,4.469
1071,2,0,1,0,73.72800260782242,4,4,0,0,40,0,0,40,4.469
1071,2,0,2,0,9.216000325977802,4,4,0,0,40,0,0,40,4.469
1071,2,0,3,0,6.144000217318535,4,4,0,0,40,0,0,40,4.469
1071,24,0,0,0,8.191999979317188,4,4,0,3,37,0,0,40,138.599
1071,24,0,1,0,60.416001826524734,4,4,0,3,37,0,0,40,138.599
1071,24,0,2,0,9.216000325977802,4,4,0,3,37,0,0,40,138.599
1071,24,0,3,0,57.34400078654289,4,4,0,3,37,0,0,40,138.599
1071,40,0,0,1,8.191999979317188,4,4,0,3,37,0,0,40,168.169
1071,40,0,1,1,61.43999844789505,4,4,0,3,37,0,0,40,168.169
1071,40,0,2,1,9.216000325977802,4,4,0,3,37,0,0,40,168.169
1071,40,0,3,1,86.01599931716919,4,4,0,3,37,0,0,40,168.169
1072,2,0,0,0,8.191999979317188,1,1,0,0,10,0,0,10,2.931
1072,2,0,1,0,32.76799991726875,1,1,0,0,10,0,0,10,2.931
1072,2,0,2,0,9.216000325977802,1,1,0,0,10,0,0,10,2.931
1072,2,0,3,0,5.119999870657921,1,1,0,0,10,0,0,10,2.931
1072,24,0,0,0,8.191999979317188,1,1,0,0,10,0,0,10,0.64
1072,24,0,1,0,31.74399957060814,1,1,0,0,10,0,0,10,0.64
1072,24,0,2,0,9.216000325977802,1,1,0,0,10,0,0,10,0.64
1072,24,0,3,0,4.095999989658594,1,1,0,0,10,0,0,10,0.64
1072,40,0,0,1,14.336000196635723,1,1,0,1,9,0,0,10,54.05
1072,40,0,1,1,32.76799991726875,1,1,0,1,9,0,0,10,54.05
1072,40,0,2,1,8.191999979317188,1,1,0,1,9,0,0,10,54.05
1072,40,0,3,1,3.0720001086592674,1,1,0,1,9,0,0,10,54.05
1073,2,0,0,0,14.336000196635723,4,4,0,0,40,0,0,40,4.78
1073,2,0,1,0,68.60800087451935,4,4,0,0,40,0,0,40,4.78
1073,2,0,2,0,8.191999979317188,4,4,0,0,40,0,0,40,4.78
1073,2,0,3,0,6.144000217318535,4,4,0,0,40,0,0,40,4.78
1073,24,0,0,0,8.191999979317188,4,4,0,0,40,0,0,40,2.66
1073,24,0,1,0,71.68000191450119,4,4,0,0,40,0,0,40,2.66
1073,24,0,2,0,9.216000325977802,4,4,0,0,40,0,0,40,2.66
1073,24,0,3,0,4.095999989658594,4,4,0,0,40,0,0,40,2.66
1073,40,0,0,1,8.191999979317188,4,4,0,1,39,0,0,40,64.73
1073,40,0,1,1,57.34400078654289,4,4,0,1,39,0,0,40,64.73
1073,40,0,2,1,9.216000325977802,4,4,0,1,39,0,0,40,64.73
1073,40,0,3,1,4.095999989658594,4,4,0,1,39,0,0,40,64.73
1074,2,0,0,0,14.336000196635723,4,4,0,0,40,0,0,40,4.44
1074,2,0,1,0,66.56000018119812,4,4,0,0,40,0,0,40,4.44
1074,2,0,2,0,8.191999979317188,4,4,0,0,40,0,0,40,4.44
1074,2,0,3,0,6.144000217318535,4,4,0,0,40,0,0,40,4.44
1074,24,0,0,0,7.168000098317862,4,4,0,0,40,0,0,40,4.62
1074,24,0,1,0,70.65600156784058,4,4,0,0,40,0,0,40,4.62
1074,24,0,2,0,9.216000325977802,4,4,0,0,40,0,0,40,4.62
1074,24,0,3,0,3.0720001086592674,4,4,0,0,40,0,0,40,4.62
1074,40,0,0,1,8.191999979317188,4,4,0,0,40,0,0,40,2.8
1074,40,0,1,1,63.48799914121628,4,4,0,0,40,0,0,40,2.8
1074,40,0,2,1,9.216000325977802,4,4,0,0,40,0,0,40,2.8
1074,40,0,3,1,4.095999989658594,4,4,0,0,40,0,0,40,2.8
1075,2,0,0,0,9.216000325977802,4,4,0,0,40,0,0,40,2.631
1075,2,0,1,0,66.56000018119812,4,4,0,0,40,0,0,40,2.631
1075,2,0,2,0,9.216000325977802,4,4,0,0,40,0,0,40,2.631
1075,2,0,3,0,6.144000217318535,4,4,0,0,40,0,0,40,2.631
1075,24,0,0,0,8.191999979317188,4,4,0,0,40,0,0,40,4.04
1075,24,0,1,0,62.463998794555664,4,4,0,0,40,0,0,40,4.04
1075,24,0,2,0,9.216000325977802,4,4,0,0,40,0,0,40,4.04
1075,24,0,3,0,4.095999989658594,4,4,0,0,40,0,0,40,4.04
1075,40,0,0,1,8.191999979317188,4,4,0,0,40,0,0,40,2.08
1075,40,0,1,1,53.247999399900436,4,4,0,0,40,0,0,40,2.08
1075,40,0,2,1,9.216000325977802,4,4,0,0,40,0,0,40,2.08
1075,40,0,3,1,4.095999989658594,4,4,0,0,40,0,0,40,2.08
1076,2,0,0,0,13.311999849975109,4,4,0,0,40,0,0,40,2.911
1076,2,0,1,0,70.65600156784058,4,4,0,0,40,0,0,40,2.911
1076,2,0,2,0,8.191999979317188,4,4,0,0,40,0,0,40,2.911
1076,2,0,3,0,5.119999870657921,4,4,0,0,40,0,0,40,2.911
1076,24,0,0,0,8.191999979317188,4,4,0,0,40,0,0,40,2.251
1076,24,0,1,0,60.416001826524734,4,4,0,0,40,0,0,40,2.251
1076,24,0,2,0,8.191999979317188,4,4,0,0,40,0,0,40,2.251
1076,24,0,3,0,4.095999989658594,4,4,0,0,40,0,0,40,2.251
1076,40,0,0,1,8.191999979317188,4,4,0,1,39,0,0,40,81.51
1076,40,0,1,1,65.5359998345375,4,4,0,1,39,0,0,40,81.51
1076,40,0,2,1,9.216000325977802,4,4,0,1,39,0,0,40,81.51
1076,40,0,3,1,4.095999989658594,4,4,0,1,39,0,0,40,81.51
1077,2,0,0,0,14.336000196635723,4,4,0,0,40,0,0,40,5.98
1077,2,0,1,0,83.96799862384796,4,4,0,0,40,0,0,40,5.98
1077,2,0,2,0,9.216000325977802,4,4,0,0,40,0,0,40,5.98
1077,2,0,3,0,5.119999870657921,4,4,0,0,40,0,0,40,5.98
1077,24,0,0,0,8.191999979317188,4,4,0,1,39,0,0,40,91.15
1077,24,0,1,0,58.36800113320351,4,4,0,1,39,0,0,40,91.15
1077,24,0,2,0,9.216000325977802,4,4,0,1,39,0,0,40,91.15
1077,24,0,3,0,11.264000087976456,4,4,0,1,39,0,0,40,91.15
1077,40,0,0,1,14.336000196635723,4,4,0,1,39,0,0,40,86.95
1077,40,0,1,1,65.5359998345375,4,4,0,1,39,0,0,40,86.95
1077,40,0,2,1,9.216000325977802,4,4,0,1,39,0,0,40,86.95
1077,40,0,3,1,4.095999989658594,4,4,0,1,39,0,0,40,86.95
1078,2,0,0,0,8.191999979317188,1,1,0,0,10,0,0,10,1.0
1078,2,0,1,0,32.76799991726875,1,1,0,0,10,0,0,10,1.0
1078,2,0,2,0,9.216000325977802,1,1,0,0,10,0,0,10,1.0
1078,2,0,3,0,4.095999989658594,1,1,0,0,10,0,0,10,1.0
1078,24,0,0,0,9.216000325977802,1,1,0,0,10,0,0,10,0.84
1078,24,0,1,0,32.76799991726875,1,1,0,0,10,0,0,10,0.84
1078,24,0,2,0,9.216000325977802,1,1,0,0,10,0,0,10,0.84
1078,24,0,3,0,4.095999989658594,1,1,0,0,10,0,0,10,0.84
1078,40,0,0,1,8.191999979317188,1,1,0,0,10,0,0,10,0.5
1078,40,0,1,1,34.81600061058998,1,1,0,0,10,0,0,10,0.5
1078,40,0,2,1,8.191999979317188,1,1,0,0,10,0,0,10,0.5
1078,40,0,3,1,4.095999989658594,1,1,0,0,10,0,0,10,0.5
1079,2,0,0,0,9.216000325977802,1,1,0,0,10,0,0,10,0.82
1079,2,0,1,0,31.74399957060814,1,1,0,0,10,0,0,10,0.82
1079,2,0,2,0,9.216000325977802,1,1,0,0,10,0,0,10,0.82
1079,2,0,3,0,5.119999870657921,1,1,0,0,10,0,0,10,0.82
1079,24,0,0,0,8.191999979317188,1,1,0,0,10,0,0,10,0.78
1079,24,0,1,0,30.719999223947525,1,1,0,0,10,0,0,10,0.78
1079,24,0,2,0,8.191999979317188,1,1,0,0,10,0,0,10,0.78
1079,24,0,3,0,4.095999989658594,1,1,0,0,10,0,0,10,0.78
1079,40,0,0,1,8.191999979317188,1,1,0,1,9,0,0,10,50.7
1079,40,0,1,1,32.76799991726875,1,1,0,1,9,0,0,10,50.7
1079,40,0,2,1,8.191999979317188,1,1,0,1,9,0,0,10,50.7
1079,40,0,3,1,4.095999989658594,1,1,0,1,9,0,0,10,50.7
1080,2,0,0,0,9.216000325977802,4,4,0,0,40,0,0,40,4.74
1080,2,0,1,0,77.82399654388428,4,4,0,0,40,0,0,40,4.74
1080,2,0,2,0,9.216000325977802,4,4,0,0,40,0,0,40,4.74
1080,2,0,3,0,7.168000098317862,4,4,0,0,40,0,0,40,4.74
1080,24,0,0,0,8.191999979317188,4,4,0,0,40,0,0,40,5.251
1080,24,0,1,0,62.463998794555664,4,4,0,0,40,0,0,40,5.251
1080,24,0,2,0,8.191999979317188,4,4,0,0,40,0,0,40,5.251
1080,24,0,3,0,5.119999870657921,4,4,0,0,40,0,0,40,5.251
1080,40,0,0,1,8.191999979317188,4,4,0,0,40,0,0,40,2.42
1080,40,0,1,1,71.68000191450119,4,4,0,0,40,0,0,40,2.42
1080,40,0,2,1,9.216000325977802,4,4,0,0,40,0,0,40,2.42
1080,40,0,3,1,4.095999989658594,4,4,0,0,40,0,0,40,2.42
1081,2,0,0,0,14.336000196635723,4,4,0,0,40,0,0,40,3.22
1081,2,0,1,0,87.0399996638298,4,4,0,0,40,0,0,40,3.22
1081,2,0,2,0,9.216000325977802,4,4,0,0,40,0,0,40,3.22
1081,2,0,3,0,5.119999870657921,4,4,0,0,40,0,0,40,3.22
1081,24,0,0,0,8.191999979317188,4,4,0,0,40,0,0,40,3.149
1081,24,0,1,0,71.68000191450119,4,4,0,0,40,0,0,40,3.149
1081,24,0,2,0,9.216000325977802,4,4,0,0,40,0,0,40,3.149
1081,24,0,3,0,4.095999989658594,4,4,0,0,40,0,0,40,3.149
1081,40,0,0,1,9.216000325977802,4,4,0,0,40,0,0,40,2.94
1081,40,0,1,1,62.463998794555664,4,4,0,0,40,0,0,40,2.94
1081,40,0,2,1,8.191999979317188,4,4,0,0,40,0,0,40,2.94
1081,40,0,3,1,4.095999989658594,4,4,0,0,40,0,0,40,2.94
1082,2,0,0,0,14.336000196635723,4,4,0,0,40,0,0,40,5.74
1082,2,0,1,0,82.94399827718735,4,4,0,0,40,0,0,40,5.74
1082,2,0,2,0,9.216000325977802,4,4,0,0,40,0,0,40,5.74
1082,2,0,3,0,5.119999870657921,4,4,0,0,40,0,0,40,5.74
1082,24,0,0,0,9.216000325977802,4,4,0,1,39,0,0,40,69.01
1082,24,0,1,0,72.7040022611618,4,4,0,1,39,0,0,40,69.01
1082,24,0,2,0,9.216000325977802,4,4,0,1,39,0,0,40,69.01
1082,24,0,3,0,4.095999989658594,4,4,0,1,39,0,0,40,69.01
1082,40,0,0,1,14.336000196635723,4,4,0,0,40,0,0,40,2.77
1082,40,0,1,1,59.39200147986412,4,4,0,0,40,0,0,40,2.77
1082,40,0,2,1,8.191999979317188,4,4,0,0,40,0,0,40,2.77
1082,40,0,3,1,4.095999989658594,4,4,0,0,40,0,0,40,2.77
1083,2,0,0,0,14.336000196635723,4,4,0,0,40,0,0,40,3.13
1083,2,0,1,0,74.75200295448303,4,4,0,0,40,0,0,40,3.13
1083,2,0,2,0,8.191999979317188,4,4,0,0,40,0,0,40,3.13
1083,2,0,3,0,5.119999870657921,4,4,0,0,40,0,0,40,3.13
1083,24,0,0,0,8.191999979317188,4,4,0,0,40,0,0,40,2.649
1083,24,0,1,0,63.48799914121628,4,4,0,0,40,0,0,40,2.649
1083,24,0,2,0,8.191999979317188,4,4,0,0,40,0,0,40,2.649
1083,24,0,3,0,4.095999989658594,4,4,0,0,40,0,0,40,2.649
1083,40,0,0,1,14.336000196635723,4,4,0,0,40,0,0,40,2.54
1083,40,0,1,1,56.32000043988228,4,4,0,0,40,0,0,40,2.54
1083,40,0,2,1,9.216000325977802,4,4,0,0,40,0,0,40,2.54
1083,40,0,3,1,4.095999989658594,4,4,0,0,40,0,0,40,2.54
1084,2,0,0,0,149.50400590896606,4,4,0,0,40,0,0,40,5.711
1084,2,0,1,0,71.68000191450119,4,4,0,0,40,0,0,40,5.711
1084,2,0,2,0,9.216000325977802,4,4,0,0,40,0,0,40,5.711
1084,2,0,3,0,6.144000217318535,4,4,0,0,40,0,0,40,5.711
1084,24,0,0,0,8.191999979317188,4,4,0,0,40,0,0,40,2.79
1084,24,0,1,0,67.58400052785873,4,4,0,0,40,0,0,40,2.79
1084,24,0,2,0,8.191999979317188,4,4,0,0,40,0,0,40,2.79
1084,24,0,3,0,4.095999989658594,4,4,0,0,40,0,0,40,2.79
1084,40,0,0,1,10.239999741315842,4,4,0,0,40,0,0,40,7.26
1084,40,0,1,1,62.463998794555664,4,4,0,0,40,0,0,40,7.26
1084,40,0,2,1,9.216000325977802,4,4,0,0,40,0,0,40,7.26
1084,40,0,3,1,4.095999989658594,4,4,0,0,40,0,0,40,7.26
1085,2,0,0,0,9.216000325977802,4,4,0,1,39,0,0,40,82.149
1085,2,0,1,0,83.96799862384796,4,4,0,1,39,0,0,40,82.149
1085,2,0,2,0,9.216000325977802,4,4,0,1,39,0,0,40,82.149
1085,2,0,3,0,5.119999870657921,4,4,0,1,39,0,0,40,82.149
1085,24,0,0,0,8.191999979317188,4,4,0,1,39,0,0,40,77.36
1085,24,0,1,0,58.36800113320351,4,4,0,1,39,0,0,40,77.36
1085,24,0,2,0,9.216000325977802,4,4,0,1,39,0,0,40,77.36
1085,24,0,3,0,4.095999989658594,4,4,0,1,39,0,0,40,77.36
1085,40,0,0,1,8.191999979317188,4,4,0,0,40,0,0,40,2.53
1085,40,0,1,1,69.63200122117996,4,4,0,0,40,0,0,40,2.53
1085,40,0,2,1,8.191999979317188,4,4,0,0,40,0,0,40,2.53
1085,40,0,3,1,4.095999989658594,4,4,0,0,40,0,0,40,2.53
1086,2,0,0,0,14.336000196635723,4,4,0,0,40,0,0,40,3.01
1086,2,0,1,0,64.51199948787689,4,4,0,0,40,0,0,40,3.01
1086,2,0,2,0,9.216000325977802,4,4,0,0,40,0,0,40,3.01
1086,2,0,3,0,5.119999870657921,4,4,0,0,40,0,0,40,3.01
1086,24,0,0,0,9.216000325977802,4,4,0,1,39,0,0,40,70.91
1086,24,0,1,0,69.63200122117996,4,4,0,1,39,0,0,40,70.91
1086,24,0,2,0,9.216000325977802,4,4,0,1,39,0,0,40,70.91
1086,24,0,3,0,4.095999989658594,4,4,0,1,39,0,0,40,70.91
1086,40,0,0,1,15.359999611973763,4,4,0,0,40,0,0,40,2.42
1086,40,0,1,1,69.63200122117996,4,4,0,0,40,0,0,40,2.42
1086,40,0,2,1,9.216000325977802,4,4,0,0,40,0,0,40,2.42
1086,40,0,3,1,4.095999989658594,4,4,0,0,40,0,0,40,2.42
1087,2,0,0,0,10.239999741315842,4,4,0,1,39,0,0,40,71.8
1087,2,0,1,0,77.82399654388428,4,4,0,1,39,0,0,40,71.8
1087,2,0,2,0,9.216000325977802,4,4,0,1,39,0,0,40,71.8
1087,2,0,3,0,6.144000217318535,4,4,0,1,39,0,0,40,71.8
1087,24,0,0,0,8.191999979317188,4,4,0,0,40,0,0,40,5.731
1087,24,0,1,0,83.96799862384796,4,4,0,0,40,0,0,40,5.731
1087,24,0,2,0,9.216000325977802,4,4,0,0,40,0,0,40,5.731
1087,24,0,3,0,4.095999989658594,4,4,0,0,40,0,0,40,5.731
1087,40,0,0,1,8.191999979317188,4,4,0,1,39,0,0,40,77.35
1087,40,0,1,1,79.8719972372055,4,4,0,1,39,0,0,40,77.35
1087,40,0,2,1,9.216000325977802,4,4,0,1,39,0,0,40,77.35
1087,40,0,3,1,4.095999989658594,4,4,0,1,39,0,0,40,77.35
1088,2,0,0,0,13.311999849975109,4,4,0,0,40,0,0,40,3.64
1088,2,0,1,0,74.75200295448303,4,4,0,0,40,0,0,40,3.64
1088,2,0,2,0,9.216000325977802,4,4,0,0,40,0,0,40,3.64
1088,2,0,3,0,7.168000098317862,4,4,0,0,40,0,0,40,3.64
1088,24,0,0,0,8.191999979317188,4,4,0,2,38,0,0,40,67.43
1088,24,0,1,0,64.51199948787689,4,4,0,2,38,0,0,40,67.43
1088,24,0,2,0,9.216000325977802,4,4,0,2,38,0,0,40,67.43
1088,24,0,3,0,4.095999989658594,4,4,0,2,38,0,0,40,67.43
1088,40,0,0,1,8.191999979317188,4,4,0,1,39,0,0,40,75.689
1088,40,0,1,1,72.7040022611618,4,4,0,1,39,0,0,40,75.689
1088,40,0,2,1,9.216000325977802,4,4,0,1,39,0,0,40,75.689
1088,40,0,3,1,4.095999989658594,4,4,0,1,39,0,0,40,75.689
1089,2,0,0,0,8.191999979317188,4,4,0,2,38,0,0,40,113.28
1089,2,0,1,0,76.80000364780426,4,4,0,2,38,0,0,40,113.28
1089,2,0,2,0,9.216000325977802,4,4,0,2,38,0,0,40,113.28
1089,2,0,3,0,14.336000196635723,4,4,0,2,38,0,0,40,113.28
1089,24,0,0,0,9.216000325977802,4,4,0,0,40,0,0,40,5.54
1089,24,0,1,0,69.63200122117996,4,4,0,0,40,0,0,40,5.54
1089,24,0,2,0,9.216000325977802,4,4,0,0,40,0,0,40,5.54
1089,24,0,3,0,4.095999989658594,4,4,0,0,40,0,0,40,5.54
1089,40,0,0,1,14.336000196635723,4,4,0,0,40,0,0,40,2.48
1089,40,0,1,1,65.5359998345375,4,4,0,0,40,0,0,40,2.48
1089,40,0,2,1,9.216000325977802,4,4,0,0,40,0,0,40,2.48
1089,40,0,3,1,4.095999989658594,4,4,0,0,40,0,0,40,2.48
1090,2,0,0,0,8.191999979317188,4,4,0,3,36,1,0,40,161.399
1090,2,0,1,0,74.75200295448303,4,4,0,3,36,1,0,40,161.399
1090,2,0,2,0,162.81600296497345,4,4,0,3,36,1,0,40,161.399
1090,2,0,3,0,6.144000217318535,4,4,0,3,36,1,0,40,161.399
1090,24,0,0,0,8.191999979317188,4,4,0,0,40,0,0,40,2.791
1090,24,0,1,0,59.39200147986412,4,4,0,0,40,0,0,40,2.791
1090,24,0,2,0,9.216000325977802,4,4,0,0,40,0,0,40,2.791
1090,24,0,3,0,4.095999989658594,4,4,0,0,40,0,0,40,2.791
1090,40,0,0,1,14.336000196635723,4,4,0,0,40,0,0,40,4.77
1090,40,0,1,1,63.48799914121628,4,4,0,0,40,0,0,40,4.77
1090,40,0,2,1,9.216000325977802,4,4,0,0,40,0,0,40,4.77
1090,40,0,3,1,4.095999989658594,4,4,0,0,40,0,0,40,4.77
1091,2,0,0,0,9.216000325977802,4,4,0,1,39,0,0,40,96.429
1091,2,0,1,0,91.13600105047226,4,4,0,1,39,0,0,40,96.429
1091,2,0,2,0,9.216000325977802,4,4,0,1,39,0,0,40,96.429
1091,2,0,3,0,6.144000217318535,4,4,0,1,39,0,0,40,96.429
1091,24,0,0,0,10.239999741315842,4,4,0,1,39,0,0,40,75.339
1091,24,0,1,0,73.72800260782242,4,4,0,1,39,0,0,40,75.339
1091,24,0,2,0,8.191999979317188,4,4,0,1,39,0,0,40,75.339
1091,24,0,3,0,4.095999989658594,4,4,0,1,39,0,0,40,75.339
1091,40,0,0,1,9.216000325977802,4,4,0,2,38,0,0,40,131.78
1091,40,0,1,1,67.58400052785873,4,4,0,2,38,0,0,40,131.78
1091,40,0,2,1,9.216000325977802,4,4,0,2,38,0,0,40,131.78
1091,40,0,3,1,46.08000069856644,4,4,0,2,38,0,0,40,131.78
1092,2,0,0,0,14.336000196635723,4,4,0,1,39,0,0,40,63.039
1092,2,0,1,0,83.96799862384796,4,4,0,1,39,0,0,40,63.039
1092,2,0,2,0,9.216000325977802,4,4,0,1,39,0,0,40,63.039
1092,2,0,3,0,7.168000098317862,4,4,0,1,39,0,0,40,63.039
1092,24,0,0,0,8.191999979317188,4,4,0,1,39,0,0,40,55.311
1092,24,0,1,0,77.82399654388428,4,4,0,1,39,0,0,40,55.311
1092,24,0,2,0,8.191999979317188,4,4,0,1,39,0,0,40,55.311
1092,24,0,3,0,4.095999989658594,4,4,0,1,39,0,0,40,55.311
1092,40,0,0,1,8.191999979317188,4,4,0,0,40,0,0,40,2.28
1092,40,0,1,1,62.463998794555664,4,4,0,0,40,0,0,40,2.28
1092,40,0,2,1,9.216000325977802,4,4,0,0,40,0,0,40,2.28
1092,40,0,3,1,4.095999989658594,4,4,0,0,40,0,0,40,2.28
1093,2,0,0,0,9.216000325977802,4,4,0,1,39,0,0,40,83.97
1093,2,0,1,0,88.06400001049042,4,4,0,1,39,0,0,40,83.97
1093,2,0,2,0,8.191999979317188,4,4,0,1,39,0,0,40,83.97
1093,2,0,3,0,6.144000217318535,4,4,0,1,39,0,0,40,83.97
1093,24,0,0,0,8.191999979317188,4,4,0,0,40,0,0,40,4.41
1093,24,0,1,0,57.34400078654289,4,4,0,0,40,0,0,40,4.41
1093,24,0,2,0,9.216000325977802,4,4,0,0,40,0,0,40,4.41
1093,24,0,3,0,4.095999989658594,4,4,0,0,40,0,0,40,4.41
1093,40,0,0,1,15.359999611973763,4,4,0,0,40,0,0,40,5.15
1093,40,0,1,1,70.65600156784058,4,4,0,0,40,0,0,40,5.15
1093,40,0,2,1,9.216000325977802,4,4,0,0,40,0,0,40,5.15
1093,40,0,3,1,5.119999870657921,4,4,0,0,40,0,0,40,5.15
1094,2,0,0,0,14.336000196635723,4,4,0,0,40,0,0,40,5.54
1094,2,0,1,0,78.84799689054489,4,4,0,0,40,0,0,40,5.54
1094,2,0,2,0,9.216000325977802,4,4,0,0,40,0,0,40,5.54
1094,2,0,3,0,5.119999870657921,4,4,0,0,40,0,0,40,5.54
1094,24,0,0,0,9.216000325977802,4,4,0,0,40,0,0,40,4.431
1094,24,0,1,0,80.89599758386612,4,4,0,0,40,0,0,40,4.431
1094,24,0,2,0,9.216000325977802,4,4,0,0,40,0,0,40,4.431
1094,24,0,3,0,3.0720001086592674,4,4,0,0,40,0,0,40,4.431
1094,40,0,0,1,9.216000325977802,4,4,0,1,39,0,0,40,78.529
1094,40,0,1,1,76.80000364780426,4,4,0,1,39,0,0,40,78.529
1094,40,0,2,1,9.216000325977802,4,4,0,1,39,0,0,40,78.529
1094,40,0,3,1,4.095999989658594,4,4,0,1,39,0,0,40,78.529
1095,2,0,0,0,15.359999611973763,4,4,0,1,39,0,0,40,87.18
1095,2,0,1,0,87.0399996638298,4,4,0,1,39,0,0,40,87.18
1095,2,0,2,0,9.216000325977802,4,4,0,1,39,0,0,40,87.18
1095,2,0,3,0,5.119999870657921,4,4,0,1,39,0,0,40,87.18
1095,24,0,0,0,8.191999979317188,4,4,0,0,40,0,0,40,4.1
1095,24,0,1,0,74.75200295448303,4,4,0,0,40,0,0,40,4.1
1095,24,0,2,0,9.216000325977802,4,4,0,0,40,0,0,40,4.1
1095,24,0,3,0,4.095999989658594,4,4,0,0,40,0,0,40,4.1
1095,40,0,0,1,14.336000196635723,4,4,0,0,40,0,0,40,4.54
1095,40,0,1,1,69.63200122117996,4,4,0,0,40,0,0,40,4.54
1095,40,0,2,1,9.216000325977802,4,4,0,0,40,0,0,40,4.54
1095,40,0,3,1,4.095999989658594,4,4,0,0,40,0,0,40,4.54
1096,2,0,0,0,14.336000196635723,4,4,0,0,40,0,0,40,5.2
1096,2,0,1,0,74.75200295448303,4,4,0,0,40,0,0,40,5.2
1096,2,0,2,0,8.191999979317188,4,4,0,0,40,0,0,40,5.2
1096,2,0,3,0,6.144000217318535,4,4,0,0,40,0,0,40,5.2
1096,24,0,0,0,8.191999979317188,4,4,0,1,39,0,0,40,55.57
1096,24,0,1,0,75.77600330114365,4,4,0,1,39,0,0,40,55.57
1096,24,0,2,0,8.191999979317188,4,4,0,1,39,0,0,40,55.57
1096,24,0,3,0,4.095999989658594,4,4,0,1,39,0,0,40,55.57
1096,40,0,0,1,8.191999979317188,4,4,0,1,39,0,0,40,267.269
1096,40,0,1,1,69.63200122117996,4,4,0,1,39,0,0,40,267.269
1096,40,0,2,1,8.191999979317188,4,4,0,1,39,0,0,40,267.269
1096,40,0,3,1,176.12800002098083,4,4,0,1,39,0,0,40,267.269
1097,2,0,0,0,8.191999979317188,3,3,0,2,28,0,0,30,104.23
1097,2,0,1,0,70.65600156784058,3,3,0,2,28,0,0,30,104.23
1097,2,0,2,0,9.216000325977802,3,3,0,2,28,0,0,30,104.23
1097,2,0,3,0,12.28800043463707,3,3,0,2,28,0,0,30,104.23
1097,24,0,0,0,8.191999979317188,3,3,0,0,30,0,0,30,3.88
1097,24,0,1,0,68.60800087451935,3,3,0,0,30,0,0,30,3.88
1097,24,0,2,0,8.191999979317188,3,3,0,0,30,0,0,30,3.88
1097,24,0,3,0,5.119999870657921,3,3,0,0,30,0,0,30,3.88
1097,40,0,0,1,8.191999979317188,3,3,0,1,29,0,0,30,75.059
1097,40,0,1,1,65.5359998345375,3,3,0,1,29,0,0,30,75.059
1097,40,0,2,1,9.216000325977802,3,3,0,1,29,0,0,30,75.059
1097,40,0,3,1,4.095999989658594,3,3,0,1,29,0,0,30,75.059
1098,2,0,0,0,13.311999849975109,4,4,0,0,40,0,0,40,4.0
1098,2,0,1,0,86.01599931716919,4,4,0,0,40,0,0,40,4.0
1098,2,0,2,0,9.216000325977802,4,4,0,0,40,0,0,40,4.0
1098,2,0,3,0,6.144000217318535,4,4,0,0,40,0,0,40,4.0
1098,24,0,0,0,8.191999979317188,4,4,0,1,39,0,0,40,74.651
1098,24,0,1,0,59.39200147986412,4,4,0,1,39,0,0,40,74.651
1098,24,0,2,0,9.216000325977802,4,4,0,1,39,0,0,40,74.651
1098,24,0,3,0,4.095999989658594,4,4,0,1,39,0,0,40,74.651
1098,40,0,0,1,14.336000196635723,4,4,0,0,40,0,0,40,4.94
1098,40,0,1,1,74.75200295448303,4,4,0,0,40,0,0,40,4.94
1098,40,0,2,1,8.191999979317188,4,4,0,0,40,0,0,40,4.94
1098,40,0,3,1,4.095999989658594,4,4,0,0,40,0,0,40,4.94
1099,2,0,0,0,8.191999979317188,1,1,0,0,10,0,0,10,0.78
1099,2,0,1,0,32.76799991726875,1,1,0,0,10,0,0,10,0.78
1099,2,0,2,0,9.216000325977802,1,1,0,0,10,0,0,10,0.78
1099,2,0,3,0,4.095999989658594,1,1,0,0,10,0,0,10,0.78
1099,24,0,0,0,8.191999979317188,1,1,0,2,8,0,0,10,84.06
1099,24,0,1,0,26.623999699950218,1,1,0,2,8,0,0,10,84.06
1099,24,0,2,0,8.191999979317188,1,1,0,2,8,0,0,10,84.06
1099,24,0,3,0,37.88800165057182,1,1,0,2,8,0,0,10,84.06
1099,40,0,0,1,8.191999979317188,1,1,0,0,10,0,0,10,0.83
1099,40,0,1,1,35.840000957250595,1,1,0,0,10,0,0,10,0.83
1099,40,0,2,1,9.216000325977802,1,1,0,0,10,0,0,10,0.83
1099,40,0,3,1,4.095999989658594,1,1,0,0,10,0,0,10,0.83
1100,2,0,0,0,9.216000325977802,4,4,0,1,39,0,0,40,90.81
1100,2,0,1,0,83.96799862384796,4,4,0,1,39,0,0,40,90.81
1100,2,0,2,0,9.216000325977802,4,4,0,1,39,0,0,40,90.81
1100,2,0,3,0,5.119999870657921,4,4,0,1,39,0,0,40,90.81
1100,24,0,0,0,8.191999979317188,4,4,0,0,40,0,0,40,6.111
1100,24,0,1,0,83.96799862384796,4,4,0,0,40,0,0,40,6.111
1100,24,0,2,0,9.216000325977802,4,4,0,0,40,0,0,40,6.111
1100,24,0,3,0,4.095999989658594,4,4,0,0,40,0,0,40,6.111
1100,40,0,0,1,13.311999849975109,4,4,0,0,40,0,0,40,3.62
1100,40,0,1,1,89.08800035715103,4,4,0,0,40,0,0,40,3.62
1100,40,0,2,1,8.191999979317188,4,4,0,0,40,0,0,40,3.62
1100,40,0,3,1,4.095999989658594,4,4,0,0,40,0,0,40,3.62
1101,2,0,0,0,9.216000325977802,4,4,0,1,39,0,0,40,148.159
1101,2,0,1,0,67.58400052785873,4,4,0,1,39,0,0,40,148.159
1101,2,0,2,0,9.216000325977802,4,4,0,1,39,0,0,40,148.159
1101,2,0,3,0,61.43999844789505,4,4,0,1,39,0,0,40,148.159
1101,24,0,0,0,8.191999979317188,4,4,0,0,40,0,0,40,5.52
1101,24,0,1,0,70.65600156784058,4,4,0,0,40,0,0,40,5.52
1101,24,0,2,0,9.216000325977802,4,4,0,0,40,0,0,40,5.52
1101,24,0,3,0,4.095999989658594,4,4,0,0,40,0,0,40,5.52
1101,40,0,0,1,9.216000325977802,4,4,0,2,38,0,0,40,353.988
1101,40,0,1,1,65.5359998345375,4,4,0,2,38,0,0,40,353.988
1101,40,0,2,1,9.216000325977802,4,4,0,2,38,0,0,40,353.988
1101,40,0,3,1,266.2400007247925,4,4,0,2,38,0,0,40,353.988
1102,2,0,0,0,15.359999611973763,4,4,0,0,40,0,0,40,5.76
1102,2,0,1,0,89.08800035715103,4,4,0,0,40,0,0,40,5.76
1102,2,0,2,0,9.216000325977802,4,4,0,0,40,0,0,40,5.76
1102,2,0,3,0,5.119999870657921,4,4,0,0,40,0,0,40,5.76
1102,24,0,0,0,8.191999979317188,4,4,0,0,40,0,0,40,3.551
1102,24,0,1,0,88.06400001049042,4,4,0,0,40,0,0,40,3.551
1102,24,0,2,0,9.216000325977802,4,4,0,0,40,0,0,40,3.551
1102,24,0,3,0,4.095999989658594,4,4,0,0,40,0,0,40,3.551
1102,40,0,0,1,8.191999979317188,4,4,0,1,39,0,0,40,73.7
1102,40,0,1,1,77.82399654388428,4,4,0,1,39,0,0,40,73.7
1102,40,0,2,1,9.216000325977802,4,4,0,1,39,0,0,40,73.7
1102,40,0,3,1,4.095999989658594,4,4,0,1,39,0,0,40,73.7
1103,2,0,0,0,9.216000325977802,3,3,0,1,29,0,0,30,68.44
1103,2,0,1,0,62.463998794555664,3,3,0,1,29,0,0,30,68.44
1103,2,0,2,0,8.191999979317188,3,3,0,1,29,0,0,30,68.44
1103,2,0,3,0,5.119999870657921,3,3,0,1,29,0,0,30,68.44
1103,24,0,0,0,8.191999979317188,3,3,0,0,30,0,0,30,2.669
1103,24,0,1,0,55.296000093221664,3,3,0,0,30,0,0,30,2.669
1103,24,0,2,0,9.216000325977802,3,3,0,0,30,0,0,30,2.669
1103,24,0,3,0,4.095999989658594,3,3,0,0,30,0,0,30,2.669
1103,40,0,0,1,8.191999979317188,3,3,0,3,27,0,0,30,230.468
1103,40,0,1,1,52.22399905323982,3,3,0,3,27,0,0,30,230.468
1103,40,0,2,1,8.191999979317188,3,3,0,3,27,0,0,30,230.468
1103,40,0,3,1,154.62400019168854,3,3,0,3,27,0,0,30,230.468
1104,2,0,0,0,9.216000325977802,1,1,0,1,9,0,0,10,53.669
1104,2,0,1,0,30.719999223947525,1,1,0,1,9,0,0,10,53.669
1104,2,0,2,0,9.216000325977802,1,1,0,1,9,0,0,10,53.669
1104,2,0,3,0,6.144000217318535,1,1,0,1,9,0,0,10,53.669
1104,24,0,0,0,8.191999979317188,1,1,0,0,10,0,0,10,0.951
1104,24,0,1,0,31.74399957060814,1,1,0,0,10,0,0,10,0.951
1104,24,0,2,0,8.191999979317188,1,1,0,0,10,0,0,10,0.951
1104,24,0,3,0,5.119999870657921,1,1,0,0,10,0,0,10,0.951
1104,40,0,0,1,9.216000325977802,1,1,0,0,10,0,0,10,0.72
1104,40,0,1,1,35.840000957250595,1,1,0,0,10,0,0,10,0.72
1104,40,0,2,1,9.216000325977802,1,1,0,0,10,0,0,10,0.72
1104,40,0,3,1,4.095999989658594,1,1,0,0,10,0,0,10,0.72
1105,2,0,0,0,9.216000325977802,4,4,0,2,38,0,0,40,111.92
1105,2,0,1,0,87.0399996638298,4,4,0,2,38,0,0,40,111.92
1105,2,0,2,0,10.239999741315842,4,4,0,2,38,0,0,40,111.92
1105,2,0,3,0,5.119999870657921,4,4,0,2,38,0,0,40,111.92
1105,24,0,0,0,8.191999979317188,4,4,0,2,38,0,0,40,110.39
1105,24,0,1,0,72.7040022611618,4,4,0,2,38,0,0,40,110.39
1105,24,0,2,0,9.216000325977802,4,4,0,2,38,0,0,40,110.39
1105,24,0,3,0,16.383999958634377,4,4,0,2,38,0,0,40,110.39
1105,40,0,0,1,8.191999979317188,4,4,0,1,39,0,0,40,120.629
1105,40,0,1,1,71.68000191450119,4,4,0,1,39,0,0,40,120.629
1105,40,0,2,1,9.216000325977802,4,4,0,1,39,0,0,40,120.629
1105,40,0,3,1,26.623999699950218,4,4,0,1,39,0,0,40,120.629
1106,2,0,0,0,9.216000325977802,4,4,0,3,37,0,0,40,154.18
1106,2,0,1,0,83.96799862384796,4,4,0,3,37,0,0,40,154.18
1106,2,0,2,0,9.216000325977802,4,4,0,3,37,0,0,40,154.18
1106,2,0,3,0,51.19999870657921,4,4,0,3,37,0,0,40,154.18
1106,24,0,0,0,8.191999979317188,4,4,0,0,40,0,0,40,4.19
1106,24,0,1,0,78.84799689054489,4,4,0,0,40,0,0,40,4.19
1106,24,0,2,0,9.216000325977802,4,4,0,0,40,0,0,40,4.19
1106,24,0,3,0,4.095999989658594,4,4,0,0,40,0,0,40,4.19
1106,40,0,0,1,9.216000325977802,4,4,0,1,39,0,0,40,67.039
1106,40,0,1,1,71.68000191450119,4,4,0,1,39,0,0,40,67.039
1106,40,0,2,1,9.216000325977802,4,4,0,1,39,0,0,40,67.039
1106,40,0,3,1,5.119999870657921,4,4,0,1,39,0,0,40,67.039
1107,2,0,0,0,9.216000325977802,4,4,0,1,39,0,0,40,70.84
1107,2,0,1,0,84.99199897050858,4,4,0,1,39,0,0,40,70.84
1107,2,0,2,0,9.216000325977802,4,4,0,1,39,0,0,40,70.84
1107,2,0,3,0,5.119999870657921,4,4,0,1,39,0,0,40,70.84
1107,24,0,0,0,8.191999979317188,4,4,0,0,40,0,0,40,5.11
1107,24,0,1,0,75.77600330114365,4,4,0,0,40,0,0,40,5.11
1107,24,0,2,0,9.216000325977802,4,4,0,0,40,0,0,40,5.11
1107,24,0,3,0,4.095999989658594,4,4,0,0,40,0,0,40,5.11
1107,40,0,0,1,9.216000325977802,4,4,0,1,39,0,0,40,76.56
1107,40,0,1,1,74.75200295448303,4,4,0,1,39,0,0,40,76.56
1107,40,0,2,1,9.216000325977802,4,4,0,1,39,0,0,40,76.56
1107,40,0,3,1,4.095999989658594,4,4,0,1,39,0,0,40,76.56
1108,2,0,0,0,18.432000651955605,4,4,0,0,40,0,0,40,5.38
1108,2,0,1,0,93.18400174379349,4,4,0,0,40,0,0,40,5.38
1108,2,0,2,0,9.216000325977802,4,4,0,0,40,0,0,40,5.38
1108,2,0,3,0,5.119999870657921,4,4,0,0,40,0,0,40,5.38
1108,24,0,0,0,8.191999979317188,4,4,0,1,39,0,0,40,83.74
1108,24,0,1,0,66.56000018119812,4,4,0,1,39,0,0,40,83.74
1108,24,0,2,0,8.191999979317188,4,4,0,1,39,0,0,40,83.74
1108,24,0,3,0,4.095999989658594,4,4,0,1,39,0,0,40,83.74
1108,40,0,0,1,9.216000325977802,4,4,0,2,38,0,0,40,109.989
1108,40,0,1,1,74.75200295448303,4,4,0,2,38,0,0,40,109.989
1108,40,0,2,1,9.216000325977802,4,4,0,2,38,0,0,40,109.989
1108,40,0,3,1,12.28800043463707,4,4,0,2,38,0,0,40,109.989
1109,2,0,0,0,16.383999958634377,4,4,0,1,39,0,0,40,78.76
1109,2,0,1,0,81.91999793052673,4,4,0,1,39,0,0,40,78.76
1109,2,0,2,0,8.191999979317188,4,4,0,1,39,0,0,40,78.76
1109,2,0,3,0,6.144000217318535,4,4,0,1,39,0,0,40,78.76
1109,24,0,0,0,8.191999979317188,4,4,0,0,40,0,0,40,2.79
1109,24,0,1,0,64.51199948787689,4,4,0,0,40,0,0,40,2.79
1109,24,0,2,0,9.216000325977802,4,4,0,0,40,0,0,40,2.79
1109,24,0,3,0,4.095999989658594,4,4,0,0,40,0,0,40,2.79
1109,40,0,0,1,15.359999611973763,4,4,0,1,39,0,0,40,74.35
1109,40,0,1,1,72.7040022611618,4,4,0,1,39,0,0,40,74.35
1109,40,0,2,1,9.216000325977802,4,4,0,1,39,0,0,40,74.35
1109,40,0,3,1,4.095999989658594,4,4,0,1,39,0,0,40,74.35
1110,2,0,0,0,8.191999979317188,4,4,0,1,39,0,0,40,66.269
1110,2,0,1,0,87.0399996638298,4,4,0,1,39,0,0,40,66.269
1110,2,0,2,0,9.216000325977802,4,4,0,1,39,0,0,40,66.269
1110,2,0,3,0,6.144000217318535,4,4,0,1,39,0,0,40,66.269
1110,24,0,0,0,8.191999979317188,4,4,0,0,40,0,0,40,3.34
1110,24,0,1,0,78.84799689054489,4,4,0,0,40,0,0,40,3.34
1110,24,0,2,0,9.216000325977802,4,4,0,0,40,0,0,40,3.34
1110,24,0,3,0,5.119999870657921,4,4,0,0,40,0,0,40,3.34
1110,40,0,0,1,8.191999979317188,4,4,0,0,40,0,0,40,3.13
1110,40,0,1,1,89.08800035715103,4,4,0,0,40,0,0,40,3.13
1110,40,0,2,1,9.216000325977802,4,4,0,0,40,0,0,40,3.13
1110,40,0,3,1,4.095999989658594,4,4,0,0,40,0,0,40,3.13
1111,2,0,0,0,8.191999979317188,4,4,0,2,38,0,0,40,94.999
1111,2,0,1,0,90.11200070381165,4,4,0,2,38,0,0,40,94.999
1111,2,0,2,0,9.216000325977802,4,4,0,2,38,0,0,40,94.999
1111,2,0,3,0,5.119999870657921,4,4,0,2,38,0,0,40,94.999
1111,24,0,0,0,8.191999979317188,4,4,0,0,40,0,0,40,3.34
1111,24,0,1,0,77.82399654388428,4,4,0,0,40,0,0,40,3.34
1111,24,0,2,0,9.216000325977802,4,4,0,0,40,0,0,40,3.34
1111,24,0,3,0,4.095999989658594,4,4,0,0,40,0,0,40,3.34
1111,40,0,0,1,8.191999979317188,4,4,0,0,40,0,0,40,5.48
1111,40,0,1,1,76.80000364780426,4,4,0,0,40,0,0,40,5.48
1111,40,0,2,1,9.216000325977802,4,4,0,0,40,0,0,40,5.48
1111,40,0,3,1,4.095999989658594,4,4,0,0,40,0,0,40,5.48
1112,2,0,0,0,13.311999849975109,4,4,0,0,40,0,0,40,3.291
1112,2,0,1,0,87.0399996638298,4,4,0,0,40,0,0,40,3.291
1112,2,0,2,0,9.216000325977802,4,4,0,0,40,0,0,40,3.291
1112,2,0,3,0,5.119999870657921,4,4,0,0,40,0,0,40,3.291
1112,24,0,0,0,8.191999979317188,4,4,0,0,40,0,0,40,2.6
1112,24,0,1,0,70.65600156784058,4,4,0,0,40,0,0,40,2.6
1112,24,0,2,0,9.216000325977802,4,4,0,0,40,0,0,40,2.6
1112,24,0,3,0,4.095999989658594,4,4,0,0,40,0,0,40,2.6
1112,40,0,0,1,15.359999611973763,4,4,0,0,40,0,0,40,2.58
1112,40,0,1,1,58.36800113320351,4,4,0,0,40,0,0,40,2.58
1112,40,0,2,1,9.216000325977802,4,4,0,0,40,0,0,40,2.58
1112,40,0,3,1,4.095999989658594,4,4,0,0,40,0,0,40,2.58
1113,2,0,0,0,15.359999611973763,4,4,0,1,39,0,0,40,93.659
1113,2,0,1,0,88.06400001049042,4,4,0,1,39,0,0,40,93.659
1113,2,0,2,0,9.216000325977802,4,4,0,1,39,0,0,40,93.659
1113,2,0,3,0,5.119999870657921,4,4,0,1,39,0,0,40,93.659
1113,24,0,0,0,7.168000098317862,4,4,0,2,38,0,0,40,105.0
1113,24,0,1,0,69.63200122117996,4,4,0,2,38,0,0,40,105.0
1113,24,0,2,0,9.216000325977802,4,4,0,2,38,0,0,40,105.0
1113,24,0,3,0,13.311999849975109,4,4,0,2,38,0,0,40,105.0
1113,40,0,0,1,14.336000196635723,4,4,0,0,40,0,0,40,2.62
1113,40,0,1,1,68.60800087451935,4,4,0,0,40,0,0,40,2.62
1113,40,0,2,1,8.191999979317188,4,4,0,0,40,0,0,40,2.62
1113,40,0,3,1,4.095999989658594,4,4,0,0,40,0,0,40,2.62
1114,2,0,0,0,14.336000196635723,4,4,0,0,40,0,0,40,2.84
1114,2,0,1,0,74.75200295448303,4,4,0,0,40,0,0,40,2.84
1114,2,0,2,0,9.216000325977802,4,4,0,0,40,0,0,40,2.84
1114,2,0,3,0,6.144000217318535,4,4,0,0,40,0,0,40,2.84
1114,24,0,0,0,8.191999979317188,4,4,0,1,39,0,0,40,97.78
1114,24,0,1,0,81.91999793052673,4,4,0,1,39,0,0,40,97.78
1114,24,0,2,0,8.191999979317188,4,4,0,1,39,0,0,40,97.78
1114,24,0,3,0,4.095999989658594,4,4,0,1,39,0,0,40,97.78
1114,40,0,0,1,14.336000196635723,4,4,0,0,40,0,0,40,2.26
1114,40,0,1,1,58.36800113320351,4,4,0,0,40,0,0,40,2.26
1114,40,0,2,1,9.216000325977802,4,4,0,0,40,0,0,40,2.26
1114,40,0,3,1,4.095999989658594,4,4,0,0,40,0,0,40,2.26
1115,2,0,0,0,14.336000196635723,4,4,0,0,40,0,0,40,2.44
1115,2,0,1,0,80.89599758386612,4,4,0,0,40,0,0,40,2.44
1115,2,0,2,0,9.216000325977802,4,4,0,0,40,0,0,40,2.44
1115,2,0,3,0,5.119999870657921,4,4,0,0,40,0,0,40,2.44
1115,24,0,0,0,7.168000098317862,4,4,0,3,37,0,0,40,105.58
1115,24,0,1,0,66.56000018119812,4,4,0,3,37,0,0,40,105.58
1115,24,0,2,0,9.216000325977802,4,4,0,3,37,0,0,40,105.58
1115,24,0,3,0,16.383999958634377,4,4,0,3,37,0,0,40,105.58
1115,40,0,0,1,8.191999979317188,4,4,0,1,39,0,0,40,80.029
1115,40,0,1,1,69.63200122117996,4,4,0,1,39,0,0,40,80.029
1115,40,0,2,1,9.216000325977802,4,4,0,1,39,0,0,40,80.029
1115,40,0,3,1,4.095999989658594,4,4,0,1,39,0,0,40,80.029
1116,2,0,0,0,14.336000196635723,4,4,0,0,40,0,0,40,5.24
1116,2,0,1,0,95.23200243711472,4,4,0,0,40,0,0,40,5.24
1116,2,0,2,0,9.216000325977802,4,4,0,0,40,0,0,40,5.24
1116,2,0,3,0,7.168000098317862,4,4,0,0,40,0,0,40,5.24
1116,24,0,0,0,10.239999741315842,4,4,0,1,39,0,0,40,66.559
1116,24,0,1,0,81.91999793052673,4,4,0,1,39,0,0,40,66.559
1116,24,0,2,0,9.216000325977802,4,4,0,1,39,0,0,40,66.559
1116,24,0,3,0,4.095999989658594,4,4,0,1,39,0,0,40,66.559
1116,40,0,0,1,15.359999611973763,4,4,0,0,40,0,0,40,3.03
1116,40,0,1,1,89.08800035715103,4,4,0,0,40,0,0,40,3.03
1116,40,0,2,1,9.216000325977802,4,4,0,0,40,0,0,40,3.03
1116,40,0,3,1,4.095999989658594,4,4,0,0,40,0,0,40,3.03
1117,2,0,0,0,14.336000196635723,4,4,0,0,40,0,0,40,4.951
1117,2,0,1,0,81.91999793052673,4,4,0,0,40,0,0,40,4.951
1117,2,0,2,0,8.191999979317188,4,4,0,0,40,0,0,40,4.951
1117,2,0,3,0,6.144000217318535,4,4,0,0,40,0,0,40,4.951
1117,24,0,0,0,8.191999979317188,4,4,0,1,39,0,0,40,105.16
1117,24,0,1,0,70.65600156784058,4,4,0,1,39,0,0,40,105.16
1117,24,0,2,0,9.216000325977802,4,4,0,1,39,0,0,40,105.16
1117,24,0,3,0,11.264000087976456,4,4,0,1,39,0,0,40,105.16
1117,40,0,0,1,8.191999979317188,4,4,0,1,39,0,0,40,88.979
1117,40,0,1,1,75.77600330114365,4,4,0,1,39,0,0,40,88.979
1117,40,0,2,1,9.216000325977802,4,4,0,1,39,0,0,40,88.979
1117,40,0,3,1,4.095999989658594,4,4,0,1,39,0,0,40,88.979
1118,2,0,0,0,14.336000196635723,4,4,0,1,39,0,0,40,114.13
1118,2,0,1,0,91.13600105047226,4,4,0,1,39,0,0,40,114.13
1118,2,0,2,0,9.216000325977802,4,4,0,1,39,0,0,40,114.13
1118,2,0,3,0,6.144000217318535,4,4,0,1,39,0,0,40,114.13
1118,24,0,0,0,7.168000098317862,4,4,0,3,37,0,0,40,140.239
1118,24,0,1,0,72.7040022611618,4,4,0,3,37,0,0,40,140.239
1118,24,0,2,0,9.216000325977802,4,4,0,3,37,0,0,40,140.239
1118,24,0,3,0,46.08000069856644,4,4,0,3,37,0,0,40,140.239
1118,40,0,0,1,9.216000325977802,4,4,0,0,40,0,0,40,2.76
1118,40,0,1,1,82.94399827718735,4,4,0,0,40,0,0,40,2.76
1118,40,0,2,1,9.216000325977802,4,4,0,0,40,0,0,40,2.76
1118,40,0,3,1,4.095999989658594,4,4,0,0,40,0,0,40,2.76
1119,2,0,0,0,9.216000325977802,4,4,0,1,39,0,0,40,86.63
1119,2,0,1,0,86.01599931716919,4,4,0,1,39,0,0,40,86.63
1119,2,0,2,0,9.216000325977802,4,4,0,1,39,0,0,40,86.63
1119,2,0,3,0,5.119999870657921,4,4,0,1,39,0,0,40,86.63
1119,24,0,0,0,9.216000325977802,4,4,0,0,40,0,0,40,6.29
1119,24,0,1,0,77.82399654388428,4,4,0,0,40,0,0,40,6.29
1119,24,0,2,0,9.216000325977802,4,4,0,0,40,0,0,40,6.29
1119,24,0,3,0,4.095999989658594,4,4,0,0,40,0,0,40,6.29
1119,40,0,0,1,8.191999979317188,4,4,0,1,39,0,0,40,72.159
1119,40,0,1,1,72.7040022611618,4,4,0,1,39,0,0,40,72.159
1119,40,0,2,1,9.216000325977802,4,4,0,1,39,0,0,40,72.159
1119,40,0,3,1,4.095999989658594,4,4,0,1,39,0,0,40,72.159
1120,2,0,0,0,15.359999611973763,4,4,0,0,40,0,0,40,2.83
1120,2,0,1,0,68.60800087451935,4,4,0,0,40,0,0,40,2.83
1120,2,0,2,0,9.216000325977802,4,4,0,0,40,0,0,40,2.83
1120,2,0,3,0,5.119999870657921,4,4,0,0,40,0,0,40,2.83
1120,24,0,0,0,7.168000098317862,4,4,0,0,40,0,0,40,5.01
1120,24,0,1,0,79.8719972372055,4,4,0,0,40,0,0,40,5.01
1120,24,0,2,0,8.191999979317188,4,4,0,0,40,0,0,40,5.01
1120,24,0,3,0,4.095999989658594,4,4,0,0,40,0,0,40,5.01
1120,40,0,0,1,8.191999979317188,4,4,0,1,39,0,0,40,81.93
1120,40,0,1,1,88.06400001049042,4,4,0,1,39,0,0,40,81.93
1120,40,0,2,1,9.216000325977802,4,4,0,1,39,0,0,40,81.93
1120,40,0,3,1,4.095999989658594,4,4,0,1,39,0,0,40,81.93
1121,2,0,0,0,8.191999979317188,4,4,0,1,39,0,0,40,153.15
1121,2,0,1,0,86.01599931716919,4,4,0,1,39,0,0,40,153.15
1121,2,0,2,0,9.216000325977802,4,4,0,1,39,0,0,40,153.15
1121,2,0,3,0,46.08000069856644,4,4,0,1,39,0,0,40,153.15
1121,24,0,0,0,8.191999979317188,4,4,0,0,40,0,0,40,5.85
1121,24,0,1,0,95.23200243711472,4,4,0,0,40,0,0,40,5.85
1121,24,0,2,0,9.216000325977802,4,4,0,0,40,0,0,40,5.85
1121,24,0,3,0,4.095999989658594,4,4,0,0,40,0,0,40,5.85
1121,40,0,0,1,8.191999979317188,4,4,0,1,39,0,0,40,100.42
1121,40,0,1,1,93.18400174379349,4,4,0,1,39,0,0,40,100.42
1121,40,0,2,1,9.216000325977802,4,4,0,1,39,0,0,40,100.42
1121,40,0,3,1,5.119999870657921,4,4,0,1,39,0,0,40,100.42
1122,2,0,0,0,9.216000325977802,4,4,0,2,38,0,0,40,111.16
1122,2,0,1,0,78.84799689054489,4,4,0,2,38,0,0,40,111.16
1122,2,0,2,0,9.216000325977802,4,4,0,2,38,0,0,40,111.16
1122,2,0,3,0,10.239999741315842,4,4,0,2,38,0,0,40,111.16
1122,24,0,0,0,8.191999979317188,4,4,0,0,40,0,0,40,3.34
1122,24,0,1,0,84.99199897050858,4,4,0,0,40,0,0,40,3.34
1122,24,0,2,0,9.216000325977802,4,4,0,0,40,0,0,40,3.34
1122,24,0,3,0,4.095999989658594,4,4,0,0,40,0,0,40,3.34
1122,40,0,0,1,14.336000196635723,4,4,0,0,40,0,0,40,4.751
1122,40,0,1,1,87.0399996638298,4,4,0,0,40,0,0,40,4.751
1122,40,0,2,1,8.191999979317188,4,4,0,0,40,0,0,40,4.751
1122,40,0,3,1,4.095999989658594,4,4,0,0,40,0,0,40,4.751
1123,2,0,0,0,15.359999611973763,4,4,0,0,40,0,0,40,3.22
1123,2,0,1,0,84.99199897050858,4,4,0,0,40,0,0,40,3.22
1123,2,0,2,0,9.216000325977802,4,4,0,0,40,0,0,40,3.22
1123,2,0,3,0,6.144000217318535,4,4,0,0,40,0,0,40,3.22
1123,24,0,0,0,7.168000098317862,4,4,0,0,40,0,0,40,4.891
1123,24,0,1,0,80.89599758386612,4,4,0,0,40,0,0,40,4.891
1123,24,0,2,0,9.216000325977802,4,4,0,0,40,0,0,40,4.891
1123,24,0,3,0,4.095999989658594,4,4,0,0,40,0,0,40,4.891
1123,40,0,0,1,8.191999979317188,4,4,0,1,39,0,0,40,77.35
1123,40,0,1,1,76.80000364780426,4,4,0,1,39,0,0,40,77.35
1123,40,0,2,1,9.216000325977802,4,4,0,1,39,0,0,40,77.35
1123,40,0,3,1,4.095999989658594,4,4,0,1,39,0,0,40,77.35
1124,2,0,0,0,14.336000196635723,4,4,0,2,38,0,0,40,103.63
1124,2,0,1,0,87.0399996638298,4,4,0,2,38,0,0,40,103.63
1124,2,0,2,0,9.216000325977802,4,4,0,2,38,0,0,40,103.63
1124,2,0,3,0,8.191999979317188,4,4,0,2,38,0,0,40,103.63
1124,24,0,0,0,8.191999979317188,4,4,0,2,38,0,0,40,113.42
1124,24,0,1,0,83.96799862384796,4,4,0,2,38,0,0,40,113.42
1124,24,0,2,0,9.216000325977802,4,4,0,2,38,0,0,40,113.42
1124,24,0,3,0,7.168000098317862,4,4,0,2,38,0,0,40,113.42
1124,40,0,0,1,8.191999979317188,4,4,0,2,38,0,0,40,108.63
1124,40,0,1,1,96.25600278377533,4,4,0,2,38,0,0,40,108.63
1124,40,0,2,1,9.216000325977802,4,4,0,2,38,0,0,40,108.63
1124,40,0,3,1,4.095999989658594,4,4,0,2,38,0,0,40,108.63
1125,2,0,0,0,9.216000325977802,1,1,0,0,10,0,0,10,0.71
1125,2,0,1,0,31.74399957060814,1,1,0,0,10,0,0,10,0.71
1125,2,0,2,0,9.216000325977802,1,1,0,0,10,0,0,10,0.71
1125,2,0,3,0,5.119999870657921,1,1,0,0,10,0,0,10,0.71
1125,24,0,0,0,8.191999979317188,1,1,0,0,10,0,0,10,0.789
1125,24,0,1,0,32.76799991726875,1,1,0,0,10,0,0,10,0.789
1125,24,0,2,0,8.191999979317188,1,1,0,0,10,0,0,10,0.789
1125,24,0,3,0,4.095999989658594,1,1,0,0,10,0,0,10,0.789
1125,40,0,0,1,9.216000325977802,1,1,0,1,9,0,0,10,79.42
1125,40,0,1,1,33.79200026392937,1,1,0,1,9,0,0,10,79.42
1125,40,0,2,1,8.191999979317188,1,1,0,1,9,0,0,10,79.42
1125,40,0,3,1,24.57600086927414,1,1,0,1,9,0,0,10,79.42
1126,2,0,0,0,14.336000196635723,4,4,0,0,40,0,0,40,5.269
1126,2,0,1,0,93.18400174379349,4,4,0,0,40,0,0,40,5.269
1126,2,0,2,0,9.216000325977802,4,4,0,0,40,0,0,40,5.269
1126,2,0,3,0,6.144000217318535,4,4,0,0,40,0,0,40,5.269
1126,24,0,0,0,16.383999958634377,4,4,0,2,38,0,0,40,153.188
1126,24,0,1,0,83.96799862384796,4,4,0,2,38,0,0,40,153.188
1126,24,0,2,0,9.216000325977802,4,4,0,2,38,0,0,40,153.188
1126,24,0,3,0,49.15200173854828,4,4,0,2,38,0,0,40,153.188
1126,40,0,0,1,7.168000098317862,4,4,0,1,39,0,0,40,74.47
1126,40,0,1,1,94.2080020904541,4,4,0,1,39,0,0,40,74.47
1126,40,0,2,1,9.216000325977802,4,4,0,1,39,0,0,40,74.47
1126,40,0,3,1,4.095999989658594,4,4,0,1,39,0,0,40,74.47
1127,2,0,0,0,14.336000196635723,4,4,0,0,40,0,0,40,2.62
1127,2,0,1,0,67.58400052785873,4,4,0,0,40,0,0,40,2.62
1127,2,0,2,0,9.216000325977802,4,4,0,0,40,0,0,40,2.62
1127,2,0,3,0,6.144000217318535,4,4,0,0,40,0,0,40,2.62
1127,24,0,0,0,9.216000325977802,4,4,0,1,39,0,0,40,70.519
1127,24,0,1,0,71.68000191450119,4,4,0,1,39,0,0,40,70.519
1127,24,0,2,0,9.216000325977802,4,4,0,1,39,0,0,40,70.519
1127,24,0,3,0,4.095999989658594,4,4,0,1,39,0,0,40,70.519
1127,40,0,0,1,8.191999979317188,4,4,0,2,38,0,0,40,148.21
1127,40,0,1,1,62.463998794555664,4,4,0,2,38,0,0,40,148.21
1127,40,0,2,1,9.216000325977802,4,4,0,2,38,0,0,40,148.21
1127,40,0,3,1,64.51199948787689,4,4,0,2,38,0,0,40,148.21
1128,2,0,0,0,10.239999741315842,4,4,0,1,39,0,0,40,174.889
1128,2,0,1,0,76.80000364780426,4,4,0,1,39,0,0,40,174.889
1128,2,0,2,0,9.216000325977802,4,4,0,1,39,0,0,40,174.889
1128,2,0,3,0,75.77600330114365,4,4,0,1,39,0,0,40,174.889
1128,24,0,0,0,8.191999979317188,4,4,0,0,40,0,0,40,6.06
1128,24,0,1,0,91.13600105047226,4,4,0,0,40,0,0,40,6.06
1128,24,0,2,0,9.216000325977802,4,4,0,0,40,0,0,40,6.06
1128,24,0,3,0,4.095999989658594,4,4,0,0,40,0,0,40,6.06
1128,40,0,0,1,11.264000087976456,4,4,0,1,39,0,0,40,85.9
1128,40,0,1,1,96.25600278377533,4,4,0,1,39,0,0,40,85.9
1128,40,0,2,1,9.216000325977802,4,4,0,1,39,0,0,40,85.9
1128,40,0,3,1,4.095999989658594,4,4,0,1,39,0,0,40,85.9
1129,2,0,0,0,14.336000196635723,4,4,0,0,40,0,0,40,3.15
1129,2,0,1,0,81.91999793052673,4,4,0,0,40,0,0,40,3.15
1129,2,0,2,0,9.216000325977802,4,4,0,0,40,0,0,40,3.15
1129,2,0,3,0,5.119999870657921,4,4,0,0,40,0,0,40,3.15
1129,24,0,0,0,9.216000325977802,4,4,0,0,40,0,0,40,3.749
1129,24,0,1,0,84.99199897050858,4,4,0,0,40,0,0,40,3.749
1129,24,0,2,0,9.216000325977802,4,4,0,0,40,0,0,40,3.749
1129,24,0,3,0,4.095999989658594,4,4,0,0,40,0,0,40,3.749
1129,40,0,0,1,8.191999979317188,4,4,0,3,37,0,0,40,184.639
1129,40,0,1,1,83.96799862384796,4,4,0,3,37,0,0,40,184.639
1129,40,0,2,1,9.216000325977802,4,4,0,3,37,0,0,40,184.639
1129,40,0,3,1,78.84799689054489,4,4,0,3,37,0,0,40,184.639
1130,2,0,0,0,15.359999611973763,4,4,0,0,40,0,0,40,5.069
1130,2,0,1,0,73.72800260782242,4,4,0,0,40,0,0,40,5.069
1130,2,0,2,0,8.191999979317188,4,4,0,0,40,0,0,40,5.069
1130,2,0,3,0,5.119999870657921,4,4,0,0,40,0,0,40,5.069
1130,24,0,0,0,8.191999979317188,4,4,0,1,39,0,0,40,71.809
1130,24,0,1,0,81.91999793052673,4,4,0,1,39,0,0,40,71.809
1130,24,0,2,0,8.191999979317188,4,4,0,1,39,0,0,40,71.809
1130,24,0,3,0,4.095999989658594,4,4,0,1,39,0,0,40,71.809
1130,40,0,0,1,8.191999979317188,4,4,0,1,39,0,0,40,84.71
1130,40,0,1,1,70.65600156784058,4,4,0,1,39,0,0,40,84.71
1130,40,0,2,1,9.216000325977802,4,4,0,1,39,0,0,40,84.71
1130,40,0,3,1,4.095999989658594,4,4,0,1,39,0,0,40,84.71
1131,2,0,0,0,13.311999849975109,4,4,0,0,40,0,0,40,5.56
1131,2,0,1,0,90.11200070381165,4,4,0,0,40,0,0,40,5.56
1131,2,0,2,0,9.216000325977802,4,4,0,0,40,0,0,40,5.56
1131,2,0,3,0,5.119999870657921,4,4,0,0,40,0,0,40,5.56
1131,24,0,0,0,8.191999979317188,4,4,0,0,40,0,0,40,3.89
1131,24,0,1,0,87.0399996638298,4,4,0,0,40,0,0,40,3.89
1131,24,0,2,0,9.216000325977802,4,4,0,0,40,0,0,40,3.89
1131,24,0,3,0,4.095999989658594,4,4,0,0,40,0,0,40,3.89
1131,40,0,0,1,8.191999979317188,4,4,0,1,39,0,0,40,113.7
1131,40,0,1,1,74.75200295448303,4,4,0,1,39,0,0,40,113.7
1131,40,0,2,1,9.216000325977802,4,4,0,1,39,0,0,40,113.7
1131,40,0,3,1,16.383999958634377,4,4,0,1,39,0,0,40,113.7
1132,2,0,0,0,14.336000196635723,4,4,0,0,40,0,0,40,2.87
1132,2,0,1,0,81.91999793052673,4,4,0,0,40,0,0,40,2.87
1132,2,0,2,0,9.216000325977802,4,4,0,0,40,0,0,40,2.87
1132,2,0,3,0,5.119999870657921,4,4,0,0,40,0,0,40,2.87
1132,24,0,0,0,7.168000098317862,4,4,0,0,40,0,0,40,4.92
1132,24,0,1,0,69.63200122117996,4,4,0,0,40,0,0,40,4.92
1132,24,0,2,0,9.216000325977802,4,4,0,0,40,0,0,40,4.92
1132,24,0,3,0,4.095999989658594,4,4,0,0,40,0,0,40,4.92
1132,40,0,0,1,8.191999979317188,4,4,0,2,38,0,0,40,243.909
1132,40,0,1,1,75.77600330114365,4,4,0,2,38,0,0,40,243.909
1132,40,0,2,1,9.216000325977802,4,4,0,2,38,0,0,40,243.909
1132,40,0,3,1,147.45600521564484,4,4,0,2,38,0,0,40,243.909
1133,2,0,0,0,14.336000196635723,4,4,0,0,40,0,0,40,3.38
1133,2,0,1,0,80.89599758386612,4,4,0,0,40,0,0,40,3.38
1133,2,0,2,0,9.216000325977802,4,4,0,0,40,0,0,40,3.38
1133,2,0,3,0,7.168000098317862,4,4,0,0,40,0,0,40,3.38
1133,24,0,0,0,8.191999979317188,4,4,0,1,39,0,0,40,82.87
1133,24,0,1,0,80.89599758386612,4,4,0,1,39,0,0,40,82.87
1133,24,0,2,0,8.191999979317188,4,4,0,1,39,0,0,40,82.87
1133,24,0,3,0,3.0720001086592674,4,4,0,1,39,0,0,40,82.87
1133,40,0,0,1,8.191999979317188,4,4,0,0,40,0,0,40,3.23
1133,40,0,1,1,90.11200070381165,4,4,0,0,40,0,0,40,3.23
1133,40,0,2,1,9.216000325977802,4,4,0,0,40,0,0,40,3.23
1133,40,0,3,1,3.0720001086592674,4,4,0,0,40,0,0,40,3.23
1134,2,0,0,0,14.336000196635723,4,4,0,0,40,0,0,40,5.74
1134,2,0,1,0,92.16000139713287,4,4,0,0,40,0,0,40,5.74
1134,2,0,2,0,9.216000325977802,4,4,0,0,40,0,0,40,5.74
1134,2,0,3,0,5.119999870657921,4,4,0,0,40,0,0,40,5.74
1134,24,0,0,0,8.191999979317188,4,4,0,0,40,0,0,40,2.7
1134,24,0,1,0,68.60800087451935,4,4,0,0,40,0,0,40,2.7
1134,24,0,2,0,9.216000325977802,4,4,0,0,40,0,0,40,2.7
1134,24,0,3,0,4.095999989658594,4,4,0,0,40,0,0,40,2.7
1134,40,0,0,1,15.359999611973763,4,4,0,0,40,0,0,40,4.86
1134,40,0,1,1,74.75200295448303,4,4,0,0,40,0,0,40,4.86
1134,40,0,2,1,9.216000325977802,4,4,0,0,40,0,0,40,4.86
1134,40,0,3,1,4.095999989658594,4,4,0,0,40,0,0,40,4.86
1135,2,0,0,0,61.43999844789505,4,4,0,1,39,0,0,40,92.54
1135,2,0,1,0,84.99199897050858,4,4,0,1,39,0,0,40,92.54
1135,2,0,2,0,9.216000325977802,4,4,0,1,39,0,0,40,92.54
1135,2,0,3,0,5.119999870657921,4,4,0,1,39,0,0,40,92.54
1135,24,0,0,0,8.191999979317188,4,4,0,1,39,0,0,40,87.86
1135,24,0,1,0,69.63200122117996,4,4,0,1,39,0,0,40,87.86
1135,24,0,2,0,9.216000325977802,4,4,0,1,39,0,0,40,87.86
1135,24,0,3,0,4.095999989658594,4,4,0,1,39,0,0,40,87.86
1135,40,0,0,1,9.216000325977802,4,4,0,1,39,0,0,40,81.95
1135,40,0,1,1,74.75200295448303,4,4,0,1,39,0,0,40,81.95
1135,40,0,2,1,9.216000325977802,4,4,0,1,39,0,0,40,81.95
1135,40,0,3,1,4.095999989658594,4,4,0,1,39,0,0,40,81.95
1136,2,0,0,0,14.336000196635723,4,4,0,0,40,0,0,40,4.71
1136,2,0,1,0,67.58400052785873,4,4,0,0,40,0,0,40,4.71
1136,2,0,2,0,9.216000325977802,4,4,0,0,40,0,0,40,4.71
1136,2,0,3,0,5.119999870657921,4,4,0,0,40,0,0,40,4.71
1136,24,0,0,0,7.168000098317862,4,4,0,1,39,0,0,40,70.549
1136,24,0,1,0,68.60800087451935,4,4,0,1,39,0,0,40,70.549
1136,24,0,2,0,9.216000325977802,4,4,0,1,39,0,0,40,70.549
1136,24,0,3,0,5.119999870657921,4,4,0,1,39,0,0,40,70.549
1136,40,0,0,1,12.28800043463707,4,4,0,1,39,0,0,40,82.77
1136,40,0,1,1,95.23200243711472,4,4,0,1,39,0,0,40,82.77
1136,40,0,2,1,9.216000325977802,4,4,0,1,39,0,0,40,82.77
1136,40,0,3,1,3.0720001086592674,4,4,0,1,39,0,0,40,82.77
1137,2,0,0,0,15.359999611973763,4,4,0,0,40,0,0,40,5.871
1137,2,0,1,0,76.80000364780426,4,4,0,0,40,0,0,40,5.871
1137,2,0,2,0,8.191999979317188,4,4,0,0,40,0,0,40,5.871
1137,2,0,3,0,6.144000217318535,4,4,0,0,40,0,0,40,5.871
1137,24,0,0,0,750.5919933319092,4,4,0,0,40,0,0,40,2.99
1137,24,0,1,0,69.63200122117996,4,4,0,0,40,0,0,40,2.99
1137,24,0,2,0,9.216000325977802,4,4,0,0,40,0,0,40,2.99
1137,24,0,3,0,4.095999989658594,4,4,0,0,40,0,0,40,2.99
1137,40,0,0,1,15.359999611973763,4,4,0,0,40,0,0,40,2.3
1137,40,0,1,1,67.58400052785873,4,4,0,0,40,0,0,40,2.3
1137,40,0,2,1,8.191999979317188,4,4,0,0,40,0,0,40,2.3
1137,40,0,3,1,4.095999989658594,4,4,0,0,40,0,0,40,2.3
1138,2,0,0,0,14.336000196635723,4,4,0,0,40,0,0,40,2.5
1138,2,0,1,0,61.43999844789505,4,4,0,0,40,0,0,40,2.5
1138,2,0,2,0,9.216000325977802,4,4,0,0,40,0,0,40,2.5
1138,2,0,3,0,5.119999870657921,4,4,0,0,40,0,0,40,2.5
1138,24,0,0,0,7.168000098317862,4,4,0,0,40,0,0,40,3.489
1138,24,0,1,0,94.2080020904541,4,4,0,0,40,0,0,40,3.489
1138,24,0,2,0,9.216000325977802,4,4,0,0,40,0,0,40,3.489
1138,24,0,3,0,4.095999989658594,4,4,0,0,40,0,0,40,3.489
1138,40,0,0,1,8.191999979317188,4,4,0,2,38,0,0,40,299.918
1138,40,0,1,1,77.82399654388428,4,4,0,2,38,0,0,40,299.918
1138,40,0,2,1,9.216000325977802,4,4,0,2,38,0,0,40,299.918
1138,40,0,3,1,201.7280012369156,4,4,0,2,38,0,0,40,299.918
1139,2,0,0,0,15.359999611973763,3,3,0,0,30,0,0,30,2.86
1139,2,0,1,0,64.51199948787689,3,3,0,0,30,0,0,30,2.86
1139,2,0,2,0,9.216000325977802,3,3,0,0,30,0,0,30,2.86
1139,2,0,3,0,6.144000217318535,3,3,0,0,30,0,0,30,2.86
1139,24,0,0,0,8.191999979317188,3,3,0,0,30,0,0,30,1.82
1139,24,0,1,0,52.22399905323982,3,3,0,0,30,0,0,30,1.82
1139,24,0,2,0,9.216000325977802,3,3,0,0,30,0,0,30,1.82
1139,24,0,3,0,4.095999989658594,3,3,0,0,30,0,0,30,1.82
1139,40,0,0,1,9.216000325977802,3,3,0,0,30,0,0,30,1.61
1139,40,0,1,1,48.128001391887665,3,3,0,0,30,0,0,30,1.61
1139,40,0,2,1,9.216000325977802,3,3,0,0,30,0,0,30,1.61
1139,40,0,3,1,4.095999989658594,3,3,0,0,30,0,0,30,1.61
1140,2,0,0,0,8.191999979317188,4,4,0,1,39,0,0,40,75.12
1140,2,0,1,0,87.0399996638298,4,4,0,1,39,0,0,40,75.12
1140,2,0,2,0,9.216000325977802,4,4,0,1,39,0,0,40,75.12
1140,2,0,3,0,5.119999870657921,4,4,0,1,39,0,0,40,75.12
1140,24,0,0,0,8.191999979317188,4,4,0,0,40,0,0,40,2.84
1140,24,0,1,0,73.72800260782242,4,4,0,0,40,0,0,40,2.84
1140,24,0,2,0,8.191999979317188,4,4,0,0,40,0,0,40,2.84
1140,24,0,3,0,4.095999989658594,4,4,0,0,40,0,0,40,2.84
1140,40,0,0,1,14.336000196635723,4,4,0,0,40,0,0,40,4.19
1140,40,0,1,1,62.463998794555664,4,4,0,0,40,0,0,40,4.19
1140,40,0,2,1,8.191999979317188,4,4,0,0,40,0,0,40,4.19
1140,40,0,3,1,4.095999989658594,4,4,0,0,40,0,0,40,4.19
1141,2,0,0,0,8.191999979317188,4,4,0,1,39,0,0,40,82.989
1141,2,0,1,0,72.7040022611618,4,4,0,1,39,0,0,40,82.989
1141,2,0,2,0,9.216000325977802,4,4,0,1,39,0,0,40,82.989
1141,2,0,3,0,7.168000098317862,4,4,0,1,39,0,0,40,82.989
1141,24,0,0,0,8.191999979317188,4,4,0,0,40,0,0,40,3.06
1141,24,0,1,0,63.48799914121628,4,4,0,0,40,0,0,40,3.06
1141,24,0,2,0,9.216000325977802,4,4,0,0,40,0,0,40,3.06
1141,24,0,3,0,4.095999989658594,4,4,0,0,40,0,0,40,3.06
1141,40,0,0,1,8.191999979317188,4,4,0,0,40,0,0,40,2.571
1141,40,0,1,1,64.51199948787689,4,4,0,0,40,0,0,40,2.571
1141,40,0,2,1,9.216000325977802,4,4,0,0,40,0,0,40,2.571
1141,40,0,3,1,4.095999989658594,4,4,0,0,40,0,0,40,2.571
1142,2,0,0,0,9.216000325977802,4,4,0,0,40,0,0,40,5.63
1142,2,0,1,0,82.94399827718735,4,4,0,0,40,0,0,40,5.63
1142,2,0,2,0,8.191999979317188,4,4,0,0,40,0,0,40,5.63
1142,2,0,3,0,6.144000217318535,4,4,0,0,40,0,0,40,5.63
1142,24,0,0,0,8.191999979317188,4,4,0,0,40,0,0,40,3.149
1142,24,0,1,0,65.5359998345375,4,4,0,0,40,0,0,40,3.149
1142,24,0,2,0,9.216000325977802,4,4,0,0,40,0,0,40,3.149
1142,24,0,3,0,5.119999870657921,4,4,0,0,40,0,0,40,3.149
1142,40,0,0,1,9.216000325977802,4,4,0,0,40,0,0,40,2.6
1142,40,0,1,1,58.36800113320351,4,4,0,0,40,0,0,40,2.6
1142,40,0,2,1,9.216000325977802,4,4,0,0,40,0,0,40,2.6
1142,40,0,3,1,4.095999989658594,4,4,0,0,40,0,0,40,2.6
1143,2,0,0,0,15.359999611973763,4,4,0,0,40,0,0,40,5.26
1143,2,0,1,0,77.82399654388428,4,4,0,0,40,0,0,40,5.26
1143,2,0,2,0,8.191999979317188,4,4,0,0,40,0,0,40,5.26
1143,2,0,3,0,5.119999870657921,4,4,0,0,40,0,0,40,5.26
1143,24,0,0,0,7.168000098317862,4,4,0,0,40,0,0,40,5.56
1143,24,0,1,0,75.77600330114365,4,4,0,0,40,0,0,40,5.56
1143,24,0,2,0,9.216000325977802,4,4,0,0,40,0,0,40,5.56
1143,24,0,3,0,4.095999989658594,4,4,0,0,40,0,0,40,5.56
1143,40,0,0,1,9.216000325977802,4,4,0,1,39,0,0,40,91.429
1143,40,0,1,1,62.463998794555664,4,4,0,1,39,0,0,40,91.429
1143,40,0,2,1,9.216000325977802,4,4,0,1,39,0,0,40,91.429
1143,40,0,3,1,6.144000217318535,4,4,0,1,39,0,0,40,91.429
1144,2,0,0,0,8.191999979317188,4,4,0,0,40,0,0,40,6.3
1144,2,0,1,0,92.16000139713287,4,4,0,0,40,0,0,40,6.3
1144,2,0,2,0,9.216000325977802,4,4,0,0,40,0,0,40,6.3
1144,2,0,3,0,7.168000098317862,4,4,0,0,40,0,0,40,6.3
1144,24,0,0,0,8.191999979317188,4,4,0,0,40,0,0,40,4.889
1144,24,0,1,0,74.75200295448303,4,4,0,0,40,0,0,40,4.889
1144,24,0,2,0,9.216000325977802,4,4,0,0,40,0,0,40,4.889
1144,24,0,3,0,4.095999989658594,4,4,0,0,40,0,0,40,4.889
1144,40,0,0,1,8.191999979317188,4,4,0,1,39,0,0,40,176.159
1144,40,0,1,1,78.84799689054489,4,4,0,1,39,0,0,40,176.159
1144,40,0,2,1,8.191999979317188,4,4,0,1,39,0,0,40,176.159
1144,40,0,3,1,76.80000364780426,4,4,0,1,39,0,0,40,176.159
1145,2,0,0,0,14.336000196635723,4,4,0,0,40,0,0,40,3.38
1145,2,0,1,0,92.16000139713287,4,4,0,0,40,0,0,40,3.38
1145,2,0,2,0,9.216000325977802,4,4,0,0,40,0,0,40,3.38
1145,2,0,3,0,7.168000098317862,4,4,0,0,40,0,0,40,3.38
1145,24,0,0,0,7.168000098317862,4,4,0,0,40,0,0,40,3.16
1145,24,0,1,0,74.75200295448303,4,4,0,0,40,0,0,40,3.16
1145,24,0,2,0,9.216000325977802,4,4,0,0,40,0,0,40,3.16
1145,24,0,3,0,4.095999989658594,4,4,0,0,40,0,0,40,3.16
1145,40,0,0,1,9.216000325977802,4,4,0,1,39,0,0,40,120.4
1145,40,0,1,1,75.77600330114365,4,4,0,1,39,0,0,40,120.4
1145,40,0,2,1,9.216000325977802,4,4,0,1,39,0,0,40,120.4
1145,40,0,3,1,23.552000522613525,4,4,0,1,39,0,0,40,120.4
1146,2,0,0,0,14.336000196635723,4,4,0,0,40,0,0,40,3.45
1146,2,0,1,0,93.18400174379349,4,4,0,0,40,0,0,40,3.45
1146,2,0,2,0,9.216000325977802,4,4,0,0,40,0,0,40,3.45
1146,2,0,3,0,6.144000217318535,4,4,0,0,40,0,0,40,3.45
1146,24,0,0,0,7.168000098317862,4,4,0,0,40,0,0,40,4.74
1146,24,0,1,0,81.91999793052673,4,4,0,0,40,0,0,40,4.74
1146,24,0,2,0,9.216000325977802,4,4,0,0,40,0,0,40,4.74
1146,24,0,3,0,4.095999989658594,4,4,0,0,40,0,0,40,4.74
1146,40,0,0,1,15.359999611973763,4,4,0,1,39,0,0,40,93.81
1146,40,0,1,1,86.01599931716919,4,4,0,1,39,0,0,40,93.81
1146,40,0,2,1,9.216000325977802,4,4,0,1,39,0,0,40,93.81
1146,40,0,3,1,4.095999989658594,4,4,0,1,39,0,0,40,93.81
1147,2,0,0,0,14.336000196635723,4,4,0,0,40,0,0,40,3.16
1147,2,0,1,0,93.18400174379349,4,4,0,0,40,0,0,40,3.16
1147,2,0,2,0,8.191999979317188,4,4,0,0,40,0,0,40,3.16
1147,2,0,3,0,6.144000217318535,4,4,0,0,40,0,0,40,3.16
1147,24,0,0,0,8.191999979317188,4,4,0,0,40,0,0,40,3.16
1147,24,0,1,0,77.82399654388428,4,4,0,0,40,0,0,40,3.16
1147,24,0,2,0,8.191999979317188,4,4,0,0,40,0,0,40,3.16
1147,24,0,3,0,3.0720001086592674,4,4,0,0,40,0,0,40,3.16
1147,40,0,0,1,9.216000325977802,4,4,0,1,39,0,0,40,91.991
1147,40,0,1,1,92.16000139713287,4,4,0,1,39,0,0,40,91.991
1147,40,0,2,1,8.191999979317188,4,4,0,1,39,0,0,40,91.991
1147,40,0,3,1,4.095999989658594,4,4,0,1,39,0,0,40,91.991
1148,2,0,0,0,8.191999979317188,4,4,0,1,39,0,0,40,72.499
1148,2,0,1,0,87.0399996638298,4,4,0,1,39,0,0,40,72.499
1148,2,0,2,0,9.216000325977802,4,4,0,1,39,0,0,40,72.499
1148,2,0,3,0,7.168000098317862,4,4,0,1,39,0,0,40,72.499
1148,24,0,0,0,8.191999979317188,4,4,0,0,40,0,0,40,4.74
1148,24,0,1,0,76.80000364780426,4,4,0,0,40,0,0,40,4.74
1148,24,0,2,0,8.191999979317188,4,4,0,0,40,0,0,40,4.74
1148,24,0,3,0,3.0720001086592674,4,4,0,0,40,0,0,40,4.74
1148,40,0,0,1,13.311999849975109,4,4,0,0,40,0,0,40,4.04
1148,40,0,1,1,74.75200295448303,4,4,0,0,40,0,0,40,4.04
1148,40,0,2,1,8.191999979317188,4,4,0,0,40,0,0,40,4.04
1148,40,0,3,1,4.095999989658594,4,4,0,0,40,0,0,40,4.04
1149,2,0,0,0,15.359999611973763,4,4,0,1,39,0,0,40,94.539
1149,2,0,1,0,80.89599758386612,4,4,0,1,39,0,0,40,94.539
1149,2,0,2,0,8.191999979317188,4,4,0,1,39,0,0,40,94.539
1149,2,0,3,0,5.119999870657921,4,4,0,1,39,0,0,40,94.539
1149,24,0,0,0,8.191999979317188,4,4,0,1,39,0,0,40,71.349
1149,24,0,1,0,72.7040022611618,4,4,0,1,39,0,0,40,71.349
1149,24,0,2,0,9.216000325977802,4,4,0,1,39,0,0,40,71.349
1149,24,0,3,0,4.095999989658594,4,4,0,1,39,0,0,40,71.349
1149,40,0,0,1,14.336000196635723,4,4,0,0,40,0,0,40,5.069
1149,40,0,1,1,102.39999741315842,4,4,0,0,40,0,0,40,5.069
1149,40,0,2,1,8.191999979317188,4,4,0,0,40,0,0,40,5.069
1149,40,0,3,1,4.095999989658594,4,4,0,0,40,0,0,40,5.069
1150,2,0,0,0,8.191999979317188,4,4,0,1,39,0,0,40,71.471
1150,2,0,1,0,92.16000139713287,4,4,0,1,39,0,0,40,71.471
1150,2,0,2,0,9.216000325977802,4,4,0,1,39,0,0,40,71.471
1150,2,0,3,0,5.119999870657921,4,4,0,1,39,0,0,40,71.471
1150,24,0,0,0,8.191999979317188,4,4,0,0,40,0,0,40,4.74
1150,24,0,1,0,84.99199897050858,4,4,0,0,40,0,0,40,4.74
1150,24,0,2,0,9.216000325977802,4,4,0,0,40,0,0,40,4.74
1150,24,0,3,0,4.095999989658594,4,4,0,0,40,0,0,40,4.74
1150,40,0,0,1,8.191999979317188,4,4,0,0,40,0,0,40,2.751
1150,40,0,1,1,89.08800035715103,4,4,0,0,40,0,0,40,2.751
1150,40,0,2,1,8.191999979317188,4,4,0,0,40,0,0,40,2.751
1150,40,0,3,1,4.095999989658594,4,4,0,0,40,0,0,40,2.751
1151,2,0,0,0,14.336000196635723,4,4,0,0,40,0,0,40,3.05
1151,2,0,1,0,70.65600156784058,4,4,0,0,40,0,0,40,3.05
1151,2,0,2,0,13.311999849975109,4,4,0,0,40,0,0,40,3.05
1151,2,0,3,0,5.119999870657921,4,4,0,0,40,0,0,40,3.05
1151,24,0,0,0,7.168000098317862,4,4,0,1,39,0,0,40,61.279
1151,24,0,1,0,94.2080020904541,4,4,0,1,39,0,0,40,61.279
1151,24,0,2,0,9.216000325977802,4,4,0,1,39,0,0,40,61.279
1151,24,0,3,0,4.095999989658594,4,4,0,1,39,0,0,40,61.279
1151,40,0,0,1,14.336000196635723,4,4,0,1,39,0,0,40,74.09
1151,40,0,1,1,88.06400001049042,4,4,0,1,39,0,0,40,74.09
1151,40,0,2,1,9.216000325977802,4,4,0,1,39,0,0,40,74.09
1151,40,0,3,1,4.095999989658594,4,4,0,1,39,0,0,40,74.09
1152,2,0,0,0,14.336000196635723,4,4,0,0,40,0,0,40,2.95
1152,2,0,1,0,87.0399996638298,4,4,0,0,40,0,0,40,2.95
1152,2,0,2,0,9.216000325977802,4,4,0,0,40,0,0,40,2.95
1152,2,0,3,0,6.144000217318535,4,4,0,0,40,0,0,40,2.95
1152,24,0,0,0,7.168000098317862,4,4,0,0,40,0,0,40,2.86
1152,24,0,1,0,75.77600330114365,4,4,0,0,40,0,0,40,2.86
1152,24,0,2,0,9.216000325977802,4,4,0,0,40,0,0,40,2.86
1152,24,0,3,0,5.119999870657921,4,4,0,0,40,0,0,40,2.86
1152,40,0,0,1,8.191999979317188,4,4,0,0,40,0,0,40,5.12
1152,40,0,1,1,78.84799689054489,4,4,0,0,40,0,0,40,5.12
1152,40,0,2,1,9.216000325977802,4,4,0,0,40,0,0,40,5.12
1152,40,0,3,1,4.095999989658594,4,4,0,0,40,0,0,40,5.12
1153,2,0,0,0,9.216000325977802,4,4,0,1,39,0,0,40,64.68
1153,2,0,1,0,86.01599931716919,4,4,0,1,39,0,0,40,64.68
1153,2,0,2,0,9.216000325977802,4,4,0,1,39,0,0,40,64.68
1153,2,0,3,0,5.119999870657921,4,4,0,1,39,0,0,40,64.68
1153,24,0,0,0,8.191999979317188,4,4,0,0,40,0,0,40,1.89
1153,24,0,1,0,68.60800087451935,4,4,0,0,40,0,0,40,1.89
1153,24,0,2,0,9.216000325977802,4,4,0,0,40,0,0,40,1.89
1153,24,0,3,0,4.095999989658594,4,4,0,0,40,0,0,40,1.89
1153,40,0,0,1,8.191999979317188,4,4,0,0,40,0,0,40,2.96
1153,40,0,1,1,75.77600330114365,4,4,0,0,40,0,0,40,2.96
1153,40,0,2,1,9.216000325977802,4,4,0,0,40,0,0,40,2.96
1153,40,0,3,1,4.095999989658594,4,4,0,0,40,0,0,40,2.96
1154,2,0,0,0,16.383999958634377,4,4,0,0,40,0,0,40,2.73
1154,2,0,1,0,82.94399827718735,4,4,0,0,40,0,0,40,2.73
1154,2,0,2,0,9.216000325977802,4,4,0,0,40,0,0,40,2.73
1154,2,0,3,0,7.168000098317862,4,4,0,0,40,0,0,40,2.73
1154,24,0,0,0,8.191999979317188,4,4,0,0,40,0,0,40,4.2
1154,24,0,1,0,57.34400078654289,4,4,0,0,40,0,0,40,4.2
1154,24,0,2,0,8.191999979317188,4,4,0,0,40,0,0,40,4.2
1154,24,0,3,0,5.119999870657921,4,4,0,0,40,0,0,40,4.2
1154,40,0,0,1,8.191999979317188,4,4,0,1,39,0,0,40,84.169
1154,40,0,1,1,65.5359998345375,4,4,0,1,39,0,0,40,84.169
1154,40,0,2,1,8.191999979317188,4,4,0,1,39,0,0,40,84.169
1154,40,0,3,1,4.095999989658594,4,4,0,1,39,0,0,40,84.169
1155,2,0,0,0,9.216000325977802,4,4,0,1,39,0,0,40,63.589
1155,2,0,1,0,90.11200070381165,4,4,0,1,39,0,0,40,63.589
1155,2,0,2,0,8.191999979317188,4,4,0,1,39,0,0,40,63.589
1155,2,0,3,0,6.144000217318535,4,4,0,1,39,0,0,40,63.589
1155,24,0,0,0,7.168000098317862,4,4,0,0,40,0,0,40,3.429
1155,24,0,1,0,94.2080020904541,4,4,0,0,40,0,0,40,3.429
1155,24,0,2,0,9.216000325977802,4,4,0,0,40,0,0,40,3.429
1155,24,0,3,0,4.095999989658594,4,4,0,0,40,0,0,40,3.429
1155,40,0,0,1,14.336000196635723,4,4,0,1,39,0,0,40,77.48
1155,40,0,1,1,105.47199845314026,4,4,0,1,39,0,0,40,77.48
1155,40,0,2,1,9.216000325977802,4,4,0,1,39,0,0,40,77.48
1155,40,0,3,1,4.095999989658594,4,4,0,1,39,0,0,40,77.48
1156,2,0,0,0,8.191999979317188,4,4,0,0,40,0,0,40,3.169
1156,2,0,1,0,83.96799862384796,4,4,0,0,40,0,0,40,3.169
1156,2,0,2,0,9.216000325977802,4,4,0,0,40,0,0,40,3.169
1156,2,0,3,0,7.168000098317862,4,4,0,0,40,0,0,40,3.169
1156,24,0,0,0,8.191999979317188,4,4,0,0,40,0,0,40,2.82
1156,24,0,1,0,92.16000139713287,4,4,0,0,40,0,0,40,2.82
1156,24,0,2,0,9.216000325977802,4,4,0,0,40,0,0,40,2.82
1156,24,0,3,0,4.095999989658594,4,4,0,0,40,0,0,40,2.82
1156,40,0,0,1,8.191999979317188,4,4,0,1,39,0,0,40,230.349
1156,40,0,1,1,96.25600278377533,4,4,0,1,39,0,0,40,230.349
1156,40,0,2,1,9.216000325977802,4,4,0,1,39,0,0,40,230.349
1156,40,0,3,1,113.66400122642517,4,4,0,1,39,0,0,40,230.349
1157,2,0,0,0,15.359999611973763,4,4,0,1,39,0,0,40,70.14
1157,2,0,1,0,93.18400174379349,4,4,0,1,39,0,0,40,70.14
1157,2,0,2,0,9.216000325977802,4,4,0,1,39,0,0,40,70.14
1157,2,0,3,0,5.119999870657921,4,4,0,1,39,0,0,40,70.14
1157,24,0,0,0,8.191999979317188,4,4,0,2,38,0,0,40,159.819
1157,24,0,1,0,87.0399996638298,4,4,0,2,38,0,0,40,159.819
1157,24,0,2,0,9.216000325977802,4,4,0,2,38,0,0,40,159.819
1157,24,0,3,0,51.19999870657921,4,4,0,2,38,0,0,40,159.819
1157,40,0,0,1,8.191999979317188,4,4,0,2,38,0,0,40,121.109
1157,40,0,1,1,93.18400174379349,4,4,0,2,38,0,0,40,121.109
1157,40,0,2,1,9.216000325977802,4,4,0,2,38,0,0,40,121.109
1157,40,0,3,1,6.144000217318535,4,4,0,2,38,0,0,40,121.109
1158,2,0,0,0,9.216000325977802,4,4,0,0,40,0,0,40,5.169
1158,2,0,1,0,86.01599931716919,4,4,0,0,40,0,0,40,5.169
1158,2,0,2,0,9.216000325977802,4,4,0,0,40,0,0,40,5.169
1158,2,0,3,0,5.119999870657921,4,4,0,0,40,0,0,40,5.169
1158,24,0,0,0,8.191999979317188,4,4,0,0,40,0,0,40,3.06
1158,24,0,1,0,87.0399996638298,4,4,0,0,40,0,0,40,3.06
1158,24,0,2,0,8.191999979317188,4,4,0,0,40,0,0,40,3.06
1158,24,0,3,0,4.095999989658594,4,4,0,0,40,0,0,40,3.06
1158,40,0,0,1,9.216000325977802,4,4,0,3,37,0,0,40,234.848
1158,40,0,1,1,75.77600330114365,4,4,0,3,37,0,0,40,234.848
1158,40,0,2,1,9.216000325977802,4,4,0,3,37,0,0,40,234.848
1158,40,0,3,1,139.26400244235992,4,4,0,3,37,0,0,40,234.848
1159,2,0,0,0,16.383999958634377,4,4,0,1,39,0,0,40,96.979
1159,2,0,1,0,68.60800087451935,4,4,0,1,39,0,0,40,96.979
1159,2,0,2,0,9.216000325977802,4,4,0,1,39,0,0,40,96.979
1159,2,0,3,0,5.119999870657921,4,4,0,1,39,0,0,40,96.979
1159,24,0,0,0,8.191999979317188,4,4,0,0,40,0,0,40,2.451
1159,24,0,1,0,67.58400052785873,4,4,0,0,40,0,0,40,2.451
1159,24,0,2,0,9.216000325977802,4,4,0,0,40,0,0,40,2.451
1159,24,0,3,0,4.095999989658594,4,4,0,0,40,0,0,40,2.451
1159,40,0,0,1,8.191999979317188,4,4,0,1,39,0,0,40,180.159
1159,40,0,1,1,89.08800035715103,4,4,0,1,39,0,0,40,180.159
1159,40,0,2,1,9.216000325977802,4,4,0,1,39,0,0,40,180.159
1159,40,0,3,1,67.58400052785873,4,4,0,1,39,0,0,40,180.159
1160,2,0,0,0,9.216000325977802,4,4,0,1,39,0,0,40,84.1
1160,2,0,1,0,71.68000191450119,4,4,0,1,39,0,0,40,84.1
1160,2,0,2,0,9.216000325977802,4,4,0,1,39,0,0,40,84.1
1160,2,0,3,0,7.168000098317862,4,4,0,1,39,0,0,40,84.1
1160,24,0,0,0,8.191999979317188,4,4,0,0,40,0,0,40,4.04
1160,24,0,1,0,68.60800087451935,4,4,0,0,40,0,0,40,4.04
1160,24,0,2,0,8.191999979317188,4,4,0,0,40,0,0,40,4.04
1160,24,0,3,0,5.119999870657921,4,4,0,0,40,0,0,40,4.04
1160,40,0,0,1,8.191999979317188,4,4,0,1,39,0,0,40,87.999
1160,40,0,1,1,87.0399996638298,4,4,0,1,39,0,0,40,87.999
1160,40,0,2,1,9.216000325977802,4,4,0,1,39,0,0,40,87.999
1160,40,0,3,1,4.095999989658594,4,4,0,1,39,0,0,40,87.999
1161,2,0,0,0,13.311999849975109,4,4,0,0,40,0,0,40,2.94
1161,2,0,1,0,80.89599758386612,4,4,0,0,40,0,0,40,2.94
1161,2,0,2,0,9.216000325977802,4,4,0,0,40,0,0,40,2.94
1161,2,0,3,0,5.119999870657921,4,4,0,0,40,0,0,40,2.94
1161,24,0,0,0,414.71999883651733,4,4,0,0,40,0,0,40,3.4
1161,24,0,1,0,69.63200122117996,4,4,0,0,40,0,0,40,3.4
1161,24,0,2,0,9.216000325977802,4,4,0,0,40,0,0,40,3.4
1161,24,0,3,0,4.095999989658594,4,4,0,0,40,0,0,40,3.4
1161,40,0,0,1,15.359999611973763,4,4,0,0,40,0,0,40,4.51
1161,40,0,1,1,65.5359998345375,4,4,0,0,40,0,0,40,4.51
1161,40,0,2,1,9.216000325977802,4,4,0,0,40,0,0,40,4.51
1161,40,0,3,1,4.095999989658594,4,4,0,0,40,0,0,40,4.51
1162,2,0,0,0,14.336000196635723,4,4,0,0,40,0,0,40,2.88
1162,2,0,1,0,83.96799862384796,4,4,0,0,40,0,0,40,2.88
1162,2,0,2,0,8.191999979317188,4,4,0,0,40,0,0,40,2.88
1162,2,0,3,0,8.191999979317188,4,4,0,0,40,0,0,40,2.88
1162,24,0,0,0,8.191999979317188,4,4,0,0,40,0,0,40,2.6
1162,24,0,1,0,69.63200122117996,4,4,0,0,40,0,0,40,2.6
1162,24,0,2,0,9.216000325977802,4,4,0,0,40,0,0,40,2.6
1162,24,0,3,0,4.095999989658594,4,4,0,0,40,0,0,40,2.6
1162,40,0,0,1,9.216000325977802,4,4,0,1,39,0,0,40,94.65
1162,40,0,1,1,74.75200295448303,4,4,0,1,39,0,0,40,94.65
1162,40,0,2,1,8.191999979317188,4,4,0,1,39,0,0,40,94.65
1162,40,0,3,1,4.095999989658594,4,4,0,1,39,0,0,40,94.65
1163,2,0,0,0,14.336000196635723,4,4,0,0,40,0,0,40,2.57
1163,2,0,1,0,92.16000139713287,4,4,0,0,40,0,0,40,2.57
1163,2,0,2,0,9.216000325977802,4,4,0,0,40,0,0,40,2.57
1163,2,0,3,0,5.119999870657921,4,4,0,0,40,0,0,40,2.57
1163,24,0,0,0,8.191999979317188,4,4,0,0,40,0,0,40,2.35
1163,24,0,1,0,62.463998794555664,4,4,0,0,40,0,0,40,2.35
1163,24,0,2,0,8.191999979317188,4,4,0,0,40,0,0,40,2.35
1163,24,0,3,0,4.095999989658594,4,4,0,0,40,0,0,40,2.35
1163,40,0,0,1,9.216000325977802,4,4,0,0,40,0,0,40,2.57
1163,40,0,1,1,82.94399827718735,4,4,0,0,40,0,0,40,2.57
1163,40,0,2,1,9.216000325977802,4,4,0,0,40,0,0,40,2.57
1163,40,0,3,1,4.095999989658594,4,4,0,0,40,0,0,40,2.57
1164,2,0,0,0,10.239999741315842,4,4,0,0,40,0,0,40,2.75
1164,2,0,1,0,83.96799862384796,4,4,0,0,40,0,0,40,2.75
1164,2,0,2,0,8.191999979317188,4,4,0,0,40,0,0,40,2.75
1164,2,0,3,0,5.119999870657921,4,4,0,0,40,0,0,40,2.75
1164,24,0,0,0,8.191999979317188,4,4,0,0,40,0,0,40,4.21
1164,24,0,1,0,71.68000191450119,4,4,0,0,40,0,0,40,4.21
1164,24,0,2,0,8.191999979317188,4,4,0,0,40,0,0,40,4.21
1164,24,0,3,0,4.095999989658594,4,4,0,0,40,0,0,40,4.21
1164,40,0,0,1,15.359999611973763,4,4,0,0,40,0,0,40,4.86
1164,40,0,1,1,83.96799862384796,4,4,0,0,40,0,0,40,4.86
1164,40,0,2,1,9.216000325977802,4,4,0,0,40,0,0,40,4.86
1164,40,0,3,1,4.095999989658594,4,4,0,0,40,0,0,40,4.86
1165,2,0,0,0,8.191999979317188,4,4,0,0,40,0,0,40,4.64
1165,2,0,1,0,87.0399996638298,4,4,0,0,40,0,0,40,4.64
1165,2,0,2,0,9.216000325977802,4,4,0,0,40,0,0,40,4.64
1165,2,0,3,0,5.119999870657921,4,4,0,0,40,0,0,40,4.64
1165,24,0,0,0,7.168000098317862,4,4,0,0,40,0,0,40,2.44
1165,24,0,1,0,70.65600156784058,4,4,0,0,40,0,0,40,2.44
1165,24,0,2,0,8.191999979317188,4,4,0,0,40,0,0,40,2.44
1165,24,0,3,0,3.0720001086592674,4,4,0,0,40,0,0,40,2.44
1165,40,0,0,1,8.191999979317188,4,4,0,0,40,0,0,40,2.011
1165,40,0,1,1,66.56000018119812,4,4,0,0,40,0,0,40,2.011
1165,40,0,2,1,9.216000325977802,4,4,0,0,40,0,0,40,2.011
1165,40,0,3,1,5.119999870657921,4,4,0,0,40,0,0,40,2.011
1166,2,0,0,0,14.336000196635723,4,4,0,0,40,0,0,40,4.37
1166,2,0,1,0,90.11200070381165,4,4,0,0,40,0,0,40,4.37
1166,2,0,2,0,9.216000325977802,4,4,0,0,40,0,0,40,4.37
1166,2,0,3,0,5.119999870657921,4,4,0,0,40,0,0,40,4.37
1166,24,0,0,0,8.191999979317188,4,4,0,0,40,0,0,40,2.26
1166,24,0,1,0,62.463998794555664,4,4,0,0,40,0,0,40,2.26
1166,24,0,2,0,9.216000325977802,4,4,0,0,40,0,0,40,2.26
1166,24,0,3,0,4.095999989658594,4,4,0,0,40,0,0,40,2.26
1166,40,0,0,1,8.191999979317188,4,4,0,0,40,0,0,40,2.17
1166,40,0,1,1,56.32000043988228,4,4,0,0,40,0,0,40,2.17
1166,40,0,2,1,9.216000325977802,4,4,0,0,40,0,0,40,2.17
1166,40,0,3,1,4.095999989658594,4,4,0,0,40,0,0,40,2.17
1167,2,0,0,0,10.239999741315842,2,2,0,0,20,0,0,20,1.24
1167,2,0,1,0,51.19999870657921,2,2,0,0,20,0,0,20,1.24
1167,2,0,2,0,9.216000325977802,2,2,0,0,20,0,0,20,1.24
1167,2,0,3,0,4.095999989658594,2,2,0,0,20,0,0,20,1.24
1167,24,0,0,0,7.168000098317862,2,2,0,0,20,0,0,20,0.98
1167,24,0,1,0,41.98399931192398,2,2,0,0,20,0,0,20,0.98
1167,24,0,2,0,9.216000325977802,2,2,0,0,20,0,0,20,0.98
1167,24,0,3,0,4.095999989658594,2,2,0,0,20,0,0,20,0.98
1167,40,0,0,1,9.216000325977802,2,2,0,0,20,0,0,20,0.88
1167,40,0,1,1,51.19999870657921,2,2,0,0,20,0,0,20,0.88
1167,40,0,2,1,9.216000325977802,2,2,0,0,20,0,0,20,0.88
1167,40,0,3,1,4.095999989658594,2,2,0,0,20,0,0,20,0.88
1168,2,0,0,0,8.191999979317188,4,4,0,1,39,0,0,40,76.409
1168,2,0,1,0,78.84799689054489,4,4,0,1,39,0,0,40,76.409
1168,2,0,2,0,9.216000325977802,4,4,0,1,39,0,0,40,76.409
1168,2,0,3,0,5.119999870657921,4,4,0,1,39,0,0,40,76.409
1168,24,0,0,0,7.168000098317862,4,4,0,0,40,0,0,40,3.58
1168,24,0,1,0,58.36800113320351,4,4,0,0,40,0,0,40,3.58
1168,24,0,2,0,9.216000325977802,4,4,0,0,40,0,0,40,3.58
1168,24,0,3,0,4.095999989658594,4,4,0,0,40,0,0,40,3.58
1168,40,0,0,1,8.191999979317188,4,4,0,2,38,0,0,40,88.35
1168,40,0,1,1,67.58400052785873,4,4,0,2,38,0,0,40,88.35
1168,40,0,2,1,9.216000325977802,4,4,0,2,38,0,0,40,88.35
1168,40,0,3,1,4.095999989658594,4,4,0,2,38,0,0,40,88.35
1169,2,0,0,0,14.336000196635723,4,4,0,0,40,0,0,40,5.15
1169,2,0,1,0,83.96799862384796,4,4,0,0,40,0,0,40,5.15
1169,2,0,2,0,8.191999979317188,4,4,0,0,40,0,0,40,5.15
1169,2,0,3,0,6.144000217318535,4,4,0,0,40,0,0,40,5.15
1169,24,0,0,0,8.191999979317188,4,4,0,0,40,0,0,40,2.21
1169,24,0,1,0,75.77600330114365,4,4,0,0,40,0,0,40,2.21
1169,24,0,2,0,9.216000325977802,4,4,0,0,40,0,0,40,2.21
1169,24,0,3,0,5.119999870657921,4,4,0,0,40,0,0,40,2.21
1169,40,0,0,1,14.336000196635723,4,4,0,0,40,0,0,40,2.22
1169,40,0,1,1,74.75200295448303,4,4,0,0,40,0,0,40,2.22
1169,40,0,2,1,9.216000325977802,4,4,0,0,40,0,0,40,2.22
1169,40,0,3,1,4.095999989658594,4,4,0,0,40,0,0,40,2.22
1170,2,0,0,0,14.336000196635723,4,4,0,2,38,0,0,40,115.919
1170,2,0,1,0,75.77600330114365,4,4,0,2,38,0,0,40,115.919
1170,2,0,2,0,9.216000325977802,4,4,0,2,38,0,0,40,115.919
1170,2,0,3,0,13.311999849975109,4,4,0,2,38,0,0,40,115.919
1170,24,0,0,0,8.191999979317188,4,4,0,0,40,0,0,40,2.46
1170,24,0,1,0,81.91999793052673,4,4,0,0,40,0,0,40,2.46
1170,24,0,2,0,9.216000325977802,4,4,0,0,40,0,0,40,2.46
1170,24,0,3,0,4.095999989658594,4,4,0,0,40,0,0,40,2.46
1170,40,0,0,1,15.359999611973763,4,4,0,0,40,0,0,40,1.95
1170,40,0,1,1,53.247999399900436,4,4,0,0,40,0,0,40,1.95
1170,40,0,2,1,9.216000325977802,4,4,0,0,40,0,0,40,1.95
1170,40,0,3,1,4.095999989658594,4,4,0,0,40,0,0,40,1.95
1171,2,0,0,0,8.191999979317188,4,4,0,1,39,0,0,40,93.46
1171,2,0,1,0,81.91999793052673,4,4,0,1,39,0,0,40,93.46
1171,2,0,2,0,9.216000325977802,4,4,0,1,39,0,0,40,93.46
1171,2,0,3,0,8.191999979317188,4,4,0,1,39,0,0,40,93.46
1171,24,0,0,0,8.191999979317188,4,4,0,0,40,0,0,40,3.84
1171,24,0,1,0,57.34400078654289,4,4,0,0,40,0,0,40,3.84
1171,24,0,2,0,9.216000325977802,4,4,0,0,40,0,0,40,3.84
1171,24,0,3,0,5.119999870657921,4,4,0,0,40,0,0,40,3.84
1171,40,0,0,1,8.191999979317188,4,4,0,0,40,0,0,40,1.88
1171,40,0,1,1,62.463998794555664,4,4,0,0,40,0,0,40,1.88
1171,40,0,2,1,9.216000325977802,4,4,0,0,40,0,0,40,1.88
1171,40,0,3,1,4.095999989658594,4,4,0,0,40,0,0,40,1.88
1172,2,0,0,0,9.216000325977802,4,4,0,1,39,0,0,40,62.479
1172,2,0,1,0,84.99199897050858,4,4,0,1,39,0,0,40,62.479
1172,2,0,2,0,9.216000325977802,4,4,0,1,39,0,0,40,62.479
1172,2,0,3,0,5.119999870657921,4,4,0,1,39,0,0,40,62.479
1172,24,0,0,0,8.191999979317188,4,4,0,0,40,0,0,40,2.031
1172,24,0,1,0,58.36800113320351,4,4,0,0,40,0,0,40,2.031
1172,24,0,2,0,9.216000325977802,4,4,0,0,40,0,0,40,2.031
1172,24,0,3,0,4.095999989658594,4,4,0,0,40,0,0,40,2.031
1172,40,0,0,1,8.191999979317188,4,4,0,0,40,0,0,40,2.36
1172,40,0,1,1,86.01599931716919,4,4,0,0,40,0,0,40,2.36
1172,40,0,2,1,9.216000325977802,4,4,0,0,40,0,0,40,2.36
1172,40,0,3,1,4.095999989658594,4,4,0,0,40,0,0,40,2.36
1173,2,0,0,0,14.336000196635723,4,4,0,0,40,0,0,40,2.85
1173,2,0,1,0,92.16000139713287,4,4,0,0,40,0,0,40,2.85
1173,2,0,2,0,8.191999979317188,4,4,0,0,40,0,0,40,2.85
1173,2,0,3,0,5.119999870657921,4,4,0,0,40,0,0,40,2.85
1173,24,0,0,0,7.168000098317862,4,4,0,0,40,0,0,40,2.02
1173,24,0,1,0,62.463998794555664,4,4,0,0,40,0,0,40,2.02
1173,24,0,2,0,9.216000325977802,4,4,0,0,40,0,0,40,2.02
1173,24,0,3,0,4.095999989658594,4,4,0,0,40,0,0,40,2.02
1173,40,0,0,1,14.336000196635723,4,4,0,0,40,0,0,40,4.22
1173,40,0,1,1,87.0399996638298,4,4,0,0,40,0,0,40,4.22
1173,40,0,2,1,9.216000325977802,4,4,0,0,40,0,0,40,4.22
1173,40,0,3,1,4.095999989658594,4,4,0,0,40,0,0,40,4.22
1174,2,0,0,0,9.216000325977802,1,1,0,0,10,0,0,10,0.6
1174,2,0,1,0,32.76799991726875,1,1,0,0,10,0,0,10,0.6
1174,2,0,2,0,9.216000325977802,1,1,0,0,10,0,0,10,0.6
1174,2,0,3,0,4.095999989658594,1,1,0,0,10,0,0,10,0.6
1174,24,0,0,0,8.191999979317188,1,1,0,0,10,0,0,10,0.469
1174,24,0,1,0,31.74399957060814,1,1,0,0,10,0,0,10,0.469
1174,24,0,2,0,8.191999979317188,1,1,0,0,10,0,0,10,0.469
1174,24,0,3,0,4.095999989658594,1,1,0,0,10,0,0,10,0.469
1174,40,0,0,1,8.191999979317188,1,1,0,0,10,0,0,10,0.43
1174,40,0,1,1,35.840000957250595,1,1,0,0,10,0,0,10,0.43
1174,40,0,2,1,9.216000325977802,1,1,0,0,10,0,0,10,0.43
1174,40,0,3,1,4.095999989658594,1,1,0,0,10,0,0,10,0.43
1175,2,0,0,0,14.336000196635723,4,4,0,0,40,0,0,40,2.251
1175,2,0,1,0,66.56000018119812,4,4,0,0,40,0,0,40,2.251
1175,2,0,2,0,8.191999979317188,4,4,0,0,40,0,0,40,2.251
1175,2,0,3,0,5.119999870657921,4,4,0,0,40,0,0,40,2.251
1175,24,0,0,0,8.191999979317188,4,4,0,0,40,0,0,40,2.23
1175,24,0,1,0,59.39200147986412,4,4,0,0,40,0,0,40,2.23
1175,24,0,2,0,9.216000325977802,4,4,0,0,40,0,0,40,2.23
1175,24,0,3,0,4.095999989658594,4,4,0,0,40,0,0,40,2.23
1175,40,0,0,1,8.191999979317188,4,4,0,3,37,0,0,40,152.09
1175,40,0,1,1,66.56000018119812,4,4,0,3,37,0,0,40,152.09
1175,40,0,2,1,9.216000325977802,4,4,0,3,37,0,0,40,152.09
1175,40,0,3,1,64.51199948787689,4,4,0,3,37,0,0,40,152.09
1176,2,0,0,0,9.216000325977802,4,4,0,2,38,0,0,40,107.75
1176,2,0,1,0,87.0399996638298,4,4,0,2,38,0,0,40,107.75
1176,2,0,2,0,8.191999979317188,4,4,0,2,38,0,0,40,107.75
1176,2,0,3,0,5.119999870657921,4,4,0,2,38,0,0,40,107.75
1176,24,0,0,0,7.168000098317862,4,4,0,0,40,0,0,40,2.18
1176,24,0,1,0,75.77600330114365,4,4,0,0,40,0,0,40,2.18
1176,24,0,2,0,9.216000325977802,4,4,0,0,40,0,0,40,2.18
1176,24,0,3,0,4.095999989658594,4,4,0,0,40,0,0,40,2.18
1176,40,0,0,1,14.336000196635723,4,4,0,0,40,0,0,40,2.24
1176,40,0,1,1,81.91999793052673,4,4,0,0,40,0,0,40,2.24
1176,40,0,2,1,9.216000325977802,4,4,0,0,40,0,0,40,2.24
1176,40,0,3,1,4.095999989658594,4,4,0,0,40,0,0,40,2.24
1177,2,0,0,0,9.216000325977802,4,4,0,1,39,0,0,40,55.14
1177,2,0,1,0,89.08800035715103,4,4,0,1,39,0,0,40,55.14
1177,2,0,2,0,9.216000325977802,4,4,0,1,39,0,0,40,55.14
1177,2,0,3,0,5.119999870657921,4,4,0,1,39,0,0,40,55.14
1177,24,0,0,0,8.191999979317188,4,4,0,0,40,0,0,40,2.411
1177,24,0,1,0,64.51199948787689,4,4,0,0,40,0,0,40,2.411
1177,24,0,2,0,9.216000325977802,4,4,0,0,40,0,0,40,2.411
1177,24,0,3,0,4.095999989658594,4,4,0,0,40,0,0,40,2.411
1177,40,0,0,1,8.191999979317188,4,4,0,0,40,0,0,40,2.75
1177,40,0,1,1,82.94399827718735,4,4,0,0,40,0,0,40,2.75
1177,40,0,2,1,9.216000325977802,4,4,0,0,40,0,0,40,2.75
1177,40,0,3,1,4.095999989658594,4,4,0,0,40,0,0,40,2.75
1178,2,0,0,0,14.336000196635723,4,4,0,0,40,0,0,40,4.409
1178,2,0,1,0,74.75200295448303,4,4,0,0,40,0,0,40,4.409
1178,2,0,2,0,9.216000325977802,4,4,0,0,40,0,0,40,4.409
1178,2,0,3,0,6.144000217318535,4,4,0,0,40,0,0,40,4.409
1178,24,0,0,0,8.191999979317188,4,4,0,0,40,0,0,40,2.291
1178,24,0,1,0,58.36800113320351,4,4,0,0,40,0,0,40,2.291
1178,24,0,2,0,9.216000325977802,4,4,0,0,40,0,0,40,2.291
1178,24,0,3,0,4.095999989658594,4,4,0,0,40,0,0,40,2.291
1178,40,0,0,1,15.359999611973763,4,4,0,0,40,0,0,40,2.329
1178,40,0,1,1,63.48799914121628,4,4,0,0,40,0,0,40,2.329
1178,40,0,2,1,9.216000325977802,4,4,0,0,40,0,0,40,2.329
1178,40,0,3,1,4.095999989658594,4,4,0,0,40,0,0,40,2.329
1179,2,0,0,0,15.359999611973763,4,4,0,0,40,0,0,40,2.489
1179,2,0,1,0,84.99199897050858,4,4,0,0,40,0,0,40,2.489
1179,2,0,2,0,9.216000325977802,4,4,0,0,40,0,0,40,2.489
1179,2,0,3,0,5.119999870657921,4,4,0,0,40,0,0,40,2.489
1179,24,0,0,0,8.191999979317188,4,4,0,0,40,0,0,40,2.12
1179,24,0,1,0,62.463998794555664,4,4,0,0,40,0,0,40,2.12
1179,24,0,2,0,9.216000325977802,4,4,0,0,40,0,0,40,2.12
1179,24,0,3,0,4.095999989658594,4,4,0,0,40,0,0,40,2.12
1179,40,0,0,1,14.336000196635723,4,4,0,0,40,0,0,40,4.38
1179,40,0,1,1,70.65600156784058,4,4,0,0,40,0,0,40,4.38
1179,40,0,2,1,8.191999979317188,4,4,0,0,40,0,0,40,4.38
1179,40,0,3,1,4.095999989658594,4,4,0,0,40,0,0,40,4.38
1180,2,0,0,0,13.311999849975109,4,4,0,0,40,0,0,40,2.59
1180,2,0,1,0,87.0399996638298,4,4,0,0,40,0,0,40,2.59
1180,2,0,2,0,9.216000325977802,4,4,0,0,40,0,0,40,2.59
1180,2,0,3,0,5.119999870657921,4,4,0,0,40,0,0,40,2.59
1180,24,0,0,0,8.191999979317188,4,4,0,0,40,0,0,40,4.149
1180,24,0,1,0,66.56000018119812,4,4,0,0,40,0,0,40,4.149
1180,24,0,2,0,8.191999979317188,4,4,0,0,40,0,0,40,4.149
1180,24,0,3,0,4.095999989658594,4,4,0,0,40,0,0,40,4.149
1180,40,0,0,1,14.336000196635723,4,4,0,0,40,0,0,40,2.0
1180,40,0,1,1,60.416001826524734,4,4,0,0,40,0,0,40,2.0
1180,40,0,2,1,9.216000325977802,4,4,0,0,40,0,0,40,2.0
1180,40,0,3,1,5.119999870657921,4,4,0,0,40,0,0,40,2.0
1181,2,0,0,0,15.359999611973763,4,4,0,0,40,0,0,40,5.311
1181,2,0,1,0,83.96799862384796,4,4,0,0,40,0,0,40,5.311
1181,2,0,2,0,9.216000325977802,4,4,0,0,40,0,0,40,5.311
1181,2,0,3,0,5.119999870657921,4,4,0,0,40,0,0,40,5.311
1181,24,0,0,0,9.216000325977802,4,4,0,0,40,0,0,40,2.1
1181,24,0,1,0,64.51199948787689,4,4,0,0,40,0,0,40,2.1
1181,24,0,2,0,9.216000325977802,4,4,0,0,40,0,0,40,2.1
1181,24,0,3,0,4.095999989658594,4,4,0,0,40,0,0,40,2.1
1181,40,0,0,1,14.336000196635723,4,4,0,0,40,0,0,40,2.1
1181,40,0,1,1,65.5359998345375,4,4,0,0,40,0,0,40,2.1
1181,40,0,2,1,8.191999979317188,4,4,0,0,40,0,0,40,2.1
1181,40,0,3,1,4.095999989658594,4,4,0,0,40,0,0,40,2.1
1182,2,0,0,0,13.311999849975109,4,4,0,0,40,0,0,40,2.7
1182,2,0,1,0,91.13600105047226,4,4,0,0,40,0,0,40,2.7
1182,2,0,2,0,8.191999979317188,4,4,0,0,40,0,0,40,2.7
1182,2,0,3,0,5.119999870657921,4,4,0,0,40,0,0,40,2.7
1182,24,0,0,0,25.599999353289604,4,4,0,0,40,0,0,40,5.0
1182,24,0,1,0,72.7040022611618,4,4,0,0,40,0,0,40,5.0
1182,24,0,2,0,9.216000325977802,4,4,0,0,40,0,0,40,5.0
1182,24,0,3,0,4.095999989658594,4,4,0,0,40,0,0,40,5.0
1182,40,0,0,1,9.216000325977802,4,4,0,1,39,0,0,40,84.029
1182,40,0,1,1,64.51199948787689,4,4,0,1,39,0,0,40,84.029
1182,40,0,2,1,9.216000325977802,4,4,0,1,39,0,0,40,84.029
1182,40,0,3,1,4.095999989658594,4,4,0,1,39,0,0,40,84.029
1183,2,0,0,0,1093.6319828033447,2,2,0,0,20,0,0,20,1.9
1183,2,0,1,0,50.175998359918594,2,2,0,0,20,0,0,20,1.9
1183,2,0,2,0,9.216000325977802,2,2,0,0,20,0,0,20,1.9
1183,2,0,3,0,4.095999989658594,2,2,0,0,20,0,0,20,1.9
1183,24,0,0,0,8.191999979317188,2,2,0,0,20,0,0,20,1.18
1183,24,0,1,0,47.10400104522705,2,2,0,0,20,0,0,20,1.18
1183,24,0,2,0,9.216000325977802,2,2,0,0,20,0,0,20,1.18
1183,24,0,3,0,4.095999989658594,2,2,0,0,20,0,0,20,1.18
1183,40,0,0,1,8.191999979317188,2,2,0,0,20,0,0,20,0.98
1183,40,0,1,1,50.175998359918594,2,2,0,0,20,0,0,20,0.98
1183,40,0,2,1,9.216000325977802,2,2,0,0,20,0,0,20,0.98
1183,40,0,3,1,4.095999989658594,2,2,0,0,20,0,0,20,0.98
1184,2,0,0,0,15.359999611973763,3,3,0,0,30,0,0,30,1.62
1184,2,0,1,0,65.5359998345375,3,3,0,0,30,0,0,30,1.62
1184,2,0,2,0,9.216000325977802,3,3,0,0,30,0,0,30,1.62
1184,2,0,3,0,5.119999870657921,3,3,0,0,30,0,0,30,1.62
1184,24,0,0,0,9.216000325977802,3,3,0,0,30,0,0,30,1.009
1184,24,0,1,0,62.463998794555664,3,3,0,0,30,0,0,30,1.009
1184,24,0,2,0,9.216000325977802,3,3,0,0,30,0,0,30,1.009
1184,24,0,3,0,4.095999989658594,3,3,0,0,30,0,0,30,1.009
1184,40,0,0,1,9.216000325977802,3,3,0,1,29,0,0,30,60.239
1184,40,0,1,1,52.22399905323982,3,3,0,1,29,0,0,30,60.239
1184,40,0,2,1,8.191999979317188,3,3,0,1,29,0,0,30,60.239
1184,40,0,3,1,4.095999989658594,3,3,0,1,29,0,0,30,60.239
1185,2,0,0,0,8.191999979317188,1,1,0,0,10,0,0,10,0.6
1185,2,0,1,0,32.76799991726875,1,1,0,0,10,0,0,10,0.6
1185,2,0,2,0,9.216000325977802,1,1,0,0,10,0,0,10,0.6
1185,2,0,3,0,5.119999870657921,1,1,0,0,10,0,0,10,0.6
1185,24,0,0,0,9.216000325977802,1,1,0,0,10,0,0,10,0.349
1185,24,0,1,0,31.74399957060814,1,1,0,0,10,0,0,10,0.349
1185,24,0,2,0,8.191999979317188,1,1,0,0,10,0,0,10,0.349
1185,24,0,3,0,4.095999989658594,1,1,0,0,10,0,0,10,0.349
1185,40,0,0,1,9.216000325977802,1,1,0,0,10,0,0,10,0.49
1185,40,0,1,1,34.81600061058998,1,1,0,0,10,0,0,10,0.49
1185,40,0,2,1,8.191999979317188,1,1,0,0,10,0,0,10,0.49
1185,40,0,3,1,4.095999989658594,1,1,0,0,10,0,0,10,0.49
1186,2,0,0,0,14.336000196635723,4,4,0,0,40,0,0,40,2.951
1186,2,0,1,0,84.99199897050858,4,4,0,0,40,0,0,40,2.951
1186,2,0,2,0,8.191999979317188,4,4,0,0,40,0,0,40,2.951
1186,2,0,3,0,7.168000098317862,4,4,0,0,40,0,0,40,2.951
1186,24,0,0,0,8.191999979317188,4,4,0,0,40,0,0,40,2.28
1186,24,0,1,0,68.60800087451935,4,4,0,0,40,0,0,40,2.28
1186,24,0,2,0,9.216000325977802,4,4,0,0,40,0,0,40,2.28
1186,24,0,3,0,4.095999989658594,4,4,0,0,40,0,0,40,2.28
1186,40,0,0,1,13.311999849975109,4,4,0,0,40,0,0,40,4.72
1186,40,0,1,1,80.89599758386612,4,4,0,0,40,0,0,40,4.72
1186,40,0,2,1,9.216000325977802,4,4,0,0,40,0,0,40,4.72
1186,40,0,3,1,4.095999989658594,4,4,0,0,40,0,0,40,4.72
1187,2,0,0,0,14.336000196635723,4,4,0,0,40,0,0,40,4.98
1187,2,0,1,0,77.82399654388428,4,4,0,0,40,0,0,40,4.98
1187,2,0,2,0,9.216000325977802,4,4,0,0,40,0,0,40,4.98
1187,2,0,3,0,6.144000217318535,4,4,0,0,40,0,0,40,4.98
1187,24,0,0,0,8.191999979317188,4,4,0,0,40,0,0,40,2.369
1187,24,0,1,0,71.68000191450119,4,4,0,0,40,0,0,40,2.369
1187,24,0,2,0,9.216000325977802,4,4,0,0,40,0,0,40,2.369
1187,24,0,3,0,4.095999989658594,4,4,0,0,40,0,0,40,2.369
1187,40,0,0,1,8.191999979317188,4,4,0,0,40,0,0,40,2.8
1187,40,0,1,1,86.01599931716919,4,4,0,0,40,0,0,40,2.8
1187,40,0,2,1,9.216000325977802,4,4,0,0,40,0,0,40,2.8
1187,40,0,3,1,4.095999989658594,4,4,0,0,40,0,0,40,2.8
1188,2,0,0,0,9.216000325977802,4,4,0,0,40,0,0,40,2.23
1188,2,0,1,0,70.65600156784058,4,4,0,0,40,0,0,40,2.23
1188,2,0,2,0,9.216000325977802,4,4,0,0,40,0,0,40,2.23
1188,2,0,3,0,5.119999870657921,4,4,0,0,40,0,0,40,2.23
1188,24,0,0,0,8.191999979317188,4,4,0,0,40,0,0,40,2.2
1188,24,0,1,0,60.416001826524734,4,4,0,0,40,0,0,40,2.2
1188,24,0,2,0,9.216000325977802,4,4,0,0,40,0,0,40,2.2
1188,24,0,3,0,4.095999989658594,4,4,0,0,40,0,0,40,2.2
1188,40,0,0,1,14.336000196635723,4,4,0,0,40,0,0,40,2.24
1188,40,0,1,1,71.68000191450119,4,4,0,0,40,0,0,40,2.24
1188,40,0,2,1,8.191999979317188,4,4,0,0,40,0,0,40,2.24
1188,40,0,3,1,4.095999989658594,4,4,0,0,40,0,0,40,2.24
1189,2,0,0,0,9.216000325977802,1,1,0,0,10,0,0,10,2.8
1189,2,0,1,0,31.74399957060814,1,1,0,0,10,0,0,10,2.8
1189,2,0,2,0,9.216000325977802,1,1,0,0,10,0,0,10,2.8
1189,2,0,3,0,4.095999989658594,1,1,0,0,10,0,0,10,2.8
1189,24,0,0,0,8.191999979317188,1,1,0,0,10,0,0,10,0.53
1189,24,0,1,0,32.76799991726875,1,1,0,0,10,0,0,10,0.53
1189,24,0,2,0,9.216000325977802,1,1,0,0,10,0,0,10,0.53
1189,24,0,3,0,4.095999989658594,1,1,0,0,10,0,0,10,0.53
1189,40,0,0,1,8.191999979317188,1,1,0,0,10,0,0,10,0.551
1189,40,0,1,1,34.81600061058998,1,1,0,0,10,0,0,10,0.551
1189,40,0,2,1,9.216000325977802,1,1,0,0,10,0,0,10,0.551
1189,40,0,3,1,4.095999989658594,1,1,0,0,10,0,0,10,0.551
1190,2,0,0,0,14.336000196635723,4,4,0,0,40,0,0,40,4.74
1190,2,0,1,0,70.65600156784058,4,4,0,0,40,0,0,40,4.74
1190,2,0,2,0,8.191999979317188,4,4,0,0,40,0,0,40,4.74
1190,2,0,3,0,5.119999870657921,4,4,0,0,40,0,0,40,4.74
1190,24,0,0,0,8.191999979317188,4,4,0,0,40,0,0,40,2.049
1190,24,0,1,0,60.416001826524734,4,4,0,0,40,0,0,40,2.049
1190,24,0,2,0,9.216000325977802,4,4,0,0,40,0,0,40,2.049
1190,24,0,3,0,4.095999989658594,4,4,0,0,40,0,0,40,2.049
1190,40,0,0,1,15.359999611973763,4,4,0,0,40,0,0,40,2.3
1190,40,0,1,1,75.77600330114365,4,4,0,0,40,0,0,40,2.3
1190,40,0,2,1,9.216000325977802,4,4,0,0,40,0,0,40,2.3
1190,40,0,3,1,4.095999989658594,4,4,0,0,40,0,0,40,2.3
1191,2,0,0,0,8.191999979317188,1,1,0,0,10,0,0,10,0.84
1191,2,0,1,0,31.74399957060814,1,1,0,0,10,0,0,10,0.84
1191,2,0,2,0,8.191999979317188,1,1,0,0,10,0,0,10,0.84
1191,2,0,3,0,5.119999870657921,1,1,0,0,10,0,0,10,0.84
1191,24,0,0,0,8.191999979317188,1,1,0,0,10,0,0,10,0.43
1191,24,0,1,0,31.74399957060814,1,1,0,0,10,0,0,10,0.43
1191,24,0,2,0,9.216000325977802,1,1,0,0,10,0,0,10,0.43
1191,24,0,3,0,4.095999989658594,1,1,0,0,10,0,0,10,0.43
1191,40,0,0,1,9.216000325977802,1,1,0,0,10,0,0,10,0.54
1191,40,0,1,1,35.840000957250595,1,1,0,0,10,0,0,10,0.54
1191,40,0,2,1,9.216000325977802,1,1,0,0,10,0,0,10,0.54
1191,40,0,3,1,4.095999989658594,1,1,0,0,10,0,0,10,0.54
1192,2,0,0,0,10.239999741315842,2,2,0,0,20,0,0,20,1.171
1192,2,0,1,0,49.15200173854828,2,2,0,0,20,0,0,20,1.171
1192,2,0,2,0,9.216000325977802,2,2,0,0,20,0,0,20,1.171
1192,2,0,3,0,4.095999989658594,2,2,0,0,20,0,0,20,1.171
1192,24,0,0,0,7.168000098317862,2,2,0,0,20,0,0,20,2.45
1192,24,0,1,0,51.19999870657921,2,2,0,0,20,0,0,20,2.45
1192,24,0,2,0,8.191999979317188,2,2,0,0,20,0,0,20,2.45
1192,24,0,3,0,3.0720001086592674,2,2,0,0,20,0,0,20,2.45
1192,40,0,0,1,9.216000325977802,2,2,0,2,18,0,0,20,85.42
1192,40,0,1,1,35.840000957250595,2,2,0,2,18,0,0,20,85.42
1192,40,0,2,1,10.239999741315842,2,2,0,2,18,0,0,20,85.42
1192,40,0,3,1,26.623999699950218,2,2,0,2,18,0,0,20,85.42
1193,2,0,0,0,15.359999611973763,3,3,0,0,30,0,0,30,4.32
1193,2,0,1,0,59.39200147986412,3,3,0,0,30,0,0,30,4.32
1193,2,0,2,0,8.191999979317188,3,3,0,0,30,0,0,30,4.32
1193,2,0,3,0,7.168000098317862,3,3,0,0,30,0,0,30,4.32
1193,24,0,0,0,8.191999979317188,3,3,0,0,30,0,0,30,4.1
1193,24,0,1,0,56.32000043988228,3,3,0,0,30,0,0,30,4.1
1193,24,0,2,0,8.191999979317188,3,3,0,0,30,0,0,30,4.1
1193,24,0,3,0,3.0720001086592674,3,3,0,0,30,0,0,30,4.1
1193,40,0,0,1,14.336000196635723,3,3,0,0,30,0,0,30,3.29
1193,40,0,1,1,53.247999399900436,3,3,0,0,30,0,0,30,3.29
1193,40,0,2,1,9.216000325977802,3,3,0,0,30,0,0,30,3.29
1193,40,0,3,1,4.095999989658594,3,3,0,0,30,0,0,30,3.29
1194,2,0,0,0,8.191999979317188,1,1,0,0,10,0,0,10,0.831
1194,2,0,1,0,32.76799991726875,1,1,0,0,10,0,0,10,0.831
1194,2,0,2,0,9.216000325977802,1,1,0,0,10,0,0,10,0.831
1194,2,0,3,0,5.119999870657921,1,1,0,0,10,0,0,10,0.831
1194,24,0,0,0,9.216000325977802,1,1,0,0,10,0,0,10,0.629
1194,24,0,1,0,31.74399957060814,1,1,0,0,10,0,0,10,0.629
1194,24,0,2,0,8.191999979317188,1,1,0,0,10,0,0,10,0.629
1194,24,0,3,0,4.095999989658594,1,1,0,0,10,0,0,10,0.629
1194,40,0,0,1,9.216000325977802,1,1,0,0,10,0,0,10,0.74
1194,40,0,1,1,34.81600061058998,1,1,0,0,10,0,0,10,0.74
1194,40,0,2,1,9.216000325977802,1,1,0,0,10,0,0,10,0.74
1194,40,0,3,1,4.095999989658594,1,1,0,0,10,0,0,10,0.74
1195,2,0,0,0,9.216000325977802,1,1,0,0,10,0,0,10,0.61
1195,2,0,1,0,31.74399957060814,1,1,0,0,10,0,0,10,0.61
1195,2,0,2,0,9.216000325977802,1,1,0,0,10,0,0,10,0.61
1195,2,0,3,0,5.119999870657921,1,1,0,0,10,0,0,10,0.61
1195,24,0,0,0,8.191999979317188,1,1,0,0,10,0,0,10,0.68
1195,24,0,1,0,31.74399957060814,1,1,0,0,10,0,0,10,0.68
1195,24,0,2,0,9.216000325977802,1,1,0,0,10,0,0,10,0.68
1195,24,0,3,0,4.095999989658594,1,1,0,0,10,0,0,10,0.68
1195,40,0,0,1,10.239999741315842,1,1,0,0,10,0,0,10,0.391
1195,40,0,1,1,35.840000957250595,1,1,0,0,10,0,0,10,0.391
1195,40,0,2,1,9.216000325977802,1,1,0,0,10,0,0,10,0.391
1195,40,0,3,1,4.095999989658594,1,1,0,0,10,0,0,10,0.391
1196,2,0,0,0,8.191999979317188,1,1,0,0,10,0,0,10,0.53
1196,2,0,1,0,32.76799991726875,1,1,0,0,10,0,0,10,0.53
1196,2,0,2,0,9.216000325977802,1,1,0,0,10,0,0,10,0.53
1196,2,0,3,0,6.144000217318535,1,1,0,0,10,0,0,10,0.53
1196,24,0,0,0,8.191999979317188,1,1,0,0,10,0,0,10,0.309
1196,24,0,1,0,31.74399957060814,1,1,0,0,10,0,0,10,0.309
1196,24,0,2,0,8.191999979317188,1,1,0,0,10,0,0,10,0.309
1196,24,0,3,0,4.095999989658594,1,1,0,0,10,0,0,10,0.309
1196,40,0,0,1,8.191999979317188,1,1,0,0,10,0,0,10,0.42
1196,40,0,1,1,34.81600061058998,1,1,0,0,10,0,0,10,0.42
1196,40,0,2,1,9.216000325977802,1,1,0,0,10,0,0,10,0.42
1196,40,0,3,1,3.0720001086592674,1,1,0,0,10,0,0,10,0.42
1197,2,0,0,0,14.336000196635723,4,4,0,0,40,0,0,40,3.94
1197,2,0,1,0,83.96799862384796,4,4,0,0,40,0,0,40,3.94
1197,2,0,2,0,9.216000325977802,4,4,0,0,40,0,0,40,3.94
1197,2,0,3,0,8.191999979317188,4,4,0,0,40,0,0,40,3.94
1197,24,0,0,0,8.191999979317188,4,4,0,1,39,0,0,40,97.591
1197,24,0,1,0,86.01599931716919,4,4,0,1,39,0,0,40,97.591
1197,24,0,2,0,9.216000325977802,4,4,0,1,39,0,0,40,97.591
1197,24,0,3,0,5.119999870657921,4,4,0,1,39,0,0,40,97.591
1197,40,0,0,1,8.191999979317188,4,4,0,1,39,0,0,40,280.969
1197,40,0,1,1,107.51999914646149,4,4,0,1,39,0,0,40,280.969
1197,40,0,2,1,9.216000325977802,4,4,0,1,39,0,0,40,280.969
1197,40,0,3,1,152.5759994983673,4,4,0,1,39,0,0,40,280.969
1198,2,0,0,0,14.336000196635723,4,4,0,0,40,0,0,40,3.8
1198,2,0,1,0,81.91999793052673,4,4,0,0,40,0,0,40,3.8
1198,2,0,2,0,9.216000325977802,4,4,0,0,40,0,0,40,3.8
1198,2,0,3,0,5.119999870657921,4,4,0,0,40,0,0,40,3.8
1198,24,0,0,0,20.479999482631683,4,4,0,0,40,0,0,40,18.35
1198,24,0,1,0,67.58400052785873,4,4,0,0,40,0,0,40,18.35
1198,24,0,2,0,9.216000325977802,4,4,0,0,40,0,0,40,18.35
1198,24,0,3,0,4.095999989658594,4,4,0,0,40,0,0,40,18.35
1198,40,0,0,1,8.191999979317188,4,4,0,0,40,0,0,40,3.34
1198,40,0,1,1,59.39200147986412,4,4,0,0,40,0,0,40,3.34
1198,40,0,2,1,8.191999979317188,4,4,0,0,40,0,0,40,3.34
1198,40,0,3,1,5.119999870657921,4,4,0,0,40,0,0,40,3.34
1199,2,0,0,0,14.336000196635723,4,4,0,0,40,0,0,40,2.509
1199,2,0,1,0,73.72800260782242,4,4,0,0,40,0,0,40,2.509
1199,2,0,2,0,9.216000325977802,4,4,0,0,40,0,0,40,2.509
1199,2,0,3,0,8.191999979317188,4,4,0,0,40,0,0,40,2.509
1199,24,0,0,0,8.191999979317188,4,4,0,0,40,0,0,40,3.2
1199,24,0,1,0,67.58400052785873,4,4,0,0,40,0,0,40,3.2
1199,24,0,2,0,9.216000325977802,4,4,0,0,40,0,0,40,3.2
1199,24,0,3,0,4.095999989658594,4,4,0,0,40,0,0,40,3.2
1199,40,0,0,1,8.191999979317188,4,4,0,0,40,0,0,40,3.17
1199,40,0,1,1,80.89599758386612,4,4,0,0,40,0,0,40,3.17
1199,40,0,2,1,8.191999979317188,4,4,0,0,40,0,0,40,3.17
1199,40,0,3,1,4.095999989658594,4,4,0,0,40,0,0,40,3.17
1200,2,0,0,0,14.336000196635723,4,4,0,0,40,0,0,40,2.531
1200,2,0,1,0,91.13600105047226,4,4,0,0,40,0,0,40,2.531
1200,2,0,2,0,9.216000325977802,4,4,0,0,40,0,0,40,2.531
1200,2,0,3,0,6.144000217318535,4,4,0,0,40,0,0,40,2.531
1200,24,0,0,0,8.191999979317188,4,4,0,1,39,0,0,40,53.21
1200,24,0,1,0,71.68000191450119,4,4,0,1,39,0,0,40,53.21
1200,24,0,2,0,9.216000325977802,4,4,0,1,39,0,0,40,53.21
1200,24,0,3,0,4.095999989658594,4,4,0,1,39,0,0,40,53.21
1200,40,0,0,1,8.191999979317188,4,4,0,1,39,0,0,40,193.139
1200,40,0,1,1,95.23200243711472,4,4,0,1,39,0,0,40,193.139
1200,40,0,2,1,9.216000325977802,4,4,0,1,39,0,0,40,193.139
1200,40,0,3,1,75.77600330114365,4,4,0,1,39,0,0,40,193.139
1201,2,0,0,0,9.216000325977802,4,4,0,0,40,0,0,40,3.9
1201,2,0,1,0,82.94399827718735,4,4,0,0,40,0,0,40,3.9
1201,2,0,2,0,9.216000325977802,4,4,0,0,40,0,0,40,3.9
1201,2,0,3,0,5.119999870657921,4,4,0,0,40,0,0,40,3.9
1201,24,0,0,0,8.191999979317188,4,4,0,2,38,0,0,40,61.42
1201,24,0,1,0,73.72800260782242,4,4,0,2,38,0,0,40,61.42
1201,24,0,2,0,8.191999979317188,4,4,0,2,38,0,0,40,61.42
1201,24,0,3,0,5.119999870657921,4,4,0,2,38,0,0,40,61.42
1201,40,0,0,1,14.336000196635723,4,4,0,0,40,0,0,40,1.66
1201,40,0,1,1,68.60800087451935,4,4,0,0,40,0,0,40,1.66
1201,40,0,2,1,9.216000325977802,4,4,0,0,40,0,0,40,1.66
1201,40,0,3,1,4.095999989658594,4,4,0,0,40,0,0,40,1.66
1202,2,0,0,0,14.336000196635723,4,4,0,0,40,0,0,40,1.589
1202,2,0,1,0,76.80000364780426,4,4,0,0,40,0,0,40,1.589
1202,2,0,2,0,9.216000325977802,4,4,0,0,40,0,0,40,1.589
1202,2,0,3,0,6.144000217318535,4,4,0,0,40,0,0,40,1.589
1202,24,0,0,0,9.216000325977802,4,4,0,0,40,0,0,40,3.62
1202,24,0,1,0,71.68000191450119,4,4,0,0,40,0,0,40,3.62
1202,24,0,2,0,8.191999979317188,4,4,0,0,40,0,0,40,3.62
1202,24,0,3,0,4.095999989658594,4,4,0,0,40,0,0,40,3.62
1202,40,0,0,1,8.191999979317188,4,4,0,1,39,0,0,40,73.76
1202,40,0,1,1,71.68000191450119,4,4,0,1,39,0,0,40,73.76
1202,40,0,2,1,9.216000325977802,4,4,0,1,39,0,0,40,73.76
1202,40,0,3,1,4.095999989658594,4,4,0,1,39,0,0,40,73.76
1203,2,0,0,0,8.191999979317188,4,4,0,0,40,0,0,40,3.511
1203,2,0,1,0,72.7040022611618,4,4,0,0,40,0,0,40,3.511
1203,2,0,2,0,9.216000325977802,4,4,0,0,40,0,0,40,3.511
1203,2,0,3,0,5.119999870657921,4,4,0,0,40,0,0,40,3.511
1203,24,0,0,0,8.191999979317188,4,4,0,0,40,0,0,40,1.749
1203,24,0,1,0,80.89599758386612,4,4,0,0,40,0,0,40,1.749
1203,24,0,2,0,9.216000325977802,4,4,0,0,40,0,0,40,1.749
1203,24,0,3,0,4.095999989658594,4,4,0,0,40,0,0,40,1.749
1203,40,0,0,1,14.336000196635723,4,4,0,0,40,0,0,40,1.4
1203,40,0,1,1,76.80000364780426,4,4,0,0,40,0,0,40,1.4
1203,40,0,2,1,8.191999979317188,4,4,0,0,40,0,0,40,1.4
1203,40,0,3,1,4.095999989658594,4,4,0,0,40,0,0,40,1.4
1204,2,0,0,0,8.191999979317188,4,4,0,1,39,0,0,40,113.129
1204,2,0,1,0,80.89599758386612,4,4,0,1,39,0,0,40,113.129
1204,2,0,2,0,9.216000325977802,4,4,0,1,39,0,0,40,113.129
1204,2,0,3,0,19.45599913597107,4,4,0,1,39,0,0,40,113.129
1204,24,0,0,0,8.191999979317188,4,4,0,0,40,0,0,40,3.44
1204,24,0,1,0,66.56000018119812,4,4,0,0,40,0,0,40,3.44
1204,24,0,2,0,9.216000325977802,4,4,0,0,40,0,0,40,3.44
1204,24,0,3,0,4.095999989658594,4,4,0,0,40,0,0,40,3.44
1204,40,0,0,1,9.216000325977802,4,4,0,0,40,0,0,40,1.29
1204,40,0,1,1,78.84799689054489,4,4,0,0,40,0,0,40,1.29
1204,40,0,2,1,8.191999979317188,4,4,0,0,40,0,0,40,1.29
1204,40,0,3,1,5.119999870657921,4,4,0,0,40,0,0,40,1.29
1205,2,0,0,0,15.359999611973763,3,3,0,0,30,0,0,30,3.049
1205,2,0,1,0,62.463998794555664,3,3,0,0,30,0,0,30,3.049
1205,2,0,2,0,9.216000325977802,3,3,0,0,30,0,0,30,3.049
1205,2,0,3,0,6.144000217318535,3,3,0,0,30,0,0,30,3.049
1205,24,0,0,0,8.191999979317188,3,3,0,1,29,0,0,30,1148.905
1205,24,0,1,0,64.51199948787689,3,3,0,1,29,0,0,30,1148.905
1205,24,0,2,0,9.216000325977802,3,3,0,1,29,0,0,30,1148.905
1205,24,0,3,0,1064.96000289917,3,3,0,1,29,0,0,30,1148.905
1205,40,0,0,1,8.191999979317188,3,3,0,1,29,0,0,30,72.589
1205,40,0,1,1,69.63200122117996,3,3,0,1,29,0,0,30,72.589
1205,40,0,2,1,8.191999979317188,3,3,0,1,29,0,0,30,72.589
1205,40,0,3,1,4.095999989658594,3,3,0,1,29,0,0,30,72.589
1206,2,0,0,0,9.216000325977802,4,4,0,2,38,0,0,40,114.679
1206,2,0,1,0,81.91999793052673,4,4,0,2,38,0,0,40,114.679
1206,2,0,2,0,9.216000325977802,4,4,0,2,38,0,0,40,114.679
1206,2,0,3,0,11.264000087976456,4,4,0,2,38,0,0,40,114.679
1206,24,0,0,0,8.191999979317188,4,4,0,0,40,0,0,40,3.49
1206,24,0,1,0,86.01599931716919,4,4,0,0,40,0,0,40,3.49
1206,24,0,2,0,8.191999979317188,4,4,0,0,40,0,0,40,3.49
1206,24,0,3,0,4.095999989658594,4,4,0,0,40,0,0,40,3.49
1206,40,0,0,1,8.191999979317188,4,4,0,2,38,0,0,40,120.29
1206,40,0,1,1,51.19999870657921,4,4,0,2,38,0,0,40,120.29
1206,40,0,2,1,9.216000325977802,4,4,0,2,38,0,0,40,120.29
1206,40,0,3,1,47.10400104522705,4,4,0,2,38,0,0,40,120.29
1207,2,0,0,0,8.191999979317188,3,3,0,1,29,0,0,30,136.17
1207,2,0,1,0,59.39200147986412,3,3,0,1,29,0,0,30,136.17
1207,2,0,2,0,9.216000325977802,3,3,0,1,29,0,0,30,136.17
1207,2,0,3,0,55.296000093221664,3,3,0,1,29,0,0,30,136.17
1207,24,0,0,0,8.191999979317188,3,3,0,1,29,0,0,30,59.67
1207,24,0,1,0,58.36800113320351,3,3,0,1,29,0,0,30,59.67
1207,24,0,2,0,8.191999979317188,3,3,0,1,29,0,0,30,59.67
1207,24,0,3,0,5.119999870657921,3,3,0,1,29,0,0,30,59.67
1207,40,0,0,1,14.336000196635723,3,3,0,0,30,0,0,30,2.88
1207,40,0,1,1,45.05600035190582,3,3,0,0,30,0,0,30,2.88
1207,40,0,2,1,8.191999979317188,3,3,0,0,30,0,0,30,2.88
1207,40,0,3,1,4.095999989658594,3,3,0,0,30,0,0,30,2.88
1208,2,0,0,0,14.336000196635723,4,4,0,0,40,0,0,40,3.71
1208,2,0,1,0,89.08800035715103,4,4,0,0,40,0,0,40,3.71
1208,2,0,2,0,9.216000325977802,4,4,0,0,40,0,0,40,3.71
1208,2,0,3,0,5.119999870657921,4,4,0,0,40,0,0,40,3.71
1208,24,0,0,0,8.191999979317188,4,4,0,3,37,0,0,40,2150.451
1208,24,0,1,0,52.22399905323982,4,4,0,3,37,0,0,40,2150.451
1208,24,0,2,0,9.216000325977802,4,4,0,3,37,0,0,40,2150.451
1208,24,0,3,0,2076.672077178955,4,4,0,3,37,0,0,40,2150.451
1208,40,0,0,1,14.336000196635723,4,4,0,0,40,0,0,40,1.32
1208,40,0,1,1,53.247999399900436,4,4,0,0,40,0,0,40,1.32
1208,40,0,2,1,9.216000325977802,4,4,0,0,40,0,0,40,1.32
1208,40,0,3,1,4.095999989658594,4,4,0,0,40,0,0,40,1.32
1209,2,0,0,0,2589.695930480957,3,3,0,0,30,0,0,30,7.671
1209,2,0,1,0,70.65600156784058,3,3,0,0,30,0,0,30,7.671
1209,2,0,2,0,9.216000325977802,3,3,0,0,30,0,0,30,7.671
1209,2,0,3,0,6.144000217318535,3,3,0,0,30,0,0,30,7.671
1209,24,0,0,0,8.191999979317188,3,3,0,0,30,0,0,30,0.98
1209,24,0,1,0,63.48799914121628,3,3,0,0,30,0,0,30,0.98
1209,24,0,2,0,9.216000325977802,3,3,0,0,30,0,0,30,0.98
1209,24,0,3,0,4.095999989658594,3,3,0,0,30,0,0,30,0.98
1209,40,0,0,1,8.191999979317188,3,3,0,0,30,0,0,30,1.0
1209,40,0,1,1,55.296000093221664,3,3,0,0,30,0,0,30,1.0
1209,40,0,2,1,9.216000325977802,3,3,0,0,30,0,0,30,1.0
1209,40,0,3,1,4.095999989658594,3,3,0,0,30,0,0,30,1.0
1210,2,0,0,0,9.216000325977802,2,2,0,0,20,0,0,20,2.57
1210,2,0,1,0,46.08000069856644,2,2,0,0,20,0,0,20,2.57
1210,2,0,2,0,9.216000325977802,2,2,0,0,20,0,0,20,2.57
1210,2,0,3,0,5.119999870657921,2,2,0,0,20,0,0,20,2.57
1210,24,0,0,0,8.191999979317188,2,2,0,1,19,0,0,20,50.15
1210,24,0,1,0,43.007999658584595,2,2,0,1,19,0,0,20,50.15
1210,24,0,2,0,9.216000325977802,2,2,0,1,19,0,0,20,50.15
1210,24,0,3,0,4.095999989658594,2,2,0,1,19,0,0,20,50.15
1210,40,0,0,1,8.191999979317188,2,2,0,0,20,0,0,20,0.731
1210,40,0,1,1,45.05600035190582,2,2,0,0,20,0,0,20,0.731
1210,40,0,2,1,9.216000325977802,2,2,0,0,20,0,0,20,0.731
1210,40,0,3,1,4.095999989658594,2,2,0,0,20,0,0,20,0.731
1211,2,0,0,0,14.336000196635723,4,4,0,0,40,0,0,40,1.791
1211,2,0,1,0,91.13600105047226,4,4,0,0,40,0,0,40,1.791
1211,2,0,2,0,9.216000325977802,4,4,0,0,40,0,0,40,1.791
1211,2,0,3,0,5.119999870657921,4,4,0,0,40,0,0,40,1.791
1211,24,0,0,0,8.191999979317188,4,4,0,1,39,0,0,40,106.759
1211,24,0,1,0,60.416001826524734,4,4,0,1,39,0,0,40,106.759
1211,24,0,2,0,8.191999979317188,4,4,0,1,39,0,0,40,106.759
1211,24,0,3,0,25.599999353289604,4,4,0,1,39,0,0,40,106.759
1211,40,0,0,1,8.191999979317188,4,4,0,0,40,0,0,40,1.82
1211,40,0,1,1,63.48799914121628,4,4,0,0,40,0,0,40,1.82
1211,40,0,2,1,9.216000325977802,4,4,0,0,40,0,0,40,1.82
1211,40,0,3,1,4.095999989658594,4,4,0,0,40,0,0,40,1.82
1212,2,0,0,0,9.216000325977802,4,4,0,0,40,0,0,40,3.531
1212,2,0,1,0,83.96799862384796,4,4,0,0,40,0,0,40,3.531
1212,2,0,2,0,9.216000325977802,4,4,0,0,40,0,0,40,3.531
1212,2,0,3,0,5.119999870657921,4,4,0,0,40,0,0,40,3.531
1212,24,0,0,0,8.191999979317188,4,4,0,1,39,0,0,40,52.76
1212,24,0,1,0,63.48799914121628,4,4,0,1,39,0,0,40,52.76
1212,24,0,2,0,9.216000325977802,4,4,0,1,39,0,0,40,52.76
1212,24,0,3,0,4.095999989658594,4,4,0,1,39,0,0,40,52.76
1212,40,0,0,1,1792.0000553131104,4,4,0,0,40,0,0,40,2.369
1212,40,0,1,1,77.82399654388428,4,4,0,0,40,0,0,40,2.369
1212,40,0,2,1,8.191999979317188,4,4,0,0,40,0,0,40,2.369
1212,40,0,3,1,4.095999989658594,4,4,0,0,40,0,0,40,2.369
1213,2,0,0,0,14.336000196635723,4,4,0,0,40,0,0,40,1.96
1213,2,0,1,0,83.96799862384796,4,4,0,0,40,0,0,40,1.96
1213,2,0,2,0,9.216000325977802,4,4,0,0,40,0,0,40,1.96
1213,2,0,3,0,7.168000098317862,4,4,0,0,40,0,0,40,1.96
1213,24,0,0,0,9.216000325977802,4,4,0,0,40,0,0,40,3.16
1213,24,0,1,0,69.63200122117996,4,4,0,0,40,0,0,40,3.16
1213,24,0,2,0,9.216000325977802,4,4,0,0,40,0,0,40,3.16
1213,24,0,3,0,4.095999989658594,4,4,0,0,40,0,0,40,3.16
1213,40,0,0,1,47.10400104522705,4,4,0,0,40,0,0,40,1.911
1213,40,0,1,1,56.32000043988228,4,4,0,0,40,0,0,40,1.911
1213,40,0,2,1,9.216000325977802,4,4,0,0,40,0,0,40,1.911
1213,40,0,3,1,4.095999989658594,4,4,0,0,40,0,0,40,1.911
1214,2,0,0,0,2638.848066329956,4,4,0,0,40,0,0,40,3.3
1214,2,0,1,0,73.72800260782242,4,4,0,0,40,0,0,40,3.3
1214,2,0,2,0,9.216000325977802,4,4,0,0,40,0,0,40,3.3
1214,2,0,3,0,5.119999870657921,4,4,0,0,40,0,0,40,3.3
1214,24,0,0,0,8.191999979317188,4,4,0,1,39,0,0,40,52.429
1214,24,0,1,0,73.72800260782242,4,4,0,1,39,0,0,40,52.429
1214,24,0,2,0,9.216000325977802,4,4,0,1,39,0,0,40,52.429
1214,24,0,3,0,4.095999989658594,4,4,0,1,39,0,0,40,52.429
1214,40,0,0,1,334.84798669815063,4,4,0,0,40,0,0,40,1.88
1214,40,0,1,1,66.56000018119812,4,4,0,0,40,0,0,40,1.88
1214,40,0,2,1,9.216000325977802,4,4,0,0,40,0,0,40,1.88
1214,40,0,3,1,4.095999989658594,4,4,0,0,40,0,0,40,1.88
1215,2,0,0,0,9.216000325977802,2,2,0,0,20,0,0,20,1.029
1215,2,0,1,0,50.175998359918594,2,2,0,0,20,0,0,20,1.029
1215,2,0,2,0,8.191999979317188,2,2,0,0,20,0,0,20,1.029
1215,2,0,3,0,4.095999989658594,2,2,0,0,20,0,0,20,1.029
1215,24,0,0,0,8.191999979317188,2,2,0,1,19,0,0,20,88.97
1215,24,0,1,0,58.36800113320351,2,2,0,1,19,0,0,20,88.97
1215,24,0,2,0,9.216000325977802,2,2,0,1,19,0,0,20,88.97
1215,24,0,3,0,11.264000087976456,2,2,0,1,19,0,0,20,88.97
1215,40,0,0,1,8.191999979317188,2,2,0,0,20,0,0,20,0.76
1215,40,0,1,1,60.416001826524734,2,2,0,0,20,0,0,20,0.76
1215,40,0,2,1,9.216000325977802,2,2,0,0,20,0,0,20,0.76
1215,40,0,3,1,4.095999989658594,2,2,0,0,20,0,0,20,0.76
1216,2,0,0,0,14.336000196635723,4,4,0,0,40,0,0,40,1.86
1216,2,0,1,0,77.82399654388428,4,4,0,0,40,0,0,40,1.86
1216,2,0,2,0,9.216000325977802,4,4,0,0,40,0,0,40,1.86
1216,2,0,3,0,5.119999870657921,4,4,0,0,40,0,0,40,1.86
1216,24,0,0,0,8.191999979317188,4,4,0,0,40,0,0,40,1.55
1216,24,0,1,0,65.5359998345375,4,4,0,0,40,0,0,40,1.55
1216,24,0,2,0,9.216000325977802,4,4,0,0,40,0,0,40,1.55
1216,24,0,3,0,5.119999870657921,4,4,0,0,40,0,0,40,1.55
1216,40,0,0,1,15.359999611973763,4,4,0,0,40,0,0,40,1.88
1216,40,0,1,1,65.5359998345375,4,4,0,0,40,0,0,40,1.88
1216,40,0,2,1,8.191999979317188,4,4,0,0,40,0,0,40,1.88
1216,40,0,3,1,4.095999989658594,4,4,0,0,40,0,0,40,1.88
1217,2,0,0,0,14.336000196635723,4,4,0,0,40,0,0,40,1.87
1217,2,0,1,0,88.06400001049042,4,4,0,0,40,0,0,40,1.87
1217,2,0,2,0,9.216000325977802,4,4,0,0,40,0,0,40,1.87
1217,2,0,3,0,5.119999870657921,4,4,0,0,40,0,0,40,1.87
1217,24,0,0,0,7.168000098317862,4,4,0,0,40,0,0,40,1.91
1217,24,0,1,0,70.65600156784058,4,4,0,0,40,0,0,40,1.91
1217,24,0,2,0,9.216000325977802,4,4,0,0,40,0,0,40,1.91
1217,24,0,3,0,4.095999989658594,4,4,0,0,40,0,0,40,1.91
1217,40,0,0,1,14.336000196635723,4,4,0,0,40,0,0,40,1.27
1217,40,0,1,1,54.27199974656105,4,4,0,0,40,0,0,40,1.27
1217,40,0,2,1,8.191999979317188,4,4,0,0,40,0,0,40,1.27
1217,40,0,3,1,4.095999989658594,4,4,0,0,40,0,0,40,1.27
1218,2,0,0,0,8.191999979317188,1,1,0,0,10,0,0,10,0.34
1218,2,0,1,0,31.74399957060814,1,1,0,0,10,0,0,10,0.34
1218,2,0,2,0,9.216000325977802,1,1,0,0,10,0,0,10,0.34
1218,2,0,3,0,4.095999989658594,1,1,0,0,10,0,0,10,0.34
1218,24,0,0,0,8.191999979317188,1,1,0,0,10,0,0,10,0.45
1218,24,0,1,0,31.74399957060814,1,1,0,0,10,0,0,10,0.45
1218,24,0,2,0,9.216000325977802,1,1,0,0,10,0,0,10,0.45
1218,24,0,3,0,4.095999989658594,1,1,0,0,10,0,0,10,0.45
1218,40,0,0,1,9.216000325977802,1,1,0,0,10,0,0,10,0.38
1218,40,0,1,1,35.840000957250595,1,1,0,0,10,0,0,10,0.38
1218,40,0,2,1,9.216000325977802,1,1,0,0,10,0,0,10,0.38
1218,40,0,3,1,4.095999989658594,1,1,0,0,10,0,0,10,0.38
1219,2,0,0,0,14.336000196635723,4,4,0,0,40,0,0,40,2.091
1219,2,0,1,0,84.99199897050858,4,4,0,0,40,0,0,40,2.091
1219,2,0,2,0,8.191999979317188,4,4,0,0,40,0,0,40,2.091
1219,2,0,3,0,5.119999870657921,4,4,0,0,40,0,0,40,2.091
1219,24,0,0,0,8.191999979317188,4,4,0,0,40,0,0,40,2.949
1219,24,0,1,0,59.39200147986412,4,4,0,0,40,0,0,40,2.949
1219,24,0,2,0,9.216000325977802,4,4,0,0,40,0,0,40,2.949
1219,24,0,3,0,4.095999989658594,4,4,0,0,40,0,0,40,2.949
1219,40,0,0,1,14.336000196635723,4,4,0,0,40,0,0,40,1.62
1219,40,0,1,1,69.63200122117996,4,4,0,0,40,0,0,40,1.62
1219,40,0,2,1,8.191999979317188,4,4,0,0,40,0,0,40,1.62
1219,40,0,3,1,4.095999989658594,4,4,0,0,40,0,0,40,1.62
1220,2,0,0,0,15.359999611973763,2,2,0,0,20,0,0,20,0.76
1220,2,0,1,0,52.22399905323982,2,2,0,0,20,0,0,20,0.76
1220,2,0,2,0,8.191999979317188,2,2,0,0,20,0,0,20,0.76
1220,2,0,3,0,5.119999870657921,2,2,0,0,20,0,0,20,0.76
1220,24,0,0,0,9.216000325977802,2,2,0,0,20,0,0,20,0.771
1220,24,0,1,0,54.27199974656105,2,2,0,0,20,0,0,20,0.771
1220,24,0,2,0,8.191999979317188,2,2,0,0,20,0,0,20,0.771
1220,24,0,3,0,4.095999989658594,2,2,0,0,20,0,0,20,0.771
1220,40,0,0,1,16.383999958634377,2,2,0,0,20,0,0,20,0.62
1220,40,0,1,1,55.296000093221664,2,2,0,0,20,0,0,20,0.62
1220,40,0,2,1,9.216000325977802,2,2,0,0,20,0,0,20,0.62
1220,40,0,3,1,4.095999989658594,2,2,0,0,20,0,0,20,0.62
1221,2,0,0,0,9.216000325977802,2,2,0,0,20,0,0,20,0.749
1221,2,0,1,0,51.19999870657921,2,2,0,0,20,0,0,20,0.749
1221,2,0,2,0,9.216000325977802,2,2,0,0,20,0,0,20,0.749
1221,2,0,3,0,4.095999989658594,2,2,0,0,20,0,0,20,0.749
1221,24,0,0,0,9.216000325977802,2,2,0,0,20,0,0,20,0.73
1221,24,0,1,0,52.22399905323982,2,2,0,0,20,0,0,20,0.73
1221,24,0,2,0,9.216000325977802,2,2,0,0,20,0,0,20,0.73
1221,24,0,3,0,4.095999989658594,2,2,0,0,20,0,0,20,0.73
1221,40,0,0,1,9.216000325977802,2,2,0,0,20,0,0,20,0.62
1221,40,0,1,1,45.05600035190582,2,2,0,0,20,0,0,20,0.62
1221,40,0,2,1,9.216000325977802,2,2,0,0,20,0,0,20,0.62
1221,40,0,3,1,4.095999989658594,2,2,0,0,20,0,0,20,0.62
1222,2,0,0,0,9.216000325977802,1,1,0,0,10,0,0,10,0.47
1222,2,0,1,0,31.74399957060814,1,1,0,0,10,0,0,10,0.47
1222,2,0,2,0,8.191999979317188,1,1,0,0,10,0,0,10,0.47
1222,2,0,3,0,5.119999870657921,1,1,0,0,10,0,0,10,0.47
1222,24,0,0,0,8.191999979317188,1,1,0,0,10,0,0,10,0.3
1222,24,0,1,0,31.74399957060814,1,1,0,0,10,0,0,10,0.3
1222,24,0,2,0,9.216000325977802,1,1,0,0,10,0,0,10,0.3
1222,24,0,3,0,4.095999989658594,1,1,0,0,10,0,0,10,0.3
1222,40,0,0,1,10.239999741315842,1,1,0,0,10,0,0,10,0.42
1222,40,0,1,1,34.81600061058998,1,1,0,0,10,0,0,10,0.42
1222,40,0,2,1,9.216000325977802,1,1,0,0,10,0,0,10,0.42
1222,40,0,3,1,4.095999989658594,1,1,0,0,10,0,0,10,0.42
1223,2,0,0,0,9.216000325977802,3,3,0,0,30,0,0,30,1.22
1223,2,0,1,0,72.7040022611618,3,3,0,0,30,0,0,30,1.22
1223,2,0,2,0,8.191999979317188,3,3,0,0,30,0,0,30,1.22
1223,2,0,3,0,6.144000217318535,3,3,0,0,30,0,0,30,1.22
1223,24,0,0,0,9.216000325977802,3,3,0,0,30,0,0,30,1.23
1223,24,0,1,0,55.296000093221664,3,3,0,0,30,0,0,30,1.23
1223,24,0,2,0,8.191999979317188,3,3,0,0,30,0,0,30,1.23
1223,24,0,3,0,3.0720001086592674,3,3,0,0,30,0,0,30,1.23
1223,40,0,0,1,8.191999979317188,3,3,0,0,30,0,0,30,1.31
1223,40,0,1,1,54.27199974656105,3,3,0,0,30,0,0,30,1.31
1223,40,0,2,1,9.216000325977802,3,3,0,0,30,0,0,30,1.31
1223,40,0,3,1,4.095999989658594,3,3,0,0,30,0,0,30,1.31
1224,2,0,0,0,9.216000325977802,1,1,0,0,10,0,0,10,0.42
1224,2,0,1,0,31.74399957060814,1,1,0,0,10,0,0,10,0.42
1224,2,0,2,0,9.216000325977802,1,1,0,0,10,0,0,10,0.42
1224,2,0,3,0,7.168000098317862,1,1,0,0,10,0,0,10,0.42
1224,24,0,0,0,8.191999979317188,1,1,0,0,10,0,0,10,0.56
1224,24,0,1,0,31.74399957060814,1,1,0,0,10,0,0,10,0.56
1224,24,0,2,0,9.216000325977802,1,1,0,0,10,0,0,10,0.56
1224,24,0,3,0,4.095999989658594,1,1,0,0,10,0,0,10,0.56
1224,40,0,0,1,9.216000325977802,1,1,0,0,10,0,0,10,0.291
1224,40,0,1,1,34.81600061058998,1,1,0,0,10,0,0,10,0.291
1224,40,0,2,1,9.216000325977802,1,1,0,0,10,0,0,10,0.291
1224,40,0,3,1,4.095999989658594,1,1,0,0,10,0,0,10,0.291
1225,2,0,0,0,8.191999979317188,2,2,0,1,19,0,0,20,60.389
1225,2,0,1,0,49.15200173854828,2,2,0,1,19,0,0,20,60.389
1225,2,0,2,0,8.191999979317188,2,2,0,1,19,0,0,20,60.389
1225,2,0,3,0,4.095999989658594,2,2,0,1,19,0,0,20,60.389
1225,24,0,0,0,9.216000325977802,2,2,0,0,20,0,0,20,0.66
1225,24,0,1,0,46.08000069856644,2,2,0,0,20,0,0,20,0.66
1225,24,0,2,0,9.216000325977802,2,2,0,0,20,0,0,20,0.66
1225,24,0,3,0,4.095999989658594,2,2,0,0,20,0,0,20,0.66
1225,40,0,0,1,10.239999741315842,2,2,0,2,18,0,0,20,108.039
1225,40,0,1,1,36.86400130391121,2,2,0,2,18,0,0,20,108.039
1225,40,0,2,1,10.239999741315842,2,2,0,2,18,0,0,20,108.039
1225,40,0,3,1,47.10400104522705,2,2,0,2,18,0,0,20,108.039
1226,2,0,0,0,9.216000325977802,1,1,0,0,10,0,0,10,0.42
1226,2,0,1,0,31.74399957060814,1,1,0,0,10,0,0,10,0.42
1226,2,0,2,0,9.216000325977802,1,1,0,0,10,0,0,10,0.42
1226,2,0,3,0,5.119999870657921,1,1,0,0,10,0,0,10,0.42
1226,24,0,0,0,7.168000098317862,1,1,0,0,10,0,0,10,2.849
1226,24,0,1,0,32.76799991726875,1,1,0,0,10,0,0,10,2.849
1226,24,0,2,0,9.216000325977802,1,1,0,0,10,0,0,10,2.849
1226,24,0,3,0,4.095999989658594,1,1,0,0,10,0,0,10,2.849
1226,40,0,0,1,8.191999979317188,1,1,0,1,9,0,0,10,48.74
1226,40,0,1,1,33.79200026392937,1,1,0,1,9,0,0,10,48.74
1226,40,0,2,1,9.216000325977802,1,1,0,1,9,0,0,10,48.74
1226,40,0,3,1,4.095999989658594,1,1,0,1,9,0,0,10,48.74
1227,2,0,0,0,8.191999979317188,2,2,0,0,20,0,0,20,0.78
1227,2,0,1,0,53.247999399900436,2,2,0,0,20,0,0,20,0.78
1227,2,0,2,0,9.216000325977802,2,2,0,0,20,0,0,20,0.78
1227,2,0,3,0,5.119999870657921,2,2,0,0,20,0,0,20,0.78
1227,24,0,0,0,8.191999979317188,2,2,0,0,20,0,0,20,0.78
1227,24,0,1,0,48.128001391887665,2,2,0,0,20,0,0,20,0.78
1227,24,0,2,0,8.191999979317188,2,2,0,0,20,0,0,20,0.78
1227,24,0,3,0,4.095999989658594,2,2,0,0,20,0,0,20,0.78
1227,40,0,0,1,9.216000325977802,2,2,0,0,20,0,0,20,0.6
1227,40,0,1,1,56.32000043988228,2,2,0,0,20,0,0,20,0.6
1227,40,0,2,1,9.216000325977802,2,2,0,0,20,0,0,20,0.6
1227,40,0,3,1,4.095999989658594,2,2,0,0,20,0,0,20,0.6
1228,2,0,0,0,14.336000196635723,2,2,0,0,20,0,0,20,2.38
1228,2,0,1,0,51.19999870657921,2,2,0,0,20,0,0,20,2.38
1228,2,0,2,0,8.191999979317188,2,2,0,0,20,0,0,20,2.38
1228,2,0,3,0,5.119999870657921,2,2,0,0,20,0,0,20,2.38
1228,24,0,0,0,8.191999979317188,2,2,0,0,20,0,0,20,0.55
1228,24,0,1,0,48.128001391887665,2,2,0,0,20,0,0,20,0.55
1228,24,0,2,0,9.216000325977802,2,2,0,0,20,0,0,20,0.55
1228,24,0,3,0,4.095999989658594,2,2,0,0,20,0,0,20,0.55
1228,40,0,0,1,8.191999979317188,2,2,0,0,20,0,0,20,0.669
1228,40,0,1,1,45.05600035190582,2,2,0,0,20,0,0,20,0.669
1228,40,0,2,1,9.216000325977802,2,2,0,0,20,0,0,20,0.669
1228,40,0,3,1,4.095999989658594,2,2,0,0,20,0,0,20,0.669
1229,2,0,0,0,9.216000325977802,3,3,0,0,30,0,0,30,2.62
1229,2,0,1,0,67.58400052785873,3,3,0,0,30,0,0,30,2.62
1229,2,0,2,0,8.191999979317188,3,3,0,0,30,0,0,30,2.62
1229,2,0,3,0,5.119999870657921,3,3,0,0,30,0,0,30,2.62
1229,24,0,0,0,8.191999979317188,3,3,0,0,30,0,0,30,1.1
1229,24,0,1,0,50.175998359918594,3,3,0,0,30,0,0,30,1.1
1229,24,0,2,0,9.216000325977802,3,3,0,0,30,0,0,30,1.1
1229,24,0,3,0,4.095999989658594,3,3,0,0,30,0,0,30,1.1
1229,40,0,0,1,14.336000196635723,3,3,0,0,30,0,0,30,1.07
1229,40,0,1,1,57.34400078654289,3,3,0,0,30,0,0,30,1.07
1229,40,0,2,1,9.216000325977802,3,3,0,0,30,0,0,30,1.07
1229,40,0,3,1,4.095999989658594,3,3,0,0,30,0,0,30,1.07
1230,2,0,0,0,14.336000196635723,4,4,0,0,40,0,0,40,1.71
1230,2,0,1,0,67.58400052785873,4,4,0,0,40,0,0,40,1.71
1230,2,0,2,0,8.191999979317188,4,4,0,0,40,0,0,40,1.71
1230,2,0,3,0,6.144000217318535,4,4,0,0,40,0,0,40,1.71
1230,24,0,0,0,9.216000325977802,4,4,0,0,40,0,0,40,1.43
1230,24,0,1,0,67.58400052785873,4,4,0,0,40,0,0,40,1.43
1230,24,0,2,0,9.216000325977802,4,4,0,0,40,0,0,40,1.43
1230,24,0,3,0,4.095999989658594,4,4,0,0,40,0,0,40,1.43
1230,40,0,0,1,15.359999611973763,4,4,0,0,40,0,0,40,2.78
1230,40,0,1,1,59.39200147986412,4,4,0,0,40,0,0,40,2.78
1230,40,0,2,1,9.216000325977802,4,4,0,0,40,0,0,40,2.78
1230,40,0,3,1,4.095999989658594,4,4,0,0,40,0,0,40,2.78
1231,2,0,0,0,8.191999979317188,2,2,0,0,20,0,0,20,0.691
1231,2,0,1,0,53.247999399900436,2,2,0,0,20,0,0,20,0.691
1231,2,0,2,0,9.216000325977802,2,2,0,0,20,0,0,20,0.691
1231,2,0,3,0,4.095999989658594,2,2,0,0,20,0,0,20,0.691
1231,24,0,0,0,9.216000325977802,2,2,0,1,19,0,0,20,58.52
1231,24,0,1,0,52.22399905323982,2,2,0,1,19,0,0,20,58.52
1231,24,0,2,0,9.216000325977802,2,2,0,1,19,0,0,20,58.52
1231,24,0,3,0,4.095999989658594,2,2,0,1,19,0,0,20,58.52
1231,40,0,0,1,8.191999979317188,2,2,0,0,20,0,0,20,0.72
1231,40,0,1,1,44.03200000524521,2,2,0,0,20,0,0,20,0.72
1231,40,0,2,1,10.239999741315842,2,2,0,0,20,0,0,20,0.72
1231,40,0,3,1,4.095999989658594,2,2,0,0,20,0,0,20,0.72
1232,2,0,0,0,14.336000196635723,4,4,0,0,40,0,0,40,3.549
1232,2,0,1,0,75.77600330114365,4,4,0,0,40,0,0,40,3.549
1232,2,0,2,0,9.216000325977802,4,4,0,0,40,0,0,40,3.549
1232,2,0,3,0,5.119999870657921,4,4,0,0,40,0,0,40,3.549
1232,24,0,0,0,2733.05606842041,4,4,0,0,40,0,0,40,3.75
1232,24,0,1,0,68.60800087451935,4,4,0,0,40,0,0,40,3.75
1232,24,0,2,0,9.216000325977802,4,4,0,0,40,0,0,40,3.75
1232,24,0,3,0,4.095999989658594,4,4,0,0,40,0,0,40,3.75
1232,40,0,0,1,8.191999979317188,4,4,0,1,39,0,0,40,73.53
1232,40,0,1,1,59.39200147986412,4,4,0,1,39,0,0,40,73.53
1232,40,0,2,1,9.216000325977802,4,4,0,1,39,0,0,40,73.53
1232,40,0,3,1,4.095999989658594,4,4,0,1,39,0,0,40,73.53
1233,2,0,0,0,14.336000196635723,4,4,0,0,40,0,0,40,2.091
1233,2,0,1,0,91.13600105047226,4,4,0,0,40,0,0,40,2.091
1233,2,0,2,0,9.216000325977802,4,4,0,0,40,0,0,40,2.091
1233,2,0,3,0,5.119999870657921,4,4,0,0,40,0,0,40,2.091
1233,24,0,0,0,7.168000098317862,4,4,0,0,40,0,0,40,1.7
1233,24,0,1,0,75.77600330114365,4,4,0,0,40,0,0,40,1.7
1233,24,0,2,0,9.216000325977802,4,4,0,0,40,0,0,40,1.7
1233,24,0,3,0,4.095999989658594,4,4,0,0,40,0,0,40,1.7
1233,40,0,0,1,9.216000325977802,4,4,0,0,40,0,0,40,1.41
1233,40,0,1,1,66.56000018119812,4,4,0,0,40,0,0,40,1.41
1233,40,0,2,1,9.216000325977802,4,4,0,0,40,0,0,40,1.41
1233,40,0,3,1,4.095999989658594,4,4,0,0,40,0,0,40,1.41
1234,2,0,0,0,15.359999611973763,3,3,0,0,30,0,0,30,2.5
1234,2,0,1,0,71.68000191450119,3,3,0,0,30,0,0,30,2.5
1234,2,0,2,0,8.191999979317188,3,3,0,0,30,0,0,30,2.5
1234,2,0,3,0,8.191999979317188,3,3,0,0,30,0,0,30,2.5
1234,24,0,0,0,9.216000325977802,3,3,0,0,30,0,0,30,1.08
1234,24,0,1,0,62.463998794555664,3,3,0,0,30,0,0,30,1.08
1234,24,0,2,0,8.191999979317188,3,3,0,0,30,0,0,30,1.08
1234,24,0,3,0,3.0720001086592674,3,3,0,0,30,0,0,30,1.08
1234,40,0,0,1,14.336000196635723,3,3,0,0,30,0,0,30,1.74
1234,40,0,1,1,66.56000018119812,3,3,0,0,30,0,0,30,1.74
1234,40,0,2,1,9.216000325977802,3,3,0,0,30,0,0,30,1.74
1234,40,0,3,1,4.095999989658594,3,3,0,0,30,0,0,30,1.74
1235,2,0,0,0,9.216000325977802,2,2,0,0,20,0,0,20,0.669
1235,2,0,1,0,53.247999399900436,2,2,0,0,20,0,0,20,0.669
1235,2,0,2,0,9.216000325977802,2,2,0,0,20,0,0,20,0.669
1235,2,0,3,0,5.119999870657921,2,2,0,0,20,0,0,20,0.669
1235,24,0,0,0,8.191999979317188,2,2,0,0,20,0,0,20,3.75
1235,24,0,1,0,50.175998359918594,2,2,0,0,20,0,0,20,3.75
1235,24,0,2,0,8.191999979317188,2,2,0,0,20,0,0,20,3.75
1235,24,0,3,0,4.095999989658594,2,2,0,0,20,0,0,20,3.75
1235,40,0,0,1,8.191999979317188,2,2,0,0,20,0,0,20,0.6
1235,40,0,1,1,39.93599861860275,2,2,0,0,20,0,0,20,0.6
1235,40,0,2,1,9.216000325977802,2,2,0,0,20,0,0,20,0.6
1235,40,0,3,1,4.095999989658594,2,2,0,0,20,0,0,20,0.6
1236,2,0,0,0,13.311999849975109,4,4,0,0,40,0,0,40,1.88
1236,2,0,1,0,78.84799689054489,4,4,0,0,40,0,0,40,1.88
1236,2,0,2,0,9.216000325977802,4,4,0,0,40,0,0,40,1.88
1236,2,0,3,0,5.119999870657921,4,4,0,0,40,0,0,40,1.88
1236,24,0,0,0,7.168000098317862,4,4,0,0,40,0,0,40,1.431
1236,24,0,1,0,69.63200122117996,4,4,0,0,40,0,0,40,1.431
1236,24,0,2,0,9.216000325977802,4,4,0,0,40,0,0,40,1.431
1236,24,0,3,0,4.095999989658594,4,4,0,0,40,0,0,40,1.431
1236,40,0,0,1,15.359999611973763,4,4,0,0,40,0,0,40,1.61
1236,40,0,1,1,68.60800087451935,4,4,0,0,40,0,0,40,1.61
1236,40,0,2,1,9.216000325977802,4,4,0,0,40,0,0,40,1.61
1236,40,0,3,1,4.095999989658594,4,4,0,0,40,0,0,40,1.61
1237,2,0,0,0,14.336000196635723,4,4,0,0,40,0,0,40,1.82
1237,2,0,1,0,82.94399827718735,4,4,0,0,40,0,0,40,1.82
1237,2,0,2,0,9.216000325977802,4,4,0,0,40,0,0,40,1.82
1237,2,0,3,0,5.119999870657921,4,4,0,0,40,0,0,40,1.82
1237,24,0,0,0,8.191999979317188,4,4,0,0,40,0,0,40,2.88
1237,24,0,1,0,84.99199897050858,4,4,0,0,40,0,0,40,2.88
1237,24,0,2,0,9.216000325977802,4,4,0,0,40,0,0,40,2.88
1237,24,0,3,0,4.095999989658594,4,4,0,0,40,0,0,40,2.88
1237,40,0,0,1,9.216000325977802,4,4,0,0,40,0,0,40,2.97
1237,40,0,1,1,71.68000191450119,4,4,0,0,40,0,0,40,2.97
1237,40,0,2,1,9.216000325977802,4,4,0,0,40,0,0,40,2.97
1237,40,0,3,1,4.095999989658594,4,4,0,0,40,0,0,40,2.97
1238,2,0,0,0,10.239999741315842,2,2,0,0,20,0,0,20,0.791
1238,2,0,1,0,53.247999399900436,2,2,0,0,20,0,0,20,0.791
1238,2,0,2,0,9.216000325977802,2,2,0,0,20,0,0,20,0.791
1238,2,0,3,0,4.095999989658594,2,2,0,0,20,0,0,20,0.791
1238,24,0,0,0,8.191999979317188,2,2,0,0,20,0,0,20,1.909
1238,24,0,1,0,50.175998359918594,2,2,0,0,20,0,0,20,1.909
1238,24,0,2,0,9.216000325977802,2,2,0,0,20,0,0,20,1.909
1238,24,0,3,0,4.095999989658594,2,2,0,0,20,0,0,20,1.909
1238,40,0,0,1,8.191999979317188,2,2,0,0,20,0,0,20,0.751
1238,40,0,1,1,43.007999658584595,2,2,0,0,20,0,0,20,0.751
1238,40,0,2,1,9.216000325977802,2,2,0,0,20,0,0,20,0.751
1238,40,0,3,1,4.095999989658594,2,2,0,0,20,0,0,20,0.751
1239,2,0,0,0,8.191999979317188,2,2,0,0,20,0,0,20,1.03
1239,2,0,1,0,45.05600035190582,2,2,0,0,20,0,0,20,1.03
1239,2,0,2,0,9.216000325977802,2,2,0,0,20,0,0,20,1.03
1239,2,0,3,0,4.095999989658594,2,2,0,0,20,0,0,20,1.03
1239,24,0,0,0,8.191999979317188,2,2,0,0,20,0,0,20,0.66
1239,24,0,1,0,47.10400104522705,2,2,0,0,20,0,0,20,0.66
1239,24,0,2,0,8.191999979317188,2,2,0,0,20,0,0,20,0.66
1239,24,0,3,0,4.095999989658594,2,2,0,0,20,0,0,20,0.66
1239,40,0,0,1,8.191999979317188,2,2,0,0,20,0,0,20,0.58
1239,40,0,1,1,47.10400104522705,2,2,0,0,20,0,0,20,0.58
1239,40,0,2,1,9.216000325977802,2,2,0,0,20,0,0,20,0.58
1239,40,0,3,1,4.095999989658594,2,2,0,0,20,0,0,20,0.58
1240,2,0,0,0,8.191999979317188,1,1,0,0,10,0,0,10,0.42
1240,2,0,1,0,32.76799991726875,1,1,0,0,10,0,0,10,0.42
1240,2,0,2,0,9.216000325977802,1,1,0,0,10,0,0,10,0.42
1240,2,0,3,0,6.144000217318535,1,1,0,0,10,0,0,10,0.42
1240,24,0,0,0,8.191999979317188,1,1,0,0,10,0,0,10,0.47
1240,24,0,1,0,32.76799991726875,1,1,0,0,10,0,0,10,0.47
1240,24,0,2,0,9.216000325977802,1,1,0,0,10,0,0,10,0.47
1240,24,0,3,0,4.095999989658594,1,1,0,0,10,0,0,10,0.47
1240,40,0,0,1,9.216000325977802,1,1,0,0,10,0,0,10,0.31
1240,40,0,1,1,35.840000957250595,1,1,0,0,10,0,0,10,0.31
1240,40,0,2,1,9.216000325977802,1,1,0,0,10,0,0,10,0.31
1240,40,0,3,1,4.095999989658594,1,1,0,0,10,0,0,10,0.31
1241,2,0,0,0,8.191999979317188,1,1,0,0,10,0,0,10,0.51
1241,2,0,1,0,31.74399957060814,1,1,0,0,10,0,0,10,0.51
1241,2,0,2,0,9.216000325977802,1,1,0,0,10,0,0,10,0.51
1241,2,0,3,0,5.119999870657921,1,1,0,0,10,0,0,10,0.51
1241,24,0,0,0,8.191999979317188,1,1,0,0,10,0,0,10,0.32
1241,24,0,1,0,31.74399957060814,1,1,0,0,10,0,0,10,0.32
1241,24,0,2,0,9.216000325977802,1,1,0,0,10,0,0,10,0.32
1241,24,0,3,0,3.0720001086592674,1,1,0,0,10,0,0,10,0.32
1241,40,0,0,1,8.191999979317188,1,1,0,0,10,0,0,10,0.45
1241,40,0,1,1,35.840000957250595,1,1,0,0,10,0,0,10,0.45
1241,40,0,2,1,9.216000325977802,1,1,0,0,10,0,0,10,0.45
1241,40,0,3,1,4.095999989658594,1,1,0,0,10,0,0,10,0.45
1242,2,0,0,0,9.216000325977802,2,2,0,0,20,0,0,20,0.9
1242,2,0,1,0,43.007999658584595,2,2,0,0,20,0,0,20,0.9
1242,2,0,2,0,9.216000325977802,2,2,0,0,20,0,0,20,0.9
1242,2,0,3,0,4.095999989658594,2,2,0,0,20,0,0,20,0.9
1242,24,0,0,0,376.8320083618164,2,2,0,0,20,0,0,20,1.54
1242,24,0,1,0,45.05600035190582,2,2,0,0,20,0,0,20,1.54
1242,24,0,2,0,9.216000325977802,2,2,0,0,20,0,0,20,1.54
1242,24,0,3,0,4.095999989658594,2,2,0,0,20,0,0,20,1.54
1242,40,0,0,1,9.216000325977802,2,2,0,0,20,0,0,20,0.65
1242,40,0,1,1,46.08000069856644,2,2,0,0,20,0,0,20,0.65
1242,40,0,2,1,9.216000325977802,2,2,0,0,20,0,0,20,0.65
1242,40,0,3,1,4.095999989658594,2,2,0,0,20,0,0,20,0.65
1243,2,0,0,0,8.191999979317188,3,3,0,0,30,0,0,30,1.4
1243,2,0,1,0,62.463998794555664,3,3,0,0,30,0,0,30,1.4
1243,2,0,2,0,8.191999979317188,3,3,0,0,30,0,0,30,1.4
1243,2,0,3,0,6.144000217318535,3,3,0,0,30,0,0,30,1.4
1243,24,0,0,0,2797.5680828094482,3,3,0,1,29,0,0,30,84.539
1243,24,0,1,0,57.34400078654289,3,3,0,1,29,0,0,30,84.539
1243,24,0,2,0,10.239999741315842,3,3,0,1,29,0,0,30,84.539
1243,24,0,3,0,5.119999870657921,3,3,0,1,29,0,0,30,84.539
1243,40,0,0,1,9.216000325977802,3,3,0,0,30,0,0,30,2.98
1243,40,0,1,1,47.10400104522705,3,3,0,0,30,0,0,30,2.98
1243,40,0,2,1,8.191999979317188,3,3,0,0,30,0,0,30,2.98
1243,40,0,3,1,5.119999870657921,3,3,0,0,30,0,0,30,2.98
1244,2,0,0,0,8.191999979317188,1,1,0,0,10,0,0,10,0.411
1244,2,0,1,0,31.74399957060814,1,1,0,0,10,0,0,10,0.411
1244,2,0,2,0,9.216000325977802,1,1,0,0,10,0,0,10,0.411
1244,2,0,3,0,4.095999989658594,1,1,0,0,10,0,0,10,0.411
1244,24,0,0,0,8.191999979317188,1,1,0,0,10,0,0,10,0.36
1244,24,0,1,0,31.74399957060814,1,1,0,0,10,0,0,10,0.36
1244,24,0,2,0,9.216000325977802,1,1,0,0,10,0,0,10,0.36
1244,24,0,3,0,4.095999989658594,1,1,0,0,10,0,0,10,0.36
1244,40,0,0,1,2163.7120246887207,1,1,0,0,10,0,0,10,0.76
1244,40,0,1,1,34.81600061058998,1,1,0,0,10,0,0,10,0.76
1244,40,0,2,1,8.191999979317188,1,1,0,0,10,0,0,10,0.76
1244,40,0,3,1,4.095999989658594,1,1,0,0,10,0,0,10,0.76
1245,2,0,0,0,23.552000522613525,1,1,0,0,10,0,0,10,0.41
1245,2,0,1,0,32.76799991726875,1,1,0,0,10,0,0,10,0.41
1245,2,0,2,0,9.216000325977802,1,1,0,0,10,0,0,10,0.41
1245,2,0,3,0,4.095999989658594,1,1,0,0,10,0,0,10,0.41
1245,24,0,0,0,9.216000325977802,1,1,0,1,9,0,0,10,54.36
1245,24,0,1,0,30.719999223947525,1,1,0,1,9,0,0,10,54.36
1245,24,0,2,0,9.216000325977802,1,1,0,1,9,0,0,10,54.36
1245,24,0,3,0,4.095999989658594,1,1,0,1,9,0,0,10,54.36
1245,40,0,0,1,8.191999979317188,1,1,0,0,10,0,0,10,0.431
1245,40,0,1,1,34.81600061058998,1,1,0,0,10,0,0,10,0.431
1245,40,0,2,1,9.216000325977802,1,1,0,0,10,0,0,10,0.431
1245,40,0,3,1,4.095999989658594,1,1,0,0,10,0,0,10,0.431
1246,2,0,0,0,14.336000196635723,4,4,0,0,40,0,0,40,3.9
1246,2,0,1,0,83.96799862384796,4,4,0,0,40,0,0,40,3.9
1246,2,0,2,0,9.216000325977802,4,4,0,0,40,0,0,40,3.9
1246,2,0,3,0,6.144000217318535,4,4,0,0,40,0,0,40,3.9
1246,24,0,0,0,8.191999979317188,4,4,0,0,40,0,0,40,3.731
1246,24,0,1,0,62.463998794555664,4,4,0,0,40,0,0,40,3.731
1246,24,0,2,0,9.216000325977802,4,4,0,0,40,0,0,40,3.731
1246,24,0,3,0,5.119999870657921,4,4,0,0,40,0,0,40,3.731
1246,40,0,0,1,15.359999611973763,4,4,0,0,40,0,0,40,1.34
1246,40,0,1,1,59.39200147986412,4,4,0,0,40,0,0,40,1.34
1246,40,0,2,1,9.216000325977802,4,4,0,0,40,0,0,40,1.34
1246,40,0,3,1,4.095999989658594,4,4,0,0,40,0,0,40,1.34
1247,2,0,0,0,8.191999979317188,2,2,0,0,20,0,0,20,0.88
1247,2,0,1,0,49.15200173854828,2,2,0,0,20,0,0,20,0.88
1247,2,0,2,0,9.216000325977802,2,2,0,0,20,0,0,20,0.88
1247,2,0,3,0,4.095999989658594,2,2,0,0,20,0,0,20,0.88
1247,24,0,0,0,8.191999979317188,2,2,0,0,20,0,0,20,0.629
1247,24,0,1,0,52.22399905323982,2,2,0,0,20,0,0,20,0.629
1247,24,0,2,0,8.191999979317188,2,2,0,0,20,0,0,20,0.629
1247,24,0,3,0,3.0720001086592674,2,2,0,0,20,0,0,20,0.629
1247,40,0,0,1,9.216000325977802,2,2,0,0,20,0,0,20,0.84
1247,40,0,1,1,44.03200000524521,2,2,0,0,20,0,0,20,0.84
1247,40,0,2,1,9.216000325977802,2,2,0,0,20,0,0,20,0.84
1247,40,0,3,1,4.095999989658594,2,2,0,0,20,0,0,20,0.84
1248,2,0,0,0,9.216000325977802,4,4,0,1,39,0,0,40,64.74
1248,2,0,1,0,88.06400001049042,4,4,0,1,39,0,0,40,64.74
1248,2,0,2,0,8.191999979317188,4,4,0,1,39,0,0,40,64.74
1248,2,0,3,0,5.119999870657921,4,4,0,1,39,0,0,40,64.74
1248,24,0,0,0,8.191999979317188,4,4,0,0,40,0,0,40,1.52
1248,24,0,1,0,61.43999844789505,4,4,0,0,40,0,0,40,1.52
1248,24,0,2,0,9.216000325977802,4,4,0,0,40,0,0,40,1.52
1248,24,0,3,0,4.095999989658594,4,4,0,0,40,0,0,40,1.52
1248,40,0,0,1,8.191999979317188,4,4,0,2,38,0,0,40,116.34
1248,40,0,1,1,45.05600035190582,4,4,0,2,38,0,0,40,116.34
1248,40,0,2,1,9.216000325977802,4,4,0,2,38,0,0,40,116.34
1248,40,0,3,1,50.175998359918594,4,4,0,2,38,0,0,40,116.34
1249,2,0,0,0,8.191999979317188,2,2,0,0,20,0,0,20,0.8
1249,2,0,1,0,53.247999399900436,2,2,0,0,20,0,0,20,0.8
1249,2,0,2,0,9.216000325977802,2,2,0,0,20,0,0,20,0.8
1249,2,0,3,0,4.095999989658594,2,2,0,0,20,0,0,20,0.8
1249,24,0,0,0,8.191999979317188,2,2,0,1,19,0,0,20,50.4
1249,24,0,1,0,44.03200000524521,2,2,0,1,19,0,0,20,50.4
1249,24,0,2,0,9.216000325977802,2,2,0,1,19,0,0,20,50.4
1249,24,0,3,0,4.095999989658594,2,2,0,1,19,0,0,20,50.4
1249,40,0,0,1,2734.0800762176514,2,2,0,2,18,0,0,20,114.13
1249,40,0,1,1,45.05600035190582,2,2,0,2,18,0,0,20,114.13
1249,40,0,2,1,10.239999741315842,2,2,0,2,18,0,0,20,114.13
1249,40,0,3,1,50.175998359918594,2,2,0,2,18,0,0,20,114.13
1250,2,0,0,0,8.191999979317188,2,2,0,0,20,0,0,20,1.129
1250,2,0,1,0,51.19999870657921,2,2,0,0,20,0,0,20,1.129
1250,2,0,2,0,8.191999979317188,2,2,0,0,20,0,0,20,1.129
1250,2,0,3,0,4.095999989658594,2,2,0,0,20,0,0,20,1.129
1250,24,0,0,0,12.28800043463707,2,2,0,0,20,0,0,20,1.229
1250,24,0,1,0,49.15200173854828,2,2,0,0,20,0,0,20,1.229
1250,24,0,2,0,9.216000325977802,2,2,0,0,20,0,0,20,1.229
1250,24,0,3,0,4.095999989658594,2,2,0,0,20,0,0,20,1.229
1250,40,0,0,1,9.216000325977802,2,2,0,0,20,0,0,20,0.62
1250,40,0,1,1,41.98399931192398,2,2,0,0,20,0,0,20,0.62
1250,40,0,2,1,9.216000325977802,2,2,0,0,20,0,0,20,0.62
1250,40,0,3,1,4.095999989658594,2,2,0,0,20,0,0,20,0.62
1251,2,0,0,0,16.383999958634377,4,4,0,0,40,0,0,40,1.891
1251,2,0,1,0,88.06400001049042,4,4,0,0,40,0,0,40,1.891
1251,2,0,2,0,8.191999979317188,4,4,0,0,40,0,0,40,1.891
1251,2,0,3,0,5.119999870657921,4,4,0,0,40,0,0,40,1.891
1251,24,0,0,0,2958.336114883423,4,4,0,0,40,0,0,40,3.929
1251,24,0,1,0,79.8719972372055,4,4,0,0,40,0,0,40,3.929
1251,24,0,2,0,10.239999741315842,4,4,0,0,40,0,0,40,3.929
1251,24,0,3,0,4.095999989658594,4,4,0,0,40,0,0,40,3.929
1251,40,0,0,1,8.191999979317188,4,4,0,0,40,0,0,40,1.48
1251,40,0,1,1,69.63200122117996,4,4,0,0,40,0,0,40,1.48
1251,40,0,2,1,8.191999979317188,4,4,0,0,40,0,0,40,1.48
1251,40,0,3,1,4.095999989658594,4,4,0,0,40,0,0,40,1.48
1252,2,0,0,0,16.383999958634377,2,2,0,0,20,0,0,20,0.89
1252,2,0,1,0,45.05600035190582,2,2,0,0,20,0,0,20,0.89
1252,2,0,2,0,9.216000325977802,2,2,0,0,20,0,0,20,0.89
1252,2,0,3,0,4.095999989658594,2,2,0,0,20,0,0,20,0.89
1252,24,0,0,0,8.191999979317188,2,2,0,0,20,0,0,20,0.629
1252,24,0,1,0,46.08000069856644,2,2,0,0,20,0,0,20,0.629
1252,24,0,2,0,9.216000325977802,2,2,0,0,20,0,0,20,0.629
1252,24,0,3,0,5.119999870657921,2,2,0,0,20,0,0,20,0.629
1252,40,0,0,1,8.191999979317188,2,2,0,0,20,0,0,20,1.051
1252,40,0,1,1,47.10400104522705,2,2,0,0,20,0,0,20,1.051
1252,40,0,2,1,9.216000325977802,2,2,0,0,20,0,0,20,1.051
1252,40,0,3,1,4.095999989658594,2,2,0,0,20,0,0,20,1.051
1253,2,0,0,0,14.336000196635723,4,4,0,0,40,0,0,40,1.84
1253,2,0,1,0,76.80000364780426,4,4,0,0,40,0,0,40,1.84
1253,2,0,2,0,9.216000325977802,4,4,0,0,40,0,0,40,1.84
1253,2,0,3,0,6.144000217318535,4,4,0,0,40,0,0,40,1.84
1253,24,0,0,0,7.168000098317862,4,4,0,0,40,0,0,40,3.451
1253,24,0,1,0,67.58400052785873,4,4,0,0,40,0,0,40,3.451
1253,24,0,2,0,9.216000325977802,4,4,0,0,40,0,0,40,3.451
1253,24,0,3,0,3.0720001086592674,4,4,0,0,40,0,0,40,3.451
1253,40,0,0,1,9.216000325977802,4,4,0,0,40,0,0,40,1.289
1253,40,0,1,1,59.39200147986412,4,4,0,0,40,0,0,40,1.289
1253,40,0,2,1,9.216000325977802,4,4,0,0,40,0,0,40,1.289
1253,40,0,3,1,3.0720001086592674,4,4,0,0,40,0,0,40,1.289
1254,2,0,0,0,15.359999611973763,4,4,0,0,40,0,0,40,1.46
1254,2,0,1,0,76.80000364780426,4,4,0,0,40,0,0,40,1.46
1254,2,0,2,0,9.216000325977802,4,4,0,0,40,0,0,40,1.46
1254,2,0,3,0,6.144000217318535,4,4,0,0,40,0,0,40,1.46
1254,24,0,0,0,7.168000098317862,4,4,0,0,40,0,0,40,1.48
1254,24,0,1,0,61.43999844789505,4,4,0,0,40,0,0,40,1.48
1254,24,0,2,0,9.216000325977802,4,4,0,0,40,0,0,40,1.48
1254,24,0,3,0,4.095999989658594,4,4,0,0,40,0,0,40,1.48
1254,40,0,0,1,8.191999979317188,4,4,0,0,40,0,0,40,1.35
1254,40,0,1,1,59.39200147986412,4,4,0,0,40,0,0,40,1.35
1254,40,0,2,1,9.216000325977802,4,4,0,0,40,0,0,40,1.35
1254,40,0,3,1,4.095999989658594,4,4,0,0,40,0,0,40,1.35
1255,2,0,0,0,9.216000325977802,4,4,0,1,39,0,0,40,69.45
1255,2,0,1,0,90.11200070381165,4,4,0,1,39,0,0,40,69.45
1255,2,0,2,0,8.191999979317188,4,4,0,1,39,0,0,40,69.45
1255,2,0,3,0,6.144000217318535,4,4,0,1,39,0,0,40,69.45
1255,24,0,0,0,8.191999979317188,4,4,0,1,39,0,0,40,58.51
1255,24,0,1,0,60.416001826524734,4,4,0,1,39,0,0,40,58.51
1255,24,0,2,0,9.216000325977802,4,4,0,1,39,0,0,40,58.51
1255,24,0,3,0,5.119999870657921,4,4,0,1,39,0,0,40,58.51
1255,40,0,0,1,14.336000196635723,4,4,0,0,40,0,0,40,1.491
1255,40,0,1,1,57.34400078654289,4,4,0,0,40,0,0,40,1.491
1255,40,0,2,1,9.216000325977802,4,4,0,0,40,0,0,40,1.491
1255,40,0,3,1,4.095999989658594,4,4,0,0,40,0,0,40,1.491
1256,2,0,0,0,9.216000325977802,1,1,0,0,10,0,0,10,1.78
1256,2,0,1,0,32.76799991726875,1,1,0,0,10,0,0,10,1.78
1256,2,0,2,0,9.216000325977802,1,1,0,0,10,0,0,10,1.78
1256,2,0,3,0,6.144000217318535,1,1,0,0,10,0,0,10,1.78
1256,24,0,0,0,8.191999979317188,1,1,0,0,10,0,0,10,0.771
1256,24,0,1,0,31.74399957060814,1,1,0,0,10,0,0,10,0.771
1256,24,0,2,0,9.216000325977802,1,1,0,0,10,0,0,10,0.771
1256,24,0,3,0,4.095999989658594,1,1,0,0,10,0,0,10,0.771
1256,40,0,0,1,8.191999979317188,1,1,0,0,10,0,0,10,0.31
1256,40,0,1,1,36.86400130391121,1,1,0,0,10,0,0,10,0.31
1256,40,0,2,1,8.191999979317188,1,1,0,0,10,0,0,10,0.31
1256,40,0,3,1,4.095999989658594,1,1,0,0,10,0,0,10,0.31
1257,2,0,0,0,15.359999611973763,4,4,0,0,40,0,0,40,4.01
1257,2,0,1,0,83.96799862384796,4,4,0,0,40,0,0,40,4.01
1257,2,0,2,0,9.216000325977802,4,4,0,0,40,0,0,40,4.01
1257,2,0,3,0,5.119999870657921,4,4,0,0,40,0,0,40,4.01
1257,24,0,0,0,7.168000098317862,4,4,0,0,40,0,0,40,1.55
1257,24,0,1,0,63.48799914121628,4,4,0,0,40,0,0,40,1.55
1257,24,0,2,0,9.216000325977802,4,4,0,0,40,0,0,40,1.55
1257,24,0,3,0,5.119999870657921,4,4,0,0,40,0,0,40,1.55
1257,40,0,0,1,14.336000196635723,4,4,0,0,40,0,0,40,1.35
1257,40,0,1,1,64.51199948787689,4,4,0,0,40,0,0,40,1.35
1257,40,0,2,1,9.216000325977802,4,4,0,0,40,0,0,40,1.35
1257,40,0,3,1,5.119999870657921,4,4,0,0,40,0,0,40,1.35
1258,2,0,0,0,14.336000196635723,4,4,0,0,40,0,0,40,1.72
1258,2,0,1,0,76.80000364780426,4,4,0,0,40,0,0,40,1.72
1258,2,0,2,0,9.216000325977802,4,4,0,0,40,0,0,40,1.72
1258,2,0,3,0,5.119999870657921,4,4,0,0,40,0,0,40,1.72
1258,24,0,0,0,9.216000325977802,4,4,0,0,40,0,0,40,3.169
1258,24,0,1,0,63.48799914121628,4,4,0,0,40,0,0,40,3.169
1258,24,0,2,0,9.216000325977802,4,4,0,0,40,0,0,40,3.169
1258,24,0,3,0,4.095999989658594,4,4,0,0,40,0,0,40,3.169
1258,40,0,0,1,8.191999979317188,4,4,0,0,40,0,0,40,1.411
1258,40,0,1,1,68.60800087451935,4,4,0,0,40,0,0,40,1.411
1258,40,0,2,1,9.216000325977802,4,4,0,0,40,0,0,40,1.411
1258,40,0,3,1,4.095999989658594,4,4,0,0,40,0,0,40,1.411
1259,2,0,0,0,14.336000196635723,4,4,0,2,38,0,0,40,114.219
1259,2,0,1,0,80.89599758386612,4,4,0,2,38,0,0,40,114.219
1259,2,0,2,0,9.216000325977802,4,4,0,2,38,0,0,40,114.219
1259,2,0,3,0,5.119999870657921,4,4,0,2,38,0,0,40,114.219
1259,24,0,0,0,8.191999979317188,4,4,0,0,40,0,0,40,1.53
1259,24,0,1,0,60.416001826524734,4,4,0,0,40,0,0,40,1.53
1259,24,0,2,0,9.216000325977802,4,4,0,0,40,0,0,40,1.53
1259,24,0,3,0,4.095999989658594,4,4,0,0,40,0,0,40,1.53
1259,40,0,0,1,8.191999979317188,4,4,0,0,40,0,0,40,1.569
1259,40,0,1,1,75.77600330114365,4,4,0,0,40,0,0,40,1.569
1259,40,0,2,1,9.216000325977802,4,4,0,0,40,0,0,40,1.569
1259,40,0,3,1,4.095999989658594,4,4,0,0,40,0,0,40,1.569
1260,2,0,0,0,8.191999979317188,4,4,0,1,39,0,0,40,59.84
1260,2,0,1,0,80.89599758386612,4,4,0,1,39,0,0,40,59.84
1260,2,0,2,0,9.216000325977802,4,4,0,1,39,0,0,40,59.84
1260,2,0,3,0,5.119999870657921,4,4,0,1,39,0,0,40,59.84
1260,24,0,0,0,8.191999979317188,4,4,0,0,40,0,0,40,1.36
1260,24,0,1,0,77.82399654388428,4,4,0,0,40,0,0,40,1.36
1260,24,0,2,0,9.216000325977802,4,4,0,0,40,0,0,40,1.36
1260,24,0,3,0,4.095999989658594,4,4,0,0,40,0,0,40,1.36
1260,40,0,0,1,8.191999979317188,4,4,0,0,40,0,0,40,2.9
1260,40,0,1,1,89.08800035715103,4,4,0,0,40,0,0,40,2.9
1260,40,0,2,1,9.216000325977802,4,4,0,0,40,0,0,40,2.9
1260,40,0,3,1,4.095999989658594,4,4,0,0,40,0,0,40,2.9
1261,2,0,0,0,15.359999611973763,4,4,0,0,40,0,0,40,3.889
1261,2,0,1,0,76.80000364780426,4,4,0,0,40,0,0,40,3.889
1261,2,0,2,0,8.191999979317188,4,4,0,0,40,0,0,40,3.889
1261,2,0,3,0,8.191999979317188,4,4,0,0,40,0,0,40,3.889
1261,24,0,0,0,8.191999979317188,4,4,0,0,40,0,0,40,1.489
1261,24,0,1,0,59.39200147986412,4,4,0,0,40,0,0,40,1.489
1261,24,0,2,0,9.216000325977802,4,4,0,0,40,0,0,40,1.489
1261,24,0,3,0,4.095999989658594,4,4,0,0,40,0,0,40,1.489
1261,40,0,0,1,14.336000196635723,4,4,0,0,40,0,0,40,3.2
1261,40,0,1,1,78.84799689054489,4,4,0,0,40,0,0,40,3.2
1261,40,0,2,1,9.216000325977802,4,4,0,0,40,0,0,40,3.2
1261,40,0,3,1,4.095999989658594,4,4,0,0,40,0,0,40,3.2
1262,2,0,0,0,14.336000196635723,4,4,0,0,40,0,0,40,1.53
1262,2,0,1,0,76.80000364780426,4,4,0,0,40,0,0,40,1.53
1262,2,0,2,0,9.216000325977802,4,4,0,0,40,0,0,40,1.53
1262,2,0,3,0,5.119999870657921,4,4,0,0,40,0,0,40,1.53
1262,24,0,0,0,8.191999979317188,4,4,0,0,40,0,0,40,1.471
1262,24,0,1,0,63.48799914121628,4,4,0,0,40,0,0,40,1.471
1262,24,0,2,0,9.216000325977802,4,4,0,0,40,0,0,40,1.471
1262,24,0,3,0,5.119999870657921,4,4,0,0,40,0,0,40,1.471
1262,40,0,0,1,8.191999979317188,4,4,0,0,40,0,0,40,1.67
1262,40,0,1,1,84.99199897050858,4,4,0,0,40,0,0,40,1.67
1262,40,0,2,1,9.216000325977802,4,4,0,0,40,0,0,40,1.67
1262,40,0,3,1,4.095999989658594,4,4,0,0,40,0,0,40,1.67
1263,2,0,0,0,14.336000196635723,4,4,0,0,40,0,0,40,3.48
1263,2,0,1,0,82.94399827718735,4,4,0,0,40,0,0,40,3.48
1263,2,0,2,0,9.216000325977802,4,4,0,0,40,0,0,40,3.48
1263,2,0,3,0,5.119999870657921,4,4,0,0,40,0,0,40,3.48
1263,24,0,0,0,8.191999979317188,4,4,0,1,39,0,0,40,58.93
1263,24,0,1,0,74.75200295448303,4,4,0,1,39,0,0,40,58.93
1263,24,0,2,0,9.216000325977802,4,4,0,1,39,0,0,40,58.93
1263,24,0,3,0,4.095999989658594,4,4,0,1,39,0,0,40,58.93
1263,40,0,0,1,9.216000325977802,4,4,0,0,40,0,0,40,1.64
1263,40,0,1,1,94.2080020904541,4,4,0,0,40,0,0,40,1.64
1263,40,0,2,1,9.216000325977802,4,4,0,0,40,0,0,40,1.64
1263,40,0,3,1,4.095999989658594,4,4,0,0,40,0,0,40,1.64
1264,2,0,0,0,15.359999611973763,4,4,0,0,40,0,0,40,1.74
1264,2,0,1,0,80.89599758386612,4,4,0,0,40,0,0,40,1.74
1264,2,0,2,0,9.216000325977802,4,4,0,0,40,0,0,40,1.74
1264,2,0,3,0,5.119999870657921,4,4,0,0,40,0,0,40,1.74
1264,24,0,0,0,8.191999979317188,4,4,0,0,40,0,0,40,1.39
1264,24,0,1,0,76.80000364780426,4,4,0,0,40,0,0,40,1.39
1264,24,0,2,0,8.191999979317188,4,4,0,0,40,0,0,40,1.39
1264,24,0,3,0,4.095999989658594,4,4,0,0,40,0,0,40,1.39
1264,40,0,0,1,14.336000196635723,4,4,0,0,40,0,0,40,4.18
1264,40,0,1,1,97.28000313043594,4,4,0,0,40,0,0,40,4.18
1264,40,0,2,1,9.216000325977802,4,4,0,0,40,0,0,40,4.18
1264,40,0,3,1,4.095999989658594,4,4,0,0,40,0,0,40,4.18
1265,2,0,0,0,14.336000196635723,4,4,0,0,40,0,0,40,1.951
1265,2,0,1,0,89.08800035715103,4,4,0,0,40,0,0,40,1.951
1265,2,0,2,0,9.216000325977802,4,4,0,0,40,0,0,40,1.951
1265,2,0,3,0,6.144000217318535,4,4,0,0,40,0,0,40,1.951
1265,24,0,0,0,7.168000098317862,4,4,0,1,39,0,0,40,267.639
1265,24,0,1,0,68.60800087451935,4,4,0,1,39,0,0,40,267.639
1265,24,0,2,0,9.216000325977802,4,4,0,1,39,0,0,40,267.639
1265,24,0,3,0,179.19999361038208,4,4,0,1,39,0,0,40,267.639
1265,40,0,0,1,14.336000196635723,4,4,0,0,40,0,0,40,1.74
1265,40,0,1,1,78.84799689054489,4,4,0,0,40,0,0,40,1.74
1265,40,0,2,1,9.216000325977802,4,4,0,0,40,0,0,40,1.74
1265,40,0,3,1,4.095999989658594,4,4,0,0,40,0,0,40,1.74
1266,2,0,0,0,16.383999958634377,4,4,0,0,40,0,0,40,1.62
1266,2,0,1,0,87.0399996638298,4,4,0,0,40,0,0,40,1.62
1266,2,0,2,0,8.191999979317188,4,4,0,0,40,0,0,40,1.62
1266,2,0,3,0,5.119999870657921,4,4,0,0,40,0,0,40,1.62
1266,24,0,0,0,8.191999979317188,4,4,0,0,40,0,0,40,1.549
1266,24,0,1,0,66.56000018119812,4,4,0,0,40,0,0,40,1.549
1266,24,0,2,0,9.216000325977802,4,4,0,0,40,0,0,40,1.549
1266,24,0,3,0,4.095999989658594,4,4,0,0,40,0,0,40,1.549
1266,40,0,0,1,8.191999979317188,4,4,0,0,40,0,0,40,3.52
1266,40,0,1,1,72.7040022611618,4,4,0,0,40,0,0,40,3.52
1266,40,0,2,1,9.216000325977802,4,4,0,0,40,0,0,40,3.52
1266,40,0,3,1,4.095999989658594,4,4,0,0,40,0,0,40,3.52
1267,2,0,0,0,8.191999979317188,2,2,0,0,20,0,0,20,0.8
1267,2,0,1,0,51.19999870657921,2,2,0,0,20,0,0,20,0.8
1267,2,0,2,0,9.216000325977802,2,2,0,0,20,0,0,20,0.8
1267,2,0,3,0,5.119999870657921,2,2,0,0,20,0,0,20,0.8
1267,24,0,0,0,8.191999979317188,2,2,0,0,20,0,0,20,0.73
1267,24,0,1,0,44.03200000524521,2,2,0,0,20,0,0,20,0.73
1267,24,0,2,0,9.216000325977802,2,2,0,0,20,0,0,20,0.73
1267,24,0,3,0,4.095999989658594,2,2,0,0,20,0,0,20,0.73
1267,40,0,0,1,9.216000325977802,2,2,0,0,20,0,0,20,0.731
1267,40,0,1,1,43.007999658584595,2,2,0,0,20,0,0,20,0.731
1267,40,0,2,1,9.216000325977802,2,2,0,0,20,0,0,20,0.731
1267,40,0,3,1,4.095999989658594,2,2,0,0,20,0,0,20,0.731
1268,2,0,0,0,15.359999611973763,3,3,0,0,30,0,0,30,1.2
1268,2,0,1,0,59.39200147986412,3,3,0,0,30,0,0,30,1.2
1268,2,0,2,0,8.191999979317188,3,3,0,0,30,0,0,30,1.2
1268,2,0,3,0,5.119999870657921,3,3,0,0,30,0,0,30,1.2
1268,24,0,0,0,9.216000325977802,3,3,0,0,30,0,0,30,3.191
1268,24,0,1,0,46.08000069856644,3,3,0,0,30,0,0,30,3.191
1268,24,0,2,0,9.216000325977802,3,3,0,0,30,0,0,30,3.191
1268,24,0,3,0,4.095999989658594,3,3,0,0,30,0,0,30,3.191
1268,40,0,0,1,9.216000325977802,3,3,0,0,30,0,0,30,0.98
1268,40,0,1,1,53.247999399900436,3,3,0,0,30,0,0,30,0.98
1268,40,0,2,1,8.191999979317188,3,3,0,0,30,0,0,30,0.98
1268,40,0,3,1,4.095999989658594,3,3,0,0,30,0,0,30,0.98
1269,2,0,0,0,9.216000325977802,1,1,0,0,10,0,0,10,0.48
1269,2,0,1,0,32.76799991726875,1,1,0,0,10,0,0,10,0.48
1269,2,0,2,0,8.191999979317188,1,1,0,0,10,0,0,10,0.48
1269,2,0,3,0,4.095999989658594,1,1,0,0,10,0,0,10,0.48
1269,24,0,0,0,8.191999979317188,1,1,0,0,10,0,0,10,0.449
1269,24,0,1,0,31.74399957060814,1,1,0,0,10,0,0,10,0.449
1269,24,0,2,0,8.191999979317188,1,1,0,0,10,0,0,10,0.449
1269,24,0,3,0,4.095999989658594,1,1,0,0,10,0,0,10,0.449
1269,40,0,0,1,10.239999741315842,1,1,0,0,10,0,0,10,0.44
1269,40,0,1,1,34.81600061058998,1,1,0,0,10,0,0,10,0.44
1269,40,0,2,1,8.191999979317188,1,1,0,0,10,0,0,10,0.44
1269,40,0,3,1,4.095999989658594,1,1,0,0,10,0,0,10,0.44
1270,2,0,0,0,14.336000196635723,4,4,0,0,40,0,0,40,3.31
1270,2,0,1,0,69.63200122117996,4,4,0,0,40,0,0,40,3.31
1270,2,0,2,0,9.216000325977802,4,4,0,0,40,0,0,40,3.31
1270,2,0,3,0,6.144000217318535,4,4,0,0,40,0,0,40,3.31
1270,24,0,0,0,7.168000098317862,4,4,0,0,40,0,0,40,1.369
1270,24,0,1,0,55.296000093221664,4,4,0,0,40,0,0,40,1.369
1270,24,0,2,0,9.216000325977802,4,4,0,0,40,0,0,40,1.369
1270,24,0,3,0,5.119999870657921,4,4,0,0,40,0,0,40,1.369
1270,40,0,0,1,8.191999979317188,4,4,0,1,39,0,0,40,69.099
1270,40,0,1,1,75.77600330114365,4,4,0,1,39,0,0,40,69.099
1270,40,0,2,1,8.191999979317188,4,4,0,1,39,0,0,40,69.099
1270,40,0,3,1,4.095999989658594,4,4,0,1,39,0,0,40,69.099
1271,2,0,0,0,14.336000196635723,4,4,0,0,40,0,0,40,1.48
1271,2,0,1,0,79.8719972372055,4,4,0,0,40,0,0,40,1.48
1271,2,0,2,0,9.216000325977802,4,4,0,0,40,0,0,40,1.48
1271,2,0,3,0,5.119999870657921,4,4,0,0,40,0,0,40,1.48
1271,24,0,0,0,8.191999979317188,4,4,0,0,40,0,0,40,1.5
1271,24,0,1,0,63.48799914121628,4,4,0,0,40,0,0,40,1.5
1271,24,0,2,0,9.216000325977802,4,4,0,0,40,0,0,40,1.5
1271,24,0,3,0,4.095999989658594,4,4,0,0,40,0,0,40,1.5
1271,40,0,0,1,8.191999979317188,4,4,0,2,38,0,0,40,161.529
1271,40,0,1,1,69.63200122117996,4,4,0,2,38,0,0,40,161.529
1271,40,0,2,1,8.191999979317188,4,4,0,2,38,0,0,40,161.529
1271,40,0,3,1,70.65600156784058,4,4,0,2,38,0,0,40,161.529
1272,2,0,0,0,15.359999611973763,4,4,0,1,39,0,0,40,71.39
1272,2,0,1,0,86.01599931716919,4,4,0,1,39,0,0,40,71.39
1272,2,0,2,0,9.216000325977802,4,4,0,1,39,0,0,40,71.39
1272,2,0,3,0,5.119999870657921,4,4,0,1,39,0,0,40,71.39
1272,24,0,0,0,8.191999979317188,4,4,0,0,40,0,0,40,1.56
1272,24,0,1,0,58.36800113320351,4,4,0,0,40,0,0,40,1.56
1272,24,0,2,0,9.216000325977802,4,4,0,0,40,0,0,40,1.56
1272,24,0,3,0,4.095999989658594,4,4,0,0,40,0,0,40,1.56
1272,40,0,0,1,15.359999611973763,4,4,0,0,40,0,0,40,1.58
1272,40,0,1,1,68.60800087451935,4,4,0,0,40,0,0,40,1.58
1272,40,0,2,1,9.216000325977802,4,4,0,0,40,0,0,40,1.58
1272,40,0,3,1,5.119999870657921,4,4,0,0,40,0,0,40,1.58
1273,2,0,0,0,14.336000196635723,4,4,0,0,40,0,0,40,1.73
1273,2,0,1,0,67.58400052785873,4,4,0,0,40,0,0,40,1.73
1273,2,0,2,0,9.216000325977802,4,4,0,0,40,0,0,40,1.73
1273,2,0,3,0,7.168000098317862,4,4,0,0,40,0,0,40,1.73
1273,24,0,0,0,8.191999979317188,4,4,0,0,40,0,0,40,1.24
1273,24,0,1,0,53.247999399900436,4,4,0,0,40,0,0,40,1.24
1273,24,0,2,0,9.216000325977802,4,4,0,0,40,0,0,40,1.24
1273,24,0,3,0,4.095999989658594,4,4,0,0,40,0,0,40,1.24
1273,40,0,0,1,9.216000325977802,4,4,0,0,40,0,0,40,1.28
1273,40,0,1,1,67.58400052785873,4,4,0,0,40,0,0,40,1.28
1273,40,0,2,1,9.216000325977802,4,4,0,0,40,0,0,40,1.28
1273,40,0,3,1,5.119999870657921,4,4,0,0,40,0,0,40,1.28
1274,2,0,0,0,14.336000196635723,4,4,0,0,40,0,0,40,1.691
1274,2,0,1,0,83.96799862384796,4,4,0,0,40,0,0,40,1.691
1274,2,0,2,0,8.191999979317188,4,4,0,0,40,0,0,40,1.691
1274,2,0,3,0,5.119999870657921,4,4,0,0,40,0,0,40,1.691
1274,24,0,0,0,8.191999979317188,4,4,0,0,40,0,0,40,3.069
1274,24,0,1,0,77.82399654388428,4,4,0,0,40,0,0,40,3.069
1274,24,0,2,0,8.191999979317188,4,4,0,0,40,0,0,40,3.069
1274,24,0,3,0,4.095999989658594,4,4,0,0,40,0,0,40,3.069
1274,40,0,0,1,15.359999611973763,4,4,0,0,40,0,0,40,1.46
1274,40,0,1,1,90.11200070381165,4,4,0,0,40,0,0,40,1.46
1274,40,0,2,1,9.216000325977802,4,4,0,0,40,0,0,40,1.46
1274,40,0,3,1,5.119999870657921,4,4,0,0,40,0,0,40,1.46
1275,2,0,0,0,14.336000196635723,4,4,0,0,40,0,0,40,1.529
1275,2,0,1,0,86.01599931716919,4,4,0,0,40,0,0,40,1.529
1275,2,0,2,0,9.216000325977802,4,4,0,0,40,0,0,40,1.529
1275,2,0,3,0,6.144000217318535,4,4,0,0,40,0,0,40,1.529
1275,24,0,0,0,8.191999979317188,4,4,0,0,40,0,0,40,1.4
1275,24,0,1,0,82.94399827718735,4,4,0,0,40,0,0,40,1.4
1275,24,0,2,0,9.216000325977802,4,4,0,0,40,0,0,40,1.4
1275,24,0,3,0,4.095999989658594,4,4,0,0,40,0,0,40,1.4
1275,40,0,0,1,8.191999979317188,4,4,0,2,38,0,0,40,82.249
1275,40,0,1,1,61.43999844789505,4,4,0,2,38,0,0,40,82.249
1275,40,0,2,1,9.216000325977802,4,4,0,2,38,0,0,40,82.249
1275,40,0,3,1,5.119999870657921,4,4,0,2,38,0,0,40,82.249
1276,2,0,0,0,13.311999849975109,4,4,0,0,40,0,0,40,2.09
1276,2,0,1,0,72.7040022611618,4,4,0,0,40,0,0,40,2.09
1276,2,0,2,0,9.216000325977802,4,4,0,0,40,0,0,40,2.09
1276,2,0,3,0,7.168000098317862,4,4,0,0,40,0,0,40,2.09
1276,24,0,0,0,7.168000098317862,4,4,0,0,40,0,0,40,1.4
1276,24,0,1,0,77.82399654388428,4,4,0,0,40,0,0,40,1.4
1276,24,0,2,0,9.216000325977802,4,4,0,0,40,0,0,40,1.4
1276,24,0,3,0,4.095999989658594,4,4,0,0,40,0,0,40,1.4
1276,40,0,0,1,15.359999611973763,4,4,0,0,40,0,0,40,3.07
1276,40,0,1,1,81.91999793052673,4,4,0,0,40,0,0,40,3.07
1276,40,0,2,1,8.191999979317188,4,4,0,0,40,0,0,40,3.07
1276,40,0,3,1,4.095999989658594,4,4,0,0,40,0,0,40,3.07
1277,2,0,0,0,14.336000196635723,4,4,0,0,40,0,0,40,1.39
1277,2,0,1,0,84.99199897050858,4,4,0,0,40,0,0,40,1.39
1277,2,0,2,0,9.216000325977802,4,4,0,0,40,0,0,40,1.39
1277,2,0,3,0,5.119999870657921,4,4,0,0,40,0,0,40,1.39
1277,24,0,0,0,7.168000098317862,4,4,0,1,39,0,0,40,71.21
1277,24,0,1,0,82.94399827718735,4,4,0,1,39,0,0,40,71.21
1277,24,0,2,0,9.216000325977802,4,4,0,1,39,0,0,40,71.21
1277,24,0,3,0,4.095999989658594,4,4,0,1,39,0,0,40,71.21
1277,40,0,0,1,14.336000196635723,4,4,0,0,40,0,0,40,1.58
1277,40,0,1,1,89.08800035715103,4,4,0,0,40,0,0,40,1.58
1277,40,0,2,1,9.216000325977802,4,4,0,0,40,0,0,40,1.58
1277,40,0,3,1,4.095999989658594,4,4,0,0,40,0,0,40,1.58
1278,2,0,0,0,8.191999979317188,4,4,0,0,40,0,0,40,1.71
1278,2,0,1,0,82.94399827718735,4,4,0,0,40,0,0,40,1.71
1278,2,0,2,0,9.216000325977802,4,4,0,0,40,0,0,40,1.71
1278,2,0,3,0,5.119999870657921,4,4,0,0,40,0,0,40,1.71
1278,24,0,0,0,8.191999979317188,4,4,0,0,40,0,0,40,1.68
1278,24,0,1,0,84.99199897050858,4,4,0,0,40,0,0,40,1.68
1278,24,0,2,0,8.191999979317188,4,4,0,0,40,0,0,40,1.68
1278,24,0,3,0,4.095999989658594,4,4,0,0,40,0,0,40,1.68
1278,40,0,0,1,8.191999979317188,4,4,0,2,38,0,0,40,1954.383
1278,40,0,1,1,70.65600156784058,4,4,0,2,38,0,0,40,1954.383
1278,40,0,2,1,8.191999979317188,4,4,0,2,38,0,0,40,1954.383
1278,40,0,3,1,1863.6800050735474,4,4,0,2,38,0,0,40,1954.383
1279,2,0,0,0,9.216000325977802,1,1,0,0,10,0,0,10,0.44
1279,2,0,1,0,32.76799991726875,1,1,0,0,10,0,0,10,0.44
1279,2,0,2,0,9.216000325977802,1,1,0,0,10,0,0,10,0.44
1279,2,0,3,0,5.119999870657921,1,1,0,0,10,0,0,10,0.44
1279,24,0,0,0,8.191999979317188,1,1,0,0,10,0,0,10,0.31
1279,24,0,1,0,31.74399957060814,1,1,0,0,10,0,0,10,0.31
1279,24,0,2,0,9.216000325977802,1,1,0,0,10,0,0,10,0.31
1279,24,0,3,0,4.095999989658594,1,1,0,0,10,0,0,10,0.31
1279,40,0,0,1,3232.7680587768555,1,1,0,0,10,0,0,10,0.991
1279,40,0,1,1,34.81600061058998,1,1,0,0,10,0,0,10,0.991
1279,40,0,2,1,9.216000325977802,1,1,0,0,10,0,0,10,0.991
1279,40,0,3,1,4.095999989658594,1,1,0,0,10,0,0,10,0.991
1280,2,0,0,0,15.359999611973763,2,2,0,0,20,0,0,20,0.909
1280,2,0,1,0,51.19999870657921,2,2,0,0,20,0,0,20,0.909
1280,2,0,2,0,9.216000325977802,2,2,0,0,20,0,0,20,0.909
1280,2,0,3,0,4.095999989658594,2,2,0,0,20,0,0,20,0.909
1280,24,0,0,0,8.191999979317188,2,2,0,0,20,0,0,20,2.89
1280,24,0,1,0,48.128001391887665,2,2,0,0,20,0,0,20,2.89
1280,24,0,2,0,8.191999979317188,2,2,0,0,20,0,0,20,2.89
1280,24,0,3,0,4.095999989658594,2,2,0,0,20,0,0,20,2.89
1280,40,0,0,1,9.216000325977802,2,2,0,1,19,0,0,20,62.42
1280,40,0,1,1,49.15200173854828,2,2,0,1,19,0,0,20,62.42
1280,40,0,2,1,9.216000325977802,2,2,0,1,19,0,0,20,62.42
1280,40,0,3,1,4.095999989658594,2,2,0,1,19,0,0,20,62.42
1281,2,0,0,0,14.336000196635723,4,4,0,2,38,0,0,40,102.159
1281,2,0,1,0,79.8719972372055,4,4,0,2,38,0,0,40,102.159
1281,2,0,2,0,9.216000325977802,4,4,0,2,38,0,0,40,102.159
1281,2,0,3,0,6.144000217318535,4,4,0,2,38,0,0,40,102.159
1281,24,0,0,0,7.168000098317862,4,4,0,1,39,0,0,40,226.169
1281,24,0,1,0,65.5359998345375,4,4,0,1,39,0,0,40,226.169
1281,24,0,2,0,9.216000325977802,4,4,0,1,39,0,0,40,226.169
1281,24,0,3,0,139.26400244235992,4,4,0,1,39,0,0,40,226.169
1281,40,0,0,1,8.191999979317188,4,4,0,2,38,0,0,40,120.879
1281,40,0,1,1,68.60800087451935,4,4,0,2,38,0,0,40,120.879
1281,40,0,2,1,9.216000325977802,4,4,0,2,38,0,0,40,120.879
1281,40,0,3,1,29.69600073993206,4,4,0,2,38,0,0,40,120.879
1282,2,0,0,0,14.336000196635723,4,4,0,1,39,0,0,40,254.809
1282,2,0,1,0,76.80000364780426,4,4,0,1,39,0,0,40,254.809
1282,2,0,2,0,9.216000325977802,4,4,0,1,39,0,0,40,254.809
1282,2,0,3,0,150.52799880504608,4,4,0,1,39,0,0,40,254.809
1282,24,0,0,0,8.191999979317188,4,4,0,2,38,0,0,40,118.25
1282,24,0,1,0,74.75200295448303,4,4,0,2,38,0,0,40,118.25
1282,24,0,2,0,9.216000325977802,4,4,0,2,38,0,0,40,118.25
1282,24,0,3,0,26.623999699950218,4,4,0,2,38,0,0,40,118.25
1282,40,0,0,1,8.191999979317188,4,4,0,1,39,0,0,40,103.54
1282,40,0,1,1,80.89599758386612,4,4,0,1,39,0,0,40,103.54
1282,40,0,2,1,9.216000325977802,4,4,0,1,39,0,0,40,103.54
1282,40,0,3,1,4.095999989658594,4,4,0,1,39,0,0,40,103.54
1283,2,0,0,0,15.359999611973763,4,4,0,1,39,0,0,40,75.831
1283,2,0,1,0,82.94399827718735,4,4,0,1,39,0,0,40,75.831
1283,2,0,2,0,9.216000325977802,4,4,0,1,39,0,0,40,75.831
1283,2,0,3,0,5.119999870657921,4,4,0,1,39,0,0,40,75.831
1283,24,0,0,0,7.168000098317862,4,4,0,1,39,0,0,40,90.88
1283,24,0,1,0,71.68000191450119,4,4,0,1,39,0,0,40,90.88
1283,24,0,2,0,9.216000325977802,4,4,0,1,39,0,0,40,90.88
1283,24,0,3,0,4.095999989658594,4,4,0,1,39,0,0,40,90.88
1283,40,0,0,1,8.191999979317188,4,4,0,2,38,0,0,40,118.869
1283,40,0,1,1,84.99199897050858,4,4,0,2,38,0,0,40,118.869
1283,40,0,2,1,9.216000325977802,4,4,0,2,38,0,0,40,118.869
1283,40,0,3,1,17.40800030529499,4,4,0,2,38,0,0,40,118.869
1284,2,0,0,0,14.336000196635723,4,4,0,0,40,0,0,40,2.36
1284,2,0,1,0,97.28000313043594,4,4,0,0,40,0,0,40,2.36
1284,2,0,2,0,9.216000325977802,4,4,0,0,40,0,0,40,2.36
1284,2,0,3,0,6.144000217318535,4,4,0,0,40,0,0,40,2.36
1284,24,0,0,0,22.52800017595291,4,4,0,0,40,0,0,40,3.82
1284,24,0,1,0,83.96799862384796,4,4,0,0,40,0,0,40,3.82
1284,24,0,2,0,8.191999979317188,4,4,0,0,40,0,0,40,3.82
1284,24,0,3,0,4.095999989658594,4,4,0,0,40,0,0,40,3.82
1284,40,0,0,1,8.191999979317188,4,4,0,0,40,0,0,40,1.71
1284,40,0,1,1,66.56000018119812,4,4,0,0,40,0,0,40,1.71
1284,40,0,2,1,9.216000325977802,4,4,0,0,40,0,0,40,1.71
1284,40,0,3,1,4.095999989658594,4,4,0,0,40,0,0,40,1.71
1285,2,0,0,0,14.336000196635723,4,4,0,0,40,0,0,40,1.711
1285,2,0,1,0,77.82399654388428,4,4,0,0,40,0,0,40,1.711
1285,2,0,2,0,8.191999979317188,4,4,0,0,40,0,0,40,1.711
1285,2,0,3,0,6.144000217318535,4,4,0,0,40,0,0,40,1.711
1285,24,0,0,0,14.336000196635723,4,4,0,1,39,0,0,40,63.02
1285,24,0,1,0,69.63200122117996,4,4,0,1,39,0,0,40,63.02
1285,24,0,2,0,9.216000325977802,4,4,0,1,39,0,0,40,63.02
1285,24,0,3,0,4.095999989658594,4,4,0,1,39,0,0,40,63.02
1285,40,0,0,1,8.191999979317188,4,4,0,1,39,0,0,40,69.319
1285,40,0,1,1,79.8719972372055,4,4,0,1,39,0,0,40,69.319
1285,40,0,2,1,9.216000325977802,4,4,0,1,39,0,0,40,69.319
1285,40,0,3,1,4.095999989658594,4,4,0,1,39,0,0,40,69.319
1286,2,0,0,0,9.216000325977802,4,4,0,6,34,0,0,40,153.85
1286,2,0,1,0,61.43999844789505,4,4,0,6,34,0,0,40,153.85
1286,2,0,2,0,9.216000325977802,4,4,0,6,34,0,0,40,153.85
1286,2,0,3,0,73.72800260782242,4,4,0,6,34,0,0,40,153.85
1286,24,0,0,0,8.191999979317188,4,4,0,3,37,0,0,40,106.219
1286,24,0,1,0,83.96799862384796,4,4,0,3,37,0,0,40,106.219
1286,24,0,2,0,9.216000325977802,4,4,0,3,37,0,0,40,106.219
1286,24,0,3,0,6.144000217318535,4,4,0,3,37,0,0,40,106.219
1286,40,0,0,1,8.191999979317188,4,4,0,2,38,0,0,40,79.46
1286,40,0,1,1,82.94399827718735,4,4,0,2,38,0,0,40,79.46
1286,40,0,2,1,8.191999979317188,4,4,0,2,38,0,0,40,79.46
1286,40,0,3,1,4.095999989658594,4,4,0,2,38,0,0,40,79.46
1287,2,0,0,0,15.359999611973763,4,4,0,6,34,0,0,40,117.739
1287,2,0,1,0,55.296000093221664,4,4,0,6,34,0,0,40,117.739
1287,2,0,2,0,9.216000325977802,4,4,0,6,34,0,0,40,117.739
1287,2,0,3,0,38.91199827194214,4,4,0,6,34,0,0,40,117.739
1287,24,0,0,0,8.191999979317188,4,4,0,4,35,1,0,40,139.109
1287,24,0,1,0,72.7040022611618,4,4,0,4,35,1,0,40,139.109
1287,24,0,2,0,163.83999586105347,4,4,0,4,35,1,0,40,139.109
1287,24,0,3,0,4.095999989658594,4,4,0,4,35,1,0,40,139.109
1287,40,0,0,1,9.216000325977802,4,4,0,1,39,0,0,40,52.37
1287,40,0,1,1,79.8719972372055,4,4,0,1,39,0,0,40,52.37
1287,40,0,2,1,8.191999979317188,4,4,0,1,39,0,0,40,52.37
1287,40,0,3,1,5.119999870657921,4,4,0,1,39,0,0,40,52.37
1288,2,0,0,0,8.191999979317188,4,4,0,2,38,0,0,40,74.72
1288,2,0,1,0,62.463998794555664,4,4,0,2,38,0,0,40,74.72
1288,2,0,2,0,8.191999979317188,4,4,0,2,38,0,0,40,74.72
1288,2,0,3,0,4.095999989658594,4,4,0,2,38,0,0,40,74.72
1288,24,0,0,0,8.191999979317188,4,4,0,1,39,0,0,40,65.68
1288,24,0,1,0,89.08800035715103,4,4,0,1,39,0,0,40,65.68
1288,24,0,2,0,9.216000325977802,4,4,0,1,39,0,0,40,65.68
1288,24,0,3,0,4.095999989658594,4,4,0,1,39,0,0,40,65.68
1288,40,0,0,1,15.359999611973763,4,4,0,2,38,0,0,40,260.949
1288,40,0,1,1,66.56000018119812,4,4,0,2,38,0,0,40,260.949
1288,40,0,2,1,9.216000325977802,4,4,0,2,38,0,0,40,260.949
1288,40,0,3,1,167.93599724769592,4,4,0,2,38,0,0,40,260.949
1289,2,0,0,0,15.359999611973763,4,4,0,2,38,0,0,40,101.091
1289,2,0,1,0,53.247999399900436,4,4,0,2,38,0,0,40,101.091
1289,2,0,2,0,9.216000325977802,4,4,0,2,38,0,0,40,101.091
1289,2,0,3,0,19.45599913597107,4,4,0,2,38,0,0,40,101.091
1289,24,0,0,0,9.216000325977802,4,4,0,3,37,0,0,40,161.86
1289,24,0,1,0,81.91999793052673,4,4,0,3,37,0,0,40,161.86
1289,24,0,2,0,9.216000325977802,4,4,0,3,37,0,0,40,161.86
1289,24,0,3,0,56.32000043988228,4,4,0,3,37,0,0,40,161.86
1289,40,0,0,1,8.191999979317188,4,4,0,3,37,0,0,40,166.34
1289,40,0,1,1,75.77600330114365,4,4,0,3,37,0,0,40,166.34
1289,40,0,2,1,8.191999979317188,4,4,0,3,37,0,0,40,166.34
1289,40,0,3,1,69.63200122117996,4,4,0,3,37,0,0,40,166.34
1290,2,0,0,0,16.383999958634377,4,4,0,3,37,0,0,40,106.739
1290,2,0,1,0,59.39200147986412,4,4,0,3,37,0,0,40,106.739
1290,2,0,2,0,9.216000325977802,4,4,0,3,37,0,0,40,106.739
1290,2,0,3,0,18.432000651955605,4,4,0,3,37,0,0,40,106.739
1290,24,0,0,0,8.191999979317188,4,4,0,2,38,0,0,40,68.409
1290,24,0,1,0,68.60800087451935,4,4,0,2,38,0,0,40,68.409
1290,24,0,2,0,9.216000325977802,4,4,0,2,38,0,0,40,68.409
1290,24,0,3,0,5.119999870657921,4,4,0,2,38,0,0,40,68.409
1290,40,0,0,1,8.191999979317188,4,4,0,2,38,0,0,40,70.27
1290,40,0,1,1,87.0399996638298,4,4,0,2,38,0,0,40,70.27
1290,40,0,2,1,9.216000325977802,4,4,0,2,38,0,0,40,70.27
1290,40,0,3,1,4.095999989658594,4,4,0,2,38,0,0,40,70.27
1291,2,0,0,0,15.359999611973763,4,4,0,3,36,1,0,40,138.39
1291,2,0,1,0,59.39200147986412,4,4,0,3,36,1,0,40,138.39
1291,2,0,2,0,163.83999586105347,4,4,0,3,36,1,0,40,138.39
1291,2,0,3,0,5.119999870657921,4,4,0,3,36,1,0,40,138.39
1291,24,0,0,0,8.191999979317188,4,4,0,3,37,0,0,40,230.659
1291,24,0,1,0,88.06400001049042,4,4,0,3,37,0,0,40,230.659
1291,24,0,2,0,9.216000325977802,4,4,0,3,37,0,0,40,230.659
1291,24,0,3,0,121.85599654912949,4,4,0,3,37,0,0,40,230.659
1291,40,0,0,1,9.216000325977802,4,4,0,5,34,1,0,40,252.238
1291,40,0,1,1,68.60800087451935,4,4,0,5,34,1,0,40,252.238
1291,40,0,2,1,193.53599846363068,4,4,0,5,34,1,0,40,252.238
1291,40,0,3,1,5.119999870657921,4,4,0,5,34,1,0,40,252.238
1292,2,0,0,0,14.336000196635723,4,4,0,0,40,0,0,40,2.03
1292,2,0,1,0,65.5359998345375,4,4,0,0,40,0,0,40,2.03
1292,2,0,2,0,9.216000325977802,4,4,0,0,40,0,0,40,2.03
1292,2,0,3,0,5.119999870657921,4,4,0,0,40,0,0,40,2.03
1292,24,0,0,0,7.168000098317862,4,4,0,1,39,0,0,40,78.94
1292,24,0,1,0,82.94399827718735,4,4,0,1,39,0,0,40,78.94
1292,24,0,2,0,9.216000325977802,4,4,0,1,39,0,0,40,78.94
1292,24,0,3,0,4.095999989658594,4,4,0,1,39,0,0,40,78.94
1292,40,0,0,1,10.239999741315842,4,4,0,2,38,0,0,40,100.57
1292,40,0,1,1,88.06400001049042,4,4,0,2,38,0,0,40,100.57
1292,40,0,2,1,9.216000325977802,4,4,0,2,38,0,0,40,100.57
1292,40,0,3,1,4.095999989658594,4,4,0,2,38,0,0,40,100.57
1293,2,0,0,0,15.359999611973763,4,4,0,0,40,0,0,40,1.53
1293,2,0,1,0,69.63200122117996,4,4,0,0,40,0,0,40,1.53
1293,2,0,2,0,9.216000325977802,4,4,0,0,40,0,0,40,1.53
1293,2,0,3,0,5.119999870657921,4,4,0,0,40,0,0,40,1.53
1293,24,0,0,0,8.191999979317188,4,4,0,2,38,0,0,40,100.49
1293,24,0,1,0,82.94399827718735,4,4,0,2,38,0,0,40,100.49
1293,24,0,2,0,9.216000325977802,4,4,0,2,38,0,0,40,100.49
1293,24,0,3,0,4.095999989658594,4,4,0,2,38,0,0,40,100.49
1293,40,0,0,1,9.216000325977802,4,4,0,3,37,0,0,40,160.0
1293,40,0,1,1,81.91999793052673,4,4,0,3,37,0,0,40,160.0
1293,40,0,2,1,9.216000325977802,4,4,0,3,37,0,0,40,160.0
1293,40,0,3,1,58.36800113320351,4,4,0,3,37,0,0,40,160.0
1294,2,0,0,0,15.359999611973763,4,4,0,0,40,0,0,40,2.12
1294,2,0,1,0,66.56000018119812,4,4,0,0,40,0,0,40,2.12
1294,2,0,2,0,9.216000325977802,4,4,0,0,40,0,0,40,2.12
1294,2,0,3,0,5.119999870657921,4,4,0,0,40,0,0,40,2.12
1294,24,0,0,0,8.191999979317188,4,4,0,0,40,0,0,40,1.86
1294,24,0,1,0,83.96799862384796,4,4,0,0,40,0,0,40,1.86
1294,24,0,2,0,9.216000325977802,4,4,0,0,40,0,0,40,1.86
1294,24,0,3,0,4.095999989658594,4,4,0,0,40,0,0,40,1.86
1294,40,0,0,1,8.191999979317188,4,4,0,4,36,0,0,40,238.948
1294,40,0,1,1,69.63200122117996,4,4,0,4,36,0,0,40,238.948
1294,40,0,2,1,9.216000325977802,4,4,0,4,36,0,0,40,238.948
1294,40,0,3,1,146.43199741840363,4,4,0,4,36,0,0,40,238.948
1295,2,0,0,0,14.336000196635723,4,4,0,0,40,0,0,40,1.589
1295,2,0,1,0,80.89599758386612,4,4,0,0,40,0,0,40,1.589
1295,2,0,2,0,9.216000325977802,4,4,0,0,40,0,0,40,1.589
1295,2,0,3,0,5.119999870657921,4,4,0,0,40,0,0,40,1.589
1295,24,0,0,0,8.191999979317188,4,4,0,0,40,0,0,40,3.969
1295,24,0,1,0,84.99199897050858,4,4,0,0,40,0,0,40,3.969
1295,24,0,2,0,9.216000325977802,4,4,0,0,40,0,0,40,3.969
1295,24,0,3,0,4.095999989658594,4,4,0,0,40,0,0,40,3.969
1295,40,0,0,1,9.216000325977802,4,4,0,1,39,0,0,40,67.29
1295,40,0,1,1,71.68000191450119,4,4,0,1,39,0,0,40,67.29
1295,40,0,2,1,9.216000325977802,4,4,0,1,39,0,0,40,67.29
1295,40,0,3,1,4.095999989658594,4,4,0,1,39,0,0,40,67.29
1296,2,0,0,0,14.336000196635723,1,1,0,0,10,0,0,10,0.41
1296,2,0,1,0,31.74399957060814,1,1,0,0,10,0,0,10,0.41
1296,2,0,2,0,9.216000325977802,1,1,0,0,10,0,0,10,0.41
1296,2,0,3,0,5.119999870657921,1,1,0,0,10,0,0,10,0.41
1296,24,0,0,0,8.191999979317188,1,1,0,0,10,0,0,10,0.44
1296,24,0,1,0,31.74399957060814,1,1,0,0,10,0,0,10,0.44
1296,24,0,2,0,8.191999979317188,1,1,0,0,10,0,0,10,0.44
1296,24,0,3,0,4.095999989658594,1,1,0,0,10,0,0,10,0.44
1296,40,0,0,1,9.216000325977802,1,1,0,0,10,0,0,10,0.29
1296,40,0,1,1,34.81600061058998,1,1,0,0,10,0,0,10,0.29
1296,40,0,2,1,8.191999979317188,1,1,0,0,10,0,0,10,0.29
1296,40,0,3,1,4.095999989658594,1,1,0,0,10,0,0,10,0.29
1297,2,0,0,0,16.383999958634377,2,2,0,0,20,0,0,20,1.29
1297,2,0,1,0,52.22399905323982,2,2,0,0,20,0,0,20,1.29
1297,2,0,2,0,8.191999979317188,2,2,0,0,20,0,0,20,1.29
1297,2,0,3,0,5.119999870657921,2,2,0,0,20,0,0,20,1.29
1297,24,0,0,0,9.216000325977802,2,2,0,0,20,0,0,20,0.66
1297,24,0,1,0,44.03200000524521,2,2,0,0,20,0,0,20,0.66
1297,24,0,2,0,8.191999979317188,2,2,0,0,20,0,0,20,0.66
1297,24,0,3,0,4.095999989658594,2,2,0,0,20,0,0,20,0.66
1297,40,0,0,1,8.191999979317188,2,2,0,0,20,0,0,20,0.68
1297,40,0,1,1,52.22399905323982,2,2,0,0,20,0,0,20,0.68
1297,40,0,2,1,9.216000325977802,2,2,0,0,20,0,0,20,0.68
1297,40,0,3,1,4.095999989658594,2,2,0,0,20,0,0,20,0.68
1298,2,0,0,0,14.336000196635723,4,4,0,0,40,0,0,40,3.86
1298,2,0,1,0,84.99199897050858,4,4,0,0,40,0,0,40,3.86
1298,2,0,2,0,9.216000325977802,4,4,0,0,40,0,0,40,3.86
1298,2,0,3,0,5.119999870657921,4,4,0,0,40,0,0,40,3.86
1298,24,0,0,0,7.168000098317862,4,4,0,1,39,0,0,40,60.45
1298,24,0,1,0,81.91999793052673,4,4,0,1,39,0,0,40,60.45
1298,24,0,2,0,9.216000325977802,4,4,0,1,39,0,0,40,60.45
1298,24,0,3,0,4.095999989658594,4,4,0,1,39,0,0,40,60.45
1298,40,0,0,1,15.359999611973763,4,4,0,0,40,0,0,40,1.58
1298,40,0,1,1,71.68000191450119,4,4,0,0,40,0,0,40,1.58
1298,40,0,2,1,9.216000325977802,4,4,0,0,40,0,0,40,1.58
1298,40,0,3,1,4.095999989658594,4,4,0,0,40,0,0,40,1.58
1299,2,0,0,0,9.216000325977802,4,4,0,0,40,0,0,40,1.469
1299,2,0,1,0,83.96799862384796,4,4,0,0,40,0,0,40,1.469
1299,2,0,2,0,9.216000325977802,4,4,0,0,40,0,0,40,1.469
1299,2,0,3,0,5.119999870657921,4,4,0,0,40,0,0,40,1.469
1299,24,0,0,0,8.191999979317188,4,4,0,0,40,0,0,40,2.98
1299,24,0,1,0,75.77600330114365,4,4,0,0,40,0,0,40,2.98
1299,24,0,2,0,9.216000325977802,4,4,0,0,40,0,0,40,2.98
1299,24,0,3,0,4.095999989658594,4,4,0,0,40,0,0,40,2.98
1299,40,0,0,1,9.216000325977802,4,4,0,0,40,0,0,40,3.62
1299,40,0,1,1,57.34400078654289,4,4,0,0,40,0,0,40,3.62
1299,40,0,2,1,9.216000325977802,4,4,0,0,40,0,0,40,3.62
1299,40,0,3,1,4.095999989658594,4,4,0,0,40,0,0,40,3.62
1300,2,0,0,0,14.336000196635723,4,4,0,0,40,0,0,40,1.64
1300,2,0,1,0,76.80000364780426,4,4,0,0,40,0,0,40,1.64
1300,2,0,2,0,9.216000325977802,4,4,0,0,40,0,0,40,1.64
1300,2,0,3,0,7.168000098317862,4,4,0,0,40,0,0,40,1.64
1300,24,0,0,0,7.168000098317862,4,4,0,0,40,0,0,40,1.491
1300,24,0,1,0,80.89599758386612,4,4,0,0,40,0,0,40,1.491
1300,24,0,2,0,9.216000325977802,4,4,0,0,40,0,0,40,1.491
1300,24,0,3,0,4.095999989658594,4,4,0,0,40,0,0,40,1.491
1300,40,0,0,1,8.191999979317188,4,4,0,1,39,0,0,40,79.69
1300,40,0,1,1,79.8719972372055,4,4,0,1,39,0,0,40,79.69
1300,40,0,2,1,8.191999979317188,4,4,0,1,39,0,0,40,79.69
1300,40,0,3,1,4.095999989658594,4,4,0,1,39,0,0,40,79.69
1301,2,0,0,0,14.336000196635723,4,4,0,0,40,0,0,40,4.4
1301,2,0,1,0,75.77600330114365,4,4,0,0,40,0,0,40,4.4
1301,2,0,2,0,9.216000325977802,4,4,0,0,40,0,0,40,4.4
1301,2,0,3,0,5.119999870657921,4,4,0,0,40,0,0,40,4.4
1301,24,0,0,0,9.216000325977802,4,4,0,0,40,0,0,40,2.0
1301,24,0,1,0,93.18400174379349,4,4,0,0,40,0,0,40,2.0
1301,24,0,2,0,9.216000325977802,4,4,0,0,40,0,0,40,2.0
1301,24,0,3,0,4.095999989658594,4,4,0,0,40,0,0,40,2.0
1301,40,0,0,1,8.191999979317188,4,4,0,1,39,0,0,40,73.101
1301,40,0,1,1,101.3759970664978,4,4,0,1,39,0,0,40,73.101
1301,40,0,2,1,9.216000325977802,4,4,0,1,39,0,0,40,73.101
1301,40,0,3,1,4.095999989658594,4,4,0,1,39,0,0,40,73.101
1302,2,0,0,0,15.359999611973763,4,4,0,0,40,0,0,40,1.4
1302,2,0,1,0,76.80000364780426,4,4,0,0,40,0,0,40,1.4
1302,2,0,2,0,8.191999979317188,4,4,0,0,40,0,0,40,1.4
1302,2,0,3,0,5.119999870657921,4,4,0,0,40,0,0,40,1.4
1302,24,0,0,0,7.168000098317862,4,4,0,0,40,0,0,40,1.45
1302,24,0,1,0,64.51199948787689,4,4,0,0,40,0,0,40,1.45
1302,24,0,2,0,8.191999979317188,4,4,0,0,40,0,0,40,1.45
1302,24,0,3,0,4.095999989658594,4,4,0,0,40,0,0,40,1.45
1302,40,0,0,1,14.336000196635723,4,4,0,0,40,0,0,40,2.911
1302,40,0,1,1,75.77600330114365,4,4,0,0,40,0,0,40,2.911
1302,40,0,2,1,9.216000325977802,4,4,0,0,40,0,0,40,2.911
1302,40,0,3,1,4.095999989658594,4,4,0,0,40,0,0,40,2.911
1303,2,0,0,0,9.216000325977802,4,4,0,1,39,0,0,40,66.72
1303,2,0,1,0,78.84799689054489,4,4,0,1,39,0,0,40,66.72
1303,2,0,2,0,9.216000325977802,4,4,0,1,39,0,0,40,66.72
1303,2,0,3,0,6.144000217318535,4,4,0,1,39,0,0,40,66.72
1303,24,0,0,0,8.191999979317188,4,4,0,0,40,0,0,40,1.82
1303,24,0,1,0,82.94399827718735,4,4,0,0,40,0,0,40,1.82
1303,24,0,2,0,9.216000325977802,4,4,0,0,40,0,0,40,1.82
1303,24,0,3,0,4.095999989658594,4,4,0,0,40,0,0,40,1.82
1303,40,0,0,1,8.191999979317188,4,4,0,1,39,0,0,40,63.68
1303,40,0,1,1,95.23200243711472,4,4,0,1,39,0,0,40,63.68
1303,40,0,2,1,9.216000325977802,4,4,0,1,39,0,0,40,63.68
1303,40,0,3,1,4.095999989658594,4,4,0,1,39,0,0,40,63.68
1304,2,0,0,0,13.311999849975109,4,4,0,0,40,0,0,40,1.669
1304,2,0,1,0,77.82399654388428,4,4,0,0,40,0,0,40,1.669
1304,2,0,2,0,8.191999979317188,4,4,0,0,40,0,0,40,1.669
1304,2,0,3,0,5.119999870657921,4,4,0,0,40,0,0,40,1.669
1304,24,0,0,0,7.168000098317862,4,4,0,1,39,0,0,40,58.2
1304,24,0,1,0,81.91999793052673,4,4,0,1,39,0,0,40,58.2
1304,24,0,2,0,9.216000325977802,4,4,0,1,39,0,0,40,58.2
1304,24,0,3,0,4.095999989658594,4,4,0,1,39,0,0,40,58.2
1304,40,0,0,1,14.336000196635723,4,4,0,0,40,0,0,40,1.95
1304,40,0,1,1,87.0399996638298,4,4,0,0,40,0,0,40,1.95
1304,40,0,2,1,9.216000325977802,4,4,0,0,40,0,0,40,1.95
1304,40,0,3,1,4.095999989658594,4,4,0,0,40,0,0,40,1.95
1305,2,0,0,0,14.336000196635723,4,4,0,0,40,0,0,40,1.8
1305,2,0,1,0,90.11200070381165,4,4,0,0,40,0,0,40,1.8
1305,2,0,2,0,9.216000325977802,4,4,0,0,40,0,0,40,1.8
1305,2,0,3,0,5.119999870657921,4,4,0,0,40,0,0,40,1.8
1305,24,0,0,0,7.168000098317862,4,4,0,0,40,0,0,40,2.169
1305,24,0,1,0,68.60800087451935,4,4,0,0,40,0,0,40,2.169
1305,24,0,2,0,9.216000325977802,4,4,0,0,40,0,0,40,2.169
1305,24,0,3,0,4.095999989658594,4,4,0,0,40,0,0,40,2.169
1305,40,0,0,1,13.311999849975109,4,4,0,0,40,0,0,40,3.51
1305,40,0,1,1,88.06400001049042,4,4,0,0,40,0,0,40,3.51
1305,40,0,2,1,8.191999979317188,4,4,0,0,40,0,0,40,3.51
1305,40,0,3,1,4.095999989658594,4,4,0,0,40,0,0,40,3.51
1306,2,0,0,0,15.359999611973763,4,4,0,1,39,0,0,40,71.091
1306,2,0,1,0,82.94399827718735,4,4,0,1,39,0,0,40,71.091
1306,2,0,2,0,8.191999979317188,4,4,0,1,39,0,0,40,71.091
1306,2,0,3,0,6.144000217318535,4,4,0,1,39,0,0,40,71.091
1306,24,0,0,0,8.191999979317188,4,4,0,0,40,0,0,40,1.74
1306,24,0,1,0,74.75200295448303,4,4,0,0,40,0,0,40,1.74
1306,24,0,2,0,9.216000325977802,4,4,0,0,40,0,0,40,1.74
1306,24,0,3,0,4.095999989658594,4,4,0,0,40,0,0,40,1.74
1306,40,0,0,1,14.336000196635723,4,4,0,0,40,0,0,40,1.849
1306,40,0,1,1,89.08800035715103,4,4,0,0,40,0,0,40,1.849
1306,40,0,2,1,8.191999979317188,4,4,0,0,40,0,0,40,1.849
1306,40,0,3,1,3.0720001086592674,4,4,0,0,40,0,0,40,1.849
1307,2,0,0,0,9.216000325977802,4,4,0,2,38,0,0,40,91.2
1307,2,0,1,0,84.99199897050858,4,4,0,2,38,0,0,40,91.2
1307,2,0,2,0,9.216000325977802,4,4,0,2,38,0,0,40,91.2
1307,2,0,3,0,6.144000217318535,4,4,0,2,38,0,0,40,91.2
1307,24,0,0,0,9.216000325977802,4,4,0,0,40,0,0,40,1.74
1307,24,0,1,0,72.7040022611618,4,4,0,0,40,0,0,40,1.74
1307,24,0,2,0,9.216000325977802,4,4,0,0,40,0,0,40,1.74
1307,24,0,3,0,4.095999989658594,4,4,0,0,40,0,0,40,1.74
1307,40,0,0,1,15.359999611973763,4,4,0,0,40,0,0,40,1.969
1307,40,0,1,1,91.13600105047226,4,4,0,0,40,0,0,40,1.969
1307,40,0,2,1,8.191999979317188,4,4,0,0,40,0,0,40,1.969
1307,40,0,3,1,5.119999870657921,4,4,0,0,40,0,0,40,1.969
1308,2,0,0,0,14.336000196635723,4,4,0,0,40,0,0,40,1.67
1308,2,0,1,0,70.65600156784058,4,4,0,0,40,0,0,40,1.67
1308,2,0,2,0,9.216000325977802,4,4,0,0,40,0,0,40,1.67
1308,2,0,3,0,5.119999870657921,4,4,0,0,40,0,0,40,1.67
1308,24,0,0,0,7.168000098317862,4,4,0,0,40,0,0,40,1.44
1308,24,0,1,0,65.5359998345375,4,4,0,0,40,0,0,40,1.44
1308,24,0,2,0,8.191999979317188,4,4,0,0,40,0,0,40,1.44
1308,24,0,3,0,4.095999989658594,4,4,0,0,40,0,0,40,1.44
1308,40,0,0,1,9.216000325977802,4,4,0,0,40,0,0,40,1.72
1308,40,0,1,1,98.30400347709656,4,4,0,0,40,0,0,40,1.72
1308,40,0,2,1,9.216000325977802,4,4,0,0,40,0,0,40,1.72
1308,40,0,3,1,4.095999989658594,4,4,0,0,40,0,0,40,1.72
1309,2,0,0,0,9.216000325977802,4,4,0,0,40,0,0,40,1.49
1309,2,0,1,0,71.68000191450119,4,4,0,0,40,0,0,40,1.49
1309,2,0,2,0,9.216000325977802,4,4,0,0,40,0,0,40,1.49
1309,2,0,3,0,6.144000217318535,4,4,0,0,40,0,0,40,1.49
1309,24,0,0,0,7.168000098317862,4,4,0,0,40,0,0,40,1.56
1309,24,0,1,0,73.72800260782242,4,4,0,0,40,0,0,40,1.56
1309,24,0,2,0,9.216000325977802,4,4,0,0,40,0,0,40,1.56
1309,24,0,3,0,5.119999870657921,4,4,0,0,40,0,0,40,1.56
1309,40,0,0,1,14.336000196635723,4,4,0,3,37,0,0,40,489.267
1309,40,0,1,1,84.99199897050858,4,4,0,3,37,0,0,40,489.267
1309,40,0,2,1,9.216000325977802,4,4,0,3,37,0,0,40,489.267
1309,40,0,3,1,376.8320083618164,4,4,0,3,37,0,0,40,489.267
1310,2,0,0,0,14.336000196635723,4,4,0,0,40,0,0,40,1.74
1310,2,0,1,0,82.94399827718735,4,4,0,0,40,0,0,40,1.74
1310,2,0,2,0,9.216000325977802,4,4,0,0,40,0,0,40,1.74
1310,2,0,3,0,5.119999870657921,4,4,0,0,40,0,0,40,1.74
1310,24,0,0,0,34.81600061058998,4,4,0,0,40,0,0,40,1.8
1310,24,0,1,0,61.43999844789505,4,4,0,0,40,0,0,40,1.8
1310,24,0,2,0,9.216000325977802,4,4,0,0,40,0,0,40,1.8
1310,24,0,3,0,4.095999989658594,4,4,0,0,40,0,0,40,1.8
1310,40,0,0,1,14.336000196635723,4,4,0,0,40,0,0,40,2.02
1310,40,0,1,1,65.5359998345375,4,4,0,0,40,0,0,40,2.02
1310,40,0,2,1,8.191999979317188,4,4,0,0,40,0,0,40,2.02
1310,40,0,3,1,4.095999989658594,4,4,0,0,40,0,0,40,2.02
1311,2,0,0,0,14.336000196635723,4,4,0,0,40,0,0,40,2.16
1311,2,0,1,0,66.56000018119812,4,4,0,0,40,0,0,40,2.16
1311,2,0,2,0,9.216000325977802,4,4,0,0,40,0,0,40,2.16
1311,2,0,3,0,6.144000217318535,4,4,0,0,40,0,0,40,2.16
1311,24,0,0,0,8.191999979317188,4,4,0,0,40,0,0,40,1.38
1311,24,0,1,0,66.56000018119812,4,4,0,0,40,0,0,40,1.38
1311,24,0,2,0,9.216000325977802,4,4,0,0,40,0,0,40,1.38
1311,24,0,3,0,4.095999989658594,4,4,0,0,40,0,0,40,1.38
1311,40,0,0,1,14.336000196635723,4,4,0,0,40,0,0,40,1.26
1311,40,0,1,1,83.96799862384796,4,4,0,0,40,0,0,40,1.26
1311,40,0,2,1,9.216000325977802,4,4,0,0,40,0,0,40,1.26
1311,40,0,3,1,5.119999870657921,4,4,0,0,40,0,0,40,1.26
1312,2,0,0,0,14.336000196635723,4,4,0,0,40,0,0,40,1.84
1312,2,0,1,0,89.08800035715103,4,4,0,0,40,0,0,40,1.84
1312,2,0,2,0,9.216000325977802,4,4,0,0,40,0,0,40,1.84
1312,2,0,3,0,5.119999870657921,4,4,0,0,40,0,0,40,1.84
1312,24,0,0,0,8.191999979317188,4,4,0,0,40,0,0,40,1.38
1312,24,0,1,0,76.80000364780426,4,4,0,0,40,0,0,40,1.38
1312,24,0,2,0,9.216000325977802,4,4,0,0,40,0,0,40,1.38
1312,24,0,3,0,4.095999989658594,4,4,0,0,40,0,0,40,1.38
1312,40,0,0,1,9.216000325977802,4,4,0,0,40,0,0,40,1.86
1312,40,0,1,1,60.416001826524734,4,4,0,0,40,0,0,40,1.86
1312,40,0,2,1,9.216000325977802,4,4,0,0,40,0,0,40,1.86
1312,40,0,3,1,4.095999989658594,4,4,0,0,40,0,0,40,1.86
1313,2,0,0,0,129.02399897575378,4,4,0,0,40,0,0,40,2.12
1313,2,0,1,0,90.11200070381165,4,4,0,0,40,0,0,40,2.12
1313,2,0,2,0,8.191999979317188,4,4,0,0,40,0,0,40,2.12
1313,2,0,3,0,5.119999870657921,4,4,0,0,40,0,0,40,2.12
1313,24,0,0,0,8.191999979317188,4,4,0,0,40,0,0,40,1.66
1313,24,0,1,0,66.56000018119812,4,4,0,0,40,0,0,40,1.66
1313,24,0,2,0,9.216000325977802,4,4,0,0,40,0,0,40,1.66
1313,24,0,3,0,4.095999989658594,4,4,0,0,40,0,0,40,1.66
1313,40,0,0,1,8.191999979317188,4,4,0,0,40,0,0,40,1.34
1313,40,0,1,1,66.56000018119812,4,4,0,0,40,0,0,40,1.34
1313,40,0,2,1,9.216000325977802,4,4,0,0,40,0,0,40,1.34
1313,40,0,3,1,4.095999989658594,4,4,0,0,40,0,0,40,1.34
1314,2,0,0,0,8.191999979317188,2,2,0,0,20,0,0,20,0.8
1314,2,0,1,0,50.175998359918594,2,2,0,0,20,0,0,20,0.8
1314,2,0,2,0,8.191999979317188,2,2,0,0,20,0,0,20,0.8
1314,2,0,3,0,5.119999870657921,2,2,0,0,20,0,0,20,0.8
1314,24,0,0,0,8.191999979317188,2,2,0,0,20,0,0,20,0.65
1314,24,0,1,0,45.05600035190582,2,2,0,0,20,0,0,20,0.65
1314,24,0,2,0,9.216000325977802,2,2,0,0,20,0,0,20,0.65
1314,24,0,3,0,4.095999989658594,2,2,0,0,20,0,0,20,0.65
1314,40,0,0,1,9.216000325977802,2,2,0,0,20,0,0,20,2.1
1314,40,0,1,1,48.128001391887665,2,2,0,0,20,0,0,20,2.1
1314,40,0,2,1,9.216000325977802,2,2,0,0,20,0,0,20,2.1
1314,40,0,3,1,4.095999989658594,2,2,0,0,20,0,0,20,2.1
1315,2,0,0,0,14.336000196635723,4,4,0,0,40,0,0,40,3.469
1315,2,0,1,0,82.94399827718735,4,4,0,0,40,0,0,40,3.469
1315,2,0,2,0,9.216000325977802,4,4,0,0,40,0,0,40,3.469
1315,2,0,3,0,6.144000217318535,4,4,0,0,40,0,0,40,3.469
1315,24,0,0,0,8.191999979317188,4,4,0,0,40,0,0,40,2.9
1315,24,0,1,0,81.91999793052673,4,4,0,0,40,0,0,40,2.9
1315,24,0,2,0,9.216000325977802,4,4,0,0,40,0,0,40,2.9
1315,24,0,3,0,4.095999989658594,4,4,0,0,40,0,0,40,2.9
1315,40,0,0,1,961.5359902381897,4,4,0,0,40,0,0,40,4.331
1315,40,0,1,1,81.91999793052673,4,4,0,0,40,0,0,40,4.331
1315,40,0,2,1,9.216000325977802,4,4,0,0,40,0,0,40,4.331
1315,40,0,3,1,4.095999989658594,4,4,0,0,40,0,0,40,4.331
1316,2,0,0,0,8.191999979317188,4,4,0,1,39,0,0,40,68.25
1316,2,0,1,0,81.91999793052673,4,4,0,1,39,0,0,40,68.25
1316,2,0,2,0,9.216000325977802,4,4,0,1,39,0,0,40,68.25
1316,2,0,3,0,5.119999870657921,4,4,0,1,39,0,0,40,68.25
1316,24,0,0,0,8.191999979317188,4,4,0,0,40,0,0,40,1.52
1316,24,0,1,0,64.51199948787689,4,4,0,0,40,0,0,40,1.52
1316,24,0,2,0,9.216000325977802,4,4,0,0,40,0,0,40,1.52
1316,24,0,3,0,4.095999989658594,4,4,0,0,40,0,0,40,1.52
1316,40,0,0,1,15.359999611973763,4,4,0,0,40,0,0,40,1.17
1316,40,0,1,1,52.22399905323982,4,4,0,0,40,0,0,40,1.17
1316,40,0,2,1,9.216000325977802,4,4,0,0,40,0,0,40,1.17
1316,40,0,3,1,4.095999989658594,4,4,0,0,40,0,0,40,1.17
1317,2,0,0,0,14.336000196635723,4,4,0,0,40,0,0,40,2.969
1317,2,0,1,0,81.91999793052673,4,4,0,0,40,0,0,40,2.969
1317,2,0,2,0,9.216000325977802,4,4,0,0,40,0,0,40,2.969
1317,2,0,3,0,5.119999870657921,4,4,0,0,40,0,0,40,2.969
1317,24,0,0,0,7.168000098317862,4,4,0,0,40,0,0,40,1.38
1317,24,0,1,0,64.51199948787689,4,4,0,0,40,0,0,40,1.38
1317,24,0,2,0,9.216000325977802,4,4,0,0,40,0,0,40,1.38
1317,24,0,3,0,5.119999870657921,4,4,0,0,40,0,0,40,1.38
1317,40,0,0,1,15.359999611973763,4,4,0,0,40,0,0,40,1.39
1317,40,0,1,1,61.43999844789505,4,4,0,0,40,0,0,40,1.39
1317,40,0,2,1,9.216000325977802,4,4,0,0,40,0,0,40,1.39
1317,40,0,3,1,4.095999989658594,4,4,0,0,40,0,0,40,1.39
1318,2,0,0,0,8.191999979317188,4,4,0,1,39,0,0,40,84.36
1318,2,0,1,0,87.0399996638298,4,4,0,1,39,0,0,40,84.36
1318,2,0,2,0,8.191999979317188,4,4,0,1,39,0,0,40,84.36
1318,2,0,3,0,6.144000217318535,4,4,0,1,39,0,0,40,84.36
1318,24,0,0,0,8.191999979317188,4,4,0,1,39,0,0,40,66.62
1318,24,0,1,0,81.91999793052673,4,4,0,1,39,0,0,40,66.62
1318,24,0,2,0,9.216000325977802,4,4,0,1,39,0,0,40,66.62
1318,24,0,3,0,4.095999989658594,4,4,0,1,39,0,0,40,66.62
1318,40,0,0,1,15.359999611973763,4,4,0,0,40,0,0,40,1.72
1318,40,0,1,1,77.82399654388428,4,4,0,0,40,0,0,40,1.72
1318,40,0,2,1,9.216000325977802,4,4,0,0,40,0,0,40,1.72
1318,40,0,3,1,4.095999989658594,4,4,0,0,40,0,0,40,1.72
1319,2,0,0,0,15.359999611973763,4,4,0,1,39,0,0,40,61.389
1319,2,0,1,0,80.89599758386612,4,4,0,1,39,0,0,40,61.389
1319,2,0,2,0,9.216000325977802,4,4,0,1,39,0,0,40,61.389
1319,2,0,3,0,5.119999870657921,4,4,0,1,39,0,0,40,61.389
1319,24,0,0,0,7.168000098317862,4,4,0,0,40,0,0,40,1.32
1319,24,0,1,0,82.94399827718735,4,4,0,0,40,0,0,40,1.32
1319,24,0,2,0,9.216000325977802,4,4,0,0,40,0,0,40,1.32
1319,24,0,3,0,4.095999989658594,4,4,0,0,40,0,0,40,1.32
1319,40,0,0,1,14.336000196635723,4,4,0,0,40,0,0,40,1.331
1319,40,0,1,1,100.35199671983719,4,4,0,0,40,0,0,40,1.331
1319,40,0,2,1,9.216000325977802,4,4,0,0,40,0,0,40,1.331
1319,40,0,3,1,4.095999989658594,4,4,0,0,40,0,0,40,1.331
1320,2,0,0,0,8.191999979317188,4,4,0,0,40,0,0,40,1.82
1320,2,0,1,0,82.94399827718735,4,4,0,0,40,0,0,40,1.82
1320,2,0,2,0,9.216000325977802,4,4,0,0,40,0,0,40,1.82
1320,2,0,3,0,5.119999870657921,4,4,0,0,40,0,0,40,1.82
1320,24,0,0,0,7.168000098317862,4,4,0,0,40,0,0,40,1.47
1320,24,0,1,0,62.463998794555664,4,4,0,0,40,0,0,40,1.47
1320,24,0,2,0,9.216000325977802,4,4,0,0,40,0,0,40,1.47
1320,24,0,3,0,4.095999989658594,4,4,0,0,40,0,0,40,1.47
1320,40,0,0,1,8.191999979317188,4,4,0,1,39,0,0,40,86.369
1320,40,0,1,1,73.72800260782242,4,4,0,1,39,0,0,40,86.369
1320,40,0,2,1,8.191999979317188,4,4,0,1,39,0,0,40,86.369
1320,40,0,3,1,4.095999989658594,4,4,0,1,39,0,0,40,86.369
1321,2,0,0,0,8.191999979317188,4,4,0,1,39,0,0,40,70.869
1321,2,0,1,0,71.68000191450119,4,4,0,1,39,0,0,40,70.869
1321,2,0,2,0,9.216000325977802,4,4,0,1,39,0,0,40,70.869
1321,2,0,3,0,6.144000217318535,4,4,0,1,39,0,0,40,70.869
1321,24,0,0,0,7.168000098317862,4,4,0,0,40,0,0,40,1.54
1321,24,0,1,0,75.77600330114365,4,4,0,0,40,0,0,40,1.54
1321,24,0,2,0,8.191999979317188,4,4,0,0,40,0,0,40,1.54
1321,24,0,3,0,4.095999989658594,4,4,0,0,40,0,0,40,1.54
1321,40,0,0,1,9.216000325977802,4,4,0,0,40,0,0,40,1.28
1321,40,0,1,1,46.08000069856644,4,4,0,0,40,0,0,40,1.28
1321,40,0,2,1,9.216000325977802,4,4,0,0,40,0,0,40,1.28
1321,40,0,3,1,4.095999989658594,4,4,0,0,40,0,0,40,1.28
1322,2,0,0,0,15.359999611973763,3,3,0,0,30,0,0,30,1.3
1322,2,0,1,0,59.39200147986412,3,3,0,0,30,0,0,30,1.3
1322,2,0,2,0,9.216000325977802,3,3,0,0,30,0,0,30,1.3
1322,2,0,3,0,6.144000217318535,3,3,0,0,30,0,0,30,1.3
1322,24,0,0,0,8.191999979317188,3,3,0,0,30,0,0,30,0.98
1322,24,0,1,0,51.19999870657921,3,3,0,0,30,0,0,30,0.98
1322,24,0,2,0,9.216000325977802,3,3,0,0,30,0,0,30,0.98
1322,24,0,3,0,4.095999989658594,3,3,0,0,30,0,0,30,0.98
1322,40,0,0,1,7.168000098317862,3,3,0,0,30,0,0,30,0.99
1322,40,0,1,1,56.32000043988228,3,3,0,0,30,0,0,30,0.99
1322,40,0,2,1,8.191999979317188,3,3,0,0,30,0,0,30,0.99
1322,40,0,3,1,4.095999989658594,3,3,0,0,30,0,0,30,0.99
1323,2,0,0,0,9.216000325977802,4,4,0,1,39,0,0,40,61.97
1323,2,0,1,0,91.13600105047226,4,4,0,1,39,0,0,40,61.97
1323,2,0,2,0,9.216000325977802,4,4,0,1,39,0,0,40,61.97
1323,2,0,3,0,5.119999870657921,4,4,0,1,39,0,0,40,61.97
1323,24,0,0,0,8.191999979317188,4,4,0,0,40,0,0,40,1.45
1323,24,0,1,0,76.80000364780426,4,4,0,0,40,0,0,40,1.45
1323,24,0,2,0,9.216000325977802,4,4,0,0,40,0,0,40,1.45
1323,24,0,3,0,4.095999989658594,4,4,0,0,40,0,0,40,1.45
1323,40,0,0,1,8.191999979317188,4,4,0,1,39,0,0,40,78.36
1323,40,0,1,1,82.94399827718735,4,4,0,1,39,0,0,40,78.36
1323,40,0,2,1,9.216000325977802,4,4,0,1,39,0,0,40,78.36
1323,40,0,3,1,4.095999989658594,4,4,0,1,39,0,0,40,78.36
1324,2,0,0,0,14.336000196635723,4,4,0,1,39,0,0,40,64.93
1324,2,0,1,0,93.18400174379349,4,4,0,1,39,0,0,40,64.93
1324,2,0,2,0,9.216000325977802,4,4,0,1,39,0,0,40,64.93
1324,2,0,3,0,5.119999870657921,4,4,0,1,39,0,0,40,64.93
1324,24,0,0,0,7.168000098317862,4,4,0,0,40,0,0,40,3.08
1324,24,0,1,0,77.82399654388428,4,4,0,0,40,0,0,40,3.08
1324,24,0,2,0,9.216000325977802,4,4,0,0,40,0,0,40,3.08
1324,24,0,3,0,4.095999989658594,4,4,0,0,40,0,0,40,3.08
1324,40,0,0,1,9.216000325977802,4,4,0,1,39,0,0,40,70.78
1324,40,0,1,1,89.08800035715103,4,4,0,1,39,0,0,40,70.78
1324,40,0,2,1,9.216000325977802,4,4,0,1,39,0,0,40,70.78
1324,40,0,3,1,4.095999989658594,4,4,0,1,39,0,0,40,70.78
1325,2,0,0,0,15.359999611973763,4,4,0,1,39,0,0,40,76.249
1325,2,0,1,0,89.08800035715103,4,4,0,1,39,0,0,40,76.249
1325,2,0,2,0,9.216000325977802,4,4,0,1,39,0,0,40,76.249
1325,2,0,3,0,6.144000217318535,4,4,0,1,39,0,0,40,76.249
1325,24,0,0,0,7.168000098317862,4,4,0,3,37,0,0,40,118.63
1325,24,0,1,0,63.48799914121628,4,4,0,3,37,0,0,40,118.63
1325,24,0,2,0,9.216000325977802,4,4,0,3,37,0,0,40,118.63
1325,24,0,3,0,32.76799991726875,4,4,0,3,37,0,0,40,118.63
1325,40,0,0,1,14.336000196635723,4,4,0,0,40,0,0,40,1.39
1325,40,0,1,1,83.96799862384796,4,4,0,0,40,0,0,40,1.39
1325,40,0,2,1,8.191999979317188,4,4,0,0,40,0,0,40,1.39
1325,40,0,3,1,4.095999989658594,4,4,0,0,40,0,0,40,1.39
1326,2,0,0,0,8.191999979317188,4,4,0,1,39,0,0,40,111.01
1326,2,0,1,0,73.72800260782242,4,4,0,1,39,0,0,40,111.01
1326,2,0,2,0,8.191999979317188,4,4,0,1,39,0,0,40,111.01
1326,2,0,3,0,16.383999958634377,4,4,0,1,39,0,0,40,111.01
1326,24,0,0,0,8.191999979317188,4,4,0,1,39,0,0,40,69.39
1326,24,0,1,0,83.96799862384796,4,4,0,1,39,0,0,40,69.39
1326,24,0,2,0,9.216000325977802,4,4,0,1,39,0,0,40,69.39
1326,24,0,3,0,4.095999989658594,4,4,0,1,39,0,0,40,69.39
1326,40,0,0,1,9.216000325977802,4,4,0,2,38,0,0,40,129.019
1326,40,0,1,1,92.16000139713287,4,4,0,2,38,0,0,40,129.019
1326,40,0,2,1,10.239999741315842,4,4,0,2,38,0,0,40,129.019
1326,40,0,3,1,13.311999849975109,4,4,0,2,38,0,0,40,129.019
1327,2,0,0,0,9.216000325977802,4,4,0,1,39,0,0,40,65.17
1327,2,0,1,0,78.84799689054489,4,4,0,1,39,0,0,40,65.17
1327,2,0,2,0,9.216000325977802,4,4,0,1,39,0,0,40,65.17
1327,2,0,3,0,6.144000217318535,4,4,0,1,39,0,0,40,65.17
1327,24,0,0,0,8.191999979317188,4,4,0,0,40,0,0,40,2.88
1327,24,0,1,0,76.80000364780426,4,4,0,0,40,0,0,40,2.88
1327,24,0,2,0,9.216000325977802,4,4,0,0,40,0,0,40,2.88
1327,24,0,3,0,3.0720001086592674,4,4,0,0,40,0,0,40,2.88
1327,40,0,0,1,8.191999979317188,4,4,0,0,40,0,0,40,1.42
1327,40,0,1,1,77.82399654388428,4,4,0,0,40,0,0,40,1.42
1327,40,0,2,1,9.216000325977802,4,4,0,0,40,0,0,40,1.42
1327,40,0,3,1,4.095999989658594,4,4,0,0,40,0,0,40,1.42
1328,2,0,0,0,13.311999849975109,4,4,0,0,40,0,0,40,1.82
1328,2,0,1,0,91.13600105047226,4,4,0,0,40,0,0,40,1.82
1328,2,0,2,0,8.191999979317188,4,4,0,0,40,0,0,40,1.82
1328,2,0,3,0,4.095999989658594,4,4,0,0,40,0,0,40,1.82
1328,24,0,0,0,8.191999979317188,4,4,0,0,40,0,0,40,1.48
1328,24,0,1,0,62.463998794555664,4,4,0,0,40,0,0,40,1.48
1328,24,0,2,0,8.191999979317188,4,4,0,0,40,0,0,40,1.48
1328,24,0,3,0,4.095999989658594,4,4,0,0,40,0,0,40,1.48
1328,40,0,0,1,15.359999611973763,4,4,0,0,40,0,0,40,1.271
1328,40,0,1,1,55.296000093221664,4,4,0,0,40,0,0,40,1.271
1328,40,0,2,1,8.191999979317188,4,4,0,0,40,0,0,40,1.271
1328,40,0,3,1,4.095999989658594,4,4,0,0,40,0,0,40,1.271
1329,2,0,0,0,15.359999611973763,4,4,0,0,40,0,0,40,1.711
1329,2,0,1,0,93.18400174379349,4,4,0,0,40,0,0,40,1.711
1329,2,0,2,0,9.216000325977802,4,4,0,0,40,0,0,40,1.711
1329,2,0,3,0,7.168000098317862,4,4,0,0,40,0,0,40,1.711
1329,24,0,0,0,8.191999979317188,4,4,0,0,40,0,0,40,1.5
1329,24,0,1,0,72.7040022611618,4,4,0,0,40,0,0,40,1.5
1329,24,0,2,0,9.216000325977802,4,4,0,0,40,0,0,40,1.5
1329,24,0,3,0,4.095999989658594,4,4,0,0,40,0,0,40,1.5
1329,40,0,0,1,14.336000196635723,4,4,0,0,40,0,0,40,1.489
1329,40,0,1,1,51.19999870657921,4,4,0,0,40,0,0,40,1.489
1329,40,0,2,1,8.191999979317188,4,4,0,0,40,0,0,40,1.489
1329,40,0,3,1,4.095999989658594,4,4,0,0,40,0,0,40,1.489
1330,2,0,0,0,9.216000325977802,3,3,0,1,29,0,0,30,67.229
1330,2,0,1,0,58.36800113320351,3,3,0,1,29,0,0,30,67.229
1330,2,0,2,0,9.216000325977802,3,3,0,1,29,0,0,30,67.229
1330,2,0,3,0,6.144000217318535,3,3,0,1,29,0,0,30,67.229
1330,24,0,0,0,16.383999958634377,3,3,0,1,29,0,0,30,67.109
1330,24,0,1,0,54.27199974656105,3,3,0,1,29,0,0,30,67.109
1330,24,0,2,0,9.216000325977802,3,3,0,1,29,0,0,30,67.109
1330,24,0,3,0,4.095999989658594,3,3,0,1,29,0,0,30,67.109
1330,40,0,0,1,14.336000196635723,3,3,0,0,30,0,0,30,0.91
1330,40,0,1,1,40.95999896526337,3,3,0,0,30,0,0,30,0.91
1330,40,0,2,1,9.216000325977802,3,3,0,0,30,0,0,30,0.91
1330,40,0,3,1,4.095999989658594,3,3,0,0,30,0,0,30,0.91
1331,2,0,0,0,15.359999611973763,4,4,0,0,40,0,0,40,2.891
1331,2,0,1,0,73.72800260782242,4,4,0,0,40,0,0,40,2.891
1331,2,0,2,0,9.216000325977802,4,4,0,0,40,0,0,40,2.891
1331,2,0,3,0,7.168000098317862,4,4,0,0,40,0,0,40,2.891
1331,24,0,0,0,8.191999979317188,4,4,0,2,38,0,0,40,196.909
1331,24,0,1,0,60.416001826524734,4,4,0,2,38,0,0,40,196.909
1331,24,0,2,0,9.216000325977802,4,4,0,2,38,0,0,40,196.909
1331,24,0,3,0,113.66400122642517,4,4,0,2,38,0,0,40,196.909
1331,40,0,0,1,8.191999979317188,4,4,0,0,40,0,0,40,3.369
1331,40,0,1,1,71.68000191450119,4,4,0,0,40,0,0,40,3.369
1331,40,0,2,1,9.216000325977802,4,4,0,0,40,0,0,40,3.369
1331,40,0,3,1,4.095999989658594,4,4,0,0,40,0,0,40,3.369
1332,2,0,0,0,8.191999979317188,4,4,0,1,39,0,0,40,63.22
1332,2,0,1,0,88.06400001049042,4,4,0,1,39,0,0,40,63.22
1332,2,0,2,0,9.216000325977802,4,4,0,1,39,0,0,40,63.22
1332,2,0,3,0,5.119999870657921,4,4,0,1,39,0,0,40,63.22
1332,24,0,0,0,8.191999979317188,4,4,0,0,40,0,0,40,1.72
1332,24,0,1,0,69.63200122117996,4,4,0,0,40,0,0,40,1.72
1332,24,0,2,0,8.191999979317188,4,4,0,0,40,0,0,40,1.72
1332,24,0,3,0,4.095999989658594,4,4,0,0,40,0,0,40,1.72
1332,40,0,0,1,14.336000196635723,4,4,0,0,40,0,0,40,2.69
1332,40,0,1,1,87.0399996638298,4,4,0,0,40,0,0,40,2.69
1332,40,0,2,1,9.216000325977802,4,4,0,0,40,0,0,40,2.69
1332,40,0,3,1,5.119999870657921,4,4,0,0,40,0,0,40,2.69
1333,2,0,0,0,15.359999611973763,4,4,0,1,39,0,0,40,77.94
1333,2,0,1,0,92.16000139713287,4,4,0,1,39,0,0,40,77.94
1333,2,0,2,0,9.216000325977802,4,4,0,1,39,0,0,40,77.94
1333,2,0,3,0,7.168000098317862,4,4,0,1,39,0,0,40,77.94
1333,24,0,0,0,8.191999979317188,4,4,0,0,40,0,0,40,3.4
1333,24,0,1,0,64.51199948787689,4,4,0,0,40,0,0,40,3.4
1333,24,0,2,0,9.216000325977802,4,4,0,0,40,0,0,40,3.4
1333,24,0,3,0,4.095999989658594,4,4,0,0,40,0,0,40,3.4
1333,40,0,0,1,14.336000196635723,4,4,0,0,40,0,0,40,3.42
1333,40,0,1,1,67.58400052785873,4,4,0,0,40,0,0,40,3.42
1333,40,0,2,1,9.216000325977802,4,4,0,0,40,0,0,40,3.42
1333,40,0,3,1,4.095999989658594,4,4,0,0,40,0,0,40,3.42
1334,2,0,0,0,8.191999979317188,4,4,0,1,39,0,0,40,62.139
1334,2,0,1,0,93.18400174379349,4,4,0,1,39,0,0,40,62.139
1334,2,0,2,0,9.216000325977802,4,4,0,1,39,0,0,40,62.139
1334,2,0,3,0,6.144000217318535,4,4,0,1,39,0,0,40,62.139
1334,24,0,0,0,8.191999979317188,4,4,0,0,40,0,0,40,1.48
1334,24,0,1,0,76.80000364780426,4,4,0,0,40,0,0,40,1.48
1334,24,0,2,0,9.216000325977802,4,4,0,0,40,0,0,40,1.48
1334,24,0,3,0,4.095999989658594,4,4,0,0,40,0,0,40,1.48
1334,40,0,0,1,14.336000196635723,4,4,0,0,40,0,0,40,3.57
1334,40,0,1,1,66.56000018119812,4,4,0,0,40,0,0,40,3.57
1334,40,0,2,1,9.216000325977802,4,4,0,0,40,0,0,40,3.57
1334,40,0,3,1,4.095999989658594,4,4,0,0,40,0,0,40,3.57
1335,2,0,0,0,14.336000196635723,4,4,0,0,40,0,0,40,3.04
1335,2,0,1,0,90.11200070381165,4,4,0,0,40,0,0,40,3.04
1335,2,0,2,0,9.216000325977802,4,4,0,0,40,0,0,40,3.04
1335,2,0,3,0,5.119999870657921,4,4,0,0,40,0,0,40,3.04
1335,24,0,0,0,9.216000325977802,4,4,0,0,40,0,0,40,1.67
1335,24,0,1,0,73.72800260782242,4,4,0,0,40,0,0,40,1.67
1335,24,0,2,0,9.216000325977802,4,4,0,0,40,0,0,40,1.67
1335,24,0,3,0,4.095999989658594,4,4,0,0,40,0,0,40,1.67
1335,40,0,0,1,9.216000325977802,4,4,0,0,40,0,0,40,1.5
1335,40,0,1,1,82.94399827718735,4,4,0,0,40,0,0,40,1.5
1335,40,0,2,1,8.191999979317188,4,4,0,0,40,0,0,40,1.5
1335,40,0,3,1,4.095999989658594,4,4,0,0,40,0,0,40,1.5
1336,2,0,0,0,14.336000196635723,4,4,0,1,39,0,0,40,64.63
1336,2,0,1,0,79.8719972372055,4,4,0,1,39,0,0,40,64.63
1336,2,0,2,0,9.216000325977802,4,4,0,1,39,0,0,40,64.63
1336,2,0,3,0,5.119999870657921,4,4,0,1,39,0,0,40,64.63
1336,24,0,0,0,8.191999979317188,4,4,0,0,40,0,0,40,1.409
1336,24,0,1,0,67.58400052785873,4,4,0,0,40,0,0,40,1.409
1336,24,0,2,0,10.239999741315842,4,4,0,0,40,0,0,40,1.409
1336,24,0,3,0,4.095999989658594,4,4,0,0,40,0,0,40,1.409
1336,40,0,0,1,9.216000325977802,4,4,0,0,40,0,0,40,1.27
1336,40,0,1,1,79.8719972372055,4,4,0,0,40,0,0,40,1.27
1336,40,0,2,1,9.216000325977802,4,4,0,0,40,0,0,40,1.27
1336,40,0,3,1,4.095999989658594,4,4,0,0,40,0,0,40,1.27
1337,2,0,0,0,9.216000325977802,4,4,0,1,39,0,0,40,81.21
1337,2,0,1,0,83.96799862384796,4,4,0,1,39,0,0,40,81.21
1337,2,0,2,0,8.191999979317188,4,4,0,1,39,0,0,40,81.21
1337,2,0,3,0,6.144000217318535,4,4,0,1,39,0,0,40,81.21
1337,24,0,0,0,13.311999849975109,4,4,0,0,40,0,0,40,1.509
1337,24,0,1,0,55.296000093221664,4,4,0,0,40,0,0,40,1.509
1337,24,0,2,0,10.239999741315842,4,4,0,0,40,0,0,40,1.509
1337,24,0,3,0,4.095999989658594,4,4,0,0,40,0,0,40,1.509
1337,40,0,0,1,14.336000196635723,4,4,0,0,40,0,0,40,1.22
1337,40,0,1,1,61.43999844789505,4,4,0,0,40,0,0,40,1.22
1337,40,0,2,1,9.216000325977802,4,4,0,0,40,0,0,40,1.22
1337,40,0,3,1,5.119999870657921,4,4,0,0,40,0,0,40,1.22
1338,2,0,0,0,15.359999611973763,4,4,0,1,39,0,0,40,62.04
1338,2,0,1,0,83.96799862384796,4,4,0,1,39,0,0,40,62.04
1338,2,0,2,0,9.216000325977802,4,4,0,1,39,0,0,40,62.04
1338,2,0,3,0,5.119999870657921,4,4,0,1,39,0,0,40,62.04
1338,24,0,0,0,8.191999979317188,4,4,0,0,40,0,0,40,1.41
1338,24,0,1,0,67.58400052785873,4,4,0,0,40,0,0,40,1.41
1338,24,0,2,0,9.216000325977802,4,4,0,0,40,0,0,40,1.41
1338,24,0,3,0,4.095999989658594,4,4,0,0,40,0,0,40,1.41
1338,40,0,0,1,8.191999979317188,4,4,0,0,40,0,0,40,2.849
1338,40,0,1,1,75.77600330114365,4,4,0,0,40,0,0,40,2.849
1338,40,0,2,1,9.216000325977802,4,4,0,0,40,0,0,40,2.849
1338,40,0,3,1,5.119999870657921,4,4,0,0,40,0,0,40,2.849
1339,2,0,0,0,14.336000196635723,4,4,0,0,40,0,0,40,2.06
1339,2,0,1,0,54.27199974656105,4,4,0,0,40,0,0,40,2.06
1339,2,0,2,0,9.216000325977802,4,4,0,0,40,0,0,40,2.06
1339,2,0,3,0,6.144000217318535,4,4,0,0,40,0,0,40,2.06
1339,24,0,0,0,7.168000098317862,4,4,0,0,40,0,0,40,1.7
1339,24,0,1,0,77.82399654388428,4,4,0,0,40,0,0,40,1.7
1339,24,0,2,0,9.216000325977802,4,4,0,0,40,0,0,40,1.7
1339,24,0,3,0,4.095999989658594,4,4,0,0,40,0,0,40,1.7
1339,40,0,0,1,14.336000196635723,4,4,0,0,40,0,0,40,1.54
1339,40,0,1,1,92.16000139713287,4,4,0,0,40,0,0,40,1.54
1339,40,0,2,1,9.216000325977802,4,4,0,0,40,0,0,40,1.54
1339,40,0,3,1,4.095999989658594,4,4,0,0,40,0,0,40,1.54
1340,2,0,0,0,14.336000196635723,4,4,0,0,40,0,0,40,1.78
1340,2,0,1,0,64.51199948787689,4,4,0,0,40,0,0,40,1.78
1340,2,0,2,0,9.216000325977802,4,4,0,0,40,0,0,40,1.78
1340,2,0,3,0,7.168000098317862,4,4,0,0,40,0,0,40,1.78
1340,24,0,0,0,7.168000098317862,4,4,0,1,39,0,0,40,68.569
1340,24,0,1,0,82.94399827718735,4,4,0,1,39,0,0,40,68.569
1340,24,0,2,0,9.216000325977802,4,4,0,1,39,0,0,40,68.569
1340,24,0,3,0,4.095999989658594,4,4,0,1,39,0,0,40,68.569
1340,40,0,0,1,14.336000196635723,4,4,0,0,40,0,0,40,1.58
1340,40,0,1,1,79.8719972372055,4,4,0,0,40,0,0,40,1.58
1340,40,0,2,1,9.216000325977802,4,4,0,0,40,0,0,40,1.58
1340,40,0,3,1,4.095999989658594,4,4,0,0,40,0,0,40,1.58
