window,layer,group,phase,device,gpu_us,T,tokens,token_base,CPU,local,mapped,remote,entry_count,host_dispatch_us
28,2,0,0,0,8.191999979317188,1,1,0,0,10,0,0,10,0.55
28,2,0,1,0,31.74399957060814,1,1,0,0,10,0,0,10,0.55
28,2,0,2,0,9.216000325977802,1,1,0,0,10,0,0,10,0.55
28,2,0,3,0,5.119999870657921,1,1,0,0,10,0,0,10,0.55
28,24,0,0,0,8.191999979317188,1,1,0,0,10,0,0,10,0.88
28,24,0,1,0,31.74399957060814,1,1,0,0,10,0,0,10,0.88
28,24,0,2,0,8.191999979317188,1,1,0,0,10,0,0,10,0.88
28,24,0,3,0,3.0720001086592674,1,1,0,0,10,0,0,10,0.88
28,40,0,0,1,9.216000325977802,1,1,0,0,10,0,0,10,0.84
28,40,0,1,1,35.840000957250595,1,1,0,0,10,0,0,10,0.84
28,40,0,2,1,9.216000325977802,1,1,0,0,10,0,0,10,0.84
28,40,0,3,1,5.119999870657921,1,1,0,0,10,0,0,10,0.84
29,2,0,0,0,402.43199467658997,4,4,0,0,40,0,0,40,3.02
29,2,0,1,0,56.32000043988228,4,4,0,0,40,0,0,40,3.02
29,2,0,2,0,9.216000325977802,4,4,0,0,40,0,0,40,3.02
29,2,0,3,0,4.095999989658594,4,4,0,0,40,0,0,40,3.02
29,24,0,0,0,7.168000098317862,4,4,0,0,40,0,0,40,1.851
29,24,0,1,0,58.36800113320351,4,4,0,0,40,0,0,40,1.851
29,24,0,2,0,9.216000325977802,4,4,0,0,40,0,0,40,1.851
29,24,0,3,0,5.119999870657921,4,4,0,0,40,0,0,40,1.851
29,40,0,0,1,8.191999979317188,4,4,0,0,40,0,0,40,2.31
29,40,0,1,1,86.01599931716919,4,4,0,0,40,0,0,40,2.31
29,40,0,2,1,9.216000325977802,4,4,0,0,40,0,0,40,2.31
29,40,0,3,1,4.095999989658594,4,4,0,0,40,0,0,40,2.31
30,2,0,0,0,9.216000325977802,1,1,0,0,10,0,0,10,1.091
30,2,0,1,0,32.76799991726875,1,1,0,0,10,0,0,10,1.091
30,2,0,2,0,8.191999979317188,1,1,0,0,10,0,0,10,1.091
30,2,0,3,0,5.119999870657921,1,1,0,0,10,0,0,10,1.091
30,24,0,0,0,27.648000046610832,1,1,0,0,10,0,0,10,0.849
30,24,0,1,0,31.74399957060814,1,1,0,0,10,0,0,10,0.849
30,24,0,2,0,9.216000325977802,1,1,0,0,10,0,0,10,0.849
30,24,0,3,0,4.095999989658594,1,1,0,0,10,0,0,10,0.849
30,40,0,0,1,54.27199974656105,1,1,0,0,10,0,0,10,1.089
30,40,0,1,1,35.840000957250595,1,1,0,0,10,0,0,10,1.089
30,40,0,2,1,9.216000325977802,1,1,0,0,10,0,0,10,1.089
30,40,0,3,1,4.095999989658594,1,1,0,0,10,0,0,10,1.089
31,2,0,0,0,23.552000522613525,3,3,0,0,30,0,0,30,2.64
31,2,0,1,0,61.43999844789505,3,3,0,0,30,0,0,30,2.64
31,2,0,2,0,9.216000325977802,3,3,0,0,30,0,0,30,2.64
31,2,0,3,0,6.144000217318535,3,3,0,0,30,0,0,30,2.64
31,24,0,0,0,20.479999482631683,3,3,0,0,30,0,0,30,2.53
31,24,0,1,0,54.27199974656105,3,3,0,0,30,0,0,30,2.53
31,24,0,2,0,8.191999979317188,3,3,0,0,30,0,0,30,2.53
31,24,0,3,0,4.095999989658594,3,3,0,0,30,0,0,30,2.53
31,40,0,0,1,10.239999741315842,3,3,0,1,29,0,0,30,182.459
31,40,0,1,1,59.39200147986412,3,3,0,1,29,0,0,30,182.459
31,40,0,2,1,9.216000325977802,3,3,0,1,29,0,0,30,182.459
31,40,0,3,1,99.32799637317657,3,3,0,1,29,0,0,30,182.459
32,2,0,0,0,12.28800043463707,4,4,0,0,40,0,0,40,2.571
32,2,0,1,0,59.39200147986412,4,4,0,0,40,0,0,40,2.571
32,2,0,2,0,9.216000325977802,4,4,0,0,40,0,0,40,2.571
32,2,0,3,0,5.119999870657921,4,4,0,0,40,0,0,40,2.571
32,24,0,0,0,21.503999829292297,4,4,0,0,40,0,0,40,1.68
32,24,0,1,0,58.36800113320351,4,4,0,0,40,0,0,40,1.68
32,24,0,2,0,9.216000325977802,4,4,0,0,40,0,0,40,1.68
32,24,0,3,0,4.095999989658594,4,4,0,0,40,0,0,40,1.68
32,40,0,0,1,14.336000196635723,4,4,0,0,40,0,0,40,2.16
32,40,0,1,1,72.7040022611618,4,4,0,0,40,0,0,40,2.16
32,40,0,2,1,9.216000325977802,4,4,0,0,40,0,0,40,2.16
32,40,0,3,1,4.095999989658594,4,4,0,0,40,0,0,40,2.16
33,2,0,0,0,22.52800017595291,2,2,0,0,20,0,0,20,1.4
33,2,0,1,0,40.95999896526337,2,2,0,0,20,0,0,20,1.4
33,2,0,2,0,8.191999979317188,2,2,0,0,20,0,0,20,1.4
33,2,0,3,0,5.119999870657921,2,2,0,0,20,0,0,20,1.4
33,24,0,0,0,21.503999829292297,2,2,0,0,20,0,0,20,1.74
33,24,0,1,0,41.98399931192398,2,2,0,0,20,0,0,20,1.74
33,24,0,2,0,8.191999979317188,2,2,0,0,20,0,0,20,1.74
33,24,0,3,0,4.095999989658594,2,2,0,0,20,0,0,20,1.74
33,40,0,0,1,61.43999844789505,2,2,0,0,20,0,0,20,1.13
33,40,0,1,1,45.05600035190582,2,2,0,0,20,0,0,20,1.13
33,40,0,2,1,9.216000325977802,2,2,0,0,20,0,0,20,1.13
33,40,0,3,1,4.095999989658594,2,2,0,0,20,0,0,20,1.13
34,2,0,0,0,24.57600086927414,2,2,0,0,20,0,0,20,2.1
34,2,0,1,0,47.10400104522705,2,2,0,0,20,0,0,20,2.1
34,2,0,2,0,8.191999979317188,2,2,0,0,20,0,0,20,2.1
34,2,0,3,0,6.144000217318535,2,2,0,0,20,0,0,20,2.1
34,24,0,0,0,11.264000087976456,2,2,0,0,20,0,0,20,1.129
34,24,0,1,0,41.98399931192398,2,2,0,0,20,0,0,20,1.129
34,24,0,2,0,9.216000325977802,2,2,0,0,20,0,0,20,1.129
34,24,0,3,0,4.095999989658594,2,2,0,0,20,0,0,20,1.129
34,40,0,0,1,10.239999741315842,2,2,0,0,20,0,0,20,1.11
34,40,0,1,1,44.03200000524521,2,2,0,0,20,0,0,20,1.11
34,40,0,2,1,9.216000325977802,2,2,0,0,20,0,0,20,1.11
34,40,0,3,1,4.095999989658594,2,2,0,0,20,0,0,20,1.11
35,2,0,0,0,8.191999979317188,3,3,0,0,30,0,0,30,1.58
35,2,0,1,0,63.48799914121628,3,3,0,0,30,0,0,30,1.58
35,2,0,2,0,9.216000325977802,3,3,0,0,30,0,0,30,1.58
35,2,0,3,0,5.119999870657921,3,3,0,0,30,0,0,30,1.58
35,24,0,0,0,9.216000325977802,3,3,0,0,30,0,0,30,1.45
35,24,0,1,0,52.22399905323982,3,3,0,0,30,0,0,30,1.45
35,24,0,2,0,9.216000325977802,3,3,0,0,30,0,0,30,1.45
35,24,0,3,0,4.095999989658594,3,3,0,0,30,0,0,30,1.45
35,40,0,0,1,32.76799991726875,3,3,0,0,30,0,0,30,1.35
35,40,0,1,1,46.08000069856644,3,3,0,0,30,0,0,30,1.35
35,40,0,2,1,10.239999741315842,3,3,0,0,30,0,0,30,1.35
35,40,0,3,1,4.095999989658594,3,3,0,0,30,0,0,30,1.35
36,2,0,0,0,9.216000325977802,1,1,0,0,10,0,0,10,0.88
36,2,0,1,0,31.74399957060814,1,1,0,0,10,0,0,10,0.88
36,2,0,2,0,9.216000325977802,1,1,0,0,10,0,0,10,0.88
36,2,0,3,0,5.119999870657921,1,1,0,0,10,0,0,10,0.88
36,24,0,0,0,9.216000325977802,1,1,0,0,10,0,0,10,0.7
36,24,0,1,0,31.74399957060814,1,1,0,0,10,0,0,10,0.7
36,24,0,2,0,9.216000325977802,1,1,0,0,10,0,0,10,0.7
36,24,0,3,0,4.095999989658594,1,1,0,0,10,0,0,10,0.7
36,40,0,0,1,14.336000196635723,1,1,0,0,10,0,0,10,0.68
36,40,0,1,1,34.81600061058998,1,1,0,0,10,0,0,10,0.68
36,40,0,2,1,9.216000325977802,1,1,0,0,10,0,0,10,0.68
36,40,0,3,1,3.0720001086592674,1,1,0,0,10,0,0,10,0.68
37,2,0,0,0,9.216000325977802,1,1,0,1,9,0,0,10,132.16
37,2,0,1,0,30.719999223947525,1,1,0,1,9,0,0,10,132.16
37,2,0,2,0,9.216000325977802,1,1,0,1,9,0,0,10,132.16
37,2,0,3,0,79.8719972372055,1,1,0,1,9,0,0,10,132.16
37,24,0,0,0,8.191999979317188,1,1,0,0,10,0,0,10,0.69
37,24,0,1,0,31.74399957060814,1,1,0,0,10,0,0,10,0.69
37,24,0,2,0,8.191999979317188,1,1,0,0,10,0,0,10,0.69
37,24,0,3,0,3.0720001086592674,1,1,0,0,10,0,0,10,0.69
37,40,0,0,1,31.74399957060814,1,1,0,0,10,0,0,10,0.68
37,40,0,1,1,34.81600061058998,1,1,0,0,10,0,0,10,0.68
37,40,0,2,1,9.216000325977802,1,1,0,0,10,0,0,10,0.68
37,40,0,3,1,4.095999989658594,1,1,0,0,10,0,0,10,0.68
38,2,0,0,0,82.94399827718735,1,1,0,0,10,0,0,10,0.751
38,2,0,1,0,31.74399957060814,1,1,0,0,10,0,0,10,0.751
38,2,0,2,0,9.216000325977802,1,1,0,0,10,0,0,10,0.751
38,2,0,3,0,5.119999870657921,1,1,0,0,10,0,0,10,0.751
38,24,0,0,0,26.623999699950218,1,1,0,0,10,0,0,10,0.7
38,24,0,1,0,32.76799991726875,1,1,0,0,10,0,0,10,0.7
38,24,0,2,0,8.191999979317188,1,1,0,0,10,0,0,10,0.7
38,24,0,3,0,3.0720001086592674,1,1,0,0,10,0,0,10,0.7
38,40,0,0,1,18.432000651955605,1,1,0,0,10,0,0,10,0.7
38,40,0,1,1,34.81600061058998,1,1,0,0,10,0,0,10,0.7
38,40,0,2,1,9.216000325977802,1,1,0,0,10,0,0,10,0.7
38,40,0,3,1,4.095999989658594,1,1,0,0,10,0,0,10,0.7
39,2,0,0,0,8.191999979317188,1,1,0,0,10,0,0,10,0.74
39,2,0,1,0,32.76799991726875,1,1,0,0,10,0,0,10,0.74
39,2,0,2,0,9.216000325977802,1,1,0,0,10,0,0,10,0.74
39,2,0,3,0,5.119999870657921,1,1,0,0,10,0,0,10,0.74
39,24,0,0,0,35.840000957250595,1,1,0,0,10,0,0,10,0.69
39,24,0,1,0,32.76799991726875,1,1,0,0,10,0,0,10,0.69
39,24,0,2,0,9.216000325977802,1,1,0,0,10,0,0,10,0.69
39,24,0,3,0,4.095999989658594,1,1,0,0,10,0,0,10,0.69
39,40,0,0,1,23.552000522613525,1,1,0,0,10,0,0,10,1.011
39,40,0,1,1,35.840000957250595,1,1,0,0,10,0,0,10,1.011
39,40,0,2,1,9.216000325977802,1,1,0,0,10,0,0,10,1.011
39,40,0,3,1,4.095999989658594,1,1,0,0,10,0,0,10,1.011
40,2,0,0,0,9.216000325977802,2,2,0,0,20,0,0,20,1.43
40,2,0,1,0,45.05600035190582,2,2,0,0,20,0,0,20,1.43
40,2,0,2,0,9.216000325977802,2,2,0,0,20,0,0,20,1.43
40,2,0,3,0,5.119999870657921,2,2,0,0,20,0,0,20,1.43
40,24,0,0,0,176.12800002098083,2,2,0,0,20,0,0,20,1.08
40,24,0,1,0,45.05600035190582,2,2,0,0,20,0,0,20,1.08
40,24,0,2,0,9.216000325977802,2,2,0,0,20,0,0,20,1.08
40,24,0,3,0,4.095999989658594,2,2,0,0,20,0,0,20,1.08
40,40,0,0,1,9.216000325977802,2,2,0,0,20,0,0,20,1.049
40,40,0,1,1,48.128001391887665,2,2,0,0,20,0,0,20,1.049
40,40,0,2,1,9.216000325977802,2,2,0,0,20,0,0,20,1.049
40,40,0,3,1,4.095999989658594,2,2,0,0,20,0,0,20,1.049
41,2,0,0,0,36.86400130391121,2,2,0,0,20,0,0,20,1.17
41,2,0,1,0,38.91199827194214,2,2,0,0,20,0,0,20,1.17
41,2,0,2,0,9.216000325977802,2,2,0,0,20,0,0,20,1.17
41,2,0,3,0,5.119999870657921,2,2,0,0,20,0,0,20,1.17
41,24,0,0,0,8.191999979317188,2,2,0,0,20,0,0,20,1.45
41,24,0,1,0,49.15200173854828,2,2,0,0,20,0,0,20,1.45
41,24,0,2,0,9.216000325977802,2,2,0,0,20,0,0,20,1.45
41,24,0,3,0,4.095999989658594,2,2,0,0,20,0,0,20,1.45
41,40,0,0,1,9.216000325977802,2,2,0,0,20,0,0,20,1.031
41,40,0,1,1,41.98399931192398,2,2,0,0,20,0,0,20,1.031
41,40,0,2,1,9.216000325977802,2,2,0,0,20,0,0,20,1.031
41,40,0,3,1,5.119999870657921,2,2,0,0,20,0,0,20,1.031
42,2,0,0,0,15.359999611973763,4,4,0,0,40,0,0,40,2.46
42,2,0,1,0,82.94399827718735,4,4,0,0,40,0,0,40,2.46
42,2,0,2,0,9.216000325977802,4,4,0,0,40,0,0,40,2.46
42,2,0,3,0,6.144000217318535,4,4,0,0,40,0,0,40,2.46
42,24,0,0,0,20.479999482631683,4,4,0,0,40,0,0,40,1.989
42,24,0,1,0,64.51199948787689,4,4,0,0,40,0,0,40,1.989
42,24,0,2,0,8.191999979317188,4,4,0,0,40,0,0,40,1.989
42,24,0,3,0,4.095999989658594,4,4,0,0,40,0,0,40,1.989
42,40,0,0,1,8.191999979317188,4,4,0,0,40,0,0,40,2.37
42,40,0,1,1,62.463998794555664,4,4,0,0,40,0,0,40,2.37
42,40,0,2,1,9.216000325977802,4,4,0,0,40,0,0,40,2.37
42,40,0,3,1,4.095999989658594,4,4,0,0,40,0,0,40,2.37
43,2,0,0,0,9.216000325977802,3,3,0,0,30,0,0,30,2.94
43,2,0,1,0,66.56000018119812,3,3,0,0,30,0,0,30,2.94
43,2,0,2,0,8.191999979317188,3,3,0,0,30,0,0,30,2.94
43,2,0,3,0,6.144000217318535,3,3,0,0,30,0,0,30,2.94
43,24,0,0,0,9.216000325977802,3,3,0,0,30,0,0,30,1.88
43,24,0,1,0,64.51199948787689,3,3,0,0,30,0,0,30,1.88
43,24,0,2,0,9.216000325977802,3,3,0,0,30,0,0,30,1.88
43,24,0,3,0,4.095999989658594,3,3,0,0,30,0,0,30,1.88
43,40,0,0,1,9.216000325977802,3,3,0,0,30,0,0,30,1.56
43,40,0,1,1,70.65600156784058,3,3,0,0,30,0,0,30,1.56
43,40,0,2,1,9.216000325977802,3,3,0,0,30,0,0,30,1.56
43,40,0,3,1,4.095999989658594,3,3,0,0,30,0,0,30,1.56
44,2,0,0,0,9.216000325977802,4,4,0,0,40,0,0,40,3.63
44,2,0,1,0,73.72800260782242,4,4,0,0,40,0,0,40,3.63
44,2,0,2,0,9.216000325977802,4,4,0,0,40,0,0,40,3.63
44,2,0,3,0,5.119999870657921,4,4,0,0,40,0,0,40,3.63
44,24,0,0,0,9.216000325977802,4,4,0,0,40,0,0,40,2.331
44,24,0,1,0,68.60800087451935,4,4,0,0,40,0,0,40,2.331
44,24,0,2,0,8.191999979317188,4,4,0,0,40,0,0,40,2.331
44,24,0,3,0,5.119999870657921,4,4,0,0,40,0,0,40,2.331
44,40,0,0,1,8.191999979317188,4,4,0,0,40,0,0,40,1.86
44,40,0,1,1,82.94399827718735,4,4,0,0,40,0,0,40,1.86
44,40,0,2,1,8.191999979317188,4,4,0,0,40,0,0,40,1.86
44,40,0,3,1,4.095999989658594,4,4,0,0,40,0,0,40,1.86
45,2,0,0,0,8.191999979317188,3,3,0,1,29,0,0,30,56.911
45,2,0,1,0,68.60800087451935,3,3,0,1,29,0,0,30,56.911
45,2,0,2,0,8.191999979317188,3,3,0,1,29,0,0,30,56.911
45,2,0,3,0,4.095999989658594,3,3,0,1,29,0,0,30,56.911
45,24,0,0,0,8.191999979317188,3,3,0,0,30,0,0,30,1.411
45,24,0,1,0,64.51199948787689,3,3,0,0,30,0,0,30,1.411
45,24,0,2,0,9.216000325977802,3,3,0,0,30,0,0,30,1.411
45,24,0,3,0,4.095999989658594,3,3,0,0,30,0,0,30,1.411
45,40,0,0,1,15.359999611973763,3,3,0,0,30,0,0,30,1.049
45,40,0,1,1,50.175998359918594,3,3,0,0,30,0,0,30,1.049
45,40,0,2,1,9.216000325977802,3,3,0,0,30,0,0,30,1.049
45,40,0,3,1,4.095999989658594,3,3,0,0,30,0,0,30,1.049
46,2,0,0,0,9.216000325977802,1,1,0,0,10,0,0,10,0.54
46,2,0,1,0,32.76799991726875,1,1,0,0,10,0,0,10,0.54
46,2,0,2,0,9.216000325977802,1,1,0,0,10,0,0,10,0.54
46,2,0,3,0,4.095999989658594,1,1,0,0,10,0,0,10,0.54
46,24,0,0,0,7.168000098317862,1,1,0,0,10,0,0,10,0.92
46,24,0,1,0,31.74399957060814,1,1,0,0,10,0,0,10,0.92
46,24,0,2,0,9.216000325977802,1,1,0,0,10,0,0,10,0.92
46,24,0,3,0,4.095999989658594,1,1,0,0,10,0,0,10,0.92
46,40,0,0,1,9.216000325977802,1,1,0,0,10,0,0,10,0.39
46,40,0,1,1,35.840000957250595,1,1,0,0,10,0,0,10,0.39
46,40,0,2,1,9.216000325977802,1,1,0,0,10,0,0,10,0.39
46,40,0,3,1,4.095999989658594,1,1,0,0,10,0,0,10,0.39
47,2,0,0,0,8.191999979317188,3,3,0,1,29,0,0,30,57.45
47,2,0,1,0,59.39200147986412,3,3,0,1,29,0,0,30,57.45
47,2,0,2,0,8.191999979317188,3,3,0,1,29,0,0,30,57.45
47,2,0,3,0,5.119999870657921,3,3,0,1,29,0,0,30,57.45
47,24,0,0,0,8.191999979317188,3,3,0,0,30,0,0,30,1.539
47,24,0,1,0,52.22399905323982,3,3,0,0,30,0,0,30,1.539
47,24,0,2,0,8.191999979317188,3,3,0,0,30,0,0,30,1.539
47,24,0,3,0,4.095999989658594,3,3,0,0,30,0,0,30,1.539
47,40,0,0,1,9.216000325977802,3,3,0,1,29,0,0,30,62.24
47,40,0,1,1,53.247999399900436,3,3,0,1,29,0,0,30,62.24
47,40,0,2,1,10.239999741315842,3,3,0,1,29,0,0,30,62.24
47,40,0,3,1,4.095999989658594,3,3,0,1,29,0,0,30,62.24
48,2,0,0,0,9.216000325977802,4,4,0,2,38,0,0,40,97.96
48,2,0,1,0,75.77600330114365,4,4,0,2,38,0,0,40,97.96
48,2,0,2,0,9.216000325977802,4,4,0,2,38,0,0,40,97.96
48,2,0,3,0,5.119999870657921,4,4,0,2,38,0,0,40,97.96
48,24,0,0,0,8.191999979317188,4,4,0,3,36,1,0,40,150.819
48,24,0,1,0,73.72800260782242,4,4,0,3,36,1,0,40,150.819
48,24,0,2,0,168.96000504493713,4,4,0,3,36,1,0,40,150.819
48,24,0,3,0,4.095999989658594,4,4,0,3,36,1,0,40,150.819
48,40,0,0,1,14.336000196635723,4,4,0,0,40,0,0,40,2.47
48,40,0,1,1,78.84799689054489,4,4,0,0,40,0,0,40,2.47
48,40,0,2,1,9.216000325977802,4,4,0,0,40,0,0,40,2.47
48,40,0,3,1,4.095999989658594,4,4,0,0,40,0,0,40,2.47
49,2,0,0,0,9.216000325977802,4,4,0,0,40,0,0,40,3.05
49,2,0,1,0,74.75200295448303,4,4,0,0,40,0,0,40,3.05
49,2,0,2,0,9.216000325977802,4,4,0,0,40,0,0,40,3.05
49,2,0,3,0,5.119999870657921,4,4,0,0,40,0,0,40,3.05
49,24,0,0,0,8.191999979317188,4,4,0,0,40,0,0,40,2.48
49,24,0,1,0,75.77600330114365,4,4,0,0,40,0,0,40,2.48
49,24,0,2,0,9.216000325977802,4,4,0,0,40,0,0,40,2.48
49,24,0,3,0,4.095999989658594,4,4,0,0,40,0,0,40,2.48
49,40,0,0,1,8.191999979317188,4,4,0,0,40,0,0,40,2.32
49,40,0,1,1,87.0399996638298,4,4,0,0,40,0,0,40,2.32
49,40,0,2,1,9.216000325977802,4,4,0,0,40,0,0,40,2.32
49,40,0,3,1,4.095999989658594,4,4,0,0,40,0,0,40,2.32
50,2,0,0,0,8.191999979317188,4,4,0,0,40,0,0,40,3.18
50,2,0,1,0,63.48799914121628,4,4,0,0,40,0,0,40,3.18
50,2,0,2,0,9.216000325977802,4,4,0,0,40,0,0,40,3.18
50,2,0,3,0,5.119999870657921,4,4,0,0,40,0,0,40,3.18
50,24,0,0,0,8.191999979317188,4,4,0,2,38,0,0,40,104.95
50,24,0,1,0,80.89599758386612,4,4,0,2,38,0,0,40,104.95
50,24,0,2,0,9.216000325977802,4,4,0,2,38,0,0,40,104.95
50,24,0,3,0,4.095999989658594,4,4,0,2,38,0,0,40,104.95
50,40,0,0,1,10.239999741315842,4,4,0,0,40,0,0,40,3.78
50,40,0,1,1,94.2080020904541,4,4,0,0,40,0,0,40,3.78
50,40,0,2,1,9.216000325977802,4,4,0,0,40,0,0,40,3.78
50,40,0,3,1,4.095999989658594,4,4,0,0,40,0,0,40,3.78
51,2,0,0,0,9.216000325977802,4,4,0,0,40,0,0,40,2.98
51,2,0,1,0,83.96799862384796,4,4,0,0,40,0,0,40,2.98
51,2,0,2,0,9.216000325977802,4,4,0,0,40,0,0,40,2.98
51,2,0,3,0,7.168000098317862,4,4,0,0,40,0,0,40,2.98
51,24,0,0,0,7.168000098317862,4,4,0,1,39,0,0,40,54.13
51,24,0,1,0,61.43999844789505,4,4,0,1,39,0,0,40,54.13
51,24,0,2,0,9.216000325977802,4,4,0,1,39,0,0,40,54.13
51,24,0,3,0,4.095999989658594,4,4,0,1,39,0,0,40,54.13
51,40,0,0,1,8.191999979317188,4,4,0,0,40,0,0,40,2.5
51,40,0,1,1,73.72800260782242,4,4,0,0,40,0,0,40,2.5
51,40,0,2,1,8.191999979317188,4,4,0,0,40,0,0,40,2.5
51,40,0,3,1,4.095999989658594,4,4,0,0,40,0,0,40,2.5
52,2,0,0,0,18.432000651955605,2,2,0,1,19,0,0,20,55.05
52,2,0,1,0,51.19999870657921,2,2,0,1,19,0,0,20,55.05
52,2,0,2,0,9.216000325977802,2,2,0,1,19,0,0,20,55.05
52,2,0,3,0,7.168000098317862,2,2,0,1,19,0,0,20,55.05
52,24,0,0,0,8.191999979317188,2,2,0,0,20,0,0,20,1.0
52,24,0,1,0,49.15200173854828,2,2,0,0,20,0,0,20,1.0
52,24,0,2,0,9.216000325977802,2,2,0,0,20,0,0,20,1.0
52,24,0,3,0,5.119999870657921,2,2,0,0,20,0,0,20,1.0
52,40,0,0,1,10.239999741315842,2,2,0,0,20,0,0,20,0.911
52,40,0,1,1,41.98399931192398,2,2,0,0,20,0,0,20,0.911
52,40,0,2,1,9.216000325977802,2,2,0,0,20,0,0,20,0.911
52,40,0,3,1,4.095999989658594,2,2,0,0,20,0,0,20,0.911
53,2,0,0,0,15.359999611973763,4,4,0,0,40,0,0,40,2.96
53,2,0,1,0,71.68000191450119,4,4,0,0,40,0,0,40,2.96
53,2,0,2,0,9.216000325977802,4,4,0,0,40,0,0,40,2.96
53,2,0,3,0,6.144000217318535,4,4,0,0,40,0,0,40,2.96
53,24,0,0,0,8.191999979317188,4,4,0,0,40,0,0,40,1.96
53,24,0,1,0,73.72800260782242,4,4,0,0,40,0,0,40,1.96
53,24,0,2,0,9.216000325977802,4,4,0,0,40,0,0,40,1.96
53,24,0,3,0,4.095999989658594,4,4,0,0,40,0,0,40,1.96
53,40,0,0,1,9.216000325977802,4,4,0,0,40,0,0,40,2.031
53,40,0,1,1,79.8719972372055,4,4,0,0,40,0,0,40,2.031
53,40,0,2,1,9.216000325977802,4,4,0,0,40,0,0,40,2.031
53,40,0,3,1,4.095999989658594,4,4,0,0,40,0,0,40,2.031
54,2,0,0,0,9.216000325977802,2,2,0,1,19,0,0,20,58.61
54,2,0,1,0,41.98399931192398,2,2,0,1,19,0,0,20,58.61
54,2,0,2,0,8.191999979317188,2,2,0,1,19,0,0,20,58.61
54,2,0,3,0,5.119999870657921,2,2,0,1,19,0,0,20,58.61
54,24,0,0,0,8.191999979317188,2,2,0,0,20,0,0,20,1.68
54,24,0,1,0,48.128001391887665,2,2,0,0,20,0,0,20,1.68
54,24,0,2,0,8.191999979317188,2,2,0,0,20,0,0,20,1.68
54,24,0,3,0,4.095999989658594,2,2,0,0,20,0,0,20,1.68
54,40,0,0,1,8.191999979317188,2,2,0,0,20,0,0,20,1.311
54,40,0,1,1,44.03200000524521,2,2,0,0,20,0,0,20,1.311
54,40,0,2,1,9.216000325977802,2,2,0,0,20,0,0,20,1.311
54,40,0,3,1,4.095999989658594,2,2,0,0,20,0,0,20,1.311
55,2,0,0,0,9.216000325977802,4,4,0,0,40,0,0,40,2.689
55,2,0,1,0,78.84799689054489,4,4,0,0,40,0,0,40,2.689
55,2,0,2,0,9.216000325977802,4,4,0,0,40,0,0,40,2.689
55,2,0,3,0,5.119999870657921,4,4,0,0,40,0,0,40,2.689
55,24,0,0,0,8.191999979317188,4,4,0,0,40,0,0,40,2.48
55,24,0,1,0,69.63200122117996,4,4,0,0,40,0,0,40,2.48
55,24,0,2,0,9.216000325977802,4,4,0,0,40,0,0,40,2.48
55,24,0,3,0,4.095999989658594,4,4,0,0,40,0,0,40,2.48
55,40,0,0,1,10.239999741315842,4,4,0,0,40,0,0,40,2.2
55,40,0,1,1,86.01599931716919,4,4,0,0,40,0,0,40,2.2
55,40,0,2,1,9.216000325977802,4,4,0,0,40,0,0,40,2.2
55,40,0,3,1,4.095999989658594,4,4,0,0,40,0,0,40,2.2
56,2,0,0,0,9.216000325977802,3,3,0,0,30,0,0,30,2.3
56,2,0,1,0,64.51199948787689,3,3,0,0,30,0,0,30,2.3
56,2,0,2,0,9.216000325977802,3,3,0,0,30,0,0,30,2.3
56,2,0,3,0,6.144000217318535,3,3,0,0,30,0,0,30,2.3
56,24,0,0,0,8.191999979317188,3,3,0,0,30,0,0,30,1.71
56,24,0,1,0,58.36800113320351,3,3,0,0,30,0,0,30,1.71
56,24,0,2,0,9.216000325977802,3,3,0,0,30,0,0,30,1.71
56,24,0,3,0,3.0720001086592674,3,3,0,0,30,0,0,30,1.71
56,40,0,0,1,9.216000325977802,3,3,0,0,30,0,0,30,1.27
56,40,0,1,1,65.5359998345375,3,3,0,0,30,0,0,30,1.27
56,40,0,2,1,9.216000325977802,3,3,0,0,30,0,0,30,1.27
56,40,0,3,1,5.119999870657921,3,3,0,0,30,0,0,30,1.27
57,2,0,0,0,9.216000325977802,1,1,0,0,10,0,0,10,1.0
57,2,0,1,0,32.76799991726875,1,1,0,0,10,0,0,10,1.0
57,2,0,2,0,9.216000325977802,1,1,0,0,10,0,0,10,1.0
57,2,0,3,0,4.095999989658594,1,1,0,0,10,0,0,10,1.0
57,24,0,0,0,8.191999979317188,1,1,0,0,10,0,0,10,0.43
57,24,0,1,0,31.74399957060814,1,1,0,0,10,0,0,10,0.43
57,24,0,2,0,8.191999979317188,1,1,0,0,10,0,0,10,0.43
57,24,0,3,0,4.095999989658594,1,1,0,0,10,0,0,10,0.43
57,40,0,0,1,8.191999979317188,1,1,0,0,10,0,0,10,0.83
57,40,0,1,1,35.840000957250595,1,1,0,0,10,0,0,10,0.83
57,40,0,2,1,9.216000325977802,1,1,0,0,10,0,0,10,0.83
57,40,0,3,1,4.095999989658594,1,1,0,0,10,0,0,10,0.83
58,2,0,0,0,8.191999979317188,1,1,0,0,10,0,0,10,0.48
58,2,0,1,0,32.76799991726875,1,1,0,0,10,0,0,10,0.48
58,2,0,2,0,9.216000325977802,1,1,0,0,10,0,0,10,0.48
58,2,0,3,0,5.119999870657921,1,1,0,0,10,0,0,10,0.48
58,24,0,0,0,9.216000325977802,1,1,0,0,10,0,0,10,0.83
58,24,0,1,0,32.76799991726875,1,1,0,0,10,0,0,10,0.83
58,24,0,2,0,9.216000325977802,1,1,0,0,10,0,0,10,0.83
58,24,0,3,0,4.095999989658594,1,1,0,0,10,0,0,10,0.83
58,40,0,0,1,9.216000325977802,1,1,0,0,10,0,0,10,0.74
58,40,0,1,1,34.81600061058998,1,1,0,0,10,0,0,10,0.74
58,40,0,2,1,9.216000325977802,1,1,0,0,10,0,0,10,0.74
58,40,0,3,1,4.095999989658594,1,1,0,0,10,0,0,10,0.74
59,2,0,0,0,49.15200173854828,4,4,0,1,39,0,0,40,50.909
59,2,0,1,0,88.06400001049042,4,4,0,1,39,0,0,40,50.909
59,2,0,2,0,9.216000325977802,4,4,0,1,39,0,0,40,50.909
59,2,0,3,0,5.119999870657921,4,4,0,1,39,0,0,40,50.909
59,24,0,0,0,8.191999979317188,4,4,0,0,40,0,0,40,2.57
59,24,0,1,0,68.60800087451935,4,4,0,0,40,0,0,40,2.57
59,24,0,2,0,9.216000325977802,4,4,0,0,40,0,0,40,2.57
59,24,0,3,0,4.095999989658594,4,4,0,0,40,0,0,40,2.57
59,40,0,0,1,98.30400347709656,4,4,0,0,40,0,0,40,2.11
59,40,0,1,1,63.48799914121628,4,4,0,0,40,0,0,40,2.11
59,40,0,2,1,8.191999979317188,4,4,0,0,40,0,0,40,2.11
59,40,0,3,1,5.119999870657921,4,4,0,0,40,0,0,40,2.11
60,2,0,0,0,24.57600086927414,4,4,0,0,40,0,0,40,2.349
60,2,0,1,0,79.8719972372055,4,4,0,0,40,0,0,40,2.349
60,2,0,2,0,9.216000325977802,4,4,0,0,40,0,0,40,2.349
60,2,0,3,0,5.119999870657921,4,4,0,0,40,0,0,40,2.349
60,24,0,0,0,8.191999979317188,4,4,0,0,40,0,0,40,1.98
60,24,0,1,0,61.43999844789505,4,4,0,0,40,0,0,40,1.98
60,24,0,2,0,9.216000325977802,4,4,0,0,40,0,0,40,1.98
60,24,0,3,0,4.095999989658594,4,4,0,0,40,0,0,40,1.98
60,40,0,0,1,9.216000325977802,4,4,0,0,40,0,0,40,1.68
60,40,0,1,1,60.416001826524734,4,4,0,0,40,0,0,40,1.68
60,40,0,2,1,10.239999741315842,4,4,0,0,40,0,0,40,1.68
60,40,0,3,1,4.095999989658594,4,4,0,0,40,0,0,40,1.68
61,2,0,0,0,9.216000325977802,2,2,0,0,20,0,0,20,1.8
61,2,0,1,0,46.08000069856644,2,2,0,0,20,0,0,20,1.8
61,2,0,2,0,8.191999979317188,2,2,0,0,20,0,0,20,1.8
61,2,0,3,0,5.119999870657921,2,2,0,0,20,0,0,20,1.8
61,24,0,0,0,7.168000098317862,2,2,0,0,20,0,0,20,1.191
61,24,0,1,0,48.128001391887665,2,2,0,0,20,0,0,20,1.191
61,24,0,2,0,9.216000325977802,2,2,0,0,20,0,0,20,1.191
61,24,0,3,0,4.095999989658594,2,2,0,0,20,0,0,20,1.191
61,40,0,0,1,9.216000325977802,2,2,0,0,20,0,0,20,1.6
61,40,0,1,1,55.296000093221664,2,2,0,0,20,0,0,20,1.6
61,40,0,2,1,10.239999741315842,2,2,0,0,20,0,0,20,1.6
61,40,0,3,1,4.095999989658594,2,2,0,0,20,0,0,20,1.6
62,2,0,0,0,8.191999979317188,4,4,0,1,39,0,0,40,53.57
62,2,0,1,0,72.7040022611618,4,4,0,1,39,0,0,40,53.57
62,2,0,2,0,9.216000325977802,4,4,0,1,39,0,0,40,53.57
62,2,0,3,0,5.119999870657921,4,4,0,1,39,0,0,40,53.57
62,24,0,0,0,7.168000098317862,4,4,0,0,40,0,0,40,2.24
62,24,0,1,0,80.89599758386612,4,4,0,0,40,0,0,40,2.24
62,24,0,2,0,9.216000325977802,4,4,0,0,40,0,0,40,2.24
62,24,0,3,0,4.095999989658594,4,4,0,0,40,0,0,40,2.24
62,40,0,0,1,8.191999979317188,4,4,0,0,40,0,0,40,2.01
62,40,0,1,1,90.11200070381165,4,4,0,0,40,0,0,40,2.01
62,40,0,2,1,9.216000325977802,4,4,0,0,40,0,0,40,2.01
62,40,0,3,1,4.095999989658594,4,4,0,0,40,0,0,40,2.01
63,2,0,0,0,8.191999979317188,4,4,0,1,39,0,0,40,60.42
63,2,0,1,0,90.11200070381165,4,4,0,1,39,0,0,40,60.42
63,2,0,2,0,9.216000325977802,4,4,0,1,39,0,0,40,60.42
63,2,0,3,0,5.119999870657921,4,4,0,1,39,0,0,40,60.42
63,24,0,0,0,14.336000196635723,4,4,0,0,40,0,0,40,1.709
63,24,0,1,0,83.96799862384796,4,4,0,0,40,0,0,40,1.709
63,24,0,2,0,13.311999849975109,4,4,0,0,40,0,0,40,1.709
63,24,0,3,0,4.095999989658594,4,4,0,0,40,0,0,40,1.709
63,40,0,0,1,15.359999611973763,4,4,0,1,39,0,0,40,60.16
63,40,0,1,1,89.08800035715103,4,4,0,1,39,0,0,40,60.16
63,40,0,2,1,8.191999979317188,4,4,0,1,39,0,0,40,60.16
63,40,0,3,1,4.095999989658594,4,4,0,1,39,0,0,40,60.16
64,2,0,0,0,9.216000325977802,2,2,0,0,20,0,0,20,1.331
64,2,0,1,0,52.22399905323982,2,2,0,0,20,0,0,20,1.331
64,2,0,2,0,8.191999979317188,2,2,0,0,20,0,0,20,1.331
64,2,0,3,0,4.095999989658594,2,2,0,0,20,0,0,20,1.331
64,24,0,0,0,8.191999979317188,2,2,0,0,20,0,0,20,0.66
64,24,0,1,0,47.10400104522705,2,2,0,0,20,0,0,20,0.66
64,24,0,2,0,9.216000325977802,2,2,0,0,20,0,0,20,0.66
64,24,0,3,0,4.095999989658594,2,2,0,0,20,0,0,20,0.66
64,40,0,0,1,8.191999979317188,2,2,0,0,20,0,0,20,0.74
64,40,0,1,1,46.08000069856644,2,2,0,0,20,0,0,20,0.74
64,40,0,2,1,10.239999741315842,2,2,0,0,20,0,0,20,0.74
64,40,0,3,1,4.095999989658594,2,2,0,0,20,0,0,20,0.74
65,2,0,0,0,8.191999979317188,4,4,0,0,40,0,0,40,1.85
65,2,0,1,0,70.65600156784058,4,4,0,0,40,0,0,40,1.85
65,2,0,2,0,9.216000325977802,4,4,0,0,40,0,0,40,1.85
65,2,0,3,0,5.119999870657921,4,4,0,0,40,0,0,40,1.85
65,24,0,0,0,8.191999979317188,4,4,0,0,40,0,0,40,2.05
65,24,0,1,0,60.416001826524734,4,4,0,0,40,0,0,40,2.05
65,24,0,2,0,8.191999979317188,4,4,0,0,40,0,0,40,2.05
65,24,0,3,0,4.095999989658594,4,4,0,0,40,0,0,40,2.05
65,40,0,0,1,9.216000325977802,4,4,0,0,40,0,0,40,1.46
65,40,0,1,1,73.72800260782242,4,4,0,0,40,0,0,40,1.46
65,40,0,2,1,8.191999979317188,4,4,0,0,40,0,0,40,1.46
65,40,0,3,1,4.095999989658594,4,4,0,0,40,0,0,40,1.46
66,2,0,0,0,9.216000325977802,4,4,0,0,40,0,0,40,1.61
66,2,0,1,0,89.08800035715103,4,4,0,0,40,0,0,40,1.61
66,2,0,2,0,9.216000325977802,4,4,0,0,40,0,0,40,1.61
66,2,0,3,0,5.119999870657921,4,4,0,0,40,0,0,40,1.61
66,24,0,0,0,8.191999979317188,4,4,0,0,40,0,0,40,1.4
66,24,0,1,0,71.68000191450119,4,4,0,0,40,0,0,40,1.4
66,24,0,2,0,9.216000325977802,4,4,0,0,40,0,0,40,1.4
66,24,0,3,0,4.095999989658594,4,4,0,0,40,0,0,40,1.4
66,40,0,0,1,9.216000325977802,4,4,0,0,40,0,0,40,1.5
66,40,0,1,1,71.68000191450119,4,4,0,0,40,0,0,40,1.5
66,40,0,2,1,8.191999979317188,4,4,0,0,40,0,0,40,1.5
66,40,0,3,1,4.095999989658594,4,4,0,0,40,0,0,40,1.5
67,2,0,0,0,8.191999979317188,1,1,0,0,10,0,0,10,0.411
67,2,0,1,0,32.76799991726875,1,1,0,0,10,0,0,10,0.411
67,2,0,2,0,9.216000325977802,1,1,0,0,10,0,0,10,0.411
67,2,0,3,0,5.119999870657921,1,1,0,0,10,0,0,10,0.411
67,24,0,0,0,8.191999979317188,1,1,0,0,10,0,0,10,0.289
67,24,0,1,0,31.74399957060814,1,1,0,0,10,0,0,10,0.289
67,24,0,2,0,9.216000325977802,1,1,0,0,10,0,0,10,0.289
67,24,0,3,0,4.095999989658594,1,1,0,0,10,0,0,10,0.289
67,40,0,0,1,9.216000325977802,1,1,0,0,10,0,0,10,0.38
67,40,0,1,1,35.840000957250595,1,1,0,0,10,0,0,10,0.38
67,40,0,2,1,9.216000325977802,1,1,0,0,10,0,0,10,0.38
67,40,0,3,1,4.095999989658594,1,1,0,0,10,0,0,10,0.38
68,2,0,0,0,8.191999979317188,2,2,0,0,20,0,0,20,0.97
68,2,0,1,0,43.007999658584595,2,2,0,0,20,0,0,20,0.97
68,2,0,2,0,8.191999979317188,2,2,0,0,20,0,0,20,0.97
68,2,0,3,0,6.144000217318535,2,2,0,0,20,0,0,20,0.97
68,24,0,0,0,8.191999979317188,2,2,0,0,20,0,0,20,0.66
68,24,0,1,0,51.19999870657921,2,2,0,0,20,0,0,20,0.66
68,24,0,2,0,8.191999979317188,2,2,0,0,20,0,0,20,0.66
68,24,0,3,0,3.0720001086592674,2,2,0,0,20,0,0,20,0.66
68,40,0,0,1,15.359999611973763,2,2,0,0,20,0,0,20,0.66
68,40,0,1,1,38.91199827194214,2,2,0,0,20,0,0,20,0.66
68,40,0,2,1,9.216000325977802,2,2,0,0,20,0,0,20,0.66
68,40,0,3,1,4.095999989658594,2,2,0,0,20,0,0,20,0.66
69,2,0,0,0,9.216000325977802,4,4,0,0,40,0,0,40,2.04
69,2,0,1,0,86.01599931716919,4,4,0,0,40,0,0,40,2.04
69,2,0,2,0,9.216000325977802,4,4,0,0,40,0,0,40,2.04
69,2,0,3,0,5.119999870657921,4,4,0,0,40,0,0,40,2.04
69,24,0,0,0,7.168000098317862,4,4,0,0,40,0,0,40,1.631
69,24,0,1,0,75.77600330114365,4,4,0,0,40,0,0,40,1.631
69,24,0,2,0,9.216000325977802,4,4,0,0,40,0,0,40,1.631
69,24,0,3,0,4.095999989658594,4,4,0,0,40,0,0,40,1.631
69,40,0,0,1,8.191999979317188,4,4,0,0,40,0,0,40,1.26
69,40,0,1,1,69.63200122117996,4,4,0,0,40,0,0,40,1.26
69,40,0,2,1,8.191999979317188,4,4,0,0,40,0,0,40,1.26
69,40,0,3,1,4.095999989658594,4,4,0,0,40,0,0,40,1.26
70,2,0,0,0,10.239999741315842,4,4,0,0,40,0,0,40,1.74
70,2,0,1,0,79.8719972372055,4,4,0,0,40,0,0,40,1.74
70,2,0,2,0,9.216000325977802,4,4,0,0,40,0,0,40,1.74
70,2,0,3,0,6.144000217318535,4,4,0,0,40,0,0,40,1.74
70,24,0,0,0,7.168000098317862,4,4,0,1,39,0,0,40,52.72
70,24,0,1,0,80.89599758386612,4,4,0,1,39,0,0,40,52.72
70,24,0,2,0,9.216000325977802,4,4,0,1,39,0,0,40,52.72
70,24,0,3,0,4.095999989658594,4,4,0,1,39,0,0,40,52.72
70,40,0,0,1,9.216000325977802,4,4,0,1,39,0,0,40,61.69
70,40,0,1,1,78.84799689054489,4,4,0,1,39,0,0,40,61.69
70,40,0,2,1,8.191999979317188,4,4,0,1,39,0,0,40,61.69
70,40,0,3,1,4.095999989658594,4,4,0,1,39,0,0,40,61.69
71,2,0,0,0,8.191999979317188,4,4,0,0,40,0,0,40,1.489
71,2,0,1,0,84.99199897050858,4,4,0,0,40,0,0,40,1.489
71,2,0,2,0,9.216000325977802,4,4,0,0,40,0,0,40,1.489
71,2,0,3,0,5.119999870657921,4,4,0,0,40,0,0,40,1.489
71,24,0,0,0,8.191999979317188,4,4,0,0,40,0,0,40,1.7
71,24,0,1,0,78.84799689054489,4,4,0,0,40,0,0,40,1.7
71,24,0,2,0,9.216000325977802,4,4,0,0,40,0,0,40,1.7
71,24,0,3,0,4.095999989658594,4,4,0,0,40,0,0,40,1.7
71,40,0,0,1,9.216000325977802,4,4,0,1,39,0,0,40,47.12
71,40,0,1,1,64.51199948787689,4,4,0,1,39,0,0,40,47.12
71,40,0,2,1,8.191999979317188,4,4,0,1,39,0,0,40,47.12
71,40,0,3,1,5.119999870657921,4,4,0,1,39,0,0,40,47.12
72,2,0,0,0,9.216000325977802,4,4,0,1,39,0,0,40,54.091
72,2,0,1,0,82.94399827718735,4,4,0,1,39,0,0,40,54.091
72,2,0,2,0,9.216000325977802,4,4,0,1,39,0,0,40,54.091
72,2,0,3,0,5.119999870657921,4,4,0,1,39,0,0,40,54.091
72,24,0,0,0,8.191999979317188,4,4,0,0,40,0,0,40,1.51
72,24,0,1,0,83.96799862384796,4,4,0,0,40,0,0,40,1.51
72,24,0,2,0,8.191999979317188,4,4,0,0,40,0,0,40,1.51
72,24,0,3,0,4.095999989658594,4,4,0,0,40,0,0,40,1.51
72,40,0,0,1,8.191999979317188,4,4,0,0,40,0,0,40,1.63
72,40,0,1,1,65.5359998345375,4,4,0,0,40,0,0,40,1.63
72,40,0,2,1,9.216000325977802,4,4,0,0,40,0,0,40,1.63
72,40,0,3,1,4.095999989658594,4,4,0,0,40,0,0,40,1.63
73,2,0,0,0,9.216000325977802,4,4,0,1,39,0,0,40,98.749
73,2,0,1,0,82.94399827718735,4,4,0,1,39,0,0,40,98.749
73,2,0,2,0,9.216000325977802,4,4,0,1,39,0,0,40,98.749
73,2,0,3,0,5.119999870657921,4,4,0,1,39,0,0,40,98.749
73,24,0,0,0,8.191999979317188,4,4,0,0,40,0,0,40,1.41
73,24,0,1,0,82.94399827718735,4,4,0,0,40,0,0,40,1.41
73,24,0,2,0,9.216000325977802,4,4,0,0,40,0,0,40,1.41
73,24,0,3,0,4.095999989658594,4,4,0,0,40,0,0,40,1.41
73,40,0,0,1,9.216000325977802,4,4,0,0,40,0,0,40,1.24
73,40,0,1,1,89.08800035715103,4,4,0,0,40,0,0,40,1.24
73,40,0,2,1,9.216000325977802,4,4,0,0,40,0,0,40,1.24
73,40,0,3,1,3.0720001086592674,4,4,0,0,40,0,0,40,1.24
74,2,0,0,0,8.191999979317188,4,4,0,3,37,0,0,40,114.179
74,2,0,1,0,79.8719972372055,4,4,0,3,37,0,0,40,114.179
74,2,0,2,0,10.239999741315842,4,4,0,3,37,0,0,40,114.179
74,2,0,3,0,12.28800043463707,4,4,0,3,37,0,0,40,114.179
74,24,0,0,0,8.191999979317188,4,4,0,0,40,0,0,40,1.44
74,24,0,1,0,71.68000191450119,4,4,0,0,40,0,0,40,1.44
74,24,0,2,0,9.216000325977802,4,4,0,0,40,0,0,40,1.44
74,24,0,3,0,4.095999989658594,4,4,0,0,40,0,0,40,1.44
74,40,0,0,1,9.216000325977802,4,4,0,0,40,0,0,40,1.48
74,40,0,1,1,91.13600105047226,4,4,0,0,40,0,0,40,1.48
74,40,0,2,1,9.216000325977802,4,4,0,0,40,0,0,40,1.48
74,40,0,3,1,4.095999989658594,4,4,0,0,40,0,0,40,1.48
75,2,0,0,0,9.216000325977802,4,4,0,0,40,0,0,40,1.81
75,2,0,1,0,73.72800260782242,4,4,0,0,40,0,0,40,1.81
75,2,0,2,0,8.191999979317188,4,4,0,0,40,0,0,40,1.81
75,2,0,3,0,6.144000217318535,4,4,0,0,40,0,0,40,1.81
75,24,0,0,0,9.216000325977802,4,4,0,0,40,0,0,40,1.6
75,24,0,1,0,56.32000043988228,4,4,0,0,40,0,0,40,1.6
75,24,0,2,0,8.191999979317188,4,4,0,0,40,0,0,40,1.6
75,24,0,3,0,4.095999989658594,4,4,0,0,40,0,0,40,1.6
75,40,0,0,1,8.191999979317188,4,4,0,0,40,0,0,40,1.52
75,40,0,1,1,62.463998794555664,4,4,0,0,40,0,0,40,1.52
75,40,0,2,1,9.216000325977802,4,4,0,0,40,0,0,40,1.52
75,40,0,3,1,4.095999989658594,4,4,0,0,40,0,0,40,1.52
76,2,0,0,0,8.191999979317188,2,2,0,0,20,0,0,20,1.22
76,2,0,1,0,47.10400104522705,2,2,0,0,20,0,0,20,1.22
76,2,0,2,0,9.216000325977802,2,2,0,0,20,0,0,20,1.22
76,2,0,3,0,5.119999870657921,2,2,0,0,20,0,0,20,1.22
76,24,0,0,0,7.168000098317862,2,2,0,0,20,0,0,20,0.61
76,24,0,1,0,47.10400104522705,2,2,0,0,20,0,0,20,0.61
76,24,0,2,0,8.191999979317188,2,2,0,0,20,0,0,20,0.61
76,24,0,3,0,4.095999989658594,2,2,0,0,20,0,0,20,0.61
76,40,0,0,1,9.216000325977802,2,2,0,0,20,0,0,20,0.63
76,40,0,1,1,38.91199827194214,2,2,0,0,20,0,0,20,0.63
76,40,0,2,1,9.216000325977802,2,2,0,0,20,0,0,20,0.63
76,40,0,3,1,4.095999989658594,2,2,0,0,20,0,0,20,0.63
77,2,0,0,0,9.216000325977802,1,1,0,0,10,0,0,10,0.3
77,2,0,1,0,31.74399957060814,1,1,0,0,10,0,0,10,0.3
77,2,0,2,0,8.191999979317188,1,1,0,0,10,0,0,10,0.3
77,2,0,3,0,4.095999989658594,1,1,0,0,10,0,0,10,0.3
77,24,0,0,0,8.191999979317188,1,1,0,0,10,0,0,10,0.89
77,24,0,1,0,32.76799991726875,1,1,0,0,10,0,0,10,0.89
77,24,0,2,0,8.191999979317188,1,1,0,0,10,0,0,10,0.89
77,24,0,3,0,4.095999989658594,1,1,0,0,10,0,0,10,0.89
77,40,0,0,1,9.216000325977802,1,1,0,0,10,0,0,10,0.929
77,40,0,1,1,35.840000957250595,1,1,0,0,10,0,0,10,0.929
77,40,0,2,1,8.191999979317188,1,1,0,0,10,0,0,10,0.929
77,40,0,3,1,5.119999870657921,1,1,0,0,10,0,0,10,0.929
78,2,0,0,0,9.216000325977802,2,2,0,1,19,0,0,20,47.529
78,2,0,1,0,49.15200173854828,2,2,0,1,19,0,0,20,47.529
78,2,0,2,0,9.216000325977802,2,2,0,1,19,0,0,20,47.529
78,2,0,3,0,8.191999979317188,2,2,0,1,19,0,0,20,47.529
78,24,0,0,0,9.216000325977802,2,2,0,1,19,0,0,20,46.94
78,24,0,1,0,50.175998359918594,2,2,0,1,19,0,0,20,46.94
78,24,0,2,0,9.216000325977802,2,2,0,1,19,0,0,20,46.94
78,24,0,3,0,4.095999989658594,2,2,0,1,19,0,0,20,46.94
78,40,0,0,1,9.216000325977802,2,2,0,1,19,0,0,20,52.47
78,40,0,1,1,41.98399931192398,2,2,0,1,19,0,0,20,52.47
78,40,0,2,1,9.216000325977802,2,2,0,1,19,0,0,20,52.47
78,40,0,3,1,4.095999989658594,2,2,0,1,19,0,0,20,52.47
79,2,0,0,0,9.216000325977802,2,2,0,0,20,0,0,20,1.23
79,2,0,1,0,46.08000069856644,2,2,0,0,20,0,0,20,1.23
79,2,0,2,0,9.216000325977802,2,2,0,0,20,0,0,20,1.23
79,2,0,3,0,7.168000098317862,2,2,0,0,20,0,0,20,1.23
79,24,0,0,0,9.216000325977802,2,2,0,0,20,0,0,20,1.24
79,24,0,1,0,53.247999399900436,2,2,0,0,20,0,0,20,1.24
79,24,0,2,0,8.191999979317188,2,2,0,0,20,0,0,20,1.24
79,24,0,3,0,4.095999989658594,2,2,0,0,20,0,0,20,1.24
79,40,0,0,1,9.216000325977802,2,2,0,2,18,0,0,20,49.56
79,40,0,1,1,41.98399931192398,2,2,0,2,18,0,0,20,49.56
79,40,0,2,1,9.216000325977802,2,2,0,2,18,0,0,20,49.56
79,40,0,3,1,5.119999870657921,2,2,0,2,18,0,0,20,49.56
80,2,0,0,0,8.191999979317188,4,4,0,0,40,0,0,40,3.791
80,2,0,1,0,74.75200295448303,4,4,0,0,40,0,0,40,3.791
80,2,0,2,0,9.216000325977802,4,4,0,0,40,0,0,40,3.791
80,2,0,3,0,6.144000217318535,4,4,0,0,40,0,0,40,3.791
80,24,0,0,0,8.191999979317188,4,4,0,5,35,0,0,40,97.469
80,24,0,1,0,55.296000093221664,4,4,0,5,35,0,0,40,97.469
80,24,0,2,0,10.239999741315842,4,4,0,5,35,0,0,40,97.469
80,24,0,3,0,20.479999482631683,4,4,0,5,35,0,0,40,97.469
80,40,0,0,1,7.168000098317862,4,4,0,2,38,0,0,40,120.6
80,40,0,1,1,86.01599931716919,4,4,0,2,38,0,0,40,120.6
80,40,0,2,1,9.216000325977802,4,4,0,2,38,0,0,40,120.6
80,40,0,3,1,12.28800043463707,4,4,0,2,38,0,0,40,120.6
81,2,0,0,0,9.216000325977802,2,2,0,0,20,0,0,20,1.64
81,2,0,1,0,51.19999870657921,2,2,0,0,20,0,0,20,1.64
81,2,0,2,0,8.191999979317188,2,2,0,0,20,0,0,20,1.64
81,2,0,3,0,5.119999870657921,2,2,0,0,20,0,0,20,1.64
81,24,0,0,0,8.191999979317188,2,2,0,0,20,0,0,20,1.271
81,24,0,1,0,51.19999870657921,2,2,0,0,20,0,0,20,1.271
81,24,0,2,0,9.216000325977802,2,2,0,0,20,0,0,20,1.271
81,24,0,3,0,4.095999989658594,2,2,0,0,20,0,0,20,1.271
81,40,0,0,1,10.239999741315842,2,2,0,0,20,0,0,20,0.74
81,40,0,1,1,43.007999658584595,2,2,0,0,20,0,0,20,0.74
81,40,0,2,1,9.216000325977802,2,2,0,0,20,0,0,20,0.74
81,40,0,3,1,4.095999989658594,2,2,0,0,20,0,0,20,0.74
82,2,0,0,0,9.216000325977802,4,4,0,0,40,0,0,40,2.02
82,2,0,1,0,72.7040022611618,4,4,0,0,40,0,0,40,2.02
82,2,0,2,0,8.191999979317188,4,4,0,0,40,0,0,40,2.02
82,2,0,3,0,5.119999870657921,4,4,0,0,40,0,0,40,2.02
82,24,0,0,0,8.191999979317188,4,4,0,0,40,0,0,40,1.69
82,24,0,1,0,67.58400052785873,4,4,0,0,40,0,0,40,1.69
82,24,0,2,0,9.216000325977802,4,4,0,0,40,0,0,40,1.69
82,24,0,3,0,4.095999989658594,4,4,0,0,40,0,0,40,1.69
82,40,0,0,1,9.216000325977802,4,4,0,0,40,0,0,40,1.48
82,40,0,1,1,58.36800113320351,4,4,0,0,40,0,0,40,1.48
82,40,0,2,1,9.216000325977802,4,4,0,0,40,0,0,40,1.48
82,40,0,3,1,4.095999989658594,4,4,0,0,40,0,0,40,1.48
83,2,0,0,0,9.216000325977802,4,4,0,0,40,0,0,40,2.01
83,2,0,1,0,82.94399827718735,4,4,0,0,40,0,0,40,2.01
83,2,0,2,0,9.216000325977802,4,4,0,0,40,0,0,40,2.01
83,2,0,3,0,5.119999870657921,4,4,0,0,40,0,0,40,2.01
83,24,0,0,0,8.191999979317188,4,4,0,0,40,0,0,40,1.871
83,24,0,1,0,65.5359998345375,4,4,0,0,40,0,0,40,1.871
83,24,0,2,0,8.191999979317188,4,4,0,0,40,0,0,40,1.871
83,24,0,3,0,4.095999989658594,4,4,0,0,40,0,0,40,1.871
83,40,0,0,1,8.191999979317188,4,4,0,0,40,0,0,40,1.36
83,40,0,1,1,58.36800113320351,4,4,0,0,40,0,0,40,1.36
83,40,0,2,1,9.216000325977802,4,4,0,0,40,0,0,40,1.36
83,40,0,3,1,4.095999989658594,4,4,0,0,40,0,0,40,1.36
84,2,0,0,0,9.216000325977802,2,2,0,0,20,0,0,20,0.85
84,2,0,1,0,53.247999399900436,2,2,0,0,20,0,0,20,0.85
84,2,0,2,0,8.191999979317188,2,2,0,0,20,0,0,20,0.85
84,2,0,3,0,5.119999870657921,2,2,0,0,20,0,0,20,0.85
84,24,0,0,0,7.168000098317862,2,2,0,0,20,0,0,20,0.62
84,24,0,1,0,58.36800113320351,2,2,0,0,20,0,0,20,0.62
84,24,0,2,0,9.216000325977802,2,2,0,0,20,0,0,20,0.62
84,24,0,3,0,4.095999989658594,2,2,0,0,20,0,0,20,0.62
84,40,0,0,1,17.40800030529499,2,2,0,0,20,0,0,20,0.711
84,40,0,1,1,52.22399905323982,2,2,0,0,20,0,0,20,0.711
84,40,0,2,1,9.216000325977802,2,2,0,0,20,0,0,20,0.711
84,40,0,3,1,4.095999989658594,2,2,0,0,20,0,0,20,0.711
85,2,0,0,0,9.216000325977802,2,2,0,0,20,0,0,20,0.831
85,2,0,1,0,41.98399931192398,2,2,0,0,20,0,0,20,0.831
85,2,0,2,0,9.216000325977802,2,2,0,0,20,0,0,20,0.831
85,2,0,3,0,4.095999989658594,2,2,0,0,20,0,0,20,0.831
85,24,0,0,0,8.191999979317188,2,2,0,0,20,0,0,20,0.58
85,24,0,1,0,51.19999870657921,2,2,0,0,20,0,0,20,0.58
85,24,0,2,0,9.216000325977802,2,2,0,0,20,0,0,20,0.58
85,24,0,3,0,4.095999989658594,2,2,0,0,20,0,0,20,0.58
85,40,0,0,1,9.216000325977802,2,2,0,0,20,0,0,20,1.08
85,40,0,1,1,51.19999870657921,2,2,0,0,20,0,0,20,1.08
85,40,0,2,1,9.216000325977802,2,2,0,0,20,0,0,20,1.08
85,40,0,3,1,4.095999989658594,2,2,0,0,20,0,0,20,1.08
86,2,0,0,0,16.383999958634377,4,4,0,0,40,0,0,40,2.11
86,2,0,1,0,75.77600330114365,4,4,0,0,40,0,0,40,2.11
86,2,0,2,0,8.191999979317188,4,4,0,0,40,0,0,40,2.11
86,2,0,3,0,8.191999979317188,4,4,0,0,40,0,0,40,2.11
86,24,0,0,0,8.191999979317188,4,4,0,0,40,0,0,40,1.84
86,24,0,1,0,54.27199974656105,4,4,0,0,40,0,0,40,1.84
86,24,0,2,0,9.216000325977802,4,4,0,0,40,0,0,40,1.84
86,24,0,3,0,4.095999989658594,4,4,0,0,40,0,0,40,1.84
86,40,0,0,1,8.191999979317188,4,4,0,0,40,0,0,40,1.38
86,40,0,1,1,54.27199974656105,4,4,0,0,40,0,0,40,1.38
86,40,0,2,1,9.216000325977802,4,4,0,0,40,0,0,40,1.38
86,40,0,3,1,4.095999989658594,4,4,0,0,40,0,0,40,1.38
87,2,0,0,0,15.359999611973763,4,4,0,1,39,0,0,40,56.929
87,2,0,1,0,80.89599758386612,4,4,0,1,39,0,0,40,56.929
87,2,0,2,0,8.191999979317188,4,4,0,1,39,0,0,40,56.929
87,2,0,3,0,5.119999870657921,4,4,0,1,39,0,0,40,56.929
87,24,0,0,0,8.191999979317188,4,4,0,2,38,0,0,40,60.711
87,24,0,1,0,67.58400052785873,4,4,0,2,38,0,0,40,60.711
87,24,0,2,0,9.216000325977802,4,4,0,2,38,0,0,40,60.711
87,24,0,3,0,4.095999989658594,4,4,0,2,38,0,0,40,60.711
87,40,0,0,1,9.216000325977802,4,4,0,2,38,0,0,40,241.739
87,40,0,1,1,56.32000043988228,4,4,0,2,38,0,0,40,241.739
87,40,0,2,1,9.216000325977802,4,4,0,2,38,0,0,40,241.739
87,40,0,3,1,169.98399794101715,4,4,0,2,38,0,0,40,241.739
88,2,0,0,0,10.239999741315842,3,3,0,1,29,0,0,30,43.01
88,2,0,1,0,70.65600156784058,3,3,0,1,29,0,0,30,43.01
88,2,0,2,0,8.191999979317188,3,3,0,1,29,0,0,30,43.01
88,2,0,3,0,8.191999979317188,3,3,0,1,29,0,0,30,43.01
88,24,0,0,0,9.216000325977802,3,3,0,0,30,0,0,30,1.58
88,24,0,1,0,54.27199974656105,3,3,0,0,30,0,0,30,1.58
88,24,0,2,0,9.216000325977802,3,3,0,0,30,0,0,30,1.58
88,24,0,3,0,4.095999989658594,3,3,0,0,30,0,0,30,1.58
88,40,0,0,1,10.239999741315842,3,3,0,0,30,0,0,30,1.52
88,40,0,1,1,49.15200173854828,3,3,0,0,30,0,0,30,1.52
88,40,0,2,1,10.239999741315842,3,3,0,0,30,0,0,30,1.52
88,40,0,3,1,4.095999989658594,3,3,0,0,30,0,0,30,1.52
89,2,0,0,0,8.191999979317188,4,4,0,0,40,0,0,40,1.84
89,2,0,1,0,63.48799914121628,4,4,0,0,40,0,0,40,1.84
89,2,0,2,0,9.216000325977802,4,4,0,0,40,0,0,40,1.84
89,2,0,3,0,5.119999870657921,4,4,0,0,40,0,0,40,1.84
89,24,0,0,0,8.191999979317188,4,4,0,0,40,0,0,40,1.589
89,24,0,1,0,60.416001826524734,4,4,0,0,40,0,0,40,1.589
89,24,0,2,0,9.216000325977802,4,4,0,0,40,0,0,40,1.589
89,24,0,3,0,4.095999989658594,4,4,0,0,40,0,0,40,1.589
89,40,0,0,1,8.191999979317188,4,4,0,0,40,0,0,40,1.76
89,40,0,1,1,58.36800113320351,4,4,0,0,40,0,0,40,1.76
89,40,0,2,1,9.216000325977802,4,4,0,0,40,0,0,40,1.76
89,40,0,3,1,4.095999989658594,4,4,0,0,40,0,0,40,1.76
90,2,0,0,0,8.191999979317188,4,4,0,3,37,0,0,40,196.469
90,2,0,1,0,73.72800260782242,4,4,0,3,37,0,0,40,196.469
90,2,0,2,0,9.216000325977802,4,4,0,3,37,0,0,40,196.469
90,2,0,3,0,101.3759970664978,4,4,0,3,37,0,0,40,196.469
90,24,0,0,0,8.191999979317188,4,4,0,1,39,0,0,40,55.06
90,24,0,1,0,80.89599758386612,4,4,0,1,39,0,0,40,55.06
90,24,0,2,0,9.216000325977802,4,4,0,1,39,0,0,40,55.06
90,24,0,3,0,4.095999989658594,4,4,0,1,39,0,0,40,55.06
90,40,0,0,1,8.191999979317188,4,4,0,0,40,0,0,40,1.991
90,40,0,1,1,83.96799862384796,4,4,0,0,40,0,0,40,1.991
90,40,0,2,1,9.216000325977802,4,4,0,0,40,0,0,40,1.991
90,40,0,3,1,4.095999989658594,4,4,0,0,40,0,0,40,1.991
91,2,0,0,0,15.359999611973763,4,4,0,0,40,0,0,40,2.76
91,2,0,1,0,74.75200295448303,4,4,0,0,40,0,0,40,2.76
91,2,0,2,0,9.216000325977802,4,4,0,0,40,0,0,40,2.76
91,2,0,3,0,7.168000098317862,4,4,0,0,40,0,0,40,2.76
91,24,0,0,0,8.191999979317188,4,4,0,0,40,0,0,40,1.74
91,24,0,1,0,58.36800113320351,4,4,0,0,40,0,0,40,1.74
91,24,0,2,0,8.191999979317188,4,4,0,0,40,0,0,40,1.74
91,24,0,3,0,4.095999989658594,4,4,0,0,40,0,0,40,1.74
91,40,0,0,1,2360.3200912475586,4,4,0,0,40,0,0,40,1.86
91,40,0,1,1,64.51199948787689,4,4,0,0,40,0,0,40,1.86
91,40,0,2,1,9.216000325977802,4,4,0,0,40,0,0,40,1.86
91,40,0,3,1,4.095999989658594,4,4,0,0,40,0,0,40,1.86
92,2,0,0,0,9.216000325977802,4,4,0,0,40,0,0,40,1.851
92,2,0,1,0,83.96799862384796,4,4,0,0,40,0,0,40,1.851
92,2,0,2,0,9.216000325977802,4,4,0,0,40,0,0,40,1.851
92,2,0,3,0,5.119999870657921,4,4,0,0,40,0,0,40,1.851
92,24,0,0,0,7.168000098317862,4,4,0,0,40,0,0,40,1.47
92,24,0,1,0,67.58400052785873,4,4,0,0,40,0,0,40,1.47
92,24,0,2,0,8.191999979317188,4,4,0,0,40,0,0,40,1.47
92,24,0,3,0,4.095999989658594,4,4,0,0,40,0,0,40,1.47
92,40,0,0,1,8.191999979317188,4,4,0,0,40,0,0,40,1.44
92,40,0,1,1,66.56000018119812,4,4,0,0,40,0,0,40,1.44
92,40,0,2,1,9.216000325977802,4,4,0,0,40,0,0,40,1.44
92,40,0,3,1,4.095999989658594,4,4,0,0,40,0,0,40,1.44
93,2,0,0,0,9.216000325977802,4,4,0,0,40,0,0,40,1.81
93,2,0,1,0,75.77600330114365,4,4,0,0,40,0,0,40,1.81
93,2,0,2,0,9.216000325977802,4,4,0,0,40,0,0,40,1.81
93,2,0,3,0,7.168000098317862,4,4,0,0,40,0,0,40,1.81
93,24,0,0,0,9.216000325977802,4,4,0,1,39,0,0,40,52.129
93,24,0,1,0,70.65600156784058,4,4,0,1,39,0,0,40,52.129
93,24,0,2,0,9.216000325977802,4,4,0,1,39,0,0,40,52.129
93,24,0,3,0,4.095999989658594,4,4,0,1,39,0,0,40,52.129
93,40,0,0,1,9.216000325977802,4,4,0,0,40,0,0,40,1.92
93,40,0,1,1,87.0399996638298,4,4,0,0,40,0,0,40,1.92
93,40,0,2,1,9.216000325977802,4,4,0,0,40,0,0,40,1.92
93,40,0,3,1,4.095999989658594,4,4,0,0,40,0,0,40,1.92
94,2,0,0,0,8.191999979317188,4,4,0,0,40,0,0,40,2.76
94,2,0,1,0,78.84799689054489,4,4,0,0,40,0,0,40,2.76
94,2,0,2,0,9.216000325977802,4,4,0,0,40,0,0,40,2.76
94,2,0,3,0,5.119999870657921,4,4,0,0,40,0,0,40,2.76
94,24,0,0,0,8.191999979317188,4,4,0,1,39,0,0,40,75.079
94,24,0,1,0,90.11200070381165,4,4,0,1,39,0,0,40,75.079
94,24,0,2,0,8.191999979317188,4,4,0,1,39,0,0,40,75.079
94,24,0,3,0,4.095999989658594,4,4,0,1,39,0,0,40,75.079
94,40,0,0,1,9.216000325977802,4,4,0,0,40,0,0,40,2.52
94,40,0,1,1,98.30400347709656,4,4,0,0,40,0,0,40,2.52
94,40,0,2,1,8.191999979317188,4,4,0,0,40,0,0,40,2.52
94,40,0,3,1,4.095999989658594,4,4,0,0,40,0,0,40,2.52
95,2,0,0,0,8.191999979317188,4,4,0,0,40,0,0,40,2.36
95,2,0,1,0,82.94399827718735,4,4,0,0,40,0,0,40,2.36
95,2,0,2,0,9.216000325977802,4,4,0,0,40,0,0,40,2.36
95,2,0,3,0,5.119999870657921,4,4,0,0,40,0,0,40,2.36
95,24,0,0,0,8.191999979317188,4,4,0,1,39,0,0,40,73.88
95,24,0,1,0,70.65600156784058,4,4,0,1,39,0,0,40,73.88
95,24,0,2,0,9.216000325977802,4,4,0,1,39,0,0,40,73.88
95,24,0,3,0,4.095999989658594,4,4,0,1,39,0,0,40,73.88
95,40,0,0,1,9.216000325977802,4,4,0,0,40,0,0,40,1.85
95,40,0,1,1,69.63200122117996,4,4,0,0,40,0,0,40,1.85
95,40,0,2,1,9.216000325977802,4,4,0,0,40,0,0,40,1.85
95,40,0,3,1,4.095999989658594,4,4,0,0,40,0,0,40,1.85
96,2,0,0,0,16.383999958634377,2,2,0,1,19,0,0,20,90.26
96,2,0,1,0,49.15200173854828,2,2,0,1,19,0,0,20,90.26
96,2,0,2,0,9.216000325977802,2,2,0,1,19,0,0,20,90.26
96,2,0,3,0,12.28800043463707,2,2,0,1,19,0,0,20,90.26
96,24,0,0,0,8.191999979317188,2,2,0,0,20,0,0,20,0.8
96,24,0,1,0,55.296000093221664,2,2,0,0,20,0,0,20,0.8
96,24,0,2,0,9.216000325977802,2,2,0,0,20,0,0,20,0.8
96,24,0,3,0,4.095999989658594,2,2,0,0,20,0,0,20,0.8
96,40,0,0,1,9.216000325977802,2,2,0,0,20,0,0,20,1.17
96,40,0,1,1,51.19999870657921,2,2,0,0,20,0,0,20,1.17
96,40,0,2,1,9.216000325977802,2,2,0,0,20,0,0,20,1.17
96,40,0,3,1,4.095999989658594,2,2,0,0,20,0,0,20,1.17
97,2,0,0,0,9.216000325977802,3,3,0,0,30,0,0,30,1.36
97,2,0,1,0,50.175998359918594,3,3,0,0,30,0,0,30,1.36
97,2,0,2,0,9.216000325977802,3,3,0,0,30,0,0,30,1.36
97,2,0,3,0,4.095999989658594,3,3,0,0,30,0,0,30,1.36
97,24,0,0,0,8.191999979317188,3,3,0,0,30,0,0,30,1.431
97,24,0,1,0,48.128001391887665,3,3,0,0,30,0,0,30,1.431
97,24,0,2,0,9.216000325977802,3,3,0,0,30,0,0,30,1.431
97,24,0,3,0,4.095999989658594,3,3,0,0,30,0,0,30,1.431
97,40,0,0,1,9.216000325977802,3,3,0,0,30,0,0,30,2.44
97,40,0,1,1,55.296000093221664,3,3,0,0,30,0,0,30,2.44
97,40,0,2,1,10.239999741315842,3,3,0,0,30,0,0,30,2.44
97,40,0,3,1,4.095999989658594,3,3,0,0,30,0,0,30,2.44
98,2,0,0,0,9.216000325977802,1,1,0,0,10,0,0,10,0.54
98,2,0,1,0,32.76799991726875,1,1,0,0,10,0,0,10,0.54
98,2,0,2,0,9.216000325977802,1,1,0,0,10,0,0,10,0.54
98,2,0,3,0,5.119999870657921,1,1,0,0,10,0,0,10,0.54
98,24,0,0,0,8.191999979317188,1,1,0,0,10,0,0,10,0.271
98,24,0,1,0,32.76799991726875,1,1,0,0,10,0,0,10,0.271
98,24,0,2,0,8.191999979317188,1,1,0,0,10,0,0,10,0.271
98,24,0,3,0,4.095999989658594,1,1,0,0,10,0,0,10,0.271
98,40,0,0,1,8.191999979317188,1,1,0,0,10,0,0,10,0.27
98,40,0,1,1,34.81600061058998,1,1,0,0,10,0,0,10,0.27
98,40,0,2,1,8.191999979317188,1,1,0,0,10,0,0,10,0.27
98,40,0,3,1,4.095999989658594,1,1,0,0,10,0,0,10,0.27
99,2,0,0,0,9.216000325977802,4,4,0,0,40,0,0,40,4.32
99,2,0,1,0,89.08800035715103,4,4,0,0,40,0,0,40,4.32
99,2,0,2,0,9.216000325977802,4,4,0,0,40,0,0,40,4.32
99,2,0,3,0,5.119999870657921,4,4,0,0,40,0,0,40,4.32
99,24,0,0,0,14.336000196635723,4,4,0,0,40,0,0,40,3.9
99,24,0,1,0,83.96799862384796,4,4,0,0,40,0,0,40,3.9
99,24,0,2,0,8.191999979317188,4,4,0,0,40,0,0,40,3.9
99,24,0,3,0,4.095999989658594,4,4,0,0,40,0,0,40,3.9
99,40,0,0,1,14.336000196635723,4,4,0,0,40,0,0,40,1.651
99,40,0,1,1,76.80000364780426,4,4,0,0,40,0,0,40,1.651
99,40,0,2,1,9.216000325977802,4,4,0,0,40,0,0,40,1.651
99,40,0,3,1,4.095999989658594,4,4,0,0,40,0,0,40,1.651
100,2,0,0,0,9.216000325977802,3,3,0,0,30,0,0,30,2.57
100,2,0,1,0,55.296000093221664,3,3,0,0,30,0,0,30,2.57
100,2,0,2,0,10.239999741315842,3,3,0,0,30,0,0,30,2.57
100,2,0,3,0,5.119999870657921,3,3,0,0,30,0,0,30,2.57
100,24,0,0,0,15.359999611973763,3,3,0,0,30,0,0,30,1.03
100,24,0,1,0,52.22399905323982,3,3,0,0,30,0,0,30,1.03
100,24,0,2,0,9.216000325977802,3,3,0,0,30,0,0,30,1.03
100,24,0,3,0,4.095999989658594,3,3,0,0,30,0,0,30,1.03
100,40,0,0,1,9.216000325977802,3,3,0,0,30,0,0,30,1.2
100,40,0,1,1,58.36800113320351,3,3,0,0,30,0,0,30,1.2
100,40,0,2,1,10.239999741315842,3,3,0,0,30,0,0,30,1.2
100,40,0,3,1,4.095999989658594,3,3,0,0,30,0,0,30,1.2
101,2,0,0,0,12.28800043463707,1,1,0,0,10,0,0,10,0.7
101,2,0,1,0,31.74399957060814,1,1,0,0,10,0,0,10,0.7
101,2,0,2,0,8.191999979317188,1,1,0,0,10,0,0,10,0.7
101,2,0,3,0,5.119999870657921,1,1,0,0,10,0,0,10,0.7
101,24,0,0,0,8.191999979317188,1,1,0,0,10,0,0,10,0.98
101,24,0,1,0,31.74399957060814,1,1,0,0,10,0,0,10,0.98
101,24,0,2,0,8.191999979317188,1,1,0,0,10,0,0,10,0.98
101,24,0,3,0,5.119999870657921,1,1,0,0,10,0,0,10,0.98
101,40,0,0,1,9.216000325977802,1,1,0,0,10,0,0,10,0.789
101,40,0,1,1,34.81600061058998,1,1,0,0,10,0,0,10,0.789
101,40,0,2,1,8.191999979317188,1,1,0,0,10,0,0,10,0.789
101,40,0,3,1,4.095999989658594,1,1,0,0,10,0,0,10,0.789
102,2,0,0,0,8.191999979317188,4,4,0,1,39,0,0,40,62.74
102,2,0,1,0,81.91999793052673,4,4,0,1,39,0,0,40,62.74
102,2,0,2,0,9.216000325977802,4,4,0,1,39,0,0,40,62.74
102,2,0,3,0,5.119999870657921,4,4,0,1,39,0,0,40,62.74
102,24,0,0,0,8.191999979317188,4,4,0,1,39,0,0,40,63.75
102,24,0,1,0,79.8719972372055,4,4,0,1,39,0,0,40,63.75
102,24,0,2,0,9.216000325977802,4,4,0,1,39,0,0,40,63.75
102,24,0,3,0,4.095999989658594,4,4,0,1,39,0,0,40,63.75
102,40,0,0,1,8.191999979317188,4,4,0,0,40,0,0,40,1.61
102,40,0,1,1,87.0399996638298,4,4,0,0,40,0,0,40,1.61
102,40,0,2,1,9.216000325977802,4,4,0,0,40,0,0,40,1.61
102,40,0,3,1,5.119999870657921,4,4,0,0,40,0,0,40,1.61
103,2,0,0,0,8.191999979317188,1,1,0,0,10,0,0,10,1.7
103,2,0,1,0,32.76799991726875,1,1,0,0,10,0,0,10,1.7
103,2,0,2,0,8.191999979317188,1,1,0,0,10,0,0,10,1.7
103,2,0,3,0,5.119999870657921,1,1,0,0,10,0,0,10,1.7
103,24,0,0,0,8.191999979317188,1,1,0,0,10,0,0,10,0.84
103,24,0,1,0,31.74399957060814,1,1,0,0,10,0,0,10,0.84
103,24,0,2,0,8.191999979317188,1,1,0,0,10,0,0,10,0.84
103,24,0,3,0,4.095999989658594,1,1,0,0,10,0,0,10,0.84
103,40,0,0,1,9.216000325977802,1,1,0,0,10,0,0,10,0.489
103,40,0,1,1,35.840000957250595,1,1,0,0,10,0,0,10,0.489
103,40,0,2,1,8.191999979317188,1,1,0,0,10,0,0,10,0.489
103,40,0,3,1,4.095999989658594,1,1,0,0,10,0,0,10,0.489
104,2,0,0,0,9.216000325977802,2,2,0,0,20,0,0,20,1.669
104,2,0,1,0,53.247999399900436,2,2,0,0,20,0,0,20,1.669
104,2,0,2,0,8.191999979317188,2,2,0,0,20,0,0,20,1.669
104,2,0,3,0,4.095999989658594,2,2,0,0,20,0,0,20,1.669
104,24,0,0,0,8.191999979317188,2,2,0,0,20,0,0,20,2.68
104,24,0,1,0,54.27199974656105,2,2,0,0,20,0,0,20,2.68
104,24,0,2,0,9.216000325977802,2,2,0,0,20,0,0,20,2.68
104,24,0,3,0,4.095999989658594,2,2,0,0,20,0,0,20,2.68
104,40,0,0,1,8.191999979317188,2,2,0,0,20,0,0,20,0.74
104,40,0,1,1,48.128001391887665,2,2,0,0,20,0,0,20,0.74
104,40,0,2,1,9.216000325977802,2,2,0,0,20,0,0,20,0.74
104,40,0,3,1,4.095999989658594,2,2,0,0,20,0,0,20,0.74
105,2,0,0,0,9.216000325977802,1,1,0,0,10,0,0,10,0.68
105,2,0,1,0,31.74399957060814,1,1,0,0,10,0,0,10,0.68
105,2,0,2,0,9.216000325977802,1,1,0,0,10,0,0,10,0.68
105,2,0,3,0,5.119999870657921,1,1,0,0,10,0,0,10,0.68
105,24,0,0,0,8.191999979317188,1,1,0,0,10,0,0,10,0.411
105,24,0,1,0,32.76799991726875,1,1,0,0,10,0,0,10,0.411
105,24,0,2,0,9.216000325977802,1,1,0,0,10,0,0,10,0.411
105,24,0,3,0,4.095999989658594,1,1,0,0,10,0,0,10,0.411
105,40,0,0,1,8.191999979317188,1,1,0,0,10,0,0,10,0.28
105,40,0,1,1,35.840000957250595,1,1,0,0,10,0,0,10,0.28
105,40,0,2,1,9.216000325977802,1,1,0,0,10,0,0,10,0.28
105,40,0,3,1,4.095999989658594,1,1,0,0,10,0,0,10,0.28
106,2,0,0,0,9.216000325977802,1,1,0,0,10,0,0,10,0.73
106,2,0,1,0,31.74399957060814,1,1,0,0,10,0,0,10,0.73
106,2,0,2,0,9.216000325977802,1,1,0,0,10,0,0,10,0.73
106,2,0,3,0,4.095999989658594,1,1,0,0,10,0,0,10,0.73
106,24,0,0,0,8.191999979317188,1,1,0,0,10,0,0,10,0.52
106,24,0,1,0,30.719999223947525,1,1,0,0,10,0,0,10,0.52
106,24,0,2,0,8.191999979317188,1,1,0,0,10,0,0,10,0.52
106,24,0,3,0,4.095999989658594,1,1,0,0,10,0,0,10,0.52
106,40,0,0,1,9.216000325977802,1,1,0,0,10,0,0,10,0.49
106,40,0,1,1,34.81600061058998,1,1,0,0,10,0,0,10,0.49
106,40,0,2,1,9.216000325977802,1,1,0,0,10,0,0,10,0.49
106,40,0,3,1,4.095999989658594,1,1,0,0,10,0,0,10,0.49
107,2,0,0,0,8.191999979317188,4,4,0,1,39,0,0,40,65.34
107,2,0,1,0,77.82399654388428,4,4,0,1,39,0,0,40,65.34
107,2,0,2,0,8.191999979317188,4,4,0,1,39,0,0,40,65.34
107,2,0,3,0,5.119999870657921,4,4,0,1,39,0,0,40,65.34
107,24,0,0,0,330.7519853115082,4,4,0,1,39,0,0,40,109.64
107,24,0,1,0,55.296000093221664,4,4,0,1,39,0,0,40,109.64
107,24,0,2,0,9.216000325977802,4,4,0,1,39,0,0,40,109.64
107,24,0,3,0,32.76799991726875,4,4,0,1,39,0,0,40,109.64
107,40,0,0,1,9.216000325977802,4,4,0,0,40,0,0,40,4.51
107,40,0,1,1,52.22399905323982,4,4,0,0,40,0,0,40,4.51
107,40,0,2,1,9.216000325977802,4,4,0,0,40,0,0,40,4.51
107,40,0,3,1,4.095999989658594,4,4,0,0,40,0,0,40,4.51
108,2,0,0,0,8.191999979317188,1,1,0,0,10,0,0,10,0.54
108,2,0,1,0,32.76799991726875,1,1,0,0,10,0,0,10,0.54
108,2,0,2,0,9.216000325977802,1,1,0,0,10,0,0,10,0.54
108,2,0,3,0,5.119999870657921,1,1,0,0,10,0,0,10,0.54
108,24,0,0,0,8.191999979317188,1,1,0,0,10,0,0,10,0.38
108,24,0,1,0,31.74399957060814,1,1,0,0,10,0,0,10,0.38
108,24,0,2,0,9.216000325977802,1,1,0,0,10,0,0,10,0.38
108,24,0,3,0,4.095999989658594,1,1,0,0,10,0,0,10,0.38
108,40,0,0,1,9.216000325977802,1,1,0,0,10,0,0,10,0.47
108,40,0,1,1,34.81600061058998,1,1,0,0,10,0,0,10,0.47
108,40,0,2,1,9.216000325977802,1,1,0,0,10,0,0,10,0.47
108,40,0,3,1,4.095999989658594,1,1,0,0,10,0,0,10,0.47
109,2,0,0,0,9.216000325977802,1,1,0,1,9,0,0,10,71.12
109,2,0,1,0,30.719999223947525,1,1,0,1,9,0,0,10,71.12
109,2,0,2,0,9.216000325977802,1,1,0,1,9,0,0,10,71.12
109,2,0,3,0,18.432000651955605,1,1,0,1,9,0,0,10,71.12
109,24,0,0,0,8.191999979317188,1,1,0,0,10,0,0,10,0.99
109,24,0,1,0,31.74399957060814,1,1,0,0,10,0,0,10,0.99
109,24,0,2,0,9.216000325977802,1,1,0,0,10,0,0,10,0.99
109,24,0,3,0,4.095999989658594,1,1,0,0,10,0,0,10,0.99
109,40,0,0,1,9.216000325977802,1,1,0,0,10,0,0,10,0.52
109,40,0,1,1,34.81600061058998,1,1,0,0,10,0,0,10,0.52
109,40,0,2,1,9.216000325977802,1,1,0,0,10,0,0,10,0.52
109,40,0,3,1,4.095999989658594,1,1,0,0,10,0,0,10,0.52
110,2,0,0,0,9.216000325977802,4,4,0,0,40,0,0,40,2.491
110,2,0,1,0,72.7040022611618,4,4,0,0,40,0,0,40,2.491
110,2,0,2,0,9.216000325977802,4,4,0,0,40,0,0,40,2.491
110,2,0,3,0,6.144000217318535,4,4,0,0,40,0,0,40,2.491
110,24,0,0,0,8.191999979317188,4,4,0,1,39,0,0,40,85.0
110,24,0,1,0,75.77600330114365,4,4,0,1,39,0,0,40,85.0
110,24,0,2,0,8.191999979317188,4,4,0,1,39,0,0,40,85.0
110,24,0,3,0,4.095999989658594,4,4,0,1,39,0,0,40,85.0
110,40,0,0,1,8.191999979317188,4,4,0,0,40,0,0,40,2.15
110,40,0,1,1,69.63200122117996,4,4,0,0,40,0,0,40,2.15
110,40,0,2,1,8.191999979317188,4,4,0,0,40,0,0,40,2.15
110,40,0,3,1,5.119999870657921,4,4,0,0,40,0,0,40,2.15
111,2,0,0,0,9.216000325977802,3,3,0,0,30,0,0,30,1.96
111,2,0,1,0,45.05600035190582,3,3,0,0,30,0,0,30,1.96
111,2,0,2,0,9.216000325977802,3,3,0,0,30,0,0,30,1.96
111,2,0,3,0,6.144000217318535,3,3,0,0,30,0,0,30,1.96
111,24,0,0,0,8.191999979317188,3,3,0,0,30,0,0,30,3.72
111,24,0,1,0,50.175998359918594,3,3,0,0,30,0,0,30,3.72
111,24,0,2,0,9.216000325977802,3,3,0,0,30,0,0,30,3.72
111,24,0,3,0,4.095999989658594,3,3,0,0,30,0,0,30,3.72
111,40,0,0,1,9.216000325977802,3,3,0,1,29,0,0,30,68.78
111,40,0,1,1,54.27199974656105,3,3,0,1,29,0,0,30,68.78
111,40,0,2,1,8.191999979317188,3,3,0,1,29,0,0,30,68.78
111,40,0,3,1,4.095999989658594,3,3,0,1,29,0,0,30,68.78
112,2,0,0,0,9.216000325977802,2,2,0,0,20,0,0,20,3.76
112,2,0,1,0,50.175998359918594,2,2,0,0,20,0,0,20,3.76
112,2,0,2,0,8.191999979317188,2,2,0,0,20,0,0,20,3.76
112,2,0,3,0,5.119999870657921,2,2,0,0,20,0,0,20,3.76
112,24,0,0,0,7.168000098317862,2,2,0,0,20,0,0,20,1.03
112,24,0,1,0,57.34400078654289,2,2,0,0,20,0,0,20,1.03
112,24,0,2,0,9.216000325977802,2,2,0,0,20,0,0,20,1.03
112,24,0,3,0,4.095999989658594,2,2,0,0,20,0,0,20,1.03
112,40,0,0,1,9.216000325977802,2,2,0,0,20,0,0,20,0.92
112,40,0,1,1,48.128001391887665,2,2,0,0,20,0,0,20,0.92
112,40,0,2,1,10.239999741315842,2,2,0,0,20,0,0,20,0.92
112,40,0,3,1,4.095999989658594,2,2,0,0,20,0,0,20,0.92
113,2,0,0,0,8.191999979317188,1,1,0,0,10,0,0,10,0.76
113,2,0,1,0,31.74399957060814,1,1,0,0,10,0,0,10,0.76
113,2,0,2,0,9.216000325977802,1,1,0,0,10,0,0,10,0.76
113,2,0,3,0,5.119999870657921,1,1,0,0,10,0,0,10,0.76
113,24,0,0,0,7.168000098317862,1,1,0,0,10,0,0,10,0.46
113,24,0,1,0,32.76799991726875,1,1,0,0,10,0,0,10,0.46
113,24,0,2,0,9.216000325977802,1,1,0,0,10,0,0,10,0.46
113,24,0,3,0,4.095999989658594,1,1,0,0,10,0,0,10,0.46
113,40,0,0,1,8.191999979317188,1,1,0,0,10,0,0,10,0.451
113,40,0,1,1,34.81600061058998,1,1,0,0,10,0,0,10,0.451
113,40,0,2,1,9.216000325977802,1,1,0,0,10,0,0,10,0.451
113,40,0,3,1,4.095999989658594,1,1,0,0,10,0,0,10,0.451
114,2,0,0,0,9.216000325977802,2,2,0,0,20,0,0,20,1.99
114,2,0,1,0,44.03200000524521,2,2,0,0,20,0,0,20,1.99
114,2,0,2,0,9.216000325977802,2,2,0,0,20,0,0,20,1.99
114,2,0,3,0,8.191999979317188,2,2,0,0,20,0,0,20,1.99
114,24,0,0,0,9.216000325977802,2,2,0,0,20,0,0,20,0.74
114,24,0,1,0,48.128001391887665,2,2,0,0,20,0,0,20,0.74
114,24,0,2,0,9.216000325977802,2,2,0,0,20,0,0,20,0.74
114,24,0,3,0,4.095999989658594,2,2,0,0,20,0,0,20,0.74
114,40,0,0,1,8.191999979317188,2,2,0,0,20,0,0,20,0.78
114,40,0,1,1,44.03200000524521,2,2,0,0,20,0,0,20,0.78
114,40,0,2,1,9.216000325977802,2,2,0,0,20,0,0,20,0.78
114,40,0,3,1,4.095999989658594,2,2,0,0,20,0,0,20,0.78
115,2,0,0,0,10.239999741315842,3,3,0,0,30,0,0,30,1.22
115,2,0,1,0,66.56000018119812,3,3,0,0,30,0,0,30,1.22
115,2,0,2,0,8.191999979317188,3,3,0,0,30,0,0,30,1.22
115,2,0,3,0,4.095999989658594,3,3,0,0,30,0,0,30,1.22
115,24,0,0,0,8.191999979317188,3,3,0,0,30,0,0,30,2.13
115,24,0,1,0,48.128001391887665,3,3,0,0,30,0,0,30,2.13
115,24,0,2,0,8.191999979317188,3,3,0,0,30,0,0,30,2.13
115,24,0,3,0,4.095999989658594,3,3,0,0,30,0,0,30,2.13
115,40,0,0,1,9.216000325977802,3,3,0,0,30,0,0,30,1.011
115,40,0,1,1,58.36800113320351,3,3,0,0,30,0,0,30,1.011
115,40,0,2,1,9.216000325977802,3,3,0,0,30,0,0,30,1.011
115,40,0,3,1,4.095999989658594,3,3,0,0,30,0,0,30,1.011
116,2,0,0,0,10.239999741315842,3,3,0,0,30,0,0,30,1.3
116,2,0,1,0,68.60800087451935,3,3,0,0,30,0,0,30,1.3
116,2,0,2,0,9.216000325977802,3,3,0,0,30,0,0,30,1.3
116,2,0,3,0,5.119999870657921,3,3,0,0,30,0,0,30,1.3
116,24,0,0,0,9.216000325977802,3,3,0,0,30,0,0,30,1.029
116,24,0,1,0,62.463998794555664,3,3,0,0,30,0,0,30,1.029
116,24,0,2,0,8.191999979317188,3,3,0,0,30,0,0,30,1.029
116,24,0,3,0,3.0720001086592674,3,3,0,0,30,0,0,30,1.029
116,40,0,0,1,9.216000325977802,3,3,0,0,30,0,0,30,0.969
116,40,0,1,1,66.56000018119812,3,3,0,0,30,0,0,30,0.969
116,40,0,2,1,9.216000325977802,3,3,0,0,30,0,0,30,0.969
116,40,0,3,1,4.095999989658594,3,3,0,0,30,0,0,30,0.969
117,2,0,0,0,9.216000325977802,3,3,0,0,30,0,0,30,2.46
117,2,0,1,0,66.56000018119812,3,3,0,0,30,0,0,30,2.46
117,2,0,2,0,8.191999979317188,3,3,0,0,30,0,0,30,2.46
117,2,0,3,0,5.119999870657921,3,3,0,0,30,0,0,30,2.46
117,24,0,0,0,7.168000098317862,3,3,0,0,30,0,0,30,1.349
117,24,0,1,0,47.10400104522705,3,3,0,0,30,0,0,30,1.349
117,24,0,2,0,9.216000325977802,3,3,0,0,30,0,0,30,1.349
117,24,0,3,0,4.095999989658594,3,3,0,0,30,0,0,30,1.349
117,40,0,0,1,9.216000325977802,3,3,0,0,30,0,0,30,1.031
117,40,0,1,1,65.5359998345375,3,3,0,0,30,0,0,30,1.031
117,40,0,2,1,10.239999741315842,3,3,0,0,30,0,0,30,1.031
117,40,0,3,1,4.095999989658594,3,3,0,0,30,0,0,30,1.031
118,2,0,0,0,8.191999979317188,4,4,0,4,36,0,0,40,150.139
118,2,0,1,0,77.82399654388428,4,4,0,4,36,0,0,40,150.139
118,2,0,2,0,9.216000325977802,4,4,0,4,36,0,0,40,150.139
118,2,0,3,0,51.19999870657921,4,4,0,4,36,0,0,40,150.139
118,24,0,0,0,7.168000098317862,4,4,0,0,40,0,0,40,2.14
118,24,0,1,0,78.84799689054489,4,4,0,0,40,0,0,40,2.14
118,24,0,2,0,9.216000325977802,4,4,0,0,40,0,0,40,2.14
118,24,0,3,0,4.095999989658594,4,4,0,0,40,0,0,40,2.14
118,40,0,0,1,10.239999741315842,4,4,0,0,40,0,0,40,1.429
118,40,0,1,1,77.82399654388428,4,4,0,0,40,0,0,40,1.429
118,40,0,2,1,9.216000325977802,4,4,0,0,40,0,0,40,1.429
118,40,0,3,1,4.095999989658594,4,4,0,0,40,0,0,40,1.429
119,2,0,0,0,16.383999958634377,4,4,0,1,39,0,0,40,73.649
119,2,0,1,0,62.463998794555664,4,4,0,1,39,0,0,40,73.649
119,2,0,2,0,9.216000325977802,4,4,0,1,39,0,0,40,73.649
119,2,0,3,0,7.168000098317862,4,4,0,1,39,0,0,40,73.649
119,24,0,0,0,7.168000098317862,4,4,0,0,40,0,0,40,2.13
119,24,0,1,0,51.19999870657921,4,4,0,0,40,0,0,40,2.13
119,24,0,2,0,8.191999979317188,4,4,0,0,40,0,0,40,2.13
119,24,0,3,0,3.0720001086592674,4,4,0,0,40,0,0,40,2.13
119,40,0,0,1,8.191999979317188,4,4,0,0,40,0,0,40,1.509
119,40,0,1,1,68.60800087451935,4,4,0,0,40,0,0,40,1.509
119,40,0,2,1,9.216000325977802,4,4,0,0,40,0,0,40,1.509
119,40,0,3,1,4.095999989658594,4,4,0,0,40,0,0,40,1.509
120,2,0,0,0,9.216000325977802,4,4,0,0,40,0,0,40,3.619
120,2,0,1,0,71.68000191450119,4,4,0,0,40,0,0,40,3.619
120,2,0,2,0,9.216000325977802,4,4,0,0,40,0,0,40,3.619
120,2,0,3,0,5.119999870657921,4,4,0,0,40,0,0,40,3.619
120,24,0,0,0,8.191999979317188,4,4,0,1,39,0,0,40,62.25
120,24,0,1,0,71.68000191450119,4,4,0,1,39,0,0,40,62.25
120,24,0,2,0,9.216000325977802,4,4,0,1,39,0,0,40,62.25
120,24,0,3,0,4.095999989658594,4,4,0,1,39,0,0,40,62.25
120,40,0,0,1,8.191999979317188,4,4,0,0,40,0,0,40,3.16
120,40,0,1,1,92.16000139713287,4,4,0,0,40,0,0,40,3.16
120,40,0,2,1,9.216000325977802,4,4,0,0,40,0,0,40,3.16
120,40,0,3,1,4.095999989658594,4,4,0,0,40,0,0,40,3.16
121,2,0,0,0,9.216000325977802,4,4,0,0,40,0,0,40,2.92
121,2,0,1,0,75.77600330114365,4,4,0,0,40,0,0,40,2.92
121,2,0,2,0,9.216000325977802,4,4,0,0,40,0,0,40,2.92
121,2,0,3,0,5.119999870657921,4,4,0,0,40,0,0,40,2.92
121,24,0,0,0,14.336000196635723,4,4,0,0,40,0,0,40,2.1
121,24,0,1,0,59.39200147986412,4,4,0,0,40,0,0,40,2.1
121,24,0,2,0,8.191999979317188,4,4,0,0,40,0,0,40,2.1
121,24,0,3,0,4.095999989658594,4,4,0,0,40,0,0,40,2.1
121,40,0,0,1,101.3759970664978,4,4,0,0,40,0,0,40,2.21
121,40,0,1,1,63.48799914121628,4,4,0,0,40,0,0,40,2.21
121,40,0,2,1,8.191999979317188,4,4,0,0,40,0,0,40,2.21
121,40,0,3,1,4.095999989658594,4,4,0,0,40,0,0,40,2.21
122,2,0,0,0,69.63200122117996,4,4,0,5,34,1,0,40,253.459
122,2,0,1,0,80.89599758386612,4,4,0,5,34,1,0,40,253.459
122,2,0,2,0,163.83999586105347,4,4,0,5,34,1,0,40,253.459
122,2,0,3,0,5.119999870657921,4,4,0,5,34,1,0,40,253.459
122,24,0,0,0,14.336000196635723,4,4,0,4,36,0,0,40,710.228
122,24,0,1,0,73.72800260782242,4,4,0,4,36,0,0,40,710.228
122,24,0,2,0,9.216000325977802,4,4,0,4,36,0,0,40,710.228
122,24,0,3,0,613.3760213851929,4,4,0,4,36,0,0,40,710.228
122,40,0,0,1,13.311999849975109,4,4,0,1,39,0,0,40,70.64
122,40,0,1,1,86.01599931716919,4,4,0,1,39,0,0,40,70.64
122,40,0,2,1,9.216000325977802,4,4,0,1,39,0,0,40,70.64
122,40,0,3,1,3.0720001086592674,4,4,0,1,39,0,0,40,70.64
123,2,0,0,0,8.191999979317188,4,4,0,0,40,0,0,40,4.32
123,2,0,1,0,78.84799689054489,4,4,0,0,40,0,0,40,4.32
123,2,0,2,0,9.216000325977802,4,4,0,0,40,0,0,40,4.32
123,2,0,3,0,5.119999870657921,4,4,0,0,40,0,0,40,4.32
123,24,0,0,0,7.168000098317862,4,4,0,0,40,0,0,40,2.131
123,24,0,1,0,55.296000093221664,4,4,0,0,40,0,0,40,2.131
123,24,0,2,0,9.216000325977802,4,4,0,0,40,0,0,40,2.131
123,24,0,3,0,4.095999989658594,4,4,0,0,40,0,0,40,2.131
123,40,0,0,1,8.191999979317188,4,4,0,1,39,0,0,40,68.599
123,40,0,1,1,70.65600156784058,4,4,0,1,39,0,0,40,68.599
123,40,0,2,1,9.216000325977802,4,4,0,1,39,0,0,40,68.599
123,40,0,3,1,4.095999989658594,4,4,0,1,39,0,0,40,68.599
124,2,0,0,0,16.383999958634377,2,2,0,1,19,0,0,20,76.71
124,2,0,1,0,47.10400104522705,2,2,0,1,19,0,0,20,76.71
124,2,0,2,0,9.216000325977802,2,2,0,1,19,0,0,20,76.71
124,2,0,3,0,7.168000098317862,2,2,0,1,19,0,0,20,76.71
124,24,0,0,0,8.191999979317188,2,2,0,2,18,0,0,20,59.92
124,24,0,1,0,39.93599861860275,2,2,0,2,18,0,0,20,59.92
124,24,0,2,0,9.216000325977802,2,2,0,2,18,0,0,20,59.92
124,24,0,3,0,5.119999870657921,2,2,0,2,18,0,0,20,59.92
124,40,0,0,1,8.191999979317188,2,2,0,2,18,0,0,20,65.25
124,40,0,1,1,44.03200000524521,2,2,0,2,18,0,0,20,65.25
124,40,0,2,1,9.216000325977802,2,2,0,2,18,0,0,20,65.25
124,40,0,3,1,4.095999989658594,2,2,0,2,18,0,0,20,65.25
125,2,0,0,0,2889.72806930542,1,1,0,1,9,0,0,10,70.56
125,2,0,1,0,30.719999223947525,1,1,0,1,9,0,0,10,70.56
125,2,0,2,0,9.216000325977802,1,1,0,1,9,0,0,10,70.56
125,2,0,3,0,21.503999829292297,1,1,0,1,9,0,0,10,70.56
125,24,0,0,0,8.191999979317188,1,1,0,0,10,0,0,10,0.691
125,24,0,1,0,31.74399957060814,1,1,0,0,10,0,0,10,0.691
125,24,0,2,0,9.216000325977802,1,1,0,0,10,0,0,10,0.691
125,24,0,3,0,5.119999870657921,1,1,0,0,10,0,0,10,0.691
125,40,0,0,1,9.216000325977802,1,1,0,1,9,0,0,10,47.371
125,40,0,1,1,33.79200026392937,1,1,0,1,9,0,0,10,47.371
125,40,0,2,1,8.191999979317188,1,1,0,1,9,0,0,10,47.371
125,40,0,3,1,4.095999989658594,1,1,0,1,9,0,0,10,47.371
126,2,0,0,0,9.216000325977802,3,3,0,1,29,0,0,30,64.44
126,2,0,1,0,62.463998794555664,3,3,0,1,29,0,0,30,64.44
126,2,0,2,0,9.216000325977802,3,3,0,1,29,0,0,30,64.44
126,2,0,3,0,4.095999989658594,3,3,0,1,29,0,0,30,64.44
126,24,0,0,0,17.40800030529499,3,3,0,2,28,0,0,30,89.59
126,24,0,1,0,39.93599861860275,3,3,0,2,28,0,0,30,89.59
126,24,0,2,0,9.216000325977802,3,3,0,2,28,0,0,30,89.59
126,24,0,3,0,23.552000522613525,3,3,0,2,28,0,0,30,89.59
126,40,0,0,1,9.216000325977802,3,3,0,1,29,0,0,30,52.309
126,40,0,1,1,65.5359998345375,3,3,0,1,29,0,0,30,52.309
126,40,0,2,1,10.239999741315842,3,3,0,1,29,0,0,30,52.309
126,40,0,3,1,4.095999989658594,3,3,0,1,29,0,0,30,52.309
127,2,0,0,0,9.216000325977802,1,1,0,2,8,0,0,10,129.45
127,2,0,1,0,27.648000046610832,1,1,0,2,8,0,0,10,129.45
127,2,0,2,0,9.216000325977802,1,1,0,2,8,0,0,10,129.45
127,2,0,3,0,78.84799689054489,1,1,0,2,8,0,0,10,129.45
127,24,0,0,0,8.191999979317188,1,1,0,1,9,0,0,10,42.159
127,24,0,1,0,30.719999223947525,1,1,0,1,9,0,0,10,42.159
127,24,0,2,0,9.216000325977802,1,1,0,1,9,0,0,10,42.159
127,24,0,3,0,4.095999989658594,1,1,0,1,9,0,0,10,42.159
127,40,0,0,1,9.216000325977802,1,1,0,1,9,0,0,10,48.58
127,40,0,1,1,32.76799991726875,1,1,0,1,9,0,0,10,48.58
127,40,0,2,1,9.216000325977802,1,1,0,1,9,0,0,10,48.58
127,40,0,3,1,4.095999989658594,1,1,0,1,9,0,0,10,48.58
128,2,0,0,0,8.191999979317188,4,4,0,3,37,0,0,40,132.22
128,2,0,1,0,67.58400052785873,4,4,0,3,37,0,0,40,132.22
128,2,0,2,0,9.216000325977802,4,4,0,3,37,0,0,40,132.22
128,2,0,3,0,43.007999658584595,4,4,0,3,37,0,0,40,132.22
128,24,0,0,0,8.191999979317188,4,4,0,4,36,0,0,40,313.869
128,24,0,1,0,51.19999870657921,4,4,0,4,36,0,0,40,313.869
128,24,0,2,0,8.191999979317188,4,4,0,4,36,0,0,40,313.869
128,24,0,3,0,246.7840015888214,4,4,0,4,36,0,0,40,313.869
128,40,0,0,1,14.336000196635723,4,4,0,2,38,0,0,40,139.56
128,40,0,1,1,80.89599758386612,4,4,0,2,38,0,0,40,139.56
128,40,0,2,1,9.216000325977802,4,4,0,2,38,0,0,40,139.56
128,40,0,3,1,28.672000393271446,4,4,0,2,38,0,0,40,139.56
129,2,0,0,0,17.40800030529499,2,2,0,0,20,0,0,20,1.72
129,2,0,1,0,53.247999399900436,2,2,0,0,20,0,0,20,1.72
129,2,0,2,0,9.216000325977802,2,2,0,0,20,0,0,20,1.72
129,2,0,3,0,5.119999870657921,2,2,0,0,20,0,0,20,1.72
129,24,0,0,0,8.191999979317188,2,2,0,1,19,0,0,20,53.95
129,24,0,1,0,50.175998359918594,2,2,0,1,19,0,0,20,53.95
129,24,0,2,0,9.216000325977802,2,2,0,1,19,0,0,20,53.95
129,24,0,3,0,4.095999989658594,2,2,0,1,19,0,0,20,53.95
129,40,0,0,1,10.239999741315842,2,2,0,0,20,0,0,20,1.38
129,40,0,1,1,53.247999399900436,2,2,0,0,20,0,0,20,1.38
129,40,0,2,1,9.216000325977802,2,2,0,0,20,0,0,20,1.38
129,40,0,3,1,4.095999989658594,2,2,0,0,20,0,0,20,1.38
130,2,0,0,0,9.216000325977802,2,2,0,2,18,0,0,20,115.299
130,2,0,1,0,49.15200173854828,2,2,0,2,18,0,0,20,115.299
130,2,0,2,0,9.216000325977802,2,2,0,2,18,0,0,20,115.299
130,2,0,3,0,46.08000069856644,2,2,0,2,18,0,0,20,115.299
130,24,0,0,0,8.191999979317188,2,2,0,0,20,0,0,20,1.0
130,24,0,1,0,52.22399905323982,2,2,0,0,20,0,0,20,1.0
130,24,0,2,0,8.191999979317188,2,2,0,0,20,0,0,20,1.0
130,24,0,3,0,5.119999870657921,2,2,0,0,20,0,0,20,1.0
130,40,0,0,1,9.216000325977802,2,2,0,0,20,0,0,20,1.02
130,40,0,1,1,40.95999896526337,2,2,0,0,20,0,0,20,1.02
130,40,0,2,1,9.216000325977802,2,2,0,0,20,0,0,20,1.02
130,40,0,3,1,4.095999989658594,2,2,0,0,20,0,0,20,1.02
131,2,0,0,0,8.191999979317188,4,4,0,5,34,1,0,40,186.839
131,2,0,1,0,67.58400052785873,4,4,0,5,34,1,0,40,186.839
131,2,0,2,0,165.8879965543747,4,4,0,5,34,1,0,40,186.839
131,2,0,3,0,5.119999870657921,4,4,0,5,34,1,0,40,186.839
131,24,0,0,0,8.191999979317188,4,4,0,3,37,0,0,40,73.21
131,24,0,1,0,62.463998794555664,4,4,0,3,37,0,0,40,73.21
131,24,0,2,0,8.191999979317188,4,4,0,3,37,0,0,40,73.21
131,24,0,3,0,5.119999870657921,4,4,0,3,37,0,0,40,73.21
131,40,0,0,1,14.336000196635723,4,4,0,3,37,0,0,40,236.429
131,40,0,1,1,64.51199948787689,4,4,0,3,37,0,0,40,236.429
131,40,0,2,1,9.216000325977802,4,4,0,3,37,0,0,40,236.429
131,40,0,3,1,147.45600521564484,4,4,0,3,37,0,0,40,236.429
132,2,0,0,0,15.359999611973763,4,4,0,4,35,1,0,40,179.869
132,2,0,1,0,69.63200122117996,4,4,0,4,35,1,0,40,179.869
132,2,0,2,0,173.0560064315796,4,4,0,4,35,1,0,40,179.869
132,2,0,3,0,5.119999870657921,4,4,0,4,35,1,0,40,179.869
132,24,0,0,0,7.168000098317862,4,4,0,3,37,0,0,40,108.479
132,24,0,1,0,71.68000191450119,4,4,0,3,37,0,0,40,108.479
132,24,0,2,0,9.216000325977802,4,4,0,3,37,0,0,40,108.479
132,24,0,3,0,15.359999611973763,4,4,0,3,37,0,0,40,108.479
132,40,0,0,1,8.191999979317188,4,4,0,1,39,0,0,40,69.44
132,40,0,1,1,76.80000364780426,4,4,0,1,39,0,0,40,69.44
132,40,0,2,1,8.191999979317188,4,4,0,1,39,0,0,40,69.44
132,40,0,3,1,4.095999989658594,4,4,0,1,39,0,0,40,69.44
133,2,0,0,0,9.216000325977802,4,4,0,3,37,0,0,40,133.629
133,2,0,1,0,70.65600156784058,4,4,0,3,37,0,0,40,133.629
133,2,0,2,0,9.216000325977802,4,4,0,3,37,0,0,40,133.629
133,2,0,3,0,39.93599861860275,4,4,0,3,37,0,0,40,133.629
133,24,0,0,0,8.191999979317188,4,4,0,2,38,0,0,40,100.61
133,24,0,1,0,69.63200122117996,4,4,0,2,38,0,0,40,100.61
133,24,0,2,0,9.216000325977802,4,4,0,2,38,0,0,40,100.61
133,24,0,3,0,16.383999958634377,4,4,0,2,38,0,0,40,100.61
133,40,0,0,1,14.336000196635723,4,4,0,2,38,0,0,40,111.79
133,40,0,1,1,59.39200147986412,4,4,0,2,38,0,0,40,111.79
133,40,0,2,1,9.216000325977802,4,4,0,2,38,0,0,40,111.79
133,40,0,3,1,23.552000522613525,4,4,0,2,38,0,0,40,111.79
134,2,0,0,0,9.216000325977802,4,4,0,2,38,0,0,40,66.08
134,2,0,1,0,79.8719972372055,4,4,0,2,38,0,0,40,66.08
134,2,0,2,0,9.216000325977802,4,4,0,2,38,0,0,40,66.08
134,2,0,3,0,5.119999870657921,4,4,0,2,38,0,0,40,66.08
134,24,0,0,0,8.191999979317188,4,4,0,3,37,0,0,40,134.28
134,24,0,1,0,61.43999844789505,4,4,0,3,37,0,0,40,134.28
134,24,0,2,0,8.191999979317188,4,4,0,3,37,0,0,40,134.28
134,24,0,3,0,56.32000043988228,4,4,0,3,37,0,0,40,134.28
134,40,0,0,1,9.216000325977802,4,4,0,0,40,0,0,40,3.24
134,40,0,1,1,88.06400001049042,4,4,0,0,40,0,0,40,3.24
134,40,0,2,1,10.239999741315842,4,4,0,0,40,0,0,40,3.24
134,40,0,3,1,4.095999989658594,4,4,0,0,40,0,0,40,3.24
135,2,0,0,0,9.216000325977802,4,4,0,7,32,1,0,40,323.058
135,2,0,1,0,66.56000018119812,4,4,0,7,32,1,0,40,323.058
135,2,0,2,0,165.8879965543747,4,4,0,7,32,1,0,40,323.058
135,2,0,3,0,75.77600330114365,4,4,0,7,32,1,0,40,323.058
135,24,0,0,0,8.191999979317188,4,4,0,3,37,0,0,40,134.109
135,24,0,1,0,81.91999793052673,4,4,0,3,37,0,0,40,134.109
135,24,0,2,0,9.216000325977802,4,4,0,3,37,0,0,40,134.109
135,24,0,3,0,30.719999223947525,4,4,0,3,37,0,0,40,134.109
135,40,0,0,1,7.168000098317862,4,4,0,1,39,0,0,40,190.239
135,40,0,1,1,88.06400001049042,4,4,0,1,39,0,0,40,190.239
135,40,0,2,1,9.216000325977802,4,4,0,1,39,0,0,40,190.239
135,40,0,3,1,102.39999741315842,4,4,0,1,39,0,0,40,190.239
136,2,0,0,0,15.359999611973763,4,4,0,3,37,0,0,40,187.91
136,2,0,1,0,66.56000018119812,4,4,0,3,37,0,0,40,187.91
136,2,0,2,0,9.216000325977802,4,4,0,3,37,0,0,40,187.91
136,2,0,3,0,93.18400174379349,4,4,0,3,37,0,0,40,187.91
136,24,0,0,0,8.191999979317188,4,4,0,2,38,0,0,40,109.479
136,24,0,1,0,76.80000364780426,4,4,0,2,38,0,0,40,109.479
136,24,0,2,0,9.216000325977802,4,4,0,2,38,0,0,40,109.479
136,24,0,3,0,12.28800043463707,4,4,0,2,38,0,0,40,109.479
136,40,0,0,1,9.216000325977802,4,4,0,3,37,0,0,40,183.828
136,40,0,1,1,89.08800035715103,4,4,0,3,37,0,0,40,183.828
136,40,0,2,1,9.216000325977802,4,4,0,3,37,0,0,40,183.828
136,40,0,3,1,72.7040022611618,4,4,0,3,37,0,0,40,183.828
137,2,0,0,0,67.58400052785873,4,4,0,0,40,0,0,40,3.749
137,2,0,1,0,78.84799689054489,4,4,0,0,40,0,0,40,3.749
137,2,0,2,0,8.191999979317188,4,4,0,0,40,0,0,40,3.749
137,2,0,3,0,6.144000217318535,4,4,0,0,40,0,0,40,3.749
137,24,0,0,0,8.191999979317188,4,4,0,2,38,0,0,40,115.679
137,24,0,1,0,89.08800035715103,4,4,0,2,38,0,0,40,115.679
137,24,0,2,0,9.216000325977802,4,4,0,2,38,0,0,40,115.679
137,24,0,3,0,11.264000087976456,4,4,0,2,38,0,0,40,115.679
137,40,0,0,1,9.216000325977802,4,4,0,1,39,0,0,40,79.11
137,40,0,1,1,95.23200243711472,4,4,0,1,39,0,0,40,79.11
137,40,0,2,1,13.311999849975109,4,4,0,1,39,0,0,40,79.11
137,40,0,3,1,4.095999989658594,4,4,0,1,39,0,0,40,79.11
138,2,0,0,0,9.216000325977802,4,4,0,8,30,2,0,40,415.198
138,2,0,1,0,67.58400052785873,4,4,0,8,30,2,0,40,415.198
138,2,0,2,0,312.3199939727783,4,4,0,8,30,2,0,40,415.198
138,2,0,3,0,28.672000393271446,4,4,0,8,30,2,0,40,415.198
138,24,0,0,0,8.191999979317188,4,4,0,1,39,0,0,40,66.8
138,24,0,1,0,84.99199897050858,4,4,0,1,39,0,0,40,66.8
138,24,0,2,0,9.216000325977802,4,4,0,1,39,0,0,40,66.8
138,24,0,3,0,4.095999989658594,4,4,0,1,39,0,0,40,66.8
138,40,0,0,1,79.8719972372055,4,4,0,2,38,0,0,40,154.06
138,40,0,1,1,92.16000139713287,4,4,0,2,38,0,0,40,154.06
138,40,0,2,1,8.191999979317188,4,4,0,2,38,0,0,40,154.06
138,40,0,3,1,46.08000069856644,4,4,0,2,38,0,0,40,154.06
139,2,0,0,0,9.216000325977802,4,4,0,5,34,1,0,40,248.368
139,2,0,1,0,69.63200122117996,4,4,0,5,34,1,0,40,248.368
139,2,0,2,0,167.93599724769592,4,4,0,5,34,1,0,40,248.368
139,2,0,3,0,6.144000217318535,4,4,0,5,34,1,0,40,248.368
139,24,0,0,0,9.216000325977802,4,4,0,1,39,0,0,40,131.04
139,24,0,1,0,83.96799862384796,4,4,0,1,39,0,0,40,131.04
139,24,0,2,0,9.216000325977802,4,4,0,1,39,0,0,40,131.04
139,24,0,3,0,23.552000522613525,4,4,0,1,39,0,0,40,131.04
139,40,0,0,1,2767.872095108032,4,4,0,0,40,0,0,40,4.34
139,40,0,1,1,94.2080020904541,4,4,0,0,40,0,0,40,4.34
139,40,0,2,1,9.216000325977802,4,4,0,0,40,0,0,40,4.34
139,40,0,3,1,3.0720001086592674,4,4,0,0,40,0,0,40,4.34
140,2,0,0,0,9.216000325977802,4,4,0,4,36,0,0,40,135.679
140,2,0,1,0,79.8719972372055,4,4,0,4,36,0,0,40,135.679
140,2,0,2,0,9.216000325977802,4,4,0,4,36,0,0,40,135.679
140,2,0,3,0,33.79200026392937,4,4,0,4,36,0,0,40,135.679
140,24,0,0,0,9.216000325977802,4,4,0,4,35,1,0,40,1193.145
140,24,0,1,0,73.72800260782242,4,4,0,4,35,1,0,40,1193.145
140,24,0,2,0,163.83999586105347,4,4,0,4,35,1,0,40,1193.145
140,24,0,3,0,942.080020904541,4,4,0,4,35,1,0,40,1193.145
140,40,0,0,1,8.191999979317188,4,4,0,2,38,0,0,40,114.439
140,40,0,1,1,55.296000093221664,4,4,0,2,38,0,0,40,114.439
140,40,0,2,1,8.191999979317188,4,4,0,2,38,0,0,40,114.439
140,40,0,3,1,36.86400130391121,4,4,0,2,38,0,0,40,114.439
141,2,0,0,0,9.216000325977802,4,4,0,5,34,1,0,40,191.379
141,2,0,1,0,69.63200122117996,4,4,0,5,34,1,0,40,191.379
141,2,0,2,0,168.96000504493713,4,4,0,5,34,1,0,40,191.379
141,2,0,3,0,6.144000217318535,4,4,0,5,34,1,0,40,191.379
141,24,0,0,0,14.336000196635723,4,4,0,4,35,1,0,40,160.999
141,24,0,1,0,67.58400052785873,4,4,0,4,35,1,0,40,160.999
141,24,0,2,0,162.81600296497345,4,4,0,4,35,1,0,40,160.999
141,24,0,3,0,4.095999989658594,4,4,0,4,35,1,0,40,160.999
141,40,0,0,1,13.311999849975109,4,4,0,2,38,0,0,40,136.739
141,40,0,1,1,59.39200147986412,4,4,0,2,38,0,0,40,136.739
141,40,0,2,1,9.216000325977802,4,4,0,2,38,0,0,40,136.739
141,40,0,3,1,48.128001391887665,4,4,0,2,38,0,0,40,136.739
142,2,0,0,0,9.216000325977802,4,4,0,1,39,0,0,40,57.409
142,2,0,1,0,70.65600156784058,4,4,0,1,39,0,0,40,57.409
142,2,0,2,0,9.216000325977802,4,4,0,1,39,0,0,40,57.409
142,2,0,3,0,5.119999870657921,4,4,0,1,39,0,0,40,57.409
142,24,0,0,0,3025.9199142456055,4,4,0,3,36,1,0,40,181.829
142,24,0,1,0,54.27199974656105,4,4,0,3,36,1,0,40,181.829
142,24,0,2,0,163.83999586105347,4,4,0,3,36,1,0,40,181.829
142,24,0,3,0,4.095999989658594,4,4,0,3,36,1,0,40,181.829
142,40,0,0,1,8.191999979317188,4,4,0,0,40,0,0,40,3.829
142,40,0,1,1,60.416001826524734,4,4,0,0,40,0,0,40,3.829
142,40,0,2,1,8.191999979317188,4,4,0,0,40,0,0,40,3.829
142,40,0,3,1,4.095999989658594,4,4,0,0,40,0,0,40,3.829
143,2,0,0,0,9.216000325977802,2,2,0,1,19,0,0,20,78.55
143,2,0,1,0,45.05600035190582,2,2,0,1,19,0,0,20,78.55
143,2,0,2,0,10.239999741315842,2,2,0,1,19,0,0,20,78.55
143,2,0,3,0,11.264000087976456,2,2,0,1,19,0,0,20,78.55
143,24,0,0,0,9.216000325977802,2,2,0,1,19,0,0,20,72.54
143,24,0,1,0,48.128001391887665,2,2,0,1,19,0,0,20,72.54
143,24,0,2,0,8.191999979317188,2,2,0,1,19,0,0,20,72.54
143,24,0,3,0,4.095999989658594,2,2,0,1,19,0,0,20,72.54
143,40,0,0,1,9.216000325977802,2,2,0,0,20,0,0,20,1.66
143,40,0,1,1,54.27199974656105,2,2,0,0,20,0,0,20,1.66
143,40,0,2,1,9.216000325977802,2,2,0,0,20,0,0,20,1.66
143,40,0,3,1,4.095999989658594,2,2,0,0,20,0,0,20,1.66
144,2,0,0,0,18.432000651955605,3,3,0,0,30,0,0,30,4.51
144,2,0,1,0,66.56000018119812,3,3,0,0,30,0,0,30,4.51
144,2,0,2,0,8.191999979317188,3,3,0,0,30,0,0,30,4.51
144,2,0,3,0,5.119999870657921,3,3,0,0,30,0,0,30,4.51
144,24,0,0,0,8.191999979317188,3,3,0,0,30,0,0,30,3.62
144,24,0,1,0,56.32000043988228,3,3,0,0,30,0,0,30,3.62
144,24,0,2,0,9.216000325977802,3,3,0,0,30,0,0,30,3.62
144,24,0,3,0,4.095999989658594,3,3,0,0,30,0,0,30,3.62
144,40,0,0,1,9.216000325977802,3,3,0,0,30,0,0,30,1.51
144,40,0,1,1,56.32000043988228,3,3,0,0,30,0,0,30,1.51
144,40,0,2,1,10.239999741315842,3,3,0,0,30,0,0,30,1.51
144,40,0,3,1,4.095999989658594,3,3,0,0,30,0,0,30,1.51
145,2,0,0,0,9.216000325977802,4,4,0,0,40,0,0,40,3.689
145,2,0,1,0,75.77600330114365,4,4,0,0,40,0,0,40,3.689
145,2,0,2,0,9.216000325977802,4,4,0,0,40,0,0,40,3.689
145,2,0,3,0,7.168000098317862,4,4,0,0,40,0,0,40,3.689
145,24,0,0,0,8.191999979317188,4,4,0,0,40,0,0,40,2.49
145,24,0,1,0,60.416001826524734,4,4,0,0,40,0,0,40,2.49
145,24,0,2,0,9.216000325977802,4,4,0,0,40,0,0,40,2.49
145,24,0,3,0,4.095999989658594,4,4,0,0,40,0,0,40,2.49
145,40,0,0,1,8.191999979317188,4,4,0,0,40,0,0,40,3.509
145,40,0,1,1,59.39200147986412,4,4,0,0,40,0,0,40,3.509
145,40,0,2,1,9.216000325977802,4,4,0,0,40,0,0,40,3.509
145,40,0,3,1,4.095999989658594,4,4,0,0,40,0,0,40,3.509
146,2,0,0,0,9.216000325977802,4,4,0,0,40,0,0,40,2.66
146,2,0,1,0,71.68000191450119,4,4,0,0,40,0,0,40,2.66
146,2,0,2,0,9.216000325977802,4,4,0,0,40,0,0,40,2.66
146,2,0,3,0,5.119999870657921,4,4,0,0,40,0,0,40,2.66
146,24,0,0,0,8.191999979317188,4,4,0,0,40,0,0,40,2.529
146,24,0,1,0,61.43999844789505,4,4,0,0,40,0,0,40,2.529
146,24,0,2,0,9.216000325977802,4,4,0,0,40,0,0,40,2.529
146,24,0,3,0,4.095999989658594,4,4,0,0,40,0,0,40,2.529
146,40,0,0,1,8.191999979317188,4,4,0,0,40,0,0,40,2.02
146,40,0,1,1,50.175998359918594,4,4,0,0,40,0,0,40,2.02
146,40,0,2,1,8.191999979317188,4,4,0,0,40,0,0,40,2.02
146,40,0,3,1,5.119999870657921,4,4,0,0,40,0,0,40,2.02
147,2,0,0,0,9.216000325977802,3,3,0,0,30,0,0,30,2.33
147,2,0,1,0,69.63200122117996,3,3,0,0,30,0,0,30,2.33
147,2,0,2,0,9.216000325977802,3,3,0,0,30,0,0,30,2.33
147,2,0,3,0,6.144000217318535,3,3,0,0,30,0,0,30,2.33
147,24,0,0,0,9.216000325977802,3,3,0,0,30,0,0,30,1.7
147,24,0,1,0,55.296000093221664,3,3,0,0,30,0,0,30,1.7
147,24,0,2,0,8.191999979317188,3,3,0,0,30,0,0,30,1.7
147,24,0,3,0,4.095999989658594,3,3,0,0,30,0,0,30,1.7
147,40,0,0,1,9.216000325977802,3,3,0,0,30,0,0,30,1.93
147,40,0,1,1,60.416001826524734,3,3,0,0,30,0,0,30,1.93
147,40,0,2,1,9.216000325977802,3,3,0,0,30,0,0,30,1.93
147,40,0,3,1,4.095999989658594,3,3,0,0,30,0,0,30,1.93
148,2,0,0,0,8.191999979317188,2,2,0,0,20,0,0,20,1.41
148,2,0,1,0,46.08000069856644,2,2,0,0,20,0,0,20,1.41
148,2,0,2,0,9.216000325977802,2,2,0,0,20,0,0,20,1.41
148,2,0,3,0,5.119999870657921,2,2,0,0,20,0,0,20,1.41
148,24,0,0,0,7.168000098317862,2,2,0,0,20,0,0,20,0.949
148,24,0,1,0,45.05600035190582,2,2,0,0,20,0,0,20,0.949
148,24,0,2,0,9.216000325977802,2,2,0,0,20,0,0,20,0.949
148,24,0,3,0,4.095999989658594,2,2,0,0,20,0,0,20,0.949
148,40,0,0,1,15.359999611973763,2,2,0,0,20,0,0,20,0.771
148,40,0,1,1,43.007999658584595,2,2,0,0,20,0,0,20,0.771
148,40,0,2,1,9.216000325977802,2,2,0,0,20,0,0,20,0.771
148,40,0,3,1,4.095999989658594,2,2,0,0,20,0,0,20,0.771
149,2,0,0,0,8.191999979317188,2,2,0,0,20,0,0,20,1.28
149,2,0,1,0,51.19999870657921,2,2,0,0,20,0,0,20,1.28
149,2,0,2,0,9.216000325977802,2,2,0,0,20,0,0,20,1.28
149,2,0,3,0,5.119999870657921,2,2,0,0,20,0,0,20,1.28
149,24,0,0,0,8.191999979317188,2,2,0,0,20,0,0,20,0.79
149,24,0,1,0,57.34400078654289,2,2,0,0,20,0,0,20,0.79
149,24,0,2,0,9.216000325977802,2,2,0,0,20,0,0,20,0.79
149,24,0,3,0,4.095999989658594,2,2,0,0,20,0,0,20,0.79
149,40,0,0,1,8.191999979317188,2,2,0,0,20,0,0,20,0.931
149,40,0,1,1,51.19999870657921,2,2,0,0,20,0,0,20,0.931
149,40,0,2,1,8.191999979317188,2,2,0,0,20,0,0,20,0.931
149,40,0,3,1,4.095999989658594,2,2,0,0,20,0,0,20,0.931
150,2,0,0,0,8.191999979317188,3,3,0,0,30,0,0,30,2.49
150,2,0,1,0,64.51199948787689,3,3,0,0,30,0,0,30,2.49
150,2,0,2,0,9.216000325977802,3,3,0,0,30,0,0,30,2.49
150,2,0,3,0,5.119999870657921,3,3,0,0,30,0,0,30,2.49
150,24,0,0,0,8.191999979317188,3,3,0,0,30,0,0,30,1.7
150,24,0,1,0,55.296000093221664,3,3,0,0,30,0,0,30,1.7
150,24,0,2,0,9.216000325977802,3,3,0,0,30,0,0,30,1.7
150,24,0,3,0,4.095999989658594,3,3,0,0,30,0,0,30,1.7
150,40,0,0,1,9.216000325977802,3,3,0,0,30,0,0,30,1.389
150,40,0,1,1,61.43999844789505,3,3,0,0,30,0,0,30,1.389
150,40,0,2,1,9.216000325977802,3,3,0,0,30,0,0,30,1.389
150,40,0,3,1,4.095999989658594,3,3,0,0,30,0,0,30,1.389
151,2,0,0,0,8.191999979317188,2,2,0,0,20,0,0,20,0.92
151,2,0,1,0,45.05600035190582,2,2,0,0,20,0,0,20,0.92
151,2,0,2,0,8.191999979317188,2,2,0,0,20,0,0,20,0.92
151,2,0,3,0,5.119999870657921,2,2,0,0,20,0,0,20,0.92
151,24,0,0,0,8.191999979317188,2,2,0,0,20,0,0,20,2.37
151,24,0,1,0,40.95999896526337,2,2,0,0,20,0,0,20,2.37
151,24,0,2,0,9.216000325977802,2,2,0,0,20,0,0,20,2.37
151,24,0,3,0,5.119999870657921,2,2,0,0,20,0,0,20,2.37
151,40,0,0,1,9.216000325977802,2,2,0,0,20,0,0,20,1.89
151,40,0,1,1,48.128001391887665,2,2,0,0,20,0,0,20,1.89
151,40,0,2,1,9.216000325977802,2,2,0,0,20,0,0,20,1.89
151,40,0,3,1,4.095999989658594,2,2,0,0,20,0,0,20,1.89
152,2,0,0,0,8.191999979317188,4,4,0,0,40,0,0,40,2.54
152,2,0,1,0,82.94399827718735,4,4,0,0,40,0,0,40,2.54
152,2,0,2,0,9.216000325977802,4,4,0,0,40,0,0,40,2.54
152,2,0,3,0,5.119999870657921,4,4,0,0,40,0,0,40,2.54
152,24,0,0,0,7.168000098317862,4,4,0,1,39,0,0,40,63.58
152,24,0,1,0,78.84799689054489,4,4,0,1,39,0,0,40,63.58
152,24,0,2,0,9.216000325977802,4,4,0,1,39,0,0,40,63.58
152,24,0,3,0,4.095999989658594,4,4,0,1,39,0,0,40,63.58
152,40,0,0,1,9.216000325977802,4,4,0,0,40,0,0,40,3.25
152,40,0,1,1,73.72800260782242,4,4,0,0,40,0,0,40,3.25
152,40,0,2,1,8.191999979317188,4,4,0,0,40,0,0,40,3.25
152,40,0,3,1,4.095999989658594,4,4,0,0,40,0,0,40,3.25
153,2,0,0,0,9.216000325977802,4,4,0,2,38,0,0,40,112.49
153,2,0,1,0,69.63200122117996,4,4,0,2,38,0,0,40,112.49
153,2,0,2,0,9.216000325977802,4,4,0,2,38,0,0,40,112.49
153,2,0,3,0,19.45599913597107,4,4,0,2,38,0,0,40,112.49
153,24,0,0,0,8.191999979317188,4,4,0,3,37,0,0,40,152.61
153,24,0,1,0,62.463998794555664,4,4,0,3,37,0,0,40,152.61
153,24,0,2,0,9.216000325977802,4,4,0,3,37,0,0,40,152.61
153,24,0,3,0,69.63200122117996,4,4,0,3,37,0,0,40,152.61
153,40,0,0,1,9.216000325977802,4,4,0,0,40,0,0,40,1.26
153,40,0,1,1,46.08000069856644,4,4,0,0,40,0,0,40,1.26
153,40,0,2,1,9.216000325977802,4,4,0,0,40,0,0,40,1.26
153,40,0,3,1,4.095999989658594,4,4,0,0,40,0,0,40,1.26
154,2,0,0,0,15.359999611973763,4,4,0,1,39,0,0,40,73.15
154,2,0,1,0,74.75200295448303,4,4,0,1,39,0,0,40,73.15
154,2,0,2,0,9.216000325977802,4,4,0,1,39,0,0,40,73.15
154,2,0,3,0,5.119999870657921,4,4,0,1,39,0,0,40,73.15
154,24,0,0,0,8.191999979317188,4,4,0,3,37,0,0,40,139.3
154,24,0,1,0,57.34400078654289,4,4,0,3,37,0,0,40,139.3
154,24,0,2,0,8.191999979317188,4,4,0,3,37,0,0,40,139.3
154,24,0,3,0,76.80000364780426,4,4,0,3,37,0,0,40,139.3
154,40,0,0,1,14.336000196635723,4,4,0,0,40,0,0,40,2.59
154,40,0,1,1,47.10400104522705,4,4,0,0,40,0,0,40,2.59
154,40,0,2,1,8.191999979317188,4,4,0,0,40,0,0,40,2.59
154,40,0,3,1,4.095999989658594,4,4,0,0,40,0,0,40,2.59
155,2,0,0,0,8.191999979317188,4,4,0,0,40,0,0,40,2.2
155,2,0,1,0,62.463998794555664,4,4,0,0,40,0,0,40,2.2
155,2,0,2,0,9.216000325977802,4,4,0,0,40,0,0,40,2.2
155,2,0,3,0,6.144000217318535,4,4,0,0,40,0,0,40,2.2
155,24,0,0,0,7.168000098317862,4,4,0,4,36,0,0,40,276.989
155,24,0,1,0,52.22399905323982,4,4,0,4,36,0,0,40,276.989
155,24,0,2,0,9.216000325977802,4,4,0,4,36,0,0,40,276.989
155,24,0,3,0,204.79999482631683,4,4,0,4,36,0,0,40,276.989
155,40,0,0,1,9.216000325977802,4,4,0,0,40,0,0,40,2.71
155,40,0,1,1,69.63200122117996,4,4,0,0,40,0,0,40,2.71
155,40,0,2,1,9.216000325977802,4,4,0,0,40,0,0,40,2.71
155,40,0,3,1,4.095999989658594,4,4,0,0,40,0,0,40,2.71
156,2,0,0,0,9.216000325977802,4,4,0,0,40,0,0,40,3.09
156,2,0,1,0,70.65600156784058,4,4,0,0,40,0,0,40,3.09
156,2,0,2,0,8.191999979317188,4,4,0,0,40,0,0,40,3.09
156,2,0,3,0,5.119999870657921,4,4,0,0,40,0,0,40,3.09
156,24,0,0,0,8.191999979317188,4,4,0,2,38,0,0,40,101.769
156,24,0,1,0,67.58400052785873,4,4,0,2,38,0,0,40,101.769
156,24,0,2,0,9.216000325977802,4,4,0,2,38,0,0,40,101.769
156,24,0,3,0,10.239999741315842,4,4,0,2,38,0,0,40,101.769
156,40,0,0,1,7.168000098317862,4,4,0,0,40,0,0,40,2.62
156,40,0,1,1,56.32000043988228,4,4,0,0,40,0,0,40,2.62
156,40,0,2,1,10.239999741315842,4,4,0,0,40,0,0,40,2.62
156,40,0,3,1,3.0720001086592674,4,4,0,0,40,0,0,40,2.62
157,2,0,0,0,9.216000325977802,4,4,0,1,39,0,0,40,55.25
157,2,0,1,0,68.60800087451935,4,4,0,1,39,0,0,40,55.25
157,2,0,2,0,9.216000325977802,4,4,0,1,39,0,0,40,55.25
157,2,0,3,0,5.119999870657921,4,4,0,1,39,0,0,40,55.25
157,24,0,0,0,8.191999979317188,4,4,0,4,36,0,0,40,157.229
157,24,0,1,0,59.39200147986412,4,4,0,4,36,0,0,40,157.229
157,24,0,2,0,9.216000325977802,4,4,0,4,36,0,0,40,157.229
157,24,0,3,0,75.77600330114365,4,4,0,4,36,0,0,40,157.229
157,40,0,0,1,14.336000196635723,4,4,0,2,38,0,0,40,107.34
157,40,0,1,1,84.99199897050858,4,4,0,2,38,0,0,40,107.34
157,40,0,2,1,9.216000325977802,4,4,0,2,38,0,0,40,107.34
157,40,0,3,1,4.095999989658594,4,4,0,2,38,0,0,40,107.34
158,2,0,0,0,9.216000325977802,4,4,0,1,39,0,0,40,55.61
158,2,0,1,0,82.94399827718735,4,4,0,1,39,0,0,40,55.61
158,2,0,2,0,9.216000325977802,4,4,0,1,39,0,0,40,55.61
158,2,0,3,0,5.119999870657921,4,4,0,1,39,0,0,40,55.61
158,24,0,0,0,8.191999979317188,4,4,0,2,38,0,0,40,90.329
158,24,0,1,0,58.36800113320351,4,4,0,2,38,0,0,40,90.329
158,24,0,2,0,9.216000325977802,4,4,0,2,38,0,0,40,90.329
158,24,0,3,0,11.264000087976456,4,4,0,2,38,0,0,40,90.329
158,40,0,0,1,7.168000098317862,4,4,0,0,40,0,0,40,2.43
158,40,0,1,1,65.5359998345375,4,4,0,0,40,0,0,40,2.43
158,40,0,2,1,9.216000325977802,4,4,0,0,40,0,0,40,2.43
158,40,0,3,1,4.095999989658594,4,4,0,0,40,0,0,40,2.43
159,2,0,0,0,9.216000325977802,3,3,0,0,30,0,0,30,2.81
159,2,0,1,0,71.68000191450119,3,3,0,0,30,0,0,30,2.81
159,2,0,2,0,8.191999979317188,3,3,0,0,30,0,0,30,2.81
159,2,0,3,0,5.119999870657921,3,3,0,0,30,0,0,30,2.81
159,24,0,0,0,8.191999979317188,3,3,0,0,30,0,0,30,1.47
159,24,0,1,0,50.175998359918594,3,3,0,0,30,0,0,30,1.47
159,24,0,2,0,9.216000325977802,3,3,0,0,30,0,0,30,1.47
159,24,0,3,0,3.0720001086592674,3,3,0,0,30,0,0,30,1.47
159,40,0,0,1,15.359999611973763,3,3,0,0,30,0,0,30,2.06
159,40,0,1,1,50.175998359918594,3,3,0,0,30,0,0,30,2.06
159,40,0,2,1,9.216000325977802,3,3,0,0,30,0,0,30,2.06
159,40,0,3,1,4.095999989658594,3,3,0,0,30,0,0,30,2.06
160,2,0,0,0,9.216000325977802,1,1,0,0,10,0,0,10,0.62
160,2,0,1,0,31.74399957060814,1,1,0,0,10,0,0,10,0.62
160,2,0,2,0,9.216000325977802,1,1,0,0,10,0,0,10,0.62
160,2,0,3,0,7.168000098317862,1,1,0,0,10,0,0,10,0.62
160,24,0,0,0,8.191999979317188,1,1,0,0,10,0,0,10,0.53
160,24,0,1,0,31.74399957060814,1,1,0,0,10,0,0,10,0.53
160,24,0,2,0,8.191999979317188,1,1,0,0,10,0,0,10,0.53
160,24,0,3,0,4.095999989658594,1,1,0,0,10,0,0,10,0.53
160,40,0,0,1,8.191999979317188,1,1,0,0,10,0,0,10,0.731
160,40,0,1,1,34.81600061058998,1,1,0,0,10,0,0,10,0.731
160,40,0,2,1,9.216000325977802,1,1,0,0,10,0,0,10,0.731
160,40,0,3,1,4.095999989658594,1,1,0,0,10,0,0,10,0.731
161,2,0,0,0,9.216000325977802,3,3,0,0,30,0,0,30,2.849
161,2,0,1,0,70.65600156784058,3,3,0,0,30,0,0,30,2.849
161,2,0,2,0,9.216000325977802,3,3,0,0,30,0,0,30,2.849
161,2,0,3,0,5.119999870657921,3,3,0,0,30,0,0,30,2.849
161,24,0,0,0,7.168000098317862,3,3,0,0,30,0,0,30,1.8
161,24,0,1,0,54.27199974656105,3,3,0,0,30,0,0,30,1.8
161,24,0,2,0,9.216000325977802,3,3,0,0,30,0,0,30,1.8
161,24,0,3,0,4.095999989658594,3,3,0,0,30,0,0,30,1.8
161,40,0,0,1,9.216000325977802,3,3,0,1,29,0,0,30,82.9
161,40,0,1,1,46.08000069856644,3,3,0,1,29,0,0,30,82.9
161,40,0,2,1,10.239999741315842,3,3,0,1,29,0,0,30,82.9
161,40,0,3,1,11.264000087976456,3,3,0,1,29,0,0,30,82.9
162,2,0,0,0,17.40800030529499,1,1,0,0,10,0,0,10,1.03
162,2,0,1,0,31.74399957060814,1,1,0,0,10,0,0,10,1.03
162,2,0,2,0,9.216000325977802,1,1,0,0,10,0,0,10,1.03
162,2,0,3,0,4.095999989658594,1,1,0,0,10,0,0,10,1.03
162,24,0,0,0,9.216000325977802,1,1,0,0,10,0,0,10,0.829
162,24,0,1,0,31.74399957060814,1,1,0,0,10,0,0,10,0.829
162,24,0,2,0,9.216000325977802,1,1,0,0,10,0,0,10,0.829
162,24,0,3,0,4.095999989658594,1,1,0,0,10,0,0,10,0.829
162,40,0,0,1,44.03200000524521,1,1,0,0,10,0,0,10,0.751
162,40,0,1,1,34.81600061058998,1,1,0,0,10,0,0,10,0.751
162,40,0,2,1,9.216000325977802,1,1,0,0,10,0,0,10,0.751
162,40,0,3,1,4.095999989658594,1,1,0,0,10,0,0,10,0.751
163,2,0,0,0,106.49599879980087,4,4,0,3,37,0,0,40,102.7
163,2,0,1,0,49.15200173854828,4,4,0,3,37,0,0,40,102.7
163,2,0,2,0,9.216000325977802,4,4,0,3,37,0,0,40,102.7
163,2,0,3,0,34.81600061058998,4,4,0,3,37,0,0,40,102.7
163,24,0,0,0,80.89599758386612,4,4,0,0,40,0,0,40,2.79
163,24,0,1,0,71.68000191450119,4,4,0,0,40,0,0,40,2.79
163,24,0,2,0,9.216000325977802,4,4,0,0,40,0,0,40,2.79
163,24,0,3,0,4.095999989658594,4,4,0,0,40,0,0,40,2.79
163,40,0,0,1,68.60800087451935,4,4,0,1,39,0,0,40,86.2
163,40,0,1,1,58.36800113320351,4,4,0,1,39,0,0,40,86.2
163,40,0,2,1,10.239999741315842,4,4,0,1,39,0,0,40,86.2
163,40,0,3,1,13.311999849975109,4,4,0,1,39,0,0,40,86.2
164,2,0,0,0,53.247999399900436,3,3,0,1,29,0,0,30,49.251
164,2,0,1,0,60.416001826524734,3,3,0,1,29,0,0,30,49.251
164,2,0,2,0,8.191999979317188,3,3,0,1,29,0,0,30,49.251
164,2,0,3,0,6.144000217318535,3,3,0,1,29,0,0,30,49.251
164,24,0,0,0,9.216000325977802,3,3,0,1,29,0,0,30,51.869
164,24,0,1,0,54.27199974656105,3,3,0,1,29,0,0,30,51.869
164,24,0,2,0,8.191999979317188,3,3,0,1,29,0,0,30,51.869
164,24,0,3,0,4.095999989658594,3,3,0,1,29,0,0,30,51.869
164,40,0,0,1,15.359999611973763,3,3,0,0,30,0,0,30,1.43
164,40,0,1,1,48.128001391887665,3,3,0,0,30,0,0,30,1.43
164,40,0,2,1,9.216000325977802,3,3,0,0,30,0,0,30,1.43
164,40,0,3,1,4.095999989658594,3,3,0,0,30,0,0,30,1.43
165,2,0,0,0,9.216000325977802,1,1,0,0,10,0,0,10,1.06
165,2,0,1,0,31.74399957060814,1,1,0,0,10,0,0,10,1.06
165,2,0,2,0,8.191999979317188,1,1,0,0,10,0,0,10,1.06
165,2,0,3,0,5.119999870657921,1,1,0,0,10,0,0,10,1.06
165,24,0,0,0,8.191999979317188,1,1,0,0,10,0,0,10,0.86
165,24,0,1,0,31.74399957060814,1,1,0,0,10,0,0,10,0.86
165,24,0,2,0,9.216000325977802,1,1,0,0,10,0,0,10,0.86
165,24,0,3,0,4.095999989658594,1,1,0,0,10,0,0,10,0.86
165,40,0,0,1,9.216000325977802,1,1,0,0,10,0,0,10,0.78
165,40,0,1,1,34.81600061058998,1,1,0,0,10,0,0,10,0.78
165,40,0,2,1,8.191999979317188,1,1,0,0,10,0,0,10,0.78
165,40,0,3,1,4.095999989658594,1,1,0,0,10,0,0,10,0.78
166,2,0,0,0,79.8719972372055,4,4,0,0,40,0,0,40,2.699
166,2,0,1,0,84.99199897050858,4,4,0,0,40,0,0,40,2.699
166,2,0,2,0,9.216000325977802,4,4,0,0,40,0,0,40,2.699
166,2,0,3,0,5.119999870657921,4,4,0,0,40,0,0,40,2.699
166,24,0,0,0,36.86400130391121,4,4,0,0,40,0,0,40,2.86
166,24,0,1,0,74.75200295448303,4,4,0,0,40,0,0,40,2.86
166,24,0,2,0,9.216000325977802,4,4,0,0,40,0,0,40,2.86
166,24,0,3,0,4.095999989658594,4,4,0,0,40,0,0,40,2.86
166,40,0,0,1,40.95999896526337,4,4,0,0,40,0,0,40,2.189
166,40,0,1,1,95.23200243711472,4,4,0,0,40,0,0,40,2.189
166,40,0,2,1,9.216000325977802,4,4,0,0,40,0,0,40,2.189
166,40,0,3,1,4.095999989658594,4,4,0,0,40,0,0,40,2.189
167,2,0,0,0,15.359999611973763,4,4,0,2,38,0,0,40,85.389
167,2,0,1,0,74.75200295448303,4,4,0,2,38,0,0,40,85.389
167,2,0,2,0,9.216000325977802,4,4,0,2,38,0,0,40,85.389
167,2,0,3,0,5.119999870657921,4,4,0,2,38,0,0,40,85.389
167,24,0,0,0,8.191999979317188,4,4,0,3,37,0,0,40,127.06
167,24,0,1,0,75.77600330114365,4,4,0,3,37,0,0,40,127.06
167,24,0,2,0,9.216000325977802,4,4,0,3,37,0,0,40,127.06
167,24,0,3,0,27.648000046610832,4,4,0,3,37,0,0,40,127.06
167,40,0,0,1,14.336000196635723,4,4,0,3,37,0,0,40,151.699
167,40,0,1,1,68.60800087451935,4,4,0,3,37,0,0,40,151.699
167,40,0,2,1,9.216000325977802,4,4,0,3,37,0,0,40,151.699
167,40,0,3,1,58.36800113320351,4,4,0,3,37,0,0,40,151.699
168,2,0,0,0,98.30400347709656,4,4,0,5,34,1,0,40,124.71
168,2,0,1,0,74.75200295448303,4,4,0,5,34,1,0,40,124.71
168,2,0,2,0,167.93599724769592,4,4,0,5,34,1,0,40,124.71
168,2,0,3,0,5.119999870657921,4,4,0,5,34,1,0,40,124.71
168,24,0,0,0,47.10400104522705,4,4,0,0,40,0,0,40,2.909
168,24,0,1,0,70.65600156784058,4,4,0,0,40,0,0,40,2.909
168,24,0,2,0,9.216000325977802,4,4,0,0,40,0,0,40,2.909
168,24,0,3,0,4.095999989658594,4,4,0,0,40,0,0,40,2.909
168,40,0,0,1,8.191999979317188,4,4,0,3,37,0,0,40,153.819
168,40,0,1,1,79.8719972372055,4,4,0,3,37,0,0,40,153.819
168,40,0,2,1,8.191999979317188,4,4,0,3,37,0,0,40,153.819
168,40,0,3,1,53.247999399900436,4,4,0,3,37,0,0,40,153.819
169,2,0,0,0,31.74399957060814,4,4,0,2,38,0,0,40,89.02
169,2,0,1,0,70.65600156784058,4,4,0,2,38,0,0,40,89.02
169,2,0,2,0,9.216000325977802,4,4,0,2,38,0,0,40,89.02
169,2,0,3,0,6.144000217318535,4,4,0,2,38,0,0,40,89.02
169,24,0,0,0,7.168000098317862,4,4,0,0,40,0,0,40,3.4
169,24,0,1,0,68.60800087451935,4,4,0,0,40,0,0,40,3.4
169,24,0,2,0,9.216000325977802,4,4,0,0,40,0,0,40,3.4
169,24,0,3,0,4.095999989658594,4,4,0,0,40,0,0,40,3.4
169,40,0,0,1,8.191999979317188,4,4,0,0,40,0,0,40,2.43
169,40,0,1,1,68.60800087451935,4,4,0,0,40,0,0,40,2.43
169,40,0,2,1,9.216000325977802,4,4,0,0,40,0,0,40,2.43
169,40,0,3,1,4.095999989658594,4,4,0,0,40,0,0,40,2.43
170,2,0,0,0,68.60800087451935,4,4,0,0,40,0,0,40,3.14
170,2,0,1,0,95.23200243711472,4,4,0,0,40,0,0,40,3.14
170,2,0,2,0,9.216000325977802,4,4,0,0,40,0,0,40,3.14
170,2,0,3,0,5.119999870657921,4,4,0,0,40,0,0,40,3.14
170,24,0,0,0,8.191999979317188,4,4,0,2,38,0,0,40,88.41
170,24,0,1,0,87.0399996638298,4,4,0,2,38,0,0,40,88.41
170,24,0,2,0,8.191999979317188,4,4,0,2,38,0,0,40,88.41
170,24,0,3,0,4.095999989658594,4,4,0,2,38,0,0,40,88.41
170,40,0,0,1,8.191999979317188,4,4,0,1,39,0,0,40,69.289
170,40,0,1,1,83.96799862384796,4,4,0,1,39,0,0,40,69.289
170,40,0,2,1,8.191999979317188,4,4,0,1,39,0,0,40,69.289
170,40,0,3,1,4.095999989658594,4,4,0,1,39,0,0,40,69.289
171,2,0,0,0,66.56000018119812,4,4,0,0,40,0,0,40,2.86
171,2,0,1,0,86.01599931716919,4,4,0,0,40,0,0,40,2.86
171,2,0,2,0,9.216000325977802,4,4,0,0,40,0,0,40,2.86
171,2,0,3,0,6.144000217318535,4,4,0,0,40,0,0,40,2.86
171,24,0,0,0,8.191999979317188,4,4,0,2,38,0,0,40,80.99
171,24,0,1,0,75.77600330114365,4,4,0,2,38,0,0,40,80.99
171,24,0,2,0,9.216000325977802,4,4,0,2,38,0,0,40,80.99
171,24,0,3,0,4.095999989658594,4,4,0,2,38,0,0,40,80.99
171,40,0,0,1,9.216000325977802,4,4,0,0,40,0,0,40,2.77
171,40,0,1,1,76.80000364780426,4,4,0,0,40,0,0,40,2.77
171,40,0,2,1,9.216000325977802,4,4,0,0,40,0,0,40,2.77
171,40,0,3,1,4.095999989658594,4,4,0,0,40,0,0,40,2.77
172,2,0,0,0,8.191999979317188,4,4,0,1,39,0,0,40,56.271
172,2,0,1,0,80.89599758386612,4,4,0,1,39,0,0,40,56.271
172,2,0,2,0,9.216000325977802,4,4,0,1,39,0,0,40,56.271
172,2,0,3,0,5.119999870657921,4,4,0,1,39,0,0,40,56.271
172,24,0,0,0,8.191999979317188,4,4,0,2,38,0,0,40,93.589
172,24,0,1,0,81.91999793052673,4,4,0,2,38,0,0,40,93.589
172,24,0,2,0,9.216000325977802,4,4,0,2,38,0,0,40,93.589
172,24,0,3,0,4.095999989658594,4,4,0,2,38,0,0,40,93.589
172,40,0,0,1,14.336000196635723,4,4,0,1,39,0,0,40,59.231
172,40,0,1,1,69.63200122117996,4,4,0,1,39,0,0,40,59.231
172,40,0,2,1,8.191999979317188,4,4,0,1,39,0,0,40,59.231
172,40,0,3,1,4.095999989658594,4,4,0,1,39,0,0,40,59.231
173,2,0,0,0,9.216000325977802,4,4,0,1,39,0,0,40,52.699
173,2,0,1,0,71.68000191450119,4,4,0,1,39,0,0,40,52.699
173,2,0,2,0,8.191999979317188,4,4,0,1,39,0,0,40,52.699
173,2,0,3,0,6.144000217318535,4,4,0,1,39,0,0,40,52.699
173,24,0,0,0,8.191999979317188,4,4,0,3,37,0,0,40,135.659
173,24,0,1,0,78.84799689054489,4,4,0,3,37,0,0,40,135.659
173,24,0,2,0,9.216000325977802,4,4,0,3,37,0,0,40,135.659
173,24,0,3,0,34.81600061058998,4,4,0,3,37,0,0,40,135.659
173,40,0,0,1,9.216000325977802,4,4,0,0,40,0,0,40,2.719
173,40,0,1,1,94.2080020904541,4,4,0,0,40,0,0,40,2.719
173,40,0,2,1,9.216000325977802,4,4,0,0,40,0,0,40,2.719
173,40,0,3,1,4.095999989658594,4,4,0,0,40,0,0,40,2.719
174,2,0,0,0,9.216000325977802,4,4,0,0,40,0,0,40,2.191
174,2,0,1,0,82.94399827718735,4,4,0,0,40,0,0,40,2.191
174,2,0,2,0,8.191999979317188,4,4,0,0,40,0,0,40,2.191
174,2,0,3,0,5.119999870657921,4,4,0,0,40,0,0,40,2.191
174,24,0,0,0,9.216000325977802,4,4,0,2,38,0,0,40,82.34
174,24,0,1,0,83.96799862384796,4,4,0,2,38,0,0,40,82.34
174,24,0,2,0,9.216000325977802,4,4,0,2,38,0,0,40,82.34
174,24,0,3,0,4.095999989658594,4,4,0,2,38,0,0,40,82.34
174,40,0,0,1,15.359999611973763,4,4,0,3,37,0,0,40,141.019
174,40,0,1,1,84.99199897050858,4,4,0,3,37,0,0,40,141.019
174,40,0,2,1,9.216000325977802,4,4,0,3,37,0,0,40,141.019
174,40,0,3,1,26.623999699950218,4,4,0,3,37,0,0,40,141.019
175,2,0,0,0,9.216000325977802,4,4,0,0,40,0,0,40,2.5
175,2,0,1,0,57.34400078654289,4,4,0,0,40,0,0,40,2.5
175,2,0,2,0,8.191999979317188,4,4,0,0,40,0,0,40,2.5
175,2,0,3,0,5.119999870657921,4,4,0,0,40,0,0,40,2.5
175,24,0,0,0,7.168000098317862,4,4,0,5,34,1,0,40,217.939
175,24,0,1,0,63.48799914121628,4,4,0,5,34,1,0,40,217.939
175,24,0,2,0,163.83999586105347,4,4,0,5,34,1,0,40,217.939
175,24,0,3,0,4.095999989658594,4,4,0,5,34,1,0,40,217.939
175,40,0,0,1,8.191999979317188,4,4,0,0,40,0,0,40,2.54
175,40,0,1,1,76.80000364780426,4,4,0,0,40,0,0,40,2.54
175,40,0,2,1,10.239999741315842,4,4,0,0,40,0,0,40,2.54
175,40,0,3,1,4.095999989658594,4,4,0,0,40,0,0,40,2.54
176,2,0,0,0,11.264000087976456,4,4,0,0,40,0,0,40,2.449
176,2,0,1,0,78.84799689054489,4,4,0,0,40,0,0,40,2.449
176,2,0,2,0,9.216000325977802,4,4,0,0,40,0,0,40,2.449
176,2,0,3,0,6.144000217318535,4,4,0,0,40,0,0,40,2.449
176,24,0,0,0,8.191999979317188,4,4,0,4,36,0,0,40,116.159
176,24,0,1,0,71.68000191450119,4,4,0,4,36,0,0,40,116.159
176,24,0,2,0,10.239999741315842,4,4,0,4,36,0,0,40,116.159
176,24,0,3,0,22.52800017595291,4,4,0,4,36,0,0,40,116.159
176,40,0,0,1,14.336000196635723,4,4,0,1,39,0,0,40,58.16
176,40,0,1,1,63.48799914121628,4,4,0,1,39,0,0,40,58.16
176,40,0,2,1,9.216000325977802,4,4,0,1,39,0,0,40,58.16
176,40,0,3,1,4.095999989658594,4,4,0,1,39,0,0,40,58.16
177,2,0,0,0,8.191999979317188,4,4,0,0,40,0,0,40,2.42
177,2,0,1,0,87.0399996638298,4,4,0,0,40,0,0,40,2.42
177,2,0,2,0,8.191999979317188,4,4,0,0,40,0,0,40,2.42
177,2,0,3,0,6.144000217318535,4,4,0,0,40,0,0,40,2.42
177,24,0,0,0,14.336000196635723,4,4,0,3,37,0,0,40,109.13
177,24,0,1,0,81.91999793052673,4,4,0,3,37,0,0,40,109.13
177,24,0,2,0,9.216000325977802,4,4,0,3,37,0,0,40,109.13
177,24,0,3,0,4.095999989658594,4,4,0,3,37,0,0,40,109.13
177,40,0,0,1,8.191999979317188,4,4,0,0,40,0,0,40,2.74
177,40,0,1,1,80.89599758386612,4,4,0,0,40,0,0,40,2.74
177,40,0,2,1,9.216000325977802,4,4,0,0,40,0,0,40,2.74
177,40,0,3,1,4.095999989658594,4,4,0,0,40,0,0,40,2.74
178,2,0,0,0,8.191999979317188,4,4,0,0,40,0,0,40,3.089
178,2,0,1,0,83.96799862384796,4,4,0,0,40,0,0,40,3.089
178,2,0,2,0,8.191999979317188,4,4,0,0,40,0,0,40,3.089
178,2,0,3,0,6.144000217318535,4,4,0,0,40,0,0,40,3.089
178,24,0,0,0,13.311999849975109,4,4,0,0,40,0,0,40,3.02
178,24,0,1,0,73.72800260782242,4,4,0,0,40,0,0,40,3.02
178,24,0,2,0,9.216000325977802,4,4,0,0,40,0,0,40,3.02
178,24,0,3,0,4.095999989658594,4,4,0,0,40,0,0,40,3.02
178,40,0,0,1,14.336000196635723,4,4,0,1,39,0,0,40,127.009
178,40,0,1,1,84.99199897050858,4,4,0,1,39,0,0,40,127.009
178,40,0,2,1,8.191999979317188,4,4,0,1,39,0,0,40,127.009
178,40,0,3,1,12.28800043463707,4,4,0,1,39,0,0,40,127.009
179,2,0,0,0,9.216000325977802,4,4,0,1,39,0,0,40,73.39
179,2,0,1,0,73.72800260782242,4,4,0,1,39,0,0,40,73.39
179,2,0,2,0,9.216000325977802,4,4,0,1,39,0,0,40,73.39
179,2,0,3,0,6.144000217318535,4,4,0,1,39,0,0,40,73.39
179,24,0,0,0,15.359999611973763,4,4,0,2,38,0,0,40,91.76
179,24,0,1,0,78.84799689054489,4,4,0,2,38,0,0,40,91.76
179,24,0,2,0,9.216000325977802,4,4,0,2,38,0,0,40,91.76
179,24,0,3,0,4.095999989658594,4,4,0,2,38,0,0,40,91.76
179,40,0,0,1,9.216000325977802,4,4,0,0,40,0,0,40,2.3
179,40,0,1,1,69.63200122117996,4,4,0,0,40,0,0,40,2.3
179,40,0,2,1,9.216000325977802,4,4,0,0,40,0,0,40,2.3
179,40,0,3,1,4.095999989658594,4,4,0,0,40,0,0,40,2.3
180,2,0,0,0,9.216000325977802,4,4,0,0,40,0,0,40,2.44
180,2,0,1,0,72.7040022611618,4,4,0,0,40,0,0,40,2.44
180,2,0,2,0,9.216000325977802,4,4,0,0,40,0,0,40,2.44
180,2,0,3,0,5.119999870657921,4,4,0,0,40,0,0,40,2.44
180,24,0,0,0,8.191999979317188,4,4,0,1,39,0,0,40,73.47
180,24,0,1,0,92.16000139713287,4,4,0,1,39,0,0,40,73.47
180,24,0,2,0,9.216000325977802,4,4,0,1,39,0,0,40,73.47
180,24,0,3,0,4.095999989658594,4,4,0,1,39,0,0,40,73.47
180,40,0,0,1,8.191999979317188,4,4,0,0,40,0,0,40,2.67
180,40,0,1,1,81.91999793052673,4,4,0,0,40,0,0,40,2.67
180,40,0,2,1,9.216000325977802,4,4,0,0,40,0,0,40,2.67
180,40,0,3,1,4.095999989658594,4,4,0,0,40,0,0,40,2.67
181,2,0,0,0,130.048006772995,4,4,0,0,40,0,0,40,3.5
181,2,0,1,0,68.60800087451935,4,4,0,0,40,0,0,40,3.5
181,2,0,2,0,9.216000325977802,4,4,0,0,40,0,0,40,3.5
181,2,0,3,0,5.119999870657921,4,4,0,0,40,0,0,40,3.5
181,24,0,0,0,9.216000325977802,4,4,0,4,35,1,0,40,168.619
181,24,0,1,0,81.91999793052673,4,4,0,4,35,1,0,40,168.619
181,24,0,2,0,172.03199863433838,4,4,0,4,35,1,0,40,168.619
181,24,0,3,0,5.119999870657921,4,4,0,4,35,1,0,40,168.619
181,40,0,0,1,14.336000196635723,4,4,0,2,38,0,0,40,69.709
181,40,0,1,1,84.99199897050858,4,4,0,2,38,0,0,40,69.709
181,40,0,2,1,9.216000325977802,4,4,0,2,38,0,0,40,69.709
181,40,0,3,1,3.0720001086592674,4,4,0,2,38,0,0,40,69.709
182,2,0,0,0,9.216000325977802,4,4,0,0,40,0,0,40,2.86
182,2,0,1,0,92.16000139713287,4,4,0,0,40,0,0,40,2.86
182,2,0,2,0,9.216000325977802,4,4,0,0,40,0,0,40,2.86
182,2,0,3,0,5.119999870657921,4,4,0,0,40,0,0,40,2.86
182,24,0,0,0,8.191999979317188,4,4,0,5,34,1,0,40,216.859
182,24,0,1,0,81.91999793052673,4,4,0,5,34,1,0,40,216.859
182,24,0,2,0,169.98399794101715,4,4,0,5,34,1,0,40,216.859
182,24,0,3,0,4.095999989658594,4,4,0,5,34,1,0,40,216.859
182,40,0,0,1,14.336000196635723,4,4,0,2,38,0,0,40,105.099
182,40,0,1,1,81.91999793052673,4,4,0,2,38,0,0,40,105.099
182,40,0,2,1,8.191999979317188,4,4,0,2,38,0,0,40,105.099
182,40,0,3,1,4.095999989658594,4,4,0,2,38,0,0,40,105.099
183,2,0,0,0,9.216000325977802,4,4,0,1,39,0,0,40,57.05
183,2,0,1,0,88.06400001049042,4,4,0,1,39,0,0,40,57.05
183,2,0,2,0,9.216000325977802,4,4,0,1,39,0,0,40,57.05
183,2,0,3,0,5.119999870657921,4,4,0,1,39,0,0,40,57.05
183,24,0,0,0,8.191999979317188,4,4,0,3,37,0,0,40,134.189
183,24,0,1,0,87.0399996638298,4,4,0,3,37,0,0,40,134.189
183,24,0,2,0,9.216000325977802,4,4,0,3,37,0,0,40,134.189
183,24,0,3,0,26.623999699950218,4,4,0,3,37,0,0,40,134.189
183,40,0,0,1,8.191999979317188,4,4,0,1,39,0,0,40,57.37
183,40,0,1,1,92.16000139713287,4,4,0,1,39,0,0,40,57.37
183,40,0,2,1,8.191999979317188,4,4,0,1,39,0,0,40,57.37
183,40,0,3,1,3.0720001086592674,4,4,0,1,39,0,0,40,57.37
184,2,0,0,0,9.216000325977802,4,4,0,0,40,0,0,40,3.78
184,2,0,1,0,82.94399827718735,4,4,0,0,40,0,0,40,3.78
184,2,0,2,0,9.216000325977802,4,4,0,0,40,0,0,40,3.78
184,2,0,3,0,6.144000217318535,4,4,0,0,40,0,0,40,3.78
184,24,0,0,0,7.168000098317862,4,4,0,1,39,0,0,40,59.849
184,24,0,1,0,90.11200070381165,4,4,0,1,39,0,0,40,59.849
184,24,0,2,0,9.216000325977802,4,4,0,1,39,0,0,40,59.849
184,24,0,3,0,4.095999989658594,4,4,0,1,39,0,0,40,59.849
184,40,0,0,1,8.191999979317188,4,4,0,0,40,0,0,40,2.84
184,40,0,1,1,93.18400174379349,4,4,0,0,40,0,0,40,2.84
184,40,0,2,1,9.216000325977802,4,4,0,0,40,0,0,40,2.84
184,40,0,3,1,4.095999989658594,4,4,0,0,40,0,0,40,2.84
185,2,0,0,0,15.359999611973763,4,4,0,1,39,0,0,40,64.44
185,2,0,1,0,72.7040022611618,4,4,0,1,39,0,0,40,64.44
185,2,0,2,0,8.191999979317188,4,4,0,1,39,0,0,40,64.44
185,2,0,3,0,5.119999870657921,4,4,0,1,39,0,0,40,64.44
185,24,0,0,0,9.216000325977802,4,4,0,2,38,0,0,40,100.879
185,24,0,1,0,90.11200070381165,4,4,0,2,38,0,0,40,100.879
185,24,0,2,0,9.216000325977802,4,4,0,2,38,0,0,40,100.879
185,24,0,3,0,5.119999870657921,4,4,0,2,38,0,0,40,100.879
185,40,0,0,1,8.191999979317188,4,4,0,0,40,0,0,40,3.05
185,40,0,1,1,99.32799637317657,4,4,0,0,40,0,0,40,3.05
185,40,0,2,1,9.216000325977802,4,4,0,0,40,0,0,40,3.05
185,40,0,3,1,4.095999989658594,4,4,0,0,40,0,0,40,3.05
186,2,0,0,0,9.216000325977802,4,4,0,2,38,0,0,40,101.809
186,2,0,1,0,82.94399827718735,4,4,0,2,38,0,0,40,101.809
186,2,0,2,0,9.216000325977802,4,4,0,2,38,0,0,40,101.809
186,2,0,3,0,5.119999870657921,4,4,0,2,38,0,0,40,101.809
186,24,0,0,0,9.216000325977802,4,4,0,0,40,0,0,40,3.48
186,24,0,1,0,87.0399996638298,4,4,0,0,40,0,0,40,3.48
186,24,0,2,0,9.216000325977802,4,4,0,0,40,0,0,40,3.48
186,24,0,3,0,4.095999989658594,4,4,0,0,40,0,0,40,3.48
186,40,0,0,1,8.191999979317188,4,4,0,3,37,0,0,40,175.519
186,40,0,1,1,77.82399654388428,4,4,0,3,37,0,0,40,175.519
186,40,0,2,1,9.216000325977802,4,4,0,3,37,0,0,40,175.519
186,40,0,3,1,75.77600330114365,4,4,0,3,37,0,0,40,175.519
187,2,0,0,0,15.359999611973763,4,4,0,3,37,0,0,40,133.29
187,2,0,1,0,83.96799862384796,4,4,0,3,37,0,0,40,133.29
187,2,0,2,0,9.216000325977802,4,4,0,3,37,0,0,40,133.29
187,2,0,3,0,21.503999829292297,4,4,0,3,37,0,0,40,133.29
187,24,0,0,0,8.191999979317188,4,4,0,0,40,0,0,40,2.79
187,24,0,1,0,70.65600156784058,4,4,0,0,40,0,0,40,2.79
187,24,0,2,0,9.216000325977802,4,4,0,0,40,0,0,40,2.79
187,24,0,3,0,4.095999989658594,4,4,0,0,40,0,0,40,2.79
187,40,0,0,1,8.191999979317188,4,4,0,1,39,0,0,40,63.6
187,40,0,1,1,84.99199897050858,4,4,0,1,39,0,0,40,63.6
187,40,0,2,1,9.216000325977802,4,4,0,1,39,0,0,40,63.6
187,40,0,3,1,4.095999989658594,4,4,0,1,39,0,0,40,63.6
188,2,0,0,0,9.216000325977802,4,4,0,3,37,0,0,40,143.779
188,2,0,1,0,72.7040022611618,4,4,0,3,37,0,0,40,143.779
188,2,0,2,0,8.191999979317188,4,4,0,3,37,0,0,40,143.779
188,2,0,3,0,49.15200173854828,4,4,0,3,37,0,0,40,143.779
188,24,0,0,0,9.216000325977802,4,4,0,1,39,0,0,40,59.659
188,24,0,1,0,89.08800035715103,4,4,0,1,39,0,0,40,59.659
188,24,0,2,0,9.216000325977802,4,4,0,1,39,0,0,40,59.659
188,24,0,3,0,4.095999989658594,4,4,0,1,39,0,0,40,59.659
188,40,0,0,1,8.191999979317188,4,4,0,3,37,0,0,40,155.299
188,40,0,1,1,94.2080020904541,4,4,0,3,37,0,0,40,155.299
188,40,0,2,1,9.216000325977802,4,4,0,3,37,0,0,40,155.299
188,40,0,3,1,37.88800165057182,4,4,0,3,37,0,0,40,155.299
189,2,0,0,0,9.216000325977802,4,4,0,5,34,1,0,40,227.749
189,2,0,1,0,82.94399827718735,4,4,0,5,34,1,0,40,227.749
189,2,0,2,0,174.0799993276596,4,4,0,5,34,1,0,40,227.749
189,2,0,3,0,6.144000217318535,4,4,0,5,34,1,0,40,227.749
189,24,0,0,0,8.191999979317188,4,4,0,0,40,0,0,40,3.391
189,24,0,1,0,76.80000364780426,4,4,0,0,40,0,0,40,3.391
189,24,0,2,0,9.216000325977802,4,4,0,0,40,0,0,40,3.391
189,24,0,3,0,4.095999989658594,4,4,0,0,40,0,0,40,3.391
189,40,0,0,1,8.191999979317188,4,4,0,1,39,0,0,40,113.449
189,40,0,1,1,100.35199671983719,4,4,0,1,39,0,0,40,113.449
189,40,0,2,1,8.191999979317188,4,4,0,1,39,0,0,40,113.449
189,40,0,3,1,4.095999989658594,4,4,0,1,39,0,0,40,113.449
190,2,0,0,0,9.216000325977802,4,4,0,1,39,0,0,40,63.66
190,2,0,1,0,77.82399654388428,4,4,0,1,39,0,0,40,63.66
190,2,0,2,0,9.216000325977802,4,4,0,1,39,0,0,40,63.66
190,2,0,3,0,5.119999870657921,4,4,0,1,39,0,0,40,63.66
190,24,0,0,0,8.191999979317188,4,4,0,0,40,0,0,40,3.4
190,24,0,1,0,88.06400001049042,4,4,0,0,40,0,0,40,3.4
190,24,0,2,0,8.191999979317188,4,4,0,0,40,0,0,40,3.4
190,24,0,3,0,4.095999989658594,4,4,0,0,40,0,0,40,3.4
190,40,0,0,1,14.336000196635723,4,4,0,0,40,0,0,40,2.611
190,40,0,1,1,92.16000139713287,4,4,0,0,40,0,0,40,2.611
190,40,0,2,1,9.216000325977802,4,4,0,0,40,0,0,40,2.611
190,40,0,3,1,5.119999870657921,4,4,0,0,40,0,0,40,2.611
191,2,0,0,0,9.216000325977802,4,4,0,1,39,0,0,40,60.911
191,2,0,1,0,86.01599931716919,4,4,0,1,39,0,0,40,60.911
191,2,0,2,0,8.191999979317188,4,4,0,1,39,0,0,40,60.911
191,2,0,3,0,6.144000217318535,4,4,0,1,39,0,0,40,60.911
191,24,0,0,0,8.191999979317188,4,4,0,2,38,0,0,40,104.989
191,24,0,1,0,86.01599931716919,4,4,0,2,38,0,0,40,104.989
191,24,0,2,0,9.216000325977802,4,4,0,2,38,0,0,40,104.989
191,24,0,3,0,4.095999989658594,4,4,0,2,38,0,0,40,104.989
191,40,0,0,1,8.191999979317188,4,4,0,2,38,0,0,40,143.86
191,40,0,1,1,81.91999793052673,4,4,0,2,38,0,0,40,143.86
191,40,0,2,1,9.216000325977802,4,4,0,2,38,0,0,40,143.86
191,40,0,3,1,41.98399931192398,4,4,0,2,38,0,0,40,143.86
192,2,0,0,0,8.191999979317188,4,4,0,0,40,0,0,40,2.729
192,2,0,1,0,72.7040022611618,4,4,0,0,40,0,0,40,2.729
192,2,0,2,0,8.191999979317188,4,4,0,0,40,0,0,40,2.729
192,2,0,3,0,5.119999870657921,4,4,0,0,40,0,0,40,2.729
192,24,0,0,0,14.336000196635723,4,4,0,1,39,0,0,40,72.52
192,24,0,1,0,56.32000043988228,4,4,0,1,39,0,0,40,72.52
192,24,0,2,0,8.191999979317188,4,4,0,1,39,0,0,40,72.52
192,24,0,3,0,4.095999989658594,4,4,0,1,39,0,0,40,72.52
192,40,0,0,1,8.191999979317188,4,4,0,0,40,0,0,40,2.88
192,40,0,1,1,78.84799689054489,4,4,0,0,40,0,0,40,2.88
192,40,0,2,1,8.191999979317188,4,4,0,0,40,0,0,40,2.88
192,40,0,3,1,4.095999989658594,4,4,0,0,40,0,0,40,2.88
193,2,0,0,0,9.216000325977802,4,4,0,0,40,0,0,40,3.14
193,2,0,1,0,82.94399827718735,4,4,0,0,40,0,0,40,3.14
193,2,0,2,0,9.216000325977802,4,4,0,0,40,0,0,40,3.14
193,2,0,3,0,5.119999870657921,4,4,0,0,40,0,0,40,3.14
193,24,0,0,0,9.216000325977802,4,4,0,2,38,0,0,40,118.23
193,24,0,1,0,77.82399654388428,4,4,0,2,38,0,0,40,118.23
193,24,0,2,0,8.191999979317188,4,4,0,2,38,0,0,40,118.23
193,24,0,3,0,16.383999958634377,4,4,0,2,38,0,0,40,118.23
193,40,0,0,1,8.191999979317188,4,4,0,0,40,0,0,40,2.5
193,40,0,1,1,93.18400174379349,4,4,0,0,40,0,0,40,2.5
193,40,0,2,1,9.216000325977802,4,4,0,0,40,0,0,40,2.5
193,40,0,3,1,4.095999989658594,4,4,0,0,40,0,0,40,2.5
194,2,0,0,0,9.216000325977802,4,4,0,0,40,0,0,40,2.6
194,2,0,1,0,91.13600105047226,4,4,0,0,40,0,0,40,2.6
194,2,0,2,0,8.191999979317188,4,4,0,0,40,0,0,40,2.6
194,2,0,3,0,5.119999870657921,4,4,0,0,40,0,0,40,2.6
194,24,0,0,0,7.168000098317862,4,4,0,0,40,0,0,40,3.19
194,24,0,1,0,80.89599758386612,4,4,0,0,40,0,0,40,3.19
194,24,0,2,0,8.191999979317188,4,4,0,0,40,0,0,40,3.19
194,24,0,3,0,4.095999989658594,4,4,0,0,40,0,0,40,3.19
194,40,0,0,1,9.216000325977802,4,4,0,2,38,0,0,40,170.819
194,40,0,1,1,77.82399654388428,4,4,0,2,38,0,0,40,170.819
194,40,0,2,1,8.191999979317188,4,4,0,2,38,0,0,40,170.819
194,40,0,3,1,69.63200122117996,4,4,0,2,38,0,0,40,170.819
195,2,0,0,0,152.5759994983673,3,3,0,0,30,0,0,30,2.56
195,2,0,1,0,60.416001826524734,3,3,0,0,30,0,0,30,2.56
195,2,0,2,0,9.216000325977802,3,3,0,0,30,0,0,30,2.56
195,2,0,3,0,5.119999870657921,3,3,0,0,30,0,0,30,2.56
195,24,0,0,0,8.191999979317188,3,3,0,0,30,0,0,30,2.23
195,24,0,1,0,54.27199974656105,3,3,0,0,30,0,0,30,2.23
195,24,0,2,0,9.216000325977802,3,3,0,0,30,0,0,30,2.23
195,24,0,3,0,4.095999989658594,3,3,0,0,30,0,0,30,2.23
195,40,0,0,1,864.2560243606567,3,3,0,1,29,0,0,30,89.26
195,40,0,1,1,62.463998794555664,3,3,0,1,29,0,0,30,89.26
195,40,0,2,1,11.264000087976456,3,3,0,1,29,0,0,30,89.26
195,40,0,3,1,9.216000325977802,3,3,0,1,29,0,0,30,89.26
196,2,0,0,0,9.216000325977802,4,4,0,4,35,1,0,40,186.51
196,2,0,1,0,78.84799689054489,4,4,0,4,35,1,0,40,186.51
196,2,0,2,0,167.93599724769592,4,4,0,4,35,1,0,40,186.51
196,2,0,3,0,5.119999870657921,4,4,0,4,35,1,0,40,186.51
196,24,0,0,0,9.216000325977802,4,4,0,0,40,0,0,40,3.27
196,24,0,1,0,70.65600156784058,4,4,0,0,40,0,0,40,3.27
196,24,0,2,0,8.191999979317188,4,4,0,0,40,0,0,40,3.27
196,24,0,3,0,4.095999989658594,4,4,0,0,40,0,0,40,3.27
196,40,0,0,1,67.58400052785873,4,4,0,0,40,0,0,40,2.66
196,40,0,1,1,68.60800087451935,4,4,0,0,40,0,0,40,2.66
196,40,0,2,1,9.216000325977802,4,4,0,0,40,0,0,40,2.66
196,40,0,3,1,4.095999989658594,4,4,0,0,40,0,0,40,2.66
197,2,0,0,0,8.191999979317188,4,4,0,0,40,0,0,40,3.68
197,2,0,1,0,83.96799862384796,4,4,0,0,40,0,0,40,3.68
197,2,0,2,0,9.216000325977802,4,4,0,0,40,0,0,40,3.68
197,2,0,3,0,5.119999870657921,4,4,0,0,40,0,0,40,3.68
197,24,0,0,0,8.191999979317188,4,4,0,2,38,0,0,40,110.33
197,24,0,1,0,62.463998794555664,4,4,0,2,38,0,0,40,110.33
197,24,0,2,0,9.216000325977802,4,4,0,2,38,0,0,40,110.33
197,24,0,3,0,25.599999353289604,4,4,0,2,38,0,0,40,110.33
197,40,0,0,1,69.63200122117996,4,4,0,3,37,0,0,40,208.448
197,40,0,1,1,83.96799862384796,4,4,0,3,37,0,0,40,208.448
197,40,0,2,1,8.191999979317188,4,4,0,3,37,0,0,40,208.448
197,40,0,3,1,103.42399775981903,4,4,0,3,37,0,0,40,208.448
198,2,0,0,0,9.216000325977802,4,4,0,0,40,0,0,40,3.831
198,2,0,1,0,87.0399996638298,4,4,0,0,40,0,0,40,3.831
198,2,0,2,0,9.216000325977802,4,4,0,0,40,0,0,40,3.831
198,2,0,3,0,6.144000217318535,4,4,0,0,40,0,0,40,3.831
198,24,0,0,0,8.191999979317188,4,4,0,1,39,0,0,40,55.089
198,24,0,1,0,70.65600156784058,4,4,0,1,39,0,0,40,55.089
198,24,0,2,0,9.216000325977802,4,4,0,1,39,0,0,40,55.089
198,24,0,3,0,4.095999989658594,4,4,0,1,39,0,0,40,55.089
198,40,0,0,1,9.216000325977802,4,4,0,1,39,0,0,40,59.609
198,40,0,1,1,68.60800087451935,4,4,0,1,39,0,0,40,59.609
198,40,0,2,1,14.336000196635723,4,4,0,1,39,0,0,40,59.609
198,40,0,3,1,4.095999989658594,4,4,0,1,39,0,0,40,59.609
199,2,0,0,0,9.216000325977802,4,4,0,0,40,0,0,40,2.67
199,2,0,1,0,78.84799689054489,4,4,0,0,40,0,0,40,2.67
199,2,0,2,0,9.216000325977802,4,4,0,0,40,0,0,40,2.67
199,2,0,3,0,5.119999870657921,4,4,0,0,40,0,0,40,2.67
199,24,0,0,0,8.191999979317188,4,4,0,2,38,0,0,40,93.26
199,24,0,1,0,77.82399654388428,4,4,0,2,38,0,0,40,93.26
199,24,0,2,0,9.216000325977802,4,4,0,2,38,0,0,40,93.26
199,24,0,3,0,4.095999989658594,4,4,0,2,38,0,0,40,93.26
199,40,0,0,1,8.191999979317188,4,4,0,4,36,0,0,40,168.949
199,40,0,1,1,94.2080020904541,4,4,0,4,36,0,0,40,168.949
199,40,0,2,1,9.216000325977802,4,4,0,4,36,0,0,40,168.949
199,40,0,3,1,56.32000043988228,4,4,0,4,36,0,0,40,168.949
200,2,0,0,0,9.216000325977802,4,4,0,0,40,0,0,40,2.23
200,2,0,1,0,89.08800035715103,4,4,0,0,40,0,0,40,2.23
200,2,0,2,0,8.191999979317188,4,4,0,0,40,0,0,40,2.23
200,2,0,3,0,4.095999989658594,4,4,0,0,40,0,0,40,2.23
200,24,0,0,0,8.191999979317188,4,4,0,1,39,0,0,40,87.18
200,24,0,1,0,72.7040022611618,4,4,0,1,39,0,0,40,87.18
200,24,0,2,0,9.216000325977802,4,4,0,1,39,0,0,40,87.18
200,24,0,3,0,4.095999989658594,4,4,0,1,39,0,0,40,87.18
200,40,0,0,1,13.311999849975109,4,4,0,1,39,0,0,40,66.891
200,40,0,1,1,66.56000018119812,4,4,0,1,39,0,0,40,66.891
200,40,0,2,1,9.216000325977802,4,4,0,1,39,0,0,40,66.891
200,40,0,3,1,4.095999989658594,4,4,0,1,39,0,0,40,66.891
201,2,0,0,0,9.216000325977802,4,4,0,2,38,0,0,40,135.159
201,2,0,1,0,76.80000364780426,4,4,0,2,38,0,0,40,135.159
201,2,0,2,0,9.216000325977802,4,4,0,2,38,0,0,40,135.159
201,2,0,3,0,36.86400130391121,4,4,0,2,38,0,0,40,135.159
201,24,0,0,0,8.191999979317188,4,4,0,3,37,0,0,40,150.01
201,24,0,1,0,81.91999793052673,4,4,0,3,37,0,0,40,150.01
201,24,0,2,0,9.216000325977802,4,4,0,3,37,0,0,40,150.01
201,24,0,3,0,47.10400104522705,4,4,0,3,37,0,0,40,150.01
201,40,0,0,1,8.191999979317188,4,4,0,0,40,0,0,40,1.69
201,40,0,1,1,61.43999844789505,4,4,0,0,40,0,0,40,1.69
201,40,0,2,1,9.216000325977802,4,4,0,0,40,0,0,40,1.69
201,40,0,3,1,3.0720001086592674,4,4,0,0,40,0,0,40,1.69
202,2,0,0,0,9.216000325977802,4,4,0,5,34,1,0,40,321.429
202,2,0,1,0,79.8719972372055,4,4,0,5,34,1,0,40,321.429
202,2,0,2,0,174.0799993276596,4,4,0,5,34,1,0,40,321.429
202,2,0,3,0,50.175998359918594,4,4,0,5,34,1,0,40,321.429
202,24,0,0,0,8.191999979317188,4,4,0,3,37,0,0,40,135.62
202,24,0,1,0,73.72800260782242,4,4,0,3,37,0,0,40,135.62
202,24,0,2,0,9.216000325977802,4,4,0,3,37,0,0,40,135.62
202,24,0,3,0,41.98399931192398,4,4,0,3,37,0,0,40,135.62
202,40,0,0,1,8.191999979317188,4,4,0,2,38,0,0,40,246.688
202,40,0,1,1,82.94399827718735,4,4,0,2,38,0,0,40,246.688
202,40,0,2,1,9.216000325977802,4,4,0,2,38,0,0,40,246.688
202,40,0,3,1,140.28799533843994,4,4,0,2,38,0,0,40,246.688
203,2,0,0,0,9.216000325977802,4,4,0,1,39,0,0,40,108.75
203,2,0,1,0,80.89599758386612,4,4,0,1,39,0,0,40,108.75
203,2,0,2,0,9.216000325977802,4,4,0,1,39,0,0,40,108.75
203,2,0,3,0,6.144000217318535,4,4,0,1,39,0,0,40,108.75
203,24,0,0,0,8.191999979317188,4,4,0,3,36,1,0,40,166.699
203,24,0,1,0,73.72800260782242,4,4,0,3,36,1,0,40,166.699
203,24,0,2,0,162.81600296497345,4,4,0,3,36,1,0,40,166.699
203,24,0,3,0,206.84799551963806,4,4,0,3,36,1,0,40,166.699
203,40,0,0,1,9.216000325977802,4,4,0,0,40,0,0,40,1.52
203,40,0,1,1,79.8719972372055,4,4,0,0,40,0,0,40,1.52
203,40,0,2,1,9.216000325977802,4,4,0,0,40,0,0,40,1.52
203,40,0,3,1,4.095999989658594,4,4,0,0,40,0,0,40,1.52
204,2,0,0,0,8.191999979317188,4,4,0,5,34,1,0,40,223.259
204,2,0,1,0,74.75200295448303,4,4,0,5,34,1,0,40,223.259
204,2,0,2,0,169.98399794101715,4,4,0,5,34,1,0,40,223.259
204,2,0,3,0,5.119999870657921,4,4,0,5,34,1,0,40,223.259
204,24,0,0,0,9.216000325977802,4,4,0,2,38,0,0,40,97.399
204,24,0,1,0,70.65600156784058,4,4,0,2,38,0,0,40,97.399
204,24,0,2,0,9.216000325977802,4,4,0,2,38,0,0,40,97.399
204,24,0,3,0,4.095999989658594,4,4,0,2,38,0,0,40,97.399
204,40,0,0,1,15.359999611973763,4,4,0,2,38,0,0,40,105.07
204,40,0,1,1,86.01599931716919,4,4,0,2,38,0,0,40,105.07
204,40,0,2,1,8.191999979317188,4,4,0,2,38,0,0,40,105.07
204,40,0,3,1,4.095999989658594,4,4,0,2,38,0,0,40,105.07
205,2,0,0,0,17.40800030529499,4,4,0,4,35,1,0,40,139.63
205,2,0,1,0,69.63200122117996,4,4,0,4,35,1,0,40,139.63
205,2,0,2,0,163.83999586105347,4,4,0,4,35,1,0,40,139.63
205,2,0,3,0,5.119999870657921,4,4,0,4,35,1,0,40,139.63
205,24,0,0,0,8.191999979317188,4,4,0,2,38,0,0,40,87.249
205,24,0,1,0,81.91999793052673,4,4,0,2,38,0,0,40,87.249
205,24,0,2,0,9.216000325977802,4,4,0,2,38,0,0,40,87.249
205,24,0,3,0,4.095999989658594,4,4,0,2,38,0,0,40,87.249
205,40,0,0,1,8.191999979317188,4,4,0,2,38,0,0,40,100.039
205,40,0,1,1,101.3759970664978,4,4,0,2,38,0,0,40,100.039
205,40,0,2,1,9.216000325977802,4,4,0,2,38,0,0,40,100.039
205,40,0,3,1,4.095999989658594,4,4,0,2,38,0,0,40,100.039
206,2,0,0,0,9.216000325977802,4,4,0,1,39,0,0,40,57.3
206,2,0,1,0,84.99199897050858,4,4,0,1,39,0,0,40,57.3
206,2,0,2,0,8.191999979317188,4,4,0,1,39,0,0,40,57.3
206,2,0,3,0,5.119999870657921,4,4,0,1,39,0,0,40,57.3
206,24,0,0,0,9.216000325977802,4,4,0,0,40,0,0,40,1.55
206,24,0,1,0,68.60800087451935,4,4,0,0,40,0,0,40,1.55
206,24,0,2,0,9.216000325977802,4,4,0,0,40,0,0,40,1.55
206,24,0,3,0,4.095999989658594,4,4,0,0,40,0,0,40,1.55
206,40,0,0,1,8.191999979317188,4,4,0,2,38,0,0,40,105.489
206,40,0,1,1,66.56000018119812,4,4,0,2,38,0,0,40,105.489
206,40,0,2,1,9.216000325977802,4,4,0,2,38,0,0,40,105.489
206,40,0,3,1,15.359999611973763,4,4,0,2,38,0,0,40,105.489
207,2,0,0,0,9.216000325977802,4,4,0,0,40,0,0,40,1.93
207,2,0,1,0,65.5359998345375,4,4,0,0,40,0,0,40,1.93
207,2,0,2,0,9.216000325977802,4,4,0,0,40,0,0,40,1.93
207,2,0,3,0,8.191999979317188,4,4,0,0,40,0,0,40,1.93
207,24,0,0,0,8.191999979317188,4,4,0,0,40,0,0,40,1.52
207,24,0,1,0,79.8719972372055,4,4,0,0,40,0,0,40,1.52
207,24,0,2,0,8.191999979317188,4,4,0,0,40,0,0,40,1.52
207,24,0,3,0,4.095999989658594,4,4,0,0,40,0,0,40,1.52
207,40,0,0,1,9.216000325977802,4,4,0,4,36,0,0,40,156.2
207,40,0,1,1,71.68000191450119,4,4,0,4,36,0,0,40,156.2
207,40,0,2,1,9.216000325977802,4,4,0,4,36,0,0,40,156.2
207,40,0,3,1,63.48799914121628,4,4,0,4,36,0,0,40,156.2
208,2,0,0,0,9.216000325977802,4,4,0,0,40,0,0,40,2.04
208,2,0,1,0,89.08800035715103,4,4,0,0,40,0,0,40,2.04
208,2,0,2,0,8.191999979317188,4,4,0,0,40,0,0,40,2.04
208,2,0,3,0,5.119999870657921,4,4,0,0,40,0,0,40,2.04
208,24,0,0,0,8.191999979317188,4,4,0,1,39,0,0,40,51.71
208,24,0,1,0,79.8719972372055,4,4,0,1,39,0,0,40,51.71
208,24,0,2,0,9.216000325977802,4,4,0,1,39,0,0,40,51.71
208,24,0,3,0,4.095999989658594,4,4,0,1,39,0,0,40,51.71
208,40,0,0,1,14.336000196635723,4,4,0,3,37,0,0,40,106.591
208,40,0,1,1,75.77600330114365,4,4,0,3,37,0,0,40,106.591
208,40,0,2,1,9.216000325977802,4,4,0,3,37,0,0,40,106.591
208,40,0,3,1,4.095999989658594,4,4,0,3,37,0,0,40,106.591
209,2,0,0,0,9.216000325977802,4,4,0,1,39,0,0,40,55.579
209,2,0,1,0,70.65600156784058,4,4,0,1,39,0,0,40,55.579
209,2,0,2,0,9.216000325977802,4,4,0,1,39,0,0,40,55.579
209,2,0,3,0,5.119999870657921,4,4,0,1,39,0,0,40,55.579
209,24,0,0,0,7.168000098317862,4,4,0,1,39,0,0,40,57.33
209,24,0,1,0,88.06400001049042,4,4,0,1,39,0,0,40,57.33
209,24,0,2,0,8.191999979317188,4,4,0,1,39,0,0,40,57.33
209,24,0,3,0,4.095999989658594,4,4,0,1,39,0,0,40,57.33
209,40,0,0,1,8.191999979317188,4,4,0,1,39,0,0,40,88.259
209,40,0,1,1,80.89599758386612,4,4,0,1,39,0,0,40,88.259
209,40,0,2,1,8.191999979317188,4,4,0,1,39,0,0,40,88.259
209,40,0,3,1,4.095999989658594,4,4,0,1,39,0,0,40,88.259
210,2,0,0,0,15.359999611973763,4,4,0,1,39,0,0,40,107.18
210,2,0,1,0,73.72800260782242,4,4,0,1,39,0,0,40,107.18
210,2,0,2,0,9.216000325977802,4,4,0,1,39,0,0,40,107.18
210,2,0,3,0,7.168000098317862,4,4,0,1,39,0,0,40,107.18
210,24,0,0,0,8.191999979317188,4,4,0,2,38,0,0,40,102.01
210,24,0,1,0,76.80000364780426,4,4,0,2,38,0,0,40,102.01
210,24,0,2,0,8.191999979317188,4,4,0,2,38,0,0,40,102.01
210,24,0,3,0,5.119999870657921,4,4,0,2,38,0,0,40,102.01
210,40,0,0,1,8.191999979317188,4,4,0,3,37,0,0,40,107.209
210,40,0,1,1,76.80000364780426,4,4,0,3,37,0,0,40,107.209
210,40,0,2,1,10.239999741315842,4,4,0,3,37,0,0,40,107.209
210,40,0,3,1,8.191999979317188,4,4,0,3,37,0,0,40,107.209
211,2,0,0,0,8.191999979317188,4,4,0,1,39,0,0,40,97.62
211,2,0,1,0,78.84799689054489,4,4,0,1,39,0,0,40,97.62
211,2,0,2,0,9.216000325977802,4,4,0,1,39,0,0,40,97.62
211,2,0,3,0,5.119999870657921,4,4,0,1,39,0,0,40,97.62
211,24,0,0,0,8.191999979317188,4,4,0,1,39,0,0,40,53.43
211,24,0,1,0,94.2080020904541,4,4,0,1,39,0,0,40,53.43
211,24,0,2,0,8.191999979317188,4,4,0,1,39,0,0,40,53.43
211,24,0,3,0,4.095999989658594,4,4,0,1,39,0,0,40,53.43
211,40,0,0,1,9.216000325977802,4,4,0,0,40,0,0,40,2.349
211,40,0,1,1,99.32799637317657,4,4,0,0,40,0,0,40,2.349
211,40,0,2,1,9.216000325977802,4,4,0,0,40,0,0,40,2.349
211,40,0,3,1,4.095999989658594,4,4,0,0,40,0,0,40,2.349
212,2,0,0,0,9.216000325977802,4,4,0,0,40,0,0,40,2.191
212,2,0,1,0,89.08800035715103,4,4,0,0,40,0,0,40,2.191
212,2,0,2,0,8.191999979317188,4,4,0,0,40,0,0,40,2.191
212,2,0,3,0,5.119999870657921,4,4,0,0,40,0,0,40,2.191
212,24,0,0,0,8.191999979317188,4,4,0,1,39,0,0,40,47.829
212,24,0,1,0,82.94399827718735,4,4,0,1,39,0,0,40,47.829
212,24,0,2,0,8.191999979317188,4,4,0,1,39,0,0,40,47.829
212,24,0,3,0,3.0720001086592674,4,4,0,1,39,0,0,40,47.829
212,40,0,0,1,8.191999979317188,4,4,0,0,40,0,0,40,1.75
212,40,0,1,1,91.13600105047226,4,4,0,0,40,0,0,40,1.75
212,40,0,2,1,9.216000325977802,4,4,0,0,40,0,0,40,1.75
212,40,0,3,1,3.0720001086592674,4,4,0,0,40,0,0,40,1.75
213,2,0,0,0,9.216000325977802,4,4,0,1,39,0,0,40,60.78
213,2,0,1,0,79.8719972372055,4,4,0,1,39,0,0,40,60.78
213,2,0,2,0,8.191999979317188,4,4,0,1,39,0,0,40,60.78
213,2,0,3,0,5.119999870657921,4,4,0,1,39,0,0,40,60.78
213,24,0,0,0,8.191999979317188,4,4,0,1,39,0,0,40,51.171
213,24,0,1,0,84.99199897050858,4,4,0,1,39,0,0,40,51.171
213,24,0,2,0,9.216000325977802,4,4,0,1,39,0,0,40,51.171
213,24,0,3,0,4.095999989658594,4,4,0,1,39,0,0,40,51.171
213,40,0,0,1,9.216000325977802,4,4,0,1,39,0,0,40,107.79
213,40,0,1,1,81.91999793052673,4,4,0,1,39,0,0,40,107.79
213,40,0,2,1,9.216000325977802,4,4,0,1,39,0,0,40,107.79
213,40,0,3,1,4.095999989658594,4,4,0,1,39,0,0,40,107.79
214,2,0,0,0,15.359999611973763,4,4,0,0,40,0,0,40,1.991
214,2,0,1,0,76.80000364780426,4,4,0,0,40,0,0,40,1.991
214,2,0,2,0,9.216000325977802,4,4,0,0,40,0,0,40,1.991
214,2,0,3,0,5.119999870657921,4,4,0,0,40,0,0,40,1.991
214,24,0,0,0,9.216000325977802,4,4,0,3,37,0,0,40,138.66
214,24,0,1,0,87.0399996638298,4,4,0,3,37,0,0,40,138.66
214,24,0,2,0,9.216000325977802,4,4,0,3,37,0,0,40,138.66
214,24,0,3,0,31.74399957060814,4,4,0,3,37,0,0,40,138.66
214,40,0,0,1,14.336000196635723,4,4,0,0,40,0,0,40,2.049
214,40,0,1,1,107.51999914646149,4,4,0,0,40,0,0,40,2.049
214,40,0,2,1,8.191999979317188,4,4,0,0,40,0,0,40,2.049
214,40,0,3,1,4.095999989658594,4,4,0,0,40,0,0,40,2.049
215,2,0,0,0,9.216000325977802,4,4,0,3,36,1,0,40,138.91
215,2,0,1,0,77.82399654388428,4,4,0,3,36,1,0,40,138.91
215,2,0,2,0,164.86400365829468,4,4,0,3,36,1,0,40,138.91
215,2,0,3,0,6.144000217318535,4,4,0,3,36,1,0,40,138.91
215,24,0,0,0,8.191999979317188,4,4,0,1,39,0,0,40,49.809
215,24,0,1,0,77.82399654388428,4,4,0,1,39,0,0,40,49.809
215,24,0,2,0,9.216000325977802,4,4,0,1,39,0,0,40,49.809
215,24,0,3,0,4.095999989658594,4,4,0,1,39,0,0,40,49.809
215,40,0,0,1,8.191999979317188,4,4,0,1,39,0,0,40,61.63
215,40,0,1,1,97.28000313043594,4,4,0,1,39,0,0,40,61.63
215,40,0,2,1,9.216000325977802,4,4,0,1,39,0,0,40,61.63
215,40,0,3,1,4.095999989658594,4,4,0,1,39,0,0,40,61.63
216,2,0,0,0,9.216000325977802,4,4,0,6,33,1,0,40,262.249
216,2,0,1,0,75.77600330114365,4,4,0,6,33,1,0,40,262.249
216,2,0,2,0,162.81600296497345,4,4,0,6,33,1,0,40,262.249
216,2,0,3,0,16.383999958634377,4,4,0,6,33,1,0,40,262.249
216,24,0,0,0,7.168000098317862,4,4,0,0,40,0,0,40,1.329
216,24,0,1,0,77.82399654388428,4,4,0,0,40,0,0,40,1.329
216,24,0,2,0,9.216000325977802,4,4,0,0,40,0,0,40,1.329
216,24,0,3,0,4.095999989658594,4,4,0,0,40,0,0,40,1.329
216,40,0,0,1,8.191999979317188,4,4,0,1,39,0,0,40,131.109
216,40,0,1,1,93.18400174379349,4,4,0,1,39,0,0,40,131.109
216,40,0,2,1,9.216000325977802,4,4,0,1,39,0,0,40,131.109
216,40,0,3,1,17.40800030529499,4,4,0,1,39,0,0,40,131.109
217,2,0,0,0,9.216000325977802,4,4,0,0,40,0,0,40,1.62
217,2,0,1,0,90.11200070381165,4,4,0,0,40,0,0,40,1.62
217,2,0,2,0,8.191999979317188,4,4,0,0,40,0,0,40,1.62
217,2,0,3,0,5.119999870657921,4,4,0,0,40,0,0,40,1.62
217,24,0,0,0,14.336000196635723,4,4,0,1,39,0,0,40,53.66
217,24,0,1,0,72.7040022611618,4,4,0,1,39,0,0,40,53.66
217,24,0,2,0,9.216000325977802,4,4,0,1,39,0,0,40,53.66
217,24,0,3,0,4.095999989658594,4,4,0,1,39,0,0,40,53.66
217,40,0,0,1,9.216000325977802,4,4,0,0,40,0,0,40,1.61
217,40,0,1,1,67.58400052785873,4,4,0,0,40,0,0,40,1.61
217,40,0,2,1,9.216000325977802,4,4,0,0,40,0,0,40,1.61
217,40,0,3,1,4.095999989658594,4,4,0,0,40,0,0,40,1.61
218,2,0,0,0,8.191999979317188,4,4,0,0,40,0,0,40,1.74
218,2,0,1,0,82.94399827718735,4,4,0,0,40,0,0,40,1.74
218,2,0,2,0,8.191999979317188,4,4,0,0,40,0,0,40,1.74
218,2,0,3,0,5.119999870657921,4,4,0,0,40,0,0,40,1.74
218,24,0,0,0,7.168000098317862,4,4,0,2,38,0,0,40,96.099
218,24,0,1,0,81.91999793052673,4,4,0,2,38,0,0,40,96.099
218,24,0,2,0,9.216000325977802,4,4,0,2,38,0,0,40,96.099
218,24,0,3,0,5.119999870657921,4,4,0,2,38,0,0,40,96.099
218,40,0,0,1,8.191999979317188,4,4,0,0,40,0,0,40,1.56
218,40,0,1,1,93.18400174379349,4,4,0,0,40,0,0,40,1.56
218,40,0,2,1,9.216000325977802,4,4,0,0,40,0,0,40,1.56
218,40,0,3,1,4.095999989658594,4,4,0,0,40,0,0,40,1.56
219,2,0,0,0,15.359999611973763,4,4,0,0,40,0,0,40,1.749
219,2,0,1,0,67.58400052785873,4,4,0,0,40,0,0,40,1.749
219,2,0,2,0,9.216000325977802,4,4,0,0,40,0,0,40,1.749
219,2,0,3,0,5.119999870657921,4,4,0,0,40,0,0,40,1.749
219,24,0,0,0,8.191999979317188,4,4,0,0,40,0,0,40,1.449
219,24,0,1,0,70.65600156784058,4,4,0,0,40,0,0,40,1.449
219,24,0,2,0,9.216000325977802,4,4,0,0,40,0,0,40,1.449
219,24,0,3,0,3.0720001086592674,4,4,0,0,40,0,0,40,1.449
219,40,0,0,1,9.216000325977802,4,4,0,2,38,0,0,40,116.72
219,40,0,1,1,88.06400001049042,4,4,0,2,38,0,0,40,116.72
219,40,0,2,1,9.216000325977802,4,4,0,2,38,0,0,40,116.72
219,40,0,3,1,9.216000325977802,4,4,0,2,38,0,0,40,116.72
220,2,0,0,0,9.216000325977802,4,4,0,0,40,0,0,40,2.26
220,2,0,1,0,89.08800035715103,4,4,0,0,40,0,0,40,2.26
220,2,0,2,0,9.216000325977802,4,4,0,0,40,0,0,40,2.26
220,2,0,3,0,5.119999870657921,4,4,0,0,40,0,0,40,2.26
220,24,0,0,0,8.191999979317188,4,4,0,3,37,0,0,40,125.93
220,24,0,1,0,76.80000364780426,4,4,0,3,37,0,0,40,125.93
220,24,0,2,0,10.239999741315842,4,4,0,3,37,0,0,40,125.93
220,24,0,3,0,24.57600086927414,4,4,0,3,37,0,0,40,125.93
220,40,0,0,1,8.191999979317188,4,4,0,1,39,0,0,40,58.1
220,40,0,1,1,83.96799862384796,4,4,0,1,39,0,0,40,58.1
220,40,0,2,1,9.216000325977802,4,4,0,1,39,0,0,40,58.1
220,40,0,3,1,4.095999989658594,4,4,0,1,39,0,0,40,58.1
221,2,0,0,0,9.216000325977802,4,4,0,3,37,0,0,40,139.14
221,2,0,1,0,81.91999793052673,4,4,0,3,37,0,0,40,139.14
221,2,0,2,0,9.216000325977802,4,4,0,3,37,0,0,40,139.14
221,2,0,3,0,33.79200026392937,4,4,0,3,37,0,0,40,139.14
221,24,0,0,0,9.216000325977802,4,4,0,4,35,1,0,40,181.149
221,24,0,1,0,77.82399654388428,4,4,0,4,35,1,0,40,181.149
221,24,0,2,0,168.96000504493713,4,4,0,4,35,1,0,40,181.149
221,24,0,3,0,4.095999989658594,4,4,0,4,35,1,0,40,181.149
221,40,0,0,1,9.216000325977802,4,4,0,0,40,0,0,40,1.65
221,40,0,1,1,102.39999741315842,4,4,0,0,40,0,0,40,1.65
221,40,0,2,1,10.239999741315842,4,4,0,0,40,0,0,40,1.65
221,40,0,3,1,4.095999989658594,4,4,0,0,40,0,0,40,1.65
222,2,0,0,0,8.191999979317188,4,4,0,3,36,1,0,40,140.549
222,2,0,1,0,59.39200147986412,4,4,0,3,36,1,0,40,140.549
222,2,0,2,0,164.86400365829468,4,4,0,3,36,1,0,40,140.549
222,2,0,3,0,6.144000217318535,4,4,0,3,36,1,0,40,140.549
222,24,0,0,0,8.191999979317188,4,4,0,2,38,0,0,40,93.56
222,24,0,1,0,77.82399654388428,4,4,0,2,38,0,0,40,93.56
222,24,0,2,0,9.216000325977802,4,4,0,2,38,0,0,40,93.56
222,24,0,3,0,4.095999989658594,4,4,0,2,38,0,0,40,93.56
222,40,0,0,1,16.383999958634377,4,4,0,2,38,0,0,40,140.67
222,40,0,1,1,103.42399775981903,4,4,0,2,38,0,0,40,140.67
222,40,0,2,1,9.216000325977802,4,4,0,2,38,0,0,40,140.67
222,40,0,3,1,7.168000098317862,4,4,0,2,38,0,0,40,140.67
223,2,0,0,0,672.7679967880249,4,4,0,0,40,0,0,40,2.86
223,2,0,1,0,67.58400052785873,4,4,0,0,40,0,0,40,2.86
223,2,0,2,0,9.216000325977802,4,4,0,0,40,0,0,40,2.86
223,2,0,3,0,5.119999870657921,4,4,0,0,40,0,0,40,2.86
223,24,0,0,0,8.191999979317188,4,4,0,2,38,0,0,40,141.319
223,24,0,1,0,71.68000191450119,4,4,0,2,38,0,0,40,141.319
223,24,0,2,0,10.239999741315842,4,4,0,2,38,0,0,40,141.319
223,24,0,3,0,50.175998359918594,4,4,0,2,38,0,0,40,141.319
223,40,0,0,1,9.216000325977802,4,4,0,0,40,0,0,40,1.371
223,40,0,1,1,65.5359998345375,4,4,0,0,40,0,0,40,1.371
223,40,0,2,1,8.191999979317188,4,4,0,0,40,0,0,40,1.371
223,40,0,3,1,4.095999989658594,4,4,0,0,40,0,0,40,1.371
224,2,0,0,0,9.216000325977802,4,4,0,0,40,0,0,40,2.05
224,2,0,1,0,83.96799862384796,4,4,0,0,40,0,0,40,2.05
224,2,0,2,0,9.216000325977802,4,4,0,0,40,0,0,40,2.05
224,2,0,3,0,5.119999870657921,4,4,0,0,40,0,0,40,2.05
224,24,0,0,0,8.191999979317188,4,4,0,3,37,0,0,40,131.119
224,24,0,1,0,77.82399654388428,4,4,0,3,37,0,0,40,131.119
224,24,0,2,0,9.216000325977802,4,4,0,3,37,0,0,40,131.119
224,24,0,3,0,30.719999223947525,4,4,0,3,37,0,0,40,131.119
224,40,0,0,1,10.239999741315842,4,4,0,0,40,0,0,40,1.609
224,40,0,1,1,95.23200243711472,4,4,0,0,40,0,0,40,1.609
224,40,0,2,1,9.216000325977802,4,4,0,0,40,0,0,40,1.609
224,40,0,3,1,4.095999989658594,4,4,0,0,40,0,0,40,1.609
225,2,0,0,0,9.216000325977802,4,4,0,0,40,0,0,40,2.25
225,2,0,1,0,93.18400174379349,4,4,0,0,40,0,0,40,2.25
225,2,0,2,0,9.216000325977802,4,4,0,0,40,0,0,40,2.25
225,2,0,3,0,5.119999870657921,4,4,0,0,40,0,0,40,2.25
225,24,0,0,0,8.191999979317188,4,4,0,4,35,1,0,40,196.299
225,24,0,1,0,70.65600156784058,4,4,0,4,35,1,0,40,196.299
225,24,0,2,0,163.83999586105347,4,4,0,4,35,1,0,40,196.299
225,24,0,3,0,5.119999870657921,4,4,0,4,35,1,0,40,196.299
225,40,0,0,1,9.216000325977802,4,4,0,0,40,0,0,40,1.86
225,40,0,1,1,99.32799637317657,4,4,0,0,40,0,0,40,1.86
225,40,0,2,1,9.216000325977802,4,4,0,0,40,0,0,40,1.86
225,40,0,3,1,5.119999870657921,4,4,0,0,40,0,0,40,1.86
226,2,0,0,0,9.216000325977802,4,4,0,0,40,0,0,40,1.6
226,2,0,1,0,69.63200122117996,4,4,0,0,40,0,0,40,1.6
226,2,0,2,0,8.191999979317188,4,4,0,0,40,0,0,40,1.6
226,2,0,3,0,5.119999870657921,4,4,0,0,40,0,0,40,1.6
226,24,0,0,0,7.168000098317862,4,4,0,1,39,0,0,40,55.83
226,24,0,1,0,91.13600105047226,4,4,0,1,39,0,0,40,55.83
226,24,0,2,0,9.216000325977802,4,4,0,1,39,0,0,40,55.83
226,24,0,3,0,4.095999989658594,4,4,0,1,39,0,0,40,55.83
226,40,0,0,1,9.216000325977802,4,4,0,0,40,0,0,40,1.44
226,40,0,1,1,86.01599931716919,4,4,0,0,40,0,0,40,1.44
226,40,0,2,1,9.216000325977802,4,4,0,0,40,0,0,40,1.44
226,40,0,3,1,4.095999989658594,4,4,0,0,40,0,0,40,1.44
227,2,0,0,0,9.216000325977802,4,4,0,0,40,0,0,40,2.29
227,2,0,1,0,88.06400001049042,4,4,0,0,40,0,0,40,2.29
227,2,0,2,0,9.216000325977802,4,4,0,0,40,0,0,40,2.29
227,2,0,3,0,5.119999870657921,4,4,0,0,40,0,0,40,2.29
227,24,0,0,0,8.191999979317188,4,4,0,0,40,0,0,40,1.63
227,24,0,1,0,70.65600156784058,4,4,0,0,40,0,0,40,1.63
227,24,0,2,0,9.216000325977802,4,4,0,0,40,0,0,40,1.63
227,24,0,3,0,4.095999989658594,4,4,0,0,40,0,0,40,1.63
227,40,0,0,1,8.191999979317188,4,4,0,0,40,0,0,40,1.42
227,40,0,1,1,64.51199948787689,4,4,0,0,40,0,0,40,1.42
227,40,0,2,1,9.216000325977802,4,4,0,0,40,0,0,40,1.42
227,40,0,3,1,4.095999989658594,4,4,0,0,40,0,0,40,1.42
228,2,0,0,0,9.216000325977802,4,4,0,0,40,0,0,40,1.8
228,2,0,1,0,76.80000364780426,4,4,0,0,40,0,0,40,1.8
228,2,0,2,0,9.216000325977802,4,4,0,0,40,0,0,40,1.8
228,2,0,3,0,6.144000217318535,4,4,0,0,40,0,0,40,1.8
228,24,0,0,0,8.191999979317188,4,4,0,0,40,0,0,40,1.56
228,24,0,1,0,67.58400052785873,4,4,0,0,40,0,0,40,1.56
228,24,0,2,0,8.191999979317188,4,4,0,0,40,0,0,40,1.56
228,24,0,3,0,4.095999989658594,4,4,0,0,40,0,0,40,1.56
228,40,0,0,1,14.336000196635723,4,4,0,3,37,0,0,40,66.0
228,40,0,1,1,49.15200173854828,4,4,0,3,37,0,0,40,66.0
228,40,0,2,1,10.239999741315842,4,4,0,3,37,0,0,40,66.0
228,40,0,3,1,4.095999989658594,4,4,0,3,37,0,0,40,66.0
229,2,0,0,0,9.216000325977802,1,1,0,0,10,0,0,10,0.42
229,2,0,1,0,31.74399957060814,1,1,0,0,10,0,0,10,0.42
229,2,0,2,0,8.191999979317188,1,1,0,0,10,0,0,10,0.42
229,2,0,3,0,5.119999870657921,1,1,0,0,10,0,0,10,0.42
229,24,0,0,0,8.191999979317188,1,1,0,0,10,0,0,10,0.31
229,24,0,1,0,31.74399957060814,1,1,0,0,10,0,0,10,0.31
229,24,0,2,0,8.191999979317188,1,1,0,0,10,0,0,10,0.31
229,24,0,3,0,4.095999989658594,1,1,0,0,10,0,0,10,0.31
229,40,0,0,1,8.191999979317188,1,1,0,1,9,0,0,10,58.29
229,40,0,1,1,33.79200026392937,1,1,0,1,9,0,0,10,58.29
229,40,0,2,1,9.216000325977802,1,1,0,1,9,0,0,10,58.29
229,40,0,3,1,4.095999989658594,1,1,0,1,9,0,0,10,58.29
230,2,0,0,0,8.191999979317188,3,3,0,1,29,0,0,30,74.599
230,2,0,1,0,63.48799914121628,3,3,0,1,29,0,0,30,74.599
230,2,0,2,0,9.216000325977802,3,3,0,1,29,0,0,30,74.599
230,2,0,3,0,4.095999989658594,3,3,0,1,29,0,0,30,74.599
230,24,0,0,0,8.191999979317188,3,3,0,0,30,0,0,30,1.22
230,24,0,1,0,46.08000069856644,3,3,0,0,30,0,0,30,1.22
230,24,0,2,0,9.216000325977802,3,3,0,0,30,0,0,30,1.22
230,24,0,3,0,4.095999989658594,3,3,0,0,30,0,0,30,1.22
230,40,0,0,1,9.216000325977802,3,3,0,0,30,0,0,30,1.5
230,40,0,1,1,53.247999399900436,3,3,0,0,30,0,0,30,1.5
230,40,0,2,1,10.239999741315842,3,3,0,0,30,0,0,30,1.5
230,40,0,3,1,5.119999870657921,3,3,0,0,30,0,0,30,1.5
231,2,0,0,0,9.216000325977802,4,4,0,1,39,0,0,40,91.87
231,2,0,1,0,67.58400052785873,4,4,0,1,39,0,0,40,91.87
231,2,0,2,0,8.191999979317188,4,4,0,1,39,0,0,40,91.87
231,2,0,3,0,6.144000217318535,4,4,0,1,39,0,0,40,91.87
231,24,0,0,0,8.191999979317188,4,4,0,1,39,0,0,40,52.15
231,24,0,1,0,62.463998794555664,4,4,0,1,39,0,0,40,52.15
231,24,0,2,0,9.216000325977802,4,4,0,1,39,0,0,40,52.15
231,24,0,3,0,4.095999989658594,4,4,0,1,39,0,0,40,52.15
231,40,0,0,1,8.191999979317188,4,4,0,2,38,0,0,40,217.099
231,40,0,1,1,78.84799689054489,4,4,0,2,38,0,0,40,217.099
231,40,0,2,1,8.191999979317188,4,4,0,2,38,0,0,40,217.099
231,40,0,3,1,118.78400295972824,4,4,0,2,38,0,0,40,217.099
232,2,0,0,0,8.191999979317188,4,4,0,0,40,0,0,40,1.831
232,2,0,1,0,82.94399827718735,4,4,0,0,40,0,0,40,1.831
232,2,0,2,0,9.216000325977802,4,4,0,0,40,0,0,40,1.831
232,2,0,3,0,5.119999870657921,4,4,0,0,40,0,0,40,1.831
232,24,0,0,0,8.191999979317188,4,4,0,1,39,0,0,40,59.41
232,24,0,1,0,68.60800087451935,4,4,0,1,39,0,0,40,59.41
232,24,0,2,0,9.216000325977802,4,4,0,1,39,0,0,40,59.41
232,24,0,3,0,4.095999989658594,4,4,0,1,39,0,0,40,59.41
232,40,0,0,1,9.216000325977802,4,4,0,1,39,0,0,40,53.84
232,40,0,1,1,71.68000191450119,4,4,0,1,39,0,0,40,53.84
232,40,0,2,1,9.216000325977802,4,4,0,1,39,0,0,40,53.84
232,40,0,3,1,4.095999989658594,4,4,0,1,39,0,0,40,53.84
233,2,0,0,0,15.359999611973763,4,4,0,0,40,0,0,40,2.49
233,2,0,1,0,84.99199897050858,4,4,0,0,40,0,0,40,2.49
233,2,0,2,0,9.216000325977802,4,4,0,0,40,0,0,40,2.49
233,2,0,3,0,5.119999870657921,4,4,0,0,40,0,0,40,2.49
233,24,0,0,0,8.191999979317188,4,4,0,0,40,0,0,40,2.01
233,24,0,1,0,60.416001826524734,4,4,0,0,40,0,0,40,2.01
233,24,0,2,0,9.216000325977802,4,4,0,0,40,0,0,40,2.01
233,24,0,3,0,4.095999989658594,4,4,0,0,40,0,0,40,2.01
233,40,0,0,1,9.216000325977802,4,4,0,0,40,0,0,40,1.551
233,40,0,1,1,87.0399996638298,4,4,0,0,40,0,0,40,1.551
233,40,0,2,1,9.216000325977802,4,4,0,0,40,0,0,40,1.551
233,40,0,3,1,4.095999989658594,4,4,0,0,40,0,0,40,1.551
234,2,0,0,0,9.216000325977802,4,4,0,1,39,0,0,40,62.81
234,2,0,1,0,79.8719972372055,4,4,0,1,39,0,0,40,62.81
234,2,0,2,0,8.191999979317188,4,4,0,1,39,0,0,40,62.81
234,2,0,3,0,5.119999870657921,4,4,0,1,39,0,0,40,62.81
234,24,0,0,0,8.191999979317188,4,4,0,0,40,0,0,40,1.76
234,24,0,1,0,62.463998794555664,4,4,0,0,40,0,0,40,1.76
234,24,0,2,0,9.216000325977802,4,4,0,0,40,0,0,40,1.76
234,24,0,3,0,4.095999989658594,4,4,0,0,40,0,0,40,1.76
234,40,0,0,1,9.216000325977802,4,4,0,1,39,0,0,40,86.059
234,40,0,1,1,67.58400052785873,4,4,0,1,39,0,0,40,86.059
234,40,0,2,1,9.216000325977802,4,4,0,1,39,0,0,40,86.059
234,40,0,3,1,4.095999989658594,4,4,0,1,39,0,0,40,86.059
235,2,0,0,0,8.191999979317188,4,4,0,0,40,0,0,40,2.18
235,2,0,1,0,71.68000191450119,4,4,0,0,40,0,0,40,2.18
235,2,0,2,0,9.216000325977802,4,4,0,0,40,0,0,40,2.18
235,2,0,3,0,5.119999870657921,4,4,0,0,40,0,0,40,2.18
235,24,0,0,0,9.216000325977802,4,4,0,2,38,0,0,40,142.81
235,24,0,1,0,81.91999793052673,4,4,0,2,38,0,0,40,142.81
235,24,0,2,0,10.239999741315842,4,4,0,2,38,0,0,40,142.81
235,24,0,3,0,35.840000957250595,4,4,0,2,38,0,0,40,142.81
235,40,0,0,1,14.336000196635723,4,4,0,1,39,0,0,40,61.739
235,40,0,1,1,89.08800035715103,4,4,0,1,39,0,0,40,61.739
235,40,0,2,1,9.216000325977802,4,4,0,1,39,0,0,40,61.739
235,40,0,3,1,5.119999870657921,4,4,0,1,39,0,0,40,61.739
236,2,0,0,0,9.216000325977802,4,4,0,1,39,0,0,40,53.05
236,2,0,1,0,82.94399827718735,4,4,0,1,39,0,0,40,53.05
236,2,0,2,0,9.216000325977802,4,4,0,1,39,0,0,40,53.05
236,2,0,3,0,5.119999870657921,4,4,0,1,39,0,0,40,53.05
236,24,0,0,0,8.191999979317188,4,4,0,2,38,0,0,40,91.79
236,24,0,1,0,72.7040022611618,4,4,0,2,38,0,0,40,91.79
236,24,0,2,0,9.216000325977802,4,4,0,2,38,0,0,40,91.79
236,24,0,3,0,4.095999989658594,4,4,0,2,38,0,0,40,91.79
236,40,0,0,1,8.191999979317188,4,4,0,2,38,0,0,40,107.459
236,40,0,1,1,67.58400052785873,4,4,0,2,38,0,0,40,107.459
236,40,0,2,1,9.216000325977802,4,4,0,2,38,0,0,40,107.459
236,40,0,3,1,16.383999958634377,4,4,0,2,38,0,0,40,107.459
237,2,0,0,0,8.191999979317188,4,4,0,3,36,1,0,40,128.789
237,2,0,1,0,81.91999793052673,4,4,0,3,36,1,0,40,128.789
237,2,0,2,0,172.03199863433838,4,4,0,3,36,1,0,40,128.789
237,2,0,3,0,6.144000217318535,4,4,0,3,36,1,0,40,128.789
237,24,0,0,0,9.216000325977802,4,4,0,4,36,0,0,40,123.619
237,24,0,1,0,75.77600330114365,4,4,0,4,36,0,0,40,123.619
237,24,0,2,0,9.216000325977802,4,4,0,4,36,0,0,40,123.619
237,24,0,3,0,25.599999353289604,4,4,0,4,36,0,0,40,123.619
237,40,0,0,1,8.191999979317188,4,4,0,1,39,0,0,40,55.859
237,40,0,1,1,89.08800035715103,4,4,0,1,39,0,0,40,55.859
237,40,0,2,1,8.191999979317188,4,4,0,1,39,0,0,40,55.859
237,40,0,3,1,4.095999989658594,4,4,0,1,39,0,0,40,55.859
238,2,0,0,0,9.216000325977802,4,4,0,7,32,1,0,40,303.419
238,2,0,1,0,56.32000043988228,4,4,0,7,32,1,0,40,303.419
238,2,0,2,0,173.0560064315796,4,4,0,7,32,1,0,40,303.419
238,2,0,3,0,61.43999844789505,4,4,0,7,32,1,0,40,303.419
238,24,0,0,0,8.191999979317188,4,4,0,4,36,0,0,40,120.94
238,24,0,1,0,82.94399827718735,4,4,0,4,36,0,0,40,120.94
238,24,0,2,0,9.216000325977802,4,4,0,4,36,0,0,40,120.94
238,24,0,3,0,20.479999482631683,4,4,0,4,36,0,0,40,120.94
238,40,0,0,1,8.191999979317188,4,4,0,3,37,0,0,40,260.899
238,40,0,1,1,86.01599931716919,4,4,0,3,37,0,0,40,260.899
238,40,0,2,1,9.216000325977802,4,4,0,3,37,0,0,40,260.899
238,40,0,3,1,152.5759994983673,4,4,0,3,37,0,0,40,260.899
239,2,0,0,0,9.216000325977802,4,4,0,0,40,0,0,40,1.811
239,2,0,1,0,73.72800260782242,4,4,0,0,40,0,0,40,1.811
239,2,0,2,0,9.216000325977802,4,4,0,0,40,0,0,40,1.811
239,2,0,3,0,6.144000217318535,4,4,0,0,40,0,0,40,1.811
239,24,0,0,0,8.191999979317188,4,4,0,0,40,0,0,40,1.85
239,24,0,1,0,91.13600105047226,4,4,0,0,40,0,0,40,1.85
239,24,0,2,0,9.216000325977802,4,4,0,0,40,0,0,40,1.85
239,24,0,3,0,4.095999989658594,4,4,0,0,40,0,0,40,1.85
239,40,0,0,1,8.191999979317188,4,4,0,1,39,0,0,40,59.85
239,40,0,1,1,74.75200295448303,4,4,0,1,39,0,0,40,59.85
239,40,0,2,1,9.216000325977802,4,4,0,1,39,0,0,40,59.85
239,40,0,3,1,4.095999989658594,4,4,0,1,39,0,0,40,59.85
240,2,0,0,0,9.216000325977802,4,4,0,0,40,0,0,40,2.16
240,2,0,1,0,77.82399654388428,4,4,0,0,40,0,0,40,2.16
240,2,0,2,0,9.216000325977802,4,4,0,0,40,0,0,40,2.16
240,2,0,3,0,5.119999870657921,4,4,0,0,40,0,0,40,2.16
240,24,0,0,0,8.191999979317188,4,4,0,1,39,0,0,40,51.82
240,24,0,1,0,68.60800087451935,4,4,0,1,39,0,0,40,51.82
240,24,0,2,0,9.216000325977802,4,4,0,1,39,0,0,40,51.82
240,24,0,3,0,4.095999989658594,4,4,0,1,39,0,0,40,51.82
240,40,0,0,1,7.168000098317862,4,4,0,0,40,0,0,40,1.76
240,40,0,1,1,63.48799914121628,4,4,0,0,40,0,0,40,1.76
240,40,0,2,1,9.216000325977802,4,4,0,0,40,0,0,40,1.76
240,40,0,3,1,4.095999989658594,4,4,0,0,40,0,0,40,1.76
241,2,0,0,0,9.216000325977802,4,4,0,0,40,0,0,40,1.83
241,2,0,1,0,87.0399996638298,4,4,0,0,40,0,0,40,1.83
241,2,0,2,0,8.191999979317188,4,4,0,0,40,0,0,40,1.83
241,2,0,3,0,6.144000217318535,4,4,0,0,40,0,0,40,1.83
241,24,0,0,0,7.168000098317862,4,4,0,1,39,0,0,40,53.38
241,24,0,1,0,88.06400001049042,4,4,0,1,39,0,0,40,53.38
241,24,0,2,0,9.216000325977802,4,4,0,1,39,0,0,40,53.38
241,24,0,3,0,4.095999989658594,4,4,0,1,39,0,0,40,53.38
241,40,0,0,1,8.191999979317188,4,4,0,2,38,0,0,40,107.9
241,40,0,1,1,92.16000139713287,4,4,0,2,38,0,0,40,107.9
241,40,0,2,1,8.191999979317188,4,4,0,2,38,0,0,40,107.9
241,40,0,3,1,4.095999989658594,4,4,0,2,38,0,0,40,107.9
242,2,0,0,0,9.216000325977802,4,4,0,0,40,0,0,40,2.24
242,2,0,1,0,83.96799862384796,4,4,0,0,40,0,0,40,2.24
242,2,0,2,0,9.216000325977802,4,4,0,0,40,0,0,40,2.24
242,2,0,3,0,5.119999870657921,4,4,0,0,40,0,0,40,2.24
242,24,0,0,0,9.216000325977802,4,4,0,3,37,0,0,40,135.379
242,24,0,1,0,83.96799862384796,4,4,0,3,37,0,0,40,135.379
242,24,0,2,0,9.216000325977802,4,4,0,3,37,0,0,40,135.379
242,24,0,3,0,31.74399957060814,4,4,0,3,37,0,0,40,135.379
242,40,0,0,1,15.359999611973763,4,4,0,2,38,0,0,40,106.669
242,40,0,1,1,91.13600105047226,4,4,0,2,38,0,0,40,106.669
242,40,0,2,1,8.191999979317188,4,4,0,2,38,0,0,40,106.669
242,40,0,3,1,4.095999989658594,4,4,0,2,38,0,0,40,106.669
243,2,0,0,0,9.216000325977802,4,4,0,0,40,0,0,40,1.7
243,2,0,1,0,87.0399996638298,4,4,0,0,40,0,0,40,1.7
243,2,0,2,0,9.216000325977802,4,4,0,0,40,0,0,40,1.7
243,2,0,3,0,5.119999870657921,4,4,0,0,40,0,0,40,1.7
243,24,0,0,0,8.191999979317188,4,4,0,1,39,0,0,40,58.69
243,24,0,1,0,88.06400001049042,4,4,0,1,39,0,0,40,58.69
243,24,0,2,0,9.216000325977802,4,4,0,1,39,0,0,40,58.69
243,24,0,3,0,4.095999989658594,4,4,0,1,39,0,0,40,58.69
243,40,0,0,1,14.336000196635723,4,4,0,0,40,0,0,40,1.691
243,40,0,1,1,92.16000139713287,4,4,0,0,40,0,0,40,1.691
243,40,0,2,1,9.216000325977802,4,4,0,0,40,0,0,40,1.691
243,40,0,3,1,4.095999989658594,4,4,0,0,40,0,0,40,1.691
244,2,0,0,0,8.191999979317188,4,4,0,0,40,0,0,40,1.76
244,2,0,1,0,87.0399996638298,4,4,0,0,40,0,0,40,1.76
244,2,0,2,0,9.216000325977802,4,4,0,0,40,0,0,40,1.76
244,2,0,3,0,6.144000217318535,4,4,0,0,40,0,0,40,1.76
244,24,0,0,0,8.191999979317188,4,4,0,1,39,0,0,40,64.52
244,24,0,1,0,76.80000364780426,4,4,0,1,39,0,0,40,64.52
244,24,0,2,0,9.216000325977802,4,4,0,1,39,0,0,40,64.52
244,24,0,3,0,4.095999989658594,4,4,0,1,39,0,0,40,64.52
244,40,0,0,1,16.383999958634377,4,4,0,1,39,0,0,40,83.249
244,40,0,1,1,94.2080020904541,4,4,0,1,39,0,0,40,83.249
244,40,0,2,1,9.216000325977802,4,4,0,1,39,0,0,40,83.249
244,40,0,3,1,4.095999989658594,4,4,0,1,39,0,0,40,83.249
245,2,0,0,0,8.191999979317188,4,4,0,1,39,0,0,40,102.119
245,2,0,1,0,87.0399996638298,4,4,0,1,39,0,0,40,102.119
245,2,0,2,0,9.216000325977802,4,4,0,1,39,0,0,40,102.119
245,2,0,3,0,6.144000217318535,4,4,0,1,39,0,0,40,102.119
245,24,0,0,0,8.191999979317188,4,4,0,0,40,0,0,40,2.02
245,24,0,1,0,62.463998794555664,4,4,0,0,40,0,0,40,2.02
245,24,0,2,0,9.216000325977802,4,4,0,0,40,0,0,40,2.02
245,24,0,3,0,4.095999989658594,4,4,0,0,40,0,0,40,2.02
245,40,0,0,1,9.216000325977802,4,4,0,0,40,0,0,40,1.31
245,40,0,1,1,59.39200147986412,4,4,0,0,40,0,0,40,1.31
245,40,0,2,1,8.191999979317188,4,4,0,0,40,0,0,40,1.31
245,40,0,3,1,4.095999989658594,4,4,0,0,40,0,0,40,1.31
246,2,0,0,0,9.216000325977802,4,4,0,1,39,0,0,40,89.4
246,2,0,1,0,65.5359998345375,4,4,0,1,39,0,0,40,89.4
246,2,0,2,0,9.216000325977802,4,4,0,1,39,0,0,40,89.4
246,2,0,3,0,6.144000217318535,4,4,0,1,39,0,0,40,89.4
246,24,0,0,0,8.191999979317188,4,4,0,1,39,0,0,40,54.42
246,24,0,1,0,60.416001826524734,4,4,0,1,39,0,0,40,54.42
246,24,0,2,0,8.191999979317188,4,4,0,1,39,0,0,40,54.42
246,24,0,3,0,4.095999989658594,4,4,0,1,39,0,0,40,54.42
246,40,0,0,1,9.216000325977802,4,4,0,0,40,0,0,40,1.65
246,40,0,1,1,60.416001826524734,4,4,0,0,40,0,0,40,1.65
246,40,0,2,1,9.216000325977802,4,4,0,0,40,0,0,40,1.65
246,40,0,3,1,4.095999989658594,4,4,0,0,40,0,0,40,1.65
247,2,0,0,0,9.216000325977802,4,4,0,2,38,0,0,40,87.219
247,2,0,1,0,71.68000191450119,4,4,0,2,38,0,0,40,87.219
247,2,0,2,0,9.216000325977802,4,4,0,2,38,0,0,40,87.219
247,2,0,3,0,5.119999870657921,4,4,0,2,38,0,0,40,87.219
247,24,0,0,0,8.191999979317188,4,4,0,0,40,0,0,40,1.371
247,24,0,1,0,65.5359998345375,4,4,0,0,40,0,0,40,1.371
247,24,0,2,0,8.191999979317188,4,4,0,0,40,0,0,40,1.371
247,24,0,3,0,4.095999989658594,4,4,0,0,40,0,0,40,1.371
247,40,0,0,1,8.191999979317188,4,4,0,0,40,0,0,40,1.62
247,40,0,1,1,72.7040022611618,4,4,0,0,40,0,0,40,1.62
247,40,0,2,1,9.216000325977802,4,4,0,0,40,0,0,40,1.62
247,40,0,3,1,4.095999989658594,4,4,0,0,40,0,0,40,1.62
248,2,0,0,0,15.359999611973763,4,4,0,1,39,0,0,40,54.43
248,2,0,1,0,77.82399654388428,4,4,0,1,39,0,0,40,54.43
248,2,0,2,0,9.216000325977802,4,4,0,1,39,0,0,40,54.43
248,2,0,3,0,7.168000098317862,4,4,0,1,39,0,0,40,54.43
248,24,0,0,0,8.191999979317188,4,4,0,0,40,0,0,40,1.55
248,24,0,1,0,62.463998794555664,4,4,0,0,40,0,0,40,1.55
248,24,0,2,0,9.216000325977802,4,4,0,0,40,0,0,40,1.55
248,24,0,3,0,4.095999989658594,4,4,0,0,40,0,0,40,1.55
248,40,0,0,1,9.216000325977802,4,4,0,2,38,0,0,40,107.91
248,40,0,1,1,78.84799689054489,4,4,0,2,38,0,0,40,107.91
248,40,0,2,1,8.191999979317188,4,4,0,2,38,0,0,40,107.91
248,40,0,3,1,6.144000217318535,4,4,0,2,38,0,0,40,107.91
249,2,0,0,0,9.216000325977802,4,4,0,0,40,0,0,40,1.63
249,2,0,1,0,65.5359998345375,4,4,0,0,40,0,0,40,1.63
249,2,0,2,0,9.216000325977802,4,4,0,0,40,0,0,40,1.63
249,2,0,3,0,6.144000217318535,4,4,0,0,40,0,0,40,1.63
249,24,0,0,0,14.336000196635723,4,4,0,0,40,0,0,40,1.54
249,24,0,1,0,83.96799862384796,4,4,0,0,40,0,0,40,1.54
249,24,0,2,0,9.216000325977802,4,4,0,0,40,0,0,40,1.54
249,24,0,3,0,4.095999989658594,4,4,0,0,40,0,0,40,1.54
249,40,0,0,1,15.359999611973763,4,4,0,3,37,0,0,40,146.329
249,40,0,1,1,92.16000139713287,4,4,0,3,37,0,0,40,146.329
249,40,0,2,1,8.191999979317188,4,4,0,3,37,0,0,40,146.329
249,40,0,3,1,28.672000393271446,4,4,0,3,37,0,0,40,146.329
250,2,0,0,0,10.239999741315842,4,4,0,0,40,0,0,40,1.609
250,2,0,1,0,92.16000139713287,4,4,0,0,40,0,0,40,1.609
250,2,0,2,0,9.216000325977802,4,4,0,0,40,0,0,40,1.609
250,2,0,3,0,5.119999870657921,4,4,0,0,40,0,0,40,1.609
250,24,0,0,0,9.216000325977802,4,4,0,0,40,0,0,40,1.7
250,24,0,1,0,80.89599758386612,4,4,0,0,40,0,0,40,1.7
250,24,0,2,0,9.216000325977802,4,4,0,0,40,0,0,40,1.7
250,24,0,3,0,4.095999989658594,4,4,0,0,40,0,0,40,1.7
250,40,0,0,1,8.191999979317188,4,4,0,0,40,0,0,40,1.8
250,40,0,1,1,89.08800035715103,4,4,0,0,40,0,0,40,1.8
250,40,0,2,1,8.191999979317188,4,4,0,0,40,0,0,40,1.8
250,40,0,3,1,4.095999989658594,4,4,0,0,40,0,0,40,1.8
251,2,0,0,0,9.216000325977802,4,4,0,0,40,0,0,40,1.35
251,2,0,1,0,87.0399996638298,4,4,0,0,40,0,0,40,1.35
251,2,0,2,0,9.216000325977802,4,4,0,0,40,0,0,40,1.35
251,2,0,3,0,5.119999870657921,4,4,0,0,40,0,0,40,1.35
251,24,0,0,0,8.191999979317188,4,4,0,1,39,0,0,40,56.97
251,24,0,1,0,71.68000191450119,4,4,0,1,39,0,0,40,56.97
251,24,0,2,0,9.216000325977802,4,4,0,1,39,0,0,40,56.97
251,24,0,3,0,4.095999989658594,4,4,0,1,39,0,0,40,56.97
251,40,0,0,1,8.191999979317188,4,4,0,0,40,0,0,40,1.52
251,40,0,1,1,71.68000191450119,4,4,0,0,40,0,0,40,1.52
251,40,0,2,1,9.216000325977802,4,4,0,0,40,0,0,40,1.52
251,40,0,3,1,4.095999989658594,4,4,0,0,40,0,0,40,1.52
252,2,0,0,0,9.216000325977802,4,4,0,0,40,0,0,40,1.749
252,2,0,1,0,81.91999793052673,4,4,0,0,40,0,0,40,1.749
252,2,0,2,0,9.216000325977802,4,4,0,0,40,0,0,40,1.749
252,2,0,3,0,5.119999870657921,4,4,0,0,40,0,0,40,1.749
252,24,0,0,0,14.336000196635723,4,4,0,0,40,0,0,40,1.58
252,24,0,1,0,80.89599758386612,4,4,0,0,40,0,0,40,1.58
252,24,0,2,0,9.216000325977802,4,4,0,0,40,0,0,40,1.58
252,24,0,3,0,4.095999989658594,4,4,0,0,40,0,0,40,1.58
252,40,0,0,1,7.168000098317862,4,4,0,0,40,0,0,40,2.57
252,40,0,1,1,86.01599931716919,4,4,0,0,40,0,0,40,2.57
252,40,0,2,1,9.216000325977802,4,4,0,0,40,0,0,40,2.57
252,40,0,3,1,4.095999989658594,4,4,0,0,40,0,0,40,2.57
253,2,0,0,0,8.191999979317188,4,4,0,0,40,0,0,40,1.48
253,2,0,1,0,87.0399996638298,4,4,0,0,40,0,0,40,1.48
253,2,0,2,0,9.216000325977802,4,4,0,0,40,0,0,40,1.48
253,2,0,3,0,5.119999870657921,4,4,0,0,40,0,0,40,1.48
253,24,0,0,0,8.191999979317188,4,4,0,2,38,0,0,40,168.179
253,24,0,1,0,90.11200070381165,4,4,0,2,38,0,0,40,168.179
253,24,0,2,0,9.216000325977802,4,4,0,2,38,0,0,40,168.179
253,24,0,3,0,57.34400078654289,4,4,0,2,38,0,0,40,168.179
253,40,0,0,1,9.216000325977802,4,4,0,2,38,0,0,40,153.17
253,40,0,1,1,79.8719972372055,4,4,0,2,38,0,0,40,153.17
253,40,0,2,1,8.191999979317188,4,4,0,2,38,0,0,40,153.17
253,40,0,3,1,53.247999399900436,4,4,0,2,38,0,0,40,153.17
254,2,0,0,0,9.216000325977802,4,4,0,0,40,0,0,40,1.84
254,2,0,1,0,76.80000364780426,4,4,0,0,40,0,0,40,1.84
254,2,0,2,0,9.216000325977802,4,4,0,0,40,0,0,40,1.84
254,2,0,3,0,8.191999979317188,4,4,0,0,40,0,0,40,1.84
254,24,0,0,0,8.191999979317188,4,4,0,3,36,1,0,40,135.94
254,24,0,1,0,71.68000191450119,4,4,0,3,36,1,0,40,135.94
254,24,0,2,0,163.83999586105347,4,4,0,3,36,1,0,40,135.94
254,24,0,3,0,4.095999989658594,4,4,0,3,36,1,0,40,135.94
254,40,0,0,1,8.191999979317188,4,4,0,3,37,0,0,40,112.48
254,40,0,1,1,83.96799862384796,4,4,0,3,37,0,0,40,112.48
254,40,0,2,1,9.216000325977802,4,4,0,3,37,0,0,40,112.48
254,40,0,3,1,5.119999870657921,4,4,0,3,37,0,0,40,112.48
255,2,0,0,0,9.216000325977802,4,4,0,1,39,0,0,40,56.17
255,2,0,1,0,88.06400001049042,4,4,0,1,39,0,0,40,56.17
255,2,0,2,0,9.216000325977802,4,4,0,1,39,0,0,40,56.17
255,2,0,3,0,5.119999870657921,4,4,0,1,39,0,0,40,56.17
255,24,0,0,0,8.191999979317188,4,4,0,1,39,0,0,40,56.591
255,24,0,1,0,80.89599758386612,4,4,0,1,39,0,0,40,56.591
255,24,0,2,0,9.216000325977802,4,4,0,1,39,0,0,40,56.591
255,24,0,3,0,4.095999989658594,4,4,0,1,39,0,0,40,56.591
255,40,0,0,1,8.191999979317188,4,4,0,0,40,0,0,40,1.62
255,40,0,1,1,99.32799637317657,4,4,0,0,40,0,0,40,1.62
255,40,0,2,1,8.191999979317188,4,4,0,0,40,0,0,40,1.62
255,40,0,3,1,4.095999989658594,4,4,0,0,40,0,0,40,1.62
256,2,0,0,0,9.216000325977802,4,4,0,0,40,0,0,40,1.6
256,2,0,1,0,88.06400001049042,4,4,0,0,40,0,0,40,1.6
256,2,0,2,0,8.191999979317188,4,4,0,0,40,0,0,40,1.6
256,2,0,3,0,5.119999870657921,4,4,0,0,40,0,0,40,1.6
256,24,0,0,0,8.191999979317188,4,4,0,0,40,0,0,40,1.94
256,24,0,1,0,72.7040022611618,4,4,0,0,40,0,0,40,1.94
256,24,0,2,0,9.216000325977802,4,4,0,0,40,0,0,40,1.94
256,24,0,3,0,4.095999989658594,4,4,0,0,40,0,0,40,1.94
256,40,0,0,1,9.216000325977802,4,4,0,1,39,0,0,40,60.599
256,40,0,1,1,80.89599758386612,4,4,0,1,39,0,0,40,60.599
256,40,0,2,1,9.216000325977802,4,4,0,1,39,0,0,40,60.599
256,40,0,3,1,4.095999989658594,4,4,0,1,39,0,0,40,60.599
257,2,0,0,0,8.191999979317188,4,4,0,0,40,0,0,40,1.5
257,2,0,1,0,72.7040022611618,4,4,0,0,40,0,0,40,1.5
257,2,0,2,0,9.216000325977802,4,4,0,0,40,0,0,40,1.5
257,2,0,3,0,5.119999870657921,4,4,0,0,40,0,0,40,1.5
257,24,0,0,0,9.216000325977802,4,4,0,2,38,0,0,40,123.819
257,24,0,1,0,63.48799914121628,4,4,0,2,38,0,0,40,123.819
257,24,0,2,0,9.216000325977802,4,4,0,2,38,0,0,40,123.819
257,24,0,3,0,35.840000957250595,4,4,0,2,38,0,0,40,123.819
257,40,0,0,1,15.359999611973763,4,4,0,3,37,0,0,40,163.79
257,40,0,1,1,67.58400052785873,4,4,0,3,37,0,0,40,163.79
257,40,0,2,1,9.216000325977802,4,4,0,3,37,0,0,40,163.79
257,40,0,3,1,70.65600156784058,4,4,0,3,37,0,0,40,163.79
258,2,0,0,0,16.383999958634377,4,4,0,2,38,0,0,40,60.67
258,2,0,1,0,78.84799689054489,4,4,0,2,38,0,0,40,60.67
258,2,0,2,0,8.191999979317188,4,4,0,2,38,0,0,40,60.67
258,2,0,3,0,5.119999870657921,4,4,0,2,38,0,0,40,60.67
258,24,0,0,0,8.191999979317188,4,4,0,0,40,0,0,40,1.74
258,24,0,1,0,78.84799689054489,4,4,0,0,40,0,0,40,1.74
258,24,0,2,0,9.216000325977802,4,4,0,0,40,0,0,40,1.74
258,24,0,3,0,4.095999989658594,4,4,0,0,40,0,0,40,1.74
258,40,0,0,1,8.191999979317188,4,4,0,2,38,0,0,40,107.469
258,40,0,1,1,68.60800087451935,4,4,0,2,38,0,0,40,107.469
258,40,0,2,1,10.239999741315842,4,4,0,2,38,0,0,40,107.469
258,40,0,3,1,16.383999958634377,4,4,0,2,38,0,0,40,107.469
259,2,0,0,0,8.191999979317188,4,4,0,2,38,0,0,40,137.169
259,2,0,1,0,76.80000364780426,4,4,0,2,38,0,0,40,137.169
259,2,0,2,0,9.216000325977802,4,4,0,2,38,0,0,40,137.169
259,2,0,3,0,38.91199827194214,4,4,0,2,38,0,0,40,137.169
259,24,0,0,0,8.191999979317188,4,4,0,0,40,0,0,40,1.53
259,24,0,1,0,67.58400052785873,4,4,0,0,40,0,0,40,1.53
259,24,0,2,0,8.191999979317188,4,4,0,0,40,0,0,40,1.53
259,24,0,3,0,4.095999989658594,4,4,0,0,40,0,0,40,1.53
259,40,0,0,1,9.216000325977802,4,4,0,0,40,0,0,40,1.44
259,40,0,1,1,68.60800087451935,4,4,0,0,40,0,0,40,1.44
259,40,0,2,1,9.216000325977802,4,4,0,0,40,0,0,40,1.44
259,40,0,3,1,4.095999989658594,4,4,0,0,40,0,0,40,1.44
260,2,0,0,0,9.216000325977802,4,4,0,0,40,0,0,40,2.04
260,2,0,1,0,76.80000364780426,4,4,0,0,40,0,0,40,2.04
260,2,0,2,0,9.216000325977802,4,4,0,0,40,0,0,40,2.04
260,2,0,3,0,5.119999870657921,4,4,0,0,40,0,0,40,2.04
260,24,0,0,0,8.191999979317188,4,4,0,1,39,0,0,40,68.429
260,24,0,1,0,69.63200122117996,4,4,0,1,39,0,0,40,68.429
260,24,0,2,0,9.216000325977802,4,4,0,1,39,0,0,40,68.429
260,24,0,3,0,107.51999914646149,4,4,0,1,39,0,0,40,68.429
260,40,0,0,1,8.191999979317188,4,4,0,0,40,0,0,40,1.75
260,40,0,1,1,99.32799637317657,4,4,0,0,40,0,0,40,1.75
260,40,0,2,1,9.216000325977802,4,4,0,0,40,0,0,40,1.75
260,40,0,3,1,4.095999989658594,4,4,0,0,40,0,0,40,1.75
261,2,0,0,0,15.359999611973763,4,4,0,0,40,0,0,40,1.73
261,2,0,1,0,82.94399827718735,4,4,0,0,40,0,0,40,1.73
261,2,0,2,0,9.216000325977802,4,4,0,0,40,0,0,40,1.73
261,2,0,3,0,6.144000217318535,4,4,0,0,40,0,0,40,1.73
261,24,0,0,0,15.359999611973763,4,4,0,1,39,0,0,40,51.63
261,24,0,1,0,73.72800260782242,4,4,0,1,39,0,0,40,51.63
261,24,0,2,0,9.216000325977802,4,4,0,1,39,0,0,40,51.63
261,24,0,3,0,4.095999989658594,4,4,0,1,39,0,0,40,51.63
261,40,0,0,1,9.216000325977802,4,4,0,0,40,0,0,40,1.491
261,40,0,1,1,65.5359998345375,4,4,0,0,40,0,0,40,1.491
261,40,0,2,1,9.216000325977802,4,4,0,0,40,0,0,40,1.491
261,40,0,3,1,4.095999989658594,4,4,0,0,40,0,0,40,1.491
262,2,0,0,0,8.191999979317188,4,4,0,0,40,0,0,40,2.25
262,2,0,1,0,59.39200147986412,4,4,0,0,40,0,0,40,2.25
262,2,0,2,0,9.216000325977802,4,4,0,0,40,0,0,40,2.25
262,2,0,3,0,5.119999870657921,4,4,0,0,40,0,0,40,2.25
262,24,0,0,0,8.191999979317188,4,4,0,0,40,0,0,40,1.56
262,24,0,1,0,72.7040022611618,4,4,0,0,40,0,0,40,1.56
262,24,0,2,0,9.216000325977802,4,4,0,0,40,0,0,40,1.56
262,24,0,3,0,4.095999989658594,4,4,0,0,40,0,0,40,1.56
262,40,0,0,1,8.191999979317188,4,4,0,0,40,0,0,40,1.36
262,40,0,1,1,74.75200295448303,4,4,0,0,40,0,0,40,1.36
262,40,0,2,1,9.216000325977802,4,4,0,0,40,0,0,40,1.36
262,40,0,3,1,4.095999989658594,4,4,0,0,40,0,0,40,1.36
263,2,0,0,0,9.216000325977802,4,4,0,0,40,0,0,40,2.289
263,2,0,1,0,86.01599931716919,4,4,0,0,40,0,0,40,2.289
263,2,0,2,0,10.239999741315842,4,4,0,0,40,0,0,40,2.289
263,2,0,3,0,5.119999870657921,4,4,0,0,40,0,0,40,2.289
263,24,0,0,0,8.191999979317188,4,4,0,2,38,0,0,40,137.37
263,24,0,1,0,78.84799689054489,4,4,0,2,38,0,0,40,137.37
263,24,0,2,0,9.216000325977802,4,4,0,2,38,0,0,40,137.37
263,24,0,3,0,35.840000957250595,4,4,0,2,38,0,0,40,137.37
263,40,0,0,1,8.191999979317188,4,4,0,0,40,0,0,40,1.58
263,40,0,1,1,91.13600105047226,4,4,0,0,40,0,0,40,1.58
263,40,0,2,1,8.191999979317188,4,4,0,0,40,0,0,40,1.58
263,40,0,3,1,4.095999989658594,4,4,0,0,40,0,0,40,1.58
264,2,0,0,0,9.216000325977802,4,4,0,0,40,0,0,40,1.88
264,2,0,1,0,83.96799862384796,4,4,0,0,40,0,0,40,1.88
264,2,0,2,0,9.216000325977802,4,4,0,0,40,0,0,40,1.88
264,2,0,3,0,5.119999870657921,4,4,0,0,40,0,0,40,1.88
264,24,0,0,0,8.191999979317188,4,4,0,0,40,0,0,40,1.589
264,24,0,1,0,74.75200295448303,4,4,0,0,40,0,0,40,1.589
264,24,0,2,0,8.191999979317188,4,4,0,0,40,0,0,40,1.589
264,24,0,3,0,4.095999989658594,4,4,0,0,40,0,0,40,1.589
264,40,0,0,1,9.216000325977802,4,4,0,0,40,0,0,40,1.61
264,40,0,1,1,87.0399996638298,4,4,0,0,40,0,0,40,1.61
264,40,0,2,1,9.216000325977802,4,4,0,0,40,0,0,40,1.61
264,40,0,3,1,4.095999989658594,4,4,0,0,40,0,0,40,1.61
265,2,0,0,0,10.239999741315842,4,4,0,3,37,0,0,40,222.439
265,2,0,1,0,69.63200122117996,4,4,0,3,37,0,0,40,222.439
265,2,0,2,0,9.216000325977802,4,4,0,3,37,0,0,40,222.439
265,2,0,3,0,134.14399325847626,4,4,0,3,37,0,0,40,222.439
265,24,0,0,0,8.191999979317188,4,4,0,0,40,0,0,40,1.53
265,24,0,1,0,78.84799689054489,4,4,0,0,40,0,0,40,1.53
265,24,0,2,0,8.191999979317188,4,4,0,0,40,0,0,40,1.53
265,24,0,3,0,4.095999989658594,4,4,0,0,40,0,0,40,1.53
265,40,0,0,1,8.191999979317188,4,4,0,0,40,0,0,40,1.52
265,40,0,1,1,93.18400174379349,4,4,0,0,40,0,0,40,1.52
265,40,0,2,1,8.191999979317188,4,4,0,0,40,0,0,40,1.52
265,40,0,3,1,133.12000036239624,4,4,0,0,40,0,0,40,1.52
266,2,0,0,0,8.191999979317188,4,4,0,1,39,0,0,40,52.68
266,2,0,1,0,77.82399654388428,4,4,0,1,39,0,0,40,52.68
266,2,0,2,0,9.216000325977802,4,4,0,1,39,0,0,40,52.68
266,2,0,3,0,5.119999870657921,4,4,0,1,39,0,0,40,52.68
266,24,0,0,0,8.191999979317188,4,4,0,0,40,0,0,40,2.44
266,24,0,1,0,75.77600330114365,4,4,0,0,40,0,0,40,2.44
266,24,0,2,0,9.216000325977802,4,4,0,0,40,0,0,40,2.44
266,24,0,3,0,4.095999989658594,4,4,0,0,40,0,0,40,2.44
266,40,0,0,1,8.191999979317188,4,4,0,0,40,0,0,40,1.54
266,40,0,1,1,75.77600330114365,4,4,0,0,40,0,0,40,1.54
266,40,0,2,1,8.191999979317188,4,4,0,0,40,0,0,40,1.54
266,40,0,3,1,5.119999870657921,4,4,0,0,40,0,0,40,1.54
267,2,0,0,0,9.216000325977802,4,4,0,0,40,0,0,40,1.68
267,2,0,1,0,68.60800087451935,4,4,0,0,40,0,0,40,1.68
267,2,0,2,0,8.191999979317188,4,4,0,0,40,0,0,40,1.68
267,2,0,3,0,5.119999870657921,4,4,0,0,40,0,0,40,1.68
267,24,0,0,0,8.191999979317188,4,4,0,1,39,0,0,40,71.179
267,24,0,1,0,91.13600105047226,4,4,0,1,39,0,0,40,71.179
267,24,0,2,0,9.216000325977802,4,4,0,1,39,0,0,40,71.179
267,24,0,3,0,4.095999989658594,4,4,0,1,39,0,0,40,71.179
267,40,0,0,1,15.359999611973763,4,4,0,1,39,0,0,40,73.21
267,40,0,1,1,102.39999741315842,4,4,0,1,39,0,0,40,73.21
267,40,0,2,1,8.191999979317188,4,4,0,1,39,0,0,40,73.21
267,40,0,3,1,4.095999989658594,4,4,0,1,39,0,0,40,73.21
268,2,0,0,0,10.239999741315842,4,4,0,3,37,0,0,40,132.501
268,2,0,1,0,84.99199897050858,4,4,0,3,37,0,0,40,132.501
268,2,0,2,0,9.216000325977802,4,4,0,3,37,0,0,40,132.501
268,2,0,3,0,23.552000522613525,4,4,0,3,37,0,0,40,132.501
268,24,0,0,0,8.191999979317188,4,4,0,2,38,0,0,40,99.41
268,24,0,1,0,78.84799689054489,4,4,0,2,38,0,0,40,99.41
268,24,0,2,0,9.216000325977802,4,4,0,2,38,0,0,40,99.41
268,24,0,3,0,4.095999989658594,4,4,0,2,38,0,0,40,99.41
268,40,0,0,1,9.216000325977802,4,4,0,0,40,0,0,40,1.769
268,40,0,1,1,84.99199897050858,4,4,0,0,40,0,0,40,1.769
268,40,0,2,1,9.216000325977802,4,4,0,0,40,0,0,40,1.769
268,40,0,3,1,4.095999989658594,4,4,0,0,40,0,0,40,1.769
269,2,0,0,0,11.264000087976456,1,1,0,0,10,0,0,10,0.4
269,2,0,1,0,31.74399957060814,1,1,0,0,10,0,0,10,0.4
269,2,0,2,0,8.191999979317188,1,1,0,0,10,0,0,10,0.4
269,2,0,3,0,5.119999870657921,1,1,0,0,10,0,0,10,0.4
269,24,0,0,0,8.191999979317188,1,1,0,0,10,0,0,10,0.47
269,24,0,1,0,31.74399957060814,1,1,0,0,10,0,0,10,0.47
269,24,0,2,0,9.216000325977802,1,1,0,0,10,0,0,10,0.47
269,24,0,3,0,4.095999989658594,1,1,0,0,10,0,0,10,0.47
269,40,0,0,1,9.216000325977802,1,1,0,0,10,0,0,10,0.37
269,40,0,1,1,34.81600061058998,1,1,0,0,10,0,0,10,0.37
269,40,0,2,1,9.216000325977802,1,1,0,0,10,0,0,10,0.37
269,40,0,3,1,4.095999989658594,1,1,0,0,10,0,0,10,0.37
270,2,0,0,0,9.216000325977802,4,4,0,0,40,0,0,40,1.88
270,2,0,1,0,84.99199897050858,4,4,0,0,40,0,0,40,1.88
270,2,0,2,0,9.216000325977802,4,4,0,0,40,0,0,40,1.88
270,2,0,3,0,5.119999870657921,4,4,0,0,40,0,0,40,1.88
270,24,0,0,0,8.191999979317188,4,4,0,3,36,1,0,40,130.799
270,24,0,1,0,72.7040022611618,4,4,0,3,36,1,0,40,130.799
270,24,0,2,0,163.83999586105347,4,4,0,3,36,1,0,40,130.799
270,24,0,3,0,5.119999870657921,4,4,0,3,36,1,0,40,130.799
270,40,0,0,1,8.191999979317188,4,4,0,0,40,0,0,40,1.48
270,40,0,1,1,66.56000018119812,4,4,0,0,40,0,0,40,1.48
270,40,0,2,1,8.191999979317188,4,4,0,0,40,0,0,40,1.48
270,40,0,3,1,4.095999989658594,4,4,0,0,40,0,0,40,1.48
271,2,0,0,0,9.216000325977802,4,4,0,3,36,1,0,40,128.17
271,2,0,1,0,72.7040022611618,4,4,0,3,36,1,0,40,128.17
271,2,0,2,0,168.96000504493713,4,4,0,3,36,1,0,40,128.17
271,2,0,3,0,6.144000217318535,4,4,0,3,36,1,0,40,128.17
271,24,0,0,0,7.168000098317862,4,4,0,2,38,0,0,40,94.38
271,24,0,1,0,86.01599931716919,4,4,0,2,38,0,0,40,94.38
271,24,0,2,0,8.191999979317188,4,4,0,2,38,0,0,40,94.38
271,24,0,3,0,5.119999870657921,4,4,0,2,38,0,0,40,94.38
271,40,0,0,1,8.191999979317188,4,4,0,1,39,0,0,40,70.68
271,40,0,1,1,89.08800035715103,4,4,0,1,39,0,0,40,70.68
271,40,0,2,1,8.191999979317188,4,4,0,1,39,0,0,40,70.68
271,40,0,3,1,4.095999989658594,4,4,0,1,39,0,0,40,70.68
272,2,0,0,0,9.216000325977802,4,4,0,0,40,0,0,40,2.46
272,2,0,1,0,91.13600105047226,4,4,0,0,40,0,0,40,2.46
272,2,0,2,0,9.216000325977802,4,4,0,0,40,0,0,40,2.46
272,2,0,3,0,5.119999870657921,4,4,0,0,40,0,0,40,2.46
272,24,0,0,0,9.216000325977802,4,4,0,2,38,0,0,40,98.419
272,24,0,1,0,86.01599931716919,4,4,0,2,38,0,0,40,98.419
272,24,0,2,0,9.216000325977802,4,4,0,2,38,0,0,40,98.419
272,24,0,3,0,4.095999989658594,4,4,0,2,38,0,0,40,98.419
272,40,0,0,1,8.191999979317188,4,4,0,0,40,0,0,40,2.469
272,40,0,1,1,80.89599758386612,4,4,0,0,40,0,0,40,2.469
272,40,0,2,1,8.191999979317188,4,4,0,0,40,0,0,40,2.469
272,40,0,3,1,4.095999989658594,4,4,0,0,40,0,0,40,2.469
273,2,0,0,0,9.216000325977802,4,4,0,1,39,0,0,40,85.46
273,2,0,1,0,79.8719972372055,4,4,0,1,39,0,0,40,85.46
273,2,0,2,0,9.216000325977802,4,4,0,1,39,0,0,40,85.46
273,2,0,3,0,6.144000217318535,4,4,0,1,39,0,0,40,85.46
273,24,0,0,0,9.216000325977802,4,4,0,2,38,0,0,40,84.359
273,24,0,1,0,73.72800260782242,4,4,0,2,38,0,0,40,84.359
273,24,0,2,0,8.191999979317188,4,4,0,2,38,0,0,40,84.359
273,24,0,3,0,4.095999989658594,4,4,0,2,38,0,0,40,84.359
273,40,0,0,1,8.191999979317188,4,4,0,1,39,0,0,40,58.791
273,40,0,1,1,63.48799914121628,4,4,0,1,39,0,0,40,58.791
273,40,0,2,1,9.216000325977802,4,4,0,1,39,0,0,40,58.791
273,40,0,3,1,4.095999989658594,4,4,0,1,39,0,0,40,58.791
274,2,0,0,0,15.359999611973763,4,4,0,1,39,0,0,40,106.25
274,2,0,1,0,80.89599758386612,4,4,0,1,39,0,0,40,106.25
274,2,0,2,0,9.216000325977802,4,4,0,1,39,0,0,40,106.25
274,2,0,3,0,6.144000217318535,4,4,0,1,39,0,0,40,106.25
274,24,0,0,0,8.191999979317188,4,4,0,0,40,0,0,40,1.429
274,24,0,1,0,91.13600105047226,4,4,0,0,40,0,0,40,1.429
274,24,0,2,0,9.216000325977802,4,4,0,0,40,0,0,40,1.429
274,24,0,3,0,4.095999989658594,4,4,0,0,40,0,0,40,1.429
274,40,0,0,1,8.191999979317188,4,4,0,0,40,0,0,40,1.5
274,40,0,1,1,98.30400347709656,4,4,0,0,40,0,0,40,1.5
274,40,0,2,1,9.216000325977802,4,4,0,0,40,0,0,40,1.5
274,40,0,3,1,4.095999989658594,4,4,0,0,40,0,0,40,1.5
275,2,0,0,0,16.383999958634377,4,4,0,1,39,0,0,40,51.759
275,2,0,1,0,80.89599758386612,4,4,0,1,39,0,0,40,51.759
275,2,0,2,0,8.191999979317188,4,4,0,1,39,0,0,40,51.759
275,2,0,3,0,5.119999870657921,4,4,0,1,39,0,0,40,51.759
275,24,0,0,0,8.191999979317188,4,4,0,0,40,0,0,40,1.68
275,24,0,1,0,83.96799862384796,4,4,0,0,40,0,0,40,1.68
275,24,0,2,0,9.216000325977802,4,4,0,0,40,0,0,40,1.68
275,24,0,3,0,4.095999989658594,4,4,0,0,40,0,0,40,1.68
275,40,0,0,1,8.191999979317188,4,4,0,0,40,0,0,40,1.7
275,40,0,1,1,71.68000191450119,4,4,0,0,40,0,0,40,1.7
275,40,0,2,1,8.191999979317188,4,4,0,0,40,0,0,40,1.7
275,40,0,3,1,4.095999989658594,4,4,0,0,40,0,0,40,1.7
276,2,0,0,0,9.216000325977802,4,4,0,0,40,0,0,40,1.53
276,2,0,1,0,76.80000364780426,4,4,0,0,40,0,0,40,1.53
276,2,0,2,0,9.216000325977802,4,4,0,0,40,0,0,40,1.53
276,2,0,3,0,6.144000217318535,4,4,0,0,40,0,0,40,1.53
276,24,0,0,0,8.191999979317188,4,4,0,2,38,0,0,40,96.079
276,24,0,1,0,64.51199948787689,4,4,0,2,38,0,0,40,96.079
276,24,0,2,0,10.239999741315842,4,4,0,2,38,0,0,40,96.079
276,24,0,3,0,8.191999979317188,4,4,0,2,38,0,0,40,96.079
276,40,0,0,1,14.336000196635723,4,4,0,1,39,0,0,40,87.72
276,40,0,1,1,59.39200147986412,4,4,0,1,39,0,0,40,87.72
276,40,0,2,1,10.239999741315842,4,4,0,1,39,0,0,40,87.72
276,40,0,3,1,4.095999989658594,4,4,0,1,39,0,0,40,87.72
277,2,0,0,0,9.216000325977802,4,4,0,1,39,0,0,40,65.509
277,2,0,1,0,78.84799689054489,4,4,0,1,39,0,0,40,65.509
277,2,0,2,0,8.191999979317188,4,4,0,1,39,0,0,40,65.509
277,2,0,3,0,7.168000098317862,4,4,0,1,39,0,0,40,65.509
277,24,0,0,0,8.191999979317188,4,4,0,0,40,0,0,40,1.491
277,24,0,1,0,76.80000364780426,4,4,0,0,40,0,0,40,1.491
277,24,0,2,0,9.216000325977802,4,4,0,0,40,0,0,40,1.491
277,24,0,3,0,4.095999989658594,4,4,0,0,40,0,0,40,1.491
277,40,0,0,1,8.191999979317188,4,4,0,0,40,0,0,40,1.54
277,40,0,1,1,60.416001826524734,4,4,0,0,40,0,0,40,1.54
277,40,0,2,1,8.191999979317188,4,4,0,0,40,0,0,40,1.54
277,40,0,3,1,5.119999870657921,4,4,0,0,40,0,0,40,1.54
278,2,0,0,0,9.216000325977802,4,4,0,3,37,0,0,40,131.709
278,2,0,1,0,70.65600156784058,4,4,0,3,37,0,0,40,131.709
278,2,0,2,0,9.216000325977802,4,4,0,3,37,0,0,40,131.709
278,2,0,3,0,38.91199827194214,4,4,0,3,37,0,0,40,131.709
278,24,0,0,0,8.191999979317188,4,4,0,2,38,0,0,40,91.32
278,24,0,1,0,59.39200147986412,4,4,0,2,38,0,0,40,91.32
278,24,0,2,0,9.216000325977802,4,4,0,2,38,0,0,40,91.32
278,24,0,3,0,14.336000196635723,4,4,0,2,38,0,0,40,91.32
278,40,0,0,1,9.216000325977802,4,4,0,0,40,0,0,40,1.54
278,40,0,1,1,77.82399654388428,4,4,0,0,40,0,0,40,1.54
278,40,0,2,1,9.216000325977802,4,4,0,0,40,0,0,40,1.54
278,40,0,3,1,3.0720001086592674,4,4,0,0,40,0,0,40,1.54
279,2,0,0,0,8.191999979317188,4,4,0,1,39,0,0,40,67.551
279,2,0,1,0,76.80000364780426,4,4,0,1,39,0,0,40,67.551
279,2,0,2,0,9.216000325977802,4,4,0,1,39,0,0,40,67.551
279,2,0,3,0,5.119999870657921,4,4,0,1,39,0,0,40,67.551
279,24,0,0,0,7.168000098317862,4,4,0,0,40,0,0,40,1.571
279,24,0,1,0,79.8719972372055,4,4,0,0,40,0,0,40,1.571
279,24,0,2,0,10.239999741315842,4,4,0,0,40,0,0,40,1.571
279,24,0,3,0,4.095999989658594,4,4,0,0,40,0,0,40,1.571
279,40,0,0,1,8.191999979317188,4,4,0,0,40,0,0,40,1.66
279,40,0,1,1,76.80000364780426,4,4,0,0,40,0,0,40,1.66
279,40,0,2,1,9.216000325977802,4,4,0,0,40,0,0,40,1.66
279,40,0,3,1,4.095999989658594,4,4,0,0,40,0,0,40,1.66
280,2,0,0,0,16.383999958634377,4,4,0,1,39,0,0,40,54.85
280,2,0,1,0,80.89599758386612,4,4,0,1,39,0,0,40,54.85
280,2,0,2,0,9.216000325977802,4,4,0,1,39,0,0,40,54.85
280,2,0,3,0,5.119999870657921,4,4,0,1,39,0,0,40,54.85
280,24,0,0,0,8.191999979317188,4,4,0,4,36,0,0,40,144.229
280,24,0,1,0,74.75200295448303,4,4,0,4,36,0,0,40,144.229
280,24,0,2,0,9.216000325977802,4,4,0,4,36,0,0,40,144.229
280,24,0,3,0,46.08000069856644,4,4,0,4,36,0,0,40,144.229
280,40,0,0,1,15.359999611973763,4,4,0,2,38,0,0,40,102.97
280,40,0,1,1,79.8719972372055,4,4,0,2,38,0,0,40,102.97
280,40,0,2,1,9.216000325977802,4,4,0,2,38,0,0,40,102.97
280,40,0,3,1,4.095999989658594,4,4,0,2,38,0,0,40,102.97
281,2,0,0,0,9.216000325977802,4,4,0,2,38,0,0,40,92.471
281,2,0,1,0,73.72800260782242,4,4,0,2,38,0,0,40,92.471
281,2,0,2,0,9.216000325977802,4,4,0,2,38,0,0,40,92.471
281,2,0,3,0,7.168000098317862,4,4,0,2,38,0,0,40,92.471
281,24,0,0,0,9.216000325977802,4,4,0,3,36,1,0,40,130.139
281,24,0,1,0,72.7040022611618,4,4,0,3,36,1,0,40,130.139
281,24,0,2,0,167.93599724769592,4,4,0,3,36,1,0,40,130.139
281,24,0,3,0,5.119999870657921,4,4,0,3,36,1,0,40,130.139
281,40,0,0,1,9.216000325977802,4,4,0,0,40,0,0,40,1.291
281,40,0,1,1,53.247999399900436,4,4,0,0,40,0,0,40,1.291
281,40,0,2,1,9.216000325977802,4,4,0,0,40,0,0,40,1.291
281,40,0,3,1,4.095999989658594,4,4,0,0,40,0,0,40,1.291
282,2,0,0,0,9.216000325977802,4,4,0,0,40,0,0,40,2.01
282,2,0,1,0,90.11200070381165,4,4,0,0,40,0,0,40,2.01
282,2,0,2,0,9.216000325977802,4,4,0,0,40,0,0,40,2.01
282,2,0,3,0,5.119999870657921,4,4,0,0,40,0,0,40,2.01
282,24,0,0,0,7.168000098317862,4,4,0,3,37,0,0,40,146.659
282,24,0,1,0,71.68000191450119,4,4,0,3,37,0,0,40,146.659
282,24,0,2,0,9.216000325977802,4,4,0,3,37,0,0,40,146.659
282,24,0,3,0,56.32000043988228,4,4,0,3,37,0,0,40,146.659
282,40,0,0,1,8.191999979317188,4,4,0,0,40,0,0,40,1.62
282,40,0,1,1,97.28000313043594,4,4,0,0,40,0,0,40,1.62
282,40,0,2,1,8.191999979317188,4,4,0,0,40,0,0,40,1.62
282,40,0,3,1,4.095999989658594,4,4,0,0,40,0,0,40,1.62
283,2,0,0,0,9.216000325977802,4,4,0,1,39,0,0,40,57.8
283,2,0,1,0,84.99199897050858,4,4,0,1,39,0,0,40,57.8
283,2,0,2,0,9.216000325977802,4,4,0,1,39,0,0,40,57.8
283,2,0,3,0,5.119999870657921,4,4,0,1,39,0,0,40,57.8
283,24,0,0,0,9.216000325977802,4,4,0,0,40,0,0,40,1.66
283,24,0,1,0,79.8719972372055,4,4,0,0,40,0,0,40,1.66
283,24,0,2,0,9.216000325977802,4,4,0,0,40,0,0,40,1.66
283,24,0,3,0,4.095999989658594,4,4,0,0,40,0,0,40,1.66
283,40,0,0,1,8.191999979317188,4,4,0,0,40,0,0,40,1.46
283,40,0,1,1,80.89599758386612,4,4,0,0,40,0,0,40,1.46
283,40,0,2,1,9.216000325977802,4,4,0,0,40,0,0,40,1.46
283,40,0,3,1,5.119999870657921,4,4,0,0,40,0,0,40,1.46
284,2,0,0,0,9.216000325977802,4,4,0,1,39,0,0,40,53.08
284,2,0,1,0,87.0399996638298,4,4,0,1,39,0,0,40,53.08
284,2,0,2,0,9.216000325977802,4,4,0,1,39,0,0,40,53.08
284,2,0,3,0,6.144000217318535,4,4,0,1,39,0,0,40,53.08
284,24,0,0,0,9.216000325977802,4,4,0,0,40,0,0,40,1.89
284,24,0,1,0,72.7040022611618,4,4,0,0,40,0,0,40,1.89
284,24,0,2,0,9.216000325977802,4,4,0,0,40,0,0,40,1.89
284,24,0,3,0,4.095999989658594,4,4,0,0,40,0,0,40,1.89
284,40,0,0,1,8.191999979317188,4,4,0,4,36,0,0,40,149.029
284,40,0,1,1,59.39200147986412,4,4,0,4,36,0,0,40,149.029
284,40,0,2,1,9.216000325977802,4,4,0,4,36,0,0,40,149.029
284,40,0,3,1,67.58400052785873,4,4,0,4,36,0,0,40,149.029
285,2,0,0,0,8.191999979317188,4,4,0,2,38,0,0,40,160.079
285,2,0,1,0,74.75200295448303,4,4,0,2,38,0,0,40,160.079
285,2,0,2,0,8.191999979317188,4,4,0,2,38,0,0,40,160.079
285,2,0,3,0,64.51199948787689,4,4,0,2,38,0,0,40,160.079
285,24,0,0,0,7.168000098317862,4,4,0,1,39,0,0,40,52.27
285,24,0,1,0,81.91999793052673,4,4,0,1,39,0,0,40,52.27
285,24,0,2,0,9.216000325977802,4,4,0,1,39,0,0,40,52.27
285,24,0,3,0,4.095999989658594,4,4,0,1,39,0,0,40,52.27
285,40,0,0,1,8.191999979317188,4,4,0,0,40,0,0,40,1.6
285,40,0,1,1,75.77600330114365,4,4,0,0,40,0,0,40,1.6
285,40,0,2,1,9.216000325977802,4,4,0,0,40,0,0,40,1.6
285,40,0,3,1,4.095999989658594,4,4,0,0,40,0,0,40,1.6
286,2,0,0,0,9.216000325977802,4,4,0,0,40,0,0,40,1.809
286,2,0,1,0,69.63200122117996,4,4,0,0,40,0,0,40,1.809
286,2,0,2,0,9.216000325977802,4,4,0,0,40,0,0,40,1.809
286,2,0,3,0,6.144000217318535,4,4,0,0,40,0,0,40,1.809
286,24,0,0,0,8.191999979317188,4,4,0,1,39,0,0,40,52.22
286,24,0,1,0,75.77600330114365,4,4,0,1,39,0,0,40,52.22
286,24,0,2,0,9.216000325977802,4,4,0,1,39,0,0,40,52.22
286,24,0,3,0,4.095999989658594,4,4,0,1,39,0,0,40,52.22
286,40,0,0,1,8.191999979317188,4,4,0,2,38,0,0,40,103.619
286,40,0,1,1,84.99199897050858,4,4,0,2,38,0,0,40,103.619
286,40,0,2,1,8.191999979317188,4,4,0,2,38,0,0,40,103.619
286,40,0,3,1,4.095999989658594,4,4,0,2,38,0,0,40,103.619
287,2,0,0,0,16.383999958634377,3,3,0,3,27,0,0,30,123.99
287,2,0,1,0,63.48799914121628,3,3,0,3,27,0,0,30,123.99
287,2,0,2,0,9.216000325977802,3,3,0,3,27,0,0,30,123.99
287,2,0,3,0,44.03200000524521,3,3,0,3,27,0,0,30,123.99
287,24,0,0,0,49.15200173854828,3,3,0,2,28,0,0,30,80.86
287,24,0,1,0,66.56000018119812,3,3,0,2,28,0,0,30,80.86
287,24,0,2,0,10.239999741315842,3,3,0,2,28,0,0,30,80.86
287,24,0,3,0,4.095999989658594,3,3,0,2,28,0,0,30,80.86
287,40,0,0,1,82.94399827718735,3,3,0,0,30,0,0,30,1.47
287,40,0,1,1,72.7040022611618,3,3,0,0,30,0,0,30,1.47
287,40,0,2,1,9.216000325977802,3,3,0,0,30,0,0,30,1.47
287,40,0,3,1,4.095999989658594,3,3,0,0,30,0,0,30,1.47
288,2,0,0,0,53.247999399900436,4,4,0,0,40,0,0,40,2.009
288,2,0,1,0,81.91999793052673,4,4,0,0,40,0,0,40,2.009
288,2,0,2,0,8.191999979317188,4,4,0,0,40,0,0,40,2.009
288,2,0,3,0,5.119999870657921,4,4,0,0,40,0,0,40,2.009
288,24,0,0,0,17.40800030529499,4,4,0,1,39,0,0,40,55.43
288,24,0,1,0,81.91999793052673,4,4,0,1,39,0,0,40,55.43
288,24,0,2,0,9.216000325977802,4,4,0,1,39,0,0,40,55.43
288,24,0,3,0,4.095999989658594,4,4,0,1,39,0,0,40,55.43
288,40,0,0,1,147.45600521564484,4,4,0,1,39,0,0,40,76.929
288,40,0,1,1,97.28000313043594,4,4,0,1,39,0,0,40,76.929
288,40,0,2,1,9.216000325977802,4,4,0,1,39,0,0,40,76.929
288,40,0,3,1,4.095999989658594,4,4,0,1,39,0,0,40,76.929
289,2,0,0,0,8.191999979317188,4,4,0,0,40,0,0,40,1.74
289,2,0,1,0,95.23200243711472,4,4,0,0,40,0,0,40,1.74
289,2,0,2,0,9.216000325977802,4,4,0,0,40,0,0,40,1.74
289,2,0,3,0,8.191999979317188,4,4,0,0,40,0,0,40,1.74
289,24,0,0,0,8.191999979317188,4,4,0,2,38,0,0,40,88.609
289,24,0,1,0,83.96799862384796,4,4,0,2,38,0,0,40,88.609
289,24,0,2,0,9.216000325977802,4,4,0,2,38,0,0,40,88.609
289,24,0,3,0,4.095999989658594,4,4,0,2,38,0,0,40,88.609
289,40,0,0,1,9.216000325977802,4,4,0,1,39,0,0,40,58.599
289,40,0,1,1,81.91999793052673,4,4,0,1,39,0,0,40,58.599
289,40,0,2,1,9.216000325977802,4,4,0,1,39,0,0,40,58.599
289,40,0,3,1,4.095999989658594,4,4,0,1,39,0,0,40,58.599
290,2,0,0,0,15.359999611973763,4,4,0,1,39,0,0,40,54.76
290,2,0,1,0,81.91999793052673,4,4,0,1,39,0,0,40,54.76
290,2,0,2,0,8.191999979317188,4,4,0,1,39,0,0,40,54.76
290,2,0,3,0,6.144000217318535,4,4,0,1,39,0,0,40,54.76
290,24,0,0,0,8.191999979317188,4,4,0,0,40,0,0,40,1.42
290,24,0,1,0,79.8719972372055,4,4,0,0,40,0,0,40,1.42
290,24,0,2,0,9.216000325977802,4,4,0,0,40,0,0,40,1.42
290,24,0,3,0,4.095999989658594,4,4,0,0,40,0,0,40,1.42
290,40,0,0,1,9.216000325977802,4,4,0,3,37,0,0,40,150.78
290,40,0,1,1,89.08800035715103,4,4,0,3,37,0,0,40,150.78
290,40,0,2,1,9.216000325977802,4,4,0,3,37,0,0,40,150.78
290,40,0,3,1,41.98399931192398,4,4,0,3,37,0,0,40,150.78
291,2,0,0,0,8.191999979317188,4,4,0,3,37,0,0,40,130.079
291,2,0,1,0,86.01599931716919,4,4,0,3,37,0,0,40,130.079
291,2,0,2,0,9.216000325977802,4,4,0,3,37,0,0,40,130.079
291,2,0,3,0,23.552000522613525,4,4,0,3,37,0,0,40,130.079
291,24,0,0,0,8.191999979317188,4,4,0,1,39,0,0,40,50.809
291,24,0,1,0,89.08800035715103,4,4,0,1,39,0,0,40,50.809
291,24,0,2,0,8.191999979317188,4,4,0,1,39,0,0,40,50.809
291,24,0,3,0,4.095999989658594,4,4,0,1,39,0,0,40,50.809
291,40,0,0,1,8.191999979317188,4,4,0,1,39,0,0,40,56.89
291,40,0,1,1,78.84799689054489,4,4,0,1,39,0,0,40,56.89
291,40,0,2,1,8.191999979317188,4,4,0,1,39,0,0,40,56.89
291,40,0,3,1,4.095999989658594,4,4,0,1,39,0,0,40,56.89
292,2,0,0,0,9.216000325977802,4,4,0,0,40,0,0,40,1.971
292,2,0,1,0,81.91999793052673,4,4,0,0,40,0,0,40,1.971
292,2,0,2,0,9.216000325977802,4,4,0,0,40,0,0,40,1.971
292,2,0,3,0,7.168000098317862,4,4,0,0,40,0,0,40,1.971
292,24,0,0,0,12.28800043463707,4,4,0,0,40,0,0,40,1.6
292,24,0,1,0,64.51199948787689,4,4,0,0,40,0,0,40,1.6
292,24,0,2,0,9.216000325977802,4,4,0,0,40,0,0,40,1.6
292,24,0,3,0,4.095999989658594,4,4,0,0,40,0,0,40,1.6
292,40,0,0,1,8.191999979317188,4,4,0,1,39,0,0,40,77.439
292,40,0,1,1,59.39200147986412,4,4,0,1,39,0,0,40,77.439
292,40,0,2,1,8.191999979317188,4,4,0,1,39,0,0,40,77.439
292,40,0,3,1,5.119999870657921,4,4,0,1,39,0,0,40,77.439
293,2,0,0,0,14.336000196635723,4,4,0,0,40,0,0,40,1.95
293,2,0,1,0,83.96799862384796,4,4,0,0,40,0,0,40,1.95
293,2,0,2,0,8.191999979317188,4,4,0,0,40,0,0,40,1.95
293,2,0,3,0,5.119999870657921,4,4,0,0,40,0,0,40,1.95
293,24,0,0,0,8.191999979317188,4,4,0,0,40,0,0,40,1.72
293,24,0,1,0,77.82399654388428,4,4,0,0,40,0,0,40,1.72
293,24,0,2,0,9.216000325977802,4,4,0,0,40,0,0,40,1.72
293,24,0,3,0,4.095999989658594,4,4,0,0,40,0,0,40,1.72
293,40,0,0,1,8.191999979317188,4,4,0,2,38,0,0,40,150.83
293,40,0,1,1,90.11200070381165,4,4,0,2,38,0,0,40,150.83
293,40,0,2,1,9.216000325977802,4,4,0,2,38,0,0,40,150.83
293,40,0,3,1,36.86400130391121,4,4,0,2,38,0,0,40,150.83
294,2,0,0,0,9.216000325977802,4,4,0,0,40,0,0,40,2.02
294,2,0,1,0,71.68000191450119,4,4,0,0,40,0,0,40,2.02
294,2,0,2,0,9.216000325977802,4,4,0,0,40,0,0,40,2.02
294,2,0,3,0,6.144000217318535,4,4,0,0,40,0,0,40,2.02
294,24,0,0,0,13.311999849975109,4,4,0,0,40,0,0,40,1.38
294,24,0,1,0,75.77600330114365,4,4,0,0,40,0,0,40,1.38
294,24,0,2,0,9.216000325977802,4,4,0,0,40,0,0,40,1.38
294,24,0,3,0,4.095999989658594,4,4,0,0,40,0,0,40,1.38
294,40,0,0,1,14.336000196635723,4,4,0,3,36,1,0,40,152.068
294,40,0,1,1,92.16000139713287,4,4,0,3,36,1,0,40,152.068
294,40,0,2,1,191.48799777030945,4,4,0,3,36,1,0,40,152.068
294,40,0,3,1,5.119999870657921,4,4,0,3,36,1,0,40,152.068
295,2,0,0,0,15.359999611973763,4,4,0,1,39,0,0,40,53.011
295,2,0,1,0,84.99199897050858,4,4,0,1,39,0,0,40,53.011
295,2,0,2,0,8.191999979317188,4,4,0,1,39,0,0,40,53.011
295,2,0,3,0,5.119999870657921,4,4,0,1,39,0,0,40,53.011
295,24,0,0,0,8.191999979317188,4,4,0,1,39,0,0,40,75.451
295,24,0,1,0,83.96799862384796,4,4,0,1,39,0,0,40,75.451
295,24,0,2,0,9.216000325977802,4,4,0,1,39,0,0,40,75.451
295,24,0,3,0,4.095999989658594,4,4,0,1,39,0,0,40,75.451
295,40,0,0,1,8.191999979317188,4,4,0,0,40,0,0,40,1.58
295,40,0,1,1,99.32799637317657,4,4,0,0,40,0,0,40,1.58
295,40,0,2,1,9.216000325977802,4,4,0,0,40,0,0,40,1.58
295,40,0,3,1,4.095999989658594,4,4,0,0,40,0,0,40,1.58
296,2,0,0,0,9.216000325977802,4,4,0,0,40,0,0,40,1.931
296,2,0,1,0,77.82399654388428,4,4,0,0,40,0,0,40,1.931
296,2,0,2,0,8.191999979317188,4,4,0,0,40,0,0,40,1.931
296,2,0,3,0,5.119999870657921,4,4,0,0,40,0,0,40,1.931
296,24,0,0,0,8.191999979317188,4,4,0,1,39,0,0,40,54.39
296,24,0,1,0,86.01599931716919,4,4,0,1,39,0,0,40,54.39
296,24,0,2,0,9.216000325977802,4,4,0,1,39,0,0,40,54.39
296,24,0,3,0,4.095999989658594,4,4,0,1,39,0,0,40,54.39
296,40,0,0,1,8.191999979317188,4,4,0,0,40,0,0,40,1.64
296,40,0,1,1,72.7040022611618,4,4,0,0,40,0,0,40,1.64
296,40,0,2,1,9.216000325977802,4,4,0,0,40,0,0,40,1.64
296,40,0,3,1,4.095999989658594,4,4,0,0,40,0,0,40,1.64
297,2,0,0,0,15.359999611973763,4,4,0,0,40,0,0,40,1.67
297,2,0,1,0,77.82399654388428,4,4,0,0,40,0,0,40,1.67
297,2,0,2,0,9.216000325977802,4,4,0,0,40,0,0,40,1.67
297,2,0,3,0,6.144000217318535,4,4,0,0,40,0,0,40,1.67
297,24,0,0,0,362.4959886074066,4,4,0,0,40,0,0,40,2.46
297,24,0,1,0,77.82399654388428,4,4,0,0,40,0,0,40,2.46
297,24,0,2,0,9.216000325977802,4,4,0,0,40,0,0,40,2.46
297,24,0,3,0,4.095999989658594,4,4,0,0,40,0,0,40,2.46
297,40,0,0,1,8.191999979317188,4,4,0,0,40,0,0,40,1.58
297,40,0,1,1,100.35199671983719,4,4,0,0,40,0,0,40,1.58
297,40,0,2,1,9.216000325977802,4,4,0,0,40,0,0,40,1.58
297,40,0,3,1,4.095999989658594,4,4,0,0,40,0,0,40,1.58
298,2,0,0,0,9.216000325977802,4,4,0,1,39,0,0,40,64.91
298,2,0,1,0,75.77600330114365,4,4,0,1,39,0,0,40,64.91
298,2,0,2,0,9.216000325977802,4,4,0,1,39,0,0,40,64.91
298,2,0,3,0,6.144000217318535,4,4,0,1,39,0,0,40,64.91
298,24,0,0,0,8.191999979317188,4,4,0,0,40,0,0,40,1.4
298,24,0,1,0,75.77600330114365,4,4,0,0,40,0,0,40,1.4
298,24,0,2,0,9.216000325977802,4,4,0,0,40,0,0,40,1.4
298,24,0,3,0,4.095999989658594,4,4,0,0,40,0,0,40,1.4
298,40,0,0,1,8.191999979317188,4,4,0,1,39,0,0,40,69.86
298,40,0,1,1,94.2080020904541,4,4,0,1,39,0,0,40,69.86
298,40,0,2,1,9.216000325977802,4,4,0,1,39,0,0,40,69.86
298,40,0,3,1,4.095999989658594,4,4,0,1,39,0,0,40,69.86
299,2,0,0,0,8.191999979317188,4,4,0,3,36,1,0,40,169.259
299,2,0,1,0,76.80000364780426,4,4,0,3,36,1,0,40,169.259
299,2,0,2,0,165.8879965543747,4,4,0,3,36,1,0,40,169.259
299,2,0,3,0,6.144000217318535,4,4,0,3,36,1,0,40,169.259
299,24,0,0,0,9.216000325977802,4,4,0,1,39,0,0,40,101.689
299,24,0,1,0,77.82399654388428,4,4,0,1,39,0,0,40,101.689
299,24,0,2,0,9.216000325977802,4,4,0,1,39,0,0,40,101.689
299,24,0,3,0,4.095999989658594,4,4,0,1,39,0,0,40,101.689
299,40,0,0,1,9.216000325977802,4,4,0,0,40,0,0,40,1.549
299,40,0,1,1,95.23200243711472,4,4,0,0,40,0,0,40,1.549
299,40,0,2,1,9.216000325977802,4,4,0,0,40,0,0,40,1.549
299,40,0,3,1,4.095999989658594,4,4,0,0,40,0,0,40,1.549
300,2,0,0,0,9.216000325977802,4,4,0,0,40,0,0,40,1.83
300,2,0,1,0,84.99199897050858,4,4,0,0,40,0,0,40,1.83
300,2,0,2,0,9.216000325977802,4,4,0,0,40,0,0,40,1.83
300,2,0,3,0,5.119999870657921,4,4,0,0,40,0,0,40,1.83
300,24,0,0,0,8.191999979317188,4,4,0,2,38,0,0,40,85.61
300,24,0,1,0,72.7040022611618,4,4,0,2,38,0,0,40,85.61
300,24,0,2,0,9.216000325977802,4,4,0,2,38,0,0,40,85.61
300,24,0,3,0,4.095999989658594,4,4,0,2,38,0,0,40,85.61
300,40,0,0,1,9.216000325977802,4,4,0,1,39,0,0,40,55.84
300,40,0,1,1,83.96799862384796,4,4,0,1,39,0,0,40,55.84
300,40,0,2,1,9.216000325977802,4,4,0,1,39,0,0,40,55.84
300,40,0,3,1,4.095999989658594,4,4,0,1,39,0,0,40,55.84
301,2,0,0,0,9.216000325977802,4,4,0,0,40,0,0,40,1.55
301,2,0,1,0,80.89599758386612,4,4,0,0,40,0,0,40,1.55
301,2,0,2,0,8.191999979317188,4,4,0,0,40,0,0,40,1.55
301,2,0,3,0,5.119999870657921,4,4,0,0,40,0,0,40,1.55
301,24,0,0,0,8.191999979317188,4,4,0,0,40,0,0,40,1.81
301,24,0,1,0,84.99199897050858,4,4,0,0,40,0,0,40,1.81
301,24,0,2,0,9.216000325977802,4,4,0,0,40,0,0,40,1.81
301,24,0,3,0,4.095999989658594,4,4,0,0,40,0,0,40,1.81
301,40,0,0,1,9.216000325977802,4,4,0,1,39,0,0,40,60.469
301,40,0,1,1,86.01599931716919,4,4,0,1,39,0,0,40,60.469
301,40,0,2,1,9.216000325977802,4,4,0,1,39,0,0,40,60.469
301,40,0,3,1,4.095999989658594,4,4,0,1,39,0,0,40,60.469
302,2,0,0,0,9.216000325977802,3,3,0,1,29,0,0,30,90.56
302,2,0,1,0,66.56000018119812,3,3,0,1,29,0,0,30,90.56
302,2,0,2,0,10.239999741315842,3,3,0,1,29,0,0,30,90.56
302,2,0,3,0,5.119999870657921,3,3,0,1,29,0,0,30,90.56
302,24,0,0,0,9.216000325977802,3,3,0,1,29,0,0,30,47.419
302,24,0,1,0,57.34400078654289,3,3,0,1,29,0,0,30,47.419
302,24,0,2,0,9.216000325977802,3,3,0,1,29,0,0,30,47.419
302,24,0,3,0,4.095999989658594,3,3,0,1,29,0,0,30,47.419
302,40,0,0,1,9.216000325977802,3,3,0,0,30,0,0,30,0.96
302,40,0,1,1,53.247999399900436,3,3,0,0,30,0,0,30,0.96
302,40,0,2,1,9.216000325977802,3,3,0,0,30,0,0,30,0.96
302,40,0,3,1,5.119999870657921,3,3,0,0,30,0,0,30,0.96
303,2,0,0,0,8.191999979317188,4,4,0,3,36,1,0,40,181.31
303,2,0,1,0,67.58400052785873,4,4,0,3,36,1,0,40,181.31
303,2,0,2,0,163.83999586105347,4,4,0,3,36,1,0,40,181.31
303,2,0,3,0,6.144000217318535,4,4,0,3,36,1,0,40,181.31
303,24,0,0,0,16.383999958634377,4,4,0,1,39,0,0,40,45.37
303,24,0,1,0,56.32000043988228,4,4,0,1,39,0,0,40,45.37
303,24,0,2,0,9.216000325977802,4,4,0,1,39,0,0,40,45.37
303,24,0,3,0,4.095999989658594,4,4,0,1,39,0,0,40,45.37
303,40,0,0,1,8.191999979317188,4,4,0,0,40,0,0,40,1.42
303,40,0,1,1,56.32000043988228,4,4,0,0,40,0,0,40,1.42
303,40,0,2,1,9.216000325977802,4,4,0,0,40,0,0,40,1.42
303,40,0,3,1,4.095999989658594,4,4,0,0,40,0,0,40,1.42
304,2,0,0,0,9.216000325977802,4,4,0,2,38,0,0,40,124.069
304,2,0,1,0,77.82399654388428,4,4,0,2,38,0,0,40,124.069
304,2,0,2,0,9.216000325977802,4,4,0,2,38,0,0,40,124.069
304,2,0,3,0,23.552000522613525,4,4,0,2,38,0,0,40,124.069
304,24,0,0,0,8.191999979317188,4,4,0,0,40,0,0,40,1.44
304,24,0,1,0,67.58400052785873,4,4,0,0,40,0,0,40,1.44
304,24,0,2,0,9.216000325977802,4,4,0,0,40,0,0,40,1.44
304,24,0,3,0,3.0720001086592674,4,4,0,0,40,0,0,40,1.44
304,40,0,0,1,9.216000325977802,4,4,0,1,39,0,0,40,56.44
304,40,0,1,1,61.43999844789505,4,4,0,1,39,0,0,40,56.44
304,40,0,2,1,9.216000325977802,4,4,0,1,39,0,0,40,56.44
304,40,0,3,1,4.095999989658594,4,4,0,1,39,0,0,40,56.44
305,2,0,0,0,16.383999958634377,4,4,0,1,39,0,0,40,94.959
305,2,0,1,0,71.68000191450119,4,4,0,1,39,0,0,40,94.959
305,2,0,2,0,9.216000325977802,4,4,0,1,39,0,0,40,94.959
305,2,0,3,0,5.119999870657921,4,4,0,1,39,0,0,40,94.959
305,24,0,0,0,99.32799637317657,4,4,0,0,40,0,0,40,2.68
305,24,0,1,0,60.416001826524734,4,4,0,0,40,0,0,40,2.68
305,24,0,2,0,9.216000325977802,4,4,0,0,40,0,0,40,2.68
305,24,0,3,0,4.095999989658594,4,4,0,0,40,0,0,40,2.68
305,40,0,0,1,17.40800030529499,4,4,0,0,40,0,0,40,2.43
305,40,0,1,1,62.463998794555664,4,4,0,0,40,0,0,40,2.43
305,40,0,2,1,9.216000325977802,4,4,0,0,40,0,0,40,2.43
305,40,0,3,1,4.095999989658594,4,4,0,0,40,0,0,40,2.43
306,2,0,0,0,12.28800043463707,1,1,0,0,10,0,0,10,1.05
306,2,0,1,0,31.74399957060814,1,1,0,0,10,0,0,10,1.05
306,2,0,2,0,9.216000325977802,1,1,0,0,10,0,0,10,1.05
306,2,0,3,0,5.119999870657921,1,1,0,0,10,0,0,10,1.05
306,24,0,0,0,8.191999979317188,1,1,0,0,10,0,0,10,0.89
306,24,0,1,0,31.74399957060814,1,1,0,0,10,0,0,10,0.89
306,24,0,2,0,9.216000325977802,1,1,0,0,10,0,0,10,0.89
306,24,0,3,0,4.095999989658594,1,1,0,0,10,0,0,10,0.89
306,40,0,0,1,8.191999979317188,1,1,0,0,10,0,0,10,1.01
306,40,0,1,1,34.81600061058998,1,1,0,0,10,0,0,10,1.01
306,40,0,2,1,9.216000325977802,1,1,0,0,10,0,0,10,1.01
306,40,0,3,1,4.095999989658594,1,1,0,0,10,0,0,10,1.01
307,2,0,0,0,11.264000087976456,4,4,0,0,40,0,0,40,3.44
307,2,0,1,0,88.06400001049042,4,4,0,0,40,0,0,40,3.44
307,2,0,2,0,9.216000325977802,4,4,0,0,40,0,0,40,3.44
307,2,0,3,0,5.119999870657921,4,4,0,0,40,0,0,40,3.44
307,24,0,0,0,50.175998359918594,4,4,0,0,40,0,0,40,3.22
307,24,0,1,0,65.5359998345375,4,4,0,0,40,0,0,40,3.22
307,24,0,2,0,9.216000325977802,4,4,0,0,40,0,0,40,3.22
307,24,0,3,0,4.095999989658594,4,4,0,0,40,0,0,40,3.22
307,40,0,0,1,8.191999979317188,4,4,0,0,40,0,0,40,2.25
307,40,0,1,1,65.5359998345375,4,4,0,0,40,0,0,40,2.25
307,40,0,2,1,9.216000325977802,4,4,0,0,40,0,0,40,2.25
307,40,0,3,1,4.095999989658594,4,4,0,0,40,0,0,40,2.25
308,2,0,0,0,9.216000325977802,4,4,0,0,40,0,0,40,3.129
308,2,0,1,0,67.58400052785873,4,4,0,0,40,0,0,40,3.129
308,2,0,2,0,9.216000325977802,4,4,0,0,40,0,0,40,3.129
308,2,0,3,0,6.144000217318535,4,4,0,0,40,0,0,40,3.129
308,24,0,0,0,8.191999979317188,4,4,0,0,40,0,0,40,2.469
308,24,0,1,0,51.19999870657921,4,4,0,0,40,0,0,40,2.469
308,24,0,2,0,9.216000325977802,4,4,0,0,40,0,0,40,2.469
308,24,0,3,0,4.095999989658594,4,4,0,0,40,0,0,40,2.469
308,40,0,0,1,9.216000325977802,4,4,0,0,40,0,0,40,3.149
308,40,0,1,1,73.72800260782242,4,4,0,0,40,0,0,40,3.149
308,40,0,2,1,9.216000325977802,4,4,0,0,40,0,0,40,3.149
308,40,0,3,1,4.095999989658594,4,4,0,0,40,0,0,40,3.149
309,2,0,0,0,9.216000325977802,4,4,0,1,39,0,0,40,60.519
309,2,0,1,0,77.82399654388428,4,4,0,1,39,0,0,40,60.519
309,2,0,2,0,9.216000325977802,4,4,0,1,39,0,0,40,60.519
309,2,0,3,0,5.119999870657921,4,4,0,1,39,0,0,40,60.519
309,24,0,0,0,8.191999979317188,4,4,0,2,38,0,0,40,98.08
309,24,0,1,0,60.416001826524734,4,4,0,2,38,0,0,40,98.08
309,24,0,2,0,9.216000325977802,4,4,0,2,38,0,0,40,98.08
309,24,0,3,0,16.383999958634377,4,4,0,2,38,0,0,40,98.08
309,40,0,0,1,8.191999979317188,4,4,0,0,40,0,0,40,2.77
309,40,0,1,1,57.34400078654289,4,4,0,0,40,0,0,40,2.77
309,40,0,2,1,9.216000325977802,4,4,0,0,40,0,0,40,2.77
309,40,0,3,1,4.095999989658594,4,4,0,0,40,0,0,40,2.77
310,2,0,0,0,9.216000325977802,3,3,0,0,30,0,0,30,2.76
310,2,0,1,0,68.60800087451935,3,3,0,0,30,0,0,30,2.76
310,2,0,2,0,8.191999979317188,3,3,0,0,30,0,0,30,2.76
310,2,0,3,0,5.119999870657921,3,3,0,0,30,0,0,30,2.76
310,24,0,0,0,9.216000325977802,3,3,0,0,30,0,0,30,2.03
310,24,0,1,0,52.22399905323982,3,3,0,0,30,0,0,30,2.03
310,24,0,2,0,9.216000325977802,3,3,0,0,30,0,0,30,2.03
310,24,0,3,0,4.095999989658594,3,3,0,0,30,0,0,30,2.03
310,40,0,0,1,9.216000325977802,3,3,0,0,30,0,0,30,2.14
310,40,0,1,1,73.72800260782242,3,3,0,0,30,0,0,30,2.14
310,40,0,2,1,9.216000325977802,3,3,0,0,30,0,0,30,2.14
310,40,0,3,1,5.119999870657921,3,3,0,0,30,0,0,30,2.14
311,2,0,0,0,9.216000325977802,4,4,0,0,40,0,0,40,2.22
311,2,0,1,0,89.08800035715103,4,4,0,0,40,0,0,40,2.22
311,2,0,2,0,8.191999979317188,4,4,0,0,40,0,0,40,2.22
311,2,0,3,0,5.119999870657921,4,4,0,0,40,0,0,40,2.22
311,24,0,0,0,8.191999979317188,4,4,0,0,40,0,0,40,1.63
311,24,0,1,0,71.68000191450119,4,4,0,0,40,0,0,40,1.63
311,24,0,2,0,9.216000325977802,4,4,0,0,40,0,0,40,1.63
311,24,0,3,0,4.095999989658594,4,4,0,0,40,0,0,40,1.63
311,40,0,0,1,9.216000325977802,4,4,0,0,40,0,0,40,1.811
311,40,0,1,1,77.82399654388428,4,4,0,0,40,0,0,40,1.811
311,40,0,2,1,8.191999979317188,4,4,0,0,40,0,0,40,1.811
311,40,0,3,1,4.095999989658594,4,4,0,0,40,0,0,40,1.811
312,2,0,0,0,15.359999611973763,4,4,0,1,39,0,0,40,52.399
312,2,0,1,0,75.77600330114365,4,4,0,1,39,0,0,40,52.399
312,2,0,2,0,9.216000325977802,4,4,0,1,39,0,0,40,52.399
312,2,0,3,0,5.119999870657921,4,4,0,1,39,0,0,40,52.399
312,24,0,0,0,8.191999979317188,4,4,0,2,38,0,0,40,90.419
312,24,0,1,0,65.5359998345375,4,4,0,2,38,0,0,40,90.419
312,24,0,2,0,9.216000325977802,4,4,0,2,38,0,0,40,90.419
312,24,0,3,0,4.095999989658594,4,4,0,2,38,0,0,40,90.419
312,40,0,0,1,9.216000325977802,4,4,0,0,40,0,0,40,1.511
312,40,0,1,1,78.84799689054489,4,4,0,0,40,0,0,40,1.511
312,40,0,2,1,8.191999979317188,4,4,0,0,40,0,0,40,1.511
312,40,0,3,1,4.095999989658594,4,4,0,0,40,0,0,40,1.511
313,2,0,0,0,8.191999979317188,4,4,0,1,39,0,0,40,47.751
313,2,0,1,0,81.91999793052673,4,4,0,1,39,0,0,40,47.751
313,2,0,2,0,8.191999979317188,4,4,0,1,39,0,0,40,47.751
313,2,0,3,0,8.191999979317188,4,4,0,1,39,0,0,40,47.751
313,24,0,0,0,9.216000325977802,4,4,0,1,39,0,0,40,49.92
313,24,0,1,0,75.77600330114365,4,4,0,1,39,0,0,40,49.92
313,24,0,2,0,9.216000325977802,4,4,0,1,39,0,0,40,49.92
313,24,0,3,0,4.095999989658594,4,4,0,1,39,0,0,40,49.92
313,40,0,0,1,8.191999979317188,4,4,0,0,40,0,0,40,1.42
313,40,0,1,1,72.7040022611618,4,4,0,0,40,0,0,40,1.42
313,40,0,2,1,9.216000325977802,4,4,0,0,40,0,0,40,1.42
313,40,0,3,1,4.095999989658594,4,4,0,0,40,0,0,40,1.42
314,2,0,0,0,9.216000325977802,3,3,0,0,30,0,0,30,1.209
314,2,0,1,0,71.68000191450119,3,3,0,0,30,0,0,30,1.209
314,2,0,2,0,9.216000325977802,3,3,0,0,30,0,0,30,1.209
314,2,0,3,0,5.119999870657921,3,3,0,0,30,0,0,30,1.209
314,24,0,0,0,8.191999979317188,3,3,0,0,30,0,0,30,0.98
314,24,0,1,0,64.51199948787689,3,3,0,0,30,0,0,30,0.98
314,24,0,2,0,9.216000325977802,3,3,0,0,30,0,0,30,0.98
314,24,0,3,0,4.095999989658594,3,3,0,0,30,0,0,30,0.98
314,40,0,0,1,8.191999979317188,3,3,0,0,30,0,0,30,1.04
314,40,0,1,1,47.10400104522705,3,3,0,0,30,0,0,30,1.04
314,40,0,2,1,9.216000325977802,3,3,0,0,30,0,0,30,1.04
314,40,0,3,1,4.095999989658594,3,3,0,0,30,0,0,30,1.04
315,2,0,0,0,8.191999979317188,4,4,0,1,39,0,0,40,57.329
315,2,0,1,0,81.91999793052673,4,4,0,1,39,0,0,40,57.329
315,2,0,2,0,9.216000325977802,4,4,0,1,39,0,0,40,57.329
315,2,0,3,0,6.144000217318535,4,4,0,1,39,0,0,40,57.329
315,24,0,0,0,8.191999979317188,4,4,0,0,40,0,0,40,1.44
315,24,0,1,0,71.68000191450119,4,4,0,0,40,0,0,40,1.44
315,24,0,2,0,9.216000325977802,4,4,0,0,40,0,0,40,1.44
315,24,0,3,0,4.095999989658594,4,4,0,0,40,0,0,40,1.44
315,40,0,0,1,8.191999979317188,4,4,0,0,40,0,0,40,1.24
315,40,0,1,1,51.19999870657921,4,4,0,0,40,0,0,40,1.24
315,40,0,2,1,9.216000325977802,4,4,0,0,40,0,0,40,1.24
315,40,0,3,1,4.095999989658594,4,4,0,0,40,0,0,40,1.24
316,2,0,0,0,9.216000325977802,1,1,0,0,10,0,0,10,0.46
316,2,0,1,0,31.74399957060814,1,1,0,0,10,0,0,10,0.46
316,2,0,2,0,9.216000325977802,1,1,0,0,10,0,0,10,0.46
316,2,0,3,0,5.119999870657921,1,1,0,0,10,0,0,10,0.46
316,24,0,0,0,8.191999979317188,1,1,0,0,10,0,0,10,0.29
316,24,0,1,0,31.74399957060814,1,1,0,0,10,0,0,10,0.29
316,24,0,2,0,8.191999979317188,1,1,0,0,10,0,0,10,0.29
316,24,0,3,0,4.095999989658594,1,1,0,0,10,0,0,10,0.29
316,40,0,0,1,9.216000325977802,1,1,0,0,10,0,0,10,0.32
316,40,0,1,1,34.81600061058998,1,1,0,0,10,0,0,10,0.32
316,40,0,2,1,8.191999979317188,1,1,0,0,10,0,0,10,0.32
316,40,0,3,1,4.095999989658594,1,1,0,0,10,0,0,10,0.32
317,2,0,0,0,9.216000325977802,1,1,0,0,10,0,0,10,0.35
317,2,0,1,0,31.74399957060814,1,1,0,0,10,0,0,10,0.35
317,2,0,2,0,9.216000325977802,1,1,0,0,10,0,0,10,0.35
317,2,0,3,0,4.095999989658594,1,1,0,0,10,0,0,10,0.35
317,24,0,0,0,8.191999979317188,1,1,0,0,10,0,0,10,0.28
317,24,0,1,0,31.74399957060814,1,1,0,0,10,0,0,10,0.28
317,24,0,2,0,8.191999979317188,1,1,0,0,10,0,0,10,0.28
317,24,0,3,0,4.095999989658594,1,1,0,0,10,0,0,10,0.28
317,40,0,0,1,8.191999979317188,1,1,0,0,10,0,0,10,0.28
317,40,0,1,1,35.840000957250595,1,1,0,0,10,0,0,10,0.28
317,40,0,2,1,9.216000325977802,1,1,0,0,10,0,0,10,0.28
317,40,0,3,1,4.095999989658594,1,1,0,0,10,0,0,10,0.28
318,2,0,0,0,9.216000325977802,4,4,0,0,40,0,0,40,1.6
318,2,0,1,0,86.01599931716919,4,4,0,0,40,0,0,40,1.6
318,2,0,2,0,9.216000325977802,4,4,0,0,40,0,0,40,1.6
318,2,0,3,0,5.119999870657921,4,4,0,0,40,0,0,40,1.6
318,24,0,0,0,8.191999979317188,4,4,0,0,40,0,0,40,1.72
318,24,0,1,0,60.416001826524734,4,4,0,0,40,0,0,40,1.72
318,24,0,2,0,8.191999979317188,4,4,0,0,40,0,0,40,1.72
318,24,0,3,0,4.095999989658594,4,4,0,0,40,0,0,40,1.72
318,40,0,0,1,15.359999611973763,4,4,0,0,40,0,0,40,1.52
318,40,0,1,1,69.63200122117996,4,4,0,0,40,0,0,40,1.52
318,40,0,2,1,8.191999979317188,4,4,0,0,40,0,0,40,1.52
318,40,0,3,1,4.095999989658594,4,4,0,0,40,0,0,40,1.52
319,2,0,0,0,8.191999979317188,4,4,0,0,40,0,0,40,1.679
319,2,0,1,0,80.89599758386612,4,4,0,0,40,0,0,40,1.679
319,2,0,2,0,8.191999979317188,4,4,0,0,40,0,0,40,1.679
319,2,0,3,0,5.119999870657921,4,4,0,0,40,0,0,40,1.679
319,24,0,0,0,8.191999979317188,4,4,0,0,40,0,0,40,1.68
319,24,0,1,0,71.68000191450119,4,4,0,0,40,0,0,40,1.68
319,24,0,2,0,9.216000325977802,4,4,0,0,40,0,0,40,1.68
319,24,0,3,0,4.095999989658594,4,4,0,0,40,0,0,40,1.68
319,40,0,0,1,8.191999979317188,4,4,0,1,39,0,0,40,63.949
319,40,0,1,1,72.7040022611618,4,4,0,1,39,0,0,40,63.949
319,40,0,2,1,9.216000325977802,4,4,0,1,39,0,0,40,63.949
319,40,0,3,1,4.095999989658594,4,4,0,1,39,0,0,40,63.949
320,2,0,0,0,8.191999979317188,4,4,0,1,39,0,0,40,78.009
320,2,0,1,0,87.0399996638298,4,4,0,1,39,0,0,40,78.009
320,2,0,2,0,9.216000325977802,4,4,0,1,39,0,0,40,78.009
320,2,0,3,0,5.119999870657921,4,4,0,1,39,0,0,40,78.009
320,24,0,0,0,8.191999979317188,4,4,0,1,39,0,0,40,51.87
320,24,0,1,0,62.463998794555664,4,4,0,1,39,0,0,40,51.87
320,24,0,2,0,8.191999979317188,4,4,0,1,39,0,0,40,51.87
320,24,0,3,0,4.095999989658594,4,4,0,1,39,0,0,40,51.87
320,40,0,0,1,8.191999979317188,4,4,0,0,40,0,0,40,1.889
320,40,0,1,1,86.01599931716919,4,4,0,0,40,0,0,40,1.889
320,40,0,2,1,9.216000325977802,4,4,0,0,40,0,0,40,1.889
320,40,0,3,1,4.095999989658594,4,4,0,0,40,0,0,40,1.889
321,2,0,0,0,9.216000325977802,4,4,0,0,40,0,0,40,1.72
321,2,0,1,0,72.7040022611618,4,4,0,0,40,0,0,40,1.72
321,2,0,2,0,9.216000325977802,4,4,0,0,40,0,0,40,1.72
321,2,0,3,0,5.119999870657921,4,4,0,0,40,0,0,40,1.72
321,24,0,0,0,8.191999979317188,4,4,0,1,39,0,0,40,66.27
321,24,0,1,0,77.82399654388428,4,4,0,1,39,0,0,40,66.27
321,24,0,2,0,8.191999979317188,4,4,0,1,39,0,0,40,66.27
321,24,0,3,0,4.095999989658594,4,4,0,1,39,0,0,40,66.27
321,40,0,0,1,14.336000196635723,4,4,0,1,39,0,0,40,60.29
321,40,0,1,1,88.06400001049042,4,4,0,1,39,0,0,40,60.29
321,40,0,2,1,9.216000325977802,4,4,0,1,39,0,0,40,60.29
321,40,0,3,1,4.095999989658594,4,4,0,1,39,0,0,40,60.29
322,2,0,0,0,9.216000325977802,4,4,0,3,37,0,0,40,3760.596
322,2,0,1,0,81.91999793052673,4,4,0,3,37,0,0,40,3760.596
322,2,0,2,0,9.216000325977802,4,4,0,3,37,0,0,40,3760.596
322,2,0,3,0,3655.679941177368,4,4,0,3,37,0,0,40,3760.596
322,24,0,0,0,8.191999979317188,4,4,0,0,40,0,0,40,1.331
322,24,0,1,0,64.51199948787689,4,4,0,0,40,0,0,40,1.331
322,24,0,2,0,8.191999979317188,4,4,0,0,40,0,0,40,1.331
322,24,0,3,0,4.095999989658594,4,4,0,0,40,0,0,40,1.331
322,40,0,0,1,15.359999611973763,4,4,0,1,39,0,0,40,54.23
322,40,0,1,1,62.463998794555664,4,4,0,1,39,0,0,40,54.23
322,40,0,2,1,9.216000325977802,4,4,0,1,39,0,0,40,54.23
322,40,0,3,1,5.119999870657921,4,4,0,1,39,0,0,40,54.23
323,2,0,0,0,8.191999979317188,4,4,0,1,39,0,0,40,105.139
323,2,0,1,0,81.91999793052673,4,4,0,1,39,0,0,40,105.139
323,2,0,2,0,9.216000325977802,4,4,0,1,39,0,0,40,105.139
323,2,0,3,0,5.119999870657921,4,4,0,1,39,0,0,40,105.139
323,24,0,0,0,7.168000098317862,4,4,0,4,36,0,0,40,127.289
323,24,0,1,0,61.43999844789505,4,4,0,4,36,0,0,40,127.289
323,24,0,2,0,9.216000325977802,4,4,0,4,36,0,0,40,127.289
323,24,0,3,0,45.05600035190582,4,4,0,4,36,0,0,40,127.289
323,40,0,0,1,9.216000325977802,4,4,0,0,40,0,0,40,1.6
323,40,0,1,1,89.08800035715103,4,4,0,0,40,0,0,40,1.6
323,40,0,2,1,9.216000325977802,4,4,0,0,40,0,0,40,1.6
323,40,0,3,1,4.095999989658594,4,4,0,0,40,0,0,40,1.6
324,2,0,0,0,9.216000325977802,4,4,0,2,38,0,0,40,88.6
324,2,0,1,0,58.36800113320351,4,4,0,2,38,0,0,40,88.6
324,2,0,2,0,8.191999979317188,4,4,0,2,38,0,0,40,88.6
324,2,0,3,0,9.216000325977802,4,4,0,2,38,0,0,40,88.6
324,24,0,0,0,8.191999979317188,4,4,0,0,40,0,0,40,1.32
324,24,0,1,0,92.16000139713287,4,4,0,0,40,0,0,40,1.32
324,24,0,2,0,8.191999979317188,4,4,0,0,40,0,0,40,1.32
324,24,0,3,0,3.0720001086592674,4,4,0,0,40,0,0,40,1.32
324,40,0,0,1,8.191999979317188,4,4,0,0,40,0,0,40,1.69
324,40,0,1,1,94.2080020904541,4,4,0,0,40,0,0,40,1.69
324,40,0,2,1,8.191999979317188,4,4,0,0,40,0,0,40,1.69
324,40,0,3,1,4.095999989658594,4,4,0,0,40,0,0,40,1.69
325,2,0,0,0,15.359999611973763,4,4,0,2,38,0,0,40,121.86
325,2,0,1,0,81.91999793052673,4,4,0,2,38,0,0,40,121.86
325,2,0,2,0,9.216000325977802,4,4,0,2,38,0,0,40,121.86
325,2,0,3,0,16.383999958634377,4,4,0,2,38,0,0,40,121.86
325,24,0,0,0,8.191999979317188,4,4,0,1,39,0,0,40,89.68
325,24,0,1,0,62.463998794555664,4,4,0,1,39,0,0,40,89.68
325,24,0,2,0,9.216000325977802,4,4,0,1,39,0,0,40,89.68
325,24,0,3,0,4.095999989658594,4,4,0,1,39,0,0,40,89.68
325,40,0,0,1,8.191999979317188,4,4,0,0,40,0,0,40,1.32
325,40,0,1,1,61.43999844789505,4,4,0,0,40,0,0,40,1.32
325,40,0,2,1,9.216000325977802,4,4,0,0,40,0,0,40,1.32
325,40,0,3,1,4.095999989658594,4,4,0,0,40,0,0,40,1.32
326,2,0,0,0,10.239999741315842,4,4,0,2,38,0,0,40,88.629
326,2,0,1,0,79.8719972372055,4,4,0,2,38,0,0,40,88.629
326,2,0,2,0,9.216000325977802,4,4,0,2,38,0,0,40,88.629
326,2,0,3,0,7.168000098317862,4,4,0,2,38,0,0,40,88.629
326,24,0,0,0,8.191999979317188,4,4,0,2,38,0,0,40,91.86
326,24,0,1,0,71.68000191450119,4,4,0,2,38,0,0,40,91.86
326,24,0,2,0,9.216000325977802,4,4,0,2,38,0,0,40,91.86
326,24,0,3,0,5.119999870657921,4,4,0,2,38,0,0,40,91.86
326,40,0,0,1,8.191999979317188,4,4,0,1,39,0,0,40,61.659
326,40,0,1,1,60.416001826524734,4,4,0,1,39,0,0,40,61.659
326,40,0,2,1,8.191999979317188,4,4,0,1,39,0,0,40,61.659
326,40,0,3,1,4.095999989658594,4,4,0,1,39,0,0,40,61.659
327,2,0,0,0,9.216000325977802,4,4,0,3,37,0,0,40,123.83
327,2,0,1,0,80.89599758386612,4,4,0,3,37,0,0,40,123.83
327,2,0,2,0,9.216000325977802,4,4,0,3,37,0,0,40,123.83
327,2,0,3,0,19.45599913597107,4,4,0,3,37,0,0,40,123.83
327,24,0,0,0,8.191999979317188,4,4,0,0,40,0,0,40,1.5
327,24,0,1,0,76.80000364780426,4,4,0,0,40,0,0,40,1.5
327,24,0,2,0,9.216000325977802,4,4,0,0,40,0,0,40,1.5
327,24,0,3,0,4.095999989658594,4,4,0,0,40,0,0,40,1.5
327,40,0,0,1,8.191999979317188,4,4,0,0,40,0,0,40,1.39
327,40,0,1,1,69.63200122117996,4,4,0,0,40,0,0,40,1.39
327,40,0,2,1,9.216000325977802,4,4,0,0,40,0,0,40,1.39
327,40,0,3,1,4.095999989658594,4,4,0,0,40,0,0,40,1.39
328,2,0,0,0,9.216000325977802,2,2,0,0,20,0,0,20,0.8
328,2,0,1,0,49.15200173854828,2,2,0,0,20,0,0,20,0.8
328,2,0,2,0,9.216000325977802,2,2,0,0,20,0,0,20,0.8
328,2,0,3,0,6.144000217318535,2,2,0,0,20,0,0,20,0.8
328,24,0,0,0,9.216000325977802,2,2,0,0,20,0,0,20,0.66
328,24,0,1,0,41.98399931192398,2,2,0,0,20,0,0,20,0.66
328,24,0,2,0,9.216000325977802,2,2,0,0,20,0,0,20,0.66
328,24,0,3,0,4.095999989658594,2,2,0,0,20,0,0,20,0.66
328,40,0,0,1,9.216000325977802,2,2,0,0,20,0,0,20,0.609
328,40,0,1,1,47.10400104522705,2,2,0,0,20,0,0,20,0.609
328,40,0,2,1,9.216000325977802,2,2,0,0,20,0,0,20,0.609
328,40,0,3,1,4.095999989658594,2,2,0,0,20,0,0,20,0.609
329,2,0,0,0,8.191999979317188,4,4,0,1,39,0,0,40,52.151
329,2,0,1,0,90.11200070381165,4,4,0,1,39,0,0,40,52.151
329,2,0,2,0,9.216000325977802,4,4,0,1,39,0,0,40,52.151
329,2,0,3,0,5.119999870657921,4,4,0,1,39,0,0,40,52.151
329,24,0,0,0,7.168000098317862,4,4,0,0,40,0,0,40,1.46
329,24,0,1,0,79.8719972372055,4,4,0,0,40,0,0,40,1.46
329,24,0,2,0,9.216000325977802,4,4,0,0,40,0,0,40,1.46
329,24,0,3,0,4.095999989658594,4,4,0,0,40,0,0,40,1.46
329,40,0,0,1,8.191999979317188,4,4,0,0,40,0,0,40,1.34
329,40,0,1,1,54.27199974656105,4,4,0,0,40,0,0,40,1.34
329,40,0,2,1,9.216000325977802,4,4,0,0,40,0,0,40,1.34
329,40,0,3,1,4.095999989658594,4,4,0,0,40,0,0,40,1.34
330,2,0,0,0,9.216000325977802,2,2,0,0,20,0,0,20,0.72
330,2,0,1,0,53.247999399900436,2,2,0,0,20,0,0,20,0.72
330,2,0,2,0,8.191999979317188,2,2,0,0,20,0,0,20,0.72
330,2,0,3,0,5.119999870657921,2,2,0,0,20,0,0,20,0.72
330,24,0,0,0,8.191999979317188,2,2,0,0,20,0,0,20,0.62
330,24,0,1,0,39.93599861860275,2,2,0,0,20,0,0,20,0.62
330,24,0,2,0,9.216000325977802,2,2,0,0,20,0,0,20,0.62
330,24,0,3,0,4.095999989658594,2,2,0,0,20,0,0,20,0.62
330,40,0,0,1,9.216000325977802,2,2,0,0,20,0,0,20,0.62
330,40,0,1,1,46.08000069856644,2,2,0,0,20,0,0,20,0.62
330,40,0,2,1,9.216000325977802,2,2,0,0,20,0,0,20,0.62
330,40,0,3,1,4.095999989658594,2,2,0,0,20,0,0,20,0.62
331,2,0,0,0,16.383999958634377,4,4,0,1,39,0,0,40,45.31
331,2,0,1,0,86.01599931716919,4,4,0,1,39,0,0,40,45.31
331,2,0,2,0,9.216000325977802,4,4,0,1,39,0,0,40,45.31
331,2,0,3,0,6.144000217318535,4,4,0,1,39,0,0,40,45.31
331,24,0,0,0,8.191999979317188,4,4,0,1,39,0,0,40,51.59
331,24,0,1,0,92.16000139713287,4,4,0,1,39,0,0,40,51.59
331,24,0,2,0,9.216000325977802,4,4,0,1,39,0,0,40,51.59
331,24,0,3,0,4.095999989658594,4,4,0,1,39,0,0,40,51.59
331,40,0,0,1,9.216000325977802,4,4,0,0,40,0,0,40,1.62
331,40,0,1,1,88.06400001049042,4,4,0,0,40,0,0,40,1.62
331,40,0,2,1,9.216000325977802,4,4,0,0,40,0,0,40,1.62
331,40,0,3,1,4.095999989658594,4,4,0,0,40,0,0,40,1.62
332,2,0,0,0,16.383999958634377,3,3,0,0,30,0,0,30,1.11
332,2,0,1,0,59.39200147986412,3,3,0,0,30,0,0,30,1.11
332,2,0,2,0,9.216000325977802,3,3,0,0,30,0,0,30,1.11
332,2,0,3,0,5.119999870657921,3,3,0,0,30,0,0,30,1.11
332,24,0,0,0,9.216000325977802,3,3,0,0,30,0,0,30,1.08
332,24,0,1,0,56.32000043988228,3,3,0,0,30,0,0,30,1.08
332,24,0,2,0,8.191999979317188,3,3,0,0,30,0,0,30,1.08
332,24,0,3,0,3.0720001086592674,3,3,0,0,30,0,0,30,1.08
332,40,0,0,1,8.191999979317188,3,3,0,0,30,0,0,30,1.34
332,40,0,1,1,47.10400104522705,3,3,0,0,30,0,0,30,1.34
332,40,0,2,1,10.239999741315842,3,3,0,0,30,0,0,30,1.34
332,40,0,3,1,4.095999989658594,3,3,0,0,30,0,0,30,1.34
333,2,0,0,0,9.216000325977802,1,1,0,0,10,0,0,10,0.42
333,2,0,1,0,32.76799991726875,1,1,0,0,10,0,0,10,0.42
333,2,0,2,0,9.216000325977802,1,1,0,0,10,0,0,10,0.42
333,2,0,3,0,5.119999870657921,1,1,0,0,10,0,0,10,0.42
333,24,0,0,0,10.239999741315842,1,1,0,1,9,0,0,10,44.03
333,24,0,1,0,30.719999223947525,1,1,0,1,9,0,0,10,44.03
333,24,0,2,0,9.216000325977802,1,1,0,1,9,0,0,10,44.03
333,24,0,3,0,4.095999989658594,1,1,0,1,9,0,0,10,44.03
333,40,0,0,1,8.191999979317188,1,1,0,0,10,0,0,10,0.28
333,40,0,1,1,34.81600061058998,1,1,0,0,10,0,0,10,0.28
333,40,0,2,1,8.191999979317188,1,1,0,0,10,0,0,10,0.28
333,40,0,3,1,4.095999989658594,1,1,0,0,10,0,0,10,0.28
334,2,0,0,0,9.216000325977802,4,4,0,2,38,0,0,40,103.64
334,2,0,1,0,71.68000191450119,4,4,0,2,38,0,0,40,103.64
334,2,0,2,0,9.216000325977802,4,4,0,2,38,0,0,40,103.64
334,2,0,3,0,9.216000325977802,4,4,0,2,38,0,0,40,103.64
334,24,0,0,0,8.191999979317188,4,4,0,0,40,0,0,40,1.35
334,24,0,1,0,70.65600156784058,4,4,0,0,40,0,0,40,1.35
334,24,0,2,0,8.191999979317188,4,4,0,0,40,0,0,40,1.35
334,24,0,3,0,4.095999989658594,4,4,0,0,40,0,0,40,1.35
334,40,0,0,1,9.216000325977802,4,4,0,0,40,0,0,40,1.48
334,40,0,1,1,74.75200295448303,4,4,0,0,40,0,0,40,1.48
334,40,0,2,1,8.191999979317188,4,4,0,0,40,0,0,40,1.48
334,40,0,3,1,4.095999989658594,4,4,0,0,40,0,0,40,1.48
335,2,0,0,0,9.216000325977802,4,4,0,1,39,0,0,40,89.88
335,2,0,1,0,87.0399996638298,4,4,0,1,39,0,0,40,89.88
335,2,0,2,0,9.216000325977802,4,4,0,1,39,0,0,40,89.88
335,2,0,3,0,5.119999870657921,4,4,0,1,39,0,0,40,89.88
335,24,0,0,0,8.191999979317188,4,4,0,1,39,0,0,40,64.829
335,24,0,1,0,64.51199948787689,4,4,0,1,39,0,0,40,64.829
335,24,0,2,0,8.191999979317188,4,4,0,1,39,0,0,40,64.829
335,24,0,3,0,3.0720001086592674,4,4,0,1,39,0,0,40,64.829
335,40,0,0,1,13.311999849975109,4,4,0,0,40,0,0,40,1.369
335,40,0,1,1,76.80000364780426,4,4,0,0,40,0,0,40,1.369
335,40,0,2,1,9.216000325977802,4,4,0,0,40,0,0,40,1.369
335,40,0,3,1,4.095999989658594,4,4,0,0,40,0,0,40,1.369
336,2,0,0,0,10.239999741315842,4,4,0,3,37,0,0,40,95.96
336,2,0,1,0,73.72800260782242,4,4,0,3,37,0,0,40,95.96
336,2,0,2,0,9.216000325977802,4,4,0,3,37,0,0,40,95.96
336,2,0,3,0,6.144000217318535,4,4,0,3,37,0,0,40,95.96
336,24,0,0,0,8.191999979317188,4,4,0,0,40,0,0,40,7.269
336,24,0,1,0,70.65600156784058,4,4,0,0,40,0,0,40,7.269
336,24,0,2,0,9.216000325977802,4,4,0,0,40,0,0,40,7.269
336,24,0,3,0,4.095999989658594,4,4,0,0,40,0,0,40,7.269
336,40,0,0,1,8.191999979317188,4,4,0,0,40,0,0,40,1.511
336,40,0,1,1,98.30400347709656,4,4,0,0,40,0,0,40,1.511
336,40,0,2,1,8.191999979317188,4,4,0,0,40,0,0,40,1.511
336,40,0,3,1,3.0720001086592674,4,4,0,0,40,0,0,40,1.511
337,2,0,0,0,9.216000325977802,2,2,0,0,20,0,0,20,0.81
337,2,0,1,0,47.10400104522705,2,2,0,0,20,0,0,20,0.81
337,2,0,2,0,9.216000325977802,2,2,0,0,20,0,0,20,0.81
337,2,0,3,0,5.119999870657921,2,2,0,0,20,0,0,20,0.81
337,24,0,0,0,8.191999979317188,2,2,0,1,19,0,0,20,47.271
337,24,0,1,0,50.175998359918594,2,2,0,1,19,0,0,20,47.271
337,24,0,2,0,9.216000325977802,2,2,0,1,19,0,0,20,47.271
337,24,0,3,0,4.095999989658594,2,2,0,1,19,0,0,20,47.271
337,40,0,0,1,9.216000325977802,2,2,0,0,20,0,0,20,0.76
337,40,0,1,1,38.91199827194214,2,2,0,0,20,0,0,20,0.76
337,40,0,2,1,9.216000325977802,2,2,0,0,20,0,0,20,0.76
337,40,0,3,1,4.095999989658594,2,2,0,0,20,0,0,20,0.76
338,2,0,0,0,12.28800043463707,4,4,0,1,39,0,0,40,64.14
338,2,0,1,0,91.13600105047226,4,4,0,1,39,0,0,40,64.14
338,2,0,2,0,8.191999979317188,4,4,0,1,39,0,0,40,64.14
338,2,0,3,0,5.119999870657921,4,4,0,1,39,0,0,40,64.14
338,24,0,0,0,8.191999979317188,4,4,0,0,40,0,0,40,1.96
338,24,0,1,0,73.72800260782242,4,4,0,0,40,0,0,40,1.96
338,24,0,2,0,8.191999979317188,4,4,0,0,40,0,0,40,1.96
338,24,0,3,0,4.095999989658594,4,4,0,0,40,0,0,40,1.96
338,40,0,0,1,8.191999979317188,4,4,0,1,39,0,0,40,130.559
338,40,0,1,1,86.01599931716919,4,4,0,1,39,0,0,40,130.559
338,40,0,2,1,10.239999741315842,4,4,0,1,39,0,0,40,130.559
338,40,0,3,1,19.45599913597107,4,4,0,1,39,0,0,40,130.559
339,2,0,0,0,9.216000325977802,2,2,0,0,20,0,0,20,0.81
339,2,0,1,0,41.98399931192398,2,2,0,0,20,0,0,20,0.81
339,2,0,2,0,9.216000325977802,2,2,0,0,20,0,0,20,0.81
339,2,0,3,0,5.119999870657921,2,2,0,0,20,0,0,20,0.81
339,24,0,0,0,8.191999979317188,2,2,0,0,20,0,0,20,0.95
339,24,0,1,0,40.95999896526337,2,2,0,0,20,0,0,20,0.95
339,24,0,2,0,9.216000325977802,2,2,0,0,20,0,0,20,0.95
339,24,0,3,0,5.119999870657921,2,2,0,0,20,0,0,20,0.95
339,40,0,0,1,10.239999741315842,2,2,0,0,20,0,0,20,0.689
339,40,0,1,1,44.03200000524521,2,2,0,0,20,0,0,20,0.689
339,40,0,2,1,9.216000325977802,2,2,0,0,20,0,0,20,0.689
339,40,0,3,1,3.0720001086592674,2,2,0,0,20,0,0,20,0.689
340,2,0,0,0,8.191999979317188,4,4,0,0,40,0,0,40,1.849
340,2,0,1,0,80.89599758386612,4,4,0,0,40,0,0,40,1.849
340,2,0,2,0,9.216000325977802,4,4,0,0,40,0,0,40,1.849
340,2,0,3,0,6.144000217318535,4,4,0,0,40,0,0,40,1.849
340,24,0,0,0,8.191999979317188,4,4,0,0,40,0,0,40,1.44
340,24,0,1,0,60.416001826524734,4,4,0,0,40,0,0,40,1.44
340,24,0,2,0,9.216000325977802,4,4,0,0,40,0,0,40,1.44
340,24,0,3,0,4.095999989658594,4,4,0,0,40,0,0,40,1.44
340,40,0,0,1,8.191999979317188,4,4,0,0,40,0,0,40,1.36
340,40,0,1,1,60.416001826524734,4,4,0,0,40,0,0,40,1.36
340,40,0,2,1,9.216000325977802,4,4,0,0,40,0,0,40,1.36
340,40,0,3,1,3.0720001086592674,4,4,0,0,40,0,0,40,1.36
341,2,0,0,0,9.216000325977802,3,3,0,0,30,0,0,30,1.08
341,2,0,1,0,58.36800113320351,3,3,0,0,30,0,0,30,1.08
341,2,0,2,0,9.216000325977802,3,3,0,0,30,0,0,30,1.08
341,2,0,3,0,7.168000098317862,3,3,0,0,30,0,0,30,1.08
341,24,0,0,0,8.191999979317188,3,3,0,0,30,0,0,30,1.3
341,24,0,1,0,56.32000043988228,3,3,0,0,30,0,0,30,1.3
341,24,0,2,0,9.216000325977802,3,3,0,0,30,0,0,30,1.3
341,24,0,3,0,3.0720001086592674,3,3,0,0,30,0,0,30,1.3
341,40,0,0,1,8.191999979317188,3,3,0,0,30,0,0,30,1.02
341,40,0,1,1,60.416001826524734,3,3,0,0,30,0,0,30,1.02
341,40,0,2,1,10.239999741315842,3,3,0,0,30,0,0,30,1.02
341,40,0,3,1,4.095999989658594,3,3,0,0,30,0,0,30,1.02
342,2,0,0,0,9.216000325977802,4,4,0,1,39,0,0,40,47.789
342,2,0,1,0,64.51199948787689,4,4,0,1,39,0,0,40,47.789
342,2,0,2,0,9.216000325977802,4,4,0,1,39,0,0,40,47.789
342,2,0,3,0,6.144000217318535,4,4,0,1,39,0,0,40,47.789
342,24,0,0,0,7.168000098317862,4,4,0,0,40,0,0,40,1.35
342,24,0,1,0,57.34400078654289,4,4,0,0,40,0,0,40,1.35
342,24,0,2,0,8.191999979317188,4,4,0,0,40,0,0,40,1.35
342,24,0,3,0,4.095999989658594,4,4,0,0,40,0,0,40,1.35
342,40,0,0,1,8.191999979317188,4,4,0,1,39,0,0,40,59.379
342,40,0,1,1,81.91999793052673,4,4,0,1,39,0,0,40,59.379
342,40,0,2,1,9.216000325977802,4,4,0,1,39,0,0,40,59.379
342,40,0,3,1,4.095999989658594,4,4,0,1,39,0,0,40,59.379
343,2,0,0,0,9.216000325977802,4,4,0,0,40,0,0,40,1.62
343,2,0,1,0,59.39200147986412,4,4,0,0,40,0,0,40,1.62
343,2,0,2,0,9.216000325977802,4,4,0,0,40,0,0,40,1.62
343,2,0,3,0,6.144000217318535,4,4,0,0,40,0,0,40,1.62
343,24,0,0,0,7.168000098317862,4,4,0,0,40,0,0,40,1.42
343,24,0,1,0,54.27199974656105,4,4,0,0,40,0,0,40,1.42
343,24,0,2,0,8.191999979317188,4,4,0,0,40,0,0,40,1.42
343,24,0,3,0,4.095999989658594,4,4,0,0,40,0,0,40,1.42
343,40,0,0,1,8.191999979317188,4,4,0,0,40,0,0,40,1.45
343,40,0,1,1,68.60800087451935,4,4,0,0,40,0,0,40,1.45
343,40,0,2,1,9.216000325977802,4,4,0,0,40,0,0,40,1.45
343,40,0,3,1,4.095999989658594,4,4,0,0,40,0,0,40,1.45
344,2,0,0,0,13.311999849975109,4,4,0,0,40,0,0,40,1.749
344,2,0,1,0,69.63200122117996,4,4,0,0,40,0,0,40,1.749
344,2,0,2,0,9.216000325977802,4,4,0,0,40,0,0,40,1.749
344,2,0,3,0,6.144000217318535,4,4,0,0,40,0,0,40,1.749
344,24,0,0,0,7.168000098317862,4,4,0,0,40,0,0,40,1.28
344,24,0,1,0,59.39200147986412,4,4,0,0,40,0,0,40,1.28
344,24,0,2,0,9.216000325977802,4,4,0,0,40,0,0,40,1.28
344,24,0,3,0,4.095999989658594,4,4,0,0,40,0,0,40,1.28
344,40,0,0,1,7.168000098317862,4,4,0,1,39,0,0,40,65.679
344,40,0,1,1,83.96799862384796,4,4,0,1,39,0,0,40,65.679
344,40,0,2,1,9.216000325977802,4,4,0,1,39,0,0,40,65.679
344,40,0,3,1,4.095999989658594,4,4,0,1,39,0,0,40,65.679
345,2,0,0,0,9.216000325977802,1,1,0,0,10,0,0,10,0.38
345,2,0,1,0,31.74399957060814,1,1,0,0,10,0,0,10,0.38
345,2,0,2,0,9.216000325977802,1,1,0,0,10,0,0,10,0.38
345,2,0,3,0,4.095999989658594,1,1,0,0,10,0,0,10,0.38
345,24,0,0,0,8.191999979317188,1,1,0,0,10,0,0,10,0.29
345,24,0,1,0,31.74399957060814,1,1,0,0,10,0,0,10,0.29
345,24,0,2,0,8.191999979317188,1,1,0,0,10,0,0,10,0.29
345,24,0,3,0,4.095999989658594,1,1,0,0,10,0,0,10,0.29
345,40,0,0,1,9.216000325977802,1,1,0,0,10,0,0,10,0.28
345,40,0,1,1,34.81600061058998,1,1,0,0,10,0,0,10,0.28
345,40,0,2,1,9.216000325977802,1,1,0,0,10,0,0,10,0.28
345,40,0,3,1,4.095999989658594,1,1,0,0,10,0,0,10,0.28
346,2,0,0,0,8.191999979317188,4,4,0,0,40,0,0,40,1.85
346,2,0,1,0,81.91999793052673,4,4,0,0,40,0,0,40,1.85
346,2,0,2,0,9.216000325977802,4,4,0,0,40,0,0,40,1.85
346,2,0,3,0,5.119999870657921,4,4,0,0,40,0,0,40,1.85
346,24,0,0,0,7.168000098317862,4,4,0,0,40,0,0,40,1.4
346,24,0,1,0,62.463998794555664,4,4,0,0,40,0,0,40,1.4
346,24,0,2,0,9.216000325977802,4,4,0,0,40,0,0,40,1.4
346,24,0,3,0,4.095999989658594,4,4,0,0,40,0,0,40,1.4
346,40,0,0,1,8.191999979317188,4,4,0,1,39,0,0,40,65.051
346,40,0,1,1,65.5359998345375,4,4,0,1,39,0,0,40,65.051
346,40,0,2,1,9.216000325977802,4,4,0,1,39,0,0,40,65.051
346,40,0,3,1,4.095999989658594,4,4,0,1,39,0,0,40,65.051
347,2,0,0,0,8.191999979317188,2,2,0,0,20,0,0,20,0.98
347,2,0,1,0,53.247999399900436,2,2,0,0,20,0,0,20,0.98
347,2,0,2,0,9.216000325977802,2,2,0,0,20,0,0,20,0.98
347,2,0,3,0,6.144000217318535,2,2,0,0,20,0,0,20,0.98
347,24,0,0,0,9.216000325977802,2,2,0,0,20,0,0,20,0.7
347,24,0,1,0,41.98399931192398,2,2,0,0,20,0,0,20,0.7
347,24,0,2,0,9.216000325977802,2,2,0,0,20,0,0,20,0.7
347,24,0,3,0,4.095999989658594,2,2,0,0,20,0,0,20,0.7
347,40,0,0,1,9.216000325977802,2,2,0,0,20,0,0,20,0.63
347,40,0,1,1,41.98399931192398,2,2,0,0,20,0,0,20,0.63
347,40,0,2,1,9.216000325977802,2,2,0,0,20,0,0,20,0.63
347,40,0,3,1,3.0720001086592674,2,2,0,0,20,0,0,20,0.63
348,2,0,0,0,9.216000325977802,2,2,0,0,20,0,0,20,0.9
348,2,0,1,0,44.03200000524521,2,2,0,0,20,0,0,20,0.9
348,2,0,2,0,9.216000325977802,2,2,0,0,20,0,0,20,0.9
348,2,0,3,0,5.119999870657921,2,2,0,0,20,0,0,20,0.9
348,24,0,0,0,9.216000325977802,2,2,0,0,20,0,0,20,0.689
348,24,0,1,0,43.007999658584595,2,2,0,0,20,0,0,20,0.689
348,24,0,2,0,9.216000325977802,2,2,0,0,20,0,0,20,0.689
348,24,0,3,0,4.095999989658594,2,2,0,0,20,0,0,20,0.689
348,40,0,0,1,9.216000325977802,2,2,0,0,20,0,0,20,0.68
348,40,0,1,1,40.95999896526337,2,2,0,0,20,0,0,20,0.68
348,40,0,2,1,10.239999741315842,2,2,0,0,20,0,0,20,0.68
348,40,0,3,1,4.095999989658594,2,2,0,0,20,0,0,20,0.68
349,2,0,0,0,9.216000325977802,4,4,0,0,40,0,0,40,1.691
349,2,0,1,0,77.82399654388428,4,4,0,0,40,0,0,40,1.691
349,2,0,2,0,8.191999979317188,4,4,0,0,40,0,0,40,1.691
349,2,0,3,0,5.119999870657921,4,4,0,0,40,0,0,40,1.691
349,24,0,0,0,8.191999979317188,4,4,0,0,40,0,0,40,1.7
349,24,0,1,0,79.8719972372055,4,4,0,0,40,0,0,40,1.7
349,24,0,2,0,8.191999979317188,4,4,0,0,40,0,0,40,1.7
349,24,0,3,0,4.095999989658594,4,4,0,0,40,0,0,40,1.7
349,40,0,0,1,8.191999979317188,4,4,0,0,40,0,0,40,1.69
349,40,0,1,1,93.18400174379349,4,4,0,0,40,0,0,40,1.69
349,40,0,2,1,9.216000325977802,4,4,0,0,40,0,0,40,1.69
349,40,0,3,1,4.095999989658594,4,4,0,0,40,0,0,40,1.69
350,2,0,0,0,15.359999611973763,4,4,0,0,40,0,0,40,1.86
350,2,0,1,0,79.8719972372055,4,4,0,0,40,0,0,40,1.86
350,2,0,2,0,9.216000325977802,4,4,0,0,40,0,0,40,1.86
350,2,0,3,0,7.168000098317862,4,4,0,0,40,0,0,40,1.86
350,24,0,0,0,8.191999979317188,4,4,0,0,40,0,0,40,1.37
350,24,0,1,0,65.5359998345375,4,4,0,0,40,0,0,40,1.37
350,24,0,2,0,9.216000325977802,4,4,0,0,40,0,0,40,1.37
350,24,0,3,0,4.095999989658594,4,4,0,0,40,0,0,40,1.37
350,40,0,0,1,9.216000325977802,4,4,0,0,40,0,0,40,1.88
350,40,0,1,1,61.43999844789505,4,4,0,0,40,0,0,40,1.88
350,40,0,2,1,9.216000325977802,4,4,0,0,40,0,0,40,1.88
350,40,0,3,1,4.095999989658594,4,4,0,0,40,0,0,40,1.88
351,2,0,0,0,9.216000325977802,4,4,0,0,40,0,0,40,2.08
351,2,0,1,0,87.0399996638298,4,4,0,0,40,0,0,40,2.08
351,2,0,2,0,8.191999979317188,4,4,0,0,40,0,0,40,2.08
351,2,0,3,0,5.119999870657921,4,4,0,0,40,0,0,40,2.08
351,24,0,0,0,9.216000325977802,4,4,0,0,40,0,0,40,1.6
351,24,0,1,0,64.51199948787689,4,4,0,0,40,0,0,40,1.6
351,24,0,2,0,8.191999979317188,4,4,0,0,40,0,0,40,1.6
351,24,0,3,0,5.119999870657921,4,4,0,0,40,0,0,40,1.6
351,40,0,0,1,8.191999979317188,4,4,0,0,40,0,0,40,1.95
351,40,0,1,1,81.91999793052673,4,4,0,0,40,0,0,40,1.95
351,40,0,2,1,9.216000325977802,4,4,0,0,40,0,0,40,1.95
351,40,0,3,1,4.095999989658594,4,4,0,0,40,0,0,40,1.95
352,2,0,0,0,9.216000325977802,4,4,0,0,40,0,0,40,1.87
352,2,0,1,0,86.01599931716919,4,4,0,0,40,0,0,40,1.87
352,2,0,2,0,9.216000325977802,4,4,0,0,40,0,0,40,1.87
352,2,0,3,0,5.119999870657921,4,4,0,0,40,0,0,40,1.87
352,24,0,0,0,7.168000098317862,4,4,0,0,40,0,0,40,1.56
352,24,0,1,0,80.89599758386612,4,4,0,0,40,0,0,40,1.56
352,24,0,2,0,9.216000325977802,4,4,0,0,40,0,0,40,1.56
352,24,0,3,0,3.0720001086592674,4,4,0,0,40,0,0,40,1.56
352,40,0,0,1,8.191999979317188,4,4,0,0,40,0,0,40,1.44
352,40,0,1,1,65.5359998345375,4,4,0,0,40,0,0,40,1.44
352,40,0,2,1,9.216000325977802,4,4,0,0,40,0,0,40,1.44
352,40,0,3,1,4.095999989658594,4,4,0,0,40,0,0,40,1.44
353,2,0,0,0,10.239999741315842,3,3,0,0,30,0,0,30,1.32
353,2,0,1,0,62.463998794555664,3,3,0,0,30,0,0,30,1.32
353,2,0,2,0,9.216000325977802,3,3,0,0,30,0,0,30,1.32
353,2,0,3,0,5.119999870657921,3,3,0,0,30,0,0,30,1.32
353,24,0,0,0,8.191999979317188,3,3,0,0,30,0,0,30,0.96
353,24,0,1,0,59.39200147986412,3,3,0,0,30,0,0,30,0.96
353,24,0,2,0,9.216000325977802,3,3,0,0,30,0,0,30,0.96
353,24,0,3,0,4.095999989658594,3,3,0,0,30,0,0,30,0.96
353,40,0,0,1,8.191999979317188,3,3,0,0,30,0,0,30,1.13
353,40,0,1,1,55.296000093221664,3,3,0,0,30,0,0,30,1.13
353,40,0,2,1,10.239999741315842,3,3,0,0,30,0,0,30,1.13
353,40,0,3,1,4.095999989658594,3,3,0,0,30,0,0,30,1.13
354,2,0,0,0,9.216000325977802,2,2,0,0,20,0,0,20,2.071
354,2,0,1,0,50.175998359918594,2,2,0,0,20,0,0,20,2.071
354,2,0,2,0,8.191999979317188,2,2,0,0,20,0,0,20,2.071
354,2,0,3,0,5.119999870657921,2,2,0,0,20,0,0,20,2.071
354,24,0,0,0,9.216000325977802,2,2,0,0,20,0,0,20,1.27
354,24,0,1,0,52.22399905323982,2,2,0,0,20,0,0,20,1.27
354,24,0,2,0,9.216000325977802,2,2,0,0,20,0,0,20,1.27
354,24,0,3,0,4.095999989658594,2,2,0,0,20,0,0,20,1.27
354,40,0,0,1,9.216000325977802,2,2,0,0,20,0,0,20,1.46
354,40,0,1,1,55.296000093221664,2,2,0,0,20,0,0,20,1.46
354,40,0,2,1,9.216000325977802,2,2,0,0,20,0,0,20,1.46
354,40,0,3,1,4.095999989658594,2,2,0,0,20,0,0,20,1.46
355,2,0,0,0,9.216000325977802,4,4,0,0,40,0,0,40,2.86
355,2,0,1,0,82.94399827718735,4,4,0,0,40,0,0,40,2.86
355,2,0,2,0,8.191999979317188,4,4,0,0,40,0,0,40,2.86
355,2,0,3,0,5.119999870657921,4,4,0,0,40,0,0,40,2.86
355,24,0,0,0,7.168000098317862,4,4,0,0,40,0,0,40,2.131
355,24,0,1,0,74.75200295448303,4,4,0,0,40,0,0,40,2.131
355,24,0,2,0,8.191999979317188,4,4,0,0,40,0,0,40,2.131
355,24,0,3,0,4.095999989658594,4,4,0,0,40,0,0,40,2.131
355,40,0,0,1,8.191999979317188,4,4,0,0,40,0,0,40,1.711
355,40,0,1,1,50.175998359918594,4,4,0,0,40,0,0,40,1.711
355,40,0,2,1,9.216000325977802,4,4,0,0,40,0,0,40,1.711
355,40,0,3,1,4.095999989658594,4,4,0,0,40,0,0,40,1.711
356,2,0,0,0,9.216000325977802,4,4,0,0,40,0,0,40,2.05
356,2,0,1,0,81.91999793052673,4,4,0,0,40,0,0,40,2.05
356,2,0,2,0,8.191999979317188,4,4,0,0,40,0,0,40,2.05
356,2,0,3,0,5.119999870657921,4,4,0,0,40,0,0,40,2.05
356,24,0,0,0,8.191999979317188,4,4,0,0,40,0,0,40,1.65
356,24,0,1,0,79.8719972372055,4,4,0,0,40,0,0,40,1.65
356,24,0,2,0,8.191999979317188,4,4,0,0,40,0,0,40,1.65
356,24,0,3,0,4.095999989658594,4,4,0,0,40,0,0,40,1.65
356,40,0,0,1,8.191999979317188,4,4,0,1,39,0,0,40,75.97
356,40,0,1,1,87.0399996638298,4,4,0,1,39,0,0,40,75.97
356,40,0,2,1,9.216000325977802,4,4,0,1,39,0,0,40,75.97
356,40,0,3,1,4.095999989658594,4,4,0,1,39,0,0,40,75.97
357,2,0,0,0,48.128001391887665,1,1,0,0,10,0,0,10,1.0
357,2,0,1,0,31.74399957060814,1,1,0,0,10,0,0,10,1.0
357,2,0,2,0,9.216000325977802,1,1,0,0,10,0,0,10,1.0
357,2,0,3,0,5.119999870657921,1,1,0,0,10,0,0,10,1.0
357,24,0,0,0,9.216000325977802,1,1,0,0,10,0,0,10,0.7
357,24,0,1,0,31.74399957060814,1,1,0,0,10,0,0,10,0.7
357,24,0,2,0,8.191999979317188,1,1,0,0,10,0,0,10,0.7
357,24,0,3,0,4.095999989658594,1,1,0,0,10,0,0,10,0.7
357,40,0,0,1,10.239999741315842,1,1,0,0,10,0,0,10,0.851
357,40,0,1,1,34.81600061058998,1,1,0,0,10,0,0,10,0.851
357,40,0,2,1,8.191999979317188,1,1,0,0,10,0,0,10,0.851
357,40,0,3,1,5.119999870657921,1,1,0,0,10,0,0,10,0.851
358,2,0,0,0,93.18400174379349,4,4,0,0,40,0,0,40,2.56
358,2,0,1,0,86.01599931716919,4,4,0,0,40,0,0,40,2.56
358,2,0,2,0,9.216000325977802,4,4,0,0,40,0,0,40,2.56
358,2,0,3,0,5.119999870657921,4,4,0,0,40,0,0,40,2.56
358,24,0,0,0,34.81600061058998,4,4,0,0,40,0,0,40,2.66
358,24,0,1,0,73.72800260782242,4,4,0,0,40,0,0,40,2.66
358,24,0,2,0,8.191999979317188,4,4,0,0,40,0,0,40,2.66
358,24,0,3,0,4.095999989658594,4,4,0,0,40,0,0,40,2.66
358,40,0,0,1,20.479999482631683,4,4,0,0,40,0,0,40,2.2
358,40,0,1,1,56.32000043988228,4,4,0,0,40,0,0,40,2.2
358,40,0,2,1,8.191999979317188,4,4,0,0,40,0,0,40,2.2
358,40,0,3,1,4.095999989658594,4,4,0,0,40,0,0,40,2.2
359,2,0,0,0,9.216000325977802,4,4,0,1,39,0,0,40,51.679
359,2,0,1,0,72.7040022611618,4,4,0,1,39,0,0,40,51.679
359,2,0,2,0,9.216000325977802,4,4,0,1,39,0,0,40,51.679
359,2,0,3,0,8.191999979317188,4,4,0,1,39,0,0,40,51.679
359,24,0,0,0,9.216000325977802,4,4,0,0,40,0,0,40,1.58
359,24,0,1,0,56.32000043988228,4,4,0,0,40,0,0,40,1.58
359,24,0,2,0,8.191999979317188,4,4,0,0,40,0,0,40,1.58
359,24,0,3,0,4.095999989658594,4,4,0,0,40,0,0,40,1.58
359,40,0,0,1,8.191999979317188,4,4,0,0,40,0,0,40,1.349
359,40,0,1,1,49.15200173854828,4,4,0,0,40,0,0,40,1.349
359,40,0,2,1,9.216000325977802,4,4,0,0,40,0,0,40,1.349
359,40,0,3,1,5.119999870657921,4,4,0,0,40,0,0,40,1.349
360,2,0,0,0,83.96799862384796,3,3,0,1,29,0,0,30,42.73
360,2,0,1,0,68.60800087451935,3,3,0,1,29,0,0,30,42.73
360,2,0,2,0,8.191999979317188,3,3,0,1,29,0,0,30,42.73
360,2,0,3,0,5.119999870657921,3,3,0,1,29,0,0,30,42.73
360,24,0,0,0,26.623999699950218,3,3,0,0,30,0,0,30,1.58
360,24,0,1,0,56.32000043988228,3,3,0,0,30,0,0,30,1.58
360,24,0,2,0,9.216000325977802,3,3,0,0,30,0,0,30,1.58
360,24,0,3,0,4.095999989658594,3,3,0,0,30,0,0,30,1.58
360,40,0,0,1,30.719999223947525,3,3,0,0,30,0,0,30,1.431
360,40,0,1,1,53.247999399900436,3,3,0,0,30,0,0,30,1.431
360,40,0,2,1,10.239999741315842,3,3,0,0,30,0,0,30,1.431
360,40,0,3,1,5.119999870657921,3,3,0,0,30,0,0,30,1.431
361,2,0,0,0,8.191999979317188,2,2,0,0,20,0,0,20,1.05
361,2,0,1,0,49.15200173854828,2,2,0,0,20,0,0,20,1.05
361,2,0,2,0,9.216000325977802,2,2,0,0,20,0,0,20,1.05
361,2,0,3,0,5.119999870657921,2,2,0,0,20,0,0,20,1.05
361,24,0,0,0,8.191999979317188,2,2,0,0,20,0,0,20,0.751
361,24,0,1,0,48.128001391887665,2,2,0,0,20,0,0,20,0.751
361,24,0,2,0,8.191999979317188,2,2,0,0,20,0,0,20,0.751
361,24,0,3,0,4.095999989658594,2,2,0,0,20,0,0,20,0.751
361,40,0,0,1,9.216000325977802,2,2,0,0,20,0,0,20,0.72
361,40,0,1,1,46.08000069856644,2,2,0,0,20,0,0,20,0.72
361,40,0,2,1,9.216000325977802,2,2,0,0,20,0,0,20,0.72
361,40,0,3,1,4.095999989658594,2,2,0,0,20,0,0,20,0.72
362,2,0,0,0,9.216000325977802,1,1,0,0,10,0,0,10,0.42
362,2,0,1,0,31.74399957060814,1,1,0,0,10,0,0,10,0.42
362,2,0,2,0,9.216000325977802,1,1,0,0,10,0,0,10,0.42
362,2,0,3,0,5.119999870657921,1,1,0,0,10,0,0,10,0.42
362,24,0,0,0,8.191999979317188,1,1,0,0,10,0,0,10,0.37
362,24,0,1,0,31.74399957060814,1,1,0,0,10,0,0,10,0.37
362,24,0,2,0,9.216000325977802,1,1,0,0,10,0,0,10,0.37
362,24,0,3,0,4.095999989658594,1,1,0,0,10,0,0,10,0.37
362,40,0,0,1,9.216000325977802,1,1,0,0,10,0,0,10,0.669
362,40,0,1,1,35.840000957250595,1,1,0,0,10,0,0,10,0.669
362,40,0,2,1,8.191999979317188,1,1,0,0,10,0,0,10,0.669
362,40,0,3,1,4.095999989658594,1,1,0,0,10,0,0,10,0.669
363,2,0,0,0,39.93599861860275,4,4,0,0,40,0,0,40,2.0
363,2,0,1,0,78.84799689054489,4,4,0,0,40,0,0,40,2.0
363,2,0,2,0,9.216000325977802,4,4,0,0,40,0,0,40,2.0
363,2,0,3,0,5.119999870657921,4,4,0,0,40,0,0,40,2.0
363,24,0,0,0,8.191999979317188,4,4,0,1,39,0,0,40,50.92
363,24,0,1,0,62.463998794555664,4,4,0,1,39,0,0,40,50.92
363,24,0,2,0,9.216000325977802,4,4,0,1,39,0,0,40,50.92
363,24,0,3,0,4.095999989658594,4,4,0,1,39,0,0,40,50.92
363,40,0,0,1,24.57600086927414,4,4,0,0,40,0,0,40,1.709
363,40,0,1,1,61.43999844789505,4,4,0,0,40,0,0,40,1.709
363,40,0,2,1,9.216000325977802,4,4,0,0,40,0,0,40,1.709
363,40,0,3,1,4.095999989658594,4,4,0,0,40,0,0,40,1.709
364,2,0,0,0,8.191999979317188,4,4,0,0,40,0,0,40,1.809
364,2,0,1,0,68.60800087451935,4,4,0,0,40,0,0,40,1.809
364,2,0,2,0,9.216000325977802,4,4,0,0,40,0,0,40,1.809
364,2,0,3,0,5.119999870657921,4,4,0,0,40,0,0,40,1.809
364,24,0,0,0,8.191999979317188,4,4,0,1,39,0,0,40,51.499
364,24,0,1,0,66.56000018119812,4,4,0,1,39,0,0,40,51.499
364,24,0,2,0,9.216000325977802,4,4,0,1,39,0,0,40,51.499
364,24,0,3,0,4.095999989658594,4,4,0,1,39,0,0,40,51.499
364,40,0,0,1,9.216000325977802,4,4,0,0,40,0,0,40,1.52
364,40,0,1,1,69.63200122117996,4,4,0,0,40,0,0,40,1.52
364,40,0,2,1,8.191999979317188,4,4,0,0,40,0,0,40,1.52
364,40,0,3,1,4.095999989658594,4,4,0,0,40,0,0,40,1.52
365,2,0,0,0,8.191999979317188,1,1,0,0,10,0,0,10,0.43
365,2,0,1,0,31.74399957060814,1,1,0,0,10,0,0,10,0.43
365,2,0,2,0,9.216000325977802,1,1,0,0,10,0,0,10,0.43
365,2,0,3,0,5.119999870657921,1,1,0,0,10,0,0,10,0.43
365,24,0,0,0,8.191999979317188,1,1,0,0,10,0,0,10,0.39
365,24,0,1,0,32.76799991726875,1,1,0,0,10,0,0,10,0.39
365,24,0,2,0,8.191999979317188,1,1,0,0,10,0,0,10,0.39
365,24,0,3,0,4.095999989658594,1,1,0,0,10,0,0,10,0.39
365,40,0,0,1,8.191999979317188,1,1,0,0,10,0,0,10,0.29
365,40,0,1,1,34.81600061058998,1,1,0,0,10,0,0,10,0.29
365,40,0,2,1,9.216000325977802,1,1,0,0,10,0,0,10,0.29
365,40,0,3,1,4.095999989658594,1,1,0,0,10,0,0,10,0.29
366,2,0,0,0,9.216000325977802,2,2,0,0,20,0,0,20,0.709
366,2,0,1,0,53.247999399900436,2,2,0,0,20,0,0,20,0.709
366,2,0,2,0,9.216000325977802,2,2,0,0,20,0,0,20,0.709
366,2,0,3,0,5.119999870657921,2,2,0,0,20,0,0,20,0.709
366,24,0,0,0,8.191999979317188,2,2,0,0,20,0,0,20,0.82
366,24,0,1,0,53.247999399900436,2,2,0,0,20,0,0,20,0.82
366,24,0,2,0,8.191999979317188,2,2,0,0,20,0,0,20,0.82
366,24,0,3,0,4.095999989658594,2,2,0,0,20,0,0,20,0.82
366,40,0,0,1,9.216000325977802,2,2,0,0,20,0,0,20,0.68
366,40,0,1,1,47.10400104522705,2,2,0,0,20,0,0,20,0.68
366,40,0,2,1,9.216000325977802,2,2,0,0,20,0,0,20,0.68
366,40,0,3,1,4.095999989658594,2,2,0,0,20,0,0,20,0.68
367,2,0,0,0,9.216000325977802,1,1,0,1,9,0,0,10,96.12
367,2,0,1,0,29.69600073993206,1,1,0,1,9,0,0,10,96.12
367,2,0,2,0,9.216000325977802,1,1,0,1,9,0,0,10,96.12
367,2,0,3,0,44.03200000524521,1,1,0,1,9,0,0,10,96.12
367,24,0,0,0,8.191999979317188,1,1,0,0,10,0,0,10,0.38
367,24,0,1,0,32.76799991726875,1,1,0,0,10,0,0,10,0.38
367,24,0,2,0,8.191999979317188,1,1,0,0,10,0,0,10,0.38
367,24,0,3,0,4.095999989658594,1,1,0,0,10,0,0,10,0.38
367,40,0,0,1,9.216000325977802,1,1,0,0,10,0,0,10,0.32
367,40,0,1,1,35.840000957250595,1,1,0,0,10,0,0,10,0.32
367,40,0,2,1,8.191999979317188,1,1,0,0,10,0,0,10,0.32
367,40,0,3,1,4.095999989658594,1,1,0,0,10,0,0,10,0.32
368,2,0,0,0,14.336000196635723,4,4,0,1,39,0,0,40,54.32
368,2,0,1,0,77.82399654388428,4,4,0,1,39,0,0,40,54.32
368,2,0,2,0,8.191999979317188,4,4,0,1,39,0,0,40,54.32
368,2,0,3,0,5.119999870657921,4,4,0,1,39,0,0,40,54.32
368,24,0,0,0,7.168000098317862,4,4,0,0,40,0,0,40,1.44
368,24,0,1,0,69.63200122117996,4,4,0,0,40,0,0,40,1.44
368,24,0,2,0,9.216000325977802,4,4,0,0,40,0,0,40,1.44
368,24,0,3,0,4.095999989658594,4,4,0,0,40,0,0,40,1.44
368,40,0,0,1,15.359999611973763,4,4,0,0,40,0,0,40,1.46
368,40,0,1,1,59.39200147986412,4,4,0,0,40,0,0,40,1.46
368,40,0,2,1,9.216000325977802,4,4,0,0,40,0,0,40,1.46
368,40,0,3,1,4.095999989658594,4,4,0,0,40,0,0,40,1.46
369,2,0,0,0,9.216000325977802,3,3,0,1,29,0,0,30,50.34
369,2,0,1,0,72.7040022611618,3,3,0,1,29,0,0,30,50.34
369,2,0,2,0,9.216000325977802,3,3,0,1,29,0,0,30,50.34
369,2,0,3,0,5.119999870657921,3,3,0,1,29,0,0,30,50.34
369,24,0,0,0,9.216000325977802,3,3,0,0,30,0,0,30,0.951
369,24,0,1,0,60.416001826524734,3,3,0,0,30,0,0,30,0.951
369,24,0,2,0,9.216000325977802,3,3,0,0,30,0,0,30,0.951
369,24,0,3,0,4.095999989658594,3,3,0,0,30,0,0,30,0.951
369,40,0,0,1,8.191999979317188,3,3,0,0,30,0,0,30,1.489
369,40,0,1,1,56.32000043988228,3,3,0,0,30,0,0,30,1.489
369,40,0,2,1,10.239999741315842,3,3,0,0,30,0,0,30,1.489
369,40,0,3,1,4.095999989658594,3,3,0,0,30,0,0,30,1.489
370,2,0,0,0,15.359999611973763,2,2,0,0,20,0,0,20,0.6
370,2,0,1,0,52.22399905323982,2,2,0,0,20,0,0,20,0.6
370,2,0,2,0,9.216000325977802,2,2,0,0,20,0,0,20,0.6
370,2,0,3,0,5.119999870657921,2,2,0,0,20,0,0,20,0.6
370,24,0,0,0,8.191999979317188,2,2,0,0,20,0,0,20,0.671
370,24,0,1,0,53.247999399900436,2,2,0,0,20,0,0,20,0.671
370,24,0,2,0,9.216000325977802,2,2,0,0,20,0,0,20,0.671
370,24,0,3,0,4.095999989658594,2,2,0,0,20,0,0,20,0.671
370,40,0,0,1,8.191999979317188,2,2,0,0,20,0,0,20,0.74
370,40,0,1,1,49.15200173854828,2,2,0,0,20,0,0,20,0.74
370,40,0,2,1,9.216000325977802,2,2,0,0,20,0,0,20,0.74
370,40,0,3,1,4.095999989658594,2,2,0,0,20,0,0,20,0.74
371,2,0,0,0,9.216000325977802,4,4,0,0,40,0,0,40,1.74
371,2,0,1,0,81.91999793052673,4,4,0,0,40,0,0,40,1.74
371,2,0,2,0,9.216000325977802,4,4,0,0,40,0,0,40,1.74
371,2,0,3,0,6.144000217318535,4,4,0,0,40,0,0,40,1.74
371,24,0,0,0,9.216000325977802,4,4,0,2,38,0,0,40,91.319
371,24,0,1,0,64.51199948787689,4,4,0,2,38,0,0,40,91.319
371,24,0,2,0,9.216000325977802,4,4,0,2,38,0,0,40,91.319
371,24,0,3,0,4.095999989658594,4,4,0,2,38,0,0,40,91.319
371,40,0,0,1,8.191999979317188,4,4,0,0,40,0,0,40,1.45
371,40,0,1,1,59.39200147986412,4,4,0,0,40,0,0,40,1.45
371,40,0,2,1,9.216000325977802,4,4,0,0,40,0,0,40,1.45
371,40,0,3,1,4.095999989658594,4,4,0,0,40,0,0,40,1.45
372,2,0,0,0,8.191999979317188,4,4,0,0,40,0,0,40,1.8
372,2,0,1,0,77.82399654388428,4,4,0,0,40,0,0,40,1.8
372,2,0,2,0,8.191999979317188,4,4,0,0,40,0,0,40,1.8
372,2,0,3,0,5.119999870657921,4,4,0,0,40,0,0,40,1.8
372,24,0,0,0,8.191999979317188,4,4,0,2,38,0,0,40,211.899
372,24,0,1,0,57.34400078654289,4,4,0,2,38,0,0,40,211.899
372,24,0,2,0,8.191999979317188,4,4,0,2,38,0,0,40,211.899
372,24,0,3,0,133.12000036239624,4,4,0,2,38,0,0,40,211.899
372,40,0,0,1,8.191999979317188,4,4,0,0,40,0,0,40,1.4
372,40,0,1,1,51.19999870657921,4,4,0,0,40,0,0,40,1.4
372,40,0,2,1,8.191999979317188,4,4,0,0,40,0,0,40,1.4
372,40,0,3,1,4.095999989658594,4,4,0,0,40,0,0,40,1.4
373,2,0,0,0,9.216000325977802,4,4,0,1,39,0,0,40,54.58
373,2,0,1,0,68.60800087451935,4,4,0,1,39,0,0,40,54.58
373,2,0,2,0,9.216000325977802,4,4,0,1,39,0,0,40,54.58
373,2,0,3,0,6.144000217318535,4,4,0,1,39,0,0,40,54.58
373,24,0,0,0,7.168000098317862,4,4,0,1,39,0,0,40,51.87
373,24,0,1,0,65.5359998345375,4,4,0,1,39,0,0,40,51.87
373,24,0,2,0,9.216000325977802,4,4,0,1,39,0,0,40,51.87
373,24,0,3,0,4.095999989658594,4,4,0,1,39,0,0,40,51.87
373,40,0,0,1,9.216000325977802,4,4,0,0,40,0,0,40,1.42
373,40,0,1,1,69.63200122117996,4,4,0,0,40,0,0,40,1.42
373,40,0,2,1,8.191999979317188,4,4,0,0,40,0,0,40,1.42
373,40,0,3,1,4.095999989658594,4,4,0,0,40,0,0,40,1.42
374,2,0,0,0,8.191999979317188,4,4,0,1,39,0,0,40,62.919
374,2,0,1,0,86.01599931716919,4,4,0,1,39,0,0,40,62.919
374,2,0,2,0,9.216000325977802,4,4,0,1,39,0,0,40,62.919
374,2,0,3,0,5.119999870657921,4,4,0,1,39,0,0,40,62.919
374,24,0,0,0,9.216000325977802,4,4,0,0,40,0,0,40,1.309
374,24,0,1,0,76.80000364780426,4,4,0,0,40,0,0,40,1.309
374,24,0,2,0,9.216000325977802,4,4,0,0,40,0,0,40,1.309
374,24,0,3,0,4.095999989658594,4,4,0,0,40,0,0,40,1.309
374,40,0,0,1,8.191999979317188,4,4,0,0,40,0,0,40,1.371
374,40,0,1,1,77.82399654388428,4,4,0,0,40,0,0,40,1.371
374,40,0,2,1,9.216000325977802,4,4,0,0,40,0,0,40,1.371
374,40,0,3,1,4.095999989658594,4,4,0,0,40,0,0,40,1.371
375,2,0,0,0,9.216000325977802,4,4,0,0,40,0,0,40,1.949
375,2,0,1,0,81.91999793052673,4,4,0,0,40,0,0,40,1.949
375,2,0,2,0,8.191999979317188,4,4,0,0,40,0,0,40,1.949
375,2,0,3,0,7.168000098317862,4,4,0,0,40,0,0,40,1.949
375,24,0,0,0,8.191999979317188,4,4,0,0,40,0,0,40,1.68
375,24,0,1,0,62.463998794555664,4,4,0,0,40,0,0,40,1.68
375,24,0,2,0,9.216000325977802,4,4,0,0,40,0,0,40,1.68
375,24,0,3,0,4.095999989658594,4,4,0,0,40,0,0,40,1.68
375,40,0,0,1,14.336000196635723,4,4,0,0,40,0,0,40,1.49
375,40,0,1,1,76.80000364780426,4,4,0,0,40,0,0,40,1.49
375,40,0,2,1,9.216000325977802,4,4,0,0,40,0,0,40,1.49
375,40,0,3,1,3.0720001086592674,4,4,0,0,40,0,0,40,1.49
376,2,0,0,0,9.216000325977802,4,4,0,0,40,0,0,40,2.15
376,2,0,1,0,84.99199897050858,4,4,0,0,40,0,0,40,2.15
376,2,0,2,0,8.191999979317188,4,4,0,0,40,0,0,40,2.15
376,2,0,3,0,5.119999870657921,4,4,0,0,40,0,0,40,2.15
376,24,0,0,0,8.191999979317188,4,4,0,0,40,0,0,40,1.52
376,24,0,1,0,69.63200122117996,4,4,0,0,40,0,0,40,1.52
376,24,0,2,0,9.216000325977802,4,4,0,0,40,0,0,40,1.52
376,24,0,3,0,4.095999989658594,4,4,0,0,40,0,0,40,1.52
376,40,0,0,1,9.216000325977802,4,4,0,0,40,0,0,40,1.52
376,40,0,1,1,62.463998794555664,4,4,0,0,40,0,0,40,1.52
376,40,0,2,1,8.191999979317188,4,4,0,0,40,0,0,40,1.52
376,40,0,3,1,4.095999989658594,4,4,0,0,40,0,0,40,1.52
377,2,0,0,0,9.216000325977802,1,1,0,1,9,0,0,10,78.26
377,2,0,1,0,30.719999223947525,1,1,0,1,9,0,0,10,78.26
377,2,0,2,0,8.191999979317188,1,1,0,1,9,0,0,10,78.26
377,2,0,3,0,25.599999353289604,1,1,0,1,9,0,0,10,78.26
377,24,0,0,0,8.191999979317188,1,1,0,0,10,0,0,10,0.3
377,24,0,1,0,32.76799991726875,1,1,0,0,10,0,0,10,0.3
377,24,0,2,0,9.216000325977802,1,1,0,0,10,0,0,10,0.3
377,24,0,3,0,4.095999989658594,1,1,0,0,10,0,0,10,0.3
377,40,0,0,1,8.191999979317188,1,1,0,0,10,0,0,10,0.36
377,40,0,1,1,34.81600061058998,1,1,0,0,10,0,0,10,0.36
377,40,0,2,1,9.216000325977802,1,1,0,0,10,0,0,10,0.36
377,40,0,3,1,4.095999989658594,1,1,0,0,10,0,0,10,0.36
378,2,0,0,0,8.191999979317188,1,1,0,1,9,0,0,10,68.73
378,2,0,1,0,30.719999223947525,1,1,0,1,9,0,0,10,68.73
378,2,0,2,0,10.239999741315842,1,1,0,1,9,0,0,10,68.73
378,2,0,3,0,14.336000196635723,1,1,0,1,9,0,0,10,68.73
378,24,0,0,0,8.191999979317188,1,1,0,0,10,0,0,10,0.29
378,24,0,1,0,31.74399957060814,1,1,0,0,10,0,0,10,0.29
378,24,0,2,0,9.216000325977802,1,1,0,0,10,0,0,10,0.29
378,24,0,3,0,4.095999989658594,1,1,0,0,10,0,0,10,0.29
378,40,0,0,1,8.191999979317188,1,1,0,0,10,0,0,10,0.29
378,40,0,1,1,34.81600061058998,1,1,0,0,10,0,0,10,0.29
378,40,0,2,1,9.216000325977802,1,1,0,0,10,0,0,10,0.29
378,40,0,3,1,4.095999989658594,1,1,0,0,10,0,0,10,0.29
379,2,0,0,0,9.216000325977802,2,2,0,0,20,0,0,20,1.21
379,2,0,1,0,51.19999870657921,2,2,0,0,20,0,0,20,1.21
379,2,0,2,0,8.191999979317188,2,2,0,0,20,0,0,20,1.21
379,2,0,3,0,5.119999870657921,2,2,0,0,20,0,0,20,1.21
379,24,0,0,0,8.191999979317188,2,2,0,0,20,0,0,20,0.58
379,24,0,1,0,49.15200173854828,2,2,0,0,20,0,0,20,0.58
379,24,0,2,0,9.216000325977802,2,2,0,0,20,0,0,20,0.58
379,24,0,3,0,4.095999989658594,2,2,0,0,20,0,0,20,0.58
379,40,0,0,1,9.216000325977802,2,2,0,0,20,0,0,20,0.58
379,40,0,1,1,55.296000093221664,2,2,0,0,20,0,0,20,0.58
379,40,0,2,1,9.216000325977802,2,2,0,0,20,0,0,20,0.58
379,40,0,3,1,4.095999989658594,2,2,0,0,20,0,0,20,0.58
380,2,0,0,0,9.216000325977802,4,4,0,0,40,0,0,40,1.63
380,2,0,1,0,80.89599758386612,4,4,0,0,40,0,0,40,1.63
380,2,0,2,0,8.191999979317188,4,4,0,0,40,0,0,40,1.63
380,2,0,3,0,6.144000217318535,4,4,0,0,40,0,0,40,1.63
380,24,0,0,0,7.168000098317862,4,4,0,2,38,0,0,40,59.531
380,24,0,1,0,61.43999844789505,4,4,0,2,38,0,0,40,59.531
380,24,0,2,0,9.216000325977802,4,4,0,2,38,0,0,40,59.531
380,24,0,3,0,4.095999989658594,4,4,0,2,38,0,0,40,59.531
380,40,0,0,1,8.191999979317188,4,4,0,0,40,0,0,40,1.32
380,40,0,1,1,65.5359998345375,4,4,0,0,40,0,0,40,1.32
380,40,0,2,1,9.216000325977802,4,4,0,0,40,0,0,40,1.32
380,40,0,3,1,4.095999989658594,4,4,0,0,40,0,0,40,1.32
381,2,0,0,0,9.216000325977802,3,3,0,0,30,0,0,30,1.26
381,2,0,1,0,63.48799914121628,3,3,0,0,30,0,0,30,1.26
381,2,0,2,0,9.216000325977802,3,3,0,0,30,0,0,30,1.26
381,2,0,3,0,4.095999989658594,3,3,0,0,30,0,0,30,1.26
381,24,0,0,0,9.216000325977802,3,3,0,1,29,0,0,30,38.259
381,24,0,1,0,48.128001391887665,3,3,0,1,29,0,0,30,38.259
381,24,0,2,0,9.216000325977802,3,3,0,1,29,0,0,30,38.259
381,24,0,3,0,4.095999989658594,3,3,0,1,29,0,0,30,38.259
381,40,0,0,1,9.216000325977802,3,3,0,0,30,0,0,30,1.04
381,40,0,1,1,50.175998359918594,3,3,0,0,30,0,0,30,1.04
381,40,0,2,1,9.216000325977802,3,3,0,0,30,0,0,30,1.04
381,40,0,3,1,5.119999870657921,3,3,0,0,30,0,0,30,1.04
382,2,0,0,0,9.216000325977802,2,2,0,0,20,0,0,20,0.851
382,2,0,1,0,53.247999399900436,2,2,0,0,20,0,0,20,0.851
382,2,0,2,0,9.216000325977802,2,2,0,0,20,0,0,20,0.851
382,2,0,3,0,5.119999870657921,2,2,0,0,20,0,0,20,0.851
382,24,0,0,0,8.191999979317188,2,2,0,0,20,0,0,20,0.529
382,24,0,1,0,54.27199974656105,2,2,0,0,20,0,0,20,0.529
382,24,0,2,0,8.191999979317188,2,2,0,0,20,0,0,20,0.529
382,24,0,3,0,4.095999989658594,2,2,0,0,20,0,0,20,0.529
382,40,0,0,1,9.216000325977802,2,2,0,0,20,0,0,20,0.7
382,40,0,1,1,37.88800165057182,2,2,0,0,20,0,0,20,0.7
382,40,0,2,1,9.216000325977802,2,2,0,0,20,0,0,20,0.7
382,40,0,3,1,4.095999989658594,2,2,0,0,20,0,0,20,0.7
383,2,0,0,0,9.216000325977802,2,2,0,0,20,0,0,20,0.751
383,2,0,1,0,48.128001391887665,2,2,0,0,20,0,0,20,0.751
383,2,0,2,0,9.216000325977802,2,2,0,0,20,0,0,20,0.751
383,2,0,3,0,4.095999989658594,2,2,0,0,20,0,0,20,0.751
383,24,0,0,0,8.191999979317188,2,2,0,0,20,0,0,20,0.94
383,24,0,1,0,47.10400104522705,2,2,0,0,20,0,0,20,0.94
383,24,0,2,0,9.216000325977802,2,2,0,0,20,0,0,20,0.94
383,24,0,3,0,4.095999989658594,2,2,0,0,20,0,0,20,0.94
383,40,0,0,1,8.191999979317188,2,2,0,0,20,0,0,20,0.66
383,40,0,1,1,41.98399931192398,2,2,0,0,20,0,0,20,0.66
383,40,0,2,1,9.216000325977802,2,2,0,0,20,0,0,20,0.66
383,40,0,3,1,4.095999989658594,2,2,0,0,20,0,0,20,0.66
384,2,0,0,0,9.216000325977802,1,1,0,0,10,0,0,10,0.429
384,2,0,1,0,31.74399957060814,1,1,0,0,10,0,0,10,0.429
384,2,0,2,0,8.191999979317188,1,1,0,0,10,0,0,10,0.429
384,2,0,3,0,5.119999870657921,1,1,0,0,10,0,0,10,0.429
384,24,0,0,0,8.191999979317188,1,1,0,0,10,0,0,10,0.31
384,24,0,1,0,31.74399957060814,1,1,0,0,10,0,0,10,0.31
384,24,0,2,0,9.216000325977802,1,1,0,0,10,0,0,10,0.31
384,24,0,3,0,4.095999989658594,1,1,0,0,10,0,0,10,0.31
384,40,0,0,1,9.216000325977802,1,1,0,0,10,0,0,10,0.331
384,40,0,1,1,35.840000957250595,1,1,0,0,10,0,0,10,0.331
384,40,0,2,1,9.216000325977802,1,1,0,0,10,0,0,10,0.331
384,40,0,3,1,5.119999870657921,1,1,0,0,10,0,0,10,0.331
385,2,0,0,0,8.191999979317188,1,1,0,0,10,0,0,10,0.329
385,2,0,1,0,32.76799991726875,1,1,0,0,10,0,0,10,0.329
385,2,0,2,0,8.191999979317188,1,1,0,0,10,0,0,10,0.329
385,2,0,3,0,5.119999870657921,1,1,0,0,10,0,0,10,0.329
385,24,0,0,0,8.191999979317188,1,1,0,0,10,0,0,10,0.3
385,24,0,1,0,31.74399957060814,1,1,0,0,10,0,0,10,0.3
385,24,0,2,0,9.216000325977802,1,1,0,0,10,0,0,10,0.3
385,24,0,3,0,4.095999989658594,1,1,0,0,10,0,0,10,0.3
385,40,0,0,1,9.216000325977802,1,1,0,0,10,0,0,10,0.3
385,40,0,1,1,35.840000957250595,1,1,0,0,10,0,0,10,0.3
385,40,0,2,1,9.216000325977802,1,1,0,0,10,0,0,10,0.3
385,40,0,3,1,4.095999989658594,1,1,0,0,10,0,0,10,0.3
386,2,0,0,0,10.239999741315842,1,1,0,0,10,0,0,10,0.371
386,2,0,1,0,31.74399957060814,1,1,0,0,10,0,0,10,0.371
386,2,0,2,0,8.191999979317188,1,1,0,0,10,0,0,10,0.371
386,2,0,3,0,4.095999989658594,1,1,0,0,10,0,0,10,0.371
386,24,0,0,0,8.191999979317188,1,1,0,0,10,0,0,10,0.3
386,24,0,1,0,31.74399957060814,1,1,0,0,10,0,0,10,0.3
386,24,0,2,0,9.216000325977802,1,1,0,0,10,0,0,10,0.3
386,24,0,3,0,4.095999989658594,1,1,0,0,10,0,0,10,0.3
386,40,0,0,1,9.216000325977802,1,1,0,0,10,0,0,10,0.29
386,40,0,1,1,34.81600061058998,1,1,0,0,10,0,0,10,0.29
386,40,0,2,1,10.239999741315842,1,1,0,0,10,0,0,10,0.29
386,40,0,3,1,4.095999989658594,1,1,0,0,10,0,0,10,0.29
387,2,0,0,0,8.191999979317188,4,4,0,0,40,0,0,40,1.669
387,2,0,1,0,89.08800035715103,4,4,0,0,40,0,0,40,1.669
387,2,0,2,0,9.216000325977802,4,4,0,0,40,0,0,40,1.669
387,2,0,3,0,5.119999870657921,4,4,0,0,40,0,0,40,1.669
387,24,0,0,0,8.191999979317188,4,4,0,0,40,0,0,40,1.48
387,24,0,1,0,75.77600330114365,4,4,0,0,40,0,0,40,1.48
387,24,0,2,0,9.216000325977802,4,4,0,0,40,0,0,40,1.48
387,24,0,3,0,4.095999989658594,4,4,0,0,40,0,0,40,1.48
387,40,0,0,1,9.216000325977802,4,4,0,0,40,0,0,40,1.34
387,40,0,1,1,76.80000364780426,4,4,0,0,40,0,0,40,1.34
387,40,0,2,1,9.216000325977802,4,4,0,0,40,0,0,40,1.34
387,40,0,3,1,4.095999989658594,4,4,0,0,40,0,0,40,1.34
388,2,0,0,0,8.191999979317188,2,2,0,0,20,0,0,20,0.911
388,2,0,1,0,44.03200000524521,2,2,0,0,20,0,0,20,0.911
388,2,0,2,0,9.216000325977802,2,2,0,0,20,0,0,20,0.911
388,2,0,3,0,5.119999870657921,2,2,0,0,20,0,0,20,0.911
388,24,0,0,0,9.216000325977802,2,2,0,0,20,0,0,20,0.66
388,24,0,1,0,50.175998359918594,2,2,0,0,20,0,0,20,0.66
388,24,0,2,0,9.216000325977802,2,2,0,0,20,0,0,20,0.66
388,24,0,3,0,4.095999989658594,2,2,0,0,20,0,0,20,0.66
388,40,0,0,1,9.216000325977802,2,2,0,0,20,0,0,20,0.72
388,40,0,1,1,55.296000093221664,2,2,0,0,20,0,0,20,0.72
388,40,0,2,1,8.191999979317188,2,2,0,0,20,0,0,20,0.72
388,40,0,3,1,4.095999989658594,2,2,0,0,20,0,0,20,0.72
389,2,0,0,0,9.216000325977802,3,3,0,1,29,0,0,30,81.63
389,2,0,1,0,64.51199948787689,3,3,0,1,29,0,0,30,81.63
389,2,0,2,0,9.216000325977802,3,3,0,1,29,0,0,30,81.63
389,2,0,3,0,5.119999870657921,3,3,0,1,29,0,0,30,81.63
389,24,0,0,0,8.191999979317188,3,3,0,0,30,0,0,30,1.07
389,24,0,1,0,52.22399905323982,3,3,0,0,30,0,0,30,1.07
389,24,0,2,0,8.191999979317188,3,3,0,0,30,0,0,30,1.07
389,24,0,3,0,4.095999989658594,3,3,0,0,30,0,0,30,1.07
389,40,0,0,1,9.216000325977802,3,3,0,0,30,0,0,30,0.951
389,40,0,1,1,51.19999870657921,3,3,0,0,30,0,0,30,0.951
389,40,0,2,1,10.239999741315842,3,3,0,0,30,0,0,30,0.951
389,40,0,3,1,4.095999989658594,3,3,0,0,30,0,0,30,0.951
390,2,0,0,0,9.216000325977802,2,2,0,0,20,0,0,20,0.871
390,2,0,1,0,45.05600035190582,2,2,0,0,20,0,0,20,0.871
390,2,0,2,0,9.216000325977802,2,2,0,0,20,0,0,20,0.871
390,2,0,3,0,5.119999870657921,2,2,0,0,20,0,0,20,0.871
390,24,0,0,0,8.191999979317188,2,2,0,0,20,0,0,20,0.7
390,24,0,1,0,53.247999399900436,2,2,0,0,20,0,0,20,0.7
390,24,0,2,0,9.216000325977802,2,2,0,0,20,0,0,20,0.7
390,24,0,3,0,4.095999989658594,2,2,0,0,20,0,0,20,0.7
390,40,0,0,1,10.239999741315842,2,2,0,0,20,0,0,20,0.671
390,40,0,1,1,39.93599861860275,2,2,0,0,20,0,0,20,0.671
390,40,0,2,1,9.216000325977802,2,2,0,0,20,0,0,20,0.671
390,40,0,3,1,4.095999989658594,2,2,0,0,20,0,0,20,0.671
391,2,0,0,0,9.216000325977802,2,2,0,0,20,0,0,20,0.84
391,2,0,1,0,40.95999896526337,2,2,0,0,20,0,0,20,0.84
391,2,0,2,0,9.216000325977802,2,2,0,0,20,0,0,20,0.84
391,2,0,3,0,5.119999870657921,2,2,0,0,20,0,0,20,0.84
391,24,0,0,0,8.191999979317188,2,2,0,0,20,0,0,20,0.68
391,24,0,1,0,46.08000069856644,2,2,0,0,20,0,0,20,0.68
391,24,0,2,0,8.191999979317188,2,2,0,0,20,0,0,20,0.68
391,24,0,3,0,4.095999989658594,2,2,0,0,20,0,0,20,0.68
391,40,0,0,1,9.216000325977802,2,2,0,0,20,0,0,20,0.65
391,40,0,1,1,37.88800165057182,2,2,0,0,20,0,0,20,0.65
391,40,0,2,1,9.216000325977802,2,2,0,0,20,0,0,20,0.65
391,40,0,3,1,4.095999989658594,2,2,0,0,20,0,0,20,0.65
392,2,0,0,0,9.216000325977802,2,2,0,0,20,0,0,20,0.83
392,2,0,1,0,51.19999870657921,2,2,0,0,20,0,0,20,0.83
392,2,0,2,0,9.216000325977802,2,2,0,0,20,0,0,20,0.83
392,2,0,3,0,5.119999870657921,2,2,0,0,20,0,0,20,0.83
392,24,0,0,0,8.191999979317188,2,2,0,0,20,0,0,20,0.629
392,24,0,1,0,54.27199974656105,2,2,0,0,20,0,0,20,0.629
392,24,0,2,0,8.191999979317188,2,2,0,0,20,0,0,20,0.629
392,24,0,3,0,4.095999989658594,2,2,0,0,20,0,0,20,0.629
392,40,0,0,1,9.216000325977802,2,2,0,0,20,0,0,20,0.689
392,40,0,1,1,54.27199974656105,2,2,0,0,20,0,0,20,0.689
392,40,0,2,1,9.216000325977802,2,2,0,0,20,0,0,20,0.689
392,40,0,3,1,4.095999989658594,2,2,0,0,20,0,0,20,0.689
393,2,0,0,0,8.191999979317188,1,1,0,0,10,0,0,10,0.48
393,2,0,1,0,32.76799991726875,1,1,0,0,10,0,0,10,0.48
393,2,0,2,0,9.216000325977802,1,1,0,0,10,0,0,10,0.48
393,2,0,3,0,4.095999989658594,1,1,0,0,10,0,0,10,0.48
393,24,0,0,0,8.191999979317188,1,1,0,0,10,0,0,10,0.27
393,24,0,1,0,31.74399957060814,1,1,0,0,10,0,0,10,0.27
393,24,0,2,0,8.191999979317188,1,1,0,0,10,0,0,10,0.27
393,24,0,3,0,4.095999989658594,1,1,0,0,10,0,0,10,0.27
393,40,0,0,1,9.216000325977802,1,1,0,0,10,0,0,10,0.291
393,40,0,1,1,35.840000957250595,1,1,0,0,10,0,0,10,0.291
393,40,0,2,1,9.216000325977802,1,1,0,0,10,0,0,10,0.291
393,40,0,3,1,4.095999989658594,1,1,0,0,10,0,0,10,0.291
394,2,0,0,0,10.239999741315842,3,3,0,0,30,0,0,30,1.14
394,2,0,1,0,70.65600156784058,3,3,0,0,30,0,0,30,1.14
394,2,0,2,0,8.191999979317188,3,3,0,0,30,0,0,30,1.14
394,2,0,3,0,5.119999870657921,3,3,0,0,30,0,0,30,1.14
394,24,0,0,0,8.191999979317188,3,3,0,0,30,0,0,30,0.98
394,24,0,1,0,52.22399905323982,3,3,0,0,30,0,0,30,0.98
394,24,0,2,0,9.216000325977802,3,3,0,0,30,0,0,30,0.98
394,24,0,3,0,4.095999989658594,3,3,0,0,30,0,0,30,0.98
394,40,0,0,1,10.239999741315842,3,3,0,0,30,0,0,30,1.009
394,40,0,1,1,56.32000043988228,3,3,0,0,30,0,0,30,1.009
394,40,0,2,1,9.216000325977802,3,3,0,0,30,0,0,30,1.009
394,40,0,3,1,4.095999989658594,3,3,0,0,30,0,0,30,1.009
395,2,0,0,0,9.216000325977802,1,1,0,0,10,0,0,10,0.8
395,2,0,1,0,32.76799991726875,1,1,0,0,10,0,0,10,0.8
395,2,0,2,0,8.191999979317188,1,1,0,0,10,0,0,10,0.8
395,2,0,3,0,4.095999989658594,1,1,0,0,10,0,0,10,0.8
395,24,0,0,0,8.191999979317188,1,1,0,0,10,0,0,10,0.6
395,24,0,1,0,31.74399957060814,1,1,0,0,10,0,0,10,0.6
395,24,0,2,0,9.216000325977802,1,1,0,0,10,0,0,10,0.6
395,24,0,3,0,4.095999989658594,1,1,0,0,10,0,0,10,0.6
395,40,0,0,1,9.216000325977802,1,1,0,0,10,0,0,10,0.29
395,40,0,1,1,34.81600061058998,1,1,0,0,10,0,0,10,0.29
395,40,0,2,1,8.191999979317188,1,1,0,0,10,0,0,10,0.29
395,40,0,3,1,4.095999989658594,1,1,0,0,10,0,0,10,0.29
396,2,0,0,0,8.191999979317188,4,4,0,1,39,0,0,40,53.64
396,2,0,1,0,66.56000018119812,4,4,0,1,39,0,0,40,53.64
396,2,0,2,0,9.216000325977802,4,4,0,1,39,0,0,40,53.64
396,2,0,3,0,5.119999870657921,4,4,0,1,39,0,0,40,53.64
396,24,0,0,0,8.191999979317188,4,4,0,0,40,0,0,40,1.49
396,24,0,1,0,69.63200122117996,4,4,0,0,40,0,0,40,1.49
396,24,0,2,0,9.216000325977802,4,4,0,0,40,0,0,40,1.49
396,24,0,3,0,4.095999989658594,4,4,0,0,40,0,0,40,1.49
396,40,0,0,1,8.191999979317188,4,4,0,0,40,0,0,40,1.3
396,40,0,1,1,69.63200122117996,4,4,0,0,40,0,0,40,1.3
396,40,0,2,1,9.216000325977802,4,4,0,0,40,0,0,40,1.3
396,40,0,3,1,4.095999989658594,4,4,0,0,40,0,0,40,1.3
397,2,0,0,0,9.216000325977802,3,3,0,0,30,0,0,30,4.99
397,2,0,1,0,58.36800113320351,3,3,0,0,30,0,0,30,4.99
397,2,0,2,0,8.191999979317188,3,3,0,0,30,0,0,30,4.99
397,2,0,3,0,5.119999870657921,3,3,0,0,30,0,0,30,4.99
397,24,0,0,0,8.191999979317188,3,3,0,0,30,0,0,30,1.36
397,24,0,1,0,57.34400078654289,3,3,0,0,30,0,0,30,1.36
397,24,0,2,0,9.216000325977802,3,3,0,0,30,0,0,30,1.36
397,24,0,3,0,4.095999989658594,3,3,0,0,30,0,0,30,1.36
397,40,0,0,1,9.216000325977802,3,3,0,0,30,0,0,30,1.19
397,40,0,1,1,56.32000043988228,3,3,0,0,30,0,0,30,1.19
397,40,0,2,1,9.216000325977802,3,3,0,0,30,0,0,30,1.19
397,40,0,3,1,4.095999989658594,3,3,0,0,30,0,0,30,1.19
398,2,0,0,0,9.216000325977802,2,2,0,0,20,0,0,20,0.82
398,2,0,1,0,44.03200000524521,2,2,0,0,20,0,0,20,0.82
398,2,0,2,0,9.216000325977802,2,2,0,0,20,0,0,20,0.82
398,2,0,3,0,6.144000217318535,2,2,0,0,20,0,0,20,0.82
398,24,0,0,0,9.216000325977802,2,2,0,0,20,0,0,20,0.649
398,24,0,1,0,45.05600035190582,2,2,0,0,20,0,0,20,0.649
398,24,0,2,0,9.216000325977802,2,2,0,0,20,0,0,20,0.649
398,24,0,3,0,4.095999989658594,2,2,0,0,20,0,0,20,0.649
398,40,0,0,1,9.216000325977802,2,2,0,0,20,0,0,20,0.63
398,40,0,1,1,44.03200000524521,2,2,0,0,20,0,0,20,0.63
398,40,0,2,1,9.216000325977802,2,2,0,0,20,0,0,20,0.63
398,40,0,3,1,5.119999870657921,2,2,0,0,20,0,0,20,0.63
399,2,0,0,0,9.216000325977802,1,1,0,0,10,0,0,10,0.82
399,2,0,1,0,31.74399957060814,1,1,0,0,10,0,0,10,0.82
399,2,0,2,0,9.216000325977802,1,1,0,0,10,0,0,10,0.82
399,2,0,3,0,4.095999989658594,1,1,0,0,10,0,0,10,0.82
399,24,0,0,0,8.191999979317188,1,1,0,0,10,0,0,10,0.9
399,24,0,1,0,31.74399957060814,1,1,0,0,10,0,0,10,0.9
399,24,0,2,0,9.216000325977802,1,1,0,0,10,0,0,10,0.9
399,24,0,3,0,4.095999989658594,1,1,0,0,10,0,0,10,0.9
399,40,0,0,1,8.191999979317188,1,1,0,0,10,0,0,10,0.88
399,40,0,1,1,34.81600061058998,1,1,0,0,10,0,0,10,0.88
399,40,0,2,1,9.216000325977802,1,1,0,0,10,0,0,10,0.88
399,40,0,3,1,4.095999989658594,1,1,0,0,10,0,0,10,0.88
400,2,0,0,0,15.359999611973763,1,1,0,1,9,0,0,10,96.499
400,2,0,1,0,30.719999223947525,1,1,0,1,9,0,0,10,96.499
400,2,0,2,0,8.191999979317188,1,1,0,1,9,0,0,10,96.499
400,2,0,3,0,38.91199827194214,1,1,0,1,9,0,0,10,96.499
400,24,0,0,0,8.191999979317188,1,1,0,0,10,0,0,10,0.35
400,24,0,1,0,31.74399957060814,1,1,0,0,10,0,0,10,0.35
400,24,0,2,0,9.216000325977802,1,1,0,0,10,0,0,10,0.35
400,24,0,3,0,4.095999989658594,1,1,0,0,10,0,0,10,0.35
400,40,0,0,1,8.191999979317188,1,1,0,0,10,0,0,10,0.32
400,40,0,1,1,34.81600061058998,1,1,0,0,10,0,0,10,0.32
400,40,0,2,1,9.216000325977802,1,1,0,0,10,0,0,10,0.32
400,40,0,3,1,4.095999989658594,1,1,0,0,10,0,0,10,0.32
401,2,0,0,0,9.216000325977802,4,4,0,0,40,0,0,40,2.551
401,2,0,1,0,77.82399654388428,4,4,0,0,40,0,0,40,2.551
401,2,0,2,0,9.216000325977802,4,4,0,0,40,0,0,40,2.551
401,2,0,3,0,7.168000098317862,4,4,0,0,40,0,0,40,2.551
401,24,0,0,0,8.191999979317188,4,4,0,0,40,0,0,40,2.16
401,24,0,1,0,70.65600156784058,4,4,0,0,40,0,0,40,2.16
401,24,0,2,0,9.216000325977802,4,4,0,0,40,0,0,40,2.16
401,24,0,3,0,4.095999989658594,4,4,0,0,40,0,0,40,2.16
401,40,0,0,1,14.336000196635723,4,4,0,4,36,0,0,40,160.309
401,40,0,1,1,67.58400052785873,4,4,0,4,36,0,0,40,160.309
401,40,0,2,1,9.216000325977802,4,4,0,4,36,0,0,40,160.309
401,40,0,3,1,64.51199948787689,4,4,0,4,36,0,0,40,160.309
402,2,0,0,0,8.191999979317188,1,1,0,0,10,0,0,10,0.58
402,2,0,1,0,32.76799991726875,1,1,0,0,10,0,0,10,0.58
402,2,0,2,0,9.216000325977802,1,1,0,0,10,0,0,10,0.58
402,2,0,3,0,5.119999870657921,1,1,0,0,10,0,0,10,0.58
402,24,0,0,0,9.216000325977802,1,1,0,0,10,0,0,10,0.59
402,24,0,1,0,31.74399957060814,1,1,0,0,10,0,0,10,0.59
402,24,0,2,0,8.191999979317188,1,1,0,0,10,0,0,10,0.59
402,24,0,3,0,4.095999989658594,1,1,0,0,10,0,0,10,0.59
402,40,0,0,1,8.191999979317188,1,1,0,0,10,0,0,10,0.37
402,40,0,1,1,34.81600061058998,1,1,0,0,10,0,0,10,0.37
402,40,0,2,1,9.216000325977802,1,1,0,0,10,0,0,10,0.37
402,40,0,3,1,4.095999989658594,1,1,0,0,10,0,0,10,0.37
403,2,0,0,0,9.216000325977802,1,1,0,0,10,0,0,10,0.71
403,2,0,1,0,31.74399957060814,1,1,0,0,10,0,0,10,0.71
403,2,0,2,0,9.216000325977802,1,1,0,0,10,0,0,10,0.71
403,2,0,3,0,4.095999989658594,1,1,0,0,10,0,0,10,0.71
403,24,0,0,0,9.216000325977802,1,1,0,0,10,0,0,10,0.47
403,24,0,1,0,31.74399957060814,1,1,0,0,10,0,0,10,0.47
403,24,0,2,0,8.191999979317188,1,1,0,0,10,0,0,10,0.47
403,24,0,3,0,4.095999989658594,1,1,0,0,10,0,0,10,0.47
403,40,0,0,1,8.191999979317188,1,1,0,0,10,0,0,10,0.289
403,40,0,1,1,35.840000957250595,1,1,0,0,10,0,0,10,0.289
403,40,0,2,1,9.216000325977802,1,1,0,0,10,0,0,10,0.289
403,40,0,3,1,4.095999989658594,1,1,0,0,10,0,0,10,0.289
404,2,0,0,0,10.239999741315842,1,1,0,0,10,0,0,10,0.88
404,2,0,1,0,30.719999223947525,1,1,0,0,10,0,0,10,0.88
404,2,0,2,0,8.191999979317188,1,1,0,0,10,0,0,10,0.88
404,2,0,3,0,5.119999870657921,1,1,0,0,10,0,0,10,0.88
404,24,0,0,0,9.216000325977802,1,1,0,1,9,0,0,10,54.31
404,24,0,1,0,30.719999223947525,1,1,0,1,9,0,0,10,54.31
404,24,0,2,0,8.191999979317188,1,1,0,1,9,0,0,10,54.31
404,24,0,3,0,4.095999989658594,1,1,0,1,9,0,0,10,54.31
404,40,0,0,1,8.191999979317188,1,1,0,0,10,0,0,10,0.491
404,40,0,1,1,34.81600061058998,1,1,0,0,10,0,0,10,0.491
404,40,0,2,1,8.191999979317188,1,1,0,0,10,0,0,10,0.491
404,40,0,3,1,4.095999989658594,1,1,0,0,10,0,0,10,0.491
405,2,0,0,0,8.191999979317188,3,3,0,0,30,0,0,30,1.94
405,2,0,1,0,61.43999844789505,3,3,0,0,30,0,0,30,1.94
405,2,0,2,0,8.191999979317188,3,3,0,0,30,0,0,30,1.94
405,2,0,3,0,5.119999870657921,3,3,0,0,30,0,0,30,1.94
405,24,0,0,0,8.191999979317188,3,3,0,0,30,0,0,30,0.96
405,24,0,1,0,57.34400078654289,3,3,0,0,30,0,0,30,0.96
405,24,0,2,0,8.191999979317188,3,3,0,0,30,0,0,30,0.96
405,24,0,3,0,4.095999989658594,3,3,0,0,30,0,0,30,0.96
405,40,0,0,1,9.216000325977802,3,3,0,0,30,0,0,30,1.229
405,40,0,1,1,52.22399905323982,3,3,0,0,30,0,0,30,1.229
405,40,0,2,1,9.216000325977802,3,3,0,0,30,0,0,30,1.229
405,40,0,3,1,4.095999989658594,3,3,0,0,30,0,0,30,1.229
406,2,0,0,0,40.95999896526337,3,3,0,1,29,0,0,30,50.009
406,2,0,1,0,62.463998794555664,3,3,0,1,29,0,0,30,50.009
406,2,0,2,0,9.216000325977802,3,3,0,1,29,0,0,30,50.009
406,2,0,3,0,7.168000098317862,3,3,0,1,29,0,0,30,50.009
406,24,0,0,0,8.191999979317188,3,3,0,0,30,0,0,30,1.69
406,24,0,1,0,62.463998794555664,3,3,0,0,30,0,0,30,1.69
406,24,0,2,0,9.216000325977802,3,3,0,0,30,0,0,30,1.69
406,24,0,3,0,4.095999989658594,3,3,0,0,30,0,0,30,1.69
406,40,0,0,1,18.432000651955605,3,3,0,1,29,0,0,30,64.78
406,40,0,1,1,58.36800113320351,3,3,0,1,29,0,0,30,64.78
406,40,0,2,1,9.216000325977802,3,3,0,1,29,0,0,30,64.78
406,40,0,3,1,4.095999989658594,3,3,0,1,29,0,0,30,64.78
407,2,0,0,0,62.463998794555664,1,1,0,0,10,0,0,10,0.79
407,2,0,1,0,31.74399957060814,1,1,0,0,10,0,0,10,0.79
407,2,0,2,0,8.191999979317188,1,1,0,0,10,0,0,10,0.79
407,2,0,3,0,5.119999870657921,1,1,0,0,10,0,0,10,0.79
407,24,0,0,0,47.10400104522705,1,1,0,0,10,0,0,10,1.0
407,24,0,1,0,32.76799991726875,1,1,0,0,10,0,0,10,1.0
407,24,0,2,0,8.191999979317188,1,1,0,0,10,0,0,10,1.0
407,24,0,3,0,4.095999989658594,1,1,0,0,10,0,0,10,1.0
407,40,0,0,1,37.88800165057182,1,1,0,0,10,0,0,10,0.71
407,40,0,1,1,34.81600061058998,1,1,0,0,10,0,0,10,0.71
407,40,0,2,1,9.216000325977802,1,1,0,0,10,0,0,10,0.71
407,40,0,3,1,4.095999989658594,1,1,0,0,10,0,0,10,0.71
408,2,0,0,0,19.45599913597107,2,2,0,0,20,0,0,20,1.44
408,2,0,1,0,45.05600035190582,2,2,0,0,20,0,0,20,1.44
408,2,0,2,0,9.216000325977802,2,2,0,0,20,0,0,20,1.44
408,2,0,3,0,5.119999870657921,2,2,0,0,20,0,0,20,1.44
408,24,0,0,0,8.191999979317188,2,2,0,0,20,0,0,20,0.66
408,24,0,1,0,53.247999399900436,2,2,0,0,20,0,0,20,0.66
408,24,0,2,0,9.216000325977802,2,2,0,0,20,0,0,20,0.66
408,24,0,3,0,4.095999989658594,2,2,0,0,20,0,0,20,0.66
408,40,0,0,1,8.191999979317188,2,2,0,0,20,0,0,20,0.68
408,40,0,1,1,40.95999896526337,2,2,0,0,20,0,0,20,0.68
408,40,0,2,1,9.216000325977802,2,2,0,0,20,0,0,20,0.68
408,40,0,3,1,4.095999989658594,2,2,0,0,20,0,0,20,0.68
409,2,0,0,0,10.239999741315842,1,1,0,0,10,0,0,10,0.511
409,2,0,1,0,32.76799991726875,1,1,0,0,10,0,0,10,0.511
409,2,0,2,0,8.191999979317188,1,1,0,0,10,0,0,10,0.511
409,2,0,3,0,4.095999989658594,1,1,0,0,10,0,0,10,0.511
409,24,0,0,0,7.168000098317862,1,1,0,0,10,0,0,10,0.28
409,24,0,1,0,31.74399957060814,1,1,0,0,10,0,0,10,0.28
409,24,0,2,0,8.191999979317188,1,1,0,0,10,0,0,10,0.28
409,24,0,3,0,4.095999989658594,1,1,0,0,10,0,0,10,0.28
409,40,0,0,1,9.216000325977802,1,1,0,0,10,0,0,10,0.29
409,40,0,1,1,35.840000957250595,1,1,0,0,10,0,0,10,0.29
409,40,0,2,1,9.216000325977802,1,1,0,0,10,0,0,10,0.29
409,40,0,3,1,4.095999989658594,1,1,0,0,10,0,0,10,0.29
410,2,0,0,0,9.216000325977802,2,2,0,0,20,0,0,20,0.651
410,2,0,1,0,53.247999399900436,2,2,0,0,20,0,0,20,0.651
410,2,0,2,0,8.191999979317188,2,2,0,0,20,0,0,20,0.651
410,2,0,3,0,8.191999979317188,2,2,0,0,20,0,0,20,0.651
410,24,0,0,0,8.191999979317188,2,2,0,1,19,0,0,20,37.99
410,24,0,1,0,51.19999870657921,2,2,0,1,19,0,0,20,37.99
410,24,0,2,0,9.216000325977802,2,2,0,1,19,0,0,20,37.99
410,24,0,3,0,4.095999989658594,2,2,0,1,19,0,0,20,37.99
410,40,0,0,1,10.239999741315842,2,2,0,2,18,0,0,20,66.88
410,40,0,1,1,39.93599861860275,2,2,0,2,18,0,0,20,66.88
410,40,0,2,1,9.216000325977802,2,2,0,2,18,0,0,20,66.88
410,40,0,3,1,4.095999989658594,2,2,0,2,18,0,0,20,66.88
411,2,0,0,0,9.216000325977802,1,1,0,0,10,0,0,10,0.531
411,2,0,1,0,31.74399957060814,1,1,0,0,10,0,0,10,0.531
411,2,0,2,0,9.216000325977802,1,1,0,0,10,0,0,10,0.531
411,2,0,3,0,5.119999870657921,1,1,0,0,10,0,0,10,0.531
411,24,0,0,0,7.168000098317862,1,1,0,0,10,0,0,10,0.651
411,24,0,1,0,30.719999223947525,1,1,0,0,10,0,0,10,0.651
411,24,0,2,0,8.191999979317188,1,1,0,0,10,0,0,10,0.651
411,24,0,3,0,4.095999989658594,1,1,0,0,10,0,0,10,0.651
411,40,0,0,1,9.216000325977802,1,1,0,0,10,0,0,10,0.35
411,40,0,1,1,34.81600061058998,1,1,0,0,10,0,0,10,0.35
411,40,0,2,1,9.216000325977802,1,1,0,0,10,0,0,10,0.35
411,40,0,3,1,4.095999989658594,1,1,0,0,10,0,0,10,0.35
412,2,0,0,0,8.191999979317188,4,4,0,0,40,0,0,40,2.28
412,2,0,1,0,87.0399996638298,4,4,0,0,40,0,0,40,2.28
412,2,0,2,0,9.216000325977802,4,4,0,0,40,0,0,40,2.28
412,2,0,3,0,5.119999870657921,4,4,0,0,40,0,0,40,2.28
412,24,0,0,0,8.191999979317188,4,4,0,0,40,0,0,40,1.52
412,24,0,1,0,71.68000191450119,4,4,0,0,40,0,0,40,1.52
412,24,0,2,0,9.216000325977802,4,4,0,0,40,0,0,40,1.52
412,24,0,3,0,4.095999989658594,4,4,0,0,40,0,0,40,1.52
412,40,0,0,1,15.359999611973763,4,4,0,0,40,0,0,40,1.851
412,40,0,1,1,97.28000313043594,4,4,0,0,40,0,0,40,1.851
412,40,0,2,1,8.191999979317188,4,4,0,0,40,0,0,40,1.851
412,40,0,3,1,4.095999989658594,4,4,0,0,40,0,0,40,1.851
413,2,0,0,0,9.216000325977802,4,4,0,0,40,0,0,40,1.84
413,2,0,1,0,72.7040022611618,4,4,0,0,40,0,0,40,1.84
413,2,0,2,0,9.216000325977802,4,4,0,0,40,0,0,40,1.84
413,2,0,3,0,5.119999870657921,4,4,0,0,40,0,0,40,1.84
413,24,0,0,0,7.168000098317862,4,4,0,0,40,0,0,40,2.02
413,24,0,1,0,65.5359998345375,4,4,0,0,40,0,0,40,2.02
413,24,0,2,0,8.191999979317188,4,4,0,0,40,0,0,40,2.02
413,24,0,3,0,4.095999989658594,4,4,0,0,40,0,0,40,2.02
413,40,0,0,1,14.336000196635723,4,4,0,0,40,0,0,40,2.289
413,40,0,1,1,88.06400001049042,4,4,0,0,40,0,0,40,2.289
413,40,0,2,1,8.191999979317188,4,4,0,0,40,0,0,40,2.289
413,40,0,3,1,4.095999989658594,4,4,0,0,40,0,0,40,2.289
414,2,0,0,0,138.2399946451187,4,4,0,0,40,0,0,40,2.57
414,2,0,1,0,68.60800087451935,4,4,0,0,40,0,0,40,2.57
414,2,0,2,0,9.216000325977802,4,4,0,0,40,0,0,40,2.57
414,2,0,3,0,8.191999979317188,4,4,0,0,40,0,0,40,2.57
414,24,0,0,0,8.191999979317188,4,4,0,0,40,0,0,40,2.311
414,24,0,1,0,64.51199948787689,4,4,0,0,40,0,0,40,2.311
414,24,0,2,0,9.216000325977802,4,4,0,0,40,0,0,40,2.311
414,24,0,3,0,4.095999989658594,4,4,0,0,40,0,0,40,2.311
414,40,0,0,1,8.191999979317188,4,4,0,1,39,0,0,40,80.25
414,40,0,1,1,83.96799862384796,4,4,0,1,39,0,0,40,80.25
414,40,0,2,1,9.216000325977802,4,4,0,1,39,0,0,40,80.25
414,40,0,3,1,5.119999870657921,4,4,0,1,39,0,0,40,80.25
415,2,0,0,0,8.191999979317188,3,3,0,0,30,0,0,30,1.74
415,2,0,1,0,64.51199948787689,3,3,0,0,30,0,0,30,1.74
415,2,0,2,0,9.216000325977802,3,3,0,0,30,0,0,30,1.74
415,2,0,3,0,5.119999870657921,3,3,0,0,30,0,0,30,1.74
415,24,0,0,0,8.191999979317188,3,3,0,0,30,0,0,30,1.1
415,24,0,1,0,56.32000043988228,3,3,0,0,30,0,0,30,1.1
415,24,0,2,0,9.216000325977802,3,3,0,0,30,0,0,30,1.1
415,24,0,3,0,4.095999989658594,3,3,0,0,30,0,0,30,1.1
415,40,0,0,1,9.216000325977802,3,3,0,0,30,0,0,30,1.3
415,40,0,1,1,63.48799914121628,3,3,0,0,30,0,0,30,1.3
415,40,0,2,1,9.216000325977802,3,3,0,0,30,0,0,30,1.3
415,40,0,3,1,4.095999989658594,3,3,0,0,30,0,0,30,1.3
416,2,0,0,0,9.216000325977802,4,4,0,3,37,0,0,40,133.449
416,2,0,1,0,82.94399827718735,4,4,0,3,37,0,0,40,133.449
416,2,0,2,0,9.216000325977802,4,4,0,3,37,0,0,40,133.449
416,2,0,3,0,28.672000393271446,4,4,0,3,37,0,0,40,133.449
416,24,0,0,0,8.191999979317188,4,4,0,0,40,0,0,40,1.9
416,24,0,1,0,72.7040022611618,4,4,0,0,40,0,0,40,1.9
416,24,0,2,0,9.216000325977802,4,4,0,0,40,0,0,40,1.9
416,24,0,3,0,4.095999989658594,4,4,0,0,40,0,0,40,1.9
416,40,0,0,1,9.216000325977802,4,4,0,0,40,0,0,40,1.671
416,40,0,1,1,99.32799637317657,4,4,0,0,40,0,0,40,1.671
416,40,0,2,1,9.216000325977802,4,4,0,0,40,0,0,40,1.671
416,40,0,3,1,4.095999989658594,4,4,0,0,40,0,0,40,1.671
417,2,0,0,0,8.191999979317188,4,4,0,1,39,0,0,40,131.78
417,2,0,1,0,81.91999793052673,4,4,0,1,39,0,0,40,131.78
417,2,0,2,0,8.191999979317188,4,4,0,1,39,0,0,40,131.78
417,2,0,3,0,29.69600073993206,4,4,0,1,39,0,0,40,131.78
417,24,0,0,0,8.191999979317188,4,4,0,0,40,0,0,40,2.0
417,24,0,1,0,65.5359998345375,4,4,0,0,40,0,0,40,2.0
417,24,0,2,0,9.216000325977802,4,4,0,0,40,0,0,40,2.0
417,24,0,3,0,5.119999870657921,4,4,0,0,40,0,0,40,2.0
417,40,0,0,1,10.239999741315842,4,4,0,0,40,0,0,40,1.87
417,40,0,1,1,76.80000364780426,4,4,0,0,40,0,0,40,1.87
417,40,0,2,1,8.191999979317188,4,4,0,0,40,0,0,40,1.87
417,40,0,3,1,4.095999989658594,4,4,0,0,40,0,0,40,1.87
418,2,0,0,0,11.264000087976456,1,1,0,0,10,0,0,10,0.52
418,2,0,1,0,31.74399957060814,1,1,0,0,10,0,0,10,0.52
418,2,0,2,0,9.216000325977802,1,1,0,0,10,0,0,10,0.52
418,2,0,3,0,5.119999870657921,1,1,0,0,10,0,0,10,0.52
418,24,0,0,0,9.216000325977802,1,1,0,0,10,0,0,10,0.7
418,24,0,1,0,31.74399957060814,1,1,0,0,10,0,0,10,0.7
418,24,0,2,0,8.191999979317188,1,1,0,0,10,0,0,10,0.7
418,24,0,3,0,4.095999989658594,1,1,0,0,10,0,0,10,0.7
418,40,0,0,1,9.216000325977802,1,1,0,0,10,0,0,10,0.88
418,40,0,1,1,34.81600061058998,1,1,0,0,10,0,0,10,0.88
418,40,0,2,1,9.216000325977802,1,1,0,0,10,0,0,10,0.88
418,40,0,3,1,4.095999989658594,1,1,0,0,10,0,0,10,0.88
419,2,0,0,0,9.216000325977802,1,1,0,0,10,0,0,10,0.78
419,2,0,1,0,31.74399957060814,1,1,0,0,10,0,0,10,0.78
419,2,0,2,0,8.191999979317188,1,1,0,0,10,0,0,10,0.78
419,2,0,3,0,5.119999870657921,1,1,0,0,10,0,0,10,0.78
419,24,0,0,0,8.191999979317188,1,1,0,0,10,0,0,10,0.36
419,24,0,1,0,31.74399957060814,1,1,0,0,10,0,0,10,0.36
419,24,0,2,0,8.191999979317188,1,1,0,0,10,0,0,10,0.36
419,24,0,3,0,4.095999989658594,1,1,0,0,10,0,0,10,0.36
419,40,0,0,1,11.264000087976456,1,1,0,0,10,0,0,10,0.42
419,40,0,1,1,34.81600061058998,1,1,0,0,10,0,0,10,0.42
419,40,0,2,1,9.216000325977802,1,1,0,0,10,0,0,10,0.42
419,40,0,3,1,4.095999989658594,1,1,0,0,10,0,0,10,0.42
420,2,0,0,0,9.216000325977802,3,3,0,0,30,0,0,30,1.749
420,2,0,1,0,57.34400078654289,3,3,0,0,30,0,0,30,1.749
420,2,0,2,0,9.216000325977802,3,3,0,0,30,0,0,30,1.749
420,2,0,3,0,5.119999870657921,3,3,0,0,30,0,0,30,1.749
420,24,0,0,0,8.191999979317188,3,3,0,0,30,0,0,30,1.38
420,24,0,1,0,47.10400104522705,3,3,0,0,30,0,0,30,1.38
420,24,0,2,0,9.216000325977802,3,3,0,0,30,0,0,30,1.38
420,24,0,3,0,4.095999989658594,3,3,0,0,30,0,0,30,1.38
420,40,0,0,1,9.216000325977802,3,3,0,0,30,0,0,30,1.24
420,40,0,1,1,52.22399905323982,3,3,0,0,30,0,0,30,1.24
420,40,0,2,1,9.216000325977802,3,3,0,0,30,0,0,30,1.24
420,40,0,3,1,5.119999870657921,3,3,0,0,30,0,0,30,1.24
421,2,0,0,0,8.191999979317188,1,1,0,0,10,0,0,10,0.76
421,2,0,1,0,32.76799991726875,1,1,0,0,10,0,0,10,0.76
421,2,0,2,0,9.216000325977802,1,1,0,0,10,0,0,10,0.76
421,2,0,3,0,4.095999989658594,1,1,0,0,10,0,0,10,0.76
421,24,0,0,0,8.191999979317188,1,1,0,0,10,0,0,10,0.529
421,24,0,1,0,31.74399957060814,1,1,0,0,10,0,0,10,0.529
421,24,0,2,0,9.216000325977802,1,1,0,0,10,0,0,10,0.529
421,24,0,3,0,4.095999989658594,1,1,0,0,10,0,0,10,0.529
421,40,0,0,1,9.216000325977802,1,1,0,0,10,0,0,10,0.369
421,40,0,1,1,35.840000957250595,1,1,0,0,10,0,0,10,0.369
421,40,0,2,1,9.216000325977802,1,1,0,0,10,0,0,10,0.369
421,40,0,3,1,3.0720001086592674,1,1,0,0,10,0,0,10,0.369
422,2,0,0,0,58.36800113320351,4,4,0,0,40,0,0,40,2.68
422,2,0,1,0,68.60800087451935,4,4,0,0,40,0,0,40,2.68
422,2,0,2,0,9.216000325977802,4,4,0,0,40,0,0,40,2.68
422,2,0,3,0,5.119999870657921,4,4,0,0,40,0,0,40,2.68
422,24,0,0,0,16.383999958634377,4,4,0,1,39,0,0,40,66.999
422,24,0,1,0,55.296000093221664,4,4,0,1,39,0,0,40,66.999
422,24,0,2,0,9.216000325977802,4,4,0,1,39,0,0,40,66.999
422,24,0,3,0,4.095999989658594,4,4,0,1,39,0,0,40,66.999
422,40,0,0,1,69.63200122117996,4,4,0,0,40,0,0,40,2.411
422,40,0,1,1,75.77600330114365,4,4,0,0,40,0,0,40,2.411
422,40,0,2,1,9.216000325977802,4,4,0,0,40,0,0,40,2.411
422,40,0,3,1,5.119999870657921,4,4,0,0,40,0,0,40,2.411
423,2,0,0,0,8.191999979317188,4,4,0,1,39,0,0,40,54.44
423,2,0,1,0,74.75200295448303,4,4,0,1,39,0,0,40,54.44
423,2,0,2,0,8.191999979317188,4,4,0,1,39,0,0,40,54.44
423,2,0,3,0,5.119999870657921,4,4,0,1,39,0,0,40,54.44
423,24,0,0,0,45.05600035190582,4,4,0,0,40,0,0,40,2.22
423,24,0,1,0,73.72800260782242,4,4,0,0,40,0,0,40,2.22
423,24,0,2,0,8.191999979317188,4,4,0,0,40,0,0,40,2.22
423,24,0,3,0,4.095999989658594,4,4,0,0,40,0,0,40,2.22
423,40,0,0,1,146.43199741840363,4,4,0,1,39,0,0,40,58.151
423,40,0,1,1,80.89599758386612,4,4,0,1,39,0,0,40,58.151
423,40,0,2,1,8.191999979317188,4,4,0,1,39,0,0,40,58.151
423,40,0,3,1,4.095999989658594,4,4,0,1,39,0,0,40,58.151
424,2,0,0,0,178.17600071430206,1,1,0,0,10,0,0,10,1.05
424,2,0,1,0,32.76799991726875,1,1,0,0,10,0,0,10,1.05
424,2,0,2,0,9.216000325977802,1,1,0,0,10,0,0,10,1.05
424,2,0,3,0,5.119999870657921,1,1,0,0,10,0,0,10,1.05
424,24,0,0,0,8.191999979317188,1,1,0,0,10,0,0,10,0.77
424,24,0,1,0,31.74399957060814,1,1,0,0,10,0,0,10,0.77
424,24,0,2,0,8.191999979317188,1,1,0,0,10,0,0,10,0.77
424,24,0,3,0,5.119999870657921,1,1,0,0,10,0,0,10,0.77
424,40,0,0,1,8.191999979317188,1,1,0,0,10,0,0,10,0.58
424,40,0,1,1,34.81600061058998,1,1,0,0,10,0,0,10,0.58
424,40,0,2,1,9.216000325977802,1,1,0,0,10,0,0,10,0.58
424,40,0,3,1,4.095999989658594,1,1,0,0,10,0,0,10,0.58
425,2,0,0,0,58.36800113320351,4,4,0,0,40,0,0,40,3.149
425,2,0,1,0,82.94399827718735,4,4,0,0,40,0,0,40,3.149
425,2,0,2,0,9.216000325977802,4,4,0,0,40,0,0,40,3.149
425,2,0,3,0,5.119999870657921,4,4,0,0,40,0,0,40,3.149
425,24,0,0,0,32.76799991726875,4,4,0,0,40,0,0,40,2.0
425,24,0,1,0,59.39200147986412,4,4,0,0,40,0,0,40,2.0
425,24,0,2,0,9.216000325977802,4,4,0,0,40,0,0,40,2.0
425,24,0,3,0,3.0720001086592674,4,4,0,0,40,0,0,40,2.0
425,40,0,0,1,108.5439994931221,4,4,0,0,40,0,0,40,1.829
425,40,0,1,1,54.27199974656105,4,4,0,0,40,0,0,40,1.829
425,40,0,2,1,8.191999979317188,4,4,0,0,40,0,0,40,1.829
425,40,0,3,1,4.095999989658594,4,4,0,0,40,0,0,40,1.829
426,2,0,0,0,9.216000325977802,4,4,0,0,40,0,0,40,2.24
426,2,0,1,0,77.82399654388428,4,4,0,0,40,0,0,40,2.24
426,2,0,2,0,9.216000325977802,4,4,0,0,40,0,0,40,2.24
426,2,0,3,0,5.119999870657921,4,4,0,0,40,0,0,40,2.24
426,24,0,0,0,8.191999979317188,4,4,0,0,40,0,0,40,2.3
426,24,0,1,0,65.5359998345375,4,4,0,0,40,0,0,40,2.3
426,24,0,2,0,9.216000325977802,4,4,0,0,40,0,0,40,2.3
426,24,0,3,0,4.095999989658594,4,4,0,0,40,0,0,40,2.3
426,40,0,0,1,8.191999979317188,4,4,0,0,40,0,0,40,2.2
426,40,0,1,1,73.72800260782242,4,4,0,0,40,0,0,40,2.2
426,40,0,2,1,9.216000325977802,4,4,0,0,40,0,0,40,2.2
426,40,0,3,1,4.095999989658594,4,4,0,0,40,0,0,40,2.2
427,2,0,0,0,8.191999979317188,4,4,0,0,40,0,0,40,2.45
427,2,0,1,0,86.01599931716919,4,4,0,0,40,0,0,40,2.45
427,2,0,2,0,8.191999979317188,4,4,0,0,40,0,0,40,2.45
427,2,0,3,0,5.119999870657921,4,4,0,0,40,0,0,40,2.45
427,24,0,0,0,8.191999979317188,4,4,0,1,39,0,0,40,53.27
427,24,0,1,0,75.77600330114365,4,4,0,1,39,0,0,40,53.27
427,24,0,2,0,9.216000325977802,4,4,0,1,39,0,0,40,53.27
427,24,0,3,0,5.119999870657921,4,4,0,1,39,0,0,40,53.27
427,40,0,0,1,9.216000325977802,4,4,0,0,40,0,0,40,1.99
427,40,0,1,1,75.77600330114365,4,4,0,0,40,0,0,40,1.99
427,40,0,2,1,9.216000325977802,4,4,0,0,40,0,0,40,1.99
427,40,0,3,1,5.119999870657921,4,4,0,0,40,0,0,40,1.99
428,2,0,0,0,8.191999979317188,4,4,0,0,40,0,0,40,2.53
428,2,0,1,0,61.43999844789505,4,4,0,0,40,0,0,40,2.53
428,2,0,2,0,9.216000325977802,4,4,0,0,40,0,0,40,2.53
428,2,0,3,0,5.119999870657921,4,4,0,0,40,0,0,40,2.53
428,24,0,0,0,8.191999979317188,4,4,0,0,40,0,0,40,2.08
428,24,0,1,0,70.65600156784058,4,4,0,0,40,0,0,40,2.08
428,24,0,2,0,9.216000325977802,4,4,0,0,40,0,0,40,2.08
428,24,0,3,0,4.095999989658594,4,4,0,0,40,0,0,40,2.08
428,40,0,0,1,8.191999979317188,4,4,0,0,40,0,0,40,2.05
428,40,0,1,1,89.08800035715103,4,4,0,0,40,0,0,40,2.05
428,40,0,2,1,9.216000325977802,4,4,0,0,40,0,0,40,2.05
428,40,0,3,1,4.095999989658594,4,4,0,0,40,0,0,40,2.05
429,2,0,0,0,15.359999611973763,4,4,0,0,40,0,0,40,2.58
429,2,0,1,0,77.82399654388428,4,4,0,0,40,0,0,40,2.58
429,2,0,2,0,9.216000325977802,4,4,0,0,40,0,0,40,2.58
429,2,0,3,0,5.119999870657921,4,4,0,0,40,0,0,40,2.58
429,24,0,0,0,7.168000098317862,4,4,0,0,40,0,0,40,1.98
429,24,0,1,0,63.48799914121628,4,4,0,0,40,0,0,40,1.98
429,24,0,2,0,8.191999979317188,4,4,0,0,40,0,0,40,1.98
429,24,0,3,0,5.119999870657921,4,4,0,0,40,0,0,40,1.98
429,40,0,0,1,8.191999979317188,4,4,0,1,39,0,0,40,57.94
429,40,0,1,1,67.58400052785873,4,4,0,1,39,0,0,40,57.94
429,40,0,2,1,9.216000325977802,4,4,0,1,39,0,0,40,57.94
429,40,0,3,1,4.095999989658594,4,4,0,1,39,0,0,40,57.94
430,2,0,0,0,15.359999611973763,4,4,0,0,40,0,0,40,2.671
430,2,0,1,0,89.08800035715103,4,4,0,0,40,0,0,40,2.671
430,2,0,2,0,9.216000325977802,4,4,0,0,40,0,0,40,2.671
430,2,0,3,0,5.119999870657921,4,4,0,0,40,0,0,40,2.671
430,24,0,0,0,8.191999979317188,4,4,0,2,38,0,0,40,79.88
430,24,0,1,0,80.89599758386612,4,4,0,2,38,0,0,40,79.88
430,24,0,2,0,9.216000325977802,4,4,0,2,38,0,0,40,79.88
430,24,0,3,0,5.119999870657921,4,4,0,2,38,0,0,40,79.88
430,40,0,0,1,8.191999979317188,4,4,0,3,37,0,0,40,115.72
430,40,0,1,1,63.48799914121628,4,4,0,3,37,0,0,40,115.72
430,40,0,2,1,9.216000325977802,4,4,0,3,37,0,0,40,115.72
430,40,0,3,1,29.69600073993206,4,4,0,3,37,0,0,40,115.72
431,2,0,0,0,9.216000325977802,4,4,0,0,40,0,0,40,3.071
431,2,0,1,0,73.72800260782242,4,4,0,0,40,0,0,40,3.071
431,2,0,2,0,8.191999979317188,4,4,0,0,40,0,0,40,3.071
431,2,0,3,0,5.119999870657921,4,4,0,0,40,0,0,40,3.071
431,24,0,0,0,8.191999979317188,4,4,0,0,40,0,0,40,2.65
431,24,0,1,0,81.91999793052673,4,4,0,0,40,0,0,40,2.65
431,24,0,2,0,9.216000325977802,4,4,0,0,40,0,0,40,2.65
431,24,0,3,0,4.095999989658594,4,4,0,0,40,0,0,40,2.65
431,40,0,0,1,9.216000325977802,4,4,0,2,38,0,0,40,106.89
431,40,0,1,1,74.75200295448303,4,4,0,2,38,0,0,40,106.89
431,40,0,2,1,9.216000325977802,4,4,0,2,38,0,0,40,106.89
431,40,0,3,1,12.28800043463707,4,4,0,2,38,0,0,40,106.89
432,2,0,0,0,9.216000325977802,4,4,0,0,40,0,0,40,3.28
432,2,0,1,0,74.75200295448303,4,4,0,0,40,0,0,40,3.28
432,2,0,2,0,9.216000325977802,4,4,0,0,40,0,0,40,3.28
432,2,0,3,0,5.119999870657921,4,4,0,0,40,0,0,40,3.28
432,24,0,0,0,8.191999979317188,4,4,0,2,38,0,0,40,88.24
432,24,0,1,0,82.94399827718735,4,4,0,2,38,0,0,40,88.24
432,24,0,2,0,9.216000325977802,4,4,0,2,38,0,0,40,88.24
432,24,0,3,0,4.095999989658594,4,4,0,2,38,0,0,40,88.24
432,40,0,0,1,9.216000325977802,4,4,0,2,38,0,0,40,140.999
432,40,0,1,1,88.06400001049042,4,4,0,2,38,0,0,40,140.999
432,40,0,2,1,24.57600086927414,4,4,0,2,38,0,0,40,140.999
432,40,0,3,1,14.336000196635723,4,4,0,2,38,0,0,40,140.999
433,2,0,0,0,8.191999979317188,4,4,0,0,40,0,0,40,2.87
433,2,0,1,0,77.82399654388428,4,4,0,0,40,0,0,40,2.87
433,2,0,2,0,9.216000325977802,4,4,0,0,40,0,0,40,2.87
433,2,0,3,0,6.144000217318535,4,4,0,0,40,0,0,40,2.87
433,24,0,0,0,7.168000098317862,4,4,0,0,40,0,0,40,3.42
433,24,0,1,0,92.16000139713287,4,4,0,0,40,0,0,40,3.42
433,24,0,2,0,9.216000325977802,4,4,0,0,40,0,0,40,3.42
433,24,0,3,0,4.095999989658594,4,4,0,0,40,0,0,40,3.42
433,40,0,0,1,15.359999611973763,4,4,0,1,39,0,0,40,60.469
433,40,0,1,1,81.91999793052673,4,4,0,1,39,0,0,40,60.469
433,40,0,2,1,9.216000325977802,4,4,0,1,39,0,0,40,60.469
433,40,0,3,1,4.095999989658594,4,4,0,1,39,0,0,40,60.469
434,2,0,0,0,9.216000325977802,4,4,0,1,39,0,0,40,82.409
434,2,0,1,0,87.0399996638298,4,4,0,1,39,0,0,40,82.409
434,2,0,2,0,9.216000325977802,4,4,0,1,39,0,0,40,82.409
434,2,0,3,0,5.119999870657921,4,4,0,1,39,0,0,40,82.409
434,24,0,0,0,8.191999979317188,4,4,0,2,38,0,0,40,56.96
434,24,0,1,0,74.75200295448303,4,4,0,2,38,0,0,40,56.96
434,24,0,2,0,8.191999979317188,4,4,0,2,38,0,0,40,56.96
434,24,0,3,0,4.095999989658594,4,4,0,2,38,0,0,40,56.96
434,40,0,0,1,8.191999979317188,4,4,0,0,40,0,0,40,2.5
434,40,0,1,1,65.5359998345375,4,4,0,0,40,0,0,40,2.5
434,40,0,2,1,9.216000325977802,4,4,0,0,40,0,0,40,2.5
434,40,0,3,1,4.095999989658594,4,4,0,0,40,0,0,40,2.5
435,2,0,0,0,8.191999979317188,4,4,0,0,40,0,0,40,3.24
435,2,0,1,0,82.94399827718735,4,4,0,0,40,0,0,40,3.24
435,2,0,2,0,9.216000325977802,4,4,0,0,40,0,0,40,3.24
435,2,0,3,0,5.119999870657921,4,4,0,0,40,0,0,40,3.24
435,24,0,0,0,8.191999979317188,4,4,0,0,40,0,0,40,3.27
435,24,0,1,0,69.63200122117996,4,4,0,0,40,0,0,40,3.27
435,24,0,2,0,9.216000325977802,4,4,0,0,40,0,0,40,3.27
435,24,0,3,0,4.095999989658594,4,4,0,0,40,0,0,40,3.27
435,40,0,0,1,8.191999979317188,4,4,0,0,40,0,0,40,2.4
435,40,0,1,1,63.48799914121628,4,4,0,0,40,0,0,40,2.4
435,40,0,2,1,9.216000325977802,4,4,0,0,40,0,0,40,2.4
435,40,0,3,1,4.095999989658594,4,4,0,0,40,0,0,40,2.4
436,2,0,0,0,8.191999979317188,4,4,0,0,40,0,0,40,3.56
436,2,0,1,0,75.77600330114365,4,4,0,0,40,0,0,40,3.56
436,2,0,2,0,9.216000325977802,4,4,0,0,40,0,0,40,3.56
436,2,0,3,0,5.119999870657921,4,4,0,0,40,0,0,40,3.56
436,24,0,0,0,8.191999979317188,4,4,0,2,38,0,0,40,88.671
436,24,0,1,0,79.8719972372055,4,4,0,2,38,0,0,40,88.671
436,24,0,2,0,9.216000325977802,4,4,0,2,38,0,0,40,88.671
436,24,0,3,0,4.095999989658594,4,4,0,2,38,0,0,40,88.671
436,40,0,0,1,14.336000196635723,4,4,0,2,38,0,0,40,113.38
436,40,0,1,1,97.28000313043594,4,4,0,2,38,0,0,40,113.38
436,40,0,2,1,8.191999979317188,4,4,0,2,38,0,0,40,113.38
436,40,0,3,1,4.095999989658594,4,4,0,2,38,0,0,40,113.38
437,2,0,0,0,9.216000325977802,4,4,0,0,40,0,0,40,3.34
437,2,0,1,0,88.06400001049042,4,4,0,0,40,0,0,40,3.34
437,2,0,2,0,9.216000325977802,4,4,0,0,40,0,0,40,3.34
437,2,0,3,0,5.119999870657921,4,4,0,0,40,0,0,40,3.34
437,24,0,0,0,8.191999979317188,4,4,0,3,37,0,0,40,133.23
437,24,0,1,0,82.94399827718735,4,4,0,3,37,0,0,40,133.23
437,24,0,2,0,9.216000325977802,4,4,0,3,37,0,0,40,133.23
437,24,0,3,0,26.623999699950218,4,4,0,3,37,0,0,40,133.23
437,40,0,0,1,8.191999979317188,4,4,0,0,40,0,0,40,2.649
437,40,0,1,1,87.0399996638298,4,4,0,0,40,0,0,40,2.649
437,40,0,2,1,9.216000325977802,4,4,0,0,40,0,0,40,2.649
437,40,0,3,1,4.095999989658594,4,4,0,0,40,0,0,40,2.649
438,2,0,0,0,9.216000325977802,4,4,0,0,40,0,0,40,3.671
438,2,0,1,0,91.13600105047226,4,4,0,0,40,0,0,40,3.671
438,2,0,2,0,9.216000325977802,4,4,0,0,40,0,0,40,3.671
438,2,0,3,0,5.119999870657921,4,4,0,0,40,0,0,40,3.671
438,24,0,0,0,8.191999979317188,4,4,0,6,33,1,0,40,367.859
438,24,0,1,0,69.63200122117996,4,4,0,6,33,1,0,40,367.859
438,24,0,2,0,167.93599724769592,4,4,0,6,33,1,0,40,367.859
438,24,0,3,0,117.76000261306763,4,4,0,6,33,1,0,40,367.859
438,40,0,0,1,8.191999979317188,4,4,0,0,40,0,0,40,2.751
438,40,0,1,1,67.58400052785873,4,4,0,0,40,0,0,40,2.751
438,40,0,2,1,8.191999979317188,4,4,0,0,40,0,0,40,2.751
438,40,0,3,1,4.095999989658594,4,4,0,0,40,0,0,40,2.751
439,2,0,0,0,9.216000325977802,4,4,0,0,40,0,0,40,3.751
439,2,0,1,0,82.94399827718735,4,4,0,0,40,0,0,40,3.751
439,2,0,2,0,8.191999979317188,4,4,0,0,40,0,0,40,3.751
439,2,0,3,0,5.119999870657921,4,4,0,0,40,0,0,40,3.751
439,24,0,0,0,8.191999979317188,4,4,0,3,37,0,0,40,90.159
439,24,0,1,0,72.7040022611618,4,4,0,3,37,0,0,40,90.159
439,24,0,2,0,9.216000325977802,4,4,0,3,37,0,0,40,90.159
439,24,0,3,0,4.095999989658594,4,4,0,3,37,0,0,40,90.159
439,40,0,0,1,9.216000325977802,4,4,0,0,40,0,0,40,3.569
439,40,0,1,1,93.18400174379349,4,4,0,0,40,0,0,40,3.569
439,40,0,2,1,9.216000325977802,4,4,0,0,40,0,0,40,3.569
439,40,0,3,1,4.095999989658594,4,4,0,0,40,0,0,40,3.569
440,2,0,0,0,9.216000325977802,4,4,0,0,40,0,0,40,2.571
440,2,0,1,0,79.8719972372055,4,4,0,0,40,0,0,40,2.571
440,2,0,2,0,9.216000325977802,4,4,0,0,40,0,0,40,2.571
440,2,0,3,0,5.119999870657921,4,4,0,0,40,0,0,40,2.571
440,24,0,0,0,8.191999979317188,4,4,0,6,33,1,0,40,332.459
440,24,0,1,0,64.51199948787689,4,4,0,6,33,1,0,40,332.459
440,24,0,2,0,163.83999586105347,4,4,0,6,33,1,0,40,332.459
440,24,0,3,0,94.2080020904541,4,4,0,6,33,1,0,40,332.459
440,40,0,0,1,9.216000325977802,4,4,0,1,39,0,0,40,69.571
440,40,0,1,1,86.01599931716919,4,4,0,1,39,0,0,40,69.571
440,40,0,2,1,9.216000325977802,4,4,0,1,39,0,0,40,69.571
440,40,0,3,1,4.095999989658594,4,4,0,1,39,0,0,40,69.571
441,2,0,0,0,8.191999979317188,4,4,0,0,40,0,0,40,3.231
441,2,0,1,0,88.06400001049042,4,4,0,0,40,0,0,40,3.231
441,2,0,2,0,9.216000325977802,4,4,0,0,40,0,0,40,3.231
441,2,0,3,0,5.119999870657921,4,4,0,0,40,0,0,40,3.231
441,24,0,0,0,9.216000325977802,4,4,0,0,40,0,0,40,2.99
441,24,0,1,0,86.01599931716919,4,4,0,0,40,0,0,40,2.99
441,24,0,2,0,9.216000325977802,4,4,0,0,40,0,0,40,2.99
441,24,0,3,0,4.095999989658594,4,4,0,0,40,0,0,40,2.99
441,40,0,0,1,9.216000325977802,4,4,0,0,40,0,0,40,2.26
441,40,0,1,1,71.68000191450119,4,4,0,0,40,0,0,40,2.26
441,40,0,2,1,8.191999979317188,4,4,0,0,40,0,0,40,2.26
441,40,0,3,1,4.095999989658594,4,4,0,0,40,0,0,40,2.26
442,2,0,0,0,9.216000325977802,4,4,0,2,38,0,0,40,96.069
442,2,0,1,0,84.99199897050858,4,4,0,2,38,0,0,40,96.069
442,2,0,2,0,8.191999979317188,4,4,0,2,38,0,0,40,96.069
442,2,0,3,0,5.119999870657921,4,4,0,2,38,0,0,40,96.069
442,24,0,0,0,8.191999979317188,4,4,0,3,36,1,0,40,129.429
442,24,0,1,0,82.94399827718735,4,4,0,3,36,1,0,40,129.429
442,24,0,2,0,164.86400365829468,4,4,0,3,36,1,0,40,129.429
442,24,0,3,0,4.095999989658594,4,4,0,3,36,1,0,40,129.429
442,40,0,0,1,8.191999979317188,4,4,0,0,40,0,0,40,2.46
442,40,0,1,1,63.48799914121628,4,4,0,0,40,0,0,40,2.46
442,40,0,2,1,9.216000325977802,4,4,0,0,40,0,0,40,2.46
442,40,0,3,1,4.095999989658594,4,4,0,0,40,0,0,40,2.46
443,2,0,0,0,8.191999979317188,4,4,0,3,37,0,0,40,90.529
443,2,0,1,0,82.94399827718735,4,4,0,3,37,0,0,40,90.529
443,2,0,2,0,9.216000325977802,4,4,0,3,37,0,0,40,90.529
443,2,0,3,0,7.168000098317862,4,4,0,3,37,0,0,40,90.529
443,24,0,0,0,8.191999979317188,4,4,0,1,39,0,0,40,48.78
443,24,0,1,0,91.13600105047226,4,4,0,1,39,0,0,40,48.78
443,24,0,2,0,9.216000325977802,4,4,0,1,39,0,0,40,48.78
443,24,0,3,0,4.095999989658594,4,4,0,1,39,0,0,40,48.78
443,40,0,0,1,8.191999979317188,4,4,0,1,39,0,0,40,62.8
443,40,0,1,1,86.01599931716919,4,4,0,1,39,0,0,40,62.8
443,40,0,2,1,8.191999979317188,4,4,0,1,39,0,0,40,62.8
443,40,0,3,1,5.119999870657921,4,4,0,1,39,0,0,40,62.8
444,2,0,0,0,8.191999979317188,4,4,0,2,38,0,0,40,64.35
444,2,0,1,0,84.99199897050858,4,4,0,2,38,0,0,40,64.35
444,2,0,2,0,8.191999979317188,4,4,0,2,38,0,0,40,64.35
444,2,0,3,0,5.119999870657921,4,4,0,2,38,0,0,40,64.35
444,24,0,0,0,8.191999979317188,4,4,0,1,39,0,0,40,56.87
444,24,0,1,0,95.23200243711472,4,4,0,1,39,0,0,40,56.87
444,24,0,2,0,9.216000325977802,4,4,0,1,39,0,0,40,56.87
444,24,0,3,0,4.095999989658594,4,4,0,1,39,0,0,40,56.87
444,40,0,0,1,7.168000098317862,4,4,0,0,40,0,0,40,3.18
444,40,0,1,1,98.30400347709656,4,4,0,0,40,0,0,40,3.18
444,40,0,2,1,9.216000325977802,4,4,0,0,40,0,0,40,3.18
444,40,0,3,1,4.095999989658594,4,4,0,0,40,0,0,40,3.18
445,2,0,0,0,14.336000196635723,4,4,0,0,40,0,0,40,2.57
445,2,0,1,0,88.06400001049042,4,4,0,0,40,0,0,40,2.57
445,2,0,2,0,9.216000325977802,4,4,0,0,40,0,0,40,2.57
445,2,0,3,0,5.119999870657921,4,4,0,0,40,0,0,40,2.57
445,24,0,0,0,8.191999979317188,4,4,0,1,39,0,0,40,52.989
445,24,0,1,0,88.06400001049042,4,4,0,1,39,0,0,40,52.989
445,24,0,2,0,9.216000325977802,4,4,0,1,39,0,0,40,52.989
445,24,0,3,0,4.095999989658594,4,4,0,1,39,0,0,40,52.989
445,40,0,0,1,8.191999979317188,4,4,0,1,39,0,0,40,61.78
445,40,0,1,1,90.11200070381165,4,4,0,1,39,0,0,40,61.78
445,40,0,2,1,9.216000325977802,4,4,0,1,39,0,0,40,61.78
445,40,0,3,1,3.0720001086592674,4,4,0,1,39,0,0,40,61.78
446,2,0,0,0,9.216000325977802,4,4,0,0,40,0,0,40,2.26
446,2,0,1,0,70.65600156784058,4,4,0,0,40,0,0,40,2.26
446,2,0,2,0,8.191999979317188,4,4,0,0,40,0,0,40,2.26
446,2,0,3,0,5.119999870657921,4,4,0,0,40,0,0,40,2.26
446,24,0,0,0,8.191999979317188,4,4,0,1,39,0,0,40,60.99
446,24,0,1,0,73.72800260782242,4,4,0,1,39,0,0,40,60.99
446,24,0,2,0,9.216000325977802,4,4,0,1,39,0,0,40,60.99
446,24,0,3,0,4.095999989658594,4,4,0,1,39,0,0,40,60.99
446,40,0,0,1,15.359999611973763,4,4,0,1,39,0,0,40,58.451
446,40,0,1,1,75.77600330114365,4,4,0,1,39,0,0,40,58.451
446,40,0,2,1,9.216000325977802,4,4,0,1,39,0,0,40,58.451
446,40,0,3,1,4.095999989658594,4,4,0,1,39,0,0,40,58.451
447,2,0,0,0,8.191999979317188,4,4,0,0,40,0,0,40,3.091
447,2,0,1,0,81.91999793052673,4,4,0,0,40,0,0,40,3.091
447,2,0,2,0,8.191999979317188,4,4,0,0,40,0,0,40,3.091
447,2,0,3,0,5.119999870657921,4,4,0,0,40,0,0,40,3.091
447,24,0,0,0,9.216000325977802,4,4,0,0,40,0,0,40,3.56
447,24,0,1,0,86.01599931716919,4,4,0,0,40,0,0,40,3.56
447,24,0,2,0,9.216000325977802,4,4,0,0,40,0,0,40,3.56
447,24,0,3,0,4.095999989658594,4,4,0,0,40,0,0,40,3.56
447,40,0,0,1,8.191999979317188,4,4,0,0,40,0,0,40,2.9
447,40,0,1,1,67.58400052785873,4,4,0,0,40,0,0,40,2.9
447,40,0,2,1,9.216000325977802,4,4,0,0,40,0,0,40,2.9
447,40,0,3,1,4.095999989658594,4,4,0,0,40,0,0,40,2.9
448,2,0,0,0,14.336000196635723,4,4,0,0,40,0,0,40,2.67
448,2,0,1,0,77.82399654388428,4,4,0,0,40,0,0,40,2.67
448,2,0,2,0,8.191999979317188,4,4,0,0,40,0,0,40,2.67
448,2,0,3,0,5.119999870657921,4,4,0,0,40,0,0,40,2.67
448,24,0,0,0,8.191999979317188,4,4,0,0,40,0,0,40,2.94
448,24,0,1,0,72.7040022611618,4,4,0,0,40,0,0,40,2.94
448,24,0,2,0,9.216000325977802,4,4,0,0,40,0,0,40,2.94
448,24,0,3,0,4.095999989658594,4,4,0,0,40,0,0,40,2.94
448,40,0,0,1,11.264000087976456,4,4,0,0,40,0,0,40,10.519
448,40,0,1,1,70.65600156784058,4,4,0,0,40,0,0,40,10.519
448,40,0,2,1,8.191999979317188,4,4,0,0,40,0,0,40,10.519
448,40,0,3,1,4.095999989658594,4,4,0,0,40,0,0,40,10.519
449,2,0,0,0,8.191999979317188,4,4,0,0,40,0,0,40,3.351
449,2,0,1,0,84.99199897050858,4,4,0,0,40,0,0,40,3.351
449,2,0,2,0,8.191999979317188,4,4,0,0,40,0,0,40,3.351
449,2,0,3,0,6.144000217318535,4,4,0,0,40,0,0,40,3.351
449,24,0,0,0,8.191999979317188,4,4,0,2,38,0,0,40,170.449
449,24,0,1,0,69.63200122117996,4,4,0,2,38,0,0,40,170.449
449,24,0,2,0,9.216000325977802,4,4,0,2,38,0,0,40,170.449
449,24,0,3,0,80.89599758386612,4,4,0,2,38,0,0,40,170.449
449,40,0,0,1,9.216000325977802,4,4,0,1,39,0,0,40,66.809
449,40,0,1,1,86.01599931716919,4,4,0,1,39,0,0,40,66.809
449,40,0,2,1,9.216000325977802,4,4,0,1,39,0,0,40,66.809
449,40,0,3,1,4.095999989658594,4,4,0,1,39,0,0,40,66.809
450,2,0,0,0,8.191999979317188,4,4,0,0,40,0,0,40,3.12
450,2,0,1,0,82.94399827718735,4,4,0,0,40,0,0,40,3.12
450,2,0,2,0,9.216000325977802,4,4,0,0,40,0,0,40,3.12
450,2,0,3,0,5.119999870657921,4,4,0,0,40,0,0,40,3.12
450,24,0,0,0,8.191999979317188,4,4,0,0,40,0,0,40,2.6
450,24,0,1,0,57.34400078654289,4,4,0,0,40,0,0,40,2.6
450,24,0,2,0,8.191999979317188,4,4,0,0,40,0,0,40,2.6
450,24,0,3,0,4.095999989658594,4,4,0,0,40,0,0,40,2.6
450,40,0,0,1,9.216000325977802,4,4,0,0,40,0,0,40,2.109
450,40,0,1,1,65.5359998345375,4,4,0,0,40,0,0,40,2.109
450,40,0,2,1,9.216000325977802,4,4,0,0,40,0,0,40,2.109
450,40,0,3,1,4.095999989658594,4,4,0,0,40,0,0,40,2.109
451,2,0,0,0,8.191999979317188,4,4,0,0,40,0,0,40,2.22
451,2,0,1,0,84.99199897050858,4,4,0,0,40,0,0,40,2.22
451,2,0,2,0,9.216000325977802,4,4,0,0,40,0,0,40,2.22
451,2,0,3,0,8.191999979317188,4,4,0,0,40,0,0,40,2.22
451,24,0,0,0,13.311999849975109,4,4,0,0,40,0,0,40,2.689
451,24,0,1,0,66.56000018119812,4,4,0,0,40,0,0,40,2.689
451,24,0,2,0,10.239999741315842,4,4,0,0,40,0,0,40,2.689
451,24,0,3,0,4.095999989658594,4,4,0,0,40,0,0,40,2.689
451,40,0,0,1,9.216000325977802,4,4,0,0,40,0,0,40,2.92
451,40,0,1,1,66.56000018119812,4,4,0,0,40,0,0,40,2.92
451,40,0,2,1,9.216000325977802,4,4,0,0,40,0,0,40,2.92
451,40,0,3,1,4.095999989658594,4,4,0,0,40,0,0,40,2.92
452,2,0,0,0,9.216000325977802,4,4,0,0,40,0,0,40,3.3
452,2,0,1,0,82.94399827718735,4,4,0,0,40,0,0,40,3.3
452,2,0,2,0,9.216000325977802,4,4,0,0,40,0,0,40,3.3
452,2,0,3,0,5.119999870657921,4,4,0,0,40,0,0,40,3.3
452,24,0,0,0,8.191999979317188,4,4,0,1,39,0,0,40,51.94
452,24,0,1,0,72.7040022611618,4,4,0,1,39,0,0,40,51.94
452,24,0,2,0,14.336000196635723,4,4,0,1,39,0,0,40,51.94
452,24,0,3,0,4.095999989658594,4,4,0,1,39,0,0,40,51.94
452,40,0,0,1,8.191999979317188,4,4,0,0,40,0,0,40,2.77
452,40,0,1,1,72.7040022611618,4,4,0,0,40,0,0,40,2.77
452,40,0,2,1,9.216000325977802,4,4,0,0,40,0,0,40,2.77
452,40,0,3,1,4.095999989658594,4,4,0,0,40,0,0,40,2.77
453,2,0,0,0,9.216000325977802,4,4,0,3,36,1,0,40,242.668
453,2,0,1,0,81.91999793052673,4,4,0,3,36,1,0,40,242.668
453,2,0,2,0,163.83999586105347,4,4,0,3,36,1,0,40,242.668
453,2,0,3,0,5.119999870657921,4,4,0,3,36,1,0,40,242.668
453,24,0,0,0,8.191999979317188,4,4,0,2,38,0,0,40,78.73
453,24,0,1,0,93.18400174379349,4,4,0,2,38,0,0,40,78.73
453,24,0,2,0,9.216000325977802,4,4,0,2,38,0,0,40,78.73
453,24,0,3,0,4.095999989658594,4,4,0,2,38,0,0,40,78.73
453,40,0,0,1,8.191999979317188,4,4,0,1,39,0,0,40,57.08
453,40,0,1,1,84.99199897050858,4,4,0,1,39,0,0,40,57.08
453,40,0,2,1,9.216000325977802,4,4,0,1,39,0,0,40,57.08
453,40,0,3,1,4.095999989658594,4,4,0,1,39,0,0,40,57.08
454,2,0,0,0,9.216000325977802,4,4,0,0,40,0,0,40,3.03
454,2,0,1,0,87.0399996638298,4,4,0,0,40,0,0,40,3.03
454,2,0,2,0,9.216000325977802,4,4,0,0,40,0,0,40,3.03
454,2,0,3,0,5.119999870657921,4,4,0,0,40,0,0,40,3.03
454,24,0,0,0,8.191999979317188,4,4,0,1,39,0,0,40,49.58
454,24,0,1,0,63.48799914121628,4,4,0,1,39,0,0,40,49.58
454,24,0,2,0,8.191999979317188,4,4,0,1,39,0,0,40,49.58
454,24,0,3,0,4.095999989658594,4,4,0,1,39,0,0,40,49.58
454,40,0,0,1,9.216000325977802,4,4,0,0,40,0,0,40,2.21
454,40,0,1,1,66.56000018119812,4,4,0,0,40,0,0,40,2.21
454,40,0,2,1,9.216000325977802,4,4,0,0,40,0,0,40,2.21
454,40,0,3,1,4.095999989658594,4,4,0,0,40,0,0,40,2.21
455,2,0,0,0,8.191999979317188,4,4,0,0,40,0,0,40,3.129
455,2,0,1,0,78.84799689054489,4,4,0,0,40,0,0,40,3.129
455,2,0,2,0,8.191999979317188,4,4,0,0,40,0,0,40,3.129
455,2,0,3,0,5.119999870657921,4,4,0,0,40,0,0,40,3.129
455,24,0,0,0,7.168000098317862,4,4,0,4,36,0,0,40,129.009
455,24,0,1,0,74.75200295448303,4,4,0,4,36,0,0,40,129.009
455,24,0,2,0,9.216000325977802,4,4,0,4,36,0,0,40,129.009
455,24,0,3,0,33.79200026392937,4,4,0,4,36,0,0,40,129.009
455,40,0,0,1,14.336000196635723,4,4,0,1,39,0,0,40,90.85
455,40,0,1,1,65.5359998345375,4,4,0,1,39,0,0,40,90.85
455,40,0,2,1,9.216000325977802,4,4,0,1,39,0,0,40,90.85
455,40,0,3,1,4.095999989658594,4,4,0,1,39,0,0,40,90.85
456,2,0,0,0,18.432000651955605,3,3,0,1,29,0,0,30,51.01
456,2,0,1,0,61.43999844789505,3,3,0,1,29,0,0,30,51.01
456,2,0,2,0,9.216000325977802,3,3,0,1,29,0,0,30,51.01
456,2,0,3,0,5.119999870657921,3,3,0,1,29,0,0,30,51.01
456,24,0,0,0,10.239999741315842,3,3,0,1,29,0,0,30,53.949
456,24,0,1,0,51.19999870657921,3,3,0,1,29,0,0,30,53.949
456,24,0,2,0,9.216000325977802,3,3,0,1,29,0,0,30,53.949
456,24,0,3,0,4.095999989658594,3,3,0,1,29,0,0,30,53.949
456,40,0,0,1,16.383999958634377,3,3,0,1,29,0,0,30,47.15
456,40,0,1,1,63.48799914121628,3,3,0,1,29,0,0,30,47.15
456,40,0,2,1,9.216000325977802,3,3,0,1,29,0,0,30,47.15
456,40,0,3,1,4.095999989658594,3,3,0,1,29,0,0,30,47.15
457,2,0,0,0,8.191999979317188,4,4,0,4,35,1,0,40,132.96
457,2,0,1,0,73.72800260782242,4,4,0,4,35,1,0,40,132.96
457,2,0,2,0,163.83999586105347,4,4,0,4,35,1,0,40,132.96
457,2,0,3,0,6.144000217318535,4,4,0,4,35,1,0,40,132.96
457,24,0,0,0,8.191999979317188,4,4,0,2,38,0,0,40,95.129
457,24,0,1,0,84.99199897050858,4,4,0,2,38,0,0,40,95.129
457,24,0,2,0,9.216000325977802,4,4,0,2,38,0,0,40,95.129
457,24,0,3,0,4.095999989658594,4,4,0,2,38,0,0,40,95.129
457,40,0,0,1,8.191999979317188,4,4,0,2,38,0,0,40,121.029
457,40,0,1,1,89.08800035715103,4,4,0,2,38,0,0,40,121.029
457,40,0,2,1,9.216000325977802,4,4,0,2,38,0,0,40,121.029
457,40,0,3,1,13.311999849975109,4,4,0,2,38,0,0,40,121.029
458,2,0,0,0,9.216000325977802,4,4,0,2,38,0,0,40,86.359
458,2,0,1,0,75.77600330114365,4,4,0,2,38,0,0,40,86.359
458,2,0,2,0,9.216000325977802,4,4,0,2,38,0,0,40,86.359
458,2,0,3,0,5.119999870657921,4,4,0,2,38,0,0,40,86.359
458,24,0,0,0,8.191999979317188,4,4,0,1,39,0,0,40,47.16
458,24,0,1,0,75.77600330114365,4,4,0,1,39,0,0,40,47.16
458,24,0,2,0,9.216000325977802,4,4,0,1,39,0,0,40,47.16
458,24,0,3,0,4.095999989658594,4,4,0,1,39,0,0,40,47.16
458,40,0,0,1,8.191999979317188,4,4,0,1,39,0,0,40,272.259
458,40,0,1,1,75.77600330114365,4,4,0,1,39,0,0,40,272.259
458,40,0,2,1,9.216000325977802,4,4,0,1,39,0,0,40,272.259
458,40,0,3,1,175.10400712490082,4,4,0,1,39,0,0,40,272.259
459,2,0,0,0,8.191999979317188,4,4,0,0,40,0,0,40,3.869
459,2,0,1,0,84.99199897050858,4,4,0,0,40,0,0,40,3.869
459,2,0,2,0,9.216000325977802,4,4,0,0,40,0,0,40,3.869
459,2,0,3,0,6.144000217318535,4,4,0,0,40,0,0,40,3.869
459,24,0,0,0,8.191999979317188,4,4,0,2,38,0,0,40,93.439
459,24,0,1,0,75.77600330114365,4,4,0,2,38,0,0,40,93.439
459,24,0,2,0,9.216000325977802,4,4,0,2,38,0,0,40,93.439
459,24,0,3,0,4.095999989658594,4,4,0,2,38,0,0,40,93.439
459,40,0,0,1,8.191999979317188,4,4,0,0,40,0,0,40,2.37
459,40,0,1,1,70.65600156784058,4,4,0,0,40,0,0,40,2.37
459,40,0,2,1,9.216000325977802,4,4,0,0,40,0,0,40,2.37
459,40,0,3,1,4.095999989658594,4,4,0,0,40,0,0,40,2.37
460,2,0,0,0,9.216000325977802,4,4,0,7,32,1,0,40,226.379
460,2,0,1,0,64.51199948787689,4,4,0,7,32,1,0,40,226.379
460,2,0,2,0,163.83999586105347,4,4,0,7,32,1,0,40,226.379
460,2,0,3,0,6.144000217318535,4,4,0,7,32,1,0,40,226.379
460,24,0,0,0,13.311999849975109,4,4,0,2,38,0,0,40,89.819
460,24,0,1,0,81.91999793052673,4,4,0,2,38,0,0,40,89.819
460,24,0,2,0,9.216000325977802,4,4,0,2,38,0,0,40,89.819
460,24,0,3,0,4.095999989658594,4,4,0,2,38,0,0,40,89.819
460,40,0,0,1,9.216000325977802,4,4,0,2,38,0,0,40,112.499
460,40,0,1,1,87.0399996638298,4,4,0,2,38,0,0,40,112.499
460,40,0,2,1,9.216000325977802,4,4,0,2,38,0,0,40,112.499
460,40,0,3,1,4.095999989658594,4,4,0,2,38,0,0,40,112.499
461,2,0,0,0,8.191999979317188,4,4,0,2,38,0,0,40,96.93
461,2,0,1,0,87.0399996638298,4,4,0,2,38,0,0,40,96.93
461,2,0,2,0,9.216000325977802,4,4,0,2,38,0,0,40,96.93
461,2,0,3,0,5.119999870657921,4,4,0,2,38,0,0,40,96.93
461,24,0,0,0,8.191999979317188,4,4,0,1,39,0,0,40,56.78
461,24,0,1,0,76.80000364780426,4,4,0,1,39,0,0,40,56.78
461,24,0,2,0,9.216000325977802,4,4,0,1,39,0,0,40,56.78
461,24,0,3,0,5.119999870657921,4,4,0,1,39,0,0,40,56.78
461,40,0,0,1,8.191999979317188,4,4,0,1,39,0,0,40,57.69
461,40,0,1,1,73.72800260782242,4,4,0,1,39,0,0,40,57.69
461,40,0,2,1,9.216000325977802,4,4,0,1,39,0,0,40,57.69
461,40,0,3,1,4.095999989658594,4,4,0,1,39,0,0,40,57.69
462,2,0,0,0,9.216000325977802,4,4,0,0,40,0,0,40,3.3
462,2,0,1,0,91.13600105047226,4,4,0,0,40,0,0,40,3.3
462,2,0,2,0,9.216000325977802,4,4,0,0,40,0,0,40,3.3
462,2,0,3,0,5.119999870657921,4,4,0,0,40,0,0,40,3.3
462,24,0,0,0,8.191999979317188,4,4,0,1,39,0,0,40,42.64
462,24,0,1,0,75.77600330114365,4,4,0,1,39,0,0,40,42.64
462,24,0,2,0,9.216000325977802,4,4,0,1,39,0,0,40,42.64
462,24,0,3,0,4.095999989658594,4,4,0,1,39,0,0,40,42.64
462,40,0,0,1,8.191999979317188,4,4,0,1,39,0,0,40,65.901
462,40,0,1,1,81.91999793052673,4,4,0,1,39,0,0,40,65.901
462,40,0,2,1,9.216000325977802,4,4,0,1,39,0,0,40,65.901
462,40,0,3,1,4.095999989658594,4,4,0,1,39,0,0,40,65.901
463,2,0,0,0,9.216000325977802,4,4,0,0,40,0,0,40,3.06
463,2,0,1,0,83.96799862384796,4,4,0,0,40,0,0,40,3.06
463,2,0,2,0,9.216000325977802,4,4,0,0,40,0,0,40,3.06
463,2,0,3,0,5.119999870657921,4,4,0,0,40,0,0,40,3.06
463,24,0,0,0,8.191999979317188,4,4,0,2,38,0,0,40,84.839
463,24,0,1,0,83.96799862384796,4,4,0,2,38,0,0,40,84.839
463,24,0,2,0,9.216000325977802,4,4,0,2,38,0,0,40,84.839
463,24,0,3,0,4.095999989658594,4,4,0,2,38,0,0,40,84.839
463,40,0,0,1,13.311999849975109,4,4,0,0,40,0,0,40,3.26
463,40,0,1,1,89.08800035715103,4,4,0,0,40,0,0,40,3.26
463,40,0,2,1,9.216000325977802,4,4,0,0,40,0,0,40,3.26
463,40,0,3,1,4.095999989658594,4,4,0,0,40,0,0,40,3.26
464,2,0,0,0,14.336000196635723,4,4,0,3,36,1,0,40,207.53
464,2,0,1,0,60.416001826524734,4,4,0,3,36,1,0,40,207.53
464,2,0,2,0,167.93599724769592,4,4,0,3,36,1,0,40,207.53
464,2,0,3,0,6.144000217318535,4,4,0,3,36,1,0,40,207.53
464,24,0,0,0,8.191999979317188,4,4,0,2,38,0,0,40,61.129
464,24,0,1,0,77.82399654388428,4,4,0,2,38,0,0,40,61.129
464,24,0,2,0,9.216000325977802,4,4,0,2,38,0,0,40,61.129
464,24,0,3,0,4.095999989658594,4,4,0,2,38,0,0,40,61.129
464,40,0,0,1,8.191999979317188,4,4,0,0,40,0,0,40,2.491
464,40,0,1,1,91.13600105047226,4,4,0,0,40,0,0,40,2.491
464,40,0,2,1,9.216000325977802,4,4,0,0,40,0,0,40,2.491
464,40,0,3,1,4.095999989658594,4,4,0,0,40,0,0,40,2.491
465,2,0,0,0,8.191999979317188,4,4,0,0,40,0,0,40,3.06
465,2,0,1,0,88.06400001049042,4,4,0,0,40,0,0,40,3.06
465,2,0,2,0,9.216000325977802,4,4,0,0,40,0,0,40,3.06
465,2,0,3,0,7.168000098317862,4,4,0,0,40,0,0,40,3.06
465,24,0,0,0,7.168000098317862,4,4,0,1,39,0,0,40,69.96
465,24,0,1,0,83.96799862384796,4,4,0,1,39,0,0,40,69.96
465,24,0,2,0,9.216000325977802,4,4,0,1,39,0,0,40,69.96
465,24,0,3,0,4.095999989658594,4,4,0,1,39,0,0,40,69.96
465,40,0,0,1,9.216000325977802,4,4,0,0,40,0,0,40,1.89
465,40,0,1,1,72.7040022611618,4,4,0,0,40,0,0,40,1.89
465,40,0,2,1,9.216000325977802,4,4,0,0,40,0,0,40,1.89
465,40,0,3,1,4.095999989658594,4,4,0,0,40,0,0,40,1.89
466,2,0,0,0,9.216000325977802,4,4,0,0,40,0,0,40,3.5
466,2,0,1,0,79.8719972372055,4,4,0,0,40,0,0,40,3.5
466,2,0,2,0,8.191999979317188,4,4,0,0,40,0,0,40,3.5
466,2,0,3,0,5.119999870657921,4,4,0,0,40,0,0,40,3.5
466,24,0,0,0,8.191999979317188,4,4,0,0,40,0,0,40,3.12
466,24,0,1,0,84.99199897050858,4,4,0,0,40,0,0,40,3.12
466,24,0,2,0,9.216000325977802,4,4,0,0,40,0,0,40,3.12
466,24,0,3,0,4.095999989658594,4,4,0,0,40,0,0,40,3.12
466,40,0,0,1,8.191999979317188,4,4,0,0,40,0,0,40,2.22
466,40,0,1,1,74.75200295448303,4,4,0,0,40,0,0,40,2.22
466,40,0,2,1,9.216000325977802,4,4,0,0,40,0,0,40,2.22
466,40,0,3,1,4.095999989658594,4,4,0,0,40,0,0,40,2.22
467,2,0,0,0,9.216000325977802,4,4,0,3,37,0,0,40,119.979
467,2,0,1,0,76.80000364780426,4,4,0,3,37,0,0,40,119.979
467,2,0,2,0,10.239999741315842,4,4,0,3,37,0,0,40,119.979
467,2,0,3,0,20.479999482631683,4,4,0,3,37,0,0,40,119.979
467,24,0,0,0,8.191999979317188,4,4,0,1,39,0,0,40,50.54
467,24,0,1,0,86.01599931716919,4,4,0,1,39,0,0,40,50.54
467,24,0,2,0,9.216000325977802,4,4,0,1,39,0,0,40,50.54
467,24,0,3,0,4.095999989658594,4,4,0,1,39,0,0,40,50.54
467,40,0,0,1,8.191999979317188,4,4,0,1,39,0,0,40,58.82
467,40,0,1,1,73.72800260782242,4,4,0,1,39,0,0,40,58.82
467,40,0,2,1,8.191999979317188,4,4,0,1,39,0,0,40,58.82
467,40,0,3,1,3.0720001086592674,4,4,0,1,39,0,0,40,58.82
468,2,0,0,0,9.216000325977802,4,4,0,3,37,0,0,40,92.579
468,2,0,1,0,58.36800113320351,4,4,0,3,37,0,0,40,92.579
468,2,0,2,0,10.239999741315842,4,4,0,3,37,0,0,40,92.579
468,2,0,3,0,12.28800043463707,4,4,0,3,37,0,0,40,92.579
468,24,0,0,0,9.216000325977802,4,4,0,3,37,0,0,40,127.77
468,24,0,1,0,80.89599758386612,4,4,0,3,37,0,0,40,127.77
468,24,0,2,0,9.216000325977802,4,4,0,3,37,0,0,40,127.77
468,24,0,3,0,27.648000046610832,4,4,0,3,37,0,0,40,127.77
468,40,0,0,1,8.191999979317188,4,4,0,3,36,1,0,40,162.51
468,40,0,1,1,81.91999793052673,4,4,0,3,36,1,0,40,162.51
468,40,0,2,1,189.43999707698822,4,4,0,3,36,1,0,40,162.51
468,40,0,3,1,3.0720001086592674,4,4,0,3,36,1,0,40,162.51
469,2,0,0,0,9.216000325977802,4,4,0,0,40,0,0,40,3.75
469,2,0,1,0,73.72800260782242,4,4,0,0,40,0,0,40,3.75
469,2,0,2,0,9.216000325977802,4,4,0,0,40,0,0,40,3.75
469,2,0,3,0,7.168000098317862,4,4,0,0,40,0,0,40,3.75
469,24,0,0,0,7.168000098317862,4,4,0,2,38,0,0,40,92.699
469,24,0,1,0,63.48799914121628,4,4,0,2,38,0,0,40,92.699
469,24,0,2,0,9.216000325977802,4,4,0,2,38,0,0,40,92.699
469,24,0,3,0,8.191999979317188,4,4,0,2,38,0,0,40,92.699
469,40,0,0,1,9.216000325977802,4,4,0,1,39,0,0,40,59.58
469,40,0,1,1,82.94399827718735,4,4,0,1,39,0,0,40,59.58
469,40,0,2,1,9.216000325977802,4,4,0,1,39,0,0,40,59.58
469,40,0,3,1,4.095999989658594,4,4,0,1,39,0,0,40,59.58
470,2,0,0,0,8.191999979317188,4,4,0,1,39,0,0,40,53.84
470,2,0,1,0,75.77600330114365,4,4,0,1,39,0,0,40,53.84
470,2,0,2,0,9.216000325977802,4,4,0,1,39,0,0,40,53.84
470,2,0,3,0,5.119999870657921,4,4,0,1,39,0,0,40,53.84
470,24,0,0,0,7.168000098317862,4,4,0,1,39,0,0,40,51.449
470,24,0,1,0,74.75200295448303,4,4,0,1,39,0,0,40,51.449
470,24,0,2,0,8.191999979317188,4,4,0,1,39,0,0,40,51.449
470,24,0,3,0,4.095999989658594,4,4,0,1,39,0,0,40,51.449
470,40,0,0,1,9.216000325977802,4,4,0,0,40,0,0,40,2.78
470,40,0,1,1,76.80000364780426,4,4,0,0,40,0,0,40,2.78
470,40,0,2,1,8.191999979317188,4,4,0,0,40,0,0,40,2.78
470,40,0,3,1,4.095999989658594,4,4,0,0,40,0,0,40,2.78
471,2,0,0,0,9.216000325977802,4,4,0,2,38,0,0,40,87.58
471,2,0,1,0,77.82399654388428,4,4,0,2,38,0,0,40,87.58
471,2,0,2,0,9.216000325977802,4,4,0,2,38,0,0,40,87.58
471,2,0,3,0,5.119999870657921,4,4,0,2,38,0,0,40,87.58
471,24,0,0,0,15.359999611973763,4,4,0,3,37,0,0,40,123.119
471,24,0,1,0,67.58400052785873,4,4,0,3,37,0,0,40,123.119
471,24,0,2,0,9.216000325977802,4,4,0,3,37,0,0,40,123.119
471,24,0,3,0,25.599999353289604,4,4,0,3,37,0,0,40,123.119
471,40,0,0,1,7.168000098317862,4,4,0,2,38,0,0,40,97.67
471,40,0,1,1,88.06400001049042,4,4,0,2,38,0,0,40,97.67
471,40,0,2,1,8.191999979317188,4,4,0,2,38,0,0,40,97.67
471,40,0,3,1,4.095999989658594,4,4,0,2,38,0,0,40,97.67
472,2,0,0,0,9.216000325977802,4,4,0,1,39,0,0,40,68.859
472,2,0,1,0,93.18400174379349,4,4,0,1,39,0,0,40,68.859
472,2,0,2,0,9.216000325977802,4,4,0,1,39,0,0,40,68.859
472,2,0,3,0,5.119999870657921,4,4,0,1,39,0,0,40,68.859
472,24,0,0,0,9.216000325977802,4,4,0,2,38,0,0,40,235.219
472,24,0,1,0,90.11200070381165,4,4,0,2,38,0,0,40,235.219
472,24,0,2,0,8.191999979317188,4,4,0,2,38,0,0,40,235.219
472,24,0,3,0,124.92799758911133,4,4,0,2,38,0,0,40,235.219
472,40,0,0,1,9.216000325977802,4,4,0,2,38,0,0,40,197.199
472,40,0,1,1,83.96799862384796,4,4,0,2,38,0,0,40,197.199
472,40,0,2,1,9.216000325977802,4,4,0,2,38,0,0,40,197.199
472,40,0,3,1,90.11200070381165,4,4,0,2,38,0,0,40,197.199
473,2,0,0,0,9.216000325977802,4,4,0,0,40,0,0,40,3.29
473,2,0,1,0,79.8719972372055,4,4,0,0,40,0,0,40,3.29
473,2,0,2,0,9.216000325977802,4,4,0,0,40,0,0,40,3.29
473,2,0,3,0,5.119999870657921,4,4,0,0,40,0,0,40,3.29
473,24,0,0,0,7.168000098317862,4,4,0,0,40,0,0,40,2.891
473,24,0,1,0,83.96799862384796,4,4,0,0,40,0,0,40,2.891
473,24,0,2,0,9.216000325977802,4,4,0,0,40,0,0,40,2.891
473,24,0,3,0,4.095999989658594,4,4,0,0,40,0,0,40,2.891
473,40,0,0,1,8.191999979317188,4,4,0,1,39,0,0,40,67.52
473,40,0,1,1,75.77600330114365,4,4,0,1,39,0,0,40,67.52
473,40,0,2,1,9.216000325977802,4,4,0,1,39,0,0,40,67.52
473,40,0,3,1,5.119999870657921,4,4,0,1,39,0,0,40,67.52
474,2,0,0,0,10.239999741315842,4,4,0,0,40,0,0,40,4.119
474,2,0,1,0,79.8719972372055,4,4,0,0,40,0,0,40,4.119
474,2,0,2,0,8.191999979317188,4,4,0,0,40,0,0,40,4.119
474,2,0,3,0,7.168000098317862,4,4,0,0,40,0,0,40,4.119
474,24,0,0,0,8.191999979317188,4,4,0,0,40,0,0,40,3.13
474,24,0,1,0,96.25600278377533,4,4,0,0,40,0,0,40,3.13
474,24,0,2,0,9.216000325977802,4,4,0,0,40,0,0,40,3.13
474,24,0,3,0,4.095999989658594,4,4,0,0,40,0,0,40,3.13
474,40,0,0,1,8.191999979317188,4,4,0,2,38,0,0,40,104.07
474,40,0,1,1,95.23200243711472,4,4,0,2,38,0,0,40,104.07
474,40,0,2,1,9.216000325977802,4,4,0,2,38,0,0,40,104.07
474,40,0,3,1,4.095999989658594,4,4,0,2,38,0,0,40,104.07
475,2,0,0,0,9.216000325977802,4,4,0,0,40,0,0,40,3.28
475,2,0,1,0,69.63200122117996,4,4,0,0,40,0,0,40,3.28
475,2,0,2,0,9.216000325977802,4,4,0,0,40,0,0,40,3.28
475,2,0,3,0,5.119999870657921,4,4,0,0,40,0,0,40,3.28
475,24,0,0,0,8.191999979317188,4,4,0,3,37,0,0,40,132.889
475,24,0,1,0,81.91999793052673,4,4,0,3,37,0,0,40,132.889
475,24,0,2,0,9.216000325977802,4,4,0,3,37,0,0,40,132.889
475,24,0,3,0,29.69600073993206,4,4,0,3,37,0,0,40,132.889
475,40,0,0,1,9.216000325977802,4,4,0,3,36,1,0,40,155.409
475,40,0,1,1,88.06400001049042,4,4,0,3,36,1,0,40,155.409
475,40,0,2,1,193.53599846363068,4,4,0,3,36,1,0,40,155.409
475,40,0,3,1,5.119999870657921,4,4,0,3,36,1,0,40,155.409
476,2,0,0,0,14.336000196635723,4,4,0,1,39,0,0,40,60.859
476,2,0,1,0,79.8719972372055,4,4,0,1,39,0,0,40,60.859
476,2,0,2,0,8.191999979317188,4,4,0,1,39,0,0,40,60.859
476,2,0,3,0,5.119999870657921,4,4,0,1,39,0,0,40,60.859
476,24,0,0,0,8.191999979317188,4,4,0,1,39,0,0,40,50.17
476,24,0,1,0,77.82399654388428,4,4,0,1,39,0,0,40,50.17
476,24,0,2,0,8.191999979317188,4,4,0,1,39,0,0,40,50.17
476,24,0,3,0,4.095999989658594,4,4,0,1,39,0,0,40,50.17
476,40,0,0,1,8.191999979317188,4,4,0,3,37,0,0,40,154.169
476,40,0,1,1,78.84799689054489,4,4,0,3,37,0,0,40,154.169
476,40,0,2,1,8.191999979317188,4,4,0,3,37,0,0,40,154.169
476,40,0,3,1,54.27199974656105,4,4,0,3,37,0,0,40,154.169
477,2,0,0,0,14.336000196635723,4,4,0,0,40,0,0,40,2.61
477,2,0,1,0,84.99199897050858,4,4,0,0,40,0,0,40,2.61
477,2,0,2,0,9.216000325977802,4,4,0,0,40,0,0,40,2.61
477,2,0,3,0,5.119999870657921,4,4,0,0,40,0,0,40,2.61
477,24,0,0,0,8.191999979317188,4,4,0,1,39,0,0,40,55.309
477,24,0,1,0,86.01599931716919,4,4,0,1,39,0,0,40,55.309
477,24,0,2,0,9.216000325977802,4,4,0,1,39,0,0,40,55.309
477,24,0,3,0,4.095999989658594,4,4,0,1,39,0,0,40,55.309
477,40,0,0,1,8.191999979317188,4,4,0,2,38,0,0,40,108.129
477,40,0,1,1,88.06400001049042,4,4,0,2,38,0,0,40,108.129
477,40,0,2,1,9.216000325977802,4,4,0,2,38,0,0,40,108.129
477,40,0,3,1,4.095999989658594,4,4,0,2,38,0,0,40,108.129
478,2,0,0,0,9.216000325977802,4,4,0,0,40,0,0,40,2.88
478,2,0,1,0,67.58400052785873,4,4,0,0,40,0,0,40,2.88
478,2,0,2,0,8.191999979317188,4,4,0,0,40,0,0,40,2.88
478,2,0,3,0,5.119999870657921,4,4,0,0,40,0,0,40,2.88
478,24,0,0,0,7.168000098317862,4,4,0,3,37,0,0,40,92.84
478,24,0,1,0,81.91999793052673,4,4,0,3,37,0,0,40,92.84
478,24,0,2,0,9.216000325977802,4,4,0,3,37,0,0,40,92.84
478,24,0,3,0,4.095999989658594,4,4,0,3,37,0,0,40,92.84
478,40,0,0,1,14.336000196635723,4,4,0,1,39,0,0,40,100.77
478,40,0,1,1,99.32799637317657,4,4,0,1,39,0,0,40,100.77
478,40,0,2,1,9.216000325977802,4,4,0,1,39,0,0,40,100.77
478,40,0,3,1,4.095999989658594,4,4,0,1,39,0,0,40,100.77
479,2,0,0,0,9.216000325977802,4,4,0,1,39,0,0,40,50.919
479,2,0,1,0,88.06400001049042,4,4,0,1,39,0,0,40,50.919
479,2,0,2,0,8.191999979317188,4,4,0,1,39,0,0,40,50.919
479,2,0,3,0,5.119999870657921,4,4,0,1,39,0,0,40,50.919
479,24,0,0,0,8.191999979317188,4,4,0,1,39,0,0,40,97.29
479,24,0,1,0,82.94399827718735,4,4,0,1,39,0,0,40,97.29
479,24,0,2,0,9.216000325977802,4,4,0,1,39,0,0,40,97.29
479,24,0,3,0,4.095999989658594,4,4,0,1,39,0,0,40,97.29
479,40,0,0,1,9.216000325977802,4,4,0,0,40,0,0,40,2.53
479,40,0,1,1,69.63200122117996,4,4,0,0,40,0,0,40,2.53
479,40,0,2,1,9.216000325977802,4,4,0,0,40,0,0,40,2.53
479,40,0,3,1,4.095999989658594,4,4,0,0,40,0,0,40,2.53
480,2,0,0,0,15.359999611973763,4,4,0,1,39,0,0,40,51.59
480,2,0,1,0,79.8719972372055,4,4,0,1,39,0,0,40,51.59
480,2,0,2,0,9.216000325977802,4,4,0,1,39,0,0,40,51.59
480,2,0,3,0,5.119999870657921,4,4,0,1,39,0,0,40,51.59
480,24,0,0,0,7.168000098317862,4,4,0,1,39,0,0,40,50.419
480,24,0,1,0,76.80000364780426,4,4,0,1,39,0,0,40,50.419
480,24,0,2,0,9.216000325977802,4,4,0,1,39,0,0,40,50.419
480,24,0,3,0,4.095999989658594,4,4,0,1,39,0,0,40,50.419
480,40,0,0,1,8.191999979317188,4,4,0,1,39,0,0,40,57.86
480,40,0,1,1,80.89599758386612,4,4,0,1,39,0,0,40,57.86
480,40,0,2,1,8.191999979317188,4,4,0,1,39,0,0,40,57.86
480,40,0,3,1,4.095999989658594,4,4,0,1,39,0,0,40,57.86
481,2,0,0,0,8.191999979317188,4,4,0,1,39,0,0,40,49.98
481,2,0,1,0,66.56000018119812,4,4,0,1,39,0,0,40,49.98
481,2,0,2,0,9.216000325977802,4,4,0,1,39,0,0,40,49.98
481,2,0,3,0,5.119999870657921,4,4,0,1,39,0,0,40,49.98
481,24,0,0,0,8.191999979317188,4,4,0,0,40,0,0,40,3.36
481,24,0,1,0,73.72800260782242,4,4,0,0,40,0,0,40,3.36
481,24,0,2,0,9.216000325977802,4,4,0,0,40,0,0,40,3.36
481,24,0,3,0,4.095999989658594,4,4,0,0,40,0,0,40,3.36
481,40,0,0,1,8.191999979317188,4,4,0,1,39,0,0,40,59.9
481,40,0,1,1,104.44799810647964,4,4,0,1,39,0,0,40,59.9
481,40,0,2,1,9.216000325977802,4,4,0,1,39,0,0,40,59.9
481,40,0,3,1,4.095999989658594,4,4,0,1,39,0,0,40,59.9
482,2,0,0,0,8.191999979317188,4,4,0,1,39,0,0,40,65.71
482,2,0,1,0,93.18400174379349,4,4,0,1,39,0,0,40,65.71
482,2,0,2,0,8.191999979317188,4,4,0,1,39,0,0,40,65.71
482,2,0,3,0,5.119999870657921,4,4,0,1,39,0,0,40,65.71
482,24,0,0,0,9.216000325977802,4,4,0,0,40,0,0,40,3.3
482,24,0,1,0,79.8719972372055,4,4,0,0,40,0,0,40,3.3
482,24,0,2,0,9.216000325977802,4,4,0,0,40,0,0,40,3.3
482,24,0,3,0,4.095999989658594,4,4,0,0,40,0,0,40,3.3
482,40,0,0,1,9.216000325977802,4,4,0,1,39,0,0,40,92.56
482,40,0,1,1,71.68000191450119,4,4,0,1,39,0,0,40,92.56
482,40,0,2,1,9.216000325977802,4,4,0,1,39,0,0,40,92.56
482,40,0,3,1,4.095999989658594,4,4,0,1,39,0,0,40,92.56
483,2,0,0,0,9.216000325977802,4,4,0,0,40,0,0,40,7.829
483,2,0,1,0,74.75200295448303,4,4,0,0,40,0,0,40,7.829
483,2,0,2,0,9.216000325977802,4,4,0,0,40,0,0,40,7.829
483,2,0,3,0,5.119999870657921,4,4,0,0,40,0,0,40,7.829
483,24,0,0,0,8.191999979317188,4,4,0,0,40,0,0,40,2.34
483,24,0,1,0,66.56000018119812,4,4,0,0,40,0,0,40,2.34
483,24,0,2,0,9.216000325977802,4,4,0,0,40,0,0,40,2.34
483,24,0,3,0,4.095999989658594,4,4,0,0,40,0,0,40,2.34
483,40,0,0,1,8.191999979317188,4,4,0,2,38,0,0,40,102.129
483,40,0,1,1,68.60800087451935,4,4,0,2,38,0,0,40,102.129
483,40,0,2,1,9.216000325977802,4,4,0,2,38,0,0,40,102.129
483,40,0,3,1,12.28800043463707,4,4,0,2,38,0,0,40,102.129
484,2,0,0,0,9.216000325977802,4,4,0,2,38,0,0,40,97.2
484,2,0,1,0,81.91999793052673,4,4,0,2,38,0,0,40,97.2
484,2,0,2,0,9.216000325977802,4,4,0,2,38,0,0,40,97.2
484,2,0,3,0,6.144000217318535,4,4,0,2,38,0,0,40,97.2
484,24,0,0,0,8.191999979317188,4,4,0,0,40,0,0,40,2.94
484,24,0,1,0,64.51199948787689,4,4,0,0,40,0,0,40,2.94
484,24,0,2,0,9.216000325977802,4,4,0,0,40,0,0,40,2.94
484,24,0,3,0,4.095999989658594,4,4,0,0,40,0,0,40,2.94
484,40,0,0,1,14.336000196635723,4,4,0,4,36,0,0,40,123.179
484,40,0,1,1,55.296000093221664,4,4,0,4,36,0,0,40,123.179
484,40,0,2,1,9.216000325977802,4,4,0,4,36,0,0,40,123.179
484,40,0,3,1,38.91199827194214,4,4,0,4,36,0,0,40,123.179
485,2,0,0,0,8.191999979317188,4,4,0,0,40,0,0,40,3.27
485,2,0,1,0,91.13600105047226,4,4,0,0,40,0,0,40,3.27
485,2,0,2,0,9.216000325977802,4,4,0,0,40,0,0,40,3.27
485,2,0,3,0,5.119999870657921,4,4,0,0,40,0,0,40,3.27
485,24,0,0,0,8.191999979317188,4,4,0,0,40,0,0,40,2.65
485,24,0,1,0,79.8719972372055,4,4,0,0,40,0,0,40,2.65
485,24,0,2,0,10.239999741315842,4,4,0,0,40,0,0,40,2.65
485,24,0,3,0,4.095999989658594,4,4,0,0,40,0,0,40,2.65
485,40,0,0,1,14.336000196635723,4,4,0,1,39,0,0,40,108.459
485,40,0,1,1,79.8719972372055,4,4,0,1,39,0,0,40,108.459
485,40,0,2,1,9.216000325977802,4,4,0,1,39,0,0,40,108.459
485,40,0,3,1,4.095999989658594,4,4,0,1,39,0,0,40,108.459
486,2,0,0,0,14.336000196635723,4,4,0,1,39,0,0,40,84.76
486,2,0,1,0,86.01599931716919,4,4,0,1,39,0,0,40,84.76
486,2,0,2,0,8.191999979317188,4,4,0,1,39,0,0,40,84.76
486,2,0,3,0,5.119999870657921,4,4,0,1,39,0,0,40,84.76
486,24,0,0,0,9.216000325977802,4,4,0,2,38,0,0,40,107.06
486,24,0,1,0,71.68000191450119,4,4,0,2,38,0,0,40,107.06
486,24,0,2,0,8.191999979317188,4,4,0,2,38,0,0,40,107.06
486,24,0,3,0,16.383999958634377,4,4,0,2,38,0,0,40,107.06
486,40,0,0,1,9.216000325977802,4,4,0,0,40,0,0,40,3.17
486,40,0,1,1,75.77600330114365,4,4,0,0,40,0,0,40,3.17
486,40,0,2,1,8.191999979317188,4,4,0,0,40,0,0,40,3.17
486,40,0,3,1,4.095999989658594,4,4,0,0,40,0,0,40,3.17
487,2,0,0,0,8.191999979317188,4,4,0,1,39,0,0,40,58.091
487,2,0,1,0,74.75200295448303,4,4,0,1,39,0,0,40,58.091
487,2,0,2,0,8.191999979317188,4,4,0,1,39,0,0,40,58.091
487,2,0,3,0,5.119999870657921,4,4,0,1,39,0,0,40,58.091
487,24,0,0,0,8.191999979317188,4,4,0,0,40,0,0,40,2.749
487,24,0,1,0,62.463998794555664,4,4,0,0,40,0,0,40,2.749
487,24,0,2,0,9.216000325977802,4,4,0,0,40,0,0,40,2.749
487,24,0,3,0,4.095999989658594,4,4,0,0,40,0,0,40,2.749
487,40,0,0,1,8.191999979317188,4,4,0,0,40,0,0,40,2.16
487,40,0,1,1,77.82399654388428,4,4,0,0,40,0,0,40,2.16
487,40,0,2,1,9.216000325977802,4,4,0,0,40,0,0,40,2.16
487,40,0,3,1,4.095999989658594,4,4,0,0,40,0,0,40,2.16
488,2,0,0,0,9.216000325977802,4,4,0,0,40,0,0,40,2.69
488,2,0,1,0,77.82399654388428,4,4,0,0,40,0,0,40,2.69
488,2,0,2,0,9.216000325977802,4,4,0,0,40,0,0,40,2.69
488,2,0,3,0,7.168000098317862,4,4,0,0,40,0,0,40,2.69
488,24,0,0,0,8.191999979317188,4,4,0,0,40,0,0,40,2.54
488,24,0,1,0,69.63200122117996,4,4,0,0,40,0,0,40,2.54
488,24,0,2,0,9.216000325977802,4,4,0,0,40,0,0,40,2.54
488,24,0,3,0,4.095999989658594,4,4,0,0,40,0,0,40,2.54
488,40,0,0,1,8.191999979317188,4,4,0,1,39,0,0,40,60.989
488,40,0,1,1,56.32000043988228,4,4,0,1,39,0,0,40,60.989
488,40,0,2,1,9.216000325977802,4,4,0,1,39,0,0,40,60.989
488,40,0,3,1,4.095999989658594,4,4,0,1,39,0,0,40,60.989
489,2,0,0,0,9.216000325977802,4,4,0,0,40,0,0,40,3.09
489,2,0,1,0,87.0399996638298,4,4,0,0,40,0,0,40,3.09
489,2,0,2,0,9.216000325977802,4,4,0,0,40,0,0,40,3.09
489,2,0,3,0,6.144000217318535,4,4,0,0,40,0,0,40,3.09
489,24,0,0,0,8.191999979317188,4,4,0,0,40,0,0,40,2.46
489,24,0,1,0,82.94399827718735,4,4,0,0,40,0,0,40,2.46
489,24,0,2,0,9.216000325977802,4,4,0,0,40,0,0,40,2.46
489,24,0,3,0,4.095999989658594,4,4,0,0,40,0,0,40,2.46
489,40,0,0,1,8.191999979317188,4,4,0,2,38,0,0,40,110.46
489,40,0,1,1,75.77600330114365,4,4,0,2,38,0,0,40,110.46
489,40,0,2,1,9.216000325977802,4,4,0,2,38,0,0,40,110.46
489,40,0,3,1,14.336000196635723,4,4,0,2,38,0,0,40,110.46
490,2,0,0,0,15.359999611973763,4,4,0,2,38,0,0,40,181.11
490,2,0,1,0,77.82399654388428,4,4,0,2,38,0,0,40,181.11
490,2,0,2,0,8.191999979317188,4,4,0,2,38,0,0,40,181.11
490,2,0,3,0,74.75200295448303,4,4,0,2,38,0,0,40,181.11
490,24,0,0,0,8.191999979317188,4,4,0,2,38,0,0,40,94.479
490,24,0,1,0,88.06400001049042,4,4,0,2,38,0,0,40,94.479
490,24,0,2,0,9.216000325977802,4,4,0,2,38,0,0,40,94.479
490,24,0,3,0,4.095999989658594,4,4,0,2,38,0,0,40,94.479
490,40,0,0,1,9.216000325977802,4,4,0,2,38,0,0,40,107.389
490,40,0,1,1,89.08800035715103,4,4,0,2,38,0,0,40,107.389
490,40,0,2,1,9.216000325977802,4,4,0,2,38,0,0,40,107.389
490,40,0,3,1,4.095999989658594,4,4,0,2,38,0,0,40,107.389
491,2,0,0,0,9.216000325977802,4,4,0,3,36,1,0,40,195.839
491,2,0,1,0,72.7040022611618,4,4,0,3,36,1,0,40,195.839
491,2,0,2,0,172.03199863433838,4,4,0,3,36,1,0,40,195.839
491,2,0,3,0,5.119999870657921,4,4,0,3,36,1,0,40,195.839
491,24,0,0,0,8.191999979317188,4,4,0,2,38,0,0,40,235.69
491,24,0,1,0,77.82399654388428,4,4,0,2,38,0,0,40,235.69
491,24,0,2,0,9.216000325977802,4,4,0,2,38,0,0,40,235.69
491,24,0,3,0,137.2160017490387,4,4,0,2,38,0,0,40,235.69
491,40,0,0,1,8.191999979317188,4,4,0,0,40,0,0,40,2.14
491,40,0,1,1,69.63200122117996,4,4,0,0,40,0,0,40,2.14
491,40,0,2,1,9.216000325977802,4,4,0,0,40,0,0,40,2.14
491,40,0,3,1,4.095999989658594,4,4,0,0,40,0,0,40,2.14
492,2,0,0,0,9.216000325977802,4,4,0,1,39,0,0,40,52.29
492,2,0,1,0,87.0399996638298,4,4,0,1,39,0,0,40,52.29
492,2,0,2,0,9.216000325977802,4,4,0,1,39,0,0,40,52.29
492,2,0,3,0,5.119999870657921,4,4,0,1,39,0,0,40,52.29
492,24,0,0,0,8.191999979317188,4,4,0,4,35,1,0,40,174.82
492,24,0,1,0,80.89599758386612,4,4,0,4,35,1,0,40,174.82
492,24,0,2,0,168.96000504493713,4,4,0,4,35,1,0,40,174.82
492,24,0,3,0,5.119999870657921,4,4,0,4,35,1,0,40,174.82
492,40,0,0,1,9.216000325977802,4,4,0,4,35,1,0,40,283.229
492,40,0,1,1,86.01599931716919,4,4,0,4,35,1,0,40,283.229
492,40,0,2,1,190.46400487422943,4,4,0,4,35,1,0,40,283.229
492,40,0,3,1,4.095999989658594,4,4,0,4,35,1,0,40,283.229
493,2,0,0,0,8.191999979317188,4,4,0,1,39,0,0,40,73.349
493,2,0,1,0,82.94399827718735,4,4,0,1,39,0,0,40,73.349
493,2,0,2,0,9.216000325977802,4,4,0,1,39,0,0,40,73.349
493,2,0,3,0,5.119999870657921,4,4,0,1,39,0,0,40,73.349
493,24,0,0,0,7.168000098317862,4,4,0,2,38,0,0,40,107.879
493,24,0,1,0,81.91999793052673,4,4,0,2,38,0,0,40,107.879
493,24,0,2,0,9.216000325977802,4,4,0,2,38,0,0,40,107.879
493,24,0,3,0,4.095999989658594,4,4,0,2,38,0,0,40,107.879
493,40,0,0,1,14.336000196635723,4,4,0,0,40,0,0,40,2.93
493,40,0,1,1,90.11200070381165,4,4,0,0,40,0,0,40,2.93
493,40,0,2,1,9.216000325977802,4,4,0,0,40,0,0,40,2.93
493,40,0,3,1,4.095999989658594,4,4,0,0,40,0,0,40,2.93
494,2,0,0,0,9.216000325977802,4,4,0,0,40,0,0,40,3.38
494,2,0,1,0,88.06400001049042,4,4,0,0,40,0,0,40,3.38
494,2,0,2,0,9.216000325977802,4,4,0,0,40,0,0,40,3.38
494,2,0,3,0,6.144000217318535,4,4,0,0,40,0,0,40,3.38
494,24,0,0,0,8.191999979317188,4,4,0,0,40,0,0,40,2.309
494,24,0,1,0,87.0399996638298,4,4,0,0,40,0,0,40,2.309
494,24,0,2,0,9.216000325977802,4,4,0,0,40,0,0,40,2.309
494,24,0,3,0,4.095999989658594,4,4,0,0,40,0,0,40,2.309
494,40,0,0,1,9.216000325977802,4,4,0,0,40,0,0,40,2.3
494,40,0,1,1,88.06400001049042,4,4,0,0,40,0,0,40,2.3
494,40,0,2,1,9.216000325977802,4,4,0,0,40,0,0,40,2.3
494,40,0,3,1,4.095999989658594,4,4,0,0,40,0,0,40,2.3
495,2,0,0,0,8.191999979317188,4,4,0,0,40,0,0,40,3.571
495,2,0,1,0,83.96799862384796,4,4,0,0,40,0,0,40,3.571
495,2,0,2,0,9.216000325977802,4,4,0,0,40,0,0,40,3.571
495,2,0,3,0,5.119999870657921,4,4,0,0,40,0,0,40,3.571
495,24,0,0,0,8.191999979317188,4,4,0,0,40,0,0,40,2.63
495,24,0,1,0,71.68000191450119,4,4,0,0,40,0,0,40,2.63
495,24,0,2,0,9.216000325977802,4,4,0,0,40,0,0,40,2.63
495,24,0,3,0,4.095999989658594,4,4,0,0,40,0,0,40,2.63
495,40,0,0,1,8.191999979317188,4,4,0,2,38,0,0,40,114.059
495,40,0,1,1,79.8719972372055,4,4,0,2,38,0,0,40,114.059
495,40,0,2,1,9.216000325977802,4,4,0,2,38,0,0,40,114.059
495,40,0,3,1,15.359999611973763,4,4,0,2,38,0,0,40,114.059
496,2,0,0,0,9.216000325977802,4,4,0,0,40,0,0,40,3.651
496,2,0,1,0,91.13600105047226,4,4,0,0,40,0,0,40,3.651
496,2,0,2,0,9.216000325977802,4,4,0,0,40,0,0,40,3.651
496,2,0,3,0,5.119999870657921,4,4,0,0,40,0,0,40,3.651
496,24,0,0,0,8.191999979317188,4,4,0,1,39,0,0,40,50.16
496,24,0,1,0,91.13600105047226,4,4,0,1,39,0,0,40,50.16
496,24,0,2,0,9.216000325977802,4,4,0,1,39,0,0,40,50.16
496,24,0,3,0,4.095999989658594,4,4,0,1,39,0,0,40,50.16
496,40,0,0,1,9.216000325977802,4,4,0,2,38,0,0,40,105.579
496,40,0,1,1,75.77600330114365,4,4,0,2,38,0,0,40,105.579
496,40,0,2,1,9.216000325977802,4,4,0,2,38,0,0,40,105.579
496,40,0,3,1,5.119999870657921,4,4,0,2,38,0,0,40,105.579
497,2,0,0,0,8.191999979317188,4,4,0,1,39,0,0,40,58.65
497,2,0,1,0,86.01599931716919,4,4,0,1,39,0,0,40,58.65
497,2,0,2,0,9.216000325977802,4,4,0,1,39,0,0,40,58.65
497,2,0,3,0,6.144000217318535,4,4,0,1,39,0,0,40,58.65
497,24,0,0,0,7.168000098317862,4,4,0,1,39,0,0,40,53.849
497,24,0,1,0,88.06400001049042,4,4,0,1,39,0,0,40,53.849
497,24,0,2,0,9.216000325977802,4,4,0,1,39,0,0,40,53.849
497,24,0,3,0,4.095999989658594,4,4,0,1,39,0,0,40,53.849
497,40,0,0,1,8.191999979317188,4,4,0,2,38,0,0,40,109.249
497,40,0,1,1,91.13600105047226,4,4,0,2,38,0,0,40,109.249
497,40,0,2,1,9.216000325977802,4,4,0,2,38,0,0,40,109.249
497,40,0,3,1,4.095999989658594,4,4,0,2,38,0,0,40,109.249
498,2,0,0,0,9.216000325977802,4,4,0,0,40,0,0,40,2.25
498,2,0,1,0,83.96799862384796,4,4,0,0,40,0,0,40,2.25
498,2,0,2,0,9.216000325977802,4,4,0,0,40,0,0,40,2.25
498,2,0,3,0,5.119999870657921,4,4,0,0,40,0,0,40,2.25
498,24,0,0,0,8.191999979317188,4,4,0,0,40,0,0,40,2.19
498,24,0,1,0,76.80000364780426,4,4,0,0,40,0,0,40,2.19
498,24,0,2,0,9.216000325977802,4,4,0,0,40,0,0,40,2.19
498,24,0,3,0,4.095999989658594,4,4,0,0,40,0,0,40,2.19
498,40,0,0,1,9.216000325977802,4,4,0,1,39,0,0,40,69.059
498,40,0,1,1,98.30400347709656,4,4,0,1,39,0,0,40,69.059
498,40,0,2,1,9.216000325977802,4,4,0,1,39,0,0,40,69.059
498,40,0,3,1,4.095999989658594,4,4,0,1,39,0,0,40,69.059
499,2,0,0,0,9.216000325977802,4,4,0,0,40,0,0,40,2.86
499,2,0,1,0,86.01599931716919,4,4,0,0,40,0,0,40,2.86
499,2,0,2,0,8.191999979317188,4,4,0,0,40,0,0,40,2.86
499,2,0,3,0,5.119999870657921,4,4,0,0,40,0,0,40,2.86
499,24,0,0,0,8.191999979317188,4,4,0,2,38,0,0,40,87.32
499,24,0,1,0,77.82399654388428,4,4,0,2,38,0,0,40,87.32
499,24,0,2,0,9.216000325977802,4,4,0,2,38,0,0,40,87.32
499,24,0,3,0,4.095999989658594,4,4,0,2,38,0,0,40,87.32
499,40,0,0,1,14.336000196635723,4,4,0,2,38,0,0,40,100.84
499,40,0,1,1,80.89599758386612,4,4,0,2,38,0,0,40,100.84
499,40,0,2,1,8.191999979317188,4,4,0,2,38,0,0,40,100.84
499,40,0,3,1,4.095999989658594,4,4,0,2,38,0,0,40,100.84
500,2,0,0,0,8.191999979317188,4,4,0,1,39,0,0,40,48.71
500,2,0,1,0,86.01599931716919,4,4,0,1,39,0,0,40,48.71
500,2,0,2,0,9.216000325977802,4,4,0,1,39,0,0,40,48.71
500,2,0,3,0,6.144000217318535,4,4,0,1,39,0,0,40,48.71
500,24,0,0,0,8.191999979317188,4,4,0,1,39,0,0,40,52.44
500,24,0,1,0,77.82399654388428,4,4,0,1,39,0,0,40,52.44
500,24,0,2,0,9.216000325977802,4,4,0,1,39,0,0,40,52.44
500,24,0,3,0,4.095999989658594,4,4,0,1,39,0,0,40,52.44
500,40,0,0,1,8.191999979317188,4,4,0,0,40,0,0,40,1.94
500,40,0,1,1,74.75200295448303,4,4,0,0,40,0,0,40,1.94
500,40,0,2,1,8.191999979317188,4,4,0,0,40,0,0,40,1.94
500,40,0,3,1,4.095999989658594,4,4,0,0,40,0,0,40,1.94
501,2,0,0,0,14.336000196635723,4,4,0,0,40,0,0,40,2.25
501,2,0,1,0,81.91999793052673,4,4,0,0,40,0,0,40,2.25
501,2,0,2,0,9.216000325977802,4,4,0,0,40,0,0,40,2.25
501,2,0,3,0,5.119999870657921,4,4,0,0,40,0,0,40,2.25
501,24,0,0,0,8.191999979317188,4,4,0,1,39,0,0,40,53.34
501,24,0,1,0,71.68000191450119,4,4,0,1,39,0,0,40,53.34
501,24,0,2,0,8.191999979317188,4,4,0,1,39,0,0,40,53.34
501,24,0,3,0,4.095999989658594,4,4,0,1,39,0,0,40,53.34
501,40,0,0,1,9.216000325977802,4,4,0,0,40,0,0,40,3.17
501,40,0,1,1,105.47199845314026,4,4,0,0,40,0,0,40,3.17
501,40,0,2,1,9.216000325977802,4,4,0,0,40,0,0,40,3.17
501,40,0,3,1,4.095999989658594,4,4,0,0,40,0,0,40,3.17
502,2,0,0,0,9.216000325977802,4,4,0,1,39,0,0,40,107.58
502,2,0,1,0,93.18400174379349,4,4,0,1,39,0,0,40,107.58
502,2,0,2,0,8.191999979317188,4,4,0,1,39,0,0,40,107.58
502,2,0,3,0,5.119999870657921,4,4,0,1,39,0,0,40,107.58
502,24,0,0,0,7.168000098317862,4,4,0,2,38,0,0,40,83.791
502,24,0,1,0,82.94399827718735,4,4,0,2,38,0,0,40,83.791
502,24,0,2,0,9.216000325977802,4,4,0,2,38,0,0,40,83.791
502,24,0,3,0,4.095999989658594,4,4,0,2,38,0,0,40,83.791
502,40,0,0,1,15.359999611973763,4,4,0,2,38,0,0,40,133.05
502,40,0,1,1,76.80000364780426,4,4,0,2,38,0,0,40,133.05
502,40,0,2,1,9.216000325977802,4,4,0,2,38,0,0,40,133.05
502,40,0,3,1,26.623999699950218,4,4,0,2,38,0,0,40,133.05
503,2,0,0,0,9.216000325977802,4,4,0,0,40,0,0,40,3.37
503,2,0,1,0,89.08800035715103,4,4,0,0,40,0,0,40,3.37
503,2,0,2,0,9.216000325977802,4,4,0,0,40,0,0,40,3.37
503,2,0,3,0,6.144000217318535,4,4,0,0,40,0,0,40,3.37
503,24,0,0,0,8.191999979317188,4,4,0,1,39,0,0,40,65.291
503,24,0,1,0,82.94399827718735,4,4,0,1,39,0,0,40,65.291
503,24,0,2,0,8.191999979317188,4,4,0,1,39,0,0,40,65.291
503,24,0,3,0,3.0720001086592674,4,4,0,1,39,0,0,40,65.291
503,40,0,0,1,9.216000325977802,4,4,0,2,38,0,0,40,124.03
503,40,0,1,1,89.08800035715103,4,4,0,2,38,0,0,40,124.03
503,40,0,2,1,10.239999741315842,4,4,0,2,38,0,0,40,124.03
503,40,0,3,1,15.359999611973763,4,4,0,2,38,0,0,40,124.03
504,2,0,0,0,9.216000325977802,4,4,0,0,40,0,0,40,3.011
504,2,0,1,0,87.0399996638298,4,4,0,0,40,0,0,40,3.011
504,2,0,2,0,8.191999979317188,4,4,0,0,40,0,0,40,3.011
504,2,0,3,0,6.144000217318535,4,4,0,0,40,0,0,40,3.011
504,24,0,0,0,8.191999979317188,4,4,0,0,40,0,0,40,2.18
504,24,0,1,0,88.06400001049042,4,4,0,0,40,0,0,40,2.18
504,24,0,2,0,9.216000325977802,4,4,0,0,40,0,0,40,2.18
504,24,0,3,0,4.095999989658594,4,4,0,0,40,0,0,40,2.18
504,40,0,0,1,9.216000325977802,4,4,0,1,39,0,0,40,68.46
504,40,0,1,1,99.32799637317657,4,4,0,1,39,0,0,40,68.46
504,40,0,2,1,9.216000325977802,4,4,0,1,39,0,0,40,68.46
504,40,0,3,1,4.095999989658594,4,4,0,1,39,0,0,40,68.46
505,2,0,0,0,9.216000325977802,4,4,0,1,39,0,0,40,62.32
505,2,0,1,0,86.01599931716919,4,4,0,1,39,0,0,40,62.32
505,2,0,2,0,8.191999979317188,4,4,0,1,39,0,0,40,62.32
505,2,0,3,0,5.119999870657921,4,4,0,1,39,0,0,40,62.32
505,24,0,0,0,7.168000098317862,4,4,0,2,38,0,0,40,107.51
505,24,0,1,0,73.72800260782242,4,4,0,2,38,0,0,40,107.51
505,24,0,2,0,10.239999741315842,4,4,0,2,38,0,0,40,107.51
505,24,0,3,0,11.264000087976456,4,4,0,2,38,0,0,40,107.51
505,40,0,0,1,8.191999979317188,4,4,0,3,36,1,0,40,156.089
505,40,0,1,1,72.7040022611618,4,4,0,3,36,1,0,40,156.089
505,40,0,2,1,194.5600062608719,4,4,0,3,36,1,0,40,156.089
505,40,0,3,1,4.095999989658594,4,4,0,3,36,1,0,40,156.089
506,2,0,0,0,10.239999741315842,4,4,0,0,40,0,0,40,3.26
506,2,0,1,0,70.65600156784058,4,4,0,0,40,0,0,40,3.26
506,2,0,2,0,9.216000325977802,4,4,0,0,40,0,0,40,3.26
506,2,0,3,0,6.144000217318535,4,4,0,0,40,0,0,40,3.26
506,24,0,0,0,8.191999979317188,4,4,0,2,38,0,0,40,93.659
506,24,0,1,0,75.77600330114365,4,4,0,2,38,0,0,40,93.659
506,24,0,2,0,10.239999741315842,4,4,0,2,38,0,0,40,93.659
506,24,0,3,0,9.216000325977802,4,4,0,2,38,0,0,40,93.659
506,40,0,0,1,9.216000325977802,4,4,0,1,39,0,0,40,65.26
506,40,0,1,1,81.91999793052673,4,4,0,1,39,0,0,40,65.26
506,40,0,2,1,9.216000325977802,4,4,0,1,39,0,0,40,65.26
506,40,0,3,1,4.095999989658594,4,4,0,1,39,0,0,40,65.26
507,2,0,0,0,9.216000325977802,4,4,0,0,40,0,0,40,1.68
507,2,0,1,0,87.0399996638298,4,4,0,0,40,0,0,40,1.68
507,2,0,2,0,9.216000325977802,4,4,0,0,40,0,0,40,1.68
507,2,0,3,0,6.144000217318535,4,4,0,0,40,0,0,40,1.68
507,24,0,0,0,8.191999979317188,4,4,0,0,40,0,0,40,2.11
507,24,0,1,0,82.94399827718735,4,4,0,0,40,0,0,40,2.11
507,24,0,2,0,9.216000325977802,4,4,0,0,40,0,0,40,2.11
507,24,0,3,0,4.095999989658594,4,4,0,0,40,0,0,40,2.11
507,40,0,0,1,8.191999979317188,4,4,0,1,39,0,0,40,163.869
507,40,0,1,1,75.77600330114365,4,4,0,1,39,0,0,40,163.869
507,40,0,2,1,8.191999979317188,4,4,0,1,39,0,0,40,163.869
507,40,0,3,1,70.65600156784058,4,4,0,1,39,0,0,40,163.869
508,2,0,0,0,9.216000325977802,4,4,0,0,40,0,0,40,2.07
508,2,0,1,0,87.0399996638298,4,4,0,0,40,0,0,40,2.07
508,2,0,2,0,9.216000325977802,4,4,0,0,40,0,0,40,2.07
508,2,0,3,0,5.119999870657921,4,4,0,0,40,0,0,40,2.07
508,24,0,0,0,8.191999979317188,4,4,0,0,40,0,0,40,2.071
508,24,0,1,0,77.82399654388428,4,4,0,0,40,0,0,40,2.071
508,24,0,2,0,9.216000325977802,4,4,0,0,40,0,0,40,2.071
508,24,0,3,0,4.095999989658594,4,4,0,0,40,0,0,40,2.071
508,40,0,0,1,8.191999979317188,4,4,0,0,40,0,0,40,1.94
508,40,0,1,1,80.89599758386612,4,4,0,0,40,0,0,40,1.94
508,40,0,2,1,9.216000325977802,4,4,0,0,40,0,0,40,1.94
508,40,0,3,1,4.095999989658594,4,4,0,0,40,0,0,40,1.94
509,2,0,0,0,9.216000325977802,4,4,0,0,40,0,0,40,2.11
509,2,0,1,0,88.06400001049042,4,4,0,0,40,0,0,40,2.11
509,2,0,2,0,8.191999979317188,4,4,0,0,40,0,0,40,2.11
509,2,0,3,0,5.119999870657921,4,4,0,0,40,0,0,40,2.11
509,24,0,0,0,8.191999979317188,4,4,0,1,39,0,0,40,51.88
509,24,0,1,0,87.0399996638298,4,4,0,1,39,0,0,40,51.88
509,24,0,2,0,9.216000325977802,4,4,0,1,39,0,0,40,51.88
509,24,0,3,0,4.095999989658594,4,4,0,1,39,0,0,40,51.88
509,40,0,0,1,8.191999979317188,4,4,0,3,37,0,0,40,125.149
509,40,0,1,1,75.77600330114365,4,4,0,3,37,0,0,40,125.149
509,40,0,2,1,9.216000325977802,4,4,0,3,37,0,0,40,125.149
509,40,0,3,1,29.69600073993206,4,4,0,3,37,0,0,40,125.149
510,2,0,0,0,9.216000325977802,4,4,0,1,39,0,0,40,53.74
510,2,0,1,0,71.68000191450119,4,4,0,1,39,0,0,40,53.74
510,2,0,2,0,8.191999979317188,4,4,0,1,39,0,0,40,53.74
510,2,0,3,0,5.119999870657921,4,4,0,1,39,0,0,40,53.74
510,24,0,0,0,8.191999979317188,4,4,0,0,40,0,0,40,1.74
510,24,0,1,0,60.416001826524734,4,4,0,0,40,0,0,40,1.74
510,24,0,2,0,9.216000325977802,4,4,0,0,40,0,0,40,1.74
510,24,0,3,0,4.095999989658594,4,4,0,0,40,0,0,40,1.74
510,40,0,0,1,9.216000325977802,4,4,0,1,39,0,0,40,75.0
510,40,0,1,1,65.5359998345375,4,4,0,1,39,0,0,40,75.0
510,40,0,2,1,9.216000325977802,4,4,0,1,39,0,0,40,75.0
510,40,0,3,1,4.095999989658594,4,4,0,1,39,0,0,40,75.0
511,2,0,0,0,9.216000325977802,4,4,0,1,39,0,0,40,89.569
511,2,0,1,0,83.96799862384796,4,4,0,1,39,0,0,40,89.569
511,2,0,2,0,9.216000325977802,4,4,0,1,39,0,0,40,89.569
511,2,0,3,0,5.119999870657921,4,4,0,1,39,0,0,40,89.569
511,24,0,0,0,8.191999979317188,4,4,0,1,39,0,0,40,62.119
511,24,0,1,0,70.65600156784058,4,4,0,1,39,0,0,40,62.119
511,24,0,2,0,9.216000325977802,4,4,0,1,39,0,0,40,62.119
511,24,0,3,0,4.095999989658594,4,4,0,1,39,0,0,40,62.119
511,40,0,0,1,8.191999979317188,4,4,0,0,40,0,0,40,1.67
511,40,0,1,1,69.63200122117996,4,4,0,0,40,0,0,40,1.67
511,40,0,2,1,9.216000325977802,4,4,0,0,40,0,0,40,1.67
511,40,0,3,1,3.0720001086592674,4,4,0,0,40,0,0,40,1.67
512,2,0,0,0,15.359999611973763,4,4,0,0,40,0,0,40,2.329
512,2,0,1,0,68.60800087451935,4,4,0,0,40,0,0,40,2.329
512,2,0,2,0,9.216000325977802,4,4,0,0,40,0,0,40,2.329
512,2,0,3,0,5.119999870657921,4,4,0,0,40,0,0,40,2.329
512,24,0,0,0,7.168000098317862,4,4,0,3,36,1,0,40,132.509
512,24,0,1,0,69.63200122117996,4,4,0,3,36,1,0,40,132.509
512,24,0,2,0,168.96000504493713,4,4,0,3,36,1,0,40,132.509
512,24,0,3,0,5.119999870657921,4,4,0,3,36,1,0,40,132.509
512,40,0,0,1,8.191999979317188,4,4,0,1,39,0,0,40,58.61
512,40,0,1,1,97.28000313043594,4,4,0,1,39,0,0,40,58.61
512,40,0,2,1,8.191999979317188,4,4,0,1,39,0,0,40,58.61
512,40,0,3,1,4.095999989658594,4,4,0,1,39,0,0,40,58.61
513,2,0,0,0,14.336000196635723,4,4,0,0,40,0,0,40,2.01
513,2,0,1,0,87.0399996638298,4,4,0,0,40,0,0,40,2.01
513,2,0,2,0,9.216000325977802,4,4,0,0,40,0,0,40,2.01
513,2,0,3,0,5.119999870657921,4,4,0,0,40,0,0,40,2.01
513,24,0,0,0,8.191999979317188,4,4,0,3,37,0,0,40,120.609
513,24,0,1,0,69.63200122117996,4,4,0,3,37,0,0,40,120.609
513,24,0,2,0,10.239999741315842,4,4,0,3,37,0,0,40,120.609
513,24,0,3,0,28.672000393271446,4,4,0,3,37,0,0,40,120.609
513,40,0,0,1,8.191999979317188,4,4,0,1,39,0,0,40,70.28
513,40,0,1,1,58.36800113320351,4,4,0,1,39,0,0,40,70.28
513,40,0,2,1,9.216000325977802,4,4,0,1,39,0,0,40,70.28
513,40,0,3,1,4.095999989658594,4,4,0,1,39,0,0,40,70.28
514,2,0,0,0,8.191999979317188,4,4,0,2,38,0,0,40,186.479
514,2,0,1,0,69.63200122117996,4,4,0,2,38,0,0,40,186.479
514,2,0,2,0,9.216000325977802,4,4,0,2,38,0,0,40,186.479
514,2,0,3,0,94.2080020904541,4,4,0,2,38,0,0,40,186.479
514,24,0,0,0,9.216000325977802,4,4,0,0,40,0,0,40,1.931
514,24,0,1,0,86.01599931716919,4,4,0,0,40,0,0,40,1.931
514,24,0,2,0,9.216000325977802,4,4,0,0,40,0,0,40,1.931
514,24,0,3,0,4.095999989658594,4,4,0,0,40,0,0,40,1.931
514,40,0,0,1,8.191999979317188,4,4,0,0,40,0,0,40,2.23
514,40,0,1,1,77.82399654388428,4,4,0,0,40,0,0,40,2.23
514,40,0,2,1,9.216000325977802,4,4,0,0,40,0,0,40,2.23
514,40,0,3,1,4.095999989658594,4,4,0,0,40,0,0,40,2.23
515,2,0,0,0,8.191999979317188,4,4,0,0,40,0,0,40,2.669
515,2,0,1,0,86.01599931716919,4,4,0,0,40,0,0,40,2.669
515,2,0,2,0,9.216000325977802,4,4,0,0,40,0,0,40,2.669
515,2,0,3,0,6.144000217318535,4,4,0,0,40,0,0,40,2.669
515,24,0,0,0,8.191999979317188,4,4,0,0,40,0,0,40,1.85
515,24,0,1,0,91.13600105047226,4,4,0,0,40,0,0,40,1.85
515,24,0,2,0,9.216000325977802,4,4,0,0,40,0,0,40,1.85
515,24,0,3,0,4.095999989658594,4,4,0,0,40,0,0,40,1.85
515,40,0,0,1,15.359999611973763,4,4,0,1,39,0,0,40,58.589
515,40,0,1,1,108.5439994931221,4,4,0,1,39,0,0,40,58.589
515,40,0,2,1,9.216000325977802,4,4,0,1,39,0,0,40,58.589
515,40,0,3,1,4.095999989658594,4,4,0,1,39,0,0,40,58.589
516,2,0,0,0,15.359999611973763,4,4,0,0,40,0,0,40,2.46
516,2,0,1,0,70.65600156784058,4,4,0,0,40,0,0,40,2.46
516,2,0,2,0,8.191999979317188,4,4,0,0,40,0,0,40,2.46
516,2,0,3,0,6.144000217318535,4,4,0,0,40,0,0,40,2.46
516,24,0,0,0,8.191999979317188,4,4,0,3,36,1,0,40,143.3
516,24,0,1,0,71.68000191450119,4,4,0,3,36,1,0,40,143.3
516,24,0,2,0,163.83999586105347,4,4,0,3,36,1,0,40,143.3
516,24,0,3,0,4.095999989658594,4,4,0,3,36,1,0,40,143.3
516,40,0,0,1,8.191999979317188,4,4,0,1,39,0,0,40,58.58
516,40,0,1,1,66.56000018119812,4,4,0,1,39,0,0,40,58.58
516,40,0,2,1,9.216000325977802,4,4,0,1,39,0,0,40,58.58
516,40,0,3,1,4.095999989658594,4,4,0,1,39,0,0,40,58.58
517,2,0,0,0,9.216000325977802,4,4,0,0,40,0,0,40,2.56
517,2,0,1,0,81.91999793052673,4,4,0,0,40,0,0,40,2.56
517,2,0,2,0,9.216000325977802,4,4,0,0,40,0,0,40,2.56
517,2,0,3,0,4.095999989658594,4,4,0,0,40,0,0,40,2.56
517,24,0,0,0,8.191999979317188,4,4,0,0,40,0,0,40,2.291
517,24,0,1,0,82.94399827718735,4,4,0,0,40,0,0,40,2.291
517,24,0,2,0,9.216000325977802,4,4,0,0,40,0,0,40,2.291
517,24,0,3,0,4.095999989658594,4,4,0,0,40,0,0,40,2.291
517,40,0,0,1,8.191999979317188,4,4,0,2,38,0,0,40,121.95
517,40,0,1,1,75.77600330114365,4,4,0,2,38,0,0,40,121.95
517,40,0,2,1,8.191999979317188,4,4,0,2,38,0,0,40,121.95
517,40,0,3,1,28.672000393271446,4,4,0,2,38,0,0,40,121.95
518,2,0,0,0,10.239999741315842,4,4,0,0,40,0,0,40,4.05
518,2,0,1,0,87.0399996638298,4,4,0,0,40,0,0,40,4.05
518,2,0,2,0,9.216000325977802,4,4,0,0,40,0,0,40,4.05
518,2,0,3,0,5.119999870657921,4,4,0,0,40,0,0,40,4.05
518,24,0,0,0,8.191999979317188,4,4,0,1,39,0,0,40,56.651
518,24,0,1,0,78.84799689054489,4,4,0,1,39,0,0,40,56.651
518,24,0,2,0,8.191999979317188,4,4,0,1,39,0,0,40,56.651
518,24,0,3,0,3.0720001086592674,4,4,0,1,39,0,0,40,56.651
518,40,0,0,1,10.239999741315842,4,4,0,1,39,0,0,40,69.699
518,40,0,1,1,88.06400001049042,4,4,0,1,39,0,0,40,69.699
518,40,0,2,1,9.216000325977802,4,4,0,1,39,0,0,40,69.699
518,40,0,3,1,3.0720001086592674,4,4,0,1,39,0,0,40,69.699
519,2,0,0,0,9.216000325977802,4,4,0,0,40,0,0,40,2.329
519,2,0,1,0,67.58400052785873,4,4,0,0,40,0,0,40,2.329
519,2,0,2,0,9.216000325977802,4,4,0,0,40,0,0,40,2.329
519,2,0,3,0,6.144000217318535,4,4,0,0,40,0,0,40,2.329
519,24,0,0,0,8.191999979317188,4,4,0,1,39,0,0,40,52.929
519,24,0,1,0,66.56000018119812,4,4,0,1,39,0,0,40,52.929
519,24,0,2,0,9.216000325977802,4,4,0,1,39,0,0,40,52.929
519,24,0,3,0,4.095999989658594,4,4,0,1,39,0,0,40,52.929
519,40,0,0,1,8.191999979317188,4,4,0,3,37,0,0,40,165.519
519,40,0,1,1,97.28000313043594,4,4,0,3,37,0,0,40,165.519
519,40,0,2,1,9.216000325977802,4,4,0,3,37,0,0,40,165.519
519,40,0,3,1,50.175998359918594,4,4,0,3,37,0,0,40,165.519
520,2,0,0,0,10.239999741315842,4,4,0,0,40,0,0,40,3.05
520,2,0,1,0,88.06400001049042,4,4,0,0,40,0,0,40,3.05
520,2,0,2,0,9.216000325977802,4,4,0,0,40,0,0,40,3.05
520,2,0,3,0,5.119999870657921,4,4,0,0,40,0,0,40,3.05
520,24,0,0,0,8.191999979317188,4,4,0,1,39,0,0,40,64.979
520,24,0,1,0,80.89599758386612,4,4,0,1,39,0,0,40,64.979
520,24,0,2,0,9.216000325977802,4,4,0,1,39,0,0,40,64.979
520,24,0,3,0,4.095999989658594,4,4,0,1,39,0,0,40,64.979
520,40,0,0,1,9.216000325977802,4,4,0,0,40,0,0,40,1.9
520,40,0,1,1,66.56000018119812,4,4,0,0,40,0,0,40,1.9
520,40,0,2,1,9.216000325977802,4,4,0,0,40,0,0,40,1.9
520,40,0,3,1,5.119999870657921,4,4,0,0,40,0,0,40,1.9
521,2,0,0,0,10.239999741315842,4,4,0,2,38,0,0,40,59.059
521,2,0,1,0,83.96799862384796,4,4,0,2,38,0,0,40,59.059
521,2,0,2,0,9.216000325977802,4,4,0,2,38,0,0,40,59.059
521,2,0,3,0,6.144000217318535,4,4,0,2,38,0,0,40,59.059
521,24,0,0,0,7.168000098317862,4,4,0,1,39,0,0,40,50.611
521,24,0,1,0,69.63200122117996,4,4,0,1,39,0,0,40,50.611
521,24,0,2,0,9.216000325977802,4,4,0,1,39,0,0,40,50.611
521,24,0,3,0,5.119999870657921,4,4,0,1,39,0,0,40,50.611
521,40,0,0,1,15.359999611973763,4,4,0,2,38,0,0,40,106.54
521,40,0,1,1,76.80000364780426,4,4,0,2,38,0,0,40,106.54
521,40,0,2,1,9.216000325977802,4,4,0,2,38,0,0,40,106.54
521,40,0,3,1,5.119999870657921,4,4,0,2,38,0,0,40,106.54
522,2,0,0,0,9.216000325977802,4,4,0,0,40,0,0,40,2.6
522,2,0,1,0,80.89599758386612,4,4,0,0,40,0,0,40,2.6
522,2,0,2,0,9.216000325977802,4,4,0,0,40,0,0,40,2.6
522,2,0,3,0,5.119999870657921,4,4,0,0,40,0,0,40,2.6
522,24,0,0,0,8.191999979317188,4,4,0,2,38,0,0,40,53.509
522,24,0,1,0,73.72800260782242,4,4,0,2,38,0,0,40,53.509
522,24,0,2,0,9.216000325977802,4,4,0,2,38,0,0,40,53.509
522,24,0,3,0,4.095999989658594,4,4,0,2,38,0,0,40,53.509
522,40,0,0,1,8.191999979317188,4,4,0,1,39,0,0,40,68.3
522,40,0,1,1,96.25600278377533,4,4,0,1,39,0,0,40,68.3
522,40,0,2,1,9.216000325977802,4,4,0,1,39,0,0,40,68.3
522,40,0,3,1,4.095999989658594,4,4,0,1,39,0,0,40,68.3
523,2,0,0,0,9.216000325977802,4,4,0,1,39,0,0,40,51.74
523,2,0,1,0,92.16000139713287,4,4,0,1,39,0,0,40,51.74
523,2,0,2,0,9.216000325977802,4,4,0,1,39,0,0,40,51.74
523,2,0,3,0,4.095999989658594,4,4,0,1,39,0,0,40,51.74
523,24,0,0,0,8.191999979317188,4,4,0,1,39,0,0,40,53.009
523,24,0,1,0,73.72800260782242,4,4,0,1,39,0,0,40,53.009
523,24,0,2,0,8.191999979317188,4,4,0,1,39,0,0,40,53.009
523,24,0,3,0,4.095999989658594,4,4,0,1,39,0,0,40,53.009
523,40,0,0,1,8.191999979317188,4,4,0,1,39,0,0,40,60.58
523,40,0,1,1,70.65600156784058,4,4,0,1,39,0,0,40,60.58
523,40,0,2,1,9.216000325977802,4,4,0,1,39,0,0,40,60.58
523,40,0,3,1,4.095999989658594,4,4,0,1,39,0,0,40,60.58
524,2,0,0,0,8.191999979317188,4,4,0,0,40,0,0,40,3.109
524,2,0,1,0,83.96799862384796,4,4,0,0,40,0,0,40,3.109
524,2,0,2,0,9.216000325977802,4,4,0,0,40,0,0,40,3.109
524,2,0,3,0,7.168000098317862,4,4,0,0,40,0,0,40,3.109
524,24,0,0,0,8.191999979317188,4,4,0,0,40,0,0,40,3.06
524,24,0,1,0,87.0399996638298,4,4,0,0,40,0,0,40,3.06
524,24,0,2,0,9.216000325977802,4,4,0,0,40,0,0,40,3.06
524,24,0,3,0,4.095999989658594,4,4,0,0,40,0,0,40,3.06
524,40,0,0,1,8.191999979317188,4,4,0,2,38,0,0,40,114.199
524,40,0,1,1,91.13600105047226,4,4,0,2,38,0,0,40,114.199
524,40,0,2,1,8.191999979317188,4,4,0,2,38,0,0,40,114.199
524,40,0,3,1,4.095999989658594,4,4,0,2,38,0,0,40,114.199
525,2,0,0,0,9.216000325977802,4,4,0,0,40,0,0,40,2.6
525,2,0,1,0,84.99199897050858,4,4,0,0,40,0,0,40,2.6
525,2,0,2,0,9.216000325977802,4,4,0,0,40,0,0,40,2.6
525,2,0,3,0,5.119999870657921,4,4,0,0,40,0,0,40,2.6
525,24,0,0,0,8.191999979317188,4,4,0,0,40,0,0,40,1.891
525,24,0,1,0,88.06400001049042,4,4,0,0,40,0,0,40,1.891
525,24,0,2,0,9.216000325977802,4,4,0,0,40,0,0,40,1.891
525,24,0,3,0,4.095999989658594,4,4,0,0,40,0,0,40,1.891
525,40,0,0,1,8.191999979317188,4,4,0,2,38,0,0,40,104.5
525,40,0,1,1,99.32799637317657,4,4,0,2,38,0,0,40,104.5
525,40,0,2,1,9.216000325977802,4,4,0,2,38,0,0,40,104.5
525,40,0,3,1,4.095999989658594,4,4,0,2,38,0,0,40,104.5
526,2,0,0,0,9.216000325977802,4,4,0,1,39,0,0,40,52.32
526,2,0,1,0,82.94399827718735,4,4,0,1,39,0,0,40,52.32
526,2,0,2,0,9.216000325977802,4,4,0,1,39,0,0,40,52.32
526,2,0,3,0,5.119999870657921,4,4,0,1,39,0,0,40,52.32
526,24,0,0,0,8.191999979317188,4,4,0,2,38,0,0,40,100.39
526,24,0,1,0,86.01599931716919,4,4,0,2,38,0,0,40,100.39
526,24,0,2,0,8.191999979317188,4,4,0,2,38,0,0,40,100.39
526,24,0,3,0,4.095999989658594,4,4,0,2,38,0,0,40,100.39
526,40,0,0,1,9.216000325977802,4,4,0,2,38,0,0,40,113.339
526,40,0,1,1,66.56000018119812,4,4,0,2,38,0,0,40,113.339
526,40,0,2,1,9.216000325977802,4,4,0,2,38,0,0,40,113.339
526,40,0,3,1,24.57600086927414,4,4,0,2,38,0,0,40,113.339
527,2,0,0,0,9.216000325977802,4,4,0,0,40,0,0,40,2.4
527,2,0,1,0,75.77600330114365,4,4,0,0,40,0,0,40,2.4
527,2,0,2,0,9.216000325977802,4,4,0,0,40,0,0,40,2.4
527,2,0,3,0,7.168000098317862,4,4,0,0,40,0,0,40,2.4
527,24,0,0,0,13.311999849975109,4,4,0,0,40,0,0,40,1.93
527,24,0,1,0,79.8719972372055,4,4,0,0,40,0,0,40,1.93
527,24,0,2,0,9.216000325977802,4,4,0,0,40,0,0,40,1.93
527,24,0,3,0,4.095999989658594,4,4,0,0,40,0,0,40,1.93
527,40,0,0,1,8.191999979317188,4,4,0,1,39,0,0,40,78.989
527,40,0,1,1,77.82399654388428,4,4,0,1,39,0,0,40,78.989
527,40,0,2,1,8.191999979317188,4,4,0,1,39,0,0,40,78.989
527,40,0,3,1,4.095999989658594,4,4,0,1,39,0,0,40,78.989
528,2,0,0,0,9.216000325977802,4,4,0,0,40,0,0,40,2.2
528,2,0,1,0,89.08800035715103,4,4,0,0,40,0,0,40,2.2
528,2,0,2,0,9.216000325977802,4,4,0,0,40,0,0,40,2.2
528,2,0,3,0,4.095999989658594,4,4,0,0,40,0,0,40,2.2
528,24,0,0,0,8.191999979317188,4,4,0,2,38,0,0,40,97.15
528,24,0,1,0,72.7040022611618,4,4,0,2,38,0,0,40,97.15
528,24,0,2,0,9.216000325977802,4,4,0,2,38,0,0,40,97.15
528,24,0,3,0,6.144000217318535,4,4,0,2,38,0,0,40,97.15
528,40,0,0,1,8.191999979317188,4,4,0,2,38,0,0,40,185.569
528,40,0,1,1,105.47199845314026,4,4,0,2,38,0,0,40,185.569
528,40,0,2,1,9.216000325977802,4,4,0,2,38,0,0,40,185.569
528,40,0,3,1,58.36800113320351,4,4,0,2,38,0,0,40,185.569
529,2,0,0,0,9.216000325977802,4,4,0,1,39,0,0,40,87.01
529,2,0,1,0,62.463998794555664,4,4,0,1,39,0,0,40,87.01
529,2,0,2,0,9.216000325977802,4,4,0,1,39,0,0,40,87.01
529,2,0,3,0,6.144000217318535,4,4,0,1,39,0,0,40,87.01
529,24,0,0,0,8.191999979317188,4,4,0,1,39,0,0,40,49.2
529,24,0,1,0,74.75200295448303,4,4,0,1,39,0,0,40,49.2
529,24,0,2,0,9.216000325977802,4,4,0,1,39,0,0,40,49.2
529,24,0,3,0,4.095999989658594,4,4,0,1,39,0,0,40,49.2
529,40,0,0,1,9.216000325977802,4,4,0,0,40,0,0,40,2.589
529,40,0,1,1,89.08800035715103,4,4,0,0,40,0,0,40,2.589
529,40,0,2,1,9.216000325977802,4,4,0,0,40,0,0,40,2.589
529,40,0,3,1,4.095999989658594,4,4,0,0,40,0,0,40,2.589
530,2,0,0,0,9.216000325977802,4,4,0,0,40,0,0,40,2.84
530,2,0,1,0,88.06400001049042,4,4,0,0,40,0,0,40,2.84
530,2,0,2,0,9.216000325977802,4,4,0,0,40,0,0,40,2.84
530,2,0,3,0,5.119999870657921,4,4,0,0,40,0,0,40,2.84
530,24,0,0,0,9.216000325977802,4,4,0,0,40,0,0,40,1.93
530,24,0,1,0,83.96799862384796,4,4,0,0,40,0,0,40,1.93
530,24,0,2,0,9.216000325977802,4,4,0,0,40,0,0,40,1.93
530,24,0,3,0,3.0720001086592674,4,4,0,0,40,0,0,40,1.93
530,40,0,0,1,9.216000325977802,4,4,0,1,39,0,0,40,72.199
530,40,0,1,1,70.65600156784058,4,4,0,1,39,0,0,40,72.199
530,40,0,2,1,8.191999979317188,4,4,0,1,39,0,0,40,72.199
530,40,0,3,1,4.095999989658594,4,4,0,1,39,0,0,40,72.199
531,2,0,0,0,8.191999979317188,4,4,0,0,40,0,0,40,2.8
531,2,0,1,0,86.01599931716919,4,4,0,0,40,0,0,40,2.8
531,2,0,2,0,9.216000325977802,4,4,0,0,40,0,0,40,2.8
531,2,0,3,0,5.119999870657921,4,4,0,0,40,0,0,40,2.8
531,24,0,0,0,8.191999979317188,4,4,0,3,37,0,0,40,181.73
531,24,0,1,0,73.72800260782242,4,4,0,3,37,0,0,40,181.73
531,24,0,2,0,9.216000325977802,4,4,0,3,37,0,0,40,181.73
531,24,0,3,0,84.99199897050858,4,4,0,3,37,0,0,40,181.73
531,40,0,0,1,8.191999979317188,4,4,0,1,39,0,0,40,57.46
531,40,0,1,1,93.18400174379349,4,4,0,1,39,0,0,40,57.46
531,40,0,2,1,8.191999979317188,4,4,0,1,39,0,0,40,57.46
531,40,0,3,1,4.095999989658594,4,4,0,1,39,0,0,40,57.46
532,2,0,0,0,8.191999979317188,4,4,0,1,39,0,0,40,52.42
532,2,0,1,0,60.416001826524734,4,4,0,1,39,0,0,40,52.42
532,2,0,2,0,9.216000325977802,4,4,0,1,39,0,0,40,52.42
532,2,0,3,0,5.119999870657921,4,4,0,1,39,0,0,40,52.42
532,24,0,0,0,8.191999979317188,4,4,0,0,40,0,0,40,2.56
532,24,0,1,0,78.84799689054489,4,4,0,0,40,0,0,40,2.56
532,24,0,2,0,9.216000325977802,4,4,0,0,40,0,0,40,2.56
532,24,0,3,0,4.095999989658594,4,4,0,0,40,0,0,40,2.56
532,40,0,0,1,9.216000325977802,4,4,0,0,40,0,0,40,2.4
532,40,0,1,1,96.25600278377533,4,4,0,0,40,0,0,40,2.4
532,40,0,2,1,9.216000325977802,4,4,0,0,40,0,0,40,2.4
532,40,0,3,1,4.095999989658594,4,4,0,0,40,0,0,40,2.4
533,2,0,0,0,9.216000325977802,4,4,0,0,40,0,0,40,3.069
533,2,0,1,0,89.08800035715103,4,4,0,0,40,0,0,40,3.069
533,2,0,2,0,9.216000325977802,4,4,0,0,40,0,0,40,3.069
533,2,0,3,0,5.119999870657921,4,4,0,0,40,0,0,40,3.069
533,24,0,0,0,8.191999979317188,4,4,0,0,40,0,0,40,1.92
533,24,0,1,0,87.0399996638298,4,4,0,0,40,0,0,40,1.92
533,24,0,2,0,9.216000325977802,4,4,0,0,40,0,0,40,1.92
533,24,0,3,0,4.095999989658594,4,4,0,0,40,0,0,40,1.92
533,40,0,0,1,8.191999979317188,4,4,0,0,40,0,0,40,1.78
533,40,0,1,1,61.43999844789505,4,4,0,0,40,0,0,40,1.78
533,40,0,2,1,9.216000325977802,4,4,0,0,40,0,0,40,1.78
533,40,0,3,1,4.095999989658594,4,4,0,0,40,0,0,40,1.78
534,2,0,0,0,9.216000325977802,4,4,0,0,40,0,0,40,2.849
534,2,0,1,0,88.06400001049042,4,4,0,0,40,0,0,40,2.849
534,2,0,2,0,9.216000325977802,4,4,0,0,40,0,0,40,2.849
534,2,0,3,0,5.119999870657921,4,4,0,0,40,0,0,40,2.849
534,24,0,0,0,8.191999979317188,4,4,0,0,40,0,0,40,2.831
534,24,0,1,0,91.13600105047226,4,4,0,0,40,0,0,40,2.831
534,24,0,2,0,9.216000325977802,4,4,0,0,40,0,0,40,2.831
534,24,0,3,0,4.095999989658594,4,4,0,0,40,0,0,40,2.831
534,40,0,0,1,8.191999979317188,4,4,0,1,39,0,0,40,65.49
534,40,0,1,1,86.01599931716919,4,4,0,1,39,0,0,40,65.49
534,40,0,2,1,9.216000325977802,4,4,0,1,39,0,0,40,65.49
534,40,0,3,1,4.095999989658594,4,4,0,1,39,0,0,40,65.49
535,2,0,0,0,9.216000325977802,4,4,0,0,40,0,0,40,2.97
535,2,0,1,0,86.01599931716919,4,4,0,0,40,0,0,40,2.97
535,2,0,2,0,8.191999979317188,4,4,0,0,40,0,0,40,2.97
535,2,0,3,0,6.144000217318535,4,4,0,0,40,0,0,40,2.97
535,24,0,0,0,8.191999979317188,4,4,0,0,40,0,0,40,1.911
535,24,0,1,0,84.99199897050858,4,4,0,0,40,0,0,40,1.911
535,24,0,2,0,9.216000325977802,4,4,0,0,40,0,0,40,1.911
535,24,0,3,0,4.095999989658594,4,4,0,0,40,0,0,40,1.911
535,40,0,0,1,8.191999979317188,4,4,0,2,38,0,0,40,110.579
535,40,0,1,1,94.2080020904541,4,4,0,2,38,0,0,40,110.579
535,40,0,2,1,9.216000325977802,4,4,0,2,38,0,0,40,110.579
535,40,0,3,1,4.095999989658594,4,4,0,2,38,0,0,40,110.579
536,2,0,0,0,9.216000325977802,4,4,0,0,40,0,0,40,2.04
536,2,0,1,0,65.5359998345375,4,4,0,0,40,0,0,40,2.04
536,2,0,2,0,9.216000325977802,4,4,0,0,40,0,0,40,2.04
536,2,0,3,0,5.119999870657921,4,4,0,0,40,0,0,40,2.04
536,24,0,0,0,8.191999979317188,4,4,0,1,39,0,0,40,54.12
536,24,0,1,0,77.82399654388428,4,4,0,1,39,0,0,40,54.12
536,24,0,2,0,8.191999979317188,4,4,0,1,39,0,0,40,54.12
536,24,0,3,0,4.095999989658594,4,4,0,1,39,0,0,40,54.12
536,40,0,0,1,8.191999979317188,4,4,0,0,40,0,0,40,3.03
536,40,0,1,1,88.06400001049042,4,4,0,0,40,0,0,40,3.03
536,40,0,2,1,9.216000325977802,4,4,0,0,40,0,0,40,3.03
536,40,0,3,1,4.095999989658594,4,4,0,0,40,0,0,40,3.03
537,2,0,0,0,9.216000325977802,4,4,0,0,40,0,0,40,3.21
537,2,0,1,0,92.16000139713287,4,4,0,0,40,0,0,40,3.21
537,2,0,2,0,9.216000325977802,4,4,0,0,40,0,0,40,3.21
537,2,0,3,0,5.119999870657921,4,4,0,0,40,0,0,40,3.21
537,24,0,0,0,8.191999979317188,4,4,0,0,40,0,0,40,2.0
537,24,0,1,0,63.48799914121628,4,4,0,0,40,0,0,40,2.0
537,24,0,2,0,9.216000325977802,4,4,0,0,40,0,0,40,2.0
537,24,0,3,0,4.095999989658594,4,4,0,0,40,0,0,40,2.0
537,40,0,0,1,16.383999958634377,4,4,0,1,39,0,0,40,58.72
537,40,0,1,1,58.36800113320351,4,4,0,1,39,0,0,40,58.72
537,40,0,2,1,8.191999979317188,4,4,0,1,39,0,0,40,58.72
537,40,0,3,1,5.119999870657921,4,4,0,1,39,0,0,40,58.72
538,2,0,0,0,8.191999979317188,4,4,0,0,40,0,0,40,2.29
538,2,0,1,0,89.08800035715103,4,4,0,0,40,0,0,40,2.29
538,2,0,2,0,8.191999979317188,4,4,0,0,40,0,0,40,2.29
538,2,0,3,0,5.119999870657921,4,4,0,0,40,0,0,40,2.29
538,24,0,0,0,8.191999979317188,4,4,0,0,40,0,0,40,2.12
538,24,0,1,0,74.75200295448303,4,4,0,0,40,0,0,40,2.12
538,24,0,2,0,9.216000325977802,4,4,0,0,40,0,0,40,2.12
538,24,0,3,0,4.095999989658594,4,4,0,0,40,0,0,40,2.12
538,40,0,0,1,9.216000325977802,4,4,0,2,38,0,0,40,122.039
538,40,0,1,1,92.16000139713287,4,4,0,2,38,0,0,40,122.039
538,40,0,2,1,10.239999741315842,4,4,0,2,38,0,0,40,122.039
538,40,0,3,1,5.119999870657921,4,4,0,2,38,0,0,40,122.039
539,2,0,0,0,15.359999611973763,4,4,0,1,39,0,0,40,93.74
539,2,0,1,0,84.99199897050858,4,4,0,1,39,0,0,40,93.74
539,2,0,2,0,9.216000325977802,4,4,0,1,39,0,0,40,93.74
539,2,0,3,0,7.168000098317862,4,4,0,1,39,0,0,40,93.74
539,24,0,0,0,8.191999979317188,4,4,0,0,40,0,0,40,1.72
539,24,0,1,0,68.60800087451935,4,4,0,0,40,0,0,40,1.72
539,24,0,2,0,9.216000325977802,4,4,0,0,40,0,0,40,1.72
539,24,0,3,0,4.095999989658594,4,4,0,0,40,0,0,40,1.72
539,40,0,0,1,8.191999979317188,4,4,0,1,39,0,0,40,124.869
539,40,0,1,1,75.77600330114365,4,4,0,1,39,0,0,40,124.869
539,40,0,2,1,9.216000325977802,4,4,0,1,39,0,0,40,124.869
539,40,0,3,1,29.69600073993206,4,4,0,1,39,0,0,40,124.869
540,2,0,0,0,8.191999979317188,4,4,0,2,38,0,0,40,105.119
540,2,0,1,0,57.34400078654289,4,4,0,2,38,0,0,40,105.119
540,2,0,2,0,9.216000325977802,4,4,0,2,38,0,0,40,105.119
540,2,0,3,0,26.623999699950218,4,4,0,2,38,0,0,40,105.119
540,24,0,0,0,8.191999979317188,4,4,0,0,40,0,0,40,2.069
540,24,0,1,0,81.91999793052673,4,4,0,0,40,0,0,40,2.069
540,24,0,2,0,9.216000325977802,4,4,0,0,40,0,0,40,2.069
540,24,0,3,0,4.095999989658594,4,4,0,0,40,0,0,40,2.069
540,40,0,0,1,8.191999979317188,4,4,0,0,40,0,0,40,2.04
540,40,0,1,1,101.3759970664978,4,4,0,0,40,0,0,40,2.04
540,40,0,2,1,8.191999979317188,4,4,0,0,40,0,0,40,2.04
540,40,0,3,1,4.095999989658594,4,4,0,0,40,0,0,40,2.04
541,2,0,0,0,9.216000325977802,4,4,0,0,40,0,0,40,3.62
541,2,0,1,0,93.18400174379349,4,4,0,0,40,0,0,40,3.62
541,2,0,2,0,9.216000325977802,4,4,0,0,40,0,0,40,3.62
541,2,0,3,0,8.191999979317188,4,4,0,0,40,0,0,40,3.62
541,24,0,0,0,8.191999979317188,4,4,0,0,40,0,0,40,1.58
541,24,0,1,0,72.7040022611618,4,4,0,0,40,0,0,40,1.58
541,24,0,2,0,9.216000325977802,4,4,0,0,40,0,0,40,1.58
541,24,0,3,0,4.095999989658594,4,4,0,0,40,0,0,40,1.58
541,40,0,0,1,8.191999979317188,4,4,0,0,40,0,0,40,1.6
541,40,0,1,1,79.8719972372055,4,4,0,0,40,0,0,40,1.6
541,40,0,2,1,9.216000325977802,4,4,0,0,40,0,0,40,1.6
541,40,0,3,1,4.095999989658594,4,4,0,0,40,0,0,40,1.6
542,2,0,0,0,9.216000325977802,4,4,0,1,39,0,0,40,57.129
542,2,0,1,0,86.01599931716919,4,4,0,1,39,0,0,40,57.129
542,2,0,2,0,9.216000325977802,4,4,0,1,39,0,0,40,57.129
542,2,0,3,0,5.119999870657921,4,4,0,1,39,0,0,40,57.129
542,24,0,0,0,7.168000098317862,4,4,0,0,40,0,0,40,2.38
542,24,0,1,0,75.77600330114365,4,4,0,0,40,0,0,40,2.38
542,24,0,2,0,8.191999979317188,4,4,0,0,40,0,0,40,2.38
542,24,0,3,0,5.119999870657921,4,4,0,0,40,0,0,40,2.38
542,40,0,0,1,9.216000325977802,4,4,0,1,39,0,0,40,66.58
542,40,0,1,1,99.32799637317657,4,4,0,1,39,0,0,40,66.58
542,40,0,2,1,9.216000325977802,4,4,0,1,39,0,0,40,66.58
542,40,0,3,1,4.095999989658594,4,4,0,1,39,0,0,40,66.58
543,2,0,0,0,9.216000325977802,4,4,0,1,39,0,0,40,84.32
543,2,0,1,0,61.43999844789505,4,4,0,1,39,0,0,40,84.32
543,2,0,2,0,8.191999979317188,4,4,0,1,39,0,0,40,84.32
543,2,0,3,0,5.119999870657921,4,4,0,1,39,0,0,40,84.32
543,24,0,0,0,7.168000098317862,4,4,0,1,39,0,0,40,70.03
543,24,0,1,0,76.80000364780426,4,4,0,1,39,0,0,40,70.03
543,24,0,2,0,8.191999979317188,4,4,0,1,39,0,0,40,70.03
543,24,0,3,0,4.095999989658594,4,4,0,1,39,0,0,40,70.03
543,40,0,0,1,9.216000325977802,4,4,0,3,37,0,0,40,162.331
543,40,0,1,1,87.0399996638298,4,4,0,3,37,0,0,40,162.331
543,40,0,2,1,8.191999979317188,4,4,0,3,37,0,0,40,162.331
543,40,0,3,1,55.296000093221664,4,4,0,3,37,0,0,40,162.331
544,2,0,0,0,8.191999979317188,4,4,0,0,40,0,0,40,2.8
544,2,0,1,0,86.01599931716919,4,4,0,0,40,0,0,40,2.8
544,2,0,2,0,9.216000325977802,4,4,0,0,40,0,0,40,2.8
544,2,0,3,0,5.119999870657921,4,4,0,0,40,0,0,40,2.8
544,24,0,0,0,8.191999979317188,4,4,0,0,40,0,0,40,1.78
544,24,0,1,0,78.84799689054489,4,4,0,0,40,0,0,40,1.78
544,24,0,2,0,9.216000325977802,4,4,0,0,40,0,0,40,1.78
544,24,0,3,0,4.095999989658594,4,4,0,0,40,0,0,40,1.78
544,40,0,0,1,9.216000325977802,4,4,0,0,40,0,0,40,1.44
544,40,0,1,1,59.39200147986412,4,4,0,0,40,0,0,40,1.44
544,40,0,2,1,9.216000325977802,4,4,0,0,40,0,0,40,1.44
544,40,0,3,1,4.095999989658594,4,4,0,0,40,0,0,40,1.44
545,2,0,0,0,9.216000325977802,4,4,0,2,38,0,0,40,102.599
545,2,0,1,0,83.96799862384796,4,4,0,2,38,0,0,40,102.599
545,2,0,2,0,8.191999979317188,4,4,0,2,38,0,0,40,102.599
545,2,0,3,0,5.119999870657921,4,4,0,2,38,0,0,40,102.599
545,24,0,0,0,8.191999979317188,4,4,0,2,38,0,0,40,95.0
545,24,0,1,0,77.82399654388428,4,4,0,2,38,0,0,40,95.0
545,24,0,2,0,8.191999979317188,4,4,0,2,38,0,0,40,95.0
545,24,0,3,0,3.0720001086592674,4,4,0,2,38,0,0,40,95.0
545,40,0,0,1,8.191999979317188,4,4,0,0,40,0,0,40,2.74
545,40,0,1,1,90.11200070381165,4,4,0,0,40,0,0,40,2.74
545,40,0,2,1,9.216000325977802,4,4,0,0,40,0,0,40,2.74
545,40,0,3,1,5.119999870657921,4,4,0,0,40,0,0,40,2.74
546,2,0,0,0,8.191999979317188,4,4,0,0,40,0,0,40,2.08
546,2,0,1,0,84.99199897050858,4,4,0,0,40,0,0,40,2.08
546,2,0,2,0,9.216000325977802,4,4,0,0,40,0,0,40,2.08
546,2,0,3,0,5.119999870657921,4,4,0,0,40,0,0,40,2.08
546,24,0,0,0,8.191999979317188,4,4,0,2,38,0,0,40,102.23
546,24,0,1,0,80.89599758386612,4,4,0,2,38,0,0,40,102.23
546,24,0,2,0,9.216000325977802,4,4,0,2,38,0,0,40,102.23
546,24,0,3,0,4.095999989658594,4,4,0,2,38,0,0,40,102.23
546,40,0,0,1,8.191999979317188,4,4,0,1,39,0,0,40,62.8
546,40,0,1,1,94.2080020904541,4,4,0,1,39,0,0,40,62.8
546,40,0,2,1,9.216000325977802,4,4,0,1,39,0,0,40,62.8
546,40,0,3,1,4.095999989658594,4,4,0,1,39,0,0,40,62.8
547,2,0,0,0,8.191999979317188,4,4,0,0,40,0,0,40,1.73
547,2,0,1,0,59.39200147986412,4,4,0,0,40,0,0,40,1.73
547,2,0,2,0,9.216000325977802,4,4,0,0,40,0,0,40,1.73
547,2,0,3,0,5.119999870657921,4,4,0,0,40,0,0,40,1.73
547,24,0,0,0,7.168000098317862,4,4,0,1,39,0,0,40,52.609
547,24,0,1,0,66.56000018119812,4,4,0,1,39,0,0,40,52.609
547,24,0,2,0,9.216000325977802,4,4,0,1,39,0,0,40,52.609
547,24,0,3,0,4.095999989658594,4,4,0,1,39,0,0,40,52.609
547,40,0,0,1,7.168000098317862,4,4,0,1,39,0,0,40,64.78
547,40,0,1,1,88.06400001049042,4,4,0,1,39,0,0,40,64.78
547,40,0,2,1,9.216000325977802,4,4,0,1,39,0,0,40,64.78
547,40,0,3,1,4.095999989658594,4,4,0,1,39,0,0,40,64.78
548,2,0,0,0,9.216000325977802,4,4,0,3,37,0,0,40,66.849
548,2,0,1,0,69.63200122117996,4,4,0,3,37,0,0,40,66.849
548,2,0,2,0,9.216000325977802,4,4,0,3,37,0,0,40,66.849
548,2,0,3,0,5.119999870657921,4,4,0,3,37,0,0,40,66.849
548,24,0,0,0,8.191999979317188,4,4,0,0,40,0,0,40,2.26
548,24,0,1,0,77.82399654388428,4,4,0,0,40,0,0,40,2.26
548,24,0,2,0,9.216000325977802,4,4,0,0,40,0,0,40,2.26
548,24,0,3,0,4.095999989658594,4,4,0,0,40,0,0,40,2.26
548,40,0,0,1,8.191999979317188,4,4,0,1,39,0,0,40,68.049
548,40,0,1,1,76.80000364780426,4,4,0,1,39,0,0,40,68.049
548,40,0,2,1,9.216000325977802,4,4,0,1,39,0,0,40,68.049
548,40,0,3,1,5.119999870657921,4,4,0,1,39,0,0,40,68.049
549,2,0,0,0,9.216000325977802,4,4,0,0,40,0,0,40,2.44
549,2,0,1,0,89.08800035715103,4,4,0,0,40,0,0,40,2.44
549,2,0,2,0,9.216000325977802,4,4,0,0,40,0,0,40,2.44
549,2,0,3,0,5.119999870657921,4,4,0,0,40,0,0,40,2.44
549,24,0,0,0,8.191999979317188,4,4,0,1,39,0,0,40,52.67
549,24,0,1,0,73.72800260782242,4,4,0,1,39,0,0,40,52.67
549,24,0,2,0,9.216000325977802,4,4,0,1,39,0,0,40,52.67
549,24,0,3,0,4.095999989658594,4,4,0,1,39,0,0,40,52.67
549,40,0,0,1,9.216000325977802,4,4,0,0,40,0,0,40,1.71
549,40,0,1,1,88.06400001049042,4,4,0,0,40,0,0,40,1.71
549,40,0,2,1,8.191999979317188,4,4,0,0,40,0,0,40,1.71
549,40,0,3,1,4.095999989658594,4,4,0,0,40,0,0,40,1.71
550,2,0,0,0,8.191999979317188,4,4,0,0,40,0,0,40,1.8
550,2,0,1,0,79.8719972372055,4,4,0,0,40,0,0,40,1.8
550,2,0,2,0,9.216000325977802,4,4,0,0,40,0,0,40,1.8
550,2,0,3,0,5.119999870657921,4,4,0,0,40,0,0,40,1.8
550,24,0,0,0,9.216000325977802,4,4,0,0,40,0,0,40,2.08
550,24,0,1,0,81.91999793052673,4,4,0,0,40,0,0,40,2.08
550,24,0,2,0,9.216000325977802,4,4,0,0,40,0,0,40,2.08
550,24,0,3,0,4.095999989658594,4,4,0,0,40,0,0,40,2.08
550,40,0,0,1,7.168000098317862,4,4,0,4,35,1,0,40,225.239
550,40,0,1,1,91.13600105047226,4,4,0,4,35,1,0,40,225.239
550,40,0,2,1,199.68000054359436,4,4,0,4,35,1,0,40,225.239
550,40,0,3,1,4.095999989658594,4,4,0,4,35,1,0,40,225.239
551,2,0,0,0,9.216000325977802,4,4,0,1,39,0,0,40,56.85
551,2,0,1,0,90.11200070381165,4,4,0,1,39,0,0,40,56.85
551,2,0,2,0,9.216000325977802,4,4,0,1,39,0,0,40,56.85
551,2,0,3,0,4.095999989658594,4,4,0,1,39,0,0,40,56.85
551,24,0,0,0,7.168000098317862,4,4,0,1,39,0,0,40,53.68
551,24,0,1,0,71.68000191450119,4,4,0,1,39,0,0,40,53.68
551,24,0,2,0,8.191999979317188,4,4,0,1,39,0,0,40,53.68
551,24,0,3,0,4.095999989658594,4,4,0,1,39,0,0,40,53.68
551,40,0,0,1,8.191999979317188,4,4,0,3,37,0,0,40,150.859
551,40,0,1,1,86.01599931716919,4,4,0,3,37,0,0,40,150.859
551,40,0,2,1,9.216000325977802,4,4,0,3,37,0,0,40,150.859
551,40,0,3,1,46.08000069856644,4,4,0,3,37,0,0,40,150.859
552,2,0,0,0,9.216000325977802,4,4,0,0,40,0,0,40,3.3
552,2,0,1,0,91.13600105047226,4,4,0,0,40,0,0,40,3.3
552,2,0,2,0,9.216000325977802,4,4,0,0,40,0,0,40,3.3
552,2,0,3,0,5.119999870657921,4,4,0,0,40,0,0,40,3.3
552,24,0,0,0,8.191999979317188,4,4,0,0,40,0,0,40,2.48
552,24,0,1,0,82.94399827718735,4,4,0,0,40,0,0,40,2.48
552,24,0,2,0,9.216000325977802,4,4,0,0,40,0,0,40,2.48
552,24,0,3,0,4.095999989658594,4,4,0,0,40,0,0,40,2.48
552,40,0,0,1,8.191999979317188,4,4,0,4,36,0,0,40,163.719
552,40,0,1,1,76.80000364780426,4,4,0,4,36,0,0,40,163.719
552,40,0,2,1,9.216000325977802,4,4,0,4,36,0,0,40,163.719
552,40,0,3,1,64.51199948787689,4,4,0,4,36,0,0,40,163.719
553,2,0,0,0,9.216000325977802,4,4,0,0,40,0,0,40,2.74
553,2,0,1,0,89.08800035715103,4,4,0,0,40,0,0,40,2.74
553,2,0,2,0,9.216000325977802,4,4,0,0,40,0,0,40,2.74
553,2,0,3,0,5.119999870657921,4,4,0,0,40,0,0,40,2.74
553,24,0,0,0,8.191999979317188,4,4,0,1,39,0,0,40,54.12
553,24,0,1,0,78.84799689054489,4,4,0,1,39,0,0,40,54.12
553,24,0,2,0,9.216000325977802,4,4,0,1,39,0,0,40,54.12
553,24,0,3,0,4.095999989658594,4,4,0,1,39,0,0,40,54.12
553,40,0,0,1,8.191999979317188,4,4,0,0,40,0,0,40,2.29
553,40,0,1,1,101.3759970664978,4,4,0,0,40,0,0,40,2.29
553,40,0,2,1,9.216000325977802,4,4,0,0,40,0,0,40,2.29
553,40,0,3,1,4.095999989658594,4,4,0,0,40,0,0,40,2.29
554,2,0,0,0,9.216000325977802,4,4,0,0,40,0,0,40,1.689
554,2,0,1,0,62.463998794555664,4,4,0,0,40,0,0,40,1.689
554,2,0,2,0,9.216000325977802,4,4,0,0,40,0,0,40,1.689
554,2,0,3,0,5.119999870657921,4,4,0,0,40,0,0,40,1.689
554,24,0,0,0,9.216000325977802,4,4,0,2,38,0,0,40,99.11
554,24,0,1,0,84.99199897050858,4,4,0,2,38,0,0,40,99.11
554,24,0,2,0,9.216000325977802,4,4,0,2,38,0,0,40,99.11
554,24,0,3,0,4.095999989658594,4,4,0,2,38,0,0,40,99.11
554,40,0,0,1,8.191999979317188,4,4,0,1,39,0,0,40,64.611
554,40,0,1,1,100.35199671983719,4,4,0,1,39,0,0,40,64.611
554,40,0,2,1,9.216000325977802,4,4,0,1,39,0,0,40,64.611
554,40,0,3,1,4.095999989658594,4,4,0,1,39,0,0,40,64.611
555,2,0,0,0,9.216000325977802,4,4,0,0,40,0,0,40,2.549
555,2,0,1,0,88.06400001049042,4,4,0,0,40,0,0,40,2.549
555,2,0,2,0,9.216000325977802,4,4,0,0,40,0,0,40,2.549
555,2,0,3,0,4.095999989658594,4,4,0,0,40,0,0,40,2.549
555,24,0,0,0,8.191999979317188,4,4,0,0,40,0,0,40,1.78
555,24,0,1,0,78.84799689054489,4,4,0,0,40,0,0,40,1.78
555,24,0,2,0,9.216000325977802,4,4,0,0,40,0,0,40,1.78
555,24,0,3,0,4.095999989658594,4,4,0,0,40,0,0,40,1.78
555,40,0,0,1,16.383999958634377,4,4,0,2,38,0,0,40,103.01
555,40,0,1,1,63.48799914121628,4,4,0,2,38,0,0,40,103.01
555,40,0,2,1,9.216000325977802,4,4,0,2,38,0,0,40,103.01
555,40,0,3,1,12.28800043463707,4,4,0,2,38,0,0,40,103.01
556,2,0,0,0,14.336000196635723,4,4,0,1,39,0,0,40,56.239
556,2,0,1,0,84.99199897050858,4,4,0,1,39,0,0,40,56.239
556,2,0,2,0,9.216000325977802,4,4,0,1,39,0,0,40,56.239
556,2,0,3,0,5.119999870657921,4,4,0,1,39,0,0,40,56.239
556,24,0,0,0,8.191999979317188,4,4,0,0,40,0,0,40,1.97
556,24,0,1,0,83.96799862384796,4,4,0,0,40,0,0,40,1.97
556,24,0,2,0,8.191999979317188,4,4,0,0,40,0,0,40,1.97
556,24,0,3,0,4.095999989658594,4,4,0,0,40,0,0,40,1.97
556,40,0,0,1,8.191999979317188,4,4,0,1,39,0,0,40,59.27
556,40,0,1,1,66.56000018119812,4,4,0,1,39,0,0,40,59.27
556,40,0,2,1,9.216000325977802,4,4,0,1,39,0,0,40,59.27
556,40,0,3,1,4.095999989658594,4,4,0,1,39,0,0,40,59.27
557,2,0,0,0,8.191999979317188,4,4,0,0,40,0,0,40,2.41
557,2,0,1,0,87.0399996638298,4,4,0,0,40,0,0,40,2.41
557,2,0,2,0,9.216000325977802,4,4,0,0,40,0,0,40,2.41
557,2,0,3,0,5.119999870657921,4,4,0,0,40,0,0,40,2.41
557,24,0,0,0,8.191999979317188,4,4,0,2,38,0,0,40,99.07
557,24,0,1,0,76.80000364780426,4,4,0,2,38,0,0,40,99.07
557,24,0,2,0,9.216000325977802,4,4,0,2,38,0,0,40,99.07
557,24,0,3,0,4.095999989658594,4,4,0,2,38,0,0,40,99.07
557,40,0,0,1,9.216000325977802,4,4,0,0,40,0,0,40,1.68
557,40,0,1,1,81.91999793052673,4,4,0,0,40,0,0,40,1.68
557,40,0,2,1,9.216000325977802,4,4,0,0,40,0,0,40,1.68
557,40,0,3,1,4.095999989658594,4,4,0,0,40,0,0,40,1.68
558,2,0,0,0,9.216000325977802,4,4,0,0,40,0,0,40,2.771
558,2,0,1,0,78.84799689054489,4,4,0,0,40,0,0,40,2.771
558,2,0,2,0,9.216000325977802,4,4,0,0,40,0,0,40,2.771
558,2,0,3,0,5.119999870657921,4,4,0,0,40,0,0,40,2.771
558,24,0,0,0,9.216000325977802,4,4,0,0,40,0,0,40,2.28
558,24,0,1,0,91.13600105047226,4,4,0,0,40,0,0,40,2.28
558,24,0,2,0,9.216000325977802,4,4,0,0,40,0,0,40,2.28
558,24,0,3,0,4.095999989658594,4,4,0,0,40,0,0,40,2.28
558,40,0,0,1,8.191999979317188,4,4,0,0,40,0,0,40,1.95
558,40,0,1,1,63.48799914121628,4,4,0,0,40,0,0,40,1.95
558,40,0,2,1,9.216000325977802,4,4,0,0,40,0,0,40,1.95
558,40,0,3,1,4.095999989658594,4,4,0,0,40,0,0,40,1.95
559,2,0,0,0,14.336000196635723,4,4,0,0,40,0,0,40,2.76
559,2,0,1,0,90.11200070381165,4,4,0,0,40,0,0,40,2.76
559,2,0,2,0,8.191999979317188,4,4,0,0,40,0,0,40,2.76
559,2,0,3,0,5.119999870657921,4,4,0,0,40,0,0,40,2.76
559,24,0,0,0,8.191999979317188,4,4,0,0,40,0,0,40,1.629
559,24,0,1,0,74.75200295448303,4,4,0,0,40,0,0,40,1.629
559,24,0,2,0,9.216000325977802,4,4,0,0,40,0,0,40,1.629
559,24,0,3,0,4.095999989658594,4,4,0,0,40,0,0,40,1.629
559,40,0,0,1,8.191999979317188,4,4,0,0,40,0,0,40,2.7
559,40,0,1,1,75.77600330114365,4,4,0,0,40,0,0,40,2.7
559,40,0,2,1,9.216000325977802,4,4,0,0,40,0,0,40,2.7
559,40,0,3,1,4.095999989658594,4,4,0,0,40,0,0,40,2.7
560,2,0,0,0,9.216000325977802,4,4,0,0,40,0,0,40,2.7
560,2,0,1,0,89.08800035715103,4,4,0,0,40,0,0,40,2.7
560,2,0,2,0,8.191999979317188,4,4,0,0,40,0,0,40,2.7
560,2,0,3,0,5.119999870657921,4,4,0,0,40,0,0,40,2.7
560,24,0,0,0,7.168000098317862,4,4,0,1,39,0,0,40,52.2
560,24,0,1,0,75.77600330114365,4,4,0,1,39,0,0,40,52.2
560,24,0,2,0,9.216000325977802,4,4,0,1,39,0,0,40,52.2
560,24,0,3,0,4.095999989658594,4,4,0,1,39,0,0,40,52.2
560,40,0,0,1,8.191999979317188,4,4,0,0,40,0,0,40,2.069
560,40,0,1,1,87.0399996638298,4,4,0,0,40,0,0,40,2.069
560,40,0,2,1,9.216000325977802,4,4,0,0,40,0,0,40,2.069
560,40,0,3,1,4.095999989658594,4,4,0,0,40,0,0,40,2.069
561,2,0,0,0,9.216000325977802,4,4,0,0,40,0,0,40,2.0
561,2,0,1,0,61.43999844789505,4,4,0,0,40,0,0,40,2.0
561,2,0,2,0,9.216000325977802,4,4,0,0,40,0,0,40,2.0
561,2,0,3,0,5.119999870657921,4,4,0,0,40,0,0,40,2.0
561,24,0,0,0,8.191999979317188,4,4,0,3,37,0,0,40,195.889
561,24,0,1,0,62.463998794555664,4,4,0,3,37,0,0,40,195.889
561,24,0,2,0,9.216000325977802,4,4,0,3,37,0,0,40,195.889
561,24,0,3,0,111.61600053310394,4,4,0,3,37,0,0,40,195.889
561,40,0,0,1,14.336000196635723,4,4,0,2,38,0,0,40,102.76
561,40,0,1,1,95.23200243711472,4,4,0,2,38,0,0,40,102.76
561,40,0,2,1,9.216000325977802,4,4,0,2,38,0,0,40,102.76
561,40,0,3,1,4.095999989658594,4,4,0,2,38,0,0,40,102.76
562,2,0,0,0,9.216000325977802,4,4,0,1,39,0,0,40,70.76
562,2,0,1,0,69.63200122117996,4,4,0,1,39,0,0,40,70.76
562,2,0,2,0,8.191999979317188,4,4,0,1,39,0,0,40,70.76
562,2,0,3,0,5.119999870657921,4,4,0,1,39,0,0,40,70.76
562,24,0,0,0,8.191999979317188,4,4,0,0,40,0,0,40,2.909
562,24,0,1,0,75.77600330114365,4,4,0,0,40,0,0,40,2.909
562,24,0,2,0,9.216000325977802,4,4,0,0,40,0,0,40,2.909
562,24,0,3,0,4.095999989658594,4,4,0,0,40,0,0,40,2.909
562,40,0,0,1,8.191999979317188,4,4,0,0,40,0,0,40,1.63
562,40,0,1,1,60.416001826524734,4,4,0,0,40,0,0,40,1.63
562,40,0,2,1,9.216000325977802,4,4,0,0,40,0,0,40,1.63
562,40,0,3,1,4.095999989658594,4,4,0,0,40,0,0,40,1.63
563,2,0,0,0,9.216000325977802,4,4,0,0,40,0,0,40,2.56
563,2,0,1,0,87.0399996638298,4,4,0,0,40,0,0,40,2.56
563,2,0,2,0,9.216000325977802,4,4,0,0,40,0,0,40,2.56
563,2,0,3,0,5.119999870657921,4,4,0,0,40,0,0,40,2.56
563,24,0,0,0,8.191999979317188,4,4,0,0,40,0,0,40,2.82
563,24,0,1,0,80.89599758386612,4,4,0,0,40,0,0,40,2.82
563,24,0,2,0,9.216000325977802,4,4,0,0,40,0,0,40,2.82
563,24,0,3,0,4.095999989658594,4,4,0,0,40,0,0,40,2.82
563,40,0,0,1,9.216000325977802,4,4,0,1,39,0,0,40,75.739
563,40,0,1,1,68.60800087451935,4,4,0,1,39,0,0,40,75.739
563,40,0,2,1,8.191999979317188,4,4,0,1,39,0,0,40,75.739
563,40,0,3,1,4.095999989658594,4,4,0,1,39,0,0,40,75.739
564,2,0,0,0,9.216000325977802,4,4,0,0,40,0,0,40,3.0
564,2,0,1,0,87.0399996638298,4,4,0,0,40,0,0,40,3.0
564,2,0,2,0,9.216000325977802,4,4,0,0,40,0,0,40,3.0
564,2,0,3,0,6.144000217318535,4,4,0,0,40,0,0,40,3.0
564,24,0,0,0,8.191999979317188,4,4,0,0,40,0,0,40,2.18
564,24,0,1,0,91.13600105047226,4,4,0,0,40,0,0,40,2.18
564,24,0,2,0,9.216000325977802,4,4,0,0,40,0,0,40,2.18
564,24,0,3,0,4.095999989658594,4,4,0,0,40,0,0,40,2.18
564,40,0,0,1,8.191999979317188,4,4,0,0,40,0,0,40,2.2
564,40,0,1,1,95.23200243711472,4,4,0,0,40,0,0,40,2.2
564,40,0,2,1,8.191999979317188,4,4,0,0,40,0,0,40,2.2
564,40,0,3,1,4.095999989658594,4,4,0,0,40,0,0,40,2.2
565,2,0,0,0,16.383999958634377,4,4,0,1,39,0,0,40,76.57
565,2,0,1,0,83.96799862384796,4,4,0,1,39,0,0,40,76.57
565,2,0,2,0,8.191999979317188,4,4,0,1,39,0,0,40,76.57
565,2,0,3,0,6.144000217318535,4,4,0,1,39,0,0,40,76.57
565,24,0,0,0,9.216000325977802,4,4,0,0,40,0,0,40,2.07
565,24,0,1,0,83.96799862384796,4,4,0,0,40,0,0,40,2.07
565,24,0,2,0,9.216000325977802,4,4,0,0,40,0,0,40,2.07
565,24,0,3,0,4.095999989658594,4,4,0,0,40,0,0,40,2.07
565,40,0,0,1,9.216000325977802,4,4,0,0,40,0,0,40,1.89
565,40,0,1,1,79.8719972372055,4,4,0,0,40,0,0,40,1.89
565,40,0,2,1,8.191999979317188,4,4,0,0,40,0,0,40,1.89
565,40,0,3,1,4.095999989658594,4,4,0,0,40,0,0,40,1.89
566,2,0,0,0,14.336000196635723,4,4,0,0,40,0,0,40,2.78
566,2,0,1,0,80.89599758386612,4,4,0,0,40,0,0,40,2.78
566,2,0,2,0,8.191999979317188,4,4,0,0,40,0,0,40,2.78
566,2,0,3,0,5.119999870657921,4,4,0,0,40,0,0,40,2.78
566,24,0,0,0,8.191999979317188,4,4,0,0,40,0,0,40,2.271
566,24,0,1,0,80.89599758386612,4,4,0,0,40,0,0,40,2.271
566,24,0,2,0,8.191999979317188,4,4,0,0,40,0,0,40,2.271
566,24,0,3,0,4.095999989658594,4,4,0,0,40,0,0,40,2.271
566,40,0,0,1,8.191999979317188,4,4,0,2,38,0,0,40,106.309
566,40,0,1,1,66.56000018119812,4,4,0,2,38,0,0,40,106.309
566,40,0,2,1,9.216000325977802,4,4,0,2,38,0,0,40,106.309
566,40,0,3,1,14.336000196635723,4,4,0,2,38,0,0,40,106.309
567,2,0,0,0,8.191999979317188,4,4,0,0,40,0,0,40,2.3
567,2,0,1,0,82.94399827718735,4,4,0,0,40,0,0,40,2.3
567,2,0,2,0,9.216000325977802,4,4,0,0,40,0,0,40,2.3
567,2,0,3,0,6.144000217318535,4,4,0,0,40,0,0,40,2.3
567,24,0,0,0,8.191999979317188,4,4,0,1,39,0,0,40,57.6
567,24,0,1,0,89.08800035715103,4,4,0,1,39,0,0,40,57.6
567,24,0,2,0,9.216000325977802,4,4,0,1,39,0,0,40,57.6
567,24,0,3,0,4.095999989658594,4,4,0,1,39,0,0,40,57.6
567,40,0,0,1,9.216000325977802,4,4,0,2,38,0,0,40,95.78
567,40,0,1,1,97.28000313043594,4,4,0,2,38,0,0,40,95.78
567,40,0,2,1,9.216000325977802,4,4,0,2,38,0,0,40,95.78
567,40,0,3,1,4.095999989658594,4,4,0,2,38,0,0,40,95.78
568,2,0,0,0,9.216000325977802,4,4,0,0,40,0,0,40,2.23
568,2,0,1,0,65.5359998345375,4,4,0,0,40,0,0,40,2.23
568,2,0,2,0,9.216000325977802,4,4,0,0,40,0,0,40,2.23
568,2,0,3,0,5.119999870657921,4,4,0,0,40,0,0,40,2.23
568,24,0,0,0,8.191999979317188,4,4,0,2,38,0,0,40,90.84
568,24,0,1,0,82.94399827718735,4,4,0,2,38,0,0,40,90.84
568,24,0,2,0,9.216000325977802,4,4,0,2,38,0,0,40,90.84
568,24,0,3,0,4.095999989658594,4,4,0,2,38,0,0,40,90.84
568,40,0,0,1,8.191999979317188,4,4,0,1,39,0,0,40,58.3
568,40,0,1,1,78.84799689054489,4,4,0,1,39,0,0,40,58.3
568,40,0,2,1,8.191999979317188,4,4,0,1,39,0,0,40,58.3
568,40,0,3,1,4.095999989658594,4,4,0,1,39,0,0,40,58.3
569,2,0,0,0,14.336000196635723,4,4,0,0,40,0,0,40,2.889
569,2,0,1,0,61.43999844789505,4,4,0,0,40,0,0,40,2.889
569,2,0,2,0,9.216000325977802,4,4,0,0,40,0,0,40,2.889
569,2,0,3,0,5.119999870657921,4,4,0,0,40,0,0,40,2.889
569,24,0,0,0,8.191999979317188,4,4,0,0,40,0,0,40,6.08
569,24,0,1,0,86.01599931716919,4,4,0,0,40,0,0,40,6.08
569,24,0,2,0,9.216000325977802,4,4,0,0,40,0,0,40,6.08
569,24,0,3,0,4.095999989658594,4,4,0,0,40,0,0,40,6.08
569,40,0,0,1,9.216000325977802,4,4,0,0,40,0,0,40,1.85
569,40,0,1,1,64.51199948787689,4,4,0,0,40,0,0,40,1.85
569,40,0,2,1,9.216000325977802,4,4,0,0,40,0,0,40,1.85
569,40,0,3,1,4.095999989658594,4,4,0,0,40,0,0,40,1.85
570,2,0,0,0,9.216000325977802,4,4,0,0,40,0,0,40,2.62
570,2,0,1,0,92.16000139713287,4,4,0,0,40,0,0,40,2.62
570,2,0,2,0,9.216000325977802,4,4,0,0,40,0,0,40,2.62
570,2,0,3,0,5.119999870657921,4,4,0,0,40,0,0,40,2.62
570,24,0,0,0,7.168000098317862,4,4,0,1,39,0,0,40,51.211
570,24,0,1,0,75.77600330114365,4,4,0,1,39,0,0,40,51.211
570,24,0,2,0,8.191999979317188,4,4,0,1,39,0,0,40,51.211
570,24,0,3,0,4.095999989658594,4,4,0,1,39,0,0,40,51.211
570,40,0,0,1,9.216000325977802,4,4,0,1,39,0,0,40,65.469
570,40,0,1,1,71.68000191450119,4,4,0,1,39,0,0,40,65.469
570,40,0,2,1,9.216000325977802,4,4,0,1,39,0,0,40,65.469
570,40,0,3,1,4.095999989658594,4,4,0,1,39,0,0,40,65.469
571,2,0,0,0,9.216000325977802,4,4,0,0,40,0,0,40,2.52
571,2,0,1,0,73.72800260782242,4,4,0,0,40,0,0,40,2.52
571,2,0,2,0,9.216000325977802,4,4,0,0,40,0,0,40,2.52
571,2,0,3,0,6.144000217318535,4,4,0,0,40,0,0,40,2.52
571,24,0,0,0,8.191999979317188,4,4,0,3,36,1,0,40,140.74
571,24,0,1,0,68.60800087451935,4,4,0,3,36,1,0,40,140.74
571,24,0,2,0,163.83999586105347,4,4,0,3,36,1,0,40,140.74
571,24,0,3,0,4.095999989658594,4,4,0,3,36,1,0,40,140.74
571,40,0,0,1,8.191999979317188,4,4,0,0,40,0,0,40,2.71
571,40,0,1,1,106.49599879980087,4,4,0,0,40,0,0,40,2.71
571,40,0,2,1,9.216000325977802,4,4,0,0,40,0,0,40,2.71
571,40,0,3,1,4.095999989658594,4,4,0,0,40,0,0,40,2.71
572,2,0,0,0,8.191999979317188,4,4,0,0,40,0,0,40,2.72
572,2,0,1,0,94.2080020904541,4,4,0,0,40,0,0,40,2.72
572,2,0,2,0,9.216000325977802,4,4,0,0,40,0,0,40,2.72
572,2,0,3,0,7.168000098317862,4,4,0,0,40,0,0,40,2.72
572,24,0,0,0,8.191999979317188,4,4,0,0,40,0,0,40,2.7
572,24,0,1,0,87.0399996638298,4,4,0,0,40,0,0,40,2.7
572,24,0,2,0,9.216000325977802,4,4,0,0,40,0,0,40,2.7
572,24,0,3,0,4.095999989658594,4,4,0,0,40,0,0,40,2.7
572,40,0,0,1,9.216000325977802,4,4,0,0,40,0,0,40,2.46
572,40,0,1,1,82.94399827718735,4,4,0,0,40,0,0,40,2.46
572,40,0,2,1,9.216000325977802,4,4,0,0,40,0,0,40,2.46
572,40,0,3,1,4.095999989658594,4,4,0,0,40,0,0,40,2.46
573,2,0,0,0,9.216000325977802,4,4,0,0,40,0,0,40,3.22
573,2,0,1,0,84.99199897050858,4,4,0,0,40,0,0,40,3.22
573,2,0,2,0,9.216000325977802,4,4,0,0,40,0,0,40,3.22
573,2,0,3,0,5.119999870657921,4,4,0,0,40,0,0,40,3.22
573,24,0,0,0,7.168000098317862,4,4,0,0,40,0,0,40,2.351
573,24,0,1,0,77.82399654388428,4,4,0,0,40,0,0,40,2.351
573,24,0,2,0,9.216000325977802,4,4,0,0,40,0,0,40,2.351
573,24,0,3,0,4.095999989658594,4,4,0,0,40,0,0,40,2.351
573,40,0,0,1,9.216000325977802,4,4,0,3,37,0,0,40,111.68
573,40,0,1,1,64.51199948787689,4,4,0,3,37,0,0,40,111.68
573,40,0,2,1,9.216000325977802,4,4,0,3,37,0,0,40,111.68
573,40,0,3,1,27.648000046610832,4,4,0,3,37,0,0,40,111.68
574,2,0,0,0,9.216000325977802,4,4,0,0,40,0,0,40,2.6
574,2,0,1,0,89.08800035715103,4,4,0,0,40,0,0,40,2.6
574,2,0,2,0,9.216000325977802,4,4,0,0,40,0,0,40,2.6
574,2,0,3,0,5.119999870657921,4,4,0,0,40,0,0,40,2.6
574,24,0,0,0,8.191999979317188,4,4,0,0,40,0,0,40,2.39
574,24,0,1,0,83.96799862384796,4,4,0,0,40,0,0,40,2.39
574,24,0,2,0,9.216000325977802,4,4,0,0,40,0,0,40,2.39
574,24,0,3,0,4.095999989658594,4,4,0,0,40,0,0,40,2.39
574,40,0,0,1,8.191999979317188,4,4,0,3,37,0,0,40,153.369
574,40,0,1,1,91.13600105047226,4,4,0,3,37,0,0,40,153.369
574,40,0,2,1,10.239999741315842,4,4,0,3,37,0,0,40,153.369
574,40,0,3,1,39.93599861860275,4,4,0,3,37,0,0,40,153.369
575,2,0,0,0,8.191999979317188,4,4,0,1,39,0,0,40,70.499
575,2,0,1,0,86.01599931716919,4,4,0,1,39,0,0,40,70.499
575,2,0,2,0,9.216000325977802,4,4,0,1,39,0,0,40,70.499
575,2,0,3,0,5.119999870657921,4,4,0,1,39,0,0,40,70.499
575,24,0,0,0,8.191999979317188,4,4,0,1,39,0,0,40,56.969
575,24,0,1,0,92.16000139713287,4,4,0,1,39,0,0,40,56.969
575,24,0,2,0,9.216000325977802,4,4,0,1,39,0,0,40,56.969
575,24,0,3,0,4.095999989658594,4,4,0,1,39,0,0,40,56.969
575,40,0,0,1,9.216000325977802,4,4,0,2,38,0,0,40,101.129
575,40,0,1,1,78.84799689054489,4,4,0,2,38,0,0,40,101.129
575,40,0,2,1,9.216000325977802,4,4,0,2,38,0,0,40,101.129
575,40,0,3,1,4.095999989658594,4,4,0,2,38,0,0,40,101.129
576,2,0,0,0,8.191999979317188,4,4,0,0,40,0,0,40,2.88
576,2,0,1,0,86.01599931716919,4,4,0,0,40,0,0,40,2.88
576,2,0,2,0,9.216000325977802,4,4,0,0,40,0,0,40,2.88
576,2,0,3,0,6.144000217318535,4,4,0,0,40,0,0,40,2.88
576,24,0,0,0,7.168000098317862,4,4,0,0,40,0,0,40,2.46
576,24,0,1,0,84.99199897050858,4,4,0,0,40,0,0,40,2.46
576,24,0,2,0,9.216000325977802,4,4,0,0,40,0,0,40,2.46
576,24,0,3,0,4.095999989658594,4,4,0,0,40,0,0,40,2.46
576,40,0,0,1,8.191999979317188,4,4,0,2,38,0,0,40,113.65
576,40,0,1,1,76.80000364780426,4,4,0,2,38,0,0,40,113.65
576,40,0,2,1,9.216000325977802,4,4,0,2,38,0,0,40,113.65
576,40,0,3,1,14.336000196635723,4,4,0,2,38,0,0,40,113.65
577,2,0,0,0,9.216000325977802,4,4,0,0,40,0,0,40,2.15
577,2,0,1,0,84.99199897050858,4,4,0,0,40,0,0,40,2.15
577,2,0,2,0,8.191999979317188,4,4,0,0,40,0,0,40,2.15
577,2,0,3,0,5.119999870657921,4,4,0,0,40,0,0,40,2.15
577,24,0,0,0,14.336000196635723,4,4,0,0,40,0,0,40,2.68
577,24,0,1,0,95.23200243711472,4,4,0,0,40,0,0,40,2.68
577,24,0,2,0,9.216000325977802,4,4,0,0,40,0,0,40,2.68
577,24,0,3,0,4.095999989658594,4,4,0,0,40,0,0,40,2.68
577,40,0,0,1,8.191999979317188,4,4,0,1,39,0,0,40,71.42
577,40,0,1,1,87.0399996638298,4,4,0,1,39,0,0,40,71.42
577,40,0,2,1,9.216000325977802,4,4,0,1,39,0,0,40,71.42
577,40,0,3,1,4.095999989658594,4,4,0,1,39,0,0,40,71.42
578,2,0,0,0,9.216000325977802,4,4,0,1,39,0,0,40,93.839
578,2,0,1,0,86.01599931716919,4,4,0,1,39,0,0,40,93.839
578,2,0,2,0,9.216000325977802,4,4,0,1,39,0,0,40,93.839
578,2,0,3,0,5.119999870657921,4,4,0,1,39,0,0,40,93.839
578,24,0,0,0,8.191999979317188,4,4,0,1,39,0,0,40,103.189
578,24,0,1,0,86.01599931716919,4,4,0,1,39,0,0,40,103.189
578,24,0,2,0,9.216000325977802,4,4,0,1,39,0,0,40,103.189
578,24,0,3,0,4.095999989658594,4,4,0,1,39,0,0,40,103.189
578,40,0,0,1,8.191999979317188,4,4,0,0,40,0,0,40,2.92
578,40,0,1,1,82.94399827718735,4,4,0,0,40,0,0,40,2.92
578,40,0,2,1,8.191999979317188,4,4,0,0,40,0,0,40,2.92
578,40,0,3,1,4.095999989658594,4,4,0,0,40,0,0,40,2.92
579,2,0,0,0,9.216000325977802,4,4,0,0,40,0,0,40,3.011
579,2,0,1,0,78.84799689054489,4,4,0,0,40,0,0,40,3.011
579,2,0,2,0,9.216000325977802,4,4,0,0,40,0,0,40,3.011
579,2,0,3,0,8.191999979317188,4,4,0,0,40,0,0,40,3.011
579,24,0,0,0,7.168000098317862,4,4,0,0,40,0,0,40,2.649
579,24,0,1,0,67.58400052785873,4,4,0,0,40,0,0,40,2.649
579,24,0,2,0,9.216000325977802,4,4,0,0,40,0,0,40,2.649
579,24,0,3,0,4.095999989658594,4,4,0,0,40,0,0,40,2.649
579,40,0,0,1,10.239999741315842,4,4,0,0,40,0,0,40,2.26
579,40,0,1,1,64.51199948787689,4,4,0,0,40,0,0,40,2.26
579,40,0,2,1,8.191999979317188,4,4,0,0,40,0,0,40,2.26
579,40,0,3,1,4.095999989658594,4,4,0,0,40,0,0,40,2.26
580,2,0,0,0,8.191999979317188,4,4,0,0,40,0,0,40,2.32
580,2,0,1,0,86.01599931716919,4,4,0,0,40,0,0,40,2.32
580,2,0,2,0,8.191999979317188,4,4,0,0,40,0,0,40,2.32
580,2,0,3,0,5.119999870657921,4,4,0,0,40,0,0,40,2.32
580,24,0,0,0,8.191999979317188,4,4,0,0,40,0,0,40,2.569
580,24,0,1,0,73.72800260782242,4,4,0,0,40,0,0,40,2.569
580,24,0,2,0,9.216000325977802,4,4,0,0,40,0,0,40,2.569
580,24,0,3,0,4.095999989658594,4,4,0,0,40,0,0,40,2.569
580,40,0,0,1,8.191999979317188,4,4,0,2,38,0,0,40,165.809
580,40,0,1,1,87.0399996638298,4,4,0,2,38,0,0,40,165.809
580,40,0,2,1,9.216000325977802,4,4,0,2,38,0,0,40,165.809
580,40,0,3,1,57.34400078654289,4,4,0,2,38,0,0,40,165.809
581,2,0,0,0,9.216000325977802,4,4,0,0,40,0,0,40,3.17
581,2,0,1,0,79.8719972372055,4,4,0,0,40,0,0,40,3.17
581,2,0,2,0,9.216000325977802,4,4,0,0,40,0,0,40,3.17
581,2,0,3,0,5.119999870657921,4,4,0,0,40,0,0,40,3.17
581,24,0,0,0,8.191999979317188,4,4,0,2,38,0,0,40,94.16
581,24,0,1,0,75.77600330114365,4,4,0,2,38,0,0,40,94.16
581,24,0,2,0,8.191999979317188,4,4,0,2,38,0,0,40,94.16
581,24,0,3,0,4.095999989658594,4,4,0,2,38,0,0,40,94.16
581,40,0,0,1,8.191999979317188,4,4,0,0,40,0,0,40,3.61
581,40,0,1,1,109.56799983978271,4,4,0,0,40,0,0,40,3.61
581,40,0,2,1,9.216000325977802,4,4,0,0,40,0,0,40,3.61
581,40,0,3,1,4.095999989658594,4,4,0,0,40,0,0,40,3.61
582,2,0,0,0,11.264000087976456,4,4,0,1,39,0,0,40,48.609
582,2,0,1,0,86.01599931716919,4,4,0,1,39,0,0,40,48.609
582,2,0,2,0,9.216000325977802,4,4,0,1,39,0,0,40,48.609
582,2,0,3,0,5.119999870657921,4,4,0,1,39,0,0,40,48.609
582,24,0,0,0,7.168000098317862,4,4,0,2,38,0,0,40,95.669
582,24,0,1,0,72.7040022611618,4,4,0,2,38,0,0,40,95.669
582,24,0,2,0,9.216000325977802,4,4,0,2,38,0,0,40,95.669
582,24,0,3,0,7.168000098317862,4,4,0,2,38,0,0,40,95.669
582,40,0,0,1,9.216000325977802,4,4,0,0,40,0,0,40,2.07
582,40,0,1,1,69.63200122117996,4,4,0,0,40,0,0,40,2.07
582,40,0,2,1,9.216000325977802,4,4,0,0,40,0,0,40,2.07
582,40,0,3,1,4.095999989658594,4,4,0,0,40,0,0,40,2.07
583,2,0,0,0,8.191999979317188,4,4,0,1,39,0,0,40,65.73
583,2,0,1,0,88.06400001049042,4,4,0,1,39,0,0,40,65.73
583,2,0,2,0,9.216000325977802,4,4,0,1,39,0,0,40,65.73
583,2,0,3,0,5.119999870657921,4,4,0,1,39,0,0,40,65.73
583,24,0,0,0,8.191999979317188,4,4,0,0,40,0,0,40,3.1
583,24,0,1,0,82.94399827718735,4,4,0,0,40,0,0,40,3.1
583,24,0,2,0,9.216000325977802,4,4,0,0,40,0,0,40,3.1
583,24,0,3,0,4.095999989658594,4,4,0,0,40,0,0,40,3.1
583,40,0,0,1,8.191999979317188,4,4,0,0,40,0,0,40,3.12
583,40,0,1,1,90.11200070381165,4,4,0,0,40,0,0,40,3.12
583,40,0,2,1,9.216000325977802,4,4,0,0,40,0,0,40,3.12
583,40,0,3,1,4.095999989658594,4,4,0,0,40,0,0,40,3.12
584,2,0,0,0,8.191999979317188,4,4,0,0,40,0,0,40,2.42
584,2,0,1,0,86.01599931716919,4,4,0,0,40,0,0,40,2.42
584,2,0,2,0,9.216000325977802,4,4,0,0,40,0,0,40,2.42
584,2,0,3,0,6.144000217318535,4,4,0,0,40,0,0,40,2.42
584,24,0,0,0,7.168000098317862,4,4,0,2,38,0,0,40,102.96
584,24,0,1,0,75.77600330114365,4,4,0,2,38,0,0,40,102.96
584,24,0,2,0,9.216000325977802,4,4,0,2,38,0,0,40,102.96
584,24,0,3,0,9.216000325977802,4,4,0,2,38,0,0,40,102.96
584,40,0,0,1,8.191999979317188,4,4,0,1,39,0,0,40,60.561
584,40,0,1,1,73.72800260782242,4,4,0,1,39,0,0,40,60.561
584,40,0,2,1,9.216000325977802,4,4,0,1,39,0,0,40,60.561
584,40,0,3,1,4.095999989658594,4,4,0,1,39,0,0,40,60.561
585,2,0,0,0,8.191999979317188,4,4,0,0,40,0,0,40,2.23
585,2,0,1,0,62.463998794555664,4,4,0,0,40,0,0,40,2.23
585,2,0,2,0,8.191999979317188,4,4,0,0,40,0,0,40,2.23
585,2,0,3,0,8.191999979317188,4,4,0,0,40,0,0,40,2.23
585,24,0,0,0,8.191999979317188,4,4,0,1,39,0,0,40,51.49
585,24,0,1,0,52.22399905323982,4,4,0,1,39,0,0,40,51.49
585,24,0,2,0,9.216000325977802,4,4,0,1,39,0,0,40,51.49
585,24,0,3,0,4.095999989658594,4,4,0,1,39,0,0,40,51.49
585,40,0,0,1,8.191999979317188,4,4,0,2,38,0,0,40,224.879
585,40,0,1,1,78.84799689054489,4,4,0,2,38,0,0,40,224.879
585,40,0,2,1,9.216000325977802,4,4,0,2,38,0,0,40,224.879
585,40,0,3,1,125.95200538635254,4,4,0,2,38,0,0,40,224.879
586,2,0,0,0,9.216000325977802,4,4,0,0,40,0,0,40,3.54
586,2,0,1,0,82.94399827718735,4,4,0,0,40,0,0,40,3.54
586,2,0,2,0,9.216000325977802,4,4,0,0,40,0,0,40,3.54
586,2,0,3,0,5.119999870657921,4,4,0,0,40,0,0,40,3.54
586,24,0,0,0,8.191999979317188,4,4,0,0,40,0,0,40,2.26
586,24,0,1,0,75.77600330114365,4,4,0,0,40,0,0,40,2.26
586,24,0,2,0,9.216000325977802,4,4,0,0,40,0,0,40,2.26
586,24,0,3,0,4.095999989658594,4,4,0,0,40,0,0,40,2.26
586,40,0,0,1,9.216000325977802,4,4,0,1,39,0,0,40,59.46
586,40,0,1,1,57.34400078654289,4,4,0,1,39,0,0,40,59.46
586,40,0,2,1,9.216000325977802,4,4,0,1,39,0,0,40,59.46
586,40,0,3,1,4.095999989658594,4,4,0,1,39,0,0,40,59.46
587,2,0,0,0,10.239999741315842,4,4,0,0,40,0,0,40,3.929
587,2,0,1,0,88.06400001049042,4,4,0,0,40,0,0,40,3.929
587,2,0,2,0,9.216000325977802,4,4,0,0,40,0,0,40,3.929
587,2,0,3,0,5.119999870657921,4,4,0,0,40,0,0,40,3.929
587,24,0,0,0,8.191999979317188,4,4,0,0,40,0,0,40,2.191
587,24,0,1,0,86.01599931716919,4,4,0,0,40,0,0,40,2.191
587,24,0,2,0,9.216000325977802,4,4,0,0,40,0,0,40,2.191
587,24,0,3,0,4.095999989658594,4,4,0,0,40,0,0,40,2.191
587,40,0,0,1,8.191999979317188,4,4,0,2,38,0,0,40,109.469
587,40,0,1,1,78.84799689054489,4,4,0,2,38,0,0,40,109.469
587,40,0,2,1,9.216000325977802,4,4,0,2,38,0,0,40,109.469
587,40,0,3,1,10.239999741315842,4,4,0,2,38,0,0,40,109.469
588,2,0,0,0,8.191999979317188,4,4,0,0,40,0,0,40,3.11
588,2,0,1,0,87.0399996638298,4,4,0,0,40,0,0,40,3.11
588,2,0,2,0,8.191999979317188,4,4,0,0,40,0,0,40,3.11
588,2,0,3,0,5.119999870657921,4,4,0,0,40,0,0,40,3.11
588,24,0,0,0,7.168000098317862,4,4,0,1,39,0,0,40,57.8
588,24,0,1,0,86.01599931716919,4,4,0,1,39,0,0,40,57.8
588,24,0,2,0,9.216000325977802,4,4,0,1,39,0,0,40,57.8
588,24,0,3,0,4.095999989658594,4,4,0,1,39,0,0,40,57.8
588,40,0,0,1,11.264000087976456,4,4,0,0,40,0,0,40,2.44
588,40,0,1,1,97.28000313043594,4,4,0,0,40,0,0,40,2.44
588,40,0,2,1,8.191999979317188,4,4,0,0,40,0,0,40,2.44
588,40,0,3,1,4.095999989658594,4,4,0,0,40,0,0,40,2.44
589,2,0,0,0,8.191999979317188,4,4,0,0,40,0,0,40,2.649
589,2,0,1,0,80.89599758386612,4,4,0,0,40,0,0,40,2.649
589,2,0,2,0,9.216000325977802,4,4,0,0,40,0,0,40,2.649
589,2,0,3,0,5.119999870657921,4,4,0,0,40,0,0,40,2.649
589,24,0,0,0,14.336000196635723,4,4,0,0,40,0,0,40,3.009
589,24,0,1,0,83.96799862384796,4,4,0,0,40,0,0,40,3.009
589,24,0,2,0,9.216000325977802,4,4,0,0,40,0,0,40,3.009
589,24,0,3,0,5.119999870657921,4,4,0,0,40,0,0,40,3.009
589,40,0,0,1,8.191999979317188,4,4,0,0,40,0,0,40,2.04
589,40,0,1,1,77.82399654388428,4,4,0,0,40,0,0,40,2.04
589,40,0,2,1,8.191999979317188,4,4,0,0,40,0,0,40,2.04
589,40,0,3,1,3.0720001086592674,4,4,0,0,40,0,0,40,2.04
590,2,0,0,0,14.336000196635723,4,4,0,0,40,0,0,40,2.149
590,2,0,1,0,73.72800260782242,4,4,0,0,40,0,0,40,2.149
590,2,0,2,0,8.191999979317188,4,4,0,0,40,0,0,40,2.149
590,2,0,3,0,6.144000217318535,4,4,0,0,40,0,0,40,2.149
590,24,0,0,0,9.216000325977802,4,4,0,1,39,0,0,40,65.939
590,24,0,1,0,61.43999844789505,4,4,0,1,39,0,0,40,65.939
590,24,0,2,0,9.216000325977802,4,4,0,1,39,0,0,40,65.939
590,24,0,3,0,4.095999989658594,4,4,0,1,39,0,0,40,65.939
590,40,0,0,1,8.191999979317188,4,4,0,0,40,0,0,40,2.11
590,40,0,1,1,70.65600156784058,4,4,0,0,40,0,0,40,2.11
590,40,0,2,1,9.216000325977802,4,4,0,0,40,0,0,40,2.11
590,40,0,3,1,4.095999989658594,4,4,0,0,40,0,0,40,2.11
591,2,0,0,0,8.191999979317188,4,4,0,0,40,0,0,40,3.471
591,2,0,1,0,89.08800035715103,4,4,0,0,40,0,0,40,3.471
591,2,0,2,0,9.216000325977802,4,4,0,0,40,0,0,40,3.471
591,2,0,3,0,5.119999870657921,4,4,0,0,40,0,0,40,3.471
591,24,0,0,0,7.168000098317862,4,4,0,1,39,0,0,40,53.32
591,24,0,1,0,73.72800260782242,4,4,0,1,39,0,0,40,53.32
591,24,0,2,0,9.216000325977802,4,4,0,1,39,0,0,40,53.32
591,24,0,3,0,5.119999870657921,4,4,0,1,39,0,0,40,53.32
591,40,0,0,1,8.191999979317188,4,4,0,0,40,0,0,40,2.55
591,40,0,1,1,73.72800260782242,4,4,0,0,40,0,0,40,2.55
591,40,0,2,1,9.216000325977802,4,4,0,0,40,0,0,40,2.55
591,40,0,3,1,4.095999989658594,4,4,0,0,40,0,0,40,2.55
592,2,0,0,0,9.216000325977802,4,4,0,0,40,0,0,40,2.791
592,2,0,1,0,86.01599931716919,4,4,0,0,40,0,0,40,2.791
592,2,0,2,0,9.216000325977802,4,4,0,0,40,0,0,40,2.791
592,2,0,3,0,5.119999870657921,4,4,0,0,40,0,0,40,2.791
592,24,0,0,0,8.191999979317188,4,4,0,0,40,0,0,40,2.03
592,24,0,1,0,83.96799862384796,4,4,0,0,40,0,0,40,2.03
592,24,0,2,0,9.216000325977802,4,4,0,0,40,0,0,40,2.03
592,24,0,3,0,4.095999989658594,4,4,0,0,40,0,0,40,2.03
592,40,0,0,1,14.336000196635723,4,4,0,1,39,0,0,40,58.55
592,40,0,1,1,99.32799637317657,4,4,0,1,39,0,0,40,58.55
592,40,0,2,1,9.216000325977802,4,4,0,1,39,0,0,40,58.55
592,40,0,3,1,4.095999989658594,4,4,0,1,39,0,0,40,58.55
593,2,0,0,0,8.191999979317188,4,4,0,0,40,0,0,40,2.749
593,2,0,1,0,83.96799862384796,4,4,0,0,40,0,0,40,2.749
593,2,0,2,0,9.216000325977802,4,4,0,0,40,0,0,40,2.749
593,2,0,3,0,5.119999870657921,4,4,0,0,40,0,0,40,2.749
593,24,0,0,0,7.168000098317862,4,4,0,0,40,0,0,40,2.849
593,24,0,1,0,86.01599931716919,4,4,0,0,40,0,0,40,2.849
593,24,0,2,0,9.216000325977802,4,4,0,0,40,0,0,40,2.849
593,24,0,3,0,4.095999989658594,4,4,0,0,40,0,0,40,2.849
593,40,0,0,1,14.336000196635723,4,4,0,2,38,0,0,40,65.84
593,40,0,1,1,89.08800035715103,4,4,0,2,38,0,0,40,65.84
593,40,0,2,1,9.216000325977802,4,4,0,2,38,0,0,40,65.84
593,40,0,3,1,4.095999989658594,4,4,0,2,38,0,0,40,65.84
594,2,0,0,0,8.191999979317188,4,4,0,0,40,0,0,40,2.77
594,2,0,1,0,88.06400001049042,4,4,0,0,40,0,0,40,2.77
594,2,0,2,0,9.216000325977802,4,4,0,0,40,0,0,40,2.77
594,2,0,3,0,6.144000217318535,4,4,0,0,40,0,0,40,2.77
594,24,0,0,0,8.191999979317188,4,4,0,0,40,0,0,40,2.56
594,24,0,1,0,84.99199897050858,4,4,0,0,40,0,0,40,2.56
594,24,0,2,0,9.216000325977802,4,4,0,0,40,0,0,40,2.56
594,24,0,3,0,4.095999989658594,4,4,0,0,40,0,0,40,2.56
594,40,0,0,1,8.191999979317188,4,4,0,0,40,0,0,40,2.16
594,40,0,1,1,68.60800087451935,4,4,0,0,40,0,0,40,2.16
594,40,0,2,1,8.191999979317188,4,4,0,0,40,0,0,40,2.16
594,40,0,3,1,5.119999870657921,4,4,0,0,40,0,0,40,2.16
595,2,0,0,0,9.216000325977802,4,4,0,0,40,0,0,40,2.92
595,2,0,1,0,83.96799862384796,4,4,0,0,40,0,0,40,2.92
595,2,0,2,0,9.216000325977802,4,4,0,0,40,0,0,40,2.92
595,2,0,3,0,6.144000217318535,4,4,0,0,40,0,0,40,2.92
595,24,0,0,0,7.168000098317862,4,4,0,0,40,0,0,40,2.37
595,24,0,1,0,79.8719972372055,4,4,0,0,40,0,0,40,2.37
595,24,0,2,0,8.191999979317188,4,4,0,0,40,0,0,40,2.37
595,24,0,3,0,4.095999989658594,4,4,0,0,40,0,0,40,2.37
595,40,0,0,1,9.216000325977802,4,4,0,0,40,0,0,40,2.69
595,40,0,1,1,68.60800087451935,4,4,0,0,40,0,0,40,2.69
595,40,0,2,1,9.216000325977802,4,4,0,0,40,0,0,40,2.69
595,40,0,3,1,4.095999989658594,4,4,0,0,40,0,0,40,2.69
596,2,0,0,0,8.191999979317188,4,4,0,0,40,0,0,40,2.34
596,2,0,1,0,66.56000018119812,4,4,0,0,40,0,0,40,2.34
596,2,0,2,0,9.216000325977802,4,4,0,0,40,0,0,40,2.34
596,2,0,3,0,5.119999870657921,4,4,0,0,40,0,0,40,2.34
596,24,0,0,0,9.216000325977802,4,4,0,0,40,0,0,40,2.38
596,24,0,1,0,86.01599931716919,4,4,0,0,40,0,0,40,2.38
596,24,0,2,0,9.216000325977802,4,4,0,0,40,0,0,40,2.38
596,24,0,3,0,4.095999989658594,4,4,0,0,40,0,0,40,2.38
596,40,0,0,1,8.191999979317188,4,4,0,0,40,0,0,40,3.1
596,40,0,1,1,92.16000139713287,4,4,0,0,40,0,0,40,3.1
596,40,0,2,1,9.216000325977802,4,4,0,0,40,0,0,40,3.1
596,40,0,3,1,4.095999989658594,4,4,0,0,40,0,0,40,3.1
597,2,0,0,0,9.216000325977802,4,4,0,1,39,0,0,40,76.65
597,2,0,1,0,86.01599931716919,4,4,0,1,39,0,0,40,76.65
597,2,0,2,0,9.216000325977802,4,4,0,1,39,0,0,40,76.65
597,2,0,3,0,5.119999870657921,4,4,0,1,39,0,0,40,76.65
597,24,0,0,0,9.216000325977802,4,4,0,0,40,0,0,40,3.76
597,24,0,1,0,83.96799862384796,4,4,0,0,40,0,0,40,3.76
597,24,0,2,0,9.216000325977802,4,4,0,0,40,0,0,40,3.76
597,24,0,3,0,4.095999989658594,4,4,0,0,40,0,0,40,3.76
597,40,0,0,1,8.191999979317188,4,4,0,1,39,0,0,40,66.629
597,40,0,1,1,79.8719972372055,4,4,0,1,39,0,0,40,66.629
597,40,0,2,1,9.216000325977802,4,4,0,1,39,0,0,40,66.629
597,40,0,3,1,4.095999989658594,4,4,0,1,39,0,0,40,66.629
598,2,0,0,0,8.191999979317188,4,4,0,0,40,0,0,40,2.3
598,2,0,1,0,83.96799862384796,4,4,0,0,40,0,0,40,2.3
598,2,0,2,0,9.216000325977802,4,4,0,0,40,0,0,40,2.3
598,2,0,3,0,5.119999870657921,4,4,0,0,40,0,0,40,2.3
598,24,0,0,0,8.191999979317188,4,4,0,0,40,0,0,40,2.291
598,24,0,1,0,78.84799689054489,4,4,0,0,40,0,0,40,2.291
598,24,0,2,0,9.216000325977802,4,4,0,0,40,0,0,40,2.291
598,24,0,3,0,4.095999989658594,4,4,0,0,40,0,0,40,2.291
598,40,0,0,1,8.191999979317188,4,4,0,0,40,0,0,40,2.68
598,40,0,1,1,80.89599758386612,4,4,0,0,40,0,0,40,2.68
598,40,0,2,1,9.216000325977802,4,4,0,0,40,0,0,40,2.68
598,40,0,3,1,4.095999989658594,4,4,0,0,40,0,0,40,2.68
599,2,0,0,0,15.359999611973763,4,4,0,0,40,0,0,40,2.52
599,2,0,1,0,75.77600330114365,4,4,0,0,40,0,0,40,2.52
599,2,0,2,0,9.216000325977802,4,4,0,0,40,0,0,40,2.52
599,2,0,3,0,5.119999870657921,4,4,0,0,40,0,0,40,2.52
599,24,0,0,0,8.191999979317188,4,4,0,0,40,0,0,40,4.66
599,24,0,1,0,81.91999793052673,4,4,0,0,40,0,0,40,4.66
599,24,0,2,0,8.191999979317188,4,4,0,0,40,0,0,40,4.66
599,24,0,3,0,5.119999870657921,4,4,0,0,40,0,0,40,4.66
599,40,0,0,1,8.191999979317188,4,4,0,0,40,0,0,40,3.511
599,40,0,1,1,96.25600278377533,4,4,0,0,40,0,0,40,3.511
599,40,0,2,1,8.191999979317188,4,4,0,0,40,0,0,40,3.511
599,40,0,3,1,4.095999989658594,4,4,0,0,40,0,0,40,3.511
600,2,0,0,0,9.216000325977802,4,4,0,0,40,0,0,40,3.03
600,2,0,1,0,89.08800035715103,4,4,0,0,40,0,0,40,3.03
600,2,0,2,0,9.216000325977802,4,4,0,0,40,0,0,40,3.03
600,2,0,3,0,5.119999870657921,4,4,0,0,40,0,0,40,3.03
600,24,0,0,0,8.191999979317188,4,4,0,0,40,0,0,40,3.69
600,24,0,1,0,88.06400001049042,4,4,0,0,40,0,0,40,3.69
600,24,0,2,0,9.216000325977802,4,4,0,0,40,0,0,40,3.69
600,24,0,3,0,4.095999989658594,4,4,0,0,40,0,0,40,3.69
600,40,0,0,1,14.336000196635723,4,4,0,1,39,0,0,40,64.01
600,40,0,1,1,72.7040022611618,4,4,0,1,39,0,0,40,64.01
600,40,0,2,1,9.216000325977802,4,4,0,1,39,0,0,40,64.01
600,40,0,3,1,4.095999989658594,4,4,0,1,39,0,0,40,64.01
601,2,0,0,0,9.216000325977802,4,4,0,1,39,0,0,40,66.5
601,2,0,1,0,86.01599931716919,4,4,0,1,39,0,0,40,66.5
601,2,0,2,0,9.216000325977802,4,4,0,1,39,0,0,40,66.5
601,2,0,3,0,5.119999870657921,4,4,0,1,39,0,0,40,66.5
601,24,0,0,0,8.191999979317188,4,4,0,0,40,0,0,40,3.0
601,24,0,1,0,74.75200295448303,4,4,0,0,40,0,0,40,3.0
601,24,0,2,0,8.191999979317188,4,4,0,0,40,0,0,40,3.0
601,24,0,3,0,4.095999989658594,4,4,0,0,40,0,0,40,3.0
601,40,0,0,1,9.216000325977802,4,4,0,0,40,0,0,40,1.99
601,40,0,1,1,64.51199948787689,4,4,0,0,40,0,0,40,1.99
601,40,0,2,1,8.191999979317188,4,4,0,0,40,0,0,40,1.99
601,40,0,3,1,4.095999989658594,4,4,0,0,40,0,0,40,1.99
602,2,0,0,0,9.216000325977802,4,4,0,0,40,0,0,40,2.44
602,2,0,1,0,82.94399827718735,4,4,0,0,40,0,0,40,2.44
602,2,0,2,0,9.216000325977802,4,4,0,0,40,0,0,40,2.44
602,2,0,3,0,5.119999870657921,4,4,0,0,40,0,0,40,2.44
602,24,0,0,0,7.168000098317862,4,4,0,0,40,0,0,40,2.26
602,24,0,1,0,68.60800087451935,4,4,0,0,40,0,0,40,2.26
602,24,0,2,0,9.216000325977802,4,4,0,0,40,0,0,40,2.26
602,24,0,3,0,4.095999989658594,4,4,0,0,40,0,0,40,2.26
602,40,0,0,1,8.191999979317188,4,4,0,1,39,0,0,40,61.87
602,40,0,1,1,83.96799862384796,4,4,0,1,39,0,0,40,61.87
602,40,0,2,1,9.216000325977802,4,4,0,1,39,0,0,40,61.87
602,40,0,3,1,4.095999989658594,4,4,0,1,39,0,0,40,61.87
603,2,0,0,0,9.216000325977802,4,4,0,0,40,0,0,40,2.229
603,2,0,1,0,83.96799862384796,4,4,0,0,40,0,0,40,2.229
603,2,0,2,0,8.191999979317188,4,4,0,0,40,0,0,40,2.229
603,2,0,3,0,5.119999870657921,4,4,0,0,40,0,0,40,2.229
603,24,0,0,0,9.216000325977802,4,4,0,1,39,0,0,40,54.649
603,24,0,1,0,75.77600330114365,4,4,0,1,39,0,0,40,54.649
603,24,0,2,0,9.216000325977802,4,4,0,1,39,0,0,40,54.649
603,24,0,3,0,4.095999989658594,4,4,0,1,39,0,0,40,54.649
603,40,0,0,1,9.216000325977802,4,4,0,0,40,0,0,40,2.53
603,40,0,1,1,76.80000364780426,4,4,0,0,40,0,0,40,2.53
603,40,0,2,1,9.216000325977802,4,4,0,0,40,0,0,40,2.53
603,40,0,3,1,4.095999989658594,4,4,0,0,40,0,0,40,2.53
604,2,0,0,0,9.216000325977802,4,4,0,0,40,0,0,40,2.82
604,2,0,1,0,82.94399827718735,4,4,0,0,40,0,0,40,2.82
604,2,0,2,0,9.216000325977802,4,4,0,0,40,0,0,40,2.82
604,2,0,3,0,5.119999870657921,4,4,0,0,40,0,0,40,2.82
604,24,0,0,0,7.168000098317862,4,4,0,1,39,0,0,40,52.42
604,24,0,1,0,73.72800260782242,4,4,0,1,39,0,0,40,52.42
604,24,0,2,0,8.191999979317188,4,4,0,1,39,0,0,40,52.42
604,24,0,3,0,3.0720001086592674,4,4,0,1,39,0,0,40,52.42
604,40,0,0,1,8.191999979317188,4,4,0,0,40,0,0,40,2.351
604,40,0,1,1,60.416001826524734,4,4,0,0,40,0,0,40,2.351
604,40,0,2,1,9.216000325977802,4,4,0,0,40,0,0,40,2.351
604,40,0,3,1,4.095999989658594,4,4,0,0,40,0,0,40,2.351
605,2,0,0,0,9.216000325977802,4,4,0,0,40,0,0,40,3.67
605,2,0,1,0,86.01599931716919,4,4,0,0,40,0,0,40,3.67
605,2,0,2,0,8.191999979317188,4,4,0,0,40,0,0,40,3.67
605,2,0,3,0,6.144000217318535,4,4,0,0,40,0,0,40,3.67
605,24,0,0,0,14.336000196635723,4,4,0,0,40,0,0,40,1.749
605,24,0,1,0,69.63200122117996,4,4,0,0,40,0,0,40,1.749
605,24,0,2,0,8.191999979317188,4,4,0,0,40,0,0,40,1.749
605,24,0,3,0,5.119999870657921,4,4,0,0,40,0,0,40,1.749
605,40,0,0,1,9.216000325977802,4,4,0,1,39,0,0,40,134.099
605,40,0,1,1,69.63200122117996,4,4,0,1,39,0,0,40,134.099
605,40,0,2,1,9.216000325977802,4,4,0,1,39,0,0,40,134.099
605,40,0,3,1,45.05600035190582,4,4,0,1,39,0,0,40,134.099
606,2,0,0,0,8.191999979317188,4,4,0,1,39,0,0,40,68.089
606,2,0,1,0,91.13600105047226,4,4,0,1,39,0,0,40,68.089
606,2,0,2,0,9.216000325977802,4,4,0,1,39,0,0,40,68.089
606,2,0,3,0,5.119999870657921,4,4,0,1,39,0,0,40,68.089
606,24,0,0,0,8.191999979317188,4,4,0,1,39,0,0,40,48.38
606,24,0,1,0,77.82399654388428,4,4,0,1,39,0,0,40,48.38
606,24,0,2,0,9.216000325977802,4,4,0,1,39,0,0,40,48.38
606,24,0,3,0,4.095999989658594,4,4,0,1,39,0,0,40,48.38
606,40,0,0,1,9.216000325977802,4,4,0,0,40,0,0,40,3.33
606,40,0,1,1,89.08800035715103,4,4,0,0,40,0,0,40,3.33
606,40,0,2,1,9.216000325977802,4,4,0,0,40,0,0,40,3.33
606,40,0,3,1,4.095999989658594,4,4,0,0,40,0,0,40,3.33
607,2,0,0,0,9.216000325977802,4,4,0,0,40,0,0,40,3.14
607,2,0,1,0,84.99199897050858,4,4,0,0,40,0,0,40,3.14
607,2,0,2,0,9.216000325977802,4,4,0,0,40,0,0,40,3.14
607,2,0,3,0,5.119999870657921,4,4,0,0,40,0,0,40,3.14
607,24,0,0,0,8.191999979317188,4,4,0,1,39,0,0,40,54.54
607,24,0,1,0,91.13600105047226,4,4,0,1,39,0,0,40,54.54
607,24,0,2,0,9.216000325977802,4,4,0,1,39,0,0,40,54.54
607,24,0,3,0,4.095999989658594,4,4,0,1,39,0,0,40,54.54
607,40,0,0,1,8.191999979317188,4,4,0,1,39,0,0,40,66.85
607,40,0,1,1,83.96799862384796,4,4,0,1,39,0,0,40,66.85
607,40,0,2,1,8.191999979317188,4,4,0,1,39,0,0,40,66.85
607,40,0,3,1,4.095999989658594,4,4,0,1,39,0,0,40,66.85
608,2,0,0,0,9.216000325977802,4,4,0,0,40,0,0,40,2.79
608,2,0,1,0,81.91999793052673,4,4,0,0,40,0,0,40,2.79
608,2,0,2,0,9.216000325977802,4,4,0,0,40,0,0,40,2.79
608,2,0,3,0,5.119999870657921,4,4,0,0,40,0,0,40,2.79
608,24,0,0,0,8.191999979317188,4,4,0,1,39,0,0,40,55.28
608,24,0,1,0,65.5359998345375,4,4,0,1,39,0,0,40,55.28
608,24,0,2,0,9.216000325977802,4,4,0,1,39,0,0,40,55.28
608,24,0,3,0,4.095999989658594,4,4,0,1,39,0,0,40,55.28
608,40,0,0,1,8.191999979317188,4,4,0,0,40,0,0,40,2.351
608,40,0,1,1,72.7040022611618,4,4,0,0,40,0,0,40,2.351
608,40,0,2,1,9.216000325977802,4,4,0,0,40,0,0,40,2.351
608,40,0,3,1,4.095999989658594,4,4,0,0,40,0,0,40,2.351
609,2,0,0,0,8.191999979317188,4,4,0,0,40,0,0,40,2.951
609,2,0,1,0,88.06400001049042,4,4,0,0,40,0,0,40,2.951
609,2,0,2,0,8.191999979317188,4,4,0,0,40,0,0,40,2.951
609,2,0,3,0,5.119999870657921,4,4,0,0,40,0,0,40,2.951
609,24,0,0,0,9.216000325977802,4,4,0,0,40,0,0,40,2.64
609,24,0,1,0,64.51199948787689,4,4,0,0,40,0,0,40,2.64
609,24,0,2,0,9.216000325977802,4,4,0,0,40,0,0,40,2.64
609,24,0,3,0,4.095999989658594,4,4,0,0,40,0,0,40,2.64
609,40,0,0,1,9.216000325977802,4,4,0,0,40,0,0,40,2.7
609,40,0,1,1,61.43999844789505,4,4,0,0,40,0,0,40,2.7
609,40,0,2,1,9.216000325977802,4,4,0,0,40,0,0,40,2.7
609,40,0,3,1,4.095999989658594,4,4,0,0,40,0,0,40,2.7
610,2,0,0,0,9.216000325977802,4,4,0,0,40,0,0,40,3.87
610,2,0,1,0,76.80000364780426,4,4,0,0,40,0,0,40,3.87
610,2,0,2,0,9.216000325977802,4,4,0,0,40,0,0,40,3.87
610,2,0,3,0,5.119999870657921,4,4,0,0,40,0,0,40,3.87
610,24,0,0,0,8.191999979317188,4,4,0,1,39,0,0,40,55.57
610,24,0,1,0,63.48799914121628,4,4,0,1,39,0,0,40,55.57
610,24,0,2,0,9.216000325977802,4,4,0,1,39,0,0,40,55.57
610,24,0,3,0,4.095999989658594,4,4,0,1,39,0,0,40,55.57
610,40,0,0,1,8.191999979317188,4,4,0,0,40,0,0,40,2.849
610,40,0,1,1,74.75200295448303,4,4,0,0,40,0,0,40,2.849
610,40,0,2,1,9.216000325977802,4,4,0,0,40,0,0,40,2.849
610,40,0,3,1,4.095999989658594,4,4,0,0,40,0,0,40,2.849
611,2,0,0,0,9.216000325977802,4,4,0,0,40,0,0,40,3.649
611,2,0,1,0,86.01599931716919,4,4,0,0,40,0,0,40,3.649
611,2,0,2,0,8.191999979317188,4,4,0,0,40,0,0,40,3.649
611,2,0,3,0,5.119999870657921,4,4,0,0,40,0,0,40,3.649
611,24,0,0,0,8.191999979317188,4,4,0,2,38,0,0,40,59.139
611,24,0,1,0,64.51199948787689,4,4,0,2,38,0,0,40,59.139
611,24,0,2,0,9.216000325977802,4,4,0,2,38,0,0,40,59.139
611,24,0,3,0,4.095999989658594,4,4,0,2,38,0,0,40,59.139
611,40,0,0,1,13.311999849975109,4,4,0,0,40,0,0,40,2.51
611,40,0,1,1,59.39200147986412,4,4,0,0,40,0,0,40,2.51
611,40,0,2,1,9.216000325977802,4,4,0,0,40,0,0,40,2.51
611,40,0,3,1,4.095999989658594,4,4,0,0,40,0,0,40,2.51
612,2,0,0,0,8.191999979317188,2,2,0,0,20,0,0,20,1.3
612,2,0,1,0,53.247999399900436,2,2,0,0,20,0,0,20,1.3
612,2,0,2,0,9.216000325977802,2,2,0,0,20,0,0,20,1.3
612,2,0,3,0,5.119999870657921,2,2,0,0,20,0,0,20,1.3
612,24,0,0,0,8.191999979317188,2,2,0,0,20,0,0,20,1.13
612,24,0,1,0,47.10400104522705,2,2,0,0,20,0,0,20,1.13
612,24,0,2,0,9.216000325977802,2,2,0,0,20,0,0,20,1.13
612,24,0,3,0,4.095999989658594,2,2,0,0,20,0,0,20,1.13
612,40,0,0,1,15.359999611973763,2,2,0,0,20,0,0,20,5.32
612,40,0,1,1,41.98399931192398,2,2,0,0,20,0,0,20,5.32
612,40,0,2,1,9.216000325977802,2,2,0,0,20,0,0,20,5.32
612,40,0,3,1,4.095999989658594,2,2,0,0,20,0,0,20,5.32
613,2,0,0,0,9.216000325977802,4,4,0,0,40,0,0,40,2.929
613,2,0,1,0,78.84799689054489,4,4,0,0,40,0,0,40,2.929
613,2,0,2,0,10.239999741315842,4,4,0,0,40,0,0,40,2.929
613,2,0,3,0,5.119999870657921,4,4,0,0,40,0,0,40,2.929
613,24,0,0,0,8.191999979317188,4,4,0,0,40,0,0,40,3.53
613,24,0,1,0,67.58400052785873,4,4,0,0,40,0,0,40,3.53
613,24,0,2,0,9.216000325977802,4,4,0,0,40,0,0,40,3.53
613,24,0,3,0,4.095999989658594,4,4,0,0,40,0,0,40,3.53
613,40,0,0,1,8.191999979317188,4,4,0,0,40,0,0,40,1.78
613,40,0,1,1,61.43999844789505,4,4,0,0,40,0,0,40,1.78
613,40,0,2,1,9.216000325977802,4,4,0,0,40,0,0,40,1.78
613,40,0,3,1,4.095999989658594,4,4,0,0,40,0,0,40,1.78
614,2,0,0,0,8.191999979317188,1,1,0,0,10,0,0,10,0.73
614,2,0,1,0,31.74399957060814,1,1,0,0,10,0,0,10,0.73
614,2,0,2,0,9.216000325977802,1,1,0,0,10,0,0,10,0.73
614,2,0,3,0,4.095999989658594,1,1,0,0,10,0,0,10,0.73
614,24,0,0,0,8.191999979317188,1,1,0,0,10,0,0,10,0.5
614,24,0,1,0,31.74399957060814,1,1,0,0,10,0,0,10,0.5
614,24,0,2,0,8.191999979317188,1,1,0,0,10,0,0,10,0.5
614,24,0,3,0,4.095999989658594,1,1,0,0,10,0,0,10,0.5
614,40,0,0,1,8.191999979317188,1,1,0,0,10,0,0,10,0.5
614,40,0,1,1,34.81600061058998,1,1,0,0,10,0,0,10,0.5
614,40,0,2,1,8.191999979317188,1,1,0,0,10,0,0,10,0.5
614,40,0,3,1,4.095999989658594,1,1,0,0,10,0,0,10,0.5
615,2,0,0,0,8.191999979317188,2,2,0,0,20,0,0,20,1.41
615,2,0,1,0,49.15200173854828,2,2,0,0,20,0,0,20,1.41
615,2,0,2,0,8.191999979317188,2,2,0,0,20,0,0,20,1.41
615,2,0,3,0,4.095999989658594,2,2,0,0,20,0,0,20,1.41
615,24,0,0,0,8.191999979317188,2,2,0,0,20,0,0,20,1.069
615,24,0,1,0,49.15200173854828,2,2,0,0,20,0,0,20,1.069
615,24,0,2,0,9.216000325977802,2,2,0,0,20,0,0,20,1.069
615,24,0,3,0,4.095999989658594,2,2,0,0,20,0,0,20,1.069
615,40,0,0,1,9.216000325977802,2,2,0,0,20,0,0,20,1.389
615,40,0,1,1,40.95999896526337,2,2,0,0,20,0,0,20,1.389
615,40,0,2,1,9.216000325977802,2,2,0,0,20,0,0,20,1.389
615,40,0,3,1,4.095999989658594,2,2,0,0,20,0,0,20,1.389
616,2,0,0,0,8.191999979317188,4,4,0,0,40,0,0,40,2.14
616,2,0,1,0,67.58400052785873,4,4,0,0,40,0,0,40,2.14
616,2,0,2,0,9.216000325977802,4,4,0,0,40,0,0,40,2.14
616,2,0,3,0,6.144000217318535,4,4,0,0,40,0,0,40,2.14
616,24,0,0,0,8.191999979317188,4,4,0,0,40,0,0,40,2.46
616,24,0,1,0,71.68000191450119,4,4,0,0,40,0,0,40,2.46
616,24,0,2,0,9.216000325977802,4,4,0,0,40,0,0,40,2.46
616,24,0,3,0,4.095999989658594,4,4,0,0,40,0,0,40,2.46
616,40,0,0,1,9.216000325977802,4,4,0,0,40,0,0,40,1.64
616,40,0,1,1,59.39200147986412,4,4,0,0,40,0,0,40,1.64
616,40,0,2,1,9.216000325977802,4,4,0,0,40,0,0,40,1.64
616,40,0,3,1,5.119999870657921,4,4,0,0,40,0,0,40,1.64
617,2,0,0,0,9.216000325977802,1,1,0,0,10,0,0,10,0.44
617,2,0,1,0,32.76799991726875,1,1,0,0,10,0,0,10,0.44
617,2,0,2,0,8.191999979317188,1,1,0,0,10,0,0,10,0.44
617,2,0,3,0,4.095999989658594,1,1,0,0,10,0,0,10,0.44
617,24,0,0,0,9.216000325977802,1,1,0,0,10,0,0,10,0.351
617,24,0,1,0,31.74399957060814,1,1,0,0,10,0,0,10,0.351
617,24,0,2,0,9.216000325977802,1,1,0,0,10,0,0,10,0.351
617,24,0,3,0,4.095999989658594,1,1,0,0,10,0,0,10,0.351
617,40,0,0,1,9.216000325977802,1,1,0,0,10,0,0,10,0.35
617,40,0,1,1,34.81600061058998,1,1,0,0,10,0,0,10,0.35
617,40,0,2,1,9.216000325977802,1,1,0,0,10,0,0,10,0.35
617,40,0,3,1,4.095999989658594,1,1,0,0,10,0,0,10,0.35
618,2,0,0,0,9.216000325977802,4,4,0,0,40,0,0,40,1.97
618,2,0,1,0,71.68000191450119,4,4,0,0,40,0,0,40,1.97
618,2,0,2,0,9.216000325977802,4,4,0,0,40,0,0,40,1.97
618,2,0,3,0,5.119999870657921,4,4,0,0,40,0,0,40,1.97
618,24,0,0,0,9.216000325977802,4,4,0,0,40,0,0,40,1.42
618,24,0,1,0,68.60800087451935,4,4,0,0,40,0,0,40,1.42
618,24,0,2,0,9.216000325977802,4,4,0,0,40,0,0,40,1.42
618,24,0,3,0,4.095999989658594,4,4,0,0,40,0,0,40,1.42
618,40,0,0,1,8.191999979317188,4,4,0,2,38,0,0,40,117.929
618,40,0,1,1,79.8719972372055,4,4,0,2,38,0,0,40,117.929
618,40,0,2,1,9.216000325977802,4,4,0,2,38,0,0,40,117.929
618,40,0,3,1,16.383999958634377,4,4,0,2,38,0,0,40,117.929
619,2,0,0,0,9.216000325977802,4,4,0,0,40,0,0,40,2.08
619,2,0,1,0,88.06400001049042,4,4,0,0,40,0,0,40,2.08
619,2,0,2,0,9.216000325977802,4,4,0,0,40,0,0,40,2.08
619,2,0,3,0,6.144000217318535,4,4,0,0,40,0,0,40,2.08
619,24,0,0,0,7.168000098317862,4,4,0,1,39,0,0,40,70.15
619,24,0,1,0,81.91999793052673,4,4,0,1,39,0,0,40,70.15
619,24,0,2,0,9.216000325977802,4,4,0,1,39,0,0,40,70.15
619,24,0,3,0,4.095999989658594,4,4,0,1,39,0,0,40,70.15
619,40,0,0,1,8.191999979317188,4,4,0,1,39,0,0,40,59.17
619,40,0,1,1,77.82399654388428,4,4,0,1,39,0,0,40,59.17
619,40,0,2,1,9.216000325977802,4,4,0,1,39,0,0,40,59.17
619,40,0,3,1,4.095999989658594,4,4,0,1,39,0,0,40,59.17
620,2,0,0,0,9.216000325977802,4,4,0,0,40,0,0,40,2.32
620,2,0,1,0,88.06400001049042,4,4,0,0,40,0,0,40,2.32
620,2,0,2,0,9.216000325977802,4,4,0,0,40,0,0,40,2.32
620,2,0,3,0,5.119999870657921,4,4,0,0,40,0,0,40,2.32
620,24,0,0,0,8.191999979317188,4,4,0,2,38,0,0,40,100.5
620,24,0,1,0,63.48799914121628,4,4,0,2,38,0,0,40,100.5
620,24,0,2,0,9.216000325977802,4,4,0,2,38,0,0,40,100.5
620,24,0,3,0,14.336000196635723,4,4,0,2,38,0,0,40,100.5
620,40,0,0,1,9.216000325977802,4,4,0,2,38,0,0,40,114.429
620,40,0,1,1,60.416001826524734,4,4,0,2,38,0,0,40,114.429
620,40,0,2,1,9.216000325977802,4,4,0,2,38,0,0,40,114.429
620,40,0,3,1,31.74399957060814,4,4,0,2,38,0,0,40,114.429
621,2,0,0,0,8.191999979317188,4,4,0,0,40,0,0,40,2.409
621,2,0,1,0,93.18400174379349,4,4,0,0,40,0,0,40,2.409
621,2,0,2,0,9.216000325977802,4,4,0,0,40,0,0,40,2.409
621,2,0,3,0,5.119999870657921,4,4,0,0,40,0,0,40,2.409
621,24,0,0,0,9.216000325977802,4,4,0,1,39,0,0,40,51.27
621,24,0,1,0,73.72800260782242,4,4,0,1,39,0,0,40,51.27
621,24,0,2,0,9.216000325977802,4,4,0,1,39,0,0,40,51.27
621,24,0,3,0,4.095999989658594,4,4,0,1,39,0,0,40,51.27
621,40,0,0,1,9.216000325977802,4,4,0,0,40,0,0,40,1.95
621,40,0,1,1,78.84799689054489,4,4,0,0,40,0,0,40,1.95
621,40,0,2,1,9.216000325977802,4,4,0,0,40,0,0,40,1.95
621,40,0,3,1,4.095999989658594,4,4,0,0,40,0,0,40,1.95
622,2,0,0,0,8.191999979317188,4,4,0,2,38,0,0,40,95.669
622,2,0,1,0,84.99199897050858,4,4,0,2,38,0,0,40,95.669
622,2,0,2,0,9.216000325977802,4,4,0,2,38,0,0,40,95.669
622,2,0,3,0,6.144000217318535,4,4,0,2,38,0,0,40,95.669
622,24,0,0,0,8.191999979317188,4,4,0,0,40,0,0,40,2.449
622,24,0,1,0,77.82399654388428,4,4,0,0,40,0,0,40,2.449
622,24,0,2,0,9.216000325977802,4,4,0,0,40,0,0,40,2.449
622,24,0,3,0,4.095999989658594,4,4,0,0,40,0,0,40,2.449
622,40,0,0,1,8.191999979317188,4,4,0,3,37,0,0,40,150.199
622,40,0,1,1,70.65600156784058,4,4,0,3,37,0,0,40,150.199
622,40,0,2,1,8.191999979317188,4,4,0,3,37,0,0,40,150.199
622,40,0,3,1,56.32000043988228,4,4,0,3,37,0,0,40,150.199
623,2,0,0,0,8.191999979317188,4,4,0,1,39,0,0,40,45.63
623,2,0,1,0,75.77600330114365,4,4,0,1,39,0,0,40,45.63
623,2,0,2,0,9.216000325977802,4,4,0,1,39,0,0,40,45.63
623,2,0,3,0,5.119999870657921,4,4,0,1,39,0,0,40,45.63
623,24,0,0,0,7.168000098317862,4,4,0,0,40,0,0,40,1.94
623,24,0,1,0,92.16000139713287,4,4,0,0,40,0,0,40,1.94
623,24,0,2,0,9.216000325977802,4,4,0,0,40,0,0,40,1.94
623,24,0,3,0,4.095999989658594,4,4,0,0,40,0,0,40,1.94
623,40,0,0,1,8.191999979317188,4,4,0,3,37,0,0,40,122.409
623,40,0,1,1,89.08800035715103,4,4,0,3,37,0,0,40,122.409
623,40,0,2,1,9.216000325977802,4,4,0,3,37,0,0,40,122.409
623,40,0,3,1,12.28800043463707,4,4,0,3,37,0,0,40,122.409
624,2,0,0,0,9.216000325977802,4,4,0,0,40,0,0,40,2.069
624,2,0,1,0,90.11200070381165,4,4,0,0,40,0,0,40,2.069
624,2,0,2,0,9.216000325977802,4,4,0,0,40,0,0,40,2.069
624,2,0,3,0,6.144000217318535,4,4,0,0,40,0,0,40,2.069
624,24,0,0,0,8.191999979317188,4,4,0,3,37,0,0,40,124.16
624,24,0,1,0,77.82399654388428,4,4,0,3,37,0,0,40,124.16
624,24,0,2,0,9.216000325977802,4,4,0,3,37,0,0,40,124.16
624,24,0,3,0,22.52800017595291,4,4,0,3,37,0,0,40,124.16
624,40,0,0,1,8.191999979317188,4,4,0,1,39,0,0,40,62.971
624,40,0,1,1,71.68000191450119,4,4,0,1,39,0,0,40,62.971
624,40,0,2,1,9.216000325977802,4,4,0,1,39,0,0,40,62.971
624,40,0,3,1,4.095999989658594,4,4,0,1,39,0,0,40,62.971
625,2,0,0,0,8.191999979317188,4,4,0,0,40,0,0,40,2.14
625,2,0,1,0,86.01599931716919,4,4,0,0,40,0,0,40,2.14
625,2,0,2,0,9.216000325977802,4,4,0,0,40,0,0,40,2.14
625,2,0,3,0,5.119999870657921,4,4,0,0,40,0,0,40,2.14
625,24,0,0,0,7.168000098317862,4,4,0,1,39,0,0,40,54.79
625,24,0,1,0,76.80000364780426,4,4,0,1,39,0,0,40,54.79
625,24,0,2,0,9.216000325977802,4,4,0,1,39,0,0,40,54.79
625,24,0,3,0,5.119999870657921,4,4,0,1,39,0,0,40,54.79
625,40,0,0,1,8.191999979317188,4,4,0,1,39,0,0,40,103.25
625,40,0,1,1,76.80000364780426,4,4,0,1,39,0,0,40,103.25
625,40,0,2,1,9.216000325977802,4,4,0,1,39,0,0,40,103.25
625,40,0,3,1,4.095999989658594,4,4,0,1,39,0,0,40,103.25
626,2,0,0,0,9.216000325977802,4,4,0,1,39,0,0,40,52.811
626,2,0,1,0,88.06400001049042,4,4,0,1,39,0,0,40,52.811
626,2,0,2,0,8.191999979317188,4,4,0,1,39,0,0,40,52.811
626,2,0,3,0,5.119999870657921,4,4,0,1,39,0,0,40,52.811
626,24,0,0,0,8.191999979317188,4,4,0,0,40,0,0,40,2.43
626,24,0,1,0,69.63200122117996,4,4,0,0,40,0,0,40,2.43
626,24,0,2,0,9.216000325977802,4,4,0,0,40,0,0,40,2.43
626,24,0,3,0,4.095999989658594,4,4,0,0,40,0,0,40,2.43
626,40,0,0,1,8.191999979317188,4,4,0,0,40,0,0,40,2.2
626,40,0,1,1,70.65600156784058,4,4,0,0,40,0,0,40,2.2
626,40,0,2,1,9.216000325977802,4,4,0,0,40,0,0,40,2.2
626,40,0,3,1,4.095999989658594,4,4,0,0,40,0,0,40,2.2
627,2,0,0,0,9.216000325977802,4,4,0,0,40,0,0,40,1.78
627,2,0,1,0,76.80000364780426,4,4,0,0,40,0,0,40,1.78
627,2,0,2,0,9.216000325977802,4,4,0,0,40,0,0,40,1.78
627,2,0,3,0,5.119999870657921,4,4,0,0,40,0,0,40,1.78
627,24,0,0,0,7.168000098317862,4,4,0,3,37,0,0,40,119.059
627,24,0,1,0,82.94399827718735,4,4,0,3,37,0,0,40,119.059
627,24,0,2,0,9.216000325977802,4,4,0,3,37,0,0,40,119.059
627,24,0,3,0,14.336000196635723,4,4,0,3,37,0,0,40,119.059
627,40,0,0,1,14.336000196635723,4,4,0,1,39,0,0,40,65.189
627,40,0,1,1,84.99199897050858,4,4,0,1,39,0,0,40,65.189
627,40,0,2,1,9.216000325977802,4,4,0,1,39,0,0,40,65.189
627,40,0,3,1,4.095999989658594,4,4,0,1,39,0,0,40,65.189
628,2,0,0,0,14.336000196635723,4,4,0,1,39,0,0,40,54.03
628,2,0,1,0,71.68000191450119,4,4,0,1,39,0,0,40,54.03
628,2,0,2,0,8.191999979317188,4,4,0,1,39,0,0,40,54.03
628,2,0,3,0,5.119999870657921,4,4,0,1,39,0,0,40,54.03
628,24,0,0,0,8.191999979317188,4,4,0,3,37,0,0,40,127.109
628,24,0,1,0,79.8719972372055,4,4,0,3,37,0,0,40,127.109
628,24,0,2,0,9.216000325977802,4,4,0,3,37,0,0,40,127.109
628,24,0,3,0,24.57600086927414,4,4,0,3,37,0,0,40,127.109
628,40,0,0,1,8.191999979317188,4,4,0,0,40,0,0,40,2.131
628,40,0,1,1,88.06400001049042,4,4,0,0,40,0,0,40,2.131
628,40,0,2,1,10.239999741315842,4,4,0,0,40,0,0,40,2.131
628,40,0,3,1,4.095999989658594,4,4,0,0,40,0,0,40,2.131
629,2,0,0,0,9.216000325977802,4,4,0,1,39,0,0,40,95.049
629,2,0,1,0,84.99199897050858,4,4,0,1,39,0,0,40,95.049
629,2,0,2,0,8.191999979317188,4,4,0,1,39,0,0,40,95.049
629,2,0,3,0,6.144000217318535,4,4,0,1,39,0,0,40,95.049
629,24,0,0,0,7.168000098317862,4,4,0,0,40,0,0,40,2.209
629,24,0,1,0,75.77600330114365,4,4,0,0,40,0,0,40,2.209
629,24,0,2,0,9.216000325977802,4,4,0,0,40,0,0,40,2.209
629,24,0,3,0,4.095999989658594,4,4,0,0,40,0,0,40,2.209
629,40,0,0,1,9.216000325977802,4,4,0,2,38,0,0,40,95.84
629,40,0,1,1,89.08800035715103,4,4,0,2,38,0,0,40,95.84
629,40,0,2,1,9.216000325977802,4,4,0,2,38,0,0,40,95.84
629,40,0,3,1,4.095999989658594,4,4,0,2,38,0,0,40,95.84
630,2,0,0,0,8.191999979317188,4,4,0,0,40,0,0,40,1.55
630,2,0,1,0,64.51199948787689,4,4,0,0,40,0,0,40,1.55
630,2,0,2,0,9.216000325977802,4,4,0,0,40,0,0,40,1.55
630,2,0,3,0,5.119999870657921,4,4,0,0,40,0,0,40,1.55
630,24,0,0,0,8.191999979317188,4,4,0,0,40,0,0,40,2.42
630,24,0,1,0,89.08800035715103,4,4,0,0,40,0,0,40,2.42
630,24,0,2,0,9.216000325977802,4,4,0,0,40,0,0,40,2.42
630,24,0,3,0,4.095999989658594,4,4,0,0,40,0,0,40,2.42
630,40,0,0,1,39.93599861860275,4,4,0,2,38,0,0,40,104.47
630,40,0,1,1,76.80000364780426,4,4,0,2,38,0,0,40,104.47
630,40,0,2,1,10.239999741315842,4,4,0,2,38,0,0,40,104.47
630,40,0,3,1,8.191999979317188,4,4,0,2,38,0,0,40,104.47
631,2,0,0,0,10.239999741315842,4,4,0,0,40,0,0,40,2.44
631,2,0,1,0,82.94399827718735,4,4,0,0,40,0,0,40,2.44
631,2,0,2,0,9.216000325977802,4,4,0,0,40,0,0,40,2.44
631,2,0,3,0,8.191999979317188,4,4,0,0,40,0,0,40,2.44
631,24,0,0,0,7.168000098317862,4,4,0,0,40,0,0,40,1.57
631,24,0,1,0,74.75200295448303,4,4,0,0,40,0,0,40,1.57
631,24,0,2,0,9.216000325977802,4,4,0,0,40,0,0,40,1.57
631,24,0,3,0,4.095999989658594,4,4,0,0,40,0,0,40,1.57
631,40,0,0,1,7.168000098317862,4,4,0,1,39,0,0,40,61.78
631,40,0,1,1,61.43999844789505,4,4,0,1,39,0,0,40,61.78
631,40,0,2,1,9.216000325977802,4,4,0,1,39,0,0,40,61.78
631,40,0,3,1,4.095999989658594,4,4,0,1,39,0,0,40,61.78
632,2,0,0,0,9.216000325977802,4,4,0,0,40,0,0,40,3.06
632,2,0,1,0,86.01599931716919,4,4,0,0,40,0,0,40,3.06
632,2,0,2,0,9.216000325977802,4,4,0,0,40,0,0,40,3.06
632,2,0,3,0,6.144000217318535,4,4,0,0,40,0,0,40,3.06
632,24,0,0,0,7.168000098317862,4,4,0,1,39,0,0,40,50.149
632,24,0,1,0,76.80000364780426,4,4,0,1,39,0,0,40,50.149
632,24,0,2,0,9.216000325977802,4,4,0,1,39,0,0,40,50.149
632,24,0,3,0,4.095999989658594,4,4,0,1,39,0,0,40,50.149
632,40,0,0,1,8.191999979317188,4,4,0,0,40,0,0,40,2.0
632,40,0,1,1,71.68000191450119,4,4,0,0,40,0,0,40,2.0
632,40,0,2,1,9.216000325977802,4,4,0,0,40,0,0,40,2.0
632,40,0,3,1,4.095999989658594,4,4,0,0,40,0,0,40,2.0
633,2,0,0,0,9.216000325977802,4,4,0,0,40,0,0,40,2.32
633,2,0,1,0,88.06400001049042,4,4,0,0,40,0,0,40,2.32
633,2,0,2,0,9.216000325977802,4,4,0,0,40,0,0,40,2.32
633,2,0,3,0,5.119999870657921,4,4,0,0,40,0,0,40,2.32
633,24,0,0,0,7.168000098317862,4,4,0,2,38,0,0,40,108.559
633,24,0,1,0,79.8719972372055,4,4,0,2,38,0,0,40,108.559
633,24,0,2,0,9.216000325977802,4,4,0,2,38,0,0,40,108.559
633,24,0,3,0,6.144000217318535,4,4,0,2,38,0,0,40,108.559
633,40,0,0,1,9.216000325977802,4,4,0,1,39,0,0,40,56.26
633,40,0,1,1,104.44799810647964,4,4,0,1,39,0,0,40,56.26
633,40,0,2,1,9.216000325977802,4,4,0,1,39,0,0,40,56.26
633,40,0,3,1,4.095999989658594,4,4,0,1,39,0,0,40,56.26
634,2,0,0,0,9.216000325977802,4,4,0,0,40,0,0,40,1.69
634,2,0,1,0,64.51199948787689,4,4,0,0,40,0,0,40,1.69
634,2,0,2,0,9.216000325977802,4,4,0,0,40,0,0,40,1.69
634,2,0,3,0,5.119999870657921,4,4,0,0,40,0,0,40,1.69
634,24,0,0,0,9.216000325977802,4,4,0,0,40,0,0,40,2.04
634,24,0,1,0,84.99199897050858,4,4,0,0,40,0,0,40,2.04
634,24,0,2,0,8.191999979317188,4,4,0,0,40,0,0,40,2.04
634,24,0,3,0,4.095999989658594,4,4,0,0,40,0,0,40,2.04
634,40,0,0,1,8.191999979317188,4,4,0,0,40,0,0,40,2.12
634,40,0,1,1,78.84799689054489,4,4,0,0,40,0,0,40,2.12
634,40,0,2,1,8.191999979317188,4,4,0,0,40,0,0,40,2.12
634,40,0,3,1,5.119999870657921,4,4,0,0,40,0,0,40,2.12
635,2,0,0,0,9.216000325977802,4,4,0,0,40,0,0,40,2.5
635,2,0,1,0,84.99199897050858,4,4,0,0,40,0,0,40,2.5
635,2,0,2,0,9.216000325977802,4,4,0,0,40,0,0,40,2.5
635,2,0,3,0,5.119999870657921,4,4,0,0,40,0,0,40,2.5
635,24,0,0,0,8.191999979317188,4,4,0,0,40,0,0,40,1.58
635,24,0,1,0,71.68000191450119,4,4,0,0,40,0,0,40,1.58
635,24,0,2,0,9.216000325977802,4,4,0,0,40,0,0,40,1.58
635,24,0,3,0,4.095999989658594,4,4,0,0,40,0,0,40,1.58
635,40,0,0,1,8.191999979317188,4,4,0,0,40,0,0,40,1.729
635,40,0,1,1,79.8719972372055,4,4,0,0,40,0,0,40,1.729
635,40,0,2,1,9.216000325977802,4,4,0,0,40,0,0,40,1.729
635,40,0,3,1,4.095999989658594,4,4,0,0,40,0,0,40,1.729
636,2,0,0,0,8.191999979317188,4,4,0,0,40,0,0,40,2.4
636,2,0,1,0,91.13600105047226,4,4,0,0,40,0,0,40,2.4
636,2,0,2,0,9.216000325977802,4,4,0,0,40,0,0,40,2.4
636,2,0,3,0,6.144000217318535,4,4,0,0,40,0,0,40,2.4
636,24,0,0,0,8.191999979317188,4,4,0,0,40,0,0,40,1.829
636,24,0,1,0,77.82399654388428,4,4,0,0,40,0,0,40,1.829
636,24,0,2,0,9.216000325977802,4,4,0,0,40,0,0,40,1.829
636,24,0,3,0,4.095999989658594,4,4,0,0,40,0,0,40,1.829
636,40,0,0,1,8.191999979317188,4,4,0,0,40,0,0,40,2.28
636,40,0,1,1,75.77600330114365,4,4,0,0,40,0,0,40,2.28
636,40,0,2,1,8.191999979317188,4,4,0,0,40,0,0,40,2.28
636,40,0,3,1,4.095999989658594,4,4,0,0,40,0,0,40,2.28
637,2,0,0,0,9.216000325977802,4,4,0,0,40,0,0,40,1.61
637,2,0,1,0,88.06400001049042,4,4,0,0,40,0,0,40,1.61
637,2,0,2,0,9.216000325977802,4,4,0,0,40,0,0,40,1.61
637,2,0,3,0,5.119999870657921,4,4,0,0,40,0,0,40,1.61
637,24,0,0,0,9.216000325977802,4,4,0,0,40,0,0,40,1.631
637,24,0,1,0,76.80000364780426,4,4,0,0,40,0,0,40,1.631
637,24,0,2,0,8.191999979317188,4,4,0,0,40,0,0,40,1.631
637,24,0,3,0,4.095999989658594,4,4,0,0,40,0,0,40,1.631
637,40,0,0,1,15.359999611973763,4,4,0,1,39,0,0,40,58.73
637,40,0,1,1,96.25600278377533,4,4,0,1,39,0,0,40,58.73
637,40,0,2,1,9.216000325977802,4,4,0,1,39,0,0,40,58.73
637,40,0,3,1,4.095999989658594,4,4,0,1,39,0,0,40,58.73
638,2,0,0,0,9.216000325977802,4,4,0,0,40,0,0,40,1.73
638,2,0,1,0,65.5359998345375,4,4,0,0,40,0,0,40,1.73
638,2,0,2,0,9.216000325977802,4,4,0,0,40,0,0,40,1.73
638,2,0,3,0,7.168000098317862,4,4,0,0,40,0,0,40,1.73
638,24,0,0,0,8.191999979317188,4,4,0,0,40,0,0,40,2.05
638,24,0,1,0,80.89599758386612,4,4,0,0,40,0,0,40,2.05
638,24,0,2,0,9.216000325977802,4,4,0,0,40,0,0,40,2.05
638,24,0,3,0,4.095999989658594,4,4,0,0,40,0,0,40,2.05
638,40,0,0,1,9.216000325977802,4,4,0,2,38,0,0,40,61.239
638,40,0,1,1,60.416001826524734,4,4,0,2,38,0,0,40,61.239
638,40,0,2,1,9.216000325977802,4,4,0,2,38,0,0,40,61.239
638,40,0,3,1,4.095999989658594,4,4,0,2,38,0,0,40,61.239
639,2,0,0,0,10.239999741315842,4,4,0,0,40,0,0,40,3.691
639,2,0,1,0,81.91999793052673,4,4,0,0,40,0,0,40,3.691
639,2,0,2,0,8.191999979317188,4,4,0,0,40,0,0,40,3.691
639,2,0,3,0,5.119999870657921,4,4,0,0,40,0,0,40,3.691
639,24,0,0,0,9.216000325977802,4,4,0,1,39,0,0,40,57.179
639,24,0,1,0,60.416001826524734,4,4,0,1,39,0,0,40,57.179
639,24,0,2,0,9.216000325977802,4,4,0,1,39,0,0,40,57.179
639,24,0,3,0,5.119999870657921,4,4,0,1,39,0,0,40,57.179
639,40,0,0,1,10.239999741315842,4,4,0,0,40,0,0,40,1.7
639,40,0,1,1,62.463998794555664,4,4,0,0,40,0,0,40,1.7
639,40,0,2,1,9.216000325977802,4,4,0,0,40,0,0,40,1.7
639,40,0,3,1,4.095999989658594,4,4,0,0,40,0,0,40,1.7
640,2,0,0,0,8.191999979317188,4,4,0,1,39,0,0,40,50.971
640,2,0,1,0,87.0399996638298,4,4,0,1,39,0,0,40,50.971
640,2,0,2,0,8.191999979317188,4,4,0,1,39,0,0,40,50.971
640,2,0,3,0,5.119999870657921,4,4,0,1,39,0,0,40,50.971
640,24,0,0,0,8.191999979317188,4,4,0,0,40,0,0,40,2.211
640,24,0,1,0,73.72800260782242,4,4,0,0,40,0,0,40,2.211
640,24,0,2,0,9.216000325977802,4,4,0,0,40,0,0,40,2.211
640,24,0,3,0,4.095999989658594,4,4,0,0,40,0,0,40,2.211
640,40,0,0,1,8.191999979317188,4,4,0,2,38,0,0,40,112.529
640,40,0,1,1,68.60800087451935,4,4,0,2,38,0,0,40,112.529
640,40,0,2,1,9.216000325977802,4,4,0,2,38,0,0,40,112.529
640,40,0,3,1,22.52800017595291,4,4,0,2,38,0,0,40,112.529
641,2,0,0,0,9.216000325977802,4,4,0,0,40,0,0,40,2.08
641,2,0,1,0,89.08800035715103,4,4,0,0,40,0,0,40,2.08
641,2,0,2,0,9.216000325977802,4,4,0,0,40,0,0,40,2.08
641,2,0,3,0,5.119999870657921,4,4,0,0,40,0,0,40,2.08
641,24,0,0,0,8.191999979317188,4,4,0,0,40,0,0,40,1.62
641,24,0,1,0,78.84799689054489,4,4,0,0,40,0,0,40,1.62
641,24,0,2,0,9.216000325977802,4,4,0,0,40,0,0,40,1.62
641,24,0,3,0,4.095999989658594,4,4,0,0,40,0,0,40,1.62
641,40,0,0,1,8.191999979317188,4,4,0,0,40,0,0,40,2.34
641,40,0,1,1,87.0399996638298,4,4,0,0,40,0,0,40,2.34
641,40,0,2,1,8.191999979317188,4,4,0,0,40,0,0,40,2.34
641,40,0,3,1,4.095999989658594,4,4,0,0,40,0,0,40,2.34
642,2,0,0,0,10.239999741315842,4,4,0,0,40,0,0,40,2.18
642,2,0,1,0,75.77600330114365,4,4,0,0,40,0,0,40,2.18
642,2,0,2,0,8.191999979317188,4,4,0,0,40,0,0,40,2.18
642,2,0,3,0,6.144000217318535,4,4,0,0,40,0,0,40,2.18
642,24,0,0,0,8.191999979317188,4,4,0,0,40,0,0,40,1.7
642,24,0,1,0,74.75200295448303,4,4,0,0,40,0,0,40,1.7
642,24,0,2,0,9.216000325977802,4,4,0,0,40,0,0,40,1.7
642,24,0,3,0,4.095999989658594,4,4,0,0,40,0,0,40,1.7
642,40,0,0,1,8.191999979317188,4,4,0,0,40,0,0,40,1.68
642,40,0,1,1,73.72800260782242,4,4,0,0,40,0,0,40,1.68
642,40,0,2,1,8.191999979317188,4,4,0,0,40,0,0,40,1.68
642,40,0,3,1,4.095999989658594,4,4,0,0,40,0,0,40,1.68
643,2,0,0,0,9.216000325977802,4,4,0,0,40,0,0,40,2.14
643,2,0,1,0,71.68000191450119,4,4,0,0,40,0,0,40,2.14
643,2,0,2,0,8.191999979317188,4,4,0,0,40,0,0,40,2.14
643,2,0,3,0,5.119999870657921,4,4,0,0,40,0,0,40,2.14
643,24,0,0,0,8.191999979317188,4,4,0,0,40,0,0,40,1.46
643,24,0,1,0,68.60800087451935,4,4,0,0,40,0,0,40,1.46
643,24,0,2,0,9.216000325977802,4,4,0,0,40,0,0,40,1.46
643,24,0,3,0,4.095999989658594,4,4,0,0,40,0,0,40,1.46
643,40,0,0,1,8.191999979317188,4,4,0,0,40,0,0,40,2.18
643,40,0,1,1,78.84799689054489,4,4,0,0,40,0,0,40,2.18
643,40,0,2,1,9.216000325977802,4,4,0,0,40,0,0,40,2.18
643,40,0,3,1,4.095999989658594,4,4,0,0,40,0,0,40,2.18
644,2,0,0,0,8.191999979317188,4,4,0,0,40,0,0,40,2.16
644,2,0,1,0,88.06400001049042,4,4,0,0,40,0,0,40,2.16
644,2,0,2,0,9.216000325977802,4,4,0,0,40,0,0,40,2.16
644,2,0,3,0,5.119999870657921,4,4,0,0,40,0,0,40,2.16
644,24,0,0,0,8.191999979317188,4,4,0,0,40,0,0,40,2.37
644,24,0,1,0,79.8719972372055,4,4,0,0,40,0,0,40,2.37
644,24,0,2,0,9.216000325977802,4,4,0,0,40,0,0,40,2.37
644,24,0,3,0,5.119999870657921,4,4,0,0,40,0,0,40,2.37
644,40,0,0,1,8.191999979317188,4,4,0,1,39,0,0,40,64.849
644,40,0,1,1,76.80000364780426,4,4,0,1,39,0,0,40,64.849
644,40,0,2,1,9.216000325977802,4,4,0,1,39,0,0,40,64.849
644,40,0,3,1,4.095999989658594,4,4,0,1,39,0,0,40,64.849
645,2,0,0,0,8.191999979317188,4,4,0,0,40,0,0,40,2.471
645,2,0,1,0,89.08800035715103,4,4,0,0,40,0,0,40,2.471
645,2,0,2,0,9.216000325977802,4,4,0,0,40,0,0,40,2.471
645,2,0,3,0,7.168000098317862,4,4,0,0,40,0,0,40,2.471
645,24,0,0,0,8.191999979317188,4,4,0,1,39,0,0,40,54.11
645,24,0,1,0,78.84799689054489,4,4,0,1,39,0,0,40,54.11
645,24,0,2,0,8.191999979317188,4,4,0,1,39,0,0,40,54.11
645,24,0,3,0,4.095999989658594,4,4,0,1,39,0,0,40,54.11
645,40,0,0,1,15.359999611973763,4,4,0,1,39,0,0,40,65.549
645,40,0,1,1,96.25600278377533,4,4,0,1,39,0,0,40,65.549
645,40,0,2,1,8.191999979317188,4,4,0,1,39,0,0,40,65.549
645,40,0,3,1,3.0720001086592674,4,4,0,1,39,0,0,40,65.549
646,2,0,0,0,15.359999611973763,4,4,0,0,40,0,0,40,2.471
646,2,0,1,0,79.8719972372055,4,4,0,0,40,0,0,40,2.471
646,2,0,2,0,9.216000325977802,4,4,0,0,40,0,0,40,2.471
646,2,0,3,0,7.168000098317862,4,4,0,0,40,0,0,40,2.471
646,24,0,0,0,7.168000098317862,4,4,0,0,40,0,0,40,2.27
646,24,0,1,0,78.84799689054489,4,4,0,0,40,0,0,40,2.27
646,24,0,2,0,9.216000325977802,4,4,0,0,40,0,0,40,2.27
646,24,0,3,0,4.095999989658594,4,4,0,0,40,0,0,40,2.27
646,40,0,0,1,9.216000325977802,4,4,0,1,39,0,0,40,73.909
646,40,0,1,1,65.5359998345375,4,4,0,1,39,0,0,40,73.909
646,40,0,2,1,10.239999741315842,4,4,0,1,39,0,0,40,73.909
646,40,0,3,1,4.095999989658594,4,4,0,1,39,0,0,40,73.909
647,2,0,0,0,9.216000325977802,4,4,0,0,40,0,0,40,2.49
647,2,0,1,0,72.7040022611618,4,4,0,0,40,0,0,40,2.49
647,2,0,2,0,9.216000325977802,4,4,0,0,40,0,0,40,2.49
647,2,0,3,0,5.119999870657921,4,4,0,0,40,0,0,40,2.49
647,24,0,0,0,8.191999979317188,4,4,0,0,40,0,0,40,1.85
647,24,0,1,0,84.99199897050858,4,4,0,0,40,0,0,40,1.85
647,24,0,2,0,9.216000325977802,4,4,0,0,40,0,0,40,1.85
647,24,0,3,0,4.095999989658594,4,4,0,0,40,0,0,40,1.85
647,40,0,0,1,9.216000325977802,4,4,0,0,40,0,0,40,2.66
647,40,0,1,1,102.39999741315842,4,4,0,0,40,0,0,40,2.66
647,40,0,2,1,10.239999741315842,4,4,0,0,40,0,0,40,2.66
647,40,0,3,1,4.095999989658594,4,4,0,0,40,0,0,40,2.66
648,2,0,0,0,9.216000325977802,4,4,0,3,37,0,0,40,112.179
648,2,0,1,0,80.89599758386612,4,4,0,3,37,0,0,40,112.179
648,2,0,2,0,9.216000325977802,4,4,0,3,37,0,0,40,112.179
648,2,0,3,0,9.216000325977802,4,4,0,3,37,0,0,40,112.179
648,24,0,0,0,8.191999979317188,4,4,0,0,40,0,0,40,1.77
648,24,0,1,0,76.80000364780426,4,4,0,0,40,0,0,40,1.77
648,24,0,2,0,8.191999979317188,4,4,0,0,40,0,0,40,1.77
648,24,0,3,0,4.095999989658594,4,4,0,0,40,0,0,40,1.77
648,40,0,0,1,14.336000196635723,4,4,0,2,38,0,0,40,69.45
648,40,0,1,1,58.36800113320351,4,4,0,2,38,0,0,40,69.45
648,40,0,2,1,9.216000325977802,4,4,0,2,38,0,0,40,69.45
648,40,0,3,1,5.119999870657921,4,4,0,2,38,0,0,40,69.45
649,2,0,0,0,9.216000325977802,3,3,0,0,30,0,0,30,1.431
649,2,0,1,0,71.68000191450119,3,3,0,0,30,0,0,30,1.431
649,2,0,2,0,9.216000325977802,3,3,0,0,30,0,0,30,1.431
649,2,0,3,0,5.119999870657921,3,3,0,0,30,0,0,30,1.431
649,24,0,0,0,8.191999979317188,3,3,0,0,30,0,0,30,1.01
649,24,0,1,0,57.34400078654289,3,3,0,0,30,0,0,30,1.01
649,24,0,2,0,9.216000325977802,3,3,0,0,30,0,0,30,1.01
649,24,0,3,0,4.095999989658594,3,3,0,0,30,0,0,30,1.01
649,40,0,0,1,9.216000325977802,3,3,0,1,29,0,0,30,49.22
649,40,0,1,1,70.65600156784058,3,3,0,1,29,0,0,30,49.22
649,40,0,2,1,10.239999741315842,3,3,0,1,29,0,0,30,49.22
649,40,0,3,1,4.095999989658594,3,3,0,1,29,0,0,30,49.22
650,2,0,0,0,27.648000046610832,2,2,0,0,20,0,0,20,1.61
650,2,0,1,0,50.175998359918594,2,2,0,0,20,0,0,20,1.61
650,2,0,2,0,9.216000325977802,2,2,0,0,20,0,0,20,1.61
650,2,0,3,0,5.119999870657921,2,2,0,0,20,0,0,20,1.61
650,24,0,0,0,8.191999979317188,2,2,0,0,20,0,0,20,1.289
650,24,0,1,0,46.08000069856644,2,2,0,0,20,0,0,20,1.289
650,24,0,2,0,9.216000325977802,2,2,0,0,20,0,0,20,1.289
650,24,0,3,0,4.095999989658594,2,2,0,0,20,0,0,20,1.289
650,40,0,0,1,9.216000325977802,2,2,0,0,20,0,0,20,1.14
650,40,0,1,1,41.98399931192398,2,2,0,0,20,0,0,20,1.14
650,40,0,2,1,9.216000325977802,2,2,0,0,20,0,0,20,1.14
650,40,0,3,1,3.0720001086592674,2,2,0,0,20,0,0,20,1.14
651,2,0,0,0,8.191999979317188,4,4,0,2,38,0,0,40,116.92
651,2,0,1,0,82.94399827718735,4,4,0,2,38,0,0,40,116.92
651,2,0,2,0,9.216000325977802,4,4,0,2,38,0,0,40,116.92
651,2,0,3,0,13.311999849975109,4,4,0,2,38,0,0,40,116.92
651,24,0,0,0,8.191999979317188,4,4,0,0,40,0,0,40,3.569
651,24,0,1,0,75.77600330114365,4,4,0,0,40,0,0,40,3.569
651,24,0,2,0,9.216000325977802,4,4,0,0,40,0,0,40,3.569
651,24,0,3,0,4.095999989658594,4,4,0,0,40,0,0,40,3.569
651,40,0,0,1,14.336000196635723,4,4,0,0,40,0,0,40,2.9
651,40,0,1,1,89.08800035715103,4,4,0,0,40,0,0,40,2.9
651,40,0,2,1,9.216000325977802,4,4,0,0,40,0,0,40,2.9
651,40,0,3,1,4.095999989658594,4,4,0,0,40,0,0,40,2.9
652,2,0,0,0,14.336000196635723,4,4,0,0,40,0,0,40,2.911
652,2,0,1,0,91.13600105047226,4,4,0,0,40,0,0,40,2.911
652,2,0,2,0,9.216000325977802,4,4,0,0,40,0,0,40,2.911
652,2,0,3,0,5.119999870657921,4,4,0,0,40,0,0,40,2.911
652,24,0,0,0,7.168000098317862,4,4,0,0,40,0,0,40,2.75
652,24,0,1,0,77.82399654388428,4,4,0,0,40,0,0,40,2.75
652,24,0,2,0,9.216000325977802,4,4,0,0,40,0,0,40,2.75
652,24,0,3,0,4.095999989658594,4,4,0,0,40,0,0,40,2.75
652,40,0,0,1,9.216000325977802,4,4,0,0,40,0,0,40,2.98
652,40,0,1,1,83.96799862384796,4,4,0,0,40,0,0,40,2.98
652,40,0,2,1,9.216000325977802,4,4,0,0,40,0,0,40,2.98
652,40,0,3,1,4.095999989658594,4,4,0,0,40,0,0,40,2.98
653,2,0,0,0,9.216000325977802,4,4,0,0,40,0,0,40,3.39
653,2,0,1,0,92.16000139713287,4,4,0,0,40,0,0,40,3.39
653,2,0,2,0,9.216000325977802,4,4,0,0,40,0,0,40,3.39
653,2,0,3,0,5.119999870657921,4,4,0,0,40,0,0,40,3.39
653,24,0,0,0,8.191999979317188,4,4,0,1,39,0,0,40,59.01
653,24,0,1,0,84.99199897050858,4,4,0,1,39,0,0,40,59.01
653,24,0,2,0,9.216000325977802,4,4,0,1,39,0,0,40,59.01
653,24,0,3,0,4.095999989658594,4,4,0,1,39,0,0,40,59.01
653,40,0,0,1,14.336000196635723,4,4,0,0,40,0,0,40,2.72
653,40,0,1,1,78.84799689054489,4,4,0,0,40,0,0,40,2.72
653,40,0,2,1,9.216000325977802,4,4,0,0,40,0,0,40,2.72
653,40,0,3,1,4.095999989658594,4,4,0,0,40,0,0,40,2.72
654,2,0,0,0,8.191999979317188,4,4,0,0,40,0,0,40,2.82
654,2,0,1,0,82.94399827718735,4,4,0,0,40,0,0,40,2.82
654,2,0,2,0,9.216000325977802,4,4,0,0,40,0,0,40,2.82
654,2,0,3,0,5.119999870657921,4,4,0,0,40,0,0,40,2.82
654,24,0,0,0,8.191999979317188,4,4,0,0,40,0,0,40,2.37
654,24,0,1,0,83.96799862384796,4,4,0,0,40,0,0,40,2.37
654,24,0,2,0,8.191999979317188,4,4,0,0,40,0,0,40,2.37
654,24,0,3,0,4.095999989658594,4,4,0,0,40,0,0,40,2.37
654,40,0,0,1,8.191999979317188,4,4,0,2,38,0,0,40,1113.025
654,40,0,1,1,84.99199897050858,4,4,0,2,38,0,0,40,1113.025
654,40,0,2,1,8.191999979317188,4,4,0,2,38,0,0,40,1113.025
654,40,0,3,1,1007.6160430908203,4,4,0,2,38,0,0,40,1113.025
655,2,0,0,0,9.216000325977802,4,4,0,0,40,0,0,40,3.13
655,2,0,1,0,81.91999793052673,4,4,0,0,40,0,0,40,3.13
655,2,0,2,0,9.216000325977802,4,4,0,0,40,0,0,40,3.13
655,2,0,3,0,7.168000098317862,4,4,0,0,40,0,0,40,3.13
655,24,0,0,0,8.191999979317188,4,4,0,0,40,0,0,40,2.82
655,24,0,1,0,68.60800087451935,4,4,0,0,40,0,0,40,2.82
655,24,0,2,0,8.191999979317188,4,4,0,0,40,0,0,40,2.82
655,24,0,3,0,4.095999989658594,4,4,0,0,40,0,0,40,2.82
655,40,0,0,1,9.216000325977802,4,4,0,0,40,0,0,40,2.8
655,40,0,1,1,90.11200070381165,4,4,0,0,40,0,0,40,2.8
655,40,0,2,1,9.216000325977802,4,4,0,0,40,0,0,40,2.8
655,40,0,3,1,4.095999989658594,4,4,0,0,40,0,0,40,2.8
656,2,0,0,0,8.191999979317188,4,4,0,0,40,0,0,40,2.469
656,2,0,1,0,67.58400052785873,4,4,0,0,40,0,0,40,2.469
656,2,0,2,0,9.216000325977802,4,4,0,0,40,0,0,40,2.469
656,2,0,3,0,5.119999870657921,4,4,0,0,40,0,0,40,2.469
656,24,0,0,0,8.191999979317188,4,4,0,0,40,0,0,40,2.59
656,24,0,1,0,80.89599758386612,4,4,0,0,40,0,0,40,2.59
656,24,0,2,0,9.216000325977802,4,4,0,0,40,0,0,40,2.59
656,24,0,3,0,4.095999989658594,4,4,0,0,40,0,0,40,2.59
656,40,0,0,1,8.191999979317188,4,4,0,1,39,0,0,40,60.209
656,40,0,1,1,68.60800087451935,4,4,0,1,39,0,0,40,60.209
656,40,0,2,1,9.216000325977802,4,4,0,1,39,0,0,40,60.209
656,40,0,3,1,4.095999989658594,4,4,0,1,39,0,0,40,60.209
657,2,0,0,0,9.216000325977802,4,4,0,1,39,0,0,40,59.689
657,2,0,1,0,91.13600105047226,4,4,0,1,39,0,0,40,59.689
657,2,0,2,0,9.216000325977802,4,4,0,1,39,0,0,40,59.689
657,2,0,3,0,5.119999870657921,4,4,0,1,39,0,0,40,59.689
657,24,0,0,0,7.168000098317862,4,4,0,0,40,0,0,40,2.48
657,24,0,1,0,70.65600156784058,4,4,0,0,40,0,0,40,2.48
657,24,0,2,0,9.216000325977802,4,4,0,0,40,0,0,40,2.48
657,24,0,3,0,4.095999989658594,4,4,0,0,40,0,0,40,2.48
657,40,0,0,1,8.191999979317188,4,4,0,0,40,0,0,40,3.04
657,40,0,1,1,78.84799689054489,4,4,0,0,40,0,0,40,3.04
657,40,0,2,1,9.216000325977802,4,4,0,0,40,0,0,40,3.04
657,40,0,3,1,4.095999989658594,4,4,0,0,40,0,0,40,3.04
658,2,0,0,0,11.264000087976456,4,4,0,1,39,0,0,40,59.9
658,2,0,1,0,82.94399827718735,4,4,0,1,39,0,0,40,59.9
658,2,0,2,0,9.216000325977802,4,4,0,1,39,0,0,40,59.9
658,2,0,3,0,5.119999870657921,4,4,0,1,39,0,0,40,59.9
658,24,0,0,0,8.191999979317188,4,4,0,0,40,0,0,40,2.429
658,24,0,1,0,72.7040022611618,4,4,0,0,40,0,0,40,2.429
658,24,0,2,0,8.191999979317188,4,4,0,0,40,0,0,40,2.429
658,24,0,3,0,4.095999989658594,4,4,0,0,40,0,0,40,2.429
658,40,0,0,1,8.191999979317188,4,4,0,0,40,0,0,40,2.35
658,40,0,1,1,61.43999844789505,4,4,0,0,40,0,0,40,2.35
658,40,0,2,1,8.191999979317188,4,4,0,0,40,0,0,40,2.35
658,40,0,3,1,4.095999989658594,4,4,0,0,40,0,0,40,2.35
659,2,0,0,0,9.216000325977802,4,4,0,0,40,0,0,40,2.99
659,2,0,1,0,87.0399996638298,4,4,0,0,40,0,0,40,2.99
659,2,0,2,0,9.216000325977802,4,4,0,0,40,0,0,40,2.99
659,2,0,3,0,5.119999870657921,4,4,0,0,40,0,0,40,2.99
659,24,0,0,0,9.216000325977802,4,4,0,0,40,0,0,40,2.13
659,24,0,1,0,78.84799689054489,4,4,0,0,40,0,0,40,2.13
659,24,0,2,0,9.216000325977802,4,4,0,0,40,0,0,40,2.13
659,24,0,3,0,4.095999989658594,4,4,0,0,40,0,0,40,2.13
659,40,0,0,1,9.216000325977802,4,4,0,0,40,0,0,40,2.591
659,40,0,1,1,97.28000313043594,4,4,0,0,40,0,0,40,2.591
659,40,0,2,1,9.216000325977802,4,4,0,0,40,0,0,40,2.591
659,40,0,3,1,4.095999989658594,4,4,0,0,40,0,0,40,2.591
660,2,0,0,0,9.216000325977802,4,4,0,0,40,0,0,40,2.29
660,2,0,1,0,66.56000018119812,4,4,0,0,40,0,0,40,2.29
660,2,0,2,0,9.216000325977802,4,4,0,0,40,0,0,40,2.29
660,2,0,3,0,5.119999870657921,4,4,0,0,40,0,0,40,2.29
660,24,0,0,0,8.191999979317188,4,4,0,0,40,0,0,40,1.71
660,24,0,1,0,65.5359998345375,4,4,0,0,40,0,0,40,1.71
660,24,0,2,0,9.216000325977802,4,4,0,0,40,0,0,40,1.71
660,24,0,3,0,4.095999989658594,4,4,0,0,40,0,0,40,1.71
660,40,0,0,1,9.216000325977802,4,4,0,1,39,0,0,40,64.18
660,40,0,1,1,87.0399996638298,4,4,0,1,39,0,0,40,64.18
660,40,0,2,1,9.216000325977802,4,4,0,1,39,0,0,40,64.18
660,40,0,3,1,4.095999989658594,4,4,0,1,39,0,0,40,64.18
661,2,0,0,0,9.216000325977802,4,4,0,3,37,0,0,40,254.75
661,2,0,1,0,73.72800260782242,4,4,0,3,37,0,0,40,254.75
661,2,0,2,0,9.216000325977802,4,4,0,3,37,0,0,40,254.75
661,2,0,3,0,160.76800227165222,4,4,0,3,37,0,0,40,254.75
661,24,0,0,0,8.191999979317188,4,4,0,3,37,0,0,40,207.139
661,24,0,1,0,81.91999793052673,4,4,0,3,37,0,0,40,207.139
661,24,0,2,0,9.216000325977802,4,4,0,3,37,0,0,40,207.139
661,24,0,3,0,102.39999741315842,4,4,0,3,37,0,0,40,207.139
661,40,0,0,1,15.359999611973763,4,4,0,2,38,0,0,40,165.94
661,40,0,1,1,78.84799689054489,4,4,0,2,38,0,0,40,165.94
661,40,0,2,1,8.191999979317188,4,4,0,2,38,0,0,40,165.94
661,40,0,3,1,57.34400078654289,4,4,0,2,38,0,0,40,165.94
662,2,0,0,0,9.216000325977802,4,4,0,0,40,0,0,40,1.969
662,2,0,1,0,92.16000139713287,4,4,0,0,40,0,0,40,1.969
662,2,0,2,0,8.191999979317188,4,4,0,0,40,0,0,40,1.969
662,2,0,3,0,5.119999870657921,4,4,0,0,40,0,0,40,1.969
662,24,0,0,0,8.191999979317188,4,4,0,0,40,0,0,40,1.829
662,24,0,1,0,69.63200122117996,4,4,0,0,40,0,0,40,1.829
662,24,0,2,0,9.216000325977802,4,4,0,0,40,0,0,40,1.829
662,24,0,3,0,4.095999989658594,4,4,0,0,40,0,0,40,1.829
662,40,0,0,1,8.191999979317188,4,4,0,1,39,0,0,40,66.49
662,40,0,1,1,79.8719972372055,4,4,0,1,39,0,0,40,66.49
662,40,0,2,1,9.216000325977802,4,4,0,1,39,0,0,40,66.49
662,40,0,3,1,4.095999989658594,4,4,0,1,39,0,0,40,66.49
663,2,0,0,0,9.216000325977802,2,2,0,0,20,0,0,20,0.96
663,2,0,1,0,52.22399905323982,2,2,0,0,20,0,0,20,0.96
663,2,0,2,0,9.216000325977802,2,2,0,0,20,0,0,20,0.96
663,2,0,3,0,5.119999870657921,2,2,0,0,20,0,0,20,0.96
663,24,0,0,0,8.191999979317188,2,2,0,0,20,0,0,20,0.67
663,24,0,1,0,53.247999399900436,2,2,0,0,20,0,0,20,0.67
663,24,0,2,0,9.216000325977802,2,2,0,0,20,0,0,20,0.67
663,24,0,3,0,4.095999989658594,2,2,0,0,20,0,0,20,0.67
663,40,0,0,1,9.216000325977802,2,2,0,0,20,0,0,20,1.14
663,40,0,1,1,44.03200000524521,2,2,0,0,20,0,0,20,1.14
663,40,0,2,1,9.216000325977802,2,2,0,0,20,0,0,20,1.14
663,40,0,3,1,4.095999989658594,2,2,0,0,20,0,0,20,1.14
664,2,0,0,0,11.264000087976456,3,3,0,0,30,0,0,30,2.34
664,2,0,1,0,69.63200122117996,3,3,0,0,30,0,0,30,2.34
664,2,0,2,0,8.191999979317188,3,3,0,0,30,0,0,30,2.34
664,2,0,3,0,5.119999870657921,3,3,0,0,30,0,0,30,2.34
664,24,0,0,0,8.191999979317188,3,3,0,0,30,0,0,30,1.84
664,24,0,1,0,64.51199948787689,3,3,0,0,30,0,0,30,1.84
664,24,0,2,0,9.216000325977802,3,3,0,0,30,0,0,30,1.84
664,24,0,3,0,4.095999989658594,3,3,0,0,30,0,0,30,1.84
664,40,0,0,1,10.239999741315842,3,3,0,0,30,0,0,30,1.12
664,40,0,1,1,50.175998359918594,3,3,0,0,30,0,0,30,1.12
664,40,0,2,1,9.216000325977802,3,3,0,0,30,0,0,30,1.12
664,40,0,3,1,4.095999989658594,3,3,0,0,30,0,0,30,1.12
665,2,0,0,0,9.216000325977802,4,4,0,0,40,0,0,40,2.249
665,2,0,1,0,74.75200295448303,4,4,0,0,40,0,0,40,2.249
665,2,0,2,0,9.216000325977802,4,4,0,0,40,0,0,40,2.249
665,2,0,3,0,6.144000217318535,4,4,0,0,40,0,0,40,2.249
665,24,0,0,0,7.168000098317862,4,4,0,0,40,0,0,40,1.62
665,24,0,1,0,77.82399654388428,4,4,0,0,40,0,0,40,1.62
665,24,0,2,0,8.191999979317188,4,4,0,0,40,0,0,40,1.62
665,24,0,3,0,4.095999989658594,4,4,0,0,40,0,0,40,1.62
665,40,0,0,1,9.216000325977802,4,4,0,0,40,0,0,40,1.54
665,40,0,1,1,84.99199897050858,4,4,0,0,40,0,0,40,1.54
665,40,0,2,1,9.216000325977802,4,4,0,0,40,0,0,40,1.54
665,40,0,3,1,3.0720001086592674,4,4,0,0,40,0,0,40,1.54
666,2,0,0,0,15.359999611973763,4,4,0,1,39,0,0,40,52.35
666,2,0,1,0,84.99199897050858,4,4,0,1,39,0,0,40,52.35
666,2,0,2,0,9.216000325977802,4,4,0,1,39,0,0,40,52.35
666,2,0,3,0,6.144000217318535,4,4,0,1,39,0,0,40,52.35
666,24,0,0,0,8.191999979317188,4,4,0,0,40,0,0,40,1.38
666,24,0,1,0,90.11200070381165,4,4,0,0,40,0,0,40,1.38
666,24,0,2,0,8.191999979317188,4,4,0,0,40,0,0,40,1.38
666,24,0,3,0,5.119999870657921,4,4,0,0,40,0,0,40,1.38
666,40,0,0,1,8.191999979317188,4,4,0,0,40,0,0,40,1.48
666,40,0,1,1,104.44799810647964,4,4,0,0,40,0,0,40,1.48
666,40,0,2,1,9.216000325977802,4,4,0,0,40,0,0,40,1.48
666,40,0,3,1,4.095999989658594,4,4,0,0,40,0,0,40,1.48
667,2,0,0,0,9.216000325977802,4,4,0,0,40,0,0,40,1.72
667,2,0,1,0,88.06400001049042,4,4,0,0,40,0,0,40,1.72
667,2,0,2,0,8.191999979317188,4,4,0,0,40,0,0,40,1.72
667,2,0,3,0,5.119999870657921,4,4,0,0,40,0,0,40,1.72
667,24,0,0,0,9.216000325977802,4,4,0,0,40,0,0,40,1.81
667,24,0,1,0,83.96799862384796,4,4,0,0,40,0,0,40,1.81
667,24,0,2,0,9.216000325977802,4,4,0,0,40,0,0,40,1.81
667,24,0,3,0,4.095999989658594,4,4,0,0,40,0,0,40,1.81
667,40,0,0,1,8.191999979317188,4,4,0,2,38,0,0,40,105.97
667,40,0,1,1,88.06400001049042,4,4,0,2,38,0,0,40,105.97
667,40,0,2,1,8.191999979317188,4,4,0,2,38,0,0,40,105.97
667,40,0,3,1,3.0720001086592674,4,4,0,2,38,0,0,40,105.97
668,2,0,0,0,8.191999979317188,4,4,0,1,39,0,0,40,53.989
668,2,0,1,0,94.2080020904541,4,4,0,1,39,0,0,40,53.989
668,2,0,2,0,9.216000325977802,4,4,0,1,39,0,0,40,53.989
668,2,0,3,0,6.144000217318535,4,4,0,1,39,0,0,40,53.989
668,24,0,0,0,7.168000098317862,4,4,0,1,39,0,0,40,56.649
668,24,0,1,0,88.06400001049042,4,4,0,1,39,0,0,40,56.649
668,24,0,2,0,9.216000325977802,4,4,0,1,39,0,0,40,56.649
668,24,0,3,0,4.095999989658594,4,4,0,1,39,0,0,40,56.649
668,40,0,0,1,8.191999979317188,4,4,0,1,39,0,0,40,64.77
668,40,0,1,1,63.48799914121628,4,4,0,1,39,0,0,40,64.77
668,40,0,2,1,9.216000325977802,4,4,0,1,39,0,0,40,64.77
668,40,0,3,1,4.095999989658594,4,4,0,1,39,0,0,40,64.77
669,2,0,0,0,9.216000325977802,4,4,0,0,40,0,0,40,1.7
669,2,0,1,0,81.91999793052673,4,4,0,0,40,0,0,40,1.7
669,2,0,2,0,9.216000325977802,4,4,0,0,40,0,0,40,1.7
669,2,0,3,0,6.144000217318535,4,4,0,0,40,0,0,40,1.7
669,24,0,0,0,7.168000098317862,4,4,0,1,39,0,0,40,53.05
669,24,0,1,0,66.56000018119812,4,4,0,1,39,0,0,40,53.05
669,24,0,2,0,9.216000325977802,4,4,0,1,39,0,0,40,53.05
669,24,0,3,0,5.119999870657921,4,4,0,1,39,0,0,40,53.05
669,40,0,0,1,8.191999979317188,4,4,0,0,40,0,0,40,2.0
669,40,0,1,1,76.80000364780426,4,4,0,0,40,0,0,40,2.0
669,40,0,2,1,9.216000325977802,4,4,0,0,40,0,0,40,2.0
669,40,0,3,1,4.095999989658594,4,4,0,0,40,0,0,40,2.0
670,2,0,0,0,15.359999611973763,4,4,0,1,39,0,0,40,104.119
670,2,0,1,0,83.96799862384796,4,4,0,1,39,0,0,40,104.119
670,2,0,2,0,9.216000325977802,4,4,0,1,39,0,0,40,104.119
670,2,0,3,0,6.144000217318535,4,4,0,1,39,0,0,40,104.119
670,24,0,0,0,7.168000098317862,4,4,0,0,40,0,0,40,1.43
670,24,0,1,0,73.72800260782242,4,4,0,0,40,0,0,40,1.43
670,24,0,2,0,9.216000325977802,4,4,0,0,40,0,0,40,1.43
670,24,0,3,0,4.095999989658594,4,4,0,0,40,0,0,40,1.43
670,40,0,0,1,8.191999979317188,4,4,0,0,40,0,0,40,2.109
670,40,0,1,1,95.23200243711472,4,4,0,0,40,0,0,40,2.109
670,40,0,2,1,9.216000325977802,4,4,0,0,40,0,0,40,2.109
670,40,0,3,1,4.095999989658594,4,4,0,0,40,0,0,40,2.109
671,2,0,0,0,14.336000196635723,4,4,0,0,40,0,0,40,1.46
671,2,0,1,0,67.58400052785873,4,4,0,0,40,0,0,40,1.46
671,2,0,2,0,8.191999979317188,4,4,0,0,40,0,0,40,1.46
671,2,0,3,0,8.191999979317188,4,4,0,0,40,0,0,40,1.46
671,24,0,0,0,8.191999979317188,4,4,0,0,40,0,0,40,1.86
671,24,0,1,0,74.75200295448303,4,4,0,0,40,0,0,40,1.86
671,24,0,2,0,9.216000325977802,4,4,0,0,40,0,0,40,1.86
671,24,0,3,0,4.095999989658594,4,4,0,0,40,0,0,40,1.86
671,40,0,0,1,8.191999979317188,4,4,0,1,39,0,0,40,62.68
671,40,0,1,1,84.99199897050858,4,4,0,1,39,0,0,40,62.68
671,40,0,2,1,9.216000325977802,4,4,0,1,39,0,0,40,62.68
671,40,0,3,1,4.095999989658594,4,4,0,1,39,0,0,40,62.68
672,2,0,0,0,9.216000325977802,4,4,0,0,40,0,0,40,2.0
672,2,0,1,0,88.06400001049042,4,4,0,0,40,0,0,40,2.0
672,2,0,2,0,9.216000325977802,4,4,0,0,40,0,0,40,2.0
672,2,0,3,0,5.119999870657921,4,4,0,0,40,0,0,40,2.0
672,24,0,0,0,8.191999979317188,4,4,0,0,40,0,0,40,1.45
672,24,0,1,0,70.65600156784058,4,4,0,0,40,0,0,40,1.45
672,24,0,2,0,9.216000325977802,4,4,0,0,40,0,0,40,1.45
672,24,0,3,0,4.095999989658594,4,4,0,0,40,0,0,40,1.45
672,40,0,0,1,9.216000325977802,4,4,0,0,40,0,0,40,1.551
672,40,0,1,1,78.84799689054489,4,4,0,0,40,0,0,40,1.551
672,40,0,2,1,9.216000325977802,4,4,0,0,40,0,0,40,1.551
672,40,0,3,1,4.095999989658594,4,4,0,0,40,0,0,40,1.551
673,2,0,0,0,9.216000325977802,4,4,0,0,40,0,0,40,1.66
673,2,0,1,0,93.18400174379349,4,4,0,0,40,0,0,40,1.66
673,2,0,2,0,9.216000325977802,4,4,0,0,40,0,0,40,1.66
673,2,0,3,0,5.119999870657921,4,4,0,0,40,0,0,40,1.66
673,24,0,0,0,8.191999979317188,4,4,0,0,40,0,0,40,1.82
673,24,0,1,0,64.51199948787689,4,4,0,0,40,0,0,40,1.82
673,24,0,2,0,9.216000325977802,4,4,0,0,40,0,0,40,1.82
673,24,0,3,0,4.095999989658594,4,4,0,0,40,0,0,40,1.82
673,40,0,0,1,8.191999979317188,4,4,0,0,40,0,0,40,1.67
673,40,0,1,1,77.82399654388428,4,4,0,0,40,0,0,40,1.67
673,40,0,2,1,9.216000325977802,4,4,0,0,40,0,0,40,1.67
673,40,0,3,1,4.095999989658594,4,4,0,0,40,0,0,40,1.67
674,2,0,0,0,9.216000325977802,2,2,0,0,20,0,0,20,0.67
674,2,0,1,0,52.22399905323982,2,2,0,0,20,0,0,20,0.67
674,2,0,2,0,8.191999979317188,2,2,0,0,20,0,0,20,0.67
674,2,0,3,0,6.144000217318535,2,2,0,0,20,0,0,20,0.67
674,24,0,0,0,8.191999979317188,2,2,0,0,20,0,0,20,0.62
674,24,0,1,0,56.32000043988228,2,2,0,0,20,0,0,20,0.62
674,24,0,2,0,9.216000325977802,2,2,0,0,20,0,0,20,0.62
674,24,0,3,0,4.095999989658594,2,2,0,0,20,0,0,20,0.62
674,40,0,0,1,9.216000325977802,2,2,0,0,20,0,0,20,0.749
674,40,0,1,1,41.98399931192398,2,2,0,0,20,0,0,20,0.749
674,40,0,2,1,9.216000325977802,2,2,0,0,20,0,0,20,0.749
674,40,0,3,1,5.119999870657921,2,2,0,0,20,0,0,20,0.749
675,2,0,0,0,10.239999741315842,2,2,0,1,19,0,0,20,65.38
675,2,0,1,0,48.128001391887665,2,2,0,1,19,0,0,20,65.38
675,2,0,2,0,9.216000325977802,2,2,0,1,19,0,0,20,65.38
675,2,0,3,0,5.119999870657921,2,2,0,1,19,0,0,20,65.38
675,24,0,0,0,8.191999979317188,2,2,0,0,20,0,0,20,0.591
675,24,0,1,0,40.95999896526337,2,2,0,0,20,0,0,20,0.591
675,24,0,2,0,8.191999979317188,2,2,0,0,20,0,0,20,0.591
675,24,0,3,0,3.0720001086592674,2,2,0,0,20,0,0,20,0.591
675,40,0,0,1,9.216000325977802,2,2,0,0,20,0,0,20,0.72
675,40,0,1,1,46.08000069856644,2,2,0,0,20,0,0,20,0.72
675,40,0,2,1,9.216000325977802,2,2,0,0,20,0,0,20,0.72
675,40,0,3,1,4.095999989658594,2,2,0,0,20,0,0,20,0.72
676,2,0,0,0,8.191999979317188,4,4,0,0,40,0,0,40,1.99
676,2,0,1,0,88.06400001049042,4,4,0,0,40,0,0,40,1.99
676,2,0,2,0,9.216000325977802,4,4,0,0,40,0,0,40,1.99
676,2,0,3,0,5.119999870657921,4,4,0,0,40,0,0,40,1.99
676,24,0,0,0,7.168000098317862,4,4,0,0,40,0,0,40,1.48
676,24,0,1,0,78.84799689054489,4,4,0,0,40,0,0,40,1.48
676,24,0,2,0,9.216000325977802,4,4,0,0,40,0,0,40,1.48
676,24,0,3,0,4.095999989658594,4,4,0,0,40,0,0,40,1.48
676,40,0,0,1,8.191999979317188,4,4,0,0,40,0,0,40,1.62
676,40,0,1,1,82.94399827718735,4,4,0,0,40,0,0,40,1.62
676,40,0,2,1,9.216000325977802,4,4,0,0,40,0,0,40,1.62
676,40,0,3,1,4.095999989658594,4,4,0,0,40,0,0,40,1.62
677,2,0,0,0,9.216000325977802,4,4,0,0,40,0,0,40,1.949
677,2,0,1,0,89.08800035715103,4,4,0,0,40,0,0,40,1.949
677,2,0,2,0,9.216000325977802,4,4,0,0,40,0,0,40,1.949
677,2,0,3,0,5.119999870657921,4,4,0,0,40,0,0,40,1.949
677,24,0,0,0,9.216000325977802,4,4,0,2,38,0,0,40,105.039
677,24,0,1,0,70.65600156784058,4,4,0,2,38,0,0,40,105.039
677,24,0,2,0,9.216000325977802,4,4,0,2,38,0,0,40,105.039
677,24,0,3,0,14.336000196635723,4,4,0,2,38,0,0,40,105.039
677,40,0,0,1,8.191999979317188,4,4,0,3,37,0,0,40,83.3
677,40,0,1,1,75.77600330114365,4,4,0,3,37,0,0,40,83.3
677,40,0,2,1,9.216000325977802,4,4,0,3,37,0,0,40,83.3
677,40,0,3,1,4.095999989658594,4,4,0,3,37,0,0,40,83.3
678,2,0,0,0,8.191999979317188,4,4,0,0,40,0,0,40,2.32
678,2,0,1,0,88.06400001049042,4,4,0,0,40,0,0,40,2.32
678,2,0,2,0,9.216000325977802,4,4,0,0,40,0,0,40,2.32
678,2,0,3,0,6.144000217318535,4,4,0,0,40,0,0,40,2.32
678,24,0,0,0,8.191999979317188,4,4,0,0,40,0,0,40,1.851
678,24,0,1,0,88.06400001049042,4,4,0,0,40,0,0,40,1.851
678,24,0,2,0,9.216000325977802,4,4,0,0,40,0,0,40,1.851
678,24,0,3,0,4.095999989658594,4,4,0,0,40,0,0,40,1.851
678,40,0,0,1,8.191999979317188,4,4,0,0,40,0,0,40,1.48
678,40,0,1,1,83.96799862384796,4,4,0,0,40,0,0,40,1.48
678,40,0,2,1,9.216000325977802,4,4,0,0,40,0,0,40,1.48
678,40,0,3,1,4.095999989658594,4,4,0,0,40,0,0,40,1.48
679,2,0,0,0,8.191999979317188,4,4,0,0,40,0,0,40,1.669
679,2,0,1,0,83.96799862384796,4,4,0,0,40,0,0,40,1.669
679,2,0,2,0,8.191999979317188,4,4,0,0,40,0,0,40,1.669
679,2,0,3,0,5.119999870657921,4,4,0,0,40,0,0,40,1.669
679,24,0,0,0,8.191999979317188,4,4,0,0,40,0,0,40,1.449
679,24,0,1,0,81.91999793052673,4,4,0,0,40,0,0,40,1.449
679,24,0,2,0,9.216000325977802,4,4,0,0,40,0,0,40,1.449
679,24,0,3,0,4.095999989658594,4,4,0,0,40,0,0,40,1.449
679,40,0,0,1,9.216000325977802,4,4,0,0,40,0,0,40,2.031
679,40,0,1,1,74.75200295448303,4,4,0,0,40,0,0,40,2.031
679,40,0,2,1,9.216000325977802,4,4,0,0,40,0,0,40,2.031
679,40,0,3,1,4.095999989658594,4,4,0,0,40,0,0,40,2.031
680,2,0,0,0,8.191999979317188,4,4,0,1,39,0,0,40,82.51
680,2,0,1,0,87.0399996638298,4,4,0,1,39,0,0,40,82.51
680,2,0,2,0,9.216000325977802,4,4,0,1,39,0,0,40,82.51
680,2,0,3,0,5.119999870657921,4,4,0,1,39,0,0,40,82.51
680,24,0,0,0,8.191999979317188,4,4,0,0,40,0,0,40,1.43
680,24,0,1,0,72.7040022611618,4,4,0,0,40,0,0,40,1.43
680,24,0,2,0,9.216000325977802,4,4,0,0,40,0,0,40,1.43
680,24,0,3,0,4.095999989658594,4,4,0,0,40,0,0,40,1.43
680,40,0,0,1,9.216000325977802,4,4,0,1,39,0,0,40,78.53
680,40,0,1,1,75.77600330114365,4,4,0,1,39,0,0,40,78.53
680,40,0,2,1,9.216000325977802,4,4,0,1,39,0,0,40,78.53
680,40,0,3,1,4.095999989658594,4,4,0,1,39,0,0,40,78.53
681,2,0,0,0,9.216000325977802,4,4,0,0,40,0,0,40,1.57
681,2,0,1,0,82.94399827718735,4,4,0,0,40,0,0,40,1.57
681,2,0,2,0,9.216000325977802,4,4,0,0,40,0,0,40,1.57
681,2,0,3,0,5.119999870657921,4,4,0,0,40,0,0,40,1.57
681,24,0,0,0,7.168000098317862,4,4,0,0,40,0,0,40,1.449
681,24,0,1,0,69.63200122117996,4,4,0,0,40,0,0,40,1.449
681,24,0,2,0,8.191999979317188,4,4,0,0,40,0,0,40,1.449
681,24,0,3,0,5.119999870657921,4,4,0,0,40,0,0,40,1.449
681,40,0,0,1,14.336000196635723,4,4,0,1,39,0,0,40,61.149
681,40,0,1,1,71.68000191450119,4,4,0,1,39,0,0,40,61.149
681,40,0,2,1,9.216000325977802,4,4,0,1,39,0,0,40,61.149
681,40,0,3,1,4.095999989658594,4,4,0,1,39,0,0,40,61.149
682,2,0,0,0,8.191999979317188,4,4,0,0,40,0,0,40,1.66
682,2,0,1,0,89.08800035715103,4,4,0,0,40,0,0,40,1.66
682,2,0,2,0,8.191999979317188,4,4,0,0,40,0,0,40,1.66
682,2,0,3,0,6.144000217318535,4,4,0,0,40,0,0,40,1.66
682,24,0,0,0,8.191999979317188,4,4,0,0,40,0,0,40,1.609
682,24,0,1,0,69.63200122117996,4,4,0,0,40,0,0,40,1.609
682,24,0,2,0,9.216000325977802,4,4,0,0,40,0,0,40,1.609
682,24,0,3,0,4.095999989658594,4,4,0,0,40,0,0,40,1.609
682,40,0,0,1,9.216000325977802,4,4,0,1,39,0,0,40,48.87
682,40,0,1,1,79.8719972372055,4,4,0,1,39,0,0,40,48.87
682,40,0,2,1,8.191999979317188,4,4,0,1,39,0,0,40,48.87
682,40,0,3,1,4.095999989658594,4,4,0,1,39,0,0,40,48.87
683,2,0,0,0,10.239999741315842,3,3,0,0,30,0,0,30,1.12
683,2,0,1,0,63.48799914121628,3,3,0,0,30,0,0,30,1.12
683,2,0,2,0,8.191999979317188,3,3,0,0,30,0,0,30,1.12
683,2,0,3,0,6.144000217318535,3,3,0,0,30,0,0,30,1.12
683,24,0,0,0,8.191999979317188,3,3,0,0,30,0,0,30,0.971
683,24,0,1,0,51.19999870657921,3,3,0,0,30,0,0,30,0.971
683,24,0,2,0,9.216000325977802,3,3,0,0,30,0,0,30,0.971
683,24,0,3,0,4.095999989658594,3,3,0,0,30,0,0,30,0.971
683,40,0,0,1,10.239999741315842,3,3,0,0,30,0,0,30,1.04
683,40,0,1,1,56.32000043988228,3,3,0,0,30,0,0,30,1.04
683,40,0,2,1,10.239999741315842,3,3,0,0,30,0,0,30,1.04
683,40,0,3,1,4.095999989658594,3,3,0,0,30,0,0,30,1.04
684,2,0,0,0,8.191999979317188,1,1,0,0,10,0,0,10,0.5
684,2,0,1,0,31.74399957060814,1,1,0,0,10,0,0,10,0.5
684,2,0,2,0,8.191999979317188,1,1,0,0,10,0,0,10,0.5
684,2,0,3,0,7.168000098317862,1,1,0,0,10,0,0,10,0.5
684,24,0,0,0,8.191999979317188,1,1,0,0,10,0,0,10,0.611
684,24,0,1,0,31.74399957060814,1,1,0,0,10,0,0,10,0.611
684,24,0,2,0,8.191999979317188,1,1,0,0,10,0,0,10,0.611
684,24,0,3,0,4.095999989658594,1,1,0,0,10,0,0,10,0.611
684,40,0,0,1,8.191999979317188,1,1,0,0,10,0,0,10,0.3
684,40,0,1,1,34.81600061058998,1,1,0,0,10,0,0,10,0.3
684,40,0,2,1,9.216000325977802,1,1,0,0,10,0,0,10,0.3
684,40,0,3,1,4.095999989658594,1,1,0,0,10,0,0,10,0.3
685,2,0,0,0,8.191999979317188,2,2,0,0,20,0,0,20,0.72
685,2,0,1,0,52.22399905323982,2,2,0,0,20,0,0,20,0.72
685,2,0,2,0,9.216000325977802,2,2,0,0,20,0,0,20,0.72
685,2,0,3,0,6.144000217318535,2,2,0,0,20,0,0,20,0.72
685,24,0,0,0,8.191999979317188,2,2,0,0,20,0,0,20,0.78
685,24,0,1,0,52.22399905323982,2,2,0,0,20,0,0,20,0.78
685,24,0,2,0,9.216000325977802,2,2,0,0,20,0,0,20,0.78
685,24,0,3,0,3.0720001086592674,2,2,0,0,20,0,0,20,0.78
685,40,0,0,1,8.191999979317188,2,2,0,0,20,0,0,20,0.68
685,40,0,1,1,39.93599861860275,2,2,0,0,20,0,0,20,0.68
685,40,0,2,1,9.216000325977802,2,2,0,0,20,0,0,20,0.68
685,40,0,3,1,4.095999989658594,2,2,0,0,20,0,0,20,0.68
686,2,0,0,0,9.216000325977802,1,1,0,0,10,0,0,10,0.36
686,2,0,1,0,31.74399957060814,1,1,0,0,10,0,0,10,0.36
686,2,0,2,0,8.191999979317188,1,1,0,0,10,0,0,10,0.36
686,2,0,3,0,5.119999870657921,1,1,0,0,10,0,0,10,0.36
686,24,0,0,0,7.168000098317862,1,1,0,0,10,0,0,10,0.31
686,24,0,1,0,31.74399957060814,1,1,0,0,10,0,0,10,0.31
686,24,0,2,0,8.191999979317188,1,1,0,0,10,0,0,10,0.31
686,24,0,3,0,3.0720001086592674,1,1,0,0,10,0,0,10,0.31
686,40,0,0,1,9.216000325977802,1,1,0,0,10,0,0,10,0.289
686,40,0,1,1,34.81600061058998,1,1,0,0,10,0,0,10,0.289
686,40,0,2,1,9.216000325977802,1,1,0,0,10,0,0,10,0.289
686,40,0,3,1,4.095999989658594,1,1,0,0,10,0,0,10,0.289
687,2,0,0,0,10.239999741315842,4,4,0,0,40,0,0,40,1.911
687,2,0,1,0,83.96799862384796,4,4,0,0,40,0,0,40,1.911
687,2,0,2,0,9.216000325977802,4,4,0,0,40,0,0,40,1.911
687,2,0,3,0,6.144000217318535,4,4,0,0,40,0,0,40,1.911
687,24,0,0,0,9.216000325977802,4,4,0,0,40,0,0,40,1.52
687,24,0,1,0,68.60800087451935,4,4,0,0,40,0,0,40,1.52
687,24,0,2,0,8.191999979317188,4,4,0,0,40,0,0,40,1.52
687,24,0,3,0,4.095999989658594,4,4,0,0,40,0,0,40,1.52
687,40,0,0,1,8.191999979317188,4,4,0,0,40,0,0,40,1.329
687,40,0,1,1,83.96799862384796,4,4,0,0,40,0,0,40,1.329
687,40,0,2,1,9.216000325977802,4,4,0,0,40,0,0,40,1.329
687,40,0,3,1,4.095999989658594,4,4,0,0,40,0,0,40,1.329
688,2,0,0,0,9.216000325977802,4,4,0,0,40,0,0,40,1.71
688,2,0,1,0,88.06400001049042,4,4,0,0,40,0,0,40,1.71
688,2,0,2,0,8.191999979317188,4,4,0,0,40,0,0,40,1.71
688,2,0,3,0,5.119999870657921,4,4,0,0,40,0,0,40,1.71
688,24,0,0,0,15.359999611973763,4,4,0,0,40,0,0,40,1.54
688,24,0,1,0,76.80000364780426,4,4,0,0,40,0,0,40,1.54
688,24,0,2,0,9.216000325977802,4,4,0,0,40,0,0,40,1.54
688,24,0,3,0,4.095999989658594,4,4,0,0,40,0,0,40,1.54
688,40,0,0,1,9.216000325977802,4,4,0,1,39,0,0,40,104.749
688,40,0,1,1,76.80000364780426,4,4,0,1,39,0,0,40,104.749
688,40,0,2,1,9.216000325977802,4,4,0,1,39,0,0,40,104.749
688,40,0,3,1,4.095999989658594,4,4,0,1,39,0,0,40,104.749
689,2,0,0,0,9.216000325977802,4,4,0,0,40,0,0,40,1.97
689,2,0,1,0,90.11200070381165,4,4,0,0,40,0,0,40,1.97
689,2,0,2,0,9.216000325977802,4,4,0,0,40,0,0,40,1.97
689,2,0,3,0,5.119999870657921,4,4,0,0,40,0,0,40,1.97
689,24,0,0,0,8.191999979317188,4,4,0,0,40,0,0,40,1.671
689,24,0,1,0,83.96799862384796,4,4,0,0,40,0,0,40,1.671
689,24,0,2,0,9.216000325977802,4,4,0,0,40,0,0,40,1.671
689,24,0,3,0,4.095999989658594,4,4,0,0,40,0,0,40,1.671
689,40,0,0,1,9.216000325977802,4,4,0,0,40,0,0,40,1.85
689,40,0,1,1,67.58400052785873,4,4,0,0,40,0,0,40,1.85
689,40,0,2,1,9.216000325977802,4,4,0,0,40,0,0,40,1.85
689,40,0,3,1,4.095999989658594,4,4,0,0,40,0,0,40,1.85
690,2,0,0,0,9.216000325977802,4,4,0,0,40,0,0,40,1.8
690,2,0,1,0,90.11200070381165,4,4,0,0,40,0,0,40,1.8
690,2,0,2,0,9.216000325977802,4,4,0,0,40,0,0,40,1.8
690,2,0,3,0,5.119999870657921,4,4,0,0,40,0,0,40,1.8
690,24,0,0,0,8.191999979317188,4,4,0,1,39,0,0,40,50.739
690,24,0,1,0,80.89599758386612,4,4,0,1,39,0,0,40,50.739
690,24,0,2,0,9.216000325977802,4,4,0,1,39,0,0,40,50.739
690,24,0,3,0,4.095999989658594,4,4,0,1,39,0,0,40,50.739
690,40,0,0,1,9.216000325977802,4,4,0,1,39,0,0,40,48.06
690,40,0,1,1,70.65600156784058,4,4,0,1,39,0,0,40,48.06
690,40,0,2,1,9.216000325977802,4,4,0,1,39,0,0,40,48.06
690,40,0,3,1,4.095999989658594,4,4,0,1,39,0,0,40,48.06
691,2,0,0,0,9.216000325977802,4,4,0,0,40,0,0,40,1.96
691,2,0,1,0,65.5359998345375,4,4,0,0,40,0,0,40,1.96
691,2,0,2,0,8.191999979317188,4,4,0,0,40,0,0,40,1.96
691,2,0,3,0,5.119999870657921,4,4,0,0,40,0,0,40,1.96
691,24,0,0,0,8.191999979317188,4,4,0,0,40,0,0,40,1.54
691,24,0,1,0,68.60800087451935,4,4,0,0,40,0,0,40,1.54
691,24,0,2,0,8.191999979317188,4,4,0,0,40,0,0,40,1.54
691,24,0,3,0,4.095999989658594,4,4,0,0,40,0,0,40,1.54
691,40,0,0,1,8.191999979317188,4,4,0,0,40,0,0,40,1.44
691,40,0,1,1,75.77600330114365,4,4,0,0,40,0,0,40,1.44
691,40,0,2,1,9.216000325977802,4,4,0,0,40,0,0,40,1.44
691,40,0,3,1,4.095999989658594,4,4,0,0,40,0,0,40,1.44
692,2,0,0,0,14.336000196635723,4,4,0,0,40,0,0,40,1.729
692,2,0,1,0,89.08800035715103,4,4,0,0,40,0,0,40,1.729
692,2,0,2,0,9.216000325977802,4,4,0,0,40,0,0,40,1.729
692,2,0,3,0,8.191999979317188,4,4,0,0,40,0,0,40,1.729
692,24,0,0,0,8.191999979317188,4,4,0,0,40,0,0,40,1.62
692,24,0,1,0,82.94399827718735,4,4,0,0,40,0,0,40,1.62
692,24,0,2,0,9.216000325977802,4,4,0,0,40,0,0,40,1.62
692,24,0,3,0,4.095999989658594,4,4,0,0,40,0,0,40,1.62
692,40,0,0,1,7.168000098317862,4,4,0,1,39,0,0,40,64.78
692,40,0,1,1,68.60800087451935,4,4,0,1,39,0,0,40,64.78
692,40,0,2,1,9.216000325977802,4,4,0,1,39,0,0,40,64.78
692,40,0,3,1,5.119999870657921,4,4,0,1,39,0,0,40,64.78
693,2,0,0,0,9.216000325977802,4,4,0,0,40,0,0,40,2.029
693,2,0,1,0,92.16000139713287,4,4,0,0,40,0,0,40,2.029
693,2,0,2,0,9.216000325977802,4,4,0,0,40,0,0,40,2.029
693,2,0,3,0,5.119999870657921,4,4,0,0,40,0,0,40,2.029
693,24,0,0,0,8.191999979317188,4,4,0,0,40,0,0,40,1.38
693,24,0,1,0,70.65600156784058,4,4,0,0,40,0,0,40,1.38
693,24,0,2,0,10.239999741315842,4,4,0,0,40,0,0,40,1.38
693,24,0,3,0,4.095999989658594,4,4,0,0,40,0,0,40,1.38
693,40,0,0,1,8.191999979317188,4,4,0,1,39,0,0,40,130.72
693,40,0,1,1,96.25600278377533,4,4,0,1,39,0,0,40,130.72
693,40,0,2,1,9.216000325977802,4,4,0,1,39,0,0,40,130.72
693,40,0,3,1,12.28800043463707,4,4,0,1,39,0,0,40,130.72
694,2,0,0,0,9.216000325977802,4,4,0,0,40,0,0,40,1.551
694,2,0,1,0,69.63200122117996,4,4,0,0,40,0,0,40,1.551
694,2,0,2,0,8.191999979317188,4,4,0,0,40,0,0,40,1.551
694,2,0,3,0,5.119999870657921,4,4,0,0,40,0,0,40,1.551
694,24,0,0,0,8.191999979317188,4,4,0,0,40,0,0,40,1.531
694,24,0,1,0,63.48799914121628,4,4,0,0,40,0,0,40,1.531
694,24,0,2,0,9.216000325977802,4,4,0,0,40,0,0,40,1.531
694,24,0,3,0,4.095999989658594,4,4,0,0,40,0,0,40,1.531
694,40,0,0,1,7.168000098317862,4,4,0,0,40,0,0,40,1.82
694,40,0,1,1,93.18400174379349,4,4,0,0,40,0,0,40,1.82
694,40,0,2,1,9.216000325977802,4,4,0,0,40,0,0,40,1.82
694,40,0,3,1,4.095999989658594,4,4,0,0,40,0,0,40,1.82
695,2,0,0,0,9.216000325977802,4,4,0,0,40,0,0,40,1.65
695,2,0,1,0,83.96799862384796,4,4,0,0,40,0,0,40,1.65
695,2,0,2,0,9.216000325977802,4,4,0,0,40,0,0,40,1.65
695,2,0,3,0,5.119999870657921,4,4,0,0,40,0,0,40,1.65
695,24,0,0,0,8.191999979317188,4,4,0,0,40,0,0,40,1.489
695,24,0,1,0,82.94399827718735,4,4,0,0,40,0,0,40,1.489
695,24,0,2,0,9.216000325977802,4,4,0,0,40,0,0,40,1.489
695,24,0,3,0,4.095999989658594,4,4,0,0,40,0,0,40,1.489
695,40,0,0,1,9.216000325977802,4,4,0,0,40,0,0,40,1.42
695,40,0,1,1,63.48799914121628,4,4,0,0,40,0,0,40,1.42
695,40,0,2,1,8.191999979317188,4,4,0,0,40,0,0,40,1.42
695,40,0,3,1,4.095999989658594,4,4,0,0,40,0,0,40,1.42
696,2,0,0,0,8.191999979317188,4,4,0,0,40,0,0,40,1.81
696,2,0,1,0,87.0399996638298,4,4,0,0,40,0,0,40,1.81
696,2,0,2,0,9.216000325977802,4,4,0,0,40,0,0,40,1.81
696,2,0,3,0,6.144000217318535,4,4,0,0,40,0,0,40,1.81
696,24,0,0,0,8.191999979317188,4,4,0,0,40,0,0,40,1.671
696,24,0,1,0,77.82399654388428,4,4,0,0,40,0,0,40,1.671
696,24,0,2,0,8.191999979317188,4,4,0,0,40,0,0,40,1.671
696,24,0,3,0,4.095999989658594,4,4,0,0,40,0,0,40,1.671
696,40,0,0,1,9.216000325977802,4,4,0,0,40,0,0,40,1.771
696,40,0,1,1,78.84799689054489,4,4,0,0,40,0,0,40,1.771
696,40,0,2,1,9.216000325977802,4,4,0,0,40,0,0,40,1.771
696,40,0,3,1,4.095999989658594,4,4,0,0,40,0,0,40,1.771
697,2,0,0,0,9.216000325977802,4,4,0,1,39,0,0,40,105.2
697,2,0,1,0,83.96799862384796,4,4,0,1,39,0,0,40,105.2
697,2,0,2,0,8.191999979317188,4,4,0,1,39,0,0,40,105.2
697,2,0,3,0,5.119999870657921,4,4,0,1,39,0,0,40,105.2
697,24,0,0,0,8.191999979317188,4,4,0,0,40,0,0,40,1.47
697,24,0,1,0,76.80000364780426,4,4,0,0,40,0,0,40,1.47
697,24,0,2,0,9.216000325977802,4,4,0,0,40,0,0,40,1.47
697,24,0,3,0,4.095999989658594,4,4,0,0,40,0,0,40,1.47
697,40,0,0,1,15.359999611973763,4,4,0,2,38,0,0,40,174.879
697,40,0,1,1,90.11200070381165,4,4,0,2,38,0,0,40,174.879
697,40,0,2,1,9.216000325977802,4,4,0,2,38,0,0,40,174.879
697,40,0,3,1,55.296000093221664,4,4,0,2,38,0,0,40,174.879
698,2,0,0,0,9.216000325977802,4,4,0,0,40,0,0,40,1.54
698,2,0,1,0,81.91999793052673,4,4,0,0,40,0,0,40,1.54
698,2,0,2,0,9.216000325977802,4,4,0,0,40,0,0,40,1.54
698,2,0,3,0,5.119999870657921,4,4,0,0,40,0,0,40,1.54
698,24,0,0,0,8.191999979317188,4,4,0,0,40,0,0,40,1.43
698,24,0,1,0,82.94399827718735,4,4,0,0,40,0,0,40,1.43
698,24,0,2,0,10.239999741315842,4,4,0,0,40,0,0,40,1.43
698,24,0,3,0,4.095999989658594,4,4,0,0,40,0,0,40,1.43
698,40,0,0,1,13.311999849975109,4,4,0,0,40,0,0,40,1.25
698,40,0,1,1,63.48799914121628,4,4,0,0,40,0,0,40,1.25
698,40,0,2,1,9.216000325977802,4,4,0,0,40,0,0,40,1.25
698,40,0,3,1,4.095999989658594,4,4,0,0,40,0,0,40,1.25
699,2,0,0,0,10.239999741315842,4,4,0,2,38,0,0,40,86.41
699,2,0,1,0,83.96799862384796,4,4,0,2,38,0,0,40,86.41
699,2,0,2,0,8.191999979317188,4,4,0,2,38,0,0,40,86.41
699,2,0,3,0,5.119999870657921,4,4,0,2,38,0,0,40,86.41
699,24,0,0,0,269.3119943141937,4,4,0,0,40,0,0,40,2.35
699,24,0,1,0,74.75200295448303,4,4,0,0,40,0,0,40,2.35
699,24,0,2,0,9.216000325977802,4,4,0,0,40,0,0,40,2.35
699,24,0,3,0,4.095999989658594,4,4,0,0,40,0,0,40,2.35
699,40,0,0,1,9.216000325977802,4,4,0,0,40,0,0,40,1.609
699,40,0,1,1,101.3759970664978,4,4,0,0,40,0,0,40,1.609
699,40,0,2,1,9.216000325977802,4,4,0,0,40,0,0,40,1.609
699,40,0,3,1,4.095999989658594,4,4,0,0,40,0,0,40,1.609
700,2,0,0,0,8.191999979317188,4,4,0,0,40,0,0,40,1.62
700,2,0,1,0,90.11200070381165,4,4,0,0,40,0,0,40,1.62
700,2,0,2,0,9.216000325977802,4,4,0,0,40,0,0,40,1.62
700,2,0,3,0,6.144000217318535,4,4,0,0,40,0,0,40,1.62
700,24,0,0,0,8.191999979317188,4,4,0,0,40,0,0,40,1.93
700,24,0,1,0,67.58400052785873,4,4,0,0,40,0,0,40,1.93
700,24,0,2,0,9.216000325977802,4,4,0,0,40,0,0,40,1.93
700,24,0,3,0,4.095999989658594,4,4,0,0,40,0,0,40,1.93
700,40,0,0,1,8.191999979317188,4,4,0,0,40,0,0,40,1.51
700,40,0,1,1,86.01599931716919,4,4,0,0,40,0,0,40,1.51
700,40,0,2,1,9.216000325977802,4,4,0,0,40,0,0,40,1.51
700,40,0,3,1,4.095999989658594,4,4,0,0,40,0,0,40,1.51
701,2,0,0,0,9.216000325977802,2,2,0,0,20,0,0,20,1.031
701,2,0,1,0,53.247999399900436,2,2,0,0,20,0,0,20,1.031
701,2,0,2,0,8.191999979317188,2,2,0,0,20,0,0,20,1.031
701,2,0,3,0,5.119999870657921,2,2,0,0,20,0,0,20,1.031
701,24,0,0,0,8.191999979317188,2,2,0,0,20,0,0,20,0.55
701,24,0,1,0,53.247999399900436,2,2,0,0,20,0,0,20,0.55
701,24,0,2,0,9.216000325977802,2,2,0,0,20,0,0,20,0.55
701,24,0,3,0,4.095999989658594,2,2,0,0,20,0,0,20,0.55
701,40,0,0,1,9.216000325977802,2,2,0,0,20,0,0,20,0.64
701,40,0,1,1,43.007999658584595,2,2,0,0,20,0,0,20,0.64
701,40,0,2,1,9.216000325977802,2,2,0,0,20,0,0,20,0.64
701,40,0,3,1,4.095999989658594,2,2,0,0,20,0,0,20,0.64
702,2,0,0,0,9.216000325977802,3,3,0,0,30,0,0,30,1.15
702,2,0,1,0,61.43999844789505,3,3,0,0,30,0,0,30,1.15
702,2,0,2,0,8.191999979317188,3,3,0,0,30,0,0,30,1.15
702,2,0,3,0,5.119999870657921,3,3,0,0,30,0,0,30,1.15
702,24,0,0,0,8.191999979317188,3,3,0,0,30,0,0,30,0.98
702,24,0,1,0,50.175998359918594,3,3,0,0,30,0,0,30,0.98
702,24,0,2,0,9.216000325977802,3,3,0,0,30,0,0,30,0.98
702,24,0,3,0,4.095999989658594,3,3,0,0,30,0,0,30,0.98
702,40,0,0,1,9.216000325977802,3,3,0,0,30,0,0,30,0.98
702,40,0,1,1,55.296000093221664,3,3,0,0,30,0,0,30,0.98
702,40,0,2,1,10.239999741315842,3,3,0,0,30,0,0,30,0.98
702,40,0,3,1,4.095999989658594,3,3,0,0,30,0,0,30,0.98
703,2,0,0,0,9.216000325977802,4,4,0,1,39,0,0,40,97.27
703,2,0,1,0,81.91999793052673,4,4,0,1,39,0,0,40,97.27
703,2,0,2,0,8.191999979317188,4,4,0,1,39,0,0,40,97.27
703,2,0,3,0,6.144000217318535,4,4,0,1,39,0,0,40,97.27
703,24,0,0,0,7.168000098317862,4,4,0,0,40,0,0,40,1.59
703,24,0,1,0,71.68000191450119,4,4,0,0,40,0,0,40,1.59
703,24,0,2,0,8.191999979317188,4,4,0,0,40,0,0,40,1.59
703,24,0,3,0,4.095999989658594,4,4,0,0,40,0,0,40,1.59
703,40,0,0,1,14.336000196635723,4,4,0,1,39,0,0,40,56.94
703,40,0,1,1,65.5359998345375,4,4,0,1,39,0,0,40,56.94
703,40,0,2,1,9.216000325977802,4,4,0,1,39,0,0,40,56.94
703,40,0,3,1,4.095999989658594,4,4,0,1,39,0,0,40,56.94
704,2,0,0,0,8.191999979317188,4,4,0,0,40,0,0,40,1.59
704,2,0,1,0,70.65600156784058,4,4,0,0,40,0,0,40,1.59
704,2,0,2,0,9.216000325977802,4,4,0,0,40,0,0,40,1.59
704,2,0,3,0,5.119999870657921,4,4,0,0,40,0,0,40,1.59
704,24,0,0,0,7.168000098317862,4,4,0,2,38,0,0,40,193.959
704,24,0,1,0,71.68000191450119,4,4,0,2,38,0,0,40,193.959
704,24,0,2,0,9.216000325977802,4,4,0,2,38,0,0,40,193.959
704,24,0,3,0,104.44799810647964,4,4,0,2,38,0,0,40,193.959
704,40,0,0,1,9.216000325977802,4,4,0,0,40,0,0,40,1.6
704,40,0,1,1,71.68000191450119,4,4,0,0,40,0,0,40,1.6
704,40,0,2,1,9.216000325977802,4,4,0,0,40,0,0,40,1.6
704,40,0,3,1,3.0720001086592674,4,4,0,0,40,0,0,40,1.6
705,2,0,0,0,9.216000325977802,4,4,0,0,40,0,0,40,1.76
705,2,0,1,0,81.91999793052673,4,4,0,0,40,0,0,40,1.76
705,2,0,2,0,8.191999979317188,4,4,0,0,40,0,0,40,1.76
705,2,0,3,0,6.144000217318535,4,4,0,0,40,0,0,40,1.76
705,24,0,0,0,8.191999979317188,4,4,0,0,40,0,0,40,1.48
705,24,0,1,0,74.75200295448303,4,4,0,0,40,0,0,40,1.48
705,24,0,2,0,8.191999979317188,4,4,0,0,40,0,0,40,1.48
705,24,0,3,0,4.095999989658594,4,4,0,0,40,0,0,40,1.48
705,40,0,0,1,8.191999979317188,4,4,0,0,40,0,0,40,1.54
705,40,0,1,1,82.94399827718735,4,4,0,0,40,0,0,40,1.54
705,40,0,2,1,8.191999979317188,4,4,0,0,40,0,0,40,1.54
705,40,0,3,1,4.095999989658594,4,4,0,0,40,0,0,40,1.54
706,2,0,0,0,8.191999979317188,4,4,0,0,40,0,0,40,1.64
706,2,0,1,0,87.0399996638298,4,4,0,0,40,0,0,40,1.64
706,2,0,2,0,9.216000325977802,4,4,0,0,40,0,0,40,1.64
706,2,0,3,0,5.119999870657921,4,4,0,0,40,0,0,40,1.64
706,24,0,0,0,8.191999979317188,4,4,0,3,37,0,0,40,123.38
706,24,0,1,0,71.68000191450119,4,4,0,3,37,0,0,40,123.38
706,24,0,2,0,9.216000325977802,4,4,0,3,37,0,0,40,123.38
706,24,0,3,0,32.76799991726875,4,4,0,3,37,0,0,40,123.38
706,40,0,0,1,8.191999979317188,4,4,0,0,40,0,0,40,1.531
706,40,0,1,1,78.84799689054489,4,4,0,0,40,0,0,40,1.531
706,40,0,2,1,9.216000325977802,4,4,0,0,40,0,0,40,1.531
706,40,0,3,1,4.095999989658594,4,4,0,0,40,0,0,40,1.531
707,2,0,0,0,9.216000325977802,4,4,0,0,40,0,0,40,1.88
707,2,0,1,0,72.7040022611618,4,4,0,0,40,0,0,40,1.88
707,2,0,2,0,9.216000325977802,4,4,0,0,40,0,0,40,1.88
707,2,0,3,0,5.119999870657921,4,4,0,0,40,0,0,40,1.88
707,24,0,0,0,7.168000098317862,4,4,0,0,40,0,0,40,1.43
707,24,0,1,0,73.72800260782242,4,4,0,0,40,0,0,40,1.43
707,24,0,2,0,9.216000325977802,4,4,0,0,40,0,0,40,1.43
707,24,0,3,0,5.119999870657921,4,4,0,0,40,0,0,40,1.43
707,40,0,0,1,8.191999979317188,4,4,0,0,40,0,0,40,1.389
707,40,0,1,1,67.58400052785873,4,4,0,0,40,0,0,40,1.389
707,40,0,2,1,9.216000325977802,4,4,0,0,40,0,0,40,1.389
707,40,0,3,1,4.095999989658594,4,4,0,0,40,0,0,40,1.389
708,2,0,0,0,9.216000325977802,4,4,0,0,40,0,0,40,1.66
708,2,0,1,0,71.68000191450119,4,4,0,0,40,0,0,40,1.66
708,2,0,2,0,9.216000325977802,4,4,0,0,40,0,0,40,1.66
708,2,0,3,0,5.119999870657921,4,4,0,0,40,0,0,40,1.66
708,24,0,0,0,8.191999979317188,4,4,0,0,40,0,0,40,1.42
708,24,0,1,0,84.99199897050858,4,4,0,0,40,0,0,40,1.42
708,24,0,2,0,9.216000325977802,4,4,0,0,40,0,0,40,1.42
708,24,0,3,0,5.119999870657921,4,4,0,0,40,0,0,40,1.42
708,40,0,0,1,14.336000196635723,4,4,0,2,38,0,0,40,150.259
708,40,0,1,1,86.01599931716919,4,4,0,2,38,0,0,40,150.259
708,40,0,2,1,9.216000325977802,4,4,0,2,38,0,0,40,150.259
708,40,0,3,1,35.840000957250595,4,4,0,2,38,0,0,40,150.259
709,2,0,0,0,8.191999979317188,4,4,0,2,38,0,0,40,144.049
709,2,0,1,0,88.06400001049042,4,4,0,2,38,0,0,40,144.049
709,2,0,2,0,8.191999979317188,4,4,0,2,38,0,0,40,144.049
709,2,0,3,0,34.81600061058998,4,4,0,2,38,0,0,40,144.049
709,24,0,0,0,8.191999979317188,4,4,0,0,40,0,0,40,1.38
709,24,0,1,0,80.89599758386612,4,4,0,0,40,0,0,40,1.38
709,24,0,2,0,9.216000325977802,4,4,0,0,40,0,0,40,1.38
709,24,0,3,0,4.095999989658594,4,4,0,0,40,0,0,40,1.38
709,40,0,0,1,8.191999979317188,4,4,0,1,39,0,0,40,62.37
709,40,0,1,1,79.8719972372055,4,4,0,1,39,0,0,40,62.37
709,40,0,2,1,9.216000325977802,4,4,0,1,39,0,0,40,62.37
709,40,0,3,1,4.095999989658594,4,4,0,1,39,0,0,40,62.37
710,2,0,0,0,10.239999741315842,4,4,0,0,40,0,0,40,1.64
710,2,0,1,0,90.11200070381165,4,4,0,0,40,0,0,40,1.64
710,2,0,2,0,8.191999979317188,4,4,0,0,40,0,0,40,1.64
710,2,0,3,0,5.119999870657921,4,4,0,0,40,0,0,40,1.64
710,24,0,0,0,8.191999979317188,4,4,0,1,39,0,0,40,48.29
710,24,0,1,0,72.7040022611618,4,4,0,1,39,0,0,40,48.29
710,24,0,2,0,9.216000325977802,4,4,0,1,39,0,0,40,48.29
710,24,0,3,0,4.095999989658594,4,4,0,1,39,0,0,40,48.29
710,40,0,0,1,9.216000325977802,4,4,0,1,39,0,0,40,69.34
710,40,0,1,1,91.13600105047226,4,4,0,1,39,0,0,40,69.34
710,40,0,2,1,9.216000325977802,4,4,0,1,39,0,0,40,69.34
710,40,0,3,1,4.095999989658594,4,4,0,1,39,0,0,40,69.34
711,2,0,0,0,14.336000196635723,4,4,0,0,40,0,0,40,1.56
711,2,0,1,0,80.89599758386612,4,4,0,0,40,0,0,40,1.56
711,2,0,2,0,9.216000325977802,4,4,0,0,40,0,0,40,1.56
711,2,0,3,0,7.168000098317862,4,4,0,0,40,0,0,40,1.56
711,24,0,0,0,8.191999979317188,4,4,0,1,39,0,0,40,64.299
711,24,0,1,0,60.416001826524734,4,4,0,1,39,0,0,40,64.299
711,24,0,2,0,9.216000325977802,4,4,0,1,39,0,0,40,64.299
711,24,0,3,0,4.095999989658594,4,4,0,1,39,0,0,40,64.299
711,40,0,0,1,9.216000325977802,4,4,0,0,40,0,0,40,1.64
711,40,0,1,1,91.13600105047226,4,4,0,0,40,0,0,40,1.64
711,40,0,2,1,9.216000325977802,4,4,0,0,40,0,0,40,1.64
711,40,0,3,1,4.095999989658594,4,4,0,0,40,0,0,40,1.64
712,2,0,0,0,8.191999979317188,4,4,0,1,39,0,0,40,54.78
712,2,0,1,0,82.94399827718735,4,4,0,1,39,0,0,40,54.78
712,2,0,2,0,8.191999979317188,4,4,0,1,39,0,0,40,54.78
712,2,0,3,0,5.119999870657921,4,4,0,1,39,0,0,40,54.78
712,24,0,0,0,8.191999979317188,4,4,0,0,40,0,0,40,1.649
712,24,0,1,0,88.06400001049042,4,4,0,0,40,0,0,40,1.649
712,24,0,2,0,9.216000325977802,4,4,0,0,40,0,0,40,1.649
712,24,0,3,0,4.095999989658594,4,4,0,0,40,0,0,40,1.649
712,40,0,0,1,8.191999979317188,4,4,0,0,40,0,0,40,2.73
712,40,0,1,1,81.91999793052673,4,4,0,0,40,0,0,40,2.73
712,40,0,2,1,8.191999979317188,4,4,0,0,40,0,0,40,2.73
712,40,0,3,1,4.095999989658594,4,4,0,0,40,0,0,40,2.73
713,2,0,0,0,9.216000325977802,4,4,0,3,37,0,0,40,167.91
713,2,0,1,0,82.94399827718735,4,4,0,3,37,0,0,40,167.91
713,2,0,2,0,9.216000325977802,4,4,0,3,37,0,0,40,167.91
713,2,0,3,0,64.51199948787689,4,4,0,3,37,0,0,40,167.91
713,24,0,0,0,7.168000098317862,4,4,0,1,39,0,0,40,75.62
713,24,0,1,0,69.63200122117996,4,4,0,1,39,0,0,40,75.62
713,24,0,2,0,8.191999979317188,4,4,0,1,39,0,0,40,75.62
713,24,0,3,0,4.095999989658594,4,4,0,1,39,0,0,40,75.62
713,40,0,0,1,8.191999979317188,4,4,0,0,40,0,0,40,1.72
713,40,0,1,1,99.32799637317657,4,4,0,0,40,0,0,40,1.72
713,40,0,2,1,9.216000325977802,4,4,0,0,40,0,0,40,1.72
713,40,0,3,1,4.095999989658594,4,4,0,0,40,0,0,40,1.72
714,2,0,0,0,8.191999979317188,4,4,0,0,40,0,0,40,1.7
714,2,0,1,0,75.77600330114365,4,4,0,0,40,0,0,40,1.7
714,2,0,2,0,9.216000325977802,4,4,0,0,40,0,0,40,1.7
714,2,0,3,0,6.144000217318535,4,4,0,0,40,0,0,40,1.7
714,24,0,0,0,11.264000087976456,4,4,0,1,39,0,0,40,71.369
714,24,0,1,0,60.416001826524734,4,4,0,1,39,0,0,40,71.369
714,24,0,2,0,9.216000325977802,4,4,0,1,39,0,0,40,71.369
714,24,0,3,0,4.095999989658594,4,4,0,1,39,0,0,40,71.369
714,40,0,0,1,8.191999979317188,4,4,0,1,39,0,0,40,94.93
714,40,0,1,1,71.68000191450119,4,4,0,1,39,0,0,40,94.93
714,40,0,2,1,10.239999741315842,4,4,0,1,39,0,0,40,94.93
714,40,0,3,1,4.095999989658594,4,4,0,1,39,0,0,40,94.93
715,2,0,0,0,8.191999979317188,4,4,0,0,40,0,0,40,1.689
715,2,0,1,0,90.11200070381165,4,4,0,0,40,0,0,40,1.689
715,2,0,2,0,9.216000325977802,4,4,0,0,40,0,0,40,1.689
715,2,0,3,0,5.119999870657921,4,4,0,0,40,0,0,40,1.689
715,24,0,0,0,7.168000098317862,4,4,0,0,40,0,0,40,1.39
715,24,0,1,0,66.56000018119812,4,4,0,0,40,0,0,40,1.39
715,24,0,2,0,9.216000325977802,4,4,0,0,40,0,0,40,1.39
715,24,0,3,0,4.095999989658594,4,4,0,0,40,0,0,40,1.39
715,40,0,0,1,8.191999979317188,4,4,0,0,40,0,0,40,1.731
715,40,0,1,1,59.39200147986412,4,4,0,0,40,0,0,40,1.731
715,40,0,2,1,9.216000325977802,4,4,0,0,40,0,0,40,1.731
715,40,0,3,1,5.119999870657921,4,4,0,0,40,0,0,40,1.731
716,2,0,0,0,9.216000325977802,4,4,0,0,40,0,0,40,1.95
716,2,0,1,0,91.13600105047226,4,4,0,0,40,0,0,40,1.95
716,2,0,2,0,9.216000325977802,4,4,0,0,40,0,0,40,1.95
716,2,0,3,0,6.144000217318535,4,4,0,0,40,0,0,40,1.95
716,24,0,0,0,7.168000098317862,4,4,0,0,40,0,0,40,1.39
716,24,0,1,0,81.91999793052673,4,4,0,0,40,0,0,40,1.39
716,24,0,2,0,9.216000325977802,4,4,0,0,40,0,0,40,1.39
716,24,0,3,0,5.119999870657921,4,4,0,0,40,0,0,40,1.39
716,40,0,0,1,8.191999979317188,4,4,0,0,40,0,0,40,1.55
716,40,0,1,1,87.0399996638298,4,4,0,0,40,0,0,40,1.55
716,40,0,2,1,9.216000325977802,4,4,0,0,40,0,0,40,1.55
716,40,0,3,1,4.095999989658594,4,4,0,0,40,0,0,40,1.55
717,2,0,0,0,8.191999979317188,3,3,0,0,30,0,0,30,1.49
717,2,0,1,0,65.5359998345375,3,3,0,0,30,0,0,30,1.49
717,2,0,2,0,9.216000325977802,3,3,0,0,30,0,0,30,1.49
717,2,0,3,0,8.191999979317188,3,3,0,0,30,0,0,30,1.49
717,24,0,0,0,8.191999979317188,3,3,0,0,30,0,0,30,1.0
717,24,0,1,0,52.22399905323982,3,3,0,0,30,0,0,30,1.0
717,24,0,2,0,9.216000325977802,3,3,0,0,30,0,0,30,1.0
717,24,0,3,0,4.095999989658594,3,3,0,0,30,0,0,30,1.0
717,40,0,0,1,9.216000325977802,3,3,0,0,30,0,0,30,1.02
717,40,0,1,1,53.247999399900436,3,3,0,0,30,0,0,30,1.02
717,40,0,2,1,9.216000325977802,3,3,0,0,30,0,0,30,1.02
717,40,0,3,1,4.095999989658594,3,3,0,0,30,0,0,30,1.02
718,2,0,0,0,9.216000325977802,2,2,0,0,20,0,0,20,0.78
718,2,0,1,0,44.03200000524521,2,2,0,0,20,0,0,20,0.78
718,2,0,2,0,9.216000325977802,2,2,0,0,20,0,0,20,0.78
718,2,0,3,0,5.119999870657921,2,2,0,0,20,0,0,20,0.78
718,24,0,0,0,8.191999979317188,2,2,0,0,20,0,0,20,0.64
718,24,0,1,0,44.03200000524521,2,2,0,0,20,0,0,20,0.64
718,24,0,2,0,8.191999979317188,2,2,0,0,20,0,0,20,0.64
718,24,0,3,0,5.119999870657921,2,2,0,0,20,0,0,20,0.64
718,40,0,0,1,9.216000325977802,2,2,0,0,20,0,0,20,1.08
718,40,0,1,1,41.98399931192398,2,2,0,0,20,0,0,20,1.08
718,40,0,2,1,9.216000325977802,2,2,0,0,20,0,0,20,1.08
718,40,0,3,1,3.0720001086592674,2,2,0,0,20,0,0,20,1.08
719,2,0,0,0,8.191999979317188,4,4,0,0,40,0,0,40,1.76
719,2,0,1,0,84.99199897050858,4,4,0,0,40,0,0,40,1.76
719,2,0,2,0,9.216000325977802,4,4,0,0,40,0,0,40,1.76
719,2,0,3,0,5.119999870657921,4,4,0,0,40,0,0,40,1.76
719,24,0,0,0,8.191999979317188,4,4,0,0,40,0,0,40,1.56
719,24,0,1,0,74.75200295448303,4,4,0,0,40,0,0,40,1.56
719,24,0,2,0,9.216000325977802,4,4,0,0,40,0,0,40,1.56
719,24,0,3,0,5.119999870657921,4,4,0,0,40,0,0,40,1.56
719,40,0,0,1,8.191999979317188,4,4,0,1,39,0,0,40,81.14
719,40,0,1,1,86.01599931716919,4,4,0,1,39,0,0,40,81.14
719,40,0,2,1,9.216000325977802,4,4,0,1,39,0,0,40,81.14
719,40,0,3,1,4.095999989658594,4,4,0,1,39,0,0,40,81.14
720,2,0,0,0,14.336000196635723,4,4,0,0,40,0,0,40,1.43
720,2,0,1,0,69.63200122117996,4,4,0,0,40,0,0,40,1.43
720,2,0,2,0,9.216000325977802,4,4,0,0,40,0,0,40,1.43
720,2,0,3,0,5.119999870657921,4,4,0,0,40,0,0,40,1.43
720,24,0,0,0,8.191999979317188,4,4,0,0,40,0,0,40,1.56
720,24,0,1,0,82.94399827718735,4,4,0,0,40,0,0,40,1.56
720,24,0,2,0,9.216000325977802,4,4,0,0,40,0,0,40,1.56
720,24,0,3,0,4.095999989658594,4,4,0,0,40,0,0,40,1.56
720,40,0,0,1,8.191999979317188,4,4,0,0,40,0,0,40,1.44
720,40,0,1,1,83.96799862384796,4,4,0,0,40,0,0,40,1.44
720,40,0,2,1,9.216000325977802,4,4,0,0,40,0,0,40,1.44
720,40,0,3,1,4.095999989658594,4,4,0,0,40,0,0,40,1.44
721,2,0,0,0,9.216000325977802,4,4,0,0,40,0,0,40,1.4
721,2,0,1,0,63.48799914121628,4,4,0,0,40,0,0,40,1.4
721,2,0,2,0,9.216000325977802,4,4,0,0,40,0,0,40,1.4
721,2,0,3,0,5.119999870657921,4,4,0,0,40,0,0,40,1.4
721,24,0,0,0,8.191999979317188,4,4,0,0,40,0,0,40,1.58
721,24,0,1,0,75.77600330114365,4,4,0,0,40,0,0,40,1.58
721,24,0,2,0,8.191999979317188,4,4,0,0,40,0,0,40,1.58
721,24,0,3,0,4.095999989658594,4,4,0,0,40,0,0,40,1.58
721,40,0,0,1,9.216000325977802,4,4,0,0,40,0,0,40,1.5
721,40,0,1,1,68.60800087451935,4,4,0,0,40,0,0,40,1.5
721,40,0,2,1,9.216000325977802,4,4,0,0,40,0,0,40,1.5
721,40,0,3,1,4.095999989658594,4,4,0,0,40,0,0,40,1.5
722,2,0,0,0,8.191999979317188,4,4,0,2,38,0,0,40,169.41
722,2,0,1,0,86.01599931716919,4,4,0,2,38,0,0,40,169.41
722,2,0,2,0,8.191999979317188,4,4,0,2,38,0,0,40,169.41
722,2,0,3,0,67.58400052785873,4,4,0,2,38,0,0,40,169.41
722,24,0,0,0,7.168000098317862,4,4,0,2,38,0,0,40,97.37
722,24,0,1,0,82.94399827718735,4,4,0,2,38,0,0,40,97.37
722,24,0,2,0,8.191999979317188,4,4,0,2,38,0,0,40,97.37
722,24,0,3,0,4.095999989658594,4,4,0,2,38,0,0,40,97.37
722,40,0,0,1,8.191999979317188,4,4,0,1,39,0,0,40,62.66
722,40,0,1,1,90.11200070381165,4,4,0,1,39,0,0,40,62.66
722,40,0,2,1,8.191999979317188,4,4,0,1,39,0,0,40,62.66
722,40,0,3,1,4.095999989658594,4,4,0,1,39,0,0,40,62.66
723,2,0,0,0,9.216000325977802,4,4,0,0,40,0,0,40,1.529
723,2,0,1,0,78.84799689054489,4,4,0,0,40,0,0,40,1.529
723,2,0,2,0,8.191999979317188,4,4,0,0,40,0,0,40,1.529
723,2,0,3,0,8.191999979317188,4,4,0,0,40,0,0,40,1.529
723,24,0,0,0,8.191999979317188,4,4,0,0,40,0,0,40,1.73
723,24,0,1,0,78.84799689054489,4,4,0,0,40,0,0,40,1.73
723,24,0,2,0,9.216000325977802,4,4,0,0,40,0,0,40,1.73
723,24,0,3,0,4.095999989658594,4,4,0,0,40,0,0,40,1.73
723,40,0,0,1,8.191999979317188,4,4,0,1,39,0,0,40,66.209
723,40,0,1,1,97.28000313043594,4,4,0,1,39,0,0,40,66.209
723,40,0,2,1,9.216000325977802,4,4,0,1,39,0,0,40,66.209
723,40,0,3,1,4.095999989658594,4,4,0,1,39,0,0,40,66.209
724,2,0,0,0,14.336000196635723,4,4,0,0,40,0,0,40,2.26
724,2,0,1,0,91.13600105047226,4,4,0,0,40,0,0,40,2.26
724,2,0,2,0,9.216000325977802,4,4,0,0,40,0,0,40,2.26
724,2,0,3,0,5.119999870657921,4,4,0,0,40,0,0,40,2.26
724,24,0,0,0,8.191999979317188,4,4,0,1,39,0,0,40,63.38
724,24,0,1,0,88.06400001049042,4,4,0,1,39,0,0,40,63.38
724,24,0,2,0,9.216000325977802,4,4,0,1,39,0,0,40,63.38
724,24,0,3,0,4.095999989658594,4,4,0,1,39,0,0,40,63.38
724,40,0,0,1,9.216000325977802,4,4,0,0,40,0,0,40,1.84
724,40,0,1,1,72.7040022611618,4,4,0,0,40,0,0,40,1.84
724,40,0,2,1,9.216000325977802,4,4,0,0,40,0,0,40,1.84
724,40,0,3,1,4.095999989658594,4,4,0,0,40,0,0,40,1.84
725,2,0,0,0,9.216000325977802,4,4,0,0,40,0,0,40,1.529
725,2,0,1,0,87.0399996638298,4,4,0,0,40,0,0,40,1.529
725,2,0,2,0,9.216000325977802,4,4,0,0,40,0,0,40,1.529
725,2,0,3,0,6.144000217318535,4,4,0,0,40,0,0,40,1.529
725,24,0,0,0,9.216000325977802,4,4,0,1,39,0,0,40,51.251
725,24,0,1,0,82.94399827718735,4,4,0,1,39,0,0,40,51.251
725,24,0,2,0,9.216000325977802,4,4,0,1,39,0,0,40,51.251
725,24,0,3,0,4.095999989658594,4,4,0,1,39,0,0,40,51.251
725,40,0,0,1,9.216000325977802,4,4,0,0,40,0,0,40,1.391
725,40,0,1,1,94.2080020904541,4,4,0,0,40,0,0,40,1.391
725,40,0,2,1,9.216000325977802,4,4,0,0,40,0,0,40,1.391
725,40,0,3,1,3.0720001086592674,4,4,0,0,40,0,0,40,1.391
726,2,0,0,0,15.359999611973763,4,4,0,0,40,0,0,40,1.68
726,2,0,1,0,89.08800035715103,4,4,0,0,40,0,0,40,1.68
726,2,0,2,0,9.216000325977802,4,4,0,0,40,0,0,40,1.68
726,2,0,3,0,5.119999870657921,4,4,0,0,40,0,0,40,1.68
726,24,0,0,0,8.191999979317188,4,4,0,1,39,0,0,40,49.689
726,24,0,1,0,64.51199948787689,4,4,0,1,39,0,0,40,49.689
726,24,0,2,0,9.216000325977802,4,4,0,1,39,0,0,40,49.689
726,24,0,3,0,4.095999989658594,4,4,0,1,39,0,0,40,49.689
726,40,0,0,1,8.191999979317188,4,4,0,2,38,0,0,40,109.419
726,40,0,1,1,77.82399654388428,4,4,0,2,38,0,0,40,109.419
726,40,0,2,1,9.216000325977802,4,4,0,2,38,0,0,40,109.419
726,40,0,3,1,10.239999741315842,4,4,0,2,38,0,0,40,109.419
727,2,0,0,0,15.359999611973763,4,4,0,0,40,0,0,40,2.0
727,2,0,1,0,80.89599758386612,4,4,0,0,40,0,0,40,2.0
727,2,0,2,0,9.216000325977802,4,4,0,0,40,0,0,40,2.0
727,2,0,3,0,5.119999870657921,4,4,0,0,40,0,0,40,2.0
727,24,0,0,0,8.191999979317188,4,4,0,1,39,0,0,40,44.79
727,24,0,1,0,70.65600156784058,4,4,0,1,39,0,0,40,44.79
727,24,0,2,0,9.216000325977802,4,4,0,1,39,0,0,40,44.79
727,24,0,3,0,4.095999989658594,4,4,0,1,39,0,0,40,44.79
727,40,0,0,1,14.336000196635723,4,4,0,1,39,0,0,40,83.78
727,40,0,1,1,92.16000139713287,4,4,0,1,39,0,0,40,83.78
727,40,0,2,1,9.216000325977802,4,4,0,1,39,0,0,40,83.78
727,40,0,3,1,4.095999989658594,4,4,0,1,39,0,0,40,83.78
728,2,0,0,0,14.336000196635723,4,4,0,0,40,0,0,40,1.59
728,2,0,1,0,73.72800260782242,4,4,0,0,40,0,0,40,1.59
728,2,0,2,0,9.216000325977802,4,4,0,0,40,0,0,40,1.59
728,2,0,3,0,5.119999870657921,4,4,0,0,40,0,0,40,1.59
728,24,0,0,0,8.191999979317188,4,4,0,0,40,0,0,40,1.56
728,24,0,1,0,89.08800035715103,4,4,0,0,40,0,0,40,1.56
728,24,0,2,0,9.216000325977802,4,4,0,0,40,0,0,40,1.56
728,24,0,3,0,4.095999989658594,4,4,0,0,40,0,0,40,1.56
728,40,0,0,1,9.216000325977802,4,4,0,0,40,0,0,40,1.371
728,40,0,1,1,67.58400052785873,4,4,0,0,40,0,0,40,1.371
728,40,0,2,1,9.216000325977802,4,4,0,0,40,0,0,40,1.371
728,40,0,3,1,4.095999989658594,4,4,0,0,40,0,0,40,1.371
729,2,0,0,0,9.216000325977802,4,4,0,0,40,0,0,40,1.96
729,2,0,1,0,88.06400001049042,4,4,0,0,40,0,0,40,1.96
729,2,0,2,0,9.216000325977802,4,4,0,0,40,0,0,40,1.96
729,2,0,3,0,5.119999870657921,4,4,0,0,40,0,0,40,1.96
729,24,0,0,0,8.191999979317188,4,4,0,1,39,0,0,40,63.58
729,24,0,1,0,64.51199948787689,4,4,0,1,39,0,0,40,63.58
729,24,0,2,0,9.216000325977802,4,4,0,1,39,0,0,40,63.58
729,24,0,3,0,4.095999989658594,4,4,0,1,39,0,0,40,63.58
729,40,0,0,1,8.191999979317188,4,4,0,1,39,0,0,40,66.379
729,40,0,1,1,86.01599931716919,4,4,0,1,39,0,0,40,66.379
729,40,0,2,1,9.216000325977802,4,4,0,1,39,0,0,40,66.379
729,40,0,3,1,4.095999989658594,4,4,0,1,39,0,0,40,66.379
730,2,0,0,0,9.216000325977802,3,3,0,0,30,0,0,30,1.15
730,2,0,1,0,70.65600156784058,3,3,0,0,30,0,0,30,1.15
730,2,0,2,0,9.216000325977802,3,3,0,0,30,0,0,30,1.15
730,2,0,3,0,5.119999870657921,3,3,0,0,30,0,0,30,1.15
730,24,0,0,0,9.216000325977802,3,3,0,0,30,0,0,30,1.049
730,24,0,1,0,66.56000018119812,3,3,0,0,30,0,0,30,1.049
730,24,0,2,0,9.216000325977802,3,3,0,0,30,0,0,30,1.049
730,24,0,3,0,4.095999989658594,3,3,0,0,30,0,0,30,1.049
730,40,0,0,1,17.40800030529499,3,3,0,0,30,0,0,30,1.32
730,40,0,1,1,58.36800113320351,3,3,0,0,30,0,0,30,1.32
730,40,0,2,1,9.216000325977802,3,3,0,0,30,0,0,30,1.32
730,40,0,3,1,4.095999989658594,3,3,0,0,30,0,0,30,1.32
731,2,0,0,0,10.239999741315842,2,2,0,0,20,0,0,20,0.99
731,2,0,1,0,47.10400104522705,2,2,0,0,20,0,0,20,0.99
731,2,0,2,0,9.216000325977802,2,2,0,0,20,0,0,20,0.99
731,2,0,3,0,8.191999979317188,2,2,0,0,20,0,0,20,0.99
731,24,0,0,0,8.191999979317188,2,2,0,0,20,0,0,20,0.75
731,24,0,1,0,49.15200173854828,2,2,0,0,20,0,0,20,0.75
731,24,0,2,0,8.191999979317188,2,2,0,0,20,0,0,20,0.75
731,24,0,3,0,5.119999870657921,2,2,0,0,20,0,0,20,0.75
731,40,0,0,1,8.191999979317188,2,2,0,0,20,0,0,20,0.73
731,40,0,1,1,43.007999658584595,2,2,0,0,20,0,0,20,0.73
731,40,0,2,1,9.216000325977802,2,2,0,0,20,0,0,20,0.73
731,40,0,3,1,4.095999989658594,2,2,0,0,20,0,0,20,0.73
732,2,0,0,0,8.191999979317188,4,4,0,0,40,0,0,40,1.51
732,2,0,1,0,82.94399827718735,4,4,0,0,40,0,0,40,1.51
732,2,0,2,0,9.216000325977802,4,4,0,0,40,0,0,40,1.51
732,2,0,3,0,5.119999870657921,4,4,0,0,40,0,0,40,1.51
732,24,0,0,0,8.191999979317188,4,4,0,0,40,0,0,40,1.62
732,24,0,1,0,66.56000018119812,4,4,0,0,40,0,0,40,1.62
732,24,0,2,0,9.216000325977802,4,4,0,0,40,0,0,40,1.62
732,24,0,3,0,4.095999989658594,4,4,0,0,40,0,0,40,1.62
732,40,0,0,1,9.216000325977802,4,4,0,0,40,0,0,40,1.31
732,40,0,1,1,57.34400078654289,4,4,0,0,40,0,0,40,1.31
732,40,0,2,1,8.191999979317188,4,4,0,0,40,0,0,40,1.31
732,40,0,3,1,4.095999989658594,4,4,0,0,40,0,0,40,1.31
733,2,0,0,0,8.191999979317188,4,4,0,0,40,0,0,40,1.61
733,2,0,1,0,83.96799862384796,4,4,0,0,40,0,0,40,1.61
733,2,0,2,0,9.216000325977802,4,4,0,0,40,0,0,40,1.61
733,2,0,3,0,5.119999870657921,4,4,0,0,40,0,0,40,1.61
733,24,0,0,0,8.191999979317188,4,4,0,0,40,0,0,40,1.78
733,24,0,1,0,73.72800260782242,4,4,0,0,40,0,0,40,1.78
733,24,0,2,0,9.216000325977802,4,4,0,0,40,0,0,40,1.78
733,24,0,3,0,4.095999989658594,4,4,0,0,40,0,0,40,1.78
733,40,0,0,1,15.359999611973763,4,4,0,1,39,0,0,40,58.759
733,40,0,1,1,68.60800087451935,4,4,0,1,39,0,0,40,58.759
733,40,0,2,1,8.191999979317188,4,4,0,1,39,0,0,40,58.759
733,40,0,3,1,5.119999870657921,4,4,0,1,39,0,0,40,58.759
734,2,0,0,0,89.08800035715103,4,4,0,0,40,0,0,40,2.411
734,2,0,1,0,69.63200122117996,4,4,0,0,40,0,0,40,2.411
734,2,0,2,0,9.216000325977802,4,4,0,0,40,0,0,40,2.411
734,2,0,3,0,5.119999870657921,4,4,0,0,40,0,0,40,2.411
734,24,0,0,0,7.168000098317862,4,4,0,0,40,0,0,40,1.78
734,24,0,1,0,87.0399996638298,4,4,0,0,40,0,0,40,1.78
734,24,0,2,0,9.216000325977802,4,4,0,0,40,0,0,40,1.78
734,24,0,3,0,4.095999989658594,4,4,0,0,40,0,0,40,1.78
734,40,0,0,1,8.191999979317188,4,4,0,0,40,0,0,40,1.629
734,40,0,1,1,82.94399827718735,4,4,0,0,40,0,0,40,1.629
734,40,0,2,1,9.216000325977802,4,4,0,0,40,0,0,40,1.629
734,40,0,3,1,4.095999989658594,4,4,0,0,40,0,0,40,1.629
735,2,0,0,0,8.191999979317188,4,4,0,1,39,0,0,40,51.49
735,2,0,1,0,87.0399996638298,4,4,0,1,39,0,0,40,51.49
735,2,0,2,0,9.216000325977802,4,4,0,1,39,0,0,40,51.49
735,2,0,3,0,5.119999870657921,4,4,0,1,39,0,0,40,51.49
735,24,0,0,0,8.191999979317188,4,4,0,0,40,0,0,40,1.59
735,24,0,1,0,82.94399827718735,4,4,0,0,40,0,0,40,1.59
735,24,0,2,0,9.216000325977802,4,4,0,0,40,0,0,40,1.59
735,24,0,3,0,4.095999989658594,4,4,0,0,40,0,0,40,1.59
735,40,0,0,1,8.191999979317188,4,4,0,2,38,0,0,40,109.28
735,40,0,1,1,83.96799862384796,4,4,0,2,38,0,0,40,109.28
735,40,0,2,1,9.216000325977802,4,4,0,2,38,0,0,40,109.28
735,40,0,3,1,5.119999870657921,4,4,0,2,38,0,0,40,109.28
736,2,0,0,0,8.191999979317188,4,4,0,1,39,0,0,40,63.21
736,2,0,1,0,84.99199897050858,4,4,0,1,39,0,0,40,63.21
736,2,0,2,0,9.216000325977802,4,4,0,1,39,0,0,40,63.21
736,2,0,3,0,5.119999870657921,4,4,0,1,39,0,0,40,63.21
736,24,0,0,0,8.191999979317188,4,4,0,1,39,0,0,40,52.019
736,24,0,1,0,77.82399654388428,4,4,0,1,39,0,0,40,52.019
736,24,0,2,0,9.216000325977802,4,4,0,1,39,0,0,40,52.019
736,24,0,3,0,4.095999989658594,4,4,0,1,39,0,0,40,52.019
736,40,0,0,1,9.216000325977802,4,4,0,0,40,0,0,40,1.72
736,40,0,1,1,100.35199671983719,4,4,0,0,40,0,0,40,1.72
736,40,0,2,1,9.216000325977802,4,4,0,0,40,0,0,40,1.72
736,40,0,3,1,4.095999989658594,4,4,0,0,40,0,0,40,1.72
737,2,0,0,0,9.216000325977802,3,3,0,0,30,0,0,30,1.109
737,2,0,1,0,52.22399905323982,3,3,0,0,30,0,0,30,1.109
737,2,0,2,0,9.216000325977802,3,3,0,0,30,0,0,30,1.109
737,2,0,3,0,4.095999989658594,3,3,0,0,30,0,0,30,1.109
737,24,0,0,0,8.191999979317188,3,3,0,0,30,0,0,30,1.03
737,24,0,1,0,66.56000018119812,3,3,0,0,30,0,0,30,1.03
737,24,0,2,0,9.216000325977802,3,3,0,0,30,0,0,30,1.03
737,24,0,3,0,4.095999989658594,3,3,0,0,30,0,0,30,1.03
737,40,0,0,1,8.191999979317188,3,3,0,0,30,0,0,30,1.08
737,40,0,1,1,74.75200295448303,3,3,0,0,30,0,0,30,1.08
737,40,0,2,1,9.216000325977802,3,3,0,0,30,0,0,30,1.08
737,40,0,3,1,4.095999989658594,3,3,0,0,30,0,0,30,1.08
738,2,0,0,0,9.216000325977802,4,4,0,0,40,0,0,40,1.95
738,2,0,1,0,86.01599931716919,4,4,0,0,40,0,0,40,1.95
738,2,0,2,0,9.216000325977802,4,4,0,0,40,0,0,40,1.95
738,2,0,3,0,6.144000217318535,4,4,0,0,40,0,0,40,1.95
738,24,0,0,0,8.191999979317188,4,4,0,0,40,0,0,40,1.46
738,24,0,1,0,74.75200295448303,4,4,0,0,40,0,0,40,1.46
738,24,0,2,0,9.216000325977802,4,4,0,0,40,0,0,40,1.46
738,24,0,3,0,4.095999989658594,4,4,0,0,40,0,0,40,1.46
738,40,0,0,1,9.216000325977802,4,4,0,1,39,0,0,40,58.929
738,40,0,1,1,64.51199948787689,4,4,0,1,39,0,0,40,58.929
738,40,0,2,1,9.216000325977802,4,4,0,1,39,0,0,40,58.929
738,40,0,3,1,4.095999989658594,4,4,0,1,39,0,0,40,58.929
739,2,0,0,0,9.216000325977802,4,4,0,0,40,0,0,40,1.73
739,2,0,1,0,87.0399996638298,4,4,0,0,40,0,0,40,1.73
739,2,0,2,0,8.191999979317188,4,4,0,0,40,0,0,40,1.73
739,2,0,3,0,6.144000217318535,4,4,0,0,40,0,0,40,1.73
739,24,0,0,0,8.191999979317188,4,4,0,1,39,0,0,40,54.83
739,24,0,1,0,81.91999793052673,4,4,0,1,39,0,0,40,54.83
739,24,0,2,0,9.216000325977802,4,4,0,1,39,0,0,40,54.83
739,24,0,3,0,4.095999989658594,4,4,0,1,39,0,0,40,54.83
739,40,0,0,1,9.216000325977802,4,4,0,0,40,0,0,40,1.77
739,40,0,1,1,89.08800035715103,4,4,0,0,40,0,0,40,1.77
739,40,0,2,1,9.216000325977802,4,4,0,0,40,0,0,40,1.77
739,40,0,3,1,4.095999989658594,4,4,0,0,40,0,0,40,1.77
740,2,0,0,0,10.239999741315842,4,4,0,0,40,0,0,40,2.0
740,2,0,1,0,86.01599931716919,4,4,0,0,40,0,0,40,2.0
740,2,0,2,0,9.216000325977802,4,4,0,0,40,0,0,40,2.0
740,2,0,3,0,5.119999870657921,4,4,0,0,40,0,0,40,2.0
740,24,0,0,0,7.168000098317862,4,4,0,2,38,0,0,40,139.03
740,24,0,1,0,81.91999793052673,4,4,0,2,38,0,0,40,139.03
740,24,0,2,0,9.216000325977802,4,4,0,2,38,0,0,40,139.03
740,24,0,3,0,34.81600061058998,4,4,0,2,38,0,0,40,139.03
740,40,0,0,1,13.311999849975109,4,4,0,0,40,0,0,40,1.489
740,40,0,1,1,83.96799862384796,4,4,0,0,40,0,0,40,1.489
740,40,0,2,1,8.191999979317188,4,4,0,0,40,0,0,40,1.489
740,40,0,3,1,4.095999989658594,4,4,0,0,40,0,0,40,1.489
741,2,0,0,0,9.216000325977802,4,4,0,1,39,0,0,40,95.009
741,2,0,1,0,86.01599931716919,4,4,0,1,39,0,0,40,95.009
741,2,0,2,0,9.216000325977802,4,4,0,1,39,0,0,40,95.009
741,2,0,3,0,5.119999870657921,4,4,0,1,39,0,0,40,95.009
741,24,0,0,0,9.216000325977802,4,4,0,0,40,0,0,40,1.46
741,24,0,1,0,69.63200122117996,4,4,0,0,40,0,0,40,1.46
741,24,0,2,0,9.216000325977802,4,4,0,0,40,0,0,40,1.46
741,24,0,3,0,4.095999989658594,4,4,0,0,40,0,0,40,1.46
741,40,0,0,1,9.216000325977802,4,4,0,0,40,0,0,40,1.95
741,40,0,1,1,87.0399996638298,4,4,0,0,40,0,0,40,1.95
741,40,0,2,1,9.216000325977802,4,4,0,0,40,0,0,40,1.95
741,40,0,3,1,4.095999989658594,4,4,0,0,40,0,0,40,1.95
742,2,0,0,0,9.216000325977802,1,1,0,0,10,0,0,10,0.3
742,2,0,1,0,31.74399957060814,1,1,0,0,10,0,0,10,0.3
742,2,0,2,0,9.216000325977802,1,1,0,0,10,0,0,10,0.3
742,2,0,3,0,5.119999870657921,1,1,0,0,10,0,0,10,0.3
742,24,0,0,0,8.191999979317188,1,1,0,0,10,0,0,10,0.331
742,24,0,1,0,31.74399957060814,1,1,0,0,10,0,0,10,0.331
742,24,0,2,0,9.216000325977802,1,1,0,0,10,0,0,10,0.331
742,24,0,3,0,4.095999989658594,1,1,0,0,10,0,0,10,0.331
742,40,0,0,1,8.191999979317188,1,1,0,0,10,0,0,10,0.3
742,40,0,1,1,35.840000957250595,1,1,0,0,10,0,0,10,0.3
742,40,0,2,1,9.216000325977802,1,1,0,0,10,0,0,10,0.3
742,40,0,3,1,4.095999989658594,1,1,0,0,10,0,0,10,0.3
743,2,0,0,0,8.191999979317188,1,1,0,0,10,0,0,10,0.309
743,2,0,1,0,31.74399957060814,1,1,0,0,10,0,0,10,0.309
743,2,0,2,0,8.191999979317188,1,1,0,0,10,0,0,10,0.309
743,2,0,3,0,4.095999989658594,1,1,0,0,10,0,0,10,0.309
743,24,0,0,0,8.191999979317188,1,1,0,0,10,0,0,10,0.32
743,24,0,1,0,31.74399957060814,1,1,0,0,10,0,0,10,0.32
743,24,0,2,0,9.216000325977802,1,1,0,0,10,0,0,10,0.32
743,24,0,3,0,4.095999989658594,1,1,0,0,10,0,0,10,0.32
743,40,0,0,1,9.216000325977802,1,1,0,0,10,0,0,10,0.28
743,40,0,1,1,34.81600061058998,1,1,0,0,10,0,0,10,0.28
743,40,0,2,1,9.216000325977802,1,1,0,0,10,0,0,10,0.28
743,40,0,3,1,4.095999989658594,1,1,0,0,10,0,0,10,0.28
744,2,0,0,0,9.216000325977802,1,1,0,0,10,0,0,10,0.37
744,2,0,1,0,31.74399957060814,1,1,0,0,10,0,0,10,0.37
744,2,0,2,0,8.191999979317188,1,1,0,0,10,0,0,10,0.37
744,2,0,3,0,5.119999870657921,1,1,0,0,10,0,0,10,0.37
744,24,0,0,0,8.191999979317188,1,1,0,0,10,0,0,10,0.28
744,24,0,1,0,31.74399957060814,1,1,0,0,10,0,0,10,0.28
744,24,0,2,0,9.216000325977802,1,1,0,0,10,0,0,10,0.28
744,24,0,3,0,4.095999989658594,1,1,0,0,10,0,0,10,0.28
744,40,0,0,1,10.239999741315842,1,1,0,0,10,0,0,10,0.32
744,40,0,1,1,35.840000957250595,1,1,0,0,10,0,0,10,0.32
744,40,0,2,1,9.216000325977802,1,1,0,0,10,0,0,10,0.32
744,40,0,3,1,4.095999989658594,1,1,0,0,10,0,0,10,0.32
745,2,0,0,0,9.216000325977802,2,2,0,0,20,0,0,20,1.24
745,2,0,1,0,44.03200000524521,2,2,0,0,20,0,0,20,1.24
745,2,0,2,0,9.216000325977802,2,2,0,0,20,0,0,20,1.24
745,2,0,3,0,5.119999870657921,2,2,0,0,20,0,0,20,1.24
745,24,0,0,0,83.96799862384796,2,2,0,0,20,0,0,20,1.08
745,24,0,1,0,48.128001391887665,2,2,0,0,20,0,0,20,1.08
745,24,0,2,0,8.191999979317188,2,2,0,0,20,0,0,20,1.08
745,24,0,3,0,5.119999870657921,2,2,0,0,20,0,0,20,1.08
745,40,0,0,1,21.503999829292297,2,2,0,1,19,0,0,20,59.13
745,40,0,1,1,45.05600035190582,2,2,0,1,19,0,0,20,59.13
745,40,0,2,1,9.216000325977802,2,2,0,1,19,0,0,20,59.13
745,40,0,3,1,4.095999989658594,2,2,0,1,19,0,0,20,59.13
746,2,0,0,0,9.216000325977802,1,1,0,0,10,0,0,10,0.809
746,2,0,1,0,31.74399957060814,1,1,0,0,10,0,0,10,0.809
746,2,0,2,0,9.216000325977802,1,1,0,0,10,0,0,10,0.809
746,2,0,3,0,4.095999989658594,1,1,0,0,10,0,0,10,0.809
746,24,0,0,0,8.191999979317188,1,1,0,0,10,0,0,10,1.09
746,24,0,1,0,31.74399957060814,1,1,0,0,10,0,0,10,1.09
746,24,0,2,0,9.216000325977802,1,1,0,0,10,0,0,10,1.09
746,24,0,3,0,4.095999989658594,1,1,0,0,10,0,0,10,1.09
746,40,0,0,1,9.216000325977802,1,1,0,0,10,0,0,10,0.74
746,40,0,1,1,34.81600061058998,1,1,0,0,10,0,0,10,0.74
746,40,0,2,1,9.216000325977802,1,1,0,0,10,0,0,10,0.74
746,40,0,3,1,3.0720001086592674,1,1,0,0,10,0,0,10,0.74
747,2,0,0,0,14.336000196635723,4,4,0,0,40,0,0,40,1.78
747,2,0,1,0,88.06400001049042,4,4,0,0,40,0,0,40,1.78
747,2,0,2,0,9.216000325977802,4,4,0,0,40,0,0,40,1.78
747,2,0,3,0,5.119999870657921,4,4,0,0,40,0,0,40,1.78
747,24,0,0,0,7.168000098317862,4,4,0,0,40,0,0,40,1.4
747,24,0,1,0,71.68000191450119,4,4,0,0,40,0,0,40,1.4
747,24,0,2,0,8.191999979317188,4,4,0,0,40,0,0,40,1.4
747,24,0,3,0,4.095999989658594,4,4,0,0,40,0,0,40,1.4
747,40,0,0,1,8.191999979317188,4,4,0,0,40,0,0,40,1.479
747,40,0,1,1,64.51199948787689,4,4,0,0,40,0,0,40,1.479
747,40,0,2,1,9.216000325977802,4,4,0,0,40,0,0,40,1.479
747,40,0,3,1,4.095999989658594,4,4,0,0,40,0,0,40,1.479
748,2,0,0,0,9.216000325977802,4,4,0,0,40,0,0,40,1.751
748,2,0,1,0,81.91999793052673,4,4,0,0,40,0,0,40,1.751
748,2,0,2,0,8.191999979317188,4,4,0,0,40,0,0,40,1.751
748,2,0,3,0,6.144000217318535,4,4,0,0,40,0,0,40,1.751
748,24,0,0,0,8.191999979317188,4,4,0,0,40,0,0,40,1.76
748,24,0,1,0,73.72800260782242,4,4,0,0,40,0,0,40,1.76
748,24,0,2,0,8.191999979317188,4,4,0,0,40,0,0,40,1.76
748,24,0,3,0,4.095999989658594,4,4,0,0,40,0,0,40,1.76
748,40,0,0,1,8.191999979317188,4,4,0,0,40,0,0,40,1.52
748,40,0,1,1,70.65600156784058,4,4,0,0,40,0,0,40,1.52
748,40,0,2,1,9.216000325977802,4,4,0,0,40,0,0,40,1.52
748,40,0,3,1,4.095999989658594,4,4,0,0,40,0,0,40,1.52
749,2,0,0,0,10.239999741315842,4,4,0,0,40,0,0,40,1.389
749,2,0,1,0,74.75200295448303,4,4,0,0,40,0,0,40,1.389
749,2,0,2,0,8.191999979317188,4,4,0,0,40,0,0,40,1.389
749,2,0,3,0,6.144000217318535,4,4,0,0,40,0,0,40,1.389
749,24,0,0,0,8.191999979317188,4,4,0,0,40,0,0,40,1.431
749,24,0,1,0,84.99199897050858,4,4,0,0,40,0,0,40,1.431
749,24,0,2,0,9.216000325977802,4,4,0,0,40,0,0,40,1.431
749,24,0,3,0,4.095999989658594,4,4,0,0,40,0,0,40,1.431
749,40,0,0,1,8.191999979317188,4,4,0,0,40,0,0,40,1.67
749,40,0,1,1,79.8719972372055,4,4,0,0,40,0,0,40,1.67
749,40,0,2,1,8.191999979317188,4,4,0,0,40,0,0,40,1.67
749,40,0,3,1,5.119999870657921,4,4,0,0,40,0,0,40,1.67
750,2,0,0,0,9.216000325977802,4,4,0,0,40,0,0,40,1.83
750,2,0,1,0,73.72800260782242,4,4,0,0,40,0,0,40,1.83
750,2,0,2,0,9.216000325977802,4,4,0,0,40,0,0,40,1.83
750,2,0,3,0,5.119999870657921,4,4,0,0,40,0,0,40,1.83
750,24,0,0,0,8.191999979317188,4,4,0,0,40,0,0,40,1.391
750,24,0,1,0,59.39200147986412,4,4,0,0,40,0,0,40,1.391
750,24,0,2,0,9.216000325977802,4,4,0,0,40,0,0,40,1.391
750,24,0,3,0,4.095999989658594,4,4,0,0,40,0,0,40,1.391
750,40,0,0,1,8.191999979317188,4,4,0,0,40,0,0,40,1.32
750,40,0,1,1,67.58400052785873,4,4,0,0,40,0,0,40,1.32
750,40,0,2,1,9.216000325977802,4,4,0,0,40,0,0,40,1.32
750,40,0,3,1,4.095999989658594,4,4,0,0,40,0,0,40,1.32
751,2,0,0,0,17.40800030529499,4,4,0,1,39,0,0,40,52.58
751,2,0,1,0,87.0399996638298,4,4,0,1,39,0,0,40,52.58
751,2,0,2,0,9.216000325977802,4,4,0,1,39,0,0,40,52.58
751,2,0,3,0,5.119999870657921,4,4,0,1,39,0,0,40,52.58
751,24,0,0,0,8.191999979317188,4,4,0,1,39,0,0,40,51.14
751,24,0,1,0,81.91999793052673,4,4,0,1,39,0,0,40,51.14
751,24,0,2,0,8.191999979317188,4,4,0,1,39,0,0,40,51.14
751,24,0,3,0,4.095999989658594,4,4,0,1,39,0,0,40,51.14
751,40,0,0,1,9.216000325977802,4,4,0,2,38,0,0,40,107.769
751,40,0,1,1,97.28000313043594,4,4,0,2,38,0,0,40,107.769
751,40,0,2,1,9.216000325977802,4,4,0,2,38,0,0,40,107.769
751,40,0,3,1,4.095999989658594,4,4,0,2,38,0,0,40,107.769
752,2,0,0,0,8.191999979317188,4,4,0,0,40,0,0,40,1.7
752,2,0,1,0,79.8719972372055,4,4,0,0,40,0,0,40,1.7
752,2,0,2,0,9.216000325977802,4,4,0,0,40,0,0,40,1.7
752,2,0,3,0,5.119999870657921,4,4,0,0,40,0,0,40,1.7
752,24,0,0,0,8.191999979317188,4,4,0,1,39,0,0,40,52.829
752,24,0,1,0,82.94399827718735,4,4,0,1,39,0,0,40,52.829
752,24,0,2,0,9.216000325977802,4,4,0,1,39,0,0,40,52.829
752,24,0,3,0,4.095999989658594,4,4,0,1,39,0,0,40,52.829
752,40,0,0,1,8.191999979317188,4,4,0,1,39,0,0,40,47.65
752,40,0,1,1,75.77600330114365,4,4,0,1,39,0,0,40,47.65
752,40,0,2,1,8.191999979317188,4,4,0,1,39,0,0,40,47.65
752,40,0,3,1,4.095999989658594,4,4,0,1,39,0,0,40,47.65
753,2,0,0,0,15.359999611973763,4,4,0,0,40,0,0,40,1.889
753,2,0,1,0,91.13600105047226,4,4,0,0,40,0,0,40,1.889
753,2,0,2,0,9.216000325977802,4,4,0,0,40,0,0,40,1.889
753,2,0,3,0,5.119999870657921,4,4,0,0,40,0,0,40,1.889
753,24,0,0,0,8.191999979317188,4,4,0,1,39,0,0,40,50.16
753,24,0,1,0,83.96799862384796,4,4,0,1,39,0,0,40,50.16
753,24,0,2,0,8.191999979317188,4,4,0,1,39,0,0,40,50.16
753,24,0,3,0,4.095999989658594,4,4,0,1,39,0,0,40,50.16
753,40,0,0,1,8.191999979317188,4,4,0,1,39,0,0,40,67.109
753,40,0,1,1,88.06400001049042,4,4,0,1,39,0,0,40,67.109
753,40,0,2,1,9.216000325977802,4,4,0,1,39,0,0,40,67.109
753,40,0,3,1,5.119999870657921,4,4,0,1,39,0,0,40,67.109
754,2,0,0,0,8.191999979317188,4,4,0,1,39,0,0,40,90.89
754,2,0,1,0,72.7040022611618,4,4,0,1,39,0,0,40,90.89
754,2,0,2,0,9.216000325977802,4,4,0,1,39,0,0,40,90.89
754,2,0,3,0,5.119999870657921,4,4,0,1,39,0,0,40,90.89
754,24,0,0,0,7.168000098317862,4,4,0,0,40,0,0,40,1.291
754,24,0,1,0,83.96799862384796,4,4,0,0,40,0,0,40,1.291
754,24,0,2,0,9.216000325977802,4,4,0,0,40,0,0,40,1.291
754,24,0,3,0,4.095999989658594,4,4,0,0,40,0,0,40,1.291
754,40,0,0,1,13.311999849975109,4,4,0,0,40,0,0,40,1.54
754,40,0,1,1,102.39999741315842,4,4,0,0,40,0,0,40,1.54
754,40,0,2,1,9.216000325977802,4,4,0,0,40,0,0,40,1.54
754,40,0,3,1,4.095999989658594,4,4,0,0,40,0,0,40,1.54
755,2,0,0,0,8.191999979317188,4,4,0,1,39,0,0,40,83.72
755,2,0,1,0,90.11200070381165,4,4,0,1,39,0,0,40,83.72
755,2,0,2,0,8.191999979317188,4,4,0,1,39,0,0,40,83.72
755,2,0,3,0,6.144000217318535,4,4,0,1,39,0,0,40,83.72
755,24,0,0,0,8.191999979317188,4,4,0,0,40,0,0,40,1.289
755,24,0,1,0,74.75200295448303,4,4,0,0,40,0,0,40,1.289
755,24,0,2,0,9.216000325977802,4,4,0,0,40,0,0,40,1.289
755,24,0,3,0,4.095999989658594,4,4,0,0,40,0,0,40,1.289
755,40,0,0,1,9.216000325977802,4,4,0,0,40,0,0,40,1.37
755,40,0,1,1,80.89599758386612,4,4,0,0,40,0,0,40,1.37
755,40,0,2,1,8.191999979317188,4,4,0,0,40,0,0,40,1.37
755,40,0,3,1,5.119999870657921,4,4,0,0,40,0,0,40,1.37
756,2,0,0,0,14.336000196635723,4,4,0,0,40,0,0,40,1.62
756,2,0,1,0,66.56000018119812,4,4,0,0,40,0,0,40,1.62
756,2,0,2,0,9.216000325977802,4,4,0,0,40,0,0,40,1.62
756,2,0,3,0,6.144000217318535,4,4,0,0,40,0,0,40,1.62
756,24,0,0,0,8.191999979317188,4,4,0,0,40,0,0,40,1.68
756,24,0,1,0,67.58400052785873,4,4,0,0,40,0,0,40,1.68
756,24,0,2,0,9.216000325977802,4,4,0,0,40,0,0,40,1.68
756,24,0,3,0,4.095999989658594,4,4,0,0,40,0,0,40,1.68
756,40,0,0,1,8.191999979317188,4,4,0,0,40,0,0,40,1.4
756,40,0,1,1,83.96799862384796,4,4,0,0,40,0,0,40,1.4
756,40,0,2,1,10.239999741315842,4,4,0,0,40,0,0,40,1.4
756,40,0,3,1,4.095999989658594,4,4,0,0,40,0,0,40,1.4
757,2,0,0,0,9.216000325977802,4,4,0,0,40,0,0,40,1.98
757,2,0,1,0,89.08800035715103,4,4,0,0,40,0,0,40,1.98
757,2,0,2,0,9.216000325977802,4,4,0,0,40,0,0,40,1.98
757,2,0,3,0,5.119999870657921,4,4,0,0,40,0,0,40,1.98
757,24,0,0,0,8.191999979317188,4,4,0,0,40,0,0,40,1.79
757,24,0,1,0,71.68000191450119,4,4,0,0,40,0,0,40,1.79
757,24,0,2,0,9.216000325977802,4,4,0,0,40,0,0,40,1.79
757,24,0,3,0,4.095999989658594,4,4,0,0,40,0,0,40,1.79
757,40,0,0,1,8.191999979317188,4,4,0,1,39,0,0,40,66.06
757,40,0,1,1,68.60800087451935,4,4,0,1,39,0,0,40,66.06
757,40,0,2,1,9.216000325977802,4,4,0,1,39,0,0,40,66.06
757,40,0,3,1,4.095999989658594,4,4,0,1,39,0,0,40,66.06
758,2,0,0,0,9.216000325977802,4,4,0,0,40,0,0,40,1.609
758,2,0,1,0,89.08800035715103,4,4,0,0,40,0,0,40,1.609
758,2,0,2,0,9.216000325977802,4,4,0,0,40,0,0,40,1.609
758,2,0,3,0,5.119999870657921,4,4,0,0,40,0,0,40,1.609
758,24,0,0,0,7.168000098317862,4,4,0,1,39,0,0,40,49.11
758,24,0,1,0,86.01599931716919,4,4,0,1,39,0,0,40,49.11
758,24,0,2,0,9.216000325977802,4,4,0,1,39,0,0,40,49.11
758,24,0,3,0,4.095999989658594,4,4,0,1,39,0,0,40,49.11
758,40,0,0,1,10.239999741315842,4,4,0,1,39,0,0,40,60.199
758,40,0,1,1,98.30400347709656,4,4,0,1,39,0,0,40,60.199
758,40,0,2,1,10.239999741315842,4,4,0,1,39,0,0,40,60.199
758,40,0,3,1,4.095999989658594,4,4,0,1,39,0,0,40,60.199
759,2,0,0,0,9.216000325977802,4,4,0,0,40,0,0,40,1.649
759,2,0,1,0,77.82399654388428,4,4,0,0,40,0,0,40,1.649
759,2,0,2,0,9.216000325977802,4,4,0,0,40,0,0,40,1.649
759,2,0,3,0,5.119999870657921,4,4,0,0,40,0,0,40,1.649
759,24,0,0,0,9.216000325977802,4,4,0,1,39,0,0,40,55.399
759,24,0,1,0,83.96799862384796,4,4,0,1,39,0,0,40,55.399
759,24,0,2,0,8.191999979317188,4,4,0,1,39,0,0,40,55.399
759,24,0,3,0,5.119999870657921,4,4,0,1,39,0,0,40,55.399
759,40,0,0,1,8.191999979317188,4,4,0,0,40,0,0,40,1.49
759,40,0,1,1,100.35199671983719,4,4,0,0,40,0,0,40,1.49
759,40,0,2,1,8.191999979317188,4,4,0,0,40,0,0,40,1.49
759,40,0,3,1,4.095999989658594,4,4,0,0,40,0,0,40,1.49
760,2,0,0,0,10.239999741315842,4,4,0,0,40,0,0,40,1.62
760,2,0,1,0,88.06400001049042,4,4,0,0,40,0,0,40,1.62
760,2,0,2,0,9.216000325977802,4,4,0,0,40,0,0,40,1.62
760,2,0,3,0,5.119999870657921,4,4,0,0,40,0,0,40,1.62
760,24,0,0,0,9.216000325977802,4,4,0,0,40,0,0,40,1.36
760,24,0,1,0,80.89599758386612,4,4,0,0,40,0,0,40,1.36
760,24,0,2,0,8.191999979317188,4,4,0,0,40,0,0,40,1.36
760,24,0,3,0,4.095999989658594,4,4,0,0,40,0,0,40,1.36
760,40,0,0,1,8.191999979317188,4,4,0,0,40,0,0,40,1.38
760,40,0,1,1,65.5359998345375,4,4,0,0,40,0,0,40,1.38
760,40,0,2,1,9.216000325977802,4,4,0,0,40,0,0,40,1.38
760,40,0,3,1,4.095999989658594,4,4,0,0,40,0,0,40,1.38
761,2,0,0,0,9.216000325977802,4,4,0,1,39,0,0,40,55.83
761,2,0,1,0,84.99199897050858,4,4,0,1,39,0,0,40,55.83
761,2,0,2,0,9.216000325977802,4,4,0,1,39,0,0,40,55.83
761,2,0,3,0,5.119999870657921,4,4,0,1,39,0,0,40,55.83
761,24,0,0,0,8.191999979317188,4,4,0,0,40,0,0,40,1.32
761,24,0,1,0,88.06400001049042,4,4,0,0,40,0,0,40,1.32
761,24,0,2,0,8.191999979317188,4,4,0,0,40,0,0,40,1.32
761,24,0,3,0,4.095999989658594,4,4,0,0,40,0,0,40,1.32
761,40,0,0,1,8.191999979317188,4,4,0,2,38,0,0,40,104.66
761,40,0,1,1,68.60800087451935,4,4,0,2,38,0,0,40,104.66
761,40,0,2,1,9.216000325977802,4,4,0,2,38,0,0,40,104.66
761,40,0,3,1,14.336000196635723,4,4,0,2,38,0,0,40,104.66
762,2,0,0,0,11.264000087976456,4,4,0,1,39,0,0,40,88.44
762,2,0,1,0,83.96799862384796,4,4,0,1,39,0,0,40,88.44
762,2,0,2,0,9.216000325977802,4,4,0,1,39,0,0,40,88.44
762,2,0,3,0,6.144000217318535,4,4,0,1,39,0,0,40,88.44
762,24,0,0,0,8.191999979317188,4,4,0,0,40,0,0,40,1.33
762,24,0,1,0,67.58400052785873,4,4,0,0,40,0,0,40,1.33
762,24,0,2,0,9.216000325977802,4,4,0,0,40,0,0,40,1.33
762,24,0,3,0,4.095999989658594,4,4,0,0,40,0,0,40,1.33
762,40,0,0,1,8.191999979317188,4,4,0,0,40,0,0,40,1.72
762,40,0,1,1,104.44799810647964,4,4,0,0,40,0,0,40,1.72
762,40,0,2,1,9.216000325977802,4,4,0,0,40,0,0,40,1.72
762,40,0,3,1,4.095999989658594,4,4,0,0,40,0,0,40,1.72
763,2,0,0,0,9.216000325977802,4,4,0,0,40,0,0,40,1.6
763,2,0,1,0,77.82399654388428,4,4,0,0,40,0,0,40,1.6
763,2,0,2,0,9.216000325977802,4,4,0,0,40,0,0,40,1.6
763,2,0,3,0,5.119999870657921,4,4,0,0,40,0,0,40,1.6
763,24,0,0,0,8.191999979317188,4,4,0,0,40,0,0,40,1.511
763,24,0,1,0,83.96799862384796,4,4,0,0,40,0,0,40,1.511
763,24,0,2,0,9.216000325977802,4,4,0,0,40,0,0,40,1.511
763,24,0,3,0,4.095999989658594,4,4,0,0,40,0,0,40,1.511
763,40,0,0,1,9.216000325977802,4,4,0,2,38,0,0,40,111.97
763,40,0,1,1,77.82399654388428,4,4,0,2,38,0,0,40,111.97
763,40,0,2,1,9.216000325977802,4,4,0,2,38,0,0,40,111.97
763,40,0,3,1,13.311999849975109,4,4,0,2,38,0,0,40,111.97
764,2,0,0,0,9.216000325977802,4,4,0,2,38,0,0,40,87.49
764,2,0,1,0,80.89599758386612,4,4,0,2,38,0,0,40,87.49
764,2,0,2,0,8.191999979317188,4,4,0,2,38,0,0,40,87.49
764,2,0,3,0,5.119999870657921,4,4,0,2,38,0,0,40,87.49
764,24,0,0,0,8.191999979317188,4,4,0,0,40,0,0,40,1.909
764,24,0,1,0,88.06400001049042,4,4,0,0,40,0,0,40,1.909
764,24,0,2,0,9.216000325977802,4,4,0,0,40,0,0,40,1.909
764,24,0,3,0,4.095999989658594,4,4,0,0,40,0,0,40,1.909
764,40,0,0,1,8.191999979317188,4,4,0,0,40,0,0,40,1.47
764,40,0,1,1,76.80000364780426,4,4,0,0,40,0,0,40,1.47
764,40,0,2,1,9.216000325977802,4,4,0,0,40,0,0,40,1.47
764,40,0,3,1,5.119999870657921,4,4,0,0,40,0,0,40,1.47
765,2,0,0,0,14.336000196635723,4,4,0,1,39,0,0,40,115.62
765,2,0,1,0,86.01599931716919,4,4,0,1,39,0,0,40,115.62
765,2,0,2,0,9.216000325977802,4,4,0,1,39,0,0,40,115.62
765,2,0,3,0,5.119999870657921,4,4,0,1,39,0,0,40,115.62
765,24,0,0,0,8.191999979317188,4,4,0,0,40,0,0,40,1.61
765,24,0,1,0,90.11200070381165,4,4,0,0,40,0,0,40,1.61
765,24,0,2,0,9.216000325977802,4,4,0,0,40,0,0,40,1.61
765,24,0,3,0,4.095999989658594,4,4,0,0,40,0,0,40,1.61
765,40,0,0,1,9.216000325977802,4,4,0,1,39,0,0,40,57.77
765,40,0,1,1,105.47199845314026,4,4,0,1,39,0,0,40,57.77
765,40,0,2,1,8.191999979317188,4,4,0,1,39,0,0,40,57.77
765,40,0,3,1,4.095999989658594,4,4,0,1,39,0,0,40,57.77
766,2,0,0,0,8.191999979317188,4,4,0,0,40,0,0,40,1.49
766,2,0,1,0,59.39200147986412,4,4,0,0,40,0,0,40,1.49
766,2,0,2,0,9.216000325977802,4,4,0,0,40,0,0,40,1.49
766,2,0,3,0,5.119999870657921,4,4,0,0,40,0,0,40,1.49
766,24,0,0,0,8.191999979317188,4,4,0,0,40,0,0,40,1.551
766,24,0,1,0,82.94399827718735,4,4,0,0,40,0,0,40,1.551
766,24,0,2,0,9.216000325977802,4,4,0,0,40,0,0,40,1.551
766,24,0,3,0,4.095999989658594,4,4,0,0,40,0,0,40,1.551
766,40,0,0,1,14.336000196635723,4,4,0,0,40,0,0,40,1.76
766,40,0,1,1,93.18400174379349,4,4,0,0,40,0,0,40,1.76
766,40,0,2,1,9.216000325977802,4,4,0,0,40,0,0,40,1.76
766,40,0,3,1,4.095999989658594,4,4,0,0,40,0,0,40,1.76
767,2,0,0,0,111.61600053310394,4,4,0,1,39,0,0,40,51.66
767,2,0,1,0,78.84799689054489,4,4,0,1,39,0,0,40,51.66
767,2,0,2,0,9.216000325977802,4,4,0,1,39,0,0,40,51.66
767,2,0,3,0,5.119999870657921,4,4,0,1,39,0,0,40,51.66
767,24,0,0,0,8.191999979317188,4,4,0,0,40,0,0,40,1.78
767,24,0,1,0,76.80000364780426,4,4,0,0,40,0,0,40,1.78
767,24,0,2,0,9.216000325977802,4,4,0,0,40,0,0,40,1.78
767,24,0,3,0,4.095999989658594,4,4,0,0,40,0,0,40,1.78
767,40,0,0,1,9.216000325977802,4,4,0,1,39,0,0,40,54.36
767,40,0,1,1,73.72800260782242,4,4,0,1,39,0,0,40,54.36
767,40,0,2,1,9.216000325977802,4,4,0,1,39,0,0,40,54.36
767,40,0,3,1,4.095999989658594,4,4,0,1,39,0,0,40,54.36
768,2,0,0,0,9.216000325977802,4,4,0,1,39,0,0,40,50.871
768,2,0,1,0,86.01599931716919,4,4,0,1,39,0,0,40,50.871
768,2,0,2,0,9.216000325977802,4,4,0,1,39,0,0,40,50.871
768,2,0,3,0,5.119999870657921,4,4,0,1,39,0,0,40,50.871
768,24,0,0,0,7.168000098317862,4,4,0,2,38,0,0,40,94.149
768,24,0,1,0,78.84799689054489,4,4,0,2,38,0,0,40,94.149
768,24,0,2,0,9.216000325977802,4,4,0,2,38,0,0,40,94.149
768,24,0,3,0,4.095999989658594,4,4,0,2,38,0,0,40,94.149
768,40,0,0,1,9.216000325977802,4,4,0,0,40,0,0,40,1.84
768,40,0,1,1,99.32799637317657,4,4,0,0,40,0,0,40,1.84
768,40,0,2,1,9.216000325977802,4,4,0,0,40,0,0,40,1.84
768,40,0,3,1,4.095999989658594,4,4,0,0,40,0,0,40,1.84
769,2,0,0,0,9.216000325977802,4,4,0,0,40,0,0,40,4.851
769,2,0,1,0,74.75200295448303,4,4,0,0,40,0,0,40,4.851
769,2,0,2,0,9.216000325977802,4,4,0,0,40,0,0,40,4.851
769,2,0,3,0,6.144000217318535,4,4,0,0,40,0,0,40,4.851
769,24,0,0,0,8.191999979317188,4,4,0,0,40,0,0,40,1.5
769,24,0,1,0,53.247999399900436,4,4,0,0,40,0,0,40,1.5
769,24,0,2,0,9.216000325977802,4,4,0,0,40,0,0,40,1.5
769,24,0,3,0,4.095999989658594,4,4,0,0,40,0,0,40,1.5
769,40,0,0,1,14.336000196635723,4,4,0,0,40,0,0,40,1.45
769,40,0,1,1,99.32799637317657,4,4,0,0,40,0,0,40,1.45
769,40,0,2,1,9.216000325977802,4,4,0,0,40,0,0,40,1.45
769,40,0,3,1,4.095999989658594,4,4,0,0,40,0,0,40,1.45
770,2,0,0,0,8.191999979317188,4,4,0,0,40,0,0,40,1.431
770,2,0,1,0,88.06400001049042,4,4,0,0,40,0,0,40,1.431
770,2,0,2,0,9.216000325977802,4,4,0,0,40,0,0,40,1.431
770,2,0,3,0,7.168000098317862,4,4,0,0,40,0,0,40,1.431
770,24,0,0,0,8.191999979317188,4,4,0,0,40,0,0,40,1.45
770,24,0,1,0,81.91999793052673,4,4,0,0,40,0,0,40,1.45
770,24,0,2,0,9.216000325977802,4,4,0,0,40,0,0,40,1.45
770,24,0,3,0,154.62400019168854,4,4,0,0,40,0,0,40,1.45
770,40,0,0,1,8.191999979317188,4,4,0,0,40,0,0,40,1.51
770,40,0,1,1,87.0399996638298,4,4,0,0,40,0,0,40,1.51
770,40,0,2,1,9.216000325977802,4,4,0,0,40,0,0,40,1.51
770,40,0,3,1,4.095999989658594,4,4,0,0,40,0,0,40,1.51
771,2,0,0,0,8.191999979317188,4,4,0,1,39,0,0,40,53.62
771,2,0,1,0,88.06400001049042,4,4,0,1,39,0,0,40,53.62
771,2,0,2,0,9.216000325977802,4,4,0,1,39,0,0,40,53.62
771,2,0,3,0,5.119999870657921,4,4,0,1,39,0,0,40,53.62
771,24,0,0,0,7.168000098317862,4,4,0,1,39,0,0,40,54.569
771,24,0,1,0,80.89599758386612,4,4,0,1,39,0,0,40,54.569
771,24,0,2,0,9.216000325977802,4,4,0,1,39,0,0,40,54.569
771,24,0,3,0,4.095999989658594,4,4,0,1,39,0,0,40,54.569
771,40,0,0,1,8.191999979317188,4,4,0,1,39,0,0,40,65.671
771,40,0,1,1,84.99199897050858,4,4,0,1,39,0,0,40,65.671
771,40,0,2,1,9.216000325977802,4,4,0,1,39,0,0,40,65.671
771,40,0,3,1,4.095999989658594,4,4,0,1,39,0,0,40,65.671
772,2,0,0,0,8.191999979317188,4,4,0,0,40,0,0,40,1.63
772,2,0,1,0,72.7040022611618,4,4,0,0,40,0,0,40,1.63
772,2,0,2,0,9.216000325977802,4,4,0,0,40,0,0,40,1.63
772,2,0,3,0,5.119999870657921,4,4,0,0,40,0,0,40,1.63
772,24,0,0,0,8.191999979317188,4,4,0,1,39,0,0,40,66.091
772,24,0,1,0,82.94399827718735,4,4,0,1,39,0,0,40,66.091
772,24,0,2,0,9.216000325977802,4,4,0,1,39,0,0,40,66.091
772,24,0,3,0,4.095999989658594,4,4,0,1,39,0,0,40,66.091
772,40,0,0,1,9.216000325977802,4,4,0,1,39,0,0,40,3061.347
772,40,0,1,1,100.35199671983719,4,4,0,1,39,0,0,40,3061.347
772,40,0,2,1,9.216000325977802,4,4,0,1,39,0,0,40,3061.347
772,40,0,3,1,2936.8319511413574,4,4,0,1,39,0,0,40,3061.347
773,2,0,0,0,9.216000325977802,4,4,0,0,40,0,0,40,1.65
773,2,0,1,0,88.06400001049042,4,4,0,0,40,0,0,40,1.65
773,2,0,2,0,8.191999979317188,4,4,0,0,40,0,0,40,1.65
773,2,0,3,0,5.119999870657921,4,4,0,0,40,0,0,40,1.65
773,24,0,0,0,8.191999979317188,4,4,0,0,40,0,0,40,1.649
773,24,0,1,0,82.94399827718735,4,4,0,0,40,0,0,40,1.649
773,24,0,2,0,9.216000325977802,4,4,0,0,40,0,0,40,1.649
773,24,0,3,0,4.095999989658594,4,4,0,0,40,0,0,40,1.649
773,40,0,0,1,9.216000325977802,4,4,0,1,39,0,0,40,60.291
773,40,0,1,1,90.11200070381165,4,4,0,1,39,0,0,40,60.291
773,40,0,2,1,8.191999979317188,4,4,0,1,39,0,0,40,60.291
773,40,0,3,1,4.095999989658594,4,4,0,1,39,0,0,40,60.291
774,2,0,0,0,9.216000325977802,4,4,0,0,40,0,0,40,1.94
774,2,0,1,0,93.18400174379349,4,4,0,0,40,0,0,40,1.94
774,2,0,2,0,9.216000325977802,4,4,0,0,40,0,0,40,1.94
774,2,0,3,0,5.119999870657921,4,4,0,0,40,0,0,40,1.94
774,24,0,0,0,8.191999979317188,4,4,0,0,40,0,0,40,1.34
774,24,0,1,0,91.13600105047226,4,4,0,0,40,0,0,40,1.34
774,24,0,2,0,9.216000325977802,4,4,0,0,40,0,0,40,1.34
774,24,0,3,0,4.095999989658594,4,4,0,0,40,0,0,40,1.34
774,40,0,0,1,8.191999979317188,4,4,0,0,40,0,0,40,1.46
774,40,0,1,1,96.25600278377533,4,4,0,0,40,0,0,40,1.46
774,40,0,2,1,9.216000325977802,4,4,0,0,40,0,0,40,1.46
774,40,0,3,1,5.119999870657921,4,4,0,0,40,0,0,40,1.46
775,2,0,0,0,9.216000325977802,4,4,0,0,40,0,0,40,1.689
775,2,0,1,0,86.01599931716919,4,4,0,0,40,0,0,40,1.689
775,2,0,2,0,9.216000325977802,4,4,0,0,40,0,0,40,1.689
775,2,0,3,0,5.119999870657921,4,4,0,0,40,0,0,40,1.689
775,24,0,0,0,8.191999979317188,4,4,0,0,40,0,0,40,1.47
775,24,0,1,0,93.18400174379349,4,4,0,0,40,0,0,40,1.47
775,24,0,2,0,9.216000325977802,4,4,0,0,40,0,0,40,1.47
775,24,0,3,0,4.095999989658594,4,4,0,0,40,0,0,40,1.47
775,40,0,0,1,8.191999979317188,4,4,0,0,40,0,0,40,1.4
775,40,0,1,1,102.39999741315842,4,4,0,0,40,0,0,40,1.4
775,40,0,2,1,9.216000325977802,4,4,0,0,40,0,0,40,1.4
775,40,0,3,1,3.0720001086592674,4,4,0,0,40,0,0,40,1.4
776,2,0,0,0,8.191999979317188,4,4,0,0,40,0,0,40,1.62
776,2,0,1,0,59.39200147986412,4,4,0,0,40,0,0,40,1.62
776,2,0,2,0,9.216000325977802,4,4,0,0,40,0,0,40,1.62
776,2,0,3,0,7.168000098317862,4,4,0,0,40,0,0,40,1.62
776,24,0,0,0,8.191999979317188,4,4,0,1,39,0,0,40,60.88
776,24,0,1,0,69.63200122117996,4,4,0,1,39,0,0,40,60.88
776,24,0,2,0,8.191999979317188,4,4,0,1,39,0,0,40,60.88
776,24,0,3,0,4.095999989658594,4,4,0,1,39,0,0,40,60.88
776,40,0,0,1,8.191999979317188,4,4,0,1,39,0,0,40,63.35
776,40,0,1,1,98.30400347709656,4,4,0,1,39,0,0,40,63.35
776,40,0,2,1,9.216000325977802,4,4,0,1,39,0,0,40,63.35
776,40,0,3,1,4.095999989658594,4,4,0,1,39,0,0,40,63.35
777,2,0,0,0,9.216000325977802,4,4,0,0,40,0,0,40,1.631
777,2,0,1,0,91.13600105047226,4,4,0,0,40,0,0,40,1.631
777,2,0,2,0,9.216000325977802,4,4,0,0,40,0,0,40,1.631
777,2,0,3,0,5.119999870657921,4,4,0,0,40,0,0,40,1.631
777,24,0,0,0,8.191999979317188,4,4,0,0,40,0,0,40,1.56
777,24,0,1,0,67.58400052785873,4,4,0,0,40,0,0,40,1.56
777,24,0,2,0,9.216000325977802,4,4,0,0,40,0,0,40,1.56
777,24,0,3,0,4.095999989658594,4,4,0,0,40,0,0,40,1.56
777,40,0,0,1,9.216000325977802,4,4,0,0,40,0,0,40,1.609
777,40,0,1,1,62.463998794555664,4,4,0,0,40,0,0,40,1.609
777,40,0,2,1,9.216000325977802,4,4,0,0,40,0,0,40,1.609
777,40,0,3,1,4.095999989658594,4,4,0,0,40,0,0,40,1.609
778,2,0,0,0,8.191999979317188,4,4,0,0,40,0,0,40,1.511
778,2,0,1,0,84.99199897050858,4,4,0,0,40,0,0,40,1.511
778,2,0,2,0,9.216000325977802,4,4,0,0,40,0,0,40,1.511
778,2,0,3,0,5.119999870657921,4,4,0,0,40,0,0,40,1.511
778,24,0,0,0,8.191999979317188,4,4,0,0,40,0,0,40,1.371
778,24,0,1,0,76.80000364780426,4,4,0,0,40,0,0,40,1.371
778,24,0,2,0,9.216000325977802,4,4,0,0,40,0,0,40,1.371
778,24,0,3,0,4.095999989658594,4,4,0,0,40,0,0,40,1.371
778,40,0,0,1,14.336000196635723,4,4,0,1,39,0,0,40,58.79
778,40,0,1,1,79.8719972372055,4,4,0,1,39,0,0,40,58.79
778,40,0,2,1,8.191999979317188,4,4,0,1,39,0,0,40,58.79
778,40,0,3,1,4.095999989658594,4,4,0,1,39,0,0,40,58.79
779,2,0,0,0,14.336000196635723,4,4,0,0,40,0,0,40,1.49
779,2,0,1,0,73.72800260782242,4,4,0,0,40,0,0,40,1.49
779,2,0,2,0,9.216000325977802,4,4,0,0,40,0,0,40,1.49
779,2,0,3,0,6.144000217318535,4,4,0,0,40,0,0,40,1.49
779,24,0,0,0,8.191999979317188,4,4,0,0,40,0,0,40,1.26
779,24,0,1,0,86.01599931716919,4,4,0,0,40,0,0,40,1.26
779,24,0,2,0,9.216000325977802,4,4,0,0,40,0,0,40,1.26
779,24,0,3,0,5.119999870657921,4,4,0,0,40,0,0,40,1.26
779,40,0,0,1,9.216000325977802,4,4,0,1,39,0,0,40,60.74
779,40,0,1,1,88.06400001049042,4,4,0,1,39,0,0,40,60.74
779,40,0,2,1,9.216000325977802,4,4,0,1,39,0,0,40,60.74
779,40,0,3,1,4.095999989658594,4,4,0,1,39,0,0,40,60.74
780,2,0,0,0,8.191999979317188,4,4,0,0,40,0,0,40,1.61
780,2,0,1,0,91.13600105047226,4,4,0,0,40,0,0,40,1.61
780,2,0,2,0,8.191999979317188,4,4,0,0,40,0,0,40,1.61
780,2,0,3,0,5.119999870657921,4,4,0,0,40,0,0,40,1.61
780,24,0,0,0,8.191999979317188,4,4,0,1,39,0,0,40,45.4
780,24,0,1,0,75.77600330114365,4,4,0,1,39,0,0,40,45.4
780,24,0,2,0,8.191999979317188,4,4,0,1,39,0,0,40,45.4
780,24,0,3,0,3.0720001086592674,4,4,0,1,39,0,0,40,45.4
780,40,0,0,1,9.216000325977802,4,4,0,0,40,0,0,40,1.431
780,40,0,1,1,74.75200295448303,4,4,0,0,40,0,0,40,1.431
780,40,0,2,1,9.216000325977802,4,4,0,0,40,0,0,40,1.431
780,40,0,3,1,4.095999989658594,4,4,0,0,40,0,0,40,1.431
781,2,0,0,0,8.191999979317188,4,4,0,3,36,1,0,40,201.61
781,2,0,1,0,82.94399827718735,4,4,0,3,36,1,0,40,201.61
781,2,0,2,0,168.96000504493713,4,4,0,3,36,1,0,40,201.61
781,2,0,3,0,6.144000217318535,4,4,0,3,36,1,0,40,201.61
781,24,0,0,0,8.191999979317188,4,4,0,0,40,0,0,40,1.74
781,24,0,1,0,83.96799862384796,4,4,0,0,40,0,0,40,1.74
781,24,0,2,0,9.216000325977802,4,4,0,0,40,0,0,40,1.74
781,24,0,3,0,4.095999989658594,4,4,0,0,40,0,0,40,1.74
781,40,0,0,1,8.191999979317188,4,4,0,1,39,0,0,40,56.14
781,40,0,1,1,82.94399827718735,4,4,0,1,39,0,0,40,56.14
781,40,0,2,1,9.216000325977802,4,4,0,1,39,0,0,40,56.14
781,40,0,3,1,4.095999989658594,4,4,0,1,39,0,0,40,56.14
782,2,0,0,0,9.216000325977802,4,4,0,1,39,0,0,40,100.869
782,2,0,1,0,83.96799862384796,4,4,0,1,39,0,0,40,100.869
782,2,0,2,0,8.191999979317188,4,4,0,1,39,0,0,40,100.869
782,2,0,3,0,5.119999870657921,4,4,0,1,39,0,0,40,100.869
782,24,0,0,0,8.191999979317188,4,4,0,2,38,0,0,40,96.869
782,24,0,1,0,81.91999793052673,4,4,0,2,38,0,0,40,96.869
782,24,0,2,0,9.216000325977802,4,4,0,2,38,0,0,40,96.869
782,24,0,3,0,5.119999870657921,4,4,0,2,38,0,0,40,96.869
782,40,0,0,1,8.191999979317188,4,4,0,0,40,0,0,40,1.21
782,40,0,1,1,110.59200018644333,4,4,0,0,40,0,0,40,1.21
782,40,0,2,1,9.216000325977802,4,4,0,0,40,0,0,40,1.21
782,40,0,3,1,4.095999989658594,4,4,0,0,40,0,0,40,1.21
783,2,0,0,0,15.359999611973763,4,4,0,0,40,0,0,40,1.54
783,2,0,1,0,73.72800260782242,4,4,0,0,40,0,0,40,1.54
783,2,0,2,0,9.216000325977802,4,4,0,0,40,0,0,40,1.54
783,2,0,3,0,7.168000098317862,4,4,0,0,40,0,0,40,1.54
783,24,0,0,0,8.191999979317188,4,4,0,1,39,0,0,40,44.65
783,24,0,1,0,76.80000364780426,4,4,0,1,39,0,0,40,44.65
783,24,0,2,0,9.216000325977802,4,4,0,1,39,0,0,40,44.65
783,24,0,3,0,4.095999989658594,4,4,0,1,39,0,0,40,44.65
783,40,0,0,1,8.191999979317188,4,4,0,0,40,0,0,40,1.45
783,40,0,1,1,76.80000364780426,4,4,0,0,40,0,0,40,1.45
783,40,0,2,1,9.216000325977802,4,4,0,0,40,0,0,40,1.45
783,40,0,3,1,4.095999989658594,4,4,0,0,40,0,0,40,1.45
784,2,0,0,0,14.336000196635723,4,4,0,0,40,0,0,40,1.76
784,2,0,1,0,77.82399654388428,4,4,0,0,40,0,0,40,1.76
784,2,0,2,0,8.191999979317188,4,4,0,0,40,0,0,40,1.76
784,2,0,3,0,5.119999870657921,4,4,0,0,40,0,0,40,1.76
784,24,0,0,0,8.191999979317188,4,4,0,0,40,0,0,40,1.68
784,24,0,1,0,92.16000139713287,4,4,0,0,40,0,0,40,1.68
784,24,0,2,0,8.191999979317188,4,4,0,0,40,0,0,40,1.68
784,24,0,3,0,4.095999989658594,4,4,0,0,40,0,0,40,1.68
784,40,0,0,1,8.191999979317188,4,4,0,0,40,0,0,40,1.52
784,40,0,1,1,71.68000191450119,4,4,0,0,40,0,0,40,1.52
784,40,0,2,1,9.216000325977802,4,4,0,0,40,0,0,40,1.52
784,40,0,3,1,4.095999989658594,4,4,0,0,40,0,0,40,1.52
785,2,0,0,0,9.216000325977802,4,4,0,3,36,1,0,40,170.42
785,2,0,1,0,80.89599758386612,4,4,0,3,36,1,0,40,170.42
785,2,0,2,0,163.83999586105347,4,4,0,3,36,1,0,40,170.42
785,2,0,3,0,6.144000217318535,4,4,0,3,36,1,0,40,170.42
785,24,0,0,0,9.216000325977802,4,4,0,0,40,0,0,40,1.4
785,24,0,1,0,70.65600156784058,4,4,0,0,40,0,0,40,1.4
785,24,0,2,0,10.239999741315842,4,4,0,0,40,0,0,40,1.4
785,24,0,3,0,4.095999989658594,4,4,0,0,40,0,0,40,1.4
785,40,0,0,1,14.336000196635723,4,4,0,1,39,0,0,40,52.829
785,40,0,1,1,90.11200070381165,4,4,0,1,39,0,0,40,52.829
785,40,0,2,1,9.216000325977802,4,4,0,1,39,0,0,40,52.829
785,40,0,3,1,4.095999989658594,4,4,0,1,39,0,0,40,52.829
786,2,0,0,0,15.359999611973763,4,4,0,0,40,0,0,40,1.88
786,2,0,1,0,75.77600330114365,4,4,0,0,40,0,0,40,1.88
786,2,0,2,0,8.191999979317188,4,4,0,0,40,0,0,40,1.88
786,2,0,3,0,5.119999870657921,4,4,0,0,40,0,0,40,1.88
786,24,0,0,0,9.216000325977802,4,4,0,0,40,0,0,40,1.49
786,24,0,1,0,81.91999793052673,4,4,0,0,40,0,0,40,1.49
786,24,0,2,0,9.216000325977802,4,4,0,0,40,0,0,40,1.49
786,24,0,3,0,4.095999989658594,4,4,0,0,40,0,0,40,1.49
786,40,0,0,1,8.191999979317188,4,4,0,0,40,0,0,40,1.47
786,40,0,1,1,96.25600278377533,4,4,0,0,40,0,0,40,1.47
786,40,0,2,1,9.216000325977802,4,4,0,0,40,0,0,40,1.47
786,40,0,3,1,4.095999989658594,4,4,0,0,40,0,0,40,1.47
787,2,0,0,0,8.191999979317188,4,4,0,1,39,0,0,40,110.07
787,2,0,1,0,81.91999793052673,4,4,0,1,39,0,0,40,110.07
787,2,0,2,0,10.239999741315842,4,4,0,1,39,0,0,40,110.07
787,2,0,3,0,5.119999870657921,4,4,0,1,39,0,0,40,110.07
787,24,0,0,0,7.168000098317862,4,4,0,0,40,0,0,40,1.51
787,24,0,1,0,76.80000364780426,4,4,0,0,40,0,0,40,1.51
787,24,0,2,0,9.216000325977802,4,4,0,0,40,0,0,40,1.51
787,24,0,3,0,5.119999870657921,4,4,0,0,40,0,0,40,1.51
787,40,0,0,1,8.191999979317188,4,4,0,0,40,0,0,40,1.68
787,40,0,1,1,62.463998794555664,4,4,0,0,40,0,0,40,1.68
787,40,0,2,1,8.191999979317188,4,4,0,0,40,0,0,40,1.68
787,40,0,3,1,4.095999989658594,4,4,0,0,40,0,0,40,1.68
788,2,0,0,0,9.216000325977802,4,4,0,2,38,0,0,40,93.96
788,2,0,1,0,76.80000364780426,4,4,0,2,38,0,0,40,93.96
788,2,0,2,0,9.216000325977802,4,4,0,2,38,0,0,40,93.96
788,2,0,3,0,5.119999870657921,4,4,0,2,38,0,0,40,93.96
788,24,0,0,0,8.191999979317188,4,4,0,0,40,0,0,40,1.6
788,24,0,1,0,93.18400174379349,4,4,0,0,40,0,0,40,1.6
788,24,0,2,0,9.216000325977802,4,4,0,0,40,0,0,40,1.6
788,24,0,3,0,4.095999989658594,4,4,0,0,40,0,0,40,1.6
788,40,0,0,1,9.216000325977802,4,4,0,0,40,0,0,40,2.24
788,40,0,1,1,102.39999741315842,4,4,0,0,40,0,0,40,2.24
788,40,0,2,1,8.191999979317188,4,4,0,0,40,0,0,40,2.24
788,40,0,3,1,4.095999989658594,4,4,0,0,40,0,0,40,2.24
789,2,0,0,0,15.359999611973763,4,4,0,1,39,0,0,40,114.499
789,2,0,1,0,83.96799862384796,4,4,0,1,39,0,0,40,114.499
789,2,0,2,0,9.216000325977802,4,4,0,1,39,0,0,40,114.499
789,2,0,3,0,5.119999870657921,4,4,0,1,39,0,0,40,114.499
789,24,0,0,0,7.168000098317862,4,4,0,0,40,0,0,40,1.38
789,24,0,1,0,78.84799689054489,4,4,0,0,40,0,0,40,1.38
789,24,0,2,0,9.216000325977802,4,4,0,0,40,0,0,40,1.38
789,24,0,3,0,4.095999989658594,4,4,0,0,40,0,0,40,1.38
789,40,0,0,1,8.191999979317188,4,4,0,0,40,0,0,40,1.26
789,40,0,1,1,107.51999914646149,4,4,0,0,40,0,0,40,1.26
789,40,0,2,1,9.216000325977802,4,4,0,0,40,0,0,40,1.26
789,40,0,3,1,4.095999989658594,4,4,0,0,40,0,0,40,1.26
790,2,0,0,0,9.216000325977802,4,4,0,0,40,0,0,40,1.65
790,2,0,1,0,62.463998794555664,4,4,0,0,40,0,0,40,1.65
790,2,0,2,0,9.216000325977802,4,4,0,0,40,0,0,40,1.65
790,2,0,3,0,5.119999870657921,4,4,0,0,40,0,0,40,1.65
790,24,0,0,0,8.191999979317188,4,4,0,1,39,0,0,40,52.369
790,24,0,1,0,69.63200122117996,4,4,0,1,39,0,0,40,52.369
790,24,0,2,0,8.191999979317188,4,4,0,1,39,0,0,40,52.369
790,24,0,3,0,5.119999870657921,4,4,0,1,39,0,0,40,52.369
790,40,0,0,1,9.216000325977802,4,4,0,0,40,0,0,40,1.35
790,40,0,1,1,106.49599879980087,4,4,0,0,40,0,0,40,1.35
790,40,0,2,1,9.216000325977802,4,4,0,0,40,0,0,40,1.35
790,40,0,3,1,4.095999989658594,4,4,0,0,40,0,0,40,1.35
791,2,0,0,0,8.191999979317188,4,4,0,0,40,0,0,40,1.68
791,2,0,1,0,86.01599931716919,4,4,0,0,40,0,0,40,1.68
791,2,0,2,0,9.216000325977802,4,4,0,0,40,0,0,40,1.68
791,2,0,3,0,5.119999870657921,4,4,0,0,40,0,0,40,1.68
791,24,0,0,0,7.168000098317862,4,4,0,1,39,0,0,40,63.73
791,24,0,1,0,73.72800260782242,4,4,0,1,39,0,0,40,63.73
791,24,0,2,0,9.216000325977802,4,4,0,1,39,0,0,40,63.73
791,24,0,3,0,5.119999870657921,4,4,0,1,39,0,0,40,63.73
791,40,0,0,1,8.191999979317188,4,4,0,1,39,0,0,40,87.26
791,40,0,1,1,70.65600156784058,4,4,0,1,39,0,0,40,87.26
791,40,0,2,1,8.191999979317188,4,4,0,1,39,0,0,40,87.26
791,40,0,3,1,4.095999989658594,4,4,0,1,39,0,0,40,87.26
792,2,0,0,0,9.216000325977802,4,4,0,0,40,0,0,40,1.78
792,2,0,1,0,91.13600105047226,4,4,0,0,40,0,0,40,1.78
792,2,0,2,0,8.191999979317188,4,4,0,0,40,0,0,40,1.78
792,2,0,3,0,6.144000217318535,4,4,0,0,40,0,0,40,1.78
792,24,0,0,0,7.168000098317862,4,4,0,0,40,0,0,40,1.38
792,24,0,1,0,89.08800035715103,4,4,0,0,40,0,0,40,1.38
792,24,0,2,0,9.216000325977802,4,4,0,0,40,0,0,40,1.38
792,24,0,3,0,4.095999989658594,4,4,0,0,40,0,0,40,1.38
792,40,0,0,1,8.191999979317188,4,4,0,0,40,0,0,40,1.35
792,40,0,1,1,95.23200243711472,4,4,0,0,40,0,0,40,1.35
792,40,0,2,1,9.216000325977802,4,4,0,0,40,0,0,40,1.35
792,40,0,3,1,4.095999989658594,4,4,0,0,40,0,0,40,1.35
793,2,0,0,0,15.359999611973763,4,4,0,1,39,0,0,40,107.549
793,2,0,1,0,84.99199897050858,4,4,0,1,39,0,0,40,107.549
793,2,0,2,0,8.191999979317188,4,4,0,1,39,0,0,40,107.549
793,2,0,3,0,7.168000098317862,4,4,0,1,39,0,0,40,107.549
793,24,0,0,0,9.216000325977802,4,4,0,0,40,0,0,40,1.36
793,24,0,1,0,71.68000191450119,4,4,0,0,40,0,0,40,1.36
793,24,0,2,0,9.216000325977802,4,4,0,0,40,0,0,40,1.36
793,24,0,3,0,4.095999989658594,4,4,0,0,40,0,0,40,1.36
793,40,0,0,1,8.191999979317188,4,4,0,1,39,0,0,40,56.629
793,40,0,1,1,94.2080020904541,4,4,0,1,39,0,0,40,56.629
793,40,0,2,1,8.191999979317188,4,4,0,1,39,0,0,40,56.629
793,40,0,3,1,4.095999989658594,4,4,0,1,39,0,0,40,56.629
794,2,0,0,0,8.191999979317188,4,4,0,0,40,0,0,40,1.511
794,2,0,1,0,77.82399654388428,4,4,0,0,40,0,0,40,1.511
794,2,0,2,0,9.216000325977802,4,4,0,0,40,0,0,40,1.511
794,2,0,3,0,5.119999870657921,4,4,0,0,40,0,0,40,1.511
794,24,0,0,0,8.191999979317188,4,4,0,1,39,0,0,40,55.249
794,24,0,1,0,77.82399654388428,4,4,0,1,39,0,0,40,55.249
794,24,0,2,0,9.216000325977802,4,4,0,1,39,0,0,40,55.249
794,24,0,3,0,5.119999870657921,4,4,0,1,39,0,0,40,55.249
794,40,0,0,1,13.311999849975109,4,4,0,0,40,0,0,40,1.309
794,40,0,1,1,87.0399996638298,4,4,0,0,40,0,0,40,1.309
794,40,0,2,1,8.191999979317188,4,4,0,0,40,0,0,40,1.309
794,40,0,3,1,4.095999989658594,4,4,0,0,40,0,0,40,1.309
795,2,0,0,0,9.216000325977802,4,4,0,1,39,0,0,40,93.509
795,2,0,1,0,82.94399827718735,4,4,0,1,39,0,0,40,93.509
795,2,0,2,0,8.191999979317188,4,4,0,1,39,0,0,40,93.509
795,2,0,3,0,6.144000217318535,4,4,0,1,39,0,0,40,93.509
795,24,0,0,0,7.168000098317862,4,4,0,0,40,0,0,40,1.46
795,24,0,1,0,91.13600105047226,4,4,0,0,40,0,0,40,1.46
795,24,0,2,0,9.216000325977802,4,4,0,0,40,0,0,40,1.46
795,24,0,3,0,4.095999989658594,4,4,0,0,40,0,0,40,1.46
795,40,0,0,1,9.216000325977802,4,4,0,2,38,0,0,40,107.549
795,40,0,1,1,71.68000191450119,4,4,0,2,38,0,0,40,107.549
795,40,0,2,1,9.216000325977802,4,4,0,2,38,0,0,40,107.549
795,40,0,3,1,14.336000196635723,4,4,0,2,38,0,0,40,107.549
796,2,0,0,0,9.216000325977802,4,4,0,2,38,0,0,40,97.509
796,2,0,1,0,83.96799862384796,4,4,0,2,38,0,0,40,97.509
796,2,0,2,0,9.216000325977802,4,4,0,2,38,0,0,40,97.509
796,2,0,3,0,5.119999870657921,4,4,0,2,38,0,0,40,97.509
796,24,0,0,0,7.168000098317862,4,4,0,0,40,0,0,40,1.44
796,24,0,1,0,61.43999844789505,4,4,0,0,40,0,0,40,1.44
796,24,0,2,0,9.216000325977802,4,4,0,0,40,0,0,40,1.44
796,24,0,3,0,4.095999989658594,4,4,0,0,40,0,0,40,1.44
796,40,0,0,1,7.168000098317862,4,4,0,1,39,0,0,40,70.419
796,40,0,1,1,75.77600330114365,4,4,0,1,39,0,0,40,70.419
796,40,0,2,1,10.239999741315842,4,4,0,1,39,0,0,40,70.419
796,40,0,3,1,4.095999989658594,4,4,0,1,39,0,0,40,70.419
797,2,0,0,0,9.216000325977802,4,4,0,0,40,0,0,40,1.86
797,2,0,1,0,82.94399827718735,4,4,0,0,40,0,0,40,1.86
797,2,0,2,0,9.216000325977802,4,4,0,0,40,0,0,40,1.86
797,2,0,3,0,5.119999870657921,4,4,0,0,40,0,0,40,1.86
797,24,0,0,0,8.191999979317188,4,4,0,0,40,0,0,40,1.82
797,24,0,1,0,69.63200122117996,4,4,0,0,40,0,0,40,1.82
797,24,0,2,0,8.191999979317188,4,4,0,0,40,0,0,40,1.82
797,24,0,3,0,4.095999989658594,4,4,0,0,40,0,0,40,1.82
797,40,0,0,1,14.336000196635723,4,4,0,0,40,0,0,40,1.56
797,40,0,1,1,87.0399996638298,4,4,0,0,40,0,0,40,1.56
797,40,0,2,1,9.216000325977802,4,4,0,0,40,0,0,40,1.56
797,40,0,3,1,4.095999989658594,4,4,0,0,40,0,0,40,1.56
798,2,0,0,0,8.191999979317188,2,2,0,0,20,0,0,20,0.791
798,2,0,1,0,46.08000069856644,2,2,0,0,20,0,0,20,0.791
798,2,0,2,0,9.216000325977802,2,2,0,0,20,0,0,20,0.791
798,2,0,3,0,5.119999870657921,2,2,0,0,20,0,0,20,0.791
798,24,0,0,0,7.168000098317862,2,2,0,0,20,0,0,20,0.66
798,24,0,1,0,55.296000093221664,2,2,0,0,20,0,0,20,0.66
798,24,0,2,0,9.216000325977802,2,2,0,0,20,0,0,20,0.66
798,24,0,3,0,4.095999989658594,2,2,0,0,20,0,0,20,0.66
798,40,0,0,1,10.239999741315842,2,2,0,0,20,0,0,20,0.66
798,40,0,1,1,48.128001391887665,2,2,0,0,20,0,0,20,0.66
798,40,0,2,1,9.216000325977802,2,2,0,0,20,0,0,20,0.66
798,40,0,3,1,4.095999989658594,2,2,0,0,20,0,0,20,0.66
799,2,0,0,0,9.216000325977802,3,3,0,0,30,0,0,30,1.209
799,2,0,1,0,52.22399905323982,3,3,0,0,30,0,0,30,1.209
799,2,0,2,0,9.216000325977802,3,3,0,0,30,0,0,30,1.209
799,2,0,3,0,5.119999870657921,3,3,0,0,30,0,0,30,1.209
799,24,0,0,0,9.216000325977802,3,3,0,0,30,0,0,30,1.03
799,24,0,1,0,58.36800113320351,3,3,0,0,30,0,0,30,1.03
799,24,0,2,0,8.191999979317188,3,3,0,0,30,0,0,30,1.03
799,24,0,3,0,4.095999989658594,3,3,0,0,30,0,0,30,1.03
799,40,0,0,1,10.239999741315842,3,3,0,0,30,0,0,30,0.951
799,40,0,1,1,56.32000043988228,3,3,0,0,30,0,0,30,0.951
799,40,0,2,1,9.216000325977802,3,3,0,0,30,0,0,30,0.951
799,40,0,3,1,4.095999989658594,3,3,0,0,30,0,0,30,0.951
800,2,0,0,0,9.216000325977802,4,4,0,0,40,0,0,40,2.14
800,2,0,1,0,86.01599931716919,4,4,0,0,40,0,0,40,2.14
800,2,0,2,0,9.216000325977802,4,4,0,0,40,0,0,40,2.14
800,2,0,3,0,4.095999989658594,4,4,0,0,40,0,0,40,2.14
800,24,0,0,0,7.168000098317862,4,4,0,0,40,0,0,40,1.451
800,24,0,1,0,81.91999793052673,4,4,0,0,40,0,0,40,1.451
800,24,0,2,0,8.191999979317188,4,4,0,0,40,0,0,40,1.451
800,24,0,3,0,4.095999989658594,4,4,0,0,40,0,0,40,1.451
800,40,0,0,1,14.336000196635723,4,4,0,0,40,0,0,40,1.42
800,40,0,1,1,74.75200295448303,4,4,0,0,40,0,0,40,1.42
800,40,0,2,1,9.216000325977802,4,4,0,0,40,0,0,40,1.42
800,40,0,3,1,4.095999989658594,4,4,0,0,40,0,0,40,1.42
801,2,0,0,0,13.311999849975109,4,4,0,0,40,0,0,40,1.64
801,2,0,1,0,64.51199948787689,4,4,0,0,40,0,0,40,1.64
801,2,0,2,0,8.191999979317188,4,4,0,0,40,0,0,40,1.64
801,2,0,3,0,5.119999870657921,4,4,0,0,40,0,0,40,1.64
801,24,0,0,0,8.191999979317188,4,4,0,0,40,0,0,40,1.351
801,24,0,1,0,69.63200122117996,4,4,0,0,40,0,0,40,1.351
801,24,0,2,0,8.191999979317188,4,4,0,0,40,0,0,40,1.351
801,24,0,3,0,4.095999989658594,4,4,0,0,40,0,0,40,1.351
801,40,0,0,1,14.336000196635723,4,4,0,2,38,0,0,40,62.189
801,40,0,1,1,66.56000018119812,4,4,0,2,38,0,0,40,62.189
801,40,0,2,1,9.216000325977802,4,4,0,2,38,0,0,40,62.189
801,40,0,3,1,4.095999989658594,4,4,0,2,38,0,0,40,62.189
802,2,0,0,0,8.191999979317188,4,4,0,3,37,0,0,40,175.609
802,2,0,1,0,87.0399996638298,4,4,0,3,37,0,0,40,175.609
802,2,0,2,0,9.216000325977802,4,4,0,3,37,0,0,40,175.609
802,2,0,3,0,66.56000018119812,4,4,0,3,37,0,0,40,175.609
802,24,0,0,0,9.216000325977802,4,4,0,0,40,0,0,40,1.4
802,24,0,1,0,82.94399827718735,4,4,0,0,40,0,0,40,1.4
802,24,0,2,0,9.216000325977802,4,4,0,0,40,0,0,40,1.4
802,24,0,3,0,4.095999989658594,4,4,0,0,40,0,0,40,1.4
802,40,0,0,1,8.191999979317188,4,4,0,0,40,0,0,40,1.449
802,40,0,1,1,83.96799862384796,4,4,0,0,40,0,0,40,1.449
802,40,0,2,1,9.216000325977802,4,4,0,0,40,0,0,40,1.449
802,40,0,3,1,4.095999989658594,4,4,0,0,40,0,0,40,1.449
803,2,0,0,0,8.191999979317188,4,4,0,1,39,0,0,40,104.64
803,2,0,1,0,83.96799862384796,4,4,0,1,39,0,0,40,104.64
803,2,0,2,0,9.216000325977802,4,4,0,1,39,0,0,40,104.64
803,2,0,3,0,6.144000217318535,4,4,0,1,39,0,0,40,104.64
803,24,0,0,0,8.191999979317188,4,4,0,0,40,0,0,40,1.489
803,24,0,1,0,80.89599758386612,4,4,0,0,40,0,0,40,1.489
803,24,0,2,0,8.191999979317188,4,4,0,0,40,0,0,40,1.489
803,24,0,3,0,4.095999989658594,4,4,0,0,40,0,0,40,1.489
803,40,0,0,1,8.191999979317188,4,4,0,1,39,0,0,40,47.869
803,40,0,1,1,84.99199897050858,4,4,0,1,39,0,0,40,47.869
803,40,0,2,1,9.216000325977802,4,4,0,1,39,0,0,40,47.869
803,40,0,3,1,4.095999989658594,4,4,0,1,39,0,0,40,47.869
804,2,0,0,0,14.336000196635723,4,4,0,0,40,0,0,40,1.67
804,2,0,1,0,79.8719972372055,4,4,0,0,40,0,0,40,1.67
804,2,0,2,0,8.191999979317188,4,4,0,0,40,0,0,40,1.67
804,2,0,3,0,6.144000217318535,4,4,0,0,40,0,0,40,1.67
804,24,0,0,0,8.191999979317188,4,4,0,1,39,0,0,40,71.179
804,24,0,1,0,75.77600330114365,4,4,0,1,39,0,0,40,71.179
804,24,0,2,0,8.191999979317188,4,4,0,1,39,0,0,40,71.179
804,24,0,3,0,4.095999989658594,4,4,0,1,39,0,0,40,71.179
804,40,0,0,1,8.191999979317188,4,4,0,0,40,0,0,40,1.3
804,40,0,1,1,103.42399775981903,4,4,0,0,40,0,0,40,1.3
804,40,0,2,1,9.216000325977802,4,4,0,0,40,0,0,40,1.3
804,40,0,3,1,4.095999989658594,4,4,0,0,40,0,0,40,1.3
805,2,0,0,0,14.336000196635723,4,4,0,0,40,0,0,40,1.94
805,2,0,1,0,90.11200070381165,4,4,0,0,40,0,0,40,1.94
805,2,0,2,0,9.216000325977802,4,4,0,0,40,0,0,40,1.94
805,2,0,3,0,5.119999870657921,4,4,0,0,40,0,0,40,1.94
805,24,0,0,0,7.168000098317862,4,4,0,1,39,0,0,40,50.41
805,24,0,1,0,79.8719972372055,4,4,0,1,39,0,0,40,50.41
805,24,0,2,0,8.191999979317188,4,4,0,1,39,0,0,40,50.41
805,24,0,3,0,4.095999989658594,4,4,0,1,39,0,0,40,50.41
805,40,0,0,1,9.216000325977802,4,4,0,0,40,0,0,40,1.58
805,40,0,1,1,91.13600105047226,4,4,0,0,40,0,0,40,1.58
805,40,0,2,1,9.216000325977802,4,4,0,0,40,0,0,40,1.58
805,40,0,3,1,4.095999989658594,4,4,0,0,40,0,0,40,1.58
806,2,0,0,0,9.216000325977802,4,4,0,3,37,0,0,40,155.949
806,2,0,1,0,83.96799862384796,4,4,0,3,37,0,0,40,155.949
806,2,0,2,0,9.216000325977802,4,4,0,3,37,0,0,40,155.949
806,2,0,3,0,50.175998359918594,4,4,0,3,37,0,0,40,155.949
806,24,0,0,0,8.191999979317188,4,4,0,0,40,0,0,40,1.37
806,24,0,1,0,76.80000364780426,4,4,0,0,40,0,0,40,1.37
806,24,0,2,0,10.239999741315842,4,4,0,0,40,0,0,40,1.37
806,24,0,3,0,4.095999989658594,4,4,0,0,40,0,0,40,1.37
806,40,0,0,1,8.191999979317188,4,4,0,1,39,0,0,40,59.869
806,40,0,1,1,80.89599758386612,4,4,0,1,39,0,0,40,59.869
806,40,0,2,1,9.216000325977802,4,4,0,1,39,0,0,40,59.869
806,40,0,3,1,4.095999989658594,4,4,0,1,39,0,0,40,59.869
807,2,0,0,0,8.191999979317188,4,4,0,0,40,0,0,40,1.77
807,2,0,1,0,83.96799862384796,4,4,0,0,40,0,0,40,1.77
807,2,0,2,0,9.216000325977802,4,4,0,0,40,0,0,40,1.77
807,2,0,3,0,5.119999870657921,4,4,0,0,40,0,0,40,1.77
807,24,0,0,0,8.191999979317188,4,4,0,0,40,0,0,40,1.48
807,24,0,1,0,69.63200122117996,4,4,0,0,40,0,0,40,1.48
807,24,0,2,0,9.216000325977802,4,4,0,0,40,0,0,40,1.48
807,24,0,3,0,4.095999989658594,4,4,0,0,40,0,0,40,1.48
807,40,0,0,1,9.216000325977802,4,4,0,1,39,0,0,40,64.06
807,40,0,1,1,95.23200243711472,4,4,0,1,39,0,0,40,64.06
807,40,0,2,1,9.216000325977802,4,4,0,1,39,0,0,40,64.06
807,40,0,3,1,5.119999870657921,4,4,0,1,39,0,0,40,64.06
808,2,0,0,0,14.336000196635723,4,4,0,0,40,0,0,40,1.56
808,2,0,1,0,68.60800087451935,4,4,0,0,40,0,0,40,1.56
808,2,0,2,0,8.191999979317188,4,4,0,0,40,0,0,40,1.56
808,2,0,3,0,6.144000217318535,4,4,0,0,40,0,0,40,1.56
808,24,0,0,0,433.1519901752472,4,4,0,0,40,0,0,40,2.42
808,24,0,1,0,68.60800087451935,4,4,0,0,40,0,0,40,2.42
808,24,0,2,0,8.191999979317188,4,4,0,0,40,0,0,40,2.42
808,24,0,3,0,4.095999989658594,4,4,0,0,40,0,0,40,2.42
808,40,0,0,1,8.191999979317188,4,4,0,0,40,0,0,40,1.311
808,40,0,1,1,59.39200147986412,4,4,0,0,40,0,0,40,1.311
808,40,0,2,1,8.191999979317188,4,4,0,0,40,0,0,40,1.311
808,40,0,3,1,4.095999989658594,4,4,0,0,40,0,0,40,1.311
809,2,0,0,0,8.191999979317188,4,4,0,0,40,0,0,40,1.98
809,2,0,1,0,71.68000191450119,4,4,0,0,40,0,0,40,1.98
809,2,0,2,0,9.216000325977802,4,4,0,0,40,0,0,40,1.98
809,2,0,3,0,5.119999870657921,4,4,0,0,40,0,0,40,1.98
809,24,0,0,0,22.52800017595291,4,4,0,0,40,0,0,40,4.04
809,24,0,1,0,87.0399996638298,4,4,0,0,40,0,0,40,4.04
809,24,0,2,0,9.216000325977802,4,4,0,0,40,0,0,40,4.04
809,24,0,3,0,4.095999989658594,4,4,0,0,40,0,0,40,4.04
809,40,0,0,1,56.32000043988228,4,4,0,0,40,0,0,40,2.789
809,40,0,1,1,80.89599758386612,4,4,0,0,40,0,0,40,2.789
809,40,0,2,1,9.216000325977802,4,4,0,0,40,0,0,40,2.789
809,40,0,3,1,4.095999989658594,4,4,0,0,40,0,0,40,2.789
810,2,0,0,0,69.63200122117996,4,4,0,0,40,0,0,40,3.34
810,2,0,1,0,91.13600105047226,4,4,0,0,40,0,0,40,3.34
810,2,0,2,0,8.191999979317188,4,4,0,0,40,0,0,40,3.34
810,2,0,3,0,5.119999870657921,4,4,0,0,40,0,0,40,3.34
810,24,0,0,0,28.672000393271446,4,4,0,0,40,0,0,40,2.48
810,24,0,1,0,68.60800087451935,4,4,0,0,40,0,0,40,2.48
810,24,0,2,0,9.216000325977802,4,4,0,0,40,0,0,40,2.48
810,24,0,3,0,4.095999989658594,4,4,0,0,40,0,0,40,2.48
810,40,0,0,1,89.08800035715103,4,4,0,2,38,0,0,40,104.549
810,40,0,1,1,77.82399654388428,4,4,0,2,38,0,0,40,104.549
810,40,0,2,1,9.216000325977802,4,4,0,2,38,0,0,40,104.549
810,40,0,3,1,7.168000098317862,4,4,0,2,38,0,0,40,104.549
811,2,0,0,0,9.216000325977802,4,4,0,0,40,0,0,40,3.66
811,2,0,1,0,83.96799862384796,4,4,0,0,40,0,0,40,3.66
811,2,0,2,0,9.216000325977802,4,4,0,0,40,0,0,40,3.66
811,2,0,3,0,5.119999870657921,4,4,0,0,40,0,0,40,3.66
811,24,0,0,0,13.311999849975109,4,4,0,0,40,0,0,40,3.409
811,24,0,1,0,83.96799862384796,4,4,0,0,40,0,0,40,3.409
811,24,0,2,0,9.216000325977802,4,4,0,0,40,0,0,40,3.409
811,24,0,3,0,4.095999989658594,4,4,0,0,40,0,0,40,3.409
811,40,0,0,1,9.216000325977802,4,4,0,0,40,0,0,40,2.711
811,40,0,1,1,82.94399827718735,4,4,0,0,40,0,0,40,2.711
811,40,0,2,1,8.191999979317188,4,4,0,0,40,0,0,40,2.711
811,40,0,3,1,4.095999989658594,4,4,0,0,40,0,0,40,2.711
812,2,0,0,0,78.84799689054489,4,4,0,0,40,0,0,40,3.429
812,2,0,1,0,91.13600105047226,4,4,0,0,40,0,0,40,3.429
812,2,0,2,0,8.191999979317188,4,4,0,0,40,0,0,40,3.429
812,2,0,3,0,6.144000217318535,4,4,0,0,40,0,0,40,3.429
812,24,0,0,0,8.191999979317188,4,4,0,0,40,0,0,40,2.95
812,24,0,1,0,79.8719972372055,4,4,0,0,40,0,0,40,2.95
812,24,0,2,0,9.216000325977802,4,4,0,0,40,0,0,40,2.95
812,24,0,3,0,4.095999989658594,4,4,0,0,40,0,0,40,2.95
812,40,0,0,1,8.191999979317188,4,4,0,1,39,0,0,40,77.429
812,40,0,1,1,58.36800113320351,4,4,0,1,39,0,0,40,77.429
812,40,0,2,1,9.216000325977802,4,4,0,1,39,0,0,40,77.429
812,40,0,3,1,3.0720001086592674,4,4,0,1,39,0,0,40,77.429
813,2,0,0,0,50.175998359918594,4,4,0,0,40,0,0,40,3.02
813,2,0,1,0,89.08800035715103,4,4,0,0,40,0,0,40,3.02
813,2,0,2,0,8.191999979317188,4,4,0,0,40,0,0,40,3.02
813,2,0,3,0,7.168000098317862,4,4,0,0,40,0,0,40,3.02
813,24,0,0,0,8.191999979317188,4,4,0,0,40,0,0,40,3.149
813,24,0,1,0,71.68000191450119,4,4,0,0,40,0,0,40,3.149
813,24,0,2,0,9.216000325977802,4,4,0,0,40,0,0,40,3.149
813,24,0,3,0,4.095999989658594,4,4,0,0,40,0,0,40,3.149
813,40,0,0,1,59.39200147986412,4,4,0,0,40,0,0,40,2.591
813,40,0,1,1,78.84799689054489,4,4,0,0,40,0,0,40,2.591
813,40,0,2,1,9.216000325977802,4,4,0,0,40,0,0,40,2.591
813,40,0,3,1,3.0720001086592674,4,4,0,0,40,0,0,40,2.591
814,2,0,0,0,9.216000325977802,4,4,0,2,38,0,0,40,88.99
814,2,0,1,0,82.94399827718735,4,4,0,2,38,0,0,40,88.99
814,2,0,2,0,9.216000325977802,4,4,0,2,38,0,0,40,88.99
814,2,0,3,0,5.119999870657921,4,4,0,2,38,0,0,40,88.99
814,24,0,0,0,8.191999979317188,4,4,0,0,40,0,0,40,2.0
814,24,0,1,0,72.7040022611618,4,4,0,0,40,0,0,40,2.0
814,24,0,2,0,8.191999979317188,4,4,0,0,40,0,0,40,2.0
814,24,0,3,0,3.0720001086592674,4,4,0,0,40,0,0,40,2.0
814,40,0,0,1,15.359999611973763,4,4,0,1,39,0,0,40,59.32
814,40,0,1,1,64.51199948787689,4,4,0,1,39,0,0,40,59.32
814,40,0,2,1,9.216000325977802,4,4,0,1,39,0,0,40,59.32
814,40,0,3,1,4.095999989658594,4,4,0,1,39,0,0,40,59.32
815,2,0,0,0,9.216000325977802,4,4,0,0,40,0,0,40,2.72
815,2,0,1,0,82.94399827718735,4,4,0,0,40,0,0,40,2.72
815,2,0,2,0,9.216000325977802,4,4,0,0,40,0,0,40,2.72
815,2,0,3,0,5.119999870657921,4,4,0,0,40,0,0,40,2.72
815,24,0,0,0,10.239999741315842,4,4,0,0,40,0,0,40,2.86
815,24,0,1,0,79.8719972372055,4,4,0,0,40,0,0,40,2.86
815,24,0,2,0,9.216000325977802,4,4,0,0,40,0,0,40,2.86
815,24,0,3,0,4.095999989658594,4,4,0,0,40,0,0,40,2.86
815,40,0,0,1,8.191999979317188,4,4,0,1,39,0,0,40,56.119
815,40,0,1,1,97.28000313043594,4,4,0,1,39,0,0,40,56.119
815,40,0,2,1,9.216000325977802,4,4,0,1,39,0,0,40,56.119
815,40,0,3,1,4.095999989658594,4,4,0,1,39,0,0,40,56.119
816,2,0,0,0,9.216000325977802,1,1,0,1,9,0,0,10,55.711
816,2,0,1,0,30.719999223947525,1,1,0,1,9,0,0,10,55.711
816,2,0,2,0,9.216000325977802,1,1,0,1,9,0,0,10,55.711
816,2,0,3,0,5.119999870657921,1,1,0,1,9,0,0,10,55.711
816,24,0,0,0,9.216000325977802,1,1,0,2,8,0,0,10,91.789
816,24,0,1,0,26.623999699950218,1,1,0,2,8,0,0,10,91.789
816,24,0,2,0,9.216000325977802,1,1,0,2,8,0,0,10,91.789
816,24,0,3,0,43.007999658584595,1,1,0,2,8,0,0,10,91.789
816,40,0,0,1,8.191999979317188,1,1,0,0,10,0,0,10,0.81
816,40,0,1,1,34.81600061058998,1,1,0,0,10,0,0,10,0.81
816,40,0,2,1,9.216000325977802,1,1,0,0,10,0,0,10,0.81
816,40,0,3,1,4.095999989658594,1,1,0,0,10,0,0,10,0.81
817,2,0,0,0,8.191999979317188,4,4,0,1,39,0,0,40,84.452
817,2,0,1,0,71.68000191450119,4,4,0,1,39,0,0,40,84.452
817,2,0,2,0,9.216000325977802,4,4,0,1,39,0,0,40,84.452
817,2,0,3,0,5.119999870657921,4,4,0,1,39,0,0,40,84.452
817,24,0,0,0,8.191999979317188,4,4,0,0,40,0,0,40,2.99
817,24,0,1,0,70.65600156784058,4,4,0,0,40,0,0,40,2.99
817,24,0,2,0,9.216000325977802,4,4,0,0,40,0,0,40,2.99
817,24,0,3,0,4.095999989658594,4,4,0,0,40,0,0,40,2.99
817,40,0,0,1,8.191999979317188,4,4,0,0,40,0,0,40,3.271
817,40,0,1,1,89.08800035715103,4,4,0,0,40,0,0,40,3.271
817,40,0,2,1,9.216000325977802,4,4,0,0,40,0,0,40,3.271
817,40,0,3,1,4.095999989658594,4,4,0,0,40,0,0,40,3.271
818,2,0,0,0,8.191999979317188,4,4,0,1,39,0,0,40,52.749
818,2,0,1,0,76.80000364780426,4,4,0,1,39,0,0,40,52.749
818,2,0,2,0,9.216000325977802,4,4,0,1,39,0,0,40,52.749
818,2,0,3,0,5.119999870657921,4,4,0,1,39,0,0,40,52.749
818,24,0,0,0,8.191999979317188,4,4,0,2,38,0,0,40,89.84
818,24,0,1,0,87.0399996638298,4,4,0,2,38,0,0,40,89.84
818,24,0,2,0,9.216000325977802,4,4,0,2,38,0,0,40,89.84
818,24,0,3,0,4.095999989658594,4,4,0,2,38,0,0,40,89.84
818,40,0,0,1,8.191999979317188,4,4,0,0,40,0,0,40,3.38
818,40,0,1,1,93.18400174379349,4,4,0,0,40,0,0,40,3.38
818,40,0,2,1,9.216000325977802,4,4,0,0,40,0,0,40,3.38
818,40,0,3,1,4.095999989658594,4,4,0,0,40,0,0,40,3.38
819,2,0,0,0,8.191999979317188,4,4,0,3,37,0,0,40,96.129
819,2,0,1,0,72.7040022611618,4,4,0,3,37,0,0,40,96.129
819,2,0,2,0,9.216000325977802,4,4,0,3,37,0,0,40,96.129
819,2,0,3,0,5.119999870657921,4,4,0,3,37,0,0,40,96.129
819,24,0,0,0,7.168000098317862,4,4,0,0,40,0,0,40,2.2
819,24,0,1,0,58.36800113320351,4,4,0,0,40,0,0,40,2.2
819,24,0,2,0,9.216000325977802,4,4,0,0,40,0,0,40,2.2
819,24,0,3,0,4.095999989658594,4,4,0,0,40,0,0,40,2.2
819,40,0,0,1,8.191999979317188,4,4,0,0,40,0,0,40,2.269
819,40,0,1,1,79.8719972372055,4,4,0,0,40,0,0,40,2.269
819,40,0,2,1,9.216000325977802,4,4,0,0,40,0,0,40,2.269
819,40,0,3,1,4.095999989658594,4,4,0,0,40,0,0,40,2.269
820,2,0,0,0,9.216000325977802,4,4,0,1,39,0,0,40,53.23
820,2,0,1,0,74.75200295448303,4,4,0,1,39,0,0,40,53.23
820,2,0,2,0,9.216000325977802,4,4,0,1,39,0,0,40,53.23
820,2,0,3,0,5.119999870657921,4,4,0,1,39,0,0,40,53.23
820,24,0,0,0,7.168000098317862,4,4,0,2,38,0,0,40,93.15
820,24,0,1,0,68.60800087451935,4,4,0,2,38,0,0,40,93.15
820,24,0,2,0,9.216000325977802,4,4,0,2,38,0,0,40,93.15
820,24,0,3,0,5.119999870657921,4,4,0,2,38,0,0,40,93.15
820,40,0,0,1,8.191999979317188,4,4,0,1,39,0,0,40,121.85
820,40,0,1,1,65.5359998345375,4,4,0,1,39,0,0,40,121.85
820,40,0,2,1,8.191999979317188,4,4,0,1,39,0,0,40,121.85
820,40,0,3,1,37.88800165057182,4,4,0,1,39,0,0,40,121.85
821,2,0,0,0,8.191999979317188,4,4,0,1,39,0,0,40,54.239
821,2,0,1,0,82.94399827718735,4,4,0,1,39,0,0,40,54.239
821,2,0,2,0,9.216000325977802,4,4,0,1,39,0,0,40,54.239
821,2,0,3,0,5.119999870657921,4,4,0,1,39,0,0,40,54.239
821,24,0,0,0,8.191999979317188,4,4,0,0,40,0,0,40,2.809
821,24,0,1,0,78.84799689054489,4,4,0,0,40,0,0,40,2.809
821,24,0,2,0,9.216000325977802,4,4,0,0,40,0,0,40,2.809
821,24,0,3,0,4.095999989658594,4,4,0,0,40,0,0,40,2.809
821,40,0,0,1,8.191999979317188,4,4,0,1,39,0,0,40,60.39
821,40,0,1,1,91.13600105047226,4,4,0,1,39,0,0,40,60.39
821,40,0,2,1,9.216000325977802,4,4,0,1,39,0,0,40,60.39
821,40,0,3,1,4.095999989658594,4,4,0,1,39,0,0,40,60.39
822,2,0,0,0,9.216000325977802,4,4,0,1,39,0,0,40,53.129
822,2,0,1,0,83.96799862384796,4,4,0,1,39,0,0,40,53.129
822,2,0,2,0,9.216000325977802,4,4,0,1,39,0,0,40,53.129
822,2,0,3,0,5.119999870657921,4,4,0,1,39,0,0,40,53.129
822,24,0,0,0,9.216000325977802,4,4,0,2,38,0,0,40,105.049
822,24,0,1,0,78.84799689054489,4,4,0,2,38,0,0,40,105.049
822,24,0,2,0,9.216000325977802,4,4,0,2,38,0,0,40,105.049
822,24,0,3,0,21.503999829292297,4,4,0,2,38,0,0,40,105.049
822,40,0,0,1,8.191999979317188,4,4,0,0,40,0,0,40,3.18
822,40,0,1,1,81.91999793052673,4,4,0,0,40,0,0,40,3.18
822,40,0,2,1,9.216000325977802,4,4,0,0,40,0,0,40,3.18
822,40,0,3,1,4.095999989658594,4,4,0,0,40,0,0,40,3.18
823,2,0,0,0,15.359999611973763,3,3,0,0,30,0,0,30,2.45
823,2,0,1,0,67.58400052785873,3,3,0,0,30,0,0,30,2.45
823,2,0,2,0,8.191999979317188,3,3,0,0,30,0,0,30,2.45
823,2,0,3,0,5.119999870657921,3,3,0,0,30,0,0,30,2.45
823,24,0,0,0,9.216000325977802,3,3,0,2,28,0,0,30,213.728
823,24,0,1,0,66.56000018119812,3,3,0,2,28,0,0,30,213.728
823,24,0,2,0,9.216000325977802,3,3,0,2,28,0,0,30,213.728
823,24,0,3,0,124.92799758911133,3,3,0,2,28,0,0,30,213.728
823,40,0,0,1,10.239999741315842,3,3,0,0,30,0,0,30,1.92
823,40,0,1,1,70.65600156784058,3,3,0,0,30,0,0,30,1.92
823,40,0,2,1,9.216000325977802,3,3,0,0,30,0,0,30,1.92
823,40,0,3,1,5.119999870657921,3,3,0,0,30,0,0,30,1.92
824,2,0,0,0,14.336000196635723,4,4,0,0,40,0,0,40,3.46
824,2,0,1,0,89.08800035715103,4,4,0,0,40,0,0,40,3.46
824,2,0,2,0,9.216000325977802,4,4,0,0,40,0,0,40,3.46
824,2,0,3,0,6.144000217318535,4,4,0,0,40,0,0,40,3.46
824,24,0,0,0,9.216000325977802,4,4,0,3,37,0,0,40,114.239
824,24,0,1,0,72.7040022611618,4,4,0,3,37,0,0,40,114.239
824,24,0,2,0,9.216000325977802,4,4,0,3,37,0,0,40,114.239
824,24,0,3,0,20.479999482631683,4,4,0,3,37,0,0,40,114.239
824,40,0,0,1,9.216000325977802,4,4,0,0,40,0,0,40,2.76
824,40,0,1,1,62.463998794555664,4,4,0,0,40,0,0,40,2.76
824,40,0,2,1,9.216000325977802,4,4,0,0,40,0,0,40,2.76
824,40,0,3,1,4.095999989658594,4,4,0,0,40,0,0,40,2.76
825,2,0,0,0,8.191999979317188,4,4,0,1,39,0,0,40,58.34
825,2,0,1,0,77.82399654388428,4,4,0,1,39,0,0,40,58.34
825,2,0,2,0,8.191999979317188,4,4,0,1,39,0,0,40,58.34
825,2,0,3,0,5.119999870657921,4,4,0,1,39,0,0,40,58.34
825,24,0,0,0,8.191999979317188,4,4,0,0,40,0,0,40,2.209
825,24,0,1,0,71.68000191450119,4,4,0,0,40,0,0,40,2.209
825,24,0,2,0,8.191999979317188,4,4,0,0,40,0,0,40,2.209
825,24,0,3,0,4.095999989658594,4,4,0,0,40,0,0,40,2.209
825,40,0,0,1,8.191999979317188,4,4,0,0,40,0,0,40,3.31
825,40,0,1,1,78.84799689054489,4,4,0,0,40,0,0,40,3.31
825,40,0,2,1,9.216000325977802,4,4,0,0,40,0,0,40,3.31
825,40,0,3,1,4.095999989658594,4,4,0,0,40,0,0,40,3.31
826,2,0,0,0,8.191999979317188,4,4,0,1,39,0,0,40,61.14
826,2,0,1,0,71.68000191450119,4,4,0,1,39,0,0,40,61.14
826,2,0,2,0,9.216000325977802,4,4,0,1,39,0,0,40,61.14
826,2,0,3,0,5.119999870657921,4,4,0,1,39,0,0,40,61.14
826,24,0,0,0,8.191999979317188,4,4,0,0,40,0,0,40,1.949
826,24,0,1,0,63.48799914121628,4,4,0,0,40,0,0,40,1.949
826,24,0,2,0,9.216000325977802,4,4,0,0,40,0,0,40,1.949
826,24,0,3,0,4.095999989658594,4,4,0,0,40,0,0,40,1.949
826,40,0,0,1,8.191999979317188,4,4,0,0,40,0,0,40,2.93
826,40,0,1,1,75.77600330114365,4,4,0,0,40,0,0,40,2.93
826,40,0,2,1,9.216000325977802,4,4,0,0,40,0,0,40,2.93
826,40,0,3,1,4.095999989658594,4,4,0,0,40,0,0,40,2.93
827,2,0,0,0,8.191999979317188,1,1,0,0,10,0,0,10,0.94
827,2,0,1,0,31.74399957060814,1,1,0,0,10,0,0,10,0.94
827,2,0,2,0,9.216000325977802,1,1,0,0,10,0,0,10,0.94
827,2,0,3,0,5.119999870657921,1,1,0,0,10,0,0,10,0.94
827,24,0,0,0,8.191999979317188,1,1,0,0,10,0,0,10,0.74
827,24,0,1,0,31.74399957060814,1,1,0,0,10,0,0,10,0.74
827,24,0,2,0,9.216000325977802,1,1,0,0,10,0,0,10,0.74
827,24,0,3,0,4.095999989658594,1,1,0,0,10,0,0,10,0.74
827,40,0,0,1,9.216000325977802,1,1,0,0,10,0,0,10,0.67
827,40,0,1,1,34.81600061058998,1,1,0,0,10,0,0,10,0.67
827,40,0,2,1,8.191999979317188,1,1,0,0,10,0,0,10,0.67
827,40,0,3,1,4.095999989658594,1,1,0,0,10,0,0,10,0.67
828,2,0,0,0,9.216000325977802,4,4,0,0,40,0,0,40,3.61
828,2,0,1,0,79.8719972372055,4,4,0,0,40,0,0,40,3.61
828,2,0,2,0,8.191999979317188,4,4,0,0,40,0,0,40,3.61
828,2,0,3,0,5.119999870657921,4,4,0,0,40,0,0,40,3.61
828,24,0,0,0,8.191999979317188,4,4,0,0,40,0,0,40,2.309
828,24,0,1,0,56.32000043988228,4,4,0,0,40,0,0,40,2.309
828,24,0,2,0,9.216000325977802,4,4,0,0,40,0,0,40,2.309
828,24,0,3,0,4.095999989658594,4,4,0,0,40,0,0,40,2.309
828,40,0,0,1,9.216000325977802,4,4,0,0,40,0,0,40,1.86
828,40,0,1,1,53.247999399900436,4,4,0,0,40,0,0,40,1.86
828,40,0,2,1,9.216000325977802,4,4,0,0,40,0,0,40,1.86
828,40,0,3,1,4.095999989658594,4,4,0,0,40,0,0,40,1.86
829,2,0,0,0,9.216000325977802,2,2,0,0,20,0,0,20,1.32
829,2,0,1,0,41.98399931192398,2,2,0,0,20,0,0,20,1.32
829,2,0,2,0,9.216000325977802,2,2,0,0,20,0,0,20,1.32
829,2,0,3,0,5.119999870657921,2,2,0,0,20,0,0,20,1.32
829,24,0,0,0,8.191999979317188,2,2,0,0,20,0,0,20,0.92
829,24,0,1,0,45.05600035190582,2,2,0,0,20,0,0,20,0.92
829,24,0,2,0,8.191999979317188,2,2,0,0,20,0,0,20,0.92
829,24,0,3,0,4.095999989658594,2,2,0,0,20,0,0,20,0.92
829,40,0,0,1,9.216000325977802,2,2,0,0,20,0,0,20,1.309
829,40,0,1,1,41.98399931192398,2,2,0,0,20,0,0,20,1.309
829,40,0,2,1,9.216000325977802,2,2,0,0,20,0,0,20,1.309
829,40,0,3,1,4.095999989658594,2,2,0,0,20,0,0,20,1.309
830,2,0,0,0,10.239999741315842,2,2,0,1,19,0,0,20,69.969
830,2,0,1,0,47.10400104522705,2,2,0,1,19,0,0,20,69.969
830,2,0,2,0,9.216000325977802,2,2,0,1,19,0,0,20,69.969
830,2,0,3,0,5.119999870657921,2,2,0,1,19,0,0,20,69.969
830,24,0,0,0,8.191999979317188,2,2,0,0,20,0,0,20,0.96
830,24,0,1,0,45.05600035190582,2,2,0,0,20,0,0,20,0.96
830,24,0,2,0,8.191999979317188,2,2,0,0,20,0,0,20,0.96
830,24,0,3,0,4.095999989658594,2,2,0,0,20,0,0,20,0.96
830,40,0,0,1,9.216000325977802,2,2,0,0,20,0,0,20,1.14
830,40,0,1,1,41.98399931192398,2,2,0,0,20,0,0,20,1.14
830,40,0,2,1,9.216000325977802,2,2,0,0,20,0,0,20,1.14
830,40,0,3,1,4.095999989658594,2,2,0,0,20,0,0,20,1.14
831,2,0,0,0,9.216000325977802,4,4,0,2,38,0,0,40,91.01
831,2,0,1,0,82.94399827718735,4,4,0,2,38,0,0,40,91.01
831,2,0,2,0,8.191999979317188,4,4,0,2,38,0,0,40,91.01
831,2,0,3,0,6.144000217318535,4,4,0,2,38,0,0,40,91.01
831,24,0,0,0,8.191999979317188,4,4,0,0,40,0,0,40,2.84
831,24,0,1,0,60.416001826524734,4,4,0,0,40,0,0,40,2.84
831,24,0,2,0,9.216000325977802,4,4,0,0,40,0,0,40,2.84
831,24,0,3,0,4.095999989658594,4,4,0,0,40,0,0,40,2.84
831,40,0,0,1,9.216000325977802,4,4,0,0,40,0,0,40,2.54
831,40,0,1,1,74.75200295448303,4,4,0,0,40,0,0,40,2.54
831,40,0,2,1,9.216000325977802,4,4,0,0,40,0,0,40,2.54
831,40,0,3,1,4.095999989658594,4,4,0,0,40,0,0,40,2.54
832,2,0,0,0,14.336000196635723,2,2,0,0,20,0,0,20,1.17
832,2,0,1,0,52.22399905323982,2,2,0,0,20,0,0,20,1.17
832,2,0,2,0,8.191999979317188,2,2,0,0,20,0,0,20,1.17
832,2,0,3,0,5.119999870657921,2,2,0,0,20,0,0,20,1.17
832,24,0,0,0,9.216000325977802,2,2,0,0,20,0,0,20,1.52
832,24,0,1,0,46.08000069856644,2,2,0,0,20,0,0,20,1.52
832,24,0,2,0,8.191999979317188,2,2,0,0,20,0,0,20,1.52
832,24,0,3,0,5.119999870657921,2,2,0,0,20,0,0,20,1.52
832,40,0,0,1,9.216000325977802,2,2,0,0,20,0,0,20,0.62
832,40,0,1,1,43.007999658584595,2,2,0,0,20,0,0,20,0.62
832,40,0,2,1,9.216000325977802,2,2,0,0,20,0,0,20,0.62
832,40,0,3,1,4.095999989658594,2,2,0,0,20,0,0,20,0.62
833,2,0,0,0,8.191999979317188,1,1,0,0,10,0,0,10,0.56
833,2,0,1,0,32.76799991726875,1,1,0,0,10,0,0,10,0.56
833,2,0,2,0,9.216000325977802,1,1,0,0,10,0,0,10,0.56
833,2,0,3,0,4.095999989658594,1,1,0,0,10,0,0,10,0.56
833,24,0,0,0,8.191999979317188,1,1,0,0,10,0,0,10,0.58
833,24,0,1,0,31.74399957060814,1,1,0,0,10,0,0,10,0.58
833,24,0,2,0,9.216000325977802,1,1,0,0,10,0,0,10,0.58
833,24,0,3,0,4.095999989658594,1,1,0,0,10,0,0,10,0.58
833,40,0,0,1,9.216000325977802,1,1,0,0,10,0,0,10,0.33
833,40,0,1,1,34.81600061058998,1,1,0,0,10,0,0,10,0.33
833,40,0,2,1,9.216000325977802,1,1,0,0,10,0,0,10,0.33
833,40,0,3,1,3.0720001086592674,1,1,0,0,10,0,0,10,0.33
834,2,0,0,0,8.191999979317188,1,1,0,0,10,0,0,10,0.629
834,2,0,1,0,31.74399957060814,1,1,0,0,10,0,0,10,0.629
834,2,0,2,0,9.216000325977802,1,1,0,0,10,0,0,10,0.629
834,2,0,3,0,5.119999870657921,1,1,0,0,10,0,0,10,0.629
834,24,0,0,0,8.191999979317188,1,1,0,0,10,0,0,10,0.55
834,24,0,1,0,31.74399957060814,1,1,0,0,10,0,0,10,0.55
834,24,0,2,0,9.216000325977802,1,1,0,0,10,0,0,10,0.55
834,24,0,3,0,5.119999870657921,1,1,0,0,10,0,0,10,0.55
834,40,0,0,1,9.216000325977802,1,1,0,0,10,0,0,10,0.27
834,40,0,1,1,34.81600061058998,1,1,0,0,10,0,0,10,0.27
834,40,0,2,1,9.216000325977802,1,1,0,0,10,0,0,10,0.27
834,40,0,3,1,4.095999989658594,1,1,0,0,10,0,0,10,0.27
835,2,0,0,0,9.216000325977802,4,4,0,0,40,0,0,40,2.791
835,2,0,1,0,76.80000364780426,4,4,0,0,40,0,0,40,2.791
835,2,0,2,0,9.216000325977802,4,4,0,0,40,0,0,40,2.791
835,2,0,3,0,6.144000217318535,4,4,0,0,40,0,0,40,2.791
835,24,0,0,0,8.191999979317188,4,4,0,0,40,0,0,40,2.51
835,24,0,1,0,55.296000093221664,4,4,0,0,40,0,0,40,2.51
835,24,0,2,0,8.191999979317188,4,4,0,0,40,0,0,40,2.51
835,24,0,3,0,4.095999989658594,4,4,0,0,40,0,0,40,2.51
835,40,0,0,1,9.216000325977802,4,4,0,0,40,0,0,40,1.85
835,40,0,1,1,55.296000093221664,4,4,0,0,40,0,0,40,1.85
835,40,0,2,1,9.216000325977802,4,4,0,0,40,0,0,40,1.85
835,40,0,3,1,4.095999989658594,4,4,0,0,40,0,0,40,1.85
836,2,0,0,0,9.216000325977802,1,1,0,0,10,0,0,10,0.58
836,2,0,1,0,32.76799991726875,1,1,0,0,10,0,0,10,0.58
836,2,0,2,0,8.191999979317188,1,1,0,0,10,0,0,10,0.58
836,2,0,3,0,6.144000217318535,1,1,0,0,10,0,0,10,0.58
836,24,0,0,0,8.191999979317188,1,1,0,0,10,0,0,10,0.42
836,24,0,1,0,31.74399957060814,1,1,0,0,10,0,0,10,0.42
836,24,0,2,0,8.191999979317188,1,1,0,0,10,0,0,10,0.42
836,24,0,3,0,4.095999989658594,1,1,0,0,10,0,0,10,0.42
836,40,0,0,1,9.216000325977802,1,1,0,0,10,0,0,10,0.36
836,40,0,1,1,35.840000957250595,1,1,0,0,10,0,0,10,0.36
836,40,0,2,1,8.191999979317188,1,1,0,0,10,0,0,10,0.36
836,40,0,3,1,4.095999989658594,1,1,0,0,10,0,0,10,0.36
837,2,0,0,0,11.264000087976456,2,2,0,0,20,0,0,20,1.02
837,2,0,1,0,50.175998359918594,2,2,0,0,20,0,0,20,1.02
837,2,0,2,0,9.216000325977802,2,2,0,0,20,0,0,20,1.02
837,2,0,3,0,5.119999870657921,2,2,0,0,20,0,0,20,1.02
837,24,0,0,0,8.191999979317188,2,2,0,0,20,0,0,20,0.69
837,24,0,1,0,38.91199827194214,2,2,0,0,20,0,0,20,0.69
837,24,0,2,0,9.216000325977802,2,2,0,0,20,0,0,20,0.69
837,24,0,3,0,5.119999870657921,2,2,0,0,20,0,0,20,0.69
837,40,0,0,1,8.191999979317188,2,2,0,0,20,0,0,20,0.71
837,40,0,1,1,46.08000069856644,2,2,0,0,20,0,0,20,0.71
837,40,0,2,1,9.216000325977802,2,2,0,0,20,0,0,20,0.71
837,40,0,3,1,4.095999989658594,2,2,0,0,20,0,0,20,0.71
838,2,0,0,0,9.216000325977802,1,1,0,0,10,0,0,10,0.5
838,2,0,1,0,31.74399957060814,1,1,0,0,10,0,0,10,0.5
838,2,0,2,0,9.216000325977802,1,1,0,0,10,0,0,10,0.5
838,2,0,3,0,4.095999989658594,1,1,0,0,10,0,0,10,0.5
838,24,0,0,0,7.168000098317862,1,1,0,0,10,0,0,10,0.35
838,24,0,1,0,31.74399957060814,1,1,0,0,10,0,0,10,0.35
838,24,0,2,0,8.191999979317188,1,1,0,0,10,0,0,10,0.35
838,24,0,3,0,3.0720001086592674,1,1,0,0,10,0,0,10,0.35
838,40,0,0,1,8.191999979317188,1,1,0,0,10,0,0,10,0.26
838,40,0,1,1,35.840000957250595,1,1,0,0,10,0,0,10,0.26
838,40,0,2,1,8.191999979317188,1,1,0,0,10,0,0,10,0.26
838,40,0,3,1,4.095999989658594,1,1,0,0,10,0,0,10,0.26
839,2,0,0,0,9.216000325977802,4,4,0,0,40,0,0,40,2.189
839,2,0,1,0,83.96799862384796,4,4,0,0,40,0,0,40,2.189
839,2,0,2,0,9.216000325977802,4,4,0,0,40,0,0,40,2.189
839,2,0,3,0,6.144000217318535,4,4,0,0,40,0,0,40,2.189
839,24,0,0,0,8.191999979317188,4,4,0,0,40,0,0,40,1.86
839,24,0,1,0,70.65600156784058,4,4,0,0,40,0,0,40,1.86
839,24,0,2,0,9.216000325977802,4,4,0,0,40,0,0,40,1.86
839,24,0,3,0,4.095999989658594,4,4,0,0,40,0,0,40,1.86
839,40,0,0,1,8.191999979317188,4,4,0,0,40,0,0,40,1.529
839,40,0,1,1,72.7040022611618,4,4,0,0,40,0,0,40,1.529
839,40,0,2,1,9.216000325977802,4,4,0,0,40,0,0,40,1.529
839,40,0,3,1,5.119999870657921,4,4,0,0,40,0,0,40,1.529
840,2,0,0,0,9.216000325977802,4,4,0,0,40,0,0,40,2.54
840,2,0,1,0,77.82399654388428,4,4,0,0,40,0,0,40,2.54
840,2,0,2,0,9.216000325977802,4,4,0,0,40,0,0,40,2.54
840,2,0,3,0,5.119999870657921,4,4,0,0,40,0,0,40,2.54
840,24,0,0,0,7.168000098317862,4,4,0,0,40,0,0,40,1.56
840,24,0,1,0,66.56000018119812,4,4,0,0,40,0,0,40,1.56
840,24,0,2,0,8.191999979317188,4,4,0,0,40,0,0,40,1.56
840,24,0,3,0,3.0720001086592674,4,4,0,0,40,0,0,40,1.56
840,40,0,0,1,8.191999979317188,4,4,0,0,40,0,0,40,1.54
840,40,0,1,1,63.48799914121628,4,4,0,0,40,0,0,40,1.54
840,40,0,2,1,9.216000325977802,4,4,0,0,40,0,0,40,1.54
840,40,0,3,1,3.0720001086592674,4,4,0,0,40,0,0,40,1.54
841,2,0,0,0,8.191999979317188,4,4,0,2,38,0,0,40,96.779
841,2,0,1,0,80.89599758386612,4,4,0,2,38,0,0,40,96.779
841,2,0,2,0,9.216000325977802,4,4,0,2,38,0,0,40,96.779
841,2,0,3,0,6.144000217318535,4,4,0,2,38,0,0,40,96.779
841,24,0,0,0,8.191999979317188,4,4,0,0,40,0,0,40,2.05
841,24,0,1,0,65.5359998345375,4,4,0,0,40,0,0,40,2.05
841,24,0,2,0,8.191999979317188,4,4,0,0,40,0,0,40,2.05
841,24,0,3,0,4.095999989658594,4,4,0,0,40,0,0,40,2.05
841,40,0,0,1,9.216000325977802,4,4,0,2,38,0,0,40,63.35
841,40,0,1,1,59.39200147986412,4,4,0,2,38,0,0,40,63.35
841,40,0,2,1,9.216000325977802,4,4,0,2,38,0,0,40,63.35
841,40,0,3,1,4.095999989658594,4,4,0,2,38,0,0,40,63.35
842,2,0,0,0,9.216000325977802,4,4,0,5,34,1,0,40,212.159
842,2,0,1,0,78.84799689054489,4,4,0,5,34,1,0,40,212.159
842,2,0,2,0,163.83999586105347,4,4,0,5,34,1,0,40,212.159
842,2,0,3,0,6.144000217318535,4,4,0,5,34,1,0,40,212.159
842,24,0,0,0,8.191999979317188,4,4,0,0,40,0,0,40,2.12
842,24,0,1,0,58.36800113320351,4,4,0,0,40,0,0,40,2.12
842,24,0,2,0,9.216000325977802,4,4,0,0,40,0,0,40,2.12
842,24,0,3,0,4.095999989658594,4,4,0,0,40,0,0,40,2.12
842,40,0,0,1,9.216000325977802,4,4,0,0,40,0,0,40,1.69
842,40,0,1,1,57.34400078654289,4,4,0,0,40,0,0,40,1.69
842,40,0,2,1,9.216000325977802,4,4,0,0,40,0,0,40,1.69
842,40,0,3,1,4.095999989658594,4,4,0,0,40,0,0,40,1.69
843,2,0,0,0,9.216000325977802,4,4,0,1,39,0,0,40,53.03
843,2,0,1,0,78.84799689054489,4,4,0,1,39,0,0,40,53.03
843,2,0,2,0,8.191999979317188,4,4,0,1,39,0,0,40,53.03
843,2,0,3,0,5.119999870657921,4,4,0,1,39,0,0,40,53.03
843,24,0,0,0,8.191999979317188,4,4,0,0,40,0,0,40,2.051
843,24,0,1,0,50.175998359918594,4,4,0,0,40,0,0,40,2.051
843,24,0,2,0,8.191999979317188,4,4,0,0,40,0,0,40,2.051
843,24,0,3,0,4.095999989658594,4,4,0,0,40,0,0,40,2.051
843,40,0,0,1,8.191999979317188,4,4,0,0,40,0,0,40,2.06
843,40,0,1,1,60.416001826524734,4,4,0,0,40,0,0,40,2.06
843,40,0,2,1,9.216000325977802,4,4,0,0,40,0,0,40,2.06
843,40,0,3,1,4.095999989658594,4,4,0,0,40,0,0,40,2.06
844,2,0,0,0,9.216000325977802,4,4,0,3,36,1,0,40,126.569
844,2,0,1,0,76.80000364780426,4,4,0,3,36,1,0,40,126.569
844,2,0,2,0,171.00800573825836,4,4,0,3,36,1,0,40,126.569
844,2,0,3,0,6.144000217318535,4,4,0,3,36,1,0,40,126.569
844,24,0,0,0,8.191999979317188,4,4,0,0,40,0,0,40,3.62
844,24,0,1,0,56.32000043988228,4,4,0,0,40,0,0,40,3.62
844,24,0,2,0,8.191999979317188,4,4,0,0,40,0,0,40,3.62
844,24,0,3,0,4.095999989658594,4,4,0,0,40,0,0,40,3.62
844,40,0,0,1,8.191999979317188,4,4,0,0,40,0,0,40,1.65
844,40,0,1,1,58.36800113320351,4,4,0,0,40,0,0,40,1.65
844,40,0,2,1,9.216000325977802,4,4,0,0,40,0,0,40,1.65
844,40,0,3,1,4.095999989658594,4,4,0,0,40,0,0,40,1.65
845,2,0,0,0,10.239999741315842,4,4,0,0,40,0,0,40,3.031
845,2,0,1,0,83.96799862384796,4,4,0,0,40,0,0,40,3.031
845,2,0,2,0,8.191999979317188,4,4,0,0,40,0,0,40,3.031
845,2,0,3,0,5.119999870657921,4,4,0,0,40,0,0,40,3.031
845,24,0,0,0,8.191999979317188,4,4,0,0,40,0,0,40,1.63
845,24,0,1,0,58.36800113320351,4,4,0,0,40,0,0,40,1.63
845,24,0,2,0,9.216000325977802,4,4,0,0,40,0,0,40,1.63
845,24,0,3,0,4.095999989658594,4,4,0,0,40,0,0,40,1.63
845,40,0,0,1,8.191999979317188,4,4,0,0,40,0,0,40,1.67
845,40,0,1,1,60.416001826524734,4,4,0,0,40,0,0,40,1.67
845,40,0,2,1,9.216000325977802,4,4,0,0,40,0,0,40,1.67
845,40,0,3,1,4.095999989658594,4,4,0,0,40,0,0,40,1.67
846,2,0,0,0,8.191999979317188,2,2,0,0,20,0,0,20,1.38
846,2,0,1,0,47.10400104522705,2,2,0,0,20,0,0,20,1.38
846,2,0,2,0,9.216000325977802,2,2,0,0,20,0,0,20,1.38
846,2,0,3,0,5.119999870657921,2,2,0,0,20,0,0,20,1.38
846,24,0,0,0,8.191999979317188,2,2,0,0,20,0,0,20,1.09
846,24,0,1,0,47.10400104522705,2,2,0,0,20,0,0,20,1.09
846,24,0,2,0,8.191999979317188,2,2,0,0,20,0,0,20,1.09
846,24,0,3,0,4.095999989658594,2,2,0,0,20,0,0,20,1.09
846,40,0,0,1,9.216000325977802,2,2,0,0,20,0,0,20,0.84
846,40,0,1,1,48.128001391887665,2,2,0,0,20,0,0,20,0.84
846,40,0,2,1,9.216000325977802,2,2,0,0,20,0,0,20,0.84
846,40,0,3,1,4.095999989658594,2,2,0,0,20,0,0,20,0.84
847,2,0,0,0,9.216000325977802,1,1,0,0,10,0,0,10,0.7
847,2,0,1,0,32.76799991726875,1,1,0,0,10,0,0,10,0.7
847,2,0,2,0,9.216000325977802,1,1,0,0,10,0,0,10,0.7
847,2,0,3,0,4.095999989658594,1,1,0,0,10,0,0,10,0.7
847,24,0,0,0,8.191999979317188,1,1,0,0,10,0,0,10,0.5
847,24,0,1,0,31.74399957060814,1,1,0,0,10,0,0,10,0.5
847,24,0,2,0,9.216000325977802,1,1,0,0,10,0,0,10,0.5
847,24,0,3,0,4.095999989658594,1,1,0,0,10,0,0,10,0.5
847,40,0,0,1,9.216000325977802,1,1,0,0,10,0,0,10,0.44
847,40,0,1,1,34.81600061058998,1,1,0,0,10,0,0,10,0.44
847,40,0,2,1,8.191999979317188,1,1,0,0,10,0,0,10,0.44
847,40,0,3,1,4.095999989658594,1,1,0,0,10,0,0,10,0.44
848,2,0,0,0,8.191999979317188,4,4,0,3,37,0,0,40,137.399
848,2,0,1,0,74.75200295448303,4,4,0,3,37,0,0,40,137.399
848,2,0,2,0,9.216000325977802,4,4,0,3,37,0,0,40,137.399
848,2,0,3,0,40.95999896526337,4,4,0,3,37,0,0,40,137.399
848,24,0,0,0,8.191999979317188,4,4,0,0,40,0,0,40,2.14
848,24,0,1,0,56.32000043988228,4,4,0,0,40,0,0,40,2.14
848,24,0,2,0,9.216000325977802,4,4,0,0,40,0,0,40,2.14
848,24,0,3,0,4.095999989658594,4,4,0,0,40,0,0,40,2.14
848,40,0,0,1,8.191999979317188,4,4,0,0,40,0,0,40,1.42
848,40,0,1,1,66.56000018119812,4,4,0,0,40,0,0,40,1.42
848,40,0,2,1,9.216000325977802,4,4,0,0,40,0,0,40,1.42
848,40,0,3,1,4.095999989658594,4,4,0,0,40,0,0,40,1.42
849,2,0,0,0,9.216000325977802,4,4,0,2,38,0,0,40,75.109
849,2,0,1,0,80.89599758386612,4,4,0,2,38,0,0,40,75.109
849,2,0,2,0,9.216000325977802,4,4,0,2,38,0,0,40,75.109
849,2,0,3,0,5.119999870657921,4,4,0,2,38,0,0,40,75.109
849,24,0,0,0,8.191999979317188,4,4,0,0,40,0,0,40,1.87
849,24,0,1,0,63.48799914121628,4,4,0,0,40,0,0,40,1.87
849,24,0,2,0,9.216000325977802,4,4,0,0,40,0,0,40,1.87
849,24,0,3,0,4.095999989658594,4,4,0,0,40,0,0,40,1.87
849,40,0,0,1,8.191999979317188,4,4,0,0,40,0,0,40,1.92
849,40,0,1,1,63.48799914121628,4,4,0,0,40,0,0,40,1.92
849,40,0,2,1,9.216000325977802,4,4,0,0,40,0,0,40,1.92
849,40,0,3,1,4.095999989658594,4,4,0,0,40,0,0,40,1.92
850,2,0,0,0,9.216000325977802,4,4,0,0,40,0,0,40,2.33
850,2,0,1,0,74.75200295448303,4,4,0,0,40,0,0,40,2.33
850,2,0,2,0,9.216000325977802,4,4,0,0,40,0,0,40,2.33
850,2,0,3,0,8.191999979317188,4,4,0,0,40,0,0,40,2.33
850,24,0,0,0,8.191999979317188,4,4,0,0,40,0,0,40,2.291
850,24,0,1,0,61.43999844789505,4,4,0,0,40,0,0,40,2.291
850,24,0,2,0,9.216000325977802,4,4,0,0,40,0,0,40,2.291
850,24,0,3,0,4.095999989658594,4,4,0,0,40,0,0,40,2.291
850,40,0,0,1,8.191999979317188,4,4,0,0,40,0,0,40,1.32
850,40,0,1,1,53.247999399900436,4,4,0,0,40,0,0,40,1.32
850,40,0,2,1,9.216000325977802,4,4,0,0,40,0,0,40,1.32
850,40,0,3,1,4.095999989658594,4,4,0,0,40,0,0,40,1.32
851,2,0,0,0,9.216000325977802,2,2,0,0,20,0,0,20,1.391
851,2,0,1,0,44.03200000524521,2,2,0,0,20,0,0,20,1.391
851,2,0,2,0,8.191999979317188,2,2,0,0,20,0,0,20,1.391
851,2,0,3,0,6.144000217318535,2,2,0,0,20,0,0,20,1.391
851,24,0,0,0,7.168000098317862,2,2,0,0,20,0,0,20,0.969
851,24,0,1,0,41.98399931192398,2,2,0,0,20,0,0,20,0.969
851,24,0,2,0,8.191999979317188,2,2,0,0,20,0,0,20,0.969
851,24,0,3,0,5.119999870657921,2,2,0,0,20,0,0,20,0.969
851,40,0,0,1,8.191999979317188,2,2,0,0,20,0,0,20,0.76
851,40,0,1,1,48.128001391887665,2,2,0,0,20,0,0,20,0.76
851,40,0,2,1,10.239999741315842,2,2,0,0,20,0,0,20,0.76
851,40,0,3,1,4.095999989658594,2,2,0,0,20,0,0,20,0.76
852,2,0,0,0,9.216000325977802,3,3,0,0,30,0,0,30,2.26
852,2,0,1,0,64.51199948787689,3,3,0,0,30,0,0,30,2.26
852,2,0,2,0,8.191999979317188,3,3,0,0,30,0,0,30,2.26
852,2,0,3,0,5.119999870657921,3,3,0,0,30,0,0,30,2.26
852,24,0,0,0,62.463998794555664,3,3,0,0,30,0,0,30,1.629
852,24,0,1,0,54.27199974656105,3,3,0,0,30,0,0,30,1.629
852,24,0,2,0,9.216000325977802,3,3,0,0,30,0,0,30,1.629
852,24,0,3,0,3.0720001086592674,3,3,0,0,30,0,0,30,1.629
852,40,0,0,1,8.191999979317188,3,3,0,0,30,0,0,30,1.4
852,40,0,1,1,48.128001391887665,3,3,0,0,30,0,0,30,1.4
852,40,0,2,1,9.216000325977802,3,3,0,0,30,0,0,30,1.4
852,40,0,3,1,4.095999989658594,3,3,0,0,30,0,0,30,1.4
853,2,0,0,0,55.296000093221664,4,4,0,2,38,0,0,40,57.651
853,2,0,1,0,79.8719972372055,4,4,0,2,38,0,0,40,57.651
853,2,0,2,0,9.216000325977802,4,4,0,2,38,0,0,40,57.651
853,2,0,3,0,5.119999870657921,4,4,0,2,38,0,0,40,57.651
853,24,0,0,0,116.73600226640701,4,4,0,2,38,0,0,40,62.009
853,24,0,1,0,71.68000191450119,4,4,0,2,38,0,0,40,62.009
853,24,0,2,0,9.216000325977802,4,4,0,2,38,0,0,40,62.009
853,24,0,3,0,4.095999989658594,4,4,0,2,38,0,0,40,62.009
853,40,0,0,1,223.23200106620789,4,4,0,0,40,0,0,40,1.94
853,40,0,1,1,67.58400052785873,4,4,0,0,40,0,0,40,1.94
853,40,0,2,1,9.216000325977802,4,4,0,0,40,0,0,40,1.94
853,40,0,3,1,4.095999989658594,4,4,0,0,40,0,0,40,1.94
854,2,0,0,0,14.336000196635723,2,2,0,0,20,0,0,20,1.21
854,2,0,1,0,50.175998359918594,2,2,0,0,20,0,0,20,1.21
854,2,0,2,0,9.216000325977802,2,2,0,0,20,0,0,20,1.21
854,2,0,3,0,5.119999870657921,2,2,0,0,20,0,0,20,1.21
854,24,0,0,0,12.28800043463707,2,2,0,0,20,0,0,20,1.4
854,24,0,1,0,48.128001391887665,2,2,0,0,20,0,0,20,1.4
854,24,0,2,0,8.191999979317188,2,2,0,0,20,0,0,20,1.4
854,24,0,3,0,4.095999989658594,2,2,0,0,20,0,0,20,1.4
854,40,0,0,1,8.191999979317188,2,2,0,0,20,0,0,20,1.85
854,40,0,1,1,45.05600035190582,2,2,0,0,20,0,0,20,1.85
854,40,0,2,1,9.216000325977802,2,2,0,0,20,0,0,20,1.85
854,40,0,3,1,3.0720001086592674,2,2,0,0,20,0,0,20,1.85
855,2,0,0,0,9.216000325977802,2,2,0,0,20,0,0,20,1.369
855,2,0,1,0,51.19999870657921,2,2,0,0,20,0,0,20,1.369
855,2,0,2,0,8.191999979317188,2,2,0,0,20,0,0,20,1.369
855,2,0,3,0,6.144000217318535,2,2,0,0,20,0,0,20,1.369
855,24,0,0,0,8.191999979317188,2,2,0,0,20,0,0,20,1.149
855,24,0,1,0,45.05600035190582,2,2,0,0,20,0,0,20,1.149
855,24,0,2,0,9.216000325977802,2,2,0,0,20,0,0,20,1.149
855,24,0,3,0,4.095999989658594,2,2,0,0,20,0,0,20,1.149
855,40,0,0,1,9.216000325977802,2,2,0,2,18,0,0,20,207.84
855,40,0,1,1,40.95999896526337,2,2,0,2,18,0,0,20,207.84
855,40,0,2,1,9.216000325977802,2,2,0,2,18,0,0,20,207.84
855,40,0,3,1,149.50400590896606,2,2,0,2,18,0,0,20,207.84
856,2,0,0,0,9.216000325977802,4,4,0,1,39,0,0,40,108.79
856,2,0,1,0,75.77600330114365,4,4,0,1,39,0,0,40,108.79
856,2,0,2,0,9.216000325977802,4,4,0,1,39,0,0,40,108.79
856,2,0,3,0,12.28800043463707,4,4,0,1,39,0,0,40,108.79
856,24,0,0,0,8.191999979317188,4,4,0,0,40,0,0,40,1.991
856,24,0,1,0,72.7040022611618,4,4,0,0,40,0,0,40,1.991
856,24,0,2,0,9.216000325977802,4,4,0,0,40,0,0,40,1.991
856,24,0,3,0,4.095999989658594,4,4,0,0,40,0,0,40,1.991
856,40,0,0,1,8.191999979317188,4,4,0,2,38,0,0,40,94.269
856,40,0,1,1,74.75200295448303,4,4,0,2,38,0,0,40,94.269
856,40,0,2,1,9.216000325977802,4,4,0,2,38,0,0,40,94.269
856,40,0,3,1,4.095999989658594,4,4,0,2,38,0,0,40,94.269
857,2,0,0,0,9.216000325977802,4,4,0,0,40,0,0,40,2.11
857,2,0,1,0,65.5359998345375,4,4,0,0,40,0,0,40,2.11
857,2,0,2,0,8.191999979317188,4,4,0,0,40,0,0,40,2.11
857,2,0,3,0,5.119999870657921,4,4,0,0,40,0,0,40,2.11
857,24,0,0,0,8.191999979317188,4,4,0,0,40,0,0,40,1.471
857,24,0,1,0,58.36800113320351,4,4,0,0,40,0,0,40,1.471
857,24,0,2,0,9.216000325977802,4,4,0,0,40,0,0,40,1.471
857,24,0,3,0,4.095999989658594,4,4,0,0,40,0,0,40,1.471
857,40,0,0,1,9.216000325977802,4,4,0,0,40,0,0,40,2.331
857,40,0,1,1,81.91999793052673,4,4,0,0,40,0,0,40,2.331
857,40,0,2,1,9.216000325977802,4,4,0,0,40,0,0,40,2.331
857,40,0,3,1,4.095999989658594,4,4,0,0,40,0,0,40,2.331
858,2,0,0,0,8.191999979317188,4,4,0,0,40,0,0,40,2.22
858,2,0,1,0,78.84799689054489,4,4,0,0,40,0,0,40,2.22
858,2,0,2,0,9.216000325977802,4,4,0,0,40,0,0,40,2.22
858,2,0,3,0,5.119999870657921,4,4,0,0,40,0,0,40,2.22
858,24,0,0,0,8.191999979317188,4,4,0,0,40,0,0,40,2.109
858,24,0,1,0,56.32000043988228,4,4,0,0,40,0,0,40,2.109
858,24,0,2,0,9.216000325977802,4,4,0,0,40,0,0,40,2.109
858,24,0,3,0,4.095999989658594,4,4,0,0,40,0,0,40,2.109
858,40,0,0,1,8.191999979317188,4,4,0,1,39,0,0,40,48.45
858,40,0,1,1,86.01599931716919,4,4,0,1,39,0,0,40,48.45
858,40,0,2,1,9.216000325977802,4,4,0,1,39,0,0,40,48.45
858,40,0,3,1,4.095999989658594,4,4,0,1,39,0,0,40,48.45
859,2,0,0,0,9.216000325977802,4,4,0,0,40,0,0,40,2.54
859,2,0,1,0,88.06400001049042,4,4,0,0,40,0,0,40,2.54
859,2,0,2,0,9.216000325977802,4,4,0,0,40,0,0,40,2.54
859,2,0,3,0,5.119999870657921,4,4,0,0,40,0,0,40,2.54
859,24,0,0,0,9.216000325977802,4,4,0,0,40,0,0,40,1.61
859,24,0,1,0,57.34400078654289,4,4,0,0,40,0,0,40,1.61
859,24,0,2,0,9.216000325977802,4,4,0,0,40,0,0,40,1.61
859,24,0,3,0,4.095999989658594,4,4,0,0,40,0,0,40,1.61
859,40,0,0,1,9.216000325977802,4,4,0,0,40,0,0,40,1.43
859,40,0,1,1,66.56000018119812,4,4,0,0,40,0,0,40,1.43
859,40,0,2,1,9.216000325977802,4,4,0,0,40,0,0,40,1.43
859,40,0,3,1,4.095999989658594,4,4,0,0,40,0,0,40,1.43
860,2,0,0,0,33.79200026392937,2,2,0,0,20,0,0,20,1.31
860,2,0,1,0,53.247999399900436,2,2,0,0,20,0,0,20,1.31
860,2,0,2,0,9.216000325977802,2,2,0,0,20,0,0,20,1.31
860,2,0,3,0,5.119999870657921,2,2,0,0,20,0,0,20,1.31
860,24,0,0,0,9.216000325977802,2,2,0,0,20,0,0,20,0.8
860,24,0,1,0,46.08000069856644,2,2,0,0,20,0,0,20,0.8
860,24,0,2,0,9.216000325977802,2,2,0,0,20,0,0,20,0.8
860,24,0,3,0,4.095999989658594,2,2,0,0,20,0,0,20,0.8
860,40,0,0,1,9.216000325977802,2,2,0,0,20,0,0,20,0.76
860,40,0,1,1,38.91199827194214,2,2,0,0,20,0,0,20,0.76
860,40,0,2,1,9.216000325977802,2,2,0,0,20,0,0,20,0.76
860,40,0,3,1,4.095999989658594,2,2,0,0,20,0,0,20,0.76
861,2,0,0,0,9.216000325977802,2,2,0,0,20,0,0,20,1.25
861,2,0,1,0,44.03200000524521,2,2,0,0,20,0,0,20,1.25
861,2,0,2,0,8.191999979317188,2,2,0,0,20,0,0,20,1.25
861,2,0,3,0,6.144000217318535,2,2,0,0,20,0,0,20,1.25
861,24,0,0,0,9.216000325977802,2,2,0,0,20,0,0,20,0.78
861,24,0,1,0,45.05600035190582,2,2,0,0,20,0,0,20,0.78
861,24,0,2,0,9.216000325977802,2,2,0,0,20,0,0,20,0.78
861,24,0,3,0,4.095999989658594,2,2,0,0,20,0,0,20,0.78
861,40,0,0,1,9.216000325977802,2,2,0,0,20,0,0,20,1.049
861,40,0,1,1,49.15200173854828,2,2,0,0,20,0,0,20,1.049
861,40,0,2,1,10.239999741315842,2,2,0,0,20,0,0,20,1.049
861,40,0,3,1,4.095999989658594,2,2,0,0,20,0,0,20,1.049
862,2,0,0,0,53.247999399900436,1,1,0,0,10,0,0,10,0.93
862,2,0,1,0,31.74399957060814,1,1,0,0,10,0,0,10,0.93
862,2,0,2,0,8.191999979317188,1,1,0,0,10,0,0,10,0.93
862,2,0,3,0,5.119999870657921,1,1,0,0,10,0,0,10,0.93
862,24,0,0,0,8.191999979317188,1,1,0,0,10,0,0,10,0.74
862,24,0,1,0,32.76799991726875,1,1,0,0,10,0,0,10,0.74
862,24,0,2,0,9.216000325977802,1,1,0,0,10,0,0,10,0.74
862,24,0,3,0,4.095999989658594,1,1,0,0,10,0,0,10,0.74
862,40,0,0,1,9.216000325977802,1,1,0,0,10,0,0,10,0.71
862,40,0,1,1,34.81600061058998,1,1,0,0,10,0,0,10,0.71
862,40,0,2,1,8.191999979317188,1,1,0,0,10,0,0,10,0.71
862,40,0,3,1,4.095999989658594,1,1,0,0,10,0,0,10,0.71
863,2,0,0,0,14.336000196635723,4,4,0,0,40,0,0,40,2.29
863,2,0,1,0,74.75200295448303,4,4,0,0,40,0,0,40,2.29
863,2,0,2,0,9.216000325977802,4,4,0,0,40,0,0,40,2.29
863,2,0,3,0,6.144000217318535,4,4,0,0,40,0,0,40,2.29
863,24,0,0,0,65.5359998345375,4,4,0,0,40,0,0,40,1.8
863,24,0,1,0,79.8719972372055,4,4,0,0,40,0,0,40,1.8
863,24,0,2,0,9.216000325977802,4,4,0,0,40,0,0,40,1.8
863,24,0,3,0,4.095999989658594,4,4,0,0,40,0,0,40,1.8
863,40,0,0,1,15.359999611973763,4,4,0,4,36,0,0,40,111.75
863,40,0,1,1,79.8719972372055,4,4,0,4,36,0,0,40,111.75
863,40,0,2,1,9.216000325977802,4,4,0,4,36,0,0,40,111.75
863,40,0,3,1,14.336000196635723,4,4,0,4,36,0,0,40,111.75
864,2,0,0,0,8.191999979317188,4,4,0,0,40,0,0,40,2.569
864,2,0,1,0,78.84799689054489,4,4,0,0,40,0,0,40,2.569
864,2,0,2,0,9.216000325977802,4,4,0,0,40,0,0,40,2.569
864,2,0,3,0,5.119999870657921,4,4,0,0,40,0,0,40,2.569
864,24,0,0,0,8.191999979317188,4,4,0,0,40,0,0,40,1.87
864,24,0,1,0,69.63200122117996,4,4,0,0,40,0,0,40,1.87
864,24,0,2,0,9.216000325977802,4,4,0,0,40,0,0,40,1.87
864,24,0,3,0,4.095999989658594,4,4,0,0,40,0,0,40,1.87
864,40,0,0,1,9.216000325977802,4,4,0,0,40,0,0,40,1.731
864,40,0,1,1,81.91999793052673,4,4,0,0,40,0,0,40,1.731
864,40,0,2,1,9.216000325977802,4,4,0,0,40,0,0,40,1.731
864,40,0,3,1,4.095999989658594,4,4,0,0,40,0,0,40,1.731
865,2,0,0,0,9.216000325977802,4,4,0,0,40,0,0,40,2.28
865,2,0,1,0,87.0399996638298,4,4,0,0,40,0,0,40,2.28
865,2,0,2,0,9.216000325977802,4,4,0,0,40,0,0,40,2.28
865,2,0,3,0,5.119999870657921,4,4,0,0,40,0,0,40,2.28
865,24,0,0,0,8.191999979317188,4,4,0,0,40,0,0,40,2.28
865,24,0,1,0,71.68000191450119,4,4,0,0,40,0,0,40,2.28
865,24,0,2,0,9.216000325977802,4,4,0,0,40,0,0,40,2.28
865,24,0,3,0,4.095999989658594,4,4,0,0,40,0,0,40,2.28
865,40,0,0,1,14.336000196635723,4,4,0,0,40,0,0,40,2.12
865,40,0,1,1,68.60800087451935,4,4,0,0,40,0,0,40,2.12
865,40,0,2,1,9.216000325977802,4,4,0,0,40,0,0,40,2.12
865,40,0,3,1,4.095999989658594,4,4,0,0,40,0,0,40,2.12
866,2,0,0,0,9.216000325977802,3,3,0,0,30,0,0,30,1.33
866,2,0,1,0,73.72800260782242,3,3,0,0,30,0,0,30,1.33
866,2,0,2,0,9.216000325977802,3,3,0,0,30,0,0,30,1.33
866,2,0,3,0,4.095999989658594,3,3,0,0,30,0,0,30,1.33
866,24,0,0,0,8.191999979317188,3,3,0,0,30,0,0,30,1.151
866,24,0,1,0,65.5359998345375,3,3,0,0,30,0,0,30,1.151
866,24,0,2,0,9.216000325977802,3,3,0,0,30,0,0,30,1.151
866,24,0,3,0,4.095999989658594,3,3,0,0,30,0,0,30,1.151
866,40,0,0,1,10.239999741315842,3,3,0,0,30,0,0,30,1.069
866,40,0,1,1,68.60800087451935,3,3,0,0,30,0,0,30,1.069
866,40,0,2,1,9.216000325977802,3,3,0,0,30,0,0,30,1.069
866,40,0,3,1,4.095999989658594,3,3,0,0,30,0,0,30,1.069
867,2,0,0,0,9.216000325977802,4,4,0,0,40,0,0,40,2.09
867,2,0,1,0,79.8719972372055,4,4,0,0,40,0,0,40,2.09
867,2,0,2,0,9.216000325977802,4,4,0,0,40,0,0,40,2.09
867,2,0,3,0,5.119999870657921,4,4,0,0,40,0,0,40,2.09
867,24,0,0,0,7.168000098317862,4,4,0,1,39,0,0,40,138.5
867,24,0,1,0,67.58400052785873,4,4,0,1,39,0,0,40,138.5
867,24,0,2,0,8.191999979317188,4,4,0,1,39,0,0,40,138.5
867,24,0,3,0,49.15200173854828,4,4,0,1,39,0,0,40,138.5
867,40,0,0,1,9.216000325977802,4,4,0,0,40,0,0,40,1.4
867,40,0,1,1,62.463998794555664,4,4,0,0,40,0,0,40,1.4
867,40,0,2,1,9.216000325977802,4,4,0,0,40,0,0,40,1.4
867,40,0,3,1,4.095999989658594,4,4,0,0,40,0,0,40,1.4
868,2,0,0,0,9.216000325977802,4,4,0,0,40,0,0,40,2.52
868,2,0,1,0,67.58400052785873,4,4,0,0,40,0,0,40,2.52
868,2,0,2,0,9.216000325977802,4,4,0,0,40,0,0,40,2.52
868,2,0,3,0,5.119999870657921,4,4,0,0,40,0,0,40,2.52
868,24,0,0,0,9.216000325977802,4,4,0,0,40,0,0,40,1.58
868,24,0,1,0,91.13600105047226,4,4,0,0,40,0,0,40,1.58
868,24,0,2,0,9.216000325977802,4,4,0,0,40,0,0,40,1.58
868,24,0,3,0,4.095999989658594,4,4,0,0,40,0,0,40,1.58
868,40,0,0,1,9.216000325977802,4,4,0,1,39,0,0,40,61.219
868,40,0,1,1,94.2080020904541,4,4,0,1,39,0,0,40,61.219
868,40,0,2,1,9.216000325977802,4,4,0,1,39,0,0,40,61.219
868,40,0,3,1,4.095999989658594,4,4,0,1,39,0,0,40,61.219
869,2,0,0,0,8.191999979317188,4,4,0,1,39,0,0,40,97.319
869,2,0,1,0,81.91999793052673,4,4,0,1,39,0,0,40,97.319
869,2,0,2,0,9.216000325977802,4,4,0,1,39,0,0,40,97.319
869,2,0,3,0,6.144000217318535,4,4,0,1,39,0,0,40,97.319
869,24,0,0,0,8.191999979317188,4,4,0,0,40,0,0,40,1.34
869,24,0,1,0,75.77600330114365,4,4,0,0,40,0,0,40,1.34
869,24,0,2,0,8.191999979317188,4,4,0,0,40,0,0,40,1.34
869,24,0,3,0,4.095999989658594,4,4,0,0,40,0,0,40,1.34
869,40,0,0,1,8.191999979317188,4,4,0,0,40,0,0,40,1.451
869,40,0,1,1,55.296000093221664,4,4,0,0,40,0,0,40,1.451
869,40,0,2,1,8.191999979317188,4,4,0,0,40,0,0,40,1.451
869,40,0,3,1,4.095999989658594,4,4,0,0,40,0,0,40,1.451
870,2,0,0,0,14.336000196635723,4,4,0,0,40,0,0,40,1.869
870,2,0,1,0,73.72800260782242,4,4,0,0,40,0,0,40,1.869
870,2,0,2,0,9.216000325977802,4,4,0,0,40,0,0,40,1.869
870,2,0,3,0,5.119999870657921,4,4,0,0,40,0,0,40,1.869
870,24,0,0,0,8.191999979317188,4,4,0,0,40,0,0,40,1.991
870,24,0,1,0,63.48799914121628,4,4,0,0,40,0,0,40,1.991
870,24,0,2,0,9.216000325977802,4,4,0,0,40,0,0,40,1.991
870,24,0,3,0,4.095999989658594,4,4,0,0,40,0,0,40,1.991
870,40,0,0,1,8.191999979317188,4,4,0,0,40,0,0,40,1.8
870,40,0,1,1,55.296000093221664,4,4,0,0,40,0,0,40,1.8
870,40,0,2,1,8.191999979317188,4,4,0,0,40,0,0,40,1.8
870,40,0,3,1,4.095999989658594,4,4,0,0,40,0,0,40,1.8
871,2,0,0,0,9.216000325977802,2,2,0,0,20,0,0,20,1.64
871,2,0,1,0,52.22399905323982,2,2,0,0,20,0,0,20,1.64
871,2,0,2,0,9.216000325977802,2,2,0,0,20,0,0,20,1.64
871,2,0,3,0,5.119999870657921,2,2,0,0,20,0,0,20,1.64
871,24,0,0,0,20.479999482631683,2,2,0,0,20,0,0,20,1.131
871,24,0,1,0,46.08000069856644,2,2,0,0,20,0,0,20,1.131
871,24,0,2,0,9.216000325977802,2,2,0,0,20,0,0,20,1.131
871,24,0,3,0,4.095999989658594,2,2,0,0,20,0,0,20,1.131
871,40,0,0,1,73.72800260782242,2,2,0,0,20,0,0,20,1.14
871,40,0,1,1,45.05600035190582,2,2,0,0,20,0,0,20,1.14
871,40,0,2,1,9.216000325977802,2,2,0,0,20,0,0,20,1.14
871,40,0,3,1,4.095999989658594,2,2,0,0,20,0,0,20,1.14
872,2,0,0,0,14.336000196635723,4,4,0,1,39,0,0,40,53.57
872,2,0,1,0,71.68000191450119,4,4,0,1,39,0,0,40,53.57
872,2,0,2,0,9.216000325977802,4,4,0,1,39,0,0,40,53.57
872,2,0,3,0,5.119999870657921,4,4,0,1,39,0,0,40,53.57
872,24,0,0,0,139.26400244235992,4,4,0,0,40,0,0,40,1.939
872,24,0,1,0,76.80000364780426,4,4,0,0,40,0,0,40,1.939
872,24,0,2,0,9.216000325977802,4,4,0,0,40,0,0,40,1.939
872,24,0,3,0,4.095999989658594,4,4,0,0,40,0,0,40,1.939
872,40,0,0,1,11.264000087976456,4,4,0,0,40,0,0,40,2.34
872,40,0,1,1,87.0399996638298,4,4,0,0,40,0,0,40,2.34
872,40,0,2,1,8.191999979317188,4,4,0,0,40,0,0,40,2.34
872,40,0,3,1,4.095999989658594,4,4,0,0,40,0,0,40,2.34
873,2,0,0,0,15.359999611973763,4,4,0,0,40,0,0,40,2.371
873,2,0,1,0,76.80000364780426,4,4,0,0,40,0,0,40,2.371
873,2,0,2,0,9.216000325977802,4,4,0,0,40,0,0,40,2.371
873,2,0,3,0,5.119999870657921,4,4,0,0,40,0,0,40,2.371
873,24,0,0,0,71.68000191450119,4,4,0,1,39,0,0,40,53.699
873,24,0,1,0,65.5359998345375,4,4,0,1,39,0,0,40,53.699
873,24,0,2,0,9.216000325977802,4,4,0,1,39,0,0,40,53.699
873,24,0,3,0,4.095999989658594,4,4,0,1,39,0,0,40,53.699
873,40,0,0,1,69.63200122117996,4,4,0,1,39,0,0,40,55.63
873,40,0,1,1,82.94399827718735,4,4,0,1,39,0,0,40,55.63
873,40,0,2,1,9.216000325977802,4,4,0,1,39,0,0,40,55.63
873,40,0,3,1,3.0720001086592674,4,4,0,1,39,0,0,40,55.63
874,2,0,0,0,27.648000046610832,4,4,0,0,40,0,0,40,2.84
874,2,0,1,0,95.23200243711472,4,4,0,0,40,0,0,40,2.84
874,2,0,2,0,9.216000325977802,4,4,0,0,40,0,0,40,2.84
874,2,0,3,0,5.119999870657921,4,4,0,0,40,0,0,40,2.84
874,24,0,0,0,59.39200147986412,4,4,0,0,40,0,0,40,2.07
874,24,0,1,0,70.65600156784058,4,4,0,0,40,0,0,40,2.07
874,24,0,2,0,9.216000325977802,4,4,0,0,40,0,0,40,2.07
874,24,0,3,0,4.095999989658594,4,4,0,0,40,0,0,40,2.07
874,40,0,0,1,9.216000325977802,4,4,0,0,40,0,0,40,1.92
874,40,0,1,1,82.94399827718735,4,4,0,0,40,0,0,40,1.92
874,40,0,2,1,9.216000325977802,4,4,0,0,40,0,0,40,1.92
874,40,0,3,1,4.095999989658594,4,4,0,0,40,0,0,40,1.92
875,2,0,0,0,14.336000196635723,4,4,0,0,40,0,0,40,2.1
875,2,0,1,0,68.60800087451935,4,4,0,0,40,0,0,40,2.1
875,2,0,2,0,9.216000325977802,4,4,0,0,40,0,0,40,2.1
875,2,0,3,0,5.119999870657921,4,4,0,0,40,0,0,40,2.1
875,24,0,0,0,8.191999979317188,4,4,0,0,40,0,0,40,1.84
875,24,0,1,0,76.80000364780426,4,4,0,0,40,0,0,40,1.84
875,24,0,2,0,9.216000325977802,4,4,0,0,40,0,0,40,1.84
875,24,0,3,0,4.095999989658594,4,4,0,0,40,0,0,40,1.84
875,40,0,0,1,14.336000196635723,4,4,0,1,39,0,0,40,85.511
875,40,0,1,1,69.63200122117996,4,4,0,1,39,0,0,40,85.511
875,40,0,2,1,10.239999741315842,4,4,0,1,39,0,0,40,85.511
875,40,0,3,1,4.095999989658594,4,4,0,1,39,0,0,40,85.511
876,2,0,0,0,32.76799991726875,1,1,0,0,10,0,0,10,0.96
876,2,0,1,0,31.74399957060814,1,1,0,0,10,0,0,10,0.96
876,2,0,2,0,8.191999979317188,1,1,0,0,10,0,0,10,0.96
876,2,0,3,0,6.144000217318535,1,1,0,0,10,0,0,10,0.96
876,24,0,0,0,8.191999979317188,1,1,0,0,10,0,0,10,0.7
876,24,0,1,0,31.74399957060814,1,1,0,0,10,0,0,10,0.7
876,24,0,2,0,8.191999979317188,1,1,0,0,10,0,0,10,0.7
876,24,0,3,0,3.0720001086592674,1,1,0,0,10,0,0,10,0.7
876,40,0,0,1,8.191999979317188,1,1,0,0,10,0,0,10,0.72
876,40,0,1,1,35.840000957250595,1,1,0,0,10,0,0,10,0.72
876,40,0,2,1,8.191999979317188,1,1,0,0,10,0,0,10,0.72
876,40,0,3,1,3.0720001086592674,1,1,0,0,10,0,0,10,0.72
877,2,0,0,0,8.191999979317188,4,4,0,1,39,0,0,40,101.98
877,2,0,1,0,86.01599931716919,4,4,0,1,39,0,0,40,101.98
877,2,0,2,0,9.216000325977802,4,4,0,1,39,0,0,40,101.98
877,2,0,3,0,5.119999870657921,4,4,0,1,39,0,0,40,101.98
877,24,0,0,0,7.168000098317862,4,4,0,1,39,0,0,40,52.299
877,24,0,1,0,68.60800087451935,4,4,0,1,39,0,0,40,52.299
877,24,0,2,0,9.216000325977802,4,4,0,1,39,0,0,40,52.299
877,24,0,3,0,4.095999989658594,4,4,0,1,39,0,0,40,52.299
877,40,0,0,1,8.191999979317188,4,4,0,0,40,0,0,40,1.53
877,40,0,1,1,75.77600330114365,4,4,0,0,40,0,0,40,1.53
877,40,0,2,1,9.216000325977802,4,4,0,0,40,0,0,40,1.53
877,40,0,3,1,4.095999989658594,4,4,0,0,40,0,0,40,1.53
878,2,0,0,0,32.76799991726875,4,4,0,0,40,0,0,40,2.48
878,2,0,1,0,79.8719972372055,4,4,0,0,40,0,0,40,2.48
878,2,0,2,0,8.191999979317188,4,4,0,0,40,0,0,40,2.48
878,2,0,3,0,6.144000217318535,4,4,0,0,40,0,0,40,2.48
878,24,0,0,0,16.383999958634377,4,4,0,0,40,0,0,40,2.12
878,24,0,1,0,69.63200122117996,4,4,0,0,40,0,0,40,2.12
878,24,0,2,0,10.239999741315842,4,4,0,0,40,0,0,40,2.12
878,24,0,3,0,4.095999989658594,4,4,0,0,40,0,0,40,2.12
878,40,0,0,1,9.216000325977802,4,4,0,0,40,0,0,40,1.48
878,40,0,1,1,73.72800260782242,4,4,0,0,40,0,0,40,1.48
878,40,0,2,1,8.191999979317188,4,4,0,0,40,0,0,40,1.48
878,40,0,3,1,4.095999989658594,4,4,0,0,40,0,0,40,1.48
879,2,0,0,0,15.359999611973763,4,4,0,0,40,0,0,40,2.93
879,2,0,1,0,82.94399827718735,4,4,0,0,40,0,0,40,2.93
879,2,0,2,0,9.216000325977802,4,4,0,0,40,0,0,40,2.93
879,2,0,3,0,5.119999870657921,4,4,0,0,40,0,0,40,2.93
879,24,0,0,0,7.168000098317862,4,4,0,0,40,0,0,40,1.46
879,24,0,1,0,72.7040022611618,4,4,0,0,40,0,0,40,1.46
879,24,0,2,0,9.216000325977802,4,4,0,0,40,0,0,40,1.46
879,24,0,3,0,4.095999989658594,4,4,0,0,40,0,0,40,1.46
879,40,0,0,1,9.216000325977802,4,4,0,0,40,0,0,40,1.809
879,40,0,1,1,60.416001826524734,4,4,0,0,40,0,0,40,1.809
879,40,0,2,1,9.216000325977802,4,4,0,0,40,0,0,40,1.809
879,40,0,3,1,4.095999989658594,4,4,0,0,40,0,0,40,1.809
880,2,0,0,0,8.191999979317188,4,4,0,0,40,0,0,40,2.18
880,2,0,1,0,81.91999793052673,4,4,0,0,40,0,0,40,2.18
880,2,0,2,0,9.216000325977802,4,4,0,0,40,0,0,40,2.18
880,2,0,3,0,6.144000217318535,4,4,0,0,40,0,0,40,2.18
880,24,0,0,0,9.216000325977802,4,4,0,0,40,0,0,40,1.391
880,24,0,1,0,76.80000364780426,4,4,0,0,40,0,0,40,1.391
880,24,0,2,0,9.216000325977802,4,4,0,0,40,0,0,40,1.391
880,24,0,3,0,4.095999989658594,4,4,0,0,40,0,0,40,1.391
880,40,0,0,1,8.191999979317188,4,4,0,0,40,0,0,40,1.66
880,40,0,1,1,89.08800035715103,4,4,0,0,40,0,0,40,1.66
880,40,0,2,1,9.216000325977802,4,4,0,0,40,0,0,40,1.66
880,40,0,3,1,4.095999989658594,4,4,0,0,40,0,0,40,1.66
881,2,0,0,0,8.191999979317188,4,4,0,1,39,0,0,40,76.73
881,2,0,1,0,78.84799689054489,4,4,0,1,39,0,0,40,76.73
881,2,0,2,0,9.216000325977802,4,4,0,1,39,0,0,40,76.73
881,2,0,3,0,7.168000098317862,4,4,0,1,39,0,0,40,76.73
881,24,0,0,0,8.191999979317188,4,4,0,0,40,0,0,40,1.7
881,24,0,1,0,68.60800087451935,4,4,0,0,40,0,0,40,1.7
881,24,0,2,0,8.191999979317188,4,4,0,0,40,0,0,40,1.7
881,24,0,3,0,3.0720001086592674,4,4,0,0,40,0,0,40,1.7
881,40,0,0,1,8.191999979317188,4,4,0,0,40,0,0,40,1.891
881,40,0,1,1,61.43999844789505,4,4,0,0,40,0,0,40,1.891
881,40,0,2,1,8.191999979317188,4,4,0,0,40,0,0,40,1.891
881,40,0,3,1,4.095999989658594,4,4,0,0,40,0,0,40,1.891
882,2,0,0,0,409.59998965263367,2,2,0,0,20,0,0,20,1.551
882,2,0,1,0,53.247999399900436,2,2,0,0,20,0,0,20,1.551
882,2,0,2,0,9.216000325977802,2,2,0,0,20,0,0,20,1.551
882,2,0,3,0,5.119999870657921,2,2,0,0,20,0,0,20,1.551
882,24,0,0,0,8.191999979317188,2,2,0,0,20,0,0,20,1.089
882,24,0,1,0,44.03200000524521,2,2,0,0,20,0,0,20,1.089
882,24,0,2,0,9.216000325977802,2,2,0,0,20,0,0,20,1.089
882,24,0,3,0,4.095999989658594,2,2,0,0,20,0,0,20,1.089
882,40,0,0,1,10.239999741315842,2,2,0,0,20,0,0,20,0.7
882,40,0,1,1,50.175998359918594,2,2,0,0,20,0,0,20,0.7
882,40,0,2,1,10.239999741315842,2,2,0,0,20,0,0,20,0.7
882,40,0,3,1,4.095999989658594,2,2,0,0,20,0,0,20,0.7
883,2,0,0,0,9.216000325977802,4,4,0,2,38,0,0,40,85.389
883,2,0,1,0,86.01599931716919,4,4,0,2,38,0,0,40,85.389
883,2,0,2,0,8.191999979317188,4,4,0,2,38,0,0,40,85.389
883,2,0,3,0,6.144000217318535,4,4,0,2,38,0,0,40,85.389
883,24,0,0,0,8.191999979317188,4,4,0,0,40,0,0,40,1.949
883,24,0,1,0,71.68000191450119,4,4,0,0,40,0,0,40,1.949
883,24,0,2,0,9.216000325977802,4,4,0,0,40,0,0,40,1.949
883,24,0,3,0,4.095999989658594,4,4,0,0,40,0,0,40,1.949
883,40,0,0,1,8.191999979317188,4,4,0,1,39,0,0,40,60.56
883,40,0,1,1,79.8719972372055,4,4,0,1,39,0,0,40,60.56
883,40,0,2,1,9.216000325977802,4,4,0,1,39,0,0,40,60.56
883,40,0,3,1,4.095999989658594,4,4,0,1,39,0,0,40,60.56
884,2,0,0,0,8.191999979317188,4,4,0,0,40,0,0,40,2.88
884,2,0,1,0,80.89599758386612,4,4,0,0,40,0,0,40,2.88
884,2,0,2,0,9.216000325977802,4,4,0,0,40,0,0,40,2.88
884,2,0,3,0,5.119999870657921,4,4,0,0,40,0,0,40,2.88
884,24,0,0,0,8.191999979317188,4,4,0,2,38,0,0,40,102.92
884,24,0,1,0,57.34400078654289,4,4,0,2,38,0,0,40,102.92
884,24,0,2,0,10.239999741315842,4,4,0,2,38,0,0,40,102.92
884,24,0,3,0,23.552000522613525,4,4,0,2,38,0,0,40,102.92
884,40,0,0,1,9.216000325977802,4,4,0,1,39,0,0,40,78.459
884,40,0,1,1,66.56000018119812,4,4,0,1,39,0,0,40,78.459
884,40,0,2,1,9.216000325977802,4,4,0,1,39,0,0,40,78.459
884,40,0,3,1,4.095999989658594,4,4,0,1,39,0,0,40,78.459
885,2,0,0,0,9.216000325977802,3,3,0,0,30,0,0,30,1.51
885,2,0,1,0,70.65600156784058,3,3,0,0,30,0,0,30,1.51
885,2,0,2,0,9.216000325977802,3,3,0,0,30,0,0,30,1.51
885,2,0,3,0,6.144000217318535,3,3,0,0,30,0,0,30,1.51
885,24,0,0,0,8.191999979317188,3,3,0,0,30,0,0,30,1.1
885,24,0,1,0,64.51199948787689,3,3,0,0,30,0,0,30,1.1
885,24,0,2,0,9.216000325977802,3,3,0,0,30,0,0,30,1.1
885,24,0,3,0,4.095999989658594,3,3,0,0,30,0,0,30,1.1
885,40,0,0,1,8.191999979317188,3,3,0,0,30,0,0,30,1.12
885,40,0,1,1,58.36800113320351,3,3,0,0,30,0,0,30,1.12
885,40,0,2,1,9.216000325977802,3,3,0,0,30,0,0,30,1.12
885,40,0,3,1,4.095999989658594,3,3,0,0,30,0,0,30,1.12
886,2,0,0,0,10.239999741315842,2,2,0,1,19,0,0,20,67.849
886,2,0,1,0,41.98399931192398,2,2,0,1,19,0,0,20,67.849
886,2,0,2,0,10.239999741315842,2,2,0,1,19,0,0,20,67.849
886,2,0,3,0,6.144000217318535,2,2,0,1,19,0,0,20,67.849
886,24,0,0,0,8.191999979317188,2,2,0,0,20,0,0,20,0.79
886,24,0,1,0,47.10400104522705,2,2,0,0,20,0,0,20,0.79
886,24,0,2,0,9.216000325977802,2,2,0,0,20,0,0,20,0.79
886,24,0,3,0,4.095999989658594,2,2,0,0,20,0,0,20,0.79
886,40,0,0,1,8.191999979317188,2,2,0,0,20,0,0,20,0.689
886,40,0,1,1,49.15200173854828,2,2,0,0,20,0,0,20,0.689
886,40,0,2,1,9.216000325977802,2,2,0,0,20,0,0,20,0.689
886,40,0,3,1,4.095999989658594,2,2,0,0,20,0,0,20,0.689
887,2,0,0,0,789.5039916038513,2,2,0,0,20,0,0,20,1.23
887,2,0,1,0,52.22399905323982,2,2,0,0,20,0,0,20,1.23
887,2,0,2,0,9.216000325977802,2,2,0,0,20,0,0,20,1.23
887,2,0,3,0,5.119999870657921,2,2,0,0,20,0,0,20,1.23
887,24,0,0,0,9.216000325977802,2,2,0,0,20,0,0,20,1.1
887,24,0,1,0,54.27199974656105,2,2,0,0,20,0,0,20,1.1
887,24,0,2,0,9.216000325977802,2,2,0,0,20,0,0,20,1.1
887,24,0,3,0,4.095999989658594,2,2,0,0,20,0,0,20,1.1
887,40,0,0,1,9.216000325977802,2,2,0,0,20,0,0,20,1.18
887,40,0,1,1,46.08000069856644,2,2,0,0,20,0,0,20,1.18
887,40,0,2,1,9.216000325977802,2,2,0,0,20,0,0,20,1.18
887,40,0,3,1,4.095999989658594,2,2,0,0,20,0,0,20,1.18
888,2,0,0,0,8.191999979317188,4,4,0,0,40,0,0,40,2.74
888,2,0,1,0,84.99199897050858,4,4,0,0,40,0,0,40,2.74
888,2,0,2,0,9.216000325977802,4,4,0,0,40,0,0,40,2.74
888,2,0,3,0,5.119999870657921,4,4,0,0,40,0,0,40,2.74
888,24,0,0,0,8.191999979317188,4,4,0,0,40,0,0,40,2.419
888,24,0,1,0,62.463998794555664,4,4,0,0,40,0,0,40,2.419
888,24,0,2,0,8.191999979317188,4,4,0,0,40,0,0,40,2.419
888,24,0,3,0,4.095999989658594,4,4,0,0,40,0,0,40,2.419
888,40,0,0,1,13.311999849975109,4,4,0,1,39,0,0,40,65.789
888,40,0,1,1,78.84799689054489,4,4,0,1,39,0,0,40,65.789
888,40,0,2,1,11.264000087976456,4,4,0,1,39,0,0,40,65.789
888,40,0,3,1,3.0720001086592674,4,4,0,1,39,0,0,40,65.789
889,2,0,0,0,10.239999741315842,1,1,0,1,9,0,0,10,44.65
889,2,0,1,0,29.69600073993206,1,1,0,1,9,0,0,10,44.65
889,2,0,2,0,9.216000325977802,1,1,0,1,9,0,0,10,44.65
889,2,0,3,0,5.119999870657921,1,1,0,1,9,0,0,10,44.65
889,24,0,0,0,8.191999979317188,1,1,0,0,10,0,0,10,0.76
889,24,0,1,0,32.76799991726875,1,1,0,0,10,0,0,10,0.76
889,24,0,2,0,8.191999979317188,1,1,0,0,10,0,0,10,0.76
889,24,0,3,0,4.095999989658594,1,1,0,0,10,0,0,10,0.76
889,40,0,0,1,9.216000325977802,1,1,0,0,10,0,0,10,0.44
889,40,0,1,1,35.840000957250595,1,1,0,0,10,0,0,10,0.44
889,40,0,2,1,8.191999979317188,1,1,0,0,10,0,0,10,0.44
889,40,0,3,1,3.0720001086592674,1,1,0,0,10,0,0,10,0.44
890,2,0,0,0,8.191999979317188,4,4,0,0,40,0,0,40,3.311
890,2,0,1,0,91.13600105047226,4,4,0,0,40,0,0,40,3.311
890,2,0,2,0,9.216000325977802,4,4,0,0,40,0,0,40,3.311
890,2,0,3,0,6.144000217318535,4,4,0,0,40,0,0,40,3.311
890,24,0,0,0,28.672000393271446,4,4,0,0,40,0,0,40,2.4
890,24,0,1,0,67.58400052785873,4,4,0,0,40,0,0,40,2.4
890,24,0,2,0,9.216000325977802,4,4,0,0,40,0,0,40,2.4
890,24,0,3,0,5.119999870657921,4,4,0,0,40,0,0,40,2.4
890,40,0,0,1,41.98399931192398,4,4,0,0,40,0,0,40,1.99
890,40,0,1,1,66.56000018119812,4,4,0,0,40,0,0,40,1.99
890,40,0,2,1,9.216000325977802,4,4,0,0,40,0,0,40,1.99
890,40,0,3,1,4.095999989658594,4,4,0,0,40,0,0,40,1.99
891,2,0,0,0,10.239999741315842,1,1,0,0,10,0,0,10,0.98
891,2,0,1,0,31.74399957060814,1,1,0,0,10,0,0,10,0.98
891,2,0,2,0,9.216000325977802,1,1,0,0,10,0,0,10,0.98
891,2,0,3,0,5.119999870657921,1,1,0,0,10,0,0,10,0.98
891,24,0,0,0,108.5439994931221,1,1,0,0,10,0,0,10,0.91
891,24,0,1,0,31.74399957060814,1,1,0,0,10,0,0,10,0.91
891,24,0,2,0,9.216000325977802,1,1,0,0,10,0,0,10,0.91
891,24,0,3,0,5.119999870657921,1,1,0,0,10,0,0,10,0.91
891,40,0,0,1,8.191999979317188,1,1,0,0,10,0,0,10,0.331
891,40,0,1,1,34.81600061058998,1,1,0,0,10,0,0,10,0.331
891,40,0,2,1,9.216000325977802,1,1,0,0,10,0,0,10,0.331
891,40,0,3,1,4.095999989658594,1,1,0,0,10,0,0,10,0.331
892,2,0,0,0,62.463998794555664,4,4,0,1,39,0,0,40,59.18
892,2,0,1,0,86.01599931716919,4,4,0,1,39,0,0,40,59.18
892,2,0,2,0,9.216000325977802,4,4,0,1,39,0,0,40,59.18
892,2,0,3,0,5.119999870657921,4,4,0,1,39,0,0,40,59.18
892,24,0,0,0,30.719999223947525,4,4,0,0,40,0,0,40,2.72
892,24,0,1,0,74.75200295448303,4,4,0,0,40,0,0,40,2.72
892,24,0,2,0,9.216000325977802,4,4,0,0,40,0,0,40,2.72
892,24,0,3,0,4.095999989658594,4,4,0,0,40,0,0,40,2.72
892,40,0,0,1,9.216000325977802,4,4,0,1,39,0,0,40,64.759
892,40,0,1,1,81.91999793052673,4,4,0,1,39,0,0,40,64.759
892,40,0,2,1,9.216000325977802,4,4,0,1,39,0,0,40,64.759
892,40,0,3,1,4.095999989658594,4,4,0,1,39,0,0,40,64.759
893,2,0,0,0,9.216000325977802,1,1,0,0,10,0,0,10,0.81
893,2,0,1,0,32.76799991726875,1,1,0,0,10,0,0,10,0.81
893,2,0,2,0,9.216000325977802,1,1,0,0,10,0,0,10,0.81
893,2,0,3,0,4.095999989658594,1,1,0,0,10,0,0,10,0.81
893,24,0,0,0,8.191999979317188,1,1,0,0,10,0,0,10,0.81
893,24,0,1,0,31.74399957060814,1,1,0,0,10,0,0,10,0.81
893,24,0,2,0,8.191999979317188,1,1,0,0,10,0,0,10,0.81
893,24,0,3,0,4.095999989658594,1,1,0,0,10,0,0,10,0.81
893,40,0,0,1,9.216000325977802,1,1,0,0,10,0,0,10,0.38
893,40,0,1,1,34.81600061058998,1,1,0,0,10,0,0,10,0.38
893,40,0,2,1,8.191999979317188,1,1,0,0,10,0,0,10,0.38
893,40,0,3,1,4.095999989658594,1,1,0,0,10,0,0,10,0.38
894,2,0,0,0,1042.4319505691528,1,1,0,0,10,0,0,10,1.3
894,2,0,1,0,32.76799991726875,1,1,0,0,10,0,0,10,1.3
894,2,0,2,0,9.216000325977802,1,1,0,0,10,0,0,10,1.3
894,2,0,3,0,5.119999870657921,1,1,0,0,10,0,0,10,1.3
894,24,0,0,0,8.191999979317188,1,1,0,0,10,0,0,10,1.38
894,24,0,1,0,32.76799991726875,1,1,0,0,10,0,0,10,1.38
894,24,0,2,0,9.216000325977802,1,1,0,0,10,0,0,10,1.38
894,24,0,3,0,4.095999989658594,1,1,0,0,10,0,0,10,1.38
894,40,0,0,1,7.168000098317862,1,1,0,0,10,0,0,10,0.8
894,40,0,1,1,34.81600061058998,1,1,0,0,10,0,0,10,0.8
894,40,0,2,1,8.191999979317188,1,1,0,0,10,0,0,10,0.8
894,40,0,3,1,4.095999989658594,1,1,0,0,10,0,0,10,0.8
895,2,0,0,0,9.216000325977802,4,4,0,0,40,0,0,40,3.34
895,2,0,1,0,77.82399654388428,4,4,0,0,40,0,0,40,3.34
895,2,0,2,0,9.216000325977802,4,4,0,0,40,0,0,40,3.34
895,2,0,3,0,6.144000217318535,4,4,0,0,40,0,0,40,3.34
895,24,0,0,0,8.191999979317188,4,4,0,0,40,0,0,40,2.04
895,24,0,1,0,70.65600156784058,4,4,0,0,40,0,0,40,2.04
895,24,0,2,0,9.216000325977802,4,4,0,0,40,0,0,40,2.04
895,24,0,3,0,4.095999989658594,4,4,0,0,40,0,0,40,2.04
895,40,0,0,1,8.191999979317188,4,4,0,0,40,0,0,40,2.31
895,40,0,1,1,52.22399905323982,4,4,0,0,40,0,0,40,2.31
895,40,0,2,1,8.191999979317188,4,4,0,0,40,0,0,40,2.31
895,40,0,3,1,4.095999989658594,4,4,0,0,40,0,0,40,2.31
896,2,0,0,0,9.216000325977802,4,4,0,0,40,0,0,40,1.86
896,2,0,1,0,78.84799689054489,4,4,0,0,40,0,0,40,1.86
896,2,0,2,0,9.216000325977802,4,4,0,0,40,0,0,40,1.86
896,2,0,3,0,6.144000217318535,4,4,0,0,40,0,0,40,1.86
896,24,0,0,0,7.168000098317862,4,4,0,0,40,0,0,40,1.58
896,24,0,1,0,64.51199948787689,4,4,0,0,40,0,0,40,1.58
896,24,0,2,0,9.216000325977802,4,4,0,0,40,0,0,40,1.58
896,24,0,3,0,4.095999989658594,4,4,0,0,40,0,0,40,1.58
896,40,0,0,1,8.191999979317188,4,4,0,0,40,0,0,40,1.8
896,40,0,1,1,72.7040022611618,4,4,0,0,40,0,0,40,1.8
896,40,0,2,1,8.191999979317188,4,4,0,0,40,0,0,40,1.8
896,40,0,3,1,4.095999989658594,4,4,0,0,40,0,0,40,1.8
897,2,0,0,0,8.191999979317188,2,2,0,0,20,0,0,20,0.909
897,2,0,1,0,49.15200173854828,2,2,0,0,20,0,0,20,0.909
897,2,0,2,0,9.216000325977802,2,2,0,0,20,0,0,20,0.909
897,2,0,3,0,5.119999870657921,2,2,0,0,20,0,0,20,0.909
897,24,0,0,0,8.191999979317188,2,2,0,0,20,0,0,20,1.009
897,24,0,1,0,44.03200000524521,2,2,0,0,20,0,0,20,1.009
897,24,0,2,0,9.216000325977802,2,2,0,0,20,0,0,20,1.009
897,24,0,3,0,3.0720001086592674,2,2,0,0,20,0,0,20,1.009
897,40,0,0,1,9.216000325977802,2,2,0,0,20,0,0,20,0.6
897,40,0,1,1,49.15200173854828,2,2,0,0,20,0,0,20,0.6
897,40,0,2,1,9.216000325977802,2,2,0,0,20,0,0,20,0.6
897,40,0,3,1,4.095999989658594,2,2,0,0,20,0,0,20,0.6
898,2,0,0,0,98.30400347709656,3,3,0,0,30,0,0,30,1.67
898,2,0,1,0,63.48799914121628,3,3,0,0,30,0,0,30,1.67
898,2,0,2,0,9.216000325977802,3,3,0,0,30,0,0,30,1.67
898,2,0,3,0,4.095999989658594,3,3,0,0,30,0,0,30,1.67
898,24,0,0,0,8.191999979317188,3,3,0,0,30,0,0,30,1.58
898,24,0,1,0,53.247999399900436,3,3,0,0,30,0,0,30,1.58
898,24,0,2,0,9.216000325977802,3,3,0,0,30,0,0,30,1.58
898,24,0,3,0,4.095999989658594,3,3,0,0,30,0,0,30,1.58
898,40,0,0,1,9.216000325977802,3,3,0,0,30,0,0,30,0.97
898,40,0,1,1,52.22399905323982,3,3,0,0,30,0,0,30,0.97
898,40,0,2,1,9.216000325977802,3,3,0,0,30,0,0,30,0.97
898,40,0,3,1,4.095999989658594,3,3,0,0,30,0,0,30,0.97
899,2,0,0,0,9.216000325977802,1,1,0,0,10,0,0,10,0.32
899,2,0,1,0,31.74399957060814,1,1,0,0,10,0,0,10,0.32
899,2,0,2,0,9.216000325977802,1,1,0,0,10,0,0,10,0.32
899,2,0,3,0,4.095999989658594,1,1,0,0,10,0,0,10,0.32
899,24,0,0,0,8.191999979317188,1,1,0,0,10,0,0,10,0.31
899,24,0,1,0,31.74399957060814,1,1,0,0,10,0,0,10,0.31
899,24,0,2,0,8.191999979317188,1,1,0,0,10,0,0,10,0.31
899,24,0,3,0,4.095999989658594,1,1,0,0,10,0,0,10,0.31
899,40,0,0,1,9.216000325977802,1,1,0,0,10,0,0,10,0.29
899,40,0,1,1,35.840000957250595,1,1,0,0,10,0,0,10,0.29
899,40,0,2,1,8.191999979317188,1,1,0,0,10,0,0,10,0.29
899,40,0,3,1,5.119999870657921,1,1,0,0,10,0,0,10,0.29
900,2,0,0,0,9.216000325977802,3,3,0,0,30,0,0,30,1.26
900,2,0,1,0,72.7040022611618,3,3,0,0,30,0,0,30,1.26
900,2,0,2,0,9.216000325977802,3,3,0,0,30,0,0,30,1.26
900,2,0,3,0,5.119999870657921,3,3,0,0,30,0,0,30,1.26
900,24,0,0,0,7.168000098317862,3,3,0,0,30,0,0,30,1.09
900,24,0,1,0,59.39200147986412,3,3,0,0,30,0,0,30,1.09
900,24,0,2,0,9.216000325977802,3,3,0,0,30,0,0,30,1.09
900,24,0,3,0,4.095999989658594,3,3,0,0,30,0,0,30,1.09
900,40,0,0,1,10.239999741315842,3,3,0,0,30,0,0,30,1.129
900,40,0,1,1,48.128001391887665,3,3,0,0,30,0,0,30,1.129
900,40,0,2,1,10.239999741315842,3,3,0,0,30,0,0,30,1.129
900,40,0,3,1,4.095999989658594,3,3,0,0,30,0,0,30,1.129
901,2,0,0,0,11.264000087976456,3,3,0,0,30,0,0,30,1.571
901,2,0,1,0,75.77600330114365,3,3,0,0,30,0,0,30,1.571
901,2,0,2,0,9.216000325977802,3,3,0,0,30,0,0,30,1.571
901,2,0,3,0,4.095999989658594,3,3,0,0,30,0,0,30,1.571
901,24,0,0,0,8.191999979317188,3,3,0,0,30,0,0,30,0.96
901,24,0,1,0,68.60800087451935,3,3,0,0,30,0,0,30,0.96
901,24,0,2,0,9.216000325977802,3,3,0,0,30,0,0,30,0.96
901,24,0,3,0,4.095999989658594,3,3,0,0,30,0,0,30,0.96
901,40,0,0,1,9.216000325977802,3,3,0,0,30,0,0,30,1.16
901,40,0,1,1,70.65600156784058,3,3,0,0,30,0,0,30,1.16
901,40,0,2,1,9.216000325977802,3,3,0,0,30,0,0,30,1.16
901,40,0,3,1,4.095999989658594,3,3,0,0,30,0,0,30,1.16
902,2,0,0,0,9.216000325977802,1,1,0,0,10,0,0,10,0.35
902,2,0,1,0,31.74399957060814,1,1,0,0,10,0,0,10,0.35
902,2,0,2,0,9.216000325977802,1,1,0,0,10,0,0,10,0.35
902,2,0,3,0,5.119999870657921,1,1,0,0,10,0,0,10,0.35
902,24,0,0,0,8.191999979317188,1,1,0,0,10,0,0,10,0.29
902,24,0,1,0,31.74399957060814,1,1,0,0,10,0,0,10,0.29
902,24,0,2,0,8.191999979317188,1,1,0,0,10,0,0,10,0.29
902,24,0,3,0,4.095999989658594,1,1,0,0,10,0,0,10,0.29
902,40,0,0,1,9.216000325977802,1,1,0,0,10,0,0,10,0.3
902,40,0,1,1,35.840000957250595,1,1,0,0,10,0,0,10,0.3
902,40,0,2,1,9.216000325977802,1,1,0,0,10,0,0,10,0.3
902,40,0,3,1,4.095999989658594,1,1,0,0,10,0,0,10,0.3
903,2,0,0,0,9.216000325977802,1,1,0,0,10,0,0,10,0.32
903,2,0,1,0,31.74399957060814,1,1,0,0,10,0,0,10,0.32
903,2,0,2,0,9.216000325977802,1,1,0,0,10,0,0,10,0.32
903,2,0,3,0,4.095999989658594,1,1,0,0,10,0,0,10,0.32
903,24,0,0,0,9.216000325977802,1,1,0,0,10,0,0,10,0.3
903,24,0,1,0,31.74399957060814,1,1,0,0,10,0,0,10,0.3
903,24,0,2,0,9.216000325977802,1,1,0,0,10,0,0,10,0.3
903,24,0,3,0,4.095999989658594,1,1,0,0,10,0,0,10,0.3
903,40,0,0,1,9.216000325977802,1,1,0,0,10,0,0,10,0.36
903,40,0,1,1,35.840000957250595,1,1,0,0,10,0,0,10,0.36
903,40,0,2,1,9.216000325977802,1,1,0,0,10,0,0,10,0.36
903,40,0,3,1,4.095999989658594,1,1,0,0,10,0,0,10,0.36
904,2,0,0,0,8.191999979317188,4,4,0,1,39,0,0,40,106.509
904,2,0,1,0,84.99199897050858,4,4,0,1,39,0,0,40,106.509
904,2,0,2,0,9.216000325977802,4,4,0,1,39,0,0,40,106.509
904,2,0,3,0,6.144000217318535,4,4,0,1,39,0,0,40,106.509
904,24,0,0,0,8.191999979317188,4,4,0,0,40,0,0,40,1.54
904,24,0,1,0,65.5359998345375,4,4,0,0,40,0,0,40,1.54
904,24,0,2,0,8.191999979317188,4,4,0,0,40,0,0,40,1.54
904,24,0,3,0,4.095999989658594,4,4,0,0,40,0,0,40,1.54
904,40,0,0,1,8.191999979317188,4,4,0,1,39,0,0,40,66.88
904,40,0,1,1,73.72800260782242,4,4,0,1,39,0,0,40,66.88
904,40,0,2,1,9.216000325977802,4,4,0,1,39,0,0,40,66.88
904,40,0,3,1,4.095999989658594,4,4,0,1,39,0,0,40,66.88
905,2,0,0,0,8.191999979317188,4,4,0,0,40,0,0,40,1.48
905,2,0,1,0,76.80000364780426,4,4,0,0,40,0,0,40,1.48
905,2,0,2,0,9.216000325977802,4,4,0,0,40,0,0,40,1.48
905,2,0,3,0,5.119999870657921,4,4,0,0,40,0,0,40,1.48
905,24,0,0,0,9.216000325977802,4,4,0,0,40,0,0,40,1.64
905,24,0,1,0,60.416001826524734,4,4,0,0,40,0,0,40,1.64
905,24,0,2,0,9.216000325977802,4,4,0,0,40,0,0,40,1.64
905,24,0,3,0,4.095999989658594,4,4,0,0,40,0,0,40,1.64
905,40,0,0,1,9.216000325977802,4,4,0,3,37,0,0,40,69.72
905,40,0,1,1,65.5359998345375,4,4,0,3,37,0,0,40,69.72
905,40,0,2,1,9.216000325977802,4,4,0,3,37,0,0,40,69.72
905,40,0,3,1,4.095999989658594,4,4,0,3,37,0,0,40,69.72
906,2,0,0,0,9.216000325977802,3,3,0,0,30,0,0,30,1.46
906,2,0,1,0,70.65600156784058,3,3,0,0,30,0,0,30,1.46
906,2,0,2,0,9.216000325977802,3,3,0,0,30,0,0,30,1.46
906,2,0,3,0,4.095999989658594,3,3,0,0,30,0,0,30,1.46
906,24,0,0,0,7.168000098317862,3,3,0,0,30,0,0,30,0.991
906,24,0,1,0,58.36800113320351,3,3,0,0,30,0,0,30,0.991
906,24,0,2,0,8.191999979317188,3,3,0,0,30,0,0,30,0.991
906,24,0,3,0,4.095999989658594,3,3,0,0,30,0,0,30,0.991
906,40,0,0,1,9.216000325977802,3,3,0,0,30,0,0,30,0.949
906,40,0,1,1,56.32000043988228,3,3,0,0,30,0,0,30,0.949
906,40,0,2,1,9.216000325977802,3,3,0,0,30,0,0,30,0.949
906,40,0,3,1,4.095999989658594,3,3,0,0,30,0,0,30,0.949
907,2,0,0,0,9.216000325977802,1,1,0,0,10,0,0,10,0.52
907,2,0,1,0,31.74399957060814,1,1,0,0,10,0,0,10,0.52
907,2,0,2,0,9.216000325977802,1,1,0,0,10,0,0,10,0.52
907,2,0,3,0,4.095999989658594,1,1,0,0,10,0,0,10,0.52
907,24,0,0,0,8.191999979317188,1,1,0,0,10,0,0,10,0.29
907,24,0,1,0,32.76799991726875,1,1,0,0,10,0,0,10,0.29
907,24,0,2,0,9.216000325977802,1,1,0,0,10,0,0,10,0.29
907,24,0,3,0,4.095999989658594,1,1,0,0,10,0,0,10,0.29
907,40,0,0,1,9.216000325977802,1,1,0,0,10,0,0,10,0.27
907,40,0,1,1,35.840000957250595,1,1,0,0,10,0,0,10,0.27
907,40,0,2,1,9.216000325977802,1,1,0,0,10,0,0,10,0.27
907,40,0,3,1,4.095999989658594,1,1,0,0,10,0,0,10,0.27
908,2,0,0,0,11.264000087976456,2,2,0,0,20,0,0,20,0.82
908,2,0,1,0,44.03200000524521,2,2,0,0,20,0,0,20,0.82
908,2,0,2,0,9.216000325977802,2,2,0,0,20,0,0,20,0.82
908,2,0,3,0,5.119999870657921,2,2,0,0,20,0,0,20,0.82
908,24,0,0,0,8.191999979317188,2,2,0,0,20,0,0,20,1.17
908,24,0,1,0,54.27199974656105,2,2,0,0,20,0,0,20,1.17
908,24,0,2,0,8.191999979317188,2,2,0,0,20,0,0,20,1.17
908,24,0,3,0,4.095999989658594,2,2,0,0,20,0,0,20,1.17
908,40,0,0,1,9.216000325977802,2,2,0,0,20,0,0,20,1.269
908,40,0,1,1,51.19999870657921,2,2,0,0,20,0,0,20,1.269
908,40,0,2,1,9.216000325977802,2,2,0,0,20,0,0,20,1.269
908,40,0,3,1,4.095999989658594,2,2,0,0,20,0,0,20,1.269
909,2,0,0,0,9.216000325977802,3,3,0,0,30,0,0,30,1.93
909,2,0,1,0,63.48799914121628,3,3,0,0,30,0,0,30,1.93
909,2,0,2,0,8.191999979317188,3,3,0,0,30,0,0,30,1.93
909,2,0,3,0,4.095999989658594,3,3,0,0,30,0,0,30,1.93
909,24,0,0,0,8.191999979317188,3,3,0,1,29,0,0,30,51.8
909,24,0,1,0,55.296000093221664,3,3,0,1,29,0,0,30,51.8
909,24,0,2,0,9.216000325977802,3,3,0,1,29,0,0,30,51.8
909,24,0,3,0,4.095999989658594,3,3,0,1,29,0,0,30,51.8
909,40,0,0,1,9.216000325977802,3,3,0,0,30,0,0,30,1.851
909,40,0,1,1,55.296000093221664,3,3,0,0,30,0,0,30,1.851
909,40,0,2,1,9.216000325977802,3,3,0,0,30,0,0,30,1.851
909,40,0,3,1,5.119999870657921,3,3,0,0,30,0,0,30,1.851
910,2,0,0,0,22.52800017595291,4,4,0,0,40,0,0,40,2.92
910,2,0,1,0,76.80000364780426,4,4,0,0,40,0,0,40,2.92
910,2,0,2,0,9.216000325977802,4,4,0,0,40,0,0,40,2.92
910,2,0,3,0,5.119999870657921,4,4,0,0,40,0,0,40,2.92
910,24,0,0,0,68.60800087451935,4,4,0,0,40,0,0,40,2.61
910,24,0,1,0,70.65600156784058,4,4,0,0,40,0,0,40,2.61
910,24,0,2,0,9.216000325977802,4,4,0,0,40,0,0,40,2.61
910,24,0,3,0,4.095999989658594,4,4,0,0,40,0,0,40,2.61
910,40,0,0,1,112.64000087976456,4,4,0,0,40,0,0,40,2.171
910,40,0,1,1,82.94399827718735,4,4,0,0,40,0,0,40,2.171
910,40,0,2,1,9.216000325977802,4,4,0,0,40,0,0,40,2.171
910,40,0,3,1,4.095999989658594,4,4,0,0,40,0,0,40,2.171
911,2,0,0,0,9.216000325977802,4,4,0,0,40,0,0,40,3.05
911,2,0,1,0,76.80000364780426,4,4,0,0,40,0,0,40,3.05
911,2,0,2,0,9.216000325977802,4,4,0,0,40,0,0,40,3.05
911,2,0,3,0,5.119999870657921,4,4,0,0,40,0,0,40,3.05
911,24,0,0,0,9.216000325977802,4,4,0,0,40,0,0,40,2.46
911,24,0,1,0,66.56000018119812,4,4,0,0,40,0,0,40,2.46
911,24,0,2,0,9.216000325977802,4,4,0,0,40,0,0,40,2.46
911,24,0,3,0,4.095999989658594,4,4,0,0,40,0,0,40,2.46
911,40,0,0,1,8.191999979317188,4,4,0,0,40,0,0,40,2.72
911,40,0,1,1,91.13600105047226,4,4,0,0,40,0,0,40,2.72
911,40,0,2,1,9.216000325977802,4,4,0,0,40,0,0,40,2.72
911,40,0,3,1,3.0720001086592674,4,4,0,0,40,0,0,40,2.72
912,2,0,0,0,19.45599913597107,4,4,0,0,40,0,0,40,2.84
912,2,0,1,0,75.77600330114365,4,4,0,0,40,0,0,40,2.84
912,2,0,2,0,9.216000325977802,4,4,0,0,40,0,0,40,2.84
912,2,0,3,0,5.119999870657921,4,4,0,0,40,0,0,40,2.84
912,24,0,0,0,39.93599861860275,4,4,0,0,40,0,0,40,2.25
912,24,0,1,0,80.89599758386612,4,4,0,0,40,0,0,40,2.25
912,24,0,2,0,9.216000325977802,4,4,0,0,40,0,0,40,2.25
912,24,0,3,0,4.095999989658594,4,4,0,0,40,0,0,40,2.25
912,40,0,0,1,34.81600061058998,4,4,0,0,40,0,0,40,2.59
912,40,0,1,1,97.28000313043594,4,4,0,0,40,0,0,40,2.59
912,40,0,2,1,8.191999979317188,4,4,0,0,40,0,0,40,2.59
912,40,0,3,1,4.095999989658594,4,4,0,0,40,0,0,40,2.59
913,2,0,0,0,9.216000325977802,2,2,0,0,20,0,0,20,1.26
913,2,0,1,0,53.247999399900436,2,2,0,0,20,0,0,20,1.26
913,2,0,2,0,9.216000325977802,2,2,0,0,20,0,0,20,1.26
913,2,0,3,0,5.119999870657921,2,2,0,0,20,0,0,20,1.26
913,24,0,0,0,43.007999658584595,2,2,0,0,20,0,0,20,1.089
913,24,0,1,0,45.05600035190582,2,2,0,0,20,0,0,20,1.089
913,24,0,2,0,8.191999979317188,2,2,0,0,20,0,0,20,1.089
913,24,0,3,0,4.095999989658594,2,2,0,0,20,0,0,20,1.089
913,40,0,0,1,56.32000043988228,2,2,0,0,20,0,0,20,1.3
913,40,0,1,1,52.22399905323982,2,2,0,0,20,0,0,20,1.3
913,40,0,2,1,9.216000325977802,2,2,0,0,20,0,0,20,1.3
913,40,0,3,1,4.095999989658594,2,2,0,0,20,0,0,20,1.3
914,2,0,0,0,8.191999979317188,4,4,0,1,39,0,0,40,58.15
914,2,0,1,0,87.0399996638298,4,4,0,1,39,0,0,40,58.15
914,2,0,2,0,9.216000325977802,4,4,0,1,39,0,0,40,58.15
914,2,0,3,0,5.119999870657921,4,4,0,1,39,0,0,40,58.15
914,24,0,0,0,40.95999896526337,4,4,0,0,40,0,0,40,2.36
914,24,0,1,0,75.77600330114365,4,4,0,0,40,0,0,40,2.36
914,24,0,2,0,8.191999979317188,4,4,0,0,40,0,0,40,2.36
914,24,0,3,0,4.095999989658594,4,4,0,0,40,0,0,40,2.36
914,40,0,0,1,8.191999979317188,4,4,0,0,40,0,0,40,2.06
914,40,0,1,1,87.0399996638298,4,4,0,0,40,0,0,40,2.06
914,40,0,2,1,8.191999979317188,4,4,0,0,40,0,0,40,2.06
914,40,0,3,1,3.0720001086592674,4,4,0,0,40,0,0,40,2.06
915,2,0,0,0,51.19999870657921,4,4,0,0,40,0,0,40,2.94
915,2,0,1,0,82.94399827718735,4,4,0,0,40,0,0,40,2.94
915,2,0,2,0,9.216000325977802,4,4,0,0,40,0,0,40,2.94
915,2,0,3,0,5.119999870657921,4,4,0,0,40,0,0,40,2.94
915,24,0,0,0,8.191999979317188,4,4,0,0,40,0,0,40,1.709
915,24,0,1,0,66.56000018119812,4,4,0,0,40,0,0,40,1.709
915,24,0,2,0,9.216000325977802,4,4,0,0,40,0,0,40,1.709
915,24,0,3,0,5.119999870657921,4,4,0,0,40,0,0,40,1.709
915,40,0,0,1,9.216000325977802,4,4,0,0,40,0,0,40,1.691
915,40,0,1,1,79.8719972372055,4,4,0,0,40,0,0,40,1.691
915,40,0,2,1,9.216000325977802,4,4,0,0,40,0,0,40,1.691
915,40,0,3,1,4.095999989658594,4,4,0,0,40,0,0,40,1.691
916,2,0,0,0,9.216000325977802,2,2,0,0,20,0,0,20,1.04
916,2,0,1,0,50.175998359918594,2,2,0,0,20,0,0,20,1.04
916,2,0,2,0,9.216000325977802,2,2,0,0,20,0,0,20,1.04
916,2,0,3,0,6.144000217318535,2,2,0,0,20,0,0,20,1.04
916,24,0,0,0,9.216000325977802,2,2,0,0,20,0,0,20,0.92
916,24,0,1,0,46.08000069856644,2,2,0,0,20,0,0,20,0.92
916,24,0,2,0,8.191999979317188,2,2,0,0,20,0,0,20,0.92
916,24,0,3,0,4.095999989658594,2,2,0,0,20,0,0,20,0.92
916,40,0,0,1,9.216000325977802,2,2,0,0,20,0,0,20,0.869
916,40,0,1,1,46.08000069856644,2,2,0,0,20,0,0,20,0.869
916,40,0,2,1,9.216000325977802,2,2,0,0,20,0,0,20,0.869
916,40,0,3,1,4.095999989658594,2,2,0,0,20,0,0,20,0.869
917,2,0,0,0,9.216000325977802,3,3,0,0,30,0,0,30,1.73
917,2,0,1,0,60.416001826524734,3,3,0,0,30,0,0,30,1.73
917,2,0,2,0,8.191999979317188,3,3,0,0,30,0,0,30,1.73
917,2,0,3,0,4.095999989658594,3,3,0,0,30,0,0,30,1.73
917,24,0,0,0,9.216000325977802,3,3,0,0,30,0,0,30,1.631
917,24,0,1,0,49.15200173854828,3,3,0,0,30,0,0,30,1.631
917,24,0,2,0,9.216000325977802,3,3,0,0,30,0,0,30,1.631
917,24,0,3,0,4.095999989658594,3,3,0,0,30,0,0,30,1.631
917,40,0,0,1,9.216000325977802,3,3,0,0,30,0,0,30,1.809
917,40,0,1,1,47.10400104522705,3,3,0,0,30,0,0,30,1.809
917,40,0,2,1,9.216000325977802,3,3,0,0,30,0,0,30,1.809
917,40,0,3,1,4.095999989658594,3,3,0,0,30,0,0,30,1.809
918,2,0,0,0,89.08800035715103,4,4,0,1,39,0,0,40,52.57
918,2,0,1,0,83.96799862384796,4,4,0,1,39,0,0,40,52.57
918,2,0,2,0,9.216000325977802,4,4,0,1,39,0,0,40,52.57
918,2,0,3,0,6.144000217318535,4,4,0,1,39,0,0,40,52.57
918,24,0,0,0,78.84799689054489,4,4,0,0,40,0,0,40,2.82
918,24,0,1,0,63.48799914121628,4,4,0,0,40,0,0,40,2.82
918,24,0,2,0,9.216000325977802,4,4,0,0,40,0,0,40,2.82
918,24,0,3,0,5.119999870657921,4,4,0,0,40,0,0,40,2.82
918,40,0,0,1,70.65600156784058,4,4,0,0,40,0,0,40,3.47
918,40,0,1,1,94.2080020904541,4,4,0,0,40,0,0,40,3.47
918,40,0,2,1,9.216000325977802,4,4,0,0,40,0,0,40,3.47
918,40,0,3,1,4.095999989658594,4,4,0,0,40,0,0,40,3.47
919,2,0,0,0,73.72800260782242,4,4,0,0,40,0,0,40,2.72
919,2,0,1,0,82.94399827718735,4,4,0,0,40,0,0,40,2.72
919,2,0,2,0,9.216000325977802,4,4,0,0,40,0,0,40,2.72
919,2,0,3,0,5.119999870657921,4,4,0,0,40,0,0,40,2.72
919,24,0,0,0,50.175998359918594,4,4,0,0,40,0,0,40,2.391
919,24,0,1,0,65.5359998345375,4,4,0,0,40,0,0,40,2.391
919,24,0,2,0,9.216000325977802,4,4,0,0,40,0,0,40,2.391
919,24,0,3,0,4.095999989658594,4,4,0,0,40,0,0,40,2.391
919,40,0,0,1,8.191999979317188,4,4,0,1,39,0,0,40,69.44
919,40,0,1,1,88.06400001049042,4,4,0,1,39,0,0,40,69.44
919,40,0,2,1,9.216000325977802,4,4,0,1,39,0,0,40,69.44
919,40,0,3,1,4.095999989658594,4,4,0,1,39,0,0,40,69.44
920,2,0,0,0,41.98399931192398,1,1,0,0,10,0,0,10,0.82
920,2,0,1,0,31.74399957060814,1,1,0,0,10,0,0,10,0.82
920,2,0,2,0,9.216000325977802,1,1,0,0,10,0,0,10,0.82
920,2,0,3,0,6.144000217318535,1,1,0,0,10,0,0,10,0.82
920,24,0,0,0,22.52800017595291,1,1,0,0,10,0,0,10,0.8
920,24,0,1,0,31.74399957060814,1,1,0,0,10,0,0,10,0.8
920,24,0,2,0,9.216000325977802,1,1,0,0,10,0,0,10,0.8
920,24,0,3,0,4.095999989658594,1,1,0,0,10,0,0,10,0.8
920,40,0,0,1,8.191999979317188,1,1,0,0,10,0,0,10,0.46
920,40,0,1,1,35.840000957250595,1,1,0,0,10,0,0,10,0.46
920,40,0,2,1,9.216000325977802,1,1,0,0,10,0,0,10,0.46
920,40,0,3,1,3.0720001086592674,1,1,0,0,10,0,0,10,0.46
921,2,0,0,0,9.216000325977802,4,4,0,2,38,0,0,40,134.839
921,2,0,1,0,90.11200070381165,4,4,0,2,38,0,0,40,134.839
921,2,0,2,0,9.216000325977802,4,4,0,2,38,0,0,40,134.839
921,2,0,3,0,22.52800017595291,4,4,0,2,38,0,0,40,134.839
921,24,0,0,0,8.191999979317188,4,4,0,0,40,0,0,40,2.01
921,24,0,1,0,62.463998794555664,4,4,0,0,40,0,0,40,2.01
921,24,0,2,0,9.216000325977802,4,4,0,0,40,0,0,40,2.01
921,24,0,3,0,4.095999989658594,4,4,0,0,40,0,0,40,2.01
921,40,0,0,1,8.191999979317188,4,4,0,0,40,0,0,40,1.86
921,40,0,1,1,47.10400104522705,4,4,0,0,40,0,0,40,1.86
921,40,0,2,1,8.191999979317188,4,4,0,0,40,0,0,40,1.86
921,40,0,3,1,4.095999989658594,4,4,0,0,40,0,0,40,1.86
922,2,0,0,0,8.191999979317188,4,4,0,0,40,0,0,40,2.46
922,2,0,1,0,87.0399996638298,4,4,0,0,40,0,0,40,2.46
922,2,0,2,0,9.216000325977802,4,4,0,0,40,0,0,40,2.46
922,2,0,3,0,6.144000217318535,4,4,0,0,40,0,0,40,2.46
922,24,0,0,0,8.191999979317188,4,4,0,0,40,0,0,40,1.72
922,24,0,1,0,70.65600156784058,4,4,0,0,40,0,0,40,1.72
922,24,0,2,0,9.216000325977802,4,4,0,0,40,0,0,40,1.72
922,24,0,3,0,4.095999989658594,4,4,0,0,40,0,0,40,1.72
922,40,0,0,1,9.216000325977802,4,4,0,0,40,0,0,40,2.44
922,40,0,1,1,86.01599931716919,4,4,0,0,40,0,0,40,2.44
922,40,0,2,1,9.216000325977802,4,4,0,0,40,0,0,40,2.44
922,40,0,3,1,4.095999989658594,4,4,0,0,40,0,0,40,2.44
923,2,0,0,0,8.191999979317188,4,4,0,0,40,0,0,40,2.5
923,2,0,1,0,83.96799862384796,4,4,0,0,40,0,0,40,2.5
923,2,0,2,0,9.216000325977802,4,4,0,0,40,0,0,40,2.5
923,2,0,3,0,4.095999989658594,4,4,0,0,40,0,0,40,2.5
923,24,0,0,0,7.168000098317862,4,4,0,1,39,0,0,40,57.499
923,24,0,1,0,82.94399827718735,4,4,0,1,39,0,0,40,57.499
923,24,0,2,0,9.216000325977802,4,4,0,1,39,0,0,40,57.499
923,24,0,3,0,4.095999989658594,4,4,0,1,39,0,0,40,57.499
923,40,0,0,1,8.191999979317188,4,4,0,0,40,0,0,40,2.03
923,40,0,1,1,75.77600330114365,4,4,0,0,40,0,0,40,2.03
923,40,0,2,1,9.216000325977802,4,4,0,0,40,0,0,40,2.03
923,40,0,3,1,4.095999989658594,4,4,0,0,40,0,0,40,2.03
924,2,0,0,0,8.191999979317188,4,4,0,0,40,0,0,40,2.15
924,2,0,1,0,77.82399654388428,4,4,0,0,40,0,0,40,2.15
924,2,0,2,0,9.216000325977802,4,4,0,0,40,0,0,40,2.15
924,2,0,3,0,6.144000217318535,4,4,0,0,40,0,0,40,2.15
924,24,0,0,0,8.191999979317188,4,4,0,1,39,0,0,40,52.389
924,24,0,1,0,89.08800035715103,4,4,0,1,39,0,0,40,52.389
924,24,0,2,0,8.191999979317188,4,4,0,1,39,0,0,40,52.389
924,24,0,3,0,4.095999989658594,4,4,0,1,39,0,0,40,52.389
924,40,0,0,1,8.191999979317188,4,4,0,0,40,0,0,40,1.969
924,40,0,1,1,62.463998794555664,4,4,0,0,40,0,0,40,1.969
924,40,0,2,1,9.216000325977802,4,4,0,0,40,0,0,40,1.969
924,40,0,3,1,4.095999989658594,4,4,0,0,40,0,0,40,1.969
925,2,0,0,0,9.216000325977802,4,4,0,0,40,0,0,40,2.68
925,2,0,1,0,94.2080020904541,4,4,0,0,40,0,0,40,2.68
925,2,0,2,0,9.216000325977802,4,4,0,0,40,0,0,40,2.68
925,2,0,3,0,6.144000217318535,4,4,0,0,40,0,0,40,2.68
925,24,0,0,0,8.191999979317188,4,4,0,1,39,0,0,40,47.089
925,24,0,1,0,83.96799862384796,4,4,0,1,39,0,0,40,47.089
925,24,0,2,0,9.216000325977802,4,4,0,1,39,0,0,40,47.089
925,24,0,3,0,4.095999989658594,4,4,0,1,39,0,0,40,47.089
925,40,0,0,1,8.191999979317188,4,4,0,1,39,0,0,40,63.46
925,40,0,1,1,91.13600105047226,4,4,0,1,39,0,0,40,63.46
925,40,0,2,1,9.216000325977802,4,4,0,1,39,0,0,40,63.46
925,40,0,3,1,4.095999989658594,4,4,0,1,39,0,0,40,63.46
926,2,0,0,0,9.216000325977802,4,4,0,0,40,0,0,40,2.47
926,2,0,1,0,87.0399996638298,4,4,0,0,40,0,0,40,2.47
926,2,0,2,0,9.216000325977802,4,4,0,0,40,0,0,40,2.47
926,2,0,3,0,5.119999870657921,4,4,0,0,40,0,0,40,2.47
926,24,0,0,0,9.216000325977802,4,4,0,1,39,0,0,40,55.129
926,24,0,1,0,77.82399654388428,4,4,0,1,39,0,0,40,55.129
926,24,0,2,0,9.216000325977802,4,4,0,1,39,0,0,40,55.129
926,24,0,3,0,4.095999989658594,4,4,0,1,39,0,0,40,55.129
926,40,0,0,1,8.191999979317188,4,4,0,2,38,0,0,40,97.48
926,40,0,1,1,72.7040022611618,4,4,0,2,38,0,0,40,97.48
926,40,0,2,1,10.239999741315842,4,4,0,2,38,0,0,40,97.48
926,40,0,3,1,5.119999870657921,4,4,0,2,38,0,0,40,97.48
927,2,0,0,0,9.216000325977802,4,4,0,0,40,0,0,40,2.54
927,2,0,1,0,84.99199897050858,4,4,0,0,40,0,0,40,2.54
927,2,0,2,0,9.216000325977802,4,4,0,0,40,0,0,40,2.54
927,2,0,3,0,8.191999979317188,4,4,0,0,40,0,0,40,2.54
927,24,0,0,0,8.191999979317188,4,4,0,0,40,0,0,40,1.92
927,24,0,1,0,90.11200070381165,4,4,0,0,40,0,0,40,1.92
927,24,0,2,0,9.216000325977802,4,4,0,0,40,0,0,40,1.92
927,24,0,3,0,4.095999989658594,4,4,0,0,40,0,0,40,1.92
927,40,0,0,1,9.216000325977802,4,4,0,0,40,0,0,40,1.77
927,40,0,1,1,69.63200122117996,4,4,0,0,40,0,0,40,1.77
927,40,0,2,1,8.191999979317188,4,4,0,0,40,0,0,40,1.77
927,40,0,3,1,4.095999989658594,4,4,0,0,40,0,0,40,1.77
928,2,0,0,0,9.216000325977802,4,4,0,1,39,0,0,40,71.21
928,2,0,1,0,94.2080020904541,4,4,0,1,39,0,0,40,71.21
928,2,0,2,0,9.216000325977802,4,4,0,1,39,0,0,40,71.21
928,2,0,3,0,5.119999870657921,4,4,0,1,39,0,0,40,71.21
928,24,0,0,0,8.191999979317188,4,4,0,0,40,0,0,40,1.76
928,24,0,1,0,81.91999793052673,4,4,0,0,40,0,0,40,1.76
928,24,0,2,0,9.216000325977802,4,4,0,0,40,0,0,40,1.76
928,24,0,3,0,4.095999989658594,4,4,0,0,40,0,0,40,1.76
928,40,0,0,1,8.191999979317188,4,4,0,0,40,0,0,40,1.82
928,40,0,1,1,69.63200122117996,4,4,0,0,40,0,0,40,1.82
928,40,0,2,1,9.216000325977802,4,4,0,0,40,0,0,40,1.82
928,40,0,3,1,4.095999989658594,4,4,0,0,40,0,0,40,1.82
929,2,0,0,0,15.359999611973763,4,4,0,0,40,0,0,40,1.991
929,2,0,1,0,78.84799689054489,4,4,0,0,40,0,0,40,1.991
929,2,0,2,0,9.216000325977802,4,4,0,0,40,0,0,40,1.991
929,2,0,3,0,5.119999870657921,4,4,0,0,40,0,0,40,1.991
929,24,0,0,0,8.191999979317188,4,4,0,2,38,0,0,40,97.82
929,24,0,1,0,81.91999793052673,4,4,0,2,38,0,0,40,97.82
929,24,0,2,0,9.216000325977802,4,4,0,2,38,0,0,40,97.82
929,24,0,3,0,4.095999989658594,4,4,0,2,38,0,0,40,97.82
929,40,0,0,1,9.216000325977802,4,4,0,1,39,0,0,40,64.879
929,40,0,1,1,89.08800035715103,4,4,0,1,39,0,0,40,64.879
929,40,0,2,1,8.191999979317188,4,4,0,1,39,0,0,40,64.879
929,40,0,3,1,5.119999870657921,4,4,0,1,39,0,0,40,64.879
930,2,0,0,0,9.216000325977802,4,4,0,1,39,0,0,40,51.589
930,2,0,1,0,90.11200070381165,4,4,0,1,39,0,0,40,51.589
930,2,0,2,0,9.216000325977802,4,4,0,1,39,0,0,40,51.589
930,2,0,3,0,5.119999870657921,4,4,0,1,39,0,0,40,51.589
930,24,0,0,0,9.216000325977802,4,4,0,0,40,0,0,40,2.64
930,24,0,1,0,93.18400174379349,4,4,0,0,40,0,0,40,2.64
930,24,0,2,0,9.216000325977802,4,4,0,0,40,0,0,40,2.64
930,24,0,3,0,4.095999989658594,4,4,0,0,40,0,0,40,2.64
930,40,0,0,1,9.216000325977802,4,4,0,2,38,0,0,40,111.529
930,40,0,1,1,99.32799637317657,4,4,0,2,38,0,0,40,111.529
930,40,0,2,1,8.191999979317188,4,4,0,2,38,0,0,40,111.529
930,40,0,3,1,4.095999989658594,4,4,0,2,38,0,0,40,111.529
931,2,0,0,0,8.191999979317188,4,4,0,1,39,0,0,40,56.22
931,2,0,1,0,82.94399827718735,4,4,0,1,39,0,0,40,56.22
931,2,0,2,0,9.216000325977802,4,4,0,1,39,0,0,40,56.22
931,2,0,3,0,6.144000217318535,4,4,0,1,39,0,0,40,56.22
931,24,0,0,0,9.216000325977802,4,4,0,1,39,0,0,40,125.059
931,24,0,1,0,83.96799862384796,4,4,0,1,39,0,0,40,125.059
931,24,0,2,0,8.191999979317188,4,4,0,1,39,0,0,40,125.059
931,24,0,3,0,21.503999829292297,4,4,0,1,39,0,0,40,125.059
931,40,0,0,1,8.191999979317188,4,4,0,0,40,0,0,40,2.46
931,40,0,1,1,92.16000139713287,4,4,0,0,40,0,0,40,2.46
931,40,0,2,1,9.216000325977802,4,4,0,0,40,0,0,40,2.46
931,40,0,3,1,4.095999989658594,4,4,0,0,40,0,0,40,2.46
932,2,0,0,0,9.216000325977802,4,4,0,0,40,0,0,40,2.59
932,2,0,1,0,90.11200070381165,4,4,0,0,40,0,0,40,2.59
932,2,0,2,0,8.191999979317188,4,4,0,0,40,0,0,40,2.59
932,2,0,3,0,8.191999979317188,4,4,0,0,40,0,0,40,2.59
932,24,0,0,0,8.191999979317188,4,4,0,1,39,0,0,40,51.06
932,24,0,1,0,67.58400052785873,4,4,0,1,39,0,0,40,51.06
932,24,0,2,0,8.191999979317188,4,4,0,1,39,0,0,40,51.06
932,24,0,3,0,4.095999989658594,4,4,0,1,39,0,0,40,51.06
932,40,0,0,1,8.191999979317188,4,4,0,0,40,0,0,40,1.971
932,40,0,1,1,78.84799689054489,4,4,0,0,40,0,0,40,1.971
932,40,0,2,1,9.216000325977802,4,4,0,0,40,0,0,40,1.971
932,40,0,3,1,4.095999989658594,4,4,0,0,40,0,0,40,1.971
933,2,0,0,0,9.216000325977802,4,4,0,0,40,0,0,40,2.47
933,2,0,1,0,81.91999793052673,4,4,0,0,40,0,0,40,2.47
933,2,0,2,0,9.216000325977802,4,4,0,0,40,0,0,40,2.47
933,2,0,3,0,5.119999870657921,4,4,0,0,40,0,0,40,2.47
933,24,0,0,0,8.191999979317188,4,4,0,4,35,1,0,40,185.348
933,24,0,1,0,75.77600330114365,4,4,0,4,35,1,0,40,185.348
933,24,0,2,0,162.81600296497345,4,4,0,4,35,1,0,40,185.348
933,24,0,3,0,4.095999989658594,4,4,0,4,35,1,0,40,185.348
933,40,0,0,1,8.191999979317188,4,4,0,0,40,0,0,40,2.671
933,40,0,1,1,86.01599931716919,4,4,0,0,40,0,0,40,2.671
933,40,0,2,1,9.216000325977802,4,4,0,0,40,0,0,40,2.671
933,40,0,3,1,3.0720001086592674,4,4,0,0,40,0,0,40,2.671
934,2,0,0,0,8.191999979317188,4,4,0,1,39,0,0,40,99.67
934,2,0,1,0,71.68000191450119,4,4,0,1,39,0,0,40,99.67
934,2,0,2,0,10.239999741315842,4,4,0,1,39,0,0,40,99.67
934,2,0,3,0,5.119999870657921,4,4,0,1,39,0,0,40,99.67
934,24,0,0,0,8.191999979317188,4,4,0,3,36,1,0,40,140.179
934,24,0,1,0,81.91999793052673,4,4,0,3,36,1,0,40,140.179
934,24,0,2,0,163.83999586105347,4,4,0,3,36,1,0,40,140.179
934,24,0,3,0,4.095999989658594,4,4,0,3,36,1,0,40,140.179
934,40,0,0,1,16.383999958634377,4,4,0,1,39,0,0,40,83.179
934,40,0,1,1,89.08800035715103,4,4,0,1,39,0,0,40,83.179
934,40,0,2,1,8.191999979317188,4,4,0,1,39,0,0,40,83.179
934,40,0,3,1,4.095999989658594,4,4,0,1,39,0,0,40,83.179
935,2,0,0,0,9.216000325977802,4,4,0,0,40,0,0,40,2.73
935,2,0,1,0,73.72800260782242,4,4,0,0,40,0,0,40,2.73
935,2,0,2,0,9.216000325977802,4,4,0,0,40,0,0,40,2.73
935,2,0,3,0,6.144000217318535,4,4,0,0,40,0,0,40,2.73
935,24,0,0,0,7.168000098317862,4,4,0,0,40,0,0,40,2.94
935,24,0,1,0,80.89599758386612,4,4,0,0,40,0,0,40,2.94
935,24,0,2,0,9.216000325977802,4,4,0,0,40,0,0,40,2.94
935,24,0,3,0,4.095999989658594,4,4,0,0,40,0,0,40,2.94
935,40,0,0,1,9.216000325977802,4,4,0,0,40,0,0,40,1.9
935,40,0,1,1,68.60800087451935,4,4,0,0,40,0,0,40,1.9
935,40,0,2,1,9.216000325977802,4,4,0,0,40,0,0,40,1.9
935,40,0,3,1,4.095999989658594,4,4,0,0,40,0,0,40,1.9
936,2,0,0,0,8.191999979317188,4,4,0,0,40,0,0,40,2.92
936,2,0,1,0,79.8719972372055,4,4,0,0,40,0,0,40,2.92
936,2,0,2,0,9.216000325977802,4,4,0,0,40,0,0,40,2.92
936,2,0,3,0,5.119999870657921,4,4,0,0,40,0,0,40,2.92
936,24,0,0,0,8.191999979317188,4,4,0,0,40,0,0,40,3.251
936,24,0,1,0,93.18400174379349,4,4,0,0,40,0,0,40,3.251
936,24,0,2,0,9.216000325977802,4,4,0,0,40,0,0,40,3.251
936,24,0,3,0,4.095999989658594,4,4,0,0,40,0,0,40,3.251
936,40,0,0,1,9.216000325977802,4,4,0,0,40,0,0,40,2.24
936,40,0,1,1,95.23200243711472,4,4,0,0,40,0,0,40,2.24
936,40,0,2,1,9.216000325977802,4,4,0,0,40,0,0,40,2.24
936,40,0,3,1,4.095999989658594,4,4,0,0,40,0,0,40,2.24
937,2,0,0,0,9.216000325977802,4,4,0,1,39,0,0,40,53.051
937,2,0,1,0,67.58400052785873,4,4,0,1,39,0,0,40,53.051
937,2,0,2,0,9.216000325977802,4,4,0,1,39,0,0,40,53.051
937,2,0,3,0,5.119999870657921,4,4,0,1,39,0,0,40,53.051
937,24,0,0,0,8.191999979317188,4,4,0,2,38,0,0,40,102.709
937,24,0,1,0,83.96799862384796,4,4,0,2,38,0,0,40,102.709
937,24,0,2,0,9.216000325977802,4,4,0,2,38,0,0,40,102.709
937,24,0,3,0,4.095999989658594,4,4,0,2,38,0,0,40,102.709
937,40,0,0,1,8.191999979317188,4,4,0,0,40,0,0,40,2.47
937,40,0,1,1,92.16000139713287,4,4,0,0,40,0,0,40,2.47
937,40,0,2,1,9.216000325977802,4,4,0,0,40,0,0,40,2.47
937,40,0,3,1,4.095999989658594,4,4,0,0,40,0,0,40,2.47
938,2,0,0,0,9.216000325977802,4,4,0,0,40,0,0,40,2.8
938,2,0,1,0,73.72800260782242,4,4,0,0,40,0,0,40,2.8
938,2,0,2,0,9.216000325977802,4,4,0,0,40,0,0,40,2.8
938,2,0,3,0,6.144000217318535,4,4,0,0,40,0,0,40,2.8
938,24,0,0,0,9.216000325977802,4,4,0,1,39,0,0,40,60.49
938,24,0,1,0,77.82399654388428,4,4,0,1,39,0,0,40,60.49
938,24,0,2,0,9.216000325977802,4,4,0,1,39,0,0,40,60.49
938,24,0,3,0,4.095999989658594,4,4,0,1,39,0,0,40,60.49
938,40,0,0,1,8.191999979317188,4,4,0,1,39,0,0,40,57.88
938,40,0,1,1,90.11200070381165,4,4,0,1,39,0,0,40,57.88
938,40,0,2,1,9.216000325977802,4,4,0,1,39,0,0,40,57.88
938,40,0,3,1,4.095999989658594,4,4,0,1,39,0,0,40,57.88
939,2,0,0,0,9.216000325977802,4,4,0,0,40,0,0,40,3.23
939,2,0,1,0,91.13600105047226,4,4,0,0,40,0,0,40,3.23
939,2,0,2,0,9.216000325977802,4,4,0,0,40,0,0,40,3.23
939,2,0,3,0,7.168000098317862,4,4,0,0,40,0,0,40,3.23
939,24,0,0,0,8.191999979317188,4,4,0,1,39,0,0,40,51.94
939,24,0,1,0,86.01599931716919,4,4,0,1,39,0,0,40,51.94
939,24,0,2,0,9.216000325977802,4,4,0,1,39,0,0,40,51.94
939,24,0,3,0,4.095999989658594,4,4,0,1,39,0,0,40,51.94
939,40,0,0,1,9.216000325977802,4,4,0,1,39,0,0,40,59.299
939,40,0,1,1,64.51199948787689,4,4,0,1,39,0,0,40,59.299
939,40,0,2,1,9.216000325977802,4,4,0,1,39,0,0,40,59.299
939,40,0,3,1,4.095999989658594,4,4,0,1,39,0,0,40,59.299
940,2,0,0,0,9.216000325977802,4,4,0,0,40,0,0,40,2.92
940,2,0,1,0,80.89599758386612,4,4,0,0,40,0,0,40,2.92
940,2,0,2,0,9.216000325977802,4,4,0,0,40,0,0,40,2.92
940,2,0,3,0,5.119999870657921,4,4,0,0,40,0,0,40,2.92
940,24,0,0,0,7.168000098317862,4,4,0,2,38,0,0,40,96.51
940,24,0,1,0,63.48799914121628,4,4,0,2,38,0,0,40,96.51
940,24,0,2,0,9.216000325977802,4,4,0,2,38,0,0,40,96.51
940,24,0,3,0,13.311999849975109,4,4,0,2,38,0,0,40,96.51
940,40,0,0,1,8.191999979317188,4,4,0,0,40,0,0,40,3.23
940,40,0,1,1,99.32799637317657,4,4,0,0,40,0,0,40,3.23
940,40,0,2,1,9.216000325977802,4,4,0,0,40,0,0,40,3.23
940,40,0,3,1,4.095999989658594,4,4,0,0,40,0,0,40,3.23
941,2,0,0,0,8.191999979317188,4,4,0,0,40,0,0,40,2.3
941,2,0,1,0,96.25600278377533,4,4,0,0,40,0,0,40,2.3
941,2,0,2,0,9.216000325977802,4,4,0,0,40,0,0,40,2.3
941,2,0,3,0,5.119999870657921,4,4,0,0,40,0,0,40,2.3
941,24,0,0,0,7.168000098317862,4,4,0,2,38,0,0,40,109.42
941,24,0,1,0,74.75200295448303,4,4,0,2,38,0,0,40,109.42
941,24,0,2,0,8.191999979317188,4,4,0,2,38,0,0,40,109.42
941,24,0,3,0,11.264000087976456,4,4,0,2,38,0,0,40,109.42
941,40,0,0,1,8.191999979317188,4,4,0,0,40,0,0,40,2.33
941,40,0,1,1,69.63200122117996,4,4,0,0,40,0,0,40,2.33
941,40,0,2,1,9.216000325977802,4,4,0,0,40,0,0,40,2.33
941,40,0,3,1,4.095999989658594,4,4,0,0,40,0,0,40,2.33
942,2,0,0,0,9.216000325977802,4,4,0,0,40,0,0,40,3.591
942,2,0,1,0,90.11200070381165,4,4,0,0,40,0,0,40,3.591
942,2,0,2,0,8.191999979317188,4,4,0,0,40,0,0,40,3.591
942,2,0,3,0,7.168000098317862,4,4,0,0,40,0,0,40,3.591
942,24,0,0,0,7.168000098317862,4,4,0,2,38,0,0,40,87.15
942,24,0,1,0,91.13600105047226,4,4,0,2,38,0,0,40,87.15
942,24,0,2,0,9.216000325977802,4,4,0,2,38,0,0,40,87.15
942,24,0,3,0,4.095999989658594,4,4,0,2,38,0,0,40,87.15
942,40,0,0,1,8.191999979317188,4,4,0,0,40,0,0,40,3.07
942,40,0,1,1,101.3759970664978,4,4,0,0,40,0,0,40,3.07
942,40,0,2,1,9.216000325977802,4,4,0,0,40,0,0,40,3.07
942,40,0,3,1,4.095999989658594,4,4,0,0,40,0,0,40,3.07
943,2,0,0,0,9.216000325977802,4,4,0,0,40,0,0,40,2.43
943,2,0,1,0,67.58400052785873,4,4,0,0,40,0,0,40,2.43
943,2,0,2,0,9.216000325977802,4,4,0,0,40,0,0,40,2.43
943,2,0,3,0,6.144000217318535,4,4,0,0,40,0,0,40,2.43
943,24,0,0,0,8.191999979317188,4,4,0,2,38,0,0,40,84.3
943,24,0,1,0,77.82399654388428,4,4,0,2,38,0,0,40,84.3
943,24,0,2,0,9.216000325977802,4,4,0,2,38,0,0,40,84.3
943,24,0,3,0,4.095999989658594,4,4,0,2,38,0,0,40,84.3
943,40,0,0,1,8.191999979317188,4,4,0,2,38,0,0,40,107.749
943,40,0,1,1,80.89599758386612,4,4,0,2,38,0,0,40,107.749
943,40,0,2,1,9.216000325977802,4,4,0,2,38,0,0,40,107.749
943,40,0,3,1,6.144000217318535,4,4,0,2,38,0,0,40,107.749
944,2,0,0,0,9.216000325977802,4,4,0,0,40,0,0,40,2.56
944,2,0,1,0,76.80000364780426,4,4,0,0,40,0,0,40,2.56
944,2,0,2,0,8.191999979317188,4,4,0,0,40,0,0,40,2.56
944,2,0,3,0,5.119999870657921,4,4,0,0,40,0,0,40,2.56
944,24,0,0,0,8.191999979317188,4,4,0,0,40,0,0,40,2.38
944,24,0,1,0,91.13600105047226,4,4,0,0,40,0,0,40,2.38
944,24,0,2,0,8.191999979317188,4,4,0,0,40,0,0,40,2.38
944,24,0,3,0,4.095999989658594,4,4,0,0,40,0,0,40,2.38
944,40,0,0,1,9.216000325977802,4,4,0,0,40,0,0,40,3.39
944,40,0,1,1,95.23200243711472,4,4,0,0,40,0,0,40,3.39
944,40,0,2,1,9.216000325977802,4,4,0,0,40,0,0,40,3.39
944,40,0,3,1,4.095999989658594,4,4,0,0,40,0,0,40,3.39
945,2,0,0,0,680.9599995613098,4,4,0,0,40,0,0,40,3.24
945,2,0,1,0,83.96799862384796,4,4,0,0,40,0,0,40,3.24
945,2,0,2,0,9.216000325977802,4,4,0,0,40,0,0,40,3.24
945,2,0,3,0,5.119999870657921,4,4,0,0,40,0,0,40,3.24
945,24,0,0,0,8.191999979317188,4,4,0,0,40,0,0,40,2.64
945,24,0,1,0,86.01599931716919,4,4,0,0,40,0,0,40,2.64
945,24,0,2,0,8.191999979317188,4,4,0,0,40,0,0,40,2.64
945,24,0,3,0,4.095999989658594,4,4,0,0,40,0,0,40,2.64
945,40,0,0,1,8.191999979317188,4,4,0,1,39,0,0,40,58.35
945,40,0,1,1,75.77600330114365,4,4,0,1,39,0,0,40,58.35
945,40,0,2,1,9.216000325977802,4,4,0,1,39,0,0,40,58.35
945,40,0,3,1,4.095999989658594,4,4,0,1,39,0,0,40,58.35
946,2,0,0,0,169.98399794101715,4,4,0,0,40,0,0,40,3.16
946,2,0,1,0,64.51199948787689,4,4,0,0,40,0,0,40,3.16
946,2,0,2,0,9.216000325977802,4,4,0,0,40,0,0,40,3.16
946,2,0,3,0,5.119999870657921,4,4,0,0,40,0,0,40,3.16
946,24,0,0,0,29.69600073993206,4,4,0,0,40,0,0,40,2.86
946,24,0,1,0,62.463998794555664,4,4,0,0,40,0,0,40,2.86
946,24,0,2,0,9.216000325977802,4,4,0,0,40,0,0,40,2.86
946,24,0,3,0,4.095999989658594,4,4,0,0,40,0,0,40,2.86
946,40,0,0,1,33.79200026392937,4,4,0,0,40,0,0,40,2.3
946,40,0,1,1,81.91999793052673,4,4,0,0,40,0,0,40,2.3
946,40,0,2,1,9.216000325977802,4,4,0,0,40,0,0,40,2.3
946,40,0,3,1,4.095999989658594,4,4,0,0,40,0,0,40,2.3
947,2,0,0,0,991.2319779396057,4,4,0,0,40,0,0,40,3.109
947,2,0,1,0,90.11200070381165,4,4,0,0,40,0,0,40,3.109
947,2,0,2,0,9.216000325977802,4,4,0,0,40,0,0,40,3.109
947,2,0,3,0,6.144000217318535,4,4,0,0,40,0,0,40,3.109
947,24,0,0,0,36.86400130391121,4,4,0,0,40,0,0,40,8.67
947,24,0,1,0,77.82399654388428,4,4,0,0,40,0,0,40,8.67
947,24,0,2,0,9.216000325977802,4,4,0,0,40,0,0,40,8.67
947,24,0,3,0,4.095999989658594,4,4,0,0,40,0,0,40,8.67
947,40,0,0,1,8.191999979317188,4,4,0,3,37,0,0,40,164.6
947,40,0,1,1,78.84799689054489,4,4,0,3,37,0,0,40,164.6
947,40,0,2,1,9.216000325977802,4,4,0,3,37,0,0,40,164.6
947,40,0,3,1,68.60800087451935,4,4,0,3,37,0,0,40,164.6
948,2,0,0,0,24.57600086927414,1,1,0,0,10,0,0,10,0.98
948,2,0,1,0,32.76799991726875,1,1,0,0,10,0,0,10,0.98
948,2,0,2,0,8.191999979317188,1,1,0,0,10,0,0,10,0.98
948,2,0,3,0,5.119999870657921,1,1,0,0,10,0,0,10,0.98
948,24,0,0,0,7.168000098317862,1,1,0,0,10,0,0,10,0.79
948,24,0,1,0,31.74399957060814,1,1,0,0,10,0,0,10,0.79
948,24,0,2,0,9.216000325977802,1,1,0,0,10,0,0,10,0.79
948,24,0,3,0,4.095999989658594,1,1,0,0,10,0,0,10,0.79
948,40,0,0,1,9.216000325977802,1,1,0,0,10,0,0,10,1.231
948,40,0,1,1,35.840000957250595,1,1,0,0,10,0,0,10,1.231
948,40,0,2,1,9.216000325977802,1,1,0,0,10,0,0,10,1.231
948,40,0,3,1,4.095999989658594,1,1,0,0,10,0,0,10,1.231
949,2,0,0,0,104.44799810647964,4,4,0,3,37,0,0,40,213.459
949,2,0,1,0,68.60800087451935,4,4,0,3,37,0,0,40,213.459
949,2,0,2,0,8.191999979317188,4,4,0,3,37,0,0,40,213.459
949,2,0,3,0,132.09599256515503,4,4,0,3,37,0,0,40,213.459
949,24,0,0,0,8.191999979317188,4,4,0,1,39,0,0,40,61.4
949,24,0,1,0,68.60800087451935,4,4,0,1,39,0,0,40,61.4
949,24,0,2,0,9.216000325977802,4,4,0,1,39,0,0,40,61.4
949,24,0,3,0,4.095999989658594,4,4,0,1,39,0,0,40,61.4
949,40,0,0,1,13.311999849975109,4,4,0,0,40,0,0,40,2.779
949,40,0,1,1,83.96799862384796,4,4,0,0,40,0,0,40,2.779
949,40,0,2,1,9.216000325977802,4,4,0,0,40,0,0,40,2.779
949,40,0,3,1,4.095999989658594,4,4,0,0,40,0,0,40,2.779
950,2,0,0,0,77.82399654388428,4,4,0,1,39,0,0,40,78.05
950,2,0,1,0,77.82399654388428,4,4,0,1,39,0,0,40,78.05
950,2,0,2,0,9.216000325977802,4,4,0,1,39,0,0,40,78.05
950,2,0,3,0,5.119999870657921,4,4,0,1,39,0,0,40,78.05
950,24,0,0,0,9.216000325977802,4,4,0,1,39,0,0,40,53.24
950,24,0,1,0,79.8719972372055,4,4,0,1,39,0,0,40,53.24
950,24,0,2,0,9.216000325977802,4,4,0,1,39,0,0,40,53.24
950,24,0,3,0,4.095999989658594,4,4,0,1,39,0,0,40,53.24
950,40,0,0,1,69.63200122117996,4,4,0,1,39,0,0,40,67.049
950,40,0,1,1,68.60800087451935,4,4,0,1,39,0,0,40,67.049
950,40,0,2,1,9.216000325977802,4,4,0,1,39,0,0,40,67.049
950,40,0,3,1,4.095999989658594,4,4,0,1,39,0,0,40,67.049
951,2,0,0,0,10.239999741315842,3,3,0,2,28,0,0,30,85.889
951,2,0,1,0,68.60800087451935,3,3,0,2,28,0,0,30,85.889
951,2,0,2,0,9.216000325977802,3,3,0,2,28,0,0,30,85.889
951,2,0,3,0,6.144000217318535,3,3,0,2,28,0,0,30,85.889
951,24,0,0,0,60.416001826524734,3,3,0,1,29,0,0,30,57.33
951,24,0,1,0,59.39200147986412,3,3,0,1,29,0,0,30,57.33
951,24,0,2,0,9.216000325977802,3,3,0,1,29,0,0,30,57.33
951,24,0,3,0,4.095999989658594,3,3,0,1,29,0,0,30,57.33
951,40,0,0,1,69.63200122117996,3,3,0,0,30,0,0,30,1.7
951,40,0,1,1,64.51199948787689,3,3,0,0,30,0,0,30,1.7
951,40,0,2,1,9.216000325977802,3,3,0,0,30,0,0,30,1.7
951,40,0,3,1,4.095999989658594,3,3,0,0,30,0,0,30,1.7
952,2,0,0,0,189.43999707698822,4,4,0,1,39,0,0,40,75.639
952,2,0,1,0,87.0399996638298,4,4,0,1,39,0,0,40,75.639
952,2,0,2,0,9.216000325977802,4,4,0,1,39,0,0,40,75.639
952,2,0,3,0,5.119999870657921,4,4,0,1,39,0,0,40,75.639
952,24,0,0,0,37.88800165057182,4,4,0,0,40,0,0,40,2.16
952,24,0,1,0,68.60800087451935,4,4,0,0,40,0,0,40,2.16
952,24,0,2,0,9.216000325977802,4,4,0,0,40,0,0,40,2.16
952,24,0,3,0,4.095999989658594,4,4,0,0,40,0,0,40,2.16
952,40,0,0,1,167.93599724769592,4,4,0,1,39,0,0,40,87.03
952,40,0,1,1,83.96799862384796,4,4,0,1,39,0,0,40,87.03
952,40,0,2,1,9.216000325977802,4,4,0,1,39,0,0,40,87.03
952,40,0,3,1,4.095999989658594,4,4,0,1,39,0,0,40,87.03
953,2,0,0,0,9.216000325977802,4,4,0,0,40,0,0,40,2.52
953,2,0,1,0,86.01599931716919,4,4,0,0,40,0,0,40,2.52
953,2,0,2,0,9.216000325977802,4,4,0,0,40,0,0,40,2.52
953,2,0,3,0,6.144000217318535,4,4,0,0,40,0,0,40,2.52
953,24,0,0,0,7.168000098317862,4,4,0,0,40,0,0,40,2.369
953,24,0,1,0,76.80000364780426,4,4,0,0,40,0,0,40,2.369
953,24,0,2,0,9.216000325977802,4,4,0,0,40,0,0,40,2.369
953,24,0,3,0,4.095999989658594,4,4,0,0,40,0,0,40,2.369
953,40,0,0,1,70.65600156784058,4,4,0,0,40,0,0,40,2.631
953,40,0,1,1,76.80000364780426,4,4,0,0,40,0,0,40,2.631
953,40,0,2,1,9.216000325977802,4,4,0,0,40,0,0,40,2.631
953,40,0,3,1,5.119999870657921,4,4,0,0,40,0,0,40,2.631
954,2,0,0,0,8.191999979317188,4,4,0,2,38,0,0,40,86.2
954,2,0,1,0,87.0399996638298,4,4,0,2,38,0,0,40,86.2
954,2,0,2,0,9.216000325977802,4,4,0,2,38,0,0,40,86.2
954,2,0,3,0,5.119999870657921,4,4,0,2,38,0,0,40,86.2
954,24,0,0,0,17.40800030529499,4,4,0,0,40,0,0,40,2.0
954,24,0,1,0,72.7040022611618,4,4,0,0,40,0,0,40,2.0
954,24,0,2,0,9.216000325977802,4,4,0,0,40,0,0,40,2.0
954,24,0,3,0,4.095999989658594,4,4,0,0,40,0,0,40,2.0
954,40,0,0,1,26.623999699950218,4,4,0,0,40,0,0,40,1.869
954,40,0,1,1,74.75200295448303,4,4,0,0,40,0,0,40,1.869
954,40,0,2,1,9.216000325977802,4,4,0,0,40,0,0,40,1.869
954,40,0,3,1,4.095999989658594,4,4,0,0,40,0,0,40,1.869
955,2,0,0,0,15.359999611973763,4,4,0,2,38,0,0,40,89.079
955,2,0,1,0,91.13600105047226,4,4,0,2,38,0,0,40,89.079
955,2,0,2,0,9.216000325977802,4,4,0,2,38,0,0,40,89.079
955,2,0,3,0,5.119999870657921,4,4,0,2,38,0,0,40,89.079
955,24,0,0,0,9.216000325977802,4,4,0,0,40,0,0,40,2.73
955,24,0,1,0,76.80000364780426,4,4,0,0,40,0,0,40,2.73
955,24,0,2,0,9.216000325977802,4,4,0,0,40,0,0,40,2.73
955,24,0,3,0,4.095999989658594,4,4,0,0,40,0,0,40,2.73
955,40,0,0,1,8.191999979317188,4,4,0,0,40,0,0,40,2.871
955,40,0,1,1,83.96799862384796,4,4,0,0,40,0,0,40,2.871
955,40,0,2,1,10.239999741315842,4,4,0,0,40,0,0,40,2.871
955,40,0,3,1,4.095999989658594,4,4,0,0,40,0,0,40,2.871
956,2,0,0,0,8.191999979317188,4,4,0,0,40,0,0,40,3.029
956,2,0,1,0,80.89599758386612,4,4,0,0,40,0,0,40,3.029
956,2,0,2,0,8.191999979317188,4,4,0,0,40,0,0,40,3.029
956,2,0,3,0,5.119999870657921,4,4,0,0,40,0,0,40,3.029
956,24,0,0,0,7.168000098317862,4,4,0,0,40,0,0,40,2.24
956,24,0,1,0,58.36800113320351,4,4,0,0,40,0,0,40,2.24
956,24,0,2,0,9.216000325977802,4,4,0,0,40,0,0,40,2.24
956,24,0,3,0,4.095999989658594,4,4,0,0,40,0,0,40,2.24
956,40,0,0,1,14.336000196635723,4,4,0,0,40,0,0,40,1.57
956,40,0,1,1,64.51199948787689,4,4,0,0,40,0,0,40,1.57
956,40,0,2,1,8.191999979317188,4,4,0,0,40,0,0,40,1.57
956,40,0,3,1,4.095999989658594,4,4,0,0,40,0,0,40,1.57
957,2,0,0,0,9.216000325977802,4,4,0,2,38,0,0,40,87.6
957,2,0,1,0,88.06400001049042,4,4,0,2,38,0,0,40,87.6
957,2,0,2,0,8.191999979317188,4,4,0,2,38,0,0,40,87.6
957,2,0,3,0,6.144000217318535,4,4,0,2,38,0,0,40,87.6
957,24,0,0,0,8.191999979317188,4,4,0,0,40,0,0,40,1.58
957,24,0,1,0,73.72800260782242,4,4,0,0,40,0,0,40,1.58
957,24,0,2,0,9.216000325977802,4,4,0,0,40,0,0,40,1.58
957,24,0,3,0,4.095999989658594,4,4,0,0,40,0,0,40,1.58
957,40,0,0,1,8.191999979317188,4,4,0,1,39,0,0,40,92.959
957,40,0,1,1,81.91999793052673,4,4,0,1,39,0,0,40,92.959
957,40,0,2,1,9.216000325977802,4,4,0,1,39,0,0,40,92.959
957,40,0,3,1,4.095999989658594,4,4,0,1,39,0,0,40,92.959
958,2,0,0,0,9.216000325977802,4,4,0,1,39,0,0,40,45.64
958,2,0,1,0,84.99199897050858,4,4,0,1,39,0,0,40,45.64
958,2,0,2,0,9.216000325977802,4,4,0,1,39,0,0,40,45.64
958,2,0,3,0,7.168000098317862,4,4,0,1,39,0,0,40,45.64
958,24,0,0,0,8.191999979317188,4,4,0,0,40,0,0,40,1.48
958,24,0,1,0,75.77600330114365,4,4,0,0,40,0,0,40,1.48
958,24,0,2,0,9.216000325977802,4,4,0,0,40,0,0,40,1.48
958,24,0,3,0,4.095999989658594,4,4,0,0,40,0,0,40,1.48
958,40,0,0,1,8.191999979317188,4,4,0,0,40,0,0,40,1.5
958,40,0,1,1,70.65600156784058,4,4,0,0,40,0,0,40,1.5
958,40,0,2,1,9.216000325977802,4,4,0,0,40,0,0,40,1.5
958,40,0,3,1,4.095999989658594,4,4,0,0,40,0,0,40,1.5
959,2,0,0,0,9.216000325977802,4,4,0,1,39,0,0,40,53.42
959,2,0,1,0,81.91999793052673,4,4,0,1,39,0,0,40,53.42
959,2,0,2,0,8.191999979317188,4,4,0,1,39,0,0,40,53.42
959,2,0,3,0,6.144000217318535,4,4,0,1,39,0,0,40,53.42
959,24,0,0,0,8.191999979317188,4,4,0,0,40,0,0,40,1.77
959,24,0,1,0,86.01599931716919,4,4,0,0,40,0,0,40,1.77
959,24,0,2,0,9.216000325977802,4,4,0,0,40,0,0,40,1.77
959,24,0,3,0,4.095999989658594,4,4,0,0,40,0,0,40,1.77
959,40,0,0,1,8.191999979317188,4,4,0,0,40,0,0,40,1.48
959,40,0,1,1,69.63200122117996,4,4,0,0,40,0,0,40,1.48
959,40,0,2,1,9.216000325977802,4,4,0,0,40,0,0,40,1.48
959,40,0,3,1,4.095999989658594,4,4,0,0,40,0,0,40,1.48
960,2,0,0,0,8.191999979317188,4,4,0,0,40,0,0,40,2.071
960,2,0,1,0,90.11200070381165,4,4,0,0,40,0,0,40,2.071
960,2,0,2,0,9.216000325977802,4,4,0,0,40,0,0,40,2.071
960,2,0,3,0,5.119999870657921,4,4,0,0,40,0,0,40,2.071
960,24,0,0,0,8.191999979317188,4,4,0,0,40,0,0,40,1.74
960,24,0,1,0,81.91999793052673,4,4,0,0,40,0,0,40,1.74
960,24,0,2,0,8.191999979317188,4,4,0,0,40,0,0,40,1.74
960,24,0,3,0,3.0720001086592674,4,4,0,0,40,0,0,40,1.74
960,40,0,0,1,8.191999979317188,4,4,0,0,40,0,0,40,1.38
960,40,0,1,1,87.0399996638298,4,4,0,0,40,0,0,40,1.38
960,40,0,2,1,8.191999979317188,4,4,0,0,40,0,0,40,1.38
960,40,0,3,1,5.119999870657921,4,4,0,0,40,0,0,40,1.38
961,2,0,0,0,8.191999979317188,4,4,0,0,40,0,0,40,1.69
961,2,0,1,0,87.0399996638298,4,4,0,0,40,0,0,40,1.69
961,2,0,2,0,8.191999979317188,4,4,0,0,40,0,0,40,1.69
961,2,0,3,0,7.168000098317862,4,4,0,0,40,0,0,40,1.69
961,24,0,0,0,8.191999979317188,4,4,0,0,40,0,0,40,1.38
961,24,0,1,0,93.18400174379349,4,4,0,0,40,0,0,40,1.38
961,24,0,2,0,9.216000325977802,4,4,0,0,40,0,0,40,1.38
961,24,0,3,0,4.095999989658594,4,4,0,0,40,0,0,40,1.38
961,40,0,0,1,8.191999979317188,4,4,0,2,38,0,0,40,139.469
961,40,0,1,1,83.96799862384796,4,4,0,2,38,0,0,40,139.469
961,40,0,2,1,10.239999741315842,4,4,0,2,38,0,0,40,139.469
961,40,0,3,1,35.840000957250595,4,4,0,2,38,0,0,40,139.469
962,2,0,0,0,8.191999979317188,4,4,0,0,40,0,0,40,1.96
962,2,0,1,0,91.13600105047226,4,4,0,0,40,0,0,40,1.96
962,2,0,2,0,9.216000325977802,4,4,0,0,40,0,0,40,1.96
962,2,0,3,0,5.119999870657921,4,4,0,0,40,0,0,40,1.96
962,24,0,0,0,7.168000098317862,4,4,0,1,39,0,0,40,53.039
962,24,0,1,0,83.96799862384796,4,4,0,1,39,0,0,40,53.039
962,24,0,2,0,9.216000325977802,4,4,0,1,39,0,0,40,53.039
962,24,0,3,0,4.095999989658594,4,4,0,1,39,0,0,40,53.039
962,40,0,0,1,8.191999979317188,4,4,0,1,39,0,0,40,73.14
962,40,0,1,1,79.8719972372055,4,4,0,1,39,0,0,40,73.14
962,40,0,2,1,8.191999979317188,4,4,0,1,39,0,0,40,73.14
962,40,0,3,1,4.095999989658594,4,4,0,1,39,0,0,40,73.14
963,2,0,0,0,9.216000325977802,4,4,0,0,40,0,0,40,1.831
963,2,0,1,0,92.16000139713287,4,4,0,0,40,0,0,40,1.831
963,2,0,2,0,9.216000325977802,4,4,0,0,40,0,0,40,1.831
963,2,0,3,0,5.119999870657921,4,4,0,0,40,0,0,40,1.831
963,24,0,0,0,8.191999979317188,4,4,0,0,40,0,0,40,1.54
963,24,0,1,0,81.91999793052673,4,4,0,0,40,0,0,40,1.54
963,24,0,2,0,10.239999741315842,4,4,0,0,40,0,0,40,1.54
963,24,0,3,0,4.095999989658594,4,4,0,0,40,0,0,40,1.54
963,40,0,0,1,9.216000325977802,4,4,0,0,40,0,0,40,1.69
963,40,0,1,1,74.75200295448303,4,4,0,0,40,0,0,40,1.69
963,40,0,2,1,8.191999979317188,4,4,0,0,40,0,0,40,1.69
963,40,0,3,1,4.095999989658594,4,4,0,0,40,0,0,40,1.69
964,2,0,0,0,8.191999979317188,4,4,0,0,40,0,0,40,1.98
964,2,0,1,0,84.99199897050858,4,4,0,0,40,0,0,40,1.98
964,2,0,2,0,9.216000325977802,4,4,0,0,40,0,0,40,1.98
964,2,0,3,0,5.119999870657921,4,4,0,0,40,0,0,40,1.98
964,24,0,0,0,8.191999979317188,4,4,0,0,40,0,0,40,1.54
964,24,0,1,0,71.68000191450119,4,4,0,0,40,0,0,40,1.54
964,24,0,2,0,8.191999979317188,4,4,0,0,40,0,0,40,1.54
964,24,0,3,0,4.095999989658594,4,4,0,0,40,0,0,40,1.54
964,40,0,0,1,8.191999979317188,4,4,0,0,40,0,0,40,1.58
964,40,0,1,1,84.99199897050858,4,4,0,0,40,0,0,40,1.58
964,40,0,2,1,9.216000325977802,4,4,0,0,40,0,0,40,1.58
964,40,0,3,1,4.095999989658594,4,4,0,0,40,0,0,40,1.58
965,2,0,0,0,9.216000325977802,4,4,0,1,39,0,0,40,98.02
965,2,0,1,0,89.08800035715103,4,4,0,1,39,0,0,40,98.02
965,2,0,2,0,8.191999979317188,4,4,0,1,39,0,0,40,98.02
965,2,0,3,0,5.119999870657921,4,4,0,1,39,0,0,40,98.02
965,24,0,0,0,8.191999979317188,4,4,0,3,37,0,0,40,94.84
965,24,0,1,0,83.96799862384796,4,4,0,3,37,0,0,40,94.84
965,24,0,2,0,9.216000325977802,4,4,0,3,37,0,0,40,94.84
965,24,0,3,0,4.095999989658594,4,4,0,3,37,0,0,40,94.84
965,40,0,0,1,8.191999979317188,4,4,0,2,38,0,0,40,104.449
965,40,0,1,1,70.65600156784058,4,4,0,2,38,0,0,40,104.449
965,40,0,2,1,9.216000325977802,4,4,0,2,38,0,0,40,104.449
965,40,0,3,1,12.28800043463707,4,4,0,2,38,0,0,40,104.449
966,2,0,0,0,9.216000325977802,3,3,0,0,30,0,0,30,1.05
966,2,0,1,0,73.72800260782242,3,3,0,0,30,0,0,30,1.05
966,2,0,2,0,9.216000325977802,3,3,0,0,30,0,0,30,1.05
966,2,0,3,0,6.144000217318535,3,3,0,0,30,0,0,30,1.05
966,24,0,0,0,10.239999741315842,3,3,0,1,29,0,0,30,75.109
966,24,0,1,0,59.39200147986412,3,3,0,1,29,0,0,30,75.109
966,24,0,2,0,8.191999979317188,3,3,0,1,29,0,0,30,75.109
966,24,0,3,0,4.095999989658594,3,3,0,1,29,0,0,30,75.109
966,40,0,0,1,9.216000325977802,3,3,0,2,28,0,0,30,90.709
966,40,0,1,1,65.5359998345375,3,3,0,2,28,0,0,30,90.709
966,40,0,2,1,9.216000325977802,3,3,0,2,28,0,0,30,90.709
966,40,0,3,1,5.119999870657921,3,3,0,2,28,0,0,30,90.709
967,2,0,0,0,9.216000325977802,4,4,0,1,39,0,0,40,52.91
967,2,0,1,0,88.06400001049042,4,4,0,1,39,0,0,40,52.91
967,2,0,2,0,8.191999979317188,4,4,0,1,39,0,0,40,52.91
967,2,0,3,0,5.119999870657921,4,4,0,1,39,0,0,40,52.91
967,24,0,0,0,8.191999979317188,4,4,0,1,39,0,0,40,53.68
967,24,0,1,0,66.56000018119812,4,4,0,1,39,0,0,40,53.68
967,24,0,2,0,9.216000325977802,4,4,0,1,39,0,0,40,53.68
967,24,0,3,0,4.095999989658594,4,4,0,1,39,0,0,40,53.68
967,40,0,0,1,8.191999979317188,4,4,0,2,38,0,0,40,91.089
967,40,0,1,1,86.01599931716919,4,4,0,2,38,0,0,40,91.089
967,40,0,2,1,9.216000325977802,4,4,0,2,38,0,0,40,91.089
967,40,0,3,1,4.095999989658594,4,4,0,2,38,0,0,40,91.089
968,2,0,0,0,9.216000325977802,4,4,0,1,39,0,0,40,47.35
968,2,0,1,0,82.94399827718735,4,4,0,1,39,0,0,40,47.35
968,2,0,2,0,9.216000325977802,4,4,0,1,39,0,0,40,47.35
968,2,0,3,0,5.119999870657921,4,4,0,1,39,0,0,40,47.35
968,24,0,0,0,8.191999979317188,4,4,0,0,40,0,0,40,1.44
968,24,0,1,0,75.77600330114365,4,4,0,0,40,0,0,40,1.44
968,24,0,2,0,9.216000325977802,4,4,0,0,40,0,0,40,1.44
968,24,0,3,0,4.095999989658594,4,4,0,0,40,0,0,40,1.44
968,40,0,0,1,8.191999979317188,4,4,0,0,40,0,0,40,1.791
968,40,0,1,1,89.08800035715103,4,4,0,0,40,0,0,40,1.791
968,40,0,2,1,9.216000325977802,4,4,0,0,40,0,0,40,1.791
968,40,0,3,1,4.095999989658594,4,4,0,0,40,0,0,40,1.791
969,2,0,0,0,9.216000325977802,4,4,0,2,38,0,0,40,198.459
969,2,0,1,0,90.11200070381165,4,4,0,2,38,0,0,40,198.459
969,2,0,2,0,9.216000325977802,4,4,0,2,38,0,0,40,198.459
969,2,0,3,0,84.99199897050858,4,4,0,2,38,0,0,40,198.459
969,24,0,0,0,8.191999979317188,4,4,0,0,40,0,0,40,1.76
969,24,0,1,0,79.8719972372055,4,4,0,0,40,0,0,40,1.76
969,24,0,2,0,9.216000325977802,4,4,0,0,40,0,0,40,1.76
969,24,0,3,0,4.095999989658594,4,4,0,0,40,0,0,40,1.76
969,40,0,0,1,9.216000325977802,4,4,0,0,40,0,0,40,1.84
969,40,0,1,1,73.72800260782242,4,4,0,0,40,0,0,40,1.84
969,40,0,2,1,9.216000325977802,4,4,0,0,40,0,0,40,1.84
969,40,0,3,1,4.095999989658594,4,4,0,0,40,0,0,40,1.84
970,2,0,0,0,8.191999979317188,4,4,0,0,40,0,0,40,1.729
970,2,0,1,0,84.99199897050858,4,4,0,0,40,0,0,40,1.729
970,2,0,2,0,8.191999979317188,4,4,0,0,40,0,0,40,1.729
970,2,0,3,0,5.119999870657921,4,4,0,0,40,0,0,40,1.729
970,24,0,0,0,7.168000098317862,4,4,0,0,40,0,0,40,1.9
970,24,0,1,0,70.65600156784058,4,4,0,0,40,0,0,40,1.9
970,24,0,2,0,9.216000325977802,4,4,0,0,40,0,0,40,1.9
970,24,0,3,0,4.095999989658594,4,4,0,0,40,0,0,40,1.9
970,40,0,0,1,8.191999979317188,4,4,0,0,40,0,0,40,1.63
970,40,0,1,1,88.06400001049042,4,4,0,0,40,0,0,40,1.63
970,40,0,2,1,9.216000325977802,4,4,0,0,40,0,0,40,1.63
970,40,0,3,1,4.095999989658594,4,4,0,0,40,0,0,40,1.63
971,2,0,0,0,9.216000325977802,4,4,0,0,40,0,0,40,1.711
971,2,0,1,0,91.13600105047226,4,4,0,0,40,0,0,40,1.711
971,2,0,2,0,9.216000325977802,4,4,0,0,40,0,0,40,1.711
971,2,0,3,0,5.119999870657921,4,4,0,0,40,0,0,40,1.711
971,24,0,0,0,8.191999979317188,4,4,0,0,40,0,0,40,1.58
971,24,0,1,0,81.91999793052673,4,4,0,0,40,0,0,40,1.58
971,24,0,2,0,9.216000325977802,4,4,0,0,40,0,0,40,1.58
971,24,0,3,0,4.095999989658594,4,4,0,0,40,0,0,40,1.58
971,40,0,0,1,8.191999979317188,4,4,0,0,40,0,0,40,1.9
971,40,0,1,1,87.0399996638298,4,4,0,0,40,0,0,40,1.9
971,40,0,2,1,9.216000325977802,4,4,0,0,40,0,0,40,1.9
971,40,0,3,1,4.095999989658594,4,4,0,0,40,0,0,40,1.9
972,2,0,0,0,8.191999979317188,4,4,0,1,39,0,0,40,54.45
972,2,0,1,0,72.7040022611618,4,4,0,1,39,0,0,40,54.45
972,2,0,2,0,8.191999979317188,4,4,0,1,39,0,0,40,54.45
972,2,0,3,0,5.119999870657921,4,4,0,1,39,0,0,40,54.45
972,24,0,0,0,9.216000325977802,4,4,0,0,40,0,0,40,1.4
972,24,0,1,0,62.463998794555664,4,4,0,0,40,0,0,40,1.4
972,24,0,2,0,9.216000325977802,4,4,0,0,40,0,0,40,1.4
972,24,0,3,0,4.095999989658594,4,4,0,0,40,0,0,40,1.4
972,40,0,0,1,9.216000325977802,4,4,0,0,40,0,0,40,1.77
972,40,0,1,1,64.51199948787689,4,4,0,0,40,0,0,40,1.77
972,40,0,2,1,9.216000325977802,4,4,0,0,40,0,0,40,1.77
972,40,0,3,1,4.095999989658594,4,4,0,0,40,0,0,40,1.77
973,2,0,0,0,9.216000325977802,4,4,0,0,40,0,0,40,2.069
973,2,0,1,0,91.13600105047226,4,4,0,0,40,0,0,40,2.069
973,2,0,2,0,10.239999741315842,4,4,0,0,40,0,0,40,2.069
973,2,0,3,0,5.119999870657921,4,4,0,0,40,0,0,40,2.069
973,24,0,0,0,8.191999979317188,4,4,0,0,40,0,0,40,1.44
973,24,0,1,0,75.77600330114365,4,4,0,0,40,0,0,40,1.44
973,24,0,2,0,9.216000325977802,4,4,0,0,40,0,0,40,1.44
973,24,0,3,0,4.095999989658594,4,4,0,0,40,0,0,40,1.44
973,40,0,0,1,9.216000325977802,4,4,0,0,40,0,0,40,1.6
973,40,0,1,1,89.08800035715103,4,4,0,0,40,0,0,40,1.6
973,40,0,2,1,9.216000325977802,4,4,0,0,40,0,0,40,1.6
973,40,0,3,1,4.095999989658594,4,4,0,0,40,0,0,40,1.6
974,2,0,0,0,8.191999979317188,4,4,0,1,39,0,0,40,41.54
974,2,0,1,0,84.99199897050858,4,4,0,1,39,0,0,40,41.54
974,2,0,2,0,8.191999979317188,4,4,0,1,39,0,0,40,41.54
974,2,0,3,0,5.119999870657921,4,4,0,1,39,0,0,40,41.54
974,24,0,0,0,7.168000098317862,4,4,0,1,39,0,0,40,81.12
974,24,0,1,0,79.8719972372055,4,4,0,1,39,0,0,40,81.12
974,24,0,2,0,9.216000325977802,4,4,0,1,39,0,0,40,81.12
974,24,0,3,0,4.095999989658594,4,4,0,1,39,0,0,40,81.12
974,40,0,0,1,14.336000196635723,4,4,0,0,40,0,0,40,1.52
974,40,0,1,1,94.2080020904541,4,4,0,0,40,0,0,40,1.52
974,40,0,2,1,9.216000325977802,4,4,0,0,40,0,0,40,1.52
974,40,0,3,1,5.119999870657921,4,4,0,0,40,0,0,40,1.52
975,2,0,0,0,14.336000196635723,4,4,0,0,40,0,0,40,2.171
975,2,0,1,0,93.18400174379349,4,4,0,0,40,0,0,40,2.171
975,2,0,2,0,9.216000325977802,4,4,0,0,40,0,0,40,2.171
975,2,0,3,0,6.144000217318535,4,4,0,0,40,0,0,40,2.171
975,24,0,0,0,8.191999979317188,4,4,0,0,40,0,0,40,1.38
975,24,0,1,0,74.75200295448303,4,4,0,0,40,0,0,40,1.38
975,24,0,2,0,8.191999979317188,4,4,0,0,40,0,0,40,1.38
975,24,0,3,0,4.095999989658594,4,4,0,0,40,0,0,40,1.38
975,40,0,0,1,8.191999979317188,4,4,0,0,40,0,0,40,1.52
975,40,0,1,1,78.84799689054489,4,4,0,0,40,0,0,40,1.52
975,40,0,2,1,9.216000325977802,4,4,0,0,40,0,0,40,1.52
975,40,0,3,1,4.095999989658594,4,4,0,0,40,0,0,40,1.52
976,2,0,0,0,9.216000325977802,4,4,0,0,40,0,0,40,1.791
976,2,0,1,0,87.0399996638298,4,4,0,0,40,0,0,40,1.791
976,2,0,2,0,9.216000325977802,4,4,0,0,40,0,0,40,1.791
976,2,0,3,0,5.119999870657921,4,4,0,0,40,0,0,40,1.791
976,24,0,0,0,7.168000098317862,4,4,0,1,39,0,0,40,55.32
976,24,0,1,0,89.08800035715103,4,4,0,1,39,0,0,40,55.32
976,24,0,2,0,8.191999979317188,4,4,0,1,39,0,0,40,55.32
976,24,0,3,0,4.095999989658594,4,4,0,1,39,0,0,40,55.32
976,40,0,0,1,9.216000325977802,4,4,0,0,40,0,0,40,1.72
976,40,0,1,1,80.89599758386612,4,4,0,0,40,0,0,40,1.72
976,40,0,2,1,9.216000325977802,4,4,0,0,40,0,0,40,1.72
976,40,0,3,1,4.095999989658594,4,4,0,0,40,0,0,40,1.72
977,2,0,0,0,9.216000325977802,4,4,0,1,39,0,0,40,195.139
977,2,0,1,0,83.96799862384796,4,4,0,1,39,0,0,40,195.139
977,2,0,2,0,9.216000325977802,4,4,0,1,39,0,0,40,195.139
977,2,0,3,0,89.08800035715103,4,4,0,1,39,0,0,40,195.139
977,24,0,0,0,7.168000098317862,4,4,0,0,40,0,0,40,1.52
977,24,0,1,0,82.94399827718735,4,4,0,0,40,0,0,40,1.52
977,24,0,2,0,9.216000325977802,4,4,0,0,40,0,0,40,1.52
977,24,0,3,0,4.095999989658594,4,4,0,0,40,0,0,40,1.52
977,40,0,0,1,9.216000325977802,4,4,0,0,40,0,0,40,1.38
977,40,0,1,1,95.23200243711472,4,4,0,0,40,0,0,40,1.38
977,40,0,2,1,9.216000325977802,4,4,0,0,40,0,0,40,1.38
977,40,0,3,1,4.095999989658594,4,4,0,0,40,0,0,40,1.38
978,2,0,0,0,9.216000325977802,4,4,0,1,39,0,0,40,50.62
978,2,0,1,0,90.11200070381165,4,4,0,1,39,0,0,40,50.62
978,2,0,2,0,8.191999979317188,4,4,0,1,39,0,0,40,50.62
978,2,0,3,0,6.144000217318535,4,4,0,1,39,0,0,40,50.62
978,24,0,0,0,9.216000325977802,4,4,0,0,40,0,0,40,1.75
978,24,0,1,0,74.75200295448303,4,4,0,0,40,0,0,40,1.75
978,24,0,2,0,9.216000325977802,4,4,0,0,40,0,0,40,1.75
978,24,0,3,0,4.095999989658594,4,4,0,0,40,0,0,40,1.75
978,40,0,0,1,9.216000325977802,4,4,0,1,39,0,0,40,62.21
978,40,0,1,1,90.11200070381165,4,4,0,1,39,0,0,40,62.21
978,40,0,2,1,9.216000325977802,4,4,0,1,39,0,0,40,62.21
978,40,0,3,1,4.095999989658594,4,4,0,1,39,0,0,40,62.21
979,2,0,0,0,8.191999979317188,4,4,0,0,40,0,0,40,1.68
979,2,0,1,0,89.08800035715103,4,4,0,0,40,0,0,40,1.68
979,2,0,2,0,9.216000325977802,4,4,0,0,40,0,0,40,1.68
979,2,0,3,0,6.144000217318535,4,4,0,0,40,0,0,40,1.68
979,24,0,0,0,14.336000196635723,4,4,0,0,40,0,0,40,1.76
979,24,0,1,0,87.0399996638298,4,4,0,0,40,0,0,40,1.76
979,24,0,2,0,9.216000325977802,4,4,0,0,40,0,0,40,1.76
979,24,0,3,0,4.095999989658594,4,4,0,0,40,0,0,40,1.76
979,40,0,0,1,9.216000325977802,4,4,0,0,40,0,0,40,1.49
979,40,0,1,1,87.0399996638298,4,4,0,0,40,0,0,40,1.49
979,40,0,2,1,9.216000325977802,4,4,0,0,40,0,0,40,1.49
979,40,0,3,1,4.095999989658594,4,4,0,0,40,0,0,40,1.49
980,2,0,0,0,9.216000325977802,4,4,0,1,39,0,0,40,108.57
980,2,0,1,0,91.13600105047226,4,4,0,1,39,0,0,40,108.57
980,2,0,2,0,9.216000325977802,4,4,0,1,39,0,0,40,108.57
980,2,0,3,0,4.095999989658594,4,4,0,1,39,0,0,40,108.57
980,24,0,0,0,8.191999979317188,4,4,0,0,40,0,0,40,1.58
980,24,0,1,0,82.94399827718735,4,4,0,0,40,0,0,40,1.58
980,24,0,2,0,9.216000325977802,4,4,0,0,40,0,0,40,1.58
980,24,0,3,0,4.095999989658594,4,4,0,0,40,0,0,40,1.58
980,40,0,0,1,7.168000098317862,4,4,0,1,39,0,0,40,57.7
980,40,0,1,1,75.77600330114365,4,4,0,1,39,0,0,40,57.7
980,40,0,2,1,9.216000325977802,4,4,0,1,39,0,0,40,57.7
980,40,0,3,1,4.095999989658594,4,4,0,1,39,0,0,40,57.7
981,2,0,0,0,9.216000325977802,4,4,0,0,40,0,0,40,2.029
981,2,0,1,0,81.91999793052673,4,4,0,0,40,0,0,40,2.029
981,2,0,2,0,9.216000325977802,4,4,0,0,40,0,0,40,2.029
981,2,0,3,0,6.144000217318535,4,4,0,0,40,0,0,40,2.029
981,24,0,0,0,7.168000098317862,4,4,0,0,40,0,0,40,1.311
981,24,0,1,0,91.13600105047226,4,4,0,0,40,0,0,40,1.311
981,24,0,2,0,10.239999741315842,4,4,0,0,40,0,0,40,1.311
981,24,0,3,0,4.095999989658594,4,4,0,0,40,0,0,40,1.311
981,40,0,0,1,9.216000325977802,4,4,0,0,40,0,0,40,1.33
981,40,0,1,1,91.13600105047226,4,4,0,0,40,0,0,40,1.33
981,40,0,2,1,9.216000325977802,4,4,0,0,40,0,0,40,1.33
981,40,0,3,1,4.095999989658594,4,4,0,0,40,0,0,40,1.33
982,2,0,0,0,9.216000325977802,4,4,0,2,38,0,0,40,174.019
982,2,0,1,0,86.01599931716919,4,4,0,2,38,0,0,40,174.019
982,2,0,2,0,10.239999741315842,4,4,0,2,38,0,0,40,174.019
982,2,0,3,0,65.5359998345375,4,4,0,2,38,0,0,40,174.019
982,24,0,0,0,8.191999979317188,4,4,0,0,40,0,0,40,1.469
982,24,0,1,0,90.11200070381165,4,4,0,0,40,0,0,40,1.469
982,24,0,2,0,8.191999979317188,4,4,0,0,40,0,0,40,1.469
982,24,0,3,0,4.095999989658594,4,4,0,0,40,0,0,40,1.469
982,40,0,0,1,13.311999849975109,4,4,0,0,40,0,0,40,1.92
982,40,0,1,1,88.06400001049042,4,4,0,0,40,0,0,40,1.92
982,40,0,2,1,8.191999979317188,4,4,0,0,40,0,0,40,1.92
982,40,0,3,1,5.119999870657921,4,4,0,0,40,0,0,40,1.92
983,2,0,0,0,8.191999979317188,4,4,0,1,39,0,0,40,40.309
983,2,0,1,0,87.0399996638298,4,4,0,1,39,0,0,40,40.309
983,2,0,2,0,9.216000325977802,4,4,0,1,39,0,0,40,40.309
983,2,0,3,0,5.119999870657921,4,4,0,1,39,0,0,40,40.309
983,24,0,0,0,8.191999979317188,4,4,0,0,40,0,0,40,1.87
983,24,0,1,0,76.80000364780426,4,4,0,0,40,0,0,40,1.87
983,24,0,2,0,9.216000325977802,4,4,0,0,40,0,0,40,1.87
983,24,0,3,0,4.095999989658594,4,4,0,0,40,0,0,40,1.87
983,40,0,0,1,9.216000325977802,4,4,0,2,38,0,0,40,97.009
983,40,0,1,1,95.23200243711472,4,4,0,2,38,0,0,40,97.009
983,40,0,2,1,9.216000325977802,4,4,0,2,38,0,0,40,97.009
983,40,0,3,1,4.095999989658594,4,4,0,2,38,0,0,40,97.009
984,2,0,0,0,8.191999979317188,4,4,0,1,39,0,0,40,45.609
984,2,0,1,0,93.18400174379349,4,4,0,1,39,0,0,40,45.609
984,2,0,2,0,9.216000325977802,4,4,0,1,39,0,0,40,45.609
984,2,0,3,0,5.119999870657921,4,4,0,1,39,0,0,40,45.609
984,24,0,0,0,14.336000196635723,4,4,0,0,40,0,0,40,1.471
984,24,0,1,0,88.06400001049042,4,4,0,0,40,0,0,40,1.471
984,24,0,2,0,9.216000325977802,4,4,0,0,40,0,0,40,1.471
984,24,0,3,0,5.119999870657921,4,4,0,0,40,0,0,40,1.471
984,40,0,0,1,9.216000325977802,4,4,0,0,40,0,0,40,1.53
984,40,0,1,1,90.11200070381165,4,4,0,0,40,0,0,40,1.53
984,40,0,2,1,9.216000325977802,4,4,0,0,40,0,0,40,1.53
984,40,0,3,1,4.095999989658594,4,4,0,0,40,0,0,40,1.53
985,2,0,0,0,9.216000325977802,4,4,0,0,40,0,0,40,1.93
985,2,0,1,0,91.13600105047226,4,4,0,0,40,0,0,40,1.93
985,2,0,2,0,9.216000325977802,4,4,0,0,40,0,0,40,1.93
985,2,0,3,0,6.144000217318535,4,4,0,0,40,0,0,40,1.93
985,24,0,0,0,7.168000098317862,4,4,0,0,40,0,0,40,1.471
985,24,0,1,0,71.68000191450119,4,4,0,0,40,0,0,40,1.471
985,24,0,2,0,9.216000325977802,4,4,0,0,40,0,0,40,1.471
985,24,0,3,0,4.095999989658594,4,4,0,0,40,0,0,40,1.471
985,40,0,0,1,15.359999611973763,4,4,0,2,38,0,0,40,102.62
985,40,0,1,1,91.13600105047226,4,4,0,2,38,0,0,40,102.62
985,40,0,2,1,9.216000325977802,4,4,0,2,38,0,0,40,102.62
985,40,0,3,1,4.095999989658594,4,4,0,2,38,0,0,40,102.62
986,2,0,0,0,8.191999979317188,4,4,0,0,40,0,0,40,1.62
986,2,0,1,0,83.96799862384796,4,4,0,0,40,0,0,40,1.62
986,2,0,2,0,9.216000325977802,4,4,0,0,40,0,0,40,1.62
986,2,0,3,0,5.119999870657921,4,4,0,0,40,0,0,40,1.62
986,24,0,0,0,8.191999979317188,4,4,0,0,40,0,0,40,1.38
986,24,0,1,0,91.13600105047226,4,4,0,0,40,0,0,40,1.38
986,24,0,2,0,9.216000325977802,4,4,0,0,40,0,0,40,1.38
986,24,0,3,0,4.095999989658594,4,4,0,0,40,0,0,40,1.38
986,40,0,0,1,9.216000325977802,4,4,0,0,40,0,0,40,1.34
986,40,0,1,1,70.65600156784058,4,4,0,0,40,0,0,40,1.34
986,40,0,2,1,9.216000325977802,4,4,0,0,40,0,0,40,1.34
986,40,0,3,1,4.095999989658594,4,4,0,0,40,0,0,40,1.34
987,2,0,0,0,9.216000325977802,4,4,0,0,40,0,0,40,1.94
987,2,0,1,0,89.08800035715103,4,4,0,0,40,0,0,40,1.94
987,2,0,2,0,9.216000325977802,4,4,0,0,40,0,0,40,1.94
987,2,0,3,0,5.119999870657921,4,4,0,0,40,0,0,40,1.94
987,24,0,0,0,8.191999979317188,4,4,0,0,40,0,0,40,1.369
987,24,0,1,0,80.89599758386612,4,4,0,0,40,0,0,40,1.369
987,24,0,2,0,9.216000325977802,4,4,0,0,40,0,0,40,1.369
987,24,0,3,0,4.095999989658594,4,4,0,0,40,0,0,40,1.369
987,40,0,0,1,8.191999979317188,4,4,0,0,40,0,0,40,1.54
987,40,0,1,1,99.32799637317657,4,4,0,0,40,0,0,40,1.54
987,40,0,2,1,9.216000325977802,4,4,0,0,40,0,0,40,1.54
987,40,0,3,1,4.095999989658594,4,4,0,0,40,0,0,40,1.54
988,2,0,0,0,9.216000325977802,4,4,0,0,40,0,0,40,3.33
988,2,0,1,0,77.82399654388428,4,4,0,0,40,0,0,40,3.33
988,2,0,2,0,8.191999979317188,4,4,0,0,40,0,0,40,3.33
988,2,0,3,0,4.095999989658594,4,4,0,0,40,0,0,40,3.33
988,24,0,0,0,8.191999979317188,4,4,0,1,39,0,0,40,58.82
988,24,0,1,0,68.60800087451935,4,4,0,1,39,0,0,40,58.82
988,24,0,2,0,9.216000325977802,4,4,0,1,39,0,0,40,58.82
988,24,0,3,0,4.095999989658594,4,4,0,1,39,0,0,40,58.82
988,40,0,0,1,9.216000325977802,4,4,0,0,40,0,0,40,3.169
988,40,0,1,1,96.25600278377533,4,4,0,0,40,0,0,40,3.169
988,40,0,2,1,9.216000325977802,4,4,0,0,40,0,0,40,3.169
988,40,0,3,1,5.119999870657921,4,4,0,0,40,0,0,40,3.169
989,2,0,0,0,14.336000196635723,4,4,0,0,40,0,0,40,2.61
989,2,0,1,0,87.0399996638298,4,4,0,0,40,0,0,40,2.61
989,2,0,2,0,9.216000325977802,4,4,0,0,40,0,0,40,2.61
989,2,0,3,0,8.191999979317188,4,4,0,0,40,0,0,40,2.61
989,24,0,0,0,8.191999979317188,4,4,0,0,40,0,0,40,2.91
989,24,0,1,0,91.13600105047226,4,4,0,0,40,0,0,40,2.91
989,24,0,2,0,9.216000325977802,4,4,0,0,40,0,0,40,2.91
989,24,0,3,0,4.095999989658594,4,4,0,0,40,0,0,40,2.91
989,40,0,0,1,14.336000196635723,4,4,0,0,40,0,0,40,2.331
989,40,0,1,1,92.16000139713287,4,4,0,0,40,0,0,40,2.331
989,40,0,2,1,9.216000325977802,4,4,0,0,40,0,0,40,2.331
989,40,0,3,1,3.0720001086592674,4,4,0,0,40,0,0,40,2.331
990,2,0,0,0,14.336000196635723,4,4,0,0,40,0,0,40,1.94
990,2,0,1,0,81.91999793052673,4,4,0,0,40,0,0,40,1.94
990,2,0,2,0,8.191999979317188,4,4,0,0,40,0,0,40,1.94
990,2,0,3,0,5.119999870657921,4,4,0,0,40,0,0,40,1.94
990,24,0,0,0,7.168000098317862,4,4,0,0,40,0,0,40,2.08
990,24,0,1,0,83.96799862384796,4,4,0,0,40,0,0,40,2.08
990,24,0,2,0,9.216000325977802,4,4,0,0,40,0,0,40,2.08
990,24,0,3,0,4.095999989658594,4,4,0,0,40,0,0,40,2.08
990,40,0,0,1,9.216000325977802,4,4,0,0,40,0,0,40,1.79
990,40,0,1,1,90.11200070381165,4,4,0,0,40,0,0,40,1.79
990,40,0,2,1,9.216000325977802,4,4,0,0,40,0,0,40,1.79
990,40,0,3,1,4.095999989658594,4,4,0,0,40,0,0,40,1.79
991,2,0,0,0,8.191999979317188,4,4,0,1,39,0,0,40,61.37
991,2,0,1,0,92.16000139713287,4,4,0,1,39,0,0,40,61.37
991,2,0,2,0,9.216000325977802,4,4,0,1,39,0,0,40,61.37
991,2,0,3,0,5.119999870657921,4,4,0,1,39,0,0,40,61.37
991,24,0,0,0,8.191999979317188,4,4,0,0,40,0,0,40,2.071
991,24,0,1,0,84.99199897050858,4,4,0,0,40,0,0,40,2.071
991,24,0,2,0,9.216000325977802,4,4,0,0,40,0,0,40,2.071
991,24,0,3,0,4.095999989658594,4,4,0,0,40,0,0,40,2.071
991,40,0,0,1,8.191999979317188,4,4,0,1,39,0,0,40,65.71
991,40,0,1,1,78.84799689054489,4,4,0,1,39,0,0,40,65.71
991,40,0,2,1,8.191999979317188,4,4,0,1,39,0,0,40,65.71
991,40,0,3,1,4.095999989658594,4,4,0,1,39,0,0,40,65.71
992,2,0,0,0,14.336000196635723,4,4,0,0,40,0,0,40,1.789
992,2,0,1,0,84.99199897050858,4,4,0,0,40,0,0,40,1.789
992,2,0,2,0,8.191999979317188,4,4,0,0,40,0,0,40,1.789
992,2,0,3,0,5.119999870657921,4,4,0,0,40,0,0,40,1.789
992,24,0,0,0,7.168000098317862,4,4,0,2,38,0,0,40,86.919
992,24,0,1,0,76.80000364780426,4,4,0,2,38,0,0,40,86.919
992,24,0,2,0,8.191999979317188,4,4,0,2,38,0,0,40,86.919
992,24,0,3,0,5.119999870657921,4,4,0,2,38,0,0,40,86.919
992,40,0,0,1,8.191999979317188,4,4,0,1,39,0,0,40,56.119
992,40,0,1,1,96.25600278377533,4,4,0,1,39,0,0,40,56.119
992,40,0,2,1,8.191999979317188,4,4,0,1,39,0,0,40,56.119
992,40,0,3,1,5.119999870657921,4,4,0,1,39,0,0,40,56.119
993,2,0,0,0,8.191999979317188,4,4,0,0,40,0,0,40,2.1
993,2,0,1,0,96.25600278377533,4,4,0,0,40,0,0,40,2.1
993,2,0,2,0,8.191999979317188,4,4,0,0,40,0,0,40,2.1
993,2,0,3,0,7.168000098317862,4,4,0,0,40,0,0,40,2.1
993,24,0,0,0,9.216000325977802,4,4,0,0,40,0,0,40,1.94
993,24,0,1,0,91.13600105047226,4,4,0,0,40,0,0,40,1.94
993,24,0,2,0,8.191999979317188,4,4,0,0,40,0,0,40,1.94
993,24,0,3,0,4.095999989658594,4,4,0,0,40,0,0,40,1.94
993,40,0,0,1,8.191999979317188,4,4,0,2,38,0,0,40,91.43
993,40,0,1,1,76.80000364780426,4,4,0,2,38,0,0,40,91.43
993,40,0,2,1,8.191999979317188,4,4,0,2,38,0,0,40,91.43
993,40,0,3,1,4.095999989658594,4,4,0,2,38,0,0,40,91.43
994,2,0,0,0,8.191999979317188,4,4,0,0,40,0,0,40,1.42
994,2,0,1,0,84.99199897050858,4,4,0,0,40,0,0,40,1.42
994,2,0,2,0,9.216000325977802,4,4,0,0,40,0,0,40,1.42
994,2,0,3,0,5.119999870657921,4,4,0,0,40,0,0,40,1.42
994,24,0,0,0,8.191999979317188,4,4,0,0,40,0,0,40,1.56
994,24,0,1,0,86.01599931716919,4,4,0,0,40,0,0,40,1.56
994,24,0,2,0,9.216000325977802,4,4,0,0,40,0,0,40,1.56
994,24,0,3,0,4.095999989658594,4,4,0,0,40,0,0,40,1.56
994,40,0,0,1,14.336000196635723,4,4,0,1,39,0,0,40,61.62
994,40,0,1,1,96.25600278377533,4,4,0,1,39,0,0,40,61.62
994,40,0,2,1,9.216000325977802,4,4,0,1,39,0,0,40,61.62
994,40,0,3,1,3.0720001086592674,4,4,0,1,39,0,0,40,61.62
995,2,0,0,0,9.216000325977802,4,4,0,1,39,0,0,40,52.701
995,2,0,1,0,90.11200070381165,4,4,0,1,39,0,0,40,52.701
995,2,0,2,0,9.216000325977802,4,4,0,1,39,0,0,40,52.701
995,2,0,3,0,5.119999870657921,4,4,0,1,39,0,0,40,52.701
995,24,0,0,0,8.191999979317188,4,4,0,0,40,0,0,40,1.82
995,24,0,1,0,89.08800035715103,4,4,0,0,40,0,0,40,1.82
995,24,0,2,0,9.216000325977802,4,4,0,0,40,0,0,40,1.82
995,24,0,3,0,4.095999989658594,4,4,0,0,40,0,0,40,1.82
995,40,0,0,1,8.191999979317188,4,4,0,3,37,0,0,40,100.63
995,40,0,1,1,78.84799689054489,4,4,0,3,37,0,0,40,100.63
995,40,0,2,1,9.216000325977802,4,4,0,3,37,0,0,40,100.63
995,40,0,3,1,4.095999989658594,4,4,0,3,37,0,0,40,100.63
996,2,0,0,0,14.336000196635723,4,4,0,0,40,0,0,40,1.58
996,2,0,1,0,87.0399996638298,4,4,0,0,40,0,0,40,1.58
996,2,0,2,0,9.216000325977802,4,4,0,0,40,0,0,40,1.58
996,2,0,3,0,5.119999870657921,4,4,0,0,40,0,0,40,1.58
996,24,0,0,0,8.191999979317188,4,4,0,0,40,0,0,40,1.98
996,24,0,1,0,87.0399996638298,4,4,0,0,40,0,0,40,1.98
996,24,0,2,0,9.216000325977802,4,4,0,0,40,0,0,40,1.98
996,24,0,3,0,4.095999989658594,4,4,0,0,40,0,0,40,1.98
996,40,0,0,1,8.191999979317188,4,4,0,0,40,0,0,40,2.071
996,40,0,1,1,99.32799637317657,4,4,0,0,40,0,0,40,2.071
996,40,0,2,1,8.191999979317188,4,4,0,0,40,0,0,40,2.071
996,40,0,3,1,5.119999870657921,4,4,0,0,40,0,0,40,2.071
997,2,0,0,0,9.216000325977802,4,4,0,0,40,0,0,40,2.031
997,2,0,1,0,90.11200070381165,4,4,0,0,40,0,0,40,2.031
997,2,0,2,0,9.216000325977802,4,4,0,0,40,0,0,40,2.031
997,2,0,3,0,5.119999870657921,4,4,0,0,40,0,0,40,2.031
997,24,0,0,0,7.168000098317862,4,4,0,0,40,0,0,40,1.851
997,24,0,1,0,96.25600278377533,4,4,0,0,40,0,0,40,1.851
997,24,0,2,0,9.216000325977802,4,4,0,0,40,0,0,40,1.851
997,24,0,3,0,4.095999989658594,4,4,0,0,40,0,0,40,1.851
997,40,0,0,1,8.191999979317188,4,4,0,0,40,0,0,40,1.97
997,40,0,1,1,92.16000139713287,4,4,0,0,40,0,0,40,1.97
997,40,0,2,1,9.216000325977802,4,4,0,0,40,0,0,40,1.97
997,40,0,3,1,4.095999989658594,4,4,0,0,40,0,0,40,1.97
998,2,0,0,0,9.216000325977802,4,4,0,0,40,0,0,40,1.54
998,2,0,1,0,88.06400001049042,4,4,0,0,40,0,0,40,1.54
998,2,0,2,0,9.216000325977802,4,4,0,0,40,0,0,40,1.54
998,2,0,3,0,5.119999870657921,4,4,0,0,40,0,0,40,1.54
998,24,0,0,0,8.191999979317188,4,4,0,0,40,0,0,40,2.84
998,24,0,1,0,89.08800035715103,4,4,0,0,40,0,0,40,2.84
998,24,0,2,0,9.216000325977802,4,4,0,0,40,0,0,40,2.84
998,24,0,3,0,4.095999989658594,4,4,0,0,40,0,0,40,2.84
998,40,0,0,1,9.216000325977802,4,4,0,0,40,0,0,40,2.21
998,40,0,1,1,98.30400347709656,4,4,0,0,40,0,0,40,2.21
998,40,0,2,1,9.216000325977802,4,4,0,0,40,0,0,40,2.21
998,40,0,3,1,4.095999989658594,4,4,0,0,40,0,0,40,2.21
999,2,0,0,0,15.359999611973763,4,4,0,0,40,0,0,40,1.72
999,2,0,1,0,78.84799689054489,4,4,0,0,40,0,0,40,1.72
999,2,0,2,0,8.191999979317188,4,4,0,0,40,0,0,40,1.72
999,2,0,3,0,5.119999870657921,4,4,0,0,40,0,0,40,1.72
999,24,0,0,0,8.191999979317188,4,4,0,0,40,0,0,40,1.93
999,24,0,1,0,78.84799689054489,4,4,0,0,40,0,0,40,1.93
999,24,0,2,0,8.191999979317188,4,4,0,0,40,0,0,40,1.93
999,24,0,3,0,4.095999989658594,4,4,0,0,40,0,0,40,1.93
999,40,0,0,1,9.216000325977802,4,4,0,0,40,0,0,40,1.791
999,40,0,1,1,101.3759970664978,4,4,0,0,40,0,0,40,1.791
999,40,0,2,1,8.191999979317188,4,4,0,0,40,0,0,40,1.791
999,40,0,3,1,4.095999989658594,4,4,0,0,40,0,0,40,1.791
1000,2,0,0,0,15.359999611973763,4,4,0,1,39,0,0,40,49.86
1000,2,0,1,0,91.13600105047226,4,4,0,1,39,0,0,40,49.86
1000,2,0,2,0,9.216000325977802,4,4,0,1,39,0,0,40,49.86
1000,2,0,3,0,5.119999870657921,4,4,0,1,39,0,0,40,49.86
1000,24,0,0,0,7.168000098317862,4,4,0,1,39,0,0,40,54.72
1000,24,0,1,0,75.77600330114365,4,4,0,1,39,0,0,40,54.72
1000,24,0,2,0,8.191999979317188,4,4,0,1,39,0,0,40,54.72
1000,24,0,3,0,3.0720001086592674,4,4,0,1,39,0,0,40,54.72
1000,40,0,0,1,8.191999979317188,4,4,0,0,40,0,0,40,1.75
1000,40,0,1,1,64.51199948787689,4,4,0,0,40,0,0,40,1.75
1000,40,0,2,1,10.239999741315842,4,4,0,0,40,0,0,40,1.75
1000,40,0,3,1,4.095999989658594,4,4,0,0,40,0,0,40,1.75
1001,2,0,0,0,9.216000325977802,4,4,0,0,40,0,0,40,2.52
1001,2,0,1,0,79.8719972372055,4,4,0,0,40,0,0,40,2.52
1001,2,0,2,0,9.216000325977802,4,4,0,0,40,0,0,40,2.52
1001,2,0,3,0,5.119999870657921,4,4,0,0,40,0,0,40,2.52
1001,24,0,0,0,7.168000098317862,4,4,0,0,40,0,0,40,1.64
1001,24,0,1,0,71.68000191450119,4,4,0,0,40,0,0,40,1.64
1001,24,0,2,0,9.216000325977802,4,4,0,0,40,0,0,40,1.64
1001,24,0,3,0,4.095999989658594,4,4,0,0,40,0,0,40,1.64
1001,40,0,0,1,9.216000325977802,4,4,0,0,40,0,0,40,2.211
1001,40,0,1,1,84.99199897050858,4,4,0,0,40,0,0,40,2.211
1001,40,0,2,1,9.216000325977802,4,4,0,0,40,0,0,40,2.211
1001,40,0,3,1,4.095999989658594,4,4,0,0,40,0,0,40,2.211
1002,2,0,0,0,8.191999979317188,4,4,0,0,40,0,0,40,1.629
1002,2,0,1,0,71.68000191450119,4,4,0,0,40,0,0,40,1.629
1002,2,0,2,0,9.216000325977802,4,4,0,0,40,0,0,40,1.629
1002,2,0,3,0,6.144000217318535,4,4,0,0,40,0,0,40,1.629
1002,24,0,0,0,47.10400104522705,4,4,0,1,39,0,0,40,97.039
1002,24,0,1,0,82.94399827718735,4,4,0,1,39,0,0,40,97.039
1002,24,0,2,0,9.216000325977802,4,4,0,1,39,0,0,40,97.039
1002,24,0,3,0,4.095999989658594,4,4,0,1,39,0,0,40,97.039
1002,40,0,0,1,9.216000325977802,4,4,0,0,40,0,0,40,2.511
1002,40,0,1,1,84.99199897050858,4,4,0,0,40,0,0,40,2.511
1002,40,0,2,1,9.216000325977802,4,4,0,0,40,0,0,40,2.511
1002,40,0,3,1,4.095999989658594,4,4,0,0,40,0,0,40,2.511
1003,2,0,0,0,9.216000325977802,4,4,0,2,38,0,0,40,92.36
1003,2,0,1,0,82.94399827718735,4,4,0,2,38,0,0,40,92.36
1003,2,0,2,0,9.216000325977802,4,4,0,2,38,0,0,40,92.36
1003,2,0,3,0,5.119999870657921,4,4,0,2,38,0,0,40,92.36
1003,24,0,0,0,8.191999979317188,4,4,0,0,40,0,0,40,3.511
1003,24,0,1,0,71.68000191450119,4,4,0,0,40,0,0,40,3.511
1003,24,0,2,0,9.216000325977802,4,4,0,0,40,0,0,40,3.511
1003,24,0,3,0,4.095999989658594,4,4,0,0,40,0,0,40,3.511
1003,40,0,0,1,15.359999611973763,4,4,0,2,38,0,0,40,69.229
1003,40,0,1,1,84.99199897050858,4,4,0,2,38,0,0,40,69.229
1003,40,0,2,1,10.239999741315842,4,4,0,2,38,0,0,40,69.229
1003,40,0,3,1,4.095999989658594,4,4,0,2,38,0,0,40,69.229
1004,2,0,0,0,8.191999979317188,4,4,0,2,38,0,0,40,93.509
1004,2,0,1,0,70.65600156784058,4,4,0,2,38,0,0,40,93.509
1004,2,0,2,0,9.216000325977802,4,4,0,2,38,0,0,40,93.509
1004,2,0,3,0,5.119999870657921,4,4,0,2,38,0,0,40,93.509
1004,24,0,0,0,9.216000325977802,4,4,0,2,38,0,0,40,129.56
1004,24,0,1,0,78.84799689054489,4,4,0,2,38,0,0,40,129.56
1004,24,0,2,0,10.239999741315842,4,4,0,2,38,0,0,40,129.56
1004,24,0,3,0,27.648000046610832,4,4,0,2,38,0,0,40,129.56
1004,40,0,0,1,12.28800043463707,4,4,0,0,40,0,0,40,1.86
1004,40,0,1,1,84.99199897050858,4,4,0,0,40,0,0,40,1.86
1004,40,0,2,1,9.216000325977802,4,4,0,0,40,0,0,40,1.86
1004,40,0,3,1,4.095999989658594,4,4,0,0,40,0,0,40,1.86
1005,2,0,0,0,16.383999958634377,4,4,0,0,40,0,0,40,2.68
1005,2,0,1,0,70.65600156784058,4,4,0,0,40,0,0,40,2.68
1005,2,0,2,0,9.216000325977802,4,4,0,0,40,0,0,40,2.68
1005,2,0,3,0,5.119999870657921,4,4,0,0,40,0,0,40,2.68
1005,24,0,0,0,8.191999979317188,4,4,0,2,38,0,0,40,86.409
1005,24,0,1,0,72.7040022611618,4,4,0,2,38,0,0,40,86.409
1005,24,0,2,0,9.216000325977802,4,4,0,2,38,0,0,40,86.409
1005,24,0,3,0,4.095999989658594,4,4,0,2,38,0,0,40,86.409
1005,40,0,0,1,9.216000325977802,4,4,0,0,40,0,0,40,2.33
1005,40,0,1,1,86.01599931716919,4,4,0,0,40,0,0,40,2.33
1005,40,0,2,1,9.216000325977802,4,4,0,0,40,0,0,40,2.33
1005,40,0,3,1,4.095999989658594,4,4,0,0,40,0,0,40,2.33
1006,2,0,0,0,16.383999958634377,4,4,0,1,39,0,0,40,73.67
1006,2,0,1,0,82.94399827718735,4,4,0,1,39,0,0,40,73.67
1006,2,0,2,0,9.216000325977802,4,4,0,1,39,0,0,40,73.67
1006,2,0,3,0,7.168000098317862,4,4,0,1,39,0,0,40,73.67
1006,24,0,0,0,25.599999353289604,4,4,0,1,39,0,0,40,62.209
1006,24,0,1,0,75.77600330114365,4,4,0,1,39,0,0,40,62.209
1006,24,0,2,0,8.191999979317188,4,4,0,1,39,0,0,40,62.209
1006,24,0,3,0,4.095999989658594,4,4,0,1,39,0,0,40,62.209
1006,40,0,0,1,9.216000325977802,4,4,0,0,40,0,0,40,1.66
1006,40,0,1,1,80.89599758386612,4,4,0,0,40,0,0,40,1.66
1006,40,0,2,1,9.216000325977802,4,4,0,0,40,0,0,40,1.66
1006,40,0,3,1,3.0720001086592674,4,4,0,0,40,0,0,40,1.66
1007,2,0,0,0,76.80000364780426,4,4,0,2,38,0,0,40,162.139
1007,2,0,1,0,70.65600156784058,4,4,0,2,38,0,0,40,162.139
1007,2,0,2,0,8.191999979317188,4,4,0,2,38,0,0,40,162.139
1007,2,0,3,0,74.75200295448303,4,4,0,2,38,0,0,40,162.139
1007,24,0,0,0,15.359999611973763,4,4,0,0,40,0,0,40,2.21
1007,24,0,1,0,70.65600156784058,4,4,0,0,40,0,0,40,2.21
1007,24,0,2,0,9.216000325977802,4,4,0,0,40,0,0,40,2.21
1007,24,0,3,0,4.095999989658594,4,4,0,0,40,0,0,40,2.21
1007,40,0,0,1,15.359999611973763,4,4,0,1,39,0,0,40,66.1
1007,40,0,1,1,69.63200122117996,4,4,0,1,39,0,0,40,66.1
1007,40,0,2,1,8.191999979317188,4,4,0,1,39,0,0,40,66.1
1007,40,0,3,1,4.095999989658594,4,4,0,1,39,0,0,40,66.1
1008,2,0,0,0,9.216000325977802,4,4,0,2,38,0,0,40,95.11
1008,2,0,1,0,81.91999793052673,4,4,0,2,38,0,0,40,95.11
1008,2,0,2,0,9.216000325977802,4,4,0,2,38,0,0,40,95.11
1008,2,0,3,0,5.119999870657921,4,4,0,2,38,0,0,40,95.11
1008,24,0,0,0,9.216000325977802,4,4,0,2,38,0,0,40,99.16
1008,24,0,1,0,67.58400052785873,4,4,0,2,38,0,0,40,99.16
1008,24,0,2,0,9.216000325977802,4,4,0,2,38,0,0,40,99.16
1008,24,0,3,0,7.168000098317862,4,4,0,2,38,0,0,40,99.16
1008,40,0,0,1,13.311999849975109,4,4,0,0,40,0,0,40,1.829
1008,40,0,1,1,71.68000191450119,4,4,0,0,40,0,0,40,1.829
1008,40,0,2,1,9.216000325977802,4,4,0,0,40,0,0,40,1.829
1008,40,0,3,1,4.095999989658594,4,4,0,0,40,0,0,40,1.829
1009,2,0,0,0,9.216000325977802,4,4,0,2,38,0,0,40,197.568
1009,2,0,1,0,83.96799862384796,4,4,0,2,38,0,0,40,197.568
1009,2,0,2,0,9.216000325977802,4,4,0,2,38,0,0,40,197.568
1009,2,0,3,0,92.16000139713287,4,4,0,2,38,0,0,40,197.568
1009,24,0,0,0,14.336000196635723,4,4,0,2,38,0,0,40,89.5
1009,24,0,1,0,77.82399654388428,4,4,0,2,38,0,0,40,89.5
1009,24,0,2,0,9.216000325977802,4,4,0,2,38,0,0,40,89.5
1009,24,0,3,0,4.095999989658594,4,4,0,2,38,0,0,40,89.5
1009,40,0,0,1,14.336000196635723,4,4,0,0,40,0,0,40,1.609
1009,40,0,1,1,75.77600330114365,4,4,0,0,40,0,0,40,1.609
1009,40,0,2,1,8.191999979317188,4,4,0,0,40,0,0,40,1.609
1009,40,0,3,1,4.095999989658594,4,4,0,0,40,0,0,40,1.609
1010,2,0,0,0,15.359999611973763,4,4,0,2,38,0,0,40,142.719
1010,2,0,1,0,82.94399827718735,4,4,0,2,38,0,0,40,142.719
1010,2,0,2,0,9.216000325977802,4,4,0,2,38,0,0,40,142.719
1010,2,0,3,0,31.74399957060814,4,4,0,2,38,0,0,40,142.719
1010,24,0,0,0,9.216000325977802,4,4,0,0,40,0,0,40,1.8
1010,24,0,1,0,91.13600105047226,4,4,0,0,40,0,0,40,1.8
1010,24,0,2,0,9.216000325977802,4,4,0,0,40,0,0,40,1.8
1010,24,0,3,0,4.095999989658594,4,4,0,0,40,0,0,40,1.8
1010,40,0,0,1,8.191999979317188,4,4,0,0,40,0,0,40,1.94
1010,40,0,1,1,87.0399996638298,4,4,0,0,40,0,0,40,1.94
1010,40,0,2,1,8.191999979317188,4,4,0,0,40,0,0,40,1.94
1010,40,0,3,1,4.095999989658594,4,4,0,0,40,0,0,40,1.94
1011,2,0,0,0,8.191999979317188,4,4,0,1,39,0,0,40,42.34
1011,2,0,1,0,76.80000364780426,4,4,0,1,39,0,0,40,42.34
1011,2,0,2,0,9.216000325977802,4,4,0,1,39,0,0,40,42.34
1011,2,0,3,0,8.191999979317188,4,4,0,1,39,0,0,40,42.34
1011,24,0,0,0,8.191999979317188,4,4,0,0,40,0,0,40,1.72
1011,24,0,1,0,91.13600105047226,4,4,0,0,40,0,0,40,1.72
1011,24,0,2,0,9.216000325977802,4,4,0,0,40,0,0,40,1.72
1011,24,0,3,0,4.095999989658594,4,4,0,0,40,0,0,40,1.72
1011,40,0,0,1,14.336000196635723,4,4,0,0,40,0,0,40,1.9
1011,40,0,1,1,86.01599931716919,4,4,0,0,40,0,0,40,1.9
1011,40,0,2,1,9.216000325977802,4,4,0,0,40,0,0,40,1.9
1011,40,0,3,1,4.095999989658594,4,4,0,0,40,0,0,40,1.9
1012,2,0,0,0,9.216000325977802,4,4,0,2,38,0,0,40,113.269
1012,2,0,1,0,83.96799862384796,4,4,0,2,38,0,0,40,113.269
1012,2,0,2,0,9.216000325977802,4,4,0,2,38,0,0,40,113.269
1012,2,0,3,0,7.168000098317862,4,4,0,2,38,0,0,40,113.269
1012,24,0,0,0,8.191999979317188,4,4,0,0,40,0,0,40,1.56
1012,24,0,1,0,89.08800035715103,4,4,0,0,40,0,0,40,1.56
1012,24,0,2,0,8.191999979317188,4,4,0,0,40,0,0,40,1.56
1012,24,0,3,0,4.095999989658594,4,4,0,0,40,0,0,40,1.56
1012,40,0,0,1,9.216000325977802,4,4,0,0,40,0,0,40,1.74
1012,40,0,1,1,70.65600156784058,4,4,0,0,40,0,0,40,1.74
1012,40,0,2,1,8.191999979317188,4,4,0,0,40,0,0,40,1.74
1012,40,0,3,1,4.095999989658594,4,4,0,0,40,0,0,40,1.74
1013,2,0,0,0,16.383999958634377,4,4,0,2,38,0,0,40,61.04
1013,2,0,1,0,69.63200122117996,4,4,0,2,38,0,0,40,61.04
1013,2,0,2,0,9.216000325977802,4,4,0,2,38,0,0,40,61.04
1013,2,0,3,0,6.144000217318535,4,4,0,2,38,0,0,40,61.04
1013,24,0,0,0,8.191999979317188,4,4,0,0,40,0,0,40,1.651
1013,24,0,1,0,80.89599758386612,4,4,0,0,40,0,0,40,1.651
1013,24,0,2,0,9.216000325977802,4,4,0,0,40,0,0,40,1.651
1013,24,0,3,0,4.095999989658594,4,4,0,0,40,0,0,40,1.651
1013,40,0,0,1,8.191999979317188,4,4,0,0,40,0,0,40,1.6
1013,40,0,1,1,89.08800035715103,4,4,0,0,40,0,0,40,1.6
1013,40,0,2,1,9.216000325977802,4,4,0,0,40,0,0,40,1.6
1013,40,0,3,1,4.095999989658594,4,4,0,0,40,0,0,40,1.6
1014,2,0,0,0,15.359999611973763,4,4,0,0,40,0,0,40,2.0
1014,2,0,1,0,90.11200070381165,4,4,0,0,40,0,0,40,2.0
1014,2,0,2,0,9.216000325977802,4,4,0,0,40,0,0,40,2.0
1014,2,0,3,0,5.119999870657921,4,4,0,0,40,0,0,40,2.0
1014,24,0,0,0,8.191999979317188,4,4,0,0,40,0,0,40,1.94
1014,24,0,1,0,72.7040022611618,4,4,0,0,40,0,0,40,1.94
1014,24,0,2,0,9.216000325977802,4,4,0,0,40,0,0,40,1.94
1014,24,0,3,0,5.119999870657921,4,4,0,0,40,0,0,40,1.94
1014,40,0,0,1,14.336000196635723,4,4,0,0,40,0,0,40,1.851
1014,40,0,1,1,76.80000364780426,4,4,0,0,40,0,0,40,1.851
1014,40,0,2,1,9.216000325977802,4,4,0,0,40,0,0,40,1.851
1014,40,0,3,1,4.095999989658594,4,4,0,0,40,0,0,40,1.851
1015,2,0,0,0,8.191999979317188,4,4,0,1,39,0,0,40,86.96
1015,2,0,1,0,83.96799862384796,4,4,0,1,39,0,0,40,86.96
1015,2,0,2,0,9.216000325977802,4,4,0,1,39,0,0,40,86.96
1015,2,0,3,0,5.119999870657921,4,4,0,1,39,0,0,40,86.96
1015,24,0,0,0,8.191999979317188,4,4,0,0,40,0,0,40,1.52
1015,24,0,1,0,68.60800087451935,4,4,0,0,40,0,0,40,1.52
1015,24,0,2,0,9.216000325977802,4,4,0,0,40,0,0,40,1.52
1015,24,0,3,0,4.095999989658594,4,4,0,0,40,0,0,40,1.52
1015,40,0,0,1,9.216000325977802,4,4,0,0,40,0,0,40,1.52
1015,40,0,1,1,83.96799862384796,4,4,0,0,40,0,0,40,1.52
1015,40,0,2,1,9.216000325977802,4,4,0,0,40,0,0,40,1.52
1015,40,0,3,1,4.095999989658594,4,4,0,0,40,0,0,40,1.52
1016,2,0,0,0,9.216000325977802,4,4,0,0,40,0,0,40,1.72
1016,2,0,1,0,66.56000018119812,4,4,0,0,40,0,0,40,1.72
1016,2,0,2,0,8.191999979317188,4,4,0,0,40,0,0,40,1.72
1016,2,0,3,0,5.119999870657921,4,4,0,0,40,0,0,40,1.72
1016,24,0,0,0,8.191999979317188,4,4,0,0,40,0,0,40,1.349
1016,24,0,1,0,64.51199948787689,4,4,0,0,40,0,0,40,1.349
1016,24,0,2,0,9.216000325977802,4,4,0,0,40,0,0,40,1.349
1016,24,0,3,0,4.095999989658594,4,4,0,0,40,0,0,40,1.349
1016,40,0,0,1,8.191999979317188,4,4,0,0,40,0,0,40,1.38
1016,40,0,1,1,51.19999870657921,4,4,0,0,40,0,0,40,1.38
1016,40,0,2,1,9.216000325977802,4,4,0,0,40,0,0,40,1.38
1016,40,0,3,1,4.095999989658594,4,4,0,0,40,0,0,40,1.38
1017,2,0,0,0,9.216000325977802,4,4,0,1,39,0,0,40,122.099
1017,2,0,1,0,86.01599931716919,4,4,0,1,39,0,0,40,122.099
1017,2,0,2,0,9.216000325977802,4,4,0,1,39,0,0,40,122.099
1017,2,0,3,0,13.311999849975109,4,4,0,1,39,0,0,40,122.099
1017,24,0,0,0,8.191999979317188,4,4,0,0,40,0,0,40,1.42
1017,24,0,1,0,65.5359998345375,4,4,0,0,40,0,0,40,1.42
1017,24,0,2,0,9.216000325977802,4,4,0,0,40,0,0,40,1.42
1017,24,0,3,0,4.095999989658594,4,4,0,0,40,0,0,40,1.42
1017,40,0,0,1,9.216000325977802,4,4,0,0,40,0,0,40,1.3
1017,40,0,1,1,55.296000093221664,4,4,0,0,40,0,0,40,1.3
1017,40,0,2,1,9.216000325977802,4,4,0,0,40,0,0,40,1.3
1017,40,0,3,1,4.095999989658594,4,4,0,0,40,0,0,40,1.3
1018,2,0,0,0,15.359999611973763,4,4,0,1,39,0,0,40,85.36
1018,2,0,1,0,89.08800035715103,4,4,0,1,39,0,0,40,85.36
1018,2,0,2,0,9.216000325977802,4,4,0,1,39,0,0,40,85.36
1018,2,0,3,0,6.144000217318535,4,4,0,1,39,0,0,40,85.36
1018,24,0,0,0,7.168000098317862,4,4,0,0,40,0,0,40,1.35
1018,24,0,1,0,59.39200147986412,4,4,0,0,40,0,0,40,1.35
1018,24,0,2,0,9.216000325977802,4,4,0,0,40,0,0,40,1.35
1018,24,0,3,0,4.095999989658594,4,4,0,0,40,0,0,40,1.35
1018,40,0,0,1,14.336000196635723,4,4,0,1,39,0,0,40,65.33
1018,40,0,1,1,66.56000018119812,4,4,0,1,39,0,0,40,65.33
1018,40,0,2,1,8.191999979317188,4,4,0,1,39,0,0,40,65.33
1018,40,0,3,1,4.095999989658594,4,4,0,1,39,0,0,40,65.33
1019,2,0,0,0,9.216000325977802,3,3,0,1,29,0,0,30,75.4
1019,2,0,1,0,68.60800087451935,3,3,0,1,29,0,0,30,75.4
1019,2,0,2,0,9.216000325977802,3,3,0,1,29,0,0,30,75.4
1019,2,0,3,0,5.119999870657921,3,3,0,1,29,0,0,30,75.4
1019,24,0,0,0,9.216000325977802,3,3,0,0,30,0,0,30,1.17
1019,24,0,1,0,60.416001826524734,3,3,0,0,30,0,0,30,1.17
1019,24,0,2,0,9.216000325977802,3,3,0,0,30,0,0,30,1.17
1019,24,0,3,0,4.095999989658594,3,3,0,0,30,0,0,30,1.17
1019,40,0,0,1,9.216000325977802,3,3,0,0,30,0,0,30,0.94
1019,40,0,1,1,51.19999870657921,3,3,0,0,30,0,0,30,0.94
1019,40,0,2,1,9.216000325977802,3,3,0,0,30,0,0,30,0.94
1019,40,0,3,1,4.095999989658594,3,3,0,0,30,0,0,30,0.94
1020,2,0,0,0,9.216000325977802,1,1,0,0,10,0,0,10,0.38
1020,2,0,1,0,32.76799991726875,1,1,0,0,10,0,0,10,0.38
1020,2,0,2,0,8.191999979317188,1,1,0,0,10,0,0,10,0.38
1020,2,0,3,0,5.119999870657921,1,1,0,0,10,0,0,10,0.38
1020,24,0,0,0,8.191999979317188,1,1,0,0,10,0,0,10,0.289
1020,24,0,1,0,31.74399957060814,1,1,0,0,10,0,0,10,0.289
1020,24,0,2,0,8.191999979317188,1,1,0,0,10,0,0,10,0.289
1020,24,0,3,0,4.095999989658594,1,1,0,0,10,0,0,10,0.289
1020,40,0,0,1,8.191999979317188,1,1,0,0,10,0,0,10,0.29
1020,40,0,1,1,35.840000957250595,1,1,0,0,10,0,0,10,0.29
1020,40,0,2,1,9.216000325977802,1,1,0,0,10,0,0,10,0.29
1020,40,0,3,1,4.095999989658594,1,1,0,0,10,0,0,10,0.29
1021,2,0,0,0,10.239999741315842,2,2,0,0,20,0,0,20,1.149
1021,2,0,1,0,47.10400104522705,2,2,0,0,20,0,0,20,1.149
1021,2,0,2,0,9.216000325977802,2,2,0,0,20,0,0,20,1.149
1021,2,0,3,0,8.191999979317188,2,2,0,0,20,0,0,20,1.149
1021,24,0,0,0,9.216000325977802,2,2,0,0,20,0,0,20,0.6
1021,24,0,1,0,53.247999399900436,2,2,0,0,20,0,0,20,0.6
1021,24,0,2,0,9.216000325977802,2,2,0,0,20,0,0,20,0.6
1021,24,0,3,0,4.095999989658594,2,2,0,0,20,0,0,20,0.6
1021,40,0,0,1,10.239999741315842,2,2,0,0,20,0,0,20,0.691
1021,40,0,1,1,43.007999658584595,2,2,0,0,20,0,0,20,0.691
1021,40,0,2,1,9.216000325977802,2,2,0,0,20,0,0,20,0.691
1021,40,0,3,1,4.095999989658594,2,2,0,0,20,0,0,20,0.691
1022,2,0,0,0,9.216000325977802,2,2,0,0,20,0,0,20,0.84
1022,2,0,1,0,45.05600035190582,2,2,0,0,20,0,0,20,0.84
1022,2,0,2,0,8.191999979317188,2,2,0,0,20,0,0,20,0.84
1022,2,0,3,0,7.168000098317862,2,2,0,0,20,0,0,20,0.84
1022,24,0,0,0,7.168000098317862,2,2,0,0,20,0,0,20,0.9
1022,24,0,1,0,40.95999896526337,2,2,0,0,20,0,0,20,0.9
1022,24,0,2,0,9.216000325977802,2,2,0,0,20,0,0,20,0.9
1022,24,0,3,0,4.095999989658594,2,2,0,0,20,0,0,20,0.9
1022,40,0,0,1,9.216000325977802,2,2,0,1,19,0,0,20,67.36
1022,40,0,1,1,46.08000069856644,2,2,0,1,19,0,0,20,67.36
1022,40,0,2,1,10.239999741315842,2,2,0,1,19,0,0,20,67.36
1022,40,0,3,1,4.095999989658594,2,2,0,1,19,0,0,20,67.36
1023,2,0,0,0,9.216000325977802,1,1,0,0,10,0,0,10,0.391
1023,2,0,1,0,31.74399957060814,1,1,0,0,10,0,0,10,0.391
1023,2,0,2,0,8.191999979317188,1,1,0,0,10,0,0,10,0.391
1023,2,0,3,0,4.095999989658594,1,1,0,0,10,0,0,10,0.391
1023,24,0,0,0,8.191999979317188,1,1,0,0,10,0,0,10,0.311
1023,24,0,1,0,31.74399957060814,1,1,0,0,10,0,0,10,0.311
1023,24,0,2,0,9.216000325977802,1,1,0,0,10,0,0,10,0.311
1023,24,0,3,0,4.095999989658594,1,1,0,0,10,0,0,10,0.311
1023,40,0,0,1,10.239999741315842,1,1,0,0,10,0,0,10,0.29
1023,40,0,1,1,35.840000957250595,1,1,0,0,10,0,0,10,0.29
1023,40,0,2,1,9.216000325977802,1,1,0,0,10,0,0,10,0.29
1023,40,0,3,1,4.095999989658594,1,1,0,0,10,0,0,10,0.29
1024,2,0,0,0,16.383999958634377,4,4,0,1,39,0,0,40,73.98
1024,2,0,1,0,90.11200070381165,4,4,0,1,39,0,0,40,73.98
1024,2,0,2,0,9.216000325977802,4,4,0,1,39,0,0,40,73.98
1024,2,0,3,0,6.144000217318535,4,4,0,1,39,0,0,40,73.98
1024,24,0,0,0,9.216000325977802,4,4,0,0,40,0,0,40,1.35
1024,24,0,1,0,69.63200122117996,4,4,0,0,40,0,0,40,1.35
1024,24,0,2,0,9.216000325977802,4,4,0,0,40,0,0,40,1.35
1024,24,0,3,0,4.095999989658594,4,4,0,0,40,0,0,40,1.35
1024,40,0,0,1,8.191999979317188,4,4,0,0,40,0,0,40,1.54
1024,40,0,1,1,60.416001826524734,4,4,0,0,40,0,0,40,1.54
1024,40,0,2,1,9.216000325977802,4,4,0,0,40,0,0,40,1.54
1024,40,0,3,1,4.095999989658594,4,4,0,0,40,0,0,40,1.54
1025,2,0,0,0,8.191999979317188,4,4,0,1,39,0,0,40,44.33
1025,2,0,1,0,83.96799862384796,4,4,0,1,39,0,0,40,44.33
1025,2,0,2,0,9.216000325977802,4,4,0,1,39,0,0,40,44.33
1025,2,0,3,0,5.119999870657921,4,4,0,1,39,0,0,40,44.33
1025,24,0,0,0,8.191999979317188,4,4,0,0,40,0,0,40,1.32
1025,24,0,1,0,69.63200122117996,4,4,0,0,40,0,0,40,1.32
1025,24,0,2,0,9.216000325977802,4,4,0,0,40,0,0,40,1.32
1025,24,0,3,0,5.119999870657921,4,4,0,0,40,0,0,40,1.32
1025,40,0,0,1,9.216000325977802,4,4,0,0,40,0,0,40,1.44
1025,40,0,1,1,74.75200295448303,4,4,0,0,40,0,0,40,1.44
1025,40,0,2,1,9.216000325977802,4,4,0,0,40,0,0,40,1.44
1025,40,0,3,1,4.095999989658594,4,4,0,0,40,0,0,40,1.44
1026,2,0,0,0,9.216000325977802,2,2,0,0,20,0,0,20,0.87
1026,2,0,1,0,46.08000069856644,2,2,0,0,20,0,0,20,0.87
1026,2,0,2,0,8.191999979317188,2,2,0,0,20,0,0,20,0.87
1026,2,0,3,0,6.144000217318535,2,2,0,0,20,0,0,20,0.87
1026,24,0,0,0,8.191999979317188,2,2,0,0,20,0,0,20,0.62
1026,24,0,1,0,46.08000069856644,2,2,0,0,20,0,0,20,0.62
1026,24,0,2,0,9.216000325977802,2,2,0,0,20,0,0,20,0.62
1026,24,0,3,0,3.0720001086592674,2,2,0,0,20,0,0,20,0.62
1026,40,0,0,1,10.239999741315842,2,2,0,0,20,0,0,20,0.61
1026,40,0,1,1,44.03200000524521,2,2,0,0,20,0,0,20,0.61
1026,40,0,2,1,9.216000325977802,2,2,0,0,20,0,0,20,0.61
1026,40,0,3,1,4.095999989658594,2,2,0,0,20,0,0,20,0.61
1027,2,0,0,0,3749.8879432678223,4,4,0,0,40,0,0,40,2.73
1027,2,0,1,0,87.0399996638298,4,4,0,0,40,0,0,40,2.73
1027,2,0,2,0,9.216000325977802,4,4,0,0,40,0,0,40,2.73
1027,2,0,3,0,5.119999870657921,4,4,0,0,40,0,0,40,2.73
1027,24,0,0,0,8.191999979317188,4,4,0,0,40,0,0,40,1.37
1027,24,0,1,0,61.43999844789505,4,4,0,0,40,0,0,40,1.37
1027,24,0,2,0,9.216000325977802,4,4,0,0,40,0,0,40,1.37
1027,24,0,3,0,4.095999989658594,4,4,0,0,40,0,0,40,1.37
1027,40,0,0,1,8.191999979317188,4,4,0,0,40,0,0,40,1.46
1027,40,0,1,1,52.22399905323982,4,4,0,0,40,0,0,40,1.46
1027,40,0,2,1,9.216000325977802,4,4,0,0,40,0,0,40,1.46
1027,40,0,3,1,4.095999989658594,4,4,0,0,40,0,0,40,1.46
1028,2,0,0,0,8.191999979317188,4,4,0,1,39,0,0,40,57.099
1028,2,0,1,0,89.08800035715103,4,4,0,1,39,0,0,40,57.099
1028,2,0,2,0,9.216000325977802,4,4,0,1,39,0,0,40,57.099
1028,2,0,3,0,5.119999870657921,4,4,0,1,39,0,0,40,57.099
1028,24,0,0,0,8.191999979317188,4,4,0,0,40,0,0,40,1.269
1028,24,0,1,0,56.32000043988228,4,4,0,0,40,0,0,40,1.269
1028,24,0,2,0,9.216000325977802,4,4,0,0,40,0,0,40,1.269
1028,24,0,3,0,4.095999989658594,4,4,0,0,40,0,0,40,1.269
1028,40,0,0,1,9.216000325977802,4,4,0,1,39,0,0,40,59.2
1028,40,0,1,1,57.34400078654289,4,4,0,1,39,0,0,40,59.2
1028,40,0,2,1,9.216000325977802,4,4,0,1,39,0,0,40,59.2
1028,40,0,3,1,4.095999989658594,4,4,0,1,39,0,0,40,59.2
1029,2,0,0,0,8.191999979317188,4,4,0,0,40,0,0,40,1.469
1029,2,0,1,0,89.08800035715103,4,4,0,0,40,0,0,40,1.469
1029,2,0,2,0,9.216000325977802,4,4,0,0,40,0,0,40,1.469
1029,2,0,3,0,6.144000217318535,4,4,0,0,40,0,0,40,1.469
1029,24,0,0,0,7.168000098317862,4,4,0,0,40,0,0,40,1.56
1029,24,0,1,0,69.63200122117996,4,4,0,0,40,0,0,40,1.56
1029,24,0,2,0,9.216000325977802,4,4,0,0,40,0,0,40,1.56
1029,24,0,3,0,4.095999989658594,4,4,0,0,40,0,0,40,1.56
1029,40,0,0,1,9.216000325977802,4,4,0,0,40,0,0,40,1.29
1029,40,0,1,1,54.27199974656105,4,4,0,0,40,0,0,40,1.29
1029,40,0,2,1,8.191999979317188,4,4,0,0,40,0,0,40,1.29
1029,40,0,3,1,4.095999989658594,4,4,0,0,40,0,0,40,1.29
1030,2,0,0,0,9.216000325977802,4,4,0,0,40,0,0,40,1.68
1030,2,0,1,0,89.08800035715103,4,4,0,0,40,0,0,40,1.68
1030,2,0,2,0,8.191999979317188,4,4,0,0,40,0,0,40,1.68
1030,2,0,3,0,6.144000217318535,4,4,0,0,40,0,0,40,1.68
1030,24,0,0,0,7.168000098317862,4,4,0,0,40,0,0,40,1.491
1030,24,0,1,0,62.463998794555664,4,4,0,0,40,0,0,40,1.491
1030,24,0,2,0,9.216000325977802,4,4,0,0,40,0,0,40,1.491
1030,24,0,3,0,4.095999989658594,4,4,0,0,40,0,0,40,1.491
1030,40,0,0,1,9.216000325977802,4,4,0,1,39,0,0,40,79.829
1030,40,0,1,1,75.77600330114365,4,4,0,1,39,0,0,40,79.829
1030,40,0,2,1,8.191999979317188,4,4,0,1,39,0,0,40,79.829
1030,40,0,3,1,5.119999870657921,4,4,0,1,39,0,0,40,79.829
1031,2,0,0,0,9.216000325977802,4,4,0,0,40,0,0,40,1.7
1031,2,0,1,0,73.72800260782242,4,4,0,0,40,0,0,40,1.7
1031,2,0,2,0,9.216000325977802,4,4,0,0,40,0,0,40,1.7
1031,2,0,3,0,5.119999870657921,4,4,0,0,40,0,0,40,1.7
1031,24,0,0,0,8.191999979317188,4,4,0,0,40,0,0,40,1.47
1031,24,0,1,0,65.5359998345375,4,4,0,0,40,0,0,40,1.47
1031,24,0,2,0,9.216000325977802,4,4,0,0,40,0,0,40,1.47
1031,24,0,3,0,5.119999870657921,4,4,0,0,40,0,0,40,1.47
1031,40,0,0,1,8.191999979317188,4,4,0,0,40,0,0,40,1.29
1031,40,0,1,1,64.51199948787689,4,4,0,0,40,0,0,40,1.29
1031,40,0,2,1,9.216000325977802,4,4,0,0,40,0,0,40,1.29
1031,40,0,3,1,4.095999989658594,4,4,0,0,40,0,0,40,1.29
1032,2,0,0,0,9.216000325977802,4,4,0,0,40,0,0,40,1.98
1032,2,0,1,0,90.11200070381165,4,4,0,0,40,0,0,40,1.98
1032,2,0,2,0,9.216000325977802,4,4,0,0,40,0,0,40,1.98
1032,2,0,3,0,5.119999870657921,4,4,0,0,40,0,0,40,1.98
1032,24,0,0,0,9.216000325977802,4,4,0,1,39,0,0,40,56.85
1032,24,0,1,0,61.43999844789505,4,4,0,1,39,0,0,40,56.85
1032,24,0,2,0,8.191999979317188,4,4,0,1,39,0,0,40,56.85
1032,24,0,3,0,5.119999870657921,4,4,0,1,39,0,0,40,56.85
1032,40,0,0,1,8.191999979317188,4,4,0,0,40,0,0,40,1.49
1032,40,0,1,1,61.43999844789505,4,4,0,0,40,0,0,40,1.49
1032,40,0,2,1,9.216000325977802,4,4,0,0,40,0,0,40,1.49
1032,40,0,3,1,4.095999989658594,4,4,0,0,40,0,0,40,1.49
1033,2,0,0,0,9.216000325977802,2,2,0,0,20,0,0,20,0.78
1033,2,0,1,0,52.22399905323982,2,2,0,0,20,0,0,20,0.78
1033,2,0,2,0,9.216000325977802,2,2,0,0,20,0,0,20,0.78
1033,2,0,3,0,6.144000217318535,2,2,0,0,20,0,0,20,0.78
1033,24,0,0,0,8.191999979317188,2,2,0,1,19,0,0,20,46.16
1033,24,0,1,0,48.128001391887665,2,2,0,1,19,0,0,20,46.16
1033,24,0,2,0,9.216000325977802,2,2,0,1,19,0,0,20,46.16
1033,24,0,3,0,4.095999989658594,2,2,0,1,19,0,0,20,46.16
1033,40,0,0,1,10.239999741315842,2,2,0,0,20,0,0,20,0.711
1033,40,0,1,1,44.03200000524521,2,2,0,0,20,0,0,20,0.711
1033,40,0,2,1,8.191999979317188,2,2,0,0,20,0,0,20,0.711
1033,40,0,3,1,4.095999989658594,2,2,0,0,20,0,0,20,0.711
1034,2,0,0,0,9.216000325977802,4,4,0,2,38,0,0,40,100.399
1034,2,0,1,0,87.0399996638298,4,4,0,2,38,0,0,40,100.399
1034,2,0,2,0,8.191999979317188,4,4,0,2,38,0,0,40,100.399
1034,2,0,3,0,5.119999870657921,4,4,0,2,38,0,0,40,100.399
1034,24,0,0,0,8.191999979317188,4,4,0,0,40,0,0,40,1.351
1034,24,0,1,0,81.91999793052673,4,4,0,0,40,0,0,40,1.351
1034,24,0,2,0,9.216000325977802,4,4,0,0,40,0,0,40,1.351
1034,24,0,3,0,4.095999989658594,4,4,0,0,40,0,0,40,1.351
1034,40,0,0,1,9.216000325977802,4,4,0,1,39,0,0,40,81.4
1034,40,0,1,1,95.23200243711472,4,4,0,1,39,0,0,40,81.4
1034,40,0,2,1,9.216000325977802,4,4,0,1,39,0,0,40,81.4
1034,40,0,3,1,4.095999989658594,4,4,0,1,39,0,0,40,81.4
1035,2,0,0,0,8.191999979317188,4,4,0,1,39,0,0,40,85.55
1035,2,0,1,0,54.27199974656105,4,4,0,1,39,0,0,40,85.55
1035,2,0,2,0,9.216000325977802,4,4,0,1,39,0,0,40,85.55
1035,2,0,3,0,7.168000098317862,4,4,0,1,39,0,0,40,85.55
1035,24,0,0,0,7.168000098317862,4,4,0,0,40,0,0,40,1.78
1035,24,0,1,0,55.296000093221664,4,4,0,0,40,0,0,40,1.78
1035,24,0,2,0,9.216000325977802,4,4,0,0,40,0,0,40,1.78
1035,24,0,3,0,4.095999989658594,4,4,0,0,40,0,0,40,1.78
1035,40,0,0,1,15.359999611973763,4,4,0,1,39,0,0,40,56.591
1035,40,0,1,1,87.0399996638298,4,4,0,1,39,0,0,40,56.591
1035,40,0,2,1,8.191999979317188,4,4,0,1,39,0,0,40,56.591
1035,40,0,3,1,5.119999870657921,4,4,0,1,39,0,0,40,56.591
1036,2,0,0,0,8.191999979317188,4,4,0,0,40,0,0,40,1.74
1036,2,0,1,0,79.8719972372055,4,4,0,0,40,0,0,40,1.74
1036,2,0,2,0,9.216000325977802,4,4,0,0,40,0,0,40,1.74
1036,2,0,3,0,4.095999989658594,4,4,0,0,40,0,0,40,1.74
1036,24,0,0,0,7.168000098317862,4,4,0,0,40,0,0,40,1.67
1036,24,0,1,0,69.63200122117996,4,4,0,0,40,0,0,40,1.67
1036,24,0,2,0,9.216000325977802,4,4,0,0,40,0,0,40,1.67
1036,24,0,3,0,4.095999989658594,4,4,0,0,40,0,0,40,1.67
1036,40,0,0,1,8.191999979317188,4,4,0,1,39,0,0,40,83.67
1036,40,0,1,1,74.75200295448303,4,4,0,1,39,0,0,40,83.67
1036,40,0,2,1,9.216000325977802,4,4,0,1,39,0,0,40,83.67
1036,40,0,3,1,4.095999989658594,4,4,0,1,39,0,0,40,83.67
1037,2,0,0,0,9.216000325977802,4,4,0,0,40,0,0,40,1.56
1037,2,0,1,0,76.80000364780426,4,4,0,0,40,0,0,40,1.56
1037,2,0,2,0,9.216000325977802,4,4,0,0,40,0,0,40,1.56
1037,2,0,3,0,5.119999870657921,4,4,0,0,40,0,0,40,1.56
1037,24,0,0,0,8.191999979317188,4,4,0,0,40,0,0,40,1.509
1037,24,0,1,0,59.39200147986412,4,4,0,0,40,0,0,40,1.509
1037,24,0,2,0,9.216000325977802,4,4,0,0,40,0,0,40,1.509
1037,24,0,3,0,4.095999989658594,4,4,0,0,40,0,0,40,1.509
1037,40,0,0,1,8.191999979317188,4,4,0,0,40,0,0,40,1.551
1037,40,0,1,1,73.72800260782242,4,4,0,0,40,0,0,40,1.551
1037,40,0,2,1,8.191999979317188,4,4,0,0,40,0,0,40,1.551
1037,40,0,3,1,5.119999870657921,4,4,0,0,40,0,0,40,1.551
1038,2,0,0,0,9.216000325977802,4,4,0,0,40,0,0,40,1.911
1038,2,0,1,0,83.96799862384796,4,4,0,0,40,0,0,40,1.911
1038,2,0,2,0,8.191999979317188,4,4,0,0,40,0,0,40,1.911
1038,2,0,3,0,5.119999870657921,4,4,0,0,40,0,0,40,1.911
1038,24,0,0,0,8.191999979317188,4,4,0,0,40,0,0,40,1.38
1038,24,0,1,0,73.72800260782242,4,4,0,0,40,0,0,40,1.38
1038,24,0,2,0,8.191999979317188,4,4,0,0,40,0,0,40,1.38
1038,24,0,3,0,4.095999989658594,4,4,0,0,40,0,0,40,1.38
1038,40,0,0,1,9.216000325977802,4,4,0,0,40,0,0,40,1.8
1038,40,0,1,1,73.72800260782242,4,4,0,0,40,0,0,40,1.8
1038,40,0,2,1,9.216000325977802,4,4,0,0,40,0,0,40,1.8
1038,40,0,3,1,4.095999989658594,4,4,0,0,40,0,0,40,1.8
1039,2,0,0,0,9.216000325977802,2,2,0,0,20,0,0,20,0.849
1039,2,0,1,0,51.19999870657921,2,2,0,0,20,0,0,20,0.849
1039,2,0,2,0,9.216000325977802,2,2,0,0,20,0,0,20,0.849
1039,2,0,3,0,5.119999870657921,2,2,0,0,20,0,0,20,0.849
1039,24,0,0,0,9.216000325977802,2,2,0,0,20,0,0,20,0.591
1039,24,0,1,0,44.03200000524521,2,2,0,0,20,0,0,20,0.591
1039,24,0,2,0,8.191999979317188,2,2,0,0,20,0,0,20,0.591
1039,24,0,3,0,4.095999989658594,2,2,0,0,20,0,0,20,0.591
1039,40,0,0,1,9.216000325977802,2,2,0,0,20,0,0,20,0.56
1039,40,0,1,1,41.98399931192398,2,2,0,0,20,0,0,20,0.56
1039,40,0,2,1,10.239999741315842,2,2,0,0,20,0,0,20,0.56
1039,40,0,3,1,5.119999870657921,2,2,0,0,20,0,0,20,0.56
1040,2,0,0,0,9.216000325977802,1,1,0,1,9,0,0,10,79.5
1040,2,0,1,0,29.69600073993206,1,1,0,1,9,0,0,10,79.5
1040,2,0,2,0,10.239999741315842,1,1,0,1,9,0,0,10,79.5
1040,2,0,3,0,26.623999699950218,1,1,0,1,9,0,0,10,79.5
1040,24,0,0,0,8.191999979317188,1,1,0,0,10,0,0,10,0.7
1040,24,0,1,0,31.74399957060814,1,1,0,0,10,0,0,10,0.7
1040,24,0,2,0,8.191999979317188,1,1,0,0,10,0,0,10,0.7
1040,24,0,3,0,4.095999989658594,1,1,0,0,10,0,0,10,0.7
1040,40,0,0,1,8.191999979317188,1,1,0,0,10,0,0,10,0.66
1040,40,0,1,1,34.81600061058998,1,1,0,0,10,0,0,10,0.66
1040,40,0,2,1,9.216000325977802,1,1,0,0,10,0,0,10,0.66
1040,40,0,3,1,4.095999989658594,1,1,0,0,10,0,0,10,0.66
1041,2,0,0,0,14.336000196635723,4,4,0,0,40,0,0,40,3.14
1041,2,0,1,0,81.91999793052673,4,4,0,0,40,0,0,40,3.14
1041,2,0,2,0,8.191999979317188,4,4,0,0,40,0,0,40,3.14
1041,2,0,3,0,5.119999870657921,4,4,0,0,40,0,0,40,3.14
1041,24,0,0,0,8.191999979317188,4,4,0,0,40,0,0,40,2.18
1041,24,0,1,0,67.58400052785873,4,4,0,0,40,0,0,40,2.18
1041,24,0,2,0,8.191999979317188,4,4,0,0,40,0,0,40,2.18
1041,24,0,3,0,3.0720001086592674,4,4,0,0,40,0,0,40,2.18
1041,40,0,0,1,15.359999611973763,4,4,0,2,38,0,0,40,92.76
1041,40,0,1,1,67.58400052785873,4,4,0,2,38,0,0,40,92.76
1041,40,0,2,1,9.216000325977802,4,4,0,2,38,0,0,40,92.76
1041,40,0,3,1,4.095999989658594,4,4,0,2,38,0,0,40,92.76
1042,2,0,0,0,8.191999979317188,1,1,0,0,10,0,0,10,0.65
1042,2,0,1,0,31.74399957060814,1,1,0,0,10,0,0,10,0.65
1042,2,0,2,0,8.191999979317188,1,1,0,0,10,0,0,10,0.65
1042,2,0,3,0,5.119999870657921,1,1,0,0,10,0,0,10,0.65
1042,24,0,0,0,8.191999979317188,1,1,0,0,10,0,0,10,0.44
1042,24,0,1,0,31.74399957060814,1,1,0,0,10,0,0,10,0.44
1042,24,0,2,0,9.216000325977802,1,1,0,0,10,0,0,10,0.44
1042,24,0,3,0,5.119999870657921,1,1,0,0,10,0,0,10,0.44
1042,40,0,0,1,9.216000325977802,1,1,0,0,10,0,0,10,0.46
1042,40,0,1,1,34.81600061058998,1,1,0,0,10,0,0,10,0.46
1042,40,0,2,1,9.216000325977802,1,1,0,0,10,0,0,10,0.46
1042,40,0,3,1,5.119999870657921,1,1,0,0,10,0,0,10,0.46
1043,2,0,0,0,8.191999979317188,4,4,0,0,40,0,0,40,2.79
1043,2,0,1,0,82.94399827718735,4,4,0,0,40,0,0,40,2.79
1043,2,0,2,0,9.216000325977802,4,4,0,0,40,0,0,40,2.79
1043,2,0,3,0,6.144000217318535,4,4,0,0,40,0,0,40,2.79
1043,24,0,0,0,8.191999979317188,4,4,0,0,40,0,0,40,2.22
1043,24,0,1,0,76.80000364780426,4,4,0,0,40,0,0,40,2.22
1043,24,0,2,0,8.191999979317188,4,4,0,0,40,0,0,40,2.22
1043,24,0,3,0,4.095999989658594,4,4,0,0,40,0,0,40,2.22
1043,40,0,0,1,8.191999979317188,4,4,0,0,40,0,0,40,2.34
1043,40,0,1,1,92.16000139713287,4,4,0,0,40,0,0,40,2.34
1043,40,0,2,1,9.216000325977802,4,4,0,0,40,0,0,40,2.34
1043,40,0,3,1,4.095999989658594,4,4,0,0,40,0,0,40,2.34
1044,2,0,0,0,9.216000325977802,4,4,0,2,38,0,0,40,82.18
1044,2,0,1,0,82.94399827718735,4,4,0,2,38,0,0,40,82.18
1044,2,0,2,0,8.191999979317188,4,4,0,2,38,0,0,40,82.18
1044,2,0,3,0,5.119999870657921,4,4,0,2,38,0,0,40,82.18
1044,24,0,0,0,8.191999979317188,4,4,0,0,40,0,0,40,2.391
1044,24,0,1,0,67.58400052785873,4,4,0,0,40,0,0,40,2.391
1044,24,0,2,0,9.216000325977802,4,4,0,0,40,0,0,40,2.391
1044,24,0,3,0,4.095999989658594,4,4,0,0,40,0,0,40,2.391
1044,40,0,0,1,9.216000325977802,4,4,0,0,40,0,0,40,1.4
1044,40,0,1,1,67.58400052785873,4,4,0,0,40,0,0,40,1.4
1044,40,0,2,1,9.216000325977802,4,4,0,0,40,0,0,40,1.4
1044,40,0,3,1,4.095999989658594,4,4,0,0,40,0,0,40,1.4
1045,2,0,0,0,8.191999979317188,4,4,0,1,39,0,0,40,54.25
1045,2,0,1,0,89.08800035715103,4,4,0,1,39,0,0,40,54.25
1045,2,0,2,0,8.191999979317188,4,4,0,1,39,0,0,40,54.25
1045,2,0,3,0,5.119999870657921,4,4,0,1,39,0,0,40,54.25
1045,24,0,0,0,7.168000098317862,4,4,0,1,39,0,0,40,54.969
1045,24,0,1,0,76.80000364780426,4,4,0,1,39,0,0,40,54.969
1045,24,0,2,0,9.216000325977802,4,4,0,1,39,0,0,40,54.969
1045,24,0,3,0,3.0720001086592674,4,4,0,1,39,0,0,40,54.969
1045,40,0,0,1,8.191999979317188,4,4,0,0,40,0,0,40,1.98
1045,40,0,1,1,69.63200122117996,4,4,0,0,40,0,0,40,1.98
1045,40,0,2,1,9.216000325977802,4,4,0,0,40,0,0,40,1.98
1045,40,0,3,1,4.095999989658594,4,4,0,0,40,0,0,40,1.98
1046,2,0,0,0,8.191999979317188,4,4,0,1,39,0,0,40,80.039
1046,2,0,1,0,87.0399996638298,4,4,0,1,39,0,0,40,80.039
1046,2,0,2,0,9.216000325977802,4,4,0,1,39,0,0,40,80.039
1046,2,0,3,0,6.144000217318535,4,4,0,1,39,0,0,40,80.039
1046,24,0,0,0,9.216000325977802,4,4,0,0,40,0,0,40,1.84
1046,24,0,1,0,75.77600330114365,4,4,0,0,40,0,0,40,1.84
1046,24,0,2,0,9.216000325977802,4,4,0,0,40,0,0,40,1.84
1046,24,0,3,0,4.095999989658594,4,4,0,0,40,0,0,40,1.84
1046,40,0,0,1,8.191999979317188,4,4,0,0,40,0,0,40,1.671
1046,40,0,1,1,62.463998794555664,4,4,0,0,40,0,0,40,1.671
1046,40,0,2,1,8.191999979317188,4,4,0,0,40,0,0,40,1.671
1046,40,0,3,1,4.095999989658594,4,4,0,0,40,0,0,40,1.671
1047,2,0,0,0,9.216000325977802,4,4,0,0,40,0,0,40,2.74
1047,2,0,1,0,87.0399996638298,4,4,0,0,40,0,0,40,2.74
1047,2,0,2,0,8.191999979317188,4,4,0,0,40,0,0,40,2.74
1047,2,0,3,0,5.119999870657921,4,4,0,0,40,0,0,40,2.74
1047,24,0,0,0,8.191999979317188,4,4,0,1,39,0,0,40,52.12
1047,24,0,1,0,77.82399654388428,4,4,0,1,39,0,0,40,52.12
1047,24,0,2,0,9.216000325977802,4,4,0,1,39,0,0,40,52.12
1047,24,0,3,0,4.095999989658594,4,4,0,1,39,0,0,40,52.12
1047,40,0,0,1,9.216000325977802,4,4,0,0,40,0,0,40,1.44
1047,40,0,1,1,78.84799689054489,4,4,0,0,40,0,0,40,1.44
1047,40,0,2,1,9.216000325977802,4,4,0,0,40,0,0,40,1.44
1047,40,0,3,1,4.095999989658594,4,4,0,0,40,0,0,40,1.44
1048,2,0,0,0,9.216000325977802,2,2,0,0,20,0,0,20,1.17
1048,2,0,1,0,50.175998359918594,2,2,0,0,20,0,0,20,1.17
1048,2,0,2,0,8.191999979317188,2,2,0,0,20,0,0,20,1.17
1048,2,0,3,0,5.119999870657921,2,2,0,0,20,0,0,20,1.17
1048,24,0,0,0,8.191999979317188,2,2,0,0,20,0,0,20,1.02
1048,24,0,1,0,54.27199974656105,2,2,0,0,20,0,0,20,1.02
1048,24,0,2,0,8.191999979317188,2,2,0,0,20,0,0,20,1.02
1048,24,0,3,0,4.095999989658594,2,2,0,0,20,0,0,20,1.02
1048,40,0,0,1,10.239999741315842,2,2,0,0,20,0,0,20,1.06
1048,40,0,1,1,47.10400104522705,2,2,0,0,20,0,0,20,1.06
1048,40,0,2,1,9.216000325977802,2,2,0,0,20,0,0,20,1.06
1048,40,0,3,1,4.095999989658594,2,2,0,0,20,0,0,20,1.06
1049,2,0,0,0,8.191999979317188,3,3,0,1,29,0,0,30,89.08
1049,2,0,1,0,59.39200147986412,3,3,0,1,29,0,0,30,89.08
1049,2,0,2,0,9.216000325977802,3,3,0,1,29,0,0,30,89.08
1049,2,0,3,0,9.216000325977802,3,3,0,1,29,0,0,30,89.08
1049,24,0,0,0,9.216000325977802,3,3,0,0,30,0,0,30,1.469
1049,24,0,1,0,61.43999844789505,3,3,0,0,30,0,0,30,1.469
1049,24,0,2,0,9.216000325977802,3,3,0,0,30,0,0,30,1.469
1049,24,0,3,0,4.095999989658594,3,3,0,0,30,0,0,30,1.469
1049,40,0,0,1,11.264000087976456,3,3,0,0,30,0,0,30,1.01
1049,40,0,1,1,52.22399905323982,3,3,0,0,30,0,0,30,1.01
1049,40,0,2,1,9.216000325977802,3,3,0,0,30,0,0,30,1.01
1049,40,0,3,1,5.119999870657921,3,3,0,0,30,0,0,30,1.01
1050,2,0,0,0,53.247999399900436,4,4,0,0,40,0,0,40,2.28
1050,2,0,1,0,82.94399827718735,4,4,0,0,40,0,0,40,2.28
1050,2,0,2,0,9.216000325977802,4,4,0,0,40,0,0,40,2.28
1050,2,0,3,0,7.168000098317862,4,4,0,0,40,0,0,40,2.28
1050,24,0,0,0,44.03200000524521,4,4,0,0,40,0,0,40,1.829
1050,24,0,1,0,65.5359998345375,4,4,0,0,40,0,0,40,1.829
1050,24,0,2,0,9.216000325977802,4,4,0,0,40,0,0,40,1.829
1050,24,0,3,0,4.095999989658594,4,4,0,0,40,0,0,40,1.829
1050,40,0,0,1,295.9359884262085,4,4,0,0,40,0,0,40,2.55
1050,40,0,1,1,73.72800260782242,4,4,0,0,40,0,0,40,2.55
1050,40,0,2,1,9.216000325977802,4,4,0,0,40,0,0,40,2.55
1050,40,0,3,1,4.095999989658594,4,4,0,0,40,0,0,40,2.55
1051,2,0,0,0,8.191999979317188,4,4,0,3,37,0,0,40,92.09
1051,2,0,1,0,67.58400052785873,4,4,0,3,37,0,0,40,92.09
1051,2,0,2,0,9.216000325977802,4,4,0,3,37,0,0,40,92.09
1051,2,0,3,0,6.144000217318535,4,4,0,3,37,0,0,40,92.09
1051,24,0,0,0,8.191999979317188,4,4,0,3,37,0,0,40,58.399
1051,24,0,1,0,64.51199948787689,4,4,0,3,37,0,0,40,58.399
1051,24,0,2,0,9.216000325977802,4,4,0,3,37,0,0,40,58.399
1051,24,0,3,0,4.095999989658594,4,4,0,3,37,0,0,40,58.399
1051,40,0,0,1,63.48799914121628,4,4,0,0,40,0,0,40,1.84
1051,40,0,1,1,72.7040022611618,4,4,0,0,40,0,0,40,1.84
1051,40,0,2,1,9.216000325977802,4,4,0,0,40,0,0,40,1.84
1051,40,0,3,1,4.095999989658594,4,4,0,0,40,0,0,40,1.84
1052,2,0,0,0,11.264000087976456,3,3,0,0,30,0,0,30,1.08
1052,2,0,1,0,65.5359998345375,3,3,0,0,30,0,0,30,1.08
1052,2,0,2,0,9.216000325977802,3,3,0,0,30,0,0,30,1.08
1052,2,0,3,0,5.119999870657921,3,3,0,0,30,0,0,30,1.08
1052,24,0,0,0,8.191999979317188,3,3,0,0,30,0,0,30,1.411
1052,24,0,1,0,65.5359998345375,3,3,0,0,30,0,0,30,1.411
1052,24,0,2,0,9.216000325977802,3,3,0,0,30,0,0,30,1.411
1052,24,0,3,0,4.095999989658594,3,3,0,0,30,0,0,30,1.411
1052,40,0,0,1,8.191999979317188,3,3,0,0,30,0,0,30,1.0
1052,40,0,1,1,81.91999793052673,3,3,0,0,30,0,0,30,1.0
1052,40,0,2,1,9.216000325977802,3,3,0,0,30,0,0,30,1.0
1052,40,0,3,1,4.095999989658594,3,3,0,0,30,0,0,30,1.0
1053,2,0,0,0,9.216000325977802,3,3,0,2,28,0,0,30,126.159
1053,2,0,1,0,60.416001826524734,3,3,0,2,28,0,0,30,126.159
1053,2,0,2,0,9.216000325977802,3,3,0,2,28,0,0,30,126.159
1053,2,0,3,0,44.03200000524521,3,3,0,2,28,0,0,30,126.159
1053,24,0,0,0,8.191999979317188,3,3,0,0,30,0,0,30,1.68
1053,24,0,1,0,66.56000018119812,3,3,0,0,30,0,0,30,1.68
1053,24,0,2,0,8.191999979317188,3,3,0,0,30,0,0,30,1.68
1053,24,0,3,0,4.095999989658594,3,3,0,0,30,0,0,30,1.68
1053,40,0,0,1,10.239999741315842,3,3,0,0,30,0,0,30,0.97
1053,40,0,1,1,61.43999844789505,3,3,0,0,30,0,0,30,0.97
1053,40,0,2,1,9.216000325977802,3,3,0,0,30,0,0,30,0.97
1053,40,0,3,1,4.095999989658594,3,3,0,0,30,0,0,30,0.97
1054,2,0,0,0,8.191999979317188,4,4,0,0,40,0,0,40,1.85
1054,2,0,1,0,73.72800260782242,4,4,0,0,40,0,0,40,1.85
1054,2,0,2,0,9.216000325977802,4,4,0,0,40,0,0,40,1.85
1054,2,0,3,0,5.119999870657921,4,4,0,0,40,0,0,40,1.85
1054,24,0,0,0,8.191999979317188,4,4,0,0,40,0,0,40,2.14
1054,24,0,1,0,79.8719972372055,4,4,0,0,40,0,0,40,2.14
1054,24,0,2,0,9.216000325977802,4,4,0,0,40,0,0,40,2.14
1054,24,0,3,0,4.095999989658594,4,4,0,0,40,0,0,40,2.14
1054,40,0,0,1,8.191999979317188,4,4,0,0,40,0,0,40,1.71
1054,40,0,1,1,57.34400078654289,4,4,0,0,40,0,0,40,1.71
1054,40,0,2,1,8.191999979317188,4,4,0,0,40,0,0,40,1.71
1054,40,0,3,1,4.095999989658594,4,4,0,0,40,0,0,40,1.71
1055,2,0,0,0,9.216000325977802,3,3,0,0,30,0,0,30,1.48
1055,2,0,1,0,66.56000018119812,3,3,0,0,30,0,0,30,1.48
1055,2,0,2,0,9.216000325977802,3,3,0,0,30,0,0,30,1.48
1055,2,0,3,0,6.144000217318535,3,3,0,0,30,0,0,30,1.48
1055,24,0,0,0,9.216000325977802,3,3,0,0,30,0,0,30,1.2
1055,24,0,1,0,57.34400078654289,3,3,0,0,30,0,0,30,1.2
1055,24,0,2,0,9.216000325977802,3,3,0,0,30,0,0,30,1.2
1055,24,0,3,0,4.095999989658594,3,3,0,0,30,0,0,30,1.2
1055,40,0,0,1,8.191999979317188,3,3,0,0,30,0,0,30,1.17
1055,40,0,1,1,54.27199974656105,3,3,0,0,30,0,0,30,1.17
1055,40,0,2,1,9.216000325977802,3,3,0,0,30,0,0,30,1.17
1055,40,0,3,1,4.095999989658594,3,3,0,0,30,0,0,30,1.17
1056,2,0,0,0,10.239999741315842,4,4,0,0,40,0,0,40,2.191
1056,2,0,1,0,77.82399654388428,4,4,0,0,40,0,0,40,2.191
1056,2,0,2,0,9.216000325977802,4,4,0,0,40,0,0,40,2.191
1056,2,0,3,0,5.119999870657921,4,4,0,0,40,0,0,40,2.191
1056,24,0,0,0,8.191999979317188,4,4,0,0,40,0,0,40,2.051
1056,24,0,1,0,70.65600156784058,4,4,0,0,40,0,0,40,2.051
1056,24,0,2,0,9.216000325977802,4,4,0,0,40,0,0,40,2.051
1056,24,0,3,0,4.095999989658594,4,4,0,0,40,0,0,40,2.051
1056,40,0,0,1,8.191999979317188,4,4,0,0,40,0,0,40,1.42
1056,40,0,1,1,58.36800113320351,4,4,0,0,40,0,0,40,1.42
1056,40,0,2,1,8.191999979317188,4,4,0,0,40,0,0,40,1.42
1056,40,0,3,1,4.095999989658594,4,4,0,0,40,0,0,40,1.42
1057,2,0,0,0,9.216000325977802,4,4,0,0,40,0,0,40,2.31
1057,2,0,1,0,80.89599758386612,4,4,0,0,40,0,0,40,2.31
1057,2,0,2,0,9.216000325977802,4,4,0,0,40,0,0,40,2.31
1057,2,0,3,0,5.119999870657921,4,4,0,0,40,0,0,40,2.31
1057,24,0,0,0,8.191999979317188,4,4,0,0,40,0,0,40,1.849
1057,24,0,1,0,63.48799914121628,4,4,0,0,40,0,0,40,1.849
1057,24,0,2,0,9.216000325977802,4,4,0,0,40,0,0,40,1.849
1057,24,0,3,0,4.095999989658594,4,4,0,0,40,0,0,40,1.849
1057,40,0,0,1,9.216000325977802,4,4,0,0,40,0,0,40,1.751
1057,40,0,1,1,69.63200122117996,4,4,0,0,40,0,0,40,1.751
1057,40,0,2,1,8.191999979317188,4,4,0,0,40,0,0,40,1.751
1057,40,0,3,1,4.095999989658594,4,4,0,0,40,0,0,40,1.751
1058,2,0,0,0,15.359999611973763,4,4,0,0,40,0,0,40,1.809
1058,2,0,1,0,70.65600156784058,4,4,0,0,40,0,0,40,1.809
1058,2,0,2,0,8.191999979317188,4,4,0,0,40,0,0,40,1.809
1058,2,0,3,0,6.144000217318535,4,4,0,0,40,0,0,40,1.809
1058,24,0,0,0,8.191999979317188,4,4,0,0,40,0,0,40,1.84
1058,24,0,1,0,77.82399654388428,4,4,0,0,40,0,0,40,1.84
1058,24,0,2,0,10.239999741315842,4,4,0,0,40,0,0,40,1.84
1058,24,0,3,0,4.095999989658594,4,4,0,0,40,0,0,40,1.84
1058,40,0,0,1,8.191999979317188,4,4,0,0,40,0,0,40,1.76
1058,40,0,1,1,81.91999793052673,4,4,0,0,40,0,0,40,1.76
1058,40,0,2,1,9.216000325977802,4,4,0,0,40,0,0,40,1.76
1058,40,0,3,1,4.095999989658594,4,4,0,0,40,0,0,40,1.76
1059,2,0,0,0,9.216000325977802,4,4,0,0,40,0,0,40,1.88
1059,2,0,1,0,79.8719972372055,4,4,0,0,40,0,0,40,1.88
1059,2,0,2,0,9.216000325977802,4,4,0,0,40,0,0,40,1.88
1059,2,0,3,0,5.119999870657921,4,4,0,0,40,0,0,40,1.88
1059,24,0,0,0,8.191999979317188,4,4,0,2,38,0,0,40,57.31
1059,24,0,1,0,71.68000191450119,4,4,0,2,38,0,0,40,57.31
1059,24,0,2,0,9.216000325977802,4,4,0,2,38,0,0,40,57.31
1059,24,0,3,0,4.095999989658594,4,4,0,2,38,0,0,40,57.31
1059,40,0,0,1,8.191999979317188,4,4,0,0,40,0,0,40,1.41
1059,40,0,1,1,56.32000043988228,4,4,0,0,40,0,0,40,1.41
1059,40,0,2,1,9.216000325977802,4,4,0,0,40,0,0,40,1.41
1059,40,0,3,1,4.095999989658594,4,4,0,0,40,0,0,40,1.41
1060,2,0,0,0,149.50400590896606,4,4,0,1,39,0,0,40,54.511
1060,2,0,1,0,89.08800035715103,4,4,0,1,39,0,0,40,54.511
1060,2,0,2,0,8.191999979317188,4,4,0,1,39,0,0,40,54.511
1060,2,0,3,0,5.119999870657921,4,4,0,1,39,0,0,40,54.511
1060,24,0,0,0,8.191999979317188,4,4,0,1,39,0,0,40,64.2
1060,24,0,1,0,62.463998794555664,4,4,0,1,39,0,0,40,64.2
1060,24,0,2,0,9.216000325977802,4,4,0,1,39,0,0,40,64.2
1060,24,0,3,0,4.095999989658594,4,4,0,1,39,0,0,40,64.2
1060,40,0,0,1,9.216000325977802,4,4,0,0,40,0,0,40,1.54
1060,40,0,1,1,61.43999844789505,4,4,0,0,40,0,0,40,1.54
1060,40,0,2,1,9.216000325977802,4,4,0,0,40,0,0,40,1.54
1060,40,0,3,1,4.095999989658594,4,4,0,0,40,0,0,40,1.54
1061,2,0,0,0,84.99199897050858,2,2,0,0,20,0,0,20,1.3
1061,2,0,1,0,39.93599861860275,2,2,0,0,20,0,0,20,1.3
1061,2,0,2,0,8.191999979317188,2,2,0,0,20,0,0,20,1.3
1061,2,0,3,0,5.119999870657921,2,2,0,0,20,0,0,20,1.3
1061,24,0,0,0,1506.3040256500244,2,2,0,0,20,0,0,20,2.72
1061,24,0,1,0,49.15200173854828,2,2,0,0,20,0,0,20,2.72
1061,24,0,2,0,9.216000325977802,2,2,0,0,20,0,0,20,2.72
1061,24,0,3,0,4.095999989658594,2,2,0,0,20,0,0,20,2.72
1061,40,0,0,1,10.239999741315842,2,2,0,0,20,0,0,20,1.031
1061,40,0,1,1,41.98399931192398,2,2,0,0,20,0,0,20,1.031
1061,40,0,2,1,9.216000325977802,2,2,0,0,20,0,0,20,1.031
1061,40,0,3,1,4.095999989658594,2,2,0,0,20,0,0,20,1.031
1062,2,0,0,0,8.191999979317188,4,4,0,0,40,0,0,40,2.1
1062,2,0,1,0,75.77600330114365,4,4,0,0,40,0,0,40,2.1
1062,2,0,2,0,9.216000325977802,4,4,0,0,40,0,0,40,2.1
1062,2,0,3,0,6.144000217318535,4,4,0,0,40,0,0,40,2.1
1062,24,0,0,0,8.191999979317188,4,4,0,0,40,0,0,40,1.72
1062,24,0,1,0,65.5359998345375,4,4,0,0,40,0,0,40,1.72
1062,24,0,2,0,8.191999979317188,4,4,0,0,40,0,0,40,1.72
1062,24,0,3,0,4.095999989658594,4,4,0,0,40,0,0,40,1.72
1062,40,0,0,1,8.191999979317188,4,4,0,0,40,0,0,40,1.54
1062,40,0,1,1,61.43999844789505,4,4,0,0,40,0,0,40,1.54
1062,40,0,2,1,8.191999979317188,4,4,0,0,40,0,0,40,1.54
1062,40,0,3,1,4.095999989658594,4,4,0,0,40,0,0,40,1.54
1063,2,0,0,0,9.216000325977802,4,4,0,0,40,0,0,40,2.06
1063,2,0,1,0,79.8719972372055,4,4,0,0,40,0,0,40,2.06
1063,2,0,2,0,9.216000325977802,4,4,0,0,40,0,0,40,2.06
1063,2,0,3,0,5.119999870657921,4,4,0,0,40,0,0,40,2.06
1063,24,0,0,0,8.191999979317188,4,4,0,0,40,0,0,40,1.591
1063,24,0,1,0,71.68000191450119,4,4,0,0,40,0,0,40,1.591
1063,24,0,2,0,9.216000325977802,4,4,0,0,40,0,0,40,1.591
1063,24,0,3,0,4.095999989658594,4,4,0,0,40,0,0,40,1.591
1063,40,0,0,1,9.216000325977802,4,4,0,0,40,0,0,40,1.551
1063,40,0,1,1,70.65600156784058,4,4,0,0,40,0,0,40,1.551
1063,40,0,2,1,8.191999979317188,4,4,0,0,40,0,0,40,1.551
1063,40,0,3,1,5.119999870657921,4,4,0,0,40,0,0,40,1.551
1064,2,0,0,0,9.216000325977802,1,1,0,0,10,0,0,10,0.81
1064,2,0,1,0,31.74399957060814,1,1,0,0,10,0,0,10,0.81
1064,2,0,2,0,9.216000325977802,1,1,0,0,10,0,0,10,0.81
1064,2,0,3,0,5.119999870657921,1,1,0,0,10,0,0,10,0.81
1064,24,0,0,0,7.168000098317862,1,1,0,0,10,0,0,10,0.31
1064,24,0,1,0,31.74399957060814,1,1,0,0,10,0,0,10,0.31
1064,24,0,2,0,8.191999979317188,1,1,0,0,10,0,0,10,0.31
1064,24,0,3,0,4.095999989658594,1,1,0,0,10,0,0,10,0.31
1064,40,0,0,1,9.216000325977802,1,1,0,0,10,0,0,10,0.31
1064,40,0,1,1,34.81600061058998,1,1,0,0,10,0,0,10,0.31
1064,40,0,2,1,9.216000325977802,1,1,0,0,10,0,0,10,0.31
1064,40,0,3,1,4.095999989658594,1,1,0,0,10,0,0,10,0.31
1065,2,0,0,0,8.191999979317188,1,1,0,0,10,0,0,10,0.3
1065,2,0,1,0,32.76799991726875,1,1,0,0,10,0,0,10,0.3
1065,2,0,2,0,9.216000325977802,1,1,0,0,10,0,0,10,0.3
1065,2,0,3,0,4.095999989658594,1,1,0,0,10,0,0,10,0.3
1065,24,0,0,0,8.191999979317188,1,1,0,0,10,0,0,10,0.269
1065,24,0,1,0,32.76799991726875,1,1,0,0,10,0,0,10,0.269
1065,24,0,2,0,9.216000325977802,1,1,0,0,10,0,0,10,0.269
1065,24,0,3,0,4.095999989658594,1,1,0,0,10,0,0,10,0.269
1065,40,0,0,1,8.191999979317188,1,1,0,0,10,0,0,10,0.28
1065,40,0,1,1,35.840000957250595,1,1,0,0,10,0,0,10,0.28
1065,40,0,2,1,8.191999979317188,1,1,0,0,10,0,0,10,0.28
1065,40,0,3,1,4.095999989658594,1,1,0,0,10,0,0,10,0.28
1066,2,0,0,0,9.216000325977802,4,4,0,0,40,0,0,40,1.76
1066,2,0,1,0,71.68000191450119,4,4,0,0,40,0,0,40,1.76
1066,2,0,2,0,8.191999979317188,4,4,0,0,40,0,0,40,1.76
1066,2,0,3,0,5.119999870657921,4,4,0,0,40,0,0,40,1.76
1066,24,0,0,0,8.191999979317188,4,4,0,0,40,0,0,40,1.72
1066,24,0,1,0,64.51199948787689,4,4,0,0,40,0,0,40,1.72
1066,24,0,2,0,9.216000325977802,4,4,0,0,40,0,0,40,1.72
1066,24,0,3,0,4.095999989658594,4,4,0,0,40,0,0,40,1.72
1066,40,0,0,1,9.216000325977802,4,4,0,0,40,0,0,40,1.64
1066,40,0,1,1,75.77600330114365,4,4,0,0,40,0,0,40,1.64
1066,40,0,2,1,9.216000325977802,4,4,0,0,40,0,0,40,1.64
1066,40,0,3,1,3.0720001086592674,4,4,0,0,40,0,0,40,1.64
1067,2,0,0,0,9.216000325977802,4,4,0,1,39,0,0,40,54.609
1067,2,0,1,0,88.06400001049042,4,4,0,1,39,0,0,40,54.609
1067,2,0,2,0,9.216000325977802,4,4,0,1,39,0,0,40,54.609
1067,2,0,3,0,6.144000217318535,4,4,0,1,39,0,0,40,54.609
1067,24,0,0,0,8.191999979317188,4,4,0,0,40,0,0,40,1.471
1067,24,0,1,0,75.77600330114365,4,4,0,0,40,0,0,40,1.471
1067,24,0,2,0,8.191999979317188,4,4,0,0,40,0,0,40,1.471
1067,24,0,3,0,4.095999989658594,4,4,0,0,40,0,0,40,1.471
1067,40,0,0,1,8.191999979317188,4,4,0,0,40,0,0,40,2.28
1067,40,0,1,1,94.2080020904541,4,4,0,0,40,0,0,40,2.28
1067,40,0,2,1,9.216000325977802,4,4,0,0,40,0,0,40,2.28
1067,40,0,3,1,4.095999989658594,4,4,0,0,40,0,0,40,2.28
1068,2,0,0,0,8.191999979317188,4,4,0,0,40,0,0,40,1.75
1068,2,0,1,0,83.96799862384796,4,4,0,0,40,0,0,40,1.75
1068,2,0,2,0,9.216000325977802,4,4,0,0,40,0,0,40,1.75
1068,2,0,3,0,5.119999870657921,4,4,0,0,40,0,0,40,1.75
1068,24,0,0,0,7.168000098317862,4,4,0,0,40,0,0,40,1.489
1068,24,0,1,0,58.36800113320351,4,4,0,0,40,0,0,40,1.489
1068,24,0,2,0,9.216000325977802,4,4,0,0,40,0,0,40,1.489
1068,24,0,3,0,4.095999989658594,4,4,0,0,40,0,0,40,1.489
1068,40,0,0,1,15.359999611973763,4,4,0,0,40,0,0,40,1.889
1068,40,0,1,1,61.43999844789505,4,4,0,0,40,0,0,40,1.889
1068,40,0,2,1,9.216000325977802,4,4,0,0,40,0,0,40,1.889
1068,40,0,3,1,4.095999989658594,4,4,0,0,40,0,0,40,1.889
1069,2,0,0,0,9.216000325977802,3,3,0,0,30,0,0,30,1.64
1069,2,0,1,0,62.463998794555664,3,3,0,0,30,0,0,30,1.64
1069,2,0,2,0,8.191999979317188,3,3,0,0,30,0,0,30,1.64
1069,2,0,3,0,6.144000217318535,3,3,0,0,30,0,0,30,1.64
1069,24,0,0,0,9.216000325977802,3,3,0,0,30,0,0,30,0.931
1069,24,0,1,0,49.15200173854828,3,3,0,0,30,0,0,30,0.931
1069,24,0,2,0,9.216000325977802,3,3,0,0,30,0,0,30,0.931
1069,24,0,3,0,4.095999989658594,3,3,0,0,30,0,0,30,0.931
1069,40,0,0,1,9.216000325977802,3,3,0,0,30,0,0,30,1.52
1069,40,0,1,1,55.296000093221664,3,3,0,0,30,0,0,30,1.52
1069,40,0,2,1,10.239999741315842,3,3,0,0,30,0,0,30,1.52
1069,40,0,3,1,4.095999989658594,3,3,0,0,30,0,0,30,1.52
1070,2,0,0,0,9.216000325977802,2,2,0,0,20,0,0,20,0.951
1070,2,0,1,0,49.15200173854828,2,2,0,0,20,0,0,20,0.951
1070,2,0,2,0,9.216000325977802,2,2,0,0,20,0,0,20,0.951
1070,2,0,3,0,6.144000217318535,2,2,0,0,20,0,0,20,0.951
1070,24,0,0,0,8.191999979317188,2,2,0,0,20,0,0,20,0.64
1070,24,0,1,0,51.19999870657921,2,2,0,0,20,0,0,20,0.64
1070,24,0,2,0,8.191999979317188,2,2,0,0,20,0,0,20,0.64
1070,24,0,3,0,4.095999989658594,2,2,0,0,20,0,0,20,0.64
1070,40,0,0,1,9.216000325977802,2,2,0,0,20,0,0,20,0.62
1070,40,0,1,1,44.03200000524521,2,2,0,0,20,0,0,20,0.62
1070,40,0,2,1,10.239999741315842,2,2,0,0,20,0,0,20,0.62
1070,40,0,3,1,4.095999989658594,2,2,0,0,20,0,0,20,0.62
1071,2,0,0,0,11.264000087976456,2,2,0,0,20,0,0,20,0.84
1071,2,0,1,0,41.98399931192398,2,2,0,0,20,0,0,20,0.84
1071,2,0,2,0,9.216000325977802,2,2,0,0,20,0,0,20,0.84
1071,2,0,3,0,4.095999989658594,2,2,0,0,20,0,0,20,0.84
1071,24,0,0,0,8.191999979317188,2,2,0,0,20,0,0,20,0.689
1071,24,0,1,0,41.98399931192398,2,2,0,0,20,0,0,20,0.689
1071,24,0,2,0,9.216000325977802,2,2,0,0,20,0,0,20,0.689
1071,24,0,3,0,3.0720001086592674,2,2,0,0,20,0,0,20,0.689
1071,40,0,0,1,9.216000325977802,2,2,0,0,20,0,0,20,0.77
1071,40,0,1,1,50.175998359918594,2,2,0,0,20,0,0,20,0.77
1071,40,0,2,1,9.216000325977802,2,2,0,0,20,0,0,20,0.77
1071,40,0,3,1,4.095999989658594,2,2,0,0,20,0,0,20,0.77
1072,2,0,0,0,8.191999979317188,4,4,0,0,40,0,0,40,1.76
1072,2,0,1,0,84.99199897050858,4,4,0,0,40,0,0,40,1.76
1072,2,0,2,0,9.216000325977802,4,4,0,0,40,0,0,40,1.76
1072,2,0,3,0,5.119999870657921,4,4,0,0,40,0,0,40,1.76
1072,24,0,0,0,8.191999979317188,4,4,0,0,40,0,0,40,1.84
1072,24,0,1,0,73.72800260782242,4,4,0,0,40,0,0,40,1.84
1072,24,0,2,0,9.216000325977802,4,4,0,0,40,0,0,40,1.84
1072,24,0,3,0,4.095999989658594,4,4,0,0,40,0,0,40,1.84
1072,40,0,0,1,8.191999979317188,4,4,0,0,40,0,0,40,1.431
1072,40,0,1,1,64.51199948787689,4,4,0,0,40,0,0,40,1.431
1072,40,0,2,1,9.216000325977802,4,4,0,0,40,0,0,40,1.431
1072,40,0,3,1,4.095999989658594,4,4,0,0,40,0,0,40,1.431
1073,2,0,0,0,9.216000325977802,4,4,0,1,39,0,0,40,77.1
1073,2,0,1,0,93.18400174379349,4,4,0,1,39,0,0,40,77.1
1073,2,0,2,0,9.216000325977802,4,4,0,1,39,0,0,40,77.1
1073,2,0,3,0,5.119999870657921,4,4,0,1,39,0,0,40,77.1
1073,24,0,0,0,8.191999979317188,4,4,0,0,40,0,0,40,1.49
1073,24,0,1,0,82.94399827718735,4,4,0,0,40,0,0,40,1.49
1073,24,0,2,0,9.216000325977802,4,4,0,0,40,0,0,40,1.49
1073,24,0,3,0,4.095999989658594,4,4,0,0,40,0,0,40,1.49
1073,40,0,0,1,8.191999979317188,4,4,0,0,40,0,0,40,1.39
1073,40,0,1,1,67.58400052785873,4,4,0,0,40,0,0,40,1.39
1073,40,0,2,1,9.216000325977802,4,4,0,0,40,0,0,40,1.39
1073,40,0,3,1,4.095999989658594,4,4,0,0,40,0,0,40,1.39
1074,2,0,0,0,9.216000325977802,1,1,0,0,10,0,0,10,0.42
1074,2,0,1,0,32.76799991726875,1,1,0,0,10,0,0,10,0.42
1074,2,0,2,0,9.216000325977802,1,1,0,0,10,0,0,10,0.42
1074,2,0,3,0,4.095999989658594,1,1,0,0,10,0,0,10,0.42
1074,24,0,0,0,8.191999979317188,1,1,0,0,10,0,0,10,0.291
1074,24,0,1,0,32.76799991726875,1,1,0,0,10,0,0,10,0.291
1074,24,0,2,0,9.216000325977802,1,1,0,0,10,0,0,10,0.291
1074,24,0,3,0,4.095999989658594,1,1,0,0,10,0,0,10,0.291
1074,40,0,0,1,8.191999979317188,1,1,0,0,10,0,0,10,0.29
1074,40,0,1,1,34.81600061058998,1,1,0,0,10,0,0,10,0.29
1074,40,0,2,1,8.191999979317188,1,1,0,0,10,0,0,10,0.29
1074,40,0,3,1,4.095999989658594,1,1,0,0,10,0,0,10,0.29
1075,2,0,0,0,8.191999979317188,2,2,0,0,20,0,0,20,0.92
1075,2,0,1,0,50.175998359918594,2,2,0,0,20,0,0,20,0.92
1075,2,0,2,0,8.191999979317188,2,2,0,0,20,0,0,20,0.92
1075,2,0,3,0,5.119999870657921,2,2,0,0,20,0,0,20,0.92
1075,24,0,0,0,8.191999979317188,2,2,0,0,20,0,0,20,0.76
1075,24,0,1,0,40.95999896526337,2,2,0,0,20,0,0,20,0.76
1075,24,0,2,0,8.191999979317188,2,2,0,0,20,0,0,20,0.76
1075,24,0,3,0,4.095999989658594,2,2,0,0,20,0,0,20,0.76
1075,40,0,0,1,9.216000325977802,2,2,0,0,20,0,0,20,0.82
1075,40,0,1,1,41.98399931192398,2,2,0,0,20,0,0,20,0.82
1075,40,0,2,1,9.216000325977802,2,2,0,0,20,0,0,20,0.82
1075,40,0,3,1,4.095999989658594,2,2,0,0,20,0,0,20,0.82
1076,2,0,0,0,9.216000325977802,4,4,0,0,40,0,0,40,1.849
1076,2,0,1,0,86.01599931716919,4,4,0,0,40,0,0,40,1.849
1076,2,0,2,0,8.191999979317188,4,4,0,0,40,0,0,40,1.849
1076,2,0,3,0,6.144000217318535,4,4,0,0,40,0,0,40,1.849
1076,24,0,0,0,8.191999979317188,4,4,0,0,40,0,0,40,1.42
1076,24,0,1,0,68.60800087451935,4,4,0,0,40,0,0,40,1.42
1076,24,0,2,0,9.216000325977802,4,4,0,0,40,0,0,40,1.42
1076,24,0,3,0,4.095999989658594,4,4,0,0,40,0,0,40,1.42
1076,40,0,0,1,9.216000325977802,4,4,0,0,40,0,0,40,1.44
1076,40,0,1,1,62.463998794555664,4,4,0,0,40,0,0,40,1.44
1076,40,0,2,1,10.239999741315842,4,4,0,0,40,0,0,40,1.44
1076,40,0,3,1,4.095999989658594,4,4,0,0,40,0,0,40,1.44
1077,2,0,0,0,8.191999979317188,4,4,0,1,39,0,0,40,73.88
1077,2,0,1,0,83.96799862384796,4,4,0,1,39,0,0,40,73.88
1077,2,0,2,0,8.191999979317188,4,4,0,1,39,0,0,40,73.88
1077,2,0,3,0,7.168000098317862,4,4,0,1,39,0,0,40,73.88
1077,24,0,0,0,8.191999979317188,4,4,0,0,40,0,0,40,1.52
1077,24,0,1,0,67.58400052785873,4,4,0,0,40,0,0,40,1.52
1077,24,0,2,0,9.216000325977802,4,4,0,0,40,0,0,40,1.52
1077,24,0,3,0,4.095999989658594,4,4,0,0,40,0,0,40,1.52
1077,40,0,0,1,8.191999979317188,4,4,0,0,40,0,0,40,1.42
1077,40,0,1,1,65.5359998345375,4,4,0,0,40,0,0,40,1.42
1077,40,0,2,1,8.191999979317188,4,4,0,0,40,0,0,40,1.42
1077,40,0,3,1,5.119999870657921,4,4,0,0,40,0,0,40,1.42
1078,2,0,0,0,9.216000325977802,3,3,0,0,30,0,0,30,1.26
1078,2,0,1,0,72.7040022611618,3,3,0,0,30,0,0,30,1.26
1078,2,0,2,0,8.191999979317188,3,3,0,0,30,0,0,30,1.26
1078,2,0,3,0,5.119999870657921,3,3,0,0,30,0,0,30,1.26
1078,24,0,0,0,8.191999979317188,3,3,0,0,30,0,0,30,1.06
1078,24,0,1,0,61.43999844789505,3,3,0,0,30,0,0,30,1.06
1078,24,0,2,0,9.216000325977802,3,3,0,0,30,0,0,30,1.06
1078,24,0,3,0,4.095999989658594,3,3,0,0,30,0,0,30,1.06
1078,40,0,0,1,8.191999979317188,3,3,0,0,30,0,0,30,1.03
1078,40,0,1,1,59.39200147986412,3,3,0,0,30,0,0,30,1.03
1078,40,0,2,1,10.239999741315842,3,3,0,0,30,0,0,30,1.03
1078,40,0,3,1,4.095999989658594,3,3,0,0,30,0,0,30,1.03
1079,2,0,0,0,9.216000325977802,1,1,0,0,10,0,0,10,0.38
1079,2,0,1,0,32.76799991726875,1,1,0,0,10,0,0,10,0.38
1079,2,0,2,0,9.216000325977802,1,1,0,0,10,0,0,10,0.38
1079,2,0,3,0,4.095999989658594,1,1,0,0,10,0,0,10,0.38
1079,24,0,0,0,8.191999979317188,1,1,0,0,10,0,0,10,0.311
1079,24,0,1,0,32.76799991726875,1,1,0,0,10,0,0,10,0.311
1079,24,0,2,0,9.216000325977802,1,1,0,0,10,0,0,10,0.311
1079,24,0,3,0,4.095999989658594,1,1,0,0,10,0,0,10,0.311
1079,40,0,0,1,9.216000325977802,1,1,0,0,10,0,0,10,0.311
1079,40,0,1,1,34.81600061058998,1,1,0,0,10,0,0,10,0.311
1079,40,0,2,1,9.216000325977802,1,1,0,0,10,0,0,10,0.311
1079,40,0,3,1,5.119999870657921,1,1,0,0,10,0,0,10,0.311
1080,2,0,0,0,9.216000325977802,2,2,0,0,20,0,0,20,1.051
1080,2,0,1,0,45.05600035190582,2,2,0,0,20,0,0,20,1.051
1080,2,0,2,0,9.216000325977802,2,2,0,0,20,0,0,20,1.051
1080,2,0,3,0,5.119999870657921,2,2,0,0,20,0,0,20,1.051
1080,24,0,0,0,8.191999979317188,2,2,0,0,20,0,0,20,0.66
1080,24,0,1,0,43.007999658584595,2,2,0,0,20,0,0,20,0.66
1080,24,0,2,0,8.191999979317188,2,2,0,0,20,0,0,20,0.66
1080,24,0,3,0,4.095999989658594,2,2,0,0,20,0,0,20,0.66
1080,40,0,0,1,9.216000325977802,2,2,0,0,20,0,0,20,0.61
1080,40,0,1,1,38.91199827194214,2,2,0,0,20,0,0,20,0.61
1080,40,0,2,1,9.216000325977802,2,2,0,0,20,0,0,20,0.61
1080,40,0,3,1,4.095999989658594,2,2,0,0,20,0,0,20,0.61
1081,2,0,0,0,9.216000325977802,1,1,0,0,10,0,0,10,0.36
1081,2,0,1,0,31.74399957060814,1,1,0,0,10,0,0,10,0.36
1081,2,0,2,0,8.191999979317188,1,1,0,0,10,0,0,10,0.36
1081,2,0,3,0,5.119999870657921,1,1,0,0,10,0,0,10,0.36
1081,24,0,0,0,8.191999979317188,1,1,0,0,10,0,0,10,0.3
1081,24,0,1,0,31.74399957060814,1,1,0,0,10,0,0,10,0.3
1081,24,0,2,0,9.216000325977802,1,1,0,0,10,0,0,10,0.3
1081,24,0,3,0,5.119999870657921,1,1,0,0,10,0,0,10,0.3
1081,40,0,0,1,9.216000325977802,1,1,0,0,10,0,0,10,0.289
1081,40,0,1,1,35.840000957250595,1,1,0,0,10,0,0,10,0.289
1081,40,0,2,1,9.216000325977802,1,1,0,0,10,0,0,10,0.289
1081,40,0,3,1,4.095999989658594,1,1,0,0,10,0,0,10,0.289
1082,2,0,0,0,9.216000325977802,4,4,0,0,40,0,0,40,1.831
1082,2,0,1,0,76.80000364780426,4,4,0,0,40,0,0,40,1.831
1082,2,0,2,0,9.216000325977802,4,4,0,0,40,0,0,40,1.831
1082,2,0,3,0,5.119999870657921,4,4,0,0,40,0,0,40,1.831
1082,24,0,0,0,8.191999979317188,4,4,0,0,40,0,0,40,1.56
1082,24,0,1,0,65.5359998345375,4,4,0,0,40,0,0,40,1.56
1082,24,0,2,0,9.216000325977802,4,4,0,0,40,0,0,40,1.56
1082,24,0,3,0,4.095999989658594,4,4,0,0,40,0,0,40,1.56
1082,40,0,0,1,9.216000325977802,4,4,0,0,40,0,0,40,1.34
1082,40,0,1,1,56.32000043988228,4,4,0,0,40,0,0,40,1.34
1082,40,0,2,1,8.191999979317188,4,4,0,0,40,0,0,40,1.34
1082,40,0,3,1,4.095999989658594,4,4,0,0,40,0,0,40,1.34
1083,2,0,0,0,9.216000325977802,4,4,0,0,40,0,0,40,1.65
1083,2,0,1,0,87.0399996638298,4,4,0,0,40,0,0,40,1.65
1083,2,0,2,0,9.216000325977802,4,4,0,0,40,0,0,40,1.65
1083,2,0,3,0,5.119999870657921,4,4,0,0,40,0,0,40,1.65
1083,24,0,0,0,8.191999979317188,4,4,0,0,40,0,0,40,1.511
1083,24,0,1,0,60.416001826524734,4,4,0,0,40,0,0,40,1.511
1083,24,0,2,0,9.216000325977802,4,4,0,0,40,0,0,40,1.511
1083,24,0,3,0,4.095999989658594,4,4,0,0,40,0,0,40,1.511
1083,40,0,0,1,8.191999979317188,4,4,0,2,38,0,0,40,66.921
1083,40,0,1,1,68.60800087451935,4,4,0,2,38,0,0,40,66.921
1083,40,0,2,1,9.216000325977802,4,4,0,2,38,0,0,40,66.921
1083,40,0,3,1,4.095999989658594,4,4,0,2,38,0,0,40,66.921
1084,2,0,0,0,539.6479964256287,4,4,0,0,40,0,0,40,3.2
1084,2,0,1,0,82.94399827718735,4,4,0,0,40,0,0,40,3.2
1084,2,0,2,0,9.216000325977802,4,4,0,0,40,0,0,40,3.2
1084,2,0,3,0,5.119999870657921,4,4,0,0,40,0,0,40,3.2
1084,24,0,0,0,8.191999979317188,4,4,0,0,40,0,0,40,1.31
1084,24,0,1,0,60.416001826524734,4,4,0,0,40,0,0,40,1.31
1084,24,0,2,0,9.216000325977802,4,4,0,0,40,0,0,40,1.31
1084,24,0,3,0,4.095999989658594,4,4,0,0,40,0,0,40,1.31
1084,40,0,0,1,8.191999979317188,4,4,0,0,40,0,0,40,1.47
1084,40,0,1,1,69.63200122117996,4,4,0,0,40,0,0,40,1.47
1084,40,0,2,1,9.216000325977802,4,4,0,0,40,0,0,40,1.47
1084,40,0,3,1,4.095999989658594,4,4,0,0,40,0,0,40,1.47
1085,2,0,0,0,9.216000325977802,2,2,0,1,19,0,0,20,88.259
1085,2,0,1,0,49.15200173854828,2,2,0,1,19,0,0,20,88.259
1085,2,0,2,0,9.216000325977802,2,2,0,1,19,0,0,20,88.259
1085,2,0,3,0,17.40800030529499,2,2,0,1,19,0,0,20,88.259
1085,24,0,0,0,8.191999979317188,2,2,0,0,20,0,0,20,0.669
1085,24,0,1,0,43.007999658584595,2,2,0,0,20,0,0,20,0.669
1085,24,0,2,0,9.216000325977802,2,2,0,0,20,0,0,20,0.669
1085,24,0,3,0,4.095999989658594,2,2,0,0,20,0,0,20,0.669
1085,40,0,0,1,9.216000325977802,2,2,0,0,20,0,0,20,0.611
1085,40,0,1,1,41.98399931192398,2,2,0,0,20,0,0,20,0.611
1085,40,0,2,1,9.216000325977802,2,2,0,0,20,0,0,20,0.611
1085,40,0,3,1,4.095999989658594,2,2,0,0,20,0,0,20,0.611
1086,2,0,0,0,9.216000325977802,1,1,0,0,10,0,0,10,0.41
1086,2,0,1,0,31.74399957060814,1,1,0,0,10,0,0,10,0.41
1086,2,0,2,0,9.216000325977802,1,1,0,0,10,0,0,10,0.41
1086,2,0,3,0,4.095999989658594,1,1,0,0,10,0,0,10,0.41
1086,24,0,0,0,8.191999979317188,1,1,0,0,10,0,0,10,0.3
1086,24,0,1,0,32.76799991726875,1,1,0,0,10,0,0,10,0.3
1086,24,0,2,0,9.216000325977802,1,1,0,0,10,0,0,10,0.3
1086,24,0,3,0,4.095999989658594,1,1,0,0,10,0,0,10,0.3
1086,40,0,0,1,8.191999979317188,1,1,0,0,10,0,0,10,0.3
1086,40,0,1,1,34.81600061058998,1,1,0,0,10,0,0,10,0.3
1086,40,0,2,1,9.216000325977802,1,1,0,0,10,0,0,10,0.3
1086,40,0,3,1,4.095999989658594,1,1,0,0,10,0,0,10,0.3
1087,2,0,0,0,14.336000196635723,4,4,0,0,40,0,0,40,2.14
1087,2,0,1,0,91.13600105047226,4,4,0,0,40,0,0,40,2.14
1087,2,0,2,0,9.216000325977802,4,4,0,0,40,0,0,40,2.14
1087,2,0,3,0,5.119999870657921,4,4,0,0,40,0,0,40,2.14
1087,24,0,0,0,8.191999979317188,4,4,0,0,40,0,0,40,1.53
1087,24,0,1,0,58.36800113320351,4,4,0,0,40,0,0,40,1.53
1087,24,0,2,0,8.191999979317188,4,4,0,0,40,0,0,40,1.53
1087,24,0,3,0,4.095999989658594,4,4,0,0,40,0,0,40,1.53
1087,40,0,0,1,14.336000196635723,4,4,0,0,40,0,0,40,1.56
1087,40,0,1,1,78.84799689054489,4,4,0,0,40,0,0,40,1.56
1087,40,0,2,1,9.216000325977802,4,4,0,0,40,0,0,40,1.56
1087,40,0,3,1,4.095999989658594,4,4,0,0,40,0,0,40,1.56
1088,2,0,0,0,9.216000325977802,4,4,0,0,40,0,0,40,1.729
1088,2,0,1,0,89.08800035715103,4,4,0,0,40,0,0,40,1.729
1088,2,0,2,0,9.216000325977802,4,4,0,0,40,0,0,40,1.729
1088,2,0,3,0,5.119999870657921,4,4,0,0,40,0,0,40,1.729
1088,24,0,0,0,8.191999979317188,4,4,0,0,40,0,0,40,1.569
1088,24,0,1,0,63.48799914121628,4,4,0,0,40,0,0,40,1.569
1088,24,0,2,0,9.216000325977802,4,4,0,0,40,0,0,40,1.569
1088,24,0,3,0,4.095999989658594,4,4,0,0,40,0,0,40,1.569
1088,40,0,0,1,8.191999979317188,4,4,0,0,40,0,0,40,2.2
1088,40,0,1,1,79.8719972372055,4,4,0,0,40,0,0,40,2.2
1088,40,0,2,1,9.216000325977802,4,4,0,0,40,0,0,40,2.2
1088,40,0,3,1,4.095999989658594,4,4,0,0,40,0,0,40,2.2
1089,2,0,0,0,16.383999958634377,4,4,0,1,39,0,0,40,82.639
1089,2,0,1,0,91.13600105047226,4,4,0,1,39,0,0,40,82.639
1089,2,0,2,0,9.216000325977802,4,4,0,1,39,0,0,40,82.639
1089,2,0,3,0,5.119999870657921,4,4,0,1,39,0,0,40,82.639
1089,24,0,0,0,8.191999979317188,4,4,0,0,40,0,0,40,1.44
1089,24,0,1,0,65.5359998345375,4,4,0,0,40,0,0,40,1.44
1089,24,0,2,0,9.216000325977802,4,4,0,0,40,0,0,40,1.44
1089,24,0,3,0,4.095999989658594,4,4,0,0,40,0,0,40,1.44
1089,40,0,0,1,8.191999979317188,4,4,0,0,40,0,0,40,1.44
1089,40,0,1,1,67.58400052785873,4,4,0,0,40,0,0,40,1.44
1089,40,0,2,1,9.216000325977802,4,4,0,0,40,0,0,40,1.44
1089,40,0,3,1,4.095999989658594,4,4,0,0,40,0,0,40,1.44
1090,2,0,0,0,15.359999611973763,4,4,0,0,40,0,0,40,1.611
1090,2,0,1,0,87.0399996638298,4,4,0,0,40,0,0,40,1.611
1090,2,0,2,0,8.191999979317188,4,4,0,0,40,0,0,40,1.611
1090,2,0,3,0,6.144000217318535,4,4,0,0,40,0,0,40,1.611
1090,24,0,0,0,8.191999979317188,4,4,0,0,40,0,0,40,1.31
1090,24,0,1,0,69.63200122117996,4,4,0,0,40,0,0,40,1.31
1090,24,0,2,0,9.216000325977802,4,4,0,0,40,0,0,40,1.31
1090,24,0,3,0,4.095999989658594,4,4,0,0,40,0,0,40,1.31
1090,40,0,0,1,8.191999979317188,4,4,0,0,40,0,0,40,1.82
1090,40,0,1,1,74.75200295448303,4,4,0,0,40,0,0,40,1.82
1090,40,0,2,1,9.216000325977802,4,4,0,0,40,0,0,40,1.82
1090,40,0,3,1,4.095999989658594,4,4,0,0,40,0,0,40,1.82
1091,2,0,0,0,9.216000325977802,4,4,0,1,39,0,0,40,103.19
1091,2,0,1,0,82.94399827718735,4,4,0,1,39,0,0,40,103.19
1091,2,0,2,0,8.191999979317188,4,4,0,1,39,0,0,40,103.19
1091,2,0,3,0,5.119999870657921,4,4,0,1,39,0,0,40,103.19
1091,24,0,0,0,9.216000325977802,4,4,0,0,40,0,0,40,1.8
1091,24,0,1,0,75.77600330114365,4,4,0,0,40,0,0,40,1.8
1091,24,0,2,0,8.191999979317188,4,4,0,0,40,0,0,40,1.8
1091,24,0,3,0,4.095999989658594,4,4,0,0,40,0,0,40,1.8
1091,40,0,0,1,8.191999979317188,4,4,0,0,40,0,0,40,1.56
1091,40,0,1,1,87.0399996638298,4,4,0,0,40,0,0,40,1.56
1091,40,0,2,1,8.191999979317188,4,4,0,0,40,0,0,40,1.56
1091,40,0,3,1,5.119999870657921,4,4,0,0,40,0,0,40,1.56
1092,2,0,0,0,8.191999979317188,4,4,0,0,40,0,0,40,1.53
1092,2,0,1,0,74.75200295448303,4,4,0,0,40,0,0,40,1.53
1092,2,0,2,0,9.216000325977802,4,4,0,0,40,0,0,40,1.53
1092,2,0,3,0,5.119999870657921,4,4,0,0,40,0,0,40,1.53
1092,24,0,0,0,8.191999979317188,4,4,0,0,40,0,0,40,1.6
1092,24,0,1,0,62.463998794555664,4,4,0,0,40,0,0,40,1.6
1092,24,0,2,0,9.216000325977802,4,4,0,0,40,0,0,40,1.6
1092,24,0,3,0,4.095999989658594,4,4,0,0,40,0,0,40,1.6
1092,40,0,0,1,8.191999979317188,4,4,0,1,39,0,0,40,58.579
1092,40,0,1,1,80.89599758386612,4,4,0,1,39,0,0,40,58.579
1092,40,0,2,1,10.239999741315842,4,4,0,1,39,0,0,40,58.579
1092,40,0,3,1,4.095999989658594,4,4,0,1,39,0,0,40,58.579
1093,2,0,0,0,14.336000196635723,4,4,0,0,40,0,0,40,1.76
1093,2,0,1,0,77.82399654388428,4,4,0,0,40,0,0,40,1.76
1093,2,0,2,0,8.191999979317188,4,4,0,0,40,0,0,40,1.76
1093,2,0,3,0,5.119999870657921,4,4,0,0,40,0,0,40,1.76
1093,24,0,0,0,9.216000325977802,4,4,0,0,40,0,0,40,1.5
1093,24,0,1,0,62.463998794555664,4,4,0,0,40,0,0,40,1.5
1093,24,0,2,0,8.191999979317188,4,4,0,0,40,0,0,40,1.5
1093,24,0,3,0,5.119999870657921,4,4,0,0,40,0,0,40,1.5
1093,40,0,0,1,9.216000325977802,4,4,0,0,40,0,0,40,1.649
1093,40,0,1,1,77.82399654388428,4,4,0,0,40,0,0,40,1.649
1093,40,0,2,1,9.216000325977802,4,4,0,0,40,0,0,40,1.649
1093,40,0,3,1,4.095999989658594,4,4,0,0,40,0,0,40,1.649
1094,2,0,0,0,80.89599758386612,4,4,0,0,40,0,0,40,2.48
1094,2,0,1,0,88.06400001049042,4,4,0,0,40,0,0,40,2.48
1094,2,0,2,0,9.216000325977802,4,4,0,0,40,0,0,40,2.48
1094,2,0,3,0,6.144000217318535,4,4,0,0,40,0,0,40,2.48
1094,24,0,0,0,19.45599913597107,4,4,0,1,39,0,0,40,53.84
1094,24,0,1,0,71.68000191450119,4,4,0,1,39,0,0,40,53.84
1094,24,0,2,0,9.216000325977802,4,4,0,1,39,0,0,40,53.84
1094,24,0,3,0,4.095999989658594,4,4,0,1,39,0,0,40,53.84
1094,40,0,0,1,9.216000325977802,4,4,0,0,40,0,0,40,2.69
1094,40,0,1,1,86.01599931716919,4,4,0,0,40,0,0,40,2.69
1094,40,0,2,1,9.216000325977802,4,4,0,0,40,0,0,40,2.69
1094,40,0,3,1,4.095999989658594,4,4,0,0,40,0,0,40,2.69
1095,2,0,0,0,8.191999979317188,4,4,0,1,39,0,0,40,60.309
1095,2,0,1,0,80.89599758386612,4,4,0,1,39,0,0,40,60.309
1095,2,0,2,0,9.216000325977802,4,4,0,1,39,0,0,40,60.309
1095,2,0,3,0,5.119999870657921,4,4,0,1,39,0,0,40,60.309
1095,24,0,0,0,8.191999979317188,4,4,0,0,40,0,0,40,2.68
1095,24,0,1,0,82.94399827718735,4,4,0,0,40,0,0,40,2.68
1095,24,0,2,0,9.216000325977802,4,4,0,0,40,0,0,40,2.68
1095,24,0,3,0,4.095999989658594,4,4,0,0,40,0,0,40,2.68
1095,40,0,0,1,9.216000325977802,4,4,0,0,40,0,0,40,2.86
1095,40,0,1,1,94.2080020904541,4,4,0,0,40,0,0,40,2.86
1095,40,0,2,1,9.216000325977802,4,4,0,0,40,0,0,40,2.86
1095,40,0,3,1,4.095999989658594,4,4,0,0,40,0,0,40,2.86
1096,2,0,0,0,9.216000325977802,4,4,0,0,40,0,0,40,2.42
1096,2,0,1,0,86.01599931716919,4,4,0,0,40,0,0,40,2.42
1096,2,0,2,0,9.216000325977802,4,4,0,0,40,0,0,40,2.42
1096,2,0,3,0,5.119999870657921,4,4,0,0,40,0,0,40,2.42
1096,24,0,0,0,8.191999979317188,4,4,0,0,40,0,0,40,1.531
1096,24,0,1,0,65.5359998345375,4,4,0,0,40,0,0,40,1.531
1096,24,0,2,0,9.216000325977802,4,4,0,0,40,0,0,40,1.531
1096,24,0,3,0,4.095999989658594,4,4,0,0,40,0,0,40,1.531
1096,40,0,0,1,8.191999979317188,4,4,0,0,40,0,0,40,2.12
1096,40,0,1,1,74.75200295448303,4,4,0,0,40,0,0,40,2.12
1096,40,0,2,1,9.216000325977802,4,4,0,0,40,0,0,40,2.12
1096,40,0,3,1,4.095999989658594,4,4,0,0,40,0,0,40,2.12
1097,2,0,0,0,9.216000325977802,2,2,0,0,20,0,0,20,1.42
1097,2,0,1,0,51.19999870657921,2,2,0,0,20,0,0,20,1.42
1097,2,0,2,0,9.216000325977802,2,2,0,0,20,0,0,20,1.42
1097,2,0,3,0,7.168000098317862,2,2,0,0,20,0,0,20,1.42
1097,24,0,0,0,8.191999979317188,2,2,0,0,20,0,0,20,0.79
1097,24,0,1,0,40.95999896526337,2,2,0,0,20,0,0,20,0.79
1097,24,0,2,0,9.216000325977802,2,2,0,0,20,0,0,20,0.79
1097,24,0,3,0,4.095999989658594,2,2,0,0,20,0,0,20,0.79
1097,40,0,0,1,9.216000325977802,2,2,0,0,20,0,0,20,0.77
1097,40,0,1,1,44.03200000524521,2,2,0,0,20,0,0,20,0.77
1097,40,0,2,1,9.216000325977802,2,2,0,0,20,0,0,20,0.77
1097,40,0,3,1,4.095999989658594,2,2,0,0,20,0,0,20,0.77
1098,2,0,0,0,10.239999741315842,3,3,0,0,30,0,0,30,1.18
1098,2,0,1,0,59.39200147986412,3,3,0,0,30,0,0,30,1.18
1098,2,0,2,0,9.216000325977802,3,3,0,0,30,0,0,30,1.18
1098,2,0,3,0,5.119999870657921,3,3,0,0,30,0,0,30,1.18
1098,24,0,0,0,8.191999979317188,3,3,0,0,30,0,0,30,1.151
1098,24,0,1,0,49.15200173854828,3,3,0,0,30,0,0,30,1.151
1098,24,0,2,0,8.191999979317188,3,3,0,0,30,0,0,30,1.151
1098,24,0,3,0,4.095999989658594,3,3,0,0,30,0,0,30,1.151
1098,40,0,0,1,10.239999741315842,3,3,0,0,30,0,0,30,1.14
1098,40,0,1,1,50.175998359918594,3,3,0,0,30,0,0,30,1.14
1098,40,0,2,1,9.216000325977802,3,3,0,0,30,0,0,30,1.14
1098,40,0,3,1,4.095999989658594,3,3,0,0,30,0,0,30,1.14
1099,2,0,0,0,9.216000325977802,1,1,0,0,10,0,0,10,0.44
1099,2,0,1,0,31.74399957060814,1,1,0,0,10,0,0,10,0.44
1099,2,0,2,0,8.191999979317188,1,1,0,0,10,0,0,10,0.44
1099,2,0,3,0,4.095999989658594,1,1,0,0,10,0,0,10,0.44
1099,24,0,0,0,9.216000325977802,1,1,0,0,10,0,0,10,0.3
1099,24,0,1,0,31.74399957060814,1,1,0,0,10,0,0,10,0.3
1099,24,0,2,0,9.216000325977802,1,1,0,0,10,0,0,10,0.3
1099,24,0,3,0,4.095999989658594,1,1,0,0,10,0,0,10,0.3
1099,40,0,0,1,9.216000325977802,1,1,0,0,10,0,0,10,0.29
1099,40,0,1,1,34.81600061058998,1,1,0,0,10,0,0,10,0.29
1099,40,0,2,1,9.216000325977802,1,1,0,0,10,0,0,10,0.29
1099,40,0,3,1,4.095999989658594,1,1,0,0,10,0,0,10,0.29
1100,2,0,0,0,8.191999979317188,4,4,0,2,38,0,0,40,117.149
1100,2,0,1,0,66.56000018119812,4,4,0,2,38,0,0,40,117.149
1100,2,0,2,0,9.216000325977802,4,4,0,2,38,0,0,40,117.149
1100,2,0,3,0,30.719999223947525,4,4,0,2,38,0,0,40,117.149
1100,24,0,0,0,8.191999979317188,4,4,0,0,40,0,0,40,1.73
1100,24,0,1,0,74.75200295448303,4,4,0,0,40,0,0,40,1.73
1100,24,0,2,0,9.216000325977802,4,4,0,0,40,0,0,40,1.73
1100,24,0,3,0,4.095999989658594,4,4,0,0,40,0,0,40,1.73
1100,40,0,0,1,8.191999979317188,4,4,0,0,40,0,0,40,1.88
1100,40,0,1,1,92.16000139713287,4,4,0,0,40,0,0,40,1.88
1100,40,0,2,1,8.191999979317188,4,4,0,0,40,0,0,40,1.88
1100,40,0,3,1,4.095999989658594,4,4,0,0,40,0,0,40,1.88
1101,2,0,0,0,9.216000325977802,3,3,0,1,29,0,0,30,56.549
1101,2,0,1,0,68.60800087451935,3,3,0,1,29,0,0,30,56.549
1101,2,0,2,0,9.216000325977802,3,3,0,1,29,0,0,30,56.549
1101,2,0,3,0,5.119999870657921,3,3,0,1,29,0,0,30,56.549
1101,24,0,0,0,9.216000325977802,3,3,0,0,30,0,0,30,1.13
1101,24,0,1,0,53.247999399900436,3,3,0,0,30,0,0,30,1.13
1101,24,0,2,0,9.216000325977802,3,3,0,0,30,0,0,30,1.13
1101,24,0,3,0,4.095999989658594,3,3,0,0,30,0,0,30,1.13
1101,40,0,0,1,9.216000325977802,3,3,0,2,28,0,0,30,126.079
1101,40,0,1,1,78.84799689054489,3,3,0,2,28,0,0,30,126.079
1101,40,0,2,1,11.264000087976456,3,3,0,2,28,0,0,30,126.079
1101,40,0,3,1,23.552000522613525,3,3,0,2,28,0,0,30,126.079
1102,2,0,0,0,16.383999958634377,4,4,0,2,38,0,0,40,102.259
1102,2,0,1,0,84.99199897050858,4,4,0,2,38,0,0,40,102.259
1102,2,0,2,0,9.216000325977802,4,4,0,2,38,0,0,40,102.259
1102,2,0,3,0,5.119999870657921,4,4,0,2,38,0,0,40,102.259
1102,24,0,0,0,7.168000098317862,4,4,0,0,40,0,0,40,1.39
1102,24,0,1,0,60.416001826524734,4,4,0,0,40,0,0,40,1.39
1102,24,0,2,0,9.216000325977802,4,4,0,0,40,0,0,40,1.39
1102,24,0,3,0,4.095999989658594,4,4,0,0,40,0,0,40,1.39
1102,40,0,0,1,9.216000325977802,4,4,0,0,40,0,0,40,1.371
1102,40,0,1,1,49.15200173854828,4,4,0,0,40,0,0,40,1.371
1102,40,0,2,1,9.216000325977802,4,4,0,0,40,0,0,40,1.371
1102,40,0,3,1,4.095999989658594,4,4,0,0,40,0,0,40,1.371
1103,2,0,0,0,9.216000325977802,4,4,0,0,40,0,0,40,3.069
1103,2,0,1,0,80.89599758386612,4,4,0,0,40,0,0,40,3.069
1103,2,0,2,0,9.216000325977802,4,4,0,0,40,0,0,40,3.069
1103,2,0,3,0,5.119999870657921,4,4,0,0,40,0,0,40,3.069
1103,24,0,0,0,8.191999979317188,4,4,0,0,40,0,0,40,1.971
1103,24,0,1,0,71.68000191450119,4,4,0,0,40,0,0,40,1.971
1103,24,0,2,0,9.216000325977802,4,4,0,0,40,0,0,40,1.971
1103,24,0,3,0,4.095999989658594,4,4,0,0,40,0,0,40,1.971
1103,40,0,0,1,8.191999979317188,4,4,0,0,40,0,0,40,2.23
1103,40,0,1,1,58.36800113320351,4,4,0,0,40,0,0,40,2.23
1103,40,0,2,1,9.216000325977802,4,4,0,0,40,0,0,40,2.23
1103,40,0,3,1,4.095999989658594,4,4,0,0,40,0,0,40,2.23
1104,2,0,0,0,9.216000325977802,4,4,0,0,40,0,0,40,3.02
1104,2,0,1,0,89.08800035715103,4,4,0,0,40,0,0,40,3.02
1104,2,0,2,0,8.191999979317188,4,4,0,0,40,0,0,40,3.02
1104,2,0,3,0,5.119999870657921,4,4,0,0,40,0,0,40,3.02
1104,24,0,0,0,7.168000098317862,4,4,0,0,40,0,0,40,1.83
1104,24,0,1,0,67.58400052785873,4,4,0,0,40,0,0,40,1.83
1104,24,0,2,0,9.216000325977802,4,4,0,0,40,0,0,40,1.83
1104,24,0,3,0,4.095999989658594,4,4,0,0,40,0,0,40,1.83
1104,40,0,0,1,9.216000325977802,4,4,0,0,40,0,0,40,1.951
1104,40,0,1,1,73.72800260782242,4,4,0,0,40,0,0,40,1.951
1104,40,0,2,1,8.191999979317188,4,4,0,0,40,0,0,40,1.951
1104,40,0,3,1,4.095999989658594,4,4,0,0,40,0,0,40,1.951
1105,2,0,0,0,9.216000325977802,4,4,0,0,40,0,0,40,2.28
1105,2,0,1,0,82.94399827718735,4,4,0,0,40,0,0,40,2.28
1105,2,0,2,0,9.216000325977802,4,4,0,0,40,0,0,40,2.28
1105,2,0,3,0,5.119999870657921,4,4,0,0,40,0,0,40,2.28
1105,24,0,0,0,8.191999979317188,4,4,0,0,40,0,0,40,1.56
1105,24,0,1,0,73.72800260782242,4,4,0,0,40,0,0,40,1.56
1105,24,0,2,0,9.216000325977802,4,4,0,0,40,0,0,40,1.56
1105,24,0,3,0,4.095999989658594,4,4,0,0,40,0,0,40,1.56
1105,40,0,0,1,9.216000325977802,4,4,0,0,40,0,0,40,1.77
1105,40,0,1,1,82.94399827718735,4,4,0,0,40,0,0,40,1.77
1105,40,0,2,1,9.216000325977802,4,4,0,0,40,0,0,40,1.77
1105,40,0,3,1,4.095999989658594,4,4,0,0,40,0,0,40,1.77
1106,2,0,0,0,15.359999611973763,4,4,0,1,39,0,0,40,90.02
1106,2,0,1,0,68.60800087451935,4,4,0,1,39,0,0,40,90.02
1106,2,0,2,0,8.191999979317188,4,4,0,1,39,0,0,40,90.02
1106,2,0,3,0,5.119999870657921,4,4,0,1,39,0,0,40,90.02
1106,24,0,0,0,7.168000098317862,4,4,0,0,40,0,0,40,2.331
1106,24,0,1,0,76.80000364780426,4,4,0,0,40,0,0,40,2.331
1106,24,0,2,0,9.216000325977802,4,4,0,0,40,0,0,40,2.331
1106,24,0,3,0,5.119999870657921,4,4,0,0,40,0,0,40,2.331
1106,40,0,0,1,9.216000325977802,4,4,0,0,40,0,0,40,2.05
1106,40,0,1,1,71.68000191450119,4,4,0,0,40,0,0,40,2.05
1106,40,0,2,1,9.216000325977802,4,4,0,0,40,0,0,40,2.05
1106,40,0,3,1,4.095999989658594,4,4,0,0,40,0,0,40,2.05
1107,2,0,0,0,8.191999979317188,4,4,0,1,39,0,0,40,61.38
1107,2,0,1,0,87.0399996638298,4,4,0,1,39,0,0,40,61.38
1107,2,0,2,0,9.216000325977802,4,4,0,1,39,0,0,40,61.38
1107,2,0,3,0,5.119999870657921,4,4,0,1,39,0,0,40,61.38
1107,24,0,0,0,14.336000196635723,4,4,0,0,40,0,0,40,3.0
1107,24,0,1,0,82.94399827718735,4,4,0,0,40,0,0,40,3.0
1107,24,0,2,0,8.191999979317188,4,4,0,0,40,0,0,40,3.0
1107,24,0,3,0,3.0720001086592674,4,4,0,0,40,0,0,40,3.0
1107,40,0,0,1,8.191999979317188,4,4,0,0,40,0,0,40,3.5
1107,40,0,1,1,77.82399654388428,4,4,0,0,40,0,0,40,3.5
1107,40,0,2,1,9.216000325977802,4,4,0,0,40,0,0,40,3.5
1107,40,0,3,1,4.095999989658594,4,4,0,0,40,0,0,40,3.5
1108,2,0,0,0,15.359999611973763,4,4,0,1,39,0,0,40,56.94
1108,2,0,1,0,72.7040022611618,4,4,0,1,39,0,0,40,56.94
1108,2,0,2,0,9.216000325977802,4,4,0,1,39,0,0,40,56.94
1108,2,0,3,0,5.119999870657921,4,4,0,1,39,0,0,40,56.94
1108,24,0,0,0,14.336000196635723,4,4,0,0,40,0,0,40,2.76
1108,24,0,1,0,81.91999793052673,4,4,0,0,40,0,0,40,2.76
1108,24,0,2,0,8.191999979317188,4,4,0,0,40,0,0,40,2.76
1108,24,0,3,0,4.095999989658594,4,4,0,0,40,0,0,40,2.76
1108,40,0,0,1,9.216000325977802,4,4,0,0,40,0,0,40,3.069
1108,40,0,1,1,75.77600330114365,4,4,0,0,40,0,0,40,3.069
1108,40,0,2,1,9.216000325977802,4,4,0,0,40,0,0,40,3.069
1108,40,0,3,1,4.095999989658594,4,4,0,0,40,0,0,40,3.069
1109,2,0,0,0,9.216000325977802,4,4,0,0,40,0,0,40,2.7
1109,2,0,1,0,90.11200070381165,4,4,0,0,40,0,0,40,2.7
1109,2,0,2,0,9.216000325977802,4,4,0,0,40,0,0,40,2.7
1109,2,0,3,0,5.119999870657921,4,4,0,0,40,0,0,40,2.7
1109,24,0,0,0,8.191999979317188,4,4,0,0,40,0,0,40,2.669
1109,24,0,1,0,81.91999793052673,4,4,0,0,40,0,0,40,2.669
1109,24,0,2,0,9.216000325977802,4,4,0,0,40,0,0,40,2.669
1109,24,0,3,0,4.095999989658594,4,4,0,0,40,0,0,40,2.669
1109,40,0,0,1,8.191999979317188,4,4,0,0,40,0,0,40,2.78
1109,40,0,1,1,67.58400052785873,4,4,0,0,40,0,0,40,2.78
1109,40,0,2,1,9.216000325977802,4,4,0,0,40,0,0,40,2.78
1109,40,0,3,1,4.095999989658594,4,4,0,0,40,0,0,40,2.78
1110,2,0,0,0,9.216000325977802,4,4,0,0,40,0,0,40,2.64
1110,2,0,1,0,82.94399827718735,4,4,0,0,40,0,0,40,2.64
1110,2,0,2,0,9.216000325977802,4,4,0,0,40,0,0,40,2.64
1110,2,0,3,0,5.119999870657921,4,4,0,0,40,0,0,40,2.64
1110,24,0,0,0,8.191999979317188,4,4,0,2,38,0,0,40,88.549
1110,24,0,1,0,81.91999793052673,4,4,0,2,38,0,0,40,88.549
1110,24,0,2,0,9.216000325977802,4,4,0,2,38,0,0,40,88.549
1110,24,0,3,0,4.095999989658594,4,4,0,2,38,0,0,40,88.549
1110,40,0,0,1,8.191999979317188,4,4,0,0,40,0,0,40,2.24
1110,40,0,1,1,76.80000364780426,4,4,0,0,40,0,0,40,2.24
1110,40,0,2,1,8.191999979317188,4,4,0,0,40,0,0,40,2.24
1110,40,0,3,1,4.095999989658594,4,4,0,0,40,0,0,40,2.24
1111,2,0,0,0,9.216000325977802,4,4,0,2,38,0,0,40,140.539
1111,2,0,1,0,80.89599758386612,4,4,0,2,38,0,0,40,140.539
1111,2,0,2,0,8.191999979317188,4,4,0,2,38,0,0,40,140.539
1111,2,0,3,0,37.88800165057182,4,4,0,2,38,0,0,40,140.539
1111,24,0,0,0,8.191999979317188,4,4,0,1,39,0,0,40,58.12
1111,24,0,1,0,84.99199897050858,4,4,0,1,39,0,0,40,58.12
1111,24,0,2,0,9.216000325977802,4,4,0,1,39,0,0,40,58.12
1111,24,0,3,0,4.095999989658594,4,4,0,1,39,0,0,40,58.12
1111,40,0,0,1,8.191999979317188,4,4,0,0,40,0,0,40,2.509
1111,40,0,1,1,75.77600330114365,4,4,0,0,40,0,0,40,2.509
1111,40,0,2,1,9.216000325977802,4,4,0,0,40,0,0,40,2.509
1111,40,0,3,1,4.095999989658594,4,4,0,0,40,0,0,40,2.509
1112,2,0,0,0,9.216000325977802,4,4,0,0,40,0,0,40,3.1
1112,2,0,1,0,91.13600105047226,4,4,0,0,40,0,0,40,3.1
1112,2,0,2,0,9.216000325977802,4,4,0,0,40,0,0,40,3.1
1112,2,0,3,0,5.119999870657921,4,4,0,0,40,0,0,40,3.1
1112,24,0,0,0,8.191999979317188,4,4,0,1,39,0,0,40,41.9
1112,24,0,1,0,84.99199897050858,4,4,0,1,39,0,0,40,41.9
1112,24,0,2,0,8.191999979317188,4,4,0,1,39,0,0,40,41.9
1112,24,0,3,0,4.095999989658594,4,4,0,1,39,0,0,40,41.9
1112,40,0,0,1,8.191999979317188,4,4,0,0,40,0,0,40,2.189
1112,40,0,1,1,77.82399654388428,4,4,0,0,40,0,0,40,2.189
1112,40,0,2,1,9.216000325977802,4,4,0,0,40,0,0,40,2.189
1112,40,0,3,1,4.095999989658594,4,4,0,0,40,0,0,40,2.189
1113,2,0,0,0,9.216000325977802,4,4,0,0,40,0,0,40,2.651
1113,2,0,1,0,75.77600330114365,4,4,0,0,40,0,0,40,2.651
1113,2,0,2,0,9.216000325977802,4,4,0,0,40,0,0,40,2.651
1113,2,0,3,0,8.191999979317188,4,4,0,0,40,0,0,40,2.651
1113,24,0,0,0,8.191999979317188,4,4,0,0,40,0,0,40,2.529
1113,24,0,1,0,89.08800035715103,4,4,0,0,40,0,0,40,2.529
1113,24,0,2,0,9.216000325977802,4,4,0,0,40,0,0,40,2.529
1113,24,0,3,0,4.095999989658594,4,4,0,0,40,0,0,40,2.529
1113,40,0,0,1,8.191999979317188,4,4,0,0,40,0,0,40,3.071
1113,40,0,1,1,84.99199897050858,4,4,0,0,40,0,0,40,3.071
1113,40,0,2,1,9.216000325977802,4,4,0,0,40,0,0,40,3.071
1113,40,0,3,1,4.095999989658594,4,4,0,0,40,0,0,40,3.071
1114,2,0,0,0,9.216000325977802,4,4,0,0,40,0,0,40,3.04
1114,2,0,1,0,81.91999793052673,4,4,0,0,40,0,0,40,3.04
1114,2,0,2,0,8.191999979317188,4,4,0,0,40,0,0,40,3.04
1114,2,0,3,0,5.119999870657921,4,4,0,0,40,0,0,40,3.04
1114,24,0,0,0,8.191999979317188,4,4,0,4,36,0,0,40,93.63
1114,24,0,1,0,67.58400052785873,4,4,0,4,36,0,0,40,93.63
1114,24,0,2,0,9.216000325977802,4,4,0,4,36,0,0,40,93.63
1114,24,0,3,0,8.191999979317188,4,4,0,4,36,0,0,40,93.63
1114,40,0,0,1,8.191999979317188,4,4,0,0,40,0,0,40,2.18
1114,40,0,1,1,84.99199897050858,4,4,0,0,40,0,0,40,2.18
1114,40,0,2,1,9.216000325977802,4,4,0,0,40,0,0,40,2.18
1114,40,0,3,1,4.095999989658594,4,4,0,0,40,0,0,40,2.18
1115,2,0,0,0,9.216000325977802,4,4,0,0,40,0,0,40,2.8
1115,2,0,1,0,77.82399654388428,4,4,0,0,40,0,0,40,2.8
1115,2,0,2,0,9.216000325977802,4,4,0,0,40,0,0,40,2.8
1115,2,0,3,0,6.144000217318535,4,4,0,0,40,0,0,40,2.8
1115,24,0,0,0,8.191999979317188,4,4,0,0,40,0,0,40,2.509
1115,24,0,1,0,73.72800260782242,4,4,0,0,40,0,0,40,2.509
1115,24,0,2,0,9.216000325977802,4,4,0,0,40,0,0,40,2.509
1115,24,0,3,0,4.095999989658594,4,4,0,0,40,0,0,40,2.509
1115,40,0,0,1,8.191999979317188,4,4,0,0,40,0,0,40,2.371
1115,40,0,1,1,74.75200295448303,4,4,0,0,40,0,0,40,2.371
1115,40,0,2,1,8.191999979317188,4,4,0,0,40,0,0,40,2.371
1115,40,0,3,1,4.095999989658594,4,4,0,0,40,0,0,40,2.371
1116,2,0,0,0,8.191999979317188,4,4,0,0,40,0,0,40,2.6
1116,2,0,1,0,89.08800035715103,4,4,0,0,40,0,0,40,2.6
1116,2,0,2,0,9.216000325977802,4,4,0,0,40,0,0,40,2.6
1116,2,0,3,0,5.119999870657921,4,4,0,0,40,0,0,40,2.6
1116,24,0,0,0,13.311999849975109,4,4,0,0,40,0,0,40,2.6
1116,24,0,1,0,80.89599758386612,4,4,0,0,40,0,0,40,2.6
1116,24,0,2,0,9.216000325977802,4,4,0,0,40,0,0,40,2.6
1116,24,0,3,0,4.095999989658594,4,4,0,0,40,0,0,40,2.6
1116,40,0,0,1,8.191999979317188,4,4,0,0,40,0,0,40,1.909
1116,40,0,1,1,84.99199897050858,4,4,0,0,40,0,0,40,1.909
1116,40,0,2,1,9.216000325977802,4,4,0,0,40,0,0,40,1.909
1116,40,0,3,1,4.095999989658594,4,4,0,0,40,0,0,40,1.909
1117,2,0,0,0,15.359999611973763,4,4,0,1,39,0,0,40,86.52
1117,2,0,1,0,78.84799689054489,4,4,0,1,39,0,0,40,86.52
1117,2,0,2,0,8.191999979317188,4,4,0,1,39,0,0,40,86.52
1117,2,0,3,0,5.119999870657921,4,4,0,1,39,0,0,40,86.52
1117,24,0,0,0,8.191999979317188,4,4,0,1,39,0,0,40,55.67
1117,24,0,1,0,82.94399827718735,4,4,0,1,39,0,0,40,55.67
1117,24,0,2,0,9.216000325977802,4,4,0,1,39,0,0,40,55.67
1117,24,0,3,0,4.095999989658594,4,4,0,1,39,0,0,40,55.67
1117,40,0,0,1,9.216000325977802,4,4,0,0,40,0,0,40,2.25
1117,40,0,1,1,89.08800035715103,4,4,0,0,40,0,0,40,2.25
1117,40,0,2,1,9.216000325977802,4,4,0,0,40,0,0,40,2.25
1117,40,0,3,1,4.095999989658594,4,4,0,0,40,0,0,40,2.25
1118,2,0,0,0,9.216000325977802,4,4,0,0,40,0,0,40,2.27
1118,2,0,1,0,80.89599758386612,4,4,0,0,40,0,0,40,2.27
1118,2,0,2,0,9.216000325977802,4,4,0,0,40,0,0,40,2.27
1118,2,0,3,0,6.144000217318535,4,4,0,0,40,0,0,40,2.27
1118,24,0,0,0,8.191999979317188,4,4,0,0,40,0,0,40,2.54
1118,24,0,1,0,84.99199897050858,4,4,0,0,40,0,0,40,2.54
1118,24,0,2,0,8.191999979317188,4,4,0,0,40,0,0,40,2.54
1118,24,0,3,0,4.095999989658594,4,4,0,0,40,0,0,40,2.54
1118,40,0,0,1,9.216000325977802,4,4,0,0,40,0,0,40,2.03
1118,40,0,1,1,81.91999793052673,4,4,0,0,40,0,0,40,2.03
1118,40,0,2,1,8.191999979317188,4,4,0,0,40,0,0,40,2.03
1118,40,0,3,1,4.095999989658594,4,4,0,0,40,0,0,40,2.03
1119,2,0,0,0,9.216000325977802,4,4,0,0,40,0,0,40,2.46
1119,2,0,1,0,77.82399654388428,4,4,0,0,40,0,0,40,2.46
1119,2,0,2,0,9.216000325977802,4,4,0,0,40,0,0,40,2.46
1119,2,0,3,0,7.168000098317862,4,4,0,0,40,0,0,40,2.46
1119,24,0,0,0,8.191999979317188,4,4,0,0,40,0,0,40,2.489
1119,24,0,1,0,78.84799689054489,4,4,0,0,40,0,0,40,2.489
1119,24,0,2,0,9.216000325977802,4,4,0,0,40,0,0,40,2.489
1119,24,0,3,0,4.095999989658594,4,4,0,0,40,0,0,40,2.489
1119,40,0,0,1,8.191999979317188,4,4,0,0,40,0,0,40,2.03
1119,40,0,1,1,71.68000191450119,4,4,0,0,40,0,0,40,2.03
1119,40,0,2,1,9.216000325977802,4,4,0,0,40,0,0,40,2.03
1119,40,0,3,1,4.095999989658594,4,4,0,0,40,0,0,40,2.03
1120,2,0,0,0,9.216000325977802,4,4,0,0,40,0,0,40,1.851
1120,2,0,1,0,87.0399996638298,4,4,0,0,40,0,0,40,1.851
1120,2,0,2,0,9.216000325977802,4,4,0,0,40,0,0,40,1.851
1120,2,0,3,0,5.119999870657921,4,4,0,0,40,0,0,40,1.851
1120,24,0,0,0,8.191999979317188,4,4,0,2,38,0,0,40,88.279
1120,24,0,1,0,81.91999793052673,4,4,0,2,38,0,0,40,88.279
1120,24,0,2,0,9.216000325977802,4,4,0,2,38,0,0,40,88.279
1120,24,0,3,0,4.095999989658594,4,4,0,2,38,0,0,40,88.279
1120,40,0,0,1,8.191999979317188,4,4,0,0,40,0,0,40,2.68
1120,40,0,1,1,88.06400001049042,4,4,0,0,40,0,0,40,2.68
1120,40,0,2,1,9.216000325977802,4,4,0,0,40,0,0,40,2.68
1120,40,0,3,1,4.095999989658594,4,4,0,0,40,0,0,40,2.68
1121,2,0,0,0,32.76799991726875,4,4,0,0,40,0,0,40,2.62
1121,2,0,1,0,63.48799914121628,4,4,0,0,40,0,0,40,2.62
1121,2,0,2,0,9.216000325977802,4,4,0,0,40,0,0,40,2.62
1121,2,0,3,0,5.119999870657921,4,4,0,0,40,0,0,40,2.62
1121,24,0,0,0,283.6480140686035,4,4,0,0,40,0,0,40,2.43
1121,24,0,1,0,62.463998794555664,4,4,0,0,40,0,0,40,2.43
1121,24,0,2,0,9.216000325977802,4,4,0,0,40,0,0,40,2.43
1121,24,0,3,0,4.095999989658594,4,4,0,0,40,0,0,40,2.43
1121,40,0,0,1,79.8719972372055,4,4,0,0,40,0,0,40,2.16
1121,40,0,1,1,67.58400052785873,4,4,0,0,40,0,0,40,2.16
1121,40,0,2,1,8.191999979317188,4,4,0,0,40,0,0,40,2.16
1121,40,0,3,1,4.095999989658594,4,4,0,0,40,0,0,40,2.16
1122,2,0,0,0,9.216000325977802,4,4,0,0,40,0,0,40,3.99
1122,2,0,1,0,87.0399996638298,4,4,0,0,40,0,0,40,3.99
1122,2,0,2,0,9.216000325977802,4,4,0,0,40,0,0,40,3.99
1122,2,0,3,0,5.119999870657921,4,4,0,0,40,0,0,40,3.99
1122,24,0,0,0,55.296000093221664,4,4,0,0,40,0,0,40,3.13
1122,24,0,1,0,94.2080020904541,4,4,0,0,40,0,0,40,3.13
1122,24,0,2,0,8.191999979317188,4,4,0,0,40,0,0,40,3.13
1122,24,0,3,0,4.095999989658594,4,4,0,0,40,0,0,40,3.13
1122,40,0,0,1,60.416001826524734,4,4,0,0,40,0,0,40,2.36
1122,40,0,1,1,86.01599931716919,4,4,0,0,40,0,0,40,2.36
1122,40,0,2,1,9.216000325977802,4,4,0,0,40,0,0,40,2.36
1122,40,0,3,1,4.095999989658594,4,4,0,0,40,0,0,40,2.36
1123,2,0,0,0,9.216000325977802,4,4,0,1,39,0,0,40,55.92
1123,2,0,1,0,87.0399996638298,4,4,0,1,39,0,0,40,55.92
1123,2,0,2,0,9.216000325977802,4,4,0,1,39,0,0,40,55.92
1123,2,0,3,0,5.119999870657921,4,4,0,1,39,0,0,40,55.92
1123,24,0,0,0,8.191999979317188,4,4,0,3,37,0,0,40,149.74
1123,24,0,1,0,80.89599758386612,4,4,0,3,37,0,0,40,149.74
1123,24,0,2,0,9.216000325977802,4,4,0,3,37,0,0,40,149.74
1123,24,0,3,0,46.08000069856644,4,4,0,3,37,0,0,40,149.74
1123,40,0,0,1,9.216000325977802,4,4,0,0,40,0,0,40,3.16
1123,40,0,1,1,92.16000139713287,4,4,0,0,40,0,0,40,3.16
1123,40,0,2,1,9.216000325977802,4,4,0,0,40,0,0,40,3.16
1123,40,0,3,1,4.095999989658594,4,4,0,0,40,0,0,40,3.16
1124,2,0,0,0,10.239999741315842,4,4,0,0,40,0,0,40,2.68
1124,2,0,1,0,65.5359998345375,4,4,0,0,40,0,0,40,2.68
1124,2,0,2,0,8.191999979317188,4,4,0,0,40,0,0,40,2.68
1124,2,0,3,0,5.119999870657921,4,4,0,0,40,0,0,40,2.68
1124,24,0,0,0,9.216000325977802,4,4,0,1,39,0,0,40,54.38
1124,24,0,1,0,83.96799862384796,4,4,0,1,39,0,0,40,54.38
1124,24,0,2,0,9.216000325977802,4,4,0,1,39,0,0,40,54.38
1124,24,0,3,0,4.095999989658594,4,4,0,1,39,0,0,40,54.38
1124,40,0,0,1,8.191999979317188,4,4,0,0,40,0,0,40,2.309
1124,40,0,1,1,75.77600330114365,4,4,0,0,40,0,0,40,2.309
1124,40,0,2,1,8.191999979317188,4,4,0,0,40,0,0,40,2.309
1124,40,0,3,1,4.095999989658594,4,4,0,0,40,0,0,40,2.309
1125,2,0,0,0,9.216000325977802,4,4,0,0,40,0,0,40,2.16
1125,2,0,1,0,83.96799862384796,4,4,0,0,40,0,0,40,2.16
1125,2,0,2,0,8.191999979317188,4,4,0,0,40,0,0,40,2.16
1125,2,0,3,0,6.144000217318535,4,4,0,0,40,0,0,40,2.16
1125,24,0,0,0,7.168000098317862,4,4,0,1,39,0,0,40,42.889
1125,24,0,1,0,76.80000364780426,4,4,0,1,39,0,0,40,42.889
1125,24,0,2,0,9.216000325977802,4,4,0,1,39,0,0,40,42.889
1125,24,0,3,0,4.095999989658594,4,4,0,1,39,0,0,40,42.889
1125,40,0,0,1,9.216000325977802,4,4,0,2,38,0,0,40,105.669
1125,40,0,1,1,80.89599758386612,4,4,0,2,38,0,0,40,105.669
1125,40,0,2,1,9.216000325977802,4,4,0,2,38,0,0,40,105.669
1125,40,0,3,1,4.095999989658594,4,4,0,2,38,0,0,40,105.669
1126,2,0,0,0,8.191999979317188,4,4,0,0,40,0,0,40,2.929
1126,2,0,1,0,92.16000139713287,4,4,0,0,40,0,0,40,2.929
1126,2,0,2,0,9.216000325977802,4,4,0,0,40,0,0,40,2.929
1126,2,0,3,0,5.119999870657921,4,4,0,0,40,0,0,40,2.929
1126,24,0,0,0,8.191999979317188,4,4,0,1,39,0,0,40,52.53
1126,24,0,1,0,83.96799862384796,4,4,0,1,39,0,0,40,52.53
1126,24,0,2,0,9.216000325977802,4,4,0,1,39,0,0,40,52.53
1126,24,0,3,0,4.095999989658594,4,4,0,1,39,0,0,40,52.53
1126,40,0,0,1,9.216000325977802,4,4,0,0,40,0,0,40,2.67
1126,40,0,1,1,94.2080020904541,4,4,0,0,40,0,0,40,2.67
1126,40,0,2,1,9.216000325977802,4,4,0,0,40,0,0,40,2.67
1126,40,0,3,1,4.095999989658594,4,4,0,0,40,0,0,40,2.67
1127,2,0,0,0,9.216000325977802,4,4,0,0,40,0,0,40,2.7
1127,2,0,1,0,78.84799689054489,4,4,0,0,40,0,0,40,2.7
1127,2,0,2,0,9.216000325977802,4,4,0,0,40,0,0,40,2.7
1127,2,0,3,0,6.144000217318535,4,4,0,0,40,0,0,40,2.7
1127,24,0,0,0,8.191999979317188,4,4,0,0,40,0,0,40,2.26
1127,24,0,1,0,75.77600330114365,4,4,0,0,40,0,0,40,2.26
1127,24,0,2,0,9.216000325977802,4,4,0,0,40,0,0,40,2.26
1127,24,0,3,0,4.095999989658594,4,4,0,0,40,0,0,40,2.26
1127,40,0,0,1,9.216000325977802,4,4,0,1,39,0,0,40,57.269
1127,40,0,1,1,71.68000191450119,4,4,0,1,39,0,0,40,57.269
1127,40,0,2,1,8.191999979317188,4,4,0,1,39,0,0,40,57.269
1127,40,0,3,1,4.095999989658594,4,4,0,1,39,0,0,40,57.269
1128,2,0,0,0,9.216000325977802,4,4,0,0,40,0,0,40,2.9
1128,2,0,1,0,65.5359998345375,4,4,0,0,40,0,0,40,2.9
1128,2,0,2,0,9.216000325977802,4,4,0,0,40,0,0,40,2.9
1128,2,0,3,0,5.119999870657921,4,4,0,0,40,0,0,40,2.9
1128,24,0,0,0,8.191999979317188,4,4,0,0,40,0,0,40,1.849
1128,24,0,1,0,82.94399827718735,4,4,0,0,40,0,0,40,1.849
1128,24,0,2,0,9.216000325977802,4,4,0,0,40,0,0,40,1.849
1128,24,0,3,0,4.095999989658594,4,4,0,0,40,0,0,40,1.849
1128,40,0,0,1,8.191999979317188,4,4,0,1,39,0,0,40,50.86
1128,40,0,1,1,75.77600330114365,4,4,0,1,39,0,0,40,50.86
1128,40,0,2,1,9.216000325977802,4,4,0,1,39,0,0,40,50.86
1128,40,0,3,1,4.095999989658594,4,4,0,1,39,0,0,40,50.86
1129,2,0,0,0,9.216000325977802,4,4,0,0,40,0,0,40,2.15
1129,2,0,1,0,83.96799862384796,4,4,0,0,40,0,0,40,2.15
1129,2,0,2,0,9.216000325977802,4,4,0,0,40,0,0,40,2.15
1129,2,0,3,0,5.119999870657921,4,4,0,0,40,0,0,40,2.15
1129,24,0,0,0,7.168000098317862,4,4,0,0,40,0,0,40,2.74
1129,24,0,1,0,69.63200122117996,4,4,0,0,40,0,0,40,2.74
1129,24,0,2,0,9.216000325977802,4,4,0,0,40,0,0,40,2.74
1129,24,0,3,0,4.095999989658594,4,4,0,0,40,0,0,40,2.74
1129,40,0,0,1,8.191999979317188,4,4,0,0,40,0,0,40,2.571
1129,40,0,1,1,92.16000139713287,4,4,0,0,40,0,0,40,2.571
1129,40,0,2,1,9.216000325977802,4,4,0,0,40,0,0,40,2.571
1129,40,0,3,1,4.095999989658594,4,4,0,0,40,0,0,40,2.571
1130,2,0,0,0,9.216000325977802,4,4,0,0,40,0,0,40,2.56
1130,2,0,1,0,76.80000364780426,4,4,0,0,40,0,0,40,2.56
1130,2,0,2,0,8.191999979317188,4,4,0,0,40,0,0,40,2.56
1130,2,0,3,0,5.119999870657921,4,4,0,0,40,0,0,40,2.56
1130,24,0,0,0,7.168000098317862,4,4,0,1,39,0,0,40,52.55
1130,24,0,1,0,76.80000364780426,4,4,0,1,39,0,0,40,52.55
1130,24,0,2,0,9.216000325977802,4,4,0,1,39,0,0,40,52.55
1130,24,0,3,0,4.095999989658594,4,4,0,1,39,0,0,40,52.55
1130,40,0,0,1,8.191999979317188,4,4,0,0,40,0,0,40,2.18
1130,40,0,1,1,80.89599758386612,4,4,0,0,40,0,0,40,2.18
1130,40,0,2,1,9.216000325977802,4,4,0,0,40,0,0,40,2.18
1130,40,0,3,1,5.119999870657921,4,4,0,0,40,0,0,40,2.18
1131,2,0,0,0,9.216000325977802,4,4,0,0,40,0,0,40,2.57
1131,2,0,1,0,92.16000139713287,4,4,0,0,40,0,0,40,2.57
1131,2,0,2,0,9.216000325977802,4,4,0,0,40,0,0,40,2.57
1131,2,0,3,0,5.119999870657921,4,4,0,0,40,0,0,40,2.57
1131,24,0,0,0,7.168000098317862,4,4,0,0,40,0,0,40,2.471
1131,24,0,1,0,78.84799689054489,4,4,0,0,40,0,0,40,2.471
1131,24,0,2,0,9.216000325977802,4,4,0,0,40,0,0,40,2.471
1131,24,0,3,0,4.095999989658594,4,4,0,0,40,0,0,40,2.471
1131,40,0,0,1,8.191999979317188,4,4,0,0,40,0,0,40,2.27
1131,40,0,1,1,72.7040022611618,4,4,0,0,40,0,0,40,2.27
1131,40,0,2,1,9.216000325977802,4,4,0,0,40,0,0,40,2.27
1131,40,0,3,1,4.095999989658594,4,4,0,0,40,0,0,40,2.27
1132,2,0,0,0,9.216000325977802,4,4,0,1,39,0,0,40,67.5
1132,2,0,1,0,84.99199897050858,4,4,0,1,39,0,0,40,67.5
1132,2,0,2,0,9.216000325977802,4,4,0,1,39,0,0,40,67.5
1132,2,0,3,0,6.144000217318535,4,4,0,1,39,0,0,40,67.5
1132,24,0,0,0,8.191999979317188,4,4,0,0,40,0,0,40,2.829
1132,24,0,1,0,78.84799689054489,4,4,0,0,40,0,0,40,2.829
1132,24,0,2,0,8.191999979317188,4,4,0,0,40,0,0,40,2.829
1132,24,0,3,0,4.095999989658594,4,4,0,0,40,0,0,40,2.829
1132,40,0,0,1,9.216000325977802,4,4,0,2,38,0,0,40,100.12
1132,40,0,1,1,73.72800260782242,4,4,0,2,38,0,0,40,100.12
1132,40,0,2,1,9.216000325977802,4,4,0,2,38,0,0,40,100.12
1132,40,0,3,1,4.095999989658594,4,4,0,2,38,0,0,40,100.12
1133,2,0,0,0,8.191999979317188,4,4,0,0,40,0,0,40,2.231
1133,2,0,1,0,82.94399827718735,4,4,0,0,40,0,0,40,2.231
1133,2,0,2,0,9.216000325977802,4,4,0,0,40,0,0,40,2.231
1133,2,0,3,0,7.168000098317862,4,4,0,0,40,0,0,40,2.231
1133,24,0,0,0,13.311999849975109,4,4,0,0,40,0,0,40,2.289
1133,24,0,1,0,74.75200295448303,4,4,0,0,40,0,0,40,2.289
1133,24,0,2,0,9.216000325977802,4,4,0,0,40,0,0,40,2.289
1133,24,0,3,0,4.095999989658594,4,4,0,0,40,0,0,40,2.289
1133,40,0,0,1,9.216000325977802,4,4,0,0,40,0,0,40,3.08
1133,40,0,1,1,81.91999793052673,4,4,0,0,40,0,0,40,3.08
1133,40,0,2,1,8.191999979317188,4,4,0,0,40,0,0,40,3.08
1133,40,0,3,1,4.095999989658594,4,4,0,0,40,0,0,40,3.08
1134,2,0,0,0,9.216000325977802,4,4,0,1,39,0,0,40,53.15
1134,2,0,1,0,77.82399654388428,4,4,0,1,39,0,0,40,53.15
1134,2,0,2,0,8.191999979317188,4,4,0,1,39,0,0,40,53.15
1134,2,0,3,0,5.119999870657921,4,4,0,1,39,0,0,40,53.15
1134,24,0,0,0,8.191999979317188,4,4,0,0,40,0,0,40,2.12
1134,24,0,1,0,83.96799862384796,4,4,0,0,40,0,0,40,2.12
1134,24,0,2,0,9.216000325977802,4,4,0,0,40,0,0,40,2.12
1134,24,0,3,0,5.119999870657921,4,4,0,0,40,0,0,40,2.12
1134,40,0,0,1,9.216000325977802,4,4,0,0,40,0,0,40,1.791
1134,40,0,1,1,84.99199897050858,4,4,0,0,40,0,0,40,1.791
1134,40,0,2,1,9.216000325977802,4,4,0,0,40,0,0,40,1.791
1134,40,0,3,1,4.095999989658594,4,4,0,0,40,0,0,40,1.791
1135,2,0,0,0,9.216000325977802,4,4,0,0,40,0,0,40,2.509
1135,2,0,1,0,83.96799862384796,4,4,0,0,40,0,0,40,2.509
1135,2,0,2,0,8.191999979317188,4,4,0,0,40,0,0,40,2.509
1135,2,0,3,0,5.119999870657921,4,4,0,0,40,0,0,40,2.509
1135,24,0,0,0,9.216000325977802,4,4,0,3,36,1,0,40,137.46
1135,24,0,1,0,74.75200295448303,4,4,0,3,36,1,0,40,137.46
1135,24,0,2,0,167.93599724769592,4,4,0,3,36,1,0,40,137.46
1135,24,0,3,0,5.119999870657921,4,4,0,3,36,1,0,40,137.46
1135,40,0,0,1,14.336000196635723,4,4,0,1,39,0,0,40,60.78
1135,40,0,1,1,91.13600105047226,4,4,0,1,39,0,0,40,60.78
1135,40,0,2,1,9.216000325977802,4,4,0,1,39,0,0,40,60.78
1135,40,0,3,1,4.095999989658594,4,4,0,1,39,0,0,40,60.78
1136,2,0,0,0,9.216000325977802,4,4,0,1,39,0,0,40,55.77
1136,2,0,1,0,90.11200070381165,4,4,0,1,39,0,0,40,55.77
1136,2,0,2,0,9.216000325977802,4,4,0,1,39,0,0,40,55.77
1136,2,0,3,0,5.119999870657921,4,4,0,1,39,0,0,40,55.77
1136,24,0,0,0,7.168000098317862,4,4,0,2,38,0,0,40,109.13
1136,24,0,1,0,69.63200122117996,4,4,0,2,38,0,0,40,109.13
1136,24,0,2,0,10.239999741315842,4,4,0,2,38,0,0,40,109.13
1136,24,0,3,0,18.432000651955605,4,4,0,2,38,0,0,40,109.13
1136,40,0,0,1,14.336000196635723,4,4,0,1,39,0,0,40,64.58
1136,40,0,1,1,65.5359998345375,4,4,0,1,39,0,0,40,64.58
1136,40,0,2,1,9.216000325977802,4,4,0,1,39,0,0,40,64.58
1136,40,0,3,1,4.095999989658594,4,4,0,1,39,0,0,40,64.58
1137,2,0,0,0,15.359999611973763,4,4,0,1,39,0,0,40,55.08
1137,2,0,1,0,74.75200295448303,4,4,0,1,39,0,0,40,55.08
1137,2,0,2,0,9.216000325977802,4,4,0,1,39,0,0,40,55.08
1137,2,0,3,0,6.144000217318535,4,4,0,1,39,0,0,40,55.08
1137,24,0,0,0,9.216000325977802,4,4,0,1,39,0,0,40,54.2
1137,24,0,1,0,75.77600330114365,4,4,0,1,39,0,0,40,54.2
1137,24,0,2,0,9.216000325977802,4,4,0,1,39,0,0,40,54.2
1137,24,0,3,0,3.0720001086592674,4,4,0,1,39,0,0,40,54.2
1137,40,0,0,1,9.216000325977802,4,4,0,0,40,0,0,40,2.66
1137,40,0,1,1,81.91999793052673,4,4,0,0,40,0,0,40,2.66
1137,40,0,2,1,9.216000325977802,4,4,0,0,40,0,0,40,2.66
1137,40,0,3,1,5.119999870657921,4,4,0,0,40,0,0,40,2.66
1138,2,0,0,0,9.216000325977802,4,4,0,1,39,0,0,40,56.779
1138,2,0,1,0,80.89599758386612,4,4,0,1,39,0,0,40,56.779
1138,2,0,2,0,9.216000325977802,4,4,0,1,39,0,0,40,56.779
1138,2,0,3,0,8.191999979317188,4,4,0,1,39,0,0,40,56.779
1138,24,0,0,0,8.191999979317188,4,4,0,0,40,0,0,40,2.631
1138,24,0,1,0,74.75200295448303,4,4,0,0,40,0,0,40,2.631
1138,24,0,2,0,8.191999979317188,4,4,0,0,40,0,0,40,2.631
1138,24,0,3,0,4.095999989658594,4,4,0,0,40,0,0,40,2.631
1138,40,0,0,1,8.191999979317188,4,4,0,0,40,0,0,40,3.1
1138,40,0,1,1,92.16000139713287,4,4,0,0,40,0,0,40,3.1
1138,40,0,2,1,9.216000325977802,4,4,0,0,40,0,0,40,3.1
1138,40,0,3,1,4.095999989658594,4,4,0,0,40,0,0,40,3.1
1139,2,0,0,0,17.40800030529499,4,4,0,1,39,0,0,40,56.73
1139,2,0,1,0,83.96799862384796,4,4,0,1,39,0,0,40,56.73
1139,2,0,2,0,8.191999979317188,4,4,0,1,39,0,0,40,56.73
1139,2,0,3,0,6.144000217318535,4,4,0,1,39,0,0,40,56.73
1139,24,0,0,0,8.191999979317188,4,4,0,0,40,0,0,40,2.33
1139,24,0,1,0,89.08800035715103,4,4,0,0,40,0,0,40,2.33
1139,24,0,2,0,9.216000325977802,4,4,0,0,40,0,0,40,2.33
1139,24,0,3,0,4.095999989658594,4,4,0,0,40,0,0,40,2.33
1139,40,0,0,1,9.216000325977802,4,4,0,0,40,0,0,40,2.491
1139,40,0,1,1,84.99199897050858,4,4,0,0,40,0,0,40,2.491
1139,40,0,2,1,9.216000325977802,4,4,0,0,40,0,0,40,2.491
1139,40,0,3,1,4.095999989658594,4,4,0,0,40,0,0,40,2.491
1140,2,0,0,0,9.216000325977802,4,4,0,0,40,0,0,40,6.011
1140,2,0,1,0,80.89599758386612,4,4,0,0,40,0,0,40,6.011
1140,2,0,2,0,9.216000325977802,4,4,0,0,40,0,0,40,6.011
1140,2,0,3,0,5.119999870657921,4,4,0,0,40,0,0,40,6.011
1140,24,0,0,0,8.191999979317188,4,4,0,2,38,0,0,40,99.049
1140,24,0,1,0,73.72800260782242,4,4,0,2,38,0,0,40,99.049
1140,24,0,2,0,10.239999741315842,4,4,0,2,38,0,0,40,99.049
1140,24,0,3,0,4.095999989658594,4,4,0,2,38,0,0,40,99.049
1140,40,0,0,1,8.191999979317188,4,4,0,0,40,0,0,40,2.02
1140,40,0,1,1,82.94399827718735,4,4,0,0,40,0,0,40,2.02
1140,40,0,2,1,9.216000325977802,4,4,0,0,40,0,0,40,2.02
1140,40,0,3,1,4.095999989658594,4,4,0,0,40,0,0,40,2.02
1141,2,0,0,0,15.359999611973763,4,4,0,1,39,0,0,40,69.84
1141,2,0,1,0,91.13600105047226,4,4,0,1,39,0,0,40,69.84
1141,2,0,2,0,8.191999979317188,4,4,0,1,39,0,0,40,69.84
1141,2,0,3,0,8.191999979317188,4,4,0,1,39,0,0,40,69.84
1141,24,0,0,0,8.191999979317188,4,4,0,3,37,0,0,40,120.589
1141,24,0,1,0,74.75200295448303,4,4,0,3,37,0,0,40,120.589
1141,24,0,2,0,9.216000325977802,4,4,0,3,37,0,0,40,120.589
1141,24,0,3,0,23.552000522613525,4,4,0,3,37,0,0,40,120.589
1141,40,0,0,1,9.216000325977802,4,4,0,0,40,0,0,40,2.589
1141,40,0,1,1,83.96799862384796,4,4,0,0,40,0,0,40,2.589
1141,40,0,2,1,9.216000325977802,4,4,0,0,40,0,0,40,2.589
1141,40,0,3,1,4.095999989658594,4,4,0,0,40,0,0,40,2.589
1142,2,0,0,0,9.216000325977802,4,4,0,1,39,0,0,40,53.611
1142,2,0,1,0,89.08800035715103,4,4,0,1,39,0,0,40,53.611
1142,2,0,2,0,8.191999979317188,4,4,0,1,39,0,0,40,53.611
1142,2,0,3,0,6.144000217318535,4,4,0,1,39,0,0,40,53.611
1142,24,0,0,0,9.216000325977802,4,4,0,1,39,0,0,40,52.669
1142,24,0,1,0,62.463998794555664,4,4,0,1,39,0,0,40,52.669
1142,24,0,2,0,9.216000325977802,4,4,0,1,39,0,0,40,52.669
1142,24,0,3,0,4.095999989658594,4,4,0,1,39,0,0,40,52.669
1142,40,0,0,1,8.191999979317188,4,4,0,0,40,0,0,40,2.91
1142,40,0,1,1,68.60800087451935,4,4,0,0,40,0,0,40,2.91
1142,40,0,2,1,8.191999979317188,4,4,0,0,40,0,0,40,2.91
1142,40,0,3,1,4.095999989658594,4,4,0,0,40,0,0,40,2.91
1143,2,0,0,0,15.359999611973763,4,4,0,3,37,0,0,40,86.82
1143,2,0,1,0,66.56000018119812,4,4,0,3,37,0,0,40,86.82
1143,2,0,2,0,9.216000325977802,4,4,0,3,37,0,0,40,86.82
1143,2,0,3,0,5.119999870657921,4,4,0,3,37,0,0,40,86.82
1143,24,0,0,0,8.191999979317188,4,4,0,0,40,0,0,40,2.26
1143,24,0,1,0,67.58400052785873,4,4,0,0,40,0,0,40,2.26
1143,24,0,2,0,9.216000325977802,4,4,0,0,40,0,0,40,2.26
1143,24,0,3,0,4.095999989658594,4,4,0,0,40,0,0,40,2.26
1143,40,0,0,1,8.191999979317188,4,4,0,1,39,0,0,40,63.88
1143,40,0,1,1,67.58400052785873,4,4,0,1,39,0,0,40,63.88
1143,40,0,2,1,9.216000325977802,4,4,0,1,39,0,0,40,63.88
1143,40,0,3,1,5.119999870657921,4,4,0,1,39,0,0,40,63.88
1144,2,0,0,0,9.216000325977802,4,4,0,3,37,0,0,40,124.519
1144,2,0,1,0,78.84799689054489,4,4,0,3,37,0,0,40,124.519
1144,2,0,2,0,9.216000325977802,4,4,0,3,37,0,0,40,124.519
1144,2,0,3,0,22.52800017595291,4,4,0,3,37,0,0,40,124.519
1144,24,0,0,0,8.191999979317188,4,4,0,1,39,0,0,40,53.09
1144,24,0,1,0,74.75200295448303,4,4,0,1,39,0,0,40,53.09
1144,24,0,2,0,8.191999979317188,4,4,0,1,39,0,0,40,53.09
1144,24,0,3,0,4.095999989658594,4,4,0,1,39,0,0,40,53.09
1144,40,0,0,1,15.359999611973763,4,4,0,2,38,0,0,40,70.39
1144,40,0,1,1,69.63200122117996,4,4,0,2,38,0,0,40,70.39
1144,40,0,2,1,9.216000325977802,4,4,0,2,38,0,0,40,70.39
1144,40,0,3,1,4.095999989658594,4,4,0,2,38,0,0,40,70.39
1145,2,0,0,0,8.191999979317188,4,4,0,3,37,0,0,40,104.861
1145,2,0,1,0,80.89599758386612,4,4,0,3,37,0,0,40,104.861
1145,2,0,2,0,9.216000325977802,4,4,0,3,37,0,0,40,104.861
1145,2,0,3,0,6.144000217318535,4,4,0,3,37,0,0,40,104.861
1145,24,0,0,0,9.216000325977802,4,4,0,0,40,0,0,40,1.86
1145,24,0,1,0,74.75200295448303,4,4,0,0,40,0,0,40,1.86
1145,24,0,2,0,9.216000325977802,4,4,0,0,40,0,0,40,1.86
1145,24,0,3,0,4.095999989658594,4,4,0,0,40,0,0,40,1.86
1145,40,0,0,1,9.216000325977802,4,4,0,0,40,0,0,40,1.92
1145,40,0,1,1,73.72800260782242,4,4,0,0,40,0,0,40,1.92
1145,40,0,2,1,9.216000325977802,4,4,0,0,40,0,0,40,1.92
1145,40,0,3,1,4.095999989658594,4,4,0,0,40,0,0,40,1.92
1146,2,0,0,0,10.239999741315842,4,4,0,0,40,0,0,40,2.28
1146,2,0,1,0,66.56000018119812,4,4,0,0,40,0,0,40,2.28
1146,2,0,2,0,8.191999979317188,4,4,0,0,40,0,0,40,2.28
1146,2,0,3,0,5.119999870657921,4,4,0,0,40,0,0,40,2.28
1146,24,0,0,0,8.191999979317188,4,4,0,2,38,0,0,40,85.399
1146,24,0,1,0,82.94399827718735,4,4,0,2,38,0,0,40,85.399
1146,24,0,2,0,9.216000325977802,4,4,0,2,38,0,0,40,85.399
1146,24,0,3,0,3.0720001086592674,4,4,0,2,38,0,0,40,85.399
1146,40,0,0,1,8.191999979317188,4,4,0,0,40,0,0,40,2.29
1146,40,0,1,1,101.3759970664978,4,4,0,0,40,0,0,40,2.29
1146,40,0,2,1,9.216000325977802,4,4,0,0,40,0,0,40,2.29
1146,40,0,3,1,4.095999989658594,4,4,0,0,40,0,0,40,2.29
1147,2,0,0,0,9.216000325977802,4,4,0,0,40,0,0,40,2.93
1147,2,0,1,0,87.0399996638298,4,4,0,0,40,0,0,40,2.93
1147,2,0,2,0,9.216000325977802,4,4,0,0,40,0,0,40,2.93
1147,2,0,3,0,5.119999870657921,4,4,0,0,40,0,0,40,2.93
1147,24,0,0,0,8.191999979317188,4,4,0,1,39,0,0,40,49.871
1147,24,0,1,0,90.11200070381165,4,4,0,1,39,0,0,40,49.871
1147,24,0,2,0,8.191999979317188,4,4,0,1,39,0,0,40,49.871
1147,24,0,3,0,4.095999989658594,4,4,0,1,39,0,0,40,49.871
1147,40,0,0,1,8.191999979317188,4,4,0,0,40,0,0,40,2.74
1147,40,0,1,1,94.2080020904541,4,4,0,0,40,0,0,40,2.74
1147,40,0,2,1,9.216000325977802,4,4,0,0,40,0,0,40,2.74
1147,40,0,3,1,4.095999989658594,4,4,0,0,40,0,0,40,2.74
1148,2,0,0,0,10.239999741315842,4,4,0,0,40,0,0,40,2.171
1148,2,0,1,0,79.8719972372055,4,4,0,0,40,0,0,40,2.171
1148,2,0,2,0,9.216000325977802,4,4,0,0,40,0,0,40,2.171
1148,2,0,3,0,5.119999870657921,4,4,0,0,40,0,0,40,2.171
1148,24,0,0,0,8.191999979317188,4,4,0,1,39,0,0,40,52.909
1148,24,0,1,0,75.77600330114365,4,4,0,1,39,0,0,40,52.909
1148,24,0,2,0,9.216000325977802,4,4,0,1,39,0,0,40,52.909
1148,24,0,3,0,4.095999989658594,4,4,0,1,39,0,0,40,52.909
1148,40,0,0,1,9.216000325977802,4,4,0,0,40,0,0,40,2.29
1148,40,0,1,1,88.06400001049042,4,4,0,0,40,0,0,40,2.29
1148,40,0,2,1,9.216000325977802,4,4,0,0,40,0,0,40,2.29
1148,40,0,3,1,4.095999989658594,4,4,0,0,40,0,0,40,2.29
1149,2,0,0,0,9.216000325977802,4,4,0,0,40,0,0,40,2.73
1149,2,0,1,0,80.89599758386612,4,4,0,0,40,0,0,40,2.73
1149,2,0,2,0,9.216000325977802,4,4,0,0,40,0,0,40,2.73
1149,2,0,3,0,5.119999870657921,4,4,0,0,40,0,0,40,2.73
1149,24,0,0,0,113.66400122642517,4,4,0,0,40,0,0,40,2.72
1149,24,0,1,0,73.72800260782242,4,4,0,0,40,0,0,40,2.72
1149,24,0,2,0,9.216000325977802,4,4,0,0,40,0,0,40,2.72
1149,24,0,3,0,4.095999989658594,4,4,0,0,40,0,0,40,2.72
1149,40,0,0,1,66.56000018119812,4,4,0,0,40,0,0,40,2.009
1149,40,0,1,1,71.68000191450119,4,4,0,0,40,0,0,40,2.009
1149,40,0,2,1,10.239999741315842,4,4,0,0,40,0,0,40,2.009
1149,40,0,3,1,4.095999989658594,4,4,0,0,40,0,0,40,2.009
1150,2,0,0,0,18.432000651955605,4,4,0,0,40,0,0,40,2.949
1150,2,0,1,0,84.99199897050858,4,4,0,0,40,0,0,40,2.949
1150,2,0,2,0,9.216000325977802,4,4,0,0,40,0,0,40,2.949
1150,2,0,3,0,6.144000217318535,4,4,0,0,40,0,0,40,2.949
1150,24,0,0,0,8.191999979317188,4,4,0,3,37,0,0,40,129.199
1150,24,0,1,0,74.75200295448303,4,4,0,3,37,0,0,40,129.199
1150,24,0,2,0,9.216000325977802,4,4,0,3,37,0,0,40,129.199
1150,24,0,3,0,36.86400130391121,4,4,0,3,37,0,0,40,129.199
1150,40,0,0,1,8.191999979317188,4,4,0,0,40,0,0,40,2.12
1150,40,0,1,1,62.463998794555664,4,4,0,0,40,0,0,40,2.12
1150,40,0,2,1,9.216000325977802,4,4,0,0,40,0,0,40,2.12
1150,40,0,3,1,4.095999989658594,4,4,0,0,40,0,0,40,2.12
1151,2,0,0,0,9.216000325977802,1,1,0,0,10,0,0,10,0.8
1151,2,0,1,0,32.76799991726875,1,1,0,0,10,0,0,10,0.8
1151,2,0,2,0,9.216000325977802,1,1,0,0,10,0,0,10,0.8
1151,2,0,3,0,4.095999989658594,1,1,0,0,10,0,0,10,0.8
1151,24,0,0,0,9.216000325977802,1,1,0,0,10,0,0,10,0.93
1151,24,0,1,0,31.74399957060814,1,1,0,0,10,0,0,10,0.93
1151,24,0,2,0,9.216000325977802,1,1,0,0,10,0,0,10,0.93
1151,24,0,3,0,4.095999989658594,1,1,0,0,10,0,0,10,0.93
1151,40,0,0,1,18.432000651955605,1,1,0,0,10,0,0,10,0.79
1151,40,0,1,1,34.81600061058998,1,1,0,0,10,0,0,10,0.79
1151,40,0,2,1,9.216000325977802,1,1,0,0,10,0,0,10,0.79
1151,40,0,3,1,4.095999989658594,1,1,0,0,10,0,0,10,0.79
1152,2,0,0,0,160.76800227165222,4,4,0,1,39,0,0,40,55.34
1152,2,0,1,0,83.96799862384796,4,4,0,1,39,0,0,40,55.34
1152,2,0,2,0,8.191999979317188,4,4,0,1,39,0,0,40,55.34
1152,2,0,3,0,5.119999870657921,4,4,0,1,39,0,0,40,55.34
1152,24,0,0,0,8.191999979317188,4,4,0,0,40,0,0,40,2.05
1152,24,0,1,0,80.89599758386612,4,4,0,0,40,0,0,40,2.05
1152,24,0,2,0,9.216000325977802,4,4,0,0,40,0,0,40,2.05
1152,24,0,3,0,4.095999989658594,4,4,0,0,40,0,0,40,2.05
1152,40,0,0,1,10.239999741315842,4,4,0,0,40,0,0,40,3.11
1152,40,0,1,1,64.51199948787689,4,4,0,0,40,0,0,40,3.11
1152,40,0,2,1,9.216000325977802,4,4,0,0,40,0,0,40,3.11
1152,40,0,3,1,4.095999989658594,4,4,0,0,40,0,0,40,3.11
1153,2,0,0,0,9.216000325977802,4,4,0,0,40,0,0,40,3.32
1153,2,0,1,0,76.80000364780426,4,4,0,0,40,0,0,40,3.32
1153,2,0,2,0,9.216000325977802,4,4,0,0,40,0,0,40,3.32
1153,2,0,3,0,5.119999870657921,4,4,0,0,40,0,0,40,3.32
1153,24,0,0,0,8.191999979317188,4,4,0,0,40,0,0,40,2.64
1153,24,0,1,0,82.94399827718735,4,4,0,0,40,0,0,40,2.64
1153,24,0,2,0,8.191999979317188,4,4,0,0,40,0,0,40,2.64
1153,24,0,3,0,3.0720001086592674,4,4,0,0,40,0,0,40,2.64
1153,40,0,0,1,8.191999979317188,4,4,0,0,40,0,0,40,2.52
1153,40,0,1,1,86.01599931716919,4,4,0,0,40,0,0,40,2.52
1153,40,0,2,1,9.216000325977802,4,4,0,0,40,0,0,40,2.52
1153,40,0,3,1,4.095999989658594,4,4,0,0,40,0,0,40,2.52
1154,2,0,0,0,8.191999979317188,4,4,0,0,40,0,0,40,2.44
1154,2,0,1,0,80.89599758386612,4,4,0,0,40,0,0,40,2.44
1154,2,0,2,0,8.191999979317188,4,4,0,0,40,0,0,40,2.44
1154,2,0,3,0,6.144000217318535,4,4,0,0,40,0,0,40,2.44
1154,24,0,0,0,7.168000098317862,4,4,0,0,40,0,0,40,1.74
1154,24,0,1,0,73.72800260782242,4,4,0,0,40,0,0,40,1.74
1154,24,0,2,0,9.216000325977802,4,4,0,0,40,0,0,40,1.74
1154,24,0,3,0,4.095999989658594,4,4,0,0,40,0,0,40,1.74
1154,40,0,0,1,8.191999979317188,4,4,0,0,40,0,0,40,1.68
1154,40,0,1,1,67.58400052785873,4,4,0,0,40,0,0,40,1.68
1154,40,0,2,1,8.191999979317188,4,4,0,0,40,0,0,40,1.68
1154,40,0,3,1,4.095999989658594,4,4,0,0,40,0,0,40,1.68
1155,2,0,0,0,9.216000325977802,4,4,0,0,40,0,0,40,1.85
1155,2,0,1,0,82.94399827718735,4,4,0,0,40,0,0,40,1.85
1155,2,0,2,0,8.191999979317188,4,4,0,0,40,0,0,40,1.85
1155,2,0,3,0,6.144000217318535,4,4,0,0,40,0,0,40,1.85
1155,24,0,0,0,8.191999979317188,4,4,0,0,40,0,0,40,2.049
1155,24,0,1,0,91.13600105047226,4,4,0,0,40,0,0,40,2.049
1155,24,0,2,0,9.216000325977802,4,4,0,0,40,0,0,40,2.049
1155,24,0,3,0,3.0720001086592674,4,4,0,0,40,0,0,40,2.049
1155,40,0,0,1,15.359999611973763,4,4,0,1,39,0,0,40,57.72
1155,40,0,1,1,83.96799862384796,4,4,0,1,39,0,0,40,57.72
1155,40,0,2,1,9.216000325977802,4,4,0,1,39,0,0,40,57.72
1155,40,0,3,1,4.095999989658594,4,4,0,1,39,0,0,40,57.72
1156,2,0,0,0,8.191999979317188,4,4,0,0,40,0,0,40,2.11
1156,2,0,1,0,72.7040022611618,4,4,0,0,40,0,0,40,2.11
1156,2,0,2,0,9.216000325977802,4,4,0,0,40,0,0,40,2.11
1156,2,0,3,0,5.119999870657921,4,4,0,0,40,0,0,40,2.11
1156,24,0,0,0,8.191999979317188,4,4,0,1,39,0,0,40,72.141
1156,24,0,1,0,74.75200295448303,4,4,0,1,39,0,0,40,72.141
1156,24,0,2,0,9.216000325977802,4,4,0,1,39,0,0,40,72.141
1156,24,0,3,0,4.095999989658594,4,4,0,1,39,0,0,40,72.141
1156,40,0,0,1,9.216000325977802,4,4,0,0,40,0,0,40,1.36
1156,40,0,1,1,62.463998794555664,4,4,0,0,40,0,0,40,1.36
1156,40,0,2,1,9.216000325977802,4,4,0,0,40,0,0,40,1.36
1156,40,0,3,1,4.095999989658594,4,4,0,0,40,0,0,40,1.36
1157,2,0,0,0,9.216000325977802,4,4,0,3,37,0,0,40,174.199
1157,2,0,1,0,77.82399654388428,4,4,0,3,37,0,0,40,174.199
1157,2,0,2,0,9.216000325977802,4,4,0,3,37,0,0,40,174.199
1157,2,0,3,0,73.72800260782242,4,4,0,3,37,0,0,40,174.199
1157,24,0,0,0,8.191999979317188,4,4,0,0,40,0,0,40,1.56
1157,24,0,1,0,80.89599758386612,4,4,0,0,40,0,0,40,1.56
1157,24,0,2,0,9.216000325977802,4,4,0,0,40,0,0,40,1.56
1157,24,0,3,0,4.095999989658594,4,4,0,0,40,0,0,40,1.56
1157,40,0,0,1,9.216000325977802,4,4,0,0,40,0,0,40,1.41
1157,40,0,1,1,65.5359998345375,4,4,0,0,40,0,0,40,1.41
1157,40,0,2,1,9.216000325977802,4,4,0,0,40,0,0,40,1.41
1157,40,0,3,1,4.095999989658594,4,4,0,0,40,0,0,40,1.41
1158,2,0,0,0,9.216000325977802,4,4,0,1,39,0,0,40,62.21
1158,2,0,1,0,63.48799914121628,4,4,0,1,39,0,0,40,62.21
1158,2,0,2,0,9.216000325977802,4,4,0,1,39,0,0,40,62.21
1158,2,0,3,0,5.119999870657921,4,4,0,1,39,0,0,40,62.21
1158,24,0,0,0,8.191999979317188,4,4,0,3,37,0,0,40,121.53
1158,24,0,1,0,72.7040022611618,4,4,0,3,37,0,0,40,121.53
1158,24,0,2,0,10.239999741315842,4,4,0,3,37,0,0,40,121.53
1158,24,0,3,0,30.719999223947525,4,4,0,3,37,0,0,40,121.53
1158,40,0,0,1,8.191999979317188,4,4,0,0,40,0,0,40,1.49
1158,40,0,1,1,73.72800260782242,4,4,0,0,40,0,0,40,1.49
1158,40,0,2,1,9.216000325977802,4,4,0,0,40,0,0,40,1.49
1158,40,0,3,1,4.095999989658594,4,4,0,0,40,0,0,40,1.49
1159,2,0,0,0,9.216000325977802,4,4,0,0,40,0,0,40,1.96
1159,2,0,1,0,87.0399996638298,4,4,0,0,40,0,0,40,1.96
1159,2,0,2,0,9.216000325977802,4,4,0,0,40,0,0,40,1.96
1159,2,0,3,0,5.119999870657921,4,4,0,0,40,0,0,40,1.96
1159,24,0,0,0,8.191999979317188,4,4,0,0,40,0,0,40,1.469
1159,24,0,1,0,71.68000191450119,4,4,0,0,40,0,0,40,1.469
1159,24,0,2,0,9.216000325977802,4,4,0,0,40,0,0,40,1.469
1159,24,0,3,0,4.095999989658594,4,4,0,0,40,0,0,40,1.469
1159,40,0,0,1,8.191999979317188,4,4,0,0,40,0,0,40,1.47
1159,40,0,1,1,71.68000191450119,4,4,0,0,40,0,0,40,1.47
1159,40,0,2,1,9.216000325977802,4,4,0,0,40,0,0,40,1.47
1159,40,0,3,1,4.095999989658594,4,4,0,0,40,0,0,40,1.47
1160,2,0,0,0,13.311999849975109,4,4,0,0,40,0,0,40,2.28
1160,2,0,1,0,89.08800035715103,4,4,0,0,40,0,0,40,2.28
1160,2,0,2,0,8.191999979317188,4,4,0,0,40,0,0,40,2.28
1160,2,0,3,0,6.144000217318535,4,4,0,0,40,0,0,40,2.28
1160,24,0,0,0,7.168000098317862,4,4,0,0,40,0,0,40,2.08
1160,24,0,1,0,69.63200122117996,4,4,0,0,40,0,0,40,2.08
1160,24,0,2,0,9.216000325977802,4,4,0,0,40,0,0,40,2.08
1160,24,0,3,0,4.095999989658594,4,4,0,0,40,0,0,40,2.08
1160,40,0,0,1,16.383999958634377,4,4,0,1,39,0,0,40,55.699
1160,40,0,1,1,63.48799914121628,4,4,0,1,39,0,0,40,55.699
1160,40,0,2,1,9.216000325977802,4,4,0,1,39,0,0,40,55.699
1160,40,0,3,1,4.095999989658594,4,4,0,1,39,0,0,40,55.699
1161,2,0,0,0,9.216000325977802,4,4,0,0,40,0,0,40,1.709
1161,2,0,1,0,82.94399827718735,4,4,0,0,40,0,0,40,1.709
1161,2,0,2,0,9.216000325977802,4,4,0,0,40,0,0,40,1.709
1161,2,0,3,0,5.119999870657921,4,4,0,0,40,0,0,40,1.709
1161,24,0,0,0,8.191999979317188,4,4,0,2,38,0,0,40,87.629
1161,24,0,1,0,75.77600330114365,4,4,0,2,38,0,0,40,87.629
1161,24,0,2,0,9.216000325977802,4,4,0,2,38,0,0,40,87.629
1161,24,0,3,0,4.095999989658594,4,4,0,2,38,0,0,40,87.629
1161,40,0,0,1,8.191999979317188,4,4,0,1,39,0,0,40,70.46
1161,40,0,1,1,63.48799914121628,4,4,0,1,39,0,0,40,70.46
1161,40,0,2,1,8.191999979317188,4,4,0,1,39,0,0,40,70.46
1161,40,0,3,1,4.095999989658594,4,4,0,1,39,0,0,40,70.46
1162,2,0,0,0,15.359999611973763,4,4,0,4,36,0,0,40,163.43
1162,2,0,1,0,65.5359998345375,4,4,0,4,36,0,0,40,163.43
1162,2,0,2,0,9.216000325977802,4,4,0,4,36,0,0,40,163.43
1162,2,0,3,0,67.58400052785873,4,4,0,4,36,0,0,40,163.43
1162,24,0,0,0,8.191999979317188,4,4,0,1,39,0,0,40,50.629
1162,24,0,1,0,76.80000364780426,4,4,0,1,39,0,0,40,50.629
1162,24,0,2,0,9.216000325977802,4,4,0,1,39,0,0,40,50.629
1162,24,0,3,0,4.095999989658594,4,4,0,1,39,0,0,40,50.629
1162,40,0,0,1,12.28800043463707,4,4,0,0,40,0,0,40,1.571
1162,40,0,1,1,62.463998794555664,4,4,0,0,40,0,0,40,1.571
1162,40,0,2,1,9.216000325977802,4,4,0,0,40,0,0,40,1.571
1162,40,0,3,1,4.095999989658594,4,4,0,0,40,0,0,40,1.571
1163,2,0,0,0,9.216000325977802,4,4,0,1,39,0,0,40,45.84
1163,2,0,1,0,62.463998794555664,4,4,0,1,39,0,0,40,45.84
1163,2,0,2,0,9.216000325977802,4,4,0,1,39,0,0,40,45.84
1163,2,0,3,0,5.119999870657921,4,4,0,1,39,0,0,40,45.84
1163,24,0,0,0,8.191999979317188,4,4,0,0,40,0,0,40,2.12
1163,24,0,1,0,75.77600330114365,4,4,0,0,40,0,0,40,2.12
1163,24,0,2,0,9.216000325977802,4,4,0,0,40,0,0,40,2.12
1163,24,0,3,0,4.095999989658594,4,4,0,0,40,0,0,40,2.12
1163,40,0,0,1,9.216000325977802,4,4,0,0,40,0,0,40,1.68
1163,40,0,1,1,70.65600156784058,4,4,0,0,40,0,0,40,1.68
1163,40,0,2,1,9.216000325977802,4,4,0,0,40,0,0,40,1.68
1163,40,0,3,1,4.095999989658594,4,4,0,0,40,0,0,40,1.68
1164,2,0,0,0,9.216000325977802,4,4,0,0,40,0,0,40,1.91
1164,2,0,1,0,55.296000093221664,4,4,0,0,40,0,0,40,1.91
1164,2,0,2,0,8.191999979317188,4,4,0,0,40,0,0,40,1.91
1164,2,0,3,0,6.144000217318535,4,4,0,0,40,0,0,40,1.91
1164,24,0,0,0,7.168000098317862,4,4,0,0,40,0,0,40,1.82
1164,24,0,1,0,87.0399996638298,4,4,0,0,40,0,0,40,1.82
1164,24,0,2,0,9.216000325977802,4,4,0,0,40,0,0,40,1.82
1164,24,0,3,0,4.095999989658594,4,4,0,0,40,0,0,40,1.82
1164,40,0,0,1,8.191999979317188,4,4,0,0,40,0,0,40,1.7
1164,40,0,1,1,96.25600278377533,4,4,0,0,40,0,0,40,1.7
1164,40,0,2,1,9.216000325977802,4,4,0,0,40,0,0,40,1.7
1164,40,0,3,1,4.095999989658594,4,4,0,0,40,0,0,40,1.7
1165,2,0,0,0,9.216000325977802,4,4,0,0,40,0,0,40,1.7
1165,2,0,1,0,60.416001826524734,4,4,0,0,40,0,0,40,1.7
1165,2,0,2,0,9.216000325977802,4,4,0,0,40,0,0,40,1.7
1165,2,0,3,0,6.144000217318535,4,4,0,0,40,0,0,40,1.7
1165,24,0,0,0,15.359999611973763,4,4,0,2,38,0,0,40,84.07
1165,24,0,1,0,77.82399654388428,4,4,0,2,38,0,0,40,84.07
1165,24,0,2,0,9.216000325977802,4,4,0,2,38,0,0,40,84.07
1165,24,0,3,0,4.095999989658594,4,4,0,2,38,0,0,40,84.07
1165,40,0,0,1,8.191999979317188,4,4,0,2,38,0,0,40,154.079
1165,40,0,1,1,67.58400052785873,4,4,0,2,38,0,0,40,154.079
1165,40,0,2,1,9.216000325977802,4,4,0,2,38,0,0,40,154.079
1165,40,0,3,1,64.51199948787689,4,4,0,2,38,0,0,40,154.079
1166,2,0,0,0,8.191999979317188,4,4,0,0,40,0,0,40,1.61
1166,2,0,1,0,70.65600156784058,4,4,0,0,40,0,0,40,1.61
1166,2,0,2,0,8.191999979317188,4,4,0,0,40,0,0,40,1.61
1166,2,0,3,0,5.119999870657921,4,4,0,0,40,0,0,40,1.61
1166,24,0,0,0,8.191999979317188,4,4,0,2,38,0,0,40,178.549
1166,24,0,1,0,87.0399996638298,4,4,0,2,38,0,0,40,178.549
1166,24,0,2,0,8.191999979317188,4,4,0,2,38,0,0,40,178.549
1166,24,0,3,0,75.77600330114365,4,4,0,2,38,0,0,40,178.549
1166,40,0,0,1,7.168000098317862,4,4,0,3,37,0,0,40,190.679
1166,40,0,1,1,92.16000139713287,4,4,0,3,37,0,0,40,190.679
1166,40,0,2,1,10.239999741315842,4,4,0,3,37,0,0,40,190.679
1166,40,0,3,1,75.77600330114365,4,4,0,3,37,0,0,40,190.679
1167,2,0,0,0,8.191999979317188,4,4,0,0,40,0,0,40,1.691
1167,2,0,1,0,68.60800087451935,4,4,0,0,40,0,0,40,1.691
1167,2,0,2,0,9.216000325977802,4,4,0,0,40,0,0,40,1.691
1167,2,0,3,0,5.119999870657921,4,4,0,0,40,0,0,40,1.691
1167,24,0,0,0,14.336000196635723,4,4,0,0,40,0,0,40,1.74
1167,24,0,1,0,72.7040022611618,4,4,0,0,40,0,0,40,1.74
1167,24,0,2,0,9.216000325977802,4,4,0,0,40,0,0,40,1.74
1167,24,0,3,0,5.119999870657921,4,4,0,0,40,0,0,40,1.74
1167,40,0,0,1,9.216000325977802,4,4,0,2,38,0,0,40,99.289
1167,40,0,1,1,59.39200147986412,4,4,0,2,38,0,0,40,99.289
1167,40,0,2,1,10.239999741315842,4,4,0,2,38,0,0,40,99.289
1167,40,0,3,1,21.503999829292297,4,4,0,2,38,0,0,40,99.289
1168,2,0,0,0,8.191999979317188,4,4,0,0,40,0,0,40,1.851
1168,2,0,1,0,64.51199948787689,4,4,0,0,40,0,0,40,1.851
1168,2,0,2,0,9.216000325977802,4,4,0,0,40,0,0,40,1.851
1168,2,0,3,0,8.191999979317188,4,4,0,0,40,0,0,40,1.851
1168,24,0,0,0,8.191999979317188,4,4,0,1,39,0,0,40,47.8
1168,24,0,1,0,83.96799862384796,4,4,0,1,39,0,0,40,47.8
1168,24,0,2,0,9.216000325977802,4,4,0,1,39,0,0,40,47.8
1168,24,0,3,0,4.095999989658594,4,4,0,1,39,0,0,40,47.8
1168,40,0,0,1,8.191999979317188,4,4,0,2,38,0,0,40,126.41
1168,40,0,1,1,92.16000139713287,4,4,0,2,38,0,0,40,126.41
1168,40,0,2,1,9.216000325977802,4,4,0,2,38,0,0,40,126.41
1168,40,0,3,1,13.311999849975109,4,4,0,2,38,0,0,40,126.41
1169,2,0,0,0,9.216000325977802,4,4,0,0,40,0,0,40,1.81
1169,2,0,1,0,81.91999793052673,4,4,0,0,40,0,0,40,1.81
1169,2,0,2,0,8.191999979317188,4,4,0,0,40,0,0,40,1.81
1169,2,0,3,0,7.168000098317862,4,4,0,0,40,0,0,40,1.81
1169,24,0,0,0,8.191999979317188,4,4,0,3,37,0,0,40,141.48
1169,24,0,1,0,78.84799689054489,4,4,0,3,37,0,0,40,141.48
1169,24,0,2,0,9.216000325977802,4,4,0,3,37,0,0,40,141.48
1169,24,0,3,0,41.98399931192398,4,4,0,3,37,0,0,40,141.48
1169,40,0,0,1,9.216000325977802,4,4,0,0,40,0,0,40,1.731
1169,40,0,1,1,68.60800087451935,4,4,0,0,40,0,0,40,1.731
1169,40,0,2,1,9.216000325977802,4,4,0,0,40,0,0,40,1.731
1169,40,0,3,1,4.095999989658594,4,4,0,0,40,0,0,40,1.731
1170,2,0,0,0,14.336000196635723,4,4,0,0,40,0,0,40,1.92
1170,2,0,1,0,77.82399654388428,4,4,0,0,40,0,0,40,1.92
1170,2,0,2,0,9.216000325977802,4,4,0,0,40,0,0,40,1.92
1170,2,0,3,0,5.119999870657921,4,4,0,0,40,0,0,40,1.92
1170,24,0,0,0,8.191999979317188,4,4,0,3,37,0,0,40,115.29
1170,24,0,1,0,78.84799689054489,4,4,0,3,37,0,0,40,115.29
1170,24,0,2,0,9.216000325977802,4,4,0,3,37,0,0,40,115.29
1170,24,0,3,0,19.45599913597107,4,4,0,3,37,0,0,40,115.29
1170,40,0,0,1,9.216000325977802,4,4,0,0,40,0,0,40,1.51
1170,40,0,1,1,63.48799914121628,4,4,0,0,40,0,0,40,1.51
1170,40,0,2,1,9.216000325977802,4,4,0,0,40,0,0,40,1.51
1170,40,0,3,1,4.095999989658594,4,4,0,0,40,0,0,40,1.51
1171,2,0,0,0,8.191999979317188,4,4,0,1,39,0,0,40,76.55
1171,2,0,1,0,80.89599758386612,4,4,0,1,39,0,0,40,76.55
1171,2,0,2,0,9.216000325977802,4,4,0,1,39,0,0,40,76.55
1171,2,0,3,0,5.119999870657921,4,4,0,1,39,0,0,40,76.55
1171,24,0,0,0,8.191999979317188,4,4,0,1,39,0,0,40,42.24
1171,24,0,1,0,76.80000364780426,4,4,0,1,39,0,0,40,42.24
1171,24,0,2,0,9.216000325977802,4,4,0,1,39,0,0,40,42.24
1171,24,0,3,0,4.095999989658594,4,4,0,1,39,0,0,40,42.24
1171,40,0,0,1,8.191999979317188,4,4,0,0,40,0,0,40,1.59
1171,40,0,1,1,89.08800035715103,4,4,0,0,40,0,0,40,1.59
1171,40,0,2,1,9.216000325977802,4,4,0,0,40,0,0,40,1.59
1171,40,0,3,1,4.095999989658594,4,4,0,0,40,0,0,40,1.59
1172,2,0,0,0,9.216000325977802,4,4,0,1,39,0,0,40,121.709
1172,2,0,1,0,86.01599931716919,4,4,0,1,39,0,0,40,121.709
1172,2,0,2,0,9.216000325977802,4,4,0,1,39,0,0,40,121.709
1172,2,0,3,0,13.311999849975109,4,4,0,1,39,0,0,40,121.709
1172,24,0,0,0,8.191999979317188,4,4,0,1,39,0,0,40,47.82
1172,24,0,1,0,74.75200295448303,4,4,0,1,39,0,0,40,47.82
1172,24,0,2,0,8.191999979317188,4,4,0,1,39,0,0,40,47.82
1172,24,0,3,0,4.095999989658594,4,4,0,1,39,0,0,40,47.82
1172,40,0,0,1,8.191999979317188,4,4,0,1,39,0,0,40,59.579
1172,40,0,1,1,67.58400052785873,4,4,0,1,39,0,0,40,59.579
1172,40,0,2,1,9.216000325977802,4,4,0,1,39,0,0,40,59.579
1172,40,0,3,1,5.119999870657921,4,4,0,1,39,0,0,40,59.579
1173,2,0,0,0,15.359999611973763,4,4,0,1,39,0,0,40,63.54
1173,2,0,1,0,68.60800087451935,4,4,0,1,39,0,0,40,63.54
1173,2,0,2,0,8.191999979317188,4,4,0,1,39,0,0,40,63.54
1173,2,0,3,0,5.119999870657921,4,4,0,1,39,0,0,40,63.54
1173,24,0,0,0,8.191999979317188,4,4,0,0,40,0,0,40,1.32
1173,24,0,1,0,67.58400052785873,4,4,0,0,40,0,0,40,1.32
1173,24,0,2,0,9.216000325977802,4,4,0,0,40,0,0,40,1.32
1173,24,0,3,0,3.0720001086592674,4,4,0,0,40,0,0,40,1.32
1173,40,0,0,1,8.191999979317188,4,4,0,0,40,0,0,40,1.71
1173,40,0,1,1,91.13600105047226,4,4,0,0,40,0,0,40,1.71
1173,40,0,2,1,9.216000325977802,4,4,0,0,40,0,0,40,1.71
1173,40,0,3,1,4.095999989658594,4,4,0,0,40,0,0,40,1.71
1174,2,0,0,0,9.216000325977802,4,4,0,0,40,0,0,40,1.78
1174,2,0,1,0,78.84799689054489,4,4,0,0,40,0,0,40,1.78
1174,2,0,2,0,9.216000325977802,4,4,0,0,40,0,0,40,1.78
1174,2,0,3,0,5.119999870657921,4,4,0,0,40,0,0,40,1.78
1174,24,0,0,0,7.168000098317862,4,4,0,1,39,0,0,40,54.869
1174,24,0,1,0,63.48799914121628,4,4,0,1,39,0,0,40,54.869
1174,24,0,2,0,9.216000325977802,4,4,0,1,39,0,0,40,54.869
1174,24,0,3,0,4.095999989658594,4,4,0,1,39,0,0,40,54.869
1174,40,0,0,1,8.191999979317188,4,4,0,0,40,0,0,40,1.64
1174,40,0,1,1,66.56000018119812,4,4,0,0,40,0,0,40,1.64
1174,40,0,2,1,8.191999979317188,4,4,0,0,40,0,0,40,1.64
1174,40,0,3,1,4.095999989658594,4,4,0,0,40,0,0,40,1.64
1175,2,0,0,0,9.216000325977802,4,4,0,0,40,0,0,40,2.029
1175,2,0,1,0,92.16000139713287,4,4,0,0,40,0,0,40,2.029
1175,2,0,2,0,8.191999979317188,4,4,0,0,40,0,0,40,2.029
1175,2,0,3,0,5.119999870657921,4,4,0,0,40,0,0,40,2.029
1175,24,0,0,0,7.168000098317862,4,4,0,0,40,0,0,40,1.67
1175,24,0,1,0,67.58400052785873,4,4,0,0,40,0,0,40,1.67
1175,24,0,2,0,9.216000325977802,4,4,0,0,40,0,0,40,1.67
1175,24,0,3,0,4.095999989658594,4,4,0,0,40,0,0,40,1.67
1175,40,0,0,1,9.216000325977802,4,4,0,0,40,0,0,40,1.68
1175,40,0,1,1,76.80000364780426,4,4,0,0,40,0,0,40,1.68
1175,40,0,2,1,8.191999979317188,4,4,0,0,40,0,0,40,1.68
1175,40,0,3,1,4.095999989658594,4,4,0,0,40,0,0,40,1.68
1176,2,0,0,0,10.239999741315842,2,2,0,0,20,0,0,20,0.96
1176,2,0,1,0,51.19999870657921,2,2,0,0,20,0,0,20,0.96
1176,2,0,2,0,9.216000325977802,2,2,0,0,20,0,0,20,0.96
1176,2,0,3,0,5.119999870657921,2,2,0,0,20,0,0,20,0.96
1176,24,0,0,0,15.359999611973763,2,2,0,0,20,0,0,20,0.64
1176,24,0,1,0,46.08000069856644,2,2,0,0,20,0,0,20,0.64
1176,24,0,2,0,9.216000325977802,2,2,0,0,20,0,0,20,0.64
1176,24,0,3,0,4.095999989658594,2,2,0,0,20,0,0,20,0.64
1176,40,0,0,1,8.191999979317188,2,2,0,0,20,0,0,20,0.849
1176,40,0,1,1,56.32000043988228,2,2,0,0,20,0,0,20,0.849
1176,40,0,2,1,9.216000325977802,2,2,0,0,20,0,0,20,0.849
1176,40,0,3,1,4.095999989658594,2,2,0,0,20,0,0,20,0.849
1177,2,0,0,0,15.359999611973763,4,4,0,1,39,0,0,40,54.351
1177,2,0,1,0,76.80000364780426,4,4,0,1,39,0,0,40,54.351
1177,2,0,2,0,9.216000325977802,4,4,0,1,39,0,0,40,54.351
1177,2,0,3,0,5.119999870657921,4,4,0,1,39,0,0,40,54.351
1177,24,0,0,0,8.191999979317188,4,4,0,0,40,0,0,40,1.329
1177,24,0,1,0,83.96799862384796,4,4,0,0,40,0,0,40,1.329
1177,24,0,2,0,9.216000325977802,4,4,0,0,40,0,0,40,1.329
1177,24,0,3,0,4.095999989658594,4,4,0,0,40,0,0,40,1.329
1177,40,0,0,1,9.216000325977802,4,4,0,0,40,0,0,40,1.65
1177,40,0,1,1,95.23200243711472,4,4,0,0,40,0,0,40,1.65
1177,40,0,2,1,9.216000325977802,4,4,0,0,40,0,0,40,1.65
1177,40,0,3,1,4.095999989658594,4,4,0,0,40,0,0,40,1.65
1178,2,0,0,0,9.216000325977802,4,4,0,0,40,0,0,40,1.94
1178,2,0,1,0,83.96799862384796,4,4,0,0,40,0,0,40,1.94
1178,2,0,2,0,9.216000325977802,4,4,0,0,40,0,0,40,1.94
1178,2,0,3,0,5.119999870657921,4,4,0,0,40,0,0,40,1.94
1178,24,0,0,0,380.92800974845886,4,4,0,0,40,0,0,40,2.529
1178,24,0,1,0,88.06400001049042,4,4,0,0,40,0,0,40,2.529
1178,24,0,2,0,9.216000325977802,4,4,0,0,40,0,0,40,2.529
1178,24,0,3,0,5.119999870657921,4,4,0,0,40,0,0,40,2.529
1178,40,0,0,1,8.191999979317188,4,4,0,2,38,0,0,40,173.139
1178,40,0,1,1,84.99199897050858,4,4,0,2,38,0,0,40,173.139
1178,40,0,2,1,9.216000325977802,4,4,0,2,38,0,0,40,173.139
1178,40,0,3,1,63.48799914121628,4,4,0,2,38,0,0,40,173.139
1179,2,0,0,0,14.336000196635723,4,4,0,0,40,0,0,40,1.94
1179,2,0,1,0,78.84799689054489,4,4,0,0,40,0,0,40,1.94
1179,2,0,2,0,8.191999979317188,4,4,0,0,40,0,0,40,1.94
1179,2,0,3,0,6.144000217318535,4,4,0,0,40,0,0,40,1.94
1179,24,0,0,0,8.191999979317188,4,4,0,0,40,0,0,40,1.28
1179,24,0,1,0,69.63200122117996,4,4,0,0,40,0,0,40,1.28
1179,24,0,2,0,9.216000325977802,4,4,0,0,40,0,0,40,1.28
1179,24,0,3,0,4.095999989658594,4,4,0,0,40,0,0,40,1.28
1179,40,0,0,1,8.191999979317188,4,4,0,0,40,0,0,40,1.68
1179,40,0,1,1,81.91999793052673,4,4,0,0,40,0,0,40,1.68
1179,40,0,2,1,9.216000325977802,4,4,0,0,40,0,0,40,1.68
1179,40,0,3,1,4.095999989658594,4,4,0,0,40,0,0,40,1.68
1180,2,0,0,0,9.216000325977802,4,4,0,2,38,0,0,40,155.309
1180,2,0,1,0,74.75200295448303,4,4,0,2,38,0,0,40,155.309
1180,2,0,2,0,9.216000325977802,4,4,0,2,38,0,0,40,155.309
1180,2,0,3,0,57.34400078654289,4,4,0,2,38,0,0,40,155.309
1180,24,0,0,0,8.191999979317188,4,4,0,1,39,0,0,40,57.33
1180,24,0,1,0,74.75200295448303,4,4,0,1,39,0,0,40,57.33
1180,24,0,2,0,9.216000325977802,4,4,0,1,39,0,0,40,57.33
1180,24,0,3,0,4.095999989658594,4,4,0,1,39,0,0,40,57.33
1180,40,0,0,1,8.191999979317188,4,4,0,0,40,0,0,40,1.48
1180,40,0,1,1,95.23200243711472,4,4,0,0,40,0,0,40,1.48
1180,40,0,2,1,9.216000325977802,4,4,0,0,40,0,0,40,1.48
1180,40,0,3,1,4.095999989658594,4,4,0,0,40,0,0,40,1.48
1181,2,0,0,0,9.216000325977802,2,2,0,0,20,0,0,20,0.94
1181,2,0,1,0,53.247999399900436,2,2,0,0,20,0,0,20,0.94
1181,2,0,2,0,9.216000325977802,2,2,0,0,20,0,0,20,0.94
1181,2,0,3,0,5.119999870657921,2,2,0,0,20,0,0,20,0.94
1181,24,0,0,0,8.191999979317188,2,2,0,0,20,0,0,20,0.64
1181,24,0,1,0,48.128001391887665,2,2,0,0,20,0,0,20,0.64
1181,24,0,2,0,9.216000325977802,2,2,0,0,20,0,0,20,0.64
1181,24,0,3,0,4.095999989658594,2,2,0,0,20,0,0,20,0.64
1181,40,0,0,1,9.216000325977802,2,2,0,1,19,0,0,20,122.399
1181,40,0,1,1,56.32000043988228,2,2,0,1,19,0,0,20,122.399
1181,40,0,2,1,9.216000325977802,2,2,0,1,19,0,0,20,122.399
1181,40,0,3,1,45.05600035190582,2,2,0,1,19,0,0,20,122.399
1182,2,0,0,0,9.216000325977802,4,4,0,0,40,0,0,40,2.04
1182,2,0,1,0,93.18400174379349,4,4,0,0,40,0,0,40,2.04
1182,2,0,2,0,9.216000325977802,4,4,0,0,40,0,0,40,2.04
1182,2,0,3,0,6.144000217318535,4,4,0,0,40,0,0,40,2.04
1182,24,0,0,0,8.191999979317188,4,4,0,0,40,0,0,40,1.61
1182,24,0,1,0,67.58400052785873,4,4,0,0,40,0,0,40,1.61
1182,24,0,2,0,9.216000325977802,4,4,0,0,40,0,0,40,1.61
1182,24,0,3,0,4.095999989658594,4,4,0,0,40,0,0,40,1.61
1182,40,0,0,1,8.191999979317188,4,4,0,0,40,0,0,40,1.6
1182,40,0,1,1,69.63200122117996,4,4,0,0,40,0,0,40,1.6
1182,40,0,2,1,9.216000325977802,4,4,0,0,40,0,0,40,1.6
1182,40,0,3,1,4.095999989658594,4,4,0,0,40,0,0,40,1.6
1183,2,0,0,0,8.191999979317188,4,4,0,0,40,0,0,40,1.549
1183,2,0,1,0,78.84799689054489,4,4,0,0,40,0,0,40,1.549
1183,2,0,2,0,9.216000325977802,4,4,0,0,40,0,0,40,1.549
1183,2,0,3,0,5.119999870657921,4,4,0,0,40,0,0,40,1.549
1183,24,0,0,0,8.191999979317188,4,4,0,0,40,0,0,40,1.451
1183,24,0,1,0,73.72800260782242,4,4,0,0,40,0,0,40,1.451
1183,24,0,2,0,9.216000325977802,4,4,0,0,40,0,0,40,1.451
1183,24,0,3,0,4.095999989658594,4,4,0,0,40,0,0,40,1.451
1183,40,0,0,1,8.191999979317188,4,4,0,0,40,0,0,40,1.54
1183,40,0,1,1,76.80000364780426,4,4,0,0,40,0,0,40,1.54
1183,40,0,2,1,8.191999979317188,4,4,0,0,40,0,0,40,1.54
1183,40,0,3,1,4.095999989658594,4,4,0,0,40,0,0,40,1.54
1184,2,0,0,0,9.216000325977802,4,4,0,0,40,0,0,40,2.06
1184,2,0,1,0,83.96799862384796,4,4,0,0,40,0,0,40,2.06
1184,2,0,2,0,9.216000325977802,4,4,0,0,40,0,0,40,2.06
1184,2,0,3,0,5.119999870657921,4,4,0,0,40,0,0,40,2.06
1184,24,0,0,0,7.168000098317862,4,4,0,1,39,0,0,40,64.229
1184,24,0,1,0,73.72800260782242,4,4,0,1,39,0,0,40,64.229
1184,24,0,2,0,9.216000325977802,4,4,0,1,39,0,0,40,64.229
1184,24,0,3,0,4.095999989658594,4,4,0,1,39,0,0,40,64.229
1184,40,0,0,1,8.191999979317188,4,4,0,0,40,0,0,40,1.7
1184,40,0,1,1,75.77600330114365,4,4,0,0,40,0,0,40,1.7
1184,40,0,2,1,9.216000325977802,4,4,0,0,40,0,0,40,1.7
1184,40,0,3,1,4.095999989658594,4,4,0,0,40,0,0,40,1.7
1185,2,0,0,0,14.336000196635723,4,4,0,0,40,0,0,40,1.6
1185,2,0,1,0,77.82399654388428,4,4,0,0,40,0,0,40,1.6
1185,2,0,2,0,9.216000325977802,4,4,0,0,40,0,0,40,1.6
1185,2,0,3,0,5.119999870657921,4,4,0,0,40,0,0,40,1.6
1185,24,0,0,0,8.191999979317188,4,4,0,1,39,0,0,40,57.229
1185,24,0,1,0,65.5359998345375,4,4,0,1,39,0,0,40,57.229
1185,24,0,2,0,9.216000325977802,4,4,0,1,39,0,0,40,57.229
1185,24,0,3,0,4.095999989658594,4,4,0,1,39,0,0,40,57.229
1185,40,0,0,1,9.216000325977802,4,4,0,0,40,0,0,40,1.569
1185,40,0,1,1,72.7040022611618,4,4,0,0,40,0,0,40,1.569
1185,40,0,2,1,8.191999979317188,4,4,0,0,40,0,0,40,1.569
1185,40,0,3,1,4.095999989658594,4,4,0,0,40,0,0,40,1.569
1186,2,0,0,0,9.216000325977802,4,4,0,3,37,0,0,40,134.949
1186,2,0,1,0,80.89599758386612,4,4,0,3,37,0,0,40,134.949
1186,2,0,2,0,9.216000325977802,4,4,0,3,37,0,0,40,134.949
1186,2,0,3,0,32.76799991726875,4,4,0,3,37,0,0,40,134.949
1186,24,0,0,0,8.191999979317188,4,4,0,0,40,0,0,40,1.609
1186,24,0,1,0,69.63200122117996,4,4,0,0,40,0,0,40,1.609
1186,24,0,2,0,8.191999979317188,4,4,0,0,40,0,0,40,1.609
1186,24,0,3,0,4.095999989658594,4,4,0,0,40,0,0,40,1.609
1186,40,0,0,1,9.216000325977802,4,4,0,0,40,0,0,40,1.43
1186,40,0,1,1,68.60800087451935,4,4,0,0,40,0,0,40,1.43
1186,40,0,2,1,9.216000325977802,4,4,0,0,40,0,0,40,1.43
1186,40,0,3,1,4.095999989658594,4,4,0,0,40,0,0,40,1.43
1187,2,0,0,0,9.216000325977802,4,4,0,0,40,0,0,40,1.52
1187,2,0,1,0,69.63200122117996,4,4,0,0,40,0,0,40,1.52
1187,2,0,2,0,9.216000325977802,4,4,0,0,40,0,0,40,1.52
1187,2,0,3,0,5.119999870657921,4,4,0,0,40,0,0,40,1.52
1187,24,0,0,0,8.191999979317188,4,4,0,0,40,0,0,40,1.671
1187,24,0,1,0,77.82399654388428,4,4,0,0,40,0,0,40,1.671
1187,24,0,2,0,9.216000325977802,4,4,0,0,40,0,0,40,1.671
1187,24,0,3,0,4.095999989658594,4,4,0,0,40,0,0,40,1.671
1187,40,0,0,1,8.191999979317188,4,4,0,0,40,0,0,40,1.431
1187,40,0,1,1,83.96799862384796,4,4,0,0,40,0,0,40,1.431
1187,40,0,2,1,10.239999741315842,4,4,0,0,40,0,0,40,1.431
1187,40,0,3,1,4.095999989658594,4,4,0,0,40,0,0,40,1.431
1188,2,0,0,0,9.216000325977802,4,4,0,0,40,0,0,40,2.0
1188,2,0,1,0,63.48799914121628,4,4,0,0,40,0,0,40,2.0
1188,2,0,2,0,8.191999979317188,4,4,0,0,40,0,0,40,2.0
1188,2,0,3,0,5.119999870657921,4,4,0,0,40,0,0,40,2.0
1188,24,0,0,0,8.191999979317188,4,4,0,0,40,0,0,40,1.54
1188,24,0,1,0,86.01599931716919,4,4,0,0,40,0,0,40,1.54
1188,24,0,2,0,9.216000325977802,4,4,0,0,40,0,0,40,1.54
1188,24,0,3,0,4.095999989658594,4,4,0,0,40,0,0,40,1.54
1188,40,0,0,1,8.191999979317188,4,4,0,0,40,0,0,40,1.59
1188,40,0,1,1,68.60800087451935,4,4,0,0,40,0,0,40,1.59
1188,40,0,2,1,9.216000325977802,4,4,0,0,40,0,0,40,1.59
1188,40,0,3,1,5.119999870657921,4,4,0,0,40,0,0,40,1.59
1189,2,0,0,0,14.336000196635723,4,4,0,0,40,0,0,40,1.529
1189,2,0,1,0,64.51199948787689,4,4,0,0,40,0,0,40,1.529
1189,2,0,2,0,9.216000325977802,4,4,0,0,40,0,0,40,1.529
1189,2,0,3,0,5.119999870657921,4,4,0,0,40,0,0,40,1.529
1189,24,0,0,0,8.191999979317188,4,4,0,1,39,0,0,40,54.719
1189,24,0,1,0,78.84799689054489,4,4,0,1,39,0,0,40,54.719
1189,24,0,2,0,9.216000325977802,4,4,0,1,39,0,0,40,54.719
1189,24,0,3,0,4.095999989658594,4,4,0,1,39,0,0,40,54.719
1189,40,0,0,1,8.191999979317188,4,4,0,0,40,0,0,40,1.67
1189,40,0,1,1,89.08800035715103,4,4,0,0,40,0,0,40,1.67
1189,40,0,2,1,9.216000325977802,4,4,0,0,40,0,0,40,1.67
1189,40,0,3,1,3.0720001086592674,4,4,0,0,40,0,0,40,1.67
1190,2,0,0,0,9.216000325977802,4,4,0,1,39,0,0,40,100.569
1190,2,0,1,0,70.65600156784058,4,4,0,1,39,0,0,40,100.569
1190,2,0,2,0,9.216000325977802,4,4,0,1,39,0,0,40,100.569
1190,2,0,3,0,7.168000098317862,4,4,0,1,39,0,0,40,100.569
1190,24,0,0,0,9.216000325977802,4,4,0,2,38,0,0,40,93.139
1190,24,0,1,0,89.08800035715103,4,4,0,2,38,0,0,40,93.139
1190,24,0,2,0,10.239999741315842,4,4,0,2,38,0,0,40,93.139
1190,24,0,3,0,4.095999989658594,4,4,0,2,38,0,0,40,93.139
1190,40,0,0,1,9.216000325977802,4,4,0,1,39,0,0,40,62.439
1190,40,0,1,1,78.84799689054489,4,4,0,1,39,0,0,40,62.439
1190,40,0,2,1,10.239999741315842,4,4,0,1,39,0,0,40,62.439
1190,40,0,3,1,4.095999989658594,4,4,0,1,39,0,0,40,62.439
1191,2,0,0,0,9.216000325977802,4,4,0,2,38,0,0,40,52.129
1191,2,0,1,0,64.51199948787689,4,4,0,2,38,0,0,40,52.129
1191,2,0,2,0,8.191999979317188,4,4,0,2,38,0,0,40,52.129
1191,2,0,3,0,5.119999870657921,4,4,0,2,38,0,0,40,52.129
1191,24,0,0,0,7.168000098317862,4,4,0,4,35,1,0,40,134.96
1191,24,0,1,0,75.77600330114365,4,4,0,4,35,1,0,40,134.96
1191,24,0,2,0,163.83999586105347,4,4,0,4,35,1,0,40,134.96
1191,24,0,3,0,5.119999870657921,4,4,0,4,35,1,0,40,134.96
1191,40,0,0,1,15.359999611973763,4,4,0,3,37,0,0,40,179.299
1191,40,0,1,1,81.91999793052673,4,4,0,3,37,0,0,40,179.299
1191,40,0,2,1,9.216000325977802,4,4,0,3,37,0,0,40,179.299
1191,40,0,3,1,110.59200018644333,4,4,0,3,37,0,0,40,179.299
1192,2,0,0,0,8.191999979317188,4,4,0,0,40,0,0,40,1.729
1192,2,0,1,0,74.75200295448303,4,4,0,0,40,0,0,40,1.729
1192,2,0,2,0,9.216000325977802,4,4,0,0,40,0,0,40,1.729
1192,2,0,3,0,6.144000217318535,4,4,0,0,40,0,0,40,1.729
1192,24,0,0,0,7.168000098317862,4,4,0,2,38,0,0,40,80.85
1192,24,0,1,0,80.89599758386612,4,4,0,2,38,0,0,40,80.85
1192,24,0,2,0,9.216000325977802,4,4,0,2,38,0,0,40,80.85
1192,24,0,3,0,4.095999989658594,4,4,0,2,38,0,0,40,80.85
1192,40,0,0,1,8.191999979317188,4,4,0,1,39,0,0,40,58.139
1192,40,0,1,1,83.96799862384796,4,4,0,1,39,0,0,40,58.139
1192,40,0,2,1,8.191999979317188,4,4,0,1,39,0,0,40,58.139
1192,40,0,3,1,4.095999989658594,4,4,0,1,39,0,0,40,58.139
1193,2,0,0,0,9.216000325977802,4,4,0,1,39,0,0,40,53.95
1193,2,0,1,0,77.82399654388428,4,4,0,1,39,0,0,40,53.95
1193,2,0,2,0,9.216000325977802,4,4,0,1,39,0,0,40,53.95
1193,2,0,3,0,6.144000217318535,4,4,0,1,39,0,0,40,53.95
1193,24,0,0,0,16.383999958634377,4,4,0,1,39,0,0,40,127.86
1193,24,0,1,0,67.58400052785873,4,4,0,1,39,0,0,40,127.86
1193,24,0,2,0,9.216000325977802,4,4,0,1,39,0,0,40,127.86
1193,24,0,3,0,30.719999223947525,4,4,0,1,39,0,0,40,127.86
1193,40,0,0,1,8.191999979317188,4,4,0,0,40,0,0,40,1.78
1193,40,0,1,1,65.5359998345375,4,4,0,0,40,0,0,40,1.78
1193,40,0,2,1,9.216000325977802,4,4,0,0,40,0,0,40,1.78
1193,40,0,3,1,4.095999989658594,4,4,0,0,40,0,0,40,1.78
1194,2,0,0,0,15.359999611973763,4,4,0,1,39,0,0,40,55.06
1194,2,0,1,0,80.89599758386612,4,4,0,1,39,0,0,40,55.06
1194,2,0,2,0,9.216000325977802,4,4,0,1,39,0,0,40,55.06
1194,2,0,3,0,5.119999870657921,4,4,0,1,39,0,0,40,55.06
1194,24,0,0,0,8.191999979317188,4,4,0,1,39,0,0,40,67.35
1194,24,0,1,0,73.72800260782242,4,4,0,1,39,0,0,40,67.35
1194,24,0,2,0,9.216000325977802,4,4,0,1,39,0,0,40,67.35
1194,24,0,3,0,4.095999989658594,4,4,0,1,39,0,0,40,67.35
1194,40,0,0,1,9.216000325977802,4,4,0,0,40,0,0,40,1.56
1194,40,0,1,1,70.65600156784058,4,4,0,0,40,0,0,40,1.56
1194,40,0,2,1,9.216000325977802,4,4,0,0,40,0,0,40,1.56
1194,40,0,3,1,4.095999989658594,4,4,0,0,40,0,0,40,1.56
1195,2,0,0,0,15.359999611973763,4,4,0,1,39,0,0,40,92.21
1195,2,0,1,0,80.89599758386612,4,4,0,1,39,0,0,40,92.21
1195,2,0,2,0,9.216000325977802,4,4,0,1,39,0,0,40,92.21
1195,2,0,3,0,8.191999979317188,4,4,0,1,39,0,0,40,92.21
1195,24,0,0,0,8.191999979317188,4,4,0,1,39,0,0,40,55.931
1195,24,0,1,0,63.48799914121628,4,4,0,1,39,0,0,40,55.931
1195,24,0,2,0,9.216000325977802,4,4,0,1,39,0,0,40,55.931
1195,24,0,3,0,4.095999989658594,4,4,0,1,39,0,0,40,55.931
1195,40,0,0,1,8.191999979317188,4,4,0,0,40,0,0,40,1.61
1195,40,0,1,1,60.416001826524734,4,4,0,0,40,0,0,40,1.61
1195,40,0,2,1,9.216000325977802,4,4,0,0,40,0,0,40,1.61
1195,40,0,3,1,4.095999989658594,4,4,0,0,40,0,0,40,1.61
1196,2,0,0,0,17.40800030529499,2,2,0,1,19,0,0,20,52.32
1196,2,0,1,0,49.15200173854828,2,2,0,1,19,0,0,20,52.32
1196,2,0,2,0,8.191999979317188,2,2,0,1,19,0,0,20,52.32
1196,2,0,3,0,5.119999870657921,2,2,0,1,19,0,0,20,52.32
1196,24,0,0,0,9.216000325977802,2,2,0,0,20,0,0,20,0.689
1196,24,0,1,0,52.22399905323982,2,2,0,0,20,0,0,20,0.689
1196,24,0,2,0,9.216000325977802,2,2,0,0,20,0,0,20,0.689
1196,24,0,3,0,4.095999989658594,2,2,0,0,20,0,0,20,0.689
1196,40,0,0,1,16.383999958634377,2,2,0,0,20,0,0,20,0.591
1196,40,0,1,1,41.98399931192398,2,2,0,0,20,0,0,20,0.591
1196,40,0,2,1,9.216000325977802,2,2,0,0,20,0,0,20,0.591
1196,40,0,3,1,4.095999989658594,2,2,0,0,20,0,0,20,0.591
1197,2,0,0,0,9.216000325977802,4,4,0,1,39,0,0,40,56.57
1197,2,0,1,0,89.08800035715103,4,4,0,1,39,0,0,40,56.57
1197,2,0,2,0,9.216000325977802,4,4,0,1,39,0,0,40,56.57
1197,2,0,3,0,8.191999979317188,4,4,0,1,39,0,0,40,56.57
1197,24,0,0,0,8.191999979317188,4,4,0,0,40,0,0,40,1.39
1197,24,0,1,0,75.77600330114365,4,4,0,0,40,0,0,40,1.39
1197,24,0,2,0,9.216000325977802,4,4,0,0,40,0,0,40,1.39
1197,24,0,3,0,5.119999870657921,4,4,0,0,40,0,0,40,1.39
1197,40,0,0,1,9.216000325977802,4,4,0,0,40,0,0,40,1.829
1197,40,0,1,1,83.96799862384796,4,4,0,0,40,0,0,40,1.829
1197,40,0,2,1,9.216000325977802,4,4,0,0,40,0,0,40,1.829
1197,40,0,3,1,4.095999989658594,4,4,0,0,40,0,0,40,1.829
1198,2,0,0,0,9.216000325977802,4,4,0,0,40,0,0,40,1.52
1198,2,0,1,0,72.7040022611618,4,4,0,0,40,0,0,40,1.52
1198,2,0,2,0,9.216000325977802,4,4,0,0,40,0,0,40,1.52
1198,2,0,3,0,5.119999870657921,4,4,0,0,40,0,0,40,1.52
1198,24,0,0,0,7.168000098317862,4,4,0,2,38,0,0,40,163.21
1198,24,0,1,0,82.94399827718735,4,4,0,2,38,0,0,40,163.21
1198,24,0,2,0,9.216000325977802,4,4,0,2,38,0,0,40,163.21
1198,24,0,3,0,62.463998794555664,4,4,0,2,38,0,0,40,163.21
1198,40,0,0,1,15.359999611973763,4,4,0,1,39,0,0,40,62.28
1198,40,0,1,1,77.82399654388428,4,4,0,1,39,0,0,40,62.28
1198,40,0,2,1,9.216000325977802,4,4,0,1,39,0,0,40,62.28
1198,40,0,3,1,4.095999989658594,4,4,0,1,39,0,0,40,62.28
1199,2,0,0,0,14.336000196635723,4,4,0,0,40,0,0,40,1.43
1199,2,0,1,0,86.01599931716919,4,4,0,0,40,0,0,40,1.43
1199,2,0,2,0,8.191999979317188,4,4,0,0,40,0,0,40,1.43
1199,2,0,3,0,5.119999870657921,4,4,0,0,40,0,0,40,1.43
1199,24,0,0,0,7.168000098317862,4,4,0,0,40,0,0,40,1.45
1199,24,0,1,0,77.82399654388428,4,4,0,0,40,0,0,40,1.45
1199,24,0,2,0,9.216000325977802,4,4,0,0,40,0,0,40,1.45
1199,24,0,3,0,4.095999989658594,4,4,0,0,40,0,0,40,1.45
1199,40,0,0,1,9.216000325977802,4,4,0,0,40,0,0,40,1.4
1199,40,0,1,1,72.7040022611618,4,4,0,0,40,0,0,40,1.4
1199,40,0,2,1,10.239999741315842,4,4,0,0,40,0,0,40,1.4
1199,40,0,3,1,4.095999989658594,4,4,0,0,40,0,0,40,1.4
1200,2,0,0,0,8.191999979317188,4,4,0,0,40,0,0,40,1.74
1200,2,0,1,0,88.06400001049042,4,4,0,0,40,0,0,40,1.74
1200,2,0,2,0,9.216000325977802,4,4,0,0,40,0,0,40,1.74
1200,2,0,3,0,7.168000098317862,4,4,0,0,40,0,0,40,1.74
1200,24,0,0,0,7.168000098317862,4,4,0,1,39,0,0,40,61.3
1200,24,0,1,0,93.18400174379349,4,4,0,1,39,0,0,40,61.3
1200,24,0,2,0,9.216000325977802,4,4,0,1,39,0,0,40,61.3
1200,24,0,3,0,4.095999989658594,4,4,0,1,39,0,0,40,61.3
1200,40,0,0,1,15.359999611973763,4,4,0,1,39,0,0,40,60.149
1200,40,0,1,1,101.3759970664978,4,4,0,1,39,0,0,40,60.149
1200,40,0,2,1,8.191999979317188,4,4,0,1,39,0,0,40,60.149
1200,40,0,3,1,4.095999989658594,4,4,0,1,39,0,0,40,60.149
1201,2,0,0,0,9.216000325977802,4,4,0,0,40,0,0,40,1.409
1201,2,0,1,0,73.72800260782242,4,4,0,0,40,0,0,40,1.409
1201,2,0,2,0,8.191999979317188,4,4,0,0,40,0,0,40,1.409
1201,2,0,3,0,8.191999979317188,4,4,0,0,40,0,0,40,1.409
1201,24,0,0,0,8.191999979317188,4,4,0,0,40,0,0,40,1.56
1201,24,0,1,0,87.0399996638298,4,4,0,0,40,0,0,40,1.56
1201,24,0,2,0,9.216000325977802,4,4,0,0,40,0,0,40,1.56
1201,24,0,3,0,4.095999989658594,4,4,0,0,40,0,0,40,1.56
1201,40,0,0,1,8.191999979317188,4,4,0,0,40,0,0,40,1.36
1201,40,0,1,1,77.82399654388428,4,4,0,0,40,0,0,40,1.36
1201,40,0,2,1,8.191999979317188,4,4,0,0,40,0,0,40,1.36
1201,40,0,3,1,4.095999989658594,4,4,0,0,40,0,0,40,1.36
1202,2,0,0,0,8.191999979317188,4,4,0,3,36,1,0,40,138.1
1202,2,0,1,0,76.80000364780426,4,4,0,3,36,1,0,40,138.1
1202,2,0,2,0,165.8879965543747,4,4,0,3,36,1,0,40,138.1
1202,2,0,3,0,6.144000217318535,4,4,0,3,36,1,0,40,138.1
1202,24,0,0,0,9.216000325977802,4,4,0,0,40,0,0,40,1.63
1202,24,0,1,0,75.77600330114365,4,4,0,0,40,0,0,40,1.63
1202,24,0,2,0,9.216000325977802,4,4,0,0,40,0,0,40,1.63
1202,24,0,3,0,4.095999989658594,4,4,0,0,40,0,0,40,1.63
1202,40,0,0,1,8.191999979317188,4,4,0,0,40,0,0,40,1.56
1202,40,0,1,1,84.99199897050858,4,4,0,0,40,0,0,40,1.56
1202,40,0,2,1,8.191999979317188,4,4,0,0,40,0,0,40,1.56
1202,40,0,3,1,4.095999989658594,4,4,0,0,40,0,0,40,1.56
1203,2,0,0,0,9.216000325977802,4,4,0,0,40,0,0,40,1.43
1203,2,0,1,0,60.416001826524734,4,4,0,0,40,0,0,40,1.43
1203,2,0,2,0,8.191999979317188,4,4,0,0,40,0,0,40,1.43
1203,2,0,3,0,5.119999870657921,4,4,0,0,40,0,0,40,1.43
1203,24,0,0,0,327.67999172210693,4,4,0,3,37,0,0,40,137.51
1203,24,0,1,0,69.63200122117996,4,4,0,3,37,0,0,40,137.51
1203,24,0,2,0,9.216000325977802,4,4,0,3,37,0,0,40,137.51
1203,24,0,3,0,50.175998359918594,4,4,0,3,37,0,0,40,137.51
1203,40,0,0,1,9.216000325977802,4,4,0,0,40,0,0,40,1.63
1203,40,0,1,1,80.89599758386612,4,4,0,0,40,0,0,40,1.63
1203,40,0,2,1,9.216000325977802,4,4,0,0,40,0,0,40,1.63
1203,40,0,3,1,4.095999989658594,4,4,0,0,40,0,0,40,1.63
1204,2,0,0,0,8.191999979317188,4,4,0,0,40,0,0,40,1.94
1204,2,0,1,0,87.0399996638298,4,4,0,0,40,0,0,40,1.94
1204,2,0,2,0,9.216000325977802,4,4,0,0,40,0,0,40,1.94
1204,2,0,3,0,5.119999870657921,4,4,0,0,40,0,0,40,1.94
1204,24,0,0,0,8.191999979317188,4,4,0,1,39,0,0,40,56.789
1204,24,0,1,0,82.94399827718735,4,4,0,1,39,0,0,40,56.789
1204,24,0,2,0,9.216000325977802,4,4,0,1,39,0,0,40,56.789
1204,24,0,3,0,4.095999989658594,4,4,0,1,39,0,0,40,56.789
1204,40,0,0,1,8.191999979317188,4,4,0,0,40,0,0,40,1.86
1204,40,0,1,1,71.68000191450119,4,4,0,0,40,0,0,40,1.86
1204,40,0,2,1,8.191999979317188,4,4,0,0,40,0,0,40,1.86
1204,40,0,3,1,4.095999989658594,4,4,0,0,40,0,0,40,1.86
1205,2,0,0,0,14.336000196635723,4,4,0,0,40,0,0,40,2.0
1205,2,0,1,0,93.18400174379349,4,4,0,0,40,0,0,40,2.0
1205,2,0,2,0,9.216000325977802,4,4,0,0,40,0,0,40,2.0
1205,2,0,3,0,5.119999870657921,4,4,0,0,40,0,0,40,2.0
1205,24,0,0,0,8.191999979317188,4,4,0,0,40,0,0,40,1.56
1205,24,0,1,0,69.63200122117996,4,4,0,0,40,0,0,40,1.56
1205,24,0,2,0,9.216000325977802,4,4,0,0,40,0,0,40,1.56
1205,24,0,3,0,4.095999989658594,4,4,0,0,40,0,0,40,1.56
1205,40,0,0,1,9.216000325977802,4,4,0,0,40,0,0,40,1.329
1205,40,0,1,1,62.463998794555664,4,4,0,0,40,0,0,40,1.329
1205,40,0,2,1,9.216000325977802,4,4,0,0,40,0,0,40,1.329
1205,40,0,3,1,4.095999989658594,4,4,0,0,40,0,0,40,1.329
1206,2,0,0,0,9.216000325977802,4,4,0,2,38,0,0,40,89.13
1206,2,0,1,0,87.0399996638298,4,4,0,2,38,0,0,40,89.13
1206,2,0,2,0,9.216000325977802,4,4,0,2,38,0,0,40,89.13
1206,2,0,3,0,5.119999870657921,4,4,0,2,38,0,0,40,89.13
1206,24,0,0,0,8.191999979317188,4,4,0,3,37,0,0,40,167.32
1206,24,0,1,0,65.5359998345375,4,4,0,3,37,0,0,40,167.32
1206,24,0,2,0,8.191999979317188,4,4,0,3,37,0,0,40,167.32
1206,24,0,3,0,82.94399827718735,4,4,0,3,37,0,0,40,167.32
1206,40,0,0,1,15.359999611973763,4,4,0,1,39,0,0,40,74.029
1206,40,0,1,1,65.5359998345375,4,4,0,1,39,0,0,40,74.029
1206,40,0,2,1,9.216000325977802,4,4,0,1,39,0,0,40,74.029
1206,40,0,3,1,4.095999989658594,4,4,0,1,39,0,0,40,74.029
1207,2,0,0,0,9.216000325977802,4,4,0,0,40,0,0,40,1.75
1207,2,0,1,0,79.8719972372055,4,4,0,0,40,0,0,40,1.75
1207,2,0,2,0,9.216000325977802,4,4,0,0,40,0,0,40,1.75
1207,2,0,3,0,5.119999870657921,4,4,0,0,40,0,0,40,1.75
1207,24,0,0,0,8.191999979317188,4,4,0,3,37,0,0,40,55.229
1207,24,0,1,0,53.247999399900436,4,4,0,3,37,0,0,40,55.229
1207,24,0,2,0,9.216000325977802,4,4,0,3,37,0,0,40,55.229
1207,24,0,3,0,4.095999989658594,4,4,0,3,37,0,0,40,55.229
1207,40,0,0,1,16.383999958634377,4,4,0,1,39,0,0,40,59.37
1207,40,0,1,1,69.63200122117996,4,4,0,1,39,0,0,40,59.37
1207,40,0,2,1,8.191999979317188,4,4,0,1,39,0,0,40,59.37
1207,40,0,3,1,4.095999989658594,4,4,0,1,39,0,0,40,59.37
1208,2,0,0,0,9.216000325977802,4,4,0,1,39,0,0,40,58.419
1208,2,0,1,0,76.80000364780426,4,4,0,1,39,0,0,40,58.419
1208,2,0,2,0,8.191999979317188,4,4,0,1,39,0,0,40,58.419
1208,2,0,3,0,4.095999989658594,4,4,0,1,39,0,0,40,58.419
1208,24,0,0,0,8.191999979317188,4,4,0,1,39,0,0,40,51.819
1208,24,0,1,0,75.77600330114365,4,4,0,1,39,0,0,40,51.819
1208,24,0,2,0,8.191999979317188,4,4,0,1,39,0,0,40,51.819
1208,24,0,3,0,4.095999989658594,4,4,0,1,39,0,0,40,51.819
1208,40,0,0,1,9.216000325977802,4,4,0,0,40,0,0,40,1.61
1208,40,0,1,1,101.3759970664978,4,4,0,0,40,0,0,40,1.61
1208,40,0,2,1,9.216000325977802,4,4,0,0,40,0,0,40,1.61
1208,40,0,3,1,4.095999989658594,4,4,0,0,40,0,0,40,1.61
1209,2,0,0,0,9.216000325977802,4,4,0,0,40,0,0,40,1.55
1209,2,0,1,0,77.82399654388428,4,4,0,0,40,0,0,40,1.55
1209,2,0,2,0,9.216000325977802,4,4,0,0,40,0,0,40,1.55
1209,2,0,3,0,5.119999870657921,4,4,0,0,40,0,0,40,1.55
1209,24,0,0,0,8.191999979317188,4,4,0,0,40,0,0,40,1.39
1209,24,0,1,0,73.72800260782242,4,4,0,0,40,0,0,40,1.39
1209,24,0,2,0,9.216000325977802,4,4,0,0,40,0,0,40,1.39
1209,24,0,3,0,4.095999989658594,4,4,0,0,40,0,0,40,1.39
1209,40,0,0,1,582.6560258865356,4,4,0,0,40,0,0,40,583.007
1209,40,0,1,1,60.416001826524734,4,4,0,0,40,0,0,40,583.007
1209,40,0,2,1,9.216000325977802,4,4,0,0,40,0,0,40,583.007
1209,40,0,3,1,4.095999989658594,4,4,0,0,40,0,0,40,583.007
1210,2,0,0,0,9.216000325977802,4,4,0,1,39,0,0,40,53.34
1210,2,0,1,0,69.63200122117996,4,4,0,1,39,0,0,40,53.34
1210,2,0,2,0,9.216000325977802,4,4,0,1,39,0,0,40,53.34
1210,2,0,3,0,6.144000217318535,4,4,0,1,39,0,0,40,53.34
1210,24,0,0,0,8.191999979317188,4,4,0,0,40,0,0,40,1.549
1210,24,0,1,0,70.65600156784058,4,4,0,0,40,0,0,40,1.549
1210,24,0,2,0,9.216000325977802,4,4,0,0,40,0,0,40,1.549
1210,24,0,3,0,4.095999989658594,4,4,0,0,40,0,0,40,1.549
1210,40,0,0,1,15.359999611973763,4,4,0,1,39,0,0,40,57.09
1210,40,0,1,1,62.463998794555664,4,4,0,1,39,0,0,40,57.09
1210,40,0,2,1,9.216000325977802,4,4,0,1,39,0,0,40,57.09
1210,40,0,3,1,4.095999989658594,4,4,0,1,39,0,0,40,57.09
1211,2,0,0,0,8.191999979317188,4,4,0,0,40,0,0,40,1.56
1211,2,0,1,0,80.89599758386612,4,4,0,0,40,0,0,40,1.56
1211,2,0,2,0,9.216000325977802,4,4,0,0,40,0,0,40,1.56
1211,2,0,3,0,5.119999870657921,4,4,0,0,40,0,0,40,1.56
1211,24,0,0,0,8.191999979317188,4,4,0,1,39,0,0,40,50.34
1211,24,0,1,0,71.68000191450119,4,4,0,1,39,0,0,40,50.34
1211,24,0,2,0,9.216000325977802,4,4,0,1,39,0,0,40,50.34
1211,24,0,3,0,4.095999989658594,4,4,0,1,39,0,0,40,50.34
1211,40,0,0,1,8.191999979317188,4,4,0,1,39,0,0,40,56.331
1211,40,0,1,1,81.91999793052673,4,4,0,1,39,0,0,40,56.331
1211,40,0,2,1,9.216000325977802,4,4,0,1,39,0,0,40,56.331
1211,40,0,3,1,4.095999989658594,4,4,0,1,39,0,0,40,56.331
1212,2,0,0,0,9.216000325977802,4,4,0,0,40,0,0,40,1.86
1212,2,0,1,0,83.96799862384796,4,4,0,0,40,0,0,40,1.86
1212,2,0,2,0,8.191999979317188,4,4,0,0,40,0,0,40,1.86
1212,2,0,3,0,6.144000217318535,4,4,0,0,40,0,0,40,1.86
1212,24,0,0,0,13.311999849975109,4,4,0,2,38,0,0,40,88.229
1212,24,0,1,0,71.68000191450119,4,4,0,2,38,0,0,40,88.229
1212,24,0,2,0,8.191999979317188,4,4,0,2,38,0,0,40,88.229
1212,24,0,3,0,4.095999989658594,4,4,0,2,38,0,0,40,88.229
1212,40,0,0,1,8.191999979317188,4,4,0,0,40,0,0,40,1.53
1212,40,0,1,1,72.7040022611618,4,4,0,0,40,0,0,40,1.53
1212,40,0,2,1,9.216000325977802,4,4,0,0,40,0,0,40,1.53
1212,40,0,3,1,3.0720001086592674,4,4,0,0,40,0,0,40,1.53
1213,2,0,0,0,8.191999979317188,4,4,0,2,38,0,0,40,108.149
1213,2,0,1,0,74.75200295448303,4,4,0,2,38,0,0,40,108.149
1213,2,0,2,0,9.216000325977802,4,4,0,2,38,0,0,40,108.149
1213,2,0,3,0,12.28800043463707,4,4,0,2,38,0,0,40,108.149
1213,24,0,0,0,8.191999979317188,4,4,0,1,39,0,0,40,128.869
1213,24,0,1,0,76.80000364780426,4,4,0,1,39,0,0,40,128.869
1213,24,0,2,0,8.191999979317188,4,4,0,1,39,0,0,40,128.869
1213,24,0,3,0,31.74399957060814,4,4,0,1,39,0,0,40,128.869
1213,40,0,0,1,8.191999979317188,4,4,0,0,40,0,0,40,1.68
1213,40,0,1,1,95.23200243711472,4,4,0,0,40,0,0,40,1.68
1213,40,0,2,1,9.216000325977802,4,4,0,0,40,0,0,40,1.68
1213,40,0,3,1,4.095999989658594,4,4,0,0,40,0,0,40,1.68
1214,2,0,0,0,8.191999979317188,4,4,0,0,40,0,0,40,1.591
1214,2,0,1,0,93.18400174379349,4,4,0,0,40,0,0,40,1.591
1214,2,0,2,0,8.191999979317188,4,4,0,0,40,0,0,40,1.591
1214,2,0,3,0,6.144000217318535,4,4,0,0,40,0,0,40,1.591
1214,24,0,0,0,8.191999979317188,4,4,0,0,40,0,0,40,1.449
1214,24,0,1,0,89.08800035715103,4,4,0,0,40,0,0,40,1.449
1214,24,0,2,0,9.216000325977802,4,4,0,0,40,0,0,40,1.449
1214,24,0,3,0,4.095999989658594,4,4,0,0,40,0,0,40,1.449
1214,40,0,0,1,8.191999979317188,4,4,0,2,38,0,0,40,106.88
1214,40,0,1,1,73.72800260782242,4,4,0,2,38,0,0,40,106.88
1214,40,0,2,1,10.239999741315842,4,4,0,2,38,0,0,40,106.88
1214,40,0,3,1,10.239999741315842,4,4,0,2,38,0,0,40,106.88
1215,2,0,0,0,9.216000325977802,4,4,0,0,40,0,0,40,1.549
1215,2,0,1,0,92.16000139713287,4,4,0,0,40,0,0,40,1.549
1215,2,0,2,0,8.191999979317188,4,4,0,0,40,0,0,40,1.549
1215,2,0,3,0,5.119999870657921,4,4,0,0,40,0,0,40,1.549
1215,24,0,0,0,8.191999979317188,4,4,0,0,40,0,0,40,1.81
1215,24,0,1,0,92.16000139713287,4,4,0,0,40,0,0,40,1.81
1215,24,0,2,0,8.191999979317188,4,4,0,0,40,0,0,40,1.81
1215,24,0,3,0,4.095999989658594,4,4,0,0,40,0,0,40,1.81
1215,40,0,0,1,14.336000196635723,4,4,0,0,40,0,0,40,1.78
1215,40,0,1,1,96.25600278377533,4,4,0,0,40,0,0,40,1.78
1215,40,0,2,1,9.216000325977802,4,4,0,0,40,0,0,40,1.78
1215,40,0,3,1,4.095999989658594,4,4,0,0,40,0,0,40,1.78
1216,2,0,0,0,14.336000196635723,4,4,0,2,38,0,0,40,82.91
1216,2,0,1,0,77.82399654388428,4,4,0,2,38,0,0,40,82.91
1216,2,0,2,0,9.216000325977802,4,4,0,2,38,0,0,40,82.91
1216,2,0,3,0,5.119999870657921,4,4,0,2,38,0,0,40,82.91
1216,24,0,0,0,8.191999979317188,4,4,0,1,39,0,0,40,54.349
1216,24,0,1,0,73.72800260782242,4,4,0,1,39,0,0,40,54.349
1216,24,0,2,0,9.216000325977802,4,4,0,1,39,0,0,40,54.349
1216,24,0,3,0,4.095999989658594,4,4,0,1,39,0,0,40,54.349
1216,40,0,0,1,9.216000325977802,4,4,0,1,39,0,0,40,61.589
1216,40,0,1,1,90.11200070381165,4,4,0,1,39,0,0,40,61.589
1216,40,0,2,1,8.191999979317188,4,4,0,1,39,0,0,40,61.589
1216,40,0,3,1,4.095999989658594,4,4,0,1,39,0,0,40,61.589
1217,2,0,0,0,9.216000325977802,4,4,0,0,40,0,0,40,1.59
1217,2,0,1,0,90.11200070381165,4,4,0,0,40,0,0,40,1.59
1217,2,0,2,0,8.191999979317188,4,4,0,0,40,0,0,40,1.59
1217,2,0,3,0,5.119999870657921,4,4,0,0,40,0,0,40,1.59
1217,24,0,0,0,8.191999979317188,4,4,0,2,38,0,0,40,56.031
1217,24,0,1,0,77.82399654388428,4,4,0,2,38,0,0,40,56.031
1217,24,0,2,0,9.216000325977802,4,4,0,2,38,0,0,40,56.031
1217,24,0,3,0,4.095999989658594,4,4,0,2,38,0,0,40,56.031
1217,40,0,0,1,8.191999979317188,4,4,0,1,39,0,0,40,59.799
1217,40,0,1,1,77.82399654388428,4,4,0,1,39,0,0,40,59.799
1217,40,0,2,1,8.191999979317188,4,4,0,1,39,0,0,40,59.799
1217,40,0,3,1,4.095999989658594,4,4,0,1,39,0,0,40,59.799
1218,2,0,0,0,9.216000325977802,4,4,0,0,40,0,0,40,1.871
1218,2,0,1,0,82.94399827718735,4,4,0,0,40,0,0,40,1.871
1218,2,0,2,0,9.216000325977802,4,4,0,0,40,0,0,40,1.871
1218,2,0,3,0,5.119999870657921,4,4,0,0,40,0,0,40,1.871
1218,24,0,0,0,8.191999979317188,4,4,0,3,37,0,0,40,82.379
1218,24,0,1,0,62.463998794555664,4,4,0,3,37,0,0,40,82.379
1218,24,0,2,0,9.216000325977802,4,4,0,3,37,0,0,40,82.379
1218,24,0,3,0,9.216000325977802,4,4,0,3,37,0,0,40,82.379
1218,40,0,0,1,9.216000325977802,4,4,0,0,40,0,0,40,1.469
1218,40,0,1,1,75.77600330114365,4,4,0,0,40,0,0,40,1.469
1218,40,0,2,1,8.191999979317188,4,4,0,0,40,0,0,40,1.469
1218,40,0,3,1,4.095999989658594,4,4,0,0,40,0,0,40,1.469
1219,2,0,0,0,8.191999979317188,4,4,0,1,39,0,0,40,55.59
1219,2,0,1,0,89.08800035715103,4,4,0,1,39,0,0,40,55.59
1219,2,0,2,0,8.191999979317188,4,4,0,1,39,0,0,40,55.59
1219,2,0,3,0,5.119999870657921,4,4,0,1,39,0,0,40,55.59
1219,24,0,0,0,8.191999979317188,4,4,0,2,38,0,0,40,72.61
1219,24,0,1,0,77.82399654388428,4,4,0,2,38,0,0,40,72.61
1219,24,0,2,0,9.216000325977802,4,4,0,2,38,0,0,40,72.61
1219,24,0,3,0,4.095999989658594,4,4,0,2,38,0,0,40,72.61
1219,40,0,0,1,8.191999979317188,4,4,0,0,40,0,0,40,1.59
1219,40,0,1,1,81.91999793052673,4,4,0,0,40,0,0,40,1.59
1219,40,0,2,1,8.191999979317188,4,4,0,0,40,0,0,40,1.59
1219,40,0,3,1,4.095999989658594,4,4,0,0,40,0,0,40,1.59
1220,2,0,0,0,8.191999979317188,4,4,0,0,40,0,0,40,1.7
1220,2,0,1,0,87.0399996638298,4,4,0,0,40,0,0,40,1.7
1220,2,0,2,0,9.216000325977802,4,4,0,0,40,0,0,40,1.7
1220,2,0,3,0,5.119999870657921,4,4,0,0,40,0,0,40,1.7
1220,24,0,0,0,8.191999979317188,4,4,0,3,36,1,0,40,126.879
1220,24,0,1,0,74.75200295448303,4,4,0,3,36,1,0,40,126.879
1220,24,0,2,0,163.83999586105347,4,4,0,3,36,1,0,40,126.879
1220,24,0,3,0,4.095999989658594,4,4,0,3,36,1,0,40,126.879
1220,40,0,0,1,8.191999979317188,4,4,0,1,39,0,0,40,59.71
1220,40,0,1,1,81.91999793052673,4,4,0,1,39,0,0,40,59.71
1220,40,0,2,1,8.191999979317188,4,4,0,1,39,0,0,40,59.71
1220,40,0,3,1,4.095999989658594,4,4,0,1,39,0,0,40,59.71
1221,2,0,0,0,10.239999741315842,1,1,0,0,10,0,0,10,0.42
1221,2,0,1,0,32.76799991726875,1,1,0,0,10,0,0,10,0.42
1221,2,0,2,0,9.216000325977802,1,1,0,0,10,0,0,10,0.42
1221,2,0,3,0,4.095999989658594,1,1,0,0,10,0,0,10,0.42
1221,24,0,0,0,10.239999741315842,1,1,0,1,9,0,0,10,42.05
1221,24,0,1,0,30.719999223947525,1,1,0,1,9,0,0,10,42.05
1221,24,0,2,0,9.216000325977802,1,1,0,1,9,0,0,10,42.05
1221,24,0,3,0,4.095999989658594,1,1,0,1,9,0,0,10,42.05
1221,40,0,0,1,9.216000325977802,1,1,0,0,10,0,0,10,0.291
1221,40,0,1,1,34.81600061058998,1,1,0,0,10,0,0,10,0.291
1221,40,0,2,1,8.191999979317188,1,1,0,0,10,0,0,10,0.291
1221,40,0,3,1,5.119999870657921,1,1,0,0,10,0,0,10,0.291
1222,2,0,0,0,9.216000325977802,4,4,0,2,38,0,0,40,173.83
1222,2,0,1,0,80.89599758386612,4,4,0,2,38,0,0,40,173.83
1222,2,0,2,0,9.216000325977802,4,4,0,2,38,0,0,40,173.83
1222,2,0,3,0,69.63200122117996,4,4,0,2,38,0,0,40,173.83
1222,24,0,0,0,8.191999979317188,4,4,0,0,40,0,0,40,1.44
1222,24,0,1,0,83.96799862384796,4,4,0,0,40,0,0,40,1.44
1222,24,0,2,0,9.216000325977802,4,4,0,0,40,0,0,40,1.44
1222,24,0,3,0,4.095999989658594,4,4,0,0,40,0,0,40,1.44
1222,40,0,0,1,8.191999979317188,4,4,0,0,40,0,0,40,1.749
1222,40,0,1,1,90.11200070381165,4,4,0,0,40,0,0,40,1.749
1222,40,0,2,1,9.216000325977802,4,4,0,0,40,0,0,40,1.749
1222,40,0,3,1,4.095999989658594,4,4,0,0,40,0,0,40,1.749
1223,2,0,0,0,9.216000325977802,4,4,0,0,40,0,0,40,1.88
1223,2,0,1,0,68.60800087451935,4,4,0,0,40,0,0,40,1.88
1223,2,0,2,0,9.216000325977802,4,4,0,0,40,0,0,40,1.88
1223,2,0,3,0,5.119999870657921,4,4,0,0,40,0,0,40,1.88
1223,24,0,0,0,7.168000098317862,4,4,0,0,40,0,0,40,1.36
1223,24,0,1,0,78.84799689054489,4,4,0,0,40,0,0,40,1.36
1223,24,0,2,0,9.216000325977802,4,4,0,0,40,0,0,40,1.36
1223,24,0,3,0,4.095999989658594,4,4,0,0,40,0,0,40,1.36
1223,40,0,0,1,9.216000325977802,4,4,0,0,40,0,0,40,1.53
1223,40,0,1,1,73.72800260782242,4,4,0,0,40,0,0,40,1.53
1223,40,0,2,1,9.216000325977802,4,4,0,0,40,0,0,40,1.53
1223,40,0,3,1,4.095999989658594,4,4,0,0,40,0,0,40,1.53
1224,2,0,0,0,9.216000325977802,2,2,0,0,20,0,0,20,0.73
1224,2,0,1,0,51.19999870657921,2,2,0,0,20,0,0,20,0.73
1224,2,0,2,0,9.216000325977802,2,2,0,0,20,0,0,20,0.73
1224,2,0,3,0,5.119999870657921,2,2,0,0,20,0,0,20,0.73
1224,24,0,0,0,8.191999979317188,2,2,0,0,20,0,0,20,0.68
1224,24,0,1,0,50.175998359918594,2,2,0,0,20,0,0,20,0.68
1224,24,0,2,0,8.191999979317188,2,2,0,0,20,0,0,20,0.68
1224,24,0,3,0,4.095999989658594,2,2,0,0,20,0,0,20,0.68
1224,40,0,0,1,10.239999741315842,2,2,0,0,20,0,0,20,0.65
1224,40,0,1,1,38.91199827194214,2,2,0,0,20,0,0,20,0.65
1224,40,0,2,1,9.216000325977802,2,2,0,0,20,0,0,20,0.65
1224,40,0,3,1,5.119999870657921,2,2,0,0,20,0,0,20,0.65
1225,2,0,0,0,9.216000325977802,2,2,0,0,20,0,0,20,0.68
1225,2,0,1,0,51.19999870657921,2,2,0,0,20,0,0,20,0.68
1225,2,0,2,0,9.216000325977802,2,2,0,0,20,0,0,20,0.68
1225,2,0,3,0,5.119999870657921,2,2,0,0,20,0,0,20,0.68
1225,24,0,0,0,8.191999979317188,2,2,0,0,20,0,0,20,0.589
1225,24,0,1,0,57.34400078654289,2,2,0,0,20,0,0,20,0.589
1225,24,0,2,0,8.191999979317188,2,2,0,0,20,0,0,20,0.589
1225,24,0,3,0,4.095999989658594,2,2,0,0,20,0,0,20,0.589
1225,40,0,0,1,8.191999979317188,2,2,0,0,20,0,0,20,0.75
1225,40,0,1,1,48.128001391887665,2,2,0,0,20,0,0,20,0.75
1225,40,0,2,1,9.216000325977802,2,2,0,0,20,0,0,20,0.75
1225,40,0,3,1,4.095999989658594,2,2,0,0,20,0,0,20,0.75
1226,2,0,0,0,10.239999741315842,4,4,0,0,40,0,0,40,1.43
1226,2,0,1,0,75.77600330114365,4,4,0,0,40,0,0,40,1.43
1226,2,0,2,0,9.216000325977802,4,4,0,0,40,0,0,40,1.43
1226,2,0,3,0,5.119999870657921,4,4,0,0,40,0,0,40,1.43
1226,24,0,0,0,8.191999979317188,4,4,0,0,40,0,0,40,1.58
1226,24,0,1,0,87.0399996638298,4,4,0,0,40,0,0,40,1.58
1226,24,0,2,0,9.216000325977802,4,4,0,0,40,0,0,40,1.58
1226,24,0,3,0,4.095999989658594,4,4,0,0,40,0,0,40,1.58
1226,40,0,0,1,8.191999979317188,4,4,0,0,40,0,0,40,1.87
1226,40,0,1,1,77.82399654388428,4,4,0,0,40,0,0,40,1.87
1226,40,0,2,1,9.216000325977802,4,4,0,0,40,0,0,40,1.87
1226,40,0,3,1,4.095999989658594,4,4,0,0,40,0,0,40,1.87
1227,2,0,0,0,9.216000325977802,4,4,0,0,40,0,0,40,1.71
1227,2,0,1,0,83.96799862384796,4,4,0,0,40,0,0,40,1.71
1227,2,0,2,0,9.216000325977802,4,4,0,0,40,0,0,40,1.71
1227,2,0,3,0,5.119999870657921,4,4,0,0,40,0,0,40,1.71
1227,24,0,0,0,8.191999979317188,4,4,0,1,39,0,0,40,48.189
1227,24,0,1,0,84.99199897050858,4,4,0,1,39,0,0,40,48.189
1227,24,0,2,0,9.216000325977802,4,4,0,1,39,0,0,40,48.189
1227,24,0,3,0,4.095999989658594,4,4,0,1,39,0,0,40,48.189
1227,40,0,0,1,15.359999611973763,4,4,0,1,39,0,0,40,57.831
1227,40,0,1,1,78.84799689054489,4,4,0,1,39,0,0,40,57.831
1227,40,0,2,1,8.191999979317188,4,4,0,1,39,0,0,40,57.831
1227,40,0,3,1,4.095999989658594,4,4,0,1,39,0,0,40,57.831
1228,2,0,0,0,14.336000196635723,4,4,0,3,37,0,0,40,185.879
1228,2,0,1,0,77.82399654388428,4,4,0,3,37,0,0,40,185.879
1228,2,0,2,0,9.216000325977802,4,4,0,3,37,0,0,40,185.879
1228,2,0,3,0,79.8719972372055,4,4,0,3,37,0,0,40,185.879
1228,24,0,0,0,8.191999979317188,4,4,0,0,40,0,0,40,1.471
1228,24,0,1,0,89.08800035715103,4,4,0,0,40,0,0,40,1.471
1228,24,0,2,0,9.216000325977802,4,4,0,0,40,0,0,40,1.471
1228,24,0,3,0,4.095999989658594,4,4,0,0,40,0,0,40,1.471
1228,40,0,0,1,9.216000325977802,4,4,0,0,40,0,0,40,2.19
1228,40,0,1,1,97.28000313043594,4,4,0,0,40,0,0,40,2.19
1228,40,0,2,1,9.216000325977802,4,4,0,0,40,0,0,40,2.19
1228,40,0,3,1,5.119999870657921,4,4,0,0,40,0,0,40,2.19
1229,2,0,0,0,15.359999611973763,4,4,0,1,39,0,0,40,71.38
1229,2,0,1,0,89.08800035715103,4,4,0,1,39,0,0,40,71.38
1229,2,0,2,0,9.216000325977802,4,4,0,1,39,0,0,40,71.38
1229,2,0,3,0,5.119999870657921,4,4,0,1,39,0,0,40,71.38
1229,24,0,0,0,7.168000098317862,4,4,0,1,39,0,0,40,76.13
1229,24,0,1,0,74.75200295448303,4,4,0,1,39,0,0,40,76.13
1229,24,0,2,0,8.191999979317188,4,4,0,1,39,0,0,40,76.13
1229,24,0,3,0,4.095999989658594,4,4,0,1,39,0,0,40,76.13
1229,40,0,0,1,8.191999979317188,4,4,0,0,40,0,0,40,1.731
1229,40,0,1,1,66.56000018119812,4,4,0,0,40,0,0,40,1.731
1229,40,0,2,1,9.216000325977802,4,4,0,0,40,0,0,40,1.731
1229,40,0,3,1,4.095999989658594,4,4,0,0,40,0,0,40,1.731
1230,2,0,0,0,16.383999958634377,4,4,0,1,39,0,0,40,53.269
1230,2,0,1,0,84.99199897050858,4,4,0,1,39,0,0,40,53.269
1230,2,0,2,0,9.216000325977802,4,4,0,1,39,0,0,40,53.269
1230,2,0,3,0,6.144000217318535,4,4,0,1,39,0,0,40,53.269
1230,24,0,0,0,8.191999979317188,4,4,0,1,39,0,0,40,52.78
1230,24,0,1,0,88.06400001049042,4,4,0,1,39,0,0,40,52.78
1230,24,0,2,0,10.239999741315842,4,4,0,1,39,0,0,40,52.78
1230,24,0,3,0,4.095999989658594,4,4,0,1,39,0,0,40,52.78
1230,40,0,0,1,9.216000325977802,4,4,0,0,40,0,0,40,1.52
1230,40,0,1,1,92.16000139713287,4,4,0,0,40,0,0,40,1.52
1230,40,0,2,1,8.191999979317188,4,4,0,0,40,0,0,40,1.52
1230,40,0,3,1,4.095999989658594,4,4,0,0,40,0,0,40,1.52
1231,2,0,0,0,14.336000196635723,4,4,0,0,40,0,0,40,1.751
1231,2,0,1,0,89.08800035715103,4,4,0,0,40,0,0,40,1.751
1231,2,0,2,0,9.216000325977802,4,4,0,0,40,0,0,40,1.751
1231,2,0,3,0,6.144000217318535,4,4,0,0,40,0,0,40,1.751
1231,24,0,0,0,15.359999611973763,4,4,0,0,40,0,0,40,1.4
1231,24,0,1,0,89.08800035715103,4,4,0,0,40,0,0,40,1.4
1231,24,0,2,0,8.191999979317188,4,4,0,0,40,0,0,40,1.4
1231,24,0,3,0,4.095999989658594,4,4,0,0,40,0,0,40,1.4
1231,40,0,0,1,8.191999979317188,4,4,0,0,40,0,0,40,1.74
1231,40,0,1,1,97.28000313043594,4,4,0,0,40,0,0,40,1.74
1231,40,0,2,1,9.216000325977802,4,4,0,0,40,0,0,40,1.74
1231,40,0,3,1,4.095999989658594,4,4,0,0,40,0,0,40,1.74
1232,2,0,0,0,15.359999611973763,4,4,0,3,36,1,0,40,149.87
1232,2,0,1,0,78.84799689054489,4,4,0,3,36,1,0,40,149.87
1232,2,0,2,0,162.81600296497345,4,4,0,3,36,1,0,40,149.87
1232,2,0,3,0,5.119999870657921,4,4,0,3,36,1,0,40,149.87
1232,24,0,0,0,8.191999979317188,4,4,0,1,39,0,0,40,56.46
1232,24,0,1,0,84.99199897050858,4,4,0,1,39,0,0,40,56.46
1232,24,0,2,0,9.216000325977802,4,4,0,1,39,0,0,40,56.46
1232,24,0,3,0,4.095999989658594,4,4,0,1,39,0,0,40,56.46
1232,40,0,0,1,8.191999979317188,4,4,0,0,40,0,0,40,1.46
1232,40,0,1,1,95.23200243711472,4,4,0,0,40,0,0,40,1.46
1232,40,0,2,1,9.216000325977802,4,4,0,0,40,0,0,40,1.46
1232,40,0,3,1,4.095999989658594,4,4,0,0,40,0,0,40,1.46
1233,2,0,0,0,9.216000325977802,4,4,0,1,39,0,0,40,45.911
1233,2,0,1,0,80.89599758386612,4,4,0,1,39,0,0,40,45.911
1233,2,0,2,0,9.216000325977802,4,4,0,1,39,0,0,40,45.911
1233,2,0,3,0,5.119999870657921,4,4,0,1,39,0,0,40,45.911
1233,24,0,0,0,9.216000325977802,4,4,0,2,38,0,0,40,87.39
1233,24,0,1,0,86.01599931716919,4,4,0,2,38,0,0,40,87.39
1233,24,0,2,0,9.216000325977802,4,4,0,2,38,0,0,40,87.39
1233,24,0,3,0,4.095999989658594,4,4,0,2,38,0,0,40,87.39
1233,40,0,0,1,9.216000325977802,4,4,0,0,40,0,0,40,1.591
1233,40,0,1,1,84.99199897050858,4,4,0,0,40,0,0,40,1.591
1233,40,0,2,1,9.216000325977802,4,4,0,0,40,0,0,40,1.591
1233,40,0,3,1,4.095999989658594,4,4,0,0,40,0,0,40,1.591
1234,2,0,0,0,9.216000325977802,4,4,0,0,40,0,0,40,1.72
1234,2,0,1,0,76.80000364780426,4,4,0,0,40,0,0,40,1.72
1234,2,0,2,0,8.191999979317188,4,4,0,0,40,0,0,40,1.72
1234,2,0,3,0,8.191999979317188,4,4,0,0,40,0,0,40,1.72
1234,24,0,0,0,7.168000098317862,4,4,0,0,40,0,0,40,2.089
1234,24,0,1,0,76.80000364780426,4,4,0,0,40,0,0,40,2.089
1234,24,0,2,0,9.216000325977802,4,4,0,0,40,0,0,40,2.089
1234,24,0,3,0,4.095999989658594,4,4,0,0,40,0,0,40,2.089
1234,40,0,0,1,8.191999979317188,4,4,0,0,40,0,0,40,1.36
1234,40,0,1,1,94.2080020904541,4,4,0,0,40,0,0,40,1.36
1234,40,0,2,1,9.216000325977802,4,4,0,0,40,0,0,40,1.36
1234,40,0,3,1,4.095999989658594,4,4,0,0,40,0,0,40,1.36
1235,2,0,0,0,8.191999979317188,4,4,0,1,39,0,0,40,55.451
1235,2,0,1,0,66.56000018119812,4,4,0,1,39,0,0,40,55.451
1235,2,0,2,0,8.191999979317188,4,4,0,1,39,0,0,40,55.451
1235,2,0,3,0,6.144000217318535,4,4,0,1,39,0,0,40,55.451
1235,24,0,0,0,7.168000098317862,4,4,0,1,39,0,0,40,51.17
1235,24,0,1,0,74.75200295448303,4,4,0,1,39,0,0,40,51.17
1235,24,0,2,0,10.239999741315842,4,4,0,1,39,0,0,40,51.17
1235,24,0,3,0,4.095999989658594,4,4,0,1,39,0,0,40,51.17
1235,40,0,0,1,8.191999979317188,4,4,0,2,38,0,0,40,109.11
1235,40,0,1,1,89.08800035715103,4,4,0,2,38,0,0,40,109.11
1235,40,0,2,1,9.216000325977802,4,4,0,2,38,0,0,40,109.11
1235,40,0,3,1,6.144000217318535,4,4,0,2,38,0,0,40,109.11
1236,2,0,0,0,9.216000325977802,4,4,0,0,40,0,0,40,1.84
1236,2,0,1,0,91.13600105047226,4,4,0,0,40,0,0,40,1.84
1236,2,0,2,0,9.216000325977802,4,4,0,0,40,0,0,40,1.84
1236,2,0,3,0,6.144000217318535,4,4,0,0,40,0,0,40,1.84
1236,24,0,0,0,9.216000325977802,4,4,0,1,39,0,0,40,51.299
1236,24,0,1,0,79.8719972372055,4,4,0,1,39,0,0,40,51.299
1236,24,0,2,0,9.216000325977802,4,4,0,1,39,0,0,40,51.299
1236,24,0,3,0,4.095999989658594,4,4,0,1,39,0,0,40,51.299
1236,40,0,0,1,8.191999979317188,4,4,0,0,40,0,0,40,1.54
1236,40,0,1,1,74.75200295448303,4,4,0,0,40,0,0,40,1.54
1236,40,0,2,1,9.216000325977802,4,4,0,0,40,0,0,40,1.54
1236,40,0,3,1,4.095999989658594,4,4,0,0,40,0,0,40,1.54
1237,2,0,0,0,9.216000325977802,4,4,0,0,40,0,0,40,1.96
1237,2,0,1,0,91.13600105047226,4,4,0,0,40,0,0,40,1.96
1237,2,0,2,0,9.216000325977802,4,4,0,0,40,0,0,40,1.96
1237,2,0,3,0,7.168000098317862,4,4,0,0,40,0,0,40,1.96
1237,24,0,0,0,8.191999979317188,4,4,0,0,40,0,0,40,1.6
1237,24,0,1,0,90.11200070381165,4,4,0,0,40,0,0,40,1.6
1237,24,0,2,0,9.216000325977802,4,4,0,0,40,0,0,40,1.6
1237,24,0,3,0,4.095999989658594,4,4,0,0,40,0,0,40,1.6
1237,40,0,0,1,14.336000196635723,4,4,0,2,38,0,0,40,102.589
1237,40,0,1,1,72.7040022611618,4,4,0,2,38,0,0,40,102.589
1237,40,0,2,1,9.216000325977802,4,4,0,2,38,0,0,40,102.589
1237,40,0,3,1,4.095999989658594,4,4,0,2,38,0,0,40,102.589
1238,2,0,0,0,14.336000196635723,4,4,0,0,40,0,0,40,1.58
1238,2,0,1,0,88.06400001049042,4,4,0,0,40,0,0,40,1.58
1238,2,0,2,0,9.216000325977802,4,4,0,0,40,0,0,40,1.58
1238,2,0,3,0,5.119999870657921,4,4,0,0,40,0,0,40,1.58
1238,24,0,0,0,9.216000325977802,4,4,0,0,40,0,0,40,1.57
1238,24,0,1,0,71.68000191450119,4,4,0,0,40,0,0,40,1.57
1238,24,0,2,0,9.216000325977802,4,4,0,0,40,0,0,40,1.57
1238,24,0,3,0,3.0720001086592674,4,4,0,0,40,0,0,40,1.57
1238,40,0,0,1,9.216000325977802,4,4,0,2,38,0,0,40,107.59
1238,40,0,1,1,95.23200243711472,4,4,0,2,38,0,0,40,107.59
1238,40,0,2,1,9.216000325977802,4,4,0,2,38,0,0,40,107.59
1238,40,0,3,1,4.095999989658594,4,4,0,2,38,0,0,40,107.59
1239,2,0,0,0,14.336000196635723,4,4,0,1,39,0,0,40,65.52
1239,2,0,1,0,71.68000191450119,4,4,0,1,39,0,0,40,65.52
1239,2,0,2,0,9.216000325977802,4,4,0,1,39,0,0,40,65.52
1239,2,0,3,0,5.119999870657921,4,4,0,1,39,0,0,40,65.52
1239,24,0,0,0,7.168000098317862,4,4,0,2,38,0,0,40,152.699
1239,24,0,1,0,68.60800087451935,4,4,0,2,38,0,0,40,152.699
1239,24,0,2,0,8.191999979317188,4,4,0,2,38,0,0,40,152.699
1239,24,0,3,0,62.463998794555664,4,4,0,2,38,0,0,40,152.699
1239,40,0,0,1,9.216000325977802,4,4,0,0,40,0,0,40,1.531
1239,40,0,1,1,70.65600156784058,4,4,0,0,40,0,0,40,1.531
1239,40,0,2,1,9.216000325977802,4,4,0,0,40,0,0,40,1.531
1239,40,0,3,1,4.095999989658594,4,4,0,0,40,0,0,40,1.531
1240,2,0,0,0,9.216000325977802,4,4,0,0,40,0,0,40,1.86
1240,2,0,1,0,59.39200147986412,4,4,0,0,40,0,0,40,1.86
1240,2,0,2,0,9.216000325977802,4,4,0,0,40,0,0,40,1.86
1240,2,0,3,0,7.168000098317862,4,4,0,0,40,0,0,40,1.86
1240,24,0,0,0,8.191999979317188,4,4,0,1,39,0,0,40,54.359
1240,24,0,1,0,80.89599758386612,4,4,0,1,39,0,0,40,54.359
1240,24,0,2,0,9.216000325977802,4,4,0,1,39,0,0,40,54.359
1240,24,0,3,0,3.0720001086592674,4,4,0,1,39,0,0,40,54.359
1240,40,0,0,1,8.191999979317188,4,4,0,0,40,0,0,40,1.42
1240,40,0,1,1,71.68000191450119,4,4,0,0,40,0,0,40,1.42
1240,40,0,2,1,8.191999979317188,4,4,0,0,40,0,0,40,1.42
1240,40,0,3,1,4.095999989658594,4,4,0,0,40,0,0,40,1.42
1241,2,0,0,0,8.191999979317188,4,4,0,0,40,0,0,40,1.77
1241,2,0,1,0,68.60800087451935,4,4,0,0,40,0,0,40,1.77
1241,2,0,2,0,8.191999979317188,4,4,0,0,40,0,0,40,1.77
1241,2,0,3,0,6.144000217318535,4,4,0,0,40,0,0,40,1.77
1241,24,0,0,0,9.216000325977802,4,4,0,0,40,0,0,40,1.82
1241,24,0,1,0,96.25600278377533,4,4,0,0,40,0,0,40,1.82
1241,24,0,2,0,9.216000325977802,4,4,0,0,40,0,0,40,1.82
1241,24,0,3,0,4.095999989658594,4,4,0,0,40,0,0,40,1.82
1241,40,0,0,1,9.216000325977802,4,4,0,0,40,0,0,40,1.48
1241,40,0,1,1,84.99199897050858,4,4,0,0,40,0,0,40,1.48
1241,40,0,2,1,8.191999979317188,4,4,0,0,40,0,0,40,1.48
1241,40,0,3,1,4.095999989658594,4,4,0,0,40,0,0,40,1.48
1242,2,0,0,0,9.216000325977802,2,2,0,0,20,0,0,20,0.751
1242,2,0,1,0,53.247999399900436,2,2,0,0,20,0,0,20,0.751
1242,2,0,2,0,9.216000325977802,2,2,0,0,20,0,0,20,0.751
1242,2,0,3,0,5.119999870657921,2,2,0,0,20,0,0,20,0.751
1242,24,0,0,0,9.216000325977802,2,2,0,0,20,0,0,20,0.56
1242,24,0,1,0,59.39200147986412,2,2,0,0,20,0,0,20,0.56
1242,24,0,2,0,9.216000325977802,2,2,0,0,20,0,0,20,0.56
1242,24,0,3,0,4.095999989658594,2,2,0,0,20,0,0,20,0.56
1242,40,0,0,1,10.239999741315842,2,2,0,1,19,0,0,20,55.13
1242,40,0,1,1,44.03200000524521,2,2,0,1,19,0,0,20,55.13
1242,40,0,2,1,9.216000325977802,2,2,0,1,19,0,0,20,55.13
1242,40,0,3,1,4.095999989658594,2,2,0,1,19,0,0,20,55.13
1243,2,0,0,0,14.336000196635723,4,4,0,0,40,0,0,40,1.92
1243,2,0,1,0,81.91999793052673,4,4,0,0,40,0,0,40,1.92
1243,2,0,2,0,8.191999979317188,4,4,0,0,40,0,0,40,1.92
1243,2,0,3,0,6.144000217318535,4,4,0,0,40,0,0,40,1.92
1243,24,0,0,0,8.191999979317188,4,4,0,0,40,0,0,40,1.471
1243,24,0,1,0,72.7040022611618,4,4,0,0,40,0,0,40,1.471
1243,24,0,2,0,8.191999979317188,4,4,0,0,40,0,0,40,1.471
1243,24,0,3,0,4.095999989658594,4,4,0,0,40,0,0,40,1.471
1243,40,0,0,1,15.359999611973763,4,4,0,4,36,0,0,40,149.48
1243,40,0,1,1,66.56000018119812,4,4,0,4,36,0,0,40,149.48
1243,40,0,2,1,8.191999979317188,4,4,0,4,36,0,0,40,149.48
1243,40,0,3,1,58.36800113320351,4,4,0,4,36,0,0,40,149.48
1244,2,0,0,0,8.191999979317188,4,4,0,0,40,0,0,40,1.671
1244,2,0,1,0,77.82399654388428,4,4,0,0,40,0,0,40,1.671
1244,2,0,2,0,9.216000325977802,4,4,0,0,40,0,0,40,1.671
1244,2,0,3,0,5.119999870657921,4,4,0,0,40,0,0,40,1.671
1244,24,0,0,0,8.191999979317188,4,4,0,2,38,0,0,40,89.77
1244,24,0,1,0,82.94399827718735,4,4,0,2,38,0,0,40,89.77
1244,24,0,2,0,9.216000325977802,4,4,0,2,38,0,0,40,89.77
1244,24,0,3,0,4.095999989658594,4,4,0,2,38,0,0,40,89.77
1244,40,0,0,1,8.191999979317188,4,4,0,0,40,0,0,40,1.5
1244,40,0,1,1,86.01599931716919,4,4,0,0,40,0,0,40,1.5
1244,40,0,2,1,9.216000325977802,4,4,0,0,40,0,0,40,1.5
1244,40,0,3,1,4.095999989658594,4,4,0,0,40,0,0,40,1.5
1245,2,0,0,0,9.216000325977802,2,2,0,0,20,0,0,20,1.1
1245,2,0,1,0,50.175998359918594,2,2,0,0,20,0,0,20,1.1
1245,2,0,2,0,8.191999979317188,2,2,0,0,20,0,0,20,1.1
1245,2,0,3,0,8.191999979317188,2,2,0,0,20,0,0,20,1.1
1245,24,0,0,0,8.191999979317188,2,2,0,0,20,0,0,20,0.65
1245,24,0,1,0,52.22399905323982,2,2,0,0,20,0,0,20,0.65
1245,24,0,2,0,9.216000325977802,2,2,0,0,20,0,0,20,0.65
1245,24,0,3,0,4.095999989658594,2,2,0,0,20,0,0,20,0.65
1245,40,0,0,1,9.216000325977802,2,2,0,0,20,0,0,20,0.6
1245,40,0,1,1,43.007999658584595,2,2,0,0,20,0,0,20,0.6
1245,40,0,2,1,9.216000325977802,2,2,0,0,20,0,0,20,0.6
1245,40,0,3,1,4.095999989658594,2,2,0,0,20,0,0,20,0.6
1246,2,0,0,0,16.383999958634377,4,4,0,1,39,0,0,40,61.64
1246,2,0,1,0,74.75200295448303,4,4,0,1,39,0,0,40,61.64
1246,2,0,2,0,9.216000325977802,4,4,0,1,39,0,0,40,61.64
1246,2,0,3,0,6.144000217318535,4,4,0,1,39,0,0,40,61.64
1246,24,0,0,0,8.191999979317188,4,4,0,0,40,0,0,40,1.83
1246,24,0,1,0,71.68000191450119,4,4,0,0,40,0,0,40,1.83
1246,24,0,2,0,9.216000325977802,4,4,0,0,40,0,0,40,1.83
1246,24,0,3,0,4.095999989658594,4,4,0,0,40,0,0,40,1.83
1246,40,0,0,1,8.191999979317188,4,4,0,0,40,0,0,40,1.92
1246,40,0,1,1,94.2080020904541,4,4,0,0,40,0,0,40,1.92
1246,40,0,2,1,9.216000325977802,4,4,0,0,40,0,0,40,1.92
1246,40,0,3,1,4.095999989658594,4,4,0,0,40,0,0,40,1.92
1247,2,0,0,0,8.191999979317188,4,4,0,0,40,0,0,40,1.68
1247,2,0,1,0,78.84799689054489,4,4,0,0,40,0,0,40,1.68
1247,2,0,2,0,8.191999979317188,4,4,0,0,40,0,0,40,1.68
1247,2,0,3,0,5.119999870657921,4,4,0,0,40,0,0,40,1.68
1247,24,0,0,0,7.168000098317862,4,4,0,0,40,0,0,40,1.54
1247,24,0,1,0,69.63200122117996,4,4,0,0,40,0,0,40,1.54
1247,24,0,2,0,9.216000325977802,4,4,0,0,40,0,0,40,1.54
1247,24,0,3,0,4.095999989658594,4,4,0,0,40,0,0,40,1.54
1247,40,0,0,1,8.191999979317188,4,4,0,0,40,0,0,40,1.46
1247,40,0,1,1,70.65600156784058,4,4,0,0,40,0,0,40,1.46
1247,40,0,2,1,9.216000325977802,4,4,0,0,40,0,0,40,1.46
1247,40,0,3,1,4.095999989658594,4,4,0,0,40,0,0,40,1.46
1248,2,0,0,0,9.216000325977802,4,4,0,2,38,0,0,40,157.99
1248,2,0,1,0,83.96799862384796,4,4,0,2,38,0,0,40,157.99
1248,2,0,2,0,9.216000325977802,4,4,0,2,38,0,0,40,157.99
1248,2,0,3,0,52.22399905323982,4,4,0,2,38,0,0,40,157.99
1248,24,0,0,0,87.0399996638298,4,4,0,0,40,0,0,40,2.9
1248,24,0,1,0,66.56000018119812,4,4,0,0,40,0,0,40,2.9
1248,24,0,2,0,8.191999979317188,4,4,0,0,40,0,0,40,2.9
1248,24,0,3,0,4.095999989658594,4,4,0,0,40,0,0,40,2.9
1248,40,0,0,1,68.60800087451935,4,4,0,0,40,0,0,40,2.61
1248,40,0,1,1,64.51199948787689,4,4,0,0,40,0,0,40,2.61
1248,40,0,2,1,8.191999979317188,4,4,0,0,40,0,0,40,2.61
1248,40,0,3,1,4.095999989658594,4,4,0,0,40,0,0,40,2.61
1249,2,0,0,0,9.216000325977802,4,4,0,0,40,0,0,40,3.22
1249,2,0,1,0,87.0399996638298,4,4,0,0,40,0,0,40,3.22
1249,2,0,2,0,9.216000325977802,4,4,0,0,40,0,0,40,3.22
1249,2,0,3,0,5.119999870657921,4,4,0,0,40,0,0,40,3.22
1249,24,0,0,0,83.96799862384796,4,4,0,0,40,0,0,40,1.96
1249,24,0,1,0,64.51199948787689,4,4,0,0,40,0,0,40,1.96
1249,24,0,2,0,9.216000325977802,4,4,0,0,40,0,0,40,1.96
1249,24,0,3,0,4.095999989658594,4,4,0,0,40,0,0,40,1.96
1249,40,0,0,1,57.34400078654289,4,4,0,0,40,0,0,40,2.1
1249,40,0,1,1,68.60800087451935,4,4,0,0,40,0,0,40,2.1
1249,40,0,2,1,10.239999741315842,4,4,0,0,40,0,0,40,2.1
1249,40,0,3,1,4.095999989658594,4,4,0,0,40,0,0,40,2.1
1250,2,0,0,0,9.216000325977802,4,4,0,0,40,0,0,40,2.649
1250,2,0,1,0,82.94399827718735,4,4,0,0,40,0,0,40,2.649
1250,2,0,2,0,9.216000325977802,4,4,0,0,40,0,0,40,2.649
1250,2,0,3,0,7.168000098317862,4,4,0,0,40,0,0,40,2.649
1250,24,0,0,0,14.336000196635723,4,4,0,0,40,0,0,40,2.19
1250,24,0,1,0,61.43999844789505,4,4,0,0,40,0,0,40,2.19
1250,24,0,2,0,9.216000325977802,4,4,0,0,40,0,0,40,2.19
1250,24,0,3,0,4.095999989658594,4,4,0,0,40,0,0,40,2.19
1250,40,0,0,1,8.191999979317188,4,4,0,0,40,0,0,40,2.69
1250,40,0,1,1,69.63200122117996,4,4,0,0,40,0,0,40,2.69
1250,40,0,2,1,10.239999741315842,4,4,0,0,40,0,0,40,2.69
1250,40,0,3,1,4.095999989658594,4,4,0,0,40,0,0,40,2.69
1251,2,0,0,0,8.191999979317188,4,4,0,2,38,0,0,40,90.589
1251,2,0,1,0,70.65600156784058,4,4,0,2,38,0,0,40,90.589
1251,2,0,2,0,9.216000325977802,4,4,0,2,38,0,0,40,90.589
1251,2,0,3,0,5.119999870657921,4,4,0,2,38,0,0,40,90.589
1251,24,0,0,0,56.32000043988228,4,4,0,0,40,0,0,40,2.53
1251,24,0,1,0,72.7040022611618,4,4,0,0,40,0,0,40,2.53
1251,24,0,2,0,9.216000325977802,4,4,0,0,40,0,0,40,2.53
1251,24,0,3,0,4.095999989658594,4,4,0,0,40,0,0,40,2.53
1251,40,0,0,1,15.359999611973763,4,4,0,1,39,0,0,40,62.35
1251,40,0,1,1,70.65600156784058,4,4,0,1,39,0,0,40,62.35
1251,40,0,2,1,9.216000325977802,4,4,0,1,39,0,0,40,62.35
1251,40,0,3,1,4.095999989658594,4,4,0,1,39,0,0,40,62.35
1252,2,0,0,0,220.15999257564545,4,4,0,0,40,0,0,40,2.29
1252,2,0,1,0,73.72800260782242,4,4,0,0,40,0,0,40,2.29
1252,2,0,2,0,9.216000325977802,4,4,0,0,40,0,0,40,2.29
1252,2,0,3,0,5.119999870657921,4,4,0,0,40,0,0,40,2.29
1252,24,0,0,0,20.479999482631683,4,4,0,0,40,0,0,40,2.36
1252,24,0,1,0,70.65600156784058,4,4,0,0,40,0,0,40,2.36
1252,24,0,2,0,8.191999979317188,4,4,0,0,40,0,0,40,2.36
1252,24,0,3,0,3.0720001086592674,4,4,0,0,40,0,0,40,2.36
1252,40,0,0,1,47.10400104522705,4,4,0,0,40,0,0,40,2.191
1252,40,0,1,1,88.06400001049042,4,4,0,0,40,0,0,40,2.191
1252,40,0,2,1,10.239999741315842,4,4,0,0,40,0,0,40,2.191
1252,40,0,3,1,4.095999989658594,4,4,0,0,40,0,0,40,2.191
1253,2,0,0,0,8.191999979317188,4,4,0,2,38,0,0,40,87.011
1253,2,0,1,0,72.7040022611618,4,4,0,2,38,0,0,40,87.011
1253,2,0,2,0,8.191999979317188,4,4,0,2,38,0,0,40,87.011
1253,2,0,3,0,6.144000217318535,4,4,0,2,38,0,0,40,87.011
1253,24,0,0,0,8.191999979317188,4,4,0,1,39,0,0,40,50.72
1253,24,0,1,0,67.58400052785873,4,4,0,1,39,0,0,40,50.72
1253,24,0,2,0,9.216000325977802,4,4,0,1,39,0,0,40,50.72
1253,24,0,3,0,4.095999989658594,4,4,0,1,39,0,0,40,50.72
1253,40,0,0,1,8.191999979317188,4,4,0,2,38,0,0,40,67.06
1253,40,0,1,1,71.68000191450119,4,4,0,2,38,0,0,40,67.06
1253,40,0,2,1,8.191999979317188,4,4,0,2,38,0,0,40,67.06
1253,40,0,3,1,3.0720001086592674,4,4,0,2,38,0,0,40,67.06
1254,2,0,0,0,8.191999979317188,2,2,0,0,20,0,0,20,1.4
1254,2,0,1,0,49.15200173854828,2,2,0,0,20,0,0,20,1.4
1254,2,0,2,0,9.216000325977802,2,2,0,0,20,0,0,20,1.4
1254,2,0,3,0,5.119999870657921,2,2,0,0,20,0,0,20,1.4
1254,24,0,0,0,8.191999979317188,2,2,0,0,20,0,0,20,1.08
1254,24,0,1,0,53.247999399900436,2,2,0,0,20,0,0,20,1.08
1254,24,0,2,0,9.216000325977802,2,2,0,0,20,0,0,20,1.08
1254,24,0,3,0,4.095999989658594,2,2,0,0,20,0,0,20,1.08
1254,40,0,0,1,9.216000325977802,2,2,0,0,20,0,0,20,1.27
1254,40,0,1,1,44.03200000524521,2,2,0,0,20,0,0,20,1.27
1254,40,0,2,1,9.216000325977802,2,2,0,0,20,0,0,20,1.27
1254,40,0,3,1,4.095999989658594,2,2,0,0,20,0,0,20,1.27
1255,2,0,0,0,14.336000196635723,4,4,0,2,38,0,0,40,88.88
1255,2,0,1,0,87.0399996638298,4,4,0,2,38,0,0,40,88.88
1255,2,0,2,0,8.191999979317188,4,4,0,2,38,0,0,40,88.88
1255,2,0,3,0,5.119999870657921,4,4,0,2,38,0,0,40,88.88
1255,24,0,0,0,8.191999979317188,4,4,0,0,40,0,0,40,2.19
1255,24,0,1,0,61.43999844789505,4,4,0,0,40,0,0,40,2.19
1255,24,0,2,0,8.191999979317188,4,4,0,0,40,0,0,40,2.19
1255,24,0,3,0,4.095999989658594,4,4,0,0,40,0,0,40,2.19
1255,40,0,0,1,9.216000325977802,4,4,0,0,40,0,0,40,2.011
1255,40,0,1,1,74.75200295448303,4,4,0,0,40,0,0,40,2.011
1255,40,0,2,1,9.216000325977802,4,4,0,0,40,0,0,40,2.011
1255,40,0,3,1,4.095999989658594,4,4,0,0,40,0,0,40,2.011
1256,2,0,0,0,9.216000325977802,2,2,0,0,20,0,0,20,0.95
1256,2,0,1,0,54.27199974656105,2,2,0,0,20,0,0,20,0.95
1256,2,0,2,0,9.216000325977802,2,2,0,0,20,0,0,20,0.95
1256,2,0,3,0,7.168000098317862,2,2,0,0,20,0,0,20,0.95
1256,24,0,0,0,8.191999979317188,2,2,0,0,20,0,0,20,0.77
1256,24,0,1,0,45.05600035190582,2,2,0,0,20,0,0,20,0.77
1256,24,0,2,0,9.216000325977802,2,2,0,0,20,0,0,20,0.77
1256,24,0,3,0,4.095999989658594,2,2,0,0,20,0,0,20,0.77
1256,40,0,0,1,9.216000325977802,2,2,0,0,20,0,0,20,0.66
1256,40,0,1,1,41.98399931192398,2,2,0,0,20,0,0,20,0.66
1256,40,0,2,1,9.216000325977802,2,2,0,0,20,0,0,20,0.66
1256,40,0,3,1,5.119999870657921,2,2,0,0,20,0,0,20,0.66
1257,2,0,0,0,9.216000325977802,4,4,0,1,39,0,0,40,66.209
1257,2,0,1,0,74.75200295448303,4,4,0,1,39,0,0,40,66.209
1257,2,0,2,0,8.191999979317188,4,4,0,1,39,0,0,40,66.209
1257,2,0,3,0,6.144000217318535,4,4,0,1,39,0,0,40,66.209
1257,24,0,0,0,7.168000098317862,4,4,0,1,39,0,0,40,67.571
1257,24,0,1,0,60.416001826524734,4,4,0,1,39,0,0,40,67.571
1257,24,0,2,0,9.216000325977802,4,4,0,1,39,0,0,40,67.571
1257,24,0,3,0,4.095999989658594,4,4,0,1,39,0,0,40,67.571
1257,40,0,0,1,8.191999979317188,4,4,0,0,40,0,0,40,1.48
1257,40,0,1,1,53.247999399900436,4,4,0,0,40,0,0,40,1.48
1257,40,0,2,1,9.216000325977802,4,4,0,0,40,0,0,40,1.48
1257,40,0,3,1,4.095999989658594,4,4,0,0,40,0,0,40,1.48
1258,2,0,0,0,9.216000325977802,1,1,0,0,10,0,0,10,1.04
1258,2,0,1,0,31.74399957060814,1,1,0,0,10,0,0,10,1.04
1258,2,0,2,0,9.216000325977802,1,1,0,0,10,0,0,10,1.04
1258,2,0,3,0,4.095999989658594,1,1,0,0,10,0,0,10,1.04
1258,24,0,0,0,8.191999979317188,1,1,0,0,10,0,0,10,1.23
1258,24,0,1,0,31.74399957060814,1,1,0,0,10,0,0,10,1.23
1258,24,0,2,0,9.216000325977802,1,1,0,0,10,0,0,10,1.23
1258,24,0,3,0,4.095999989658594,1,1,0,0,10,0,0,10,1.23
1258,40,0,0,1,281.5999984741211,1,1,0,0,10,0,0,10,0.7
1258,40,0,1,1,34.81600061058998,1,1,0,0,10,0,0,10,0.7
1258,40,0,2,1,9.216000325977802,1,1,0,0,10,0,0,10,0.7
1258,40,0,3,1,5.119999870657921,1,1,0,0,10,0,0,10,0.7
1259,2,0,0,0,15.359999611973763,4,4,0,3,37,0,0,40,111.08
1259,2,0,1,0,80.89599758386612,4,4,0,3,37,0,0,40,111.08
1259,2,0,2,0,9.216000325977802,4,4,0,3,37,0,0,40,111.08
1259,2,0,3,0,5.119999870657921,4,4,0,3,37,0,0,40,111.08
1259,24,0,0,0,13.311999849975109,4,4,0,0,40,0,0,40,2.77
1259,24,0,1,0,69.63200122117996,4,4,0,0,40,0,0,40,2.77
1259,24,0,2,0,8.191999979317188,4,4,0,0,40,0,0,40,2.77
1259,24,0,3,0,4.095999989658594,4,4,0,0,40,0,0,40,2.77
1259,40,0,0,1,9.216000325977802,4,4,0,1,39,0,0,40,59.68
1259,40,0,1,1,75.77600330114365,4,4,0,1,39,0,0,40,59.68
1259,40,0,2,1,8.191999979317188,4,4,0,1,39,0,0,40,59.68
1259,40,0,3,1,4.095999989658594,4,4,0,1,39,0,0,40,59.68
1260,2,0,0,0,15.359999611973763,4,4,0,1,39,0,0,40,44.85
1260,2,0,1,0,75.77600330114365,4,4,0,1,39,0,0,40,44.85
1260,2,0,2,0,9.216000325977802,4,4,0,1,39,0,0,40,44.85
1260,2,0,3,0,5.119999870657921,4,4,0,1,39,0,0,40,44.85
1260,24,0,0,0,9.216000325977802,4,4,0,1,39,0,0,40,53.78
1260,24,0,1,0,68.60800087451935,4,4,0,1,39,0,0,40,53.78
1260,24,0,2,0,9.216000325977802,4,4,0,1,39,0,0,40,53.78
1260,24,0,3,0,4.095999989658594,4,4,0,1,39,0,0,40,53.78
1260,40,0,0,1,14.336000196635723,4,4,0,2,38,0,0,40,112.72
1260,40,0,1,1,74.75200295448303,4,4,0,2,38,0,0,40,112.72
1260,40,0,2,1,9.216000325977802,4,4,0,2,38,0,0,40,112.72
1260,40,0,3,1,7.168000098317862,4,4,0,2,38,0,0,40,112.72
1261,2,0,0,0,9.216000325977802,4,4,0,1,39,0,0,40,50.48
1261,2,0,1,0,83.96799862384796,4,4,0,1,39,0,0,40,50.48
1261,2,0,2,0,9.216000325977802,4,4,0,1,39,0,0,40,50.48
1261,2,0,3,0,5.119999870657921,4,4,0,1,39,0,0,40,50.48
1261,24,0,0,0,7.168000098317862,4,4,0,0,40,0,0,40,1.729
1261,24,0,1,0,67.58400052785873,4,4,0,0,40,0,0,40,1.729
1261,24,0,2,0,9.216000325977802,4,4,0,0,40,0,0,40,1.729
1261,24,0,3,0,4.095999989658594,4,4,0,0,40,0,0,40,1.729
1261,40,0,0,1,8.191999979317188,4,4,0,0,40,0,0,40,2.049
1261,40,0,1,1,72.7040022611618,4,4,0,0,40,0,0,40,2.049
1261,40,0,2,1,10.239999741315842,4,4,0,0,40,0,0,40,2.049
1261,40,0,3,1,4.095999989658594,4,4,0,0,40,0,0,40,2.049
1262,2,0,0,0,30.719999223947525,1,1,0,0,10,0,0,10,1.15
1262,2,0,1,0,32.76799991726875,1,1,0,0,10,0,0,10,1.15
1262,2,0,2,0,9.216000325977802,1,1,0,0,10,0,0,10,1.15
1262,2,0,3,0,5.119999870657921,1,1,0,0,10,0,0,10,1.15
1262,24,0,0,0,8.191999979317188,1,1,0,0,10,0,0,10,0.67
1262,24,0,1,0,31.74399957060814,1,1,0,0,10,0,0,10,0.67
1262,24,0,2,0,8.191999979317188,1,1,0,0,10,0,0,10,0.67
1262,24,0,3,0,4.095999989658594,1,1,0,0,10,0,0,10,0.67
1262,40,0,0,1,9.216000325977802,1,1,0,0,10,0,0,10,0.59
1262,40,0,1,1,35.840000957250595,1,1,0,0,10,0,0,10,0.59
1262,40,0,2,1,9.216000325977802,1,1,0,0,10,0,0,10,0.59
1262,40,0,3,1,4.095999989658594,1,1,0,0,10,0,0,10,0.59
1263,2,0,0,0,8.191999979317188,4,4,0,1,39,0,0,40,91.49
1263,2,0,1,0,77.82399654388428,4,4,0,1,39,0,0,40,91.49
1263,2,0,2,0,9.216000325977802,4,4,0,1,39,0,0,40,91.49
1263,2,0,3,0,5.119999870657921,4,4,0,1,39,0,0,40,91.49
1263,24,0,0,0,8.191999979317188,4,4,0,0,40,0,0,40,2.259
1263,24,0,1,0,79.8719972372055,4,4,0,0,40,0,0,40,2.259
1263,24,0,2,0,9.216000325977802,4,4,0,0,40,0,0,40,2.259
1263,24,0,3,0,4.095999989658594,4,4,0,0,40,0,0,40,2.259
1263,40,0,0,1,14.336000196635723,4,4,0,0,40,0,0,40,2.309
1263,40,0,1,1,64.51199948787689,4,4,0,0,40,0,0,40,2.309
1263,40,0,2,1,8.191999979317188,4,4,0,0,40,0,0,40,2.309
1263,40,0,3,1,4.095999989658594,4,4,0,0,40,0,0,40,2.309
1264,2,0,0,0,8.191999979317188,4,4,0,3,37,0,0,40,148.049
1264,2,0,1,0,86.01599931716919,4,4,0,3,37,0,0,40,148.049
1264,2,0,2,0,9.216000325977802,4,4,0,3,37,0,0,40,148.049
1264,2,0,3,0,39.93599861860275,4,4,0,3,37,0,0,40,148.049
1264,24,0,0,0,7.168000098317862,4,4,0,0,40,0,0,40,1.94
1264,24,0,1,0,62.463998794555664,4,4,0,0,40,0,0,40,1.94
1264,24,0,2,0,9.216000325977802,4,4,0,0,40,0,0,40,1.94
1264,24,0,3,0,4.095999989658594,4,4,0,0,40,0,0,40,1.94
1264,40,0,0,1,9.216000325977802,4,4,0,0,40,0,0,40,1.79
1264,40,0,1,1,76.80000364780426,4,4,0,0,40,0,0,40,1.79
1264,40,0,2,1,8.191999979317188,4,4,0,0,40,0,0,40,1.79
1264,40,0,3,1,4.095999989658594,4,4,0,0,40,0,0,40,1.79
1265,2,0,0,0,9.216000325977802,4,4,0,0,40,0,0,40,3.04
1265,2,0,1,0,90.11200070381165,4,4,0,0,40,0,0,40,3.04
1265,2,0,2,0,9.216000325977802,4,4,0,0,40,0,0,40,3.04
1265,2,0,3,0,6.144000217318535,4,4,0,0,40,0,0,40,3.04
1265,24,0,0,0,8.191999979317188,4,4,0,0,40,0,0,40,2.65
1265,24,0,1,0,69.63200122117996,4,4,0,0,40,0,0,40,2.65
1265,24,0,2,0,9.216000325977802,4,4,0,0,40,0,0,40,2.65
1265,24,0,3,0,4.095999989658594,4,4,0,0,40,0,0,40,2.65
1265,40,0,0,1,8.191999979317188,4,4,0,0,40,0,0,40,1.95
1265,40,0,1,1,64.51199948787689,4,4,0,0,40,0,0,40,1.95
1265,40,0,2,1,9.216000325977802,4,4,0,0,40,0,0,40,1.95
1265,40,0,3,1,4.095999989658594,4,4,0,0,40,0,0,40,1.95
1266,2,0,0,0,14.336000196635723,4,4,0,3,37,0,0,40,132.369
1266,2,0,1,0,74.75200295448303,4,4,0,3,37,0,0,40,132.369
1266,2,0,2,0,9.216000325977802,4,4,0,3,37,0,0,40,132.369
1266,2,0,3,0,33.79200026392937,4,4,0,3,37,0,0,40,132.369
1266,24,0,0,0,47.10400104522705,4,4,0,0,40,0,0,40,2.93
1266,24,0,1,0,73.72800260782242,4,4,0,0,40,0,0,40,2.93
1266,24,0,2,0,9.216000325977802,4,4,0,0,40,0,0,40,2.93
1266,24,0,3,0,4.095999989658594,4,4,0,0,40,0,0,40,2.93
1266,40,0,0,1,8.191999979317188,4,4,0,0,40,0,0,40,2.3
1266,40,0,1,1,68.60800087451935,4,4,0,0,40,0,0,40,2.3
1266,40,0,2,1,9.216000325977802,4,4,0,0,40,0,0,40,2.3
1266,40,0,3,1,4.095999989658594,4,4,0,0,40,0,0,40,2.3
1267,2,0,0,0,8.191999979317188,4,4,0,0,40,0,0,40,2.26
1267,2,0,1,0,89.08800035715103,4,4,0,0,40,0,0,40,2.26
1267,2,0,2,0,8.191999979317188,4,4,0,0,40,0,0,40,2.26
1267,2,0,3,0,5.119999870657921,4,4,0,0,40,0,0,40,2.26
1267,24,0,0,0,8.191999979317188,4,4,0,0,40,0,0,40,2.509
1267,24,0,1,0,95.23200243711472,4,4,0,0,40,0,0,40,2.509
1267,24,0,2,0,9.216000325977802,4,4,0,0,40,0,0,40,2.509
1267,24,0,3,0,5.119999870657921,4,4,0,0,40,0,0,40,2.509
1267,40,0,0,1,8.191999979317188,4,4,0,0,40,0,0,40,1.511
1267,40,0,1,1,84.99199897050858,4,4,0,0,40,0,0,40,1.511
1267,40,0,2,1,9.216000325977802,4,4,0,0,40,0,0,40,1.511
1267,40,0,3,1,4.095999989658594,4,4,0,0,40,0,0,40,1.511
1268,2,0,0,0,8.191999979317188,4,4,0,4,35,1,0,40,200.479
1268,2,0,1,0,69.63200122117996,4,4,0,4,35,1,0,40,200.479
1268,2,0,2,0,163.83999586105347,4,4,0,4,35,1,0,40,200.479
1268,2,0,3,0,6.144000217318535,4,4,0,4,35,1,0,40,200.479
1268,24,0,0,0,8.191999979317188,4,4,0,3,37,0,0,40,156.489
1268,24,0,1,0,72.7040022611618,4,4,0,3,37,0,0,40,156.489
1268,24,0,2,0,8.191999979317188,4,4,0,3,37,0,0,40,156.489
1268,24,0,3,0,61.43999844789505,4,4,0,3,37,0,0,40,156.489
1268,40,0,0,1,8.191999979317188,4,4,0,0,40,0,0,40,1.82
1268,40,0,1,1,79.8719972372055,4,4,0,0,40,0,0,40,1.82
1268,40,0,2,1,8.191999979317188,4,4,0,0,40,0,0,40,1.82
1268,40,0,3,1,5.119999870657921,4,4,0,0,40,0,0,40,1.82
